compared_at,captured_at,match_date,kickoff,bookmaker,competition,home_team,away_team,is_home,player_id,player_name,canonical_player_name,player_team,opponent,position,position_group,odds_decimal,implied_prob,model_p_atgs,model_fair_odds_atgs,model_lambda,team_expected_npxg,team_share,non_pen_lambda,penalty_lambda,penalty_dependency_share,penalty_dependent,penalty_share,baseline_penalty_share,baseline_penalty_sample,baseline_penalty_source,career_player_penalties,career_team_penalties,career_penalty_share,penalty_evidence_share,penalty_evidence_sample,penalty_evidence_source,penalty_evidence_note,is_penalty_taker,penalty_role,penalty_share_prior,penalty_share_prior_weight,penalty_hierarchy_boost_xg,penalty_transfer,penalty_transfer_from,penalty_transfer_level,lineup_state,lineup_status,lineup_source,lineup_input,lineup_match_name,trust_tier,fixture_corruption_score,fixture_corruption_flags,minutes_estimate,usual_position,usual_position_score,usual_position_share_10,usual_position_matches_10,today_position_group,today_position_score,today_formation,position_change_score,position_upgrade,expected_minutes,recent_matches_8,recent_npxg_8,recent_np_goals_8,recent_npxg_per90_8,finishing_luck_8,last_fixture_avg_xga_3,next_opponent_xga,fixture_swing_3,attack_factor,opp_factor,ev,edge_pct,method,resolver_source,historical_minutes,signal_confidence,legacy_public_action,public_action,public_policy_reason,recommended_stake_units,recommended_stake_band,recommended_stake_label,shadow_action,confidence_reason,team_lineup_status,source,notes
2026-04-11T11:24:48Z,2026-04-10T18:03:27Z,2026-04-10,,Bet365,Spain - LaLiga,Real Madrid,Girona FC,1,3423,Kylian Mbappe,Kylian Mbappe,Real Madrid,Girona FC,FW,FW,1.5,0.666667,0.473831,2.1105,0.6421,1.7594,0.265,0.4663,0.1759,0.2739,0,0.6515,0.7494,7.09,recent_long,18.0,26.0,0.6923,0.0,0.0,,,1,primary,0.42,3.0,0.0089,0,,,unknown,unknown,none,none,,T2,1.0,no_lineup_payload,83.5,FW,5,1.0,9,,,,,0,83.5,8,5.2179,2.0,0.717,-3.2179,1.4869,1.3,0.8743,1.3463,1.0,-0.289253,-28.925,model,history,5094.0,medium,monitor,no_action,,0.0,,,no_action,"history_resolver,no_xi_yet,fixture_t2",,odds_api_io,event_id=61624556;market=Anytime Goalscorer
2026-04-11T11:24:48Z,2026-04-10T18:03:27Z,2026-04-10,,Bet365,Spain - LaLiga,Real Madrid,Girona FC,1,9810,Francisco Garcia,Francisco Garcia,Real Madrid,Girona FC,DL,DL,11.0,0.090909,0.058284,17.1573,0.0601,1.7594,0.0341,0.0601,0.0,0.0,0,0.0,0.0,6.07,recent_long,0.0,19.0,0.0,0.0,0.0,,,0,none,0.0,0.0,0.0,0,,,unknown,unknown,none,none,,T2,1.0,no_lineup_payload,73.8,DL,1,0.75,8,,,,,0,73.8,8,0.8834,1.0,0.1383,0.1166,1.6773,1.3,0.7751,1.3463,1.0,-0.358873,-35.887,model,history,4150.0,medium,monitor,no_action,,0.0,,,no_action,"history_resolver,no_xi_yet,fixture_t2",,odds_api_io,event_id=61624556;market=Anytime Goalscorer
2026-04-11T11:24:48Z,2026-04-10T18:03:27Z,2026-04-10,,Bet365,Spain - LaLiga,Real Madrid,Girona FC,1,13201,Raul Asencio,Raul Asencio,Real Madrid,Girona FC,DC,DC,11.0,0.090909,0.057745,17.3176,0.0595,1.7594,0.0338,0.0595,0.0,0.0,0,0.0,0.0,5.59,recent_long,0.0,15.0,0.0,0.0,0.0,,,0,none,0.0,0.0,0.0,0,,,unknown,unknown,none,none,,T2,1.0,no_lineup_payload,74.9,DC,1,0.8,10,,,,,0,74.9,8,0.9381,2.0,0.1243,1.0619,1.41,1.3,0.922,1.3463,1.0,-0.364806,-36.481,model,history,3007.0,medium,monitor,no_action,,0.0,,,no_action,"history_resolver,no_xi_yet,fixture_t2",,odds_api_io,event_id=61624556;market=Anytime Goalscorer
2026-04-11T11:24:48Z,2026-04-10T18:03:27Z,2026-04-10,,Bet365,Spain - LaLiga,Real Madrid,Girona FC,1,11943,Dean Huijsen,Dean Huijsen,Real Madrid,Girona FC,Sub,Sub,6.5,0.153846,0.084735,11.8015,0.0885,1.7594,0.0503,0.0885,0.0,0.0,0,0.0,0.0,7.35,recent_long,0.0,13.0,0.0,0.0,0.0,,,0,none,0.0,0.0,0.0,0,,,unknown,unknown,none,none,,T2,1.0,no_lineup_payload,73.4,DC,1,1.0,9,,,,,0,73.4,8,0.6044,1.0,0.0879,0.3956,1.7974,1.3,0.7233,1.3463,1.0,-0.449225,-44.922,model,history,1656.0,medium,monitor,no_action,,0.0,,,no_action,"history_resolver,no_xi_yet,fixture_t2",,odds_api_io,event_id=61624556;market=Anytime Goalscorer
2026-04-11T11:24:48Z,2026-04-10T18:03:27Z,2026-04-10,,Bet365,Spain - LaLiga,Real Madrid,Girona FC,1,1822,Antonio Rudiger,Antonio Rudiger,Real Madrid,Girona FC,DC,DC,6.5,0.153846,0.079686,12.5492,0.083,1.7594,0.0472,0.083,0.0,0.0,0,0.0,0.0,5.96,recent_long,0.0,21.0,0.0,0.0,0.0,,,0,none,0.0,0.0,0.0,0,,,unknown,unknown,none,none,,T2,1.0,no_lineup_payload,84.9,DC,1,1.0,9,,,,,0,84.9,8,1.3145,1.0,0.1766,-0.3145,1.7974,1.3,0.7233,1.3463,1.0,-0.482039,-48.204,model,history,6092.0,medium,monitor,no_action,,0.0,,,no_action,"history_resolver,no_xi_yet,fixture_t2",,odds_api_io,event_id=61624556;market=Anytime Goalscorer
2026-04-11T11:24:48Z,2026-04-10T18:03:27Z,2026-04-10,,Bet365,Spain - LaLiga,Real Madrid,Girona FC,1,6233,Ferland Mendy,Ferland Mendy,Real Madrid,Girona FC,Sub,Sub,13.0,0.076923,0.035387,28.2593,0.036,1.7594,0.0205,0.036,0.0,0.0,0,0.0,0.0,3.8,recent_long,0.0,9.0,0.0,0.0,0.0,,,0,none,0.0,0.0,0.0,0,,,unknown,unknown,none,none,,T2,1.0,no_lineup_payload,68.1,DL,1,1.0,7,,,,,0,68.1,8,0.0,0.0,0.0,0.0,1.374,1.3,0.9461,1.3463,1.0,-0.539975,-53.997,model,history,2868.0,medium,monitor,no_action,,0.0,,,no_action,"history_resolver,no_xi_yet,fixture_t2",,odds_api_io,event_id=61624556;market=Anytime Goalscorer
2026-04-11T11:24:48Z,2026-04-10T18:03:27Z,2026-04-10,,Bet365,Spain - LaLiga,Real Madrid,Girona FC,1,8824,Jude Bellingham,Jude Bellingham,Real Madrid,Girona FC,MC,MC,2.5,0.4,0.173355,5.7685,0.1904,1.7594,0.1056,0.1858,0.0046,0.0239,0,0.0199,0.0042,7.64,recent_long,3.0,25.0,0.12,0.0,0.0,,,1,tertiary,0.06,3.0,0.0037,0,,,unknown,unknown,none,none,,T2,1.0,no_lineup_payload,70.6,ML,3,0.5,8,,,,,0,70.6,8,1.7759,1.0,0.3171,-0.7759,1.5241,1.3,0.853,1.3463,1.0,-0.566612,-56.661,model,history,6204.0,medium,monitor,no_action,,0.0,,,no_action,"history_resolver,no_xi_yet,fixture_t2",,odds_api_io,event_id=61624556;market=Anytime Goalscorer
2026-04-11T11:24:48Z,2026-04-10T18:03:27Z,2026-04-10,,Bet365,Spain - LaLiga,Real Madrid,Girona FC,1,7829,Eder Militao,Eder Militao,Real Madrid,Girona FC,DC,DC,6.5,0.153846,0.06662,15.0106,0.0689,1.7594,0.0392,0.0689,0.0,0.0,0,0.0,0.0,5.52,recent_long,0.0,12.0,0.0,0.0,0.0,,,0,none,0.0,0.0,0.0,0,,,unknown,unknown,none,none,,T2,1.0,no_lineup_payload,69.2,DC,1,1.0,8,,,,,0,69.2,8,1.133,1.0,0.1913,-0.133,1.5131,1.3,0.8591,1.3463,1.0,-0.566973,-56.697,model,history,2472.0,medium,monitor,no_action,,0.0,,,no_action,"history_resolver,no_xi_yet,fixture_t2",,odds_api_io,event_id=61624556;market=Anytime Goalscorer
2026-04-11T11:24:48Z,2026-04-10T18:03:27Z,2026-04-10,,Bet365,Spain - LaLiga,Real Madrid,Girona FC,1,7359,Eduardo Camavinga,Eduardo Camavinga,Real Madrid,Girona FC,MC,MC,6.0,0.166667,0.067056,14.913,0.0694,1.7594,0.0395,0.0694,0.0,0.0,0,0.0,0.0,7.79,recent_long,0.0,21.0,0.0,0.0,0.0,,,0,none,0.0,0.0,0.0,0,,,unknown,unknown,none,none,,T2,1.0,no_lineup_payload,63.4,ML,3,0.4444,9,,,,,0,63.4,8,0.0724,0.0,0.0113,-0.0724,1.7974,1.3,0.7233,1.3463,1.0,-0.597667,-59.767,model,history,4136.0,medium,monitor,no_action,,0.0,,,no_action,"history_resolver,no_xi_yet,fixture_t2",,odds_api_io,event_id=61624556;market=Anytime Goalscorer
2026-04-11T11:24:48Z,2026-04-10T18:03:27Z,2026-04-10,,Bet365,Spain - LaLiga,Real Madrid,Girona FC,1,6560,Aurelien Tchouameni,Aurelien Tchouameni,Real Madrid,Girona FC,Sub,Sub,5.0,0.2,0.079761,12.5374,0.0831,1.7594,0.0472,0.0831,0.0,0.0,0,0.0,0.0,6.87,recent_long,0.0,28.0,0.0,0.0,0.0,,,0,none,0.0,0.0,0.0,0,,,unknown,unknown,none,none,,T2,1.0,no_lineup_payload,86.4,MC,3,0.9,10,,,,,0,86.4,8,0.6878,1.0,0.0902,0.3122,1.7974,1.3,0.7233,1.3463,1.0,-0.601195,-60.119,model,history,6951.0,medium,monitor,no_action,,0.0,,,no_action,"history_resolver,no_xi_yet,fixture_t2",,odds_api_io,event_id=61624556;market=Anytime Goalscorer
2026-04-11T11:24:48Z,2026-04-10T18:03:27Z,2026-04-10,,Bet365,Spain - LaLiga,Real Madrid,Girona FC,1,2260,Dani Carvajal,Dani Carvajal,Real Madrid,Girona FC,DR,DR,8.0,0.125,0.046333,21.583,0.0474,1.7594,0.027,0.0474,0.0,0.0,0,0.0,0.0,6.03,recent_long,0.0,14.0,0.0,0.0,0.0,,,0,none,0.0,0.0,0.0,0,,,unknown,unknown,none,none,,T2,1.0,no_lineup_payload,59.6,DR,1,1.0,6,,,,,0,59.6,8,0.2348,0.0,0.0476,-0.2348,1.5748,1.3,0.8255,1.3463,1.0,-0.629339,-62.934,model,history,3455.0,medium,monitor,no_action,,0.0,,,no_action,"history_resolver,no_xi_yet,fixture_t2",,odds_api_io,event_id=61624556;market=Anytime Goalscorer
2026-04-11T11:24:48Z,2026-04-10T18:03:27Z,2026-04-10,,Bet365,Spain - LaLiga,Real Madrid,Girona FC,1,6241,Federico Valverde,Federico Valverde,Real Madrid,Girona FC,MR,MR,3.75,0.266667,0.095599,10.4604,0.1005,1.7594,0.0571,0.1005,0.0,0.0,0,0.0,0.0,7.01,recent_long,0.0,32.0,0.0,0.0,0.0,,,0,none,0.0,0.0,0.0,0,,,unknown,unknown,none,none,,T2,1.0,no_lineup_payload,82.4,MR,3,0.5,10,,,,,0,82.4,8,0.9462,4.0,0.13,3.0538,1.6206,1.3,0.8022,1.3463,1.0,-0.641505,-64.151,model,history,8281.0,medium,monitor,no_action,,0.0,,,no_action,"history_resolver,no_xi_yet,fixture_t2",,odds_api_io,event_id=61624556;market=Anytime Goalscorer
2026-04-11T11:24:48Z,2026-04-10T18:03:27Z,2026-04-10,,Bet365,Spain - LaLiga,Real Madrid,Girona FC,1,12190,Arda Guler,Arda Guler,Real Madrid,Girona FC,Sub,Sub,3.1,0.322581,0.078117,12.8013,0.0813,1.7594,0.0462,0.0813,0.0,0.0,0,0.0,0.0,6.92,recent_long,0.0,27.0,0.0,0.0,0.0,,,0,none,0.0,0.0,0.0,0,,,unknown,unknown,none,none,,T2,1.0,no_lineup_payload,66.4,MC,3,0.5556,9,,,,,0,66.4,8,0.5341,1.0,0.0836,0.4659,1.7974,1.3,0.7233,1.3463,1.0,-0.757836,-75.784,model,history,3591.0,medium,monitor,no_action,,0.0,,,no_action,"history_resolver,no_xi_yet,fixture_t2",,odds_api_io,event_id=61624556;market=Anytime Goalscorer
2026-04-11T11:24:48Z,2026-04-10T18:03:27Z,2026-04-10,,Bet365,Spain - LaLiga,Real Madrid,Girona FC,1,13847,Franco Mastantuono,Franco Mastantuono,Real Madrid,Girona FC,Sub,Sub,3.1,0.322581,0.062177,16.0831,0.0642,1.7594,0.0365,0.0642,0.0,0.0,0,0.0,0.0,4.95,recent_long,0.0,8.0,0.0,0.0,0.0,,,0,none,0.0,0.0,0.0,0,,,unknown,unknown,none,none,,T2,1.0,no_lineup_payload,43.0,FWR,5,0.5,4,,,,,0,43.0,8,0.3136,0.0,0.1238,-0.3136,1.5071,1.3,0.8626,1.3463,1.0,-0.807251,-80.725,model,history,784.0,medium,monitor,no_action,,0.0,,,no_action,"history_resolver,no_xi_yet,fixture_t2",,odds_api_io,event_id=61624556;market=Anytime Goalscorer
2026-04-11T11:24:48Z,2026-04-10T18:03:27Z,2026-04-10,,Bet365,Spain - LaLiga,Real Madrid,Girona FC,1,12035,Gonzalo Garcia,Gonzalo Garcia,Real Madrid,Girona FC,Sub,Sub,1.833,0.545554,0.092553,10.8046,0.0971,1.7594,0.0552,0.0971,0.0,0.0,0,0.0,0.0,5.1,recent_long,0.0,9.0,0.0,0.0,0.0,,,0,none,0.0,0.0,0.0,0,,,unknown,unknown,none,none,,T2,1.0,no_lineup_payload,37.2,FW,5,0.8,5,,,,,0,37.2,8,1.422,1.0,0.3688,-0.422,1.6046,1.3,0.8102,1.3463,1.0,-0.83035,-83.035,model,history,641.0,medium,monitor,no_action,,0.0,,,no_action,"history_resolver,no_xi_yet,fixture_t2",,odds_api_io,event_id=61624556;market=Anytime Goalscorer
2026-04-11T11:24:48Z,2026-04-10T18:03:27Z,2026-04-10,,Bet365,Spain - LaLiga,Real Madrid,Girona FC,1,13848,Thiago Pitarch,Thiago Pitarch,Real Madrid,Girona FC,Sub,Sub,3.1,0.322581,0.049681,20.1285,0.051,1.7594,0.029,0.051,0.0,0.0,0,0.0,0.0,0.94,recent_long,0.0,1.0,0.0,0.0,0.0,,,0,none,0.0,0.0,0.0,0,,,unknown,unknown,none,none,,T2,1.0,no_lineup_payload,59.0,MC,3,0.5,4,,,,,0,59.0,5,0.1912,0.0,0.057,-0.1912,1.7974,1.3,0.7233,1.3463,1.0,-0.84599,-84.599,model,history,302.0,low,suppress,no_action,,0.0,,,no_action,"history_lt_500,fixture_t2",,odds_api_io,event_id=61624556;market=Anytime Goalscorer
2026-04-11T11:24:48Z,2026-04-10T18:03:27Z,2026-04-10,,Bet365,Spain - LaLiga,Real Madrid,Girona FC,1,391,David Alaba,David Alaba,Real Madrid,Girona FC,DC,DC,8.0,0.125,0.018947,52.7783,0.0191,1.7594,0.0109,0.0191,0.0,0.0,0,0.0,0.0,5.71,recent_long,0.0,9.0,0.0,0.0,0.0,,,0,none,0.0,0.0,0.0,0,,,unknown,unknown,none,none,,T2,1.0,no_lineup_payload,37.6,DC,1,1.0,4,,,,,0,37.6,8,0.1817,0.0,0.067,-0.1817,1.3316,1.3,0.9763,1.3463,1.0,-0.848422,-84.842,model,history,1710.0,medium,monitor,no_action,,0.0,,,no_action,"history_resolver,no_xi_yet,fixture_t2",,odds_api_io,event_id=61624556;market=Anytime Goalscorer
2026-04-11T11:24:48Z,2026-04-10T18:03:27Z,2026-04-10,,Bet365,Spain - LaLiga,Real Madrid,Girona FC,1,6421,Brahim Diaz,Brahim Diaz,Real Madrid,Girona FC,ML,ML,3.1,0.322581,0.048301,20.7036,0.0495,1.7594,0.0281,0.0495,0.0,0.0,0,0.0,0.0,5.69,recent_long,0.0,25.0,0.0,0.0,0.0,,,0,none,0.0,0.0,0.0,0,,,unknown,unknown,none,none,,T2,1.0,no_lineup_payload,39.7,FW,5,1.0,4,,,,,0,39.7,8,0.3369,0.0,0.0859,-0.3369,1.7974,1.3,0.7233,1.3463,1.0,-0.850267,-85.027,model,history,3656.0,medium,monitor,no_action,,0.0,,,no_action,"history_resolver,no_xi_yet,fixture_t2",,odds_api_io,event_id=61624556;market=Anytime Goalscorer
2026-04-11T11:24:48Z,2026-04-10T18:03:27Z,2026-04-10,,Bet365,Spain - LaLiga,Real Madrid,Girona FC,1,1791,Trent Alexander-Arnold,Trent Alexander-Arnold,Real Madrid,Girona FC,DR,DR,5.0,0.2,0.025585,39.0849,0.0259,1.7594,0.0147,0.0259,0.0,0.0,0,0.0,0.0,3.44,recent_long,0.0,5.0,0.0,0.0,0.0,,,0,none,0.0,0.0,0.0,0,,,unknown,unknown,none,none,,T2,1.0,no_lineup_payload,52.8,DR,1,0.8571,7,,,,,0,52.8,8,0.1625,0.0,0.0345,-0.1625,1.4529,1.3,0.8947,1.3463,1.0,-0.872073,-87.207,model,history,760.0,medium,monitor,no_action,,0.0,,,no_action,"history_resolver,no_xi_yet,fixture_t2",,odds_api_io,event_id=61624556;market=Anytime Goalscorer
2026-04-11T11:24:48Z,2026-04-10T18:03:27Z,2026-04-10,,Bet365,Spain - LaLiga,Real Madrid,Girona FC,1,2446,Dani Ceballos,Dani Ceballos,Real Madrid,Girona FC,Sub,Sub,5.5,0.181818,0.022303,44.8369,0.0226,1.7594,0.0128,0.0226,0.0,0.0,0,0.0,0.0,8.7,recent_long,0.0,20.0,0.0,0.0,0.0,,,0,none,0.0,0.0,0.0,0,,,unknown,unknown,none,none,,T2,1.0,no_lineup_payload,30.5,MC,3,0.5,2,,,,,0,30.5,8,0.044,0.0,0.0195,-0.044,1.4485,1.3,0.8975,1.3463,1.0,-0.877333,-87.733,model,history,2229.0,medium,monitor,no_action,,0.0,,,no_action,"history_resolver,no_xi_yet,fixture_t2",,odds_api_io,event_id=61624556;market=Anytime Goalscorer
2026-04-11T11:24:48Z,2026-04-11T11:24:20Z,2026-04-11,,Bet365,Spain - LaLiga,Elche CF,Valencia CF,1,11186,Guido Rodriguez,Guido Rodriguez,Elche,Valencia CF,FW,FW,10.0,0.1,0.23287,4.2942,0.2651,1.274,0.2081,0.2651,0.0,0.0,0,0.0,0.0,2.02,recent_long,0.0,7.0,0.0,0.0,0.0,,,0,none,0.0,0.0,0.0,0,,,unknown,unknown,none,none,,T2,1.0,no_lineup_payload,73.8,FW,5,1.0,9,,,,,0,73.8,8,2.8874,1.0,0.4274,-1.8874,1.6302,1.3,0.7974,0.9749,1.0,1.328701,132.87,model,history,2529.0,medium,surface_with_caveat,no_action,,0.0,,,no_action,"history_resolver,no_xi_yet,fixture_t2",,odds_api_io,event_id=61624544;market=Anytime Goalscorer
2026-04-11T11:24:48Z,2026-04-11T11:24:20Z,2026-04-11,,Bet365,Spain - LaLiga,Sevilla FC,Atletico Madrid,0,2278,Jose Maria Gimenez,Jose Maria Gimenez,Atletico Madrid,Sevilla FC,Sub,Sub,19.0,0.052632,0.05892,16.9722,0.0607,1.4061,0.0432,0.0607,0.0,0.0,0,0.0,0.0,1.62,recent_long,0.0,5.0,0.0,0.0,0.0,,,0,none,0.0,0.0,0.0,0,,,unknown,unknown,none,none,,T2,1.0,no_lineup_payload,74.4,DC,1,1.0,7,,,,,0,74.4,8,0.8221,0.0,0.1223,-0.8221,1.2722,1.3,1.0219,1.255,1.0,0.119479,11.947,model,history,4451.0,medium,surface_with_caveat,no_action,,0.0,,,no_action,"history_resolver,no_xi_yet,fixture_t2",,odds_api_io,event_id=61624550;market=Anytime Goalscorer
2026-04-11T11:24:48Z,2026-04-11T11:24:20Z,2026-04-11,,Bet365,Spain - LaLiga,Real Sociedad San Sebastian,Deportivo Alaves,0,6400,Antonio Martinez,Antonio Martinez,Alaves,Real Sociedad San Sebastian,FW,FW,3.4,0.294118,0.325777,3.0696,0.3942,1.4484,0.246,0.3563,0.0378,0.096,0,0.2891,0.0,3.07,recent_long,0.0,14.0,0.0,0.0,0.0,,,1,tertiary,0.4,8.0,0.0378,1,Carlos Vicente,tertiary,starter,confirmed_starter,fotmob_confirmed,confirmed_xi,Toni Martínez,T1,0.0,,85.0,FW,5,1.0,10,FW,5,4-4-2,0,0,85.0,8,3.0065,4.0,0.4075,0.9935,1.4235,1.6479,1.1576,1.0853,1.1912,0.107641,10.764,model,history,3032.0,high,surface,surface,,1.25,core,1.25u Core,shadow_track,"history_resolver,confirmed_starter",Confirmed Lineup,odds_api_io,event_id=61624548;market=Anytime Goalscorer
2026-04-11T11:24:48Z,2026-04-11T11:24:20Z,2026-04-11,,Bet365,Spain - LaLiga,Real Sociedad San Sebastian,Deportivo Alaves,0,14465,Ibrahim Diabate,Ibrahim Diabate,Alaves,Real Sociedad San Sebastian,FW,FW,3.4,0.294118,0.280131,3.5698,0.3287,1.4484,0.2269,0.3287,0.0,0.0,0,0.0,0.0,0.0,none,0.0,0.0,0.0,0.0,0.0,,,0,none,0.0,0.0,0.0,0,,,starter,confirmed_starter,fotmob_confirmed,confirmed_xi,Ibrahim Diabate,T1,0.0,,85.0,FW,5,1.0,1,FW,5,4-4-2,0,0,85.0,2,0.2026,0.0,0.1572,-0.2026,1.3247,1.6479,1.244,1.0853,1.1912,-0.047554,-4.756,fallback,history,116.0,low,suppress,no_action,,0.0,,,no_action,fallback_method,Confirmed Lineup,odds_api_io,event_id=61624548;market=Anytime Goalscorer
2026-04-11T11:24:48Z,2026-04-11T11:24:20Z,2026-04-11,,Bet365,Spain - LaLiga,FC Barcelona,Espanyol Barcelona,1,8091,Ronald Araujo,Ronald Araujo,Barcelona,Espanyol Barcelona,DR,DR,6.5,0.153846,0.143776,6.9553,0.1552,3.1583,0.0491,0.1552,0.0,0.0,0,0.0,0.0,4.02,recent_long,0.0,10.0,0.0,0.0,0.0,,,0,none,0.0,0.0,0.0,0,,,expected_starter,expected_starter,fotmob_expected,expected_xi,Ronald Araujo,T2,0.0,,78.0,DR,1,0.6667,3,DEF,1,4-2-3-1,0,0,78.0,8,1.4585,1.0,0.6596,-0.4585,1.4518,1.8392,1.2669,1.9334,1.25,-0.065459,-6.546,model,history,3610.0,medium,monitor,no_action,,0.0,,,no_action,"history_resolver,expected_xi,fixture_t2",FotMob Expected XI,odds_api_io,event_id=61624540;market=Anytime Goalscorer
2026-04-11T11:24:48Z,2026-04-11T11:24:20Z,2026-04-11,,Bet365,Spain - LaLiga,Real Sociedad San Sebastian,Deportivo Alaves,1,12862,Luka Sucic,Luka Sucic,Real Sociedad,Deportivo Alaves,AMC,AMC,4.0,0.25,0.222544,4.4935,0.2517,1.922,0.131,0.2517,0.0,0.0,0,0.0,0.0,2.83,recent_long,0.0,6.0,0.0,0.0,0.0,,,0,none,0.0,0.0,0.0,0,,,starter,confirmed_starter,fotmob_confirmed,confirmed_xi,Luka Sucic,T1,0.0,,85.0,FW,5,0.6667,6,AM,4,4-2-3-1,-1,0,85.0,8,0.927,2.0,0.202,1.073,1.5677,1.736,1.1074,1.1865,1.2396,-0.109826,-10.983,model,history,2440.0,high,monitor,no_action,,0.0,,,no_action,"history_resolver,confirmed_starter",Confirmed Lineup,odds_api_io,event_id=61624548;market=Anytime Goalscorer
2026-04-11T11:24:48Z,2026-04-11T11:24:20Z,2026-04-11,,Bet365,Spain - LaLiga,Real Sociedad San Sebastian,Deportivo Alaves,0,11825,Abde Rebbach,Abde Rebbach,Alaves,Real Sociedad San Sebastian,Sub,Sub,6.5,0.153846,0.133408,7.4958,0.1432,1.4484,0.0989,0.1432,0.0,0.0,0,0.0,0.0,2.54,recent_long,0.0,8.0,0.0,0.0,0.0,,,0,none,0.0,0.0,0.0,0,,,starter,confirmed_starter,fotmob_confirmed,confirmed_xi,Abderrahman Rebbach,T1,0.0,,85.0,FWL,5,1.0,1,DEF,1,4-4-2,-4,0,85.0,8,1.091,1.0,0.6866,-0.091,1.4235,1.6479,1.1576,1.0853,1.1912,-0.132848,-13.285,model,history,1954.0,high,monitor,no_action,,0.0,,,no_action,"history_resolver,confirmed_starter",Confirmed Lineup,odds_api_io,event_id=61624548;market=Anytime Goalscorer
2026-04-11T11:24:48Z,2026-04-11T11:24:20Z,2026-04-11,,Bet365,Spain - LaLiga,Elche CF,Valencia CF,1,11186,Alvaro Rodriguez,Alvaro Rodriguez,Elche,Valencia CF,FW,FW,3.6,0.277778,0.23287,4.2942,0.2651,1.274,0.2081,0.2651,0.0,0.0,0,0.0,0.0,2.02,recent_long,0.0,7.0,0.0,0.0,0.0,,,0,none,0.0,0.0,0.0,0,,,unknown,unknown,none,none,,T2,1.0,no_lineup_payload,73.8,FW,5,1.0,9,,,,,0,73.8,8,2.8874,1.0,0.4274,-1.8874,1.6302,1.3,0.7974,0.9749,1.0,-0.161668,-16.167,model,history,2529.0,medium,monitor,no_action,,0.0,,,no_action,"history_resolver,no_xi_yet,fixture_t2",,odds_api_io,event_id=61624544;market=Anytime Goalscorer
2026-04-11T11:24:48Z,2026-04-11T11:24:20Z,2026-04-11,,Bet365,Spain - LaLiga,FC Barcelona,Espanyol Barcelona,0,13350,Roberto Fernandez,Roberto Fernandez,Espanyol,FC Barcelona,FW,FW,4.0,0.25,0.209268,4.7786,0.2348,1.0647,0.2015,0.2146,0.0202,0.0861,0,0.4359,0.7931,1.27,recent_long,1.0,8.0,0.125,0.0,0.0,,,1,tertiary,0.36,6.0,0.0033,1,Javi Puado,tertiary,expected_starter,expected_starter,fotmob_expected,expected_xi,Roberto Fernández,T2,0.0,,78.0,FW,5,1.0,5,FW,5,4-2-3-1,0,0,78.0,8,1.2598,1.0,0.3717,-0.2598,1.5183,1.3328,0.8778,0.9335,1.018,-0.162929,-16.293,model,history,3442.0,medium,monitor,no_action,,0.0,,,no_action,"history_resolver,expected_xi,fixture_t2",FotMob Expected XI,odds_api_io,event_id=61624540;market=Anytime Goalscorer
2026-04-11T11:24:48Z,2026-04-11T11:24:20Z,2026-04-11,,Bet365,Spain - LaLiga,Elche CF,Valencia CF,1,13840,Carvalho Martim Neto,Carvalho Martim Neto,Elche,Valencia CF,FW,FW,7.5,0.133333,0.111427,8.9745,0.1181,1.274,0.0927,0.1181,0.0,0.0,0,0.0,0.0,0.0,none,0.0,0.0,0.0,0.0,0.0,,,0,none,0.0,0.0,0.0,0,,,unknown,unknown,none,none,,T2,1.0,no_lineup_payload,56.5,MC,3,0.6667,6,,,,,0,56.5,8,0.0,0.0,0.0,0.0,1.3537,1.3,0.9603,0.9749,1.0,-0.164298,-16.43,model,history,1193.0,medium,monitor,no_action,,0.0,,,no_action,"history_resolver,no_xi_yet,fixture_t2",,odds_api_io,event_id=61624544;market=Anytime Goalscorer
2026-04-11T11:24:48Z,2026-04-11T11:24:20Z,2026-04-11,,Bet365,Spain - LaLiga,FC Barcelona,Espanyol Barcelona,1,8292,Dani Olmo,Dani Olmo,Barcelona,Espanyol Barcelona,FW,FW,2.5,0.4,0.322848,3.0974,0.3899,3.1583,0.1222,0.3858,0.004,0.0103,0,0.0232,0.0232,4.54,recent_long,2.0,12.0,0.1667,0.0,0.0,,,0,none,0.0,0.0,0.001,0,,,unknown,unknown,fotmob_expected,expected_xi,,T2,0.0,,69.4,MC,3,0.6667,9,,,,,0,69.4,8,1.6528,1.0,0.2685,-0.6528,1.4518,1.8392,1.2669,1.9334,1.25,-0.19288,-19.288,model,history,2838.0,medium,monitor,no_action,,0.0,,,no_action,"history_resolver,no_xi_yet,fixture_t2",FotMob Expected XI,odds_api_io,event_id=61624540;market=Anytime Goalscorer
2026-04-11T11:24:48Z,2026-04-11T11:24:20Z,2026-04-11,,Bet365,Spain - LaLiga,Real Sociedad San Sebastian,Deportivo Alaves,1,2228,Aritz Elustondo,Aritz Elustondo,Real Sociedad,Deportivo Alaves,Sub,Sub,8.0,0.125,0.10015,9.985,0.1055,1.922,0.0549,0.1055,0.0,0.0,0,0.0,0.0,2.12,recent_long,0.0,5.0,0.0,0.0,0.0,,,0,none,0.0,0.0,0.0,0,,,starter,confirmed_starter,fotmob_confirmed,confirmed_xi,Aritz Elustondo,T1,0.0,,85.0,DR,1,0.5,4,DEF,1,4-2-3-1,0,0,85.0,8,0.4675,0.0,0.1331,-0.4675,1.6873,1.736,1.0289,1.1865,1.2396,-0.198798,-19.88,model,history,2649.0,high,monitor,no_action,,0.0,,,no_action,"history_resolver,confirmed_starter",Confirmed Lineup,odds_api_io,event_id=61624548;market=Anytime Goalscorer
2026-04-11T11:24:48Z,2026-04-11T11:24:20Z,2026-04-11,,Bet365,Spain - LaLiga,Real Sociedad San Sebastian,Deportivo Alaves,1,6227,Brais Mendez,Brais Mendez,Real Sociedad,Deportivo Alaves,Sub,Sub,3.2,0.3125,0.247613,4.0386,0.2845,1.922,0.1088,0.2092,0.0753,0.2648,0,0.5311,0.3233,2.65,recent_long,1.0,11.0,0.0909,0.0,0.0,,,1,secondary,0.6,8.0,0.046,1,Mikel Oyarzabal,secondary,starter,confirmed_starter,fotmob_confirmed,confirmed_xi,Brais Méndez,T1,0.0,,85.0,FW,5,0.6667,6,AM,4,4-2-3-1,-1,0,85.0,8,1.494,1.0,0.3798,-0.494,1.5677,1.736,1.1074,1.1865,1.2396,-0.207637,-20.764,model,history,5514.0,high,monitor,no_action,,0.0,,,no_action,"history_resolver,confirmed_starter",Confirmed Lineup,odds_api_io,event_id=61624548;market=Anytime Goalscorer
2026-04-11T11:24:48Z,2026-04-11T11:24:20Z,2026-04-11,,Bet365,Spain - LaLiga,Real Sociedad San Sebastian,Deportivo Alaves,0,2280,Castro Jonny Otto,Castro Jonny Otto,Alaves,Real Sociedad San Sebastian,DR,DR,19.0,0.052632,0.039827,25.1087,0.0406,1.4484,0.0281,0.0406,0.0,0.0,0,0.0,0.0,2.95,recent_long,0.0,6.0,0.0,0.0,0.0,,,0,none,0.0,0.0,0.0,0,,,starter,confirmed_starter,fotmob_confirmed,confirmed_xi,Jonny Otto,T1,0.0,,85.0,DR,1,0.6,10,DEF,1,4-4-2,0,0,85.0,8,0.0463,0.0,0.0059,-0.0463,1.4235,1.6479,1.1576,1.0853,1.1912,-0.243292,-24.33,model,history,2556.0,high,monitor,no_action,,0.0,,,no_action,"history_resolver,confirmed_starter",Confirmed Lineup,odds_api_io,event_id=61624548;market=Anytime Goalscorer
2026-04-11T11:24:48Z,2026-04-11T11:24:20Z,2026-04-11,,Bet365,Spain - LaLiga,FC Barcelona,Espanyol Barcelona,1,11527,Lamine Yamal,Lamine Yamal,Barcelona,Espanyol Barcelona,AMR,AMR,2.0,0.5,0.378331,2.6432,0.4753,3.1583,0.1156,0.3651,0.1102,0.2319,0,0.5419,0.2924,4.76,recent_long,3.0,23.0,0.1304,0.0,0.0,,,1,primary,0.74,6.0,0.065,0,,,expected_starter,expected_starter,fotmob_expected,expected_xi,Lamine Yamal,T2,0.0,,81.5,FWR,5,0.5556,9,AM,4,4-2-3-1,-1,0,81.5,8,3.5732,5.0,0.5179,1.4268,1.4518,1.8392,1.2669,1.9334,1.25,-0.243337,-24.334,model,history,7213.0,medium,monitor,no_action,,0.0,,,no_action,"history_resolver,expected_xi,fixture_t2",FotMob Expected XI,odds_api_io,event_id=61624540;market=Anytime Goalscorer
2026-04-11T11:24:48Z,2026-04-11T11:24:20Z,2026-04-11,,Bet365,Spain - LaLiga,FC Barcelona,Espanyol Barcelona,1,11822,Fermin Lopez,Fermin Lopez,Barcelona,Espanyol Barcelona,AMC,AMC,2.875,0.347826,0.262638,3.8075,0.3047,3.1583,0.0965,0.3047,0.0,0.0,0,0.0,0.0,4.49,recent_long,0.0,18.0,0.0,0.0,0.0,,,0,none,0.0,0.0,0.0,0,,,expected_starter,expected_starter,fotmob_expected,expected_xi,Fermín López,T2,0.0,,78.0,MC,3,0.6667,6,AM,4,4-2-3-1,1,0,78.0,8,1.4281,1.0,0.2735,-0.4281,1.4518,1.8392,1.2669,1.9334,1.25,-0.244916,-24.492,model,history,4031.0,medium,monitor,no_action,,0.0,,,no_action,"history_resolver,expected_xi,fixture_t2",FotMob Expected XI,odds_api_io,event_id=61624540;market=Anytime Goalscorer
2026-04-11T11:24:48Z,2026-04-11T11:24:20Z,2026-04-11,,Bet365,Spain - LaLiga,FC Barcelona,Espanyol Barcelona,1,8045,Eric Garcia,Eric Garcia,Barcelona,Espanyol Barcelona,DMC,DMC,7.0,0.142857,0.103838,9.6304,0.1096,3.1583,0.0347,0.1096,0.0,0.0,0,0.0,0.0,3.51,recent_long,0.0,14.0,0.0,0.0,0.0,,,0,none,0.0,0.0,0.0,0,,,expected_starter,expected_starter,fotmob_expected,expected_xi,Eric García,T2,0.0,,85.0,DC,1,0.6,10,DMC,2,4-2-3-1,1,0,85.0,8,0.3263,0.0,0.0419,-0.3263,1.3656,1.8392,1.3468,1.9334,1.25,-0.273132,-27.313,model,history,3809.0,medium,monitor,no_action,,0.0,,,no_action,"history_resolver,expected_xi,fixture_t2",FotMob Expected XI,odds_api_io,event_id=61624540;market=Anytime Goalscorer
2026-04-11T11:24:48Z,2026-04-11T11:24:20Z,2026-04-11,,Bet365,Spain - LaLiga,FC Barcelona,Espanyol Barcelona,0,8861,Urko Gonzalez,Urko Gonzalez,Espanyol Barcelona,FC Barcelona,Sub,Sub,15.0,0.066667,0.047787,20.9263,0.049,1.0647,0.046,0.049,0.0,0.0,0,0.0,0.0,1.72,recent_long,0.0,2.0,0.0,0.0,0.0,,,0,none,0.0,0.0,0.0,0,,,expected_starter,expected_starter,fotmob_expected,expected_xi,Urko González,T2,0.0,,78.0,MC,3,1.0,2,DMC,2,4-2-3-1,-1,0,78.0,5,0.0588,0.0,0.0331,-0.0588,1.3283,1.3328,1.0034,0.9335,1.018,-0.2832,-28.32,model,history,160.0,low,suppress,no_action,,0.0,,,no_action,"history_lt_500,fixture_t2",FotMob Expected XI,odds_api_io,event_id=61624540;market=Anytime Goalscorer
2026-04-11T11:24:48Z,2026-04-11T11:24:20Z,2026-04-11,,Bet365,Spain - LaLiga,Real Sociedad San Sebastian,Deportivo Alaves,1,7308,Ander Barrenetxea,Ander Barrenetxea,Real Sociedad,Deportivo Alaves,AMR,AMR,3.5,0.285714,0.203792,4.907,0.2279,1.922,0.1186,0.2279,0.0,0.0,0,0.0,0.0,2.54,recent_long,0.0,9.0,0.0,0.0,0.0,,,0,none,0.0,0.0,0.0,0,,,starter,confirmed_starter,fotmob_confirmed,confirmed_xi,Ander Barrenetxea,T1,0.0,,85.0,ML,3,0.5,6,AM,4,4-2-3-1,1,0,85.0,8,0.8162,0.0,0.1696,-0.8162,1.5677,1.736,1.1074,1.1865,1.2396,-0.286726,-28.673,model,history,4176.0,high,monitor,no_action,,0.0,,,no_action,"history_resolver,confirmed_starter",Confirmed Lineup,odds_api_io,event_id=61624548;market=Anytime Goalscorer
2026-04-11T11:24:48Z,2026-04-11T11:24:20Z,2026-04-11,,Bet365,Spain - LaLiga,Real Sociedad San Sebastian,Deportivo Alaves,1,7007,Duje Caleta-Car,Duje Caleta-Car,Real Sociedad,Deportivo Alaves,DC,DC,9.5,0.105263,0.072671,13.7607,0.0754,1.922,0.0393,0.0754,0.0,0.0,0,0.0,0.0,1.86,recent_long,0.0,3.0,0.0,0.0,0.0,,,0,none,0.0,0.0,0.0,0,,,starter,confirmed_starter,fotmob_confirmed,confirmed_xi,Duje Caleta-Car,T1,0.0,,85.0,DC,1,1.0,8,DEF,1,4-2-3-1,0,0,85.0,8,0.6459,1.0,0.0974,0.3541,1.5677,1.736,1.1074,1.1865,1.2396,-0.309629,-30.963,model,history,1600.0,high,monitor,no_action,,0.0,,,no_action,"history_resolver,confirmed_starter",Confirmed Lineup,odds_api_io,event_id=61624548;market=Anytime Goalscorer
2026-04-11T11:24:48Z,2026-04-11T11:24:20Z,2026-04-11,,Bet365,Spain - LaLiga,Real Sociedad San Sebastian,Deportivo Alaves,0,12207,Victor Parada,Victor Parada,Alaves,Real Sociedad San Sebastian,DC,DC,15.0,0.066667,0.045282,22.084,0.0463,1.4484,0.032,0.0463,0.0,0.0,0,0.0,0.0,2.24,recent_long,0.0,4.0,0.0,0.0,0.0,,,0,none,0.0,0.0,0.0,0,,,starter,confirmed_starter,fotmob_confirmed,confirmed_xi,Victor Parada,T1,0.0,,85.0,DL,1,0.7,10,DEF,1,4-4-2,0,0,85.0,8,0.2091,0.0,0.0282,-0.2091,1.4235,1.6479,1.1576,1.0853,1.1912,-0.320775,-32.078,model,history,1513.0,high,monitor,no_action,,0.0,,,no_action,"history_resolver,confirmed_starter",Confirmed Lineup,odds_api_io,event_id=61624548;market=Anytime Goalscorer
2026-04-11T11:24:48Z,2026-04-11T11:24:20Z,2026-04-11,,Bet365,Spain - LaLiga,FC Barcelona,Espanyol Barcelona,1,556,Marcus Rashford,Marcus Rashford,Barcelona,Espanyol Barcelona,AML,AML,2.1,0.47619,0.31641,3.1605,0.3804,3.1583,0.1204,0.3804,0.0,0.0,0,0.0,0.0,2.71,recent_long,0.0,6.0,0.0,0.0,0.0,,,0,none,0.0,0.0,0.0,0,,,expected_starter,expected_starter,fotmob_expected,expected_xi,Marcus Rashford,T2,0.0,,78.0,AML,4,0.6,5,AM,4,4-2-3-1,0,0,78.0,8,2.9119,3.0,0.7445,0.0881,1.3448,1.8392,1.3677,1.9334,1.25,-0.33554,-33.554,model,history,1413.0,medium,monitor,no_action,,0.0,,,no_action,"history_resolver,expected_xi,fixture_t2",FotMob Expected XI,odds_api_io,event_id=61624540;market=Anytime Goalscorer
2026-04-11T11:24:48Z,2026-04-11T11:24:20Z,2026-04-11,,Bet365,Spain - LaLiga,FC Barcelona,Espanyol Barcelona,0,5081,Eduardo Exposito,Eduardo Exposito,Espanyol,FC Barcelona,AMC,AMC,7.0,0.142857,0.094683,10.5615,0.0995,1.0647,0.0934,0.0995,0.0,0.0,0,0.0,0.0,1.27,recent_long,0.0,7.0,0.0,0.0,0.0,,,0,none,0.0,0.0,0.0,0,,,expected_starter,expected_starter,fotmob_expected,expected_xi,Edu Expósito,T2,0.0,,78.0,AMC,4,0.625,8,AM,4,4-2-3-1,0,0,78.0,8,0.649,1.0,0.1084,0.351,1.5183,1.3328,0.8778,0.9335,1.018,-0.337216,-33.722,model,history,2991.0,medium,monitor,no_action,,0.0,,,no_action,"history_resolver,expected_xi,fixture_t2",FotMob Expected XI,odds_api_io,event_id=61624540;market=Anytime Goalscorer
2026-04-11T11:24:48Z,2026-04-11T11:24:20Z,2026-04-11,,Bet365,Spain - LaLiga,Real Sociedad San Sebastian,Deportivo Alaves,0,10857,Pablo Ibanez,Pablo Ibanez,Alaves,Real Sociedad San Sebastian,MC,MC,5.5,0.181818,0.118795,8.4179,0.1265,1.4484,0.0873,0.1265,0.0,0.0,0,0.0,0.0,2.33,recent_long,0.0,15.0,0.0,0.0,0.0,,,0,none,0.0,0.0,0.0,0,,,starter,confirmed_starter,fotmob_confirmed,confirmed_xi,Pablo Ibánez,T1,0.0,,85.0,MC,3,1.0,9,MID,3,4-4-2,0,0,85.0,8,0.6458,0.0,0.0993,-0.6458,1.4235,1.6479,1.1576,1.0853,1.1912,-0.346627,-34.663,model,history,4270.0,high,monitor,no_action,,0.0,,,no_action,"history_resolver,confirmed_starter",Confirmed Lineup,odds_api_io,event_id=61624548;market=Anytime Goalscorer
2026-04-11T11:24:48Z,2026-04-11T11:24:20Z,2026-04-11,,Bet365,Spain - LaLiga,FC Barcelona,Espanyol Barcelona,1,6433,Jules Kounde,Jules Kounde,Barcelona,Espanyol Barcelona,Sub,Sub,5.5,0.181818,0.117791,8.4896,0.1253,3.1583,0.0397,0.1253,0.0,0.0,0,0.0,0.0,3.43,recent_long,0.0,20.0,0.0,0.0,0.0,,,0,none,0.0,0.0,0.0,0,,,expected_starter,expected_starter,fotmob_expected,expected_xi,Jules Koundé,T2,0.0,,78.0,DR,1,1.0,8,DEF,1,4-2-3-1,0,0,78.0,8,1.2338,0.0,0.1851,-1.2338,1.5293,1.8392,1.2027,1.9334,1.25,-0.35215,-35.215,model,history,7408.0,medium,monitor,no_action,,0.0,,,no_action,"history_resolver,expected_xi,fixture_t2",FotMob Expected XI,odds_api_io,event_id=61624540;market=Anytime Goalscorer
2026-04-11T11:24:48Z,2026-04-11T11:24:20Z,2026-04-11,,Bet365,Spain - LaLiga,Real Sociedad San Sebastian,Deportivo Alaves,1,13048,Orri Steinn Oskarsson,Orri Steinn Oskarsson,Real Sociedad,Deportivo Alaves,Sub,Sub,2.375,0.421053,0.267229,3.7421,0.3109,1.922,0.1618,0.3109,0.0,0.0,0,0.0,0.0,2.4,recent_long,0.0,4.0,0.0,0.0,0.0,,,0,none,0.0,0.0,0.0,0,,,starter,confirmed_starter,fotmob_confirmed,confirmed_xi,Orri Óskarsson,T1,0.0,,85.0,FW,5,1.0,1,FW,5,4-2-3-1,0,0,85.0,8,1.6846,3.0,0.8566,1.3154,1.5677,1.736,1.1074,1.1865,1.2396,-0.365331,-36.533,model,history,1218.0,high,monitor,no_action,,0.0,,,no_action,"history_resolver,confirmed_starter",Confirmed Lineup,odds_api_io,event_id=61624548;market=Anytime Goalscorer
2026-04-11T11:24:48Z,2026-04-11T11:24:20Z,2026-04-11,,Bet365,Spain - LaLiga,Sevilla FC,Atletico Madrid,0,8417,Alex Baena,Alex Baena,Atletico Madrid,Sevilla FC,FW,FW,5.0,0.2,0.124863,8.0088,0.1334,1.4061,0.0949,0.1334,0.0,0.0,0,0.0,0.0,1.03,recent_long,2.0,15.0,0.1333,0.0,0.0,,,0,none,0.0,0.0,0.0,0,,,unknown,unknown,none,none,,T2,1.0,no_lineup_payload,58.4,ML,3,0.3333,6,,,,,0,58.4,8,0.5149,0.0,0.1044,-0.5149,1.2722,1.3,1.0219,1.255,1.0,-0.375686,-37.569,model,history,6473.0,medium,monitor,no_action,,0.0,,,no_action,"history_resolver,no_xi_yet,fixture_t2",,odds_api_io,event_id=61624550;market=Anytime Goalscorer
2026-04-11T11:24:48Z,2026-04-11T11:24:20Z,2026-04-11,,Bet365,Spain - LaLiga,Real Sociedad San Sebastian,Deportivo Alaves,0,14392,Angel Hidalgo Perez,Angel Hidalgo Perez,Alaves,Real Sociedad San Sebastian,MR,MR,6.5,0.153846,0.095307,10.4924,0.1002,1.4484,0.0692,0.1002,0.0,0.0,0,0.0,0.0,1.83,recent_long,0.0,2.0,0.0,0.0,0.0,,,0,none,0.0,0.0,0.0,0,,,starter,confirmed_starter,fotmob_confirmed,confirmed_xi,Ángel Pérez,T1,0.0,,85.0,MR,3,0.8333,6,MID,3,4-4-2,0,0,85.0,8,0.6905,1.0,0.1073,0.3095,1.4235,1.6479,1.1576,1.0853,1.1912,-0.380506,-38.051,model,history,579.0,high,monitor,no_action,,0.0,,,no_action,"history_resolver,confirmed_starter",Confirmed Lineup,odds_api_io,event_id=61624548;market=Anytime Goalscorer
2026-04-11T11:24:48Z,2026-04-11T11:24:20Z,2026-04-11,,Bet365,Spain - LaLiga,Real Sociedad San Sebastian,Deportivo Alaves,1,9465,Benat Turrientes,Benat Turrientes,Real Sociedad,Deportivo Alaves,DMC,DMC,6.5,0.153846,0.094505,10.5815,0.0993,1.922,0.0517,0.0993,0.0,0.0,0,0.0,0.0,3.37,recent_long,0.0,11.0,0.0,0.0,0.0,,,0,none,0.0,0.0,0.0,0,,,starter,confirmed_starter,fotmob_confirmed,confirmed_xi,Beñat Turrientes,T1,0.0,,85.0,DMC,2,0.6667,6,DMC,2,4-2-3-1,0,0,85.0,8,0.3646,0.0,0.0798,-0.3646,1.516,1.736,1.1451,1.1865,1.2396,-0.385718,-38.572,model,history,3586.0,high,monitor,no_action,,0.0,,,no_action,"history_resolver,confirmed_starter",Confirmed Lineup,odds_api_io,event_id=61624548;market=Anytime Goalscorer
2026-04-11T11:24:48Z,2026-04-11T11:24:20Z,2026-04-11,,Bet365,Spain - LaLiga,FC Barcelona,Espanyol Barcelona,0,6916,Fernando Calero,Fernando Calero,Espanyol,FC Barcelona,Sub,Sub,12.0,0.083333,0.050784,19.6912,0.0521,1.0647,0.049,0.0521,0.0,0.0,0,0.0,0.0,1.93,recent_long,0.0,7.0,0.0,0.0,0.0,,,0,none,0.0,0.0,0.0,0,,,expected_starter,expected_starter,fotmob_expected,expected_xi,Fernando Calero,T2,0.0,,78.0,DC,1,1.0,9,DEF,1,4-2-3-1,0,0,78.0,8,0.1858,0.0,0.0286,-0.1858,1.5197,1.3328,0.877,0.9335,1.018,-0.39059,-39.059,model,history,2279.0,medium,monitor,no_action,,0.0,,,no_action,"history_resolver,expected_xi,fixture_t2",FotMob Expected XI,odds_api_io,event_id=61624540;market=Anytime Goalscorer
2026-04-11T11:24:48Z,2026-04-11T11:24:20Z,2026-04-11,,Bet365,Spain - LaLiga,FC Barcelona,Espanyol Barcelona,1,6441,Ferran Torres,Ferran Torres,Barcelona,Espanyol Barcelona,Sub,Sub,1.833,0.545554,0.331631,3.0154,0.4029,3.1583,0.1276,0.4029,0.0,0.0,0,0.0,0.0,3.5,recent_long,0.0,17.0,0.0,0.0,0.0,,,0,none,0.0,0.0,0.0,0,,,expected_starter,expected_starter,fotmob_expected,expected_xi,Ferran Torres,T2,0.0,,78.0,FW,5,1.0,6,FW,5,4-2-3-1,0,0,78.0,8,3.95,1.0,0.9069,-2.95,1.3448,1.8392,1.3677,1.9334,1.25,-0.39212,-39.212,model,history,3897.0,medium,monitor,no_action,,0.0,,,no_action,"history_resolver,expected_xi,fixture_t2",FotMob Expected XI,odds_api_io,event_id=61624540;market=Anytime Goalscorer
2026-04-11T11:24:48Z,2026-04-11T11:24:20Z,2026-04-11,,Bet365,Spain - LaLiga,Real Sociedad San Sebastian,Deportivo Alaves,1,13267,Arkaitz Mariezkurrena,Arkaitz Mariezkurrena,Real Sociedad,Deportivo Alaves,FW,FW,4.0,0.25,0.136649,7.318,0.1469,1.922,0.0764,0.1469,0.0,0.0,0,0.0,0.0,0.94,recent_long,0.0,1.0,0.0,0.0,0.0,,,0,none,0.0,0.0,0.0,0,,,unknown,unknown,fotmob_confirmed,confirmed_xi,,T1,0.0,,25.1,FW,5,1.0,1,,,,,0,25.1,8,1.1344,2.0,0.5768,0.8656,1.4583,1.736,1.1904,1.1865,1.2396,-0.453404,-45.34,model,history,219.0,low,suppress,no_action,,0.0,,,no_action,history_lt_500,Confirmed Lineup,odds_api_io,event_id=61624548;market=Anytime Goalscorer
2026-04-11T11:24:48Z,2026-04-11T11:24:20Z,2026-04-11,,Bet365,Spain - LaLiga,Real Sociedad San Sebastian,Deportivo Alaves,0,5179,Jon Guridi,Jon Guridi,Alaves,Real Sociedad San Sebastian,ML,ML,5.5,0.181818,0.09717,10.2913,0.1022,1.4484,0.0706,0.1022,0.0,0.0,0,0.0,0.0,4.06,recent_long,1.0,22.0,0.0455,0.0,0.0,,,0,none,0.0,0.0,0.0,0,,,starter,confirmed_starter,fotmob_confirmed,confirmed_xi,Jon Guridi,T1,0.0,,85.0,MC,3,0.5,4,MID,3,4-4-2,0,0,85.0,8,0.4191,0.0,0.1451,-0.4191,1.4235,1.6479,1.1576,1.0853,1.1912,-0.465567,-46.557,model,history,5644.0,high,monitor,no_action,,0.0,,,no_action,"history_resolver,confirmed_starter",Confirmed Lineup,odds_api_io,event_id=61624548;market=Anytime Goalscorer
2026-04-11T11:24:48Z,2026-04-11T11:24:20Z,2026-04-11,,Bet365,Spain - LaLiga,Sevilla FC,Atletico Madrid,0,9796,Giuliano Simeone,Giuliano Simeone,Atletico Madrid,Sevilla FC,MR,MR,6.0,0.166667,0.087556,11.4213,0.0916,1.4061,0.0652,0.0916,0.0,0.0,0,0.0,0.0,1.37,recent_long,1.0,15.0,0.0667,0.0,0.0,,,0,none,0.0,0.0,0.0,0,,,unknown,unknown,none,none,,T2,1.0,no_lineup_payload,67.6,MR,3,0.875,8,,,,,0,67.6,8,0.9901,2.0,0.1764,1.0099,1.2722,1.3,1.0219,1.255,1.0,-0.474667,-47.467,model,history,4565.0,medium,monitor,no_action,,0.0,,,no_action,"history_resolver,no_xi_yet,fixture_t2",,odds_api_io,event_id=61624550;market=Anytime Goalscorer
2026-04-11T11:24:48Z,2026-04-11T11:24:20Z,2026-04-11,,Bet365,Spain - LaLiga,Real Sociedad San Sebastian,Deportivo Alaves,0,9280,Antonio Blanco,Antonio Blanco,Alaves,Real Sociedad San Sebastian,MC,MC,8.0,0.125,0.063296,15.7987,0.0654,1.4484,0.0451,0.0654,0.0,0.0,0,0.0,0.0,3.16,recent_long,0.0,21.0,0.0,0.0,0.0,,,0,none,0.0,0.0,0.0,0,,,starter,confirmed_starter,fotmob_confirmed,confirmed_xi,Antonio Blanco,T1,0.0,,85.0,MC,3,1.0,10,MID,3,4-4-2,0,0,85.0,8,0.1678,0.0,0.0222,-0.1678,1.4235,1.6479,1.1576,1.0853,1.1912,-0.493628,-49.363,model,history,7638.0,high,monitor,no_action,,0.0,,,no_action,"history_resolver,confirmed_starter",Confirmed Lineup,odds_api_io,event_id=61624548;market=Anytime Goalscorer
2026-04-11T11:24:48Z,2026-04-11T11:24:20Z,2026-04-11,,Bet365,Spain - LaLiga,Sevilla FC,Atletico Madrid,0,12323,Santos Fabio Cardoso,Santos Fabio Cardoso,Atletico Madrid,Sevilla FC,MC,MC,13.0,0.076923,0.038102,26.245,0.0388,1.4061,0.0276,0.0388,0.0,0.0,0,0.0,0.0,1.67,recent_long,0.0,9.0,0.0,0.0,0.0,,,0,none,0.0,0.0,0.0,0,,,unknown,unknown,none,none,,T2,1.0,no_lineup_payload,60.9,MC,3,0.75,8,,,,,0,60.9,8,0.0296,0.0,0.0049,-0.0296,1.4933,1.3,0.8706,1.255,1.0,-0.504668,-50.467,model,history,4278.0,medium,monitor,no_action,,0.0,,,no_action,"history_resolver,no_xi_yet,fixture_t2",,odds_api_io,event_id=61624550;market=Anytime Goalscorer
2026-04-11T11:24:48Z,2026-04-11T11:24:20Z,2026-04-11,,Bet365,Spain - LaLiga,Real Sociedad San Sebastian,Deportivo Alaves,1,2478,Barragan Carlos Soler,Barragan Carlos Soler,Real Sociedad,Deportivo Alaves,DMC,DMC,4.0,0.25,0.123253,8.1134,0.1315,1.922,0.0684,0.1315,0.0,0.0,0,0.0,0.0,2.54,recent_long,0.0,5.0,0.0,0.0,0.0,,,0,none,0.0,0.0,0.0,0,,,starter,confirmed_starter,fotmob_confirmed,confirmed_xi,Carlos Soler,T1,0.0,,85.0,MC,3,0.7,10,DMC,2,4-2-3-1,-1,0,85.0,8,0.5986,2.0,0.0792,1.4014,1.5677,1.736,1.1074,1.1865,1.2396,-0.506989,-50.699,model,history,1722.0,high,monitor,no_action,,0.0,,,no_action,"history_resolver,confirmed_starter",Confirmed Lineup,odds_api_io,event_id=61624548;market=Anytime Goalscorer
2026-04-11T11:24:48Z,2026-04-11T11:24:20Z,2026-04-11,,Bet365,Spain - LaLiga,Sevilla FC,Atletico Madrid,0,2269,Jorge Koke,Jorge Koke,Atletico Madrid,Sevilla FC,MC,MC,11.0,0.090909,0.044561,22.4413,0.0456,1.4061,0.0324,0.0456,0.0,0.0,0,0.0,0.0,1.24,recent_long,0.0,14.0,0.0,0.0,0.0,,,0,none,0.0,0.0,0.0,0,,,unknown,unknown,none,none,,T2,1.0,no_lineup_payload,59.8,MC,3,1.0,5,,,,,0,59.8,8,0.1163,0.0,0.0217,-0.1163,1.2722,1.3,1.0219,1.255,1.0,-0.509833,-50.983,model,history,6231.0,medium,monitor,no_action,,0.0,,,no_action,"history_resolver,no_xi_yet,fixture_t2",,odds_api_io,event_id=61624550;market=Anytime Goalscorer
2026-04-11T11:24:48Z,2026-04-11T11:24:20Z,2026-04-11,,Bet365,Spain - LaLiga,Sevilla FC,Atletico Madrid,0,2270,Antoine Griezmann,Antoine Griezmann,Atletico Madrid,Sevilla FC,FW,FW,3.6,0.277778,0.135959,7.3551,0.1461,1.4061,0.1024,0.1439,0.0022,0.015,0,0.1029,0.0,1.37,recent_long,6.0,14.0,0.4286,0.0,0.0,,,1,secondary,0.15,3.0,0.0022,0,,,unknown,unknown,none,none,,T2,1.0,no_lineup_payload,38.7,FW,5,0.6667,3,,,,,0,38.7,8,1.5864,0.0,0.4249,-1.5864,1.2722,1.3,1.0219,1.255,1.0,-0.510547,-51.055,model,history,6193.0,medium,monitor,no_action,,0.0,,,no_action,"history_resolver,no_xi_yet,fixture_t2",,odds_api_io,event_id=61624550;market=Anytime Goalscorer
2026-04-11T11:24:48Z,2026-04-11T11:24:20Z,2026-04-11,,Bet365,Spain - LaLiga,Elche CF,Valencia CF,1,8230,German Valera,German Valera,Elche,Valencia CF,FWR,FWR,4.0,0.25,0.12129,8.2447,0.1293,1.274,0.1015,0.1293,0.0,0.0,0,0.0,0.0,1.76,recent_long,0.0,3.0,0.0,0.0,0.0,,,0,none,0.0,0.0,0.0,0,,,unknown,unknown,none,none,,T2,1.0,no_lineup_payload,87.6,DML,2,0.4,10,,,,,0,87.6,8,0.3028,0.0,0.0388,-0.3028,1.4664,1.3,0.8865,0.9749,1.0,-0.514838,-51.484,model,history,2465.0,medium,monitor,no_action,,0.0,,,no_action,"history_resolver,no_xi_yet,fixture_t2",,odds_api_io,event_id=61624544;market=Anytime Goalscorer
2026-04-11T11:24:48Z,2026-04-11T11:24:20Z,2026-04-11,,Bet365,Spain - LaLiga,Real Sociedad San Sebastian,Deportivo Alaves,1,12182,Jon Aramburu,Jon Aramburu,Real Sociedad,Deportivo Alaves,DR,DR,8.0,0.125,0.060133,16.6299,0.062,1.922,0.0323,0.062,0.0,0.0,0,0.0,0.0,3.32,recent_long,0.0,11.0,0.0,0.0,0.0,,,0,none,0.0,0.0,0.0,0,,,starter,confirmed_starter,fotmob_confirmed,confirmed_xi,Jon Aramburu,T1,0.0,,85.0,DR,1,1.0,9,DEF,1,4-2-3-1,0,0,85.0,8,0.1052,0.0,0.0159,-0.1052,1.5677,1.736,1.1074,1.1865,1.2396,-0.518939,-51.894,model,history,5315.0,high,monitor,no_action,,0.0,,,no_action,"history_resolver,confirmed_starter",Confirmed Lineup,odds_api_io,event_id=61624548;market=Anytime Goalscorer
2026-04-11T11:24:48Z,2026-04-11T11:24:20Z,2026-04-11,,Bet365,Spain - LaLiga,Sevilla FC,Atletico Madrid,0,5050,Clement Lenglet,Clement Lenglet,Atletico Madrid,Sevilla FC,DC,DC,15.0,0.066667,0.032039,31.2116,0.0326,1.4061,0.0232,0.0326,0.0,0.0,0,0.0,0.0,2.74,recent_long,0.0,8.0,0.0,0.0,0.0,,,0,none,0.0,0.0,0.0,0,,,unknown,unknown,none,none,,T2,1.0,no_lineup_payload,78.5,DC,1,1.0,10,,,,,0,78.5,8,0.1078,0.0,0.0158,-0.1078,1.415,1.3,0.9187,1.255,1.0,-0.519409,-51.941,model,history,3002.0,medium,monitor,no_action,,0.0,,,no_action,"history_resolver,no_xi_yet,fixture_t2",,odds_api_io,event_id=61624550;market=Anytime Goalscorer
2026-04-11T11:24:48Z,2026-04-11T11:24:20Z,2026-04-11,,Bet365,Spain - LaLiga,Elche CF,Valencia CF,1,7842,Aleix Febas,Aleix Febas,Elche,Valencia CF,MC,MC,7.5,0.133333,0.063673,15.7052,0.0658,1.274,0.0486,0.0619,0.0038,0.0585,0,0.0377,0.0,1.77,recent_long,0.0,3.0,0.0,0.0,0.0,,,1,tertiary,0.06,3.0,0.0038,0,,,unknown,unknown,none,none,,T2,1.0,no_lineup_payload,87.0,MC,3,1.0,10,,,,,0,87.0,8,0.2318,0.0,0.0303,-0.2318,1.4664,1.3,0.8865,0.9749,1.0,-0.522451,-52.245,model,history,2573.0,medium,monitor,no_action,,0.0,,,no_action,"history_resolver,no_xi_yet,fixture_t2",,odds_api_io,event_id=61624544;market=Anytime Goalscorer
2026-04-11T11:24:48Z,2026-04-11T11:24:20Z,2026-04-11,,Bet365,Spain - LaLiga,Elche CF,Valencia CF,1,2589,Rafa Mir,Rafa Mir,Elche,Valencia CF,FWL,FWL,2.625,0.380952,0.176901,5.6529,0.1947,1.274,0.1261,0.1606,0.0341,0.175,0,0.459,0.5123,2.2,recent_long,2.0,6.0,0.3333,0.0,0.0,,,1,primary,0.42,3.0,0.0115,0,,,unknown,unknown,none,none,,T2,1.0,no_lineup_payload,63.3,FW,5,0.8571,7,,,,,0,63.3,8,1.0177,1.0,0.2196,-0.0177,1.4664,1.3,0.8865,0.9749,1.0,-0.535635,-53.563,model,history,2737.0,medium,monitor,no_action,,0.0,,,no_action,"history_resolver,no_xi_yet,fixture_t2",,odds_api_io,event_id=61624544;market=Anytime Goalscorer
2026-04-11T11:24:48Z,2026-04-11T11:24:20Z,2026-04-11,,Bet365,Spain - LaLiga,Sevilla FC,Atletico Madrid,0,10494,Pablo Barrios,Pablo Barrios,Atletico Madrid,Sevilla FC,MC,MC,8.0,0.125,0.057577,17.3681,0.0593,1.4061,0.0422,0.0593,0.0,0.0,0,0.0,0.0,1.72,recent_long,0.0,11.0,0.0,0.0,0.0,,,0,none,0.0,0.0,0.0,0,,,unknown,unknown,none,none,,T2,1.0,no_lineup_payload,74.4,MC,3,0.7778,9,,,,,0,74.4,8,0.3108,0.0,0.0457,-0.3108,1.7106,1.3,0.76,1.255,1.0,-0.539386,-53.939,model,history,5509.0,medium,monitor,no_action,,0.0,,,no_action,"history_resolver,no_xi_yet,fixture_t2",,odds_api_io,event_id=61624550;market=Anytime Goalscorer
2026-04-11T11:24:48Z,2026-04-11T11:24:20Z,2026-04-11,,Bet365,Spain - LaLiga,Sevilla FC,Atletico Madrid,0,7276,Robin Le Normand,Robin Le Normand,Atletico Madrid,Sevilla FC,DC,DC,19.0,0.052632,0.022976,43.5229,0.0232,1.4061,0.0165,0.0232,0.0,0.0,0,0.0,0.0,1.5,recent_long,0.0,9.0,0.0,0.0,0.0,,,0,none,0.0,0.0,0.0,0,,,unknown,unknown,none,none,,T2,1.0,no_lineup_payload,53.3,DC,1,1.0,4,,,,,0,53.3,8,0.0,0.0,0.0,0.0,1.4746,1.3,0.8816,1.255,1.0,-0.563448,-56.345,model,history,6027.0,medium,monitor,no_action,,0.0,,,no_action,"history_resolver,no_xi_yet,fixture_t2",,odds_api_io,event_id=61624550;market=Anytime Goalscorer
2026-04-11T11:24:48Z,2026-04-11T11:24:20Z,2026-04-11,,Bet365,Spain - LaLiga,FC Barcelona,Espanyol Barcelona,1,7781,Frenkie de Jong,Frenkie de Jong,Barcelona,Espanyol Barcelona,DMC,DMC,4.5,0.222222,0.096611,10.3508,0.1016,3.1583,0.0322,0.1016,0.0,0.0,0,0.0,0.0,4.53,recent_long,0.0,14.0,0.0,0.0,0.0,,,0,none,0.0,0.0,0.0,0,,,unknown,unknown,fotmob_expected,expected_xi,,T2,0.0,,79.4,MC,3,0.5,8,,,,,0,79.4,8,0.8556,1.0,0.1198,0.1444,1.7653,1.8392,1.0419,1.9334,1.25,-0.565251,-56.525,model,history,4236.0,medium,monitor,no_action,,0.0,,,no_action,"history_resolver,no_xi_yet,fixture_t2",FotMob Expected XI,odds_api_io,event_id=61624540;market=Anytime Goalscorer
2026-04-11T11:24:48Z,2026-04-11T11:24:20Z,2026-04-11,,Bet365,Spain - LaLiga,Sevilla FC,Atletico Madrid,0,14323,Julio Diaz,Julio Diaz,Atletico Madrid,Sevilla FC,DL,DL,11.0,0.090909,0.039235,25.4873,0.04,1.4061,0.0285,0.04,0.0,0.0,0,0.0,0.0,0.0,none,0.0,0.0,0.0,0.0,0.0,,,0,none,0.0,0.0,0.0,0,,,unknown,unknown,none,none,,T2,1.0,no_lineup_payload,90.0,DL,1,1.0,1,,,,,0,90.0,1,0.0328,0.0,0.0328,-0.0328,1.8468,1.3,0.7039,1.255,1.0,-0.568413,-56.841,fallback,history,90.0,low,suppress,no_action,,0.0,,,no_action,"fallback_method,fixture_t2",,odds_api_io,event_id=61624550;market=Anytime Goalscorer
2026-04-11T11:24:48Z,2026-04-11T11:24:20Z,2026-04-11,,Bet365,Spain - LaLiga,Sevilla FC,Atletico Madrid,0,10846,Julian Alvarez,Julian Alvarez,Atletico Madrid,Sevilla FC,FW,FW,2.875,0.347826,0.145953,6.8515,0.1578,1.4061,0.1042,0.1466,0.0112,0.071,0,0.3786,0.2783,1.24,recent_long,7.0,10.0,0.7,0.0,0.0,,,1,primary,0.42,3.0,0.0075,0,,,unknown,unknown,none,none,,T2,1.0,no_lineup_payload,53.8,FW,5,1.0,4,,,,,0,53.8,8,1.3029,1.0,0.3312,-0.3029,1.2909,1.3,1.0071,1.255,1.0,-0.580386,-58.039,model,history,4469.0,medium,monitor,no_action,,0.0,,,no_action,"history_resolver,no_xi_yet,fixture_t2",,odds_api_io,event_id=61624550;market=Anytime Goalscorer
2026-04-11T11:24:48Z,2026-04-11T11:24:20Z,2026-04-11,,Bet365,Spain - LaLiga,Sevilla FC,Atletico Madrid,0,12323,Johnny Cardoso,Johnny Cardoso,Atletico Madrid,Sevilla FC,MC,MC,11.0,0.090909,0.038102,26.245,0.0388,1.4061,0.0276,0.0388,0.0,0.0,0,0.0,0.0,1.67,recent_long,0.0,9.0,0.0,0.0,0.0,,,0,none,0.0,0.0,0.0,0,,,unknown,unknown,none,none,,T2,1.0,no_lineup_payload,60.9,MC,3,0.75,8,,,,,0,60.9,8,0.0296,0.0,0.0049,-0.0296,1.4933,1.3,0.8706,1.255,1.0,-0.580873,-58.087,model,history,4278.0,medium,monitor,no_action,,0.0,,,no_action,"history_resolver,no_xi_yet,fixture_t2",,odds_api_io,event_id=61624550;market=Anytime Goalscorer
2026-04-11T11:24:48Z,2026-04-11T11:24:20Z,2026-04-11,,Bet365,Spain - LaLiga,FC Barcelona,Espanyol Barcelona,0,13350,Toni Fernandez,Toni Fernandez,Espanyol,FC Barcelona,FW,FW,2.0,0.5,0.209268,4.7786,0.2348,1.0647,0.2015,0.2146,0.0202,0.0861,0,0.4359,0.7931,1.27,recent_long,1.0,8.0,0.125,0.0,0.0,,,1,tertiary,0.36,6.0,0.0033,1,Javi Puado,tertiary,expected_starter,expected_starter,fotmob_expected,expected_xi,Roberto Fernández,T2,0.0,,78.0,FW,5,1.0,5,FW,5,4-2-3-1,0,0,78.0,8,1.2598,1.0,0.3717,-0.2598,1.5183,1.3328,0.8778,0.9335,1.018,-0.581464,-58.146,model,history,3442.0,medium,monitor,no_action,,0.0,,,no_action,"history_resolver,expected_xi,fixture_t2",FotMob Expected XI,odds_api_io,event_id=61624540;market=Anytime Goalscorer
2026-04-11T11:24:48Z,2026-04-11T11:24:20Z,2026-04-11,,Bet365,Spain - LaLiga,Sevilla FC,Atletico Madrid,0,2518,Marcos Llorente,Marcos Llorente,Atletico Madrid,Sevilla FC,DR,DR,11.0,0.090909,0.037657,26.5555,0.0384,1.4061,0.0273,0.0384,0.0,0.0,0,0.0,0.0,1.55,recent_long,0.0,15.0,0.0,0.0,0.0,,,0,none,0.0,0.0,0.0,0,,,unknown,unknown,none,none,,T2,1.0,no_lineup_payload,61.8,DR,1,0.6667,6,,,,,0,61.8,8,0.5591,0.0,0.1218,-0.5591,1.2909,1.3,1.0071,1.255,1.0,-0.585773,-58.577,model,history,6952.0,medium,monitor,no_action,,0.0,,,no_action,"history_resolver,no_xi_yet,fixture_t2",,odds_api_io,event_id=61624550;market=Anytime Goalscorer
2026-04-11T11:24:48Z,2026-04-11T11:24:20Z,2026-04-11,,Bet365,Spain - LaLiga,FC Barcelona,Espanyol Barcelona,1,227,Robert Lewandowski,Robert Lewandowski,Barcelona,Espanyol Barcelona,Sub,Sub,1.8,0.555556,0.228828,4.3701,0.2598,3.1583,0.0763,0.241,0.0188,0.0723,0,0.1686,0.1686,4.96,recent_long,11.0,22.0,0.5,0.0,0.0,,,1,secondary,0.0,0.0,0.0044,0,,,unknown,unknown,fotmob_expected,expected_xi,,T2,0.0,,44.7,FW,5,1.0,5,,,,,0,44.7,8,3.5037,3.0,0.8883,-0.5037,1.4518,1.8392,1.2669,1.9334,1.25,-0.58811,-58.811,model,history,6666.0,medium,monitor,no_action,,0.0,,,no_action,"history_resolver,no_xi_yet,fixture_t2",FotMob Expected XI,odds_api_io,event_id=61624540;market=Anytime Goalscorer
2026-04-11T11:24:48Z,2026-04-11T11:24:20Z,2026-04-11,,Bet365,Spain - LaLiga,FC Barcelona,Espanyol Barcelona,0,6168,Leandro Cabrera,Leandro Cabrera,Espanyol,FC Barcelona,DC,DC,8.5,0.117647,0.046577,21.4699,0.0477,1.0647,0.0448,0.0477,0.0,0.0,0,0.0,0.0,1.42,recent_long,0.0,9.0,0.0,0.0,0.0,,,0,none,0.0,0.0,0.0,0,,,expected_starter,expected_starter,fotmob_expected,expected_xi,Leandro Cabrera,T2,0.0,,90.0,DC,1,1.0,10,DEF,1,4-2-3-1,0,0,90.0,8,0.2512,1.0,0.0314,0.7488,1.5183,1.3328,0.8778,0.9335,1.018,-0.604097,-60.41,model,history,5488.0,medium,monitor,no_action,,0.0,,,no_action,"history_resolver,expected_xi,fixture_t2",FotMob Expected XI,odds_api_io,event_id=61624540;market=Anytime Goalscorer
2026-04-11T11:24:48Z,2026-04-11T11:24:20Z,2026-04-11,,Bet365,Spain - LaLiga,Sevilla FC,Atletico Madrid,0,8872,Matteo Ruggeri,Matteo Ruggeri,Atletico Madrid,Sevilla FC,Sub,Sub,13.0,0.076923,0.030444,32.8475,0.0309,1.4061,0.022,0.0309,0.0,0.0,0,0.0,0.0,0.79,recent_long,0.0,2.0,0.0,0.0,0.0,,,0,none,0.0,0.0,0.0,0,,,unknown,unknown,none,none,,T2,1.0,no_lineup_payload,69.7,DL,1,0.8889,9,,,,,0,69.7,8,0.0161,0.0,0.0024,-0.0161,1.3524,1.3,0.9612,1.255,1.0,-0.604232,-60.423,model,history,1368.0,medium,monitor,no_action,,0.0,,,no_action,"history_resolver,no_xi_yet,fixture_t2",,odds_api_io,event_id=61624550;market=Anytime Goalscorer
2026-04-11T11:24:48Z,2026-04-11T11:24:20Z,2026-04-11,,Bet365,Spain - LaLiga,FC Barcelona,Espanyol Barcelona,1,2379,Joao Cancelo,Joao Cancelo,Barcelona,Espanyol Barcelona,DL,DL,5.0,0.2,0.07889,12.6759,0.0822,3.1583,0.026,0.0822,0.0,0.0,0,0.0,0.0,3.9,recent_long,0.0,9.0,0.0,0.0,0.0,,,0,none,0.0,0.0,0.0,0,,,unknown,unknown,fotmob_expected,expected_xi,,T2,0.0,,72.4,DL,1,1.0,8,,,,,0,72.4,8,0.8057,1.0,0.1392,0.1943,1.4518,1.8392,1.2669,1.9334,1.25,-0.60555,-60.555,model,history,3043.0,medium,monitor,no_action,,0.0,,,no_action,"history_resolver,no_xi_yet,fixture_t2",FotMob Expected XI,odds_api_io,event_id=61624540;market=Anytime Goalscorer
2026-04-11T11:24:48Z,2026-04-11T11:24:20Z,2026-04-11,,Bet365,Spain - LaLiga,FC Barcelona,Espanyol Barcelona,0,11402,Carlos Romero,Carlos Romero,Espanyol,FC Barcelona,DL,DL,8.5,0.117647,0.04541,22.0215,0.0465,1.0647,0.0436,0.0465,0.0,0.0,0,0.0,0.0,1.51,recent_long,0.0,11.0,0.0,0.0,0.0,,,0,none,0.0,0.0,0.0,0,,,expected_starter,expected_starter,fotmob_expected,expected_xi,Carlos Romero,T2,0.0,,89.8,DL,1,1.0,10,DEF,1,4-2-3-1,0,0,89.8,8,0.4033,1.0,0.0504,0.5967,1.5183,1.3328,0.8778,0.9335,1.018,-0.614014,-61.401,model,history,5320.0,medium,monitor,no_action,,0.0,,,no_action,"history_resolver,expected_xi,fixture_t2",FotMob Expected XI,odds_api_io,event_id=61624540;market=Anytime Goalscorer
2026-04-11T11:24:48Z,2026-04-11T11:24:20Z,2026-04-11,,Bet365,Spain - LaLiga,FC Barcelona,Espanyol Barcelona,0,7916,Pol Lozano,Pol Lozano,Espanyol,FC Barcelona,MC,MC,7.5,0.133333,0.051457,19.4337,0.0528,1.0647,0.0496,0.0528,0.0,0.0,0,0.0,0.0,1.65,recent_long,0.0,7.0,0.0,0.0,0.0,,,0,none,0.0,0.0,0.0,0,,,expected_starter,expected_starter,fotmob_expected,expected_xi,Pol Lozano,T2,0.0,,78.0,MC,3,0.5556,9,DMC,2,4-2-3-1,-1,0,78.0,8,0.3712,0.0,0.0603,-0.3712,1.6845,1.3328,0.7912,0.9335,1.018,-0.614072,-61.407,model,history,3941.0,medium,monitor,no_action,,0.0,,,no_action,"history_resolver,expected_xi,fixture_t2",FotMob Expected XI,odds_api_io,event_id=61624540;market=Anytime Goalscorer
2026-04-11T11:24:48Z,2026-04-11T11:24:20Z,2026-04-11,,Bet365,Spain - LaLiga,FC Barcelona,Espanyol Barcelona,1,8935,Pedri,Pedri,Barcelona,Espanyol Barcelona,DMC,DMC,4.0,0.25,0.095107,10.5144,0.0999,3.1583,0.0316,0.0999,0.0,0.0,0,0.0,0.0,4.29,recent_long,0.0,18.0,0.0,0.0,0.0,,,0,none,0.0,0.0,0.0,0,,,unknown,unknown,fotmob_expected,expected_xi,,T2,0.0,,63.2,DMC,2,0.6667,6,,,,,0,63.2,8,1.1219,0.0,0.2343,-1.1219,1.4518,1.8392,1.2669,1.9334,1.25,-0.619571,-61.957,model,history,5975.0,medium,monitor,no_action,,0.0,,,no_action,"history_resolver,no_xi_yet,fixture_t2",FotMob Expected XI,odds_api_io,event_id=61624540;market=Anytime Goalscorer
2026-04-11T11:24:48Z,2026-04-11T11:24:20Z,2026-04-11,,Bet365,Spain - LaLiga,Sevilla FC,Atletico Madrid,0,6531,Alexander Sorloth,Alexander Sorloth,Atletico Madrid,Sevilla FC,Sub,Sub,2.6,0.384615,0.141586,7.0628,0.1527,1.4061,0.1075,0.1512,0.0015,0.0097,0,0.044,0.0,1.09,recent_long,1.0,16.0,0.0625,0.0,0.0,,,1,tertiary,0.06,3.0,0.0015,0,,,unknown,unknown,none,none,,T2,1.0,no_lineup_payload,61.4,FW,5,1.0,7,,,,,0,61.4,8,2.8171,3.0,0.5101,0.1829,1.2722,1.3,1.0219,1.255,1.0,-0.631876,-63.188,model,history,5596.0,medium,monitor,no_action,,0.0,,,no_action,"history_resolver,no_xi_yet,fixture_t2",,odds_api_io,event_id=61624550;market=Anytime Goalscorer
2026-04-11T11:24:48Z,2026-04-11T11:24:20Z,2026-04-11,,Bet365,Spain - LaLiga,FC Barcelona,Espanyol Barcelona,1,9804,Pablo Martin Gavi,Pablo Martin Gavi,Barcelona,Espanyol Barcelona,DMC,DMC,4.0,0.25,0.091654,10.9106,0.0961,3.1583,0.0304,0.0961,0.0,0.0,0,0.0,0.0,3.35,recent_long,0.0,7.0,0.0,0.0,0.0,,,0,none,0.0,0.0,0.0,0,,,expected_starter,expected_starter,fotmob_expected,expected_xi,Gavi,T2,0.0,,78.0,DMC,2,0.6667,6,DMC,2,4-2-3-1,0,0,78.0,8,0.3618,0.0,0.0824,-0.3618,1.2209,1.8392,1.5065,1.9334,1.25,-0.633383,-63.338,model,history,2018.0,medium,monitor,no_action,,0.0,,,no_action,"history_resolver,expected_xi,fixture_t2",FotMob Expected XI,odds_api_io,event_id=61624540;market=Anytime Goalscorer
2026-04-11T11:24:48Z,2026-04-11T11:24:20Z,2026-04-11,,Bet365,Spain - LaLiga,FC Barcelona,Espanyol Barcelona,1,14129,Xavi Espart,Xavi Espart,Barcelona,Espanyol Barcelona,Sub,Sub,7.0,0.142857,0.0516,19.3797,0.053,3.1583,0.0168,0.053,0.0,0.0,0,0.0,0.0,0.0,none,0.0,0.0,0.0,0.0,0.0,,,0,none,0.0,0.0,0.0,0,,,unknown,unknown,fotmob_expected,expected_xi,,T2,0.0,,44.1,DR,1,1.0,1,,,,,0,44.1,2,0.0,0.0,0.0,0.0,1.4925,1.8392,1.2323,1.9334,1.25,-0.638797,-63.88,fallback,history,91.0,low,suppress,no_action,,0.0,,,no_action,"fallback_method,fixture_t2",FotMob Expected XI,odds_api_io,event_id=61624540;market=Anytime Goalscorer
2026-04-11T11:24:48Z,2026-04-11T11:24:20Z,2026-04-11,,Bet365,Spain - LaLiga,Sevilla FC,Atletico Madrid,0,7074,Nicolas Gonzalez,Nicolas Gonzalez,Atletico Madrid,Sevilla FC,DL,DL,4.333,0.230787,0.082064,12.1856,0.0856,1.4061,0.0609,0.0856,0.0,0.0,0,0.0,0.0,1.04,recent_long,0.0,3.0,0.0,0.0,0.0,,,0,none,0.0,0.0,0.0,0,,,unknown,unknown,none,none,,T2,1.0,no_lineup_payload,58.2,ML,3,0.7143,7,,,,,0,58.2,8,1.9649,2.0,0.4142,0.0351,1.2722,1.3,1.0219,1.255,1.0,-0.644416,-64.442,model,history,1364.0,medium,monitor,no_action,,0.0,,,no_action,"history_resolver,no_xi_yet,fixture_t2",,odds_api_io,event_id=61624550;market=Anytime Goalscorer
2026-04-11T11:24:48Z,2026-04-11T11:24:20Z,2026-04-11,,Bet365,Spain - LaLiga,Real Sociedad San Sebastian,Deportivo Alaves,0,10364,Nahuel Tenaglia,Nahuel Tenaglia,Alaves,Real Sociedad San Sebastian,DC,DC,12.0,0.083333,0.028757,34.7746,0.0292,1.4484,0.0201,0.0292,0.0,0.0,0,0.0,0.0,3.58,recent_long,0.0,21.0,0.0,0.0,0.0,,,0,none,0.0,0.0,0.0,0,,,starter,confirmed_starter,fotmob_confirmed,confirmed_xi,Nahuel Tenaglia,T1,0.0,,85.0,DC,1,0.6,10,DEF,1,4-4-2,0,0,85.0,8,0.1155,0.0,0.0144,-0.1155,1.4235,1.6479,1.1576,1.0853,1.1912,-0.65492,-65.492,model,history,6561.0,high,monitor,no_action,,0.0,,,no_action,"history_resolver,confirmed_starter",Confirmed Lineup,odds_api_io,event_id=61624548;market=Anytime Goalscorer
2026-04-11T11:24:48Z,2026-04-11T11:24:20Z,2026-04-11,,Bet365,Spain - LaLiga,FC Barcelona,Espanyol Barcelona,0,10875,Omar El Hilali,Omar El Hilali,Espanyol,FC Barcelona,DR,DR,19.0,0.052632,0.018047,55.4102,0.0182,1.0647,0.0171,0.0182,0.0,0.0,0,0.0,0.0,1.55,recent_long,0.0,9.0,0.0,0.0,0.0,,,0,none,0.0,0.0,0.0,0,,,expected_starter,expected_starter,fotmob_expected,expected_xi,Omar El Hilali,T2,0.0,,87.1,DR,1,1.0,10,DEF,1,4-2-3-1,0,0,87.1,8,0.0,0.0,0.0,0.0,1.5183,1.3328,0.8778,0.9335,1.018,-0.657103,-65.711,model,history,5388.0,medium,monitor,no_action,,0.0,,,no_action,"history_resolver,expected_xi,fixture_t2",FotMob Expected XI,odds_api_io,event_id=61624540;market=Anytime Goalscorer
2026-04-11T11:24:48Z,2026-04-11T11:24:20Z,2026-04-11,,Bet365,Spain - LaLiga,Elche CF,Valencia CF,1,6170,Miguel Andre Silva,Miguel Andre Silva,Elche,Valencia CF,Sub,Sub,2.625,0.380952,0.127848,7.8218,0.1368,1.274,0.0923,0.1177,0.0191,0.1399,0,0.2825,0.4712,2.11,recent_long,2.0,4.0,0.5,0.0,0.0,,,1,secondary,0.15,3.0,0.0005,0,,,unknown,unknown,none,none,,T2,1.0,no_lineup_payload,57.8,FW,5,1.0,6,,,,,0,57.8,8,3.145,2.0,0.5475,-1.145,1.3895,1.3,0.9356,0.9749,1.0,-0.664399,-66.44,model,history,2022.0,medium,monitor,no_action,,0.0,,,no_action,"history_resolver,no_xi_yet,fixture_t2",,odds_api_io,event_id=61624544;market=Anytime Goalscorer
2026-04-11T11:24:48Z,2026-04-11T11:24:20Z,2026-04-11,,Bet365,Spain - LaLiga,FC Barcelona,Espanyol Barcelona,0,13829,Tyrhys Dolan,Tyrhys Dolan,Espanyol,FC Barcelona,ML,ML,5.0,0.2,0.065542,15.2574,0.0678,1.0647,0.0637,0.0678,0.0,0.0,0,0.0,0.0,1.09,recent_long,0.0,4.0,0.0,0.0,0.0,,,0,none,0.0,0.0,0.0,0,,,expected_starter,expected_starter,fotmob_expected,expected_xi,Tyrhys Dolan,T2,0.0,,78.0,ML,3,0.4286,7,AM,4,4-2-3-1,1,0,78.0,8,0.9278,1.0,0.143,0.0722,1.5183,1.3328,0.8778,0.9335,1.018,-0.67229,-67.229,model,history,2036.0,medium,monitor,no_action,,0.0,,,no_action,"history_resolver,expected_xi,fixture_t2",FotMob Expected XI,odds_api_io,event_id=61624540;market=Anytime Goalscorer
2026-04-11T11:24:48Z,2026-04-11T11:24:20Z,2026-04-11,,Bet365,Spain - LaLiga,Sevilla FC,Atletico Madrid,0,13358,Thiago Almada,Thiago Almada,Atletico Madrid,Sevilla FC,ML,ML,4.75,0.210526,0.068486,14.6015,0.0709,1.4061,0.0505,0.0709,0.0,0.0,0,0.0,0.0,0.4,recent_long,0.0,1.0,0.0,0.0,0.0,,,0,none,0.0,0.0,0.0,0,,,unknown,unknown,none,none,,T2,1.0,no_lineup_payload,51.9,ML,3,0.5,8,,,,,0,51.9,8,0.6656,0.0,0.1189,-0.6656,1.3813,1.3,0.9411,1.255,1.0,-0.674691,-67.469,model,history,1006.0,medium,monitor,no_action,,0.0,,,no_action,"history_resolver,no_xi_yet,fixture_t2",,odds_api_io,event_id=61624550;market=Anytime Goalscorer
2026-04-11T11:24:48Z,2026-04-11T11:24:20Z,2026-04-11,,Bet365,Spain - LaLiga,FC Barcelona,Espanyol Barcelona,0,6740,Miguel Rubio,Miguel Rubio,Espanyol,FC Barcelona,Sub,Sub,15.0,0.066667,0.021519,46.4701,0.0218,1.0647,0.0204,0.0218,0.0,0.0,0,0.0,0.0,2.66,recent_long,0.0,7.0,0.0,0.0,0.0,,,0,none,0.0,0.0,0.0,0,,,unknown,unknown,fotmob_expected,expected_xi,,T2,0.0,,29.9,DC,1,1.0,1,,,,,0,29.9,8,0.0355,0.0,0.0582,-0.0355,1.8755,1.3328,0.7106,0.9335,1.018,-0.677211,-67.721,model,history,1711.0,medium,monitor,no_action,,0.0,,,no_action,"history_resolver,no_xi_yet,fixture_t2",FotMob Expected XI,odds_api_io,event_id=61624540;market=Anytime Goalscorer
2026-04-11T11:24:48Z,2026-04-11T11:24:20Z,2026-04-11,,Bet365,Spain - LaLiga,Elche CF,Valencia CF,1,2353,Pedro Bigas,Pedro Bigas,Elche,Valencia CF,DC,DC,11.0,0.090909,0.029039,34.4359,0.0295,1.274,0.0231,0.0295,0.0,0.0,0,0.0,0.0,1.98,recent_long,0.0,3.0,0.0,0.0,0.0,,,0,none,0.0,0.0,0.0,0,,,unknown,unknown,none,none,,T2,1.0,no_lineup_payload,65.5,DC,1,1.0,8,,,,,0,65.5,8,0.1698,0.0,0.0343,-0.1698,1.4664,1.3,0.8865,0.9749,1.0,-0.680566,-68.057,model,history,1626.0,medium,monitor,no_action,,0.0,,,no_action,"history_resolver,no_xi_yet,fixture_t2",,odds_api_io,event_id=61624544;market=Anytime Goalscorer
2026-04-11T11:24:48Z,2026-04-11T11:24:20Z,2026-04-11,,Bet365,Spain - LaLiga,Sevilla FC,Atletico Madrid,0,5556,Ademola Lookman,Ademola Lookman,Atletico Madrid,Sevilla FC,ML,ML,3.5,0.285714,0.089101,11.2232,0.0933,1.4061,0.0664,0.0933,0.0,0.0,0,0.0,0.0,0.0,none,0.0,0.0,0.0,0.0,0.0,,,0,none,0.0,0.0,0.0,0,,,unknown,unknown,none,none,,T2,1.0,no_lineup_payload,48.6,FW,5,0.6,5,,,,,0,48.6,7,2.1203,2.0,0.5563,-0.1203,1.2909,1.3,1.0071,1.255,1.0,-0.688147,-68.815,model,history,343.0,low,suppress,no_action,,0.0,,,no_action,"history_lt_500,fixture_t2",,odds_api_io,event_id=61624550;market=Anytime Goalscorer
2026-04-11T11:24:48Z,2026-04-11T11:24:20Z,2026-04-11,,Bet365,Spain - LaLiga,FC Barcelona,Espanyol Barcelona,0,5074,Garcia Kike,Garcia Kike,Espanyol,FC Barcelona,Sub,Sub,3.5,0.285714,0.086953,11.5005,0.091,1.0647,0.0834,0.0888,0.0022,0.024,0,0.0675,0.0675,1.64,recent_long,5.0,20.0,0.25,0.0,0.0,,,1,secondary,0.0,0.0,0.001,0,,,unknown,unknown,fotmob_expected,expected_xi,,T2,0.0,,54.4,FW,5,1.0,6,,,,,0,54.4,8,1.8129,3.0,0.3296,1.1871,1.5183,1.3328,0.8778,0.9335,1.018,-0.695666,-69.567,model,history,5328.0,medium,monitor,no_action,,0.0,,,no_action,"history_resolver,no_xi_yet,fixture_t2",FotMob Expected XI,odds_api_io,event_id=61624540;market=Anytime Goalscorer
2026-04-11T11:24:48Z,2026-04-11T11:24:20Z,2026-04-11,,Bet365,Spain - LaLiga,FC Barcelona,Espanyol Barcelona,1,11151,Marc Casado,Marc Casado,Barcelona,Espanyol Barcelona,Sub,Sub,7.0,0.142857,0.043384,23.05,0.0444,3.1583,0.014,0.0444,0.0,0.0,0,0.0,0.0,3.82,recent_long,0.0,9.0,0.0,0.0,0.0,,,0,none,0.0,0.0,0.0,0,,,unknown,unknown,fotmob_expected,expected_xi,,T2,0.0,,42.3,MC,3,0.5,4,,,,,0,42.3,8,0.1813,0.0,0.0512,-0.1813,1.4286,1.8392,1.2874,1.9334,1.25,-0.696313,-69.631,model,history,2486.0,medium,monitor,no_action,,0.0,,,no_action,"history_resolver,no_xi_yet,fixture_t2",FotMob Expected XI,odds_api_io,event_id=61624540;market=Anytime Goalscorer
2026-04-11T11:24:48Z,2026-04-11T11:24:20Z,2026-04-11,,Bet365,Spain - LaLiga,FC Barcelona,Espanyol Barcelona,0,10067,Ruben Sanchez,Ruben Sanchez,Espanyol,FC Barcelona,Sub,Sub,19.0,0.052632,0.015806,63.2689,0.0159,1.0647,0.015,0.0159,0.0,0.0,0,0.0,0.0,1.54,recent_long,0.0,3.0,0.0,0.0,0.0,,,0,none,0.0,0.0,0.0,0,,,unknown,unknown,fotmob_expected,expected_xi,,T2,0.0,,29.2,DR,1,1.0,2,,,,,0,29.2,8,0.0591,0.0,0.0302,-0.0591,1.4118,1.3328,0.944,0.9335,1.018,-0.699694,-69.97,model,history,459.0,low,suppress,no_action,,0.0,,,no_action,"history_lt_500,fixture_t2",FotMob Expected XI,odds_api_io,event_id=61624540;market=Anytime Goalscorer
2026-04-11T11:24:48Z,2026-04-11T11:24:20Z,2026-04-11,,Bet365,Spain - LaLiga,FC Barcelona,Espanyol Barcelona,1,9805,Alex Balde,Alex Balde,Barcelona,Espanyol Barcelona,DL,DL,7.5,0.133333,0.039528,25.2987,0.0403,3.1583,0.0128,0.0403,0.0,0.0,0,0.0,0.0,4.51,recent_long,0.0,16.0,0.0,0.0,0.0,,,0,none,0.0,0.0,0.0,0,,,expected_starter,expected_starter,fotmob_expected,expected_xi,Alejandro Balde,T2,0.0,,78.0,DL,1,1.0,8,DEF,1,4-2-3-1,0,0,78.0,8,0.0988,0.0,0.0155,-0.0988,1.5621,1.8392,1.1774,1.9334,1.25,-0.703542,-70.354,model,history,5237.0,medium,monitor,no_action,,0.0,,,no_action,"history_resolver,expected_xi,fixture_t2",FotMob Expected XI,odds_api_io,event_id=61624540;market=Anytime Goalscorer
2026-04-11T11:24:48Z,2026-04-11T11:24:20Z,2026-04-11,,Bet365,Spain - LaLiga,Sevilla FC,Atletico Madrid,0,10189,Marc Pubill,Marc Pubill,Atletico Madrid,Sevilla FC,DC,DC,13.0,0.076923,0.022123,45.2022,0.0224,1.4061,0.0159,0.0224,0.0,0.0,0,0.0,0.0,0.33,recent_long,0.0,1.0,0.0,0.0,0.0,,,0,none,0.0,0.0,0.0,0,,,unknown,unknown,none,none,,T2,1.0,no_lineup_payload,74.1,DC,1,1.0,9,,,,,0,74.1,8,0.1992,0.0,0.0282,-0.1992,1.5775,1.3,0.8241,1.255,1.0,-0.712403,-71.24,model,history,2745.0,medium,monitor,no_action,,0.0,,,no_action,"history_resolver,no_xi_yet,fixture_t2",,odds_api_io,event_id=61624550;market=Anytime Goalscorer
2026-04-11T11:24:48Z,2026-04-11T11:24:20Z,2026-04-11,,Bet365,Spain - LaLiga,FC Barcelona,Espanyol Barcelona,1,12005,Pau Cubarsi,Pau Cubarsi,Barcelona,Espanyol Barcelona,DC,DC,7.5,0.133333,0.038005,26.3125,0.0387,3.1583,0.0123,0.0387,0.0,0.0,0,0.0,0.0,5.0,recent_long,0.0,19.0,0.0,0.0,0.0,,,0,none,0.0,0.0,0.0,0,,,expected_starter,expected_starter,fotmob_expected,expected_xi,Pau Cubarsí,T2,0.0,,89.3,DC,1,1.0,10,DEF,1,4-2-3-1,0,0,89.3,8,0.2078,1.0,0.026,0.7922,1.4518,1.8392,1.2669,1.9334,1.25,-0.714964,-71.496,model,history,6432.0,medium,monitor,no_action,,0.0,,,no_action,"history_resolver,expected_xi,fixture_t2",FotMob Expected XI,odds_api_io,event_id=61624540;market=Anytime Goalscorer
2026-04-11T11:24:48Z,2026-04-11T11:24:20Z,2026-04-11,,Bet365,Spain - LaLiga,Elche CF,Valencia CF,1,13839,Marc Aguado,Marc Aguado,Elche,Valencia CF,MC,MC,7.0,0.142857,0.039997,25.0019,0.0408,1.274,0.032,0.0408,0.0,0.0,0,0.0,0.0,1.76,recent_long,0.0,3.0,0.0,0.0,0.0,,,0,none,0.0,0.0,0.0,0,,,unknown,unknown,none,none,,T2,1.0,no_lineup_payload,72.8,MC,3,0.875,8,,,,,0,72.8,8,0.066,1.0,0.011,0.934,1.4664,1.3,0.8865,0.9749,1.0,-0.720021,-72.002,model,history,2038.0,medium,monitor,no_action,,0.0,,,no_action,"history_resolver,no_xi_yet,fixture_t2",,odds_api_io,event_id=61624544;market=Anytime Goalscorer
2026-04-11T11:24:48Z,2026-04-11T11:24:20Z,2026-04-11,,Bet365,Spain - LaLiga,FC Barcelona,Espanyol Barcelona,0,4175,Pere Milla,Pere Milla,Espanyol,FC Barcelona,Sub,Sub,4.0,0.25,0.068822,14.5303,0.0713,1.0647,0.067,0.0713,0.0,0.0,0,0.0,0.0,1.67,recent_long,0.0,7.0,0.0,0.0,0.0,,,0,none,0.0,0.0,0.0,0,,,unknown,unknown,fotmob_expected,expected_xi,,T2,0.0,,55.2,FW,5,0.3333,6,,,,,0,55.2,8,0.7864,0.0,0.207,-0.7864,1.8543,1.3328,0.7187,0.9335,1.018,-0.724713,-72.471,model,history,2071.0,medium,monitor,no_action,,0.0,,,no_action,"history_resolver,no_xi_yet,fixture_t2",FotMob Expected XI,odds_api_io,event_id=61624540;market=Anytime Goalscorer
2026-04-11T11:24:48Z,2026-04-11T11:24:20Z,2026-04-11,,Bet365,Spain - LaLiga,Sevilla FC,Atletico Madrid,0,7086,David Hancko,David Hancko,Atletico Madrid,Sevilla FC,DC,DC,10.0,0.1,0.027359,36.5515,0.0277,1.4061,0.0197,0.0277,0.0,0.0,0,0.0,0.0,0.98,recent_long,0.0,3.0,0.0,0.0,0.0,,,0,none,0.0,0.0,0.0,0,,,unknown,unknown,none,none,,T2,1.0,no_lineup_payload,83.3,DC,1,0.8889,9,,,,,0,83.3,8,0.367,0.0,0.0493,-0.367,1.4207,1.3,0.9151,1.255,1.0,-0.726413,-72.641,model,history,2122.0,medium,monitor,no_action,,0.0,,,no_action,"history_resolver,no_xi_yet,fixture_t2",,odds_api_io,event_id=61624550;market=Anytime Goalscorer
2026-04-11T11:24:48Z,2026-04-11T11:24:20Z,2026-04-11,,Bet365,Spain - LaLiga,Elche CF,Valencia CF,1,12171,Hector Fort,Hector Fort,Elche,Valencia CF,DMR,DMR,10.0,0.1,0.027341,36.5755,0.0277,1.274,0.0218,0.0277,0.0,0.0,0,0.0,0.0,0.62,recent_long,0.0,2.0,0.0,0.0,0.0,,,0,none,0.0,0.0,0.0,0,,,unknown,unknown,none,none,,T2,1.0,no_lineup_payload,37.1,DR,1,0.4,5,,,,,0,37.1,8,0.647,1.0,0.1831,0.353,1.5831,1.3,0.8212,0.9749,1.0,-0.726593,-72.659,model,history,1193.0,medium,monitor,no_action,,0.0,,,no_action,"history_resolver,no_xi_yet,fixture_t2",,odds_api_io,event_id=61624544;market=Anytime Goalscorer
2026-04-11T11:24:48Z,2026-04-11T11:24:20Z,2026-04-11,,Bet365,Spain - LaLiga,Elche CF,Valencia CF,1,6651,Grady Diangana,Grady Diangana,Elche,Valencia CF,MC,MC,5.0,0.2,0.054497,18.3498,0.056,1.274,0.044,0.056,0.0,0.0,0,0.0,0.0,1.25,recent_long,0.0,2.0,0.0,0.0,0.0,,,0,none,0.0,0.0,0.0,0,,,unknown,unknown,none,none,,T2,1.0,no_lineup_payload,47.2,MC,3,0.5,6,,,,,0,47.2,8,0.9035,0.0,0.1865,-0.9035,1.5326,1.3,0.8482,0.9749,1.0,-0.727517,-72.752,model,history,766.0,medium,monitor,no_action,,0.0,,,no_action,"history_resolver,no_xi_yet,fixture_t2",,odds_api_io,event_id=61624544;market=Anytime Goalscorer
2026-04-11T11:24:48Z,2026-04-11T11:24:20Z,2026-04-11,,Bet365,Spain - LaLiga,Elche CF,Valencia CF,1,9199,John Donald,John Donald,Elche,Valencia CF,Sub,Sub,10.0,0.1,0.026948,37.1087,0.0273,1.274,0.0214,0.0273,0.0,0.0,0,0.0,0.0,0.54,recent_long,0.0,1.0,0.0,0.0,0.0,,,0,none,0.0,0.0,0.0,0,,,unknown,unknown,none,none,,T2,1.0,no_lineup_payload,34.4,DC,1,1.0,3,,,,,0,34.4,8,0.055,0.0,0.0171,-0.055,1.4029,1.3,0.9267,0.9749,1.0,-0.730522,-73.052,model,history,449.0,low,suppress,no_action,,0.0,,,no_action,"history_lt_500,fixture_t2",,odds_api_io,event_id=61624544;market=Anytime Goalscorer
2026-04-11T11:24:48Z,2026-04-11T11:24:20Z,2026-04-11,,Bet365,Spain - LaLiga,Elche CF,Valencia CF,1,13837,David Affengruber,David Affengruber,Elche,Valencia CF,DC,DC,10.0,0.1,0.026634,37.5466,0.027,1.274,0.0212,0.027,0.0,0.0,0,0.0,0.0,1.79,recent_long,0.0,3.0,0.0,0.0,0.0,,,0,none,0.0,0.0,0.0,0,,,unknown,unknown,none,none,,T2,1.0,no_lineup_payload,78.3,DC,1,1.0,9,,,,,0,78.3,8,0.0804,0.0,0.0117,-0.0804,1.4664,1.3,0.8865,0.9749,1.0,-0.733664,-73.366,model,history,2268.0,medium,monitor,no_action,,0.0,,,no_action,"history_resolver,no_xi_yet,fixture_t2",,odds_api_io,event_id=61624544;market=Anytime Goalscorer
2026-04-11T11:24:48Z,2026-04-11T11:24:20Z,2026-04-11,,Bet365,Spain - LaLiga,Elche CF,Valencia CF,1,8972,Victor Chust,Victor Chust,Elche,Valencia CF,DC,DC,15.0,0.066667,0.017671,56.5886,0.0178,1.274,0.014,0.0178,0.0,0.0,0,0.0,0.0,2.77,recent_long,0.0,7.0,0.0,0.0,0.0,,,0,none,0.0,0.0,0.0,0,,,unknown,unknown,none,none,,T2,1.0,no_lineup_payload,81.9,DC,1,1.0,9,,,,,0,81.9,8,0.0339,0.0,0.0046,-0.0339,1.5326,1.3,0.8482,0.9749,1.0,-0.734929,-73.493,model,history,3757.0,medium,monitor,no_action,,0.0,,,no_action,"history_resolver,no_xi_yet,fixture_t2",,odds_api_io,event_id=61624544;market=Anytime Goalscorer
2026-04-11T11:24:48Z,2026-04-11T11:24:20Z,2026-04-11,,Bet365,Spain - LaLiga,Sevilla FC,Atletico Madrid,0,14439,Obed Vargas,Obed Vargas,Atletico Madrid,Sevilla FC,MC,MC,6.0,0.166667,0.043495,22.991,0.0445,1.4061,0.0316,0.0445,0.0,0.0,0,0.0,0.0,0.0,none,0.0,0.0,0.0,0.0,0.0,,,0,none,0.0,0.0,0.0,0,,,unknown,unknown,none,none,,T2,1.0,no_lineup_payload,55.7,MC,3,1.0,2,,,,,0,55.7,4,0.0,0.0,0.0,0.0,1.415,1.3,0.9187,1.255,1.0,-0.739028,-73.903,model,history,215.0,low,suppress,no_action,,0.0,,,no_action,"history_lt_500,fixture_t2",,odds_api_io,event_id=61624550;market=Anytime Goalscorer
2026-04-11T11:24:48Z,2026-04-11T11:24:20Z,2026-04-11,,Bet365,Spain - LaLiga,FC Barcelona,Espanyol Barcelona,0,11306,Cyril Ngonge,Cyril Ngonge,Espanyol,FC Barcelona,MR,MR,4.0,0.25,0.063902,15.6489,0.066,1.0647,0.062,0.066,0.0,0.0,0,0.0,0.0,0.0,none,0.0,0.0,0.0,0.0,0.0,,,0,none,0.0,0.0,0.0,0,,,expected_starter,expected_starter,fotmob_expected,expected_xi,Cyril Ngonge,T2,0.0,,78.0,MR,3,0.75,4,AM,4,4-2-3-1,1,0,78.0,6,0.355,0.0,0.1048,-0.355,1.4971,1.3328,0.8902,0.9335,1.018,-0.744391,-74.439,model,history,305.0,low,suppress,no_action,,0.0,,,no_action,"history_lt_500,fixture_t2",FotMob Expected XI,odds_api_io,event_id=61624540;market=Anytime Goalscorer
2026-04-11T11:24:48Z,2026-04-11T11:24:20Z,2026-04-11,,Bet365,Spain - LaLiga,Elche CF,Valencia CF,1,8895,Tete Morente,Tete Morente,Elche,Valencia CF,DML,DML,4.0,0.25,0.060856,16.4321,0.0628,1.274,0.0493,0.0628,0.0,0.0,0,0.0,0.0,1.71,recent_long,0.0,2.0,0.0,0.0,0.0,,,0,none,0.0,0.0,0.0,0,,,unknown,unknown,none,none,,T2,1.0,no_lineup_payload,82.7,DMR,2,0.6,5,,,,,0,82.7,5,0.6448,1.0,0.1409,0.3552,1.6765,1.3,0.7754,0.9749,1.0,-0.756574,-75.657,model,history,412.0,low,suppress,no_action,,0.0,,,no_action,"history_lt_500,fixture_t2",,odds_api_io,event_id=61624544;market=Anytime Goalscorer
2026-04-11T11:24:48Z,2026-04-11T11:24:20Z,2026-04-11,,Bet365,Spain - LaLiga,Elche CF,Valencia CF,1,14400,Lucas Cepeda,Lucas Cepeda,Elche,Valencia CF,MC,MC,3.75,0.266667,0.061147,16.354,0.0631,1.274,0.0495,0.0631,0.0,0.0,0,0.0,0.0,1.82,recent_long,0.0,2.0,0.0,0.0,0.0,,,0,none,0.0,0.0,0.0,0,,,unknown,unknown,none,none,,T2,1.0,no_lineup_payload,59.1,MC,3,1.0,4,,,,,0,59.1,6,0.6002,0.0,0.1589,-0.6002,1.4114,1.3,0.921,0.9749,1.0,-0.770698,-77.07,model,history,340.0,low,suppress,no_action,,0.0,,,no_action,"history_lt_500,fixture_t2",,odds_api_io,event_id=61624544;market=Anytime Goalscorer
2026-04-11T11:24:48Z,2026-04-11T11:24:20Z,2026-04-11,,Bet365,Spain - LaLiga,FC Barcelona,Espanyol Barcelona,1,12821,Martin Gerard,Martin Gerard,Barcelona,Espanyol Barcelona,DC,DC,6.5,0.153846,0.034224,29.2196,0.0348,3.1583,0.011,0.0348,0.0,0.0,0,0.0,0.0,5.46,recent_long,0.0,15.0,0.0,0.0,0.0,,,0,none,0.0,0.0,0.0,0,,,unknown,unknown,fotmob_expected,expected_xi,,T2,0.0,,74.3,DC,1,0.8889,9,,,,,0,74.3,8,0.1622,0.0,0.0259,-0.1622,1.4518,1.8392,1.2669,1.9334,1.25,-0.777546,-77.755,model,history,2574.0,medium,monitor,no_action,,0.0,,,no_action,"history_resolver,no_xi_yet,fixture_t2",FotMob Expected XI,odds_api_io,event_id=61624540;market=Anytime Goalscorer
2026-04-11T11:24:48Z,2026-04-11T11:24:20Z,2026-04-11,,Bet365,Spain - LaLiga,Elche CF,Valencia CF,1,12870,Buba Sangare,Buba Sangare,Elche,Valencia CF,DMR,DMR,11.0,0.090909,0.019932,50.1698,0.0201,1.274,0.0158,0.0201,0.0,0.0,0,0.0,0.0,0.78,recent_long,0.0,1.0,0.0,0.0,0.0,,,0,none,0.0,0.0,0.0,0,,,unknown,unknown,none,none,,T2,1.0,no_lineup_payload,40.7,DMR,2,0.6667,3,,,,,0,40.7,5,0.0735,0.0,0.0334,-0.0735,1.4664,1.3,0.8865,0.9749,1.0,-0.780745,-78.074,model,history,198.0,low,suppress,no_action,,0.0,,,no_action,"history_lt_500,fixture_t2",,odds_api_io,event_id=61624544;market=Anytime Goalscorer
2026-04-11T11:24:48Z,2026-04-11T11:24:20Z,2026-04-11,,Bet365,Spain - LaLiga,FC Barcelona,Espanyol Barcelona,0,10936,Charles Pickel,Charles Pickel,Espanyol,FC Barcelona,DMC,DMC,8.5,0.117647,0.025378,39.4043,0.0257,1.0647,0.0241,0.0257,0.0,0.0,0,0.0,0.0,0.98,recent_long,0.0,2.0,0.0,0.0,0.0,,,0,none,0.0,0.0,0.0,0,,,unknown,unknown,fotmob_expected,expected_xi,,T2,0.0,,31.3,DMC,2,0.5,2,,,,,0,31.3,8,0.444,1.0,0.1816,0.556,1.9021,1.3328,0.7007,0.9335,1.018,-0.784288,-78.429,model,history,527.0,medium,monitor,no_action,,0.0,,,no_action,"history_resolver,no_xi_yet,fixture_t2",FotMob Expected XI,odds_api_io,event_id=61624540;market=Anytime Goalscorer
2026-04-11T11:24:48Z,2026-04-11T11:24:20Z,2026-04-11,,Bet365,Spain - LaLiga,FC Barcelona,Espanyol Barcelona,0,10947,Ramon Terrats,Ramon Terrats,Espanyol,FC Barcelona,Sub,Sub,7.0,0.142857,0.030341,32.9587,0.0308,1.0647,0.0289,0.0308,0.0,0.0,0,0.0,0.0,2.0,recent_long,0.0,8.0,0.0,0.0,0.0,,,0,none,0.0,0.0,0.0,0,,,unknown,unknown,fotmob_expected,expected_xi,,T2,0.0,,41.0,ML,3,0.4,5,,,,,0,41.0,8,0.2225,0.0,0.0587,-0.2225,1.5183,1.3328,0.8778,0.9335,1.018,-0.787613,-78.761,model,history,1491.0,medium,monitor,no_action,,0.0,,,no_action,"history_resolver,no_xi_yet,fixture_t2",FotMob Expected XI,odds_api_io,event_id=61624540;market=Anytime Goalscorer
2026-04-11T11:24:48Z,2026-04-11T11:24:20Z,2026-04-11,,Bet365,Spain - LaLiga,Sevilla FC,Atletico Madrid,0,8963,Nahuel Molina,Nahuel Molina,Atletico Madrid,Sevilla FC,DR,DR,8.5,0.117647,0.024983,40.0274,0.0253,1.4061,0.018,0.0253,0.0,0.0,0,0.0,0.0,1.88,recent_long,0.0,14.0,0.0,0.0,0.0,,,0,none,0.0,0.0,0.0,0,,,unknown,unknown,none,none,,T2,1.0,no_lineup_payload,65.5,DR,1,0.8571,7,,,,,0,65.5,8,0.2678,2.0,0.0411,1.7322,1.2722,1.3,1.0219,1.255,1.0,-0.787646,-78.765,model,history,4519.0,medium,monitor,no_action,,0.0,,,no_action,"history_resolver,no_xi_yet,fixture_t2",,odds_api_io,event_id=61624550;market=Anytime Goalscorer
2026-04-11T11:24:48Z,2026-04-11T11:24:20Z,2026-04-11,,Bet365,Spain - LaLiga,Real Sociedad San Sebastian,Deportivo Alaves,1,2234,Mikel Oyarzabal,Mikel Oyarzabal,Real Sociedad,Deportivo Alaves,FW,FW,2.1,0.47619,0.099456,10.0547,0.1048,1.922,0.0449,0.0862,0.0185,0.1767,0,0.7922,0.7922,3.44,recent_long,11.0,13.0,0.8462,0.0,0.0,,,1,primary,0.0,0.0,0.0056,0,,,bench,confirmed_bench,fotmob_confirmed,confirmed_xi,Mikel Oyarzabal,T1,0.0,,14.0,FW,5,1.0,9,,,,,0,14.0,8,2.359,2.0,0.3424,-0.359,1.5677,1.736,1.1074,1.1865,1.2396,-0.791142,-79.114,model,history,6751.0,low,suppress,no_action,,0.0,,,no_action,confirmed_bench,Confirmed Lineup,odds_api_io,event_id=61624548;market=Anytime Goalscorer
2026-04-11T11:24:48Z,2026-04-11T11:24:20Z,2026-04-11,,Bet365,Spain - LaLiga,Real Sociedad San Sebastian,Deportivo Alaves,1,7306,Egoitz Munoz,Egoitz Munoz,Real Sociedad,Deportivo Alaves,DL,DL,15.0,0.066667,0.012956,77.182,0.013,1.922,0.0068,0.013,0.0,0.0,0,0.0,0.0,3.7,recent_long,0.0,10.0,0.0,0.0,0.0,,,0,none,0.0,0.0,0.0,0,,,bench,confirmed_bench,fotmob_confirmed,confirmed_xi,Aihen Muñoz,T1,0.0,,14.0,DL,1,1.0,3,,,,,0,14.0,8,0.3203,0.0,0.0974,-0.3203,1.3251,1.736,1.3101,1.1865,1.2396,-0.805654,-80.566,model,history,2855.0,low,suppress,no_action,,0.0,,,no_action,confirmed_bench,Confirmed Lineup,odds_api_io,event_id=61624548;market=Anytime Goalscorer
2026-04-11T11:24:48Z,2026-04-11T11:24:20Z,2026-04-11,,Bet365,Spain - LaLiga,Elche CF,Valencia CF,1,7574,Leo Petrot,Leo Petrot,Elche,Valencia CF,DC,DC,10.0,0.1,0.019306,51.7971,0.0195,1.274,0.0153,0.0195,0.0,0.0,0,0.0,0.0,1.8,recent_long,0.0,3.0,0.0,0.0,0.0,,,0,none,0.0,0.0,0.0,0,,,unknown,unknown,none,none,,T2,1.0,no_lineup_payload,64.6,DC,1,0.875,8,,,,,0,64.6,8,0.0965,0.0,0.0148,-0.0965,1.4664,1.3,0.8865,0.9749,1.0,-0.806939,-80.694,model,history,1333.0,medium,monitor,no_action,,0.0,,,no_action,"history_resolver,no_xi_yet,fixture_t2",,odds_api_io,event_id=61624544;market=Anytime Goalscorer
2026-04-11T11:24:48Z,2026-04-11T11:24:20Z,2026-04-11,,Bet365,Spain - LaLiga,FC Barcelona,Espanyol Barcelona,0,10209,Jofre Carreras,Jofre Carreras,Espanyol,FC Barcelona,Sub,Sub,5.5,0.181818,0.03485,28.6943,0.0355,1.0647,0.0333,0.0355,0.0,0.0,0,0.0,0.0,0.64,recent_long,0.0,5.0,0.0,0.0,0.0,,,0,none,0.0,0.0,0.0,0,,,unknown,unknown,fotmob_expected,expected_xi,,T2,0.0,,31.4,MR,3,0.6667,3,,,,,0,31.4,8,1.0982,1.0,0.4619,-0.0982,1.5183,1.3328,0.8778,0.9335,1.018,-0.808324,-80.832,model,history,2981.0,medium,monitor,no_action,,0.0,,,no_action,"history_resolver,no_xi_yet,fixture_t2",FotMob Expected XI,odds_api_io,event_id=61624540;market=Anytime Goalscorer
2026-04-11T11:24:48Z,2026-04-11T11:24:20Z,2026-04-11,,Bet365,Spain - LaLiga,Real Sociedad San Sebastian,Deportivo Alaves,1,6656,Sergio Gomez,Sergio Gomez,Real Sociedad,Deportivo Alaves,DL,DL,4.0,0.25,0.047814,20.9143,0.049,1.922,0.0255,0.049,0.0,0.0,0,0.0,0.0,2.1,recent_long,0.0,8.0,0.0,0.0,0.0,,,0,none,0.0,0.0,0.0,0,,,starter,confirmed_starter,fotmob_confirmed,confirmed_xi,Sergio Gómez,T1,0.0,,85.0,DL,1,1.0,10,DEF,1,4-2-3-1,0,0,85.0,8,0.1968,0.0,0.0246,-0.1968,1.5677,1.736,1.1074,1.1865,1.2396,-0.808743,-80.874,model,history,4908.0,high,monitor,no_action,,0.0,,,no_action,"history_resolver,confirmed_starter",Confirmed Lineup,odds_api_io,event_id=61624548;market=Anytime Goalscorer
2026-04-11T11:24:48Z,2026-04-11T11:24:20Z,2026-04-11,,Bet365,Spain - LaLiga,Sevilla FC,Atletico Madrid,0,14439,Ruben Vargas,Ruben Vargas,Atletico Madrid,Sevilla FC,MC,MC,4.333,0.230787,0.043495,22.991,0.0445,1.4061,0.0316,0.0445,0.0,0.0,0,0.0,0.0,0.0,none,0.0,0.0,0.0,0.0,0.0,,,0,none,0.0,0.0,0.0,0,,,unknown,unknown,none,none,,T2,1.0,no_lineup_payload,55.7,MC,3,1.0,2,,,,,0,55.7,4,0.0,0.0,0.0,0.0,1.415,1.3,0.9187,1.255,1.0,-0.811535,-81.153,model,history,215.0,low,suppress,no_action,,0.0,,,no_action,"history_lt_500,fixture_t2",,odds_api_io,event_id=61624550;market=Anytime Goalscorer
2026-04-11T11:24:48Z,2026-04-11T11:24:20Z,2026-04-11,,Bet365,Spain - LaLiga,FC Barcelona,Espanyol Barcelona,1,14064,Roony Bardghji,Roony Bardghji,Barcelona,Espanyol Barcelona,FWR,FWR,2.1,0.47619,0.086714,11.5321,0.0907,3.1583,0.0287,0.0907,0.0,0.0,0,0.0,0.0,3.92,recent_long,0.0,5.0,0.0,0.0,0.0,,,0,none,0.0,0.0,0.0,0,,,unknown,unknown,fotmob_expected,expected_xi,,T2,0.0,,22.5,FWR,5,0.5,2,,,,,0,22.5,8,0.1256,0.0,0.0863,-0.1256,1.6131,1.8392,1.1402,1.9334,1.25,-0.8179,-81.79,model,history,362.0,low,suppress,no_action,,0.0,,,no_action,"history_lt_500,fixture_t2",FotMob Expected XI,odds_api_io,event_id=61624540;market=Anytime Goalscorer
2026-04-11T11:24:48Z,2026-04-11T11:24:20Z,2026-04-11,,Bet365,Spain - LaLiga,Real Sociedad San Sebastian,Deportivo Alaves,0,1189,Lucas Boye,Lucas Boye,Alaves,Real Sociedad San Sebastian,Sub,Sub,3.2,0.3125,0.056728,17.6279,0.0584,1.4484,0.0268,0.0389,0.0195,0.3345,0,0.906,0.906,3.32,recent_long,3.0,11.0,0.2727,0.0,0.0,,,1,secondary,0.0,0.0,0.0061,0,,,bench,confirmed_bench,fotmob_confirmed,confirmed_xi,Lucas Boyé,T1,0.0,,14.0,FW,5,1.0,9,,,,,0,14.0,8,2.8502,3.0,0.4304,0.1498,1.4235,1.6479,1.1576,1.0853,1.1912,-0.81847,-81.847,model,history,4377.0,low,suppress,no_action,,0.0,,,no_action,confirmed_bench,Confirmed Lineup,odds_api_io,event_id=61624548;market=Anytime Goalscorer
2026-04-11T11:24:48Z,2026-04-11T11:24:20Z,2026-04-11,,Bet365,Spain - LaLiga,Real Sociedad San Sebastian,Deportivo Alaves,0,6126,Ander Guevara,Ander Guevara,Alaves,Real Sociedad San Sebastian,Sub,Sub,15.0,0.066667,0.011443,87.3901,0.0115,1.4484,0.0079,0.0115,0.0,0.0,0,0.0,0.0,4.27,recent_long,0.0,21.0,0.0,0.0,0.0,,,0,none,0.0,0.0,0.0,0,,,bench,confirmed_bench,fotmob_confirmed,confirmed_xi,Ander Guevara,T1,0.0,,14.0,,,0.0,0,,,,,0,14.0,8,0.0558,0.0,0.0326,-0.0558,1.6078,1.6479,1.0249,1.0853,1.1912,-0.828356,-82.836,model,history,5437.0,low,suppress,no_action,,0.0,,,no_action,confirmed_bench,Confirmed Lineup,odds_api_io,event_id=61624548;market=Anytime Goalscorer
2026-04-11T11:24:48Z,2026-04-11T11:24:20Z,2026-04-11,,Bet365,Spain - LaLiga,FC Barcelona,Espanyol Barcelona,0,2282,Ferran Gomez,Ferran Gomez,Espanyol,FC Barcelona,Sub,Sub,5.5,0.181818,0.026729,37.4128,0.0271,1.0647,0.0254,0.0271,0.0,0.0,0,0.0,0.0,1.61,recent_long,0.0,2.0,0.0,0.0,0.0,,,0,none,0.0,0.0,0.0,0,,,unknown,unknown,fotmob_expected,expected_xi,,T2,0.0,,55.2,DC,1,1.0,5,,,,,0,55.2,8,0.0613,0.0,0.0106,-0.0613,1.4306,1.3328,0.9316,0.9335,1.018,-0.852991,-85.299,model,history,648.0,medium,monitor,no_action,,0.0,,,no_action,"history_resolver,no_xi_yet,fixture_t2",FotMob Expected XI,odds_api_io,event_id=61624540;market=Anytime Goalscorer
2026-04-11T11:24:48Z,2026-04-11T11:24:20Z,2026-04-11,,Bet365,Spain - LaLiga,FC Barcelona,Espanyol Barcelona,0,8902,Jose Salinas,Jose Salinas,Espanyol,FC Barcelona,Sub,Sub,10.0,0.1,0.013434,74.4386,0.0135,1.0647,0.0127,0.0135,0.0,0.0,0,0.0,0.0,0.61,recent_long,0.0,1.0,0.0,0.0,0.0,,,0,none,0.0,0.0,0.0,0,,,unknown,unknown,fotmob_expected,expected_xi,,T2,0.0,,24.3,DL,1,1.0,2,,,,,0,24.3,8,0.0,0.0,0.0,0.0,1.5397,1.3328,0.8656,0.9335,1.018,-0.865661,-86.566,model,history,221.0,low,suppress,no_action,,0.0,,,no_action,"history_lt_500,fixture_t2",FotMob Expected XI,odds_api_io,event_id=61624540;market=Anytime Goalscorer
2026-04-11T11:24:48Z,2026-04-11T11:24:20Z,2026-04-11,,Bet365,Spain - LaLiga,Real Sociedad San Sebastian,Deportivo Alaves,1,5682,Goncalo Guedes,Goncalo Guedes,Real Sociedad,Deportivo Alaves,AML,AML,3.2,0.3125,0.041255,24.2393,0.0421,1.922,0.0219,0.0421,0.0,0.0,0,0.0,0.0,3.26,recent_long,0.0,9.0,0.0,0.0,0.0,,,0,none,0.0,0.0,0.0,0,,,bench,confirmed_bench,fotmob_confirmed,confirmed_xi,Gonçalo Guedes,T1,0.0,,14.0,MR,3,0.375,8,,,,,0,14.0,8,0.7087,2.0,0.1137,1.2913,1.5677,1.736,1.1074,1.1865,1.2396,-0.867983,-86.798,model,history,2734.0,low,suppress,no_action,,0.0,,,no_action,confirmed_bench,Confirmed Lineup,odds_api_io,event_id=61624548;market=Anytime Goalscorer
2026-04-11T11:24:48Z,2026-04-11T11:24:20Z,2026-04-11,,Bet365,Spain - LaLiga,Real Sociedad San Sebastian,Deportivo Alaves,1,8760,Arsen Zakharyan,Arsen Zakharyan,Real Sociedad,Deportivo Alaves,Sub,Sub,3.5,0.285714,0.029888,33.4578,0.0303,1.922,0.0158,0.0303,0.0,0.0,0,0.0,0.0,1.79,recent_long,0.0,6.0,0.0,0.0,0.0,,,0,none,0.0,0.0,0.0,0,,,bench,confirmed_bench,fotmob_confirmed,confirmed_xi,Arsen Zakharyan,T1,0.0,,14.0,ML,3,0.5,2,,,,,0,14.0,8,0.9774,0.0,0.5787,-0.9774,1.5269,1.736,1.137,1.1865,1.2396,-0.895391,-89.539,model,history,1608.0,low,suppress,no_action,,0.0,,,no_action,confirmed_bench,Confirmed Lineup,odds_api_io,event_id=61624548;market=Anytime Goalscorer
2026-04-11T11:24:48Z,2026-04-11T11:24:20Z,2026-04-11,,Bet365,Spain - LaLiga,Elche CF,Valencia CF,1,13841,Federico Redondo,Federico Redondo,Elche,Valencia CF,Sub,Sub,9.0,0.111111,0.010943,91.3841,0.011,1.274,0.0086,0.011,0.0,0.0,0,0.0,0.0,0.0,none,0.0,0.0,0.0,0.0,0.0,,,0,none,0.0,0.0,0.0,0,,,unknown,unknown,none,none,,T2,1.0,no_lineup_payload,16.3,MC,3,1.0,1,,,,,0,16.3,8,0.0723,0.0,0.042,-0.0723,1.4664,1.3,0.8865,0.9749,1.0,-0.901515,-90.151,model,history,158.0,low,suppress,no_action,,0.0,,,no_action,"history_lt_500,fixture_t2",,odds_api_io,event_id=61624544;market=Anytime Goalscorer
2026-04-11T11:24:48Z,2026-04-11T11:24:20Z,2026-04-11,,Bet365,Spain - LaLiga,FC Barcelona,Espanyol Barcelona,0,12901,Antoniu Roca,Antoniu Roca,Espanyol,FC Barcelona,Sub,Sub,5.5,0.181818,0.017888,55.9047,0.018,1.0647,0.017,0.018,0.0,0.0,0,0.0,0.0,1.63,recent_long,0.0,4.0,0.0,0.0,0.0,,,0,none,0.0,0.0,0.0,0,,,unknown,unknown,fotmob_expected,expected_xi,,T2,0.0,,28.7,AMR,4,0.6667,3,,,,,0,28.7,8,0.1817,0.0,0.1777,-0.1817,1.6534,1.3328,0.8061,0.9335,1.018,-0.901618,-90.162,model,history,1115.0,medium,monitor,no_action,,0.0,,,no_action,"history_resolver,no_xi_yet,fixture_t2",FotMob Expected XI,odds_api_io,event_id=61624540;market=Anytime Goalscorer
2026-04-11T11:24:48Z,2026-04-11T11:24:20Z,2026-04-11,,Bet365,Spain - LaLiga,Elche CF,Valencia CF,1,8893,Fernandez Josan,Fernandez Josan,Elche,Valencia CF,Sub,Sub,5.0,0.2,0.01838,54.407,0.0186,1.274,0.0146,0.0186,0.0,0.0,0,0.0,0.0,1.36,recent_long,0.0,2.0,0.0,0.0,0.0,,,0,none,0.0,0.0,0.0,0,,,unknown,unknown,none,none,,T2,1.0,no_lineup_payload,29.0,MR,3,0.5,2,,,,,0,29.0,8,0.0,0.0,0.0,0.0,1.502,1.3,0.8655,0.9749,1.0,-0.9081,-90.81,model,history,464.0,low,suppress,no_action,,0.0,,,no_action,"history_lt_500,fixture_t2",,odds_api_io,event_id=61624544;market=Anytime Goalscorer
2026-04-11T11:24:48Z,2026-04-11T11:24:20Z,2026-04-11,,Bet365,Spain - LaLiga,Real Sociedad San Sebastian,Deportivo Alaves,1,7306,Aihen Munoz,Aihen Munoz,Real Sociedad,Deportivo Alaves,DL,DL,7.0,0.142857,0.012956,77.182,0.013,1.922,0.0068,0.013,0.0,0.0,0,0.0,0.0,3.7,recent_long,0.0,10.0,0.0,0.0,0.0,,,0,none,0.0,0.0,0.0,0,,,bench,confirmed_bench,fotmob_confirmed,confirmed_xi,Aihen Muñoz,T1,0.0,,14.0,DL,1,1.0,3,,,,,0,14.0,8,0.3203,0.0,0.0974,-0.3203,1.3251,1.736,1.3101,1.1865,1.2396,-0.909305,-90.931,model,history,2855.0,low,suppress,no_action,,0.0,,,no_action,confirmed_bench,Confirmed Lineup,odds_api_io,event_id=61624548;market=Anytime Goalscorer
2026-04-11T11:24:48Z,2026-04-11T11:24:20Z,2026-04-11,,Bet365,Spain - LaLiga,Real Sociedad San Sebastian,Deportivo Alaves,1,8001,Takefusa Kubo,Takefusa Kubo,Real Sociedad,Deportivo Alaves,MR,MR,2.875,0.347826,0.030528,32.7568,0.031,1.922,0.0161,0.031,0.0,0.0,0,0.0,0.0,1.65,recent_long,0.0,9.0,0.0,0.0,0.0,,,1,tertiary,0.0,0.0,0.0,0,,,bench,confirmed_bench,fotmob_confirmed,confirmed_xi,Takefusa Kubo,T1,0.0,,14.0,MR,3,0.875,8,,,,,0,14.0,8,1.3729,1.0,0.194,-0.3729,1.3247,1.736,1.3105,1.1865,1.2396,-0.912232,-91.223,model,history,5764.0,low,suppress,no_action,,0.0,,,no_action,confirmed_bench,Confirmed Lineup,odds_api_io,event_id=61624548;market=Anytime Goalscorer
2026-04-11T11:24:48Z,2026-04-11T11:24:20Z,2026-04-11,,Bet365,Spain - LaLiga,Real Sociedad San Sebastian,Deportivo Alaves,0,2308,Denis Suarez,Denis Suarez,Alaves,Real Sociedad San Sebastian,Sub,Sub,5.5,0.181818,0.015182,65.8664,0.0153,1.4484,0.0106,0.0153,0.0,0.0,0,0.0,0.0,2.92,recent_long,0.0,10.0,0.0,0.0,0.0,,,0,none,0.0,0.0,0.0,0,,,bench,confirmed_bench,fotmob_confirmed,confirmed_xi,Denis Suárez,T1,0.0,,14.0,MC,3,1.0,5,,,,,0,14.0,8,0.4497,0.0,0.1269,-0.4497,1.4341,1.6479,1.1491,1.0853,1.1912,-0.916498,-91.65,model,history,1758.0,low,suppress,no_action,,0.0,,,no_action,confirmed_bench,Confirmed Lineup,odds_api_io,event_id=61624548;market=Anytime Goalscorer
2026-04-11T11:24:48Z,2026-04-11T11:24:20Z,2026-04-11,,Bet365,Spain - LaLiga,Real Sociedad San Sebastian,Deportivo Alaves,1,11185,Pablo Marin,Pablo Marin,Real Sociedad,Deportivo Alaves,Sub,Sub,4.0,0.25,0.020109,49.7288,0.0203,1.922,0.0106,0.0203,0.0,0.0,0,0.0,0.0,3.66,recent_long,0.0,9.0,0.0,0.0,0.0,,,0,none,0.0,0.0,0.0,0,,,bench,confirmed_bench,fotmob_confirmed,confirmed_xi,Pablo Marín,T1,0.0,,14.0,ML,3,0.4,5,,,,,0,14.0,8,0.5451,0.0,0.116,-0.5451,1.516,1.736,1.1451,1.1865,1.2396,-0.919564,-91.956,model,history,2349.0,low,suppress,no_action,,0.0,,,no_action,confirmed_bench,Confirmed Lineup,odds_api_io,event_id=61624548;market=Anytime Goalscorer
2026-04-11T11:24:48Z,2026-04-11T11:24:20Z,2026-04-11,,Bet365,Spain - LaLiga,Real Sociedad San Sebastian,Deportivo Alaves,1,9922,Jon Karrikaburu,Jon Karrikaburu,Real Sociedad,Deportivo Alaves,Sub,Sub,2.625,0.380952,0.029028,34.4493,0.0295,1.922,0.0153,0.0295,0.0,0.0,0,0.0,0.0,0.78,recent_long,0.0,1.0,0.0,0.0,0.0,,,0,none,0.0,0.0,0.0,0,,,bench,confirmed_bench,fotmob_confirmed,confirmed_xi,Jon Karrikaburu,T1,0.0,,14.0,,,0.0,0,,,,,0,14.0,6,0.6936,0.0,0.5889,-0.6936,1.5643,1.736,1.1097,1.1865,1.2396,-0.923801,-92.38,model,history,106.0,low,suppress,no_action,,0.0,,,no_action,confirmed_bench,Confirmed Lineup,odds_api_io,event_id=61624548;market=Anytime Goalscorer
2026-04-11T11:24:48Z,2026-04-11T11:24:20Z,2026-04-11,,Bet365,Spain - LaLiga,Real Sociedad San Sebastian,Deportivo Alaves,0,5058,Carles Alena,Carles Alena,Alaves,Real Sociedad San Sebastian,Sub,Sub,5.0,0.2,0.014196,70.441,0.0143,1.4484,0.0099,0.0143,0.0,0.0,0,0.0,0.0,3.0,recent_long,0.0,10.0,0.0,0.0,0.0,,,0,none,0.0,0.0,0.0,0,,,bench,confirmed_bench,fotmob_confirmed,confirmed_xi,Carles Aleñá,T1,0.0,,14.0,ML,3,0.8889,9,,,,,0,14.0,8,0.9338,0.0,0.1477,-0.9338,1.4235,1.6479,1.1576,1.0853,1.1912,-0.929019,-92.902,model,history,2916.0,low,suppress,no_action,,0.0,,,no_action,confirmed_bench,Confirmed Lineup,odds_api_io,event_id=61624548;market=Anytime Goalscorer
2026-04-11T11:24:48Z,2026-04-11T11:24:20Z,2026-04-11,,Bet365,Spain - LaLiga,Real Sociedad San Sebastian,Deportivo Alaves,0,5110,Mariano Diaz,Mariano Diaz,Alaves,Real Sociedad San Sebastian,Sub,Sub,4.0,0.25,0.016199,61.7322,0.0163,1.4484,0.0113,0.0163,0.0,0.0,0,0.0,0.0,2.8,recent_long,0.0,4.0,0.0,0.0,0.0,,,0,none,0.0,0.0,0.0,0,,,bench,confirmed_bench,fotmob_confirmed,confirmed_xi,Mariano Díaz,T1,0.0,,14.0,FW,5,1.0,3,,,,,0,14.0,8,0.1422,0.0,0.0554,-0.1422,1.7512,1.6479,0.941,1.0853,1.1912,-0.935204,-93.52,model,history,501.0,low,suppress,no_action,,0.0,,,no_action,confirmed_bench,Confirmed Lineup,odds_api_io,event_id=61624548;market=Anytime Goalscorer
2026-04-11T11:24:48Z,2026-04-11T11:24:20Z,2026-04-11,,Bet365,Spain - LaLiga,Real Sociedad San Sebastian,Deportivo Alaves,0,8423,Jon Pacheco,Jon Pacheco,Alaves,Real Sociedad San Sebastian,DC,DC,12.0,0.083333,0.004308,99.0,0.0043,1.4484,0.003,0.0043,0.0,0.0,0,0.0,0.0,2.18,recent_long,0.0,8.0,0.0,0.0,0.0,,,0,none,0.0,0.0,0.0,0,,,bench,confirmed_bench,fotmob_confirmed,confirmed_xi,Jon Pacheco,T1,0.0,,14.0,DC,1,1.0,10,,,,,0,14.0,8,0.1467,0.0,0.0194,-0.1467,1.5598,1.6479,1.0565,1.0853,1.1912,-0.948301,-94.83,model,history,4078.0,low,suppress,no_action,,0.0,,,no_action,confirmed_bench,Confirmed Lineup,odds_api_io,event_id=61624548;market=Anytime Goalscorer
2026-04-11T11:24:48Z,2026-04-11T11:24:20Z,2026-04-11,,Bet365,Spain - LaLiga,Real Sociedad San Sebastian,Deportivo Alaves,0,13764,Calebe,Calebe,Alaves,Real Sociedad San Sebastian,Sub,Sub,5.5,0.181818,0.009101,99.0,0.0091,1.4484,0.0063,0.0091,0.0,0.0,0,0.0,0.0,1.12,recent_long,0.0,2.0,0.0,0.0,0.0,,,0,none,0.0,0.0,0.0,0,,,bench,confirmed_bench,fotmob_confirmed,confirmed_xi,Calebe,T1,0.0,,14.0,MR,3,0.8889,9,,,,,0,14.0,8,0.0839,0.0,0.0186,-0.0839,1.5794,1.6479,1.0434,1.0853,1.1912,-0.949946,-94.995,model,history,742.0,low,suppress,no_action,,0.0,,,no_action,confirmed_bench,Confirmed Lineup,odds_api_io,event_id=61624548;market=Anytime Goalscorer
2026-04-11T11:24:48Z,2026-04-11T11:24:20Z,2026-04-11,,Bet365,Spain - LaLiga,FC Barcelona,Espanyol Barcelona,0,11924,Clemens Riedel,Clemens Riedel,Espanyol,FC Barcelona,DC,DC,15.0,0.066667,0.001,99.0,0.001,1.0647,0.0002,0.0002,0.0,0.0,0,0.0,0.0,0.42,recent_long,0.0,1.0,0.0,0.0,0.0,,,0,none,0.0,0.0,0.0,0,,,expected_out,expected_out,fotmob_expected,expected_xi,Clemens Riedel,T2,0.0,,0.0,DC,1,0.875,8,,,,,0,0.0,8,0.0,0.0,0.0,0.0,1.5183,1.3328,0.8778,0.9335,1.018,-0.985007,-98.501,model,history,1216.0,low,suppress,no_action,,0.0,,,no_action,"expected_out,fixture_t2",FotMob Expected XI,odds_api_io,event_id=61624540;market=Anytime Goalscorer
2026-04-11T11:24:48Z,2026-04-11T11:24:20Z,2026-04-11,,Bet365,Spain - LaLiga,FC Barcelona,Espanyol Barcelona,1,8026,Raphinha,Raphinha,Barcelona,Espanyol Barcelona,AML,AML,1.833,0.545554,0.004753,99.0,0.0048,3.1583,0.0015,0.0048,0.0,0.0,0,0.6353,0.6353,4.67,recent_long,6.0,20.0,0.3,0.0,0.0,,,1,tertiary,0.0,0.0,0.0,0,,,expected_out,expected_out,fotmob_expected,expected_xi,Raphinha,T2,0.0,,0.0,FWL,5,0.4444,9,,,,,0,0.0,8,3.1727,2.0,0.5278,-1.1727,1.4286,1.8392,1.2874,1.9334,1.25,-0.991288,-99.129,model,history,5583.0,low,suppress,no_action,,0.0,,,no_action,"expected_out,fixture_t2",FotMob Expected XI,odds_api_io,event_id=61624540;market=Anytime Goalscorer
2026-04-11T11:24:48Z,2026-04-11T11:24:20Z,2026-04-11,,Bet365,Spain - LaLiga,FC Barcelona,Espanyol Barcelona,1,12820,Marc Bernal,Marc Bernal,Barcelona,Espanyol Barcelona,Sub,Sub,4.0,0.25,0.00155,99.0,0.0016,3.1583,0.0005,0.0016,0.0,0.0,0,0.0,0.0,4.23,recent_long,0.0,7.0,0.0,0.0,0.0,,,0,none,0.0,0.0,0.0,0,,,expected_out,expected_out,fotmob_expected,expected_xi,Marc Bernal,T2,0.0,,0.0,MC,3,0.6,5,,,,,0,0.0,8,0.9356,2.0,0.2216,1.0644,1.4518,1.8392,1.2669,1.9334,1.25,-0.993801,-99.38,model,history,789.0,low,suppress,no_action,,0.0,,,no_action,"expected_out,fixture_t2",FotMob Expected XI,odds_api_io,event_id=61624540;market=Anytime Goalscorer
2026-04-11T11:24:48Z,2026-04-11T11:24:20Z,2026-04-11,,Bet365,Spain - LaLiga,FC Barcelona,Espanyol Barcelona,0,6933,Javi Puado,Javi Puado,Espanyol,FC Barcelona,Sub,Sub,3.2,0.3125,0.001888,99.0,0.0019,1.0647,0.0018,0.0019,0.0,0.0,0,0.7648,0.7648,3.59,recent_long,7.0,8.0,0.875,0.0,0.0,,,1,primary,0.0,0.0,0.0,0,,,expected_out,expected_out,fotmob_expected,expected_xi,Javi Puado,T2,0.0,,0.0,AML,4,0.625,8,,,,,0,0.0,8,3.2577,1.0,0.5783,-2.2577,1.5634,1.3328,0.8525,0.9335,1.018,-0.993958,-99.396,model,history,3710.0,low,suppress,no_action,,0.0,,,no_action,"expected_out,fixture_t2",FotMob Expected XI,odds_api_io,event_id=61624540;market=Anytime Goalscorer
2026-04-11T11:24:48Z,2026-04-11T11:24:20Z,2026-04-11,,Bet365,Spain - LaLiga,Real Sociedad San Sebastian,Deportivo Alaves,1,2418,Alvaro Odriozola,Alvaro Odriozola,Real Sociedad,Deportivo Alaves,Sub,Sub,12.0,0.083333,0.0,99.0,0.0,1.922,0.0,0.0,0.0,0.0,0,0.0,0.0,0.0,none,0.0,0.0,0.0,0.0,0.0,,,0,none,0.0,0.0,0.0,0,,,not_in_squad,not_in_squad,fotmob_confirmed,confirmed_xi,Álvaro Odriozola,T1,0.0,,0.0,DR,1,1.0,5,,,,,0,0.0,8,0.5726,1.0,0.1412,0.4274,1.8513,1.736,0.9377,1.1865,1.2396,-1.0,-100.0,model,history,591.0,low,suppress,no_action,,0.0,,,no_action,not_in_squad,Confirmed Lineup,odds_api_io,event_id=61624548;market=Anytime Goalscorer
2026-04-11T11:24:48Z,2026-04-11T11:24:20Z,2026-04-11,,Bet365,Spain - LaLiga,Real Sociedad San Sebastian,Deportivo Alaves,0,13319,Facundo Garces,Facundo Garces,Alaves,Real Sociedad San Sebastian,Sub,Sub,12.0,0.083333,0.0,99.0,0.0,1.4484,0.0,0.0,0.0,0.0,0,0.0,0.0,0.0,none,0.0,0.0,0.0,0.0,0.0,,,0,none,0.0,0.0,0.0,0,,,not_in_squad,not_in_squad,fotmob_confirmed,confirmed_xi,Facundo Garcés,T1,0.0,,0.0,DC,1,1.0,8,,,,,0,0.0,8,0.5367,0.0,0.0797,-0.5367,1.7051,1.6479,0.9665,1.0853,1.1912,-1.0,-100.0,model,history,1456.0,low,suppress,no_action,,0.0,,,no_action,not_in_squad,Confirmed Lineup,odds_api_io,event_id=61624548;market=Anytime Goalscorer
2026-04-11T11:24:48Z,2026-04-11T11:24:20Z,2026-04-11,,Bet365,Spain - LaLiga,Real Sociedad San Sebastian,Deportivo Alaves,1,2417,Igor Zubeldia,Igor Zubeldia,Real Sociedad,Deportivo Alaves,DC,DC,9.5,0.105263,0.0,99.0,0.0,1.922,0.0,0.0,0.0,0.0,0,0.0,0.0,0.0,none,0.0,0.0,0.0,0.0,0.0,,,0,none,0.0,0.0,0.0,0,,,not_in_squad,not_in_squad,fotmob_confirmed,confirmed_xi,Igor Zubeldia,T1,0.0,,0.0,DC,1,1.0,9,,,,,0,0.0,8,0.1124,0.0,0.0158,-0.1124,1.5582,1.736,1.1141,1.1865,1.2396,-1.0,-100.0,model,history,6722.0,low,suppress,no_action,,0.0,,,no_action,not_in_squad,Confirmed Lineup,odds_api_io,event_id=61624548;market=Anytime Goalscorer
2026-04-11T11:24:48Z,2026-04-11T11:24:20Z,2026-04-11,,Bet365,Spain - LaLiga,Real Sociedad San Sebastian,Deportivo Alaves,1,13936,Jon Gorrotxategi,Jon Gorrotxategi,Real Sociedad,Deportivo Alaves,MC,MC,6.5,0.153846,0.0,99.0,0.0,1.922,0.0,0.0,0.0,0.0,0,0.0,0.0,0.0,none,0.0,0.0,0.0,0.0,0.0,,,0,none,0.0,0.0,0.0,0,,,not_in_squad,not_in_squad,fotmob_confirmed,confirmed_xi,Jon Gorrotxategi,T1,0.0,,0.0,MC,3,0.5,8,,,,,0,0.0,8,0.0842,0.0,0.0132,-0.0842,1.6778,1.736,1.0347,1.1865,1.2396,-1.0,-100.0,model,history,1927.0,low,suppress,no_action,,0.0,,,no_action,not_in_squad,Confirmed Lineup,odds_api_io,event_id=61624548;market=Anytime Goalscorer
2026-04-11T11:24:48Z,2026-04-11T11:24:20Z,2026-04-11,,Bet365,Spain - LaLiga,Real Sociedad San Sebastian,Deportivo Alaves,1,12353,Jon Martin,Jon Martin,Real Sociedad,Deportivo Alaves,DC,DC,11.0,0.090909,0.0,99.0,0.0,1.922,0.0,0.0,0.0,0.0,0,0.0,0.0,0.0,none,0.0,0.0,0.0,0.0,0.0,,,0,none,0.0,0.0,0.0,0,,,not_in_squad,not_in_squad,fotmob_confirmed,confirmed_xi,Jon Martín,T1,0.0,,0.0,DC,1,1.0,10,,,,,0,0.0,8,1.6631,1.0,0.2079,-0.6631,1.5364,1.736,1.13,1.1865,1.2396,-1.0,-100.0,model,history,2594.0,low,suppress,no_action,,0.0,,,no_action,not_in_squad,Confirmed Lineup,odds_api_io,event_id=61624548;market=Anytime Goalscorer
2026-04-11T11:24:48Z,2026-04-11T11:24:20Z,2026-04-11,,Bet365,Spain - LaLiga,Real Sociedad San Sebastian,Deportivo Alaves,1,7350,Yangel Herrera,Yangel Herrera,Real Sociedad San Sebastian,Deportivo Alaves,MC,MC,3.75,0.266667,0.0,99.0,0.0,1.922,0.0,0.0,0.0,0.0,0,0.0,0.0,0.0,none,0.0,0.0,0.0,0.0,0.0,,,0,none,0.0,0.0,0.0,0,,,not_in_squad,not_in_squad,fotmob_confirmed,confirmed_xi,Yangel Herrera,T1,0.0,,0.0,MC,3,0.6,10,,,,,0,0.0,8,0.7391,0.0,0.0984,-0.7391,1.3219,1.736,1.3132,1.1865,1.2396,-1.0,-100.0,model,history,4457.0,low,suppress,no_action,,0.0,,,no_action,not_in_squad,Confirmed Lineup,odds_api_io,event_id=61624548;market=Anytime Goalscorer
2026-04-11T11:24:48Z,2026-04-11T11:24:20Z,2026-04-12,,Bet365,Spain - LaLiga,RCD Mallorca,Rayo Vallecano,0,7071,Jandro Garcia,Jandro Garcia,Rayo Vallecano,RCD Mallorca,FWL,FWL,7.0,0.142857,0.19495,5.1295,0.2169,1.5563,0.1393,0.2169,0.0,0.0,0,0.0,0.0,1.55,recent_long,0.0,10.0,0.0,0.0,0.0,,,0,none,0.0,0.0,0.0,0,,,expected_starter,expected_starter,fotmob_expected,expected_xi,Álvaro Garcia,T2,0.0,,78.0,AML,4,0.8,5,FW,5,4-3-3,1,0,78.0,8,1.6105,1.0,0.3745,-0.6105,1.8566,1.7964,0.9676,1.1113,1.25,0.364653,36.465,model,history,7111.0,medium,surface_with_caveat,no_action,,0.0,,,shadow_track,"history_resolver,expected_xi,fixture_t2",FotMob Expected XI,odds_api_io,event_id=61624546;market=Anytime Goalscorer
2026-04-11T11:24:48Z,2026-04-11T11:24:20Z,2026-04-12,,Bet365,Spain - LaLiga,RCD Mallorca,Rayo Vallecano,0,9811,Oscar Valentin,Oscar Valentin,Rayo Vallecano,RCD Mallorca,MC,MC,12.0,0.083333,0.082766,12.0823,0.0864,1.5563,0.0555,0.0864,0.0,0.0,0,0.0,0.0,0.92,recent_long,0.0,9.0,0.0,0.0,0.0,,,0,none,0.0,0.0,0.0,0,,,expected_starter,expected_starter,fotmob_expected,expected_xi,Óscar Valentín,T2,0.0,,78.0,DMC,2,0.75,8,MID,3,4-3-3,1,0,78.0,8,1.0978,1.0,0.1922,-0.0978,1.8566,1.7964,0.9676,1.1113,1.25,-0.006812,-0.681,model,history,6237.0,medium,monitor,no_action,,0.0,,,no_action,"history_resolver,expected_xi,fixture_t2",FotMob Expected XI,odds_api_io,event_id=61624546;market=Anytime Goalscorer
2026-04-11T11:24:48Z,2026-04-11T11:24:20Z,2026-04-12,,Bet365,Spain - LaLiga,RCD Mallorca,Rayo Vallecano,1,9002,Vedat Muriqi,Vedat Muriqi,Mallorca,Rayo Vallecano,FW,FW,2.375,0.421053,0.370753,2.6972,0.4632,1.2068,0.2487,0.3001,0.1631,0.3521,0,0.8425,1.0,3.9,recent_long,13.0,14.0,0.9286,0.0,0.0,,,1,primary,0.74,6.0,0.0232,0,,,expected_starter,expected_starter,fotmob_expected,expected_xi,Vedat Muriqi,T2,0.0,,88.6,FW,5,1.0,10,FW,5,4-3-1-2,0,0,88.6,8,2.7101,4.0,0.3489,1.2899,1.7293,1.3519,0.7818,0.8979,1.0285,-0.119461,-11.946,model,history,6846.0,medium,monitor,no_action,,0.0,,,no_action,"history_resolver,expected_xi,fixture_t2",FotMob Expected XI,odds_api_io,event_id=61624546;market=Anytime Goalscorer
2026-04-11T11:24:48Z,2026-04-11T11:24:20Z,2026-04-12,,Bet365,Spain - LaLiga,RCD Mallorca,Rayo Vallecano,0,8107,Jorge De Frutos,Jorge De Frutos,Rayo Vallecano,RCD Mallorca,FWR,FWR,3.4,0.294118,0.25873,3.865,0.2994,1.5563,0.1621,0.2523,0.0471,0.1573,0,0.572,0.572,1.59,recent_long,1.0,8.0,0.125,0.0,0.0,,,1,secondary,0.0,0.0,0.0229,0,,,expected_starter,expected_starter,fotmob_expected,expected_xi,Jorge de Frutos,T2,0.0,,78.0,FW,5,0.7778,9,FW,5,4-3-3,0,0,78.0,8,2.2018,2.0,0.3458,-0.2018,1.8566,1.7964,0.9676,1.1113,1.25,-0.120318,-12.032,model,history,6148.0,medium,monitor,no_action,,0.0,,,no_action,"history_resolver,expected_xi,fixture_t2",FotMob Expected XI,odds_api_io,event_id=61624546;market=Anytime Goalscorer
2026-04-11T11:24:48Z,2026-04-11T11:24:20Z,2026-04-12,,Bet365,Spain - LaLiga,RC Celta de Vigo,Real Oviedo,0,13705,Federico Vinas,Federico Vinas,Real Oviedo,RC Celta de Vigo,FW,FW,3.5,0.285714,0.248514,4.0239,0.2857,1.0481,0.2301,0.2412,0.0445,0.1558,0,0.5975,0.9569,1.48,recent_long,2.0,3.0,0.6667,0.0,0.0,,,1,primary,0.42,3.0,0.0091,0,,,unknown,unknown,none,none,,T2,1.0,no_lineup_payload,85.0,FW,5,1.0,10,,,,,0,85.0,8,2.6899,3.0,0.3587,0.3101,1.7158,1.3,0.7577,0.9355,1.0,-0.130202,-13.02,model,history,1876.0,medium,monitor,no_action,,0.0,,,no_action,"history_resolver,no_xi_yet,fixture_t2",,odds_api_io,event_id=61624542;market=Anytime Goalscorer
2026-04-11T11:24:48Z,2026-04-11T11:24:20Z,2026-04-12,,Bet365,Spain - LaLiga,RCD Mallorca,Rayo Vallecano,0,12286,Nobel Mendy,Nobel Mendy,Rayo Vallecano,RCD Mallorca,DC,DC,13.0,0.076923,0.06602,15.147,0.0683,1.5563,0.0439,0.0683,0.0,0.0,0,0.0,0.0,0.65,recent_long,0.0,1.0,0.0,0.0,0.0,,,0,none,0.0,0.0,0.0,0,,,unknown,unknown,fotmob_expected,expected_xi,,T2,0.0,,78.4,DC,1,1.0,9,,,,,0,78.4,8,0.6795,1.0,0.096,0.3205,1.6622,1.7964,1.0808,1.1113,1.25,-0.141742,-14.174,model,history,1549.0,medium,monitor,no_action,,0.0,,,no_action,"history_resolver,no_xi_yet,fixture_t2",FotMob Expected XI,odds_api_io,event_id=61624546;market=Anytime Goalscorer
2026-04-11T11:24:48Z,2026-04-11T11:24:20Z,2026-04-12,,Bet365,Spain - LaLiga,RC Celta de Vigo,Real Oviedo,0,14393,Adri Fernandez,Adri Fernandez,Real Oviedo,RC Celta de Vigo,AML,AML,13.0,0.076923,0.061345,16.3012,0.0633,1.0481,0.0604,0.0633,0.0,0.0,0,0.0,0.0,0.94,recent_long,0.0,1.0,0.0,0.0,0.0,,,0,none,0.0,0.0,0.0,0,,,unknown,unknown,none,none,,T2,1.0,no_lineup_payload,48.5,AML,4,1.0,4,,,,,0,48.5,8,0.4895,0.0,0.1153,-0.4895,1.7158,1.3,0.7577,0.9355,1.0,-0.202513,-20.251,model,history,406.0,low,suppress,no_action,,0.0,,,no_action,"history_lt_500,fixture_t2",,odds_api_io,event_id=61624542;market=Anytime Goalscorer
2026-04-11T11:24:48Z,2026-04-11T11:24:20Z,2026-04-12,,Bet365,Spain - LaLiga,RCD Mallorca,Rayo Vallecano,0,7071,Alvaro Garcia,Alvaro Garcia,Rayo Vallecano,RCD Mallorca,FWL,FWL,4.0,0.25,0.19495,5.1295,0.2169,1.5563,0.1393,0.2169,0.0,0.0,0,0.0,0.0,1.55,recent_long,0.0,10.0,0.0,0.0,0.0,,,0,none,0.0,0.0,0.0,0,,,expected_starter,expected_starter,fotmob_expected,expected_xi,Álvaro Garcia,T2,0.0,,78.0,AML,4,0.8,5,FW,5,4-3-3,1,0,78.0,8,1.6105,1.0,0.3745,-0.6105,1.8566,1.7964,0.9676,1.1113,1.25,-0.220198,-22.02,model,history,7111.0,medium,monitor,no_action,,0.0,,,no_action,"history_resolver,expected_xi,fixture_t2",FotMob Expected XI,odds_api_io,event_id=61624546;market=Anytime Goalscorer
2026-04-11T11:24:48Z,2026-04-11T11:24:20Z,2026-04-12,,Bet365,Spain - LaLiga,RCD Mallorca,Rayo Vallecano,1,11025,Pablo Torre,Pablo Torre,Mallorca,Rayo Vallecano,AMC,AMC,6.5,0.153846,0.119638,8.3585,0.1274,1.2068,0.1056,0.1274,0.0,0.0,0,0.0,0.0,4.71,recent_long,0.0,18.0,0.0,0.0,0.0,,,1,tertiary,0.0,0.0,0.0,0,,,expected_starter,expected_starter,fotmob_expected,expected_xi,Pablo Torre,T2,0.0,,78.0,AMC,4,1.0,5,AM,4,4-3-1-2,0,0,78.0,8,0.8806,3.0,0.2239,2.1194,1.7293,1.3519,0.7818,0.8979,1.0285,-0.222353,-22.235,model,history,1975.0,medium,monitor,no_action,,0.0,,,no_action,"history_resolver,expected_xi,fixture_t2",FotMob Expected XI,odds_api_io,event_id=61624546;market=Anytime Goalscorer
2026-04-11T11:24:48Z,2026-04-11T11:24:20Z,2026-04-12,,Bet365,Spain - LaLiga,Athletic Bilbao,Villarreal CF,1,2498,Aymeric Laporte,Aymeric Laporte,Athletic Club,Villarreal CF,DC,DC,11.0,0.090909,0.070073,14.2707,0.0726,1.5254,0.0476,0.0726,0.0,0.0,0,0.0,0.0,1.82,recent_long,0.0,3.0,0.0,0.0,0.0,,,0,none,0.0,0.0,0.0,0,,,unknown,unknown,none,none,,T2,1.0,no_lineup_payload,86.4,DC,1,1.0,10,,,,,0,86.4,8,1.4638,0.0,0.183,-1.4638,1.3625,1.3,0.9541,1.1672,1.0,-0.229192,-22.919,model,history,1582.0,medium,monitor,no_action,,0.0,,,no_action,"history_resolver,no_xi_yet,fixture_t2",,odds_api_io,event_id=61624538;market=Anytime Goalscorer
2026-04-11T11:24:48Z,2026-04-11T11:24:20Z,2026-04-12,,Bet365,Spain - LaLiga,CA Osasuna,Real Betis Seville,0,6954,Cucho Hernandez,Cucho Hernandez,Real Betis,CA Osasuna,FW,FW,2.875,0.347826,0.266357,3.7544,0.3097,1.4947,0.1701,0.2543,0.0555,0.1791,0,0.7555,0.8308,1.24,recent_long,1.0,7.0,0.1429,0.0,0.0,,,1,primary,0.74,6.0,0.0279,0,,,expected_starter,expected_starter,fotmob_expected,expected_xi,Juan Hernández,T2,0.0,,80.7,FW,5,1.0,9,FW,5,4-2-3-1,0,0,80.7,8,2.8951,1.0,0.4314,-1.8951,1.4397,1.4154,0.9831,1.2545,1.0634,-0.234225,-23.422,model,history,3274.0,medium,monitor,no_action,,0.0,,,no_action,"history_resolver,expected_xi,fixture_t2",FotMob Expected XI,odds_api_io,event_id=61624552;market=Anytime Goalscorer
2026-04-11T11:24:48Z,2026-04-11T11:24:20Z,2026-04-12,,Bet365,Spain - LaLiga,RCD Mallorca,Rayo Vallecano,1,10974,Costa Samu,Costa Samu,Mallorca,Rayo Vallecano,MC,MC,9.5,0.105263,0.08026,12.4595,0.0837,1.2068,0.0693,0.0837,0.0,0.0,0,0.0,0.0,4.02,recent_long,0.0,14.0,0.0,0.0,0.0,,,0,none,0.0,0.0,0.0,0,,,expected_starter,expected_starter,fotmob_expected,expected_xi,Samú,T2,0.0,,85.4,MC,3,0.5,10,MID,3,4-3-1-2,0,0,85.4,8,0.4514,1.0,0.06,0.5486,1.7293,1.3519,0.7818,0.8979,1.0285,-0.237527,-23.753,model,history,7115.0,medium,monitor,no_action,,0.0,,,no_action,"history_resolver,expected_xi,fixture_t2",FotMob Expected XI,odds_api_io,event_id=61624546;market=Anytime Goalscorer
2026-04-11T11:24:48Z,2026-04-11T11:24:20Z,2026-04-12,,Bet365,Spain - LaLiga,RCD Mallorca,Rayo Vallecano,1,6592,Manu Morlanes,Manu Morlanes,Mallorca,Rayo Vallecano,MC,MC,8.5,0.117647,0.089498,11.1734,0.0938,1.2068,0.0777,0.0938,0.0,0.0,0,0.0,0.0,2.75,recent_long,0.0,9.0,0.0,0.0,0.0,,,0,none,0.0,0.0,0.0,0,,,expected_starter,expected_starter,fotmob_expected,expected_xi,Manu Morlanes,T2,0.0,,78.0,MC,3,0.75,4,MID,3,4-3-1-2,0,0,78.0,8,0.8143,1.0,0.2443,0.1857,1.7293,1.3519,0.7818,0.8979,1.0285,-0.239264,-23.926,model,history,4155.0,medium,monitor,no_action,,0.0,,,no_action,"history_resolver,expected_xi,fixture_t2",FotMob Expected XI,odds_api_io,event_id=61624546;market=Anytime Goalscorer
2026-04-11T11:24:48Z,2026-04-11T11:24:20Z,2026-04-12,,Bet365,Spain - LaLiga,CA Osasuna,Real Betis Seville,0,6427,Aitor Ruibal,Aitor Ruibal,Real Betis,CA Osasuna,FWL,FWL,4.75,0.210526,0.154787,6.4605,0.1682,1.4947,0.1125,0.1682,0.0,0.0,0,0.0,0.0,1.87,recent_long,0.0,11.0,0.0,0.0,0.0,,,0,none,0.0,0.0,0.0,0,,,expected_starter,expected_starter,fotmob_expected,expected_xi,Aitor Ruibal,T2,0.0,,81.6,DR,1,0.6,10,AM,4,4-2-3-1,3,0,81.6,8,1.4484,0.0,0.1951,-1.4484,1.4397,1.4154,0.9831,1.2545,1.0634,-0.264763,-26.476,model,history,3930.0,medium,monitor,no_action,,0.0,,,no_action,"history_resolver,expected_xi,fixture_t2",FotMob Expected XI,odds_api_io,event_id=61624552;market=Anytime Goalscorer
2026-04-11T11:24:48Z,2026-04-11T11:24:20Z,2026-04-12,,Bet365,Spain - LaLiga,RC Celta de Vigo,Real Oviedo,0,4160,David Costas,David Costas,Real Oviedo,RC Celta de Vigo,DC,DC,19.0,0.052632,0.038209,26.1717,0.039,1.0481,0.0372,0.039,0.0,0.0,0,0.0,0.0,1.42,recent_long,0.0,2.0,0.0,0.0,0.0,,,0,none,0.0,0.0,0.0,0,,,unknown,unknown,none,none,,T2,1.0,no_lineup_payload,86.6,DC,1,1.0,10,,,,,0,86.6,8,0.8626,1.0,0.1078,0.1374,1.6856,1.3,0.7712,0.9355,1.0,-0.274025,-27.403,model,history,1621.0,medium,monitor,no_action,,0.0,,,no_action,"history_resolver,no_xi_yet,fixture_t2",,odds_api_io,event_id=61624542;market=Anytime Goalscorer
2026-04-11T11:24:48Z,2026-04-11T11:24:20Z,2026-04-12,,Bet365,Spain - LaLiga,CA Osasuna,Real Betis Seville,1,1235,Ante Budimir,Ante Budimir,Osasuna,Real Betis Seville,FW,FW,2.05,0.487805,0.337541,2.9626,0.4118,1.3557,0.2253,0.3054,0.1063,0.2583,0,0.8443,0.9909,4.27,recent_long+review_events,18.0,20.0,0.9,1.0,1.0,review_events,,1,primary,0.74,6.0,0.014,0,,,expected_starter,expected_starter,fotmob_expected,expected_xi,Ante Budimir,T2,0.0,,83.0,FW,5,1.0,10,FW,5,4-2-3-1,0,0,83.0,8,2.1974,3.0,0.3019,0.8026,1.6256,1.2442,0.7654,1.0702,0.9694,-0.308042,-30.804,model,history,7805.0,medium,monitor,no_action,,0.0,,,no_action,"history_resolver,expected_xi,fixture_t2",FotMob Expected XI,odds_api_io,event_id=61624552;market=Anytime Goalscorer
2026-04-11T11:24:48Z,2026-04-11T11:24:20Z,2026-04-12,,Bet365,Spain - LaLiga,RC Celta de Vigo,Real Oviedo,0,13701,Ilyas Chaira,Ilyas Chaira,Real Oviedo,RC Celta de Vigo,AMR,AMR,5.0,0.2,0.138292,7.2311,0.1488,1.0481,0.142,0.1488,0.0,0.0,0,0.0,0.0,1.44,recent_long,0.0,3.0,0.0,0.0,0.0,,,0,none,0.0,0.0,0.0,0,,,unknown,unknown,none,none,,T2,1.0,no_lineup_payload,72.7,AML,4,0.75,8,,,,,0,72.7,8,2.2689,2.0,0.3788,-0.2689,1.7158,1.3,0.7577,0.9355,1.0,-0.308539,-30.854,model,history,1883.0,medium,monitor,no_action,,0.0,,,no_action,"history_resolver,no_xi_yet,fixture_t2",,odds_api_io,event_id=61624542;market=Anytime Goalscorer
2026-04-11T11:24:48Z,2026-04-11T11:24:20Z,2026-04-12,,Bet365,Spain - LaLiga,RCD Mallorca,Rayo Vallecano,0,9812,Isi Palazon,Isi Palazon,Rayo Vallecano,RCD Mallorca,MC,MC,4.75,0.210526,0.139862,7.1499,0.1507,1.5563,0.0613,0.0955,0.0552,0.3664,0,0.6706,0.4058,1.57,recent_long,4.0,10.0,0.4,0.0,0.0,,,1,primary,0.74,6.0,0.0381,0,,,expected_starter,expected_starter,fotmob_expected,expected_xi,Isi Palazón,T2,0.0,,78.0,AMC,4,0.5,8,MID,3,4-3-3,-1,0,78.0,8,1.1767,1.0,0.2044,-0.1767,1.8566,1.7964,0.9676,1.1113,1.25,-0.335655,-33.565,model,history,7151.0,medium,monitor,no_action,,0.0,,,no_action,"history_resolver,expected_xi,fixture_t2",FotMob Expected XI,odds_api_io,event_id=61624546;market=Anytime Goalscorer
2026-04-11T11:24:48Z,2026-04-11T11:24:20Z,2026-04-12,,Bet365,Spain - LaLiga,Athletic Bilbao,Villarreal CF,1,8765,Pau Navarro,Pau Navarro,Athletic Club,Villarreal CF,Sub,Sub,13.0,0.076923,0.050304,19.8792,0.0516,1.5254,0.0338,0.0516,0.0,0.0,0,0.0,0.0,2.54,recent_long,0.0,12.0,0.0,0.0,0.0,,,0,none,0.0,0.0,0.0,0,,,unknown,unknown,none,none,,T2,1.0,no_lineup_payload,34.7,AMR,4,1.0,2,,,,,0,34.7,8,1.0629,2.0,0.3276,0.9371,1.4051,1.3,0.9252,1.1672,1.0,-0.34605,-34.605,model,history,4186.0,medium,monitor,no_action,,0.0,,,no_action,"history_resolver,no_xi_yet,fixture_t2",,odds_api_io,event_id=61624538;market=Anytime Goalscorer
2026-04-11T11:24:48Z,2026-04-11T11:24:20Z,2026-04-12,,Bet365,Spain - LaLiga,RC Celta de Vigo,Real Oviedo,0,14018,Lucas Ahijado,Lucas Ahijado,Real Oviedo,RC Celta de Vigo,DR,DR,19.0,0.052632,0.034384,29.083,0.035,1.0481,0.0334,0.035,0.0,0.0,0,0.0,0.0,0.0,none,0.0,0.0,0.0,0.0,0.0,,,0,none,0.0,0.0,0.0,0,,,unknown,unknown,none,none,,T2,1.0,no_lineup_payload,61.9,DR,1,1.0,7,,,,,0,61.9,8,0.6547,0.0,0.1273,-0.6547,1.3654,1.3,0.9521,0.9355,1.0,-0.346698,-34.67,model,history,973.0,medium,monitor,no_action,,0.0,,,no_action,"history_resolver,no_xi_yet,fixture_t2",,odds_api_io,event_id=61624542;market=Anytime Goalscorer
2026-04-11T11:24:48Z,2026-04-11T11:24:20Z,2026-04-12,,Bet365,Spain - LaLiga,CA Osasuna,Real Betis Seville,1,5140,Kike Barja,Kike Barja,Osasuna,Real Betis Seville,AML,AML,5.0,0.2,0.130051,7.6893,0.1393,1.3557,0.1028,0.1393,0.0,0.0,0,0.0,0.0,3.27,recent_long,0.0,10.0,0.0,0.0,0.0,,,0,none,0.0,0.0,0.0,0,,,expected_starter,expected_starter,fotmob_expected,expected_xi,Enrique Barja,T2,0.0,,78.0,AML,4,1.0,1,AM,4,4-2-3-1,0,0,78.0,8,0.6095,1.0,0.3836,0.3905,1.6256,1.2442,0.7654,1.0702,0.9694,-0.349745,-34.974,model,history,838.0,medium,monitor,no_action,,0.0,,,no_action,"history_resolver,expected_xi,fixture_t2",FotMob Expected XI,odds_api_io,event_id=61624552;market=Anytime Goalscorer
2026-04-11T11:24:48Z,2026-04-11T11:24:20Z,2026-04-12,,Bet365,Spain - LaLiga,Athletic Bilbao,Villarreal CF,1,5091,Alex Berenguer,Alex Berenguer,Athletic Club,Villarreal CF,AML,AML,4.5,0.222222,0.143792,6.9545,0.1552,1.5254,0.1018,0.1552,0.0,0.0,0,0.0,0.0,1.36,recent_long,2.0,14.0,0.1429,0.0,0.0,,,0,none,0.0,0.0,0.0,0,,,unknown,unknown,none,none,,T2,1.0,no_lineup_payload,76.5,AMR,4,0.5,8,,,,,0,76.5,8,1.2904,0.0,0.1829,-1.2904,1.3625,1.3,0.9541,1.1672,1.0,-0.352937,-35.294,model,history,5802.0,medium,monitor,no_action,,0.0,,,no_action,"history_resolver,no_xi_yet,fixture_t2",,odds_api_io,event_id=61624538;market=Anytime Goalscorer
2026-04-11T11:24:48Z,2026-04-11T11:24:20Z,2026-04-12,,Bet365,Spain - LaLiga,RCD Mallorca,Rayo Vallecano,0,14059,Alexandre Alemao,Alexandre Alemao,Rayo Vallecano,RCD Mallorca,FW,FW,3.1,0.322581,0.208637,4.793,0.234,1.5563,0.1504,0.234,0.0,0.0,0,0.0,0.0,0.83,recent_long,0.0,1.0,0.0,0.0,0.0,,,0,none,0.0,0.0,0.0,0,,,expected_starter,expected_starter,fotmob_expected,expected_xi,Alemão,T2,0.0,,78.0,FW,5,1.0,2,FW,5,4-3-3,0,0,78.0,8,0.0428,0.0,0.0157,-0.0428,1.9878,1.7964,0.9037,1.1113,1.25,-0.353225,-35.323,model,history,779.0,medium,monitor,no_action,,0.0,,,no_action,"history_resolver,expected_xi,fixture_t2",FotMob Expected XI,odds_api_io,event_id=61624546;market=Anytime Goalscorer
2026-04-11T11:24:48Z,2026-04-11T11:24:20Z,2026-04-12,,Bet365,Spain - LaLiga,RC Celta de Vigo,Real Oviedo,0,13700,Alberto Reina,Alberto Reina,Real Oviedo,RC Celta de Vigo,AMC,AMC,6.0,0.166667,0.107212,9.3273,0.1134,1.0481,0.1082,0.1134,0.0,0.0,0,0.0,0.0,1.41,recent_long,0.0,3.0,0.0,0.0,0.0,,,0,none,0.0,0.0,0.0,0,,,unknown,unknown,none,none,,T2,1.0,no_lineup_payload,76.1,AMC,4,1.0,10,,,,,0,76.1,8,1.0299,1.0,0.1455,-0.0299,1.7158,1.3,0.7577,0.9355,1.0,-0.35673,-35.673,model,history,1843.0,medium,monitor,no_action,,0.0,,,no_action,"history_resolver,no_xi_yet,fixture_t2",,odds_api_io,event_id=61624542;market=Anytime Goalscorer
2026-04-11T11:24:48Z,2026-04-11T11:24:20Z,2026-04-12,,Bet365,Spain - LaLiga,RCD Mallorca,Rayo Vallecano,1,10380,Andre Zito Luvumbo,Andre Zito Luvumbo,Mallorca,Rayo Vallecano,FW,FW,3.5,0.285714,0.179657,5.5662,0.198,1.2068,0.1641,0.198,0.0,0.0,0,0.0,0.0,0.94,recent_long,0.0,1.0,0.0,0.0,0.0,,,0,none,0.0,0.0,0.0,0,,,expected_starter,expected_starter,fotmob_expected,expected_xi,Zito Luvumbo,T2,0.0,,78.0,FW,5,0.5,2,FW,5,4-3-1-2,0,0,78.0,5,0.1272,0.0,0.0537,-0.1272,1.7293,1.3519,0.7818,0.8979,1.0285,-0.371201,-37.12,model,history,213.0,low,suppress,no_action,,0.0,,,no_action,"history_lt_500,fixture_t2",FotMob Expected XI,odds_api_io,event_id=61624546;market=Anytime Goalscorer
2026-04-11T11:24:48Z,2026-04-11T11:24:20Z,2026-04-12,,Bet365,Spain - LaLiga,Athletic Bilbao,Villarreal CF,1,7020,Gorka Guruzeta,Gorka Guruzeta,Athletic Club,Villarreal CF,FW,FW,2.6,0.384615,0.235542,4.2455,0.2686,1.5254,0.1641,0.2503,0.0183,0.0682,0,0.1998,0.3484,2.82,recent_long,2.0,17.0,0.1176,0.0,0.0,,,1,tertiary,0.06,3.0,0.0,0,,,unknown,unknown,none,none,,T2,1.0,no_lineup_payload,67.6,FW,5,0.875,8,,,,,0,67.6,8,2.6386,3.0,0.4665,0.3614,1.3625,1.3,0.9541,1.1672,1.0,-0.387591,-38.759,model,history,5939.0,medium,monitor,no_action,,0.0,,,no_action,"history_resolver,no_xi_yet,fixture_t2",,odds_api_io,event_id=61624538;market=Anytime Goalscorer
2026-04-11T11:24:48Z,2026-04-11T11:24:20Z,2026-04-12,,Bet365,Spain - LaLiga,Athletic Bilbao,Villarreal CF,1,6766,Dani Vivian,Dani Vivian,Athletic Club,Villarreal CF,DR,DR,13.0,0.076923,0.046289,21.6032,0.0474,1.5254,0.0311,0.0474,0.0,0.0,0,0.0,0.0,2.34,recent_long,0.0,15.0,0.0,0.0,0.0,,,0,none,0.0,0.0,0.0,0,,,unknown,unknown,none,none,,T2,1.0,no_lineup_payload,88.4,DC,1,0.9,10,,,,,0,88.4,8,0.5641,1.0,0.0705,0.4359,1.3625,1.3,0.9541,1.1672,1.0,-0.398237,-39.824,model,history,7664.0,medium,monitor,no_action,,0.0,,,no_action,"history_resolver,no_xi_yet,fixture_t2",,odds_api_io,event_id=61624538;market=Anytime Goalscorer
2026-04-11T11:24:48Z,2026-04-11T11:24:20Z,2026-04-12,,Bet365,Spain - LaLiga,Athletic Bilbao,Villarreal CF,1,7779,Oihan Sancet,Oihan Sancet,Athletic Club,Villarreal CF,AMC,AMC,3.25,0.307692,0.18284,5.4693,0.2019,1.5254,0.1071,0.1634,0.0386,0.1909,0,0.4111,0.4003,2.48,recent_long,6.0,12.0,0.5,0.0,0.0,,,1,primary,0.42,3.0,0.0152,0,,,unknown,unknown,none,none,,T2,1.0,no_lineup_payload,69.1,AMC,4,1.0,8,,,,,0,69.1,8,2.5638,1.0,0.3865,-1.5638,1.3625,1.3,0.9541,1.1672,1.0,-0.40577,-40.577,model,history,5289.0,medium,monitor,no_action,,0.0,,,no_action,"history_resolver,no_xi_yet,fixture_t2",,odds_api_io,event_id=61624538;market=Anytime Goalscorer
2026-04-11T11:24:48Z,2026-04-11T11:24:20Z,2026-04-12,,Bet365,Spain - LaLiga,RCD Mallorca,Rayo Vallecano,0,5672,Ivan Balliu,Ivan Balliu,Rayo Vallecano,RCD Mallorca,DR,DR,21.0,0.047619,0.02745,36.4296,0.0278,1.5563,0.0179,0.0278,0.0,0.0,0,0.0,0.0,1.82,recent_long,0.0,8.0,0.0,0.0,0.0,,,0,none,0.0,0.0,0.0,0,,,unknown,unknown,fotmob_expected,expected_xi,,T2,0.0,,40.6,DR,1,1.0,3,,,,,0,40.6,8,0.6016,0.0,0.2694,-0.6016,1.7976,1.7964,0.9993,1.1113,1.25,-0.423546,-42.355,model,history,4361.0,medium,monitor,no_action,,0.0,,,no_action,"history_resolver,no_xi_yet,fixture_t2",FotMob Expected XI,odds_api_io,event_id=61624546;market=Anytime Goalscorer
2026-04-11T11:24:48Z,2026-04-11T11:24:20Z,2026-04-12,,Bet365,Spain - LaLiga,RC Celta de Vigo,Real Oviedo,0,5162,Nacho Vidal,Nacho Vidal,Real Oviedo,RC Celta de Vigo,DR,DR,13.0,0.076923,0.043367,23.0588,0.0443,1.0481,0.0423,0.0443,0.0,0.0,0,0.0,0.0,1.89,recent_long,0.0,4.0,0.0,0.0,0.0,,,0,none,0.0,0.0,0.0,0,,,unknown,unknown,none,none,,T2,1.0,no_lineup_payload,83.4,DR,1,1.0,9,,,,,0,83.4,8,0.1043,0.0,0.0138,-0.1043,1.7158,1.3,0.7577,0.9355,1.0,-0.436223,-43.622,model,history,1795.0,medium,monitor,no_action,,0.0,,,no_action,"history_resolver,no_xi_yet,fixture_t2",,odds_api_io,event_id=61624542;market=Anytime Goalscorer
2026-04-11T11:24:48Z,2026-04-11T11:24:20Z,2026-04-12,,Bet365,Spain - LaLiga,CA Osasuna,Real Betis Seville,0,11094,Antony,Antony,Real Betis,CA Osasuna,FWR,FWR,3.25,0.307692,0.173054,5.7785,0.19,1.4947,0.1271,0.19,0.0,0.0,0,0.0,0.0,1.7,recent_long,0.0,8.0,0.0,0.0,0.0,,,1,tertiary,0.0,0.0,0.0,0,,,expected_starter,expected_starter,fotmob_expected,expected_xi,Antony,T2,0.0,,78.0,FWR,5,0.625,8,AM,4,4-2-3-1,-1,0,78.0,8,2.3914,2.0,0.4163,-0.3914,1.4397,1.4154,0.9831,1.2545,1.0634,-0.437573,-43.757,model,history,3334.0,medium,monitor,no_action,,0.0,,,no_action,"history_resolver,expected_xi,fixture_t2",FotMob Expected XI,odds_api_io,event_id=61624552;market=Anytime Goalscorer
2026-04-11T11:24:48Z,2026-04-11T11:24:20Z,2026-04-12,,Bet365,Spain - LaLiga,CA Osasuna,Real Betis Seville,0,5086,Marc Roca,Marc Roca,Real Betis,CA Osasuna,MC,MC,10.0,0.1,0.055169,18.1262,0.0567,1.4947,0.038,0.0567,0.0,0.0,0,0.0,0.0,1.68,recent_long,0.0,5.0,0.0,0.0,0.0,,,0,none,0.0,0.0,0.0,0,,,unknown,unknown,fotmob_expected,expected_xi,,T2,0.0,,84.5,MC,3,0.6,10,,,,,0,84.5,8,0.0956,0.0,0.0127,-0.0956,1.4368,1.4154,0.9851,1.2545,1.0634,-0.448314,-44.831,model,history,4614.0,medium,monitor,no_action,,0.0,,,no_action,"history_resolver,no_xi_yet,fixture_t2",FotMob Expected XI,odds_api_io,event_id=61624552;market=Anytime Goalscorer
2026-04-11T11:24:48Z,2026-04-11T11:24:20Z,2026-04-12,,Bet365,Spain - LaLiga,CA Osasuna,Real Betis Seville,0,13845,Valentin Gomez,Valentin Gomez,Real Betis,CA Osasuna,DL,DL,19.0,0.052632,0.028954,34.5378,0.0294,1.4947,0.0197,0.0294,0.0,0.0,0,0.0,0.0,1.27,recent_long,0.0,2.0,0.0,0.0,0.0,,,0,none,0.0,0.0,0.0,0,,,expected_starter,expected_starter,fotmob_expected,expected_xi,Valentín Gómez,T2,0.0,,78.0,DL,1,0.6667,6,DEF,1,4-2-3-1,0,0,78.0,8,0.0324,0.0,0.0059,-0.0324,1.4397,1.4154,0.9831,1.2545,1.0634,-0.449878,-44.988,model,history,1396.0,medium,monitor,no_action,,0.0,,,no_action,"history_resolver,expected_xi,fixture_t2",FotMob Expected XI,odds_api_io,event_id=61624552;market=Anytime Goalscorer
2026-04-11T11:24:48Z,2026-04-11T11:24:20Z,2026-04-12,,Bet365,Spain - LaLiga,CA Osasuna,Real Betis Seville,0,2335,Pablo Fornals,Pablo Fornals,Real Betis,CA Osasuna,MC,MC,6.5,0.153846,0.084263,11.8676,0.088,1.4947,0.0589,0.088,0.0,0.0,0,0.0,0.0,1.23,recent_long,0.0,10.0,0.0,0.0,0.0,,,0,none,0.0,0.0,0.0,0,,,expected_starter,expected_starter,fotmob_expected,expected_xi,Pablo Fornals,T2,0.0,,78.0,MC,3,0.7143,7,AM,4,4-2-3-1,1,0,78.0,8,0.6501,1.0,0.105,0.3499,1.4397,1.4154,0.9831,1.2545,1.0634,-0.45229,-45.229,model,history,5430.0,medium,monitor,no_action,,0.0,,,no_action,"history_resolver,expected_xi,fixture_t2",FotMob Expected XI,odds_api_io,event_id=61624552;market=Anytime Goalscorer
2026-04-11T11:24:48Z,2026-04-11T11:24:20Z,2026-04-12,,Bet365,Spain - LaLiga,CA Osasuna,Real Betis Seville,1,13279,Victor Munoz,Victor Munoz,Osasuna,Real Betis Seville,Sub,Sub,3.4,0.294118,0.160412,6.234,0.1748,1.3557,0.129,0.1748,0.0,0.0,0,0.0,0.0,2.97,recent_long,0.0,6.0,0.0,0.0,0.0,,,0,none,0.0,0.0,0.0,0,,,unknown,unknown,fotmob_expected,expected_xi,,T2,0.0,,81.0,AML,4,0.4444,9,,,,,0,81.0,8,3.0196,1.0,0.428,-2.0196,1.6256,1.2442,0.7654,1.0702,0.9694,-0.454601,-45.46,model,history,2345.0,medium,monitor,no_action,,0.0,,,no_action,"history_resolver,no_xi_yet,fixture_t2",FotMob Expected XI,odds_api_io,event_id=61624552;market=Anytime Goalscorer
2026-04-11T11:24:48Z,2026-04-11T11:24:20Z,2026-04-12,,Bet365,Spain - LaLiga,CA Osasuna,Real Betis Seville,0,2163,Diego Llorente,Diego Llorente,Real Betis,CA Osasuna,DC,DC,15.0,0.066667,0.03611,27.6933,0.0368,1.4947,0.0246,0.0368,0.0,0.0,0,0.0,0.0,3.56,recent_long,0.0,11.0,0.0,0.0,0.0,,,0,none,0.0,0.0,0.0,0,,,expected_starter,expected_starter,fotmob_expected,expected_xi,Diego Llorente,T2,0.0,,78.0,DC,1,1.0,8,DEF,1,4-2-3-1,0,0,78.0,8,0.1388,0.0,0.0207,-0.1388,1.4588,1.4154,0.9703,1.2545,1.0634,-0.458353,-45.836,model,history,3233.0,medium,monitor,no_action,,0.0,,,no_action,"history_resolver,expected_xi,fixture_t2",FotMob Expected XI,odds_api_io,event_id=61624552;market=Anytime Goalscorer
2026-04-11T11:24:48Z,2026-04-11T11:24:20Z,2026-04-12,,Bet365,Spain - LaLiga,CA Osasuna,Real Betis Seville,1,8744,Juan Cruz Armada,Juan Cruz Armada,Osasuna,Real Betis Seville,Sub,Sub,19.0,0.052632,0.028133,35.5451,0.0285,1.3557,0.021,0.0285,0.0,0.0,0,0.0,0.0,4.1,recent_long,0.0,16.0,0.0,0.0,0.0,,,0,none,0.0,0.0,0.0,0,,,unknown,unknown,fotmob_expected,expected_xi,,T2,0.0,,39.1,DC,1,1.0,3,,,,,0,39.1,8,0.0,0.0,0.0,0.0,1.5128,1.2442,0.8225,1.0702,0.9694,-0.465468,-46.547,model,history,3768.0,medium,monitor,no_action,,0.0,,,no_action,"history_resolver,no_xi_yet,fixture_t2",FotMob Expected XI,odds_api_io,event_id=61624552;market=Anytime Goalscorer
2026-04-11T11:24:48Z,2026-04-11T11:24:20Z,2026-04-12,,Bet365,Spain - LaLiga,Athletic Bilbao,Villarreal CF,1,2399,Inaki Williams,Inaki Williams,Athletic Club,Villarreal CF,AMR,AMR,3.1,0.322581,0.162866,6.14,0.1778,1.5254,0.1066,0.1626,0.0152,0.0856,0,0.1577,0.1646,3.34,recent_long,1.0,17.0,0.0588,0.0,0.0,,,1,secondary,0.15,3.0,0.0043,0,,,unknown,unknown,none,none,,T2,1.0,no_lineup_payload,71.1,FW,5,0.375,8,,,,,0,71.1,8,2.9059,1.0,0.3818,-1.9059,1.3625,1.3,0.9541,1.1672,1.0,-0.495115,-49.512,model,history,7129.0,medium,monitor,no_action,,0.0,,,no_action,"history_resolver,no_xi_yet,fixture_t2",,odds_api_io,event_id=61624538;market=Anytime Goalscorer
2026-04-11T11:24:48Z,2026-04-11T11:24:20Z,2026-04-12,,Bet365,Spain - LaLiga,CA Osasuna,Real Betis Seville,0,492,Hector Bellerin,Hector Bellerin,Real Betis,CA Osasuna,DR,DR,19.0,0.052632,0.026171,38.2098,0.0265,1.4947,0.0177,0.0265,0.0,0.0,0,0.0,0.0,0.53,recent_long,0.0,3.0,0.0,0.0,0.0,,,0,none,0.0,0.0,0.0,0,,,expected_starter,expected_starter,fotmob_expected,expected_xi,Héctor Bellerín,T2,0.0,,78.0,DR,1,1.0,6,DEF,1,4-2-3-1,0,0,78.0,8,0.1934,1.0,0.0419,0.8066,1.4397,1.4154,0.9831,1.2545,1.0634,-0.502746,-50.275,model,history,3562.0,medium,monitor,no_action,,0.0,,,no_action,"history_resolver,expected_xi,fixture_t2",FotMob Expected XI,odds_api_io,event_id=61624552;market=Anytime Goalscorer
2026-04-11T11:24:48Z,2026-04-11T11:24:20Z,2026-04-12,,Bet365,Spain - LaLiga,CA Osasuna,Real Betis Seville,1,10858,Jorge Herrando,Jorge Herrando,Osasuna,Real Betis Seville,Sub,Sub,13.0,0.076923,0.038243,26.1488,0.039,1.3557,0.0288,0.039,0.0,0.0,0,0.0,0.0,3.12,recent_long,0.0,10.0,0.0,0.0,0.0,,,0,none,0.0,0.0,0.0,0,,,expected_starter,expected_starter,fotmob_expected,expected_xi,Jorge Herrando,T2,0.0,,78.0,DC,1,1.0,6,DEF,1,4-2-3-1,0,0,78.0,8,0.0,0.0,0.0,0.0,1.704,1.2442,0.7302,1.0702,0.9694,-0.502846,-50.285,model,history,4394.0,medium,monitor,no_action,,0.0,,,no_action,"history_resolver,expected_xi,fixture_t2",FotMob Expected XI,odds_api_io,event_id=61624552;market=Anytime Goalscorer
2026-04-11T11:24:48Z,2026-04-11T11:24:20Z,2026-04-12,,Bet365,Spain - LaLiga,RCD Mallorca,Rayo Vallecano,1,6324,Marash Kumbulla,Marash Kumbulla,Mallorca,Rayo Vallecano,DC,DC,13.0,0.076923,0.037931,26.3635,0.0387,1.2068,0.032,0.0387,0.0,0.0,0,0.0,0.0,3.92,recent_long,0.0,7.0,0.0,0.0,0.0,,,0,none,0.0,0.0,0.0,0,,,expected_starter,expected_starter,fotmob_expected,expected_xi,Marash Kumbulla,T2,0.0,,78.0,DC,1,1.0,8,DEF,1,4-3-1-2,0,0,78.0,8,0.1328,0.0,0.0235,-0.1328,1.4512,1.3519,0.9316,0.8979,1.0285,-0.506893,-50.689,model,history,3400.0,medium,monitor,no_action,,0.0,,,no_action,"history_resolver,expected_xi,fixture_t2",FotMob Expected XI,odds_api_io,event_id=61624546;market=Anytime Goalscorer
2026-04-11T11:24:48Z,2026-04-11T11:24:20Z,2026-04-12,,Bet365,Spain - LaLiga,RC Celta de Vigo,Real Oviedo,0,14393,Manuel Fernandez,Manuel Fernandez,Real Oviedo,RC Celta de Vigo,AML,AML,8.0,0.125,0.061345,16.3012,0.0633,1.0481,0.0604,0.0633,0.0,0.0,0,0.0,0.0,0.94,recent_long,0.0,1.0,0.0,0.0,0.0,,,0,none,0.0,0.0,0.0,0,,,unknown,unknown,none,none,,T2,1.0,no_lineup_payload,48.5,AML,4,1.0,4,,,,,0,48.5,8,0.4895,0.0,0.1153,-0.4895,1.7158,1.3,0.7577,0.9355,1.0,-0.509239,-50.924,model,history,406.0,low,suppress,no_action,,0.0,,,no_action,"history_lt_500,fixture_t2",,odds_api_io,event_id=61624542;market=Anytime Goalscorer
2026-04-11T11:24:48Z,2026-04-11T11:24:20Z,2026-04-12,,Bet365,Spain - LaLiga,Athletic Bilbao,Villarreal CF,1,9768,Jesus Areso,Jesus Areso,Athletic Club,Villarreal CF,Sub,Sub,19.0,0.052632,0.025525,39.177,0.0259,1.5254,0.017,0.0259,0.0,0.0,0,0.0,0.0,3.68,recent_long,0.0,20.0,0.0,0.0,0.0,,,0,none,0.0,0.0,0.0,0,,,unknown,unknown,none,none,,T2,1.0,no_lineup_payload,49.8,DR,1,1.0,4,,,,,0,49.8,8,0.063,0.0,0.0133,-0.063,1.4551,1.3,0.8934,1.1672,1.0,-0.515022,-51.503,model,history,7190.0,medium,monitor,no_action,,0.0,,,no_action,"history_resolver,no_xi_yet,fixture_t2",,odds_api_io,event_id=61624538;market=Anytime Goalscorer
2026-04-11T11:24:48Z,2026-04-11T11:24:20Z,2026-04-12,,Bet365,Spain - LaLiga,RC Celta de Vigo,Real Oviedo,0,13698,Rahim Alhassane,Rahim Alhassane,Real Oviedo,RC Celta de Vigo,Sub,Sub,19.0,0.052632,0.025316,39.5004,0.0256,1.0481,0.0245,0.0256,0.0,0.0,0,0.0,0.0,1.74,recent_long,0.0,3.0,0.0,0.0,0.0,,,0,none,0.0,0.0,0.0,0,,,unknown,unknown,none,none,,T2,1.0,no_lineup_payload,63.3,DL,1,1.0,7,,,,,0,63.3,8,0.0499,0.0,0.0082,-0.0499,1.6831,1.3,0.7724,0.9355,1.0,-0.518992,-51.9,model,history,1423.0,medium,monitor,no_action,,0.0,,,no_action,"history_resolver,no_xi_yet,fixture_t2",,odds_api_io,event_id=61624542;market=Anytime Goalscorer
2026-04-11T11:24:48Z,2026-04-11T11:24:20Z,2026-04-12,,Bet365,Spain - LaLiga,CA Osasuna,Real Betis Seville,0,11953,Sergi Altimira,Sergi Altimira,Real Betis,CA Osasuna,MC,MC,8.0,0.125,0.057719,17.3252,0.0595,1.4947,0.0398,0.0595,0.0,0.0,0,0.0,0.0,1.83,recent_long,0.0,11.0,0.0,0.0,0.0,,,0,none,0.0,0.0,0.0,0,,,expected_starter,expected_starter,fotmob_expected,expected_xi,Sergi Altimira,T2,0.0,,78.0,DMC,2,0.6,5,DMC,2,4-2-3-1,0,0,78.0,8,0.09,0.0,0.026,-0.09,1.4397,1.4154,0.9831,1.2545,1.0634,-0.538245,-53.824,model,history,3575.0,medium,monitor,no_action,,0.0,,,no_action,"history_resolver,expected_xi,fixture_t2",FotMob Expected XI,odds_api_io,event_id=61624552;market=Anytime Goalscorer
2026-04-11T11:24:48Z,2026-04-11T11:24:20Z,2026-04-12,,Bet365,Spain - LaLiga,CA Osasuna,Real Betis Seville,1,7857,Jon Moncayola,Jon Moncayola,Osasuna,Real Betis Seville,DMC,DMC,7.0,0.142857,0.065113,15.358,0.0673,1.3557,0.0497,0.0673,0.0,0.0,0,0.0,0.0,3.61,recent_long,0.0,17.0,0.0,0.0,0.0,,,0,none,0.0,0.0,0.0,0,,,expected_starter,expected_starter,fotmob_expected,expected_xi,Jon Moncayola,T2,0.0,,82.1,DMC,2,1.0,9,DMC,2,4-2-3-1,0,0,82.1,8,0.5391,0.0,0.0763,-0.5391,1.6256,1.2442,0.7654,1.0702,0.9694,-0.544212,-54.421,model,history,6329.0,medium,monitor,no_action,,0.0,,,no_action,"history_resolver,expected_xi,fixture_t2",FotMob Expected XI,odds_api_io,event_id=61624552;market=Anytime Goalscorer
2026-04-11T11:24:48Z,2026-04-11T11:24:20Z,2026-04-12,,Bet365,Spain - LaLiga,CA Osasuna,Real Betis Seville,0,7927,Sofyan Amrabat,Sofyan Amrabat,Real Betis,CA Osasuna,MC,MC,10.0,0.1,0.045559,21.9495,0.0466,1.4947,0.0312,0.0466,0.0,0.0,0,0.0,0.0,0.0,none,0.0,0.0,0.0,0.0,0.0,,,0,none,0.0,0.0,0.0,0,,,expected_starter,expected_starter,fotmob_expected,expected_xi,Sofyan Amrabat,T2,0.0,,78.6,DMC,2,0.75,8,DMC,2,4-2-3-1,0,0,78.6,8,0.0357,0.0,0.0048,-0.0357,1.7406,1.4154,0.8132,1.2545,1.0634,-0.544409,-54.441,model,history,773.0,medium,monitor,no_action,,0.0,,,no_action,"history_resolver,expected_xi,fixture_t2",FotMob Expected XI,odds_api_io,event_id=61624552;market=Anytime Goalscorer
2026-04-11T11:24:48Z,2026-04-11T11:24:20Z,2026-04-12,,Bet365,Spain - LaLiga,RCD Mallorca,Rayo Vallecano,0,2609,Gerard Gumbau,Gerard Gumbau,Rayo Vallecano,RCD Mallorca,AMC,AMC,7.0,0.142857,0.065019,15.3802,0.0672,1.5563,0.0432,0.0672,0.0,0.0,0,0.0,0.0,1.09,recent_long,0.0,11.0,0.0,0.0,0.0,,,0,none,0.0,0.0,0.0,0,,,unknown,unknown,fotmob_expected,expected_xi,,T2,0.0,,48.0,MC,3,0.5,8,,,,,0,48.0,8,0.0521,0.0,0.0091,-0.0521,1.6881,1.7964,1.0641,1.1113,1.25,-0.544869,-54.487,model,history,4291.0,medium,monitor,no_action,,0.0,,,no_action,"history_resolver,no_xi_yet,fixture_t2",FotMob Expected XI,odds_api_io,event_id=61624546;market=Anytime Goalscorer
2026-04-11T11:24:48Z,2026-04-11T11:24:20Z,2026-04-12,,Bet365,Spain - LaLiga,CA Osasuna,Real Betis Seville,1,5615,Valentin Rosier,Valentin Rosier,Osasuna,Real Betis Seville,DR,DR,10.0,0.1,0.045212,22.1182,0.0463,1.3557,0.0341,0.0463,0.0,0.0,0,0.0,0.0,3.04,recent_long,0.0,10.0,0.0,0.0,0.0,,,0,none,0.0,0.0,0.0,0,,,expected_starter,expected_starter,fotmob_expected,expected_xi,Valentin Rosier,T2,0.0,,83.2,DR,1,1.0,10,DEF,1,4-2-3-1,0,0,83.2,8,0.6822,1.0,0.0859,0.3178,1.6256,1.2442,0.7654,1.0702,0.9694,-0.547883,-54.788,model,history,4436.0,medium,monitor,no_action,,0.0,,,no_action,"history_resolver,expected_xi,fixture_t2",FotMob Expected XI,odds_api_io,event_id=61624552;market=Anytime Goalscorer
2026-04-11T11:24:48Z,2026-04-11T11:24:20Z,2026-04-12,,Bet365,Spain - LaLiga,Athletic Bilbao,Villarreal CF,1,5062,Alvarez Yeray,Alvarez Yeray,Athletic Club,Villarreal CF,DC,DC,15.0,0.066667,0.02955,33.8404,0.03,1.5254,0.0197,0.03,0.0,0.0,0,0.0,0.0,1.7,recent_long,0.0,3.0,0.0,0.0,0.0,,,0,none,0.0,0.0,0.0,0,,,unknown,unknown,none,none,,T2,1.0,no_lineup_payload,84.6,DC,1,1.0,10,,,,,0,84.6,8,0.2819,1.0,0.0361,0.7181,1.5453,1.3,0.8413,1.1672,1.0,-0.556743,-55.675,model,history,2929.0,medium,monitor,no_action,,0.0,,,no_action,"history_resolver,no_xi_yet,fixture_t2",,odds_api_io,event_id=61624538;market=Anytime Goalscorer
2026-04-11T11:24:48Z,2026-04-11T11:24:20Z,2026-04-12,,Bet365,Spain - LaLiga,CA Osasuna,Real Betis Seville,0,10095,Abdessamad Ezzalzouli,Abdessamad Ezzalzouli,Real Betis,CA Osasuna,Sub,Sub,3.4,0.294118,0.130364,7.6708,0.1397,1.4947,0.0935,0.1397,0.0,0.0,0,0.0,0.0,1.95,recent_long,1.0,9.0,0.1111,0.0,0.0,,,0,none,0.0,0.0,0.0,0,,,unknown,unknown,fotmob_expected,expected_xi,,T2,0.0,,76.7,FWL,5,0.5556,9,,,,,0,76.7,8,2.0101,1.0,0.2966,-1.0101,1.4397,1.4154,0.9831,1.2545,1.0634,-0.556761,-55.676,model,history,3611.0,medium,monitor,no_action,,0.0,,,no_action,"history_resolver,no_xi_yet,fixture_t2",FotMob Expected XI,odds_api_io,event_id=61624552;market=Anytime Goalscorer
2026-04-11T11:24:48Z,2026-04-11T11:24:20Z,2026-04-12,,Bet365,Spain - LaLiga,RCD Mallorca,Rayo Vallecano,0,9815,Pathe Ciss,Pathe Ciss,Rayo Vallecano,RCD Mallorca,DC,DC,5.5,0.181818,0.07865,12.7145,0.0819,1.5563,0.0526,0.0819,0.0,0.0,0,0.0,0.0,1.36,recent_long,0.0,8.0,0.0,0.0,0.0,,,0,none,0.0,0.0,0.0,0,,,unknown,unknown,fotmob_expected,expected_xi,,T2,0.0,,63.2,DMC,2,0.7143,7,,,,,0,63.2,8,1.9263,2.0,0.3036,0.0737,1.6928,1.7964,1.0612,1.1113,1.25,-0.567424,-56.742,model,history,5222.0,medium,monitor,no_action,,0.0,,,no_action,"history_resolver,no_xi_yet,fixture_t2",FotMob Expected XI,odds_api_io,event_id=61624546;market=Anytime Goalscorer
2026-04-11T11:24:48Z,2026-04-11T11:24:20Z,2026-04-12,,Bet365,Spain - LaLiga,RCD Mallorca,Rayo Vallecano,0,8733,Alfonso Espino,Alfonso Espino,Rayo Vallecano,RCD Mallorca,Sub,Sub,8.0,0.125,0.053601,18.6565,0.0551,1.5563,0.0354,0.0551,0.0,0.0,0,0.0,0.0,0.97,recent_long,0.0,9.0,0.0,0.0,0.0,,,0,none,0.0,0.0,0.0,0,,,unknown,unknown,fotmob_expected,expected_xi,,T2,0.0,,58.7,DL,1,0.7143,7,,,,,0,58.7,8,0.4651,1.0,0.0827,0.5349,1.8566,1.7964,0.9676,1.1113,1.25,-0.571195,-57.12,model,history,4409.0,medium,monitor,no_action,,0.0,,,no_action,"history_resolver,no_xi_yet,fixture_t2",FotMob Expected XI,odds_api_io,event_id=61624546;market=Anytime Goalscorer
2026-04-11T11:24:48Z,2026-04-11T11:24:20Z,2026-04-12,,Bet365,Spain - LaLiga,Athletic Bilbao,Villarreal CF,1,9211,Nico Williams,Nico Williams,Athletic Club,Villarreal CF,Sub,Sub,3.5,0.285714,0.121594,8.2241,0.1296,1.5254,0.0589,0.0899,0.0398,0.3067,0,0.4341,0.835,2.13,recent_long,2.0,12.0,0.1667,0.0,0.0,,,1,secondary,0.15,3.0,0.0,0,,,unknown,unknown,none,none,,T2,1.0,no_lineup_payload,67.5,AML,4,0.875,8,,,,,0,67.5,8,1.0986,1.0,0.1855,-0.0986,1.5231,1.3,0.8535,1.1672,1.0,-0.574421,-57.442,model,history,5708.0,medium,monitor,no_action,,0.0,,,no_action,"history_resolver,no_xi_yet,fixture_t2",,odds_api_io,event_id=61624538;market=Anytime Goalscorer
2026-04-11T11:24:48Z,2026-04-11T11:24:20Z,2026-04-12,,Bet365,Spain - LaLiga,CA Osasuna,Real Betis Seville,1,8424,Aimar Oroz,Aimar Oroz,Osasuna,Real Betis Seville,AMC,AMC,4.0,0.25,0.104691,9.5519,0.1106,1.3557,0.0799,0.1083,0.0023,0.0205,0,0.0191,0.0191,2.96,recent_long,2.0,16.0,0.125,0.0,0.0,,,1,secondary,0.0,0.0,0.0008,0,,,expected_starter,expected_starter,fotmob_expected,expected_xi,Aimar Oroz,T2,0.0,,78.4,AMC,4,0.8889,9,AM,4,4-2-3-1,0,0,78.4,8,0.6328,0.0,0.0962,-0.6328,1.6256,1.2442,0.7654,1.0702,0.9694,-0.581236,-58.124,model,history,7124.0,medium,monitor,no_action,,0.0,,,no_action,"history_resolver,expected_xi,fixture_t2",FotMob Expected XI,odds_api_io,event_id=61624552;market=Anytime Goalscorer
2026-04-11T11:24:48Z,2026-04-11T11:24:20Z,2026-04-12,,Bet365,Spain - LaLiga,Athletic Bilbao,Villarreal CF,1,8948,Aitor Paredes,Aitor Paredes,Athletic Club,Villarreal CF,DC,DC,9.0,0.111111,0.045586,21.9365,0.0467,1.5254,0.0306,0.0467,0.0,0.0,0,0.0,0.0,2.92,recent_long,0.0,12.0,0.0,0.0,0.0,,,0,none,0.0,0.0,0.0,0,,,unknown,unknown,none,none,,T2,1.0,no_lineup_payload,85.6,DC,1,1.0,10,,,,,0,85.6,8,0.1193,0.0,0.0149,-0.1193,1.6704,1.3,0.7782,1.1672,1.0,-0.589724,-58.972,model,history,6000.0,medium,monitor,no_action,,0.0,,,no_action,"history_resolver,no_xi_yet,fixture_t2",,odds_api_io,event_id=61624538;market=Anytime Goalscorer
2026-04-11T11:24:48Z,2026-04-11T11:24:20Z,2026-04-12,,Bet365,Spain - LaLiga,RC Celta de Vigo,Real Oviedo,0,1739,Eric Bailly,Eric Bailly,Real Oviedo,RC Celta de Vigo,DC,DC,23.0,0.043478,0.017805,56.1643,0.018,1.0481,0.0171,0.018,0.0,0.0,0,0.0,0.0,1.62,recent_long,0.0,3.0,0.0,0.0,0.0,,,0,none,0.0,0.0,0.0,0,,,unknown,unknown,none,none,,T2,1.0,no_lineup_payload,70.5,DC,1,1.0,10,,,,,0,70.5,8,0.191,1.0,0.0251,0.809,1.7158,1.3,0.7577,0.9355,1.0,-0.590487,-59.048,model,history,2343.0,medium,monitor,no_action,,0.0,,,no_action,"history_resolver,no_xi_yet,fixture_t2",,odds_api_io,event_id=61624542;market=Anytime Goalscorer
2026-04-11T11:24:48Z,2026-04-11T11:24:20Z,2026-04-12,,Bet365,Spain - LaLiga,RCD Mallorca,Rayo Vallecano,0,11105,Abdul Mumin,Abdul Mumin,Rayo Vallecano,RCD Mallorca,DC,DC,11.0,0.090909,0.036217,27.6112,0.0369,1.5563,0.0237,0.0369,0.0,0.0,0,0.0,0.0,0.0,none,0.0,0.0,0.0,0.0,0.0,,,0,none,0.0,0.0,0.0,0,,,unknown,unknown,fotmob_expected,expected_xi,,T2,0.0,,81.1,DC,1,1.0,10,,,,,0,81.1,8,0.3721,0.0,0.0504,-0.3721,1.2589,1.7964,1.427,1.1113,1.25,-0.601611,-60.161,model,history,3718.0,medium,monitor,no_action,,0.0,,,no_action,"history_resolver,no_xi_yet,fixture_t2",FotMob Expected XI,odds_api_io,event_id=61624546;market=Anytime Goalscorer
2026-04-11T11:24:48Z,2026-04-11T11:24:20Z,2026-04-12,,Bet365,Spain - LaLiga,RC Celta de Vigo,Real Oviedo,0,13983,David Carmo,David Carmo,Real Oviedo,RC Celta de Vigo,DC,DC,15.0,0.066667,0.026501,37.7342,0.0269,1.0481,0.0256,0.0269,0.0,0.0,0,0.0,0.0,0.42,recent_long,0.0,1.0,0.0,0.0,0.0,,,0,none,0.0,0.0,0.0,0,,,unknown,unknown,none,none,,T2,1.0,no_lineup_payload,85.4,DC,1,1.0,9,,,,,0,85.4,8,0.1401,0.0,0.0175,-0.1401,1.5066,1.3,0.8629,0.9355,1.0,-0.602483,-60.248,model,history,1718.0,medium,monitor,no_action,,0.0,,,no_action,"history_resolver,no_xi_yet,fixture_t2",,odds_api_io,event_id=61624542;market=Anytime Goalscorer
2026-04-11T11:24:48Z,2026-04-11T11:24:20Z,2026-04-12,,Bet365,Spain - LaLiga,CA Osasuna,Real Betis Seville,1,8042,Raul Garcia,Raul Garcia,Osasuna,Real Betis Seville,Sub,Sub,2.4,0.416667,0.16212,6.1683,0.1769,1.3557,0.1305,0.1769,0.0,0.0,0,0.0,0.0,3.5,recent_long,0.0,17.0,0.0,0.0,0.0,,,1,tertiary,0.0,0.0,0.0,0,,,expected_starter,expected_starter,fotmob_expected,expected_xi,Rubén Garcia,T2,0.0,,78.0,,,0.0,0,AM,4,4-2-3-1,,0,78.0,8,2.2786,2.0,1.6809,-0.2786,1.6687,1.2442,0.7456,1.0702,0.9694,-0.610912,-61.091,model,history,2720.0,medium,monitor,no_action,,0.0,,,no_action,"history_resolver,expected_xi,fixture_t2",FotMob Expected XI,odds_api_io,event_id=61624552;market=Anytime Goalscorer
2026-04-11T11:24:48Z,2026-04-11T11:24:20Z,2026-04-12,,Bet365,Spain - LaLiga,CA Osasuna,Real Betis Seville,0,5681,Giovani Lo Celso,Giovani Lo Celso,Real Betis,CA Osasuna,AML,AML,3.75,0.266667,0.10047,9.9532,0.1059,1.4947,0.0668,0.0998,0.0061,0.0577,0,0.1098,0.1098,0.92,recent_long,3.0,6.0,0.5,0.0,0.0,,,0,none,0.0,0.0,0.0038,0,,,unknown,unknown,fotmob_expected,expected_xi,,T2,0.0,,61.1,AMC,4,0.6,5,,,,,0,61.1,8,1.0928,1.0,0.2111,-0.0928,1.4403,1.4154,0.9827,1.2545,1.0634,-0.623237,-62.324,model,history,2535.0,medium,monitor,no_action,,0.0,,,no_action,"history_resolver,no_xi_yet,fixture_t2",FotMob Expected XI,odds_api_io,event_id=61624552;market=Anytime Goalscorer
2026-04-11T11:24:48Z,2026-04-11T11:24:20Z,2026-04-12,,Bet365,Spain - LaLiga,CA Osasuna,Real Betis Seville,1,8584,Raul Moro,Raul Moro,Osasuna,Real Betis Seville,AML,AML,4.0,0.25,0.092344,10.8291,0.0969,1.3557,0.0715,0.0969,0.0,0.0,0,0.0,0.0,2.18,recent_long,0.0,6.0,0.0,0.0,0.0,,,0,none,0.0,0.0,0.0,0,,,unknown,unknown,fotmob_expected,expected_xi,,T2,0.0,,60.6,AML,4,0.5714,7,,,,,0,60.6,8,0.225,0.0,0.046,-0.225,1.6387,1.2442,0.7593,1.0702,0.9694,-0.630624,-63.062,model,history,2702.0,medium,monitor,no_action,,0.0,,,no_action,"history_resolver,no_xi_yet,fixture_t2",FotMob Expected XI,odds_api_io,event_id=61624552;market=Anytime Goalscorer
2026-04-11T11:24:48Z,2026-04-11T11:24:20Z,2026-04-12,,Bet365,Spain - LaLiga,RCD Mallorca,Rayo Vallecano,0,7515,Andrei Ratiu,Andrei Ratiu,Rayo Vallecano,RCD Mallorca,DR,DR,8.5,0.117647,0.043425,23.0282,0.0444,1.5563,0.0285,0.0444,0.0,0.0,0,0.0,0.0,1.68,recent_long,0.0,4.0,0.0,0.0,0.0,,,0,none,0.0,0.0,0.0,0,,,expected_starter,expected_starter,fotmob_expected,expected_xi,Andrei Ratiu,T2,0.0,,81.4,DR,1,1.0,9,DEF,1,4-3-3,0,0,81.4,8,0.1724,0.0,0.0238,-0.1724,1.8566,1.7964,0.9676,1.1113,1.25,-0.630887,-63.089,model,history,6004.0,medium,monitor,no_action,,0.0,,,no_action,"history_resolver,expected_xi,fixture_t2",FotMob Expected XI,odds_api_io,event_id=61624546;market=Anytime Goalscorer
2026-04-11T11:24:48Z,2026-04-11T11:24:20Z,2026-04-12,,Bet365,Spain - LaLiga,Athletic Bilbao,Villarreal CF,1,12263,Mikel Jauregizar,Mikel Jauregizar,Athletic Club,Villarreal CF,DMC,DMC,9.0,0.111111,0.040766,24.5302,0.0416,1.5254,0.0273,0.0416,0.0,0.0,0,0.0,0.0,2.06,recent_long,0.0,13.0,0.0,0.0,0.0,,,0,none,0.0,0.0,0.0,0,,,unknown,unknown,none,none,,T2,1.0,no_lineup_payload,73.3,DMC,2,1.0,9,,,,,0,73.3,8,0.1714,1.0,0.0285,0.8286,1.3625,1.3,0.9541,1.1672,1.0,-0.633105,-63.311,model,history,4745.0,medium,monitor,no_action,,0.0,,,no_action,"history_resolver,no_xi_yet,fixture_t2",,odds_api_io,event_id=61624538;market=Anytime Goalscorer
2026-04-11T11:24:48Z,2026-04-11T11:24:20Z,2026-04-12,,Bet365,Spain - LaLiga,Athletic Bilbao,Villarreal CF,1,9755,Inigo Ruiz de Galarreta,Inigo Ruiz de Galarreta,Athletic Club,Villarreal CF,Sub,Sub,10.0,0.1,0.036094,27.7058,0.0368,1.5254,0.0241,0.0368,0.0,0.0,0,0.0,0.0,2.95,recent_long,0.0,13.0,0.0,0.0,0.0,,,0,none,0.0,0.0,0.0,0,,,unknown,unknown,none,none,,T2,1.0,no_lineup_payload,66.6,DMC,2,1.0,8,,,,,0,66.6,8,0.2164,1.0,0.0364,0.7836,1.3625,1.3,0.9541,1.1672,1.0,-0.639064,-63.906,model,history,5461.0,medium,monitor,no_action,,0.0,,,no_action,"history_resolver,no_xi_yet,fixture_t2",,odds_api_io,event_id=61624538;market=Anytime Goalscorer
2026-04-11T11:24:48Z,2026-04-11T11:24:20Z,2026-04-12,,Bet365,Spain - LaLiga,CA Osasuna,Real Betis Seville,1,7050,Lucas Torro,Lucas Torro,Osasuna,Real Betis Seville,DMC,DMC,6.5,0.153846,0.054638,18.3022,0.0562,1.3557,0.0414,0.0562,0.0,0.0,0,0.0,0.0,3.72,recent_long,0.0,17.0,0.0,0.0,0.0,,,0,none,0.0,0.0,0.0,0,,,expected_starter,expected_starter,fotmob_expected,expected_xi,Lucas Torró,T2,0.0,,78.0,DMC,2,1.0,9,DMC,2,4-2-3-1,0,0,78.0,8,0.1799,0.0,0.0313,-0.1799,1.704,1.2442,0.7302,1.0702,0.9694,-0.644852,-64.485,model,history,6742.0,medium,monitor,no_action,,0.0,,,no_action,"history_resolver,expected_xi,fixture_t2",FotMob Expected XI,odds_api_io,event_id=61624552;market=Anytime Goalscorer
2026-04-11T11:24:48Z,2026-04-11T11:24:20Z,2026-04-12,,Bet365,Spain - LaLiga,CA Osasuna,Real Betis Seville,0,14440,Alvaro Fidalgo,Alvaro Fidalgo,Real Betis,CA Osasuna,DMC,DMC,6.5,0.153846,0.05425,18.4332,0.0558,1.4947,0.0373,0.0558,0.0,0.0,0,0.0,0.0,0.0,none,0.0,0.0,0.0,0.0,0.0,,,0,none,0.0,0.0,0.0,0,,,unknown,unknown,fotmob_expected,expected_xi,,T2,0.0,,77.3,MC,3,0.8333,6,,,,,0,77.3,6,0.5113,1.0,0.0992,0.4887,1.4063,1.4154,1.0065,1.2545,1.0634,-0.647376,-64.738,model,history,464.0,low,suppress,no_action,,0.0,,,no_action,"history_lt_500,fixture_t2",FotMob Expected XI,odds_api_io,event_id=61624552;market=Anytime Goalscorer
2026-04-11T11:24:48Z,2026-04-11T11:24:20Z,2026-04-12,,Bet365,Spain - LaLiga,RC Celta de Vigo,Real Oviedo,0,2597,Dani Calvo,Dani Calvo,Real Oviedo,RC Celta de Vigo,DC,DC,19.0,0.052632,0.017401,57.4667,0.0176,1.0481,0.0167,0.0176,0.0,0.0,0,0.0,0.0,0.45,recent_long,0.0,1.0,0.0,0.0,0.0,,,0,none,0.0,0.0,0.0,0,,,unknown,unknown,none,none,,T2,1.0,no_lineup_payload,73.1,DC,1,1.0,7,,,,,0,73.1,8,0.112,0.0,0.0195,-0.112,1.6613,1.3,0.7825,0.9355,1.0,-0.669374,-66.938,model,history,1058.0,medium,monitor,no_action,,0.0,,,no_action,"history_resolver,no_xi_yet,fixture_t2",,odds_api_io,event_id=61624542;market=Anytime Goalscorer
2026-04-11T11:24:48Z,2026-04-11T11:24:20Z,2026-04-12,,Bet365,Spain - LaLiga,RC Celta de Vigo,Real Oviedo,0,7236,Leander Dendoncker,Leander Dendoncker,Real Oviedo,RC Celta de Vigo,Sub,Sub,11.0,0.090909,0.029423,33.9867,0.0299,1.0481,0.0285,0.0299,0.0,0.0,0,0.0,0.0,0.54,recent_long,0.0,1.0,0.0,0.0,0.0,,,0,none,0.0,0.0,0.0,0,,,unknown,unknown,none,none,,T2,1.0,no_lineup_payload,59.0,DMC,2,1.0,6,,,,,0,59.0,8,0.1511,0.0,0.0361,-0.1511,1.5142,1.3,0.8586,0.9355,1.0,-0.676344,-67.634,model,history,1338.0,medium,monitor,no_action,,0.0,,,no_action,"history_resolver,no_xi_yet,fixture_t2",,odds_api_io,event_id=61624542;market=Anytime Goalscorer
2026-04-11T11:24:48Z,2026-04-11T11:24:20Z,2026-04-12,,Bet365,Spain - LaLiga,RC Celta de Vigo,Real Oviedo,0,10388,Luka Ilic,Luka Ilic,Real Oviedo,RC Celta de Vigo,AMR,AMR,6.0,0.166667,0.053903,18.5519,0.0554,1.0481,0.0529,0.0554,0.0,0.0,0,0.0,0.0,0.92,recent_long,0.0,2.0,0.0,0.0,0.0,,,0,none,0.0,0.0,0.0,0,,,unknown,unknown,none,none,,T2,1.0,no_lineup_payload,32.2,AMR,4,1.0,2,,,,,0,32.2,8,0.6004,0.0,0.2844,-0.6004,1.555,1.3,0.836,0.9355,1.0,-0.676582,-67.658,model,history,707.0,medium,monitor,no_action,,0.0,,,no_action,"history_resolver,no_xi_yet,fixture_t2",,odds_api_io,event_id=61624542;market=Anytime Goalscorer
2026-04-11T11:24:48Z,2026-04-11T11:24:20Z,2026-04-12,,Bet365,Spain - LaLiga,RCD Mallorca,Rayo Vallecano,1,9970,Leo Sanchez,Leo Sanchez,Mallorca,Rayo Vallecano,Sub,Sub,12.0,0.083333,0.026791,37.3257,0.0272,1.2068,0.0225,0.0272,0.0,0.0,0,0.0,0.0,3.89,recent_long,0.0,11.0,0.0,0.0,0.0,,,0,none,0.0,0.0,0.0,0,,,unknown,unknown,fotmob_expected,expected_xi,,T2,0.0,,38.4,MR,3,0.3333,3,,,,,0,38.4,8,0.4645,0.0,0.1639,-0.4645,1.7293,1.3519,0.7818,0.8979,1.0285,-0.678505,-67.85,model,history,3773.0,medium,monitor,no_action,,0.0,,,no_action,"history_resolver,no_xi_yet,fixture_t2",FotMob Expected XI,odds_api_io,event_id=61624546;market=Anytime Goalscorer
2026-04-11T11:24:48Z,2026-04-11T11:24:20Z,2026-04-12,,Bet365,Spain - LaLiga,CA Osasuna,Real Betis Seville,1,7604,Alejandro Catena,Alejandro Catena,Osasuna,Real Betis Seville,DC,DC,8.5,0.117647,0.037331,26.7875,0.038,1.3557,0.0281,0.038,0.0,0.0,0,0.0,0.0,3.42,recent_long,0.0,16.0,0.0,0.0,0.0,,,0,none,0.0,0.0,0.0,0,,,expected_starter,expected_starter,fotmob_expected,expected_xi,Alejandro Catena,T2,0.0,,85.4,DC,1,1.0,10,DEF,1,4-2-3-1,0,0,85.4,8,0.216,0.0,0.0281,-0.216,1.6256,1.2442,0.7654,1.0702,0.9694,-0.682688,-68.269,model,history,8082.0,medium,monitor,no_action,,0.0,,,no_action,"history_resolver,expected_xi,fixture_t2",FotMob Expected XI,odds_api_io,event_id=61624552;market=Anytime Goalscorer
2026-04-11T11:24:48Z,2026-04-11T11:24:20Z,2026-04-12,,Bet365,Spain - LaLiga,CA Osasuna,Real Betis Seville,0,11890,Natan Bernardo,Natan Bernardo,Real Betis,CA Osasuna,DC,DC,19.0,0.052632,0.016485,60.6609,0.0166,1.4947,0.0111,0.0166,0.0,0.0,0,0.0,0.0,1.1,recent_long,0.0,8.0,0.0,0.0,0.0,,,0,none,0.0,0.0,0.0,0,,,unknown,unknown,fotmob_expected,expected_xi,,T2,0.0,,85.9,DC,1,1.0,10,,,,,0,85.9,8,0.0,0.0,0.0,0.0,1.4368,1.4154,0.9851,1.2545,1.0634,-0.686783,-68.679,model,history,4430.0,medium,monitor,no_action,,0.0,,,no_action,"history_resolver,no_xi_yet,fixture_t2",FotMob Expected XI,odds_api_io,event_id=61624552;market=Anytime Goalscorer
2026-04-11T11:24:48Z,2026-04-11T11:24:20Z,2026-04-12,,Bet365,Spain - LaLiga,RCD Mallorca,Rayo Vallecano,1,12074,David Lopez,David Lopez,Mallorca,Rayo Vallecano,Sub,Sub,8.5,0.117647,0.036568,27.3464,0.0373,1.2068,0.0309,0.0373,0.0,0.0,0,0.0,0.0,0.78,recent_long,0.0,1.0,0.0,0.0,0.0,,,0,none,0.0,0.0,0.0,0,,,unknown,unknown,fotmob_expected,expected_xi,,T2,0.0,,69.6,DC,1,1.0,7,,,,,0,69.6,8,0.1626,0.0,0.0258,-0.1626,1.3569,1.3519,0.9963,0.8979,1.0285,-0.689174,-68.917,model,history,650.0,medium,monitor,no_action,,0.0,,,no_action,"history_resolver,no_xi_yet,fixture_t2",FotMob Expected XI,odds_api_io,event_id=61624546;market=Anytime Goalscorer
2026-04-11T11:24:48Z,2026-04-11T11:24:20Z,2026-04-12,,Bet365,Spain - LaLiga,RCD Mallorca,Rayo Vallecano,0,5073,Florian Lejeune,Florian Lejeune,Rayo Vallecano,RCD Mallorca,DC,DC,6.5,0.153846,0.047192,21.1901,0.0483,1.5563,0.0311,0.0483,0.0,0.0,0,0.0,0.0,1.55,recent_long,0.0,10.0,0.0,0.0,0.0,,,0,none,0.0,0.0,0.0,0,,,expected_starter,expected_starter,fotmob_expected,expected_xi,Florian Lejeune,T2,0.0,,90.0,DC,1,1.0,10,DEF,1,4-3-3,0,0,90.0,8,0.6233,0.0,0.0779,-0.6233,1.8566,1.7964,0.9676,1.1113,1.25,-0.693252,-69.325,model,history,9352.0,medium,monitor,no_action,,0.0,,,no_action,"history_resolver,expected_xi,fixture_t2",FotMob Expected XI,odds_api_io,event_id=61624546;market=Anytime Goalscorer
2026-04-11T11:24:48Z,2026-04-11T11:24:20Z,2026-04-12,,Bet365,Spain - LaLiga,RC Celta de Vigo,Real Oviedo,0,14393,Thiago Fernandez,Thiago Fernandez,Real Oviedo,RC Celta de Vigo,AML,AML,5.0,0.2,0.061345,16.3012,0.0633,1.0481,0.0604,0.0633,0.0,0.0,0,0.0,0.0,0.94,recent_long,0.0,1.0,0.0,0.0,0.0,,,0,none,0.0,0.0,0.0,0,,,unknown,unknown,none,none,,T2,1.0,no_lineup_payload,48.5,AML,4,1.0,4,,,,,0,48.5,8,0.4895,0.0,0.1153,-0.4895,1.7158,1.3,0.7577,0.9355,1.0,-0.693274,-69.327,model,history,406.0,low,suppress,no_action,,0.0,,,no_action,"history_lt_500,fixture_t2",,odds_api_io,event_id=61624542;market=Anytime Goalscorer
2026-04-11T11:24:48Z,2026-04-11T11:24:20Z,2026-04-12,,Bet365,Spain - LaLiga,RC Celta de Vigo,Real Oviedo,0,8413,Javier Lopez,Javier Lopez,Real Oviedo,RC Celta de Vigo,DL,DL,15.0,0.066667,0.019873,50.3195,0.0201,1.0481,0.0192,0.0201,0.0,0.0,0,0.0,0.0,1.99,recent_long,0.0,11.0,0.0,0.0,0.0,,,0,none,0.0,0.0,0.0,0,,,unknown,unknown,none,none,,T2,1.0,no_lineup_payload,74.3,DL,1,1.0,10,,,,,0,74.3,8,0.1093,0.0,0.0141,-0.1093,1.7158,1.3,0.7577,0.9355,1.0,-0.701905,-70.191,model,history,5596.0,medium,monitor,no_action,,0.0,,,no_action,"history_resolver,no_xi_yet,fixture_t2",,odds_api_io,event_id=61624542;market=Anytime Goalscorer
2026-04-11T11:24:48Z,2026-04-11T11:24:20Z,2026-04-12,,Bet365,Spain - LaLiga,RC Celta de Vigo,Real Oviedo,0,13699,Kwasi Sibo,Kwasi Sibo,Real Oviedo,RC Celta de Vigo,DMC,DMC,10.0,0.1,0.029436,33.9725,0.0299,1.0481,0.0285,0.0299,0.0,0.0,0,0.0,0.0,1.63,recent_long,0.0,3.0,0.0,0.0,0.0,,,0,none,0.0,0.0,0.0,0,,,unknown,unknown,none,none,,T2,1.0,no_lineup_payload,71.3,DMC,2,1.0,10,,,,,0,71.3,8,0.0362,0.0,0.0054,-0.0362,1.7158,1.3,0.7577,0.9355,1.0,-0.705645,-70.564,model,history,1388.0,medium,monitor,no_action,,0.0,,,no_action,"history_resolver,no_xi_yet,fixture_t2",,odds_api_io,event_id=61624542;market=Anytime Goalscorer
2026-04-11T11:24:48Z,2026-04-11T11:24:20Z,2026-04-12,,Bet365,Spain - LaLiga,Athletic Bilbao,Villarreal CF,1,2403,Inigo Lekue,Inigo Lekue,Athletic Club,Villarreal CF,DR,DR,15.0,0.066667,0.018728,53.395,0.0189,1.5254,0.0124,0.0189,0.0,0.0,0,0.0,0.0,2.34,recent_long,0.0,9.0,0.0,0.0,0.0,,,0,none,0.0,0.0,0.0,0,,,unknown,unknown,none,none,,T2,1.0,no_lineup_payload,54.3,DR,1,0.8571,7,,,,,0,54.3,8,0.0521,0.0,0.0107,-0.0521,1.7721,1.3,0.7336,1.1672,1.0,-0.719075,-71.908,model,history,3283.0,medium,monitor,no_action,,0.0,,,no_action,"history_resolver,no_xi_yet,fixture_t2",,odds_api_io,event_id=61624538;market=Anytime Goalscorer
2026-04-11T11:24:48Z,2026-04-11T11:24:20Z,2026-04-12,,Bet365,Spain - LaLiga,RCD Mallorca,Rayo Vallecano,1,2621,Sergi Darder,Sergi Darder,Mallorca,Rayo Vallecano,DMC,DMC,4.75,0.210526,0.058791,17.0095,0.0606,1.2068,0.0502,0.0606,0.0,0.0,0,0.0,0.0,3.67,recent_long,0.0,15.0,0.0,0.0,0.0,,,1,secondary,0.0,0.0,0.0,0,,,expected_starter,expected_starter,fotmob_expected,expected_xi,Sergi Darder,T2,0.0,,78.0,AMC,4,0.5,6,MID,3,4-3-1-2,-1,0,78.0,8,0.1904,0.0,0.0381,-0.1904,1.7293,1.3519,0.7818,0.8979,1.0285,-0.720744,-72.074,model,history,6972.0,medium,monitor,no_action,,0.0,,,no_action,"history_resolver,expected_xi,fixture_t2",FotMob Expected XI,odds_api_io,event_id=61624546;market=Anytime Goalscorer
2026-04-11T11:24:48Z,2026-04-11T11:24:20Z,2026-04-12,,Bet365,Spain - LaLiga,Athletic Bilbao,Villarreal CF,1,14167,Selton Sanchez,Selton Sanchez,Athletic Club,Villarreal CF,AMC,AMC,6.0,0.166667,0.045839,21.8156,0.0469,1.5254,0.0308,0.0469,0.0,0.0,0,0.0,0.0,0.83,recent_long,0.0,1.0,0.0,0.0,0.0,,,0,none,0.0,0.0,0.0,0,,,unknown,unknown,none,none,,T2,1.0,no_lineup_payload,26.8,AMC,4,1.0,2,,,,,0,26.8,7,0.2842,0.0,0.1339,-0.2842,1.5878,1.3,0.8187,1.1672,1.0,-0.724967,-72.497,model,history,191.0,low,suppress,no_action,,0.0,,,no_action,"history_lt_500,fixture_t2",,odds_api_io,event_id=61624538;market=Anytime Goalscorer
2026-04-11T11:24:48Z,2026-04-11T11:24:20Z,2026-04-12,,Bet365,Spain - LaLiga,Athletic Bilbao,Villarreal CF,1,2229,Berchiche Yuri,Berchiche Yuri,Athletic Club,Villarreal CF,DL,DL,10.0,0.1,0.027243,36.7072,0.0276,1.5254,0.0181,0.0276,0.0,0.0,0,0.0,0.0,3.05,recent_long,0.0,15.0,0.0,0.0,0.0,,,0,none,0.0,0.0,0.0,0,,,unknown,unknown,none,none,,T2,1.0,no_lineup_payload,84.6,DL,1,0.9,10,,,,,0,84.6,8,0.0843,0.0,0.0114,-0.0843,1.3625,1.3,0.9541,1.1672,1.0,-0.727574,-72.757,model,history,6154.0,medium,monitor,no_action,,0.0,,,no_action,"history_resolver,no_xi_yet,fixture_t2",,odds_api_io,event_id=61624538;market=Anytime Goalscorer
2026-04-11T11:24:48Z,2026-04-11T11:24:20Z,2026-04-12,,Bet365,Spain - LaLiga,RCD Mallorca,Rayo Vallecano,0,13694,Jozhua Vertrouwd,Jozhua Vertrouwd,Rayo Vallecano,RCD Mallorca,Sub,Sub,11.0,0.090909,0.024695,40.4942,0.025,1.5563,0.0161,0.025,0.0,0.0,0,0.0,0.0,0.0,none,0.0,0.0,0.0,0.0,0.0,,,0,none,0.0,0.0,0.0,0,,,unknown,unknown,fotmob_expected,expected_xi,,T2,0.0,,34.3,DC,1,1.0,1,,,,,0,34.3,7,0.0846,0.0,0.0294,-0.0846,1.2882,1.7964,1.3945,1.1113,1.25,-0.728356,-72.836,model,history,259.0,low,suppress,no_action,,0.0,,,no_action,"history_lt_500,fixture_t2",FotMob Expected XI,odds_api_io,event_id=61624546;market=Anytime Goalscorer
2026-04-11T11:24:48Z,2026-04-11T11:24:20Z,2026-04-12,,Bet365,Spain - LaLiga,RC Celta de Vigo,Real Oviedo,0,14316,Nicolas Fonseca,Nicolas Fonseca,Real Oviedo,RC Celta de Vigo,DMC,DMC,11.0,0.090909,0.024214,41.2992,0.0245,1.0481,0.0234,0.0245,0.0,0.0,0,0.0,0.0,0.94,recent_long,0.0,1.0,0.0,0.0,0.0,,,0,none,0.0,0.0,0.0,0,,,unknown,unknown,none,none,,T2,1.0,no_lineup_payload,50.9,DMC,2,1.0,6,,,,,0,50.9,8,0.0754,0.0,0.0137,-0.0754,1.7158,1.3,0.7577,0.9355,1.0,-0.733651,-73.365,model,history,597.0,medium,monitor,no_action,,0.0,,,no_action,"history_resolver,no_xi_yet,fixture_t2",,odds_api_io,event_id=61624542;market=Anytime Goalscorer
2026-04-11T11:24:48Z,2026-04-11T11:24:20Z,2026-04-12,,Bet365,Spain - LaLiga,RCD Mallorca,Rayo Vallecano,0,11087,Pep Chavarria,Pep Chavarria,Rayo Vallecano,RCD Mallorca,DL,DL,8.5,0.117647,0.031304,31.9443,0.0318,1.5563,0.0204,0.0318,0.0,0.0,0,0.0,0.0,1.87,recent_long,0.0,6.0,0.0,0.0,0.0,,,0,none,0.0,0.0,0.0,0,,,expected_starter,expected_starter,fotmob_expected,expected_xi,Pep Chavarría,T2,0.0,,83.7,DL,1,1.0,9,DEF,1,4-3-3,0,0,83.7,8,0.1781,0.0,0.025,-0.1781,1.7974,1.7964,0.9994,1.1113,1.25,-0.733912,-73.391,model,history,5915.0,medium,monitor,no_action,,0.0,,,no_action,"history_resolver,expected_xi,fixture_t2",FotMob Expected XI,odds_api_io,event_id=61624546;market=Anytime Goalscorer
2026-04-11T11:24:48Z,2026-04-11T11:24:20Z,2026-04-12,,Bet365,Spain - LaLiga,Athletic Bilbao,Villarreal CF,1,6325,Andoni Gorosabel,Andoni Gorosabel,Athletic Club,Villarreal CF,DR,DR,13.0,0.076923,0.019717,50.7189,0.0199,1.5254,0.0131,0.0199,0.0,0.0,0,0.0,0.0,1.9,recent_long,0.0,11.0,0.0,0.0,0.0,,,0,none,0.0,0.0,0.0,0,,,unknown,unknown,none,none,,T2,1.0,no_lineup_payload,52.0,DR,1,1.0,6,,,,,0,52.0,8,0.0579,0.0,0.0132,-0.0579,1.4977,1.3,0.868,1.1672,1.0,-0.743685,-74.369,model,history,5207.0,medium,monitor,no_action,,0.0,,,no_action,"history_resolver,no_xi_yet,fixture_t2",,odds_api_io,event_id=61624538;market=Anytime Goalscorer
2026-04-11T11:24:48Z,2026-04-11T11:24:20Z,2026-04-12,,Bet365,Spain - LaLiga,RC Celta de Vigo,Real Oviedo,0,13953,Santiago Colombatto,Santiago Colombatto,Real Oviedo,RC Celta de Vigo,Sub,Sub,9.0,0.111111,0.027048,36.971,0.0274,1.0481,0.0262,0.0274,0.0,0.0,0,0.0,0.0,1.25,recent_long,0.0,2.0,0.0,0.0,0.0,,,0,none,0.0,0.0,0.0,0,,,unknown,unknown,none,none,,T2,1.0,no_lineup_payload,57.5,DMC,2,0.8,5,,,,,0,57.5,8,0.0,0.0,0.0,0.0,1.7158,1.3,0.7577,0.9355,1.0,-0.756566,-75.657,model,history,1660.0,medium,monitor,no_action,,0.0,,,no_action,"history_resolver,no_xi_yet,fixture_t2",,odds_api_io,event_id=61624542;market=Anytime Goalscorer
2026-04-11T11:24:48Z,2026-04-11T11:24:20Z,2026-04-12,,Bet365,Spain - LaLiga,Athletic Bilbao,Villarreal CF,1,2130,Eder Garcia,Eder Garcia,Athletic Club,Villarreal CF,DMC,DMC,6.0,0.166667,0.040105,24.9347,0.0409,1.5254,0.0268,0.0409,0.0,0.0,0,0.0,0.0,1.39,recent_long,0.0,3.0,0.0,0.0,0.0,,,0,none,0.0,0.0,0.0,0,,,unknown,unknown,none,none,,T2,1.0,no_lineup_payload,46.3,DMC,2,1.0,4,,,,,0,46.3,8,0.4637,0.0,0.1213,-0.4637,1.4228,1.3,0.9137,1.1672,1.0,-0.759372,-75.937,model,history,717.0,medium,monitor,no_action,,0.0,,,no_action,"history_resolver,no_xi_yet,fixture_t2",,odds_api_io,event_id=61624538;market=Anytime Goalscorer
2026-04-11T11:24:48Z,2026-04-11T11:24:20Z,2026-04-12,,Bet365,Spain - LaLiga,RCD Mallorca,Rayo Vallecano,1,2456,Omar Mascarell,Omar Mascarell,Mallorca,Rayo Vallecano,DC,DC,12.0,0.083333,0.019869,50.3295,0.0201,1.2068,0.0166,0.0201,0.0,0.0,0,0.0,0.0,3.99,recent_long,0.0,13.0,0.0,0.0,0.0,,,0,none,0.0,0.0,0.0,0,,,expected_starter,expected_starter,fotmob_expected,expected_xi,Omar Mascarell,T2,0.0,,82.4,DMC,2,0.6,10,DEF,1,4-3-1-2,-1,0,82.4,8,0.0573,0.0,0.0079,-0.0573,1.7293,1.3519,0.7818,0.8979,1.0285,-0.761571,-76.157,model,history,5239.0,medium,monitor,no_action,,0.0,,,no_action,"history_resolver,expected_xi,fixture_t2",FotMob Expected XI,odds_api_io,event_id=61624546;market=Anytime Goalscorer
2026-04-11T11:24:48Z,2026-04-11T11:24:20Z,2026-04-12,,Bet365,Spain - LaLiga,CA Osasuna,Real Betis Seville,0,2453,Marc Bartra,Marc Bartra,Real Betis,CA Osasuna,DC,DC,10.0,0.1,0.023791,42.032,0.0241,1.4947,0.0161,0.0241,0.0,0.0,0,0.0,0.0,2.13,recent_long,0.0,9.0,0.0,0.0,0.0,,,0,none,0.0,0.0,0.0,0,,,expected_starter,expected_starter,fotmob_expected,expected_xi,Marc Bartra,T2,0.0,,78.2,DC,1,1.0,8,DEF,1,4-2-3-1,0,0,78.2,8,0.2933,0.0,0.0453,-0.2933,1.4093,1.4154,1.0044,1.2545,1.0634,-0.762086,-76.209,model,history,4183.0,medium,monitor,no_action,,0.0,,,no_action,"history_resolver,expected_xi,fixture_t2",FotMob Expected XI,odds_api_io,event_id=61624552;market=Anytime Goalscorer
2026-04-11T11:24:48Z,2026-04-11T11:24:20Z,2026-04-12,,Bet365,Spain - LaLiga,CA Osasuna,Real Betis Seville,0,308,Ricardo Rodriguez,Ricardo Rodriguez,Real Betis,CA Osasuna,DL,DL,13.0,0.076923,0.018109,55.2202,0.0183,1.4947,0.0122,0.0183,0.0,0.0,0,0.0,0.0,2.8,recent_long,0.0,9.0,0.0,0.0,0.0,,,0,none,0.0,0.0,0.0,0,,,unknown,unknown,fotmob_expected,expected_xi,,T2,0.0,,70.5,DL,1,1.0,8,,,,,0,70.5,8,0.0,0.0,0.0,0.0,1.6822,1.4154,0.8414,1.2545,1.0634,-0.764579,-76.458,model,history,2492.0,medium,monitor,no_action,,0.0,,,no_action,"history_resolver,no_xi_yet,fixture_t2",FotMob Expected XI,odds_api_io,event_id=61624552;market=Anytime Goalscorer
2026-04-11T11:24:48Z,2026-04-11T11:24:20Z,2026-04-12,,Bet365,Spain - LaLiga,Athletic Bilbao,Villarreal CF,1,12724,Adama Boiro,Adama Boiro,Athletic Club,Villarreal CF,DL,DL,11.0,0.090909,0.021311,46.9248,0.0215,1.5254,0.0141,0.0215,0.0,0.0,0,0.0,0.0,2.01,recent_long,0.0,5.0,0.0,0.0,0.0,,,0,none,0.0,0.0,0.0,0,,,unknown,unknown,none,none,,T2,1.0,no_lineup_payload,65.1,DL,1,0.8571,7,,,,,0,65.1,8,0.0369,0.0,0.0061,-0.0369,1.5657,1.3,0.8303,1.1672,1.0,-0.765582,-76.558,model,history,1717.0,medium,monitor,no_action,,0.0,,,no_action,"history_resolver,no_xi_yet,fixture_t2",,odds_api_io,event_id=61624538;market=Anytime Goalscorer
2026-04-11T11:24:48Z,2026-04-11T11:24:20Z,2026-04-12,,Bet365,Spain - LaLiga,RCD Mallorca,Rayo Vallecano,1,13991,Jan Virgili,Jan Virgili,Mallorca,Rayo Vallecano,Sub,Sub,4.75,0.210526,0.048611,20.5713,0.0498,1.2068,0.0413,0.0498,0.0,0.0,0,0.0,0.0,3.14,recent_long,0.0,6.0,0.0,0.0,0.0,,,0,none,0.0,0.0,0.0,0,,,unknown,unknown,fotmob_expected,expected_xi,,T2,0.0,,66.4,AML,4,0.5714,7,,,,,0,66.4,8,0.5802,0.0,0.113,-0.5802,1.3734,1.3519,0.9843,0.8979,1.0285,-0.769096,-76.91,model,history,1495.0,medium,monitor,no_action,,0.0,,,no_action,"history_resolver,no_xi_yet,fixture_t2",FotMob Expected XI,odds_api_io,event_id=61624546;market=Anytime Goalscorer
2026-04-11T11:24:48Z,2026-04-11T11:24:20Z,2026-04-12,,Bet365,Spain - LaLiga,RCD Mallorca,Rayo Vallecano,1,1003,Pablo Maffeo,Pablo Maffeo,Mallorca,Rayo Vallecano,DR,DR,11.0,0.090909,0.020874,47.9065,0.0211,1.2068,0.0175,0.0211,0.0,0.0,0,0.0,0.0,2.23,recent_long,0.0,11.0,0.0,0.0,0.0,,,0,none,0.0,0.0,0.0,0,,,expected_starter,expected_starter,fotmob_expected,expected_xi,Pablo Maffeo,T2,0.0,,87.7,DR,1,1.0,10,DEF,1,4-3-1-2,0,0,87.7,8,0.058,0.0,0.0074,-0.058,1.4402,1.3519,0.9387,0.8979,1.0285,-0.770386,-77.039,model,history,5921.0,medium,monitor,no_action,,0.0,,,no_action,"history_resolver,expected_xi,fixture_t2",FotMob Expected XI,odds_api_io,event_id=61624546;market=Anytime Goalscorer
2026-04-11T11:24:48Z,2026-04-11T11:24:20Z,2026-04-12,,Bet365,Spain - LaLiga,RCD Mallorca,Rayo Vallecano,1,8070,Mateu Morey,Mateu Morey,Mallorca,Rayo Vallecano,Sub,Sub,11.0,0.090909,0.020036,49.9109,0.0202,1.2068,0.0168,0.0202,0.0,0.0,0,0.0,0.0,2.04,recent_long,0.0,3.0,0.0,0.0,0.0,,,0,none,0.0,0.0,0.0,0,,,unknown,unknown,fotmob_expected,expected_xi,,T2,0.0,,36.0,DR,1,0.3333,3,,,,,0,36.0,8,0.0,0.0,0.0,0.0,1.4399,1.3519,0.9389,0.8979,1.0285,-0.779607,-77.961,model,history,1379.0,medium,monitor,no_action,,0.0,,,no_action,"history_resolver,no_xi_yet,fixture_t2",FotMob Expected XI,odds_api_io,event_id=61624546;market=Anytime Goalscorer
2026-04-11T11:24:48Z,2026-04-11T11:24:20Z,2026-04-12,,Bet365,Spain - LaLiga,Athletic Bilbao,Villarreal CF,1,14167,Ibon Sanchez,Ibon Sanchez,Athletic Club,Villarreal CF,AMC,AMC,4.75,0.210526,0.045839,21.8156,0.0469,1.5254,0.0308,0.0469,0.0,0.0,0,0.0,0.0,0.83,recent_long,0.0,1.0,0.0,0.0,0.0,,,0,none,0.0,0.0,0.0,0,,,unknown,unknown,none,none,,T2,1.0,no_lineup_payload,26.8,AMC,4,1.0,2,,,,,0,26.8,7,0.2842,0.0,0.1339,-0.2842,1.5878,1.3,0.8187,1.1672,1.0,-0.782266,-78.227,model,history,191.0,low,suppress,no_action,,0.0,,,no_action,"history_lt_500,fixture_t2",,odds_api_io,event_id=61624538;market=Anytime Goalscorer
2026-04-11T11:24:48Z,2026-04-11T11:24:20Z,2026-04-12,,Bet365,Spain - LaLiga,CA Osasuna,Real Betis Seville,0,2306,Cedric Bakambu,Cedric Bakambu,Real Betis,CA Osasuna,Sub,Sub,3.1,0.322581,0.067823,14.7442,0.0702,1.4947,0.047,0.0702,0.0,0.0,0,0.0,0.0,1.54,recent_long,0.0,8.0,0.0,0.0,0.0,,,0,none,0.0,0.0,0.0,0,,,unknown,unknown,fotmob_expected,expected_xi,,T2,0.0,,28.7,FW,5,1.0,4,,,,,0,28.7,8,3.4257,2.0,0.866,-1.4257,1.2511,1.4154,1.1314,1.2545,1.0634,-0.789748,-78.975,model,history,1263.0,medium,monitor,no_action,,0.0,,,no_action,"history_resolver,no_xi_yet,fixture_t2",FotMob Expected XI,odds_api_io,event_id=61624552;market=Anytime Goalscorer
2026-04-11T11:24:48Z,2026-04-11T11:24:20Z,2026-04-12,,Bet365,Spain - LaLiga,CA Osasuna,Real Betis Seville,1,11395,Iker Munoz,Iker Munoz,Osasuna,Real Betis Seville,Sub,Sub,7.0,0.142857,0.029856,33.4944,0.0303,1.3557,0.0224,0.0303,0.0,0.0,0,0.0,0.0,3.03,recent_long,0.0,11.0,0.0,0.0,0.0,,,0,none,0.0,0.0,0.0,0,,,unknown,unknown,fotmob_expected,expected_xi,,T2,0.0,,46.0,DMC,2,1.0,4,,,,,0,46.0,8,0.2043,0.0,0.0473,-0.2043,1.6256,1.2442,0.7654,1.0702,0.9694,-0.79101,-79.101,model,history,3062.0,medium,monitor,no_action,,0.0,,,no_action,"history_resolver,no_xi_yet,fixture_t2",FotMob Expected XI,odds_api_io,event_id=61624552;market=Anytime Goalscorer
2026-04-11T11:24:48Z,2026-04-11T11:24:20Z,2026-04-12,,Bet365,Spain - LaLiga,RCD Mallorca,Rayo Vallecano,1,6242,Johan Mojica,Johan Mojica,Mallorca,Rayo Vallecano,DL,DL,8.5,0.117647,0.024316,41.1246,0.0246,1.2068,0.0204,0.0246,0.0,0.0,0,0.0,0.0,3.09,recent_long,0.0,13.0,0.0,0.0,0.0,,,0,none,0.0,0.0,0.0,0,,,expected_starter,expected_starter,fotmob_expected,expected_xi,Johan Mojica,T2,0.0,,79.2,DL,1,1.0,8,DEF,1,4-3-1-2,0,0,79.2,8,0.1263,0.0,0.0177,-0.1263,1.4402,1.3519,0.9387,0.8979,1.0285,-0.793311,-79.331,model,history,6993.0,medium,monitor,no_action,,0.0,,,no_action,"history_resolver,expected_xi,fixture_t2",FotMob Expected XI,odds_api_io,event_id=61624546;market=Anytime Goalscorer
2026-04-11T11:24:48Z,2026-04-11T11:24:20Z,2026-04-12,,Bet365,Spain - LaLiga,RCD Mallorca,Rayo Vallecano,0,12863,Pedro Diaz,Pedro Diaz,Rayo Vallecano,RCD Mallorca,Sub,Sub,4.75,0.210526,0.04293,23.2938,0.0439,1.5563,0.0276,0.0429,0.001,0.0228,0,0.0227,0.0227,1.61,recent_long,1.0,4.0,0.25,0.0,0.0,,,1,tertiary,0.0,0.0,0.0005,0,,,unknown,unknown,fotmob_expected,expected_xi,,T2,0.0,,41.7,DMC,2,0.5,4,,,,,0,41.7,8,0.6812,0.0,0.2129,-0.6812,1.8566,1.7964,0.9676,1.1113,1.25,-0.796083,-79.608,model,history,2612.0,medium,monitor,no_action,,0.0,,,no_action,"history_resolver,no_xi_yet,fixture_t2",FotMob Expected XI,odds_api_io,event_id=61624546;market=Anytime Goalscorer
2026-04-11T11:24:48Z,2026-04-11T11:24:20Z,2026-04-12,,Bet365,Spain - LaLiga,Athletic Bilbao,Villarreal CF,1,8765,Robert Navarro,Robert Navarro,Athletic Club,Villarreal CF,Sub,Sub,4.0,0.25,0.050304,19.8792,0.0516,1.5254,0.0338,0.0516,0.0,0.0,0,0.0,0.0,2.54,recent_long,0.0,12.0,0.0,0.0,0.0,,,0,none,0.0,0.0,0.0,0,,,unknown,unknown,none,none,,T2,1.0,no_lineup_payload,34.7,AMR,4,1.0,2,,,,,0,34.7,8,1.0629,2.0,0.3276,0.9371,1.4051,1.3,0.9252,1.1672,1.0,-0.798785,-79.878,model,history,4186.0,medium,monitor,no_action,,0.0,,,no_action,"history_resolver,no_xi_yet,fixture_t2",,odds_api_io,event_id=61624538;market=Anytime Goalscorer
2026-04-11T11:24:48Z,2026-04-11T11:24:20Z,2026-04-12,,Bet365,Spain - LaLiga,RCD Mallorca,Rayo Vallecano,1,6087,Takuma Asano,Takuma Asano,Mallorca,Rayo Vallecano,AMR,AMR,3.4,0.294118,0.055131,18.1387,0.0567,1.2068,0.047,0.0567,0.0,0.0,0,0.0,0.0,3.75,recent_long,0.0,8.0,0.0,0.0,0.0,,,0,none,0.0,0.0,0.0,0,,,unknown,unknown,fotmob_expected,expected_xi,,T2,0.0,,32.8,AMR,4,1.0,2,,,,,0,32.8,8,0.6213,0.0,0.2943,-0.6213,1.6564,1.3519,0.8162,0.8979,1.0285,-0.812556,-81.256,model,history,1558.0,medium,monitor,no_action,,0.0,,,no_action,"history_resolver,no_xi_yet,fixture_t2",FotMob Expected XI,odds_api_io,event_id=61624546;market=Anytime Goalscorer
2026-04-11T11:24:48Z,2026-04-11T11:24:20Z,2026-04-12,,Bet365,Spain - LaLiga,RC Celta de Vigo,Real Oviedo,0,11401,Haissem Hassan,Haissem Hassan,Real Oviedo,RC Celta de Vigo,Sub,Sub,5.0,0.2,0.036674,27.2676,0.0374,1.0481,0.0356,0.0374,0.0,0.0,0,0.0,0.0,1.12,recent_long,0.0,2.0,0.0,0.0,0.0,,,0,none,0.0,0.0,0.0,0,,,unknown,unknown,none,none,,T2,1.0,no_lineup_payload,49.1,AMR,4,1.0,6,,,,,0,49.1,8,0.5802,0.0,0.1479,-0.5802,1.7158,1.3,0.7577,0.9355,1.0,-0.816632,-81.663,model,history,1607.0,medium,monitor,no_action,,0.0,,,no_action,"history_resolver,no_xi_yet,fixture_t2",,odds_api_io,event_id=61624542;market=Anytime Goalscorer
2026-04-11T11:24:48Z,2026-04-11T11:24:20Z,2026-04-12,,Bet365,Spain - LaLiga,RCD Mallorca,Rayo Vallecano,0,10101,Carlos Martin,Carlos Martin,Rayo Vallecano,RCD Mallorca,Sub,Sub,3.75,0.266667,0.047791,20.9242,0.049,1.5563,0.0315,0.049,0.0,0.0,0,0.0,0.0,2.73,recent_long,0.0,7.0,0.0,0.0,0.0,,,0,none,0.0,0.0,0.0,0,,,unknown,unknown,fotmob_expected,expected_xi,,T2,0.0,,43.7,AMR,4,0.5,6,,,,,0,43.7,8,0.8444,0.0,0.2235,-0.8444,1.7927,1.7964,1.002,1.1113,1.25,-0.820782,-82.078,model,history,1698.0,medium,monitor,no_action,,0.0,,,no_action,"history_resolver,no_xi_yet,fixture_t2",FotMob Expected XI,odds_api_io,event_id=61624546;market=Anytime Goalscorer
2026-04-11T11:24:48Z,2026-04-11T11:24:20Z,2026-04-12,,Bet365,Spain - LaLiga,CA Osasuna,Real Betis Seville,0,8002,Rodrigo Riquelme,Rodrigo Riquelme,Real Betis,CA Osasuna,Sub,Sub,6.0,0.166667,0.029709,33.66,0.0302,1.4947,0.0202,0.0302,0.0,0.0,0,0.0,0.0,1.07,recent_long,0.0,9.0,0.0,0.0,0.0,,,0,none,0.0,0.0,0.0,0,,,unknown,unknown,fotmob_expected,expected_xi,,T2,0.0,,24.5,AML,4,1.0,2,,,,,0,24.5,8,1.3059,0.0,0.6186,-1.3059,1.2936,1.4154,1.0942,1.2545,1.0634,-0.821747,-82.175,model,history,2636.0,medium,monitor,no_action,,0.0,,,no_action,"history_resolver,no_xi_yet,fixture_t2",FotMob Expected XI,odds_api_io,event_id=61624552;market=Anytime Goalscorer
2026-04-11T11:24:48Z,2026-04-11T11:24:20Z,2026-04-12,,Bet365,Spain - LaLiga,Athletic Bilbao,Villarreal CF,1,13417,Maroan Sannadi,Maroan Sannadi,Athletic Club,Villarreal CF,Sub,Sub,3.5,0.285714,0.048938,20.434,0.0502,1.5254,0.0329,0.0502,0.0,0.0,0,0.0,0.0,3.05,recent_long,0.0,6.0,0.0,0.0,0.0,,,0,none,0.0,0.0,0.0,0,,,unknown,unknown,none,none,,T2,1.0,no_lineup_payload,36.7,FW,5,1.0,3,,,,,0,36.7,8,0.2751,0.0,0.127,-0.2751,1.4971,1.3,0.8684,1.1672,1.0,-0.828716,-82.872,model,history,1007.0,medium,monitor,no_action,,0.0,,,no_action,"history_resolver,no_xi_yet,fixture_t2",,odds_api_io,event_id=61624538;market=Anytime Goalscorer
2026-04-11T11:24:48Z,2026-04-11T11:24:20Z,2026-04-12,,Bet365,Spain - LaLiga,RCD Mallorca,Rayo Vallecano,1,2479,Antonio Toni Lato,Antonio Toni Lato,Mallorca,Rayo Vallecano,DL,DL,12.0,0.083333,0.01407,71.0729,0.0142,1.2068,0.0117,0.0142,0.0,0.0,0,0.0,0.0,2.66,recent_long,0.0,5.0,0.0,0.0,0.0,,,0,none,0.0,0.0,0.0,0,,,unknown,unknown,fotmob_expected,expected_xi,,T2,0.0,,50.5,DL,1,0.8571,7,,,,,0,50.5,8,0.0,0.0,0.0,0.0,1.7159,1.3519,0.7878,0.8979,1.0285,-0.831159,-83.116,model,history,2638.0,medium,monitor,no_action,,0.0,,,no_action,"history_resolver,no_xi_yet,fixture_t2",FotMob Expected XI,odds_api_io,event_id=61624546;market=Anytime Goalscorer
2026-04-11T11:24:48Z,2026-04-11T11:24:20Z,2026-04-12,,Bet365,Spain - LaLiga,CA Osasuna,Real Betis Seville,1,12472,Inigo Arguibide,Inigo Arguibide,Osasuna,Real Betis Seville,Sub,Sub,8.5,0.117647,0.01956,51.1259,0.0198,1.3557,0.0146,0.0198,0.0,0.0,0,0.0,0.0,1.88,recent_long,0.0,2.0,0.0,0.0,0.0,,,0,none,0.0,0.0,0.0,0,,,unknown,unknown,fotmob_expected,expected_xi,,T2,0.0,,29.5,DR,1,0.5,2,,,,,0,29.5,6,0.0,0.0,0.0,0.0,1.2222,1.2442,1.0181,1.0702,0.9694,-0.833744,-83.374,model,history,187.0,low,suppress,no_action,,0.0,,,no_action,"history_lt_500,fixture_t2",FotMob Expected XI,odds_api_io,event_id=61624552;market=Anytime Goalscorer
2026-04-11T11:24:48Z,2026-04-11T11:24:20Z,2026-04-12,,Bet365,Spain - LaLiga,Athletic Bilbao,Villarreal CF,1,11531,Unai Gomez,Unai Gomez,Athletic Club,Villarreal CF,Sub,Sub,4.5,0.222222,0.036078,27.7174,0.0367,1.5254,0.0241,0.0367,0.0,0.0,0,0.0,0.0,2.29,recent_long,0.0,13.0,0.0,0.0,0.0,,,0,none,0.0,0.0,0.0,0,,,unknown,unknown,none,none,,T2,1.0,no_lineup_payload,32.2,AML,4,0.4,5,,,,,0,32.2,8,0.2108,0.0,0.0759,-0.2108,1.4242,1.3,0.9128,1.1672,1.0,-0.837647,-83.765,model,history,2713.0,medium,monitor,no_action,,0.0,,,no_action,"history_resolver,no_xi_yet,fixture_t2",,odds_api_io,event_id=61624538;market=Anytime Goalscorer
2026-04-11T11:24:48Z,2026-04-11T11:24:20Z,2026-04-12,,Bet365,Spain - LaLiga,CA Osasuna,Real Betis Seville,1,12790,Abel Bretones,Abel Bretones,Osasuna,Real Betis Seville,Sub,Sub,6.0,0.166667,0.02599,38.4763,0.0263,1.3557,0.0194,0.0263,0.0,0.0,0,0.0,0.0,4.33,recent_long,0.0,15.0,0.0,0.0,0.0,,,0,none,0.0,0.0,0.0,0,,,unknown,unknown,fotmob_expected,expected_xi,,T2,0.0,,39.5,DL,1,1.0,2,,,,,0,39.5,8,0.0,0.0,0.0,0.0,1.4745,1.2442,0.8438,1.0702,0.9694,-0.84406,-84.406,model,history,3477.0,medium,monitor,no_action,,0.0,,,no_action,"history_resolver,no_xi_yet,fixture_t2",FotMob Expected XI,odds_api_io,event_id=61624552;market=Anytime Goalscorer
2026-04-11T11:24:48Z,2026-04-11T11:24:20Z,2026-04-12,,Bet365,Spain - LaLiga,Athletic Bilbao,Villarreal CF,1,13627,Alejandro Rego,Alejandro Rego,Athletic Club,Villarreal CF,DMC,DMC,4.75,0.210526,0.030773,32.4965,0.0313,1.5254,0.0205,0.0313,0.0,0.0,0,0.0,0.0,2.15,recent_long,0.0,4.0,0.0,0.0,0.0,,,0,none,0.0,0.0,0.0,0,,,unknown,unknown,none,none,,T2,1.0,no_lineup_payload,48.4,DMC,2,1.0,5,,,,,0,48.4,8,0.2394,0.0,0.0523,-0.2394,1.3495,1.3,0.9633,1.1672,1.0,-0.853831,-85.383,model,history,807.0,medium,monitor,no_action,,0.0,,,no_action,"history_resolver,no_xi_yet,fixture_t2",,odds_api_io,event_id=61624538;market=Anytime Goalscorer
2026-04-11T11:24:48Z,2026-04-11T11:24:20Z,2026-04-12,,Bet365,Spain - LaLiga,RCD Mallorca,Rayo Vallecano,0,9813,Randy Nteka,Randy Nteka,Rayo Vallecano,RCD Mallorca,Sub,Sub,4.0,0.25,0.036458,27.4289,0.0371,1.5563,0.0239,0.0371,0.0,0.0,0,0.0,0.0,1.39,recent_long,1.0,4.0,0.25,0.0,0.0,,,0,none,0.0,0.0,0.0,0,,,unknown,unknown,fotmob_expected,expected_xi,,T2,0.0,,27.3,FW,5,1.0,1,,,,,0,27.3,8,0.5928,1.0,0.6063,0.4072,1.6036,1.7964,1.1202,1.1113,1.25,-0.854168,-85.417,model,history,1789.0,medium,monitor,no_action,,0.0,,,no_action,"history_resolver,no_xi_yet,fixture_t2",FotMob Expected XI,odds_api_io,event_id=61624546;market=Anytime Goalscorer
2026-04-11T11:24:48Z,2026-04-11T11:24:20Z,2026-04-12,,Bet365,Spain - LaLiga,RC Celta de Vigo,Real Oviedo,0,1762,Oviemuno Ejaria,Oviemuno Ejaria,Real Oviedo,RC Celta de Vigo,Sub,Sub,8.0,0.125,0.017873,55.9494,0.018,1.0481,0.0172,0.018,0.0,0.0,0,0.0,0.0,0.88,recent_long,0.0,1.0,0.0,0.0,0.0,,,0,none,0.0,0.0,0.0,0,,,unknown,unknown,none,none,,T2,1.0,no_lineup_payload,25.0,MC,3,0.5,2,,,,,0,25.0,7,0.2249,0.0,0.1119,-0.2249,1.6602,1.3,0.7831,0.9355,1.0,-0.857014,-85.701,model,history,181.0,low,suppress,no_action,,0.0,,,no_action,"history_lt_500,fixture_t2",,odds_api_io,event_id=61624542;market=Anytime Goalscorer
2026-04-11T11:24:48Z,2026-04-11T11:24:20Z,2026-04-12,,Bet365,Spain - LaLiga,RC Celta de Vigo,Real Oviedo,0,965,Santi Cazorla,Santi Cazorla,Real Oviedo,RC Celta de Vigo,Sub,Sub,8.0,0.125,0.016936,59.0455,0.0171,1.0481,0.0163,0.0171,0.0,0.0,0,0.0,0.0,1.23,recent_long,0.0,2.0,0.0,0.0,0.0,,,0,none,0.0,0.0,0.0,0,,,unknown,unknown,none,none,,T2,1.0,no_lineup_payload,27.1,,,0.0,0,,,,,0,27.1,8,0.0896,0.0,0.0572,-0.0896,1.7158,1.3,0.7577,0.9355,1.0,-0.864511,-86.451,model,history,579.0,medium,monitor,no_action,,0.0,,,no_action,"history_resolver,no_xi_yet,fixture_t2",,odds_api_io,event_id=61624542;market=Anytime Goalscorer
2026-04-11T11:24:48Z,2026-04-11T11:24:20Z,2026-04-12,,Bet365,Spain - LaLiga,RCD Mallorca,Rayo Vallecano,1,9970,Antonio Sanchez,Antonio Sanchez,Mallorca,Rayo Vallecano,Sub,Sub,5.0,0.2,0.026791,37.3257,0.0272,1.2068,0.0225,0.0272,0.0,0.0,0,0.0,0.0,3.89,recent_long,0.0,11.0,0.0,0.0,0.0,,,0,none,0.0,0.0,0.0,0,,,unknown,unknown,fotmob_expected,expected_xi,,T2,0.0,,38.4,MR,3,0.3333,3,,,,,0,38.4,8,0.4645,0.0,0.1639,-0.4645,1.7293,1.3519,0.7818,0.8979,1.0285,-0.866044,-86.604,model,history,3773.0,medium,monitor,no_action,,0.0,,,no_action,"history_resolver,no_xi_yet,fixture_t2",FotMob Expected XI,odds_api_io,event_id=61624546;market=Anytime Goalscorer
2026-04-11T11:24:48Z,2026-04-11T11:24:20Z,2026-04-12,,Bet365,Spain - LaLiga,CA Osasuna,Real Betis Seville,0,14001,Nelson Deossa,Nelson Deossa,Real Betis,CA Osasuna,MC,MC,4.333,0.230787,0.030107,33.2147,0.0306,1.4947,0.0205,0.0306,0.0,0.0,0,0.0,0.0,1.35,recent_long,0.0,2.0,0.0,0.0,0.0,,,0,none,0.0,0.0,0.0,0,,,unknown,unknown,fotmob_expected,expected_xi,,T2,0.0,,38.0,DMC,2,0.6,5,,,,,0,38.0,8,0.2346,0.0,0.0638,-0.2346,1.4965,1.4154,0.9458,1.2545,1.0634,-0.869546,-86.955,model,history,597.0,medium,monitor,no_action,,0.0,,,no_action,"history_resolver,no_xi_yet,fixture_t2",FotMob Expected XI,odds_api_io,event_id=61624552;market=Anytime Goalscorer
2026-04-11T11:24:48Z,2026-04-11T11:24:20Z,2026-04-12,,Bet365,Spain - LaLiga,CA Osasuna,Real Betis Seville,0,6955,Luis Avila,Luis Avila,Real Betis,CA Osasuna,Sub,Sub,3.4,0.294118,0.03807,26.2671,0.0388,1.4947,0.0181,0.0271,0.0118,0.3029,0,0.4519,0.4519,2.52,recent_long,1.0,6.0,0.1667,0.0,0.0,,,1,secondary,0.0,0.0,0.0044,0,,,unknown,unknown,fotmob_expected,expected_xi,,T2,0.0,,28.6,FW,5,0.6667,3,,,,,0,28.6,8,0.7596,0.0,0.2271,-0.7596,1.4588,1.4154,0.9703,1.2545,1.0634,-0.87056,-87.056,model,history,979.0,medium,monitor,no_action,,0.0,,,no_action,"history_resolver,no_xi_yet,fixture_t2",FotMob Expected XI,odds_api_io,event_id=61624552;market=Anytime Goalscorer
2026-04-11T11:24:48Z,2026-04-11T11:24:20Z,2026-04-12,,Bet365,Spain - LaLiga,RCD Mallorca,Rayo Vallecano,0,3208,Oscar Trejo,Oscar Trejo,Rayo Vallecano,RCD Mallorca,Sub,Sub,7.0,0.142857,0.017752,56.3301,0.0179,1.5563,0.0115,0.0179,0.0,0.0,0,0.0,0.0,0.17,recent_long,0.0,6.0,0.0,0.0,0.0,,,0,none,0.0,0.0,0.0,0,,,unknown,unknown,fotmob_expected,expected_xi,,T2,0.0,,20.3,AMC,4,1.0,3,,,,,0,20.3,8,0.3578,1.0,0.1484,0.6422,1.4589,1.7964,1.2313,1.1113,1.25,-0.875733,-87.573,model,history,1875.0,medium,monitor,no_action,,0.0,,,no_action,"history_resolver,no_xi_yet,fixture_t2",FotMob Expected XI,odds_api_io,event_id=61624546;market=Anytime Goalscorer
2026-04-11T11:24:48Z,2026-04-11T11:24:20Z,2026-04-12,,Bet365,Spain - LaLiga,RCD Mallorca,Rayo Vallecano,0,7528,Sergio Camello,Sergio Camello,Rayo Vallecano,RCD Mallorca,Sub,Sub,3.5,0.285714,0.035276,28.3478,0.0359,1.5563,0.0231,0.0359,0.0,0.0,0,0.0,0.0,0.0,none,0.0,4.0,0.0,0.0,0.0,,,0,none,0.0,0.0,0.0,0,,,unknown,unknown,fotmob_expected,expected_xi,,T2,0.0,,30.0,FW,5,1.0,3,,,,,0,30.0,8,0.1491,0.0,0.0554,-0.1491,1.6479,1.7964,1.0901,1.1113,1.25,-0.876534,-87.653,model,history,3290.0,medium,monitor,no_action,,0.0,,,no_action,"history_resolver,no_xi_yet,fixture_t2",FotMob Expected XI,odds_api_io,event_id=61624546;market=Anytime Goalscorer
2026-04-11T11:24:48Z,2026-04-11T11:24:20Z,2026-04-12,,Bet365,Spain - LaLiga,CA Osasuna,Real Betis Seville,0,13376,Pablo Garcia,Pablo Garcia,Real Betis,CA Osasuna,Sub,Sub,5.0,0.2,0.023495,42.5626,0.0238,1.4947,0.0159,0.0238,0.0,0.0,0,0.0,0.0,1.63,recent_long,0.0,2.0,0.0,0.0,0.0,,,0,none,0.0,0.0,0.0,0,,,unknown,unknown,fotmob_expected,expected_xi,,T2,0.0,,21.7,AMR,4,1.0,1,,,,,0,21.7,8,0.293,0.0,0.1533,-0.293,1.5934,1.4154,0.8883,1.2545,1.0634,-0.882526,-88.253,model,history,346.0,low,suppress,no_action,,0.0,,,no_action,"history_lt_500,fixture_t2",FotMob Expected XI,odds_api_io,event_id=61624552;market=Anytime Goalscorer
2026-04-11T11:24:48Z,2026-04-11T11:24:20Z,2026-04-12,,Bet365,Spain - LaLiga,Athletic Bilbao,Villarreal CF,1,5077,Mikel Vesga,Mikel Vesga,Athletic Club,Villarreal CF,Sub,Sub,7.5,0.133333,0.014087,70.9892,0.0142,1.5254,0.0089,0.0135,0.0007,0.0466,0,0.0262,0.0262,2.44,recent_long,3.0,12.0,0.25,0.0,0.0,,,0,none,0.0,0.0,0.0003,0,,,unknown,unknown,none,none,,T2,1.0,no_lineup_payload,18.6,,,0.0,0,,,,,0,18.6,8,0.0,0.0,0.0,0.0,1.3625,1.3,0.9541,1.1672,1.0,-0.89435,-89.435,model,history,2870.0,medium,monitor,no_action,,0.0,,,no_action,"history_resolver,no_xi_yet,fixture_t2",,odds_api_io,event_id=61624538;market=Anytime Goalscorer
2026-04-11T11:24:48Z,2026-04-11T11:24:20Z,2026-04-12,,Bet365,Spain - LaLiga,Athletic Bilbao,Villarreal CF,1,9825,Nico Serrano,Nico Serrano,Athletic Club,Villarreal CF,Sub,Sub,3.5,0.285714,0.023889,41.8605,0.0242,1.5254,0.0159,0.0242,0.0,0.0,0,0.0,0.0,2.11,recent_long,0.0,3.0,0.0,0.0,0.0,,,0,none,0.0,0.0,0.0,0,,,unknown,unknown,none,none,,T2,1.0,no_lineup_payload,25.3,AMR,4,1.0,2,,,,,0,25.3,8,0.3395,1.0,0.1551,0.6605,1.5098,1.3,0.861,1.1672,1.0,-0.916389,-91.639,model,history,429.0,low,suppress,no_action,,0.0,,,no_action,"history_lt_500,fixture_t2",,odds_api_io,event_id=61624538;market=Anytime Goalscorer
2026-04-11T11:24:48Z,2026-04-11T11:24:20Z,2026-04-12,,Bet365,Spain - LaLiga,RCD Mallorca,Rayo Vallecano,1,8014,Abdon Prats,Abdon Prats,Mallorca,Rayo Vallecano,Sub,Sub,3.1,0.322581,0.024239,41.255,0.0245,1.2068,0.0193,0.0233,0.0012,0.0487,0,0.0283,0.0283,2.89,recent_long,1.0,7.0,0.1429,0.0,0.0,,,0,none,0.0,0.0,0.0004,0,,,unknown,unknown,fotmob_expected,expected_xi,,T2,0.0,,19.3,FW,5,1.0,2,,,,,0,19.3,8,0.5871,0.0,0.2553,-0.5871,1.4154,1.3519,0.9552,0.8979,1.0285,-0.924858,-92.486,model,history,1618.0,medium,monitor,no_action,,0.0,,,no_action,"history_resolver,no_xi_yet,fixture_t2",FotMob Expected XI,odds_api_io,event_id=61624546;market=Anytime Goalscorer
2026-04-11T11:24:48Z,2026-04-11T11:24:20Z,2026-04-12,,Bet365,Spain - LaLiga,RC Celta de Vigo,Real Oviedo,0,8413,Fernando Lopez,Fernando Lopez,Real Oviedo,RC Celta de Vigo,DL,DL,3.5,0.285714,0.019873,50.3195,0.0201,1.0481,0.0192,0.0201,0.0,0.0,0,0.0,0.0,1.99,recent_long,0.0,11.0,0.0,0.0,0.0,,,0,none,0.0,0.0,0.0,0,,,unknown,unknown,none,none,,T2,1.0,no_lineup_payload,74.3,DL,1,1.0,10,,,,,0,74.3,8,0.1093,0.0,0.0141,-0.1093,1.7158,1.3,0.7577,0.9355,1.0,-0.930444,-93.044,model,history,5596.0,medium,monitor,no_action,,0.0,,,no_action,"history_resolver,no_xi_yet,fixture_t2",,odds_api_io,event_id=61624542;market=Anytime Goalscorer
2026-04-11T11:24:48Z,2026-04-11T11:24:20Z,2026-04-12,,Bet365,Spain - LaLiga,RC Celta de Vigo,Real Oviedo,0,13954,Alex Fores,Alex Fores,Real Oviedo,RC Celta de Vigo,Sub,Sub,4.5,0.222222,0.015277,65.458,0.0154,1.0481,0.0147,0.0154,0.0,0.0,0,0.0,0.0,1.0,recent_long,0.0,1.0,0.0,0.0,0.0,,,0,none,0.0,0.0,0.0,0,,,unknown,unknown,none,none,,T2,1.0,no_lineup_payload,17.1,FW,5,1.0,1,,,,,0,17.1,8,0.3794,0.0,0.2261,-0.3794,1.6114,1.3,0.8068,0.9355,1.0,-0.931254,-93.125,model,history,269.0,low,suppress,no_action,,0.0,,,no_action,"history_lt_500,fixture_t2",,odds_api_io,event_id=61624542;market=Anytime Goalscorer
2026-04-11T11:24:48Z,2026-04-11T11:24:20Z,2026-04-12,,Bet365,Spain - LaLiga,Athletic Bilbao,Villarreal CF,1,13821,Urko Izeta,Urko Izeta,Athletic Club,Villarreal CF,Sub,Sub,3.1,0.322581,0.019594,51.0354,0.0198,1.5254,0.013,0.0198,0.0,0.0,0,0.0,0.0,2.25,recent_long,0.0,3.0,0.0,0.0,0.0,,,0,none,0.0,0.0,0.0,0,,,unknown,unknown,none,none,,T2,1.0,no_lineup_payload,13.4,FW,5,1.0,1,,,,,0,13.4,8,1.1079,0.0,0.867,-1.1079,1.7525,1.3,0.7418,1.1672,1.0,-0.939258,-93.926,model,history,139.0,low,suppress,no_action,,0.0,,,no_action,"history_lt_500,fixture_t2",,odds_api_io,event_id=61624538;market=Anytime Goalscorer
2026-04-11T11:24:48Z,2026-04-11T11:24:20Z,2026-04-12,,Bet365,Spain - LaLiga,RCD Mallorca,Rayo Vallecano,1,10128,Javi Llabres,Javi Llabres,Mallorca,Rayo Vallecano,Sub,Sub,7.0,0.142857,0.008101,99.0,0.0081,1.2068,0.0067,0.0081,0.0,0.0,0,0.0,0.0,2.61,recent_long,0.0,5.0,0.0,0.0,0.0,,,0,none,0.0,0.0,0.0,0,,,unknown,unknown,fotmob_expected,expected_xi,,T2,0.0,,10.2,,,0.0,0,,,,,0,10.2,8,0.1391,0.0,0.5691,-0.1391,1.4371,1.3519,0.9407,0.8979,1.0285,-0.94329,-94.329,model,history,324.0,low,suppress,no_action,,0.0,,,no_action,"history_lt_500,fixture_t2",FotMob Expected XI,odds_api_io,event_id=61624546;market=Anytime Goalscorer
2026-04-11T11:24:48Z,2026-04-11T11:24:20Z,2026-04-12,,Bet365,Spain - LaLiga,CA Osasuna,Real Betis Seville,0,13374,Angel Ortiz,Angel Ortiz,Real Betis,CA Osasuna,DR,DR,15.0,0.066667,0.001,99.0,0.001,1.4947,0.0002,0.0003,0.0,0.0,0,0.0,0.0,1.2,recent_long,0.0,2.0,0.0,0.0,0.0,,,0,none,0.0,0.0,0.0,0,,,expected_out,expected_out,fotmob_expected,expected_xi,Ángel Ortiz,T2,0.0,,0.0,DR,1,1.0,6,,,,,0,0.0,8,0.0274,0.0,0.0074,-0.0274,1.3544,1.4154,1.0451,1.2545,1.0634,-0.985007,-98.501,model,history,936.0,low,suppress,no_action,,0.0,,,no_action,"expected_out,fixture_t2",FotMob Expected XI,odds_api_io,event_id=61624552;market=Anytime Goalscorer
2026-04-11T11:24:48Z,2026-04-11T11:24:20Z,2026-04-12,,Bet365,Spain - LaLiga,CA Osasuna,Real Betis Seville,1,12893,Enzo Boyomo,Enzo Boyomo,Osasuna,Real Betis Seville,DC,DC,13.0,0.076923,0.001,99.0,0.001,1.3557,0.0003,0.0005,0.0,0.0,0,0.0,0.0,2.22,recent_long,0.0,4.0,0.0,0.0,0.0,,,0,none,0.0,0.0,0.0,0,,,expected_out,expected_out,fotmob_expected,expected_xi,Flavien Boyomo,T2,0.0,,0.0,DC,1,1.0,9,,,,,0,0.0,8,0.2329,0.0,0.036,-0.2329,1.6256,1.2442,0.7654,1.0702,0.9694,-0.987006,-98.701,model,history,1914.0,low,suppress,no_action,,0.0,,,no_action,"expected_out,fixture_t2",FotMob Expected XI,odds_api_io,event_id=61624552;market=Anytime Goalscorer
2026-04-11T11:24:48Z,2026-04-11T11:24:20Z,2026-04-12,,Bet365,Spain - LaLiga,CA Osasuna,Real Betis Seville,0,6485,Junior Firpo,Junior Firpo,Real Betis,CA Osasuna,DL,DL,13.0,0.076923,0.001,99.0,0.001,1.4947,0.0003,0.0004,0.0,0.0,0,0.0,0.0,0.83,recent_long,0.0,1.0,0.0,0.0,0.0,,,0,none,0.0,0.0,0.0,0,,,expected_out,expected_out,fotmob_expected,expected_xi,Junior Firpo,T2,0.0,,0.0,DL,1,1.0,8,,,,,0,0.0,8,0.3688,0.0,0.0637,-0.3688,1.379,1.4154,1.0264,1.2545,1.0634,-0.987006,-98.701,model,history,685.0,low,suppress,no_action,,0.0,,,no_action,"expected_out,fixture_t2",FotMob Expected XI,odds_api_io,event_id=61624552;market=Anytime Goalscorer
2026-04-11T11:24:48Z,2026-04-11T11:24:20Z,2026-04-12,,Bet365,Spain - LaLiga,RCD Mallorca,Rayo Vallecano,1,7838,Martin Valjent,Martin Valjent,Mallorca,Rayo Vallecano,DC,DC,13.0,0.076923,0.001,99.0,0.001,1.2068,0.0003,0.0004,0.0,0.0,0,0.0,0.0,3.86,recent_long,0.0,14.0,0.0,0.0,0.0,,,0,none,0.0,0.0,0.0,0,,,expected_out,expected_out,fotmob_expected,expected_xi,Martin Valjent,T2,0.0,,0.0,DC,1,1.0,10,,,,,0,0.0,8,0.4572,0.0,0.0572,-0.4572,1.7293,1.3519,0.7818,0.8979,1.0285,-0.987006,-98.701,model,history,7849.0,low,suppress,no_action,,0.0,,,no_action,"expected_out,fixture_t2",FotMob Expected XI,odds_api_io,event_id=61624546;market=Anytime Goalscorer
2026-04-11T11:24:48Z,2026-04-11T11:24:20Z,2026-04-12,,Bet365,Spain - LaLiga,CA Osasuna,Real Betis Seville,0,2255,Alarcon Isco,Alarcon Isco,Real Betis,CA Osasuna,AMC,AMC,4.333,0.230787,0.001968,99.0,0.002,1.4947,0.0013,0.002,0.0,0.0,0,0.8595,0.8595,4.4,recent_long,8.0,10.0,0.8,0.0,0.0,,,0,none,0.0,0.0,0.0,0,,,expected_out,expected_out,fotmob_expected,expected_xi,Isco,T2,0.0,,0.0,AMC,4,1.0,7,,,,,0,0.0,8,2.0568,2.0,0.368,-0.0568,1.3957,1.4154,1.0142,1.2545,1.0634,-0.991471,-99.147,model,history,3942.0,low,suppress,no_action,,0.0,,,no_action,"expected_out,fixture_t2",FotMob Expected XI,odds_api_io,event_id=61624552;market=Anytime Goalscorer
2026-04-11T11:24:48Z,2026-04-11T11:24:20Z,2026-04-12,,Bet365,Spain - LaLiga,RCD Mallorca,Rayo Vallecano,0,10944,Fran Perez,Fran Perez,Rayo Vallecano,RCD Mallorca,AML,AML,5.0,0.2,0.001703,99.0,0.0017,1.5563,0.0011,0.0017,0.0,0.0,0,0.0,0.0,1.76,recent_long,0.0,10.0,0.0,0.0,0.0,,,0,none,0.0,0.0,0.0,0,,,expected_out,expected_out,fotmob_expected,expected_xi,Fran Pérez,T2,0.0,,0.0,ML,3,0.4,5,,,,,0,0.0,8,0.7224,1.0,0.1597,0.2776,1.6881,1.7964,1.0641,1.1113,1.25,-0.991486,-99.149,model,history,3719.0,low,suppress,no_action,,0.0,,,no_action,"expected_out,fixture_t2",FotMob Expected XI,odds_api_io,event_id=61624546;market=Anytime Goalscorer
2026-04-11T11:24:48Z,2026-04-11T11:24:20Z,2026-04-12,,Bet365,Spain - LaLiga,RCD Mallorca,Rayo Vallecano,1,2584,Antonio Raillo,Antonio Raillo,Mallorca,Rayo Vallecano,DC,DC,8.5,0.117647,0.001,99.0,0.001,1.2068,0.0002,0.0003,0.0,0.0,0,0.0,0.0,2.99,recent_long,0.0,10.0,0.0,0.0,0.0,,,0,none,0.0,0.0,0.0,0,,,expected_out,expected_out,fotmob_expected,expected_xi,Antonio Raíllo,T2,0.0,,0.0,DC,1,1.0,10,,,,,0,0.0,8,0.1236,0.0,0.0162,-0.1236,1.8021,1.3519,0.7502,0.8979,1.0285,-0.991504,-99.15,model,history,7446.0,low,suppress,no_action,,0.0,,,no_action,"expected_out,fixture_t2",FotMob Expected XI,odds_api_io,event_id=61624546;market=Anytime Goalscorer
2026-04-11T11:24:48Z,2026-04-11T11:24:20Z,2026-04-12,,Bet365,Spain - LaLiga,CA Osasuna,Real Betis Seville,1,12537,Asier Osambela,Asier Osambela,Osasuna,Real Betis Seville,Sub,Sub,5.0,0.2,0.001,99.0,0.001,1.3557,0.0006,0.0008,0.0,0.0,0,0.0,0.0,2.3,recent_long,0.0,4.0,0.0,0.0,0.0,,,0,none,0.0,0.0,0.0,0,,,expected_out,expected_out,fotmob_expected,expected_xi,Asier Osambela,T2,0.0,,0.0,DC,1,1.0,2,,,,,0,0.0,8,0.226,1.0,0.2749,0.774,1.5603,1.2442,0.7975,1.0702,0.9694,-0.995002,-99.5,model,history,275.0,low,suppress,no_action,,0.0,,,no_action,"expected_out,fixture_t2",FotMob Expected XI,odds_api_io,event_id=61624552;market=Anytime Goalscorer
2026-04-11T11:24:48Z,2026-04-11T11:24:20Z,2026-04-12,,Bet365,Spain - LaLiga,CA Osasuna,Real Betis Seville,1,10273,Iker Benito,Iker Benito,Osasuna,Real Betis Seville,Sub,Sub,4.75,0.210526,0.001,99.0,0.001,1.3557,0.0007,0.001,0.0,0.0,0,0.0,0.0,2.0,recent_long,0.0,2.0,0.0,0.0,0.0,,,0,none,0.0,0.0,0.0,0,,,expected_out,expected_out,fotmob_expected,expected_xi,Iker Benito,T2,0.0,,0.0,MR,3,1.0,1,,,,,0,0.0,5,0.386,1.0,0.2363,0.614,1.2313,1.2442,1.0105,1.0702,0.9694,-0.995252,-99.525,model,history,147.0,low,suppress,no_action,,0.0,,,no_action,"expected_out,fixture_t2",FotMob Expected XI,odds_api_io,event_id=61624552;market=Anytime Goalscorer
2026-04-11T11:24:48Z,2026-04-11T11:24:20Z,2026-04-12,,Bet365,Spain - LaLiga,RCD Mallorca,Rayo Vallecano,1,11208,Mateo Joseph,Mateo Joseph,Mallorca,Rayo Vallecano,Sub,Sub,3.75,0.266667,0.001261,99.0,0.0013,1.2068,0.001,0.0013,0.0,0.0,0,0.0,0.0,3.69,recent_long,0.0,7.0,0.0,0.0,0.0,,,0,none,0.0,0.0,0.0,0,,,expected_out,expected_out,fotmob_expected,expected_xi,Mateo Joseph,T2,0.0,,0.0,FW,5,0.3333,6,,,,,0,0.0,8,1.6093,0.0,0.3255,-1.6093,1.7293,1.3519,0.7818,0.8979,1.0285,-0.995273,-99.527,model,history,1707.0,low,suppress,no_action,,0.0,,,no_action,"expected_out,fixture_t2",FotMob Expected XI,odds_api_io,event_id=61624546;market=Anytime Goalscorer
2026-04-11T11:24:48Z,2026-04-11T11:24:20Z,2026-04-13,,Bet365,Spain - LaLiga,Levante UD,Getafe CF,1,9275,Zaid Romero,Zaid Romero,Levante,Getafe CF,Sub,Sub,15.0,0.066667,0.115096,8.6884,0.1223,1.3563,0.0902,0.1223,0.0,0.0,0,0.0,0.0,0.67,recent_long,0.0,2.0,0.0,0.0,0.0,,,0,none,0.0,0.0,0.0,0,,,unknown,unknown,none,none,,T2,1.0,no_lineup_payload,66.6,FW,5,0.5,8,,,,,0,66.6,8,1.946,1.0,0.3672,-0.946,1.5902,1.3,0.8175,1.0379,1.0,0.726438,72.643,model,history,1935.0,medium,surface_with_caveat,no_action,,0.0,,,no_action,"history_resolver,no_xi_yet,fixture_t2",,odds_api_io,event_id=61624554;market=Anytime Goalscorer
2026-04-11T11:24:48Z,2026-04-11T11:24:20Z,2026-04-13,,Bet365,Spain - LaLiga,Levante UD,Getafe CF,1,13765,Unai Elgezabal,Unai Elgezabal,Levante,Getafe CF,Sub,Sub,19.0,0.052632,0.057006,17.542,0.0587,1.3563,0.0433,0.0587,0.0,0.0,0,0.0,0.0,0.54,recent_long,0.0,1.0,0.0,0.0,0.0,,,0,none,0.0,0.0,0.0,0,,,unknown,unknown,none,none,,T2,1.0,no_lineup_payload,77.0,DC,1,0.7778,9,,,,,0,77.0,8,0.6193,1.0,0.0924,0.3807,1.3812,1.3,0.9412,1.0379,1.0,0.083116,8.311,model,history,963.0,medium,surface_with_caveat,no_action,,0.0,,,no_action,"history_resolver,no_xi_yet,fixture_t2",,odds_api_io,event_id=61624554;market=Anytime Goalscorer
2026-04-11T11:24:48Z,2026-04-11T11:24:20Z,2026-04-13,,Bet365,Spain - LaLiga,Levante UD,Getafe CF,1,12078,Alan Matturro,Alan Matturro,Levante,Getafe CF,Sub,Sub,15.0,0.066667,0.048467,20.6327,0.0497,1.3563,0.0366,0.0497,0.0,0.0,0,0.0,0.0,0.51,recent_long,0.0,1.0,0.0,0.0,0.0,,,0,none,0.0,0.0,0.0,0,,,unknown,unknown,none,none,,T2,1.0,no_lineup_payload,54.2,DC,1,0.8571,7,,,,,0,54.2,8,0.3764,0.0,0.0748,-0.3764,1.5902,1.3,0.8175,1.0379,1.0,-0.273,-27.3,model,history,820.0,medium,monitor,no_action,,0.0,,,no_action,"history_resolver,no_xi_yet,fixture_t2",,odds_api_io,event_id=61624554;market=Anytime Goalscorer
2026-04-11T11:24:48Z,2026-04-11T11:24:20Z,2026-04-13,,Bet365,Spain - LaLiga,Levante UD,Getafe CF,1,8500,Victor Garcia,Victor Garcia,Levante,Getafe CF,AMR,AMR,8.0,0.125,0.084434,11.8435,0.0882,1.3563,0.065,0.0882,0.0,0.0,0,0.0,0.0,1.11,recent_long,0.0,2.0,0.0,0.0,0.0,,,0,none,0.0,0.0,0.0,0,,,unknown,unknown,none,none,,T2,1.0,no_lineup_payload,54.6,AMR,4,0.5,6,,,,,0,54.6,8,0.9738,0.0,0.1629,-0.9738,1.5902,1.3,0.8175,1.0379,1.0,-0.324525,-32.452,model,history,783.0,medium,monitor,no_action,,0.0,,,no_action,"history_resolver,no_xi_yet,fixture_t2",,odds_api_io,event_id=61624554;market=Anytime Goalscorer
2026-04-11T11:24:48Z,2026-04-11T11:24:20Z,2026-04-13,,Bet365,Spain - LaLiga,Levante UD,Getafe CF,1,13769,Carlos Espi,Carlos Espi,Levante,Getafe CF,FW,FW,3.4,0.294118,0.191288,5.2277,0.2123,1.3563,0.1565,0.2123,0.0,0.0,0,0.0,0.0,0.85,recent_long,0.0,2.0,0.0,0.0,0.0,,,0,none,0.0,0.0,0.0,0,,,unknown,unknown,none,none,,T2,1.0,no_lineup_payload,46.2,FW,5,1.0,5,,,,,0,46.2,8,3.9352,6.0,0.7213,2.0648,1.5902,1.3,0.8175,1.0379,1.0,-0.349619,-34.962,model,history,627.0,medium,monitor,no_action,,0.0,,,no_action,"history_resolver,no_xi_yet,fixture_t2",,odds_api_io,event_id=61624554;market=Anytime Goalscorer
2026-04-11T11:24:48Z,2026-04-11T11:24:20Z,2026-04-13,,Bet365,Spain - LaLiga,Levante UD,Getafe CF,1,13083,Matias Moreno,Matias Moreno,Levante,Getafe CF,DC,DC,15.0,0.066667,0.040675,24.585,0.0415,1.3563,0.0306,0.0415,0.0,0.0,0,0.0,0.0,0.57,recent_long,0.0,1.0,0.0,0.0,0.0,,,0,none,0.0,0.0,0.0,0,,,unknown,unknown,none,none,,T2,1.0,no_lineup_payload,79.0,DC,1,1.0,10,,,,,0,79.0,8,0.7351,0.0,0.1121,-0.7351,1.5361,1.3,0.8463,1.0379,1.0,-0.389871,-38.987,model,history,1545.0,medium,monitor,no_action,,0.0,,,no_action,"history_resolver,no_xi_yet,fixture_t2",,odds_api_io,event_id=61624554;market=Anytime Goalscorer
2026-04-11T11:24:48Z,2026-04-11T11:24:20Z,2026-04-13,,Bet365,Spain - LaLiga,Levante UD,Getafe CF,1,10319,Adrian De la Fuente,Adrian De la Fuente,Levante,Getafe CF,DC,DC,10.0,0.1,0.05927,16.872,0.0611,1.3563,0.0336,0.0456,0.0155,0.2536,0,0.2874,0.8992,0.67,recent_long,1.0,2.0,0.5,0.0,0.0,,,1,secondary,0.15,3.0,0.0005,0,,,unknown,unknown,none,none,,T2,1.0,no_lineup_payload,88.7,DC,1,1.0,10,,,,,0,88.7,8,0.3949,0.0,0.0508,-0.3949,1.6563,1.3,0.7849,1.0379,1.0,-0.407301,-40.73,model,history,2081.0,medium,monitor,no_action,,0.0,,,no_action,"history_resolver,no_xi_yet,fixture_t2",,odds_api_io,event_id=61624554;market=Anytime Goalscorer
2026-04-11T11:24:48Z,2026-04-11T11:24:20Z,2026-04-13,,Bet365,Spain - LaLiga,Levante UD,Getafe CF,1,257,Jeremy Toljan,Jeremy Toljan,Levante,Getafe CF,DR,DR,19.0,0.052632,0.030865,32.3987,0.0314,1.3563,0.0231,0.0314,0.0,0.0,0,0.0,0.0,0.64,recent_long,0.0,2.0,0.0,0.0,0.0,,,0,none,0.0,0.0,0.0,0,,,unknown,unknown,none,none,,T2,1.0,no_lineup_payload,88.8,DR,1,1.0,10,,,,,0,88.8,8,0.2052,0.0,0.0256,-0.2052,1.5902,1.3,0.8175,1.0379,1.0,-0.413557,-41.356,model,history,2547.0,medium,monitor,no_action,,0.0,,,no_action,"history_resolver,no_xi_yet,fixture_t2",,odds_api_io,event_id=61624554;market=Anytime Goalscorer
2026-04-11T11:24:48Z,2026-04-11T11:24:20Z,2026-04-13,,Bet365,Spain - LaLiga,Levante UD,Getafe CF,1,11264,Carlos Alvarez,Carlos Alvarez,Levante,Getafe CF,MC,MC,5.5,0.181818,0.091393,10.9417,0.0958,1.3563,0.0707,0.0958,0.0,0.0,0,0.0,0.0,0.77,recent_long,0.0,2.0,0.0,0.0,0.0,,,0,none,0.0,0.0,0.0,0,,,unknown,unknown,none,none,,T2,1.0,no_lineup_payload,73.2,AMC,4,0.7778,9,,,,,0,73.2,8,1.0833,0.0,0.1879,-1.0833,1.5004,1.3,0.8664,1.0379,1.0,-0.497336,-49.734,model,history,1820.0,medium,monitor,no_action,,0.0,,,no_action,"history_resolver,no_xi_yet,fixture_t2",,odds_api_io,event_id=61624554;market=Anytime Goalscorer
2026-04-11T11:24:48Z,2026-04-11T11:24:20Z,2026-04-13,,Bet365,Spain - LaLiga,Levante UD,Getafe CF,1,7605,Manuel Sanchez,Manuel Sanchez,Levante,Getafe CF,DL,DL,13.0,0.076923,0.035075,28.5106,0.0357,1.3563,0.0263,0.0357,0.0,0.0,0,0.0,0.0,1.51,recent_long,0.0,16.0,0.0,0.0,0.0,,,0,none,0.0,0.0,0.0,0,,,unknown,unknown,none,none,,T2,1.0,no_lineup_payload,88.3,DL,1,1.0,9,,,,,0,88.3,8,0.0695,0.0,0.0087,-0.0695,1.5902,1.3,0.8175,1.0379,1.0,-0.544028,-54.403,model,history,6728.0,medium,monitor,no_action,,0.0,,,no_action,"history_resolver,no_xi_yet,fixture_t2",,odds_api_io,event_id=61624554;market=Anytime Goalscorer
2026-04-11T11:24:48Z,2026-04-11T11:24:20Z,2026-04-13,,Bet365,Spain - LaLiga,Levante UD,Getafe CF,1,9275,Ivan Romero,Ivan Romero,Levante,Getafe CF,Sub,Sub,3.75,0.266667,0.115096,8.6884,0.1223,1.3563,0.0902,0.1223,0.0,0.0,0,0.0,0.0,0.67,recent_long,0.0,2.0,0.0,0.0,0.0,,,0,none,0.0,0.0,0.0,0,,,unknown,unknown,none,none,,T2,1.0,no_lineup_payload,66.6,FW,5,0.5,8,,,,,0,66.6,8,1.946,1.0,0.3672,-0.946,1.5902,1.3,0.8175,1.0379,1.0,-0.56839,-56.839,model,history,1935.0,medium,monitor,no_action,,0.0,,,no_action,"history_resolver,no_xi_yet,fixture_t2",,odds_api_io,event_id=61624554;market=Anytime Goalscorer
2026-04-11T11:24:48Z,2026-04-11T11:24:20Z,2026-04-13,,Bet365,Spain - LaLiga,Levante UD,Getafe CF,1,8764,Oriol Rey,Oriol Rey,Levante,Getafe CF,DMC,DMC,12.0,0.083333,0.035232,28.3832,0.0359,1.3563,0.0264,0.0359,0.0,0.0,0,0.0,0.0,1.06,recent_long,0.0,2.0,0.0,0.0,0.0,,,0,none,0.0,0.0,0.0,0,,,unknown,unknown,none,none,,T2,1.0,no_lineup_payload,63.5,DMC,2,0.7143,7,,,,,0,63.5,8,0.0924,0.0,0.0154,-0.0924,1.5902,1.3,0.8175,1.0379,1.0,-0.577215,-57.721,model,history,1187.0,medium,monitor,no_action,,0.0,,,no_action,"history_resolver,no_xi_yet,fixture_t2",,odds_api_io,event_id=61624554;market=Anytime Goalscorer
2026-04-11T11:24:48Z,2026-04-11T11:24:20Z,2026-04-13,,Bet365,Spain - LaLiga,Levante UD,Getafe CF,1,13767,Roger Brugue,Roger Brugue,Levante,Getafe CF,ML,ML,4.75,0.210526,0.088375,11.3155,0.0925,1.3563,0.0682,0.0925,0.0,0.0,0,0.0,0.0,0.45,recent_long,0.0,1.0,0.0,0.0,0.0,,,0,none,0.0,0.0,0.0,0,,,unknown,unknown,none,none,,T2,1.0,no_lineup_payload,58.4,ML,3,0.6667,6,,,,,0,58.4,8,0.8485,0.0,0.1751,-0.8485,1.3633,1.3,0.9536,1.0379,1.0,-0.580221,-58.022,model,history,914.0,medium,monitor,no_action,,0.0,,,no_action,"history_resolver,no_xi_yet,fixture_t2",,odds_api_io,event_id=61624554;market=Anytime Goalscorer
2026-04-11T11:24:48Z,2026-04-11T11:24:20Z,2026-04-13,,Bet365,Spain - LaLiga,Levante UD,Getafe CF,1,14050,Kervin Arriaga,Kervin Arriaga,Levante,Getafe CF,Sub,Sub,12.0,0.083333,0.034248,29.199,0.0348,1.3563,0.0257,0.0348,0.0,0.0,0,0.0,0.0,0.65,recent_long,0.0,1.0,0.0,0.0,0.0,,,0,none,0.0,0.0,0.0,0,,,unknown,unknown,none,none,,T2,1.0,no_lineup_payload,58.4,DMC,2,0.6667,6,,,,,0,58.4,8,0.1369,0.0,0.029,-0.1369,1.5259,1.3,0.8519,1.0379,1.0,-0.589027,-58.903,model,history,1136.0,medium,monitor,no_action,,0.0,,,no_action,"history_resolver,no_xi_yet,fixture_t2",,odds_api_io,event_id=61624554;market=Anytime Goalscorer
2026-04-11T11:24:48Z,2026-04-11T11:24:20Z,2026-04-13,,Bet365,Spain - LaLiga,Levante UD,Getafe CF,1,6291,Diego Pampin,Diego Pampin,Levante,Getafe CF,DL,DL,13.0,0.076923,0.02881,34.7099,0.0292,1.3563,0.0216,0.0292,0.0,0.0,0,0.0,0.0,0.78,recent_long,0.0,1.0,0.0,0.0,0.0,,,0,none,0.0,0.0,0.0,0,,,unknown,unknown,none,none,,T2,1.0,no_lineup_payload,62.8,DL,1,1.0,4,,,,,0,62.8,6,0.1348,0.0,0.034,-0.1348,1.529,1.3,0.8502,1.0379,1.0,-0.625467,-62.547,model,history,357.0,low,suppress,no_action,,0.0,,,no_action,"history_lt_500,fixture_t2",,odds_api_io,event_id=61624554;market=Anytime Goalscorer
2026-04-11T11:24:48Z,2026-04-11T11:24:20Z,2026-04-13,,Bet365,Spain - LaLiga,Levante UD,Getafe CF,1,14258,Kareem Tunde,Kareem Tunde,Levante,Getafe CF,AML,AML,4.75,0.210526,0.072403,13.8117,0.0752,1.3563,0.0554,0.0752,0.0,0.0,0,0.0,0.0,0.45,recent_long,0.0,1.0,0.0,0.0,0.0,,,0,none,0.0,0.0,0.0,0,,,unknown,unknown,none,none,,T2,1.0,no_lineup_payload,62.8,AMR,4,0.4444,9,,,,,0,62.8,8,0.2263,0.0,0.0442,-0.2263,1.5902,1.3,0.8175,1.0379,1.0,-0.656088,-65.609,model,history,886.0,medium,monitor,no_action,,0.0,,,no_action,"history_resolver,no_xi_yet,fixture_t2",,odds_api_io,event_id=61624554;market=Anytime Goalscorer
2026-04-11T11:24:48Z,2026-04-11T11:24:20Z,2026-04-13,,Bet365,Spain - LaLiga,Levante UD,Getafe CF,1,7825,Iker Losada,Iker Losada,Levante,Getafe CF,AMC,AMC,4.0,0.25,0.083551,11.9687,0.0872,1.3563,0.0643,0.0872,0.0,0.0,0,0.0,0.0,0.8,recent_long,0.0,2.0,0.0,0.0,0.0,,,0,none,0.0,0.0,0.0,0,,,unknown,unknown,none,none,,T2,1.0,no_lineup_payload,43.7,AML,4,0.4286,7,,,,,0,43.7,8,0.1589,1.0,0.0408,0.8411,1.5902,1.3,0.8175,1.0379,1.0,-0.665794,-66.579,model,history,677.0,medium,monitor,no_action,,0.0,,,no_action,"history_resolver,no_xi_yet,fixture_t2",,odds_api_io,event_id=61624554;market=Anytime Goalscorer
2026-04-11T11:24:48Z,2026-04-11T11:24:20Z,2026-04-13,,Bet365,Spain - LaLiga,Levante UD,Getafe CF,1,10397,Ugo Raghouber,Ugo Raghouber,Levante,Getafe CF,Sub,Sub,12.0,0.083333,0.027805,35.9648,0.0282,1.3563,0.0208,0.0282,0.0,0.0,0,0.0,0.0,0.0,none,0.0,0.0,0.0,0.0,0.0,,,0,none,0.0,0.0,0.0,0,,,unknown,unknown,none,none,,T2,1.0,no_lineup_payload,47.6,DMC,2,0.8,5,,,,,0,47.6,8,0.02,0.0,0.0041,-0.02,1.5902,1.3,0.8175,1.0379,1.0,-0.666341,-66.634,model,history,455.0,low,suppress,no_action,,0.0,,,no_action,"history_lt_500,fixture_t2",,odds_api_io,event_id=61624554;market=Anytime Goalscorer
2026-04-11T11:24:48Z,2026-04-11T11:24:20Z,2026-04-13,,Bet365,Spain - LaLiga,Levante UD,Getafe CF,1,9466,Jon Ander Olasagasti,Jon Ander Olasagasti,Levante,Getafe CF,DMC,DMC,6.0,0.166667,0.051025,19.5984,0.0524,1.3563,0.0386,0.0524,0.0,0.0,0,0.0,0.0,0.19,recent_long,0.0,6.0,0.0,0.0,0.0,,,0,none,0.0,0.0,0.0,0,,,unknown,unknown,none,none,,T2,1.0,no_lineup_payload,51.6,MC,3,0.6667,6,,,,,0,51.6,8,1.0271,1.0,0.1669,-0.0271,1.6563,1.3,0.7849,1.0379,1.0,-0.693852,-69.385,model,history,2184.0,medium,monitor,no_action,,0.0,,,no_action,"history_resolver,no_xi_yet,fixture_t2",,odds_api_io,event_id=61624554;market=Anytime Goalscorer
2026-04-11T11:24:48Z,2026-04-11T11:24:20Z,2026-04-13,,Bet365,Spain - LaLiga,Levante UD,Getafe CF,1,8183,Pablo Martinez,Pablo Martinez,Levante,Getafe CF,Sub,Sub,4.75,0.210526,0.064381,15.5326,0.0665,1.3563,0.0491,0.0665,0.0,0.0,0,0.0,0.0,0.92,recent_long,0.0,2.0,0.0,0.0,0.0,,,0,none,0.0,0.0,0.0,0,,,unknown,unknown,none,none,,T2,1.0,no_lineup_payload,62.3,DMC,2,0.875,8,,,,,0,62.3,8,0.9624,1.0,0.1512,0.0376,1.6421,1.3,0.7917,1.0379,1.0,-0.694192,-69.419,model,history,1242.0,medium,monitor,no_action,,0.0,,,no_action,"history_resolver,no_xi_yet,fixture_t2",,odds_api_io,event_id=61624554;market=Anytime Goalscorer
2026-04-11T11:24:48Z,2026-04-11T11:24:20Z,2026-04-13,,Bet365,Spain - LaLiga,Levante UD,Getafe CF,1,8329,Unai Vencedor,Unai Vencedor,Levante,Getafe CF,Sub,Sub,9.5,0.105263,0.024066,41.5526,0.0244,1.3563,0.018,0.0244,0.0,0.0,0,0.0,0.0,0.69,recent_long,0.0,1.0,0.0,0.0,0.0,,,0,none,0.0,0.0,0.0,0,,,unknown,unknown,none,none,,T2,1.0,no_lineup_payload,47.0,DMC,2,0.6,5,,,,,0,47.0,8,0.0,0.0,0.0,0.0,1.496,1.3,0.869,1.0379,1.0,-0.771374,-77.137,model,history,837.0,medium,monitor,no_action,,0.0,,,no_action,"history_resolver,no_xi_yet,fixture_t2",,odds_api_io,event_id=61624554;market=Anytime Goalscorer
2026-04-11T11:24:48Z,2026-04-11T11:24:20Z,2026-04-13,,Bet365,Spain - LaLiga,Levante UD,Getafe CF,1,13770,Paco Cortes,Paco Cortes,Levante,Getafe CF,Sub,Sub,6.0,0.166667,0.033927,29.4751,0.0345,1.3563,0.0254,0.0345,0.0,0.0,0,0.0,0.0,0.0,none,0.0,0.0,0.0,0.0,0.0,,,0,none,0.0,0.0,0.0,0,,,unknown,unknown,none,none,,T2,1.0,no_lineup_payload,37.5,ML,3,0.3333,3,,,,,0,37.5,8,0.4697,0.0,0.1266,-0.4697,1.5259,1.3,0.8519,1.0379,1.0,-0.796438,-79.644,model,history,394.0,low,suppress,no_action,,0.0,,,no_action,"history_lt_500,fixture_t2",,odds_api_io,event_id=61624554;market=Anytime Goalscorer
2026-04-11T11:24:48Z,2026-04-11T11:24:20Z,2026-04-13,,Bet365,Spain - LaLiga,Levante UD,Getafe CF,1,2186,Jose Luis Morales,Jose Luis Morales,Levante,Getafe CF,Sub,Sub,4.0,0.25,0.016349,61.1645,0.0165,1.3563,0.0105,0.0142,0.0023,0.1394,0,0.3725,0.1578,0.66,recent_long,1.0,5.0,0.2,0.0,0.0,,,1,primary,0.42,3.0,0.002,0,,,unknown,unknown,none,none,,T2,1.0,no_lineup_payload,10.2,,,0.0,0,,,,,0,10.2,8,0.7064,0.0,0.6763,-0.7064,1.4288,1.3,0.9099,1.0379,1.0,-0.934603,-93.46,model,history,1277.0,medium,monitor,no_action,,0.0,,,no_action,"history_resolver,no_xi_yet,fixture_t2",,odds_api_io,event_id=61624554;market=Anytime Goalscorer
