captured_at,match_date,event_id,kickoff_at,minutes_to_kickoff,snapshot_kind,bookmaker,competition,market,home_team,away_team,player_name,player_team,odds_decimal,source,notes
2026-05-17T11:51:42Z,2026-05-17,61624660,2026-05-17T17:00:00Z,,live_capture,Bet365,Spain - LaLiga,ANYTIME_ASSIST,Atletico Madrid,Girona FC,Ademola Lookman (Score) (1),,2.6000,odds_api_io,event_id=61624660;market=Player To Score or Assist
2026-05-17T11:51:42Z,2026-05-17,61624660,2026-05-17T17:00:00Z,,live_capture,Bet365,Spain - LaLiga,ANYTIME_ASSIST,Atletico Madrid,Girona FC,Alejandro Monserrate (Score) (1),,2.6000,odds_api_io,event_id=61624660;market=Player To Score or Assist
2026-05-17T11:51:42Z,2026-05-17,61624660,2026-05-17T17:00:00Z,,live_capture,Bet365,Spain - LaLiga,ANYTIME_ASSIST,Atletico Madrid,Girona FC,Antoine Griezmann (Score) (1),,2.4000,odds_api_io,event_id=61624660;market=Player To Score or Assist
2026-05-17T11:51:42Z,2026-05-17,61624660,2026-05-17T17:00:00Z,,live_capture,Bet365,Spain - LaLiga,ANYTIME_ASSIST,Atletico Madrid,Girona FC,Alex Baena (Score) (1),,3.4000,odds_api_io,event_id=61624660;market=Player To Score or Assist
2026-05-17T11:51:42Z,2026-05-17,61624660,2026-05-17T17:00:00Z,,live_capture,Bet365,Spain - LaLiga,ANYTIME_ASSIST,Atletico Madrid,Girona FC,Miguel Cubo (Score) (1),,2.7500,odds_api_io,event_id=61624660;market=Player To Score or Assist
2026-05-17T11:51:42Z,2026-05-17,61624660,2026-05-17T17:00:00Z,,live_capture,Bet365,Spain - LaLiga,ANYTIME_ASSIST,Atletico Madrid,Girona FC,Iker Luque (Score) (1),,3.7500,odds_api_io,event_id=61624660;market=Player To Score or Assist
2026-05-17T11:51:42Z,2026-05-17,61624660,2026-05-17T17:00:00Z,,live_capture,Bet365,Spain - LaLiga,ANYTIME_ASSIST,Atletico Madrid,Girona FC,Thiago Almada (Score) (1),,3.4000,odds_api_io,event_id=61624660;market=Player To Score or Assist
2026-05-17T11:51:42Z,2026-05-17,61624660,2026-05-17T17:00:00Z,,live_capture,Bet365,Spain - LaLiga,ANYTIME_ASSIST,Atletico Madrid,Girona FC,Rodrigo Mendoza (Score) (1),,3.7500,odds_api_io,event_id=61624660;market=Player To Score or Assist
2026-05-17T11:51:42Z,2026-05-17,61624660,2026-05-17T17:00:00Z,,live_capture,Bet365,Spain - LaLiga,ANYTIME_ASSIST,Atletico Madrid,Girona FC,Cristhian Stuani (Score) (2),,2.8750,odds_api_io,event_id=61624660;market=Player To Score or Assist
2026-05-17T11:51:42Z,2026-05-17,61624660,2026-05-17T17:00:00Z,,live_capture,Bet365,Spain - LaLiga,ANYTIME_ASSIST,Atletico Madrid,Girona FC,Taufik Seidu (Score) (1),,3.7500,odds_api_io,event_id=61624660;market=Player To Score or Assist
2026-05-17T11:51:42Z,2026-05-17,61624660,2026-05-17T17:00:00Z,,live_capture,Bet365,Spain - LaLiga,ANYTIME_ASSIST,Atletico Madrid,Girona FC,Julio Diaz (Score) (1),,8.0000,odds_api_io,event_id=61624660;market=Player To Score or Assist
2026-05-17T11:51:42Z,2026-05-17,61624660,2026-05-17T17:00:00Z,,live_capture,Bet365,Spain - LaLiga,ANYTIME_ASSIST,Atletico Madrid,Girona FC,Marcos Llorente (Score) (1),,8.0000,odds_api_io,event_id=61624660;market=Player To Score or Assist
2026-05-17T11:51:42Z,2026-05-17,61624660,2026-05-17T17:00:00Z,,live_capture,Bet365,Spain - LaLiga,ANYTIME_ASSIST,Atletico Madrid,Girona FC,Marc Pubill (Score) (1),,9.0000,odds_api_io,event_id=61624660;market=Player To Score or Assist
2026-05-17T11:51:42Z,2026-05-17,61624660,2026-05-17T17:00:00Z,,live_capture,Bet365,Spain - LaLiga,ANYTIME_ASSIST,Atletico Madrid,Girona FC,Matteo Ruggeri (Score) (1),,9.0000,odds_api_io,event_id=61624660;market=Player To Score or Assist
2026-05-17T11:51:42Z,2026-05-17,61624660,2026-05-17T17:00:00Z,,live_capture,Bet365,Spain - LaLiga,ANYTIME_ASSIST,Atletico Madrid,Girona FC,Jorge Koke (Score) (1),,8.0000,odds_api_io,event_id=61624660;market=Player To Score or Assist
2026-05-17T11:51:42Z,2026-05-17,61624660,2026-05-17T17:00:00Z,,live_capture,Bet365,Spain - LaLiga,ANYTIME_ASSIST,Atletico Madrid,Girona FC,Lancinet Kourouma (Score) (2),,8.0000,odds_api_io,event_id=61624660;market=Player To Score or Assist
2026-05-17T11:51:42Z,2026-05-17,61624660,2026-05-17T17:00:00Z,,live_capture,Bet365,Spain - LaLiga,ANYTIME_ASSIST,Atletico Madrid,Girona FC,Hugo Rincon (Score) (2),,9.0000,odds_api_io,event_id=61624660;market=Player To Score or Assist
2026-05-17T11:51:42Z,2026-05-17,61624660,2026-05-17T17:00:00Z,,live_capture,Bet365,Spain - LaLiga,ANYTIME_ASSIST,Atletico Madrid,Girona FC,Johnny Cardoso (Score) (1),,8.0000,odds_api_io,event_id=61624660;market=Player To Score or Assist
2026-05-17T11:51:42Z,2026-05-17,61624660,2026-05-17T17:00:00Z,,live_capture,Bet365,Spain - LaLiga,ANYTIME_ASSIST,Atletico Madrid,Girona FC,Arnau Martinez (Score) (2),,9.0000,odds_api_io,event_id=61624660;market=Player To Score or Assist
2026-05-17T11:51:42Z,2026-05-17,61624660,2026-05-17T17:00:00Z,,live_capture,Bet365,Spain - LaLiga,ANYTIME_ASSIST,Atletico Madrid,Girona FC,Daley Blind (Score) (2),,17.0000,odds_api_io,event_id=61624660;market=Player To Score or Assist
2026-05-17T11:51:42Z,2026-05-17,61624660,2026-05-17T17:00:00Z,,live_capture,Bet365,Spain - LaLiga,ANYTIME_ASSIST,Atletico Madrid,Girona FC,David Lopez (Score) (2),,17.0000,odds_api_io,event_id=61624660;market=Player To Score or Assist
2026-05-17T11:51:42Z,2026-05-17,61624660,2026-05-17T17:00:00Z,,live_capture,Bet365,Spain - LaLiga,ANYTIME_ASSIST,Atletico Madrid,Girona FC,Alejandro Frances (Score) (2),,17.0000,odds_api_io,event_id=61624660;market=Player To Score or Assist
2026-05-17T11:51:42Z,2026-05-17,61624660,2026-05-17T17:00:00Z,,live_capture,Bet365,Spain - LaLiga,ANYTIME_ASSIST,Atletico Madrid,Girona FC,Vitor Reis (Score) (2),,17.0000,odds_api_io,event_id=61624660;market=Player To Score or Assist
2026-05-17T11:51:42Z,2026-05-17,61624660,2026-05-17T17:00:00Z,,live_capture,Bet365,Spain - LaLiga,ANYTIME_ASSIST,Atletico Madrid,Girona FC,Johnny Cardoso (Assist) (1),,10.0000,odds_api_io,event_id=61624660;market=Player To Score or Assist
2026-05-17T11:51:42Z,2026-05-17,61624660,2026-05-17T17:00:00Z,,live_capture,Bet365,Spain - LaLiga,ANYTIME_ASSIST,Atletico Madrid,Girona FC,Alexander Sorloth (Score or Assist) (1),,1.7270,odds_api_io,event_id=61624660;market=Player To Score or Assist
2026-05-17T11:51:42Z,2026-05-17,61624660,2026-05-17T17:00:00Z,,live_capture,Bet365,Spain - LaLiga,ANYTIME_ASSIST,Atletico Madrid,Girona FC,Julian Alvarez (Score or Assist) (1),,1.7270,odds_api_io,event_id=61624660;market=Player To Score or Assist
2026-05-17T11:51:42Z,2026-05-17,61624660,2026-05-17T17:00:00Z,,live_capture,Bet365,Spain - LaLiga,ANYTIME_ASSIST,Atletico Madrid,Girona FC,Nicolas Gonzalez (Score or Assist) (1),,1.9520,odds_api_io,event_id=61624660;market=Player To Score or Assist
2026-05-17T11:51:42Z,2026-05-17,61624660,2026-05-17T17:00:00Z,,live_capture,Bet365,Spain - LaLiga,ANYTIME_ASSIST,Atletico Madrid,Girona FC,Iker Luque (Score or Assist) (1),,2.2000,odds_api_io,event_id=61624660;market=Player To Score or Assist
2026-05-17T11:51:42Z,2026-05-17,61624660,2026-05-17T17:00:00Z,,live_capture,Bet365,Spain - LaLiga,ANYTIME_ASSIST,Atletico Madrid,Girona FC,Cristhian Stuani (Score or Assist) (2),,2.4000,odds_api_io,event_id=61624660;market=Player To Score or Assist
2026-05-17T11:51:42Z,2026-05-17,61624660,2026-05-17T17:00:00Z,,live_capture,Bet365,Spain - LaLiga,ANYTIME_ASSIST,Atletico Madrid,Girona FC,Javier Morcillo (Score or Assist) (1),,3.4000,odds_api_io,event_id=61624660;market=Player To Score or Assist
2026-05-17T11:51:42Z,2026-05-17,61624660,2026-05-17T17:00:00Z,,live_capture,Bet365,Spain - LaLiga,ANYTIME_ASSIST,Atletico Madrid,Girona FC,Jorge Koke (Score or Assist) (1),,4.5000,odds_api_io,event_id=61624660;market=Player To Score or Assist
2026-05-17T11:51:42Z,2026-05-17,61624660,2026-05-17T17:00:00Z,,live_capture,Bet365,Spain - LaLiga,ANYTIME_ASSIST,Atletico Madrid,Girona FC,Thomas Lemar (Score or Assist) (2),,4.5000,odds_api_io,event_id=61624660;market=Player To Score or Assist
2026-05-17T11:51:42Z,2026-05-17,61624660,2026-05-17T17:00:00Z,,live_capture,Bet365,Spain - LaLiga,ANYTIME_ASSIST,Atletico Madrid,Girona FC,David Hancko (Score or Assist) (1),,5.0000,odds_api_io,event_id=61624660;market=Player To Score or Assist
2026-05-17T11:51:42Z,2026-05-17,61624660,2026-05-17T17:00:00Z,,live_capture,Bet365,Spain - LaLiga,ANYTIME_ASSIST,Atletico Madrid,Girona FC,Jose Maria Gimenez (Score or Assist) (1),,8.5000,odds_api_io,event_id=61624660;market=Player To Score or Assist
2026-05-17T11:51:42Z,2026-05-17,61624660,2026-05-17T17:00:00Z,,live_capture,Bet365,Spain - LaLiga,ANYTIME_ASSIST,Atletico Madrid,Girona FC,Robin Le Normand (Score or Assist) (1),,9.0000,odds_api_io,event_id=61624660;market=Player To Score or Assist
2026-05-17T11:51:42Z,2026-05-17,61624660,2026-05-17T17:00:00Z,,live_capture,Bet365,Spain - LaLiga,ANYTIME_ASSIST,Atletico Madrid,Girona FC,Vitor Reis (Score or Assist) (2),,12.0000,odds_api_io,event_id=61624660;market=Player To Score or Assist
2026-05-17T11:51:42Z,2026-05-17,61624660,2026-05-17T17:00:00Z,,live_capture,Bet365,Spain - LaLiga,ANYTIME_ASSIST,Atletico Madrid,Girona FC,Javier Bonar (Score) (1),,7.5000,odds_api_io,event_id=61624660;market=Player To Score or Assist
2026-05-17T11:51:42Z,2026-05-17,61624660,2026-05-17T17:00:00Z,,live_capture,Bet365,Spain - LaLiga,ANYTIME_ASSIST,Atletico Madrid,Girona FC,Javier Morcillo (Score) (1),,6.0000,odds_api_io,event_id=61624660;market=Player To Score or Assist
2026-05-17T11:51:42Z,2026-05-17,61624660,2026-05-17T17:00:00Z,,live_capture,Bet365,Spain - LaLiga,ANYTIME_ASSIST,Atletico Madrid,Girona FC,Pablo Barrios (Score) (1),,6.0000,odds_api_io,event_id=61624660;market=Player To Score or Assist
2026-05-17T11:51:42Z,2026-05-17,61624660,2026-05-17T17:00:00Z,,live_capture,Bet365,Spain - LaLiga,ANYTIME_ASSIST,Atletico Madrid,Girona FC,Thomas Lemar (Score) (2),,7.5000,odds_api_io,event_id=61624660;market=Player To Score or Assist
2026-05-17T11:51:42Z,2026-05-17,61624660,2026-05-17T17:00:00Z,,live_capture,Bet365,Spain - LaLiga,ANYTIME_ASSIST,Atletico Madrid,Girona FC,David Hancko (Score) (1),,7.5000,odds_api_io,event_id=61624660;market=Player To Score or Assist
2026-05-17T11:51:42Z,2026-05-17,61624660,2026-05-17T17:00:00Z,,live_capture,Bet365,Spain - LaLiga,ANYTIME_ASSIST,Atletico Madrid,Girona FC,Iker Luque (Assist) (1),,4.3330,odds_api_io,event_id=61624660;market=Player To Score or Assist
2026-05-17T11:51:42Z,2026-05-17,61624660,2026-05-17T17:00:00Z,,live_capture,Bet365,Spain - LaLiga,ANYTIME_ASSIST,Atletico Madrid,Girona FC,Thiago Almada (Assist) (1),,5.0000,odds_api_io,event_id=61624660;market=Player To Score or Assist
2026-05-17T11:51:42Z,2026-05-17,61624660,2026-05-17T17:00:00Z,,live_capture,Bet365,Spain - LaLiga,ANYTIME_ASSIST,Atletico Madrid,Girona FC,Pablo Barrios (Assist) (1),,7.0000,odds_api_io,event_id=61624660;market=Player To Score or Assist
2026-05-17T11:51:42Z,2026-05-17,61624660,2026-05-17T17:00:00Z,,live_capture,Bet365,Spain - LaLiga,ANYTIME_ASSIST,Atletico Madrid,Girona FC,Nahuel Molina (Assist) (1),,7.0000,odds_api_io,event_id=61624660;market=Player To Score or Assist
2026-05-17T11:51:42Z,2026-05-17,61624660,2026-05-17T17:00:00Z,,live_capture,Bet365,Spain - LaLiga,ANYTIME_ASSIST,Atletico Madrid,Girona FC,Marc Pubill (Assist) (1),,7.0000,odds_api_io,event_id=61624660;market=Player To Score or Assist
2026-05-17T11:51:42Z,2026-05-17,61624660,2026-05-17T17:00:00Z,,live_capture,Bet365,Spain - LaLiga,ANYTIME_ASSIST,Atletico Madrid,Girona FC,Matteo Ruggeri (Assist) (1),,7.0000,odds_api_io,event_id=61624660;market=Player To Score or Assist
2026-05-17T11:51:42Z,2026-05-17,61624660,2026-05-17T17:00:00Z,,live_capture,Bet365,Spain - LaLiga,ANYTIME_ASSIST,Atletico Madrid,Girona FC,David Hancko (Assist) (1),,11.0000,odds_api_io,event_id=61624660;market=Player To Score or Assist
2026-05-17T11:51:42Z,2026-05-17,61624660,2026-05-17T17:00:00Z,,live_capture,Bet365,Spain - LaLiga,ANYTIME_ASSIST,Atletico Madrid,Girona FC,Aleksa Puric (Assist) (1),,10.0000,odds_api_io,event_id=61624660;market=Player To Score or Assist
2026-05-17T11:51:42Z,2026-05-17,61624660,2026-05-17T17:00:00Z,,live_capture,Bet365,Spain - LaLiga,ANYTIME_ASSIST,Atletico Madrid,Girona FC,Clement Lenglet (Assist) (1),,11.0000,odds_api_io,event_id=61624660;market=Player To Score or Assist
2026-05-17T11:51:42Z,2026-05-17,61624660,2026-05-17T17:00:00Z,,live_capture,Bet365,Spain - LaLiga,ANYTIME_ASSIST,Atletico Madrid,Girona FC,Dani Martinez (Assist) (1),,13.0000,odds_api_io,event_id=61624660;market=Player To Score or Assist
2026-05-17T11:51:42Z,2026-05-17,61624660,2026-05-17T17:00:00Z,,live_capture,Bet365,Spain - LaLiga,ANYTIME_ASSIST,Atletico Madrid,Girona FC,Jose Maria Gimenez (Assist) (1),,13.0000,odds_api_io,event_id=61624660;market=Player To Score or Assist
2026-05-17T11:51:42Z,2026-05-17,61624660,2026-05-17T17:00:00Z,,live_capture,Bet365,Spain - LaLiga,ANYTIME_ASSIST,Atletico Madrid,Girona FC,Robin Le Normand (Assist) (1),,15.0000,odds_api_io,event_id=61624660;market=Player To Score or Assist
2026-05-17T11:51:42Z,2026-05-17,61624660,2026-05-17T17:00:00Z,,live_capture,Bet365,Spain - LaLiga,ANYTIME_ASSIST,Atletico Madrid,Girona FC,Axel Witsel (Assist) (2),,15.0000,odds_api_io,event_id=61624660;market=Player To Score or Assist
2026-05-17T11:51:42Z,2026-05-17,61624660,2026-05-17T17:00:00Z,,live_capture,Bet365,Spain - LaLiga,ANYTIME_ASSIST,Atletico Madrid,Girona FC,Alejandro Frances (Assist) (2),,15.0000,odds_api_io,event_id=61624660;market=Player To Score or Assist
2026-05-17T11:51:42Z,2026-05-17,61624660,2026-05-17T17:00:00Z,,live_capture,Bet365,Spain - LaLiga,ANYTIME_ASSIST,Atletico Madrid,Girona FC,Nahuel Molina (Score or Assist) (1),,3.7500,odds_api_io,event_id=61624660;market=Player To Score or Assist
2026-05-17T11:51:42Z,2026-05-17,61624660,2026-05-17T17:00:00Z,,live_capture,Bet365,Spain - LaLiga,ANYTIME_ASSIST,Atletico Madrid,Girona FC,Alexander Sorloth (Score) (1),,2.0000,odds_api_io,event_id=61624660;market=Player To Score or Assist
2026-05-17T11:51:42Z,2026-05-17,61624660,2026-05-17T17:00:00Z,,live_capture,Bet365,Spain - LaLiga,ANYTIME_ASSIST,Atletico Madrid,Girona FC,Julian Alvarez (Score) (1),,2.2500,odds_api_io,event_id=61624660;market=Player To Score or Assist
2026-05-17T11:51:42Z,2026-05-17,61624660,2026-05-17T17:00:00Z,,live_capture,Bet365,Spain - LaLiga,ANYTIME_ASSIST,Atletico Madrid,Girona FC,Giuliano Simeone (Score) (1),,4.3330,odds_api_io,event_id=61624660;market=Player To Score or Assist
2026-05-17T11:51:42Z,2026-05-17,61624660,2026-05-17T17:00:00Z,,live_capture,Bet365,Spain - LaLiga,ANYTIME_ASSIST,Atletico Madrid,Girona FC,Obed Vargas (Score) (1),,4.3330,odds_api_io,event_id=61624660;market=Player To Score or Assist
2026-05-17T11:51:42Z,2026-05-17,61624660,2026-05-17T17:00:00Z,,live_capture,Bet365,Spain - LaLiga,ANYTIME_ASSIST,Atletico Madrid,Girona FC,Nahuel Molina (Score) (1),,6.5000,odds_api_io,event_id=61624660;market=Player To Score or Assist
2026-05-17T11:51:42Z,2026-05-17,61624660,2026-05-17T17:00:00Z,,live_capture,Bet365,Spain - LaLiga,ANYTIME_ASSIST,Atletico Madrid,Girona FC,Beltran Fran (Score) (2),,9.0000,odds_api_io,event_id=61624660;market=Player To Score or Assist
2026-05-17T11:51:42Z,2026-05-17,61624660,2026-05-17T17:00:00Z,,live_capture,Bet365,Spain - LaLiga,ANYTIME_ASSIST,Atletico Madrid,Girona FC,Abel Ruiz (Assist) (2),,7.5000,odds_api_io,event_id=61624660;market=Player To Score or Assist
2026-05-17T11:51:42Z,2026-05-17,61624660,2026-05-17T17:00:00Z,,live_capture,Bet365,Spain - LaLiga,ANYTIME_ASSIST,Atletico Madrid,Girona FC,Cristhian Stuani (Assist) (2),,8.5000,odds_api_io,event_id=61624660;market=Player To Score or Assist
2026-05-17T11:51:42Z,2026-05-17,61624660,2026-05-17T17:00:00Z,,live_capture,Bet365,Spain - LaLiga,ANYTIME_ASSIST,Atletico Madrid,Girona FC,Lancinet Kourouma (Assist) (2),,7.5000,odds_api_io,event_id=61624660;market=Player To Score or Assist
2026-05-17T11:51:42Z,2026-05-17,61624660,2026-05-17T17:00:00Z,,live_capture,Bet365,Spain - LaLiga,ANYTIME_ASSIST,Atletico Madrid,Girona FC,Thomas Lemar (Assist) (2),,8.5000,odds_api_io,event_id=61624660;market=Player To Score or Assist
2026-05-17T11:51:42Z,2026-05-17,61624660,2026-05-17T17:00:00Z,,live_capture,Bet365,Spain - LaLiga,ANYTIME_ASSIST,Atletico Madrid,Girona FC,Alex Moreno (Assist) (2),,7.5000,odds_api_io,event_id=61624660;market=Player To Score or Assist
2026-05-17T11:51:42Z,2026-05-17,61624660,2026-05-17T17:00:00Z,,live_capture,Bet365,Spain - LaLiga,ANYTIME_ASSIST,Atletico Madrid,Girona FC,Hugo Rincon (Assist) (2),,8.5000,odds_api_io,event_id=61624660;market=Player To Score or Assist
2026-05-17T11:51:42Z,2026-05-17,61624660,2026-05-17T17:00:00Z,,live_capture,Bet365,Spain - LaLiga,ANYTIME_ASSIST,Atletico Madrid,Girona FC,Ivan Martin (Assist) (2),,8.5000,odds_api_io,event_id=61624660;market=Player To Score or Assist
2026-05-17T11:51:42Z,2026-05-17,61624660,2026-05-17T17:00:00Z,,live_capture,Bet365,Spain - LaLiga,ANYTIME_ASSIST,Atletico Madrid,Girona FC,David Lopez (Assist) (2),,11.0000,odds_api_io,event_id=61624660;market=Player To Score or Assist
2026-05-17T11:51:42Z,2026-05-17,61624660,2026-05-17T17:00:00Z,,live_capture,Bet365,Spain - LaLiga,ANYTIME_ASSIST,Atletico Madrid,Girona FC,Alejandro Monserrate (Score or Assist) (1),,1.8330,odds_api_io,event_id=61624660;market=Player To Score or Assist
2026-05-17T11:51:42Z,2026-05-17,61624660,2026-05-17T17:00:00Z,,live_capture,Bet365,Spain - LaLiga,ANYTIME_ASSIST,Atletico Madrid,Girona FC,Antoine Griezmann (Score or Assist) (1),,1.8330,odds_api_io,event_id=61624660;market=Player To Score or Assist
2026-05-17T11:51:42Z,2026-05-17,61624660,2026-05-17T17:00:00Z,,live_capture,Bet365,Spain - LaLiga,ANYTIME_ASSIST,Atletico Madrid,Girona FC,Alex Baena (Score or Assist) (1),,1.9520,odds_api_io,event_id=61624660;market=Player To Score or Assist
2026-05-17T11:51:42Z,2026-05-17,61624660,2026-05-17T17:00:00Z,,live_capture,Bet365,Spain - LaLiga,ANYTIME_ASSIST,Atletico Madrid,Girona FC,Miguel Cubo (Score or Assist) (1),,2.0500,odds_api_io,event_id=61624660;market=Player To Score or Assist
2026-05-17T11:51:42Z,2026-05-17,61624660,2026-05-17T17:00:00Z,,live_capture,Bet365,Spain - LaLiga,ANYTIME_ASSIST,Atletico Madrid,Girona FC,Rayane Belaid (Score or Assist) (1),,2.2000,odds_api_io,event_id=61624660;market=Player To Score or Assist
2026-05-17T11:51:42Z,2026-05-17,61624660,2026-05-17T17:00:00Z,,live_capture,Bet365,Spain - LaLiga,ANYTIME_ASSIST,Atletico Madrid,Girona FC,Vladyslav Vanat (Score or Assist) (2),,2.2000,odds_api_io,event_id=61624660;market=Player To Score or Assist
2026-05-17T11:51:42Z,2026-05-17,61624660,2026-05-17T17:00:00Z,,live_capture,Bet365,Spain - LaLiga,ANYTIME_ASSIST,Atletico Madrid,Girona FC,Giuliano Simeone (Score or Assist) (1),,2.2500,odds_api_io,event_id=61624660;market=Player To Score or Assist
2026-05-17T11:51:42Z,2026-05-17,61624660,2026-05-17T17:00:00Z,,live_capture,Bet365,Spain - LaLiga,ANYTIME_ASSIST,Atletico Madrid,Girona FC,Thiago Almada (Score or Assist) (1),,2.2500,odds_api_io,event_id=61624660;market=Player To Score or Assist
2026-05-17T11:51:42Z,2026-05-17,61624660,2026-05-17T17:00:00Z,,live_capture,Bet365,Spain - LaLiga,ANYTIME_ASSIST,Atletico Madrid,Girona FC,Rodrigo Mendoza (Score or Assist) (1),,2.3000,odds_api_io,event_id=61624660;market=Player To Score or Assist
2026-05-17T11:51:42Z,2026-05-17,61624660,2026-05-17T17:00:00Z,,live_capture,Bet365,Spain - LaLiga,ANYTIME_ASSIST,Atletico Madrid,Girona FC,Viktor Tsygankov (Score or Assist) (2),,2.3000,odds_api_io,event_id=61624660;market=Player To Score or Assist
2026-05-17T11:51:42Z,2026-05-17,61624660,2026-05-17T17:00:00Z,,live_capture,Bet365,Spain - LaLiga,ANYTIME_ASSIST,Atletico Madrid,Girona FC,Abel Ruiz (Score or Assist) (2),,2.4000,odds_api_io,event_id=61624660;market=Player To Score or Assist
2026-05-17T11:51:42Z,2026-05-17,61624660,2026-05-17T17:00:00Z,,live_capture,Bet365,Spain - LaLiga,ANYTIME_ASSIST,Atletico Madrid,Girona FC,Taufik Seidu (Score or Assist) (1),,2.6000,odds_api_io,event_id=61624660;market=Player To Score or Assist
2026-05-17T11:51:42Z,2026-05-17,61624660,2026-05-17T17:00:00Z,,live_capture,Bet365,Spain - LaLiga,ANYTIME_ASSIST,Atletico Madrid,Girona FC,Azz-Eddine Ounahi (Score or Assist) (2),,3.0000,odds_api_io,event_id=61624660;market=Player To Score or Assist
2026-05-17T11:51:42Z,2026-05-17,61624660,2026-05-17T17:00:00Z,,live_capture,Bet365,Spain - LaLiga,ANYTIME_ASSIST,Atletico Madrid,Girona FC,Claudio Echeverri (Score or Assist) (2),,3.1000,odds_api_io,event_id=61624660;market=Player To Score or Assist
2026-05-17T11:51:42Z,2026-05-17,61624660,2026-05-17T17:00:00Z,,live_capture,Bet365,Spain - LaLiga,ANYTIME_ASSIST,Atletico Madrid,Girona FC,Joel Roca (Score or Assist) (2),,3.2000,odds_api_io,event_id=61624660;market=Player To Score or Assist
2026-05-17T11:51:42Z,2026-05-17,61624660,2026-05-17T17:00:00Z,,live_capture,Bet365,Spain - LaLiga,ANYTIME_ASSIST,Atletico Madrid,Girona FC,Juan Arango (Score or Assist) (2),,3.2500,odds_api_io,event_id=61624660;market=Player To Score or Assist
2026-05-17T11:51:42Z,2026-05-17,61624660,2026-05-17T17:00:00Z,,live_capture,Bet365,Spain - LaLiga,ANYTIME_ASSIST,Atletico Madrid,Girona FC,Ricard Artero (Score or Assist) (2),,3.4000,odds_api_io,event_id=61624660;market=Player To Score or Assist
2026-05-17T11:51:42Z,2026-05-17,61624660,2026-05-17T17:00:00Z,,live_capture,Bet365,Spain - LaLiga,ANYTIME_ASSIST,Atletico Madrid,Girona FC,Julio Diaz (Score or Assist) (1),,3.5000,odds_api_io,event_id=61624660;market=Player To Score or Assist
2026-05-17T11:51:42Z,2026-05-17,61624660,2026-05-17T17:00:00Z,,live_capture,Bet365,Spain - LaLiga,ANYTIME_ASSIST,Atletico Madrid,Girona FC,Pablo Barrios (Score or Assist) (1),,3.5000,odds_api_io,event_id=61624660;market=Player To Score or Assist
2026-05-17T11:51:42Z,2026-05-17,61624660,2026-05-17T17:00:00Z,,live_capture,Bet365,Spain - LaLiga,ANYTIME_ASSIST,Atletico Madrid,Girona FC,Marcos Llorente (Score or Assist) (1),,3.7500,odds_api_io,event_id=61624660;market=Player To Score or Assist
2026-05-17T11:51:42Z,2026-05-17,61624660,2026-05-17T17:00:00Z,,live_capture,Bet365,Spain - LaLiga,ANYTIME_ASSIST,Atletico Madrid,Girona FC,Lancinet Kourouma (Score or Assist) (2),,4.3330,odds_api_io,event_id=61624660;market=Player To Score or Assist
2026-05-17T11:51:42Z,2026-05-17,61624660,2026-05-17T17:00:00Z,,live_capture,Bet365,Spain - LaLiga,ANYTIME_ASSIST,Atletico Madrid,Girona FC,Beltran Fran (Score or Assist) (2),,6.0000,odds_api_io,event_id=61624660;market=Player To Score or Assist
2026-05-17T11:51:42Z,2026-05-17,61624660,2026-05-17T17:00:00Z,,live_capture,Bet365,Spain - LaLiga,ANYTIME_ASSIST,Atletico Madrid,Girona FC,Daley Blind (Score or Assist) (2),,8.0000,odds_api_io,event_id=61624660;market=Player To Score or Assist
2026-05-17T11:51:42Z,2026-05-17,61624660,2026-05-17T17:00:00Z,,live_capture,Bet365,Spain - LaLiga,ANYTIME_ASSIST,Atletico Madrid,Girona FC,Axel Witsel (Score or Assist) (2),,9.0000,odds_api_io,event_id=61624660;market=Player To Score or Assist
2026-05-17T11:51:42Z,2026-05-17,61624660,2026-05-17T17:00:00Z,,live_capture,Bet365,Spain - LaLiga,ANYTIME_ASSIST,Atletico Madrid,Girona FC,Alejandro Frances (Score or Assist) (2),,10.0000,odds_api_io,event_id=61624660;market=Player To Score or Assist
2026-05-17T11:51:42Z,2026-05-17,61624660,2026-05-17T17:00:00Z,,live_capture,Bet365,Spain - LaLiga,ANYTIME_ASSIST,Atletico Madrid,Girona FC,Alexander Sorloth (Assist) (1),,7.0000,odds_api_io,event_id=61624660;market=Player To Score or Assist
2026-05-17T11:51:42Z,2026-05-17,61624660,2026-05-17T17:00:00Z,,live_capture,Bet365,Spain - LaLiga,ANYTIME_ASSIST,Atletico Madrid,Girona FC,Julian Alvarez (Assist) (1),,4.5000,odds_api_io,event_id=61624660;market=Player To Score or Assist
2026-05-17T11:51:42Z,2026-05-17,61624660,2026-05-17T17:00:00Z,,live_capture,Bet365,Spain - LaLiga,ANYTIME_ASSIST,Atletico Madrid,Girona FC,Ademola Lookman (Assist) (1),,4.3330,odds_api_io,event_id=61624660;market=Player To Score or Assist
2026-05-17T11:51:42Z,2026-05-17,61624660,2026-05-17T17:00:00Z,,live_capture,Bet365,Spain - LaLiga,ANYTIME_ASSIST,Atletico Madrid,Girona FC,Alejandro Monserrate (Assist) (1),,4.5000,odds_api_io,event_id=61624660;market=Player To Score or Assist
2026-05-17T11:51:42Z,2026-05-17,61624660,2026-05-17T17:00:00Z,,live_capture,Bet365,Spain - LaLiga,ANYTIME_ASSIST,Atletico Madrid,Girona FC,Antoine Griezmann (Assist) (1),,5.0000,odds_api_io,event_id=61624660;market=Player To Score or Assist
2026-05-17T11:51:42Z,2026-05-17,61624660,2026-05-17T17:00:00Z,,live_capture,Bet365,Spain - LaLiga,ANYTIME_ASSIST,Atletico Madrid,Girona FC,Abel Ruiz (Score) (2),,3.1000,odds_api_io,event_id=61624660;market=Player To Score or Assist
2026-05-17T11:51:42Z,2026-05-17,61624660,2026-05-17T17:00:00Z,,live_capture,Bet365,Spain - LaLiga,ANYTIME_ASSIST,Atletico Madrid,Girona FC,Joel Roca (Score) (2),,4.7500,odds_api_io,event_id=61624660;market=Player To Score or Assist
2026-05-17T11:51:42Z,2026-05-17,61624660,2026-05-17T17:00:00Z,,live_capture,Bet365,Spain - LaLiga,ANYTIME_ASSIST,Atletico Madrid,Girona FC,Aleksa Puric (Score) (1),,15.0000,odds_api_io,event_id=61624660;market=Player To Score or Assist
2026-05-17T11:51:42Z,2026-05-17,61624660,2026-05-17T17:00:00Z,,live_capture,Bet365,Spain - LaLiga,ANYTIME_ASSIST,Atletico Madrid,Girona FC,Jose Maria Gimenez (Score) (1),,15.0000,odds_api_io,event_id=61624660;market=Player To Score or Assist
2026-05-17T11:51:42Z,2026-05-17,61624660,2026-05-17T17:00:00Z,,live_capture,Bet365,Spain - LaLiga,ANYTIME_ASSIST,Atletico Madrid,Girona FC,Robin Le Normand (Score) (1),,15.0000,odds_api_io,event_id=61624660;market=Player To Score or Assist
2026-05-17T11:51:42Z,2026-05-17,61624660,2026-05-17T17:00:00Z,,live_capture,Bet365,Spain - LaLiga,ANYTIME_ASSIST,Atletico Madrid,Girona FC,Vladyslav Vanat (Assist) (2),,7.0000,odds_api_io,event_id=61624660;market=Player To Score or Assist
2026-05-17T11:51:42Z,2026-05-17,61624660,2026-05-17T17:00:00Z,,live_capture,Bet365,Spain - LaLiga,ANYTIME_ASSIST,Atletico Madrid,Girona FC,Viktor Tsygankov (Assist) (2),,4.5000,odds_api_io,event_id=61624660;market=Player To Score or Assist
2026-05-17T11:51:42Z,2026-05-17,61624660,2026-05-17T17:00:00Z,,live_capture,Bet365,Spain - LaLiga,ANYTIME_ASSIST,Atletico Madrid,Girona FC,Azz-Eddine Ounahi (Assist) (2),,6.5000,odds_api_io,event_id=61624660;market=Player To Score or Assist
2026-05-17T11:51:42Z,2026-05-17,61624660,2026-05-17T17:00:00Z,,live_capture,Bet365,Spain - LaLiga,ANYTIME_ASSIST,Atletico Madrid,Girona FC,Claudio Echeverri (Assist) (2),,7.0000,odds_api_io,event_id=61624660;market=Player To Score or Assist
2026-05-17T11:51:42Z,2026-05-17,61624660,2026-05-17T17:00:00Z,,live_capture,Bet365,Spain - LaLiga,ANYTIME_ASSIST,Atletico Madrid,Girona FC,Juan Arango (Assist) (2),,6.0000,odds_api_io,event_id=61624660;market=Player To Score or Assist
2026-05-17T11:51:42Z,2026-05-17,61624660,2026-05-17T17:00:00Z,,live_capture,Bet365,Spain - LaLiga,ANYTIME_ASSIST,Atletico Madrid,Girona FC,Ricard Artero (Assist) (2),,6.5000,odds_api_io,event_id=61624660;market=Player To Score or Assist
2026-05-17T11:51:42Z,2026-05-17,61624660,2026-05-17T17:00:00Z,,live_capture,Bet365,Spain - LaLiga,ANYTIME_ASSIST,Atletico Madrid,Girona FC,Gibert Jordana (Assist) (2),,10.0000,odds_api_io,event_id=61624660;market=Player To Score or Assist
2026-05-17T11:51:42Z,2026-05-17,61624660,2026-05-17T17:00:00Z,,live_capture,Bet365,Spain - LaLiga,ANYTIME_ASSIST,Atletico Madrid,Girona FC,Bryan Gil (Score or Assist) (2),,3.4000,odds_api_io,event_id=61624660;market=Player To Score or Assist
2026-05-17T11:51:42Z,2026-05-17,61624660,2026-05-17T17:00:00Z,,live_capture,Bet365,Spain - LaLiga,ANYTIME_ASSIST,Atletico Madrid,Girona FC,Hugo Rincon (Score or Assist) (2),,5.0000,odds_api_io,event_id=61624660;market=Player To Score or Assist
2026-05-17T11:51:42Z,2026-05-17,61624660,2026-05-17T17:00:00Z,,live_capture,Bet365,Spain - LaLiga,ANYTIME_ASSIST,Atletico Madrid,Girona FC,Aleksa Puric (Score or Assist) (1),,7.0000,odds_api_io,event_id=61624660;market=Player To Score or Assist
2026-05-17T11:51:42Z,2026-05-17,61624660,2026-05-17T17:00:00Z,,live_capture,Bet365,Spain - LaLiga,ANYTIME_ASSIST,Atletico Madrid,Girona FC,Azz-Eddine Ounahi (Score) (2),,4.7500,odds_api_io,event_id=61624660;market=Player To Score or Assist
2026-05-17T11:51:42Z,2026-05-17,61624660,2026-05-17T17:00:00Z,,live_capture,Bet365,Spain - LaLiga,ANYTIME_ASSIST,Atletico Madrid,Girona FC,Claudio Echeverri (Score) (2),,4.7500,odds_api_io,event_id=61624660;market=Player To Score or Assist
2026-05-17T11:51:42Z,2026-05-17,61624660,2026-05-17T17:00:00Z,,live_capture,Bet365,Spain - LaLiga,ANYTIME_ASSIST,Atletico Madrid,Girona FC,Arnau Martinez (Score or Assist) (2),,6.0000,odds_api_io,event_id=61624660;market=Player To Score or Assist
2026-05-17T11:51:42Z,2026-05-17,61624660,2026-05-17T17:00:00Z,,live_capture,Bet365,Spain - LaLiga,ANYTIME_ASSIST,Atletico Madrid,Girona FC,David Lopez (Score or Assist) (2),,9.0000,odds_api_io,event_id=61624660;market=Player To Score or Assist
2026-05-17T11:51:42Z,2026-05-17,61624660,2026-05-17T17:00:00Z,,live_capture,Bet365,Spain - LaLiga,ANYTIME_ASSIST,Atletico Madrid,Girona FC,Nicolas Gonzalez (Score) (1),,3.1000,odds_api_io,event_id=61624660;market=Player To Score or Assist
2026-05-17T11:51:42Z,2026-05-17,61624660,2026-05-17T17:00:00Z,,live_capture,Bet365,Spain - LaLiga,ANYTIME_ASSIST,Atletico Madrid,Girona FC,Rayane Belaid (Score) (1),,3.1000,odds_api_io,event_id=61624660;market=Player To Score or Assist
2026-05-17T11:51:42Z,2026-05-17,61624660,2026-05-17T17:00:00Z,,live_capture,Bet365,Spain - LaLiga,ANYTIME_ASSIST,Atletico Madrid,Girona FC,Juan Arango (Score) (2),,6.0000,odds_api_io,event_id=61624660;market=Player To Score or Assist
2026-05-17T11:51:42Z,2026-05-17,61624660,2026-05-17T17:00:00Z,,live_capture,Bet365,Spain - LaLiga,ANYTIME_ASSIST,Atletico Madrid,Girona FC,Bryan Gil (Score) (2),,6.0000,odds_api_io,event_id=61624660;market=Player To Score or Assist
2026-05-17T11:51:42Z,2026-05-17,61624660,2026-05-17T17:00:00Z,,live_capture,Bet365,Spain - LaLiga,ANYTIME_ASSIST,Atletico Madrid,Girona FC,Ricard Artero (Score) (2),,6.0000,odds_api_io,event_id=61624660;market=Player To Score or Assist
2026-05-17T11:51:42Z,2026-05-17,61624660,2026-05-17T17:00:00Z,,live_capture,Bet365,Spain - LaLiga,ANYTIME_ASSIST,Atletico Madrid,Girona FC,Clement Lenglet (Score) (1),,10.0000,odds_api_io,event_id=61624660;market=Player To Score or Assist
2026-05-17T11:51:42Z,2026-05-17,61624660,2026-05-17T17:00:00Z,,live_capture,Bet365,Spain - LaLiga,ANYTIME_ASSIST,Atletico Madrid,Girona FC,Dani Martinez (Score) (1),,10.0000,odds_api_io,event_id=61624660;market=Player To Score or Assist
2026-05-17T11:51:42Z,2026-05-17,61624660,2026-05-17T17:00:00Z,,live_capture,Bet365,Spain - LaLiga,ANYTIME_ASSIST,Atletico Madrid,Girona FC,Axel Witsel (Score) (2),,15.0000,odds_api_io,event_id=61624660;market=Player To Score or Assist
2026-05-17T11:51:42Z,2026-05-17,61624660,2026-05-17T17:00:00Z,,live_capture,Bet365,Spain - LaLiga,ANYTIME_ASSIST,Atletico Madrid,Girona FC,Nicolas Gonzalez (Assist) (1),,4.0000,odds_api_io,event_id=61624660;market=Player To Score or Assist
2026-05-17T11:51:42Z,2026-05-17,61624660,2026-05-17T17:00:00Z,,live_capture,Bet365,Spain - LaLiga,ANYTIME_ASSIST,Atletico Madrid,Girona FC,Miguel Cubo (Assist) (1),,5.5000,odds_api_io,event_id=61624660;market=Player To Score or Assist
2026-05-17T11:51:42Z,2026-05-17,61624660,2026-05-17T17:00:00Z,,live_capture,Bet365,Spain - LaLiga,ANYTIME_ASSIST,Atletico Madrid,Girona FC,Rayane Belaid (Assist) (1),,5.5000,odds_api_io,event_id=61624660;market=Player To Score or Assist
2026-05-17T11:51:42Z,2026-05-17,61624660,2026-05-17T17:00:00Z,,live_capture,Bet365,Spain - LaLiga,ANYTIME_ASSIST,Atletico Madrid,Girona FC,Giuliano Simeone (Assist) (1),,4.0000,odds_api_io,event_id=61624660;market=Player To Score or Assist
2026-05-17T11:51:42Z,2026-05-17,61624660,2026-05-17T17:00:00Z,,live_capture,Bet365,Spain - LaLiga,ANYTIME_ASSIST,Atletico Madrid,Girona FC,Rodrigo Mendoza (Assist) (1),,4.5000,odds_api_io,event_id=61624660;market=Player To Score or Assist
2026-05-17T11:51:42Z,2026-05-17,61624660,2026-05-17T17:00:00Z,,live_capture,Bet365,Spain - LaLiga,ANYTIME_ASSIST,Atletico Madrid,Girona FC,Obed Vargas (Assist) (1),,5.5000,odds_api_io,event_id=61624660;market=Player To Score or Assist
2026-05-17T11:51:42Z,2026-05-17,61624660,2026-05-17T17:00:00Z,,live_capture,Bet365,Spain - LaLiga,ANYTIME_ASSIST,Atletico Madrid,Girona FC,Joel Roca (Assist) (2),,7.5000,odds_api_io,event_id=61624660;market=Player To Score or Assist
2026-05-17T11:51:42Z,2026-05-17,61624660,2026-05-17T17:00:00Z,,live_capture,Bet365,Spain - LaLiga,ANYTIME_ASSIST,Atletico Madrid,Girona FC,Bryan Gil (Assist) (2),,6.5000,odds_api_io,event_id=61624660;market=Player To Score or Assist
2026-05-17T11:51:42Z,2026-05-17,61624660,2026-05-17T17:00:00Z,,live_capture,Bet365,Spain - LaLiga,ANYTIME_ASSIST,Atletico Madrid,Girona FC,Julio Diaz (Assist) (1),,5.5000,odds_api_io,event_id=61624660;market=Player To Score or Assist
2026-05-17T11:51:42Z,2026-05-17,61624660,2026-05-17T17:00:00Z,,live_capture,Bet365,Spain - LaLiga,ANYTIME_ASSIST,Atletico Madrid,Girona FC,Arnau Martinez (Assist) (2),,11.0000,odds_api_io,event_id=61624660;market=Player To Score or Assist
2026-05-17T11:51:42Z,2026-05-17,61624660,2026-05-17T17:00:00Z,,live_capture,Bet365,Spain - LaLiga,ANYTIME_ASSIST,Atletico Madrid,Girona FC,Beltran Fran (Assist) (2),,11.0000,odds_api_io,event_id=61624660;market=Player To Score or Assist
2026-05-17T11:51:42Z,2026-05-17,61624660,2026-05-17T17:00:00Z,,live_capture,Bet365,Spain - LaLiga,ANYTIME_ASSIST,Atletico Madrid,Girona FC,Daley Blind (Assist) (2),,11.0000,odds_api_io,event_id=61624660;market=Player To Score or Assist
2026-05-17T11:51:42Z,2026-05-17,61624660,2026-05-17T17:00:00Z,,live_capture,Bet365,Spain - LaLiga,ANYTIME_ASSIST,Atletico Madrid,Girona FC,Obed Vargas (Score or Assist) (1),,2.7500,odds_api_io,event_id=61624660;market=Player To Score or Assist
2026-05-17T11:51:42Z,2026-05-17,61624660,2026-05-17T17:00:00Z,,live_capture,Bet365,Spain - LaLiga,ANYTIME_ASSIST,Atletico Madrid,Girona FC,Javier Bonar (Score or Assist) (1),,3.4000,odds_api_io,event_id=61624660;market=Player To Score or Assist
2026-05-17T11:51:42Z,2026-05-17,61624660,2026-05-17T17:00:00Z,,live_capture,Bet365,Spain - LaLiga,ANYTIME_ASSIST,Atletico Madrid,Girona FC,Clement Lenglet (Score or Assist) (1),,6.5000,odds_api_io,event_id=61624660;market=Player To Score or Assist
2026-05-17T11:51:42Z,2026-05-17,61624660,2026-05-17T17:00:00Z,,live_capture,Bet365,Spain - LaLiga,ANYTIME_ASSIST,Atletico Madrid,Girona FC,Dani Martinez (Score or Assist) (1),,7.0000,odds_api_io,event_id=61624660;market=Player To Score or Assist
2026-05-17T11:51:42Z,2026-05-17,61624660,2026-05-17T17:00:00Z,,live_capture,Bet365,Spain - LaLiga,ANYTIME_ASSIST,Atletico Madrid,Girona FC,Taufik Seidu (Assist) (1),,6.5000,odds_api_io,event_id=61624660;market=Player To Score or Assist
2026-05-17T11:51:42Z,2026-05-17,61624660,2026-05-17T17:00:00Z,,live_capture,Bet365,Spain - LaLiga,ANYTIME_ASSIST,Atletico Madrid,Girona FC,Javier Morcillo (Assist) (1),,6.5000,odds_api_io,event_id=61624660;market=Player To Score or Assist
2026-05-17T11:51:42Z,2026-05-17,61624660,2026-05-17T17:00:00Z,,live_capture,Bet365,Spain - LaLiga,ANYTIME_ASSIST,Atletico Madrid,Girona FC,Marcos Llorente (Assist) (1),,6.5000,odds_api_io,event_id=61624660;market=Player To Score or Assist
2026-05-17T11:51:42Z,2026-05-17,61624660,2026-05-17T17:00:00Z,,live_capture,Bet365,Spain - LaLiga,ANYTIME_ASSIST,Atletico Madrid,Girona FC,Jorge Koke (Assist) (1),,8.0000,odds_api_io,event_id=61624660;market=Player To Score or Assist
2026-05-17T11:51:42Z,2026-05-17,61624660,2026-05-17T17:00:00Z,,live_capture,Bet365,Spain - LaLiga,ANYTIME_ASSIST,Atletico Madrid,Girona FC,Marc Pubill (Score or Assist) (1),,4.3330,odds_api_io,event_id=61624660;market=Player To Score or Assist
2026-05-17T11:51:42Z,2026-05-17,61624660,2026-05-17T17:00:00Z,,live_capture,Bet365,Spain - LaLiga,ANYTIME_ASSIST,Atletico Madrid,Girona FC,Matteo Ruggeri (Score or Assist) (1),,4.3330,odds_api_io,event_id=61624660;market=Player To Score or Assist
2026-05-17T11:51:42Z,2026-05-17,61624660,2026-05-17T17:00:00Z,,live_capture,Bet365,Spain - LaLiga,ANYTIME_ASSIST,Atletico Madrid,Girona FC,Johnny Cardoso (Score or Assist) (1),,5.5000,odds_api_io,event_id=61624660;market=Player To Score or Assist
2026-05-17T11:51:42Z,2026-05-17,61624660,2026-05-17T17:00:00Z,,live_capture,Bet365,Spain - LaLiga,ANYTIME_ASSIST,Atletico Madrid,Girona FC,Vitor Reis (Assist) (2),,21.0000,odds_api_io,event_id=61624660;market=Player To Score or Assist
2026-05-17T11:51:42Z,2026-05-17,61624660,2026-05-17T17:00:00Z,,live_capture,Bet365,Spain - LaLiga,ANYTIME_ASSIST,Atletico Madrid,Girona FC,Vladyslav Vanat (Score) (2),,2.7500,odds_api_io,event_id=61624660;market=Player To Score or Assist
2026-05-17T11:51:42Z,2026-05-17,61624660,2026-05-17T17:00:00Z,,live_capture,Bet365,Spain - LaLiga,ANYTIME_ASSIST,Atletico Madrid,Girona FC,Viktor Tsygankov (Score) (2),,3.7500,odds_api_io,event_id=61624660;market=Player To Score or Assist
2026-05-17T11:51:42Z,2026-05-17,61624660,2026-05-17T17:00:00Z,,live_capture,Bet365,Spain - LaLiga,ANYTIME_ASSIST,Atletico Madrid,Girona FC,Alex Moreno (Score) (2),,10.0000,odds_api_io,event_id=61624660;market=Player To Score or Assist
2026-05-17T11:51:42Z,2026-05-17,61624660,2026-05-17T17:00:00Z,,live_capture,Bet365,Spain - LaLiga,ANYTIME_ASSIST,Atletico Madrid,Girona FC,Ivan Martin (Score) (2),,10.0000,odds_api_io,event_id=61624660;market=Player To Score or Assist
2026-05-17T11:51:42Z,2026-05-17,61624660,2026-05-17T17:00:00Z,,live_capture,Bet365,Spain - LaLiga,ANYTIME_ASSIST,Atletico Madrid,Girona FC,Gibert Jordana (Score) (2),,10.0000,odds_api_io,event_id=61624660;market=Player To Score or Assist
2026-05-17T11:51:42Z,2026-05-17,61624660,2026-05-17T17:00:00Z,,live_capture,Bet365,Spain - LaLiga,ANYTIME_ASSIST,Atletico Madrid,Girona FC,Alex Baena (Assist) (1),,3.7500,odds_api_io,event_id=61624660;market=Player To Score or Assist
2026-05-17T11:51:42Z,2026-05-17,61624660,2026-05-17T17:00:00Z,,live_capture,Bet365,Spain - LaLiga,ANYTIME_ASSIST,Atletico Madrid,Girona FC,Javier Bonar (Assist) (1),,5.5000,odds_api_io,event_id=61624660;market=Player To Score or Assist
2026-05-17T11:51:42Z,2026-05-17,61624660,2026-05-17T17:00:00Z,,live_capture,Bet365,Spain - LaLiga,ANYTIME_ASSIST,Atletico Madrid,Girona FC,Ademola Lookman (Score or Assist) (1),,1.8330,odds_api_io,event_id=61624660;market=Player To Score or Assist
2026-05-17T11:51:42Z,2026-05-17,61624660,2026-05-17T17:00:00Z,,live_capture,Bet365,Spain - LaLiga,ANYTIME_ASSIST,Atletico Madrid,Girona FC,Alex Moreno (Score or Assist) (2),,5.0000,odds_api_io,event_id=61624660;market=Player To Score or Assist
2026-05-17T11:51:42Z,2026-05-17,61624660,2026-05-17T17:00:00Z,,live_capture,Bet365,Spain - LaLiga,ANYTIME_ASSIST,Atletico Madrid,Girona FC,Ivan Martin (Score or Assist) (2),,5.5000,odds_api_io,event_id=61624660;market=Player To Score or Assist
2026-05-17T11:51:42Z,2026-05-17,61624660,2026-05-17T17:00:00Z,,live_capture,Bet365,Spain - LaLiga,ANYTIME_ASSIST,Atletico Madrid,Girona FC,Gibert Jordana (Score or Assist) (2),,6.0000,odds_api_io,event_id=61624660;market=Player To Score or Assist
2026-05-17T11:51:42Z,2026-05-17,61624664,2026-05-17T17:00:00Z,,live_capture,Bet365,Spain - LaLiga,ANYTIME_ASSIST,Elche CF,Getafe CF,Rafa Mir (Score) (1),,2.7500,odds_api_io,event_id=61624664;market=Player To Score or Assist
2026-05-17T11:51:42Z,2026-05-17,61624664,2026-05-17T17:00:00Z,,live_capture,Bet365,Spain - LaLiga,ANYTIME_ASSIST,Elche CF,Getafe CF,Miguel Andre Silva (Score) (1),,2.7500,odds_api_io,event_id=61624664;market=Player To Score or Assist
2026-05-17T11:51:42Z,2026-05-17,61624664,2026-05-17T17:00:00Z,,live_capture,Bet365,Spain - LaLiga,ANYTIME_ASSIST,Elche CF,Getafe CF,Lucas Cepeda (Score) (1),,4.0000,odds_api_io,event_id=61624664;market=Player To Score or Assist
2026-05-17T11:51:42Z,2026-05-17,61624664,2026-05-17T17:00:00Z,,live_capture,Bet365,Spain - LaLiga,ANYTIME_ASSIST,Elche CF,Getafe CF,Fernandez Josan (Score) (1),,5.0000,odds_api_io,event_id=61624664;market=Player To Score or Assist
2026-05-17T11:51:42Z,2026-05-17,61624664,2026-05-17T17:00:00Z,,live_capture,Bet365,Spain - LaLiga,ANYTIME_ASSIST,Elche CF,Getafe CF,German Valera (Score) (1),,4.5000,odds_api_io,event_id=61624664;market=Player To Score or Assist
2026-05-17T11:51:42Z,2026-05-17,61624664,2026-05-17T17:00:00Z,,live_capture,Bet365,Spain - LaLiga,ANYTIME_ASSIST,Elche CF,Getafe CF,Grady Diangana (Score) (1),,5.0000,odds_api_io,event_id=61624664;market=Player To Score or Assist
2026-05-17T11:51:42Z,2026-05-17,61624664,2026-05-17T17:00:00Z,,live_capture,Bet365,Spain - LaLiga,ANYTIME_ASSIST,Elche CF,Getafe CF,Alex Sancris (Score) (2),,4.5000,odds_api_io,event_id=61624664;market=Player To Score or Assist
2026-05-17T11:51:42Z,2026-05-17,61624664,2026-05-17T17:00:00Z,,live_capture,Bet365,Spain - LaLiga,ANYTIME_ASSIST,Elche CF,Getafe CF,Adam Boayar (Score) (1),,4.5000,odds_api_io,event_id=61624664;market=Player To Score or Assist
2026-05-17T11:51:42Z,2026-05-17,61624664,2026-05-17T17:00:00Z,,live_capture,Bet365,Spain - LaLiga,ANYTIME_ASSIST,Elche CF,Getafe CF,Jimenez Juanmi (Score) (2),,4.0000,odds_api_io,event_id=61624664;market=Player To Score or Assist
2026-05-17T11:51:42Z,2026-05-17,61624664,2026-05-17T17:00:00Z,,live_capture,Bet365,Spain - LaLiga,ANYTIME_ASSIST,Elche CF,Getafe CF,Luis Vazquez (Score) (2),,4.0000,odds_api_io,event_id=61624664;market=Player To Score or Assist
2026-05-17T11:51:42Z,2026-05-17,61624664,2026-05-17T17:00:00Z,,live_capture,Bet365,Spain - LaLiga,ANYTIME_ASSIST,Elche CF,Getafe CF,Martin Satriano (Score) (2),,4.0000,odds_api_io,event_id=61624664;market=Player To Score or Assist
2026-05-17T11:51:42Z,2026-05-17,61624664,2026-05-17T17:00:00Z,,live_capture,Bet365,Spain - LaLiga,ANYTIME_ASSIST,Elche CF,Getafe CF,Adrian Liso (Score) (2),,4.5000,odds_api_io,event_id=61624664;market=Player To Score or Assist
2026-05-17T11:51:42Z,2026-05-17,61624664,2026-05-17T17:00:00Z,,live_capture,Bet365,Spain - LaLiga,ANYTIME_ASSIST,Elche CF,Getafe CF,Alex Sanchez (Score) (1),,5.5000,odds_api_io,event_id=61624664;market=Player To Score or Assist
2026-05-17T11:51:42Z,2026-05-17,61624664,2026-05-17T17:00:00Z,,live_capture,Bet365,Spain - LaLiga,ANYTIME_ASSIST,Elche CF,Getafe CF,Tete Morente (Score) (1),,4.3330,odds_api_io,event_id=61624664;market=Player To Score or Assist
2026-05-17T11:51:42Z,2026-05-17,61624664,2026-05-17T17:00:00Z,,live_capture,Bet365,Spain - LaLiga,ANYTIME_ASSIST,Elche CF,Getafe CF,Joselu Perez (Score) (2),,5.0000,odds_api_io,event_id=61624664;market=Player To Score or Assist
2026-05-17T11:51:42Z,2026-05-17,61624664,2026-05-17T17:00:00Z,,live_capture,Bet365,Spain - LaLiga,ANYTIME_ASSIST,Elche CF,Getafe CF,Veljko Birmancevic (Score) (2),,4.7500,odds_api_io,event_id=61624664;market=Player To Score or Assist
2026-05-17T11:51:42Z,2026-05-17,61624664,2026-05-17T17:00:00Z,,live_capture,Bet365,Spain - LaLiga,ANYTIME_ASSIST,Elche CF,Getafe CF,Alejandro Mestanza (Score) (2),,6.0000,odds_api_io,event_id=61624664;market=Player To Score or Assist
2026-05-17T11:51:42Z,2026-05-17,61624664,2026-05-17T17:00:00Z,,live_capture,Bet365,Spain - LaLiga,ANYTIME_ASSIST,Elche CF,Getafe CF,Adrian Riquelme (Score) (2),,7.0000,odds_api_io,event_id=61624664;market=Player To Score or Assist
2026-05-17T11:51:42Z,2026-05-17,61624664,2026-05-17T17:00:00Z,,live_capture,Bet365,Spain - LaLiga,ANYTIME_ASSIST,Elche CF,Getafe CF,Luis Milla (Score) (2),,9.5000,odds_api_io,event_id=61624664;market=Player To Score or Assist
2026-05-17T11:51:42Z,2026-05-17,61624664,2026-05-17T17:00:00Z,,live_capture,Bet365,Spain - LaLiga,ANYTIME_ASSIST,Elche CF,Getafe CF,Mario Martin (Score) (2),,5.5000,odds_api_io,event_id=61624664;market=Player To Score or Assist
2026-05-17T11:51:42Z,2026-05-17,61624664,2026-05-17T17:00:00Z,,live_capture,Bet365,Spain - LaLiga,ANYTIME_ASSIST,Elche CF,Getafe CF,Moya Borja Mayoral (Assist) (2),,8.5000,odds_api_io,event_id=61624664;market=Player To Score or Assist
2026-05-17T11:51:42Z,2026-05-17,61624664,2026-05-17T17:00:00Z,,live_capture,Bet365,Spain - LaLiga,ANYTIME_ASSIST,Elche CF,Getafe CF,Adrian Liso (Assist) (2),,8.0000,odds_api_io,event_id=61624664;market=Player To Score or Assist
2026-05-17T11:51:42Z,2026-05-17,61624664,2026-05-17T17:00:00Z,,live_capture,Bet365,Spain - LaLiga,ANYTIME_ASSIST,Elche CF,Getafe CF,Joselu Perez (Assist) (2),,8.0000,odds_api_io,event_id=61624664;market=Player To Score or Assist
2026-05-17T11:51:42Z,2026-05-17,61624664,2026-05-17T17:00:00Z,,live_capture,Bet365,Spain - LaLiga,ANYTIME_ASSIST,Elche CF,Getafe CF,Mauro Arambarri (Assist) (2),,8.0000,odds_api_io,event_id=61624664;market=Player To Score or Assist
2026-05-17T11:51:42Z,2026-05-17,61624664,2026-05-17T17:00:00Z,,live_capture,Bet365,Spain - LaLiga,ANYTIME_ASSIST,Elche CF,Getafe CF,Mario Martin (Assist) (2),,13.0000,odds_api_io,event_id=61624664;market=Player To Score or Assist
2026-05-17T11:51:42Z,2026-05-17,61624664,2026-05-17T17:00:00Z,,live_capture,Bet365,Spain - LaLiga,ANYTIME_ASSIST,Elche CF,Getafe CF,Diego Rico (Assist) (2),,8.0000,odds_api_io,event_id=61624664;market=Player To Score or Assist
2026-05-17T11:51:42Z,2026-05-17,61624664,2026-05-17T17:00:00Z,,live_capture,Bet365,Spain - LaLiga,ANYTIME_ASSIST,Elche CF,Getafe CF,Kiko Femenia (Assist) (2),,11.0000,odds_api_io,event_id=61624664;market=Player To Score or Assist
2026-05-17T11:51:42Z,2026-05-17,61624664,2026-05-17T17:00:00Z,,live_capture,Bet365,Spain - LaLiga,ANYTIME_ASSIST,Elche CF,Getafe CF,Zaid Romero (Assist) (2),,13.0000,odds_api_io,event_id=61624664;market=Player To Score or Assist
2026-05-17T11:51:42Z,2026-05-17,61624664,2026-05-17T17:00:00Z,,live_capture,Bet365,Spain - LaLiga,ANYTIME_ASSIST,Elche CF,Getafe CF,Alvaro Rodriguez (Score or Assist) (1),,2.4000,odds_api_io,event_id=61624664;market=Player To Score or Assist
2026-05-17T11:51:42Z,2026-05-17,61624664,2026-05-17T17:00:00Z,,live_capture,Bet365,Spain - LaLiga,ANYTIME_ASSIST,Elche CF,Getafe CF,Lucas Cepeda (Score or Assist) (1),,2.6250,odds_api_io,event_id=61624664;market=Player To Score or Assist
2026-05-17T11:51:42Z,2026-05-17,61624664,2026-05-17T17:00:00Z,,live_capture,Bet365,Spain - LaLiga,ANYTIME_ASSIST,Elche CF,Getafe CF,Fernandez Josan (Score or Assist) (1),,2.7500,odds_api_io,event_id=61624664;market=Player To Score or Assist
2026-05-17T11:51:42Z,2026-05-17,61624664,2026-05-17T17:00:00Z,,live_capture,Bet365,Spain - LaLiga,ANYTIME_ASSIST,Elche CF,Getafe CF,German Valera (Score or Assist) (1),,2.7500,odds_api_io,event_id=61624664;market=Player To Score or Assist
2026-05-17T11:51:42Z,2026-05-17,61624664,2026-05-17T17:00:00Z,,live_capture,Bet365,Spain - LaLiga,ANYTIME_ASSIST,Elche CF,Getafe CF,Grady Diangana (Score or Assist) (1),,2.7500,odds_api_io,event_id=61624664;market=Player To Score or Assist
2026-05-17T11:51:42Z,2026-05-17,61624664,2026-05-17T17:00:00Z,,live_capture,Bet365,Spain - LaLiga,ANYTIME_ASSIST,Elche CF,Getafe CF,Alex Sancris (Score or Assist) (2),,2.8750,odds_api_io,event_id=61624664;market=Player To Score or Assist
2026-05-17T11:51:42Z,2026-05-17,61624664,2026-05-17T17:00:00Z,,live_capture,Bet365,Spain - LaLiga,ANYTIME_ASSIST,Elche CF,Getafe CF,Adrian Liso (Score or Assist) (2),,3.2500,odds_api_io,event_id=61624664;market=Player To Score or Assist
2026-05-17T11:51:42Z,2026-05-17,61624664,2026-05-17T17:00:00Z,,live_capture,Bet365,Spain - LaLiga,ANYTIME_ASSIST,Elche CF,Getafe CF,Tete Morente (Score or Assist) (1),,3.2500,odds_api_io,event_id=61624664;market=Player To Score or Assist
2026-05-17T11:51:42Z,2026-05-17,61624664,2026-05-17T17:00:00Z,,live_capture,Bet365,Spain - LaLiga,ANYTIME_ASSIST,Elche CF,Getafe CF,Veljko Birmancevic (Score or Assist) (2),,3.6000,odds_api_io,event_id=61624664;market=Player To Score or Assist
2026-05-17T11:51:42Z,2026-05-17,61624664,2026-05-17T17:00:00Z,,live_capture,Bet365,Spain - LaLiga,ANYTIME_ASSIST,Elche CF,Getafe CF,Alejandro Mestanza (Score or Assist) (2),,3.7500,odds_api_io,event_id=61624664;market=Player To Score or Assist
2026-05-17T11:51:42Z,2026-05-17,61624664,2026-05-17T17:00:00Z,,live_capture,Bet365,Spain - LaLiga,ANYTIME_ASSIST,Elche CF,Getafe CF,Adrian Riquelme (Score or Assist) (2),,4.0000,odds_api_io,event_id=61624664;market=Player To Score or Assist
2026-05-17T11:51:42Z,2026-05-17,61624664,2026-05-17T17:00:00Z,,live_capture,Bet365,Spain - LaLiga,ANYTIME_ASSIST,Elche CF,Getafe CF,Luis Milla (Score or Assist) (2),,4.0000,odds_api_io,event_id=61624664;market=Player To Score or Assist
2026-05-17T11:51:42Z,2026-05-17,61624664,2026-05-17T17:00:00Z,,live_capture,Bet365,Spain - LaLiga,ANYTIME_ASSIST,Elche CF,Getafe CF,Mario Martin (Score or Assist) (2),,4.5000,odds_api_io,event_id=61624664;market=Player To Score or Assist
2026-05-17T11:51:42Z,2026-05-17,61624664,2026-05-17T17:00:00Z,,live_capture,Bet365,Spain - LaLiga,ANYTIME_ASSIST,Elche CF,Getafe CF,Allan Nyom (Score or Assist) (2),,6.0000,odds_api_io,event_id=61624664;market=Player To Score or Assist
2026-05-17T11:51:42Z,2026-05-17,61624664,2026-05-17T17:00:00Z,,live_capture,Bet365,Spain - LaLiga,ANYTIME_ASSIST,Elche CF,Getafe CF,Diego Rico (Score or Assist) (2),,6.0000,odds_api_io,event_id=61624664;market=Player To Score or Assist
2026-05-17T11:51:42Z,2026-05-17,61624664,2026-05-17T17:00:00Z,,live_capture,Bet365,Spain - LaLiga,ANYTIME_ASSIST,Elche CF,Getafe CF,Mancha Davinchi (Score or Assist) (2),,6.0000,odds_api_io,event_id=61624664;market=Player To Score or Assist
2026-05-17T11:51:42Z,2026-05-17,61624664,2026-05-17T17:00:00Z,,live_capture,Bet365,Spain - LaLiga,ANYTIME_ASSIST,Elche CF,Getafe CF,Ismael Bekhoucha (Score or Assist) (2),,7.5000,odds_api_io,event_id=61624664;market=Player To Score or Assist
2026-05-17T11:51:42Z,2026-05-17,61624664,2026-05-17T17:00:00Z,,live_capture,Bet365,Spain - LaLiga,ANYTIME_ASSIST,Elche CF,Getafe CF,Leo Petrot (Score or Assist) (1),,8.0000,odds_api_io,event_id=61624664;market=Player To Score or Assist
2026-05-17T11:51:42Z,2026-05-17,61624664,2026-05-17T17:00:00Z,,live_capture,Bet365,Spain - LaLiga,ANYTIME_ASSIST,Elche CF,Getafe CF,John Donald (Score or Assist) (1),,8.5000,odds_api_io,event_id=61624664;market=Player To Score or Assist
2026-05-17T11:51:42Z,2026-05-17,61624664,2026-05-17T17:00:00Z,,live_capture,Bet365,Spain - LaLiga,ANYTIME_ASSIST,Elche CF,Getafe CF,Pedro Bigas (Score or Assist) (1),,8.5000,odds_api_io,event_id=61624664;market=Player To Score or Assist
2026-05-17T11:51:42Z,2026-05-17,61624664,2026-05-17T17:00:00Z,,live_capture,Bet365,Spain - LaLiga,ANYTIME_ASSIST,Elche CF,Getafe CF,Domingos Duarte (Score or Assist) (2),,9.5000,odds_api_io,event_id=61624664;market=Player To Score or Assist
2026-05-17T11:51:42Z,2026-05-17,61624664,2026-05-17T17:00:00Z,,live_capture,Bet365,Spain - LaLiga,ANYTIME_ASSIST,Elche CF,Getafe CF,Alvaro Rodriguez (Assist) (1),,5.0000,odds_api_io,event_id=61624664;market=Player To Score or Assist
2026-05-17T11:51:42Z,2026-05-17,61624664,2026-05-17T17:00:00Z,,live_capture,Bet365,Spain - LaLiga,ANYTIME_ASSIST,Elche CF,Getafe CF,Fernandez Josan (Assist) (1),,5.0000,odds_api_io,event_id=61624664;market=Player To Score or Assist
2026-05-17T11:51:42Z,2026-05-17,61624664,2026-05-17T17:00:00Z,,live_capture,Bet365,Spain - LaLiga,ANYTIME_ASSIST,Elche CF,Getafe CF,Grady Diangana (Assist) (1),,5.0000,odds_api_io,event_id=61624664;market=Player To Score or Assist
2026-05-17T11:51:42Z,2026-05-17,61624664,2026-05-17T17:00:00Z,,live_capture,Bet365,Spain - LaLiga,ANYTIME_ASSIST,Elche CF,Getafe CF,Leo Petrot (Assist) (1),,15.0000,odds_api_io,event_id=61624664;market=Player To Score or Assist
2026-05-17T11:51:42Z,2026-05-17,61624664,2026-05-17T17:00:00Z,,live_capture,Bet365,Spain - LaLiga,ANYTIME_ASSIST,Elche CF,Getafe CF,Pedro Bigas (Assist) (1),,15.0000,odds_api_io,event_id=61624664;market=Player To Score or Assist
2026-05-17T11:51:42Z,2026-05-17,61624664,2026-05-17T17:00:00Z,,live_capture,Bet365,Spain - LaLiga,ANYTIME_ASSIST,Elche CF,Getafe CF,Adria Pedrosa (Score or Assist) (1),,5.5000,odds_api_io,event_id=61624664;market=Player To Score or Assist
2026-05-17T11:51:42Z,2026-05-17,61624664,2026-05-17T17:00:00Z,,live_capture,Bet365,Spain - LaLiga,ANYTIME_ASSIST,Elche CF,Getafe CF,Mauro Arambarri (Score) (2),,5.0000,odds_api_io,event_id=61624664;market=Player To Score or Assist
2026-05-17T11:51:42Z,2026-05-17,61624664,2026-05-17T17:00:00Z,,live_capture,Bet365,Spain - LaLiga,ANYTIME_ASSIST,Elche CF,Getafe CF,Hector Fort (Score) (1),,7.0000,odds_api_io,event_id=61624664;market=Player To Score or Assist
2026-05-17T11:51:42Z,2026-05-17,61624664,2026-05-17T17:00:00Z,,live_capture,Bet365,Spain - LaLiga,ANYTIME_ASSIST,Elche CF,Getafe CF,Damian Caceres (Score) (2),,8.0000,odds_api_io,event_id=61624664;market=Player To Score or Assist
2026-05-17T11:51:42Z,2026-05-17,61624664,2026-05-17T17:00:00Z,,live_capture,Bet365,Spain - LaLiga,ANYTIME_ASSIST,Elche CF,Getafe CF,Hugo Solozabal (Score) (2),,8.0000,odds_api_io,event_id=61624664;market=Player To Score or Assist
2026-05-17T11:51:42Z,2026-05-17,61624664,2026-05-17T17:00:00Z,,live_capture,Bet365,Spain - LaLiga,ANYTIME_ASSIST,Elche CF,Getafe CF,Jimenez Javi Munoz (Score) (2),,9.5000,odds_api_io,event_id=61624664;market=Player To Score or Assist
2026-05-17T11:51:42Z,2026-05-17,61624664,2026-05-17T17:00:00Z,,live_capture,Bet365,Spain - LaLiga,ANYTIME_ASSIST,Elche CF,Getafe CF,Jorge Montes (Score) (2),,9.5000,odds_api_io,event_id=61624664;market=Player To Score or Assist
2026-05-17T11:51:42Z,2026-05-17,61624664,2026-05-17T17:00:00Z,,live_capture,Bet365,Spain - LaLiga,ANYTIME_ASSIST,Elche CF,Getafe CF,Abdelkabir Abqar (Score) (2),,15.0000,odds_api_io,event_id=61624664;market=Player To Score or Assist
2026-05-17T11:51:42Z,2026-05-17,61624664,2026-05-17T17:00:00Z,,live_capture,Bet365,Spain - LaLiga,ANYTIME_ASSIST,Elche CF,Getafe CF,Kiko Femenia (Score) (2),,15.0000,odds_api_io,event_id=61624664;market=Player To Score or Assist
2026-05-17T11:51:42Z,2026-05-17,61624664,2026-05-17T17:00:00Z,,live_capture,Bet365,Spain - LaLiga,ANYTIME_ASSIST,Elche CF,Getafe CF,Zaid Romero (Score) (2),,15.0000,odds_api_io,event_id=61624664;market=Player To Score or Assist
2026-05-17T11:51:42Z,2026-05-17,61624664,2026-05-17T17:00:00Z,,live_capture,Bet365,Spain - LaLiga,ANYTIME_ASSIST,Elche CF,Getafe CF,Sebastian Boselli (Score) (2),,15.0000,odds_api_io,event_id=61624664;market=Player To Score or Assist
2026-05-17T11:51:42Z,2026-05-17,61624664,2026-05-17T17:00:00Z,,live_capture,Bet365,Spain - LaLiga,ANYTIME_ASSIST,Elche CF,Getafe CF,Dakonam Djene (Score) (2),,15.0000,odds_api_io,event_id=61624664;market=Player To Score or Assist
2026-05-17T11:51:42Z,2026-05-17,61624664,2026-05-17T17:00:00Z,,live_capture,Bet365,Spain - LaLiga,ANYTIME_ASSIST,Elche CF,Getafe CF,Lucas Cepeda (Assist) (1),,6.0000,odds_api_io,event_id=61624664;market=Player To Score or Assist
2026-05-17T11:51:42Z,2026-05-17,61624664,2026-05-17T17:00:00Z,,live_capture,Bet365,Spain - LaLiga,ANYTIME_ASSIST,Elche CF,Getafe CF,Alex Sancris (Assist) (2),,6.0000,odds_api_io,event_id=61624664;market=Player To Score or Assist
2026-05-17T11:51:42Z,2026-05-17,61624664,2026-05-17T17:00:00Z,,live_capture,Bet365,Spain - LaLiga,ANYTIME_ASSIST,Elche CF,Getafe CF,Alejandro Mestanza (Assist) (2),,7.5000,odds_api_io,event_id=61624664;market=Player To Score or Assist
2026-05-17T11:51:42Z,2026-05-17,61624664,2026-05-17T17:00:00Z,,live_capture,Bet365,Spain - LaLiga,ANYTIME_ASSIST,Elche CF,Getafe CF,Luis Milla (Assist) (2),,6.0000,odds_api_io,event_id=61624664;market=Player To Score or Assist
2026-05-17T11:51:42Z,2026-05-17,61624664,2026-05-17T17:00:00Z,,live_capture,Bet365,Spain - LaLiga,ANYTIME_ASSIST,Elche CF,Getafe CF,Jorge Montes (Assist) (2),,8.5000,odds_api_io,event_id=61624664;market=Player To Score or Assist
2026-05-17T11:51:42Z,2026-05-17,61624664,2026-05-17T17:00:00Z,,live_capture,Bet365,Spain - LaLiga,ANYTIME_ASSIST,Elche CF,Getafe CF,Allan Nyom (Assist) (2),,8.5000,odds_api_io,event_id=61624664;market=Player To Score or Assist
2026-05-17T11:51:42Z,2026-05-17,61624664,2026-05-17T17:00:00Z,,live_capture,Bet365,Spain - LaLiga,ANYTIME_ASSIST,Elche CF,Getafe CF,Mancha Davinchi (Assist) (2),,8.5000,odds_api_io,event_id=61624664;market=Player To Score or Assist
2026-05-17T11:51:42Z,2026-05-17,61624664,2026-05-17T17:00:00Z,,live_capture,Bet365,Spain - LaLiga,ANYTIME_ASSIST,Elche CF,Getafe CF,Sebastian Boselli (Assist) (2),,15.0000,odds_api_io,event_id=61624664;market=Player To Score or Assist
2026-05-17T11:51:42Z,2026-05-17,61624664,2026-05-17T17:00:00Z,,live_capture,Bet365,Spain - LaLiga,ANYTIME_ASSIST,Elche CF,Getafe CF,Moya Borja Mayoral (Score or Assist) (2),,2.6000,odds_api_io,event_id=61624664;market=Player To Score or Assist
2026-05-17T11:51:42Z,2026-05-17,61624664,2026-05-17T17:00:00Z,,live_capture,Bet365,Spain - LaLiga,ANYTIME_ASSIST,Elche CF,Getafe CF,Jimenez Juanmi (Score or Assist) (2),,3.1000,odds_api_io,event_id=61624664;market=Player To Score or Assist
2026-05-17T11:51:42Z,2026-05-17,61624664,2026-05-17T17:00:00Z,,live_capture,Bet365,Spain - LaLiga,ANYTIME_ASSIST,Elche CF,Getafe CF,Luis Vazquez (Score or Assist) (2),,3.1000,odds_api_io,event_id=61624664;market=Player To Score or Assist
2026-05-17T11:51:42Z,2026-05-17,61624664,2026-05-17T17:00:00Z,,live_capture,Bet365,Spain - LaLiga,ANYTIME_ASSIST,Elche CF,Getafe CF,Martin Satriano (Score or Assist) (2),,3.1000,odds_api_io,event_id=61624664;market=Player To Score or Assist
2026-05-17T11:51:42Z,2026-05-17,61624664,2026-05-17T17:00:00Z,,live_capture,Bet365,Spain - LaLiga,ANYTIME_ASSIST,Elche CF,Getafe CF,Adam Boayar (Score or Assist) (1),,3.2000,odds_api_io,event_id=61624664;market=Player To Score or Assist
2026-05-17T11:51:42Z,2026-05-17,61624664,2026-05-17T17:00:00Z,,live_capture,Bet365,Spain - LaLiga,ANYTIME_ASSIST,Elche CF,Getafe CF,Alex Sanchez (Score or Assist) (1),,3.4000,odds_api_io,event_id=61624664;market=Player To Score or Assist
2026-05-17T11:51:42Z,2026-05-17,61624664,2026-05-17T17:00:00Z,,live_capture,Bet365,Spain - LaLiga,ANYTIME_ASSIST,Elche CF,Getafe CF,Joselu Perez (Score or Assist) (2),,3.5000,odds_api_io,event_id=61624664;market=Player To Score or Assist
2026-05-17T11:51:42Z,2026-05-17,61624664,2026-05-17T17:00:00Z,,live_capture,Bet365,Spain - LaLiga,ANYTIME_ASSIST,Elche CF,Getafe CF,Mauro Arambarri (Score or Assist) (2),,3.5000,odds_api_io,event_id=61624664;market=Player To Score or Assist
2026-05-17T11:51:42Z,2026-05-17,61624664,2026-05-17T17:00:00Z,,live_capture,Bet365,Spain - LaLiga,ANYTIME_ASSIST,Elche CF,Getafe CF,Hector Fort (Score or Assist) (1),,4.3330,odds_api_io,event_id=61624664;market=Player To Score or Assist
2026-05-17T11:51:42Z,2026-05-17,61624664,2026-05-17T17:00:00Z,,live_capture,Bet365,Spain - LaLiga,ANYTIME_ASSIST,Elche CF,Getafe CF,Damian Caceres (Score or Assist) (2),,4.7500,odds_api_io,event_id=61624664;market=Player To Score or Assist
2026-05-17T11:51:42Z,2026-05-17,61624664,2026-05-17T17:00:00Z,,live_capture,Bet365,Spain - LaLiga,ANYTIME_ASSIST,Elche CF,Getafe CF,Hugo Solozabal (Score or Assist) (2),,4.7500,odds_api_io,event_id=61624664;market=Player To Score or Assist
2026-05-17T11:51:42Z,2026-05-17,61624664,2026-05-17T17:00:00Z,,live_capture,Bet365,Spain - LaLiga,ANYTIME_ASSIST,Elche CF,Getafe CF,Jimenez Javi Munoz (Score or Assist) (2),,4.7500,odds_api_io,event_id=61624664;market=Player To Score or Assist
2026-05-17T11:51:42Z,2026-05-17,61624664,2026-05-17T17:00:00Z,,live_capture,Bet365,Spain - LaLiga,ANYTIME_ASSIST,Elche CF,Getafe CF,Jorge Montes (Score or Assist) (2),,5.0000,odds_api_io,event_id=61624664;market=Player To Score or Assist
2026-05-17T11:51:42Z,2026-05-17,61624664,2026-05-17T17:00:00Z,,live_capture,Bet365,Spain - LaLiga,ANYTIME_ASSIST,Elche CF,Getafe CF,Abdelkabir Abqar (Score or Assist) (2),,8.0000,odds_api_io,event_id=61624664;market=Player To Score or Assist
2026-05-17T11:51:42Z,2026-05-17,61624664,2026-05-17T17:00:00Z,,live_capture,Bet365,Spain - LaLiga,ANYTIME_ASSIST,Elche CF,Getafe CF,Kiko Femenia (Score or Assist) (2),,8.0000,odds_api_io,event_id=61624664;market=Player To Score or Assist
2026-05-17T11:51:42Z,2026-05-17,61624664,2026-05-17T17:00:00Z,,live_capture,Bet365,Spain - LaLiga,ANYTIME_ASSIST,Elche CF,Getafe CF,Zaid Romero (Score or Assist) (2),,9.5000,odds_api_io,event_id=61624664;market=Player To Score or Assist
2026-05-17T11:51:42Z,2026-05-17,61624664,2026-05-17T17:00:00Z,,live_capture,Bet365,Spain - LaLiga,ANYTIME_ASSIST,Elche CF,Getafe CF,Sebastian Boselli (Score or Assist) (2),,10.0000,odds_api_io,event_id=61624664;market=Player To Score or Assist
2026-05-17T11:51:42Z,2026-05-17,61624664,2026-05-17T17:00:00Z,,live_capture,Bet365,Spain - LaLiga,ANYTIME_ASSIST,Elche CF,Getafe CF,Dakonam Djene (Score or Assist) (2),,11.0000,odds_api_io,event_id=61624664;market=Player To Score or Assist
2026-05-17T11:51:42Z,2026-05-17,61624664,2026-05-17T17:00:00Z,,live_capture,Bet365,Spain - LaLiga,ANYTIME_ASSIST,Elche CF,Getafe CF,Alvaro Rodriguez (Score) (1),,4.0000,odds_api_io,event_id=61624664;market=Player To Score or Assist
2026-05-17T11:51:42Z,2026-05-17,61624664,2026-05-17T17:00:00Z,,live_capture,Bet365,Spain - LaLiga,ANYTIME_ASSIST,Elche CF,Getafe CF,Juan Piera (Score) (1),,3.2500,odds_api_io,event_id=61624664;market=Player To Score or Assist
2026-05-17T11:51:42Z,2026-05-17,61624664,2026-05-17T17:00:00Z,,live_capture,Bet365,Spain - LaLiga,ANYTIME_ASSIST,Elche CF,Getafe CF,Moya Borja Mayoral (Score) (2),,3.2500,odds_api_io,event_id=61624664;market=Player To Score or Assist
2026-05-17T11:51:42Z,2026-05-17,61624664,2026-05-17T17:00:00Z,,live_capture,Bet365,Spain - LaLiga,ANYTIME_ASSIST,Elche CF,Getafe CF,Yago Santiago (Score) (1),,5.0000,odds_api_io,event_id=61624664;market=Player To Score or Assist
2026-05-17T11:51:42Z,2026-05-17,61624664,2026-05-17T17:00:00Z,,live_capture,Bet365,Spain - LaLiga,ANYTIME_ASSIST,Elche CF,Getafe CF,Federico Redondo (Score) (1),,11.0000,odds_api_io,event_id=61624664;market=Player To Score or Assist
2026-05-17T11:51:42Z,2026-05-17,61624664,2026-05-17T17:00:00Z,,live_capture,Bet365,Spain - LaLiga,ANYTIME_ASSIST,Elche CF,Getafe CF,Yago Santiago (Assist) (1),,7.0000,odds_api_io,event_id=61624664;market=Player To Score or Assist
2026-05-17T11:51:42Z,2026-05-17,61624664,2026-05-17T17:00:00Z,,live_capture,Bet365,Spain - LaLiga,ANYTIME_ASSIST,Elche CF,Getafe CF,Alex Sanchez (Assist) (1),,7.0000,odds_api_io,event_id=61624664;market=Player To Score or Assist
2026-05-17T11:51:42Z,2026-05-17,61624664,2026-05-17T17:00:00Z,,live_capture,Bet365,Spain - LaLiga,ANYTIME_ASSIST,Elche CF,Getafe CF,Aleix Febas (Assist) (1),,11.0000,odds_api_io,event_id=61624664;market=Player To Score or Assist
2026-05-17T11:51:42Z,2026-05-17,61624664,2026-05-17T17:00:00Z,,live_capture,Bet365,Spain - LaLiga,ANYTIME_ASSIST,Elche CF,Getafe CF,Buba Sangare (Assist) (1),,13.0000,odds_api_io,event_id=61624664;market=Player To Score or Assist
2026-05-17T11:51:42Z,2026-05-17,61624664,2026-05-17T17:00:00Z,,live_capture,Bet365,Spain - LaLiga,ANYTIME_ASSIST,Elche CF,Getafe CF,John Donald (Assist) (1),,17.0000,odds_api_io,event_id=61624664;market=Player To Score or Assist
2026-05-17T11:51:42Z,2026-05-17,61624664,2026-05-17T17:00:00Z,,live_capture,Bet365,Spain - LaLiga,ANYTIME_ASSIST,Elche CF,Getafe CF,Rafa Mir (Score or Assist) (1),,2.2500,odds_api_io,event_id=61624664;market=Player To Score or Assist
2026-05-17T11:51:42Z,2026-05-17,61624664,2026-05-17T17:00:00Z,,live_capture,Bet365,Spain - LaLiga,ANYTIME_ASSIST,Elche CF,Getafe CF,Juan Piera (Score or Assist) (1),,2.5000,odds_api_io,event_id=61624664;market=Player To Score or Assist
2026-05-17T11:51:42Z,2026-05-17,61624664,2026-05-17T17:00:00Z,,live_capture,Bet365,Spain - LaLiga,ANYTIME_ASSIST,Elche CF,Getafe CF,Yago Santiago (Score or Assist) (1),,3.2000,odds_api_io,event_id=61624664;market=Player To Score or Assist
2026-05-17T11:51:42Z,2026-05-17,61624664,2026-05-17T17:00:00Z,,live_capture,Bet365,Spain - LaLiga,ANYTIME_ASSIST,Elche CF,Getafe CF,Carvalho Martim Neto (Score or Assist) (1),,3.7500,odds_api_io,event_id=61624664;market=Player To Score or Assist
2026-05-17T11:51:42Z,2026-05-17,61624664,2026-05-17T17:00:00Z,,live_capture,Bet365,Spain - LaLiga,ANYTIME_ASSIST,Elche CF,Getafe CF,Gonzalo Villar (Score or Assist) (1),,5.0000,odds_api_io,event_id=61624664;market=Player To Score or Assist
2026-05-17T11:51:42Z,2026-05-17,61624664,2026-05-17T17:00:00Z,,live_capture,Bet365,Spain - LaLiga,ANYTIME_ASSIST,Elche CF,Getafe CF,Aleix Febas (Score or Assist) (1),,5.5000,odds_api_io,event_id=61624664;market=Player To Score or Assist
2026-05-17T11:51:42Z,2026-05-17,61624664,2026-05-17T17:00:00Z,,live_capture,Bet365,Spain - LaLiga,ANYTIME_ASSIST,Elche CF,Getafe CF,Gonzalo Villar (Score) (1),,8.5000,odds_api_io,event_id=61624664;market=Player To Score or Assist
2026-05-17T11:51:42Z,2026-05-17,61624664,2026-05-17T17:00:00Z,,live_capture,Bet365,Spain - LaLiga,ANYTIME_ASSIST,Elche CF,Getafe CF,Aleix Febas (Score) (1),,8.5000,odds_api_io,event_id=61624664;market=Player To Score or Assist
2026-05-17T11:51:42Z,2026-05-17,61624664,2026-05-17T17:00:00Z,,live_capture,Bet365,Spain - LaLiga,ANYTIME_ASSIST,Elche CF,Getafe CF,Carvalho Martim Neto (Assist) (1),,6.0000,odds_api_io,event_id=61624664;market=Player To Score or Assist
2026-05-17T11:51:42Z,2026-05-17,61624664,2026-05-17T17:00:00Z,,live_capture,Bet365,Spain - LaLiga,ANYTIME_ASSIST,Elche CF,Getafe CF,Rafa Mir (Assist) (1),,7.0000,odds_api_io,event_id=61624664;market=Player To Score or Assist
2026-05-17T11:51:42Z,2026-05-17,61624664,2026-05-17T17:00:00Z,,live_capture,Bet365,Spain - LaLiga,ANYTIME_ASSIST,Elche CF,Getafe CF,Miguel Andre Silva (Assist) (1),,7.5000,odds_api_io,event_id=61624664;market=Player To Score or Assist
2026-05-17T11:51:42Z,2026-05-17,61624664,2026-05-17T17:00:00Z,,live_capture,Bet365,Spain - LaLiga,ANYTIME_ASSIST,Elche CF,Getafe CF,Juan Piera (Assist) (1),,7.0000,odds_api_io,event_id=61624664;market=Player To Score or Assist
2026-05-17T11:51:42Z,2026-05-17,61624664,2026-05-17T17:00:00Z,,live_capture,Bet365,Spain - LaLiga,ANYTIME_ASSIST,Elche CF,Getafe CF,Diego Rico (Score) (2),,15.0000,odds_api_io,event_id=61624664;market=Player To Score or Assist
2026-05-17T11:51:42Z,2026-05-17,61624664,2026-05-17T17:00:00Z,,live_capture,Bet365,Spain - LaLiga,ANYTIME_ASSIST,Elche CF,Getafe CF,Ismael Bekhoucha (Score) (2),,15.0000,odds_api_io,event_id=61624664;market=Player To Score or Assist
2026-05-17T11:51:42Z,2026-05-17,61624664,2026-05-17T17:00:00Z,,live_capture,Bet365,Spain - LaLiga,ANYTIME_ASSIST,Elche CF,Getafe CF,Juan Iglesias (Score) (2),,12.0000,odds_api_io,event_id=61624664;market=Player To Score or Assist
2026-05-17T11:51:42Z,2026-05-17,61624664,2026-05-17T17:00:00Z,,live_capture,Bet365,Spain - LaLiga,ANYTIME_ASSIST,Elche CF,Getafe CF,Domingos Duarte (Score) (2),,15.0000,odds_api_io,event_id=61624664;market=Player To Score or Assist
2026-05-17T11:51:42Z,2026-05-17,61624664,2026-05-17T17:00:00Z,,live_capture,Bet365,Spain - LaLiga,ANYTIME_ASSIST,Elche CF,Getafe CF,Abu Kamara (Assist) (2),,7.5000,odds_api_io,event_id=61624664;market=Player To Score or Assist
2026-05-17T11:51:42Z,2026-05-17,61624664,2026-05-17T17:00:00Z,,live_capture,Bet365,Spain - LaLiga,ANYTIME_ASSIST,Elche CF,Getafe CF,Jimenez Juanmi (Assist) (2),,9.0000,odds_api_io,event_id=61624664;market=Player To Score or Assist
2026-05-17T11:51:42Z,2026-05-17,61624664,2026-05-17T17:00:00Z,,live_capture,Bet365,Spain - LaLiga,ANYTIME_ASSIST,Elche CF,Getafe CF,Luis Vazquez (Assist) (2),,9.0000,odds_api_io,event_id=61624664;market=Player To Score or Assist
2026-05-17T11:51:42Z,2026-05-17,61624664,2026-05-17T17:00:00Z,,live_capture,Bet365,Spain - LaLiga,ANYTIME_ASSIST,Elche CF,Getafe CF,Martin Satriano (Assist) (2),,9.0000,odds_api_io,event_id=61624664;market=Player To Score or Assist
2026-05-17T11:51:42Z,2026-05-17,61624664,2026-05-17T17:00:00Z,,live_capture,Bet365,Spain - LaLiga,ANYTIME_ASSIST,Elche CF,Getafe CF,Veljko Birmancevic (Assist) (2),,10.0000,odds_api_io,event_id=61624664;market=Player To Score or Assist
2026-05-17T11:51:42Z,2026-05-17,61624664,2026-05-17T17:00:00Z,,live_capture,Bet365,Spain - LaLiga,ANYTIME_ASSIST,Elche CF,Getafe CF,Adrian Riquelme (Assist) (2),,7.5000,odds_api_io,event_id=61624664;market=Player To Score or Assist
2026-05-17T11:51:42Z,2026-05-17,61624664,2026-05-17T17:00:00Z,,live_capture,Bet365,Spain - LaLiga,ANYTIME_ASSIST,Elche CF,Getafe CF,Jimenez Javi Munoz (Assist) (2),,7.5000,odds_api_io,event_id=61624664;market=Player To Score or Assist
2026-05-17T11:51:42Z,2026-05-17,61624664,2026-05-17T17:00:00Z,,live_capture,Bet365,Spain - LaLiga,ANYTIME_ASSIST,Elche CF,Getafe CF,Damian Caceres (Assist) (2),,9.0000,odds_api_io,event_id=61624664;market=Player To Score or Assist
2026-05-17T11:51:42Z,2026-05-17,61624664,2026-05-17T17:00:00Z,,live_capture,Bet365,Spain - LaLiga,ANYTIME_ASSIST,Elche CF,Getafe CF,Hugo Solozabal (Assist) (2),,9.0000,odds_api_io,event_id=61624664;market=Player To Score or Assist
2026-05-17T11:51:42Z,2026-05-17,61624664,2026-05-17T17:00:00Z,,live_capture,Bet365,Spain - LaLiga,ANYTIME_ASSIST,Elche CF,Getafe CF,Juan Iglesias (Assist) (2),,12.0000,odds_api_io,event_id=61624664;market=Player To Score or Assist
2026-05-17T11:51:42Z,2026-05-17,61624664,2026-05-17T17:00:00Z,,live_capture,Bet365,Spain - LaLiga,ANYTIME_ASSIST,Elche CF,Getafe CF,Domingos Duarte (Assist) (2),,15.0000,odds_api_io,event_id=61624664;market=Player To Score or Assist
2026-05-17T11:51:42Z,2026-05-17,61624664,2026-05-17T17:00:00Z,,live_capture,Bet365,Spain - LaLiga,ANYTIME_ASSIST,Elche CF,Getafe CF,Dakonam Djene (Assist) (2),,21.0000,odds_api_io,event_id=61624664;market=Player To Score or Assist
2026-05-17T11:51:42Z,2026-05-17,61624664,2026-05-17T17:00:00Z,,live_capture,Bet365,Spain - LaLiga,ANYTIME_ASSIST,Elche CF,Getafe CF,Miguel Andre Silva (Score or Assist) (1),,2.3000,odds_api_io,event_id=61624664;market=Player To Score or Assist
2026-05-17T11:51:42Z,2026-05-17,61624664,2026-05-17T17:00:00Z,,live_capture,Bet365,Spain - LaLiga,ANYTIME_ASSIST,Elche CF,Getafe CF,Juan Iglesias (Score or Assist) (2),,7.5000,odds_api_io,event_id=61624664;market=Player To Score or Assist
2026-05-17T11:51:42Z,2026-05-17,61624664,2026-05-17T17:00:00Z,,live_capture,Bet365,Spain - LaLiga,ANYTIME_ASSIST,Elche CF,Getafe CF,David Affengruber (Score or Assist) (1),,9.5000,odds_api_io,event_id=61624664;market=Player To Score or Assist
2026-05-17T11:51:42Z,2026-05-17,61624664,2026-05-17T17:00:00Z,,live_capture,Bet365,Spain - LaLiga,ANYTIME_ASSIST,Elche CF,Getafe CF,Adria Pedrosa (Score) (1),,12.0000,odds_api_io,event_id=61624664;market=Player To Score or Assist
2026-05-17T11:51:42Z,2026-05-17,61624664,2026-05-17T17:00:00Z,,live_capture,Bet365,Spain - LaLiga,ANYTIME_ASSIST,Elche CF,Getafe CF,Allan Nyom (Score) (2),,13.0000,odds_api_io,event_id=61624664;market=Player To Score or Assist
2026-05-17T11:51:42Z,2026-05-17,61624664,2026-05-17T17:00:00Z,,live_capture,Bet365,Spain - LaLiga,ANYTIME_ASSIST,Elche CF,Getafe CF,Mancha Davinchi (Score) (2),,13.0000,odds_api_io,event_id=61624664;market=Player To Score or Assist
2026-05-17T11:51:42Z,2026-05-17,61624664,2026-05-17T17:00:00Z,,live_capture,Bet365,Spain - LaLiga,ANYTIME_ASSIST,Elche CF,Getafe CF,Buba Sangare (Score) (1),,13.0000,odds_api_io,event_id=61624664;market=Player To Score or Assist
2026-05-17T11:51:42Z,2026-05-17,61624664,2026-05-17T17:00:00Z,,live_capture,Bet365,Spain - LaLiga,ANYTIME_ASSIST,Elche CF,Getafe CF,Leo Petrot (Score) (1),,12.0000,odds_api_io,event_id=61624664;market=Player To Score or Assist
2026-05-17T11:51:42Z,2026-05-17,61624664,2026-05-17T17:00:00Z,,live_capture,Bet365,Spain - LaLiga,ANYTIME_ASSIST,Elche CF,Getafe CF,John Donald (Score) (1),,12.0000,odds_api_io,event_id=61624664;market=Player To Score or Assist
2026-05-17T11:51:42Z,2026-05-17,61624664,2026-05-17T17:00:00Z,,live_capture,Bet365,Spain - LaLiga,ANYTIME_ASSIST,Elche CF,Getafe CF,Pedro Bigas (Score) (1),,13.0000,odds_api_io,event_id=61624664;market=Player To Score or Assist
2026-05-17T11:51:42Z,2026-05-17,61624664,2026-05-17T17:00:00Z,,live_capture,Bet365,Spain - LaLiga,ANYTIME_ASSIST,Elche CF,Getafe CF,David Affengruber (Score) (1),,12.0000,odds_api_io,event_id=61624664;market=Player To Score or Assist
2026-05-17T11:51:42Z,2026-05-17,61624664,2026-05-17T17:00:00Z,,live_capture,Bet365,Spain - LaLiga,ANYTIME_ASSIST,Elche CF,Getafe CF,Victor Chust (Score) (1),,19.0000,odds_api_io,event_id=61624664;market=Player To Score or Assist
2026-05-17T11:51:42Z,2026-05-17,61624664,2026-05-17T17:00:00Z,,live_capture,Bet365,Spain - LaLiga,ANYTIME_ASSIST,Elche CF,Getafe CF,German Valera (Assist) (1),,5.5000,odds_api_io,event_id=61624664;market=Player To Score or Assist
2026-05-17T11:51:42Z,2026-05-17,61624664,2026-05-17T17:00:00Z,,live_capture,Bet365,Spain - LaLiga,ANYTIME_ASSIST,Elche CF,Getafe CF,Adam Boayar (Assist) (1),,7.5000,odds_api_io,event_id=61624664;market=Player To Score or Assist
2026-05-17T11:51:42Z,2026-05-17,61624664,2026-05-17T17:00:00Z,,live_capture,Bet365,Spain - LaLiga,ANYTIME_ASSIST,Elche CF,Getafe CF,Tete Morente (Assist) (1),,9.0000,odds_api_io,event_id=61624664;market=Player To Score or Assist
2026-05-17T11:51:42Z,2026-05-17,61624664,2026-05-17T17:00:00Z,,live_capture,Bet365,Spain - LaLiga,ANYTIME_ASSIST,Elche CF,Getafe CF,Gonzalo Villar (Assist) (1),,8.5000,odds_api_io,event_id=61624664;market=Player To Score or Assist
2026-05-17T11:51:42Z,2026-05-17,61624664,2026-05-17T17:00:00Z,,live_capture,Bet365,Spain - LaLiga,ANYTIME_ASSIST,Elche CF,Getafe CF,Marc Aguado (Assist) (1),,10.0000,odds_api_io,event_id=61624664;market=Player To Score or Assist
2026-05-17T11:51:42Z,2026-05-17,61624664,2026-05-17T17:00:00Z,,live_capture,Bet365,Spain - LaLiga,ANYTIME_ASSIST,Elche CF,Getafe CF,Adria Pedrosa (Assist) (1),,8.0000,odds_api_io,event_id=61624664;market=Player To Score or Assist
2026-05-17T11:51:42Z,2026-05-17,61624664,2026-05-17T17:00:00Z,,live_capture,Bet365,Spain - LaLiga,ANYTIME_ASSIST,Elche CF,Getafe CF,Hector Fort (Assist) (1),,8.5000,odds_api_io,event_id=61624664;market=Player To Score or Assist
2026-05-17T11:51:42Z,2026-05-17,61624664,2026-05-17T17:00:00Z,,live_capture,Bet365,Spain - LaLiga,ANYTIME_ASSIST,Elche CF,Getafe CF,Federico Redondo (Assist) (1),,11.0000,odds_api_io,event_id=61624664;market=Player To Score or Assist
2026-05-17T11:51:42Z,2026-05-17,61624664,2026-05-17T17:00:00Z,,live_capture,Bet365,Spain - LaLiga,ANYTIME_ASSIST,Elche CF,Getafe CF,David Affengruber (Assist) (1),,21.0000,odds_api_io,event_id=61624664;market=Player To Score or Assist
2026-05-17T11:51:42Z,2026-05-17,61624664,2026-05-17T17:00:00Z,,live_capture,Bet365,Spain - LaLiga,ANYTIME_ASSIST,Elche CF,Getafe CF,Victor Chust (Assist) (1),,21.0000,odds_api_io,event_id=61624664;market=Player To Score or Assist
2026-05-17T11:51:42Z,2026-05-17,61624664,2026-05-17T17:00:00Z,,live_capture,Bet365,Spain - LaLiga,ANYTIME_ASSIST,Elche CF,Getafe CF,Federico Redondo (Score or Assist) (1),,6.5000,odds_api_io,event_id=61624664;market=Player To Score or Assist
2026-05-17T11:51:42Z,2026-05-17,61624664,2026-05-17T17:00:00Z,,live_capture,Bet365,Spain - LaLiga,ANYTIME_ASSIST,Elche CF,Getafe CF,Buba Sangare (Score or Assist) (1),,8.0000,odds_api_io,event_id=61624664;market=Player To Score or Assist
2026-05-17T11:51:42Z,2026-05-17,61624664,2026-05-17T17:00:00Z,,live_capture,Bet365,Spain - LaLiga,ANYTIME_ASSIST,Elche CF,Getafe CF,Victor Chust (Score or Assist) (1),,13.0000,odds_api_io,event_id=61624664;market=Player To Score or Assist
2026-05-17T11:51:42Z,2026-05-17,61624664,2026-05-17T17:00:00Z,,live_capture,Bet365,Spain - LaLiga,ANYTIME_ASSIST,Elche CF,Getafe CF,Abu Kamara (Score) (2),,3.6000,odds_api_io,event_id=61624664;market=Player To Score or Assist
2026-05-17T11:51:42Z,2026-05-17,61624664,2026-05-17T17:00:00Z,,live_capture,Bet365,Spain - LaLiga,ANYTIME_ASSIST,Elche CF,Getafe CF,Carvalho Martim Neto (Score) (1),,8.0000,odds_api_io,event_id=61624664;market=Player To Score or Assist
2026-05-17T11:51:42Z,2026-05-17,61624664,2026-05-17T17:00:00Z,,live_capture,Bet365,Spain - LaLiga,ANYTIME_ASSIST,Elche CF,Getafe CF,Marc Aguado (Score) (1),,8.0000,odds_api_io,event_id=61624664;market=Player To Score or Assist
2026-05-17T11:51:42Z,2026-05-17,61624664,2026-05-17T17:00:00Z,,live_capture,Bet365,Spain - LaLiga,ANYTIME_ASSIST,Elche CF,Getafe CF,Ismael Bekhoucha (Assist) (2),,10.0000,odds_api_io,event_id=61624664;market=Player To Score or Assist
2026-05-17T11:51:42Z,2026-05-17,61624664,2026-05-17T17:00:00Z,,live_capture,Bet365,Spain - LaLiga,ANYTIME_ASSIST,Elche CF,Getafe CF,Abdelkabir Abqar (Assist) (2),,11.0000,odds_api_io,event_id=61624664;market=Player To Score or Assist
2026-05-17T11:51:42Z,2026-05-17,61624664,2026-05-17T17:00:00Z,,live_capture,Bet365,Spain - LaLiga,ANYTIME_ASSIST,Elche CF,Getafe CF,Abu Kamara (Score or Assist) (2),,2.7500,odds_api_io,event_id=61624664;market=Player To Score or Assist
2026-05-17T11:51:42Z,2026-05-17,61624664,2026-05-17T17:00:00Z,,live_capture,Bet365,Spain - LaLiga,ANYTIME_ASSIST,Elche CF,Getafe CF,Marc Aguado (Score or Assist) (1),,5.0000,odds_api_io,event_id=61624664;market=Player To Score or Assist
2026-05-17T11:51:42Z,2026-05-17,61624670,2026-05-17T17:00:00Z,,live_capture,Bet365,Spain - LaLiga,ANYTIME_ASSIST,Real Sociedad San Sebastian,Valencia CF,Mikel Oyarzabal (Score) (1),,2.3000,odds_api_io,event_id=61624670;market=Player To Score or Assist
2026-05-17T11:51:42Z,2026-05-17,61624670,2026-05-17T17:00:00Z,,live_capture,Bet365,Spain - LaLiga,ANYTIME_ASSIST,Real Sociedad San Sebastian,Valencia CF,Orri Steinn Oskarsson (Score) (1),,2.6250,odds_api_io,event_id=61624670;market=Player To Score or Assist
2026-05-17T11:51:42Z,2026-05-17,61624670,2026-05-17T17:00:00Z,,live_capture,Bet365,Spain - LaLiga,ANYTIME_ASSIST,Real Sociedad San Sebastian,Valencia CF,Goncalo Guedes (Score) (1),,3.5000,odds_api_io,event_id=61624670;market=Player To Score or Assist
2026-05-17T11:51:42Z,2026-05-17,61624670,2026-05-17T17:00:00Z,,live_capture,Bet365,Spain - LaLiga,ANYTIME_ASSIST,Real Sociedad San Sebastian,Valencia CF,Ander Barrenetxea (Score) (1),,3.7500,odds_api_io,event_id=61624670;market=Player To Score or Assist
2026-05-17T11:51:42Z,2026-05-17,61624670,2026-05-17T17:00:00Z,,live_capture,Bet365,Spain - LaLiga,ANYTIME_ASSIST,Real Sociedad San Sebastian,Valencia CF,Brais Mendez (Score) (1),,3.5000,odds_api_io,event_id=61624670;market=Player To Score or Assist
2026-05-17T11:51:42Z,2026-05-17,61624670,2026-05-17T17:00:00Z,,live_capture,Bet365,Spain - LaLiga,ANYTIME_ASSIST,Real Sociedad San Sebastian,Valencia CF,Arsen Zakharyan (Score) (1),,3.7500,odds_api_io,event_id=61624670;market=Player To Score or Assist
2026-05-17T11:51:42Z,2026-05-17,61624670,2026-05-17T17:00:00Z,,live_capture,Bet365,Spain - LaLiga,ANYTIME_ASSIST,Real Sociedad San Sebastian,Valencia CF,Sergio Gomez (Score) (1),,4.5000,odds_api_io,event_id=61624670;market=Player To Score or Assist
2026-05-17T11:51:42Z,2026-05-17,61624670,2026-05-17T17:00:00Z,,live_capture,Bet365,Spain - LaLiga,ANYTIME_ASSIST,Real Sociedad San Sebastian,Valencia CF,Luka Sucic (Score) (1),,4.5000,odds_api_io,event_id=61624670;market=Player To Score or Assist
2026-05-17T11:51:42Z,2026-05-17,61624670,2026-05-17T17:00:00Z,,live_capture,Bet365,Spain - LaLiga,ANYTIME_ASSIST,Real Sociedad San Sebastian,Valencia CF,Barragan Carlos Soler (Score) (1),,4.5000,odds_api_io,event_id=61624670;market=Player To Score or Assist
2026-05-17T11:51:42Z,2026-05-17,61624670,2026-05-17T17:00:00Z,,live_capture,Bet365,Spain - LaLiga,ANYTIME_ASSIST,Real Sociedad San Sebastian,Valencia CF,Lucas Beltran (Score) (2),,3.7500,odds_api_io,event_id=61624670;market=Player To Score or Assist
2026-05-17T11:51:42Z,2026-05-17,61624670,2026-05-17T17:00:00Z,,live_capture,Bet365,Spain - LaLiga,ANYTIME_ASSIST,Real Sociedad San Sebastian,Valencia CF,Filip Ugrinic (Score) (2),,4.5000,odds_api_io,event_id=61624670;market=Player To Score or Assist
2026-05-17T11:51:42Z,2026-05-17,61624670,2026-05-17T17:00:00Z,,live_capture,Bet365,Spain - LaLiga,ANYTIME_ASSIST,Real Sociedad San Sebastian,Valencia CF,Pablo Marin (Score) (1),,4.5000,odds_api_io,event_id=61624670;market=Player To Score or Assist
2026-05-17T11:51:42Z,2026-05-17,61624670,2026-05-17T17:00:00Z,,live_capture,Bet365,Spain - LaLiga,ANYTIME_ASSIST,Real Sociedad San Sebastian,Valencia CF,Arkaitz Mariezkurrena (Score) (1),,4.5000,odds_api_io,event_id=61624670;market=Player To Score or Assist
2026-05-17T11:51:42Z,2026-05-17,61624670,2026-05-17T17:00:00Z,,live_capture,Bet365,Spain - LaLiga,ANYTIME_ASSIST,Real Sociedad San Sebastian,Valencia CF,Lander Astiazaran (Score) (1),,4.5000,odds_api_io,event_id=61624670;market=Player To Score or Assist
2026-05-17T11:51:42Z,2026-05-17,61624670,2026-05-17T17:00:00Z,,live_capture,Bet365,Spain - LaLiga,ANYTIME_ASSIST,Real Sociedad San Sebastian,Valencia CF,Gorka Carrera (Assist) (1),,5.5000,odds_api_io,event_id=61624670;market=Player To Score or Assist
2026-05-17T11:51:42Z,2026-05-17,61624670,2026-05-17T17:00:00Z,,live_capture,Bet365,Spain - LaLiga,ANYTIME_ASSIST,Real Sociedad San Sebastian,Valencia CF,Orri Steinn Oskarsson (Assist) (1),,5.5000,odds_api_io,event_id=61624670;market=Player To Score or Assist
2026-05-17T11:51:42Z,2026-05-17,61624670,2026-05-17T17:00:00Z,,live_capture,Bet365,Spain - LaLiga,ANYTIME_ASSIST,Real Sociedad San Sebastian,Valencia CF,Daniel Diaz (Assist) (1),,5.5000,odds_api_io,event_id=61624670;market=Player To Score or Assist
2026-05-17T11:51:42Z,2026-05-17,61624670,2026-05-17T17:00:00Z,,live_capture,Bet365,Spain - LaLiga,ANYTIME_ASSIST,Real Sociedad San Sebastian,Valencia CF,Ander Barrenetxea (Assist) (1),,4.3330,odds_api_io,event_id=61624670;market=Player To Score or Assist
2026-05-17T11:51:42Z,2026-05-17,61624670,2026-05-17T17:00:00Z,,live_capture,Bet365,Spain - LaLiga,ANYTIME_ASSIST,Real Sociedad San Sebastian,Valencia CF,Jon Karrikaburu (Assist) (1),,8.0000,odds_api_io,event_id=61624670;market=Player To Score or Assist
2026-05-17T11:51:42Z,2026-05-17,61624670,2026-05-17T17:00:00Z,,live_capture,Bet365,Spain - LaLiga,ANYTIME_ASSIST,Real Sociedad San Sebastian,Valencia CF,Arnaut Danjuma (Assist) (2),,6.5000,odds_api_io,event_id=61624670;market=Player To Score or Assist
2026-05-17T11:51:42Z,2026-05-17,61624670,2026-05-17T17:00:00Z,,live_capture,Bet365,Spain - LaLiga,ANYTIME_ASSIST,Real Sociedad San Sebastian,Valencia CF,Arsen Zakharyan (Assist) (1),,5.5000,odds_api_io,event_id=61624670;market=Player To Score or Assist
2026-05-17T11:51:42Z,2026-05-17,61624670,2026-05-17T17:00:00Z,,live_capture,Bet365,Spain - LaLiga,ANYTIME_ASSIST,Real Sociedad San Sebastian,Valencia CF,Barragan Carlos Soler (Assist) (1),,5.5000,odds_api_io,event_id=61624670;market=Player To Score or Assist
2026-05-17T11:51:42Z,2026-05-17,61624670,2026-05-17T17:00:00Z,,live_capture,Bet365,Spain - LaLiga,ANYTIME_ASSIST,Real Sociedad San Sebastian,Valencia CF,Lucas Beltran (Assist) (2),,6.5000,odds_api_io,event_id=61624670;market=Player To Score or Assist
2026-05-17T11:51:42Z,2026-05-17,61624670,2026-05-17T17:00:00Z,,live_capture,Bet365,Spain - LaLiga,ANYTIME_ASSIST,Real Sociedad San Sebastian,Valencia CF,David Otorbi (Assist) (2),,6.5000,odds_api_io,event_id=61624670;market=Player To Score or Assist
2026-05-17T11:51:42Z,2026-05-17,61624670,2026-05-17T17:00:00Z,,live_capture,Bet365,Spain - LaLiga,ANYTIME_ASSIST,Real Sociedad San Sebastian,Valencia CF,Arkaitz Mariezkurrena (Assist) (1),,8.0000,odds_api_io,event_id=61624670;market=Player To Score or Assist
2026-05-17T11:51:42Z,2026-05-17,61624670,2026-05-17T17:00:00Z,,live_capture,Bet365,Spain - LaLiga,ANYTIME_ASSIST,Real Sociedad San Sebastian,Valencia CF,Lander Astiazaran (Assist) (1),,8.0000,odds_api_io,event_id=61624670;market=Player To Score or Assist
2026-05-17T11:51:42Z,2026-05-17,61624670,2026-05-17T17:00:00Z,,live_capture,Bet365,Spain - LaLiga,ANYTIME_ASSIST,Real Sociedad San Sebastian,Valencia CF,Andre Almeida (Assist) (2),,6.5000,odds_api_io,event_id=61624670;market=Player To Score or Assist
2026-05-17T11:51:42Z,2026-05-17,61624670,2026-05-17T17:00:00Z,,live_capture,Bet365,Spain - LaLiga,ANYTIME_ASSIST,Real Sociedad San Sebastian,Valencia CF,Jose Pepelu (Assist) (2),,8.5000,odds_api_io,event_id=61624670;market=Player To Score or Assist
2026-05-17T11:51:42Z,2026-05-17,61624670,2026-05-17T17:00:00Z,,live_capture,Bet365,Spain - LaLiga,ANYTIME_ASSIST,Real Sociedad San Sebastian,Valencia CF,Aritz Elustondo (Assist) (1),,8.0000,odds_api_io,event_id=61624670;market=Player To Score or Assist
2026-05-17T11:51:42Z,2026-05-17,61624670,2026-05-17T17:00:00Z,,live_capture,Bet365,Spain - LaLiga,ANYTIME_ASSIST,Real Sociedad San Sebastian,Valencia CF,Igor Zubeldia (Assist) (1),,8.0000,odds_api_io,event_id=61624670;market=Player To Score or Assist
2026-05-17T11:51:42Z,2026-05-17,61624670,2026-05-17T17:00:00Z,,live_capture,Bet365,Spain - LaLiga,ANYTIME_ASSIST,Real Sociedad San Sebastian,Valencia CF,Gorka Carrera (Score or Assist) (1),,1.6660,odds_api_io,event_id=61624670;market=Player To Score or Assist
2026-05-17T11:51:42Z,2026-05-17,61624670,2026-05-17T17:00:00Z,,live_capture,Bet365,Spain - LaLiga,ANYTIME_ASSIST,Real Sociedad San Sebastian,Valencia CF,Mikel Oyarzabal (Score or Assist) (1),,1.7270,odds_api_io,event_id=61624670;market=Player To Score or Assist
2026-05-17T11:51:42Z,2026-05-17,61624670,2026-05-17T17:00:00Z,,live_capture,Bet365,Spain - LaLiga,ANYTIME_ASSIST,Real Sociedad San Sebastian,Valencia CF,Hugo Duro (Score or Assist) (2),,2.0500,odds_api_io,event_id=61624670;market=Player To Score or Assist
2026-05-17T11:51:42Z,2026-05-17,61624670,2026-05-17T17:00:00Z,,live_capture,Bet365,Spain - LaLiga,ANYTIME_ASSIST,Real Sociedad San Sebastian,Valencia CF,Sadiq Umar (Score or Assist) (2),,2.0500,odds_api_io,event_id=61624670;market=Player To Score or Assist
2026-05-17T11:51:42Z,2026-05-17,61624670,2026-05-17T17:00:00Z,,live_capture,Bet365,Spain - LaLiga,ANYTIME_ASSIST,Real Sociedad San Sebastian,Valencia CF,Takefusa Kubo (Score or Assist) (1),,2.0500,odds_api_io,event_id=61624670;market=Player To Score or Assist
2026-05-17T11:51:42Z,2026-05-17,61624670,2026-05-17T17:00:00Z,,live_capture,Bet365,Spain - LaLiga,ANYTIME_ASSIST,Real Sociedad San Sebastian,Valencia CF,Daniel Raba (Score or Assist) (2),,2.1000,odds_api_io,event_id=61624670;market=Player To Score or Assist
2026-05-17T11:51:42Z,2026-05-17,61624670,2026-05-17T17:00:00Z,,live_capture,Bet365,Spain - LaLiga,ANYTIME_ASSIST,Real Sociedad San Sebastian,Valencia CF,Goncalo Guedes (Score or Assist) (1),,2.1000,odds_api_io,event_id=61624670;market=Player To Score or Assist
2026-05-17T11:51:42Z,2026-05-17,61624670,2026-05-17T17:00:00Z,,live_capture,Bet365,Spain - LaLiga,ANYTIME_ASSIST,Real Sociedad San Sebastian,Valencia CF,Wesley Teixeira (Score or Assist) (1),,2.1000,odds_api_io,event_id=61624670;market=Player To Score or Assist
2026-05-17T11:51:42Z,2026-05-17,61624670,2026-05-17T17:00:00Z,,live_capture,Bet365,Spain - LaLiga,ANYTIME_ASSIST,Real Sociedad San Sebastian,Valencia CF,Ander Barrenetxea (Score or Assist) (1),,2.2500,odds_api_io,event_id=61624670;market=Player To Score or Assist
2026-05-17T11:51:42Z,2026-05-17,61624670,2026-05-17T17:00:00Z,,live_capture,Bet365,Spain - LaLiga,ANYTIME_ASSIST,Real Sociedad San Sebastian,Valencia CF,Brais Mendez (Score or Assist) (1),,2.3750,odds_api_io,event_id=61624670;market=Player To Score or Assist
2026-05-17T11:51:42Z,2026-05-17,61624670,2026-05-17T17:00:00Z,,live_capture,Bet365,Spain - LaLiga,ANYTIME_ASSIST,Real Sociedad San Sebastian,Valencia CF,Arsen Zakharyan (Score or Assist) (1),,2.5000,odds_api_io,event_id=61624670;market=Player To Score or Assist
2026-05-17T11:51:42Z,2026-05-17,61624670,2026-05-17T17:00:00Z,,live_capture,Bet365,Spain - LaLiga,ANYTIME_ASSIST,Real Sociedad San Sebastian,Valencia CF,Largie Ramazani (Score or Assist) (2),,2.5000,odds_api_io,event_id=61624670;market=Player To Score or Assist
2026-05-17T11:51:42Z,2026-05-17,61624670,2026-05-17T17:00:00Z,,live_capture,Bet365,Spain - LaLiga,ANYTIME_ASSIST,Real Sociedad San Sebastian,Valencia CF,Sergio Gomez (Score or Assist) (1),,2.5000,odds_api_io,event_id=61624670;market=Player To Score or Assist
2026-05-17T11:51:42Z,2026-05-17,61624670,2026-05-17T17:00:00Z,,live_capture,Bet365,Spain - LaLiga,ANYTIME_ASSIST,Real Sociedad San Sebastian,Valencia CF,Luka Sucic (Score or Assist) (1),,2.6250,odds_api_io,event_id=61624670;market=Player To Score or Assist
2026-05-17T11:51:42Z,2026-05-17,61624670,2026-05-17T17:00:00Z,,live_capture,Bet365,Spain - LaLiga,ANYTIME_ASSIST,Real Sociedad San Sebastian,Valencia CF,Barragan Carlos Soler (Score or Assist) (1),,2.7500,odds_api_io,event_id=61624670;market=Player To Score or Assist
2026-05-17T11:51:42Z,2026-05-17,61624670,2026-05-17T17:00:00Z,,live_capture,Bet365,Spain - LaLiga,ANYTIME_ASSIST,Real Sociedad San Sebastian,Valencia CF,Arkaitz Mariezkurrena (Score or Assist) (1),,3.2500,odds_api_io,event_id=61624670;market=Player To Score or Assist
2026-05-17T11:51:42Z,2026-05-17,61624670,2026-05-17T17:00:00Z,,live_capture,Bet365,Spain - LaLiga,ANYTIME_ASSIST,Real Sociedad San Sebastian,Valencia CF,Lander Astiazaran (Score or Assist) (1),,3.2500,odds_api_io,event_id=61624670;market=Player To Score or Assist
2026-05-17T11:51:42Z,2026-05-17,61624670,2026-05-17T17:00:00Z,,live_capture,Bet365,Spain - LaLiga,ANYTIME_ASSIST,Real Sociedad San Sebastian,Valencia CF,Javi Guerra (Score or Assist) (2),,3.4000,odds_api_io,event_id=61624670;market=Player To Score or Assist
2026-05-17T11:51:42Z,2026-05-17,61624670,2026-05-17T17:00:00Z,,live_capture,Bet365,Spain - LaLiga,ANYTIME_ASSIST,Real Sociedad San Sebastian,Valencia CF,Lucas Nunez (Score or Assist) (2),,3.5000,odds_api_io,event_id=61624670;market=Player To Score or Assist
2026-05-17T11:51:42Z,2026-05-17,61624670,2026-05-17T17:00:00Z,,live_capture,Bet365,Spain - LaLiga,ANYTIME_ASSIST,Real Sociedad San Sebastian,Valencia CF,Jose Pepelu (Score or Assist) (2),,3.7500,odds_api_io,event_id=61624670;market=Player To Score or Assist
2026-05-17T11:51:42Z,2026-05-17,61624670,2026-05-17T17:00:00Z,,live_capture,Bet365,Spain - LaLiga,ANYTIME_ASSIST,Real Sociedad San Sebastian,Valencia CF,Igor Zubeldia (Score or Assist) (1),,5.0000,odds_api_io,event_id=61624670;market=Player To Score or Assist
2026-05-17T11:51:42Z,2026-05-17,61624670,2026-05-17T17:00:00Z,,live_capture,Bet365,Spain - LaLiga,ANYTIME_ASSIST,Real Sociedad San Sebastian,Valencia CF,Cesar Tarrega (Score or Assist) (2),,6.0000,odds_api_io,event_id=61624670;market=Player To Score or Assist
2026-05-17T11:51:42Z,2026-05-17,61624670,2026-05-17T17:00:00Z,,live_capture,Bet365,Spain - LaLiga,ANYTIME_ASSIST,Real Sociedad San Sebastian,Valencia CF,Duje Caleta-Car (Score or Assist) (1),,8.0000,odds_api_io,event_id=61624670;market=Player To Score or Assist
2026-05-17T11:51:42Z,2026-05-17,61624670,2026-05-17T17:00:00Z,,live_capture,Bet365,Spain - LaLiga,ANYTIME_ASSIST,Real Sociedad San Sebastian,Valencia CF,Unai Nunez (Score or Assist) (2),,9.5000,odds_api_io,event_id=61624670;market=Player To Score or Assist
2026-05-17T11:51:42Z,2026-05-17,61624670,2026-05-17T17:00:00Z,,live_capture,Bet365,Spain - LaLiga,ANYTIME_ASSIST,Real Sociedad San Sebastian,Valencia CF,Jon Gorrotxategi (Score or Assist) (1),,3.7500,odds_api_io,event_id=61624670;market=Player To Score or Assist
2026-05-17T11:51:42Z,2026-05-17,61624670,2026-05-17T17:00:00Z,,live_capture,Bet365,Spain - LaLiga,ANYTIME_ASSIST,Real Sociedad San Sebastian,Valencia CF,Pablo Marin (Assist) (1),,7.5000,odds_api_io,event_id=61624670;market=Player To Score or Assist
2026-05-17T11:51:42Z,2026-05-17,61624670,2026-05-17T17:00:00Z,,live_capture,Bet365,Spain - LaLiga,ANYTIME_ASSIST,Real Sociedad San Sebastian,Valencia CF,Aihen Munoz (Assist) (1),,7.5000,odds_api_io,event_id=61624670;market=Player To Score or Assist
2026-05-17T11:51:42Z,2026-05-17,61624670,2026-05-17T17:00:00Z,,live_capture,Bet365,Spain - LaLiga,ANYTIME_ASSIST,Real Sociedad San Sebastian,Valencia CF,Renzo Saravia (Assist) (2),,7.0000,odds_api_io,event_id=61624670;market=Player To Score or Assist
2026-05-17T11:51:42Z,2026-05-17,61624670,2026-05-17T17:00:00Z,,live_capture,Bet365,Spain - LaLiga,ANYTIME_ASSIST,Real Sociedad San Sebastian,Valencia CF,Ruben Iranzo (Assist) (2),,13.0000,odds_api_io,event_id=61624670;market=Player To Score or Assist
2026-05-17T11:51:42Z,2026-05-17,61624670,2026-05-17T17:00:00Z,,live_capture,Bet365,Spain - LaLiga,ANYTIME_ASSIST,Real Sociedad San Sebastian,Valencia CF,Cesar Tarrega (Assist) (2),,13.0000,odds_api_io,event_id=61624670;market=Player To Score or Assist
2026-05-17T11:51:42Z,2026-05-17,61624670,2026-05-17T17:00:00Z,,live_capture,Bet365,Spain - LaLiga,ANYTIME_ASSIST,Real Sociedad San Sebastian,Valencia CF,Diego Lopez (Score or Assist) (2),,2.7500,odds_api_io,event_id=61624670;market=Player To Score or Assist
2026-05-17T11:51:42Z,2026-05-17,61624670,2026-05-17T17:00:00Z,,live_capture,Bet365,Spain - LaLiga,ANYTIME_ASSIST,Real Sociedad San Sebastian,Valencia CF,Luis Rioja (Score or Assist) (2),,3.0000,odds_api_io,event_id=61624670;market=Player To Score or Assist
2026-05-17T11:51:42Z,2026-05-17,61624670,2026-05-17T17:00:00Z,,live_capture,Bet365,Spain - LaLiga,ANYTIME_ASSIST,Real Sociedad San Sebastian,Valencia CF,Baptiste Santamaria (Score or Assist) (2),,5.5000,odds_api_io,event_id=61624670;market=Player To Score or Assist
2026-05-17T11:51:42Z,2026-05-17,61624670,2026-05-17T17:00:00Z,,live_capture,Bet365,Spain - LaLiga,ANYTIME_ASSIST,Real Sociedad San Sebastian,Valencia CF,Ruben Iranzo (Score or Assist) (2),,6.0000,odds_api_io,event_id=61624670;market=Player To Score or Assist
2026-05-17T11:51:42Z,2026-05-17,61624670,2026-05-17T17:00:00Z,,live_capture,Bet365,Spain - LaLiga,ANYTIME_ASSIST,Real Sociedad San Sebastian,Valencia CF,Jon Martin (Score or Assist) (1),,7.5000,odds_api_io,event_id=61624670;market=Player To Score or Assist
2026-05-17T11:51:42Z,2026-05-17,61624670,2026-05-17T17:00:00Z,,live_capture,Bet365,Spain - LaLiga,ANYTIME_ASSIST,Real Sociedad San Sebastian,Valencia CF,Renzo Saravia (Score) (2),,8.5000,odds_api_io,event_id=61624670;market=Player To Score or Assist
2026-05-17T11:51:42Z,2026-05-17,61624670,2026-05-17T17:00:00Z,,live_capture,Bet365,Spain - LaLiga,ANYTIME_ASSIST,Real Sociedad San Sebastian,Valencia CF,Aritz Elustondo (Score) (1),,8.5000,odds_api_io,event_id=61624670;market=Player To Score or Assist
2026-05-17T11:51:42Z,2026-05-17,61624670,2026-05-17T17:00:00Z,,live_capture,Bet365,Spain - LaLiga,ANYTIME_ASSIST,Real Sociedad San Sebastian,Valencia CF,Ibai Aguirre (Score) (1),,8.5000,odds_api_io,event_id=61624670;market=Player To Score or Assist
2026-05-17T11:51:42Z,2026-05-17,61624670,2026-05-17T17:00:00Z,,live_capture,Bet365,Spain - LaLiga,ANYTIME_ASSIST,Real Sociedad San Sebastian,Valencia CF,Jon Aramburu (Score) (1),,8.5000,odds_api_io,event_id=61624670;market=Player To Score or Assist
2026-05-17T11:51:42Z,2026-05-17,61624670,2026-05-17T17:00:00Z,,live_capture,Bet365,Spain - LaLiga,ANYTIME_ASSIST,Real Sociedad San Sebastian,Valencia CF,Baptiste Santamaria (Score) (2),,8.5000,odds_api_io,event_id=61624670;market=Player To Score or Assist
2026-05-17T11:51:42Z,2026-05-17,61624670,2026-05-17T17:00:00Z,,live_capture,Bet365,Spain - LaLiga,ANYTIME_ASSIST,Real Sociedad San Sebastian,Valencia CF,Cesar Tarrega (Score) (2),,8.5000,odds_api_io,event_id=61624670;market=Player To Score or Assist
2026-05-17T11:51:42Z,2026-05-17,61624670,2026-05-17T17:00:00Z,,live_capture,Bet365,Spain - LaLiga,ANYTIME_ASSIST,Real Sociedad San Sebastian,Valencia CF,Jose Manuel Copete (Score) (2),,15.0000,odds_api_io,event_id=61624670;market=Player To Score or Assist
2026-05-17T11:51:42Z,2026-05-17,61624670,2026-05-17T17:00:00Z,,live_capture,Bet365,Spain - LaLiga,ANYTIME_ASSIST,Real Sociedad San Sebastian,Valencia CF,Daniel Raba (Assist) (2),,5.0000,odds_api_io,event_id=61624670;market=Player To Score or Assist
2026-05-17T11:51:42Z,2026-05-17,61624670,2026-05-17T17:00:00Z,,live_capture,Bet365,Spain - LaLiga,ANYTIME_ASSIST,Real Sociedad San Sebastian,Valencia CF,Diego Lopez (Assist) (2),,5.0000,odds_api_io,event_id=61624670;market=Player To Score or Assist
2026-05-17T11:51:42Z,2026-05-17,61624670,2026-05-17T17:00:00Z,,live_capture,Bet365,Spain - LaLiga,ANYTIME_ASSIST,Real Sociedad San Sebastian,Valencia CF,Filip Ugrinic (Assist) (2),,6.5000,odds_api_io,event_id=61624670;market=Player To Score or Assist
2026-05-17T11:51:42Z,2026-05-17,61624670,2026-05-17T17:00:00Z,,live_capture,Bet365,Spain - LaLiga,ANYTIME_ASSIST,Real Sociedad San Sebastian,Valencia CF,Mouctar Diakhaby (Assist) (2),,12.0000,odds_api_io,event_id=61624670;market=Player To Score or Assist
2026-05-17T11:51:42Z,2026-05-17,61624670,2026-05-17T17:00:00Z,,live_capture,Bet365,Spain - LaLiga,ANYTIME_ASSIST,Real Sociedad San Sebastian,Valencia CF,Jesus Vazquez (Assist) (2),,10.0000,odds_api_io,event_id=61624670;market=Player To Score or Assist
2026-05-17T11:51:42Z,2026-05-17,61624670,2026-05-17T17:00:00Z,,live_capture,Bet365,Spain - LaLiga,ANYTIME_ASSIST,Real Sociedad San Sebastian,Valencia CF,Eray Comert (Assist) (2),,16.0000,odds_api_io,event_id=61624670;market=Player To Score or Assist
2026-05-17T11:51:42Z,2026-05-17,61624670,2026-05-17T17:00:00Z,,live_capture,Bet365,Spain - LaLiga,ANYTIME_ASSIST,Real Sociedad San Sebastian,Valencia CF,David Otorbi (Score or Assist) (2),,2.8750,odds_api_io,event_id=61624670;market=Player To Score or Assist
2026-05-17T11:51:42Z,2026-05-17,61624670,2026-05-17T17:00:00Z,,live_capture,Bet365,Spain - LaLiga,ANYTIME_ASSIST,Real Sociedad San Sebastian,Valencia CF,Renzo Saravia (Score or Assist) (2),,4.3330,odds_api_io,event_id=61624670;market=Player To Score or Assist
2026-05-17T11:51:42Z,2026-05-17,61624670,2026-05-17T17:00:00Z,,live_capture,Bet365,Spain - LaLiga,ANYTIME_ASSIST,Real Sociedad San Sebastian,Valencia CF,Jose Gaya (Score or Assist) (2),,5.0000,odds_api_io,event_id=61624670;market=Player To Score or Assist
2026-05-17T11:51:42Z,2026-05-17,61624670,2026-05-17T17:00:00Z,,live_capture,Bet365,Spain - LaLiga,ANYTIME_ASSIST,Real Sociedad San Sebastian,Valencia CF,Thierry Correia (Score or Assist) (2),,5.5000,odds_api_io,event_id=61624670;market=Player To Score or Assist
2026-05-17T11:51:42Z,2026-05-17,61624670,2026-05-17T17:00:00Z,,live_capture,Bet365,Spain - LaLiga,ANYTIME_ASSIST,Real Sociedad San Sebastian,Valencia CF,Guido Rodriguez (Score or Assist) (2),,6.0000,odds_api_io,event_id=61624670;market=Player To Score or Assist
2026-05-17T11:51:42Z,2026-05-17,61624670,2026-05-17T17:00:00Z,,live_capture,Bet365,Spain - LaLiga,ANYTIME_ASSIST,Real Sociedad San Sebastian,Valencia CF,Dimitri Foulquier (Score or Assist) (2),,7.0000,odds_api_io,event_id=61624670;market=Player To Score or Assist
2026-05-17T11:51:42Z,2026-05-17,61624670,2026-05-17T17:00:00Z,,live_capture,Bet365,Spain - LaLiga,ANYTIME_ASSIST,Real Sociedad San Sebastian,Valencia CF,Jose Manuel Copete (Score or Assist) (2),,11.0000,odds_api_io,event_id=61624670;market=Player To Score or Assist
2026-05-17T11:51:42Z,2026-05-17,61624670,2026-05-17T17:00:00Z,,live_capture,Bet365,Spain - LaLiga,ANYTIME_ASSIST,Real Sociedad San Sebastian,Valencia CF,Jon Gorrotxategi (Score) (1),,7.0000,odds_api_io,event_id=61624670;market=Player To Score or Assist
2026-05-17T11:51:42Z,2026-05-17,61624670,2026-05-17T17:00:00Z,,live_capture,Bet365,Spain - LaLiga,ANYTIME_ASSIST,Real Sociedad San Sebastian,Valencia CF,Aihen Munoz (Score) (1),,7.0000,odds_api_io,event_id=61624670;market=Player To Score or Assist
2026-05-17T11:51:42Z,2026-05-17,61624670,2026-05-17T17:00:00Z,,live_capture,Bet365,Spain - LaLiga,ANYTIME_ASSIST,Real Sociedad San Sebastian,Valencia CF,Benat Turrientes (Score) (1),,7.0000,odds_api_io,event_id=61624670;market=Player To Score or Assist
2026-05-17T11:51:42Z,2026-05-17,61624670,2026-05-17T17:00:00Z,,live_capture,Bet365,Spain - LaLiga,ANYTIME_ASSIST,Real Sociedad San Sebastian,Valencia CF,Alvaro Odriozola (Score) (1),,15.0000,odds_api_io,event_id=61624670;market=Player To Score or Assist
2026-05-17T11:51:42Z,2026-05-17,61624670,2026-05-17T17:00:00Z,,live_capture,Bet365,Spain - LaLiga,ANYTIME_ASSIST,Real Sociedad San Sebastian,Valencia CF,Takefusa Kubo (Assist) (1),,4.5000,odds_api_io,event_id=61624670;market=Player To Score or Assist
2026-05-17T11:51:42Z,2026-05-17,61624670,2026-05-17T17:00:00Z,,live_capture,Bet365,Spain - LaLiga,ANYTIME_ASSIST,Real Sociedad San Sebastian,Valencia CF,Wesley Teixeira (Assist) (1),,4.5000,odds_api_io,event_id=61624670;market=Player To Score or Assist
2026-05-17T11:51:42Z,2026-05-17,61624670,2026-05-17T17:00:00Z,,live_capture,Bet365,Spain - LaLiga,ANYTIME_ASSIST,Real Sociedad San Sebastian,Valencia CF,Sergio Gomez (Assist) (1),,4.5000,odds_api_io,event_id=61624670;market=Player To Score or Assist
2026-05-17T11:51:42Z,2026-05-17,61624670,2026-05-17T17:00:00Z,,live_capture,Bet365,Spain - LaLiga,ANYTIME_ASSIST,Real Sociedad San Sebastian,Valencia CF,Luka Sucic (Assist) (1),,5.0000,odds_api_io,event_id=61624670;market=Player To Score or Assist
2026-05-17T11:51:42Z,2026-05-17,61624670,2026-05-17T17:00:00Z,,live_capture,Bet365,Spain - LaLiga,ANYTIME_ASSIST,Real Sociedad San Sebastian,Valencia CF,Ibai Aguirre (Assist) (1),,11.0000,odds_api_io,event_id=61624670;market=Player To Score or Assist
2026-05-17T11:51:42Z,2026-05-17,61624670,2026-05-17T17:00:00Z,,live_capture,Bet365,Spain - LaLiga,ANYTIME_ASSIST,Real Sociedad San Sebastian,Valencia CF,Jon Aramburu (Assist) (1),,11.0000,odds_api_io,event_id=61624670;market=Player To Score or Assist
2026-05-17T11:51:42Z,2026-05-17,61624670,2026-05-17T17:00:00Z,,live_capture,Bet365,Spain - LaLiga,ANYTIME_ASSIST,Real Sociedad San Sebastian,Valencia CF,Baptiste Santamaria (Assist) (2),,11.0000,odds_api_io,event_id=61624670;market=Player To Score or Assist
2026-05-17T11:51:42Z,2026-05-17,61624670,2026-05-17T17:00:00Z,,live_capture,Bet365,Spain - LaLiga,ANYTIME_ASSIST,Real Sociedad San Sebastian,Valencia CF,Guido Rodriguez (Assist) (2),,11.0000,odds_api_io,event_id=61624670;market=Player To Score or Assist
2026-05-17T11:51:42Z,2026-05-17,61624670,2026-05-17T17:00:00Z,,live_capture,Bet365,Spain - LaLiga,ANYTIME_ASSIST,Real Sociedad San Sebastian,Valencia CF,Dimitri Foulquier (Assist) (2),,11.0000,odds_api_io,event_id=61624670;market=Player To Score or Assist
2026-05-17T11:51:42Z,2026-05-17,61624670,2026-05-17T17:00:00Z,,live_capture,Bet365,Spain - LaLiga,ANYTIME_ASSIST,Real Sociedad San Sebastian,Valencia CF,Jon Martin (Assist) (1),,12.0000,odds_api_io,event_id=61624670;market=Player To Score or Assist
2026-05-17T11:51:42Z,2026-05-17,61624670,2026-05-17T17:00:00Z,,live_capture,Bet365,Spain - LaLiga,ANYTIME_ASSIST,Real Sociedad San Sebastian,Valencia CF,Alvaro Odriozola (Assist) (1),,12.0000,odds_api_io,event_id=61624670;market=Player To Score or Assist
2026-05-17T11:51:42Z,2026-05-17,61624670,2026-05-17T17:00:00Z,,live_capture,Bet365,Spain - LaLiga,ANYTIME_ASSIST,Real Sociedad San Sebastian,Valencia CF,Duje Caleta-Car (Assist) (1),,17.0000,odds_api_io,event_id=61624670;market=Player To Score or Assist
2026-05-17T11:51:42Z,2026-05-17,61624670,2026-05-17T17:00:00Z,,live_capture,Bet365,Spain - LaLiga,ANYTIME_ASSIST,Real Sociedad San Sebastian,Valencia CF,Unai Nunez (Assist) (2),,21.0000,odds_api_io,event_id=61624670;market=Player To Score or Assist
2026-05-17T11:51:42Z,2026-05-17,61624670,2026-05-17T17:00:00Z,,live_capture,Bet365,Spain - LaLiga,ANYTIME_ASSIST,Real Sociedad San Sebastian,Valencia CF,Jose Manuel Copete (Assist) (2),,21.0000,odds_api_io,event_id=61624670;market=Player To Score or Assist
2026-05-17T11:51:42Z,2026-05-17,61624670,2026-05-17T17:00:00Z,,live_capture,Bet365,Spain - LaLiga,ANYTIME_ASSIST,Real Sociedad San Sebastian,Valencia CF,Ibai Aguirre (Score or Assist) (1),,5.5000,odds_api_io,event_id=61624670;market=Player To Score or Assist
2026-05-17T11:51:42Z,2026-05-17,61624670,2026-05-17T17:00:00Z,,live_capture,Bet365,Spain - LaLiga,ANYTIME_ASSIST,Real Sociedad San Sebastian,Valencia CF,Jon Aramburu (Score or Assist) (1),,5.5000,odds_api_io,event_id=61624670;market=Player To Score or Assist
2026-05-17T11:51:42Z,2026-05-17,61624670,2026-05-17T17:00:00Z,,live_capture,Bet365,Spain - LaLiga,ANYTIME_ASSIST,Real Sociedad San Sebastian,Valencia CF,Wesley Teixeira (Score) (1),,3.2000,odds_api_io,event_id=61624670;market=Player To Score or Assist
2026-05-17T11:51:42Z,2026-05-17,61624670,2026-05-17T17:00:00Z,,live_capture,Bet365,Spain - LaLiga,ANYTIME_ASSIST,Real Sociedad San Sebastian,Valencia CF,Arnaut Danjuma (Score) (2),,3.2000,odds_api_io,event_id=61624670;market=Player To Score or Assist
2026-05-17T11:51:42Z,2026-05-17,61624670,2026-05-17T17:00:00Z,,live_capture,Bet365,Spain - LaLiga,ANYTIME_ASSIST,Real Sociedad San Sebastian,Valencia CF,Diego Lopez (Score) (2),,5.0000,odds_api_io,event_id=61624670;market=Player To Score or Assist
2026-05-17T11:51:42Z,2026-05-17,61624670,2026-05-17T17:00:00Z,,live_capture,Bet365,Spain - LaLiga,ANYTIME_ASSIST,Real Sociedad San Sebastian,Valencia CF,David Otorbi (Score) (2),,4.3330,odds_api_io,event_id=61624670;market=Player To Score or Assist
2026-05-17T11:51:42Z,2026-05-17,61624670,2026-05-17T17:00:00Z,,live_capture,Bet365,Spain - LaLiga,ANYTIME_ASSIST,Real Sociedad San Sebastian,Valencia CF,Yangel Herrera (Score) (1),,4.3330,odds_api_io,event_id=61624670;market=Player To Score or Assist
2026-05-17T11:51:42Z,2026-05-17,61624670,2026-05-17T17:00:00Z,,live_capture,Bet365,Spain - LaLiga,ANYTIME_ASSIST,Real Sociedad San Sebastian,Valencia CF,Luis Rioja (Score) (2),,5.0000,odds_api_io,event_id=61624670;market=Player To Score or Assist
2026-05-17T11:51:42Z,2026-05-17,61624670,2026-05-17T17:00:00Z,,live_capture,Bet365,Spain - LaLiga,ANYTIME_ASSIST,Real Sociedad San Sebastian,Valencia CF,Javi Guerra (Score) (2),,5.0000,odds_api_io,event_id=61624670;market=Player To Score or Assist
2026-05-17T11:51:42Z,2026-05-17,61624670,2026-05-17T17:00:00Z,,live_capture,Bet365,Spain - LaLiga,ANYTIME_ASSIST,Real Sociedad San Sebastian,Valencia CF,Mouctar Diakhaby (Score) (2),,7.5000,odds_api_io,event_id=61624670;market=Player To Score or Assist
2026-05-17T11:51:42Z,2026-05-17,61624670,2026-05-17T17:00:00Z,,live_capture,Bet365,Spain - LaLiga,ANYTIME_ASSIST,Real Sociedad San Sebastian,Valencia CF,Ruben Iranzo (Score) (2),,7.5000,odds_api_io,event_id=61624670;market=Player To Score or Assist
2026-05-17T11:51:42Z,2026-05-17,61624670,2026-05-17T17:00:00Z,,live_capture,Bet365,Spain - LaLiga,ANYTIME_ASSIST,Real Sociedad San Sebastian,Valencia CF,Mikel Oyarzabal (Assist) (1),,4.5000,odds_api_io,event_id=61624670;market=Player To Score or Assist
2026-05-17T11:51:42Z,2026-05-17,61624670,2026-05-17T17:00:00Z,,live_capture,Bet365,Spain - LaLiga,ANYTIME_ASSIST,Real Sociedad San Sebastian,Valencia CF,Brais Mendez (Assist) (1),,5.5000,odds_api_io,event_id=61624670;market=Player To Score or Assist
2026-05-17T11:51:42Z,2026-05-17,61624670,2026-05-17T17:00:00Z,,live_capture,Bet365,Spain - LaLiga,ANYTIME_ASSIST,Real Sociedad San Sebastian,Valencia CF,Jon Gorrotxategi (Assist) (1),,7.0000,odds_api_io,event_id=61624670;market=Player To Score or Assist
2026-05-17T11:51:42Z,2026-05-17,61624670,2026-05-17T17:00:00Z,,live_capture,Bet365,Spain - LaLiga,ANYTIME_ASSIST,Real Sociedad San Sebastian,Valencia CF,Orri Steinn Oskarsson (Score or Assist) (1),,2.0500,odds_api_io,event_id=61624670;market=Player To Score or Assist
2026-05-17T11:51:42Z,2026-05-17,61624670,2026-05-17T17:00:00Z,,live_capture,Bet365,Spain - LaLiga,ANYTIME_ASSIST,Real Sociedad San Sebastian,Valencia CF,Arnaut Danjuma (Score or Assist) (2),,2.3750,odds_api_io,event_id=61624670;market=Player To Score or Assist
2026-05-17T11:51:42Z,2026-05-17,61624670,2026-05-17T17:00:00Z,,live_capture,Bet365,Spain - LaLiga,ANYTIME_ASSIST,Real Sociedad San Sebastian,Valencia CF,Pablo Marin (Score or Assist) (1),,3.2000,odds_api_io,event_id=61624670;market=Player To Score or Assist
2026-05-17T11:51:42Z,2026-05-17,61624670,2026-05-17T17:00:00Z,,live_capture,Bet365,Spain - LaLiga,ANYTIME_ASSIST,Real Sociedad San Sebastian,Valencia CF,Benat Turrientes (Score or Assist) (1),,4.0000,odds_api_io,event_id=61624670;market=Player To Score or Assist
2026-05-17T11:51:42Z,2026-05-17,61624670,2026-05-17T17:00:00Z,,live_capture,Bet365,Spain - LaLiga,ANYTIME_ASSIST,Real Sociedad San Sebastian,Valencia CF,Aritz Elustondo (Score or Assist) (1),,4.7500,odds_api_io,event_id=61624670;market=Player To Score or Assist
2026-05-17T11:51:42Z,2026-05-17,61624670,2026-05-17T17:00:00Z,,live_capture,Bet365,Spain - LaLiga,ANYTIME_ASSIST,Real Sociedad San Sebastian,Valencia CF,Mouctar Diakhaby (Score or Assist) (2),,5.5000,odds_api_io,event_id=61624670;market=Player To Score or Assist
2026-05-17T11:51:42Z,2026-05-17,61624670,2026-05-17T17:00:00Z,,live_capture,Bet365,Spain - LaLiga,ANYTIME_ASSIST,Real Sociedad San Sebastian,Valencia CF,Jesus Vazquez (Score or Assist) (2),,6.0000,odds_api_io,event_id=61624670;market=Player To Score or Assist
2026-05-17T11:51:42Z,2026-05-17,61624670,2026-05-17T17:00:00Z,,live_capture,Bet365,Spain - LaLiga,ANYTIME_ASSIST,Real Sociedad San Sebastian,Valencia CF,Eray Comert (Score or Assist) (2),,8.0000,odds_api_io,event_id=61624670;market=Player To Score or Assist
2026-05-17T11:51:42Z,2026-05-17,61624670,2026-05-17T17:00:00Z,,live_capture,Bet365,Spain - LaLiga,ANYTIME_ASSIST,Real Sociedad San Sebastian,Valencia CF,Alvaro Odriozola (Score or Assist) (1),,8.5000,odds_api_io,event_id=61624670;market=Player To Score or Assist
2026-05-17T11:51:42Z,2026-05-17,61624670,2026-05-17T17:00:00Z,,live_capture,Bet365,Spain - LaLiga,ANYTIME_ASSIST,Real Sociedad San Sebastian,Valencia CF,Job Ochieng (Assist) (1),,4.5000,odds_api_io,event_id=61624670;market=Player To Score or Assist
2026-05-17T11:51:42Z,2026-05-17,61624670,2026-05-17T17:00:00Z,,live_capture,Bet365,Spain - LaLiga,ANYTIME_ASSIST,Real Sociedad San Sebastian,Valencia CF,Goncalo Guedes (Assist) (1),,4.3330,odds_api_io,event_id=61624670;market=Player To Score or Assist
2026-05-17T11:51:42Z,2026-05-17,61624670,2026-05-17T17:00:00Z,,live_capture,Bet365,Spain - LaLiga,ANYTIME_ASSIST,Real Sociedad San Sebastian,Valencia CF,Filip Ugrinic (Score or Assist) (2),,2.8750,odds_api_io,event_id=61624670;market=Player To Score or Assist
2026-05-17T11:51:42Z,2026-05-17,61624670,2026-05-17T17:00:00Z,,live_capture,Bet365,Spain - LaLiga,ANYTIME_ASSIST,Real Sociedad San Sebastian,Valencia CF,Andre Almeida (Score or Assist) (2),,3.2500,odds_api_io,event_id=61624670;market=Player To Score or Assist
2026-05-17T11:51:42Z,2026-05-17,61624670,2026-05-17T17:00:00Z,,live_capture,Bet365,Spain - LaLiga,ANYTIME_ASSIST,Real Sociedad San Sebastian,Valencia CF,Job Ochieng (Score) (1),,3.0000,odds_api_io,event_id=61624670;market=Player To Score or Assist
2026-05-17T11:51:42Z,2026-05-17,61624670,2026-05-17T17:00:00Z,,live_capture,Bet365,Spain - LaLiga,ANYTIME_ASSIST,Real Sociedad San Sebastian,Valencia CF,Daniel Diaz (Score) (1),,3.0000,odds_api_io,event_id=61624670;market=Player To Score or Assist
2026-05-17T11:51:42Z,2026-05-17,61624670,2026-05-17T17:00:00Z,,live_capture,Bet365,Spain - LaLiga,ANYTIME_ASSIST,Real Sociedad San Sebastian,Valencia CF,Jon Karrikaburu (Score) (1),,3.0000,odds_api_io,event_id=61624670;market=Player To Score or Assist
2026-05-17T11:51:42Z,2026-05-17,61624670,2026-05-17T17:00:00Z,,live_capture,Bet365,Spain - LaLiga,ANYTIME_ASSIST,Real Sociedad San Sebastian,Valencia CF,Largie Ramazani (Score) (2),,3.5000,odds_api_io,event_id=61624670;market=Player To Score or Assist
2026-05-17T11:51:42Z,2026-05-17,61624670,2026-05-17T17:00:00Z,,live_capture,Bet365,Spain - LaLiga,ANYTIME_ASSIST,Real Sociedad San Sebastian,Valencia CF,Luken Beitia (Score) (1),,11.0000,odds_api_io,event_id=61624670;market=Player To Score or Assist
2026-05-17T11:51:42Z,2026-05-17,61624670,2026-05-17T17:00:00Z,,live_capture,Bet365,Spain - LaLiga,ANYTIME_ASSIST,Real Sociedad San Sebastian,Valencia CF,Igor Zubeldia (Score) (1),,11.0000,odds_api_io,event_id=61624670;market=Player To Score or Assist
2026-05-17T11:51:42Z,2026-05-17,61624670,2026-05-17T17:00:00Z,,live_capture,Bet365,Spain - LaLiga,ANYTIME_ASSIST,Real Sociedad San Sebastian,Valencia CF,Jesus Vazquez (Score) (2),,11.0000,odds_api_io,event_id=61624670;market=Player To Score or Assist
2026-05-17T11:51:42Z,2026-05-17,61624670,2026-05-17T17:00:00Z,,live_capture,Bet365,Spain - LaLiga,ANYTIME_ASSIST,Real Sociedad San Sebastian,Valencia CF,Duje Caleta-Car (Score) (1),,11.0000,odds_api_io,event_id=61624670;market=Player To Score or Assist
2026-05-17T11:51:42Z,2026-05-17,61624670,2026-05-17T17:00:00Z,,live_capture,Bet365,Spain - LaLiga,ANYTIME_ASSIST,Real Sociedad San Sebastian,Valencia CF,Eray Comert (Score) (2),,11.0000,odds_api_io,event_id=61624670;market=Player To Score or Assist
2026-05-17T11:51:42Z,2026-05-17,61624670,2026-05-17T17:00:00Z,,live_capture,Bet365,Spain - LaLiga,ANYTIME_ASSIST,Real Sociedad San Sebastian,Valencia CF,Hugo Duro (Assist) (2),,7.0000,odds_api_io,event_id=61624670;market=Player To Score or Assist
2026-05-17T11:51:42Z,2026-05-17,61624670,2026-05-17T17:00:00Z,,live_capture,Bet365,Spain - LaLiga,ANYTIME_ASSIST,Real Sociedad San Sebastian,Valencia CF,Sadiq Umar (Assist) (2),,7.0000,odds_api_io,event_id=61624670;market=Player To Score or Assist
2026-05-17T11:51:42Z,2026-05-17,61624670,2026-05-17T17:00:00Z,,live_capture,Bet365,Spain - LaLiga,ANYTIME_ASSIST,Real Sociedad San Sebastian,Valencia CF,Lucas Nunez (Assist) (2),,7.0000,odds_api_io,event_id=61624670;market=Player To Score or Assist
2026-05-17T11:51:42Z,2026-05-17,61624670,2026-05-17T17:00:00Z,,live_capture,Bet365,Spain - LaLiga,ANYTIME_ASSIST,Real Sociedad San Sebastian,Valencia CF,Luken Beitia (Assist) (1),,6.5000,odds_api_io,event_id=61624670;market=Player To Score or Assist
2026-05-17T11:51:42Z,2026-05-17,61624670,2026-05-17T17:00:00Z,,live_capture,Bet365,Spain - LaLiga,ANYTIME_ASSIST,Real Sociedad San Sebastian,Valencia CF,Jose Gaya (Assist) (2),,7.0000,odds_api_io,event_id=61624670;market=Player To Score or Assist
2026-05-17T11:51:42Z,2026-05-17,61624670,2026-05-17T17:00:00Z,,live_capture,Bet365,Spain - LaLiga,ANYTIME_ASSIST,Real Sociedad San Sebastian,Valencia CF,Job Ochieng (Score or Assist) (1),,2.0500,odds_api_io,event_id=61624670;market=Player To Score or Assist
2026-05-17T11:51:42Z,2026-05-17,61624670,2026-05-17T17:00:00Z,,live_capture,Bet365,Spain - LaLiga,ANYTIME_ASSIST,Real Sociedad San Sebastian,Valencia CF,Daniel Diaz (Score or Assist) (1),,2.2000,odds_api_io,event_id=61624670;market=Player To Score or Assist
2026-05-17T11:51:42Z,2026-05-17,61624670,2026-05-17T17:00:00Z,,live_capture,Bet365,Spain - LaLiga,ANYTIME_ASSIST,Real Sociedad San Sebastian,Valencia CF,Jon Karrikaburu (Score or Assist) (1),,2.4000,odds_api_io,event_id=61624670;market=Player To Score or Assist
2026-05-17T11:51:42Z,2026-05-17,61624670,2026-05-17T17:00:00Z,,live_capture,Bet365,Spain - LaLiga,ANYTIME_ASSIST,Real Sociedad San Sebastian,Valencia CF,Lucas Beltran (Score or Assist) (2),,2.6000,odds_api_io,event_id=61624670;market=Player To Score or Assist
2026-05-17T11:51:42Z,2026-05-17,61624670,2026-05-17T17:00:00Z,,live_capture,Bet365,Spain - LaLiga,ANYTIME_ASSIST,Real Sociedad San Sebastian,Valencia CF,Yangel Herrera (Score or Assist) (1),,3.0000,odds_api_io,event_id=61624670;market=Player To Score or Assist
2026-05-17T11:51:42Z,2026-05-17,61624670,2026-05-17T17:00:00Z,,live_capture,Bet365,Spain - LaLiga,ANYTIME_ASSIST,Real Sociedad San Sebastian,Valencia CF,Luken Beitia (Score or Assist) (1),,4.3330,odds_api_io,event_id=61624670;market=Player To Score or Assist
2026-05-17T11:51:42Z,2026-05-17,61624670,2026-05-17T17:00:00Z,,live_capture,Bet365,Spain - LaLiga,ANYTIME_ASSIST,Real Sociedad San Sebastian,Valencia CF,Guido Rodriguez (Score) (2),,9.5000,odds_api_io,event_id=61624670;market=Player To Score or Assist
2026-05-17T11:51:42Z,2026-05-17,61624670,2026-05-17T17:00:00Z,,live_capture,Bet365,Spain - LaLiga,ANYTIME_ASSIST,Real Sociedad San Sebastian,Valencia CF,Gorka Carrera (Score) (1),,2.0000,odds_api_io,event_id=61624670;market=Player To Score or Assist
2026-05-17T11:51:42Z,2026-05-17,61624670,2026-05-17T17:00:00Z,,live_capture,Bet365,Spain - LaLiga,ANYTIME_ASSIST,Real Sociedad San Sebastian,Valencia CF,Hugo Duro (Score) (2),,2.5000,odds_api_io,event_id=61624670;market=Player To Score or Assist
2026-05-17T11:51:42Z,2026-05-17,61624670,2026-05-17T17:00:00Z,,live_capture,Bet365,Spain - LaLiga,ANYTIME_ASSIST,Real Sociedad San Sebastian,Valencia CF,Sadiq Umar (Score) (2),,2.5000,odds_api_io,event_id=61624670;market=Player To Score or Assist
2026-05-17T11:51:42Z,2026-05-17,61624670,2026-05-17T17:00:00Z,,live_capture,Bet365,Spain - LaLiga,ANYTIME_ASSIST,Real Sociedad San Sebastian,Valencia CF,Takefusa Kubo (Score) (1),,3.0000,odds_api_io,event_id=61624670;market=Player To Score or Assist
2026-05-17T11:51:42Z,2026-05-17,61624670,2026-05-17T17:00:00Z,,live_capture,Bet365,Spain - LaLiga,ANYTIME_ASSIST,Real Sociedad San Sebastian,Valencia CF,Daniel Raba (Score) (2),,3.0000,odds_api_io,event_id=61624670;market=Player To Score or Assist
2026-05-17T11:51:42Z,2026-05-17,61624670,2026-05-17T17:00:00Z,,live_capture,Bet365,Spain - LaLiga,ANYTIME_ASSIST,Real Sociedad San Sebastian,Valencia CF,Andre Almeida (Score) (2),,5.5000,odds_api_io,event_id=61624670;market=Player To Score or Assist
2026-05-17T11:51:42Z,2026-05-17,61624670,2026-05-17T17:00:00Z,,live_capture,Bet365,Spain - LaLiga,ANYTIME_ASSIST,Real Sociedad San Sebastian,Valencia CF,Lucas Nunez (Score) (2),,5.5000,odds_api_io,event_id=61624670;market=Player To Score or Assist
2026-05-17T11:51:42Z,2026-05-17,61624670,2026-05-17T17:00:00Z,,live_capture,Bet365,Spain - LaLiga,ANYTIME_ASSIST,Real Sociedad San Sebastian,Valencia CF,Jose Pepelu (Score) (2),,5.5000,odds_api_io,event_id=61624670;market=Player To Score or Assist
2026-05-17T11:51:42Z,2026-05-17,61624670,2026-05-17T17:00:00Z,,live_capture,Bet365,Spain - LaLiga,ANYTIME_ASSIST,Real Sociedad San Sebastian,Valencia CF,Jose Gaya (Score) (2),,12.0000,odds_api_io,event_id=61624670;market=Player To Score or Assist
2026-05-17T11:51:42Z,2026-05-17,61624670,2026-05-17T17:00:00Z,,live_capture,Bet365,Spain - LaLiga,ANYTIME_ASSIST,Real Sociedad San Sebastian,Valencia CF,Thierry Correia (Score) (2),,12.0000,odds_api_io,event_id=61624670;market=Player To Score or Assist
2026-05-17T11:51:42Z,2026-05-17,61624670,2026-05-17T17:00:00Z,,live_capture,Bet365,Spain - LaLiga,ANYTIME_ASSIST,Real Sociedad San Sebastian,Valencia CF,Dimitri Foulquier (Score) (2),,12.0000,odds_api_io,event_id=61624670;market=Player To Score or Assist
2026-05-17T11:51:42Z,2026-05-17,61624670,2026-05-17T17:00:00Z,,live_capture,Bet365,Spain - LaLiga,ANYTIME_ASSIST,Real Sociedad San Sebastian,Valencia CF,Jon Martin (Score) (1),,12.0000,odds_api_io,event_id=61624670;market=Player To Score or Assist
2026-05-17T11:51:42Z,2026-05-17,61624670,2026-05-17T17:00:00Z,,live_capture,Bet365,Spain - LaLiga,ANYTIME_ASSIST,Real Sociedad San Sebastian,Valencia CF,Unai Nunez (Score) (2),,12.0000,odds_api_io,event_id=61624670;market=Player To Score or Assist
2026-05-17T11:51:42Z,2026-05-17,61624670,2026-05-17T17:00:00Z,,live_capture,Bet365,Spain - LaLiga,ANYTIME_ASSIST,Real Sociedad San Sebastian,Valencia CF,Largie Ramazani (Assist) (2),,6.0000,odds_api_io,event_id=61624670;market=Player To Score or Assist
2026-05-17T11:51:42Z,2026-05-17,61624670,2026-05-17T17:00:00Z,,live_capture,Bet365,Spain - LaLiga,ANYTIME_ASSIST,Real Sociedad San Sebastian,Valencia CF,Luis Rioja (Assist) (2),,6.0000,odds_api_io,event_id=61624670;market=Player To Score or Assist
2026-05-17T11:51:42Z,2026-05-17,61624670,2026-05-17T17:00:00Z,,live_capture,Bet365,Spain - LaLiga,ANYTIME_ASSIST,Real Sociedad San Sebastian,Valencia CF,Yangel Herrera (Assist) (1),,7.0000,odds_api_io,event_id=61624670;market=Player To Score or Assist
2026-05-17T11:51:42Z,2026-05-17,61624670,2026-05-17T17:00:00Z,,live_capture,Bet365,Spain - LaLiga,ANYTIME_ASSIST,Real Sociedad San Sebastian,Valencia CF,Javi Guerra (Assist) (2),,8.0000,odds_api_io,event_id=61624670;market=Player To Score or Assist
2026-05-17T11:51:42Z,2026-05-17,61624670,2026-05-17T17:00:00Z,,live_capture,Bet365,Spain - LaLiga,ANYTIME_ASSIST,Real Sociedad San Sebastian,Valencia CF,Benat Turrientes (Assist) (1),,7.0000,odds_api_io,event_id=61624670;market=Player To Score or Assist
2026-05-17T11:51:42Z,2026-05-17,61624670,2026-05-17T17:00:00Z,,live_capture,Bet365,Spain - LaLiga,ANYTIME_ASSIST,Real Sociedad San Sebastian,Valencia CF,Thierry Correia (Assist) (2),,8.0000,odds_api_io,event_id=61624670;market=Player To Score or Assist
2026-05-17T11:51:42Z,2026-05-17,61624670,2026-05-17T17:00:00Z,,live_capture,Bet365,Spain - LaLiga,ANYTIME_ASSIST,Real Sociedad San Sebastian,Valencia CF,Aihen Munoz (Score or Assist) (1),,4.0000,odds_api_io,event_id=61624670;market=Player To Score or Assist
2026-05-17T11:51:42Z,2026-05-17,61624674,2026-05-17T17:00:00Z,,live_capture,Bet365,Spain - LaLiga,ANYTIME_ASSIST,CA Osasuna,Espanyol Barcelona,Iker Munoz (Score) (1),,8.0000,odds_api_io,event_id=61624674;market=Player To Score or Assist
2026-05-17T11:51:42Z,2026-05-17,61624674,2026-05-17T17:00:00Z,,live_capture,Bet365,Spain - LaLiga,ANYTIME_ASSIST,CA Osasuna,Espanyol Barcelona,Juan Cruz Armada (Score) (1),,21.0000,odds_api_io,event_id=61624674;market=Player To Score or Assist
2026-05-17T11:51:42Z,2026-05-17,61624674,2026-05-17T17:00:00Z,,live_capture,Bet365,Spain - LaLiga,ANYTIME_ASSIST,CA Osasuna,Espanyol Barcelona,Ante Budimir (Assist) (1),,6.5000,odds_api_io,event_id=61624674;market=Player To Score or Assist
2026-05-17T11:51:42Z,2026-05-17,61624674,2026-05-17T17:00:00Z,,live_capture,Bet365,Spain - LaLiga,ANYTIME_ASSIST,CA Osasuna,Espanyol Barcelona,Raul Garcia (Assist) (1),,5.5000,odds_api_io,event_id=61624674;market=Player To Score or Assist
2026-05-17T11:51:42Z,2026-05-17,61624674,2026-05-17T17:00:00Z,,live_capture,Bet365,Spain - LaLiga,ANYTIME_ASSIST,CA Osasuna,Espanyol Barcelona,Iker Benito (Assist) (1),,5.0000,odds_api_io,event_id=61624674;market=Player To Score or Assist
2026-05-17T11:51:42Z,2026-05-17,61624674,2026-05-17T17:00:00Z,,live_capture,Bet365,Spain - LaLiga,ANYTIME_ASSIST,CA Osasuna,Espanyol Barcelona,Kike Barja (Assist) (1),,5.5000,odds_api_io,event_id=61624674;market=Player To Score or Assist
2026-05-17T11:51:42Z,2026-05-17,61624674,2026-05-17T17:00:00Z,,live_capture,Bet365,Spain - LaLiga,ANYTIME_ASSIST,CA Osasuna,Espanyol Barcelona,Iker Munoz (Assist) (1),,13.0000,odds_api_io,event_id=61624674;market=Player To Score or Assist
2026-05-17T11:51:42Z,2026-05-17,61624674,2026-05-17T17:00:00Z,,live_capture,Bet365,Spain - LaLiga,ANYTIME_ASSIST,CA Osasuna,Espanyol Barcelona,Juan Cruz Armada (Assist) (1),,13.0000,odds_api_io,event_id=61624674;market=Player To Score or Assist
2026-05-17T11:51:42Z,2026-05-17,61624674,2026-05-17T17:00:00Z,,live_capture,Bet365,Spain - LaLiga,ANYTIME_ASSIST,CA Osasuna,Espanyol Barcelona,Ante Budimir (Score) (1),,2.2000,odds_api_io,event_id=61624674;market=Player To Score or Assist
2026-05-17T11:51:42Z,2026-05-17,61624674,2026-05-17T17:00:00Z,,live_capture,Bet365,Spain - LaLiga,ANYTIME_ASSIST,CA Osasuna,Espanyol Barcelona,Garcia Kike (Score) (2),,3.6000,odds_api_io,event_id=61624674;market=Player To Score or Assist
2026-05-17T11:51:42Z,2026-05-17,61624674,2026-05-17T17:00:00Z,,live_capture,Bet365,Spain - LaLiga,ANYTIME_ASSIST,CA Osasuna,Espanyol Barcelona,Iker Benito (Score) (1),,5.0000,odds_api_io,event_id=61624674;market=Player To Score or Assist
2026-05-17T11:51:42Z,2026-05-17,61624674,2026-05-17T17:00:00Z,,live_capture,Bet365,Spain - LaLiga,ANYTIME_ASSIST,CA Osasuna,Espanyol Barcelona,Jofre Carreras (Score) (2),,5.5000,odds_api_io,event_id=61624674;market=Player To Score or Assist
2026-05-17T11:51:42Z,2026-05-17,61624674,2026-05-17T17:00:00Z,,live_capture,Bet365,Spain - LaLiga,ANYTIME_ASSIST,CA Osasuna,Espanyol Barcelona,Antoniu Roca (Score) (2),,5.5000,odds_api_io,event_id=61624674;market=Player To Score or Assist
2026-05-17T11:51:42Z,2026-05-17,61624674,2026-05-17T17:00:00Z,,live_capture,Bet365,Spain - LaLiga,ANYTIME_ASSIST,CA Osasuna,Espanyol Barcelona,Inigo Arguibide (Score) (1),,9.5000,odds_api_io,event_id=61624674;market=Player To Score or Assist
2026-05-17T11:51:42Z,2026-05-17,61624674,2026-05-17T17:00:00Z,,live_capture,Bet365,Spain - LaLiga,ANYTIME_ASSIST,CA Osasuna,Espanyol Barcelona,Ferran Gomez (Score) (2),,9.5000,odds_api_io,event_id=61624674;market=Player To Score or Assist
2026-05-17T11:51:42Z,2026-05-17,61624674,2026-05-17T17:00:00Z,,live_capture,Bet365,Spain - LaLiga,ANYTIME_ASSIST,CA Osasuna,Espanyol Barcelona,Alejandro Catena (Score) (1),,9.5000,odds_api_io,event_id=61624674;market=Player To Score or Assist
2026-05-17T11:51:42Z,2026-05-17,61624674,2026-05-17T17:00:00Z,,live_capture,Bet365,Spain - LaLiga,ANYTIME_ASSIST,CA Osasuna,Espanyol Barcelona,Carlos Romero (Score) (2),,9.5000,odds_api_io,event_id=61624674;market=Player To Score or Assist
2026-05-17T11:51:42Z,2026-05-17,61624674,2026-05-17T17:00:00Z,,live_capture,Bet365,Spain - LaLiga,ANYTIME_ASSIST,CA Osasuna,Espanyol Barcelona,Charles Pickel (Score) (2),,9.5000,odds_api_io,event_id=61624674;market=Player To Score or Assist
2026-05-17T11:51:42Z,2026-05-17,61624674,2026-05-17T17:00:00Z,,live_capture,Bet365,Spain - LaLiga,ANYTIME_ASSIST,CA Osasuna,Espanyol Barcelona,Leandro Cabrera (Score) (2),,9.5000,odds_api_io,event_id=61624674;market=Player To Score or Assist
2026-05-17T11:51:42Z,2026-05-17,61624674,2026-05-17T17:00:00Z,,live_capture,Bet365,Spain - LaLiga,ANYTIME_ASSIST,CA Osasuna,Espanyol Barcelona,Santos Ruben Garcia (Assist) (1),,4.3330,odds_api_io,event_id=61624674;market=Player To Score or Assist
2026-05-17T11:51:42Z,2026-05-17,61624674,2026-05-17T17:00:00Z,,live_capture,Bet365,Spain - LaLiga,ANYTIME_ASSIST,CA Osasuna,Espanyol Barcelona,Cyril Ngonge (Assist) (2),,7.5000,odds_api_io,event_id=61624674;market=Player To Score or Assist
2026-05-17T11:51:42Z,2026-05-17,61624674,2026-05-17T17:00:00Z,,live_capture,Bet365,Spain - LaLiga,ANYTIME_ASSIST,CA Osasuna,Espanyol Barcelona,Eduardo Exposito (Assist) (2),,5.0000,odds_api_io,event_id=61624674;market=Player To Score or Assist
2026-05-17T11:51:42Z,2026-05-17,61624674,2026-05-17T17:00:00Z,,live_capture,Bet365,Spain - LaLiga,ANYTIME_ASSIST,CA Osasuna,Espanyol Barcelona,Jofre Carreras (Assist) (2),,7.0000,odds_api_io,event_id=61624674;market=Player To Score or Assist
2026-05-17T11:51:42Z,2026-05-17,61624674,2026-05-17T17:00:00Z,,live_capture,Bet365,Spain - LaLiga,ANYTIME_ASSIST,CA Osasuna,Espanyol Barcelona,Antoniu Roca (Assist) (2),,9.0000,odds_api_io,event_id=61624674;market=Player To Score or Assist
2026-05-17T11:51:42Z,2026-05-17,61624674,2026-05-17T17:00:00Z,,live_capture,Bet365,Spain - LaLiga,ANYTIME_ASSIST,CA Osasuna,Espanyol Barcelona,Ferran Gomez (Assist) (2),,7.0000,odds_api_io,event_id=61624674;market=Player To Score or Assist
2026-05-17T11:51:42Z,2026-05-17,61624674,2026-05-17T17:00:00Z,,live_capture,Bet365,Spain - LaLiga,ANYTIME_ASSIST,CA Osasuna,Espanyol Barcelona,Carlos Romero (Assist) (2),,9.0000,odds_api_io,event_id=61624674;market=Player To Score or Assist
2026-05-17T11:51:42Z,2026-05-17,61624674,2026-05-17T17:00:00Z,,live_capture,Bet365,Spain - LaLiga,ANYTIME_ASSIST,CA Osasuna,Espanyol Barcelona,Ante Budimir (Score or Assist) (1),,1.8330,odds_api_io,event_id=61624674;market=Player To Score or Assist
2026-05-17T11:51:42Z,2026-05-17,61624674,2026-05-17T17:00:00Z,,live_capture,Bet365,Spain - LaLiga,ANYTIME_ASSIST,CA Osasuna,Espanyol Barcelona,Aimar Oroz (Score or Assist) (1),,2.6000,odds_api_io,event_id=61624674;market=Player To Score or Assist
2026-05-17T11:51:42Z,2026-05-17,61624674,2026-05-17T17:00:00Z,,live_capture,Bet365,Spain - LaLiga,ANYTIME_ASSIST,CA Osasuna,Espanyol Barcelona,Garcia Kike (Score or Assist) (2),,2.7500,odds_api_io,event_id=61624674;market=Player To Score or Assist
2026-05-17T11:51:42Z,2026-05-17,61624674,2026-05-17T17:00:00Z,,live_capture,Bet365,Spain - LaLiga,ANYTIME_ASSIST,CA Osasuna,Espanyol Barcelona,Iker Benito (Score or Assist) (1),,2.8750,odds_api_io,event_id=61624674;market=Player To Score or Assist
2026-05-17T11:51:42Z,2026-05-17,61624674,2026-05-17T17:00:00Z,,live_capture,Bet365,Spain - LaLiga,ANYTIME_ASSIST,CA Osasuna,Espanyol Barcelona,Cyril Ngonge (Score or Assist) (2),,3.0000,odds_api_io,event_id=61624674;market=Player To Score or Assist
2026-05-17T11:51:42Z,2026-05-17,61624674,2026-05-17T17:00:00Z,,live_capture,Bet365,Spain - LaLiga,ANYTIME_ASSIST,CA Osasuna,Espanyol Barcelona,Eduardo Exposito (Score or Assist) (2),,3.4000,odds_api_io,event_id=61624674;market=Player To Score or Assist
2026-05-17T11:51:42Z,2026-05-17,61624674,2026-05-17T17:00:00Z,,live_capture,Bet365,Spain - LaLiga,ANYTIME_ASSIST,CA Osasuna,Espanyol Barcelona,Lluc Castell (Score or Assist) (2),,3.7500,odds_api_io,event_id=61624674;market=Player To Score or Assist
2026-05-17T11:51:42Z,2026-05-17,61624674,2026-05-17T17:00:00Z,,live_capture,Bet365,Spain - LaLiga,ANYTIME_ASSIST,CA Osasuna,Espanyol Barcelona,Antoniu Roca (Score or Assist) (2),,4.0000,odds_api_io,event_id=61624674;market=Player To Score or Assist
2026-05-17T11:51:42Z,2026-05-17,61624674,2026-05-17T17:00:00Z,,live_capture,Bet365,Spain - LaLiga,ANYTIME_ASSIST,CA Osasuna,Espanyol Barcelona,Alejandro Catena (Score or Assist) (1),,4.7500,odds_api_io,event_id=61624674;market=Player To Score or Assist
2026-05-17T11:51:42Z,2026-05-17,61624674,2026-05-17T17:00:00Z,,live_capture,Bet365,Spain - LaLiga,ANYTIME_ASSIST,CA Osasuna,Espanyol Barcelona,Ruben Sanchez (Score or Assist) (2),,4.7500,odds_api_io,event_id=61624674;market=Player To Score or Assist
2026-05-17T11:51:42Z,2026-05-17,61624674,2026-05-17T17:00:00Z,,live_capture,Bet365,Spain - LaLiga,ANYTIME_ASSIST,CA Osasuna,Espanyol Barcelona,Charles Pickel (Score or Assist) (2),,5.5000,odds_api_io,event_id=61624674;market=Player To Score or Assist
2026-05-17T11:51:42Z,2026-05-17,61624674,2026-05-17T17:00:00Z,,live_capture,Bet365,Spain - LaLiga,ANYTIME_ASSIST,CA Osasuna,Espanyol Barcelona,Adama Timera (Score or Assist) (2),,9.0000,odds_api_io,event_id=61624674;market=Player To Score or Assist
2026-05-17T11:51:42Z,2026-05-17,61624674,2026-05-17T17:00:00Z,,live_capture,Bet365,Spain - LaLiga,ANYTIME_ASSIST,CA Osasuna,Espanyol Barcelona,Victor Munoz (Assist) (1),,6.5000,odds_api_io,event_id=61624674;market=Player To Score or Assist
2026-05-17T11:51:42Z,2026-05-17,61624674,2026-05-17T17:00:00Z,,live_capture,Bet365,Spain - LaLiga,ANYTIME_ASSIST,CA Osasuna,Espanyol Barcelona,Jon Moncayola (Assist) (1),,6.5000,odds_api_io,event_id=61624674;market=Player To Score or Assist
2026-05-17T11:51:42Z,2026-05-17,61624674,2026-05-17T17:00:00Z,,live_capture,Bet365,Spain - LaLiga,ANYTIME_ASSIST,CA Osasuna,Espanyol Barcelona,Abel Bretones (Assist) (1),,9.0000,odds_api_io,event_id=61624674;market=Player To Score or Assist
2026-05-17T11:51:42Z,2026-05-17,61624674,2026-05-17T17:00:00Z,,live_capture,Bet365,Spain - LaLiga,ANYTIME_ASSIST,CA Osasuna,Espanyol Barcelona,Valentin Rosier (Assist) (1),,9.0000,odds_api_io,event_id=61624674;market=Player To Score or Assist
2026-05-17T11:51:42Z,2026-05-17,61624674,2026-05-17T17:00:00Z,,live_capture,Bet365,Spain - LaLiga,ANYTIME_ASSIST,CA Osasuna,Espanyol Barcelona,Santos Ruben Garcia (Score or Assist) (1),,2.3000,odds_api_io,event_id=61624674;market=Player To Score or Assist
2026-05-17T11:51:42Z,2026-05-17,61624674,2026-05-17T17:00:00Z,,live_capture,Bet365,Spain - LaLiga,ANYTIME_ASSIST,CA Osasuna,Espanyol Barcelona,Asier Osambela (Score or Assist) (1),,3.6000,odds_api_io,event_id=61624674;market=Player To Score or Assist
2026-05-17T11:51:42Z,2026-05-17,61624674,2026-05-17T17:00:00Z,,live_capture,Bet365,Spain - LaLiga,ANYTIME_ASSIST,CA Osasuna,Espanyol Barcelona,Jon Moncayola (Score or Assist) (1),,3.6000,odds_api_io,event_id=61624674;market=Player To Score or Assist
2026-05-17T11:51:42Z,2026-05-17,61624674,2026-05-17T17:00:00Z,,live_capture,Bet365,Spain - LaLiga,ANYTIME_ASSIST,CA Osasuna,Espanyol Barcelona,Raul Garcia (Score) (1),,2.4000,odds_api_io,event_id=61624674;market=Player To Score or Assist
2026-05-17T11:51:42Z,2026-05-17,61624674,2026-05-17T17:00:00Z,,live_capture,Bet365,Spain - LaLiga,ANYTIME_ASSIST,CA Osasuna,Espanyol Barcelona,Victor Munoz (Score) (1),,3.6000,odds_api_io,event_id=61624674;market=Player To Score or Assist
2026-05-17T11:51:42Z,2026-05-17,61624674,2026-05-17T17:00:00Z,,live_capture,Bet365,Spain - LaLiga,ANYTIME_ASSIST,CA Osasuna,Espanyol Barcelona,Cyril Ngonge (Score) (2),,4.3330,odds_api_io,event_id=61624674;market=Player To Score or Assist
2026-05-17T11:51:42Z,2026-05-17,61624674,2026-05-17T17:00:00Z,,live_capture,Bet365,Spain - LaLiga,ANYTIME_ASSIST,CA Osasuna,Espanyol Barcelona,Roberto Fernandez (Score) (2),,4.3330,odds_api_io,event_id=61624674;market=Player To Score or Assist
2026-05-17T11:51:42Z,2026-05-17,61624674,2026-05-17T17:00:00Z,,live_capture,Bet365,Spain - LaLiga,ANYTIME_ASSIST,CA Osasuna,Espanyol Barcelona,Jon Moncayola (Score) (1),,7.5000,odds_api_io,event_id=61624674;market=Player To Score or Assist
2026-05-17T11:51:42Z,2026-05-17,61624674,2026-05-17T17:00:00Z,,live_capture,Bet365,Spain - LaLiga,ANYTIME_ASSIST,CA Osasuna,Espanyol Barcelona,Lluc Castell (Score) (2),,7.5000,odds_api_io,event_id=61624674;market=Player To Score or Assist
2026-05-17T11:51:42Z,2026-05-17,61624674,2026-05-17T17:00:00Z,,live_capture,Bet365,Spain - LaLiga,ANYTIME_ASSIST,CA Osasuna,Espanyol Barcelona,Alex Almansa (Score) (2),,7.5000,odds_api_io,event_id=61624674;market=Player To Score or Assist
2026-05-17T11:51:42Z,2026-05-17,61624674,2026-05-17T17:00:00Z,,live_capture,Bet365,Spain - LaLiga,ANYTIME_ASSIST,CA Osasuna,Espanyol Barcelona,Bordonado Moi Gomez (Score) (1),,7.5000,odds_api_io,event_id=61624674;market=Player To Score or Assist
2026-05-17T11:51:42Z,2026-05-17,61624674,2026-05-17T17:00:00Z,,live_capture,Bet365,Spain - LaLiga,ANYTIME_ASSIST,CA Osasuna,Espanyol Barcelona,Lucas Torro (Score) (1),,7.5000,odds_api_io,event_id=61624674;market=Player To Score or Assist
2026-05-17T11:51:42Z,2026-05-17,61624674,2026-05-17T17:00:00Z,,live_capture,Bet365,Spain - LaLiga,ANYTIME_ASSIST,CA Osasuna,Espanyol Barcelona,Pol Lozano (Score) (2),,9.0000,odds_api_io,event_id=61624674;market=Player To Score or Assist
2026-05-17T11:51:42Z,2026-05-17,61624674,2026-05-17T17:00:00Z,,live_capture,Bet365,Spain - LaLiga,ANYTIME_ASSIST,CA Osasuna,Espanyol Barcelona,Urko Gonzalez (Score) (2),,15.0000,odds_api_io,event_id=61624674;market=Player To Score or Assist
2026-05-17T11:51:42Z,2026-05-17,61624674,2026-05-17T17:00:00Z,,live_capture,Bet365,Spain - LaLiga,ANYTIME_ASSIST,CA Osasuna,Espanyol Barcelona,Fernando Calero (Score) (2),,15.0000,odds_api_io,event_id=61624674;market=Player To Score or Assist
2026-05-17T11:51:42Z,2026-05-17,61624674,2026-05-17T17:00:00Z,,live_capture,Bet365,Spain - LaLiga,ANYTIME_ASSIST,CA Osasuna,Espanyol Barcelona,Adama Timera (Score) (2),,15.0000,odds_api_io,event_id=61624674;market=Player To Score or Assist
2026-05-17T11:51:42Z,2026-05-17,61624674,2026-05-17T17:00:00Z,,live_capture,Bet365,Spain - LaLiga,ANYTIME_ASSIST,CA Osasuna,Espanyol Barcelona,Enzo Boyomo (Score) (1),,15.0000,odds_api_io,event_id=61624674;market=Player To Score or Assist
2026-05-17T11:51:42Z,2026-05-17,61624674,2026-05-17T17:00:00Z,,live_capture,Bet365,Spain - LaLiga,ANYTIME_ASSIST,CA Osasuna,Espanyol Barcelona,Clemens Riedel (Score) (2),,17.0000,odds_api_io,event_id=61624674;market=Player To Score or Assist
2026-05-17T11:51:42Z,2026-05-17,61624674,2026-05-17T17:00:00Z,,live_capture,Bet365,Spain - LaLiga,ANYTIME_ASSIST,CA Osasuna,Espanyol Barcelona,Jorge Herrando (Score) (1),,15.0000,odds_api_io,event_id=61624674;market=Player To Score or Assist
2026-05-17T11:51:42Z,2026-05-17,61624674,2026-05-17T17:00:00Z,,live_capture,Bet365,Spain - LaLiga,ANYTIME_ASSIST,CA Osasuna,Espanyol Barcelona,Miguel Rubio (Score) (2),,17.0000,odds_api_io,event_id=61624674;market=Player To Score or Assist
2026-05-17T11:51:42Z,2026-05-17,61624674,2026-05-17T17:00:00Z,,live_capture,Bet365,Spain - LaLiga,ANYTIME_ASSIST,CA Osasuna,Espanyol Barcelona,Garcia Kike (Assist) (2),,8.0000,odds_api_io,event_id=61624674;market=Player To Score or Assist
2026-05-17T11:51:42Z,2026-05-17,61624674,2026-05-17T17:00:00Z,,live_capture,Bet365,Spain - LaLiga,ANYTIME_ASSIST,CA Osasuna,Espanyol Barcelona,Pere Milla (Assist) (2),,7.5000,odds_api_io,event_id=61624674;market=Player To Score or Assist
2026-05-17T11:51:42Z,2026-05-17,61624674,2026-05-17T17:00:00Z,,live_capture,Bet365,Spain - LaLiga,ANYTIME_ASSIST,CA Osasuna,Espanyol Barcelona,Roberto Fernandez (Assist) (2),,8.0000,odds_api_io,event_id=61624674;market=Player To Score or Assist
2026-05-17T11:51:42Z,2026-05-17,61624674,2026-05-17T17:00:00Z,,live_capture,Bet365,Spain - LaLiga,ANYTIME_ASSIST,CA Osasuna,Espanyol Barcelona,Tyrhys Dolan (Assist) (2),,7.5000,odds_api_io,event_id=61624674;market=Player To Score or Assist
2026-05-17T11:51:42Z,2026-05-17,61624674,2026-05-17T17:00:00Z,,live_capture,Bet365,Spain - LaLiga,ANYTIME_ASSIST,CA Osasuna,Espanyol Barcelona,Lluc Castell (Assist) (2),,7.0000,odds_api_io,event_id=61624674;market=Player To Score or Assist
2026-05-17T11:51:42Z,2026-05-17,61624674,2026-05-17T17:00:00Z,,live_capture,Bet365,Spain - LaLiga,ANYTIME_ASSIST,CA Osasuna,Espanyol Barcelona,Alex Almansa (Assist) (2),,7.5000,odds_api_io,event_id=61624674;market=Player To Score or Assist
2026-05-17T11:51:42Z,2026-05-17,61624674,2026-05-17T17:00:00Z,,live_capture,Bet365,Spain - LaLiga,ANYTIME_ASSIST,CA Osasuna,Espanyol Barcelona,Bordonado Moi Gomez (Assist) (1),,7.5000,odds_api_io,event_id=61624674;market=Player To Score or Assist
2026-05-17T11:51:42Z,2026-05-17,61624674,2026-05-17T17:00:00Z,,live_capture,Bet365,Spain - LaLiga,ANYTIME_ASSIST,CA Osasuna,Espanyol Barcelona,Ramon Terrats (Assist) (2),,8.0000,odds_api_io,event_id=61624674;market=Player To Score or Assist
2026-05-17T11:51:42Z,2026-05-17,61624674,2026-05-17T17:00:00Z,,live_capture,Bet365,Spain - LaLiga,ANYTIME_ASSIST,CA Osasuna,Espanyol Barcelona,Charles Pickel (Assist) (2),,10.0000,odds_api_io,event_id=61624674;market=Player To Score or Assist
2026-05-17T11:51:42Z,2026-05-17,61624674,2026-05-17T17:00:00Z,,live_capture,Bet365,Spain - LaLiga,ANYTIME_ASSIST,CA Osasuna,Espanyol Barcelona,Omar El Hilali (Assist) (2),,8.0000,odds_api_io,event_id=61624674;market=Player To Score or Assist
2026-05-17T11:51:42Z,2026-05-17,61624674,2026-05-17T17:00:00Z,,live_capture,Bet365,Spain - LaLiga,ANYTIME_ASSIST,CA Osasuna,Espanyol Barcelona,Leandro Cabrera (Assist) (2),,15.0000,odds_api_io,event_id=61624674;market=Player To Score or Assist
2026-05-17T11:51:42Z,2026-05-17,61624674,2026-05-17T17:00:00Z,,live_capture,Bet365,Spain - LaLiga,ANYTIME_ASSIST,CA Osasuna,Espanyol Barcelona,Urko Gonzalez (Assist) (2),,10.0000,odds_api_io,event_id=61624674;market=Player To Score or Assist
2026-05-17T11:51:42Z,2026-05-17,61624674,2026-05-17T17:00:00Z,,live_capture,Bet365,Spain - LaLiga,ANYTIME_ASSIST,CA Osasuna,Espanyol Barcelona,Fernando Calero (Assist) (2),,12.0000,odds_api_io,event_id=61624674;market=Player To Score or Assist
2026-05-17T11:51:42Z,2026-05-17,61624674,2026-05-17T17:00:00Z,,live_capture,Bet365,Spain - LaLiga,ANYTIME_ASSIST,CA Osasuna,Espanyol Barcelona,Adama Timera (Assist) (2),,15.0000,odds_api_io,event_id=61624674;market=Player To Score or Assist
2026-05-17T11:51:42Z,2026-05-17,61624674,2026-05-17T17:00:00Z,,live_capture,Bet365,Spain - LaLiga,ANYTIME_ASSIST,CA Osasuna,Espanyol Barcelona,Clemens Riedel (Assist) (2),,15.0000,odds_api_io,event_id=61624674;market=Player To Score or Assist
2026-05-17T11:51:42Z,2026-05-17,61624674,2026-05-17T17:00:00Z,,live_capture,Bet365,Spain - LaLiga,ANYTIME_ASSIST,CA Osasuna,Espanyol Barcelona,Kike Barja (Score or Assist) (1),,3.1000,odds_api_io,event_id=61624674;market=Player To Score or Assist
2026-05-17T11:51:42Z,2026-05-17,61624674,2026-05-17T17:00:00Z,,live_capture,Bet365,Spain - LaLiga,ANYTIME_ASSIST,CA Osasuna,Espanyol Barcelona,Pere Milla (Score or Assist) (2),,3.1000,odds_api_io,event_id=61624674;market=Player To Score or Assist
2026-05-17T11:51:42Z,2026-05-17,61624674,2026-05-17T17:00:00Z,,live_capture,Bet365,Spain - LaLiga,ANYTIME_ASSIST,CA Osasuna,Espanyol Barcelona,Roberto Fernandez (Score or Assist) (2),,3.1000,odds_api_io,event_id=61624674;market=Player To Score or Assist
2026-05-17T11:51:42Z,2026-05-17,61624674,2026-05-17T17:00:00Z,,live_capture,Bet365,Spain - LaLiga,ANYTIME_ASSIST,CA Osasuna,Espanyol Barcelona,Alex Almansa (Score or Assist) (2),,4.0000,odds_api_io,event_id=61624674;market=Player To Score or Assist
2026-05-17T11:51:42Z,2026-05-17,61624674,2026-05-17T17:00:00Z,,live_capture,Bet365,Spain - LaLiga,ANYTIME_ASSIST,CA Osasuna,Espanyol Barcelona,Abel Bretones (Score or Assist) (1),,4.3330,odds_api_io,event_id=61624674;market=Player To Score or Assist
2026-05-17T11:51:42Z,2026-05-17,61624674,2026-05-17T17:00:00Z,,live_capture,Bet365,Spain - LaLiga,ANYTIME_ASSIST,CA Osasuna,Espanyol Barcelona,Ferran Gomez (Score or Assist) (2),,4.5000,odds_api_io,event_id=61624674;market=Player To Score or Assist
2026-05-17T11:51:42Z,2026-05-17,61624674,2026-05-17T17:00:00Z,,live_capture,Bet365,Spain - LaLiga,ANYTIME_ASSIST,CA Osasuna,Espanyol Barcelona,Ramon Terrats (Score or Assist) (2),,4.5000,odds_api_io,event_id=61624674;market=Player To Score or Assist
2026-05-17T11:51:42Z,2026-05-17,61624674,2026-05-17T17:00:00Z,,live_capture,Bet365,Spain - LaLiga,ANYTIME_ASSIST,CA Osasuna,Espanyol Barcelona,Carlos Romero (Score or Assist) (2),,5.5000,odds_api_io,event_id=61624674;market=Player To Score or Assist
2026-05-17T11:51:42Z,2026-05-17,61624674,2026-05-17T17:00:00Z,,live_capture,Bet365,Spain - LaLiga,ANYTIME_ASSIST,CA Osasuna,Espanyol Barcelona,Lucas Torro (Score or Assist) (1),,6.0000,odds_api_io,event_id=61624674;market=Player To Score or Assist
2026-05-17T11:51:42Z,2026-05-17,61624674,2026-05-17T17:00:00Z,,live_capture,Bet365,Spain - LaLiga,ANYTIME_ASSIST,CA Osasuna,Espanyol Barcelona,Pol Lozano (Score or Assist) (2),,6.0000,odds_api_io,event_id=61624674;market=Player To Score or Assist
2026-05-17T11:51:42Z,2026-05-17,61624674,2026-05-17T17:00:00Z,,live_capture,Bet365,Spain - LaLiga,ANYTIME_ASSIST,CA Osasuna,Espanyol Barcelona,Leandro Cabrera (Score or Assist) (2),,7.0000,odds_api_io,event_id=61624674;market=Player To Score or Assist
2026-05-17T11:51:42Z,2026-05-17,61624674,2026-05-17T17:00:00Z,,live_capture,Bet365,Spain - LaLiga,ANYTIME_ASSIST,CA Osasuna,Espanyol Barcelona,Urko Gonzalez (Score or Assist) (2),,7.0000,odds_api_io,event_id=61624674;market=Player To Score or Assist
2026-05-17T11:51:42Z,2026-05-17,61624674,2026-05-17T17:00:00Z,,live_capture,Bet365,Spain - LaLiga,ANYTIME_ASSIST,CA Osasuna,Espanyol Barcelona,Fernando Calero (Score or Assist) (2),,8.0000,odds_api_io,event_id=61624674;market=Player To Score or Assist
2026-05-17T11:51:42Z,2026-05-17,61624674,2026-05-17T17:00:00Z,,live_capture,Bet365,Spain - LaLiga,ANYTIME_ASSIST,CA Osasuna,Espanyol Barcelona,Enzo Boyomo (Score or Assist) (1),,9.5000,odds_api_io,event_id=61624674;market=Player To Score or Assist
2026-05-17T11:51:42Z,2026-05-17,61624674,2026-05-17T17:00:00Z,,live_capture,Bet365,Spain - LaLiga,ANYTIME_ASSIST,CA Osasuna,Espanyol Barcelona,Clemens Riedel (Score or Assist) (2),,10.0000,odds_api_io,event_id=61624674;market=Player To Score or Assist
2026-05-17T11:51:42Z,2026-05-17,61624674,2026-05-17T17:00:00Z,,live_capture,Bet365,Spain - LaLiga,ANYTIME_ASSIST,CA Osasuna,Espanyol Barcelona,Jorge Herrando (Score or Assist) (1),,11.0000,odds_api_io,event_id=61624674;market=Player To Score or Assist
2026-05-17T11:51:42Z,2026-05-17,61624674,2026-05-17T17:00:00Z,,live_capture,Bet365,Spain - LaLiga,ANYTIME_ASSIST,CA Osasuna,Espanyol Barcelona,Juan Cruz Armada (Score or Assist) (1),,11.0000,odds_api_io,event_id=61624674;market=Player To Score or Assist
2026-05-17T11:51:42Z,2026-05-17,61624674,2026-05-17T17:00:00Z,,live_capture,Bet365,Spain - LaLiga,ANYTIME_ASSIST,CA Osasuna,Espanyol Barcelona,Miguel Rubio (Score or Assist) (2),,12.0000,odds_api_io,event_id=61624674;market=Player To Score or Assist
2026-05-17T11:51:42Z,2026-05-17,61624674,2026-05-17T17:00:00Z,,live_capture,Bet365,Spain - LaLiga,ANYTIME_ASSIST,CA Osasuna,Espanyol Barcelona,Inigo Arguibide (Assist) (1),,7.0000,odds_api_io,event_id=61624674;market=Player To Score or Assist
2026-05-17T11:51:42Z,2026-05-17,61624674,2026-05-17T17:00:00Z,,live_capture,Bet365,Spain - LaLiga,ANYTIME_ASSIST,CA Osasuna,Espanyol Barcelona,Valentin Rosier (Score or Assist) (1),,5.5000,odds_api_io,event_id=61624674;market=Player To Score or Assist
2026-05-17T11:51:42Z,2026-05-17,61624674,2026-05-17T17:00:00Z,,live_capture,Bet365,Spain - LaLiga,ANYTIME_ASSIST,CA Osasuna,Espanyol Barcelona,Santos Ruben Garcia (Score) (1),,4.3330,odds_api_io,event_id=61624674;market=Player To Score or Assist
2026-05-17T11:51:42Z,2026-05-17,61624674,2026-05-17T17:00:00Z,,live_capture,Bet365,Spain - LaLiga,ANYTIME_ASSIST,CA Osasuna,Espanyol Barcelona,Aimar Oroz (Score) (1),,4.3330,odds_api_io,event_id=61624674;market=Player To Score or Assist
2026-05-17T11:51:42Z,2026-05-17,61624674,2026-05-17T17:00:00Z,,live_capture,Bet365,Spain - LaLiga,ANYTIME_ASSIST,CA Osasuna,Espanyol Barcelona,Raul Moro (Score) (1),,4.3330,odds_api_io,event_id=61624674;market=Player To Score or Assist
2026-05-17T11:51:42Z,2026-05-17,61624674,2026-05-17T17:00:00Z,,live_capture,Bet365,Spain - LaLiga,ANYTIME_ASSIST,CA Osasuna,Espanyol Barcelona,Javi Puado (Score) (2),,3.6000,odds_api_io,event_id=61624674;market=Player To Score or Assist
2026-05-17T11:51:42Z,2026-05-17,61624674,2026-05-17T17:00:00Z,,live_capture,Bet365,Spain - LaLiga,ANYTIME_ASSIST,CA Osasuna,Espanyol Barcelona,Pere Milla (Score) (2),,4.3330,odds_api_io,event_id=61624674;market=Player To Score or Assist
2026-05-17T11:51:42Z,2026-05-17,61624674,2026-05-17T17:00:00Z,,live_capture,Bet365,Spain - LaLiga,ANYTIME_ASSIST,CA Osasuna,Espanyol Barcelona,Tyrhys Dolan (Score) (2),,5.5000,odds_api_io,event_id=61624674;market=Player To Score or Assist
2026-05-17T11:51:42Z,2026-05-17,61624674,2026-05-17T17:00:00Z,,live_capture,Bet365,Spain - LaLiga,ANYTIME_ASSIST,CA Osasuna,Espanyol Barcelona,Javier Galan (Score) (1),,9.5000,odds_api_io,event_id=61624674;market=Player To Score or Assist
2026-05-17T11:51:42Z,2026-05-17,61624674,2026-05-17T17:00:00Z,,live_capture,Bet365,Spain - LaLiga,ANYTIME_ASSIST,CA Osasuna,Espanyol Barcelona,Jose Salinas (Score) (2),,11.0000,odds_api_io,event_id=61624674;market=Player To Score or Assist
2026-05-17T11:51:42Z,2026-05-17,61624674,2026-05-17T17:00:00Z,,live_capture,Bet365,Spain - LaLiga,ANYTIME_ASSIST,CA Osasuna,Espanyol Barcelona,Valentin Rosier (Score) (1),,9.5000,odds_api_io,event_id=61624674;market=Player To Score or Assist
2026-05-17T11:51:42Z,2026-05-17,61624674,2026-05-17T17:00:00Z,,live_capture,Bet365,Spain - LaLiga,ANYTIME_ASSIST,CA Osasuna,Espanyol Barcelona,Omar El Hilali (Score) (2),,21.0000,odds_api_io,event_id=61624674;market=Player To Score or Assist
2026-05-17T11:51:42Z,2026-05-17,61624674,2026-05-17T17:00:00Z,,live_capture,Bet365,Spain - LaLiga,ANYTIME_ASSIST,CA Osasuna,Espanyol Barcelona,Javi Puado (Assist) (2),,9.0000,odds_api_io,event_id=61624674;market=Player To Score or Assist
2026-05-17T11:51:42Z,2026-05-17,61624674,2026-05-17T17:00:00Z,,live_capture,Bet365,Spain - LaLiga,ANYTIME_ASSIST,CA Osasuna,Espanyol Barcelona,Asier Osambela (Assist) (1),,7.5000,odds_api_io,event_id=61624674;market=Player To Score or Assist
2026-05-17T11:51:42Z,2026-05-17,61624674,2026-05-17T17:00:00Z,,live_capture,Bet365,Spain - LaLiga,ANYTIME_ASSIST,CA Osasuna,Espanyol Barcelona,Alejandro Catena (Assist) (1),,7.5000,odds_api_io,event_id=61624674;market=Player To Score or Assist
2026-05-17T11:51:42Z,2026-05-17,61624674,2026-05-17T17:00:00Z,,live_capture,Bet365,Spain - LaLiga,ANYTIME_ASSIST,CA Osasuna,Espanyol Barcelona,Ruben Sanchez (Assist) (2),,9.0000,odds_api_io,event_id=61624674;market=Player To Score or Assist
2026-05-17T11:51:42Z,2026-05-17,61624674,2026-05-17T17:00:00Z,,live_capture,Bet365,Spain - LaLiga,ANYTIME_ASSIST,CA Osasuna,Espanyol Barcelona,Jose Salinas (Assist) (2),,9.0000,odds_api_io,event_id=61624674;market=Player To Score or Assist
2026-05-17T11:51:42Z,2026-05-17,61624674,2026-05-17T17:00:00Z,,live_capture,Bet365,Spain - LaLiga,ANYTIME_ASSIST,CA Osasuna,Espanyol Barcelona,Lucas Torro (Assist) (1),,15.0000,odds_api_io,event_id=61624674;market=Player To Score or Assist
2026-05-17T11:51:42Z,2026-05-17,61624674,2026-05-17T17:00:00Z,,live_capture,Bet365,Spain - LaLiga,ANYTIME_ASSIST,CA Osasuna,Espanyol Barcelona,Enzo Boyomo (Assist) (1),,15.0000,odds_api_io,event_id=61624674;market=Player To Score or Assist
2026-05-17T11:51:42Z,2026-05-17,61624674,2026-05-17T17:00:00Z,,live_capture,Bet365,Spain - LaLiga,ANYTIME_ASSIST,CA Osasuna,Espanyol Barcelona,Miguel Rubio (Assist) (2),,21.0000,odds_api_io,event_id=61624674;market=Player To Score or Assist
2026-05-17T11:51:42Z,2026-05-17,61624674,2026-05-17T17:00:00Z,,live_capture,Bet365,Spain - LaLiga,ANYTIME_ASSIST,CA Osasuna,Espanyol Barcelona,Javi Puado (Score or Assist) (2),,2.8750,odds_api_io,event_id=61624674;market=Player To Score or Assist
2026-05-17T11:51:42Z,2026-05-17,61624674,2026-05-17T17:00:00Z,,live_capture,Bet365,Spain - LaLiga,ANYTIME_ASSIST,CA Osasuna,Espanyol Barcelona,Jofre Carreras (Score or Assist) (2),,3.5000,odds_api_io,event_id=61624674;market=Player To Score or Assist
2026-05-17T11:51:42Z,2026-05-17,61624674,2026-05-17T17:00:00Z,,live_capture,Bet365,Spain - LaLiga,ANYTIME_ASSIST,CA Osasuna,Espanyol Barcelona,Tyrhys Dolan (Score or Assist) (2),,3.5000,odds_api_io,event_id=61624674;market=Player To Score or Assist
2026-05-17T11:51:42Z,2026-05-17,61624674,2026-05-17T17:00:00Z,,live_capture,Bet365,Spain - LaLiga,ANYTIME_ASSIST,CA Osasuna,Espanyol Barcelona,Javier Galan (Score or Assist) (1),,4.0000,odds_api_io,event_id=61624674;market=Player To Score or Assist
2026-05-17T11:51:42Z,2026-05-17,61624674,2026-05-17T17:00:00Z,,live_capture,Bet365,Spain - LaLiga,ANYTIME_ASSIST,CA Osasuna,Espanyol Barcelona,Jose Salinas (Score or Assist) (2),,5.5000,odds_api_io,event_id=61624674;market=Player To Score or Assist
2026-05-17T11:51:42Z,2026-05-17,61624674,2026-05-17T17:00:00Z,,live_capture,Bet365,Spain - LaLiga,ANYTIME_ASSIST,CA Osasuna,Espanyol Barcelona,Omar El Hilali (Score or Assist) (2),,6.5000,odds_api_io,event_id=61624674;market=Player To Score or Assist
2026-05-17T11:51:42Z,2026-05-17,61624674,2026-05-17T17:00:00Z,,live_capture,Bet365,Spain - LaLiga,ANYTIME_ASSIST,CA Osasuna,Espanyol Barcelona,Kike Barja (Score) (1),,5.5000,odds_api_io,event_id=61624674;market=Player To Score or Assist
2026-05-17T11:51:42Z,2026-05-17,61624674,2026-05-17T17:00:00Z,,live_capture,Bet365,Spain - LaLiga,ANYTIME_ASSIST,CA Osasuna,Espanyol Barcelona,Asier Osambela (Score) (1),,5.5000,odds_api_io,event_id=61624674;market=Player To Score or Assist
2026-05-17T11:51:42Z,2026-05-17,61624674,2026-05-17T17:00:00Z,,live_capture,Bet365,Spain - LaLiga,ANYTIME_ASSIST,CA Osasuna,Espanyol Barcelona,Raul Moro (Assist) (1),,6.0000,odds_api_io,event_id=61624674;market=Player To Score or Assist
2026-05-17T11:51:42Z,2026-05-17,61624674,2026-05-17T17:00:00Z,,live_capture,Bet365,Spain - LaLiga,ANYTIME_ASSIST,CA Osasuna,Espanyol Barcelona,Javier Galan (Assist) (1),,6.5000,odds_api_io,event_id=61624674;market=Player To Score or Assist
2026-05-17T11:51:42Z,2026-05-17,61624674,2026-05-17T17:00:00Z,,live_capture,Bet365,Spain - LaLiga,ANYTIME_ASSIST,CA Osasuna,Espanyol Barcelona,Jorge Herrando (Assist) (1),,21.0000,odds_api_io,event_id=61624674;market=Player To Score or Assist
2026-05-17T11:51:42Z,2026-05-17,61624674,2026-05-17T17:00:00Z,,live_capture,Bet365,Spain - LaLiga,ANYTIME_ASSIST,CA Osasuna,Espanyol Barcelona,Raul Garcia (Score or Assist) (1),,1.9090,odds_api_io,event_id=61624674;market=Player To Score or Assist
2026-05-17T11:51:42Z,2026-05-17,61624674,2026-05-17T17:00:00Z,,live_capture,Bet365,Spain - LaLiga,ANYTIME_ASSIST,CA Osasuna,Espanyol Barcelona,Victor Munoz (Score or Assist) (1),,2.5000,odds_api_io,event_id=61624674;market=Player To Score or Assist
2026-05-17T11:51:42Z,2026-05-17,61624674,2026-05-17T17:00:00Z,,live_capture,Bet365,Spain - LaLiga,ANYTIME_ASSIST,CA Osasuna,Espanyol Barcelona,Raul Moro (Score or Assist) (1),,2.7500,odds_api_io,event_id=61624674;market=Player To Score or Assist
2026-05-17T11:51:42Z,2026-05-17,61624674,2026-05-17T17:00:00Z,,live_capture,Bet365,Spain - LaLiga,ANYTIME_ASSIST,CA Osasuna,Espanyol Barcelona,Bordonado Moi Gomez (Score or Assist) (1),,4.0000,odds_api_io,event_id=61624674;market=Player To Score or Assist
2026-05-17T11:51:42Z,2026-05-17,61624674,2026-05-17T17:00:00Z,,live_capture,Bet365,Spain - LaLiga,ANYTIME_ASSIST,CA Osasuna,Espanyol Barcelona,Inigo Arguibide (Score or Assist) (1),,4.3330,odds_api_io,event_id=61624674;market=Player To Score or Assist
2026-05-17T11:51:42Z,2026-05-17,61624674,2026-05-17T17:00:00Z,,live_capture,Bet365,Spain - LaLiga,ANYTIME_ASSIST,CA Osasuna,Espanyol Barcelona,Iker Munoz (Score or Assist) (1),,6.0000,odds_api_io,event_id=61624674;market=Player To Score or Assist
2026-05-17T11:51:42Z,2026-05-17,61624674,2026-05-17T17:00:00Z,,live_capture,Bet365,Spain - LaLiga,ANYTIME_ASSIST,CA Osasuna,Espanyol Barcelona,Eduardo Exposito (Score) (2),,8.0000,odds_api_io,event_id=61624674;market=Player To Score or Assist
2026-05-17T11:51:42Z,2026-05-17,61624674,2026-05-17T17:00:00Z,,live_capture,Bet365,Spain - LaLiga,ANYTIME_ASSIST,CA Osasuna,Espanyol Barcelona,Abel Bretones (Score) (1),,6.5000,odds_api_io,event_id=61624674;market=Player To Score or Assist
2026-05-17T11:51:42Z,2026-05-17,61624674,2026-05-17T17:00:00Z,,live_capture,Bet365,Spain - LaLiga,ANYTIME_ASSIST,CA Osasuna,Espanyol Barcelona,Ramon Terrats (Score) (2),,8.0000,odds_api_io,event_id=61624674;market=Player To Score or Assist
2026-05-17T11:51:42Z,2026-05-17,61624674,2026-05-17T17:00:00Z,,live_capture,Bet365,Spain - LaLiga,ANYTIME_ASSIST,CA Osasuna,Espanyol Barcelona,Ruben Sanchez (Score) (2),,8.0000,odds_api_io,event_id=61624674;market=Player To Score or Assist
2026-05-17T11:51:42Z,2026-05-17,61624674,2026-05-17T17:00:00Z,,live_capture,Bet365,Spain - LaLiga,ANYTIME_ASSIST,CA Osasuna,Espanyol Barcelona,Aimar Oroz (Assist) (1),,5.0000,odds_api_io,event_id=61624674;market=Player To Score or Assist
2026-05-17T11:51:42Z,2026-05-17,61624674,2026-05-17T17:00:00Z,,live_capture,Bet365,Spain - LaLiga,ANYTIME_ASSIST,CA Osasuna,Espanyol Barcelona,Pol Lozano (Assist) (2),,11.0000,odds_api_io,event_id=61624674;market=Player To Score or Assist
2026-05-17T11:51:42Z,2026-05-17,61624676,2026-05-17T17:00:00Z,,live_capture,Bet365,Spain - LaLiga,ANYTIME_ASSIST,Sevilla FC,Real Madrid,Joaquin Martinez Gauna (Score) (1),,6.0000,odds_api_io,event_id=61624676;market=Player To Score or Assist
2026-05-17T11:51:42Z,2026-05-17,61624676,2026-05-17T17:00:00Z,,live_capture,Bet365,Spain - LaLiga,ANYTIME_ASSIST,Sevilla FC,Real Madrid,Manu Bueno (Score) (1),,6.0000,odds_api_io,event_id=61624676;market=Player To Score or Assist
2026-05-17T11:51:42Z,2026-05-17,61624676,2026-05-17T17:00:00Z,,live_capture,Bet365,Spain - LaLiga,ANYTIME_ASSIST,Sevilla FC,Real Madrid,Chidera Ejuke (Assist) (1),,7.0000,odds_api_io,event_id=61624676;market=Player To Score or Assist
2026-05-17T11:51:42Z,2026-05-17,61624676,2026-05-17T17:00:00Z,,live_capture,Bet365,Spain - LaLiga,ANYTIME_ASSIST,Sevilla FC,Real Madrid,Ruben Vargas (Assist) (1),,5.0000,odds_api_io,event_id=61624676;market=Player To Score or Assist
2026-05-17T11:51:42Z,2026-05-17,61624676,2026-05-17T17:00:00Z,,live_capture,Bet365,Spain - LaLiga,ANYTIME_ASSIST,Sevilla FC,Real Madrid,Joan Jordan (Assist) (1),,6.0000,odds_api_io,event_id=61624676;market=Player To Score or Assist
2026-05-17T11:51:42Z,2026-05-17,61624676,2026-05-17T17:00:00Z,,live_capture,Bet365,Spain - LaLiga,ANYTIME_ASSIST,Sevilla FC,Real Madrid,Jorge Cestero (Assist) (2),,7.5000,odds_api_io,event_id=61624676;market=Player To Score or Assist
2026-05-17T11:51:42Z,2026-05-17,61624676,2026-05-17T17:00:00Z,,live_capture,Bet365,Spain - LaLiga,ANYTIME_ASSIST,Sevilla FC,Real Madrid,Gabriel Suazo (Assist) (1),,7.0000,odds_api_io,event_id=61624676;market=Player To Score or Assist
2026-05-17T11:51:42Z,2026-05-17,61624676,2026-05-17T17:00:00Z,,live_capture,Bet365,Spain - LaLiga,ANYTIME_ASSIST,Sevilla FC,Real Madrid,Vinicius Jr. (Score or Assist) (2),,1.9090,odds_api_io,event_id=61624676;market=Player To Score or Assist
2026-05-17T11:51:42Z,2026-05-17,61624676,2026-05-17T17:00:00Z,,live_capture,Bet365,Spain - LaLiga,ANYTIME_ASSIST,Sevilla FC,Real Madrid,Cesar Palacios (Score or Assist) (2),,2.3750,odds_api_io,event_id=61624676;market=Player To Score or Assist
2026-05-17T11:51:42Z,2026-05-17,61624676,2026-05-17T17:00:00Z,,live_capture,Bet365,Spain - LaLiga,ANYTIME_ASSIST,Sevilla FC,Real Madrid,Joaquin Martinez Gauna (Score or Assist) (1),,3.6000,odds_api_io,event_id=61624676;market=Player To Score or Assist
2026-05-17T11:51:42Z,2026-05-17,61624676,2026-05-17T17:00:00Z,,live_capture,Bet365,Spain - LaLiga,ANYTIME_ASSIST,Sevilla FC,Real Madrid,Manu Bueno (Score or Assist) (1),,4.0000,odds_api_io,event_id=61624676;market=Player To Score or Assist
2026-05-17T11:51:42Z,2026-05-17,61624676,2026-05-17T17:00:00Z,,live_capture,Bet365,Spain - LaLiga,ANYTIME_ASSIST,Sevilla FC,Real Madrid,Isaac Romero (Score) (1),,2.6000,odds_api_io,event_id=61624676;market=Player To Score or Assist
2026-05-17T11:51:42Z,2026-05-17,61624676,2026-05-17T17:00:00Z,,live_capture,Bet365,Spain - LaLiga,ANYTIME_ASSIST,Sevilla FC,Real Madrid,Akor Adams (Score) (1),,2.4000,odds_api_io,event_id=61624676;market=Player To Score or Assist
2026-05-17T11:51:42Z,2026-05-17,61624676,2026-05-17T17:00:00Z,,live_capture,Bet365,Spain - LaLiga,ANYTIME_ASSIST,Sevilla FC,Real Madrid,Gonzalo Garcia (Score) (2),,2.6000,odds_api_io,event_id=61624676;market=Player To Score or Assist
2026-05-17T11:51:42Z,2026-05-17,61624676,2026-05-17T17:00:00Z,,live_capture,Bet365,Spain - LaLiga,ANYTIME_ASSIST,Sevilla FC,Real Madrid,Jude Bellingham (Score) (2),,3.4000,odds_api_io,event_id=61624676;market=Player To Score or Assist
2026-05-17T11:51:42Z,2026-05-17,61624676,2026-05-17T17:00:00Z,,live_capture,Bet365,Spain - LaLiga,ANYTIME_ASSIST,Sevilla FC,Real Madrid,Dani Ceballos (Score) (2),,8.0000,odds_api_io,event_id=61624676;market=Player To Score or Assist
2026-05-17T11:51:42Z,2026-05-17,61624676,2026-05-17T17:00:00Z,,live_capture,Bet365,Spain - LaLiga,ANYTIME_ASSIST,Sevilla FC,Real Madrid,Kike Salas (Score) (1),,8.0000,odds_api_io,event_id=61624676;market=Player To Score or Assist
2026-05-17T11:51:42Z,2026-05-17,61624676,2026-05-17T17:00:00Z,,live_capture,Bet365,Spain - LaLiga,ANYTIME_ASSIST,Sevilla FC,Real Madrid,Batista Mendy (Score) (1),,8.0000,odds_api_io,event_id=61624676;market=Player To Score or Assist
2026-05-17T11:51:42Z,2026-05-17,61624676,2026-05-17T17:00:00Z,,live_capture,Bet365,Spain - LaLiga,ANYTIME_ASSIST,Sevilla FC,Real Madrid,Ferland Mendy (Score) (2),,17.0000,odds_api_io,event_id=61624676;market=Player To Score or Assist
2026-05-17T11:51:42Z,2026-05-17,61624676,2026-05-17T17:00:00Z,,live_capture,Bet365,Spain - LaLiga,ANYTIME_ASSIST,Sevilla FC,Real Madrid,Cesar Azpilicueta (Score) (1),,17.0000,odds_api_io,event_id=61624676;market=Player To Score or Assist
2026-05-17T11:51:42Z,2026-05-17,61624676,2026-05-17T17:00:00Z,,live_capture,Bet365,Spain - LaLiga,ANYTIME_ASSIST,Sevilla FC,Real Madrid,Marcao Teixeira (Score) (1),,17.0000,odds_api_io,event_id=61624676;market=Player To Score or Assist
2026-05-17T11:51:42Z,2026-05-17,61624676,2026-05-17T17:00:00Z,,live_capture,Bet365,Spain - LaLiga,ANYTIME_ASSIST,Sevilla FC,Real Madrid,Kylian Mbappe (Assist) (2),,5.0000,odds_api_io,event_id=61624676;market=Player To Score or Assist
2026-05-17T11:51:42Z,2026-05-17,61624676,2026-05-17T17:00:00Z,,live_capture,Bet365,Spain - LaLiga,ANYTIME_ASSIST,Sevilla FC,Real Madrid,Miguel Sierra (Score or Assist) (1),,2.3750,odds_api_io,event_id=61624676;market=Player To Score or Assist
2026-05-17T11:51:42Z,2026-05-17,61624676,2026-05-17T17:00:00Z,,live_capture,Bet365,Spain - LaLiga,ANYTIME_ASSIST,Sevilla FC,Real Madrid,Brahim Diaz (Score or Assist) (2),,2.6000,odds_api_io,event_id=61624676;market=Player To Score or Assist
2026-05-17T11:51:42Z,2026-05-17,61624676,2026-05-17T17:00:00Z,,live_capture,Bet365,Spain - LaLiga,ANYTIME_ASSIST,Sevilla FC,Real Madrid,Chidera Ejuke (Score or Assist) (1),,2.6000,odds_api_io,event_id=61624676;market=Player To Score or Assist
2026-05-17T11:51:42Z,2026-05-17,61624676,2026-05-17T17:00:00Z,,live_capture,Bet365,Spain - LaLiga,ANYTIME_ASSIST,Sevilla FC,Real Madrid,Jose Carmona (Score or Assist) (1),,5.0000,odds_api_io,event_id=61624676;market=Player To Score or Assist
2026-05-17T11:51:42Z,2026-05-17,61624676,2026-05-17T17:00:00Z,,live_capture,Bet365,Spain - LaLiga,ANYTIME_ASSIST,Sevilla FC,Real Madrid,Federico Gattoni (Score or Assist) (1),,8.5000,odds_api_io,event_id=61624676;market=Player To Score or Assist
2026-05-17T11:51:42Z,2026-05-17,61624676,2026-05-17T17:00:00Z,,live_capture,Bet365,Spain - LaLiga,ANYTIME_ASSIST,Sevilla FC,Real Madrid,Santos Fabio Cardoso (Score or Assist) (1),,8.5000,odds_api_io,event_id=61624676;market=Player To Score or Assist
2026-05-17T11:51:42Z,2026-05-17,61624676,2026-05-17T17:00:00Z,,live_capture,Bet365,Spain - LaLiga,ANYTIME_ASSIST,Sevilla FC,Real Madrid,Jose Carmona (Score) (1),,9.0000,odds_api_io,event_id=61624676;market=Player To Score or Assist
2026-05-17T11:51:42Z,2026-05-17,61624676,2026-05-17T17:00:00Z,,live_capture,Bet365,Spain - LaLiga,ANYTIME_ASSIST,Sevilla FC,Real Madrid,Eduardo Camavinga (Score) (2),,9.0000,odds_api_io,event_id=61624676;market=Player To Score or Assist
2026-05-17T11:51:42Z,2026-05-17,61624676,2026-05-17T17:00:00Z,,live_capture,Bet365,Spain - LaLiga,ANYTIME_ASSIST,Sevilla FC,Real Madrid,Kylian Mbappe (Score or Assist) (2),,1.6150,odds_api_io,event_id=61624676;market=Player To Score or Assist
2026-05-17T11:51:42Z,2026-05-17,61624676,2026-05-17T17:00:00Z,,live_capture,Bet365,Spain - LaLiga,ANYTIME_ASSIST,Sevilla FC,Real Madrid,Gerard Peque Fernandez (Score or Assist) (1),,2.7500,odds_api_io,event_id=61624676;market=Player To Score or Assist
2026-05-17T11:51:42Z,2026-05-17,61624676,2026-05-17T17:00:00Z,,live_capture,Bet365,Spain - LaLiga,ANYTIME_ASSIST,Sevilla FC,Real Madrid,Djibril Sow (Score or Assist) (1),,3.1000,odds_api_io,event_id=61624676;market=Player To Score or Assist
2026-05-17T11:51:42Z,2026-05-17,61624676,2026-05-17T17:00:00Z,,live_capture,Bet365,Spain - LaLiga,ANYTIME_ASSIST,Sevilla FC,Real Madrid,Federico Valverde (Score or Assist) (2),,3.1000,odds_api_io,event_id=61624676;market=Player To Score or Assist
2026-05-17T11:51:42Z,2026-05-17,61624676,2026-05-17T17:00:00Z,,live_capture,Bet365,Spain - LaLiga,ANYTIME_ASSIST,Sevilla FC,Real Madrid,Juanlu Sanchez (Score or Assist) (1),,3.1000,odds_api_io,event_id=61624676;market=Player To Score or Assist
2026-05-17T11:51:42Z,2026-05-17,61624676,2026-05-17T17:00:00Z,,live_capture,Bet365,Spain - LaLiga,ANYTIME_ASSIST,Sevilla FC,Real Madrid,Kylian Mbappe (Score) (2),,1.9520,odds_api_io,event_id=61624676;market=Player To Score or Assist
2026-05-17T11:51:42Z,2026-05-17,61624676,2026-05-17T17:00:00Z,,live_capture,Bet365,Spain - LaLiga,ANYTIME_ASSIST,Sevilla FC,Real Madrid,Neal Maupay (Score) (1),,4.0000,odds_api_io,event_id=61624676;market=Player To Score or Assist
2026-05-17T11:51:42Z,2026-05-17,61624676,2026-05-17T17:00:00Z,,live_capture,Bet365,Spain - LaLiga,ANYTIME_ASSIST,Sevilla FC,Real Madrid,Miguel Sierra (Assist) (1),,5.0000,odds_api_io,event_id=61624676;market=Player To Score or Assist
2026-05-17T11:51:42Z,2026-05-17,61624676,2026-05-17T17:00:00Z,,live_capture,Bet365,Spain - LaLiga,ANYTIME_ASSIST,Sevilla FC,Real Madrid,Jude Bellingham (Score or Assist) (2),,2.3750,odds_api_io,event_id=61624676;market=Player To Score or Assist
2026-05-17T11:51:42Z,2026-05-17,61624676,2026-05-17T17:00:00Z,,live_capture,Bet365,Spain - LaLiga,ANYTIME_ASSIST,Sevilla FC,Real Madrid,Adnan Januzaj (Score or Assist) (1),,2.4000,odds_api_io,event_id=61624676;market=Player To Score or Assist
2026-05-17T11:51:42Z,2026-05-17,61624676,2026-05-17T17:00:00Z,,live_capture,Bet365,Spain - LaLiga,ANYTIME_ASSIST,Sevilla FC,Real Madrid,Dani Ceballos (Score or Assist) (2),,3.7500,odds_api_io,event_id=61624676;market=Player To Score or Assist
2026-05-17T11:51:42Z,2026-05-17,61624676,2026-05-17T17:00:00Z,,live_capture,Bet365,Spain - LaLiga,ANYTIME_ASSIST,Sevilla FC,Real Madrid,Manuel Angel (Score or Assist) (2),,3.7500,odds_api_io,event_id=61624676;market=Player To Score or Assist
2026-05-17T11:51:42Z,2026-05-17,61624676,2026-05-17T17:00:00Z,,live_capture,Bet365,Spain - LaLiga,ANYTIME_ASSIST,Sevilla FC,Real Madrid,Aurelien Tchouameni (Score or Assist) (2),,4.5000,odds_api_io,event_id=61624676;market=Player To Score or Assist
2026-05-17T11:51:42Z,2026-05-17,61624676,2026-05-17T17:00:00Z,,live_capture,Bet365,Spain - LaLiga,ANYTIME_ASSIST,Sevilla FC,Real Madrid,David Jimenez (Score or Assist) (2),,4.5000,odds_api_io,event_id=61624676;market=Player To Score or Assist
2026-05-17T11:51:42Z,2026-05-17,61624676,2026-05-17T17:00:00Z,,live_capture,Bet365,Spain - LaLiga,ANYTIME_ASSIST,Sevilla FC,Real Madrid,Dean Huijsen (Score or Assist) (2),,6.0000,odds_api_io,event_id=61624676;market=Player To Score or Assist
2026-05-17T11:51:42Z,2026-05-17,61624676,2026-05-17T17:00:00Z,,live_capture,Bet365,Spain - LaLiga,ANYTIME_ASSIST,Sevilla FC,Real Madrid,Victor Valdepenas (Score or Assist) (2),,6.0000,odds_api_io,event_id=61624676;market=Player To Score or Assist
2026-05-17T11:51:42Z,2026-05-17,61624676,2026-05-17T17:00:00Z,,live_capture,Bet365,Spain - LaLiga,ANYTIME_ASSIST,Sevilla FC,Real Madrid,Antonio Rudiger (Score or Assist) (2),,6.5000,odds_api_io,event_id=61624676;market=Player To Score or Assist
2026-05-17T11:51:42Z,2026-05-17,61624676,2026-05-17T17:00:00Z,,live_capture,Bet365,Spain - LaLiga,ANYTIME_ASSIST,Sevilla FC,Real Madrid,Vinicius Jr. (Score) (2),,2.8750,odds_api_io,event_id=61624676;market=Player To Score or Assist
2026-05-17T11:51:42Z,2026-05-17,61624676,2026-05-17T17:00:00Z,,live_capture,Bet365,Spain - LaLiga,ANYTIME_ASSIST,Sevilla FC,Real Madrid,Cesar Palacios (Score) (2),,3.7500,odds_api_io,event_id=61624676;market=Player To Score or Assist
2026-05-17T11:51:42Z,2026-05-17,61624676,2026-05-17T17:00:00Z,,live_capture,Bet365,Spain - LaLiga,ANYTIME_ASSIST,Sevilla FC,Real Madrid,Miguel Sierra (Score) (1),,3.6000,odds_api_io,event_id=61624676;market=Player To Score or Assist
2026-05-17T11:51:42Z,2026-05-17,61624676,2026-05-17T17:00:00Z,,live_capture,Bet365,Spain - LaLiga,ANYTIME_ASSIST,Sevilla FC,Real Madrid,Adnan Januzaj (Score) (1),,3.6000,odds_api_io,event_id=61624676;market=Player To Score or Assist
2026-05-17T11:51:42Z,2026-05-17,61624676,2026-05-17T17:00:00Z,,live_capture,Bet365,Spain - LaLiga,ANYTIME_ASSIST,Sevilla FC,Real Madrid,Brahim Diaz (Score) (2),,4.5000,odds_api_io,event_id=61624676;market=Player To Score or Assist
2026-05-17T11:51:42Z,2026-05-17,61624676,2026-05-17T17:00:00Z,,live_capture,Bet365,Spain - LaLiga,ANYTIME_ASSIST,Sevilla FC,Real Madrid,Chidera Ejuke (Score) (1),,3.6000,odds_api_io,event_id=61624676;market=Player To Score or Assist
2026-05-17T11:51:42Z,2026-05-17,61624676,2026-05-17T17:00:00Z,,live_capture,Bet365,Spain - LaLiga,ANYTIME_ASSIST,Sevilla FC,Real Madrid,Ruben Vargas (Score) (1),,4.7500,odds_api_io,event_id=61624676;market=Player To Score or Assist
2026-05-17T11:51:42Z,2026-05-17,61624676,2026-05-17T17:00:00Z,,live_capture,Bet365,Spain - LaLiga,ANYTIME_ASSIST,Sevilla FC,Real Madrid,Franco Mastantuono (Score) (2),,4.5000,odds_api_io,event_id=61624676;market=Player To Score or Assist
2026-05-17T11:51:42Z,2026-05-17,61624676,2026-05-17T17:00:00Z,,live_capture,Bet365,Spain - LaLiga,ANYTIME_ASSIST,Sevilla FC,Real Madrid,Joan Jordan (Score) (1),,4.5000,odds_api_io,event_id=61624676;market=Player To Score or Assist
2026-05-17T11:51:42Z,2026-05-17,61624676,2026-05-17T17:00:00Z,,live_capture,Bet365,Spain - LaLiga,ANYTIME_ASSIST,Sevilla FC,Real Madrid,Gerard Peque Fernandez (Score) (1),,3.6000,odds_api_io,event_id=61624676;market=Player To Score or Assist
2026-05-17T11:51:42Z,2026-05-17,61624676,2026-05-17T17:00:00Z,,live_capture,Bet365,Spain - LaLiga,ANYTIME_ASSIST,Sevilla FC,Real Madrid,Thiago Pitarch (Score) (2),,4.5000,odds_api_io,event_id=61624676;market=Player To Score or Assist
2026-05-17T11:51:42Z,2026-05-17,61624676,2026-05-17T17:00:00Z,,live_capture,Bet365,Spain - LaLiga,ANYTIME_ASSIST,Sevilla FC,Real Madrid,Trent Alexander-Arnold (Score) (2),,7.0000,odds_api_io,event_id=61624676;market=Player To Score or Assist
2026-05-17T11:51:42Z,2026-05-17,61624676,2026-05-17T17:00:00Z,,live_capture,Bet365,Spain - LaLiga,ANYTIME_ASSIST,Sevilla FC,Real Madrid,Djibril Sow (Score) (1),,4.7500,odds_api_io,event_id=61624676;market=Player To Score or Assist
2026-05-17T11:51:42Z,2026-05-17,61624676,2026-05-17T17:00:00Z,,live_capture,Bet365,Spain - LaLiga,ANYTIME_ASSIST,Sevilla FC,Real Madrid,Federico Valverde (Score) (2),,5.5000,odds_api_io,event_id=61624676;market=Player To Score or Assist
2026-05-17T11:51:42Z,2026-05-17,61624676,2026-05-17T17:00:00Z,,live_capture,Bet365,Spain - LaLiga,ANYTIME_ASSIST,Sevilla FC,Real Madrid,Juanlu Sanchez (Score) (1),,4.7500,odds_api_io,event_id=61624676;market=Player To Score or Assist
2026-05-17T11:51:42Z,2026-05-17,61624676,2026-05-17T17:00:00Z,,live_capture,Bet365,Spain - LaLiga,ANYTIME_ASSIST,Sevilla FC,Real Madrid,Jorge Cestero (Score) (2),,5.5000,odds_api_io,event_id=61624676;market=Player To Score or Assist
2026-05-17T11:51:42Z,2026-05-17,61624676,2026-05-17T17:00:00Z,,live_capture,Bet365,Spain - LaLiga,ANYTIME_ASSIST,Sevilla FC,Real Madrid,Gabriel Suazo (Score) (1),,7.0000,odds_api_io,event_id=61624676;market=Player To Score or Assist
2026-05-17T11:51:42Z,2026-05-17,61624676,2026-05-17T17:00:00Z,,live_capture,Bet365,Spain - LaLiga,ANYTIME_ASSIST,Sevilla FC,Real Madrid,Manuel Angel (Score) (2),,7.0000,odds_api_io,event_id=61624676;market=Player To Score or Assist
2026-05-17T11:51:42Z,2026-05-17,61624676,2026-05-17T17:00:00Z,,live_capture,Bet365,Spain - LaLiga,ANYTIME_ASSIST,Sevilla FC,Real Madrid,Lucien Agoume (Score) (1),,7.5000,odds_api_io,event_id=61624676;market=Player To Score or Assist
2026-05-17T11:51:42Z,2026-05-17,61624676,2026-05-17T17:00:00Z,,live_capture,Bet365,Spain - LaLiga,ANYTIME_ASSIST,Sevilla FC,Real Madrid,Nemanja Gudelj (Score) (1),,7.5000,odds_api_io,event_id=61624676;market=Player To Score or Assist
2026-05-17T11:51:42Z,2026-05-17,61624676,2026-05-17T17:00:00Z,,live_capture,Bet365,Spain - LaLiga,ANYTIME_ASSIST,Sevilla FC,Real Madrid,Aurelien Tchouameni (Score) (2),,7.0000,odds_api_io,event_id=61624676;market=Player To Score or Assist
2026-05-17T11:51:42Z,2026-05-17,61624676,2026-05-17T17:00:00Z,,live_capture,Bet365,Spain - LaLiga,ANYTIME_ASSIST,Sevilla FC,Real Madrid,David Jimenez (Score) (2),,10.0000,odds_api_io,event_id=61624676;market=Player To Score or Assist
2026-05-17T11:51:42Z,2026-05-17,61624676,2026-05-17T17:00:00Z,,live_capture,Bet365,Spain - LaLiga,ANYTIME_ASSIST,Sevilla FC,Real Madrid,Francisco Garcia (Score) (2),,15.0000,odds_api_io,event_id=61624676;market=Player To Score or Assist
2026-05-17T11:51:42Z,2026-05-17,61624676,2026-05-17T17:00:00Z,,live_capture,Bet365,Spain - LaLiga,ANYTIME_ASSIST,Sevilla FC,Real Madrid,Alvaro Carreras (Score) (2),,10.0000,odds_api_io,event_id=61624676;market=Player To Score or Assist
2026-05-17T11:51:42Z,2026-05-17,61624676,2026-05-17T17:00:00Z,,live_capture,Bet365,Spain - LaLiga,ANYTIME_ASSIST,Sevilla FC,Real Madrid,Andres Castrin (Score) (1),,7.5000,odds_api_io,event_id=61624676;market=Player To Score or Assist
2026-05-17T11:51:42Z,2026-05-17,61624676,2026-05-17T17:00:00Z,,live_capture,Bet365,Spain - LaLiga,ANYTIME_ASSIST,Sevilla FC,Real Madrid,Dani Carvajal (Score) (2),,12.0000,odds_api_io,event_id=61624676;market=Player To Score or Assist
2026-05-17T11:51:42Z,2026-05-17,61624676,2026-05-17T17:00:00Z,,live_capture,Bet365,Spain - LaLiga,ANYTIME_ASSIST,Sevilla FC,Real Madrid,Tanguy Kouassi (Score) (1),,7.5000,odds_api_io,event_id=61624676;market=Player To Score or Assist
2026-05-17T11:51:42Z,2026-05-17,61624676,2026-05-17T17:00:00Z,,live_capture,Bet365,Spain - LaLiga,ANYTIME_ASSIST,Sevilla FC,Real Madrid,Dean Huijsen (Score) (2),,10.0000,odds_api_io,event_id=61624676;market=Player To Score or Assist
2026-05-17T11:51:42Z,2026-05-17,61624676,2026-05-17T17:00:00Z,,live_capture,Bet365,Spain - LaLiga,ANYTIME_ASSIST,Sevilla FC,Real Madrid,Victor Valdepenas (Score) (2),,10.0000,odds_api_io,event_id=61624676;market=Player To Score or Assist
2026-05-17T11:51:42Z,2026-05-17,61624676,2026-05-17T17:00:00Z,,live_capture,Bet365,Spain - LaLiga,ANYTIME_ASSIST,Sevilla FC,Real Madrid,Antonio Rudiger (Score) (2),,10.0000,odds_api_io,event_id=61624676;market=Player To Score or Assist
2026-05-17T11:51:42Z,2026-05-17,61624676,2026-05-17T17:00:00Z,,live_capture,Bet365,Spain - LaLiga,ANYTIME_ASSIST,Sevilla FC,Real Madrid,David Alaba (Score) (2),,12.0000,odds_api_io,event_id=61624676;market=Player To Score or Assist
2026-05-17T11:51:42Z,2026-05-17,61624676,2026-05-17T17:00:00Z,,live_capture,Bet365,Spain - LaLiga,ANYTIME_ASSIST,Sevilla FC,Real Madrid,Raul Asencio (Score) (2),,15.0000,odds_api_io,event_id=61624676;market=Player To Score or Assist
2026-05-17T11:51:42Z,2026-05-17,61624676,2026-05-17T17:00:00Z,,live_capture,Bet365,Spain - LaLiga,ANYTIME_ASSIST,Sevilla FC,Real Madrid,Federico Gattoni (Score) (1),,15.0000,odds_api_io,event_id=61624676;market=Player To Score or Assist
2026-05-17T11:51:42Z,2026-05-17,61624676,2026-05-17T17:00:00Z,,live_capture,Bet365,Spain - LaLiga,ANYTIME_ASSIST,Sevilla FC,Real Madrid,Santos Fabio Cardoso (Score) (1),,15.0000,odds_api_io,event_id=61624676;market=Player To Score or Assist
2026-05-17T11:51:42Z,2026-05-17,61624676,2026-05-17T17:00:00Z,,live_capture,Bet365,Spain - LaLiga,ANYTIME_ASSIST,Sevilla FC,Real Madrid,Cesar Palacios (Assist) (2),,5.0000,odds_api_io,event_id=61624676;market=Player To Score or Assist
2026-05-17T11:51:42Z,2026-05-17,61624676,2026-05-17T17:00:00Z,,live_capture,Bet365,Spain - LaLiga,ANYTIME_ASSIST,Sevilla FC,Real Madrid,Jude Bellingham (Assist) (2),,5.5000,odds_api_io,event_id=61624676;market=Player To Score or Assist
2026-05-17T11:51:42Z,2026-05-17,61624676,2026-05-17T17:00:00Z,,live_capture,Bet365,Spain - LaLiga,ANYTIME_ASSIST,Sevilla FC,Real Madrid,Adnan Januzaj (Assist) (1),,5.5000,odds_api_io,event_id=61624676;market=Player To Score or Assist
2026-05-17T11:51:42Z,2026-05-17,61624676,2026-05-17T17:00:00Z,,live_capture,Bet365,Spain - LaLiga,ANYTIME_ASSIST,Sevilla FC,Real Madrid,Brahim Diaz (Assist) (2),,5.0000,odds_api_io,event_id=61624676;market=Player To Score or Assist
2026-05-17T11:51:42Z,2026-05-17,61624676,2026-05-17T17:00:00Z,,live_capture,Bet365,Spain - LaLiga,ANYTIME_ASSIST,Sevilla FC,Real Madrid,Franco Mastantuono (Assist) (2),,5.5000,odds_api_io,event_id=61624676;market=Player To Score or Assist
2026-05-17T11:51:42Z,2026-05-17,61624676,2026-05-17T17:00:00Z,,live_capture,Bet365,Spain - LaLiga,ANYTIME_ASSIST,Sevilla FC,Real Madrid,Neal Maupay (Assist) (1),,6.5000,odds_api_io,event_id=61624676;market=Player To Score or Assist
2026-05-17T11:51:42Z,2026-05-17,61624676,2026-05-17T17:00:00Z,,live_capture,Bet365,Spain - LaLiga,ANYTIME_ASSIST,Sevilla FC,Real Madrid,Gerard Peque Fernandez (Assist) (1),,8.5000,odds_api_io,event_id=61624676;market=Player To Score or Assist
2026-05-17T11:51:42Z,2026-05-17,61624676,2026-05-17T17:00:00Z,,live_capture,Bet365,Spain - LaLiga,ANYTIME_ASSIST,Sevilla FC,Real Madrid,Thiago Pitarch (Assist) (2),,6.5000,odds_api_io,event_id=61624676;market=Player To Score or Assist
2026-05-17T11:51:42Z,2026-05-17,61624676,2026-05-17T17:00:00Z,,live_capture,Bet365,Spain - LaLiga,ANYTIME_ASSIST,Sevilla FC,Real Madrid,Trent Alexander-Arnold (Assist) (2),,4.5000,odds_api_io,event_id=61624676;market=Player To Score or Assist
2026-05-17T11:51:42Z,2026-05-17,61624676,2026-05-17T17:00:00Z,,live_capture,Bet365,Spain - LaLiga,ANYTIME_ASSIST,Sevilla FC,Real Madrid,Djibril Sow (Assist) (1),,7.0000,odds_api_io,event_id=61624676;market=Player To Score or Assist
2026-05-17T11:51:42Z,2026-05-17,61624676,2026-05-17T17:00:00Z,,live_capture,Bet365,Spain - LaLiga,ANYTIME_ASSIST,Sevilla FC,Real Madrid,Federico Valverde (Assist) (2),,6.0000,odds_api_io,event_id=61624676;market=Player To Score or Assist
2026-05-17T11:51:42Z,2026-05-17,61624676,2026-05-17T17:00:00Z,,live_capture,Bet365,Spain - LaLiga,ANYTIME_ASSIST,Sevilla FC,Real Madrid,Juanlu Sanchez (Assist) (1),,7.0000,odds_api_io,event_id=61624676;market=Player To Score or Assist
2026-05-17T11:51:42Z,2026-05-17,61624676,2026-05-17T17:00:00Z,,live_capture,Bet365,Spain - LaLiga,ANYTIME_ASSIST,Sevilla FC,Real Madrid,Joaquin Martinez Gauna (Assist) (1),,7.0000,odds_api_io,event_id=61624676;market=Player To Score or Assist
2026-05-17T11:51:42Z,2026-05-17,61624676,2026-05-17T17:00:00Z,,live_capture,Bet365,Spain - LaLiga,ANYTIME_ASSIST,Sevilla FC,Real Madrid,Dani Ceballos (Assist) (2),,6.5000,odds_api_io,event_id=61624676;market=Player To Score or Assist
2026-05-17T11:51:42Z,2026-05-17,61624676,2026-05-17T17:00:00Z,,live_capture,Bet365,Spain - LaLiga,ANYTIME_ASSIST,Sevilla FC,Real Madrid,Manu Bueno (Assist) (1),,8.5000,odds_api_io,event_id=61624676;market=Player To Score or Assist
2026-05-17T11:51:42Z,2026-05-17,61624676,2026-05-17T17:00:00Z,,live_capture,Bet365,Spain - LaLiga,ANYTIME_ASSIST,Sevilla FC,Real Madrid,Manuel Angel (Assist) (2),,7.0000,odds_api_io,event_id=61624676;market=Player To Score or Assist
2026-05-17T11:51:42Z,2026-05-17,61624676,2026-05-17T17:00:00Z,,live_capture,Bet365,Spain - LaLiga,ANYTIME_ASSIST,Sevilla FC,Real Madrid,Lucien Agoume (Assist) (1),,8.5000,odds_api_io,event_id=61624676;market=Player To Score or Assist
2026-05-17T11:51:42Z,2026-05-17,61624676,2026-05-17T17:00:00Z,,live_capture,Bet365,Spain - LaLiga,ANYTIME_ASSIST,Sevilla FC,Real Madrid,Nemanja Gudelj (Assist) (1),,8.5000,odds_api_io,event_id=61624676;market=Player To Score or Assist
2026-05-17T11:51:42Z,2026-05-17,61624676,2026-05-17T17:00:00Z,,live_capture,Bet365,Spain - LaLiga,ANYTIME_ASSIST,Sevilla FC,Real Madrid,Aurelien Tchouameni (Assist) (2),,10.0000,odds_api_io,event_id=61624676;market=Player To Score or Assist
2026-05-17T11:51:42Z,2026-05-17,61624676,2026-05-17T17:00:00Z,,live_capture,Bet365,Spain - LaLiga,ANYTIME_ASSIST,Sevilla FC,Real Madrid,David Jimenez (Assist) (2),,7.0000,odds_api_io,event_id=61624676;market=Player To Score or Assist
2026-05-17T11:51:42Z,2026-05-17,61624676,2026-05-17T17:00:00Z,,live_capture,Bet365,Spain - LaLiga,ANYTIME_ASSIST,Sevilla FC,Real Madrid,Francisco Garcia (Assist) (2),,6.5000,odds_api_io,event_id=61624676;market=Player To Score or Assist
2026-05-17T11:51:42Z,2026-05-17,61624676,2026-05-17T17:00:00Z,,live_capture,Bet365,Spain - LaLiga,ANYTIME_ASSIST,Sevilla FC,Real Madrid,Kike Salas (Assist) (1),,8.5000,odds_api_io,event_id=61624676;market=Player To Score or Assist
2026-05-17T11:51:42Z,2026-05-17,61624676,2026-05-17T17:00:00Z,,live_capture,Bet365,Spain - LaLiga,ANYTIME_ASSIST,Sevilla FC,Real Madrid,Alvaro Carreras (Assist) (2),,9.0000,odds_api_io,event_id=61624676;market=Player To Score or Assist
2026-05-17T11:51:42Z,2026-05-17,61624676,2026-05-17T17:00:00Z,,live_capture,Bet365,Spain - LaLiga,ANYTIME_ASSIST,Sevilla FC,Real Madrid,Andres Castrin (Assist) (1),,12.0000,odds_api_io,event_id=61624676;market=Player To Score or Assist
2026-05-17T11:51:42Z,2026-05-17,61624676,2026-05-17T17:00:00Z,,live_capture,Bet365,Spain - LaLiga,ANYTIME_ASSIST,Sevilla FC,Real Madrid,Batista Mendy (Assist) (1),,11.0000,odds_api_io,event_id=61624676;market=Player To Score or Assist
2026-05-17T11:51:42Z,2026-05-17,61624676,2026-05-17T17:00:00Z,,live_capture,Bet365,Spain - LaLiga,ANYTIME_ASSIST,Sevilla FC,Real Madrid,Dani Carvajal (Assist) (2),,8.0000,odds_api_io,event_id=61624676;market=Player To Score or Assist
2026-05-17T11:51:42Z,2026-05-17,61624676,2026-05-17T17:00:00Z,,live_capture,Bet365,Spain - LaLiga,ANYTIME_ASSIST,Sevilla FC,Real Madrid,Eduardo Camavinga (Assist) (2),,10.0000,odds_api_io,event_id=61624676;market=Player To Score or Assist
2026-05-17T11:51:42Z,2026-05-17,61624676,2026-05-17T17:00:00Z,,live_capture,Bet365,Spain - LaLiga,ANYTIME_ASSIST,Sevilla FC,Real Madrid,Jose Carmona (Assist) (1),,9.0000,odds_api_io,event_id=61624676;market=Player To Score or Assist
2026-05-17T11:51:42Z,2026-05-17,61624676,2026-05-17T17:00:00Z,,live_capture,Bet365,Spain - LaLiga,ANYTIME_ASSIST,Sevilla FC,Real Madrid,Tanguy Kouassi (Assist) (1),,12.0000,odds_api_io,event_id=61624676;market=Player To Score or Assist
2026-05-17T11:51:42Z,2026-05-17,61624676,2026-05-17T17:00:00Z,,live_capture,Bet365,Spain - LaLiga,ANYTIME_ASSIST,Sevilla FC,Real Madrid,Dean Huijsen (Assist) (2),,11.0000,odds_api_io,event_id=61624676;market=Player To Score or Assist
2026-05-17T11:51:42Z,2026-05-17,61624676,2026-05-17T17:00:00Z,,live_capture,Bet365,Spain - LaLiga,ANYTIME_ASSIST,Sevilla FC,Real Madrid,Victor Valdepenas (Assist) (2),,11.0000,odds_api_io,event_id=61624676;market=Player To Score or Assist
2026-05-17T11:51:42Z,2026-05-17,61624676,2026-05-17T17:00:00Z,,live_capture,Bet365,Spain - LaLiga,ANYTIME_ASSIST,Sevilla FC,Real Madrid,Antonio Rudiger (Assist) (2),,12.0000,odds_api_io,event_id=61624676;market=Player To Score or Assist
2026-05-17T11:51:42Z,2026-05-17,61624676,2026-05-17T17:00:00Z,,live_capture,Bet365,Spain - LaLiga,ANYTIME_ASSIST,Sevilla FC,Real Madrid,Ferland Mendy (Assist) (2),,9.0000,odds_api_io,event_id=61624676;market=Player To Score or Assist
2026-05-17T11:51:42Z,2026-05-17,61624676,2026-05-17T17:00:00Z,,live_capture,Bet365,Spain - LaLiga,ANYTIME_ASSIST,Sevilla FC,Real Madrid,David Alaba (Assist) (2),,12.0000,odds_api_io,event_id=61624676;market=Player To Score or Assist
2026-05-17T11:51:42Z,2026-05-17,61624676,2026-05-17T17:00:00Z,,live_capture,Bet365,Spain - LaLiga,ANYTIME_ASSIST,Sevilla FC,Real Madrid,Raul Asencio (Assist) (2),,11.0000,odds_api_io,event_id=61624676;market=Player To Score or Assist
2026-05-17T11:51:42Z,2026-05-17,61624676,2026-05-17T17:00:00Z,,live_capture,Bet365,Spain - LaLiga,ANYTIME_ASSIST,Sevilla FC,Real Madrid,Cesar Azpilicueta (Assist) (1),,12.0000,odds_api_io,event_id=61624676;market=Player To Score or Assist
2026-05-17T11:51:42Z,2026-05-17,61624676,2026-05-17T17:00:00Z,,live_capture,Bet365,Spain - LaLiga,ANYTIME_ASSIST,Sevilla FC,Real Madrid,Federico Gattoni (Assist) (1),,13.0000,odds_api_io,event_id=61624676;market=Player To Score or Assist
2026-05-17T11:51:42Z,2026-05-17,61624676,2026-05-17T17:00:00Z,,live_capture,Bet365,Spain - LaLiga,ANYTIME_ASSIST,Sevilla FC,Real Madrid,Santos Fabio Cardoso (Assist) (1),,13.0000,odds_api_io,event_id=61624676;market=Player To Score or Assist
2026-05-17T11:51:42Z,2026-05-17,61624676,2026-05-17T17:00:00Z,,live_capture,Bet365,Spain - LaLiga,ANYTIME_ASSIST,Sevilla FC,Real Madrid,Marcao Teixeira (Assist) (1),,13.0000,odds_api_io,event_id=61624676;market=Player To Score or Assist
2026-05-17T11:51:42Z,2026-05-17,61624676,2026-05-17T17:00:00Z,,live_capture,Bet365,Spain - LaLiga,ANYTIME_ASSIST,Sevilla FC,Real Madrid,Ruben Vargas (Score or Assist) (1),,2.6250,odds_api_io,event_id=61624676;market=Player To Score or Assist
2026-05-17T11:51:42Z,2026-05-17,61624676,2026-05-17T17:00:00Z,,live_capture,Bet365,Spain - LaLiga,ANYTIME_ASSIST,Sevilla FC,Real Madrid,Franco Mastantuono (Score or Assist) (2),,2.7500,odds_api_io,event_id=61624676;market=Player To Score or Assist
2026-05-17T11:51:42Z,2026-05-17,61624676,2026-05-17T17:00:00Z,,live_capture,Bet365,Spain - LaLiga,ANYTIME_ASSIST,Sevilla FC,Real Madrid,Joan Jordan (Score or Assist) (1),,2.7500,odds_api_io,event_id=61624676;market=Player To Score or Assist
2026-05-17T11:51:42Z,2026-05-17,61624676,2026-05-17T17:00:00Z,,live_capture,Bet365,Spain - LaLiga,ANYTIME_ASSIST,Sevilla FC,Real Madrid,Neal Maupay (Score or Assist) (1),,2.7500,odds_api_io,event_id=61624676;market=Player To Score or Assist
2026-05-17T11:51:42Z,2026-05-17,61624676,2026-05-17T17:00:00Z,,live_capture,Bet365,Spain - LaLiga,ANYTIME_ASSIST,Sevilla FC,Real Madrid,Thiago Pitarch (Score or Assist) (2),,2.8750,odds_api_io,event_id=61624676;market=Player To Score or Assist
2026-05-17T11:51:42Z,2026-05-17,61624676,2026-05-17T17:00:00Z,,live_capture,Bet365,Spain - LaLiga,ANYTIME_ASSIST,Sevilla FC,Real Madrid,Trent Alexander-Arnold (Score or Assist) (2),,3.0000,odds_api_io,event_id=61624676;market=Player To Score or Assist
2026-05-17T11:51:42Z,2026-05-17,61624676,2026-05-17T17:00:00Z,,live_capture,Bet365,Spain - LaLiga,ANYTIME_ASSIST,Sevilla FC,Real Madrid,Jorge Cestero (Score or Assist) (2),,3.6000,odds_api_io,event_id=61624676;market=Player To Score or Assist
2026-05-17T11:51:42Z,2026-05-17,61624676,2026-05-17T17:00:00Z,,live_capture,Bet365,Spain - LaLiga,ANYTIME_ASSIST,Sevilla FC,Real Madrid,Gabriel Suazo (Score or Assist) (1),,3.7500,odds_api_io,event_id=61624676;market=Player To Score or Assist
2026-05-17T11:51:42Z,2026-05-17,61624676,2026-05-17T17:00:00Z,,live_capture,Bet365,Spain - LaLiga,ANYTIME_ASSIST,Sevilla FC,Real Madrid,Lucien Agoume (Score or Assist) (1),,4.5000,odds_api_io,event_id=61624676;market=Player To Score or Assist
2026-05-17T11:51:42Z,2026-05-17,61624676,2026-05-17T17:00:00Z,,live_capture,Bet365,Spain - LaLiga,ANYTIME_ASSIST,Sevilla FC,Real Madrid,Nemanja Gudelj (Score or Assist) (1),,4.5000,odds_api_io,event_id=61624676;market=Player To Score or Assist
2026-05-17T11:51:42Z,2026-05-17,61624676,2026-05-17T17:00:00Z,,live_capture,Bet365,Spain - LaLiga,ANYTIME_ASSIST,Sevilla FC,Real Madrid,Francisco Garcia (Score or Assist) (2),,4.7500,odds_api_io,event_id=61624676;market=Player To Score or Assist
2026-05-17T11:51:42Z,2026-05-17,61624676,2026-05-17T17:00:00Z,,live_capture,Bet365,Spain - LaLiga,ANYTIME_ASSIST,Sevilla FC,Real Madrid,Kike Salas (Score or Assist) (1),,4.7500,odds_api_io,event_id=61624676;market=Player To Score or Assist
2026-05-17T11:51:42Z,2026-05-17,61624676,2026-05-17T17:00:00Z,,live_capture,Bet365,Spain - LaLiga,ANYTIME_ASSIST,Sevilla FC,Real Madrid,Alvaro Carreras (Score or Assist) (2),,5.5000,odds_api_io,event_id=61624676;market=Player To Score or Assist
2026-05-17T11:51:42Z,2026-05-17,61624676,2026-05-17T17:00:00Z,,live_capture,Bet365,Spain - LaLiga,ANYTIME_ASSIST,Sevilla FC,Real Madrid,Andres Castrin (Score or Assist) (1),,5.5000,odds_api_io,event_id=61624676;market=Player To Score or Assist
2026-05-17T11:51:42Z,2026-05-17,61624676,2026-05-17T17:00:00Z,,live_capture,Bet365,Spain - LaLiga,ANYTIME_ASSIST,Sevilla FC,Real Madrid,Batista Mendy (Score or Assist) (1),,5.5000,odds_api_io,event_id=61624676;market=Player To Score or Assist
2026-05-17T11:51:42Z,2026-05-17,61624676,2026-05-17T17:00:00Z,,live_capture,Bet365,Spain - LaLiga,ANYTIME_ASSIST,Sevilla FC,Real Madrid,Dani Carvajal (Score or Assist) (2),,5.5000,odds_api_io,event_id=61624676;market=Player To Score or Assist
2026-05-17T11:51:42Z,2026-05-17,61624676,2026-05-17T17:00:00Z,,live_capture,Bet365,Spain - LaLiga,ANYTIME_ASSIST,Sevilla FC,Real Madrid,Eduardo Camavinga (Score or Assist) (2),,5.5000,odds_api_io,event_id=61624676;market=Player To Score or Assist
2026-05-17T11:51:42Z,2026-05-17,61624676,2026-05-17T17:00:00Z,,live_capture,Bet365,Spain - LaLiga,ANYTIME_ASSIST,Sevilla FC,Real Madrid,Tanguy Kouassi (Score or Assist) (1),,5.5000,odds_api_io,event_id=61624676;market=Player To Score or Assist
2026-05-17T11:51:42Z,2026-05-17,61624676,2026-05-17T17:00:00Z,,live_capture,Bet365,Spain - LaLiga,ANYTIME_ASSIST,Sevilla FC,Real Madrid,Ferland Mendy (Score or Assist) (2),,7.0000,odds_api_io,event_id=61624676;market=Player To Score or Assist
2026-05-17T11:51:42Z,2026-05-17,61624676,2026-05-17T17:00:00Z,,live_capture,Bet365,Spain - LaLiga,ANYTIME_ASSIST,Sevilla FC,Real Madrid,David Alaba (Score or Assist) (2),,7.5000,odds_api_io,event_id=61624676;market=Player To Score or Assist
2026-05-17T11:51:42Z,2026-05-17,61624676,2026-05-17T17:00:00Z,,live_capture,Bet365,Spain - LaLiga,ANYTIME_ASSIST,Sevilla FC,Real Madrid,Raul Asencio (Score or Assist) (2),,7.5000,odds_api_io,event_id=61624676;market=Player To Score or Assist
2026-05-17T11:51:42Z,2026-05-17,61624676,2026-05-17T17:00:00Z,,live_capture,Bet365,Spain - LaLiga,ANYTIME_ASSIST,Sevilla FC,Real Madrid,Cesar Azpilicueta (Score or Assist) (1),,9.0000,odds_api_io,event_id=61624676;market=Player To Score or Assist
2026-05-17T11:51:42Z,2026-05-17,61624676,2026-05-17T17:00:00Z,,live_capture,Bet365,Spain - LaLiga,ANYTIME_ASSIST,Sevilla FC,Real Madrid,Marcao Teixeira (Score or Assist) (1),,10.0000,odds_api_io,event_id=61624676;market=Player To Score or Assist
2026-05-17T11:51:42Z,2026-05-17,61624676,2026-05-17T17:00:00Z,,live_capture,Bet365,Spain - LaLiga,ANYTIME_ASSIST,Sevilla FC,Real Madrid,Alexis Sanchez (Score) (1),,3.1000,odds_api_io,event_id=61624676;market=Player To Score or Assist
2026-05-17T11:51:42Z,2026-05-17,61624676,2026-05-17T17:00:00Z,,live_capture,Bet365,Spain - LaLiga,ANYTIME_ASSIST,Sevilla FC,Real Madrid,Isaac Romero (Assist) (1),,5.5000,odds_api_io,event_id=61624676;market=Player To Score or Assist
2026-05-17T11:51:42Z,2026-05-17,61624676,2026-05-17T17:00:00Z,,live_capture,Bet365,Spain - LaLiga,ANYTIME_ASSIST,Sevilla FC,Real Madrid,Vinicius Jr. (Assist) (2),,4.3330,odds_api_io,event_id=61624676;market=Player To Score or Assist
2026-05-17T11:51:42Z,2026-05-17,61624676,2026-05-17T17:00:00Z,,live_capture,Bet365,Spain - LaLiga,ANYTIME_ASSIST,Sevilla FC,Real Madrid,Akor Adams (Assist) (1),,7.5000,odds_api_io,event_id=61624676;market=Player To Score or Assist
2026-05-17T11:51:42Z,2026-05-17,61624676,2026-05-17T17:00:00Z,,live_capture,Bet365,Spain - LaLiga,ANYTIME_ASSIST,Sevilla FC,Real Madrid,Gonzalo Garcia (Assist) (2),,7.0000,odds_api_io,event_id=61624676;market=Player To Score or Assist
2026-05-17T11:51:42Z,2026-05-17,61624676,2026-05-17T17:00:00Z,,live_capture,Bet365,Spain - LaLiga,ANYTIME_ASSIST,Sevilla FC,Real Madrid,Alexis Sanchez (Assist) (1),,6.0000,odds_api_io,event_id=61624676;market=Player To Score or Assist
2026-05-17T11:51:42Z,2026-05-17,61624676,2026-05-17T17:00:00Z,,live_capture,Bet365,Spain - LaLiga,ANYTIME_ASSIST,Sevilla FC,Real Madrid,Isaac Romero (Score or Assist) (1),,2.0000,odds_api_io,event_id=61624676;market=Player To Score or Assist
2026-05-17T11:51:42Z,2026-05-17,61624676,2026-05-17T17:00:00Z,,live_capture,Bet365,Spain - LaLiga,ANYTIME_ASSIST,Sevilla FC,Real Madrid,Akor Adams (Score or Assist) (1),,2.0500,odds_api_io,event_id=61624676;market=Player To Score or Assist
2026-05-17T11:51:42Z,2026-05-17,61624676,2026-05-17T17:00:00Z,,live_capture,Bet365,Spain - LaLiga,ANYTIME_ASSIST,Sevilla FC,Real Madrid,Gonzalo Garcia (Score or Assist) (2),,2.1000,odds_api_io,event_id=61624676;market=Player To Score or Assist
2026-05-17T11:51:42Z,2026-05-17,61624676,2026-05-17T17:00:00Z,,live_capture,Bet365,Spain - LaLiga,ANYTIME_ASSIST,Sevilla FC,Real Madrid,Alexis Sanchez (Score or Assist) (1),,2.3000,odds_api_io,event_id=61624676;market=Player To Score or Assist
2026-05-17T11:51:42Z,2026-05-17,61624676,2026-05-17T17:00:00Z,,live_capture,Bet365,Spain - LaLiga,ANYTIME_ASSIST,Sevilla FC,Real Madrid,Daniel Yanez (Score) (2),,4.5000,odds_api_io,event_id=61624676;market=Player To Score or Assist
2026-05-17T11:51:42Z,2026-05-17,61624676,2026-05-17T17:00:00Z,,live_capture,Bet365,Spain - LaLiga,ANYTIME_ASSIST,Sevilla FC,Real Madrid,Joan Martinez (Score) (2),,10.0000,odds_api_io,event_id=61624676;market=Player To Score or Assist
2026-05-17T11:51:42Z,2026-05-17,61624676,2026-05-17T17:00:00Z,,live_capture,Bet365,Spain - LaLiga,ANYTIME_ASSIST,Sevilla FC,Real Madrid,Daniel Yanez (Assist) (2),,4.5000,odds_api_io,event_id=61624676;market=Player To Score or Assist
2026-05-17T11:51:42Z,2026-05-17,61624676,2026-05-17T17:00:00Z,,live_capture,Bet365,Spain - LaLiga,ANYTIME_ASSIST,Sevilla FC,Real Madrid,Joan Martinez (Assist) (2),,11.0000,odds_api_io,event_id=61624676;market=Player To Score or Assist
2026-05-17T11:51:42Z,2026-05-17,61624676,2026-05-17T17:00:00Z,,live_capture,Bet365,Spain - LaLiga,ANYTIME_ASSIST,Sevilla FC,Real Madrid,Daniel Yanez (Score or Assist) (2),,2.5000,odds_api_io,event_id=61624676;market=Player To Score or Assist
2026-05-17T11:51:42Z,2026-05-17,61624676,2026-05-17T17:00:00Z,,live_capture,Bet365,Spain - LaLiga,ANYTIME_ASSIST,Sevilla FC,Real Madrid,Joan Martinez (Score or Assist) (2),,6.0000,odds_api_io,event_id=61624676;market=Player To Score or Assist
2026-05-17T11:51:42Z,2026-05-17,61624662,2026-05-17T19:15:00Z,,live_capture,Bet365,Spain - LaLiga,ANYTIME_ASSIST,FC Barcelona,Real Betis Seville,Giovani Lo Celso (Score) (2),,4.5000,odds_api_io,event_id=61624662;market=Player To Score or Assist
2026-05-17T11:51:42Z,2026-05-17,61624662,2026-05-17T19:15:00Z,,live_capture,Bet365,Spain - LaLiga,ANYTIME_ASSIST,FC Barcelona,Real Betis Seville,Pablo Fornals (Score) (2),,6.0000,odds_api_io,event_id=61624662;market=Player To Score or Assist
2026-05-17T11:51:42Z,2026-05-17,61624662,2026-05-17T19:15:00Z,,live_capture,Bet365,Spain - LaLiga,ANYTIME_ASSIST,FC Barcelona,Real Betis Seville,Rodrigo Riquelme (Score) (2),,6.0000,odds_api_io,event_id=61624662;market=Player To Score or Assist
2026-05-17T11:51:42Z,2026-05-17,61624662,2026-05-17T19:15:00Z,,live_capture,Bet365,Spain - LaLiga,ANYTIME_ASSIST,FC Barcelona,Real Betis Seville,Daniel Perez Guerrero (Score) (2),,6.0000,odds_api_io,event_id=61624662;market=Player To Score or Assist
2026-05-17T11:51:42Z,2026-05-17,61624662,2026-05-17T19:15:00Z,,live_capture,Bet365,Spain - LaLiga,ANYTIME_ASSIST,FC Barcelona,Real Betis Seville,Ivan Corralejo (Score) (2),,6.0000,odds_api_io,event_id=61624662;market=Player To Score or Assist
2026-05-17T11:51:42Z,2026-05-17,61624662,2026-05-17T19:15:00Z,,live_capture,Bet365,Spain - LaLiga,ANYTIME_ASSIST,FC Barcelona,Real Betis Seville,Giovani Lo Celso (Assist) (2),,6.0000,odds_api_io,event_id=61624662;market=Player To Score or Assist
2026-05-17T11:51:42Z,2026-05-17,61624662,2026-05-17T19:15:00Z,,live_capture,Bet365,Spain - LaLiga,ANYTIME_ASSIST,FC Barcelona,Real Betis Seville,Carlos De Roa (Assist) (2),,10.0000,odds_api_io,event_id=61624662;market=Player To Score or Assist
2026-05-17T11:51:42Z,2026-05-17,61624662,2026-05-17T19:15:00Z,,live_capture,Bet365,Spain - LaLiga,ANYTIME_ASSIST,FC Barcelona,Real Betis Seville,Hector Bellerin (Assist) (2),,8.5000,odds_api_io,event_id=61624662;market=Player To Score or Assist
2026-05-17T11:51:42Z,2026-05-17,61624662,2026-05-17T19:15:00Z,,live_capture,Bet365,Spain - LaLiga,ANYTIME_ASSIST,FC Barcelona,Real Betis Seville,Alvaro Fidalgo (Score or Assist) (2),,3.7500,odds_api_io,event_id=61624662;market=Player To Score or Assist
2026-05-17T11:51:42Z,2026-05-17,61624662,2026-05-17T19:15:00Z,,live_capture,Bet365,Spain - LaLiga,ANYTIME_ASSIST,FC Barcelona,Real Betis Seville,Rodrigo Riquelme (Score or Assist) (2),,3.7500,odds_api_io,event_id=61624662;market=Player To Score or Assist
2026-05-17T11:51:42Z,2026-05-17,61624662,2026-05-17T19:15:00Z,,live_capture,Bet365,Spain - LaLiga,ANYTIME_ASSIST,FC Barcelona,Real Betis Seville,Ivan Corralejo (Score or Assist) (2),,4.0000,odds_api_io,event_id=61624662;market=Player To Score or Assist
2026-05-17T11:51:42Z,2026-05-17,61624662,2026-05-17T19:15:00Z,,live_capture,Bet365,Spain - LaLiga,ANYTIME_ASSIST,FC Barcelona,Real Betis Seville,Martin Gerard (Score) (1),,7.5000,odds_api_io,event_id=61624662;market=Player To Score or Assist
2026-05-17T11:51:42Z,2026-05-17,61624662,2026-05-17T19:15:00Z,,live_capture,Bet365,Spain - LaLiga,ANYTIME_ASSIST,FC Barcelona,Real Betis Seville,Alex Balde (Score) (1),,7.5000,odds_api_io,event_id=61624662;market=Player To Score or Assist
2026-05-17T11:51:42Z,2026-05-17,61624662,2026-05-17T19:15:00Z,,live_capture,Bet365,Spain - LaLiga,ANYTIME_ASSIST,FC Barcelona,Real Betis Seville,Pau Cubarsi (Score) (1),,7.5000,odds_api_io,event_id=61624662;market=Player To Score or Assist
2026-05-17T11:51:42Z,2026-05-17,61624662,2026-05-17T19:15:00Z,,live_capture,Bet365,Spain - LaLiga,ANYTIME_ASSIST,FC Barcelona,Real Betis Seville,Antony (Assist) (2),,5.5000,odds_api_io,event_id=61624662;market=Player To Score or Assist
2026-05-17T11:51:42Z,2026-05-17,61624662,2026-05-17T19:15:00Z,,live_capture,Bet365,Spain - LaLiga,ANYTIME_ASSIST,FC Barcelona,Real Betis Seville,Pablo Fornals (Assist) (2),,6.0000,odds_api_io,event_id=61624662;market=Player To Score or Assist
2026-05-17T11:51:42Z,2026-05-17,61624662,2026-05-17T19:15:00Z,,live_capture,Bet365,Spain - LaLiga,ANYTIME_ASSIST,FC Barcelona,Real Betis Seville,Nelson Deossa (Assist) (2),,9.0000,odds_api_io,event_id=61624662;market=Player To Score or Assist
2026-05-17T11:51:42Z,2026-05-17,61624662,2026-05-17T19:15:00Z,,live_capture,Bet365,Spain - LaLiga,ANYTIME_ASSIST,FC Barcelona,Real Betis Seville,Ivan Corralejo (Assist) (2),,8.0000,odds_api_io,event_id=61624662;market=Player To Score or Assist
2026-05-17T11:51:42Z,2026-05-17,61624662,2026-05-17T19:15:00Z,,live_capture,Bet365,Spain - LaLiga,ANYTIME_ASSIST,FC Barcelona,Real Betis Seville,Daniel Perez Guerrero (Assist) (2),,9.0000,odds_api_io,event_id=61624662;market=Player To Score or Assist
2026-05-17T11:51:42Z,2026-05-17,61624662,2026-05-17T19:15:00Z,,live_capture,Bet365,Spain - LaLiga,ANYTIME_ASSIST,FC Barcelona,Real Betis Seville,Pablo Garcia (Assist) (2),,9.0000,odds_api_io,event_id=61624662;market=Player To Score or Assist
2026-05-17T11:51:42Z,2026-05-17,61624662,2026-05-17T19:15:00Z,,live_capture,Bet365,Spain - LaLiga,ANYTIME_ASSIST,FC Barcelona,Real Betis Seville,Marc Roca (Assist) (2),,8.0000,odds_api_io,event_id=61624662;market=Player To Score or Assist
2026-05-17T11:51:42Z,2026-05-17,61624662,2026-05-17T19:15:00Z,,live_capture,Bet365,Spain - LaLiga,ANYTIME_ASSIST,FC Barcelona,Real Betis Seville,Sofyan Amrabat (Assist) (2),,8.0000,odds_api_io,event_id=61624662;market=Player To Score or Assist
2026-05-17T11:51:42Z,2026-05-17,61624662,2026-05-17T19:15:00Z,,live_capture,Bet365,Spain - LaLiga,ANYTIME_ASSIST,FC Barcelona,Real Betis Seville,Angel Ortiz (Assist) (2),,9.0000,odds_api_io,event_id=61624662;market=Player To Score or Assist
2026-05-17T11:51:42Z,2026-05-17,61624662,2026-05-17T19:15:00Z,,live_capture,Bet365,Spain - LaLiga,ANYTIME_ASSIST,FC Barcelona,Real Betis Seville,Alex Balde (Score or Assist) (1),,3.6000,odds_api_io,event_id=61624662;market=Player To Score or Assist
2026-05-17T11:51:42Z,2026-05-17,61624662,2026-05-17T19:15:00Z,,live_capture,Bet365,Spain - LaLiga,ANYTIME_ASSIST,FC Barcelona,Real Betis Seville,Junior Firpo (Score or Assist) (2),,4.7500,odds_api_io,event_id=61624662;market=Player To Score or Assist
2026-05-17T11:51:42Z,2026-05-17,61624662,2026-05-17T19:15:00Z,,live_capture,Bet365,Spain - LaLiga,ANYTIME_ASSIST,FC Barcelona,Real Betis Seville,Pau Cubarsi (Score or Assist) (1),,5.0000,odds_api_io,event_id=61624662;market=Player To Score or Assist
2026-05-17T11:51:42Z,2026-05-17,61624662,2026-05-17T19:15:00Z,,live_capture,Bet365,Spain - LaLiga,ANYTIME_ASSIST,FC Barcelona,Real Betis Seville,Fermin Lopez (Score) (1),,2.5000,odds_api_io,event_id=61624662;market=Player To Score or Assist
2026-05-17T11:51:42Z,2026-05-17,61624662,2026-05-17T19:15:00Z,,live_capture,Bet365,Spain - LaLiga,ANYTIME_ASSIST,FC Barcelona,Real Betis Seville,Dani Olmo (Score) (1),,2.5000,odds_api_io,event_id=61624662;market=Player To Score or Assist
2026-05-17T11:51:42Z,2026-05-17,61624662,2026-05-17T19:15:00Z,,live_capture,Bet365,Spain - LaLiga,ANYTIME_ASSIST,FC Barcelona,Real Betis Seville,Andreas Christensen (Score) (1),,6.0000,odds_api_io,event_id=61624662;market=Player To Score or Assist
2026-05-17T11:51:42Z,2026-05-17,61624662,2026-05-17T19:15:00Z,,live_capture,Bet365,Spain - LaLiga,ANYTIME_ASSIST,FC Barcelona,Real Betis Seville,Robert Lewandowski (Assist) (1),,5.0000,odds_api_io,event_id=61624662;market=Player To Score or Assist
2026-05-17T11:51:42Z,2026-05-17,61624662,2026-05-17T19:15:00Z,,live_capture,Bet365,Spain - LaLiga,ANYTIME_ASSIST,FC Barcelona,Real Betis Seville,Marc Casado (Assist) (1),,5.0000,odds_api_io,event_id=61624662;market=Player To Score or Assist
2026-05-17T11:51:42Z,2026-05-17,61624662,2026-05-17T19:15:00Z,,live_capture,Bet365,Spain - LaLiga,ANYTIME_ASSIST,FC Barcelona,Real Betis Seville,Andreas Christensen (Assist) (1),,12.0000,odds_api_io,event_id=61624662;market=Player To Score or Assist
2026-05-17T11:51:42Z,2026-05-17,61624662,2026-05-17T19:15:00Z,,live_capture,Bet365,Spain - LaLiga,ANYTIME_ASSIST,FC Barcelona,Real Betis Seville,Fermin Lopez (Score or Assist) (1),,1.6150,odds_api_io,event_id=61624662;market=Player To Score or Assist
2026-05-17T11:51:42Z,2026-05-17,61624662,2026-05-17T19:15:00Z,,live_capture,Bet365,Spain - LaLiga,ANYTIME_ASSIST,FC Barcelona,Real Betis Seville,Dani Olmo (Score or Assist) (1),,1.7270,odds_api_io,event_id=61624662;market=Player To Score or Assist
2026-05-17T11:51:42Z,2026-05-17,61624662,2026-05-17T19:15:00Z,,live_capture,Bet365,Spain - LaLiga,ANYTIME_ASSIST,FC Barcelona,Real Betis Seville,Martin Gerard (Score or Assist) (1),,3.5000,odds_api_io,event_id=61624662;market=Player To Score or Assist
2026-05-17T11:51:42Z,2026-05-17,61624662,2026-05-17T19:15:00Z,,live_capture,Bet365,Spain - LaLiga,ANYTIME_ASSIST,FC Barcelona,Real Betis Seville,Andreas Christensen (Score or Assist) (1),,4.7500,odds_api_io,event_id=61624662;market=Player To Score or Assist
2026-05-17T11:51:42Z,2026-05-17,61624662,2026-05-17T19:15:00Z,,live_capture,Bet365,Spain - LaLiga,ANYTIME_ASSIST,FC Barcelona,Real Betis Seville,Pedri (Score) (1),,4.0000,odds_api_io,event_id=61624662;market=Player To Score or Assist
2026-05-17T11:51:42Z,2026-05-17,61624662,2026-05-17T19:15:00Z,,live_capture,Bet365,Spain - LaLiga,ANYTIME_ASSIST,FC Barcelona,Real Betis Seville,Marc Bernal (Score) (1),,4.0000,odds_api_io,event_id=61624662;market=Player To Score or Assist
2026-05-17T11:51:42Z,2026-05-17,61624662,2026-05-17T19:15:00Z,,live_capture,Bet365,Spain - LaLiga,ANYTIME_ASSIST,FC Barcelona,Real Betis Seville,Joao Cancelo (Score) (1),,5.5000,odds_api_io,event_id=61624662;market=Player To Score or Assist
2026-05-17T11:51:42Z,2026-05-17,61624662,2026-05-17T19:15:00Z,,live_capture,Bet365,Spain - LaLiga,ANYTIME_ASSIST,FC Barcelona,Real Betis Seville,Frenkie de Jong (Score) (1),,4.5000,odds_api_io,event_id=61624662;market=Player To Score or Assist
2026-05-17T11:51:42Z,2026-05-17,61624662,2026-05-17T19:15:00Z,,live_capture,Bet365,Spain - LaLiga,ANYTIME_ASSIST,FC Barcelona,Real Betis Seville,Pablo Martin Gavi (Score) (1),,5.5000,odds_api_io,event_id=61624662;market=Player To Score or Assist
2026-05-17T11:51:42Z,2026-05-17,61624662,2026-05-17T19:15:00Z,,live_capture,Bet365,Spain - LaLiga,ANYTIME_ASSIST,FC Barcelona,Real Betis Seville,Aitor Ruibal (Score) (2),,5.0000,odds_api_io,event_id=61624662;market=Player To Score or Assist
2026-05-17T11:51:42Z,2026-05-17,61624662,2026-05-17T19:15:00Z,,live_capture,Bet365,Spain - LaLiga,ANYTIME_ASSIST,FC Barcelona,Real Betis Seville,Jofre Torrents (Score) (1),,5.5000,odds_api_io,event_id=61624662;market=Player To Score or Assist
2026-05-17T11:51:42Z,2026-05-17,61624662,2026-05-17T19:15:00Z,,live_capture,Bet365,Spain - LaLiga,ANYTIME_ASSIST,FC Barcelona,Real Betis Seville,Sergi Altimira (Score) (2),,8.5000,odds_api_io,event_id=61624662;market=Player To Score or Assist
2026-05-17T11:51:42Z,2026-05-17,61624662,2026-05-17T19:15:00Z,,live_capture,Bet365,Spain - LaLiga,ANYTIME_ASSIST,FC Barcelona,Real Betis Seville,Angel Ortiz (Score) (2),,15.0000,odds_api_io,event_id=61624662;market=Player To Score or Assist
2026-05-17T11:51:42Z,2026-05-17,61624662,2026-05-17T19:15:00Z,,live_capture,Bet365,Spain - LaLiga,ANYTIME_ASSIST,FC Barcelona,Real Betis Seville,Diego Llorente (Score) (2),,15.0000,odds_api_io,event_id=61624662;market=Player To Score or Assist
2026-05-17T11:51:42Z,2026-05-17,61624662,2026-05-17T19:15:00Z,,live_capture,Bet365,Spain - LaLiga,ANYTIME_ASSIST,FC Barcelona,Real Betis Seville,Roony Bardghji (Assist) (1),,3.7500,odds_api_io,event_id=61624662;market=Player To Score or Assist
2026-05-17T11:51:42Z,2026-05-17,61624662,2026-05-17T19:15:00Z,,live_capture,Bet365,Spain - LaLiga,ANYTIME_ASSIST,FC Barcelona,Real Betis Seville,Dani Olmo (Assist) (1),,4.0000,odds_api_io,event_id=61624662;market=Player To Score or Assist
2026-05-17T11:51:42Z,2026-05-17,61624662,2026-05-17T19:15:00Z,,live_capture,Bet365,Spain - LaLiga,ANYTIME_ASSIST,FC Barcelona,Real Betis Seville,Marc Bernal (Assist) (1),,4.3330,odds_api_io,event_id=61624662;market=Player To Score or Assist
2026-05-17T11:51:42Z,2026-05-17,61624662,2026-05-17T19:15:00Z,,live_capture,Bet365,Spain - LaLiga,ANYTIME_ASSIST,FC Barcelona,Real Betis Seville,Joao Cancelo (Assist) (1),,4.0000,odds_api_io,event_id=61624662;market=Player To Score or Assist
2026-05-17T11:51:42Z,2026-05-17,61624662,2026-05-17T19:15:00Z,,live_capture,Bet365,Spain - LaLiga,ANYTIME_ASSIST,FC Barcelona,Real Betis Seville,Luis Avila (Assist) (2),,7.0000,odds_api_io,event_id=61624662;market=Player To Score or Assist
2026-05-17T11:51:42Z,2026-05-17,61624662,2026-05-17T19:15:00Z,,live_capture,Bet365,Spain - LaLiga,ANYTIME_ASSIST,FC Barcelona,Real Betis Seville,Jules Kounde (Assist) (1),,6.0000,odds_api_io,event_id=61624662;market=Player To Score or Assist
2026-05-17T11:51:42Z,2026-05-17,61624662,2026-05-17T19:15:00Z,,live_capture,Bet365,Spain - LaLiga,ANYTIME_ASSIST,FC Barcelona,Real Betis Seville,Martin Gerard (Assist) (1),,6.0000,odds_api_io,event_id=61624662;market=Player To Score or Assist
2026-05-17T11:51:42Z,2026-05-17,61624662,2026-05-17T19:15:00Z,,live_capture,Bet365,Spain - LaLiga,ANYTIME_ASSIST,FC Barcelona,Real Betis Seville,Xavi Espart (Assist) (1),,6.5000,odds_api_io,event_id=61624662;market=Player To Score or Assist
2026-05-17T11:51:42Z,2026-05-17,61624662,2026-05-17T19:15:00Z,,live_capture,Bet365,Spain - LaLiga,ANYTIME_ASSIST,FC Barcelona,Real Betis Seville,Alvaro Fidalgo (Assist) (2),,7.0000,odds_api_io,event_id=61624662;market=Player To Score or Assist
2026-05-17T11:51:42Z,2026-05-17,61624662,2026-05-17T19:15:00Z,,live_capture,Bet365,Spain - LaLiga,ANYTIME_ASSIST,FC Barcelona,Real Betis Seville,Alvaro Cortes (Assist) (1),,8.0000,odds_api_io,event_id=61624662;market=Player To Score or Assist
2026-05-17T11:51:42Z,2026-05-17,61624662,2026-05-17T19:15:00Z,,live_capture,Bet365,Spain - LaLiga,ANYTIME_ASSIST,FC Barcelona,Real Betis Seville,Jofre Torrents (Assist) (1),,9.0000,odds_api_io,event_id=61624662;market=Player To Score or Assist
2026-05-17T11:51:42Z,2026-05-17,61624662,2026-05-17T19:15:00Z,,live_capture,Bet365,Spain - LaLiga,ANYTIME_ASSIST,FC Barcelona,Real Betis Seville,Rodrigo Riquelme (Assist) (2),,7.5000,odds_api_io,event_id=61624662;market=Player To Score or Assist
2026-05-17T11:51:42Z,2026-05-17,61624662,2026-05-17T19:15:00Z,,live_capture,Bet365,Spain - LaLiga,ANYTIME_ASSIST,FC Barcelona,Real Betis Seville,Ronald Araujo (Assist) (1),,8.5000,odds_api_io,event_id=61624662;market=Player To Score or Assist
2026-05-17T11:51:42Z,2026-05-17,61624662,2026-05-17T19:15:00Z,,live_capture,Bet365,Spain - LaLiga,ANYTIME_ASSIST,FC Barcelona,Real Betis Seville,Eric Garcia (Assist) (1),,8.5000,odds_api_io,event_id=61624662;market=Player To Score or Assist
2026-05-17T11:51:42Z,2026-05-17,61624662,2026-05-17T19:15:00Z,,live_capture,Bet365,Spain - LaLiga,ANYTIME_ASSIST,FC Barcelona,Real Betis Seville,Junior Firpo (Assist) (2),,6.5000,odds_api_io,event_id=61624662;market=Player To Score or Assist
2026-05-17T11:51:42Z,2026-05-17,61624662,2026-05-17T19:15:00Z,,live_capture,Bet365,Spain - LaLiga,ANYTIME_ASSIST,FC Barcelona,Real Betis Seville,Pau Cubarsi (Assist) (1),,11.0000,odds_api_io,event_id=61624662;market=Player To Score or Assist
2026-05-17T11:51:42Z,2026-05-17,61624662,2026-05-17T19:15:00Z,,live_capture,Bet365,Spain - LaLiga,ANYTIME_ASSIST,FC Barcelona,Real Betis Seville,Sergi Altimira (Assist) (2),,9.0000,odds_api_io,event_id=61624662;market=Player To Score or Assist
2026-05-17T11:51:42Z,2026-05-17,61624662,2026-05-17T19:15:00Z,,live_capture,Bet365,Spain - LaLiga,ANYTIME_ASSIST,FC Barcelona,Real Betis Seville,Marc Bartra (Assist) (2),,13.0000,odds_api_io,event_id=61624662;market=Player To Score or Assist
2026-05-17T11:51:42Z,2026-05-17,61624662,2026-05-17T19:15:00Z,,live_capture,Bet365,Spain - LaLiga,ANYTIME_ASSIST,FC Barcelona,Real Betis Seville,Ricardo Rodriguez (Assist) (2),,13.0000,odds_api_io,event_id=61624662;market=Player To Score or Assist
2026-05-17T11:51:42Z,2026-05-17,61624662,2026-05-17T19:15:00Z,,live_capture,Bet365,Spain - LaLiga,ANYTIME_ASSIST,FC Barcelona,Real Betis Seville,Natan Bernardo (Assist) (2),,15.0000,odds_api_io,event_id=61624662;market=Player To Score or Assist
2026-05-17T11:51:42Z,2026-05-17,61624662,2026-05-17T19:15:00Z,,live_capture,Bet365,Spain - LaLiga,ANYTIME_ASSIST,FC Barcelona,Real Betis Seville,Diego Llorente (Assist) (2),,34.0000,odds_api_io,event_id=61624662;market=Player To Score or Assist
2026-05-17T11:51:42Z,2026-05-17,61624662,2026-05-17T19:15:00Z,,live_capture,Bet365,Spain - LaLiga,ANYTIME_ASSIST,FC Barcelona,Real Betis Seville,Valentin Gomez (Assist) (2),,15.0000,odds_api_io,event_id=61624662;market=Player To Score or Assist
2026-05-17T11:51:42Z,2026-05-17,61624662,2026-05-17T19:15:00Z,,live_capture,Bet365,Spain - LaLiga,ANYTIME_ASSIST,FC Barcelona,Real Betis Seville,Roony Bardghji (Score or Assist) (1),,1.6660,odds_api_io,event_id=61624662;market=Player To Score or Assist
2026-05-17T11:51:42Z,2026-05-17,61624662,2026-05-17T19:15:00Z,,live_capture,Bet365,Spain - LaLiga,ANYTIME_ASSIST,FC Barcelona,Real Betis Seville,Pablo Martin Gavi (Score or Assist) (1),,2.8750,odds_api_io,event_id=61624662;market=Player To Score or Assist
2026-05-17T11:51:42Z,2026-05-17,61624662,2026-05-17T19:15:00Z,,live_capture,Bet365,Spain - LaLiga,ANYTIME_ASSIST,FC Barcelona,Real Betis Seville,Ronald Araujo (Score or Assist) (1),,4.0000,odds_api_io,event_id=61624662;market=Player To Score or Assist
2026-05-17T11:51:42Z,2026-05-17,61624662,2026-05-17T19:15:00Z,,live_capture,Bet365,Spain - LaLiga,ANYTIME_ASSIST,FC Barcelona,Real Betis Seville,Eric Garcia (Score or Assist) (1),,4.3330,odds_api_io,event_id=61624662;market=Player To Score or Assist
2026-05-17T11:51:42Z,2026-05-17,61624662,2026-05-17T19:15:00Z,,live_capture,Bet365,Spain - LaLiga,ANYTIME_ASSIST,FC Barcelona,Real Betis Seville,Sergi Altimira (Score or Assist) (2),,5.0000,odds_api_io,event_id=61624662;market=Player To Score or Assist
2026-05-17T11:51:42Z,2026-05-17,61624662,2026-05-17T19:15:00Z,,live_capture,Bet365,Spain - LaLiga,ANYTIME_ASSIST,FC Barcelona,Real Betis Seville,Angel Ortiz (Score or Assist) (2),,6.5000,odds_api_io,event_id=61624662;market=Player To Score or Assist
2026-05-17T11:51:42Z,2026-05-17,61624662,2026-05-17T19:15:00Z,,live_capture,Bet365,Spain - LaLiga,ANYTIME_ASSIST,FC Barcelona,Real Betis Seville,Cedric Bakambu (Score) (2),,3.4000,odds_api_io,event_id=61624662;market=Player To Score or Assist
2026-05-17T11:51:42Z,2026-05-17,61624662,2026-05-17T19:15:00Z,,live_capture,Bet365,Spain - LaLiga,ANYTIME_ASSIST,FC Barcelona,Real Betis Seville,Pablo Garcia (Score) (2),,5.5000,odds_api_io,event_id=61624662;market=Player To Score or Assist
2026-05-17T11:51:42Z,2026-05-17,61624662,2026-05-17T19:15:00Z,,live_capture,Bet365,Spain - LaLiga,ANYTIME_ASSIST,FC Barcelona,Real Betis Seville,Junior Firpo (Score) (2),,15.0000,odds_api_io,event_id=61624662;market=Player To Score or Assist
2026-05-17T11:51:42Z,2026-05-17,61624662,2026-05-17T19:15:00Z,,live_capture,Bet365,Spain - LaLiga,ANYTIME_ASSIST,FC Barcelona,Real Betis Seville,Ricardo Rodriguez (Score) (2),,15.0000,odds_api_io,event_id=61624662;market=Player To Score or Assist
2026-05-17T11:51:42Z,2026-05-17,61624662,2026-05-17T19:15:00Z,,live_capture,Bet365,Spain - LaLiga,ANYTIME_ASSIST,FC Barcelona,Real Betis Seville,Raphinha (Assist) (1),,2.6250,odds_api_io,event_id=61624662;market=Player To Score or Assist
2026-05-17T11:51:42Z,2026-05-17,61624662,2026-05-17T19:15:00Z,,live_capture,Bet365,Spain - LaLiga,ANYTIME_ASSIST,FC Barcelona,Real Betis Seville,Pedri (Assist) (1),,3.5000,odds_api_io,event_id=61624662;market=Player To Score or Assist
2026-05-17T11:51:42Z,2026-05-17,61624662,2026-05-17T19:15:00Z,,live_capture,Bet365,Spain - LaLiga,ANYTIME_ASSIST,FC Barcelona,Real Betis Seville,Alex Balde (Assist) (1),,6.0000,odds_api_io,event_id=61624662;market=Player To Score or Assist
2026-05-17T11:51:42Z,2026-05-17,61624662,2026-05-17T19:15:00Z,,live_capture,Bet365,Spain - LaLiga,ANYTIME_ASSIST,FC Barcelona,Real Betis Seville,Cedric Bakambu (Score or Assist) (2),,2.5000,odds_api_io,event_id=61624662;market=Player To Score or Assist
2026-05-17T11:51:42Z,2026-05-17,61624662,2026-05-17T19:15:00Z,,live_capture,Bet365,Spain - LaLiga,ANYTIME_ASSIST,FC Barcelona,Real Betis Seville,Marc Casado (Score or Assist) (1),,3.2000,odds_api_io,event_id=61624662;market=Player To Score or Assist
2026-05-17T11:51:42Z,2026-05-17,61624662,2026-05-17T19:15:00Z,,live_capture,Bet365,Spain - LaLiga,ANYTIME_ASSIST,FC Barcelona,Real Betis Seville,Robert Lewandowski (Score) (1),,1.5710,odds_api_io,event_id=61624662;market=Player To Score or Assist
2026-05-17T11:51:42Z,2026-05-17,61624662,2026-05-17T19:15:00Z,,live_capture,Bet365,Spain - LaLiga,ANYTIME_ASSIST,FC Barcelona,Real Betis Seville,Marcus Rashford (Score) (1),,2.1000,odds_api_io,event_id=61624662;market=Player To Score or Assist
2026-05-17T11:51:42Z,2026-05-17,61624662,2026-05-17T19:15:00Z,,live_capture,Bet365,Spain - LaLiga,ANYTIME_ASSIST,FC Barcelona,Real Betis Seville,Alarcon Isco (Score) (2),,5.0000,odds_api_io,event_id=61624662;market=Player To Score or Assist
2026-05-17T11:51:42Z,2026-05-17,61624662,2026-05-17T19:15:00Z,,live_capture,Bet365,Spain - LaLiga,ANYTIME_ASSIST,FC Barcelona,Real Betis Seville,Nelson Deossa (Score) (2),,5.0000,odds_api_io,event_id=61624662;market=Player To Score or Assist
2026-05-17T11:51:42Z,2026-05-17,61624662,2026-05-17T19:15:00Z,,live_capture,Bet365,Spain - LaLiga,ANYTIME_ASSIST,FC Barcelona,Real Betis Seville,Marc Roca (Score) (2),,12.0000,odds_api_io,event_id=61624662;market=Player To Score or Assist
2026-05-17T11:51:42Z,2026-05-17,61624662,2026-05-17T19:15:00Z,,live_capture,Bet365,Spain - LaLiga,ANYTIME_ASSIST,FC Barcelona,Real Betis Seville,Sofyan Amrabat (Score) (2),,12.0000,odds_api_io,event_id=61624662;market=Player To Score or Assist
2026-05-17T11:51:42Z,2026-05-17,61624662,2026-05-17T19:15:00Z,,live_capture,Bet365,Spain - LaLiga,ANYTIME_ASSIST,FC Barcelona,Real Betis Seville,Carlos De Roa (Score) (2),,12.0000,odds_api_io,event_id=61624662;market=Player To Score or Assist
2026-05-17T11:51:42Z,2026-05-17,61624662,2026-05-17T19:15:00Z,,live_capture,Bet365,Spain - LaLiga,ANYTIME_ASSIST,FC Barcelona,Real Betis Seville,Hector Bellerin (Score) (2),,21.0000,odds_api_io,event_id=61624662;market=Player To Score or Assist
2026-05-17T11:51:42Z,2026-05-17,61624662,2026-05-17T19:15:00Z,,live_capture,Bet365,Spain - LaLiga,ANYTIME_ASSIST,FC Barcelona,Real Betis Seville,Marc Bartra (Score) (2),,12.0000,odds_api_io,event_id=61624662;market=Player To Score or Assist
2026-05-17T11:51:42Z,2026-05-17,61624662,2026-05-17T19:15:00Z,,live_capture,Bet365,Spain - LaLiga,ANYTIME_ASSIST,FC Barcelona,Real Betis Seville,Natan Bernardo (Score) (2),,21.0000,odds_api_io,event_id=61624662;market=Player To Score or Assist
2026-05-17T11:51:42Z,2026-05-17,61624662,2026-05-17T19:15:00Z,,live_capture,Bet365,Spain - LaLiga,ANYTIME_ASSIST,FC Barcelona,Real Betis Seville,Valentin Gomez (Score) (2),,21.0000,odds_api_io,event_id=61624662;market=Player To Score or Assist
2026-05-17T11:51:42Z,2026-05-17,61624662,2026-05-17T19:15:00Z,,live_capture,Bet365,Spain - LaLiga,ANYTIME_ASSIST,FC Barcelona,Real Betis Seville,Frenkie de Jong (Assist) (1),,4.5000,odds_api_io,event_id=61624662;market=Player To Score or Assist
2026-05-17T11:51:42Z,2026-05-17,61624662,2026-05-17T19:15:00Z,,live_capture,Bet365,Spain - LaLiga,ANYTIME_ASSIST,FC Barcelona,Real Betis Seville,Pablo Martin Gavi (Assist) (1),,4.5000,odds_api_io,event_id=61624662;market=Player To Score or Assist
2026-05-17T11:51:42Z,2026-05-17,61624662,2026-05-17T19:15:00Z,,live_capture,Bet365,Spain - LaLiga,ANYTIME_ASSIST,FC Barcelona,Real Betis Seville,Tomas Marques (Assist) (1),,4.5000,odds_api_io,event_id=61624662;market=Player To Score or Assist
2026-05-17T11:51:42Z,2026-05-17,61624662,2026-05-17T19:15:00Z,,live_capture,Bet365,Spain - LaLiga,ANYTIME_ASSIST,FC Barcelona,Real Betis Seville,Robert Lewandowski (Score or Assist) (1),,1.4000,odds_api_io,event_id=61624662;market=Player To Score or Assist
2026-05-17T11:51:42Z,2026-05-17,61624662,2026-05-17T19:15:00Z,,live_capture,Bet365,Spain - LaLiga,ANYTIME_ASSIST,FC Barcelona,Real Betis Seville,Ferran Torres (Score or Assist) (1),,1.4440,odds_api_io,event_id=61624662;market=Player To Score or Assist
2026-05-17T11:51:42Z,2026-05-17,61624662,2026-05-17T19:15:00Z,,live_capture,Bet365,Spain - LaLiga,ANYTIME_ASSIST,FC Barcelona,Real Betis Seville,Marcus Rashford (Score or Assist) (1),,1.5000,odds_api_io,event_id=61624662;market=Player To Score or Assist
2026-05-17T11:51:42Z,2026-05-17,61624662,2026-05-17T19:15:00Z,,live_capture,Bet365,Spain - LaLiga,ANYTIME_ASSIST,FC Barcelona,Real Betis Seville,Joao Cancelo (Score or Assist) (1),,2.4000,odds_api_io,event_id=61624662;market=Player To Score or Assist
2026-05-17T11:51:42Z,2026-05-17,61624662,2026-05-17T19:15:00Z,,live_capture,Bet365,Spain - LaLiga,ANYTIME_ASSIST,FC Barcelona,Real Betis Seville,Tomas Marques (Score or Assist) (1),,3.0000,odds_api_io,event_id=61624662;market=Player To Score or Assist
2026-05-17T11:51:42Z,2026-05-17,61624662,2026-05-17T19:15:00Z,,live_capture,Bet365,Spain - LaLiga,ANYTIME_ASSIST,FC Barcelona,Real Betis Seville,Alarcon Isco (Score or Assist) (2),,3.1000,odds_api_io,event_id=61624662;market=Player To Score or Assist
2026-05-17T11:51:42Z,2026-05-17,61624662,2026-05-17T19:15:00Z,,live_capture,Bet365,Spain - LaLiga,ANYTIME_ASSIST,FC Barcelona,Real Betis Seville,Pablo Fornals (Score or Assist) (2),,3.4000,odds_api_io,event_id=61624662;market=Player To Score or Assist
2026-05-17T11:51:42Z,2026-05-17,61624662,2026-05-17T19:15:00Z,,live_capture,Bet365,Spain - LaLiga,ANYTIME_ASSIST,FC Barcelona,Real Betis Seville,Nelson Deossa (Score or Assist) (2),,3.6000,odds_api_io,event_id=61624662;market=Player To Score or Assist
2026-05-17T11:51:42Z,2026-05-17,61624662,2026-05-17T19:15:00Z,,live_capture,Bet365,Spain - LaLiga,ANYTIME_ASSIST,FC Barcelona,Real Betis Seville,Alvaro Cortes (Score or Assist) (1),,3.7500,odds_api_io,event_id=61624662;market=Player To Score or Assist
2026-05-17T11:51:42Z,2026-05-17,61624662,2026-05-17T19:15:00Z,,live_capture,Bet365,Spain - LaLiga,ANYTIME_ASSIST,FC Barcelona,Real Betis Seville,Daniel Perez Guerrero (Score or Assist) (2),,4.3330,odds_api_io,event_id=61624662;market=Player To Score or Assist
2026-05-17T11:51:42Z,2026-05-17,61624662,2026-05-17T19:15:00Z,,live_capture,Bet365,Spain - LaLiga,ANYTIME_ASSIST,FC Barcelona,Real Betis Seville,Marc Roca (Score or Assist) (2),,5.5000,odds_api_io,event_id=61624662;market=Player To Score or Assist
2026-05-17T11:51:42Z,2026-05-17,61624662,2026-05-17T19:15:00Z,,live_capture,Bet365,Spain - LaLiga,ANYTIME_ASSIST,FC Barcelona,Real Betis Seville,Sofyan Amrabat (Score or Assist) (2),,5.5000,odds_api_io,event_id=61624662;market=Player To Score or Assist
2026-05-17T11:51:42Z,2026-05-17,61624662,2026-05-17T19:15:00Z,,live_capture,Bet365,Spain - LaLiga,ANYTIME_ASSIST,FC Barcelona,Real Betis Seville,Carlos De Roa (Score or Assist) (2),,6.0000,odds_api_io,event_id=61624662;market=Player To Score or Assist
2026-05-17T11:51:42Z,2026-05-17,61624662,2026-05-17T19:15:00Z,,live_capture,Bet365,Spain - LaLiga,ANYTIME_ASSIST,FC Barcelona,Real Betis Seville,Hector Bellerin (Score or Assist) (2),,7.5000,odds_api_io,event_id=61624662;market=Player To Score or Assist
2026-05-17T11:51:42Z,2026-05-17,61624662,2026-05-17T19:15:00Z,,live_capture,Bet365,Spain - LaLiga,ANYTIME_ASSIST,FC Barcelona,Real Betis Seville,Marc Bartra (Score or Assist) (2),,8.0000,odds_api_io,event_id=61624662;market=Player To Score or Assist
2026-05-17T11:51:42Z,2026-05-17,61624662,2026-05-17T19:15:00Z,,live_capture,Bet365,Spain - LaLiga,ANYTIME_ASSIST,FC Barcelona,Real Betis Seville,Natan Bernardo (Score or Assist) (2),,13.0000,odds_api_io,event_id=61624662;market=Player To Score or Assist
2026-05-17T11:51:42Z,2026-05-17,61624662,2026-05-17T19:15:00Z,,live_capture,Bet365,Spain - LaLiga,ANYTIME_ASSIST,FC Barcelona,Real Betis Seville,Valentin Gomez (Score or Assist) (2),,13.0000,odds_api_io,event_id=61624662;market=Player To Score or Assist
2026-05-17T11:51:42Z,2026-05-17,61624662,2026-05-17T19:15:00Z,,live_capture,Bet365,Spain - LaLiga,ANYTIME_ASSIST,FC Barcelona,Real Betis Seville,Jules Kounde (Score) (1),,6.0000,odds_api_io,event_id=61624662;market=Player To Score or Assist
2026-05-17T11:51:42Z,2026-05-17,61624662,2026-05-17T19:15:00Z,,live_capture,Bet365,Spain - LaLiga,ANYTIME_ASSIST,FC Barcelona,Real Betis Seville,Alvaro Cortes (Score) (1),,6.0000,odds_api_io,event_id=61624662;market=Player To Score or Assist
2026-05-17T11:51:42Z,2026-05-17,61624662,2026-05-17T19:15:00Z,,live_capture,Bet365,Spain - LaLiga,ANYTIME_ASSIST,FC Barcelona,Real Betis Seville,Ronald Araujo (Score) (1),,6.0000,odds_api_io,event_id=61624662;market=Player To Score or Assist
2026-05-17T11:51:42Z,2026-05-17,61624662,2026-05-17T19:15:00Z,,live_capture,Bet365,Spain - LaLiga,ANYTIME_ASSIST,FC Barcelona,Real Betis Seville,Ferran Torres (Assist) (1),,4.3330,odds_api_io,event_id=61624662;market=Player To Score or Assist
2026-05-17T11:51:42Z,2026-05-17,61624662,2026-05-17T19:15:00Z,,live_capture,Bet365,Spain - LaLiga,ANYTIME_ASSIST,FC Barcelona,Real Betis Seville,Marcus Rashford (Assist) (1),,3.4000,odds_api_io,event_id=61624662;market=Player To Score or Assist
2026-05-17T11:51:42Z,2026-05-17,61624662,2026-05-17T19:15:00Z,,live_capture,Bet365,Spain - LaLiga,ANYTIME_ASSIST,FC Barcelona,Real Betis Seville,Toni Fernandez (Assist) (1),,4.3330,odds_api_io,event_id=61624662;market=Player To Score or Assist
2026-05-17T11:51:42Z,2026-05-17,61624662,2026-05-17T19:15:00Z,,live_capture,Bet365,Spain - LaLiga,ANYTIME_ASSIST,FC Barcelona,Real Betis Seville,Pedri (Score or Assist) (1),,2.0500,odds_api_io,event_id=61624662;market=Player To Score or Assist
2026-05-17T11:51:42Z,2026-05-17,61624662,2026-05-17T19:15:00Z,,live_capture,Bet365,Spain - LaLiga,ANYTIME_ASSIST,FC Barcelona,Real Betis Seville,Marc Bernal (Score or Assist) (1),,2.2500,odds_api_io,event_id=61624662;market=Player To Score or Assist
2026-05-17T11:51:42Z,2026-05-17,61624662,2026-05-17T19:15:00Z,,live_capture,Bet365,Spain - LaLiga,ANYTIME_ASSIST,FC Barcelona,Real Betis Seville,Frenkie de Jong (Score or Assist) (1),,2.6000,odds_api_io,event_id=61624662;market=Player To Score or Assist
2026-05-17T11:51:42Z,2026-05-17,61624662,2026-05-17T19:15:00Z,,live_capture,Bet365,Spain - LaLiga,ANYTIME_ASSIST,FC Barcelona,Real Betis Seville,Toni Fernandez (Score) (1),,1.9520,odds_api_io,event_id=61624662;market=Player To Score or Assist
2026-05-17T11:51:42Z,2026-05-17,61624662,2026-05-17T19:15:00Z,,live_capture,Bet365,Spain - LaLiga,ANYTIME_ASSIST,FC Barcelona,Real Betis Seville,Jules Kounde (Score or Assist) (1),,3.2500,odds_api_io,event_id=61624662;market=Player To Score or Assist
2026-05-17T11:51:42Z,2026-05-17,61624662,2026-05-17T19:15:00Z,,live_capture,Bet365,Spain - LaLiga,ANYTIME_ASSIST,FC Barcelona,Real Betis Seville,Jofre Torrents (Score or Assist) (1),,4.0000,odds_api_io,event_id=61624662;market=Player To Score or Assist
2026-05-17T11:51:42Z,2026-05-17,61624662,2026-05-17T19:15:00Z,,live_capture,Bet365,Spain - LaLiga,ANYTIME_ASSIST,FC Barcelona,Real Betis Seville,Ferran Torres (Score) (1),,1.8000,odds_api_io,event_id=61624662;market=Player To Score or Assist
2026-05-17T11:51:42Z,2026-05-17,61624662,2026-05-17T19:15:00Z,,live_capture,Bet365,Spain - LaLiga,ANYTIME_ASSIST,FC Barcelona,Real Betis Seville,Cucho Hernandez (Score) (2),,3.2000,odds_api_io,event_id=61624662;market=Player To Score or Assist
2026-05-17T11:51:42Z,2026-05-17,61624662,2026-05-17T19:15:00Z,,live_capture,Bet365,Spain - LaLiga,ANYTIME_ASSIST,FC Barcelona,Real Betis Seville,Tomas Marques (Score) (1),,7.0000,odds_api_io,event_id=61624662;market=Player To Score or Assist
2026-05-17T11:51:42Z,2026-05-17,61624662,2026-05-17T19:15:00Z,,live_capture,Bet365,Spain - LaLiga,ANYTIME_ASSIST,FC Barcelona,Real Betis Seville,Marc Casado (Score) (1),,7.0000,odds_api_io,event_id=61624662;market=Player To Score or Assist
2026-05-17T11:51:42Z,2026-05-17,61624662,2026-05-17T19:15:00Z,,live_capture,Bet365,Spain - LaLiga,ANYTIME_ASSIST,FC Barcelona,Real Betis Seville,Xavi Espart (Score) (1),,7.0000,odds_api_io,event_id=61624662;market=Player To Score or Assist
2026-05-17T11:51:42Z,2026-05-17,61624662,2026-05-17T19:15:00Z,,live_capture,Bet365,Spain - LaLiga,ANYTIME_ASSIST,FC Barcelona,Real Betis Seville,Alvaro Fidalgo (Score) (2),,7.0000,odds_api_io,event_id=61624662;market=Player To Score or Assist
2026-05-17T11:51:42Z,2026-05-17,61624662,2026-05-17T19:15:00Z,,live_capture,Bet365,Spain - LaLiga,ANYTIME_ASSIST,FC Barcelona,Real Betis Seville,Eric Garcia (Score) (1),,7.0000,odds_api_io,event_id=61624662;market=Player To Score or Assist
2026-05-17T11:51:42Z,2026-05-17,61624662,2026-05-17T19:15:00Z,,live_capture,Bet365,Spain - LaLiga,ANYTIME_ASSIST,FC Barcelona,Real Betis Seville,Giovani Lo Celso (Score or Assist) (2),,2.8750,odds_api_io,event_id=61624662;market=Player To Score or Assist
2026-05-17T11:51:42Z,2026-05-17,61624662,2026-05-17T19:15:00Z,,live_capture,Bet365,Spain - LaLiga,ANYTIME_ASSIST,FC Barcelona,Real Betis Seville,Luis Avila (Score or Assist) (2),,2.8750,odds_api_io,event_id=61624662;market=Player To Score or Assist
2026-05-17T11:51:42Z,2026-05-17,61624662,2026-05-17T19:15:00Z,,live_capture,Bet365,Spain - LaLiga,ANYTIME_ASSIST,FC Barcelona,Real Betis Seville,Fermin Lopez (Assist) (1),,3.2500,odds_api_io,event_id=61624662;market=Player To Score or Assist
2026-05-17T11:51:42Z,2026-05-17,61624662,2026-05-17T19:15:00Z,,live_capture,Bet365,Spain - LaLiga,ANYTIME_ASSIST,FC Barcelona,Real Betis Seville,Toni Fernandez (Score or Assist) (1),,1.5710,odds_api_io,event_id=61624662;market=Player To Score or Assist
2026-05-17T11:51:42Z,2026-05-17,61624662,2026-05-17T19:15:00Z,,live_capture,Bet365,Spain - LaLiga,ANYTIME_ASSIST,FC Barcelona,Real Betis Seville,Raphinha (Score) (1),,1.8330,odds_api_io,event_id=61624662;market=Player To Score or Assist
2026-05-17T11:51:42Z,2026-05-17,61624662,2026-05-17T19:15:00Z,,live_capture,Bet365,Spain - LaLiga,ANYTIME_ASSIST,FC Barcelona,Real Betis Seville,Roony Bardghji (Score) (1),,2.3750,odds_api_io,event_id=61624662;market=Player To Score or Assist
2026-05-17T11:51:42Z,2026-05-17,61624662,2026-05-17T19:15:00Z,,live_capture,Bet365,Spain - LaLiga,ANYTIME_ASSIST,FC Barcelona,Real Betis Seville,Antony (Score) (2),,3.7500,odds_api_io,event_id=61624662;market=Player To Score or Assist
2026-05-17T11:51:42Z,2026-05-17,61624662,2026-05-17T19:15:00Z,,live_capture,Bet365,Spain - LaLiga,ANYTIME_ASSIST,FC Barcelona,Real Betis Seville,Abdessamad Ezzalzouli (Score) (2),,3.7500,odds_api_io,event_id=61624662;market=Player To Score or Assist
2026-05-17T11:51:42Z,2026-05-17,61624662,2026-05-17T19:15:00Z,,live_capture,Bet365,Spain - LaLiga,ANYTIME_ASSIST,FC Barcelona,Real Betis Seville,Luis Avila (Score) (2),,4.0000,odds_api_io,event_id=61624662;market=Player To Score or Assist
2026-05-17T11:51:42Z,2026-05-17,61624662,2026-05-17T19:15:00Z,,live_capture,Bet365,Spain - LaLiga,ANYTIME_ASSIST,FC Barcelona,Real Betis Seville,Cedric Bakambu (Assist) (2),,7.0000,odds_api_io,event_id=61624662;market=Player To Score or Assist
2026-05-17T11:51:42Z,2026-05-17,61624662,2026-05-17T19:15:00Z,,live_capture,Bet365,Spain - LaLiga,ANYTIME_ASSIST,FC Barcelona,Real Betis Seville,Cucho Hernandez (Assist) (2),,7.5000,odds_api_io,event_id=61624662;market=Player To Score or Assist
2026-05-17T11:51:42Z,2026-05-17,61624662,2026-05-17T19:15:00Z,,live_capture,Bet365,Spain - LaLiga,ANYTIME_ASSIST,FC Barcelona,Real Betis Seville,Abdessamad Ezzalzouli (Assist) (2),,6.5000,odds_api_io,event_id=61624662;market=Player To Score or Assist
2026-05-17T11:51:42Z,2026-05-17,61624662,2026-05-17T19:15:00Z,,live_capture,Bet365,Spain - LaLiga,ANYTIME_ASSIST,FC Barcelona,Real Betis Seville,Alarcon Isco (Assist) (2),,6.5000,odds_api_io,event_id=61624662;market=Player To Score or Assist
2026-05-17T11:51:42Z,2026-05-17,61624662,2026-05-17T19:15:00Z,,live_capture,Bet365,Spain - LaLiga,ANYTIME_ASSIST,FC Barcelona,Real Betis Seville,Aitor Ruibal (Assist) (2),,6.5000,odds_api_io,event_id=61624662;market=Player To Score or Assist
2026-05-17T11:51:42Z,2026-05-17,61624662,2026-05-17T19:15:00Z,,live_capture,Bet365,Spain - LaLiga,ANYTIME_ASSIST,FC Barcelona,Real Betis Seville,Raphinha (Score or Assist) (1),,1.3630,odds_api_io,event_id=61624662;market=Player To Score or Assist
2026-05-17T11:51:42Z,2026-05-17,61624662,2026-05-17T19:15:00Z,,live_capture,Bet365,Spain - LaLiga,ANYTIME_ASSIST,FC Barcelona,Real Betis Seville,Cucho Hernandez (Score or Assist) (2),,2.5000,odds_api_io,event_id=61624662;market=Player To Score or Assist
2026-05-17T11:51:42Z,2026-05-17,61624662,2026-05-17T19:15:00Z,,live_capture,Bet365,Spain - LaLiga,ANYTIME_ASSIST,FC Barcelona,Real Betis Seville,Antony (Score or Assist) (2),,2.5000,odds_api_io,event_id=61624662;market=Player To Score or Assist
2026-05-17T11:51:42Z,2026-05-17,61624662,2026-05-17T19:15:00Z,,live_capture,Bet365,Spain - LaLiga,ANYTIME_ASSIST,FC Barcelona,Real Betis Seville,Abdessamad Ezzalzouli (Score or Assist) (2),,2.6000,odds_api_io,event_id=61624662;market=Player To Score or Assist
2026-05-17T11:51:42Z,2026-05-17,61624662,2026-05-17T19:15:00Z,,live_capture,Bet365,Spain - LaLiga,ANYTIME_ASSIST,FC Barcelona,Real Betis Seville,Aitor Ruibal (Score or Assist) (2),,3.1000,odds_api_io,event_id=61624662;market=Player To Score or Assist
2026-05-17T11:51:42Z,2026-05-17,61624662,2026-05-17T19:15:00Z,,live_capture,Bet365,Spain - LaLiga,ANYTIME_ASSIST,FC Barcelona,Real Betis Seville,Xavi Espart (Score or Assist) (1),,3.6000,odds_api_io,event_id=61624662;market=Player To Score or Assist
2026-05-17T11:51:42Z,2026-05-17,61624662,2026-05-17T19:15:00Z,,live_capture,Bet365,Spain - LaLiga,ANYTIME_ASSIST,FC Barcelona,Real Betis Seville,Pablo Garcia (Score or Assist) (2),,4.0000,odds_api_io,event_id=61624662;market=Player To Score or Assist
2026-05-17T11:51:42Z,2026-05-17,61624662,2026-05-17T19:15:00Z,,live_capture,Bet365,Spain - LaLiga,ANYTIME_ASSIST,FC Barcelona,Real Betis Seville,Ricardo Rodriguez (Score or Assist) (2),,9.0000,odds_api_io,event_id=61624662;market=Player To Score or Assist
2026-05-17T11:51:42Z,2026-05-17,61624662,2026-05-17T19:15:00Z,,live_capture,Bet365,Spain - LaLiga,ANYTIME_ASSIST,FC Barcelona,Real Betis Seville,Diego Llorente (Score or Assist) (2),,13.0000,odds_api_io,event_id=61624662;market=Player To Score or Assist
2026-05-17T11:51:42Z,2026-05-17,61624658,2026-05-17T17:00:00Z,,live_capture,Bet365,Spain - LaLiga,ANYTIME_ASSIST,Athletic Bilbao,RC Celta de Vigo,Eder Garcia (Score) (1),,5.5000,odds_api_io,event_id=61624658;market=Player To Score or Assist
2026-05-17T11:51:42Z,2026-05-17,61624658,2026-05-17T17:00:00Z,,live_capture,Bet365,Spain - LaLiga,ANYTIME_ASSIST,Athletic Bilbao,RC Celta de Vigo,Selton Sanchez (Score) (1),,5.5000,odds_api_io,event_id=61624658;market=Player To Score or Assist
2026-05-17T11:51:42Z,2026-05-17,61624658,2026-05-17T17:00:00Z,,live_capture,Bet365,Spain - LaLiga,ANYTIME_ASSIST,Athletic Bilbao,RC Celta de Vigo,Pablo Duran (Score) (2),,4.3330,odds_api_io,event_id=61624658;market=Player To Score or Assist
2026-05-17T11:51:42Z,2026-05-17,61624658,2026-05-17T17:00:00Z,,live_capture,Bet365,Spain - LaLiga,ANYTIME_ASSIST,Athletic Bilbao,RC Celta de Vigo,Alejandro Rego (Score) (1),,5.0000,odds_api_io,event_id=61624658;market=Player To Score or Assist
2026-05-17T11:51:42Z,2026-05-17,61624658,2026-05-17T17:00:00Z,,live_capture,Bet365,Spain - LaLiga,ANYTIME_ASSIST,Athletic Bilbao,RC Celta de Vigo,Matias Vecino (Score) (2),,7.0000,odds_api_io,event_id=61624658;market=Player To Score or Assist
2026-05-17T11:51:42Z,2026-05-17,61624658,2026-05-17T17:00:00Z,,live_capture,Bet365,Spain - LaLiga,ANYTIME_ASSIST,Athletic Bilbao,RC Celta de Vigo,Hugo Burcio (Score) (2),,7.0000,odds_api_io,event_id=61624658;market=Player To Score or Assist
2026-05-17T11:51:42Z,2026-05-17,61624658,2026-05-17T17:00:00Z,,live_capture,Bet365,Spain - LaLiga,ANYTIME_ASSIST,Athletic Bilbao,RC Celta de Vigo,Alvaro Nunez (Score) (2),,12.0000,odds_api_io,event_id=61624658;market=Player To Score or Assist
2026-05-17T11:51:42Z,2026-05-17,61624658,2026-05-17T17:00:00Z,,live_capture,Bet365,Spain - LaLiga,ANYTIME_ASSIST,Athletic Bilbao,RC Celta de Vigo,Ilaix Moriba (Score) (2),,8.5000,odds_api_io,event_id=61624658;market=Player To Score or Assist
2026-05-17T11:51:42Z,2026-05-17,61624658,2026-05-17T17:00:00Z,,live_capture,Bet365,Spain - LaLiga,ANYTIME_ASSIST,Athletic Bilbao,RC Celta de Vigo,Javier Rueda (Score) (2),,12.0000,odds_api_io,event_id=61624658;market=Player To Score or Assist
2026-05-17T11:51:42Z,2026-05-17,61624658,2026-05-17T17:00:00Z,,live_capture,Bet365,Spain - LaLiga,ANYTIME_ASSIST,Athletic Bilbao,RC Celta de Vigo,Mihailo Ristic (Score) (2),,12.0000,odds_api_io,event_id=61624658;market=Player To Score or Assist
2026-05-17T11:51:42Z,2026-05-17,61624658,2026-05-17T17:00:00Z,,live_capture,Bet365,Spain - LaLiga,ANYTIME_ASSIST,Athletic Bilbao,RC Celta de Vigo,Sergio Carreira (Score) (2),,12.0000,odds_api_io,event_id=61624658;market=Player To Score or Assist
2026-05-17T11:51:42Z,2026-05-17,61624658,2026-05-17T17:00:00Z,,live_capture,Bet365,Spain - LaLiga,ANYTIME_ASSIST,Athletic Bilbao,RC Celta de Vigo,Adama Boiro (Score) (1),,12.0000,odds_api_io,event_id=61624658;market=Player To Score or Assist
2026-05-17T11:51:42Z,2026-05-17,61624658,2026-05-17T17:00:00Z,,live_capture,Bet365,Spain - LaLiga,ANYTIME_ASSIST,Athletic Bilbao,RC Celta de Vigo,Inigo Lekue (Score) (1),,17.0000,odds_api_io,event_id=61624658;market=Player To Score or Assist
2026-05-17T11:51:42Z,2026-05-17,61624658,2026-05-17T17:00:00Z,,live_capture,Bet365,Spain - LaLiga,ANYTIME_ASSIST,Athletic Bilbao,RC Celta de Vigo,Javier Rodriguez (Score) (2),,12.0000,odds_api_io,event_id=61624658;market=Player To Score or Assist
2026-05-17T11:51:42Z,2026-05-17,61624658,2026-05-17T17:00:00Z,,live_capture,Bet365,Spain - LaLiga,ANYTIME_ASSIST,Athletic Bilbao,RC Celta de Vigo,Aymeric Laporte (Score) (1),,12.0000,odds_api_io,event_id=61624658;market=Player To Score or Assist
2026-05-17T11:51:42Z,2026-05-17,61624658,2026-05-17T17:00:00Z,,live_capture,Bet365,Spain - LaLiga,ANYTIME_ASSIST,Athletic Bilbao,RC Celta de Vigo,Alvarez Yeray (Score) (1),,17.0000,odds_api_io,event_id=61624658;market=Player To Score or Assist
2026-05-17T11:51:42Z,2026-05-17,61624658,2026-05-17T17:00:00Z,,live_capture,Bet365,Spain - LaLiga,ANYTIME_ASSIST,Athletic Bilbao,RC Celta de Vigo,Carl Starfelt (Score) (2),,17.0000,odds_api_io,event_id=61624658;market=Player To Score or Assist
2026-05-17T11:51:42Z,2026-05-17,61624658,2026-05-17T17:00:00Z,,live_capture,Bet365,Spain - LaLiga,ANYTIME_ASSIST,Athletic Bilbao,RC Celta de Vigo,Carlos Dominguez (Score) (2),,21.0000,odds_api_io,event_id=61624658;market=Player To Score or Assist
2026-05-17T11:51:42Z,2026-05-17,61624658,2026-05-17T17:00:00Z,,live_capture,Bet365,Spain - LaLiga,ANYTIME_ASSIST,Athletic Bilbao,RC Celta de Vigo,Inaki Williams (Assist) (1),,5.0000,odds_api_io,event_id=61624658;market=Player To Score or Assist
2026-05-17T11:51:42Z,2026-05-17,61624658,2026-05-17T17:00:00Z,,live_capture,Bet365,Spain - LaLiga,ANYTIME_ASSIST,Athletic Bilbao,RC Celta de Vigo,Nico Williams (Assist) (1),,4.3330,odds_api_io,event_id=61624658;market=Player To Score or Assist
2026-05-17T11:51:42Z,2026-05-17,61624658,2026-05-17T17:00:00Z,,live_capture,Bet365,Spain - LaLiga,ANYTIME_ASSIST,Athletic Bilbao,RC Celta de Vigo,Alex Berenguer (Assist) (1),,4.5000,odds_api_io,event_id=61624658;market=Player To Score or Assist
2026-05-17T11:51:42Z,2026-05-17,61624658,2026-05-17T17:00:00Z,,live_capture,Bet365,Spain - LaLiga,ANYTIME_ASSIST,Athletic Bilbao,RC Celta de Vigo,Eder Garcia (Assist) (1),,5.5000,odds_api_io,event_id=61624658;market=Player To Score or Assist
2026-05-17T11:51:42Z,2026-05-17,61624658,2026-05-17T17:00:00Z,,live_capture,Bet365,Spain - LaLiga,ANYTIME_ASSIST,Athletic Bilbao,RC Celta de Vigo,Selton Sanchez (Assist) (1),,5.5000,odds_api_io,event_id=61624658;market=Player To Score or Assist
2026-05-17T11:51:42Z,2026-05-17,61624658,2026-05-17T17:00:00Z,,live_capture,Bet365,Spain - LaLiga,ANYTIME_ASSIST,Athletic Bilbao,RC Celta de Vigo,Aitor Paredes (Assist) (1),,13.0000,odds_api_io,event_id=61624658;market=Player To Score or Assist
2026-05-17T11:51:42Z,2026-05-17,61624658,2026-05-17T17:00:00Z,,live_capture,Bet365,Spain - LaLiga,ANYTIME_ASSIST,Athletic Bilbao,RC Celta de Vigo,Gorka Guruzeta (Score or Assist) (1),,2.1000,odds_api_io,event_id=61624658;market=Player To Score or Assist
2026-05-17T11:51:42Z,2026-05-17,61624658,2026-05-17T17:00:00Z,,live_capture,Bet365,Spain - LaLiga,ANYTIME_ASSIST,Athletic Bilbao,RC Celta de Vigo,Williot Swedberg (Score or Assist) (2),,3.0000,odds_api_io,event_id=61624658;market=Player To Score or Assist
2026-05-17T11:51:42Z,2026-05-17,61624658,2026-05-17T17:00:00Z,,live_capture,Bet365,Spain - LaLiga,ANYTIME_ASSIST,Athletic Bilbao,RC Celta de Vigo,Alejandro Rego (Score or Assist) (1),,4.0000,odds_api_io,event_id=61624658;market=Player To Score or Assist
2026-05-17T11:51:42Z,2026-05-17,61624658,2026-05-17T17:00:00Z,,live_capture,Bet365,Spain - LaLiga,ANYTIME_ASSIST,Athletic Bilbao,RC Celta de Vigo,Ilaix Moriba (Score or Assist) (2),,5.0000,odds_api_io,event_id=61624658;market=Player To Score or Assist
2026-05-17T11:51:42Z,2026-05-17,61624658,2026-05-17T17:00:00Z,,live_capture,Bet365,Spain - LaLiga,ANYTIME_ASSIST,Athletic Bilbao,RC Celta de Vigo,Mikel Jauregizar (Score or Assist) (1),,5.5000,odds_api_io,event_id=61624658;market=Player To Score or Assist
2026-05-17T11:51:42Z,2026-05-17,61624658,2026-05-17T17:00:00Z,,live_capture,Bet365,Spain - LaLiga,ANYTIME_ASSIST,Athletic Bilbao,RC Celta de Vigo,Mihailo Ristic (Score or Assist) (2),,6.0000,odds_api_io,event_id=61624658;market=Player To Score or Assist
2026-05-17T11:51:42Z,2026-05-17,61624658,2026-05-17T17:00:00Z,,live_capture,Bet365,Spain - LaLiga,ANYTIME_ASSIST,Athletic Bilbao,RC Celta de Vigo,Adama Boiro (Score or Assist) (1),,6.5000,odds_api_io,event_id=61624658;market=Player To Score or Assist
2026-05-17T11:51:42Z,2026-05-17,61624658,2026-05-17T17:00:00Z,,live_capture,Bet365,Spain - LaLiga,ANYTIME_ASSIST,Athletic Bilbao,RC Celta de Vigo,Aitor Paredes (Score or Assist) (1),,6.5000,odds_api_io,event_id=61624658;market=Player To Score or Assist
2026-05-17T11:51:42Z,2026-05-17,61624658,2026-05-17T17:00:00Z,,live_capture,Bet365,Spain - LaLiga,ANYTIME_ASSIST,Athletic Bilbao,RC Celta de Vigo,Inigo Lekue (Score or Assist) (1),,6.5000,odds_api_io,event_id=61624658;market=Player To Score or Assist
2026-05-17T11:51:42Z,2026-05-17,61624658,2026-05-17T17:00:00Z,,live_capture,Bet365,Spain - LaLiga,ANYTIME_ASSIST,Athletic Bilbao,RC Celta de Vigo,Javier Rodriguez (Score or Assist) (2),,6.5000,odds_api_io,event_id=61624658;market=Player To Score or Assist
2026-05-17T11:51:42Z,2026-05-17,61624658,2026-05-17T17:00:00Z,,live_capture,Bet365,Spain - LaLiga,ANYTIME_ASSIST,Athletic Bilbao,RC Celta de Vigo,Aymeric Laporte (Score or Assist) (1),,7.0000,odds_api_io,event_id=61624658;market=Player To Score or Assist
2026-05-17T11:51:42Z,2026-05-17,61624658,2026-05-17T17:00:00Z,,live_capture,Bet365,Spain - LaLiga,ANYTIME_ASSIST,Athletic Bilbao,RC Celta de Vigo,Yoel Lago (Score or Assist) (2),,8.0000,odds_api_io,event_id=61624658;market=Player To Score or Assist
2026-05-17T11:51:42Z,2026-05-17,61624658,2026-05-17T17:00:00Z,,live_capture,Bet365,Spain - LaLiga,ANYTIME_ASSIST,Athletic Bilbao,RC Celta de Vigo,Iago Aspas (Score) (2),,3.6000,odds_api_io,event_id=61624658;market=Player To Score or Assist
2026-05-17T11:51:42Z,2026-05-17,61624658,2026-05-17T17:00:00Z,,live_capture,Bet365,Spain - LaLiga,ANYTIME_ASSIST,Athletic Bilbao,RC Celta de Vigo,Ferran Jutgla (Score) (2),,3.7500,odds_api_io,event_id=61624658;market=Player To Score or Assist
2026-05-17T11:51:42Z,2026-05-17,61624658,2026-05-17T17:00:00Z,,live_capture,Bet365,Spain - LaLiga,ANYTIME_ASSIST,Athletic Bilbao,RC Celta de Vigo,Gorka Guruzeta (Score) (1),,2.7500,odds_api_io,event_id=61624658;market=Player To Score or Assist
2026-05-17T11:51:42Z,2026-05-17,61624658,2026-05-17T17:00:00Z,,live_capture,Bet365,Spain - LaLiga,ANYTIME_ASSIST,Athletic Bilbao,RC Celta de Vigo,Borja Iglesias (Score) (2),,3.1000,odds_api_io,event_id=61624658;market=Player To Score or Assist
2026-05-17T11:51:42Z,2026-05-17,61624658,2026-05-17T17:00:00Z,,live_capture,Bet365,Spain - LaLiga,ANYTIME_ASSIST,Athletic Bilbao,RC Celta de Vigo,Mikel Vesga (Assist) (1),,10.0000,odds_api_io,event_id=61624658;market=Player To Score or Assist
2026-05-17T11:51:42Z,2026-05-17,61624658,2026-05-17T17:00:00Z,,live_capture,Bet365,Spain - LaLiga,ANYTIME_ASSIST,Athletic Bilbao,RC Celta de Vigo,Mikel Jauregizar (Assist) (1),,10.0000,odds_api_io,event_id=61624658;market=Player To Score or Assist
2026-05-17T11:51:42Z,2026-05-17,61624658,2026-05-17T17:00:00Z,,live_capture,Bet365,Spain - LaLiga,ANYTIME_ASSIST,Athletic Bilbao,RC Celta de Vigo,Alvarez Yeray (Assist) (1),,21.0000,odds_api_io,event_id=61624658;market=Player To Score or Assist
2026-05-17T11:51:42Z,2026-05-17,61624658,2026-05-17T17:00:00Z,,live_capture,Bet365,Spain - LaLiga,ANYTIME_ASSIST,Athletic Bilbao,RC Celta de Vigo,Borja Iglesias (Score or Assist) (2),,2.5000,odds_api_io,event_id=61624658;market=Player To Score or Assist
2026-05-17T11:51:42Z,2026-05-17,61624658,2026-05-17T17:00:00Z,,live_capture,Bet365,Spain - LaLiga,ANYTIME_ASSIST,Athletic Bilbao,RC Celta de Vigo,Jones El-Abdellaoui (Score or Assist) (2),,2.8750,odds_api_io,event_id=61624658;market=Player To Score or Assist
2026-05-17T11:51:42Z,2026-05-17,61624658,2026-05-17T17:00:00Z,,live_capture,Bet365,Spain - LaLiga,ANYTIME_ASSIST,Athletic Bilbao,RC Celta de Vigo,Eder Garcia (Score or Assist) (1),,3.0000,odds_api_io,event_id=61624658;market=Player To Score or Assist
2026-05-17T11:51:42Z,2026-05-17,61624658,2026-05-17T17:00:00Z,,live_capture,Bet365,Spain - LaLiga,ANYTIME_ASSIST,Athletic Bilbao,RC Celta de Vigo,Selton Sanchez (Score or Assist) (1),,3.0000,odds_api_io,event_id=61624658;market=Player To Score or Assist
2026-05-17T11:51:42Z,2026-05-17,61624658,2026-05-17T17:00:00Z,,live_capture,Bet365,Spain - LaLiga,ANYTIME_ASSIST,Athletic Bilbao,RC Celta de Vigo,Berchiche Yuri (Score or Assist) (1),,5.0000,odds_api_io,event_id=61624658;market=Player To Score or Assist
2026-05-17T11:51:42Z,2026-05-17,61624658,2026-05-17T17:00:00Z,,live_capture,Bet365,Spain - LaLiga,ANYTIME_ASSIST,Athletic Bilbao,RC Celta de Vigo,Inigo Ruiz de Galarreta (Score or Assist) (1),,5.5000,odds_api_io,event_id=61624658;market=Player To Score or Assist
2026-05-17T11:51:42Z,2026-05-17,61624658,2026-05-17T17:00:00Z,,live_capture,Bet365,Spain - LaLiga,ANYTIME_ASSIST,Athletic Bilbao,RC Celta de Vigo,Alvarez Yeray (Score or Assist) (1),,12.0000,odds_api_io,event_id=61624658;market=Player To Score or Assist
2026-05-17T11:51:42Z,2026-05-17,61624658,2026-05-17T17:00:00Z,,live_capture,Bet365,Spain - LaLiga,ANYTIME_ASSIST,Athletic Bilbao,RC Celta de Vigo,Alex Berenguer (Score) (1),,4.5000,odds_api_io,event_id=61624658;market=Player To Score or Assist
2026-05-17T11:51:42Z,2026-05-17,61624658,2026-05-17T17:00:00Z,,live_capture,Bet365,Spain - LaLiga,ANYTIME_ASSIST,Athletic Bilbao,RC Celta de Vigo,Jones El-Abdellaoui (Score) (2),,4.5000,odds_api_io,event_id=61624658;market=Player To Score or Assist
2026-05-17T11:51:42Z,2026-05-17,61624658,2026-05-17T17:00:00Z,,live_capture,Bet365,Spain - LaLiga,ANYTIME_ASSIST,Athletic Bilbao,RC Celta de Vigo,Unai Gomez (Score) (1),,4.5000,odds_api_io,event_id=61624658;market=Player To Score or Assist
2026-05-17T11:51:42Z,2026-05-17,61624658,2026-05-17T17:00:00Z,,live_capture,Bet365,Spain - LaLiga,ANYTIME_ASSIST,Athletic Bilbao,RC Celta de Vigo,Williot Swedberg (Score) (2),,4.5000,odds_api_io,event_id=61624658;market=Player To Score or Assist
2026-05-17T11:51:42Z,2026-05-17,61624658,2026-05-17T17:00:00Z,,live_capture,Bet365,Spain - LaLiga,ANYTIME_ASSIST,Athletic Bilbao,RC Celta de Vigo,Berchiche Yuri (Score) (1),,10.0000,odds_api_io,event_id=61624658;market=Player To Score or Assist
2026-05-17T11:51:42Z,2026-05-17,61624658,2026-05-17T17:00:00Z,,live_capture,Bet365,Spain - LaLiga,ANYTIME_ASSIST,Athletic Bilbao,RC Celta de Vigo,Mikel Vesga (Score) (1),,7.5000,odds_api_io,event_id=61624658;market=Player To Score or Assist
2026-05-17T11:51:42Z,2026-05-17,61624658,2026-05-17T17:00:00Z,,live_capture,Bet365,Spain - LaLiga,ANYTIME_ASSIST,Athletic Bilbao,RC Celta de Vigo,Inigo Ruiz de Galarreta (Score) (1),,10.0000,odds_api_io,event_id=61624658;market=Player To Score or Assist
2026-05-17T11:51:42Z,2026-05-17,61624658,2026-05-17T17:00:00Z,,live_capture,Bet365,Spain - LaLiga,ANYTIME_ASSIST,Athletic Bilbao,RC Celta de Vigo,Williot Swedberg (Assist) (2),,6.5000,odds_api_io,event_id=61624658;market=Player To Score or Assist
2026-05-17T11:51:42Z,2026-05-17,61624658,2026-05-17T17:00:00Z,,live_capture,Bet365,Spain - LaLiga,ANYTIME_ASSIST,Athletic Bilbao,RC Celta de Vigo,Joseph Aidoo (Assist) (2),,10.0000,odds_api_io,event_id=61624658;market=Player To Score or Assist
2026-05-17T11:51:42Z,2026-05-17,61624658,2026-05-17T17:00:00Z,,live_capture,Bet365,Spain - LaLiga,ANYTIME_ASSIST,Athletic Bilbao,RC Celta de Vigo,Franco Cervi (Score) (2),,7.0000,odds_api_io,event_id=61624658;market=Player To Score or Assist
2026-05-17T11:51:42Z,2026-05-17,61624658,2026-05-17T17:00:00Z,,live_capture,Bet365,Spain - LaLiga,ANYTIME_ASSIST,Athletic Bilbao,RC Celta de Vigo,Franco Cervi (Assist) (2),,8.5000,odds_api_io,event_id=61624658;market=Player To Score or Assist
2026-05-17T11:51:42Z,2026-05-17,61624658,2026-05-17T17:00:00Z,,live_capture,Bet365,Spain - LaLiga,ANYTIME_ASSIST,Athletic Bilbao,RC Celta de Vigo,Franco Cervi (Score or Assist) (2),,4.3330,odds_api_io,event_id=61624658;market=Player To Score or Assist
2026-05-17T11:51:42Z,2026-05-17,61624658,2026-05-17T17:00:00Z,,live_capture,Bet365,Spain - LaLiga,ANYTIME_ASSIST,Athletic Bilbao,RC Celta de Vigo,Mihailo Ristic (Assist) (2),,9.0000,odds_api_io,event_id=61624658;market=Player To Score or Assist
2026-05-17T11:51:42Z,2026-05-17,61624658,2026-05-17T17:00:00Z,,live_capture,Bet365,Spain - LaLiga,ANYTIME_ASSIST,Athletic Bilbao,RC Celta de Vigo,Nico Williams (Score or Assist) (1),,2.2000,odds_api_io,event_id=61624658;market=Player To Score or Assist
2026-05-17T11:51:42Z,2026-05-17,61624658,2026-05-17T17:00:00Z,,live_capture,Bet365,Spain - LaLiga,ANYTIME_ASSIST,Athletic Bilbao,RC Celta de Vigo,Oihan Sancet (Score or Assist) (1),,2.3000,odds_api_io,event_id=61624658;market=Player To Score or Assist
2026-05-17T11:51:42Z,2026-05-17,61624658,2026-05-17T17:00:00Z,,live_capture,Bet365,Spain - LaLiga,ANYTIME_ASSIST,Athletic Bilbao,RC Celta de Vigo,Maroan Sannadi (Score or Assist) (1),,2.6000,odds_api_io,event_id=61624658;market=Player To Score or Assist
2026-05-17T11:51:42Z,2026-05-17,61624658,2026-05-17T17:00:00Z,,live_capture,Bet365,Spain - LaLiga,ANYTIME_ASSIST,Athletic Bilbao,RC Celta de Vigo,Nico Serrano (Score or Assist) (1),,2.6000,odds_api_io,event_id=61624658;market=Player To Score or Assist
2026-05-17T11:51:42Z,2026-05-17,61624658,2026-05-17T17:00:00Z,,live_capture,Bet365,Spain - LaLiga,ANYTIME_ASSIST,Athletic Bilbao,RC Celta de Vigo,Ferran Jutgla (Score or Assist) (2),,2.7500,odds_api_io,event_id=61624658;market=Player To Score or Assist
2026-05-17T11:51:42Z,2026-05-17,61624658,2026-05-17T17:00:00Z,,live_capture,Bet365,Spain - LaLiga,ANYTIME_ASSIST,Athletic Bilbao,RC Celta de Vigo,Andres Antanon (Score or Assist) (2),,3.6000,odds_api_io,event_id=61624658;market=Player To Score or Assist
2026-05-17T11:51:42Z,2026-05-17,61624658,2026-05-17T17:00:00Z,,live_capture,Bet365,Spain - LaLiga,ANYTIME_ASSIST,Athletic Bilbao,RC Celta de Vigo,Miguel Roman (Score or Assist) (2),,4.7500,odds_api_io,event_id=61624658;market=Player To Score or Assist
2026-05-17T11:51:42Z,2026-05-17,61624658,2026-05-17T17:00:00Z,,live_capture,Bet365,Spain - LaLiga,ANYTIME_ASSIST,Athletic Bilbao,RC Celta de Vigo,Miguel Roman (Score) (2),,12.0000,odds_api_io,event_id=61624658;market=Player To Score or Assist
2026-05-17T11:51:42Z,2026-05-17,61624658,2026-05-17T17:00:00Z,,live_capture,Bet365,Spain - LaLiga,ANYTIME_ASSIST,Athletic Bilbao,RC Celta de Vigo,Manuel Fernandez (Score) (2),,12.0000,odds_api_io,event_id=61624658;market=Player To Score or Assist
2026-05-17T11:51:42Z,2026-05-17,61624658,2026-05-17T17:00:00Z,,live_capture,Bet365,Spain - LaLiga,ANYTIME_ASSIST,Athletic Bilbao,RC Celta de Vigo,Manuel Fernandez (Score or Assist) (2),,7.5000,odds_api_io,event_id=61624658;market=Player To Score or Assist
2026-05-17T11:51:42Z,2026-05-17,61624658,2026-05-17T17:00:00Z,,live_capture,Bet365,Spain - LaLiga,ANYTIME_ASSIST,Athletic Bilbao,RC Celta de Vigo,Unai Egiluz (Score) (1),,12.0000,odds_api_io,event_id=61624658;market=Player To Score or Assist
2026-05-17T11:51:42Z,2026-05-17,61624658,2026-05-17T17:00:00Z,,live_capture,Bet365,Spain - LaLiga,ANYTIME_ASSIST,Athletic Bilbao,RC Celta de Vigo,Alejandro Rego (Assist) (1),,11.0000,odds_api_io,event_id=61624658;market=Player To Score or Assist
2026-05-17T11:51:42Z,2026-05-17,61624658,2026-05-17T17:00:00Z,,live_capture,Bet365,Spain - LaLiga,ANYTIME_ASSIST,Athletic Bilbao,RC Celta de Vigo,Berchiche Yuri (Assist) (1),,7.5000,odds_api_io,event_id=61624658;market=Player To Score or Assist
2026-05-17T11:51:42Z,2026-05-17,61624658,2026-05-17T17:00:00Z,,live_capture,Bet365,Spain - LaLiga,ANYTIME_ASSIST,Athletic Bilbao,RC Celta de Vigo,Adama Boiro (Assist) (1),,10.0000,odds_api_io,event_id=61624658;market=Player To Score or Assist
2026-05-17T11:51:42Z,2026-05-17,61624658,2026-05-17T17:00:00Z,,live_capture,Bet365,Spain - LaLiga,ANYTIME_ASSIST,Athletic Bilbao,RC Celta de Vigo,Unai Egiluz (Assist) (1),,10.0000,odds_api_io,event_id=61624658;market=Player To Score or Assist
2026-05-17T11:51:42Z,2026-05-17,61624658,2026-05-17T17:00:00Z,,live_capture,Bet365,Spain - LaLiga,ANYTIME_ASSIST,Athletic Bilbao,RC Celta de Vigo,Aymeric Laporte (Assist) (1),,11.0000,odds_api_io,event_id=61624658;market=Player To Score or Assist
2026-05-17T11:51:42Z,2026-05-17,61624658,2026-05-17T17:00:00Z,,live_capture,Bet365,Spain - LaLiga,ANYTIME_ASSIST,Athletic Bilbao,RC Celta de Vigo,Dani Vivian (Assist) (1),,11.0000,odds_api_io,event_id=61624658;market=Player To Score or Assist
2026-05-17T11:51:42Z,2026-05-17,61624658,2026-05-17T17:00:00Z,,live_capture,Bet365,Spain - LaLiga,ANYTIME_ASSIST,Athletic Bilbao,RC Celta de Vigo,Alex Berenguer (Score or Assist) (1),,2.5000,odds_api_io,event_id=61624658;market=Player To Score or Assist
2026-05-17T11:51:42Z,2026-05-17,61624658,2026-05-17T17:00:00Z,,live_capture,Bet365,Spain - LaLiga,ANYTIME_ASSIST,Athletic Bilbao,RC Celta de Vigo,Unai Gomez (Score or Assist) (1),,2.8750,odds_api_io,event_id=61624658;market=Player To Score or Assist
2026-05-17T11:51:42Z,2026-05-17,61624658,2026-05-17T17:00:00Z,,live_capture,Bet365,Spain - LaLiga,ANYTIME_ASSIST,Athletic Bilbao,RC Celta de Vigo,Andoni Gorosabel (Score or Assist) (1),,6.0000,odds_api_io,event_id=61624658;market=Player To Score or Assist
2026-05-17T11:51:42Z,2026-05-17,61624658,2026-05-17T17:00:00Z,,live_capture,Bet365,Spain - LaLiga,ANYTIME_ASSIST,Athletic Bilbao,RC Celta de Vigo,Unai Egiluz (Score or Assist) (1),,6.5000,odds_api_io,event_id=61624658;market=Player To Score or Assist
2026-05-17T11:51:42Z,2026-05-17,61624658,2026-05-17T17:00:00Z,,live_capture,Bet365,Spain - LaLiga,ANYTIME_ASSIST,Athletic Bilbao,RC Celta de Vigo,Dani Vivian (Score or Assist) (1),,7.5000,odds_api_io,event_id=61624658;market=Player To Score or Assist
2026-05-17T11:51:42Z,2026-05-17,61624658,2026-05-17T17:00:00Z,,live_capture,Bet365,Spain - LaLiga,ANYTIME_ASSIST,Athletic Bilbao,RC Celta de Vigo,Andres Antanon (Score) (2),,6.0000,odds_api_io,event_id=61624658;market=Player To Score or Assist
2026-05-17T11:51:42Z,2026-05-17,61624658,2026-05-17T17:00:00Z,,live_capture,Bet365,Spain - LaLiga,ANYTIME_ASSIST,Athletic Bilbao,RC Celta de Vigo,Andoni Gorosabel (Score) (1),,13.0000,odds_api_io,event_id=61624658;market=Player To Score or Assist
2026-05-17T11:51:42Z,2026-05-17,61624658,2026-05-17T17:00:00Z,,live_capture,Bet365,Spain - LaLiga,ANYTIME_ASSIST,Athletic Bilbao,RC Celta de Vigo,Dani Vivian (Score) (1),,13.0000,odds_api_io,event_id=61624658;market=Player To Score or Assist
2026-05-17T11:51:42Z,2026-05-17,61624658,2026-05-17T17:00:00Z,,live_capture,Bet365,Spain - LaLiga,ANYTIME_ASSIST,Athletic Bilbao,RC Celta de Vigo,Joseph Aidoo (Score) (2),,13.0000,odds_api_io,event_id=61624658;market=Player To Score or Assist
2026-05-17T11:51:42Z,2026-05-17,61624658,2026-05-17T17:00:00Z,,live_capture,Bet365,Spain - LaLiga,ANYTIME_ASSIST,Athletic Bilbao,RC Celta de Vigo,Yoel Lago (Score) (2),,13.0000,odds_api_io,event_id=61624658;market=Player To Score or Assist
2026-05-17T11:51:42Z,2026-05-17,61624658,2026-05-17T17:00:00Z,,live_capture,Bet365,Spain - LaLiga,ANYTIME_ASSIST,Athletic Bilbao,RC Celta de Vigo,Borja Iglesias (Assist) (2),,8.5000,odds_api_io,event_id=61624658;market=Player To Score or Assist
2026-05-17T11:51:42Z,2026-05-17,61624658,2026-05-17T17:00:00Z,,live_capture,Bet365,Spain - LaLiga,ANYTIME_ASSIST,Athletic Bilbao,RC Celta de Vigo,Iago Aspas (Assist) (2),,5.5000,odds_api_io,event_id=61624658;market=Player To Score or Assist
2026-05-17T11:51:42Z,2026-05-17,61624658,2026-05-17T17:00:00Z,,live_capture,Bet365,Spain - LaLiga,ANYTIME_ASSIST,Athletic Bilbao,RC Celta de Vigo,Ferran Jutgla (Assist) (2),,7.5000,odds_api_io,event_id=61624658;market=Player To Score or Assist
2026-05-17T11:51:42Z,2026-05-17,61624658,2026-05-17T17:00:00Z,,live_capture,Bet365,Spain - LaLiga,ANYTIME_ASSIST,Athletic Bilbao,RC Celta de Vigo,Fernando Lopez (Assist) (2),,6.5000,odds_api_io,event_id=61624658;market=Player To Score or Assist
2026-05-17T11:51:42Z,2026-05-17,61624658,2026-05-17T17:00:00Z,,live_capture,Bet365,Spain - LaLiga,ANYTIME_ASSIST,Athletic Bilbao,RC Celta de Vigo,Matias Vecino (Assist) (2),,7.5000,odds_api_io,event_id=61624658;market=Player To Score or Assist
2026-05-17T11:51:42Z,2026-05-17,61624658,2026-05-17T17:00:00Z,,live_capture,Bet365,Spain - LaLiga,ANYTIME_ASSIST,Athletic Bilbao,RC Celta de Vigo,Oscar Mingueza (Assist) (2),,6.5000,odds_api_io,event_id=61624658;market=Player To Score or Assist
2026-05-17T11:51:42Z,2026-05-17,61624658,2026-05-17T17:00:00Z,,live_capture,Bet365,Spain - LaLiga,ANYTIME_ASSIST,Athletic Bilbao,RC Celta de Vigo,Hugo Burcio (Assist) (2),,9.0000,odds_api_io,event_id=61624658;market=Player To Score or Assist
2026-05-17T11:51:42Z,2026-05-17,61624658,2026-05-17T17:00:00Z,,live_capture,Bet365,Spain - LaLiga,ANYTIME_ASSIST,Athletic Bilbao,RC Celta de Vigo,Ilaix Moriba (Assist) (2),,9.0000,odds_api_io,event_id=61624658;market=Player To Score or Assist
2026-05-17T11:51:42Z,2026-05-17,61624658,2026-05-17T17:00:00Z,,live_capture,Bet365,Spain - LaLiga,ANYTIME_ASSIST,Athletic Bilbao,RC Celta de Vigo,Hugo Sotelo (Assist) (2),,8.0000,odds_api_io,event_id=61624658;market=Player To Score or Assist
2026-05-17T11:51:42Z,2026-05-17,61624658,2026-05-17T17:00:00Z,,live_capture,Bet365,Spain - LaLiga,ANYTIME_ASSIST,Athletic Bilbao,RC Celta de Vigo,Javier Rueda (Assist) (2),,8.0000,odds_api_io,event_id=61624658;market=Player To Score or Assist
2026-05-17T11:51:42Z,2026-05-17,61624658,2026-05-17T17:00:00Z,,live_capture,Bet365,Spain - LaLiga,ANYTIME_ASSIST,Athletic Bilbao,RC Celta de Vigo,Marcos Alonso (Assist) (2),,11.0000,odds_api_io,event_id=61624658;market=Player To Score or Assist
2026-05-17T11:51:42Z,2026-05-17,61624658,2026-05-17T17:00:00Z,,live_capture,Bet365,Spain - LaLiga,ANYTIME_ASSIST,Athletic Bilbao,RC Celta de Vigo,Sergio Carreira (Assist) (2),,9.0000,odds_api_io,event_id=61624658;market=Player To Score or Assist
2026-05-17T11:51:42Z,2026-05-17,61624658,2026-05-17T17:00:00Z,,live_capture,Bet365,Spain - LaLiga,ANYTIME_ASSIST,Athletic Bilbao,RC Celta de Vigo,Javier Rodriguez (Assist) (2),,10.0000,odds_api_io,event_id=61624658;market=Player To Score or Assist
2026-05-17T11:51:42Z,2026-05-17,61624658,2026-05-17T17:00:00Z,,live_capture,Bet365,Spain - LaLiga,ANYTIME_ASSIST,Athletic Bilbao,RC Celta de Vigo,Manuel Fernandez (Assist) (2),,13.0000,odds_api_io,event_id=61624658;market=Player To Score or Assist
2026-05-17T11:51:42Z,2026-05-17,61624658,2026-05-17T17:00:00Z,,live_capture,Bet365,Spain - LaLiga,ANYTIME_ASSIST,Athletic Bilbao,RC Celta de Vigo,Yoel Lago (Assist) (2),,12.0000,odds_api_io,event_id=61624658;market=Player To Score or Assist
2026-05-17T11:51:42Z,2026-05-17,61624658,2026-05-17T17:00:00Z,,live_capture,Bet365,Spain - LaLiga,ANYTIME_ASSIST,Athletic Bilbao,RC Celta de Vigo,Carl Starfelt (Assist) (2),,17.0000,odds_api_io,event_id=61624658;market=Player To Score or Assist
2026-05-17T11:51:42Z,2026-05-17,61624658,2026-05-17T17:00:00Z,,live_capture,Bet365,Spain - LaLiga,ANYTIME_ASSIST,Athletic Bilbao,RC Celta de Vigo,Carlos Dominguez (Assist) (2),,15.0000,odds_api_io,event_id=61624658;market=Player To Score or Assist
2026-05-17T11:51:42Z,2026-05-17,61624658,2026-05-17T17:00:00Z,,live_capture,Bet365,Spain - LaLiga,ANYTIME_ASSIST,Athletic Bilbao,RC Celta de Vigo,Iago Aspas (Score or Assist) (2),,2.5000,odds_api_io,event_id=61624658;market=Player To Score or Assist
2026-05-17T11:51:42Z,2026-05-17,61624658,2026-05-17T17:00:00Z,,live_capture,Bet365,Spain - LaLiga,ANYTIME_ASSIST,Athletic Bilbao,RC Celta de Vigo,Pablo Duran (Score or Assist) (2),,3.0000,odds_api_io,event_id=61624658;market=Player To Score or Assist
2026-05-17T11:51:42Z,2026-05-17,61624658,2026-05-17T17:00:00Z,,live_capture,Bet365,Spain - LaLiga,ANYTIME_ASSIST,Athletic Bilbao,RC Celta de Vigo,Matias Vecino (Score or Assist) (2),,4.0000,odds_api_io,event_id=61624658;market=Player To Score or Assist
2026-05-17T11:51:42Z,2026-05-17,61624658,2026-05-17T17:00:00Z,,live_capture,Bet365,Spain - LaLiga,ANYTIME_ASSIST,Athletic Bilbao,RC Celta de Vigo,Oscar Mingueza (Score or Assist) (2),,4.0000,odds_api_io,event_id=61624658;market=Player To Score or Assist
2026-05-17T11:51:42Z,2026-05-17,61624658,2026-05-17T17:00:00Z,,live_capture,Bet365,Spain - LaLiga,ANYTIME_ASSIST,Athletic Bilbao,RC Celta de Vigo,Javier Rueda (Score or Assist) (2),,5.5000,odds_api_io,event_id=61624658;market=Player To Score or Assist
2026-05-17T11:51:42Z,2026-05-17,61624658,2026-05-17T17:00:00Z,,live_capture,Bet365,Spain - LaLiga,ANYTIME_ASSIST,Athletic Bilbao,RC Celta de Vigo,Sergio Carreira (Score or Assist) (2),,6.0000,odds_api_io,event_id=61624658;market=Player To Score or Assist
2026-05-17T11:51:42Z,2026-05-17,61624658,2026-05-17T17:00:00Z,,live_capture,Bet365,Spain - LaLiga,ANYTIME_ASSIST,Athletic Bilbao,RC Celta de Vigo,Joseph Aidoo (Score or Assist) (2),,7.0000,odds_api_io,event_id=61624658;market=Player To Score or Assist
2026-05-17T11:51:42Z,2026-05-17,61624658,2026-05-17T17:00:00Z,,live_capture,Bet365,Spain - LaLiga,ANYTIME_ASSIST,Athletic Bilbao,RC Celta de Vigo,Carl Starfelt (Score or Assist) (2),,11.0000,odds_api_io,event_id=61624658;market=Player To Score or Assist
2026-05-17T11:51:42Z,2026-05-17,61624658,2026-05-17T17:00:00Z,,live_capture,Bet365,Spain - LaLiga,ANYTIME_ASSIST,Athletic Bilbao,RC Celta de Vigo,Robert Navarro (Score or Assist) (1),,2.3750,odds_api_io,event_id=61624658;market=Player To Score or Assist
2026-05-17T11:51:42Z,2026-05-17,61624658,2026-05-17T17:00:00Z,,live_capture,Bet365,Spain - LaLiga,ANYTIME_ASSIST,Athletic Bilbao,RC Celta de Vigo,Hugo Burcio (Score or Assist) (2),,4.3330,odds_api_io,event_id=61624658;market=Player To Score or Assist
2026-05-17T11:51:42Z,2026-05-17,61624658,2026-05-17T17:00:00Z,,live_capture,Bet365,Spain - LaLiga,ANYTIME_ASSIST,Athletic Bilbao,RC Celta de Vigo,Carlos Dominguez (Score or Assist) (2),,11.0000,odds_api_io,event_id=61624658;market=Player To Score or Assist
2026-05-17T11:51:42Z,2026-05-17,61624658,2026-05-17T17:00:00Z,,live_capture,Bet365,Spain - LaLiga,ANYTIME_ASSIST,Athletic Bilbao,RC Celta de Vigo,Nico Williams (Score) (1),,3.5000,odds_api_io,event_id=61624658;market=Player To Score or Assist
2026-05-17T11:51:42Z,2026-05-17,61624658,2026-05-17T17:00:00Z,,live_capture,Bet365,Spain - LaLiga,ANYTIME_ASSIST,Athletic Bilbao,RC Celta de Vigo,Maroan Sannadi (Score) (1),,3.5000,odds_api_io,event_id=61624658;market=Player To Score or Assist
2026-05-17T11:51:42Z,2026-05-17,61624658,2026-05-17T17:00:00Z,,live_capture,Bet365,Spain - LaLiga,ANYTIME_ASSIST,Athletic Bilbao,RC Celta de Vigo,Nico Serrano (Score) (1),,3.5000,odds_api_io,event_id=61624658;market=Player To Score or Assist
2026-05-17T11:51:42Z,2026-05-17,61624658,2026-05-17T17:00:00Z,,live_capture,Bet365,Spain - LaLiga,ANYTIME_ASSIST,Athletic Bilbao,RC Celta de Vigo,Oihan Sancet (Score) (1),,3.5000,odds_api_io,event_id=61624658;market=Player To Score or Assist
2026-05-17T11:51:42Z,2026-05-17,61624658,2026-05-17T17:00:00Z,,live_capture,Bet365,Spain - LaLiga,ANYTIME_ASSIST,Athletic Bilbao,RC Celta de Vigo,Fernando Lopez (Score) (2),,5.0000,odds_api_io,event_id=61624658;market=Player To Score or Assist
2026-05-17T11:51:42Z,2026-05-17,61624658,2026-05-17T17:00:00Z,,live_capture,Bet365,Spain - LaLiga,ANYTIME_ASSIST,Athletic Bilbao,RC Celta de Vigo,Hugo Alvarez (Score) (2),,5.0000,odds_api_io,event_id=61624658;market=Player To Score or Assist
2026-05-17T11:51:42Z,2026-05-17,61624658,2026-05-17T17:00:00Z,,live_capture,Bet365,Spain - LaLiga,ANYTIME_ASSIST,Athletic Bilbao,RC Celta de Vigo,Jesus Areso (Score) (1),,21.0000,odds_api_io,event_id=61624658;market=Player To Score or Assist
2026-05-17T11:51:42Z,2026-05-17,61624658,2026-05-17T17:00:00Z,,live_capture,Bet365,Spain - LaLiga,ANYTIME_ASSIST,Athletic Bilbao,RC Celta de Vigo,Oscar Mingueza (Score) (2),,9.5000,odds_api_io,event_id=61624658;market=Player To Score or Assist
2026-05-17T11:51:42Z,2026-05-17,61624658,2026-05-17T17:00:00Z,,live_capture,Bet365,Spain - LaLiga,ANYTIME_ASSIST,Athletic Bilbao,RC Celta de Vigo,Hugo Sotelo (Score) (2),,9.5000,odds_api_io,event_id=61624658;market=Player To Score or Assist
2026-05-17T11:51:42Z,2026-05-17,61624658,2026-05-17T17:00:00Z,,live_capture,Bet365,Spain - LaLiga,ANYTIME_ASSIST,Athletic Bilbao,RC Celta de Vigo,Mikel Jauregizar (Score) (1),,9.5000,odds_api_io,event_id=61624658;market=Player To Score or Assist
2026-05-17T11:51:42Z,2026-05-17,61624658,2026-05-17T17:00:00Z,,live_capture,Bet365,Spain - LaLiga,ANYTIME_ASSIST,Athletic Bilbao,RC Celta de Vigo,Marcos Alonso (Score) (2),,9.5000,odds_api_io,event_id=61624658;market=Player To Score or Assist
2026-05-17T11:51:42Z,2026-05-17,61624658,2026-05-17T17:00:00Z,,live_capture,Bet365,Spain - LaLiga,ANYTIME_ASSIST,Athletic Bilbao,RC Celta de Vigo,Aitor Paredes (Score) (1),,9.5000,odds_api_io,event_id=61624658;market=Player To Score or Assist
2026-05-17T11:51:42Z,2026-05-17,61624658,2026-05-17T17:00:00Z,,live_capture,Bet365,Spain - LaLiga,ANYTIME_ASSIST,Athletic Bilbao,RC Celta de Vigo,Gorka Guruzeta (Assist) (1),,6.5000,odds_api_io,event_id=61624658;market=Player To Score or Assist
2026-05-17T11:51:42Z,2026-05-17,61624658,2026-05-17T17:00:00Z,,live_capture,Bet365,Spain - LaLiga,ANYTIME_ASSIST,Athletic Bilbao,RC Celta de Vigo,Oihan Sancet (Assist) (1),,5.0000,odds_api_io,event_id=61624658;market=Player To Score or Assist
2026-05-17T11:51:42Z,2026-05-17,61624658,2026-05-17T17:00:00Z,,live_capture,Bet365,Spain - LaLiga,ANYTIME_ASSIST,Athletic Bilbao,RC Celta de Vigo,Robert Navarro (Assist) (1),,6.5000,odds_api_io,event_id=61624658;market=Player To Score or Assist
2026-05-17T11:51:42Z,2026-05-17,61624658,2026-05-17T17:00:00Z,,live_capture,Bet365,Spain - LaLiga,ANYTIME_ASSIST,Athletic Bilbao,RC Celta de Vigo,Asier Hierro (Assist) (1),,7.5000,odds_api_io,event_id=61624658;market=Player To Score or Assist
2026-05-17T11:51:42Z,2026-05-17,61624658,2026-05-17T17:00:00Z,,live_capture,Bet365,Spain - LaLiga,ANYTIME_ASSIST,Athletic Bilbao,RC Celta de Vigo,Maroan Sannadi (Assist) (1),,6.5000,odds_api_io,event_id=61624658;market=Player To Score or Assist
2026-05-17T11:51:42Z,2026-05-17,61624658,2026-05-17T17:00:00Z,,live_capture,Bet365,Spain - LaLiga,ANYTIME_ASSIST,Athletic Bilbao,RC Celta de Vigo,Nico Serrano (Assist) (1),,6.5000,odds_api_io,event_id=61624658;market=Player To Score or Assist
2026-05-17T11:51:42Z,2026-05-17,61624658,2026-05-17T17:00:00Z,,live_capture,Bet365,Spain - LaLiga,ANYTIME_ASSIST,Athletic Bilbao,RC Celta de Vigo,Urko Izeta (Assist) (1),,7.5000,odds_api_io,event_id=61624658;market=Player To Score or Assist
2026-05-17T11:51:42Z,2026-05-17,61624658,2026-05-17T17:00:00Z,,live_capture,Bet365,Spain - LaLiga,ANYTIME_ASSIST,Athletic Bilbao,RC Celta de Vigo,Unai Gomez (Assist) (1),,6.5000,odds_api_io,event_id=61624658;market=Player To Score or Assist
2026-05-17T11:51:42Z,2026-05-17,61624658,2026-05-17T17:00:00Z,,live_capture,Bet365,Spain - LaLiga,ANYTIME_ASSIST,Athletic Bilbao,RC Celta de Vigo,Hugo Alvarez (Assist) (2),,7.0000,odds_api_io,event_id=61624658;market=Player To Score or Assist
2026-05-17T11:51:42Z,2026-05-17,61624658,2026-05-17T17:00:00Z,,live_capture,Bet365,Spain - LaLiga,ANYTIME_ASSIST,Athletic Bilbao,RC Celta de Vigo,Jesus Areso (Assist) (1),,5.0000,odds_api_io,event_id=61624658;market=Player To Score or Assist
2026-05-17T11:51:42Z,2026-05-17,61624658,2026-05-17T17:00:00Z,,live_capture,Bet365,Spain - LaLiga,ANYTIME_ASSIST,Athletic Bilbao,RC Celta de Vigo,Inigo Ruiz de Galarreta (Assist) (1),,9.0000,odds_api_io,event_id=61624658;market=Player To Score or Assist
2026-05-17T11:51:42Z,2026-05-17,61624658,2026-05-17T17:00:00Z,,live_capture,Bet365,Spain - LaLiga,ANYTIME_ASSIST,Athletic Bilbao,RC Celta de Vigo,Andoni Gorosabel (Assist) (1),,9.0000,odds_api_io,event_id=61624658;market=Player To Score or Assist
2026-05-17T11:51:42Z,2026-05-17,61624658,2026-05-17T17:00:00Z,,live_capture,Bet365,Spain - LaLiga,ANYTIME_ASSIST,Athletic Bilbao,RC Celta de Vigo,Inigo Lekue (Assist) (1),,9.0000,odds_api_io,event_id=61624658;market=Player To Score or Assist
2026-05-17T11:51:42Z,2026-05-17,61624658,2026-05-17T17:00:00Z,,live_capture,Bet365,Spain - LaLiga,ANYTIME_ASSIST,Athletic Bilbao,RC Celta de Vigo,Inaki Williams (Score or Assist) (1),,2.2500,odds_api_io,event_id=61624658;market=Player To Score or Assist
2026-05-17T11:51:42Z,2026-05-17,61624658,2026-05-17T17:00:00Z,,live_capture,Bet365,Spain - LaLiga,ANYTIME_ASSIST,Athletic Bilbao,RC Celta de Vigo,Fernando Lopez (Score or Assist) (2),,3.1000,odds_api_io,event_id=61624658;market=Player To Score or Assist
2026-05-17T11:51:42Z,2026-05-17,61624658,2026-05-17T17:00:00Z,,live_capture,Bet365,Spain - LaLiga,ANYTIME_ASSIST,Athletic Bilbao,RC Celta de Vigo,Hugo Alvarez (Score or Assist) (2),,3.2500,odds_api_io,event_id=61624658;market=Player To Score or Assist
2026-05-17T11:51:42Z,2026-05-17,61624658,2026-05-17T17:00:00Z,,live_capture,Bet365,Spain - LaLiga,ANYTIME_ASSIST,Athletic Bilbao,RC Celta de Vigo,Jesus Areso (Score or Assist) (1),,4.0000,odds_api_io,event_id=61624658;market=Player To Score or Assist
2026-05-17T11:51:42Z,2026-05-17,61624658,2026-05-17T17:00:00Z,,live_capture,Bet365,Spain - LaLiga,ANYTIME_ASSIST,Athletic Bilbao,RC Celta de Vigo,Hugo Sotelo (Score or Assist) (2),,4.7500,odds_api_io,event_id=61624658;market=Player To Score or Assist
2026-05-17T11:51:42Z,2026-05-17,61624658,2026-05-17T17:00:00Z,,live_capture,Bet365,Spain - LaLiga,ANYTIME_ASSIST,Athletic Bilbao,RC Celta de Vigo,Mikel Vesga (Score or Assist) (1),,5.0000,odds_api_io,event_id=61624658;market=Player To Score or Assist
2026-05-17T11:51:42Z,2026-05-17,61624658,2026-05-17T17:00:00Z,,live_capture,Bet365,Spain - LaLiga,ANYTIME_ASSIST,Athletic Bilbao,RC Celta de Vigo,Marcos Alonso (Score or Assist) (2),,6.0000,odds_api_io,event_id=61624658;market=Player To Score or Assist
2026-05-17T11:51:42Z,2026-05-17,61624658,2026-05-17T17:00:00Z,,live_capture,Bet365,Spain - LaLiga,ANYTIME_ASSIST,Athletic Bilbao,RC Celta de Vigo,Inaki Williams (Score) (1),,3.2500,odds_api_io,event_id=61624658;market=Player To Score or Assist
2026-05-17T11:51:42Z,2026-05-17,61624658,2026-05-17T17:00:00Z,,live_capture,Bet365,Spain - LaLiga,ANYTIME_ASSIST,Athletic Bilbao,RC Celta de Vigo,Robert Navarro (Score) (1),,3.2500,odds_api_io,event_id=61624658;market=Player To Score or Assist
2026-05-17T11:51:42Z,2026-05-17,61624658,2026-05-17T17:00:00Z,,live_capture,Bet365,Spain - LaLiga,ANYTIME_ASSIST,Athletic Bilbao,RC Celta de Vigo,Asier Hierro (Score) (1),,3.2500,odds_api_io,event_id=61624658;market=Player To Score or Assist
2026-05-17T11:51:42Z,2026-05-17,61624658,2026-05-17T17:00:00Z,,live_capture,Bet365,Spain - LaLiga,ANYTIME_ASSIST,Athletic Bilbao,RC Celta de Vigo,Urko Izeta (Score) (1),,3.2500,odds_api_io,event_id=61624658;market=Player To Score or Assist
2026-05-17T11:51:42Z,2026-05-17,61624658,2026-05-17T17:00:00Z,,live_capture,Bet365,Spain - LaLiga,ANYTIME_ASSIST,Athletic Bilbao,RC Celta de Vigo,Jones El-Abdellaoui (Assist) (2),,6.0000,odds_api_io,event_id=61624658;market=Player To Score or Assist
2026-05-17T11:51:42Z,2026-05-17,61624658,2026-05-17T17:00:00Z,,live_capture,Bet365,Spain - LaLiga,ANYTIME_ASSIST,Athletic Bilbao,RC Celta de Vigo,Pablo Duran (Assist) (2),,7.0000,odds_api_io,event_id=61624658;market=Player To Score or Assist
2026-05-17T11:51:42Z,2026-05-17,61624658,2026-05-17T17:00:00Z,,live_capture,Bet365,Spain - LaLiga,ANYTIME_ASSIST,Athletic Bilbao,RC Celta de Vigo,Andres Antanon (Assist) (2),,7.0000,odds_api_io,event_id=61624658;market=Player To Score or Assist
2026-05-17T11:51:42Z,2026-05-17,61624658,2026-05-17T17:00:00Z,,live_capture,Bet365,Spain - LaLiga,ANYTIME_ASSIST,Athletic Bilbao,RC Celta de Vigo,Alvaro Nunez (Assist) (2),,7.5000,odds_api_io,event_id=61624658;market=Player To Score or Assist
2026-05-17T11:51:42Z,2026-05-17,61624658,2026-05-17T17:00:00Z,,live_capture,Bet365,Spain - LaLiga,ANYTIME_ASSIST,Athletic Bilbao,RC Celta de Vigo,Miguel Roman (Assist) (2),,7.0000,odds_api_io,event_id=61624658;market=Player To Score or Assist
2026-05-17T11:51:42Z,2026-05-17,61624658,2026-05-17T17:00:00Z,,live_capture,Bet365,Spain - LaLiga,ANYTIME_ASSIST,Athletic Bilbao,RC Celta de Vigo,Asier Hierro (Score or Assist) (1),,2.5000,odds_api_io,event_id=61624658;market=Player To Score or Assist
2026-05-17T11:51:42Z,2026-05-17,61624658,2026-05-17T17:00:00Z,,live_capture,Bet365,Spain - LaLiga,ANYTIME_ASSIST,Athletic Bilbao,RC Celta de Vigo,Urko Izeta (Score or Assist) (1),,2.5000,odds_api_io,event_id=61624658;market=Player To Score or Assist
2026-05-17T11:51:42Z,2026-05-17,61624658,2026-05-17T17:00:00Z,,live_capture,Bet365,Spain - LaLiga,ANYTIME_ASSIST,Athletic Bilbao,RC Celta de Vigo,Alvaro Nunez (Score or Assist) (2),,5.0000,odds_api_io,event_id=61624658;market=Player To Score or Assist
2026-05-17T11:51:42Z,2026-05-17,61624666,2026-05-17T17:00:00Z,,live_capture,Bet365,Spain - LaLiga,ANYTIME_ASSIST,Levante UD,RCD Mallorca,Abdon Prats (Assist) (2),,8.5000,odds_api_io,event_id=61624666;market=Player To Score or Assist
2026-05-17T11:51:42Z,2026-05-17,61624666,2026-05-17T17:00:00Z,,live_capture,Bet365,Spain - LaLiga,ANYTIME_ASSIST,Levante UD,RCD Mallorca,Pablo Torre (Assist) (2),,4.5000,odds_api_io,event_id=61624666;market=Player To Score or Assist
2026-05-17T11:51:42Z,2026-05-17,61624666,2026-05-17T17:00:00Z,,live_capture,Bet365,Spain - LaLiga,ANYTIME_ASSIST,Levante UD,RCD Mallorca,Mateo Joseph (Assist) (2),,8.5000,odds_api_io,event_id=61624666;market=Player To Score or Assist
2026-05-17T11:51:42Z,2026-05-17,61624666,2026-05-17T17:00:00Z,,live_capture,Bet365,Spain - LaLiga,ANYTIME_ASSIST,Levante UD,RCD Mallorca,Jandro Garcia (Assist) (2),,6.5000,odds_api_io,event_id=61624666;market=Player To Score or Assist
2026-05-17T11:51:42Z,2026-05-17,61624666,2026-05-17T17:00:00Z,,live_capture,Bet365,Spain - LaLiga,ANYTIME_ASSIST,Levante UD,RCD Mallorca,Antonio Sanchez (Assist) (2),,8.5000,odds_api_io,event_id=61624666;market=Player To Score or Assist
2026-05-17T11:51:42Z,2026-05-17,61624666,2026-05-17T17:00:00Z,,live_capture,Bet365,Spain - LaLiga,ANYTIME_ASSIST,Levante UD,RCD Mallorca,Antonio Toni Lato (Assist) (2),,8.5000,odds_api_io,event_id=61624666;market=Player To Score or Assist
2026-05-17T11:51:42Z,2026-05-17,61624666,2026-05-17T17:00:00Z,,live_capture,Bet365,Spain - LaLiga,ANYTIME_ASSIST,Levante UD,RCD Mallorca,Andre Zito Luvumbo (Score or Assist) (2),,2.5000,odds_api_io,event_id=61624666;market=Player To Score or Assist
2026-05-17T11:51:42Z,2026-05-17,61624666,2026-05-17T17:00:00Z,,live_capture,Bet365,Spain - LaLiga,ANYTIME_ASSIST,Levante UD,RCD Mallorca,Jan Virgili (Score or Assist) (2),,2.7500,odds_api_io,event_id=61624666;market=Player To Score or Assist
2026-05-17T11:51:42Z,2026-05-17,61624666,2026-05-17T17:00:00Z,,live_capture,Bet365,Spain - LaLiga,ANYTIME_ASSIST,Levante UD,RCD Mallorca,Jandro Garcia (Score or Assist) (2),,3.6000,odds_api_io,event_id=61624666;market=Player To Score or Assist
2026-05-17T11:51:42Z,2026-05-17,61624666,2026-05-17T17:00:00Z,,live_capture,Bet365,Spain - LaLiga,ANYTIME_ASSIST,Levante UD,RCD Mallorca,Costa Samu (Score or Assist) (2),,4.7500,odds_api_io,event_id=61624666;market=Player To Score or Assist
2026-05-17T11:51:42Z,2026-05-17,61624666,2026-05-17T17:00:00Z,,live_capture,Bet365,Spain - LaLiga,ANYTIME_ASSIST,Levante UD,RCD Mallorca,Diego Pampin (Score or Assist) (1),,4.7500,odds_api_io,event_id=61624666;market=Player To Score or Assist
2026-05-17T11:51:42Z,2026-05-17,61624666,2026-05-17T17:00:00Z,,live_capture,Bet365,Spain - LaLiga,ANYTIME_ASSIST,Levante UD,RCD Mallorca,Victor Garcia (Score) (1),,6.0000,odds_api_io,event_id=61624666;market=Player To Score or Assist
2026-05-17T11:51:42Z,2026-05-17,61624666,2026-05-17T17:00:00Z,,live_capture,Bet365,Spain - LaLiga,ANYTIME_ASSIST,Levante UD,RCD Mallorca,Antonio Sanchez (Score) (2),,6.0000,odds_api_io,event_id=61624666;market=Player To Score or Assist
2026-05-17T11:51:42Z,2026-05-17,61624666,2026-05-17T17:00:00Z,,live_capture,Bet365,Spain - LaLiga,ANYTIME_ASSIST,Levante UD,RCD Mallorca,Javier Olaizola (Score) (2),,11.0000,odds_api_io,event_id=61624666;market=Player To Score or Assist
2026-05-17T11:51:42Z,2026-05-17,61624666,2026-05-17T17:00:00Z,,live_capture,Bet365,Spain - LaLiga,ANYTIME_ASSIST,Levante UD,RCD Mallorca,Luis Orejuela (Score) (2),,11.0000,odds_api_io,event_id=61624666;market=Player To Score or Assist
2026-05-17T11:51:42Z,2026-05-17,61624666,2026-05-17T17:00:00Z,,live_capture,Bet365,Spain - LaLiga,ANYTIME_ASSIST,Levante UD,RCD Mallorca,Miguel Calatayud (Score) (2),,11.0000,odds_api_io,event_id=61624666;market=Player To Score or Assist
2026-05-17T11:51:42Z,2026-05-17,61624666,2026-05-17T17:00:00Z,,live_capture,Bet365,Spain - LaLiga,ANYTIME_ASSIST,Levante UD,RCD Mallorca,Unai Vencedor (Assist) (1),,8.5000,odds_api_io,event_id=61624666;market=Player To Score or Assist
2026-05-17T11:51:42Z,2026-05-17,61624666,2026-05-17T17:00:00Z,,live_capture,Bet365,Spain - LaLiga,ANYTIME_ASSIST,Levante UD,RCD Mallorca,Diego Pampin (Assist) (1),,8.5000,odds_api_io,event_id=61624666;market=Player To Score or Assist
2026-05-17T11:51:42Z,2026-05-17,61624666,2026-05-17T17:00:00Z,,live_capture,Bet365,Spain - LaLiga,ANYTIME_ASSIST,Levante UD,RCD Mallorca,Jose Luis Morales (Score or Assist) (1),,2.2500,odds_api_io,event_id=61624666;market=Player To Score or Assist
2026-05-17T11:51:42Z,2026-05-17,61624666,2026-05-17T17:00:00Z,,live_capture,Bet365,Spain - LaLiga,ANYTIME_ASSIST,Levante UD,RCD Mallorca,Kervin Arriaga (Score or Assist) (1),,5.0000,odds_api_io,event_id=61624666;market=Player To Score or Assist
2026-05-17T11:51:42Z,2026-05-17,61624666,2026-05-17T17:00:00Z,,live_capture,Bet365,Spain - LaLiga,ANYTIME_ASSIST,Levante UD,RCD Mallorca,Manu Morlanes (Score or Assist) (2),,5.5000,odds_api_io,event_id=61624666;market=Player To Score or Assist
2026-05-17T11:51:42Z,2026-05-17,61624666,2026-05-17T17:00:00Z,,live_capture,Bet365,Spain - LaLiga,ANYTIME_ASSIST,Levante UD,RCD Mallorca,Antonio Toni Lato (Score or Assist) (2),,6.0000,odds_api_io,event_id=61624666;market=Player To Score or Assist
2026-05-17T11:51:42Z,2026-05-17,61624666,2026-05-17T17:00:00Z,,live_capture,Bet365,Spain - LaLiga,ANYTIME_ASSIST,Levante UD,RCD Mallorca,Javier Olaizola (Score or Assist) (2),,6.5000,odds_api_io,event_id=61624666;market=Player To Score or Assist
2026-05-17T11:51:42Z,2026-05-17,61624666,2026-05-17T17:00:00Z,,live_capture,Bet365,Spain - LaLiga,ANYTIME_ASSIST,Levante UD,RCD Mallorca,Mateu Morey (Score or Assist) (2),,6.5000,odds_api_io,event_id=61624666;market=Player To Score or Assist
2026-05-17T11:51:42Z,2026-05-17,61624666,2026-05-17T17:00:00Z,,live_capture,Bet365,Spain - LaLiga,ANYTIME_ASSIST,Levante UD,RCD Mallorca,Luis Orejuela (Score or Assist) (2),,7.0000,odds_api_io,event_id=61624666;market=Player To Score or Assist
2026-05-17T11:51:42Z,2026-05-17,61624666,2026-05-17T17:00:00Z,,live_capture,Bet365,Spain - LaLiga,ANYTIME_ASSIST,Levante UD,RCD Mallorca,Miguel Calatayud (Score or Assist) (2),,7.0000,odds_api_io,event_id=61624666;market=Player To Score or Assist
2026-05-17T11:51:42Z,2026-05-17,61624666,2026-05-17T17:00:00Z,,live_capture,Bet365,Spain - LaLiga,ANYTIME_ASSIST,Levante UD,RCD Mallorca,Matias Moreno (Score or Assist) (1),,7.5000,odds_api_io,event_id=61624666;market=Player To Score or Assist
2026-05-17T11:51:42Z,2026-05-17,61624666,2026-05-17T17:00:00Z,,live_capture,Bet365,Spain - LaLiga,ANYTIME_ASSIST,Levante UD,RCD Mallorca,Omar Mascarell (Score or Assist) (2),,8.0000,odds_api_io,event_id=61624666;market=Player To Score or Assist
2026-05-17T11:51:42Z,2026-05-17,61624666,2026-05-17T17:00:00Z,,live_capture,Bet365,Spain - LaLiga,ANYTIME_ASSIST,Levante UD,RCD Mallorca,Vedat Muriqi (Assist) (2),,7.0000,odds_api_io,event_id=61624666;market=Player To Score or Assist
2026-05-17T11:51:42Z,2026-05-17,61624666,2026-05-17T17:00:00Z,,live_capture,Bet365,Spain - LaLiga,ANYTIME_ASSIST,Levante UD,RCD Mallorca,Ivan Romero (Assist) (1),,6.0000,odds_api_io,event_id=61624666;market=Player To Score or Assist
2026-05-17T11:51:42Z,2026-05-17,61624666,2026-05-17T17:00:00Z,,live_capture,Bet365,Spain - LaLiga,ANYTIME_ASSIST,Levante UD,RCD Mallorca,Jose Luis Morales (Assist) (1),,6.5000,odds_api_io,event_id=61624666;market=Player To Score or Assist
2026-05-17T11:51:42Z,2026-05-17,61624666,2026-05-17T17:00:00Z,,live_capture,Bet365,Spain - LaLiga,ANYTIME_ASSIST,Levante UD,RCD Mallorca,Vedat Muriqi (Score) (2),,2.5000,odds_api_io,event_id=61624666;market=Player To Score or Assist
2026-05-17T11:51:42Z,2026-05-17,61624666,2026-05-17T17:00:00Z,,live_capture,Bet365,Spain - LaLiga,ANYTIME_ASSIST,Levante UD,RCD Mallorca,Victor Garcia (Assist) (1),,5.5000,odds_api_io,event_id=61624666;market=Player To Score or Assist
2026-05-17T11:51:42Z,2026-05-17,61624666,2026-05-17T17:00:00Z,,live_capture,Bet365,Spain - LaLiga,ANYTIME_ASSIST,Levante UD,RCD Mallorca,Iker Losada (Score) (1),,2.8750,odds_api_io,event_id=61624666;market=Player To Score or Assist
2026-05-17T11:51:42Z,2026-05-17,61624666,2026-05-17T17:00:00Z,,live_capture,Bet365,Spain - LaLiga,ANYTIME_ASSIST,Levante UD,RCD Mallorca,Ivan Romero (Score) (1),,2.8750,odds_api_io,event_id=61624666;market=Player To Score or Assist
2026-05-17T11:51:42Z,2026-05-17,61624666,2026-05-17T17:00:00Z,,live_capture,Bet365,Spain - LaLiga,ANYTIME_ASSIST,Levante UD,RCD Mallorca,Jose Luis Morales (Score) (1),,2.8750,odds_api_io,event_id=61624666;market=Player To Score or Assist
2026-05-17T11:51:42Z,2026-05-17,61624666,2026-05-17T17:00:00Z,,live_capture,Bet365,Spain - LaLiga,ANYTIME_ASSIST,Levante UD,RCD Mallorca,Andre Zito Luvumbo (Score) (2),,3.7500,odds_api_io,event_id=61624666;market=Player To Score or Assist
2026-05-17T11:51:42Z,2026-05-17,61624666,2026-05-17T17:00:00Z,,live_capture,Bet365,Spain - LaLiga,ANYTIME_ASSIST,Levante UD,RCD Mallorca,Adrian De la Fuente (Assist) (1),,7.5000,odds_api_io,event_id=61624666;market=Player To Score or Assist
2026-05-17T11:51:42Z,2026-05-17,61624666,2026-05-17T17:00:00Z,,live_capture,Bet365,Spain - LaLiga,ANYTIME_ASSIST,Levante UD,RCD Mallorca,Iker Losada (Score or Assist) (1),,2.2000,odds_api_io,event_id=61624666;market=Player To Score or Assist
2026-05-17T11:51:42Z,2026-05-17,61624666,2026-05-17T17:00:00Z,,live_capture,Bet365,Spain - LaLiga,ANYTIME_ASSIST,Levante UD,RCD Mallorca,Ivan Romero (Score or Assist) (1),,2.2000,odds_api_io,event_id=61624666;market=Player To Score or Assist
2026-05-17T11:51:42Z,2026-05-17,61624666,2026-05-17T17:00:00Z,,live_capture,Bet365,Spain - LaLiga,ANYTIME_ASSIST,Levante UD,RCD Mallorca,Roger Brugue (Score or Assist) (1),,2.2500,odds_api_io,event_id=61624666;market=Player To Score or Assist
2026-05-17T11:51:42Z,2026-05-17,61624666,2026-05-17T17:00:00Z,,live_capture,Bet365,Spain - LaLiga,ANYTIME_ASSIST,Levante UD,RCD Mallorca,Kareem Tunde (Score or Assist) (1),,2.3000,odds_api_io,event_id=61624666;market=Player To Score or Assist
2026-05-17T11:51:42Z,2026-05-17,61624666,2026-05-17T17:00:00Z,,live_capture,Bet365,Spain - LaLiga,ANYTIME_ASSIST,Levante UD,RCD Mallorca,Pablo Martinez (Score or Assist) (1),,2.3000,odds_api_io,event_id=61624666;market=Player To Score or Assist
2026-05-17T11:51:42Z,2026-05-17,61624666,2026-05-17T17:00:00Z,,live_capture,Bet365,Spain - LaLiga,ANYTIME_ASSIST,Levante UD,RCD Mallorca,Justin-Noel Kalumba (Score or Assist) (2),,2.6250,odds_api_io,event_id=61624666;market=Player To Score or Assist
2026-05-17T11:51:42Z,2026-05-17,61624666,2026-05-17T17:00:00Z,,live_capture,Bet365,Spain - LaLiga,ANYTIME_ASSIST,Levante UD,RCD Mallorca,Takuma Asano (Score or Assist) (2),,2.6250,odds_api_io,event_id=61624666;market=Player To Score or Assist
2026-05-17T11:51:42Z,2026-05-17,61624666,2026-05-17T17:00:00Z,,live_capture,Bet365,Spain - LaLiga,ANYTIME_ASSIST,Levante UD,RCD Mallorca,Victor Garcia (Score or Assist) (1),,3.1000,odds_api_io,event_id=61624666;market=Player To Score or Assist
2026-05-17T11:51:42Z,2026-05-17,61624666,2026-05-17T17:00:00Z,,live_capture,Bet365,Spain - LaLiga,ANYTIME_ASSIST,Levante UD,RCD Mallorca,Ugo Raghouber (Score or Assist) (1),,3.7500,odds_api_io,event_id=61624666;market=Player To Score or Assist
2026-05-17T11:51:42Z,2026-05-17,61624666,2026-05-17T17:00:00Z,,live_capture,Bet365,Spain - LaLiga,ANYTIME_ASSIST,Levante UD,RCD Mallorca,Carlos Espi (Score) (1),,2.2000,odds_api_io,event_id=61624666;market=Player To Score or Assist
2026-05-17T11:51:42Z,2026-05-17,61624666,2026-05-17T17:00:00Z,,live_capture,Bet365,Spain - LaLiga,ANYTIME_ASSIST,Levante UD,RCD Mallorca,Karl Etta (Score) (1),,2.7500,odds_api_io,event_id=61624666;market=Player To Score or Assist
2026-05-17T11:51:42Z,2026-05-17,61624666,2026-05-17T17:00:00Z,,live_capture,Bet365,Spain - LaLiga,ANYTIME_ASSIST,Levante UD,RCD Mallorca,Kareem Tunde (Score) (1),,3.6000,odds_api_io,event_id=61624666;market=Player To Score or Assist
2026-05-17T11:51:42Z,2026-05-17,61624666,2026-05-17T17:00:00Z,,live_capture,Bet365,Spain - LaLiga,ANYTIME_ASSIST,Levante UD,RCD Mallorca,Pablo Martinez (Score) (1),,3.6000,odds_api_io,event_id=61624666;market=Player To Score or Assist
2026-05-17T11:51:42Z,2026-05-17,61624666,2026-05-17T17:00:00Z,,live_capture,Bet365,Spain - LaLiga,ANYTIME_ASSIST,Levante UD,RCD Mallorca,Tai Abed (Score) (1),,4.7500,odds_api_io,event_id=61624666;market=Player To Score or Assist
2026-05-17T11:51:42Z,2026-05-17,61624666,2026-05-17T17:00:00Z,,live_capture,Bet365,Spain - LaLiga,ANYTIME_ASSIST,Levante UD,RCD Mallorca,Justin-Noel Kalumba (Score) (2),,3.6000,odds_api_io,event_id=61624666;market=Player To Score or Assist
2026-05-17T11:51:42Z,2026-05-17,61624666,2026-05-17T17:00:00Z,,live_capture,Bet365,Spain - LaLiga,ANYTIME_ASSIST,Levante UD,RCD Mallorca,Sergi Darder (Score) (2),,4.7500,odds_api_io,event_id=61624666;market=Player To Score or Assist
2026-05-17T11:51:42Z,2026-05-17,61624666,2026-05-17T17:00:00Z,,live_capture,Bet365,Spain - LaLiga,ANYTIME_ASSIST,Levante UD,RCD Mallorca,Takuma Asano (Score) (2),,3.6000,odds_api_io,event_id=61624666;market=Player To Score or Assist
2026-05-17T11:51:42Z,2026-05-17,61624666,2026-05-17T17:00:00Z,,live_capture,Bet365,Spain - LaLiga,ANYTIME_ASSIST,Levante UD,RCD Mallorca,Jan Virgili (Score) (2),,4.7500,odds_api_io,event_id=61624666;market=Player To Score or Assist
2026-05-17T11:51:42Z,2026-05-17,61624666,2026-05-17T17:00:00Z,,live_capture,Bet365,Spain - LaLiga,ANYTIME_ASSIST,Levante UD,RCD Mallorca,Jon Ander Olasagasti (Score) (1),,4.7500,odds_api_io,event_id=61624666;market=Player To Score or Assist
2026-05-17T11:51:42Z,2026-05-17,61624666,2026-05-17T17:00:00Z,,live_capture,Bet365,Spain - LaLiga,ANYTIME_ASSIST,Levante UD,RCD Mallorca,Paco Cortes (Score) (1),,4.7500,odds_api_io,event_id=61624666;market=Player To Score or Assist
2026-05-17T11:51:42Z,2026-05-17,61624666,2026-05-17T17:00:00Z,,live_capture,Bet365,Spain - LaLiga,ANYTIME_ASSIST,Levante UD,RCD Mallorca,Oriol Rey (Score) (1),,8.5000,odds_api_io,event_id=61624666;market=Player To Score or Assist
2026-05-17T11:51:42Z,2026-05-17,61624666,2026-05-17T17:00:00Z,,live_capture,Bet365,Spain - LaLiga,ANYTIME_ASSIST,Levante UD,RCD Mallorca,Nacho Perez (Score) (1),,8.5000,odds_api_io,event_id=61624666;market=Player To Score or Assist
2026-05-17T11:51:42Z,2026-05-17,61624666,2026-05-17T17:00:00Z,,live_capture,Bet365,Spain - LaLiga,ANYTIME_ASSIST,Levante UD,RCD Mallorca,Kervin Arriaga (Score) (1),,8.5000,odds_api_io,event_id=61624666;market=Player To Score or Assist
2026-05-17T11:51:42Z,2026-05-17,61624666,2026-05-17T17:00:00Z,,live_capture,Bet365,Spain - LaLiga,ANYTIME_ASSIST,Levante UD,RCD Mallorca,Jeremy Toljan (Score) (1),,13.0000,odds_api_io,event_id=61624666;market=Player To Score or Assist
2026-05-17T11:51:42Z,2026-05-17,61624666,2026-05-17T17:00:00Z,,live_capture,Bet365,Spain - LaLiga,ANYTIME_ASSIST,Levante UD,RCD Mallorca,Antonio Toni Lato (Score) (2),,13.0000,odds_api_io,event_id=61624666;market=Player To Score or Assist
2026-05-17T11:51:42Z,2026-05-17,61624666,2026-05-17T17:00:00Z,,live_capture,Bet365,Spain - LaLiga,ANYTIME_ASSIST,Levante UD,RCD Mallorca,Omar Mascarell (Score) (2),,13.0000,odds_api_io,event_id=61624666;market=Player To Score or Assist
2026-05-17T11:51:42Z,2026-05-17,61624666,2026-05-17T17:00:00Z,,live_capture,Bet365,Spain - LaLiga,ANYTIME_ASSIST,Levante UD,RCD Mallorca,Unai Elgezabal (Score) (1),,13.0000,odds_api_io,event_id=61624666;market=Player To Score or Assist
2026-05-17T11:51:42Z,2026-05-17,61624666,2026-05-17T17:00:00Z,,live_capture,Bet365,Spain - LaLiga,ANYTIME_ASSIST,Levante UD,RCD Mallorca,Iker Losada (Assist) (1),,6.5000,odds_api_io,event_id=61624666;market=Player To Score or Assist
2026-05-17T11:51:42Z,2026-05-17,61624666,2026-05-17T17:00:00Z,,live_capture,Bet365,Spain - LaLiga,ANYTIME_ASSIST,Levante UD,RCD Mallorca,Roger Brugue (Assist) (1),,5.0000,odds_api_io,event_id=61624666;market=Player To Score or Assist
2026-05-17T11:51:42Z,2026-05-17,61624666,2026-05-17T17:00:00Z,,live_capture,Bet365,Spain - LaLiga,ANYTIME_ASSIST,Levante UD,RCD Mallorca,Carlos Alvarez (Assist) (1),,4.3330,odds_api_io,event_id=61624666;market=Player To Score or Assist
2026-05-17T11:51:42Z,2026-05-17,61624666,2026-05-17T17:00:00Z,,live_capture,Bet365,Spain - LaLiga,ANYTIME_ASSIST,Levante UD,RCD Mallorca,Kareem Tunde (Assist) (1),,5.0000,odds_api_io,event_id=61624666;market=Player To Score or Assist
2026-05-17T11:51:42Z,2026-05-17,61624666,2026-05-17T17:00:00Z,,live_capture,Bet365,Spain - LaLiga,ANYTIME_ASSIST,Levante UD,RCD Mallorca,Pablo Martinez (Assist) (1),,5.0000,odds_api_io,event_id=61624666;market=Player To Score or Assist
2026-05-17T11:51:42Z,2026-05-17,61624666,2026-05-17T17:00:00Z,,live_capture,Bet365,Spain - LaLiga,ANYTIME_ASSIST,Levante UD,RCD Mallorca,Manuel Sanchez (Assist) (1),,6.5000,odds_api_io,event_id=61624666;market=Player To Score or Assist
2026-05-17T11:51:42Z,2026-05-17,61624666,2026-05-17T17:00:00Z,,live_capture,Bet365,Spain - LaLiga,ANYTIME_ASSIST,Levante UD,RCD Mallorca,Carlos Espi (Score or Assist) (1),,1.9090,odds_api_io,event_id=61624666;market=Player To Score or Assist
2026-05-17T11:51:42Z,2026-05-17,61624666,2026-05-17T17:00:00Z,,live_capture,Bet365,Spain - LaLiga,ANYTIME_ASSIST,Levante UD,RCD Mallorca,Vedat Muriqi (Score or Assist) (2),,2.1000,odds_api_io,event_id=61624666;market=Player To Score or Assist
2026-05-17T11:51:42Z,2026-05-17,61624666,2026-05-17T17:00:00Z,,live_capture,Bet365,Spain - LaLiga,ANYTIME_ASSIST,Levante UD,RCD Mallorca,Karl Etta (Score or Assist) (1),,2.2000,odds_api_io,event_id=61624666;market=Player To Score or Assist
2026-05-17T11:51:42Z,2026-05-17,61624666,2026-05-17T17:00:00Z,,live_capture,Bet365,Spain - LaLiga,ANYTIME_ASSIST,Levante UD,RCD Mallorca,Carlos Alvarez (Score or Assist) (1),,2.3000,odds_api_io,event_id=61624666;market=Player To Score or Assist
2026-05-17T11:51:42Z,2026-05-17,61624666,2026-05-17T17:00:00Z,,live_capture,Bet365,Spain - LaLiga,ANYTIME_ASSIST,Levante UD,RCD Mallorca,Tai Abed (Score or Assist) (1),,2.6000,odds_api_io,event_id=61624666;market=Player To Score or Assist
2026-05-17T11:51:42Z,2026-05-17,61624666,2026-05-17T17:00:00Z,,live_capture,Bet365,Spain - LaLiga,ANYTIME_ASSIST,Levante UD,RCD Mallorca,Abdon Prats (Score or Assist) (2),,2.7500,odds_api_io,event_id=61624666;market=Player To Score or Assist
2026-05-17T11:51:42Z,2026-05-17,61624666,2026-05-17T17:00:00Z,,live_capture,Bet365,Spain - LaLiga,ANYTIME_ASSIST,Levante UD,RCD Mallorca,Pablo Torre (Score or Assist) (2),,2.8750,odds_api_io,event_id=61624666;market=Player To Score or Assist
2026-05-17T11:51:42Z,2026-05-17,61624666,2026-05-17T17:00:00Z,,live_capture,Bet365,Spain - LaLiga,ANYTIME_ASSIST,Levante UD,RCD Mallorca,Nacho Perez (Score or Assist) (1),,4.3330,odds_api_io,event_id=61624666;market=Player To Score or Assist
2026-05-17T11:51:42Z,2026-05-17,61624666,2026-05-17T17:00:00Z,,live_capture,Bet365,Spain - LaLiga,ANYTIME_ASSIST,Levante UD,RCD Mallorca,Pablo Maffeo (Score or Assist) (2),,5.0000,odds_api_io,event_id=61624666;market=Player To Score or Assist
2026-05-17T11:51:42Z,2026-05-17,61624666,2026-05-17T17:00:00Z,,live_capture,Bet365,Spain - LaLiga,ANYTIME_ASSIST,Levante UD,RCD Mallorca,Antonio Raillo (Score or Assist) (2),,7.0000,odds_api_io,event_id=61624666;market=Player To Score or Assist
2026-05-17T11:51:42Z,2026-05-17,61624666,2026-05-17T17:00:00Z,,live_capture,Bet365,Spain - LaLiga,ANYTIME_ASSIST,Levante UD,RCD Mallorca,David Lopez (Score or Assist) (2),,7.0000,odds_api_io,event_id=61624666;market=Player To Score or Assist
2026-05-17T11:51:42Z,2026-05-17,61624666,2026-05-17T17:00:00Z,,live_capture,Bet365,Spain - LaLiga,ANYTIME_ASSIST,Levante UD,RCD Mallorca,Roger Brugue (Score) (1),,3.4000,odds_api_io,event_id=61624666;market=Player To Score or Assist
2026-05-17T11:51:42Z,2026-05-17,61624666,2026-05-17T17:00:00Z,,live_capture,Bet365,Spain - LaLiga,ANYTIME_ASSIST,Levante UD,RCD Mallorca,Carlos Alvarez (Score) (1),,4.3330,odds_api_io,event_id=61624666;market=Player To Score or Assist
2026-05-17T11:51:42Z,2026-05-17,61624666,2026-05-17T17:00:00Z,,live_capture,Bet365,Spain - LaLiga,ANYTIME_ASSIST,Levante UD,RCD Mallorca,Pablo Torre (Score) (2),,6.5000,odds_api_io,event_id=61624666;market=Player To Score or Assist
2026-05-17T11:51:42Z,2026-05-17,61624666,2026-05-17T17:00:00Z,,live_capture,Bet365,Spain - LaLiga,ANYTIME_ASSIST,Levante UD,RCD Mallorca,Mateo Joseph (Score) (2),,4.0000,odds_api_io,event_id=61624666;market=Player To Score or Assist
2026-05-17T11:51:42Z,2026-05-17,61624666,2026-05-17T17:00:00Z,,live_capture,Bet365,Spain - LaLiga,ANYTIME_ASSIST,Levante UD,RCD Mallorca,Jandro Garcia (Score) (2),,7.0000,odds_api_io,event_id=61624666;market=Player To Score or Assist
2026-05-17T11:51:42Z,2026-05-17,61624666,2026-05-17T17:00:00Z,,live_capture,Bet365,Spain - LaLiga,ANYTIME_ASSIST,Levante UD,RCD Mallorca,Cesc Riba (Score) (2),,6.5000,odds_api_io,event_id=61624666;market=Player To Score or Assist
2026-05-17T11:51:42Z,2026-05-17,61624666,2026-05-17T17:00:00Z,,live_capture,Bet365,Spain - LaLiga,ANYTIME_ASSIST,Levante UD,RCD Mallorca,Ugo Raghouber (Score) (1),,8.0000,odds_api_io,event_id=61624666;market=Player To Score or Assist
2026-05-17T11:51:42Z,2026-05-17,61624666,2026-05-17T17:00:00Z,,live_capture,Bet365,Spain - LaLiga,ANYTIME_ASSIST,Levante UD,RCD Mallorca,Adrian De la Fuente (Score) (1),,7.0000,odds_api_io,event_id=61624666;market=Player To Score or Assist
2026-05-17T11:51:42Z,2026-05-17,61624666,2026-05-17T17:00:00Z,,live_capture,Bet365,Spain - LaLiga,ANYTIME_ASSIST,Levante UD,RCD Mallorca,Javi Llabres (Score) (2),,7.0000,odds_api_io,event_id=61624666;market=Player To Score or Assist
2026-05-17T11:51:42Z,2026-05-17,61624666,2026-05-17T17:00:00Z,,live_capture,Bet365,Spain - LaLiga,ANYTIME_ASSIST,Levante UD,RCD Mallorca,Johan Mojica (Score) (2),,8.5000,odds_api_io,event_id=61624666;market=Player To Score or Assist
2026-05-17T11:51:42Z,2026-05-17,61624666,2026-05-17T17:00:00Z,,live_capture,Bet365,Spain - LaLiga,ANYTIME_ASSIST,Levante UD,RCD Mallorca,Manuel Sanchez (Score) (1),,9.5000,odds_api_io,event_id=61624666;market=Player To Score or Assist
2026-05-17T11:51:42Z,2026-05-17,61624666,2026-05-17T17:00:00Z,,live_capture,Bet365,Spain - LaLiga,ANYTIME_ASSIST,Levante UD,RCD Mallorca,Unai Vencedor (Score) (1),,7.0000,odds_api_io,event_id=61624666;market=Player To Score or Assist
2026-05-17T11:51:42Z,2026-05-17,61624666,2026-05-17T17:00:00Z,,live_capture,Bet365,Spain - LaLiga,ANYTIME_ASSIST,Levante UD,RCD Mallorca,Costa Samu (Score) (2),,7.0000,odds_api_io,event_id=61624666;market=Player To Score or Assist
2026-05-17T11:51:42Z,2026-05-17,61624666,2026-05-17T17:00:00Z,,live_capture,Bet365,Spain - LaLiga,ANYTIME_ASSIST,Levante UD,RCD Mallorca,Jan Salas (Score) (2),,8.0000,odds_api_io,event_id=61624666;market=Player To Score or Assist
2026-05-17T11:51:42Z,2026-05-17,61624666,2026-05-17T17:00:00Z,,live_capture,Bet365,Spain - LaLiga,ANYTIME_ASSIST,Levante UD,RCD Mallorca,Pablo Maffeo (Score) (2),,11.0000,odds_api_io,event_id=61624666;market=Player To Score or Assist
2026-05-17T11:51:42Z,2026-05-17,61624666,2026-05-17T17:00:00Z,,live_capture,Bet365,Spain - LaLiga,ANYTIME_ASSIST,Levante UD,RCD Mallorca,Mateu Morey (Score) (2),,11.0000,odds_api_io,event_id=61624666;market=Player To Score or Assist
2026-05-17T11:51:42Z,2026-05-17,61624666,2026-05-17T17:00:00Z,,live_capture,Bet365,Spain - LaLiga,ANYTIME_ASSIST,Levante UD,RCD Mallorca,Alan Matturro (Score) (1),,11.0000,odds_api_io,event_id=61624666;market=Player To Score or Assist
2026-05-17T11:51:42Z,2026-05-17,61624666,2026-05-17T17:00:00Z,,live_capture,Bet365,Spain - LaLiga,ANYTIME_ASSIST,Levante UD,RCD Mallorca,Matias Moreno (Score) (1),,11.0000,odds_api_io,event_id=61624666;market=Player To Score or Assist
2026-05-17T11:51:42Z,2026-05-17,61624666,2026-05-17T17:00:00Z,,live_capture,Bet365,Spain - LaLiga,ANYTIME_ASSIST,Levante UD,RCD Mallorca,Marash Kumbulla (Score) (2),,15.0000,odds_api_io,event_id=61624666;market=Player To Score or Assist
2026-05-17T11:51:42Z,2026-05-17,61624666,2026-05-17T17:00:00Z,,live_capture,Bet365,Spain - LaLiga,ANYTIME_ASSIST,Levante UD,RCD Mallorca,Martin Valjent (Score) (2),,15.0000,odds_api_io,event_id=61624666;market=Player To Score or Assist
2026-05-17T11:51:42Z,2026-05-17,61624666,2026-05-17T17:00:00Z,,live_capture,Bet365,Spain - LaLiga,ANYTIME_ASSIST,Levante UD,RCD Mallorca,Andre Zito Luvumbo (Assist) (2),,5.5000,odds_api_io,event_id=61624666;market=Player To Score or Assist
2026-05-17T11:51:42Z,2026-05-17,61624666,2026-05-17T17:00:00Z,,live_capture,Bet365,Spain - LaLiga,ANYTIME_ASSIST,Levante UD,RCD Mallorca,Tai Abed (Assist) (1),,4.5000,odds_api_io,event_id=61624666;market=Player To Score or Assist
2026-05-17T11:51:42Z,2026-05-17,61624666,2026-05-17T17:00:00Z,,live_capture,Bet365,Spain - LaLiga,ANYTIME_ASSIST,Levante UD,RCD Mallorca,Justin-Noel Kalumba (Assist) (2),,7.0000,odds_api_io,event_id=61624666;market=Player To Score or Assist
2026-05-17T11:51:42Z,2026-05-17,61624666,2026-05-17T17:00:00Z,,live_capture,Bet365,Spain - LaLiga,ANYTIME_ASSIST,Levante UD,RCD Mallorca,Sergi Darder (Assist) (2),,5.0000,odds_api_io,event_id=61624666;market=Player To Score or Assist
2026-05-17T11:51:42Z,2026-05-17,61624666,2026-05-17T17:00:00Z,,live_capture,Bet365,Spain - LaLiga,ANYTIME_ASSIST,Levante UD,RCD Mallorca,Takuma Asano (Assist) (2),,7.0000,odds_api_io,event_id=61624666;market=Player To Score or Assist
2026-05-17T11:51:42Z,2026-05-17,61624666,2026-05-17T17:00:00Z,,live_capture,Bet365,Spain - LaLiga,ANYTIME_ASSIST,Levante UD,RCD Mallorca,Jan Virgili (Assist) (2),,5.0000,odds_api_io,event_id=61624666;market=Player To Score or Assist
2026-05-17T11:51:42Z,2026-05-17,61624666,2026-05-17T17:00:00Z,,live_capture,Bet365,Spain - LaLiga,ANYTIME_ASSIST,Levante UD,RCD Mallorca,Cesc Riba (Assist) (2),,7.5000,odds_api_io,event_id=61624666;market=Player To Score or Assist
2026-05-17T11:51:42Z,2026-05-17,61624666,2026-05-17T17:00:00Z,,live_capture,Bet365,Spain - LaLiga,ANYTIME_ASSIST,Levante UD,RCD Mallorca,Ugo Raghouber (Assist) (1),,6.5000,odds_api_io,event_id=61624666;market=Player To Score or Assist
2026-05-17T11:51:42Z,2026-05-17,61624666,2026-05-17T17:00:00Z,,live_capture,Bet365,Spain - LaLiga,ANYTIME_ASSIST,Levante UD,RCD Mallorca,Javi Llabres (Assist) (2),,7.5000,odds_api_io,event_id=61624666;market=Player To Score or Assist
2026-05-17T11:51:42Z,2026-05-17,61624666,2026-05-17T17:00:00Z,,live_capture,Bet365,Spain - LaLiga,ANYTIME_ASSIST,Levante UD,RCD Mallorca,Johan Mojica (Assist) (2),,6.5000,odds_api_io,event_id=61624666;market=Player To Score or Assist
2026-05-17T11:51:42Z,2026-05-17,61624666,2026-05-17T17:00:00Z,,live_capture,Bet365,Spain - LaLiga,ANYTIME_ASSIST,Levante UD,RCD Mallorca,Oriol Rey (Assist) (1),,7.0000,odds_api_io,event_id=61624666;market=Player To Score or Assist
2026-05-17T11:51:42Z,2026-05-17,61624666,2026-05-17T17:00:00Z,,live_capture,Bet365,Spain - LaLiga,ANYTIME_ASSIST,Levante UD,RCD Mallorca,Costa Samu (Assist) (2),,10.0000,odds_api_io,event_id=61624666;market=Player To Score or Assist
2026-05-17T11:51:42Z,2026-05-17,61624666,2026-05-17T17:00:00Z,,live_capture,Bet365,Spain - LaLiga,ANYTIME_ASSIST,Levante UD,RCD Mallorca,Jan Salas (Assist) (2),,10.0000,odds_api_io,event_id=61624666;market=Player To Score or Assist
2026-05-17T11:51:42Z,2026-05-17,61624666,2026-05-17T17:00:00Z,,live_capture,Bet365,Spain - LaLiga,ANYTIME_ASSIST,Levante UD,RCD Mallorca,Kervin Arriaga (Assist) (1),,8.5000,odds_api_io,event_id=61624666;market=Player To Score or Assist
2026-05-17T11:51:42Z,2026-05-17,61624666,2026-05-17T17:00:00Z,,live_capture,Bet365,Spain - LaLiga,ANYTIME_ASSIST,Levante UD,RCD Mallorca,Manu Morlanes (Assist) (2),,10.0000,odds_api_io,event_id=61624666;market=Player To Score or Assist
2026-05-17T11:51:42Z,2026-05-17,61624666,2026-05-17T17:00:00Z,,live_capture,Bet365,Spain - LaLiga,ANYTIME_ASSIST,Levante UD,RCD Mallorca,Pablo Maffeo (Assist) (2),,7.5000,odds_api_io,event_id=61624666;market=Player To Score or Assist
2026-05-17T11:51:42Z,2026-05-17,61624666,2026-05-17T17:00:00Z,,live_capture,Bet365,Spain - LaLiga,ANYTIME_ASSIST,Levante UD,RCD Mallorca,Javier Olaizola (Assist) (2),,10.0000,odds_api_io,event_id=61624666;market=Player To Score or Assist
2026-05-17T11:51:42Z,2026-05-17,61624666,2026-05-17T17:00:00Z,,live_capture,Bet365,Spain - LaLiga,ANYTIME_ASSIST,Levante UD,RCD Mallorca,Mateu Morey (Assist) (2),,10.0000,odds_api_io,event_id=61624666;market=Player To Score or Assist
2026-05-17T11:51:42Z,2026-05-17,61624666,2026-05-17T17:00:00Z,,live_capture,Bet365,Spain - LaLiga,ANYTIME_ASSIST,Levante UD,RCD Mallorca,Luis Orejuela (Assist) (2),,12.0000,odds_api_io,event_id=61624666;market=Player To Score or Assist
2026-05-17T11:51:42Z,2026-05-17,61624666,2026-05-17T17:00:00Z,,live_capture,Bet365,Spain - LaLiga,ANYTIME_ASSIST,Levante UD,RCD Mallorca,Miguel Calatayud (Assist) (2),,12.0000,odds_api_io,event_id=61624666;market=Player To Score or Assist
2026-05-17T11:51:42Z,2026-05-17,61624666,2026-05-17T17:00:00Z,,live_capture,Bet365,Spain - LaLiga,ANYTIME_ASSIST,Levante UD,RCD Mallorca,Antonio Raillo (Assist) (2),,16.0000,odds_api_io,event_id=61624666;market=Player To Score or Assist
2026-05-17T11:51:42Z,2026-05-17,61624666,2026-05-17T17:00:00Z,,live_capture,Bet365,Spain - LaLiga,ANYTIME_ASSIST,Levante UD,RCD Mallorca,David Lopez (Assist) (2),,16.0000,odds_api_io,event_id=61624666;market=Player To Score or Assist
2026-05-17T11:51:42Z,2026-05-17,61624666,2026-05-17T17:00:00Z,,live_capture,Bet365,Spain - LaLiga,ANYTIME_ASSIST,Levante UD,RCD Mallorca,Alan Matturro (Assist) (1),,15.0000,odds_api_io,event_id=61624666;market=Player To Score or Assist
2026-05-17T11:51:42Z,2026-05-17,61624666,2026-05-17T17:00:00Z,,live_capture,Bet365,Spain - LaLiga,ANYTIME_ASSIST,Levante UD,RCD Mallorca,Matias Moreno (Assist) (1),,13.0000,odds_api_io,event_id=61624666;market=Player To Score or Assist
2026-05-17T11:51:42Z,2026-05-17,61624666,2026-05-17T17:00:00Z,,live_capture,Bet365,Spain - LaLiga,ANYTIME_ASSIST,Levante UD,RCD Mallorca,Omar Mascarell (Assist) (2),,12.0000,odds_api_io,event_id=61624666;market=Player To Score or Assist
2026-05-17T11:51:42Z,2026-05-17,61624666,2026-05-17T17:00:00Z,,live_capture,Bet365,Spain - LaLiga,ANYTIME_ASSIST,Levante UD,RCD Mallorca,Unai Elgezabal (Assist) (1),,15.0000,odds_api_io,event_id=61624666;market=Player To Score or Assist
2026-05-17T11:51:42Z,2026-05-17,61624666,2026-05-17T17:00:00Z,,live_capture,Bet365,Spain - LaLiga,ANYTIME_ASSIST,Levante UD,RCD Mallorca,Marash Kumbulla (Assist) (2),,16.0000,odds_api_io,event_id=61624666;market=Player To Score or Assist
2026-05-17T11:51:42Z,2026-05-17,61624666,2026-05-17T17:00:00Z,,live_capture,Bet365,Spain - LaLiga,ANYTIME_ASSIST,Levante UD,RCD Mallorca,Martin Valjent (Assist) (2),,16.0000,odds_api_io,event_id=61624666;market=Player To Score or Assist
2026-05-17T11:51:42Z,2026-05-17,61624666,2026-05-17T17:00:00Z,,live_capture,Bet365,Spain - LaLiga,ANYTIME_ASSIST,Levante UD,RCD Mallorca,Sergi Darder (Score or Assist) (2),,2.6250,odds_api_io,event_id=61624666;market=Player To Score or Assist
2026-05-17T11:51:42Z,2026-05-17,61624666,2026-05-17T17:00:00Z,,live_capture,Bet365,Spain - LaLiga,ANYTIME_ASSIST,Levante UD,RCD Mallorca,Mateo Joseph (Score or Assist) (2),,3.0000,odds_api_io,event_id=61624666;market=Player To Score or Assist
2026-05-17T11:51:42Z,2026-05-17,61624666,2026-05-17T17:00:00Z,,live_capture,Bet365,Spain - LaLiga,ANYTIME_ASSIST,Levante UD,RCD Mallorca,Antonio Sanchez (Score or Assist) (2),,3.7500,odds_api_io,event_id=61624666;market=Player To Score or Assist
2026-05-17T11:51:42Z,2026-05-17,61624666,2026-05-17T17:00:00Z,,live_capture,Bet365,Spain - LaLiga,ANYTIME_ASSIST,Levante UD,RCD Mallorca,Cesc Riba (Score or Assist) (2),,3.7500,odds_api_io,event_id=61624666;market=Player To Score or Assist
2026-05-17T11:51:42Z,2026-05-17,61624666,2026-05-17T17:00:00Z,,live_capture,Bet365,Spain - LaLiga,ANYTIME_ASSIST,Levante UD,RCD Mallorca,Javi Llabres (Score or Assist) (2),,4.0000,odds_api_io,event_id=61624666;market=Player To Score or Assist
2026-05-17T11:51:42Z,2026-05-17,61624666,2026-05-17T17:00:00Z,,live_capture,Bet365,Spain - LaLiga,ANYTIME_ASSIST,Levante UD,RCD Mallorca,Johan Mojica (Score or Assist) (2),,4.0000,odds_api_io,event_id=61624666;market=Player To Score or Assist
2026-05-17T11:51:42Z,2026-05-17,61624666,2026-05-17T17:00:00Z,,live_capture,Bet365,Spain - LaLiga,ANYTIME_ASSIST,Levante UD,RCD Mallorca,Manuel Sanchez (Score or Assist) (1),,4.0000,odds_api_io,event_id=61624666;market=Player To Score or Assist
2026-05-17T11:51:42Z,2026-05-17,61624666,2026-05-17T17:00:00Z,,live_capture,Bet365,Spain - LaLiga,ANYTIME_ASSIST,Levante UD,RCD Mallorca,Unai Vencedor (Score or Assist) (1),,4.3330,odds_api_io,event_id=61624666;market=Player To Score or Assist
2026-05-17T11:51:42Z,2026-05-17,61624666,2026-05-17T17:00:00Z,,live_capture,Bet365,Spain - LaLiga,ANYTIME_ASSIST,Levante UD,RCD Mallorca,Jan Salas (Score or Assist) (2),,5.0000,odds_api_io,event_id=61624666;market=Player To Score or Assist
2026-05-17T11:51:42Z,2026-05-17,61624666,2026-05-17T17:00:00Z,,live_capture,Bet365,Spain - LaLiga,ANYTIME_ASSIST,Levante UD,RCD Mallorca,Jeremy Toljan (Score or Assist) (1),,5.0000,odds_api_io,event_id=61624666;market=Player To Score or Assist
2026-05-17T11:51:42Z,2026-05-17,61624666,2026-05-17T17:00:00Z,,live_capture,Bet365,Spain - LaLiga,ANYTIME_ASSIST,Levante UD,RCD Mallorca,Alan Matturro (Score or Assist) (1),,7.5000,odds_api_io,event_id=61624666;market=Player To Score or Assist
2026-05-17T11:51:42Z,2026-05-17,61624666,2026-05-17T17:00:00Z,,live_capture,Bet365,Spain - LaLiga,ANYTIME_ASSIST,Levante UD,RCD Mallorca,Unai Elgezabal (Score or Assist) (1),,8.5000,odds_api_io,event_id=61624666;market=Player To Score or Assist
2026-05-17T11:51:42Z,2026-05-17,61624666,2026-05-17T17:00:00Z,,live_capture,Bet365,Spain - LaLiga,ANYTIME_ASSIST,Levante UD,RCD Mallorca,Marash Kumbulla (Score or Assist) (2),,10.0000,odds_api_io,event_id=61624666;market=Player To Score or Assist
2026-05-17T11:51:42Z,2026-05-17,61624666,2026-05-17T17:00:00Z,,live_capture,Bet365,Spain - LaLiga,ANYTIME_ASSIST,Levante UD,RCD Mallorca,Martin Valjent (Score or Assist) (2),,10.0000,odds_api_io,event_id=61624666;market=Player To Score or Assist
2026-05-17T11:51:42Z,2026-05-17,61624666,2026-05-17T17:00:00Z,,live_capture,Bet365,Spain - LaLiga,ANYTIME_ASSIST,Levante UD,RCD Mallorca,Abdon Prats (Score) (2),,3.4000,odds_api_io,event_id=61624666;market=Player To Score or Assist
2026-05-17T11:51:42Z,2026-05-17,61624666,2026-05-17T17:00:00Z,,live_capture,Bet365,Spain - LaLiga,ANYTIME_ASSIST,Levante UD,RCD Mallorca,Diego Pampin (Score) (1),,8.5000,odds_api_io,event_id=61624666;market=Player To Score or Assist
2026-05-17T11:51:42Z,2026-05-17,61624666,2026-05-17T17:00:00Z,,live_capture,Bet365,Spain - LaLiga,ANYTIME_ASSIST,Levante UD,RCD Mallorca,Manu Morlanes (Score) (2),,8.5000,odds_api_io,event_id=61624666;market=Player To Score or Assist
2026-05-17T11:51:42Z,2026-05-17,61624666,2026-05-17T17:00:00Z,,live_capture,Bet365,Spain - LaLiga,ANYTIME_ASSIST,Levante UD,RCD Mallorca,Antonio Raillo (Score) (2),,8.5000,odds_api_io,event_id=61624666;market=Player To Score or Assist
2026-05-17T11:51:42Z,2026-05-17,61624666,2026-05-17T17:00:00Z,,live_capture,Bet365,Spain - LaLiga,ANYTIME_ASSIST,Levante UD,RCD Mallorca,David Lopez (Score) (2),,8.5000,odds_api_io,event_id=61624666;market=Player To Score or Assist
2026-05-17T11:51:42Z,2026-05-17,61624666,2026-05-17T17:00:00Z,,live_capture,Bet365,Spain - LaLiga,ANYTIME_ASSIST,Levante UD,RCD Mallorca,Carlos Espi (Assist) (1),,7.0000,odds_api_io,event_id=61624666;market=Player To Score or Assist
2026-05-17T11:51:42Z,2026-05-17,61624666,2026-05-17T17:00:00Z,,live_capture,Bet365,Spain - LaLiga,ANYTIME_ASSIST,Levante UD,RCD Mallorca,Karl Etta (Assist) (1),,7.0000,odds_api_io,event_id=61624666;market=Player To Score or Assist
2026-05-17T11:51:42Z,2026-05-17,61624666,2026-05-17T17:00:00Z,,live_capture,Bet365,Spain - LaLiga,ANYTIME_ASSIST,Levante UD,RCD Mallorca,Jon Ander Olasagasti (Assist) (1),,7.0000,odds_api_io,event_id=61624666;market=Player To Score or Assist
2026-05-17T11:51:42Z,2026-05-17,61624666,2026-05-17T17:00:00Z,,live_capture,Bet365,Spain - LaLiga,ANYTIME_ASSIST,Levante UD,RCD Mallorca,Paco Cortes (Assist) (1),,7.0000,odds_api_io,event_id=61624666;market=Player To Score or Assist
2026-05-17T11:51:42Z,2026-05-17,61624666,2026-05-17T17:00:00Z,,live_capture,Bet365,Spain - LaLiga,ANYTIME_ASSIST,Levante UD,RCD Mallorca,Nacho Perez (Assist) (1),,7.0000,odds_api_io,event_id=61624666;market=Player To Score or Assist
2026-05-17T11:51:42Z,2026-05-17,61624666,2026-05-17T17:00:00Z,,live_capture,Bet365,Spain - LaLiga,ANYTIME_ASSIST,Levante UD,RCD Mallorca,Jeremy Toljan (Assist) (1),,7.0000,odds_api_io,event_id=61624666;market=Player To Score or Assist
2026-05-17T11:51:42Z,2026-05-17,61624666,2026-05-17T17:00:00Z,,live_capture,Bet365,Spain - LaLiga,ANYTIME_ASSIST,Levante UD,RCD Mallorca,Jon Ander Olasagasti (Score or Assist) (1),,3.1000,odds_api_io,event_id=61624666;market=Player To Score or Assist
2026-05-17T11:51:42Z,2026-05-17,61624666,2026-05-17T17:00:00Z,,live_capture,Bet365,Spain - LaLiga,ANYTIME_ASSIST,Levante UD,RCD Mallorca,Paco Cortes (Score or Assist) (1),,3.1000,odds_api_io,event_id=61624666;market=Player To Score or Assist
2026-05-17T11:51:42Z,2026-05-17,61624666,2026-05-17T17:00:00Z,,live_capture,Bet365,Spain - LaLiga,ANYTIME_ASSIST,Levante UD,RCD Mallorca,Adrian De la Fuente (Score or Assist) (1),,4.0000,odds_api_io,event_id=61624666;market=Player To Score or Assist
2026-05-17T11:51:42Z,2026-05-17,61624666,2026-05-17T17:00:00Z,,live_capture,Bet365,Spain - LaLiga,ANYTIME_ASSIST,Levante UD,RCD Mallorca,Oriol Rey (Score or Assist) (1),,4.0000,odds_api_io,event_id=61624666;market=Player To Score or Assist
2026-05-17T11:51:42Z,2026-05-17,61624668,2026-05-17T17:00:00Z,,live_capture,Bet365,Spain - LaLiga,ANYTIME_ASSIST,Rayo Vallecano,Villarreal CF,Alberto Moleiro (Score) (2),,3.1000,odds_api_io,event_id=61624668;market=Player To Score or Assist
2026-05-17T11:51:42Z,2026-05-17,61624668,2026-05-17T17:00:00Z,,live_capture,Bet365,Spain - LaLiga,ANYTIME_ASSIST,Rayo Vallecano,Villarreal CF,Hugo Lopez (Score) (2),,3.7500,odds_api_io,event_id=61624668;market=Player To Score or Assist
2026-05-17T11:51:42Z,2026-05-17,61624668,2026-05-17T17:00:00Z,,live_capture,Bet365,Spain - LaLiga,ANYTIME_ASSIST,Rayo Vallecano,Villarreal CF,Alfonso Gonzalez (Score) (2),,3.7500,odds_api_io,event_id=61624668;market=Player To Score or Assist
2026-05-17T11:51:42Z,2026-05-17,61624668,2026-05-17T17:00:00Z,,live_capture,Bet365,Spain - LaLiga,ANYTIME_ASSIST,Rayo Vallecano,Villarreal CF,Tajon Buchanan (Score) (2),,4.5000,odds_api_io,event_id=61624668;market=Player To Score or Assist
2026-05-17T11:51:42Z,2026-05-17,61624668,2026-05-17T17:00:00Z,,live_capture,Bet365,Spain - LaLiga,ANYTIME_ASSIST,Rayo Vallecano,Villarreal CF,Gerard Gumbau (Score) (1),,5.5000,odds_api_io,event_id=61624668;market=Player To Score or Assist
2026-05-17T11:51:42Z,2026-05-17,61624668,2026-05-17T17:00:00Z,,live_capture,Bet365,Spain - LaLiga,ANYTIME_ASSIST,Rayo Vallecano,Villarreal CF,Oscar Trejo (Score) (1),,5.5000,odds_api_io,event_id=61624668;market=Player To Score or Assist
2026-05-17T11:51:42Z,2026-05-17,61624668,2026-05-17T17:00:00Z,,live_capture,Bet365,Spain - LaLiga,ANYTIME_ASSIST,Rayo Vallecano,Villarreal CF,Samu Becerra (Score) (1),,6.5000,odds_api_io,event_id=61624668;market=Player To Score or Assist
2026-05-17T11:51:42Z,2026-05-17,61624668,2026-05-17T17:00:00Z,,live_capture,Bet365,Spain - LaLiga,ANYTIME_ASSIST,Rayo Vallecano,Villarreal CF,Alex Freeman (Score) (2),,6.5000,odds_api_io,event_id=61624668;market=Player To Score or Assist
2026-05-17T11:51:42Z,2026-05-17,61624668,2026-05-17T17:00:00Z,,live_capture,Bet365,Spain - LaLiga,ANYTIME_ASSIST,Rayo Vallecano,Villarreal CF,Alfonso Espino (Score) (1),,6.5000,odds_api_io,event_id=61624668;market=Player To Score or Assist
2026-05-17T11:51:42Z,2026-05-17,61624668,2026-05-17T17:00:00Z,,live_capture,Bet365,Spain - LaLiga,ANYTIME_ASSIST,Rayo Vallecano,Villarreal CF,Pape Gueye (Score) (2),,6.5000,odds_api_io,event_id=61624668;market=Player To Score or Assist
2026-05-17T11:51:42Z,2026-05-17,61624668,2026-05-17T17:00:00Z,,live_capture,Bet365,Spain - LaLiga,ANYTIME_ASSIST,Rayo Vallecano,Villarreal CF,Santiago Comesana (Score) (2),,7.0000,odds_api_io,event_id=61624668;market=Player To Score or Assist
2026-05-17T11:51:42Z,2026-05-17,61624668,2026-05-17T17:00:00Z,,live_capture,Bet365,Spain - LaLiga,ANYTIME_ASSIST,Rayo Vallecano,Villarreal CF,Jozhua Vertrouwd (Score) (1),,8.5000,odds_api_io,event_id=61624668;market=Player To Score or Assist
2026-05-17T11:51:42Z,2026-05-17,61624668,2026-05-17T17:00:00Z,,live_capture,Bet365,Spain - LaLiga,ANYTIME_ASSIST,Rayo Vallecano,Villarreal CF,Alassane Diatta (Score) (2),,7.5000,odds_api_io,event_id=61624668;market=Player To Score or Assist
2026-05-17T11:51:42Z,2026-05-17,61624668,2026-05-17T17:00:00Z,,live_capture,Bet365,Spain - LaLiga,ANYTIME_ASSIST,Rayo Vallecano,Villarreal CF,Carlos Macia (Score) (2),,7.5000,odds_api_io,event_id=61624668;market=Player To Score or Assist
2026-05-17T11:51:42Z,2026-05-17,61624668,2026-05-17T17:00:00Z,,live_capture,Bet365,Spain - LaLiga,ANYTIME_ASSIST,Rayo Vallecano,Villarreal CF,Oscar Valentin (Score) (1),,9.5000,odds_api_io,event_id=61624668;market=Player To Score or Assist
2026-05-17T11:51:42Z,2026-05-17,61624668,2026-05-17T17:00:00Z,,live_capture,Bet365,Spain - LaLiga,ANYTIME_ASSIST,Rayo Vallecano,Villarreal CF,Abdul Mumin (Score) (1),,8.5000,odds_api_io,event_id=61624668;market=Player To Score or Assist
2026-05-17T11:51:42Z,2026-05-17,61624668,2026-05-17T17:00:00Z,,live_capture,Bet365,Spain - LaLiga,ANYTIME_ASSIST,Rayo Vallecano,Villarreal CF,Ivan Balliu (Score) (1),,15.0000,odds_api_io,event_id=61624668;market=Player To Score or Assist
2026-05-17T11:51:42Z,2026-05-17,61624668,2026-05-17T17:00:00Z,,live_capture,Bet365,Spain - LaLiga,ANYTIME_ASSIST,Rayo Vallecano,Villarreal CF,Luiz Felipe (Score) (1),,12.0000,odds_api_io,event_id=61624668;market=Player To Score or Assist
2026-05-17T11:51:42Z,2026-05-17,61624668,2026-05-17T17:00:00Z,,live_capture,Bet365,Spain - LaLiga,ANYTIME_ASSIST,Rayo Vallecano,Villarreal CF,Nobel Mendy (Score) (1),,9.5000,odds_api_io,event_id=61624668;market=Player To Score or Assist
2026-05-17T11:51:42Z,2026-05-17,61624668,2026-05-17T17:00:00Z,,live_capture,Bet365,Spain - LaLiga,ANYTIME_ASSIST,Rayo Vallecano,Villarreal CF,Jorge De Frutos (Assist) (1),,6.5000,odds_api_io,event_id=61624668;market=Player To Score or Assist
2026-05-17T11:51:42Z,2026-05-17,61624668,2026-05-17T17:00:00Z,,live_capture,Bet365,Spain - LaLiga,ANYTIME_ASSIST,Rayo Vallecano,Villarreal CF,Alberto Moleiro (Assist) (2),,5.5000,odds_api_io,event_id=61624668;market=Player To Score or Assist
2026-05-17T11:51:42Z,2026-05-17,61624668,2026-05-17T17:00:00Z,,live_capture,Bet365,Spain - LaLiga,ANYTIME_ASSIST,Rayo Vallecano,Villarreal CF,Alvaro Garcia (Assist) (1),,5.0000,odds_api_io,event_id=61624668;market=Player To Score or Assist
2026-05-17T11:51:42Z,2026-05-17,61624668,2026-05-17T17:00:00Z,,live_capture,Bet365,Spain - LaLiga,ANYTIME_ASSIST,Rayo Vallecano,Villarreal CF,Sergio Camello (Assist) (1),,7.0000,odds_api_io,event_id=61624668;market=Player To Score or Assist
2026-05-17T11:51:42Z,2026-05-17,61624668,2026-05-17T17:00:00Z,,live_capture,Bet365,Spain - LaLiga,ANYTIME_ASSIST,Rayo Vallecano,Villarreal CF,Carlos Martin (Assist) (1),,6.5000,odds_api_io,event_id=61624668;market=Player To Score or Assist
2026-05-17T11:51:42Z,2026-05-17,61624668,2026-05-17T17:00:00Z,,live_capture,Bet365,Spain - LaLiga,ANYTIME_ASSIST,Rayo Vallecano,Villarreal CF,Hugo Lopez (Assist) (2),,5.0000,odds_api_io,event_id=61624668;market=Player To Score or Assist
2026-05-17T11:51:42Z,2026-05-17,61624668,2026-05-17T17:00:00Z,,live_capture,Bet365,Spain - LaLiga,ANYTIME_ASSIST,Rayo Vallecano,Villarreal CF,Alfonso Gonzalez (Assist) (2),,5.5000,odds_api_io,event_id=61624668;market=Player To Score or Assist
2026-05-17T11:51:42Z,2026-05-17,61624668,2026-05-17T17:00:00Z,,live_capture,Bet365,Spain - LaLiga,ANYTIME_ASSIST,Rayo Vallecano,Villarreal CF,Pedro Diaz (Assist) (1),,6.0000,odds_api_io,event_id=61624668;market=Player To Score or Assist
2026-05-17T11:51:42Z,2026-05-17,61624668,2026-05-17T17:00:00Z,,live_capture,Bet365,Spain - LaLiga,ANYTIME_ASSIST,Rayo Vallecano,Villarreal CF,Pathe Ciss (Assist) (1),,6.5000,odds_api_io,event_id=61624668;market=Player To Score or Assist
2026-05-17T11:51:42Z,2026-05-17,61624668,2026-05-17T17:00:00Z,,live_capture,Bet365,Spain - LaLiga,ANYTIME_ASSIST,Rayo Vallecano,Villarreal CF,Gerard Gumbau (Assist) (1),,5.5000,odds_api_io,event_id=61624668;market=Player To Score or Assist
2026-05-17T11:51:42Z,2026-05-17,61624668,2026-05-17T17:00:00Z,,live_capture,Bet365,Spain - LaLiga,ANYTIME_ASSIST,Rayo Vallecano,Villarreal CF,Samu Becerra (Assist) (1),,6.0000,odds_api_io,event_id=61624668;market=Player To Score or Assist
2026-05-17T11:51:42Z,2026-05-17,61624668,2026-05-17T17:00:00Z,,live_capture,Bet365,Spain - LaLiga,ANYTIME_ASSIST,Rayo Vallecano,Villarreal CF,Alex Freeman (Assist) (2),,7.0000,odds_api_io,event_id=61624668;market=Player To Score or Assist
2026-05-17T11:51:42Z,2026-05-17,61624668,2026-05-17T17:00:00Z,,live_capture,Bet365,Spain - LaLiga,ANYTIME_ASSIST,Rayo Vallecano,Villarreal CF,Andrei Ratiu (Assist) (1),,6.0000,odds_api_io,event_id=61624668;market=Player To Score or Assist
2026-05-17T11:51:42Z,2026-05-17,61624668,2026-05-17T17:00:00Z,,live_capture,Bet365,Spain - LaLiga,ANYTIME_ASSIST,Rayo Vallecano,Villarreal CF,Florian Lejeune (Assist) (1),,9.0000,odds_api_io,event_id=61624668;market=Player To Score or Assist
2026-05-17T11:51:42Z,2026-05-17,61624668,2026-05-17T17:00:00Z,,live_capture,Bet365,Spain - LaLiga,ANYTIME_ASSIST,Rayo Vallecano,Villarreal CF,Pape Gueye (Assist) (2),,7.5000,odds_api_io,event_id=61624668;market=Player To Score or Assist
2026-05-17T11:51:42Z,2026-05-17,61624668,2026-05-17T17:00:00Z,,live_capture,Bet365,Spain - LaLiga,ANYTIME_ASSIST,Rayo Vallecano,Villarreal CF,Santiago Comesana (Assist) (2),,7.0000,odds_api_io,event_id=61624668;market=Player To Score or Assist
2026-05-17T11:51:42Z,2026-05-17,61624668,2026-05-17T17:00:00Z,,live_capture,Bet365,Spain - LaLiga,ANYTIME_ASSIST,Rayo Vallecano,Villarreal CF,Jozhua Vertrouwd (Assist) (1),,6.5000,odds_api_io,event_id=61624668;market=Player To Score or Assist
2026-05-17T11:51:42Z,2026-05-17,61624668,2026-05-17T17:00:00Z,,live_capture,Bet365,Spain - LaLiga,ANYTIME_ASSIST,Rayo Vallecano,Villarreal CF,Alassane Diatta (Assist) (2),,7.5000,odds_api_io,event_id=61624668;market=Player To Score or Assist
2026-05-17T11:51:42Z,2026-05-17,61624668,2026-05-17T17:00:00Z,,live_capture,Bet365,Spain - LaLiga,ANYTIME_ASSIST,Rayo Vallecano,Villarreal CF,Carlos Macia (Assist) (2),,7.5000,odds_api_io,event_id=61624668;market=Player To Score or Assist
2026-05-17T11:51:42Z,2026-05-17,61624668,2026-05-17T17:00:00Z,,live_capture,Bet365,Spain - LaLiga,ANYTIME_ASSIST,Rayo Vallecano,Villarreal CF,Pep Chavarria (Assist) (1),,7.5000,odds_api_io,event_id=61624668;market=Player To Score or Assist
2026-05-17T11:51:42Z,2026-05-17,61624668,2026-05-17T17:00:00Z,,live_capture,Bet365,Spain - LaLiga,ANYTIME_ASSIST,Rayo Vallecano,Villarreal CF,Sergi Cardona (Assist) (2),,8.0000,odds_api_io,event_id=61624668;market=Player To Score or Assist
2026-05-17T11:51:42Z,2026-05-17,61624668,2026-05-17T17:00:00Z,,live_capture,Bet365,Spain - LaLiga,ANYTIME_ASSIST,Rayo Vallecano,Villarreal CF,Oscar Valentin (Assist) (1),,8.5000,odds_api_io,event_id=61624668;market=Player To Score or Assist
2026-05-17T11:51:42Z,2026-05-17,61624668,2026-05-17T17:00:00Z,,live_capture,Bet365,Spain - LaLiga,ANYTIME_ASSIST,Rayo Vallecano,Villarreal CF,Santiago Mourino (Assist) (2),,9.0000,odds_api_io,event_id=61624668;market=Player To Score or Assist
2026-05-17T11:51:42Z,2026-05-17,61624668,2026-05-17T17:00:00Z,,live_capture,Bet365,Spain - LaLiga,ANYTIME_ASSIST,Rayo Vallecano,Villarreal CF,Abdul Mumin (Assist) (1),,11.0000,odds_api_io,event_id=61624668;market=Player To Score or Assist
2026-05-17T11:51:42Z,2026-05-17,61624668,2026-05-17T17:00:00Z,,live_capture,Bet365,Spain - LaLiga,ANYTIME_ASSIST,Rayo Vallecano,Villarreal CF,Thomas Partey (Assist) (2),,11.0000,odds_api_io,event_id=61624668;market=Player To Score or Assist
2026-05-17T11:51:42Z,2026-05-17,61624668,2026-05-17T17:00:00Z,,live_capture,Bet365,Spain - LaLiga,ANYTIME_ASSIST,Rayo Vallecano,Villarreal CF,Ivan Balliu (Assist) (1),,8.5000,odds_api_io,event_id=61624668;market=Player To Score or Assist
2026-05-17T11:51:42Z,2026-05-17,61624668,2026-05-17T17:00:00Z,,live_capture,Bet365,Spain - LaLiga,ANYTIME_ASSIST,Rayo Vallecano,Villarreal CF,Luiz Felipe (Assist) (1),,9.0000,odds_api_io,event_id=61624668;market=Player To Score or Assist
2026-05-17T11:51:42Z,2026-05-17,61624668,2026-05-17T17:00:00Z,,live_capture,Bet365,Spain - LaLiga,ANYTIME_ASSIST,Rayo Vallecano,Villarreal CF,Nobel Mendy (Assist) (1),,11.0000,odds_api_io,event_id=61624668;market=Player To Score or Assist
2026-05-17T11:51:42Z,2026-05-17,61624668,2026-05-17T17:00:00Z,,live_capture,Bet365,Spain - LaLiga,ANYTIME_ASSIST,Rayo Vallecano,Villarreal CF,Renato Veiga (Assist) (2),,11.0000,odds_api_io,event_id=61624668;market=Player To Score or Assist
2026-05-17T11:51:42Z,2026-05-17,61624668,2026-05-17T17:00:00Z,,live_capture,Bet365,Spain - LaLiga,ANYTIME_ASSIST,Rayo Vallecano,Villarreal CF,Pau Navarro (Assist) (2),,11.0000,odds_api_io,event_id=61624668;market=Player To Score or Assist
2026-05-17T11:51:42Z,2026-05-17,61624668,2026-05-17T17:00:00Z,,live_capture,Bet365,Spain - LaLiga,ANYTIME_ASSIST,Rayo Vallecano,Villarreal CF,Willy Kambwala (Assist) (2),,11.0000,odds_api_io,event_id=61624668;market=Player To Score or Assist
2026-05-17T11:51:42Z,2026-05-17,61624668,2026-05-17T17:00:00Z,,live_capture,Bet365,Spain - LaLiga,ANYTIME_ASSIST,Rayo Vallecano,Villarreal CF,Alberto Moleiro (Score or Assist) (2),,2.2500,odds_api_io,event_id=61624668;market=Player To Score or Assist
2026-05-17T11:51:42Z,2026-05-17,61624668,2026-05-17T17:00:00Z,,live_capture,Bet365,Spain - LaLiga,ANYTIME_ASSIST,Rayo Vallecano,Villarreal CF,Hugo Lopez (Score or Assist) (2),,2.4000,odds_api_io,event_id=61624668;market=Player To Score or Assist
2026-05-17T11:51:42Z,2026-05-17,61624668,2026-05-17T17:00:00Z,,live_capture,Bet365,Spain - LaLiga,ANYTIME_ASSIST,Rayo Vallecano,Villarreal CF,Alfonso Gonzalez (Score or Assist) (2),,2.5000,odds_api_io,event_id=61624668;market=Player To Score or Assist
2026-05-17T11:51:42Z,2026-05-17,61624668,2026-05-17T17:00:00Z,,live_capture,Bet365,Spain - LaLiga,ANYTIME_ASSIST,Rayo Vallecano,Villarreal CF,Tajon Buchanan (Score or Assist) (2),,2.7500,odds_api_io,event_id=61624668;market=Player To Score or Assist
2026-05-17T11:51:42Z,2026-05-17,61624668,2026-05-17T17:00:00Z,,live_capture,Bet365,Spain - LaLiga,ANYTIME_ASSIST,Rayo Vallecano,Villarreal CF,Alfonso Espino (Score or Assist) (1),,3.5000,odds_api_io,event_id=61624668;market=Player To Score or Assist
2026-05-17T11:51:42Z,2026-05-17,61624668,2026-05-17T17:00:00Z,,live_capture,Bet365,Spain - LaLiga,ANYTIME_ASSIST,Rayo Vallecano,Villarreal CF,Pape Gueye (Score or Assist) (2),,3.7500,odds_api_io,event_id=61624668;market=Player To Score or Assist
2026-05-17T11:51:42Z,2026-05-17,61624668,2026-05-17T17:00:00Z,,live_capture,Bet365,Spain - LaLiga,ANYTIME_ASSIST,Rayo Vallecano,Villarreal CF,Jozhua Vertrouwd (Score or Assist) (1),,4.0000,odds_api_io,event_id=61624668;market=Player To Score or Assist
2026-05-17T11:51:42Z,2026-05-17,61624668,2026-05-17T17:00:00Z,,live_capture,Bet365,Spain - LaLiga,ANYTIME_ASSIST,Rayo Vallecano,Villarreal CF,Alassane Diatta (Score or Assist) (2),,4.3330,odds_api_io,event_id=61624668;market=Player To Score or Assist
2026-05-17T11:51:42Z,2026-05-17,61624668,2026-05-17T17:00:00Z,,live_capture,Bet365,Spain - LaLiga,ANYTIME_ASSIST,Rayo Vallecano,Villarreal CF,Carlos Macia (Score or Assist) (2),,4.3330,odds_api_io,event_id=61624668;market=Player To Score or Assist
2026-05-17T11:51:42Z,2026-05-17,61624668,2026-05-17T17:00:00Z,,live_capture,Bet365,Spain - LaLiga,ANYTIME_ASSIST,Rayo Vallecano,Villarreal CF,Oscar Valentin (Score or Assist) (1),,5.0000,odds_api_io,event_id=61624668;market=Player To Score or Assist
2026-05-17T11:51:42Z,2026-05-17,61624668,2026-05-17T17:00:00Z,,live_capture,Bet365,Spain - LaLiga,ANYTIME_ASSIST,Rayo Vallecano,Villarreal CF,Abdul Mumin (Score or Assist) (1),,5.5000,odds_api_io,event_id=61624668;market=Player To Score or Assist
2026-05-17T11:51:42Z,2026-05-17,61624668,2026-05-17T17:00:00Z,,live_capture,Bet365,Spain - LaLiga,ANYTIME_ASSIST,Rayo Vallecano,Villarreal CF,Ivan Balliu (Score or Assist) (1),,6.0000,odds_api_io,event_id=61624668;market=Player To Score or Assist
2026-05-17T11:51:42Z,2026-05-17,61624668,2026-05-17T17:00:00Z,,live_capture,Bet365,Spain - LaLiga,ANYTIME_ASSIST,Rayo Vallecano,Villarreal CF,Luiz Felipe (Score or Assist) (1),,6.0000,odds_api_io,event_id=61624668;market=Player To Score or Assist
2026-05-17T11:51:42Z,2026-05-17,61624668,2026-05-17T17:00:00Z,,live_capture,Bet365,Spain - LaLiga,ANYTIME_ASSIST,Rayo Vallecano,Villarreal CF,Nobel Mendy (Score or Assist) (1),,6.0000,odds_api_io,event_id=61624668;market=Player To Score or Assist
2026-05-17T11:51:42Z,2026-05-17,61624668,2026-05-17T17:00:00Z,,live_capture,Bet365,Spain - LaLiga,ANYTIME_ASSIST,Rayo Vallecano,Villarreal CF,Alexandre Alemao (Score) (1),,2.5000,odds_api_io,event_id=61624668;market=Player To Score or Assist
2026-05-17T11:51:42Z,2026-05-17,61624668,2026-05-17T17:00:00Z,,live_capture,Bet365,Spain - LaLiga,ANYTIME_ASSIST,Rayo Vallecano,Villarreal CF,Jorge De Frutos (Score) (1),,2.6250,odds_api_io,event_id=61624668;market=Player To Score or Assist
2026-05-17T11:51:42Z,2026-05-17,61624668,2026-05-17T17:00:00Z,,live_capture,Bet365,Spain - LaLiga,ANYTIME_ASSIST,Rayo Vallecano,Villarreal CF,Alvaro Garcia (Score) (1),,3.1000,odds_api_io,event_id=61624668;market=Player To Score or Assist
2026-05-17T11:51:42Z,2026-05-17,61624668,2026-05-17T17:00:00Z,,live_capture,Bet365,Spain - LaLiga,ANYTIME_ASSIST,Rayo Vallecano,Villarreal CF,Carlos Martin (Score) (1),,3.0000,odds_api_io,event_id=61624668;market=Player To Score or Assist
2026-05-17T11:51:42Z,2026-05-17,61624668,2026-05-17T17:00:00Z,,live_capture,Bet365,Spain - LaLiga,ANYTIME_ASSIST,Rayo Vallecano,Villarreal CF,Sergio Camello (Score) (1),,2.7500,odds_api_io,event_id=61624668;market=Player To Score or Assist
2026-05-17T11:51:42Z,2026-05-17,61624668,2026-05-17T17:00:00Z,,live_capture,Bet365,Spain - LaLiga,ANYTIME_ASSIST,Rayo Vallecano,Villarreal CF,Ilias Akhomach (Score) (1),,3.2500,odds_api_io,event_id=61624668;market=Player To Score or Assist
2026-05-17T11:51:42Z,2026-05-17,61624668,2026-05-17T17:00:00Z,,live_capture,Bet365,Spain - LaLiga,ANYTIME_ASSIST,Rayo Vallecano,Villarreal CF,Fran Perez (Score) (1),,3.7500,odds_api_io,event_id=61624668;market=Player To Score or Assist
2026-05-17T11:51:42Z,2026-05-17,61624668,2026-05-17T17:00:00Z,,live_capture,Bet365,Spain - LaLiga,ANYTIME_ASSIST,Rayo Vallecano,Villarreal CF,Isi Palazon (Score) (1),,3.6000,odds_api_io,event_id=61624668;market=Player To Score or Assist
2026-05-17T11:51:42Z,2026-05-17,61624668,2026-05-17T17:00:00Z,,live_capture,Bet365,Spain - LaLiga,ANYTIME_ASSIST,Rayo Vallecano,Villarreal CF,Randy Nteka (Score) (1),,3.2500,odds_api_io,event_id=61624668;market=Player To Score or Assist
2026-05-17T11:51:42Z,2026-05-17,61624668,2026-05-17T17:00:00Z,,live_capture,Bet365,Spain - LaLiga,ANYTIME_ASSIST,Rayo Vallecano,Villarreal CF,Pedro Diaz (Score) (1),,3.6000,odds_api_io,event_id=61624668;market=Player To Score or Assist
2026-05-17T11:51:42Z,2026-05-17,61624668,2026-05-17T17:00:00Z,,live_capture,Bet365,Spain - LaLiga,ANYTIME_ASSIST,Rayo Vallecano,Villarreal CF,Pathe Ciss (Score) (1),,4.3330,odds_api_io,event_id=61624668;market=Player To Score or Assist
2026-05-17T11:51:42Z,2026-05-17,61624668,2026-05-17T17:00:00Z,,live_capture,Bet365,Spain - LaLiga,ANYTIME_ASSIST,Rayo Vallecano,Villarreal CF,Cabrera Unai Lopez (Score) (1),,7.0000,odds_api_io,event_id=61624668;market=Player To Score or Assist
2026-05-17T11:51:42Z,2026-05-17,61624668,2026-05-17T17:00:00Z,,live_capture,Bet365,Spain - LaLiga,ANYTIME_ASSIST,Rayo Vallecano,Villarreal CF,Andrei Ratiu (Score) (1),,7.0000,odds_api_io,event_id=61624668;market=Player To Score or Assist
2026-05-17T11:51:42Z,2026-05-17,61624668,2026-05-17T17:00:00Z,,live_capture,Bet365,Spain - LaLiga,ANYTIME_ASSIST,Rayo Vallecano,Villarreal CF,Florian Lejeune (Score) (1),,4.5000,odds_api_io,event_id=61624668;market=Player To Score or Assist
2026-05-17T11:51:42Z,2026-05-17,61624668,2026-05-17T17:00:00Z,,live_capture,Bet365,Spain - LaLiga,ANYTIME_ASSIST,Rayo Vallecano,Villarreal CF,Alfonso Pedraza (Score) (2),,10.0000,odds_api_io,event_id=61624668;market=Player To Score or Assist
2026-05-17T11:51:42Z,2026-05-17,61624668,2026-05-17T17:00:00Z,,live_capture,Bet365,Spain - LaLiga,ANYTIME_ASSIST,Rayo Vallecano,Villarreal CF,Dani Parejo (Score) (2),,9.5000,odds_api_io,event_id=61624668;market=Player To Score or Assist
2026-05-17T11:51:42Z,2026-05-17,61624668,2026-05-17T17:00:00Z,,live_capture,Bet365,Spain - LaLiga,ANYTIME_ASSIST,Rayo Vallecano,Villarreal CF,Pep Chavarria (Score) (1),,7.0000,odds_api_io,event_id=61624668;market=Player To Score or Assist
2026-05-17T11:51:42Z,2026-05-17,61624668,2026-05-17T17:00:00Z,,live_capture,Bet365,Spain - LaLiga,ANYTIME_ASSIST,Rayo Vallecano,Villarreal CF,Sergi Cardona (Score) (2),,9.5000,odds_api_io,event_id=61624668;market=Player To Score or Assist
2026-05-17T11:51:42Z,2026-05-17,61624668,2026-05-17T17:00:00Z,,live_capture,Bet365,Spain - LaLiga,ANYTIME_ASSIST,Rayo Vallecano,Villarreal CF,Santiago Mourino (Score) (2),,9.5000,odds_api_io,event_id=61624668;market=Player To Score or Assist
2026-05-17T11:51:42Z,2026-05-17,61624668,2026-05-17T17:00:00Z,,live_capture,Bet365,Spain - LaLiga,ANYTIME_ASSIST,Rayo Vallecano,Villarreal CF,Thomas Partey (Score) (2),,9.5000,odds_api_io,event_id=61624668;market=Player To Score or Assist
2026-05-17T11:51:42Z,2026-05-17,61624668,2026-05-17T17:00:00Z,,live_capture,Bet365,Spain - LaLiga,ANYTIME_ASSIST,Rayo Vallecano,Villarreal CF,Renato Veiga (Score) (2),,10.0000,odds_api_io,event_id=61624668;market=Player To Score or Assist
2026-05-17T11:51:42Z,2026-05-17,61624668,2026-05-17T17:00:00Z,,live_capture,Bet365,Spain - LaLiga,ANYTIME_ASSIST,Rayo Vallecano,Villarreal CF,Pau Navarro (Score) (2),,12.0000,odds_api_io,event_id=61624668;market=Player To Score or Assist
2026-05-17T11:51:42Z,2026-05-17,61624668,2026-05-17T17:00:00Z,,live_capture,Bet365,Spain - LaLiga,ANYTIME_ASSIST,Rayo Vallecano,Villarreal CF,Juan Foyth (Score) (2),,19.0000,odds_api_io,event_id=61624668;market=Player To Score or Assist
2026-05-17T11:51:42Z,2026-05-17,61624668,2026-05-17T17:00:00Z,,live_capture,Bet365,Spain - LaLiga,ANYTIME_ASSIST,Rayo Vallecano,Villarreal CF,Willy Kambwala (Score) (2),,19.0000,odds_api_io,event_id=61624668;market=Player To Score or Assist
2026-05-17T11:51:42Z,2026-05-17,61624668,2026-05-17T17:00:00Z,,live_capture,Bet365,Spain - LaLiga,ANYTIME_ASSIST,Rayo Vallecano,Villarreal CF,Logan Costa (Score) (2),,15.0000,odds_api_io,event_id=61624668;market=Player To Score or Assist
2026-05-17T11:51:42Z,2026-05-17,61624668,2026-05-17T17:00:00Z,,live_capture,Bet365,Spain - LaLiga,ANYTIME_ASSIST,Rayo Vallecano,Villarreal CF,Rafa Marin (Score) (2),,15.0000,odds_api_io,event_id=61624668;market=Player To Score or Assist
2026-05-17T11:51:42Z,2026-05-17,61624668,2026-05-17T17:00:00Z,,live_capture,Bet365,Spain - LaLiga,ANYTIME_ASSIST,Rayo Vallecano,Villarreal CF,Georges Mikautadze (Assist) (2),,5.5000,odds_api_io,event_id=61624668;market=Player To Score or Assist
2026-05-17T11:51:42Z,2026-05-17,61624668,2026-05-17T17:00:00Z,,live_capture,Bet365,Spain - LaLiga,ANYTIME_ASSIST,Rayo Vallecano,Villarreal CF,Ayoze Perez (Assist) (2),,6.5000,odds_api_io,event_id=61624668;market=Player To Score or Assist
2026-05-17T11:51:42Z,2026-05-17,61624668,2026-05-17T17:00:00Z,,live_capture,Bet365,Spain - LaLiga,ANYTIME_ASSIST,Rayo Vallecano,Villarreal CF,Moreno Gerard (Assist) (2),,6.5000,odds_api_io,event_id=61624668;market=Player To Score or Assist
2026-05-17T11:51:42Z,2026-05-17,61624668,2026-05-17T17:00:00Z,,live_capture,Bet365,Spain - LaLiga,ANYTIME_ASSIST,Rayo Vallecano,Villarreal CF,Ilias Akhomach (Assist) (1),,5.0000,odds_api_io,event_id=61624668;market=Player To Score or Assist
2026-05-17T11:51:42Z,2026-05-17,61624668,2026-05-17T17:00:00Z,,live_capture,Bet365,Spain - LaLiga,ANYTIME_ASSIST,Rayo Vallecano,Villarreal CF,Fran Perez (Assist) (1),,4.5000,odds_api_io,event_id=61624668;market=Player To Score or Assist
2026-05-17T11:51:42Z,2026-05-17,61624668,2026-05-17T17:00:00Z,,live_capture,Bet365,Spain - LaLiga,ANYTIME_ASSIST,Rayo Vallecano,Villarreal CF,Isi Palazon (Assist) (1),,5.0000,odds_api_io,event_id=61624668;market=Player To Score or Assist
2026-05-17T11:51:42Z,2026-05-17,61624668,2026-05-17T17:00:00Z,,live_capture,Bet365,Spain - LaLiga,ANYTIME_ASSIST,Rayo Vallecano,Villarreal CF,Randy Nteka (Assist) (1),,6.5000,odds_api_io,event_id=61624668;market=Player To Score or Assist
2026-05-17T11:51:42Z,2026-05-17,61624668,2026-05-17T17:00:00Z,,live_capture,Bet365,Spain - LaLiga,ANYTIME_ASSIST,Rayo Vallecano,Villarreal CF,Tajon Buchanan (Assist) (2),,6.0000,odds_api_io,event_id=61624668;market=Player To Score or Assist
2026-05-17T11:51:42Z,2026-05-17,61624668,2026-05-17T17:00:00Z,,live_capture,Bet365,Spain - LaLiga,ANYTIME_ASSIST,Rayo Vallecano,Villarreal CF,Cabrera Unai Lopez (Assist) (1),,5.0000,odds_api_io,event_id=61624668;market=Player To Score or Assist
2026-05-17T11:51:42Z,2026-05-17,61624668,2026-05-17T17:00:00Z,,live_capture,Bet365,Spain - LaLiga,ANYTIME_ASSIST,Rayo Vallecano,Villarreal CF,Oscar Trejo (Assist) (1),,6.5000,odds_api_io,event_id=61624668;market=Player To Score or Assist
2026-05-17T11:51:42Z,2026-05-17,61624668,2026-05-17T17:00:00Z,,live_capture,Bet365,Spain - LaLiga,ANYTIME_ASSIST,Rayo Vallecano,Villarreal CF,Alfonso Espino (Assist) (1),,6.5000,odds_api_io,event_id=61624668;market=Player To Score or Assist
2026-05-17T11:51:42Z,2026-05-17,61624668,2026-05-17T17:00:00Z,,live_capture,Bet365,Spain - LaLiga,ANYTIME_ASSIST,Rayo Vallecano,Villarreal CF,Alfonso Pedraza (Assist) (2),,6.0000,odds_api_io,event_id=61624668;market=Player To Score or Assist
2026-05-17T11:51:42Z,2026-05-17,61624668,2026-05-17T17:00:00Z,,live_capture,Bet365,Spain - LaLiga,ANYTIME_ASSIST,Rayo Vallecano,Villarreal CF,Dani Parejo (Assist) (2),,6.5000,odds_api_io,event_id=61624668;market=Player To Score or Assist
2026-05-17T11:51:42Z,2026-05-17,61624668,2026-05-17T17:00:00Z,,live_capture,Bet365,Spain - LaLiga,ANYTIME_ASSIST,Rayo Vallecano,Villarreal CF,Juan Foyth (Assist) (2),,10.0000,odds_api_io,event_id=61624668;market=Player To Score or Assist
2026-05-17T11:51:42Z,2026-05-17,61624668,2026-05-17T17:00:00Z,,live_capture,Bet365,Spain - LaLiga,ANYTIME_ASSIST,Rayo Vallecano,Villarreal CF,Logan Costa (Assist) (2),,21.0000,odds_api_io,event_id=61624668;market=Player To Score or Assist
2026-05-17T11:51:42Z,2026-05-17,61624668,2026-05-17T17:00:00Z,,live_capture,Bet365,Spain - LaLiga,ANYTIME_ASSIST,Rayo Vallecano,Villarreal CF,Rafa Marin (Assist) (2),,21.0000,odds_api_io,event_id=61624668;market=Player To Score or Assist
2026-05-17T11:51:42Z,2026-05-17,61624668,2026-05-17T17:00:00Z,,live_capture,Bet365,Spain - LaLiga,ANYTIME_ASSIST,Rayo Vallecano,Villarreal CF,Ayoze Perez (Score or Assist) (2),,2.0000,odds_api_io,event_id=61624668;market=Player To Score or Assist
2026-05-17T11:51:42Z,2026-05-17,61624668,2026-05-17T17:00:00Z,,live_capture,Bet365,Spain - LaLiga,ANYTIME_ASSIST,Rayo Vallecano,Villarreal CF,Alexandre Alemao (Score or Assist) (1),,2.0500,odds_api_io,event_id=61624668;market=Player To Score or Assist
2026-05-17T11:51:42Z,2026-05-17,61624668,2026-05-17T17:00:00Z,,live_capture,Bet365,Spain - LaLiga,ANYTIME_ASSIST,Rayo Vallecano,Villarreal CF,Jorge De Frutos (Score or Assist) (1),,2.1000,odds_api_io,event_id=61624668;market=Player To Score or Assist
2026-05-17T11:51:42Z,2026-05-17,61624668,2026-05-17T17:00:00Z,,live_capture,Bet365,Spain - LaLiga,ANYTIME_ASSIST,Rayo Vallecano,Villarreal CF,Alvaro Garcia (Score or Assist) (1),,2.2000,odds_api_io,event_id=61624668;market=Player To Score or Assist
2026-05-17T11:51:42Z,2026-05-17,61624668,2026-05-17T17:00:00Z,,live_capture,Bet365,Spain - LaLiga,ANYTIME_ASSIST,Rayo Vallecano,Villarreal CF,Carlos Martin (Score or Assist) (1),,2.2500,odds_api_io,event_id=61624668;market=Player To Score or Assist
2026-05-17T11:51:42Z,2026-05-17,61624668,2026-05-17T17:00:00Z,,live_capture,Bet365,Spain - LaLiga,ANYTIME_ASSIST,Rayo Vallecano,Villarreal CF,Sergio Camello (Score or Assist) (1),,2.2500,odds_api_io,event_id=61624668;market=Player To Score or Assist
2026-05-17T11:51:42Z,2026-05-17,61624668,2026-05-17T17:00:00Z,,live_capture,Bet365,Spain - LaLiga,ANYTIME_ASSIST,Rayo Vallecano,Villarreal CF,Ilias Akhomach (Score or Assist) (1),,2.3000,odds_api_io,event_id=61624668;market=Player To Score or Assist
2026-05-17T11:51:42Z,2026-05-17,61624668,2026-05-17T17:00:00Z,,live_capture,Bet365,Spain - LaLiga,ANYTIME_ASSIST,Rayo Vallecano,Villarreal CF,Fran Perez (Score or Assist) (1),,2.3750,odds_api_io,event_id=61624668;market=Player To Score or Assist
2026-05-17T11:51:42Z,2026-05-17,61624668,2026-05-17T17:00:00Z,,live_capture,Bet365,Spain - LaLiga,ANYTIME_ASSIST,Rayo Vallecano,Villarreal CF,Isi Palazon (Score or Assist) (1),,2.4000,odds_api_io,event_id=61624668;market=Player To Score or Assist
2026-05-17T11:51:42Z,2026-05-17,61624668,2026-05-17T17:00:00Z,,live_capture,Bet365,Spain - LaLiga,ANYTIME_ASSIST,Rayo Vallecano,Villarreal CF,Randy Nteka (Score or Assist) (1),,2.4000,odds_api_io,event_id=61624668;market=Player To Score or Assist
2026-05-17T11:51:42Z,2026-05-17,61624668,2026-05-17T17:00:00Z,,live_capture,Bet365,Spain - LaLiga,ANYTIME_ASSIST,Rayo Vallecano,Villarreal CF,Pedro Diaz (Score or Assist) (1),,2.5000,odds_api_io,event_id=61624668;market=Player To Score or Assist
2026-05-17T11:51:42Z,2026-05-17,61624668,2026-05-17T17:00:00Z,,live_capture,Bet365,Spain - LaLiga,ANYTIME_ASSIST,Rayo Vallecano,Villarreal CF,Pathe Ciss (Score or Assist) (1),,2.7500,odds_api_io,event_id=61624668;market=Player To Score or Assist
2026-05-17T11:51:42Z,2026-05-17,61624668,2026-05-17T17:00:00Z,,live_capture,Bet365,Spain - LaLiga,ANYTIME_ASSIST,Rayo Vallecano,Villarreal CF,Gerard Gumbau (Score or Assist) (1),,3.0000,odds_api_io,event_id=61624668;market=Player To Score or Assist
2026-05-17T11:51:42Z,2026-05-17,61624668,2026-05-17T17:00:00Z,,live_capture,Bet365,Spain - LaLiga,ANYTIME_ASSIST,Rayo Vallecano,Villarreal CF,Cabrera Unai Lopez (Score or Assist) (1),,3.2500,odds_api_io,event_id=61624668;market=Player To Score or Assist
2026-05-17T11:51:42Z,2026-05-17,61624668,2026-05-17T17:00:00Z,,live_capture,Bet365,Spain - LaLiga,ANYTIME_ASSIST,Rayo Vallecano,Villarreal CF,Oscar Trejo (Score or Assist) (1),,3.2500,odds_api_io,event_id=61624668;market=Player To Score or Assist
2026-05-17T11:51:42Z,2026-05-17,61624668,2026-05-17T17:00:00Z,,live_capture,Bet365,Spain - LaLiga,ANYTIME_ASSIST,Rayo Vallecano,Villarreal CF,Samu Becerra (Score or Assist) (1),,3.2500,odds_api_io,event_id=61624668;market=Player To Score or Assist
2026-05-17T11:51:42Z,2026-05-17,61624668,2026-05-17T17:00:00Z,,live_capture,Bet365,Spain - LaLiga,ANYTIME_ASSIST,Rayo Vallecano,Villarreal CF,Andrei Ratiu (Score or Assist) (1),,3.4000,odds_api_io,event_id=61624668;market=Player To Score or Assist
2026-05-17T11:51:42Z,2026-05-17,61624668,2026-05-17T17:00:00Z,,live_capture,Bet365,Spain - LaLiga,ANYTIME_ASSIST,Rayo Vallecano,Villarreal CF,Florian Lejeune (Score or Assist) (1),,3.4000,odds_api_io,event_id=61624668;market=Player To Score or Assist
2026-05-17T11:51:42Z,2026-05-17,61624668,2026-05-17T17:00:00Z,,live_capture,Bet365,Spain - LaLiga,ANYTIME_ASSIST,Rayo Vallecano,Villarreal CF,Alex Freeman (Score or Assist) (2),,3.6000,odds_api_io,event_id=61624668;market=Player To Score or Assist
2026-05-17T11:51:42Z,2026-05-17,61624668,2026-05-17T17:00:00Z,,live_capture,Bet365,Spain - LaLiga,ANYTIME_ASSIST,Rayo Vallecano,Villarreal CF,Alfonso Pedraza (Score or Assist) (2),,4.0000,odds_api_io,event_id=61624668;market=Player To Score or Assist
2026-05-17T11:51:42Z,2026-05-17,61624668,2026-05-17T17:00:00Z,,live_capture,Bet365,Spain - LaLiga,ANYTIME_ASSIST,Rayo Vallecano,Villarreal CF,Dani Parejo (Score or Assist) (2),,4.0000,odds_api_io,event_id=61624668;market=Player To Score or Assist
2026-05-17T11:51:42Z,2026-05-17,61624668,2026-05-17T17:00:00Z,,live_capture,Bet365,Spain - LaLiga,ANYTIME_ASSIST,Rayo Vallecano,Villarreal CF,Pep Chavarria (Score or Assist) (1),,4.0000,odds_api_io,event_id=61624668;market=Player To Score or Assist
2026-05-17T11:51:42Z,2026-05-17,61624668,2026-05-17T17:00:00Z,,live_capture,Bet365,Spain - LaLiga,ANYTIME_ASSIST,Rayo Vallecano,Villarreal CF,Santiago Comesana (Score or Assist) (2),,4.0000,odds_api_io,event_id=61624668;market=Player To Score or Assist
2026-05-17T11:51:42Z,2026-05-17,61624668,2026-05-17T17:00:00Z,,live_capture,Bet365,Spain - LaLiga,ANYTIME_ASSIST,Rayo Vallecano,Villarreal CF,Sergi Cardona (Score or Assist) (2),,5.0000,odds_api_io,event_id=61624668;market=Player To Score or Assist
2026-05-17T11:51:42Z,2026-05-17,61624668,2026-05-17T17:00:00Z,,live_capture,Bet365,Spain - LaLiga,ANYTIME_ASSIST,Rayo Vallecano,Villarreal CF,Santiago Mourino (Score or Assist) (2),,5.5000,odds_api_io,event_id=61624668;market=Player To Score or Assist
2026-05-17T11:51:42Z,2026-05-17,61624668,2026-05-17T17:00:00Z,,live_capture,Bet365,Spain - LaLiga,ANYTIME_ASSIST,Rayo Vallecano,Villarreal CF,Thomas Partey (Score or Assist) (2),,6.0000,odds_api_io,event_id=61624668;market=Player To Score or Assist
2026-05-17T11:51:42Z,2026-05-17,61624668,2026-05-17T17:00:00Z,,live_capture,Bet365,Spain - LaLiga,ANYTIME_ASSIST,Rayo Vallecano,Villarreal CF,Renato Veiga (Score or Assist) (2),,6.5000,odds_api_io,event_id=61624668;market=Player To Score or Assist
2026-05-17T11:51:42Z,2026-05-17,61624668,2026-05-17T17:00:00Z,,live_capture,Bet365,Spain - LaLiga,ANYTIME_ASSIST,Rayo Vallecano,Villarreal CF,Pau Navarro (Score or Assist) (2),,7.0000,odds_api_io,event_id=61624668;market=Player To Score or Assist
2026-05-17T11:51:42Z,2026-05-17,61624668,2026-05-17T17:00:00Z,,live_capture,Bet365,Spain - LaLiga,ANYTIME_ASSIST,Rayo Vallecano,Villarreal CF,Juan Foyth (Score or Assist) (2),,7.5000,odds_api_io,event_id=61624668;market=Player To Score or Assist
2026-05-17T11:51:42Z,2026-05-17,61624668,2026-05-17T17:00:00Z,,live_capture,Bet365,Spain - LaLiga,ANYTIME_ASSIST,Rayo Vallecano,Villarreal CF,Willy Kambwala (Score or Assist) (2),,9.0000,odds_api_io,event_id=61624668;market=Player To Score or Assist
2026-05-17T11:51:42Z,2026-05-17,61624668,2026-05-17T17:00:00Z,,live_capture,Bet365,Spain - LaLiga,ANYTIME_ASSIST,Rayo Vallecano,Villarreal CF,Logan Costa (Score or Assist) (2),,11.0000,odds_api_io,event_id=61624668;market=Player To Score or Assist
2026-05-17T11:51:42Z,2026-05-17,61624668,2026-05-17T17:00:00Z,,live_capture,Bet365,Spain - LaLiga,ANYTIME_ASSIST,Rayo Vallecano,Villarreal CF,Rafa Marin (Score or Assist) (2),,11.0000,odds_api_io,event_id=61624668;market=Player To Score or Assist
2026-05-17T11:51:42Z,2026-05-17,61624668,2026-05-17T17:00:00Z,,live_capture,Bet365,Spain - LaLiga,ANYTIME_ASSIST,Rayo Vallecano,Villarreal CF,Georges Mikautadze (Score) (2),,2.5000,odds_api_io,event_id=61624668;market=Player To Score or Assist
2026-05-17T11:51:42Z,2026-05-17,61624668,2026-05-17T17:00:00Z,,live_capture,Bet365,Spain - LaLiga,ANYTIME_ASSIST,Rayo Vallecano,Villarreal CF,Ayoze Perez (Score) (2),,2.5000,odds_api_io,event_id=61624668;market=Player To Score or Assist
2026-05-17T11:51:42Z,2026-05-17,61624668,2026-05-17T17:00:00Z,,live_capture,Bet365,Spain - LaLiga,ANYTIME_ASSIST,Rayo Vallecano,Villarreal CF,Tani Oluwaseyi (Score) (2),,2.7500,odds_api_io,event_id=61624668;market=Player To Score or Assist
2026-05-17T11:51:42Z,2026-05-17,61624668,2026-05-17T17:00:00Z,,live_capture,Bet365,Spain - LaLiga,ANYTIME_ASSIST,Rayo Vallecano,Villarreal CF,Moreno Gerard (Score) (2),,2.6250,odds_api_io,event_id=61624668;market=Player To Score or Assist
2026-05-17T11:51:42Z,2026-05-17,61624668,2026-05-17T17:00:00Z,,live_capture,Bet365,Spain - LaLiga,ANYTIME_ASSIST,Rayo Vallecano,Villarreal CF,Nicolas Pepe (Score) (2),,3.0000,odds_api_io,event_id=61624668;market=Player To Score or Assist
2026-05-17T11:51:42Z,2026-05-17,61624668,2026-05-17T17:00:00Z,,live_capture,Bet365,Spain - LaLiga,ANYTIME_ASSIST,Rayo Vallecano,Villarreal CF,Tani Oluwaseyi (Assist) (2),,4.5000,odds_api_io,event_id=61624668;market=Player To Score or Assist
2026-05-17T11:51:42Z,2026-05-17,61624668,2026-05-17T17:00:00Z,,live_capture,Bet365,Spain - LaLiga,ANYTIME_ASSIST,Rayo Vallecano,Villarreal CF,Alexandre Alemao (Assist) (1),,7.0000,odds_api_io,event_id=61624668;market=Player To Score or Assist
2026-05-17T11:51:42Z,2026-05-17,61624668,2026-05-17T17:00:00Z,,live_capture,Bet365,Spain - LaLiga,ANYTIME_ASSIST,Rayo Vallecano,Villarreal CF,Nicolas Pepe (Assist) (2),,5.0000,odds_api_io,event_id=61624668;market=Player To Score or Assist
2026-05-17T11:51:42Z,2026-05-17,61624668,2026-05-17T17:00:00Z,,live_capture,Bet365,Spain - LaLiga,ANYTIME_ASSIST,Rayo Vallecano,Villarreal CF,Georges Mikautadze (Score or Assist) (2),,1.9090,odds_api_io,event_id=61624668;market=Player To Score or Assist
2026-05-17T11:51:42Z,2026-05-17,61624668,2026-05-17T17:00:00Z,,live_capture,Bet365,Spain - LaLiga,ANYTIME_ASSIST,Rayo Vallecano,Villarreal CF,Tani Oluwaseyi (Score or Assist) (2),,2.0000,odds_api_io,event_id=61624668;market=Player To Score or Assist
2026-05-17T11:51:42Z,2026-05-17,61624668,2026-05-17T17:00:00Z,,live_capture,Bet365,Spain - LaLiga,ANYTIME_ASSIST,Rayo Vallecano,Villarreal CF,Moreno Gerard (Score or Assist) (2),,2.0500,odds_api_io,event_id=61624668;market=Player To Score or Assist
2026-05-17T11:51:42Z,2026-05-17,61624668,2026-05-17T17:00:00Z,,live_capture,Bet365,Spain - LaLiga,ANYTIME_ASSIST,Rayo Vallecano,Villarreal CF,Nicolas Pepe (Score or Assist) (2),,2.1000,odds_api_io,event_id=61624668;market=Player To Score or Assist
2026-05-17T11:51:42Z,2026-05-17,61624672,2026-05-17T17:00:00Z,,live_capture,Bet365,Spain - LaLiga,ANYTIME_ASSIST,Real Oviedo,Deportivo Alaves,Carlos Protesoni (Score) (2),,8.0000,odds_api_io,event_id=61624672;market=Player To Score or Assist
2026-05-17T11:51:42Z,2026-05-17,61624672,2026-05-17T17:00:00Z,,live_capture,Bet365,Spain - LaLiga,ANYTIME_ASSIST,Real Oviedo,Deportivo Alaves,Jon Pacheco (Score) (2),,8.0000,odds_api_io,event_id=61624672;market=Player To Score or Assist
2026-05-17T11:51:42Z,2026-05-17,61624672,2026-05-17T17:00:00Z,,live_capture,Bet365,Spain - LaLiga,ANYTIME_ASSIST,Real Oviedo,Deportivo Alaves,Nahuel Tenaglia (Score) (2),,8.0000,odds_api_io,event_id=61624672;market=Player To Score or Assist
2026-05-17T11:51:42Z,2026-05-17,61624672,2026-05-17T17:00:00Z,,live_capture,Bet365,Spain - LaLiga,ANYTIME_ASSIST,Real Oviedo,Deportivo Alaves,Santiago Colombatto (Score) (1),,8.0000,odds_api_io,event_id=61624672;market=Player To Score or Assist
2026-05-17T11:51:42Z,2026-05-17,61624672,2026-05-17T17:00:00Z,,live_capture,Bet365,Spain - LaLiga,ANYTIME_ASSIST,Real Oviedo,Deportivo Alaves,Carlos Ballestero (Score) (2),,8.0000,odds_api_io,event_id=61624672;market=Player To Score or Assist
2026-05-17T11:51:42Z,2026-05-17,61624672,2026-05-17T17:00:00Z,,live_capture,Bet365,Spain - LaLiga,ANYTIME_ASSIST,Real Oviedo,Deportivo Alaves,Omar Falah (Score) (1),,8.0000,odds_api_io,event_id=61624672;market=Player To Score or Assist
2026-05-17T11:51:42Z,2026-05-17,61624672,2026-05-17T17:00:00Z,,live_capture,Bet365,Spain - LaLiga,ANYTIME_ASSIST,Real Oviedo,Deportivo Alaves,Kwasi Sibo (Score) (1),,8.0000,odds_api_io,event_id=61624672;market=Player To Score or Assist
2026-05-17T11:51:42Z,2026-05-17,61624672,2026-05-17T17:00:00Z,,live_capture,Bet365,Spain - LaLiga,ANYTIME_ASSIST,Real Oviedo,Deportivo Alaves,Mariano Diaz (Assist) (2),,6.0000,odds_api_io,event_id=61624672;market=Player To Score or Assist
2026-05-17T11:51:42Z,2026-05-17,61624672,2026-05-17T17:00:00Z,,live_capture,Bet365,Spain - LaLiga,ANYTIME_ASSIST,Real Oviedo,Deportivo Alaves,Carlos Protesoni (Assist) (2),,7.0000,odds_api_io,event_id=61624672;market=Player To Score or Assist
2026-05-17T11:51:42Z,2026-05-17,61624672,2026-05-17T17:00:00Z,,live_capture,Bet365,Spain - LaLiga,ANYTIME_ASSIST,Real Oviedo,Deportivo Alaves,Youseff Enriquez (Assist) (2),,7.0000,odds_api_io,event_id=61624672;market=Player To Score or Assist
2026-05-17T11:51:42Z,2026-05-17,61624672,2026-05-17T17:00:00Z,,live_capture,Bet365,Spain - LaLiga,ANYTIME_ASSIST,Real Oviedo,Deportivo Alaves,Carlos Ballestero (Assist) (2),,8.5000,odds_api_io,event_id=61624672;market=Player To Score or Assist
2026-05-17T11:51:42Z,2026-05-17,61624672,2026-05-17T17:00:00Z,,live_capture,Bet365,Spain - LaLiga,ANYTIME_ASSIST,Real Oviedo,Deportivo Alaves,Ander Guevara (Assist) (2),,8.5000,odds_api_io,event_id=61624672;market=Player To Score or Assist
2026-05-17T11:51:42Z,2026-05-17,61624672,2026-05-17T17:00:00Z,,live_capture,Bet365,Spain - LaLiga,ANYTIME_ASSIST,Real Oviedo,Deportivo Alaves,David Carmo (Assist) (1),,17.0000,odds_api_io,event_id=61624672;market=Player To Score or Assist
2026-05-17T11:51:42Z,2026-05-17,61624672,2026-05-17T17:00:00Z,,live_capture,Bet365,Spain - LaLiga,ANYTIME_ASSIST,Real Oviedo,Deportivo Alaves,Eric Bailly (Assist) (1),,17.0000,odds_api_io,event_id=61624672;market=Player To Score or Assist
2026-05-17T11:51:42Z,2026-05-17,61624672,2026-05-17T17:00:00Z,,live_capture,Bet365,Spain - LaLiga,ANYTIME_ASSIST,Real Oviedo,Deportivo Alaves,Abde Rebbach (Score or Assist) (2),,2.5000,odds_api_io,event_id=61624672;market=Player To Score or Assist
2026-05-17T11:51:42Z,2026-05-17,61624672,2026-05-17T17:00:00Z,,live_capture,Bet365,Spain - LaLiga,ANYTIME_ASSIST,Real Oviedo,Deportivo Alaves,Lander Pinillos (Score or Assist) (2),,2.5000,odds_api_io,event_id=61624672;market=Player To Score or Assist
2026-05-17T11:51:42Z,2026-05-17,61624672,2026-05-17T17:00:00Z,,live_capture,Bet365,Spain - LaLiga,ANYTIME_ASSIST,Real Oviedo,Deportivo Alaves,Carlos Protesoni (Score or Assist) (2),,4.0000,odds_api_io,event_id=61624672;market=Player To Score or Assist
2026-05-17T11:51:42Z,2026-05-17,61624672,2026-05-17T17:00:00Z,,live_capture,Bet365,Spain - LaLiga,ANYTIME_ASSIST,Real Oviedo,Deportivo Alaves,Ander Guevara (Score or Assist) (2),,5.0000,odds_api_io,event_id=61624672;market=Player To Score or Assist
2026-05-17T11:51:42Z,2026-05-17,61624672,2026-05-17T17:00:00Z,,live_capture,Bet365,Spain - LaLiga,ANYTIME_ASSIST,Real Oviedo,Deportivo Alaves,Kwasi Sibo (Score or Assist) (1),,5.5000,odds_api_io,event_id=61624672;market=Player To Score or Assist
2026-05-17T11:51:42Z,2026-05-17,61624672,2026-05-17T17:00:00Z,,live_capture,Bet365,Spain - LaLiga,ANYTIME_ASSIST,Real Oviedo,Deportivo Alaves,Victor Parada (Score or Assist) (2),,5.5000,odds_api_io,event_id=61624672;market=Player To Score or Assist
2026-05-17T11:51:42Z,2026-05-17,61624672,2026-05-17T17:00:00Z,,live_capture,Bet365,Spain - LaLiga,ANYTIME_ASSIST,Real Oviedo,Deportivo Alaves,Facundo Garces (Score or Assist) (2),,6.0000,odds_api_io,event_id=61624672;market=Player To Score or Assist
2026-05-17T11:51:42Z,2026-05-17,61624672,2026-05-17T17:00:00Z,,live_capture,Bet365,Spain - LaLiga,ANYTIME_ASSIST,Real Oviedo,Deportivo Alaves,Ville Koski (Score or Assist) (2),,7.5000,odds_api_io,event_id=61624672;market=Player To Score or Assist
2026-05-17T11:51:42Z,2026-05-17,61624672,2026-05-17T17:00:00Z,,live_capture,Bet365,Spain - LaLiga,ANYTIME_ASSIST,Real Oviedo,Deportivo Alaves,Ibrahim Diabate (Score) (2),,2.3750,odds_api_io,event_id=61624672;market=Player To Score or Assist
2026-05-17T11:51:42Z,2026-05-17,61624672,2026-05-17T17:00:00Z,,live_capture,Bet365,Spain - LaLiga,ANYTIME_ASSIST,Real Oviedo,Deportivo Alaves,Antonio Martinez (Score) (2),,2.3750,odds_api_io,event_id=61624672;market=Player To Score or Assist
2026-05-17T11:51:42Z,2026-05-17,61624672,2026-05-17T17:00:00Z,,live_capture,Bet365,Spain - LaLiga,ANYTIME_ASSIST,Real Oviedo,Deportivo Alaves,Javier Lopez (Score) (1),,15.0000,odds_api_io,event_id=61624672;market=Player To Score or Assist
2026-05-17T11:51:42Z,2026-05-17,61624672,2026-05-17T17:00:00Z,,live_capture,Bet365,Spain - LaLiga,ANYTIME_ASSIST,Real Oviedo,Deportivo Alaves,Marco Esteban (Score) (1),,15.0000,odds_api_io,event_id=61624672;market=Player To Score or Assist
2026-05-17T11:51:42Z,2026-05-17,61624672,2026-05-17T17:00:00Z,,live_capture,Bet365,Spain - LaLiga,ANYTIME_ASSIST,Real Oviedo,Deportivo Alaves,David Carmo (Score) (1),,15.0000,odds_api_io,event_id=61624672;market=Player To Score or Assist
2026-05-17T11:51:42Z,2026-05-17,61624672,2026-05-17T17:00:00Z,,live_capture,Bet365,Spain - LaLiga,ANYTIME_ASSIST,Real Oviedo,Deportivo Alaves,Javier Lopez (Score or Assist) (1),,6.5000,odds_api_io,event_id=61624672;market=Player To Score or Assist
2026-05-17T11:51:42Z,2026-05-17,61624672,2026-05-17T17:00:00Z,,live_capture,Bet365,Spain - LaLiga,ANYTIME_ASSIST,Real Oviedo,Deportivo Alaves,Marco Esteban (Score or Assist) (1),,9.0000,odds_api_io,event_id=61624672;market=Player To Score or Assist
2026-05-17T11:51:42Z,2026-05-17,61624672,2026-05-17T17:00:00Z,,live_capture,Bet365,Spain - LaLiga,ANYTIME_ASSIST,Real Oviedo,Deportivo Alaves,David Carmo (Score or Assist) (1),,11.0000,odds_api_io,event_id=61624672;market=Player To Score or Assist
2026-05-17T11:51:42Z,2026-05-17,61624672,2026-05-17T17:00:00Z,,live_capture,Bet365,Spain - LaLiga,ANYTIME_ASSIST,Real Oviedo,Deportivo Alaves,Carles Alena (Score) (2),,3.4000,odds_api_io,event_id=61624672;market=Player To Score or Assist
2026-05-17T11:51:42Z,2026-05-17,61624672,2026-05-17T17:00:00Z,,live_capture,Bet365,Spain - LaLiga,ANYTIME_ASSIST,Real Oviedo,Deportivo Alaves,Alex Fores (Score) (1),,3.6000,odds_api_io,event_id=61624672;market=Player To Score or Assist
2026-05-17T11:51:42Z,2026-05-17,61624672,2026-05-17T17:00:00Z,,live_capture,Bet365,Spain - LaLiga,ANYTIME_ASSIST,Real Oviedo,Deportivo Alaves,Pablo Agudin (Score) (1),,8.5000,odds_api_io,event_id=61624672;market=Player To Score or Assist
2026-05-17T11:51:42Z,2026-05-17,61624672,2026-05-17T17:00:00Z,,live_capture,Bet365,Spain - LaLiga,ANYTIME_ASSIST,Real Oviedo,Deportivo Alaves,Lucas Ahijado (Score) (1),,15.0000,odds_api_io,event_id=61624672;market=Player To Score or Assist
2026-05-17T11:51:42Z,2026-05-17,61624672,2026-05-17T17:00:00Z,,live_capture,Bet365,Spain - LaLiga,ANYTIME_ASSIST,Real Oviedo,Deportivo Alaves,Nicolas Fonseca (Score) (1),,8.5000,odds_api_io,event_id=61624672;market=Player To Score or Assist
2026-05-17T11:51:42Z,2026-05-17,61624672,2026-05-17T17:00:00Z,,live_capture,Bet365,Spain - LaLiga,ANYTIME_ASSIST,Real Oviedo,Deportivo Alaves,David Costas (Score) (1),,15.0000,odds_api_io,event_id=61624672;market=Player To Score or Assist
2026-05-17T11:51:42Z,2026-05-17,61624672,2026-05-17T17:00:00Z,,live_capture,Bet365,Spain - LaLiga,ANYTIME_ASSIST,Real Oviedo,Deportivo Alaves,Rahim Alhassane (Score) (1),,15.0000,odds_api_io,event_id=61624672;market=Player To Score or Assist
2026-05-17T11:51:42Z,2026-05-17,61624672,2026-05-17T17:00:00Z,,live_capture,Bet365,Spain - LaLiga,ANYTIME_ASSIST,Real Oviedo,Deportivo Alaves,Dani Calvo (Score) (1),,15.0000,odds_api_io,event_id=61624672;market=Player To Score or Assist
2026-05-17T11:51:42Z,2026-05-17,61624672,2026-05-17T17:00:00Z,,live_capture,Bet365,Spain - LaLiga,ANYTIME_ASSIST,Real Oviedo,Deportivo Alaves,Lucas Boye (Assist) (2),,5.5000,odds_api_io,event_id=61624672;market=Player To Score or Assist
2026-05-17T11:51:42Z,2026-05-17,61624672,2026-05-17T17:00:00Z,,live_capture,Bet365,Spain - LaLiga,ANYTIME_ASSIST,Real Oviedo,Deportivo Alaves,Ibrahim Diabate (Assist) (2),,5.5000,odds_api_io,event_id=61624672;market=Player To Score or Assist
2026-05-17T11:51:42Z,2026-05-17,61624672,2026-05-17T17:00:00Z,,live_capture,Bet365,Spain - LaLiga,ANYTIME_ASSIST,Real Oviedo,Deportivo Alaves,Aitor Manas (Assist) (2),,5.5000,odds_api_io,event_id=61624672;market=Player To Score or Assist
2026-05-17T11:51:42Z,2026-05-17,61624672,2026-05-17T17:00:00Z,,live_capture,Bet365,Spain - LaLiga,ANYTIME_ASSIST,Real Oviedo,Deportivo Alaves,Antonio Martinez (Assist) (2),,8.0000,odds_api_io,event_id=61624672;market=Player To Score or Assist
2026-05-17T11:51:42Z,2026-05-17,61624672,2026-05-17T17:00:00Z,,live_capture,Bet365,Spain - LaLiga,ANYTIME_ASSIST,Real Oviedo,Deportivo Alaves,Pablo Ibanez (Assist) (2),,5.5000,odds_api_io,event_id=61624672;market=Player To Score or Assist
2026-05-17T11:51:42Z,2026-05-17,61624672,2026-05-17T17:00:00Z,,live_capture,Bet365,Spain - LaLiga,ANYTIME_ASSIST,Real Oviedo,Deportivo Alaves,Antonio Blanco (Assist) (2),,7.5000,odds_api_io,event_id=61624672;market=Player To Score or Assist
2026-05-17T11:51:42Z,2026-05-17,61624672,2026-05-17T17:00:00Z,,live_capture,Bet365,Spain - LaLiga,ANYTIME_ASSIST,Real Oviedo,Deportivo Alaves,Jon Pacheco (Assist) (2),,7.5000,odds_api_io,event_id=61624672;market=Player To Score or Assist
2026-05-17T11:51:42Z,2026-05-17,61624672,2026-05-17T17:00:00Z,,live_capture,Bet365,Spain - LaLiga,ANYTIME_ASSIST,Real Oviedo,Deportivo Alaves,Nahuel Tenaglia (Assist) (2),,7.5000,odds_api_io,event_id=61624672;market=Player To Score or Assist
2026-05-17T11:51:42Z,2026-05-17,61624672,2026-05-17T17:00:00Z,,live_capture,Bet365,Spain - LaLiga,ANYTIME_ASSIST,Real Oviedo,Deportivo Alaves,Castro Jonny Otto (Assist) (2),,7.5000,odds_api_io,event_id=61624672;market=Player To Score or Assist
2026-05-17T11:51:42Z,2026-05-17,61624672,2026-05-17T17:00:00Z,,live_capture,Bet365,Spain - LaLiga,ANYTIME_ASSIST,Real Oviedo,Deportivo Alaves,Facundo Garces (Assist) (2),,12.0000,odds_api_io,event_id=61624672;market=Player To Score or Assist
2026-05-17T11:51:42Z,2026-05-17,61624672,2026-05-17T17:00:00Z,,live_capture,Bet365,Spain - LaLiga,ANYTIME_ASSIST,Real Oviedo,Deportivo Alaves,Ville Koski (Assist) (2),,12.0000,odds_api_io,event_id=61624672;market=Player To Score or Assist
2026-05-17T11:51:42Z,2026-05-17,61624672,2026-05-17T17:00:00Z,,live_capture,Bet365,Spain - LaLiga,ANYTIME_ASSIST,Real Oviedo,Deportivo Alaves,Aitor Manas (Score or Assist) (2),,1.9520,odds_api_io,event_id=61624672;market=Player To Score or Assist
2026-05-17T11:51:42Z,2026-05-17,61624672,2026-05-17T17:00:00Z,,live_capture,Bet365,Spain - LaLiga,ANYTIME_ASSIST,Real Oviedo,Deportivo Alaves,Alex Fores (Score or Assist) (1),,2.8750,odds_api_io,event_id=61624672;market=Player To Score or Assist
2026-05-17T11:51:42Z,2026-05-17,61624672,2026-05-17T17:00:00Z,,live_capture,Bet365,Spain - LaLiga,ANYTIME_ASSIST,Real Oviedo,Deportivo Alaves,Pablo Agudin (Score or Assist) (1),,4.0000,odds_api_io,event_id=61624672;market=Player To Score or Assist
2026-05-17T11:51:42Z,2026-05-17,61624672,2026-05-17T17:00:00Z,,live_capture,Bet365,Spain - LaLiga,ANYTIME_ASSIST,Real Oviedo,Deportivo Alaves,Jon Pacheco (Score or Assist) (2),,4.3330,odds_api_io,event_id=61624672;market=Player To Score or Assist
2026-05-17T11:51:42Z,2026-05-17,61624672,2026-05-17T17:00:00Z,,live_capture,Bet365,Spain - LaLiga,ANYTIME_ASSIST,Real Oviedo,Deportivo Alaves,Nahuel Tenaglia (Score or Assist) (2),,4.3330,odds_api_io,event_id=61624672;market=Player To Score or Assist
2026-05-17T11:51:42Z,2026-05-17,61624672,2026-05-17T17:00:00Z,,live_capture,Bet365,Spain - LaLiga,ANYTIME_ASSIST,Real Oviedo,Deportivo Alaves,Castro Jonny Otto (Score or Assist) (2),,5.0000,odds_api_io,event_id=61624672;market=Player To Score or Assist
2026-05-17T11:51:42Z,2026-05-17,61624672,2026-05-17T17:00:00Z,,live_capture,Bet365,Spain - LaLiga,ANYTIME_ASSIST,Real Oviedo,Deportivo Alaves,Lucas Ahijado (Score or Assist) (1),,6.5000,odds_api_io,event_id=61624672;market=Player To Score or Assist
2026-05-17T11:51:42Z,2026-05-17,61624672,2026-05-17T17:00:00Z,,live_capture,Bet365,Spain - LaLiga,ANYTIME_ASSIST,Real Oviedo,Deportivo Alaves,Nicolas Fonseca (Score or Assist) (1),,7.5000,odds_api_io,event_id=61624672;market=Player To Score or Assist
2026-05-17T11:51:42Z,2026-05-17,61624672,2026-05-17T17:00:00Z,,live_capture,Bet365,Spain - LaLiga,ANYTIME_ASSIST,Real Oviedo,Deportivo Alaves,Rahim Alhassane (Score or Assist) (1),,9.0000,odds_api_io,event_id=61624672;market=Player To Score or Assist
2026-05-17T11:51:42Z,2026-05-17,61624672,2026-05-17T17:00:00Z,,live_capture,Bet365,Spain - LaLiga,ANYTIME_ASSIST,Real Oviedo,Deportivo Alaves,Dani Calvo (Score or Assist) (1),,9.5000,odds_api_io,event_id=61624672;market=Player To Score or Assist
2026-05-17T11:51:42Z,2026-05-17,61624672,2026-05-17T17:00:00Z,,live_capture,Bet365,Spain - LaLiga,ANYTIME_ASSIST,Real Oviedo,Deportivo Alaves,Abde Rebbach (Score) (2),,4.3330,odds_api_io,event_id=61624672;market=Player To Score or Assist
2026-05-17T11:51:42Z,2026-05-17,61624672,2026-05-17T17:00:00Z,,live_capture,Bet365,Spain - LaLiga,ANYTIME_ASSIST,Real Oviedo,Deportivo Alaves,Lander Pinillos (Score) (2),,4.3330,odds_api_io,event_id=61624672;market=Player To Score or Assist
2026-05-17T11:51:42Z,2026-05-17,61624672,2026-05-17T17:00:00Z,,live_capture,Bet365,Spain - LaLiga,ANYTIME_ASSIST,Real Oviedo,Deportivo Alaves,Angel Hidalgo Perez (Score) (2),,4.3330,odds_api_io,event_id=61624672;market=Player To Score or Assist
2026-05-17T11:51:42Z,2026-05-17,61624672,2026-05-17T17:00:00Z,,live_capture,Bet365,Spain - LaLiga,ANYTIME_ASSIST,Real Oviedo,Deportivo Alaves,Haissem Hassan (Score) (1),,4.3330,odds_api_io,event_id=61624672;market=Player To Score or Assist
2026-05-17T11:51:42Z,2026-05-17,61624672,2026-05-17T17:00:00Z,,live_capture,Bet365,Spain - LaLiga,ANYTIME_ASSIST,Real Oviedo,Deportivo Alaves,Ilyas Chaira (Score) (1),,4.3330,odds_api_io,event_id=61624672;market=Player To Score or Assist
2026-05-17T11:51:42Z,2026-05-17,61624672,2026-05-17T17:00:00Z,,live_capture,Bet365,Spain - LaLiga,ANYTIME_ASSIST,Real Oviedo,Deportivo Alaves,Thiago Fernandez (Score) (1),,4.3330,odds_api_io,event_id=61624672;market=Player To Score or Assist
2026-05-17T11:51:42Z,2026-05-17,61624672,2026-05-17T17:00:00Z,,live_capture,Bet365,Spain - LaLiga,ANYTIME_ASSIST,Real Oviedo,Deportivo Alaves,Alberto Reina (Score) (1),,5.0000,odds_api_io,event_id=61624672;market=Player To Score or Assist
2026-05-17T11:51:42Z,2026-05-17,61624672,2026-05-17T17:00:00Z,,live_capture,Bet365,Spain - LaLiga,ANYTIME_ASSIST,Real Oviedo,Deportivo Alaves,Luka Ilic (Score) (1),,5.0000,odds_api_io,event_id=61624672;market=Player To Score or Assist
2026-05-17T11:51:42Z,2026-05-17,61624672,2026-05-17T17:00:00Z,,live_capture,Bet365,Spain - LaLiga,ANYTIME_ASSIST,Real Oviedo,Deportivo Alaves,Facundo Garces (Score) (2),,8.5000,odds_api_io,event_id=61624672;market=Player To Score or Assist
2026-05-17T11:51:42Z,2026-05-17,61624672,2026-05-17T17:00:00Z,,live_capture,Bet365,Spain - LaLiga,ANYTIME_ASSIST,Real Oviedo,Deportivo Alaves,Eric Bailly (Score) (1),,19.0000,odds_api_io,event_id=61624672;market=Player To Score or Assist
2026-05-17T11:51:42Z,2026-05-17,61624672,2026-05-17T17:00:00Z,,live_capture,Bet365,Spain - LaLiga,ANYTIME_ASSIST,Real Oviedo,Deportivo Alaves,Federico Vinas (Assist) (1),,8.0000,odds_api_io,event_id=61624672;market=Player To Score or Assist
2026-05-17T11:51:42Z,2026-05-17,61624672,2026-05-17T17:00:00Z,,live_capture,Bet365,Spain - LaLiga,ANYTIME_ASSIST,Real Oviedo,Deportivo Alaves,Haissem Hassan (Assist) (1),,6.5000,odds_api_io,event_id=61624672;market=Player To Score or Assist
2026-05-17T11:51:42Z,2026-05-17,61624672,2026-05-17T17:00:00Z,,live_capture,Bet365,Spain - LaLiga,ANYTIME_ASSIST,Real Oviedo,Deportivo Alaves,Thiago Borbas (Assist) (1),,11.0000,odds_api_io,event_id=61624672;market=Player To Score or Assist
2026-05-17T11:51:42Z,2026-05-17,61624672,2026-05-17T17:00:00Z,,live_capture,Bet365,Spain - LaLiga,ANYTIME_ASSIST,Real Oviedo,Deportivo Alaves,Alberto Reina (Assist) (1),,6.5000,odds_api_io,event_id=61624672;market=Player To Score or Assist
2026-05-17T11:51:42Z,2026-05-17,61624672,2026-05-17T17:00:00Z,,live_capture,Bet365,Spain - LaLiga,ANYTIME_ASSIST,Real Oviedo,Deportivo Alaves,Oviemuno Ejaria (Assist) (1),,7.0000,odds_api_io,event_id=61624672;market=Player To Score or Assist
2026-05-17T11:51:42Z,2026-05-17,61624672,2026-05-17T17:00:00Z,,live_capture,Bet365,Spain - LaLiga,ANYTIME_ASSIST,Real Oviedo,Deportivo Alaves,Santiago Colombatto (Assist) (1),,7.5000,odds_api_io,event_id=61624672;market=Player To Score or Assist
2026-05-17T11:51:42Z,2026-05-17,61624672,2026-05-17T17:00:00Z,,live_capture,Bet365,Spain - LaLiga,ANYTIME_ASSIST,Real Oviedo,Deportivo Alaves,Omar Falah (Assist) (1),,8.0000,odds_api_io,event_id=61624672;market=Player To Score or Assist
2026-05-17T11:51:42Z,2026-05-17,61624672,2026-05-17T17:00:00Z,,live_capture,Bet365,Spain - LaLiga,ANYTIME_ASSIST,Real Oviedo,Deportivo Alaves,Kwasi Sibo (Assist) (1),,11.0000,odds_api_io,event_id=61624672;market=Player To Score or Assist
2026-05-17T11:51:42Z,2026-05-17,61624672,2026-05-17T17:00:00Z,,live_capture,Bet365,Spain - LaLiga,ANYTIME_ASSIST,Real Oviedo,Deportivo Alaves,Nacho Vidal (Assist) (1),,13.0000,odds_api_io,event_id=61624672;market=Player To Score or Assist
2026-05-17T11:51:42Z,2026-05-17,61624672,2026-05-17T17:00:00Z,,live_capture,Bet365,Spain - LaLiga,ANYTIME_ASSIST,Real Oviedo,Deportivo Alaves,Marco Esteban (Assist) (1),,13.0000,odds_api_io,event_id=61624672;market=Player To Score or Assist
2026-05-17T11:51:42Z,2026-05-17,61624672,2026-05-17T17:00:00Z,,live_capture,Bet365,Spain - LaLiga,ANYTIME_ASSIST,Real Oviedo,Deportivo Alaves,Rahim Alhassane (Assist) (1),,13.0000,odds_api_io,event_id=61624672;market=Player To Score or Assist
2026-05-17T11:51:42Z,2026-05-17,61624672,2026-05-17T17:00:00Z,,live_capture,Bet365,Spain - LaLiga,ANYTIME_ASSIST,Real Oviedo,Deportivo Alaves,Dani Calvo (Assist) (1),,15.0000,odds_api_io,event_id=61624672;market=Player To Score or Assist
2026-05-17T11:51:42Z,2026-05-17,61624672,2026-05-17T17:00:00Z,,live_capture,Bet365,Spain - LaLiga,ANYTIME_ASSIST,Real Oviedo,Deportivo Alaves,Haissem Hassan (Score or Assist) (1),,2.8750,odds_api_io,event_id=61624672;market=Player To Score or Assist
2026-05-17T11:51:42Z,2026-05-17,61624672,2026-05-17T17:00:00Z,,live_capture,Bet365,Spain - LaLiga,ANYTIME_ASSIST,Real Oviedo,Deportivo Alaves,Ilyas Chaira (Score or Assist) (1),,2.8750,odds_api_io,event_id=61624672;market=Player To Score or Assist
2026-05-17T11:51:42Z,2026-05-17,61624672,2026-05-17T17:00:00Z,,live_capture,Bet365,Spain - LaLiga,ANYTIME_ASSIST,Real Oviedo,Deportivo Alaves,Santiago Colombatto (Score or Assist) (1),,4.3330,odds_api_io,event_id=61624672;market=Player To Score or Assist
2026-05-17T11:51:42Z,2026-05-17,61624672,2026-05-17T17:00:00Z,,live_capture,Bet365,Spain - LaLiga,ANYTIME_ASSIST,Real Oviedo,Deportivo Alaves,Leander Dendoncker (Score or Assist) (1),,5.5000,odds_api_io,event_id=61624672;market=Player To Score or Assist
2026-05-17T11:51:42Z,2026-05-17,61624672,2026-05-17T17:00:00Z,,live_capture,Bet365,Spain - LaLiga,ANYTIME_ASSIST,Real Oviedo,Deportivo Alaves,Nacho Vidal (Score or Assist) (1),,8.0000,odds_api_io,event_id=61624672;market=Player To Score or Assist
2026-05-17T11:51:42Z,2026-05-17,61624672,2026-05-17T17:00:00Z,,live_capture,Bet365,Spain - LaLiga,ANYTIME_ASSIST,Real Oviedo,Deportivo Alaves,Eric Bailly (Score or Assist) (1),,12.0000,odds_api_io,event_id=61624672;market=Player To Score or Assist
2026-05-17T11:51:42Z,2026-05-17,61624672,2026-05-17T17:00:00Z,,live_capture,Bet365,Spain - LaLiga,ANYTIME_ASSIST,Real Oviedo,Deportivo Alaves,Lucas Boye (Score) (2),,2.2000,odds_api_io,event_id=61624672;market=Player To Score or Assist
2026-05-17T11:51:42Z,2026-05-17,61624672,2026-05-17T17:00:00Z,,live_capture,Bet365,Spain - LaLiga,ANYTIME_ASSIST,Real Oviedo,Deportivo Alaves,Thiago Borbas (Score) (1),,3.4000,odds_api_io,event_id=61624672;market=Player To Score or Assist
2026-05-17T11:51:42Z,2026-05-17,61624672,2026-05-17T17:00:00Z,,live_capture,Bet365,Spain - LaLiga,ANYTIME_ASSIST,Real Oviedo,Deportivo Alaves,Calebe (Assist) (2),,3.7500,odds_api_io,event_id=61624672;market=Player To Score or Assist
2026-05-17T11:51:42Z,2026-05-17,61624672,2026-05-17T17:00:00Z,,live_capture,Bet365,Spain - LaLiga,ANYTIME_ASSIST,Real Oviedo,Deportivo Alaves,Mariano Diaz (Score) (2),,2.6000,odds_api_io,event_id=61624672;market=Player To Score or Assist
2026-05-17T11:51:42Z,2026-05-17,61624672,2026-05-17T17:00:00Z,,live_capture,Bet365,Spain - LaLiga,ANYTIME_ASSIST,Real Oviedo,Deportivo Alaves,Federico Vinas (Score) (1),,3.1000,odds_api_io,event_id=61624672;market=Player To Score or Assist
2026-05-17T11:51:42Z,2026-05-17,61624672,2026-05-17T17:00:00Z,,live_capture,Bet365,Spain - LaLiga,ANYTIME_ASSIST,Real Oviedo,Deportivo Alaves,Carles Alena (Assist) (2),,4.0000,odds_api_io,event_id=61624672;market=Player To Score or Assist
2026-05-17T11:51:42Z,2026-05-17,61624672,2026-05-17T17:00:00Z,,live_capture,Bet365,Spain - LaLiga,ANYTIME_ASSIST,Real Oviedo,Deportivo Alaves,Diego Morcillo (Assist) (2),,5.5000,odds_api_io,event_id=61624672;market=Player To Score or Assist
2026-05-17T11:51:42Z,2026-05-17,61624672,2026-05-17T17:00:00Z,,live_capture,Bet365,Spain - LaLiga,ANYTIME_ASSIST,Real Oviedo,Deportivo Alaves,Angel Hidalgo Perez (Assist) (2),,5.5000,odds_api_io,event_id=61624672;market=Player To Score or Assist
2026-05-17T11:51:42Z,2026-05-17,61624672,2026-05-17T17:00:00Z,,live_capture,Bet365,Spain - LaLiga,ANYTIME_ASSIST,Real Oviedo,Deportivo Alaves,Thiago Fernandez (Assist) (1),,6.5000,odds_api_io,event_id=61624672;market=Player To Score or Assist
2026-05-17T11:51:42Z,2026-05-17,61624672,2026-05-17T17:00:00Z,,live_capture,Bet365,Spain - LaLiga,ANYTIME_ASSIST,Real Oviedo,Deportivo Alaves,Ilyas Chaira (Assist) (1),,7.0000,odds_api_io,event_id=61624672;market=Player To Score or Assist
2026-05-17T11:51:42Z,2026-05-17,61624672,2026-05-17T17:00:00Z,,live_capture,Bet365,Spain - LaLiga,ANYTIME_ASSIST,Real Oviedo,Deportivo Alaves,Santi Cazorla (Assist) (1),,6.5000,odds_api_io,event_id=61624672;market=Player To Score or Assist
2026-05-17T11:51:42Z,2026-05-17,61624672,2026-05-17T17:00:00Z,,live_capture,Bet365,Spain - LaLiga,ANYTIME_ASSIST,Real Oviedo,Deportivo Alaves,Luka Ilic (Assist) (1),,7.0000,odds_api_io,event_id=61624672;market=Player To Score or Assist
2026-05-17T11:51:42Z,2026-05-17,61624672,2026-05-17T17:00:00Z,,live_capture,Bet365,Spain - LaLiga,ANYTIME_ASSIST,Real Oviedo,Deportivo Alaves,Egoitz Munoz (Assist) (2),,5.5000,odds_api_io,event_id=61624672;market=Player To Score or Assist
2026-05-17T11:51:42Z,2026-05-17,61624672,2026-05-17T17:00:00Z,,live_capture,Bet365,Spain - LaLiga,ANYTIME_ASSIST,Real Oviedo,Deportivo Alaves,Pablo Agudin (Assist) (1),,7.0000,odds_api_io,event_id=61624672;market=Player To Score or Assist
2026-05-17T11:51:42Z,2026-05-17,61624672,2026-05-17T17:00:00Z,,live_capture,Bet365,Spain - LaLiga,ANYTIME_ASSIST,Real Oviedo,Deportivo Alaves,Victor Parada (Assist) (2),,9.0000,odds_api_io,event_id=61624672;market=Player To Score or Assist
2026-05-17T11:51:42Z,2026-05-17,61624672,2026-05-17T17:00:00Z,,live_capture,Bet365,Spain - LaLiga,ANYTIME_ASSIST,Real Oviedo,Deportivo Alaves,David Costas (Assist) (1),,15.0000,odds_api_io,event_id=61624672;market=Player To Score or Assist
2026-05-17T11:51:42Z,2026-05-17,61624672,2026-05-17T17:00:00Z,,live_capture,Bet365,Spain - LaLiga,ANYTIME_ASSIST,Real Oviedo,Deportivo Alaves,Mariano Diaz (Score or Assist) (2),,2.0000,odds_api_io,event_id=61624672;market=Player To Score or Assist
2026-05-17T11:51:42Z,2026-05-17,61624672,2026-05-17T17:00:00Z,,live_capture,Bet365,Spain - LaLiga,ANYTIME_ASSIST,Real Oviedo,Deportivo Alaves,Federico Vinas (Score or Assist) (1),,2.5000,odds_api_io,event_id=61624672;market=Player To Score or Assist
2026-05-17T11:51:42Z,2026-05-17,61624672,2026-05-17T17:00:00Z,,live_capture,Bet365,Spain - LaLiga,ANYTIME_ASSIST,Real Oviedo,Deportivo Alaves,Santi Cazorla (Score or Assist) (1),,3.1000,odds_api_io,event_id=61624672;market=Player To Score or Assist
2026-05-17T11:51:42Z,2026-05-17,61624672,2026-05-17T17:00:00Z,,live_capture,Bet365,Spain - LaLiga,ANYTIME_ASSIST,Real Oviedo,Deportivo Alaves,Egoitz Munoz (Score or Assist) (2),,3.7500,odds_api_io,event_id=61624672;market=Player To Score or Assist
2026-05-17T11:51:42Z,2026-05-17,61624672,2026-05-17T17:00:00Z,,live_capture,Bet365,Spain - LaLiga,ANYTIME_ASSIST,Real Oviedo,Deportivo Alaves,Youseff Enriquez (Score or Assist) (2),,4.3330,odds_api_io,event_id=61624672;market=Player To Score or Assist
2026-05-17T11:51:42Z,2026-05-17,61624672,2026-05-17T17:00:00Z,,live_capture,Bet365,Spain - LaLiga,ANYTIME_ASSIST,Real Oviedo,Deportivo Alaves,Aitor Manas (Score) (2),,2.6000,odds_api_io,event_id=61624672;market=Player To Score or Assist
2026-05-17T11:51:42Z,2026-05-17,61624672,2026-05-17T17:00:00Z,,live_capture,Bet365,Spain - LaLiga,ANYTIME_ASSIST,Real Oviedo,Deportivo Alaves,Santi Cazorla (Score) (1),,5.0000,odds_api_io,event_id=61624672;market=Player To Score or Assist
2026-05-17T11:51:42Z,2026-05-17,61624672,2026-05-17T17:00:00Z,,live_capture,Bet365,Spain - LaLiga,ANYTIME_ASSIST,Real Oviedo,Deportivo Alaves,Antonio Blanco (Score) (2),,6.0000,odds_api_io,event_id=61624672;market=Player To Score or Assist
2026-05-17T11:51:42Z,2026-05-17,61624672,2026-05-17T17:00:00Z,,live_capture,Bet365,Spain - LaLiga,ANYTIME_ASSIST,Real Oviedo,Deportivo Alaves,Alex Fores (Assist) (1),,10.0000,odds_api_io,event_id=61624672;market=Player To Score or Assist
2026-05-17T11:51:42Z,2026-05-17,61624672,2026-05-17T17:00:00Z,,live_capture,Bet365,Spain - LaLiga,ANYTIME_ASSIST,Real Oviedo,Deportivo Alaves,Leander Dendoncker (Assist) (1),,10.0000,odds_api_io,event_id=61624672;market=Player To Score or Assist
2026-05-17T11:51:42Z,2026-05-17,61624672,2026-05-17T17:00:00Z,,live_capture,Bet365,Spain - LaLiga,ANYTIME_ASSIST,Real Oviedo,Deportivo Alaves,Omar Falah (Score or Assist) (1),,4.5000,odds_api_io,event_id=61624672;market=Player To Score or Assist
2026-05-17T11:51:42Z,2026-05-17,61624672,2026-05-17T17:00:00Z,,live_capture,Bet365,Spain - LaLiga,ANYTIME_ASSIST,Real Oviedo,Deportivo Alaves,David Costas (Score or Assist) (1),,9.5000,odds_api_io,event_id=61624672;market=Player To Score or Assist
2026-05-17T11:51:42Z,2026-05-17,61624672,2026-05-17T17:00:00Z,,live_capture,Bet365,Spain - LaLiga,ANYTIME_ASSIST,Real Oviedo,Deportivo Alaves,Denis Suarez (Assist) (2),,5.0000,odds_api_io,event_id=61624672;market=Player To Score or Assist
2026-05-17T11:51:42Z,2026-05-17,61624672,2026-05-17T17:00:00Z,,live_capture,Bet365,Spain - LaLiga,ANYTIME_ASSIST,Real Oviedo,Deportivo Alaves,Jon Guridi (Assist) (2),,5.0000,odds_api_io,event_id=61624672;market=Player To Score or Assist
2026-05-17T11:51:42Z,2026-05-17,61624672,2026-05-17T17:00:00Z,,live_capture,Bet365,Spain - LaLiga,ANYTIME_ASSIST,Real Oviedo,Deportivo Alaves,Abde Rebbach (Assist) (2),,5.0000,odds_api_io,event_id=61624672;market=Player To Score or Assist
2026-05-17T11:51:42Z,2026-05-17,61624672,2026-05-17T17:00:00Z,,live_capture,Bet365,Spain - LaLiga,ANYTIME_ASSIST,Real Oviedo,Deportivo Alaves,Lander Pinillos (Assist) (2),,5.0000,odds_api_io,event_id=61624672;market=Player To Score or Assist
2026-05-17T11:51:42Z,2026-05-17,61624672,2026-05-17T17:00:00Z,,live_capture,Bet365,Spain - LaLiga,ANYTIME_ASSIST,Real Oviedo,Deportivo Alaves,Angel Hidalgo Perez (Score or Assist) (2),,2.7500,odds_api_io,event_id=61624672;market=Player To Score or Assist
2026-05-17T11:51:42Z,2026-05-17,61624672,2026-05-17T17:00:00Z,,live_capture,Bet365,Spain - LaLiga,ANYTIME_ASSIST,Real Oviedo,Deportivo Alaves,Diego Morcillo (Score) (2),,3.1000,odds_api_io,event_id=61624672;market=Player To Score or Assist
2026-05-17T11:51:42Z,2026-05-17,61624672,2026-05-17T17:00:00Z,,live_capture,Bet365,Spain - LaLiga,ANYTIME_ASSIST,Real Oviedo,Deportivo Alaves,Oviemuno Ejaria (Score) (1),,7.0000,odds_api_io,event_id=61624672;market=Player To Score or Assist
2026-05-17T11:51:42Z,2026-05-17,61624672,2026-05-17T17:00:00Z,,live_capture,Bet365,Spain - LaLiga,ANYTIME_ASSIST,Real Oviedo,Deportivo Alaves,Castro Jonny Otto (Score) (2),,13.0000,odds_api_io,event_id=61624672;market=Player To Score or Assist
2026-05-17T11:51:42Z,2026-05-17,61624672,2026-05-17T17:00:00Z,,live_capture,Bet365,Spain - LaLiga,ANYTIME_ASSIST,Real Oviedo,Deportivo Alaves,Ville Koski (Score) (2),,13.0000,odds_api_io,event_id=61624672;market=Player To Score or Assist
2026-05-17T11:51:42Z,2026-05-17,61624672,2026-05-17T17:00:00Z,,live_capture,Bet365,Spain - LaLiga,ANYTIME_ASSIST,Real Oviedo,Deportivo Alaves,Nacho Vidal (Score) (1),,13.0000,odds_api_io,event_id=61624672;market=Player To Score or Assist
2026-05-17T11:51:42Z,2026-05-17,61624672,2026-05-17T17:00:00Z,,live_capture,Bet365,Spain - LaLiga,ANYTIME_ASSIST,Real Oviedo,Deportivo Alaves,Javier Lopez (Assist) (1),,9.0000,odds_api_io,event_id=61624672;market=Player To Score or Assist
2026-05-17T11:51:42Z,2026-05-17,61624672,2026-05-17T17:00:00Z,,live_capture,Bet365,Spain - LaLiga,ANYTIME_ASSIST,Real Oviedo,Deportivo Alaves,Lucas Ahijado (Assist) (1),,9.0000,odds_api_io,event_id=61624672;market=Player To Score or Assist
2026-05-17T11:51:42Z,2026-05-17,61624672,2026-05-17T17:00:00Z,,live_capture,Bet365,Spain - LaLiga,ANYTIME_ASSIST,Real Oviedo,Deportivo Alaves,Nicolas Fonseca (Assist) (1),,26.0000,odds_api_io,event_id=61624672;market=Player To Score or Assist
2026-05-17T11:51:42Z,2026-05-17,61624672,2026-05-17T17:00:00Z,,live_capture,Bet365,Spain - LaLiga,ANYTIME_ASSIST,Real Oviedo,Deportivo Alaves,Ibrahim Diabate (Score or Assist) (2),,1.9090,odds_api_io,event_id=61624672;market=Player To Score or Assist
2026-05-17T11:51:42Z,2026-05-17,61624672,2026-05-17T17:00:00Z,,live_capture,Bet365,Spain - LaLiga,ANYTIME_ASSIST,Real Oviedo,Deportivo Alaves,Antonio Martinez (Score or Assist) (2),,2.0500,odds_api_io,event_id=61624672;market=Player To Score or Assist
2026-05-17T11:51:42Z,2026-05-17,61624672,2026-05-17T17:00:00Z,,live_capture,Bet365,Spain - LaLiga,ANYTIME_ASSIST,Real Oviedo,Deportivo Alaves,Calebe (Score or Assist) (2),,2.0500,odds_api_io,event_id=61624672;market=Player To Score or Assist
2026-05-17T11:51:42Z,2026-05-17,61624672,2026-05-17T17:00:00Z,,live_capture,Bet365,Spain - LaLiga,ANYTIME_ASSIST,Real Oviedo,Deportivo Alaves,Carles Alena (Score or Assist) (2),,2.1000,odds_api_io,event_id=61624672;market=Player To Score or Assist
2026-05-17T11:51:42Z,2026-05-17,61624672,2026-05-17T17:00:00Z,,live_capture,Bet365,Spain - LaLiga,ANYTIME_ASSIST,Real Oviedo,Deportivo Alaves,Diego Morcillo (Score or Assist) (2),,2.2500,odds_api_io,event_id=61624672;market=Player To Score or Assist
2026-05-17T11:51:42Z,2026-05-17,61624672,2026-05-17T17:00:00Z,,live_capture,Bet365,Spain - LaLiga,ANYTIME_ASSIST,Real Oviedo,Deportivo Alaves,Alberto Reina (Score or Assist) (1),,3.1000,odds_api_io,event_id=61624672;market=Player To Score or Assist
2026-05-17T11:51:42Z,2026-05-17,61624672,2026-05-17T17:00:00Z,,live_capture,Bet365,Spain - LaLiga,ANYTIME_ASSIST,Real Oviedo,Deportivo Alaves,Antonio Blanco (Score or Assist) (2),,3.6000,odds_api_io,event_id=61624672;market=Player To Score or Assist
2026-05-17T11:51:42Z,2026-05-17,61624672,2026-05-17T17:00:00Z,,live_capture,Bet365,Spain - LaLiga,ANYTIME_ASSIST,Real Oviedo,Deportivo Alaves,Carlos Ballestero (Score or Assist) (2),,4.7500,odds_api_io,event_id=61624672;market=Player To Score or Assist
2026-05-17T11:51:42Z,2026-05-17,61624672,2026-05-17T17:00:00Z,,live_capture,Bet365,Spain - LaLiga,ANYTIME_ASSIST,Real Oviedo,Deportivo Alaves,Thiago Fernandez (Score or Assist) (1),,2.7500,odds_api_io,event_id=61624672;market=Player To Score or Assist
2026-05-17T11:51:42Z,2026-05-17,61624672,2026-05-17T17:00:00Z,,live_capture,Bet365,Spain - LaLiga,ANYTIME_ASSIST,Real Oviedo,Deportivo Alaves,Lucas Boye (Score or Assist) (2),,1.8000,odds_api_io,event_id=61624672;market=Player To Score or Assist
2026-05-17T11:51:42Z,2026-05-17,61624672,2026-05-17T17:00:00Z,,live_capture,Bet365,Spain - LaLiga,ANYTIME_ASSIST,Real Oviedo,Deportivo Alaves,Calebe (Score) (2),,3.6000,odds_api_io,event_id=61624672;market=Player To Score or Assist
2026-05-17T11:51:42Z,2026-05-17,61624672,2026-05-17T17:00:00Z,,live_capture,Bet365,Spain - LaLiga,ANYTIME_ASSIST,Real Oviedo,Deportivo Alaves,Denis Suarez (Score) (2),,3.6000,odds_api_io,event_id=61624672;market=Player To Score or Assist
2026-05-17T11:51:42Z,2026-05-17,61624672,2026-05-17T17:00:00Z,,live_capture,Bet365,Spain - LaLiga,ANYTIME_ASSIST,Real Oviedo,Deportivo Alaves,Jon Guridi (Score) (2),,3.6000,odds_api_io,event_id=61624672;market=Player To Score or Assist
2026-05-17T11:51:42Z,2026-05-17,61624672,2026-05-17T17:00:00Z,,live_capture,Bet365,Spain - LaLiga,ANYTIME_ASSIST,Real Oviedo,Deportivo Alaves,Pablo Ibanez (Score) (2),,3.6000,odds_api_io,event_id=61624672;market=Player To Score or Assist
2026-05-17T11:51:42Z,2026-05-17,61624672,2026-05-17T17:00:00Z,,live_capture,Bet365,Spain - LaLiga,ANYTIME_ASSIST,Real Oviedo,Deportivo Alaves,Egoitz Munoz (Score) (2),,10.0000,odds_api_io,event_id=61624672;market=Player To Score or Assist
2026-05-17T11:51:42Z,2026-05-17,61624672,2026-05-17T17:00:00Z,,live_capture,Bet365,Spain - LaLiga,ANYTIME_ASSIST,Real Oviedo,Deportivo Alaves,Youseff Enriquez (Score) (2),,10.0000,odds_api_io,event_id=61624672;market=Player To Score or Assist
2026-05-17T11:51:42Z,2026-05-17,61624672,2026-05-17T17:00:00Z,,live_capture,Bet365,Spain - LaLiga,ANYTIME_ASSIST,Real Oviedo,Deportivo Alaves,Ander Guevara (Score) (2),,10.0000,odds_api_io,event_id=61624672;market=Player To Score or Assist
2026-05-17T11:51:42Z,2026-05-17,61624672,2026-05-17T17:00:00Z,,live_capture,Bet365,Spain - LaLiga,ANYTIME_ASSIST,Real Oviedo,Deportivo Alaves,Leander Dendoncker (Score) (1),,10.0000,odds_api_io,event_id=61624672;market=Player To Score or Assist
2026-05-17T11:51:42Z,2026-05-17,61624672,2026-05-17T17:00:00Z,,live_capture,Bet365,Spain - LaLiga,ANYTIME_ASSIST,Real Oviedo,Deportivo Alaves,Victor Parada (Score) (2),,10.0000,odds_api_io,event_id=61624672;market=Player To Score or Assist
2026-05-17T11:51:42Z,2026-05-17,61624672,2026-05-17T17:00:00Z,,live_capture,Bet365,Spain - LaLiga,ANYTIME_ASSIST,Real Oviedo,Deportivo Alaves,Denis Suarez (Score or Assist) (2),,2.3000,odds_api_io,event_id=61624672;market=Player To Score or Assist
2026-05-17T11:51:42Z,2026-05-17,61624672,2026-05-17T17:00:00Z,,live_capture,Bet365,Spain - LaLiga,ANYTIME_ASSIST,Real Oviedo,Deportivo Alaves,Jon Guridi (Score or Assist) (2),,2.3000,odds_api_io,event_id=61624672;market=Player To Score or Assist
2026-05-17T11:51:42Z,2026-05-17,61624672,2026-05-17T17:00:00Z,,live_capture,Bet365,Spain - LaLiga,ANYTIME_ASSIST,Real Oviedo,Deportivo Alaves,Pablo Ibanez (Score or Assist) (2),,2.4000,odds_api_io,event_id=61624672;market=Player To Score or Assist
2026-05-17T11:51:42Z,2026-05-17,61624672,2026-05-17T17:00:00Z,,live_capture,Bet365,Spain - LaLiga,ANYTIME_ASSIST,Real Oviedo,Deportivo Alaves,Thiago Borbas (Score or Assist) (1),,3.0000,odds_api_io,event_id=61624672;market=Player To Score or Assist
2026-05-17T11:51:42Z,2026-05-17,61624672,2026-05-17T17:00:00Z,,live_capture,Bet365,Spain - LaLiga,ANYTIME_ASSIST,Real Oviedo,Deportivo Alaves,Luka Ilic (Score or Assist) (1),,3.2000,odds_api_io,event_id=61624672;market=Player To Score or Assist
2026-05-17T11:51:42Z,2026-05-17,61624672,2026-05-17T17:00:00Z,,live_capture,Bet365,Spain - LaLiga,ANYTIME_ASSIST,Real Oviedo,Deportivo Alaves,Oviemuno Ejaria (Score or Assist) (1),,4.0000,odds_api_io,event_id=61624672;market=Player To Score or Assist
