captured_at,match_date,event_id,kickoff_at,minutes_to_kickoff,snapshot_kind,bookmaker,competition,market,home_team,away_team,player_name,player_team,odds_decimal,source,notes
2026-05-21T21:15:41Z,2026-05-24,61301285,2026-05-24T15:00:00Z,,live_capture,Bet365,England - Premier League,ANYTIME_ASSIST,West Ham United,Leeds United,Keiber Lamadrid,,5.5000,odds_api_io,event_id=61301285;market=Player To Score or Assist;selection=Keiber Lamadrid (Assist) (1)
2026-05-21T21:15:41Z,2026-05-24,61301285,2026-05-24T15:00:00Z,,live_capture,Bet365,England - Premier League,ANYTIME_ASSIST,West Ham United,Leeds United,El Hadji Diouf,,6.0000,odds_api_io,event_id=61301285;market=Player To Score or Assist;selection=El Hadji Diouf (Assist) (1)
2026-05-21T21:15:41Z,2026-05-24,61301285,2026-05-24T15:00:00Z,,live_capture,Bet365,England - Premier League,ANYTIME_ASSIST,West Ham United,Leeds United,Kyle Walker-Peters,,6.0000,odds_api_io,event_id=61301285;market=Player To Score or Assist;selection=Kyle Walker-Peters (Assist) (1)
2026-05-21T21:15:41Z,2026-05-24,61301285,2026-05-24T15:00:00Z,,live_capture,Bet365,England - Premier League,ANYTIME_ASSIST,West Ham United,Leeds United,Alfie Cresswell,,11.0000,odds_api_io,event_id=61301285;market=Player To Score or Assist;selection=Alfie Cresswell (Assist) (2)
2026-05-21T21:15:41Z,2026-05-24,61301285,2026-05-24T15:00:00Z,,live_capture,Bet365,England - Premier League,ANYTIME_ASSIST,West Ham United,Leeds United,Rhys Chadwick,,15.0000,odds_api_io,event_id=61301285;market=Player To Score or Assist;selection=Rhys Chadwick (Assist) (2)
2026-05-21T21:15:41Z,2026-05-24,61301285,2026-05-24T15:00:00Z,,live_capture,Bet365,England - Premier League,ANYTIME_ASSIST,West Ham United,Leeds United,Noah Okafor,,6.5000,odds_api_io,event_id=61301285;market=Player To Score or Assist;selection=Noah Okafor (Assist) (2)
2026-05-21T21:15:41Z,2026-05-24,61301285,2026-05-24T15:00:00Z,,live_capture,Bet365,England - Premier League,ANYTIME_ASSIST,West Ham United,Leeds United,Brenden Aaronson,,6.5000,odds_api_io,event_id=61301285;market=Player To Score or Assist;selection=Brenden Aaronson (Assist) (2)
2026-05-21T21:15:41Z,2026-05-24,61301285,2026-05-24T15:00:00Z,,live_capture,Bet365,England - Premier League,ANYTIME_ASSIST,West Ham United,Leeds United,Jayden Lienou,,12.0000,odds_api_io,event_id=61301285;market=Player To Score or Assist;selection=Jayden Lienou (Assist) (2)
2026-05-21T21:15:41Z,2026-05-24,61301285,2026-05-24T15:00:00Z,,live_capture,Bet365,England - Premier League,ANYTIME_ASSIST,West Ham United,Leeds United,Jaka Bijol,,16.0000,odds_api_io,event_id=61301285;market=Player To Score or Assist;selection=Jaka Bijol (Assist) (2)
2026-05-21T21:15:41Z,2026-05-24,61301285,2026-05-24T15:00:00Z,,live_capture,Bet365,England - Premier League,ANYTIME_ASSIST,West Ham United,Leeds United,Sam Byram,,12.0000,odds_api_io,event_id=61301285;market=Player To Score or Assist;selection=Sam Byram (Assist) (2)
2026-05-21T21:15:41Z,2026-05-24,61301285,2026-05-24T15:00:00Z,,live_capture,Bet365,England - Premier League,ANYTIME_ASSIST,West Ham United,Leeds United,Ezra Mayers,,10.0000,odds_api_io,event_id=61301285;market=Player To Score or Assist;selection=Ezra Mayers (Assist) (1)
2026-05-21T21:15:41Z,2026-05-24,61301285,2026-05-24T15:00:00Z,,live_capture,Bet365,England - Premier League,ANYTIME_ASSIST,West Ham United,Leeds United,Max Kilman,,13.0000,odds_api_io,event_id=61301285;market=Player To Score or Assist;selection=Max Kilman (Assist) (1)
2026-05-21T21:15:41Z,2026-05-24,61301285,2026-05-24T15:00:00Z,,live_capture,Bet365,England - Premier League,ANYTIME_ASSIST,West Ham United,Leeds United,Pascal Struijk,,21.0000,odds_api_io,event_id=61301285;market=Player To Score or Assist;selection=Pascal Struijk (Assist) (2)
2026-05-21T21:15:41Z,2026-05-24,61301285,2026-05-24T15:00:00Z,,live_capture,Bet365,England - Premier League,ANYTIME_ASSIST,West Ham United,Leeds United,Joe Rodon,,21.0000,odds_api_io,event_id=61301285;market=Player To Score or Assist;selection=Joe Rodon (Assist) (2)
2026-05-21T21:15:41Z,2026-05-24,61301285,2026-05-24T15:00:00Z,,live_capture,Bet365,England - Premier League,ANYTIME_ASSIST,West Ham United,Leeds United,Sebastiaan Bornauw,,21.0000,odds_api_io,event_id=61301285;market=Player To Score or Assist;selection=Sebastiaan Bornauw (Assist) (2)
2026-05-21T21:15:41Z,2026-05-24,61301285,2026-05-24T15:00:00Z,,live_capture,Bet365,England - Premier League,ANYTIME_ASSIST,West Ham United,Leeds United,Taty Castellanos,,5.0000,odds_api_io,event_id=61301285;market=Player To Score or Assist;selection=Taty Castellanos (Assist) (1)
2026-05-21T21:15:41Z,2026-05-24,61301285,2026-05-24T15:00:00Z,,live_capture,Bet365,England - Premier League,ANYTIME_ASSIST,West Ham United,Leeds United,Callum Wilson,,7.0000,odds_api_io,event_id=61301285;market=Player To Score or Assist;selection=Callum Wilson (Assist) (1)
2026-05-21T21:15:41Z,2026-05-24,61301285,2026-05-24T15:00:00Z,,live_capture,Bet365,England - Premier League,ANYTIME_ASSIST,West Ham United,Leeds United,Dominic Calvert-Lewin,,7.5000,odds_api_io,event_id=61301285;market=Player To Score or Assist;selection=Dominic Calvert-Lewin (Assist) (2)
2026-05-21T21:15:41Z,2026-05-24,61301285,2026-05-24T15:00:00Z,,live_capture,Bet365,England - Premier League,ANYTIME_ASSIST,West Ham United,Leeds United,Pablo Felipe,,6.5000,odds_api_io,event_id=61301285;market=Player To Score or Assist;selection=Pablo Felipe (Assist) (1)
2026-05-21T21:15:41Z,2026-05-24,61301285,2026-05-24T15:00:00Z,,live_capture,Bet365,England - Premier League,ANYTIME_ASSIST,West Ham United,Leeds United,Lukas Nmecha,,8.5000,odds_api_io,event_id=61301285;market=Player To Score or Assist;selection=Lukas Nmecha (Assist) (2)
2026-05-21T21:15:41Z,2026-05-24,61301285,2026-05-24T15:00:00Z,,live_capture,Bet365,England - Premier League,ANYTIME_ASSIST,West Ham United,Leeds United,Daniel James,,6.0000,odds_api_io,event_id=61301285;market=Player To Score or Assist;selection=Daniel James (Assist) (2)
2026-05-21T21:15:41Z,2026-05-24,61301285,2026-05-24T15:00:00Z,,live_capture,Bet365,England - Premier League,ANYTIME_ASSIST,West Ham United,Leeds United,Degnand Gnonto,,6.5000,odds_api_io,event_id=61301285;market=Player To Score or Assist;selection=Degnand Gnonto (Assist) (2)
2026-05-21T21:15:41Z,2026-05-24,61301285,2026-05-24T15:00:00Z,,live_capture,Bet365,England - Premier League,ANYTIME_ASSIST,West Ham United,Leeds United,Joel Piroe,,10.0000,odds_api_io,event_id=61301285;market=Player To Score or Assist;selection=Joel Piroe (Assist) (2)
2026-05-21T21:15:41Z,2026-05-24,61301285,2026-05-24T15:00:00Z,,live_capture,Bet365,England - Premier League,ANYTIME_ASSIST,West Ham United,Leeds United,Facundo Buonanotte,,7.0000,odds_api_io,event_id=61301285;market=Player To Score or Assist;selection=Facundo Buonanotte (Assist) (2)
2026-05-21T21:15:41Z,2026-05-24,61301285,2026-05-24T15:00:00Z,,live_capture,Bet365,England - Premier League,ANYTIME_ASSIST,West Ham United,Leeds United,Tomas Soucek,,7.5000,odds_api_io,event_id=61301285;market=Player To Score or Assist;selection=Tomas Soucek (Assist) (1)
2026-05-21T21:15:41Z,2026-05-24,61301285,2026-05-24T15:00:00Z,,live_capture,Bet365,England - Premier League,ANYTIME_ASSIST,West Ham United,Leeds United,Sean Longstaff,,5.0000,odds_api_io,event_id=61301285;market=Player To Score or Assist;selection=Sean Longstaff (Assist) (2)
2026-05-21T21:15:41Z,2026-05-24,61301285,2026-05-24T15:00:00Z,,live_capture,Bet365,England - Premier League,ANYTIME_ASSIST,West Ham United,Leeds United,Mohamadou Kante,,6.5000,odds_api_io,event_id=61301285;market=Player To Score or Assist;selection=Mohamadou Kante (Assist) (1)
2026-05-21T21:15:41Z,2026-05-24,61301285,2026-05-24T15:00:00Z,,live_capture,Bet365,England - Premier League,ANYTIME_ASSIST,West Ham United,Leeds United,Anton Stach,,7.0000,odds_api_io,event_id=61301285;market=Player To Score or Assist;selection=Anton Stach (Assist) (2)
2026-05-21T21:15:41Z,2026-05-24,61301285,2026-05-24T15:00:00Z,,live_capture,Bet365,England - Premier League,ANYTIME_ASSIST,West Ham United,Leeds United,Oliver Scarles,,6.5000,odds_api_io,event_id=61301285;market=Player To Score or Assist;selection=Oliver Scarles (Assist) (1)
2026-05-21T21:15:41Z,2026-05-24,61301285,2026-05-24T15:00:00Z,,live_capture,Bet365,England - Premier League,ANYTIME_ASSIST,West Ham United,Leeds United,Ao Tanaka,,7.5000,odds_api_io,event_id=61301285;market=Player To Score or Assist;selection=Ao Tanaka (Assist) (2)
2026-05-21T21:15:41Z,2026-05-24,61301285,2026-05-24T15:00:00Z,,live_capture,Bet365,England - Premier League,ANYTIME_ASSIST,West Ham United,Leeds United,Freddie Potts,,7.5000,odds_api_io,event_id=61301285;market=Player To Score or Assist;selection=Freddie Potts (Assist) (1)
2026-05-21T21:15:41Z,2026-05-24,61301285,2026-05-24T15:00:00Z,,live_capture,Bet365,England - Premier League,ANYTIME_ASSIST,West Ham United,Leeds United,Soungoutou Magassa,,7.5000,odds_api_io,event_id=61301285;market=Player To Score or Assist;selection=Soungoutou Magassa (Assist) (1)
2026-05-21T21:15:41Z,2026-05-24,61301285,2026-05-24T15:00:00Z,,live_capture,Bet365,England - Premier League,ANYTIME_ASSIST,West Ham United,Leeds United,Jayden Bogle,,10.0000,odds_api_io,event_id=61301285;market=Player To Score or Assist;selection=Jayden Bogle (Assist) (2)
2026-05-21T21:15:41Z,2026-05-24,61301285,2026-05-24T15:00:00Z,,live_capture,Bet365,England - Premier League,ANYTIME_ASSIST,West Ham United,Leeds United,Aaron Wan-Bissaka,,7.5000,odds_api_io,event_id=61301285;market=Player To Score or Assist;selection=Aaron Wan-Bissaka (Assist) (1)
2026-05-21T21:15:41Z,2026-05-24,61301285,2026-05-24T15:00:00Z,,live_capture,Bet365,England - Premier League,ANYTIME_ASSIST,West Ham United,Leeds United,Gabriel Gudmundsson,,10.0000,odds_api_io,event_id=61301285;market=Player To Score or Assist;selection=Gabriel Gudmundsson (Assist) (2)
2026-05-21T21:15:41Z,2026-05-24,61301285,2026-05-24T15:00:00Z,,live_capture,Bet365,England - Premier League,ANYTIME_ASSIST,West Ham United,Leeds United,James Justin,,10.0000,odds_api_io,event_id=61301285;market=Player To Score or Assist;selection=James Justin (Assist) (2)
2026-05-21T21:15:41Z,2026-05-24,61301285,2026-05-24T15:00:00Z,,live_capture,Bet365,England - Premier League,ANYTIME_ASSIST,West Ham United,Leeds United,Konstantinos Mavropanos,,16.0000,odds_api_io,event_id=61301285;market=Player To Score or Assist;selection=Konstantinos Mavropanos (Assist) (1)
2026-05-21T21:15:41Z,2026-05-24,61301285,2026-05-24T15:00:00Z,,live_capture,Bet365,England - Premier League,ANYTIME_ASSIST,West Ham United,Leeds United,Axel Disasi,,16.0000,odds_api_io,event_id=61301285;market=Player To Score or Assist;selection=Axel Disasi (Assist) (1)
2026-05-21T21:15:41Z,2026-05-24,61301285,2026-05-24T15:00:00Z,,live_capture,Bet365,England - Premier League,ANYTIME_ASSIST,West Ham United,Leeds United,Ethan Ampadu,,15.0000,odds_api_io,event_id=61301285;market=Player To Score or Assist;selection=Ethan Ampadu (Assist) (2)
2026-05-21T21:15:41Z,2026-05-24,61301285,2026-05-24T15:00:00Z,,live_capture,Bet365,England - Premier League,ANYTIME_ASSIST,West Ham United,Leeds United,Jean-Clair Todibo,,16.0000,odds_api_io,event_id=61301285;market=Player To Score or Assist;selection=Jean-Clair Todibo (Assist) (1)
2026-05-21T21:15:41Z,2026-05-24,61301285,2026-05-24T15:00:00Z,,live_capture,Bet365,England - Premier League,ANYTIME_ASSIST,West Ham United,Leeds United,Jarrod Bowen,,3.7500,odds_api_io,event_id=61301285;market=Player To Score or Assist;selection=Jarrod Bowen (Assist) (1)
2026-05-21T21:15:41Z,2026-05-24,61301285,2026-05-24T15:00:00Z,,live_capture,Bet365,England - Premier League,ANYTIME_ASSIST,West Ham United,Leeds United,Crysencio Summerville,,4.5000,odds_api_io,event_id=61301285;market=Player To Score or Assist;selection=Crysencio Summerville (Assist) (1)
2026-05-21T21:15:41Z,2026-05-24,61301285,2026-05-24T15:00:00Z,,live_capture,Bet365,England - Premier League,ANYTIME_ASSIST,West Ham United,Leeds United,Adama Traore,,4.5000,odds_api_io,event_id=61301285;market=Player To Score or Assist;selection=Adama Traore (Assist) (1)
2026-05-21T21:15:41Z,2026-05-24,61301285,2026-05-24T15:00:00Z,,live_capture,Bet365,England - Premier League,ANYTIME_ASSIST,West Ham United,Leeds United,Mateus Fernandes,,4.3330,odds_api_io,event_id=61301285;market=Player To Score or Assist;selection=Mateus Fernandes (Assist) (1)
2026-05-21T21:15:41Z,2026-05-24,61301277,2026-05-24T15:00:00Z,,live_capture,Bet365,England - Premier League,ANYTIME_ASSIST,Manchester City,Aston Villa,Morgan Rogers,,6.0000,odds_api_io,event_id=61301277;market=Player To Score or Assist;selection=Morgan Rogers (Assist) (2)
2026-05-21T21:15:41Z,2026-05-24,61301277,2026-05-24T15:00:00Z,,live_capture,Bet365,England - Premier League,ANYTIME_ASSIST,Manchester City,Aston Villa,Rico Lewis,,4.3330,odds_api_io,event_id=61301277;market=Player To Score or Assist;selection=Rico Lewis (Assist) (1)
2026-05-21T21:15:41Z,2026-05-24,61301277,2026-05-24T15:00:00Z,,live_capture,Bet365,England - Premier League,ANYTIME_ASSIST,Manchester City,Aston Villa,Ross Barkley,,8.0000,odds_api_io,event_id=61301277;market=Player To Score or Assist;selection=Ross Barkley (Assist) (2)
2026-05-21T21:15:41Z,2026-05-24,61301277,2026-05-24T15:00:00Z,,live_capture,Bet365,England - Premier League,ANYTIME_ASSIST,Manchester City,Aston Villa,Lamare Bogarde,,12.0000,odds_api_io,event_id=61301277;market=Player To Score or Assist;selection=Lamare Bogarde (Assist) (2)
2026-05-21T21:15:41Z,2026-05-24,61301277,2026-05-24T15:00:00Z,,live_capture,Bet365,England - Premier League,ANYTIME_ASSIST,Manchester City,Aston Villa,Omar Marmoush,,3.4000,odds_api_io,event_id=61301277;market=Player To Score or Assist;selection=Omar Marmoush (Assist) (1)
2026-05-21T21:15:41Z,2026-05-24,61301277,2026-05-24T15:00:00Z,,live_capture,Bet365,England - Premier League,ANYTIME_ASSIST,Manchester City,Aston Villa,Leon Bailey,,7.0000,odds_api_io,event_id=61301277;market=Player To Score or Assist;selection=Leon Bailey (Assist) (2)
2026-05-21T21:15:41Z,2026-05-24,61301277,2026-05-24T15:00:00Z,,live_capture,Bet365,England - Premier League,ANYTIME_ASSIST,Manchester City,Aston Villa,Marc Guehi,,8.5000,odds_api_io,event_id=61301277;market=Player To Score or Assist;selection=Marc Guehi (Assist) (1)
2026-05-21T21:15:41Z,2026-05-24,61301277,2026-05-24T15:00:00Z,,live_capture,Bet365,England - Premier League,ANYTIME_ASSIST,Manchester City,Aston Villa,John McGinn,,8.5000,odds_api_io,event_id=61301277;market=Player To Score or Assist;selection=John McGinn (Assist) (2)
2026-05-21T21:15:41Z,2026-05-24,61301277,2026-05-24T15:00:00Z,,live_capture,Bet365,England - Premier League,ANYTIME_ASSIST,Manchester City,Aston Villa,George Hemmings,,11.0000,odds_api_io,event_id=61301277;market=Player To Score or Assist;selection=George Hemmings (Assist) (2)
2026-05-21T21:15:41Z,2026-05-24,61301277,2026-05-24T15:00:00Z,,live_capture,Bet365,England - Premier League,ANYTIME_ASSIST,Manchester City,Aston Villa,Lucas Digne,,7.5000,odds_api_io,event_id=61301277;market=Player To Score or Assist;selection=Lucas Digne (Assist) (2)
2026-05-21T21:15:41Z,2026-05-24,61301277,2026-05-24T15:00:00Z,,live_capture,Bet365,England - Premier League,ANYTIME_ASSIST,Manchester City,Aston Villa,Andres Garcia,,11.0000,odds_api_io,event_id=61301277;market=Player To Score or Assist;selection=Andres Garcia (Assist) (2)
2026-05-21T21:15:41Z,2026-05-24,61301277,2026-05-24T15:00:00Z,,live_capture,Bet365,England - Premier League,ANYTIME_ASSIST,Manchester City,Aston Villa,Bernardo Silva,,4.5000,odds_api_io,event_id=61301277;market=Player To Score or Assist;selection=Bernardo Silva (Assist) (1)
2026-05-21T21:15:41Z,2026-05-24,61301277,2026-05-24T15:00:00Z,,live_capture,Bet365,England - Premier League,ANYTIME_ASSIST,Manchester City,Aston Villa,Tijjani Reijnders,,4.5000,odds_api_io,event_id=61301277;market=Player To Score or Assist;selection=Tijjani Reijnders (Assist) (1)
2026-05-21T21:15:41Z,2026-05-24,61301277,2026-05-24T15:00:00Z,,live_capture,Bet365,England - Premier League,ANYTIME_ASSIST,Manchester City,Aston Villa,Tammy Abraham,,9.0000,odds_api_io,event_id=61301277;market=Player To Score or Assist;selection=Tammy Abraham (Assist) (2)
2026-05-21T21:15:41Z,2026-05-24,61301277,2026-05-24T15:00:00Z,,live_capture,Bet365,England - Premier League,ANYTIME_ASSIST,Manchester City,Aston Villa,Douglas Luiz,,7.5000,odds_api_io,event_id=61301277;market=Player To Score or Assist;selection=Douglas Luiz (Assist) (2)
2026-05-21T21:15:41Z,2026-05-24,61301277,2026-05-24T15:00:00Z,,live_capture,Bet365,England - Premier League,ANYTIME_ASSIST,Manchester City,Aston Villa,Alysson Edward,,9.0000,odds_api_io,event_id=61301277;market=Player To Score or Assist;selection=Alysson Edward (Assist) (2)
2026-05-21T21:15:41Z,2026-05-24,61301277,2026-05-24T15:00:00Z,,live_capture,Bet365,England - Premier League,ANYTIME_ASSIST,Manchester City,Aston Villa,Amadou Onana,,12.0000,odds_api_io,event_id=61301277;market=Player To Score or Assist;selection=Amadou Onana (Assist) (2)
2026-05-21T21:15:41Z,2026-05-24,61301277,2026-05-24T15:00:00Z,,live_capture,Bet365,England - Premier League,ANYTIME_ASSIST,Manchester City,Aston Villa,Ezri Konsa,,17.0000,odds_api_io,event_id=61301277;market=Player To Score or Assist;selection=Ezri Konsa (Assist) (2)
2026-05-21T21:15:41Z,2026-05-24,61301277,2026-05-24T15:00:00Z,,live_capture,Bet365,England - Premier League,ANYTIME_ASSIST,Manchester City,Aston Villa,Tyrone Mings,,17.0000,odds_api_io,event_id=61301277;market=Player To Score or Assist;selection=Tyrone Mings (Assist) (2)
2026-05-21T21:15:41Z,2026-05-24,61301277,2026-05-24T15:00:00Z,,live_capture,Bet365,England - Premier League,ANYTIME_ASSIST,Manchester City,Aston Villa,Erling Haaland,,4.5000,odds_api_io,event_id=61301277;market=Player To Score or Assist;selection=Erling Haaland (Assist) (1)
2026-05-21T21:15:41Z,2026-05-24,61301277,2026-05-24T15:00:00Z,,live_capture,Bet365,England - Premier League,ANYTIME_ASSIST,Manchester City,Aston Villa,Rayan Cherki,,2.5000,odds_api_io,event_id=61301277;market=Player To Score or Assist;selection=Rayan Cherki (Assist) (1)
2026-05-21T21:15:41Z,2026-05-24,61301277,2026-05-24T15:00:00Z,,live_capture,Bet365,England - Premier League,ANYTIME_ASSIST,Manchester City,Aston Villa,Antoine Semenyo,,4.3330,odds_api_io,event_id=61301277;market=Player To Score or Assist;selection=Antoine Semenyo (Assist) (1)
2026-05-21T21:15:41Z,2026-05-24,61301277,2026-05-24T15:00:00Z,,live_capture,Bet365,England - Premier League,ANYTIME_ASSIST,Manchester City,Aston Villa,Jeremy Doku,,3.0000,odds_api_io,event_id=61301277;market=Player To Score or Assist;selection=Jeremy Doku (Assist) (1)
2026-05-21T21:15:41Z,2026-05-24,61301277,2026-05-24T15:00:00Z,,live_capture,Bet365,England - Premier League,ANYTIME_ASSIST,Manchester City,Aston Villa,Savinho,,3.4000,odds_api_io,event_id=61301277;market=Player To Score or Assist;selection=Savinho (Assist) (1)
2026-05-21T21:15:41Z,2026-05-24,61301277,2026-05-24T15:00:00Z,,live_capture,Bet365,England - Premier League,ANYTIME_ASSIST,Manchester City,Aston Villa,Phil Foden,,4.3330,odds_api_io,event_id=61301277;market=Player To Score or Assist;selection=Phil Foden (Assist) (1)
2026-05-21T21:15:41Z,2026-05-24,61301277,2026-05-24T15:00:00Z,,live_capture,Bet365,England - Premier League,ANYTIME_ASSIST,Manchester City,Aston Villa,Mateo Kovacic,,4.5000,odds_api_io,event_id=61301277;market=Player To Score or Assist;selection=Mateo Kovacic (Assist) (1)
2026-05-21T21:15:41Z,2026-05-24,61301277,2026-05-24T15:00:00Z,,live_capture,Bet365,England - Premier League,ANYTIME_ASSIST,Manchester City,Aston Villa,Ollie Watkins,,7.0000,odds_api_io,event_id=61301277;market=Player To Score or Assist;selection=Ollie Watkins (Assist) (2)
2026-05-21T21:15:41Z,2026-05-24,61301277,2026-05-24T15:00:00Z,,live_capture,Bet365,England - Premier League,ANYTIME_ASSIST,Manchester City,Aston Villa,Nico O'Reilly,,5.5000,odds_api_io,event_id=61301277;market=Player To Score or Assist;selection=Nico O'Reilly (Assist) (1)
2026-05-21T21:15:41Z,2026-05-24,61301277,2026-05-24T15:00:00Z,,live_capture,Bet365,England - Premier League,ANYTIME_ASSIST,Manchester City,Aston Villa,Rodri,,5.0000,odds_api_io,event_id=61301277;market=Player To Score or Assist;selection=Rodri (Assist) (1)
2026-05-21T21:15:41Z,2026-05-24,61301277,2026-05-24T15:00:00Z,,live_capture,Bet365,England - Premier League,ANYTIME_ASSIST,Manchester City,Aston Villa,Emiliano Buendia,,6.5000,odds_api_io,event_id=61301277;market=Player To Score or Assist;selection=Emiliano Buendia (Assist) (2)
2026-05-21T21:15:41Z,2026-05-24,61301277,2026-05-24T15:00:00Z,,live_capture,Bet365,England - Premier League,ANYTIME_ASSIST,Manchester City,Aston Villa,Matheus Nunes,,4.5000,odds_api_io,event_id=61301277;market=Player To Score or Assist;selection=Matheus Nunes (Assist) (1)
2026-05-21T21:15:41Z,2026-05-24,61301277,2026-05-24T15:00:00Z,,live_capture,Bet365,England - Premier League,ANYTIME_ASSIST,Manchester City,Aston Villa,Rayan Ait Nouri,,4.5000,odds_api_io,event_id=61301277;market=Player To Score or Assist;selection=Rayan Ait Nouri (Assist) (1)
2026-05-21T21:15:41Z,2026-05-24,61301277,2026-05-24T15:00:00Z,,live_capture,Bet365,England - Premier League,ANYTIME_ASSIST,Manchester City,Aston Villa,Jadon Sancho,,6.5000,odds_api_io,event_id=61301277;market=Player To Score or Assist;selection=Jadon Sancho (Assist) (2)
2026-05-21T21:15:41Z,2026-05-24,61301277,2026-05-24T15:00:00Z,,live_capture,Bet365,England - Premier League,ANYTIME_ASSIST,Manchester City,Aston Villa,Nico Gonzalez,,6.5000,odds_api_io,event_id=61301277;market=Player To Score or Assist;selection=Nico Gonzalez (Assist) (1)
2026-05-21T21:15:41Z,2026-05-24,61301277,2026-05-24T15:00:00Z,,live_capture,Bet365,England - Premier League,ANYTIME_ASSIST,Manchester City,Aston Villa,Harvey Elliott,,6.5000,odds_api_io,event_id=61301277;market=Player To Score or Assist;selection=Harvey Elliott (Assist) (2)
2026-05-21T21:15:41Z,2026-05-24,61301277,2026-05-24T15:00:00Z,,live_capture,Bet365,England - Premier League,ANYTIME_ASSIST,Manchester City,Aston Villa,John Stones,,10.0000,odds_api_io,event_id=61301277;market=Player To Score or Assist;selection=John Stones (Assist) (1)
2026-05-21T21:15:41Z,2026-05-24,61301277,2026-05-24T15:00:00Z,,live_capture,Bet365,England - Premier League,ANYTIME_ASSIST,Manchester City,Aston Villa,Youri Tielemans,,7.5000,odds_api_io,event_id=61301277;market=Player To Score or Assist;selection=Youri Tielemans (Assist) (2)
2026-05-21T21:15:41Z,2026-05-24,61301277,2026-05-24T15:00:00Z,,live_capture,Bet365,England - Premier League,ANYTIME_ASSIST,Manchester City,Aston Villa,Josko Gvardiol,,7.5000,odds_api_io,event_id=61301277;market=Player To Score or Assist;selection=Josko Gvardiol (Assist) (1)
2026-05-21T21:15:41Z,2026-05-24,61301277,2026-05-24T15:00:00Z,,live_capture,Bet365,England - Premier League,ANYTIME_ASSIST,Manchester City,Aston Villa,Ian Maatsen,,7.5000,odds_api_io,event_id=61301277;market=Player To Score or Assist;selection=Ian Maatsen (Assist) (2)
2026-05-21T21:15:41Z,2026-05-24,61301277,2026-05-24T15:00:00Z,,live_capture,Bet365,England - Premier League,ANYTIME_ASSIST,Manchester City,Aston Villa,Nathan Ake,,8.0000,odds_api_io,event_id=61301277;market=Player To Score or Assist;selection=Nathan Ake (Assist) (1)
2026-05-21T21:15:41Z,2026-05-24,61301277,2026-05-24T15:00:00Z,,live_capture,Bet365,England - Premier League,ANYTIME_ASSIST,Manchester City,Aston Villa,Matty Cash,,10.0000,odds_api_io,event_id=61301277;market=Player To Score or Assist;selection=Matty Cash (Assist) (2)
2026-05-21T21:15:41Z,2026-05-24,61301277,2026-05-24T15:00:00Z,,live_capture,Bet365,England - Premier League,ANYTIME_ASSIST,Manchester City,Aston Villa,Abduqodir Khusanov,,11.0000,odds_api_io,event_id=61301277;market=Player To Score or Assist;selection=Abduqodir Khusanov (Assist) (1)
2026-05-21T21:15:41Z,2026-05-24,61301277,2026-05-24T15:00:00Z,,live_capture,Bet365,England - Premier League,ANYTIME_ASSIST,Manchester City,Aston Villa,Ruben Dias,,11.0000,odds_api_io,event_id=61301277;market=Player To Score or Assist;selection=Ruben Dias (Assist) (1)
2026-05-21T21:15:41Z,2026-05-24,61301277,2026-05-24T15:00:00Z,,live_capture,Bet365,England - Premier League,ANYTIME_ASSIST,Manchester City,Aston Villa,Pau Torres,,26.0000,odds_api_io,event_id=61301277;market=Player To Score or Assist;selection=Pau Torres (Assist) (2)
2026-05-21T21:15:41Z,2026-05-24,61301277,2026-05-24T15:00:00Z,,live_capture,Bet365,England - Premier League,ANYTIME_ASSIST,Manchester City,Aston Villa,Victor Lindelof,,26.0000,odds_api_io,event_id=61301277;market=Player To Score or Assist;selection=Victor Lindelof (Assist) (2)
2026-05-21T21:15:41Z,2026-05-24,61301275,2026-05-24T15:00:00Z,,live_capture,Bet365,England - Premier League,ANYTIME_ASSIST,Liverpool FC,Brentford FC,Igor Thiago,,5.5000,odds_api_io,event_id=61301275;market=Player To Score or Assist;selection=Igor Thiago (Assist) (2)
2026-05-21T21:15:41Z,2026-05-24,61301275,2026-05-24T15:00:00Z,,live_capture,Bet365,England - Premier League,ANYTIME_ASSIST,Liverpool FC,Brentford FC,Dango Ouattara,,5.5000,odds_api_io,event_id=61301275;market=Player To Score or Assist;selection=Dango Ouattara (Assist) (2)
2026-05-21T21:15:41Z,2026-05-24,61301275,2026-05-24T15:00:00Z,,live_capture,Bet365,England - Premier League,ANYTIME_ASSIST,Liverpool FC,Brentford FC,Ibrahima Konate,,9.0000,odds_api_io,event_id=61301275;market=Player To Score or Assist;selection=Ibrahima Konate (Assist) (1)
2026-05-21T21:15:41Z,2026-05-24,61301275,2026-05-24T15:00:00Z,,live_capture,Bet365,England - Premier League,ANYTIME_ASSIST,Liverpool FC,Brentford FC,Talla Ndiaye,,9.0000,odds_api_io,event_id=61301275;market=Player To Score or Assist;selection=Talla Ndiaye (Assist) (1)
2026-05-21T21:15:41Z,2026-05-24,61301275,2026-05-24T15:00:00Z,,live_capture,Bet365,England - Premier League,ANYTIME_ASSIST,Liverpool FC,Brentford FC,Michael Kayode,,8.0000,odds_api_io,event_id=61301275;market=Player To Score or Assist;selection=Michael Kayode (Assist) (2)
2026-05-21T21:15:41Z,2026-05-24,61301275,2026-05-24T15:00:00Z,,live_capture,Bet365,England - Premier League,ANYTIME_ASSIST,Liverpool FC,Brentford FC,Kevin Schade,,6.0000,odds_api_io,event_id=61301275;market=Player To Score or Assist;selection=Kevin Schade (Assist) (2)
2026-05-21T21:15:41Z,2026-05-24,61301275,2026-05-24T15:00:00Z,,live_capture,Bet365,England - Premier League,ANYTIME_ASSIST,Liverpool FC,Brentford FC,Mohamed Salah,,3.5000,odds_api_io,event_id=61301275;market=Player To Score or Assist;selection=Mohamed Salah (Assist) (1)
2026-05-21T21:15:41Z,2026-05-24,61301275,2026-05-24T15:00:00Z,,live_capture,Bet365,England - Premier League,ANYTIME_ASSIST,Liverpool FC,Brentford FC,Alexander Isak,,5.0000,odds_api_io,event_id=61301275;market=Player To Score or Assist;selection=Alexander Isak (Assist) (1)
2026-05-21T21:15:41Z,2026-05-24,61301275,2026-05-24T15:00:00Z,,live_capture,Bet365,England - Premier League,ANYTIME_ASSIST,Liverpool FC,Brentford FC,Rio Ngumoha,,4.5000,odds_api_io,event_id=61301275;market=Player To Score or Assist;selection=Rio Ngumoha (Assist) (1)
2026-05-21T21:15:41Z,2026-05-24,61301275,2026-05-24T15:00:00Z,,live_capture,Bet365,England - Premier League,ANYTIME_ASSIST,Liverpool FC,Brentford FC,Federico Chiesa,,4.3330,odds_api_io,event_id=61301275;market=Player To Score or Assist;selection=Federico Chiesa (Assist) (1)
2026-05-21T21:15:41Z,2026-05-24,61301275,2026-05-24T15:00:00Z,,live_capture,Bet365,England - Premier League,ANYTIME_ASSIST,Liverpool FC,Brentford FC,Florian Wirtz,,4.0000,odds_api_io,event_id=61301275;market=Player To Score or Assist;selection=Florian Wirtz (Assist) (1)
2026-05-21T21:15:41Z,2026-05-24,61301275,2026-05-24T15:00:00Z,,live_capture,Bet365,England - Premier League,ANYTIME_ASSIST,Liverpool FC,Brentford FC,Will Wright,,7.5000,odds_api_io,event_id=61301275;market=Player To Score or Assist;selection=Will Wright (Assist) (1)
2026-05-21T21:15:41Z,2026-05-24,61301275,2026-05-24T15:00:00Z,,live_capture,Bet365,England - Premier League,ANYTIME_ASSIST,Liverpool FC,Brentford FC,Cody Gakpo,,4.5000,odds_api_io,event_id=61301275;market=Player To Score or Assist;selection=Cody Gakpo (Assist) (1)
2026-05-21T21:15:41Z,2026-05-24,61301275,2026-05-24T15:00:00Z,,live_capture,Bet365,England - Premier League,ANYTIME_ASSIST,Liverpool FC,Brentford FC,Kaye Furo,,6.5000,odds_api_io,event_id=61301275;market=Player To Score or Assist;selection=Kaye Furo (Assist) (2)
2026-05-21T21:15:41Z,2026-05-24,61301275,2026-05-24T15:00:00Z,,live_capture,Bet365,England - Premier League,ANYTIME_ASSIST,Liverpool FC,Brentford FC,Reiss Nelson,,6.0000,odds_api_io,event_id=61301275;market=Player To Score or Assist;selection=Reiss Nelson (Assist) (2)
2026-05-21T21:15:41Z,2026-05-24,61301275,2026-05-24T15:00:00Z,,live_capture,Bet365,England - Premier League,ANYTIME_ASSIST,Liverpool FC,Brentford FC,Kieran Morrison,,4.5000,odds_api_io,event_id=61301275;market=Player To Score or Assist;selection=Kieran Morrison (Assist) (1)
2026-05-21T21:15:41Z,2026-05-24,61301275,2026-05-24T15:00:00Z,,live_capture,Bet365,England - Premier League,ANYTIME_ASSIST,Liverpool FC,Brentford FC,Alexis Mac Allister,,5.0000,odds_api_io,event_id=61301275;market=Player To Score or Assist;selection=Alexis Mac Allister (Assist) (1)
2026-05-21T21:15:41Z,2026-05-24,61301275,2026-05-24T15:00:00Z,,live_capture,Bet365,England - Premier League,ANYTIME_ASSIST,Liverpool FC,Brentford FC,Romelle Donovan,,8.5000,odds_api_io,event_id=61301275;market=Player To Score or Assist;selection=Romelle Donovan (Assist) (2)
2026-05-21T21:15:41Z,2026-05-24,61301275,2026-05-24T15:00:00Z,,live_capture,Bet365,England - Premier League,ANYTIME_ASSIST,Liverpool FC,Brentford FC,Curtis Jones,,6.5000,odds_api_io,event_id=61301275;market=Player To Score or Assist;selection=Curtis Jones (Assist) (1)
2026-05-21T21:15:41Z,2026-05-24,61301275,2026-05-24T15:00:00Z,,live_capture,Bet365,England - Premier League,ANYTIME_ASSIST,Liverpool FC,Brentford FC,Trey Nyoni,,7.5000,odds_api_io,event_id=61301275;market=Player To Score or Assist;selection=Trey Nyoni (Assist) (1)
2026-05-21T21:15:41Z,2026-05-24,61301275,2026-05-24T15:00:00Z,,live_capture,Bet365,England - Premier League,ANYTIME_ASSIST,Liverpool FC,Brentford FC,Andrew Robertson,,5.5000,odds_api_io,event_id=61301275;market=Player To Score or Assist;selection=Andrew Robertson (Assist) (1)
2026-05-21T21:15:41Z,2026-05-24,61301275,2026-05-24T15:00:00Z,,live_capture,Bet365,England - Premier League,ANYTIME_ASSIST,Liverpool FC,Brentford FC,Keane Lewis-Potter,,7.0000,odds_api_io,event_id=61301275;market=Player To Score or Assist;selection=Keane Lewis-Potter (Assist) (2)
2026-05-21T21:15:41Z,2026-05-24,61301275,2026-05-24T15:00:00Z,,live_capture,Bet365,England - Premier League,ANYTIME_ASSIST,Liverpool FC,Brentford FC,Josh Dasilva,,7.0000,odds_api_io,event_id=61301275;market=Player To Score or Assist;selection=Josh Dasilva (Assist) (2)
2026-05-21T21:15:41Z,2026-05-24,61301275,2026-05-24T15:00:00Z,,live_capture,Bet365,England - Premier League,ANYTIME_ASSIST,Liverpool FC,Brentford FC,Milos Kerkez,,7.0000,odds_api_io,event_id=61301275;market=Player To Score or Assist;selection=Milos Kerkez (Assist) (1)
2026-05-21T21:15:41Z,2026-05-24,61301275,2026-05-24T15:00:00Z,,live_capture,Bet365,England - Premier League,ANYTIME_ASSIST,Liverpool FC,Brentford FC,Ollie Shield,,10.0000,odds_api_io,event_id=61301275;market=Player To Score or Assist;selection=Ollie Shield (Assist) (2)
2026-05-21T21:15:41Z,2026-05-24,61301275,2026-05-24T15:00:00Z,,live_capture,Bet365,England - Premier League,ANYTIME_ASSIST,Liverpool FC,Brentford FC,Vitaly Janelt,,7.0000,odds_api_io,event_id=61301275;market=Player To Score or Assist;selection=Vitaly Janelt (Assist) (2)
2026-05-21T21:15:41Z,2026-05-24,61301275,2026-05-24T15:00:00Z,,live_capture,Bet365,England - Premier League,ANYTIME_ASSIST,Liverpool FC,Brentford FC,Virgil van Dijk,,8.5000,odds_api_io,event_id=61301275;market=Player To Score or Assist;selection=Virgil van Dijk (Assist) (1)
2026-05-21T21:15:41Z,2026-05-24,61301275,2026-05-24T15:00:00Z,,live_capture,Bet365,England - Premier League,ANYTIME_ASSIST,Liverpool FC,Brentford FC,Yegor Yarmolyuk,,8.0000,odds_api_io,event_id=61301275;market=Player To Score or Assist;selection=Yegor Yarmolyuk (Assist) (2)
2026-05-21T21:15:41Z,2026-05-24,61301275,2026-05-24T15:00:00Z,,live_capture,Bet365,England - Premier League,ANYTIME_ASSIST,Liverpool FC,Brentford FC,Jordan Henderson,,7.5000,odds_api_io,event_id=61301275;market=Player To Score or Assist;selection=Jordan Henderson (Assist) (2)
2026-05-21T21:15:41Z,2026-05-24,61301275,2026-05-24T15:00:00Z,,live_capture,Bet365,England - Premier League,ANYTIME_ASSIST,Liverpool FC,Brentford FC,Kristoffer Ajer,,10.0000,odds_api_io,event_id=61301275;market=Player To Score or Assist;selection=Kristoffer Ajer (Assist) (2)
2026-05-21T21:15:41Z,2026-05-24,61301275,2026-05-24T15:00:00Z,,live_capture,Bet365,England - Premier League,ANYTIME_ASSIST,Liverpool FC,Brentford FC,Nathan Collins,,13.0000,odds_api_io,event_id=61301275;market=Player To Score or Assist;selection=Nathan Collins (Assist) (2)
2026-05-21T21:15:41Z,2026-05-24,61301275,2026-05-24T15:00:00Z,,live_capture,Bet365,England - Premier League,ANYTIME_ASSIST,Liverpool FC,Brentford FC,Sepp van den Berg,,13.0000,odds_api_io,event_id=61301275;market=Player To Score or Assist;selection=Sepp van den Berg (Assist) (2)
2026-05-21T21:15:41Z,2026-05-24,61301275,2026-05-24T15:00:00Z,,live_capture,Bet365,England - Premier League,ANYTIME_ASSIST,Liverpool FC,Brentford FC,Aaron Hickey,,16.0000,odds_api_io,event_id=61301275;market=Player To Score or Assist;selection=Aaron Hickey (Assist) (2)
2026-05-21T21:15:41Z,2026-05-24,61301275,2026-05-24T15:00:00Z,,live_capture,Bet365,England - Premier League,ANYTIME_ASSIST,Liverpool FC,Brentford FC,Ethan Pinnock,,16.0000,odds_api_io,event_id=61301275;market=Player To Score or Assist;selection=Ethan Pinnock (Assist) (2)
2026-05-21T21:15:41Z,2026-05-24,61301275,2026-05-24T15:00:00Z,,live_capture,Bet365,England - Premier League,ANYTIME_ASSIST,Liverpool FC,Brentford FC,Mikkel Damsgaard,,4.3330,odds_api_io,event_id=61301275;market=Player To Score or Assist;selection=Mikkel Damsgaard (Assist) (2)
2026-05-21T21:15:41Z,2026-05-24,61301275,2026-05-24T15:00:00Z,,live_capture,Bet365,England - Premier League,ANYTIME_ASSIST,Liverpool FC,Brentford FC,Dominik Szoboszlai,,4.3330,odds_api_io,event_id=61301275;market=Player To Score or Assist;selection=Dominik Szoboszlai (Assist) (1)
2026-05-21T21:15:41Z,2026-05-24,61301275,2026-05-24T15:00:00Z,,live_capture,Bet365,England - Premier League,ANYTIME_ASSIST,Liverpool FC,Brentford FC,James McConnell,,4.3330,odds_api_io,event_id=61301275;market=Player To Score or Assist;selection=James McConnell (Assist) (1)
2026-05-21T21:15:41Z,2026-05-24,61301275,2026-05-24T15:00:00Z,,live_capture,Bet365,England - Premier League,ANYTIME_ASSIST,Liverpool FC,Brentford FC,Jeremie Frimpong,,4.5000,odds_api_io,event_id=61301275;market=Player To Score or Assist;selection=Jeremie Frimpong (Assist) (1)
2026-05-21T21:15:41Z,2026-05-24,61301275,2026-05-24T15:00:00Z,,live_capture,Bet365,England - Premier League,ANYTIME_ASSIST,Liverpool FC,Brentford FC,Mathias Jensen,,5.5000,odds_api_io,event_id=61301275;market=Player To Score or Assist;selection=Mathias Jensen (Assist) (2)
2026-05-21T21:15:41Z,2026-05-24,61301275,2026-05-24T15:00:00Z,,live_capture,Bet365,England - Premier League,ANYTIME_ASSIST,Liverpool FC,Brentford FC,Ryan Gravenberch,,6.5000,odds_api_io,event_id=61301275;market=Player To Score or Assist;selection=Ryan Gravenberch (Assist) (1)
2026-05-21T21:15:41Z,2026-05-24,61301275,2026-05-24T15:00:00Z,,live_capture,Bet365,England - Premier League,ANYTIME_ASSIST,Liverpool FC,Brentford FC,Joe Gomez,,6.5000,odds_api_io,event_id=61301275;market=Player To Score or Assist;selection=Joe Gomez (Assist) (1)
2026-05-21T21:15:41Z,2026-05-24,61301273,2026-05-24T15:00:00Z,,live_capture,Bet365,England - Premier League,ANYTIME_ASSIST,Fulham FC,Newcastle United,Anthony Gordon,,4.5000,odds_api_io,event_id=61301273;market=Player To Score or Assist;selection=Anthony Gordon (Assist) (2)
2026-05-21T21:15:41Z,2026-05-24,61301273,2026-05-24T15:00:00Z,,live_capture,Bet365,England - Premier League,ANYTIME_ASSIST,Fulham FC,Newcastle United,Harvey Barnes,,4.5000,odds_api_io,event_id=61301273;market=Player To Score or Assist;selection=Harvey Barnes (Assist) (2)
2026-05-21T21:15:41Z,2026-05-24,61301273,2026-05-24T15:00:00Z,,live_capture,Bet365,England - Premier League,ANYTIME_ASSIST,Fulham FC,Newcastle United,Raul Jimenez,,7.0000,odds_api_io,event_id=61301273;market=Player To Score or Assist;selection=Raul Jimenez (Assist) (1)
2026-05-21T21:15:41Z,2026-05-24,61301273,2026-05-24T15:00:00Z,,live_capture,Bet365,England - Premier League,ANYTIME_ASSIST,Fulham FC,Newcastle United,Yoane Wissa,,7.0000,odds_api_io,event_id=61301273;market=Player To Score or Assist;selection=Yoane Wissa (Assist) (2)
2026-05-21T21:15:41Z,2026-05-24,61301273,2026-05-24T15:00:00Z,,live_capture,Bet365,England - Premier League,ANYTIME_ASSIST,Fulham FC,Newcastle United,Emile Smith Rowe,,7.0000,odds_api_io,event_id=61301273;market=Player To Score or Assist;selection=Emile Smith Rowe (Assist) (1)
2026-05-21T21:15:41Z,2026-05-24,61301273,2026-05-24T15:00:00Z,,live_capture,Bet365,England - Premier League,ANYTIME_ASSIST,Fulham FC,Newcastle United,William Osula,,8.0000,odds_api_io,event_id=61301273;market=Player To Score or Assist;selection=William Osula (Assist) (2)
2026-05-21T21:15:41Z,2026-05-24,61301273,2026-05-24T15:00:00Z,,live_capture,Bet365,England - Premier League,ANYTIME_ASSIST,Fulham FC,Newcastle United,Anthony Elanga,,4.5000,odds_api_io,event_id=61301273;market=Player To Score or Assist;selection=Anthony Elanga (Assist) (2)
2026-05-21T21:15:41Z,2026-05-24,61301273,2026-05-24T15:00:00Z,,live_capture,Bet365,England - Premier League,ANYTIME_ASSIST,Fulham FC,Newcastle United,Jacob Murphy,,4.5000,odds_api_io,event_id=61301273;market=Player To Score or Assist;selection=Jacob Murphy (Assist) (2)
2026-05-21T21:15:41Z,2026-05-24,61301273,2026-05-24T15:00:00Z,,live_capture,Bet365,England - Premier League,ANYTIME_ASSIST,Fulham FC,Newcastle United,Bruno Guimaraes,,6.0000,odds_api_io,event_id=61301273;market=Player To Score or Assist;selection=Bruno Guimaraes (Assist) (2)
2026-05-21T21:15:41Z,2026-05-24,61301273,2026-05-24T15:00:00Z,,live_capture,Bet365,England - Premier League,ANYTIME_ASSIST,Fulham FC,Newcastle United,Tom Cairney,,5.5000,odds_api_io,event_id=61301273;market=Player To Score or Assist;selection=Tom Cairney (Assist) (1)
2026-05-21T21:15:41Z,2026-05-24,61301273,2026-05-24T15:00:00Z,,live_capture,Bet365,England - Premier League,ANYTIME_ASSIST,Fulham FC,Newcastle United,Sandro Tonali,,5.0000,odds_api_io,event_id=61301273;market=Player To Score or Assist;selection=Sandro Tonali (Assist) (2)
2026-05-21T21:15:41Z,2026-05-24,61301273,2026-05-24T15:00:00Z,,live_capture,Bet365,England - Premier League,ANYTIME_ASSIST,Fulham FC,Newcastle United,Jacob Ramsey,,7.0000,odds_api_io,event_id=61301273;market=Player To Score or Assist;selection=Jacob Ramsey (Assist) (2)
2026-05-21T21:15:41Z,2026-05-24,61301273,2026-05-24T15:00:00Z,,live_capture,Bet365,England - Premier League,ANYTIME_ASSIST,Fulham FC,Newcastle United,Joe Willock,,7.0000,odds_api_io,event_id=61301273;market=Player To Score or Assist;selection=Joe Willock (Assist) (2)
2026-05-21T21:15:41Z,2026-05-24,61301273,2026-05-24T15:00:00Z,,live_capture,Bet365,England - Premier League,ANYTIME_ASSIST,Fulham FC,Newcastle United,Antonee Robinson,,6.5000,odds_api_io,event_id=61301273;market=Player To Score or Assist;selection=Antonee Robinson (Assist) (1)
2026-05-21T21:15:41Z,2026-05-24,61301273,2026-05-24T15:00:00Z,,live_capture,Bet365,England - Premier League,ANYTIME_ASSIST,Fulham FC,Newcastle United,Kenny Tete,,10.0000,odds_api_io,event_id=61301273;market=Player To Score or Assist;selection=Kenny Tete (Assist) (1)
2026-05-21T21:15:41Z,2026-05-24,61301273,2026-05-24T15:00:00Z,,live_capture,Bet365,England - Premier League,ANYTIME_ASSIST,Fulham FC,Newcastle United,Dan Burn,,12.0000,odds_api_io,event_id=61301273;market=Player To Score or Assist;selection=Dan Burn (Assist) (2)
2026-05-21T21:15:41Z,2026-05-24,61301273,2026-05-24T15:00:00Z,,live_capture,Bet365,England - Premier League,ANYTIME_ASSIST,Fulham FC,Newcastle United,Malick Thiaw,,17.0000,odds_api_io,event_id=61301273;market=Player To Score or Assist;selection=Malick Thiaw (Assist) (2)
2026-05-21T21:15:41Z,2026-05-24,61301273,2026-05-24T15:00:00Z,,live_capture,Bet365,England - Premier League,ANYTIME_ASSIST,Fulham FC,Newcastle United,Calvin Bassey,,17.0000,odds_api_io,event_id=61301273;market=Player To Score or Assist;selection=Calvin Bassey (Assist) (1)
2026-05-21T21:15:41Z,2026-05-24,61301273,2026-05-24T15:00:00Z,,live_capture,Bet365,England - Premier League,ANYTIME_ASSIST,Fulham FC,Newcastle United,Issa Diop,,17.0000,odds_api_io,event_id=61301273;market=Player To Score or Assist;selection=Issa Diop (Assist) (1)
2026-05-21T21:15:41Z,2026-05-24,61301273,2026-05-24T15:00:00Z,,live_capture,Bet365,England - Premier League,ANYTIME_ASSIST,Fulham FC,Newcastle United,Lewis Hall,,5.0000,odds_api_io,event_id=61301273;market=Player To Score or Assist;selection=Lewis Hall (Assist) (2)
2026-05-21T21:15:41Z,2026-05-24,61301273,2026-05-24T15:00:00Z,,live_capture,Bet365,England - Premier League,ANYTIME_ASSIST,Fulham FC,Newcastle United,Kieran Trippier,,4.5000,odds_api_io,event_id=61301273;market=Player To Score or Assist;selection=Kieran Trippier (Assist) (2)
2026-05-21T21:15:41Z,2026-05-24,61301273,2026-05-24T15:00:00Z,,live_capture,Bet365,England - Premier League,ANYTIME_ASSIST,Fulham FC,Newcastle United,Sasa Lukic,,5.5000,odds_api_io,event_id=61301273;market=Player To Score or Assist;selection=Sasa Lukic (Assist) (1)
2026-05-21T21:15:41Z,2026-05-24,61301273,2026-05-24T15:00:00Z,,live_capture,Bet365,England - Premier League,ANYTIME_ASSIST,Fulham FC,Newcastle United,Rodrigo Muniz,,7.0000,odds_api_io,event_id=61301273;market=Player To Score or Assist;selection=Rodrigo Muniz (Assist) (1)
2026-05-21T21:15:41Z,2026-05-24,61301273,2026-05-24T15:00:00Z,,live_capture,Bet365,England - Premier League,ANYTIME_ASSIST,Fulham FC,Newcastle United,Nick Woltemade,,5.0000,odds_api_io,event_id=61301273;market=Player To Score or Assist;selection=Nick Woltemade (Assist) (2)
2026-05-21T21:15:41Z,2026-05-24,61301273,2026-05-24T15:00:00Z,,live_capture,Bet365,England - Premier League,ANYTIME_ASSIST,Fulham FC,Newcastle United,Oscar Bobb,,5.0000,odds_api_io,event_id=61301273;market=Player To Score or Assist;selection=Oscar Bobb (Assist) (1)
2026-05-21T21:15:41Z,2026-05-24,61301273,2026-05-24T15:00:00Z,,live_capture,Bet365,England - Premier League,ANYTIME_ASSIST,Fulham FC,Newcastle United,Harrison Reed,,8.0000,odds_api_io,event_id=61301273;market=Player To Score or Assist;selection=Harrison Reed (Assist) (1)
2026-05-21T21:15:41Z,2026-05-24,61301273,2026-05-24T15:00:00Z,,live_capture,Bet365,England - Premier League,ANYTIME_ASSIST,Fulham FC,Newcastle United,Timothy Castagne,,10.0000,odds_api_io,event_id=61301273;market=Player To Score or Assist;selection=Timothy Castagne (Assist) (1)
2026-05-21T21:15:41Z,2026-05-24,61301273,2026-05-24T15:00:00Z,,live_capture,Bet365,England - Premier League,ANYTIME_ASSIST,Fulham FC,Newcastle United,Sander Berge,,10.0000,odds_api_io,event_id=61301273;market=Player To Score or Assist;selection=Sander Berge (Assist) (1)
2026-05-21T21:15:41Z,2026-05-24,61301273,2026-05-24T15:00:00Z,,live_capture,Bet365,England - Premier League,ANYTIME_ASSIST,Fulham FC,Newcastle United,Joachim Andersen,,12.0000,odds_api_io,event_id=61301273;market=Player To Score or Assist;selection=Joachim Andersen (Assist) (1)
2026-05-21T21:15:41Z,2026-05-24,61301273,2026-05-24T15:00:00Z,,live_capture,Bet365,England - Premier League,ANYTIME_ASSIST,Fulham FC,Newcastle United,Joshua King,,6.0000,odds_api_io,event_id=61301273;market=Player To Score or Assist;selection=Joshua King (Assist) (1)
2026-05-21T21:15:41Z,2026-05-24,61301273,2026-05-24T15:00:00Z,,live_capture,Bet365,England - Premier League,ANYTIME_ASSIST,Fulham FC,Newcastle United,Joelinton,,6.0000,odds_api_io,event_id=61301273;market=Player To Score or Assist;selection=Joelinton (Assist) (2)
2026-05-21T21:15:41Z,2026-05-24,61301273,2026-05-24T15:00:00Z,,live_capture,Bet365,England - Premier League,ANYTIME_ASSIST,Fulham FC,Newcastle United,Jorge Cuenca,,13.0000,odds_api_io,event_id=61301273;market=Player To Score or Assist;selection=Jorge Cuenca (Assist) (1)
2026-05-21T21:15:41Z,2026-05-24,61301273,2026-05-24T15:00:00Z,,live_capture,Bet365,England - Premier League,ANYTIME_ASSIST,Fulham FC,Newcastle United,Jonah Kusi-Asare,,6.5000,odds_api_io,event_id=61301273;market=Player To Score or Assist;selection=Jonah Kusi-Asare (Assist) (1)
2026-05-21T21:15:41Z,2026-05-24,61301273,2026-05-24T15:00:00Z,,live_capture,Bet365,England - Premier League,ANYTIME_ASSIST,Fulham FC,Newcastle United,Ryan Sessegnon,,6.5000,odds_api_io,event_id=61301273;market=Player To Score or Assist;selection=Ryan Sessegnon (Assist) (1)
2026-05-21T21:15:41Z,2026-05-24,61301273,2026-05-24T15:00:00Z,,live_capture,Bet365,England - Premier League,ANYTIME_ASSIST,Fulham FC,Newcastle United,Harry Wilson,,5.5000,odds_api_io,event_id=61301273;market=Player To Score or Assist;selection=Harry Wilson (Assist) (1)
2026-05-21T21:15:41Z,2026-05-24,61301273,2026-05-24T15:00:00Z,,live_capture,Bet365,England - Premier League,ANYTIME_ASSIST,Fulham FC,Newcastle United,Alex Iwobi,,4.5000,odds_api_io,event_id=61301273;market=Player To Score or Assist;selection=Alex Iwobi (Assist) (1)
2026-05-21T21:15:41Z,2026-05-24,61301273,2026-05-24T15:00:00Z,,live_capture,Bet365,England - Premier League,ANYTIME_ASSIST,Fulham FC,Newcastle United,Samuel Chukwueze,,5.5000,odds_api_io,event_id=61301273;market=Player To Score or Assist;selection=Samuel Chukwueze (Assist) (1)
2026-05-21T21:15:41Z,2026-05-24,61301273,2026-05-24T15:00:00Z,,live_capture,Bet365,England - Premier League,ANYTIME_ASSIST,Fulham FC,Newcastle United,Sean Neave,,8.5000,odds_api_io,event_id=61301273;market=Player To Score or Assist;selection=Sean Neave (Assist) (2)
2026-05-21T21:15:41Z,2026-05-24,61301273,2026-05-24T15:00:00Z,,live_capture,Bet365,England - Premier League,ANYTIME_ASSIST,Fulham FC,Newcastle United,Alex Murphy,,13.0000,odds_api_io,event_id=61301273;market=Player To Score or Assist;selection=Alex Murphy (Assist) (2)
2026-05-21T21:15:41Z,2026-05-24,61301269,2026-05-24T15:00:00Z,,live_capture,Bet365,England - Premier League,ANYTIME_ASSIST,Burnley FC,Wolverhampton Wanderers,Mateus Mane,,7.0000,odds_api_io,event_id=61301269;market=Player To Score or Assist;selection=Mateus Mane (Assist) (2)
2026-05-21T21:15:41Z,2026-05-24,61301269,2026-05-24T15:00:00Z,,live_capture,Bet365,England - Premier League,ANYTIME_ASSIST,Burnley FC,Wolverhampton Wanderers,Ashley Barnes,,8.5000,odds_api_io,event_id=61301269;market=Player To Score or Assist;selection=Ashley Barnes (Assist) (1)
2026-05-21T21:15:41Z,2026-05-24,61301269,2026-05-24T15:00:00Z,,live_capture,Bet365,England - Premier League,ANYTIME_ASSIST,Burnley FC,Wolverhampton Wanderers,Hannibal Mejbri,,5.0000,odds_api_io,event_id=61301269;market=Player To Score or Assist;selection=Hannibal Mejbri (Assist) (1)
2026-05-21T21:15:41Z,2026-05-24,61301269,2026-05-24T15:00:00Z,,live_capture,Bet365,England - Premier League,ANYTIME_ASSIST,Burnley FC,Wolverhampton Wanderers,Tom Edozie,,7.5000,odds_api_io,event_id=61301269;market=Player To Score or Assist;selection=Tom Edozie (Assist) (2)
2026-05-21T21:15:41Z,2026-05-24,61301269,2026-05-24T15:00:00Z,,live_capture,Bet365,England - Premier League,ANYTIME_ASSIST,Burnley FC,Wolverhampton Wanderers,Lucas Pires,,6.0000,odds_api_io,event_id=61301269;market=Player To Score or Assist;selection=Lucas Pires (Assist) (1)
2026-05-21T21:15:41Z,2026-05-24,61301269,2026-05-24T15:00:00Z,,live_capture,Bet365,England - Premier League,ANYTIME_ASSIST,Burnley FC,Wolverhampton Wanderers,Jackson Tchatchoua,,6.5000,odds_api_io,event_id=61301269;market=Player To Score or Assist;selection=Jackson Tchatchoua (Assist) (2)
2026-05-21T21:15:41Z,2026-05-24,61301269,2026-05-24T15:00:00Z,,live_capture,Bet365,England - Premier League,ANYTIME_ASSIST,Burnley FC,Wolverhampton Wanderers,Joao Gomes,,10.0000,odds_api_io,event_id=61301269;market=Player To Score or Assist;selection=Joao Gomes (Assist) (2)
2026-05-21T21:15:41Z,2026-05-24,61301269,2026-05-24T15:00:00Z,,live_capture,Bet365,England - Premier League,ANYTIME_ASSIST,Burnley FC,Wolverhampton Wanderers,Hugo Bueno,,7.0000,odds_api_io,event_id=61301269;market=Player To Score or Assist;selection=Hugo Bueno (Assist) (2)
2026-05-21T21:15:41Z,2026-05-24,61301269,2026-05-24T15:00:00Z,,live_capture,Bet365,England - Premier League,ANYTIME_ASSIST,Burnley FC,Wolverhampton Wanderers,David Wolfe,,7.0000,odds_api_io,event_id=61301269;market=Player To Score or Assist;selection=David Wolfe (Assist) (2)
2026-05-21T21:15:41Z,2026-05-24,61301269,2026-05-24T15:00:00Z,,live_capture,Bet365,England - Premier League,ANYTIME_ASSIST,Burnley FC,Wolverhampton Wanderers,Andre Trindade,,7.5000,odds_api_io,event_id=61301269;market=Player To Score or Assist;selection=Andre Trindade (Assist) (2)
2026-05-21T21:15:41Z,2026-05-24,61301269,2026-05-24T15:00:00Z,,live_capture,Bet365,England - Premier League,ANYTIME_ASSIST,Burnley FC,Wolverhampton Wanderers,Luis Florentino,,11.0000,odds_api_io,event_id=61301269;market=Player To Score or Assist;selection=Luis Florentino (Assist) (1)
2026-05-21T21:15:41Z,2026-05-24,61301269,2026-05-24T15:00:00Z,,live_capture,Bet365,England - Premier League,ANYTIME_ASSIST,Burnley FC,Wolverhampton Wanderers,Joe Worrall,,10.0000,odds_api_io,event_id=61301269;market=Player To Score or Assist;selection=Joe Worrall (Assist) (1)
2026-05-21T21:15:41Z,2026-05-24,61301269,2026-05-24T15:00:00Z,,live_capture,Bet365,England - Premier League,ANYTIME_ASSIST,Burnley FC,Wolverhampton Wanderers,Hjalmar Ekdal,,10.0000,odds_api_io,event_id=61301269;market=Player To Score or Assist;selection=Hjalmar Ekdal (Assist) (1)
2026-05-21T21:15:41Z,2026-05-24,61301269,2026-05-24T15:00:00Z,,live_capture,Bet365,England - Premier League,ANYTIME_ASSIST,Burnley FC,Wolverhampton Wanderers,Toluwalase Arokodare,,8.0000,odds_api_io,event_id=61301269;market=Player To Score or Assist;selection=Toluwalase Arokodare (Assist) (2)
2026-05-21T21:15:41Z,2026-05-24,61301269,2026-05-24T15:00:00Z,,live_capture,Bet365,England - Premier League,ANYTIME_ASSIST,Burnley FC,Wolverhampton Wanderers,Rodrigo Gomes,,7.0000,odds_api_io,event_id=61301269;market=Player To Score or Assist;selection=Rodrigo Gomes (Assist) (2)
2026-05-21T21:15:41Z,2026-05-24,61301269,2026-05-24T15:00:00Z,,live_capture,Bet365,England - Premier League,ANYTIME_ASSIST,Burnley FC,Wolverhampton Wanderers,Ladislav Krejci,,10.0000,odds_api_io,event_id=61301269;market=Player To Score or Assist;selection=Ladislav Krejci (Assist) (2)
2026-05-21T21:15:41Z,2026-05-24,61301269,2026-05-24T15:00:00Z,,live_capture,Bet365,England - Premier League,ANYTIME_ASSIST,Burnley FC,Wolverhampton Wanderers,Matt Doherty,,8.0000,odds_api_io,event_id=61301269;market=Player To Score or Assist;selection=Matt Doherty (Assist) (2)
2026-05-21T21:15:41Z,2026-05-24,61301269,2026-05-24T15:00:00Z,,live_capture,Bet365,England - Premier League,ANYTIME_ASSIST,Burnley FC,Wolverhampton Wanderers,Saheed Olagunju,,10.0000,odds_api_io,event_id=61301269;market=Player To Score or Assist;selection=Saheed Olagunju (Assist) (2)
2026-05-21T21:15:41Z,2026-05-24,61301269,2026-05-24T15:00:00Z,,live_capture,Bet365,England - Premier League,ANYTIME_ASSIST,Burnley FC,Wolverhampton Wanderers,Yerson Mosquera,,15.0000,odds_api_io,event_id=61301269;market=Player To Score or Assist;selection=Yerson Mosquera (Assist) (2)
2026-05-21T21:15:41Z,2026-05-24,61301269,2026-05-24T15:00:00Z,,live_capture,Bet365,England - Premier League,ANYTIME_ASSIST,Burnley FC,Wolverhampton Wanderers,Santiago Bueno,,15.0000,odds_api_io,event_id=61301269;market=Player To Score or Assist;selection=Santiago Bueno (Assist) (2)
2026-05-21T21:15:41Z,2026-05-24,61301269,2026-05-24T15:00:00Z,,live_capture,Bet365,England - Premier League,ANYTIME_ASSIST,Burnley FC,Wolverhampton Wanderers,Adam Armstrong,,6.5000,odds_api_io,event_id=61301269;market=Player To Score or Assist;selection=Adam Armstrong (Assist) (2)
2026-05-21T21:15:41Z,2026-05-24,61301269,2026-05-24T15:00:00Z,,live_capture,Bet365,England - Premier League,ANYTIME_ASSIST,Burnley FC,Wolverhampton Wanderers,Hee-Chan Hwang,,6.5000,odds_api_io,event_id=61301269;market=Player To Score or Assist;selection=Hee-Chan Hwang (Assist) (2)
2026-05-21T21:15:41Z,2026-05-24,61301269,2026-05-24T15:00:00Z,,live_capture,Bet365,England - Premier League,ANYTIME_ASSIST,Burnley FC,Wolverhampton Wanderers,Marcus Edwards,,6.0000,odds_api_io,event_id=61301269;market=Player To Score or Assist;selection=Marcus Edwards (Assist) (1)
2026-05-21T21:15:41Z,2026-05-24,61301269,2026-05-24T15:00:00Z,,live_capture,Bet365,England - Premier League,ANYTIME_ASSIST,Burnley FC,Wolverhampton Wanderers,Mike Ndayishimiye,,7.0000,odds_api_io,event_id=61301269;market=Player To Score or Assist;selection=Mike Ndayishimiye (Assist) (1)
2026-05-21T21:15:41Z,2026-05-24,61301269,2026-05-24T15:00:00Z,,live_capture,Bet365,England - Premier League,ANYTIME_ASSIST,Burnley FC,Wolverhampton Wanderers,Loum Tchaouna,,7.0000,odds_api_io,event_id=61301269;market=Player To Score or Assist;selection=Loum Tchaouna (Assist) (1)
2026-05-21T21:15:41Z,2026-05-24,61301269,2026-05-24T15:00:00Z,,live_capture,Bet365,England - Premier League,ANYTIME_ASSIST,Burnley FC,Wolverhampton Wanderers,Angel Gomes,,6.5000,odds_api_io,event_id=61301269;market=Player To Score or Assist;selection=Angel Gomes (Assist) (2)
2026-05-21T21:15:41Z,2026-05-24,61301269,2026-05-24T15:00:00Z,,live_capture,Bet365,England - Premier League,ANYTIME_ASSIST,Burnley FC,Wolverhampton Wanderers,Bashir Humphreys,,7.5000,odds_api_io,event_id=61301269;market=Player To Score or Assist;selection=Bashir Humphreys (Assist) (1)
2026-05-21T21:15:41Z,2026-05-24,61301269,2026-05-24T15:00:00Z,,live_capture,Bet365,England - Premier League,ANYTIME_ASSIST,Burnley FC,Wolverhampton Wanderers,Toti Gomes,,10.0000,odds_api_io,event_id=61301269;market=Player To Score or Assist;selection=Toti Gomes (Assist) (2)
2026-05-21T21:15:41Z,2026-05-24,61301269,2026-05-24T15:00:00Z,,live_capture,Bet365,England - Premier League,ANYTIME_ASSIST,Burnley FC,Wolverhampton Wanderers,Pedro Lima,,9.0000,odds_api_io,event_id=61301269;market=Player To Score or Assist;selection=Pedro Lima (Assist) (2)
2026-05-21T21:15:41Z,2026-05-24,61301269,2026-05-24T15:00:00Z,,live_capture,Bet365,England - Premier League,ANYTIME_ASSIST,Burnley FC,Wolverhampton Wanderers,Kyle Walker,,9.0000,odds_api_io,event_id=61301269;market=Player To Score or Assist;selection=Kyle Walker (Assist) (1)
2026-05-21T21:15:41Z,2026-05-24,61301269,2026-05-24T15:00:00Z,,live_capture,Bet365,England - Premier League,ANYTIME_ASSIST,Burnley FC,Wolverhampton Wanderers,Armando Broja,,6.5000,odds_api_io,event_id=61301269;market=Player To Score or Assist;selection=Armando Broja (Assist) (1)
2026-05-21T21:15:41Z,2026-05-24,61301269,2026-05-24T15:00:00Z,,live_capture,Bet365,England - Premier League,ANYTIME_ASSIST,Burnley FC,Wolverhampton Wanderers,Jaidon Anthony,,5.0000,odds_api_io,event_id=61301269;market=Player To Score or Assist;selection=Jaidon Anthony (Assist) (1)
2026-05-21T21:15:41Z,2026-05-24,61301269,2026-05-24T15:00:00Z,,live_capture,Bet365,England - Premier League,ANYTIME_ASSIST,Burnley FC,Wolverhampton Wanderers,Lyle Foster,,5.0000,odds_api_io,event_id=61301269;market=Player To Score or Assist;selection=Lyle Foster (Assist) (1)
2026-05-21T21:15:41Z,2026-05-24,61301269,2026-05-24T15:00:00Z,,live_capture,Bet365,England - Premier League,ANYTIME_ASSIST,Burnley FC,Wolverhampton Wanderers,Zeki Amdouni,,5.0000,odds_api_io,event_id=61301269;market=Player To Score or Assist;selection=Zeki Amdouni (Assist) (1)
2026-05-21T21:15:41Z,2026-05-24,61301269,2026-05-24T15:00:00Z,,live_capture,Bet365,England - Premier League,ANYTIME_ASSIST,Burnley FC,Wolverhampton Wanderers,James Ward-Prowse,,5.0000,odds_api_io,event_id=61301269;market=Player To Score or Assist;selection=James Ward-Prowse (Assist) (1)
2026-05-21T21:15:41Z,2026-05-24,61301269,2026-05-24T15:00:00Z,,live_capture,Bet365,England - Premier League,ANYTIME_ASSIST,Burnley FC,Wolverhampton Wanderers,Lesley Ugochukwu,,6.5000,odds_api_io,event_id=61301269;market=Player To Score or Assist;selection=Lesley Ugochukwu (Assist) (1)
2026-05-21T21:15:41Z,2026-05-24,61301269,2026-05-24T15:00:00Z,,live_capture,Bet365,England - Premier League,ANYTIME_ASSIST,Burnley FC,Wolverhampton Wanderers,Quilindschy Hartman,,4.5000,odds_api_io,event_id=61301269;market=Player To Score or Assist;selection=Quilindschy Hartman (Assist) (1)
2026-05-21T21:15:41Z,2026-05-24,61301269,2026-05-24T15:00:00Z,,live_capture,Bet365,England - Premier League,ANYTIME_ASSIST,Burnley FC,Wolverhampton Wanderers,Josh Laurent,,6.5000,odds_api_io,event_id=61301269;market=Player To Score or Assist;selection=Josh Laurent (Assist) (1)
2026-05-21T21:15:41Z,2026-05-24,61301269,2026-05-24T15:00:00Z,,live_capture,Bet365,England - Premier League,ANYTIME_ASSIST,Burnley FC,Wolverhampton Wanderers,Axel Tuanzebe,,10.0000,odds_api_io,event_id=61301269;market=Player To Score or Assist;selection=Axel Tuanzebe (Assist) (1)
2026-05-21T21:15:41Z,2026-05-24,61301269,2026-05-24T15:00:00Z,,live_capture,Bet365,England - Premier League,ANYTIME_ASSIST,Burnley FC,Wolverhampton Wanderers,Maxime Esteve,,12.0000,odds_api_io,event_id=61301269;market=Player To Score or Assist;selection=Maxime Esteve (Assist) (1)
2026-05-21T21:15:41Z,2026-05-24,61301269,2026-05-24T15:00:00Z,,live_capture,Bet365,England - Premier League,ANYTIME_ASSIST,Burnley FC,Wolverhampton Wanderers,Zian Flemming,,5.5000,odds_api_io,event_id=61301269;market=Player To Score or Assist;selection=Zian Flemming (Assist) (1)
2026-05-21T21:15:41Z,2026-05-24,61301269,2026-05-24T15:00:00Z,,live_capture,Bet365,England - Premier League,ANYTIME_ASSIST,Burnley FC,Wolverhampton Wanderers,Jacob Bruun Larsen,,4.5000,odds_api_io,event_id=61301269;market=Player To Score or Assist;selection=Jacob Bruun Larsen (Assist) (1)
2026-05-21T21:15:41Z,2026-05-24,61301269,2026-05-24T15:00:00Z,,live_capture,Bet365,England - Premier League,ANYTIME_ASSIST,Burnley FC,Wolverhampton Wanderers,Jeanricner Bellegarde,,6.0000,odds_api_io,event_id=61301269;market=Player To Score or Assist;selection=Jeanricner Bellegarde (Assist) (2)
2026-05-21T21:15:41Z,2026-05-24,61301283,2026-05-24T15:00:00Z,,live_capture,Bet365,England - Premier League,ANYTIME_ASSIST,Tottenham Hotspur,Everton FC,Iliman-Cheikh Ndiaye,,6.5000,odds_api_io,event_id=61301283;market=Player To Score or Assist;selection=Iliman-Cheikh Ndiaye (Assist) (2)
2026-05-21T21:15:41Z,2026-05-24,61301283,2026-05-24T15:00:00Z,,live_capture,Bet365,England - Premier League,ANYTIME_ASSIST,Tottenham Hotspur,Everton FC,Merlin Rohl,,6.5000,odds_api_io,event_id=61301283;market=Player To Score or Assist;selection=Merlin Rohl (Assist) (2)
2026-05-21T21:15:41Z,2026-05-24,61301283,2026-05-24T15:00:00Z,,live_capture,Bet365,England - Premier League,ANYTIME_ASSIST,Tottenham Hotspur,Everton FC,Joao Palhinha,,11.0000,odds_api_io,event_id=61301283;market=Player To Score or Assist;selection=Joao Palhinha (Assist) (1)
2026-05-21T21:15:41Z,2026-05-24,61301283,2026-05-24T15:00:00Z,,live_capture,Bet365,England - Premier League,ANYTIME_ASSIST,Tottenham Hotspur,Everton FC,Timothy Iroegbunam,,12.0000,odds_api_io,event_id=61301283;market=Player To Score or Assist;selection=Timothy Iroegbunam (Assist) (2)
2026-05-21T21:15:41Z,2026-05-24,61301283,2026-05-24T15:00:00Z,,live_capture,Bet365,England - Premier League,ANYTIME_ASSIST,Tottenham Hotspur,Everton FC,Idrissa Gueye,,12.0000,odds_api_io,event_id=61301283;market=Player To Score or Assist;selection=Idrissa Gueye (Assist) (2)
2026-05-21T21:15:41Z,2026-05-24,61301283,2026-05-24T15:00:00Z,,live_capture,Bet365,England - Premier League,ANYTIME_ASSIST,Tottenham Hotspur,Everton FC,Kevin Danso,,11.0000,odds_api_io,event_id=61301283;market=Player To Score or Assist;selection=Kevin Danso (Assist) (1)
2026-05-21T21:15:41Z,2026-05-24,61301283,2026-05-24T15:00:00Z,,live_capture,Bet365,England - Premier League,ANYTIME_ASSIST,Tottenham Hotspur,Everton FC,Conor Gallagher,,5.5000,odds_api_io,event_id=61301283;market=Player To Score or Assist;selection=Conor Gallagher (Assist) (1)
2026-05-21T21:15:41Z,2026-05-24,61301283,2026-05-24T15:00:00Z,,live_capture,Bet365,England - Premier League,ANYTIME_ASSIST,Tottenham Hotspur,Everton FC,Lucas Bergvall,,8.0000,odds_api_io,event_id=61301283;market=Player To Score or Assist;selection=Lucas Bergvall (Assist) (1)
2026-05-21T21:15:41Z,2026-05-24,61301283,2026-05-24T15:00:00Z,,live_capture,Bet365,England - Premier League,ANYTIME_ASSIST,Tottenham Hotspur,Everton FC,Callum Olusesi,,10.0000,odds_api_io,event_id=61301283;market=Player To Score or Assist;selection=Callum Olusesi (Assist) (1)
2026-05-21T21:15:41Z,2026-05-24,61301283,2026-05-24T15:00:00Z,,live_capture,Bet365,England - Premier League,ANYTIME_ASSIST,Tottenham Hotspur,Everton FC,Yves Bissouma,,10.0000,odds_api_io,event_id=61301283;market=Player To Score or Assist;selection=Yves Bissouma (Assist) (1)
2026-05-21T21:15:41Z,2026-05-24,61301283,2026-05-24T15:00:00Z,,live_capture,Bet365,England - Premier League,ANYTIME_ASSIST,Tottenham Hotspur,Everton FC,Micky van de Ven,,15.0000,odds_api_io,event_id=61301283;market=Player To Score or Assist;selection=Micky van de Ven (Assist) (1)
2026-05-21T21:15:41Z,2026-05-24,61301283,2026-05-24T15:00:00Z,,live_capture,Bet365,England - Premier League,ANYTIME_ASSIST,Tottenham Hotspur,Everton FC,Djed Spence,,9.0000,odds_api_io,event_id=61301283;market=Player To Score or Assist;selection=Djed Spence (Assist) (1)
2026-05-21T21:15:41Z,2026-05-24,61301283,2026-05-24T15:00:00Z,,live_capture,Bet365,England - Premier League,ANYTIME_ASSIST,Tottenham Hotspur,Everton FC,James Rowswell,,10.0000,odds_api_io,event_id=61301283;market=Player To Score or Assist;selection=James Rowswell (Assist) (1)
2026-05-21T21:15:41Z,2026-05-24,61301283,2026-05-24T15:00:00Z,,live_capture,Bet365,England - Premier League,ANYTIME_ASSIST,Tottenham Hotspur,Everton FC,Vitaliy Mykolenko,,11.0000,odds_api_io,event_id=61301283;market=Player To Score or Assist;selection=Vitaliy Mykolenko (Assist) (2)
2026-05-21T21:15:41Z,2026-05-24,61301283,2026-05-24T15:00:00Z,,live_capture,Bet365,England - Premier League,ANYTIME_ASSIST,Tottenham Hotspur,Everton FC,Radu Dragusin,,21.0000,odds_api_io,event_id=61301283;market=Player To Score or Assist;selection=Radu Dragusin (Assist) (1)
2026-05-21T21:15:41Z,2026-05-24,61301283,2026-05-24T15:00:00Z,,live_capture,Bet365,England - Premier League,ANYTIME_ASSIST,Tottenham Hotspur,Everton FC,Randal Muani,,7.0000,odds_api_io,event_id=61301283;market=Player To Score or Assist;selection=Randal Muani (Assist) (1)
2026-05-21T21:15:41Z,2026-05-24,61301283,2026-05-24T15:00:00Z,,live_capture,Bet365,England - Premier League,ANYTIME_ASSIST,Tottenham Hotspur,Everton FC,James Maddison,,4.3330,odds_api_io,event_id=61301283;market=Player To Score or Assist;selection=James Maddison (Assist) (1)
2026-05-21T21:15:41Z,2026-05-24,61301283,2026-05-24T15:00:00Z,,live_capture,Bet365,England - Premier League,ANYTIME_ASSIST,Tottenham Hotspur,Everton FC,Tyler Dibling,,7.5000,odds_api_io,event_id=61301283;market=Player To Score or Assist;selection=Tyler Dibling (Assist) (2)
2026-05-21T21:15:41Z,2026-05-24,61301283,2026-05-24T15:00:00Z,,live_capture,Bet365,England - Premier League,ANYTIME_ASSIST,Tottenham Hotspur,Everton FC,Michael Keane,,17.0000,odds_api_io,event_id=61301283;market=Player To Score or Assist;selection=Michael Keane (Assist) (2)
2026-05-21T21:15:41Z,2026-05-24,61301283,2026-05-24T15:00:00Z,,live_capture,Bet365,England - Premier League,ANYTIME_ASSIST,Tottenham Hotspur,Everton FC,Jarrad Branthwaite,,17.0000,odds_api_io,event_id=61301283;market=Player To Score or Assist;selection=Jarrad Branthwaite (Assist) (2)
2026-05-21T21:15:41Z,2026-05-24,61301283,2026-05-24T15:00:00Z,,live_capture,Bet365,England - Premier League,ANYTIME_ASSIST,Tottenham Hotspur,Everton FC,Richarlison,,4.5000,odds_api_io,event_id=61301283;market=Player To Score or Assist;selection=Richarlison (Assist) (1)
2026-05-21T21:15:41Z,2026-05-24,61301283,2026-05-24T15:00:00Z,,live_capture,Bet365,England - Premier League,ANYTIME_ASSIST,Tottenham Hotspur,Everton FC,Beto,,10.0000,odds_api_io,event_id=61301283;market=Player To Score or Assist;selection=Beto (Assist) (2)
2026-05-21T21:15:41Z,2026-05-24,61301283,2026-05-24T15:00:00Z,,live_capture,Bet365,England - Premier League,ANYTIME_ASSIST,Tottenham Hotspur,Everton FC,Dwight McNeil,,6.0000,odds_api_io,event_id=61301283;market=Player To Score or Assist;selection=Dwight McNeil (Assist) (2)
2026-05-21T21:15:41Z,2026-05-24,61301283,2026-05-24T15:00:00Z,,live_capture,Bet365,England - Premier League,ANYTIME_ASSIST,Tottenham Hotspur,Everton FC,Tyrique George,,7.0000,odds_api_io,event_id=61301283;market=Player To Score or Assist;selection=Tyrique George (Assist) (2)
2026-05-21T21:15:41Z,2026-05-24,61301283,2026-05-24T15:00:00Z,,live_capture,Bet365,England - Premier League,ANYTIME_ASSIST,Tottenham Hotspur,Everton FC,Carlos Alcaraz,,6.0000,odds_api_io,event_id=61301283;market=Player To Score or Assist;selection=Carlos Alcaraz (Assist) (2)
2026-05-21T21:15:41Z,2026-05-24,61301283,2026-05-24T15:00:00Z,,live_capture,Bet365,England - Premier League,ANYTIME_ASSIST,Tottenham Hotspur,Everton FC,Kiernan Dewsbury-Hall,,5.5000,odds_api_io,event_id=61301283;market=Player To Score or Assist;selection=Kiernan Dewsbury-Hall (Assist) (2)
2026-05-21T21:15:41Z,2026-05-24,61301283,2026-05-24T15:00:00Z,,live_capture,Bet365,England - Premier League,ANYTIME_ASSIST,Tottenham Hotspur,Everton FC,Thierno Barry,,10.0000,odds_api_io,event_id=61301283;market=Player To Score or Assist;selection=Thierno Barry (Assist) (2)
2026-05-21T21:15:41Z,2026-05-24,61301283,2026-05-24T15:00:00Z,,live_capture,Bet365,England - Premier League,ANYTIME_ASSIST,Tottenham Hotspur,Everton FC,Pape Sarr,,7.0000,odds_api_io,event_id=61301283;market=Player To Score or Assist;selection=Pape Sarr (Assist) (1)
2026-05-21T21:15:41Z,2026-05-24,61301283,2026-05-24T15:00:00Z,,live_capture,Bet365,England - Premier League,ANYTIME_ASSIST,Tottenham Hotspur,Everton FC,Harrison Armstrong,,7.5000,odds_api_io,event_id=61301283;market=Player To Score or Assist;selection=Harrison Armstrong (Assist) (2)
2026-05-21T21:15:41Z,2026-05-24,61301283,2026-05-24T15:00:00Z,,live_capture,Bet365,England - Premier League,ANYTIME_ASSIST,Tottenham Hotspur,Everton FC,Destiny Udogie,,7.5000,odds_api_io,event_id=61301283;market=Player To Score or Assist;selection=Destiny Udogie (Assist) (1)
2026-05-21T21:15:41Z,2026-05-24,61301283,2026-05-24T15:00:00Z,,live_capture,Bet365,England - Premier League,ANYTIME_ASSIST,Tottenham Hotspur,Everton FC,Nathan Patterson,,8.5000,odds_api_io,event_id=61301283;market=Player To Score or Assist;selection=Nathan Patterson (Assist) (2)
2026-05-21T21:15:41Z,2026-05-24,61301283,2026-05-24T15:00:00Z,,live_capture,Bet365,England - Premier League,ANYTIME_ASSIST,Tottenham Hotspur,Everton FC,James Tarkowski,,10.0000,odds_api_io,event_id=61301283;market=Player To Score or Assist;selection=James Tarkowski (Assist) (2)
2026-05-21T21:15:41Z,2026-05-24,61301283,2026-05-24T15:00:00Z,,live_capture,Bet365,England - Premier League,ANYTIME_ASSIST,Tottenham Hotspur,Everton FC,Seamus Coleman,,10.0000,odds_api_io,event_id=61301283;market=Player To Score or Assist;selection=Seamus Coleman (Assist) (2)
2026-05-21T21:15:41Z,2026-05-24,61301283,2026-05-24T15:00:00Z,,live_capture,Bet365,England - Premier League,ANYTIME_ASSIST,Tottenham Hotspur,Everton FC,Jake O'Brien,,15.0000,odds_api_io,event_id=61301283;market=Player To Score or Assist;selection=Jake O'Brien (Assist) (2)
2026-05-21T21:15:41Z,2026-05-24,61301283,2026-05-24T15:00:00Z,,live_capture,Bet365,England - Premier League,ANYTIME_ASSIST,Tottenham Hotspur,Everton FC,Mathys Tel,,6.0000,odds_api_io,event_id=61301283;market=Player To Score or Assist;selection=Mathys Tel (Assist) (1)
2026-05-21T21:15:41Z,2026-05-24,61301283,2026-05-24T15:00:00Z,,live_capture,Bet365,England - Premier League,ANYTIME_ASSIST,Tottenham Hotspur,Everton FC,Pedro Porro,,5.5000,odds_api_io,event_id=61301283;market=Player To Score or Assist;selection=Pedro Porro (Assist) (1)
2026-05-21T21:15:41Z,2026-05-24,61301283,2026-05-24T15:00:00Z,,live_capture,Bet365,England - Premier League,ANYTIME_ASSIST,Tottenham Hotspur,Everton FC,Joao Victor Souza,,7.5000,odds_api_io,event_id=61301283;market=Player To Score or Assist;selection=Joao Victor Souza (Assist) (1)
2026-05-21T21:15:41Z,2026-05-24,61301283,2026-05-24T15:00:00Z,,live_capture,Bet365,England - Premier League,ANYTIME_ASSIST,Tottenham Hotspur,Everton FC,James Garner,,6.0000,odds_api_io,event_id=61301283;market=Player To Score or Assist;selection=James Garner (Assist) (2)
2026-05-21T21:15:41Z,2026-05-24,61301283,2026-05-24T15:00:00Z,,live_capture,Bet365,England - Premier League,ANYTIME_ASSIST,Tottenham Hotspur,Everton FC,Archie Gray,,7.0000,odds_api_io,event_id=61301283;market=Player To Score or Assist;selection=Archie Gray (Assist) (1)
2026-05-21T21:15:41Z,2026-05-24,61301283,2026-05-24T15:00:00Z,,live_capture,Bet365,England - Premier League,ANYTIME_ASSIST,Tottenham Hotspur,Everton FC,Rodrigo Bentancur,,9.0000,odds_api_io,event_id=61301283;market=Player To Score or Assist;selection=Rodrigo Bentancur (Assist) (1)
2026-05-21T21:15:41Z,2026-05-24,61301281,2026-05-24T15:00:00Z,,live_capture,Bet365,England - Premier League,ANYTIME_ASSIST,Sunderland AFC,Chelsea FC,Nilson Angulo,,7.5000,odds_api_io,event_id=61301281;market=Player To Score or Assist;selection=Nilson Angulo (Assist) (1)
2026-05-21T21:15:41Z,2026-05-24,61301281,2026-05-24T15:00:00Z,,live_capture,Bet365,England - Premier League,ANYTIME_ASSIST,Sunderland AFC,Chelsea FC,Alejandro Garnacho,,5.5000,odds_api_io,event_id=61301281;market=Player To Score or Assist;selection=Alejandro Garnacho (Assist) (2)
2026-05-21T21:15:41Z,2026-05-24,61301281,2026-05-24T15:00:00Z,,live_capture,Bet365,England - Premier League,ANYTIME_ASSIST,Sunderland AFC,Chelsea FC,Enzo Fernandez,,5.5000,odds_api_io,event_id=61301281;market=Player To Score or Assist;selection=Enzo Fernandez (Assist) (2)
2026-05-21T21:15:41Z,2026-05-24,61301281,2026-05-24T15:00:00Z,,live_capture,Bet365,England - Premier League,ANYTIME_ASSIST,Sunderland AFC,Chelsea FC,Reece James,,5.5000,odds_api_io,event_id=61301281;market=Player To Score or Assist;selection=Reece James (Assist) (2)
2026-05-21T21:15:41Z,2026-05-24,61301281,2026-05-24T15:00:00Z,,live_capture,Bet365,England - Premier League,ANYTIME_ASSIST,Sunderland AFC,Chelsea FC,Romeo Lavia,,7.5000,odds_api_io,event_id=61301281;market=Player To Score or Assist;selection=Romeo Lavia (Assist) (2)
2026-05-21T21:15:41Z,2026-05-24,61301281,2026-05-24T15:00:00Z,,live_capture,Bet365,England - Premier League,ANYTIME_ASSIST,Sunderland AFC,Chelsea FC,Jorrel Hato,,7.5000,odds_api_io,event_id=61301281;market=Player To Score or Assist;selection=Jorrel Hato (Assist) (2)
2026-05-21T21:15:41Z,2026-05-24,61301281,2026-05-24T15:00:00Z,,live_capture,Bet365,England - Premier League,ANYTIME_ASSIST,Sunderland AFC,Chelsea FC,Josh Acheampong,,8.0000,odds_api_io,event_id=61301281;market=Player To Score or Assist;selection=Josh Acheampong (Assist) (2)
2026-05-21T21:15:41Z,2026-05-24,61301281,2026-05-24T15:00:00Z,,live_capture,Bet365,England - Premier League,ANYTIME_ASSIST,Sunderland AFC,Chelsea FC,Joao Pedro,,4.5000,odds_api_io,event_id=61301281;market=Player To Score or Assist;selection=Joao Pedro (Assist) (2)
2026-05-21T21:15:41Z,2026-05-24,61301281,2026-05-24T15:00:00Z,,live_capture,Bet365,England - Premier League,ANYTIME_ASSIST,Sunderland AFC,Chelsea FC,Pedro Neto,,4.5000,odds_api_io,event_id=61301281;market=Player To Score or Assist;selection=Pedro Neto (Assist) (2)
2026-05-21T21:15:41Z,2026-05-24,61301281,2026-05-24T15:00:00Z,,live_capture,Bet365,England - Premier League,ANYTIME_ASSIST,Sunderland AFC,Chelsea FC,Granit Xhaka,,5.5000,odds_api_io,event_id=61301281;market=Player To Score or Assist;selection=Granit Xhaka (Assist) (1)
2026-05-21T21:15:41Z,2026-05-24,61301281,2026-05-24T15:00:00Z,,live_capture,Bet365,England - Premier League,ANYTIME_ASSIST,Sunderland AFC,Chelsea FC,Brian Brobbey,,8.5000,odds_api_io,event_id=61301281;market=Player To Score or Assist;selection=Brian Brobbey (Assist) (1)
2026-05-21T21:15:41Z,2026-05-24,61301281,2026-05-24T15:00:00Z,,live_capture,Bet365,England - Premier League,ANYTIME_ASSIST,Sunderland AFC,Chelsea FC,Wilson Isidor,,10.0000,odds_api_io,event_id=61301281;market=Player To Score or Assist;selection=Wilson Isidor (Assist) (1)
2026-05-21T21:15:41Z,2026-05-24,61301281,2026-05-24T15:00:00Z,,live_capture,Bet365,England - Premier League,ANYTIME_ASSIST,Sunderland AFC,Chelsea FC,Chemsdine Talbi,,6.5000,odds_api_io,event_id=61301281;market=Player To Score or Assist;selection=Chemsdine Talbi (Assist) (1)
2026-05-21T21:15:41Z,2026-05-24,61301281,2026-05-24T15:00:00Z,,live_capture,Bet365,England - Premier League,ANYTIME_ASSIST,Sunderland AFC,Chelsea FC,Eliezer Mayenda,,10.0000,odds_api_io,event_id=61301281;market=Player To Score or Assist;selection=Eliezer Mayenda (Assist) (1)
2026-05-21T21:15:41Z,2026-05-24,61301281,2026-05-24T15:00:00Z,,live_capture,Bet365,England - Premier League,ANYTIME_ASSIST,Sunderland AFC,Chelsea FC,Enzo Le Fee,,6.5000,odds_api_io,event_id=61301281;market=Player To Score or Assist;selection=Enzo Le Fee (Assist) (1)
2026-05-21T21:15:41Z,2026-05-24,61301281,2026-05-24T15:00:00Z,,live_capture,Bet365,England - Premier League,ANYTIME_ASSIST,Sunderland AFC,Chelsea FC,Andrey Santos,,7.0000,odds_api_io,event_id=61301281;market=Player To Score or Assist;selection=Andrey Santos (Assist) (2)
2026-05-21T21:15:41Z,2026-05-24,61301281,2026-05-24T15:00:00Z,,live_capture,Bet365,England - Premier League,ANYTIME_ASSIST,Sunderland AFC,Chelsea FC,Chris Rigg,,7.5000,odds_api_io,event_id=61301281;market=Player To Score or Assist;selection=Chris Rigg (Assist) (1)
2026-05-21T21:15:41Z,2026-05-24,61301281,2026-05-24T15:00:00Z,,live_capture,Bet365,England - Premier League,ANYTIME_ASSIST,Sunderland AFC,Chelsea FC,Jocelin Ta Bi,,7.5000,odds_api_io,event_id=61301281;market=Player To Score or Assist;selection=Jocelin Ta Bi (Assist) (1)
2026-05-21T21:15:41Z,2026-05-24,61301281,2026-05-24T15:00:00Z,,live_capture,Bet365,England - Premier League,ANYTIME_ASSIST,Sunderland AFC,Chelsea FC,Habib Diarra,,9.0000,odds_api_io,event_id=61301281;market=Player To Score or Assist;selection=Habib Diarra (Assist) (1)
2026-05-21T21:15:41Z,2026-05-24,61301281,2026-05-24T15:00:00Z,,live_capture,Bet365,England - Premier League,ANYTIME_ASSIST,Sunderland AFC,Chelsea FC,Malo Gusto,,6.0000,odds_api_io,event_id=61301281;market=Player To Score or Assist;selection=Malo Gusto (Assist) (2)
2026-05-21T21:15:41Z,2026-05-24,61301281,2026-05-24T15:00:00Z,,live_capture,Bet365,England - Premier League,ANYTIME_ASSIST,Sunderland AFC,Chelsea FC,Marc Cucurella,,8.0000,odds_api_io,event_id=61301281;market=Player To Score or Assist;selection=Marc Cucurella (Assist) (2)
2026-05-21T21:15:41Z,2026-05-24,61301281,2026-05-24T15:00:00Z,,live_capture,Bet365,England - Premier League,ANYTIME_ASSIST,Sunderland AFC,Chelsea FC,Daniel Ballard,,10.0000,odds_api_io,event_id=61301281;market=Player To Score or Assist;selection=Daniel Ballard (Assist) (1)
2026-05-21T21:15:41Z,2026-05-24,61301281,2026-05-24T15:00:00Z,,live_capture,Bet365,England - Premier League,ANYTIME_ASSIST,Sunderland AFC,Chelsea FC,Mamadou Sarr,,10.0000,odds_api_io,event_id=61301281;market=Player To Score or Assist;selection=Mamadou Sarr (Assist) (2)
2026-05-21T21:15:41Z,2026-05-24,61301281,2026-05-24T15:00:00Z,,live_capture,Bet365,England - Premier League,ANYTIME_ASSIST,Sunderland AFC,Chelsea FC,Nordi Mukiele,,7.5000,odds_api_io,event_id=61301281;market=Player To Score or Assist;selection=Nordi Mukiele (Assist) (1)
2026-05-21T21:15:41Z,2026-05-24,61301281,2026-05-24T15:00:00Z,,live_capture,Bet365,England - Premier League,ANYTIME_ASSIST,Sunderland AFC,Chelsea FC,Trai Hume,,8.5000,odds_api_io,event_id=61301281;market=Player To Score or Assist;selection=Trai Hume (Assist) (1)
2026-05-21T21:15:41Z,2026-05-24,61301281,2026-05-24T15:00:00Z,,live_capture,Bet365,England - Premier League,ANYTIME_ASSIST,Sunderland AFC,Chelsea FC,Dario Essugo,,13.0000,odds_api_io,event_id=61301281;market=Player To Score or Assist;selection=Dario Essugo (Assist) (2)
2026-05-21T21:15:41Z,2026-05-24,61301281,2026-05-24T15:00:00Z,,live_capture,Bet365,England - Premier League,ANYTIME_ASSIST,Sunderland AFC,Chelsea FC,Dennis Cirkin,,10.0000,odds_api_io,event_id=61301281;market=Player To Score or Assist;selection=Dennis Cirkin (Assist) (1)
2026-05-21T21:15:41Z,2026-05-24,61301281,2026-05-24T15:00:00Z,,live_capture,Bet365,England - Premier League,ANYTIME_ASSIST,Sunderland AFC,Chelsea FC,Noah Sadiki,,11.0000,odds_api_io,event_id=61301281;market=Player To Score or Assist;selection=Noah Sadiki (Assist) (1)
2026-05-21T21:15:41Z,2026-05-24,61301281,2026-05-24T15:00:00Z,,live_capture,Bet365,England - Premier League,ANYTIME_ASSIST,Sunderland AFC,Chelsea FC,Trevoh Chalobah,,13.0000,odds_api_io,event_id=61301281;market=Player To Score or Assist;selection=Trevoh Chalobah (Assist) (2)
2026-05-21T21:15:41Z,2026-05-24,61301281,2026-05-24T15:00:00Z,,live_capture,Bet365,England - Premier League,ANYTIME_ASSIST,Sunderland AFC,Chelsea FC,Levi Colwill,,12.0000,odds_api_io,event_id=61301281;market=Player To Score or Assist;selection=Levi Colwill (Assist) (2)
2026-05-21T21:15:41Z,2026-05-24,61301281,2026-05-24T15:00:00Z,,live_capture,Bet365,England - Premier League,ANYTIME_ASSIST,Sunderland AFC,Chelsea FC,Lutsharel Geertruida,,15.0000,odds_api_io,event_id=61301281;market=Player To Score or Assist;selection=Lutsharel Geertruida (Assist) (1)
2026-05-21T21:15:41Z,2026-05-24,61301281,2026-05-24T15:00:00Z,,live_capture,Bet365,England - Premier League,ANYTIME_ASSIST,Sunderland AFC,Chelsea FC,Omar Alderete,,16.0000,odds_api_io,event_id=61301281;market=Player To Score or Assist;selection=Omar Alderete (Assist) (1)
2026-05-21T21:15:41Z,2026-05-24,61301281,2026-05-24T15:00:00Z,,live_capture,Bet365,England - Premier League,ANYTIME_ASSIST,Sunderland AFC,Chelsea FC,Tosin Adarabioyo,,13.0000,odds_api_io,event_id=61301281;market=Player To Score or Assist;selection=Tosin Adarabioyo (Assist) (2)
2026-05-21T21:15:41Z,2026-05-24,61301281,2026-05-24T15:00:00Z,,live_capture,Bet365,England - Premier League,ANYTIME_ASSIST,Sunderland AFC,Chelsea FC,Wesley Fofana,,13.0000,odds_api_io,event_id=61301281;market=Player To Score or Assist;selection=Wesley Fofana (Assist) (2)
2026-05-21T21:15:41Z,2026-05-24,61301281,2026-05-24T15:00:00Z,,live_capture,Bet365,England - Premier League,ANYTIME_ASSIST,Sunderland AFC,Chelsea FC,Benoit Badiashile,,15.0000,odds_api_io,event_id=61301281;market=Player To Score or Assist;selection=Benoit Badiashile (Assist) (2)
2026-05-21T21:15:41Z,2026-05-24,61301281,2026-05-24T15:00:00Z,,live_capture,Bet365,England - Premier League,ANYTIME_ASSIST,Sunderland AFC,Chelsea FC,Luke O'Nien,,16.0000,odds_api_io,event_id=61301281;market=Player To Score or Assist;selection=Luke O'Nien (Assist) (1)
2026-05-21T21:15:41Z,2026-05-24,61301281,2026-05-24T15:00:00Z,,live_capture,Bet365,England - Premier League,ANYTIME_ASSIST,Sunderland AFC,Chelsea FC,Reinildo Mandava,,15.0000,odds_api_io,event_id=61301281;market=Player To Score or Assist;selection=Reinildo Mandava (Assist) (1)
2026-05-21T21:15:41Z,2026-05-24,61301281,2026-05-24T15:00:00Z,,live_capture,Bet365,England - Premier League,ANYTIME_ASSIST,Sunderland AFC,Chelsea FC,Cole Palmer,,4.3330,odds_api_io,event_id=61301281;market=Player To Score or Assist;selection=Cole Palmer (Assist) (2)
2026-05-21T21:15:41Z,2026-05-24,61301281,2026-05-24T15:00:00Z,,live_capture,Bet365,England - Premier League,ANYTIME_ASSIST,Sunderland AFC,Chelsea FC,Marc Guiu,,6.0000,odds_api_io,event_id=61301281;market=Player To Score or Assist;selection=Marc Guiu (Assist) (2)
2026-05-21T21:15:41Z,2026-05-24,61301281,2026-05-24T15:00:00Z,,live_capture,Bet365,England - Premier League,ANYTIME_ASSIST,Sunderland AFC,Chelsea FC,Liam Delap,,7.0000,odds_api_io,event_id=61301281;market=Player To Score or Assist;selection=Liam Delap (Assist) (2)
2026-05-21T21:15:41Z,2026-05-24,61301281,2026-05-24T15:00:00Z,,live_capture,Bet365,England - Premier League,ANYTIME_ASSIST,Sunderland AFC,Chelsea FC,Moises Caicedo,,9.0000,odds_api_io,event_id=61301281;market=Player To Score or Assist;selection=Moises Caicedo (Assist) (2)
2026-05-21T21:15:41Z,2026-05-24,61301279,2026-05-24T15:00:00Z,,live_capture,Bet365,England - Premier League,ANYTIME_ASSIST,Nottingham Forest,AFC Bournemouth,Rayan Vitor,,5.0000,odds_api_io,event_id=61301279;market=Player To Score or Assist;selection=Rayan Vitor (Assist) (2)
2026-05-21T21:15:41Z,2026-05-24,61301279,2026-05-24T15:00:00Z,,live_capture,Bet365,England - Premier League,ANYTIME_ASSIST,Nottingham Forest,AFC Bournemouth,David Brooks,,4.5000,odds_api_io,event_id=61301279;market=Player To Score or Assist;selection=David Brooks (Assist) (2)
2026-05-21T21:15:41Z,2026-05-24,61301279,2026-05-24T15:00:00Z,,live_capture,Bet365,England - Premier League,ANYTIME_ASSIST,Nottingham Forest,AFC Bournemouth,Chris Wood,,8.0000,odds_api_io,event_id=61301279;market=Player To Score or Assist;selection=Chris Wood (Assist) (1)
2026-05-21T21:15:41Z,2026-05-24,61301279,2026-05-24T15:00:00Z,,live_capture,Bet365,England - Premier League,ANYTIME_ASSIST,Nottingham Forest,AFC Bournemouth,Amine Adli,,5.0000,odds_api_io,event_id=61301279;market=Player To Score or Assist;selection=Amine Adli (Assist) (2)
2026-05-21T21:15:41Z,2026-05-24,61301279,2026-05-24T15:00:00Z,,live_capture,Bet365,England - Premier League,ANYTIME_ASSIST,Nottingham Forest,AFC Bournemouth,Michael Dacosta,,5.0000,odds_api_io,event_id=61301279;market=Player To Score or Assist;selection=Michael Dacosta (Assist) (2)
2026-05-21T21:15:41Z,2026-05-24,61301279,2026-05-24T15:00:00Z,,live_capture,Bet365,England - Premier League,ANYTIME_ASSIST,Nottingham Forest,AFC Bournemouth,Ryan Christie,,5.5000,odds_api_io,event_id=61301279;market=Player To Score or Assist;selection=Ryan Christie (Assist) (2)
2026-05-21T21:15:41Z,2026-05-24,61301279,2026-05-24T15:00:00Z,,live_capture,Bet365,England - Premier League,ANYTIME_ASSIST,Nottingham Forest,AFC Bournemouth,Elliot Anderson,,6.0000,odds_api_io,event_id=61301279;market=Player To Score or Assist;selection=Elliot Anderson (Assist) (1)
2026-05-21T21:15:41Z,2026-05-24,61301279,2026-05-24T15:00:00Z,,live_capture,Bet365,England - Premier League,ANYTIME_ASSIST,Nottingham Forest,AFC Bournemouth,Adrien Truffert,,5.5000,odds_api_io,event_id=61301279;market=Player To Score or Assist;selection=Adrien Truffert (Assist) (2)
2026-05-21T21:15:41Z,2026-05-24,61301279,2026-05-24T15:00:00Z,,live_capture,Bet365,England - Premier League,ANYTIME_ASSIST,Nottingham Forest,AFC Bournemouth,Ryan Yates,,9.0000,odds_api_io,event_id=61301279;market=Player To Score or Assist;selection=Ryan Yates (Assist) (1)
2026-05-21T21:15:41Z,2026-05-24,61301279,2026-05-24T15:00:00Z,,live_capture,Bet365,England - Premier League,ANYTIME_ASSIST,Nottingham Forest,AFC Bournemouth,Adam Smith,,10.0000,odds_api_io,event_id=61301279;market=Player To Score or Assist;selection=Adam Smith (Assist) (2)
2026-05-21T21:15:41Z,2026-05-24,61301279,2026-05-24T15:00:00Z,,live_capture,Bet365,England - Premier League,ANYTIME_ASSIST,Nottingham Forest,AFC Bournemouth,Nikola Milenkovic,,13.0000,odds_api_io,event_id=61301279;market=Player To Score or Assist;selection=Nikola Milenkovic (Assist) (1)
2026-05-21T21:15:41Z,2026-05-24,61301279,2026-05-24T15:00:00Z,,live_capture,Bet365,England - Premier League,ANYTIME_ASSIST,Nottingham Forest,AFC Bournemouth,Ola Aina,,10.0000,odds_api_io,event_id=61301279;market=Player To Score or Assist;selection=Ola Aina (Assist) (1)
2026-05-21T21:15:41Z,2026-05-24,61301279,2026-05-24T15:00:00Z,,live_capture,Bet365,England - Premier League,ANYTIME_ASSIST,Nottingham Forest,AFC Bournemouth,Jair Cunha,,13.0000,odds_api_io,event_id=61301279;market=Player To Score or Assist;selection=Jair Cunha (Assist) (1)
2026-05-21T21:15:41Z,2026-05-24,61301279,2026-05-24T15:00:00Z,,live_capture,Bet365,England - Premier League,ANYTIME_ASSIST,Nottingham Forest,AFC Bournemouth,Veljko Milosavljevic,,13.0000,odds_api_io,event_id=61301279;market=Player To Score or Assist;selection=Veljko Milosavljevic (Assist) (2)
2026-05-21T21:15:41Z,2026-05-24,61301279,2026-05-24T15:00:00Z,,live_capture,Bet365,England - Premier League,ANYTIME_ASSIST,Nottingham Forest,AFC Bournemouth,Morgan Gibbs-White,,5.0000,odds_api_io,event_id=61301279;market=Player To Score or Assist;selection=Morgan Gibbs-White (Assist) (1)
2026-05-21T21:15:41Z,2026-05-24,61301279,2026-05-24T15:00:00Z,,live_capture,Bet365,England - Premier League,ANYTIME_ASSIST,Nottingham Forest,AFC Bournemouth,Taiwo Awoniyi,,7.5000,odds_api_io,event_id=61301279;market=Player To Score or Assist;selection=Taiwo Awoniyi (Assist) (1)
2026-05-21T21:15:41Z,2026-05-24,61301279,2026-05-24T15:00:00Z,,live_capture,Bet365,England - Premier League,ANYTIME_ASSIST,Nottingham Forest,AFC Bournemouth,Lorenzo Lucca,,7.5000,odds_api_io,event_id=61301279;market=Player To Score or Assist;selection=Lorenzo Lucca (Assist) (1)
2026-05-21T21:15:41Z,2026-05-24,61301279,2026-05-24T15:00:00Z,,live_capture,Bet365,England - Premier League,ANYTIME_ASSIST,Nottingham Forest,AFC Bournemouth,Dilane Bakwa,,5.0000,odds_api_io,event_id=61301279;market=Player To Score or Assist;selection=Dilane Bakwa (Assist) (1)
2026-05-21T21:15:41Z,2026-05-24,61301279,2026-05-24T15:00:00Z,,live_capture,Bet365,England - Premier League,ANYTIME_ASSIST,Nottingham Forest,AFC Bournemouth,Omari Giraud-Hutchinson,,4.5000,odds_api_io,event_id=61301279;market=Player To Score or Assist;selection=Omari Giraud-Hutchinson (Assist) (1)
2026-05-21T21:15:41Z,2026-05-24,61301279,2026-05-24T15:00:00Z,,live_capture,Bet365,England - Premier League,ANYTIME_ASSIST,Nottingham Forest,AFC Bournemouth,Alex Scott,,6.5000,odds_api_io,event_id=61301279;market=Player To Score or Assist;selection=Alex Scott (Assist) (2)
2026-05-21T21:15:41Z,2026-05-24,61301279,2026-05-24T15:00:00Z,,live_capture,Bet365,England - Premier League,ANYTIME_ASSIST,Nottingham Forest,AFC Bournemouth,Nicolas Dominguez,,7.5000,odds_api_io,event_id=61301279;market=Player To Score or Assist;selection=Nicolas Dominguez (Assist) (1)
2026-05-21T21:15:41Z,2026-05-24,61301279,2026-05-24T15:00:00Z,,live_capture,Bet365,England - Premier League,ANYTIME_ASSIST,Nottingham Forest,AFC Bournemouth,Ibrahim Sangare,,8.0000,odds_api_io,event_id=61301279;market=Player To Score or Assist;selection=Ibrahim Sangare (Assist) (1)
2026-05-21T21:15:41Z,2026-05-24,61301279,2026-05-24T15:00:00Z,,live_capture,Bet365,England - Premier League,ANYTIME_ASSIST,Nottingham Forest,AFC Bournemouth,Murillo dos Santos,,11.0000,odds_api_io,event_id=61301279;market=Player To Score or Assist;selection=Murillo dos Santos (Assist) (1)
2026-05-21T21:15:41Z,2026-05-24,61301279,2026-05-24T15:00:00Z,,live_capture,Bet365,England - Premier League,ANYTIME_ASSIST,Nottingham Forest,AFC Bournemouth,Felipe Morato,,11.0000,odds_api_io,event_id=61301279;market=Player To Score or Assist;selection=Felipe Morato (Assist) (1)
2026-05-21T21:15:41Z,2026-05-24,61301279,2026-05-24T15:00:00Z,,live_capture,Bet365,England - Premier League,ANYTIME_ASSIST,Nottingham Forest,AFC Bournemouth,Justin Hanks,,11.0000,odds_api_io,event_id=61301279;market=Player To Score or Assist;selection=Justin Hanks (Assist) (1)
2026-05-21T21:15:41Z,2026-05-24,61301279,2026-05-24T15:00:00Z,,live_capture,Bet365,England - Premier League,ANYTIME_ASSIST,Nottingham Forest,AFC Bournemouth,Zach Abbott,,11.0000,odds_api_io,event_id=61301279;market=Player To Score or Assist;selection=Zach Abbott (Assist) (1)
2026-05-21T21:15:41Z,2026-05-24,61301279,2026-05-24T15:00:00Z,,live_capture,Bet365,England - Premier League,ANYTIME_ASSIST,Nottingham Forest,AFC Bournemouth,Enes Unal,,5.0000,odds_api_io,event_id=61301279;market=Player To Score or Assist;selection=Enes Unal (Assist) (2)
2026-05-21T21:15:41Z,2026-05-24,61301279,2026-05-24T15:00:00Z,,live_capture,Bet365,England - Premier League,ANYTIME_ASSIST,Nottingham Forest,AFC Bournemouth,Evanilson,,7.5000,odds_api_io,event_id=61301279;market=Player To Score or Assist;selection=Evanilson (Assist) (2)
2026-05-21T21:15:41Z,2026-05-24,61301279,2026-05-24T15:00:00Z,,live_capture,Bet365,England - Premier League,ANYTIME_ASSIST,Nottingham Forest,AFC Bournemouth,Ben Doak,,5.0000,odds_api_io,event_id=61301279;market=Player To Score or Assist;selection=Ben Doak (Assist) (2)
2026-05-21T21:15:41Z,2026-05-24,61301279,2026-05-24T15:00:00Z,,live_capture,Bet365,England - Premier League,ANYTIME_ASSIST,Nottingham Forest,AFC Bournemouth,Marcus Tavernier,,5.0000,odds_api_io,event_id=61301279;market=Player To Score or Assist;selection=Marcus Tavernier (Assist) (2)
2026-05-21T21:15:41Z,2026-05-24,61301279,2026-05-24T15:00:00Z,,live_capture,Bet365,England - Premier League,ANYTIME_ASSIST,Nottingham Forest,AFC Bournemouth,Alex Toth,,3.7500,odds_api_io,event_id=61301279;market=Player To Score or Assist;selection=Alex Toth (Assist) (2)
2026-05-21T21:15:41Z,2026-05-24,61301279,2026-05-24T15:00:00Z,,live_capture,Bet365,England - Premier League,ANYTIME_ASSIST,Nottingham Forest,AFC Bournemouth,James McAtee,,5.5000,odds_api_io,event_id=61301279;market=Player To Score or Assist;selection=James McAtee (Assist) (1)
2026-05-21T21:15:41Z,2026-05-24,61301279,2026-05-24T15:00:00Z,,live_capture,Bet365,England - Premier League,ANYTIME_ASSIST,Nottingham Forest,AFC Bournemouth,Dan Ndoye,,5.5000,odds_api_io,event_id=61301279;market=Player To Score or Assist;selection=Dan Ndoye (Assist) (1)
2026-05-21T21:15:41Z,2026-05-24,61301279,2026-05-24T15:00:00Z,,live_capture,Bet365,England - Premier League,ANYTIME_ASSIST,Nottingham Forest,AFC Bournemouth,James Hill,,7.0000,odds_api_io,event_id=61301279;market=Player To Score or Assist;selection=James Hill (Assist) (2)
2026-05-21T21:15:41Z,2026-05-24,61301279,2026-05-24T15:00:00Z,,live_capture,Bet365,England - Premier League,ANYTIME_ASSIST,Nottingham Forest,AFC Bournemouth,Luca Netz,,6.5000,odds_api_io,event_id=61301279;market=Player To Score or Assist;selection=Luca Netz (Assist) (1)
2026-05-21T21:15:41Z,2026-05-24,61301279,2026-05-24T15:00:00Z,,live_capture,Bet365,England - Premier League,ANYTIME_ASSIST,Nottingham Forest,AFC Bournemouth,Archie Whitehall,,9.0000,odds_api_io,event_id=61301279;market=Player To Score or Assist;selection=Archie Whitehall (Assist) (1)
2026-05-21T21:15:41Z,2026-05-24,61301279,2026-05-24T15:00:00Z,,live_capture,Bet365,England - Premier League,ANYTIME_ASSIST,Nottingham Forest,AFC Bournemouth,Bafode Diakite,,7.5000,odds_api_io,event_id=61301279;market=Player To Score or Assist;selection=Bafode Diakite (Assist) (2)
2026-05-21T21:15:41Z,2026-05-24,61301279,2026-05-24T15:00:00Z,,live_capture,Bet365,England - Premier League,ANYTIME_ASSIST,Nottingham Forest,AFC Bournemouth,Jimmy Sinclair,,9.0000,odds_api_io,event_id=61301279;market=Player To Score or Assist;selection=Jimmy Sinclair (Assist) (1)
2026-05-21T21:15:41Z,2026-05-24,61301279,2026-05-24T15:00:00Z,,live_capture,Bet365,England - Premier League,ANYTIME_ASSIST,Nottingham Forest,AFC Bournemouth,Tyler Adams,,11.0000,odds_api_io,event_id=61301279;market=Player To Score or Assist;selection=Tyler Adams (Assist) (2)
2026-05-21T21:15:41Z,2026-05-24,61301279,2026-05-24T15:00:00Z,,live_capture,Bet365,England - Premier League,ANYTIME_ASSIST,Nottingham Forest,AFC Bournemouth,Marcos Senesi,,11.0000,odds_api_io,event_id=61301279;market=Player To Score or Assist;selection=Marcos Senesi (Assist) (2)
2026-05-21T21:15:41Z,2026-05-24,61301279,2026-05-24T15:00:00Z,,live_capture,Bet365,England - Premier League,ANYTIME_ASSIST,Nottingham Forest,AFC Bournemouth,Eli Junior Kroupi,,5.5000,odds_api_io,event_id=61301279;market=Player To Score or Assist;selection=Eli Junior Kroupi (Assist) (2)
2026-05-21T21:15:41Z,2026-05-24,61301279,2026-05-24T15:00:00Z,,live_capture,Bet365,England - Premier League,ANYTIME_ASSIST,Nottingham Forest,AFC Bournemouth,Igor Jesus,,6.5000,odds_api_io,event_id=61301279;market=Player To Score or Assist;selection=Igor Jesus (Assist) (1)
2026-05-21T21:15:41Z,2026-05-24,61301279,2026-05-24T15:00:00Z,,live_capture,Bet365,England - Premier League,ANYTIME_ASSIST,Nottingham Forest,AFC Bournemouth,Neco Williams,,7.0000,odds_api_io,event_id=61301279;market=Player To Score or Assist;selection=Neco Williams (Assist) (1)
2026-05-21T21:15:41Z,2026-05-24,61301271,2026-05-24T15:00:00Z,,live_capture,Bet365,England - Premier League,ANYTIME_ASSIST,Crystal Palace,Arsenal FC,Leandro Trossard,,4.3330,odds_api_io,event_id=61301271;market=Player To Score or Assist;selection=Leandro Trossard (Assist) (2)
2026-05-21T21:15:41Z,2026-05-24,61301271,2026-05-24T15:00:00Z,,live_capture,Bet365,England - Premier League,ANYTIME_ASSIST,Crystal Palace,Arsenal FC,Declan Rice,,4.3330,odds_api_io,event_id=61301271;market=Player To Score or Assist;selection=Declan Rice (Assist) (2)
2026-05-21T21:15:41Z,2026-05-24,61301271,2026-05-24T15:00:00Z,,live_capture,Bet365,England - Premier League,ANYTIME_ASSIST,Crystal Palace,Arsenal FC,Daichi Kamada,,7.5000,odds_api_io,event_id=61301271;market=Player To Score or Assist;selection=Daichi Kamada (Assist) (1)
2026-05-21T21:15:41Z,2026-05-24,61301271,2026-05-24T15:00:00Z,,live_capture,Bet365,England - Premier League,ANYTIME_ASSIST,Crystal Palace,Arsenal FC,Riccardo Calafiori,,7.5000,odds_api_io,event_id=61301271;market=Player To Score or Assist;selection=Riccardo Calafiori (Assist) (2)
2026-05-21T21:15:41Z,2026-05-24,61301271,2026-05-24T15:00:00Z,,live_capture,Bet365,England - Premier League,ANYTIME_ASSIST,Crystal Palace,Arsenal FC,Adam Wharton,,7.5000,odds_api_io,event_id=61301271;market=Player To Score or Assist;selection=Adam Wharton (Assist) (1)
2026-05-21T21:15:41Z,2026-05-24,61301271,2026-05-24T15:00:00Z,,live_capture,Bet365,England - Premier League,ANYTIME_ASSIST,Crystal Palace,Arsenal FC,Kaden Rodney,,11.0000,odds_api_io,event_id=61301271;market=Player To Score or Assist;selection=Kaden Rodney (Assist) (1)
2026-05-21T21:15:41Z,2026-05-24,61301271,2026-05-24T15:00:00Z,,live_capture,Bet365,England - Premier League,ANYTIME_ASSIST,Crystal Palace,Arsenal FC,Chadi Riad,,17.0000,odds_api_io,event_id=61301271;market=Player To Score or Assist;selection=Chadi Riad (Assist) (1)
2026-05-21T21:15:41Z,2026-05-24,61301271,2026-05-24T15:00:00Z,,live_capture,Bet365,England - Premier League,ANYTIME_ASSIST,Crystal Palace,Arsenal FC,Gabriel Jesus,,5.0000,odds_api_io,event_id=61301271;market=Player To Score or Assist;selection=Gabriel Jesus (Assist) (2)
2026-05-21T21:15:41Z,2026-05-24,61301271,2026-05-24T15:00:00Z,,live_capture,Bet365,England - Premier League,ANYTIME_ASSIST,Crystal Palace,Arsenal FC,Viktor Gyokeres,,7.0000,odds_api_io,event_id=61301271;market=Player To Score or Assist;selection=Viktor Gyokeres (Assist) (2)
2026-05-21T21:15:41Z,2026-05-24,61301271,2026-05-24T15:00:00Z,,live_capture,Bet365,England - Premier League,ANYTIME_ASSIST,Crystal Palace,Arsenal FC,Kai Havertz,,4.5000,odds_api_io,event_id=61301271;market=Player To Score or Assist;selection=Kai Havertz (Assist) (2)
2026-05-21T21:15:41Z,2026-05-24,61301271,2026-05-24T15:00:00Z,,live_capture,Bet365,England - Premier League,ANYTIME_ASSIST,Crystal Palace,Arsenal FC,Noni Madueke,,4.3330,odds_api_io,event_id=61301271;market=Player To Score or Assist;selection=Noni Madueke (Assist) (2)
2026-05-21T21:15:41Z,2026-05-24,61301271,2026-05-24T15:00:00Z,,live_capture,Bet365,England - Premier League,ANYTIME_ASSIST,Crystal Palace,Arsenal FC,Eberechi Eze,,4.3330,odds_api_io,event_id=61301271;market=Player To Score or Assist;selection=Eberechi Eze (Assist) (2)
2026-05-21T21:15:41Z,2026-05-24,61301271,2026-05-24T15:00:00Z,,live_capture,Bet365,England - Premier League,ANYTIME_ASSIST,Crystal Palace,Arsenal FC,Gabriel Martinelli,,5.0000,odds_api_io,event_id=61301271;market=Player To Score or Assist;selection=Gabriel Martinelli (Assist) (2)
2026-05-21T21:15:41Z,2026-05-24,61301271,2026-05-24T15:00:00Z,,live_capture,Bet365,England - Premier League,ANYTIME_ASSIST,Crystal Palace,Arsenal FC,Max Dowman,,5.0000,odds_api_io,event_id=61301271;market=Player To Score or Assist;selection=Max Dowman (Assist) (2)
2026-05-21T21:15:41Z,2026-05-24,61301271,2026-05-24T15:00:00Z,,live_capture,Bet365,England - Premier League,ANYTIME_ASSIST,Crystal Palace,Arsenal FC,Ismaila Sarr,,6.5000,odds_api_io,event_id=61301271;market=Player To Score or Assist;selection=Ismaila Sarr (Assist) (1)
2026-05-21T21:15:41Z,2026-05-24,61301271,2026-05-24T15:00:00Z,,live_capture,Bet365,England - Premier League,ANYTIME_ASSIST,Crystal Palace,Arsenal FC,Chrisantus Uche,,9.0000,odds_api_io,event_id=61301271;market=Player To Score or Assist;selection=Chrisantus Uche (Assist) (1)
2026-05-21T21:15:41Z,2026-05-24,61301271,2026-05-24T15:00:00Z,,live_capture,Bet365,England - Premier League,ANYTIME_ASSIST,Crystal Palace,Arsenal FC,Yeremy Pino,,5.5000,odds_api_io,event_id=61301271;market=Player To Score or Assist;selection=Yeremy Pino (Assist) (1)
2026-05-21T21:15:41Z,2026-05-24,61301271,2026-05-24T15:00:00Z,,live_capture,Bet365,England - Premier League,ANYTIME_ASSIST,Crystal Palace,Arsenal FC,Brennan Johnson,,7.0000,odds_api_io,event_id=61301271;market=Player To Score or Assist;selection=Brennan Johnson (Assist) (1)
2026-05-21T21:15:41Z,2026-05-24,61301271,2026-05-24T15:00:00Z,,live_capture,Bet365,England - Premier League,ANYTIME_ASSIST,Crystal Palace,Arsenal FC,Christian Norgaard,,7.5000,odds_api_io,event_id=61301271;market=Player To Score or Assist;selection=Christian Norgaard (Assist) (2)
2026-05-21T21:15:41Z,2026-05-24,61301271,2026-05-24T15:00:00Z,,live_capture,Bet365,England - Premier League,ANYTIME_ASSIST,Crystal Palace,Arsenal FC,Daniel Munoz,,7.0000,odds_api_io,event_id=61301271;market=Player To Score or Assist;selection=Daniel Munoz (Assist) (1)
2026-05-21T21:15:41Z,2026-05-24,61301271,2026-05-24T15:00:00Z,,live_capture,Bet365,England - Premier League,ANYTIME_ASSIST,Crystal Palace,Arsenal FC,Martin Zubimendi,,7.0000,odds_api_io,event_id=61301271;market=Player To Score or Assist;selection=Martin Zubimendi (Assist) (2)
2026-05-21T21:15:41Z,2026-05-24,61301271,2026-05-24T15:00:00Z,,live_capture,Bet365,England - Premier League,ANYTIME_ASSIST,Crystal Palace,Arsenal FC,Myles Lewis-Skelly,,7.0000,odds_api_io,event_id=61301271;market=Player To Score or Assist;selection=Myles Lewis-Skelly (Assist) (2)
2026-05-21T21:15:41Z,2026-05-24,61301271,2026-05-24T15:00:00Z,,live_capture,Bet365,England - Premier League,ANYTIME_ASSIST,Crystal Palace,Arsenal FC,Gabriel Magalhaes,,12.0000,odds_api_io,event_id=61301271;market=Player To Score or Assist;selection=Gabriel Magalhaes (Assist) (2)
2026-05-21T21:15:41Z,2026-05-24,61301271,2026-05-24T15:00:00Z,,live_capture,Bet365,England - Premier League,ANYTIME_ASSIST,Crystal Palace,Arsenal FC,Piero Hincapie,,7.5000,odds_api_io,event_id=61301271;market=Player To Score or Assist;selection=Piero Hincapie (Assist) (2)
2026-05-21T21:15:41Z,2026-05-24,61301271,2026-05-24T15:00:00Z,,live_capture,Bet365,England - Premier League,ANYTIME_ASSIST,Crystal Palace,Arsenal FC,Jurrien Timber,,9.0000,odds_api_io,event_id=61301271;market=Player To Score or Assist;selection=Jurrien Timber (Assist) (2)
2026-05-21T21:15:41Z,2026-05-24,61301271,2026-05-24T15:00:00Z,,live_capture,Bet365,England - Premier League,ANYTIME_ASSIST,Crystal Palace,Arsenal FC,Cristhian Mosquera,,13.0000,odds_api_io,event_id=61301271;market=Player To Score or Assist;selection=Cristhian Mosquera (Assist) (2)
2026-05-21T21:15:41Z,2026-05-24,61301271,2026-05-24T15:00:00Z,,live_capture,Bet365,England - Premier League,ANYTIME_ASSIST,Crystal Palace,Arsenal FC,Chris Richards,,15.0000,odds_api_io,event_id=61301271;market=Player To Score or Assist;selection=Chris Richards (Assist) (1)
2026-05-21T21:15:41Z,2026-05-24,61301271,2026-05-24T15:00:00Z,,live_capture,Bet365,England - Premier League,ANYTIME_ASSIST,Crystal Palace,Arsenal FC,Jaydee Canvot,,15.0000,odds_api_io,event_id=61301271;market=Player To Score or Assist;selection=Jaydee Canvot (Assist) (1)
2026-05-21T21:15:41Z,2026-05-24,61301271,2026-05-24T15:00:00Z,,live_capture,Bet365,England - Premier League,ANYTIME_ASSIST,Crystal Palace,Arsenal FC,Maxence Lacroix,,15.0000,odds_api_io,event_id=61301271;market=Player To Score or Assist;selection=Maxence Lacroix (Assist) (1)
2026-05-21T21:15:41Z,2026-05-24,61301271,2026-05-24T15:00:00Z,,live_capture,Bet365,England - Premier League,ANYTIME_ASSIST,Crystal Palace,Arsenal FC,Bukayo Saka,,3.5000,odds_api_io,event_id=61301271;market=Player To Score or Assist;selection=Bukayo Saka (Assist) (2)
2026-05-21T21:15:41Z,2026-05-24,61301271,2026-05-24T15:00:00Z,,live_capture,Bet365,England - Premier League,ANYTIME_ASSIST,Crystal Palace,Arsenal FC,Martin Odegaard,,4.0000,odds_api_io,event_id=61301271;market=Player To Score or Assist;selection=Martin Odegaard (Assist) (2)
2026-05-21T21:15:41Z,2026-05-24,61301271,2026-05-24T15:00:00Z,,live_capture,Bet365,England - Premier League,ANYTIME_ASSIST,Crystal Palace,Arsenal FC,Mikel Merino,,4.5000,odds_api_io,event_id=61301271;market=Player To Score or Assist;selection=Mikel Merino (Assist) (2)
2026-05-21T21:15:41Z,2026-05-24,61301271,2026-05-24T15:00:00Z,,live_capture,Bet365,England - Premier League,ANYTIME_ASSIST,Crystal Palace,Arsenal FC,Marli Salmon,,16.0000,odds_api_io,event_id=61301271;market=Player To Score or Assist;selection=Marli Salmon (Assist) (2)
2026-05-21T21:15:41Z,2026-05-24,61301271,2026-05-24T15:00:00Z,,live_capture,Bet365,England - Premier League,ANYTIME_ASSIST,Crystal Palace,Arsenal FC,William Saliba,,16.0000,odds_api_io,event_id=61301271;market=Player To Score or Assist;selection=William Saliba (Assist) (2)
2026-05-21T21:15:41Z,2026-05-24,61301271,2026-05-24T15:00:00Z,,live_capture,Bet365,England - Premier League,ANYTIME_ASSIST,Crystal Palace,Arsenal FC,Jean-Philippe Mateta,,8.5000,odds_api_io,event_id=61301271;market=Player To Score or Assist;selection=Jean-Philippe Mateta (Assist) (1)
2026-05-21T21:15:41Z,2026-05-24,61301271,2026-05-24T15:00:00Z,,live_capture,Bet365,England - Premier League,ANYTIME_ASSIST,Crystal Palace,Arsenal FC,Jorgen Larsen,,7.0000,odds_api_io,event_id=61301271;market=Player To Score or Assist;selection=Jorgen Larsen (Assist) (1)
2026-05-21T21:15:41Z,2026-05-24,61301271,2026-05-24T15:00:00Z,,live_capture,Bet365,England - Premier League,ANYTIME_ASSIST,Crystal Palace,Arsenal FC,Joel Drakes-Thomas,,7.5000,odds_api_io,event_id=61301271;market=Player To Score or Assist;selection=Joel Drakes-Thomas (Assist) (1)
2026-05-21T21:15:41Z,2026-05-24,61301271,2026-05-24T15:00:00Z,,live_capture,Bet365,England - Premier League,ANYTIME_ASSIST,Crystal Palace,Arsenal FC,Jefferson Lerma,,8.5000,odds_api_io,event_id=61301271;market=Player To Score or Assist;selection=Jefferson Lerma (Assist) (1)
2026-05-21T21:15:41Z,2026-05-24,61301271,2026-05-24T15:00:00Z,,live_capture,Bet365,England - Premier League,ANYTIME_ASSIST,Crystal Palace,Arsenal FC,Rio Cardines,,11.0000,odds_api_io,event_id=61301271;market=Player To Score or Assist;selection=Rio Cardines (Assist) (1)
2026-05-21T21:15:41Z,2026-05-24,61301271,2026-05-24T15:00:00Z,,live_capture,Bet365,England - Premier League,ANYTIME_ASSIST,Crystal Palace,Arsenal FC,Tyrick Mitchell,,8.5000,odds_api_io,event_id=61301271;market=Player To Score or Assist;selection=Tyrick Mitchell (Assist) (1)
2026-05-21T21:15:41Z,2026-05-24,61301271,2026-05-24T15:00:00Z,,live_capture,Bet365,England - Premier League,ANYTIME_ASSIST,Crystal Palace,Arsenal FC,Will Hughes,,8.5000,odds_api_io,event_id=61301271;market=Player To Score or Assist;selection=Will Hughes (Assist) (1)
2026-05-21T21:15:41Z,2026-05-24,61301271,2026-05-24T15:00:00Z,,live_capture,Bet365,England - Premier League,ANYTIME_ASSIST,Crystal Palace,Arsenal FC,Evann Guessand,,7.0000,odds_api_io,event_id=61301271;market=Player To Score or Assist;selection=Evann Guessand (Assist) (1)
2026-05-21T21:15:41Z,2026-05-24,61301271,2026-05-24T15:00:00Z,,live_capture,Bet365,England - Premier League,ANYTIME_ASSIST,Crystal Palace,Arsenal FC,Justin Devenny,,7.0000,odds_api_io,event_id=61301271;market=Player To Score or Assist;selection=Justin Devenny (Assist) (1)
2026-05-21T21:15:41Z,2026-05-24,61301271,2026-05-24T15:00:00Z,,live_capture,Bet365,England - Premier League,ANYTIME_ASSIST,Crystal Palace,Arsenal FC,Borna Sosa,,7.0000,odds_api_io,event_id=61301271;market=Player To Score or Assist;selection=Borna Sosa (Assist) (1)
2026-05-21T21:15:41Z,2026-05-24,61301271,2026-05-24T15:00:00Z,,live_capture,Bet365,England - Premier League,ANYTIME_ASSIST,Crystal Palace,Arsenal FC,Nathaniel Clyne,,13.0000,odds_api_io,event_id=61301271;market=Player To Score or Assist;selection=Nathaniel Clyne (Assist) (1)
2026-05-21T21:15:41Z,2026-05-24,61301267,2026-05-24T15:00:00Z,,live_capture,Bet365,England - Premier League,ANYTIME_ASSIST,Brighton & Hove Albion,Manchester United,Matt O'Riley,,4.3330,odds_api_io,event_id=61301267;market=Player To Score or Assist;selection=Matt O'Riley (Assist) (1)
2026-05-21T21:15:41Z,2026-05-24,61301267,2026-05-24T15:00:00Z,,live_capture,Bet365,England - Premier League,ANYTIME_ASSIST,Brighton & Hove Albion,Manchester United,Jack Hinshelwood,,6.5000,odds_api_io,event_id=61301267;market=Player To Score or Assist;selection=Jack Hinshelwood (Assist) (1)
2026-05-21T21:15:41Z,2026-05-24,61301267,2026-05-24T15:00:00Z,,live_capture,Bet365,England - Premier League,ANYTIME_ASSIST,Brighton & Hove Albion,Manchester United,Lewis Dunk,,10.0000,odds_api_io,event_id=61301267;market=Player To Score or Assist;selection=Lewis Dunk (Assist) (1)
2026-05-21T21:15:41Z,2026-05-24,61301267,2026-05-24T15:00:00Z,,live_capture,Bet365,England - Premier League,ANYTIME_ASSIST,Brighton & Hove Albion,Manchester United,Tyrell Malacia,,12.0000,odds_api_io,event_id=61301267;market=Player To Score or Assist;selection=Tyrell Malacia (Assist) (2)
2026-05-21T21:15:41Z,2026-05-24,61301267,2026-05-24T15:00:00Z,,live_capture,Bet365,England - Premier League,ANYTIME_ASSIST,Brighton & Hove Albion,Manchester United,Lisandro Martinez,,21.0000,odds_api_io,event_id=61301267;market=Player To Score or Assist;selection=Lisandro Martinez (Assist) (2)
2026-05-21T21:15:41Z,2026-05-24,61301267,2026-05-24T15:00:00Z,,live_capture,Bet365,England - Premier League,ANYTIME_ASSIST,Brighton & Hove Albion,Manchester United,Danny Welbeck,,7.0000,odds_api_io,event_id=61301267;market=Player To Score or Assist;selection=Danny Welbeck (Assist) (1)
2026-05-21T21:15:41Z,2026-05-24,61301267,2026-05-24T15:00:00Z,,live_capture,Bet365,England - Premier League,ANYTIME_ASSIST,Brighton & Hove Albion,Manchester United,Yankuba Minteh,,3.5000,odds_api_io,event_id=61301267;market=Player To Score or Assist;selection=Yankuba Minteh (Assist) (1)
2026-05-21T21:15:41Z,2026-05-24,61301267,2026-05-24T15:00:00Z,,live_capture,Bet365,England - Premier League,ANYTIME_ASSIST,Brighton & Hove Albion,Manchester United,Charalampos Kostoulas,,5.5000,odds_api_io,event_id=61301267;market=Player To Score or Assist;selection=Charalampos Kostoulas (Assist) (1)
2026-05-21T21:15:41Z,2026-05-24,61301267,2026-05-24T15:00:00Z,,live_capture,Bet365,England - Premier League,ANYTIME_ASSIST,Brighton & Hove Albion,Manchester United,Georginio Rutter,,4.0000,odds_api_io,event_id=61301267;market=Player To Score or Assist;selection=Georginio Rutter (Assist) (1)
2026-05-21T21:15:41Z,2026-05-24,61301267,2026-05-24T15:00:00Z,,live_capture,Bet365,England - Premier League,ANYTIME_ASSIST,Brighton & Hove Albion,Manchester United,Diego Gomez,,4.5000,odds_api_io,event_id=61301267;market=Player To Score or Assist;selection=Diego Gomez (Assist) (1)
2026-05-21T21:15:41Z,2026-05-24,61301267,2026-05-24T15:00:00Z,,live_capture,Bet365,England - Premier League,ANYTIME_ASSIST,Brighton & Hove Albion,Manchester United,Matheus Cunha,,4.3330,odds_api_io,event_id=61301267;market=Player To Score or Assist;selection=Matheus Cunha (Assist) (2)
2026-05-21T21:15:41Z,2026-05-24,61301267,2026-05-24T15:00:00Z,,live_capture,Bet365,England - Premier League,ANYTIME_ASSIST,Brighton & Hove Albion,Manchester United,Nehemiah Oriola,,4.5000,odds_api_io,event_id=61301267;market=Player To Score or Assist;selection=Nehemiah Oriola (Assist) (1)
2026-05-21T21:15:41Z,2026-05-24,61301267,2026-05-24T15:00:00Z,,live_capture,Bet365,England - Premier League,ANYTIME_ASSIST,Brighton & Hove Albion,Manchester United,Harry Howell,,5.5000,odds_api_io,event_id=61301267;market=Player To Score or Assist;selection=Harry Howell (Assist) (1)
2026-05-21T21:15:41Z,2026-05-24,61301267,2026-05-24T15:00:00Z,,live_capture,Bet365,England - Premier League,ANYTIME_ASSIST,Brighton & Hove Albion,Manchester United,Amad Diallo,,6.0000,odds_api_io,event_id=61301267;market=Player To Score or Assist;selection=Amad Diallo (Assist) (2)
2026-05-21T21:15:41Z,2026-05-24,61301267,2026-05-24T15:00:00Z,,live_capture,Bet365,England - Premier League,ANYTIME_ASSIST,Brighton & Hove Albion,Manchester United,Maxim De Cuyper,,4.5000,odds_api_io,event_id=61301267;market=Player To Score or Assist;selection=Maxim De Cuyper (Assist) (1)
2026-05-21T21:15:41Z,2026-05-24,61301267,2026-05-24T15:00:00Z,,live_capture,Bet365,England - Premier League,ANYTIME_ASSIST,Brighton & Hove Albion,Manchester United,James Milner,,5.5000,odds_api_io,event_id=61301267;market=Player To Score or Assist;selection=James Milner (Assist) (1)
2026-05-21T21:15:41Z,2026-05-24,61301267,2026-05-24T15:00:00Z,,live_capture,Bet365,England - Premier League,ANYTIME_ASSIST,Brighton & Hove Albion,Manchester United,Bendito Mantato,,10.0000,odds_api_io,event_id=61301267;market=Player To Score or Assist;selection=Bendito Mantato (Assist) (2)
2026-05-21T21:15:41Z,2026-05-24,61301267,2026-05-24T15:00:00Z,,live_capture,Bet365,England - Premier League,ANYTIME_ASSIST,Brighton & Hove Albion,Manchester United,Ferdi Kadioglu,,7.0000,odds_api_io,event_id=61301267;market=Player To Score or Assist;selection=Ferdi Kadioglu (Assist) (1)
2026-05-21T21:15:41Z,2026-05-24,61301267,2026-05-24T15:00:00Z,,live_capture,Bet365,England - Premier League,ANYTIME_ASSIST,Brighton & Hove Albion,Manchester United,Jan Paul van Hecke,,8.5000,odds_api_io,event_id=61301267;market=Player To Score or Assist;selection=Jan Paul van Hecke (Assist) (1)
2026-05-21T21:15:41Z,2026-05-24,61301267,2026-05-24T15:00:00Z,,live_capture,Bet365,England - Premier League,ANYTIME_ASSIST,Brighton & Hove Albion,Manchester United,Olivier Boscagli,,7.0000,odds_api_io,event_id=61301267;market=Player To Score or Assist;selection=Olivier Boscagli (Assist) (1)
2026-05-21T21:15:41Z,2026-05-24,61301267,2026-05-24T15:00:00Z,,live_capture,Bet365,England - Premier League,ANYTIME_ASSIST,Brighton & Hove Albion,Manchester United,Joel Veltman,,7.0000,odds_api_io,event_id=61301267;market=Player To Score or Assist;selection=Joel Veltman (Assist) (1)
2026-05-21T21:15:41Z,2026-05-24,61301267,2026-05-24T15:00:00Z,,live_capture,Bet365,England - Premier League,ANYTIME_ASSIST,Brighton & Hove Albion,Manchester United,Kobbie Mainoo,,10.0000,odds_api_io,event_id=61301267;market=Player To Score or Assist;selection=Kobbie Mainoo (Assist) (2)
2026-05-21T21:15:41Z,2026-05-24,61301267,2026-05-24T15:00:00Z,,live_capture,Bet365,England - Premier League,ANYTIME_ASSIST,Brighton & Hove Albion,Manchester United,Manuel Ugarte,,10.0000,odds_api_io,event_id=61301267;market=Player To Score or Assist;selection=Manuel Ugarte (Assist) (2)
2026-05-21T21:15:41Z,2026-05-24,61301267,2026-05-24T15:00:00Z,,live_capture,Bet365,England - Premier League,ANYTIME_ASSIST,Brighton & Hove Albion,Manchester United,Luke Shaw,,10.0000,odds_api_io,event_id=61301267;market=Player To Score or Assist;selection=Luke Shaw (Assist) (2)
2026-05-21T21:15:41Z,2026-05-24,61301267,2026-05-24T15:00:00Z,,live_capture,Bet365,England - Premier League,ANYTIME_ASSIST,Brighton & Hove Albion,Manchester United,Bryan Mbeumo,,5.0000,odds_api_io,event_id=61301267;market=Player To Score or Assist;selection=Bryan Mbeumo (Assist) (2)
2026-05-21T21:15:41Z,2026-05-24,61301267,2026-05-24T15:00:00Z,,live_capture,Bet365,England - Premier League,ANYTIME_ASSIST,Brighton & Hove Albion,Manchester United,Benjamin Sesko,,7.5000,odds_api_io,event_id=61301267;market=Player To Score or Assist;selection=Benjamin Sesko (Assist) (2)
2026-05-21T21:15:41Z,2026-05-24,61301267,2026-05-24T15:00:00Z,,live_capture,Bet365,England - Premier League,ANYTIME_ASSIST,Brighton & Hove Albion,Manchester United,Joshua Zirkzee,,8.0000,odds_api_io,event_id=61301267;market=Player To Score or Assist;selection=Joshua Zirkzee (Assist) (2)
2026-05-21T21:15:41Z,2026-05-24,61301267,2026-05-24T15:00:00Z,,live_capture,Bet365,England - Premier League,ANYTIME_ASSIST,Brighton & Hove Albion,Manchester United,Mason Mount,,7.5000,odds_api_io,event_id=61301267;market=Player To Score or Assist;selection=Mason Mount (Assist) (2)
2026-05-21T21:15:41Z,2026-05-24,61301267,2026-05-24T15:00:00Z,,live_capture,Bet365,England - Premier League,ANYTIME_ASSIST,Brighton & Hove Albion,Manchester United,Diogo Dalot,,8.0000,odds_api_io,event_id=61301267;market=Player To Score or Assist;selection=Diogo Dalot (Assist) (2)
2026-05-21T21:15:41Z,2026-05-24,61301267,2026-05-24T15:00:00Z,,live_capture,Bet365,England - Premier League,ANYTIME_ASSIST,Brighton & Hove Albion,Manchester United,Noussair Mazraoui,,11.0000,odds_api_io,event_id=61301267;market=Player To Score or Assist;selection=Noussair Mazraoui (Assist) (2)
2026-05-21T21:15:41Z,2026-05-24,61301267,2026-05-24T15:00:00Z,,live_capture,Bet365,England - Premier League,ANYTIME_ASSIST,Brighton & Hove Albion,Manchester United,Ayden Heaven,,15.0000,odds_api_io,event_id=61301267;market=Player To Score or Assist;selection=Ayden Heaven (Assist) (2)
2026-05-21T21:15:41Z,2026-05-24,61301267,2026-05-24T15:00:00Z,,live_capture,Bet365,England - Premier League,ANYTIME_ASSIST,Brighton & Hove Albion,Manchester United,Bruno Fernandes,,2.6250,odds_api_io,event_id=61301267;market=Player To Score or Assist;selection=Bruno Fernandes (Assist) (2)
2026-05-21T21:15:41Z,2026-05-24,61301267,2026-05-24T15:00:00Z,,live_capture,Bet365,England - Premier League,ANYTIME_ASSIST,Brighton & Hove Albion,Manchester United,Yasin Ayari,,7.5000,odds_api_io,event_id=61301267;market=Player To Score or Assist;selection=Yasin Ayari (Assist) (1)
2026-05-21T21:15:41Z,2026-05-24,61301267,2026-05-24T15:00:00Z,,live_capture,Bet365,England - Premier League,ANYTIME_ASSIST,Brighton & Hove Albion,Manchester United,Carlos Baleba,,7.5000,odds_api_io,event_id=61301267;market=Player To Score or Assist;selection=Carlos Baleba (Assist) (1)
2026-05-21T21:15:41Z,2026-05-24,61301267,2026-05-24T15:00:00Z,,live_capture,Bet365,England - Premier League,ANYTIME_ASSIST,Brighton & Hove Albion,Manchester United,Patrick Dorgu,,7.5000,odds_api_io,event_id=61301267;market=Player To Score or Assist;selection=Patrick Dorgu (Assist) (2)
2026-05-21T21:15:41Z,2026-05-24,61301267,2026-05-24T15:00:00Z,,live_capture,Bet365,England - Premier League,ANYTIME_ASSIST,Brighton & Hove Albion,Manchester United,Igor Julio,,13.0000,odds_api_io,event_id=61301267;market=Player To Score or Assist;selection=Igor Julio (Assist) (1)
2026-05-21T21:15:41Z,2026-05-24,61301267,2026-05-24T15:00:00Z,,live_capture,Bet365,England - Premier League,ANYTIME_ASSIST,Brighton & Hove Albion,Manchester United,Kaoru Mitoma,,4.0000,odds_api_io,event_id=61301267;market=Player To Score or Assist;selection=Kaoru Mitoma (Assist) (1)
2026-05-21T21:15:41Z,2026-05-24,61301267,2026-05-24T15:00:00Z,,live_capture,Bet365,England - Premier League,ANYTIME_ASSIST,Brighton & Hove Albion,Manchester United,Solly March,,4.3330,odds_api_io,event_id=61301267;market=Player To Score or Assist;selection=Solly March (Assist) (1)
2026-05-21T21:15:41Z,2026-05-24,61301267,2026-05-24T15:00:00Z,,live_capture,Bet365,England - Premier League,ANYTIME_ASSIST,Brighton & Hove Albion,Manchester United,Pascal Gross,,4.3330,odds_api_io,event_id=61301267;market=Player To Score or Assist;selection=Pascal Gross (Assist) (1)
2026-05-21T21:15:41Z,2026-05-24,61301267,2026-05-24T15:00:00Z,,live_capture,Bet365,England - Premier League,ANYTIME_ASSIST,Brighton & Hove Albion,Manchester United,Mats Wieffer,,4.3330,odds_api_io,event_id=61301267;market=Player To Score or Assist;selection=Mats Wieffer (Assist) (1)
2026-05-21T21:15:41Z,2026-05-24,61301267,2026-05-24T15:00:00Z,,live_capture,Bet365,England - Premier League,ANYTIME_ASSIST,Brighton & Hove Albion,Manchester United,Harry Maguire,,17.0000,odds_api_io,event_id=61301267;market=Player To Score or Assist;selection=Harry Maguire (Assist) (2)
2026-05-21T21:15:41Z,2026-05-24,61301267,2026-05-24T15:00:00Z,,live_capture,Bet365,England - Premier League,ANYTIME_ASSIST,Brighton & Hove Albion,Manchester United,Leny Yoro,,17.0000,odds_api_io,event_id=61301267;market=Player To Score or Assist;selection=Leny Yoro (Assist) (2)
