event_id,date,tour,tournament,bookmaker,player,opponent,market,line,over_odds,under_odds,capture_ts,match_start_utc,raw_market_name,raw_outcome_count,raw_label_sample
72661912,2026-07-16,ATP,Bastad,Bet365,Andrey Rublev,Andrea Pellegrino,match_aces,0.5,1.0500,,2026-07-16T10:22:31Z,2026-07-16T10:30:00Z,Team Total (Aces) Away,4,"{'hdp': 0.5, 'over': '1.05'}"
72661912,2026-07-16,ATP,Bastad,Bet365,Andrey Rublev,Andrea Pellegrino,match_aces,2.5,1.5700,,2026-07-16T10:22:31Z,2026-07-16T10:30:00Z,Team Total (Aces) Away,4,"{'hdp': 2.5, 'over': '1.57'}"
72661912,2026-07-16,ATP,Bastad,Bet365,Andrey Rublev,Andrea Pellegrino,match_aces,4.5,3.2500,,2026-07-16T10:22:31Z,2026-07-16T10:30:00Z,Team Total (Aces) Away,4,"{'hdp': 4.5, 'over': '3.25'}"
72661912,2026-07-16,ATP,Bastad,Bet365,Andrey Rublev,Andrea Pellegrino,match_aces,9.5,26.0000,,2026-07-16T10:22:31Z,2026-07-16T10:30:00Z,Team Total (Aces) Away,4,"{'hdp': 9.5, 'over': '26.00'}"
72661912,2026-07-16,ATP,Bastad,Bet365,Andrey Rublev,Andrea Pellegrino,match_aces,2.5,1.1100,,2026-07-16T10:22:31Z,2026-07-16T10:30:00Z,Team Total (Aces) Home,6,"{'hdp': 2.5, 'over': '1.11'}"
72661912,2026-07-16,ATP,Bastad,Bet365,Andrey Rublev,Andrea Pellegrino,match_aces,4.5,1.4400,,2026-07-16T10:22:31Z,2026-07-16T10:30:00Z,Team Total (Aces) Home,6,"{'hdp': 4.5, 'over': '1.44'}"
72661912,2026-07-16,ATP,Bastad,Bet365,Andrey Rublev,Andrea Pellegrino,match_aces,9.5,4.5000,,2026-07-16T10:22:31Z,2026-07-16T10:30:00Z,Team Total (Aces) Home,6,"{'hdp': 9.5, 'over': '4.50'}"
72661912,2026-07-16,ATP,Bastad,Bet365,Andrey Rublev,Andrea Pellegrino,match_aces,14.5,21.0000,,2026-07-16T10:22:31Z,2026-07-16T10:30:00Z,Team Total (Aces) Home,6,"{'hdp': 14.5, 'over': '21.00'}"
72661912,2026-07-16,ATP,Bastad,Bet365,Andrey Rublev,Andrea Pellegrino,match_aces,19.5,26.0000,,2026-07-16T10:22:31Z,2026-07-16T10:30:00Z,Team Total (Aces) Home,6,"{'hdp': 19.5, 'over': '26.00'}"
72661912,2026-07-16,ATP,Bastad,Bet365,Andrey Rublev,Andrea Pellegrino,match_aces,2.5,1.0200,,2026-07-16T10:22:31Z,2026-07-16T10:30:00Z,Totals (Aces),7,"{'hdp': 2.5, 'over': '1.02'}"
72661912,2026-07-16,ATP,Bastad,Bet365,Andrey Rublev,Andrea Pellegrino,match_aces,4.5,1.1100,,2026-07-16T10:22:31Z,2026-07-16T10:30:00Z,Totals (Aces),7,"{'hdp': 4.5, 'over': '1.11'}"
72661912,2026-07-16,ATP,Bastad,Bet365,Andrey Rublev,Andrea Pellegrino,match_aces,9.5,1.9000,,2026-07-16T10:22:31Z,2026-07-16T10:30:00Z,Totals (Aces),7,"{'hdp': 9.5, 'over': '1.90'}"
72661912,2026-07-16,ATP,Bastad,Bet365,Andrey Rublev,Andrea Pellegrino,match_aces,14.5,5.0000,,2026-07-16T10:22:31Z,2026-07-16T10:30:00Z,Totals (Aces),7,"{'hdp': 14.5, 'over': '5.00'}"
72661912,2026-07-16,ATP,Bastad,Bet365,Andrey Rublev,Andrea Pellegrino,match_aces,19.5,15.0000,,2026-07-16T10:22:31Z,2026-07-16T10:30:00Z,Totals (Aces),7,"{'hdp': 19.5, 'over': '15.00'}"
72661912,2026-07-16,ATP,Bastad,Bet365,Andrey Rublev,Andrea Pellegrino,match_aces,24.5,26.0000,,2026-07-16T10:22:31Z,2026-07-16T10:30:00Z,Totals (Aces),7,"{'hdp': 24.5, 'over': '26.00'}"
72661908,2026-07-16,ATP,Bastad,Bet365,Alejandro Tabilo,Lautaro Midon,match_aces,2.5,1.0200,,2026-07-16T10:22:31Z,2026-07-16T11:40:00Z,Totals (Aces),7,"{'hdp': 2.5, 'over': '1.02'}"
72661908,2026-07-16,ATP,Bastad,Bet365,Alejandro Tabilo,Lautaro Midon,match_aces,4.5,1.1100,,2026-07-16T10:22:31Z,2026-07-16T11:40:00Z,Totals (Aces),7,"{'hdp': 4.5, 'over': '1.11'}"
72661908,2026-07-16,ATP,Bastad,Bet365,Alejandro Tabilo,Lautaro Midon,match_aces,9.5,1.9000,,2026-07-16T10:22:31Z,2026-07-16T11:40:00Z,Totals (Aces),7,"{'hdp': 9.5, 'over': '1.90'}"
72661908,2026-07-16,ATP,Bastad,Bet365,Alejandro Tabilo,Lautaro Midon,match_aces,14.5,5.0000,,2026-07-16T10:22:31Z,2026-07-16T11:40:00Z,Totals (Aces),7,"{'hdp': 14.5, 'over': '5.00'}"
72661908,2026-07-16,ATP,Bastad,Bet365,Alejandro Tabilo,Lautaro Midon,match_aces,19.5,15.0000,,2026-07-16T10:22:31Z,2026-07-16T11:40:00Z,Totals (Aces),7,"{'hdp': 19.5, 'over': '15.00'}"
72661908,2026-07-16,ATP,Bastad,Bet365,Alejandro Tabilo,Lautaro Midon,match_aces,24.5,26.0000,,2026-07-16T10:22:31Z,2026-07-16T11:40:00Z,Totals (Aces),7,"{'hdp': 24.5, 'over': '26.00'}"
72661908,2026-07-16,ATP,Bastad,Bet365,Alejandro Tabilo,Lautaro Midon,match_double_faults,0.5,1.0400,,2026-07-16T10:22:31Z,2026-07-16T11:40:00Z,Totals (Double Faults),5,"{'hdp': 0.5, 'over': '1.04'}"
72661908,2026-07-16,ATP,Bastad,Bet365,Alejandro Tabilo,Lautaro Midon,match_double_faults,1.5,1.2200,,2026-07-16T10:22:31Z,2026-07-16T11:40:00Z,Totals (Double Faults),5,"{'hdp': 1.5, 'over': '1.22'}"
72661908,2026-07-16,ATP,Bastad,Bet365,Alejandro Tabilo,Lautaro Midon,match_double_faults,2.5,1.6600,,2026-07-16T10:22:31Z,2026-07-16T11:40:00Z,Totals (Double Faults),5,"{'hdp': 2.5, 'over': '1.66'}"
72661908,2026-07-16,ATP,Bastad,Bet365,Alejandro Tabilo,Lautaro Midon,match_double_faults,4.5,4.3300,,2026-07-16T10:22:31Z,2026-07-16T11:40:00Z,Totals (Double Faults),5,"{'hdp': 4.5, 'over': '4.33'}"
72661908,2026-07-16,ATP,Bastad,Bet365,Alejandro Tabilo,Lautaro Midon,match_double_faults,7.5,26.0000,,2026-07-16T10:22:31Z,2026-07-16T11:40:00Z,Totals (Double Faults),5,"{'hdp': 7.5, 'over': '26.00'}"
72661908,2026-07-16,ATP,Bastad,Bet365,Alejandro Tabilo,Lautaro Midon,match_double_faults,0.5,1.1800,,2026-07-16T10:22:31Z,2026-07-16T11:40:00Z,Team Total (Double Faults) Away,5,"{'hdp': 0.5, 'over': '1.18'}"
72661908,2026-07-16,ATP,Bastad,Bet365,Alejandro Tabilo,Lautaro Midon,match_double_faults,1.5,1.8300,,2026-07-16T10:22:31Z,2026-07-16T11:40:00Z,Team Total (Double Faults) Away,5,"{'hdp': 1.5, 'over': '1.83'}"
72661908,2026-07-16,ATP,Bastad,Bet365,Alejandro Tabilo,Lautaro Midon,match_double_faults,2.5,3.5000,,2026-07-16T10:22:31Z,2026-07-16T11:40:00Z,Team Total (Double Faults) Away,5,"{'hdp': 2.5, 'over': '3.50'}"
72661908,2026-07-16,ATP,Bastad,Bet365,Alejandro Tabilo,Lautaro Midon,match_double_faults,4.5,17.0000,,2026-07-16T10:22:31Z,2026-07-16T11:40:00Z,Team Total (Double Faults) Away,5,"{'hdp': 4.5, 'over': '17.00'}"
72661908,2026-07-16,ATP,Bastad,Bet365,Alejandro Tabilo,Lautaro Midon,match_double_faults,7.5,26.0000,,2026-07-16T10:22:31Z,2026-07-16T11:40:00Z,Team Total (Double Faults) Away,5,"{'hdp': 7.5, 'over': '26.00'}"
72661908,2026-07-16,ATP,Bastad,Bet365,Alejandro Tabilo,Lautaro Midon,match_aces,0.5,1.0100,,2026-07-16T10:22:31Z,2026-07-16T11:40:00Z,Team Total (Aces) Home,5,"{'hdp': 0.5, 'over': '1.01'}"
72661908,2026-07-16,ATP,Bastad,Bet365,Alejandro Tabilo,Lautaro Midon,match_aces,2.5,1.2500,,2026-07-16T10:22:31Z,2026-07-16T11:40:00Z,Team Total (Aces) Home,5,"{'hdp': 2.5, 'over': '1.25'}"
72661908,2026-07-16,ATP,Bastad,Bet365,Alejandro Tabilo,Lautaro Midon,match_aces,4.5,2.0000,,2026-07-16T10:22:31Z,2026-07-16T11:40:00Z,Team Total (Aces) Home,5,"{'hdp': 4.5, 'over': '2.00'}"
72661908,2026-07-16,ATP,Bastad,Bet365,Alejandro Tabilo,Lautaro Midon,match_aces,9.5,13.0000,,2026-07-16T10:22:31Z,2026-07-16T11:40:00Z,Team Total (Aces) Home,5,"{'hdp': 9.5, 'over': '13.00'}"
72661908,2026-07-16,ATP,Bastad,Bet365,Alejandro Tabilo,Lautaro Midon,match_aces,14.5,26.0000,,2026-07-16T10:22:31Z,2026-07-16T11:40:00Z,Team Total (Aces) Home,5,"{'hdp': 14.5, 'over': '26.00'}"
72661908,2026-07-16,ATP,Bastad,Bet365,Alejandro Tabilo,Lautaro Midon,match_double_faults,0.5,1.3600,,2026-07-16T10:22:31Z,2026-07-16T11:40:00Z,Team Total (Double Faults) Home,4,"{'hdp': 0.5, 'over': '1.36'}"
72661908,2026-07-16,ATP,Bastad,Bet365,Alejandro Tabilo,Lautaro Midon,match_double_faults,1.5,2.5000,,2026-07-16T10:22:31Z,2026-07-16T11:40:00Z,Team Total (Double Faults) Home,4,"{'hdp': 1.5, 'over': '2.50'}"
72661908,2026-07-16,ATP,Bastad,Bet365,Alejandro Tabilo,Lautaro Midon,match_double_faults,2.5,5.5000,,2026-07-16T10:22:31Z,2026-07-16T11:40:00Z,Team Total (Double Faults) Home,4,"{'hdp': 2.5, 'over': '5.50'}"
72661908,2026-07-16,ATP,Bastad,Bet365,Alejandro Tabilo,Lautaro Midon,match_double_faults,4.5,26.0000,,2026-07-16T10:22:31Z,2026-07-16T11:40:00Z,Team Total (Double Faults) Home,4,"{'hdp': 4.5, 'over': '26.00'}"
72661908,2026-07-16,ATP,Bastad,Bet365,Alejandro Tabilo,Lautaro Midon,match_aces,0.5,1.0100,,2026-07-16T10:22:31Z,2026-07-16T11:40:00Z,Team Total (Aces) Away,5,"{'hdp': 0.5, 'over': '1.01'}"
72661908,2026-07-16,ATP,Bastad,Bet365,Alejandro Tabilo,Lautaro Midon,match_aces,2.5,1.2200,,2026-07-16T10:22:31Z,2026-07-16T11:40:00Z,Team Total (Aces) Away,5,"{'hdp': 2.5, 'over': '1.22'}"
72661908,2026-07-16,ATP,Bastad,Bet365,Alejandro Tabilo,Lautaro Midon,match_aces,4.5,1.7200,,2026-07-16T10:22:31Z,2026-07-16T11:40:00Z,Team Total (Aces) Away,5,"{'hdp': 4.5, 'over': '1.72'}"
72661908,2026-07-16,ATP,Bastad,Bet365,Alejandro Tabilo,Lautaro Midon,match_aces,9.5,7.0000,,2026-07-16T10:22:31Z,2026-07-16T11:40:00Z,Team Total (Aces) Away,5,"{'hdp': 9.5, 'over': '7.00'}"
72661908,2026-07-16,ATP,Bastad,Bet365,Alejandro Tabilo,Lautaro Midon,match_aces,14.5,26.0000,,2026-07-16T10:22:31Z,2026-07-16T11:40:00Z,Team Total (Aces) Away,5,"{'hdp': 14.5, 'over': '26.00'}"
72661910,2026-07-16,ATP,Bastad,Bet365,Jesper De Jong,Sebastian Baez,match_double_faults,0.5,1.0100,,2026-07-16T10:22:31Z,2026-07-16T12:50:00Z,Team Total (Double Faults) Home,7,"{'hdp': 0.5, 'over': '1.01'}"
72661910,2026-07-16,ATP,Bastad,Bet365,Jesper De Jong,Sebastian Baez,match_double_faults,1.5,1.0800,,2026-07-16T10:22:31Z,2026-07-16T12:50:00Z,Team Total (Double Faults) Home,7,"{'hdp': 1.5, 'over': '1.08'}"
72661910,2026-07-16,ATP,Bastad,Bet365,Jesper De Jong,Sebastian Baez,match_double_faults,2.5,1.2500,,2026-07-16T10:22:31Z,2026-07-16T12:50:00Z,Team Total (Double Faults) Home,7,"{'hdp': 2.5, 'over': '1.25'}"
72661910,2026-07-16,ATP,Bastad,Bet365,Jesper De Jong,Sebastian Baez,match_double_faults,4.5,2.1000,,2026-07-16T10:22:31Z,2026-07-16T12:50:00Z,Team Total (Double Faults) Home,7,"{'hdp': 4.5, 'over': '2.10'}"
72661910,2026-07-16,ATP,Bastad,Bet365,Jesper De Jong,Sebastian Baez,match_double_faults,7.5,7.0000,,2026-07-16T10:22:31Z,2026-07-16T12:50:00Z,Team Total (Double Faults) Home,7,"{'hdp': 7.5, 'over': '7.00'}"
72661910,2026-07-16,ATP,Bastad,Bet365,Jesper De Jong,Sebastian Baez,match_double_faults,9.5,19.0000,,2026-07-16T10:22:31Z,2026-07-16T12:50:00Z,Team Total (Double Faults) Home,7,"{'hdp': 9.5, 'over': '19.00'}"
72661910,2026-07-16,ATP,Bastad,Bet365,Jesper De Jong,Sebastian Baez,match_double_faults,11.5,26.0000,,2026-07-16T10:22:31Z,2026-07-16T12:50:00Z,Team Total (Double Faults) Home,7,"{'hdp': 11.5, 'over': '26.00'}"
72661910,2026-07-16,ATP,Bastad,Bet365,Jesper De Jong,Sebastian Baez,match_aces,2.5,1.0800,,2026-07-16T10:22:31Z,2026-07-16T12:50:00Z,Team Total (Aces) Home,6,"{'hdp': 2.5, 'over': '1.08'}"
72661910,2026-07-16,ATP,Bastad,Bet365,Jesper De Jong,Sebastian Baez,match_aces,4.5,1.3600,,2026-07-16T10:22:31Z,2026-07-16T12:50:00Z,Team Total (Aces) Home,6,"{'hdp': 4.5, 'over': '1.36'}"
72661910,2026-07-16,ATP,Bastad,Bet365,Jesper De Jong,Sebastian Baez,match_aces,9.5,3.7500,,2026-07-16T10:22:31Z,2026-07-16T12:50:00Z,Team Total (Aces) Home,6,"{'hdp': 9.5, 'over': '3.75'}"
72661910,2026-07-16,ATP,Bastad,Bet365,Jesper De Jong,Sebastian Baez,match_aces,14.5,15.0000,,2026-07-16T10:22:31Z,2026-07-16T12:50:00Z,Team Total (Aces) Home,6,"{'hdp': 14.5, 'over': '15.00'}"
72661910,2026-07-16,ATP,Bastad,Bet365,Jesper De Jong,Sebastian Baez,match_aces,19.5,26.0000,,2026-07-16T10:22:31Z,2026-07-16T12:50:00Z,Team Total (Aces) Home,6,"{'hdp': 19.5, 'over': '26.00'}"
72661910,2026-07-16,ATP,Bastad,Bet365,Jesper De Jong,Sebastian Baez,match_double_faults,0.5,1.0800,,2026-07-16T10:22:31Z,2026-07-16T12:50:00Z,Team Total (Double Faults) Away,5,"{'hdp': 0.5, 'over': '1.08'}"
72661910,2026-07-16,ATP,Bastad,Bet365,Jesper De Jong,Sebastian Baez,match_double_faults,1.5,1.3600,,2026-07-16T10:22:31Z,2026-07-16T12:50:00Z,Team Total (Double Faults) Away,5,"{'hdp': 1.5, 'over': '1.36'}"
72661910,2026-07-16,ATP,Bastad,Bet365,Jesper De Jong,Sebastian Baez,match_double_faults,2.5,2.0000,,2026-07-16T10:22:31Z,2026-07-16T12:50:00Z,Team Total (Double Faults) Away,5,"{'hdp': 2.5, 'over': '2.00'}"
72661910,2026-07-16,ATP,Bastad,Bet365,Jesper De Jong,Sebastian Baez,match_double_faults,4.5,6.5000,,2026-07-16T10:22:31Z,2026-07-16T12:50:00Z,Team Total (Double Faults) Away,5,"{'hdp': 4.5, 'over': '6.50'}"
72661910,2026-07-16,ATP,Bastad,Bet365,Jesper De Jong,Sebastian Baez,match_double_faults,7.5,26.0000,,2026-07-16T10:22:31Z,2026-07-16T12:50:00Z,Team Total (Double Faults) Away,5,"{'hdp': 7.5, 'over': '26.00'}"
72661910,2026-07-16,ATP,Bastad,Bet365,Jesper De Jong,Sebastian Baez,match_double_faults,2.5,1.0400,,2026-07-16T10:22:31Z,2026-07-16T12:50:00Z,Totals (Double Faults),8,"{'hdp': 2.5, 'over': '1.04'}"
72661910,2026-07-16,ATP,Bastad,Bet365,Jesper De Jong,Sebastian Baez,match_double_faults,4.5,1.2500,,2026-07-16T10:22:31Z,2026-07-16T12:50:00Z,Totals (Double Faults),8,"{'hdp': 4.5, 'over': '1.25'}"
72661910,2026-07-16,ATP,Bastad,Bet365,Jesper De Jong,Sebastian Baez,match_double_faults,7.5,2.3700,,2026-07-16T10:22:31Z,2026-07-16T12:50:00Z,Totals (Double Faults),8,"{'hdp': 7.5, 'over': '2.37'}"
72661910,2026-07-16,ATP,Bastad,Bet365,Jesper De Jong,Sebastian Baez,match_double_faults,9.5,4.3300,,2026-07-16T10:22:31Z,2026-07-16T12:50:00Z,Totals (Double Faults),8,"{'hdp': 9.5, 'over': '4.33'}"
72661910,2026-07-16,ATP,Bastad,Bet365,Jesper De Jong,Sebastian Baez,match_double_faults,11.5,10.0000,,2026-07-16T10:22:31Z,2026-07-16T12:50:00Z,Totals (Double Faults),8,"{'hdp': 11.5, 'over': '10.00'}"
72661910,2026-07-16,ATP,Bastad,Bet365,Jesper De Jong,Sebastian Baez,match_double_faults,14.5,26.0000,,2026-07-16T10:22:31Z,2026-07-16T12:50:00Z,Totals (Double Faults),8,"{'hdp': 14.5, 'over': '26.00'}"
72661910,2026-07-16,ATP,Bastad,Bet365,Jesper De Jong,Sebastian Baez,match_aces,9.5,17.0000,,2026-07-16T10:22:31Z,2026-07-16T12:50:00Z,Team Total (Aces) Away,5,"{'hdp': 9.5, 'over': '17.00'}"
72661910,2026-07-16,ATP,Bastad,Bet365,Jesper De Jong,Sebastian Baez,match_aces,0.5,1.0300,,2026-07-16T10:22:31Z,2026-07-16T12:50:00Z,Team Total (Aces) Away,5,"{'hdp': 0.5, 'over': '1.03'}"
72661910,2026-07-16,ATP,Bastad,Bet365,Jesper De Jong,Sebastian Baez,match_aces,2.5,1.4000,,2026-07-16T10:22:31Z,2026-07-16T12:50:00Z,Team Total (Aces) Away,5,"{'hdp': 2.5, 'over': '1.40'}"
72661910,2026-07-16,ATP,Bastad,Bet365,Jesper De Jong,Sebastian Baez,match_aces,4.5,2.5000,,2026-07-16T10:22:31Z,2026-07-16T12:50:00Z,Team Total (Aces) Away,5,"{'hdp': 4.5, 'over': '2.50'}"
72661910,2026-07-16,ATP,Bastad,Bet365,Jesper De Jong,Sebastian Baez,match_aces,14.5,26.0000,,2026-07-16T10:22:31Z,2026-07-16T12:50:00Z,Team Total (Aces) Away,5,"{'hdp': 14.5, 'over': '26.00'}"
72661910,2026-07-16,ATP,Bastad,Bet365,Jesper De Jong,Sebastian Baez,match_aces,2.5,1.0100,,2026-07-16T10:22:31Z,2026-07-16T12:50:00Z,Totals (Aces),7,"{'hdp': 2.5, 'over': '1.01'}"
72661910,2026-07-16,ATP,Bastad,Bet365,Jesper De Jong,Sebastian Baez,match_aces,4.5,1.0700,,2026-07-16T10:22:31Z,2026-07-16T12:50:00Z,Totals (Aces),7,"{'hdp': 4.5, 'over': '1.07'}"
72661910,2026-07-16,ATP,Bastad,Bet365,Jesper De Jong,Sebastian Baez,match_aces,9.5,1.6600,,2026-07-16T10:22:31Z,2026-07-16T12:50:00Z,Totals (Aces),7,"{'hdp': 9.5, 'over': '1.66'}"
72661910,2026-07-16,ATP,Bastad,Bet365,Jesper De Jong,Sebastian Baez,match_aces,14.5,3.7500,,2026-07-16T10:22:31Z,2026-07-16T12:50:00Z,Totals (Aces),7,"{'hdp': 14.5, 'over': '3.75'}"
72661910,2026-07-16,ATP,Bastad,Bet365,Jesper De Jong,Sebastian Baez,match_aces,19.5,11.0000,,2026-07-16T10:22:31Z,2026-07-16T12:50:00Z,Totals (Aces),7,"{'hdp': 19.5, 'over': '11.00'}"
72661910,2026-07-16,ATP,Bastad,Bet365,Jesper De Jong,Sebastian Baez,match_aces,24.5,26.0000,,2026-07-16T10:22:31Z,2026-07-16T12:50:00Z,Totals (Aces),7,"{'hdp': 24.5, 'over': '26.00'}"
72668642,2026-07-16,WTA,"WTA - Iasi, Romania",Bet365,Alevtina Ibragimova,Paula Badosa,match_double_faults,1.5,1.0400,,2026-07-16T10:22:31Z,2026-07-16T14:30:00Z,Team Total (Double Faults) Away,9,"{'hdp': 1.5, 'over': '1.04'}"
72668642,2026-07-16,WTA,"WTA - Iasi, Romania",Bet365,Alevtina Ibragimova,Paula Badosa,match_double_faults,2.5,1.1200,,2026-07-16T10:22:31Z,2026-07-16T14:30:00Z,Team Total (Double Faults) Away,9,"{'hdp': 2.5, 'over': '1.12'}"
72668642,2026-07-16,WTA,"WTA - Iasi, Romania",Bet365,Alevtina Ibragimova,Paula Badosa,match_double_faults,4.5,1.5000,,2026-07-16T10:22:31Z,2026-07-16T14:30:00Z,Team Total (Double Faults) Away,9,"{'hdp': 4.5, 'over': '1.50'}"
72668642,2026-07-16,WTA,"WTA - Iasi, Romania",Bet365,Alevtina Ibragimova,Paula Badosa,match_double_faults,7.5,2.7500,,2026-07-16T10:22:31Z,2026-07-16T14:30:00Z,Team Total (Double Faults) Away,9,"{'hdp': 7.5, 'over': '2.75'}"
72668642,2026-07-16,WTA,"WTA - Iasi, Romania",Bet365,Alevtina Ibragimova,Paula Badosa,match_double_faults,9.5,5.0000,,2026-07-16T10:22:31Z,2026-07-16T14:30:00Z,Team Total (Double Faults) Away,9,"{'hdp': 9.5, 'over': '5.00'}"
72668642,2026-07-16,WTA,"WTA - Iasi, Romania",Bet365,Alevtina Ibragimova,Paula Badosa,match_double_faults,11.5,9.0000,,2026-07-16T10:22:31Z,2026-07-16T14:30:00Z,Team Total (Double Faults) Away,9,"{'hdp': 11.5, 'over': '9.00'}"
72668642,2026-07-16,WTA,"WTA - Iasi, Romania",Bet365,Alevtina Ibragimova,Paula Badosa,match_double_faults,14.5,21.0000,,2026-07-16T10:22:31Z,2026-07-16T14:30:00Z,Team Total (Double Faults) Away,9,"{'hdp': 14.5, 'over': '21.00'}"
72668642,2026-07-16,WTA,"WTA - Iasi, Romania",Bet365,Alevtina Ibragimova,Paula Badosa,match_double_faults,19.5,26.0000,,2026-07-16T10:22:31Z,2026-07-16T14:30:00Z,Team Total (Double Faults) Away,9,"{'hdp': 19.5, 'over': '26.00'}"
72668642,2026-07-16,WTA,"WTA - Iasi, Romania",Bet365,Alevtina Ibragimova,Paula Badosa,match_double_faults,0.5,1.0200,,2026-07-16T10:22:31Z,2026-07-16T14:30:00Z,Team Total (Double Faults) Home,6,"{'hdp': 0.5, 'over': '1.02'}"
72668642,2026-07-16,WTA,"WTA - Iasi, Romania",Bet365,Alevtina Ibragimova,Paula Badosa,match_double_faults,1.5,1.1200,,2026-07-16T10:22:31Z,2026-07-16T14:30:00Z,Team Total (Double Faults) Home,6,"{'hdp': 1.5, 'over': '1.12'}"
72668642,2026-07-16,WTA,"WTA - Iasi, Romania",Bet365,Alevtina Ibragimova,Paula Badosa,match_double_faults,2.5,1.4000,,2026-07-16T10:22:31Z,2026-07-16T14:30:00Z,Team Total (Double Faults) Home,6,"{'hdp': 2.5, 'over': '1.40'}"
72668642,2026-07-16,WTA,"WTA - Iasi, Romania",Bet365,Alevtina Ibragimova,Paula Badosa,match_double_faults,4.5,2.7500,,2026-07-16T10:22:31Z,2026-07-16T14:30:00Z,Team Total (Double Faults) Home,6,"{'hdp': 4.5, 'over': '2.75'}"
72668642,2026-07-16,WTA,"WTA - Iasi, Romania",Bet365,Alevtina Ibragimova,Paula Badosa,match_double_faults,7.5,15.0000,,2026-07-16T10:22:31Z,2026-07-16T14:30:00Z,Team Total (Double Faults) Home,6,"{'hdp': 7.5, 'over': '15.00'}"
72668642,2026-07-16,WTA,"WTA - Iasi, Romania",Bet365,Alevtina Ibragimova,Paula Badosa,match_double_faults,9.5,26.0000,,2026-07-16T10:22:31Z,2026-07-16T14:30:00Z,Team Total (Double Faults) Home,6,"{'hdp': 9.5, 'over': '26.00'}"
72668642,2026-07-16,WTA,"WTA - Iasi, Romania",Bet365,Alevtina Ibragimova,Paula Badosa,match_aces,2.5,1.1100,,2026-07-16T10:22:31Z,2026-07-16T14:30:00Z,Totals (Aces),6,"{'hdp': 2.5, 'over': '1.11'}"
72668642,2026-07-16,WTA,"WTA - Iasi, Romania",Bet365,Alevtina Ibragimova,Paula Badosa,match_aces,4.5,1.5000,,2026-07-16T10:22:31Z,2026-07-16T14:30:00Z,Totals (Aces),6,"{'hdp': 4.5, 'over': '1.50'}"
72668642,2026-07-16,WTA,"WTA - Iasi, Romania",Bet365,Alevtina Ibragimova,Paula Badosa,match_aces,9.5,5.5000,,2026-07-16T10:22:31Z,2026-07-16T14:30:00Z,Totals (Aces),6,"{'hdp': 9.5, 'over': '5.50'}"
72668642,2026-07-16,WTA,"WTA - Iasi, Romania",Bet365,Alevtina Ibragimova,Paula Badosa,match_aces,14.5,23.0000,,2026-07-16T10:22:31Z,2026-07-16T14:30:00Z,Totals (Aces),6,"{'hdp': 14.5, 'over': '23.00'}"
72668642,2026-07-16,WTA,"WTA - Iasi, Romania",Bet365,Alevtina Ibragimova,Paula Badosa,match_aces,19.5,26.0000,,2026-07-16T10:22:31Z,2026-07-16T14:30:00Z,Totals (Aces),6,"{'hdp': 19.5, 'over': '26.00'}"
72668642,2026-07-16,WTA,"WTA - Iasi, Romania",Bet365,Alevtina Ibragimova,Paula Badosa,match_double_faults,2.5,1.0100,,2026-07-16T10:22:31Z,2026-07-16T14:30:00Z,Totals (Double Faults),10,"{'hdp': 2.5, 'over': '1.01'}"
72668642,2026-07-16,WTA,"WTA - Iasi, Romania",Bet365,Alevtina Ibragimova,Paula Badosa,match_double_faults,4.5,1.0700,,2026-07-16T10:22:31Z,2026-07-16T14:30:00Z,Totals (Double Faults),10,"{'hdp': 4.5, 'over': '1.07'}"
72668642,2026-07-16,WTA,"WTA - Iasi, Romania",Bet365,Alevtina Ibragimova,Paula Badosa,match_double_faults,7.5,1.4000,,2026-07-16T10:22:31Z,2026-07-16T14:30:00Z,Totals (Double Faults),10,"{'hdp': 7.5, 'over': '1.40'}"
72668642,2026-07-16,WTA,"WTA - Iasi, Romania",Bet365,Alevtina Ibragimova,Paula Badosa,match_double_faults,9.5,1.8300,,2026-07-16T10:22:31Z,2026-07-16T14:30:00Z,Totals (Double Faults),10,"{'hdp': 9.5, 'over': '1.83'}"
72668642,2026-07-16,WTA,"WTA - Iasi, Romania",Bet365,Alevtina Ibragimova,Paula Badosa,match_double_faults,11.5,2.7500,,2026-07-16T10:22:31Z,2026-07-16T14:30:00Z,Totals (Double Faults),10,"{'hdp': 11.5, 'over': '2.75'}"
72668642,2026-07-16,WTA,"WTA - Iasi, Romania",Bet365,Alevtina Ibragimova,Paula Badosa,match_double_faults,14.5,5.5000,,2026-07-16T10:22:31Z,2026-07-16T14:30:00Z,Totals (Double Faults),10,"{'hdp': 14.5, 'over': '5.50'}"
72668642,2026-07-16,WTA,"WTA - Iasi, Romania",Bet365,Alevtina Ibragimova,Paula Badosa,match_double_faults,19.5,21.0000,,2026-07-16T10:22:31Z,2026-07-16T14:30:00Z,Totals (Double Faults),10,"{'hdp': 19.5, 'over': '21.00'}"
72668642,2026-07-16,WTA,"WTA - Iasi, Romania",Bet365,Alevtina Ibragimova,Paula Badosa,match_double_faults,24.5,26.0000,,2026-07-16T10:22:31Z,2026-07-16T14:30:00Z,Totals (Double Faults),10,"{'hdp': 24.5, 'over': '26.00'}"
72668642,2026-07-16,WTA,"WTA - Iasi, Romania",Bet365,Alevtina Ibragimova,Paula Badosa,match_aces,0.5,1.0500,,2026-07-16T10:22:31Z,2026-07-16T14:30:00Z,Team Total (Aces) Away,4,"{'hdp': 0.5, 'over': '1.05'}"
72668642,2026-07-16,WTA,"WTA - Iasi, Romania",Bet365,Alevtina Ibragimova,Paula Badosa,match_aces,2.5,1.6600,,2026-07-16T10:22:31Z,2026-07-16T14:30:00Z,Team Total (Aces) Away,4,"{'hdp': 2.5, 'over': '1.66'}"
72668642,2026-07-16,WTA,"WTA - Iasi, Romania",Bet365,Alevtina Ibragimova,Paula Badosa,match_aces,4.5,3.7500,,2026-07-16T10:22:31Z,2026-07-16T14:30:00Z,Team Total (Aces) Away,4,"{'hdp': 4.5, 'over': '3.75'}"
72668642,2026-07-16,WTA,"WTA - Iasi, Romania",Bet365,Alevtina Ibragimova,Paula Badosa,match_aces,9.5,26.0000,,2026-07-16T10:22:31Z,2026-07-16T14:30:00Z,Team Total (Aces) Away,4,"{'hdp': 9.5, 'over': '26.00'}"
72668642,2026-07-16,WTA,"WTA - Iasi, Romania",Bet365,Alevtina Ibragimova,Paula Badosa,match_aces,0.5,1.0800,,2026-07-16T10:22:31Z,2026-07-16T14:30:00Z,Team Total (Aces) Home,4,"{'hdp': 0.5, 'over': '1.08'}"
72668642,2026-07-16,WTA,"WTA - Iasi, Romania",Bet365,Alevtina Ibragimova,Paula Badosa,match_aces,2.5,1.8000,,2026-07-16T10:22:31Z,2026-07-16T14:30:00Z,Team Total (Aces) Home,4,"{'hdp': 2.5, 'over': '1.80'}"
72668642,2026-07-16,WTA,"WTA - Iasi, Romania",Bet365,Alevtina Ibragimova,Paula Badosa,match_aces,4.5,4.0000,,2026-07-16T10:22:31Z,2026-07-16T14:30:00Z,Team Total (Aces) Home,4,"{'hdp': 4.5, 'over': '4.00'}"
72668642,2026-07-16,WTA,"WTA - Iasi, Romania",Bet365,Alevtina Ibragimova,Paula Badosa,match_aces,9.5,26.0000,,2026-07-16T10:22:31Z,2026-07-16T14:30:00Z,Team Total (Aces) Home,4,"{'hdp': 9.5, 'over': '26.00'}"
72668702,2026-07-16,WTA,"WTA - Athens, Greece",Bet365,Alina Korneeva,Ann Li,match_aces,0.5,1.0500,,2026-07-16T10:22:31Z,2026-07-16T14:30:00Z,Team Total (Aces) Away,4,"{'hdp': 0.5, 'over': '1.05'}"
72668702,2026-07-16,WTA,"WTA - Athens, Greece",Bet365,Alina Korneeva,Ann Li,match_aces,2.5,1.5700,,2026-07-16T10:22:31Z,2026-07-16T14:30:00Z,Team Total (Aces) Away,4,"{'hdp': 2.5, 'over': '1.57'}"
72668702,2026-07-16,WTA,"WTA - Athens, Greece",Bet365,Alina Korneeva,Ann Li,match_aces,4.5,3.2500,,2026-07-16T10:22:31Z,2026-07-16T14:30:00Z,Team Total (Aces) Away,4,"{'hdp': 4.5, 'over': '3.25'}"
72668702,2026-07-16,WTA,"WTA - Athens, Greece",Bet365,Alina Korneeva,Ann Li,match_aces,9.5,26.0000,,2026-07-16T10:22:31Z,2026-07-16T14:30:00Z,Team Total (Aces) Away,4,"{'hdp': 9.5, 'over': '26.00'}"
72668702,2026-07-16,WTA,"WTA - Athens, Greece",Bet365,Alina Korneeva,Ann Li,match_aces,0.5,1.0500,,2026-07-16T10:22:31Z,2026-07-16T14:30:00Z,Team Total (Aces) Home,4,"{'hdp': 0.5, 'over': '1.05'}"
72668702,2026-07-16,WTA,"WTA - Athens, Greece",Bet365,Alina Korneeva,Ann Li,match_aces,2.5,1.5700,,2026-07-16T10:22:31Z,2026-07-16T14:30:00Z,Team Total (Aces) Home,4,"{'hdp': 2.5, 'over': '1.57'}"
72668702,2026-07-16,WTA,"WTA - Athens, Greece",Bet365,Alina Korneeva,Ann Li,match_aces,4.5,3.4000,,2026-07-16T10:22:31Z,2026-07-16T14:30:00Z,Team Total (Aces) Home,4,"{'hdp': 4.5, 'over': '3.40'}"
72668702,2026-07-16,WTA,"WTA - Athens, Greece",Bet365,Alina Korneeva,Ann Li,match_aces,9.5,26.0000,,2026-07-16T10:22:31Z,2026-07-16T14:30:00Z,Team Total (Aces) Home,4,"{'hdp': 9.5, 'over': '26.00'}"
72668702,2026-07-16,WTA,"WTA - Athens, Greece",Bet365,Alina Korneeva,Ann Li,match_aces,2.5,1.0800,,2026-07-16T10:22:31Z,2026-07-16T14:30:00Z,Totals (Aces),6,"{'hdp': 2.5, 'over': '1.08'}"
72668702,2026-07-16,WTA,"WTA - Athens, Greece",Bet365,Alina Korneeva,Ann Li,match_aces,4.5,1.3600,,2026-07-16T10:22:31Z,2026-07-16T14:30:00Z,Totals (Aces),6,"{'hdp': 4.5, 'over': '1.36'}"
72668702,2026-07-16,WTA,"WTA - Athens, Greece",Bet365,Alina Korneeva,Ann Li,match_aces,9.5,4.0000,,2026-07-16T10:22:31Z,2026-07-16T14:30:00Z,Totals (Aces),6,"{'hdp': 9.5, 'over': '4.00'}"
72668702,2026-07-16,WTA,"WTA - Athens, Greece",Bet365,Alina Korneeva,Ann Li,match_aces,14.5,19.0000,,2026-07-16T10:22:31Z,2026-07-16T14:30:00Z,Totals (Aces),6,"{'hdp': 14.5, 'over': '19.00'}"
72668702,2026-07-16,WTA,"WTA - Athens, Greece",Bet365,Alina Korneeva,Ann Li,match_aces,19.5,26.0000,,2026-07-16T10:22:31Z,2026-07-16T14:30:00Z,Totals (Aces),6,"{'hdp': 19.5, 'over': '26.00'}"
72668704,2026-07-16,WTA,"WTA - Athens, Greece",Bet365,Tereza Valentova,Aliaksandra Sasnovich,match_aces,0.5,1.0700,,2026-07-16T10:22:31Z,2026-07-16T14:30:00Z,Team Total (Aces) Away,4,"{'hdp': 0.5, 'over': '1.07'}"
72668704,2026-07-16,WTA,"WTA - Athens, Greece",Bet365,Tereza Valentova,Aliaksandra Sasnovich,match_aces,2.5,1.7200,,2026-07-16T10:22:31Z,2026-07-16T14:30:00Z,Team Total (Aces) Away,4,"{'hdp': 2.5, 'over': '1.72'}"
72668704,2026-07-16,WTA,"WTA - Athens, Greece",Bet365,Tereza Valentova,Aliaksandra Sasnovich,match_aces,4.5,3.7500,,2026-07-16T10:22:31Z,2026-07-16T14:30:00Z,Team Total (Aces) Away,4,"{'hdp': 4.5, 'over': '3.75'}"
72668704,2026-07-16,WTA,"WTA - Athens, Greece",Bet365,Tereza Valentova,Aliaksandra Sasnovich,match_aces,9.5,26.0000,,2026-07-16T10:22:31Z,2026-07-16T14:30:00Z,Team Total (Aces) Away,4,"{'hdp': 9.5, 'over': '26.00'}"
72668704,2026-07-16,WTA,"WTA - Athens, Greece",Bet365,Tereza Valentova,Aliaksandra Sasnovich,match_aces,0.5,1.0500,,2026-07-16T10:22:31Z,2026-07-16T14:30:00Z,Team Total (Aces) Home,4,"{'hdp': 0.5, 'over': '1.05'}"
72668704,2026-07-16,WTA,"WTA - Athens, Greece",Bet365,Tereza Valentova,Aliaksandra Sasnovich,match_aces,2.5,1.6100,,2026-07-16T10:22:31Z,2026-07-16T14:30:00Z,Team Total (Aces) Home,4,"{'hdp': 2.5, 'over': '1.61'}"
72668704,2026-07-16,WTA,"WTA - Athens, Greece",Bet365,Tereza Valentova,Aliaksandra Sasnovich,match_aces,4.5,3.5000,,2026-07-16T10:22:31Z,2026-07-16T14:30:00Z,Team Total (Aces) Home,4,"{'hdp': 4.5, 'over': '3.50'}"
72668704,2026-07-16,WTA,"WTA - Athens, Greece",Bet365,Tereza Valentova,Aliaksandra Sasnovich,match_aces,9.5,26.0000,,2026-07-16T10:22:31Z,2026-07-16T14:30:00Z,Team Total (Aces) Home,4,"{'hdp': 9.5, 'over': '26.00'}"
72668704,2026-07-16,WTA,"WTA - Athens, Greece",Bet365,Tereza Valentova,Aliaksandra Sasnovich,match_double_faults,4.5,1.0700,,2026-07-16T10:22:31Z,2026-07-16T14:30:00Z,Totals (Double Faults),8,"{'hdp': 4.5, 'over': '1.07'}"
72668704,2026-07-16,WTA,"WTA - Athens, Greece",Bet365,Tereza Valentova,Aliaksandra Sasnovich,match_double_faults,7.5,1.4400,,2026-07-16T10:22:31Z,2026-07-16T14:30:00Z,Totals (Double Faults),8,"{'hdp': 7.5, 'over': '1.44'}"
72668704,2026-07-16,WTA,"WTA - Athens, Greece",Bet365,Tereza Valentova,Aliaksandra Sasnovich,match_double_faults,9.5,2.1000,,2026-07-16T10:22:31Z,2026-07-16T14:30:00Z,Totals (Double Faults),8,"{'hdp': 9.5, 'over': '2.10'}"
72668704,2026-07-16,WTA,"WTA - Athens, Greece",Bet365,Tereza Valentova,Aliaksandra Sasnovich,match_double_faults,11.5,3.4000,,2026-07-16T10:22:31Z,2026-07-16T14:30:00Z,Totals (Double Faults),8,"{'hdp': 11.5, 'over': '3.40'}"
72668704,2026-07-16,WTA,"WTA - Athens, Greece",Bet365,Tereza Valentova,Aliaksandra Sasnovich,match_double_faults,14.5,8.0000,,2026-07-16T10:22:31Z,2026-07-16T14:30:00Z,Totals (Double Faults),8,"{'hdp': 14.5, 'over': '8.00'}"
72668704,2026-07-16,WTA,"WTA - Athens, Greece",Bet365,Tereza Valentova,Aliaksandra Sasnovich,match_double_faults,19.5,26.0000,,2026-07-16T10:22:31Z,2026-07-16T14:30:00Z,Totals (Double Faults),8,"{'hdp': 19.5, 'over': '26.00'}"
72668704,2026-07-16,WTA,"WTA - Athens, Greece",Bet365,Tereza Valentova,Aliaksandra Sasnovich,match_double_faults,1.5,1.0400,,2026-07-16T10:22:31Z,2026-07-16T14:30:00Z,Team Total (Double Faults) Away,8,"{'hdp': 1.5, 'over': '1.04'}"
72668704,2026-07-16,WTA,"WTA - Athens, Greece",Bet365,Tereza Valentova,Aliaksandra Sasnovich,match_double_faults,2.5,1.1200,,2026-07-16T10:22:31Z,2026-07-16T14:30:00Z,Team Total (Double Faults) Away,8,"{'hdp': 2.5, 'over': '1.12'}"
72668704,2026-07-16,WTA,"WTA - Athens, Greece",Bet365,Tereza Valentova,Aliaksandra Sasnovich,match_double_faults,4.5,1.6100,,2026-07-16T10:22:31Z,2026-07-16T14:30:00Z,Team Total (Double Faults) Away,8,"{'hdp': 4.5, 'over': '1.61'}"
72668704,2026-07-16,WTA,"WTA - Athens, Greece",Bet365,Tereza Valentova,Aliaksandra Sasnovich,match_double_faults,7.5,4.0000,,2026-07-16T10:22:31Z,2026-07-16T14:30:00Z,Team Total (Double Faults) Away,8,"{'hdp': 7.5, 'over': '4.00'}"
72668704,2026-07-16,WTA,"WTA - Athens, Greece",Bet365,Tereza Valentova,Aliaksandra Sasnovich,match_double_faults,9.5,10.0000,,2026-07-16T10:22:31Z,2026-07-16T14:30:00Z,Team Total (Double Faults) Away,8,"{'hdp': 9.5, 'over': '10.00'}"
72668704,2026-07-16,WTA,"WTA - Athens, Greece",Bet365,Tereza Valentova,Aliaksandra Sasnovich,match_double_faults,11.5,21.0000,,2026-07-16T10:22:31Z,2026-07-16T14:30:00Z,Team Total (Double Faults) Away,8,"{'hdp': 11.5, 'over': '21.00'}"
72668704,2026-07-16,WTA,"WTA - Athens, Greece",Bet365,Tereza Valentova,Aliaksandra Sasnovich,match_double_faults,14.5,26.0000,,2026-07-16T10:22:31Z,2026-07-16T14:30:00Z,Team Total (Double Faults) Away,8,"{'hdp': 14.5, 'over': '26.00'}"
72668704,2026-07-16,WTA,"WTA - Athens, Greece",Bet365,Tereza Valentova,Aliaksandra Sasnovich,match_double_faults,0.5,1.0200,,2026-07-16T10:22:31Z,2026-07-16T14:30:00Z,Team Total (Double Faults) Home,7,"{'hdp': 0.5, 'over': '1.02'}"
72668704,2026-07-16,WTA,"WTA - Athens, Greece",Bet365,Tereza Valentova,Aliaksandra Sasnovich,match_double_faults,1.5,1.1400,,2026-07-16T10:22:31Z,2026-07-16T14:30:00Z,Team Total (Double Faults) Home,7,"{'hdp': 1.5, 'over': '1.14'}"
72668704,2026-07-16,WTA,"WTA - Athens, Greece",Bet365,Tereza Valentova,Aliaksandra Sasnovich,match_double_faults,2.5,1.3600,,2026-07-16T10:22:31Z,2026-07-16T14:30:00Z,Team Total (Double Faults) Home,7,"{'hdp': 2.5, 'over': '1.36'}"
72668704,2026-07-16,WTA,"WTA - Athens, Greece",Bet365,Tereza Valentova,Aliaksandra Sasnovich,match_double_faults,4.5,2.5000,,2026-07-16T10:22:31Z,2026-07-16T14:30:00Z,Team Total (Double Faults) Home,7,"{'hdp': 4.5, 'over': '2.50'}"
72668704,2026-07-16,WTA,"WTA - Athens, Greece",Bet365,Tereza Valentova,Aliaksandra Sasnovich,match_double_faults,7.5,10.0000,,2026-07-16T10:22:31Z,2026-07-16T14:30:00Z,Team Total (Double Faults) Home,7,"{'hdp': 7.5, 'over': '10.00'}"
72668704,2026-07-16,WTA,"WTA - Athens, Greece",Bet365,Tereza Valentova,Aliaksandra Sasnovich,match_double_faults,9.5,23.0000,,2026-07-16T10:22:31Z,2026-07-16T14:30:00Z,Team Total (Double Faults) Home,7,"{'hdp': 9.5, 'over': '23.00'}"
72668704,2026-07-16,WTA,"WTA - Athens, Greece",Bet365,Tereza Valentova,Aliaksandra Sasnovich,match_double_faults,11.5,26.0000,,2026-07-16T10:22:31Z,2026-07-16T14:30:00Z,Team Total (Double Faults) Home,7,"{'hdp': 11.5, 'over': '26.00'}"
72668704,2026-07-16,WTA,"WTA - Athens, Greece",Bet365,Tereza Valentova,Aliaksandra Sasnovich,match_aces,2.5,1.1000,,2026-07-16T10:22:31Z,2026-07-16T14:30:00Z,Totals (Aces),6,"{'hdp': 2.5, 'over': '1.10'}"
72668704,2026-07-16,WTA,"WTA - Athens, Greece",Bet365,Tereza Valentova,Aliaksandra Sasnovich,match_aces,4.5,1.4400,,2026-07-16T10:22:31Z,2026-07-16T14:30:00Z,Totals (Aces),6,"{'hdp': 4.5, 'over': '1.44'}"
72668704,2026-07-16,WTA,"WTA - Athens, Greece",Bet365,Tereza Valentova,Aliaksandra Sasnovich,match_aces,9.5,5.0000,,2026-07-16T10:22:31Z,2026-07-16T14:30:00Z,Totals (Aces),6,"{'hdp': 9.5, 'over': '5.00'}"
72668704,2026-07-16,WTA,"WTA - Athens, Greece",Bet365,Tereza Valentova,Aliaksandra Sasnovich,match_aces,14.5,23.0000,,2026-07-16T10:22:31Z,2026-07-16T14:30:00Z,Totals (Aces),6,"{'hdp': 14.5, 'over': '23.00'}"
72668704,2026-07-16,WTA,"WTA - Athens, Greece",Bet365,Tereza Valentova,Aliaksandra Sasnovich,match_aces,19.5,26.0000,,2026-07-16T10:22:31Z,2026-07-16T14:30:00Z,Totals (Aces),6,"{'hdp': 19.5, 'over': '26.00'}"
72668634,2026-07-16,WTA,"WTA - Iasi, Romania",Bet365,Oleksandra Oliynykova,Elena Pridankina,match_aces,0.5,1.2500,,2026-07-16T10:22:31Z,2026-07-16T11:10:00Z,Team Total (Aces) Away,3,"{'hdp': 0.5, 'over': '1.25'}"
72668634,2026-07-16,WTA,"WTA - Iasi, Romania",Bet365,Oleksandra Oliynykova,Elena Pridankina,match_aces,2.5,3.7500,,2026-07-16T10:22:31Z,2026-07-16T11:10:00Z,Team Total (Aces) Away,3,"{'hdp': 2.5, 'over': '3.75'}"
72668634,2026-07-16,WTA,"WTA - Iasi, Romania",Bet365,Oleksandra Oliynykova,Elena Pridankina,match_aces,4.5,17.0000,,2026-07-16T10:22:31Z,2026-07-16T11:10:00Z,Team Total (Aces) Away,3,"{'hdp': 4.5, 'over': '17.00'}"
72668634,2026-07-16,WTA,"WTA - Iasi, Romania",Bet365,Oleksandra Oliynykova,Elena Pridankina,match_aces,0.5,1.1600,,2026-07-16T10:22:31Z,2026-07-16T11:10:00Z,Team Total (Aces) Home,4,"{'hdp': 0.5, 'over': '1.16'}"
72668634,2026-07-16,WTA,"WTA - Iasi, Romania",Bet365,Oleksandra Oliynykova,Elena Pridankina,match_aces,2.5,2.7500,,2026-07-16T10:22:31Z,2026-07-16T11:10:00Z,Team Total (Aces) Home,4,"{'hdp': 2.5, 'over': '2.75'}"
72668634,2026-07-16,WTA,"WTA - Iasi, Romania",Bet365,Oleksandra Oliynykova,Elena Pridankina,match_aces,4.5,10.0000,,2026-07-16T10:22:31Z,2026-07-16T11:10:00Z,Team Total (Aces) Home,4,"{'hdp': 4.5, 'over': '10.00'}"
72668634,2026-07-16,WTA,"WTA - Iasi, Romania",Bet365,Oleksandra Oliynykova,Elena Pridankina,match_aces,9.5,26.0000,,2026-07-16T10:22:31Z,2026-07-16T11:10:00Z,Team Total (Aces) Home,4,"{'hdp': 9.5, 'over': '26.00'}"
72668634,2026-07-16,WTA,"WTA - Iasi, Romania",Bet365,Oleksandra Oliynykova,Elena Pridankina,match_aces,0.5,1.0300,,2026-07-16T10:22:31Z,2026-07-16T11:10:00Z,Totals (Aces),4,"{'hdp': 0.5, 'over': '1.03'}"
72668634,2026-07-16,WTA,"WTA - Iasi, Romania",Bet365,Oleksandra Oliynykova,Elena Pridankina,match_aces,2.5,1.4400,,2026-07-16T10:22:31Z,2026-07-16T11:10:00Z,Totals (Aces),4,"{'hdp': 2.5, 'over': '1.44'}"
72668634,2026-07-16,WTA,"WTA - Iasi, Romania",Bet365,Oleksandra Oliynykova,Elena Pridankina,match_aces,4.5,2.7500,,2026-07-16T10:22:31Z,2026-07-16T11:10:00Z,Totals (Aces),4,"{'hdp': 4.5, 'over': '2.75'}"
72668634,2026-07-16,WTA,"WTA - Iasi, Romania",Bet365,Oleksandra Oliynykova,Elena Pridankina,match_aces,9.5,26.0000,,2026-07-16T10:22:31Z,2026-07-16T11:10:00Z,Totals (Aces),4,"{'hdp': 9.5, 'over': '26.00'}"
72665158,2026-07-16,ATP,Gstaad,Bet365,Alexander Bublik,Quentin Halys,match_double_faults,0.5,1.0100,,2026-07-16T10:22:31Z,2026-07-16T13:00:00Z,Team Total (Double Faults) Home,7,"{'hdp': 0.5, 'over': '1.01'}"
72665158,2026-07-16,ATP,Gstaad,Bet365,Alexander Bublik,Quentin Halys,match_double_faults,1.5,1.0800,,2026-07-16T10:22:31Z,2026-07-16T13:00:00Z,Team Total (Double Faults) Home,7,"{'hdp': 1.5, 'over': '1.08'}"
72665158,2026-07-16,ATP,Gstaad,Bet365,Alexander Bublik,Quentin Halys,match_double_faults,2.5,1.2500,,2026-07-16T10:22:31Z,2026-07-16T13:00:00Z,Team Total (Double Faults) Home,7,"{'hdp': 2.5, 'over': '1.25'}"
72665158,2026-07-16,ATP,Gstaad,Bet365,Alexander Bublik,Quentin Halys,match_double_faults,4.5,2.0000,,2026-07-16T10:22:31Z,2026-07-16T13:00:00Z,Team Total (Double Faults) Home,7,"{'hdp': 4.5, 'over': '2.00'}"
72665158,2026-07-16,ATP,Gstaad,Bet365,Alexander Bublik,Quentin Halys,match_double_faults,7.5,6.0000,,2026-07-16T10:22:31Z,2026-07-16T13:00:00Z,Team Total (Double Faults) Home,7,"{'hdp': 7.5, 'over': '6.00'}"
72665158,2026-07-16,ATP,Gstaad,Bet365,Alexander Bublik,Quentin Halys,match_double_faults,9.5,15.0000,,2026-07-16T10:22:31Z,2026-07-16T13:00:00Z,Team Total (Double Faults) Home,7,"{'hdp': 9.5, 'over': '15.00'}"
72665158,2026-07-16,ATP,Gstaad,Bet365,Alexander Bublik,Quentin Halys,match_double_faults,11.5,26.0000,,2026-07-16T10:22:31Z,2026-07-16T13:00:00Z,Team Total (Double Faults) Home,7,"{'hdp': 11.5, 'over': '26.00'}"
72665158,2026-07-16,ATP,Gstaad,Bet365,Alexander Bublik,Quentin Halys,match_double_faults,2.5,1.0100,,2026-07-16T10:22:31Z,2026-07-16T13:00:00Z,Totals (Double Faults),9,"{'hdp': 2.5, 'over': '1.01'}"
72665158,2026-07-16,ATP,Gstaad,Bet365,Alexander Bublik,Quentin Halys,match_double_faults,4.5,1.1100,,2026-07-16T10:22:31Z,2026-07-16T13:00:00Z,Totals (Double Faults),9,"{'hdp': 4.5, 'over': '1.11'}"
72665158,2026-07-16,ATP,Gstaad,Bet365,Alexander Bublik,Quentin Halys,match_double_faults,7.5,1.6600,,2026-07-16T10:22:31Z,2026-07-16T13:00:00Z,Totals (Double Faults),9,"{'hdp': 7.5, 'over': '1.66'}"
72665158,2026-07-16,ATP,Gstaad,Bet365,Alexander Bublik,Quentin Halys,match_double_faults,9.5,2.6200,,2026-07-16T10:22:31Z,2026-07-16T13:00:00Z,Totals (Double Faults),9,"{'hdp': 9.5, 'over': '2.62'}"
72665158,2026-07-16,ATP,Gstaad,Bet365,Alexander Bublik,Quentin Halys,match_double_faults,11.5,4.5000,,2026-07-16T10:22:31Z,2026-07-16T13:00:00Z,Totals (Double Faults),9,"{'hdp': 11.5, 'over': '4.50'}"
72665158,2026-07-16,ATP,Gstaad,Bet365,Alexander Bublik,Quentin Halys,match_double_faults,14.5,13.0000,,2026-07-16T10:22:31Z,2026-07-16T13:00:00Z,Totals (Double Faults),9,"{'hdp': 14.5, 'over': '13.00'}"
72665158,2026-07-16,ATP,Gstaad,Bet365,Alexander Bublik,Quentin Halys,match_double_faults,19.5,26.0000,,2026-07-16T10:22:31Z,2026-07-16T13:00:00Z,Totals (Double Faults),9,"{'hdp': 19.5, 'over': '26.00'}"
72665158,2026-07-16,ATP,Gstaad,Bet365,Alexander Bublik,Quentin Halys,match_double_faults,0.5,1.0200,,2026-07-16T10:22:31Z,2026-07-16T13:00:00Z,Team Total (Double Faults) Away,6,"{'hdp': 0.5, 'over': '1.02'}"
72665158,2026-07-16,ATP,Gstaad,Bet365,Alexander Bublik,Quentin Halys,match_double_faults,1.5,1.1200,,2026-07-16T10:22:31Z,2026-07-16T13:00:00Z,Team Total (Double Faults) Away,6,"{'hdp': 1.5, 'over': '1.12'}"
72665158,2026-07-16,ATP,Gstaad,Bet365,Alexander Bublik,Quentin Halys,match_double_faults,2.5,1.3600,,2026-07-16T10:22:31Z,2026-07-16T13:00:00Z,Team Total (Double Faults) Away,6,"{'hdp': 2.5, 'over': '1.36'}"
72665158,2026-07-16,ATP,Gstaad,Bet365,Alexander Bublik,Quentin Halys,match_double_faults,4.5,2.7500,,2026-07-16T10:22:31Z,2026-07-16T13:00:00Z,Team Total (Double Faults) Away,6,"{'hdp': 4.5, 'over': '2.75'}"
72665158,2026-07-16,ATP,Gstaad,Bet365,Alexander Bublik,Quentin Halys,match_double_faults,7.5,13.0000,,2026-07-16T10:22:31Z,2026-07-16T13:00:00Z,Team Total (Double Faults) Away,6,"{'hdp': 7.5, 'over': '13.00'}"
72665158,2026-07-16,ATP,Gstaad,Bet365,Alexander Bublik,Quentin Halys,match_double_faults,9.5,26.0000,,2026-07-16T10:22:31Z,2026-07-16T13:00:00Z,Team Total (Double Faults) Away,6,"{'hdp': 9.5, 'over': '26.00'}"
72665684,2026-07-16,ATP,Umag,Bet365,Daniel Merida,Titouan Droguet,match_double_faults,1.5,1.0200,,2026-07-16T10:22:31Z,2026-07-16T14:00:00Z,Totals (Double Faults),8,"{'hdp': 1.5, 'over': '1.02'}"
72665684,2026-07-16,ATP,Umag,Bet365,Daniel Merida,Titouan Droguet,match_double_faults,2.5,1.0700,,2026-07-16T10:22:31Z,2026-07-16T14:00:00Z,Totals (Double Faults),8,"{'hdp': 2.5, 'over': '1.07'}"
72665684,2026-07-16,ATP,Umag,Bet365,Daniel Merida,Titouan Droguet,match_double_faults,4.5,1.4400,,2026-07-16T10:22:31Z,2026-07-16T14:00:00Z,Totals (Double Faults),8,"{'hdp': 4.5, 'over': '1.44'}"
72665684,2026-07-16,ATP,Umag,Bet365,Daniel Merida,Titouan Droguet,match_double_faults,7.5,3.4000,,2026-07-16T10:22:31Z,2026-07-16T14:00:00Z,Totals (Double Faults),8,"{'hdp': 7.5, 'over': '3.40'}"
72665684,2026-07-16,ATP,Umag,Bet365,Daniel Merida,Titouan Droguet,match_double_faults,9.5,8.0000,,2026-07-16T10:22:31Z,2026-07-16T14:00:00Z,Totals (Double Faults),8,"{'hdp': 9.5, 'over': '8.00'}"
72665684,2026-07-16,ATP,Umag,Bet365,Daniel Merida,Titouan Droguet,match_double_faults,11.5,19.0000,,2026-07-16T10:22:31Z,2026-07-16T14:00:00Z,Totals (Double Faults),8,"{'hdp': 11.5, 'over': '19.00'}"
72665684,2026-07-16,ATP,Umag,Bet365,Daniel Merida,Titouan Droguet,match_double_faults,14.5,26.0000,,2026-07-16T10:22:31Z,2026-07-16T14:00:00Z,Totals (Double Faults),8,"{'hdp': 14.5, 'over': '26.00'}"
72665684,2026-07-16,ATP,Umag,Bet365,Daniel Merida,Titouan Droguet,match_double_faults,0.5,1.0600,,2026-07-16T10:22:31Z,2026-07-16T14:00:00Z,Team Total (Double Faults) Away,5,"{'hdp': 0.5, 'over': '1.06'}"
72665684,2026-07-16,ATP,Umag,Bet365,Daniel Merida,Titouan Droguet,match_double_faults,1.5,1.3000,,2026-07-16T10:22:31Z,2026-07-16T14:00:00Z,Team Total (Double Faults) Away,5,"{'hdp': 1.5, 'over': '1.30'}"
72665684,2026-07-16,ATP,Umag,Bet365,Daniel Merida,Titouan Droguet,match_double_faults,2.5,1.8300,,2026-07-16T10:22:31Z,2026-07-16T14:00:00Z,Team Total (Double Faults) Away,5,"{'hdp': 2.5, 'over': '1.83'}"
72665684,2026-07-16,ATP,Umag,Bet365,Daniel Merida,Titouan Droguet,match_double_faults,4.5,5.5000,,2026-07-16T10:22:31Z,2026-07-16T14:00:00Z,Team Total (Double Faults) Away,5,"{'hdp': 4.5, 'over': '5.50'}"
72665684,2026-07-16,ATP,Umag,Bet365,Daniel Merida,Titouan Droguet,match_double_faults,7.5,26.0000,,2026-07-16T10:22:31Z,2026-07-16T14:00:00Z,Team Total (Double Faults) Away,5,"{'hdp': 7.5, 'over': '26.00'}"
72665684,2026-07-16,ATP,Umag,Bet365,Daniel Merida,Titouan Droguet,match_double_faults,0.5,1.0500,,2026-07-16T10:22:31Z,2026-07-16T14:00:00Z,Team Total (Double Faults) Home,6,"{'hdp': 0.5, 'over': '1.05'}"
72665684,2026-07-16,ATP,Umag,Bet365,Daniel Merida,Titouan Droguet,match_double_faults,1.5,1.2200,,2026-07-16T10:22:31Z,2026-07-16T14:00:00Z,Team Total (Double Faults) Home,6,"{'hdp': 1.5, 'over': '1.22'}"
72665684,2026-07-16,ATP,Umag,Bet365,Daniel Merida,Titouan Droguet,match_double_faults,2.5,1.6100,,2026-07-16T10:22:31Z,2026-07-16T14:00:00Z,Team Total (Double Faults) Home,6,"{'hdp': 2.5, 'over': '1.61'}"
72665684,2026-07-16,ATP,Umag,Bet365,Daniel Merida,Titouan Droguet,match_double_faults,4.5,3.7500,,2026-07-16T10:22:31Z,2026-07-16T14:00:00Z,Team Total (Double Faults) Home,6,"{'hdp': 4.5, 'over': '3.75'}"
72665684,2026-07-16,ATP,Umag,Bet365,Daniel Merida,Titouan Droguet,match_double_faults,7.5,21.0000,,2026-07-16T10:22:31Z,2026-07-16T14:00:00Z,Team Total (Double Faults) Home,6,"{'hdp': 7.5, 'over': '21.00'}"
72665684,2026-07-16,ATP,Umag,Bet365,Daniel Merida,Titouan Droguet,match_double_faults,9.5,26.0000,,2026-07-16T10:22:31Z,2026-07-16T14:00:00Z,Team Total (Double Faults) Home,6,"{'hdp': 9.5, 'over': '26.00'}"
72665132,2026-07-17,ATP,Gstaad,Bet365,Raphael Collignon,Valentin Vacherot,match_aces,2.5,1.0200,,2026-07-16T10:22:31Z,2026-07-17T08:30:00Z,Team Total (Aces) Away,8,"{'hdp': 2.5, 'over': '1.02'}"
72665132,2026-07-17,ATP,Gstaad,Bet365,Raphael Collignon,Valentin Vacherot,match_aces,4.5,1.1200,,2026-07-16T10:22:31Z,2026-07-17T08:30:00Z,Team Total (Aces) Away,8,"{'hdp': 4.5, 'over': '1.12'}"
72665132,2026-07-17,ATP,Gstaad,Bet365,Raphael Collignon,Valentin Vacherot,match_aces,9.5,1.8300,,2026-07-16T10:22:31Z,2026-07-17T08:30:00Z,Team Total (Aces) Away,8,"{'hdp': 9.5, 'over': '1.83'}"
72665132,2026-07-17,ATP,Gstaad,Bet365,Raphael Collignon,Valentin Vacherot,match_aces,14.5,4.0000,,2026-07-16T10:22:31Z,2026-07-17T08:30:00Z,Team Total (Aces) Away,8,"{'hdp': 14.5, 'over': '4.00'}"
72665132,2026-07-17,ATP,Gstaad,Bet365,Raphael Collignon,Valentin Vacherot,match_aces,19.5,10.0000,,2026-07-16T10:22:31Z,2026-07-17T08:30:00Z,Team Total (Aces) Away,8,"{'hdp': 19.5, 'over': '10.00'}"
72665132,2026-07-17,ATP,Gstaad,Bet365,Raphael Collignon,Valentin Vacherot,match_aces,24.5,23.0000,,2026-07-16T10:22:31Z,2026-07-17T08:30:00Z,Team Total (Aces) Away,8,"{'hdp': 24.5, 'over': '23.00'}"
72665132,2026-07-17,ATP,Gstaad,Bet365,Raphael Collignon,Valentin Vacherot,match_aces,29.5,26.0000,,2026-07-16T10:22:31Z,2026-07-17T08:30:00Z,Team Total (Aces) Away,8,"{'hdp': 29.5, 'over': '26.00'}"
72665132,2026-07-17,ATP,Gstaad,Bet365,Raphael Collignon,Valentin Vacherot,match_double_faults,9.5,4.3300,,2026-07-16T10:22:31Z,2026-07-17T08:30:00Z,Team Total (Double Faults) Home,9,"{'hdp': 9.5, 'over': '4.33'}"
72665132,2026-07-17,ATP,Gstaad,Bet365,Raphael Collignon,Valentin Vacherot,match_double_faults,1.5,1.0200,,2026-07-16T10:22:31Z,2026-07-17T08:30:00Z,Team Total (Double Faults) Home,9,"{'hdp': 1.5, 'over': '1.02'}"
72665132,2026-07-17,ATP,Gstaad,Bet365,Raphael Collignon,Valentin Vacherot,match_double_faults,2.5,1.0700,,2026-07-16T10:22:31Z,2026-07-17T08:30:00Z,Team Total (Double Faults) Home,9,"{'hdp': 2.5, 'over': '1.07'}"
72665132,2026-07-17,ATP,Gstaad,Bet365,Raphael Collignon,Valentin Vacherot,match_double_faults,4.5,1.3300,,2026-07-16T10:22:31Z,2026-07-17T08:30:00Z,Team Total (Double Faults) Home,9,"{'hdp': 4.5, 'over': '1.33'}"
72665132,2026-07-17,ATP,Gstaad,Bet365,Raphael Collignon,Valentin Vacherot,match_double_faults,7.5,2.5000,,2026-07-16T10:22:31Z,2026-07-17T08:30:00Z,Team Total (Double Faults) Home,9,"{'hdp': 7.5, 'over': '2.50'}"
72665132,2026-07-17,ATP,Gstaad,Bet365,Raphael Collignon,Valentin Vacherot,match_double_faults,11.5,9.0000,,2026-07-16T10:22:31Z,2026-07-17T08:30:00Z,Team Total (Double Faults) Home,9,"{'hdp': 11.5, 'over': '9.00'}"
72665132,2026-07-17,ATP,Gstaad,Bet365,Raphael Collignon,Valentin Vacherot,match_double_faults,14.5,23.0000,,2026-07-16T10:22:31Z,2026-07-17T08:30:00Z,Team Total (Double Faults) Home,9,"{'hdp': 14.5, 'over': '23.00'}"
72665132,2026-07-17,ATP,Gstaad,Bet365,Raphael Collignon,Valentin Vacherot,match_double_faults,19.5,26.0000,,2026-07-16T10:22:31Z,2026-07-17T08:30:00Z,Team Total (Double Faults) Home,9,"{'hdp': 19.5, 'over': '26.00'}"
72665132,2026-07-17,ATP,Gstaad,Bet365,Raphael Collignon,Valentin Vacherot,match_aces,9.5,1.0400,,2026-07-16T10:22:31Z,2026-07-17T08:30:00Z,Totals (Aces),8,"{'hdp': 9.5, 'over': '1.04'}"
72665132,2026-07-17,ATP,Gstaad,Bet365,Raphael Collignon,Valentin Vacherot,match_aces,14.5,1.2000,,2026-07-16T10:22:31Z,2026-07-17T08:30:00Z,Totals (Aces),8,"{'hdp': 14.5, 'over': '1.20'}"
72665132,2026-07-17,ATP,Gstaad,Bet365,Raphael Collignon,Valentin Vacherot,match_aces,19.5,1.6100,,2026-07-16T10:22:31Z,2026-07-17T08:30:00Z,Totals (Aces),8,"{'hdp': 19.5, 'over': '1.61'}"
72665132,2026-07-17,ATP,Gstaad,Bet365,Raphael Collignon,Valentin Vacherot,match_aces,24.5,2.5000,,2026-07-16T10:22:31Z,2026-07-17T08:30:00Z,Totals (Aces),8,"{'hdp': 24.5, 'over': '2.50'}"
72665132,2026-07-17,ATP,Gstaad,Bet365,Raphael Collignon,Valentin Vacherot,match_aces,29.5,4.0000,,2026-07-16T10:22:31Z,2026-07-17T08:30:00Z,Totals (Aces),8,"{'hdp': 29.5, 'over': '4.00'}"
72665132,2026-07-17,ATP,Gstaad,Bet365,Raphael Collignon,Valentin Vacherot,match_aces,39.5,13.0000,,2026-07-16T10:22:31Z,2026-07-17T08:30:00Z,Totals (Aces),8,"{'hdp': 39.5, 'over': '13.00'}"
72665132,2026-07-17,ATP,Gstaad,Bet365,Raphael Collignon,Valentin Vacherot,match_aces,49.5,26.0000,,2026-07-16T10:22:31Z,2026-07-17T08:30:00Z,Totals (Aces),8,"{'hdp': 49.5, 'over': '26.00'}"
72665132,2026-07-17,ATP,Gstaad,Bet365,Raphael Collignon,Valentin Vacherot,match_double_faults,9.5,1.5000,,2026-07-16T10:22:31Z,2026-07-17T08:30:00Z,Totals (Double Faults),9,"{'hdp': 9.5, 'over': '1.50'}"
72665132,2026-07-17,ATP,Gstaad,Bet365,Raphael Collignon,Valentin Vacherot,match_double_faults,19.5,15.0000,,2026-07-16T10:22:31Z,2026-07-17T08:30:00Z,Totals (Double Faults),9,"{'hdp': 19.5, 'over': '15.00'}"
72665132,2026-07-17,ATP,Gstaad,Bet365,Raphael Collignon,Valentin Vacherot,match_double_faults,4.5,1.0200,,2026-07-16T10:22:31Z,2026-07-17T08:30:00Z,Totals (Double Faults),9,"{'hdp': 4.5, 'over': '1.02'}"
72665132,2026-07-17,ATP,Gstaad,Bet365,Raphael Collignon,Valentin Vacherot,match_double_faults,7.5,1.2000,,2026-07-16T10:22:31Z,2026-07-17T08:30:00Z,Totals (Double Faults),9,"{'hdp': 7.5, 'over': '1.20'}"
72665132,2026-07-17,ATP,Gstaad,Bet365,Raphael Collignon,Valentin Vacherot,match_double_faults,11.5,2.1000,,2026-07-16T10:22:31Z,2026-07-17T08:30:00Z,Totals (Double Faults),9,"{'hdp': 11.5, 'over': '2.10'}"
72665132,2026-07-17,ATP,Gstaad,Bet365,Raphael Collignon,Valentin Vacherot,match_double_faults,14.5,4.0000,,2026-07-16T10:22:31Z,2026-07-17T08:30:00Z,Totals (Double Faults),9,"{'hdp': 14.5, 'over': '4.00'}"
72665132,2026-07-17,ATP,Gstaad,Bet365,Raphael Collignon,Valentin Vacherot,match_double_faults,24.5,26.0000,,2026-07-16T10:22:31Z,2026-07-17T08:30:00Z,Totals (Double Faults),9,"{'hdp': 24.5, 'over': '26.00'}"
72665132,2026-07-17,ATP,Gstaad,Bet365,Raphael Collignon,Valentin Vacherot,match_aces,2.5,1.0100,,2026-07-16T10:22:31Z,2026-07-17T08:30:00Z,Team Total (Aces) Home,8,"{'hdp': 2.5, 'over': '1.01'}"
72665132,2026-07-17,ATP,Gstaad,Bet365,Raphael Collignon,Valentin Vacherot,match_aces,4.5,1.0700,,2026-07-16T10:22:31Z,2026-07-17T08:30:00Z,Team Total (Aces) Home,8,"{'hdp': 4.5, 'over': '1.07'}"
72665132,2026-07-17,ATP,Gstaad,Bet365,Raphael Collignon,Valentin Vacherot,match_aces,9.5,1.5700,,2026-07-16T10:22:31Z,2026-07-17T08:30:00Z,Team Total (Aces) Home,8,"{'hdp': 9.5, 'over': '1.57'}"
72665132,2026-07-17,ATP,Gstaad,Bet365,Raphael Collignon,Valentin Vacherot,match_aces,14.5,3.0000,,2026-07-16T10:22:31Z,2026-07-17T08:30:00Z,Team Total (Aces) Home,8,"{'hdp': 14.5, 'over': '3.00'}"
72665132,2026-07-17,ATP,Gstaad,Bet365,Raphael Collignon,Valentin Vacherot,match_aces,19.5,6.5000,,2026-07-16T10:22:31Z,2026-07-17T08:30:00Z,Team Total (Aces) Home,8,"{'hdp': 19.5, 'over': '6.50'}"
72665132,2026-07-17,ATP,Gstaad,Bet365,Raphael Collignon,Valentin Vacherot,match_aces,24.5,15.0000,,2026-07-16T10:22:31Z,2026-07-17T08:30:00Z,Team Total (Aces) Home,8,"{'hdp': 24.5, 'over': '15.00'}"
72665132,2026-07-17,ATP,Gstaad,Bet365,Raphael Collignon,Valentin Vacherot,match_aces,29.5,26.0000,,2026-07-16T10:22:31Z,2026-07-17T08:30:00Z,Team Total (Aces) Home,8,"{'hdp': 29.5, 'over': '26.00'}"
72665132,2026-07-17,ATP,Gstaad,Bet365,Raphael Collignon,Valentin Vacherot,match_double_faults,0.5,1.0100,,2026-07-16T10:22:31Z,2026-07-17T08:30:00Z,Team Total (Double Faults) Away,7,"{'hdp': 0.5, 'over': '1.01'}"
72665132,2026-07-17,ATP,Gstaad,Bet365,Raphael Collignon,Valentin Vacherot,match_double_faults,4.5,2.0000,,2026-07-16T10:22:31Z,2026-07-17T08:30:00Z,Team Total (Double Faults) Away,7,"{'hdp': 4.5, 'over': '2.00'}"
72665132,2026-07-17,ATP,Gstaad,Bet365,Raphael Collignon,Valentin Vacherot,match_double_faults,7.5,7.0000,,2026-07-16T10:22:31Z,2026-07-17T08:30:00Z,Team Total (Double Faults) Away,7,"{'hdp': 7.5, 'over': '7.00'}"
72665132,2026-07-17,ATP,Gstaad,Bet365,Raphael Collignon,Valentin Vacherot,match_double_faults,1.5,1.0600,,2026-07-16T10:22:31Z,2026-07-17T08:30:00Z,Team Total (Double Faults) Away,7,"{'hdp': 1.5, 'over': '1.06'}"
72665132,2026-07-17,ATP,Gstaad,Bet365,Raphael Collignon,Valentin Vacherot,match_double_faults,2.5,1.2000,,2026-07-16T10:22:31Z,2026-07-17T08:30:00Z,Team Total (Double Faults) Away,7,"{'hdp': 2.5, 'over': '1.20'}"
72665132,2026-07-17,ATP,Gstaad,Bet365,Raphael Collignon,Valentin Vacherot,match_double_faults,9.5,19.0000,,2026-07-16T10:22:31Z,2026-07-17T08:30:00Z,Team Total (Double Faults) Away,7,"{'hdp': 9.5, 'over': '19.00'}"
72665132,2026-07-17,ATP,Gstaad,Bet365,Raphael Collignon,Valentin Vacherot,match_double_faults,11.5,26.0000,,2026-07-16T10:22:31Z,2026-07-17T08:30:00Z,Team Total (Double Faults) Away,7,"{'hdp': 11.5, 'over': '26.00'}"
72668696,2026-07-16,WTA,"WTA - Athens, Greece",Bet365,Barbora Krejcikova,Carole Monnet,match_aces,0.5,1.1800,,2026-07-16T10:22:31Z,2026-07-16T16:30:00Z,Team Total (Aces) Away,4,"{'hdp': 0.5, 'over': '1.18'}"
72668696,2026-07-16,WTA,"WTA - Athens, Greece",Bet365,Barbora Krejcikova,Carole Monnet,match_aces,2.5,2.6200,,2026-07-16T10:22:31Z,2026-07-16T16:30:00Z,Team Total (Aces) Away,4,"{'hdp': 2.5, 'over': '2.62'}"
72668696,2026-07-16,WTA,"WTA - Athens, Greece",Bet365,Barbora Krejcikova,Carole Monnet,match_aces,4.5,8.0000,,2026-07-16T10:22:31Z,2026-07-16T16:30:00Z,Team Total (Aces) Away,4,"{'hdp': 4.5, 'over': '8.00'}"
72668696,2026-07-16,WTA,"WTA - Athens, Greece",Bet365,Barbora Krejcikova,Carole Monnet,match_aces,9.5,26.0000,,2026-07-16T10:22:31Z,2026-07-16T16:30:00Z,Team Total (Aces) Away,4,"{'hdp': 9.5, 'over': '26.00'}"
72668696,2026-07-16,WTA,"WTA - Athens, Greece",Bet365,Barbora Krejcikova,Carole Monnet,match_aces,0.5,1.0300,,2026-07-16T10:22:31Z,2026-07-16T16:30:00Z,Team Total (Aces) Home,5,"{'hdp': 0.5, 'over': '1.03'}"
72668696,2026-07-16,WTA,"WTA - Athens, Greece",Bet365,Barbora Krejcikova,Carole Monnet,match_aces,2.5,1.4400,,2026-07-16T10:22:31Z,2026-07-16T16:30:00Z,Team Total (Aces) Home,5,"{'hdp': 2.5, 'over': '1.44'}"
72668696,2026-07-16,WTA,"WTA - Athens, Greece",Bet365,Barbora Krejcikova,Carole Monnet,match_aces,4.5,2.7500,,2026-07-16T10:22:31Z,2026-07-16T16:30:00Z,Team Total (Aces) Home,5,"{'hdp': 4.5, 'over': '2.75'}"
72668696,2026-07-16,WTA,"WTA - Athens, Greece",Bet365,Barbora Krejcikova,Carole Monnet,match_aces,9.5,23.0000,,2026-07-16T10:22:31Z,2026-07-16T16:30:00Z,Team Total (Aces) Home,5,"{'hdp': 9.5, 'over': '23.00'}"
72668696,2026-07-16,WTA,"WTA - Athens, Greece",Bet365,Barbora Krejcikova,Carole Monnet,match_aces,14.5,26.0000,,2026-07-16T10:22:31Z,2026-07-16T16:30:00Z,Team Total (Aces) Home,5,"{'hdp': 14.5, 'over': '26.00'}"
72668696,2026-07-16,WTA,"WTA - Athens, Greece",Bet365,Barbora Krejcikova,Carole Monnet,match_aces,2.5,1.1200,,2026-07-16T10:22:31Z,2026-07-16T16:30:00Z,Totals (Aces),5,"{'hdp': 2.5, 'over': '1.12'}"
72668696,2026-07-16,WTA,"WTA - Athens, Greece",Bet365,Barbora Krejcikova,Carole Monnet,match_aces,4.5,1.5300,,2026-07-16T10:22:31Z,2026-07-16T16:30:00Z,Totals (Aces),5,"{'hdp': 4.5, 'over': '1.53'}"
72668696,2026-07-16,WTA,"WTA - Athens, Greece",Bet365,Barbora Krejcikova,Carole Monnet,match_aces,9.5,6.0000,,2026-07-16T10:22:31Z,2026-07-16T16:30:00Z,Totals (Aces),5,"{'hdp': 9.5, 'over': '6.00'}"
72668696,2026-07-16,WTA,"WTA - Athens, Greece",Bet365,Barbora Krejcikova,Carole Monnet,match_aces,14.5,26.0000,,2026-07-16T10:22:31Z,2026-07-16T16:30:00Z,Totals (Aces),5,"{'hdp': 14.5, 'over': '26.00'}"
72668686,2026-07-16,WTA,"WTA - Athens, Greece",Bet365,Clara Tauson,Miriana Tona,match_aces,0.5,1.0500,,2026-07-16T10:22:31Z,2026-07-16T17:40:00Z,Team Total (Aces) Away,5,"{'hdp': 0.5, 'over': '1.05'}"
72668686,2026-07-16,WTA,"WTA - Athens, Greece",Bet365,Clara Tauson,Miriana Tona,match_aces,2.5,1.5000,,2026-07-16T10:22:31Z,2026-07-16T17:40:00Z,Team Total (Aces) Away,5,"{'hdp': 2.5, 'over': '1.50'}"
72668686,2026-07-16,WTA,"WTA - Athens, Greece",Bet365,Clara Tauson,Miriana Tona,match_aces,4.5,2.6200,,2026-07-16T10:22:31Z,2026-07-16T17:40:00Z,Team Total (Aces) Away,5,"{'hdp': 4.5, 'over': '2.62'}"
72668686,2026-07-16,WTA,"WTA - Athens, Greece",Bet365,Clara Tauson,Miriana Tona,match_aces,9.5,15.0000,,2026-07-16T10:22:31Z,2026-07-16T17:40:00Z,Team Total (Aces) Away,5,"{'hdp': 9.5, 'over': '15.00'}"
72668686,2026-07-16,WTA,"WTA - Athens, Greece",Bet365,Clara Tauson,Miriana Tona,match_aces,14.5,26.0000,,2026-07-16T10:22:31Z,2026-07-16T17:40:00Z,Team Total (Aces) Away,5,"{'hdp': 14.5, 'over': '26.00'}"
72668686,2026-07-16,WTA,"WTA - Athens, Greece",Bet365,Clara Tauson,Miriana Tona,match_double_faults,0.5,1.0600,,2026-07-16T10:22:31Z,2026-07-16T17:40:00Z,Team Total (Double Faults) Home,6,"{'hdp': 0.5, 'over': '1.06'}"
72668686,2026-07-16,WTA,"WTA - Athens, Greece",Bet365,Clara Tauson,Miriana Tona,match_double_faults,1.5,1.2500,,2026-07-16T10:22:31Z,2026-07-16T17:40:00Z,Team Total (Double Faults) Home,6,"{'hdp': 1.5, 'over': '1.25'}"
72668686,2026-07-16,WTA,"WTA - Athens, Greece",Bet365,Clara Tauson,Miriana Tona,match_double_faults,2.5,1.6600,,2026-07-16T10:22:31Z,2026-07-16T17:40:00Z,Team Total (Double Faults) Home,6,"{'hdp': 2.5, 'over': '1.66'}"
72668686,2026-07-16,WTA,"WTA - Athens, Greece",Bet365,Clara Tauson,Miriana Tona,match_double_faults,4.5,3.5000,,2026-07-16T10:22:31Z,2026-07-16T17:40:00Z,Team Total (Double Faults) Home,6,"{'hdp': 4.5, 'over': '3.50'}"
72668686,2026-07-16,WTA,"WTA - Athens, Greece",Bet365,Clara Tauson,Miriana Tona,match_double_faults,7.5,13.0000,,2026-07-16T10:22:31Z,2026-07-16T17:40:00Z,Team Total (Double Faults) Home,6,"{'hdp': 7.5, 'over': '13.00'}"
72668686,2026-07-16,WTA,"WTA - Athens, Greece",Bet365,Clara Tauson,Miriana Tona,match_double_faults,9.5,26.0000,,2026-07-16T10:22:31Z,2026-07-16T17:40:00Z,Team Total (Double Faults) Home,6,"{'hdp': 9.5, 'over': '26.00'}"
72668686,2026-07-16,WTA,"WTA - Athens, Greece",Bet365,Clara Tauson,Miriana Tona,match_aces,0.5,1.0200,,2026-07-16T10:22:31Z,2026-07-16T17:40:00Z,Team Total (Aces) Home,5,"{'hdp': 0.5, 'over': '1.02'}"
72668686,2026-07-16,WTA,"WTA - Athens, Greece",Bet365,Clara Tauson,Miriana Tona,match_aces,2.5,1.3000,,2026-07-16T10:22:31Z,2026-07-16T17:40:00Z,Team Total (Aces) Home,5,"{'hdp': 2.5, 'over': '1.30'}"
72668686,2026-07-16,WTA,"WTA - Athens, Greece",Bet365,Clara Tauson,Miriana Tona,match_aces,4.5,2.2000,,2026-07-16T10:22:31Z,2026-07-16T17:40:00Z,Team Total (Aces) Home,5,"{'hdp': 4.5, 'over': '2.20'}"
72668686,2026-07-16,WTA,"WTA - Athens, Greece",Bet365,Clara Tauson,Miriana Tona,match_aces,9.5,17.0000,,2026-07-16T10:22:31Z,2026-07-16T17:40:00Z,Team Total (Aces) Home,5,"{'hdp': 9.5, 'over': '17.00'}"
72668686,2026-07-16,WTA,"WTA - Athens, Greece",Bet365,Clara Tauson,Miriana Tona,match_aces,14.5,26.0000,,2026-07-16T10:22:31Z,2026-07-16T17:40:00Z,Team Total (Aces) Home,5,"{'hdp': 14.5, 'over': '26.00'}"
72668686,2026-07-16,WTA,"WTA - Athens, Greece",Bet365,Clara Tauson,Miriana Tona,match_double_faults,1.5,1.0600,,2026-07-16T10:22:31Z,2026-07-16T17:40:00Z,Team Total (Double Faults) Away,7,"{'hdp': 1.5, 'over': '1.06'}"
72668686,2026-07-16,WTA,"WTA - Athens, Greece",Bet365,Clara Tauson,Miriana Tona,match_double_faults,2.5,1.2200,,2026-07-16T10:22:31Z,2026-07-16T17:40:00Z,Team Total (Double Faults) Away,7,"{'hdp': 2.5, 'over': '1.22'}"
72668686,2026-07-16,WTA,"WTA - Athens, Greece",Bet365,Clara Tauson,Miriana Tona,match_double_faults,4.5,2.1000,,2026-07-16T10:22:31Z,2026-07-16T17:40:00Z,Team Total (Double Faults) Away,7,"{'hdp': 4.5, 'over': '2.10'}"
72668686,2026-07-16,WTA,"WTA - Athens, Greece",Bet365,Clara Tauson,Miriana Tona,match_double_faults,7.5,8.0000,,2026-07-16T10:22:31Z,2026-07-16T17:40:00Z,Team Total (Double Faults) Away,7,"{'hdp': 7.5, 'over': '8.00'}"
72668686,2026-07-16,WTA,"WTA - Athens, Greece",Bet365,Clara Tauson,Miriana Tona,match_double_faults,9.5,23.0000,,2026-07-16T10:22:31Z,2026-07-16T17:40:00Z,Team Total (Double Faults) Away,7,"{'hdp': 9.5, 'over': '23.00'}"
72668686,2026-07-16,WTA,"WTA - Athens, Greece",Bet365,Clara Tauson,Miriana Tona,match_double_faults,11.5,26.0000,,2026-07-16T10:22:31Z,2026-07-16T17:40:00Z,Team Total (Double Faults) Away,7,"{'hdp': 11.5, 'over': '26.00'}"
72668686,2026-07-16,WTA,"WTA - Athens, Greece",Bet365,Clara Tauson,Miriana Tona,match_aces,2.5,1.0400,,2026-07-16T10:22:31Z,2026-07-16T17:40:00Z,Totals (Aces),6,"{'hdp': 2.5, 'over': '1.04'}"
72668686,2026-07-16,WTA,"WTA - Athens, Greece",Bet365,Clara Tauson,Miriana Tona,match_aces,4.5,1.2000,,2026-07-16T10:22:31Z,2026-07-16T17:40:00Z,Totals (Aces),6,"{'hdp': 4.5, 'over': '1.20'}"
72668686,2026-07-16,WTA,"WTA - Athens, Greece",Bet365,Clara Tauson,Miriana Tona,match_aces,9.5,2.6200,,2026-07-16T10:22:31Z,2026-07-16T17:40:00Z,Totals (Aces),6,"{'hdp': 9.5, 'over': '2.62'}"
72668686,2026-07-16,WTA,"WTA - Athens, Greece",Bet365,Clara Tauson,Miriana Tona,match_aces,14.5,9.0000,,2026-07-16T10:22:31Z,2026-07-16T17:40:00Z,Totals (Aces),6,"{'hdp': 14.5, 'over': '9.00'}"
72668686,2026-07-16,WTA,"WTA - Athens, Greece",Bet365,Clara Tauson,Miriana Tona,match_aces,19.5,26.0000,,2026-07-16T10:22:31Z,2026-07-16T17:40:00Z,Totals (Aces),6,"{'hdp': 19.5, 'over': '26.00'}"
72668686,2026-07-16,WTA,"WTA - Athens, Greece",Bet365,Clara Tauson,Miriana Tona,match_double_faults,2.5,1.0200,,2026-07-16T10:22:31Z,2026-07-16T17:40:00Z,Totals (Double Faults),9,"{'hdp': 2.5, 'over': '1.02'}"
72668686,2026-07-16,WTA,"WTA - Athens, Greece",Bet365,Clara Tauson,Miriana Tona,match_double_faults,4.5,1.1600,,2026-07-16T10:22:31Z,2026-07-16T17:40:00Z,Totals (Double Faults),9,"{'hdp': 4.5, 'over': '1.16'}"
72668686,2026-07-16,WTA,"WTA - Athens, Greece",Bet365,Clara Tauson,Miriana Tona,match_double_faults,7.5,1.9000,,2026-07-16T10:22:31Z,2026-07-16T17:40:00Z,Totals (Double Faults),9,"{'hdp': 7.5, 'over': '1.90'}"
72668686,2026-07-16,WTA,"WTA - Athens, Greece",Bet365,Clara Tauson,Miriana Tona,match_double_faults,9.5,3.4000,,2026-07-16T10:22:31Z,2026-07-16T17:40:00Z,Totals (Double Faults),9,"{'hdp': 9.5, 'over': '3.40'}"
72668686,2026-07-16,WTA,"WTA - Athens, Greece",Bet365,Clara Tauson,Miriana Tona,match_double_faults,11.5,6.0000,,2026-07-16T10:22:31Z,2026-07-16T17:40:00Z,Totals (Double Faults),9,"{'hdp': 11.5, 'over': '6.00'}"
72668686,2026-07-16,WTA,"WTA - Athens, Greece",Bet365,Clara Tauson,Miriana Tona,match_double_faults,14.5,17.0000,,2026-07-16T10:22:31Z,2026-07-16T17:40:00Z,Totals (Double Faults),9,"{'hdp': 14.5, 'over': '17.00'}"
72668686,2026-07-16,WTA,"WTA - Athens, Greece",Bet365,Clara Tauson,Miriana Tona,match_double_faults,19.5,26.0000,,2026-07-16T10:22:31Z,2026-07-16T17:40:00Z,Totals (Double Faults),9,"{'hdp': 19.5, 'over': '26.00'}"
72665678,2026-07-16,ATP,Umag,Bet365,Alex Molcan,Alejandro Davidovich Fokina,match_double_faults,0.5,1.0300,,2026-07-16T10:22:31Z,2026-07-16T19:00:00Z,Totals (Double Faults),6,"{'hdp': 0.5, 'over': '1.03'}"
72665678,2026-07-16,ATP,Umag,Bet365,Alex Molcan,Alejandro Davidovich Fokina,match_double_faults,1.5,1.1600,,2026-07-16T10:22:31Z,2026-07-16T19:00:00Z,Totals (Double Faults),6,"{'hdp': 1.5, 'over': '1.16'}"
72665678,2026-07-16,ATP,Umag,Bet365,Alex Molcan,Alejandro Davidovich Fokina,match_double_faults,2.5,1.5000,,2026-07-16T10:22:31Z,2026-07-16T19:00:00Z,Totals (Double Faults),6,"{'hdp': 2.5, 'over': '1.50'}"
72665678,2026-07-16,ATP,Umag,Bet365,Alex Molcan,Alejandro Davidovich Fokina,match_double_faults,4.5,3.5000,,2026-07-16T10:22:31Z,2026-07-16T19:00:00Z,Totals (Double Faults),6,"{'hdp': 4.5, 'over': '3.50'}"
72665678,2026-07-16,ATP,Umag,Bet365,Alex Molcan,Alejandro Davidovich Fokina,match_double_faults,7.5,21.0000,,2026-07-16T10:22:31Z,2026-07-16T19:00:00Z,Totals (Double Faults),6,"{'hdp': 7.5, 'over': '21.00'}"
72665678,2026-07-16,ATP,Umag,Bet365,Alex Molcan,Alejandro Davidovich Fokina,match_double_faults,9.5,26.0000,,2026-07-16T10:22:31Z,2026-07-16T19:00:00Z,Totals (Double Faults),6,"{'hdp': 9.5, 'over': '26.00'}"
72665678,2026-07-16,ATP,Umag,Bet365,Alex Molcan,Alejandro Davidovich Fokina,match_aces,2.5,1.0700,,2026-07-16T10:22:31Z,2026-07-16T19:00:00Z,Totals (Aces),6,"{'hdp': 2.5, 'over': '1.07'}"
72665678,2026-07-16,ATP,Umag,Bet365,Alex Molcan,Alejandro Davidovich Fokina,match_aces,4.5,1.3000,,2026-07-16T10:22:31Z,2026-07-16T19:00:00Z,Totals (Aces),6,"{'hdp': 4.5, 'over': '1.30'}"
72665678,2026-07-16,ATP,Umag,Bet365,Alex Molcan,Alejandro Davidovich Fokina,match_aces,9.5,3.7500,,2026-07-16T10:22:31Z,2026-07-16T19:00:00Z,Totals (Aces),6,"{'hdp': 9.5, 'over': '3.75'}"
72665678,2026-07-16,ATP,Umag,Bet365,Alex Molcan,Alejandro Davidovich Fokina,match_aces,14.5,17.0000,,2026-07-16T10:22:31Z,2026-07-16T19:00:00Z,Totals (Aces),6,"{'hdp': 14.5, 'over': '17.00'}"
72665678,2026-07-16,ATP,Umag,Bet365,Alex Molcan,Alejandro Davidovich Fokina,match_aces,19.5,26.0000,,2026-07-16T10:22:31Z,2026-07-16T19:00:00Z,Totals (Aces),6,"{'hdp': 19.5, 'over': '26.00'}"
72665678,2026-07-16,ATP,Umag,Bet365,Alex Molcan,Alejandro Davidovich Fokina,match_aces,0.5,1.0500,,2026-07-16T10:22:31Z,2026-07-16T19:00:00Z,Team Total (Aces) Away,4,"{'hdp': 0.5, 'over': '1.05'}"
72665678,2026-07-16,ATP,Umag,Bet365,Alex Molcan,Alejandro Davidovich Fokina,match_aces,2.5,1.6100,,2026-07-16T10:22:31Z,2026-07-16T19:00:00Z,Team Total (Aces) Away,4,"{'hdp': 2.5, 'over': '1.61'}"
72665678,2026-07-16,ATP,Umag,Bet365,Alex Molcan,Alejandro Davidovich Fokina,match_aces,4.5,3.4000,,2026-07-16T10:22:31Z,2026-07-16T19:00:00Z,Team Total (Aces) Away,4,"{'hdp': 4.5, 'over': '3.40'}"
72665678,2026-07-16,ATP,Umag,Bet365,Alex Molcan,Alejandro Davidovich Fokina,match_aces,9.5,26.0000,,2026-07-16T10:22:31Z,2026-07-16T19:00:00Z,Team Total (Aces) Away,4,"{'hdp': 9.5, 'over': '26.00'}"
72665678,2026-07-16,ATP,Umag,Bet365,Alex Molcan,Alejandro Davidovich Fokina,match_aces,0.5,1.0400,,2026-07-16T10:22:31Z,2026-07-16T19:00:00Z,Team Total (Aces) Home,5,"{'hdp': 0.5, 'over': '1.04'}"
72665678,2026-07-16,ATP,Umag,Bet365,Alex Molcan,Alejandro Davidovich Fokina,match_aces,2.5,1.5000,,2026-07-16T10:22:31Z,2026-07-16T19:00:00Z,Team Total (Aces) Home,5,"{'hdp': 2.5, 'over': '1.50'}"
72665678,2026-07-16,ATP,Umag,Bet365,Alex Molcan,Alejandro Davidovich Fokina,match_aces,4.5,2.7500,,2026-07-16T10:22:31Z,2026-07-16T19:00:00Z,Team Total (Aces) Home,5,"{'hdp': 4.5, 'over': '2.75'}"
72665678,2026-07-16,ATP,Umag,Bet365,Alex Molcan,Alejandro Davidovich Fokina,match_aces,9.5,21.0000,,2026-07-16T10:22:31Z,2026-07-16T19:00:00Z,Team Total (Aces) Home,5,"{'hdp': 9.5, 'over': '21.00'}"
72665678,2026-07-16,ATP,Umag,Bet365,Alex Molcan,Alejandro Davidovich Fokina,match_aces,14.5,26.0000,,2026-07-16T10:22:31Z,2026-07-16T19:00:00Z,Team Total (Aces) Home,5,"{'hdp': 14.5, 'over': '26.00'}"
72665678,2026-07-16,ATP,Umag,Bet365,Alex Molcan,Alejandro Davidovich Fokina,match_double_faults,0.5,1.2800,,2026-07-16T10:22:31Z,2026-07-16T19:00:00Z,Team Total (Double Faults) Away,4,"{'hdp': 0.5, 'over': '1.28'}"
72665678,2026-07-16,ATP,Umag,Bet365,Alex Molcan,Alejandro Davidovich Fokina,match_double_faults,1.5,2.2000,,2026-07-16T10:22:31Z,2026-07-16T19:00:00Z,Team Total (Double Faults) Away,4,"{'hdp': 1.5, 'over': '2.20'}"
72665678,2026-07-16,ATP,Umag,Bet365,Alex Molcan,Alejandro Davidovich Fokina,match_double_faults,2.5,4.3300,,2026-07-16T10:22:31Z,2026-07-16T19:00:00Z,Team Total (Double Faults) Away,4,"{'hdp': 2.5, 'over': '4.33'}"
72665678,2026-07-16,ATP,Umag,Bet365,Alex Molcan,Alejandro Davidovich Fokina,match_double_faults,4.5,23.0000,,2026-07-16T10:22:31Z,2026-07-16T19:00:00Z,Team Total (Double Faults) Away,4,"{'hdp': 4.5, 'over': '23.00'}"
72665678,2026-07-16,ATP,Umag,Bet365,Alex Molcan,Alejandro Davidovich Fokina,match_double_faults,0.5,1.1600,,2026-07-16T10:22:31Z,2026-07-16T19:00:00Z,Team Total (Double Faults) Home,5,"{'hdp': 0.5, 'over': '1.16'}"
72665678,2026-07-16,ATP,Umag,Bet365,Alex Molcan,Alejandro Davidovich Fokina,match_double_faults,1.5,1.7200,,2026-07-16T10:22:31Z,2026-07-16T19:00:00Z,Team Total (Double Faults) Home,5,"{'hdp': 1.5, 'over': '1.72'}"
72665678,2026-07-16,ATP,Umag,Bet365,Alex Molcan,Alejandro Davidovich Fokina,match_double_faults,2.5,3.2500,,2026-07-16T10:22:31Z,2026-07-16T19:00:00Z,Team Total (Double Faults) Home,5,"{'hdp': 2.5, 'over': '3.25'}"
72665678,2026-07-16,ATP,Umag,Bet365,Alex Molcan,Alejandro Davidovich Fokina,match_double_faults,4.5,15.0000,,2026-07-16T10:22:31Z,2026-07-16T19:00:00Z,Team Total (Double Faults) Home,5,"{'hdp': 4.5, 'over': '15.00'}"
72665678,2026-07-16,ATP,Umag,Bet365,Alex Molcan,Alejandro Davidovich Fokina,match_double_faults,7.5,26.0000,,2026-07-16T10:22:31Z,2026-07-16T19:00:00Z,Team Total (Double Faults) Home,5,"{'hdp': 7.5, 'over': '26.00'}"
72846772,2026-07-16,ATP,Gstaad,Bet365,Aleksandr Shevchenko,Dominic Stricker,match_double_faults,1.5,1.2200,,2026-07-16T10:22:31Z,2026-07-16T15:30:00Z,Team Total (Double Faults) Home,6,"{'hdp': 1.5, 'over': '1.22'}"
72846772,2026-07-16,ATP,Gstaad,Bet365,Aleksandr Shevchenko,Dominic Stricker,match_double_faults,2.5,1.6100,,2026-07-16T10:22:31Z,2026-07-16T15:30:00Z,Team Total (Double Faults) Home,6,"{'hdp': 2.5, 'over': '1.61'}"
72846772,2026-07-16,ATP,Gstaad,Bet365,Aleksandr Shevchenko,Dominic Stricker,match_double_faults,0.5,1.0400,,2026-07-16T10:22:31Z,2026-07-16T15:30:00Z,Team Total (Double Faults) Home,6,"{'hdp': 0.5, 'over': '1.04'}"
72846772,2026-07-16,ATP,Gstaad,Bet365,Aleksandr Shevchenko,Dominic Stricker,match_double_faults,4.5,3.7500,,2026-07-16T10:22:31Z,2026-07-16T15:30:00Z,Team Total (Double Faults) Home,6,"{'hdp': 4.5, 'over': '3.75'}"
72846772,2026-07-16,ATP,Gstaad,Bet365,Aleksandr Shevchenko,Dominic Stricker,match_double_faults,7.5,21.0000,,2026-07-16T10:22:31Z,2026-07-16T15:30:00Z,Team Total (Double Faults) Home,6,"{'hdp': 7.5, 'over': '21.00'}"
72846772,2026-07-16,ATP,Gstaad,Bet365,Aleksandr Shevchenko,Dominic Stricker,match_double_faults,9.5,26.0000,,2026-07-16T10:22:31Z,2026-07-16T15:30:00Z,Team Total (Double Faults) Home,6,"{'hdp': 9.5, 'over': '26.00'}"
72846772,2026-07-16,ATP,Gstaad,Bet365,Aleksandr Shevchenko,Dominic Stricker,match_double_faults,1.5,1.0600,,2026-07-16T10:22:31Z,2026-07-16T15:30:00Z,Team Total (Double Faults) Away,7,"{'hdp': 1.5, 'over': '1.06'}"
72846772,2026-07-16,ATP,Gstaad,Bet365,Aleksandr Shevchenko,Dominic Stricker,match_double_faults,2.5,1.2000,,2026-07-16T10:22:31Z,2026-07-16T15:30:00Z,Team Total (Double Faults) Away,7,"{'hdp': 2.5, 'over': '1.20'}"
72846772,2026-07-16,ATP,Gstaad,Bet365,Aleksandr Shevchenko,Dominic Stricker,match_double_faults,0.5,1.0100,,2026-07-16T10:22:31Z,2026-07-16T15:30:00Z,Team Total (Double Faults) Away,7,"{'hdp': 0.5, 'over': '1.01'}"
72846772,2026-07-16,ATP,Gstaad,Bet365,Aleksandr Shevchenko,Dominic Stricker,match_double_faults,4.5,1.9000,,2026-07-16T10:22:31Z,2026-07-16T15:30:00Z,Team Total (Double Faults) Away,7,"{'hdp': 4.5, 'over': '1.90'}"
72846772,2026-07-16,ATP,Gstaad,Bet365,Aleksandr Shevchenko,Dominic Stricker,match_double_faults,7.5,6.0000,,2026-07-16T10:22:31Z,2026-07-16T15:30:00Z,Team Total (Double Faults) Away,7,"{'hdp': 7.5, 'over': '6.00'}"
72846772,2026-07-16,ATP,Gstaad,Bet365,Aleksandr Shevchenko,Dominic Stricker,match_double_faults,9.5,15.0000,,2026-07-16T10:22:31Z,2026-07-16T15:30:00Z,Team Total (Double Faults) Away,7,"{'hdp': 9.5, 'over': '15.00'}"
72846772,2026-07-16,ATP,Gstaad,Bet365,Aleksandr Shevchenko,Dominic Stricker,match_double_faults,11.5,26.0000,,2026-07-16T10:22:31Z,2026-07-16T15:30:00Z,Team Total (Double Faults) Away,7,"{'hdp': 11.5, 'over': '26.00'}"
72846772,2026-07-16,ATP,Gstaad,Bet365,Aleksandr Shevchenko,Dominic Stricker,match_aces,2.5,1.0100,,2026-07-16T10:22:31Z,2026-07-16T15:30:00Z,Team Total (Aces) Away,8,"{'hdp': 2.5, 'over': '1.01'}"
72846772,2026-07-16,ATP,Gstaad,Bet365,Aleksandr Shevchenko,Dominic Stricker,match_aces,4.5,1.0800,,2026-07-16T10:22:31Z,2026-07-16T15:30:00Z,Team Total (Aces) Away,8,"{'hdp': 4.5, 'over': '1.08'}"
72846772,2026-07-16,ATP,Gstaad,Bet365,Aleksandr Shevchenko,Dominic Stricker,match_aces,14.5,3.0000,,2026-07-16T10:22:31Z,2026-07-16T15:30:00Z,Team Total (Aces) Away,8,"{'hdp': 14.5, 'over': '3.00'}"
72846772,2026-07-16,ATP,Gstaad,Bet365,Aleksandr Shevchenko,Dominic Stricker,match_aces,19.5,6.5000,,2026-07-16T10:22:31Z,2026-07-16T15:30:00Z,Team Total (Aces) Away,8,"{'hdp': 19.5, 'over': '6.50'}"
72846772,2026-07-16,ATP,Gstaad,Bet365,Aleksandr Shevchenko,Dominic Stricker,match_aces,24.5,15.0000,,2026-07-16T10:22:31Z,2026-07-16T15:30:00Z,Team Total (Aces) Away,8,"{'hdp': 24.5, 'over': '15.00'}"
72846772,2026-07-16,ATP,Gstaad,Bet365,Aleksandr Shevchenko,Dominic Stricker,match_aces,29.5,26.0000,,2026-07-16T10:22:31Z,2026-07-16T15:30:00Z,Team Total (Aces) Away,8,"{'hdp': 29.5, 'over': '26.00'}"
72846772,2026-07-16,ATP,Gstaad,Bet365,Aleksandr Shevchenko,Dominic Stricker,match_aces,9.5,1.6100,,2026-07-16T10:22:31Z,2026-07-16T15:30:00Z,Team Total (Aces) Away,8,"{'hdp': 9.5, 'over': '1.61'}"
72846772,2026-07-16,ATP,Gstaad,Bet365,Aleksandr Shevchenko,Dominic Stricker,match_aces,2.5,1.0300,,2026-07-16T10:22:31Z,2026-07-16T15:30:00Z,Team Total (Aces) Home,7,"{'hdp': 2.5, 'over': '1.03'}"
72846772,2026-07-16,ATP,Gstaad,Bet365,Aleksandr Shevchenko,Dominic Stricker,match_aces,4.5,1.1400,,2026-07-16T10:22:31Z,2026-07-16T15:30:00Z,Team Total (Aces) Home,7,"{'hdp': 4.5, 'over': '1.14'}"
72846772,2026-07-16,ATP,Gstaad,Bet365,Aleksandr Shevchenko,Dominic Stricker,match_aces,9.5,2.0000,,2026-07-16T10:22:31Z,2026-07-16T15:30:00Z,Team Total (Aces) Home,7,"{'hdp': 9.5, 'over': '2.00'}"
72846772,2026-07-16,ATP,Gstaad,Bet365,Aleksandr Shevchenko,Dominic Stricker,match_aces,14.5,4.5000,,2026-07-16T10:22:31Z,2026-07-16T15:30:00Z,Team Total (Aces) Home,7,"{'hdp': 14.5, 'over': '4.50'}"
72846772,2026-07-16,ATP,Gstaad,Bet365,Aleksandr Shevchenko,Dominic Stricker,match_aces,19.5,13.0000,,2026-07-16T10:22:31Z,2026-07-16T15:30:00Z,Team Total (Aces) Home,7,"{'hdp': 19.5, 'over': '13.00'}"
72846772,2026-07-16,ATP,Gstaad,Bet365,Aleksandr Shevchenko,Dominic Stricker,match_aces,24.5,26.0000,,2026-07-16T10:22:31Z,2026-07-16T15:30:00Z,Team Total (Aces) Home,7,"{'hdp': 24.5, 'over': '26.00'}"
72846772,2026-07-16,ATP,Gstaad,Bet365,Aleksandr Shevchenko,Dominic Stricker,match_aces,9.5,1.0500,,2026-07-16T10:22:31Z,2026-07-16T15:30:00Z,Totals (Aces),9,"{'hdp': 9.5, 'over': '1.05'}"
72846772,2026-07-16,ATP,Gstaad,Bet365,Aleksandr Shevchenko,Dominic Stricker,match_aces,14.5,1.2500,,2026-07-16T10:22:31Z,2026-07-16T15:30:00Z,Totals (Aces),9,"{'hdp': 14.5, 'over': '1.25'}"
72846772,2026-07-16,ATP,Gstaad,Bet365,Aleksandr Shevchenko,Dominic Stricker,match_aces,19.5,1.7200,,2026-07-16T10:22:31Z,2026-07-16T15:30:00Z,Totals (Aces),9,"{'hdp': 19.5, 'over': '1.72'}"
72846772,2026-07-16,ATP,Gstaad,Bet365,Aleksandr Shevchenko,Dominic Stricker,match_aces,24.5,2.6200,,2026-07-16T10:22:31Z,2026-07-16T15:30:00Z,Totals (Aces),9,"{'hdp': 24.5, 'over': '2.62'}"
72846772,2026-07-16,ATP,Gstaad,Bet365,Aleksandr Shevchenko,Dominic Stricker,match_aces,29.5,4.5000,,2026-07-16T10:22:31Z,2026-07-16T15:30:00Z,Totals (Aces),9,"{'hdp': 29.5, 'over': '4.50'}"
72846772,2026-07-16,ATP,Gstaad,Bet365,Aleksandr Shevchenko,Dominic Stricker,match_aces,39.5,15.0000,,2026-07-16T10:22:31Z,2026-07-16T15:30:00Z,Totals (Aces),9,"{'hdp': 39.5, 'over': '15.00'}"
72846772,2026-07-16,ATP,Gstaad,Bet365,Aleksandr Shevchenko,Dominic Stricker,match_aces,49.5,26.0000,,2026-07-16T10:22:31Z,2026-07-16T15:30:00Z,Totals (Aces),9,"{'hdp': 49.5, 'over': '26.00'}"
72846772,2026-07-16,ATP,Gstaad,Bet365,Aleksandr Shevchenko,Dominic Stricker,match_double_faults,9.5,3.0000,,2026-07-16T10:22:31Z,2026-07-16T15:30:00Z,Totals (Double Faults),9,"{'hdp': 9.5, 'over': '3.00'}"
72846772,2026-07-16,ATP,Gstaad,Bet365,Aleksandr Shevchenko,Dominic Stricker,match_double_faults,2.5,1.0200,,2026-07-16T10:22:31Z,2026-07-16T15:30:00Z,Totals (Double Faults),9,"{'hdp': 2.5, 'over': '1.02'}"
72846772,2026-07-16,ATP,Gstaad,Bet365,Aleksandr Shevchenko,Dominic Stricker,match_double_faults,4.5,1.1400,,2026-07-16T10:22:31Z,2026-07-16T15:30:00Z,Totals (Double Faults),9,"{'hdp': 4.5, 'over': '1.14'}"
72846772,2026-07-16,ATP,Gstaad,Bet365,Aleksandr Shevchenko,Dominic Stricker,match_double_faults,7.5,1.8300,,2026-07-16T10:22:31Z,2026-07-16T15:30:00Z,Totals (Double Faults),9,"{'hdp': 7.5, 'over': '1.83'}"
72846772,2026-07-16,ATP,Gstaad,Bet365,Aleksandr Shevchenko,Dominic Stricker,match_double_faults,11.5,6.0000,,2026-07-16T10:22:31Z,2026-07-16T15:30:00Z,Totals (Double Faults),9,"{'hdp': 11.5, 'over': '6.00'}"
72846772,2026-07-16,ATP,Gstaad,Bet365,Aleksandr Shevchenko,Dominic Stricker,match_double_faults,14.5,17.0000,,2026-07-16T10:22:31Z,2026-07-16T15:30:00Z,Totals (Double Faults),9,"{'hdp': 14.5, 'over': '17.00'}"
72846772,2026-07-16,ATP,Gstaad,Bet365,Aleksandr Shevchenko,Dominic Stricker,match_double_faults,19.5,26.0000,,2026-07-16T10:22:31Z,2026-07-16T15:30:00Z,Totals (Double Faults),9,"{'hdp': 19.5, 'over': '26.00'}"
72668644,2026-07-16,WTA,"WTA - Iasi, Romania",Bet365,Panna Udvardy,Katarzyna Kawa,match_aces,4.5,3.4000,,2026-07-16T10:22:31Z,2026-07-16T15:40:00Z,Team Total (Aces) Home,4,"{'hdp': 4.5, 'over': '3.40'}"
72668644,2026-07-16,WTA,"WTA - Iasi, Romania",Bet365,Panna Udvardy,Katarzyna Kawa,match_aces,0.5,1.0500,,2026-07-16T10:22:31Z,2026-07-16T15:40:00Z,Team Total (Aces) Home,4,"{'hdp': 0.5, 'over': '1.05'}"
72668644,2026-07-16,WTA,"WTA - Iasi, Romania",Bet365,Panna Udvardy,Katarzyna Kawa,match_aces,2.5,1.6100,,2026-07-16T10:22:31Z,2026-07-16T15:40:00Z,Team Total (Aces) Home,4,"{'hdp': 2.5, 'over': '1.61'}"
72668644,2026-07-16,WTA,"WTA - Iasi, Romania",Bet365,Panna Udvardy,Katarzyna Kawa,match_aces,9.5,26.0000,,2026-07-16T10:22:31Z,2026-07-16T15:40:00Z,Team Total (Aces) Home,4,"{'hdp': 9.5, 'over': '26.00'}"
72668644,2026-07-16,WTA,"WTA - Iasi, Romania",Bet365,Panna Udvardy,Katarzyna Kawa,match_double_faults,0.5,1.0200,,2026-07-16T10:22:31Z,2026-07-16T15:40:00Z,Team Total (Double Faults) Away,6,"{'hdp': 0.5, 'over': '1.02'}"
72668644,2026-07-16,WTA,"WTA - Iasi, Romania",Bet365,Panna Udvardy,Katarzyna Kawa,match_double_faults,1.5,1.1200,,2026-07-16T10:22:31Z,2026-07-16T15:40:00Z,Team Total (Double Faults) Away,6,"{'hdp': 1.5, 'over': '1.12'}"
72668644,2026-07-16,WTA,"WTA - Iasi, Romania",Bet365,Panna Udvardy,Katarzyna Kawa,match_double_faults,2.5,1.3600,,2026-07-16T10:22:31Z,2026-07-16T15:40:00Z,Team Total (Double Faults) Away,6,"{'hdp': 2.5, 'over': '1.36'}"
72668644,2026-07-16,WTA,"WTA - Iasi, Romania",Bet365,Panna Udvardy,Katarzyna Kawa,match_double_faults,4.5,2.6200,,2026-07-16T10:22:31Z,2026-07-16T15:40:00Z,Team Total (Double Faults) Away,6,"{'hdp': 4.5, 'over': '2.62'}"
72668644,2026-07-16,WTA,"WTA - Iasi, Romania",Bet365,Panna Udvardy,Katarzyna Kawa,match_double_faults,7.5,11.0000,,2026-07-16T10:22:31Z,2026-07-16T15:40:00Z,Team Total (Double Faults) Away,6,"{'hdp': 7.5, 'over': '11.00'}"
72668644,2026-07-16,WTA,"WTA - Iasi, Romania",Bet365,Panna Udvardy,Katarzyna Kawa,match_double_faults,9.5,26.0000,,2026-07-16T10:22:31Z,2026-07-16T15:40:00Z,Team Total (Double Faults) Away,6,"{'hdp': 9.5, 'over': '26.00'}"
72668644,2026-07-16,WTA,"WTA - Iasi, Romania",Bet365,Panna Udvardy,Katarzyna Kawa,match_double_faults,0.5,1.0100,,2026-07-16T10:22:31Z,2026-07-16T15:40:00Z,Team Total (Double Faults) Home,7,"{'hdp': 0.5, 'over': '1.01'}"
72668644,2026-07-16,WTA,"WTA - Iasi, Romania",Bet365,Panna Udvardy,Katarzyna Kawa,match_double_faults,1.5,1.1000,,2026-07-16T10:22:31Z,2026-07-16T15:40:00Z,Team Total (Double Faults) Home,7,"{'hdp': 1.5, 'over': '1.10'}"
72668644,2026-07-16,WTA,"WTA - Iasi, Romania",Bet365,Panna Udvardy,Katarzyna Kawa,match_double_faults,2.5,1.2800,,2026-07-16T10:22:31Z,2026-07-16T15:40:00Z,Team Total (Double Faults) Home,7,"{'hdp': 2.5, 'over': '1.28'}"
72668644,2026-07-16,WTA,"WTA - Iasi, Romania",Bet365,Panna Udvardy,Katarzyna Kawa,match_double_faults,4.5,2.2000,,2026-07-16T10:22:31Z,2026-07-16T15:40:00Z,Team Total (Double Faults) Home,7,"{'hdp': 4.5, 'over': '2.20'}"
72668644,2026-07-16,WTA,"WTA - Iasi, Romania",Bet365,Panna Udvardy,Katarzyna Kawa,match_double_faults,7.5,8.0000,,2026-07-16T10:22:31Z,2026-07-16T15:40:00Z,Team Total (Double Faults) Home,7,"{'hdp': 7.5, 'over': '8.00'}"
72668644,2026-07-16,WTA,"WTA - Iasi, Romania",Bet365,Panna Udvardy,Katarzyna Kawa,match_double_faults,9.5,21.0000,,2026-07-16T10:22:31Z,2026-07-16T15:40:00Z,Team Total (Double Faults) Home,7,"{'hdp': 9.5, 'over': '21.00'}"
72668644,2026-07-16,WTA,"WTA - Iasi, Romania",Bet365,Panna Udvardy,Katarzyna Kawa,match_double_faults,11.5,26.0000,,2026-07-16T10:22:31Z,2026-07-16T15:40:00Z,Team Total (Double Faults) Home,7,"{'hdp': 11.5, 'over': '26.00'}"
72668644,2026-07-16,WTA,"WTA - Iasi, Romania",Bet365,Panna Udvardy,Katarzyna Kawa,match_aces,2.5,1.1400,,2026-07-16T10:22:31Z,2026-07-16T15:40:00Z,Totals (Aces),5,"{'hdp': 2.5, 'over': '1.14'}"
72668644,2026-07-16,WTA,"WTA - Iasi, Romania",Bet365,Panna Udvardy,Katarzyna Kawa,match_aces,4.5,1.5700,,2026-07-16T10:22:31Z,2026-07-16T15:40:00Z,Totals (Aces),5,"{'hdp': 4.5, 'over': '1.57'}"
72668644,2026-07-16,WTA,"WTA - Iasi, Romania",Bet365,Panna Udvardy,Katarzyna Kawa,match_aces,9.5,6.5000,,2026-07-16T10:22:31Z,2026-07-16T15:40:00Z,Totals (Aces),5,"{'hdp': 9.5, 'over': '6.50'}"
72668644,2026-07-16,WTA,"WTA - Iasi, Romania",Bet365,Panna Udvardy,Katarzyna Kawa,match_aces,14.5,26.0000,,2026-07-16T10:22:31Z,2026-07-16T15:40:00Z,Totals (Aces),5,"{'hdp': 14.5, 'over': '26.00'}"
72668644,2026-07-16,WTA,"WTA - Iasi, Romania",Bet365,Panna Udvardy,Katarzyna Kawa,match_double_faults,2.5,1.0100,,2026-07-16T10:22:31Z,2026-07-16T15:40:00Z,Totals (Double Faults),9,"{'hdp': 2.5, 'over': '1.01'}"
72668644,2026-07-16,WTA,"WTA - Iasi, Romania",Bet365,Panna Udvardy,Katarzyna Kawa,match_double_faults,4.5,1.1200,,2026-07-16T10:22:31Z,2026-07-16T15:40:00Z,Totals (Double Faults),9,"{'hdp': 4.5, 'over': '1.12'}"
72668644,2026-07-16,WTA,"WTA - Iasi, Romania",Bet365,Panna Udvardy,Katarzyna Kawa,match_double_faults,7.5,1.8000,,2026-07-16T10:22:31Z,2026-07-16T15:40:00Z,Totals (Double Faults),9,"{'hdp': 7.5, 'over': '1.80'}"
72668644,2026-07-16,WTA,"WTA - Iasi, Romania",Bet365,Panna Udvardy,Katarzyna Kawa,match_double_faults,9.5,2.7500,,2026-07-16T10:22:31Z,2026-07-16T15:40:00Z,Totals (Double Faults),9,"{'hdp': 9.5, 'over': '2.75'}"
72668644,2026-07-16,WTA,"WTA - Iasi, Romania",Bet365,Panna Udvardy,Katarzyna Kawa,match_double_faults,11.5,5.5000,,2026-07-16T10:22:31Z,2026-07-16T15:40:00Z,Totals (Double Faults),9,"{'hdp': 11.5, 'over': '5.50'}"
72668644,2026-07-16,WTA,"WTA - Iasi, Romania",Bet365,Panna Udvardy,Katarzyna Kawa,match_double_faults,14.5,15.0000,,2026-07-16T10:22:31Z,2026-07-16T15:40:00Z,Totals (Double Faults),9,"{'hdp': 14.5, 'over': '15.00'}"
72668644,2026-07-16,WTA,"WTA - Iasi, Romania",Bet365,Panna Udvardy,Katarzyna Kawa,match_double_faults,19.5,26.0000,,2026-07-16T10:22:31Z,2026-07-16T15:40:00Z,Totals (Double Faults),9,"{'hdp': 19.5, 'over': '26.00'}"
72668644,2026-07-16,WTA,"WTA - Iasi, Romania",Bet365,Panna Udvardy,Katarzyna Kawa,match_aces,0.5,1.1200,,2026-07-16T10:22:31Z,2026-07-16T15:40:00Z,Team Total (Aces) Away,4,"{'hdp': 0.5, 'over': '1.12'}"
72668644,2026-07-16,WTA,"WTA - Iasi, Romania",Bet365,Panna Udvardy,Katarzyna Kawa,match_aces,2.5,2.2000,,2026-07-16T10:22:31Z,2026-07-16T15:40:00Z,Team Total (Aces) Away,4,"{'hdp': 2.5, 'over': '2.20'}"
72668644,2026-07-16,WTA,"WTA - Iasi, Romania",Bet365,Panna Udvardy,Katarzyna Kawa,match_aces,4.5,6.5000,,2026-07-16T10:22:31Z,2026-07-16T15:40:00Z,Team Total (Aces) Away,4,"{'hdp': 4.5, 'over': '6.50'}"
72668644,2026-07-16,WTA,"WTA - Iasi, Romania",Bet365,Panna Udvardy,Katarzyna Kawa,match_aces,9.5,26.0000,,2026-07-16T10:22:31Z,2026-07-16T15:40:00Z,Team Total (Aces) Away,4,"{'hdp': 9.5, 'over': '26.00'}"
72665680,2026-07-16,ATP,Umag,Bet365,Damir Dzumhur,Matteo Arnaldi,match_aces,2.5,1.1200,,2026-07-16T10:22:31Z,2026-07-16T16:00:00Z,Team Total (Aces) Away,6,"{'hdp': 2.5, 'over': '1.12'}"
72665680,2026-07-16,ATP,Umag,Bet365,Damir Dzumhur,Matteo Arnaldi,match_aces,4.5,1.5000,,2026-07-16T10:22:31Z,2026-07-16T16:00:00Z,Team Total (Aces) Away,6,"{'hdp': 4.5, 'over': '1.50'}"
72665680,2026-07-16,ATP,Umag,Bet365,Damir Dzumhur,Matteo Arnaldi,match_aces,9.5,5.5000,,2026-07-16T10:22:31Z,2026-07-16T16:00:00Z,Team Total (Aces) Away,6,"{'hdp': 9.5, 'over': '5.50'}"
72665680,2026-07-16,ATP,Umag,Bet365,Damir Dzumhur,Matteo Arnaldi,match_aces,14.5,23.0000,,2026-07-16T10:22:31Z,2026-07-16T16:00:00Z,Team Total (Aces) Away,6,"{'hdp': 14.5, 'over': '23.00'}"
72665680,2026-07-16,ATP,Umag,Bet365,Damir Dzumhur,Matteo Arnaldi,match_aces,19.5,26.0000,,2026-07-16T10:22:31Z,2026-07-16T16:00:00Z,Team Total (Aces) Away,6,"{'hdp': 19.5, 'over': '26.00'}"
72665680,2026-07-16,ATP,Umag,Bet365,Damir Dzumhur,Matteo Arnaldi,match_aces,0.5,1.1800,,2026-07-16T10:22:31Z,2026-07-16T16:00:00Z,Team Total (Aces) Home,4,"{'hdp': 0.5, 'over': '1.18'}"
72665680,2026-07-16,ATP,Umag,Bet365,Damir Dzumhur,Matteo Arnaldi,match_aces,2.5,2.7500,,2026-07-16T10:22:31Z,2026-07-16T16:00:00Z,Team Total (Aces) Home,4,"{'hdp': 2.5, 'over': '2.75'}"
72665680,2026-07-16,ATP,Umag,Bet365,Damir Dzumhur,Matteo Arnaldi,match_aces,4.5,10.0000,,2026-07-16T10:22:31Z,2026-07-16T16:00:00Z,Team Total (Aces) Home,4,"{'hdp': 4.5, 'over': '10.00'}"
72665680,2026-07-16,ATP,Umag,Bet365,Damir Dzumhur,Matteo Arnaldi,match_aces,9.5,26.0000,,2026-07-16T10:22:31Z,2026-07-16T16:00:00Z,Team Total (Aces) Home,4,"{'hdp': 9.5, 'over': '26.00'}"
72665680,2026-07-16,ATP,Umag,Bet365,Damir Dzumhur,Matteo Arnaldi,match_double_faults,0.5,1.1400,,2026-07-16T10:22:31Z,2026-07-16T16:00:00Z,Team Total (Double Faults) Home,5,"{'hdp': 0.5, 'over': '1.14'}"
72665680,2026-07-16,ATP,Umag,Bet365,Damir Dzumhur,Matteo Arnaldi,match_double_faults,1.5,1.6600,,2026-07-16T10:22:31Z,2026-07-16T16:00:00Z,Team Total (Double Faults) Home,5,"{'hdp': 1.5, 'over': '1.66'}"
72665680,2026-07-16,ATP,Umag,Bet365,Damir Dzumhur,Matteo Arnaldi,match_double_faults,2.5,2.7500,,2026-07-16T10:22:31Z,2026-07-16T16:00:00Z,Team Total (Double Faults) Home,5,"{'hdp': 2.5, 'over': '2.75'}"
72665680,2026-07-16,ATP,Umag,Bet365,Damir Dzumhur,Matteo Arnaldi,match_double_faults,4.5,13.0000,,2026-07-16T10:22:31Z,2026-07-16T16:00:00Z,Team Total (Double Faults) Home,5,"{'hdp': 4.5, 'over': '13.00'}"
72665680,2026-07-16,ATP,Umag,Bet365,Damir Dzumhur,Matteo Arnaldi,match_double_faults,7.5,26.0000,,2026-07-16T10:22:31Z,2026-07-16T16:00:00Z,Team Total (Double Faults) Home,5,"{'hdp': 7.5, 'over': '26.00'}"
72665680,2026-07-16,ATP,Umag,Bet365,Damir Dzumhur,Matteo Arnaldi,match_double_faults,0.5,1.0200,,2026-07-16T10:22:31Z,2026-07-16T16:00:00Z,Team Total (Double Faults) Away,7,"{'hdp': 0.5, 'over': '1.02'}"
72665680,2026-07-16,ATP,Umag,Bet365,Damir Dzumhur,Matteo Arnaldi,match_double_faults,1.5,1.1100,,2026-07-16T10:22:31Z,2026-07-16T16:00:00Z,Team Total (Double Faults) Away,7,"{'hdp': 1.5, 'over': '1.11'}"
72665680,2026-07-16,ATP,Umag,Bet365,Damir Dzumhur,Matteo Arnaldi,match_double_faults,2.5,1.3300,,2026-07-16T10:22:31Z,2026-07-16T16:00:00Z,Team Total (Double Faults) Away,7,"{'hdp': 2.5, 'over': '1.33'}"
72665680,2026-07-16,ATP,Umag,Bet365,Damir Dzumhur,Matteo Arnaldi,match_double_faults,4.5,2.2500,,2026-07-16T10:22:31Z,2026-07-16T16:00:00Z,Team Total (Double Faults) Away,7,"{'hdp': 4.5, 'over': '2.25'}"
72665680,2026-07-16,ATP,Umag,Bet365,Damir Dzumhur,Matteo Arnaldi,match_double_faults,7.5,8.0000,,2026-07-16T10:22:31Z,2026-07-16T16:00:00Z,Team Total (Double Faults) Away,7,"{'hdp': 7.5, 'over': '8.00'}"
72665680,2026-07-16,ATP,Umag,Bet365,Damir Dzumhur,Matteo Arnaldi,match_double_faults,9.5,19.0000,,2026-07-16T10:22:31Z,2026-07-16T16:00:00Z,Team Total (Double Faults) Away,7,"{'hdp': 9.5, 'over': '19.00'}"
72665680,2026-07-16,ATP,Umag,Bet365,Damir Dzumhur,Matteo Arnaldi,match_double_faults,11.5,26.0000,,2026-07-16T10:22:31Z,2026-07-16T16:00:00Z,Team Total (Double Faults) Away,7,"{'hdp': 11.5, 'over': '26.00'}"
72665680,2026-07-16,ATP,Umag,Bet365,Damir Dzumhur,Matteo Arnaldi,match_aces,2.5,1.0400,,2026-07-16T10:22:31Z,2026-07-16T16:00:00Z,Totals (Aces),6,"{'hdp': 2.5, 'over': '1.04'}"
72665680,2026-07-16,ATP,Umag,Bet365,Damir Dzumhur,Matteo Arnaldi,match_aces,4.5,1.2000,,2026-07-16T10:22:31Z,2026-07-16T16:00:00Z,Totals (Aces),6,"{'hdp': 4.5, 'over': '1.20'}"
72665680,2026-07-16,ATP,Umag,Bet365,Damir Dzumhur,Matteo Arnaldi,match_aces,9.5,2.7500,,2026-07-16T10:22:31Z,2026-07-16T16:00:00Z,Totals (Aces),6,"{'hdp': 9.5, 'over': '2.75'}"
72665680,2026-07-16,ATP,Umag,Bet365,Damir Dzumhur,Matteo Arnaldi,match_aces,14.5,10.0000,,2026-07-16T10:22:31Z,2026-07-16T16:00:00Z,Totals (Aces),6,"{'hdp': 14.5, 'over': '10.00'}"
72665680,2026-07-16,ATP,Umag,Bet365,Damir Dzumhur,Matteo Arnaldi,match_aces,19.5,26.0000,,2026-07-16T10:22:31Z,2026-07-16T16:00:00Z,Totals (Aces),6,"{'hdp': 19.5, 'over': '26.00'}"
72665680,2026-07-16,ATP,Umag,Bet365,Damir Dzumhur,Matteo Arnaldi,match_double_faults,1.5,1.0200,,2026-07-16T10:22:31Z,2026-07-16T16:00:00Z,Totals (Double Faults),8,"{'hdp': 1.5, 'over': '1.02'}"
72665680,2026-07-16,ATP,Umag,Bet365,Damir Dzumhur,Matteo Arnaldi,match_double_faults,2.5,1.0700,,2026-07-16T10:22:31Z,2026-07-16T16:00:00Z,Totals (Double Faults),8,"{'hdp': 2.5, 'over': '1.07'}"
72665680,2026-07-16,ATP,Umag,Bet365,Damir Dzumhur,Matteo Arnaldi,match_double_faults,4.5,1.4000,,2026-07-16T10:22:31Z,2026-07-16T16:00:00Z,Totals (Double Faults),8,"{'hdp': 4.5, 'over': '1.40'}"
72665680,2026-07-16,ATP,Umag,Bet365,Damir Dzumhur,Matteo Arnaldi,match_double_faults,7.5,3.0000,,2026-07-16T10:22:31Z,2026-07-16T16:00:00Z,Totals (Double Faults),8,"{'hdp': 7.5, 'over': '3.00'}"
72665680,2026-07-16,ATP,Umag,Bet365,Damir Dzumhur,Matteo Arnaldi,match_double_faults,9.5,6.0000,,2026-07-16T10:22:31Z,2026-07-16T16:00:00Z,Totals (Double Faults),8,"{'hdp': 9.5, 'over': '6.00'}"
72665680,2026-07-16,ATP,Umag,Bet365,Damir Dzumhur,Matteo Arnaldi,match_double_faults,11.5,15.0000,,2026-07-16T10:22:31Z,2026-07-16T16:00:00Z,Totals (Double Faults),8,"{'hdp': 11.5, 'over': '15.00'}"
72665680,2026-07-16,ATP,Umag,Bet365,Damir Dzumhur,Matteo Arnaldi,match_double_faults,14.5,26.0000,,2026-07-16T10:22:31Z,2026-07-16T16:00:00Z,Totals (Double Faults),8,"{'hdp': 14.5, 'over': '26.00'}"
72665700,2026-07-16,ATP,Umag,Bet365,Roman Andres Burruchaga,Camilo Ugo Carabelli,match_double_faults,0.5,1.0500,,2026-07-16T10:22:31Z,2026-07-16T16:30:00Z,Team Total (Double Faults) Away,5,"{'hdp': 0.5, 'over': '1.05'}"
72665700,2026-07-16,ATP,Umag,Bet365,Roman Andres Burruchaga,Camilo Ugo Carabelli,match_double_faults,1.5,1.2500,,2026-07-16T10:22:31Z,2026-07-16T16:30:00Z,Team Total (Double Faults) Away,5,"{'hdp': 1.5, 'over': '1.25'}"
72665700,2026-07-16,ATP,Umag,Bet365,Roman Andres Burruchaga,Camilo Ugo Carabelli,match_double_faults,2.5,1.7200,,2026-07-16T10:22:31Z,2026-07-16T16:30:00Z,Team Total (Double Faults) Away,5,"{'hdp': 2.5, 'over': '1.72'}"
72665700,2026-07-16,ATP,Umag,Bet365,Roman Andres Burruchaga,Camilo Ugo Carabelli,match_double_faults,4.5,4.5000,,2026-07-16T10:22:31Z,2026-07-16T16:30:00Z,Team Total (Double Faults) Away,5,"{'hdp': 4.5, 'over': '4.50'}"
72665700,2026-07-16,ATP,Umag,Bet365,Roman Andres Burruchaga,Camilo Ugo Carabelli,match_double_faults,7.5,26.0000,,2026-07-16T10:22:31Z,2026-07-16T16:30:00Z,Team Total (Double Faults) Away,5,"{'hdp': 7.5, 'over': '26.00'}"
72665700,2026-07-16,ATP,Umag,Bet365,Roman Andres Burruchaga,Camilo Ugo Carabelli,match_double_faults,0.5,1.0100,,2026-07-16T10:22:31Z,2026-07-16T16:30:00Z,Team Total (Double Faults) Home,7,"{'hdp': 0.5, 'over': '1.01'}"
72665700,2026-07-16,ATP,Umag,Bet365,Roman Andres Burruchaga,Camilo Ugo Carabelli,match_double_faults,1.5,1.1000,,2026-07-16T10:22:31Z,2026-07-16T16:30:00Z,Team Total (Double Faults) Home,7,"{'hdp': 1.5, 'over': '1.10'}"
72665700,2026-07-16,ATP,Umag,Bet365,Roman Andres Burruchaga,Camilo Ugo Carabelli,match_double_faults,2.5,1.2800,,2026-07-16T10:22:31Z,2026-07-16T16:30:00Z,Team Total (Double Faults) Home,7,"{'hdp': 2.5, 'over': '1.28'}"
72665700,2026-07-16,ATP,Umag,Bet365,Roman Andres Burruchaga,Camilo Ugo Carabelli,match_double_faults,4.5,2.2500,,2026-07-16T10:22:31Z,2026-07-16T16:30:00Z,Team Total (Double Faults) Home,7,"{'hdp': 4.5, 'over': '2.25'}"
72665700,2026-07-16,ATP,Umag,Bet365,Roman Andres Burruchaga,Camilo Ugo Carabelli,match_double_faults,7.5,8.0000,,2026-07-16T10:22:31Z,2026-07-16T16:30:00Z,Team Total (Double Faults) Home,7,"{'hdp': 7.5, 'over': '8.00'}"
72665700,2026-07-16,ATP,Umag,Bet365,Roman Andres Burruchaga,Camilo Ugo Carabelli,match_double_faults,9.5,21.0000,,2026-07-16T10:22:31Z,2026-07-16T16:30:00Z,Team Total (Double Faults) Home,7,"{'hdp': 9.5, 'over': '21.00'}"
72665700,2026-07-16,ATP,Umag,Bet365,Roman Andres Burruchaga,Camilo Ugo Carabelli,match_double_faults,11.5,26.0000,,2026-07-16T10:22:31Z,2026-07-16T16:30:00Z,Team Total (Double Faults) Home,7,"{'hdp': 11.5, 'over': '26.00'}"
72665700,2026-07-16,ATP,Umag,Bet365,Roman Andres Burruchaga,Camilo Ugo Carabelli,match_aces,2.5,1.0300,,2026-07-16T10:22:31Z,2026-07-16T16:30:00Z,Totals (Aces),7,"{'hdp': 2.5, 'over': '1.03'}"
72665700,2026-07-16,ATP,Umag,Bet365,Roman Andres Burruchaga,Camilo Ugo Carabelli,match_aces,4.5,1.1600,,2026-07-16T10:22:31Z,2026-07-16T16:30:00Z,Totals (Aces),7,"{'hdp': 4.5, 'over': '1.16'}"
72665700,2026-07-16,ATP,Umag,Bet365,Roman Andres Burruchaga,Camilo Ugo Carabelli,match_aces,9.5,2.3700,,2026-07-16T10:22:31Z,2026-07-16T16:30:00Z,Totals (Aces),7,"{'hdp': 9.5, 'over': '2.37'}"
72665700,2026-07-16,ATP,Umag,Bet365,Roman Andres Burruchaga,Camilo Ugo Carabelli,match_aces,14.5,7.0000,,2026-07-16T10:22:31Z,2026-07-16T16:30:00Z,Totals (Aces),7,"{'hdp': 14.5, 'over': '7.00'}"
72665700,2026-07-16,ATP,Umag,Bet365,Roman Andres Burruchaga,Camilo Ugo Carabelli,match_aces,19.5,23.0000,,2026-07-16T10:22:31Z,2026-07-16T16:30:00Z,Totals (Aces),7,"{'hdp': 19.5, 'over': '23.00'}"
72665700,2026-07-16,ATP,Umag,Bet365,Roman Andres Burruchaga,Camilo Ugo Carabelli,match_aces,24.5,26.0000,,2026-07-16T10:22:31Z,2026-07-16T16:30:00Z,Totals (Aces),7,"{'hdp': 24.5, 'over': '26.00'}"
72665700,2026-07-16,ATP,Umag,Bet365,Roman Andres Burruchaga,Camilo Ugo Carabelli,match_double_faults,2.5,1.0300,,2026-07-16T10:22:31Z,2026-07-16T16:30:00Z,Totals (Double Faults),8,"{'hdp': 2.5, 'over': '1.03'}"
72665700,2026-07-16,ATP,Umag,Bet365,Roman Andres Burruchaga,Camilo Ugo Carabelli,match_double_faults,4.5,1.2200,,2026-07-16T10:22:31Z,2026-07-16T16:30:00Z,Totals (Double Faults),8,"{'hdp': 4.5, 'over': '1.22'}"
72665700,2026-07-16,ATP,Umag,Bet365,Roman Andres Burruchaga,Camilo Ugo Carabelli,match_double_faults,7.5,2.2000,,2026-07-16T10:22:31Z,2026-07-16T16:30:00Z,Totals (Double Faults),8,"{'hdp': 7.5, 'over': '2.20'}"
72665700,2026-07-16,ATP,Umag,Bet365,Roman Andres Burruchaga,Camilo Ugo Carabelli,match_double_faults,9.5,4.0000,,2026-07-16T10:22:31Z,2026-07-16T16:30:00Z,Totals (Double Faults),8,"{'hdp': 9.5, 'over': '4.00'}"
72665700,2026-07-16,ATP,Umag,Bet365,Roman Andres Burruchaga,Camilo Ugo Carabelli,match_double_faults,11.5,8.0000,,2026-07-16T10:22:31Z,2026-07-16T16:30:00Z,Totals (Double Faults),8,"{'hdp': 11.5, 'over': '8.00'}"
72665700,2026-07-16,ATP,Umag,Bet365,Roman Andres Burruchaga,Camilo Ugo Carabelli,match_double_faults,14.5,26.0000,,2026-07-16T10:22:31Z,2026-07-16T16:30:00Z,Totals (Double Faults),8,"{'hdp': 14.5, 'over': '26.00'}"
72665700,2026-07-16,ATP,Umag,Bet365,Roman Andres Burruchaga,Camilo Ugo Carabelli,match_aces,0.5,1.0400,,2026-07-16T10:22:31Z,2026-07-16T16:30:00Z,Team Total (Aces) Away,4,"{'hdp': 0.5, 'over': '1.04'}"
72665700,2026-07-16,ATP,Umag,Bet365,Roman Andres Burruchaga,Camilo Ugo Carabelli,match_aces,2.5,1.5000,,2026-07-16T10:22:31Z,2026-07-16T16:30:00Z,Team Total (Aces) Away,4,"{'hdp': 2.5, 'over': '1.50'}"
72665700,2026-07-16,ATP,Umag,Bet365,Roman Andres Burruchaga,Camilo Ugo Carabelli,match_aces,4.5,3.0000,,2026-07-16T10:22:31Z,2026-07-16T16:30:00Z,Team Total (Aces) Away,4,"{'hdp': 4.5, 'over': '3.00'}"
72665700,2026-07-16,ATP,Umag,Bet365,Roman Andres Burruchaga,Camilo Ugo Carabelli,match_aces,9.5,26.0000,,2026-07-16T10:22:31Z,2026-07-16T16:30:00Z,Team Total (Aces) Away,4,"{'hdp': 9.5, 'over': '26.00'}"
72665700,2026-07-16,ATP,Umag,Bet365,Roman Andres Burruchaga,Camilo Ugo Carabelli,match_aces,0.5,1.0100,,2026-07-16T10:22:31Z,2026-07-16T16:30:00Z,Team Total (Aces) Home,5,"{'hdp': 0.5, 'over': '1.01'}"
72665700,2026-07-16,ATP,Umag,Bet365,Roman Andres Burruchaga,Camilo Ugo Carabelli,match_aces,2.5,1.2000,,2026-07-16T10:22:31Z,2026-07-16T16:30:00Z,Team Total (Aces) Home,5,"{'hdp': 2.5, 'over': '1.20'}"
72665700,2026-07-16,ATP,Umag,Bet365,Roman Andres Burruchaga,Camilo Ugo Carabelli,match_aces,4.5,1.7200,,2026-07-16T10:22:31Z,2026-07-16T16:30:00Z,Team Total (Aces) Home,5,"{'hdp': 4.5, 'over': '1.72'}"
72665700,2026-07-16,ATP,Umag,Bet365,Roman Andres Burruchaga,Camilo Ugo Carabelli,match_aces,9.5,8.0000,,2026-07-16T10:22:31Z,2026-07-16T16:30:00Z,Team Total (Aces) Home,5,"{'hdp': 9.5, 'over': '8.00'}"
72665700,2026-07-16,ATP,Umag,Bet365,Roman Andres Burruchaga,Camilo Ugo Carabelli,match_aces,14.5,26.0000,,2026-07-16T10:22:31Z,2026-07-16T16:30:00Z,Team Total (Aces) Home,5,"{'hdp': 14.5, 'over': '26.00'}"
72661892,2026-07-17,ATP,Bastad,Bet365,Adolfo Daniel Vallejo,Stefano Travaglia,match_aces,2.5,1.4000,,2026-07-16T10:22:31Z,2026-07-17T09:00:00Z,Team Total (Aces) Away,5,"{'hdp': 2.5, 'over': '1.40'}"
72661892,2026-07-17,ATP,Bastad,Bet365,Adolfo Daniel Vallejo,Stefano Travaglia,match_aces,14.5,26.0000,,2026-07-16T10:22:31Z,2026-07-17T09:00:00Z,Team Total (Aces) Away,5,"{'hdp': 14.5, 'over': '26.00'}"
72661892,2026-07-17,ATP,Bastad,Bet365,Adolfo Daniel Vallejo,Stefano Travaglia,match_aces,0.5,1.0400,,2026-07-16T10:22:31Z,2026-07-17T09:00:00Z,Team Total (Aces) Away,5,"{'hdp': 0.5, 'over': '1.04'}"
72661892,2026-07-17,ATP,Bastad,Bet365,Adolfo Daniel Vallejo,Stefano Travaglia,match_aces,4.5,2.5000,,2026-07-16T10:22:31Z,2026-07-17T09:00:00Z,Team Total (Aces) Away,5,"{'hdp': 4.5, 'over': '2.50'}"
72661892,2026-07-17,ATP,Bastad,Bet365,Adolfo Daniel Vallejo,Stefano Travaglia,match_aces,9.5,17.0000,,2026-07-16T10:22:31Z,2026-07-17T09:00:00Z,Team Total (Aces) Away,5,"{'hdp': 9.5, 'over': '17.00'}"
72661892,2026-07-17,ATP,Bastad,Bet365,Adolfo Daniel Vallejo,Stefano Travaglia,match_double_faults,7.5,4.0000,,2026-07-16T10:22:31Z,2026-07-17T09:00:00Z,Totals (Double Faults),8,"{'hdp': 7.5, 'over': '4.00'}"
72661892,2026-07-17,ATP,Bastad,Bet365,Adolfo Daniel Vallejo,Stefano Travaglia,match_double_faults,9.5,10.0000,,2026-07-16T10:22:31Z,2026-07-17T09:00:00Z,Totals (Double Faults),8,"{'hdp': 9.5, 'over': '10.00'}"
72661892,2026-07-17,ATP,Bastad,Bet365,Adolfo Daniel Vallejo,Stefano Travaglia,match_double_faults,11.5,23.0000,,2026-07-16T10:22:31Z,2026-07-17T09:00:00Z,Totals (Double Faults),8,"{'hdp': 11.5, 'over': '23.00'}"
72661892,2026-07-17,ATP,Bastad,Bet365,Adolfo Daniel Vallejo,Stefano Travaglia,match_double_faults,14.5,26.0000,,2026-07-16T10:22:31Z,2026-07-17T09:00:00Z,Totals (Double Faults),8,"{'hdp': 14.5, 'over': '26.00'}"
72661892,2026-07-17,ATP,Bastad,Bet365,Adolfo Daniel Vallejo,Stefano Travaglia,match_double_faults,1.5,1.0300,,2026-07-16T10:22:31Z,2026-07-17T09:00:00Z,Totals (Double Faults),8,"{'hdp': 1.5, 'over': '1.03'}"
72661892,2026-07-17,ATP,Bastad,Bet365,Adolfo Daniel Vallejo,Stefano Travaglia,match_double_faults,2.5,1.1100,,2026-07-16T10:22:31Z,2026-07-17T09:00:00Z,Totals (Double Faults),8,"{'hdp': 2.5, 'over': '1.11'}"
72661892,2026-07-17,ATP,Bastad,Bet365,Adolfo Daniel Vallejo,Stefano Travaglia,match_double_faults,4.5,1.5700,,2026-07-16T10:22:31Z,2026-07-17T09:00:00Z,Totals (Double Faults),8,"{'hdp': 4.5, 'over': '1.57'}"
72661892,2026-07-17,ATP,Bastad,Bet365,Adolfo Daniel Vallejo,Stefano Travaglia,match_aces,2.5,1.0600,,2026-07-16T10:22:31Z,2026-07-17T09:00:00Z,Totals (Aces),6,"{'hdp': 2.5, 'over': '1.06'}"
72661892,2026-07-17,ATP,Bastad,Bet365,Adolfo Daniel Vallejo,Stefano Travaglia,match_aces,9.5,3.4000,,2026-07-16T10:22:31Z,2026-07-17T09:00:00Z,Totals (Aces),6,"{'hdp': 9.5, 'over': '3.40'}"
72661892,2026-07-17,ATP,Bastad,Bet365,Adolfo Daniel Vallejo,Stefano Travaglia,match_aces,14.5,13.0000,,2026-07-16T10:22:31Z,2026-07-17T09:00:00Z,Totals (Aces),6,"{'hdp': 14.5, 'over': '13.00'}"
72661892,2026-07-17,ATP,Bastad,Bet365,Adolfo Daniel Vallejo,Stefano Travaglia,match_aces,19.5,26.0000,,2026-07-16T10:22:31Z,2026-07-17T09:00:00Z,Totals (Aces),6,"{'hdp': 19.5, 'over': '26.00'}"
72661892,2026-07-17,ATP,Bastad,Bet365,Adolfo Daniel Vallejo,Stefano Travaglia,match_aces,4.5,1.2800,,2026-07-16T10:22:31Z,2026-07-17T09:00:00Z,Totals (Aces),6,"{'hdp': 4.5, 'over': '1.28'}"
72661892,2026-07-17,ATP,Bastad,Bet365,Adolfo Daniel Vallejo,Stefano Travaglia,match_double_faults,0.5,1.0600,,2026-07-16T10:22:31Z,2026-07-17T09:00:00Z,Team Total (Double Faults) Away,5,"{'hdp': 0.5, 'over': '1.06'}"
72661892,2026-07-17,ATP,Bastad,Bet365,Adolfo Daniel Vallejo,Stefano Travaglia,match_double_faults,1.5,1.3000,,2026-07-16T10:22:31Z,2026-07-17T09:00:00Z,Team Total (Double Faults) Away,5,"{'hdp': 1.5, 'over': '1.30'}"
72661892,2026-07-17,ATP,Bastad,Bet365,Adolfo Daniel Vallejo,Stefano Travaglia,match_double_faults,2.5,1.8300,,2026-07-16T10:22:31Z,2026-07-17T09:00:00Z,Team Total (Double Faults) Away,5,"{'hdp': 2.5, 'over': '1.83'}"
72661892,2026-07-17,ATP,Bastad,Bet365,Adolfo Daniel Vallejo,Stefano Travaglia,match_double_faults,4.5,5.5000,,2026-07-16T10:22:31Z,2026-07-17T09:00:00Z,Team Total (Double Faults) Away,5,"{'hdp': 4.5, 'over': '5.50'}"
72661892,2026-07-17,ATP,Bastad,Bet365,Adolfo Daniel Vallejo,Stefano Travaglia,match_double_faults,7.5,26.0000,,2026-07-16T10:22:31Z,2026-07-17T09:00:00Z,Team Total (Double Faults) Away,5,"{'hdp': 7.5, 'over': '26.00'}"
72661892,2026-07-17,ATP,Bastad,Bet365,Adolfo Daniel Vallejo,Stefano Travaglia,match_aces,0.5,1.0500,,2026-07-16T10:22:31Z,2026-07-17T09:00:00Z,Team Total (Aces) Home,4,"{'hdp': 0.5, 'over': '1.05'}"
72661892,2026-07-17,ATP,Bastad,Bet365,Adolfo Daniel Vallejo,Stefano Travaglia,match_aces,2.5,1.5700,,2026-07-16T10:22:31Z,2026-07-17T09:00:00Z,Team Total (Aces) Home,4,"{'hdp': 2.5, 'over': '1.57'}"
72661892,2026-07-17,ATP,Bastad,Bet365,Adolfo Daniel Vallejo,Stefano Travaglia,match_aces,4.5,3.4000,,2026-07-16T10:22:31Z,2026-07-17T09:00:00Z,Team Total (Aces) Home,4,"{'hdp': 4.5, 'over': '3.40'}"
72661892,2026-07-17,ATP,Bastad,Bet365,Adolfo Daniel Vallejo,Stefano Travaglia,match_aces,9.5,26.0000,,2026-07-16T10:22:31Z,2026-07-17T09:00:00Z,Team Total (Aces) Home,4,"{'hdp': 9.5, 'over': '26.00'}"
72661892,2026-07-17,ATP,Bastad,Bet365,Adolfo Daniel Vallejo,Stefano Travaglia,match_double_faults,4.5,5.0000,,2026-07-16T10:22:31Z,2026-07-17T09:00:00Z,Team Total (Double Faults) Home,5,"{'hdp': 4.5, 'over': '5.00'}"
72661892,2026-07-17,ATP,Bastad,Bet365,Adolfo Daniel Vallejo,Stefano Travaglia,match_double_faults,7.5,26.0000,,2026-07-16T10:22:31Z,2026-07-17T09:00:00Z,Team Total (Double Faults) Home,5,"{'hdp': 7.5, 'over': '26.00'}"
72661892,2026-07-17,ATP,Bastad,Bet365,Adolfo Daniel Vallejo,Stefano Travaglia,match_double_faults,0.5,1.0800,,2026-07-16T10:22:31Z,2026-07-17T09:00:00Z,Team Total (Double Faults) Home,5,"{'hdp': 0.5, 'over': '1.08'}"
72661892,2026-07-17,ATP,Bastad,Bet365,Adolfo Daniel Vallejo,Stefano Travaglia,match_double_faults,1.5,1.3600,,2026-07-16T10:22:31Z,2026-07-17T09:00:00Z,Team Total (Double Faults) Home,5,"{'hdp': 1.5, 'over': '1.36'}"
72661892,2026-07-17,ATP,Bastad,Bet365,Adolfo Daniel Vallejo,Stefano Travaglia,match_double_faults,2.5,1.9000,,2026-07-16T10:22:31Z,2026-07-17T09:00:00Z,Team Total (Double Faults) Home,5,"{'hdp': 2.5, 'over': '1.90'}"
72661906,2026-07-17,ATP,Bastad,Bet365,Nuno Borges,Luciano Darderi,match_double_faults,0.5,1.0800,,2026-07-16T10:22:31Z,2026-07-17T09:00:00Z,Team Total (Double Faults) Away,5,"{'hdp': 0.5, 'over': '1.08'}"
72661906,2026-07-17,ATP,Bastad,Bet365,Nuno Borges,Luciano Darderi,match_double_faults,1.5,1.3600,,2026-07-16T10:22:31Z,2026-07-17T09:00:00Z,Team Total (Double Faults) Away,5,"{'hdp': 1.5, 'over': '1.36'}"
72661906,2026-07-17,ATP,Bastad,Bet365,Nuno Borges,Luciano Darderi,match_double_faults,2.5,2.0000,,2026-07-16T10:22:31Z,2026-07-17T09:00:00Z,Team Total (Double Faults) Away,5,"{'hdp': 2.5, 'over': '2.00'}"
72661906,2026-07-17,ATP,Bastad,Bet365,Nuno Borges,Luciano Darderi,match_double_faults,4.5,6.0000,,2026-07-16T10:22:31Z,2026-07-17T09:00:00Z,Team Total (Double Faults) Away,5,"{'hdp': 4.5, 'over': '6.00'}"
72661906,2026-07-17,ATP,Bastad,Bet365,Nuno Borges,Luciano Darderi,match_double_faults,7.5,26.0000,,2026-07-16T10:22:31Z,2026-07-17T09:00:00Z,Team Total (Double Faults) Away,5,"{'hdp': 7.5, 'over': '26.00'}"
72661906,2026-07-17,ATP,Bastad,Bet365,Nuno Borges,Luciano Darderi,match_double_faults,0.5,1.0700,,2026-07-16T10:22:31Z,2026-07-17T09:00:00Z,Team Total (Double Faults) Home,5,"{'hdp': 0.5, 'over': '1.07'}"
72661906,2026-07-17,ATP,Bastad,Bet365,Nuno Borges,Luciano Darderi,match_double_faults,1.5,1.3600,,2026-07-16T10:22:31Z,2026-07-17T09:00:00Z,Team Total (Double Faults) Home,5,"{'hdp': 1.5, 'over': '1.36'}"
72661906,2026-07-17,ATP,Bastad,Bet365,Nuno Borges,Luciano Darderi,match_double_faults,2.5,2.0000,,2026-07-16T10:22:31Z,2026-07-17T09:00:00Z,Team Total (Double Faults) Home,5,"{'hdp': 2.5, 'over': '2.00'}"
72661906,2026-07-17,ATP,Bastad,Bet365,Nuno Borges,Luciano Darderi,match_double_faults,4.5,6.0000,,2026-07-16T10:22:31Z,2026-07-17T09:00:00Z,Team Total (Double Faults) Home,5,"{'hdp': 4.5, 'over': '6.00'}"
72661906,2026-07-17,ATP,Bastad,Bet365,Nuno Borges,Luciano Darderi,match_double_faults,7.5,26.0000,,2026-07-16T10:22:31Z,2026-07-17T09:00:00Z,Team Total (Double Faults) Home,5,"{'hdp': 7.5, 'over': '26.00'}"
72661906,2026-07-17,ATP,Bastad,Bet365,Nuno Borges,Luciano Darderi,match_double_faults,1.5,1.0300,,2026-07-16T10:22:31Z,2026-07-17T09:00:00Z,Totals (Double Faults),7,"{'hdp': 1.5, 'over': '1.03'}"
72661906,2026-07-17,ATP,Bastad,Bet365,Nuno Borges,Luciano Darderi,match_double_faults,2.5,1.1200,,2026-07-16T10:22:31Z,2026-07-17T09:00:00Z,Totals (Double Faults),7,"{'hdp': 2.5, 'over': '1.12'}"
72661906,2026-07-17,ATP,Bastad,Bet365,Nuno Borges,Luciano Darderi,match_double_faults,4.5,1.6600,,2026-07-16T10:22:31Z,2026-07-17T09:00:00Z,Totals (Double Faults),7,"{'hdp': 4.5, 'over': '1.66'}"
72661906,2026-07-17,ATP,Bastad,Bet365,Nuno Borges,Luciano Darderi,match_double_faults,7.5,4.5000,,2026-07-16T10:22:31Z,2026-07-17T09:00:00Z,Totals (Double Faults),7,"{'hdp': 7.5, 'over': '4.50'}"
72661906,2026-07-17,ATP,Bastad,Bet365,Nuno Borges,Luciano Darderi,match_double_faults,9.5,13.0000,,2026-07-16T10:22:31Z,2026-07-17T09:00:00Z,Totals (Double Faults),7,"{'hdp': 9.5, 'over': '13.00'}"
72661906,2026-07-17,ATP,Bastad,Bet365,Nuno Borges,Luciano Darderi,match_double_faults,11.5,26.0000,,2026-07-16T10:22:31Z,2026-07-17T09:00:00Z,Totals (Double Faults),7,"{'hdp': 11.5, 'over': '26.00'}"
72668632,2026-07-17,WTA,"WTA - Iasi, Romania",Bet365,Tamara Zidansek,Petra Marcinko,match_double_faults,1.5,1.0500,,2026-07-16T10:22:31Z,2026-07-17T10:00:00Z,Team Total (Double Faults) Away,8,"{'hdp': 1.5, 'over': '1.05'}"
72668632,2026-07-17,WTA,"WTA - Iasi, Romania",Bet365,Tamara Zidansek,Petra Marcinko,match_double_faults,2.5,1.1600,,2026-07-16T10:22:31Z,2026-07-17T10:00:00Z,Team Total (Double Faults) Away,8,"{'hdp': 2.5, 'over': '1.16'}"
72668632,2026-07-17,WTA,"WTA - Iasi, Romania",Bet365,Tamara Zidansek,Petra Marcinko,match_double_faults,4.5,1.6600,,2026-07-16T10:22:31Z,2026-07-17T10:00:00Z,Team Total (Double Faults) Away,8,"{'hdp': 4.5, 'over': '1.66'}"
72668632,2026-07-17,WTA,"WTA - Iasi, Romania",Bet365,Tamara Zidansek,Petra Marcinko,match_double_faults,7.5,4.0000,,2026-07-16T10:22:31Z,2026-07-17T10:00:00Z,Team Total (Double Faults) Away,8,"{'hdp': 7.5, 'over': '4.00'}"
72668632,2026-07-17,WTA,"WTA - Iasi, Romania",Bet365,Tamara Zidansek,Petra Marcinko,match_double_faults,9.5,9.0000,,2026-07-16T10:22:31Z,2026-07-17T10:00:00Z,Team Total (Double Faults) Away,8,"{'hdp': 9.5, 'over': '9.00'}"
72668632,2026-07-17,WTA,"WTA - Iasi, Romania",Bet365,Tamara Zidansek,Petra Marcinko,match_double_faults,11.5,19.0000,,2026-07-16T10:22:31Z,2026-07-17T10:00:00Z,Team Total (Double Faults) Away,8,"{'hdp': 11.5, 'over': '19.00'}"
72668632,2026-07-17,WTA,"WTA - Iasi, Romania",Bet365,Tamara Zidansek,Petra Marcinko,match_double_faults,14.5,26.0000,,2026-07-16T10:22:31Z,2026-07-17T10:00:00Z,Team Total (Double Faults) Away,8,"{'hdp': 14.5, 'over': '26.00'}"
72668632,2026-07-17,WTA,"WTA - Iasi, Romania",Bet365,Tamara Zidansek,Petra Marcinko,match_double_faults,1.5,1.0600,,2026-07-16T10:22:31Z,2026-07-17T10:00:00Z,Team Total (Double Faults) Home,7,"{'hdp': 1.5, 'over': '1.06'}"
72668632,2026-07-17,WTA,"WTA - Iasi, Romania",Bet365,Tamara Zidansek,Petra Marcinko,match_double_faults,2.5,1.2000,,2026-07-16T10:22:31Z,2026-07-17T10:00:00Z,Team Total (Double Faults) Home,7,"{'hdp': 2.5, 'over': '1.20'}"
72668632,2026-07-17,WTA,"WTA - Iasi, Romania",Bet365,Tamara Zidansek,Petra Marcinko,match_double_faults,4.5,1.9000,,2026-07-16T10:22:31Z,2026-07-17T10:00:00Z,Team Total (Double Faults) Home,7,"{'hdp': 4.5, 'over': '1.90'}"
72668632,2026-07-17,WTA,"WTA - Iasi, Romania",Bet365,Tamara Zidansek,Petra Marcinko,match_double_faults,7.5,6.5000,,2026-07-16T10:22:31Z,2026-07-17T10:00:00Z,Team Total (Double Faults) Home,7,"{'hdp': 7.5, 'over': '6.50'}"
72668632,2026-07-17,WTA,"WTA - Iasi, Romania",Bet365,Tamara Zidansek,Petra Marcinko,match_double_faults,9.5,17.0000,,2026-07-16T10:22:31Z,2026-07-17T10:00:00Z,Team Total (Double Faults) Home,7,"{'hdp': 9.5, 'over': '17.00'}"
72668632,2026-07-17,WTA,"WTA - Iasi, Romania",Bet365,Tamara Zidansek,Petra Marcinko,match_double_faults,11.5,26.0000,,2026-07-16T10:22:31Z,2026-07-17T10:00:00Z,Team Total (Double Faults) Home,7,"{'hdp': 11.5, 'over': '26.00'}"
72668632,2026-07-17,WTA,"WTA - Iasi, Romania",Bet365,Tamara Zidansek,Petra Marcinko,match_double_faults,4.5,1.0500,,2026-07-16T10:22:31Z,2026-07-17T10:00:00Z,Totals (Double Faults),8,"{'hdp': 4.5, 'over': '1.05'}"
72668632,2026-07-17,WTA,"WTA - Iasi, Romania",Bet365,Tamara Zidansek,Petra Marcinko,match_double_faults,7.5,1.3600,,2026-07-16T10:22:31Z,2026-07-17T10:00:00Z,Totals (Double Faults),8,"{'hdp': 7.5, 'over': '1.36'}"
72668632,2026-07-17,WTA,"WTA - Iasi, Romania",Bet365,Tamara Zidansek,Petra Marcinko,match_double_faults,9.5,1.8300,,2026-07-16T10:22:31Z,2026-07-17T10:00:00Z,Totals (Double Faults),8,"{'hdp': 9.5, 'over': '1.83'}"
72668632,2026-07-17,WTA,"WTA - Iasi, Romania",Bet365,Tamara Zidansek,Petra Marcinko,match_double_faults,11.5,2.7500,,2026-07-16T10:22:31Z,2026-07-17T10:00:00Z,Totals (Double Faults),8,"{'hdp': 11.5, 'over': '2.75'}"
72668632,2026-07-17,WTA,"WTA - Iasi, Romania",Bet365,Tamara Zidansek,Petra Marcinko,match_double_faults,14.5,6.5000,,2026-07-16T10:22:31Z,2026-07-17T10:00:00Z,Totals (Double Faults),8,"{'hdp': 14.5, 'over': '6.50'}"
72668632,2026-07-17,WTA,"WTA - Iasi, Romania",Bet365,Tamara Zidansek,Petra Marcinko,match_double_faults,19.5,26.0000,,2026-07-16T10:22:31Z,2026-07-17T10:00:00Z,Totals (Double Faults),8,"{'hdp': 19.5, 'over': '26.00'}"
72668712,2026-07-17,WTA,"WTA - Athens, Greece",Bet365,Alycia Parks,Maria Sakkari,match_double_faults,4.5,1.0400,,2026-07-16T10:22:31Z,2026-07-17T14:30:00Z,Team Total (Double Faults) Home,9,"{'hdp': 4.5, 'over': '1.04'}"
72668712,2026-07-17,WTA,"WTA - Athens, Greece",Bet365,Alycia Parks,Maria Sakkari,match_double_faults,7.5,1.2500,,2026-07-16T10:22:31Z,2026-07-17T14:30:00Z,Team Total (Double Faults) Home,9,"{'hdp': 7.5, 'over': '1.25'}"
72668712,2026-07-17,WTA,"WTA - Athens, Greece",Bet365,Alycia Parks,Maria Sakkari,match_double_faults,9.5,1.6100,,2026-07-16T10:22:31Z,2026-07-17T14:30:00Z,Team Total (Double Faults) Home,9,"{'hdp': 9.5, 'over': '1.61'}"
72668712,2026-07-17,WTA,"WTA - Athens, Greece",Bet365,Alycia Parks,Maria Sakkari,match_double_faults,11.5,2.2500,,2026-07-16T10:22:31Z,2026-07-17T14:30:00Z,Team Total (Double Faults) Home,9,"{'hdp': 11.5, 'over': '2.25'}"
72668712,2026-07-17,WTA,"WTA - Athens, Greece",Bet365,Alycia Parks,Maria Sakkari,match_double_faults,14.5,4.3300,,2026-07-16T10:22:31Z,2026-07-17T14:30:00Z,Team Total (Double Faults) Home,9,"{'hdp': 14.5, 'over': '4.33'}"
72668712,2026-07-17,WTA,"WTA - Athens, Greece",Bet365,Alycia Parks,Maria Sakkari,match_double_faults,19.5,17.0000,,2026-07-16T10:22:31Z,2026-07-17T14:30:00Z,Team Total (Double Faults) Home,9,"{'hdp': 19.5, 'over': '17.00'}"
72668712,2026-07-17,WTA,"WTA - Athens, Greece",Bet365,Alycia Parks,Maria Sakkari,match_double_faults,24.5,26.0000,,2026-07-16T10:22:31Z,2026-07-17T14:30:00Z,Team Total (Double Faults) Home,9,"{'hdp': 24.5, 'over': '26.00'}"
72668712,2026-07-17,WTA,"WTA - Athens, Greece",Bet365,Alycia Parks,Maria Sakkari,match_double_faults,0.5,1.0200,,2026-07-16T10:22:31Z,2026-07-17T14:30:00Z,Team Total (Double Faults) Away,7,"{'hdp': 0.5, 'over': '1.02'}"
72668712,2026-07-17,WTA,"WTA - Athens, Greece",Bet365,Alycia Parks,Maria Sakkari,match_double_faults,1.5,1.1100,,2026-07-16T10:22:31Z,2026-07-17T14:30:00Z,Team Total (Double Faults) Away,7,"{'hdp': 1.5, 'over': '1.11'}"
72668712,2026-07-17,WTA,"WTA - Athens, Greece",Bet365,Alycia Parks,Maria Sakkari,match_double_faults,2.5,1.3000,,2026-07-16T10:22:31Z,2026-07-17T14:30:00Z,Team Total (Double Faults) Away,7,"{'hdp': 2.5, 'over': '1.30'}"
72668712,2026-07-17,WTA,"WTA - Athens, Greece",Bet365,Alycia Parks,Maria Sakkari,match_double_faults,4.5,2.2500,,2026-07-16T10:22:31Z,2026-07-17T14:30:00Z,Team Total (Double Faults) Away,7,"{'hdp': 4.5, 'over': '2.25'}"
72668712,2026-07-17,WTA,"WTA - Athens, Greece",Bet365,Alycia Parks,Maria Sakkari,match_double_faults,7.5,7.0000,,2026-07-16T10:22:31Z,2026-07-17T14:30:00Z,Team Total (Double Faults) Away,7,"{'hdp': 7.5, 'over': '7.00'}"
72668712,2026-07-17,WTA,"WTA - Athens, Greece",Bet365,Alycia Parks,Maria Sakkari,match_double_faults,9.5,19.0000,,2026-07-16T10:22:31Z,2026-07-17T14:30:00Z,Team Total (Double Faults) Away,7,"{'hdp': 9.5, 'over': '19.00'}"
72668712,2026-07-17,WTA,"WTA - Athens, Greece",Bet365,Alycia Parks,Maria Sakkari,match_double_faults,11.5,26.0000,,2026-07-16T10:22:31Z,2026-07-17T14:30:00Z,Team Total (Double Faults) Away,7,"{'hdp': 11.5, 'over': '26.00'}"
72668712,2026-07-17,WTA,"WTA - Athens, Greece",Bet365,Alycia Parks,Maria Sakkari,match_double_faults,7.5,1.0400,,2026-07-16T10:22:31Z,2026-07-17T14:30:00Z,Totals (Double Faults),8,"{'hdp': 7.5, 'over': '1.04'}"
72668712,2026-07-17,WTA,"WTA - Athens, Greece",Bet365,Alycia Parks,Maria Sakkari,match_double_faults,9.5,1.1200,,2026-07-16T10:22:31Z,2026-07-17T14:30:00Z,Totals (Double Faults),8,"{'hdp': 9.5, 'over': '1.12'}"
72668712,2026-07-17,WTA,"WTA - Athens, Greece",Bet365,Alycia Parks,Maria Sakkari,match_double_faults,11.5,1.3000,,2026-07-16T10:22:31Z,2026-07-17T14:30:00Z,Totals (Double Faults),8,"{'hdp': 11.5, 'over': '1.30'}"
72668712,2026-07-17,WTA,"WTA - Athens, Greece",Bet365,Alycia Parks,Maria Sakkari,match_double_faults,14.5,1.8300,,2026-07-16T10:22:31Z,2026-07-17T14:30:00Z,Totals (Double Faults),8,"{'hdp': 14.5, 'over': '1.83'}"
72668712,2026-07-17,WTA,"WTA - Athens, Greece",Bet365,Alycia Parks,Maria Sakkari,match_double_faults,19.5,4.3300,,2026-07-16T10:22:31Z,2026-07-17T14:30:00Z,Totals (Double Faults),8,"{'hdp': 19.5, 'over': '4.33'}"
72668712,2026-07-17,WTA,"WTA - Athens, Greece",Bet365,Alycia Parks,Maria Sakkari,match_double_faults,24.5,13.0000,,2026-07-16T10:22:31Z,2026-07-17T14:30:00Z,Totals (Double Faults),8,"{'hdp': 24.5, 'over': '13.00'}"
72668712,2026-07-17,WTA,"WTA - Athens, Greece",Bet365,Alycia Parks,Maria Sakkari,match_aces,0.5,1.0300,,2026-07-16T10:22:31Z,2026-07-17T14:30:00Z,Team Total (Aces) Away,5,"{'hdp': 0.5, 'over': '1.03'}"
72668712,2026-07-17,WTA,"WTA - Athens, Greece",Bet365,Alycia Parks,Maria Sakkari,match_aces,2.5,1.4400,,2026-07-16T10:22:31Z,2026-07-17T14:30:00Z,Team Total (Aces) Away,5,"{'hdp': 2.5, 'over': '1.44'}"
72668712,2026-07-17,WTA,"WTA - Athens, Greece",Bet365,Alycia Parks,Maria Sakkari,match_aces,4.5,2.7500,,2026-07-16T10:22:31Z,2026-07-17T14:30:00Z,Team Total (Aces) Away,5,"{'hdp': 4.5, 'over': '2.75'}"
72668712,2026-07-17,WTA,"WTA - Athens, Greece",Bet365,Alycia Parks,Maria Sakkari,match_aces,9.5,23.0000,,2026-07-16T10:22:31Z,2026-07-17T14:30:00Z,Team Total (Aces) Away,5,"{'hdp': 9.5, 'over': '23.00'}"
72668712,2026-07-17,WTA,"WTA - Athens, Greece",Bet365,Alycia Parks,Maria Sakkari,match_aces,14.5,26.0000,,2026-07-16T10:22:31Z,2026-07-17T14:30:00Z,Team Total (Aces) Away,5,"{'hdp': 14.5, 'over': '26.00'}"
72668712,2026-07-17,WTA,"WTA - Athens, Greece",Bet365,Alycia Parks,Maria Sakkari,match_aces,0.5,1.0100,,2026-07-16T10:22:31Z,2026-07-17T14:30:00Z,Team Total (Aces) Home,6,"{'hdp': 0.5, 'over': '1.01'}"
72668712,2026-07-17,WTA,"WTA - Athens, Greece",Bet365,Alycia Parks,Maria Sakkari,match_aces,2.5,1.1200,,2026-07-16T10:22:31Z,2026-07-17T14:30:00Z,Team Total (Aces) Home,6,"{'hdp': 2.5, 'over': '1.12'}"
72668712,2026-07-17,WTA,"WTA - Athens, Greece",Bet365,Alycia Parks,Maria Sakkari,match_aces,4.5,1.4400,,2026-07-16T10:22:31Z,2026-07-17T14:30:00Z,Team Total (Aces) Home,6,"{'hdp': 4.5, 'over': '1.44'}"
72668712,2026-07-17,WTA,"WTA - Athens, Greece",Bet365,Alycia Parks,Maria Sakkari,match_aces,9.5,4.0000,,2026-07-16T10:22:31Z,2026-07-17T14:30:00Z,Team Total (Aces) Home,6,"{'hdp': 9.5, 'over': '4.00'}"
72668712,2026-07-17,WTA,"WTA - Athens, Greece",Bet365,Alycia Parks,Maria Sakkari,match_aces,14.5,15.0000,,2026-07-16T10:22:31Z,2026-07-17T14:30:00Z,Team Total (Aces) Home,6,"{'hdp': 14.5, 'over': '15.00'}"
72668712,2026-07-17,WTA,"WTA - Athens, Greece",Bet365,Alycia Parks,Maria Sakkari,match_aces,19.5,26.0000,,2026-07-16T10:22:31Z,2026-07-17T14:30:00Z,Team Total (Aces) Home,6,"{'hdp': 19.5, 'over': '26.00'}"
72668712,2026-07-17,WTA,"WTA - Athens, Greece",Bet365,Alycia Parks,Maria Sakkari,match_aces,2.5,1.0200,,2026-07-16T10:22:31Z,2026-07-17T14:30:00Z,Totals (Aces),7,"{'hdp': 2.5, 'over': '1.02'}"
72668712,2026-07-17,WTA,"WTA - Athens, Greece",Bet365,Alycia Parks,Maria Sakkari,match_aces,4.5,1.1000,,2026-07-16T10:22:31Z,2026-07-17T14:30:00Z,Totals (Aces),7,"{'hdp': 4.5, 'over': '1.10'}"
72668712,2026-07-17,WTA,"WTA - Athens, Greece",Bet365,Alycia Parks,Maria Sakkari,match_aces,9.5,1.8300,,2026-07-16T10:22:31Z,2026-07-17T14:30:00Z,Totals (Aces),7,"{'hdp': 9.5, 'over': '1.83'}"
72668712,2026-07-17,WTA,"WTA - Athens, Greece",Bet365,Alycia Parks,Maria Sakkari,match_aces,14.5,4.3300,,2026-07-16T10:22:31Z,2026-07-17T14:30:00Z,Totals (Aces),7,"{'hdp': 14.5, 'over': '4.33'}"
72668712,2026-07-17,WTA,"WTA - Athens, Greece",Bet365,Alycia Parks,Maria Sakkari,match_aces,19.5,11.0000,,2026-07-16T10:22:31Z,2026-07-17T14:30:00Z,Totals (Aces),7,"{'hdp': 19.5, 'over': '11.00'}"
72668712,2026-07-17,WTA,"WTA - Athens, Greece",Bet365,Alycia Parks,Maria Sakkari,match_aces,24.5,26.0000,,2026-07-16T10:22:31Z,2026-07-17T14:30:00Z,Totals (Aces),7,"{'hdp': 24.5, 'over': '26.00'}"
