event_id,date,tour,tournament,bookmaker,player,opponent,market,line,over_odds,under_odds,capture_ts,match_start_utc,raw_market_name,raw_outcome_count,raw_label_sample
74839220,2026-09-22,WTA,Seoul,Bet365,Himeno Sakatsume,Taylah Preston,aces,0.5,1.0400,,2026-09-21T20:01:54Z,2026-09-22T03:00:00Z,Team Total (Aces) Away,5,"{'hdp': 0.5, 'over': '1.04'}"
74839220,2026-09-22,WTA,Seoul,Bet365,Himeno Sakatsume,Taylah Preston,aces,2.5,1.4400,,2026-09-21T20:01:54Z,2026-09-22T03:00:00Z,Team Total (Aces) Away,5,"{'hdp': 2.5, 'over': '1.44'}"
74839220,2026-09-22,WTA,Seoul,Bet365,Himeno Sakatsume,Taylah Preston,aces,4.5,2.6200,,2026-09-21T20:01:54Z,2026-09-22T03:00:00Z,Team Total (Aces) Away,5,"{'hdp': 4.5, 'over': '2.62'}"
74839220,2026-09-22,WTA,Seoul,Bet365,Himeno Sakatsume,Taylah Preston,aces,9.5,21.0000,,2026-09-21T20:01:54Z,2026-09-22T03:00:00Z,Team Total (Aces) Away,5,"{'hdp': 9.5, 'over': '21.00'}"
74839220,2026-09-22,WTA,Seoul,Bet365,Himeno Sakatsume,Taylah Preston,aces,14.5,26.0000,,2026-09-21T20:01:54Z,2026-09-22T03:00:00Z,Team Total (Aces) Away,5,"{'hdp': 14.5, 'over': '26.00'}"
74839220,2026-09-22,WTA,Seoul,Bet365,Taylah Preston,Himeno Sakatsume,aces,0.5,1.0800,,2026-09-21T20:01:54Z,2026-09-22T03:00:00Z,Team Total (Aces) Home,4,"{'hdp': 0.5, 'over': '1.08'}"
74839220,2026-09-22,WTA,Seoul,Bet365,Taylah Preston,Himeno Sakatsume,aces,2.5,1.8300,,2026-09-21T20:01:54Z,2026-09-22T03:00:00Z,Team Total (Aces) Home,4,"{'hdp': 2.5, 'over': '1.83'}"
74839220,2026-09-22,WTA,Seoul,Bet365,Taylah Preston,Himeno Sakatsume,aces,4.5,4.3300,,2026-09-21T20:01:54Z,2026-09-22T03:00:00Z,Team Total (Aces) Home,4,"{'hdp': 4.5, 'over': '4.33'}"
74839220,2026-09-22,WTA,Seoul,Bet365,Taylah Preston,Himeno Sakatsume,aces,9.5,26.0000,,2026-09-21T20:01:54Z,2026-09-22T03:00:00Z,Team Total (Aces) Home,4,"{'hdp': 9.5, 'over': '26.00'}"
74839220,2026-09-22,WTA,Seoul,Bet365,Taylah Preston,Himeno Sakatsume,double_faults,1.5,1.0200,,2026-09-21T20:01:54Z,2026-09-22T03:00:00Z,Team Total (Double Faults) Home,8,"{'hdp': 1.5, 'over': '1.02'}"
74839220,2026-09-22,WTA,Seoul,Bet365,Taylah Preston,Himeno Sakatsume,double_faults,2.5,1.0800,,2026-09-21T20:01:54Z,2026-09-22T03:00:00Z,Team Total (Double Faults) Home,8,"{'hdp': 2.5, 'over': '1.08'}"
74839220,2026-09-22,WTA,Seoul,Bet365,Taylah Preston,Himeno Sakatsume,double_faults,4.5,1.3600,,2026-09-21T20:01:54Z,2026-09-22T03:00:00Z,Team Total (Double Faults) Home,8,"{'hdp': 4.5, 'over': '1.36'}"
74839220,2026-09-22,WTA,Seoul,Bet365,Taylah Preston,Himeno Sakatsume,double_faults,7.5,2.7500,,2026-09-21T20:01:54Z,2026-09-22T03:00:00Z,Team Total (Double Faults) Home,8,"{'hdp': 7.5, 'over': '2.75'}"
74839220,2026-09-22,WTA,Seoul,Bet365,Taylah Preston,Himeno Sakatsume,double_faults,9.5,5.5000,,2026-09-21T20:01:54Z,2026-09-22T03:00:00Z,Team Total (Double Faults) Home,8,"{'hdp': 9.5, 'over': '5.50'}"
74839220,2026-09-22,WTA,Seoul,Bet365,Taylah Preston,Himeno Sakatsume,double_faults,11.5,11.0000,,2026-09-21T20:01:54Z,2026-09-22T03:00:00Z,Team Total (Double Faults) Home,8,"{'hdp': 11.5, 'over': '11.00'}"
74839220,2026-09-22,WTA,Seoul,Bet365,Taylah Preston,Himeno Sakatsume,double_faults,14.5,26.0000,,2026-09-21T20:01:54Z,2026-09-22T03:00:00Z,Team Total (Double Faults) Home,8,"{'hdp': 14.5, 'over': '26.00'}"
74839220,2026-09-22,WTA,Seoul,Bet365,Taylah Preston,Himeno Sakatsume,match_aces,2.5,1.0800,,2026-09-21T20:01:54Z,2026-09-22T03:00:00Z,Totals (Aces),6,"{'hdp': 2.5, 'over': '1.08'}"
74839220,2026-09-22,WTA,Seoul,Bet365,Taylah Preston,Himeno Sakatsume,match_aces,4.5,1.3600,,2026-09-21T20:01:54Z,2026-09-22T03:00:00Z,Totals (Aces),6,"{'hdp': 4.5, 'over': '1.36'}"
74839220,2026-09-22,WTA,Seoul,Bet365,Taylah Preston,Himeno Sakatsume,match_aces,9.5,4.3300,,2026-09-21T20:01:54Z,2026-09-22T03:00:00Z,Totals (Aces),6,"{'hdp': 9.5, 'over': '4.33'}"
74839220,2026-09-22,WTA,Seoul,Bet365,Taylah Preston,Himeno Sakatsume,match_aces,14.5,21.0000,,2026-09-21T20:01:54Z,2026-09-22T03:00:00Z,Totals (Aces),6,"{'hdp': 14.5, 'over': '21.00'}"
74839220,2026-09-22,WTA,Seoul,Bet365,Taylah Preston,Himeno Sakatsume,match_aces,19.5,26.0000,,2026-09-21T20:01:54Z,2026-09-22T03:00:00Z,Totals (Aces),6,"{'hdp': 19.5, 'over': '26.00'}"
74839220,2026-09-22,WTA,Seoul,Bet365,Taylah Preston,Himeno Sakatsume,match_double_faults,4.5,1.0500,,2026-09-21T20:01:54Z,2026-09-22T03:00:00Z,Totals (Double Faults),9,"{'hdp': 4.5, 'over': '1.05'}"
74839220,2026-09-22,WTA,Seoul,Bet365,Taylah Preston,Himeno Sakatsume,match_double_faults,7.5,1.3300,,2026-09-21T20:01:54Z,2026-09-22T03:00:00Z,Totals (Double Faults),9,"{'hdp': 7.5, 'over': '1.33'}"
74839220,2026-09-22,WTA,Seoul,Bet365,Taylah Preston,Himeno Sakatsume,match_double_faults,9.5,1.8000,,2026-09-21T20:01:54Z,2026-09-22T03:00:00Z,Totals (Double Faults),9,"{'hdp': 9.5, 'over': '1.80'}"
74839220,2026-09-22,WTA,Seoul,Bet365,Taylah Preston,Himeno Sakatsume,match_double_faults,11.5,2.6200,,2026-09-21T20:01:54Z,2026-09-22T03:00:00Z,Totals (Double Faults),9,"{'hdp': 11.5, 'over': '2.62'}"
74839220,2026-09-22,WTA,Seoul,Bet365,Taylah Preston,Himeno Sakatsume,match_double_faults,14.5,5.5000,,2026-09-21T20:01:54Z,2026-09-22T03:00:00Z,Totals (Double Faults),9,"{'hdp': 14.5, 'over': '5.50'}"
74839220,2026-09-22,WTA,Seoul,Bet365,Taylah Preston,Himeno Sakatsume,match_double_faults,19.5,23.0000,,2026-09-21T20:01:54Z,2026-09-22T03:00:00Z,Totals (Double Faults),9,"{'hdp': 19.5, 'over': '23.00'}"
74839220,2026-09-22,WTA,Seoul,Bet365,Taylah Preston,Himeno Sakatsume,match_double_faults,24.5,26.0000,,2026-09-21T20:01:54Z,2026-09-22T03:00:00Z,Totals (Double Faults),9,"{'hdp': 24.5, 'over': '26.00'}"
74839220,2026-09-22,WTA,Seoul,Bet365,Himeno Sakatsume,Taylah Preston,double_faults,0.5,1.0200,,2026-09-21T20:01:54Z,2026-09-22T03:00:00Z,Team Total (Double Faults) Away,6,"{'hdp': 0.5, 'over': '1.02'}"
74839220,2026-09-22,WTA,Seoul,Bet365,Himeno Sakatsume,Taylah Preston,double_faults,1.5,1.1400,,2026-09-21T20:01:54Z,2026-09-22T03:00:00Z,Team Total (Double Faults) Away,6,"{'hdp': 1.5, 'over': '1.14'}"
74839220,2026-09-22,WTA,Seoul,Bet365,Himeno Sakatsume,Taylah Preston,double_faults,2.5,1.4000,,2026-09-21T20:01:54Z,2026-09-22T03:00:00Z,Team Total (Double Faults) Away,6,"{'hdp': 2.5, 'over': '1.40'}"
74839220,2026-09-22,WTA,Seoul,Bet365,Himeno Sakatsume,Taylah Preston,double_faults,4.5,2.6200,,2026-09-21T20:01:54Z,2026-09-22T03:00:00Z,Team Total (Double Faults) Away,6,"{'hdp': 4.5, 'over': '2.62'}"
74839220,2026-09-22,WTA,Seoul,Bet365,Himeno Sakatsume,Taylah Preston,double_faults,7.5,11.0000,,2026-09-21T20:01:54Z,2026-09-22T03:00:00Z,Team Total (Double Faults) Away,6,"{'hdp': 7.5, 'over': '11.00'}"
74839220,2026-09-22,WTA,Seoul,Bet365,Himeno Sakatsume,Taylah Preston,double_faults,9.5,26.0000,,2026-09-21T20:01:54Z,2026-09-22T03:00:00Z,Team Total (Double Faults) Away,6,"{'hdp': 9.5, 'over': '26.00'}"
74857736,2026-09-22,WTA,Singapore,Bet365,Oleksandra Oliynykova,Vivian Wolff,aces,0.5,1.2500,,2026-09-21T20:01:54Z,2026-09-22T03:00:00Z,Team Total (Aces) Away,3,"{'hdp': 0.5, 'over': '1.25'}"
74857736,2026-09-22,WTA,Singapore,Bet365,Oleksandra Oliynykova,Vivian Wolff,aces,2.5,4.0000,,2026-09-21T20:01:54Z,2026-09-22T03:00:00Z,Team Total (Aces) Away,3,"{'hdp': 2.5, 'over': '4.00'}"
74857736,2026-09-22,WTA,Singapore,Bet365,Oleksandra Oliynykova,Vivian Wolff,aces,4.5,19.0000,,2026-09-21T20:01:54Z,2026-09-22T03:00:00Z,Team Total (Aces) Away,3,"{'hdp': 4.5, 'over': '19.00'}"
74857736,2026-09-22,WTA,Singapore,Bet365,Vivian Wolff,Oleksandra Oliynykova,aces,0.5,1.1200,,2026-09-21T20:01:54Z,2026-09-22T03:00:00Z,Team Total (Aces) Home,4,"{'hdp': 0.5, 'over': '1.12'}"
74857736,2026-09-22,WTA,Singapore,Bet365,Vivian Wolff,Oleksandra Oliynykova,aces,2.5,2.2000,,2026-09-21T20:01:54Z,2026-09-22T03:00:00Z,Team Total (Aces) Home,4,"{'hdp': 2.5, 'over': '2.20'}"
74857736,2026-09-22,WTA,Singapore,Bet365,Vivian Wolff,Oleksandra Oliynykova,aces,4.5,6.0000,,2026-09-21T20:01:54Z,2026-09-22T03:00:00Z,Team Total (Aces) Home,4,"{'hdp': 4.5, 'over': '6.00'}"
74857736,2026-09-22,WTA,Singapore,Bet365,Vivian Wolff,Oleksandra Oliynykova,aces,9.5,26.0000,,2026-09-21T20:01:54Z,2026-09-22T03:00:00Z,Team Total (Aces) Home,4,"{'hdp': 9.5, 'over': '26.00'}"
74857736,2026-09-22,WTA,Singapore,Bet365,Vivian Wolff,Oleksandra Oliynykova,match_aces,0.5,1.0200,,2026-09-21T20:01:54Z,2026-09-22T03:00:00Z,Totals (Aces),5,"{'hdp': 0.5, 'over': '1.02'}"
74857736,2026-09-22,WTA,Singapore,Bet365,Vivian Wolff,Oleksandra Oliynykova,match_aces,2.5,1.3600,,2026-09-21T20:01:54Z,2026-09-22T03:00:00Z,Totals (Aces),5,"{'hdp': 2.5, 'over': '1.36'}"
74857736,2026-09-22,WTA,Singapore,Bet365,Vivian Wolff,Oleksandra Oliynykova,match_aces,4.5,2.5000,,2026-09-21T20:01:54Z,2026-09-22T03:00:00Z,Totals (Aces),5,"{'hdp': 4.5, 'over': '2.50'}"
74857736,2026-09-22,WTA,Singapore,Bet365,Vivian Wolff,Oleksandra Oliynykova,match_aces,9.5,19.0000,,2026-09-21T20:01:54Z,2026-09-22T03:00:00Z,Totals (Aces),5,"{'hdp': 9.5, 'over': '19.00'}"
74857736,2026-09-22,WTA,Singapore,Bet365,Vivian Wolff,Oleksandra Oliynykova,match_aces,14.5,26.0000,,2026-09-21T20:01:54Z,2026-09-22T03:00:00Z,Totals (Aces),5,"{'hdp': 14.5, 'over': '26.00'}"
74857736,2026-09-22,WTA,Singapore,Bet365,Vivian Wolff,Oleksandra Oliynykova,match_double_faults,2.5,1.0100,,2026-09-21T20:01:54Z,2026-09-22T03:00:00Z,Totals (Double Faults),9,"{'hdp': 2.5, 'over': '1.01'}"
74857736,2026-09-22,WTA,Singapore,Bet365,Vivian Wolff,Oleksandra Oliynykova,match_double_faults,4.5,1.1100,,2026-09-21T20:01:54Z,2026-09-22T03:00:00Z,Totals (Double Faults),9,"{'hdp': 4.5, 'over': '1.11'}"
74857736,2026-09-22,WTA,Singapore,Bet365,Vivian Wolff,Oleksandra Oliynykova,match_double_faults,7.5,1.6600,,2026-09-21T20:01:54Z,2026-09-22T03:00:00Z,Totals (Double Faults),9,"{'hdp': 7.5, 'over': '1.66'}"
74857736,2026-09-22,WTA,Singapore,Bet365,Vivian Wolff,Oleksandra Oliynykova,match_double_faults,9.5,2.6200,,2026-09-21T20:01:54Z,2026-09-22T03:00:00Z,Totals (Double Faults),9,"{'hdp': 9.5, 'over': '2.62'}"
74857736,2026-09-22,WTA,Singapore,Bet365,Vivian Wolff,Oleksandra Oliynykova,match_double_faults,11.5,4.5000,,2026-09-21T20:01:54Z,2026-09-22T03:00:00Z,Totals (Double Faults),9,"{'hdp': 11.5, 'over': '4.50'}"
74857736,2026-09-22,WTA,Singapore,Bet365,Vivian Wolff,Oleksandra Oliynykova,match_double_faults,14.5,13.0000,,2026-09-21T20:01:54Z,2026-09-22T03:00:00Z,Totals (Double Faults),9,"{'hdp': 14.5, 'over': '13.00'}"
74857736,2026-09-22,WTA,Singapore,Bet365,Vivian Wolff,Oleksandra Oliynykova,match_double_faults,19.5,26.0000,,2026-09-21T20:01:54Z,2026-09-22T03:00:00Z,Totals (Double Faults),9,"{'hdp': 19.5, 'over': '26.00'}"
74857736,2026-09-22,WTA,Singapore,Bet365,Oleksandra Oliynykova,Vivian Wolff,double_faults,0.5,1.0400,,2026-09-21T20:01:54Z,2026-09-22T03:00:00Z,Team Total (Double Faults) Away,6,"{'hdp': 0.5, 'over': '1.04'}"
74857736,2026-09-22,WTA,Singapore,Bet365,Oleksandra Oliynykova,Vivian Wolff,double_faults,1.5,1.1800,,2026-09-21T20:01:54Z,2026-09-22T03:00:00Z,Team Total (Double Faults) Away,6,"{'hdp': 1.5, 'over': '1.18'}"
74857736,2026-09-22,WTA,Singapore,Bet365,Oleksandra Oliynykova,Vivian Wolff,double_faults,2.5,1.4400,,2026-09-21T20:01:54Z,2026-09-22T03:00:00Z,Team Total (Double Faults) Away,6,"{'hdp': 2.5, 'over': '1.44'}"
74857736,2026-09-22,WTA,Singapore,Bet365,Oleksandra Oliynykova,Vivian Wolff,double_faults,4.5,2.7500,,2026-09-21T20:01:54Z,2026-09-22T03:00:00Z,Team Total (Double Faults) Away,6,"{'hdp': 4.5, 'over': '2.75'}"
74857736,2026-09-22,WTA,Singapore,Bet365,Oleksandra Oliynykova,Vivian Wolff,double_faults,7.5,11.0000,,2026-09-21T20:01:54Z,2026-09-22T03:00:00Z,Team Total (Double Faults) Away,6,"{'hdp': 7.5, 'over': '11.00'}"
74857736,2026-09-22,WTA,Singapore,Bet365,Oleksandra Oliynykova,Vivian Wolff,double_faults,9.5,26.0000,,2026-09-21T20:01:54Z,2026-09-22T03:00:00Z,Team Total (Double Faults) Away,6,"{'hdp': 9.5, 'over': '26.00'}"
74857736,2026-09-22,WTA,Singapore,Bet365,Vivian Wolff,Oleksandra Oliynykova,double_faults,1.5,1.0600,,2026-09-21T20:01:54Z,2026-09-22T03:00:00Z,Team Total (Double Faults) Home,7,"{'hdp': 1.5, 'over': '1.06'}"
74857736,2026-09-22,WTA,Singapore,Bet365,Vivian Wolff,Oleksandra Oliynykova,double_faults,2.5,1.2000,,2026-09-21T20:01:54Z,2026-09-22T03:00:00Z,Team Total (Double Faults) Home,7,"{'hdp': 2.5, 'over': '1.20'}"
74857736,2026-09-22,WTA,Singapore,Bet365,Vivian Wolff,Oleksandra Oliynykova,double_faults,4.5,1.9000,,2026-09-21T20:01:54Z,2026-09-22T03:00:00Z,Team Total (Double Faults) Home,7,"{'hdp': 4.5, 'over': '1.90'}"
74857736,2026-09-22,WTA,Singapore,Bet365,Vivian Wolff,Oleksandra Oliynykova,double_faults,7.5,6.5000,,2026-09-21T20:01:54Z,2026-09-22T03:00:00Z,Team Total (Double Faults) Home,7,"{'hdp': 7.5, 'over': '6.50'}"
74857736,2026-09-22,WTA,Singapore,Bet365,Vivian Wolff,Oleksandra Oliynykova,double_faults,9.5,17.0000,,2026-09-21T20:01:54Z,2026-09-22T03:00:00Z,Team Total (Double Faults) Home,7,"{'hdp': 9.5, 'over': '17.00'}"
74857736,2026-09-22,WTA,Singapore,Bet365,Vivian Wolff,Oleksandra Oliynykova,double_faults,11.5,26.0000,,2026-09-21T20:01:54Z,2026-09-22T03:00:00Z,Team Total (Double Faults) Home,7,"{'hdp': 11.5, 'over': '26.00'}"
74899404,2026-09-22,WTA,Singapore,Bet365,Mei Yamaguchi,Alycia Parks,aces,0.5,1.3000,,2026-09-21T20:01:54Z,2026-09-22T04:30:00Z,Team Total (Aces) Away,3,"{'hdp': 0.5, 'over': '1.30'}"
74899404,2026-09-22,WTA,Singapore,Bet365,Mei Yamaguchi,Alycia Parks,aces,2.5,4.0000,,2026-09-21T20:01:54Z,2026-09-22T04:30:00Z,Team Total (Aces) Away,3,"{'hdp': 2.5, 'over': '4.00'}"
74899404,2026-09-22,WTA,Singapore,Bet365,Mei Yamaguchi,Alycia Parks,aces,4.5,19.0000,,2026-09-21T20:01:54Z,2026-09-22T04:30:00Z,Team Total (Aces) Away,3,"{'hdp': 4.5, 'over': '19.00'}"
74899404,2026-09-22,WTA,Singapore,Bet365,Mei Yamaguchi,Alycia Parks,double_faults,0.5,1.0700,,2026-09-21T20:01:54Z,2026-09-22T04:30:00Z,Team Total (Double Faults) Away,5,"{'hdp': 0.5, 'over': '1.07'}"
74899404,2026-09-22,WTA,Singapore,Bet365,Mei Yamaguchi,Alycia Parks,double_faults,1.5,1.3300,,2026-09-21T20:01:54Z,2026-09-22T04:30:00Z,Team Total (Double Faults) Away,5,"{'hdp': 1.5, 'over': '1.33'}"
74899404,2026-09-22,WTA,Singapore,Bet365,Mei Yamaguchi,Alycia Parks,double_faults,2.5,2.0000,,2026-09-21T20:01:54Z,2026-09-22T04:30:00Z,Team Total (Double Faults) Away,5,"{'hdp': 2.5, 'over': '2.00'}"
74899404,2026-09-22,WTA,Singapore,Bet365,Mei Yamaguchi,Alycia Parks,double_faults,4.5,6.5000,,2026-09-21T20:01:54Z,2026-09-22T04:30:00Z,Team Total (Double Faults) Away,5,"{'hdp': 4.5, 'over': '6.50'}"
74899404,2026-09-22,WTA,Singapore,Bet365,Mei Yamaguchi,Alycia Parks,double_faults,7.5,26.0000,,2026-09-21T20:01:54Z,2026-09-22T04:30:00Z,Team Total (Double Faults) Away,5,"{'hdp': 7.5, 'over': '26.00'}"
74899404,2026-09-22,WTA,Singapore,Bet365,Alycia Parks,Mei Yamaguchi,double_faults,1.5,1.0100,,2026-09-21T20:01:54Z,2026-09-22T04:30:00Z,Team Total (Double Faults) Home,10,"{'hdp': 1.5, 'over': '1.01'}"
74899404,2026-09-22,WTA,Singapore,Bet365,Alycia Parks,Mei Yamaguchi,double_faults,2.5,1.0400,,2026-09-21T20:01:54Z,2026-09-22T04:30:00Z,Team Total (Double Faults) Home,10,"{'hdp': 2.5, 'over': '1.04'}"
74899404,2026-09-22,WTA,Singapore,Bet365,Alycia Parks,Mei Yamaguchi,double_faults,4.5,1.1600,,2026-09-21T20:01:54Z,2026-09-22T04:30:00Z,Team Total (Double Faults) Home,10,"{'hdp': 4.5, 'over': '1.16'}"
74899404,2026-09-22,WTA,Singapore,Bet365,Alycia Parks,Mei Yamaguchi,double_faults,7.5,1.6100,,2026-09-21T20:01:54Z,2026-09-22T04:30:00Z,Team Total (Double Faults) Home,10,"{'hdp': 7.5, 'over': '1.61'}"
74899404,2026-09-22,WTA,Singapore,Bet365,Alycia Parks,Mei Yamaguchi,double_faults,9.5,2.2000,,2026-09-21T20:01:54Z,2026-09-22T04:30:00Z,Team Total (Double Faults) Home,10,"{'hdp': 9.5, 'over': '2.20'}"
74899404,2026-09-22,WTA,Singapore,Bet365,Alycia Parks,Mei Yamaguchi,double_faults,11.5,3.2500,,2026-09-21T20:01:54Z,2026-09-22T04:30:00Z,Team Total (Double Faults) Home,10,"{'hdp': 11.5, 'over': '3.25'}"
74899404,2026-09-22,WTA,Singapore,Bet365,Alycia Parks,Mei Yamaguchi,double_faults,14.5,6.0000,,2026-09-21T20:01:54Z,2026-09-22T04:30:00Z,Team Total (Double Faults) Home,10,"{'hdp': 14.5, 'over': '6.00'}"
74899404,2026-09-22,WTA,Singapore,Bet365,Alycia Parks,Mei Yamaguchi,double_faults,19.5,19.0000,,2026-09-21T20:01:54Z,2026-09-22T04:30:00Z,Team Total (Double Faults) Home,10,"{'hdp': 19.5, 'over': '19.00'}"
74899404,2026-09-22,WTA,Singapore,Bet365,Alycia Parks,Mei Yamaguchi,double_faults,24.5,26.0000,,2026-09-21T20:01:54Z,2026-09-22T04:30:00Z,Team Total (Double Faults) Home,10,"{'hdp': 24.5, 'over': '26.00'}"
74899404,2026-09-22,WTA,Singapore,Bet365,Alycia Parks,Mei Yamaguchi,aces,2.5,1.0300,,2026-09-21T20:01:54Z,2026-09-22T04:30:00Z,Team Total (Aces) Home,7,"{'hdp': 2.5, 'over': '1.03'}"
74899404,2026-09-22,WTA,Singapore,Bet365,Alycia Parks,Mei Yamaguchi,aces,4.5,1.1400,,2026-09-21T20:01:54Z,2026-09-22T04:30:00Z,Team Total (Aces) Home,7,"{'hdp': 4.5, 'over': '1.14'}"
74899404,2026-09-22,WTA,Singapore,Bet365,Alycia Parks,Mei Yamaguchi,aces,9.5,2.2000,,2026-09-21T20:01:54Z,2026-09-22T04:30:00Z,Team Total (Aces) Home,7,"{'hdp': 9.5, 'over': '2.20'}"
74899404,2026-09-22,WTA,Singapore,Bet365,Alycia Parks,Mei Yamaguchi,aces,14.5,6.0000,,2026-09-21T20:01:54Z,2026-09-22T04:30:00Z,Team Total (Aces) Home,7,"{'hdp': 14.5, 'over': '6.00'}"
74899404,2026-09-22,WTA,Singapore,Bet365,Alycia Parks,Mei Yamaguchi,aces,19.5,17.0000,,2026-09-21T20:01:54Z,2026-09-22T04:30:00Z,Team Total (Aces) Home,7,"{'hdp': 19.5, 'over': '17.00'}"
74899404,2026-09-22,WTA,Singapore,Bet365,Alycia Parks,Mei Yamaguchi,aces,24.5,26.0000,,2026-09-21T20:01:54Z,2026-09-22T04:30:00Z,Team Total (Aces) Home,7,"{'hdp': 24.5, 'over': '26.00'}"
74899404,2026-09-22,WTA,Singapore,Bet365,Alycia Parks,Mei Yamaguchi,match_aces,2.5,1.0100,,2026-09-21T20:01:54Z,2026-09-22T04:30:00Z,Totals (Aces),7,"{'hdp': 2.5, 'over': '1.01'}"
74899404,2026-09-22,WTA,Singapore,Bet365,Alycia Parks,Mei Yamaguchi,match_aces,4.5,1.0800,,2026-09-21T20:01:54Z,2026-09-22T04:30:00Z,Totals (Aces),7,"{'hdp': 4.5, 'over': '1.08'}"
74899404,2026-09-22,WTA,Singapore,Bet365,Alycia Parks,Mei Yamaguchi,match_aces,9.5,1.7200,,2026-09-21T20:01:54Z,2026-09-22T04:30:00Z,Totals (Aces),7,"{'hdp': 9.5, 'over': '1.72'}"
74899404,2026-09-22,WTA,Singapore,Bet365,Alycia Parks,Mei Yamaguchi,match_aces,14.5,3.7500,,2026-09-21T20:01:54Z,2026-09-22T04:30:00Z,Totals (Aces),7,"{'hdp': 14.5, 'over': '3.75'}"
74899404,2026-09-22,WTA,Singapore,Bet365,Alycia Parks,Mei Yamaguchi,match_aces,19.5,11.0000,,2026-09-21T20:01:54Z,2026-09-22T04:30:00Z,Totals (Aces),7,"{'hdp': 19.5, 'over': '11.00'}"
74899404,2026-09-22,WTA,Singapore,Bet365,Alycia Parks,Mei Yamaguchi,match_aces,24.5,26.0000,,2026-09-21T20:01:54Z,2026-09-22T04:30:00Z,Totals (Aces),7,"{'hdp': 24.5, 'over': '26.00'}"
74899404,2026-09-22,WTA,Singapore,Bet365,Alycia Parks,Mei Yamaguchi,match_double_faults,4.5,1.0400,,2026-09-21T20:01:54Z,2026-09-22T04:30:00Z,Totals (Double Faults),9,"{'hdp': 4.5, 'over': '1.04'}"
74899404,2026-09-22,WTA,Singapore,Bet365,Alycia Parks,Mei Yamaguchi,match_double_faults,7.5,1.2500,,2026-09-21T20:01:54Z,2026-09-22T04:30:00Z,Totals (Double Faults),9,"{'hdp': 7.5, 'over': '1.25'}"
74899404,2026-09-22,WTA,Singapore,Bet365,Alycia Parks,Mei Yamaguchi,match_double_faults,9.5,1.5300,,2026-09-21T20:01:54Z,2026-09-22T04:30:00Z,Totals (Double Faults),9,"{'hdp': 9.5, 'over': '1.53'}"
74899404,2026-09-22,WTA,Singapore,Bet365,Alycia Parks,Mei Yamaguchi,match_double_faults,11.5,1.9000,,2026-09-21T20:01:54Z,2026-09-22T04:30:00Z,Totals (Double Faults),9,"{'hdp': 11.5, 'over': '1.90'}"
74899404,2026-09-22,WTA,Singapore,Bet365,Alycia Parks,Mei Yamaguchi,match_double_faults,14.5,3.2500,,2026-09-21T20:01:54Z,2026-09-22T04:30:00Z,Totals (Double Faults),9,"{'hdp': 14.5, 'over': '3.25'}"
74899404,2026-09-22,WTA,Singapore,Bet365,Alycia Parks,Mei Yamaguchi,match_double_faults,19.5,9.0000,,2026-09-21T20:01:54Z,2026-09-22T04:30:00Z,Totals (Double Faults),9,"{'hdp': 19.5, 'over': '9.00'}"
74899404,2026-09-22,WTA,Singapore,Bet365,Alycia Parks,Mei Yamaguchi,match_double_faults,24.5,26.0000,,2026-09-21T20:01:54Z,2026-09-22T04:30:00Z,Totals (Double Faults),9,"{'hdp': 24.5, 'over': '26.00'}"
74839206,2026-09-22,WTA,Seoul,Bet365,Elena-Gabriela Ruse,Eva Lys,double_faults,1.5,1.0200,,2026-09-21T20:01:54Z,2026-09-22T03:00:00Z,Team Total (Double Faults) Away,8,"{'hdp': 1.5, 'over': '1.02'}"
74839206,2026-09-22,WTA,Seoul,Bet365,Elena-Gabriela Ruse,Eva Lys,double_faults,2.5,1.0800,,2026-09-21T20:01:54Z,2026-09-22T03:00:00Z,Team Total (Double Faults) Away,8,"{'hdp': 2.5, 'over': '1.08'}"
74839206,2026-09-22,WTA,Seoul,Bet365,Elena-Gabriela Ruse,Eva Lys,double_faults,4.5,1.4000,,2026-09-21T20:01:54Z,2026-09-22T03:00:00Z,Team Total (Double Faults) Away,8,"{'hdp': 4.5, 'over': '1.40'}"
74839206,2026-09-22,WTA,Seoul,Bet365,Elena-Gabriela Ruse,Eva Lys,double_faults,7.5,2.7500,,2026-09-21T20:01:54Z,2026-09-22T03:00:00Z,Team Total (Double Faults) Away,8,"{'hdp': 7.5, 'over': '2.75'}"
74839206,2026-09-22,WTA,Seoul,Bet365,Elena-Gabriela Ruse,Eva Lys,double_faults,9.5,5.0000,,2026-09-21T20:01:54Z,2026-09-22T03:00:00Z,Team Total (Double Faults) Away,8,"{'hdp': 9.5, 'over': '5.00'}"
74839206,2026-09-22,WTA,Seoul,Bet365,Elena-Gabriela Ruse,Eva Lys,double_faults,11.5,11.0000,,2026-09-21T20:01:54Z,2026-09-22T03:00:00Z,Team Total (Double Faults) Away,8,"{'hdp': 11.5, 'over': '11.00'}"
74839206,2026-09-22,WTA,Seoul,Bet365,Elena-Gabriela Ruse,Eva Lys,double_faults,14.5,26.0000,,2026-09-21T20:01:54Z,2026-09-22T03:00:00Z,Team Total (Double Faults) Away,8,"{'hdp': 14.5, 'over': '26.00'}"
74839206,2026-09-22,WTA,Seoul,Bet365,Eva Lys,Elena-Gabriela Ruse,double_faults,4.5,1.0600,,2026-09-21T20:01:54Z,2026-09-22T03:00:00Z,Team Total (Double Faults) Home,10,"{'hdp': 4.5, 'over': '1.06'}"
74839206,2026-09-22,WTA,Seoul,Bet365,Eva Lys,Elena-Gabriela Ruse,double_faults,7.5,1.3600,,2026-09-21T20:01:54Z,2026-09-22T03:00:00Z,Team Total (Double Faults) Home,10,"{'hdp': 7.5, 'over': '1.36'}"
74839206,2026-09-22,WTA,Seoul,Bet365,Eva Lys,Elena-Gabriela Ruse,double_faults,9.5,1.8000,,2026-09-21T20:01:54Z,2026-09-22T03:00:00Z,Team Total (Double Faults) Home,10,"{'hdp': 9.5, 'over': '1.80'}"
74839206,2026-09-22,WTA,Seoul,Bet365,Eva Lys,Elena-Gabriela Ruse,double_faults,11.5,2.6200,,2026-09-21T20:01:54Z,2026-09-22T03:00:00Z,Team Total (Double Faults) Home,10,"{'hdp': 11.5, 'over': '2.62'}"
74839206,2026-09-22,WTA,Seoul,Bet365,Eva Lys,Elena-Gabriela Ruse,double_faults,14.5,5.5000,,2026-09-21T20:01:54Z,2026-09-22T03:00:00Z,Team Total (Double Faults) Home,10,"{'hdp': 14.5, 'over': '5.50'}"
74839206,2026-09-22,WTA,Seoul,Bet365,Eva Lys,Elena-Gabriela Ruse,double_faults,19.5,21.0000,,2026-09-21T20:01:54Z,2026-09-22T03:00:00Z,Team Total (Double Faults) Home,10,"{'hdp': 19.5, 'over': '21.00'}"
74839206,2026-09-22,WTA,Seoul,Bet365,Eva Lys,Elena-Gabriela Ruse,double_faults,24.5,26.0000,,2026-09-21T20:01:54Z,2026-09-22T03:00:00Z,Team Total (Double Faults) Home,10,"{'hdp': 24.5, 'over': '26.00'}"
74839206,2026-09-22,WTA,Seoul,Bet365,Eva Lys,Elena-Gabriela Ruse,match_double_faults,7.5,1.0200,,2026-09-21T20:01:54Z,2026-09-22T03:00:00Z,Totals (Double Faults),7,"{'hdp': 7.5, 'over': '1.02'}"
74839206,2026-09-22,WTA,Seoul,Bet365,Eva Lys,Elena-Gabriela Ruse,match_double_faults,9.5,1.0800,,2026-09-21T20:01:54Z,2026-09-22T03:00:00Z,Totals (Double Faults),7,"{'hdp': 9.5, 'over': '1.08'}"
74839206,2026-09-22,WTA,Seoul,Bet365,Eva Lys,Elena-Gabriela Ruse,match_double_faults,11.5,1.2000,,2026-09-21T20:01:54Z,2026-09-22T03:00:00Z,Totals (Double Faults),7,"{'hdp': 11.5, 'over': '1.20'}"
74839206,2026-09-22,WTA,Seoul,Bet365,Eva Lys,Elena-Gabriela Ruse,match_double_faults,14.5,1.5700,,2026-09-21T20:01:54Z,2026-09-22T03:00:00Z,Totals (Double Faults),7,"{'hdp': 14.5, 'over': '1.57'}"
74839206,2026-09-22,WTA,Seoul,Bet365,Eva Lys,Elena-Gabriela Ruse,match_double_faults,19.5,3.2500,,2026-09-21T20:01:54Z,2026-09-22T03:00:00Z,Totals (Double Faults),7,"{'hdp': 19.5, 'over': '3.25'}"
74839206,2026-09-22,WTA,Seoul,Bet365,Eva Lys,Elena-Gabriela Ruse,match_double_faults,24.5,9.0000,,2026-09-21T20:01:54Z,2026-09-22T03:00:00Z,Totals (Double Faults),7,"{'hdp': 24.5, 'over': '9.00'}"
74839206,2026-09-22,WTA,Seoul,Bet365,Elena-Gabriela Ruse,Eva Lys,aces,0.5,1.0200,,2026-09-21T20:01:54Z,2026-09-22T03:00:00Z,Team Total (Aces) Away,5,"{'hdp': 0.5, 'over': '1.02'}"
74839206,2026-09-22,WTA,Seoul,Bet365,Elena-Gabriela Ruse,Eva Lys,aces,2.5,1.2500,,2026-09-21T20:01:54Z,2026-09-22T03:00:00Z,Team Total (Aces) Away,5,"{'hdp': 2.5, 'over': '1.25'}"
74839206,2026-09-22,WTA,Seoul,Bet365,Elena-Gabriela Ruse,Eva Lys,aces,4.5,2.0000,,2026-09-21T20:01:54Z,2026-09-22T03:00:00Z,Team Total (Aces) Away,5,"{'hdp': 4.5, 'over': '2.00'}"
74839206,2026-09-22,WTA,Seoul,Bet365,Elena-Gabriela Ruse,Eva Lys,aces,9.5,11.0000,,2026-09-21T20:01:54Z,2026-09-22T03:00:00Z,Team Total (Aces) Away,5,"{'hdp': 9.5, 'over': '11.00'}"
74839206,2026-09-22,WTA,Seoul,Bet365,Elena-Gabriela Ruse,Eva Lys,aces,14.5,26.0000,,2026-09-21T20:01:54Z,2026-09-22T03:00:00Z,Team Total (Aces) Away,5,"{'hdp': 14.5, 'over': '26.00'}"
74839206,2026-09-22,WTA,Seoul,Bet365,Eva Lys,Elena-Gabriela Ruse,aces,0.5,1.1800,,2026-09-21T20:01:54Z,2026-09-22T03:00:00Z,Team Total (Aces) Home,3,"{'hdp': 0.5, 'over': '1.18'}"
74839206,2026-09-22,WTA,Seoul,Bet365,Eva Lys,Elena-Gabriela Ruse,aces,2.5,2.7500,,2026-09-21T20:01:54Z,2026-09-22T03:00:00Z,Team Total (Aces) Home,3,"{'hdp': 2.5, 'over': '2.75'}"
74839206,2026-09-22,WTA,Seoul,Bet365,Eva Lys,Elena-Gabriela Ruse,aces,4.5,11.0000,,2026-09-21T20:01:54Z,2026-09-22T03:00:00Z,Team Total (Aces) Home,3,"{'hdp': 4.5, 'over': '11.00'}"
74839206,2026-09-22,WTA,Seoul,Bet365,Eva Lys,Elena-Gabriela Ruse,match_aces,2.5,1.0800,,2026-09-21T20:01:54Z,2026-09-22T03:00:00Z,Totals (Aces),6,"{'hdp': 2.5, 'over': '1.08'}"
74839206,2026-09-22,WTA,Seoul,Bet365,Eva Lys,Elena-Gabriela Ruse,match_aces,4.5,1.3600,,2026-09-21T20:01:54Z,2026-09-22T03:00:00Z,Totals (Aces),6,"{'hdp': 4.5, 'over': '1.36'}"
74839206,2026-09-22,WTA,Seoul,Bet365,Eva Lys,Elena-Gabriela Ruse,match_aces,9.5,4.3300,,2026-09-21T20:01:54Z,2026-09-22T03:00:00Z,Totals (Aces),6,"{'hdp': 9.5, 'over': '4.33'}"
74839206,2026-09-22,WTA,Seoul,Bet365,Eva Lys,Elena-Gabriela Ruse,match_aces,14.5,19.0000,,2026-09-21T20:01:54Z,2026-09-22T03:00:00Z,Totals (Aces),6,"{'hdp': 14.5, 'over': '19.00'}"
74839206,2026-09-22,WTA,Seoul,Bet365,Eva Lys,Elena-Gabriela Ruse,match_aces,19.5,26.0000,,2026-09-21T20:01:54Z,2026-09-22T03:00:00Z,Totals (Aces),6,"{'hdp': 19.5, 'over': '26.00'}"
74839210,2026-09-22,WTA,Seoul,Bet365,Anna Bondar,Renata Zarazua,aces,0.5,1.0200,,2026-09-21T20:01:54Z,2026-09-22T04:10:00Z,Team Total (Aces) Home,5,"{'hdp': 0.5, 'over': '1.02'}"
74839210,2026-09-22,WTA,Seoul,Bet365,Anna Bondar,Renata Zarazua,aces,2.5,1.3300,,2026-09-21T20:01:54Z,2026-09-22T04:10:00Z,Team Total (Aces) Home,5,"{'hdp': 2.5, 'over': '1.33'}"
74839210,2026-09-22,WTA,Seoul,Bet365,Anna Bondar,Renata Zarazua,aces,4.5,2.2000,,2026-09-21T20:01:54Z,2026-09-22T04:10:00Z,Team Total (Aces) Home,5,"{'hdp': 4.5, 'over': '2.20'}"
74839210,2026-09-22,WTA,Seoul,Bet365,Anna Bondar,Renata Zarazua,aces,9.5,15.0000,,2026-09-21T20:01:54Z,2026-09-22T04:10:00Z,Team Total (Aces) Home,5,"{'hdp': 9.5, 'over': '15.00'}"
74839210,2026-09-22,WTA,Seoul,Bet365,Anna Bondar,Renata Zarazua,aces,14.5,26.0000,,2026-09-21T20:01:54Z,2026-09-22T04:10:00Z,Team Total (Aces) Home,5,"{'hdp': 14.5, 'over': '26.00'}"
74839210,2026-09-22,WTA,Seoul,Bet365,Anna Bondar,Renata Zarazua,match_aces,2.5,1.1200,,2026-09-21T20:01:54Z,2026-09-22T04:10:00Z,Totals (Aces),5,"{'hdp': 2.5, 'over': '1.12'}"
74839210,2026-09-22,WTA,Seoul,Bet365,Anna Bondar,Renata Zarazua,match_aces,4.5,1.5300,,2026-09-21T20:01:54Z,2026-09-22T04:10:00Z,Totals (Aces),5,"{'hdp': 4.5, 'over': '1.53'}"
74839210,2026-09-22,WTA,Seoul,Bet365,Anna Bondar,Renata Zarazua,match_aces,9.5,6.0000,,2026-09-21T20:01:54Z,2026-09-22T04:10:00Z,Totals (Aces),5,"{'hdp': 9.5, 'over': '6.00'}"
74839210,2026-09-22,WTA,Seoul,Bet365,Anna Bondar,Renata Zarazua,match_aces,14.5,26.0000,,2026-09-21T20:01:54Z,2026-09-22T04:10:00Z,Totals (Aces),5,"{'hdp': 14.5, 'over': '26.00'}"
74839210,2026-09-22,WTA,Seoul,Bet365,Anna Bondar,Renata Zarazua,match_double_faults,2.5,1.0200,,2026-09-21T20:01:54Z,2026-09-22T04:10:00Z,Totals (Double Faults),9,"{'hdp': 2.5, 'over': '1.02'}"
74839210,2026-09-22,WTA,Seoul,Bet365,Anna Bondar,Renata Zarazua,match_double_faults,4.5,1.1600,,2026-09-21T20:01:54Z,2026-09-22T04:10:00Z,Totals (Double Faults),9,"{'hdp': 4.5, 'over': '1.16'}"
74839210,2026-09-22,WTA,Seoul,Bet365,Anna Bondar,Renata Zarazua,match_double_faults,7.5,1.8300,,2026-09-21T20:01:54Z,2026-09-22T04:10:00Z,Totals (Double Faults),9,"{'hdp': 7.5, 'over': '1.83'}"
74839210,2026-09-22,WTA,Seoul,Bet365,Anna Bondar,Renata Zarazua,match_double_faults,9.5,3.2500,,2026-09-21T20:01:54Z,2026-09-22T04:10:00Z,Totals (Double Faults),9,"{'hdp': 9.5, 'over': '3.25'}"
74839210,2026-09-22,WTA,Seoul,Bet365,Anna Bondar,Renata Zarazua,match_double_faults,11.5,6.0000,,2026-09-21T20:01:54Z,2026-09-22T04:10:00Z,Totals (Double Faults),9,"{'hdp': 11.5, 'over': '6.00'}"
74839210,2026-09-22,WTA,Seoul,Bet365,Anna Bondar,Renata Zarazua,match_double_faults,14.5,17.0000,,2026-09-21T20:01:54Z,2026-09-22T04:10:00Z,Totals (Double Faults),9,"{'hdp': 14.5, 'over': '17.00'}"
74839210,2026-09-22,WTA,Seoul,Bet365,Anna Bondar,Renata Zarazua,match_double_faults,19.5,26.0000,,2026-09-21T20:01:54Z,2026-09-22T04:10:00Z,Totals (Double Faults),9,"{'hdp': 19.5, 'over': '26.00'}"
74839210,2026-09-22,WTA,Seoul,Bet365,Renata Zarazua,Anna Bondar,aces,0.5,1.2500,,2026-09-21T20:01:54Z,2026-09-22T04:10:00Z,Team Total (Aces) Away,3,"{'hdp': 0.5, 'over': '1.25'}"
74839210,2026-09-22,WTA,Seoul,Bet365,Renata Zarazua,Anna Bondar,aces,2.5,3.7500,,2026-09-21T20:01:54Z,2026-09-22T04:10:00Z,Team Total (Aces) Away,3,"{'hdp': 2.5, 'over': '3.75'}"
74839210,2026-09-22,WTA,Seoul,Bet365,Renata Zarazua,Anna Bondar,aces,4.5,17.0000,,2026-09-21T20:01:54Z,2026-09-22T04:10:00Z,Team Total (Aces) Away,3,"{'hdp': 4.5, 'over': '17.00'}"
74839210,2026-09-22,WTA,Seoul,Bet365,Renata Zarazua,Anna Bondar,double_faults,0.5,1.0800,,2026-09-21T20:01:54Z,2026-09-22T04:10:00Z,Team Total (Double Faults) Away,5,"{'hdp': 0.5, 'over': '1.08'}"
74839210,2026-09-22,WTA,Seoul,Bet365,Renata Zarazua,Anna Bondar,double_faults,1.5,1.3600,,2026-09-21T20:01:54Z,2026-09-22T04:10:00Z,Team Total (Double Faults) Away,5,"{'hdp': 1.5, 'over': '1.36'}"
74839210,2026-09-22,WTA,Seoul,Bet365,Renata Zarazua,Anna Bondar,double_faults,2.5,2.0000,,2026-09-21T20:01:54Z,2026-09-22T04:10:00Z,Team Total (Double Faults) Away,5,"{'hdp': 2.5, 'over': '2.00'}"
74839210,2026-09-22,WTA,Seoul,Bet365,Renata Zarazua,Anna Bondar,double_faults,4.5,6.5000,,2026-09-21T20:01:54Z,2026-09-22T04:10:00Z,Team Total (Double Faults) Away,5,"{'hdp': 4.5, 'over': '6.50'}"
74839210,2026-09-22,WTA,Seoul,Bet365,Renata Zarazua,Anna Bondar,double_faults,7.5,26.0000,,2026-09-21T20:01:54Z,2026-09-22T04:10:00Z,Team Total (Double Faults) Away,5,"{'hdp': 7.5, 'over': '26.00'}"
74839210,2026-09-22,WTA,Seoul,Bet365,Anna Bondar,Renata Zarazua,double_faults,0.5,1.0100,,2026-09-21T20:01:54Z,2026-09-22T04:10:00Z,Team Total (Double Faults) Home,8,"{'hdp': 0.5, 'over': '1.01'}"
74839210,2026-09-22,WTA,Seoul,Bet365,Anna Bondar,Renata Zarazua,double_faults,1.5,1.0600,,2026-09-21T20:01:54Z,2026-09-22T04:10:00Z,Team Total (Double Faults) Home,8,"{'hdp': 1.5, 'over': '1.06'}"
74839210,2026-09-22,WTA,Seoul,Bet365,Anna Bondar,Renata Zarazua,double_faults,2.5,1.1600,,2026-09-21T20:01:54Z,2026-09-22T04:10:00Z,Team Total (Double Faults) Home,8,"{'hdp': 2.5, 'over': '1.16'}"
74839210,2026-09-22,WTA,Seoul,Bet365,Anna Bondar,Renata Zarazua,double_faults,4.5,1.6600,,2026-09-21T20:01:54Z,2026-09-22T04:10:00Z,Team Total (Double Faults) Home,8,"{'hdp': 4.5, 'over': '1.66'}"
74839210,2026-09-22,WTA,Seoul,Bet365,Anna Bondar,Renata Zarazua,double_faults,7.5,4.0000,,2026-09-21T20:01:54Z,2026-09-22T04:10:00Z,Team Total (Double Faults) Home,8,"{'hdp': 7.5, 'over': '4.00'}"
74839210,2026-09-22,WTA,Seoul,Bet365,Anna Bondar,Renata Zarazua,double_faults,9.5,9.0000,,2026-09-21T20:01:54Z,2026-09-22T04:10:00Z,Team Total (Double Faults) Home,8,"{'hdp': 9.5, 'over': '9.00'}"
74839210,2026-09-22,WTA,Seoul,Bet365,Anna Bondar,Renata Zarazua,double_faults,11.5,19.0000,,2026-09-21T20:01:54Z,2026-09-22T04:10:00Z,Team Total (Double Faults) Home,8,"{'hdp': 11.5, 'over': '19.00'}"
74839210,2026-09-22,WTA,Seoul,Bet365,Anna Bondar,Renata Zarazua,double_faults,14.5,26.0000,,2026-09-21T20:01:54Z,2026-09-22T04:10:00Z,Team Total (Double Faults) Home,8,"{'hdp': 14.5, 'over': '26.00'}"
74839214,2026-09-22,WTA,Seoul,Bet365,Robin Montgomery,Sohyun Park,aces,2.5,1.1100,,2026-09-21T20:01:54Z,2026-09-22T03:00:00Z,Team Total (Aces) Away,6,"{'hdp': 2.5, 'over': '1.11'}"
74839214,2026-09-22,WTA,Seoul,Bet365,Robin Montgomery,Sohyun Park,aces,4.5,1.4400,,2026-09-21T20:01:54Z,2026-09-22T03:00:00Z,Team Total (Aces) Away,6,"{'hdp': 4.5, 'over': '1.44'}"
74839214,2026-09-22,WTA,Seoul,Bet365,Robin Montgomery,Sohyun Park,aces,9.5,5.0000,,2026-09-21T20:01:54Z,2026-09-22T03:00:00Z,Team Total (Aces) Away,6,"{'hdp': 9.5, 'over': '5.00'}"
74839214,2026-09-22,WTA,Seoul,Bet365,Robin Montgomery,Sohyun Park,aces,14.5,23.0000,,2026-09-21T20:01:54Z,2026-09-22T03:00:00Z,Team Total (Aces) Away,6,"{'hdp': 14.5, 'over': '23.00'}"
74839214,2026-09-22,WTA,Seoul,Bet365,Robin Montgomery,Sohyun Park,aces,19.5,26.0000,,2026-09-21T20:01:54Z,2026-09-22T03:00:00Z,Team Total (Aces) Away,6,"{'hdp': 19.5, 'over': '26.00'}"
74839214,2026-09-22,WTA,Seoul,Bet365,Robin Montgomery,Sohyun Park,double_faults,0.5,1.0100,,2026-09-21T20:01:54Z,2026-09-22T03:00:00Z,Team Total (Double Faults) Away,8,"{'hdp': 0.5, 'over': '1.01'}"
74839214,2026-09-22,WTA,Seoul,Bet365,Robin Montgomery,Sohyun Park,double_faults,1.5,1.0800,,2026-09-21T20:01:54Z,2026-09-22T03:00:00Z,Team Total (Double Faults) Away,8,"{'hdp': 1.5, 'over': '1.08'}"
74839214,2026-09-22,WTA,Seoul,Bet365,Robin Montgomery,Sohyun Park,double_faults,2.5,1.2200,,2026-09-21T20:01:54Z,2026-09-22T03:00:00Z,Team Total (Double Faults) Away,8,"{'hdp': 2.5, 'over': '1.22'}"
74839214,2026-09-22,WTA,Seoul,Bet365,Robin Montgomery,Sohyun Park,double_faults,4.5,1.8300,,2026-09-21T20:01:54Z,2026-09-22T03:00:00Z,Team Total (Double Faults) Away,8,"{'hdp': 4.5, 'over': '1.83'}"
74839214,2026-09-22,WTA,Seoul,Bet365,Robin Montgomery,Sohyun Park,double_faults,7.5,4.3300,,2026-09-21T20:01:54Z,2026-09-22T03:00:00Z,Team Total (Double Faults) Away,8,"{'hdp': 7.5, 'over': '4.33'}"
74839214,2026-09-22,WTA,Seoul,Bet365,Robin Montgomery,Sohyun Park,double_faults,9.5,8.0000,,2026-09-21T20:01:54Z,2026-09-22T03:00:00Z,Team Total (Double Faults) Away,8,"{'hdp': 9.5, 'over': '8.00'}"
74839214,2026-09-22,WTA,Seoul,Bet365,Robin Montgomery,Sohyun Park,double_faults,11.5,17.0000,,2026-09-21T20:01:54Z,2026-09-22T03:00:00Z,Team Total (Double Faults) Away,8,"{'hdp': 11.5, 'over': '17.00'}"
74839214,2026-09-22,WTA,Seoul,Bet365,Robin Montgomery,Sohyun Park,double_faults,14.5,26.0000,,2026-09-21T20:01:54Z,2026-09-22T03:00:00Z,Team Total (Double Faults) Away,8,"{'hdp': 14.5, 'over': '26.00'}"
74839214,2026-09-22,WTA,Seoul,Bet365,Sohyun Park,Robin Montgomery,aces,0.5,1.2500,,2026-09-21T20:01:54Z,2026-09-22T03:00:00Z,Team Total (Aces) Home,3,"{'hdp': 0.5, 'over': '1.25'}"
74839214,2026-09-22,WTA,Seoul,Bet365,Sohyun Park,Robin Montgomery,aces,2.5,3.5000,,2026-09-21T20:01:54Z,2026-09-22T03:00:00Z,Team Total (Aces) Home,3,"{'hdp': 2.5, 'over': '3.50'}"
74839214,2026-09-22,WTA,Seoul,Bet365,Sohyun Park,Robin Montgomery,aces,4.5,13.0000,,2026-09-21T20:01:54Z,2026-09-22T03:00:00Z,Team Total (Aces) Home,3,"{'hdp': 4.5, 'over': '13.00'}"
74839214,2026-09-22,WTA,Seoul,Bet365,Sohyun Park,Robin Montgomery,double_faults,1.5,1.0300,,2026-09-21T20:01:54Z,2026-09-22T03:00:00Z,Team Total (Double Faults) Home,7,"{'hdp': 1.5, 'over': '1.03'}"
74839214,2026-09-22,WTA,Seoul,Bet365,Sohyun Park,Robin Montgomery,double_faults,2.5,1.1200,,2026-09-21T20:01:54Z,2026-09-22T03:00:00Z,Team Total (Double Faults) Home,7,"{'hdp': 2.5, 'over': '1.12'}"
74839214,2026-09-22,WTA,Seoul,Bet365,Sohyun Park,Robin Montgomery,double_faults,4.5,1.6600,,2026-09-21T20:01:54Z,2026-09-22T03:00:00Z,Team Total (Double Faults) Home,7,"{'hdp': 4.5, 'over': '1.66'}"
74839214,2026-09-22,WTA,Seoul,Bet365,Sohyun Park,Robin Montgomery,double_faults,7.5,5.0000,,2026-09-21T20:01:54Z,2026-09-22T03:00:00Z,Team Total (Double Faults) Home,7,"{'hdp': 7.5, 'over': '5.00'}"
74839214,2026-09-22,WTA,Seoul,Bet365,Sohyun Park,Robin Montgomery,double_faults,9.5,13.0000,,2026-09-21T20:01:54Z,2026-09-22T03:00:00Z,Team Total (Double Faults) Home,7,"{'hdp': 9.5, 'over': '13.00'}"
74839214,2026-09-22,WTA,Seoul,Bet365,Sohyun Park,Robin Montgomery,double_faults,11.5,26.0000,,2026-09-21T20:01:54Z,2026-09-22T03:00:00Z,Team Total (Double Faults) Home,7,"{'hdp': 11.5, 'over': '26.00'}"
74839214,2026-09-22,WTA,Seoul,Bet365,Sohyun Park,Robin Montgomery,match_aces,2.5,1.0400,,2026-09-21T20:01:54Z,2026-09-22T03:00:00Z,Totals (Aces),6,"{'hdp': 2.5, 'over': '1.04'}"
74839214,2026-09-22,WTA,Seoul,Bet365,Sohyun Park,Robin Montgomery,match_aces,4.5,1.2200,,2026-09-21T20:01:54Z,2026-09-22T03:00:00Z,Totals (Aces),6,"{'hdp': 4.5, 'over': '1.22'}"
74839214,2026-09-22,WTA,Seoul,Bet365,Sohyun Park,Robin Montgomery,match_aces,9.5,2.7500,,2026-09-21T20:01:54Z,2026-09-22T03:00:00Z,Totals (Aces),6,"{'hdp': 9.5, 'over': '2.75'}"
74839214,2026-09-22,WTA,Seoul,Bet365,Sohyun Park,Robin Montgomery,match_aces,14.5,10.0000,,2026-09-21T20:01:54Z,2026-09-22T03:00:00Z,Totals (Aces),6,"{'hdp': 14.5, 'over': '10.00'}"
74839214,2026-09-22,WTA,Seoul,Bet365,Sohyun Park,Robin Montgomery,match_aces,19.5,26.0000,,2026-09-21T20:01:54Z,2026-09-22T03:00:00Z,Totals (Aces),6,"{'hdp': 19.5, 'over': '26.00'}"
74839214,2026-09-22,WTA,Seoul,Bet365,Sohyun Park,Robin Montgomery,match_double_faults,4.5,1.0500,,2026-09-21T20:01:54Z,2026-09-22T03:00:00Z,Totals (Double Faults),9,"{'hdp': 4.5, 'over': '1.05'}"
74839214,2026-09-22,WTA,Seoul,Bet365,Sohyun Park,Robin Montgomery,match_double_faults,7.5,1.3300,,2026-09-21T20:01:54Z,2026-09-22T03:00:00Z,Totals (Double Faults),9,"{'hdp': 7.5, 'over': '1.33'}"
74839214,2026-09-22,WTA,Seoul,Bet365,Sohyun Park,Robin Montgomery,match_double_faults,9.5,1.7200,,2026-09-21T20:01:54Z,2026-09-22T03:00:00Z,Totals (Double Faults),9,"{'hdp': 9.5, 'over': '1.72'}"
74839214,2026-09-22,WTA,Seoul,Bet365,Sohyun Park,Robin Montgomery,match_double_faults,11.5,2.6200,,2026-09-21T20:01:54Z,2026-09-22T03:00:00Z,Totals (Double Faults),9,"{'hdp': 11.5, 'over': '2.62'}"
74839214,2026-09-22,WTA,Seoul,Bet365,Sohyun Park,Robin Montgomery,match_double_faults,14.5,5.0000,,2026-09-21T20:01:54Z,2026-09-22T03:00:00Z,Totals (Double Faults),9,"{'hdp': 14.5, 'over': '5.00'}"
74839214,2026-09-22,WTA,Seoul,Bet365,Sohyun Park,Robin Montgomery,match_double_faults,19.5,19.0000,,2026-09-21T20:01:54Z,2026-09-22T03:00:00Z,Totals (Double Faults),9,"{'hdp': 19.5, 'over': '19.00'}"
74839214,2026-09-22,WTA,Seoul,Bet365,Sohyun Park,Robin Montgomery,match_double_faults,24.5,26.0000,,2026-09-21T20:01:54Z,2026-09-22T03:00:00Z,Totals (Double Faults),9,"{'hdp': 24.5, 'over': '26.00'}"
74839200,2026-09-22,WTA,Seoul,Bet365,Kimberly Birrell,Tamara Zidansek,double_faults,1.5,1.0200,,2026-09-21T20:01:54Z,2026-09-22T05:20:00Z,Team Total (Double Faults) Away,9,"{'hdp': 1.5, 'over': '1.02'}"
74839200,2026-09-22,WTA,Seoul,Bet365,Kimberly Birrell,Tamara Zidansek,double_faults,2.5,1.0600,,2026-09-21T20:01:54Z,2026-09-22T05:20:00Z,Team Total (Double Faults) Away,9,"{'hdp': 2.5, 'over': '1.06'}"
74839200,2026-09-22,WTA,Seoul,Bet365,Kimberly Birrell,Tamara Zidansek,double_faults,4.5,1.3000,,2026-09-21T20:01:54Z,2026-09-22T05:20:00Z,Team Total (Double Faults) Away,9,"{'hdp': 4.5, 'over': '1.30'}"
74839200,2026-09-22,WTA,Seoul,Bet365,Kimberly Birrell,Tamara Zidansek,double_faults,7.5,2.2500,,2026-09-21T20:01:54Z,2026-09-22T05:20:00Z,Team Total (Double Faults) Away,9,"{'hdp': 7.5, 'over': '2.25'}"
74839200,2026-09-22,WTA,Seoul,Bet365,Kimberly Birrell,Tamara Zidansek,double_faults,9.5,3.7500,,2026-09-21T20:01:54Z,2026-09-22T05:20:00Z,Team Total (Double Faults) Away,9,"{'hdp': 9.5, 'over': '3.75'}"
74839200,2026-09-22,WTA,Seoul,Bet365,Kimberly Birrell,Tamara Zidansek,double_faults,11.5,7.0000,,2026-09-21T20:01:54Z,2026-09-22T05:20:00Z,Team Total (Double Faults) Away,9,"{'hdp': 11.5, 'over': '7.00'}"
74839200,2026-09-22,WTA,Seoul,Bet365,Kimberly Birrell,Tamara Zidansek,double_faults,14.5,19.0000,,2026-09-21T20:01:54Z,2026-09-22T05:20:00Z,Team Total (Double Faults) Away,9,"{'hdp': 14.5, 'over': '19.00'}"
74839200,2026-09-22,WTA,Seoul,Bet365,Kimberly Birrell,Tamara Zidansek,double_faults,19.5,26.0000,,2026-09-21T20:01:54Z,2026-09-22T05:20:00Z,Team Total (Double Faults) Away,9,"{'hdp': 19.5, 'over': '26.00'}"
74839200,2026-09-22,WTA,Seoul,Bet365,Tamara Zidansek,Kimberly Birrell,aces,0.5,1.0600,,2026-09-21T20:01:54Z,2026-09-22T05:20:00Z,Team Total (Aces) Home,4,"{'hdp': 0.5, 'over': '1.06'}"
74839200,2026-09-22,WTA,Seoul,Bet365,Tamara Zidansek,Kimberly Birrell,aces,2.5,1.6600,,2026-09-21T20:01:54Z,2026-09-22T05:20:00Z,Team Total (Aces) Home,4,"{'hdp': 2.5, 'over': '1.66'}"
74839200,2026-09-22,WTA,Seoul,Bet365,Tamara Zidansek,Kimberly Birrell,aces,4.5,3.5000,,2026-09-21T20:01:54Z,2026-09-22T05:20:00Z,Team Total (Aces) Home,4,"{'hdp': 4.5, 'over': '3.50'}"
74839200,2026-09-22,WTA,Seoul,Bet365,Tamara Zidansek,Kimberly Birrell,aces,9.5,26.0000,,2026-09-21T20:01:54Z,2026-09-22T05:20:00Z,Team Total (Aces) Home,4,"{'hdp': 9.5, 'over': '26.00'}"
74839200,2026-09-22,WTA,Seoul,Bet365,Tamara Zidansek,Kimberly Birrell,double_faults,0.5,1.0100,,2026-09-21T20:01:54Z,2026-09-22T05:20:00Z,Team Total (Double Faults) Home,7,"{'hdp': 0.5, 'over': '1.01'}"
74839200,2026-09-22,WTA,Seoul,Bet365,Tamara Zidansek,Kimberly Birrell,double_faults,1.5,1.0600,,2026-09-21T20:01:54Z,2026-09-22T05:20:00Z,Team Total (Double Faults) Home,7,"{'hdp': 1.5, 'over': '1.06'}"
74839200,2026-09-22,WTA,Seoul,Bet365,Tamara Zidansek,Kimberly Birrell,double_faults,2.5,1.2000,,2026-09-21T20:01:54Z,2026-09-22T05:20:00Z,Team Total (Double Faults) Home,7,"{'hdp': 2.5, 'over': '1.20'}"
74839200,2026-09-22,WTA,Seoul,Bet365,Tamara Zidansek,Kimberly Birrell,double_faults,4.5,1.9000,,2026-09-21T20:01:54Z,2026-09-22T05:20:00Z,Team Total (Double Faults) Home,7,"{'hdp': 4.5, 'over': '1.90'}"
74839200,2026-09-22,WTA,Seoul,Bet365,Tamara Zidansek,Kimberly Birrell,double_faults,7.5,6.0000,,2026-09-21T20:01:54Z,2026-09-22T05:20:00Z,Team Total (Double Faults) Home,7,"{'hdp': 7.5, 'over': '6.00'}"
74839200,2026-09-22,WTA,Seoul,Bet365,Tamara Zidansek,Kimberly Birrell,double_faults,9.5,17.0000,,2026-09-21T20:01:54Z,2026-09-22T05:20:00Z,Team Total (Double Faults) Home,7,"{'hdp': 9.5, 'over': '17.00'}"
74839200,2026-09-22,WTA,Seoul,Bet365,Tamara Zidansek,Kimberly Birrell,double_faults,11.5,26.0000,,2026-09-21T20:01:54Z,2026-09-22T05:20:00Z,Team Total (Double Faults) Home,7,"{'hdp': 11.5, 'over': '26.00'}"
74839200,2026-09-22,WTA,Seoul,Bet365,Tamara Zidansek,Kimberly Birrell,match_aces,2.5,1.1400,,2026-09-21T20:01:54Z,2026-09-22T05:20:00Z,Totals (Aces),5,"{'hdp': 2.5, 'over': '1.14'}"
74839200,2026-09-22,WTA,Seoul,Bet365,Tamara Zidansek,Kimberly Birrell,match_aces,4.5,1.5700,,2026-09-21T20:01:54Z,2026-09-22T05:20:00Z,Totals (Aces),5,"{'hdp': 4.5, 'over': '1.57'}"
74839200,2026-09-22,WTA,Seoul,Bet365,Tamara Zidansek,Kimberly Birrell,match_aces,9.5,6.5000,,2026-09-21T20:01:54Z,2026-09-22T05:20:00Z,Totals (Aces),5,"{'hdp': 9.5, 'over': '6.50'}"
74839200,2026-09-22,WTA,Seoul,Bet365,Tamara Zidansek,Kimberly Birrell,match_aces,14.5,26.0000,,2026-09-21T20:01:54Z,2026-09-22T05:20:00Z,Totals (Aces),5,"{'hdp': 14.5, 'over': '26.00'}"
74839200,2026-09-22,WTA,Seoul,Bet365,Tamara Zidansek,Kimberly Birrell,match_double_faults,4.5,1.0200,,2026-09-21T20:01:54Z,2026-09-22T05:20:00Z,Totals (Double Faults),9,"{'hdp': 4.5, 'over': '1.02'}"
74839200,2026-09-22,WTA,Seoul,Bet365,Tamara Zidansek,Kimberly Birrell,match_double_faults,7.5,1.1800,,2026-09-21T20:01:54Z,2026-09-22T05:20:00Z,Totals (Double Faults),9,"{'hdp': 7.5, 'over': '1.18'}"
74839200,2026-09-22,WTA,Seoul,Bet365,Tamara Zidansek,Kimberly Birrell,match_double_faults,9.5,1.4400,,2026-09-21T20:01:54Z,2026-09-22T05:20:00Z,Totals (Double Faults),9,"{'hdp': 9.5, 'over': '1.44'}"
74839200,2026-09-22,WTA,Seoul,Bet365,Tamara Zidansek,Kimberly Birrell,match_double_faults,11.5,1.9000,,2026-09-21T20:01:54Z,2026-09-22T05:20:00Z,Totals (Double Faults),9,"{'hdp': 11.5, 'over': '1.90'}"
74839200,2026-09-22,WTA,Seoul,Bet365,Tamara Zidansek,Kimberly Birrell,match_double_faults,14.5,3.5000,,2026-09-21T20:01:54Z,2026-09-22T05:20:00Z,Totals (Double Faults),9,"{'hdp': 14.5, 'over': '3.50'}"
74839200,2026-09-22,WTA,Seoul,Bet365,Tamara Zidansek,Kimberly Birrell,match_double_faults,19.5,13.0000,,2026-09-21T20:01:54Z,2026-09-22T05:20:00Z,Totals (Double Faults),9,"{'hdp': 19.5, 'over': '13.00'}"
74839200,2026-09-22,WTA,Seoul,Bet365,Tamara Zidansek,Kimberly Birrell,match_double_faults,24.5,26.0000,,2026-09-21T20:01:54Z,2026-09-22T05:20:00Z,Totals (Double Faults),9,"{'hdp': 24.5, 'over': '26.00'}"
74839200,2026-09-22,WTA,Seoul,Bet365,Kimberly Birrell,Tamara Zidansek,aces,0.5,1.1000,,2026-09-21T20:01:54Z,2026-09-22T05:20:00Z,Team Total (Aces) Away,4,"{'hdp': 0.5, 'over': '1.10'}"
74839200,2026-09-22,WTA,Seoul,Bet365,Kimberly Birrell,Tamara Zidansek,aces,2.5,2.1000,,2026-09-21T20:01:54Z,2026-09-22T05:20:00Z,Team Total (Aces) Away,4,"{'hdp': 2.5, 'over': '2.10'}"
74839200,2026-09-22,WTA,Seoul,Bet365,Kimberly Birrell,Tamara Zidansek,aces,4.5,6.0000,,2026-09-21T20:01:54Z,2026-09-22T05:20:00Z,Team Total (Aces) Away,4,"{'hdp': 4.5, 'over': '6.00'}"
74839200,2026-09-22,WTA,Seoul,Bet365,Kimberly Birrell,Tamara Zidansek,aces,9.5,26.0000,,2026-09-21T20:01:54Z,2026-09-22T05:20:00Z,Team Total (Aces) Away,4,"{'hdp': 9.5, 'over': '26.00'}"
74857730,2026-09-22,WTA,Singapore,Bet365,Tatiana Prozorova,Sofia Costoulas,aces,0.5,1.0200,,2026-09-21T20:01:54Z,2026-09-22T05:30:00Z,Team Total (Aces) Home,5,"{'hdp': 0.5, 'over': '1.02'}"
74857730,2026-09-22,WTA,Singapore,Bet365,Tatiana Prozorova,Sofia Costoulas,aces,2.5,1.3300,,2026-09-21T20:01:54Z,2026-09-22T05:30:00Z,Team Total (Aces) Home,5,"{'hdp': 2.5, 'over': '1.33'}"
74857730,2026-09-22,WTA,Singapore,Bet365,Tatiana Prozorova,Sofia Costoulas,aces,4.5,2.2000,,2026-09-21T20:01:54Z,2026-09-22T05:30:00Z,Team Total (Aces) Home,5,"{'hdp': 4.5, 'over': '2.20'}"
74857730,2026-09-22,WTA,Singapore,Bet365,Tatiana Prozorova,Sofia Costoulas,aces,9.5,15.0000,,2026-09-21T20:01:54Z,2026-09-22T05:30:00Z,Team Total (Aces) Home,5,"{'hdp': 9.5, 'over': '15.00'}"
74857730,2026-09-22,WTA,Singapore,Bet365,Tatiana Prozorova,Sofia Costoulas,aces,14.5,26.0000,,2026-09-21T20:01:54Z,2026-09-22T05:30:00Z,Team Total (Aces) Home,5,"{'hdp': 14.5, 'over': '26.00'}"
74857730,2026-09-22,WTA,Singapore,Bet365,Sofia Costoulas,Tatiana Prozorova,double_faults,0.5,1.0400,,2026-09-21T20:01:54Z,2026-09-22T05:30:00Z,Team Total (Double Faults) Away,6,"{'hdp': 0.5, 'over': '1.04'}"
74857730,2026-09-22,WTA,Singapore,Bet365,Sofia Costoulas,Tatiana Prozorova,double_faults,1.5,1.2200,,2026-09-21T20:01:54Z,2026-09-22T05:30:00Z,Team Total (Double Faults) Away,6,"{'hdp': 1.5, 'over': '1.22'}"
74857730,2026-09-22,WTA,Singapore,Bet365,Sofia Costoulas,Tatiana Prozorova,double_faults,2.5,1.6600,,2026-09-21T20:01:54Z,2026-09-22T05:30:00Z,Team Total (Double Faults) Away,6,"{'hdp': 2.5, 'over': '1.66'}"
74857730,2026-09-22,WTA,Singapore,Bet365,Sofia Costoulas,Tatiana Prozorova,double_faults,4.5,4.0000,,2026-09-21T20:01:54Z,2026-09-22T05:30:00Z,Team Total (Double Faults) Away,6,"{'hdp': 4.5, 'over': '4.00'}"
74857730,2026-09-22,WTA,Singapore,Bet365,Sofia Costoulas,Tatiana Prozorova,double_faults,7.5,23.0000,,2026-09-21T20:01:54Z,2026-09-22T05:30:00Z,Team Total (Double Faults) Away,6,"{'hdp': 7.5, 'over': '23.00'}"
74857730,2026-09-22,WTA,Singapore,Bet365,Sofia Costoulas,Tatiana Prozorova,double_faults,9.5,26.0000,,2026-09-21T20:01:54Z,2026-09-22T05:30:00Z,Team Total (Double Faults) Away,6,"{'hdp': 9.5, 'over': '26.00'}"
74857730,2026-09-22,WTA,Singapore,Bet365,Tatiana Prozorova,Sofia Costoulas,double_faults,0.5,1.0500,,2026-09-21T20:01:54Z,2026-09-22T05:30:00Z,Team Total (Double Faults) Home,6,"{'hdp': 0.5, 'over': '1.05'}"
74857730,2026-09-22,WTA,Singapore,Bet365,Tatiana Prozorova,Sofia Costoulas,double_faults,1.5,1.2500,,2026-09-21T20:01:54Z,2026-09-22T05:30:00Z,Team Total (Double Faults) Home,6,"{'hdp': 1.5, 'over': '1.25'}"
74857730,2026-09-22,WTA,Singapore,Bet365,Tatiana Prozorova,Sofia Costoulas,double_faults,2.5,1.7200,,2026-09-21T20:01:54Z,2026-09-22T05:30:00Z,Team Total (Double Faults) Home,6,"{'hdp': 2.5, 'over': '1.72'}"
74857730,2026-09-22,WTA,Singapore,Bet365,Tatiana Prozorova,Sofia Costoulas,double_faults,4.5,4.3300,,2026-09-21T20:01:54Z,2026-09-22T05:30:00Z,Team Total (Double Faults) Home,6,"{'hdp': 4.5, 'over': '4.33'}"
74857730,2026-09-22,WTA,Singapore,Bet365,Tatiana Prozorova,Sofia Costoulas,double_faults,7.5,23.0000,,2026-09-21T20:01:54Z,2026-09-22T05:30:00Z,Team Total (Double Faults) Home,6,"{'hdp': 7.5, 'over': '23.00'}"
74857730,2026-09-22,WTA,Singapore,Bet365,Tatiana Prozorova,Sofia Costoulas,double_faults,9.5,26.0000,,2026-09-21T20:01:54Z,2026-09-22T05:30:00Z,Team Total (Double Faults) Home,6,"{'hdp': 9.5, 'over': '26.00'}"
74857730,2026-09-22,WTA,Singapore,Bet365,Tatiana Prozorova,Sofia Costoulas,match_double_faults,1.5,1.0100,,2026-09-21T20:01:54Z,2026-09-22T05:30:00Z,Totals (Double Faults),8,"{'hdp': 1.5, 'over': '1.01'}"
74857730,2026-09-22,WTA,Singapore,Bet365,Tatiana Prozorova,Sofia Costoulas,match_double_faults,2.5,1.0700,,2026-09-21T20:01:54Z,2026-09-22T05:30:00Z,Totals (Double Faults),8,"{'hdp': 2.5, 'over': '1.07'}"
74857730,2026-09-22,WTA,Singapore,Bet365,Tatiana Prozorova,Sofia Costoulas,match_double_faults,4.5,1.4000,,2026-09-21T20:01:54Z,2026-09-22T05:30:00Z,Totals (Double Faults),8,"{'hdp': 4.5, 'over': '1.40'}"
74857730,2026-09-22,WTA,Singapore,Bet365,Tatiana Prozorova,Sofia Costoulas,match_double_faults,7.5,3.2500,,2026-09-21T20:01:54Z,2026-09-22T05:30:00Z,Totals (Double Faults),8,"{'hdp': 7.5, 'over': '3.25'}"
74857730,2026-09-22,WTA,Singapore,Bet365,Tatiana Prozorova,Sofia Costoulas,match_double_faults,9.5,7.0000,,2026-09-21T20:01:54Z,2026-09-22T05:30:00Z,Totals (Double Faults),8,"{'hdp': 9.5, 'over': '7.00'}"
74857730,2026-09-22,WTA,Singapore,Bet365,Tatiana Prozorova,Sofia Costoulas,match_double_faults,11.5,17.0000,,2026-09-21T20:01:54Z,2026-09-22T05:30:00Z,Totals (Double Faults),8,"{'hdp': 11.5, 'over': '17.00'}"
74857730,2026-09-22,WTA,Singapore,Bet365,Tatiana Prozorova,Sofia Costoulas,match_double_faults,14.5,26.0000,,2026-09-21T20:01:54Z,2026-09-22T05:30:00Z,Totals (Double Faults),8,"{'hdp': 14.5, 'over': '26.00'}"
74857730,2026-09-22,WTA,Singapore,Bet365,Sofia Costoulas,Tatiana Prozorova,aces,0.5,1.0200,,2026-09-21T20:01:54Z,2026-09-22T05:30:00Z,Team Total (Aces) Away,5,"{'hdp': 0.5, 'over': '1.02'}"
74857730,2026-09-22,WTA,Singapore,Bet365,Sofia Costoulas,Tatiana Prozorova,aces,2.5,1.3300,,2026-09-21T20:01:54Z,2026-09-22T05:30:00Z,Team Total (Aces) Away,5,"{'hdp': 2.5, 'over': '1.33'}"
74857730,2026-09-22,WTA,Singapore,Bet365,Sofia Costoulas,Tatiana Prozorova,aces,4.5,2.1000,,2026-09-21T20:01:54Z,2026-09-22T05:30:00Z,Team Total (Aces) Away,5,"{'hdp': 4.5, 'over': '2.10'}"
74857730,2026-09-22,WTA,Singapore,Bet365,Sofia Costoulas,Tatiana Prozorova,aces,9.5,13.0000,,2026-09-21T20:01:54Z,2026-09-22T05:30:00Z,Team Total (Aces) Away,5,"{'hdp': 9.5, 'over': '13.00'}"
74857730,2026-09-22,WTA,Singapore,Bet365,Sofia Costoulas,Tatiana Prozorova,aces,14.5,26.0000,,2026-09-21T20:01:54Z,2026-09-22T05:30:00Z,Team Total (Aces) Away,5,"{'hdp': 14.5, 'over': '26.00'}"
74857730,2026-09-22,WTA,Singapore,Bet365,Tatiana Prozorova,Sofia Costoulas,match_aces,2.5,1.0300,,2026-09-21T20:01:54Z,2026-09-22T05:30:00Z,Totals (Aces),7,"{'hdp': 2.5, 'over': '1.03'}"
74857730,2026-09-22,WTA,Singapore,Bet365,Tatiana Prozorova,Sofia Costoulas,match_aces,4.5,1.1600,,2026-09-21T20:01:54Z,2026-09-22T05:30:00Z,Totals (Aces),7,"{'hdp': 4.5, 'over': '1.16'}"
74857730,2026-09-22,WTA,Singapore,Bet365,Tatiana Prozorova,Sofia Costoulas,match_aces,9.5,2.3700,,2026-09-21T20:01:54Z,2026-09-22T05:30:00Z,Totals (Aces),7,"{'hdp': 9.5, 'over': '2.37'}"
74857730,2026-09-22,WTA,Singapore,Bet365,Tatiana Prozorova,Sofia Costoulas,match_aces,14.5,7.0000,,2026-09-21T20:01:54Z,2026-09-22T05:30:00Z,Totals (Aces),7,"{'hdp': 14.5, 'over': '7.00'}"
74857730,2026-09-22,WTA,Singapore,Bet365,Tatiana Prozorova,Sofia Costoulas,match_aces,19.5,23.0000,,2026-09-21T20:01:54Z,2026-09-22T05:30:00Z,Totals (Aces),7,"{'hdp': 19.5, 'over': '23.00'}"
74857730,2026-09-22,WTA,Singapore,Bet365,Tatiana Prozorova,Sofia Costoulas,match_aces,24.5,26.0000,,2026-09-21T20:01:54Z,2026-09-22T05:30:00Z,Totals (Aces),7,"{'hdp': 24.5, 'over': '26.00'}"
74857732,2026-09-22,WTA,Singapore,Bet365,Donna Vekic,Xinyu Wang,match_aces,2.5,1.0100,,2026-09-21T20:01:54Z,2026-09-22T05:40:00Z,Totals (Aces),7,"{'hdp': 2.5, 'over': '1.01'}"
74857732,2026-09-22,WTA,Singapore,Bet365,Donna Vekic,Xinyu Wang,match_aces,4.5,1.0800,,2026-09-21T20:01:54Z,2026-09-22T05:40:00Z,Totals (Aces),7,"{'hdp': 4.5, 'over': '1.08'}"
74857732,2026-09-22,WTA,Singapore,Bet365,Donna Vekic,Xinyu Wang,match_aces,9.5,1.7200,,2026-09-21T20:01:54Z,2026-09-22T05:40:00Z,Totals (Aces),7,"{'hdp': 9.5, 'over': '1.72'}"
74857732,2026-09-22,WTA,Singapore,Bet365,Donna Vekic,Xinyu Wang,match_aces,14.5,4.0000,,2026-09-21T20:01:54Z,2026-09-22T05:40:00Z,Totals (Aces),7,"{'hdp': 14.5, 'over': '4.00'}"
74857732,2026-09-22,WTA,Singapore,Bet365,Donna Vekic,Xinyu Wang,match_aces,19.5,11.0000,,2026-09-21T20:01:54Z,2026-09-22T05:40:00Z,Totals (Aces),7,"{'hdp': 19.5, 'over': '11.00'}"
74857732,2026-09-22,WTA,Singapore,Bet365,Donna Vekic,Xinyu Wang,match_aces,24.5,26.0000,,2026-09-21T20:01:54Z,2026-09-22T05:40:00Z,Totals (Aces),7,"{'hdp': 24.5, 'over': '26.00'}"
74857732,2026-09-22,WTA,Singapore,Bet365,Donna Vekic,Xinyu Wang,match_double_faults,4.5,1.0200,,2026-09-21T20:01:54Z,2026-09-22T05:40:00Z,Totals (Double Faults),9,"{'hdp': 4.5, 'over': '1.02'}"
74857732,2026-09-22,WTA,Singapore,Bet365,Donna Vekic,Xinyu Wang,match_double_faults,7.5,1.2200,,2026-09-21T20:01:54Z,2026-09-22T05:40:00Z,Totals (Double Faults),9,"{'hdp': 7.5, 'over': '1.22'}"
74857732,2026-09-22,WTA,Singapore,Bet365,Donna Vekic,Xinyu Wang,match_double_faults,9.5,1.5300,,2026-09-21T20:01:54Z,2026-09-22T05:40:00Z,Totals (Double Faults),9,"{'hdp': 9.5, 'over': '1.53'}"
74857732,2026-09-22,WTA,Singapore,Bet365,Donna Vekic,Xinyu Wang,match_double_faults,11.5,2.2000,,2026-09-21T20:01:54Z,2026-09-22T05:40:00Z,Totals (Double Faults),9,"{'hdp': 11.5, 'over': '2.20'}"
74857732,2026-09-22,WTA,Singapore,Bet365,Donna Vekic,Xinyu Wang,match_double_faults,14.5,4.3300,,2026-09-21T20:01:54Z,2026-09-22T05:40:00Z,Totals (Double Faults),9,"{'hdp': 14.5, 'over': '4.33'}"
74857732,2026-09-22,WTA,Singapore,Bet365,Donna Vekic,Xinyu Wang,match_double_faults,19.5,17.0000,,2026-09-21T20:01:54Z,2026-09-22T05:40:00Z,Totals (Double Faults),9,"{'hdp': 19.5, 'over': '17.00'}"
74857732,2026-09-22,WTA,Singapore,Bet365,Donna Vekic,Xinyu Wang,match_double_faults,24.5,26.0000,,2026-09-21T20:01:54Z,2026-09-22T05:40:00Z,Totals (Double Faults),9,"{'hdp': 24.5, 'over': '26.00'}"
74857732,2026-09-22,WTA,Singapore,Bet365,Xinyu Wang,Donna Vekic,aces,0.5,1.0100,,2026-09-21T20:01:54Z,2026-09-22T05:40:00Z,Team Total (Aces) Away,5,"{'hdp': 0.5, 'over': '1.01'}"
74857732,2026-09-22,WTA,Singapore,Bet365,Xinyu Wang,Donna Vekic,aces,2.5,1.2500,,2026-09-21T20:01:54Z,2026-09-22T05:40:00Z,Team Total (Aces) Away,5,"{'hdp': 2.5, 'over': '1.25'}"
74857732,2026-09-22,WTA,Singapore,Bet365,Xinyu Wang,Donna Vekic,aces,4.5,1.9000,,2026-09-21T20:01:54Z,2026-09-22T05:40:00Z,Team Total (Aces) Away,5,"{'hdp': 4.5, 'over': '1.90'}"
74857732,2026-09-22,WTA,Singapore,Bet365,Xinyu Wang,Donna Vekic,aces,9.5,10.0000,,2026-09-21T20:01:54Z,2026-09-22T05:40:00Z,Team Total (Aces) Away,5,"{'hdp': 9.5, 'over': '10.00'}"
74857732,2026-09-22,WTA,Singapore,Bet365,Xinyu Wang,Donna Vekic,aces,14.5,26.0000,,2026-09-21T20:01:54Z,2026-09-22T05:40:00Z,Team Total (Aces) Away,5,"{'hdp': 14.5, 'over': '26.00'}"
74857732,2026-09-22,WTA,Singapore,Bet365,Donna Vekic,Xinyu Wang,aces,0.5,1.0100,,2026-09-21T20:01:54Z,2026-09-22T05:40:00Z,Team Total (Aces) Home,5,"{'hdp': 0.5, 'over': '1.01'}"
74857732,2026-09-22,WTA,Singapore,Bet365,Donna Vekic,Xinyu Wang,aces,2.5,1.1400,,2026-09-21T20:01:54Z,2026-09-22T05:40:00Z,Team Total (Aces) Home,5,"{'hdp': 2.5, 'over': '1.14'}"
74857732,2026-09-22,WTA,Singapore,Bet365,Donna Vekic,Xinyu Wang,aces,4.5,1.5700,,2026-09-21T20:01:54Z,2026-09-22T05:40:00Z,Team Total (Aces) Home,5,"{'hdp': 4.5, 'over': '1.57'}"
74857732,2026-09-22,WTA,Singapore,Bet365,Donna Vekic,Xinyu Wang,aces,9.5,6.0000,,2026-09-21T20:01:54Z,2026-09-22T05:40:00Z,Team Total (Aces) Home,5,"{'hdp': 9.5, 'over': '6.00'}"
74857732,2026-09-22,WTA,Singapore,Bet365,Donna Vekic,Xinyu Wang,aces,14.5,26.0000,,2026-09-21T20:01:54Z,2026-09-22T05:40:00Z,Team Total (Aces) Home,5,"{'hdp': 14.5, 'over': '26.00'}"
74857732,2026-09-22,WTA,Singapore,Bet365,Xinyu Wang,Donna Vekic,double_faults,0.5,1.0100,,2026-09-21T20:01:54Z,2026-09-22T05:40:00Z,Team Total (Double Faults) Away,7,"{'hdp': 0.5, 'over': '1.01'}"
74857732,2026-09-22,WTA,Singapore,Bet365,Xinyu Wang,Donna Vekic,double_faults,1.5,1.0700,,2026-09-21T20:01:54Z,2026-09-22T05:40:00Z,Team Total (Double Faults) Away,7,"{'hdp': 1.5, 'over': '1.07'}"
74857732,2026-09-22,WTA,Singapore,Bet365,Xinyu Wang,Donna Vekic,double_faults,2.5,1.2200,,2026-09-21T20:01:54Z,2026-09-22T05:40:00Z,Team Total (Double Faults) Away,7,"{'hdp': 2.5, 'over': '1.22'}"
74857732,2026-09-22,WTA,Singapore,Bet365,Xinyu Wang,Donna Vekic,double_faults,4.5,1.9000,,2026-09-21T20:01:54Z,2026-09-22T05:40:00Z,Team Total (Double Faults) Away,7,"{'hdp': 4.5, 'over': '1.90'}"
74857732,2026-09-22,WTA,Singapore,Bet365,Xinyu Wang,Donna Vekic,double_faults,7.5,6.0000,,2026-09-21T20:01:54Z,2026-09-22T05:40:00Z,Team Total (Double Faults) Away,7,"{'hdp': 7.5, 'over': '6.00'}"
74857732,2026-09-22,WTA,Singapore,Bet365,Xinyu Wang,Donna Vekic,double_faults,9.5,15.0000,,2026-09-21T20:01:54Z,2026-09-22T05:40:00Z,Team Total (Double Faults) Away,7,"{'hdp': 9.5, 'over': '15.00'}"
74857732,2026-09-22,WTA,Singapore,Bet365,Xinyu Wang,Donna Vekic,double_faults,11.5,26.0000,,2026-09-21T20:01:54Z,2026-09-22T05:40:00Z,Team Total (Double Faults) Away,7,"{'hdp': 11.5, 'over': '26.00'}"
74857732,2026-09-22,WTA,Singapore,Bet365,Donna Vekic,Xinyu Wang,double_faults,1.5,1.0200,,2026-09-21T20:01:54Z,2026-09-22T05:40:00Z,Team Total (Double Faults) Home,8,"{'hdp': 1.5, 'over': '1.02'}"
74857732,2026-09-22,WTA,Singapore,Bet365,Donna Vekic,Xinyu Wang,double_faults,2.5,1.0700,,2026-09-21T20:01:54Z,2026-09-22T05:40:00Z,Team Total (Double Faults) Home,8,"{'hdp': 2.5, 'over': '1.07'}"
74857732,2026-09-22,WTA,Singapore,Bet365,Donna Vekic,Xinyu Wang,double_faults,4.5,1.3600,,2026-09-21T20:01:54Z,2026-09-22T05:40:00Z,Team Total (Double Faults) Home,8,"{'hdp': 4.5, 'over': '1.36'}"
74857732,2026-09-22,WTA,Singapore,Bet365,Donna Vekic,Xinyu Wang,double_faults,7.5,2.7500,,2026-09-21T20:01:54Z,2026-09-22T05:40:00Z,Team Total (Double Faults) Home,8,"{'hdp': 7.5, 'over': '2.75'}"
74857732,2026-09-22,WTA,Singapore,Bet365,Donna Vekic,Xinyu Wang,double_faults,9.5,5.5000,,2026-09-21T20:01:54Z,2026-09-22T05:40:00Z,Team Total (Double Faults) Home,8,"{'hdp': 9.5, 'over': '5.50'}"
74857732,2026-09-22,WTA,Singapore,Bet365,Donna Vekic,Xinyu Wang,double_faults,11.5,11.0000,,2026-09-21T20:01:54Z,2026-09-22T05:40:00Z,Team Total (Double Faults) Home,8,"{'hdp': 11.5, 'over': '11.00'}"
74857732,2026-09-22,WTA,Singapore,Bet365,Donna Vekic,Xinyu Wang,double_faults,14.5,26.0000,,2026-09-21T20:01:54Z,2026-09-22T05:40:00Z,Team Total (Double Faults) Home,8,"{'hdp': 14.5, 'over': '26.00'}"
74839222,2026-09-22,WTA,Seoul,Bet365,Jelena Ostapenko,Anastasia Zakharova,aces,0.5,1.0100,,2026-09-21T20:01:54Z,2026-09-22T06:10:00Z,Team Total (Aces) Home,5,"{'hdp': 0.5, 'over': '1.01'}"
74839222,2026-09-22,WTA,Seoul,Bet365,Jelena Ostapenko,Anastasia Zakharova,aces,2.5,1.1800,,2026-09-21T20:01:54Z,2026-09-22T06:10:00Z,Team Total (Aces) Home,5,"{'hdp': 2.5, 'over': '1.18'}"
74839222,2026-09-22,WTA,Seoul,Bet365,Jelena Ostapenko,Anastasia Zakharova,aces,4.5,1.6600,,2026-09-21T20:01:54Z,2026-09-22T06:10:00Z,Team Total (Aces) Home,5,"{'hdp': 4.5, 'over': '1.66'}"
74839222,2026-09-22,WTA,Seoul,Bet365,Jelena Ostapenko,Anastasia Zakharova,aces,9.5,7.0000,,2026-09-21T20:01:54Z,2026-09-22T06:10:00Z,Team Total (Aces) Home,5,"{'hdp': 9.5, 'over': '7.00'}"
74839222,2026-09-22,WTA,Seoul,Bet365,Jelena Ostapenko,Anastasia Zakharova,aces,14.5,26.0000,,2026-09-21T20:01:54Z,2026-09-22T06:10:00Z,Team Total (Aces) Home,5,"{'hdp': 14.5, 'over': '26.00'}"
74839222,2026-09-22,WTA,Seoul,Bet365,Jelena Ostapenko,Anastasia Zakharova,double_faults,2.5,1.0100,,2026-09-21T20:01:54Z,2026-09-22T06:10:00Z,Team Total (Double Faults) Home,10,"{'hdp': 2.5, 'over': '1.01'}"
74839222,2026-09-22,WTA,Seoul,Bet365,Jelena Ostapenko,Anastasia Zakharova,double_faults,4.5,1.0700,,2026-09-21T20:01:54Z,2026-09-22T06:10:00Z,Team Total (Double Faults) Home,10,"{'hdp': 4.5, 'over': '1.07'}"
74839222,2026-09-22,WTA,Seoul,Bet365,Jelena Ostapenko,Anastasia Zakharova,double_faults,7.5,1.3000,,2026-09-21T20:01:54Z,2026-09-22T06:10:00Z,Team Total (Double Faults) Home,10,"{'hdp': 7.5, 'over': '1.30'}"
74839222,2026-09-22,WTA,Seoul,Bet365,Jelena Ostapenko,Anastasia Zakharova,double_faults,9.5,1.6600,,2026-09-21T20:01:54Z,2026-09-22T06:10:00Z,Team Total (Double Faults) Home,10,"{'hdp': 9.5, 'over': '1.66'}"
74839222,2026-09-22,WTA,Seoul,Bet365,Jelena Ostapenko,Anastasia Zakharova,double_faults,11.5,2.2000,,2026-09-21T20:01:54Z,2026-09-22T06:10:00Z,Team Total (Double Faults) Home,10,"{'hdp': 11.5, 'over': '2.20'}"
74839222,2026-09-22,WTA,Seoul,Bet365,Jelena Ostapenko,Anastasia Zakharova,double_faults,14.5,3.7500,,2026-09-21T20:01:54Z,2026-09-22T06:10:00Z,Team Total (Double Faults) Home,10,"{'hdp': 14.5, 'over': '3.75'}"
74839222,2026-09-22,WTA,Seoul,Bet365,Jelena Ostapenko,Anastasia Zakharova,double_faults,19.5,11.0000,,2026-09-21T20:01:54Z,2026-09-22T06:10:00Z,Team Total (Double Faults) Home,10,"{'hdp': 19.5, 'over': '11.00'}"
74839222,2026-09-22,WTA,Seoul,Bet365,Jelena Ostapenko,Anastasia Zakharova,double_faults,24.5,26.0000,,2026-09-21T20:01:54Z,2026-09-22T06:10:00Z,Team Total (Double Faults) Home,10,"{'hdp': 24.5, 'over': '26.00'}"
74839222,2026-09-22,WTA,Seoul,Bet365,Jelena Ostapenko,Anastasia Zakharova,match_aces,2.5,1.0300,,2026-09-21T20:01:54Z,2026-09-22T06:10:00Z,Totals (Aces),7,"{'hdp': 2.5, 'over': '1.03'}"
74839222,2026-09-22,WTA,Seoul,Bet365,Jelena Ostapenko,Anastasia Zakharova,match_aces,4.5,1.1600,,2026-09-21T20:01:54Z,2026-09-22T06:10:00Z,Totals (Aces),7,"{'hdp': 4.5, 'over': '1.16'}"
74839222,2026-09-22,WTA,Seoul,Bet365,Jelena Ostapenko,Anastasia Zakharova,match_aces,9.5,2.3700,,2026-09-21T20:01:54Z,2026-09-22T06:10:00Z,Totals (Aces),7,"{'hdp': 9.5, 'over': '2.37'}"
74839222,2026-09-22,WTA,Seoul,Bet365,Jelena Ostapenko,Anastasia Zakharova,match_aces,14.5,7.0000,,2026-09-21T20:01:54Z,2026-09-22T06:10:00Z,Totals (Aces),7,"{'hdp': 14.5, 'over': '7.00'}"
74839222,2026-09-22,WTA,Seoul,Bet365,Jelena Ostapenko,Anastasia Zakharova,match_aces,19.5,23.0000,,2026-09-21T20:01:54Z,2026-09-22T06:10:00Z,Totals (Aces),7,"{'hdp': 19.5, 'over': '23.00'}"
74839222,2026-09-22,WTA,Seoul,Bet365,Jelena Ostapenko,Anastasia Zakharova,match_aces,24.5,26.0000,,2026-09-21T20:01:54Z,2026-09-22T06:10:00Z,Totals (Aces),7,"{'hdp': 24.5, 'over': '26.00'}"
74839222,2026-09-22,WTA,Seoul,Bet365,Anastasia Zakharova,Jelena Ostapenko,aces,0.5,1.0600,,2026-09-21T20:01:54Z,2026-09-22T06:10:00Z,Team Total (Aces) Away,4,"{'hdp': 0.5, 'over': '1.06'}"
74839222,2026-09-22,WTA,Seoul,Bet365,Anastasia Zakharova,Jelena Ostapenko,aces,2.5,1.6600,,2026-09-21T20:01:54Z,2026-09-22T06:10:00Z,Team Total (Aces) Away,4,"{'hdp': 2.5, 'over': '1.66'}"
74839222,2026-09-22,WTA,Seoul,Bet365,Anastasia Zakharova,Jelena Ostapenko,aces,4.5,3.5000,,2026-09-21T20:01:54Z,2026-09-22T06:10:00Z,Team Total (Aces) Away,4,"{'hdp': 4.5, 'over': '3.50'}"
74839222,2026-09-22,WTA,Seoul,Bet365,Anastasia Zakharova,Jelena Ostapenko,aces,9.5,26.0000,,2026-09-21T20:01:54Z,2026-09-22T06:10:00Z,Team Total (Aces) Away,4,"{'hdp': 9.5, 'over': '26.00'}"
74839222,2026-09-22,WTA,Seoul,Bet365,Anastasia Zakharova,Jelena Ostapenko,double_faults,0.5,1.0300,,2026-09-21T20:01:54Z,2026-09-22T06:10:00Z,Team Total (Double Faults) Away,6,"{'hdp': 0.5, 'over': '1.03'}"
74839222,2026-09-22,WTA,Seoul,Bet365,Anastasia Zakharova,Jelena Ostapenko,double_faults,1.5,1.1600,,2026-09-21T20:01:54Z,2026-09-22T06:10:00Z,Team Total (Double Faults) Away,6,"{'hdp': 1.5, 'over': '1.16'}"
74839222,2026-09-22,WTA,Seoul,Bet365,Anastasia Zakharova,Jelena Ostapenko,double_faults,2.5,1.4400,,2026-09-21T20:01:54Z,2026-09-22T06:10:00Z,Team Total (Double Faults) Away,6,"{'hdp': 2.5, 'over': '1.44'}"
74839222,2026-09-22,WTA,Seoul,Bet365,Anastasia Zakharova,Jelena Ostapenko,double_faults,4.5,3.2500,,2026-09-21T20:01:54Z,2026-09-22T06:10:00Z,Team Total (Double Faults) Away,6,"{'hdp': 4.5, 'over': '3.25'}"
74839222,2026-09-22,WTA,Seoul,Bet365,Anastasia Zakharova,Jelena Ostapenko,double_faults,7.5,15.0000,,2026-09-21T20:01:54Z,2026-09-22T06:10:00Z,Team Total (Double Faults) Away,6,"{'hdp': 7.5, 'over': '15.00'}"
74839222,2026-09-22,WTA,Seoul,Bet365,Anastasia Zakharova,Jelena Ostapenko,double_faults,9.5,26.0000,,2026-09-21T20:01:54Z,2026-09-22T06:10:00Z,Team Total (Double Faults) Away,6,"{'hdp': 9.5, 'over': '26.00'}"
74839222,2026-09-22,WTA,Seoul,Bet365,Jelena Ostapenko,Anastasia Zakharova,match_double_faults,4.5,1.0100,,2026-09-21T20:01:54Z,2026-09-22T06:10:00Z,Totals (Double Faults),9,"{'hdp': 4.5, 'over': '1.01'}"
74839222,2026-09-22,WTA,Seoul,Bet365,Jelena Ostapenko,Anastasia Zakharova,match_double_faults,7.5,1.0800,,2026-09-21T20:01:54Z,2026-09-22T06:10:00Z,Totals (Double Faults),9,"{'hdp': 7.5, 'over': '1.08'}"
74839222,2026-09-22,WTA,Seoul,Bet365,Jelena Ostapenko,Anastasia Zakharova,match_double_faults,9.5,1.2000,,2026-09-21T20:01:54Z,2026-09-22T06:10:00Z,Totals (Double Faults),9,"{'hdp': 9.5, 'over': '1.20'}"
74839222,2026-09-22,WTA,Seoul,Bet365,Jelena Ostapenko,Anastasia Zakharova,match_double_faults,11.5,1.4000,,2026-09-21T20:01:54Z,2026-09-22T06:10:00Z,Totals (Double Faults),9,"{'hdp': 11.5, 'over': '1.40'}"
74839222,2026-09-22,WTA,Seoul,Bet365,Jelena Ostapenko,Anastasia Zakharova,match_double_faults,14.5,2.0000,,2026-09-21T20:01:54Z,2026-09-22T06:10:00Z,Totals (Double Faults),9,"{'hdp': 14.5, 'over': '2.00'}"
74839222,2026-09-22,WTA,Seoul,Bet365,Jelena Ostapenko,Anastasia Zakharova,match_double_faults,19.5,4.5000,,2026-09-21T20:01:54Z,2026-09-22T06:10:00Z,Totals (Double Faults),9,"{'hdp': 19.5, 'over': '4.50'}"
74839222,2026-09-22,WTA,Seoul,Bet365,Jelena Ostapenko,Anastasia Zakharova,match_double_faults,24.5,13.0000,,2026-09-21T20:01:54Z,2026-09-22T06:10:00Z,Totals (Double Faults),9,"{'hdp': 24.5, 'over': '13.00'}"
74839208,2026-09-22,WTA,Seoul,Bet365,Sofia Kenin,Alina Charaeva,aces,0.5,1.1000,,2026-09-21T20:01:54Z,2026-09-22T07:20:00Z,Team Total (Aces) Away,4,"{'hdp': 0.5, 'over': '1.10'}"
74839208,2026-09-22,WTA,Seoul,Bet365,Sofia Kenin,Alina Charaeva,aces,2.5,2.0000,,2026-09-21T20:01:54Z,2026-09-22T07:20:00Z,Team Total (Aces) Away,4,"{'hdp': 2.5, 'over': '2.00'}"
74839208,2026-09-22,WTA,Seoul,Bet365,Sofia Kenin,Alina Charaeva,aces,4.5,5.5000,,2026-09-21T20:01:54Z,2026-09-22T07:20:00Z,Team Total (Aces) Away,4,"{'hdp': 4.5, 'over': '5.50'}"
74839208,2026-09-22,WTA,Seoul,Bet365,Sofia Kenin,Alina Charaeva,aces,9.5,26.0000,,2026-09-21T20:01:54Z,2026-09-22T07:20:00Z,Team Total (Aces) Away,4,"{'hdp': 9.5, 'over': '26.00'}"
74839208,2026-09-22,WTA,Seoul,Bet365,Sofia Kenin,Alina Charaeva,double_faults,1.5,1.0300,,2026-09-21T20:01:54Z,2026-09-22T07:20:00Z,Team Total (Double Faults) Away,8,"{'hdp': 1.5, 'over': '1.03'}"
74839208,2026-09-22,WTA,Seoul,Bet365,Sofia Kenin,Alina Charaeva,double_faults,2.5,1.1000,,2026-09-21T20:01:54Z,2026-09-22T07:20:00Z,Team Total (Double Faults) Away,8,"{'hdp': 2.5, 'over': '1.10'}"
74839208,2026-09-22,WTA,Seoul,Bet365,Sofia Kenin,Alina Charaeva,double_faults,4.5,1.4400,,2026-09-21T20:01:54Z,2026-09-22T07:20:00Z,Team Total (Double Faults) Away,8,"{'hdp': 4.5, 'over': '1.44'}"
74839208,2026-09-22,WTA,Seoul,Bet365,Sofia Kenin,Alina Charaeva,double_faults,7.5,3.2500,,2026-09-21T20:01:54Z,2026-09-22T07:20:00Z,Team Total (Double Faults) Away,8,"{'hdp': 7.5, 'over': '3.25'}"
74839208,2026-09-22,WTA,Seoul,Bet365,Sofia Kenin,Alina Charaeva,double_faults,9.5,6.5000,,2026-09-21T20:01:54Z,2026-09-22T07:20:00Z,Team Total (Double Faults) Away,8,"{'hdp': 9.5, 'over': '6.50'}"
74839208,2026-09-22,WTA,Seoul,Bet365,Sofia Kenin,Alina Charaeva,double_faults,11.5,15.0000,,2026-09-21T20:01:54Z,2026-09-22T07:20:00Z,Team Total (Double Faults) Away,8,"{'hdp': 11.5, 'over': '15.00'}"
74839208,2026-09-22,WTA,Seoul,Bet365,Sofia Kenin,Alina Charaeva,double_faults,14.5,26.0000,,2026-09-21T20:01:54Z,2026-09-22T07:20:00Z,Team Total (Double Faults) Away,8,"{'hdp': 14.5, 'over': '26.00'}"
74839208,2026-09-22,WTA,Seoul,Bet365,Alina Charaeva,Sofia Kenin,match_aces,2.5,1.0200,,2026-09-21T20:01:54Z,2026-09-22T07:20:00Z,Totals (Aces),7,"{'hdp': 2.5, 'over': '1.02'}"
74839208,2026-09-22,WTA,Seoul,Bet365,Alina Charaeva,Sofia Kenin,match_aces,4.5,1.1100,,2026-09-21T20:01:54Z,2026-09-22T07:20:00Z,Totals (Aces),7,"{'hdp': 4.5, 'over': '1.11'}"
74839208,2026-09-22,WTA,Seoul,Bet365,Alina Charaeva,Sofia Kenin,match_aces,9.5,1.9000,,2026-09-21T20:01:54Z,2026-09-22T07:20:00Z,Totals (Aces),7,"{'hdp': 9.5, 'over': '1.90'}"
74839208,2026-09-22,WTA,Seoul,Bet365,Alina Charaeva,Sofia Kenin,match_aces,14.5,4.5000,,2026-09-21T20:01:54Z,2026-09-22T07:20:00Z,Totals (Aces),7,"{'hdp': 14.5, 'over': '4.50'}"
74839208,2026-09-22,WTA,Seoul,Bet365,Alina Charaeva,Sofia Kenin,match_aces,19.5,13.0000,,2026-09-21T20:01:54Z,2026-09-22T07:20:00Z,Totals (Aces),7,"{'hdp': 19.5, 'over': '13.00'}"
74839208,2026-09-22,WTA,Seoul,Bet365,Alina Charaeva,Sofia Kenin,match_aces,24.5,26.0000,,2026-09-21T20:01:54Z,2026-09-22T07:20:00Z,Totals (Aces),7,"{'hdp': 24.5, 'over': '26.00'}"
74839208,2026-09-22,WTA,Seoul,Bet365,Alina Charaeva,Sofia Kenin,aces,2.5,1.0800,,2026-09-21T20:01:54Z,2026-09-22T07:20:00Z,Team Total (Aces) Home,6,"{'hdp': 2.5, 'over': '1.08'}"
74839208,2026-09-22,WTA,Seoul,Bet365,Alina Charaeva,Sofia Kenin,aces,4.5,1.3000,,2026-09-21T20:01:54Z,2026-09-22T07:20:00Z,Team Total (Aces) Home,6,"{'hdp': 4.5, 'over': '1.30'}"
74839208,2026-09-22,WTA,Seoul,Bet365,Alina Charaeva,Sofia Kenin,aces,9.5,3.4000,,2026-09-21T20:01:54Z,2026-09-22T07:20:00Z,Team Total (Aces) Home,6,"{'hdp': 9.5, 'over': '3.40'}"
74839208,2026-09-22,WTA,Seoul,Bet365,Alina Charaeva,Sofia Kenin,aces,14.5,11.0000,,2026-09-21T20:01:54Z,2026-09-22T07:20:00Z,Team Total (Aces) Home,6,"{'hdp': 14.5, 'over': '11.00'}"
74839208,2026-09-22,WTA,Seoul,Bet365,Alina Charaeva,Sofia Kenin,aces,19.5,26.0000,,2026-09-21T20:01:54Z,2026-09-22T07:20:00Z,Team Total (Aces) Home,6,"{'hdp': 19.5, 'over': '26.00'}"
74839208,2026-09-22,WTA,Seoul,Bet365,Alina Charaeva,Sofia Kenin,double_faults,1.5,1.0100,,2026-09-21T20:01:54Z,2026-09-22T07:20:00Z,Team Total (Double Faults) Home,8,"{'hdp': 1.5, 'over': '1.01'}"
74839208,2026-09-22,WTA,Seoul,Bet365,Alina Charaeva,Sofia Kenin,double_faults,2.5,1.0600,,2026-09-21T20:01:54Z,2026-09-22T07:20:00Z,Team Total (Double Faults) Home,8,"{'hdp': 2.5, 'over': '1.06'}"
74839208,2026-09-22,WTA,Seoul,Bet365,Alina Charaeva,Sofia Kenin,double_faults,4.5,1.3300,,2026-09-21T20:01:54Z,2026-09-22T07:20:00Z,Team Total (Double Faults) Home,8,"{'hdp': 4.5, 'over': '1.33'}"
74839208,2026-09-22,WTA,Seoul,Bet365,Alina Charaeva,Sofia Kenin,double_faults,7.5,2.5000,,2026-09-21T20:01:54Z,2026-09-22T07:20:00Z,Team Total (Double Faults) Home,8,"{'hdp': 7.5, 'over': '2.50'}"
74839208,2026-09-22,WTA,Seoul,Bet365,Alina Charaeva,Sofia Kenin,double_faults,9.5,4.5000,,2026-09-21T20:01:54Z,2026-09-22T07:20:00Z,Team Total (Double Faults) Home,8,"{'hdp': 9.5, 'over': '4.50'}"
74839208,2026-09-22,WTA,Seoul,Bet365,Alina Charaeva,Sofia Kenin,double_faults,11.5,10.0000,,2026-09-21T20:01:54Z,2026-09-22T07:20:00Z,Team Total (Double Faults) Home,8,"{'hdp': 11.5, 'over': '10.00'}"
74839208,2026-09-22,WTA,Seoul,Bet365,Alina Charaeva,Sofia Kenin,double_faults,14.5,26.0000,,2026-09-21T20:01:54Z,2026-09-22T07:20:00Z,Team Total (Double Faults) Home,8,"{'hdp': 14.5, 'over': '26.00'}"
74839208,2026-09-22,WTA,Seoul,Bet365,Alina Charaeva,Sofia Kenin,match_double_faults,4.5,1.0100,,2026-09-21T20:01:54Z,2026-09-22T07:20:00Z,Totals (Double Faults),8,"{'hdp': 4.5, 'over': '1.01'}"
74839208,2026-09-22,WTA,Seoul,Bet365,Alina Charaeva,Sofia Kenin,match_double_faults,7.5,1.1200,,2026-09-21T20:01:54Z,2026-09-22T07:20:00Z,Totals (Double Faults),8,"{'hdp': 7.5, 'over': '1.12'}"
74839208,2026-09-22,WTA,Seoul,Bet365,Alina Charaeva,Sofia Kenin,match_double_faults,9.5,1.3000,,2026-09-21T20:01:54Z,2026-09-22T07:20:00Z,Totals (Double Faults),8,"{'hdp': 9.5, 'over': '1.30'}"
74839208,2026-09-22,WTA,Seoul,Bet365,Alina Charaeva,Sofia Kenin,match_double_faults,11.5,1.6600,,2026-09-21T20:01:54Z,2026-09-22T07:20:00Z,Totals (Double Faults),8,"{'hdp': 11.5, 'over': '1.66'}"
74839208,2026-09-22,WTA,Seoul,Bet365,Alina Charaeva,Sofia Kenin,match_double_faults,14.5,2.7500,,2026-09-21T20:01:54Z,2026-09-22T07:20:00Z,Totals (Double Faults),8,"{'hdp': 14.5, 'over': '2.75'}"
74839208,2026-09-22,WTA,Seoul,Bet365,Alina Charaeva,Sofia Kenin,match_double_faults,19.5,9.0000,,2026-09-21T20:01:54Z,2026-09-22T07:20:00Z,Totals (Double Faults),8,"{'hdp': 19.5, 'over': '9.00'}"
74839208,2026-09-22,WTA,Seoul,Bet365,Alina Charaeva,Sofia Kenin,match_double_faults,24.5,26.0000,,2026-09-21T20:01:54Z,2026-09-22T07:20:00Z,Totals (Double Faults),8,"{'hdp': 24.5, 'over': '26.00'}"
74874152,2026-09-22,WTA,Singapore,Bet365,Anna-Lena Friedsam,Barbora Krejcikova,aces,0.5,1.0200,,2026-09-21T20:01:54Z,2026-09-22T10:30:00Z,Team Total (Aces) Away,5,"{'hdp': 0.5, 'over': '1.02'}"
74874152,2026-09-22,WTA,Singapore,Bet365,Anna-Lena Friedsam,Barbora Krejcikova,aces,2.5,1.3000,,2026-09-21T20:01:54Z,2026-09-22T10:30:00Z,Team Total (Aces) Away,5,"{'hdp': 2.5, 'over': '1.30'}"
74874152,2026-09-22,WTA,Singapore,Bet365,Anna-Lena Friedsam,Barbora Krejcikova,aces,4.5,2.0000,,2026-09-21T20:01:54Z,2026-09-22T10:30:00Z,Team Total (Aces) Away,5,"{'hdp': 4.5, 'over': '2.00'}"
74874152,2026-09-22,WTA,Singapore,Bet365,Anna-Lena Friedsam,Barbora Krejcikova,aces,9.5,9.0000,,2026-09-21T20:01:54Z,2026-09-22T10:30:00Z,Team Total (Aces) Away,5,"{'hdp': 9.5, 'over': '9.00'}"
74874152,2026-09-22,WTA,Singapore,Bet365,Anna-Lena Friedsam,Barbora Krejcikova,aces,14.5,26.0000,,2026-09-21T20:01:54Z,2026-09-22T10:30:00Z,Team Total (Aces) Away,5,"{'hdp': 14.5, 'over': '26.00'}"
74874152,2026-09-22,WTA,Singapore,Bet365,Barbora Krejcikova,Anna-Lena Friedsam,aces,2.5,1.1200,,2026-09-21T20:01:54Z,2026-09-22T10:30:00Z,Team Total (Aces) Home,5,"{'hdp': 2.5, 'over': '1.12'}"
74874152,2026-09-22,WTA,Singapore,Bet365,Barbora Krejcikova,Anna-Lena Friedsam,aces,4.5,1.5300,,2026-09-21T20:01:54Z,2026-09-22T10:30:00Z,Team Total (Aces) Home,5,"{'hdp': 4.5, 'over': '1.53'}"
74874152,2026-09-22,WTA,Singapore,Bet365,Barbora Krejcikova,Anna-Lena Friedsam,aces,9.5,6.0000,,2026-09-21T20:01:54Z,2026-09-22T10:30:00Z,Team Total (Aces) Home,5,"{'hdp': 9.5, 'over': '6.00'}"
74874152,2026-09-22,WTA,Singapore,Bet365,Barbora Krejcikova,Anna-Lena Friedsam,aces,14.5,26.0000,,2026-09-21T20:01:54Z,2026-09-22T10:30:00Z,Team Total (Aces) Home,5,"{'hdp': 14.5, 'over': '26.00'}"
74874152,2026-09-22,WTA,Singapore,Bet365,Anna-Lena Friedsam,Barbora Krejcikova,double_faults,1.5,1.0200,,2026-09-21T20:01:54Z,2026-09-22T10:30:00Z,Team Total (Double Faults) Away,8,"{'hdp': 1.5, 'over': '1.02'}"
74874152,2026-09-22,WTA,Singapore,Bet365,Anna-Lena Friedsam,Barbora Krejcikova,double_faults,2.5,1.0800,,2026-09-21T20:01:54Z,2026-09-22T10:30:00Z,Team Total (Double Faults) Away,8,"{'hdp': 2.5, 'over': '1.08'}"
74874152,2026-09-22,WTA,Singapore,Bet365,Anna-Lena Friedsam,Barbora Krejcikova,double_faults,4.5,1.5000,,2026-09-21T20:01:54Z,2026-09-22T10:30:00Z,Team Total (Double Faults) Away,8,"{'hdp': 4.5, 'over': '1.50'}"
74874152,2026-09-22,WTA,Singapore,Bet365,Anna-Lena Friedsam,Barbora Krejcikova,double_faults,7.5,3.7500,,2026-09-21T20:01:54Z,2026-09-22T10:30:00Z,Team Total (Double Faults) Away,8,"{'hdp': 7.5, 'over': '3.75'}"
74874152,2026-09-22,WTA,Singapore,Bet365,Anna-Lena Friedsam,Barbora Krejcikova,double_faults,9.5,9.0000,,2026-09-21T20:01:54Z,2026-09-22T10:30:00Z,Team Total (Double Faults) Away,8,"{'hdp': 9.5, 'over': '9.00'}"
74874152,2026-09-22,WTA,Singapore,Bet365,Anna-Lena Friedsam,Barbora Krejcikova,double_faults,11.5,21.0000,,2026-09-21T20:01:54Z,2026-09-22T10:30:00Z,Team Total (Double Faults) Away,8,"{'hdp': 11.5, 'over': '21.00'}"
74874152,2026-09-22,WTA,Singapore,Bet365,Anna-Lena Friedsam,Barbora Krejcikova,double_faults,14.5,26.0000,,2026-09-21T20:01:54Z,2026-09-22T10:30:00Z,Team Total (Double Faults) Away,8,"{'hdp': 14.5, 'over': '26.00'}"
74874152,2026-09-22,WTA,Singapore,Bet365,Barbora Krejcikova,Anna-Lena Friedsam,double_faults,1.5,1.0400,,2026-09-21T20:01:54Z,2026-09-22T10:30:00Z,Team Total (Double Faults) Home,9,"{'hdp': 1.5, 'over': '1.04'}"
74874152,2026-09-22,WTA,Singapore,Bet365,Barbora Krejcikova,Anna-Lena Friedsam,double_faults,2.5,1.1200,,2026-09-21T20:01:54Z,2026-09-22T10:30:00Z,Team Total (Double Faults) Home,9,"{'hdp': 2.5, 'over': '1.12'}"
74874152,2026-09-22,WTA,Singapore,Bet365,Barbora Krejcikova,Anna-Lena Friedsam,double_faults,4.5,1.5000,,2026-09-21T20:01:54Z,2026-09-22T10:30:00Z,Team Total (Double Faults) Home,9,"{'hdp': 4.5, 'over': '1.50'}"
74874152,2026-09-22,WTA,Singapore,Bet365,Barbora Krejcikova,Anna-Lena Friedsam,double_faults,7.5,3.0000,,2026-09-21T20:01:54Z,2026-09-22T10:30:00Z,Team Total (Double Faults) Home,9,"{'hdp': 7.5, 'over': '3.00'}"
74874152,2026-09-22,WTA,Singapore,Bet365,Barbora Krejcikova,Anna-Lena Friedsam,double_faults,9.5,5.0000,,2026-09-21T20:01:54Z,2026-09-22T10:30:00Z,Team Total (Double Faults) Home,9,"{'hdp': 9.5, 'over': '5.00'}"
74874152,2026-09-22,WTA,Singapore,Bet365,Barbora Krejcikova,Anna-Lena Friedsam,double_faults,11.5,10.0000,,2026-09-21T20:01:54Z,2026-09-22T10:30:00Z,Team Total (Double Faults) Home,9,"{'hdp': 11.5, 'over': '10.00'}"
74874152,2026-09-22,WTA,Singapore,Bet365,Barbora Krejcikova,Anna-Lena Friedsam,double_faults,14.5,23.0000,,2026-09-21T20:01:54Z,2026-09-22T10:30:00Z,Team Total (Double Faults) Home,9,"{'hdp': 14.5, 'over': '23.00'}"
74874152,2026-09-22,WTA,Singapore,Bet365,Barbora Krejcikova,Anna-Lena Friedsam,double_faults,19.5,26.0000,,2026-09-21T20:01:54Z,2026-09-22T10:30:00Z,Team Total (Double Faults) Home,9,"{'hdp': 19.5, 'over': '26.00'}"
74874152,2026-09-22,WTA,Singapore,Bet365,Barbora Krejcikova,Anna-Lena Friedsam,match_aces,2.5,1.0100,,2026-09-21T20:01:54Z,2026-09-22T10:30:00Z,Totals (Aces),7,"{'hdp': 2.5, 'over': '1.01'}"
74874152,2026-09-22,WTA,Singapore,Bet365,Barbora Krejcikova,Anna-Lena Friedsam,match_aces,4.5,1.0800,,2026-09-21T20:01:54Z,2026-09-22T10:30:00Z,Totals (Aces),7,"{'hdp': 4.5, 'over': '1.08'}"
74874152,2026-09-22,WTA,Singapore,Bet365,Barbora Krejcikova,Anna-Lena Friedsam,match_aces,9.5,1.7200,,2026-09-21T20:01:54Z,2026-09-22T10:30:00Z,Totals (Aces),7,"{'hdp': 9.5, 'over': '1.72'}"
74874152,2026-09-22,WTA,Singapore,Bet365,Barbora Krejcikova,Anna-Lena Friedsam,match_aces,14.5,4.0000,,2026-09-21T20:01:54Z,2026-09-22T10:30:00Z,Totals (Aces),7,"{'hdp': 14.5, 'over': '4.00'}"
74874152,2026-09-22,WTA,Singapore,Bet365,Barbora Krejcikova,Anna-Lena Friedsam,match_aces,19.5,11.0000,,2026-09-21T20:01:54Z,2026-09-22T10:30:00Z,Totals (Aces),7,"{'hdp': 19.5, 'over': '11.00'}"
74874152,2026-09-22,WTA,Singapore,Bet365,Barbora Krejcikova,Anna-Lena Friedsam,match_aces,24.5,26.0000,,2026-09-21T20:01:54Z,2026-09-22T10:30:00Z,Totals (Aces),7,"{'hdp': 24.5, 'over': '26.00'}"
74874152,2026-09-22,WTA,Singapore,Bet365,Barbora Krejcikova,Anna-Lena Friedsam,match_double_faults,4.5,1.0200,,2026-09-21T20:01:54Z,2026-09-22T10:30:00Z,Totals (Double Faults),9,"{'hdp': 4.5, 'over': '1.02'}"
74874152,2026-09-22,WTA,Singapore,Bet365,Barbora Krejcikova,Anna-Lena Friedsam,match_double_faults,7.5,1.1800,,2026-09-21T20:01:54Z,2026-09-22T10:30:00Z,Totals (Double Faults),9,"{'hdp': 7.5, 'over': '1.18'}"
74874152,2026-09-22,WTA,Singapore,Bet365,Barbora Krejcikova,Anna-Lena Friedsam,match_double_faults,9.5,1.4400,,2026-09-21T20:01:54Z,2026-09-22T10:30:00Z,Totals (Double Faults),9,"{'hdp': 9.5, 'over': '1.44'}"
74874152,2026-09-22,WTA,Singapore,Bet365,Barbora Krejcikova,Anna-Lena Friedsam,match_double_faults,11.5,1.9000,,2026-09-21T20:01:54Z,2026-09-22T10:30:00Z,Totals (Double Faults),9,"{'hdp': 11.5, 'over': '1.90'}"
74874152,2026-09-22,WTA,Singapore,Bet365,Barbora Krejcikova,Anna-Lena Friedsam,match_double_faults,14.5,3.4000,,2026-09-21T20:01:54Z,2026-09-22T10:30:00Z,Totals (Double Faults),9,"{'hdp': 14.5, 'over': '3.40'}"
74874152,2026-09-22,WTA,Singapore,Bet365,Barbora Krejcikova,Anna-Lena Friedsam,match_double_faults,19.5,11.0000,,2026-09-21T20:01:54Z,2026-09-22T10:30:00Z,Totals (Double Faults),9,"{'hdp': 19.5, 'over': '11.00'}"
74874152,2026-09-22,WTA,Singapore,Bet365,Barbora Krejcikova,Anna-Lena Friedsam,match_double_faults,24.5,26.0000,,2026-09-21T20:01:54Z,2026-09-22T10:30:00Z,Totals (Double Faults),9,"{'hdp': 24.5, 'over': '26.00'}"
74753588,2026-09-23,WTA,Singapore,Bet365,Amanda Anisimova,Talia Gibson,double_faults,0.5,1.0300,,2026-09-21T20:01:54Z,2026-09-23T03:00:00Z,Team Total (Double Faults) Away,7,"{'hdp': 0.5, 'over': '1.03'}"
74753588,2026-09-23,WTA,Singapore,Bet365,Amanda Anisimova,Talia Gibson,double_faults,1.5,1.1600,,2026-09-21T20:01:54Z,2026-09-23T03:00:00Z,Team Total (Double Faults) Away,7,"{'hdp': 1.5, 'over': '1.16'}"
74753588,2026-09-23,WTA,Singapore,Bet365,Amanda Anisimova,Talia Gibson,double_faults,2.5,1.4400,,2026-09-21T20:01:54Z,2026-09-23T03:00:00Z,Team Total (Double Faults) Away,7,"{'hdp': 2.5, 'over': '1.44'}"
74753588,2026-09-23,WTA,Singapore,Bet365,Amanda Anisimova,Talia Gibson,double_faults,4.5,2.6200,,2026-09-21T20:01:54Z,2026-09-23T03:00:00Z,Team Total (Double Faults) Away,7,"{'hdp': 4.5, 'over': '2.62'}"
74753588,2026-09-23,WTA,Singapore,Bet365,Amanda Anisimova,Talia Gibson,double_faults,7.5,10.0000,,2026-09-21T20:01:54Z,2026-09-23T03:00:00Z,Team Total (Double Faults) Away,7,"{'hdp': 7.5, 'over': '10.00'}"
74753588,2026-09-23,WTA,Singapore,Bet365,Amanda Anisimova,Talia Gibson,double_faults,9.5,21.0000,,2026-09-21T20:01:54Z,2026-09-23T03:00:00Z,Team Total (Double Faults) Away,7,"{'hdp': 9.5, 'over': '21.00'}"
74753588,2026-09-23,WTA,Singapore,Bet365,Amanda Anisimova,Talia Gibson,double_faults,11.5,26.0000,,2026-09-21T20:01:54Z,2026-09-23T03:00:00Z,Team Total (Double Faults) Away,7,"{'hdp': 11.5, 'over': '26.00'}"
74753588,2026-09-23,WTA,Singapore,Bet365,Talia Gibson,Amanda Anisimova,match_double_faults,4.5,1.0700,,2026-09-21T20:01:54Z,2026-09-23T03:00:00Z,Totals (Double Faults),8,"{'hdp': 4.5, 'over': '1.07'}"
74753588,2026-09-23,WTA,Singapore,Bet365,Talia Gibson,Amanda Anisimova,match_double_faults,7.5,1.4400,,2026-09-21T20:01:54Z,2026-09-23T03:00:00Z,Totals (Double Faults),8,"{'hdp': 7.5, 'over': '1.44'}"
74753588,2026-09-23,WTA,Singapore,Bet365,Talia Gibson,Amanda Anisimova,match_double_faults,9.5,2.1000,,2026-09-21T20:01:54Z,2026-09-23T03:00:00Z,Totals (Double Faults),8,"{'hdp': 9.5, 'over': '2.10'}"
74753588,2026-09-23,WTA,Singapore,Bet365,Talia Gibson,Amanda Anisimova,match_double_faults,11.5,3.4000,,2026-09-21T20:01:54Z,2026-09-23T03:00:00Z,Totals (Double Faults),8,"{'hdp': 11.5, 'over': '3.40'}"
74753588,2026-09-23,WTA,Singapore,Bet365,Talia Gibson,Amanda Anisimova,match_double_faults,14.5,8.0000,,2026-09-21T20:01:54Z,2026-09-23T03:00:00Z,Totals (Double Faults),8,"{'hdp': 14.5, 'over': '8.00'}"
74753588,2026-09-23,WTA,Singapore,Bet365,Talia Gibson,Amanda Anisimova,match_double_faults,19.5,26.0000,,2026-09-21T20:01:54Z,2026-09-23T03:00:00Z,Totals (Double Faults),8,"{'hdp': 19.5, 'over': '26.00'}"
74753588,2026-09-23,WTA,Singapore,Bet365,Amanda Anisimova,Talia Gibson,aces,0.5,1.0100,,2026-09-21T20:01:54Z,2026-09-23T03:00:00Z,Team Total (Aces) Away,5,"{'hdp': 0.5, 'over': '1.01'}"
74753588,2026-09-23,WTA,Singapore,Bet365,Amanda Anisimova,Talia Gibson,aces,2.5,1.2000,,2026-09-21T20:01:54Z,2026-09-23T03:00:00Z,Team Total (Aces) Away,5,"{'hdp': 2.5, 'over': '1.20'}"
74753588,2026-09-23,WTA,Singapore,Bet365,Amanda Anisimova,Talia Gibson,aces,4.5,1.8000,,2026-09-21T20:01:54Z,2026-09-23T03:00:00Z,Team Total (Aces) Away,5,"{'hdp': 4.5, 'over': '1.80'}"
74753588,2026-09-23,WTA,Singapore,Bet365,Amanda Anisimova,Talia Gibson,aces,9.5,10.0000,,2026-09-21T20:01:54Z,2026-09-23T03:00:00Z,Team Total (Aces) Away,5,"{'hdp': 9.5, 'over': '10.00'}"
74753588,2026-09-23,WTA,Singapore,Bet365,Amanda Anisimova,Talia Gibson,aces,14.5,26.0000,,2026-09-21T20:01:54Z,2026-09-23T03:00:00Z,Team Total (Aces) Away,5,"{'hdp': 14.5, 'over': '26.00'}"
74753588,2026-09-23,WTA,Singapore,Bet365,Talia Gibson,Amanda Anisimova,double_faults,1.5,1.0300,,2026-09-21T20:01:54Z,2026-09-23T03:00:00Z,Team Total (Double Faults) Home,8,"{'hdp': 1.5, 'over': '1.03'}"
74753588,2026-09-23,WTA,Singapore,Bet365,Talia Gibson,Amanda Anisimova,double_faults,2.5,1.1100,,2026-09-21T20:01:54Z,2026-09-23T03:00:00Z,Team Total (Double Faults) Home,8,"{'hdp': 2.5, 'over': '1.11'}"
74753588,2026-09-23,WTA,Singapore,Bet365,Talia Gibson,Amanda Anisimova,double_faults,4.5,1.5700,,2026-09-21T20:01:54Z,2026-09-23T03:00:00Z,Team Total (Double Faults) Home,8,"{'hdp': 4.5, 'over': '1.57'}"
74753588,2026-09-23,WTA,Singapore,Bet365,Talia Gibson,Amanda Anisimova,double_faults,7.5,4.0000,,2026-09-21T20:01:54Z,2026-09-23T03:00:00Z,Team Total (Double Faults) Home,8,"{'hdp': 7.5, 'over': '4.00'}"
74753588,2026-09-23,WTA,Singapore,Bet365,Talia Gibson,Amanda Anisimova,double_faults,9.5,10.0000,,2026-09-21T20:01:54Z,2026-09-23T03:00:00Z,Team Total (Double Faults) Home,8,"{'hdp': 9.5, 'over': '10.00'}"
74753588,2026-09-23,WTA,Singapore,Bet365,Talia Gibson,Amanda Anisimova,double_faults,11.5,23.0000,,2026-09-21T20:01:54Z,2026-09-23T03:00:00Z,Team Total (Double Faults) Home,8,"{'hdp': 11.5, 'over': '23.00'}"
74753588,2026-09-23,WTA,Singapore,Bet365,Talia Gibson,Amanda Anisimova,double_faults,14.5,26.0000,,2026-09-21T20:01:54Z,2026-09-23T03:00:00Z,Team Total (Double Faults) Home,8,"{'hdp': 14.5, 'over': '26.00'}"
74753588,2026-09-23,WTA,Singapore,Bet365,Talia Gibson,Amanda Anisimova,match_aces,2.5,1.0200,,2026-09-21T20:01:54Z,2026-09-23T03:00:00Z,Totals (Aces),7,"{'hdp': 2.5, 'over': '1.02'}"
74753588,2026-09-23,WTA,Singapore,Bet365,Talia Gibson,Amanda Anisimova,match_aces,4.5,1.1000,,2026-09-21T20:01:54Z,2026-09-23T03:00:00Z,Totals (Aces),7,"{'hdp': 4.5, 'over': '1.10'}"
74753588,2026-09-23,WTA,Singapore,Bet365,Talia Gibson,Amanda Anisimova,match_aces,9.5,1.8300,,2026-09-21T20:01:54Z,2026-09-23T03:00:00Z,Totals (Aces),7,"{'hdp': 9.5, 'over': '1.83'}"
74753588,2026-09-23,WTA,Singapore,Bet365,Talia Gibson,Amanda Anisimova,match_aces,14.5,4.3300,,2026-09-21T20:01:54Z,2026-09-23T03:00:00Z,Totals (Aces),7,"{'hdp': 14.5, 'over': '4.33'}"
74753588,2026-09-23,WTA,Singapore,Bet365,Talia Gibson,Amanda Anisimova,match_aces,19.5,13.0000,,2026-09-21T20:01:54Z,2026-09-23T03:00:00Z,Totals (Aces),7,"{'hdp': 19.5, 'over': '13.00'}"
74753588,2026-09-23,WTA,Singapore,Bet365,Talia Gibson,Amanda Anisimova,match_aces,24.5,26.0000,,2026-09-21T20:01:54Z,2026-09-23T03:00:00Z,Totals (Aces),7,"{'hdp': 24.5, 'over': '26.00'}"
74753588,2026-09-23,WTA,Singapore,Bet365,Talia Gibson,Amanda Anisimova,aces,0.5,1.0200,,2026-09-21T20:01:54Z,2026-09-23T03:00:00Z,Team Total (Aces) Home,5,"{'hdp': 0.5, 'over': '1.02'}"
74753588,2026-09-23,WTA,Singapore,Bet365,Talia Gibson,Amanda Anisimova,aces,2.5,1.2500,,2026-09-21T20:01:54Z,2026-09-23T03:00:00Z,Team Total (Aces) Home,5,"{'hdp': 2.5, 'over': '1.25'}"
74753588,2026-09-23,WTA,Singapore,Bet365,Talia Gibson,Amanda Anisimova,aces,4.5,1.8300,,2026-09-21T20:01:54Z,2026-09-23T03:00:00Z,Team Total (Aces) Home,5,"{'hdp': 4.5, 'over': '1.83'}"
74753588,2026-09-23,WTA,Singapore,Bet365,Talia Gibson,Amanda Anisimova,aces,9.5,7.0000,,2026-09-21T20:01:54Z,2026-09-23T03:00:00Z,Team Total (Aces) Home,5,"{'hdp': 9.5, 'over': '7.00'}"
74753588,2026-09-23,WTA,Singapore,Bet365,Talia Gibson,Amanda Anisimova,aces,14.5,26.0000,,2026-09-21T20:01:54Z,2026-09-23T03:00:00Z,Team Total (Aces) Home,5,"{'hdp': 14.5, 'over': '26.00'}"
74753604,2026-09-23,WTA,Singapore,Bet365,Aliaksandra Sasnovich,Mirra Andreeva,double_faults,1.5,1.0600,,2026-09-21T20:01:54Z,2026-09-23T03:00:00Z,Team Total (Double Faults) Away,7,"{'hdp': 1.5, 'over': '1.06'}"
74753604,2026-09-23,WTA,Singapore,Bet365,Aliaksandra Sasnovich,Mirra Andreeva,double_faults,2.5,1.2000,,2026-09-21T20:01:54Z,2026-09-23T03:00:00Z,Team Total (Double Faults) Away,7,"{'hdp': 2.5, 'over': '1.20'}"
74753604,2026-09-23,WTA,Singapore,Bet365,Aliaksandra Sasnovich,Mirra Andreeva,double_faults,4.5,2.0000,,2026-09-21T20:01:54Z,2026-09-23T03:00:00Z,Team Total (Double Faults) Away,7,"{'hdp': 4.5, 'over': '2.00'}"
74753604,2026-09-23,WTA,Singapore,Bet365,Aliaksandra Sasnovich,Mirra Andreeva,double_faults,7.5,8.0000,,2026-09-21T20:01:54Z,2026-09-23T03:00:00Z,Team Total (Double Faults) Away,7,"{'hdp': 7.5, 'over': '8.00'}"
74753604,2026-09-23,WTA,Singapore,Bet365,Aliaksandra Sasnovich,Mirra Andreeva,double_faults,9.5,21.0000,,2026-09-21T20:01:54Z,2026-09-23T03:00:00Z,Team Total (Double Faults) Away,7,"{'hdp': 9.5, 'over': '21.00'}"
74753604,2026-09-23,WTA,Singapore,Bet365,Aliaksandra Sasnovich,Mirra Andreeva,double_faults,11.5,26.0000,,2026-09-21T20:01:54Z,2026-09-23T03:00:00Z,Team Total (Double Faults) Away,7,"{'hdp': 11.5, 'over': '26.00'}"
74753604,2026-09-23,WTA,Singapore,Bet365,Mirra Andreeva,Aliaksandra Sasnovich,double_faults,0.5,1.0200,,2026-09-21T20:01:54Z,2026-09-23T03:00:00Z,Team Total (Double Faults) Home,7,"{'hdp': 0.5, 'over': '1.02'}"
74753604,2026-09-23,WTA,Singapore,Bet365,Mirra Andreeva,Aliaksandra Sasnovich,double_faults,1.5,1.1200,,2026-09-21T20:01:54Z,2026-09-23T03:00:00Z,Team Total (Double Faults) Home,7,"{'hdp': 1.5, 'over': '1.12'}"
74753604,2026-09-23,WTA,Singapore,Bet365,Mirra Andreeva,Aliaksandra Sasnovich,double_faults,2.5,1.3300,,2026-09-21T20:01:54Z,2026-09-23T03:00:00Z,Team Total (Double Faults) Home,7,"{'hdp': 2.5, 'over': '1.33'}"
74753604,2026-09-23,WTA,Singapore,Bet365,Mirra Andreeva,Aliaksandra Sasnovich,double_faults,4.5,2.2000,,2026-09-21T20:01:54Z,2026-09-23T03:00:00Z,Team Total (Double Faults) Home,7,"{'hdp': 4.5, 'over': '2.20'}"
74753604,2026-09-23,WTA,Singapore,Bet365,Mirra Andreeva,Aliaksandra Sasnovich,double_faults,7.5,6.0000,,2026-09-21T20:01:54Z,2026-09-23T03:00:00Z,Team Total (Double Faults) Home,7,"{'hdp': 7.5, 'over': '6.00'}"
74753604,2026-09-23,WTA,Singapore,Bet365,Mirra Andreeva,Aliaksandra Sasnovich,double_faults,9.5,13.0000,,2026-09-21T20:01:54Z,2026-09-23T03:00:00Z,Team Total (Double Faults) Home,7,"{'hdp': 9.5, 'over': '13.00'}"
74753604,2026-09-23,WTA,Singapore,Bet365,Mirra Andreeva,Aliaksandra Sasnovich,double_faults,11.5,26.0000,,2026-09-21T20:01:54Z,2026-09-23T03:00:00Z,Team Total (Double Faults) Home,7,"{'hdp': 11.5, 'over': '26.00'}"
74753604,2026-09-23,WTA,Singapore,Bet365,Mirra Andreeva,Aliaksandra Sasnovich,match_double_faults,2.5,1.0100,,2026-09-21T20:01:54Z,2026-09-23T03:00:00Z,Totals (Double Faults),9,"{'hdp': 2.5, 'over': '1.01'}"
74753604,2026-09-23,WTA,Singapore,Bet365,Mirra Andreeva,Aliaksandra Sasnovich,match_double_faults,4.5,1.1000,,2026-09-21T20:01:54Z,2026-09-23T03:00:00Z,Totals (Double Faults),9,"{'hdp': 4.5, 'over': '1.10'}"
74753604,2026-09-23,WTA,Singapore,Bet365,Mirra Andreeva,Aliaksandra Sasnovich,match_double_faults,7.5,1.5700,,2026-09-21T20:01:54Z,2026-09-23T03:00:00Z,Totals (Double Faults),9,"{'hdp': 7.5, 'over': '1.57'}"
74753604,2026-09-23,WTA,Singapore,Bet365,Mirra Andreeva,Aliaksandra Sasnovich,match_double_faults,9.5,2.2500,,2026-09-21T20:01:54Z,2026-09-23T03:00:00Z,Totals (Double Faults),9,"{'hdp': 9.5, 'over': '2.25'}"
74753604,2026-09-23,WTA,Singapore,Bet365,Mirra Andreeva,Aliaksandra Sasnovich,match_double_faults,11.5,3.7500,,2026-09-21T20:01:54Z,2026-09-23T03:00:00Z,Totals (Double Faults),9,"{'hdp': 11.5, 'over': '3.75'}"
74753604,2026-09-23,WTA,Singapore,Bet365,Mirra Andreeva,Aliaksandra Sasnovich,match_double_faults,14.5,9.0000,,2026-09-21T20:01:54Z,2026-09-23T03:00:00Z,Totals (Double Faults),9,"{'hdp': 14.5, 'over': '9.00'}"
74753604,2026-09-23,WTA,Singapore,Bet365,Mirra Andreeva,Aliaksandra Sasnovich,match_double_faults,19.5,26.0000,,2026-09-21T20:01:54Z,2026-09-23T03:00:00Z,Totals (Double Faults),9,"{'hdp': 19.5, 'over': '26.00'}"
74753604,2026-09-23,WTA,Singapore,Bet365,Aliaksandra Sasnovich,Mirra Andreeva,aces,0.5,1.0600,,2026-09-21T20:01:54Z,2026-09-23T03:00:00Z,Team Total (Aces) Away,5,"{'hdp': 0.5, 'over': '1.06'}"
74753604,2026-09-23,WTA,Singapore,Bet365,Aliaksandra Sasnovich,Mirra Andreeva,aces,2.5,1.5700,,2026-09-21T20:01:54Z,2026-09-23T03:00:00Z,Team Total (Aces) Away,5,"{'hdp': 2.5, 'over': '1.57'}"
74753604,2026-09-23,WTA,Singapore,Bet365,Aliaksandra Sasnovich,Mirra Andreeva,aces,4.5,3.0000,,2026-09-21T20:01:54Z,2026-09-23T03:00:00Z,Team Total (Aces) Away,5,"{'hdp': 4.5, 'over': '3.00'}"
74753604,2026-09-23,WTA,Singapore,Bet365,Aliaksandra Sasnovich,Mirra Andreeva,aces,9.5,19.0000,,2026-09-21T20:01:54Z,2026-09-23T03:00:00Z,Team Total (Aces) Away,5,"{'hdp': 9.5, 'over': '19.00'}"
74753604,2026-09-23,WTA,Singapore,Bet365,Aliaksandra Sasnovich,Mirra Andreeva,aces,14.5,26.0000,,2026-09-21T20:01:54Z,2026-09-23T03:00:00Z,Team Total (Aces) Away,5,"{'hdp': 14.5, 'over': '26.00'}"
74753604,2026-09-23,WTA,Singapore,Bet365,Mirra Andreeva,Aliaksandra Sasnovich,aces,0.5,1.0500,,2026-09-21T20:01:54Z,2026-09-23T03:00:00Z,Team Total (Aces) Home,4,"{'hdp': 0.5, 'over': '1.05'}"
74753604,2026-09-23,WTA,Singapore,Bet365,Mirra Andreeva,Aliaksandra Sasnovich,aces,2.5,1.6600,,2026-09-21T20:01:54Z,2026-09-23T03:00:00Z,Team Total (Aces) Home,4,"{'hdp': 2.5, 'over': '1.66'}"
74753604,2026-09-23,WTA,Singapore,Bet365,Mirra Andreeva,Aliaksandra Sasnovich,aces,4.5,3.7500,,2026-09-21T20:01:54Z,2026-09-23T03:00:00Z,Team Total (Aces) Home,4,"{'hdp': 4.5, 'over': '3.75'}"
74753604,2026-09-23,WTA,Singapore,Bet365,Mirra Andreeva,Aliaksandra Sasnovich,aces,9.5,26.0000,,2026-09-21T20:01:54Z,2026-09-23T03:00:00Z,Team Total (Aces) Home,4,"{'hdp': 9.5, 'over': '26.00'}"
74753604,2026-09-23,WTA,Singapore,Bet365,Mirra Andreeva,Aliaksandra Sasnovich,match_aces,2.5,1.1000,,2026-09-21T20:01:54Z,2026-09-23T03:00:00Z,Totals (Aces),6,"{'hdp': 2.5, 'over': '1.10'}"
74753604,2026-09-23,WTA,Singapore,Bet365,Mirra Andreeva,Aliaksandra Sasnovich,match_aces,4.5,1.4000,,2026-09-21T20:01:54Z,2026-09-23T03:00:00Z,Totals (Aces),6,"{'hdp': 4.5, 'over': '1.40'}"
74753604,2026-09-23,WTA,Singapore,Bet365,Mirra Andreeva,Aliaksandra Sasnovich,match_aces,9.5,4.0000,,2026-09-21T20:01:54Z,2026-09-23T03:00:00Z,Totals (Aces),6,"{'hdp': 9.5, 'over': '4.00'}"
74753604,2026-09-23,WTA,Singapore,Bet365,Mirra Andreeva,Aliaksandra Sasnovich,match_aces,14.5,17.0000,,2026-09-21T20:01:54Z,2026-09-23T03:00:00Z,Totals (Aces),6,"{'hdp': 14.5, 'over': '17.00'}"
74753604,2026-09-23,WTA,Singapore,Bet365,Mirra Andreeva,Aliaksandra Sasnovich,match_aces,19.5,26.0000,,2026-09-21T20:01:54Z,2026-09-23T03:00:00Z,Totals (Aces),6,"{'hdp': 19.5, 'over': '26.00'}"
74857728,2026-09-22,WTA,Singapore,Bet365,Maria Sakkari,Linda Fruhvirtova,aces,0.5,1.0100,,2026-09-21T20:01:54Z,2026-09-22T11:40:00Z,Team Total (Aces) Home,5,"{'hdp': 0.5, 'over': '1.01'}"
74857728,2026-09-22,WTA,Singapore,Bet365,Maria Sakkari,Linda Fruhvirtova,aces,2.5,1.2200,,2026-09-21T20:01:54Z,2026-09-22T11:40:00Z,Team Total (Aces) Home,5,"{'hdp': 2.5, 'over': '1.22'}"
74857728,2026-09-22,WTA,Singapore,Bet365,Maria Sakkari,Linda Fruhvirtova,aces,4.5,1.8300,,2026-09-21T20:01:54Z,2026-09-22T11:40:00Z,Team Total (Aces) Home,5,"{'hdp': 4.5, 'over': '1.83'}"
74857728,2026-09-22,WTA,Singapore,Bet365,Maria Sakkari,Linda Fruhvirtova,aces,9.5,11.0000,,2026-09-21T20:01:54Z,2026-09-22T11:40:00Z,Team Total (Aces) Home,5,"{'hdp': 9.5, 'over': '11.00'}"
74857728,2026-09-22,WTA,Singapore,Bet365,Maria Sakkari,Linda Fruhvirtova,aces,14.5,26.0000,,2026-09-21T20:01:54Z,2026-09-22T11:40:00Z,Team Total (Aces) Home,5,"{'hdp': 14.5, 'over': '26.00'}"
74857728,2026-09-22,WTA,Singapore,Bet365,Linda Fruhvirtova,Maria Sakkari,double_faults,4.5,1.0700,,2026-09-21T20:01:54Z,2026-09-22T11:40:00Z,Team Total (Double Faults) Away,8,"{'hdp': 4.5, 'over': '1.07'}"
74857728,2026-09-22,WTA,Singapore,Bet365,Linda Fruhvirtova,Maria Sakkari,double_faults,7.5,1.4400,,2026-09-21T20:01:54Z,2026-09-22T11:40:00Z,Team Total (Double Faults) Away,8,"{'hdp': 7.5, 'over': '1.44'}"
74857728,2026-09-22,WTA,Singapore,Bet365,Linda Fruhvirtova,Maria Sakkari,double_faults,9.5,2.1000,,2026-09-21T20:01:54Z,2026-09-22T11:40:00Z,Team Total (Double Faults) Away,8,"{'hdp': 9.5, 'over': '2.10'}"
74857728,2026-09-22,WTA,Singapore,Bet365,Linda Fruhvirtova,Maria Sakkari,double_faults,11.5,3.4000,,2026-09-21T20:01:54Z,2026-09-22T11:40:00Z,Team Total (Double Faults) Away,8,"{'hdp': 11.5, 'over': '3.40'}"
74857728,2026-09-22,WTA,Singapore,Bet365,Linda Fruhvirtova,Maria Sakkari,double_faults,14.5,8.0000,,2026-09-21T20:01:54Z,2026-09-22T11:40:00Z,Team Total (Double Faults) Away,8,"{'hdp': 14.5, 'over': '8.00'}"
74857728,2026-09-22,WTA,Singapore,Bet365,Linda Fruhvirtova,Maria Sakkari,double_faults,19.5,26.0000,,2026-09-21T20:01:54Z,2026-09-22T11:40:00Z,Team Total (Double Faults) Away,8,"{'hdp': 19.5, 'over': '26.00'}"
74857728,2026-09-22,WTA,Singapore,Bet365,Maria Sakkari,Linda Fruhvirtova,double_faults,0.5,1.0700,,2026-09-21T20:01:54Z,2026-09-22T11:40:00Z,Team Total (Double Faults) Home,6,"{'hdp': 0.5, 'over': '1.07'}"
74857728,2026-09-22,WTA,Singapore,Bet365,Maria Sakkari,Linda Fruhvirtova,double_faults,1.5,1.3300,,2026-09-21T20:01:54Z,2026-09-22T11:40:00Z,Team Total (Double Faults) Home,6,"{'hdp': 1.5, 'over': '1.33'}"
74857728,2026-09-22,WTA,Singapore,Bet365,Maria Sakkari,Linda Fruhvirtova,double_faults,2.5,1.8300,,2026-09-21T20:01:54Z,2026-09-22T11:40:00Z,Team Total (Double Faults) Home,6,"{'hdp': 2.5, 'over': '1.83'}"
74857728,2026-09-22,WTA,Singapore,Bet365,Maria Sakkari,Linda Fruhvirtova,double_faults,4.5,4.5000,,2026-09-21T20:01:54Z,2026-09-22T11:40:00Z,Team Total (Double Faults) Home,6,"{'hdp': 4.5, 'over': '4.50'}"
74857728,2026-09-22,WTA,Singapore,Bet365,Maria Sakkari,Linda Fruhvirtova,double_faults,7.5,23.0000,,2026-09-21T20:01:54Z,2026-09-22T11:40:00Z,Team Total (Double Faults) Home,6,"{'hdp': 7.5, 'over': '23.00'}"
74857728,2026-09-22,WTA,Singapore,Bet365,Maria Sakkari,Linda Fruhvirtova,double_faults,9.5,26.0000,,2026-09-21T20:01:54Z,2026-09-22T11:40:00Z,Team Total (Double Faults) Home,6,"{'hdp': 9.5, 'over': '26.00'}"
74857728,2026-09-22,WTA,Singapore,Bet365,Maria Sakkari,Linda Fruhvirtova,match_double_faults,4.5,1.0100,,2026-09-21T20:01:54Z,2026-09-22T11:40:00Z,Totals (Double Faults),9,"{'hdp': 4.5, 'over': '1.01'}"
74857728,2026-09-22,WTA,Singapore,Bet365,Maria Sakkari,Linda Fruhvirtova,match_double_faults,7.5,1.1400,,2026-09-21T20:01:54Z,2026-09-22T11:40:00Z,Totals (Double Faults),9,"{'hdp': 7.5, 'over': '1.14'}"
74857728,2026-09-22,WTA,Singapore,Bet365,Maria Sakkari,Linda Fruhvirtova,match_double_faults,9.5,1.3600,,2026-09-21T20:01:54Z,2026-09-22T11:40:00Z,Totals (Double Faults),9,"{'hdp': 9.5, 'over': '1.36'}"
74857728,2026-09-22,WTA,Singapore,Bet365,Maria Sakkari,Linda Fruhvirtova,match_double_faults,11.5,1.8000,,2026-09-21T20:01:54Z,2026-09-22T11:40:00Z,Totals (Double Faults),9,"{'hdp': 11.5, 'over': '1.80'}"
74857728,2026-09-22,WTA,Singapore,Bet365,Maria Sakkari,Linda Fruhvirtova,match_double_faults,14.5,3.2500,,2026-09-21T20:01:54Z,2026-09-22T11:40:00Z,Totals (Double Faults),9,"{'hdp': 14.5, 'over': '3.25'}"
74857728,2026-09-22,WTA,Singapore,Bet365,Maria Sakkari,Linda Fruhvirtova,match_double_faults,19.5,11.0000,,2026-09-21T20:01:54Z,2026-09-22T11:40:00Z,Totals (Double Faults),9,"{'hdp': 19.5, 'over': '11.00'}"
74857728,2026-09-22,WTA,Singapore,Bet365,Maria Sakkari,Linda Fruhvirtova,match_double_faults,24.5,26.0000,,2026-09-21T20:01:54Z,2026-09-22T11:40:00Z,Totals (Double Faults),9,"{'hdp': 24.5, 'over': '26.00'}"
74857728,2026-09-22,WTA,Singapore,Bet365,Linda Fruhvirtova,Maria Sakkari,aces,0.5,1.0400,,2026-09-21T20:01:54Z,2026-09-22T11:40:00Z,Team Total (Aces) Away,5,"{'hdp': 0.5, 'over': '1.04'}"
74857728,2026-09-22,WTA,Singapore,Bet365,Linda Fruhvirtova,Maria Sakkari,aces,2.5,1.4400,,2026-09-21T20:01:54Z,2026-09-22T11:40:00Z,Team Total (Aces) Away,5,"{'hdp': 2.5, 'over': '1.44'}"
74857728,2026-09-22,WTA,Singapore,Bet365,Linda Fruhvirtova,Maria Sakkari,aces,4.5,2.5000,,2026-09-21T20:01:54Z,2026-09-22T11:40:00Z,Team Total (Aces) Away,5,"{'hdp': 4.5, 'over': '2.50'}"
74857728,2026-09-22,WTA,Singapore,Bet365,Linda Fruhvirtova,Maria Sakkari,aces,9.5,15.0000,,2026-09-21T20:01:54Z,2026-09-22T11:40:00Z,Team Total (Aces) Away,5,"{'hdp': 9.5, 'over': '15.00'}"
74857728,2026-09-22,WTA,Singapore,Bet365,Linda Fruhvirtova,Maria Sakkari,aces,14.5,26.0000,,2026-09-21T20:01:54Z,2026-09-22T11:40:00Z,Team Total (Aces) Away,5,"{'hdp': 14.5, 'over': '26.00'}"
74857728,2026-09-22,WTA,Singapore,Bet365,Maria Sakkari,Linda Fruhvirtova,match_aces,2.5,1.0300,,2026-09-21T20:01:54Z,2026-09-22T11:40:00Z,Totals (Aces),7,"{'hdp': 2.5, 'over': '1.03'}"
74857728,2026-09-22,WTA,Singapore,Bet365,Maria Sakkari,Linda Fruhvirtova,match_aces,4.5,1.1600,,2026-09-21T20:01:54Z,2026-09-22T11:40:00Z,Totals (Aces),7,"{'hdp': 4.5, 'over': '1.16'}"
74857728,2026-09-22,WTA,Singapore,Bet365,Maria Sakkari,Linda Fruhvirtova,match_aces,9.5,2.2500,,2026-09-21T20:01:54Z,2026-09-22T11:40:00Z,Totals (Aces),7,"{'hdp': 9.5, 'over': '2.25'}"
74857728,2026-09-22,WTA,Singapore,Bet365,Maria Sakkari,Linda Fruhvirtova,match_aces,14.5,7.0000,,2026-09-21T20:01:54Z,2026-09-22T11:40:00Z,Totals (Aces),7,"{'hdp': 14.5, 'over': '7.00'}"
74857728,2026-09-22,WTA,Singapore,Bet365,Maria Sakkari,Linda Fruhvirtova,match_aces,19.5,21.0000,,2026-09-21T20:01:54Z,2026-09-22T11:40:00Z,Totals (Aces),7,"{'hdp': 19.5, 'over': '21.00'}"
74857728,2026-09-22,WTA,Singapore,Bet365,Maria Sakkari,Linda Fruhvirtova,match_aces,24.5,26.0000,,2026-09-21T20:01:54Z,2026-09-22T11:40:00Z,Totals (Aces),7,"{'hdp': 24.5, 'over': '26.00'}"
74753654,2026-09-23,WTA,Seoul,Bet365,Katie Volynets,Kamilla Rakhimova,aces,0.5,1.0600,,2026-09-21T20:01:54Z,2026-09-23T03:00:00Z,Team Total (Aces) Away,4,"{'hdp': 0.5, 'over': '1.06'}"
74753654,2026-09-23,WTA,Seoul,Bet365,Katie Volynets,Kamilla Rakhimova,aces,2.5,1.6600,,2026-09-21T20:01:54Z,2026-09-23T03:00:00Z,Team Total (Aces) Away,4,"{'hdp': 2.5, 'over': '1.66'}"
74753654,2026-09-23,WTA,Seoul,Bet365,Katie Volynets,Kamilla Rakhimova,aces,4.5,3.7500,,2026-09-21T20:01:54Z,2026-09-23T03:00:00Z,Team Total (Aces) Away,4,"{'hdp': 4.5, 'over': '3.75'}"
74753654,2026-09-23,WTA,Seoul,Bet365,Katie Volynets,Kamilla Rakhimova,aces,9.5,26.0000,,2026-09-21T20:01:54Z,2026-09-23T03:00:00Z,Team Total (Aces) Away,4,"{'hdp': 9.5, 'over': '26.00'}"
74753654,2026-09-23,WTA,Seoul,Bet365,Kamilla Rakhimova,Katie Volynets,aces,0.5,1.1000,,2026-09-21T20:01:54Z,2026-09-23T03:00:00Z,Team Total (Aces) Home,4,"{'hdp': 0.5, 'over': '1.10'}"
74753654,2026-09-23,WTA,Seoul,Bet365,Kamilla Rakhimova,Katie Volynets,aces,2.5,2.0000,,2026-09-21T20:01:54Z,2026-09-23T03:00:00Z,Team Total (Aces) Home,4,"{'hdp': 2.5, 'over': '2.00'}"
74753654,2026-09-23,WTA,Seoul,Bet365,Kamilla Rakhimova,Katie Volynets,aces,4.5,5.5000,,2026-09-21T20:01:54Z,2026-09-23T03:00:00Z,Team Total (Aces) Home,4,"{'hdp': 4.5, 'over': '5.50'}"
74753654,2026-09-23,WTA,Seoul,Bet365,Kamilla Rakhimova,Katie Volynets,aces,9.5,26.0000,,2026-09-21T20:01:54Z,2026-09-23T03:00:00Z,Team Total (Aces) Home,4,"{'hdp': 9.5, 'over': '26.00'}"
74753654,2026-09-23,WTA,Seoul,Bet365,Kamilla Rakhimova,Katie Volynets,match_aces,2.5,1.1200,,2026-09-21T20:01:54Z,2026-09-23T03:00:00Z,Totals (Aces),5,"{'hdp': 2.5, 'over': '1.12'}"
74753654,2026-09-23,WTA,Seoul,Bet365,Kamilla Rakhimova,Katie Volynets,match_aces,4.5,1.5300,,2026-09-21T20:01:54Z,2026-09-23T03:00:00Z,Totals (Aces),5,"{'hdp': 4.5, 'over': '1.53'}"
74753654,2026-09-23,WTA,Seoul,Bet365,Kamilla Rakhimova,Katie Volynets,match_aces,9.5,6.5000,,2026-09-21T20:01:54Z,2026-09-23T03:00:00Z,Totals (Aces),5,"{'hdp': 9.5, 'over': '6.50'}"
74753654,2026-09-23,WTA,Seoul,Bet365,Kamilla Rakhimova,Katie Volynets,match_aces,14.5,26.0000,,2026-09-21T20:01:54Z,2026-09-23T03:00:00Z,Totals (Aces),5,"{'hdp': 14.5, 'over': '26.00'}"
74921782,2026-09-23,ATP,Hangzhou,Bet365,Sho Shimabukuro,Hugo Gaston,aces,2.5,1.0800,,2026-09-21T20:01:54Z,2026-09-23T04:00:00Z,Team Total (Aces) Home,6,"{'hdp': 2.5, 'over': '1.08'}"
74921782,2026-09-23,ATP,Hangzhou,Bet365,Sho Shimabukuro,Hugo Gaston,aces,4.5,1.3300,,2026-09-21T20:01:54Z,2026-09-23T04:00:00Z,Team Total (Aces) Home,6,"{'hdp': 4.5, 'over': '1.33'}"
74921782,2026-09-23,ATP,Hangzhou,Bet365,Sho Shimabukuro,Hugo Gaston,aces,9.5,3.4000,,2026-09-21T20:01:54Z,2026-09-23T04:00:00Z,Team Total (Aces) Home,6,"{'hdp': 9.5, 'over': '3.40'}"
74921782,2026-09-23,ATP,Hangzhou,Bet365,Sho Shimabukuro,Hugo Gaston,aces,14.5,13.0000,,2026-09-21T20:01:54Z,2026-09-23T04:00:00Z,Team Total (Aces) Home,6,"{'hdp': 14.5, 'over': '13.00'}"
74921782,2026-09-23,ATP,Hangzhou,Bet365,Sho Shimabukuro,Hugo Gaston,aces,19.5,26.0000,,2026-09-21T20:01:54Z,2026-09-23T04:00:00Z,Team Total (Aces) Home,6,"{'hdp': 19.5, 'over': '26.00'}"
74921782,2026-09-23,ATP,Hangzhou,Bet365,Sho Shimabukuro,Hugo Gaston,match_aces,4.5,1.0400,,2026-09-21T20:01:54Z,2026-09-23T04:00:00Z,Totals (Aces),8,"{'hdp': 4.5, 'over': '1.04'}"
74921782,2026-09-23,ATP,Hangzhou,Bet365,Sho Shimabukuro,Hugo Gaston,match_aces,9.5,1.4400,,2026-09-21T20:01:54Z,2026-09-23T04:00:00Z,Totals (Aces),8,"{'hdp': 9.5, 'over': '1.44'}"
74921782,2026-09-23,ATP,Hangzhou,Bet365,Sho Shimabukuro,Hugo Gaston,match_aces,14.5,2.6200,,2026-09-21T20:01:54Z,2026-09-23T04:00:00Z,Totals (Aces),8,"{'hdp': 14.5, 'over': '2.62'}"
74921782,2026-09-23,ATP,Hangzhou,Bet365,Sho Shimabukuro,Hugo Gaston,match_aces,19.5,6.0000,,2026-09-21T20:01:54Z,2026-09-23T04:00:00Z,Totals (Aces),8,"{'hdp': 19.5, 'over': '6.00'}"
74921782,2026-09-23,ATP,Hangzhou,Bet365,Sho Shimabukuro,Hugo Gaston,match_aces,24.5,15.0000,,2026-09-21T20:01:54Z,2026-09-23T04:00:00Z,Totals (Aces),8,"{'hdp': 24.5, 'over': '15.00'}"
74921782,2026-09-23,ATP,Hangzhou,Bet365,Sho Shimabukuro,Hugo Gaston,match_aces,29.5,26.0000,,2026-09-21T20:01:54Z,2026-09-23T04:00:00Z,Totals (Aces),8,"{'hdp': 29.5, 'over': '26.00'}"
74921782,2026-09-23,ATP,Hangzhou,Bet365,Sho Shimabukuro,Hugo Gaston,match_double_faults,2.5,1.0300,,2026-09-21T20:01:54Z,2026-09-23T04:00:00Z,Totals (Double Faults),8,"{'hdp': 2.5, 'over': '1.03'}"
74921782,2026-09-23,ATP,Hangzhou,Bet365,Sho Shimabukuro,Hugo Gaston,match_double_faults,4.5,1.2000,,2026-09-21T20:01:54Z,2026-09-23T04:00:00Z,Totals (Double Faults),8,"{'hdp': 4.5, 'over': '1.20'}"
74921782,2026-09-23,ATP,Hangzhou,Bet365,Sho Shimabukuro,Hugo Gaston,match_double_faults,7.5,2.2000,,2026-09-21T20:01:54Z,2026-09-23T04:00:00Z,Totals (Double Faults),8,"{'hdp': 7.5, 'over': '2.20'}"
74921782,2026-09-23,ATP,Hangzhou,Bet365,Sho Shimabukuro,Hugo Gaston,match_double_faults,9.5,4.0000,,2026-09-21T20:01:54Z,2026-09-23T04:00:00Z,Totals (Double Faults),8,"{'hdp': 9.5, 'over': '4.00'}"
74921782,2026-09-23,ATP,Hangzhou,Bet365,Sho Shimabukuro,Hugo Gaston,match_double_faults,11.5,8.0000,,2026-09-21T20:01:54Z,2026-09-23T04:00:00Z,Totals (Double Faults),8,"{'hdp': 11.5, 'over': '8.00'}"
74921782,2026-09-23,ATP,Hangzhou,Bet365,Sho Shimabukuro,Hugo Gaston,match_double_faults,14.5,26.0000,,2026-09-21T20:01:54Z,2026-09-23T04:00:00Z,Totals (Double Faults),8,"{'hdp': 14.5, 'over': '26.00'}"
74921782,2026-09-23,ATP,Hangzhou,Bet365,Hugo Gaston,Sho Shimabukuro,aces,0.5,1.0100,,2026-09-21T20:01:54Z,2026-09-23T04:00:00Z,Team Total (Aces) Away,5,"{'hdp': 0.5, 'over': '1.01'}"
74921782,2026-09-23,ATP,Hangzhou,Bet365,Hugo Gaston,Sho Shimabukuro,aces,2.5,1.2000,,2026-09-21T20:01:54Z,2026-09-23T04:00:00Z,Team Total (Aces) Away,5,"{'hdp': 2.5, 'over': '1.20'}"
74921782,2026-09-23,ATP,Hangzhou,Bet365,Hugo Gaston,Sho Shimabukuro,aces,4.5,1.7200,,2026-09-21T20:01:54Z,2026-09-23T04:00:00Z,Team Total (Aces) Away,5,"{'hdp': 4.5, 'over': '1.72'}"
74921782,2026-09-23,ATP,Hangzhou,Bet365,Hugo Gaston,Sho Shimabukuro,aces,9.5,8.0000,,2026-09-21T20:01:54Z,2026-09-23T04:00:00Z,Team Total (Aces) Away,5,"{'hdp': 9.5, 'over': '8.00'}"
74921782,2026-09-23,ATP,Hangzhou,Bet365,Hugo Gaston,Sho Shimabukuro,aces,14.5,26.0000,,2026-09-21T20:01:54Z,2026-09-23T04:00:00Z,Team Total (Aces) Away,5,"{'hdp': 14.5, 'over': '26.00'}"
74921782,2026-09-23,ATP,Hangzhou,Bet365,Hugo Gaston,Sho Shimabukuro,double_faults,0.5,1.0500,,2026-09-21T20:01:54Z,2026-09-23T04:00:00Z,Team Total (Double Faults) Away,5,"{'hdp': 0.5, 'over': '1.05'}"
74921782,2026-09-23,ATP,Hangzhou,Bet365,Hugo Gaston,Sho Shimabukuro,double_faults,1.5,1.2800,,2026-09-21T20:01:54Z,2026-09-23T04:00:00Z,Team Total (Double Faults) Away,5,"{'hdp': 1.5, 'over': '1.28'}"
74921782,2026-09-23,ATP,Hangzhou,Bet365,Hugo Gaston,Sho Shimabukuro,double_faults,2.5,1.7200,,2026-09-21T20:01:54Z,2026-09-23T04:00:00Z,Team Total (Double Faults) Away,5,"{'hdp': 2.5, 'over': '1.72'}"
74921782,2026-09-23,ATP,Hangzhou,Bet365,Hugo Gaston,Sho Shimabukuro,double_faults,4.5,4.5000,,2026-09-21T20:01:54Z,2026-09-23T04:00:00Z,Team Total (Double Faults) Away,5,"{'hdp': 4.5, 'over': '4.50'}"
74921782,2026-09-23,ATP,Hangzhou,Bet365,Hugo Gaston,Sho Shimabukuro,double_faults,7.5,26.0000,,2026-09-21T20:01:54Z,2026-09-23T04:00:00Z,Team Total (Double Faults) Away,5,"{'hdp': 7.5, 'over': '26.00'}"
74921782,2026-09-23,ATP,Hangzhou,Bet365,Sho Shimabukuro,Hugo Gaston,double_faults,0.5,1.0100,,2026-09-21T20:01:54Z,2026-09-23T04:00:00Z,Team Total (Double Faults) Home,7,"{'hdp': 0.5, 'over': '1.01'}"
74921782,2026-09-23,ATP,Hangzhou,Bet365,Sho Shimabukuro,Hugo Gaston,double_faults,1.5,1.0800,,2026-09-21T20:01:54Z,2026-09-23T04:00:00Z,Team Total (Double Faults) Home,7,"{'hdp': 1.5, 'over': '1.08'}"
74921782,2026-09-23,ATP,Hangzhou,Bet365,Sho Shimabukuro,Hugo Gaston,double_faults,2.5,1.2800,,2026-09-21T20:01:54Z,2026-09-23T04:00:00Z,Team Total (Double Faults) Home,7,"{'hdp': 2.5, 'over': '1.28'}"
74921782,2026-09-23,ATP,Hangzhou,Bet365,Sho Shimabukuro,Hugo Gaston,double_faults,4.5,2.2000,,2026-09-21T20:01:54Z,2026-09-23T04:00:00Z,Team Total (Double Faults) Home,7,"{'hdp': 4.5, 'over': '2.20'}"
74921782,2026-09-23,ATP,Hangzhou,Bet365,Sho Shimabukuro,Hugo Gaston,double_faults,7.5,8.0000,,2026-09-21T20:01:54Z,2026-09-23T04:00:00Z,Team Total (Double Faults) Home,7,"{'hdp': 7.5, 'over': '8.00'}"
74921782,2026-09-23,ATP,Hangzhou,Bet365,Sho Shimabukuro,Hugo Gaston,double_faults,9.5,21.0000,,2026-09-21T20:01:54Z,2026-09-23T04:00:00Z,Team Total (Double Faults) Home,7,"{'hdp': 9.5, 'over': '21.00'}"
74921782,2026-09-23,ATP,Hangzhou,Bet365,Sho Shimabukuro,Hugo Gaston,double_faults,11.5,26.0000,,2026-09-21T20:01:54Z,2026-09-23T04:00:00Z,Team Total (Double Faults) Home,7,"{'hdp': 11.5, 'over': '26.00'}"
74921784,2026-09-23,ATP,Hangzhou,Bet365,Terence Atmane,Jaime Faria,double_faults,0.5,1.0100,,2026-09-21T20:01:54Z,2026-09-23T04:00:00Z,Team Total (Double Faults) Away,7,"{'hdp': 0.5, 'over': '1.01'}"
74921784,2026-09-23,ATP,Hangzhou,Bet365,Terence Atmane,Jaime Faria,double_faults,1.5,1.1000,,2026-09-21T20:01:54Z,2026-09-23T04:00:00Z,Team Total (Double Faults) Away,7,"{'hdp': 1.5, 'over': '1.10'}"
74921784,2026-09-23,ATP,Hangzhou,Bet365,Terence Atmane,Jaime Faria,double_faults,2.5,1.2800,,2026-09-21T20:01:54Z,2026-09-23T04:00:00Z,Team Total (Double Faults) Away,7,"{'hdp': 2.5, 'over': '1.28'}"
74921784,2026-09-23,ATP,Hangzhou,Bet365,Terence Atmane,Jaime Faria,double_faults,4.5,2.2500,,2026-09-21T20:01:54Z,2026-09-23T04:00:00Z,Team Total (Double Faults) Away,7,"{'hdp': 4.5, 'over': '2.25'}"
74921784,2026-09-23,ATP,Hangzhou,Bet365,Terence Atmane,Jaime Faria,double_faults,7.5,8.0000,,2026-09-21T20:01:54Z,2026-09-23T04:00:00Z,Team Total (Double Faults) Away,7,"{'hdp': 7.5, 'over': '8.00'}"
74921784,2026-09-23,ATP,Hangzhou,Bet365,Terence Atmane,Jaime Faria,double_faults,9.5,21.0000,,2026-09-21T20:01:54Z,2026-09-23T04:00:00Z,Team Total (Double Faults) Away,7,"{'hdp': 9.5, 'over': '21.00'}"
74921784,2026-09-23,ATP,Hangzhou,Bet365,Terence Atmane,Jaime Faria,double_faults,11.5,26.0000,,2026-09-21T20:01:54Z,2026-09-23T04:00:00Z,Team Total (Double Faults) Away,7,"{'hdp': 11.5, 'over': '26.00'}"
74921784,2026-09-23,ATP,Hangzhou,Bet365,Jaime Faria,Terence Atmane,aces,2.5,1.0400,,2026-09-21T20:01:54Z,2026-09-23T04:00:00Z,Team Total (Aces) Home,7,"{'hdp': 2.5, 'over': '1.04'}"
74921784,2026-09-23,ATP,Hangzhou,Bet365,Jaime Faria,Terence Atmane,aces,4.5,1.1800,,2026-09-21T20:01:54Z,2026-09-23T04:00:00Z,Team Total (Aces) Home,7,"{'hdp': 4.5, 'over': '1.18'}"
74921784,2026-09-23,ATP,Hangzhou,Bet365,Jaime Faria,Terence Atmane,aces,9.5,2.2000,,2026-09-21T20:01:54Z,2026-09-23T04:00:00Z,Team Total (Aces) Home,7,"{'hdp': 9.5, 'over': '2.20'}"
74921784,2026-09-23,ATP,Hangzhou,Bet365,Jaime Faria,Terence Atmane,aces,14.5,5.5000,,2026-09-21T20:01:54Z,2026-09-23T04:00:00Z,Team Total (Aces) Home,7,"{'hdp': 14.5, 'over': '5.50'}"
74921784,2026-09-23,ATP,Hangzhou,Bet365,Jaime Faria,Terence Atmane,aces,19.5,15.0000,,2026-09-21T20:01:54Z,2026-09-23T04:00:00Z,Team Total (Aces) Home,7,"{'hdp': 19.5, 'over': '15.00'}"
74921784,2026-09-23,ATP,Hangzhou,Bet365,Jaime Faria,Terence Atmane,aces,24.5,26.0000,,2026-09-21T20:01:54Z,2026-09-23T04:00:00Z,Team Total (Aces) Home,7,"{'hdp': 24.5, 'over': '26.00'}"
74921784,2026-09-23,ATP,Hangzhou,Bet365,Jaime Faria,Terence Atmane,double_faults,2.5,1.0300,,2026-09-21T20:01:54Z,2026-09-23T04:00:00Z,Team Total (Double Faults) Home,9,"{'hdp': 2.5, 'over': '1.03'}"
74921784,2026-09-23,ATP,Hangzhou,Bet365,Jaime Faria,Terence Atmane,double_faults,4.5,1.1800,,2026-09-21T20:01:54Z,2026-09-23T04:00:00Z,Team Total (Double Faults) Home,9,"{'hdp': 4.5, 'over': '1.18'}"
74921784,2026-09-23,ATP,Hangzhou,Bet365,Jaime Faria,Terence Atmane,double_faults,7.5,1.8300,,2026-09-21T20:01:54Z,2026-09-23T04:00:00Z,Team Total (Double Faults) Home,9,"{'hdp': 7.5, 'over': '1.83'}"
74921784,2026-09-23,ATP,Hangzhou,Bet365,Jaime Faria,Terence Atmane,double_faults,9.5,3.2500,,2026-09-21T20:01:54Z,2026-09-23T04:00:00Z,Team Total (Double Faults) Home,9,"{'hdp': 9.5, 'over': '3.25'}"
74921784,2026-09-23,ATP,Hangzhou,Bet365,Jaime Faria,Terence Atmane,double_faults,11.5,5.5000,,2026-09-21T20:01:54Z,2026-09-23T04:00:00Z,Team Total (Double Faults) Home,9,"{'hdp': 11.5, 'over': '5.50'}"
74921784,2026-09-23,ATP,Hangzhou,Bet365,Jaime Faria,Terence Atmane,double_faults,14.5,15.0000,,2026-09-21T20:01:54Z,2026-09-23T04:00:00Z,Team Total (Double Faults) Home,9,"{'hdp': 14.5, 'over': '15.00'}"
74921784,2026-09-23,ATP,Hangzhou,Bet365,Jaime Faria,Terence Atmane,double_faults,19.5,26.0000,,2026-09-21T20:01:54Z,2026-09-23T04:00:00Z,Team Total (Double Faults) Home,9,"{'hdp': 19.5, 'over': '26.00'}"
74921784,2026-09-23,ATP,Hangzhou,Bet365,Jaime Faria,Terence Atmane,match_aces,9.5,1.1000,,2026-09-21T20:01:54Z,2026-09-23T04:00:00Z,Totals (Aces),8,"{'hdp': 9.5, 'over': '1.10'}"
74921784,2026-09-23,ATP,Hangzhou,Bet365,Jaime Faria,Terence Atmane,match_aces,14.5,1.4400,,2026-09-21T20:01:54Z,2026-09-23T04:00:00Z,Totals (Aces),8,"{'hdp': 14.5, 'over': '1.44'}"
74921784,2026-09-23,ATP,Hangzhou,Bet365,Jaime Faria,Terence Atmane,match_aces,19.5,2.2000,,2026-09-21T20:01:54Z,2026-09-23T04:00:00Z,Totals (Aces),8,"{'hdp': 19.5, 'over': '2.20'}"
74921784,2026-09-23,ATP,Hangzhou,Bet365,Jaime Faria,Terence Atmane,match_aces,24.5,4.0000,,2026-09-21T20:01:54Z,2026-09-23T04:00:00Z,Totals (Aces),8,"{'hdp': 24.5, 'over': '4.00'}"
74921784,2026-09-23,ATP,Hangzhou,Bet365,Jaime Faria,Terence Atmane,match_aces,29.5,8.0000,,2026-09-21T20:01:54Z,2026-09-23T04:00:00Z,Totals (Aces),8,"{'hdp': 29.5, 'over': '8.00'}"
74921784,2026-09-23,ATP,Hangzhou,Bet365,Jaime Faria,Terence Atmane,match_aces,39.5,26.0000,,2026-09-21T20:01:54Z,2026-09-23T04:00:00Z,Totals (Aces),8,"{'hdp': 39.5, 'over': '26.00'}"
74921784,2026-09-23,ATP,Hangzhou,Bet365,Jaime Faria,Terence Atmane,match_double_faults,4.5,1.0100,,2026-09-21T20:01:54Z,2026-09-23T04:00:00Z,Totals (Double Faults),9,"{'hdp': 4.5, 'over': '1.01'}"
74921784,2026-09-23,ATP,Hangzhou,Bet365,Jaime Faria,Terence Atmane,match_double_faults,7.5,1.1400,,2026-09-21T20:01:54Z,2026-09-23T04:00:00Z,Totals (Double Faults),9,"{'hdp': 7.5, 'over': '1.14'}"
74921784,2026-09-23,ATP,Hangzhou,Bet365,Jaime Faria,Terence Atmane,match_double_faults,9.5,1.4000,,2026-09-21T20:01:54Z,2026-09-23T04:00:00Z,Totals (Double Faults),9,"{'hdp': 9.5, 'over': '1.40'}"
74921784,2026-09-23,ATP,Hangzhou,Bet365,Jaime Faria,Terence Atmane,match_double_faults,11.5,1.8300,,2026-09-21T20:01:54Z,2026-09-23T04:00:00Z,Totals (Double Faults),9,"{'hdp': 11.5, 'over': '1.83'}"
74921784,2026-09-23,ATP,Hangzhou,Bet365,Jaime Faria,Terence Atmane,match_double_faults,14.5,3.4000,,2026-09-21T20:01:54Z,2026-09-23T04:00:00Z,Totals (Double Faults),9,"{'hdp': 14.5, 'over': '3.40'}"
74921784,2026-09-23,ATP,Hangzhou,Bet365,Jaime Faria,Terence Atmane,match_double_faults,19.5,13.0000,,2026-09-21T20:01:54Z,2026-09-23T04:00:00Z,Totals (Double Faults),9,"{'hdp': 19.5, 'over': '13.00'}"
74921784,2026-09-23,ATP,Hangzhou,Bet365,Jaime Faria,Terence Atmane,match_double_faults,24.5,26.0000,,2026-09-21T20:01:54Z,2026-09-23T04:00:00Z,Totals (Double Faults),9,"{'hdp': 24.5, 'over': '26.00'}"
74921784,2026-09-23,ATP,Hangzhou,Bet365,Terence Atmane,Jaime Faria,aces,2.5,1.0300,,2026-09-21T20:01:54Z,2026-09-23T04:00:00Z,Team Total (Aces) Away,7,"{'hdp': 2.5, 'over': '1.03'}"
74921784,2026-09-23,ATP,Hangzhou,Bet365,Terence Atmane,Jaime Faria,aces,4.5,1.1400,,2026-09-21T20:01:54Z,2026-09-23T04:00:00Z,Team Total (Aces) Away,7,"{'hdp': 4.5, 'over': '1.14'}"
74921784,2026-09-23,ATP,Hangzhou,Bet365,Terence Atmane,Jaime Faria,aces,9.5,2.1000,,2026-09-21T20:01:54Z,2026-09-23T04:00:00Z,Team Total (Aces) Away,7,"{'hdp': 9.5, 'over': '2.10'}"
74921784,2026-09-23,ATP,Hangzhou,Bet365,Terence Atmane,Jaime Faria,aces,14.5,5.5000,,2026-09-21T20:01:54Z,2026-09-23T04:00:00Z,Team Total (Aces) Away,7,"{'hdp': 14.5, 'over': '5.50'}"
74921784,2026-09-23,ATP,Hangzhou,Bet365,Terence Atmane,Jaime Faria,aces,19.5,15.0000,,2026-09-21T20:01:54Z,2026-09-23T04:00:00Z,Team Total (Aces) Away,7,"{'hdp': 19.5, 'over': '15.00'}"
74921784,2026-09-23,ATP,Hangzhou,Bet365,Terence Atmane,Jaime Faria,aces,24.5,26.0000,,2026-09-21T20:01:54Z,2026-09-23T04:00:00Z,Team Total (Aces) Away,7,"{'hdp': 24.5, 'over': '26.00'}"
74753664,2026-09-23,WTA,Seoul,Bet365,Maya Joint,Dayeon Back,aces,0.5,1.0500,,2026-09-21T20:01:54Z,2026-09-23T03:00:00Z,Team Total (Aces) Away,4,"{'hdp': 0.5, 'over': '1.05'}"
74753664,2026-09-23,WTA,Seoul,Bet365,Maya Joint,Dayeon Back,aces,2.5,1.6600,,2026-09-21T20:01:54Z,2026-09-23T03:00:00Z,Team Total (Aces) Away,4,"{'hdp': 2.5, 'over': '1.66'}"
74753664,2026-09-23,WTA,Seoul,Bet365,Maya Joint,Dayeon Back,aces,4.5,3.7500,,2026-09-21T20:01:54Z,2026-09-23T03:00:00Z,Team Total (Aces) Away,4,"{'hdp': 4.5, 'over': '3.75'}"
74753664,2026-09-23,WTA,Seoul,Bet365,Maya Joint,Dayeon Back,aces,9.5,26.0000,,2026-09-21T20:01:54Z,2026-09-23T03:00:00Z,Team Total (Aces) Away,4,"{'hdp': 9.5, 'over': '26.00'}"
74753664,2026-09-23,WTA,Seoul,Bet365,Maya Joint,Dayeon Back,double_faults,0.5,1.0100,,2026-09-21T20:01:54Z,2026-09-23T03:00:00Z,Team Total (Double Faults) Away,8,"{'hdp': 0.5, 'over': '1.01'}"
74753664,2026-09-23,WTA,Seoul,Bet365,Maya Joint,Dayeon Back,double_faults,1.5,1.1000,,2026-09-21T20:01:54Z,2026-09-23T03:00:00Z,Team Total (Double Faults) Away,8,"{'hdp': 1.5, 'over': '1.10'}"
74753664,2026-09-23,WTA,Seoul,Bet365,Maya Joint,Dayeon Back,double_faults,2.5,1.2500,,2026-09-21T20:01:54Z,2026-09-23T03:00:00Z,Team Total (Double Faults) Away,8,"{'hdp': 2.5, 'over': '1.25'}"
74753664,2026-09-23,WTA,Seoul,Bet365,Maya Joint,Dayeon Back,double_faults,4.5,1.9000,,2026-09-21T20:01:54Z,2026-09-23T03:00:00Z,Team Total (Double Faults) Away,8,"{'hdp': 4.5, 'over': '1.90'}"
74753664,2026-09-23,WTA,Seoul,Bet365,Maya Joint,Dayeon Back,double_faults,7.5,5.0000,,2026-09-21T20:01:54Z,2026-09-23T03:00:00Z,Team Total (Double Faults) Away,8,"{'hdp': 7.5, 'over': '5.00'}"
74753664,2026-09-23,WTA,Seoul,Bet365,Maya Joint,Dayeon Back,double_faults,9.5,10.0000,,2026-09-21T20:01:54Z,2026-09-23T03:00:00Z,Team Total (Double Faults) Away,8,"{'hdp': 9.5, 'over': '10.00'}"
74753664,2026-09-23,WTA,Seoul,Bet365,Maya Joint,Dayeon Back,double_faults,11.5,21.0000,,2026-09-21T20:01:54Z,2026-09-23T03:00:00Z,Team Total (Double Faults) Away,8,"{'hdp': 11.5, 'over': '21.00'}"
74753664,2026-09-23,WTA,Seoul,Bet365,Maya Joint,Dayeon Back,double_faults,14.5,26.0000,,2026-09-21T20:01:54Z,2026-09-23T03:00:00Z,Team Total (Double Faults) Away,8,"{'hdp': 14.5, 'over': '26.00'}"
74753664,2026-09-23,WTA,Seoul,Bet365,Dayeon Back,Maya Joint,double_faults,0.5,1.0400,,2026-09-21T20:01:54Z,2026-09-23T03:00:00Z,Team Total (Double Faults) Home,5,"{'hdp': 0.5, 'over': '1.04'}"
74753664,2026-09-23,WTA,Seoul,Bet365,Dayeon Back,Maya Joint,double_faults,1.5,1.2200,,2026-09-21T20:01:54Z,2026-09-23T03:00:00Z,Team Total (Double Faults) Home,5,"{'hdp': 1.5, 'over': '1.22'}"
74753664,2026-09-23,WTA,Seoul,Bet365,Dayeon Back,Maya Joint,double_faults,2.5,1.6100,,2026-09-21T20:01:54Z,2026-09-23T03:00:00Z,Team Total (Double Faults) Home,5,"{'hdp': 2.5, 'over': '1.61'}"
74753664,2026-09-23,WTA,Seoul,Bet365,Dayeon Back,Maya Joint,double_faults,4.5,4.0000,,2026-09-21T20:01:54Z,2026-09-23T03:00:00Z,Team Total (Double Faults) Home,5,"{'hdp': 4.5, 'over': '4.00'}"
74753664,2026-09-23,WTA,Seoul,Bet365,Dayeon Back,Maya Joint,double_faults,7.5,26.0000,,2026-09-21T20:01:54Z,2026-09-23T03:00:00Z,Team Total (Double Faults) Home,5,"{'hdp': 7.5, 'over': '26.00'}"
74753664,2026-09-23,WTA,Seoul,Bet365,Dayeon Back,Maya Joint,match_aces,0.5,1.0100,,2026-09-21T20:01:54Z,2026-09-23T03:00:00Z,Totals (Aces),5,"{'hdp': 0.5, 'over': '1.01'}"
74753664,2026-09-23,WTA,Seoul,Bet365,Dayeon Back,Maya Joint,match_aces,2.5,1.2200,,2026-09-21T20:01:54Z,2026-09-23T03:00:00Z,Totals (Aces),5,"{'hdp': 2.5, 'over': '1.22'}"
74753664,2026-09-23,WTA,Seoul,Bet365,Dayeon Back,Maya Joint,match_aces,4.5,1.9000,,2026-09-21T20:01:54Z,2026-09-23T03:00:00Z,Totals (Aces),5,"{'hdp': 4.5, 'over': '1.90'}"
74753664,2026-09-23,WTA,Seoul,Bet365,Dayeon Back,Maya Joint,match_aces,9.5,11.0000,,2026-09-21T20:01:54Z,2026-09-23T03:00:00Z,Totals (Aces),5,"{'hdp': 9.5, 'over': '11.00'}"
74753664,2026-09-23,WTA,Seoul,Bet365,Dayeon Back,Maya Joint,match_aces,14.5,26.0000,,2026-09-21T20:01:54Z,2026-09-23T03:00:00Z,Totals (Aces),5,"{'hdp': 14.5, 'over': '26.00'}"
74753664,2026-09-23,WTA,Seoul,Bet365,Dayeon Back,Maya Joint,aces,0.5,1.2500,,2026-09-21T20:01:54Z,2026-09-23T03:00:00Z,Team Total (Aces) Home,3,"{'hdp': 0.5, 'over': '1.25'}"
74753664,2026-09-23,WTA,Seoul,Bet365,Dayeon Back,Maya Joint,aces,2.5,3.5000,,2026-09-21T20:01:54Z,2026-09-23T03:00:00Z,Team Total (Aces) Home,3,"{'hdp': 2.5, 'over': '3.50'}"
74753664,2026-09-23,WTA,Seoul,Bet365,Dayeon Back,Maya Joint,aces,4.5,15.0000,,2026-09-21T20:01:54Z,2026-09-23T03:00:00Z,Team Total (Aces) Home,3,"{'hdp': 4.5, 'over': '15.00'}"
74753664,2026-09-23,WTA,Seoul,Bet365,Dayeon Back,Maya Joint,match_double_faults,2.5,1.0200,,2026-09-21T20:01:54Z,2026-09-23T03:00:00Z,Totals (Double Faults),9,"{'hdp': 2.5, 'over': '1.02'}"
74753664,2026-09-23,WTA,Seoul,Bet365,Dayeon Back,Maya Joint,match_double_faults,4.5,1.1600,,2026-09-21T20:01:54Z,2026-09-23T03:00:00Z,Totals (Double Faults),9,"{'hdp': 4.5, 'over': '1.16'}"
74753664,2026-09-23,WTA,Seoul,Bet365,Dayeon Back,Maya Joint,match_double_faults,7.5,1.8300,,2026-09-21T20:01:54Z,2026-09-23T03:00:00Z,Totals (Double Faults),9,"{'hdp': 7.5, 'over': '1.83'}"
74753664,2026-09-23,WTA,Seoul,Bet365,Dayeon Back,Maya Joint,match_double_faults,9.5,3.0000,,2026-09-21T20:01:54Z,2026-09-23T03:00:00Z,Totals (Double Faults),9,"{'hdp': 9.5, 'over': '3.00'}"
74753664,2026-09-23,WTA,Seoul,Bet365,Dayeon Back,Maya Joint,match_double_faults,11.5,5.0000,,2026-09-21T20:01:54Z,2026-09-23T03:00:00Z,Totals (Double Faults),9,"{'hdp': 11.5, 'over': '5.00'}"
74753664,2026-09-23,WTA,Seoul,Bet365,Dayeon Back,Maya Joint,match_double_faults,14.5,13.0000,,2026-09-21T20:01:54Z,2026-09-23T03:00:00Z,Totals (Double Faults),9,"{'hdp': 14.5, 'over': '13.00'}"
74753664,2026-09-23,WTA,Seoul,Bet365,Dayeon Back,Maya Joint,match_double_faults,19.5,26.0000,,2026-09-21T20:01:54Z,2026-09-23T03:00:00Z,Totals (Double Faults),9,"{'hdp': 19.5, 'over': '26.00'}"
74921786,2026-09-23,ATP,Hangzhou,Bet365,Aleksandar Vukic,Kyrian Jacquet,match_double_faults,1.5,1.0200,,2026-09-21T20:01:54Z,2026-09-23T04:00:00Z,Totals (Double Faults),8,"{'hdp': 1.5, 'over': '1.02'}"
74921786,2026-09-23,ATP,Hangzhou,Bet365,Aleksandar Vukic,Kyrian Jacquet,match_double_faults,2.5,1.0800,,2026-09-21T20:01:54Z,2026-09-23T04:00:00Z,Totals (Double Faults),8,"{'hdp': 2.5, 'over': '1.08'}"
74921786,2026-09-23,ATP,Hangzhou,Bet365,Aleksandar Vukic,Kyrian Jacquet,match_double_faults,4.5,1.5000,,2026-09-21T20:01:54Z,2026-09-23T04:00:00Z,Totals (Double Faults),8,"{'hdp': 4.5, 'over': '1.50'}"
74921786,2026-09-23,ATP,Hangzhou,Bet365,Aleksandar Vukic,Kyrian Jacquet,match_double_faults,7.5,3.7500,,2026-09-21T20:01:54Z,2026-09-23T04:00:00Z,Totals (Double Faults),8,"{'hdp': 7.5, 'over': '3.75'}"
74921786,2026-09-23,ATP,Hangzhou,Bet365,Aleksandar Vukic,Kyrian Jacquet,match_double_faults,9.5,9.0000,,2026-09-21T20:01:54Z,2026-09-23T04:00:00Z,Totals (Double Faults),8,"{'hdp': 9.5, 'over': '9.00'}"
74921786,2026-09-23,ATP,Hangzhou,Bet365,Aleksandar Vukic,Kyrian Jacquet,match_double_faults,11.5,21.0000,,2026-09-21T20:01:54Z,2026-09-23T04:00:00Z,Totals (Double Faults),8,"{'hdp': 11.5, 'over': '21.00'}"
74921786,2026-09-23,ATP,Hangzhou,Bet365,Aleksandar Vukic,Kyrian Jacquet,match_double_faults,14.5,26.0000,,2026-09-21T20:01:54Z,2026-09-23T04:00:00Z,Totals (Double Faults),8,"{'hdp': 14.5, 'over': '26.00'}"
74921786,2026-09-23,ATP,Hangzhou,Bet365,Kyrian Jacquet,Aleksandar Vukic,double_faults,0.5,1.0200,,2026-09-21T20:01:54Z,2026-09-23T04:00:00Z,Team Total (Double Faults) Away,6,"{'hdp': 0.5, 'over': '1.02'}"
74921786,2026-09-23,ATP,Hangzhou,Bet365,Kyrian Jacquet,Aleksandar Vukic,double_faults,1.5,1.1400,,2026-09-21T20:01:54Z,2026-09-23T04:00:00Z,Team Total (Double Faults) Away,6,"{'hdp': 1.5, 'over': '1.14'}"
74921786,2026-09-23,ATP,Hangzhou,Bet365,Kyrian Jacquet,Aleksandar Vukic,double_faults,2.5,1.4000,,2026-09-21T20:01:54Z,2026-09-23T04:00:00Z,Team Total (Double Faults) Away,6,"{'hdp': 2.5, 'over': '1.40'}"
74921786,2026-09-23,ATP,Hangzhou,Bet365,Kyrian Jacquet,Aleksandar Vukic,double_faults,4.5,2.7500,,2026-09-21T20:01:54Z,2026-09-23T04:00:00Z,Team Total (Double Faults) Away,6,"{'hdp': 4.5, 'over': '2.75'}"
74921786,2026-09-23,ATP,Hangzhou,Bet365,Kyrian Jacquet,Aleksandar Vukic,double_faults,7.5,13.0000,,2026-09-21T20:01:54Z,2026-09-23T04:00:00Z,Team Total (Double Faults) Away,6,"{'hdp': 7.5, 'over': '13.00'}"
74921786,2026-09-23,ATP,Hangzhou,Bet365,Kyrian Jacquet,Aleksandar Vukic,double_faults,9.5,26.0000,,2026-09-21T20:01:54Z,2026-09-23T04:00:00Z,Team Total (Double Faults) Away,6,"{'hdp': 9.5, 'over': '26.00'}"
74921786,2026-09-23,ATP,Hangzhou,Bet365,Aleksandar Vukic,Kyrian Jacquet,double_faults,0.5,1.1400,,2026-09-21T20:01:54Z,2026-09-23T04:00:00Z,Team Total (Double Faults) Home,5,"{'hdp': 0.5, 'over': '1.14'}"
74921786,2026-09-23,ATP,Hangzhou,Bet365,Aleksandar Vukic,Kyrian Jacquet,double_faults,1.5,1.6600,,2026-09-21T20:01:54Z,2026-09-23T04:00:00Z,Team Total (Double Faults) Home,5,"{'hdp': 1.5, 'over': '1.66'}"
74921786,2026-09-23,ATP,Hangzhou,Bet365,Aleksandar Vukic,Kyrian Jacquet,double_faults,2.5,3.0000,,2026-09-21T20:01:54Z,2026-09-23T04:00:00Z,Team Total (Double Faults) Home,5,"{'hdp': 2.5, 'over': '3.00'}"
74921786,2026-09-23,ATP,Hangzhou,Bet365,Aleksandar Vukic,Kyrian Jacquet,double_faults,4.5,13.0000,,2026-09-21T20:01:54Z,2026-09-23T04:00:00Z,Team Total (Double Faults) Home,5,"{'hdp': 4.5, 'over': '13.00'}"
74921786,2026-09-23,ATP,Hangzhou,Bet365,Aleksandar Vukic,Kyrian Jacquet,double_faults,7.5,26.0000,,2026-09-21T20:01:54Z,2026-09-23T04:00:00Z,Team Total (Double Faults) Home,5,"{'hdp': 7.5, 'over': '26.00'}"
74921788,2026-09-23,ATP,Hangzhou,Bet365,Mattia Bellucci,Kamil Majchrzak,match_aces,9.5,1.0800,,2026-09-21T20:01:54Z,2026-09-23T04:00:00Z,Totals (Aces),9,"{'hdp': 9.5, 'over': '1.08'}"
74921788,2026-09-23,ATP,Hangzhou,Bet365,Mattia Bellucci,Kamil Majchrzak,match_aces,14.5,1.3600,,2026-09-21T20:01:54Z,2026-09-23T04:00:00Z,Totals (Aces),9,"{'hdp': 14.5, 'over': '1.36'}"
74921788,2026-09-23,ATP,Hangzhou,Bet365,Mattia Bellucci,Kamil Majchrzak,match_aces,19.5,2.0000,,2026-09-21T20:01:54Z,2026-09-23T04:00:00Z,Totals (Aces),9,"{'hdp': 19.5, 'over': '2.00'}"
74921788,2026-09-23,ATP,Hangzhou,Bet365,Mattia Bellucci,Kamil Majchrzak,match_aces,24.5,3.4000,,2026-09-21T20:01:54Z,2026-09-23T04:00:00Z,Totals (Aces),9,"{'hdp': 24.5, 'over': '3.40'}"
74921788,2026-09-23,ATP,Hangzhou,Bet365,Mattia Bellucci,Kamil Majchrzak,match_aces,29.5,6.0000,,2026-09-21T20:01:54Z,2026-09-23T04:00:00Z,Totals (Aces),9,"{'hdp': 29.5, 'over': '6.00'}"
74921788,2026-09-23,ATP,Hangzhou,Bet365,Mattia Bellucci,Kamil Majchrzak,match_aces,39.5,21.0000,,2026-09-21T20:01:54Z,2026-09-23T04:00:00Z,Totals (Aces),9,"{'hdp': 39.5, 'over': '21.00'}"
74921788,2026-09-23,ATP,Hangzhou,Bet365,Mattia Bellucci,Kamil Majchrzak,match_aces,49.5,26.0000,,2026-09-21T20:01:54Z,2026-09-23T04:00:00Z,Totals (Aces),9,"{'hdp': 49.5, 'over': '26.00'}"
74921788,2026-09-23,ATP,Hangzhou,Bet365,Kamil Majchrzak,Mattia Bellucci,aces,2.5,1.0400,,2026-09-21T20:01:54Z,2026-09-23T04:00:00Z,Team Total (Aces) Away,7,"{'hdp': 2.5, 'over': '1.04'}"
74921788,2026-09-23,ATP,Hangzhou,Bet365,Kamil Majchrzak,Mattia Bellucci,aces,4.5,1.1600,,2026-09-21T20:01:54Z,2026-09-23T04:00:00Z,Team Total (Aces) Away,7,"{'hdp': 4.5, 'over': '1.16'}"
74921788,2026-09-23,ATP,Hangzhou,Bet365,Kamil Majchrzak,Mattia Bellucci,aces,9.5,2.2500,,2026-09-21T20:01:54Z,2026-09-23T04:00:00Z,Team Total (Aces) Away,7,"{'hdp': 9.5, 'over': '2.25'}"
74921788,2026-09-23,ATP,Hangzhou,Bet365,Kamil Majchrzak,Mattia Bellucci,aces,14.5,6.0000,,2026-09-21T20:01:54Z,2026-09-23T04:00:00Z,Team Total (Aces) Away,7,"{'hdp': 14.5, 'over': '6.00'}"
74921788,2026-09-23,ATP,Hangzhou,Bet365,Kamil Majchrzak,Mattia Bellucci,aces,19.5,19.0000,,2026-09-21T20:01:54Z,2026-09-23T04:00:00Z,Team Total (Aces) Away,7,"{'hdp': 19.5, 'over': '19.00'}"
74921788,2026-09-23,ATP,Hangzhou,Bet365,Kamil Majchrzak,Mattia Bellucci,aces,24.5,26.0000,,2026-09-21T20:01:54Z,2026-09-23T04:00:00Z,Team Total (Aces) Away,7,"{'hdp': 24.5, 'over': '26.00'}"
74921788,2026-09-23,ATP,Hangzhou,Bet365,Mattia Bellucci,Kamil Majchrzak,aces,2.5,1.0300,,2026-09-21T20:01:54Z,2026-09-23T04:00:00Z,Team Total (Aces) Home,8,"{'hdp': 2.5, 'over': '1.03'}"
74921788,2026-09-23,ATP,Hangzhou,Bet365,Mattia Bellucci,Kamil Majchrzak,aces,4.5,1.1200,,2026-09-21T20:01:54Z,2026-09-23T04:00:00Z,Team Total (Aces) Home,8,"{'hdp': 4.5, 'over': '1.12'}"
74921788,2026-09-23,ATP,Hangzhou,Bet365,Mattia Bellucci,Kamil Majchrzak,aces,9.5,1.8300,,2026-09-21T20:01:54Z,2026-09-23T04:00:00Z,Team Total (Aces) Home,8,"{'hdp': 9.5, 'over': '1.83'}"
74921788,2026-09-23,ATP,Hangzhou,Bet365,Mattia Bellucci,Kamil Majchrzak,aces,14.5,3.7500,,2026-09-21T20:01:54Z,2026-09-23T04:00:00Z,Team Total (Aces) Home,8,"{'hdp': 14.5, 'over': '3.75'}"
74921788,2026-09-23,ATP,Hangzhou,Bet365,Mattia Bellucci,Kamil Majchrzak,aces,19.5,10.0000,,2026-09-21T20:01:54Z,2026-09-23T04:00:00Z,Team Total (Aces) Home,8,"{'hdp': 19.5, 'over': '10.00'}"
74921788,2026-09-23,ATP,Hangzhou,Bet365,Mattia Bellucci,Kamil Majchrzak,aces,24.5,21.0000,,2026-09-21T20:01:54Z,2026-09-23T04:00:00Z,Team Total (Aces) Home,8,"{'hdp': 24.5, 'over': '21.00'}"
74921788,2026-09-23,ATP,Hangzhou,Bet365,Mattia Bellucci,Kamil Majchrzak,aces,29.5,26.0000,,2026-09-21T20:01:54Z,2026-09-23T04:00:00Z,Team Total (Aces) Home,8,"{'hdp': 29.5, 'over': '26.00'}"
74921796,2026-09-23,ATP,Hangzhou,Bet365,Valentin Royer,Adam Walton,match_aces,4.5,1.0100,,2026-09-21T20:01:54Z,2026-09-23T04:00:00Z,Totals (Aces),8,"{'hdp': 4.5, 'over': '1.01'}"
74921796,2026-09-23,ATP,Hangzhou,Bet365,Valentin Royer,Adam Walton,match_aces,9.5,1.1600,,2026-09-21T20:01:54Z,2026-09-23T04:00:00Z,Totals (Aces),8,"{'hdp': 9.5, 'over': '1.16'}"
74921796,2026-09-23,ATP,Hangzhou,Bet365,Valentin Royer,Adam Walton,match_aces,14.5,1.6600,,2026-09-21T20:01:54Z,2026-09-23T04:00:00Z,Totals (Aces),8,"{'hdp': 14.5, 'over': '1.66'}"
74921796,2026-09-23,ATP,Hangzhou,Bet365,Valentin Royer,Adam Walton,match_aces,19.5,2.7500,,2026-09-21T20:01:54Z,2026-09-23T04:00:00Z,Totals (Aces),8,"{'hdp': 19.5, 'over': '2.75'}"
74921796,2026-09-23,ATP,Hangzhou,Bet365,Valentin Royer,Adam Walton,match_aces,24.5,5.5000,,2026-09-21T20:01:54Z,2026-09-23T04:00:00Z,Totals (Aces),8,"{'hdp': 24.5, 'over': '5.50'}"
74921796,2026-09-23,ATP,Hangzhou,Bet365,Valentin Royer,Adam Walton,match_aces,29.5,11.0000,,2026-09-21T20:01:54Z,2026-09-23T04:00:00Z,Totals (Aces),8,"{'hdp': 29.5, 'over': '11.00'}"
74921796,2026-09-23,ATP,Hangzhou,Bet365,Valentin Royer,Adam Walton,match_aces,39.5,26.0000,,2026-09-21T20:01:54Z,2026-09-23T04:00:00Z,Totals (Aces),8,"{'hdp': 39.5, 'over': '26.00'}"
74921796,2026-09-23,ATP,Hangzhou,Bet365,Valentin Royer,Adam Walton,aces,2.5,1.0600,,2026-09-21T20:01:54Z,2026-09-23T04:00:00Z,Team Total (Aces) Home,6,"{'hdp': 2.5, 'over': '1.06'}"
74921796,2026-09-23,ATP,Hangzhou,Bet365,Valentin Royer,Adam Walton,aces,4.5,1.2500,,2026-09-21T20:01:54Z,2026-09-23T04:00:00Z,Team Total (Aces) Home,6,"{'hdp': 4.5, 'over': '1.25'}"
74921796,2026-09-23,ATP,Hangzhou,Bet365,Valentin Royer,Adam Walton,aces,9.5,2.6200,,2026-09-21T20:01:54Z,2026-09-23T04:00:00Z,Team Total (Aces) Home,6,"{'hdp': 9.5, 'over': '2.62'}"
74921796,2026-09-23,ATP,Hangzhou,Bet365,Valentin Royer,Adam Walton,aces,14.5,8.0000,,2026-09-21T20:01:54Z,2026-09-23T04:00:00Z,Team Total (Aces) Home,6,"{'hdp': 14.5, 'over': '8.00'}"
74921796,2026-09-23,ATP,Hangzhou,Bet365,Valentin Royer,Adam Walton,aces,19.5,26.0000,,2026-09-21T20:01:54Z,2026-09-23T04:00:00Z,Team Total (Aces) Home,6,"{'hdp': 19.5, 'over': '26.00'}"
74921796,2026-09-23,ATP,Hangzhou,Bet365,Adam Walton,Valentin Royer,double_faults,0.5,1.1600,,2026-09-21T20:01:54Z,2026-09-23T04:00:00Z,Team Total (Double Faults) Away,5,"{'hdp': 0.5, 'over': '1.16'}"
74921796,2026-09-23,ATP,Hangzhou,Bet365,Adam Walton,Valentin Royer,double_faults,1.5,1.7200,,2026-09-21T20:01:54Z,2026-09-23T04:00:00Z,Team Total (Double Faults) Away,5,"{'hdp': 1.5, 'over': '1.72'}"
74921796,2026-09-23,ATP,Hangzhou,Bet365,Adam Walton,Valentin Royer,double_faults,2.5,3.0000,,2026-09-21T20:01:54Z,2026-09-23T04:00:00Z,Team Total (Double Faults) Away,5,"{'hdp': 2.5, 'over': '3.00'}"
74921796,2026-09-23,ATP,Hangzhou,Bet365,Adam Walton,Valentin Royer,double_faults,4.5,13.0000,,2026-09-21T20:01:54Z,2026-09-23T04:00:00Z,Team Total (Double Faults) Away,5,"{'hdp': 4.5, 'over': '13.00'}"
74921796,2026-09-23,ATP,Hangzhou,Bet365,Adam Walton,Valentin Royer,double_faults,7.5,26.0000,,2026-09-21T20:01:54Z,2026-09-23T04:00:00Z,Team Total (Double Faults) Away,5,"{'hdp': 7.5, 'over': '26.00'}"
74921796,2026-09-23,ATP,Hangzhou,Bet365,Valentin Royer,Adam Walton,double_faults,0.5,1.1100,,2026-09-21T20:01:54Z,2026-09-23T04:00:00Z,Team Total (Double Faults) Home,5,"{'hdp': 0.5, 'over': '1.11'}"
74921796,2026-09-23,ATP,Hangzhou,Bet365,Valentin Royer,Adam Walton,double_faults,1.5,1.5000,,2026-09-21T20:01:54Z,2026-09-23T04:00:00Z,Team Total (Double Faults) Home,5,"{'hdp': 1.5, 'over': '1.50'}"
74921796,2026-09-23,ATP,Hangzhou,Bet365,Valentin Royer,Adam Walton,double_faults,2.5,2.3700,,2026-09-21T20:01:54Z,2026-09-23T04:00:00Z,Team Total (Double Faults) Home,5,"{'hdp': 2.5, 'over': '2.37'}"
74921796,2026-09-23,ATP,Hangzhou,Bet365,Valentin Royer,Adam Walton,double_faults,4.5,9.0000,,2026-09-21T20:01:54Z,2026-09-23T04:00:00Z,Team Total (Double Faults) Home,5,"{'hdp': 4.5, 'over': '9.00'}"
74921796,2026-09-23,ATP,Hangzhou,Bet365,Valentin Royer,Adam Walton,double_faults,7.5,26.0000,,2026-09-21T20:01:54Z,2026-09-23T04:00:00Z,Team Total (Double Faults) Home,5,"{'hdp': 7.5, 'over': '26.00'}"
74921796,2026-09-23,ATP,Hangzhou,Bet365,Valentin Royer,Adam Walton,match_double_faults,0.5,1.0100,,2026-09-21T20:01:54Z,2026-09-23T04:00:00Z,Totals (Double Faults),6,"{'hdp': 0.5, 'over': '1.01'}"
74921796,2026-09-23,ATP,Hangzhou,Bet365,Valentin Royer,Adam Walton,match_double_faults,1.5,1.0800,,2026-09-21T20:01:54Z,2026-09-23T04:00:00Z,Totals (Double Faults),6,"{'hdp': 1.5, 'over': '1.08'}"
74921796,2026-09-23,ATP,Hangzhou,Bet365,Valentin Royer,Adam Walton,match_double_faults,2.5,1.2800,,2026-09-21T20:01:54Z,2026-09-23T04:00:00Z,Totals (Double Faults),6,"{'hdp': 2.5, 'over': '1.28'}"
74921796,2026-09-23,ATP,Hangzhou,Bet365,Valentin Royer,Adam Walton,match_double_faults,4.5,2.2500,,2026-09-21T20:01:54Z,2026-09-23T04:00:00Z,Totals (Double Faults),6,"{'hdp': 4.5, 'over': '2.25'}"
74921796,2026-09-23,ATP,Hangzhou,Bet365,Valentin Royer,Adam Walton,match_double_faults,7.5,10.0000,,2026-09-21T20:01:54Z,2026-09-23T04:00:00Z,Totals (Double Faults),6,"{'hdp': 7.5, 'over': '10.00'}"
74921796,2026-09-23,ATP,Hangzhou,Bet365,Valentin Royer,Adam Walton,match_double_faults,9.5,26.0000,,2026-09-21T20:01:54Z,2026-09-23T04:00:00Z,Totals (Double Faults),6,"{'hdp': 9.5, 'over': '26.00'}"
74921796,2026-09-23,ATP,Hangzhou,Bet365,Adam Walton,Valentin Royer,aces,2.5,1.0500,,2026-09-21T20:01:54Z,2026-09-23T04:00:00Z,Team Total (Aces) Away,7,"{'hdp': 2.5, 'over': '1.05'}"
74921796,2026-09-23,ATP,Hangzhou,Bet365,Adam Walton,Valentin Royer,aces,4.5,1.2200,,2026-09-21T20:01:54Z,2026-09-23T04:00:00Z,Team Total (Aces) Away,7,"{'hdp': 4.5, 'over': '1.22'}"
74921796,2026-09-23,ATP,Hangzhou,Bet365,Adam Walton,Valentin Royer,aces,9.5,2.5000,,2026-09-21T20:01:54Z,2026-09-23T04:00:00Z,Team Total (Aces) Away,7,"{'hdp': 9.5, 'over': '2.50'}"
74921796,2026-09-23,ATP,Hangzhou,Bet365,Adam Walton,Valentin Royer,aces,14.5,7.0000,,2026-09-21T20:01:54Z,2026-09-23T04:00:00Z,Team Total (Aces) Away,7,"{'hdp': 14.5, 'over': '7.00'}"
74921796,2026-09-23,ATP,Hangzhou,Bet365,Adam Walton,Valentin Royer,aces,19.5,21.0000,,2026-09-21T20:01:54Z,2026-09-23T04:00:00Z,Team Total (Aces) Away,7,"{'hdp': 19.5, 'over': '21.00'}"
74921796,2026-09-23,ATP,Hangzhou,Bet365,Adam Walton,Valentin Royer,aces,24.5,26.0000,,2026-09-21T20:01:54Z,2026-09-23T04:00:00Z,Team Total (Aces) Away,7,"{'hdp': 24.5, 'over': '26.00'}"
74923144,2026-09-23,ATP,Chengdu,Bet365,Juan Manuel Cerundolo,Yi Zhou,double_faults,0.5,1.0200,,2026-09-21T20:01:54Z,2026-09-23T05:00:00Z,Team Total (Double Faults) Home,7,"{'hdp': 0.5, 'over': '1.02'}"
74923144,2026-09-23,ATP,Chengdu,Bet365,Juan Manuel Cerundolo,Yi Zhou,double_faults,1.5,1.1200,,2026-09-21T20:01:54Z,2026-09-23T05:00:00Z,Team Total (Double Faults) Home,7,"{'hdp': 1.5, 'over': '1.12'}"
74923144,2026-09-23,ATP,Chengdu,Bet365,Juan Manuel Cerundolo,Yi Zhou,double_faults,2.5,1.3600,,2026-09-21T20:01:54Z,2026-09-23T05:00:00Z,Team Total (Double Faults) Home,7,"{'hdp': 2.5, 'over': '1.36'}"
74923144,2026-09-23,ATP,Chengdu,Bet365,Juan Manuel Cerundolo,Yi Zhou,double_faults,4.5,2.5000,,2026-09-21T20:01:54Z,2026-09-23T05:00:00Z,Team Total (Double Faults) Home,7,"{'hdp': 4.5, 'over': '2.50'}"
74923144,2026-09-23,ATP,Chengdu,Bet365,Juan Manuel Cerundolo,Yi Zhou,double_faults,7.5,10.0000,,2026-09-21T20:01:54Z,2026-09-23T05:00:00Z,Team Total (Double Faults) Home,7,"{'hdp': 7.5, 'over': '10.00'}"
74923144,2026-09-23,ATP,Chengdu,Bet365,Juan Manuel Cerundolo,Yi Zhou,double_faults,9.5,23.0000,,2026-09-21T20:01:54Z,2026-09-23T05:00:00Z,Team Total (Double Faults) Home,7,"{'hdp': 9.5, 'over': '23.00'}"
74923144,2026-09-23,ATP,Chengdu,Bet365,Juan Manuel Cerundolo,Yi Zhou,double_faults,11.5,26.0000,,2026-09-21T20:01:54Z,2026-09-23T05:00:00Z,Team Total (Double Faults) Home,7,"{'hdp': 11.5, 'over': '26.00'}"
74923144,2026-09-23,ATP,Chengdu,Bet365,Juan Manuel Cerundolo,Yi Zhou,match_aces,9.5,1.1100,,2026-09-21T20:01:54Z,2026-09-23T05:00:00Z,Totals (Aces),8,"{'hdp': 9.5, 'over': '1.11'}"
74923144,2026-09-23,ATP,Chengdu,Bet365,Juan Manuel Cerundolo,Yi Zhou,match_aces,14.5,1.4400,,2026-09-21T20:01:54Z,2026-09-23T05:00:00Z,Totals (Aces),8,"{'hdp': 14.5, 'over': '1.44'}"
74923144,2026-09-23,ATP,Chengdu,Bet365,Juan Manuel Cerundolo,Yi Zhou,match_aces,19.5,2.2500,,2026-09-21T20:01:54Z,2026-09-23T05:00:00Z,Totals (Aces),8,"{'hdp': 19.5, 'over': '2.25'}"
74923144,2026-09-23,ATP,Chengdu,Bet365,Juan Manuel Cerundolo,Yi Zhou,match_aces,24.5,4.0000,,2026-09-21T20:01:54Z,2026-09-23T05:00:00Z,Totals (Aces),8,"{'hdp': 24.5, 'over': '4.00'}"
74923144,2026-09-23,ATP,Chengdu,Bet365,Juan Manuel Cerundolo,Yi Zhou,match_aces,29.5,8.0000,,2026-09-21T20:01:54Z,2026-09-23T05:00:00Z,Totals (Aces),8,"{'hdp': 29.5, 'over': '8.00'}"
74923144,2026-09-23,ATP,Chengdu,Bet365,Juan Manuel Cerundolo,Yi Zhou,match_aces,39.5,26.0000,,2026-09-21T20:01:54Z,2026-09-23T05:00:00Z,Totals (Aces),8,"{'hdp': 39.5, 'over': '26.00'}"
74923144,2026-09-23,ATP,Chengdu,Bet365,Yi Zhou,Juan Manuel Cerundolo,aces,2.5,1.0400,,2026-09-21T20:01:54Z,2026-09-23T05:00:00Z,Team Total (Aces) Away,7,"{'hdp': 2.5, 'over': '1.04'}"
74923144,2026-09-23,ATP,Chengdu,Bet365,Yi Zhou,Juan Manuel Cerundolo,aces,4.5,1.1600,,2026-09-21T20:01:54Z,2026-09-23T05:00:00Z,Team Total (Aces) Away,7,"{'hdp': 4.5, 'over': '1.16'}"
74923144,2026-09-23,ATP,Chengdu,Bet365,Yi Zhou,Juan Manuel Cerundolo,aces,9.5,2.1000,,2026-09-21T20:01:54Z,2026-09-23T05:00:00Z,Team Total (Aces) Away,7,"{'hdp': 9.5, 'over': '2.10'}"
74923144,2026-09-23,ATP,Chengdu,Bet365,Yi Zhou,Juan Manuel Cerundolo,aces,14.5,5.0000,,2026-09-21T20:01:54Z,2026-09-23T05:00:00Z,Team Total (Aces) Away,7,"{'hdp': 14.5, 'over': '5.00'}"
74923144,2026-09-23,ATP,Chengdu,Bet365,Yi Zhou,Juan Manuel Cerundolo,aces,19.5,13.0000,,2026-09-21T20:01:54Z,2026-09-23T05:00:00Z,Team Total (Aces) Away,7,"{'hdp': 19.5, 'over': '13.00'}"
74923144,2026-09-23,ATP,Chengdu,Bet365,Yi Zhou,Juan Manuel Cerundolo,aces,24.5,26.0000,,2026-09-21T20:01:54Z,2026-09-23T05:00:00Z,Team Total (Aces) Away,7,"{'hdp': 24.5, 'over': '26.00'}"
74923144,2026-09-23,ATP,Chengdu,Bet365,Juan Manuel Cerundolo,Yi Zhou,aces,2.5,1.0400,,2026-09-21T20:01:54Z,2026-09-23T05:00:00Z,Team Total (Aces) Home,7,"{'hdp': 2.5, 'over': '1.04'}"
74923144,2026-09-23,ATP,Chengdu,Bet365,Juan Manuel Cerundolo,Yi Zhou,aces,4.5,1.1800,,2026-09-21T20:01:54Z,2026-09-23T05:00:00Z,Team Total (Aces) Home,7,"{'hdp': 4.5, 'over': '1.18'}"
74923144,2026-09-23,ATP,Chengdu,Bet365,Juan Manuel Cerundolo,Yi Zhou,aces,9.5,2.3700,,2026-09-21T20:01:54Z,2026-09-23T05:00:00Z,Team Total (Aces) Home,7,"{'hdp': 9.5, 'over': '2.37'}"
74923144,2026-09-23,ATP,Chengdu,Bet365,Juan Manuel Cerundolo,Yi Zhou,aces,14.5,6.5000,,2026-09-21T20:01:54Z,2026-09-23T05:00:00Z,Team Total (Aces) Home,7,"{'hdp': 14.5, 'over': '6.50'}"
74923144,2026-09-23,ATP,Chengdu,Bet365,Juan Manuel Cerundolo,Yi Zhou,aces,19.5,21.0000,,2026-09-21T20:01:54Z,2026-09-23T05:00:00Z,Team Total (Aces) Home,7,"{'hdp': 19.5, 'over': '21.00'}"
74923144,2026-09-23,ATP,Chengdu,Bet365,Juan Manuel Cerundolo,Yi Zhou,aces,24.5,26.0000,,2026-09-21T20:01:54Z,2026-09-23T05:00:00Z,Team Total (Aces) Home,7,"{'hdp': 24.5, 'over': '26.00'}"
74923144,2026-09-23,ATP,Chengdu,Bet365,Yi Zhou,Juan Manuel Cerundolo,double_faults,0.5,1.0700,,2026-09-21T20:01:54Z,2026-09-23T05:00:00Z,Team Total (Double Faults) Away,5,"{'hdp': 0.5, 'over': '1.07'}"
74923144,2026-09-23,ATP,Chengdu,Bet365,Yi Zhou,Juan Manuel Cerundolo,double_faults,1.5,1.3300,,2026-09-21T20:01:54Z,2026-09-23T05:00:00Z,Team Total (Double Faults) Away,5,"{'hdp': 1.5, 'over': '1.33'}"
74923144,2026-09-23,ATP,Chengdu,Bet365,Yi Zhou,Juan Manuel Cerundolo,double_faults,2.5,1.9000,,2026-09-21T20:01:54Z,2026-09-23T05:00:00Z,Team Total (Double Faults) Away,5,"{'hdp': 2.5, 'over': '1.90'}"
74923144,2026-09-23,ATP,Chengdu,Bet365,Yi Zhou,Juan Manuel Cerundolo,double_faults,4.5,6.0000,,2026-09-21T20:01:54Z,2026-09-23T05:00:00Z,Team Total (Double Faults) Away,5,"{'hdp': 4.5, 'over': '6.00'}"
74923144,2026-09-23,ATP,Chengdu,Bet365,Yi Zhou,Juan Manuel Cerundolo,double_faults,7.5,26.0000,,2026-09-21T20:01:54Z,2026-09-23T05:00:00Z,Team Total (Double Faults) Away,5,"{'hdp': 7.5, 'over': '26.00'}"
74923144,2026-09-23,ATP,Chengdu,Bet365,Juan Manuel Cerundolo,Yi Zhou,match_double_faults,1.5,1.0100,,2026-09-21T20:01:54Z,2026-09-23T05:00:00Z,Totals (Double Faults),8,"{'hdp': 1.5, 'over': '1.01'}"
74923144,2026-09-23,ATP,Chengdu,Bet365,Juan Manuel Cerundolo,Yi Zhou,match_double_faults,2.5,1.0500,,2026-09-21T20:01:54Z,2026-09-23T05:00:00Z,Totals (Double Faults),8,"{'hdp': 2.5, 'over': '1.05'}"
74923144,2026-09-23,ATP,Chengdu,Bet365,Juan Manuel Cerundolo,Yi Zhou,match_double_faults,4.5,1.3000,,2026-09-21T20:01:54Z,2026-09-23T05:00:00Z,Totals (Double Faults),8,"{'hdp': 4.5, 'over': '1.30'}"
74923144,2026-09-23,ATP,Chengdu,Bet365,Juan Manuel Cerundolo,Yi Zhou,match_double_faults,7.5,2.6200,,2026-09-21T20:01:54Z,2026-09-23T05:00:00Z,Totals (Double Faults),8,"{'hdp': 7.5, 'over': '2.62'}"
74923144,2026-09-23,ATP,Chengdu,Bet365,Juan Manuel Cerundolo,Yi Zhou,match_double_faults,9.5,5.0000,,2026-09-21T20:01:54Z,2026-09-23T05:00:00Z,Totals (Double Faults),8,"{'hdp': 9.5, 'over': '5.00'}"
74923144,2026-09-23,ATP,Chengdu,Bet365,Juan Manuel Cerundolo,Yi Zhou,match_double_faults,11.5,11.0000,,2026-09-21T20:01:54Z,2026-09-23T05:00:00Z,Totals (Double Faults),8,"{'hdp': 11.5, 'over': '11.00'}"
74923144,2026-09-23,ATP,Chengdu,Bet365,Juan Manuel Cerundolo,Yi Zhou,match_double_faults,14.5,26.0000,,2026-09-21T20:01:54Z,2026-09-23T05:00:00Z,Totals (Double Faults),8,"{'hdp': 14.5, 'over': '26.00'}"
74923146,2026-09-23,ATP,Chengdu,Bet365,Camilo Ugo Carabelli,Nuno Borges,aces,2.5,1.1000,,2026-09-21T20:01:54Z,2026-09-23T05:00:00Z,Team Total (Aces) Away,6,"{'hdp': 2.5, 'over': '1.10'}"
74923146,2026-09-23,ATP,Chengdu,Bet365,Camilo Ugo Carabelli,Nuno Borges,aces,4.5,1.3600,,2026-09-21T20:01:54Z,2026-09-23T05:00:00Z,Team Total (Aces) Away,6,"{'hdp': 4.5, 'over': '1.36'}"
74923146,2026-09-23,ATP,Chengdu,Bet365,Camilo Ugo Carabelli,Nuno Borges,aces,9.5,3.4000,,2026-09-21T20:01:54Z,2026-09-23T05:00:00Z,Team Total (Aces) Away,6,"{'hdp': 9.5, 'over': '3.40'}"
74923146,2026-09-23,ATP,Chengdu,Bet365,Camilo Ugo Carabelli,Nuno Borges,aces,14.5,10.0000,,2026-09-21T20:01:54Z,2026-09-23T05:00:00Z,Team Total (Aces) Away,6,"{'hdp': 14.5, 'over': '10.00'}"
74923146,2026-09-23,ATP,Chengdu,Bet365,Camilo Ugo Carabelli,Nuno Borges,aces,19.5,26.0000,,2026-09-21T20:01:54Z,2026-09-23T05:00:00Z,Team Total (Aces) Away,6,"{'hdp': 19.5, 'over': '26.00'}"
74923146,2026-09-23,ATP,Chengdu,Bet365,Nuno Borges,Camilo Ugo Carabelli,aces,2.5,1.0100,,2026-09-21T20:01:54Z,2026-09-23T05:00:00Z,Team Total (Aces) Home,8,"{'hdp': 2.5, 'over': '1.01'}"
74923146,2026-09-23,ATP,Chengdu,Bet365,Nuno Borges,Camilo Ugo Carabelli,aces,4.5,1.0800,,2026-09-21T20:01:54Z,2026-09-23T05:00:00Z,Team Total (Aces) Home,8,"{'hdp': 4.5, 'over': '1.08'}"
74923146,2026-09-23,ATP,Chengdu,Bet365,Nuno Borges,Camilo Ugo Carabelli,aces,9.5,1.6600,,2026-09-21T20:01:54Z,2026-09-23T05:00:00Z,Team Total (Aces) Home,8,"{'hdp': 9.5, 'over': '1.66'}"
74923146,2026-09-23,ATP,Chengdu,Bet365,Nuno Borges,Camilo Ugo Carabelli,aces,14.5,3.5000,,2026-09-21T20:01:54Z,2026-09-23T05:00:00Z,Team Total (Aces) Home,8,"{'hdp': 14.5, 'over': '3.50'}"
74923146,2026-09-23,ATP,Chengdu,Bet365,Nuno Borges,Camilo Ugo Carabelli,aces,19.5,9.0000,,2026-09-21T20:01:54Z,2026-09-23T05:00:00Z,Team Total (Aces) Home,8,"{'hdp': 19.5, 'over': '9.00'}"
74923146,2026-09-23,ATP,Chengdu,Bet365,Nuno Borges,Camilo Ugo Carabelli,aces,24.5,21.0000,,2026-09-21T20:01:54Z,2026-09-23T05:00:00Z,Team Total (Aces) Home,8,"{'hdp': 24.5, 'over': '21.00'}"
74923146,2026-09-23,ATP,Chengdu,Bet365,Nuno Borges,Camilo Ugo Carabelli,aces,29.5,26.0000,,2026-09-21T20:01:54Z,2026-09-23T05:00:00Z,Team Total (Aces) Home,8,"{'hdp': 29.5, 'over': '26.00'}"
74923146,2026-09-23,ATP,Chengdu,Bet365,Camilo Ugo Carabelli,Nuno Borges,double_faults,0.5,1.0800,,2026-09-21T20:01:54Z,2026-09-23T05:00:00Z,Team Total (Double Faults) Away,5,"{'hdp': 0.5, 'over': '1.08'}"
74923146,2026-09-23,ATP,Chengdu,Bet365,Camilo Ugo Carabelli,Nuno Borges,double_faults,1.5,1.4400,,2026-09-21T20:01:54Z,2026-09-23T05:00:00Z,Team Total (Double Faults) Away,5,"{'hdp': 1.5, 'over': '1.44'}"
74923146,2026-09-23,ATP,Chengdu,Bet365,Camilo Ugo Carabelli,Nuno Borges,double_faults,2.5,2.2500,,2026-09-21T20:01:54Z,2026-09-23T05:00:00Z,Team Total (Double Faults) Away,5,"{'hdp': 2.5, 'over': '2.25'}"
74923146,2026-09-23,ATP,Chengdu,Bet365,Camilo Ugo Carabelli,Nuno Borges,double_faults,4.5,8.0000,,2026-09-21T20:01:54Z,2026-09-23T05:00:00Z,Team Total (Double Faults) Away,5,"{'hdp': 4.5, 'over': '8.00'}"
74923146,2026-09-23,ATP,Chengdu,Bet365,Camilo Ugo Carabelli,Nuno Borges,double_faults,7.5,26.0000,,2026-09-21T20:01:54Z,2026-09-23T05:00:00Z,Team Total (Double Faults) Away,5,"{'hdp': 7.5, 'over': '26.00'}"
74923146,2026-09-23,ATP,Chengdu,Bet365,Nuno Borges,Camilo Ugo Carabelli,double_faults,0.5,1.0500,,2026-09-21T20:01:54Z,2026-09-23T05:00:00Z,Team Total (Double Faults) Home,6,"{'hdp': 0.5, 'over': '1.05'}"
74923146,2026-09-23,ATP,Chengdu,Bet365,Nuno Borges,Camilo Ugo Carabelli,double_faults,1.5,1.2200,,2026-09-21T20:01:54Z,2026-09-23T05:00:00Z,Team Total (Double Faults) Home,6,"{'hdp': 1.5, 'over': '1.22'}"
74923146,2026-09-23,ATP,Chengdu,Bet365,Nuno Borges,Camilo Ugo Carabelli,double_faults,2.5,1.5700,,2026-09-21T20:01:54Z,2026-09-23T05:00:00Z,Team Total (Double Faults) Home,6,"{'hdp': 2.5, 'over': '1.57'}"
74923146,2026-09-23,ATP,Chengdu,Bet365,Nuno Borges,Camilo Ugo Carabelli,double_faults,4.5,3.4000,,2026-09-21T20:01:54Z,2026-09-23T05:00:00Z,Team Total (Double Faults) Home,6,"{'hdp': 4.5, 'over': '3.40'}"
74923146,2026-09-23,ATP,Chengdu,Bet365,Nuno Borges,Camilo Ugo Carabelli,double_faults,7.5,13.0000,,2026-09-21T20:01:54Z,2026-09-23T05:00:00Z,Team Total (Double Faults) Home,6,"{'hdp': 7.5, 'over': '13.00'}"
74923146,2026-09-23,ATP,Chengdu,Bet365,Nuno Borges,Camilo Ugo Carabelli,double_faults,9.5,26.0000,,2026-09-21T20:01:54Z,2026-09-23T05:00:00Z,Team Total (Double Faults) Home,6,"{'hdp': 9.5, 'over': '26.00'}"
74923146,2026-09-23,ATP,Chengdu,Bet365,Nuno Borges,Camilo Ugo Carabelli,match_aces,9.5,1.1100,,2026-09-21T20:01:54Z,2026-09-23T05:00:00Z,Totals (Aces),8,"{'hdp': 9.5, 'over': '1.11'}"
74923146,2026-09-23,ATP,Chengdu,Bet365,Nuno Borges,Camilo Ugo Carabelli,match_aces,14.5,1.4400,,2026-09-21T20:01:54Z,2026-09-23T05:00:00Z,Totals (Aces),8,"{'hdp': 14.5, 'over': '1.44'}"
74923146,2026-09-23,ATP,Chengdu,Bet365,Nuno Borges,Camilo Ugo Carabelli,match_aces,19.5,2.2500,,2026-09-21T20:01:54Z,2026-09-23T05:00:00Z,Totals (Aces),8,"{'hdp': 19.5, 'over': '2.25'}"
74923146,2026-09-23,ATP,Chengdu,Bet365,Nuno Borges,Camilo Ugo Carabelli,match_aces,24.5,4.0000,,2026-09-21T20:01:54Z,2026-09-23T05:00:00Z,Totals (Aces),8,"{'hdp': 24.5, 'over': '4.00'}"
74923146,2026-09-23,ATP,Chengdu,Bet365,Nuno Borges,Camilo Ugo Carabelli,match_aces,29.5,8.0000,,2026-09-21T20:01:54Z,2026-09-23T05:00:00Z,Totals (Aces),8,"{'hdp': 29.5, 'over': '8.00'}"
74923146,2026-09-23,ATP,Chengdu,Bet365,Nuno Borges,Camilo Ugo Carabelli,match_aces,39.5,26.0000,,2026-09-21T20:01:54Z,2026-09-23T05:00:00Z,Totals (Aces),8,"{'hdp': 39.5, 'over': '26.00'}"
74923146,2026-09-23,ATP,Chengdu,Bet365,Nuno Borges,Camilo Ugo Carabelli,match_double_faults,1.5,1.0200,,2026-09-21T20:01:54Z,2026-09-23T05:00:00Z,Totals (Double Faults),8,"{'hdp': 1.5, 'over': '1.02'}"
74923146,2026-09-23,ATP,Chengdu,Bet365,Nuno Borges,Camilo Ugo Carabelli,match_double_faults,2.5,1.1000,,2026-09-21T20:01:54Z,2026-09-23T05:00:00Z,Totals (Double Faults),8,"{'hdp': 2.5, 'over': '1.10'}"
74923146,2026-09-23,ATP,Chengdu,Bet365,Nuno Borges,Camilo Ugo Carabelli,match_double_faults,4.5,1.5000,,2026-09-21T20:01:54Z,2026-09-23T05:00:00Z,Totals (Double Faults),8,"{'hdp': 4.5, 'over': '1.50'}"
74923146,2026-09-23,ATP,Chengdu,Bet365,Nuno Borges,Camilo Ugo Carabelli,match_double_faults,7.5,3.7500,,2026-09-21T20:01:54Z,2026-09-23T05:00:00Z,Totals (Double Faults),8,"{'hdp': 7.5, 'over': '3.75'}"
74923146,2026-09-23,ATP,Chengdu,Bet365,Nuno Borges,Camilo Ugo Carabelli,match_double_faults,9.5,8.0000,,2026-09-21T20:01:54Z,2026-09-23T05:00:00Z,Totals (Double Faults),8,"{'hdp': 9.5, 'over': '8.00'}"
74923146,2026-09-23,ATP,Chengdu,Bet365,Nuno Borges,Camilo Ugo Carabelli,match_double_faults,11.5,19.0000,,2026-09-21T20:01:54Z,2026-09-23T05:00:00Z,Totals (Double Faults),8,"{'hdp': 11.5, 'over': '19.00'}"
74923146,2026-09-23,ATP,Chengdu,Bet365,Nuno Borges,Camilo Ugo Carabelli,match_double_faults,14.5,26.0000,,2026-09-21T20:01:54Z,2026-09-23T05:00:00Z,Totals (Double Faults),8,"{'hdp': 14.5, 'over': '26.00'}"
74921790,2026-09-23,ATP,Hangzhou,Bet365,Yunchaokete Bu,Michael Zheng,match_aces,4.5,1.0100,,2026-09-21T20:01:54Z,2026-09-23T04:00:00Z,Totals (Aces),8,"{'hdp': 4.5, 'over': '1.01'}"
74921790,2026-09-23,ATP,Hangzhou,Bet365,Yunchaokete Bu,Michael Zheng,match_aces,9.5,1.1600,,2026-09-21T20:01:54Z,2026-09-23T04:00:00Z,Totals (Aces),8,"{'hdp': 9.5, 'over': '1.16'}"
74921790,2026-09-23,ATP,Hangzhou,Bet365,Yunchaokete Bu,Michael Zheng,match_aces,14.5,1.6600,,2026-09-21T20:01:54Z,2026-09-23T04:00:00Z,Totals (Aces),8,"{'hdp': 14.5, 'over': '1.66'}"
74921790,2026-09-23,ATP,Hangzhou,Bet365,Yunchaokete Bu,Michael Zheng,match_aces,19.5,2.7500,,2026-09-21T20:01:54Z,2026-09-23T04:00:00Z,Totals (Aces),8,"{'hdp': 19.5, 'over': '2.75'}"
74921790,2026-09-23,ATP,Hangzhou,Bet365,Yunchaokete Bu,Michael Zheng,match_aces,24.5,5.5000,,2026-09-21T20:01:54Z,2026-09-23T04:00:00Z,Totals (Aces),8,"{'hdp': 24.5, 'over': '5.50'}"
74921790,2026-09-23,ATP,Hangzhou,Bet365,Yunchaokete Bu,Michael Zheng,match_aces,29.5,11.0000,,2026-09-21T20:01:54Z,2026-09-23T04:00:00Z,Totals (Aces),8,"{'hdp': 29.5, 'over': '11.00'}"
74921790,2026-09-23,ATP,Hangzhou,Bet365,Yunchaokete Bu,Michael Zheng,match_aces,39.5,26.0000,,2026-09-21T20:01:54Z,2026-09-23T04:00:00Z,Totals (Aces),8,"{'hdp': 39.5, 'over': '26.00'}"
74921790,2026-09-23,ATP,Hangzhou,Bet365,Michael Zheng,Yunchaokete Bu,double_faults,0.5,1.0400,,2026-09-21T20:01:54Z,2026-09-23T04:00:00Z,Team Total (Double Faults) Away,6,"{'hdp': 0.5, 'over': '1.04'}"
74921790,2026-09-23,ATP,Hangzhou,Bet365,Michael Zheng,Yunchaokete Bu,double_faults,1.5,1.2200,,2026-09-21T20:01:54Z,2026-09-23T04:00:00Z,Team Total (Double Faults) Away,6,"{'hdp': 1.5, 'over': '1.22'}"
74921790,2026-09-23,ATP,Hangzhou,Bet365,Michael Zheng,Yunchaokete Bu,double_faults,2.5,1.6100,,2026-09-21T20:01:54Z,2026-09-23T04:00:00Z,Team Total (Double Faults) Away,6,"{'hdp': 2.5, 'over': '1.61'}"
74921790,2026-09-23,ATP,Hangzhou,Bet365,Michael Zheng,Yunchaokete Bu,double_faults,4.5,3.7500,,2026-09-21T20:01:54Z,2026-09-23T04:00:00Z,Team Total (Double Faults) Away,6,"{'hdp': 4.5, 'over': '3.75'}"
74921790,2026-09-23,ATP,Hangzhou,Bet365,Michael Zheng,Yunchaokete Bu,double_faults,7.5,19.0000,,2026-09-21T20:01:54Z,2026-09-23T04:00:00Z,Team Total (Double Faults) Away,6,"{'hdp': 7.5, 'over': '19.00'}"
74921790,2026-09-23,ATP,Hangzhou,Bet365,Michael Zheng,Yunchaokete Bu,double_faults,9.5,26.0000,,2026-09-21T20:01:54Z,2026-09-23T04:00:00Z,Team Total (Double Faults) Away,6,"{'hdp': 9.5, 'over': '26.00'}"
74921790,2026-09-23,ATP,Hangzhou,Bet365,Yunchaokete Bu,Michael Zheng,double_faults,0.5,1.0300,,2026-09-21T20:01:54Z,2026-09-23T04:00:00Z,Team Total (Double Faults) Home,6,"{'hdp': 0.5, 'over': '1.03'}"
74921790,2026-09-23,ATP,Hangzhou,Bet365,Yunchaokete Bu,Michael Zheng,double_faults,1.5,1.1600,,2026-09-21T20:01:54Z,2026-09-23T04:00:00Z,Team Total (Double Faults) Home,6,"{'hdp': 1.5, 'over': '1.16'}"
74921790,2026-09-23,ATP,Hangzhou,Bet365,Yunchaokete Bu,Michael Zheng,double_faults,2.5,1.5000,,2026-09-21T20:01:54Z,2026-09-23T04:00:00Z,Team Total (Double Faults) Home,6,"{'hdp': 2.5, 'over': '1.50'}"
74921790,2026-09-23,ATP,Hangzhou,Bet365,Yunchaokete Bu,Michael Zheng,double_faults,4.5,3.2500,,2026-09-21T20:01:54Z,2026-09-23T04:00:00Z,Team Total (Double Faults) Home,6,"{'hdp': 4.5, 'over': '3.25'}"
74921790,2026-09-23,ATP,Hangzhou,Bet365,Yunchaokete Bu,Michael Zheng,double_faults,7.5,17.0000,,2026-09-21T20:01:54Z,2026-09-23T04:00:00Z,Team Total (Double Faults) Home,6,"{'hdp': 7.5, 'over': '17.00'}"
74921790,2026-09-23,ATP,Hangzhou,Bet365,Yunchaokete Bu,Michael Zheng,double_faults,9.5,26.0000,,2026-09-21T20:01:54Z,2026-09-23T04:00:00Z,Team Total (Double Faults) Home,6,"{'hdp': 9.5, 'over': '26.00'}"
74921790,2026-09-23,ATP,Hangzhou,Bet365,Yunchaokete Bu,Michael Zheng,match_double_faults,1.5,1.0100,,2026-09-21T20:01:54Z,2026-09-23T04:00:00Z,Totals (Double Faults),8,"{'hdp': 1.5, 'over': '1.01'}"
74921790,2026-09-23,ATP,Hangzhou,Bet365,Yunchaokete Bu,Michael Zheng,match_double_faults,2.5,1.0400,,2026-09-21T20:01:54Z,2026-09-23T04:00:00Z,Totals (Double Faults),8,"{'hdp': 2.5, 'over': '1.04'}"
74921790,2026-09-23,ATP,Hangzhou,Bet365,Yunchaokete Bu,Michael Zheng,match_double_faults,4.5,1.2800,,2026-09-21T20:01:54Z,2026-09-23T04:00:00Z,Totals (Double Faults),8,"{'hdp': 4.5, 'over': '1.28'}"
74921790,2026-09-23,ATP,Hangzhou,Bet365,Yunchaokete Bu,Michael Zheng,match_double_faults,7.5,2.5000,,2026-09-21T20:01:54Z,2026-09-23T04:00:00Z,Totals (Double Faults),8,"{'hdp': 7.5, 'over': '2.50'}"
74921790,2026-09-23,ATP,Hangzhou,Bet365,Yunchaokete Bu,Michael Zheng,match_double_faults,9.5,5.0000,,2026-09-21T20:01:54Z,2026-09-23T04:00:00Z,Totals (Double Faults),8,"{'hdp': 9.5, 'over': '5.00'}"
74921790,2026-09-23,ATP,Hangzhou,Bet365,Yunchaokete Bu,Michael Zheng,match_double_faults,11.5,11.0000,,2026-09-21T20:01:54Z,2026-09-23T04:00:00Z,Totals (Double Faults),8,"{'hdp': 11.5, 'over': '11.00'}"
74921790,2026-09-23,ATP,Hangzhou,Bet365,Yunchaokete Bu,Michael Zheng,match_double_faults,14.5,26.0000,,2026-09-21T20:01:54Z,2026-09-23T04:00:00Z,Totals (Double Faults),8,"{'hdp': 14.5, 'over': '26.00'}"
74921790,2026-09-23,ATP,Hangzhou,Bet365,Michael Zheng,Yunchaokete Bu,aces,2.5,1.0400,,2026-09-21T20:01:54Z,2026-09-23T04:00:00Z,Team Total (Aces) Away,7,"{'hdp': 2.5, 'over': '1.04'}"
74921790,2026-09-23,ATP,Hangzhou,Bet365,Michael Zheng,Yunchaokete Bu,aces,4.5,1.1600,,2026-09-21T20:01:54Z,2026-09-23T04:00:00Z,Team Total (Aces) Away,7,"{'hdp': 4.5, 'over': '1.16'}"
74921790,2026-09-23,ATP,Hangzhou,Bet365,Michael Zheng,Yunchaokete Bu,aces,9.5,2.2000,,2026-09-21T20:01:54Z,2026-09-23T04:00:00Z,Team Total (Aces) Away,7,"{'hdp': 9.5, 'over': '2.20'}"
74921790,2026-09-23,ATP,Hangzhou,Bet365,Michael Zheng,Yunchaokete Bu,aces,14.5,6.0000,,2026-09-21T20:01:54Z,2026-09-23T04:00:00Z,Team Total (Aces) Away,7,"{'hdp': 14.5, 'over': '6.00'}"
74921790,2026-09-23,ATP,Hangzhou,Bet365,Michael Zheng,Yunchaokete Bu,aces,19.5,17.0000,,2026-09-21T20:01:54Z,2026-09-23T04:00:00Z,Team Total (Aces) Away,7,"{'hdp': 19.5, 'over': '17.00'}"
74921790,2026-09-23,ATP,Hangzhou,Bet365,Michael Zheng,Yunchaokete Bu,aces,24.5,26.0000,,2026-09-21T20:01:54Z,2026-09-23T04:00:00Z,Team Total (Aces) Away,7,"{'hdp': 24.5, 'over': '26.00'}"
74921790,2026-09-23,ATP,Hangzhou,Bet365,Yunchaokete Bu,Michael Zheng,aces,2.5,1.0800,,2026-09-21T20:01:54Z,2026-09-23T04:00:00Z,Team Total (Aces) Home,6,"{'hdp': 2.5, 'over': '1.08'}"
74921790,2026-09-23,ATP,Hangzhou,Bet365,Yunchaokete Bu,Michael Zheng,aces,4.5,1.3000,,2026-09-21T20:01:54Z,2026-09-23T04:00:00Z,Team Total (Aces) Home,6,"{'hdp': 4.5, 'over': '1.30'}"
74921790,2026-09-23,ATP,Hangzhou,Bet365,Yunchaokete Bu,Michael Zheng,aces,9.5,3.2500,,2026-09-21T20:01:54Z,2026-09-23T04:00:00Z,Team Total (Aces) Home,6,"{'hdp': 9.5, 'over': '3.25'}"
74921790,2026-09-23,ATP,Hangzhou,Bet365,Yunchaokete Bu,Michael Zheng,aces,14.5,10.0000,,2026-09-21T20:01:54Z,2026-09-23T04:00:00Z,Team Total (Aces) Home,6,"{'hdp': 14.5, 'over': '10.00'}"
74921790,2026-09-23,ATP,Hangzhou,Bet365,Yunchaokete Bu,Michael Zheng,aces,19.5,26.0000,,2026-09-21T20:01:54Z,2026-09-23T04:00:00Z,Team Total (Aces) Home,6,"{'hdp': 19.5, 'over': '26.00'}"
74921792,2026-09-23,ATP,Hangzhou,Bet365,Jie Cui,Adolfo Daniel Vallejo,aces,0.5,1.0200,,2026-09-21T20:01:54Z,2026-09-23T04:00:00Z,Team Total (Aces) Home,5,"{'hdp': 0.5, 'over': '1.02'}"
74921792,2026-09-23,ATP,Hangzhou,Bet365,Jie Cui,Adolfo Daniel Vallejo,aces,2.5,1.2500,,2026-09-21T20:01:54Z,2026-09-23T04:00:00Z,Team Total (Aces) Home,5,"{'hdp': 2.5, 'over': '1.25'}"
74921792,2026-09-23,ATP,Hangzhou,Bet365,Jie Cui,Adolfo Daniel Vallejo,aces,4.5,1.8300,,2026-09-21T20:01:54Z,2026-09-23T04:00:00Z,Team Total (Aces) Home,5,"{'hdp': 4.5, 'over': '1.83'}"
74921792,2026-09-23,ATP,Hangzhou,Bet365,Jie Cui,Adolfo Daniel Vallejo,aces,9.5,8.0000,,2026-09-21T20:01:54Z,2026-09-23T04:00:00Z,Team Total (Aces) Home,5,"{'hdp': 9.5, 'over': '8.00'}"
74921792,2026-09-23,ATP,Hangzhou,Bet365,Jie Cui,Adolfo Daniel Vallejo,aces,14.5,26.0000,,2026-09-21T20:01:54Z,2026-09-23T04:00:00Z,Team Total (Aces) Home,5,"{'hdp': 14.5, 'over': '26.00'}"
74921792,2026-09-23,ATP,Hangzhou,Bet365,Jie Cui,Adolfo Daniel Vallejo,double_faults,0.5,1.0800,,2026-09-21T20:01:54Z,2026-09-23T04:00:00Z,Team Total (Double Faults) Home,5,"{'hdp': 0.5, 'over': '1.08'}"
74921792,2026-09-23,ATP,Hangzhou,Bet365,Jie Cui,Adolfo Daniel Vallejo,double_faults,1.5,1.4000,,2026-09-21T20:01:54Z,2026-09-23T04:00:00Z,Team Total (Double Faults) Home,5,"{'hdp': 1.5, 'over': '1.40'}"
74921792,2026-09-23,ATP,Hangzhou,Bet365,Jie Cui,Adolfo Daniel Vallejo,double_faults,2.5,2.1000,,2026-09-21T20:01:54Z,2026-09-23T04:00:00Z,Team Total (Double Faults) Home,5,"{'hdp': 2.5, 'over': '2.10'}"
74921792,2026-09-23,ATP,Hangzhou,Bet365,Jie Cui,Adolfo Daniel Vallejo,double_faults,4.5,7.0000,,2026-09-21T20:01:54Z,2026-09-23T04:00:00Z,Team Total (Double Faults) Home,5,"{'hdp': 4.5, 'over': '7.00'}"
74921792,2026-09-23,ATP,Hangzhou,Bet365,Jie Cui,Adolfo Daniel Vallejo,double_faults,7.5,26.0000,,2026-09-21T20:01:54Z,2026-09-23T04:00:00Z,Team Total (Double Faults) Home,5,"{'hdp': 7.5, 'over': '26.00'}"
74921792,2026-09-23,ATP,Hangzhou,Bet365,Jie Cui,Adolfo Daniel Vallejo,match_aces,4.5,1.0400,,2026-09-21T20:01:54Z,2026-09-23T04:00:00Z,Totals (Aces),8,"{'hdp': 4.5, 'over': '1.04'}"
74921792,2026-09-23,ATP,Hangzhou,Bet365,Jie Cui,Adolfo Daniel Vallejo,match_aces,9.5,1.4000,,2026-09-21T20:01:54Z,2026-09-23T04:00:00Z,Totals (Aces),8,"{'hdp': 9.5, 'over': '1.40'}"
74921792,2026-09-23,ATP,Hangzhou,Bet365,Jie Cui,Adolfo Daniel Vallejo,match_aces,14.5,2.6200,,2026-09-21T20:01:54Z,2026-09-23T04:00:00Z,Totals (Aces),8,"{'hdp': 14.5, 'over': '2.62'}"
74921792,2026-09-23,ATP,Hangzhou,Bet365,Jie Cui,Adolfo Daniel Vallejo,match_aces,19.5,5.5000,,2026-09-21T20:01:54Z,2026-09-23T04:00:00Z,Totals (Aces),8,"{'hdp': 19.5, 'over': '5.50'}"
74921792,2026-09-23,ATP,Hangzhou,Bet365,Jie Cui,Adolfo Daniel Vallejo,match_aces,24.5,13.0000,,2026-09-21T20:01:54Z,2026-09-23T04:00:00Z,Totals (Aces),8,"{'hdp': 24.5, 'over': '13.00'}"
74921792,2026-09-23,ATP,Hangzhou,Bet365,Jie Cui,Adolfo Daniel Vallejo,match_aces,29.5,26.0000,,2026-09-21T20:01:54Z,2026-09-23T04:00:00Z,Totals (Aces),8,"{'hdp': 29.5, 'over': '26.00'}"
74921792,2026-09-23,ATP,Hangzhou,Bet365,Jie Cui,Adolfo Daniel Vallejo,match_double_faults,1.5,1.0100,,2026-09-21T20:01:54Z,2026-09-23T04:00:00Z,Totals (Double Faults),8,"{'hdp': 1.5, 'over': '1.01'}"
74921792,2026-09-23,ATP,Hangzhou,Bet365,Jie Cui,Adolfo Daniel Vallejo,match_double_faults,2.5,1.0500,,2026-09-21T20:01:54Z,2026-09-23T04:00:00Z,Totals (Double Faults),8,"{'hdp': 2.5, 'over': '1.05'}"
74921792,2026-09-23,ATP,Hangzhou,Bet365,Jie Cui,Adolfo Daniel Vallejo,match_double_faults,4.5,1.3000,,2026-09-21T20:01:54Z,2026-09-23T04:00:00Z,Totals (Double Faults),8,"{'hdp': 4.5, 'over': '1.30'}"
74921792,2026-09-23,ATP,Hangzhou,Bet365,Jie Cui,Adolfo Daniel Vallejo,match_double_faults,7.5,2.6200,,2026-09-21T20:01:54Z,2026-09-23T04:00:00Z,Totals (Double Faults),8,"{'hdp': 7.5, 'over': '2.62'}"
74921792,2026-09-23,ATP,Hangzhou,Bet365,Jie Cui,Adolfo Daniel Vallejo,match_double_faults,9.5,5.0000,,2026-09-21T20:01:54Z,2026-09-23T04:00:00Z,Totals (Double Faults),8,"{'hdp': 9.5, 'over': '5.00'}"
74921792,2026-09-23,ATP,Hangzhou,Bet365,Jie Cui,Adolfo Daniel Vallejo,match_double_faults,11.5,11.0000,,2026-09-21T20:01:54Z,2026-09-23T04:00:00Z,Totals (Double Faults),8,"{'hdp': 11.5, 'over': '11.00'}"
74921792,2026-09-23,ATP,Hangzhou,Bet365,Jie Cui,Adolfo Daniel Vallejo,match_double_faults,14.5,26.0000,,2026-09-21T20:01:54Z,2026-09-23T04:00:00Z,Totals (Double Faults),8,"{'hdp': 14.5, 'over': '26.00'}"
74921792,2026-09-23,ATP,Hangzhou,Bet365,Adolfo Daniel Vallejo,Jie Cui,aces,2.5,1.0600,,2026-09-21T20:01:54Z,2026-09-23T04:00:00Z,Team Total (Aces) Away,6,"{'hdp': 2.5, 'over': '1.06'}"
74921792,2026-09-23,ATP,Hangzhou,Bet365,Adolfo Daniel Vallejo,Jie Cui,aces,4.5,1.2500,,2026-09-21T20:01:54Z,2026-09-23T04:00:00Z,Team Total (Aces) Away,6,"{'hdp': 4.5, 'over': '1.25'}"
74921792,2026-09-23,ATP,Hangzhou,Bet365,Adolfo Daniel Vallejo,Jie Cui,aces,9.5,3.0000,,2026-09-21T20:01:54Z,2026-09-23T04:00:00Z,Team Total (Aces) Away,6,"{'hdp': 9.5, 'over': '3.00'}"
74921792,2026-09-23,ATP,Hangzhou,Bet365,Adolfo Daniel Vallejo,Jie Cui,aces,14.5,11.0000,,2026-09-21T20:01:54Z,2026-09-23T04:00:00Z,Team Total (Aces) Away,6,"{'hdp': 14.5, 'over': '11.00'}"
74921792,2026-09-23,ATP,Hangzhou,Bet365,Adolfo Daniel Vallejo,Jie Cui,aces,19.5,26.0000,,2026-09-21T20:01:54Z,2026-09-23T04:00:00Z,Team Total (Aces) Away,6,"{'hdp': 19.5, 'over': '26.00'}"
74921792,2026-09-23,ATP,Hangzhou,Bet365,Adolfo Daniel Vallejo,Jie Cui,double_faults,0.5,1.0200,,2026-09-21T20:01:54Z,2026-09-23T04:00:00Z,Team Total (Double Faults) Away,7,"{'hdp': 0.5, 'over': '1.02'}"
74921792,2026-09-23,ATP,Hangzhou,Bet365,Adolfo Daniel Vallejo,Jie Cui,double_faults,1.5,1.1200,,2026-09-21T20:01:54Z,2026-09-23T04:00:00Z,Team Total (Double Faults) Away,7,"{'hdp': 1.5, 'over': '1.12'}"
74921792,2026-09-23,ATP,Hangzhou,Bet365,Adolfo Daniel Vallejo,Jie Cui,double_faults,2.5,1.3300,,2026-09-21T20:01:54Z,2026-09-23T04:00:00Z,Team Total (Double Faults) Away,7,"{'hdp': 2.5, 'over': '1.33'}"
74921792,2026-09-23,ATP,Hangzhou,Bet365,Adolfo Daniel Vallejo,Jie Cui,double_faults,4.5,2.2500,,2026-09-21T20:01:54Z,2026-09-23T04:00:00Z,Team Total (Double Faults) Away,7,"{'hdp': 4.5, 'over': '2.25'}"
74921792,2026-09-23,ATP,Hangzhou,Bet365,Adolfo Daniel Vallejo,Jie Cui,double_faults,7.5,8.0000,,2026-09-21T20:01:54Z,2026-09-23T04:00:00Z,Team Total (Double Faults) Away,7,"{'hdp': 7.5, 'over': '8.00'}"
74921792,2026-09-23,ATP,Hangzhou,Bet365,Adolfo Daniel Vallejo,Jie Cui,double_faults,9.5,19.0000,,2026-09-21T20:01:54Z,2026-09-23T04:00:00Z,Team Total (Double Faults) Away,7,"{'hdp': 9.5, 'over': '19.00'}"
74921792,2026-09-23,ATP,Hangzhou,Bet365,Adolfo Daniel Vallejo,Jie Cui,double_faults,11.5,26.0000,,2026-09-21T20:01:54Z,2026-09-23T04:00:00Z,Team Total (Double Faults) Away,7,"{'hdp': 11.5, 'over': '26.00'}"
74921794,2026-09-23,ATP,Hangzhou,Bet365,Coleman Wong,Zhizhen Zhang,aces,4.5,1.0100,,2026-09-21T20:01:54Z,2026-09-23T04:00:00Z,Team Total (Aces) Away,9,"{'hdp': 4.5, 'over': '1.01'}"
74921794,2026-09-23,ATP,Hangzhou,Bet365,Coleman Wong,Zhizhen Zhang,aces,9.5,1.1600,,2026-09-21T20:01:54Z,2026-09-23T04:00:00Z,Team Total (Aces) Away,9,"{'hdp': 9.5, 'over': '1.16'}"
74921794,2026-09-23,ATP,Hangzhou,Bet365,Coleman Wong,Zhizhen Zhang,aces,14.5,1.6100,,2026-09-21T20:01:54Z,2026-09-23T04:00:00Z,Team Total (Aces) Away,9,"{'hdp': 14.5, 'over': '1.61'}"
74921794,2026-09-23,ATP,Hangzhou,Bet365,Coleman Wong,Zhizhen Zhang,aces,19.5,2.5000,,2026-09-21T20:01:54Z,2026-09-23T04:00:00Z,Team Total (Aces) Away,9,"{'hdp': 19.5, 'over': '2.50'}"
74921794,2026-09-23,ATP,Hangzhou,Bet365,Coleman Wong,Zhizhen Zhang,aces,24.5,4.0000,,2026-09-21T20:01:54Z,2026-09-23T04:00:00Z,Team Total (Aces) Away,9,"{'hdp': 24.5, 'over': '4.00'}"
74921794,2026-09-23,ATP,Hangzhou,Bet365,Coleman Wong,Zhizhen Zhang,aces,29.5,8.0000,,2026-09-21T20:01:54Z,2026-09-23T04:00:00Z,Team Total (Aces) Away,9,"{'hdp': 29.5, 'over': '8.00'}"
74921794,2026-09-23,ATP,Hangzhou,Bet365,Coleman Wong,Zhizhen Zhang,aces,39.5,23.0000,,2026-09-21T20:01:54Z,2026-09-23T04:00:00Z,Team Total (Aces) Away,9,"{'hdp': 39.5, 'over': '23.00'}"
74921794,2026-09-23,ATP,Hangzhou,Bet365,Coleman Wong,Zhizhen Zhang,aces,49.5,26.0000,,2026-09-21T20:01:54Z,2026-09-23T04:00:00Z,Team Total (Aces) Away,9,"{'hdp': 49.5, 'over': '26.00'}"
74921794,2026-09-23,ATP,Hangzhou,Bet365,Zhizhen Zhang,Coleman Wong,aces,2.5,1.0200,,2026-09-21T20:01:54Z,2026-09-23T04:00:00Z,Team Total (Aces) Home,8,"{'hdp': 2.5, 'over': '1.02'}"
74921794,2026-09-23,ATP,Hangzhou,Bet365,Zhizhen Zhang,Coleman Wong,aces,4.5,1.1100,,2026-09-21T20:01:54Z,2026-09-23T04:00:00Z,Team Total (Aces) Home,8,"{'hdp': 4.5, 'over': '1.11'}"
74921794,2026-09-23,ATP,Hangzhou,Bet365,Zhizhen Zhang,Coleman Wong,aces,9.5,1.7200,,2026-09-21T20:01:54Z,2026-09-23T04:00:00Z,Team Total (Aces) Home,8,"{'hdp': 9.5, 'over': '1.72'}"
74921794,2026-09-23,ATP,Hangzhou,Bet365,Zhizhen Zhang,Coleman Wong,aces,14.5,3.4000,,2026-09-21T20:01:54Z,2026-09-23T04:00:00Z,Team Total (Aces) Home,8,"{'hdp': 14.5, 'over': '3.40'}"
74921794,2026-09-23,ATP,Hangzhou,Bet365,Zhizhen Zhang,Coleman Wong,aces,19.5,7.0000,,2026-09-21T20:01:54Z,2026-09-23T04:00:00Z,Team Total (Aces) Home,8,"{'hdp': 19.5, 'over': '7.00'}"
74921794,2026-09-23,ATP,Hangzhou,Bet365,Zhizhen Zhang,Coleman Wong,aces,24.5,17.0000,,2026-09-21T20:01:54Z,2026-09-23T04:00:00Z,Team Total (Aces) Home,8,"{'hdp': 24.5, 'over': '17.00'}"
74921794,2026-09-23,ATP,Hangzhou,Bet365,Zhizhen Zhang,Coleman Wong,aces,29.5,26.0000,,2026-09-21T20:01:54Z,2026-09-23T04:00:00Z,Team Total (Aces) Home,8,"{'hdp': 29.5, 'over': '26.00'}"
74921794,2026-09-23,ATP,Hangzhou,Bet365,Coleman Wong,Zhizhen Zhang,double_faults,0.5,1.0400,,2026-09-21T20:01:54Z,2026-09-23T04:00:00Z,Team Total (Double Faults) Away,6,"{'hdp': 0.5, 'over': '1.04'}"
74921794,2026-09-23,ATP,Hangzhou,Bet365,Coleman Wong,Zhizhen Zhang,double_faults,1.5,1.1800,,2026-09-21T20:01:54Z,2026-09-23T04:00:00Z,Team Total (Double Faults) Away,6,"{'hdp': 1.5, 'over': '1.18'}"
74921794,2026-09-23,ATP,Hangzhou,Bet365,Coleman Wong,Zhizhen Zhang,double_faults,2.5,1.5000,,2026-09-21T20:01:54Z,2026-09-23T04:00:00Z,Team Total (Double Faults) Away,6,"{'hdp': 2.5, 'over': '1.50'}"
74921794,2026-09-23,ATP,Hangzhou,Bet365,Coleman Wong,Zhizhen Zhang,double_faults,4.5,3.2500,,2026-09-21T20:01:54Z,2026-09-23T04:00:00Z,Team Total (Double Faults) Away,6,"{'hdp': 4.5, 'over': '3.25'}"
74921794,2026-09-23,ATP,Hangzhou,Bet365,Coleman Wong,Zhizhen Zhang,double_faults,7.5,13.0000,,2026-09-21T20:01:54Z,2026-09-23T04:00:00Z,Team Total (Double Faults) Away,6,"{'hdp': 7.5, 'over': '13.00'}"
74921794,2026-09-23,ATP,Hangzhou,Bet365,Coleman Wong,Zhizhen Zhang,double_faults,9.5,26.0000,,2026-09-21T20:01:54Z,2026-09-23T04:00:00Z,Team Total (Double Faults) Away,6,"{'hdp': 9.5, 'over': '26.00'}"
74921794,2026-09-23,ATP,Hangzhou,Bet365,Zhizhen Zhang,Coleman Wong,double_faults,0.5,1.0500,,2026-09-21T20:01:54Z,2026-09-23T04:00:00Z,Team Total (Double Faults) Home,5,"{'hdp': 0.5, 'over': '1.05'}"
74921794,2026-09-23,ATP,Hangzhou,Bet365,Zhizhen Zhang,Coleman Wong,double_faults,1.5,1.2500,,2026-09-21T20:01:54Z,2026-09-23T04:00:00Z,Team Total (Double Faults) Home,5,"{'hdp': 1.5, 'over': '1.25'}"
74921794,2026-09-23,ATP,Hangzhou,Bet365,Zhizhen Zhang,Coleman Wong,double_faults,2.5,1.7200,,2026-09-21T20:01:54Z,2026-09-23T04:00:00Z,Team Total (Double Faults) Home,5,"{'hdp': 2.5, 'over': '1.72'}"
74921794,2026-09-23,ATP,Hangzhou,Bet365,Zhizhen Zhang,Coleman Wong,double_faults,4.5,4.5000,,2026-09-21T20:01:54Z,2026-09-23T04:00:00Z,Team Total (Double Faults) Home,5,"{'hdp': 4.5, 'over': '4.50'}"
74921794,2026-09-23,ATP,Hangzhou,Bet365,Zhizhen Zhang,Coleman Wong,double_faults,7.5,26.0000,,2026-09-21T20:01:54Z,2026-09-23T04:00:00Z,Team Total (Double Faults) Home,5,"{'hdp': 7.5, 'over': '26.00'}"
74921794,2026-09-23,ATP,Hangzhou,Bet365,Zhizhen Zhang,Coleman Wong,match_aces,14.5,1.0600,,2026-09-21T20:01:54Z,2026-09-23T04:00:00Z,Totals (Aces),8,"{'hdp': 14.5, 'over': '1.06'}"
74921794,2026-09-23,ATP,Hangzhou,Bet365,Zhizhen Zhang,Coleman Wong,match_aces,19.5,1.2200,,2026-09-21T20:01:54Z,2026-09-23T04:00:00Z,Totals (Aces),8,"{'hdp': 19.5, 'over': '1.22'}"
74921794,2026-09-23,ATP,Hangzhou,Bet365,Zhizhen Zhang,Coleman Wong,match_aces,24.5,1.5300,,2026-09-21T20:01:54Z,2026-09-23T04:00:00Z,Totals (Aces),8,"{'hdp': 24.5, 'over': '1.53'}"
74921794,2026-09-23,ATP,Hangzhou,Bet365,Zhizhen Zhang,Coleman Wong,match_aces,29.5,2.1000,,2026-09-21T20:01:54Z,2026-09-23T04:00:00Z,Totals (Aces),8,"{'hdp': 29.5, 'over': '2.10'}"
74921794,2026-09-23,ATP,Hangzhou,Bet365,Zhizhen Zhang,Coleman Wong,match_aces,39.5,5.0000,,2026-09-21T20:01:54Z,2026-09-23T04:00:00Z,Totals (Aces),8,"{'hdp': 39.5, 'over': '5.00'}"
74921794,2026-09-23,ATP,Hangzhou,Bet365,Zhizhen Zhang,Coleman Wong,match_aces,49.5,13.0000,,2026-09-21T20:01:54Z,2026-09-23T04:00:00Z,Totals (Aces),8,"{'hdp': 49.5, 'over': '13.00'}"
74921794,2026-09-23,ATP,Hangzhou,Bet365,Zhizhen Zhang,Coleman Wong,match_double_faults,1.5,1.0100,,2026-09-21T20:01:54Z,2026-09-23T04:00:00Z,Totals (Double Faults),8,"{'hdp': 1.5, 'over': '1.01'}"
74921794,2026-09-23,ATP,Hangzhou,Bet365,Zhizhen Zhang,Coleman Wong,match_double_faults,2.5,1.0500,,2026-09-21T20:01:54Z,2026-09-23T04:00:00Z,Totals (Double Faults),8,"{'hdp': 2.5, 'over': '1.05'}"
74921794,2026-09-23,ATP,Hangzhou,Bet365,Zhizhen Zhang,Coleman Wong,match_double_faults,4.5,1.3300,,2026-09-21T20:01:54Z,2026-09-23T04:00:00Z,Totals (Double Faults),8,"{'hdp': 4.5, 'over': '1.33'}"
74921794,2026-09-23,ATP,Hangzhou,Bet365,Zhizhen Zhang,Coleman Wong,match_double_faults,7.5,2.6200,,2026-09-21T20:01:54Z,2026-09-23T04:00:00Z,Totals (Double Faults),8,"{'hdp': 7.5, 'over': '2.62'}"
74921794,2026-09-23,ATP,Hangzhou,Bet365,Zhizhen Zhang,Coleman Wong,match_double_faults,9.5,5.5000,,2026-09-21T20:01:54Z,2026-09-23T04:00:00Z,Totals (Double Faults),8,"{'hdp': 9.5, 'over': '5.50'}"
74921794,2026-09-23,ATP,Hangzhou,Bet365,Zhizhen Zhang,Coleman Wong,match_double_faults,11.5,13.0000,,2026-09-21T20:01:54Z,2026-09-23T04:00:00Z,Totals (Double Faults),8,"{'hdp': 11.5, 'over': '13.00'}"
74921794,2026-09-23,ATP,Hangzhou,Bet365,Zhizhen Zhang,Coleman Wong,match_double_faults,14.5,26.0000,,2026-09-21T20:01:54Z,2026-09-23T04:00:00Z,Totals (Double Faults),8,"{'hdp': 14.5, 'over': '26.00'}"
74923148,2026-09-23,ATP,Chengdu,Bet365,James Duckworth,Lorenzo Sonego,match_aces,9.5,1.0300,,2026-09-21T20:01:54Z,2026-09-23T05:00:00Z,Totals (Aces),8,"{'hdp': 9.5, 'over': '1.03'}"
74923148,2026-09-23,ATP,Chengdu,Bet365,James Duckworth,Lorenzo Sonego,match_aces,14.5,1.1600,,2026-09-21T20:01:54Z,2026-09-23T05:00:00Z,Totals (Aces),8,"{'hdp': 14.5, 'over': '1.16'}"
74923148,2026-09-23,ATP,Chengdu,Bet365,James Duckworth,Lorenzo Sonego,match_aces,19.5,1.5000,,2026-09-21T20:01:54Z,2026-09-23T05:00:00Z,Totals (Aces),8,"{'hdp': 19.5, 'over': '1.50'}"
74923148,2026-09-23,ATP,Chengdu,Bet365,James Duckworth,Lorenzo Sonego,match_aces,24.5,2.2000,,2026-09-21T20:01:54Z,2026-09-23T05:00:00Z,Totals (Aces),8,"{'hdp': 24.5, 'over': '2.20'}"
74923148,2026-09-23,ATP,Chengdu,Bet365,James Duckworth,Lorenzo Sonego,match_aces,29.5,3.5000,,2026-09-21T20:01:54Z,2026-09-23T05:00:00Z,Totals (Aces),8,"{'hdp': 29.5, 'over': '3.50'}"
74923148,2026-09-23,ATP,Chengdu,Bet365,James Duckworth,Lorenzo Sonego,match_aces,39.5,11.0000,,2026-09-21T20:01:54Z,2026-09-23T05:00:00Z,Totals (Aces),8,"{'hdp': 39.5, 'over': '11.00'}"
74923148,2026-09-23,ATP,Chengdu,Bet365,James Duckworth,Lorenzo Sonego,match_aces,49.5,26.0000,,2026-09-21T20:01:54Z,2026-09-23T05:00:00Z,Totals (Aces),8,"{'hdp': 49.5, 'over': '26.00'}"
74923148,2026-09-23,ATP,Chengdu,Bet365,James Duckworth,Lorenzo Sonego,aces,2.5,1.0300,,2026-09-21T20:01:54Z,2026-09-23T05:00:00Z,Team Total (Aces) Home,7,"{'hdp': 2.5, 'over': '1.03'}"
74923148,2026-09-23,ATP,Chengdu,Bet365,James Duckworth,Lorenzo Sonego,aces,4.5,1.1400,,2026-09-21T20:01:54Z,2026-09-23T05:00:00Z,Team Total (Aces) Home,7,"{'hdp': 4.5, 'over': '1.14'}"
74923148,2026-09-23,ATP,Chengdu,Bet365,James Duckworth,Lorenzo Sonego,aces,9.5,1.9000,,2026-09-21T20:01:54Z,2026-09-23T05:00:00Z,Team Total (Aces) Home,7,"{'hdp': 9.5, 'over': '1.90'}"
74923148,2026-09-23,ATP,Chengdu,Bet365,James Duckworth,Lorenzo Sonego,aces,14.5,4.3300,,2026-09-21T20:01:54Z,2026-09-23T05:00:00Z,Team Total (Aces) Home,7,"{'hdp': 14.5, 'over': '4.33'}"
74923148,2026-09-23,ATP,Chengdu,Bet365,James Duckworth,Lorenzo Sonego,aces,19.5,13.0000,,2026-09-21T20:01:54Z,2026-09-23T05:00:00Z,Team Total (Aces) Home,7,"{'hdp': 19.5, 'over': '13.00'}"
74923148,2026-09-23,ATP,Chengdu,Bet365,James Duckworth,Lorenzo Sonego,aces,24.5,26.0000,,2026-09-21T20:01:54Z,2026-09-23T05:00:00Z,Team Total (Aces) Home,7,"{'hdp': 24.5, 'over': '26.00'}"
74923148,2026-09-23,ATP,Chengdu,Bet365,Lorenzo Sonego,James Duckworth,double_faults,0.5,1.2800,,2026-09-21T20:01:54Z,2026-09-23T05:00:00Z,Team Total (Double Faults) Away,4,"{'hdp': 0.5, 'over': '1.28'}"
74923148,2026-09-23,ATP,Chengdu,Bet365,Lorenzo Sonego,James Duckworth,double_faults,1.5,2.2500,,2026-09-21T20:01:54Z,2026-09-23T05:00:00Z,Team Total (Double Faults) Away,4,"{'hdp': 1.5, 'over': '2.25'}"
74923148,2026-09-23,ATP,Chengdu,Bet365,Lorenzo Sonego,James Duckworth,double_faults,2.5,4.5000,,2026-09-21T20:01:54Z,2026-09-23T05:00:00Z,Team Total (Double Faults) Away,4,"{'hdp': 2.5, 'over': '4.50'}"
74923148,2026-09-23,ATP,Chengdu,Bet365,Lorenzo Sonego,James Duckworth,double_faults,4.5,26.0000,,2026-09-21T20:01:54Z,2026-09-23T05:00:00Z,Team Total (Double Faults) Away,4,"{'hdp': 4.5, 'over': '26.00'}"
74923148,2026-09-23,ATP,Chengdu,Bet365,James Duckworth,Lorenzo Sonego,double_faults,0.5,1.0700,,2026-09-21T20:01:54Z,2026-09-23T05:00:00Z,Team Total (Double Faults) Home,5,"{'hdp': 0.5, 'over': '1.07'}"
74923148,2026-09-23,ATP,Chengdu,Bet365,James Duckworth,Lorenzo Sonego,double_faults,1.5,1.3600,,2026-09-21T20:01:54Z,2026-09-23T05:00:00Z,Team Total (Double Faults) Home,5,"{'hdp': 1.5, 'over': '1.36'}"
74923148,2026-09-23,ATP,Chengdu,Bet365,James Duckworth,Lorenzo Sonego,double_faults,2.5,2.0000,,2026-09-21T20:01:54Z,2026-09-23T05:00:00Z,Team Total (Double Faults) Home,5,"{'hdp': 2.5, 'over': '2.00'}"
74923148,2026-09-23,ATP,Chengdu,Bet365,James Duckworth,Lorenzo Sonego,double_faults,4.5,6.0000,,2026-09-21T20:01:54Z,2026-09-23T05:00:00Z,Team Total (Double Faults) Home,5,"{'hdp': 4.5, 'over': '6.00'}"
74923148,2026-09-23,ATP,Chengdu,Bet365,James Duckworth,Lorenzo Sonego,double_faults,7.5,26.0000,,2026-09-21T20:01:54Z,2026-09-23T05:00:00Z,Team Total (Double Faults) Home,5,"{'hdp': 7.5, 'over': '26.00'}"
74923148,2026-09-23,ATP,Chengdu,Bet365,James Duckworth,Lorenzo Sonego,match_double_faults,0.5,1.0100,,2026-09-21T20:01:54Z,2026-09-23T05:00:00Z,Totals (Double Faults),6,"{'hdp': 0.5, 'over': '1.01'}"
74923148,2026-09-23,ATP,Chengdu,Bet365,James Duckworth,Lorenzo Sonego,match_double_faults,1.5,1.1000,,2026-09-21T20:01:54Z,2026-09-23T05:00:00Z,Totals (Double Faults),6,"{'hdp': 1.5, 'over': '1.10'}"
74923148,2026-09-23,ATP,Chengdu,Bet365,James Duckworth,Lorenzo Sonego,match_double_faults,2.5,1.3000,,2026-09-21T20:01:54Z,2026-09-23T05:00:00Z,Totals (Double Faults),6,"{'hdp': 2.5, 'over': '1.30'}"
74923148,2026-09-23,ATP,Chengdu,Bet365,James Duckworth,Lorenzo Sonego,match_double_faults,4.5,2.5000,,2026-09-21T20:01:54Z,2026-09-23T05:00:00Z,Totals (Double Faults),6,"{'hdp': 4.5, 'over': '2.50'}"
74923148,2026-09-23,ATP,Chengdu,Bet365,James Duckworth,Lorenzo Sonego,match_double_faults,7.5,11.0000,,2026-09-21T20:01:54Z,2026-09-23T05:00:00Z,Totals (Double Faults),6,"{'hdp': 7.5, 'over': '11.00'}"
74923148,2026-09-23,ATP,Chengdu,Bet365,James Duckworth,Lorenzo Sonego,match_double_faults,9.5,26.0000,,2026-09-21T20:01:54Z,2026-09-23T05:00:00Z,Totals (Double Faults),6,"{'hdp': 9.5, 'over': '26.00'}"
74923148,2026-09-23,ATP,Chengdu,Bet365,Lorenzo Sonego,James Duckworth,aces,2.5,1.0100,,2026-09-21T20:01:54Z,2026-09-23T05:00:00Z,Team Total (Aces) Away,9,"{'hdp': 2.5, 'over': '1.01'}"
74923148,2026-09-23,ATP,Chengdu,Bet365,Lorenzo Sonego,James Duckworth,aces,4.5,1.0500,,2026-09-21T20:01:54Z,2026-09-23T05:00:00Z,Team Total (Aces) Away,9,"{'hdp': 4.5, 'over': '1.05'}"
74923148,2026-09-23,ATP,Chengdu,Bet365,Lorenzo Sonego,James Duckworth,aces,9.5,1.4000,,2026-09-21T20:01:54Z,2026-09-23T05:00:00Z,Team Total (Aces) Away,9,"{'hdp': 9.5, 'over': '1.40'}"
74923148,2026-09-23,ATP,Chengdu,Bet365,Lorenzo Sonego,James Duckworth,aces,14.5,2.2500,,2026-09-21T20:01:54Z,2026-09-23T05:00:00Z,Team Total (Aces) Away,9,"{'hdp': 14.5, 'over': '2.25'}"
74923148,2026-09-23,ATP,Chengdu,Bet365,Lorenzo Sonego,James Duckworth,aces,19.5,4.3300,,2026-09-21T20:01:54Z,2026-09-23T05:00:00Z,Team Total (Aces) Away,9,"{'hdp': 19.5, 'over': '4.33'}"
74923148,2026-09-23,ATP,Chengdu,Bet365,Lorenzo Sonego,James Duckworth,aces,24.5,9.0000,,2026-09-21T20:01:54Z,2026-09-23T05:00:00Z,Team Total (Aces) Away,9,"{'hdp': 24.5, 'over': '9.00'}"
74923148,2026-09-23,ATP,Chengdu,Bet365,Lorenzo Sonego,James Duckworth,aces,29.5,19.0000,,2026-09-21T20:01:54Z,2026-09-23T05:00:00Z,Team Total (Aces) Away,9,"{'hdp': 29.5, 'over': '19.00'}"
74923148,2026-09-23,ATP,Chengdu,Bet365,Lorenzo Sonego,James Duckworth,aces,39.5,26.0000,,2026-09-21T20:01:54Z,2026-09-23T05:00:00Z,Team Total (Aces) Away,9,"{'hdp': 39.5, 'over': '26.00'}"
74923150,2026-09-23,ATP,Chengdu,Bet365,Sebastian Baez,Jenson Brooksby,aces,0.5,1.0200,,2026-09-21T20:01:54Z,2026-09-23T05:00:00Z,Team Total (Aces) Home,5,"{'hdp': 0.5, 'over': '1.02'}"
74923150,2026-09-23,ATP,Chengdu,Bet365,Sebastian Baez,Jenson Brooksby,aces,2.5,1.3000,,2026-09-21T20:01:54Z,2026-09-23T05:00:00Z,Team Total (Aces) Home,5,"{'hdp': 2.5, 'over': '1.30'}"
74923150,2026-09-23,ATP,Chengdu,Bet365,Sebastian Baez,Jenson Brooksby,aces,4.5,2.1000,,2026-09-21T20:01:54Z,2026-09-23T05:00:00Z,Team Total (Aces) Home,5,"{'hdp': 4.5, 'over': '2.10'}"
74923150,2026-09-23,ATP,Chengdu,Bet365,Sebastian Baez,Jenson Brooksby,aces,9.5,13.0000,,2026-09-21T20:01:54Z,2026-09-23T05:00:00Z,Team Total (Aces) Home,5,"{'hdp': 9.5, 'over': '13.00'}"
74923150,2026-09-23,ATP,Chengdu,Bet365,Sebastian Baez,Jenson Brooksby,aces,14.5,26.0000,,2026-09-21T20:01:54Z,2026-09-23T05:00:00Z,Team Total (Aces) Home,5,"{'hdp': 14.5, 'over': '26.00'}"
74923150,2026-09-23,ATP,Chengdu,Bet365,Sebastian Baez,Jenson Brooksby,match_double_faults,0.5,1.0100,,2026-09-21T20:01:54Z,2026-09-23T05:00:00Z,Totals (Double Faults),6,"{'hdp': 0.5, 'over': '1.01'}"
74923150,2026-09-23,ATP,Chengdu,Bet365,Sebastian Baez,Jenson Brooksby,match_double_faults,1.5,1.1000,,2026-09-21T20:01:54Z,2026-09-23T05:00:00Z,Totals (Double Faults),6,"{'hdp': 1.5, 'over': '1.10'}"
74923150,2026-09-23,ATP,Chengdu,Bet365,Sebastian Baez,Jenson Brooksby,match_double_faults,2.5,1.3300,,2026-09-21T20:01:54Z,2026-09-23T05:00:00Z,Totals (Double Faults),6,"{'hdp': 2.5, 'over': '1.33'}"
74923150,2026-09-23,ATP,Chengdu,Bet365,Sebastian Baez,Jenson Brooksby,match_double_faults,4.5,2.5000,,2026-09-21T20:01:54Z,2026-09-23T05:00:00Z,Totals (Double Faults),6,"{'hdp': 4.5, 'over': '2.50'}"
74923150,2026-09-23,ATP,Chengdu,Bet365,Sebastian Baez,Jenson Brooksby,match_double_faults,7.5,11.0000,,2026-09-21T20:01:54Z,2026-09-23T05:00:00Z,Totals (Double Faults),6,"{'hdp': 7.5, 'over': '11.00'}"
74923150,2026-09-23,ATP,Chengdu,Bet365,Sebastian Baez,Jenson Brooksby,match_double_faults,9.5,26.0000,,2026-09-21T20:01:54Z,2026-09-23T05:00:00Z,Totals (Double Faults),6,"{'hdp': 9.5, 'over': '26.00'}"
74923150,2026-09-23,ATP,Chengdu,Bet365,Jenson Brooksby,Sebastian Baez,aces,2.5,1.0600,,2026-09-21T20:01:54Z,2026-09-23T05:00:00Z,Team Total (Aces) Away,6,"{'hdp': 2.5, 'over': '1.06'}"
74923150,2026-09-23,ATP,Chengdu,Bet365,Jenson Brooksby,Sebastian Baez,aces,4.5,1.2500,,2026-09-21T20:01:54Z,2026-09-23T05:00:00Z,Team Total (Aces) Away,6,"{'hdp': 4.5, 'over': '1.25'}"
74923150,2026-09-23,ATP,Chengdu,Bet365,Jenson Brooksby,Sebastian Baez,aces,9.5,2.7500,,2026-09-21T20:01:54Z,2026-09-23T05:00:00Z,Team Total (Aces) Away,6,"{'hdp': 9.5, 'over': '2.75'}"
74923150,2026-09-23,ATP,Chengdu,Bet365,Jenson Brooksby,Sebastian Baez,aces,14.5,10.0000,,2026-09-21T20:01:54Z,2026-09-23T05:00:00Z,Team Total (Aces) Away,6,"{'hdp': 14.5, 'over': '10.00'}"
74923150,2026-09-23,ATP,Chengdu,Bet365,Jenson Brooksby,Sebastian Baez,aces,19.5,26.0000,,2026-09-21T20:01:54Z,2026-09-23T05:00:00Z,Team Total (Aces) Away,6,"{'hdp': 19.5, 'over': '26.00'}"
74923150,2026-09-23,ATP,Chengdu,Bet365,Jenson Brooksby,Sebastian Baez,double_faults,0.5,1.4000,,2026-09-21T20:01:54Z,2026-09-23T05:00:00Z,Team Total (Double Faults) Away,4,"{'hdp': 0.5, 'over': '1.40'}"
74923150,2026-09-23,ATP,Chengdu,Bet365,Jenson Brooksby,Sebastian Baez,double_faults,1.5,2.7500,,2026-09-21T20:01:54Z,2026-09-23T05:00:00Z,Team Total (Double Faults) Away,4,"{'hdp': 1.5, 'over': '2.75'}"
74923150,2026-09-23,ATP,Chengdu,Bet365,Jenson Brooksby,Sebastian Baez,double_faults,2.5,6.5000,,2026-09-21T20:01:54Z,2026-09-23T05:00:00Z,Team Total (Double Faults) Away,4,"{'hdp': 2.5, 'over': '6.50'}"
74923150,2026-09-23,ATP,Chengdu,Bet365,Jenson Brooksby,Sebastian Baez,double_faults,4.5,26.0000,,2026-09-21T20:01:54Z,2026-09-23T05:00:00Z,Team Total (Double Faults) Away,4,"{'hdp': 4.5, 'over': '26.00'}"
74923150,2026-09-23,ATP,Chengdu,Bet365,Sebastian Baez,Jenson Brooksby,double_faults,0.5,1.0600,,2026-09-21T20:01:54Z,2026-09-23T05:00:00Z,Team Total (Double Faults) Home,5,"{'hdp': 0.5, 'over': '1.06'}"
74923150,2026-09-23,ATP,Chengdu,Bet365,Sebastian Baez,Jenson Brooksby,double_faults,1.5,1.3000,,2026-09-21T20:01:54Z,2026-09-23T05:00:00Z,Team Total (Double Faults) Home,5,"{'hdp': 1.5, 'over': '1.30'}"
74923150,2026-09-23,ATP,Chengdu,Bet365,Sebastian Baez,Jenson Brooksby,double_faults,2.5,1.8300,,2026-09-21T20:01:54Z,2026-09-23T05:00:00Z,Team Total (Double Faults) Home,5,"{'hdp': 2.5, 'over': '1.83'}"
74923150,2026-09-23,ATP,Chengdu,Bet365,Sebastian Baez,Jenson Brooksby,double_faults,4.5,5.5000,,2026-09-21T20:01:54Z,2026-09-23T05:00:00Z,Team Total (Double Faults) Home,5,"{'hdp': 4.5, 'over': '5.50'}"
74923150,2026-09-23,ATP,Chengdu,Bet365,Sebastian Baez,Jenson Brooksby,double_faults,7.5,26.0000,,2026-09-21T20:01:54Z,2026-09-23T05:00:00Z,Team Total (Double Faults) Home,5,"{'hdp': 7.5, 'over': '26.00'}"
74923150,2026-09-23,ATP,Chengdu,Bet365,Sebastian Baez,Jenson Brooksby,match_aces,4.5,1.0500,,2026-09-21T20:01:54Z,2026-09-23T05:00:00Z,Totals (Aces),8,"{'hdp': 4.5, 'over': '1.05'}"
74923150,2026-09-23,ATP,Chengdu,Bet365,Sebastian Baez,Jenson Brooksby,match_aces,9.5,1.4400,,2026-09-21T20:01:54Z,2026-09-23T05:00:00Z,Totals (Aces),8,"{'hdp': 9.5, 'over': '1.44'}"
74923150,2026-09-23,ATP,Chengdu,Bet365,Sebastian Baez,Jenson Brooksby,match_aces,14.5,2.7500,,2026-09-21T20:01:54Z,2026-09-23T05:00:00Z,Totals (Aces),8,"{'hdp': 14.5, 'over': '2.75'}"
74923150,2026-09-23,ATP,Chengdu,Bet365,Sebastian Baez,Jenson Brooksby,match_aces,19.5,6.5000,,2026-09-21T20:01:54Z,2026-09-23T05:00:00Z,Totals (Aces),8,"{'hdp': 19.5, 'over': '6.50'}"
74923150,2026-09-23,ATP,Chengdu,Bet365,Sebastian Baez,Jenson Brooksby,match_aces,24.5,17.0000,,2026-09-21T20:01:54Z,2026-09-23T05:00:00Z,Totals (Aces),8,"{'hdp': 24.5, 'over': '17.00'}"
74923150,2026-09-23,ATP,Chengdu,Bet365,Sebastian Baez,Jenson Brooksby,match_aces,29.5,26.0000,,2026-09-21T20:01:54Z,2026-09-23T05:00:00Z,Totals (Aces),8,"{'hdp': 29.5, 'over': '26.00'}"
74923152,2026-09-23,ATP,Chengdu,Bet365,Tallon Griekspoor,Denis Shapovalov,match_aces,9.5,1.0300,,2026-09-21T20:01:54Z,2026-09-23T05:00:00Z,Totals (Aces),8,"{'hdp': 9.5, 'over': '1.03'}"
74923152,2026-09-23,ATP,Chengdu,Bet365,Tallon Griekspoor,Denis Shapovalov,match_aces,14.5,1.1600,,2026-09-21T20:01:54Z,2026-09-23T05:00:00Z,Totals (Aces),8,"{'hdp': 14.5, 'over': '1.16'}"
74923152,2026-09-23,ATP,Chengdu,Bet365,Tallon Griekspoor,Denis Shapovalov,match_aces,19.5,1.5300,,2026-09-21T20:01:54Z,2026-09-23T05:00:00Z,Totals (Aces),8,"{'hdp': 19.5, 'over': '1.53'}"
74923152,2026-09-23,ATP,Chengdu,Bet365,Tallon Griekspoor,Denis Shapovalov,match_aces,24.5,2.2000,,2026-09-21T20:01:54Z,2026-09-23T05:00:00Z,Totals (Aces),8,"{'hdp': 24.5, 'over': '2.20'}"
74923152,2026-09-23,ATP,Chengdu,Bet365,Tallon Griekspoor,Denis Shapovalov,match_aces,29.5,3.5000,,2026-09-21T20:01:54Z,2026-09-23T05:00:00Z,Totals (Aces),8,"{'hdp': 29.5, 'over': '3.50'}"
74923152,2026-09-23,ATP,Chengdu,Bet365,Tallon Griekspoor,Denis Shapovalov,match_aces,39.5,11.0000,,2026-09-21T20:01:54Z,2026-09-23T05:00:00Z,Totals (Aces),8,"{'hdp': 39.5, 'over': '11.00'}"
74923152,2026-09-23,ATP,Chengdu,Bet365,Tallon Griekspoor,Denis Shapovalov,match_aces,49.5,26.0000,,2026-09-21T20:01:54Z,2026-09-23T05:00:00Z,Totals (Aces),8,"{'hdp': 49.5, 'over': '26.00'}"
74923152,2026-09-23,ATP,Chengdu,Bet365,Tallon Griekspoor,Denis Shapovalov,double_faults,0.5,1.0200,,2026-09-21T20:01:54Z,2026-09-23T05:00:00Z,Team Total (Double Faults) Home,6,"{'hdp': 0.5, 'over': '1.02'}"
74923152,2026-09-23,ATP,Chengdu,Bet365,Tallon Griekspoor,Denis Shapovalov,double_faults,1.5,1.1200,,2026-09-21T20:01:54Z,2026-09-23T05:00:00Z,Team Total (Double Faults) Home,6,"{'hdp': 1.5, 'over': '1.12'}"
74923152,2026-09-23,ATP,Chengdu,Bet365,Tallon Griekspoor,Denis Shapovalov,double_faults,2.5,1.4000,,2026-09-21T20:01:54Z,2026-09-23T05:00:00Z,Team Total (Double Faults) Home,6,"{'hdp': 2.5, 'over': '1.40'}"
74923152,2026-09-23,ATP,Chengdu,Bet365,Tallon Griekspoor,Denis Shapovalov,double_faults,4.5,2.7500,,2026-09-21T20:01:54Z,2026-09-23T05:00:00Z,Team Total (Double Faults) Home,6,"{'hdp': 4.5, 'over': '2.75'}"
74923152,2026-09-23,ATP,Chengdu,Bet365,Tallon Griekspoor,Denis Shapovalov,double_faults,7.5,13.0000,,2026-09-21T20:01:54Z,2026-09-23T05:00:00Z,Team Total (Double Faults) Home,6,"{'hdp': 7.5, 'over': '13.00'}"
74923152,2026-09-23,ATP,Chengdu,Bet365,Tallon Griekspoor,Denis Shapovalov,double_faults,9.5,26.0000,,2026-09-21T20:01:54Z,2026-09-23T05:00:00Z,Team Total (Double Faults) Home,6,"{'hdp': 9.5, 'over': '26.00'}"
74923152,2026-09-23,ATP,Chengdu,Bet365,Tallon Griekspoor,Denis Shapovalov,match_double_faults,4.5,1.0400,,2026-09-21T20:01:54Z,2026-09-23T05:00:00Z,Totals (Double Faults),9,"{'hdp': 4.5, 'over': '1.04'}"
74923152,2026-09-23,ATP,Chengdu,Bet365,Tallon Griekspoor,Denis Shapovalov,match_double_faults,7.5,1.3000,,2026-09-21T20:01:54Z,2026-09-23T05:00:00Z,Totals (Double Faults),9,"{'hdp': 7.5, 'over': '1.30'}"
74923152,2026-09-23,ATP,Chengdu,Bet365,Tallon Griekspoor,Denis Shapovalov,match_double_faults,9.5,1.7200,,2026-09-21T20:01:54Z,2026-09-23T05:00:00Z,Totals (Double Faults),9,"{'hdp': 9.5, 'over': '1.72'}"
74923152,2026-09-23,ATP,Chengdu,Bet365,Tallon Griekspoor,Denis Shapovalov,match_double_faults,11.5,2.5000,,2026-09-21T20:01:54Z,2026-09-23T05:00:00Z,Totals (Double Faults),9,"{'hdp': 11.5, 'over': '2.50'}"
74923152,2026-09-23,ATP,Chengdu,Bet365,Tallon Griekspoor,Denis Shapovalov,match_double_faults,14.5,5.5000,,2026-09-21T20:01:54Z,2026-09-23T05:00:00Z,Totals (Double Faults),9,"{'hdp': 14.5, 'over': '5.50'}"
74923152,2026-09-23,ATP,Chengdu,Bet365,Tallon Griekspoor,Denis Shapovalov,match_double_faults,19.5,23.0000,,2026-09-21T20:01:54Z,2026-09-23T05:00:00Z,Totals (Double Faults),9,"{'hdp': 19.5, 'over': '23.00'}"
74923152,2026-09-23,ATP,Chengdu,Bet365,Tallon Griekspoor,Denis Shapovalov,match_double_faults,24.5,26.0000,,2026-09-21T20:01:54Z,2026-09-23T05:00:00Z,Totals (Double Faults),9,"{'hdp': 24.5, 'over': '26.00'}"
74923152,2026-09-23,ATP,Chengdu,Bet365,Denis Shapovalov,Tallon Griekspoor,aces,2.5,1.0100,,2026-09-21T20:01:54Z,2026-09-23T05:00:00Z,Team Total (Aces) Away,8,"{'hdp': 2.5, 'over': '1.01'}"
74923152,2026-09-23,ATP,Chengdu,Bet365,Denis Shapovalov,Tallon Griekspoor,aces,4.5,1.0700,,2026-09-21T20:01:54Z,2026-09-23T05:00:00Z,Team Total (Aces) Away,8,"{'hdp': 4.5, 'over': '1.07'}"
74923152,2026-09-23,ATP,Chengdu,Bet365,Denis Shapovalov,Tallon Griekspoor,aces,9.5,1.5000,,2026-09-21T20:01:54Z,2026-09-23T05:00:00Z,Team Total (Aces) Away,8,"{'hdp': 9.5, 'over': '1.50'}"
74923152,2026-09-23,ATP,Chengdu,Bet365,Denis Shapovalov,Tallon Griekspoor,aces,14.5,2.6200,,2026-09-21T20:01:54Z,2026-09-23T05:00:00Z,Team Total (Aces) Away,8,"{'hdp': 14.5, 'over': '2.62'}"
74923152,2026-09-23,ATP,Chengdu,Bet365,Denis Shapovalov,Tallon Griekspoor,aces,19.5,5.5000,,2026-09-21T20:01:54Z,2026-09-23T05:00:00Z,Team Total (Aces) Away,8,"{'hdp': 19.5, 'over': '5.50'}"
74923152,2026-09-23,ATP,Chengdu,Bet365,Denis Shapovalov,Tallon Griekspoor,aces,24.5,13.0000,,2026-09-21T20:01:54Z,2026-09-23T05:00:00Z,Team Total (Aces) Away,8,"{'hdp': 24.5, 'over': '13.00'}"
74923152,2026-09-23,ATP,Chengdu,Bet365,Denis Shapovalov,Tallon Griekspoor,aces,29.5,26.0000,,2026-09-21T20:01:54Z,2026-09-23T05:00:00Z,Team Total (Aces) Away,8,"{'hdp': 29.5, 'over': '26.00'}"
74923152,2026-09-23,ATP,Chengdu,Bet365,Tallon Griekspoor,Denis Shapovalov,aces,2.5,1.0200,,2026-09-21T20:01:54Z,2026-09-23T05:00:00Z,Team Total (Aces) Home,8,"{'hdp': 2.5, 'over': '1.02'}"
74923152,2026-09-23,ATP,Chengdu,Bet365,Tallon Griekspoor,Denis Shapovalov,aces,4.5,1.1100,,2026-09-21T20:01:54Z,2026-09-23T05:00:00Z,Team Total (Aces) Home,8,"{'hdp': 4.5, 'over': '1.11'}"
74923152,2026-09-23,ATP,Chengdu,Bet365,Tallon Griekspoor,Denis Shapovalov,aces,9.5,1.7200,,2026-09-21T20:01:54Z,2026-09-23T05:00:00Z,Team Total (Aces) Home,8,"{'hdp': 9.5, 'over': '1.72'}"
74923152,2026-09-23,ATP,Chengdu,Bet365,Tallon Griekspoor,Denis Shapovalov,aces,14.5,3.5000,,2026-09-21T20:01:54Z,2026-09-23T05:00:00Z,Team Total (Aces) Home,8,"{'hdp': 14.5, 'over': '3.50'}"
74923152,2026-09-23,ATP,Chengdu,Bet365,Tallon Griekspoor,Denis Shapovalov,aces,19.5,9.0000,,2026-09-21T20:01:54Z,2026-09-23T05:00:00Z,Team Total (Aces) Home,8,"{'hdp': 19.5, 'over': '9.00'}"
74923152,2026-09-23,ATP,Chengdu,Bet365,Tallon Griekspoor,Denis Shapovalov,aces,24.5,19.0000,,2026-09-21T20:01:54Z,2026-09-23T05:00:00Z,Team Total (Aces) Home,8,"{'hdp': 24.5, 'over': '19.00'}"
74923152,2026-09-23,ATP,Chengdu,Bet365,Tallon Griekspoor,Denis Shapovalov,aces,29.5,26.0000,,2026-09-21T20:01:54Z,2026-09-23T05:00:00Z,Team Total (Aces) Home,8,"{'hdp': 29.5, 'over': '26.00'}"
74923152,2026-09-23,ATP,Chengdu,Bet365,Denis Shapovalov,Tallon Griekspoor,double_faults,1.5,1.0200,,2026-09-21T20:01:54Z,2026-09-23T05:00:00Z,Team Total (Double Faults) Away,8,"{'hdp': 1.5, 'over': '1.02'}"
74923152,2026-09-23,ATP,Chengdu,Bet365,Denis Shapovalov,Tallon Griekspoor,double_faults,2.5,1.0700,,2026-09-21T20:01:54Z,2026-09-23T05:00:00Z,Team Total (Double Faults) Away,8,"{'hdp': 2.5, 'over': '1.07'}"
74923152,2026-09-23,ATP,Chengdu,Bet365,Denis Shapovalov,Tallon Griekspoor,double_faults,4.5,1.3300,,2026-09-21T20:01:54Z,2026-09-23T05:00:00Z,Team Total (Double Faults) Away,8,"{'hdp': 4.5, 'over': '1.33'}"
74923152,2026-09-23,ATP,Chengdu,Bet365,Denis Shapovalov,Tallon Griekspoor,double_faults,7.5,2.6200,,2026-09-21T20:01:54Z,2026-09-23T05:00:00Z,Team Total (Double Faults) Away,8,"{'hdp': 7.5, 'over': '2.62'}"
74923152,2026-09-23,ATP,Chengdu,Bet365,Denis Shapovalov,Tallon Griekspoor,double_faults,9.5,4.5000,,2026-09-21T20:01:54Z,2026-09-23T05:00:00Z,Team Total (Double Faults) Away,8,"{'hdp': 9.5, 'over': '4.50'}"
74923152,2026-09-23,ATP,Chengdu,Bet365,Denis Shapovalov,Tallon Griekspoor,double_faults,11.5,10.0000,,2026-09-21T20:01:54Z,2026-09-23T05:00:00Z,Team Total (Double Faults) Away,8,"{'hdp': 11.5, 'over': '10.00'}"
74923152,2026-09-23,ATP,Chengdu,Bet365,Denis Shapovalov,Tallon Griekspoor,double_faults,14.5,26.0000,,2026-09-21T20:01:54Z,2026-09-23T05:00:00Z,Team Total (Double Faults) Away,8,"{'hdp': 14.5, 'over': '26.00'}"
74923154,2026-09-23,ATP,Chengdu,Bet365,Jia Hu,Vit Kopriva,aces,0.5,1.0400,,2026-09-21T20:01:54Z,2026-09-23T05:00:00Z,Team Total (Aces) Away,5,"{'hdp': 0.5, 'over': '1.04'}"
74923154,2026-09-23,ATP,Chengdu,Bet365,Jia Hu,Vit Kopriva,aces,2.5,1.4400,,2026-09-21T20:01:54Z,2026-09-23T05:00:00Z,Team Total (Aces) Away,5,"{'hdp': 2.5, 'over': '1.44'}"
74923154,2026-09-23,ATP,Chengdu,Bet365,Jia Hu,Vit Kopriva,aces,4.5,2.5000,,2026-09-21T20:01:54Z,2026-09-23T05:00:00Z,Team Total (Aces) Away,5,"{'hdp': 4.5, 'over': '2.50'}"
74923154,2026-09-23,ATP,Chengdu,Bet365,Jia Hu,Vit Kopriva,aces,9.5,13.0000,,2026-09-21T20:01:54Z,2026-09-23T05:00:00Z,Team Total (Aces) Away,5,"{'hdp': 9.5, 'over': '13.00'}"
74923154,2026-09-23,ATP,Chengdu,Bet365,Jia Hu,Vit Kopriva,aces,14.5,26.0000,,2026-09-21T20:01:54Z,2026-09-23T05:00:00Z,Team Total (Aces) Away,5,"{'hdp': 14.5, 'over': '26.00'}"
74923154,2026-09-23,ATP,Chengdu,Bet365,Vit Kopriva,Jia Hu,aces,4.5,1.0400,,2026-09-21T20:01:54Z,2026-09-23T05:00:00Z,Team Total (Aces) Home,7,"{'hdp': 4.5, 'over': '1.04'}"
74923154,2026-09-23,ATP,Chengdu,Bet365,Vit Kopriva,Jia Hu,aces,9.5,1.5000,,2026-09-21T20:01:54Z,2026-09-23T05:00:00Z,Team Total (Aces) Home,7,"{'hdp': 9.5, 'over': '1.50'}"
74923154,2026-09-23,ATP,Chengdu,Bet365,Vit Kopriva,Jia Hu,aces,14.5,3.2500,,2026-09-21T20:01:54Z,2026-09-23T05:00:00Z,Team Total (Aces) Home,7,"{'hdp': 14.5, 'over': '3.25'}"
74923154,2026-09-23,ATP,Chengdu,Bet365,Vit Kopriva,Jia Hu,aces,19.5,8.0000,,2026-09-21T20:01:54Z,2026-09-23T05:00:00Z,Team Total (Aces) Home,7,"{'hdp': 19.5, 'over': '8.00'}"
74923154,2026-09-23,ATP,Chengdu,Bet365,Vit Kopriva,Jia Hu,aces,24.5,19.0000,,2026-09-21T20:01:54Z,2026-09-23T05:00:00Z,Team Total (Aces) Home,7,"{'hdp': 24.5, 'over': '19.00'}"
74923154,2026-09-23,ATP,Chengdu,Bet365,Vit Kopriva,Jia Hu,aces,29.5,26.0000,,2026-09-21T20:01:54Z,2026-09-23T05:00:00Z,Team Total (Aces) Home,7,"{'hdp': 29.5, 'over': '26.00'}"
74923154,2026-09-23,ATP,Chengdu,Bet365,Jia Hu,Vit Kopriva,double_faults,1.5,1.0100,,2026-09-21T20:01:54Z,2026-09-23T05:00:00Z,Team Total (Double Faults) Away,8,"{'hdp': 1.5, 'over': '1.01'}"
74923154,2026-09-23,ATP,Chengdu,Bet365,Jia Hu,Vit Kopriva,double_faults,2.5,1.0500,,2026-09-21T20:01:54Z,2026-09-23T05:00:00Z,Team Total (Double Faults) Away,8,"{'hdp': 2.5, 'over': '1.05'}"
74923154,2026-09-23,ATP,Chengdu,Bet365,Jia Hu,Vit Kopriva,double_faults,4.5,1.3600,,2026-09-21T20:01:54Z,2026-09-23T05:00:00Z,Team Total (Double Faults) Away,8,"{'hdp': 4.5, 'over': '1.36'}"
74923154,2026-09-23,ATP,Chengdu,Bet365,Jia Hu,Vit Kopriva,double_faults,7.5,3.4000,,2026-09-21T20:01:54Z,2026-09-23T05:00:00Z,Team Total (Double Faults) Away,8,"{'hdp': 7.5, 'over': '3.40'}"
74923154,2026-09-23,ATP,Chengdu,Bet365,Jia Hu,Vit Kopriva,double_faults,9.5,8.0000,,2026-09-21T20:01:54Z,2026-09-23T05:00:00Z,Team Total (Double Faults) Away,8,"{'hdp': 9.5, 'over': '8.00'}"
74923154,2026-09-23,ATP,Chengdu,Bet365,Jia Hu,Vit Kopriva,double_faults,11.5,19.0000,,2026-09-21T20:01:54Z,2026-09-23T05:00:00Z,Team Total (Double Faults) Away,8,"{'hdp': 11.5, 'over': '19.00'}"
74923154,2026-09-23,ATP,Chengdu,Bet365,Jia Hu,Vit Kopriva,double_faults,14.5,26.0000,,2026-09-21T20:01:54Z,2026-09-23T05:00:00Z,Team Total (Double Faults) Away,8,"{'hdp': 14.5, 'over': '26.00'}"
74923154,2026-09-23,ATP,Chengdu,Bet365,Vit Kopriva,Jia Hu,double_faults,0.5,1.2000,,2026-09-21T20:01:54Z,2026-09-23T05:00:00Z,Team Total (Double Faults) Home,5,"{'hdp': 0.5, 'over': '1.20'}"
74923154,2026-09-23,ATP,Chengdu,Bet365,Vit Kopriva,Jia Hu,double_faults,1.5,1.8000,,2026-09-21T20:01:54Z,2026-09-23T05:00:00Z,Team Total (Double Faults) Home,5,"{'hdp': 1.5, 'over': '1.80'}"
74923154,2026-09-23,ATP,Chengdu,Bet365,Vit Kopriva,Jia Hu,double_faults,2.5,3.0000,,2026-09-21T20:01:54Z,2026-09-23T05:00:00Z,Team Total (Double Faults) Home,5,"{'hdp': 2.5, 'over': '3.00'}"
74923154,2026-09-23,ATP,Chengdu,Bet365,Vit Kopriva,Jia Hu,double_faults,4.5,11.0000,,2026-09-21T20:01:54Z,2026-09-23T05:00:00Z,Team Total (Double Faults) Home,5,"{'hdp': 4.5, 'over': '11.00'}"
74923154,2026-09-23,ATP,Chengdu,Bet365,Vit Kopriva,Jia Hu,double_faults,7.5,26.0000,,2026-09-21T20:01:54Z,2026-09-23T05:00:00Z,Team Total (Double Faults) Home,5,"{'hdp': 7.5, 'over': '26.00'}"
74923154,2026-09-23,ATP,Chengdu,Bet365,Vit Kopriva,Jia Hu,match_aces,4.5,1.0100,,2026-09-21T20:01:54Z,2026-09-23T05:00:00Z,Totals (Aces),8,"{'hdp': 4.5, 'over': '1.01'}"
74923154,2026-09-23,ATP,Chengdu,Bet365,Vit Kopriva,Jia Hu,match_aces,9.5,1.1600,,2026-09-21T20:01:54Z,2026-09-23T05:00:00Z,Totals (Aces),8,"{'hdp': 9.5, 'over': '1.16'}"
74923154,2026-09-23,ATP,Chengdu,Bet365,Vit Kopriva,Jia Hu,match_aces,14.5,1.7200,,2026-09-21T20:01:54Z,2026-09-23T05:00:00Z,Totals (Aces),8,"{'hdp': 14.5, 'over': '1.72'}"
74923154,2026-09-23,ATP,Chengdu,Bet365,Vit Kopriva,Jia Hu,match_aces,19.5,3.2500,,2026-09-21T20:01:54Z,2026-09-23T05:00:00Z,Totals (Aces),8,"{'hdp': 19.5, 'over': '3.25'}"
74923154,2026-09-23,ATP,Chengdu,Bet365,Vit Kopriva,Jia Hu,match_aces,24.5,6.5000,,2026-09-21T20:01:54Z,2026-09-23T05:00:00Z,Totals (Aces),8,"{'hdp': 24.5, 'over': '6.50'}"
74923154,2026-09-23,ATP,Chengdu,Bet365,Vit Kopriva,Jia Hu,match_aces,29.5,13.0000,,2026-09-21T20:01:54Z,2026-09-23T05:00:00Z,Totals (Aces),8,"{'hdp': 29.5, 'over': '13.00'}"
74923154,2026-09-23,ATP,Chengdu,Bet365,Vit Kopriva,Jia Hu,match_aces,39.5,26.0000,,2026-09-21T20:01:54Z,2026-09-23T05:00:00Z,Totals (Aces),8,"{'hdp': 39.5, 'over': '26.00'}"
74923154,2026-09-23,ATP,Chengdu,Bet365,Vit Kopriva,Jia Hu,match_double_faults,2.5,1.0100,,2026-09-21T20:01:54Z,2026-09-23T05:00:00Z,Totals (Double Faults),9,"{'hdp': 2.5, 'over': '1.01'}"
74923154,2026-09-23,ATP,Chengdu,Bet365,Vit Kopriva,Jia Hu,match_double_faults,4.5,1.1200,,2026-09-21T20:01:54Z,2026-09-23T05:00:00Z,Totals (Double Faults),9,"{'hdp': 4.5, 'over': '1.12'}"
74923154,2026-09-23,ATP,Chengdu,Bet365,Vit Kopriva,Jia Hu,match_double_faults,7.5,1.8000,,2026-09-21T20:01:54Z,2026-09-23T05:00:00Z,Totals (Double Faults),9,"{'hdp': 7.5, 'over': '1.80'}"
74923154,2026-09-23,ATP,Chengdu,Bet365,Vit Kopriva,Jia Hu,match_double_faults,9.5,3.0000,,2026-09-21T20:01:54Z,2026-09-23T05:00:00Z,Totals (Double Faults),9,"{'hdp': 9.5, 'over': '3.00'}"
74923154,2026-09-23,ATP,Chengdu,Bet365,Vit Kopriva,Jia Hu,match_double_faults,11.5,6.0000,,2026-09-21T20:01:54Z,2026-09-23T05:00:00Z,Totals (Double Faults),9,"{'hdp': 11.5, 'over': '6.00'}"
74923154,2026-09-23,ATP,Chengdu,Bet365,Vit Kopriva,Jia Hu,match_double_faults,14.5,19.0000,,2026-09-21T20:01:54Z,2026-09-23T05:00:00Z,Totals (Double Faults),9,"{'hdp': 14.5, 'over': '19.00'}"
74923154,2026-09-23,ATP,Chengdu,Bet365,Vit Kopriva,Jia Hu,match_double_faults,19.5,26.0000,,2026-09-21T20:01:54Z,2026-09-23T05:00:00Z,Totals (Double Faults),9,"{'hdp': 19.5, 'over': '26.00'}"
74923156,2026-09-23,ATP,Chengdu,Bet365,Adrian Mannarino,Juncheng Shang,aces,2.5,1.0600,,2026-09-21T20:01:54Z,2026-09-23T05:00:00Z,Team Total (Aces) Away,7,"{'hdp': 2.5, 'over': '1.06'}"
74923156,2026-09-23,ATP,Chengdu,Bet365,Adrian Mannarino,Juncheng Shang,aces,4.5,1.2200,,2026-09-21T20:01:54Z,2026-09-23T05:00:00Z,Team Total (Aces) Away,7,"{'hdp': 4.5, 'over': '1.22'}"
74923156,2026-09-23,ATP,Chengdu,Bet365,Adrian Mannarino,Juncheng Shang,aces,9.5,2.5000,,2026-09-21T20:01:54Z,2026-09-23T05:00:00Z,Team Total (Aces) Away,7,"{'hdp': 9.5, 'over': '2.50'}"
74923156,2026-09-23,ATP,Chengdu,Bet365,Adrian Mannarino,Juncheng Shang,aces,14.5,6.5000,,2026-09-21T20:01:54Z,2026-09-23T05:00:00Z,Team Total (Aces) Away,7,"{'hdp': 14.5, 'over': '6.50'}"
74923156,2026-09-23,ATP,Chengdu,Bet365,Adrian Mannarino,Juncheng Shang,aces,19.5,19.0000,,2026-09-21T20:01:54Z,2026-09-23T05:00:00Z,Team Total (Aces) Away,7,"{'hdp': 19.5, 'over': '19.00'}"
74923156,2026-09-23,ATP,Chengdu,Bet365,Adrian Mannarino,Juncheng Shang,aces,24.5,26.0000,,2026-09-21T20:01:54Z,2026-09-23T05:00:00Z,Team Total (Aces) Away,7,"{'hdp': 24.5, 'over': '26.00'}"
74923156,2026-09-23,ATP,Chengdu,Bet365,Juncheng Shang,Adrian Mannarino,match_double_faults,1.5,1.0300,,2026-09-21T20:01:54Z,2026-09-23T05:00:00Z,Totals (Double Faults),7,"{'hdp': 1.5, 'over': '1.03'}"
74923156,2026-09-23,ATP,Chengdu,Bet365,Juncheng Shang,Adrian Mannarino,match_double_faults,2.5,1.1200,,2026-09-21T20:01:54Z,2026-09-23T05:00:00Z,Totals (Double Faults),7,"{'hdp': 2.5, 'over': '1.12'}"
74923156,2026-09-23,ATP,Chengdu,Bet365,Juncheng Shang,Adrian Mannarino,match_double_faults,4.5,1.6100,,2026-09-21T20:01:54Z,2026-09-23T05:00:00Z,Totals (Double Faults),7,"{'hdp': 4.5, 'over': '1.61'}"
74923156,2026-09-23,ATP,Chengdu,Bet365,Juncheng Shang,Adrian Mannarino,match_double_faults,7.5,4.3300,,2026-09-21T20:01:54Z,2026-09-23T05:00:00Z,Totals (Double Faults),7,"{'hdp': 7.5, 'over': '4.33'}"
74923156,2026-09-23,ATP,Chengdu,Bet365,Juncheng Shang,Adrian Mannarino,match_double_faults,9.5,11.0000,,2026-09-21T20:01:54Z,2026-09-23T05:00:00Z,Totals (Double Faults),7,"{'hdp': 9.5, 'over': '11.00'}"
74923156,2026-09-23,ATP,Chengdu,Bet365,Juncheng Shang,Adrian Mannarino,match_double_faults,11.5,26.0000,,2026-09-21T20:01:54Z,2026-09-23T05:00:00Z,Totals (Double Faults),7,"{'hdp': 11.5, 'over': '26.00'}"
74923156,2026-09-23,ATP,Chengdu,Bet365,Juncheng Shang,Adrian Mannarino,match_aces,4.5,1.0100,,2026-09-21T20:01:54Z,2026-09-23T05:00:00Z,Totals (Aces),8,"{'hdp': 4.5, 'over': '1.01'}"
74923156,2026-09-23,ATP,Chengdu,Bet365,Juncheng Shang,Adrian Mannarino,match_aces,9.5,1.1400,,2026-09-21T20:01:54Z,2026-09-23T05:00:00Z,Totals (Aces),8,"{'hdp': 9.5, 'over': '1.14'}"
74923156,2026-09-23,ATP,Chengdu,Bet365,Juncheng Shang,Adrian Mannarino,match_aces,14.5,1.5300,,2026-09-21T20:01:54Z,2026-09-23T05:00:00Z,Totals (Aces),8,"{'hdp': 14.5, 'over': '1.53'}"
74923156,2026-09-23,ATP,Chengdu,Bet365,Juncheng Shang,Adrian Mannarino,match_aces,19.5,2.5000,,2026-09-21T20:01:54Z,2026-09-23T05:00:00Z,Totals (Aces),8,"{'hdp': 19.5, 'over': '2.50'}"
74923156,2026-09-23,ATP,Chengdu,Bet365,Juncheng Shang,Adrian Mannarino,match_aces,24.5,4.5000,,2026-09-21T20:01:54Z,2026-09-23T05:00:00Z,Totals (Aces),8,"{'hdp': 24.5, 'over': '4.50'}"
74923156,2026-09-23,ATP,Chengdu,Bet365,Juncheng Shang,Adrian Mannarino,match_aces,29.5,9.0000,,2026-09-21T20:01:54Z,2026-09-23T05:00:00Z,Totals (Aces),8,"{'hdp': 29.5, 'over': '9.00'}"
74923156,2026-09-23,ATP,Chengdu,Bet365,Juncheng Shang,Adrian Mannarino,match_aces,39.5,26.0000,,2026-09-21T20:01:54Z,2026-09-23T05:00:00Z,Totals (Aces),8,"{'hdp': 39.5, 'over': '26.00'}"
74923156,2026-09-23,ATP,Chengdu,Bet365,Adrian Mannarino,Juncheng Shang,double_faults,0.5,1.0800,,2026-09-21T20:01:54Z,2026-09-23T05:00:00Z,Team Total (Double Faults) Away,5,"{'hdp': 0.5, 'over': '1.08'}"
74923156,2026-09-23,ATP,Chengdu,Bet365,Adrian Mannarino,Juncheng Shang,double_faults,1.5,1.4000,,2026-09-21T20:01:54Z,2026-09-23T05:00:00Z,Team Total (Double Faults) Away,5,"{'hdp': 1.5, 'over': '1.40'}"
74923156,2026-09-23,ATP,Chengdu,Bet365,Adrian Mannarino,Juncheng Shang,double_faults,2.5,2.2000,,2026-09-21T20:01:54Z,2026-09-23T05:00:00Z,Team Total (Double Faults) Away,5,"{'hdp': 2.5, 'over': '2.20'}"
74923156,2026-09-23,ATP,Chengdu,Bet365,Adrian Mannarino,Juncheng Shang,double_faults,4.5,7.0000,,2026-09-21T20:01:54Z,2026-09-23T05:00:00Z,Team Total (Double Faults) Away,5,"{'hdp': 4.5, 'over': '7.00'}"
74923156,2026-09-23,ATP,Chengdu,Bet365,Adrian Mannarino,Juncheng Shang,double_faults,7.5,26.0000,,2026-09-21T20:01:54Z,2026-09-23T05:00:00Z,Team Total (Double Faults) Away,5,"{'hdp': 7.5, 'over': '26.00'}"
74923156,2026-09-23,ATP,Chengdu,Bet365,Juncheng Shang,Adrian Mannarino,double_faults,0.5,1.0600,,2026-09-21T20:01:54Z,2026-09-23T05:00:00Z,Team Total (Double Faults) Home,6,"{'hdp': 0.5, 'over': '1.06'}"
74923156,2026-09-23,ATP,Chengdu,Bet365,Juncheng Shang,Adrian Mannarino,double_faults,1.5,1.3000,,2026-09-21T20:01:54Z,2026-09-23T05:00:00Z,Team Total (Double Faults) Home,6,"{'hdp': 1.5, 'over': '1.30'}"
74923156,2026-09-23,ATP,Chengdu,Bet365,Juncheng Shang,Adrian Mannarino,double_faults,2.5,1.8000,,2026-09-21T20:01:54Z,2026-09-23T05:00:00Z,Team Total (Double Faults) Home,6,"{'hdp': 2.5, 'over': '1.80'}"
74923156,2026-09-23,ATP,Chengdu,Bet365,Juncheng Shang,Adrian Mannarino,double_faults,4.5,4.5000,,2026-09-21T20:01:54Z,2026-09-23T05:00:00Z,Team Total (Double Faults) Home,6,"{'hdp': 4.5, 'over': '4.50'}"
74923156,2026-09-23,ATP,Chengdu,Bet365,Juncheng Shang,Adrian Mannarino,double_faults,7.5,23.0000,,2026-09-21T20:01:54Z,2026-09-23T05:00:00Z,Team Total (Double Faults) Home,6,"{'hdp': 7.5, 'over': '23.00'}"
74923156,2026-09-23,ATP,Chengdu,Bet365,Juncheng Shang,Adrian Mannarino,double_faults,9.5,26.0000,,2026-09-21T20:01:54Z,2026-09-23T05:00:00Z,Team Total (Double Faults) Home,6,"{'hdp': 9.5, 'over': '26.00'}"
74923156,2026-09-23,ATP,Chengdu,Bet365,Juncheng Shang,Adrian Mannarino,aces,2.5,1.0400,,2026-09-21T20:01:54Z,2026-09-23T05:00:00Z,Team Total (Aces) Home,7,"{'hdp': 2.5, 'over': '1.04'}"
74923156,2026-09-23,ATP,Chengdu,Bet365,Juncheng Shang,Adrian Mannarino,aces,4.5,1.1600,,2026-09-21T20:01:54Z,2026-09-23T05:00:00Z,Team Total (Aces) Home,7,"{'hdp': 4.5, 'over': '1.16'}"
74923156,2026-09-23,ATP,Chengdu,Bet365,Juncheng Shang,Adrian Mannarino,aces,9.5,2.2500,,2026-09-21T20:01:54Z,2026-09-23T05:00:00Z,Team Total (Aces) Home,7,"{'hdp': 9.5, 'over': '2.25'}"
74923156,2026-09-23,ATP,Chengdu,Bet365,Juncheng Shang,Adrian Mannarino,aces,14.5,6.0000,,2026-09-21T20:01:54Z,2026-09-23T05:00:00Z,Team Total (Aces) Home,7,"{'hdp': 14.5, 'over': '6.00'}"
74923156,2026-09-23,ATP,Chengdu,Bet365,Juncheng Shang,Adrian Mannarino,aces,19.5,19.0000,,2026-09-21T20:01:54Z,2026-09-23T05:00:00Z,Team Total (Aces) Home,7,"{'hdp': 19.5, 'over': '19.00'}"
74923156,2026-09-23,ATP,Chengdu,Bet365,Juncheng Shang,Adrian Mannarino,aces,24.5,26.0000,,2026-09-21T20:01:54Z,2026-09-23T05:00:00Z,Team Total (Aces) Home,7,"{'hdp': 24.5, 'over': '26.00'}"
