event_id,date,tour,tournament,bookmaker,player,opponent,market,line,over_odds,under_odds,capture_ts,match_start_utc,raw_market_name,raw_outcome_count,raw_label_sample
75151668,2026-10-09,ATP,Shanghai,Bet365,Rei Sakamoto,Andrey Rublev,match_double_faults,1.5,1.0500,,2026-10-08T20:43:18Z,2026-10-09T04:00:00Z,Totals (Double Faults),7,"{'hdp': 1.5, 'over': '1.05'}"
75151668,2026-10-09,ATP,Shanghai,Bet365,Rei Sakamoto,Andrey Rublev,match_double_faults,2.5,1.1600,,2026-10-08T20:43:18Z,2026-10-09T04:00:00Z,Totals (Double Faults),7,"{'hdp': 2.5, 'over': '1.16'}"
75151668,2026-10-09,ATP,Shanghai,Bet365,Rei Sakamoto,Andrey Rublev,match_double_faults,4.5,1.8300,,2026-10-08T20:43:18Z,2026-10-09T04:00:00Z,Totals (Double Faults),7,"{'hdp': 4.5, 'over': '1.83'}"
75151668,2026-10-09,ATP,Shanghai,Bet365,Rei Sakamoto,Andrey Rublev,match_double_faults,7.5,6.0000,,2026-10-08T20:43:18Z,2026-10-09T04:00:00Z,Totals (Double Faults),7,"{'hdp': 7.5, 'over': '6.00'}"
75151668,2026-10-09,ATP,Shanghai,Bet365,Rei Sakamoto,Andrey Rublev,match_double_faults,9.5,17.0000,,2026-10-08T20:43:18Z,2026-10-09T04:00:00Z,Totals (Double Faults),7,"{'hdp': 9.5, 'over': '17.00'}"
75151668,2026-10-09,ATP,Shanghai,Bet365,Rei Sakamoto,Andrey Rublev,match_double_faults,11.5,26.0000,,2026-10-08T20:43:18Z,2026-10-09T04:00:00Z,Totals (Double Faults),7,"{'hdp': 11.5, 'over': '26.00'}"
75151668,2026-10-09,ATP,Shanghai,Bet365,Rei Sakamoto,Andrey Rublev,double_faults,0.5,1.0500,,2026-10-08T20:43:18Z,2026-10-09T04:00:00Z,Team Total (Double Faults) Home,5,"{'hdp': 0.5, 'over': '1.05'}"
75151668,2026-10-09,ATP,Shanghai,Bet365,Rei Sakamoto,Andrey Rublev,double_faults,1.5,1.2500,,2026-10-08T20:43:18Z,2026-10-09T04:00:00Z,Team Total (Double Faults) Home,5,"{'hdp': 1.5, 'over': '1.25'}"
75151668,2026-10-09,ATP,Shanghai,Bet365,Rei Sakamoto,Andrey Rublev,double_faults,2.5,1.7200,,2026-10-08T20:43:18Z,2026-10-09T04:00:00Z,Team Total (Double Faults) Home,5,"{'hdp': 2.5, 'over': '1.72'}"
75151668,2026-10-09,ATP,Shanghai,Bet365,Rei Sakamoto,Andrey Rublev,double_faults,4.5,4.5000,,2026-10-08T20:43:18Z,2026-10-09T04:00:00Z,Team Total (Double Faults) Home,5,"{'hdp': 4.5, 'over': '4.50'}"
75151668,2026-10-09,ATP,Shanghai,Bet365,Rei Sakamoto,Andrey Rublev,double_faults,7.5,26.0000,,2026-10-08T20:43:18Z,2026-10-09T04:00:00Z,Team Total (Double Faults) Home,5,"{'hdp': 7.5, 'over': '26.00'}"
75151668,2026-10-09,ATP,Shanghai,Bet365,Rei Sakamoto,Andrey Rublev,aces,2.5,1.0200,,2026-10-08T20:43:18Z,2026-10-09T04:00:00Z,Team Total (Aces) Home,9,"{'hdp': 2.5, 'over': '1.02'}"
75151668,2026-10-09,ATP,Shanghai,Bet365,Rei Sakamoto,Andrey Rublev,aces,4.5,1.0800,,2026-10-08T20:43:18Z,2026-10-09T04:00:00Z,Team Total (Aces) Home,9,"{'hdp': 4.5, 'over': '1.08'}"
75151668,2026-10-09,ATP,Shanghai,Bet365,Rei Sakamoto,Andrey Rublev,aces,9.5,1.5000,,2026-10-08T20:43:18Z,2026-10-09T04:00:00Z,Team Total (Aces) Home,9,"{'hdp': 9.5, 'over': '1.50'}"
75151668,2026-10-09,ATP,Shanghai,Bet365,Rei Sakamoto,Andrey Rublev,aces,14.5,2.5000,,2026-10-08T20:43:18Z,2026-10-09T04:00:00Z,Team Total (Aces) Home,9,"{'hdp': 14.5, 'over': '2.50'}"
75151668,2026-10-09,ATP,Shanghai,Bet365,Rei Sakamoto,Andrey Rublev,aces,19.5,4.5000,,2026-10-08T20:43:18Z,2026-10-09T04:00:00Z,Team Total (Aces) Home,9,"{'hdp': 19.5, 'over': '4.50'}"
75151668,2026-10-09,ATP,Shanghai,Bet365,Rei Sakamoto,Andrey Rublev,aces,24.5,9.0000,,2026-10-08T20:43:18Z,2026-10-09T04:00:00Z,Team Total (Aces) Home,9,"{'hdp': 24.5, 'over': '9.00'}"
75151668,2026-10-09,ATP,Shanghai,Bet365,Rei Sakamoto,Andrey Rublev,aces,29.5,19.0000,,2026-10-08T20:43:18Z,2026-10-09T04:00:00Z,Team Total (Aces) Home,9,"{'hdp': 29.5, 'over': '19.00'}"
75151668,2026-10-09,ATP,Shanghai,Bet365,Rei Sakamoto,Andrey Rublev,aces,39.5,26.0000,,2026-10-08T20:43:18Z,2026-10-09T04:00:00Z,Team Total (Aces) Home,9,"{'hdp': 39.5, 'over': '26.00'}"
75151668,2026-10-09,ATP,Shanghai,Bet365,Andrey Rublev,Rei Sakamoto,aces,2.5,1.0200,,2026-10-08T20:43:18Z,2026-10-09T04:00:00Z,Team Total (Aces) Away,8,"{'hdp': 2.5, 'over': '1.02'}"
75151668,2026-10-09,ATP,Shanghai,Bet365,Andrey Rublev,Rei Sakamoto,aces,4.5,1.1000,,2026-10-08T20:43:18Z,2026-10-09T04:00:00Z,Team Total (Aces) Away,8,"{'hdp': 4.5, 'over': '1.10'}"
75151668,2026-10-09,ATP,Shanghai,Bet365,Andrey Rublev,Rei Sakamoto,aces,9.5,1.7200,,2026-10-08T20:43:18Z,2026-10-09T04:00:00Z,Team Total (Aces) Away,8,"{'hdp': 9.5, 'over': '1.72'}"
75151668,2026-10-09,ATP,Shanghai,Bet365,Andrey Rublev,Rei Sakamoto,aces,14.5,3.7500,,2026-10-08T20:43:18Z,2026-10-09T04:00:00Z,Team Total (Aces) Away,8,"{'hdp': 14.5, 'over': '3.75'}"
75151668,2026-10-09,ATP,Shanghai,Bet365,Andrey Rublev,Rei Sakamoto,aces,19.5,10.0000,,2026-10-08T20:43:18Z,2026-10-09T04:00:00Z,Team Total (Aces) Away,8,"{'hdp': 19.5, 'over': '10.00'}"
75151668,2026-10-09,ATP,Shanghai,Bet365,Andrey Rublev,Rei Sakamoto,aces,24.5,23.0000,,2026-10-08T20:43:18Z,2026-10-09T04:00:00Z,Team Total (Aces) Away,8,"{'hdp': 24.5, 'over': '23.00'}"
75151668,2026-10-09,ATP,Shanghai,Bet365,Andrey Rublev,Rei Sakamoto,aces,29.5,26.0000,,2026-10-08T20:43:18Z,2026-10-09T04:00:00Z,Team Total (Aces) Away,8,"{'hdp': 29.5, 'over': '26.00'}"
75151668,2026-10-09,ATP,Shanghai,Bet365,Andrey Rublev,Rei Sakamoto,double_faults,0.5,1.1800,,2026-10-08T20:43:18Z,2026-10-09T04:00:00Z,Team Total (Double Faults) Away,5,"{'hdp': 0.5, 'over': '1.18'}"
75151668,2026-10-09,ATP,Shanghai,Bet365,Andrey Rublev,Rei Sakamoto,double_faults,1.5,1.7200,,2026-10-08T20:43:18Z,2026-10-09T04:00:00Z,Team Total (Double Faults) Away,5,"{'hdp': 1.5, 'over': '1.72'}"
75151668,2026-10-09,ATP,Shanghai,Bet365,Andrey Rublev,Rei Sakamoto,double_faults,2.5,3.0000,,2026-10-08T20:43:18Z,2026-10-09T04:00:00Z,Team Total (Double Faults) Away,5,"{'hdp': 2.5, 'over': '3.00'}"
75151668,2026-10-09,ATP,Shanghai,Bet365,Andrey Rublev,Rei Sakamoto,double_faults,4.5,11.0000,,2026-10-08T20:43:18Z,2026-10-09T04:00:00Z,Team Total (Double Faults) Away,5,"{'hdp': 4.5, 'over': '11.00'}"
75151668,2026-10-09,ATP,Shanghai,Bet365,Andrey Rublev,Rei Sakamoto,double_faults,7.5,26.0000,,2026-10-08T20:43:18Z,2026-10-09T04:00:00Z,Team Total (Double Faults) Away,5,"{'hdp': 7.5, 'over': '26.00'}"
75151668,2026-10-09,ATP,Shanghai,Bet365,Rei Sakamoto,Andrey Rublev,match_aces,9.5,1.0300,,2026-10-08T20:43:18Z,2026-10-09T04:00:00Z,Totals (Aces),8,"{'hdp': 9.5, 'over': '1.03'}"
75151668,2026-10-09,ATP,Shanghai,Bet365,Rei Sakamoto,Andrey Rublev,match_aces,14.5,1.1600,,2026-10-08T20:43:18Z,2026-10-09T04:00:00Z,Totals (Aces),8,"{'hdp': 14.5, 'over': '1.16'}"
75151668,2026-10-09,ATP,Shanghai,Bet365,Rei Sakamoto,Andrey Rublev,match_aces,19.5,1.5000,,2026-10-08T20:43:18Z,2026-10-09T04:00:00Z,Totals (Aces),8,"{'hdp': 19.5, 'over': '1.50'}"
75151668,2026-10-09,ATP,Shanghai,Bet365,Rei Sakamoto,Andrey Rublev,match_aces,24.5,2.1000,,2026-10-08T20:43:18Z,2026-10-09T04:00:00Z,Totals (Aces),8,"{'hdp': 24.5, 'over': '2.10'}"
75151668,2026-10-09,ATP,Shanghai,Bet365,Rei Sakamoto,Andrey Rublev,match_aces,29.5,3.4000,,2026-10-08T20:43:18Z,2026-10-09T04:00:00Z,Totals (Aces),8,"{'hdp': 29.5, 'over': '3.40'}"
75151668,2026-10-09,ATP,Shanghai,Bet365,Rei Sakamoto,Andrey Rublev,match_aces,39.5,10.0000,,2026-10-08T20:43:18Z,2026-10-09T04:00:00Z,Totals (Aces),8,"{'hdp': 39.5, 'over': '10.00'}"
75151668,2026-10-09,ATP,Shanghai,Bet365,Rei Sakamoto,Andrey Rublev,match_aces,49.5,26.0000,,2026-10-08T20:43:18Z,2026-10-09T04:00:00Z,Totals (Aces),8,"{'hdp': 49.5, 'over': '26.00'}"
75151626,2026-10-09,ATP,Shanghai,Bet365,Yannick Hanfmann,Frances Tiafoe,double_faults,0.5,1.1200,,2026-10-08T20:43:18Z,2026-10-09T05:10:00Z,Team Total (Double Faults) Home,5,"{'hdp': 0.5, 'over': '1.12'}"
75151626,2026-10-09,ATP,Shanghai,Bet365,Yannick Hanfmann,Frances Tiafoe,double_faults,1.5,1.6100,,2026-10-08T20:43:18Z,2026-10-09T05:10:00Z,Team Total (Double Faults) Home,5,"{'hdp': 1.5, 'over': '1.61'}"
75151626,2026-10-09,ATP,Shanghai,Bet365,Yannick Hanfmann,Frances Tiafoe,double_faults,2.5,2.6200,,2026-10-08T20:43:18Z,2026-10-09T05:10:00Z,Team Total (Double Faults) Home,5,"{'hdp': 2.5, 'over': '2.62'}"
75151626,2026-10-09,ATP,Shanghai,Bet365,Yannick Hanfmann,Frances Tiafoe,double_faults,4.5,11.0000,,2026-10-08T20:43:18Z,2026-10-09T05:10:00Z,Team Total (Double Faults) Home,5,"{'hdp': 4.5, 'over': '11.00'}"
75151626,2026-10-09,ATP,Shanghai,Bet365,Yannick Hanfmann,Frances Tiafoe,double_faults,7.5,26.0000,,2026-10-08T20:43:18Z,2026-10-09T05:10:00Z,Team Total (Double Faults) Home,5,"{'hdp': 7.5, 'over': '26.00'}"
75151626,2026-10-09,ATP,Shanghai,Bet365,Yannick Hanfmann,Frances Tiafoe,match_double_faults,0.5,1.0100,,2026-10-08T20:43:18Z,2026-10-09T05:10:00Z,Totals (Double Faults),6,"{'hdp': 0.5, 'over': '1.01'}"
75151626,2026-10-09,ATP,Shanghai,Bet365,Yannick Hanfmann,Frances Tiafoe,match_double_faults,1.5,1.0800,,2026-10-08T20:43:18Z,2026-10-09T05:10:00Z,Totals (Double Faults),6,"{'hdp': 1.5, 'over': '1.08'}"
75151626,2026-10-09,ATP,Shanghai,Bet365,Yannick Hanfmann,Frances Tiafoe,match_double_faults,2.5,1.2800,,2026-10-08T20:43:18Z,2026-10-09T05:10:00Z,Totals (Double Faults),6,"{'hdp': 2.5, 'over': '1.28'}"
75151626,2026-10-09,ATP,Shanghai,Bet365,Yannick Hanfmann,Frances Tiafoe,match_double_faults,4.5,2.2500,,2026-10-08T20:43:18Z,2026-10-09T05:10:00Z,Totals (Double Faults),6,"{'hdp': 4.5, 'over': '2.25'}"
75151626,2026-10-09,ATP,Shanghai,Bet365,Yannick Hanfmann,Frances Tiafoe,match_double_faults,7.5,10.0000,,2026-10-08T20:43:18Z,2026-10-09T05:10:00Z,Totals (Double Faults),6,"{'hdp': 7.5, 'over': '10.00'}"
75151626,2026-10-09,ATP,Shanghai,Bet365,Yannick Hanfmann,Frances Tiafoe,match_double_faults,9.5,26.0000,,2026-10-08T20:43:18Z,2026-10-09T05:10:00Z,Totals (Double Faults),6,"{'hdp': 9.5, 'over': '26.00'}"
75151626,2026-10-09,ATP,Shanghai,Bet365,Yannick Hanfmann,Frances Tiafoe,aces,4.5,1.0300,,2026-10-08T20:43:18Z,2026-10-09T05:10:00Z,Team Total (Aces) Home,10,"{'hdp': 4.5, 'over': '1.03'}"
75151626,2026-10-09,ATP,Shanghai,Bet365,Yannick Hanfmann,Frances Tiafoe,aces,9.5,1.2000,,2026-10-08T20:43:18Z,2026-10-09T05:10:00Z,Team Total (Aces) Home,10,"{'hdp': 9.5, 'over': '1.20'}"
75151626,2026-10-09,ATP,Shanghai,Bet365,Yannick Hanfmann,Frances Tiafoe,aces,14.5,1.6100,,2026-10-08T20:43:18Z,2026-10-09T05:10:00Z,Team Total (Aces) Home,10,"{'hdp': 14.5, 'over': '1.61'}"
75151626,2026-10-09,ATP,Shanghai,Bet365,Yannick Hanfmann,Frances Tiafoe,aces,19.5,2.3700,,2026-10-08T20:43:18Z,2026-10-09T05:10:00Z,Team Total (Aces) Home,10,"{'hdp': 19.5, 'over': '2.37'}"
75151626,2026-10-09,ATP,Shanghai,Bet365,Yannick Hanfmann,Frances Tiafoe,aces,24.5,3.7500,,2026-10-08T20:43:18Z,2026-10-09T05:10:00Z,Team Total (Aces) Home,10,"{'hdp': 24.5, 'over': '3.75'}"
75151626,2026-10-09,ATP,Shanghai,Bet365,Yannick Hanfmann,Frances Tiafoe,aces,29.5,6.5000,,2026-10-08T20:43:18Z,2026-10-09T05:10:00Z,Team Total (Aces) Home,10,"{'hdp': 29.5, 'over': '6.50'}"
75151626,2026-10-09,ATP,Shanghai,Bet365,Yannick Hanfmann,Frances Tiafoe,aces,39.5,19.0000,,2026-10-08T20:43:18Z,2026-10-09T05:10:00Z,Team Total (Aces) Home,10,"{'hdp': 39.5, 'over': '19.00'}"
75151626,2026-10-09,ATP,Shanghai,Bet365,Yannick Hanfmann,Frances Tiafoe,aces,49.5,26.0000,,2026-10-08T20:43:18Z,2026-10-09T05:10:00Z,Team Total (Aces) Home,10,"{'hdp': 49.5, 'over': '26.00'}"
75151626,2026-10-09,ATP,Shanghai,Bet365,Frances Tiafoe,Yannick Hanfmann,aces,2.5,1.0500,,2026-10-08T20:43:18Z,2026-10-09T05:10:00Z,Team Total (Aces) Away,7,"{'hdp': 2.5, 'over': '1.05'}"
75151626,2026-10-09,ATP,Shanghai,Bet365,Frances Tiafoe,Yannick Hanfmann,aces,4.5,1.2000,,2026-10-08T20:43:18Z,2026-10-09T05:10:00Z,Team Total (Aces) Away,7,"{'hdp': 4.5, 'over': '1.20'}"
75151626,2026-10-09,ATP,Shanghai,Bet365,Frances Tiafoe,Yannick Hanfmann,aces,9.5,2.5000,,2026-10-08T20:43:18Z,2026-10-09T05:10:00Z,Team Total (Aces) Away,7,"{'hdp': 9.5, 'over': '2.50'}"
75151626,2026-10-09,ATP,Shanghai,Bet365,Frances Tiafoe,Yannick Hanfmann,aces,14.5,8.0000,,2026-10-08T20:43:18Z,2026-10-09T05:10:00Z,Team Total (Aces) Away,7,"{'hdp': 14.5, 'over': '8.00'}"
75151626,2026-10-09,ATP,Shanghai,Bet365,Frances Tiafoe,Yannick Hanfmann,aces,19.5,23.0000,,2026-10-08T20:43:18Z,2026-10-09T05:10:00Z,Team Total (Aces) Away,7,"{'hdp': 19.5, 'over': '23.00'}"
75151626,2026-10-09,ATP,Shanghai,Bet365,Frances Tiafoe,Yannick Hanfmann,aces,24.5,26.0000,,2026-10-08T20:43:18Z,2026-10-09T05:10:00Z,Team Total (Aces) Away,7,"{'hdp': 24.5, 'over': '26.00'}"
75151626,2026-10-09,ATP,Shanghai,Bet365,Frances Tiafoe,Yannick Hanfmann,double_faults,0.5,1.1400,,2026-10-08T20:43:18Z,2026-10-09T05:10:00Z,Team Total (Double Faults) Away,5,"{'hdp': 0.5, 'over': '1.14'}"
75151626,2026-10-09,ATP,Shanghai,Bet365,Frances Tiafoe,Yannick Hanfmann,double_faults,1.5,1.6100,,2026-10-08T20:43:18Z,2026-10-09T05:10:00Z,Team Total (Double Faults) Away,5,"{'hdp': 1.5, 'over': '1.61'}"
75151626,2026-10-09,ATP,Shanghai,Bet365,Frances Tiafoe,Yannick Hanfmann,double_faults,2.5,2.6200,,2026-10-08T20:43:18Z,2026-10-09T05:10:00Z,Team Total (Double Faults) Away,5,"{'hdp': 2.5, 'over': '2.62'}"
75151626,2026-10-09,ATP,Shanghai,Bet365,Frances Tiafoe,Yannick Hanfmann,double_faults,4.5,10.0000,,2026-10-08T20:43:18Z,2026-10-09T05:10:00Z,Team Total (Double Faults) Away,5,"{'hdp': 4.5, 'over': '10.00'}"
75151626,2026-10-09,ATP,Shanghai,Bet365,Frances Tiafoe,Yannick Hanfmann,double_faults,7.5,26.0000,,2026-10-08T20:43:18Z,2026-10-09T05:10:00Z,Team Total (Double Faults) Away,5,"{'hdp': 7.5, 'over': '26.00'}"
75151626,2026-10-09,ATP,Shanghai,Bet365,Yannick Hanfmann,Frances Tiafoe,match_aces,9.5,1.0200,,2026-10-08T20:43:18Z,2026-10-09T05:10:00Z,Totals (Aces),8,"{'hdp': 9.5, 'over': '1.02'}"
75151626,2026-10-09,ATP,Shanghai,Bet365,Yannick Hanfmann,Frances Tiafoe,match_aces,14.5,1.1200,,2026-10-08T20:43:18Z,2026-10-09T05:10:00Z,Totals (Aces),8,"{'hdp': 14.5, 'over': '1.12'}"
75151626,2026-10-09,ATP,Shanghai,Bet365,Yannick Hanfmann,Frances Tiafoe,match_aces,19.5,1.3300,,2026-10-08T20:43:18Z,2026-10-09T05:10:00Z,Totals (Aces),8,"{'hdp': 19.5, 'over': '1.33'}"
75151626,2026-10-09,ATP,Shanghai,Bet365,Yannick Hanfmann,Frances Tiafoe,match_aces,24.5,1.8000,,2026-10-08T20:43:18Z,2026-10-09T05:10:00Z,Totals (Aces),8,"{'hdp': 24.5, 'over': '1.80'}"
75151626,2026-10-09,ATP,Shanghai,Bet365,Yannick Hanfmann,Frances Tiafoe,match_aces,29.5,2.5000,,2026-10-08T20:43:18Z,2026-10-09T05:10:00Z,Totals (Aces),8,"{'hdp': 29.5, 'over': '2.50'}"
75151626,2026-10-09,ATP,Shanghai,Bet365,Yannick Hanfmann,Frances Tiafoe,match_aces,39.5,6.0000,,2026-10-08T20:43:18Z,2026-10-09T05:10:00Z,Totals (Aces),8,"{'hdp': 39.5, 'over': '6.00'}"
75151626,2026-10-09,ATP,Shanghai,Bet365,Yannick Hanfmann,Frances Tiafoe,match_aces,49.5,17.0000,,2026-10-08T20:43:18Z,2026-10-09T05:10:00Z,Totals (Aces),8,"{'hdp': 49.5, 'over': '17.00'}"
75151676,2026-10-09,ATP,Shanghai,Bet365,Quentin Halys,Alexander Blockx,aces,2.5,1.0200,,2026-10-08T20:43:18Z,2026-10-09T05:10:00Z,Team Total (Aces) Home,8,"{'hdp': 2.5, 'over': '1.02'}"
75151676,2026-10-09,ATP,Shanghai,Bet365,Quentin Halys,Alexander Blockx,aces,4.5,1.1200,,2026-10-08T20:43:18Z,2026-10-09T05:10:00Z,Team Total (Aces) Home,8,"{'hdp': 4.5, 'over': '1.12'}"
75151676,2026-10-09,ATP,Shanghai,Bet365,Quentin Halys,Alexander Blockx,aces,9.5,1.8300,,2026-10-08T20:43:18Z,2026-10-09T05:10:00Z,Team Total (Aces) Home,8,"{'hdp': 9.5, 'over': '1.83'}"
75151676,2026-10-09,ATP,Shanghai,Bet365,Quentin Halys,Alexander Blockx,aces,14.5,4.0000,,2026-10-08T20:43:18Z,2026-10-09T05:10:00Z,Team Total (Aces) Home,8,"{'hdp': 14.5, 'over': '4.00'}"
75151676,2026-10-09,ATP,Shanghai,Bet365,Quentin Halys,Alexander Blockx,aces,19.5,10.0000,,2026-10-08T20:43:18Z,2026-10-09T05:10:00Z,Team Total (Aces) Home,8,"{'hdp': 19.5, 'over': '10.00'}"
75151676,2026-10-09,ATP,Shanghai,Bet365,Quentin Halys,Alexander Blockx,aces,24.5,23.0000,,2026-10-08T20:43:18Z,2026-10-09T05:10:00Z,Team Total (Aces) Home,8,"{'hdp': 24.5, 'over': '23.00'}"
75151676,2026-10-09,ATP,Shanghai,Bet365,Quentin Halys,Alexander Blockx,aces,29.5,26.0000,,2026-10-08T20:43:18Z,2026-10-09T05:10:00Z,Team Total (Aces) Home,8,"{'hdp': 29.5, 'over': '26.00'}"
75151676,2026-10-09,ATP,Shanghai,Bet365,Alexander Blockx,Quentin Halys,double_faults,0.5,1.1600,,2026-10-08T20:43:18Z,2026-10-09T05:10:00Z,Team Total (Double Faults) Away,5,"{'hdp': 0.5, 'over': '1.16'}"
75151676,2026-10-09,ATP,Shanghai,Bet365,Alexander Blockx,Quentin Halys,double_faults,1.5,1.6600,,2026-10-08T20:43:18Z,2026-10-09T05:10:00Z,Team Total (Double Faults) Away,5,"{'hdp': 1.5, 'over': '1.66'}"
75151676,2026-10-09,ATP,Shanghai,Bet365,Alexander Blockx,Quentin Halys,double_faults,2.5,3.0000,,2026-10-08T20:43:18Z,2026-10-09T05:10:00Z,Team Total (Double Faults) Away,5,"{'hdp': 2.5, 'over': '3.00'}"
75151676,2026-10-09,ATP,Shanghai,Bet365,Alexander Blockx,Quentin Halys,double_faults,4.5,13.0000,,2026-10-08T20:43:18Z,2026-10-09T05:10:00Z,Team Total (Double Faults) Away,5,"{'hdp': 4.5, 'over': '13.00'}"
75151676,2026-10-09,ATP,Shanghai,Bet365,Alexander Blockx,Quentin Halys,double_faults,7.5,26.0000,,2026-10-08T20:43:18Z,2026-10-09T05:10:00Z,Team Total (Double Faults) Away,5,"{'hdp': 7.5, 'over': '26.00'}"
75151676,2026-10-09,ATP,Shanghai,Bet365,Quentin Halys,Alexander Blockx,double_faults,0.5,1.0700,,2026-10-08T20:43:18Z,2026-10-09T05:10:00Z,Team Total (Double Faults) Home,5,"{'hdp': 0.5, 'over': '1.07'}"
75151676,2026-10-09,ATP,Shanghai,Bet365,Quentin Halys,Alexander Blockx,double_faults,1.5,1.3300,,2026-10-08T20:43:18Z,2026-10-09T05:10:00Z,Team Total (Double Faults) Home,5,"{'hdp': 1.5, 'over': '1.33'}"
75151676,2026-10-09,ATP,Shanghai,Bet365,Quentin Halys,Alexander Blockx,double_faults,2.5,1.9000,,2026-10-08T20:43:18Z,2026-10-09T05:10:00Z,Team Total (Double Faults) Home,5,"{'hdp': 2.5, 'over': '1.90'}"
75151676,2026-10-09,ATP,Shanghai,Bet365,Quentin Halys,Alexander Blockx,double_faults,4.5,6.0000,,2026-10-08T20:43:18Z,2026-10-09T05:10:00Z,Team Total (Double Faults) Home,5,"{'hdp': 4.5, 'over': '6.00'}"
75151676,2026-10-09,ATP,Shanghai,Bet365,Quentin Halys,Alexander Blockx,double_faults,7.5,26.0000,,2026-10-08T20:43:18Z,2026-10-09T05:10:00Z,Team Total (Double Faults) Home,5,"{'hdp': 7.5, 'over': '26.00'}"
75151676,2026-10-09,ATP,Shanghai,Bet365,Alexander Blockx,Quentin Halys,aces,2.5,1.0600,,2026-10-08T20:43:18Z,2026-10-09T05:10:00Z,Team Total (Aces) Away,6,"{'hdp': 2.5, 'over': '1.06'}"
75151676,2026-10-09,ATP,Shanghai,Bet365,Alexander Blockx,Quentin Halys,aces,4.5,1.2500,,2026-10-08T20:43:18Z,2026-10-09T05:10:00Z,Team Total (Aces) Away,6,"{'hdp': 4.5, 'over': '1.25'}"
75151676,2026-10-09,ATP,Shanghai,Bet365,Alexander Blockx,Quentin Halys,aces,9.5,2.7500,,2026-10-08T20:43:18Z,2026-10-09T05:10:00Z,Team Total (Aces) Away,6,"{'hdp': 9.5, 'over': '2.75'}"
75151676,2026-10-09,ATP,Shanghai,Bet365,Alexander Blockx,Quentin Halys,aces,14.5,9.0000,,2026-10-08T20:43:18Z,2026-10-09T05:10:00Z,Team Total (Aces) Away,6,"{'hdp': 14.5, 'over': '9.00'}"
75151676,2026-10-09,ATP,Shanghai,Bet365,Alexander Blockx,Quentin Halys,aces,19.5,26.0000,,2026-10-08T20:43:18Z,2026-10-09T05:10:00Z,Team Total (Aces) Away,6,"{'hdp': 19.5, 'over': '26.00'}"
75151676,2026-10-09,ATP,Shanghai,Bet365,Quentin Halys,Alexander Blockx,match_aces,9.5,1.1100,,2026-10-08T20:43:18Z,2026-10-09T05:10:00Z,Totals (Aces),8,"{'hdp': 9.5, 'over': '1.11'}"
75151676,2026-10-09,ATP,Shanghai,Bet365,Quentin Halys,Alexander Blockx,match_aces,14.5,1.4400,,2026-10-08T20:43:18Z,2026-10-09T05:10:00Z,Totals (Aces),8,"{'hdp': 14.5, 'over': '1.44'}"
75151676,2026-10-09,ATP,Shanghai,Bet365,Quentin Halys,Alexander Blockx,match_aces,19.5,2.2500,,2026-10-08T20:43:18Z,2026-10-09T05:10:00Z,Totals (Aces),8,"{'hdp': 19.5, 'over': '2.25'}"
75151676,2026-10-09,ATP,Shanghai,Bet365,Quentin Halys,Alexander Blockx,match_aces,24.5,4.0000,,2026-10-08T20:43:18Z,2026-10-09T05:10:00Z,Totals (Aces),8,"{'hdp': 24.5, 'over': '4.00'}"
75151676,2026-10-09,ATP,Shanghai,Bet365,Quentin Halys,Alexander Blockx,match_aces,29.5,8.0000,,2026-10-08T20:43:18Z,2026-10-09T05:10:00Z,Totals (Aces),8,"{'hdp': 29.5, 'over': '8.00'}"
75151676,2026-10-09,ATP,Shanghai,Bet365,Quentin Halys,Alexander Blockx,match_aces,39.5,26.0000,,2026-10-08T20:43:18Z,2026-10-09T05:10:00Z,Totals (Aces),8,"{'hdp': 39.5, 'over': '26.00'}"
75151676,2026-10-09,ATP,Shanghai,Bet365,Quentin Halys,Alexander Blockx,match_double_faults,1.5,1.0500,,2026-10-08T20:43:18Z,2026-10-09T05:10:00Z,Totals (Double Faults),7,"{'hdp': 1.5, 'over': '1.05'}"
75151676,2026-10-09,ATP,Shanghai,Bet365,Quentin Halys,Alexander Blockx,match_double_faults,2.5,1.2000,,2026-10-08T20:43:18Z,2026-10-09T05:10:00Z,Totals (Double Faults),7,"{'hdp': 2.5, 'over': '1.20'}"
75151676,2026-10-09,ATP,Shanghai,Bet365,Quentin Halys,Alexander Blockx,match_double_faults,4.5,1.9000,,2026-10-08T20:43:18Z,2026-10-09T05:10:00Z,Totals (Double Faults),7,"{'hdp': 4.5, 'over': '1.90'}"
75151676,2026-10-09,ATP,Shanghai,Bet365,Quentin Halys,Alexander Blockx,match_double_faults,7.5,7.0000,,2026-10-08T20:43:18Z,2026-10-09T05:10:00Z,Totals (Double Faults),7,"{'hdp': 7.5, 'over': '7.00'}"
75151676,2026-10-09,ATP,Shanghai,Bet365,Quentin Halys,Alexander Blockx,match_double_faults,9.5,19.0000,,2026-10-08T20:43:18Z,2026-10-09T05:10:00Z,Totals (Double Faults),7,"{'hdp': 9.5, 'over': '19.00'}"
75151676,2026-10-09,ATP,Shanghai,Bet365,Quentin Halys,Alexander Blockx,match_double_faults,11.5,26.0000,,2026-10-08T20:43:18Z,2026-10-09T05:10:00Z,Totals (Double Faults),7,"{'hdp': 11.5, 'over': '26.00'}"
75151680,2026-10-09,ATP,Shanghai,Bet365,Brandon Nakashima,Matteo Berrettini,double_faults,0.5,1.5000,,2026-10-08T20:43:18Z,2026-10-09T05:10:00Z,Team Total (Double Faults) Away,4,"{'hdp': 0.5, 'over': '1.50'}"
75151680,2026-10-09,ATP,Shanghai,Bet365,Brandon Nakashima,Matteo Berrettini,double_faults,1.5,3.2500,,2026-10-08T20:43:18Z,2026-10-09T05:10:00Z,Team Total (Double Faults) Away,4,"{'hdp': 1.5, 'over': '3.25'}"
75151680,2026-10-09,ATP,Shanghai,Bet365,Brandon Nakashima,Matteo Berrettini,double_faults,2.5,8.0000,,2026-10-08T20:43:18Z,2026-10-09T05:10:00Z,Team Total (Double Faults) Away,4,"{'hdp': 2.5, 'over': '8.00'}"
75151680,2026-10-09,ATP,Shanghai,Bet365,Brandon Nakashima,Matteo Berrettini,double_faults,4.5,26.0000,,2026-10-08T20:43:18Z,2026-10-09T05:10:00Z,Team Total (Double Faults) Away,4,"{'hdp': 4.5, 'over': '26.00'}"
75151680,2026-10-09,ATP,Shanghai,Bet365,Matteo Berrettini,Brandon Nakashima,double_faults,0.5,1.2500,,2026-10-08T20:43:18Z,2026-10-09T05:10:00Z,Team Total (Double Faults) Home,4,"{'hdp': 0.5, 'over': '1.25'}"
75151680,2026-10-09,ATP,Shanghai,Bet365,Matteo Berrettini,Brandon Nakashima,double_faults,1.5,2.2000,,2026-10-08T20:43:18Z,2026-10-09T05:10:00Z,Team Total (Double Faults) Home,4,"{'hdp': 1.5, 'over': '2.20'}"
75151680,2026-10-09,ATP,Shanghai,Bet365,Matteo Berrettini,Brandon Nakashima,double_faults,2.5,4.5000,,2026-10-08T20:43:18Z,2026-10-09T05:10:00Z,Team Total (Double Faults) Home,4,"{'hdp': 2.5, 'over': '4.50'}"
75151680,2026-10-09,ATP,Shanghai,Bet365,Matteo Berrettini,Brandon Nakashima,double_faults,4.5,23.0000,,2026-10-08T20:43:18Z,2026-10-09T05:10:00Z,Team Total (Double Faults) Home,4,"{'hdp': 4.5, 'over': '23.00'}"
75151680,2026-10-09,ATP,Shanghai,Bet365,Matteo Berrettini,Brandon Nakashima,match_double_faults,0.5,1.0700,,2026-10-08T20:43:18Z,2026-10-09T05:10:00Z,Totals (Double Faults),5,"{'hdp': 0.5, 'over': '1.07'}"
75151680,2026-10-09,ATP,Shanghai,Bet365,Matteo Berrettini,Brandon Nakashima,match_double_faults,1.5,1.3600,,2026-10-08T20:43:18Z,2026-10-09T05:10:00Z,Totals (Double Faults),5,"{'hdp': 1.5, 'over': '1.36'}"
75151680,2026-10-09,ATP,Shanghai,Bet365,Matteo Berrettini,Brandon Nakashima,match_double_faults,2.5,2.0000,,2026-10-08T20:43:18Z,2026-10-09T05:10:00Z,Totals (Double Faults),5,"{'hdp': 2.5, 'over': '2.00'}"
75151680,2026-10-09,ATP,Shanghai,Bet365,Matteo Berrettini,Brandon Nakashima,match_double_faults,4.5,6.5000,,2026-10-08T20:43:18Z,2026-10-09T05:10:00Z,Totals (Double Faults),5,"{'hdp': 4.5, 'over': '6.50'}"
75151680,2026-10-09,ATP,Shanghai,Bet365,Matteo Berrettini,Brandon Nakashima,match_double_faults,7.5,26.0000,,2026-10-08T20:43:18Z,2026-10-09T05:10:00Z,Totals (Double Faults),5,"{'hdp': 7.5, 'over': '26.00'}"
75392184,2026-10-09,ATP,Shanghai,Bet365,Daniel Altmaier,Ben Shelton,aces,2.5,1.0800,,2026-10-08T20:43:18Z,2026-10-09T04:00:00Z,Team Total (Aces) Away,7,"{'hdp': 2.5, 'over': '1.08'}"
75392184,2026-10-09,ATP,Shanghai,Bet365,Daniel Altmaier,Ben Shelton,aces,4.5,1.3300,,2026-10-08T20:43:18Z,2026-10-09T04:00:00Z,Team Total (Aces) Away,7,"{'hdp': 4.5, 'over': '1.33'}"
75392184,2026-10-09,ATP,Shanghai,Bet365,Daniel Altmaier,Ben Shelton,aces,9.5,3.0000,,2026-10-08T20:43:18Z,2026-10-09T04:00:00Z,Team Total (Aces) Away,7,"{'hdp': 9.5, 'over': '3.00'}"
75392184,2026-10-09,ATP,Shanghai,Bet365,Daniel Altmaier,Ben Shelton,aces,14.5,9.0000,,2026-10-08T20:43:18Z,2026-10-09T04:00:00Z,Team Total (Aces) Away,7,"{'hdp': 14.5, 'over': '9.00'}"
75392184,2026-10-09,ATP,Shanghai,Bet365,Daniel Altmaier,Ben Shelton,aces,19.5,23.0000,,2026-10-08T20:43:18Z,2026-10-09T04:00:00Z,Team Total (Aces) Away,7,"{'hdp': 19.5, 'over': '23.00'}"
75392184,2026-10-09,ATP,Shanghai,Bet365,Daniel Altmaier,Ben Shelton,aces,24.5,26.0000,,2026-10-08T20:43:18Z,2026-10-09T04:00:00Z,Team Total (Aces) Away,7,"{'hdp': 24.5, 'over': '26.00'}"
75392184,2026-10-09,ATP,Shanghai,Bet365,Ben Shelton,Daniel Altmaier,aces,2.5,1.0700,,2026-10-08T20:43:18Z,2026-10-09T04:00:00Z,Team Total (Aces) Home,6,"{'hdp': 2.5, 'over': '1.07'}"
75392184,2026-10-09,ATP,Shanghai,Bet365,Ben Shelton,Daniel Altmaier,aces,4.5,1.3000,,2026-10-08T20:43:18Z,2026-10-09T04:00:00Z,Team Total (Aces) Home,6,"{'hdp': 4.5, 'over': '1.30'}"
75392184,2026-10-09,ATP,Shanghai,Bet365,Ben Shelton,Daniel Altmaier,aces,9.5,3.4000,,2026-10-08T20:43:18Z,2026-10-09T04:00:00Z,Team Total (Aces) Home,6,"{'hdp': 9.5, 'over': '3.40'}"
75392184,2026-10-09,ATP,Shanghai,Bet365,Ben Shelton,Daniel Altmaier,aces,14.5,13.0000,,2026-10-08T20:43:18Z,2026-10-09T04:00:00Z,Team Total (Aces) Home,6,"{'hdp': 14.5, 'over': '13.00'}"
75392184,2026-10-09,ATP,Shanghai,Bet365,Ben Shelton,Daniel Altmaier,aces,19.5,26.0000,,2026-10-08T20:43:18Z,2026-10-09T04:00:00Z,Team Total (Aces) Home,6,"{'hdp': 19.5, 'over': '26.00'}"
75392184,2026-10-09,ATP,Shanghai,Bet365,Ben Shelton,Daniel Altmaier,match_aces,4.5,1.0200,,2026-10-08T20:43:18Z,2026-10-09T04:00:00Z,Totals (Aces),8,"{'hdp': 4.5, 'over': '1.02'}"
75392184,2026-10-09,ATP,Shanghai,Bet365,Ben Shelton,Daniel Altmaier,match_aces,9.5,1.2500,,2026-10-08T20:43:18Z,2026-10-09T04:00:00Z,Totals (Aces),8,"{'hdp': 9.5, 'over': '1.25'}"
75392184,2026-10-09,ATP,Shanghai,Bet365,Ben Shelton,Daniel Altmaier,match_aces,14.5,1.9000,,2026-10-08T20:43:18Z,2026-10-09T04:00:00Z,Totals (Aces),8,"{'hdp': 14.5, 'over': '1.90'}"
75392184,2026-10-09,ATP,Shanghai,Bet365,Ben Shelton,Daniel Altmaier,match_aces,19.5,3.5000,,2026-10-08T20:43:18Z,2026-10-09T04:00:00Z,Totals (Aces),8,"{'hdp': 19.5, 'over': '3.50'}"
75392184,2026-10-09,ATP,Shanghai,Bet365,Ben Shelton,Daniel Altmaier,match_aces,24.5,7.0000,,2026-10-08T20:43:18Z,2026-10-09T04:00:00Z,Totals (Aces),8,"{'hdp': 24.5, 'over': '7.00'}"
75392184,2026-10-09,ATP,Shanghai,Bet365,Ben Shelton,Daniel Altmaier,match_aces,29.5,15.0000,,2026-10-08T20:43:18Z,2026-10-09T04:00:00Z,Totals (Aces),8,"{'hdp': 29.5, 'over': '15.00'}"
75392184,2026-10-09,ATP,Shanghai,Bet365,Ben Shelton,Daniel Altmaier,match_aces,39.5,26.0000,,2026-10-08T20:43:18Z,2026-10-09T04:00:00Z,Totals (Aces),8,"{'hdp': 39.5, 'over': '26.00'}"
75151630,2026-10-09,ATP,Shanghai,Bet365,Arthur Gea,Ugo Humbert,double_faults,0.5,1.0400,,2026-10-08T20:43:18Z,2026-10-09T04:00:00Z,Team Total (Double Faults) Home,6,"{'hdp': 0.5, 'over': '1.04'}"
75151630,2026-10-09,ATP,Shanghai,Bet365,Arthur Gea,Ugo Humbert,double_faults,1.5,1.2000,,2026-10-08T20:43:18Z,2026-10-09T04:00:00Z,Team Total (Double Faults) Home,6,"{'hdp': 1.5, 'over': '1.20'}"
75151630,2026-10-09,ATP,Shanghai,Bet365,Arthur Gea,Ugo Humbert,double_faults,2.5,1.5300,,2026-10-08T20:43:18Z,2026-10-09T04:00:00Z,Team Total (Double Faults) Home,6,"{'hdp': 2.5, 'over': '1.53'}"
75151630,2026-10-09,ATP,Shanghai,Bet365,Arthur Gea,Ugo Humbert,double_faults,4.5,3.4000,,2026-10-08T20:43:18Z,2026-10-09T04:00:00Z,Team Total (Double Faults) Home,6,"{'hdp': 4.5, 'over': '3.40'}"
75151630,2026-10-09,ATP,Shanghai,Bet365,Arthur Gea,Ugo Humbert,double_faults,7.5,17.0000,,2026-10-08T20:43:18Z,2026-10-09T04:00:00Z,Team Total (Double Faults) Home,6,"{'hdp': 7.5, 'over': '17.00'}"
75151630,2026-10-09,ATP,Shanghai,Bet365,Arthur Gea,Ugo Humbert,double_faults,9.5,26.0000,,2026-10-08T20:43:18Z,2026-10-09T04:00:00Z,Team Total (Double Faults) Home,6,"{'hdp': 9.5, 'over': '26.00'}"
75151630,2026-10-09,ATP,Shanghai,Bet365,Arthur Gea,Ugo Humbert,match_double_faults,2.5,1.0200,,2026-10-08T20:43:18Z,2026-10-09T04:00:00Z,Totals (Double Faults),9,"{'hdp': 2.5, 'over': '1.02'}"
75151630,2026-10-09,ATP,Shanghai,Bet365,Arthur Gea,Ugo Humbert,match_double_faults,4.5,1.1400,,2026-10-08T20:43:18Z,2026-10-09T04:00:00Z,Totals (Double Faults),9,"{'hdp': 4.5, 'over': '1.14'}"
75151630,2026-10-09,ATP,Shanghai,Bet365,Arthur Gea,Ugo Humbert,match_double_faults,7.5,1.8300,,2026-10-08T20:43:18Z,2026-10-09T04:00:00Z,Totals (Double Faults),9,"{'hdp': 7.5, 'over': '1.83'}"
75151630,2026-10-09,ATP,Shanghai,Bet365,Arthur Gea,Ugo Humbert,match_double_faults,9.5,3.2500,,2026-10-08T20:43:18Z,2026-10-09T04:00:00Z,Totals (Double Faults),9,"{'hdp': 9.5, 'over': '3.25'}"
75151630,2026-10-09,ATP,Shanghai,Bet365,Arthur Gea,Ugo Humbert,match_double_faults,11.5,6.0000,,2026-10-08T20:43:18Z,2026-10-09T04:00:00Z,Totals (Double Faults),9,"{'hdp': 11.5, 'over': '6.00'}"
75151630,2026-10-09,ATP,Shanghai,Bet365,Arthur Gea,Ugo Humbert,match_double_faults,14.5,17.0000,,2026-10-08T20:43:18Z,2026-10-09T04:00:00Z,Totals (Double Faults),9,"{'hdp': 14.5, 'over': '17.00'}"
75151630,2026-10-09,ATP,Shanghai,Bet365,Arthur Gea,Ugo Humbert,match_double_faults,19.5,26.0000,,2026-10-08T20:43:18Z,2026-10-09T04:00:00Z,Totals (Double Faults),9,"{'hdp': 19.5, 'over': '26.00'}"
75151630,2026-10-09,ATP,Shanghai,Bet365,Arthur Gea,Ugo Humbert,aces,2.5,1.1000,,2026-10-08T20:43:18Z,2026-10-09T04:00:00Z,Team Total (Aces) Home,6,"{'hdp': 2.5, 'over': '1.10'}"
75151630,2026-10-09,ATP,Shanghai,Bet365,Arthur Gea,Ugo Humbert,aces,4.5,1.3600,,2026-10-08T20:43:18Z,2026-10-09T04:00:00Z,Team Total (Aces) Home,6,"{'hdp': 4.5, 'over': '1.36'}"
75151630,2026-10-09,ATP,Shanghai,Bet365,Arthur Gea,Ugo Humbert,aces,9.5,3.7500,,2026-10-08T20:43:18Z,2026-10-09T04:00:00Z,Team Total (Aces) Home,6,"{'hdp': 9.5, 'over': '3.75'}"
75151630,2026-10-09,ATP,Shanghai,Bet365,Arthur Gea,Ugo Humbert,aces,14.5,15.0000,,2026-10-08T20:43:18Z,2026-10-09T04:00:00Z,Team Total (Aces) Home,6,"{'hdp': 14.5, 'over': '15.00'}"
75151630,2026-10-09,ATP,Shanghai,Bet365,Arthur Gea,Ugo Humbert,aces,19.5,26.0000,,2026-10-08T20:43:18Z,2026-10-09T04:00:00Z,Team Total (Aces) Home,6,"{'hdp': 19.5, 'over': '26.00'}"
75151630,2026-10-09,ATP,Shanghai,Bet365,Ugo Humbert,Arthur Gea,aces,2.5,1.1200,,2026-10-08T20:43:18Z,2026-10-09T04:00:00Z,Team Total (Aces) Away,6,"{'hdp': 2.5, 'over': '1.12'}"
75151630,2026-10-09,ATP,Shanghai,Bet365,Ugo Humbert,Arthur Gea,aces,4.5,1.4400,,2026-10-08T20:43:18Z,2026-10-09T04:00:00Z,Team Total (Aces) Away,6,"{'hdp': 4.5, 'over': '1.44'}"
75151630,2026-10-09,ATP,Shanghai,Bet365,Ugo Humbert,Arthur Gea,aces,9.5,4.3300,,2026-10-08T20:43:18Z,2026-10-09T04:00:00Z,Team Total (Aces) Away,6,"{'hdp': 9.5, 'over': '4.33'}"
75151630,2026-10-09,ATP,Shanghai,Bet365,Ugo Humbert,Arthur Gea,aces,14.5,19.0000,,2026-10-08T20:43:18Z,2026-10-09T04:00:00Z,Team Total (Aces) Away,6,"{'hdp': 14.5, 'over': '19.00'}"
75151630,2026-10-09,ATP,Shanghai,Bet365,Ugo Humbert,Arthur Gea,aces,19.5,26.0000,,2026-10-08T20:43:18Z,2026-10-09T04:00:00Z,Team Total (Aces) Away,6,"{'hdp': 19.5, 'over': '26.00'}"
75151630,2026-10-09,ATP,Shanghai,Bet365,Ugo Humbert,Arthur Gea,double_faults,0.5,1.0100,,2026-10-08T20:43:18Z,2026-10-09T04:00:00Z,Team Total (Double Faults) Away,7,"{'hdp': 0.5, 'over': '1.01'}"
75151630,2026-10-09,ATP,Shanghai,Bet365,Ugo Humbert,Arthur Gea,double_faults,1.5,1.0800,,2026-10-08T20:43:18Z,2026-10-09T04:00:00Z,Team Total (Double Faults) Away,7,"{'hdp': 1.5, 'over': '1.08'}"
75151630,2026-10-09,ATP,Shanghai,Bet365,Ugo Humbert,Arthur Gea,double_faults,2.5,1.2200,,2026-10-08T20:43:18Z,2026-10-09T04:00:00Z,Team Total (Double Faults) Away,7,"{'hdp': 2.5, 'over': '1.22'}"
75151630,2026-10-09,ATP,Shanghai,Bet365,Ugo Humbert,Arthur Gea,double_faults,4.5,2.0000,,2026-10-08T20:43:18Z,2026-10-09T04:00:00Z,Team Total (Double Faults) Away,7,"{'hdp': 4.5, 'over': '2.00'}"
75151630,2026-10-09,ATP,Shanghai,Bet365,Ugo Humbert,Arthur Gea,double_faults,7.5,7.0000,,2026-10-08T20:43:18Z,2026-10-09T04:00:00Z,Team Total (Double Faults) Away,7,"{'hdp': 7.5, 'over': '7.00'}"
75151630,2026-10-09,ATP,Shanghai,Bet365,Ugo Humbert,Arthur Gea,double_faults,9.5,17.0000,,2026-10-08T20:43:18Z,2026-10-09T04:00:00Z,Team Total (Double Faults) Away,7,"{'hdp': 9.5, 'over': '17.00'}"
75151630,2026-10-09,ATP,Shanghai,Bet365,Ugo Humbert,Arthur Gea,double_faults,11.5,26.0000,,2026-10-08T20:43:18Z,2026-10-09T04:00:00Z,Team Total (Double Faults) Away,7,"{'hdp': 11.5, 'over': '26.00'}"
75151630,2026-10-09,ATP,Shanghai,Bet365,Arthur Gea,Ugo Humbert,match_aces,4.5,1.0400,,2026-10-08T20:43:18Z,2026-10-09T04:00:00Z,Totals (Aces),7,"{'hdp': 4.5, 'over': '1.04'}"
75151630,2026-10-09,ATP,Shanghai,Bet365,Arthur Gea,Ugo Humbert,match_aces,9.5,1.3600,,2026-10-08T20:43:18Z,2026-10-09T04:00:00Z,Totals (Aces),7,"{'hdp': 9.5, 'over': '1.36'}"
75151630,2026-10-09,ATP,Shanghai,Bet365,Arthur Gea,Ugo Humbert,match_aces,14.5,2.3700,,2026-10-08T20:43:18Z,2026-10-09T04:00:00Z,Totals (Aces),7,"{'hdp': 14.5, 'over': '2.37'}"
75151630,2026-10-09,ATP,Shanghai,Bet365,Arthur Gea,Ugo Humbert,match_aces,19.5,5.0000,,2026-10-08T20:43:18Z,2026-10-09T04:00:00Z,Totals (Aces),7,"{'hdp': 19.5, 'over': '5.00'}"
75151630,2026-10-09,ATP,Shanghai,Bet365,Arthur Gea,Ugo Humbert,match_aces,24.5,13.0000,,2026-10-08T20:43:18Z,2026-10-09T04:00:00Z,Totals (Aces),7,"{'hdp': 24.5, 'over': '13.00'}"
75151630,2026-10-09,ATP,Shanghai,Bet365,Arthur Gea,Ugo Humbert,match_aces,29.5,26.0000,,2026-10-08T20:43:18Z,2026-10-09T04:00:00Z,Totals (Aces),7,"{'hdp': 29.5, 'over': '26.00'}"
75151672,2026-10-09,ATP,Shanghai,Bet365,Adrian Mannarino,Flavio Cobolli,aces,2.5,1.1100,,2026-10-08T20:43:18Z,2026-10-09T04:00:00Z,Team Total (Aces) Home,6,"{'hdp': 2.5, 'over': '1.11'}"
75151672,2026-10-09,ATP,Shanghai,Bet365,Adrian Mannarino,Flavio Cobolli,aces,4.5,1.4000,,2026-10-08T20:43:18Z,2026-10-09T04:00:00Z,Team Total (Aces) Home,6,"{'hdp': 4.5, 'over': '1.40'}"
75151672,2026-10-09,ATP,Shanghai,Bet365,Adrian Mannarino,Flavio Cobolli,aces,9.5,3.7500,,2026-10-08T20:43:18Z,2026-10-09T04:00:00Z,Team Total (Aces) Home,6,"{'hdp': 9.5, 'over': '3.75'}"
75151672,2026-10-09,ATP,Shanghai,Bet365,Adrian Mannarino,Flavio Cobolli,aces,14.5,15.0000,,2026-10-08T20:43:18Z,2026-10-09T04:00:00Z,Team Total (Aces) Home,6,"{'hdp': 14.5, 'over': '15.00'}"
75151672,2026-10-09,ATP,Shanghai,Bet365,Adrian Mannarino,Flavio Cobolli,aces,19.5,26.0000,,2026-10-08T20:43:18Z,2026-10-09T04:00:00Z,Team Total (Aces) Home,6,"{'hdp': 19.5, 'over': '26.00'}"
75151672,2026-10-09,ATP,Shanghai,Bet365,Adrian Mannarino,Flavio Cobolli,match_aces,4.5,1.0300,,2026-10-08T20:43:18Z,2026-10-09T04:00:00Z,Totals (Aces),8,"{'hdp': 4.5, 'over': '1.03'}"
75151672,2026-10-09,ATP,Shanghai,Bet365,Adrian Mannarino,Flavio Cobolli,match_aces,9.5,1.3300,,2026-10-08T20:43:18Z,2026-10-09T04:00:00Z,Totals (Aces),8,"{'hdp': 9.5, 'over': '1.33'}"
75151672,2026-10-09,ATP,Shanghai,Bet365,Adrian Mannarino,Flavio Cobolli,match_aces,14.5,2.2000,,2026-10-08T20:43:18Z,2026-10-09T04:00:00Z,Totals (Aces),8,"{'hdp': 14.5, 'over': '2.20'}"
75151672,2026-10-09,ATP,Shanghai,Bet365,Adrian Mannarino,Flavio Cobolli,match_aces,19.5,4.3300,,2026-10-08T20:43:18Z,2026-10-09T04:00:00Z,Totals (Aces),8,"{'hdp': 19.5, 'over': '4.33'}"
75151672,2026-10-09,ATP,Shanghai,Bet365,Adrian Mannarino,Flavio Cobolli,match_aces,24.5,10.0000,,2026-10-08T20:43:18Z,2026-10-09T04:00:00Z,Totals (Aces),8,"{'hdp': 24.5, 'over': '10.00'}"
75151672,2026-10-09,ATP,Shanghai,Bet365,Adrian Mannarino,Flavio Cobolli,match_aces,29.5,21.0000,,2026-10-08T20:43:18Z,2026-10-09T04:00:00Z,Totals (Aces),8,"{'hdp': 29.5, 'over': '21.00'}"
75151672,2026-10-09,ATP,Shanghai,Bet365,Adrian Mannarino,Flavio Cobolli,match_aces,39.5,26.0000,,2026-10-08T20:43:18Z,2026-10-09T04:00:00Z,Totals (Aces),8,"{'hdp': 39.5, 'over': '26.00'}"
75151672,2026-10-09,ATP,Shanghai,Bet365,Flavio Cobolli,Adrian Mannarino,aces,2.5,1.0800,,2026-10-08T20:43:18Z,2026-10-09T04:00:00Z,Team Total (Aces) Away,6,"{'hdp': 2.5, 'over': '1.08'}"
75151672,2026-10-09,ATP,Shanghai,Bet365,Flavio Cobolli,Adrian Mannarino,aces,4.5,1.3300,,2026-10-08T20:43:18Z,2026-10-09T04:00:00Z,Team Total (Aces) Away,6,"{'hdp': 4.5, 'over': '1.33'}"
75151672,2026-10-09,ATP,Shanghai,Bet365,Flavio Cobolli,Adrian Mannarino,aces,9.5,3.5000,,2026-10-08T20:43:18Z,2026-10-09T04:00:00Z,Team Total (Aces) Away,6,"{'hdp': 9.5, 'over': '3.50'}"
75151672,2026-10-09,ATP,Shanghai,Bet365,Flavio Cobolli,Adrian Mannarino,aces,14.5,13.0000,,2026-10-08T20:43:18Z,2026-10-09T04:00:00Z,Team Total (Aces) Away,6,"{'hdp': 14.5, 'over': '13.00'}"
75151672,2026-10-09,ATP,Shanghai,Bet365,Flavio Cobolli,Adrian Mannarino,aces,19.5,26.0000,,2026-10-08T20:43:18Z,2026-10-09T04:00:00Z,Team Total (Aces) Away,6,"{'hdp': 19.5, 'over': '26.00'}"
75151672,2026-10-09,ATP,Shanghai,Bet365,Flavio Cobolli,Adrian Mannarino,double_faults,0.5,1.1000,,2026-10-08T20:43:18Z,2026-10-09T04:00:00Z,Team Total (Double Faults) Away,5,"{'hdp': 0.5, 'over': '1.10'}"
75151672,2026-10-09,ATP,Shanghai,Bet365,Flavio Cobolli,Adrian Mannarino,double_faults,1.5,1.4400,,2026-10-08T20:43:18Z,2026-10-09T04:00:00Z,Team Total (Double Faults) Away,5,"{'hdp': 1.5, 'over': '1.44'}"
75151672,2026-10-09,ATP,Shanghai,Bet365,Flavio Cobolli,Adrian Mannarino,double_faults,2.5,2.1000,,2026-10-08T20:43:18Z,2026-10-09T04:00:00Z,Team Total (Double Faults) Away,5,"{'hdp': 2.5, 'over': '2.10'}"
75151672,2026-10-09,ATP,Shanghai,Bet365,Flavio Cobolli,Adrian Mannarino,double_faults,4.5,6.5000,,2026-10-08T20:43:18Z,2026-10-09T04:00:00Z,Team Total (Double Faults) Away,5,"{'hdp': 4.5, 'over': '6.50'}"
75151672,2026-10-09,ATP,Shanghai,Bet365,Flavio Cobolli,Adrian Mannarino,double_faults,7.5,26.0000,,2026-10-08T20:43:18Z,2026-10-09T04:00:00Z,Team Total (Double Faults) Away,5,"{'hdp': 7.5, 'over': '26.00'}"
75151672,2026-10-09,ATP,Shanghai,Bet365,Adrian Mannarino,Flavio Cobolli,double_faults,0.5,1.1400,,2026-10-08T20:43:18Z,2026-10-09T04:00:00Z,Team Total (Double Faults) Home,5,"{'hdp': 0.5, 'over': '1.14'}"
75151672,2026-10-09,ATP,Shanghai,Bet365,Adrian Mannarino,Flavio Cobolli,double_faults,1.5,1.6600,,2026-10-08T20:43:18Z,2026-10-09T04:00:00Z,Team Total (Double Faults) Home,5,"{'hdp': 1.5, 'over': '1.66'}"
75151672,2026-10-09,ATP,Shanghai,Bet365,Adrian Mannarino,Flavio Cobolli,double_faults,2.5,2.7500,,2026-10-08T20:43:18Z,2026-10-09T04:00:00Z,Team Total (Double Faults) Home,5,"{'hdp': 2.5, 'over': '2.75'}"
75151672,2026-10-09,ATP,Shanghai,Bet365,Adrian Mannarino,Flavio Cobolli,double_faults,4.5,13.0000,,2026-10-08T20:43:18Z,2026-10-09T04:00:00Z,Team Total (Double Faults) Home,5,"{'hdp': 4.5, 'over': '13.00'}"
75151672,2026-10-09,ATP,Shanghai,Bet365,Adrian Mannarino,Flavio Cobolli,double_faults,7.5,26.0000,,2026-10-08T20:43:18Z,2026-10-09T04:00:00Z,Team Total (Double Faults) Home,5,"{'hdp': 7.5, 'over': '26.00'}"
75151672,2026-10-09,ATP,Shanghai,Bet365,Adrian Mannarino,Flavio Cobolli,match_double_faults,0.5,1.0100,,2026-10-08T20:43:18Z,2026-10-09T04:00:00Z,Totals (Double Faults),7,"{'hdp': 0.5, 'over': '1.01'}"
75151672,2026-10-09,ATP,Shanghai,Bet365,Adrian Mannarino,Flavio Cobolli,match_double_faults,1.5,1.0700,,2026-10-08T20:43:18Z,2026-10-09T04:00:00Z,Totals (Double Faults),7,"{'hdp': 1.5, 'over': '1.07'}"
75151672,2026-10-09,ATP,Shanghai,Bet365,Adrian Mannarino,Flavio Cobolli,match_double_faults,2.5,1.2200,,2026-10-08T20:43:18Z,2026-10-09T04:00:00Z,Totals (Double Faults),7,"{'hdp': 2.5, 'over': '1.22'}"
75151672,2026-10-09,ATP,Shanghai,Bet365,Adrian Mannarino,Flavio Cobolli,match_double_faults,4.5,2.0000,,2026-10-08T20:43:18Z,2026-10-09T04:00:00Z,Totals (Double Faults),7,"{'hdp': 4.5, 'over': '2.00'}"
75151672,2026-10-09,ATP,Shanghai,Bet365,Adrian Mannarino,Flavio Cobolli,match_double_faults,7.5,8.0000,,2026-10-08T20:43:18Z,2026-10-09T04:00:00Z,Totals (Double Faults),7,"{'hdp': 7.5, 'over': '8.00'}"
75151672,2026-10-09,ATP,Shanghai,Bet365,Adrian Mannarino,Flavio Cobolli,match_double_faults,9.5,21.0000,,2026-10-08T20:43:18Z,2026-10-09T04:00:00Z,Totals (Double Faults),7,"{'hdp': 9.5, 'over': '21.00'}"
75151672,2026-10-09,ATP,Shanghai,Bet365,Adrian Mannarino,Flavio Cobolli,match_double_faults,11.5,26.0000,,2026-10-08T20:43:18Z,2026-10-09T04:00:00Z,Totals (Double Faults),7,"{'hdp': 11.5, 'over': '26.00'}"
75151658,2026-10-09,ATP,Shanghai,Bet365,Yibing Wu,Alexander Zverev,double_faults,0.5,1.1000,,2026-10-08T20:43:18Z,2026-10-09T05:10:00Z,Team Total (Double Faults) Away,5,"{'hdp': 0.5, 'over': '1.10'}"
75151658,2026-10-09,ATP,Shanghai,Bet365,Yibing Wu,Alexander Zverev,double_faults,1.5,1.4400,,2026-10-08T20:43:18Z,2026-10-09T05:10:00Z,Team Total (Double Faults) Away,5,"{'hdp': 1.5, 'over': '1.44'}"
75151658,2026-10-09,ATP,Shanghai,Bet365,Yibing Wu,Alexander Zverev,double_faults,2.5,2.2500,,2026-10-08T20:43:18Z,2026-10-09T05:10:00Z,Team Total (Double Faults) Away,5,"{'hdp': 2.5, 'over': '2.25'}"
75151658,2026-10-09,ATP,Shanghai,Bet365,Yibing Wu,Alexander Zverev,double_faults,4.5,9.0000,,2026-10-08T20:43:18Z,2026-10-09T05:10:00Z,Team Total (Double Faults) Away,5,"{'hdp': 4.5, 'over': '9.00'}"
75151658,2026-10-09,ATP,Shanghai,Bet365,Yibing Wu,Alexander Zverev,double_faults,7.5,26.0000,,2026-10-08T20:43:18Z,2026-10-09T05:10:00Z,Team Total (Double Faults) Away,5,"{'hdp': 7.5, 'over': '26.00'}"
75151658,2026-10-09,ATP,Shanghai,Bet365,Alexander Zverev,Yibing Wu,match_aces,4.5,1.0100,,2026-10-08T20:43:18Z,2026-10-09T05:10:00Z,Totals (Aces),8,"{'hdp': 4.5, 'over': '1.01'}"
75151658,2026-10-09,ATP,Shanghai,Bet365,Alexander Zverev,Yibing Wu,match_aces,9.5,1.1800,,2026-10-08T20:43:18Z,2026-10-09T05:10:00Z,Totals (Aces),8,"{'hdp': 9.5, 'over': '1.18'}"
75151658,2026-10-09,ATP,Shanghai,Bet365,Alexander Zverev,Yibing Wu,match_aces,14.5,1.6600,,2026-10-08T20:43:18Z,2026-10-09T05:10:00Z,Totals (Aces),8,"{'hdp': 14.5, 'over': '1.66'}"
75151658,2026-10-09,ATP,Shanghai,Bet365,Alexander Zverev,Yibing Wu,match_aces,19.5,2.7500,,2026-10-08T20:43:18Z,2026-10-09T05:10:00Z,Totals (Aces),8,"{'hdp': 19.5, 'over': '2.75'}"
75151658,2026-10-09,ATP,Shanghai,Bet365,Alexander Zverev,Yibing Wu,match_aces,24.5,5.5000,,2026-10-08T20:43:18Z,2026-10-09T05:10:00Z,Totals (Aces),8,"{'hdp': 24.5, 'over': '5.50'}"
75151658,2026-10-09,ATP,Shanghai,Bet365,Alexander Zverev,Yibing Wu,match_aces,29.5,11.0000,,2026-10-08T20:43:18Z,2026-10-09T05:10:00Z,Totals (Aces),8,"{'hdp': 29.5, 'over': '11.00'}"
75151658,2026-10-09,ATP,Shanghai,Bet365,Alexander Zverev,Yibing Wu,match_aces,39.5,26.0000,,2026-10-08T20:43:18Z,2026-10-09T05:10:00Z,Totals (Aces),8,"{'hdp': 39.5, 'over': '26.00'}"
75151658,2026-10-09,ATP,Shanghai,Bet365,Yibing Wu,Alexander Zverev,aces,0.5,1.0200,,2026-10-08T20:43:18Z,2026-10-09T05:10:00Z,Team Total (Aces) Away,5,"{'hdp': 0.5, 'over': '1.02'}"
75151658,2026-10-09,ATP,Shanghai,Bet365,Yibing Wu,Alexander Zverev,aces,2.5,1.2800,,2026-10-08T20:43:18Z,2026-10-09T05:10:00Z,Team Total (Aces) Away,5,"{'hdp': 2.5, 'over': '1.28'}"
75151658,2026-10-09,ATP,Shanghai,Bet365,Yibing Wu,Alexander Zverev,aces,4.5,2.0000,,2026-10-08T20:43:18Z,2026-10-09T05:10:00Z,Team Total (Aces) Away,5,"{'hdp': 4.5, 'over': '2.00'}"
75151658,2026-10-09,ATP,Shanghai,Bet365,Yibing Wu,Alexander Zverev,aces,9.5,10.0000,,2026-10-08T20:43:18Z,2026-10-09T05:10:00Z,Team Total (Aces) Away,5,"{'hdp': 9.5, 'over': '10.00'}"
75151658,2026-10-09,ATP,Shanghai,Bet365,Yibing Wu,Alexander Zverev,aces,14.5,26.0000,,2026-10-08T20:43:18Z,2026-10-09T05:10:00Z,Team Total (Aces) Away,5,"{'hdp': 14.5, 'over': '26.00'}"
75151658,2026-10-09,ATP,Shanghai,Bet365,Alexander Zverev,Yibing Wu,aces,2.5,1.0100,,2026-10-08T20:43:18Z,2026-10-09T05:10:00Z,Team Total (Aces) Home,8,"{'hdp': 2.5, 'over': '1.01'}"
75151658,2026-10-09,ATP,Shanghai,Bet365,Alexander Zverev,Yibing Wu,aces,4.5,1.0700,,2026-10-08T20:43:18Z,2026-10-09T05:10:00Z,Team Total (Aces) Home,8,"{'hdp': 4.5, 'over': '1.07'}"
75151658,2026-10-09,ATP,Shanghai,Bet365,Alexander Zverev,Yibing Wu,aces,9.5,1.5700,,2026-10-08T20:43:18Z,2026-10-09T05:10:00Z,Team Total (Aces) Home,8,"{'hdp': 9.5, 'over': '1.57'}"
75151658,2026-10-09,ATP,Shanghai,Bet365,Alexander Zverev,Yibing Wu,aces,14.5,3.0000,,2026-10-08T20:43:18Z,2026-10-09T05:10:00Z,Team Total (Aces) Home,8,"{'hdp': 14.5, 'over': '3.00'}"
75151658,2026-10-09,ATP,Shanghai,Bet365,Alexander Zverev,Yibing Wu,aces,19.5,7.0000,,2026-10-08T20:43:18Z,2026-10-09T05:10:00Z,Team Total (Aces) Home,8,"{'hdp': 19.5, 'over': '7.00'}"
75151658,2026-10-09,ATP,Shanghai,Bet365,Alexander Zverev,Yibing Wu,aces,24.5,17.0000,,2026-10-08T20:43:18Z,2026-10-09T05:10:00Z,Team Total (Aces) Home,8,"{'hdp': 24.5, 'over': '17.00'}"
75151658,2026-10-09,ATP,Shanghai,Bet365,Alexander Zverev,Yibing Wu,aces,29.5,26.0000,,2026-10-08T20:43:18Z,2026-10-09T05:10:00Z,Team Total (Aces) Home,8,"{'hdp': 29.5, 'over': '26.00'}"
75151658,2026-10-09,ATP,Shanghai,Bet365,Alexander Zverev,Yibing Wu,double_faults,0.5,1.5700,,2026-10-08T20:43:18Z,2026-10-09T05:10:00Z,Team Total (Double Faults) Home,4,"{'hdp': 0.5, 'over': '1.57'}"
75151658,2026-10-09,ATP,Shanghai,Bet365,Alexander Zverev,Yibing Wu,double_faults,1.5,3.4000,,2026-10-08T20:43:18Z,2026-10-09T05:10:00Z,Team Total (Double Faults) Home,4,"{'hdp': 1.5, 'over': '3.40'}"
75151658,2026-10-09,ATP,Shanghai,Bet365,Alexander Zverev,Yibing Wu,double_faults,2.5,9.0000,,2026-10-08T20:43:18Z,2026-10-09T05:10:00Z,Team Total (Double Faults) Home,4,"{'hdp': 2.5, 'over': '9.00'}"
75151658,2026-10-09,ATP,Shanghai,Bet365,Alexander Zverev,Yibing Wu,double_faults,4.5,26.0000,,2026-10-08T20:43:18Z,2026-10-09T05:10:00Z,Team Total (Double Faults) Home,4,"{'hdp': 4.5, 'over': '26.00'}"
75151658,2026-10-09,ATP,Shanghai,Bet365,Alexander Zverev,Yibing Wu,match_double_faults,0.5,1.0300,,2026-10-08T20:43:18Z,2026-10-09T05:10:00Z,Totals (Double Faults),6,"{'hdp': 0.5, 'over': '1.03'}"
75151658,2026-10-09,ATP,Shanghai,Bet365,Alexander Zverev,Yibing Wu,match_double_faults,1.5,1.1800,,2026-10-08T20:43:18Z,2026-10-09T05:10:00Z,Totals (Double Faults),6,"{'hdp': 1.5, 'over': '1.18'}"
75151658,2026-10-09,ATP,Shanghai,Bet365,Alexander Zverev,Yibing Wu,match_double_faults,2.5,1.5300,,2026-10-08T20:43:18Z,2026-10-09T05:10:00Z,Totals (Double Faults),6,"{'hdp': 2.5, 'over': '1.53'}"
75151658,2026-10-09,ATP,Shanghai,Bet365,Alexander Zverev,Yibing Wu,match_double_faults,4.5,3.7500,,2026-10-08T20:43:18Z,2026-10-09T05:10:00Z,Totals (Double Faults),6,"{'hdp': 4.5, 'over': '3.75'}"
75151658,2026-10-09,ATP,Shanghai,Bet365,Alexander Zverev,Yibing Wu,match_double_faults,7.5,21.0000,,2026-10-08T20:43:18Z,2026-10-09T05:10:00Z,Totals (Double Faults),6,"{'hdp': 7.5, 'over': '21.00'}"
75151658,2026-10-09,ATP,Shanghai,Bet365,Alexander Zverev,Yibing Wu,match_double_faults,9.5,26.0000,,2026-10-08T20:43:18Z,2026-10-09T05:10:00Z,Totals (Double Faults),6,"{'hdp': 9.5, 'over': '26.00'}"
75151624,2026-10-09,ATP,Shanghai,Bet365,Alejandro Davidovich Fokina,Jenson Brooksby,match_double_faults,0.5,1.0100,,2026-10-08T20:43:18Z,2026-10-09T06:20:00Z,Totals (Double Faults),7,"{'hdp': 0.5, 'over': '1.01'}"
75151624,2026-10-09,ATP,Shanghai,Bet365,Alejandro Davidovich Fokina,Jenson Brooksby,match_double_faults,1.5,1.0700,,2026-10-08T20:43:18Z,2026-10-09T06:20:00Z,Totals (Double Faults),7,"{'hdp': 1.5, 'over': '1.07'}"
75151624,2026-10-09,ATP,Shanghai,Bet365,Alejandro Davidovich Fokina,Jenson Brooksby,match_double_faults,2.5,1.2200,,2026-10-08T20:43:18Z,2026-10-09T06:20:00Z,Totals (Double Faults),7,"{'hdp': 2.5, 'over': '1.22'}"
75151624,2026-10-09,ATP,Shanghai,Bet365,Alejandro Davidovich Fokina,Jenson Brooksby,match_double_faults,4.5,2.1000,,2026-10-08T20:43:18Z,2026-10-09T06:20:00Z,Totals (Double Faults),7,"{'hdp': 4.5, 'over': '2.10'}"
75151624,2026-10-09,ATP,Shanghai,Bet365,Alejandro Davidovich Fokina,Jenson Brooksby,match_double_faults,7.5,8.0000,,2026-10-08T20:43:18Z,2026-10-09T06:20:00Z,Totals (Double Faults),7,"{'hdp': 7.5, 'over': '8.00'}"
75151624,2026-10-09,ATP,Shanghai,Bet365,Alejandro Davidovich Fokina,Jenson Brooksby,match_double_faults,9.5,21.0000,,2026-10-08T20:43:18Z,2026-10-09T06:20:00Z,Totals (Double Faults),7,"{'hdp': 9.5, 'over': '21.00'}"
75151624,2026-10-09,ATP,Shanghai,Bet365,Alejandro Davidovich Fokina,Jenson Brooksby,match_double_faults,11.5,26.0000,,2026-10-08T20:43:18Z,2026-10-09T06:20:00Z,Totals (Double Faults),7,"{'hdp': 11.5, 'over': '26.00'}"
75151624,2026-10-09,ATP,Shanghai,Bet365,Alejandro Davidovich Fokina,Jenson Brooksby,aces,2.5,1.0700,,2026-10-08T20:43:18Z,2026-10-09T06:20:00Z,Team Total (Aces) Home,6,"{'hdp': 2.5, 'over': '1.07'}"
75151624,2026-10-09,ATP,Shanghai,Bet365,Alejandro Davidovich Fokina,Jenson Brooksby,aces,4.5,1.2800,,2026-10-08T20:43:18Z,2026-10-09T06:20:00Z,Team Total (Aces) Home,6,"{'hdp': 4.5, 'over': '1.28'}"
75151624,2026-10-09,ATP,Shanghai,Bet365,Alejandro Davidovich Fokina,Jenson Brooksby,aces,9.5,3.4000,,2026-10-08T20:43:18Z,2026-10-09T06:20:00Z,Team Total (Aces) Home,6,"{'hdp': 9.5, 'over': '3.40'}"
75151624,2026-10-09,ATP,Shanghai,Bet365,Alejandro Davidovich Fokina,Jenson Brooksby,aces,14.5,11.0000,,2026-10-08T20:43:18Z,2026-10-09T06:20:00Z,Team Total (Aces) Home,6,"{'hdp': 14.5, 'over': '11.00'}"
75151624,2026-10-09,ATP,Shanghai,Bet365,Alejandro Davidovich Fokina,Jenson Brooksby,aces,19.5,26.0000,,2026-10-08T20:43:18Z,2026-10-09T06:20:00Z,Team Total (Aces) Home,6,"{'hdp': 19.5, 'over': '26.00'}"
75151624,2026-10-09,ATP,Shanghai,Bet365,Alejandro Davidovich Fokina,Jenson Brooksby,match_aces,4.5,1.0200,,2026-10-08T20:43:18Z,2026-10-09T06:20:00Z,Totals (Aces),8,"{'hdp': 4.5, 'over': '1.02'}"
75151624,2026-10-09,ATP,Shanghai,Bet365,Alejandro Davidovich Fokina,Jenson Brooksby,match_aces,9.5,1.2500,,2026-10-08T20:43:18Z,2026-10-09T06:20:00Z,Totals (Aces),8,"{'hdp': 9.5, 'over': '1.25'}"
75151624,2026-10-09,ATP,Shanghai,Bet365,Alejandro Davidovich Fokina,Jenson Brooksby,match_aces,14.5,1.9000,,2026-10-08T20:43:18Z,2026-10-09T06:20:00Z,Totals (Aces),8,"{'hdp': 14.5, 'over': '1.90'}"
75151624,2026-10-09,ATP,Shanghai,Bet365,Alejandro Davidovich Fokina,Jenson Brooksby,match_aces,19.5,3.7500,,2026-10-08T20:43:18Z,2026-10-09T06:20:00Z,Totals (Aces),8,"{'hdp': 19.5, 'over': '3.75'}"
75151624,2026-10-09,ATP,Shanghai,Bet365,Alejandro Davidovich Fokina,Jenson Brooksby,match_aces,24.5,8.0000,,2026-10-08T20:43:18Z,2026-10-09T06:20:00Z,Totals (Aces),8,"{'hdp': 24.5, 'over': '8.00'}"
75151624,2026-10-09,ATP,Shanghai,Bet365,Alejandro Davidovich Fokina,Jenson Brooksby,match_aces,29.5,17.0000,,2026-10-08T20:43:18Z,2026-10-09T06:20:00Z,Totals (Aces),8,"{'hdp': 29.5, 'over': '17.00'}"
75151624,2026-10-09,ATP,Shanghai,Bet365,Alejandro Davidovich Fokina,Jenson Brooksby,match_aces,39.5,26.0000,,2026-10-08T20:43:18Z,2026-10-09T06:20:00Z,Totals (Aces),8,"{'hdp': 39.5, 'over': '26.00'}"
75151624,2026-10-09,ATP,Shanghai,Bet365,Jenson Brooksby,Alejandro Davidovich Fokina,aces,2.5,1.0800,,2026-10-08T20:43:18Z,2026-10-09T06:20:00Z,Team Total (Aces) Away,6,"{'hdp': 2.5, 'over': '1.08'}"
75151624,2026-10-09,ATP,Shanghai,Bet365,Jenson Brooksby,Alejandro Davidovich Fokina,aces,4.5,1.3300,,2026-10-08T20:43:18Z,2026-10-09T06:20:00Z,Team Total (Aces) Away,6,"{'hdp': 4.5, 'over': '1.33'}"
75151624,2026-10-09,ATP,Shanghai,Bet365,Jenson Brooksby,Alejandro Davidovich Fokina,aces,9.5,3.2500,,2026-10-08T20:43:18Z,2026-10-09T06:20:00Z,Team Total (Aces) Away,6,"{'hdp': 9.5, 'over': '3.25'}"
75151624,2026-10-09,ATP,Shanghai,Bet365,Jenson Brooksby,Alejandro Davidovich Fokina,aces,14.5,10.0000,,2026-10-08T20:43:18Z,2026-10-09T06:20:00Z,Team Total (Aces) Away,6,"{'hdp': 14.5, 'over': '10.00'}"
75151624,2026-10-09,ATP,Shanghai,Bet365,Jenson Brooksby,Alejandro Davidovich Fokina,aces,19.5,26.0000,,2026-10-08T20:43:18Z,2026-10-09T06:20:00Z,Team Total (Aces) Away,6,"{'hdp': 19.5, 'over': '26.00'}"
75151624,2026-10-09,ATP,Shanghai,Bet365,Jenson Brooksby,Alejandro Davidovich Fokina,double_faults,0.5,1.1200,,2026-10-08T20:43:18Z,2026-10-09T06:20:00Z,Team Total (Double Faults) Away,5,"{'hdp': 0.5, 'over': '1.12'}"
75151624,2026-10-09,ATP,Shanghai,Bet365,Jenson Brooksby,Alejandro Davidovich Fokina,double_faults,1.5,1.5700,,2026-10-08T20:43:18Z,2026-10-09T06:20:00Z,Team Total (Double Faults) Away,5,"{'hdp': 1.5, 'over': '1.57'}"
75151624,2026-10-09,ATP,Shanghai,Bet365,Jenson Brooksby,Alejandro Davidovich Fokina,double_faults,2.5,2.6200,,2026-10-08T20:43:18Z,2026-10-09T06:20:00Z,Team Total (Double Faults) Away,5,"{'hdp': 2.5, 'over': '2.62'}"
75151624,2026-10-09,ATP,Shanghai,Bet365,Jenson Brooksby,Alejandro Davidovich Fokina,double_faults,4.5,11.0000,,2026-10-08T20:43:18Z,2026-10-09T06:20:00Z,Team Total (Double Faults) Away,5,"{'hdp': 4.5, 'over': '11.00'}"
75151624,2026-10-09,ATP,Shanghai,Bet365,Jenson Brooksby,Alejandro Davidovich Fokina,double_faults,7.5,26.0000,,2026-10-08T20:43:18Z,2026-10-09T06:20:00Z,Team Total (Double Faults) Away,5,"{'hdp': 7.5, 'over': '26.00'}"
75151624,2026-10-09,ATP,Shanghai,Bet365,Alejandro Davidovich Fokina,Jenson Brooksby,double_faults,0.5,1.1200,,2026-10-08T20:43:18Z,2026-10-09T06:20:00Z,Team Total (Double Faults) Home,5,"{'hdp': 0.5, 'over': '1.12'}"
75151624,2026-10-09,ATP,Shanghai,Bet365,Alejandro Davidovich Fokina,Jenson Brooksby,double_faults,1.5,1.5000,,2026-10-08T20:43:18Z,2026-10-09T06:20:00Z,Team Total (Double Faults) Home,5,"{'hdp': 1.5, 'over': '1.50'}"
75151624,2026-10-09,ATP,Shanghai,Bet365,Alejandro Davidovich Fokina,Jenson Brooksby,double_faults,2.5,2.3700,,2026-10-08T20:43:18Z,2026-10-09T06:20:00Z,Team Total (Double Faults) Home,5,"{'hdp': 2.5, 'over': '2.37'}"
75151624,2026-10-09,ATP,Shanghai,Bet365,Alejandro Davidovich Fokina,Jenson Brooksby,double_faults,4.5,8.0000,,2026-10-08T20:43:18Z,2026-10-09T06:20:00Z,Team Total (Double Faults) Home,5,"{'hdp': 4.5, 'over': '8.00'}"
75151624,2026-10-09,ATP,Shanghai,Bet365,Alejandro Davidovich Fokina,Jenson Brooksby,double_faults,7.5,26.0000,,2026-10-08T20:43:18Z,2026-10-09T06:20:00Z,Team Total (Double Faults) Home,5,"{'hdp': 7.5, 'over': '26.00'}"
75391166,2026-10-09,ATP,Shanghai,Bet365,Karen Khachanov,Arthur Fery,double_faults,0.5,1.1600,,2026-10-08T20:43:18Z,2026-10-09T06:20:00Z,Team Total (Double Faults) Home,5,"{'hdp': 0.5, 'over': '1.16'}"
75391166,2026-10-09,ATP,Shanghai,Bet365,Karen Khachanov,Arthur Fery,double_faults,1.5,1.6600,,2026-10-08T20:43:18Z,2026-10-09T06:20:00Z,Team Total (Double Faults) Home,5,"{'hdp': 1.5, 'over': '1.66'}"
75391166,2026-10-09,ATP,Shanghai,Bet365,Karen Khachanov,Arthur Fery,double_faults,2.5,2.7500,,2026-10-08T20:43:18Z,2026-10-09T06:20:00Z,Team Total (Double Faults) Home,5,"{'hdp': 2.5, 'over': '2.75'}"
75391166,2026-10-09,ATP,Shanghai,Bet365,Karen Khachanov,Arthur Fery,double_faults,4.5,11.0000,,2026-10-08T20:43:18Z,2026-10-09T06:20:00Z,Team Total (Double Faults) Home,5,"{'hdp': 4.5, 'over': '11.00'}"
75391166,2026-10-09,ATP,Shanghai,Bet365,Karen Khachanov,Arthur Fery,double_faults,7.5,26.0000,,2026-10-08T20:43:18Z,2026-10-09T06:20:00Z,Team Total (Double Faults) Home,5,"{'hdp': 7.5, 'over': '26.00'}"
75391166,2026-10-09,ATP,Shanghai,Bet365,Arthur Fery,Karen Khachanov,aces,0.5,1.0400,,2026-10-08T20:43:18Z,2026-10-09T06:20:00Z,Team Total (Aces) Away,5,"{'hdp': 0.5, 'over': '1.04'}"
75391166,2026-10-09,ATP,Shanghai,Bet365,Arthur Fery,Karen Khachanov,aces,2.5,1.4400,,2026-10-08T20:43:18Z,2026-10-09T06:20:00Z,Team Total (Aces) Away,5,"{'hdp': 2.5, 'over': '1.44'}"
75391166,2026-10-09,ATP,Shanghai,Bet365,Arthur Fery,Karen Khachanov,aces,4.5,2.6200,,2026-10-08T20:43:18Z,2026-10-09T06:20:00Z,Team Total (Aces) Away,5,"{'hdp': 4.5, 'over': '2.62'}"
75391166,2026-10-09,ATP,Shanghai,Bet365,Arthur Fery,Karen Khachanov,aces,9.5,21.0000,,2026-10-08T20:43:18Z,2026-10-09T06:20:00Z,Team Total (Aces) Away,5,"{'hdp': 9.5, 'over': '21.00'}"
75391166,2026-10-09,ATP,Shanghai,Bet365,Arthur Fery,Karen Khachanov,aces,14.5,26.0000,,2026-10-08T20:43:18Z,2026-10-09T06:20:00Z,Team Total (Aces) Away,5,"{'hdp': 14.5, 'over': '26.00'}"
75391166,2026-10-09,ATP,Shanghai,Bet365,Karen Khachanov,Arthur Fery,match_aces,2.5,1.0100,,2026-10-08T20:43:18Z,2026-10-09T06:20:00Z,Totals (Aces),8,"{'hdp': 2.5, 'over': '1.01'}"
75391166,2026-10-09,ATP,Shanghai,Bet365,Karen Khachanov,Arthur Fery,match_aces,4.5,1.0700,,2026-10-08T20:43:18Z,2026-10-09T06:20:00Z,Totals (Aces),8,"{'hdp': 4.5, 'over': '1.07'}"
75391166,2026-10-09,ATP,Shanghai,Bet365,Karen Khachanov,Arthur Fery,match_aces,9.5,1.6100,,2026-10-08T20:43:18Z,2026-10-09T06:20:00Z,Totals (Aces),8,"{'hdp': 9.5, 'over': '1.61'}"
75391166,2026-10-09,ATP,Shanghai,Bet365,Karen Khachanov,Arthur Fery,match_aces,14.5,3.5000,,2026-10-08T20:43:18Z,2026-10-09T06:20:00Z,Totals (Aces),8,"{'hdp': 14.5, 'over': '3.50'}"
75391166,2026-10-09,ATP,Shanghai,Bet365,Karen Khachanov,Arthur Fery,match_aces,19.5,10.0000,,2026-10-08T20:43:18Z,2026-10-09T06:20:00Z,Totals (Aces),8,"{'hdp': 19.5, 'over': '10.00'}"
75391166,2026-10-09,ATP,Shanghai,Bet365,Karen Khachanov,Arthur Fery,match_aces,24.5,23.0000,,2026-10-08T20:43:18Z,2026-10-09T06:20:00Z,Totals (Aces),8,"{'hdp': 24.5, 'over': '23.00'}"
75391166,2026-10-09,ATP,Shanghai,Bet365,Karen Khachanov,Arthur Fery,match_aces,29.5,26.0000,,2026-10-08T20:43:18Z,2026-10-09T06:20:00Z,Totals (Aces),8,"{'hdp': 29.5, 'over': '26.00'}"
75391166,2026-10-09,ATP,Shanghai,Bet365,Karen Khachanov,Arthur Fery,match_double_faults,0.5,1.0300,,2026-10-08T20:43:18Z,2026-10-09T06:20:00Z,Totals (Double Faults),6,"{'hdp': 0.5, 'over': '1.03'}"
75391166,2026-10-09,ATP,Shanghai,Bet365,Karen Khachanov,Arthur Fery,match_double_faults,1.5,1.1600,,2026-10-08T20:43:18Z,2026-10-09T06:20:00Z,Totals (Double Faults),6,"{'hdp': 1.5, 'over': '1.16'}"
75391166,2026-10-09,ATP,Shanghai,Bet365,Karen Khachanov,Arthur Fery,match_double_faults,2.5,1.5000,,2026-10-08T20:43:18Z,2026-10-09T06:20:00Z,Totals (Double Faults),6,"{'hdp': 2.5, 'over': '1.50'}"
75391166,2026-10-09,ATP,Shanghai,Bet365,Karen Khachanov,Arthur Fery,match_double_faults,4.5,3.4000,,2026-10-08T20:43:18Z,2026-10-09T06:20:00Z,Totals (Double Faults),6,"{'hdp': 4.5, 'over': '3.40'}"
75391166,2026-10-09,ATP,Shanghai,Bet365,Karen Khachanov,Arthur Fery,match_double_faults,7.5,19.0000,,2026-10-08T20:43:18Z,2026-10-09T06:20:00Z,Totals (Double Faults),6,"{'hdp': 7.5, 'over': '19.00'}"
75391166,2026-10-09,ATP,Shanghai,Bet365,Karen Khachanov,Arthur Fery,match_double_faults,9.5,26.0000,,2026-10-08T20:43:18Z,2026-10-09T06:20:00Z,Totals (Double Faults),6,"{'hdp': 9.5, 'over': '26.00'}"
75391166,2026-10-09,ATP,Shanghai,Bet365,Karen Khachanov,Arthur Fery,aces,2.5,1.0700,,2026-10-08T20:43:18Z,2026-10-09T06:20:00Z,Team Total (Aces) Home,6,"{'hdp': 2.5, 'over': '1.07'}"
75391166,2026-10-09,ATP,Shanghai,Bet365,Karen Khachanov,Arthur Fery,aces,4.5,1.3000,,2026-10-08T20:43:18Z,2026-10-09T06:20:00Z,Team Total (Aces) Home,6,"{'hdp': 4.5, 'over': '1.30'}"
75391166,2026-10-09,ATP,Shanghai,Bet365,Karen Khachanov,Arthur Fery,aces,9.5,3.4000,,2026-10-08T20:43:18Z,2026-10-09T06:20:00Z,Team Total (Aces) Home,6,"{'hdp': 9.5, 'over': '3.40'}"
75391166,2026-10-09,ATP,Shanghai,Bet365,Karen Khachanov,Arthur Fery,aces,14.5,13.0000,,2026-10-08T20:43:18Z,2026-10-09T06:20:00Z,Team Total (Aces) Home,6,"{'hdp': 14.5, 'over': '13.00'}"
75391166,2026-10-09,ATP,Shanghai,Bet365,Karen Khachanov,Arthur Fery,aces,19.5,26.0000,,2026-10-08T20:43:18Z,2026-10-09T06:20:00Z,Team Total (Aces) Home,6,"{'hdp': 19.5, 'over': '26.00'}"
75391166,2026-10-09,ATP,Shanghai,Bet365,Arthur Fery,Karen Khachanov,double_faults,0.5,1.2800,,2026-10-08T20:43:18Z,2026-10-09T06:20:00Z,Team Total (Double Faults) Away,4,"{'hdp': 0.5, 'over': '1.28'}"
75391166,2026-10-09,ATP,Shanghai,Bet365,Arthur Fery,Karen Khachanov,double_faults,1.5,2.2000,,2026-10-08T20:43:18Z,2026-10-09T06:20:00Z,Team Total (Double Faults) Away,4,"{'hdp': 1.5, 'over': '2.20'}"
75391166,2026-10-09,ATP,Shanghai,Bet365,Arthur Fery,Karen Khachanov,double_faults,2.5,5.0000,,2026-10-08T20:43:18Z,2026-10-09T06:20:00Z,Team Total (Double Faults) Away,4,"{'hdp': 2.5, 'over': '5.00'}"
75391166,2026-10-09,ATP,Shanghai,Bet365,Arthur Fery,Karen Khachanov,double_faults,4.5,26.0000,,2026-10-08T20:43:18Z,2026-10-09T06:20:00Z,Team Total (Double Faults) Away,4,"{'hdp': 4.5, 'over': '26.00'}"
75151632,2026-10-09,ATP,Shanghai,Bet365,Roman Safiullin,Francisco Cerundolo,aces,2.5,1.0500,,2026-10-08T20:43:18Z,2026-10-09T07:30:00Z,Team Total (Aces) Away,7,"{'hdp': 2.5, 'over': '1.05'}"
75151632,2026-10-09,ATP,Shanghai,Bet365,Roman Safiullin,Francisco Cerundolo,aces,4.5,1.2000,,2026-10-08T20:43:18Z,2026-10-09T07:30:00Z,Team Total (Aces) Away,7,"{'hdp': 4.5, 'over': '1.20'}"
75151632,2026-10-09,ATP,Shanghai,Bet365,Roman Safiullin,Francisco Cerundolo,aces,9.5,2.5000,,2026-10-08T20:43:18Z,2026-10-09T07:30:00Z,Team Total (Aces) Away,7,"{'hdp': 9.5, 'over': '2.50'}"
75151632,2026-10-09,ATP,Shanghai,Bet365,Roman Safiullin,Francisco Cerundolo,aces,14.5,7.0000,,2026-10-08T20:43:18Z,2026-10-09T07:30:00Z,Team Total (Aces) Away,7,"{'hdp': 14.5, 'over': '7.00'}"
75151632,2026-10-09,ATP,Shanghai,Bet365,Roman Safiullin,Francisco Cerundolo,aces,19.5,21.0000,,2026-10-08T20:43:18Z,2026-10-09T07:30:00Z,Team Total (Aces) Away,7,"{'hdp': 19.5, 'over': '21.00'}"
75151632,2026-10-09,ATP,Shanghai,Bet365,Roman Safiullin,Francisco Cerundolo,aces,24.5,26.0000,,2026-10-08T20:43:18Z,2026-10-09T07:30:00Z,Team Total (Aces) Away,7,"{'hdp': 24.5, 'over': '26.00'}"
75151632,2026-10-09,ATP,Shanghai,Bet365,Francisco Cerundolo,Roman Safiullin,match_double_faults,1.5,1.0600,,2026-10-08T20:43:18Z,2026-10-09T07:30:00Z,Totals (Double Faults),7,"{'hdp': 1.5, 'over': '1.06'}"
75151632,2026-10-09,ATP,Shanghai,Bet365,Francisco Cerundolo,Roman Safiullin,match_double_faults,2.5,1.2000,,2026-10-08T20:43:18Z,2026-10-09T07:30:00Z,Totals (Double Faults),7,"{'hdp': 2.5, 'over': '1.20'}"
75151632,2026-10-09,ATP,Shanghai,Bet365,Francisco Cerundolo,Roman Safiullin,match_double_faults,4.5,1.9000,,2026-10-08T20:43:18Z,2026-10-09T07:30:00Z,Totals (Double Faults),7,"{'hdp': 4.5, 'over': '1.90'}"
75151632,2026-10-09,ATP,Shanghai,Bet365,Francisco Cerundolo,Roman Safiullin,match_double_faults,7.5,7.0000,,2026-10-08T20:43:18Z,2026-10-09T07:30:00Z,Totals (Double Faults),7,"{'hdp': 7.5, 'over': '7.00'}"
75151632,2026-10-09,ATP,Shanghai,Bet365,Francisco Cerundolo,Roman Safiullin,match_double_faults,9.5,19.0000,,2026-10-08T20:43:18Z,2026-10-09T07:30:00Z,Totals (Double Faults),7,"{'hdp': 9.5, 'over': '19.00'}"
75151632,2026-10-09,ATP,Shanghai,Bet365,Francisco Cerundolo,Roman Safiullin,match_double_faults,11.5,26.0000,,2026-10-08T20:43:18Z,2026-10-09T07:30:00Z,Totals (Double Faults),7,"{'hdp': 11.5, 'over': '26.00'}"
75151632,2026-10-09,ATP,Shanghai,Bet365,Francisco Cerundolo,Roman Safiullin,aces,0.5,1.0100,,2026-10-08T20:43:18Z,2026-10-09T07:30:00Z,Team Total (Aces) Home,5,"{'hdp': 0.5, 'over': '1.01'}"
75151632,2026-10-09,ATP,Shanghai,Bet365,Francisco Cerundolo,Roman Safiullin,aces,2.5,1.2200,,2026-10-08T20:43:18Z,2026-10-09T07:30:00Z,Team Total (Aces) Home,5,"{'hdp': 2.5, 'over': '1.22'}"
75151632,2026-10-09,ATP,Shanghai,Bet365,Francisco Cerundolo,Roman Safiullin,aces,4.5,1.8000,,2026-10-08T20:43:18Z,2026-10-09T07:30:00Z,Team Total (Aces) Home,5,"{'hdp': 4.5, 'over': '1.80'}"
75151632,2026-10-09,ATP,Shanghai,Bet365,Francisco Cerundolo,Roman Safiullin,aces,9.5,9.0000,,2026-10-08T20:43:18Z,2026-10-09T07:30:00Z,Team Total (Aces) Home,5,"{'hdp': 9.5, 'over': '9.00'}"
75151632,2026-10-09,ATP,Shanghai,Bet365,Francisco Cerundolo,Roman Safiullin,aces,14.5,26.0000,,2026-10-08T20:43:18Z,2026-10-09T07:30:00Z,Team Total (Aces) Home,5,"{'hdp': 14.5, 'over': '26.00'}"
75151632,2026-10-09,ATP,Shanghai,Bet365,Roman Safiullin,Francisco Cerundolo,double_faults,0.5,1.0600,,2026-10-08T20:43:18Z,2026-10-09T07:30:00Z,Team Total (Double Faults) Away,5,"{'hdp': 0.5, 'over': '1.06'}"
75151632,2026-10-09,ATP,Shanghai,Bet365,Roman Safiullin,Francisco Cerundolo,double_faults,1.5,1.3300,,2026-10-08T20:43:18Z,2026-10-09T07:30:00Z,Team Total (Double Faults) Away,5,"{'hdp': 1.5, 'over': '1.33'}"
75151632,2026-10-09,ATP,Shanghai,Bet365,Roman Safiullin,Francisco Cerundolo,double_faults,2.5,1.8300,,2026-10-08T20:43:18Z,2026-10-09T07:30:00Z,Team Total (Double Faults) Away,5,"{'hdp': 2.5, 'over': '1.83'}"
75151632,2026-10-09,ATP,Shanghai,Bet365,Roman Safiullin,Francisco Cerundolo,double_faults,4.5,5.5000,,2026-10-08T20:43:18Z,2026-10-09T07:30:00Z,Team Total (Double Faults) Away,5,"{'hdp': 4.5, 'over': '5.50'}"
75151632,2026-10-09,ATP,Shanghai,Bet365,Roman Safiullin,Francisco Cerundolo,double_faults,7.5,26.0000,,2026-10-08T20:43:18Z,2026-10-09T07:30:00Z,Team Total (Double Faults) Away,5,"{'hdp': 7.5, 'over': '26.00'}"
75151632,2026-10-09,ATP,Shanghai,Bet365,Francisco Cerundolo,Roman Safiullin,double_faults,0.5,1.1600,,2026-10-08T20:43:18Z,2026-10-09T07:30:00Z,Team Total (Double Faults) Home,5,"{'hdp': 0.5, 'over': '1.16'}"
75151632,2026-10-09,ATP,Shanghai,Bet365,Francisco Cerundolo,Roman Safiullin,double_faults,1.5,1.7200,,2026-10-08T20:43:18Z,2026-10-09T07:30:00Z,Team Total (Double Faults) Home,5,"{'hdp': 1.5, 'over': '1.72'}"
75151632,2026-10-09,ATP,Shanghai,Bet365,Francisco Cerundolo,Roman Safiullin,double_faults,2.5,3.2500,,2026-10-08T20:43:18Z,2026-10-09T07:30:00Z,Team Total (Double Faults) Home,5,"{'hdp': 2.5, 'over': '3.25'}"
75151632,2026-10-09,ATP,Shanghai,Bet365,Francisco Cerundolo,Roman Safiullin,double_faults,4.5,13.0000,,2026-10-08T20:43:18Z,2026-10-09T07:30:00Z,Team Total (Double Faults) Home,5,"{'hdp': 4.5, 'over': '13.00'}"
75151632,2026-10-09,ATP,Shanghai,Bet365,Francisco Cerundolo,Roman Safiullin,double_faults,7.5,26.0000,,2026-10-08T20:43:18Z,2026-10-09T07:30:00Z,Team Total (Double Faults) Home,5,"{'hdp': 7.5, 'over': '26.00'}"
75151632,2026-10-09,ATP,Shanghai,Bet365,Francisco Cerundolo,Roman Safiullin,match_aces,4.5,1.0300,,2026-10-08T20:43:18Z,2026-10-09T07:30:00Z,Totals (Aces),8,"{'hdp': 4.5, 'over': '1.03'}"
75151632,2026-10-09,ATP,Shanghai,Bet365,Francisco Cerundolo,Roman Safiullin,match_aces,9.5,1.3300,,2026-10-08T20:43:18Z,2026-10-09T07:30:00Z,Totals (Aces),8,"{'hdp': 9.5, 'over': '1.33'}"
75151632,2026-10-09,ATP,Shanghai,Bet365,Francisco Cerundolo,Roman Safiullin,match_aces,14.5,2.2500,,2026-10-08T20:43:18Z,2026-10-09T07:30:00Z,Totals (Aces),8,"{'hdp': 14.5, 'over': '2.25'}"
75151632,2026-10-09,ATP,Shanghai,Bet365,Francisco Cerundolo,Roman Safiullin,match_aces,19.5,4.5000,,2026-10-08T20:43:18Z,2026-10-09T07:30:00Z,Totals (Aces),8,"{'hdp': 19.5, 'over': '4.50'}"
75151632,2026-10-09,ATP,Shanghai,Bet365,Francisco Cerundolo,Roman Safiullin,match_aces,24.5,11.0000,,2026-10-08T20:43:18Z,2026-10-09T07:30:00Z,Totals (Aces),8,"{'hdp': 24.5, 'over': '11.00'}"
75151632,2026-10-09,ATP,Shanghai,Bet365,Francisco Cerundolo,Roman Safiullin,match_aces,29.5,23.0000,,2026-10-08T20:43:18Z,2026-10-09T07:30:00Z,Totals (Aces),8,"{'hdp': 29.5, 'over': '23.00'}"
75151632,2026-10-09,ATP,Shanghai,Bet365,Francisco Cerundolo,Roman Safiullin,match_aces,39.5,26.0000,,2026-10-08T20:43:18Z,2026-10-09T07:30:00Z,Totals (Aces),8,"{'hdp': 39.5, 'over': '26.00'}"
75151634,2026-10-09,ATP,Shanghai,Bet365,Miomir Kecmanovic,Jakub Mensik,match_aces,9.5,1.1000,,2026-10-08T20:43:18Z,2026-10-09T07:30:00Z,Totals (Aces),8,"{'hdp': 9.5, 'over': '1.10'}"
75151634,2026-10-09,ATP,Shanghai,Bet365,Miomir Kecmanovic,Jakub Mensik,match_aces,14.5,1.4400,,2026-10-08T20:43:18Z,2026-10-09T07:30:00Z,Totals (Aces),8,"{'hdp': 14.5, 'over': '1.44'}"
75151634,2026-10-09,ATP,Shanghai,Bet365,Miomir Kecmanovic,Jakub Mensik,match_aces,19.5,2.2000,,2026-10-08T20:43:18Z,2026-10-09T07:30:00Z,Totals (Aces),8,"{'hdp': 19.5, 'over': '2.20'}"
75151634,2026-10-09,ATP,Shanghai,Bet365,Miomir Kecmanovic,Jakub Mensik,match_aces,24.5,3.7500,,2026-10-08T20:43:18Z,2026-10-09T07:30:00Z,Totals (Aces),8,"{'hdp': 24.5, 'over': '3.75'}"
75151634,2026-10-09,ATP,Shanghai,Bet365,Miomir Kecmanovic,Jakub Mensik,match_aces,29.5,7.0000,,2026-10-08T20:43:18Z,2026-10-09T07:30:00Z,Totals (Aces),8,"{'hdp': 29.5, 'over': '7.00'}"
75151634,2026-10-09,ATP,Shanghai,Bet365,Miomir Kecmanovic,Jakub Mensik,match_aces,39.5,26.0000,,2026-10-08T20:43:18Z,2026-10-09T07:30:00Z,Totals (Aces),8,"{'hdp': 39.5, 'over': '26.00'}"
75151634,2026-10-09,ATP,Shanghai,Bet365,Jakub Mensik,Miomir Kecmanovic,double_faults,0.5,1.0200,,2026-10-08T20:43:18Z,2026-10-09T07:30:00Z,Team Total (Double Faults) Away,7,"{'hdp': 0.5, 'over': '1.02'}"
75151634,2026-10-09,ATP,Shanghai,Bet365,Jakub Mensik,Miomir Kecmanovic,double_faults,1.5,1.1100,,2026-10-08T20:43:18Z,2026-10-09T07:30:00Z,Team Total (Double Faults) Away,7,"{'hdp': 1.5, 'over': '1.11'}"
75151634,2026-10-09,ATP,Shanghai,Bet365,Jakub Mensik,Miomir Kecmanovic,double_faults,2.5,1.3300,,2026-10-08T20:43:18Z,2026-10-09T07:30:00Z,Team Total (Double Faults) Away,7,"{'hdp': 2.5, 'over': '1.33'}"
75151634,2026-10-09,ATP,Shanghai,Bet365,Jakub Mensik,Miomir Kecmanovic,double_faults,4.5,2.2500,,2026-10-08T20:43:18Z,2026-10-09T07:30:00Z,Team Total (Double Faults) Away,7,"{'hdp': 4.5, 'over': '2.25'}"
75151634,2026-10-09,ATP,Shanghai,Bet365,Jakub Mensik,Miomir Kecmanovic,double_faults,7.5,8.0000,,2026-10-08T20:43:18Z,2026-10-09T07:30:00Z,Team Total (Double Faults) Away,7,"{'hdp': 7.5, 'over': '8.00'}"
75151634,2026-10-09,ATP,Shanghai,Bet365,Jakub Mensik,Miomir Kecmanovic,double_faults,9.5,19.0000,,2026-10-08T20:43:18Z,2026-10-09T07:30:00Z,Team Total (Double Faults) Away,7,"{'hdp': 9.5, 'over': '19.00'}"
75151634,2026-10-09,ATP,Shanghai,Bet365,Jakub Mensik,Miomir Kecmanovic,double_faults,11.5,26.0000,,2026-10-08T20:43:18Z,2026-10-09T07:30:00Z,Team Total (Double Faults) Away,7,"{'hdp': 11.5, 'over': '26.00'}"
75151634,2026-10-09,ATP,Shanghai,Bet365,Miomir Kecmanovic,Jakub Mensik,double_faults,0.5,1.2000,,2026-10-08T20:43:18Z,2026-10-09T07:30:00Z,Team Total (Double Faults) Home,5,"{'hdp': 0.5, 'over': '1.20'}"
75151634,2026-10-09,ATP,Shanghai,Bet365,Miomir Kecmanovic,Jakub Mensik,double_faults,1.5,1.8300,,2026-10-08T20:43:18Z,2026-10-09T07:30:00Z,Team Total (Double Faults) Home,5,"{'hdp': 1.5, 'over': '1.83'}"
75151634,2026-10-09,ATP,Shanghai,Bet365,Miomir Kecmanovic,Jakub Mensik,double_faults,2.5,3.7500,,2026-10-08T20:43:18Z,2026-10-09T07:30:00Z,Team Total (Double Faults) Home,5,"{'hdp': 2.5, 'over': '3.75'}"
75151634,2026-10-09,ATP,Shanghai,Bet365,Miomir Kecmanovic,Jakub Mensik,double_faults,4.5,19.0000,,2026-10-08T20:43:18Z,2026-10-09T07:30:00Z,Team Total (Double Faults) Home,5,"{'hdp': 4.5, 'over': '19.00'}"
75151634,2026-10-09,ATP,Shanghai,Bet365,Miomir Kecmanovic,Jakub Mensik,double_faults,7.5,26.0000,,2026-10-08T20:43:18Z,2026-10-09T07:30:00Z,Team Total (Double Faults) Home,5,"{'hdp': 7.5, 'over': '26.00'}"
75151634,2026-10-09,ATP,Shanghai,Bet365,Miomir Kecmanovic,Jakub Mensik,match_double_faults,1.5,1.0200,,2026-10-08T20:43:18Z,2026-10-09T07:30:00Z,Totals (Double Faults),8,"{'hdp': 1.5, 'over': '1.02'}"
75151634,2026-10-09,ATP,Shanghai,Bet365,Miomir Kecmanovic,Jakub Mensik,match_double_faults,2.5,1.0800,,2026-10-08T20:43:18Z,2026-10-09T07:30:00Z,Totals (Double Faults),8,"{'hdp': 2.5, 'over': '1.08'}"
75151634,2026-10-09,ATP,Shanghai,Bet365,Miomir Kecmanovic,Jakub Mensik,match_double_faults,4.5,1.4400,,2026-10-08T20:43:18Z,2026-10-09T07:30:00Z,Totals (Double Faults),8,"{'hdp': 4.5, 'over': '1.44'}"
75151634,2026-10-09,ATP,Shanghai,Bet365,Miomir Kecmanovic,Jakub Mensik,match_double_faults,7.5,3.4000,,2026-10-08T20:43:18Z,2026-10-09T07:30:00Z,Totals (Double Faults),8,"{'hdp': 7.5, 'over': '3.40'}"
75151634,2026-10-09,ATP,Shanghai,Bet365,Miomir Kecmanovic,Jakub Mensik,match_double_faults,9.5,7.0000,,2026-10-08T20:43:18Z,2026-10-09T07:30:00Z,Totals (Double Faults),8,"{'hdp': 9.5, 'over': '7.00'}"
75151634,2026-10-09,ATP,Shanghai,Bet365,Miomir Kecmanovic,Jakub Mensik,match_double_faults,11.5,15.0000,,2026-10-08T20:43:18Z,2026-10-09T07:30:00Z,Totals (Double Faults),8,"{'hdp': 11.5, 'over': '15.00'}"
75151634,2026-10-09,ATP,Shanghai,Bet365,Miomir Kecmanovic,Jakub Mensik,match_double_faults,14.5,26.0000,,2026-10-08T20:43:18Z,2026-10-09T07:30:00Z,Totals (Double Faults),8,"{'hdp': 14.5, 'over': '26.00'}"
75151634,2026-10-09,ATP,Shanghai,Bet365,Miomir Kecmanovic,Jakub Mensik,aces,0.5,1.0200,,2026-10-08T20:43:18Z,2026-10-09T07:30:00Z,Team Total (Aces) Home,5,"{'hdp': 0.5, 'over': '1.02'}"
75151634,2026-10-09,ATP,Shanghai,Bet365,Miomir Kecmanovic,Jakub Mensik,aces,2.5,1.2800,,2026-10-08T20:43:18Z,2026-10-09T07:30:00Z,Team Total (Aces) Home,5,"{'hdp': 2.5, 'over': '1.28'}"
75151634,2026-10-09,ATP,Shanghai,Bet365,Miomir Kecmanovic,Jakub Mensik,aces,4.5,2.0000,,2026-10-08T20:43:18Z,2026-10-09T07:30:00Z,Team Total (Aces) Home,5,"{'hdp': 4.5, 'over': '2.00'}"
75151634,2026-10-09,ATP,Shanghai,Bet365,Miomir Kecmanovic,Jakub Mensik,aces,9.5,11.0000,,2026-10-08T20:43:18Z,2026-10-09T07:30:00Z,Team Total (Aces) Home,5,"{'hdp': 9.5, 'over': '11.00'}"
75151634,2026-10-09,ATP,Shanghai,Bet365,Miomir Kecmanovic,Jakub Mensik,aces,14.5,26.0000,,2026-10-08T20:43:18Z,2026-10-09T07:30:00Z,Team Total (Aces) Home,5,"{'hdp': 14.5, 'over': '26.00'}"
75151634,2026-10-09,ATP,Shanghai,Bet365,Jakub Mensik,Miomir Kecmanovic,aces,4.5,1.0400,,2026-10-08T20:43:18Z,2026-10-09T07:30:00Z,Team Total (Aces) Away,9,"{'hdp': 4.5, 'over': '1.04'}"
75151634,2026-10-09,ATP,Shanghai,Bet365,Jakub Mensik,Miomir Kecmanovic,aces,9.5,1.3600,,2026-10-08T20:43:18Z,2026-10-09T07:30:00Z,Team Total (Aces) Away,9,"{'hdp': 9.5, 'over': '1.36'}"
75151634,2026-10-09,ATP,Shanghai,Bet365,Jakub Mensik,Miomir Kecmanovic,aces,14.5,2.2000,,2026-10-08T20:43:18Z,2026-10-09T07:30:00Z,Team Total (Aces) Away,9,"{'hdp': 14.5, 'over': '2.20'}"
75151634,2026-10-09,ATP,Shanghai,Bet365,Jakub Mensik,Miomir Kecmanovic,aces,19.5,4.0000,,2026-10-08T20:43:18Z,2026-10-09T07:30:00Z,Team Total (Aces) Away,9,"{'hdp': 19.5, 'over': '4.00'}"
75151634,2026-10-09,ATP,Shanghai,Bet365,Jakub Mensik,Miomir Kecmanovic,aces,24.5,9.0000,,2026-10-08T20:43:18Z,2026-10-09T07:30:00Z,Team Total (Aces) Away,9,"{'hdp': 24.5, 'over': '9.00'}"
75151634,2026-10-09,ATP,Shanghai,Bet365,Jakub Mensik,Miomir Kecmanovic,aces,29.5,17.0000,,2026-10-08T20:43:18Z,2026-10-09T07:30:00Z,Team Total (Aces) Away,9,"{'hdp': 29.5, 'over': '17.00'}"
75151634,2026-10-09,ATP,Shanghai,Bet365,Jakub Mensik,Miomir Kecmanovic,aces,39.5,26.0000,,2026-10-08T20:43:18Z,2026-10-09T07:30:00Z,Team Total (Aces) Away,9,"{'hdp': 39.5, 'over': '26.00'}"
75151636,2026-10-09,ATP,Shanghai,Bet365,Novak Djokovic,Hubert Hurkacz,match_aces,9.5,1.0200,,2026-10-08T20:43:18Z,2026-10-09T10:00:00Z,Totals (Aces),8,"{'hdp': 9.5, 'over': '1.02'}"
75151636,2026-10-09,ATP,Shanghai,Bet365,Novak Djokovic,Hubert Hurkacz,match_aces,14.5,1.1200,,2026-10-08T20:43:18Z,2026-10-09T10:00:00Z,Totals (Aces),8,"{'hdp': 14.5, 'over': '1.12'}"
75151636,2026-10-09,ATP,Shanghai,Bet365,Novak Djokovic,Hubert Hurkacz,match_aces,19.5,1.3600,,2026-10-08T20:43:18Z,2026-10-09T10:00:00Z,Totals (Aces),8,"{'hdp': 19.5, 'over': '1.36'}"
75151636,2026-10-09,ATP,Shanghai,Bet365,Novak Djokovic,Hubert Hurkacz,match_aces,24.5,1.8300,,2026-10-08T20:43:18Z,2026-10-09T10:00:00Z,Totals (Aces),8,"{'hdp': 24.5, 'over': '1.83'}"
75151636,2026-10-09,ATP,Shanghai,Bet365,Novak Djokovic,Hubert Hurkacz,match_aces,29.5,2.6200,,2026-10-08T20:43:18Z,2026-10-09T10:00:00Z,Totals (Aces),8,"{'hdp': 29.5, 'over': '2.62'}"
75151636,2026-10-09,ATP,Shanghai,Bet365,Novak Djokovic,Hubert Hurkacz,match_aces,39.5,7.0000,,2026-10-08T20:43:18Z,2026-10-09T10:00:00Z,Totals (Aces),8,"{'hdp': 39.5, 'over': '7.00'}"
75151636,2026-10-09,ATP,Shanghai,Bet365,Novak Djokovic,Hubert Hurkacz,match_aces,49.5,19.0000,,2026-10-08T20:43:18Z,2026-10-09T10:00:00Z,Totals (Aces),8,"{'hdp': 49.5, 'over': '19.00'}"
75151636,2026-10-09,ATP,Shanghai,Bet365,Novak Djokovic,Hubert Hurkacz,match_double_faults,0.5,1.0200,,2026-10-08T20:43:18Z,2026-10-09T10:00:00Z,Totals (Double Faults),6,"{'hdp': 0.5, 'over': '1.02'}"
75151636,2026-10-09,ATP,Shanghai,Bet365,Novak Djokovic,Hubert Hurkacz,match_double_faults,1.5,1.1400,,2026-10-08T20:43:18Z,2026-10-09T10:00:00Z,Totals (Double Faults),6,"{'hdp': 1.5, 'over': '1.14'}"
75151636,2026-10-09,ATP,Shanghai,Bet365,Novak Djokovic,Hubert Hurkacz,match_double_faults,2.5,1.4000,,2026-10-08T20:43:18Z,2026-10-09T10:00:00Z,Totals (Double Faults),6,"{'hdp': 2.5, 'over': '1.40'}"
75151636,2026-10-09,ATP,Shanghai,Bet365,Novak Djokovic,Hubert Hurkacz,match_double_faults,4.5,3.0000,,2026-10-08T20:43:18Z,2026-10-09T10:00:00Z,Totals (Double Faults),6,"{'hdp': 4.5, 'over': '3.00'}"
75151636,2026-10-09,ATP,Shanghai,Bet365,Novak Djokovic,Hubert Hurkacz,match_double_faults,7.5,17.0000,,2026-10-08T20:43:18Z,2026-10-09T10:00:00Z,Totals (Double Faults),6,"{'hdp': 7.5, 'over': '17.00'}"
75151636,2026-10-09,ATP,Shanghai,Bet365,Novak Djokovic,Hubert Hurkacz,match_double_faults,9.5,26.0000,,2026-10-08T20:43:18Z,2026-10-09T10:00:00Z,Totals (Double Faults),6,"{'hdp': 9.5, 'over': '26.00'}"
75151636,2026-10-09,ATP,Shanghai,Bet365,Novak Djokovic,Hubert Hurkacz,double_faults,0.5,1.2000,,2026-10-08T20:43:18Z,2026-10-09T10:00:00Z,Team Total (Double Faults) Home,5,"{'hdp': 0.5, 'over': '1.20'}"
75151636,2026-10-09,ATP,Shanghai,Bet365,Novak Djokovic,Hubert Hurkacz,double_faults,1.5,1.8300,,2026-10-08T20:43:18Z,2026-10-09T10:00:00Z,Team Total (Double Faults) Home,5,"{'hdp': 1.5, 'over': '1.83'}"
75151636,2026-10-09,ATP,Shanghai,Bet365,Novak Djokovic,Hubert Hurkacz,double_faults,2.5,3.5000,,2026-10-08T20:43:18Z,2026-10-09T10:00:00Z,Team Total (Double Faults) Home,5,"{'hdp': 2.5, 'over': '3.50'}"
75151636,2026-10-09,ATP,Shanghai,Bet365,Novak Djokovic,Hubert Hurkacz,double_faults,4.5,15.0000,,2026-10-08T20:43:18Z,2026-10-09T10:00:00Z,Team Total (Double Faults) Home,5,"{'hdp': 4.5, 'over': '15.00'}"
75151636,2026-10-09,ATP,Shanghai,Bet365,Novak Djokovic,Hubert Hurkacz,double_faults,7.5,26.0000,,2026-10-08T20:43:18Z,2026-10-09T10:00:00Z,Team Total (Double Faults) Home,5,"{'hdp': 7.5, 'over': '26.00'}"
75151636,2026-10-09,ATP,Shanghai,Bet365,Hubert Hurkacz,Novak Djokovic,aces,4.5,1.0200,,2026-10-08T20:43:18Z,2026-10-09T10:00:00Z,Team Total (Aces) Away,10,"{'hdp': 4.5, 'over': '1.02'}"
75151636,2026-10-09,ATP,Shanghai,Bet365,Hubert Hurkacz,Novak Djokovic,aces,9.5,1.2000,,2026-10-08T20:43:18Z,2026-10-09T10:00:00Z,Team Total (Aces) Away,10,"{'hdp': 9.5, 'over': '1.20'}"
75151636,2026-10-09,ATP,Shanghai,Bet365,Hubert Hurkacz,Novak Djokovic,aces,14.5,1.6100,,2026-10-08T20:43:18Z,2026-10-09T10:00:00Z,Team Total (Aces) Away,10,"{'hdp': 14.5, 'over': '1.61'}"
75151636,2026-10-09,ATP,Shanghai,Bet365,Hubert Hurkacz,Novak Djokovic,aces,19.5,2.5000,,2026-10-08T20:43:18Z,2026-10-09T10:00:00Z,Team Total (Aces) Away,10,"{'hdp': 19.5, 'over': '2.50'}"
75151636,2026-10-09,ATP,Shanghai,Bet365,Hubert Hurkacz,Novak Djokovic,aces,24.5,4.0000,,2026-10-08T20:43:18Z,2026-10-09T10:00:00Z,Team Total (Aces) Away,10,"{'hdp': 24.5, 'over': '4.00'}"
75151636,2026-10-09,ATP,Shanghai,Bet365,Hubert Hurkacz,Novak Djokovic,aces,29.5,7.0000,,2026-10-08T20:43:18Z,2026-10-09T10:00:00Z,Team Total (Aces) Away,10,"{'hdp': 29.5, 'over': '7.00'}"
75151636,2026-10-09,ATP,Shanghai,Bet365,Hubert Hurkacz,Novak Djokovic,aces,39.5,21.0000,,2026-10-08T20:43:18Z,2026-10-09T10:00:00Z,Team Total (Aces) Away,10,"{'hdp': 39.5, 'over': '21.00'}"
75151636,2026-10-09,ATP,Shanghai,Bet365,Hubert Hurkacz,Novak Djokovic,aces,49.5,26.0000,,2026-10-08T20:43:18Z,2026-10-09T10:00:00Z,Team Total (Aces) Away,10,"{'hdp': 49.5, 'over': '26.00'}"
75151636,2026-10-09,ATP,Shanghai,Bet365,Novak Djokovic,Hubert Hurkacz,aces,2.5,1.0500,,2026-10-08T20:43:18Z,2026-10-09T10:00:00Z,Team Total (Aces) Home,6,"{'hdp': 2.5, 'over': '1.05'}"
75151636,2026-10-09,ATP,Shanghai,Bet365,Novak Djokovic,Hubert Hurkacz,aces,4.5,1.2200,,2026-10-08T20:43:18Z,2026-10-09T10:00:00Z,Team Total (Aces) Home,6,"{'hdp': 4.5, 'over': '1.22'}"
75151636,2026-10-09,ATP,Shanghai,Bet365,Novak Djokovic,Hubert Hurkacz,aces,9.5,2.6200,,2026-10-08T20:43:18Z,2026-10-09T10:00:00Z,Team Total (Aces) Home,6,"{'hdp': 9.5, 'over': '2.62'}"
75151636,2026-10-09,ATP,Shanghai,Bet365,Novak Djokovic,Hubert Hurkacz,aces,14.5,8.0000,,2026-10-08T20:43:18Z,2026-10-09T10:00:00Z,Team Total (Aces) Home,6,"{'hdp': 14.5, 'over': '8.00'}"
75151636,2026-10-09,ATP,Shanghai,Bet365,Novak Djokovic,Hubert Hurkacz,aces,19.5,26.0000,,2026-10-08T20:43:18Z,2026-10-09T10:00:00Z,Team Total (Aces) Home,6,"{'hdp': 19.5, 'over': '26.00'}"
75151636,2026-10-09,ATP,Shanghai,Bet365,Hubert Hurkacz,Novak Djokovic,double_faults,0.5,1.1600,,2026-10-08T20:43:18Z,2026-10-09T10:00:00Z,Team Total (Double Faults) Away,5,"{'hdp': 0.5, 'over': '1.16'}"
75151636,2026-10-09,ATP,Shanghai,Bet365,Hubert Hurkacz,Novak Djokovic,double_faults,1.5,1.7200,,2026-10-08T20:43:18Z,2026-10-09T10:00:00Z,Team Total (Double Faults) Away,5,"{'hdp': 1.5, 'over': '1.72'}"
75151636,2026-10-09,ATP,Shanghai,Bet365,Hubert Hurkacz,Novak Djokovic,double_faults,2.5,3.2500,,2026-10-08T20:43:18Z,2026-10-09T10:00:00Z,Team Total (Double Faults) Away,5,"{'hdp': 2.5, 'over': '3.25'}"
75151636,2026-10-09,ATP,Shanghai,Bet365,Hubert Hurkacz,Novak Djokovic,double_faults,4.5,15.0000,,2026-10-08T20:43:18Z,2026-10-09T10:00:00Z,Team Total (Double Faults) Away,5,"{'hdp': 4.5, 'over': '15.00'}"
75151636,2026-10-09,ATP,Shanghai,Bet365,Hubert Hurkacz,Novak Djokovic,double_faults,7.5,26.0000,,2026-10-08T20:43:18Z,2026-10-09T10:00:00Z,Team Total (Double Faults) Away,5,"{'hdp': 7.5, 'over': '26.00'}"
75051580,2026-10-09,WTA,Beijing,Bet365,Elise Mertens,Iga Swiatek,aces,0.5,1.0200,,2026-10-08T20:43:18Z,2026-10-09T11:00:00Z,Team Total (Aces) Home,5,"{'hdp': 0.5, 'over': '1.02'}"
75051580,2026-10-09,WTA,Beijing,Bet365,Elise Mertens,Iga Swiatek,aces,2.5,1.2500,,2026-10-08T20:43:18Z,2026-10-09T11:00:00Z,Team Total (Aces) Home,5,"{'hdp': 2.5, 'over': '1.25'}"
75051580,2026-10-09,WTA,Beijing,Bet365,Elise Mertens,Iga Swiatek,aces,4.5,1.8000,,2026-10-08T20:43:18Z,2026-10-09T11:00:00Z,Team Total (Aces) Home,5,"{'hdp': 4.5, 'over': '1.80'}"
75051580,2026-10-09,WTA,Beijing,Bet365,Elise Mertens,Iga Swiatek,aces,9.5,7.0000,,2026-10-08T20:43:18Z,2026-10-09T11:00:00Z,Team Total (Aces) Home,5,"{'hdp': 9.5, 'over': '7.00'}"
75051580,2026-10-09,WTA,Beijing,Bet365,Elise Mertens,Iga Swiatek,aces,14.5,26.0000,,2026-10-08T20:43:18Z,2026-10-09T11:00:00Z,Team Total (Aces) Home,5,"{'hdp': 14.5, 'over': '26.00'}"
75051580,2026-10-09,WTA,Beijing,Bet365,Elise Mertens,Iga Swiatek,match_aces,2.5,1.0300,,2026-10-08T20:43:18Z,2026-10-09T11:00:00Z,Totals (Aces),7,"{'hdp': 2.5, 'over': '1.03'}"
75051580,2026-10-09,WTA,Beijing,Bet365,Elise Mertens,Iga Swiatek,match_aces,4.5,1.1400,,2026-10-08T20:43:18Z,2026-10-09T11:00:00Z,Totals (Aces),7,"{'hdp': 4.5, 'over': '1.14'}"
75051580,2026-10-09,WTA,Beijing,Bet365,Elise Mertens,Iga Swiatek,match_aces,9.5,2.2000,,2026-10-08T20:43:18Z,2026-10-09T11:00:00Z,Totals (Aces),7,"{'hdp': 9.5, 'over': '2.20'}"
75051580,2026-10-09,WTA,Beijing,Bet365,Elise Mertens,Iga Swiatek,match_aces,14.5,6.0000,,2026-10-08T20:43:18Z,2026-10-09T11:00:00Z,Totals (Aces),7,"{'hdp': 14.5, 'over': '6.00'}"
75051580,2026-10-09,WTA,Beijing,Bet365,Elise Mertens,Iga Swiatek,match_aces,19.5,19.0000,,2026-10-08T20:43:18Z,2026-10-09T11:00:00Z,Totals (Aces),7,"{'hdp': 19.5, 'over': '19.00'}"
75051580,2026-10-09,WTA,Beijing,Bet365,Elise Mertens,Iga Swiatek,match_aces,24.5,26.0000,,2026-10-08T20:43:18Z,2026-10-09T11:00:00Z,Totals (Aces),7,"{'hdp': 24.5, 'over': '26.00'}"
75051580,2026-10-09,WTA,Beijing,Bet365,Iga Swiatek,Elise Mertens,aces,0.5,1.0300,,2026-10-08T20:43:18Z,2026-10-09T11:00:00Z,Team Total (Aces) Away,5,"{'hdp': 0.5, 'over': '1.03'}"
75051580,2026-10-09,WTA,Beijing,Bet365,Iga Swiatek,Elise Mertens,aces,2.5,1.4000,,2026-10-08T20:43:18Z,2026-10-09T11:00:00Z,Team Total (Aces) Away,5,"{'hdp': 2.5, 'over': '1.40'}"
75051580,2026-10-09,WTA,Beijing,Bet365,Iga Swiatek,Elise Mertens,aces,4.5,2.6200,,2026-10-08T20:43:18Z,2026-10-09T11:00:00Z,Team Total (Aces) Away,5,"{'hdp': 4.5, 'over': '2.62'}"
75051580,2026-10-09,WTA,Beijing,Bet365,Iga Swiatek,Elise Mertens,aces,9.5,21.0000,,2026-10-08T20:43:18Z,2026-10-09T11:00:00Z,Team Total (Aces) Away,5,"{'hdp': 9.5, 'over': '21.00'}"
75051580,2026-10-09,WTA,Beijing,Bet365,Iga Swiatek,Elise Mertens,aces,14.5,26.0000,,2026-10-08T20:43:18Z,2026-10-09T11:00:00Z,Team Total (Aces) Away,5,"{'hdp': 14.5, 'over': '26.00'}"
75151602,2026-10-10,ATP,Shanghai,Bet365,Matteo Arnaldi,Taylor Fritz,aces,0.5,1.0100,,2026-10-08T20:43:18Z,2026-10-10T04:00:00Z,Team Total (Aces) Home,6,"{'hdp': 0.5, 'over': '1.01'}"
75151602,2026-10-10,ATP,Shanghai,Bet365,Matteo Arnaldi,Taylor Fritz,aces,2.5,1.1600,,2026-10-08T20:43:18Z,2026-10-10T04:00:00Z,Team Total (Aces) Home,6,"{'hdp': 2.5, 'over': '1.16'}"
75151602,2026-10-10,ATP,Shanghai,Bet365,Matteo Arnaldi,Taylor Fritz,aces,4.5,1.5700,,2026-10-08T20:43:18Z,2026-10-10T04:00:00Z,Team Total (Aces) Home,6,"{'hdp': 4.5, 'over': '1.57'}"
75151602,2026-10-10,ATP,Shanghai,Bet365,Matteo Arnaldi,Taylor Fritz,aces,9.5,5.0000,,2026-10-08T20:43:18Z,2026-10-10T04:00:00Z,Team Total (Aces) Home,6,"{'hdp': 9.5, 'over': '5.00'}"
75151602,2026-10-10,ATP,Shanghai,Bet365,Matteo Arnaldi,Taylor Fritz,aces,14.5,21.0000,,2026-10-08T20:43:18Z,2026-10-10T04:00:00Z,Team Total (Aces) Home,6,"{'hdp': 14.5, 'over': '21.00'}"
75151602,2026-10-10,ATP,Shanghai,Bet365,Matteo Arnaldi,Taylor Fritz,aces,19.5,26.0000,,2026-10-08T20:43:18Z,2026-10-10T04:00:00Z,Team Total (Aces) Home,6,"{'hdp': 19.5, 'over': '26.00'}"
75151602,2026-10-10,ATP,Shanghai,Bet365,Taylor Fritz,Matteo Arnaldi,double_faults,0.5,1.2800,,2026-10-08T20:43:18Z,2026-10-10T04:00:00Z,Team Total (Double Faults) Away,5,"{'hdp': 0.5, 'over': '1.28'}"
75151602,2026-10-10,ATP,Shanghai,Bet365,Taylor Fritz,Matteo Arnaldi,double_faults,1.5,2.1000,,2026-10-08T20:43:18Z,2026-10-10T04:00:00Z,Team Total (Double Faults) Away,5,"{'hdp': 1.5, 'over': '2.10'}"
75151602,2026-10-10,ATP,Shanghai,Bet365,Taylor Fritz,Matteo Arnaldi,double_faults,2.5,4.0000,,2026-10-08T20:43:18Z,2026-10-10T04:00:00Z,Team Total (Double Faults) Away,5,"{'hdp': 2.5, 'over': '4.00'}"
75151602,2026-10-10,ATP,Shanghai,Bet365,Taylor Fritz,Matteo Arnaldi,double_faults,4.5,19.0000,,2026-10-08T20:43:18Z,2026-10-10T04:00:00Z,Team Total (Double Faults) Away,5,"{'hdp': 4.5, 'over': '19.00'}"
75151602,2026-10-10,ATP,Shanghai,Bet365,Taylor Fritz,Matteo Arnaldi,double_faults,7.5,26.0000,,2026-10-08T20:43:18Z,2026-10-10T04:00:00Z,Team Total (Double Faults) Away,5,"{'hdp': 7.5, 'over': '26.00'}"
75151602,2026-10-10,ATP,Shanghai,Bet365,Matteo Arnaldi,Taylor Fritz,match_aces,4.5,1.0100,,2026-10-08T20:43:18Z,2026-10-10T04:00:00Z,Totals (Aces),8,"{'hdp': 4.5, 'over': '1.01'}"
75151602,2026-10-10,ATP,Shanghai,Bet365,Matteo Arnaldi,Taylor Fritz,match_aces,9.5,1.2000,,2026-10-08T20:43:18Z,2026-10-10T04:00:00Z,Totals (Aces),8,"{'hdp': 9.5, 'over': '1.20'}"
75151602,2026-10-10,ATP,Shanghai,Bet365,Matteo Arnaldi,Taylor Fritz,match_aces,14.5,1.7200,,2026-10-08T20:43:18Z,2026-10-10T04:00:00Z,Totals (Aces),8,"{'hdp': 14.5, 'over': '1.72'}"
75151602,2026-10-10,ATP,Shanghai,Bet365,Matteo Arnaldi,Taylor Fritz,match_aces,19.5,3.0000,,2026-10-08T20:43:18Z,2026-10-10T04:00:00Z,Totals (Aces),8,"{'hdp': 19.5, 'over': '3.00'}"
75151602,2026-10-10,ATP,Shanghai,Bet365,Matteo Arnaldi,Taylor Fritz,match_aces,24.5,6.0000,,2026-10-08T20:43:18Z,2026-10-10T04:00:00Z,Totals (Aces),8,"{'hdp': 24.5, 'over': '6.00'}"
75151602,2026-10-10,ATP,Shanghai,Bet365,Matteo Arnaldi,Taylor Fritz,match_aces,29.5,13.0000,,2026-10-08T20:43:18Z,2026-10-10T04:00:00Z,Totals (Aces),8,"{'hdp': 29.5, 'over': '13.00'}"
75151602,2026-10-10,ATP,Shanghai,Bet365,Matteo Arnaldi,Taylor Fritz,match_aces,39.5,26.0000,,2026-10-08T20:43:18Z,2026-10-10T04:00:00Z,Totals (Aces),8,"{'hdp': 39.5, 'over': '26.00'}"
75151602,2026-10-10,ATP,Shanghai,Bet365,Taylor Fritz,Matteo Arnaldi,aces,2.5,1.0200,,2026-10-08T20:43:18Z,2026-10-10T04:00:00Z,Team Total (Aces) Away,7,"{'hdp': 2.5, 'over': '1.02'}"
75151602,2026-10-10,ATP,Shanghai,Bet365,Taylor Fritz,Matteo Arnaldi,aces,4.5,1.1100,,2026-10-08T20:43:18Z,2026-10-10T04:00:00Z,Team Total (Aces) Away,7,"{'hdp': 4.5, 'over': '1.11'}"
75151602,2026-10-10,ATP,Shanghai,Bet365,Taylor Fritz,Matteo Arnaldi,aces,9.5,1.8300,,2026-10-08T20:43:18Z,2026-10-10T04:00:00Z,Team Total (Aces) Away,7,"{'hdp': 9.5, 'over': '1.83'}"
75151602,2026-10-10,ATP,Shanghai,Bet365,Taylor Fritz,Matteo Arnaldi,aces,14.5,4.3300,,2026-10-08T20:43:18Z,2026-10-10T04:00:00Z,Team Total (Aces) Away,7,"{'hdp': 14.5, 'over': '4.33'}"
75151602,2026-10-10,ATP,Shanghai,Bet365,Taylor Fritz,Matteo Arnaldi,aces,19.5,11.0000,,2026-10-08T20:43:18Z,2026-10-10T04:00:00Z,Team Total (Aces) Away,7,"{'hdp': 19.5, 'over': '11.00'}"
75151602,2026-10-10,ATP,Shanghai,Bet365,Taylor Fritz,Matteo Arnaldi,aces,24.5,26.0000,,2026-10-08T20:43:18Z,2026-10-10T04:00:00Z,Team Total (Aces) Away,7,"{'hdp': 24.5, 'over': '26.00'}"
75151602,2026-10-10,ATP,Shanghai,Bet365,Matteo Arnaldi,Taylor Fritz,double_faults,0.5,1.0400,,2026-10-08T20:43:18Z,2026-10-10T04:00:00Z,Team Total (Double Faults) Home,5,"{'hdp': 0.5, 'over': '1.04'}"
75151602,2026-10-10,ATP,Shanghai,Bet365,Matteo Arnaldi,Taylor Fritz,double_faults,1.5,1.2200,,2026-10-08T20:43:18Z,2026-10-10T04:00:00Z,Team Total (Double Faults) Home,5,"{'hdp': 1.5, 'over': '1.22'}"
75151602,2026-10-10,ATP,Shanghai,Bet365,Matteo Arnaldi,Taylor Fritz,double_faults,2.5,1.6600,,2026-10-08T20:43:18Z,2026-10-10T04:00:00Z,Team Total (Double Faults) Home,5,"{'hdp': 2.5, 'over': '1.66'}"
75151602,2026-10-10,ATP,Shanghai,Bet365,Matteo Arnaldi,Taylor Fritz,double_faults,4.5,4.3300,,2026-10-08T20:43:18Z,2026-10-10T04:00:00Z,Team Total (Double Faults) Home,5,"{'hdp': 4.5, 'over': '4.33'}"
75151602,2026-10-10,ATP,Shanghai,Bet365,Matteo Arnaldi,Taylor Fritz,double_faults,7.5,26.0000,,2026-10-08T20:43:18Z,2026-10-10T04:00:00Z,Team Total (Double Faults) Home,5,"{'hdp': 7.5, 'over': '26.00'}"
75151602,2026-10-10,ATP,Shanghai,Bet365,Matteo Arnaldi,Taylor Fritz,match_double_faults,1.5,1.0500,,2026-10-08T20:43:18Z,2026-10-10T04:00:00Z,Totals (Double Faults),7,"{'hdp': 1.5, 'over': '1.05'}"
75151602,2026-10-10,ATP,Shanghai,Bet365,Matteo Arnaldi,Taylor Fritz,match_double_faults,2.5,1.2000,,2026-10-08T20:43:18Z,2026-10-10T04:00:00Z,Totals (Double Faults),7,"{'hdp': 2.5, 'over': '1.20'}"
75151602,2026-10-10,ATP,Shanghai,Bet365,Matteo Arnaldi,Taylor Fritz,match_double_faults,4.5,1.9000,,2026-10-08T20:43:18Z,2026-10-10T04:00:00Z,Totals (Double Faults),7,"{'hdp': 4.5, 'over': '1.90'}"
75151602,2026-10-10,ATP,Shanghai,Bet365,Matteo Arnaldi,Taylor Fritz,match_double_faults,7.5,7.0000,,2026-10-08T20:43:18Z,2026-10-10T04:00:00Z,Totals (Double Faults),7,"{'hdp': 7.5, 'over': '7.00'}"
75151602,2026-10-10,ATP,Shanghai,Bet365,Matteo Arnaldi,Taylor Fritz,match_double_faults,9.5,19.0000,,2026-10-08T20:43:18Z,2026-10-10T04:00:00Z,Totals (Double Faults),7,"{'hdp': 9.5, 'over': '19.00'}"
75151602,2026-10-10,ATP,Shanghai,Bet365,Matteo Arnaldi,Taylor Fritz,match_double_faults,11.5,26.0000,,2026-10-08T20:43:18Z,2026-10-10T04:00:00Z,Totals (Double Faults),7,"{'hdp': 11.5, 'over': '26.00'}"
75151682,2026-10-09,ATP,Shanghai,Bet365,Alex de Minaur,Alex Molcan,match_double_faults,0.5,1.0200,,2026-10-08T20:43:18Z,2026-10-09T06:20:00Z,Totals (Double Faults),6,"{'hdp': 0.5, 'over': '1.02'}"
75151682,2026-10-09,ATP,Shanghai,Bet365,Alex de Minaur,Alex Molcan,match_double_faults,1.5,1.1600,,2026-10-08T20:43:18Z,2026-10-09T06:20:00Z,Totals (Double Faults),6,"{'hdp': 1.5, 'over': '1.16'}"
75151682,2026-10-09,ATP,Shanghai,Bet365,Alex de Minaur,Alex Molcan,match_double_faults,2.5,1.4400,,2026-10-08T20:43:18Z,2026-10-09T06:20:00Z,Totals (Double Faults),6,"{'hdp': 2.5, 'over': '1.44'}"
75151682,2026-10-09,ATP,Shanghai,Bet365,Alex de Minaur,Alex Molcan,match_double_faults,4.5,3.2500,,2026-10-08T20:43:18Z,2026-10-09T06:20:00Z,Totals (Double Faults),6,"{'hdp': 4.5, 'over': '3.25'}"
75151682,2026-10-09,ATP,Shanghai,Bet365,Alex de Minaur,Alex Molcan,match_double_faults,7.5,17.0000,,2026-10-08T20:43:18Z,2026-10-09T06:20:00Z,Totals (Double Faults),6,"{'hdp': 7.5, 'over': '17.00'}"
75151682,2026-10-09,ATP,Shanghai,Bet365,Alex de Minaur,Alex Molcan,match_double_faults,9.5,26.0000,,2026-10-08T20:43:18Z,2026-10-09T06:20:00Z,Totals (Double Faults),6,"{'hdp': 9.5, 'over': '26.00'}"
75151682,2026-10-09,ATP,Shanghai,Bet365,Alex de Minaur,Alex Molcan,double_faults,0.5,1.1200,,2026-10-08T20:43:18Z,2026-10-09T06:20:00Z,Team Total (Double Faults) Home,5,"{'hdp': 0.5, 'over': '1.12'}"
75151682,2026-10-09,ATP,Shanghai,Bet365,Alex de Minaur,Alex Molcan,double_faults,1.5,1.5000,,2026-10-08T20:43:18Z,2026-10-09T06:20:00Z,Team Total (Double Faults) Home,5,"{'hdp': 1.5, 'over': '1.50'}"
75151682,2026-10-09,ATP,Shanghai,Bet365,Alex de Minaur,Alex Molcan,double_faults,2.5,2.3700,,2026-10-08T20:43:18Z,2026-10-09T06:20:00Z,Team Total (Double Faults) Home,5,"{'hdp': 2.5, 'over': '2.37'}"
75151682,2026-10-09,ATP,Shanghai,Bet365,Alex de Minaur,Alex Molcan,double_faults,4.5,8.0000,,2026-10-08T20:43:18Z,2026-10-09T06:20:00Z,Team Total (Double Faults) Home,5,"{'hdp': 4.5, 'over': '8.00'}"
75151682,2026-10-09,ATP,Shanghai,Bet365,Alex de Minaur,Alex Molcan,double_faults,7.5,26.0000,,2026-10-08T20:43:18Z,2026-10-09T06:20:00Z,Team Total (Double Faults) Home,5,"{'hdp': 7.5, 'over': '26.00'}"
75151682,2026-10-09,ATP,Shanghai,Bet365,Alex Molcan,Alex de Minaur,double_faults,0.5,1.3600,,2026-10-08T20:43:18Z,2026-10-09T06:20:00Z,Team Total (Double Faults) Away,4,"{'hdp': 0.5, 'over': '1.36'}"
75151682,2026-10-09,ATP,Shanghai,Bet365,Alex Molcan,Alex de Minaur,double_faults,1.5,2.6200,,2026-10-08T20:43:18Z,2026-10-09T06:20:00Z,Team Total (Double Faults) Away,4,"{'hdp': 1.5, 'over': '2.62'}"
75151682,2026-10-09,ATP,Shanghai,Bet365,Alex Molcan,Alex de Minaur,double_faults,2.5,6.5000,,2026-10-08T20:43:18Z,2026-10-09T06:20:00Z,Team Total (Double Faults) Away,4,"{'hdp': 2.5, 'over': '6.50'}"
75151682,2026-10-09,ATP,Shanghai,Bet365,Alex Molcan,Alex de Minaur,double_faults,4.5,26.0000,,2026-10-08T20:43:18Z,2026-10-09T06:20:00Z,Team Total (Double Faults) Away,4,"{'hdp': 4.5, 'over': '26.00'}"
75151682,2026-10-09,ATP,Shanghai,Bet365,Alex Molcan,Alex de Minaur,aces,0.5,1.0300,,2026-10-08T20:43:18Z,2026-10-09T06:20:00Z,Team Total (Aces) Away,5,"{'hdp': 0.5, 'over': '1.03'}"
75151682,2026-10-09,ATP,Shanghai,Bet365,Alex Molcan,Alex de Minaur,aces,2.5,1.3600,,2026-10-08T20:43:18Z,2026-10-09T06:20:00Z,Team Total (Aces) Away,5,"{'hdp': 2.5, 'over': '1.36'}"
75151682,2026-10-09,ATP,Shanghai,Bet365,Alex Molcan,Alex de Minaur,aces,4.5,2.2500,,2026-10-08T20:43:18Z,2026-10-09T06:20:00Z,Team Total (Aces) Away,5,"{'hdp': 4.5, 'over': '2.25'}"
75151682,2026-10-09,ATP,Shanghai,Bet365,Alex Molcan,Alex de Minaur,aces,9.5,15.0000,,2026-10-08T20:43:18Z,2026-10-09T06:20:00Z,Team Total (Aces) Away,5,"{'hdp': 9.5, 'over': '15.00'}"
75151682,2026-10-09,ATP,Shanghai,Bet365,Alex Molcan,Alex de Minaur,aces,14.5,26.0000,,2026-10-08T20:43:18Z,2026-10-09T06:20:00Z,Team Total (Aces) Away,5,"{'hdp': 14.5, 'over': '26.00'}"
75151682,2026-10-09,ATP,Shanghai,Bet365,Alex de Minaur,Alex Molcan,match_aces,2.5,1.0100,,2026-10-08T20:43:18Z,2026-10-09T06:20:00Z,Totals (Aces),8,"{'hdp': 2.5, 'over': '1.01'}"
75151682,2026-10-09,ATP,Shanghai,Bet365,Alex de Minaur,Alex Molcan,match_aces,4.5,1.0700,,2026-10-08T20:43:18Z,2026-10-09T06:20:00Z,Totals (Aces),8,"{'hdp': 4.5, 'over': '1.07'}"
75151682,2026-10-09,ATP,Shanghai,Bet365,Alex de Minaur,Alex Molcan,match_aces,9.5,1.6100,,2026-10-08T20:43:18Z,2026-10-09T06:20:00Z,Totals (Aces),8,"{'hdp': 9.5, 'over': '1.61'}"
75151682,2026-10-09,ATP,Shanghai,Bet365,Alex de Minaur,Alex Molcan,match_aces,14.5,3.5000,,2026-10-08T20:43:18Z,2026-10-09T06:20:00Z,Totals (Aces),8,"{'hdp': 14.5, 'over': '3.50'}"
75151682,2026-10-09,ATP,Shanghai,Bet365,Alex de Minaur,Alex Molcan,match_aces,19.5,10.0000,,2026-10-08T20:43:18Z,2026-10-09T06:20:00Z,Totals (Aces),8,"{'hdp': 19.5, 'over': '10.00'}"
75151682,2026-10-09,ATP,Shanghai,Bet365,Alex de Minaur,Alex Molcan,match_aces,24.5,23.0000,,2026-10-08T20:43:18Z,2026-10-09T06:20:00Z,Totals (Aces),8,"{'hdp': 24.5, 'over': '23.00'}"
75151682,2026-10-09,ATP,Shanghai,Bet365,Alex de Minaur,Alex Molcan,match_aces,29.5,26.0000,,2026-10-08T20:43:18Z,2026-10-09T06:20:00Z,Totals (Aces),8,"{'hdp': 29.5, 'over': '26.00'}"
75151682,2026-10-09,ATP,Shanghai,Bet365,Alex de Minaur,Alex Molcan,aces,2.5,1.0800,,2026-10-08T20:43:18Z,2026-10-09T06:20:00Z,Team Total (Aces) Home,6,"{'hdp': 2.5, 'over': '1.08'}"
75151682,2026-10-09,ATP,Shanghai,Bet365,Alex de Minaur,Alex Molcan,aces,4.5,1.3300,,2026-10-08T20:43:18Z,2026-10-09T06:20:00Z,Team Total (Aces) Home,6,"{'hdp': 4.5, 'over': '1.33'}"
75151682,2026-10-09,ATP,Shanghai,Bet365,Alex de Minaur,Alex Molcan,aces,9.5,3.7500,,2026-10-08T20:43:18Z,2026-10-09T06:20:00Z,Team Total (Aces) Home,6,"{'hdp': 9.5, 'over': '3.75'}"
75151682,2026-10-09,ATP,Shanghai,Bet365,Alex de Minaur,Alex Molcan,aces,14.5,15.0000,,2026-10-08T20:43:18Z,2026-10-09T06:20:00Z,Team Total (Aces) Home,6,"{'hdp': 14.5, 'over': '15.00'}"
75151682,2026-10-09,ATP,Shanghai,Bet365,Alex de Minaur,Alex Molcan,aces,19.5,26.0000,,2026-10-08T20:43:18Z,2026-10-09T06:20:00Z,Team Total (Aces) Home,6,"{'hdp': 19.5, 'over': '26.00'}"
75051578,2026-10-09,WTA,Beijing,Bet365,Qinwen Zheng,Elina Svitolina,match_aces,4.5,1.0400,,2026-10-08T20:43:18Z,2026-10-09T07:00:00Z,Totals (Aces),9,"{'hdp': 4.5, 'over': '1.04'}"
75051578,2026-10-09,WTA,Beijing,Bet365,Qinwen Zheng,Elina Svitolina,match_aces,9.5,1.3600,,2026-10-08T20:43:18Z,2026-10-09T07:00:00Z,Totals (Aces),9,"{'hdp': 9.5, 'over': '1.36'}"
75051578,2026-10-09,WTA,Beijing,Bet365,Qinwen Zheng,Elina Svitolina,match_aces,14.5,2.3700,,2026-10-08T20:43:18Z,2026-10-09T07:00:00Z,Totals (Aces),9,"{'hdp': 14.5, 'over': '2.37'}"
75051578,2026-10-09,WTA,Beijing,Bet365,Qinwen Zheng,Elina Svitolina,match_aces,19.5,5.0000,,2026-10-08T20:43:18Z,2026-10-09T07:00:00Z,Totals (Aces),9,"{'hdp': 19.5, 'over': '5.00'}"
75051578,2026-10-09,WTA,Beijing,Bet365,Qinwen Zheng,Elina Svitolina,match_aces,24.5,11.0000,,2026-10-08T20:43:18Z,2026-10-09T07:00:00Z,Totals (Aces),9,"{'hdp': 24.5, 'over': '11.00'}"
75051578,2026-10-09,WTA,Beijing,Bet365,Qinwen Zheng,Elina Svitolina,match_aces,29.5,23.0000,,2026-10-08T20:43:18Z,2026-10-09T07:00:00Z,Totals (Aces),9,"{'hdp': 29.5, 'over': '23.00'}"
75051578,2026-10-09,WTA,Beijing,Bet365,Qinwen Zheng,Elina Svitolina,match_aces,39.5,26.0000,,2026-10-08T20:43:18Z,2026-10-09T07:00:00Z,Totals (Aces),9,"{'hdp': 39.5, 'over': '26.00'}"
75051578,2026-10-09,WTA,Beijing,Bet365,Qinwen Zheng,Elina Svitolina,match_double_faults,2.5,1.0100,,2026-10-08T20:43:18Z,2026-10-09T07:00:00Z,Totals (Double Faults),8,"{'hdp': 2.5, 'over': '1.01'}"
75051578,2026-10-09,WTA,Beijing,Bet365,Qinwen Zheng,Elina Svitolina,match_double_faults,4.5,1.0800,,2026-10-08T20:43:18Z,2026-10-09T07:00:00Z,Totals (Double Faults),8,"{'hdp': 4.5, 'over': '1.08'}"
75051578,2026-10-09,WTA,Beijing,Bet365,Qinwen Zheng,Elina Svitolina,match_double_faults,7.5,1.5000,,2026-10-08T20:43:18Z,2026-10-09T07:00:00Z,Totals (Double Faults),8,"{'hdp': 7.5, 'over': '1.50'}"
75051578,2026-10-09,WTA,Beijing,Bet365,Qinwen Zheng,Elina Svitolina,match_double_faults,9.5,2.2500,,2026-10-08T20:43:18Z,2026-10-09T07:00:00Z,Totals (Double Faults),8,"{'hdp': 9.5, 'over': '2.25'}"
75051578,2026-10-09,WTA,Beijing,Bet365,Qinwen Zheng,Elina Svitolina,match_double_faults,11.5,3.7500,,2026-10-08T20:43:18Z,2026-10-09T07:00:00Z,Totals (Double Faults),8,"{'hdp': 11.5, 'over': '3.75'}"
75051578,2026-10-09,WTA,Beijing,Bet365,Qinwen Zheng,Elina Svitolina,match_double_faults,14.5,10.0000,,2026-10-08T20:43:18Z,2026-10-09T07:00:00Z,Totals (Double Faults),8,"{'hdp': 14.5, 'over': '10.00'}"
75051578,2026-10-09,WTA,Beijing,Bet365,Qinwen Zheng,Elina Svitolina,match_double_faults,19.5,26.0000,,2026-10-08T20:43:18Z,2026-10-09T07:00:00Z,Totals (Double Faults),8,"{'hdp': 19.5, 'over': '26.00'}"
75051578,2026-10-09,WTA,Beijing,Bet365,Elina Svitolina,Qinwen Zheng,aces,0.5,1.0100,,2026-10-08T20:43:18Z,2026-10-09T07:00:00Z,Team Total (Aces) Away,5,"{'hdp': 0.5, 'over': '1.01'}"
75051578,2026-10-09,WTA,Beijing,Bet365,Elina Svitolina,Qinwen Zheng,aces,2.5,1.2500,,2026-10-08T20:43:18Z,2026-10-09T07:00:00Z,Team Total (Aces) Away,5,"{'hdp': 2.5, 'over': '1.25'}"
75051578,2026-10-09,WTA,Beijing,Bet365,Elina Svitolina,Qinwen Zheng,aces,4.5,1.8300,,2026-10-08T20:43:18Z,2026-10-09T07:00:00Z,Team Total (Aces) Away,5,"{'hdp': 4.5, 'over': '1.83'}"
75051578,2026-10-09,WTA,Beijing,Bet365,Elina Svitolina,Qinwen Zheng,aces,9.5,10.0000,,2026-10-08T20:43:18Z,2026-10-09T07:00:00Z,Team Total (Aces) Away,5,"{'hdp': 9.5, 'over': '10.00'}"
75051578,2026-10-09,WTA,Beijing,Bet365,Elina Svitolina,Qinwen Zheng,aces,14.5,26.0000,,2026-10-08T20:43:18Z,2026-10-09T07:00:00Z,Team Total (Aces) Away,5,"{'hdp': 14.5, 'over': '26.00'}"
75051578,2026-10-09,WTA,Beijing,Bet365,Elina Svitolina,Qinwen Zheng,double_faults,0.5,1.0300,,2026-10-08T20:43:18Z,2026-10-09T07:00:00Z,Team Total (Double Faults) Away,6,"{'hdp': 0.5, 'over': '1.03'}"
75051578,2026-10-09,WTA,Beijing,Bet365,Elina Svitolina,Qinwen Zheng,double_faults,1.5,1.1600,,2026-10-08T20:43:18Z,2026-10-09T07:00:00Z,Team Total (Double Faults) Away,6,"{'hdp': 1.5, 'over': '1.16'}"
75051578,2026-10-09,WTA,Beijing,Bet365,Elina Svitolina,Qinwen Zheng,double_faults,2.5,1.4400,,2026-10-08T20:43:18Z,2026-10-09T07:00:00Z,Team Total (Double Faults) Away,6,"{'hdp': 2.5, 'over': '1.44'}"
75051578,2026-10-09,WTA,Beijing,Bet365,Elina Svitolina,Qinwen Zheng,double_faults,4.5,3.0000,,2026-10-08T20:43:18Z,2026-10-09T07:00:00Z,Team Total (Double Faults) Away,6,"{'hdp': 4.5, 'over': '3.00'}"
75051578,2026-10-09,WTA,Beijing,Bet365,Elina Svitolina,Qinwen Zheng,double_faults,7.5,13.0000,,2026-10-08T20:43:18Z,2026-10-09T07:00:00Z,Team Total (Double Faults) Away,6,"{'hdp': 7.5, 'over': '13.00'}"
75051578,2026-10-09,WTA,Beijing,Bet365,Elina Svitolina,Qinwen Zheng,double_faults,9.5,26.0000,,2026-10-08T20:43:18Z,2026-10-09T07:00:00Z,Team Total (Double Faults) Away,6,"{'hdp': 9.5, 'over': '26.00'}"
75051578,2026-10-09,WTA,Beijing,Bet365,Qinwen Zheng,Elina Svitolina,double_faults,1.5,1.0400,,2026-10-08T20:43:18Z,2026-10-09T07:00:00Z,Team Total (Double Faults) Home,8,"{'hdp': 1.5, 'over': '1.04'}"
75051578,2026-10-09,WTA,Beijing,Bet365,Qinwen Zheng,Elina Svitolina,double_faults,2.5,1.1400,,2026-10-08T20:43:18Z,2026-10-09T07:00:00Z,Team Total (Double Faults) Home,8,"{'hdp': 2.5, 'over': '1.14'}"
75051578,2026-10-09,WTA,Beijing,Bet365,Qinwen Zheng,Elina Svitolina,double_faults,4.5,1.6100,,2026-10-08T20:43:18Z,2026-10-09T07:00:00Z,Team Total (Double Faults) Home,8,"{'hdp': 4.5, 'over': '1.61'}"
75051578,2026-10-09,WTA,Beijing,Bet365,Qinwen Zheng,Elina Svitolina,double_faults,7.5,4.0000,,2026-10-08T20:43:18Z,2026-10-09T07:00:00Z,Team Total (Double Faults) Home,8,"{'hdp': 7.5, 'over': '4.00'}"
75051578,2026-10-09,WTA,Beijing,Bet365,Qinwen Zheng,Elina Svitolina,double_faults,9.5,10.0000,,2026-10-08T20:43:18Z,2026-10-09T07:00:00Z,Team Total (Double Faults) Home,8,"{'hdp': 9.5, 'over': '10.00'}"
75051578,2026-10-09,WTA,Beijing,Bet365,Qinwen Zheng,Elina Svitolina,double_faults,11.5,21.0000,,2026-10-08T20:43:18Z,2026-10-09T07:00:00Z,Team Total (Double Faults) Home,8,"{'hdp': 11.5, 'over': '21.00'}"
75051578,2026-10-09,WTA,Beijing,Bet365,Qinwen Zheng,Elina Svitolina,double_faults,14.5,26.0000,,2026-10-08T20:43:18Z,2026-10-09T07:00:00Z,Team Total (Double Faults) Home,8,"{'hdp': 14.5, 'over': '26.00'}"
75051578,2026-10-09,WTA,Beijing,Bet365,Qinwen Zheng,Elina Svitolina,aces,2.5,1.0600,,2026-10-08T20:43:18Z,2026-10-09T07:00:00Z,Team Total (Aces) Home,7,"{'hdp': 2.5, 'over': '1.06'}"
75051578,2026-10-09,WTA,Beijing,Bet365,Qinwen Zheng,Elina Svitolina,aces,4.5,1.2200,,2026-10-08T20:43:18Z,2026-10-09T07:00:00Z,Team Total (Aces) Home,7,"{'hdp': 4.5, 'over': '1.22'}"
75051578,2026-10-09,WTA,Beijing,Bet365,Qinwen Zheng,Elina Svitolina,aces,9.5,2.5000,,2026-10-08T20:43:18Z,2026-10-09T07:00:00Z,Team Total (Aces) Home,7,"{'hdp': 9.5, 'over': '2.50'}"
75051578,2026-10-09,WTA,Beijing,Bet365,Qinwen Zheng,Elina Svitolina,aces,14.5,6.5000,,2026-10-08T20:43:18Z,2026-10-09T07:00:00Z,Team Total (Aces) Home,7,"{'hdp': 14.5, 'over': '6.50'}"
75051578,2026-10-09,WTA,Beijing,Bet365,Qinwen Zheng,Elina Svitolina,aces,19.5,19.0000,,2026-10-08T20:43:18Z,2026-10-09T07:00:00Z,Team Total (Aces) Home,7,"{'hdp': 19.5, 'over': '19.00'}"
75051578,2026-10-09,WTA,Beijing,Bet365,Qinwen Zheng,Elina Svitolina,aces,24.5,26.0000,,2026-10-08T20:43:18Z,2026-10-09T07:00:00Z,Team Total (Aces) Home,7,"{'hdp': 24.5, 'over': '26.00'}"
75151678,2026-10-09,ATP,Shanghai,Bet365,Alexander Bublik,Tomas Machac,double_faults,0.5,1.0400,,2026-10-08T20:43:18Z,2026-10-09T07:30:00Z,Team Total (Double Faults) Home,6,"{'hdp': 0.5, 'over': '1.04'}"
75151678,2026-10-09,ATP,Shanghai,Bet365,Alexander Bublik,Tomas Machac,double_faults,1.5,1.2000,,2026-10-08T20:43:18Z,2026-10-09T07:30:00Z,Team Total (Double Faults) Home,6,"{'hdp': 1.5, 'over': '1.20'}"
75151678,2026-10-09,ATP,Shanghai,Bet365,Alexander Bublik,Tomas Machac,double_faults,2.5,1.5300,,2026-10-08T20:43:18Z,2026-10-09T07:30:00Z,Team Total (Double Faults) Home,6,"{'hdp': 2.5, 'over': '1.53'}"
75151678,2026-10-09,ATP,Shanghai,Bet365,Alexander Bublik,Tomas Machac,double_faults,4.5,3.5000,,2026-10-08T20:43:18Z,2026-10-09T07:30:00Z,Team Total (Double Faults) Home,6,"{'hdp': 4.5, 'over': '3.50'}"
75151678,2026-10-09,ATP,Shanghai,Bet365,Alexander Bublik,Tomas Machac,double_faults,7.5,17.0000,,2026-10-08T20:43:18Z,2026-10-09T07:30:00Z,Team Total (Double Faults) Home,6,"{'hdp': 7.5, 'over': '17.00'}"
75151678,2026-10-09,ATP,Shanghai,Bet365,Alexander Bublik,Tomas Machac,double_faults,9.5,26.0000,,2026-10-08T20:43:18Z,2026-10-09T07:30:00Z,Team Total (Double Faults) Home,6,"{'hdp': 9.5, 'over': '26.00'}"
75151678,2026-10-09,ATP,Shanghai,Bet365,Alexander Bublik,Tomas Machac,aces,2.5,1.0100,,2026-10-08T20:43:18Z,2026-10-09T07:30:00Z,Team Total (Aces) Home,9,"{'hdp': 2.5, 'over': '1.01'}"
75151678,2026-10-09,ATP,Shanghai,Bet365,Alexander Bublik,Tomas Machac,aces,4.5,1.0500,,2026-10-08T20:43:18Z,2026-10-09T07:30:00Z,Team Total (Aces) Home,9,"{'hdp': 4.5, 'over': '1.05'}"
75151678,2026-10-09,ATP,Shanghai,Bet365,Alexander Bublik,Tomas Machac,aces,9.5,1.4400,,2026-10-08T20:43:18Z,2026-10-09T07:30:00Z,Team Total (Aces) Home,9,"{'hdp': 9.5, 'over': '1.44'}"
75151678,2026-10-09,ATP,Shanghai,Bet365,Alexander Bublik,Tomas Machac,aces,14.5,2.5000,,2026-10-08T20:43:18Z,2026-10-09T07:30:00Z,Team Total (Aces) Home,9,"{'hdp': 14.5, 'over': '2.50'}"
75151678,2026-10-09,ATP,Shanghai,Bet365,Alexander Bublik,Tomas Machac,aces,19.5,5.0000,,2026-10-08T20:43:18Z,2026-10-09T07:30:00Z,Team Total (Aces) Home,9,"{'hdp': 19.5, 'over': '5.00'}"
75151678,2026-10-09,ATP,Shanghai,Bet365,Alexander Bublik,Tomas Machac,aces,24.5,11.0000,,2026-10-08T20:43:18Z,2026-10-09T07:30:00Z,Team Total (Aces) Home,9,"{'hdp': 24.5, 'over': '11.00'}"
75151678,2026-10-09,ATP,Shanghai,Bet365,Alexander Bublik,Tomas Machac,aces,29.5,21.0000,,2026-10-08T20:43:18Z,2026-10-09T07:30:00Z,Team Total (Aces) Home,9,"{'hdp': 29.5, 'over': '21.00'}"
75151678,2026-10-09,ATP,Shanghai,Bet365,Alexander Bublik,Tomas Machac,aces,39.5,26.0000,,2026-10-08T20:43:18Z,2026-10-09T07:30:00Z,Team Total (Aces) Home,9,"{'hdp': 39.5, 'over': '26.00'}"
75151678,2026-10-09,ATP,Shanghai,Bet365,Tomas Machac,Alexander Bublik,double_faults,0.5,1.1100,,2026-10-08T20:43:18Z,2026-10-09T07:30:00Z,Team Total (Double Faults) Away,5,"{'hdp': 0.5, 'over': '1.11'}"
75151678,2026-10-09,ATP,Shanghai,Bet365,Tomas Machac,Alexander Bublik,double_faults,1.5,1.5000,,2026-10-08T20:43:18Z,2026-10-09T07:30:00Z,Team Total (Double Faults) Away,5,"{'hdp': 1.5, 'over': '1.50'}"
75151678,2026-10-09,ATP,Shanghai,Bet365,Tomas Machac,Alexander Bublik,double_faults,2.5,2.3700,,2026-10-08T20:43:18Z,2026-10-09T07:30:00Z,Team Total (Double Faults) Away,5,"{'hdp': 2.5, 'over': '2.37'}"
75151678,2026-10-09,ATP,Shanghai,Bet365,Tomas Machac,Alexander Bublik,double_faults,4.5,9.0000,,2026-10-08T20:43:18Z,2026-10-09T07:30:00Z,Team Total (Double Faults) Away,5,"{'hdp': 4.5, 'over': '9.00'}"
75151678,2026-10-09,ATP,Shanghai,Bet365,Tomas Machac,Alexander Bublik,double_faults,7.5,26.0000,,2026-10-08T20:43:18Z,2026-10-09T07:30:00Z,Team Total (Double Faults) Away,5,"{'hdp': 7.5, 'over': '26.00'}"
75151678,2026-10-09,ATP,Shanghai,Bet365,Alexander Bublik,Tomas Machac,match_double_faults,1.5,1.0200,,2026-10-08T20:43:18Z,2026-10-09T07:30:00Z,Totals (Double Faults),8,"{'hdp': 1.5, 'over': '1.02'}"
75151678,2026-10-09,ATP,Shanghai,Bet365,Alexander Bublik,Tomas Machac,match_double_faults,2.5,1.1000,,2026-10-08T20:43:18Z,2026-10-09T07:30:00Z,Totals (Double Faults),8,"{'hdp': 2.5, 'over': '1.10'}"
75151678,2026-10-09,ATP,Shanghai,Bet365,Alexander Bublik,Tomas Machac,match_double_faults,4.5,1.5300,,2026-10-08T20:43:18Z,2026-10-09T07:30:00Z,Totals (Double Faults),8,"{'hdp': 4.5, 'over': '1.53'}"
75151678,2026-10-09,ATP,Shanghai,Bet365,Alexander Bublik,Tomas Machac,match_double_faults,7.5,4.0000,,2026-10-08T20:43:18Z,2026-10-09T07:30:00Z,Totals (Double Faults),8,"{'hdp': 7.5, 'over': '4.00'}"
75151678,2026-10-09,ATP,Shanghai,Bet365,Alexander Bublik,Tomas Machac,match_double_faults,9.5,10.0000,,2026-10-08T20:43:18Z,2026-10-09T07:30:00Z,Totals (Double Faults),8,"{'hdp': 9.5, 'over': '10.00'}"
75151678,2026-10-09,ATP,Shanghai,Bet365,Alexander Bublik,Tomas Machac,match_double_faults,11.5,21.0000,,2026-10-08T20:43:18Z,2026-10-09T07:30:00Z,Totals (Double Faults),8,"{'hdp': 11.5, 'over': '21.00'}"
75151678,2026-10-09,ATP,Shanghai,Bet365,Alexander Bublik,Tomas Machac,match_double_faults,14.5,26.0000,,2026-10-08T20:43:18Z,2026-10-09T07:30:00Z,Totals (Double Faults),8,"{'hdp': 14.5, 'over': '26.00'}"
75151678,2026-10-09,ATP,Shanghai,Bet365,Alexander Bublik,Tomas Machac,match_aces,9.5,1.0600,,2026-10-08T20:43:18Z,2026-10-09T07:30:00Z,Totals (Aces),9,"{'hdp': 9.5, 'over': '1.06'}"
75151678,2026-10-09,ATP,Shanghai,Bet365,Alexander Bublik,Tomas Machac,match_aces,14.5,1.3000,,2026-10-08T20:43:18Z,2026-10-09T07:30:00Z,Totals (Aces),9,"{'hdp': 14.5, 'over': '1.30'}"
75151678,2026-10-09,ATP,Shanghai,Bet365,Alexander Bublik,Tomas Machac,match_aces,19.5,1.8300,,2026-10-08T20:43:18Z,2026-10-09T07:30:00Z,Totals (Aces),9,"{'hdp': 19.5, 'over': '1.83'}"
75151678,2026-10-09,ATP,Shanghai,Bet365,Alexander Bublik,Tomas Machac,match_aces,24.5,3.2500,,2026-10-08T20:43:18Z,2026-10-09T07:30:00Z,Totals (Aces),9,"{'hdp': 24.5, 'over': '3.25'}"
75151678,2026-10-09,ATP,Shanghai,Bet365,Alexander Bublik,Tomas Machac,match_aces,29.5,5.5000,,2026-10-08T20:43:18Z,2026-10-09T07:30:00Z,Totals (Aces),9,"{'hdp': 29.5, 'over': '5.50'}"
75151678,2026-10-09,ATP,Shanghai,Bet365,Alexander Bublik,Tomas Machac,match_aces,39.5,19.0000,,2026-10-08T20:43:18Z,2026-10-09T07:30:00Z,Totals (Aces),9,"{'hdp': 39.5, 'over': '19.00'}"
75151678,2026-10-09,ATP,Shanghai,Bet365,Alexander Bublik,Tomas Machac,match_aces,49.5,26.0000,,2026-10-08T20:43:18Z,2026-10-09T07:30:00Z,Totals (Aces),9,"{'hdp': 49.5, 'over': '26.00'}"
75151678,2026-10-09,ATP,Shanghai,Bet365,Tomas Machac,Alexander Bublik,aces,2.5,1.1000,,2026-10-08T20:43:18Z,2026-10-09T07:30:00Z,Team Total (Aces) Away,6,"{'hdp': 2.5, 'over': '1.10'}"
75151678,2026-10-09,ATP,Shanghai,Bet365,Tomas Machac,Alexander Bublik,aces,4.5,1.3600,,2026-10-08T20:43:18Z,2026-10-09T07:30:00Z,Team Total (Aces) Away,6,"{'hdp': 4.5, 'over': '1.36'}"
75151678,2026-10-09,ATP,Shanghai,Bet365,Tomas Machac,Alexander Bublik,aces,9.5,3.5000,,2026-10-08T20:43:18Z,2026-10-09T07:30:00Z,Team Total (Aces) Away,6,"{'hdp': 9.5, 'over': '3.50'}"
75151678,2026-10-09,ATP,Shanghai,Bet365,Tomas Machac,Alexander Bublik,aces,14.5,13.0000,,2026-10-08T20:43:18Z,2026-10-09T07:30:00Z,Team Total (Aces) Away,6,"{'hdp': 14.5, 'over': '13.00'}"
75151678,2026-10-09,ATP,Shanghai,Bet365,Tomas Machac,Alexander Bublik,aces,19.5,26.0000,,2026-10-08T20:43:18Z,2026-10-09T07:30:00Z,Team Total (Aces) Away,6,"{'hdp': 19.5, 'over': '26.00'}"
75391018,2026-10-09,ATP,Shanghai,Bet365,Lorenzo Musetti,Yi Zhou,aces,0.5,1.0100,,2026-10-08T20:43:18Z,2026-10-09T11:10:00Z,Team Total (Aces) Away,5,"{'hdp': 0.5, 'over': '1.01'}"
75391018,2026-10-09,ATP,Shanghai,Bet365,Lorenzo Musetti,Yi Zhou,aces,2.5,1.1800,,2026-10-08T20:43:18Z,2026-10-09T11:10:00Z,Team Total (Aces) Away,5,"{'hdp': 2.5, 'over': '1.18'}"
75391018,2026-10-09,ATP,Shanghai,Bet365,Lorenzo Musetti,Yi Zhou,aces,4.5,1.7200,,2026-10-08T20:43:18Z,2026-10-09T11:10:00Z,Team Total (Aces) Away,5,"{'hdp': 4.5, 'over': '1.72'}"
75391018,2026-10-09,ATP,Shanghai,Bet365,Lorenzo Musetti,Yi Zhou,aces,9.5,8.0000,,2026-10-08T20:43:18Z,2026-10-09T11:10:00Z,Team Total (Aces) Away,5,"{'hdp': 9.5, 'over': '8.00'}"
75391018,2026-10-09,ATP,Shanghai,Bet365,Lorenzo Musetti,Yi Zhou,aces,14.5,26.0000,,2026-10-08T20:43:18Z,2026-10-09T11:10:00Z,Team Total (Aces) Away,5,"{'hdp': 14.5, 'over': '26.00'}"
75391018,2026-10-09,ATP,Shanghai,Bet365,Yi Zhou,Lorenzo Musetti,match_aces,2.5,1.0100,,2026-10-08T20:43:18Z,2026-10-09T11:10:00Z,Totals (Aces),8,"{'hdp': 2.5, 'over': '1.01'}"
75391018,2026-10-09,ATP,Shanghai,Bet365,Yi Zhou,Lorenzo Musetti,match_aces,4.5,1.0700,,2026-10-08T20:43:18Z,2026-10-09T11:10:00Z,Totals (Aces),8,"{'hdp': 4.5, 'over': '1.07'}"
75391018,2026-10-09,ATP,Shanghai,Bet365,Yi Zhou,Lorenzo Musetti,match_aces,9.5,1.6100,,2026-10-08T20:43:18Z,2026-10-09T11:10:00Z,Totals (Aces),8,"{'hdp': 9.5, 'over': '1.61'}"
75391018,2026-10-09,ATP,Shanghai,Bet365,Yi Zhou,Lorenzo Musetti,match_aces,14.5,3.5000,,2026-10-08T20:43:18Z,2026-10-09T11:10:00Z,Totals (Aces),8,"{'hdp': 14.5, 'over': '3.50'}"
75391018,2026-10-09,ATP,Shanghai,Bet365,Yi Zhou,Lorenzo Musetti,match_aces,19.5,9.0000,,2026-10-08T20:43:18Z,2026-10-09T11:10:00Z,Totals (Aces),8,"{'hdp': 19.5, 'over': '9.00'}"
75391018,2026-10-09,ATP,Shanghai,Bet365,Yi Zhou,Lorenzo Musetti,match_aces,24.5,21.0000,,2026-10-08T20:43:18Z,2026-10-09T11:10:00Z,Totals (Aces),8,"{'hdp': 24.5, 'over': '21.00'}"
75391018,2026-10-09,ATP,Shanghai,Bet365,Yi Zhou,Lorenzo Musetti,match_aces,29.5,26.0000,,2026-10-08T20:43:18Z,2026-10-09T11:10:00Z,Totals (Aces),8,"{'hdp': 29.5, 'over': '26.00'}"
75391018,2026-10-09,ATP,Shanghai,Bet365,Yi Zhou,Lorenzo Musetti,double_faults,0.5,1.0600,,2026-10-08T20:43:18Z,2026-10-09T11:10:00Z,Team Total (Double Faults) Home,5,"{'hdp': 0.5, 'over': '1.06'}"
75391018,2026-10-09,ATP,Shanghai,Bet365,Yi Zhou,Lorenzo Musetti,double_faults,1.5,1.3000,,2026-10-08T20:43:18Z,2026-10-09T11:10:00Z,Team Total (Double Faults) Home,5,"{'hdp': 1.5, 'over': '1.30'}"
75391018,2026-10-09,ATP,Shanghai,Bet365,Yi Zhou,Lorenzo Musetti,double_faults,2.5,1.9000,,2026-10-08T20:43:18Z,2026-10-09T11:10:00Z,Team Total (Double Faults) Home,5,"{'hdp': 2.5, 'over': '1.90'}"
75391018,2026-10-09,ATP,Shanghai,Bet365,Yi Zhou,Lorenzo Musetti,double_faults,4.5,6.0000,,2026-10-08T20:43:18Z,2026-10-09T11:10:00Z,Team Total (Double Faults) Home,5,"{'hdp': 4.5, 'over': '6.00'}"
75391018,2026-10-09,ATP,Shanghai,Bet365,Yi Zhou,Lorenzo Musetti,double_faults,7.5,26.0000,,2026-10-08T20:43:18Z,2026-10-09T11:10:00Z,Team Total (Double Faults) Home,5,"{'hdp': 7.5, 'over': '26.00'}"
75391018,2026-10-09,ATP,Shanghai,Bet365,Yi Zhou,Lorenzo Musetti,aces,0.5,1.0100,,2026-10-08T20:43:18Z,2026-10-09T11:10:00Z,Team Total (Aces) Home,6,"{'hdp': 0.5, 'over': '1.01'}"
75391018,2026-10-09,ATP,Shanghai,Bet365,Yi Zhou,Lorenzo Musetti,aces,2.5,1.1600,,2026-10-08T20:43:18Z,2026-10-09T11:10:00Z,Team Total (Aces) Home,6,"{'hdp': 2.5, 'over': '1.16'}"
75391018,2026-10-09,ATP,Shanghai,Bet365,Yi Zhou,Lorenzo Musetti,aces,4.5,1.5700,,2026-10-08T20:43:18Z,2026-10-09T11:10:00Z,Team Total (Aces) Home,6,"{'hdp': 4.5, 'over': '1.57'}"
75391018,2026-10-09,ATP,Shanghai,Bet365,Yi Zhou,Lorenzo Musetti,aces,9.5,5.0000,,2026-10-08T20:43:18Z,2026-10-09T11:10:00Z,Team Total (Aces) Home,6,"{'hdp': 9.5, 'over': '5.00'}"
75391018,2026-10-09,ATP,Shanghai,Bet365,Yi Zhou,Lorenzo Musetti,aces,14.5,21.0000,,2026-10-08T20:43:18Z,2026-10-09T11:10:00Z,Team Total (Aces) Home,6,"{'hdp': 14.5, 'over': '21.00'}"
75391018,2026-10-09,ATP,Shanghai,Bet365,Yi Zhou,Lorenzo Musetti,aces,19.5,26.0000,,2026-10-08T20:43:18Z,2026-10-09T11:10:00Z,Team Total (Aces) Home,6,"{'hdp': 19.5, 'over': '26.00'}"
75391018,2026-10-09,ATP,Shanghai,Bet365,Yi Zhou,Lorenzo Musetti,match_double_faults,1.5,1.0300,,2026-10-08T20:43:18Z,2026-10-09T11:10:00Z,Totals (Double Faults),7,"{'hdp': 1.5, 'over': '1.03'}"
75391018,2026-10-09,ATP,Shanghai,Bet365,Yi Zhou,Lorenzo Musetti,match_double_faults,2.5,1.1200,,2026-10-08T20:43:18Z,2026-10-09T11:10:00Z,Totals (Double Faults),7,"{'hdp': 2.5, 'over': '1.12'}"
75391018,2026-10-09,ATP,Shanghai,Bet365,Yi Zhou,Lorenzo Musetti,match_double_faults,4.5,1.6100,,2026-10-08T20:43:18Z,2026-10-09T11:10:00Z,Totals (Double Faults),7,"{'hdp': 4.5, 'over': '1.61'}"
75391018,2026-10-09,ATP,Shanghai,Bet365,Yi Zhou,Lorenzo Musetti,match_double_faults,7.5,4.3300,,2026-10-08T20:43:18Z,2026-10-09T11:10:00Z,Totals (Double Faults),7,"{'hdp': 7.5, 'over': '4.33'}"
75391018,2026-10-09,ATP,Shanghai,Bet365,Yi Zhou,Lorenzo Musetti,match_double_faults,9.5,11.0000,,2026-10-08T20:43:18Z,2026-10-09T11:10:00Z,Totals (Double Faults),7,"{'hdp': 9.5, 'over': '11.00'}"
75391018,2026-10-09,ATP,Shanghai,Bet365,Yi Zhou,Lorenzo Musetti,match_double_faults,11.5,26.0000,,2026-10-08T20:43:18Z,2026-10-09T11:10:00Z,Totals (Double Faults),7,"{'hdp': 11.5, 'over': '26.00'}"
75391018,2026-10-09,ATP,Shanghai,Bet365,Lorenzo Musetti,Yi Zhou,double_faults,0.5,1.1000,,2026-10-08T20:43:18Z,2026-10-09T11:10:00Z,Team Total (Double Faults) Away,5,"{'hdp': 0.5, 'over': '1.10'}"
75391018,2026-10-09,ATP,Shanghai,Bet365,Lorenzo Musetti,Yi Zhou,double_faults,1.5,1.4000,,2026-10-08T20:43:18Z,2026-10-09T11:10:00Z,Team Total (Double Faults) Away,5,"{'hdp': 1.5, 'over': '1.40'}"
75391018,2026-10-09,ATP,Shanghai,Bet365,Lorenzo Musetti,Yi Zhou,double_faults,2.5,2.0000,,2026-10-08T20:43:18Z,2026-10-09T11:10:00Z,Team Total (Double Faults) Away,5,"{'hdp': 2.5, 'over': '2.00'}"
75391018,2026-10-09,ATP,Shanghai,Bet365,Lorenzo Musetti,Yi Zhou,double_faults,4.5,5.5000,,2026-10-08T20:43:18Z,2026-10-09T11:10:00Z,Team Total (Double Faults) Away,5,"{'hdp': 4.5, 'over': '5.50'}"
75391018,2026-10-09,ATP,Shanghai,Bet365,Lorenzo Musetti,Yi Zhou,double_faults,7.5,26.0000,,2026-10-08T20:43:18Z,2026-10-09T11:10:00Z,Team Total (Double Faults) Away,5,"{'hdp': 7.5, 'over': '26.00'}"
75151642,2026-10-10,ATP,Shanghai,Bet365,Camilo Ugo Carabelli,Felix Auger-Aliassime,double_faults,0.5,1.0400,,2026-10-08T20:43:18Z,2026-10-10T04:00:00Z,Team Total (Double Faults) Home,5,"{'hdp': 0.5, 'over': '1.04'}"
75151642,2026-10-10,ATP,Shanghai,Bet365,Camilo Ugo Carabelli,Felix Auger-Aliassime,double_faults,1.5,1.2200,,2026-10-08T20:43:18Z,2026-10-10T04:00:00Z,Team Total (Double Faults) Home,5,"{'hdp': 1.5, 'over': '1.22'}"
75151642,2026-10-10,ATP,Shanghai,Bet365,Camilo Ugo Carabelli,Felix Auger-Aliassime,double_faults,2.5,1.6100,,2026-10-08T20:43:18Z,2026-10-10T04:00:00Z,Team Total (Double Faults) Home,5,"{'hdp': 2.5, 'over': '1.61'}"
75151642,2026-10-10,ATP,Shanghai,Bet365,Camilo Ugo Carabelli,Felix Auger-Aliassime,double_faults,4.5,4.3300,,2026-10-08T20:43:18Z,2026-10-10T04:00:00Z,Team Total (Double Faults) Home,5,"{'hdp': 4.5, 'over': '4.33'}"
75151642,2026-10-10,ATP,Shanghai,Bet365,Camilo Ugo Carabelli,Felix Auger-Aliassime,double_faults,7.5,26.0000,,2026-10-08T20:43:18Z,2026-10-10T04:00:00Z,Team Total (Double Faults) Home,5,"{'hdp': 7.5, 'over': '26.00'}"
75151642,2026-10-10,ATP,Shanghai,Bet365,Camilo Ugo Carabelli,Felix Auger-Aliassime,match_aces,9.5,1.0700,,2026-10-08T20:43:18Z,2026-10-10T04:00:00Z,Totals (Aces),9,"{'hdp': 9.5, 'over': '1.07'}"
75151642,2026-10-10,ATP,Shanghai,Bet365,Camilo Ugo Carabelli,Felix Auger-Aliassime,match_aces,14.5,1.3600,,2026-10-08T20:43:18Z,2026-10-10T04:00:00Z,Totals (Aces),9,"{'hdp': 14.5, 'over': '1.36'}"
75151642,2026-10-10,ATP,Shanghai,Bet365,Camilo Ugo Carabelli,Felix Auger-Aliassime,match_aces,19.5,2.0000,,2026-10-08T20:43:18Z,2026-10-10T04:00:00Z,Totals (Aces),9,"{'hdp': 19.5, 'over': '2.00'}"
75151642,2026-10-10,ATP,Shanghai,Bet365,Camilo Ugo Carabelli,Felix Auger-Aliassime,match_aces,24.5,3.4000,,2026-10-08T20:43:18Z,2026-10-10T04:00:00Z,Totals (Aces),9,"{'hdp': 24.5, 'over': '3.40'}"
75151642,2026-10-10,ATP,Shanghai,Bet365,Camilo Ugo Carabelli,Felix Auger-Aliassime,match_aces,29.5,6.0000,,2026-10-08T20:43:18Z,2026-10-10T04:00:00Z,Totals (Aces),9,"{'hdp': 29.5, 'over': '6.00'}"
75151642,2026-10-10,ATP,Shanghai,Bet365,Camilo Ugo Carabelli,Felix Auger-Aliassime,match_aces,39.5,21.0000,,2026-10-08T20:43:18Z,2026-10-10T04:00:00Z,Totals (Aces),9,"{'hdp': 39.5, 'over': '21.00'}"
75151642,2026-10-10,ATP,Shanghai,Bet365,Camilo Ugo Carabelli,Felix Auger-Aliassime,match_aces,49.5,26.0000,,2026-10-08T20:43:18Z,2026-10-10T04:00:00Z,Totals (Aces),9,"{'hdp': 49.5, 'over': '26.00'}"
75151642,2026-10-10,ATP,Shanghai,Bet365,Camilo Ugo Carabelli,Felix Auger-Aliassime,match_double_faults,1.5,1.0300,,2026-10-08T20:43:18Z,2026-10-10T04:00:00Z,Totals (Double Faults),7,"{'hdp': 1.5, 'over': '1.03'}"
75151642,2026-10-10,ATP,Shanghai,Bet365,Camilo Ugo Carabelli,Felix Auger-Aliassime,match_double_faults,2.5,1.1200,,2026-10-08T20:43:18Z,2026-10-10T04:00:00Z,Totals (Double Faults),7,"{'hdp': 2.5, 'over': '1.12'}"
75151642,2026-10-10,ATP,Shanghai,Bet365,Camilo Ugo Carabelli,Felix Auger-Aliassime,match_double_faults,4.5,1.6600,,2026-10-08T20:43:18Z,2026-10-10T04:00:00Z,Totals (Double Faults),7,"{'hdp': 4.5, 'over': '1.66'}"
75151642,2026-10-10,ATP,Shanghai,Bet365,Camilo Ugo Carabelli,Felix Auger-Aliassime,match_double_faults,7.5,4.5000,,2026-10-08T20:43:18Z,2026-10-10T04:00:00Z,Totals (Double Faults),7,"{'hdp': 7.5, 'over': '4.50'}"
75151642,2026-10-10,ATP,Shanghai,Bet365,Camilo Ugo Carabelli,Felix Auger-Aliassime,match_double_faults,9.5,11.0000,,2026-10-08T20:43:18Z,2026-10-10T04:00:00Z,Totals (Double Faults),7,"{'hdp': 9.5, 'over': '11.00'}"
75151642,2026-10-10,ATP,Shanghai,Bet365,Camilo Ugo Carabelli,Felix Auger-Aliassime,match_double_faults,11.5,26.0000,,2026-10-08T20:43:18Z,2026-10-10T04:00:00Z,Totals (Double Faults),7,"{'hdp': 11.5, 'over': '26.00'}"
75151642,2026-10-10,ATP,Shanghai,Bet365,Felix Auger-Aliassime,Camilo Ugo Carabelli,aces,4.5,1.0400,,2026-10-08T20:43:18Z,2026-10-10T04:00:00Z,Team Total (Aces) Away,9,"{'hdp': 4.5, 'over': '1.04'}"
75151642,2026-10-10,ATP,Shanghai,Bet365,Felix Auger-Aliassime,Camilo Ugo Carabelli,aces,9.5,1.3600,,2026-10-08T20:43:18Z,2026-10-10T04:00:00Z,Team Total (Aces) Away,9,"{'hdp': 9.5, 'over': '1.36'}"
75151642,2026-10-10,ATP,Shanghai,Bet365,Felix Auger-Aliassime,Camilo Ugo Carabelli,aces,14.5,2.2500,,2026-10-08T20:43:18Z,2026-10-10T04:00:00Z,Team Total (Aces) Away,9,"{'hdp': 14.5, 'over': '2.25'}"
75151642,2026-10-10,ATP,Shanghai,Bet365,Felix Auger-Aliassime,Camilo Ugo Carabelli,aces,19.5,4.5000,,2026-10-08T20:43:18Z,2026-10-10T04:00:00Z,Team Total (Aces) Away,9,"{'hdp': 19.5, 'over': '4.50'}"
75151642,2026-10-10,ATP,Shanghai,Bet365,Felix Auger-Aliassime,Camilo Ugo Carabelli,aces,24.5,10.0000,,2026-10-08T20:43:18Z,2026-10-10T04:00:00Z,Team Total (Aces) Away,9,"{'hdp': 24.5, 'over': '10.00'}"
75151642,2026-10-10,ATP,Shanghai,Bet365,Felix Auger-Aliassime,Camilo Ugo Carabelli,aces,29.5,21.0000,,2026-10-08T20:43:18Z,2026-10-10T04:00:00Z,Team Total (Aces) Away,9,"{'hdp': 29.5, 'over': '21.00'}"
75151642,2026-10-10,ATP,Shanghai,Bet365,Felix Auger-Aliassime,Camilo Ugo Carabelli,aces,39.5,26.0000,,2026-10-08T20:43:18Z,2026-10-10T04:00:00Z,Team Total (Aces) Away,9,"{'hdp': 39.5, 'over': '26.00'}"
75151642,2026-10-10,ATP,Shanghai,Bet365,Felix Auger-Aliassime,Camilo Ugo Carabelli,double_faults,0.5,1.1400,,2026-10-08T20:43:18Z,2026-10-10T04:00:00Z,Team Total (Double Faults) Away,5,"{'hdp': 0.5, 'over': '1.14'}"
75151642,2026-10-10,ATP,Shanghai,Bet365,Felix Auger-Aliassime,Camilo Ugo Carabelli,double_faults,1.5,1.6100,,2026-10-08T20:43:18Z,2026-10-10T04:00:00Z,Team Total (Double Faults) Away,5,"{'hdp': 1.5, 'over': '1.61'}"
75151642,2026-10-10,ATP,Shanghai,Bet365,Felix Auger-Aliassime,Camilo Ugo Carabelli,double_faults,2.5,2.5000,,2026-10-08T20:43:18Z,2026-10-10T04:00:00Z,Team Total (Double Faults) Away,5,"{'hdp': 2.5, 'over': '2.50'}"
75151642,2026-10-10,ATP,Shanghai,Bet365,Felix Auger-Aliassime,Camilo Ugo Carabelli,double_faults,4.5,8.0000,,2026-10-08T20:43:18Z,2026-10-10T04:00:00Z,Team Total (Double Faults) Away,5,"{'hdp': 4.5, 'over': '8.00'}"
75151642,2026-10-10,ATP,Shanghai,Bet365,Felix Auger-Aliassime,Camilo Ugo Carabelli,double_faults,7.5,26.0000,,2026-10-08T20:43:18Z,2026-10-10T04:00:00Z,Team Total (Double Faults) Away,5,"{'hdp': 7.5, 'over': '26.00'}"
75151642,2026-10-10,ATP,Shanghai,Bet365,Camilo Ugo Carabelli,Felix Auger-Aliassime,aces,0.5,1.0100,,2026-10-08T20:43:18Z,2026-10-10T04:00:00Z,Team Total (Aces) Home,6,"{'hdp': 0.5, 'over': '1.01'}"
75151642,2026-10-10,ATP,Shanghai,Bet365,Camilo Ugo Carabelli,Felix Auger-Aliassime,aces,2.5,1.1800,,2026-10-08T20:43:18Z,2026-10-10T04:00:00Z,Team Total (Aces) Home,6,"{'hdp': 2.5, 'over': '1.18'}"
75151642,2026-10-10,ATP,Shanghai,Bet365,Camilo Ugo Carabelli,Felix Auger-Aliassime,aces,4.5,1.5700,,2026-10-08T20:43:18Z,2026-10-10T04:00:00Z,Team Total (Aces) Home,6,"{'hdp': 4.5, 'over': '1.57'}"
75151642,2026-10-10,ATP,Shanghai,Bet365,Camilo Ugo Carabelli,Felix Auger-Aliassime,aces,9.5,5.0000,,2026-10-08T20:43:18Z,2026-10-10T04:00:00Z,Team Total (Aces) Home,6,"{'hdp': 9.5, 'over': '5.00'}"
75151642,2026-10-10,ATP,Shanghai,Bet365,Camilo Ugo Carabelli,Felix Auger-Aliassime,aces,14.5,19.0000,,2026-10-08T20:43:18Z,2026-10-10T04:00:00Z,Team Total (Aces) Home,6,"{'hdp': 14.5, 'over': '19.00'}"
75151642,2026-10-10,ATP,Shanghai,Bet365,Camilo Ugo Carabelli,Felix Auger-Aliassime,aces,19.5,26.0000,,2026-10-08T20:43:18Z,2026-10-10T04:00:00Z,Team Total (Aces) Home,6,"{'hdp': 19.5, 'over': '26.00'}"
75151628,2026-10-10,ATP,Shanghai,Bet365,Arthur Fils,Pavel Kotov,double_faults,0.5,1.0800,,2026-10-08T20:43:18Z,2026-10-10T04:00:00Z,Team Total (Double Faults) Home,6,"{'hdp': 0.5, 'over': '1.08'}"
75151628,2026-10-10,ATP,Shanghai,Bet365,Arthur Fils,Pavel Kotov,double_faults,1.5,1.3600,,2026-10-08T20:43:18Z,2026-10-10T04:00:00Z,Team Total (Double Faults) Home,6,"{'hdp': 1.5, 'over': '1.36'}"
75151628,2026-10-10,ATP,Shanghai,Bet365,Arthur Fils,Pavel Kotov,double_faults,2.5,1.9000,,2026-10-08T20:43:18Z,2026-10-10T04:00:00Z,Team Total (Double Faults) Home,6,"{'hdp': 2.5, 'over': '1.90'}"
75151628,2026-10-10,ATP,Shanghai,Bet365,Arthur Fils,Pavel Kotov,double_faults,4.5,5.0000,,2026-10-08T20:43:18Z,2026-10-10T04:00:00Z,Team Total (Double Faults) Home,6,"{'hdp': 4.5, 'over': '5.00'}"
75151628,2026-10-10,ATP,Shanghai,Bet365,Arthur Fils,Pavel Kotov,double_faults,7.5,23.0000,,2026-10-08T20:43:18Z,2026-10-10T04:00:00Z,Team Total (Double Faults) Home,6,"{'hdp': 7.5, 'over': '23.00'}"
75151628,2026-10-10,ATP,Shanghai,Bet365,Arthur Fils,Pavel Kotov,double_faults,9.5,26.0000,,2026-10-08T20:43:18Z,2026-10-10T04:00:00Z,Team Total (Double Faults) Home,6,"{'hdp': 9.5, 'over': '26.00'}"
75151628,2026-10-10,ATP,Shanghai,Bet365,Arthur Fils,Pavel Kotov,match_double_faults,1.5,1.0300,,2026-10-08T20:43:18Z,2026-10-10T04:00:00Z,Totals (Double Faults),8,"{'hdp': 1.5, 'over': '1.03'}"
75151628,2026-10-10,ATP,Shanghai,Bet365,Arthur Fils,Pavel Kotov,match_double_faults,2.5,1.1200,,2026-10-08T20:43:18Z,2026-10-10T04:00:00Z,Totals (Double Faults),8,"{'hdp': 2.5, 'over': '1.12'}"
75151628,2026-10-10,ATP,Shanghai,Bet365,Arthur Fils,Pavel Kotov,match_double_faults,4.5,1.6100,,2026-10-08T20:43:18Z,2026-10-10T04:00:00Z,Totals (Double Faults),8,"{'hdp': 4.5, 'over': '1.61'}"
75151628,2026-10-10,ATP,Shanghai,Bet365,Arthur Fils,Pavel Kotov,match_double_faults,7.5,4.3300,,2026-10-08T20:43:18Z,2026-10-10T04:00:00Z,Totals (Double Faults),8,"{'hdp': 7.5, 'over': '4.33'}"
75151628,2026-10-10,ATP,Shanghai,Bet365,Arthur Fils,Pavel Kotov,match_double_faults,9.5,11.0000,,2026-10-08T20:43:18Z,2026-10-10T04:00:00Z,Totals (Double Faults),8,"{'hdp': 9.5, 'over': '11.00'}"
75151628,2026-10-10,ATP,Shanghai,Bet365,Arthur Fils,Pavel Kotov,match_double_faults,11.5,23.0000,,2026-10-08T20:43:18Z,2026-10-10T04:00:00Z,Totals (Double Faults),8,"{'hdp': 11.5, 'over': '23.00'}"
75151628,2026-10-10,ATP,Shanghai,Bet365,Arthur Fils,Pavel Kotov,match_double_faults,14.5,26.0000,,2026-10-08T20:43:18Z,2026-10-10T04:00:00Z,Totals (Double Faults),8,"{'hdp': 14.5, 'over': '26.00'}"
75151628,2026-10-10,ATP,Shanghai,Bet365,Pavel Kotov,Arthur Fils,double_faults,0.5,1.0700,,2026-10-08T20:43:18Z,2026-10-10T04:00:00Z,Team Total (Double Faults) Away,5,"{'hdp': 0.5, 'over': '1.07'}"
75151628,2026-10-10,ATP,Shanghai,Bet365,Pavel Kotov,Arthur Fils,double_faults,1.5,1.3600,,2026-10-08T20:43:18Z,2026-10-10T04:00:00Z,Team Total (Double Faults) Away,5,"{'hdp': 1.5, 'over': '1.36'}"
75151628,2026-10-10,ATP,Shanghai,Bet365,Pavel Kotov,Arthur Fils,double_faults,2.5,2.0000,,2026-10-08T20:43:18Z,2026-10-10T04:00:00Z,Team Total (Double Faults) Away,5,"{'hdp': 2.5, 'over': '2.00'}"
75151628,2026-10-10,ATP,Shanghai,Bet365,Pavel Kotov,Arthur Fils,double_faults,4.5,6.5000,,2026-10-08T20:43:18Z,2026-10-10T04:00:00Z,Team Total (Double Faults) Away,5,"{'hdp': 4.5, 'over': '6.50'}"
75151628,2026-10-10,ATP,Shanghai,Bet365,Pavel Kotov,Arthur Fils,double_faults,7.5,26.0000,,2026-10-08T20:43:18Z,2026-10-10T04:00:00Z,Team Total (Double Faults) Away,5,"{'hdp': 7.5, 'over': '26.00'}"
75408688,2026-10-10,ATP,Shanghai,Bet365,Thiago Agustin Tirante,Rafael Jodar,match_aces,2.5,1.0200,,2026-10-08T20:43:18Z,2026-10-10T04:00:00Z,Totals (Aces),7,"{'hdp': 2.5, 'over': '1.02'}"
75408688,2026-10-10,ATP,Shanghai,Bet365,Thiago Agustin Tirante,Rafael Jodar,match_aces,4.5,1.1000,,2026-10-08T20:43:18Z,2026-10-10T04:00:00Z,Totals (Aces),7,"{'hdp': 4.5, 'over': '1.10'}"
75408688,2026-10-10,ATP,Shanghai,Bet365,Thiago Agustin Tirante,Rafael Jodar,match_aces,9.5,1.8000,,2026-10-08T20:43:18Z,2026-10-10T04:00:00Z,Totals (Aces),7,"{'hdp': 9.5, 'over': '1.80'}"
75408688,2026-10-10,ATP,Shanghai,Bet365,Thiago Agustin Tirante,Rafael Jodar,match_aces,14.5,3.7500,,2026-10-08T20:43:18Z,2026-10-10T04:00:00Z,Totals (Aces),7,"{'hdp': 14.5, 'over': '3.75'}"
75408688,2026-10-10,ATP,Shanghai,Bet365,Thiago Agustin Tirante,Rafael Jodar,match_aces,19.5,11.0000,,2026-10-08T20:43:18Z,2026-10-10T04:00:00Z,Totals (Aces),7,"{'hdp': 19.5, 'over': '11.00'}"
75408688,2026-10-10,ATP,Shanghai,Bet365,Thiago Agustin Tirante,Rafael Jodar,match_aces,24.5,26.0000,,2026-10-08T20:43:18Z,2026-10-10T04:00:00Z,Totals (Aces),7,"{'hdp': 24.5, 'over': '26.00'}"
75408688,2026-10-10,ATP,Shanghai,Bet365,Rafael Jodar,Thiago Agustin Tirante,aces,0.5,1.0400,,2026-10-08T20:43:18Z,2026-10-10T04:00:00Z,Team Total (Aces) Away,4,"{'hdp': 0.5, 'over': '1.04'}"
75408688,2026-10-10,ATP,Shanghai,Bet365,Rafael Jodar,Thiago Agustin Tirante,aces,2.5,1.5700,,2026-10-08T20:43:18Z,2026-10-10T04:00:00Z,Team Total (Aces) Away,4,"{'hdp': 2.5, 'over': '1.57'}"
75408688,2026-10-10,ATP,Shanghai,Bet365,Rafael Jodar,Thiago Agustin Tirante,aces,4.5,3.2500,,2026-10-08T20:43:18Z,2026-10-10T04:00:00Z,Team Total (Aces) Away,4,"{'hdp': 4.5, 'over': '3.25'}"
75408688,2026-10-10,ATP,Shanghai,Bet365,Rafael Jodar,Thiago Agustin Tirante,aces,9.5,26.0000,,2026-10-08T20:43:18Z,2026-10-10T04:00:00Z,Team Total (Aces) Away,4,"{'hdp': 9.5, 'over': '26.00'}"
75408688,2026-10-10,ATP,Shanghai,Bet365,Thiago Agustin Tirante,Rafael Jodar,match_double_faults,1.5,1.0300,,2026-10-08T20:43:18Z,2026-10-10T04:00:00Z,Totals (Double Faults),7,"{'hdp': 1.5, 'over': '1.03'}"
75408688,2026-10-10,ATP,Shanghai,Bet365,Thiago Agustin Tirante,Rafael Jodar,match_double_faults,2.5,1.1100,,2026-10-08T20:43:18Z,2026-10-10T04:00:00Z,Totals (Double Faults),7,"{'hdp': 2.5, 'over': '1.11'}"
75408688,2026-10-10,ATP,Shanghai,Bet365,Thiago Agustin Tirante,Rafael Jodar,match_double_faults,4.5,1.5700,,2026-10-08T20:43:18Z,2026-10-10T04:00:00Z,Totals (Double Faults),7,"{'hdp': 4.5, 'over': '1.57'}"
75408688,2026-10-10,ATP,Shanghai,Bet365,Thiago Agustin Tirante,Rafael Jodar,match_double_faults,7.5,4.3300,,2026-10-08T20:43:18Z,2026-10-10T04:00:00Z,Totals (Double Faults),7,"{'hdp': 7.5, 'over': '4.33'}"
75408688,2026-10-10,ATP,Shanghai,Bet365,Thiago Agustin Tirante,Rafael Jodar,match_double_faults,9.5,11.0000,,2026-10-08T20:43:18Z,2026-10-10T04:00:00Z,Totals (Double Faults),7,"{'hdp': 9.5, 'over': '11.00'}"
75408688,2026-10-10,ATP,Shanghai,Bet365,Thiago Agustin Tirante,Rafael Jodar,match_double_faults,11.5,26.0000,,2026-10-08T20:43:18Z,2026-10-10T04:00:00Z,Totals (Double Faults),7,"{'hdp': 11.5, 'over': '26.00'}"
75408688,2026-10-10,ATP,Shanghai,Bet365,Thiago Agustin Tirante,Rafael Jodar,aces,2.5,1.1000,,2026-10-08T20:43:18Z,2026-10-10T04:00:00Z,Team Total (Aces) Home,6,"{'hdp': 2.5, 'over': '1.10'}"
75408688,2026-10-10,ATP,Shanghai,Bet365,Thiago Agustin Tirante,Rafael Jodar,aces,4.5,1.3600,,2026-10-08T20:43:18Z,2026-10-10T04:00:00Z,Team Total (Aces) Home,6,"{'hdp': 4.5, 'over': '1.36'}"
75408688,2026-10-10,ATP,Shanghai,Bet365,Thiago Agustin Tirante,Rafael Jodar,aces,9.5,3.4000,,2026-10-08T20:43:18Z,2026-10-10T04:00:00Z,Team Total (Aces) Home,6,"{'hdp': 9.5, 'over': '3.40'}"
75408688,2026-10-10,ATP,Shanghai,Bet365,Thiago Agustin Tirante,Rafael Jodar,aces,14.5,11.0000,,2026-10-08T20:43:18Z,2026-10-10T04:00:00Z,Team Total (Aces) Home,6,"{'hdp': 14.5, 'over': '11.00'}"
75408688,2026-10-10,ATP,Shanghai,Bet365,Thiago Agustin Tirante,Rafael Jodar,aces,19.5,26.0000,,2026-10-08T20:43:18Z,2026-10-10T04:00:00Z,Team Total (Aces) Home,6,"{'hdp': 19.5, 'over': '26.00'}"
75408688,2026-10-10,ATP,Shanghai,Bet365,Rafael Jodar,Thiago Agustin Tirante,double_faults,0.5,1.1200,,2026-10-08T20:43:18Z,2026-10-10T04:00:00Z,Team Total (Double Faults) Away,5,"{'hdp': 0.5, 'over': '1.12'}"
75408688,2026-10-10,ATP,Shanghai,Bet365,Rafael Jodar,Thiago Agustin Tirante,double_faults,1.5,1.5300,,2026-10-08T20:43:18Z,2026-10-10T04:00:00Z,Team Total (Double Faults) Away,5,"{'hdp': 1.5, 'over': '1.53'}"
75408688,2026-10-10,ATP,Shanghai,Bet365,Rafael Jodar,Thiago Agustin Tirante,double_faults,2.5,2.5000,,2026-10-08T20:43:18Z,2026-10-10T04:00:00Z,Team Total (Double Faults) Away,5,"{'hdp': 2.5, 'over': '2.50'}"
75408688,2026-10-10,ATP,Shanghai,Bet365,Rafael Jodar,Thiago Agustin Tirante,double_faults,4.5,8.0000,,2026-10-08T20:43:18Z,2026-10-10T04:00:00Z,Team Total (Double Faults) Away,5,"{'hdp': 4.5, 'over': '8.00'}"
75408688,2026-10-10,ATP,Shanghai,Bet365,Rafael Jodar,Thiago Agustin Tirante,double_faults,7.5,26.0000,,2026-10-08T20:43:18Z,2026-10-10T04:00:00Z,Team Total (Double Faults) Away,5,"{'hdp': 7.5, 'over': '26.00'}"
75408688,2026-10-10,ATP,Shanghai,Bet365,Thiago Agustin Tirante,Rafael Jodar,double_faults,0.5,1.0400,,2026-10-08T20:43:18Z,2026-10-10T04:00:00Z,Team Total (Double Faults) Home,6,"{'hdp': 0.5, 'over': '1.04'}"
75408688,2026-10-10,ATP,Shanghai,Bet365,Thiago Agustin Tirante,Rafael Jodar,double_faults,1.5,1.2000,,2026-10-08T20:43:18Z,2026-10-10T04:00:00Z,Team Total (Double Faults) Home,6,"{'hdp': 1.5, 'over': '1.20'}"
75408688,2026-10-10,ATP,Shanghai,Bet365,Thiago Agustin Tirante,Rafael Jodar,double_faults,2.5,1.6100,,2026-10-08T20:43:18Z,2026-10-10T04:00:00Z,Team Total (Double Faults) Home,6,"{'hdp': 2.5, 'over': '1.61'}"
75408688,2026-10-10,ATP,Shanghai,Bet365,Thiago Agustin Tirante,Rafael Jodar,double_faults,4.5,3.7500,,2026-10-08T20:43:18Z,2026-10-10T04:00:00Z,Team Total (Double Faults) Home,6,"{'hdp': 4.5, 'over': '3.75'}"
75408688,2026-10-10,ATP,Shanghai,Bet365,Thiago Agustin Tirante,Rafael Jodar,double_faults,7.5,21.0000,,2026-10-08T20:43:18Z,2026-10-10T04:00:00Z,Team Total (Double Faults) Home,6,"{'hdp': 7.5, 'over': '21.00'}"
75408688,2026-10-10,ATP,Shanghai,Bet365,Thiago Agustin Tirante,Rafael Jodar,double_faults,9.5,26.0000,,2026-10-08T20:43:18Z,2026-10-10T04:00:00Z,Team Total (Double Faults) Home,6,"{'hdp': 9.5, 'over': '26.00'}"
75408692,2026-10-10,ATP,Shanghai,Bet365,Learner Tien,Zachary Svajda,aces,0.5,1.0100,,2026-10-08T20:43:18Z,2026-10-10T04:00:00Z,Team Total (Aces) Home,5,"{'hdp': 0.5, 'over': '1.01'}"
75408692,2026-10-10,ATP,Shanghai,Bet365,Learner Tien,Zachary Svajda,aces,2.5,1.1600,,2026-10-08T20:43:18Z,2026-10-10T04:00:00Z,Team Total (Aces) Home,5,"{'hdp': 2.5, 'over': '1.16'}"
75408692,2026-10-10,ATP,Shanghai,Bet365,Learner Tien,Zachary Svajda,aces,4.5,1.6100,,2026-10-08T20:43:18Z,2026-10-10T04:00:00Z,Team Total (Aces) Home,5,"{'hdp': 4.5, 'over': '1.61'}"
75408692,2026-10-10,ATP,Shanghai,Bet365,Learner Tien,Zachary Svajda,aces,9.5,7.0000,,2026-10-08T20:43:18Z,2026-10-10T04:00:00Z,Team Total (Aces) Home,5,"{'hdp': 9.5, 'over': '7.00'}"
75408692,2026-10-10,ATP,Shanghai,Bet365,Learner Tien,Zachary Svajda,aces,14.5,26.0000,,2026-10-08T20:43:18Z,2026-10-10T04:00:00Z,Team Total (Aces) Home,5,"{'hdp': 14.5, 'over': '26.00'}"
75408692,2026-10-10,ATP,Shanghai,Bet365,Learner Tien,Zachary Svajda,match_aces,4.5,1.0400,,2026-10-08T20:43:18Z,2026-10-10T04:00:00Z,Totals (Aces),9,"{'hdp': 4.5, 'over': '1.04'}"
75408692,2026-10-10,ATP,Shanghai,Bet365,Learner Tien,Zachary Svajda,match_aces,9.5,1.4000,,2026-10-08T20:43:18Z,2026-10-10T04:00:00Z,Totals (Aces),9,"{'hdp': 9.5, 'over': '1.40'}"
75408692,2026-10-10,ATP,Shanghai,Bet365,Learner Tien,Zachary Svajda,match_aces,14.5,2.3700,,2026-10-08T20:43:18Z,2026-10-10T04:00:00Z,Totals (Aces),9,"{'hdp': 14.5, 'over': '2.37'}"
75408692,2026-10-10,ATP,Shanghai,Bet365,Learner Tien,Zachary Svajda,match_aces,19.5,5.0000,,2026-10-08T20:43:18Z,2026-10-10T04:00:00Z,Totals (Aces),9,"{'hdp': 19.5, 'over': '5.00'}"
75408692,2026-10-10,ATP,Shanghai,Bet365,Learner Tien,Zachary Svajda,match_aces,24.5,11.0000,,2026-10-08T20:43:18Z,2026-10-10T04:00:00Z,Totals (Aces),9,"{'hdp': 24.5, 'over': '11.00'}"
75408692,2026-10-10,ATP,Shanghai,Bet365,Learner Tien,Zachary Svajda,match_aces,29.5,23.0000,,2026-10-08T20:43:18Z,2026-10-10T04:00:00Z,Totals (Aces),9,"{'hdp': 29.5, 'over': '23.00'}"
75408692,2026-10-10,ATP,Shanghai,Bet365,Learner Tien,Zachary Svajda,match_aces,39.5,26.0000,,2026-10-08T20:43:18Z,2026-10-10T04:00:00Z,Totals (Aces),9,"{'hdp': 39.5, 'over': '26.00'}"
75408692,2026-10-10,ATP,Shanghai,Bet365,Learner Tien,Zachary Svajda,double_faults,0.5,1.1100,,2026-10-08T20:43:18Z,2026-10-10T04:00:00Z,Team Total (Double Faults) Home,5,"{'hdp': 0.5, 'over': '1.11'}"
75408692,2026-10-10,ATP,Shanghai,Bet365,Learner Tien,Zachary Svajda,double_faults,1.5,1.4400,,2026-10-08T20:43:18Z,2026-10-10T04:00:00Z,Team Total (Double Faults) Home,5,"{'hdp': 1.5, 'over': '1.44'}"
75408692,2026-10-10,ATP,Shanghai,Bet365,Learner Tien,Zachary Svajda,double_faults,2.5,2.2000,,2026-10-08T20:43:18Z,2026-10-10T04:00:00Z,Team Total (Double Faults) Home,5,"{'hdp': 2.5, 'over': '2.20'}"
75408692,2026-10-10,ATP,Shanghai,Bet365,Learner Tien,Zachary Svajda,double_faults,4.5,6.5000,,2026-10-08T20:43:18Z,2026-10-10T04:00:00Z,Team Total (Double Faults) Home,5,"{'hdp': 4.5, 'over': '6.50'}"
75408692,2026-10-10,ATP,Shanghai,Bet365,Learner Tien,Zachary Svajda,double_faults,7.5,26.0000,,2026-10-08T20:43:18Z,2026-10-10T04:00:00Z,Team Total (Double Faults) Home,5,"{'hdp': 7.5, 'over': '26.00'}"
75408692,2026-10-10,ATP,Shanghai,Bet365,Learner Tien,Zachary Svajda,match_double_faults,1.5,1.0400,,2026-10-08T20:43:18Z,2026-10-10T04:00:00Z,Totals (Double Faults),7,"{'hdp': 1.5, 'over': '1.04'}"
75408692,2026-10-10,ATP,Shanghai,Bet365,Learner Tien,Zachary Svajda,match_double_faults,2.5,1.1400,,2026-10-08T20:43:18Z,2026-10-10T04:00:00Z,Totals (Double Faults),7,"{'hdp': 2.5, 'over': '1.14'}"
75408692,2026-10-10,ATP,Shanghai,Bet365,Learner Tien,Zachary Svajda,match_double_faults,4.5,1.7200,,2026-10-08T20:43:18Z,2026-10-10T04:00:00Z,Totals (Double Faults),7,"{'hdp': 4.5, 'over': '1.72'}"
75408692,2026-10-10,ATP,Shanghai,Bet365,Learner Tien,Zachary Svajda,match_double_faults,7.5,5.5000,,2026-10-08T20:43:18Z,2026-10-10T04:00:00Z,Totals (Double Faults),7,"{'hdp': 7.5, 'over': '5.50'}"
75408692,2026-10-10,ATP,Shanghai,Bet365,Learner Tien,Zachary Svajda,match_double_faults,9.5,13.0000,,2026-10-08T20:43:18Z,2026-10-10T04:00:00Z,Totals (Double Faults),7,"{'hdp': 9.5, 'over': '13.00'}"
75408692,2026-10-10,ATP,Shanghai,Bet365,Learner Tien,Zachary Svajda,match_double_faults,11.5,26.0000,,2026-10-08T20:43:18Z,2026-10-10T04:00:00Z,Totals (Double Faults),7,"{'hdp': 11.5, 'over': '26.00'}"
75408692,2026-10-10,ATP,Shanghai,Bet365,Zachary Svajda,Learner Tien,aces,2.5,1.0800,,2026-10-08T20:43:18Z,2026-10-10T04:00:00Z,Team Total (Aces) Away,6,"{'hdp': 2.5, 'over': '1.08'}"
75408692,2026-10-10,ATP,Shanghai,Bet365,Zachary Svajda,Learner Tien,aces,4.5,1.3000,,2026-10-08T20:43:18Z,2026-10-10T04:00:00Z,Team Total (Aces) Away,6,"{'hdp': 4.5, 'over': '1.30'}"
75408692,2026-10-10,ATP,Shanghai,Bet365,Zachary Svajda,Learner Tien,aces,9.5,3.0000,,2026-10-08T20:43:18Z,2026-10-10T04:00:00Z,Team Total (Aces) Away,6,"{'hdp': 9.5, 'over': '3.00'}"
75408692,2026-10-10,ATP,Shanghai,Bet365,Zachary Svajda,Learner Tien,aces,14.5,9.0000,,2026-10-08T20:43:18Z,2026-10-10T04:00:00Z,Team Total (Aces) Away,6,"{'hdp': 14.5, 'over': '9.00'}"
75408692,2026-10-10,ATP,Shanghai,Bet365,Zachary Svajda,Learner Tien,aces,19.5,26.0000,,2026-10-08T20:43:18Z,2026-10-10T04:00:00Z,Team Total (Aces) Away,6,"{'hdp': 19.5, 'over': '26.00'}"
75408692,2026-10-10,ATP,Shanghai,Bet365,Zachary Svajda,Learner Tien,double_faults,0.5,1.0700,,2026-10-08T20:43:18Z,2026-10-10T04:00:00Z,Team Total (Double Faults) Away,5,"{'hdp': 0.5, 'over': '1.07'}"
75408692,2026-10-10,ATP,Shanghai,Bet365,Zachary Svajda,Learner Tien,double_faults,1.5,1.3600,,2026-10-08T20:43:18Z,2026-10-10T04:00:00Z,Team Total (Double Faults) Away,5,"{'hdp': 1.5, 'over': '1.36'}"
75408692,2026-10-10,ATP,Shanghai,Bet365,Zachary Svajda,Learner Tien,double_faults,2.5,2.0000,,2026-10-08T20:43:18Z,2026-10-10T04:00:00Z,Team Total (Double Faults) Away,5,"{'hdp': 2.5, 'over': '2.00'}"
75408692,2026-10-10,ATP,Shanghai,Bet365,Zachary Svajda,Learner Tien,double_faults,4.5,6.5000,,2026-10-08T20:43:18Z,2026-10-10T04:00:00Z,Team Total (Double Faults) Away,5,"{'hdp': 4.5, 'over': '6.50'}"
75408692,2026-10-10,ATP,Shanghai,Bet365,Zachary Svajda,Learner Tien,double_faults,7.5,26.0000,,2026-10-08T20:43:18Z,2026-10-10T04:00:00Z,Team Total (Double Faults) Away,5,"{'hdp': 7.5, 'over': '26.00'}"
75151600,2026-10-10,ATP,Shanghai,Bet365,Stefanos Tsitsipas,Luciano Darderi,aces,4.5,1.0400,,2026-10-08T20:43:18Z,2026-10-10T04:00:00Z,Team Total (Aces) Away,9,"{'hdp': 4.5, 'over': '1.04'}"
75151600,2026-10-10,ATP,Shanghai,Bet365,Stefanos Tsitsipas,Luciano Darderi,aces,9.5,1.3600,,2026-10-08T20:43:18Z,2026-10-10T04:00:00Z,Team Total (Aces) Away,9,"{'hdp': 9.5, 'over': '1.36'}"
75151600,2026-10-10,ATP,Shanghai,Bet365,Stefanos Tsitsipas,Luciano Darderi,aces,14.5,2.2000,,2026-10-08T20:43:18Z,2026-10-10T04:00:00Z,Team Total (Aces) Away,9,"{'hdp': 14.5, 'over': '2.20'}"
75151600,2026-10-10,ATP,Shanghai,Bet365,Stefanos Tsitsipas,Luciano Darderi,aces,19.5,4.0000,,2026-10-08T20:43:18Z,2026-10-10T04:00:00Z,Team Total (Aces) Away,9,"{'hdp': 19.5, 'over': '4.00'}"
75151600,2026-10-10,ATP,Shanghai,Bet365,Stefanos Tsitsipas,Luciano Darderi,aces,24.5,8.0000,,2026-10-08T20:43:18Z,2026-10-10T04:00:00Z,Team Total (Aces) Away,9,"{'hdp': 24.5, 'over': '8.00'}"
75151600,2026-10-10,ATP,Shanghai,Bet365,Stefanos Tsitsipas,Luciano Darderi,aces,29.5,17.0000,,2026-10-08T20:43:18Z,2026-10-10T04:00:00Z,Team Total (Aces) Away,9,"{'hdp': 29.5, 'over': '17.00'}"
75151600,2026-10-10,ATP,Shanghai,Bet365,Stefanos Tsitsipas,Luciano Darderi,aces,39.5,26.0000,,2026-10-08T20:43:18Z,2026-10-10T04:00:00Z,Team Total (Aces) Away,9,"{'hdp': 39.5, 'over': '26.00'}"
75151600,2026-10-10,ATP,Shanghai,Bet365,Luciano Darderi,Stefanos Tsitsipas,double_faults,0.5,1.0200,,2026-10-08T20:43:18Z,2026-10-10T04:00:00Z,Team Total (Double Faults) Home,6,"{'hdp': 0.5, 'over': '1.02'}"
75151600,2026-10-10,ATP,Shanghai,Bet365,Luciano Darderi,Stefanos Tsitsipas,double_faults,1.5,1.1600,,2026-10-08T20:43:18Z,2026-10-10T04:00:00Z,Team Total (Double Faults) Home,6,"{'hdp': 1.5, 'over': '1.16'}"
75151600,2026-10-10,ATP,Shanghai,Bet365,Luciano Darderi,Stefanos Tsitsipas,double_faults,2.5,1.4400,,2026-10-08T20:43:18Z,2026-10-10T04:00:00Z,Team Total (Double Faults) Home,6,"{'hdp': 2.5, 'over': '1.44'}"
75151600,2026-10-10,ATP,Shanghai,Bet365,Luciano Darderi,Stefanos Tsitsipas,double_faults,4.5,3.2500,,2026-10-08T20:43:18Z,2026-10-10T04:00:00Z,Team Total (Double Faults) Home,6,"{'hdp': 4.5, 'over': '3.25'}"
75151600,2026-10-10,ATP,Shanghai,Bet365,Luciano Darderi,Stefanos Tsitsipas,double_faults,7.5,17.0000,,2026-10-08T20:43:18Z,2026-10-10T04:00:00Z,Team Total (Double Faults) Home,6,"{'hdp': 7.5, 'over': '17.00'}"
75151600,2026-10-10,ATP,Shanghai,Bet365,Luciano Darderi,Stefanos Tsitsipas,double_faults,9.5,26.0000,,2026-10-08T20:43:18Z,2026-10-10T04:00:00Z,Team Total (Double Faults) Home,6,"{'hdp': 9.5, 'over': '26.00'}"
75151600,2026-10-10,ATP,Shanghai,Bet365,Luciano Darderi,Stefanos Tsitsipas,match_aces,9.5,1.0400,,2026-10-08T20:43:18Z,2026-10-10T04:00:00Z,Totals (Aces),8,"{'hdp': 9.5, 'over': '1.04'}"
75151600,2026-10-10,ATP,Shanghai,Bet365,Luciano Darderi,Stefanos Tsitsipas,match_aces,14.5,1.2000,,2026-10-08T20:43:18Z,2026-10-10T04:00:00Z,Totals (Aces),8,"{'hdp': 14.5, 'over': '1.20'}"
75151600,2026-10-10,ATP,Shanghai,Bet365,Luciano Darderi,Stefanos Tsitsipas,match_aces,19.5,1.5700,,2026-10-08T20:43:18Z,2026-10-10T04:00:00Z,Totals (Aces),8,"{'hdp': 19.5, 'over': '1.57'}"
75151600,2026-10-10,ATP,Shanghai,Bet365,Luciano Darderi,Stefanos Tsitsipas,match_aces,24.5,2.2500,,2026-10-08T20:43:18Z,2026-10-10T04:00:00Z,Totals (Aces),8,"{'hdp': 24.5, 'over': '2.25'}"
75151600,2026-10-10,ATP,Shanghai,Bet365,Luciano Darderi,Stefanos Tsitsipas,match_aces,29.5,3.7500,,2026-10-08T20:43:18Z,2026-10-10T04:00:00Z,Totals (Aces),8,"{'hdp': 29.5, 'over': '3.75'}"
75151600,2026-10-10,ATP,Shanghai,Bet365,Luciano Darderi,Stefanos Tsitsipas,match_aces,39.5,13.0000,,2026-10-08T20:43:18Z,2026-10-10T04:00:00Z,Totals (Aces),8,"{'hdp': 39.5, 'over': '13.00'}"
75151600,2026-10-10,ATP,Shanghai,Bet365,Luciano Darderi,Stefanos Tsitsipas,match_aces,49.5,26.0000,,2026-10-08T20:43:18Z,2026-10-10T04:00:00Z,Totals (Aces),8,"{'hdp': 49.5, 'over': '26.00'}"
75151600,2026-10-10,ATP,Shanghai,Bet365,Luciano Darderi,Stefanos Tsitsipas,match_double_faults,1.5,1.0200,,2026-10-08T20:43:18Z,2026-10-10T04:00:00Z,Totals (Double Faults),8,"{'hdp': 1.5, 'over': '1.02'}"
75151600,2026-10-10,ATP,Shanghai,Bet365,Luciano Darderi,Stefanos Tsitsipas,match_double_faults,2.5,1.0800,,2026-10-08T20:43:18Z,2026-10-10T04:00:00Z,Totals (Double Faults),8,"{'hdp': 2.5, 'over': '1.08'}"
75151600,2026-10-10,ATP,Shanghai,Bet365,Luciano Darderi,Stefanos Tsitsipas,match_double_faults,4.5,1.5000,,2026-10-08T20:43:18Z,2026-10-10T04:00:00Z,Totals (Double Faults),8,"{'hdp': 4.5, 'over': '1.50'}"
75151600,2026-10-10,ATP,Shanghai,Bet365,Luciano Darderi,Stefanos Tsitsipas,match_double_faults,7.5,3.7500,,2026-10-08T20:43:18Z,2026-10-10T04:00:00Z,Totals (Double Faults),8,"{'hdp': 7.5, 'over': '3.75'}"
75151600,2026-10-10,ATP,Shanghai,Bet365,Luciano Darderi,Stefanos Tsitsipas,match_double_faults,9.5,9.0000,,2026-10-08T20:43:18Z,2026-10-10T04:00:00Z,Totals (Double Faults),8,"{'hdp': 9.5, 'over': '9.00'}"
75151600,2026-10-10,ATP,Shanghai,Bet365,Luciano Darderi,Stefanos Tsitsipas,match_double_faults,11.5,21.0000,,2026-10-08T20:43:18Z,2026-10-10T04:00:00Z,Totals (Double Faults),8,"{'hdp': 11.5, 'over': '21.00'}"
75151600,2026-10-10,ATP,Shanghai,Bet365,Luciano Darderi,Stefanos Tsitsipas,match_double_faults,14.5,26.0000,,2026-10-08T20:43:18Z,2026-10-10T04:00:00Z,Totals (Double Faults),8,"{'hdp': 14.5, 'over': '26.00'}"
75151600,2026-10-10,ATP,Shanghai,Bet365,Luciano Darderi,Stefanos Tsitsipas,aces,2.5,1.0600,,2026-10-08T20:43:18Z,2026-10-10T04:00:00Z,Team Total (Aces) Home,7,"{'hdp': 2.5, 'over': '1.06'}"
75151600,2026-10-10,ATP,Shanghai,Bet365,Luciano Darderi,Stefanos Tsitsipas,aces,4.5,1.2200,,2026-10-08T20:43:18Z,2026-10-10T04:00:00Z,Team Total (Aces) Home,7,"{'hdp': 4.5, 'over': '1.22'}"
75151600,2026-10-10,ATP,Shanghai,Bet365,Luciano Darderi,Stefanos Tsitsipas,aces,9.5,2.3700,,2026-10-08T20:43:18Z,2026-10-10T04:00:00Z,Team Total (Aces) Home,7,"{'hdp': 9.5, 'over': '2.37'}"
75151600,2026-10-10,ATP,Shanghai,Bet365,Luciano Darderi,Stefanos Tsitsipas,aces,14.5,6.0000,,2026-10-08T20:43:18Z,2026-10-10T04:00:00Z,Team Total (Aces) Home,7,"{'hdp': 14.5, 'over': '6.00'}"
75151600,2026-10-10,ATP,Shanghai,Bet365,Luciano Darderi,Stefanos Tsitsipas,aces,19.5,17.0000,,2026-10-08T20:43:18Z,2026-10-10T04:00:00Z,Team Total (Aces) Home,7,"{'hdp': 19.5, 'over': '17.00'}"
75151600,2026-10-10,ATP,Shanghai,Bet365,Luciano Darderi,Stefanos Tsitsipas,aces,24.5,26.0000,,2026-10-08T20:43:18Z,2026-10-10T04:00:00Z,Team Total (Aces) Home,7,"{'hdp': 24.5, 'over': '26.00'}"
75151600,2026-10-10,ATP,Shanghai,Bet365,Stefanos Tsitsipas,Luciano Darderi,double_faults,0.5,1.1200,,2026-10-08T20:43:18Z,2026-10-10T04:00:00Z,Team Total (Double Faults) Away,5,"{'hdp': 0.5, 'over': '1.12'}"
75151600,2026-10-10,ATP,Shanghai,Bet365,Stefanos Tsitsipas,Luciano Darderi,double_faults,1.5,1.5300,,2026-10-08T20:43:18Z,2026-10-10T04:00:00Z,Team Total (Double Faults) Away,5,"{'hdp': 1.5, 'over': '1.53'}"
75151600,2026-10-10,ATP,Shanghai,Bet365,Stefanos Tsitsipas,Luciano Darderi,double_faults,2.5,2.5000,,2026-10-08T20:43:18Z,2026-10-10T04:00:00Z,Team Total (Double Faults) Away,5,"{'hdp': 2.5, 'over': '2.50'}"
75151600,2026-10-10,ATP,Shanghai,Bet365,Stefanos Tsitsipas,Luciano Darderi,double_faults,4.5,8.0000,,2026-10-08T20:43:18Z,2026-10-10T04:00:00Z,Team Total (Double Faults) Away,5,"{'hdp': 4.5, 'over': '8.00'}"
75151600,2026-10-10,ATP,Shanghai,Bet365,Stefanos Tsitsipas,Luciano Darderi,double_faults,7.5,26.0000,,2026-10-08T20:43:18Z,2026-10-10T04:00:00Z,Team Total (Double Faults) Away,5,"{'hdp': 7.5, 'over': '26.00'}"
75151648,2026-10-10,ATP,Shanghai,Bet365,Nuno Borges,Jiri Lehecka,aces,2.5,1.0700,,2026-10-08T20:43:18Z,2026-10-10T04:00:00Z,Team Total (Aces) Away,7,"{'hdp': 2.5, 'over': '1.07'}"
75151648,2026-10-10,ATP,Shanghai,Bet365,Nuno Borges,Jiri Lehecka,aces,4.5,1.2800,,2026-10-08T20:43:18Z,2026-10-10T04:00:00Z,Team Total (Aces) Away,7,"{'hdp': 4.5, 'over': '1.28'}"
75151648,2026-10-10,ATP,Shanghai,Bet365,Nuno Borges,Jiri Lehecka,aces,9.5,2.7500,,2026-10-08T20:43:18Z,2026-10-10T04:00:00Z,Team Total (Aces) Away,7,"{'hdp': 9.5, 'over': '2.75'}"
75151648,2026-10-10,ATP,Shanghai,Bet365,Nuno Borges,Jiri Lehecka,aces,14.5,8.0000,,2026-10-08T20:43:18Z,2026-10-10T04:00:00Z,Team Total (Aces) Away,7,"{'hdp': 14.5, 'over': '8.00'}"
75151648,2026-10-10,ATP,Shanghai,Bet365,Nuno Borges,Jiri Lehecka,aces,19.5,21.0000,,2026-10-08T20:43:18Z,2026-10-10T04:00:00Z,Team Total (Aces) Away,7,"{'hdp': 19.5, 'over': '21.00'}"
75151648,2026-10-10,ATP,Shanghai,Bet365,Nuno Borges,Jiri Lehecka,aces,24.5,26.0000,,2026-10-08T20:43:18Z,2026-10-10T04:00:00Z,Team Total (Aces) Away,7,"{'hdp': 24.5, 'over': '26.00'}"
75151648,2026-10-10,ATP,Shanghai,Bet365,Jiri Lehecka,Nuno Borges,match_aces,9.5,1.0800,,2026-10-08T20:43:18Z,2026-10-10T04:00:00Z,Totals (Aces),9,"{'hdp': 9.5, 'over': '1.08'}"
75151648,2026-10-10,ATP,Shanghai,Bet365,Jiri Lehecka,Nuno Borges,match_aces,14.5,1.3600,,2026-10-08T20:43:18Z,2026-10-10T04:00:00Z,Totals (Aces),9,"{'hdp': 14.5, 'over': '1.36'}"
75151648,2026-10-10,ATP,Shanghai,Bet365,Jiri Lehecka,Nuno Borges,match_aces,19.5,1.9000,,2026-10-08T20:43:18Z,2026-10-10T04:00:00Z,Totals (Aces),9,"{'hdp': 19.5, 'over': '1.90'}"
75151648,2026-10-10,ATP,Shanghai,Bet365,Jiri Lehecka,Nuno Borges,match_aces,24.5,3.2500,,2026-10-08T20:43:18Z,2026-10-10T04:00:00Z,Totals (Aces),9,"{'hdp': 24.5, 'over': '3.25'}"
75151648,2026-10-10,ATP,Shanghai,Bet365,Jiri Lehecka,Nuno Borges,match_aces,29.5,6.0000,,2026-10-08T20:43:18Z,2026-10-10T04:00:00Z,Totals (Aces),9,"{'hdp': 29.5, 'over': '6.00'}"
75151648,2026-10-10,ATP,Shanghai,Bet365,Jiri Lehecka,Nuno Borges,match_aces,39.5,19.0000,,2026-10-08T20:43:18Z,2026-10-10T04:00:00Z,Totals (Aces),9,"{'hdp': 39.5, 'over': '19.00'}"
75151648,2026-10-10,ATP,Shanghai,Bet365,Jiri Lehecka,Nuno Borges,match_aces,49.5,26.0000,,2026-10-08T20:43:18Z,2026-10-10T04:00:00Z,Totals (Aces),9,"{'hdp': 49.5, 'over': '26.00'}"
75151648,2026-10-10,ATP,Shanghai,Bet365,Jiri Lehecka,Nuno Borges,aces,2.5,1.0100,,2026-10-08T20:43:18Z,2026-10-10T04:00:00Z,Team Total (Aces) Home,8,"{'hdp': 2.5, 'over': '1.01'}"
75151648,2026-10-10,ATP,Shanghai,Bet365,Jiri Lehecka,Nuno Borges,aces,4.5,1.0700,,2026-10-08T20:43:18Z,2026-10-10T04:00:00Z,Team Total (Aces) Home,8,"{'hdp': 4.5, 'over': '1.07'}"
75151648,2026-10-10,ATP,Shanghai,Bet365,Jiri Lehecka,Nuno Borges,aces,9.5,1.5700,,2026-10-08T20:43:18Z,2026-10-10T04:00:00Z,Team Total (Aces) Home,8,"{'hdp': 9.5, 'over': '1.57'}"
75151648,2026-10-10,ATP,Shanghai,Bet365,Jiri Lehecka,Nuno Borges,aces,14.5,3.0000,,2026-10-08T20:43:18Z,2026-10-10T04:00:00Z,Team Total (Aces) Home,8,"{'hdp': 14.5, 'over': '3.00'}"
75151648,2026-10-10,ATP,Shanghai,Bet365,Jiri Lehecka,Nuno Borges,aces,19.5,6.5000,,2026-10-08T20:43:18Z,2026-10-10T04:00:00Z,Team Total (Aces) Home,8,"{'hdp': 19.5, 'over': '6.50'}"
75151648,2026-10-10,ATP,Shanghai,Bet365,Jiri Lehecka,Nuno Borges,aces,24.5,15.0000,,2026-10-08T20:43:18Z,2026-10-10T04:00:00Z,Team Total (Aces) Home,8,"{'hdp': 24.5, 'over': '15.00'}"
75151648,2026-10-10,ATP,Shanghai,Bet365,Jiri Lehecka,Nuno Borges,aces,29.5,26.0000,,2026-10-08T20:43:18Z,2026-10-10T04:00:00Z,Team Total (Aces) Home,8,"{'hdp': 29.5, 'over': '26.00'}"
75151594,2026-10-10,ATP,Shanghai,Bet365,Carlos Alcaraz,Juan Manuel Cerundolo,aces,0.5,1.0100,,2026-10-08T20:43:18Z,2026-10-10T04:00:00Z,Team Total (Aces) Away,5,"{'hdp': 0.5, 'over': '1.01'}"
75151594,2026-10-10,ATP,Shanghai,Bet365,Carlos Alcaraz,Juan Manuel Cerundolo,aces,2.5,1.2800,,2026-10-08T20:43:18Z,2026-10-10T04:00:00Z,Team Total (Aces) Away,5,"{'hdp': 2.5, 'over': '1.28'}"
75151594,2026-10-10,ATP,Shanghai,Bet365,Carlos Alcaraz,Juan Manuel Cerundolo,aces,4.5,2.1000,,2026-10-08T20:43:18Z,2026-10-10T04:00:00Z,Team Total (Aces) Away,5,"{'hdp': 4.5, 'over': '2.10'}"
75151594,2026-10-10,ATP,Shanghai,Bet365,Carlos Alcaraz,Juan Manuel Cerundolo,aces,9.5,15.0000,,2026-10-08T20:43:18Z,2026-10-10T04:00:00Z,Team Total (Aces) Away,5,"{'hdp': 9.5, 'over': '15.00'}"
75151594,2026-10-10,ATP,Shanghai,Bet365,Carlos Alcaraz,Juan Manuel Cerundolo,aces,14.5,26.0000,,2026-10-08T20:43:18Z,2026-10-10T04:00:00Z,Team Total (Aces) Away,5,"{'hdp': 14.5, 'over': '26.00'}"
75151594,2026-10-10,ATP,Shanghai,Bet365,Juan Manuel Cerundolo,Carlos Alcaraz,match_double_faults,0.5,1.0100,,2026-10-08T20:43:18Z,2026-10-10T04:00:00Z,Totals (Double Faults),6,"{'hdp': 0.5, 'over': '1.01'}"
75151594,2026-10-10,ATP,Shanghai,Bet365,Juan Manuel Cerundolo,Carlos Alcaraz,match_double_faults,1.5,1.1000,,2026-10-08T20:43:18Z,2026-10-10T04:00:00Z,Totals (Double Faults),6,"{'hdp': 1.5, 'over': '1.10'}"
75151594,2026-10-10,ATP,Shanghai,Bet365,Juan Manuel Cerundolo,Carlos Alcaraz,match_double_faults,2.5,1.3000,,2026-10-08T20:43:18Z,2026-10-10T04:00:00Z,Totals (Double Faults),6,"{'hdp': 2.5, 'over': '1.30'}"
75151594,2026-10-10,ATP,Shanghai,Bet365,Juan Manuel Cerundolo,Carlos Alcaraz,match_double_faults,4.5,2.5000,,2026-10-08T20:43:18Z,2026-10-10T04:00:00Z,Totals (Double Faults),6,"{'hdp': 4.5, 'over': '2.50'}"
75151594,2026-10-10,ATP,Shanghai,Bet365,Juan Manuel Cerundolo,Carlos Alcaraz,match_double_faults,7.5,11.0000,,2026-10-08T20:43:18Z,2026-10-10T04:00:00Z,Totals (Double Faults),6,"{'hdp': 7.5, 'over': '11.00'}"
75151594,2026-10-10,ATP,Shanghai,Bet365,Juan Manuel Cerundolo,Carlos Alcaraz,match_double_faults,9.5,26.0000,,2026-10-08T20:43:18Z,2026-10-10T04:00:00Z,Totals (Double Faults),6,"{'hdp': 9.5, 'over': '26.00'}"
75151594,2026-10-10,ATP,Shanghai,Bet365,Juan Manuel Cerundolo,Carlos Alcaraz,aces,0.5,1.0300,,2026-10-08T20:43:18Z,2026-10-10T04:00:00Z,Team Total (Aces) Home,5,"{'hdp': 0.5, 'over': '1.03'}"
75151594,2026-10-10,ATP,Shanghai,Bet365,Juan Manuel Cerundolo,Carlos Alcaraz,aces,2.5,1.3600,,2026-10-08T20:43:18Z,2026-10-10T04:00:00Z,Team Total (Aces) Home,5,"{'hdp': 2.5, 'over': '1.36'}"
75151594,2026-10-10,ATP,Shanghai,Bet365,Juan Manuel Cerundolo,Carlos Alcaraz,aces,4.5,2.2000,,2026-10-08T20:43:18Z,2026-10-10T04:00:00Z,Team Total (Aces) Home,5,"{'hdp': 4.5, 'over': '2.20'}"
75151594,2026-10-10,ATP,Shanghai,Bet365,Juan Manuel Cerundolo,Carlos Alcaraz,aces,9.5,13.0000,,2026-10-08T20:43:18Z,2026-10-10T04:00:00Z,Team Total (Aces) Home,5,"{'hdp': 9.5, 'over': '13.00'}"
75151594,2026-10-10,ATP,Shanghai,Bet365,Juan Manuel Cerundolo,Carlos Alcaraz,aces,14.5,26.0000,,2026-10-08T20:43:18Z,2026-10-10T04:00:00Z,Team Total (Aces) Home,5,"{'hdp': 14.5, 'over': '26.00'}"
75151594,2026-10-10,ATP,Shanghai,Bet365,Carlos Alcaraz,Juan Manuel Cerundolo,double_faults,0.5,1.2200,,2026-10-08T20:43:18Z,2026-10-10T04:00:00Z,Team Total (Double Faults) Away,5,"{'hdp': 0.5, 'over': '1.22'}"
75151594,2026-10-10,ATP,Shanghai,Bet365,Carlos Alcaraz,Juan Manuel Cerundolo,double_faults,1.5,1.8300,,2026-10-08T20:43:18Z,2026-10-10T04:00:00Z,Team Total (Double Faults) Away,5,"{'hdp': 1.5, 'over': '1.83'}"
75151594,2026-10-10,ATP,Shanghai,Bet365,Carlos Alcaraz,Juan Manuel Cerundolo,double_faults,2.5,3.5000,,2026-10-08T20:43:18Z,2026-10-10T04:00:00Z,Team Total (Double Faults) Away,5,"{'hdp': 2.5, 'over': '3.50'}"
75151594,2026-10-10,ATP,Shanghai,Bet365,Carlos Alcaraz,Juan Manuel Cerundolo,double_faults,4.5,15.0000,,2026-10-08T20:43:18Z,2026-10-10T04:00:00Z,Team Total (Double Faults) Away,5,"{'hdp': 4.5, 'over': '15.00'}"
75151594,2026-10-10,ATP,Shanghai,Bet365,Carlos Alcaraz,Juan Manuel Cerundolo,double_faults,7.5,26.0000,,2026-10-08T20:43:18Z,2026-10-10T04:00:00Z,Team Total (Double Faults) Away,5,"{'hdp': 7.5, 'over': '26.00'}"
75151594,2026-10-10,ATP,Shanghai,Bet365,Juan Manuel Cerundolo,Carlos Alcaraz,double_faults,0.5,1.1000,,2026-10-08T20:43:18Z,2026-10-10T04:00:00Z,Team Total (Double Faults) Home,5,"{'hdp': 0.5, 'over': '1.10'}"
75151594,2026-10-10,ATP,Shanghai,Bet365,Juan Manuel Cerundolo,Carlos Alcaraz,double_faults,1.5,1.5000,,2026-10-08T20:43:18Z,2026-10-10T04:00:00Z,Team Total (Double Faults) Home,5,"{'hdp': 1.5, 'over': '1.50'}"
75151594,2026-10-10,ATP,Shanghai,Bet365,Juan Manuel Cerundolo,Carlos Alcaraz,double_faults,2.5,2.3700,,2026-10-08T20:43:18Z,2026-10-10T04:00:00Z,Team Total (Double Faults) Home,5,"{'hdp': 2.5, 'over': '2.37'}"
75151594,2026-10-10,ATP,Shanghai,Bet365,Juan Manuel Cerundolo,Carlos Alcaraz,double_faults,4.5,10.0000,,2026-10-08T20:43:18Z,2026-10-10T04:00:00Z,Team Total (Double Faults) Home,5,"{'hdp': 4.5, 'over': '10.00'}"
75151594,2026-10-10,ATP,Shanghai,Bet365,Juan Manuel Cerundolo,Carlos Alcaraz,double_faults,7.5,26.0000,,2026-10-08T20:43:18Z,2026-10-10T04:00:00Z,Team Total (Double Faults) Home,5,"{'hdp': 7.5, 'over': '26.00'}"
75151594,2026-10-10,ATP,Shanghai,Bet365,Juan Manuel Cerundolo,Carlos Alcaraz,match_aces,2.5,1.0300,,2026-10-08T20:43:18Z,2026-10-10T04:00:00Z,Totals (Aces),7,"{'hdp': 2.5, 'over': '1.03'}"
75151594,2026-10-10,ATP,Shanghai,Bet365,Juan Manuel Cerundolo,Carlos Alcaraz,match_aces,4.5,1.1600,,2026-10-08T20:43:18Z,2026-10-10T04:00:00Z,Totals (Aces),7,"{'hdp': 4.5, 'over': '1.16'}"
75151594,2026-10-10,ATP,Shanghai,Bet365,Juan Manuel Cerundolo,Carlos Alcaraz,match_aces,9.5,2.2500,,2026-10-08T20:43:18Z,2026-10-10T04:00:00Z,Totals (Aces),7,"{'hdp': 9.5, 'over': '2.25'}"
75151594,2026-10-10,ATP,Shanghai,Bet365,Juan Manuel Cerundolo,Carlos Alcaraz,match_aces,14.5,7.0000,,2026-10-08T20:43:18Z,2026-10-10T04:00:00Z,Totals (Aces),7,"{'hdp': 14.5, 'over': '7.00'}"
75151594,2026-10-10,ATP,Shanghai,Bet365,Juan Manuel Cerundolo,Carlos Alcaraz,match_aces,19.5,21.0000,,2026-10-08T20:43:18Z,2026-10-10T04:00:00Z,Totals (Aces),7,"{'hdp': 19.5, 'over': '21.00'}"
75151594,2026-10-10,ATP,Shanghai,Bet365,Juan Manuel Cerundolo,Carlos Alcaraz,match_aces,24.5,26.0000,,2026-10-08T20:43:18Z,2026-10-10T04:00:00Z,Totals (Aces),7,"{'hdp': 24.5, 'over': '26.00'}"
75151640,2026-10-10,ATP,Shanghai,Bet365,Alejandro Tabilo,Pablo Carreno Busta,double_faults,0.5,1.2800,,2026-10-08T20:43:18Z,2026-10-10T04:00:00Z,Team Total (Double Faults) Home,4,"{'hdp': 0.5, 'over': '1.28'}"
75151640,2026-10-10,ATP,Shanghai,Bet365,Alejandro Tabilo,Pablo Carreno Busta,double_faults,1.5,2.1000,,2026-10-08T20:43:18Z,2026-10-10T04:00:00Z,Team Total (Double Faults) Home,4,"{'hdp': 1.5, 'over': '2.10'}"
75151640,2026-10-10,ATP,Shanghai,Bet365,Alejandro Tabilo,Pablo Carreno Busta,double_faults,2.5,4.3300,,2026-10-08T20:43:18Z,2026-10-10T04:00:00Z,Team Total (Double Faults) Home,4,"{'hdp': 2.5, 'over': '4.33'}"
75151640,2026-10-10,ATP,Shanghai,Bet365,Alejandro Tabilo,Pablo Carreno Busta,double_faults,4.5,21.0000,,2026-10-08T20:43:18Z,2026-10-10T04:00:00Z,Team Total (Double Faults) Home,4,"{'hdp': 4.5, 'over': '21.00'}"
75151640,2026-10-10,ATP,Shanghai,Bet365,Alejandro Tabilo,Pablo Carreno Busta,aces,2.5,1.0400,,2026-10-08T20:43:18Z,2026-10-10T04:00:00Z,Team Total (Aces) Home,7,"{'hdp': 2.5, 'over': '1.04'}"
75151640,2026-10-10,ATP,Shanghai,Bet365,Alejandro Tabilo,Pablo Carreno Busta,aces,4.5,1.1600,,2026-10-08T20:43:18Z,2026-10-10T04:00:00Z,Team Total (Aces) Home,7,"{'hdp': 4.5, 'over': '1.16'}"
75151640,2026-10-10,ATP,Shanghai,Bet365,Alejandro Tabilo,Pablo Carreno Busta,aces,9.5,2.2000,,2026-10-08T20:43:18Z,2026-10-10T04:00:00Z,Team Total (Aces) Home,7,"{'hdp': 9.5, 'over': '2.20'}"
75151640,2026-10-10,ATP,Shanghai,Bet365,Alejandro Tabilo,Pablo Carreno Busta,aces,14.5,6.0000,,2026-10-08T20:43:18Z,2026-10-10T04:00:00Z,Team Total (Aces) Home,7,"{'hdp': 14.5, 'over': '6.00'}"
75151640,2026-10-10,ATP,Shanghai,Bet365,Alejandro Tabilo,Pablo Carreno Busta,aces,19.5,17.0000,,2026-10-08T20:43:18Z,2026-10-10T04:00:00Z,Team Total (Aces) Home,7,"{'hdp': 19.5, 'over': '17.00'}"
75151640,2026-10-10,ATP,Shanghai,Bet365,Alejandro Tabilo,Pablo Carreno Busta,aces,24.5,26.0000,,2026-10-08T20:43:18Z,2026-10-10T04:00:00Z,Team Total (Aces) Home,7,"{'hdp': 24.5, 'over': '26.00'}"
75151640,2026-10-10,ATP,Shanghai,Bet365,Pablo Carreno Busta,Alejandro Tabilo,aces,0.5,1.0300,,2026-10-08T20:43:18Z,2026-10-10T04:00:00Z,Team Total (Aces) Away,5,"{'hdp': 0.5, 'over': '1.03'}"
75151640,2026-10-10,ATP,Shanghai,Bet365,Pablo Carreno Busta,Alejandro Tabilo,aces,2.5,1.3600,,2026-10-08T20:43:18Z,2026-10-10T04:00:00Z,Team Total (Aces) Away,5,"{'hdp': 2.5, 'over': '1.36'}"
75151640,2026-10-10,ATP,Shanghai,Bet365,Pablo Carreno Busta,Alejandro Tabilo,aces,4.5,2.2500,,2026-10-08T20:43:18Z,2026-10-10T04:00:00Z,Team Total (Aces) Away,5,"{'hdp': 4.5, 'over': '2.25'}"
75151640,2026-10-10,ATP,Shanghai,Bet365,Pablo Carreno Busta,Alejandro Tabilo,aces,9.5,15.0000,,2026-10-08T20:43:18Z,2026-10-10T04:00:00Z,Team Total (Aces) Away,5,"{'hdp': 9.5, 'over': '15.00'}"
75151640,2026-10-10,ATP,Shanghai,Bet365,Pablo Carreno Busta,Alejandro Tabilo,aces,14.5,26.0000,,2026-10-08T20:43:18Z,2026-10-10T04:00:00Z,Team Total (Aces) Away,5,"{'hdp': 14.5, 'over': '26.00'}"
75151640,2026-10-10,ATP,Shanghai,Bet365,Alejandro Tabilo,Pablo Carreno Busta,match_aces,4.5,1.0400,,2026-10-08T20:43:18Z,2026-10-10T04:00:00Z,Totals (Aces),9,"{'hdp': 4.5, 'over': '1.04'}"
75151640,2026-10-10,ATP,Shanghai,Bet365,Alejandro Tabilo,Pablo Carreno Busta,match_aces,9.5,1.3600,,2026-10-08T20:43:18Z,2026-10-10T04:00:00Z,Totals (Aces),9,"{'hdp': 9.5, 'over': '1.36'}"
75151640,2026-10-10,ATP,Shanghai,Bet365,Alejandro Tabilo,Pablo Carreno Busta,match_aces,14.5,2.3700,,2026-10-08T20:43:18Z,2026-10-10T04:00:00Z,Totals (Aces),9,"{'hdp': 14.5, 'over': '2.37'}"
75151640,2026-10-10,ATP,Shanghai,Bet365,Alejandro Tabilo,Pablo Carreno Busta,match_aces,19.5,5.0000,,2026-10-08T20:43:18Z,2026-10-10T04:00:00Z,Totals (Aces),9,"{'hdp': 19.5, 'over': '5.00'}"
75151640,2026-10-10,ATP,Shanghai,Bet365,Alejandro Tabilo,Pablo Carreno Busta,match_aces,24.5,11.0000,,2026-10-08T20:43:18Z,2026-10-10T04:00:00Z,Totals (Aces),9,"{'hdp': 24.5, 'over': '11.00'}"
75151640,2026-10-10,ATP,Shanghai,Bet365,Alejandro Tabilo,Pablo Carreno Busta,match_aces,29.5,23.0000,,2026-10-08T20:43:18Z,2026-10-10T04:00:00Z,Totals (Aces),9,"{'hdp': 29.5, 'over': '23.00'}"
75151640,2026-10-10,ATP,Shanghai,Bet365,Alejandro Tabilo,Pablo Carreno Busta,match_aces,39.5,26.0000,,2026-10-08T20:43:18Z,2026-10-10T04:00:00Z,Totals (Aces),9,"{'hdp': 39.5, 'over': '26.00'}"
75151640,2026-10-10,ATP,Shanghai,Bet365,Alejandro Tabilo,Pablo Carreno Busta,match_double_faults,0.5,1.0500,,2026-10-08T20:43:18Z,2026-10-10T04:00:00Z,Totals (Double Faults),5,"{'hdp': 0.5, 'over': '1.05'}"
75151640,2026-10-10,ATP,Shanghai,Bet365,Alejandro Tabilo,Pablo Carreno Busta,match_double_faults,1.5,1.2500,,2026-10-08T20:43:18Z,2026-10-10T04:00:00Z,Totals (Double Faults),5,"{'hdp': 1.5, 'over': '1.25'}"
75151640,2026-10-10,ATP,Shanghai,Bet365,Alejandro Tabilo,Pablo Carreno Busta,match_double_faults,2.5,1.7200,,2026-10-08T20:43:18Z,2026-10-10T04:00:00Z,Totals (Double Faults),5,"{'hdp': 2.5, 'over': '1.72'}"
75151640,2026-10-10,ATP,Shanghai,Bet365,Alejandro Tabilo,Pablo Carreno Busta,match_double_faults,4.5,4.5000,,2026-10-08T20:43:18Z,2026-10-10T04:00:00Z,Totals (Double Faults),5,"{'hdp': 4.5, 'over': '4.50'}"
75151640,2026-10-10,ATP,Shanghai,Bet365,Alejandro Tabilo,Pablo Carreno Busta,match_double_faults,7.5,26.0000,,2026-10-08T20:43:18Z,2026-10-10T04:00:00Z,Totals (Double Faults),5,"{'hdp': 7.5, 'over': '26.00'}"
75151640,2026-10-10,ATP,Shanghai,Bet365,Pablo Carreno Busta,Alejandro Tabilo,double_faults,0.5,1.3000,,2026-10-08T20:43:18Z,2026-10-10T04:00:00Z,Team Total (Double Faults) Away,4,"{'hdp': 0.5, 'over': '1.30'}"
75151640,2026-10-10,ATP,Shanghai,Bet365,Pablo Carreno Busta,Alejandro Tabilo,double_faults,1.5,2.2500,,2026-10-08T20:43:18Z,2026-10-10T04:00:00Z,Team Total (Double Faults) Away,4,"{'hdp': 1.5, 'over': '2.25'}"
75151640,2026-10-10,ATP,Shanghai,Bet365,Pablo Carreno Busta,Alejandro Tabilo,double_faults,2.5,5.0000,,2026-10-08T20:43:18Z,2026-10-10T04:00:00Z,Team Total (Double Faults) Away,4,"{'hdp': 2.5, 'over': '5.00'}"
75151640,2026-10-10,ATP,Shanghai,Bet365,Pablo Carreno Busta,Alejandro Tabilo,double_faults,4.5,26.0000,,2026-10-08T20:43:18Z,2026-10-10T04:00:00Z,Team Total (Double Faults) Away,4,"{'hdp': 4.5, 'over': '26.00'}"
75414076,2026-10-10,ATP,Shanghai,Bet365,Ignacio Buse,Zizou Bergs,match_double_faults,1.5,1.0400,,2026-10-08T20:43:18Z,2026-10-10T04:00:00Z,Totals (Double Faults),7,"{'hdp': 1.5, 'over': '1.04'}"
75414076,2026-10-10,ATP,Shanghai,Bet365,Ignacio Buse,Zizou Bergs,match_double_faults,2.5,1.1400,,2026-10-08T20:43:18Z,2026-10-10T04:00:00Z,Totals (Double Faults),7,"{'hdp': 2.5, 'over': '1.14'}"
75414076,2026-10-10,ATP,Shanghai,Bet365,Ignacio Buse,Zizou Bergs,match_double_faults,4.5,1.7200,,2026-10-08T20:43:18Z,2026-10-10T04:00:00Z,Totals (Double Faults),7,"{'hdp': 4.5, 'over': '1.72'}"
75414076,2026-10-10,ATP,Shanghai,Bet365,Ignacio Buse,Zizou Bergs,match_double_faults,7.5,5.5000,,2026-10-08T20:43:18Z,2026-10-10T04:00:00Z,Totals (Double Faults),7,"{'hdp': 7.5, 'over': '5.50'}"
75414076,2026-10-10,ATP,Shanghai,Bet365,Ignacio Buse,Zizou Bergs,match_double_faults,9.5,13.0000,,2026-10-08T20:43:18Z,2026-10-10T04:00:00Z,Totals (Double Faults),7,"{'hdp': 9.5, 'over': '13.00'}"
75414076,2026-10-10,ATP,Shanghai,Bet365,Ignacio Buse,Zizou Bergs,match_double_faults,11.5,26.0000,,2026-10-08T20:43:18Z,2026-10-10T04:00:00Z,Totals (Double Faults),7,"{'hdp': 11.5, 'over': '26.00'}"
75414076,2026-10-10,ATP,Shanghai,Bet365,Zizou Bergs,Ignacio Buse,aces,2.5,1.1100,,2026-10-08T20:43:18Z,2026-10-10T04:00:00Z,Team Total (Aces) Away,6,"{'hdp': 2.5, 'over': '1.11'}"
75414076,2026-10-10,ATP,Shanghai,Bet365,Zizou Bergs,Ignacio Buse,aces,4.5,1.4400,,2026-10-08T20:43:18Z,2026-10-10T04:00:00Z,Team Total (Aces) Away,6,"{'hdp': 4.5, 'over': '1.44'}"
75414076,2026-10-10,ATP,Shanghai,Bet365,Zizou Bergs,Ignacio Buse,aces,9.5,4.3300,,2026-10-08T20:43:18Z,2026-10-10T04:00:00Z,Team Total (Aces) Away,6,"{'hdp': 9.5, 'over': '4.33'}"
75414076,2026-10-10,ATP,Shanghai,Bet365,Zizou Bergs,Ignacio Buse,aces,14.5,19.0000,,2026-10-08T20:43:18Z,2026-10-10T04:00:00Z,Team Total (Aces) Away,6,"{'hdp': 14.5, 'over': '19.00'}"
75414076,2026-10-10,ATP,Shanghai,Bet365,Zizou Bergs,Ignacio Buse,aces,19.5,26.0000,,2026-10-08T20:43:18Z,2026-10-10T04:00:00Z,Team Total (Aces) Away,6,"{'hdp': 19.5, 'over': '26.00'}"
75414076,2026-10-10,ATP,Shanghai,Bet365,Ignacio Buse,Zizou Bergs,aces,0.5,1.0100,,2026-10-08T20:43:18Z,2026-10-10T04:00:00Z,Team Total (Aces) Home,5,"{'hdp': 0.5, 'over': '1.01'}"
75414076,2026-10-10,ATP,Shanghai,Bet365,Ignacio Buse,Zizou Bergs,aces,2.5,1.2200,,2026-10-08T20:43:18Z,2026-10-10T04:00:00Z,Team Total (Aces) Home,5,"{'hdp': 2.5, 'over': '1.22'}"
75414076,2026-10-10,ATP,Shanghai,Bet365,Ignacio Buse,Zizou Bergs,aces,4.5,1.8300,,2026-10-08T20:43:18Z,2026-10-10T04:00:00Z,Team Total (Aces) Home,5,"{'hdp': 4.5, 'over': '1.83'}"
75414076,2026-10-10,ATP,Shanghai,Bet365,Ignacio Buse,Zizou Bergs,aces,9.5,9.0000,,2026-10-08T20:43:18Z,2026-10-10T04:00:00Z,Team Total (Aces) Home,5,"{'hdp': 9.5, 'over': '9.00'}"
75414076,2026-10-10,ATP,Shanghai,Bet365,Ignacio Buse,Zizou Bergs,aces,14.5,26.0000,,2026-10-08T20:43:18Z,2026-10-10T04:00:00Z,Team Total (Aces) Home,5,"{'hdp': 14.5, 'over': '26.00'}"
75414076,2026-10-10,ATP,Shanghai,Bet365,Zizou Bergs,Ignacio Buse,double_faults,0.5,1.0500,,2026-10-08T20:43:18Z,2026-10-10T04:00:00Z,Team Total (Double Faults) Away,6,"{'hdp': 0.5, 'over': '1.05'}"
75414076,2026-10-10,ATP,Shanghai,Bet365,Zizou Bergs,Ignacio Buse,double_faults,1.5,1.2200,,2026-10-08T20:43:18Z,2026-10-10T04:00:00Z,Team Total (Double Faults) Away,6,"{'hdp': 1.5, 'over': '1.22'}"
75414076,2026-10-10,ATP,Shanghai,Bet365,Zizou Bergs,Ignacio Buse,double_faults,2.5,1.6100,,2026-10-08T20:43:18Z,2026-10-10T04:00:00Z,Team Total (Double Faults) Away,6,"{'hdp': 2.5, 'over': '1.61'}"
75414076,2026-10-10,ATP,Shanghai,Bet365,Zizou Bergs,Ignacio Buse,double_faults,4.5,3.5000,,2026-10-08T20:43:18Z,2026-10-10T04:00:00Z,Team Total (Double Faults) Away,6,"{'hdp': 4.5, 'over': '3.50'}"
75414076,2026-10-10,ATP,Shanghai,Bet365,Zizou Bergs,Ignacio Buse,double_faults,7.5,17.0000,,2026-10-08T20:43:18Z,2026-10-10T04:00:00Z,Team Total (Double Faults) Away,6,"{'hdp': 7.5, 'over': '17.00'}"
75414076,2026-10-10,ATP,Shanghai,Bet365,Zizou Bergs,Ignacio Buse,double_faults,9.5,26.0000,,2026-10-08T20:43:18Z,2026-10-10T04:00:00Z,Team Total (Double Faults) Away,6,"{'hdp': 9.5, 'over': '26.00'}"
75414076,2026-10-10,ATP,Shanghai,Bet365,Ignacio Buse,Zizou Bergs,double_faults,0.5,1.1800,,2026-10-08T20:43:18Z,2026-10-10T04:00:00Z,Team Total (Double Faults) Home,5,"{'hdp': 0.5, 'over': '1.18'}"
75414076,2026-10-10,ATP,Shanghai,Bet365,Ignacio Buse,Zizou Bergs,double_faults,1.5,1.8300,,2026-10-08T20:43:18Z,2026-10-10T04:00:00Z,Team Total (Double Faults) Home,5,"{'hdp': 1.5, 'over': '1.83'}"
75414076,2026-10-10,ATP,Shanghai,Bet365,Ignacio Buse,Zizou Bergs,double_faults,2.5,3.5000,,2026-10-08T20:43:18Z,2026-10-10T04:00:00Z,Team Total (Double Faults) Home,5,"{'hdp': 2.5, 'over': '3.50'}"
75414076,2026-10-10,ATP,Shanghai,Bet365,Ignacio Buse,Zizou Bergs,double_faults,4.5,17.0000,,2026-10-08T20:43:18Z,2026-10-10T04:00:00Z,Team Total (Double Faults) Home,5,"{'hdp': 4.5, 'over': '17.00'}"
75414076,2026-10-10,ATP,Shanghai,Bet365,Ignacio Buse,Zizou Bergs,double_faults,7.5,26.0000,,2026-10-08T20:43:18Z,2026-10-10T04:00:00Z,Team Total (Double Faults) Home,5,"{'hdp': 7.5, 'over': '26.00'}"
75414076,2026-10-10,ATP,Shanghai,Bet365,Ignacio Buse,Zizou Bergs,match_aces,2.5,1.0100,,2026-10-08T20:43:18Z,2026-10-10T04:00:00Z,Totals (Aces),8,"{'hdp': 2.5, 'over': '1.01'}"
75414076,2026-10-10,ATP,Shanghai,Bet365,Ignacio Buse,Zizou Bergs,match_aces,4.5,1.0600,,2026-10-08T20:43:18Z,2026-10-10T04:00:00Z,Totals (Aces),8,"{'hdp': 4.5, 'over': '1.06'}"
75414076,2026-10-10,ATP,Shanghai,Bet365,Ignacio Buse,Zizou Bergs,match_aces,9.5,1.5700,,2026-10-08T20:43:18Z,2026-10-10T04:00:00Z,Totals (Aces),8,"{'hdp': 9.5, 'over': '1.57'}"
75414076,2026-10-10,ATP,Shanghai,Bet365,Ignacio Buse,Zizou Bergs,match_aces,14.5,3.4000,,2026-10-08T20:43:18Z,2026-10-10T04:00:00Z,Totals (Aces),8,"{'hdp': 14.5, 'over': '3.40'}"
75414076,2026-10-10,ATP,Shanghai,Bet365,Ignacio Buse,Zizou Bergs,match_aces,19.5,9.0000,,2026-10-08T20:43:18Z,2026-10-10T04:00:00Z,Totals (Aces),8,"{'hdp': 19.5, 'over': '9.00'}"
75414076,2026-10-10,ATP,Shanghai,Bet365,Ignacio Buse,Zizou Bergs,match_aces,24.5,21.0000,,2026-10-08T20:43:18Z,2026-10-10T04:00:00Z,Totals (Aces),8,"{'hdp': 24.5, 'over': '21.00'}"
75414076,2026-10-10,ATP,Shanghai,Bet365,Ignacio Buse,Zizou Bergs,match_aces,29.5,26.0000,,2026-10-08T20:43:18Z,2026-10-10T04:00:00Z,Totals (Aces),8,"{'hdp': 29.5, 'over': '26.00'}"
75051542,2026-10-10,WTA,Beijing,Bet365,Mirra Andreeva,Nikola Bartunkova,aces,0.5,1.0100,,2026-10-08T20:43:18Z,2026-10-10T06:00:00Z,Team Total (Aces) Home,5,"{'hdp': 0.5, 'over': '1.01'}"
75051542,2026-10-10,WTA,Beijing,Bet365,Mirra Andreeva,Nikola Bartunkova,aces,2.5,1.2200,,2026-10-08T20:43:18Z,2026-10-10T06:00:00Z,Team Total (Aces) Home,5,"{'hdp': 2.5, 'over': '1.22'}"
75051542,2026-10-10,WTA,Beijing,Bet365,Mirra Andreeva,Nikola Bartunkova,aces,4.5,1.8300,,2026-10-08T20:43:18Z,2026-10-10T06:00:00Z,Team Total (Aces) Home,5,"{'hdp': 4.5, 'over': '1.83'}"
75051542,2026-10-10,WTA,Beijing,Bet365,Mirra Andreeva,Nikola Bartunkova,aces,9.5,10.0000,,2026-10-08T20:43:18Z,2026-10-10T06:00:00Z,Team Total (Aces) Home,5,"{'hdp': 9.5, 'over': '10.00'}"
75051542,2026-10-10,WTA,Beijing,Bet365,Mirra Andreeva,Nikola Bartunkova,aces,14.5,26.0000,,2026-10-08T20:43:18Z,2026-10-10T06:00:00Z,Team Total (Aces) Home,5,"{'hdp': 14.5, 'over': '26.00'}"
75051542,2026-10-10,WTA,Beijing,Bet365,Nikola Bartunkova,Mirra Andreeva,double_faults,1.5,1.0500,,2026-10-08T20:43:18Z,2026-10-10T06:00:00Z,Team Total (Double Faults) Away,7,"{'hdp': 1.5, 'over': '1.05'}"
75051542,2026-10-10,WTA,Beijing,Bet365,Nikola Bartunkova,Mirra Andreeva,double_faults,2.5,1.1600,,2026-10-08T20:43:18Z,2026-10-10T06:00:00Z,Team Total (Double Faults) Away,7,"{'hdp': 2.5, 'over': '1.16'}"
75051542,2026-10-10,WTA,Beijing,Bet365,Nikola Bartunkova,Mirra Andreeva,double_faults,4.5,1.8000,,2026-10-08T20:43:18Z,2026-10-10T06:00:00Z,Team Total (Double Faults) Away,7,"{'hdp': 4.5, 'over': '1.80'}"
75051542,2026-10-10,WTA,Beijing,Bet365,Nikola Bartunkova,Mirra Andreeva,double_faults,7.5,5.5000,,2026-10-08T20:43:18Z,2026-10-10T06:00:00Z,Team Total (Double Faults) Away,7,"{'hdp': 7.5, 'over': '5.50'}"
75051542,2026-10-10,WTA,Beijing,Bet365,Nikola Bartunkova,Mirra Andreeva,double_faults,9.5,15.0000,,2026-10-08T20:43:18Z,2026-10-10T06:00:00Z,Team Total (Double Faults) Away,7,"{'hdp': 9.5, 'over': '15.00'}"
75051542,2026-10-10,WTA,Beijing,Bet365,Nikola Bartunkova,Mirra Andreeva,double_faults,11.5,26.0000,,2026-10-08T20:43:18Z,2026-10-10T06:00:00Z,Team Total (Double Faults) Away,7,"{'hdp': 11.5, 'over': '26.00'}"
75051542,2026-10-10,WTA,Beijing,Bet365,Mirra Andreeva,Nikola Bartunkova,double_faults,0.5,1.0300,,2026-10-08T20:43:18Z,2026-10-10T06:00:00Z,Team Total (Double Faults) Home,6,"{'hdp': 0.5, 'over': '1.03'}"
75051542,2026-10-10,WTA,Beijing,Bet365,Mirra Andreeva,Nikola Bartunkova,double_faults,1.5,1.1600,,2026-10-08T20:43:18Z,2026-10-10T06:00:00Z,Team Total (Double Faults) Home,6,"{'hdp': 1.5, 'over': '1.16'}"
75051542,2026-10-10,WTA,Beijing,Bet365,Mirra Andreeva,Nikola Bartunkova,double_faults,2.5,1.4400,,2026-10-08T20:43:18Z,2026-10-10T06:00:00Z,Team Total (Double Faults) Home,6,"{'hdp': 2.5, 'over': '1.44'}"
75051542,2026-10-10,WTA,Beijing,Bet365,Mirra Andreeva,Nikola Bartunkova,double_faults,4.5,2.7500,,2026-10-08T20:43:18Z,2026-10-10T06:00:00Z,Team Total (Double Faults) Home,6,"{'hdp': 4.5, 'over': '2.75'}"
75051542,2026-10-10,WTA,Beijing,Bet365,Mirra Andreeva,Nikola Bartunkova,double_faults,7.5,11.0000,,2026-10-08T20:43:18Z,2026-10-10T06:00:00Z,Team Total (Double Faults) Home,6,"{'hdp': 7.5, 'over': '11.00'}"
75051542,2026-10-10,WTA,Beijing,Bet365,Mirra Andreeva,Nikola Bartunkova,double_faults,9.5,26.0000,,2026-10-08T20:43:18Z,2026-10-10T06:00:00Z,Team Total (Double Faults) Home,6,"{'hdp': 9.5, 'over': '26.00'}"
75051542,2026-10-10,WTA,Beijing,Bet365,Mirra Andreeva,Nikola Bartunkova,match_aces,2.5,1.0200,,2026-10-08T20:43:18Z,2026-10-10T06:00:00Z,Totals (Aces),7,"{'hdp': 2.5, 'over': '1.02'}"
75051542,2026-10-10,WTA,Beijing,Bet365,Mirra Andreeva,Nikola Bartunkova,match_aces,4.5,1.1100,,2026-10-08T20:43:18Z,2026-10-10T06:00:00Z,Totals (Aces),7,"{'hdp': 4.5, 'over': '1.11'}"
75051542,2026-10-10,WTA,Beijing,Bet365,Mirra Andreeva,Nikola Bartunkova,match_aces,9.5,1.9000,,2026-10-08T20:43:18Z,2026-10-10T06:00:00Z,Totals (Aces),7,"{'hdp': 9.5, 'over': '1.90'}"
75051542,2026-10-10,WTA,Beijing,Bet365,Mirra Andreeva,Nikola Bartunkova,match_aces,14.5,5.0000,,2026-10-08T20:43:18Z,2026-10-10T06:00:00Z,Totals (Aces),7,"{'hdp': 14.5, 'over': '5.00'}"
75051542,2026-10-10,WTA,Beijing,Bet365,Mirra Andreeva,Nikola Bartunkova,match_aces,19.5,15.0000,,2026-10-08T20:43:18Z,2026-10-10T06:00:00Z,Totals (Aces),7,"{'hdp': 19.5, 'over': '15.00'}"
75051542,2026-10-10,WTA,Beijing,Bet365,Mirra Andreeva,Nikola Bartunkova,match_aces,24.5,26.0000,,2026-10-08T20:43:18Z,2026-10-10T06:00:00Z,Totals (Aces),7,"{'hdp': 24.5, 'over': '26.00'}"
75051542,2026-10-10,WTA,Beijing,Bet365,Mirra Andreeva,Nikola Bartunkova,match_double_faults,2.5,1.0100,,2026-10-08T20:43:18Z,2026-10-10T06:00:00Z,Totals (Double Faults),9,"{'hdp': 2.5, 'over': '1.01'}"
75051542,2026-10-10,WTA,Beijing,Bet365,Mirra Andreeva,Nikola Bartunkova,match_double_faults,4.5,1.1000,,2026-10-08T20:43:18Z,2026-10-10T06:00:00Z,Totals (Double Faults),9,"{'hdp': 4.5, 'over': '1.10'}"
75051542,2026-10-10,WTA,Beijing,Bet365,Mirra Andreeva,Nikola Bartunkova,match_double_faults,7.5,1.6100,,2026-10-08T20:43:18Z,2026-10-10T06:00:00Z,Totals (Double Faults),9,"{'hdp': 7.5, 'over': '1.61'}"
75051542,2026-10-10,WTA,Beijing,Bet365,Mirra Andreeva,Nikola Bartunkova,match_double_faults,9.5,2.5000,,2026-10-08T20:43:18Z,2026-10-10T06:00:00Z,Totals (Double Faults),9,"{'hdp': 9.5, 'over': '2.50'}"
75051542,2026-10-10,WTA,Beijing,Bet365,Mirra Andreeva,Nikola Bartunkova,match_double_faults,11.5,4.3300,,2026-10-08T20:43:18Z,2026-10-10T06:00:00Z,Totals (Double Faults),9,"{'hdp': 11.5, 'over': '4.33'}"
75051542,2026-10-10,WTA,Beijing,Bet365,Mirra Andreeva,Nikola Bartunkova,match_double_faults,14.5,11.0000,,2026-10-08T20:43:18Z,2026-10-10T06:00:00Z,Totals (Double Faults),9,"{'hdp': 14.5, 'over': '11.00'}"
75051542,2026-10-10,WTA,Beijing,Bet365,Mirra Andreeva,Nikola Bartunkova,match_double_faults,19.5,26.0000,,2026-10-08T20:43:18Z,2026-10-10T06:00:00Z,Totals (Double Faults),9,"{'hdp': 19.5, 'over': '26.00'}"
75051542,2026-10-10,WTA,Beijing,Bet365,Nikola Bartunkova,Mirra Andreeva,aces,0.5,1.0200,,2026-10-08T20:43:18Z,2026-10-10T06:00:00Z,Team Total (Aces) Away,5,"{'hdp': 0.5, 'over': '1.02'}"
75051542,2026-10-10,WTA,Beijing,Bet365,Nikola Bartunkova,Mirra Andreeva,aces,2.5,1.2800,,2026-10-08T20:43:18Z,2026-10-10T06:00:00Z,Team Total (Aces) Away,5,"{'hdp': 2.5, 'over': '1.28'}"
75051542,2026-10-10,WTA,Beijing,Bet365,Nikola Bartunkova,Mirra Andreeva,aces,4.5,1.9000,,2026-10-08T20:43:18Z,2026-10-10T06:00:00Z,Team Total (Aces) Away,5,"{'hdp': 4.5, 'over': '1.90'}"
75051542,2026-10-10,WTA,Beijing,Bet365,Nikola Bartunkova,Mirra Andreeva,aces,9.5,9.0000,,2026-10-08T20:43:18Z,2026-10-10T06:00:00Z,Team Total (Aces) Away,5,"{'hdp': 9.5, 'over': '9.00'}"
75051542,2026-10-10,WTA,Beijing,Bet365,Nikola Bartunkova,Mirra Andreeva,aces,14.5,26.0000,,2026-10-08T20:43:18Z,2026-10-10T06:00:00Z,Team Total (Aces) Away,5,"{'hdp': 14.5, 'over': '26.00'}"
75151586,2026-10-10,ATP,Shanghai,Bet365,Valentin Vacherot,Sebastian Baez,double_faults,0.5,1.0600,,2026-10-08T20:43:18Z,2026-10-10T04:00:00Z,Team Total (Double Faults) Away,6,"{'hdp': 0.5, 'over': '1.06'}"
75151586,2026-10-10,ATP,Shanghai,Bet365,Valentin Vacherot,Sebastian Baez,double_faults,1.5,1.2800,,2026-10-08T20:43:18Z,2026-10-10T04:00:00Z,Team Total (Double Faults) Away,6,"{'hdp': 1.5, 'over': '1.28'}"
75151586,2026-10-10,ATP,Shanghai,Bet365,Valentin Vacherot,Sebastian Baez,double_faults,2.5,1.7200,,2026-10-08T20:43:18Z,2026-10-10T04:00:00Z,Team Total (Double Faults) Away,6,"{'hdp': 2.5, 'over': '1.72'}"
75151586,2026-10-10,ATP,Shanghai,Bet365,Valentin Vacherot,Sebastian Baez,double_faults,4.5,4.0000,,2026-10-08T20:43:18Z,2026-10-10T04:00:00Z,Team Total (Double Faults) Away,6,"{'hdp': 4.5, 'over': '4.00'}"
75151586,2026-10-10,ATP,Shanghai,Bet365,Valentin Vacherot,Sebastian Baez,double_faults,7.5,19.0000,,2026-10-08T20:43:18Z,2026-10-10T04:00:00Z,Team Total (Double Faults) Away,6,"{'hdp': 7.5, 'over': '19.00'}"
75151586,2026-10-10,ATP,Shanghai,Bet365,Valentin Vacherot,Sebastian Baez,double_faults,9.5,26.0000,,2026-10-08T20:43:18Z,2026-10-10T04:00:00Z,Team Total (Double Faults) Away,6,"{'hdp': 9.5, 'over': '26.00'}"
75151586,2026-10-10,ATP,Shanghai,Bet365,Sebastian Baez,Valentin Vacherot,match_double_faults,1.5,1.0600,,2026-10-08T20:43:18Z,2026-10-10T04:00:00Z,Totals (Double Faults),7,"{'hdp': 1.5, 'over': '1.06'}"
75151586,2026-10-10,ATP,Shanghai,Bet365,Sebastian Baez,Valentin Vacherot,match_double_faults,2.5,1.2000,,2026-10-08T20:43:18Z,2026-10-10T04:00:00Z,Totals (Double Faults),7,"{'hdp': 2.5, 'over': '1.20'}"
75151586,2026-10-10,ATP,Shanghai,Bet365,Sebastian Baez,Valentin Vacherot,match_double_faults,4.5,1.9000,,2026-10-08T20:43:18Z,2026-10-10T04:00:00Z,Totals (Double Faults),7,"{'hdp': 4.5, 'over': '1.90'}"
75151586,2026-10-10,ATP,Shanghai,Bet365,Sebastian Baez,Valentin Vacherot,match_double_faults,7.5,6.5000,,2026-10-08T20:43:18Z,2026-10-10T04:00:00Z,Totals (Double Faults),7,"{'hdp': 7.5, 'over': '6.50'}"
75151586,2026-10-10,ATP,Shanghai,Bet365,Sebastian Baez,Valentin Vacherot,match_double_faults,9.5,17.0000,,2026-10-08T20:43:18Z,2026-10-10T04:00:00Z,Totals (Double Faults),7,"{'hdp': 9.5, 'over': '17.00'}"
75151586,2026-10-10,ATP,Shanghai,Bet365,Sebastian Baez,Valentin Vacherot,match_double_faults,11.5,26.0000,,2026-10-08T20:43:18Z,2026-10-10T04:00:00Z,Totals (Double Faults),7,"{'hdp': 11.5, 'over': '26.00'}"
75151586,2026-10-10,ATP,Shanghai,Bet365,Sebastian Baez,Valentin Vacherot,aces,0.5,1.0400,,2026-10-08T20:43:18Z,2026-10-10T04:00:00Z,Team Total (Aces) Home,5,"{'hdp': 0.5, 'over': '1.04'}"
75151586,2026-10-10,ATP,Shanghai,Bet365,Sebastian Baez,Valentin Vacherot,aces,2.5,1.4000,,2026-10-08T20:43:18Z,2026-10-10T04:00:00Z,Team Total (Aces) Home,5,"{'hdp': 2.5, 'over': '1.40'}"
75151586,2026-10-10,ATP,Shanghai,Bet365,Sebastian Baez,Valentin Vacherot,aces,4.5,2.5000,,2026-10-08T20:43:18Z,2026-10-10T04:00:00Z,Team Total (Aces) Home,5,"{'hdp': 4.5, 'over': '2.50'}"
75151586,2026-10-10,ATP,Shanghai,Bet365,Sebastian Baez,Valentin Vacherot,aces,9.5,17.0000,,2026-10-08T20:43:18Z,2026-10-10T04:00:00Z,Team Total (Aces) Home,5,"{'hdp': 9.5, 'over': '17.00'}"
75151586,2026-10-10,ATP,Shanghai,Bet365,Sebastian Baez,Valentin Vacherot,aces,14.5,26.0000,,2026-10-08T20:43:18Z,2026-10-10T04:00:00Z,Team Total (Aces) Home,5,"{'hdp': 14.5, 'over': '26.00'}"
75151586,2026-10-10,ATP,Shanghai,Bet365,Sebastian Baez,Valentin Vacherot,double_faults,0.5,1.2000,,2026-10-08T20:43:18Z,2026-10-10T04:00:00Z,Team Total (Double Faults) Home,4,"{'hdp': 0.5, 'over': '1.20'}"
75151586,2026-10-10,ATP,Shanghai,Bet365,Sebastian Baez,Valentin Vacherot,double_faults,1.5,1.8300,,2026-10-08T20:43:18Z,2026-10-10T04:00:00Z,Team Total (Double Faults) Home,4,"{'hdp': 1.5, 'over': '1.83'}"
75151586,2026-10-10,ATP,Shanghai,Bet365,Sebastian Baez,Valentin Vacherot,double_faults,2.5,3.7500,,2026-10-08T20:43:18Z,2026-10-10T04:00:00Z,Team Total (Double Faults) Home,4,"{'hdp': 2.5, 'over': '3.75'}"
75151586,2026-10-10,ATP,Shanghai,Bet365,Sebastian Baez,Valentin Vacherot,double_faults,4.5,19.0000,,2026-10-08T20:43:18Z,2026-10-10T04:00:00Z,Team Total (Double Faults) Home,4,"{'hdp': 4.5, 'over': '19.00'}"
75151586,2026-10-10,ATP,Shanghai,Bet365,Sebastian Baez,Valentin Vacherot,match_aces,4.5,1.0200,,2026-10-08T20:43:18Z,2026-10-10T04:00:00Z,Totals (Aces),8,"{'hdp': 4.5, 'over': '1.02'}"
75151586,2026-10-10,ATP,Shanghai,Bet365,Sebastian Baez,Valentin Vacherot,match_aces,9.5,1.3000,,2026-10-08T20:43:18Z,2026-10-10T04:00:00Z,Totals (Aces),8,"{'hdp': 9.5, 'over': '1.30'}"
75151586,2026-10-10,ATP,Shanghai,Bet365,Sebastian Baez,Valentin Vacherot,match_aces,14.5,2.1000,,2026-10-08T20:43:18Z,2026-10-10T04:00:00Z,Totals (Aces),8,"{'hdp': 14.5, 'over': '2.10'}"
75151586,2026-10-10,ATP,Shanghai,Bet365,Sebastian Baez,Valentin Vacherot,match_aces,19.5,4.0000,,2026-10-08T20:43:18Z,2026-10-10T04:00:00Z,Totals (Aces),8,"{'hdp': 19.5, 'over': '4.00'}"
75151586,2026-10-10,ATP,Shanghai,Bet365,Sebastian Baez,Valentin Vacherot,match_aces,24.5,9.0000,,2026-10-08T20:43:18Z,2026-10-10T04:00:00Z,Totals (Aces),8,"{'hdp': 24.5, 'over': '9.00'}"
75151586,2026-10-10,ATP,Shanghai,Bet365,Sebastian Baez,Valentin Vacherot,match_aces,29.5,19.0000,,2026-10-08T20:43:18Z,2026-10-10T04:00:00Z,Totals (Aces),8,"{'hdp': 29.5, 'over': '19.00'}"
75151586,2026-10-10,ATP,Shanghai,Bet365,Sebastian Baez,Valentin Vacherot,match_aces,39.5,26.0000,,2026-10-08T20:43:18Z,2026-10-10T04:00:00Z,Totals (Aces),8,"{'hdp': 39.5, 'over': '26.00'}"
75151586,2026-10-10,ATP,Shanghai,Bet365,Valentin Vacherot,Sebastian Baez,aces,2.5,1.0200,,2026-10-08T20:43:18Z,2026-10-10T04:00:00Z,Team Total (Aces) Away,7,"{'hdp': 2.5, 'over': '1.02'}"
75151586,2026-10-10,ATP,Shanghai,Bet365,Valentin Vacherot,Sebastian Baez,aces,4.5,1.1100,,2026-10-08T20:43:18Z,2026-10-10T04:00:00Z,Team Total (Aces) Away,7,"{'hdp': 4.5, 'over': '1.11'}"
75151586,2026-10-10,ATP,Shanghai,Bet365,Valentin Vacherot,Sebastian Baez,aces,9.5,1.8300,,2026-10-08T20:43:18Z,2026-10-10T04:00:00Z,Team Total (Aces) Away,7,"{'hdp': 9.5, 'over': '1.83'}"
75151586,2026-10-10,ATP,Shanghai,Bet365,Valentin Vacherot,Sebastian Baez,aces,14.5,4.0000,,2026-10-08T20:43:18Z,2026-10-10T04:00:00Z,Team Total (Aces) Away,7,"{'hdp': 14.5, 'over': '4.00'}"
75151586,2026-10-10,ATP,Shanghai,Bet365,Valentin Vacherot,Sebastian Baez,aces,19.5,11.0000,,2026-10-08T20:43:18Z,2026-10-10T04:00:00Z,Team Total (Aces) Away,7,"{'hdp': 19.5, 'over': '11.00'}"
75151586,2026-10-10,ATP,Shanghai,Bet365,Valentin Vacherot,Sebastian Baez,aces,24.5,26.0000,,2026-10-08T20:43:18Z,2026-10-10T04:00:00Z,Team Total (Aces) Away,7,"{'hdp': 24.5, 'over': '26.00'}"
75413686,2026-10-10,ATP,Shanghai,Bet365,Jan-Lennard Struff,Daniil Medvedev,double_faults,0.5,1.0700,,2026-10-08T20:43:18Z,2026-10-10T04:00:00Z,Team Total (Double Faults) Away,5,"{'hdp': 0.5, 'over': '1.07'}"
75413686,2026-10-10,ATP,Shanghai,Bet365,Jan-Lennard Struff,Daniil Medvedev,double_faults,1.5,1.3600,,2026-10-08T20:43:18Z,2026-10-10T04:00:00Z,Team Total (Double Faults) Away,5,"{'hdp': 1.5, 'over': '1.36'}"
75413686,2026-10-10,ATP,Shanghai,Bet365,Jan-Lennard Struff,Daniil Medvedev,double_faults,2.5,2.1000,,2026-10-08T20:43:18Z,2026-10-10T04:00:00Z,Team Total (Double Faults) Away,5,"{'hdp': 2.5, 'over': '2.10'}"
75413686,2026-10-10,ATP,Shanghai,Bet365,Jan-Lennard Struff,Daniil Medvedev,double_faults,4.5,7.0000,,2026-10-08T20:43:18Z,2026-10-10T04:00:00Z,Team Total (Double Faults) Away,5,"{'hdp': 4.5, 'over': '7.00'}"
75413686,2026-10-10,ATP,Shanghai,Bet365,Jan-Lennard Struff,Daniil Medvedev,double_faults,7.5,26.0000,,2026-10-08T20:43:18Z,2026-10-10T04:00:00Z,Team Total (Double Faults) Away,5,"{'hdp': 7.5, 'over': '26.00'}"
75413686,2026-10-10,ATP,Shanghai,Bet365,Daniil Medvedev,Jan-Lennard Struff,match_double_faults,1.5,1.0400,,2026-10-08T20:43:18Z,2026-10-10T04:00:00Z,Totals (Double Faults),7,"{'hdp': 1.5, 'over': '1.04'}"
75413686,2026-10-10,ATP,Shanghai,Bet365,Daniil Medvedev,Jan-Lennard Struff,match_double_faults,2.5,1.1200,,2026-10-08T20:43:18Z,2026-10-10T04:00:00Z,Totals (Double Faults),7,"{'hdp': 2.5, 'over': '1.12'}"
75413686,2026-10-10,ATP,Shanghai,Bet365,Daniil Medvedev,Jan-Lennard Struff,match_double_faults,4.5,1.6600,,2026-10-08T20:43:18Z,2026-10-10T04:00:00Z,Totals (Double Faults),7,"{'hdp': 4.5, 'over': '1.66'}"
75413686,2026-10-10,ATP,Shanghai,Bet365,Daniil Medvedev,Jan-Lennard Struff,match_double_faults,7.5,4.5000,,2026-10-08T20:43:18Z,2026-10-10T04:00:00Z,Totals (Double Faults),7,"{'hdp': 7.5, 'over': '4.50'}"
75413686,2026-10-10,ATP,Shanghai,Bet365,Daniil Medvedev,Jan-Lennard Struff,match_double_faults,9.5,11.0000,,2026-10-08T20:43:18Z,2026-10-10T04:00:00Z,Totals (Double Faults),7,"{'hdp': 9.5, 'over': '11.00'}"
75413686,2026-10-10,ATP,Shanghai,Bet365,Daniil Medvedev,Jan-Lennard Struff,match_double_faults,11.5,26.0000,,2026-10-08T20:43:18Z,2026-10-10T04:00:00Z,Totals (Double Faults),7,"{'hdp': 11.5, 'over': '26.00'}"
75413686,2026-10-10,ATP,Shanghai,Bet365,Daniil Medvedev,Jan-Lennard Struff,double_faults,0.5,1.0800,,2026-10-08T20:43:18Z,2026-10-10T04:00:00Z,Team Total (Double Faults) Home,6,"{'hdp': 0.5, 'over': '1.08'}"
75413686,2026-10-10,ATP,Shanghai,Bet365,Daniil Medvedev,Jan-Lennard Struff,double_faults,1.5,1.3600,,2026-10-08T20:43:18Z,2026-10-10T04:00:00Z,Team Total (Double Faults) Home,6,"{'hdp': 1.5, 'over': '1.36'}"
75413686,2026-10-10,ATP,Shanghai,Bet365,Daniil Medvedev,Jan-Lennard Struff,double_faults,2.5,1.8300,,2026-10-08T20:43:18Z,2026-10-10T04:00:00Z,Team Total (Double Faults) Home,6,"{'hdp': 2.5, 'over': '1.83'}"
75413686,2026-10-10,ATP,Shanghai,Bet365,Daniil Medvedev,Jan-Lennard Struff,double_faults,4.5,4.5000,,2026-10-08T20:43:18Z,2026-10-10T04:00:00Z,Team Total (Double Faults) Home,6,"{'hdp': 4.5, 'over': '4.50'}"
75413686,2026-10-10,ATP,Shanghai,Bet365,Daniil Medvedev,Jan-Lennard Struff,double_faults,7.5,23.0000,,2026-10-08T20:43:18Z,2026-10-10T04:00:00Z,Team Total (Double Faults) Home,6,"{'hdp': 7.5, 'over': '23.00'}"
75413686,2026-10-10,ATP,Shanghai,Bet365,Daniil Medvedev,Jan-Lennard Struff,double_faults,9.5,26.0000,,2026-10-08T20:43:18Z,2026-10-10T04:00:00Z,Team Total (Double Faults) Home,6,"{'hdp': 9.5, 'over': '26.00'}"
75413688,2026-10-10,ATP,Shanghai,Bet365,Alex Michelsen,Botic Van de Zandschulp,double_faults,0.5,1.0700,,2026-10-08T20:43:18Z,2026-10-10T04:00:00Z,Team Total (Double Faults) Away,5,"{'hdp': 0.5, 'over': '1.07'}"
75413688,2026-10-10,ATP,Shanghai,Bet365,Alex Michelsen,Botic Van de Zandschulp,double_faults,1.5,1.3300,,2026-10-08T20:43:18Z,2026-10-10T04:00:00Z,Team Total (Double Faults) Away,5,"{'hdp': 1.5, 'over': '1.33'}"
75413688,2026-10-10,ATP,Shanghai,Bet365,Alex Michelsen,Botic Van de Zandschulp,double_faults,2.5,1.8300,,2026-10-08T20:43:18Z,2026-10-10T04:00:00Z,Team Total (Double Faults) Away,5,"{'hdp': 2.5, 'over': '1.83'}"
75413688,2026-10-10,ATP,Shanghai,Bet365,Alex Michelsen,Botic Van de Zandschulp,double_faults,4.5,5.0000,,2026-10-08T20:43:18Z,2026-10-10T04:00:00Z,Team Total (Double Faults) Away,5,"{'hdp': 4.5, 'over': '5.00'}"
75413688,2026-10-10,ATP,Shanghai,Bet365,Alex Michelsen,Botic Van de Zandschulp,double_faults,7.5,26.0000,,2026-10-08T20:43:18Z,2026-10-10T04:00:00Z,Team Total (Double Faults) Away,5,"{'hdp': 7.5, 'over': '26.00'}"
75413688,2026-10-10,ATP,Shanghai,Bet365,Botic Van de Zandschulp,Alex Michelsen,double_faults,1.5,1.0600,,2026-10-08T20:43:18Z,2026-10-10T04:00:00Z,Team Total (Double Faults) Home,7,"{'hdp': 1.5, 'over': '1.06'}"
75413688,2026-10-10,ATP,Shanghai,Bet365,Botic Van de Zandschulp,Alex Michelsen,double_faults,2.5,1.2000,,2026-10-08T20:43:18Z,2026-10-10T04:00:00Z,Team Total (Double Faults) Home,7,"{'hdp': 2.5, 'over': '1.20'}"
75413688,2026-10-10,ATP,Shanghai,Bet365,Botic Van de Zandschulp,Alex Michelsen,double_faults,4.5,1.8300,,2026-10-08T20:43:18Z,2026-10-10T04:00:00Z,Team Total (Double Faults) Home,7,"{'hdp': 4.5, 'over': '1.83'}"
75413688,2026-10-10,ATP,Shanghai,Bet365,Botic Van de Zandschulp,Alex Michelsen,double_faults,7.5,6.0000,,2026-10-08T20:43:18Z,2026-10-10T04:00:00Z,Team Total (Double Faults) Home,7,"{'hdp': 7.5, 'over': '6.00'}"
75413688,2026-10-10,ATP,Shanghai,Bet365,Botic Van de Zandschulp,Alex Michelsen,double_faults,9.5,15.0000,,2026-10-08T20:43:18Z,2026-10-10T04:00:00Z,Team Total (Double Faults) Home,7,"{'hdp': 9.5, 'over': '15.00'}"
75413688,2026-10-10,ATP,Shanghai,Bet365,Botic Van de Zandschulp,Alex Michelsen,double_faults,11.5,26.0000,,2026-10-08T20:43:18Z,2026-10-10T04:00:00Z,Team Total (Double Faults) Home,7,"{'hdp': 11.5, 'over': '26.00'}"
75413688,2026-10-10,ATP,Shanghai,Bet365,Botic Van de Zandschulp,Alex Michelsen,match_double_faults,2.5,1.0200,,2026-10-08T20:43:18Z,2026-10-10T04:00:00Z,Totals (Double Faults),9,"{'hdp': 2.5, 'over': '1.02'}"
75413688,2026-10-10,ATP,Shanghai,Bet365,Botic Van de Zandschulp,Alex Michelsen,match_double_faults,4.5,1.1800,,2026-10-08T20:43:18Z,2026-10-10T04:00:00Z,Totals (Double Faults),9,"{'hdp': 4.5, 'over': '1.18'}"
75413688,2026-10-10,ATP,Shanghai,Bet365,Botic Van de Zandschulp,Alex Michelsen,match_double_faults,7.5,2.0000,,2026-10-08T20:43:18Z,2026-10-10T04:00:00Z,Totals (Double Faults),9,"{'hdp': 7.5, 'over': '2.00'}"
75413688,2026-10-10,ATP,Shanghai,Bet365,Botic Van de Zandschulp,Alex Michelsen,match_double_faults,9.5,3.5000,,2026-10-08T20:43:18Z,2026-10-10T04:00:00Z,Totals (Double Faults),9,"{'hdp': 9.5, 'over': '3.50'}"
75413688,2026-10-10,ATP,Shanghai,Bet365,Botic Van de Zandschulp,Alex Michelsen,match_double_faults,11.5,7.0000,,2026-10-08T20:43:18Z,2026-10-10T04:00:00Z,Totals (Double Faults),9,"{'hdp': 11.5, 'over': '7.00'}"
75413688,2026-10-10,ATP,Shanghai,Bet365,Botic Van de Zandschulp,Alex Michelsen,match_double_faults,14.5,21.0000,,2026-10-08T20:43:18Z,2026-10-10T04:00:00Z,Totals (Double Faults),9,"{'hdp': 14.5, 'over': '21.00'}"
75413688,2026-10-10,ATP,Shanghai,Bet365,Botic Van de Zandschulp,Alex Michelsen,match_double_faults,19.5,26.0000,,2026-10-08T20:43:18Z,2026-10-10T04:00:00Z,Totals (Double Faults),9,"{'hdp': 19.5, 'over': '26.00'}"
