captured_at,event_id,kickoff_at,bookmaker,league,home,away,market_name,odds_count,sample_labels
2026-08-29T13:52:32Z,73853074,2026-08-29T20:00:00Z,Bet365,"ATP - Winston Salem, USA","Fery, Arthur","Buse, Ignacio",ML,1,"{'home': '1.80', 'away': '2.00'}"
2026-08-29T13:52:32Z,73853074,2026-08-29T20:00:00Z,Bet365,"ATP - Winston Salem, USA","Fery, Arthur","Buse, Ignacio",Totals 1st Set,6,hdp=6.5 | hdp=7.5 | hdp=8.5 | hdp=9.5 | hdp=10.5 | hdp=12.5
2026-08-29T13:52:32Z,73853074,2026-08-29T20:00:00Z,Bet365,"ATP - Winston Salem, USA","Fery, Arthur","Buse, Ignacio",Totals (Double Faults),6,hdp=0.5 | hdp=1.5 | hdp=2.5 | hdp=4.5 | hdp=7.5 | hdp=9.5
2026-08-29T13:52:32Z,73853074,2026-08-29T20:00:00Z,Bet365,"ATP - Winston Salem, USA","Fery, Arthur","Buse, Ignacio",Totals (Games),1,hdp=22.5
2026-08-29T13:52:32Z,73853074,2026-08-29T20:00:00Z,Bet365,"ATP - Winston Salem, USA","Fery, Arthur","Buse, Ignacio",Set Betting,4,label=2-0 (1) | label=2-1 (1) | label=2-0 (2) | label=2-1 (2)
2026-08-29T13:52:32Z,73853074,2026-08-29T20:00:00Z,Bet365,"ATP - Winston Salem, USA","Fery, Arthur","Buse, Ignacio",Spread (Games),1,hdp=-1.5
2026-08-29T13:52:32Z,73853074,2026-08-29T20:00:00Z,Bet365,"ATP - Winston Salem, USA","Fery, Arthur","Buse, Ignacio",Team Total (Double Faults) Away,5,hdp=0.5 | hdp=1.5 | hdp=2.5 | hdp=4.5 | hdp=7.5
2026-08-29T13:52:32Z,73853074,2026-08-29T20:00:00Z,Bet365,"ATP - Winston Salem, USA","Fery, Arthur","Buse, Ignacio",Team Total (Double Faults) Home,5,hdp=0.5 | hdp=1.5 | hdp=2.5 | hdp=4.5 | hdp=7.5
2026-08-29T13:52:32Z,73853074,2026-08-29T20:00:00Z,Bet365,"ATP - Winston Salem, USA","Fery, Arthur","Buse, Ignacio",Team Total (Games) Away,1,hdp=12.5
2026-08-29T13:52:32Z,73853074,2026-08-29T20:00:00Z,Bet365,"ATP - Winston Salem, USA","Fery, Arthur","Buse, Ignacio",Team Total (Games) Home,1,hdp=12.5
2026-08-29T13:52:32Z,73863008,2026-08-29T23:30:00Z,Bet365,"WTA - Monterrey, Mexico","Parry, Diane","Mertens, Elise",ML,1,"{'home': '2.75', 'away': '1.44'}"
2026-08-29T13:52:32Z,73863008,2026-08-29T23:30:00Z,Bet365,"WTA - Monterrey, Mexico","Parry, Diane","Mertens, Elise",Team Total (Double Faults) Away,9,hdp=0.5 | hdp=1.5 | hdp=2.5 | hdp=4.5 | hdp=7.5 | hdp=9.5
2026-08-29T13:52:32Z,73863008,2026-08-29T23:30:00Z,Bet365,"WTA - Monterrey, Mexico","Parry, Diane","Mertens, Elise",Team Total (Games) Home,1,hdp=11.5
2026-08-29T13:52:32Z,73863008,2026-08-29T23:30:00Z,Bet365,"WTA - Monterrey, Mexico","Parry, Diane","Mertens, Elise",Totals (Games),1,hdp=22.5
2026-08-29T13:52:32Z,73863008,2026-08-29T23:30:00Z,Bet365,"WTA - Monterrey, Mexico","Parry, Diane","Mertens, Elise",Team Total (Aces) Home,6,hdp=2.5 | hdp=4.5 | hdp=9.5 | hdp=14.5 | hdp=19.5 | hdp=0.5
2026-08-29T13:52:32Z,73863008,2026-08-29T23:30:00Z,Bet365,"WTA - Monterrey, Mexico","Parry, Diane","Mertens, Elise",Spread (Games),1,hdp=3.5
2026-08-29T13:52:32Z,73863008,2026-08-29T23:30:00Z,Bet365,"WTA - Monterrey, Mexico","Parry, Diane","Mertens, Elise",Team Total (Aces) Away,7,hdp=2.5 | hdp=4.5 | hdp=9.5 | hdp=14.5 | hdp=19.5 | hdp=24.5
2026-08-29T13:52:32Z,73863008,2026-08-29T23:30:00Z,Bet365,"WTA - Monterrey, Mexico","Parry, Diane","Mertens, Elise",Team Total (Double Faults) Home,7,hdp=0.5 | hdp=1.5 | hdp=2.5 | hdp=4.5 | hdp=7.5 | hdp=9.5
2026-08-29T13:52:32Z,73863008,2026-08-29T23:30:00Z,Bet365,"WTA - Monterrey, Mexico","Parry, Diane","Mertens, Elise",Team Total (Games) Away,1,hdp=12.5
2026-08-29T13:52:32Z,73863008,2026-08-29T23:30:00Z,Bet365,"WTA - Monterrey, Mexico","Parry, Diane","Mertens, Elise",Totals 1st Set,6,hdp=6.5 | hdp=7.5 | hdp=8.5 | hdp=9.5 | hdp=10.5 | hdp=12.5
2026-08-29T13:52:32Z,73863008,2026-08-29T23:30:00Z,Bet365,"WTA - Monterrey, Mexico","Parry, Diane","Mertens, Elise",Totals (Aces),8,hdp=4.5 | hdp=9.5 | hdp=14.5 | hdp=19.5 | hdp=24.5 | hdp=29.5
2026-08-29T13:52:32Z,73863008,2026-08-29T23:30:00Z,Bet365,"WTA - Monterrey, Mexico","Parry, Diane","Mertens, Elise",Totals (Double Faults),9,hdp=1.5 | hdp=2.5 | hdp=4.5 | hdp=7.5 | hdp=9.5 | hdp=11.5
2026-08-29T13:52:32Z,73863008,2026-08-29T23:30:00Z,Bet365,"WTA - Monterrey, Mexico","Parry, Diane","Mertens, Elise",Set Betting,4,label=2-0 (1) | label=2-1 (1) | label=2-0 (2) | label=2-1 (2)
2026-08-29T13:52:32Z,74150446,2026-08-30T15:00:00Z,Bet365,"WTA - US Open, New York, USA","Zarazua, Renata","Iatcenko, Polina",ML,1,"{'home': '1.80', 'away': '2.00'}"
2026-08-29T13:52:32Z,74150446,2026-08-30T15:00:00Z,Bet365,"WTA - US Open, New York, USA","Zarazua, Renata","Iatcenko, Polina",Team Total (Aces) Home,4,hdp=0.5 | hdp=2.5 | hdp=4.5 | hdp=9.5
2026-08-29T13:52:32Z,74150446,2026-08-30T15:00:00Z,Bet365,"WTA - US Open, New York, USA","Zarazua, Renata","Iatcenko, Polina",Totals 1st Set,6,hdp=8.5 | hdp=9.5 | hdp=10.5 | hdp=6.5 | hdp=7.5 | hdp=12.5
2026-08-29T13:52:32Z,74150446,2026-08-30T15:00:00Z,Bet365,"WTA - US Open, New York, USA","Zarazua, Renata","Iatcenko, Polina",Totals (Aces),6,hdp=4.5 | hdp=0.5 | hdp=2.5 | hdp=9.5 | hdp=14.5 | hdp=19.5
2026-08-29T13:52:32Z,74150446,2026-08-30T15:00:00Z,Bet365,"WTA - US Open, New York, USA","Zarazua, Renata","Iatcenko, Polina",Spread (Games),1,hdp=-1.5
2026-08-29T13:52:32Z,74150446,2026-08-30T15:00:00Z,Bet365,"WTA - US Open, New York, USA","Zarazua, Renata","Iatcenko, Polina",Team Total (Aces) Away,5,hdp=0.5 | hdp=2.5 | hdp=4.5 | hdp=9.5 | hdp=14.5
2026-08-29T13:52:32Z,74150446,2026-08-30T15:00:00Z,Bet365,"WTA - US Open, New York, USA","Zarazua, Renata","Iatcenko, Polina",Team Total (Games) Away,1,hdp=12.5
2026-08-29T13:52:32Z,74150446,2026-08-30T15:00:00Z,Bet365,"WTA - US Open, New York, USA","Zarazua, Renata","Iatcenko, Polina",Team Total (Double Faults) Home,5,hdp=0.5 | hdp=1.5 | hdp=2.5 | hdp=4.5 | hdp=7.5
2026-08-29T13:52:32Z,74150446,2026-08-30T15:00:00Z,Bet365,"WTA - US Open, New York, USA","Zarazua, Renata","Iatcenko, Polina",Totals (Double Faults),9,hdp=0.5 | hdp=1.5 | hdp=2.5 | hdp=4.5 | hdp=7.5 | hdp=9.5
2026-08-29T13:52:32Z,74150446,2026-08-30T15:00:00Z,Bet365,"WTA - US Open, New York, USA","Zarazua, Renata","Iatcenko, Polina",Totals (Games),1,hdp=21.5
2026-08-29T13:52:32Z,74150446,2026-08-30T15:00:00Z,Bet365,"WTA - US Open, New York, USA","Zarazua, Renata","Iatcenko, Polina",Team Total (Games) Home,1,hdp=12.5
2026-08-29T13:52:32Z,74150446,2026-08-30T15:00:00Z,Bet365,"WTA - US Open, New York, USA","Zarazua, Renata","Iatcenko, Polina",Set Betting,4,label=2-0 (1) | label=2-1 (1) | label=2-0 (2) | label=2-1 (2)
2026-08-29T13:52:32Z,74150446,2026-08-30T15:00:00Z,Bet365,"WTA - US Open, New York, USA","Zarazua, Renata","Iatcenko, Polina",Team Total (Double Faults) Away,8,hdp=0.5 | hdp=1.5 | hdp=2.5 | hdp=4.5 | hdp=7.5 | hdp=9.5
2026-08-29T13:52:32Z,74124708,2026-08-30T15:00:00Z,Bet365,"ATP - US Open, New York, USA","Wu, Yibing","Walton, Adam",ML,1,"{'home': '1.90', 'away': '1.90'}"
2026-08-29T13:52:32Z,74124708,2026-08-30T15:00:00Z,Bet365,"ATP - US Open, New York, USA","Wu, Yibing","Walton, Adam",Set Betting,6,label=3-0 (1) | label=3-1 (1) | label=3-2 (1) | label=3-0 (2) | label=3-1 (2) | label=3-2 (2)
2026-08-29T13:52:32Z,74124708,2026-08-30T15:00:00Z,Bet365,"ATP - US Open, New York, USA","Wu, Yibing","Walton, Adam",Spread (Games),1,hdp=-0.5
2026-08-29T13:52:32Z,74124708,2026-08-30T15:00:00Z,Bet365,"ATP - US Open, New York, USA","Wu, Yibing","Walton, Adam",Team Total (Aces) Away,8,hdp=0.5 | hdp=2.5 | hdp=4.5 | hdp=9.5 | hdp=14.5 | hdp=19.5
2026-08-29T13:52:32Z,74124708,2026-08-30T15:00:00Z,Bet365,"ATP - US Open, New York, USA","Wu, Yibing","Walton, Adam",Team Total (Games) Away,1,hdp=20.5
2026-08-29T13:52:32Z,74124708,2026-08-30T15:00:00Z,Bet365,"ATP - US Open, New York, USA","Wu, Yibing","Walton, Adam",Team Total (Games) Home,1,hdp=20.5
2026-08-29T13:52:32Z,74124708,2026-08-30T15:00:00Z,Bet365,"ATP - US Open, New York, USA","Wu, Yibing","Walton, Adam",Totals 1st Set,6,hdp=7.5 | hdp=8.5 | hdp=9.5 | hdp=10.5 | hdp=12.5 | hdp=6.5
2026-08-29T13:52:32Z,74124708,2026-08-30T15:00:00Z,Bet365,"ATP - US Open, New York, USA","Wu, Yibing","Walton, Adam",Totals (Aces),8,hdp=4.5 | hdp=9.5 | hdp=14.5 | hdp=19.5 | hdp=24.5 | hdp=39.5
2026-08-29T13:52:32Z,74124708,2026-08-30T15:00:00Z,Bet365,"ATP - US Open, New York, USA","Wu, Yibing","Walton, Adam",Team Total (Aces) Home,7,hdp=0.5 | hdp=2.5 | hdp=4.5 | hdp=9.5 | hdp=19.5 | hdp=24.5
2026-08-29T13:52:32Z,74124708,2026-08-30T15:00:00Z,Bet365,"ATP - US Open, New York, USA","Wu, Yibing","Walton, Adam",Totals (Games),1,hdp=39.5
2026-08-29T13:52:32Z,74124720,2026-08-30T15:00:00Z,Bet365,"ATP - US Open, New York, USA","Lehecka, Jiri","Carreno Busta, Pablo",ML,1,"{'home': '1.22', 'away': '4.33'}"
2026-08-29T13:52:32Z,74124720,2026-08-30T15:00:00Z,Bet365,"ATP - US Open, New York, USA","Lehecka, Jiri","Carreno Busta, Pablo",Team Total (Aces) Away,6,hdp=2.5 | hdp=0.5 | hdp=4.5 | hdp=9.5 | hdp=14.5 | hdp=19.5
2026-08-29T13:52:32Z,74124720,2026-08-30T15:00:00Z,Bet365,"ATP - US Open, New York, USA","Lehecka, Jiri","Carreno Busta, Pablo",Team Total (Games) Away,1,hdp=16.5
2026-08-29T13:52:32Z,74124720,2026-08-30T15:00:00Z,Bet365,"ATP - US Open, New York, USA","Lehecka, Jiri","Carreno Busta, Pablo",Team Total (Games) Home,1,hdp=20.5
2026-08-29T13:52:32Z,74124720,2026-08-30T15:00:00Z,Bet365,"ATP - US Open, New York, USA","Lehecka, Jiri","Carreno Busta, Pablo",Totals (Games),1,hdp=37.5
2026-08-29T13:52:32Z,74124720,2026-08-30T15:00:00Z,Bet365,"ATP - US Open, New York, USA","Lehecka, Jiri","Carreno Busta, Pablo",Set Betting,6,label=3-0 (1) | label=3-1 (1) | label=3-2 (1) | label=3-0 (2) | label=3-1 (2) | label=3-2 (2)
2026-08-29T13:52:32Z,74124720,2026-08-30T15:00:00Z,Bet365,"ATP - US Open, New York, USA","Lehecka, Jiri","Carreno Busta, Pablo",Spread (Games),1,hdp=-5.5
2026-08-29T13:52:32Z,74124720,2026-08-30T15:00:00Z,Bet365,"ATP - US Open, New York, USA","Lehecka, Jiri","Carreno Busta, Pablo",Team Total (Double Faults) Away,6,hdp=0.5 | hdp=1.5 | hdp=2.5 | hdp=4.5 | hdp=7.5 | hdp=9.5
2026-08-29T13:52:32Z,74124720,2026-08-30T15:00:00Z,Bet365,"ATP - US Open, New York, USA","Lehecka, Jiri","Carreno Busta, Pablo",Team Total (Double Faults) Home,6,hdp=0.5 | hdp=1.5 | hdp=2.5 | hdp=4.5 | hdp=7.5 | hdp=9.5
2026-08-29T13:52:32Z,74124720,2026-08-30T15:00:00Z,Bet365,"ATP - US Open, New York, USA","Lehecka, Jiri","Carreno Busta, Pablo",Totals 1st Set,6,hdp=7.5 | hdp=9.5 | hdp=6.5 | hdp=8.5 | hdp=10.5 | hdp=12.5
2026-08-29T13:52:32Z,74124720,2026-08-30T15:00:00Z,Bet365,"ATP - US Open, New York, USA","Lehecka, Jiri","Carreno Busta, Pablo",Totals (Aces),9,hdp=9.5 | hdp=14.5 | hdp=19.5 | hdp=39.5 | hdp=2.5 | hdp=4.5
2026-08-29T13:52:32Z,74124720,2026-08-30T15:00:00Z,Bet365,"ATP - US Open, New York, USA","Lehecka, Jiri","Carreno Busta, Pablo",Totals (Double Faults),8,hdp=0.5 | hdp=1.5 | hdp=2.5 | hdp=4.5 | hdp=7.5 | hdp=9.5
2026-08-29T13:52:32Z,74124720,2026-08-30T15:00:00Z,Bet365,"ATP - US Open, New York, USA","Lehecka, Jiri","Carreno Busta, Pablo",Team Total (Aces) Home,9,hdp=29.5 | hdp=0.5 | hdp=2.5 | hdp=4.5 | hdp=9.5 | hdp=14.5
2026-08-29T13:52:32Z,74124744,2026-08-30T15:00:00Z,Bet365,"ATP - US Open, New York, USA","Majchrzak, Kamil","Medjedovic, Hamad",ML,1,"{'home': '1.80', 'away': '2.00'}"
2026-08-29T13:52:32Z,74124744,2026-08-30T15:00:00Z,Bet365,"ATP - US Open, New York, USA","Majchrzak, Kamil","Medjedovic, Hamad",Team Total (Games) Away,1,hdp=19.5
2026-08-29T13:52:32Z,74124744,2026-08-30T15:00:00Z,Bet365,"ATP - US Open, New York, USA","Majchrzak, Kamil","Medjedovic, Hamad",Team Total (Double Faults) Home,6,hdp=0.5 | hdp=1.5 | hdp=2.5 | hdp=4.5 | hdp=7.5 | hdp=9.5
2026-08-29T13:52:32Z,74124744,2026-08-30T15:00:00Z,Bet365,"ATP - US Open, New York, USA","Majchrzak, Kamil","Medjedovic, Hamad",Team Total (Aces) Home,9,hdp=0.5 | hdp=2.5 | hdp=4.5 | hdp=9.5 | hdp=14.5 | hdp=19.5
2026-08-29T13:52:32Z,74124744,2026-08-30T15:00:00Z,Bet365,"ATP - US Open, New York, USA","Majchrzak, Kamil","Medjedovic, Hamad",Team Total (Games) Home,1,hdp=19.5
2026-08-29T13:52:32Z,74124744,2026-08-30T15:00:00Z,Bet365,"ATP - US Open, New York, USA","Majchrzak, Kamil","Medjedovic, Hamad",Totals (Games),1,hdp=38.5
2026-08-29T13:52:32Z,74124744,2026-08-30T15:00:00Z,Bet365,"ATP - US Open, New York, USA","Majchrzak, Kamil","Medjedovic, Hamad",Team Total (Double Faults) Away,9,hdp=0.5 | hdp=1.5 | hdp=2.5 | hdp=4.5 | hdp=7.5 | hdp=9.5
2026-08-29T13:52:32Z,74124744,2026-08-30T15:00:00Z,Bet365,"ATP - US Open, New York, USA","Majchrzak, Kamil","Medjedovic, Hamad",Spread (Games),1,hdp=-0.5
2026-08-29T13:52:32Z,74124744,2026-08-30T15:00:00Z,Bet365,"ATP - US Open, New York, USA","Majchrzak, Kamil","Medjedovic, Hamad",Totals 1st Set,6,hdp=6.5 | hdp=7.5 | hdp=8.5 | hdp=9.5 | hdp=10.5 | hdp=12.5
2026-08-29T13:52:32Z,74124744,2026-08-30T15:00:00Z,Bet365,"ATP - US Open, New York, USA","Majchrzak, Kamil","Medjedovic, Hamad",Totals (Aces),7,hdp=9.5 | hdp=14.5 | hdp=19.5 | hdp=24.5 | hdp=29.5 | hdp=39.5
2026-08-29T13:52:32Z,74124744,2026-08-30T15:00:00Z,Bet365,"ATP - US Open, New York, USA","Majchrzak, Kamil","Medjedovic, Hamad",Totals (Double Faults),9,hdp=1.5 | hdp=2.5 | hdp=4.5 | hdp=7.5 | hdp=9.5 | hdp=11.5
2026-08-29T13:52:32Z,74124744,2026-08-30T15:00:00Z,Bet365,"ATP - US Open, New York, USA","Majchrzak, Kamil","Medjedovic, Hamad",Set Betting,6,label=3-0 (1) | label=3-1 (1) | label=3-2 (1) | label=3-0 (2) | label=3-1 (2) | label=3-2 (2)
2026-08-29T13:52:32Z,74124744,2026-08-30T15:00:00Z,Bet365,"ATP - US Open, New York, USA","Majchrzak, Kamil","Medjedovic, Hamad",Team Total (Aces) Away,10,hdp=0.5 | hdp=2.5 | hdp=4.5 | hdp=9.5 | hdp=14.5 | hdp=19.5
2026-08-29T13:52:32Z,74124748,2026-08-30T15:00:00Z,Bet365,"ATP - US Open, New York, USA","Shimabukuro, Sho","Rinderknech, Arthur",ML,1,"{'home': '3.40', 'away': '1.33'}"
2026-08-29T13:52:32Z,74124748,2026-08-30T15:00:00Z,Bet365,"ATP - US Open, New York, USA","Shimabukuro, Sho","Rinderknech, Arthur",Set Betting,6,label=3-0 (1) | label=3-1 (1) | label=3-2 (1) | label=3-0 (2) | label=3-1 (2) | label=3-2 (2)
2026-08-29T13:52:32Z,74124748,2026-08-30T15:00:00Z,Bet365,"ATP - US Open, New York, USA","Shimabukuro, Sho","Rinderknech, Arthur",Spread (Games),1,hdp=4.5
2026-08-29T13:52:32Z,74124748,2026-08-30T15:00:00Z,Bet365,"ATP - US Open, New York, USA","Shimabukuro, Sho","Rinderknech, Arthur",Team Total (Double Faults) Away,7,hdp=0.5 | hdp=1.5 | hdp=2.5 | hdp=4.5 | hdp=7.5 | hdp=9.5
2026-08-29T13:52:32Z,74124748,2026-08-30T15:00:00Z,Bet365,"ATP - US Open, New York, USA","Shimabukuro, Sho","Rinderknech, Arthur",Team Total (Double Faults) Home,8,hdp=0.5 | hdp=1.5 | hdp=2.5 | hdp=4.5 | hdp=7.5 | hdp=9.5
2026-08-29T13:52:32Z,74124748,2026-08-30T15:00:00Z,Bet365,"ATP - US Open, New York, USA","Shimabukuro, Sho","Rinderknech, Arthur",Team Total (Games) Away,1,hdp=20.5
2026-08-29T13:52:32Z,74124748,2026-08-30T15:00:00Z,Bet365,"ATP - US Open, New York, USA","Shimabukuro, Sho","Rinderknech, Arthur",Totals 1st Set,6,hdp=7.5 | hdp=6.5 | hdp=8.5 | hdp=9.5 | hdp=10.5 | hdp=12.5
2026-08-29T13:52:32Z,74124748,2026-08-30T15:00:00Z,Bet365,"ATP - US Open, New York, USA","Shimabukuro, Sho","Rinderknech, Arthur",Totals (Double Faults),9,hdp=1.5 | hdp=2.5 | hdp=4.5 | hdp=7.5 | hdp=9.5 | hdp=11.5
2026-08-29T13:52:32Z,74124748,2026-08-30T15:00:00Z,Bet365,"ATP - US Open, New York, USA","Shimabukuro, Sho","Rinderknech, Arthur",Totals (Games),1,hdp=38.5
2026-08-29T13:52:32Z,74124748,2026-08-30T15:00:00Z,Bet365,"ATP - US Open, New York, USA","Shimabukuro, Sho","Rinderknech, Arthur",Team Total (Games) Home,1,hdp=18.5
2026-08-29T13:52:32Z,74124870,2026-08-30T15:00:00Z,Bet365,"WTA - US Open, New York, USA","Paolini, Jasmine","Erjavec, Veronika",ML,1,"{'home': '1.12', 'away': '6.00'}"
2026-08-29T13:52:32Z,74124870,2026-08-30T15:00:00Z,Bet365,"WTA - US Open, New York, USA","Paolini, Jasmine","Erjavec, Veronika",Spread (Games),1,hdp=-5.5
2026-08-29T13:52:32Z,74124870,2026-08-30T15:00:00Z,Bet365,"WTA - US Open, New York, USA","Paolini, Jasmine","Erjavec, Veronika",Team Total (Aces) Away,4,hdp=0.5 | hdp=2.5 | hdp=4.5 | hdp=9.5
2026-08-29T13:52:32Z,74124870,2026-08-30T15:00:00Z,Bet365,"WTA - US Open, New York, USA","Paolini, Jasmine","Erjavec, Veronika",Team Total (Games) Away,1,hdp=7.5
2026-08-29T13:52:32Z,74124870,2026-08-30T15:00:00Z,Bet365,"WTA - US Open, New York, USA","Paolini, Jasmine","Erjavec, Veronika",Team Total (Games) Home,1,hdp=12.5
2026-08-29T13:52:32Z,74124870,2026-08-30T15:00:00Z,Bet365,"WTA - US Open, New York, USA","Paolini, Jasmine","Erjavec, Veronika",Totals 1st Set,6,hdp=6.5 | hdp=7.5 | hdp=8.5 | hdp=9.5 | hdp=10.5 | hdp=12.5
2026-08-29T13:52:32Z,74124870,2026-08-30T15:00:00Z,Bet365,"WTA - US Open, New York, USA","Paolini, Jasmine","Erjavec, Veronika",Totals (Aces),5,hdp=0.5 | hdp=2.5 | hdp=4.5 | hdp=9.5 | hdp=14.5
2026-08-29T13:52:32Z,74124870,2026-08-30T15:00:00Z,Bet365,"WTA - US Open, New York, USA","Paolini, Jasmine","Erjavec, Veronika",Totals (Games),1,hdp=19.5
2026-08-29T13:52:32Z,74124870,2026-08-30T15:00:00Z,Bet365,"WTA - US Open, New York, USA","Paolini, Jasmine","Erjavec, Veronika",Set Betting,4,label=2-0 (1) | label=2-1 (1) | label=2-0 (2) | label=2-1 (2)
2026-08-29T13:52:32Z,74124870,2026-08-30T15:00:00Z,Bet365,"WTA - US Open, New York, USA","Paolini, Jasmine","Erjavec, Veronika",Team Total (Aces) Home,4,hdp=0.5 | hdp=2.5 | hdp=4.5 | hdp=9.5
2026-08-29T13:52:32Z,74124712,2026-08-30T15:00:00Z,Bet365,"ATP - US Open, New York, USA","Prizmic, Dino","Shevchenko, Aleksandr",ML,1,"{'home': '1.33', 'away': '3.40'}"
2026-08-29T13:52:32Z,74124712,2026-08-30T15:00:00Z,Bet365,"ATP - US Open, New York, USA","Prizmic, Dino","Shevchenko, Aleksandr",Totals (Games),1,hdp=37.5
2026-08-29T13:52:32Z,74124712,2026-08-30T15:00:00Z,Bet365,"ATP - US Open, New York, USA","Prizmic, Dino","Shevchenko, Aleksandr",Set Betting,6,label=3-0 (1) | label=3-1 (1) | label=3-2 (1) | label=3-0 (2) | label=3-1 (2) | label=3-2 (2)
2026-08-29T13:52:32Z,74124712,2026-08-30T15:00:00Z,Bet365,"ATP - US Open, New York, USA","Prizmic, Dino","Shevchenko, Aleksandr",Team Total (Double Faults) Away,8,hdp=0.5 | hdp=1.5 | hdp=2.5 | hdp=4.5 | hdp=7.5 | hdp=9.5
2026-08-29T13:52:32Z,74124712,2026-08-30T15:00:00Z,Bet365,"ATP - US Open, New York, USA","Prizmic, Dino","Shevchenko, Aleksandr",Team Total (Double Faults) Home,8,hdp=0.5 | hdp=1.5 | hdp=2.5 | hdp=4.5 | hdp=7.5 | hdp=9.5
2026-08-29T13:52:32Z,74124712,2026-08-30T15:00:00Z,Bet365,"ATP - US Open, New York, USA","Prizmic, Dino","Shevchenko, Aleksandr",Totals (Aces),8,hdp=2.5 | hdp=4.5 | hdp=9.5 | hdp=14.5 | hdp=19.5 | hdp=24.5
2026-08-29T13:52:32Z,74124712,2026-08-30T15:00:00Z,Bet365,"ATP - US Open, New York, USA","Prizmic, Dino","Shevchenko, Aleksandr",Totals 1st Set,6,hdp=12.5 | hdp=6.5 | hdp=7.5 | hdp=8.5 | hdp=9.5 | hdp=10.5
2026-08-29T13:52:32Z,74124712,2026-08-30T15:00:00Z,Bet365,"ATP - US Open, New York, USA","Prizmic, Dino","Shevchenko, Aleksandr",Totals (Double Faults),8,hdp=2.5 | hdp=4.5 | hdp=7.5 | hdp=9.5 | hdp=11.5 | hdp=14.5
2026-08-29T13:52:32Z,74124712,2026-08-30T15:00:00Z,Bet365,"ATP - US Open, New York, USA","Prizmic, Dino","Shevchenko, Aleksandr",Spread (Games),1,hdp=-4.5
2026-08-29T13:52:32Z,74124712,2026-08-30T15:00:00Z,Bet365,"ATP - US Open, New York, USA","Prizmic, Dino","Shevchenko, Aleksandr",Team Total (Aces) Away,7,hdp=0.5 | hdp=2.5 | hdp=4.5 | hdp=9.5 | hdp=14.5 | hdp=19.5
2026-08-29T13:52:32Z,74124712,2026-08-30T15:00:00Z,Bet365,"ATP - US Open, New York, USA","Prizmic, Dino","Shevchenko, Aleksandr",Team Total (Aces) Home,7,hdp=0.5 | hdp=2.5 | hdp=4.5 | hdp=9.5 | hdp=14.5 | hdp=19.5
2026-08-29T13:52:32Z,74124712,2026-08-30T15:00:00Z,Bet365,"ATP - US Open, New York, USA","Prizmic, Dino","Shevchenko, Aleksandr",Team Total (Games) Away,1,hdp=17.5
2026-08-29T13:52:32Z,74124712,2026-08-30T15:00:00Z,Bet365,"ATP - US Open, New York, USA","Prizmic, Dino","Shevchenko, Aleksandr",Team Total (Games) Home,1,hdp=20.5
2026-08-29T13:52:32Z,74124738,2026-08-30T15:00:00Z,Bet365,"ATP - US Open, New York, USA","Merida, Daniel","Fucsovics, Marton",ML,1,"{'home': '1.20', 'away': '4.50'}"
2026-08-29T13:52:32Z,74124738,2026-08-30T15:00:00Z,Bet365,"ATP - US Open, New York, USA","Merida, Daniel","Fucsovics, Marton",Spread (Games),1,hdp=-6.5
2026-08-29T13:52:32Z,74124738,2026-08-30T15:00:00Z,Bet365,"ATP - US Open, New York, USA","Merida, Daniel","Fucsovics, Marton",Team Total (Games) Away,1,hdp=15.5
2026-08-29T13:52:32Z,74124738,2026-08-30T15:00:00Z,Bet365,"ATP - US Open, New York, USA","Merida, Daniel","Fucsovics, Marton",Team Total (Games) Home,1,hdp=20.5
2026-08-29T13:52:32Z,74124738,2026-08-30T15:00:00Z,Bet365,"ATP - US Open, New York, USA","Merida, Daniel","Fucsovics, Marton",Totals 1st Set,6,hdp=6.5 | hdp=7.5 | hdp=8.5 | hdp=9.5 | hdp=10.5 | hdp=12.5
2026-08-29T13:52:32Z,74124738,2026-08-30T15:00:00Z,Bet365,"ATP - US Open, New York, USA","Merida, Daniel","Fucsovics, Marton",Totals (Games),1,hdp=35.5
2026-08-29T13:52:32Z,74124738,2026-08-30T15:00:00Z,Bet365,"ATP - US Open, New York, USA","Merida, Daniel","Fucsovics, Marton",Set Betting,6,label=3-0 (1) | label=3-1 (1) | label=3-2 (1) | label=3-0 (2) | label=3-1 (2) | label=3-2 (2)
2026-08-29T13:52:32Z,74124882,2026-08-30T15:00:00Z,Bet365,"WTA - US Open, New York, USA","Gibson, Talia","Vekic, Donna",ML,1,"{'home': '1.90', 'away': '1.90'}"
2026-08-29T13:52:32Z,74124882,2026-08-30T15:00:00Z,Bet365,"WTA - US Open, New York, USA","Gibson, Talia","Vekic, Donna",Team Total (Double Faults) Away,8,hdp=0.5 | hdp=4.5 | hdp=7.5 | hdp=11.5 | hdp=14.5 | hdp=1.5
2026-08-29T13:52:32Z,74124882,2026-08-30T15:00:00Z,Bet365,"WTA - US Open, New York, USA","Gibson, Talia","Vekic, Donna",Totals (Games),1,hdp=21.5
2026-08-29T13:52:32Z,74124882,2026-08-30T15:00:00Z,Bet365,"WTA - US Open, New York, USA","Gibson, Talia","Vekic, Donna",Set Betting,4,label=2-0 (1) | label=2-1 (1) | label=2-0 (2) | label=2-1 (2)
2026-08-29T13:52:32Z,74124882,2026-08-30T15:00:00Z,Bet365,"WTA - US Open, New York, USA","Gibson, Talia","Vekic, Donna",Spread (Games),1,hdp=0.5
2026-08-29T13:52:32Z,74124882,2026-08-30T15:00:00Z,Bet365,"WTA - US Open, New York, USA","Gibson, Talia","Vekic, Donna",Team Total (Aces) Away,6,hdp=0.5 | hdp=4.5 | hdp=14.5 | hdp=19.5 | hdp=9.5 | hdp=2.5
2026-08-29T13:52:32Z,74124882,2026-08-30T15:00:00Z,Bet365,"WTA - US Open, New York, USA","Gibson, Talia","Vekic, Donna",Totals 1st Set,6,hdp=6.5 | hdp=7.5 | hdp=8.5 | hdp=9.5 | hdp=10.5 | hdp=12.5
2026-08-29T13:52:32Z,74124882,2026-08-30T15:00:00Z,Bet365,"WTA - US Open, New York, USA","Gibson, Talia","Vekic, Donna",Team Total (Double Faults) Home,8,hdp=0.5 | hdp=1.5 | hdp=4.5 | hdp=7.5 | hdp=11.5 | hdp=14.5
2026-08-29T13:52:32Z,74124882,2026-08-30T15:00:00Z,Bet365,"WTA - US Open, New York, USA","Gibson, Talia","Vekic, Donna",Team Total (Games) Home,1,hdp=12.5
2026-08-29T13:52:32Z,74124882,2026-08-30T15:00:00Z,Bet365,"WTA - US Open, New York, USA","Gibson, Talia","Vekic, Donna",Totals (Double Faults),8,hdp=2.5 | hdp=4.5 | hdp=7.5 | hdp=11.5 | hdp=14.5 | hdp=24.5
2026-08-29T13:52:32Z,74124882,2026-08-30T15:00:00Z,Bet365,"WTA - US Open, New York, USA","Gibson, Talia","Vekic, Donna",Totals (Aces),8,hdp=2.5 | hdp=39.5 | hdp=4.5 | hdp=9.5 | hdp=14.5 | hdp=19.5
2026-08-29T13:52:32Z,74124882,2026-08-30T15:00:00Z,Bet365,"WTA - US Open, New York, USA","Gibson, Talia","Vekic, Donna",Team Total (Aces) Home,6,hdp=19.5 | hdp=0.5 | hdp=4.5 | hdp=9.5 | hdp=14.5 | hdp=2.5
2026-08-29T13:52:32Z,74124882,2026-08-30T15:00:00Z,Bet365,"WTA - US Open, New York, USA","Gibson, Talia","Vekic, Donna",Team Total (Games) Away,1,hdp=12.5
2026-08-29T13:52:32Z,74124900,2026-08-30T15:00:00Z,Bet365,"WTA - US Open, New York, USA","Rakhimova, Kamilla","Krejcikova, Barbora",ML,1,"{'home': '3.75', 'away': '1.28'}"
2026-08-29T13:52:32Z,74124900,2026-08-30T15:00:00Z,Bet365,"WTA - US Open, New York, USA","Rakhimova, Kamilla","Krejcikova, Barbora",Set Betting,4,label=2-0 (1) | label=2-1 (1) | label=2-0 (2) | label=2-1 (2)
2026-08-29T13:52:32Z,74124900,2026-08-30T15:00:00Z,Bet365,"WTA - US Open, New York, USA","Rakhimova, Kamilla","Krejcikova, Barbora",Spread (Games),1,hdp=4.5
2026-08-29T13:52:32Z,74124900,2026-08-30T15:00:00Z,Bet365,"WTA - US Open, New York, USA","Rakhimova, Kamilla","Krejcikova, Barbora",Team Total (Games) Away,1,hdp=12.5
2026-08-29T13:52:32Z,74124900,2026-08-30T15:00:00Z,Bet365,"WTA - US Open, New York, USA","Rakhimova, Kamilla","Krejcikova, Barbora",Team Total (Games) Home,1,hdp=8.5
2026-08-29T13:52:32Z,74124900,2026-08-30T15:00:00Z,Bet365,"WTA - US Open, New York, USA","Rakhimova, Kamilla","Krejcikova, Barbora",Totals 1st Set,6,hdp=6.5 | hdp=7.5 | hdp=8.5 | hdp=9.5 | hdp=10.5 | hdp=12.5
2026-08-29T13:52:32Z,74124900,2026-08-30T15:00:00Z,Bet365,"WTA - US Open, New York, USA","Rakhimova, Kamilla","Krejcikova, Barbora",Totals (Games),1,hdp=20.5
2026-08-29T13:52:32Z,74124878,2026-08-30T16:00:00Z,Bet365,"WTA - US Open, New York, USA","Pegula, Jessica","Ruse, Elena-Gabriela",ML,1,"{'home': '1.08', 'away': '8.00'}"
2026-08-29T13:52:32Z,74124878,2026-08-30T16:00:00Z,Bet365,"WTA - US Open, New York, USA","Pegula, Jessica","Ruse, Elena-Gabriela",Totals 1st Set,6,hdp=7.5 | hdp=8.5 | hdp=10.5 | hdp=12.5 | hdp=9.5 | hdp=6.5
2026-08-29T13:52:32Z,74124878,2026-08-30T16:00:00Z,Bet365,"WTA - US Open, New York, USA","Pegula, Jessica","Ruse, Elena-Gabriela",Team Total (Double Faults) Away,9,hdp=0.5 | hdp=1.5 | hdp=2.5 | hdp=4.5 | hdp=7.5 | hdp=9.5
2026-08-29T13:52:32Z,74124878,2026-08-30T16:00:00Z,Bet365,"WTA - US Open, New York, USA","Pegula, Jessica","Ruse, Elena-Gabriela",Totals (Aces),7,hdp=0.5 | hdp=2.5 | hdp=4.5 | hdp=9.5 | hdp=14.5 | hdp=19.5
2026-08-29T13:52:32Z,74124878,2026-08-30T16:00:00Z,Bet365,"WTA - US Open, New York, USA","Pegula, Jessica","Ruse, Elena-Gabriela",Totals (Double Faults),8,hdp=1.5 | hdp=2.5 | hdp=4.5 | hdp=7.5 | hdp=9.5 | hdp=11.5
2026-08-29T13:52:32Z,74124878,2026-08-30T16:00:00Z,Bet365,"WTA - US Open, New York, USA","Pegula, Jessica","Ruse, Elena-Gabriela",Totals (Games),1,hdp=18.5
2026-08-29T13:52:32Z,74124878,2026-08-30T16:00:00Z,Bet365,"WTA - US Open, New York, USA","Pegula, Jessica","Ruse, Elena-Gabriela",Team Total (Aces) Away,5,hdp=0.5 | hdp=2.5 | hdp=4.5 | hdp=9.5 | hdp=14.5
2026-08-29T13:52:32Z,74124878,2026-08-30T16:00:00Z,Bet365,"WTA - US Open, New York, USA","Pegula, Jessica","Ruse, Elena-Gabriela",Set Betting,4,label=2-0 (1) | label=2-1 (1) | label=2-0 (2) | label=2-1 (2)
2026-08-29T13:52:32Z,74124878,2026-08-30T16:00:00Z,Bet365,"WTA - US Open, New York, USA","Pegula, Jessica","Ruse, Elena-Gabriela",Spread (Games),1,hdp=-5.5
2026-08-29T13:52:32Z,74124878,2026-08-30T16:00:00Z,Bet365,"WTA - US Open, New York, USA","Pegula, Jessica","Ruse, Elena-Gabriela",Team Total (Aces) Home,5,hdp=0.5 | hdp=2.5 | hdp=4.5 | hdp=9.5 | hdp=14.5
2026-08-29T13:52:32Z,74124878,2026-08-30T16:00:00Z,Bet365,"WTA - US Open, New York, USA","Pegula, Jessica","Ruse, Elena-Gabriela",Team Total (Double Faults) Home,5,hdp=0.5 | hdp=1.5 | hdp=2.5 | hdp=4.5 | hdp=7.5
2026-08-29T13:52:32Z,74124878,2026-08-30T16:00:00Z,Bet365,"WTA - US Open, New York, USA","Pegula, Jessica","Ruse, Elena-Gabriela",Team Total (Games) Away,1,hdp=7.5
2026-08-29T13:52:32Z,74124878,2026-08-30T16:00:00Z,Bet365,"WTA - US Open, New York, USA","Pegula, Jessica","Ruse, Elena-Gabriela",Team Total (Games) Home,1,hdp=12.5
2026-08-29T13:52:32Z,74124872,2026-08-30T16:10:00Z,Bet365,"WTA - US Open, New York, USA","Zhang, Shuai","Fernandez, Leylah",ML,1,"{'home': '3.00', 'away': '1.40'}"
2026-08-29T13:52:32Z,74124872,2026-08-30T16:10:00Z,Bet365,"WTA - US Open, New York, USA","Zhang, Shuai","Fernandez, Leylah",Totals 1st Set,6,hdp=6.5 | hdp=7.5 | hdp=8.5 | hdp=9.5 | hdp=10.5 | hdp=12.5
2026-08-29T13:52:32Z,74124872,2026-08-30T16:10:00Z,Bet365,"WTA - US Open, New York, USA","Zhang, Shuai","Fernandez, Leylah",Team Total (Games) Home,1,hdp=11.5
2026-08-29T13:52:32Z,74124872,2026-08-30T16:10:00Z,Bet365,"WTA - US Open, New York, USA","Zhang, Shuai","Fernandez, Leylah",Team Total (Double Faults) Home,6,hdp=0.5 | hdp=1.5 | hdp=2.5 | hdp=4.5 | hdp=7.5 | hdp=9.5
2026-08-29T13:52:32Z,74124872,2026-08-30T16:10:00Z,Bet365,"WTA - US Open, New York, USA","Zhang, Shuai","Fernandez, Leylah",Set Betting,4,label=2-0 (1) | label=2-1 (1) | label=2-0 (2) | label=2-1 (2)
2026-08-29T13:52:32Z,74124872,2026-08-30T16:10:00Z,Bet365,"WTA - US Open, New York, USA","Zhang, Shuai","Fernandez, Leylah",Spread (Games),1,hdp=3.5
2026-08-29T13:52:32Z,74124872,2026-08-30T16:10:00Z,Bet365,"WTA - US Open, New York, USA","Zhang, Shuai","Fernandez, Leylah",Totals (Aces),6,hdp=0.5 | hdp=2.5 | hdp=4.5 | hdp=9.5 | hdp=14.5 | hdp=19.5
2026-08-29T13:52:32Z,74124872,2026-08-30T16:10:00Z,Bet365,"WTA - US Open, New York, USA","Zhang, Shuai","Fernandez, Leylah",Totals (Double Faults),9,hdp=0.5 | hdp=1.5 | hdp=2.5 | hdp=4.5 | hdp=7.5 | hdp=9.5
2026-08-29T13:52:32Z,74124872,2026-08-30T16:10:00Z,Bet365,"WTA - US Open, New York, USA","Zhang, Shuai","Fernandez, Leylah",Totals (Games),1,hdp=22.5
2026-08-29T13:52:32Z,74124872,2026-08-30T16:10:00Z,Bet365,"WTA - US Open, New York, USA","Zhang, Shuai","Fernandez, Leylah",Team Total (Games) Away,1,hdp=12.5
2026-08-29T13:52:32Z,74124872,2026-08-30T16:10:00Z,Bet365,"WTA - US Open, New York, USA","Zhang, Shuai","Fernandez, Leylah",Team Total (Aces) Away,5,hdp=0.5 | hdp=2.5 | hdp=4.5 | hdp=9.5 | hdp=14.5
2026-08-29T13:52:32Z,74124872,2026-08-30T16:10:00Z,Bet365,"WTA - US Open, New York, USA","Zhang, Shuai","Fernandez, Leylah",Team Total (Aces) Home,4,hdp=0.5 | hdp=2.5 | hdp=4.5 | hdp=9.5
2026-08-29T13:52:32Z,74124872,2026-08-30T16:10:00Z,Bet365,"WTA - US Open, New York, USA","Zhang, Shuai","Fernandez, Leylah",Team Total (Double Faults) Away,8,hdp=0.5 | hdp=1.5 | hdp=2.5 | hdp=4.5 | hdp=7.5 | hdp=9.5
2026-08-29T13:52:32Z,74124722,2026-08-30T16:10:00Z,Bet365,"ATP - US Open, New York, USA","Van Assche, Luca","Norrie, Cameron",ML,1,"{'home': '2.75', 'away': '1.44'}"
2026-08-29T13:52:32Z,74124722,2026-08-30T16:10:00Z,Bet365,"ATP - US Open, New York, USA","Van Assche, Luca","Norrie, Cameron",Team Total (Aces) Away,7,hdp=0.5 | hdp=2.5 | hdp=4.5 | hdp=9.5 | hdp=14.5 | hdp=19.5
2026-08-29T13:52:32Z,74124722,2026-08-30T16:10:00Z,Bet365,"ATP - US Open, New York, USA","Van Assche, Luca","Norrie, Cameron",Totals (Double Faults),8,hdp=2.5 | hdp=4.5 | hdp=7.5 | hdp=9.5 | hdp=11.5 | hdp=14.5
2026-08-29T13:52:32Z,74124722,2026-08-30T16:10:00Z,Bet365,"ATP - US Open, New York, USA","Van Assche, Luca","Norrie, Cameron",Totals (Games),1,hdp=39.5
2026-08-29T13:52:32Z,74124722,2026-08-30T16:10:00Z,Bet365,"ATP - US Open, New York, USA","Van Assche, Luca","Norrie, Cameron",Totals (Aces),9,hdp=2.5 | hdp=4.5 | hdp=9.5 | hdp=14.5 | hdp=19.5 | hdp=24.5
2026-08-29T13:52:32Z,74124722,2026-08-30T16:10:00Z,Bet365,"ATP - US Open, New York, USA","Van Assche, Luca","Norrie, Cameron",Set Betting,6,label=3-0 (1) | label=3-1 (1) | label=3-2 (1) | label=3-0 (2) | label=3-1 (2) | label=3-2 (2)
2026-08-29T13:52:32Z,74124722,2026-08-30T16:10:00Z,Bet365,"ATP - US Open, New York, USA","Van Assche, Luca","Norrie, Cameron",Team Total (Double Faults) Home,9,hdp=0.5 | hdp=1.5 | hdp=2.5 | hdp=4.5 | hdp=7.5 | hdp=9.5
2026-08-29T13:52:32Z,74124722,2026-08-30T16:10:00Z,Bet365,"ATP - US Open, New York, USA","Van Assche, Luca","Norrie, Cameron",Team Total (Aces) Home,7,hdp=0.5 | hdp=2.5 | hdp=4.5 | hdp=9.5 | hdp=14.5 | hdp=19.5
2026-08-29T13:52:32Z,74124722,2026-08-30T16:10:00Z,Bet365,"ATP - US Open, New York, USA","Van Assche, Luca","Norrie, Cameron",Team Total (Games) Away,1,hdp=20.5
2026-08-29T13:52:32Z,74124722,2026-08-30T16:10:00Z,Bet365,"ATP - US Open, New York, USA","Van Assche, Luca","Norrie, Cameron",Team Total (Games) Home,1,hdp=19.5
2026-08-29T13:52:32Z,74124722,2026-08-30T16:10:00Z,Bet365,"ATP - US Open, New York, USA","Van Assche, Luca","Norrie, Cameron",Totals 1st Set,6,hdp=6.5 | hdp=7.5 | hdp=8.5 | hdp=9.5 | hdp=10.5 | hdp=12.5
2026-08-29T13:52:32Z,74124722,2026-08-30T16:10:00Z,Bet365,"ATP - US Open, New York, USA","Van Assche, Luca","Norrie, Cameron",Spread (Games),1,hdp=3.5
2026-08-29T13:52:32Z,74124722,2026-08-30T16:10:00Z,Bet365,"ATP - US Open, New York, USA","Van Assche, Luca","Norrie, Cameron",Team Total (Double Faults) Away,7,hdp=0.5 | hdp=1.5 | hdp=2.5 | hdp=4.5 | hdp=7.5 | hdp=9.5
2026-08-29T13:52:32Z,74150440,2026-08-30T16:40:00Z,Bet365,"WTA - US Open, New York, USA","Stefanini, Lucrezia","Yastremska, Dayana",ML,1,"{'home': '2.30', 'away': '1.61'}"
2026-08-29T13:52:32Z,74150440,2026-08-30T16:40:00Z,Bet365,"WTA - US Open, New York, USA","Stefanini, Lucrezia","Yastremska, Dayana",Team Total (Games) Home,1,hdp=11.5
2026-08-29T13:52:32Z,74150440,2026-08-30T16:40:00Z,Bet365,"WTA - US Open, New York, USA","Stefanini, Lucrezia","Yastremska, Dayana",Set Betting,4,label=2-0 (1) | label=2-1 (1) | label=2-0 (2) | label=2-1 (2)
2026-08-29T13:52:32Z,74150440,2026-08-30T16:40:00Z,Bet365,"WTA - US Open, New York, USA","Stefanini, Lucrezia","Yastremska, Dayana",Spread (Games),1,hdp=2.5
2026-08-29T13:52:32Z,74150440,2026-08-30T16:40:00Z,Bet365,"WTA - US Open, New York, USA","Stefanini, Lucrezia","Yastremska, Dayana",Team Total (Double Faults) Away,9,hdp=0.5 | hdp=1.5 | hdp=2.5 | hdp=4.5 | hdp=7.5 | hdp=9.5
2026-08-29T13:52:32Z,74150440,2026-08-30T16:40:00Z,Bet365,"WTA - US Open, New York, USA","Stefanini, Lucrezia","Yastremska, Dayana",Team Total (Double Faults) Home,7,hdp=0.5 | hdp=1.5 | hdp=2.5 | hdp=4.5 | hdp=7.5 | hdp=9.5
2026-08-29T13:52:32Z,74150440,2026-08-30T16:40:00Z,Bet365,"WTA - US Open, New York, USA","Stefanini, Lucrezia","Yastremska, Dayana",Totals (Double Faults),9,hdp=1.5 | hdp=2.5 | hdp=4.5 | hdp=7.5 | hdp=9.5 | hdp=11.5
2026-08-29T13:52:32Z,74150440,2026-08-30T16:40:00Z,Bet365,"WTA - US Open, New York, USA","Stefanini, Lucrezia","Yastremska, Dayana",Totals (Games),1,hdp=21.5
2026-08-29T13:52:32Z,74150440,2026-08-30T16:40:00Z,Bet365,"WTA - US Open, New York, USA","Stefanini, Lucrezia","Yastremska, Dayana",Team Total (Aces) Away,4,hdp=0.5 | hdp=2.5 | hdp=4.5 | hdp=9.5
2026-08-29T13:52:32Z,74150440,2026-08-30T16:40:00Z,Bet365,"WTA - US Open, New York, USA","Stefanini, Lucrezia","Yastremska, Dayana",Team Total (Aces) Home,4,hdp=0.5 | hdp=2.5 | hdp=4.5 | hdp=9.5
2026-08-29T13:52:32Z,74150440,2026-08-30T16:40:00Z,Bet365,"WTA - US Open, New York, USA","Stefanini, Lucrezia","Yastremska, Dayana",Team Total (Games) Away,1,hdp=12.5
2026-08-29T13:52:32Z,74150440,2026-08-30T16:40:00Z,Bet365,"WTA - US Open, New York, USA","Stefanini, Lucrezia","Yastremska, Dayana",Totals 1st Set,6,hdp=6.5 | hdp=7.5 | hdp=8.5 | hdp=9.5 | hdp=10.5 | hdp=12.5
2026-08-29T13:52:32Z,74150440,2026-08-30T16:40:00Z,Bet365,"WTA - US Open, New York, USA","Stefanini, Lucrezia","Yastremska, Dayana",Totals (Aces),5,hdp=0.5 | hdp=2.5 | hdp=4.5 | hdp=9.5 | hdp=14.5
2026-08-29T13:52:32Z,74150442,2026-08-30T16:40:00Z,Bet365,"WTA - US Open, New York, USA","Kalieva, Elvina","Tararudee, Lanlana",ML,1,"{'home': '2.75', 'away': '1.44'}"
2026-08-29T13:52:32Z,74150442,2026-08-30T16:40:00Z,Bet365,"WTA - US Open, New York, USA","Kalieva, Elvina","Tararudee, Lanlana",Totals (Double Faults),9,hdp=1.5 | hdp=2.5 | hdp=4.5 | hdp=7.5 | hdp=9.5 | hdp=11.5
2026-08-29T13:52:32Z,74150442,2026-08-30T16:40:00Z,Bet365,"WTA - US Open, New York, USA","Kalieva, Elvina","Tararudee, Lanlana",Totals 1st Set,6,hdp=6.5 | hdp=7.5 | hdp=8.5 | hdp=9.5 | hdp=10.5 | hdp=12.5
2026-08-29T13:52:32Z,74150442,2026-08-30T16:40:00Z,Bet365,"WTA - US Open, New York, USA","Kalieva, Elvina","Tararudee, Lanlana",Team Total (Aces) Away,5,hdp=0.5 | hdp=2.5 | hdp=4.5 | hdp=9.5 | hdp=14.5
2026-08-29T13:52:32Z,74150442,2026-08-30T16:40:00Z,Bet365,"WTA - US Open, New York, USA","Kalieva, Elvina","Tararudee, Lanlana",Team Total (Aces) Home,5,hdp=0.5 | hdp=2.5 | hdp=4.5 | hdp=9.5 | hdp=14.5
2026-08-29T13:52:32Z,74150442,2026-08-30T16:40:00Z,Bet365,"WTA - US Open, New York, USA","Kalieva, Elvina","Tararudee, Lanlana",Totals (Aces),7,hdp=0.5 | hdp=2.5 | hdp=4.5 | hdp=9.5 | hdp=14.5 | hdp=19.5
2026-08-29T13:52:32Z,74150442,2026-08-30T16:40:00Z,Bet365,"WTA - US Open, New York, USA","Kalieva, Elvina","Tararudee, Lanlana",Team Total (Games) Away,1,hdp=12.5
2026-08-29T13:52:32Z,74150442,2026-08-30T16:40:00Z,Bet365,"WTA - US Open, New York, USA","Kalieva, Elvina","Tararudee, Lanlana",Totals (Games),1,hdp=21.5
2026-08-29T13:52:32Z,74150442,2026-08-30T16:40:00Z,Bet365,"WTA - US Open, New York, USA","Kalieva, Elvina","Tararudee, Lanlana",Team Total (Games) Home,1,hdp=11.5
2026-08-29T13:52:32Z,74150442,2026-08-30T16:40:00Z,Bet365,"WTA - US Open, New York, USA","Kalieva, Elvina","Tararudee, Lanlana",Set Betting,4,label=2-0 (1) | label=2-1 (1) | label=2-0 (2) | label=2-1 (2)
2026-08-29T13:52:32Z,74150442,2026-08-30T16:40:00Z,Bet365,"WTA - US Open, New York, USA","Kalieva, Elvina","Tararudee, Lanlana",Spread (Games),1,hdp=3.5
2026-08-29T13:52:32Z,74150442,2026-08-30T16:40:00Z,Bet365,"WTA - US Open, New York, USA","Kalieva, Elvina","Tararudee, Lanlana",Team Total (Double Faults) Away,8,hdp=0.5 | hdp=1.5 | hdp=2.5 | hdp=4.5 | hdp=7.5 | hdp=9.5
2026-08-29T13:52:32Z,74150442,2026-08-30T16:40:00Z,Bet365,"WTA - US Open, New York, USA","Kalieva, Elvina","Tararudee, Lanlana",Team Total (Double Faults) Home,7,hdp=0.5 | hdp=1.5 | hdp=2.5 | hdp=4.5 | hdp=7.5 | hdp=9.5
2026-08-29T13:52:32Z,74150338,2026-08-30T16:10:00Z,Bet365,"ATP - US Open, New York, USA","Wong, Coleman","Paul, Tommy",ML,1,"{'home': '5.50', 'away': '1.14'}"
2026-08-29T13:52:32Z,74150338,2026-08-30T16:10:00Z,Bet365,"ATP - US Open, New York, USA","Wong, Coleman","Paul, Tommy",Totals (Games),1,hdp=32.5
2026-08-29T13:52:32Z,74150338,2026-08-30T16:10:00Z,Bet365,"ATP - US Open, New York, USA","Wong, Coleman","Paul, Tommy",Set Betting,6,label=3-0 (1) | label=3-1 (1) | label=3-2 (1) | label=3-0 (2) | label=3-1 (2) | label=3-2 (2)
2026-08-29T13:52:32Z,74150338,2026-08-30T16:10:00Z,Bet365,"ATP - US Open, New York, USA","Wong, Coleman","Paul, Tommy",Spread (Games),1,hdp=7.5
2026-08-29T13:52:32Z,74150338,2026-08-30T16:10:00Z,Bet365,"ATP - US Open, New York, USA","Wong, Coleman","Paul, Tommy",Team Total (Games) Away,1,hdp=19.5
2026-08-29T13:52:32Z,74150338,2026-08-30T16:10:00Z,Bet365,"ATP - US Open, New York, USA","Wong, Coleman","Paul, Tommy",Team Total (Games) Home,1,hdp=13.5
2026-08-29T13:52:32Z,74150338,2026-08-30T16:10:00Z,Bet365,"ATP - US Open, New York, USA","Wong, Coleman","Paul, Tommy",Totals 1st Set,6,hdp=8.5 | hdp=12.5 | hdp=6.5 | hdp=7.5 | hdp=9.5 | hdp=10.5
2026-08-29T13:52:32Z,74124860,2026-08-30T16:10:00Z,Bet365,"WTA - US Open, New York, USA","Arango, Emiliana","Wang, Xinyu",ML,1,"{'home': '3.50', 'away': '1.30'}"
2026-08-29T13:52:32Z,74124860,2026-08-30T16:10:00Z,Bet365,"WTA - US Open, New York, USA","Arango, Emiliana","Wang, Xinyu",Totals (Double Faults),9,hdp=4.5 | hdp=7.5 | hdp=9.5 | hdp=11.5 | hdp=14.5 | hdp=0.5
2026-08-29T13:52:32Z,74124860,2026-08-30T16:10:00Z,Bet365,"WTA - US Open, New York, USA","Arango, Emiliana","Wang, Xinyu",Team Total (Aces) Away,5,hdp=0.5 | hdp=2.5 | hdp=4.5 | hdp=9.5 | hdp=14.5
2026-08-29T13:52:32Z,74124860,2026-08-30T16:10:00Z,Bet365,"WTA - US Open, New York, USA","Arango, Emiliana","Wang, Xinyu",Team Total (Double Faults) Away,8,hdp=1.5 | hdp=2.5 | hdp=7.5 | hdp=11.5 | hdp=0.5 | hdp=4.5
2026-08-29T13:52:32Z,74124860,2026-08-30T16:10:00Z,Bet365,"WTA - US Open, New York, USA","Arango, Emiliana","Wang, Xinyu",Team Total (Double Faults) Home,6,hdp=4.5 | hdp=7.5 | hdp=0.5 | hdp=1.5 | hdp=2.5 | hdp=9.5
2026-08-29T13:52:32Z,74124860,2026-08-30T16:10:00Z,Bet365,"WTA - US Open, New York, USA","Arango, Emiliana","Wang, Xinyu",Totals 1st Set,6,hdp=7.5 | hdp=8.5 | hdp=9.5 | hdp=10.5 | hdp=12.5 | hdp=6.5
2026-08-29T13:52:32Z,74124860,2026-08-30T16:10:00Z,Bet365,"WTA - US Open, New York, USA","Arango, Emiliana","Wang, Xinyu",Set Betting,4,label=2-0 (1) | label=2-1 (1) | label=2-0 (2) | label=2-1 (2)
2026-08-29T13:52:32Z,74124860,2026-08-30T16:10:00Z,Bet365,"WTA - US Open, New York, USA","Arango, Emiliana","Wang, Xinyu",Team Total (Aces) Home,4,hdp=0.5 | hdp=2.5 | hdp=4.5 | hdp=9.5
2026-08-29T13:52:32Z,74124860,2026-08-30T16:10:00Z,Bet365,"WTA - US Open, New York, USA","Arango, Emiliana","Wang, Xinyu",Team Total (Games) Away,1,hdp=12.5
2026-08-29T13:52:32Z,74124860,2026-08-30T16:10:00Z,Bet365,"WTA - US Open, New York, USA","Arango, Emiliana","Wang, Xinyu",Team Total (Games) Home,1,hdp=9.5
2026-08-29T13:52:32Z,74124860,2026-08-30T16:10:00Z,Bet365,"WTA - US Open, New York, USA","Arango, Emiliana","Wang, Xinyu",Totals (Aces),6,hdp=0.5 | hdp=2.5 | hdp=4.5 | hdp=9.5 | hdp=14.5 | hdp=19.5
2026-08-29T13:52:32Z,74124860,2026-08-30T16:10:00Z,Bet365,"WTA - US Open, New York, USA","Arango, Emiliana","Wang, Xinyu",Totals (Games),1,hdp=21.5
2026-08-29T13:52:32Z,74124860,2026-08-30T16:10:00Z,Bet365,"WTA - US Open, New York, USA","Arango, Emiliana","Wang, Xinyu",Spread (Games),1,hdp=4.5
2026-08-29T13:52:32Z,74150340,2026-08-30T16:40:00Z,Bet365,"ATP - US Open, New York, USA","Harris, Lloyd","Kennedy, Jack",ML,1,"{'home': '1.14', 'away': '5.50'}"
2026-08-29T13:52:32Z,74150340,2026-08-30T16:40:00Z,Bet365,"ATP - US Open, New York, USA","Harris, Lloyd","Kennedy, Jack",Team Total (Aces) Away,6,hdp=0.5 | hdp=2.5 | hdp=4.5 | hdp=9.5 | hdp=14.5 | hdp=19.5
2026-08-29T13:52:32Z,74150340,2026-08-30T16:40:00Z,Bet365,"ATP - US Open, New York, USA","Harris, Lloyd","Kennedy, Jack",Team Total (Games) Away,1,hdp=14.5
2026-08-29T13:52:32Z,74150340,2026-08-30T16:40:00Z,Bet365,"ATP - US Open, New York, USA","Harris, Lloyd","Kennedy, Jack",Team Total (Games) Home,1,hdp=19.5
2026-08-29T13:52:32Z,74150340,2026-08-30T16:40:00Z,Bet365,"ATP - US Open, New York, USA","Harris, Lloyd","Kennedy, Jack",Totals 1st Set,6,hdp=7.5 | hdp=8.5 | hdp=10.5 | hdp=6.5 | hdp=9.5 | hdp=12.5
2026-08-29T13:52:32Z,74150340,2026-08-30T16:40:00Z,Bet365,"ATP - US Open, New York, USA","Harris, Lloyd","Kennedy, Jack",Set Betting,6,label=3-0 (1) | label=3-1 (1) | label=3-2 (1) | label=3-0 (2) | label=3-1 (2) | label=3-2 (2)
2026-08-29T13:52:32Z,74150340,2026-08-30T16:40:00Z,Bet365,"ATP - US Open, New York, USA","Harris, Lloyd","Kennedy, Jack",Team Total (Double Faults) Away,8,hdp=0.5 | hdp=1.5 | hdp=2.5 | hdp=7.5 | hdp=14.5 | hdp=4.5
2026-08-29T13:52:32Z,74150340,2026-08-30T16:40:00Z,Bet365,"ATP - US Open, New York, USA","Harris, Lloyd","Kennedy, Jack",Totals (Aces),8,hdp=4.5 | hdp=9.5 | hdp=14.5 | hdp=19.5 | hdp=24.5 | hdp=29.5
2026-08-29T13:52:32Z,74150340,2026-08-30T16:40:00Z,Bet365,"ATP - US Open, New York, USA","Harris, Lloyd","Kennedy, Jack",Totals (Double Faults),8,hdp=1.5 | hdp=2.5 | hdp=19.5 | hdp=4.5 | hdp=7.5 | hdp=9.5
2026-08-29T13:52:32Z,74150340,2026-08-30T16:40:00Z,Bet365,"ATP - US Open, New York, USA","Harris, Lloyd","Kennedy, Jack",Totals (Games),1,hdp=35.5
2026-08-29T13:52:32Z,74150340,2026-08-30T16:40:00Z,Bet365,"ATP - US Open, New York, USA","Harris, Lloyd","Kennedy, Jack",Team Total (Double Faults) Home,5,hdp=0.5 | hdp=1.5 | hdp=2.5 | hdp=4.5 | hdp=7.5
2026-08-29T13:52:32Z,74150340,2026-08-30T16:40:00Z,Bet365,"ATP - US Open, New York, USA","Harris, Lloyd","Kennedy, Jack",Spread (Games),1,hdp=-6.5
2026-08-29T13:52:32Z,74150340,2026-08-30T16:40:00Z,Bet365,"ATP - US Open, New York, USA","Harris, Lloyd","Kennedy, Jack",Team Total (Aces) Home,9,hdp=2.5 | hdp=4.5 | hdp=9.5 | hdp=14.5 | hdp=19.5 | hdp=24.5
2026-08-29T13:52:32Z,74150342,2026-08-30T16:40:00Z,Bet365,"ATP - US Open, New York, USA","Samuel, Toby","Machac, Tomas",ML,1,"{'home': '1.72', 'away': '2.10'}"
2026-08-29T13:52:32Z,74150342,2026-08-30T16:40:00Z,Bet365,"ATP - US Open, New York, USA","Samuel, Toby","Machac, Tomas",Spread (Games),1,hdp=-1.5
2026-08-29T13:52:32Z,74150342,2026-08-30T16:40:00Z,Bet365,"ATP - US Open, New York, USA","Samuel, Toby","Machac, Tomas",Totals (Aces),8,hdp=4.5 | hdp=9.5 | hdp=14.5 | hdp=19.5 | hdp=24.5 | hdp=29.5
2026-08-29T13:52:32Z,74150342,2026-08-30T16:40:00Z,Bet365,"ATP - US Open, New York, USA","Samuel, Toby","Machac, Tomas",Totals (Double Faults),8,hdp=2.5 | hdp=4.5 | hdp=7.5 | hdp=9.5 | hdp=14.5 | hdp=19.5
2026-08-29T13:52:32Z,74150342,2026-08-30T16:40:00Z,Bet365,"ATP - US Open, New York, USA","Samuel, Toby","Machac, Tomas",Totals (Games),1,hdp=40.5
2026-08-29T13:52:32Z,74150342,2026-08-30T16:40:00Z,Bet365,"ATP - US Open, New York, USA","Samuel, Toby","Machac, Tomas",Team Total (Games) Home,1,hdp=20.5
2026-08-29T13:52:32Z,74150342,2026-08-30T16:40:00Z,Bet365,"ATP - US Open, New York, USA","Samuel, Toby","Machac, Tomas",Team Total (Games) Away,1,hdp=20.5
2026-08-29T13:52:32Z,74150342,2026-08-30T16:40:00Z,Bet365,"ATP - US Open, New York, USA","Samuel, Toby","Machac, Tomas",Team Total (Aces) Home,8,hdp=0.5 | hdp=2.5 | hdp=4.5 | hdp=9.5 | hdp=14.5 | hdp=19.5
2026-08-29T13:52:32Z,74150342,2026-08-30T16:40:00Z,Bet365,"ATP - US Open, New York, USA","Samuel, Toby","Machac, Tomas",Team Total (Double Faults) Away,8,hdp=0.5 | hdp=1.5 | hdp=2.5 | hdp=7.5 | hdp=9.5 | hdp=11.5
2026-08-29T13:52:32Z,74150342,2026-08-30T16:40:00Z,Bet365,"ATP - US Open, New York, USA","Samuel, Toby","Machac, Tomas",Totals 1st Set,6,hdp=6.5 | hdp=7.5 | hdp=8.5 | hdp=9.5 | hdp=10.5 | hdp=12.5
2026-08-29T13:52:32Z,74150342,2026-08-30T16:40:00Z,Bet365,"ATP - US Open, New York, USA","Samuel, Toby","Machac, Tomas",Set Betting,6,label=3-0 (1) | label=3-1 (1) | label=3-2 (1) | label=3-0 (2) | label=3-1 (2) | label=3-2 (2)
2026-08-29T13:52:32Z,74150342,2026-08-30T16:40:00Z,Bet365,"ATP - US Open, New York, USA","Samuel, Toby","Machac, Tomas",Team Total (Aces) Away,7,hdp=0.5 | hdp=2.5 | hdp=4.5 | hdp=9.5 | hdp=14.5 | hdp=19.5
2026-08-29T13:52:32Z,74150342,2026-08-30T16:40:00Z,Bet365,"ATP - US Open, New York, USA","Samuel, Toby","Machac, Tomas",Team Total (Double Faults) Home,7,hdp=0.5 | hdp=4.5 | hdp=9.5 | hdp=11.5 | hdp=1.5 | hdp=2.5
2026-08-29T13:52:32Z,74124750,2026-08-30T16:40:00Z,Bet365,"ATP - US Open, New York, USA","Munar, Jaume","Atmane, Terence",ML,1,"{'home': '2.50', 'away': '1.53'}"
2026-08-29T13:52:32Z,74124750,2026-08-30T16:40:00Z,Bet365,"ATP - US Open, New York, USA","Munar, Jaume","Atmane, Terence",Totals (Games),1,hdp=39.5
2026-08-29T13:52:32Z,74124750,2026-08-30T16:40:00Z,Bet365,"ATP - US Open, New York, USA","Munar, Jaume","Atmane, Terence",Set Betting,6,label=3-0 (1) | label=3-1 (1) | label=3-2 (1) | label=3-0 (2) | label=3-1 (2) | label=3-2 (2)
2026-08-29T13:52:32Z,74124750,2026-08-30T16:40:00Z,Bet365,"ATP - US Open, New York, USA","Munar, Jaume","Atmane, Terence",Spread (Games),1,hdp=3.5
2026-08-29T13:52:32Z,74124750,2026-08-30T16:40:00Z,Bet365,"ATP - US Open, New York, USA","Munar, Jaume","Atmane, Terence",Team Total (Games) Away,1,hdp=20.5
2026-08-29T13:52:32Z,74124750,2026-08-30T16:40:00Z,Bet365,"ATP - US Open, New York, USA","Munar, Jaume","Atmane, Terence",Team Total (Games) Home,1,hdp=19.5
2026-08-29T13:52:32Z,74124750,2026-08-30T16:40:00Z,Bet365,"ATP - US Open, New York, USA","Munar, Jaume","Atmane, Terence",Totals 1st Set,6,hdp=6.5 | hdp=7.5 | hdp=9.5 | hdp=10.5 | hdp=12.5 | hdp=8.5
2026-08-29T13:52:32Z,74150350,2026-08-30T17:10:00Z,Bet365,"ATP - US Open, New York, USA","Medvedev, Daniil","Gaston, Hugo",ML,1,"{'home': '1.08', 'away': '8.00'}"
2026-08-29T13:52:32Z,74150350,2026-08-30T17:10:00Z,Bet365,"ATP - US Open, New York, USA","Medvedev, Daniil","Gaston, Hugo",Set Betting,6,label=3-0 (1) | label=3-1 (1) | label=3-2 (1) | label=3-0 (2) | label=3-1 (2) | label=3-2 (2)
2026-08-29T13:52:32Z,74150350,2026-08-30T17:10:00Z,Bet365,"ATP - US Open, New York, USA","Medvedev, Daniil","Gaston, Hugo",Totals 1st Set,6,hdp=6.5 | hdp=7.5 | hdp=8.5 | hdp=9.5 | hdp=10.5 | hdp=12.5
2026-08-29T13:52:32Z,74150350,2026-08-30T17:10:00Z,Bet365,"ATP - US Open, New York, USA","Medvedev, Daniil","Gaston, Hugo",Totals (Aces),8,hdp=9.5 | hdp=14.5 | hdp=19.5 | hdp=24.5 | hdp=29.5 | hdp=2.5
2026-08-29T13:52:32Z,74150350,2026-08-30T17:10:00Z,Bet365,"ATP - US Open, New York, USA","Medvedev, Daniil","Gaston, Hugo",Totals (Double Faults),8,hdp=2.5 | hdp=4.5 | hdp=7.5 | hdp=9.5 | hdp=11.5 | hdp=14.5
2026-08-29T13:52:32Z,74150350,2026-08-30T17:10:00Z,Bet365,"ATP - US Open, New York, USA","Medvedev, Daniil","Gaston, Hugo",Team Total (Games) Away,1,hdp=12.5
2026-08-29T13:52:32Z,74150350,2026-08-30T17:10:00Z,Bet365,"ATP - US Open, New York, USA","Medvedev, Daniil","Gaston, Hugo",Team Total (Double Faults) Home,10,hdp=0.5 | hdp=1.5 | hdp=2.5 | hdp=4.5 | hdp=7.5 | hdp=9.5
2026-08-29T13:52:32Z,74150350,2026-08-30T17:10:00Z,Bet365,"ATP - US Open, New York, USA","Medvedev, Daniil","Gaston, Hugo",Spread (Games),1,hdp=-7.5
2026-08-29T13:52:32Z,74150350,2026-08-30T17:10:00Z,Bet365,"ATP - US Open, New York, USA","Medvedev, Daniil","Gaston, Hugo",Team Total (Double Faults) Away,7,hdp=0.5 | hdp=2.5 | hdp=9.5 | hdp=11.5 | hdp=1.5 | hdp=4.5
2026-08-29T13:52:32Z,74150350,2026-08-30T17:10:00Z,Bet365,"ATP - US Open, New York, USA","Medvedev, Daniil","Gaston, Hugo",Team Total (Games) Home,1,hdp=19.5
2026-08-29T13:52:32Z,74150350,2026-08-30T17:10:00Z,Bet365,"ATP - US Open, New York, USA","Medvedev, Daniil","Gaston, Hugo",Totals (Games),1,hdp=31.5
2026-08-29T13:52:32Z,74150350,2026-08-30T17:10:00Z,Bet365,"ATP - US Open, New York, USA","Medvedev, Daniil","Gaston, Hugo",Team Total (Aces) Away,5,hdp=0.5 | hdp=2.5 | hdp=4.5 | hdp=9.5 | hdp=14.5
2026-08-29T13:52:32Z,74150350,2026-08-30T17:10:00Z,Bet365,"ATP - US Open, New York, USA","Medvedev, Daniil","Gaston, Hugo",Team Total (Aces) Home,8,hdp=4.5 | hdp=9.5 | hdp=14.5 | hdp=19.5 | hdp=24.5 | hdp=0.5
2026-08-29T13:52:32Z,74124714,2026-08-30T17:20:00Z,Bet365,"ATP - US Open, New York, USA","Tirante, Thiago Agustin","Mannarino, Adrian",ML,1,"{'home': '1.36', 'away': '3.20'}"
2026-08-29T13:52:32Z,74124714,2026-08-30T17:20:00Z,Bet365,"ATP - US Open, New York, USA","Tirante, Thiago Agustin","Mannarino, Adrian",Totals (Double Faults),8,hdp=1.5 | hdp=2.5 | hdp=4.5 | hdp=7.5 | hdp=9.5 | hdp=11.5
2026-08-29T13:52:32Z,74124714,2026-08-30T17:20:00Z,Bet365,"ATP - US Open, New York, USA","Tirante, Thiago Agustin","Mannarino, Adrian",Totals (Aces),8,hdp=4.5 | hdp=9.5 | hdp=14.5 | hdp=19.5 | hdp=24.5 | hdp=29.5
2026-08-29T13:52:32Z,74124714,2026-08-30T17:20:00Z,Bet365,"ATP - US Open, New York, USA","Tirante, Thiago Agustin","Mannarino, Adrian",Team Total (Aces) Away,6,hdp=0.5 | hdp=2.5 | hdp=4.5 | hdp=9.5 | hdp=14.5 | hdp=19.5
2026-08-29T13:52:32Z,74124714,2026-08-30T17:20:00Z,Bet365,"ATP - US Open, New York, USA","Tirante, Thiago Agustin","Mannarino, Adrian",Team Total (Games) Away,1,hdp=18.5
2026-08-29T13:52:32Z,74124714,2026-08-30T17:20:00Z,Bet365,"ATP - US Open, New York, USA","Tirante, Thiago Agustin","Mannarino, Adrian",Team Total (Games) Home,1,hdp=20.5
2026-08-29T13:52:32Z,74124714,2026-08-30T17:20:00Z,Bet365,"ATP - US Open, New York, USA","Tirante, Thiago Agustin","Mannarino, Adrian",Team Total (Double Faults) Home,7,hdp=0.5 | hdp=1.5 | hdp=2.5 | hdp=4.5 | hdp=7.5 | hdp=9.5
2026-08-29T13:52:32Z,74124714,2026-08-30T17:20:00Z,Bet365,"ATP - US Open, New York, USA","Tirante, Thiago Agustin","Mannarino, Adrian",Totals (Games),1,hdp=37.5
2026-08-29T13:52:32Z,74124714,2026-08-30T17:20:00Z,Bet365,"ATP - US Open, New York, USA","Tirante, Thiago Agustin","Mannarino, Adrian",Totals 1st Set,6,hdp=6.5 | hdp=7.5 | hdp=8.5 | hdp=9.5 | hdp=10.5 | hdp=12.5
2026-08-29T13:52:32Z,74124714,2026-08-30T17:20:00Z,Bet365,"ATP - US Open, New York, USA","Tirante, Thiago Agustin","Mannarino, Adrian",Set Betting,6,label=3-0 (1) | label=3-1 (1) | label=3-2 (1) | label=3-0 (2) | label=3-1 (2) | label=3-2 (2)
2026-08-29T13:52:32Z,74124714,2026-08-30T17:20:00Z,Bet365,"ATP - US Open, New York, USA","Tirante, Thiago Agustin","Mannarino, Adrian",Spread (Games),1,hdp=-4.5
2026-08-29T13:52:32Z,74124714,2026-08-30T17:20:00Z,Bet365,"ATP - US Open, New York, USA","Tirante, Thiago Agustin","Mannarino, Adrian",Team Total (Aces) Home,9,hdp=2.5 | hdp=4.5 | hdp=9.5 | hdp=14.5 | hdp=19.5 | hdp=24.5
2026-08-29T13:52:32Z,74124714,2026-08-30T17:20:00Z,Bet365,"ATP - US Open, New York, USA","Tirante, Thiago Agustin","Mannarino, Adrian",Team Total (Double Faults) Away,8,hdp=0.5 | hdp=1.5 | hdp=2.5 | hdp=4.5 | hdp=7.5 | hdp=9.5
2026-08-29T13:52:32Z,74124854,2026-08-30T17:50:00Z,Bet365,"WTA - US Open, New York, USA","Lee, Carol Young Suh","Boulter, Katie",ML,1,"{'home': '2.20', 'away': '1.66'}"
2026-08-29T13:52:32Z,74124854,2026-08-30T17:50:00Z,Bet365,"WTA - US Open, New York, USA","Lee, Carol Young Suh","Boulter, Katie",Team Total (Aces) Away,5,hdp=0.5 | hdp=2.5 | hdp=4.5 | hdp=9.5 | hdp=14.5
2026-08-29T13:52:32Z,74124854,2026-08-30T17:50:00Z,Bet365,"WTA - US Open, New York, USA","Lee, Carol Young Suh","Boulter, Katie",Totals 1st Set,6,hdp=6.5 | hdp=7.5 | hdp=9.5 | hdp=10.5 | hdp=12.5 | hdp=8.5
2026-08-29T13:52:32Z,74124854,2026-08-30T17:50:00Z,Bet365,"WTA - US Open, New York, USA","Lee, Carol Young Suh","Boulter, Katie",Totals (Aces),7,hdp=0.5 | hdp=2.5 | hdp=4.5 | hdp=9.5 | hdp=14.5 | hdp=19.5
2026-08-29T13:52:32Z,74124854,2026-08-30T17:50:00Z,Bet365,"WTA - US Open, New York, USA","Lee, Carol Young Suh","Boulter, Katie",Totals (Double Faults),8,hdp=1.5 | hdp=2.5 | hdp=4.5 | hdp=7.5 | hdp=9.5 | hdp=11.5
2026-08-29T13:52:32Z,74124854,2026-08-30T17:50:00Z,Bet365,"WTA - US Open, New York, USA","Lee, Carol Young Suh","Boulter, Katie",Team Total (Games) Away,1,hdp=12.5
2026-08-29T13:52:32Z,74124854,2026-08-30T17:50:00Z,Bet365,"WTA - US Open, New York, USA","Lee, Carol Young Suh","Boulter, Katie",Team Total (Double Faults) Home,5,hdp=0.5 | hdp=1.5 | hdp=2.5 | hdp=4.5 | hdp=7.5
2026-08-29T13:52:32Z,74124854,2026-08-30T17:50:00Z,Bet365,"WTA - US Open, New York, USA","Lee, Carol Young Suh","Boulter, Katie",Team Total (Double Faults) Away,9,hdp=0.5 | hdp=1.5 | hdp=2.5 | hdp=4.5 | hdp=7.5 | hdp=9.5
2026-08-29T13:52:32Z,74124854,2026-08-30T17:50:00Z,Bet365,"WTA - US Open, New York, USA","Lee, Carol Young Suh","Boulter, Katie",Team Total (Games) Home,1,hdp=12.5
2026-08-29T13:52:32Z,74124854,2026-08-30T17:50:00Z,Bet365,"WTA - US Open, New York, USA","Lee, Carol Young Suh","Boulter, Katie",Totals (Games),1,hdp=22.5
2026-08-29T13:52:32Z,74124854,2026-08-30T17:50:00Z,Bet365,"WTA - US Open, New York, USA","Lee, Carol Young Suh","Boulter, Katie",Set Betting,4,label=2-0 (1) | label=2-1 (1) | label=2-0 (2) | label=2-1 (2)
2026-08-29T13:52:32Z,74124854,2026-08-30T17:50:00Z,Bet365,"WTA - US Open, New York, USA","Lee, Carol Young Suh","Boulter, Katie",Spread (Games),1,hdp=1.5
2026-08-29T13:52:32Z,74124854,2026-08-30T17:50:00Z,Bet365,"WTA - US Open, New York, USA","Lee, Carol Young Suh","Boulter, Katie",Team Total (Aces) Home,5,hdp=0.5 | hdp=2.5 | hdp=4.5 | hdp=9.5 | hdp=14.5
2026-08-29T13:52:32Z,74150444,2026-08-30T16:40:00Z,Bet365,"WTA - US Open, New York, USA","Kostyuk, Marta","Hunter, Storm",ML,1,"{'home': '1.08', 'away': '8.00'}"
2026-08-29T13:52:32Z,74150444,2026-08-30T16:40:00Z,Bet365,"WTA - US Open, New York, USA","Kostyuk, Marta","Hunter, Storm",Totals 1st Set,6,hdp=6.5 | hdp=7.5 | hdp=8.5 | hdp=9.5 | hdp=10.5 | hdp=12.5
2026-08-29T13:52:32Z,74150444,2026-08-30T16:40:00Z,Bet365,"WTA - US Open, New York, USA","Kostyuk, Marta","Hunter, Storm",Spread (Games),1,hdp=-5.5
2026-08-29T13:52:32Z,74150444,2026-08-30T16:40:00Z,Bet365,"WTA - US Open, New York, USA","Kostyuk, Marta","Hunter, Storm",Team Total (Aces) Home,6,hdp=0.5 | hdp=2.5 | hdp=4.5 | hdp=9.5 | hdp=14.5 | hdp=19.5
2026-08-29T13:52:32Z,74150444,2026-08-30T16:40:00Z,Bet365,"WTA - US Open, New York, USA","Kostyuk, Marta","Hunter, Storm",Team Total (Double Faults) Away,8,hdp=4.5 | hdp=7.5 | hdp=9.5 | hdp=11.5 | hdp=0.5 | hdp=1.5
2026-08-29T13:52:32Z,74150444,2026-08-30T16:40:00Z,Bet365,"WTA - US Open, New York, USA","Kostyuk, Marta","Hunter, Storm",Team Total (Games) Home,1,hdp=12.5
2026-08-29T13:52:32Z,74150444,2026-08-30T16:40:00Z,Bet365,"WTA - US Open, New York, USA","Kostyuk, Marta","Hunter, Storm",Totals (Games),1,hdp=18.5
2026-08-29T13:52:32Z,74150444,2026-08-30T16:40:00Z,Bet365,"WTA - US Open, New York, USA","Kostyuk, Marta","Hunter, Storm",Set Betting,4,label=2-0 (1) | label=2-1 (1) | label=2-0 (2) | label=2-1 (2)
2026-08-29T13:52:32Z,74150444,2026-08-30T16:40:00Z,Bet365,"WTA - US Open, New York, USA","Kostyuk, Marta","Hunter, Storm",Team Total (Aces) Away,4,hdp=0.5 | hdp=2.5 | hdp=4.5 | hdp=9.5
2026-08-29T13:52:32Z,74150444,2026-08-30T16:40:00Z,Bet365,"WTA - US Open, New York, USA","Kostyuk, Marta","Hunter, Storm",Team Total (Double Faults) Home,9,hdp=1.5 | hdp=2.5 | hdp=4.5 | hdp=7.5 | hdp=9.5 | hdp=11.5
2026-08-29T13:52:32Z,74150444,2026-08-30T16:40:00Z,Bet365,"WTA - US Open, New York, USA","Kostyuk, Marta","Hunter, Storm",Team Total (Games) Away,1,hdp=7.5
2026-08-29T13:52:32Z,74150444,2026-08-30T16:40:00Z,Bet365,"WTA - US Open, New York, USA","Kostyuk, Marta","Hunter, Storm",Totals (Aces),6,hdp=0.5 | hdp=2.5 | hdp=4.5 | hdp=9.5 | hdp=14.5 | hdp=19.5
2026-08-29T13:52:32Z,74150444,2026-08-30T16:40:00Z,Bet365,"WTA - US Open, New York, USA","Kostyuk, Marta","Hunter, Storm",Totals (Double Faults),9,hdp=7.5 | hdp=9.5 | hdp=11.5 | hdp=14.5 | hdp=19.5 | hdp=1.5
2026-08-29T13:52:32Z,74124706,2026-08-30T17:20:00Z,Bet365,"ATP - US Open, New York, USA","Faria, Jaime","Brooksby, Jenson",ML,1,"{'home': '2.00', 'away': '1.80'}"
2026-08-29T13:52:32Z,74124706,2026-08-30T17:20:00Z,Bet365,"ATP - US Open, New York, USA","Faria, Jaime","Brooksby, Jenson",Totals 1st Set,6,hdp=6.5 | hdp=7.5 | hdp=8.5 | hdp=9.5 | hdp=10.5 | hdp=12.5
2026-08-29T13:52:32Z,74124706,2026-08-30T17:20:00Z,Bet365,"ATP - US Open, New York, USA","Faria, Jaime","Brooksby, Jenson",Totals (Games),1,hdp=38.5
2026-08-29T13:52:32Z,74124706,2026-08-30T17:20:00Z,Bet365,"ATP - US Open, New York, USA","Faria, Jaime","Brooksby, Jenson",Set Betting,6,label=3-0 (1) | label=3-1 (1) | label=3-2 (1) | label=3-0 (2) | label=3-1 (2) | label=3-2 (2)
2026-08-29T13:52:32Z,74124706,2026-08-30T17:20:00Z,Bet365,"ATP - US Open, New York, USA","Faria, Jaime","Brooksby, Jenson",Spread (Games),1,hdp=1.5
2026-08-29T13:52:32Z,74124706,2026-08-30T17:20:00Z,Bet365,"ATP - US Open, New York, USA","Faria, Jaime","Brooksby, Jenson",Team Total (Games) Away,1,hdp=19.5
2026-08-29T13:52:32Z,74124706,2026-08-30T17:20:00Z,Bet365,"ATP - US Open, New York, USA","Faria, Jaime","Brooksby, Jenson",Team Total (Games) Home,1,hdp=19.5
2026-08-29T13:52:32Z,74150348,2026-08-30T17:50:00Z,Bet365,"ATP - US Open, New York, USA","Vukic, Aleksandar","Sakamoto, Rei",ML,1,"{'home': '2.30', 'away': '1.61'}"
2026-08-29T13:52:32Z,74150348,2026-08-30T17:50:00Z,Bet365,"ATP - US Open, New York, USA","Vukic, Aleksandar","Sakamoto, Rei",Set Betting,6,label=3-0 (1) | label=3-1 (1) | label=3-2 (1) | label=3-0 (2) | label=3-1 (2) | label=3-2 (2)
2026-08-29T13:52:32Z,74150348,2026-08-30T17:50:00Z,Bet365,"ATP - US Open, New York, USA","Vukic, Aleksandar","Sakamoto, Rei",Team Total (Aces) Home,9,hdp=0.5 | hdp=2.5 | hdp=4.5 | hdp=9.5 | hdp=14.5 | hdp=19.5
2026-08-29T13:52:32Z,74150348,2026-08-30T17:50:00Z,Bet365,"ATP - US Open, New York, USA","Vukic, Aleksandar","Sakamoto, Rei",Team Total (Double Faults) Away,7,hdp=0.5 | hdp=1.5 | hdp=2.5 | hdp=4.5 | hdp=7.5 | hdp=9.5
2026-08-29T13:52:32Z,74150348,2026-08-30T17:50:00Z,Bet365,"ATP - US Open, New York, USA","Vukic, Aleksandar","Sakamoto, Rei",Team Total (Double Faults) Home,6,hdp=0.5 | hdp=1.5 | hdp=2.5 | hdp=4.5 | hdp=7.5 | hdp=9.5
2026-08-29T13:52:32Z,74150348,2026-08-30T17:50:00Z,Bet365,"ATP - US Open, New York, USA","Vukic, Aleksandar","Sakamoto, Rei",Team Total (Games) Away,1,hdp=20.5
2026-08-29T13:52:32Z,74150348,2026-08-30T17:50:00Z,Bet365,"ATP - US Open, New York, USA","Vukic, Aleksandar","Sakamoto, Rei",Totals (Aces),7,hdp=9.5 | hdp=14.5 | hdp=19.5 | hdp=24.5 | hdp=29.5 | hdp=39.5
2026-08-29T13:52:32Z,74150348,2026-08-30T17:50:00Z,Bet365,"ATP - US Open, New York, USA","Vukic, Aleksandar","Sakamoto, Rei",Totals (Double Faults),9,hdp=0.5 | hdp=1.5 | hdp=2.5 | hdp=4.5 | hdp=7.5 | hdp=9.5
2026-08-29T13:52:32Z,74150348,2026-08-30T17:50:00Z,Bet365,"ATP - US Open, New York, USA","Vukic, Aleksandar","Sakamoto, Rei",Spread (Games),1,hdp=2.5
2026-08-29T13:52:32Z,74150348,2026-08-30T17:50:00Z,Bet365,"ATP - US Open, New York, USA","Vukic, Aleksandar","Sakamoto, Rei",Team Total (Aces) Away,9,hdp=2.5 | hdp=4.5 | hdp=9.5 | hdp=14.5 | hdp=19.5 | hdp=24.5
2026-08-29T13:52:32Z,74150348,2026-08-30T17:50:00Z,Bet365,"ATP - US Open, New York, USA","Vukic, Aleksandar","Sakamoto, Rei",Team Total (Games) Home,1,hdp=19.5
2026-08-29T13:52:32Z,74150348,2026-08-30T17:50:00Z,Bet365,"ATP - US Open, New York, USA","Vukic, Aleksandar","Sakamoto, Rei",Totals 1st Set,6,hdp=6.5 | hdp=7.5 | hdp=8.5 | hdp=9.5 | hdp=10.5 | hdp=12.5
2026-08-29T13:52:32Z,74150348,2026-08-30T17:50:00Z,Bet365,"ATP - US Open, New York, USA","Vukic, Aleksandar","Sakamoto, Rei",Totals (Games),1,hdp=39.5
2026-08-29T13:52:32Z,74124724,2026-08-30T17:50:00Z,Bet365,"ATP - US Open, New York, USA","Kecmanovic, Miomir","Shapovalov, Denis",ML,1,"{'home': '2.10', 'away': '1.72'}"
2026-08-29T13:52:32Z,74124724,2026-08-30T17:50:00Z,Bet365,"ATP - US Open, New York, USA","Kecmanovic, Miomir","Shapovalov, Denis",Team Total (Aces) Home,6,hdp=0.5 | hdp=2.5 | hdp=4.5 | hdp=9.5 | hdp=14.5 | hdp=19.5
2026-08-29T13:52:32Z,74124724,2026-08-30T17:50:00Z,Bet365,"ATP - US Open, New York, USA","Kecmanovic, Miomir","Shapovalov, Denis",Team Total (Double Faults) Home,8,hdp=0.5 | hdp=1.5 | hdp=2.5 | hdp=4.5 | hdp=7.5 | hdp=9.5
2026-08-29T13:52:32Z,74124724,2026-08-30T17:50:00Z,Bet365,"ATP - US Open, New York, USA","Kecmanovic, Miomir","Shapovalov, Denis",Team Total (Games) Away,1,hdp=20.5
2026-08-29T13:52:32Z,74124724,2026-08-30T17:50:00Z,Bet365,"ATP - US Open, New York, USA","Kecmanovic, Miomir","Shapovalov, Denis",Team Total (Games) Home,1,hdp=20.5
2026-08-29T13:52:32Z,74124724,2026-08-30T17:50:00Z,Bet365,"ATP - US Open, New York, USA","Kecmanovic, Miomir","Shapovalov, Denis",Totals 1st Set,6,hdp=6.5 | hdp=7.5 | hdp=8.5 | hdp=9.5 | hdp=10.5 | hdp=12.5
2026-08-29T13:52:32Z,74124724,2026-08-30T17:50:00Z,Bet365,"ATP - US Open, New York, USA","Kecmanovic, Miomir","Shapovalov, Denis",Spread (Games),1,hdp=1.5
2026-08-29T13:52:32Z,74124724,2026-08-30T17:50:00Z,Bet365,"ATP - US Open, New York, USA","Kecmanovic, Miomir","Shapovalov, Denis",Team Total (Double Faults) Away,9,hdp=1.5 | hdp=2.5 | hdp=4.5 | hdp=7.5 | hdp=9.5 | hdp=11.5
2026-08-29T13:52:32Z,74124724,2026-08-30T17:50:00Z,Bet365,"ATP - US Open, New York, USA","Kecmanovic, Miomir","Shapovalov, Denis",Totals (Aces),8,hdp=4.5 | hdp=9.5 | hdp=14.5 | hdp=19.5 | hdp=24.5 | hdp=29.5
2026-08-29T13:52:32Z,74124724,2026-08-30T17:50:00Z,Bet365,"ATP - US Open, New York, USA","Kecmanovic, Miomir","Shapovalov, Denis",Totals (Double Faults),7,hdp=4.5 | hdp=7.5 | hdp=9.5 | hdp=11.5 | hdp=14.5 | hdp=19.5
2026-08-29T13:52:32Z,74124724,2026-08-30T17:50:00Z,Bet365,"ATP - US Open, New York, USA","Kecmanovic, Miomir","Shapovalov, Denis",Totals (Games),1,hdp=40.5
2026-08-29T13:52:32Z,74124724,2026-08-30T17:50:00Z,Bet365,"ATP - US Open, New York, USA","Kecmanovic, Miomir","Shapovalov, Denis",Team Total (Aces) Away,8,hdp=2.5 | hdp=4.5 | hdp=9.5 | hdp=14.5 | hdp=19.5 | hdp=24.5
2026-08-29T13:52:32Z,74124724,2026-08-30T17:50:00Z,Bet365,"ATP - US Open, New York, USA","Kecmanovic, Miomir","Shapovalov, Denis",Set Betting,6,label=3-0 (1) | label=3-1 (1) | label=3-2 (1) | label=3-0 (2) | label=3-1 (2) | label=3-2 (2)
2026-08-29T13:52:32Z,74124886,2026-08-30T17:50:00Z,Bet365,"WTA - US Open, New York, USA","Kessler, McCartney","Alexandrova, Ekaterina",ML,1,"{'home': '2.37', 'away': '1.57'}"
2026-08-29T13:52:32Z,74124886,2026-08-30T17:50:00Z,Bet365,"WTA - US Open, New York, USA","Kessler, McCartney","Alexandrova, Ekaterina",Team Total (Aces) Away,5,hdp=0.5 | hdp=2.5 | hdp=4.5 | hdp=9.5 | hdp=14.5
2026-08-29T13:52:32Z,74124886,2026-08-30T17:50:00Z,Bet365,"WTA - US Open, New York, USA","Kessler, McCartney","Alexandrova, Ekaterina",Team Total (Aces) Home,5,hdp=0.5 | hdp=2.5 | hdp=4.5 | hdp=9.5 | hdp=14.5
2026-08-29T13:52:32Z,74124886,2026-08-30T17:50:00Z,Bet365,"WTA - US Open, New York, USA","Kessler, McCartney","Alexandrova, Ekaterina",Team Total (Double Faults) Away,9,hdp=0.5 | hdp=1.5 | hdp=2.5 | hdp=4.5 | hdp=7.5 | hdp=9.5
2026-08-29T13:52:32Z,74124886,2026-08-30T17:50:00Z,Bet365,"WTA - US Open, New York, USA","Kessler, McCartney","Alexandrova, Ekaterina",Team Total (Double Faults) Home,6,hdp=0.5 | hdp=1.5 | hdp=2.5 | hdp=4.5 | hdp=7.5 | hdp=9.5
2026-08-29T13:52:32Z,74124886,2026-08-30T17:50:00Z,Bet365,"WTA - US Open, New York, USA","Kessler, McCartney","Alexandrova, Ekaterina",Totals 1st Set,6,hdp=9.5 | hdp=6.5 | hdp=7.5 | hdp=8.5 | hdp=10.5 | hdp=12.5
2026-08-29T13:52:32Z,74124886,2026-08-30T17:50:00Z,Bet365,"WTA - US Open, New York, USA","Kessler, McCartney","Alexandrova, Ekaterina",Totals (Games),1,hdp=22.5
2026-08-29T13:52:32Z,74124886,2026-08-30T17:50:00Z,Bet365,"WTA - US Open, New York, USA","Kessler, McCartney","Alexandrova, Ekaterina",Set Betting,4,label=2-0 (1) | label=2-1 (1) | label=2-0 (2) | label=2-1 (2)
2026-08-29T13:52:32Z,74124886,2026-08-30T17:50:00Z,Bet365,"WTA - US Open, New York, USA","Kessler, McCartney","Alexandrova, Ekaterina",Spread (Games),1,hdp=2.5
2026-08-29T13:52:32Z,74124886,2026-08-30T17:50:00Z,Bet365,"WTA - US Open, New York, USA","Kessler, McCartney","Alexandrova, Ekaterina",Team Total (Games) Away,1,hdp=12.5
2026-08-29T13:52:32Z,74124886,2026-08-30T17:50:00Z,Bet365,"WTA - US Open, New York, USA","Kessler, McCartney","Alexandrova, Ekaterina",Team Total (Games) Home,1,hdp=11.5
2026-08-29T13:52:32Z,74124886,2026-08-30T17:50:00Z,Bet365,"WTA - US Open, New York, USA","Kessler, McCartney","Alexandrova, Ekaterina",Totals (Aces),7,hdp=0.5 | hdp=2.5 | hdp=4.5 | hdp=9.5 | hdp=14.5 | hdp=19.5
2026-08-29T13:52:32Z,74124886,2026-08-30T17:50:00Z,Bet365,"WTA - US Open, New York, USA","Kessler, McCartney","Alexandrova, Ekaterina",Totals (Double Faults),9,hdp=1.5 | hdp=2.5 | hdp=4.5 | hdp=7.5 | hdp=9.5 | hdp=11.5
2026-08-29T13:52:32Z,74124752,2026-08-30T19:00:00Z,Bet365,"ATP - US Open, New York, USA","Gorzny, Sebastian","Collignon, Raphael",ML,1,"{'home': '7.00', 'away': '1.10'}"
2026-08-29T13:52:32Z,74124752,2026-08-30T19:00:00Z,Bet365,"ATP - US Open, New York, USA","Gorzny, Sebastian","Collignon, Raphael",Spread (Games),1,hdp=7.5
2026-08-29T13:52:32Z,74124752,2026-08-30T19:00:00Z,Bet365,"ATP - US Open, New York, USA","Gorzny, Sebastian","Collignon, Raphael",Totals (Aces),9,hdp=2.5 | hdp=4.5 | hdp=9.5 | hdp=14.5 | hdp=19.5 | hdp=24.5
2026-08-29T13:52:32Z,74124752,2026-08-30T19:00:00Z,Bet365,"ATP - US Open, New York, USA","Gorzny, Sebastian","Collignon, Raphael",Totals (Games),1,hdp=32.5
2026-08-29T13:52:32Z,74124752,2026-08-30T19:00:00Z,Bet365,"ATP - US Open, New York, USA","Gorzny, Sebastian","Collignon, Raphael",Team Total (Games) Home,1,hdp=13.5
2026-08-29T13:52:32Z,74124752,2026-08-30T19:00:00Z,Bet365,"ATP - US Open, New York, USA","Gorzny, Sebastian","Collignon, Raphael",Set Betting,6,label=3-0 (1) | label=3-1 (1) | label=3-2 (1) | label=3-0 (2) | label=3-1 (2) | label=3-2 (2)
2026-08-29T13:52:32Z,74124752,2026-08-30T19:00:00Z,Bet365,"ATP - US Open, New York, USA","Gorzny, Sebastian","Collignon, Raphael",Team Total (Games) Away,1,hdp=19.5
2026-08-29T13:52:32Z,74124752,2026-08-30T19:00:00Z,Bet365,"ATP - US Open, New York, USA","Gorzny, Sebastian","Collignon, Raphael",Team Total (Aces) Away,7,hdp=0.5 | hdp=2.5 | hdp=4.5 | hdp=9.5 | hdp=14.5 | hdp=19.5
2026-08-29T13:52:32Z,74124752,2026-08-30T19:00:00Z,Bet365,"ATP - US Open, New York, USA","Gorzny, Sebastian","Collignon, Raphael",Team Total (Double Faults) Away,9,hdp=0.5 | hdp=1.5 | hdp=2.5 | hdp=4.5 | hdp=7.5 | hdp=9.5
2026-08-29T13:52:32Z,74124752,2026-08-30T19:00:00Z,Bet365,"ATP - US Open, New York, USA","Gorzny, Sebastian","Collignon, Raphael",Totals 1st Set,6,hdp=9.5 | hdp=10.5 | hdp=12.5 | hdp=6.5 | hdp=7.5 | hdp=8.5
2026-08-29T13:52:32Z,74124752,2026-08-30T19:00:00Z,Bet365,"ATP - US Open, New York, USA","Gorzny, Sebastian","Collignon, Raphael",Totals (Double Faults),8,hdp=2.5 | hdp=4.5 | hdp=7.5 | hdp=9.5 | hdp=11.5 | hdp=14.5
2026-08-29T13:52:32Z,74124752,2026-08-30T19:00:00Z,Bet365,"ATP - US Open, New York, USA","Gorzny, Sebastian","Collignon, Raphael",Team Total (Aces) Home,8,hdp=0.5 | hdp=2.5 | hdp=4.5 | hdp=9.5 | hdp=14.5 | hdp=19.5
2026-08-29T13:52:32Z,74124752,2026-08-30T19:00:00Z,Bet365,"ATP - US Open, New York, USA","Gorzny, Sebastian","Collignon, Raphael",Team Total (Double Faults) Home,9,hdp=0.5 | hdp=1.5 | hdp=2.5 | hdp=4.5 | hdp=7.5 | hdp=9.5
2026-08-29T13:52:32Z,74150346,2026-08-30T21:00:00Z,Bet365,"ATP - US Open, New York, USA","Michelsen, Alex","Cina, Federico",ML,1,"{'home': '1.25', 'away': '4.00'}"
2026-08-29T13:52:32Z,74150346,2026-08-30T21:00:00Z,Bet365,"ATP - US Open, New York, USA","Michelsen, Alex","Cina, Federico",Team Total (Aces) Home,7,hdp=0.5 | hdp=2.5 | hdp=4.5 | hdp=9.5 | hdp=14.5 | hdp=19.5
2026-08-29T13:52:32Z,74150346,2026-08-30T21:00:00Z,Bet365,"ATP - US Open, New York, USA","Michelsen, Alex","Cina, Federico",Totals 1st Set,6,hdp=6.5 | hdp=9.5 | hdp=12.5 | hdp=7.5 | hdp=8.5 | hdp=10.5
2026-08-29T13:52:32Z,74150346,2026-08-30T21:00:00Z,Bet365,"ATP - US Open, New York, USA","Michelsen, Alex","Cina, Federico",Totals (Double Faults),9,hdp=1.5 | hdp=2.5 | hdp=4.5 | hdp=7.5 | hdp=9.5 | hdp=11.5
2026-08-29T13:52:32Z,74150346,2026-08-30T21:00:00Z,Bet365,"ATP - US Open, New York, USA","Michelsen, Alex","Cina, Federico",Set Betting,6,label=3-0 (1) | label=3-1 (1) | label=3-2 (1) | label=3-0 (2) | label=3-1 (2) | label=3-2 (2)
2026-08-29T13:52:32Z,74150346,2026-08-30T21:00:00Z,Bet365,"ATP - US Open, New York, USA","Michelsen, Alex","Cina, Federico",Spread (Games),1,hdp=-5.5
2026-08-29T13:52:32Z,74150346,2026-08-30T21:00:00Z,Bet365,"ATP - US Open, New York, USA","Michelsen, Alex","Cina, Federico",Team Total (Double Faults) Home,8,hdp=0.5 | hdp=1.5 | hdp=2.5 | hdp=4.5 | hdp=7.5 | hdp=9.5
2026-08-29T13:52:32Z,74150346,2026-08-30T21:00:00Z,Bet365,"ATP - US Open, New York, USA","Michelsen, Alex","Cina, Federico",Team Total (Double Faults) Away,8,hdp=0.5 | hdp=1.5 | hdp=2.5 | hdp=4.5 | hdp=7.5 | hdp=9.5
2026-08-29T13:52:32Z,74150346,2026-08-30T21:00:00Z,Bet365,"ATP - US Open, New York, USA","Michelsen, Alex","Cina, Federico",Team Total (Games) Away,1,hdp=17.5
2026-08-29T13:52:32Z,74150346,2026-08-30T21:00:00Z,Bet365,"ATP - US Open, New York, USA","Michelsen, Alex","Cina, Federico",Totals (Aces),8,hdp=2.5 | hdp=4.5 | hdp=9.5 | hdp=14.5 | hdp=19.5 | hdp=24.5
2026-08-29T13:52:32Z,74150346,2026-08-30T21:00:00Z,Bet365,"ATP - US Open, New York, USA","Michelsen, Alex","Cina, Federico",Totals (Games),1,hdp=37.5
2026-08-29T13:52:32Z,74150346,2026-08-30T21:00:00Z,Bet365,"ATP - US Open, New York, USA","Michelsen, Alex","Cina, Federico",Team Total (Games) Home,1,hdp=20.5
2026-08-29T13:52:32Z,74150346,2026-08-30T21:00:00Z,Bet365,"ATP - US Open, New York, USA","Michelsen, Alex","Cina, Federico",Team Total (Aces) Away,7,hdp=0.5 | hdp=2.5 | hdp=4.5 | hdp=9.5 | hdp=14.5 | hdp=19.5
2026-08-29T13:52:32Z,74124730,2026-08-30T23:00:00Z,Bet365,"ATP - US Open, New York, USA","Navone, Mariano","Djokovic, Novak",ML,1,"{'home': '4.50', 'away': '1.20'}"
2026-08-29T13:52:32Z,74124730,2026-08-30T23:00:00Z,Bet365,"ATP - US Open, New York, USA","Navone, Mariano","Djokovic, Novak",Team Total (Games) Home,1,hdp=14.5
2026-08-29T13:52:32Z,74124730,2026-08-30T23:00:00Z,Bet365,"ATP - US Open, New York, USA","Navone, Mariano","Djokovic, Novak",Totals 1st Set,6,hdp=6.5 | hdp=10.5 | hdp=8.5 | hdp=9.5 | hdp=12.5 | hdp=7.5
2026-08-29T13:52:32Z,74124730,2026-08-30T23:00:00Z,Bet365,"ATP - US Open, New York, USA","Navone, Mariano","Djokovic, Novak",Totals (Games),1,hdp=33.5
2026-08-29T13:52:32Z,74124730,2026-08-30T23:00:00Z,Bet365,"ATP - US Open, New York, USA","Navone, Mariano","Djokovic, Novak",Set Betting,6,label=3-0 (1) | label=3-1 (1) | label=3-2 (1) | label=3-0 (2) | label=3-1 (2) | label=3-2 (2)
2026-08-29T13:52:32Z,74124730,2026-08-30T23:00:00Z,Bet365,"ATP - US Open, New York, USA","Navone, Mariano","Djokovic, Novak",Spread (Games),1,hdp=6.5
2026-08-29T13:52:32Z,74124730,2026-08-30T23:00:00Z,Bet365,"ATP - US Open, New York, USA","Navone, Mariano","Djokovic, Novak",Team Total (Games) Away,1,hdp=19.5
2026-08-29T13:52:32Z,74124894,2026-08-30T18:20:00Z,Bet365,"WTA - US Open, New York, USA","Vandewinkel, Hanne","Pliskova, Karolina",ML,1,"{'home': '1.90', 'away': '1.90'}"
2026-08-29T13:52:32Z,74124894,2026-08-30T18:20:00Z,Bet365,"WTA - US Open, New York, USA","Vandewinkel, Hanne","Pliskova, Karolina",Spread (Games),1,hdp=0.5
2026-08-29T13:52:32Z,74124894,2026-08-30T18:20:00Z,Bet365,"WTA - US Open, New York, USA","Vandewinkel, Hanne","Pliskova, Karolina",Team Total (Aces) Home,5,hdp=0.5 | hdp=14.5 | hdp=2.5 | hdp=4.5 | hdp=9.5
2026-08-29T13:52:32Z,74124894,2026-08-30T18:20:00Z,Bet365,"WTA - US Open, New York, USA","Vandewinkel, Hanne","Pliskova, Karolina",Team Total (Double Faults) Home,9,hdp=2.5 | hdp=4.5 | hdp=7.5 | hdp=9.5 | hdp=11.5 | hdp=0.5
2026-08-29T13:52:32Z,74124894,2026-08-30T18:20:00Z,Bet365,"WTA - US Open, New York, USA","Vandewinkel, Hanne","Pliskova, Karolina",Totals 1st Set,6,hdp=6.5 | hdp=7.5 | hdp=8.5 | hdp=9.5 | hdp=10.5 | hdp=12.5
2026-08-29T13:52:32Z,74124894,2026-08-30T18:20:00Z,Bet365,"WTA - US Open, New York, USA","Vandewinkel, Hanne","Pliskova, Karolina",Totals (Games),1,hdp=22.5
2026-08-29T13:52:32Z,74124894,2026-08-30T18:20:00Z,Bet365,"WTA - US Open, New York, USA","Vandewinkel, Hanne","Pliskova, Karolina",Set Betting,4,label=2-0 (1) | label=2-1 (1) | label=2-0 (2) | label=2-1 (2)
2026-08-29T13:52:32Z,74124894,2026-08-30T18:20:00Z,Bet365,"WTA - US Open, New York, USA","Vandewinkel, Hanne","Pliskova, Karolina",Team Total (Aces) Away,5,hdp=14.5 | hdp=0.5 | hdp=2.5 | hdp=4.5 | hdp=9.5
2026-08-29T13:52:32Z,74124894,2026-08-30T18:20:00Z,Bet365,"WTA - US Open, New York, USA","Vandewinkel, Hanne","Pliskova, Karolina",Team Total (Double Faults) Away,9,hdp=2.5 | hdp=4.5 | hdp=7.5 | hdp=9.5 | hdp=11.5 | hdp=14.5
2026-08-29T13:52:32Z,74124894,2026-08-30T18:20:00Z,Bet365,"WTA - US Open, New York, USA","Vandewinkel, Hanne","Pliskova, Karolina",Team Total (Games) Away,1,hdp=12.5
2026-08-29T13:52:32Z,74124894,2026-08-30T18:20:00Z,Bet365,"WTA - US Open, New York, USA","Vandewinkel, Hanne","Pliskova, Karolina",Team Total (Games) Home,1,hdp=12.5
2026-08-29T13:52:32Z,74124894,2026-08-30T18:20:00Z,Bet365,"WTA - US Open, New York, USA","Vandewinkel, Hanne","Pliskova, Karolina",Totals (Aces),8,hdp=0.5 | hdp=2.5 | hdp=4.5 | hdp=29.5 | hdp=9.5 | hdp=14.5
2026-08-29T13:52:32Z,74124894,2026-08-30T18:20:00Z,Bet365,"WTA - US Open, New York, USA","Vandewinkel, Hanne","Pliskova, Karolina",Totals (Double Faults),8,hdp=7.5 | hdp=9.5 | hdp=11.5 | hdp=14.5 | hdp=19.5 | hdp=24.5
2026-08-29T13:52:32Z,74124888,2026-08-30T19:30:00Z,Bet365,"WTA - US Open, New York, USA","Birrell, Kimberly","Marcinko, Petra",ML,1,"{'home': '1.80', 'away': '2.00'}"
2026-08-29T13:52:32Z,74124888,2026-08-30T19:30:00Z,Bet365,"WTA - US Open, New York, USA","Birrell, Kimberly","Marcinko, Petra",Set Betting,4,label=2-0 (1) | label=2-1 (1) | label=2-0 (2) | label=2-1 (2)
2026-08-29T13:52:32Z,74124888,2026-08-30T19:30:00Z,Bet365,"WTA - US Open, New York, USA","Birrell, Kimberly","Marcinko, Petra",Spread (Games),1,hdp=-0.5
2026-08-29T13:52:32Z,74124888,2026-08-30T19:30:00Z,Bet365,"WTA - US Open, New York, USA","Birrell, Kimberly","Marcinko, Petra",Team Total (Aces) Home,4,hdp=0.5 | hdp=2.5 | hdp=4.5 | hdp=9.5
2026-08-29T13:52:32Z,74124888,2026-08-30T19:30:00Z,Bet365,"WTA - US Open, New York, USA","Birrell, Kimberly","Marcinko, Petra",Team Total (Games) Away,1,hdp=12.5
2026-08-29T13:52:32Z,74124888,2026-08-30T19:30:00Z,Bet365,"WTA - US Open, New York, USA","Birrell, Kimberly","Marcinko, Petra",Totals (Aces),7,hdp=0.5 | hdp=2.5 | hdp=4.5 | hdp=9.5 | hdp=14.5 | hdp=19.5
2026-08-29T13:52:32Z,74124888,2026-08-30T19:30:00Z,Bet365,"WTA - US Open, New York, USA","Birrell, Kimberly","Marcinko, Petra",Totals (Games),1,hdp=21.5
2026-08-29T13:52:32Z,74124888,2026-08-30T19:30:00Z,Bet365,"WTA - US Open, New York, USA","Birrell, Kimberly","Marcinko, Petra",Team Total (Aces) Away,5,hdp=0.5 | hdp=2.5 | hdp=4.5 | hdp=9.5 | hdp=14.5
2026-08-29T13:52:32Z,74124888,2026-08-30T19:30:00Z,Bet365,"WTA - US Open, New York, USA","Birrell, Kimberly","Marcinko, Petra",Team Total (Games) Home,1,hdp=12.5
2026-08-29T13:52:32Z,74124888,2026-08-30T19:30:00Z,Bet365,"WTA - US Open, New York, USA","Birrell, Kimberly","Marcinko, Petra",Totals 1st Set,6,hdp=6.5 | hdp=7.5 | hdp=8.5 | hdp=9.5 | hdp=12.5 | hdp=10.5
2026-08-29T13:52:32Z,74124896,2026-08-30T19:30:00Z,Bet365,"WTA - US Open, New York, USA","Preston, Taylah","Parks, Alycia",ML,1,"{'home': '1.90', 'away': '1.90'}"
2026-08-29T13:52:32Z,74124896,2026-08-30T19:30:00Z,Bet365,"WTA - US Open, New York, USA","Preston, Taylah","Parks, Alycia",Spread (Games),1,hdp=0.5
2026-08-29T13:52:32Z,74124896,2026-08-30T19:30:00Z,Bet365,"WTA - US Open, New York, USA","Preston, Taylah","Parks, Alycia",Team Total (Double Faults) Home,8,hdp=0.5 | hdp=1.5 | hdp=2.5 | hdp=4.5 | hdp=7.5 | hdp=9.5
2026-08-29T13:52:32Z,74124896,2026-08-30T19:30:00Z,Bet365,"WTA - US Open, New York, USA","Preston, Taylah","Parks, Alycia",Team Total (Games) Home,1,hdp=12.5
2026-08-29T13:52:32Z,74124896,2026-08-30T19:30:00Z,Bet365,"WTA - US Open, New York, USA","Preston, Taylah","Parks, Alycia",Totals (Aces),8,hdp=0.5 | hdp=2.5 | hdp=9.5 | hdp=14.5 | hdp=19.5 | hdp=24.5
2026-08-29T13:52:32Z,74124896,2026-08-30T19:30:00Z,Bet365,"WTA - US Open, New York, USA","Preston, Taylah","Parks, Alycia",Set Betting,4,label=2-0 (1) | label=2-1 (1) | label=2-0 (2) | label=2-1 (2)
2026-08-29T13:52:32Z,74124896,2026-08-30T19:30:00Z,Bet365,"WTA - US Open, New York, USA","Preston, Taylah","Parks, Alycia",Team Total (Aces) Home,4,hdp=2.5 | hdp=9.5 | hdp=0.5 | hdp=4.5
2026-08-29T13:52:32Z,74124896,2026-08-30T19:30:00Z,Bet365,"WTA - US Open, New York, USA","Preston, Taylah","Parks, Alycia",Team Total (Aces) Away,7,hdp=0.5 | hdp=2.5 | hdp=4.5 | hdp=9.5 | hdp=14.5 | hdp=19.5
2026-08-29T13:52:32Z,74124896,2026-08-30T19:30:00Z,Bet365,"WTA - US Open, New York, USA","Preston, Taylah","Parks, Alycia",Team Total (Games) Away,1,hdp=12.5
2026-08-29T13:52:32Z,74124896,2026-08-30T19:30:00Z,Bet365,"WTA - US Open, New York, USA","Preston, Taylah","Parks, Alycia",Totals 1st Set,6,hdp=6.5 | hdp=7.5 | hdp=8.5 | hdp=9.5 | hdp=10.5 | hdp=12.5
2026-08-29T13:52:32Z,74124896,2026-08-30T19:30:00Z,Bet365,"WTA - US Open, New York, USA","Preston, Taylah","Parks, Alycia",Totals (Double Faults),8,hdp=2.5 | hdp=4.5 | hdp=7.5 | hdp=9.5 | hdp=11.5 | hdp=14.5
2026-08-29T13:52:32Z,74124896,2026-08-30T19:30:00Z,Bet365,"WTA - US Open, New York, USA","Preston, Taylah","Parks, Alycia",Totals (Games),1,hdp=22.5
2026-08-29T13:52:32Z,74124896,2026-08-30T19:30:00Z,Bet365,"WTA - US Open, New York, USA","Preston, Taylah","Parks, Alycia",Team Total (Double Faults) Away,9,hdp=0.5 | hdp=1.5 | hdp=2.5 | hdp=4.5 | hdp=7.5 | hdp=9.5
2026-08-29T13:52:32Z,74124856,2026-08-30T21:00:00Z,Bet365,"WTA - US Open, New York, USA","Navarro, Emma","Boisson, Lois",ML,1,"{'home': '1.33', 'away': '3.40'}"
2026-08-29T13:52:32Z,74124856,2026-08-30T21:00:00Z,Bet365,"WTA - US Open, New York, USA","Navarro, Emma","Boisson, Lois",Team Total (Aces) Away,6,hdp=0.5 | hdp=2.5 | hdp=4.5 | hdp=9.5 | hdp=14.5 | hdp=19.5
2026-08-29T13:52:32Z,74124856,2026-08-30T21:00:00Z,Bet365,"WTA - US Open, New York, USA","Navarro, Emma","Boisson, Lois",Team Total (Double Faults) Home,7,hdp=0.5 | hdp=1.5 | hdp=2.5 | hdp=4.5 | hdp=7.5 | hdp=9.5
2026-08-29T13:52:32Z,74124856,2026-08-30T21:00:00Z,Bet365,"WTA - US Open, New York, USA","Navarro, Emma","Boisson, Lois",Team Total (Games) Home,1,hdp=12.5
2026-08-29T13:52:32Z,74124856,2026-08-30T21:00:00Z,Bet365,"WTA - US Open, New York, USA","Navarro, Emma","Boisson, Lois",Totals 1st Set,6,hdp=6.5 | hdp=8.5 | hdp=7.5 | hdp=9.5 | hdp=12.5 | hdp=10.5
2026-08-29T13:52:32Z,74124856,2026-08-30T21:00:00Z,Bet365,"WTA - US Open, New York, USA","Navarro, Emma","Boisson, Lois",Totals (Aces),8,hdp=0.5 | hdp=2.5 | hdp=4.5 | hdp=9.5 | hdp=14.5 | hdp=19.5
2026-08-29T13:52:32Z,74124856,2026-08-30T21:00:00Z,Bet365,"WTA - US Open, New York, USA","Navarro, Emma","Boisson, Lois",Set Betting,4,label=2-0 (1) | label=2-1 (1) | label=2-0 (2) | label=2-1 (2)
2026-08-29T13:52:32Z,74124856,2026-08-30T21:00:00Z,Bet365,"WTA - US Open, New York, USA","Navarro, Emma","Boisson, Lois",Team Total (Aces) Home,5,hdp=0.5 | hdp=2.5 | hdp=4.5 | hdp=9.5 | hdp=14.5
2026-08-29T13:52:32Z,74124856,2026-08-30T21:00:00Z,Bet365,"WTA - US Open, New York, USA","Navarro, Emma","Boisson, Lois",Team Total (Double Faults) Away,8,hdp=0.5 | hdp=1.5 | hdp=2.5 | hdp=4.5 | hdp=7.5 | hdp=9.5
2026-08-29T13:52:32Z,74124856,2026-08-30T21:00:00Z,Bet365,"WTA - US Open, New York, USA","Navarro, Emma","Boisson, Lois",Team Total (Games) Away,1,hdp=10.5
2026-08-29T13:52:32Z,74124856,2026-08-30T21:00:00Z,Bet365,"WTA - US Open, New York, USA","Navarro, Emma","Boisson, Lois",Totals (Double Faults),9,hdp=1.5 | hdp=2.5 | hdp=4.5 | hdp=7.5 | hdp=9.5 | hdp=11.5
2026-08-29T13:52:32Z,74124856,2026-08-30T21:00:00Z,Bet365,"WTA - US Open, New York, USA","Navarro, Emma","Boisson, Lois",Totals (Games),1,hdp=21.5
2026-08-29T13:52:32Z,74124856,2026-08-30T21:00:00Z,Bet365,"WTA - US Open, New York, USA","Navarro, Emma","Boisson, Lois",Spread (Games),1,hdp=-3.5
2026-08-29T13:52:32Z,74124864,2026-08-30T23:00:00Z,Bet365,"WTA - US Open, New York, USA","Svitolina, Elina","Sierra, Solana",ML,1,"{'home': '1.06', 'away': '10.00'}"
2026-08-29T13:52:32Z,74124864,2026-08-30T23:00:00Z,Bet365,"WTA - US Open, New York, USA","Svitolina, Elina","Sierra, Solana",Totals (Games),1,hdp=17.5
2026-08-29T13:52:32Z,74124864,2026-08-30T23:00:00Z,Bet365,"WTA - US Open, New York, USA","Svitolina, Elina","Sierra, Solana",Spread (Games),1,hdp=-6.5
2026-08-29T13:52:32Z,74124864,2026-08-30T23:00:00Z,Bet365,"WTA - US Open, New York, USA","Svitolina, Elina","Sierra, Solana",Team Total (Aces) Home,5,hdp=0.5 | hdp=2.5 | hdp=4.5 | hdp=9.5 | hdp=14.5
2026-08-29T13:52:32Z,74124864,2026-08-30T23:00:00Z,Bet365,"WTA - US Open, New York, USA","Svitolina, Elina","Sierra, Solana",Team Total (Games) Away,1,hdp=5.5
2026-08-29T13:52:32Z,74124864,2026-08-30T23:00:00Z,Bet365,"WTA - US Open, New York, USA","Svitolina, Elina","Sierra, Solana",Totals 1st Set,6,hdp=6.5 | hdp=7.5 | hdp=8.5 | hdp=9.5 | hdp=10.5 | hdp=12.5
2026-08-29T13:52:32Z,74124864,2026-08-30T23:00:00Z,Bet365,"WTA - US Open, New York, USA","Svitolina, Elina","Sierra, Solana",Totals (Aces),5,hdp=0.5 | hdp=2.5 | hdp=4.5 | hdp=9.5 | hdp=14.5
2026-08-29T13:52:32Z,74124864,2026-08-30T23:00:00Z,Bet365,"WTA - US Open, New York, USA","Svitolina, Elina","Sierra, Solana",Set Betting,4,label=2-0 (1) | label=2-1 (1) | label=2-0 (2) | label=2-1 (2)
2026-08-29T13:52:32Z,74124864,2026-08-30T23:00:00Z,Bet365,"WTA - US Open, New York, USA","Svitolina, Elina","Sierra, Solana",Team Total (Aces) Away,4,hdp=0.5 | hdp=2.5 | hdp=4.5 | hdp=9.5
2026-08-29T13:52:32Z,74124864,2026-08-30T23:00:00Z,Bet365,"WTA - US Open, New York, USA","Svitolina, Elina","Sierra, Solana",Team Total (Games) Home,1,hdp=12.5
2026-08-29T13:52:32Z,74150344,2026-08-30T19:00:00Z,Bet365,"ATP - US Open, New York, USA","Landaluce, Martin","Fearnley, Jacob",ML,1,"{'home': '2.00', 'away': '1.80'}"
2026-08-29T13:52:32Z,74150344,2026-08-30T19:00:00Z,Bet365,"ATP - US Open, New York, USA","Landaluce, Martin","Fearnley, Jacob",Team Total (Games) Home,1,hdp=19.5
2026-08-29T13:52:32Z,74150344,2026-08-30T19:00:00Z,Bet365,"ATP - US Open, New York, USA","Landaluce, Martin","Fearnley, Jacob",Set Betting,6,label=3-0 (1) | label=3-1 (1) | label=3-2 (1) | label=3-0 (2) | label=3-1 (2) | label=3-2 (2)
2026-08-29T13:52:32Z,74150344,2026-08-30T19:00:00Z,Bet365,"ATP - US Open, New York, USA","Landaluce, Martin","Fearnley, Jacob",Team Total (Aces) Away,8,hdp=2.5 | hdp=4.5 | hdp=9.5 | hdp=14.5 | hdp=19.5 | hdp=0.5
2026-08-29T13:52:32Z,74150344,2026-08-30T19:00:00Z,Bet365,"ATP - US Open, New York, USA","Landaluce, Martin","Fearnley, Jacob",Team Total (Aces) Home,7,hdp=4.5 | hdp=9.5 | hdp=14.5 | hdp=19.5 | hdp=0.5 | hdp=2.5
2026-08-29T13:52:32Z,74150344,2026-08-30T19:00:00Z,Bet365,"ATP - US Open, New York, USA","Landaluce, Martin","Fearnley, Jacob",Team Total (Double Faults) Away,9,hdp=1.5 | hdp=2.5 | hdp=4.5 | hdp=7.5 | hdp=9.5 | hdp=11.5
2026-08-29T13:52:32Z,74150344,2026-08-30T19:00:00Z,Bet365,"ATP - US Open, New York, USA","Landaluce, Martin","Fearnley, Jacob",Totals (Aces),9,hdp=9.5 | hdp=14.5 | hdp=19.5 | hdp=24.5 | hdp=29.5 | hdp=39.5
2026-08-29T13:52:32Z,74150344,2026-08-30T19:00:00Z,Bet365,"ATP - US Open, New York, USA","Landaluce, Martin","Fearnley, Jacob",Totals (Double Faults),6,hdp=7.5 | hdp=9.5 | hdp=11.5 | hdp=14.5 | hdp=19.5 | hdp=24.5
2026-08-29T13:52:32Z,74150344,2026-08-30T19:00:00Z,Bet365,"ATP - US Open, New York, USA","Landaluce, Martin","Fearnley, Jacob",Totals (Games),1,hdp=37.5
2026-08-29T13:52:32Z,74150344,2026-08-30T19:00:00Z,Bet365,"ATP - US Open, New York, USA","Landaluce, Martin","Fearnley, Jacob",Spread (Games),1,hdp=0.5
2026-08-29T13:52:32Z,74150344,2026-08-30T19:00:00Z,Bet365,"ATP - US Open, New York, USA","Landaluce, Martin","Fearnley, Jacob",Team Total (Double Faults) Home,9,hdp=0.5 | hdp=1.5 | hdp=2.5 | hdp=4.5 | hdp=7.5 | hdp=9.5
2026-08-29T13:52:32Z,74150344,2026-08-30T19:00:00Z,Bet365,"ATP - US Open, New York, USA","Landaluce, Martin","Fearnley, Jacob",Team Total (Games) Away,1,hdp=19.5
2026-08-29T13:52:32Z,74150344,2026-08-30T19:00:00Z,Bet365,"ATP - US Open, New York, USA","Landaluce, Martin","Fearnley, Jacob",Totals 1st Set,6,hdp=6.5 | hdp=7.5 | hdp=8.5 | hdp=9.5 | hdp=10.5 | hdp=12.5
2026-08-29T13:52:32Z,74124876,2026-08-31T00:40:00Z,Bet365,"WTA - US Open, New York, USA","Williams, Venus","Kenin, Sofia",ML,1,"{'home': '6.00', 'away': '1.12'}"
2026-08-29T13:52:32Z,74124876,2026-08-31T00:40:00Z,Bet365,"WTA - US Open, New York, USA","Williams, Venus","Kenin, Sofia",Set Betting,4,label=2-0 (1) | label=2-1 (1) | label=2-0 (2) | label=2-1 (2)
2026-08-29T13:52:32Z,74124876,2026-08-31T00:40:00Z,Bet365,"WTA - US Open, New York, USA","Williams, Venus","Kenin, Sofia",Spread (Games),1,hdp=5.5
2026-08-29T13:52:32Z,74124876,2026-08-31T00:40:00Z,Bet365,"WTA - US Open, New York, USA","Williams, Venus","Kenin, Sofia",Team Total (Games) Away,1,hdp=12.5
2026-08-29T13:52:32Z,74124876,2026-08-31T00:40:00Z,Bet365,"WTA - US Open, New York, USA","Williams, Venus","Kenin, Sofia",Team Total (Games) Home,1,hdp=7.5
2026-08-29T13:52:32Z,74124876,2026-08-31T00:40:00Z,Bet365,"WTA - US Open, New York, USA","Williams, Venus","Kenin, Sofia",Totals 1st Set,6,hdp=7.5 | hdp=8.5 | hdp=9.5 | hdp=10.5 | hdp=6.5 | hdp=12.5
2026-08-29T13:52:32Z,74124876,2026-08-31T00:40:00Z,Bet365,"WTA - US Open, New York, USA","Williams, Venus","Kenin, Sofia",Totals (Games),1,hdp=19.5
2026-08-29T13:52:32Z,74124758,2026-08-31T15:00:00Z,Bet365,"ATP - US Open, New York, USA","Misolic, Filip","Cerundolo, Francisco",ML,1,"{'home': '9.00', 'away': '1.07'}"
2026-08-29T13:52:32Z,74124758,2026-08-31T15:00:00Z,Bet365,"ATP - US Open, New York, USA","Misolic, Filip","Cerundolo, Francisco",Totals (Aces),8,hdp=2.5 | hdp=4.5 | hdp=9.5 | hdp=14.5 | hdp=19.5 | hdp=24.5
2026-08-29T13:52:32Z,74124758,2026-08-31T15:00:00Z,Bet365,"ATP - US Open, New York, USA","Misolic, Filip","Cerundolo, Francisco",Team Total (Aces) Away,6,hdp=0.5 | hdp=2.5 | hdp=4.5 | hdp=9.5 | hdp=14.5 | hdp=19.5
2026-08-29T13:52:32Z,74124758,2026-08-31T15:00:00Z,Bet365,"ATP - US Open, New York, USA","Misolic, Filip","Cerundolo, Francisco",Team Total (Double Faults) Home,7,hdp=0.5 | hdp=1.5 | hdp=2.5 | hdp=4.5 | hdp=7.5 | hdp=9.5
2026-08-29T13:52:32Z,74124758,2026-08-31T15:00:00Z,Bet365,"ATP - US Open, New York, USA","Misolic, Filip","Cerundolo, Francisco",Team Total (Games) Away,1,hdp=18.5
2026-08-29T13:52:32Z,74124758,2026-08-31T15:00:00Z,Bet365,"ATP - US Open, New York, USA","Misolic, Filip","Cerundolo, Francisco",Team Total (Games) Home,1,hdp=11.5
2026-08-29T13:52:32Z,74124758,2026-08-31T15:00:00Z,Bet365,"ATP - US Open, New York, USA","Misolic, Filip","Cerundolo, Francisco",Set Betting,6,label=3-0 (1) | label=3-1 (1) | label=3-2 (1) | label=3-0 (2) | label=3-1 (2) | label=3-2 (2)
2026-08-29T13:52:32Z,74124758,2026-08-31T15:00:00Z,Bet365,"ATP - US Open, New York, USA","Misolic, Filip","Cerundolo, Francisco",Totals (Double Faults),9,hdp=0.5 | hdp=1.5 | hdp=2.5 | hdp=4.5 | hdp=7.5 | hdp=9.5
2026-08-29T13:52:32Z,74124758,2026-08-31T15:00:00Z,Bet365,"ATP - US Open, New York, USA","Misolic, Filip","Cerundolo, Francisco",Spread (Games),1,hdp=8.5
2026-08-29T13:52:32Z,74124758,2026-08-31T15:00:00Z,Bet365,"ATP - US Open, New York, USA","Misolic, Filip","Cerundolo, Francisco",Team Total (Aces) Home,6,hdp=0.5 | hdp=2.5 | hdp=4.5 | hdp=9.5 | hdp=14.5 | hdp=19.5
2026-08-29T13:52:32Z,74124758,2026-08-31T15:00:00Z,Bet365,"ATP - US Open, New York, USA","Misolic, Filip","Cerundolo, Francisco",Team Total (Double Faults) Away,6,hdp=0.5 | hdp=1.5 | hdp=2.5 | hdp=4.5 | hdp=7.5 | hdp=9.5
2026-08-29T13:52:32Z,74124758,2026-08-31T15:00:00Z,Bet365,"ATP - US Open, New York, USA","Misolic, Filip","Cerundolo, Francisco",Totals 1st Set,6,hdp=7.5 | hdp=8.5 | hdp=9.5 | hdp=10.5 | hdp=12.5 | hdp=6.5
2026-08-29T13:52:32Z,74124758,2026-08-31T15:00:00Z,Bet365,"ATP - US Open, New York, USA","Misolic, Filip","Cerundolo, Francisco",Totals (Games),1,hdp=30.5
2026-08-29T13:52:32Z,74124760,2026-08-31T15:00:00Z,Bet365,"ATP - US Open, New York, USA","Ugo Carabelli, Camilo","Struff, Jan-Lennard",ML,1,"{'home': '2.62', 'away': '1.50'}"
2026-08-29T13:52:32Z,74124760,2026-08-31T15:00:00Z,Bet365,"ATP - US Open, New York, USA","Ugo Carabelli, Camilo","Struff, Jan-Lennard",Team Total (Aces) Away,8,hdp=2.5 | hdp=4.5 | hdp=9.5 | hdp=14.5 | hdp=19.5 | hdp=24.5
2026-08-29T13:52:32Z,74124760,2026-08-31T15:00:00Z,Bet365,"ATP - US Open, New York, USA","Ugo Carabelli, Camilo","Struff, Jan-Lennard",Team Total (Games) Away,1,hdp=20.5
2026-08-29T13:52:32Z,74124760,2026-08-31T15:00:00Z,Bet365,"ATP - US Open, New York, USA","Ugo Carabelli, Camilo","Struff, Jan-Lennard",Totals (Aces),8,hdp=4.5 | hdp=9.5 | hdp=14.5 | hdp=19.5 | hdp=24.5 | hdp=29.5
2026-08-29T13:52:32Z,74124760,2026-08-31T15:00:00Z,Bet365,"ATP - US Open, New York, USA","Ugo Carabelli, Camilo","Struff, Jan-Lennard",Totals (Double Faults),8,hdp=1.5 | hdp=2.5 | hdp=4.5 | hdp=7.5 | hdp=9.5 | hdp=11.5
2026-08-29T13:52:32Z,74124760,2026-08-31T15:00:00Z,Bet365,"ATP - US Open, New York, USA","Ugo Carabelli, Camilo","Struff, Jan-Lennard",Team Total (Double Faults) Home,6,hdp=0.5 | hdp=1.5 | hdp=2.5 | hdp=4.5 | hdp=7.5 | hdp=9.5
2026-08-29T13:52:32Z,74124760,2026-08-31T15:00:00Z,Bet365,"ATP - US Open, New York, USA","Ugo Carabelli, Camilo","Struff, Jan-Lennard",Team Total (Aces) Home,8,hdp=0.5 | hdp=2.5 | hdp=4.5 | hdp=9.5 | hdp=14.5 | hdp=19.5
2026-08-29T13:52:32Z,74124760,2026-08-31T15:00:00Z,Bet365,"ATP - US Open, New York, USA","Ugo Carabelli, Camilo","Struff, Jan-Lennard",Team Total (Double Faults) Away,8,hdp=0.5 | hdp=1.5 | hdp=2.5 | hdp=4.5 | hdp=7.5 | hdp=9.5
2026-08-29T13:52:32Z,74124760,2026-08-31T15:00:00Z,Bet365,"ATP - US Open, New York, USA","Ugo Carabelli, Camilo","Struff, Jan-Lennard",Team Total (Games) Home,1,hdp=19.5
2026-08-29T13:52:32Z,74124760,2026-08-31T15:00:00Z,Bet365,"ATP - US Open, New York, USA","Ugo Carabelli, Camilo","Struff, Jan-Lennard",Totals 1st Set,6,hdp=7.5 | hdp=9.5 | hdp=6.5 | hdp=8.5 | hdp=10.5 | hdp=12.5
2026-08-29T13:52:32Z,74124760,2026-08-31T15:00:00Z,Bet365,"ATP - US Open, New York, USA","Ugo Carabelli, Camilo","Struff, Jan-Lennard",Totals (Games),1,hdp=39.5
2026-08-29T13:52:32Z,74124760,2026-08-31T15:00:00Z,Bet365,"ATP - US Open, New York, USA","Ugo Carabelli, Camilo","Struff, Jan-Lennard",Set Betting,6,label=3-0 (1) | label=3-1 (1) | label=3-2 (1) | label=3-0 (2) | label=3-1 (2) | label=3-2 (2)
2026-08-29T13:52:32Z,74124760,2026-08-31T15:00:00Z,Bet365,"ATP - US Open, New York, USA","Ugo Carabelli, Camilo","Struff, Jan-Lennard",Spread (Games),1,hdp=3.5
2026-08-29T13:52:32Z,74124762,2026-08-31T15:00:00Z,Bet365,"ATP - US Open, New York, USA","Fritz, Taylor","Blanch, Darwin",ML,1,"{'home': '1.01', 'away': '21.00'}"
2026-08-29T13:52:32Z,74124762,2026-08-31T15:00:00Z,Bet365,"ATP - US Open, New York, USA","Fritz, Taylor","Blanch, Darwin",Set Betting,6,label=3-0 (1) | label=3-1 (1) | label=3-2 (1) | label=3-0 (2) | label=3-1 (2) | label=3-2 (2)
2026-08-29T13:52:32Z,74124762,2026-08-31T15:00:00Z,Bet365,"ATP - US Open, New York, USA","Fritz, Taylor","Blanch, Darwin",Spread (Games),1,hdp=-8.5
2026-08-29T13:52:32Z,74124762,2026-08-31T15:00:00Z,Bet365,"ATP - US Open, New York, USA","Fritz, Taylor","Blanch, Darwin",Team Total (Double Faults) Home,6,hdp=0.5 | hdp=1.5 | hdp=2.5 | hdp=4.5 | hdp=7.5 | hdp=9.5
2026-08-29T13:52:32Z,74124762,2026-08-31T15:00:00Z,Bet365,"ATP - US Open, New York, USA","Fritz, Taylor","Blanch, Darwin",Team Total (Games) Away,1,hdp=11.5
2026-08-29T13:52:32Z,74124762,2026-08-31T15:00:00Z,Bet365,"ATP - US Open, New York, USA","Fritz, Taylor","Blanch, Darwin",Team Total (Games) Home,1,hdp=18.5
2026-08-29T13:52:32Z,74124762,2026-08-31T15:00:00Z,Bet365,"ATP - US Open, New York, USA","Fritz, Taylor","Blanch, Darwin",Totals (Games),1,hdp=29.5
2026-08-29T13:52:32Z,74124762,2026-08-31T15:00:00Z,Bet365,"ATP - US Open, New York, USA","Fritz, Taylor","Blanch, Darwin",Team Total (Double Faults) Away,7,hdp=7.5 | hdp=9.5 | hdp=0.5 | hdp=1.5 | hdp=2.5 | hdp=4.5
2026-08-29T13:52:32Z,74124762,2026-08-31T15:00:00Z,Bet365,"ATP - US Open, New York, USA","Fritz, Taylor","Blanch, Darwin",Totals 1st Set,6,hdp=6.5 | hdp=7.5 | hdp=8.5 | hdp=9.5 | hdp=10.5 | hdp=12.5
2026-08-29T13:52:32Z,74124762,2026-08-31T15:00:00Z,Bet365,"ATP - US Open, New York, USA","Fritz, Taylor","Blanch, Darwin",Totals (Double Faults),9,hdp=7.5 | hdp=9.5 | hdp=11.5 | hdp=14.5 | hdp=0.5 | hdp=1.5
2026-08-29T13:52:32Z,74124764,2026-08-31T15:00:00Z,Bet365,"ATP - US Open, New York, USA","Borges, Nuno","Tien, Learner",ML,1,"{'home': '2.75', 'away': '1.44'}"
2026-08-29T13:52:32Z,74124764,2026-08-31T15:00:00Z,Bet365,"ATP - US Open, New York, USA","Borges, Nuno","Tien, Learner",Team Total (Double Faults) Home,8,hdp=0.5 | hdp=1.5 | hdp=2.5 | hdp=4.5 | hdp=7.5 | hdp=9.5
2026-08-29T13:52:32Z,74124764,2026-08-31T15:00:00Z,Bet365,"ATP - US Open, New York, USA","Borges, Nuno","Tien, Learner",Totals (Double Faults),9,hdp=1.5 | hdp=2.5 | hdp=4.5 | hdp=7.5 | hdp=9.5 | hdp=11.5
2026-08-29T13:52:32Z,74124764,2026-08-31T15:00:00Z,Bet365,"ATP - US Open, New York, USA","Borges, Nuno","Tien, Learner",Set Betting,6,label=3-0 (1) | label=3-1 (1) | label=3-2 (1) | label=3-0 (2) | label=3-1 (2) | label=3-2 (2)
2026-08-29T13:52:32Z,74124764,2026-08-31T15:00:00Z,Bet365,"ATP - US Open, New York, USA","Borges, Nuno","Tien, Learner",Spread (Games),1,hdp=3.5
2026-08-29T13:52:32Z,74124764,2026-08-31T15:00:00Z,Bet365,"ATP - US Open, New York, USA","Borges, Nuno","Tien, Learner",Team Total (Double Faults) Away,8,hdp=0.5 | hdp=1.5 | hdp=2.5 | hdp=4.5 | hdp=7.5 | hdp=9.5
2026-08-29T13:52:32Z,74124764,2026-08-31T15:00:00Z,Bet365,"ATP - US Open, New York, USA","Borges, Nuno","Tien, Learner",Totals (Aces),8,hdp=14.5 | hdp=4.5 | hdp=9.5 | hdp=19.5 | hdp=24.5 | hdp=29.5
2026-08-29T13:52:32Z,74124764,2026-08-31T15:00:00Z,Bet365,"ATP - US Open, New York, USA","Borges, Nuno","Tien, Learner",Team Total (Games) Away,1,hdp=20.5
2026-08-29T13:52:32Z,74124764,2026-08-31T15:00:00Z,Bet365,"ATP - US Open, New York, USA","Borges, Nuno","Tien, Learner",Totals (Games),1,hdp=38.5
2026-08-29T13:52:32Z,74124764,2026-08-31T15:00:00Z,Bet365,"ATP - US Open, New York, USA","Borges, Nuno","Tien, Learner",Team Total (Aces) Away,8,hdp=4.5 | hdp=9.5 | hdp=0.5 | hdp=2.5 | hdp=14.5 | hdp=19.5
2026-08-29T13:52:32Z,74124764,2026-08-31T15:00:00Z,Bet365,"ATP - US Open, New York, USA","Borges, Nuno","Tien, Learner",Team Total (Aces) Home,8,hdp=0.5 | hdp=2.5 | hdp=4.5 | hdp=9.5 | hdp=14.5 | hdp=19.5
2026-08-29T13:52:32Z,74124764,2026-08-31T15:00:00Z,Bet365,"ATP - US Open, New York, USA","Borges, Nuno","Tien, Learner",Team Total (Games) Home,1,hdp=18.5
2026-08-29T13:52:32Z,74124764,2026-08-31T15:00:00Z,Bet365,"ATP - US Open, New York, USA","Borges, Nuno","Tien, Learner",Totals 1st Set,6,hdp=6.5 | hdp=7.5 | hdp=8.5 | hdp=9.5 | hdp=10.5 | hdp=12.5
2026-08-29T13:52:32Z,74124788,2026-08-31T15:00:00Z,Bet365,"ATP - US Open, New York, USA","Fery, Arthur","Musetti, Lorenzo",ML,1,"{'home': '4.00', 'away': '1.25'}"
2026-08-29T13:52:32Z,74124788,2026-08-31T15:00:00Z,Bet365,"ATP - US Open, New York, USA","Fery, Arthur","Musetti, Lorenzo",Totals (Double Faults),9,hdp=0.5 | hdp=1.5 | hdp=2.5 | hdp=4.5 | hdp=7.5 | hdp=9.5
2026-08-29T13:52:32Z,74124788,2026-08-31T15:00:00Z,Bet365,"ATP - US Open, New York, USA","Fery, Arthur","Musetti, Lorenzo",Set Betting,6,label=3-0 (1) | label=3-1 (1) | label=3-2 (1) | label=3-0 (2) | label=3-1 (2) | label=3-2 (2)
2026-08-29T13:52:32Z,74124788,2026-08-31T15:00:00Z,Bet365,"ATP - US Open, New York, USA","Fery, Arthur","Musetti, Lorenzo",Spread (Games),1,hdp=5.5
2026-08-29T13:52:32Z,74124788,2026-08-31T15:00:00Z,Bet365,"ATP - US Open, New York, USA","Fery, Arthur","Musetti, Lorenzo",Team Total (Aces) Home,6,hdp=0.5 | hdp=2.5 | hdp=4.5 | hdp=9.5 | hdp=14.5 | hdp=19.5
2026-08-29T13:52:32Z,74124788,2026-08-31T15:00:00Z,Bet365,"ATP - US Open, New York, USA","Fery, Arthur","Musetti, Lorenzo",Team Total (Double Faults) Home,6,hdp=0.5 | hdp=1.5 | hdp=2.5 | hdp=4.5 | hdp=7.5 | hdp=9.5
2026-08-29T13:52:32Z,74124788,2026-08-31T15:00:00Z,Bet365,"ATP - US Open, New York, USA","Fery, Arthur","Musetti, Lorenzo",Totals (Aces),8,hdp=2.5 | hdp=4.5 | hdp=9.5 | hdp=14.5 | hdp=19.5 | hdp=24.5
2026-08-29T13:52:32Z,74124788,2026-08-31T15:00:00Z,Bet365,"ATP - US Open, New York, USA","Fery, Arthur","Musetti, Lorenzo",Totals (Games),1,hdp=35.5
2026-08-29T13:52:32Z,74124788,2026-08-31T15:00:00Z,Bet365,"ATP - US Open, New York, USA","Fery, Arthur","Musetti, Lorenzo",Team Total (Aces) Away,6,hdp=0.5 | hdp=2.5 | hdp=4.5 | hdp=9.5 | hdp=14.5 | hdp=19.5
2026-08-29T13:52:32Z,74124788,2026-08-31T15:00:00Z,Bet365,"ATP - US Open, New York, USA","Fery, Arthur","Musetti, Lorenzo",Team Total (Double Faults) Away,8,hdp=0.5 | hdp=1.5 | hdp=2.5 | hdp=4.5 | hdp=7.5 | hdp=9.5
2026-08-29T13:52:32Z,74124788,2026-08-31T15:00:00Z,Bet365,"ATP - US Open, New York, USA","Fery, Arthur","Musetti, Lorenzo",Team Total (Games) Away,1,hdp=19.5
2026-08-29T13:52:32Z,74124788,2026-08-31T15:00:00Z,Bet365,"ATP - US Open, New York, USA","Fery, Arthur","Musetti, Lorenzo",Team Total (Games) Home,1,hdp=16.5
2026-08-29T13:52:32Z,74124788,2026-08-31T15:00:00Z,Bet365,"ATP - US Open, New York, USA","Fery, Arthur","Musetti, Lorenzo",Totals 1st Set,6,hdp=6.5 | hdp=7.5 | hdp=8.5 | hdp=9.5 | hdp=12.5 | hdp=10.5
2026-08-29T13:52:32Z,74124790,2026-08-31T15:00:00Z,Bet365,"ATP - US Open, New York, USA","Sweeny, Dane","Moutet, Corentin",ML,1,"{'home': '3.50', 'away': '1.30'}"
2026-08-29T13:52:32Z,74124790,2026-08-31T15:00:00Z,Bet365,"ATP - US Open, New York, USA","Sweeny, Dane","Moutet, Corentin",Team Total (Games) Home,1,hdp=16.5
2026-08-29T13:52:32Z,74124790,2026-08-31T15:00:00Z,Bet365,"ATP - US Open, New York, USA","Sweeny, Dane","Moutet, Corentin",Team Total (Double Faults) Away,7,hdp=0.5 | hdp=1.5 | hdp=2.5 | hdp=4.5 | hdp=7.5 | hdp=9.5
2026-08-29T13:52:32Z,74124790,2026-08-31T15:00:00Z,Bet365,"ATP - US Open, New York, USA","Sweeny, Dane","Moutet, Corentin",Spread (Games),1,hdp=5.5
2026-08-29T13:52:32Z,74124790,2026-08-31T15:00:00Z,Bet365,"ATP - US Open, New York, USA","Sweeny, Dane","Moutet, Corentin",Totals (Aces),8,hdp=2.5 | hdp=4.5 | hdp=9.5 | hdp=14.5 | hdp=19.5 | hdp=24.5
2026-08-29T13:52:32Z,74124790,2026-08-31T15:00:00Z,Bet365,"ATP - US Open, New York, USA","Sweeny, Dane","Moutet, Corentin",Totals (Games),1,hdp=35.5
2026-08-29T13:52:32Z,74124790,2026-08-31T15:00:00Z,Bet365,"ATP - US Open, New York, USA","Sweeny, Dane","Moutet, Corentin",Team Total (Aces) Away,7,hdp=0.5 | hdp=2.5 | hdp=4.5 | hdp=9.5 | hdp=14.5 | hdp=19.5
2026-08-29T13:52:32Z,74124790,2026-08-31T15:00:00Z,Bet365,"ATP - US Open, New York, USA","Sweeny, Dane","Moutet, Corentin",Set Betting,6,label=3-0 (1) | label=3-1 (1) | label=3-2 (1) | label=3-0 (2) | label=3-1 (2) | label=3-2 (2)
2026-08-29T13:52:32Z,74124790,2026-08-31T15:00:00Z,Bet365,"ATP - US Open, New York, USA","Sweeny, Dane","Moutet, Corentin",Team Total (Aces) Home,5,hdp=0.5 | hdp=2.5 | hdp=4.5 | hdp=9.5 | hdp=14.5
2026-08-29T13:52:32Z,74124790,2026-08-31T15:00:00Z,Bet365,"ATP - US Open, New York, USA","Sweeny, Dane","Moutet, Corentin",Team Total (Double Faults) Home,8,hdp=1.5 | hdp=2.5 | hdp=4.5 | hdp=7.5 | hdp=9.5 | hdp=11.5
2026-08-29T13:52:32Z,74124790,2026-08-31T15:00:00Z,Bet365,"ATP - US Open, New York, USA","Sweeny, Dane","Moutet, Corentin",Team Total (Games) Away,1,hdp=19.5
2026-08-29T13:52:32Z,74124790,2026-08-31T15:00:00Z,Bet365,"ATP - US Open, New York, USA","Sweeny, Dane","Moutet, Corentin",Totals 1st Set,6,hdp=6.5 | hdp=7.5 | hdp=8.5 | hdp=9.5 | hdp=10.5 | hdp=12.5
2026-08-29T13:52:32Z,74124790,2026-08-31T15:00:00Z,Bet365,"ATP - US Open, New York, USA","Sweeny, Dane","Moutet, Corentin",Totals (Double Faults),8,hdp=2.5 | hdp=4.5 | hdp=7.5 | hdp=9.5 | hdp=11.5 | hdp=14.5
2026-08-29T13:52:32Z,74124792,2026-08-31T15:00:00Z,Bet365,"ATP - US Open, New York, USA","Hanfmann, Yannick","Tabilo, Alejandro",ML,1,"{'home': '2.20', 'away': '1.66'}"
2026-08-29T13:52:32Z,74124792,2026-08-31T15:00:00Z,Bet365,"ATP - US Open, New York, USA","Hanfmann, Yannick","Tabilo, Alejandro",Spread (Games),1,hdp=2.5
2026-08-29T13:52:32Z,74124792,2026-08-31T15:00:00Z,Bet365,"ATP - US Open, New York, USA","Hanfmann, Yannick","Tabilo, Alejandro",Team Total (Double Faults) Away,7,hdp=0.5 | hdp=1.5 | hdp=2.5 | hdp=9.5 | hdp=11.5 | hdp=4.5
2026-08-29T13:52:32Z,74124792,2026-08-31T15:00:00Z,Bet365,"ATP - US Open, New York, USA","Hanfmann, Yannick","Tabilo, Alejandro",Team Total (Games) Away,1,hdp=20.5
2026-08-29T13:52:32Z,74124792,2026-08-31T15:00:00Z,Bet365,"ATP - US Open, New York, USA","Hanfmann, Yannick","Tabilo, Alejandro",Team Total (Games) Home,1,hdp=19.5
2026-08-29T13:52:32Z,74124792,2026-08-31T15:00:00Z,Bet365,"ATP - US Open, New York, USA","Hanfmann, Yannick","Tabilo, Alejandro",Totals (Games),1,hdp=40.5
2026-08-29T13:52:32Z,74124792,2026-08-31T15:00:00Z,Bet365,"ATP - US Open, New York, USA","Hanfmann, Yannick","Tabilo, Alejandro",Set Betting,6,label=3-0 (1) | label=3-1 (1) | label=3-2 (1) | label=3-0 (2) | label=3-1 (2) | label=3-2 (2)
2026-08-29T13:52:32Z,74124792,2026-08-31T15:00:00Z,Bet365,"ATP - US Open, New York, USA","Hanfmann, Yannick","Tabilo, Alejandro",Team Total (Double Faults) Home,7,hdp=0.5 | hdp=1.5 | hdp=2.5 | hdp=4.5 | hdp=7.5 | hdp=9.5
2026-08-29T13:52:32Z,74124792,2026-08-31T15:00:00Z,Bet365,"ATP - US Open, New York, USA","Hanfmann, Yannick","Tabilo, Alejandro",Totals 1st Set,6,hdp=6.5 | hdp=7.5 | hdp=8.5 | hdp=9.5 | hdp=10.5 | hdp=12.5
2026-08-29T13:52:32Z,74124792,2026-08-31T15:00:00Z,Bet365,"ATP - US Open, New York, USA","Hanfmann, Yannick","Tabilo, Alejandro",Totals (Double Faults),8,hdp=1.5 | hdp=2.5 | hdp=4.5 | hdp=14.5 | hdp=19.5 | hdp=7.5
2026-08-29T13:52:32Z,74124794,2026-08-31T15:00:00Z,Bet365,"ATP - US Open, New York, USA","Halys, Quentin","Diaz Acosta, Facundo",ML,1,"{'home': '1.28', 'away': '3.75'}"
2026-08-29T13:52:32Z,74124794,2026-08-31T15:00:00Z,Bet365,"ATP - US Open, New York, USA","Halys, Quentin","Diaz Acosta, Facundo",Team Total (Double Faults) Home,8,hdp=0.5 | hdp=1.5 | hdp=2.5 | hdp=4.5 | hdp=7.5 | hdp=9.5
2026-08-29T13:52:32Z,74124794,2026-08-31T15:00:00Z,Bet365,"ATP - US Open, New York, USA","Halys, Quentin","Diaz Acosta, Facundo",Totals (Aces),8,hdp=4.5 | hdp=9.5 | hdp=14.5 | hdp=19.5 | hdp=24.5 | hdp=29.5
2026-08-29T13:52:32Z,74124794,2026-08-31T15:00:00Z,Bet365,"ATP - US Open, New York, USA","Halys, Quentin","Diaz Acosta, Facundo",Set Betting,6,label=3-0 (1) | label=3-1 (1) | label=3-2 (1) | label=3-0 (2) | label=3-1 (2) | label=3-2 (2)
2026-08-29T13:52:32Z,74124794,2026-08-31T15:00:00Z,Bet365,"ATP - US Open, New York, USA","Halys, Quentin","Diaz Acosta, Facundo",Spread (Games),1,hdp=-5.5
2026-08-29T13:52:32Z,74124794,2026-08-31T15:00:00Z,Bet365,"ATP - US Open, New York, USA","Halys, Quentin","Diaz Acosta, Facundo",Team Total (Aces) Home,8,hdp=2.5 | hdp=4.5 | hdp=9.5 | hdp=14.5 | hdp=19.5 | hdp=24.5
2026-08-29T13:52:32Z,74124794,2026-08-31T15:00:00Z,Bet365,"ATP - US Open, New York, USA","Halys, Quentin","Diaz Acosta, Facundo",Team Total (Games) Home,1,hdp=20.5
2026-08-29T13:52:32Z,74124794,2026-08-31T15:00:00Z,Bet365,"ATP - US Open, New York, USA","Halys, Quentin","Diaz Acosta, Facundo",Totals 1st Set,6,hdp=6.5 | hdp=7.5 | hdp=8.5 | hdp=9.5 | hdp=10.5 | hdp=12.5
2026-08-29T13:52:32Z,74124794,2026-08-31T15:00:00Z,Bet365,"ATP - US Open, New York, USA","Halys, Quentin","Diaz Acosta, Facundo",Totals (Double Faults),9,hdp=1.5 | hdp=2.5 | hdp=4.5 | hdp=7.5 | hdp=9.5 | hdp=11.5
2026-08-29T13:52:32Z,74124794,2026-08-31T15:00:00Z,Bet365,"ATP - US Open, New York, USA","Halys, Quentin","Diaz Acosta, Facundo",Totals (Games),1,hdp=37.5
2026-08-29T13:52:32Z,74124794,2026-08-31T15:00:00Z,Bet365,"ATP - US Open, New York, USA","Halys, Quentin","Diaz Acosta, Facundo",Team Total (Aces) Away,6,hdp=0.5 | hdp=2.5 | hdp=4.5 | hdp=9.5 | hdp=14.5 | hdp=19.5
2026-08-29T13:52:32Z,74124794,2026-08-31T15:00:00Z,Bet365,"ATP - US Open, New York, USA","Halys, Quentin","Diaz Acosta, Facundo",Team Total (Double Faults) Away,7,hdp=0.5 | hdp=1.5 | hdp=2.5 | hdp=4.5 | hdp=7.5 | hdp=9.5
2026-08-29T13:52:32Z,74124794,2026-08-31T15:00:00Z,Bet365,"ATP - US Open, New York, USA","Halys, Quentin","Diaz Acosta, Facundo",Team Total (Games) Away,1,hdp=17.5
2026-08-29T13:52:32Z,74124826,2026-08-31T15:00:00Z,Bet365,"WTA - US Open, New York, USA","Podoroska, Nadia","Waltert, Simona",ML,1,"{'home': '2.50', 'away': '1.53'}"
2026-08-29T13:52:32Z,74124826,2026-08-31T15:00:00Z,Bet365,"WTA - US Open, New York, USA","Podoroska, Nadia","Waltert, Simona",Team Total (Games) Home,1,hdp=11.5
2026-08-29T13:52:32Z,74124826,2026-08-31T15:00:00Z,Bet365,"WTA - US Open, New York, USA","Podoroska, Nadia","Waltert, Simona",Totals (Games),1,hdp=21.5
2026-08-29T13:52:32Z,74124826,2026-08-31T15:00:00Z,Bet365,"WTA - US Open, New York, USA","Podoroska, Nadia","Waltert, Simona",Set Betting,4,label=2-0 (1) | label=2-1 (1) | label=2-0 (2) | label=2-1 (2)
2026-08-29T13:52:32Z,74124826,2026-08-31T15:00:00Z,Bet365,"WTA - US Open, New York, USA","Podoroska, Nadia","Waltert, Simona",Spread (Games),1,hdp=3.5
2026-08-29T13:52:32Z,74124826,2026-08-31T15:00:00Z,Bet365,"WTA - US Open, New York, USA","Podoroska, Nadia","Waltert, Simona",Team Total (Double Faults) Away,9,hdp=0.5 | hdp=1.5 | hdp=2.5 | hdp=4.5 | hdp=7.5 | hdp=9.5
2026-08-29T13:52:32Z,74124826,2026-08-31T15:00:00Z,Bet365,"WTA - US Open, New York, USA","Podoroska, Nadia","Waltert, Simona",Team Total (Double Faults) Home,9,hdp=0.5 | hdp=1.5 | hdp=2.5 | hdp=4.5 | hdp=7.5 | hdp=9.5
2026-08-29T13:52:32Z,74124826,2026-08-31T15:00:00Z,Bet365,"WTA - US Open, New York, USA","Podoroska, Nadia","Waltert, Simona",Team Total (Games) Away,1,hdp=12.5
2026-08-29T13:52:32Z,74124826,2026-08-31T15:00:00Z,Bet365,"WTA - US Open, New York, USA","Podoroska, Nadia","Waltert, Simona",Totals 1st Set,6,hdp=6.5 | hdp=7.5 | hdp=8.5 | hdp=9.5 | hdp=10.5 | hdp=12.5
2026-08-29T13:52:32Z,74124826,2026-08-31T15:00:00Z,Bet365,"WTA - US Open, New York, USA","Podoroska, Nadia","Waltert, Simona",Totals (Double Faults),8,hdp=2.5 | hdp=4.5 | hdp=7.5 | hdp=9.5 | hdp=11.5 | hdp=14.5
2026-08-29T13:52:32Z,74124810,2026-08-31T15:00:00Z,Bet365,"WTA - US Open, New York, USA","Vidmanova, Darja","Bouzas Maneiro, Jessica",ML,1,"{'home': '2.00', 'away': '1.80'}"
2026-08-29T13:52:32Z,74124810,2026-08-31T15:00:00Z,Bet365,"WTA - US Open, New York, USA","Vidmanova, Darja","Bouzas Maneiro, Jessica",Totals 1st Set,6,hdp=6.5 | hdp=7.5 | hdp=8.5 | hdp=9.5 | hdp=10.5 | hdp=12.5
2026-08-29T13:52:32Z,74124810,2026-08-31T15:00:00Z,Bet365,"WTA - US Open, New York, USA","Vidmanova, Darja","Bouzas Maneiro, Jessica",Team Total (Aces) Home,6,hdp=0.5 | hdp=2.5 | hdp=4.5 | hdp=9.5 | hdp=14.5 | hdp=19.5
2026-08-29T13:52:32Z,74124810,2026-08-31T15:00:00Z,Bet365,"WTA - US Open, New York, USA","Vidmanova, Darja","Bouzas Maneiro, Jessica",Team Total (Double Faults) Away,8,hdp=0.5 | hdp=1.5 | hdp=2.5 | hdp=4.5 | hdp=7.5 | hdp=9.5
2026-08-29T13:52:32Z,74124810,2026-08-31T15:00:00Z,Bet365,"WTA - US Open, New York, USA","Vidmanova, Darja","Bouzas Maneiro, Jessica",Team Total (Games) Away,1,hdp=12.5
2026-08-29T13:52:32Z,74124810,2026-08-31T15:00:00Z,Bet365,"WTA - US Open, New York, USA","Vidmanova, Darja","Bouzas Maneiro, Jessica",Team Total (Games) Home,1,hdp=12.5
2026-08-29T13:52:32Z,74124810,2026-08-31T15:00:00Z,Bet365,"WTA - US Open, New York, USA","Vidmanova, Darja","Bouzas Maneiro, Jessica",Totals (Double Faults),9,hdp=1.5 | hdp=2.5 | hdp=4.5 | hdp=7.5 | hdp=9.5 | hdp=11.5
2026-08-29T13:52:32Z,74124810,2026-08-31T15:00:00Z,Bet365,"WTA - US Open, New York, USA","Vidmanova, Darja","Bouzas Maneiro, Jessica",Totals (Games),1,hdp=21.5
2026-08-29T13:52:32Z,74124810,2026-08-31T15:00:00Z,Bet365,"WTA - US Open, New York, USA","Vidmanova, Darja","Bouzas Maneiro, Jessica",Set Betting,4,label=2-0 (1) | label=2-1 (1) | label=2-0 (2) | label=2-1 (2)
2026-08-29T13:52:32Z,74124810,2026-08-31T15:00:00Z,Bet365,"WTA - US Open, New York, USA","Vidmanova, Darja","Bouzas Maneiro, Jessica",Spread (Games),1,hdp=0.5
2026-08-29T13:52:32Z,74124810,2026-08-31T15:00:00Z,Bet365,"WTA - US Open, New York, USA","Vidmanova, Darja","Bouzas Maneiro, Jessica",Team Total (Aces) Away,5,hdp=0.5 | hdp=2.5 | hdp=4.5 | hdp=9.5 | hdp=14.5
2026-08-29T13:52:32Z,74124810,2026-08-31T15:00:00Z,Bet365,"WTA - US Open, New York, USA","Vidmanova, Darja","Bouzas Maneiro, Jessica",Team Total (Double Faults) Home,6,hdp=0.5 | hdp=1.5 | hdp=2.5 | hdp=4.5 | hdp=7.5 | hdp=9.5
2026-08-29T13:52:32Z,74124810,2026-08-31T15:00:00Z,Bet365,"WTA - US Open, New York, USA","Vidmanova, Darja","Bouzas Maneiro, Jessica",Totals (Aces),8,hdp=0.5 | hdp=2.5 | hdp=4.5 | hdp=9.5 | hdp=14.5 | hdp=19.5
2026-08-29T13:52:32Z,74124812,2026-08-31T15:00:00Z,Bet365,"WTA - US Open, New York, USA","Starodubtseva, Yuliia","Seidel, Ella",ML,1,"{'home': '1.36', 'away': '3.20'}"
2026-08-29T13:52:32Z,74124812,2026-08-31T15:00:00Z,Bet365,"WTA - US Open, New York, USA","Starodubtseva, Yuliia","Seidel, Ella",Team Total (Double Faults) Away,9,hdp=0.5 | hdp=1.5 | hdp=2.5 | hdp=4.5 | hdp=7.5 | hdp=9.5
2026-08-29T13:52:32Z,74124812,2026-08-31T15:00:00Z,Bet365,"WTA - US Open, New York, USA","Starodubtseva, Yuliia","Seidel, Ella",Team Total (Aces) Away,5,hdp=0.5 | hdp=2.5 | hdp=4.5 | hdp=9.5 | hdp=14.5
2026-08-29T13:52:32Z,74124812,2026-08-31T15:00:00Z,Bet365,"WTA - US Open, New York, USA","Starodubtseva, Yuliia","Seidel, Ella",Team Total (Double Faults) Home,5,hdp=0.5 | hdp=1.5 | hdp=2.5 | hdp=4.5 | hdp=7.5
2026-08-29T13:52:32Z,74124812,2026-08-31T15:00:00Z,Bet365,"WTA - US Open, New York, USA","Starodubtseva, Yuliia","Seidel, Ella",Team Total (Games) Home,1,hdp=12.5
2026-08-29T13:52:32Z,74124812,2026-08-31T15:00:00Z,Bet365,"WTA - US Open, New York, USA","Starodubtseva, Yuliia","Seidel, Ella",Team Total (Aces) Home,5,hdp=0.5 | hdp=2.5 | hdp=4.5 | hdp=9.5 | hdp=14.5
2026-08-29T13:52:32Z,74124812,2026-08-31T15:00:00Z,Bet365,"WTA - US Open, New York, USA","Starodubtseva, Yuliia","Seidel, Ella",Set Betting,4,label=2-0 (1) | label=2-1 (1) | label=2-0 (2) | label=2-1 (2)
2026-08-29T13:52:32Z,74124812,2026-08-31T15:00:00Z,Bet365,"WTA - US Open, New York, USA","Starodubtseva, Yuliia","Seidel, Ella",Team Total (Games) Away,1,hdp=10.5
2026-08-29T13:52:32Z,74124812,2026-08-31T15:00:00Z,Bet365,"WTA - US Open, New York, USA","Starodubtseva, Yuliia","Seidel, Ella",Totals 1st Set,6,hdp=6.5 | hdp=7.5 | hdp=8.5 | hdp=9.5 | hdp=10.5 | hdp=12.5
2026-08-29T13:52:32Z,74124812,2026-08-31T15:00:00Z,Bet365,"WTA - US Open, New York, USA","Starodubtseva, Yuliia","Seidel, Ella",Totals (Aces),6,hdp=0.5 | hdp=2.5 | hdp=4.5 | hdp=9.5 | hdp=14.5 | hdp=19.5
2026-08-29T13:52:32Z,74124812,2026-08-31T15:00:00Z,Bet365,"WTA - US Open, New York, USA","Starodubtseva, Yuliia","Seidel, Ella",Totals (Double Faults),8,hdp=1.5 | hdp=2.5 | hdp=4.5 | hdp=7.5 | hdp=9.5 | hdp=11.5
2026-08-29T13:52:32Z,74124812,2026-08-31T15:00:00Z,Bet365,"WTA - US Open, New York, USA","Starodubtseva, Yuliia","Seidel, Ella",Totals (Games),1,hdp=21.5
2026-08-29T13:52:32Z,74124812,2026-08-31T15:00:00Z,Bet365,"WTA - US Open, New York, USA","Starodubtseva, Yuliia","Seidel, Ella",Spread (Games),1,hdp=-3.5
2026-08-29T13:52:32Z,74124796,2026-08-31T15:00:00Z,Bet365,"ATP - US Open, New York, USA","Zverev, Alexander","Sonego, Lorenzo",ML,1,"{'home': '1.06', 'away': '10.00'}"
2026-08-29T13:52:32Z,74124796,2026-08-31T15:00:00Z,Bet365,"ATP - US Open, New York, USA","Zverev, Alexander","Sonego, Lorenzo",Totals (Aces),8,hdp=4.5 | hdp=9.5 | hdp=14.5 | hdp=19.5 | hdp=24.5 | hdp=29.5
2026-08-29T13:52:32Z,74124796,2026-08-31T15:00:00Z,Bet365,"ATP - US Open, New York, USA","Zverev, Alexander","Sonego, Lorenzo",Team Total (Aces) Home,8,hdp=0.5 | hdp=2.5 | hdp=4.5 | hdp=9.5 | hdp=14.5 | hdp=19.5
2026-08-29T13:52:32Z,74124796,2026-08-31T15:00:00Z,Bet365,"ATP - US Open, New York, USA","Zverev, Alexander","Sonego, Lorenzo",Team Total (Double Faults) Away,6,hdp=0.5 | hdp=1.5 | hdp=2.5 | hdp=4.5 | hdp=7.5 | hdp=9.5
2026-08-29T13:52:32Z,74124796,2026-08-31T15:00:00Z,Bet365,"ATP - US Open, New York, USA","Zverev, Alexander","Sonego, Lorenzo",Team Total (Games) Away,1,hdp=13.5
2026-08-29T13:52:32Z,74124796,2026-08-31T15:00:00Z,Bet365,"ATP - US Open, New York, USA","Zverev, Alexander","Sonego, Lorenzo",Team Total (Games) Home,1,hdp=19.5
2026-08-29T13:52:32Z,74124796,2026-08-31T15:00:00Z,Bet365,"ATP - US Open, New York, USA","Zverev, Alexander","Sonego, Lorenzo",Totals 1st Set,6,hdp=6.5 | hdp=7.5 | hdp=8.5 | hdp=9.5 | hdp=10.5 | hdp=12.5
2026-08-29T13:52:32Z,74124796,2026-08-31T15:00:00Z,Bet365,"ATP - US Open, New York, USA","Zverev, Alexander","Sonego, Lorenzo",Totals (Games),1,hdp=33.5
2026-08-29T13:52:32Z,74124796,2026-08-31T15:00:00Z,Bet365,"ATP - US Open, New York, USA","Zverev, Alexander","Sonego, Lorenzo",Totals (Double Faults),8,hdp=0.5 | hdp=1.5 | hdp=2.5 | hdp=4.5 | hdp=7.5 | hdp=9.5
2026-08-29T13:52:32Z,74124796,2026-08-31T15:00:00Z,Bet365,"ATP - US Open, New York, USA","Zverev, Alexander","Sonego, Lorenzo",Set Betting,6,label=3-0 (1) | label=3-1 (1) | label=3-2 (1) | label=3-0 (2) | label=3-1 (2) | label=3-2 (2)
2026-08-29T13:52:32Z,74124796,2026-08-31T15:00:00Z,Bet365,"ATP - US Open, New York, USA","Zverev, Alexander","Sonego, Lorenzo",Spread (Games),1,hdp=-6.5
2026-08-29T13:52:32Z,74124796,2026-08-31T15:00:00Z,Bet365,"ATP - US Open, New York, USA","Zverev, Alexander","Sonego, Lorenzo",Team Total (Aces) Away,8,hdp=0.5 | hdp=2.5 | hdp=4.5 | hdp=9.5 | hdp=14.5 | hdp=19.5
2026-08-29T13:52:32Z,74124796,2026-08-31T15:00:00Z,Bet365,"ATP - US Open, New York, USA","Zverev, Alexander","Sonego, Lorenzo",Team Total (Double Faults) Home,6,hdp=0.5 | hdp=1.5 | hdp=2.5 | hdp=4.5 | hdp=7.5 | hdp=9.5
2026-08-29T13:52:32Z,74124808,2026-08-31T15:00:00Z,Bet365,"WTA - US Open, New York, USA","Frodin, Thea","Rybakina, Elena",ML,1,"{'home': '15.00', 'away': '1.03'}"
2026-08-29T13:52:32Z,74124808,2026-08-31T15:00:00Z,Bet365,"WTA - US Open, New York, USA","Frodin, Thea","Rybakina, Elena",Team Total (Games) Home,1,hdp=5.5
2026-08-29T13:52:32Z,74124808,2026-08-31T15:00:00Z,Bet365,"WTA - US Open, New York, USA","Frodin, Thea","Rybakina, Elena",Totals 1st Set,6,hdp=6.5 | hdp=7.5 | hdp=8.5 | hdp=9.5 | hdp=10.5 | hdp=12.5
2026-08-29T13:52:32Z,74124808,2026-08-31T15:00:00Z,Bet365,"WTA - US Open, New York, USA","Frodin, Thea","Rybakina, Elena",Team Total (Double Faults) Home,8,hdp=1.5 | hdp=2.5 | hdp=4.5 | hdp=7.5 | hdp=9.5 | hdp=11.5
2026-08-29T13:52:32Z,74124808,2026-08-31T15:00:00Z,Bet365,"WTA - US Open, New York, USA","Frodin, Thea","Rybakina, Elena",Team Total (Double Faults) Away,5,hdp=0.5 | hdp=1.5 | hdp=2.5 | hdp=4.5 | hdp=7.5
2026-08-29T13:52:32Z,74124808,2026-08-31T15:00:00Z,Bet365,"WTA - US Open, New York, USA","Frodin, Thea","Rybakina, Elena",Team Total (Games) Away,1,hdp=12.5
2026-08-29T13:52:32Z,74124808,2026-08-31T15:00:00Z,Bet365,"WTA - US Open, New York, USA","Frodin, Thea","Rybakina, Elena",Team Total (Aces) Home,5,hdp=0.5 | hdp=2.5 | hdp=4.5 | hdp=9.5 | hdp=14.5
2026-08-29T13:52:32Z,74124808,2026-08-31T15:00:00Z,Bet365,"WTA - US Open, New York, USA","Frodin, Thea","Rybakina, Elena",Totals (Aces),7,hdp=0.5 | hdp=2.5 | hdp=4.5 | hdp=9.5 | hdp=14.5 | hdp=19.5
2026-08-29T13:52:32Z,74124808,2026-08-31T15:00:00Z,Bet365,"WTA - US Open, New York, USA","Frodin, Thea","Rybakina, Elena",Totals (Double Faults),8,hdp=2.5 | hdp=4.5 | hdp=7.5 | hdp=9.5 | hdp=11.5 | hdp=14.5
2026-08-29T13:52:32Z,74124808,2026-08-31T15:00:00Z,Bet365,"WTA - US Open, New York, USA","Frodin, Thea","Rybakina, Elena",Totals (Games),1,hdp=17.5
2026-08-29T13:52:32Z,74124808,2026-08-31T15:00:00Z,Bet365,"WTA - US Open, New York, USA","Frodin, Thea","Rybakina, Elena",Set Betting,4,label=2-0 (1) | label=2-1 (1) | label=2-0 (2) | label=2-1 (2)
2026-08-29T13:52:32Z,74124808,2026-08-31T15:00:00Z,Bet365,"WTA - US Open, New York, USA","Frodin, Thea","Rybakina, Elena",Spread (Games),1,hdp=6.5
2026-08-29T13:52:32Z,74124808,2026-08-31T15:00:00Z,Bet365,"WTA - US Open, New York, USA","Frodin, Thea","Rybakina, Elena",Team Total (Aces) Away,5,hdp=0.5 | hdp=2.5 | hdp=4.5 | hdp=9.5 | hdp=14.5
2026-08-29T13:52:32Z,74124814,2026-08-31T15:00:00Z,Bet365,"WTA - US Open, New York, USA","Quevedo, Kaitlin","Mertens, Elise",ML,1,"{'home': '5.50', 'away': '1.14'}"
2026-08-29T13:52:32Z,74124814,2026-08-31T15:00:00Z,Bet365,"WTA - US Open, New York, USA","Quevedo, Kaitlin","Mertens, Elise",Team Total (Double Faults) Away,8,hdp=0.5 | hdp=1.5 | hdp=2.5 | hdp=4.5 | hdp=7.5 | hdp=9.5
2026-08-29T13:52:32Z,74124814,2026-08-31T15:00:00Z,Bet365,"WTA - US Open, New York, USA","Quevedo, Kaitlin","Mertens, Elise",Team Total (Aces) Home,4,hdp=0.5 | hdp=2.5 | hdp=4.5 | hdp=9.5
2026-08-29T13:52:32Z,74124814,2026-08-31T15:00:00Z,Bet365,"WTA - US Open, New York, USA","Quevedo, Kaitlin","Mertens, Elise",Team Total (Double Faults) Home,7,hdp=0.5 | hdp=1.5 | hdp=2.5 | hdp=4.5 | hdp=7.5 | hdp=9.5
2026-08-29T13:52:32Z,74124814,2026-08-31T15:00:00Z,Bet365,"WTA - US Open, New York, USA","Quevedo, Kaitlin","Mertens, Elise",Totals (Double Faults),9,hdp=1.5 | hdp=2.5 | hdp=4.5 | hdp=7.5 | hdp=9.5 | hdp=11.5
2026-08-29T13:52:32Z,74124814,2026-08-31T15:00:00Z,Bet365,"WTA - US Open, New York, USA","Quevedo, Kaitlin","Mertens, Elise",Team Total (Aces) Away,6,hdp=0.5 | hdp=2.5 | hdp=4.5 | hdp=9.5 | hdp=14.5 | hdp=19.5
2026-08-29T13:52:32Z,74124814,2026-08-31T15:00:00Z,Bet365,"WTA - US Open, New York, USA","Quevedo, Kaitlin","Mertens, Elise",Spread (Games),1,hdp=5.5
2026-08-29T13:52:32Z,74124814,2026-08-31T15:00:00Z,Bet365,"WTA - US Open, New York, USA","Quevedo, Kaitlin","Mertens, Elise",Team Total (Games) Away,1,hdp=12.5
2026-08-29T13:52:32Z,74124814,2026-08-31T15:00:00Z,Bet365,"WTA - US Open, New York, USA","Quevedo, Kaitlin","Mertens, Elise",Team Total (Games) Home,1,hdp=7.5
2026-08-29T13:52:32Z,74124814,2026-08-31T15:00:00Z,Bet365,"WTA - US Open, New York, USA","Quevedo, Kaitlin","Mertens, Elise",Totals 1st Set,6,hdp=6.5 | hdp=7.5 | hdp=8.5 | hdp=9.5 | hdp=10.5 | hdp=12.5
2026-08-29T13:52:32Z,74124814,2026-08-31T15:00:00Z,Bet365,"WTA - US Open, New York, USA","Quevedo, Kaitlin","Mertens, Elise",Totals (Aces),7,hdp=0.5 | hdp=2.5 | hdp=4.5 | hdp=9.5 | hdp=14.5 | hdp=19.5
2026-08-29T13:52:32Z,74124814,2026-08-31T15:00:00Z,Bet365,"WTA - US Open, New York, USA","Quevedo, Kaitlin","Mertens, Elise",Totals (Games),1,hdp=19.5
2026-08-29T13:52:32Z,74124814,2026-08-31T15:00:00Z,Bet365,"WTA - US Open, New York, USA","Quevedo, Kaitlin","Mertens, Elise",Set Betting,4,label=2-0 (1) | label=2-1 (1) | label=2-0 (2) | label=2-1 (2)
2026-08-29T13:52:32Z,74124816,2026-08-31T15:00:00Z,Bet365,"WTA - US Open, New York, USA","Cocciaretto, Elisabetta","Siniakova, Katerina",ML,1,"{'home': '2.50', 'away': '1.53'}"
2026-08-29T13:52:32Z,74124816,2026-08-31T15:00:00Z,Bet365,"WTA - US Open, New York, USA","Cocciaretto, Elisabetta","Siniakova, Katerina",Totals (Aces),5,hdp=0.5 | hdp=2.5 | hdp=4.5 | hdp=9.5 | hdp=14.5
2026-08-29T13:52:32Z,74124816,2026-08-31T15:00:00Z,Bet365,"WTA - US Open, New York, USA","Cocciaretto, Elisabetta","Siniakova, Katerina",Team Total (Double Faults) Home,8,hdp=0.5 | hdp=1.5 | hdp=2.5 | hdp=4.5 | hdp=7.5 | hdp=9.5
2026-08-29T13:52:32Z,74124816,2026-08-31T15:00:00Z,Bet365,"WTA - US Open, New York, USA","Cocciaretto, Elisabetta","Siniakova, Katerina",Team Total (Games) Away,1,hdp=12.5
2026-08-29T13:52:32Z,74124816,2026-08-31T15:00:00Z,Bet365,"WTA - US Open, New York, USA","Cocciaretto, Elisabetta","Siniakova, Katerina",Team Total (Games) Home,1,hdp=11.5
2026-08-29T13:52:32Z,74124816,2026-08-31T15:00:00Z,Bet365,"WTA - US Open, New York, USA","Cocciaretto, Elisabetta","Siniakova, Katerina",Totals 1st Set,6,hdp=12.5 | hdp=6.5 | hdp=10.5 | hdp=7.5 | hdp=8.5 | hdp=9.5
2026-08-29T13:52:32Z,74124816,2026-08-31T15:00:00Z,Bet365,"WTA - US Open, New York, USA","Cocciaretto, Elisabetta","Siniakova, Katerina",Team Total (Aces) Home,4,hdp=0.5 | hdp=2.5 | hdp=4.5 | hdp=9.5
2026-08-29T13:52:32Z,74124816,2026-08-31T15:00:00Z,Bet365,"WTA - US Open, New York, USA","Cocciaretto, Elisabetta","Siniakova, Katerina",Team Total (Double Faults) Away,9,hdp=0.5 | hdp=1.5 | hdp=2.5 | hdp=4.5 | hdp=7.5 | hdp=9.5
2026-08-29T13:52:32Z,74124816,2026-08-31T15:00:00Z,Bet365,"WTA - US Open, New York, USA","Cocciaretto, Elisabetta","Siniakova, Katerina",Set Betting,4,label=2-0 (1) | label=2-1 (1) | label=2-0 (2) | label=2-1 (2)
2026-08-29T13:52:32Z,74124816,2026-08-31T15:00:00Z,Bet365,"WTA - US Open, New York, USA","Cocciaretto, Elisabetta","Siniakova, Katerina",Team Total (Aces) Away,4,hdp=0.5 | hdp=2.5 | hdp=4.5 | hdp=9.5
2026-08-29T13:52:32Z,74124816,2026-08-31T15:00:00Z,Bet365,"WTA - US Open, New York, USA","Cocciaretto, Elisabetta","Siniakova, Katerina",Totals (Double Faults),8,hdp=2.5 | hdp=4.5 | hdp=7.5 | hdp=9.5 | hdp=11.5 | hdp=14.5
2026-08-29T13:52:32Z,74124816,2026-08-31T15:00:00Z,Bet365,"WTA - US Open, New York, USA","Cocciaretto, Elisabetta","Siniakova, Katerina",Totals (Games),1,hdp=22.5
2026-08-29T13:52:32Z,74124816,2026-08-31T15:00:00Z,Bet365,"WTA - US Open, New York, USA","Cocciaretto, Elisabetta","Siniakova, Katerina",Spread (Games),1,hdp=2.5
2026-08-29T13:52:32Z,74124820,2026-08-31T15:00:00Z,Bet365,"WTA - US Open, New York, USA","Putintseva, Yulia","Bencic, Belinda",ML,1,"{'home': '4.50', 'away': '1.20'}"
2026-08-29T13:52:32Z,74124820,2026-08-31T15:00:00Z,Bet365,"WTA - US Open, New York, USA","Putintseva, Yulia","Bencic, Belinda",Team Total (Aces) Away,4,hdp=0.5 | hdp=2.5 | hdp=4.5 | hdp=9.5
2026-08-29T13:52:32Z,74124820,2026-08-31T15:00:00Z,Bet365,"WTA - US Open, New York, USA","Putintseva, Yulia","Bencic, Belinda",Set Betting,4,label=2-0 (1) | label=2-1 (1) | label=2-0 (2) | label=2-1 (2)
2026-08-29T13:52:32Z,74124820,2026-08-31T15:00:00Z,Bet365,"WTA - US Open, New York, USA","Putintseva, Yulia","Bencic, Belinda",Team Total (Games) Home,1,hdp=7.5
2026-08-29T13:52:32Z,74124820,2026-08-31T15:00:00Z,Bet365,"WTA - US Open, New York, USA","Putintseva, Yulia","Bencic, Belinda",Team Total (Double Faults) Home,5,hdp=0.5 | hdp=1.5 | hdp=2.5 | hdp=4.5 | hdp=7.5
2026-08-29T13:52:32Z,74124820,2026-08-31T15:00:00Z,Bet365,"WTA - US Open, New York, USA","Putintseva, Yulia","Bencic, Belinda",Team Total (Games) Away,1,hdp=12.5
2026-08-29T13:52:32Z,74124820,2026-08-31T15:00:00Z,Bet365,"WTA - US Open, New York, USA","Putintseva, Yulia","Bencic, Belinda",Totals 1st Set,6,hdp=6.5 | hdp=7.5 | hdp=8.5 | hdp=9.5 | hdp=10.5 | hdp=12.5
2026-08-29T13:52:32Z,74124820,2026-08-31T15:00:00Z,Bet365,"WTA - US Open, New York, USA","Putintseva, Yulia","Bencic, Belinda",Totals (Double Faults),9,hdp=0.5 | hdp=1.5 | hdp=2.5 | hdp=4.5 | hdp=7.5 | hdp=9.5
2026-08-29T13:52:32Z,74124820,2026-08-31T15:00:00Z,Bet365,"WTA - US Open, New York, USA","Putintseva, Yulia","Bencic, Belinda",Totals (Games),1,hdp=19.5
2026-08-29T13:52:32Z,74124820,2026-08-31T15:00:00Z,Bet365,"WTA - US Open, New York, USA","Putintseva, Yulia","Bencic, Belinda",Totals (Aces),6,hdp=0.5 | hdp=2.5 | hdp=4.5 | hdp=9.5 | hdp=14.5 | hdp=19.5
2026-08-29T13:52:32Z,74124820,2026-08-31T15:00:00Z,Bet365,"WTA - US Open, New York, USA","Putintseva, Yulia","Bencic, Belinda",Spread (Games),1,hdp=5.5
2026-08-29T13:52:32Z,74124820,2026-08-31T15:00:00Z,Bet365,"WTA - US Open, New York, USA","Putintseva, Yulia","Bencic, Belinda",Team Total (Aces) Home,4,hdp=0.5 | hdp=2.5 | hdp=4.5 | hdp=9.5
2026-08-29T13:52:32Z,74124820,2026-08-31T15:00:00Z,Bet365,"WTA - US Open, New York, USA","Putintseva, Yulia","Bencic, Belinda",Team Total (Double Faults) Away,8,hdp=0.5 | hdp=1.5 | hdp=2.5 | hdp=4.5 | hdp=7.5 | hdp=9.5
2026-08-29T13:52:32Z,74124822,2026-08-31T15:00:00Z,Bet365,"WTA - US Open, New York, USA","Keys, Madison","Korneeva, Alina",ML,1,"{'home': '1.33', 'away': '3.40'}"
2026-08-29T13:52:32Z,74124822,2026-08-31T15:00:00Z,Bet365,"WTA - US Open, New York, USA","Keys, Madison","Korneeva, Alina",Spread (Games),1,hdp=-3.5
2026-08-29T13:52:32Z,74124822,2026-08-31T15:00:00Z,Bet365,"WTA - US Open, New York, USA","Keys, Madison","Korneeva, Alina",Totals (Double Faults),9,hdp=1.5 | hdp=2.5 | hdp=4.5 | hdp=7.5 | hdp=9.5 | hdp=11.5
2026-08-29T13:52:32Z,74124822,2026-08-31T15:00:00Z,Bet365,"WTA - US Open, New York, USA","Keys, Madison","Korneeva, Alina",Totals (Games),1,hdp=21.5
2026-08-29T13:52:32Z,74124822,2026-08-31T15:00:00Z,Bet365,"WTA - US Open, New York, USA","Keys, Madison","Korneeva, Alina",Totals 1st Set,6,hdp=6.5 | hdp=7.5 | hdp=8.5 | hdp=9.5 | hdp=10.5 | hdp=12.5
2026-08-29T13:52:32Z,74124822,2026-08-31T15:00:00Z,Bet365,"WTA - US Open, New York, USA","Keys, Madison","Korneeva, Alina",Set Betting,4,label=2-0 (1) | label=2-1 (1) | label=2-0 (2) | label=2-1 (2)
2026-08-29T13:52:32Z,74124822,2026-08-31T15:00:00Z,Bet365,"WTA - US Open, New York, USA","Keys, Madison","Korneeva, Alina",Team Total (Games) Home,1,hdp=12.5
2026-08-29T13:52:32Z,74124822,2026-08-31T15:00:00Z,Bet365,"WTA - US Open, New York, USA","Keys, Madison","Korneeva, Alina",Team Total (Aces) Away,5,hdp=0.5 | hdp=2.5 | hdp=4.5 | hdp=9.5 | hdp=14.5
2026-08-29T13:52:32Z,74124822,2026-08-31T15:00:00Z,Bet365,"WTA - US Open, New York, USA","Keys, Madison","Korneeva, Alina",Team Total (Aces) Home,5,hdp=0.5 | hdp=2.5 | hdp=4.5 | hdp=9.5 | hdp=14.5
2026-08-29T13:52:32Z,74124822,2026-08-31T15:00:00Z,Bet365,"WTA - US Open, New York, USA","Keys, Madison","Korneeva, Alina",Team Total (Double Faults) Away,7,hdp=0.5 | hdp=1.5 | hdp=2.5 | hdp=4.5 | hdp=7.5 | hdp=9.5
2026-08-29T13:52:32Z,74124822,2026-08-31T15:00:00Z,Bet365,"WTA - US Open, New York, USA","Keys, Madison","Korneeva, Alina",Team Total (Double Faults) Home,8,hdp=0.5 | hdp=1.5 | hdp=2.5 | hdp=4.5 | hdp=7.5 | hdp=9.5
2026-08-29T13:52:32Z,74124822,2026-08-31T15:00:00Z,Bet365,"WTA - US Open, New York, USA","Keys, Madison","Korneeva, Alina",Totals (Aces),6,hdp=0.5 | hdp=2.5 | hdp=4.5 | hdp=9.5 | hdp=14.5 | hdp=19.5
2026-08-29T13:52:32Z,74124822,2026-08-31T15:00:00Z,Bet365,"WTA - US Open, New York, USA","Keys, Madison","Korneeva, Alina",Team Total (Games) Away,1,hdp=10.5
2026-08-29T13:52:32Z,74124824,2026-08-31T15:00:00Z,Bet365,"WTA - US Open, New York, USA","Jacquemot, Elsa","Bouzkova, Marie",ML,1,"{'home': '8.00', 'away': '1.08'}"
2026-08-29T13:52:32Z,74124824,2026-08-31T15:00:00Z,Bet365,"WTA - US Open, New York, USA","Jacquemot, Elsa","Bouzkova, Marie",Team Total (Aces) Away,4,hdp=0.5 | hdp=2.5 | hdp=4.5 | hdp=9.5
2026-08-29T13:52:32Z,74124824,2026-08-31T15:00:00Z,Bet365,"WTA - US Open, New York, USA","Jacquemot, Elsa","Bouzkova, Marie",Totals (Aces),6,hdp=0.5 | hdp=2.5 | hdp=4.5 | hdp=9.5 | hdp=14.5 | hdp=19.5
2026-08-29T13:52:32Z,74124824,2026-08-31T15:00:00Z,Bet365,"WTA - US Open, New York, USA","Jacquemot, Elsa","Bouzkova, Marie",Totals (Games),1,hdp=18.5
2026-08-29T13:52:32Z,74124824,2026-08-31T15:00:00Z,Bet365,"WTA - US Open, New York, USA","Jacquemot, Elsa","Bouzkova, Marie",Totals 1st Set,6,hdp=6.5 | hdp=7.5 | hdp=8.5 | hdp=9.5 | hdp=10.5 | hdp=12.5
2026-08-29T13:52:32Z,74124824,2026-08-31T15:00:00Z,Bet365,"WTA - US Open, New York, USA","Jacquemot, Elsa","Bouzkova, Marie",Spread (Games),1,hdp=6.5
2026-08-29T13:52:32Z,74124824,2026-08-31T15:00:00Z,Bet365,"WTA - US Open, New York, USA","Jacquemot, Elsa","Bouzkova, Marie",Team Total (Double Faults) Home,8,hdp=0.5 | hdp=1.5 | hdp=2.5 | hdp=4.5 | hdp=7.5 | hdp=9.5
2026-08-29T13:52:32Z,74124824,2026-08-31T15:00:00Z,Bet365,"WTA - US Open, New York, USA","Jacquemot, Elsa","Bouzkova, Marie",Team Total (Aces) Home,5,hdp=0.5 | hdp=2.5 | hdp=4.5 | hdp=9.5 | hdp=14.5
2026-08-29T13:52:32Z,74124824,2026-08-31T15:00:00Z,Bet365,"WTA - US Open, New York, USA","Jacquemot, Elsa","Bouzkova, Marie",Team Total (Games) Away,1,hdp=12.5
2026-08-29T13:52:32Z,74124824,2026-08-31T15:00:00Z,Bet365,"WTA - US Open, New York, USA","Jacquemot, Elsa","Bouzkova, Marie",Team Total (Games) Home,1,hdp=6.5
2026-08-29T13:52:32Z,74124824,2026-08-31T15:00:00Z,Bet365,"WTA - US Open, New York, USA","Jacquemot, Elsa","Bouzkova, Marie",Totals (Double Faults),9,hdp=1.5 | hdp=2.5 | hdp=4.5 | hdp=7.5 | hdp=9.5 | hdp=11.5
2026-08-29T13:52:32Z,74124824,2026-08-31T15:00:00Z,Bet365,"WTA - US Open, New York, USA","Jacquemot, Elsa","Bouzkova, Marie",Set Betting,4,label=2-0 (1) | label=2-1 (1) | label=2-0 (2) | label=2-1 (2)
2026-08-29T13:52:32Z,74124824,2026-08-31T15:00:00Z,Bet365,"WTA - US Open, New York, USA","Jacquemot, Elsa","Bouzkova, Marie",Team Total (Double Faults) Away,7,hdp=0.5 | hdp=1.5 | hdp=2.5 | hdp=4.5 | hdp=7.5 | hdp=9.5
2026-08-29T13:52:32Z,74150420,2026-08-31T15:00:00Z,Bet365,"WTA - US Open, New York, USA","Zidansek, Tamara","Timofeeva, Maria",ML,1,"{'home': '2.75', 'away': '1.44'}"
2026-08-29T13:52:32Z,74150420,2026-08-31T15:00:00Z,Bet365,"WTA - US Open, New York, USA","Zidansek, Tamara","Timofeeva, Maria",Set Betting,4,label=2-0 (1) | label=2-1 (1) | label=2-0 (2) | label=2-1 (2)
2026-08-29T13:52:32Z,74150420,2026-08-31T15:00:00Z,Bet365,"WTA - US Open, New York, USA","Zidansek, Tamara","Timofeeva, Maria",Team Total (Games) Away,1,hdp=12.5
2026-08-29T13:52:32Z,74150420,2026-08-31T15:00:00Z,Bet365,"WTA - US Open, New York, USA","Zidansek, Tamara","Timofeeva, Maria",Totals (Double Faults),8,hdp=1.5 | hdp=2.5 | hdp=4.5 | hdp=7.5 | hdp=9.5 | hdp=11.5
2026-08-29T13:52:32Z,74150420,2026-08-31T15:00:00Z,Bet365,"WTA - US Open, New York, USA","Zidansek, Tamara","Timofeeva, Maria",Totals (Games),1,hdp=21.5
2026-08-29T13:52:32Z,74150420,2026-08-31T15:00:00Z,Bet365,"WTA - US Open, New York, USA","Zidansek, Tamara","Timofeeva, Maria",Team Total (Double Faults) Away,8,hdp=0.5 | hdp=1.5 | hdp=2.5 | hdp=4.5 | hdp=7.5 | hdp=9.5
2026-08-29T13:52:32Z,74150420,2026-08-31T15:00:00Z,Bet365,"WTA - US Open, New York, USA","Zidansek, Tamara","Timofeeva, Maria",Team Total (Aces) Away,4,hdp=0.5 | hdp=2.5 | hdp=4.5 | hdp=9.5
2026-08-29T13:52:32Z,74150420,2026-08-31T15:00:00Z,Bet365,"WTA - US Open, New York, USA","Zidansek, Tamara","Timofeeva, Maria",Spread (Games),1,hdp=3.5
2026-08-29T13:52:32Z,74150420,2026-08-31T15:00:00Z,Bet365,"WTA - US Open, New York, USA","Zidansek, Tamara","Timofeeva, Maria",Team Total (Aces) Home,3,hdp=0.5 | hdp=2.5 | hdp=4.5
2026-08-29T13:52:32Z,74150420,2026-08-31T15:00:00Z,Bet365,"WTA - US Open, New York, USA","Zidansek, Tamara","Timofeeva, Maria",Team Total (Double Faults) Home,7,hdp=0.5 | hdp=1.5 | hdp=2.5 | hdp=4.5 | hdp=7.5 | hdp=9.5
2026-08-29T13:52:32Z,74150420,2026-08-31T15:00:00Z,Bet365,"WTA - US Open, New York, USA","Zidansek, Tamara","Timofeeva, Maria",Team Total (Games) Home,1,hdp=11.5
2026-08-29T13:52:32Z,74150420,2026-08-31T15:00:00Z,Bet365,"WTA - US Open, New York, USA","Zidansek, Tamara","Timofeeva, Maria",Totals 1st Set,6,hdp=6.5 | hdp=7.5 | hdp=8.5 | hdp=9.5 | hdp=10.5 | hdp=12.5
2026-08-29T13:52:32Z,74150420,2026-08-31T15:00:00Z,Bet365,"WTA - US Open, New York, USA","Zidansek, Tamara","Timofeeva, Maria",Totals (Aces),5,hdp=0.5 | hdp=2.5 | hdp=4.5 | hdp=9.5 | hdp=14.5
2026-08-29T13:52:32Z,74150422,2026-08-31T15:00:00Z,Bet365,"WTA - US Open, New York, USA","Zheng, Qinwen","Liutova, Kristina",ML,1,"{'home': '1.53', 'away': '2.50'}"
2026-08-29T13:52:32Z,74150422,2026-08-31T15:00:00Z,Bet365,"WTA - US Open, New York, USA","Zheng, Qinwen","Liutova, Kristina",Team Total (Games) Home,1,hdp=12.5
2026-08-29T13:52:32Z,74150422,2026-08-31T15:00:00Z,Bet365,"WTA - US Open, New York, USA","Zheng, Qinwen","Liutova, Kristina",Team Total (Games) Away,1,hdp=11.5
2026-08-29T13:52:32Z,74150422,2026-08-31T15:00:00Z,Bet365,"WTA - US Open, New York, USA","Zheng, Qinwen","Liutova, Kristina",Team Total (Aces) Home,7,hdp=2.5 | hdp=4.5 | hdp=9.5 | hdp=14.5 | hdp=0.5 | hdp=24.5
2026-08-29T13:52:32Z,74150422,2026-08-31T15:00:00Z,Bet365,"WTA - US Open, New York, USA","Zheng, Qinwen","Liutova, Kristina",Totals 1st Set,6,hdp=6.5 | hdp=7.5 | hdp=8.5 | hdp=9.5 | hdp=10.5 | hdp=12.5
2026-08-29T13:52:32Z,74150422,2026-08-31T15:00:00Z,Bet365,"WTA - US Open, New York, USA","Zheng, Qinwen","Liutova, Kristina",Totals (Games),1,hdp=21.5
2026-08-29T13:52:32Z,74150422,2026-08-31T15:00:00Z,Bet365,"WTA - US Open, New York, USA","Zheng, Qinwen","Liutova, Kristina",Team Total (Double Faults) Away,6,hdp=2.5 | hdp=4.5 | hdp=7.5 | hdp=0.5 | hdp=1.5 | hdp=9.5
2026-08-29T13:52:32Z,74150422,2026-08-31T15:00:00Z,Bet365,"WTA - US Open, New York, USA","Zheng, Qinwen","Liutova, Kristina",Set Betting,4,label=2-0 (1) | label=2-1 (1) | label=2-0 (2) | label=2-1 (2)
2026-08-29T13:52:32Z,74150422,2026-08-31T15:00:00Z,Bet365,"WTA - US Open, New York, USA","Zheng, Qinwen","Liutova, Kristina",Spread (Games),1,hdp=-3.5
2026-08-29T13:52:32Z,74150422,2026-08-31T15:00:00Z,Bet365,"WTA - US Open, New York, USA","Zheng, Qinwen","Liutova, Kristina",Team Total (Aces) Away,4,hdp=0.5 | hdp=2.5 | hdp=9.5 | hdp=4.5
2026-08-29T13:52:32Z,74150422,2026-08-31T15:00:00Z,Bet365,"WTA - US Open, New York, USA","Zheng, Qinwen","Liutova, Kristina",Team Total (Double Faults) Home,10,hdp=2.5 | hdp=4.5 | hdp=7.5 | hdp=9.5 | hdp=11.5 | hdp=14.5
2026-08-29T13:52:32Z,74150422,2026-08-31T15:00:00Z,Bet365,"WTA - US Open, New York, USA","Zheng, Qinwen","Liutova, Kristina",Totals (Aces),8,hdp=2.5 | hdp=9.5 | hdp=14.5 | hdp=19.5 | hdp=24.5 | hdp=0.5
2026-08-29T13:52:32Z,74150422,2026-08-31T15:00:00Z,Bet365,"WTA - US Open, New York, USA","Zheng, Qinwen","Liutova, Kristina",Totals (Double Faults),9,hdp=4.5 | hdp=7.5 | hdp=9.5 | hdp=11.5 | hdp=14.5 | hdp=19.5
2026-08-29T13:52:32Z,74124868,2026-08-31T15:00:00Z,Bet365,"WTA - US Open, New York, USA","Golubic, Viktorija","Parry, Diane",ML,1,"{'home': '2.10', 'away': '1.72'}"
2026-08-29T13:52:32Z,74124868,2026-08-31T15:00:00Z,Bet365,"WTA - US Open, New York, USA","Golubic, Viktorija","Parry, Diane",Team Total (Double Faults) Home,5,hdp=0.5 | hdp=1.5 | hdp=2.5 | hdp=4.5 | hdp=7.5
2026-08-29T13:52:32Z,74124868,2026-08-31T15:00:00Z,Bet365,"WTA - US Open, New York, USA","Golubic, Viktorija","Parry, Diane",Totals (Double Faults),8,hdp=0.5 | hdp=1.5 | hdp=2.5 | hdp=4.5 | hdp=7.5 | hdp=9.5
2026-08-29T13:52:32Z,74124868,2026-08-31T15:00:00Z,Bet365,"WTA - US Open, New York, USA","Golubic, Viktorija","Parry, Diane",Totals (Games),1,hdp=22.5
2026-08-29T13:52:32Z,74124868,2026-08-31T15:00:00Z,Bet365,"WTA - US Open, New York, USA","Golubic, Viktorija","Parry, Diane",Spread (Games),1,hdp=1.5
2026-08-29T13:52:32Z,74124868,2026-08-31T15:00:00Z,Bet365,"WTA - US Open, New York, USA","Golubic, Viktorija","Parry, Diane",Team Total (Aces) Away,5,hdp=0.5 | hdp=2.5 | hdp=4.5 | hdp=9.5 | hdp=14.5
2026-08-29T13:52:32Z,74124868,2026-08-31T15:00:00Z,Bet365,"WTA - US Open, New York, USA","Golubic, Viktorija","Parry, Diane",Team Total (Aces) Home,4,hdp=0.5 | hdp=2.5 | hdp=4.5 | hdp=9.5
2026-08-29T13:52:32Z,74124868,2026-08-31T15:00:00Z,Bet365,"WTA - US Open, New York, USA","Golubic, Viktorija","Parry, Diane",Team Total (Games) Away,1,hdp=12.5
2026-08-29T13:52:32Z,74124868,2026-08-31T15:00:00Z,Bet365,"WTA - US Open, New York, USA","Golubic, Viktorija","Parry, Diane",Team Total (Games) Home,1,hdp=12.5
2026-08-29T13:52:32Z,74124868,2026-08-31T15:00:00Z,Bet365,"WTA - US Open, New York, USA","Golubic, Viktorija","Parry, Diane",Totals 1st Set,6,hdp=10.5 | hdp=6.5 | hdp=7.5 | hdp=8.5 | hdp=9.5 | hdp=12.5
2026-08-29T13:52:32Z,74124868,2026-08-31T15:00:00Z,Bet365,"WTA - US Open, New York, USA","Golubic, Viktorija","Parry, Diane",Totals (Aces),6,hdp=0.5 | hdp=2.5 | hdp=4.5 | hdp=9.5 | hdp=14.5 | hdp=19.5
2026-08-29T13:52:32Z,74124868,2026-08-31T15:00:00Z,Bet365,"WTA - US Open, New York, USA","Golubic, Viktorija","Parry, Diane",Team Total (Double Faults) Away,6,hdp=0.5 | hdp=1.5 | hdp=2.5 | hdp=4.5 | hdp=7.5 | hdp=9.5
2026-08-29T13:52:32Z,74124868,2026-08-31T15:00:00Z,Bet365,"WTA - US Open, New York, USA","Golubic, Viktorija","Parry, Diane",Set Betting,4,label=2-0 (1) | label=2-1 (1) | label=2-0 (2) | label=2-1 (2)
2026-08-29T13:52:32Z,74124874,2026-08-31T15:00:00Z,Bet365,"WTA - US Open, New York, USA","Sawangkaew, Mananchaya","Udvardy, Panna",ML,1,"{'home': '1.61', 'away': '2.30'}"
2026-08-29T13:52:32Z,74124874,2026-08-31T15:00:00Z,Bet365,"WTA - US Open, New York, USA","Sawangkaew, Mananchaya","Udvardy, Panna",Set Betting,4,label=2-0 (1) | label=2-1 (1) | label=2-0 (2) | label=2-1 (2)
2026-08-29T13:52:32Z,74124874,2026-08-31T15:00:00Z,Bet365,"WTA - US Open, New York, USA","Sawangkaew, Mananchaya","Udvardy, Panna",Team Total (Double Faults) Away,7,hdp=0.5 | hdp=1.5 | hdp=2.5 | hdp=4.5 | hdp=7.5 | hdp=9.5
2026-08-29T13:52:32Z,74124874,2026-08-31T15:00:00Z,Bet365,"WTA - US Open, New York, USA","Sawangkaew, Mananchaya","Udvardy, Panna",Team Total (Double Faults) Home,8,hdp=0.5 | hdp=1.5 | hdp=2.5 | hdp=4.5 | hdp=7.5 | hdp=9.5
2026-08-29T13:52:32Z,74124874,2026-08-31T15:00:00Z,Bet365,"WTA - US Open, New York, USA","Sawangkaew, Mananchaya","Udvardy, Panna",Team Total (Games) Home,1,hdp=12.5
2026-08-29T13:52:32Z,74124874,2026-08-31T15:00:00Z,Bet365,"WTA - US Open, New York, USA","Sawangkaew, Mananchaya","Udvardy, Panna",Totals (Double Faults),8,hdp=1.5 | hdp=2.5 | hdp=4.5 | hdp=7.5 | hdp=9.5 | hdp=11.5
2026-08-29T13:52:32Z,74124874,2026-08-31T15:00:00Z,Bet365,"WTA - US Open, New York, USA","Sawangkaew, Mananchaya","Udvardy, Panna",Spread (Games),1,hdp=-2.5
2026-08-29T13:52:32Z,74124874,2026-08-31T15:00:00Z,Bet365,"WTA - US Open, New York, USA","Sawangkaew, Mananchaya","Udvardy, Panna",Team Total (Games) Away,1,hdp=11.5
2026-08-29T13:52:32Z,74124874,2026-08-31T15:00:00Z,Bet365,"WTA - US Open, New York, USA","Sawangkaew, Mananchaya","Udvardy, Panna",Totals 1st Set,6,hdp=6.5 | hdp=7.5 | hdp=8.5 | hdp=9.5 | hdp=10.5 | hdp=12.5
2026-08-29T13:52:32Z,74124874,2026-08-31T15:00:00Z,Bet365,"WTA - US Open, New York, USA","Sawangkaew, Mananchaya","Udvardy, Panna",Totals (Games),1,hdp=21.5
2026-08-29T13:52:32Z,74150424,2026-08-31T15:00:00Z,Bet365,"WTA - US Open, New York, USA","Havlickova, Lucie","Bondar, Anna",ML,1,"{'home': '2.50', 'away': '1.53'}"
2026-08-29T13:52:32Z,74150424,2026-08-31T15:00:00Z,Bet365,"WTA - US Open, New York, USA","Havlickova, Lucie","Bondar, Anna",Set Betting,4,label=2-0 (1) | label=2-1 (1) | label=2-0 (2) | label=2-1 (2)
2026-08-29T13:52:32Z,74150424,2026-08-31T15:00:00Z,Bet365,"WTA - US Open, New York, USA","Havlickova, Lucie","Bondar, Anna",Spread (Games),1,hdp=2.5
2026-08-29T13:52:32Z,74150424,2026-08-31T15:00:00Z,Bet365,"WTA - US Open, New York, USA","Havlickova, Lucie","Bondar, Anna",Team Total (Games) Away,1,hdp=12.5
2026-08-29T13:52:32Z,74150424,2026-08-31T15:00:00Z,Bet365,"WTA - US Open, New York, USA","Havlickova, Lucie","Bondar, Anna",Team Total (Games) Home,1,hdp=11.5
2026-08-29T13:52:32Z,74150424,2026-08-31T15:00:00Z,Bet365,"WTA - US Open, New York, USA","Havlickova, Lucie","Bondar, Anna",Totals 1st Set,6,hdp=7.5 | hdp=8.5 | hdp=9.5 | hdp=6.5 | hdp=10.5 | hdp=12.5
2026-08-29T13:52:32Z,74150424,2026-08-31T15:00:00Z,Bet365,"WTA - US Open, New York, USA","Havlickova, Lucie","Bondar, Anna",Totals (Games),1,hdp=21.5
2026-08-29T13:52:32Z,74124858,2026-08-31T15:00:00Z,Bet365,"WTA - US Open, New York, USA","Blinkova, Anna","Kalinskaya, Anna",ML,1,"{'home': '3.50', 'away': '1.30'}"
2026-08-29T13:52:32Z,74124858,2026-08-31T15:00:00Z,Bet365,"WTA - US Open, New York, USA","Blinkova, Anna","Kalinskaya, Anna",Set Betting,4,label=2-0 (1) | label=2-1 (1) | label=2-0 (2) | label=2-1 (2)
2026-08-29T13:52:32Z,74124858,2026-08-31T15:00:00Z,Bet365,"WTA - US Open, New York, USA","Blinkova, Anna","Kalinskaya, Anna",Spread (Games),1,hdp=4.5
2026-08-29T13:52:32Z,74124858,2026-08-31T15:00:00Z,Bet365,"WTA - US Open, New York, USA","Blinkova, Anna","Kalinskaya, Anna",Team Total (Double Faults) Home,8,hdp=0.5 | hdp=1.5 | hdp=2.5 | hdp=4.5 | hdp=7.5 | hdp=9.5
2026-08-29T13:52:32Z,74124858,2026-08-31T15:00:00Z,Bet365,"WTA - US Open, New York, USA","Blinkova, Anna","Kalinskaya, Anna",Team Total (Games) Away,1,hdp=12.5
2026-08-29T13:52:32Z,74124858,2026-08-31T15:00:00Z,Bet365,"WTA - US Open, New York, USA","Blinkova, Anna","Kalinskaya, Anna",Totals 1st Set,6,hdp=8.5 | hdp=9.5 | hdp=10.5 | hdp=6.5 | hdp=7.5 | hdp=12.5
2026-08-29T13:52:32Z,74124858,2026-08-31T15:00:00Z,Bet365,"WTA - US Open, New York, USA","Blinkova, Anna","Kalinskaya, Anna",Totals (Double Faults),9,hdp=1.5 | hdp=2.5 | hdp=4.5 | hdp=7.5 | hdp=9.5 | hdp=11.5
2026-08-29T13:52:32Z,74124858,2026-08-31T15:00:00Z,Bet365,"WTA - US Open, New York, USA","Blinkova, Anna","Kalinskaya, Anna",Totals (Games),1,hdp=21.5
2026-08-29T13:52:32Z,74124858,2026-08-31T15:00:00Z,Bet365,"WTA - US Open, New York, USA","Blinkova, Anna","Kalinskaya, Anna",Team Total (Double Faults) Away,8,hdp=0.5 | hdp=1.5 | hdp=2.5 | hdp=4.5 | hdp=7.5 | hdp=9.5
2026-08-29T13:52:32Z,74124858,2026-08-31T15:00:00Z,Bet365,"WTA - US Open, New York, USA","Blinkova, Anna","Kalinskaya, Anna",Team Total (Games) Home,1,hdp=10.5
2026-08-29T13:52:32Z,74124862,2026-08-31T15:00:00Z,Bet365,"WTA - US Open, New York, USA","Joint, Maya","Samsonova, Liudmila",ML,1,"{'home': '3.20', 'away': '1.36'}"
2026-08-29T13:52:32Z,74124862,2026-08-31T15:00:00Z,Bet365,"WTA - US Open, New York, USA","Joint, Maya","Samsonova, Liudmila",Team Total (Games) Home,1,hdp=10.5
2026-08-29T13:52:32Z,74124862,2026-08-31T15:00:00Z,Bet365,"WTA - US Open, New York, USA","Joint, Maya","Samsonova, Liudmila",Totals 1st Set,6,hdp=6.5 | hdp=7.5 | hdp=8.5 | hdp=9.5 | hdp=10.5 | hdp=12.5
2026-08-29T13:52:32Z,74124862,2026-08-31T15:00:00Z,Bet365,"WTA - US Open, New York, USA","Joint, Maya","Samsonova, Liudmila",Totals (Games),1,hdp=21.5
2026-08-29T13:52:32Z,74124862,2026-08-31T15:00:00Z,Bet365,"WTA - US Open, New York, USA","Joint, Maya","Samsonova, Liudmila",Set Betting,4,label=2-0 (1) | label=2-1 (1) | label=2-0 (2) | label=2-1 (2)
2026-08-29T13:52:32Z,74124862,2026-08-31T15:00:00Z,Bet365,"WTA - US Open, New York, USA","Joint, Maya","Samsonova, Liudmila",Spread (Games),1,hdp=3.5
2026-08-29T13:52:32Z,74124862,2026-08-31T15:00:00Z,Bet365,"WTA - US Open, New York, USA","Joint, Maya","Samsonova, Liudmila",Team Total (Games) Away,1,hdp=12.5
2026-08-29T13:52:32Z,74124866,2026-08-31T15:00:00Z,Bet365,"WTA - US Open, New York, USA","Grabher, Julia","Cirstea, Sorana",ML,1,"{'home': '8.00', 'away': '1.08'}"
2026-08-29T13:52:32Z,74124866,2026-08-31T15:00:00Z,Bet365,"WTA - US Open, New York, USA","Grabher, Julia","Cirstea, Sorana",Team Total (Double Faults) Away,6,hdp=0.5 | hdp=1.5 | hdp=2.5 | hdp=4.5 | hdp=7.5 | hdp=9.5
2026-08-29T13:52:32Z,74124866,2026-08-31T15:00:00Z,Bet365,"WTA - US Open, New York, USA","Grabher, Julia","Cirstea, Sorana",Team Total (Double Faults) Home,8,hdp=0.5 | hdp=1.5 | hdp=2.5 | hdp=4.5 | hdp=7.5 | hdp=9.5
2026-08-29T13:52:32Z,74124866,2026-08-31T15:00:00Z,Bet365,"WTA - US Open, New York, USA","Grabher, Julia","Cirstea, Sorana",Set Betting,4,label=2-0 (1) | label=2-1 (1) | label=2-0 (2) | label=2-1 (2)
2026-08-29T13:52:32Z,74124866,2026-08-31T15:00:00Z,Bet365,"WTA - US Open, New York, USA","Grabher, Julia","Cirstea, Sorana",Spread (Games),1,hdp=6.5
2026-08-29T13:52:32Z,74124866,2026-08-31T15:00:00Z,Bet365,"WTA - US Open, New York, USA","Grabher, Julia","Cirstea, Sorana",Team Total (Games) Away,1,hdp=12.5
2026-08-29T13:52:32Z,74124866,2026-08-31T15:00:00Z,Bet365,"WTA - US Open, New York, USA","Grabher, Julia","Cirstea, Sorana",Team Total (Games) Home,1,hdp=6.5
2026-08-29T13:52:32Z,74124866,2026-08-31T15:00:00Z,Bet365,"WTA - US Open, New York, USA","Grabher, Julia","Cirstea, Sorana",Totals 1st Set,6,hdp=6.5 | hdp=7.5 | hdp=8.5 | hdp=9.5 | hdp=10.5 | hdp=12.5
2026-08-29T13:52:32Z,74124866,2026-08-31T15:00:00Z,Bet365,"WTA - US Open, New York, USA","Grabher, Julia","Cirstea, Sorana",Totals (Double Faults),9,hdp=0.5 | hdp=1.5 | hdp=2.5 | hdp=4.5 | hdp=7.5 | hdp=9.5
2026-08-29T13:52:32Z,74124866,2026-08-31T15:00:00Z,Bet365,"WTA - US Open, New York, USA","Grabher, Julia","Cirstea, Sorana",Totals (Games),1,hdp=18.5
2026-08-29T13:52:32Z,74124880,2026-08-31T15:00:00Z,Bet365,"WTA - US Open, New York, USA","Volynets, Katie","Noskova, Linda",ML,1,"{'home': '3.50', 'away': '1.30'}"
2026-08-29T13:52:32Z,74124880,2026-08-31T15:00:00Z,Bet365,"WTA - US Open, New York, USA","Volynets, Katie","Noskova, Linda",Totals (Games),1,hdp=21.5
2026-08-29T13:52:32Z,74124880,2026-08-31T15:00:00Z,Bet365,"WTA - US Open, New York, USA","Volynets, Katie","Noskova, Linda",Set Betting,4,label=2-0 (1) | label=2-1 (1) | label=2-0 (2) | label=2-1 (2)
2026-08-29T13:52:32Z,74124880,2026-08-31T15:00:00Z,Bet365,"WTA - US Open, New York, USA","Volynets, Katie","Noskova, Linda",Spread (Games),1,hdp=4.5
2026-08-29T13:52:32Z,74124880,2026-08-31T15:00:00Z,Bet365,"WTA - US Open, New York, USA","Volynets, Katie","Noskova, Linda",Team Total (Games) Away,1,hdp=12.5
2026-08-29T13:52:32Z,74124880,2026-08-31T15:00:00Z,Bet365,"WTA - US Open, New York, USA","Volynets, Katie","Noskova, Linda",Team Total (Games) Home,1,hdp=10.5
2026-08-29T13:52:32Z,74124880,2026-08-31T15:00:00Z,Bet365,"WTA - US Open, New York, USA","Volynets, Katie","Noskova, Linda",Totals 1st Set,6,hdp=7.5 | hdp=8.5 | hdp=12.5 | hdp=6.5 | hdp=9.5 | hdp=10.5
2026-08-29T13:52:32Z,74150418,2026-08-31T15:00:00Z,Bet365,"WTA - US Open, New York, USA","Sakkari, Maria","Montgomery, Robin",ML,1,"{'home': '1.66', 'away': '2.20'}"
2026-08-29T13:52:32Z,74150418,2026-08-31T15:00:00Z,Bet365,"WTA - US Open, New York, USA","Sakkari, Maria","Montgomery, Robin",Set Betting,4,label=2-0 (1) | label=2-1 (1) | label=2-0 (2) | label=2-1 (2)
2026-08-29T13:52:32Z,74150418,2026-08-31T15:00:00Z,Bet365,"WTA - US Open, New York, USA","Sakkari, Maria","Montgomery, Robin",Spread (Games),1,hdp=-1.5
2026-08-29T13:52:32Z,74150418,2026-08-31T15:00:00Z,Bet365,"WTA - US Open, New York, USA","Sakkari, Maria","Montgomery, Robin",Team Total (Games) Away,1,hdp=12.5
2026-08-29T13:52:32Z,74150418,2026-08-31T15:00:00Z,Bet365,"WTA - US Open, New York, USA","Sakkari, Maria","Montgomery, Robin",Team Total (Games) Home,1,hdp=12.5
2026-08-29T13:52:32Z,74150418,2026-08-31T15:00:00Z,Bet365,"WTA - US Open, New York, USA","Sakkari, Maria","Montgomery, Robin",Totals 1st Set,6,hdp=7.5 | hdp=6.5 | hdp=8.5 | hdp=9.5 | hdp=10.5 | hdp=12.5
2026-08-29T13:52:32Z,74150418,2026-08-31T15:00:00Z,Bet365,"WTA - US Open, New York, USA","Sakkari, Maria","Montgomery, Robin",Totals (Games),1,hdp=22.5
2026-08-29T13:52:32Z,74150352,2026-08-31T15:00:00Z,Bet365,"ATP - US Open, New York, USA","Basavareddy, Nishesh","Schoolkate, Tristan",ML,1,"{'home': '1.36', 'away': '3.20'}"
2026-08-29T13:52:32Z,74150352,2026-08-31T15:00:00Z,Bet365,"ATP - US Open, New York, USA","Basavareddy, Nishesh","Schoolkate, Tristan",Set Betting,6,label=3-0 (1) | label=3-1 (1) | label=3-2 (1) | label=3-0 (2) | label=3-1 (2) | label=3-2 (2)
2026-08-29T13:52:32Z,74150352,2026-08-31T15:00:00Z,Bet365,"ATP - US Open, New York, USA","Basavareddy, Nishesh","Schoolkate, Tristan",Team Total (Aces) Away,10,hdp=0.5 | hdp=2.5 | hdp=4.5 | hdp=9.5 | hdp=14.5 | hdp=19.5
2026-08-29T13:52:32Z,74150352,2026-08-31T15:00:00Z,Bet365,"ATP - US Open, New York, USA","Basavareddy, Nishesh","Schoolkate, Tristan",Team Total (Aces) Home,8,hdp=0.5 | hdp=2.5 | hdp=4.5 | hdp=9.5 | hdp=14.5 | hdp=19.5
2026-08-29T13:52:32Z,74150352,2026-08-31T15:00:00Z,Bet365,"ATP - US Open, New York, USA","Basavareddy, Nishesh","Schoolkate, Tristan",Team Total (Games) Away,1,hdp=19.5
2026-08-29T13:52:32Z,74150352,2026-08-31T15:00:00Z,Bet365,"ATP - US Open, New York, USA","Basavareddy, Nishesh","Schoolkate, Tristan",Totals (Aces),8,hdp=4.5 | hdp=9.5 | hdp=14.5 | hdp=19.5 | hdp=24.5 | hdp=29.5
2026-08-29T13:52:32Z,74150352,2026-08-31T15:00:00Z,Bet365,"ATP - US Open, New York, USA","Basavareddy, Nishesh","Schoolkate, Tristan",Totals (Games),1,hdp=39.5
2026-08-29T13:52:32Z,74150352,2026-08-31T15:00:00Z,Bet365,"ATP - US Open, New York, USA","Basavareddy, Nishesh","Schoolkate, Tristan",Spread (Games),1,hdp=-3.5
2026-08-29T13:52:32Z,74150352,2026-08-31T15:00:00Z,Bet365,"ATP - US Open, New York, USA","Basavareddy, Nishesh","Schoolkate, Tristan",Team Total (Games) Home,1,hdp=21.5
2026-08-29T13:52:32Z,74150352,2026-08-31T15:00:00Z,Bet365,"ATP - US Open, New York, USA","Basavareddy, Nishesh","Schoolkate, Tristan",Totals 1st Set,6,hdp=6.5 | hdp=7.5 | hdp=8.5 | hdp=9.5 | hdp=10.5 | hdp=12.5
2026-08-29T13:52:32Z,74150432,2026-08-31T15:00:00Z,Bet365,"WTA - US Open, New York, USA","Linette, Magda","Jones, Francesca",ML,1,"{'home': '1.80', 'away': '2.00'}"
2026-08-29T13:52:32Z,74150432,2026-08-31T15:00:00Z,Bet365,"WTA - US Open, New York, USA","Linette, Magda","Jones, Francesca",Spread (Games),1,hdp=-0.5
2026-08-29T13:52:32Z,74150432,2026-08-31T15:00:00Z,Bet365,"WTA - US Open, New York, USA","Linette, Magda","Jones, Francesca",Team Total (Games) Away,1,hdp=12.5
2026-08-29T13:52:32Z,74150432,2026-08-31T15:00:00Z,Bet365,"WTA - US Open, New York, USA","Linette, Magda","Jones, Francesca",Team Total (Games) Home,1,hdp=12.5
2026-08-29T13:52:32Z,74150432,2026-08-31T15:00:00Z,Bet365,"WTA - US Open, New York, USA","Linette, Magda","Jones, Francesca",Totals 1st Set,6,hdp=7.5 | hdp=8.5 | hdp=9.5 | hdp=6.5 | hdp=10.5 | hdp=12.5
2026-08-29T13:52:32Z,74150432,2026-08-31T15:00:00Z,Bet365,"WTA - US Open, New York, USA","Linette, Magda","Jones, Francesca",Totals (Games),1,hdp=21.5
2026-08-29T13:52:32Z,74150432,2026-08-31T15:00:00Z,Bet365,"WTA - US Open, New York, USA","Linette, Magda","Jones, Francesca",Set Betting,4,label=2-0 (1) | label=2-1 (1) | label=2-0 (2) | label=2-1 (2)
2026-08-29T13:52:32Z,74150434,2026-08-31T15:00:00Z,Bet365,"WTA - US Open, New York, USA","Rus, Arantxa","Jeanjean, Leolia",ML,1,"{'home': '2.75', 'away': '1.44'}"
2026-08-29T13:52:32Z,74150434,2026-08-31T15:00:00Z,Bet365,"WTA - US Open, New York, USA","Rus, Arantxa","Jeanjean, Leolia",Set Betting,4,label=2-0 (1) | label=2-1 (1) | label=2-0 (2) | label=2-1 (2)
2026-08-29T13:52:32Z,74150434,2026-08-31T15:00:00Z,Bet365,"WTA - US Open, New York, USA","Rus, Arantxa","Jeanjean, Leolia",Spread (Games),1,hdp=3.5
2026-08-29T13:52:32Z,74150434,2026-08-31T15:00:00Z,Bet365,"WTA - US Open, New York, USA","Rus, Arantxa","Jeanjean, Leolia",Team Total (Double Faults) Away,9,hdp=0.5 | hdp=1.5 | hdp=2.5 | hdp=4.5 | hdp=7.5 | hdp=9.5
2026-08-29T13:52:32Z,74150434,2026-08-31T15:00:00Z,Bet365,"WTA - US Open, New York, USA","Rus, Arantxa","Jeanjean, Leolia",Totals (Double Faults),9,hdp=1.5 | hdp=2.5 | hdp=4.5 | hdp=7.5 | hdp=9.5 | hdp=11.5
2026-08-29T13:52:32Z,74150434,2026-08-31T15:00:00Z,Bet365,"WTA - US Open, New York, USA","Rus, Arantxa","Jeanjean, Leolia",Team Total (Double Faults) Home,7,hdp=0.5 | hdp=1.5 | hdp=2.5 | hdp=4.5 | hdp=7.5 | hdp=9.5
2026-08-29T13:52:32Z,74150434,2026-08-31T15:00:00Z,Bet365,"WTA - US Open, New York, USA","Rus, Arantxa","Jeanjean, Leolia",Team Total (Games) Away,1,hdp=12.5
2026-08-29T13:52:32Z,74150434,2026-08-31T15:00:00Z,Bet365,"WTA - US Open, New York, USA","Rus, Arantxa","Jeanjean, Leolia",Team Total (Games) Home,1,hdp=11.5
2026-08-29T13:52:32Z,74150434,2026-08-31T15:00:00Z,Bet365,"WTA - US Open, New York, USA","Rus, Arantxa","Jeanjean, Leolia",Totals 1st Set,6,hdp=7.5 | hdp=10.5 | hdp=6.5 | hdp=8.5 | hdp=9.5 | hdp=12.5
2026-08-29T13:52:32Z,74150434,2026-08-31T15:00:00Z,Bet365,"WTA - US Open, New York, USA","Rus, Arantxa","Jeanjean, Leolia",Totals (Games),1,hdp=21.5
2026-08-29T13:52:32Z,74150436,2026-08-31T15:00:00Z,Bet365,"WTA - US Open, New York, USA","Knutson, Gabriela","Lys, Eva",ML,1,"{'home': '2.62', 'away': '1.50'}"
2026-08-29T13:52:32Z,74150436,2026-08-31T15:00:00Z,Bet365,"WTA - US Open, New York, USA","Knutson, Gabriela","Lys, Eva",Totals (Games),1,hdp=21.5
2026-08-29T13:52:32Z,74150436,2026-08-31T15:00:00Z,Bet365,"WTA - US Open, New York, USA","Knutson, Gabriela","Lys, Eva",Team Total (Double Faults) Home,9,hdp=0.5 | hdp=1.5 | hdp=2.5 | hdp=4.5 | hdp=7.5 | hdp=9.5
2026-08-29T13:52:32Z,74150436,2026-08-31T15:00:00Z,Bet365,"WTA - US Open, New York, USA","Knutson, Gabriela","Lys, Eva",Team Total (Games) Away,1,hdp=12.5
2026-08-29T13:52:32Z,74150436,2026-08-31T15:00:00Z,Bet365,"WTA - US Open, New York, USA","Knutson, Gabriela","Lys, Eva",Totals (Aces),6,hdp=0.5 | hdp=14.5 | hdp=19.5 | hdp=2.5 | hdp=4.5 | hdp=9.5
2026-08-29T13:52:32Z,74150436,2026-08-31T15:00:00Z,Bet365,"WTA - US Open, New York, USA","Knutson, Gabriela","Lys, Eva",Totals (Double Faults),8,hdp=2.5 | hdp=4.5 | hdp=7.5 | hdp=9.5 | hdp=11.5 | hdp=14.5
2026-08-29T13:52:32Z,74150436,2026-08-31T15:00:00Z,Bet365,"WTA - US Open, New York, USA","Knutson, Gabriela","Lys, Eva",Spread (Games),1,hdp=3.5
2026-08-29T13:52:32Z,74150436,2026-08-31T15:00:00Z,Bet365,"WTA - US Open, New York, USA","Knutson, Gabriela","Lys, Eva",Team Total (Aces) Away,4,hdp=0.5 | hdp=2.5 | hdp=4.5 | hdp=9.5
2026-08-29T13:52:32Z,74150436,2026-08-31T15:00:00Z,Bet365,"WTA - US Open, New York, USA","Knutson, Gabriela","Lys, Eva",Team Total (Aces) Home,5,hdp=0.5 | hdp=9.5 | hdp=2.5 | hdp=4.5 | hdp=14.5
2026-08-29T13:52:32Z,74150436,2026-08-31T15:00:00Z,Bet365,"WTA - US Open, New York, USA","Knutson, Gabriela","Lys, Eva",Team Total (Double Faults) Away,8,hdp=0.5 | hdp=1.5 | hdp=2.5 | hdp=4.5 | hdp=7.5 | hdp=9.5
2026-08-29T13:52:32Z,74150436,2026-08-31T15:00:00Z,Bet365,"WTA - US Open, New York, USA","Knutson, Gabriela","Lys, Eva",Team Total (Games) Home,1,hdp=11.5
2026-08-29T13:52:32Z,74150436,2026-08-31T15:00:00Z,Bet365,"WTA - US Open, New York, USA","Knutson, Gabriela","Lys, Eva",Totals 1st Set,6,hdp=6.5 | hdp=7.5 | hdp=8.5 | hdp=9.5 | hdp=10.5 | hdp=12.5
2026-08-29T13:52:32Z,74150436,2026-08-31T15:00:00Z,Bet365,"WTA - US Open, New York, USA","Knutson, Gabriela","Lys, Eva",Set Betting,4,label=2-0 (1) | label=2-1 (1) | label=2-0 (2) | label=2-1 (2)
2026-08-29T13:52:32Z,74150438,2026-08-31T15:00:00Z,Bet365,"WTA - US Open, New York, USA","Koevermans, Anouk","McNally, Caty",ML,1,"{'home': '4.50', 'away': '1.20'}"
2026-08-29T13:52:32Z,74150438,2026-08-31T15:00:00Z,Bet365,"WTA - US Open, New York, USA","Koevermans, Anouk","McNally, Caty",Team Total (Aces) Away,4,hdp=2.5 | hdp=0.5 | hdp=4.5 | hdp=9.5
2026-08-29T13:52:32Z,74150438,2026-08-31T15:00:00Z,Bet365,"WTA - US Open, New York, USA","Koevermans, Anouk","McNally, Caty",Totals (Games),1,hdp=19.5
2026-08-29T13:52:32Z,74150438,2026-08-31T15:00:00Z,Bet365,"WTA - US Open, New York, USA","Koevermans, Anouk","McNally, Caty",Totals (Double Faults),8,hdp=2.5 | hdp=4.5 | hdp=7.5 | hdp=9.5 | hdp=11.5 | hdp=14.5
2026-08-29T13:52:32Z,74150438,2026-08-31T15:00:00Z,Bet365,"WTA - US Open, New York, USA","Koevermans, Anouk","McNally, Caty",Set Betting,4,label=2-0 (1) | label=2-1 (1) | label=2-0 (2) | label=2-1 (2)
2026-08-29T13:52:32Z,74150438,2026-08-31T15:00:00Z,Bet365,"WTA - US Open, New York, USA","Koevermans, Anouk","McNally, Caty",Spread (Games),1,hdp=5.5
2026-08-29T13:52:32Z,74150438,2026-08-31T15:00:00Z,Bet365,"WTA - US Open, New York, USA","Koevermans, Anouk","McNally, Caty",Totals (Aces),6,hdp=2.5 | hdp=4.5 | hdp=9.5 | hdp=0.5 | hdp=14.5 | hdp=19.5
2026-08-29T13:52:32Z,74150438,2026-08-31T15:00:00Z,Bet365,"WTA - US Open, New York, USA","Koevermans, Anouk","McNally, Caty",Team Total (Aces) Home,5,hdp=0.5 | hdp=2.5 | hdp=4.5 | hdp=9.5 | hdp=14.5
2026-08-29T13:52:32Z,74150438,2026-08-31T15:00:00Z,Bet365,"WTA - US Open, New York, USA","Koevermans, Anouk","McNally, Caty",Team Total (Games) Away,1,hdp=12.5
2026-08-29T13:52:32Z,74150438,2026-08-31T15:00:00Z,Bet365,"WTA - US Open, New York, USA","Koevermans, Anouk","McNally, Caty",Team Total (Games) Home,1,hdp=7.5
2026-08-29T13:52:32Z,74150438,2026-08-31T15:00:00Z,Bet365,"WTA - US Open, New York, USA","Koevermans, Anouk","McNally, Caty",Totals 1st Set,6,hdp=6.5 | hdp=10.5 | hdp=7.5 | hdp=8.5 | hdp=9.5 | hdp=12.5
2026-08-29T13:52:32Z,74150438,2026-08-31T15:00:00Z,Bet365,"WTA - US Open, New York, USA","Koevermans, Anouk","McNally, Caty",Team Total (Double Faults) Away,8,hdp=0.5 | hdp=1.5 | hdp=2.5 | hdp=4.5 | hdp=7.5 | hdp=9.5
2026-08-29T13:52:32Z,74150438,2026-08-31T15:00:00Z,Bet365,"WTA - US Open, New York, USA","Koevermans, Anouk","McNally, Caty",Team Total (Double Faults) Home,8,hdp=1.5 | hdp=2.5 | hdp=4.5 | hdp=7.5 | hdp=9.5 | hdp=11.5
2026-08-29T13:52:32Z,74150354,2026-08-31T15:00:00Z,Bet365,"ATP - US Open, New York, USA","Blockx, Alexander","Barrios Vera, Marcelo Tomas",ML,1,"{'home': '1.22', 'away': '4.33'}"
2026-08-29T13:52:32Z,74150354,2026-08-31T15:00:00Z,Bet365,"ATP - US Open, New York, USA","Blockx, Alexander","Barrios Vera, Marcelo Tomas",Team Total (Aces) Away,6,hdp=0.5 | hdp=19.5 | hdp=2.5 | hdp=4.5 | hdp=9.5 | hdp=14.5
2026-08-29T13:52:32Z,74150354,2026-08-31T15:00:00Z,Bet365,"ATP - US Open, New York, USA","Blockx, Alexander","Barrios Vera, Marcelo Tomas",Totals (Double Faults),9,hdp=2.5 | hdp=4.5 | hdp=7.5 | hdp=9.5 | hdp=11.5 | hdp=14.5
2026-08-29T13:52:32Z,74150354,2026-08-31T15:00:00Z,Bet365,"ATP - US Open, New York, USA","Blockx, Alexander","Barrios Vera, Marcelo Tomas",Totals (Aces),9,hdp=2.5 | hdp=4.5 | hdp=39.5 | hdp=49.5 | hdp=9.5 | hdp=14.5
2026-08-29T13:52:32Z,74150354,2026-08-31T15:00:00Z,Bet365,"ATP - US Open, New York, USA","Blockx, Alexander","Barrios Vera, Marcelo Tomas",Set Betting,6,label=3-0 (1) | label=3-1 (1) | label=3-2 (1) | label=3-0 (2) | label=3-1 (2) | label=3-2 (2)
2026-08-29T13:52:32Z,74150354,2026-08-31T15:00:00Z,Bet365,"ATP - US Open, New York, USA","Blockx, Alexander","Barrios Vera, Marcelo Tomas",Spread (Games),1,hdp=-5.5
2026-08-29T13:52:32Z,74150354,2026-08-31T15:00:00Z,Bet365,"ATP - US Open, New York, USA","Blockx, Alexander","Barrios Vera, Marcelo Tomas",Totals 1st Set,6,hdp=7.5 | hdp=8.5 | hdp=9.5 | hdp=10.5 | hdp=12.5 | hdp=6.5
2026-08-29T13:52:32Z,74150354,2026-08-31T15:00:00Z,Bet365,"ATP - US Open, New York, USA","Blockx, Alexander","Barrios Vera, Marcelo Tomas",Team Total (Aces) Home,8,hdp=2.5 | hdp=4.5 | hdp=39.5 | hdp=9.5 | hdp=14.5 | hdp=19.5
2026-08-29T13:52:32Z,74150354,2026-08-31T15:00:00Z,Bet365,"ATP - US Open, New York, USA","Blockx, Alexander","Barrios Vera, Marcelo Tomas",Team Total (Games) Away,1,hdp=16.5
2026-08-29T13:52:32Z,74150354,2026-08-31T15:00:00Z,Bet365,"ATP - US Open, New York, USA","Blockx, Alexander","Barrios Vera, Marcelo Tomas",Totals (Games),1,hdp=35.5
2026-08-29T13:52:32Z,74150354,2026-08-31T15:00:00Z,Bet365,"ATP - US Open, New York, USA","Blockx, Alexander","Barrios Vera, Marcelo Tomas",Team Total (Double Faults) Away,6,hdp=0.5 | hdp=1.5 | hdp=2.5 | hdp=4.5 | hdp=7.5 | hdp=9.5
2026-08-29T13:52:32Z,74150354,2026-08-31T15:00:00Z,Bet365,"ATP - US Open, New York, USA","Blockx, Alexander","Barrios Vera, Marcelo Tomas",Team Total (Double Faults) Home,7,hdp=0.5 | hdp=1.5 | hdp=2.5 | hdp=4.5 | hdp=7.5 | hdp=9.5
2026-08-29T13:52:32Z,74150354,2026-08-31T15:00:00Z,Bet365,"ATP - US Open, New York, USA","Blockx, Alexander","Barrios Vera, Marcelo Tomas",Team Total (Games) Home,1,hdp=19.5
2026-08-29T13:52:32Z,74150356,2026-08-31T15:00:00Z,Bet365,"ATP - US Open, New York, USA","Bellucci, Mattia","Piros, Zsombor",ML,1,"{'home': '1.44', 'away': '2.75'}"
2026-08-29T13:52:32Z,74150356,2026-08-31T15:00:00Z,Bet365,"ATP - US Open, New York, USA","Bellucci, Mattia","Piros, Zsombor",Spread (Games),1,hdp=-3.5
2026-08-29T13:52:32Z,74150356,2026-08-31T15:00:00Z,Bet365,"ATP - US Open, New York, USA","Bellucci, Mattia","Piros, Zsombor",Team Total (Aces) Home,8,hdp=0.5 | hdp=2.5 | hdp=4.5 | hdp=9.5 | hdp=14.5 | hdp=19.5
2026-08-29T13:52:32Z,74150356,2026-08-31T15:00:00Z,Bet365,"ATP - US Open, New York, USA","Bellucci, Mattia","Piros, Zsombor",Team Total (Double Faults) Away,8,hdp=9.5 | hdp=0.5 | hdp=1.5 | hdp=2.5 | hdp=4.5 | hdp=7.5
2026-08-29T13:52:32Z,74150356,2026-08-31T15:00:00Z,Bet365,"ATP - US Open, New York, USA","Bellucci, Mattia","Piros, Zsombor",Team Total (Games) Home,1,hdp=20.5
2026-08-29T13:52:32Z,74150356,2026-08-31T15:00:00Z,Bet365,"ATP - US Open, New York, USA","Bellucci, Mattia","Piros, Zsombor",Totals 1st Set,6,hdp=6.5 | hdp=7.5 | hdp=8.5 | hdp=9.5 | hdp=10.5 | hdp=12.5
2026-08-29T13:52:32Z,74150356,2026-08-31T15:00:00Z,Bet365,"ATP - US Open, New York, USA","Bellucci, Mattia","Piros, Zsombor",Totals (Double Faults),9,hdp=4.5 | hdp=9.5 | hdp=14.5 | hdp=19.5 | hdp=1.5 | hdp=2.5
2026-08-29T13:52:32Z,74150356,2026-08-31T15:00:00Z,Bet365,"ATP - US Open, New York, USA","Bellucci, Mattia","Piros, Zsombor",Totals (Games),1,hdp=39.5
2026-08-29T13:52:32Z,74150356,2026-08-31T15:00:00Z,Bet365,"ATP - US Open, New York, USA","Bellucci, Mattia","Piros, Zsombor",Set Betting,6,label=3-0 (1) | label=3-1 (1) | label=3-2 (1) | label=3-0 (2) | label=3-1 (2) | label=3-2 (2)
2026-08-29T13:52:32Z,74150356,2026-08-31T15:00:00Z,Bet365,"ATP - US Open, New York, USA","Bellucci, Mattia","Piros, Zsombor",Team Total (Aces) Away,7,hdp=0.5 | hdp=2.5 | hdp=4.5 | hdp=9.5 | hdp=14.5 | hdp=19.5
2026-08-29T13:52:32Z,74150356,2026-08-31T15:00:00Z,Bet365,"ATP - US Open, New York, USA","Bellucci, Mattia","Piros, Zsombor",Team Total (Double Faults) Home,8,hdp=1.5 | hdp=2.5 | hdp=4.5 | hdp=7.5 | hdp=9.5 | hdp=0.5
2026-08-29T13:52:32Z,74150356,2026-08-31T15:00:00Z,Bet365,"ATP - US Open, New York, USA","Bellucci, Mattia","Piros, Zsombor",Team Total (Games) Away,1,hdp=18.5
2026-08-29T13:52:32Z,74150356,2026-08-31T15:00:00Z,Bet365,"ATP - US Open, New York, USA","Bellucci, Mattia","Piros, Zsombor",Totals (Aces),9,hdp=2.5 | hdp=4.5 | hdp=9.5 | hdp=14.5 | hdp=19.5 | hdp=24.5
2026-08-29T13:52:32Z,74150426,2026-08-31T15:00:00Z,Bet365,"WTA - US Open, New York, USA","Dart, Harriet","Stearns, Peyton",ML,1,"{'home': '3.20', 'away': '1.36'}"
2026-08-29T13:52:32Z,74150426,2026-08-31T15:00:00Z,Bet365,"WTA - US Open, New York, USA","Dart, Harriet","Stearns, Peyton",Team Total (Games) Home,1,hdp=9.5
2026-08-29T13:52:32Z,74150426,2026-08-31T15:00:00Z,Bet365,"WTA - US Open, New York, USA","Dart, Harriet","Stearns, Peyton",Set Betting,4,label=2-0 (1) | label=2-1 (1) | label=2-0 (2) | label=2-1 (2)
2026-08-29T13:52:32Z,74150426,2026-08-31T15:00:00Z,Bet365,"WTA - US Open, New York, USA","Dart, Harriet","Stearns, Peyton",Spread (Games),1,hdp=4.5
2026-08-29T13:52:32Z,74150426,2026-08-31T15:00:00Z,Bet365,"WTA - US Open, New York, USA","Dart, Harriet","Stearns, Peyton",Team Total (Aces) Away,5,hdp=0.5 | hdp=2.5 | hdp=4.5 | hdp=9.5 | hdp=14.5
2026-08-29T13:52:32Z,74150426,2026-08-31T15:00:00Z,Bet365,"WTA - US Open, New York, USA","Dart, Harriet","Stearns, Peyton",Team Total (Aces) Home,5,hdp=0.5 | hdp=2.5 | hdp=4.5 | hdp=9.5 | hdp=14.5
2026-08-29T13:52:32Z,74150426,2026-08-31T15:00:00Z,Bet365,"WTA - US Open, New York, USA","Dart, Harriet","Stearns, Peyton",Totals (Games),1,hdp=20.5
2026-08-29T13:52:32Z,74150426,2026-08-31T15:00:00Z,Bet365,"WTA - US Open, New York, USA","Dart, Harriet","Stearns, Peyton",Totals (Aces),7,hdp=0.5 | hdp=2.5 | hdp=4.5 | hdp=9.5 | hdp=14.5 | hdp=19.5
2026-08-29T13:52:32Z,74150426,2026-08-31T15:00:00Z,Bet365,"WTA - US Open, New York, USA","Dart, Harriet","Stearns, Peyton",Team Total (Double Faults) Away,7,hdp=0.5 | hdp=1.5 | hdp=2.5 | hdp=4.5 | hdp=7.5 | hdp=9.5
2026-08-29T13:52:32Z,74150426,2026-08-31T15:00:00Z,Bet365,"WTA - US Open, New York, USA","Dart, Harriet","Stearns, Peyton",Team Total (Double Faults) Home,7,hdp=0.5 | hdp=1.5 | hdp=2.5 | hdp=4.5 | hdp=7.5 | hdp=9.5
2026-08-29T13:52:32Z,74150426,2026-08-31T15:00:00Z,Bet365,"WTA - US Open, New York, USA","Dart, Harriet","Stearns, Peyton",Team Total (Games) Away,1,hdp=12.5
2026-08-29T13:52:32Z,74150426,2026-08-31T15:00:00Z,Bet365,"WTA - US Open, New York, USA","Dart, Harriet","Stearns, Peyton",Totals 1st Set,6,hdp=6.5 | hdp=9.5 | hdp=10.5 | hdp=12.5 | hdp=7.5 | hdp=8.5
2026-08-29T13:52:32Z,74150426,2026-08-31T15:00:00Z,Bet365,"WTA - US Open, New York, USA","Dart, Harriet","Stearns, Peyton",Totals (Double Faults),8,hdp=1.5 | hdp=2.5 | hdp=4.5 | hdp=7.5 | hdp=9.5 | hdp=11.5
2026-08-29T13:52:32Z,74150428,2026-08-31T15:00:00Z,Bet365,"WTA - US Open, New York, USA","Kalinina, Anhelina","Sakatsume, Himeno",ML,1,"{'home': '1.30', 'away': '3.50'}"
2026-08-29T13:52:32Z,74150428,2026-08-31T15:00:00Z,Bet365,"WTA - US Open, New York, USA","Kalinina, Anhelina","Sakatsume, Himeno",Team Total (Games) Away,1,hdp=9.5
2026-08-29T13:52:32Z,74150428,2026-08-31T15:00:00Z,Bet365,"WTA - US Open, New York, USA","Kalinina, Anhelina","Sakatsume, Himeno",Totals 1st Set,6,hdp=6.5 | hdp=7.5 | hdp=8.5 | hdp=9.5 | hdp=10.5 | hdp=12.5
2026-08-29T13:52:32Z,74150428,2026-08-31T15:00:00Z,Bet365,"WTA - US Open, New York, USA","Kalinina, Anhelina","Sakatsume, Himeno",Set Betting,4,label=2-0 (1) | label=2-1 (1) | label=2-0 (2) | label=2-1 (2)
2026-08-29T13:52:32Z,74150428,2026-08-31T15:00:00Z,Bet365,"WTA - US Open, New York, USA","Kalinina, Anhelina","Sakatsume, Himeno",Spread (Games),1,hdp=-4.5
2026-08-29T13:52:32Z,74150428,2026-08-31T15:00:00Z,Bet365,"WTA - US Open, New York, USA","Kalinina, Anhelina","Sakatsume, Himeno",Team Total (Double Faults) Away,6,hdp=0.5 | hdp=1.5 | hdp=2.5 | hdp=4.5 | hdp=7.5 | hdp=9.5
2026-08-29T13:52:32Z,74150428,2026-08-31T15:00:00Z,Bet365,"WTA - US Open, New York, USA","Kalinina, Anhelina","Sakatsume, Himeno",Team Total (Double Faults) Home,8,hdp=0.5 | hdp=1.5 | hdp=2.5 | hdp=4.5 | hdp=7.5 | hdp=9.5
2026-08-29T13:52:32Z,74150428,2026-08-31T15:00:00Z,Bet365,"WTA - US Open, New York, USA","Kalinina, Anhelina","Sakatsume, Himeno",Team Total (Games) Home,1,hdp=12.5
2026-08-29T13:52:32Z,74150428,2026-08-31T15:00:00Z,Bet365,"WTA - US Open, New York, USA","Kalinina, Anhelina","Sakatsume, Himeno",Totals (Double Faults),9,hdp=0.5 | hdp=1.5 | hdp=2.5 | hdp=4.5 | hdp=7.5 | hdp=9.5
2026-08-29T13:52:32Z,74150428,2026-08-31T15:00:00Z,Bet365,"WTA - US Open, New York, USA","Kalinina, Anhelina","Sakatsume, Himeno",Totals (Games),1,hdp=21.5
2026-08-29T13:52:32Z,74150430,2026-08-31T15:00:00Z,Bet365,"WTA - US Open, New York, USA","Stoiana, Mary","Eala, Alexandra",ML,1,"{'home': '4.00', 'away': '1.25'}"
2026-08-29T13:52:32Z,74150430,2026-08-31T15:00:00Z,Bet365,"WTA - US Open, New York, USA","Stoiana, Mary","Eala, Alexandra",Totals (Double Faults),8,hdp=1.5 | hdp=2.5 | hdp=4.5 | hdp=7.5 | hdp=9.5 | hdp=11.5
2026-08-29T13:52:32Z,74150430,2026-08-31T15:00:00Z,Bet365,"WTA - US Open, New York, USA","Stoiana, Mary","Eala, Alexandra",Set Betting,4,label=2-0 (1) | label=2-1 (1) | label=2-0 (2) | label=2-1 (2)
2026-08-29T13:52:32Z,74150430,2026-08-31T15:00:00Z,Bet365,"WTA - US Open, New York, USA","Stoiana, Mary","Eala, Alexandra",Spread (Games),1,hdp=4.5
2026-08-29T13:52:32Z,74150430,2026-08-31T15:00:00Z,Bet365,"WTA - US Open, New York, USA","Stoiana, Mary","Eala, Alexandra",Team Total (Aces) Away,4,hdp=0.5 | hdp=2.5 | hdp=4.5 | hdp=9.5
2026-08-29T13:52:32Z,74150430,2026-08-31T15:00:00Z,Bet365,"WTA - US Open, New York, USA","Stoiana, Mary","Eala, Alexandra",Totals (Aces),6,hdp=0.5 | hdp=2.5 | hdp=4.5 | hdp=9.5 | hdp=14.5 | hdp=19.5
2026-08-29T13:52:32Z,74150430,2026-08-31T15:00:00Z,Bet365,"WTA - US Open, New York, USA","Stoiana, Mary","Eala, Alexandra",Totals (Games),1,hdp=20.5
2026-08-29T13:52:32Z,74150430,2026-08-31T15:00:00Z,Bet365,"WTA - US Open, New York, USA","Stoiana, Mary","Eala, Alexandra",Team Total (Aces) Home,5,hdp=0.5 | hdp=2.5 | hdp=4.5 | hdp=9.5 | hdp=14.5
2026-08-29T13:52:32Z,74150430,2026-08-31T15:00:00Z,Bet365,"WTA - US Open, New York, USA","Stoiana, Mary","Eala, Alexandra",Team Total (Double Faults) Away,6,hdp=0.5 | hdp=1.5 | hdp=2.5 | hdp=4.5 | hdp=7.5 | hdp=9.5
2026-08-29T13:52:32Z,74150430,2026-08-31T15:00:00Z,Bet365,"WTA - US Open, New York, USA","Stoiana, Mary","Eala, Alexandra",Team Total (Double Faults) Home,8,hdp=0.5 | hdp=1.5 | hdp=2.5 | hdp=4.5 | hdp=7.5 | hdp=9.5
2026-08-29T13:52:32Z,74150430,2026-08-31T15:00:00Z,Bet365,"WTA - US Open, New York, USA","Stoiana, Mary","Eala, Alexandra",Team Total (Games) Away,1,hdp=12.5
2026-08-29T13:52:32Z,74150430,2026-08-31T15:00:00Z,Bet365,"WTA - US Open, New York, USA","Stoiana, Mary","Eala, Alexandra",Team Total (Games) Home,1,hdp=8.5
2026-08-29T13:52:32Z,74150430,2026-08-31T15:00:00Z,Bet365,"WTA - US Open, New York, USA","Stoiana, Mary","Eala, Alexandra",Totals 1st Set,6,hdp=6.5 | hdp=7.5 | hdp=8.5 | hdp=9.5 | hdp=10.5 | hdp=12.5
2026-08-29T13:52:32Z,74150358,2026-08-31T15:00:00Z,Bet365,"ATP - US Open, New York, USA","Rodionov, Jurij","Mpetshi Perricard, Giovanni",ML,1,"{'home': '2.00', 'away': '1.80'}"
2026-08-29T13:52:32Z,74150358,2026-08-31T15:00:00Z,Bet365,"ATP - US Open, New York, USA","Rodionov, Jurij","Mpetshi Perricard, Giovanni",Set Betting,6,label=3-0 (1) | label=3-1 (1) | label=3-2 (1) | label=3-0 (2) | label=3-1 (2) | label=3-2 (2)
2026-08-29T13:52:32Z,74150358,2026-08-31T15:00:00Z,Bet365,"ATP - US Open, New York, USA","Rodionov, Jurij","Mpetshi Perricard, Giovanni",Spread (Games),1,hdp=2.5
2026-08-29T13:52:32Z,74150358,2026-08-31T15:00:00Z,Bet365,"ATP - US Open, New York, USA","Rodionov, Jurij","Mpetshi Perricard, Giovanni",Team Total (Aces) Home,9,hdp=0.5 | hdp=2.5 | hdp=4.5 | hdp=9.5 | hdp=14.5 | hdp=19.5
2026-08-29T13:52:32Z,74150358,2026-08-31T15:00:00Z,Bet365,"ATP - US Open, New York, USA","Rodionov, Jurij","Mpetshi Perricard, Giovanni",Team Total (Double Faults) Away,8,hdp=1.5 | hdp=2.5 | hdp=4.5 | hdp=7.5 | hdp=9.5 | hdp=11.5
2026-08-29T13:52:32Z,74150358,2026-08-31T15:00:00Z,Bet365,"ATP - US Open, New York, USA","Rodionov, Jurij","Mpetshi Perricard, Giovanni",Team Total (Double Faults) Home,7,hdp=0.5 | hdp=1.5 | hdp=2.5 | hdp=4.5 | hdp=7.5 | hdp=9.5
2026-08-29T13:52:32Z,74150358,2026-08-31T15:00:00Z,Bet365,"ATP - US Open, New York, USA","Rodionov, Jurij","Mpetshi Perricard, Giovanni",Team Total (Games) Away,1,hdp=21.5
2026-08-29T13:52:32Z,74150358,2026-08-31T15:00:00Z,Bet365,"ATP - US Open, New York, USA","Rodionov, Jurij","Mpetshi Perricard, Giovanni",Team Total (Games) Home,1,hdp=20.5
2026-08-29T13:52:32Z,74150358,2026-08-31T15:00:00Z,Bet365,"ATP - US Open, New York, USA","Rodionov, Jurij","Mpetshi Perricard, Giovanni",Team Total (Aces) Away,8,hdp=4.5 | hdp=9.5 | hdp=14.5 | hdp=19.5 | hdp=24.5 | hdp=29.5
2026-08-29T13:52:32Z,74150358,2026-08-31T15:00:00Z,Bet365,"ATP - US Open, New York, USA","Rodionov, Jurij","Mpetshi Perricard, Giovanni",Totals 1st Set,6,hdp=6.5 | hdp=7.5 | hdp=8.5 | hdp=9.5 | hdp=10.5 | hdp=12.5
2026-08-29T13:52:32Z,74150358,2026-08-31T15:00:00Z,Bet365,"ATP - US Open, New York, USA","Rodionov, Jurij","Mpetshi Perricard, Giovanni",Totals (Aces),7,hdp=9.5 | hdp=14.5 | hdp=19.5 | hdp=24.5 | hdp=29.5 | hdp=39.5
2026-08-29T13:52:32Z,74150358,2026-08-31T15:00:00Z,Bet365,"ATP - US Open, New York, USA","Rodionov, Jurij","Mpetshi Perricard, Giovanni",Totals (Double Faults),9,hdp=4.5 | hdp=7.5 | hdp=9.5 | hdp=11.5 | hdp=14.5 | hdp=19.5
2026-08-29T13:52:32Z,74150358,2026-08-31T15:00:00Z,Bet365,"ATP - US Open, New York, USA","Rodionov, Jurij","Mpetshi Perricard, Giovanni",Totals (Games),1,hdp=41.5
2026-08-29T13:52:32Z,74150362,2026-08-31T15:00:00Z,Bet365,"ATP - US Open, New York, USA","Guerrieri, Andrea","de Minaur, Alex",ML,1,"{'home': '13.00', 'away': '1.04'}"
2026-08-29T13:52:32Z,74150362,2026-08-31T15:00:00Z,Bet365,"ATP - US Open, New York, USA","Guerrieri, Andrea","de Minaur, Alex",Set Betting,6,label=3-0 (1) | label=3-1 (1) | label=3-2 (1) | label=3-0 (2) | label=3-1 (2) | label=3-2 (2)
2026-08-29T13:52:32Z,74150362,2026-08-31T15:00:00Z,Bet365,"ATP - US Open, New York, USA","Guerrieri, Andrea","de Minaur, Alex",Totals (Aces),8,hdp=2.5 | hdp=4.5 | hdp=9.5 | hdp=14.5 | hdp=19.5 | hdp=24.5
2026-08-29T13:52:32Z,74150362,2026-08-31T15:00:00Z,Bet365,"ATP - US Open, New York, USA","Guerrieri, Andrea","de Minaur, Alex",Team Total (Games) Away,1,hdp=18.5
2026-08-29T13:52:32Z,74150362,2026-08-31T15:00:00Z,Bet365,"ATP - US Open, New York, USA","Guerrieri, Andrea","de Minaur, Alex",Team Total (Double Faults) Away,7,hdp=0.5 | hdp=1.5 | hdp=2.5 | hdp=4.5 | hdp=7.5 | hdp=9.5
2026-08-29T13:52:32Z,74150362,2026-08-31T15:00:00Z,Bet365,"ATP - US Open, New York, USA","Guerrieri, Andrea","de Minaur, Alex",Team Total (Double Faults) Home,8,hdp=1.5 | hdp=2.5 | hdp=4.5 | hdp=7.5 | hdp=9.5 | hdp=11.5
2026-08-29T13:52:32Z,74150362,2026-08-31T15:00:00Z,Bet365,"ATP - US Open, New York, USA","Guerrieri, Andrea","de Minaur, Alex",Team Total (Games) Home,1,hdp=10.5
2026-08-29T13:52:32Z,74150362,2026-08-31T15:00:00Z,Bet365,"ATP - US Open, New York, USA","Guerrieri, Andrea","de Minaur, Alex",Totals (Double Faults),8,hdp=2.5 | hdp=4.5 | hdp=7.5 | hdp=9.5 | hdp=11.5 | hdp=14.5
2026-08-29T13:52:32Z,74150362,2026-08-31T15:00:00Z,Bet365,"ATP - US Open, New York, USA","Guerrieri, Andrea","de Minaur, Alex",Totals (Games),1,hdp=28.5
2026-08-29T13:52:32Z,74150362,2026-08-31T15:00:00Z,Bet365,"ATP - US Open, New York, USA","Guerrieri, Andrea","de Minaur, Alex",Totals 1st Set,6,hdp=6.5 | hdp=8.5 | hdp=10.5 | hdp=12.5 | hdp=7.5 | hdp=9.5
2026-08-29T13:52:32Z,74150362,2026-08-31T15:00:00Z,Bet365,"ATP - US Open, New York, USA","Guerrieri, Andrea","de Minaur, Alex",Spread (Games),1,hdp=8.5
2026-08-29T13:52:32Z,74150362,2026-08-31T15:00:00Z,Bet365,"ATP - US Open, New York, USA","Guerrieri, Andrea","de Minaur, Alex",Team Total (Aces) Away,7,hdp=0.5 | hdp=2.5 | hdp=4.5 | hdp=9.5 | hdp=14.5 | hdp=19.5
2026-08-29T13:52:32Z,74150362,2026-08-31T15:00:00Z,Bet365,"ATP - US Open, New York, USA","Guerrieri, Andrea","de Minaur, Alex",Team Total (Aces) Home,6,hdp=0.5 | hdp=2.5 | hdp=4.5 | hdp=9.5 | hdp=14.5 | hdp=19.5
2026-08-29T13:52:32Z,74150368,2026-08-31T15:00:00Z,Bet365,"ATP - US Open, New York, USA","Darderi, Luciano","Wendelken, Harry",ML,1,"{'home': '1.30', 'away': '3.50'}"
2026-08-29T13:52:32Z,74150368,2026-08-31T15:00:00Z,Bet365,"ATP - US Open, New York, USA","Darderi, Luciano","Wendelken, Harry",Team Total (Double Faults) Away,8,hdp=0.5 | hdp=1.5 | hdp=2.5 | hdp=4.5 | hdp=7.5 | hdp=9.5
2026-08-29T13:52:32Z,74150368,2026-08-31T15:00:00Z,Bet365,"ATP - US Open, New York, USA","Darderi, Luciano","Wendelken, Harry",Set Betting,6,label=3-0 (1) | label=3-1 (1) | label=3-2 (1) | label=3-0 (2) | label=3-1 (2) | label=3-2 (2)
2026-08-29T13:52:32Z,74150368,2026-08-31T15:00:00Z,Bet365,"ATP - US Open, New York, USA","Darderi, Luciano","Wendelken, Harry",Team Total (Games) Home,1,hdp=20.5
2026-08-29T13:52:32Z,74150368,2026-08-31T15:00:00Z,Bet365,"ATP - US Open, New York, USA","Darderi, Luciano","Wendelken, Harry",Team Total (Double Faults) Home,9,hdp=0.5 | hdp=1.5 | hdp=2.5 | hdp=4.5 | hdp=7.5 | hdp=9.5
2026-08-29T13:52:32Z,74150368,2026-08-31T15:00:00Z,Bet365,"ATP - US Open, New York, USA","Darderi, Luciano","Wendelken, Harry",Team Total (Games) Away,1,hdp=18.5
2026-08-29T13:52:32Z,74150368,2026-08-31T15:00:00Z,Bet365,"ATP - US Open, New York, USA","Darderi, Luciano","Wendelken, Harry",Totals 1st Set,6,hdp=6.5 | hdp=7.5 | hdp=8.5 | hdp=9.5 | hdp=10.5 | hdp=12.5
2026-08-29T13:52:32Z,74150368,2026-08-31T15:00:00Z,Bet365,"ATP - US Open, New York, USA","Darderi, Luciano","Wendelken, Harry",Totals (Double Faults),8,hdp=2.5 | hdp=4.5 | hdp=7.5 | hdp=9.5 | hdp=11.5 | hdp=14.5
2026-08-29T13:52:32Z,74150368,2026-08-31T15:00:00Z,Bet365,"ATP - US Open, New York, USA","Darderi, Luciano","Wendelken, Harry",Totals (Games),1,hdp=38.5
2026-08-29T13:52:32Z,74150368,2026-08-31T15:00:00Z,Bet365,"ATP - US Open, New York, USA","Darderi, Luciano","Wendelken, Harry",Totals (Aces),8,hdp=4.5 | hdp=9.5 | hdp=14.5 | hdp=19.5 | hdp=24.5 | hdp=29.5
2026-08-29T13:52:32Z,74150368,2026-08-31T15:00:00Z,Bet365,"ATP - US Open, New York, USA","Darderi, Luciano","Wendelken, Harry",Spread (Games),1,hdp=-4.5
2026-08-29T13:52:32Z,74150368,2026-08-31T15:00:00Z,Bet365,"ATP - US Open, New York, USA","Darderi, Luciano","Wendelken, Harry",Team Total (Aces) Away,8,hdp=0.5 | hdp=2.5 | hdp=4.5 | hdp=9.5 | hdp=14.5 | hdp=19.5
2026-08-29T13:52:32Z,74150368,2026-08-31T15:00:00Z,Bet365,"ATP - US Open, New York, USA","Darderi, Luciano","Wendelken, Harry",Team Total (Aces) Home,8,hdp=0.5 | hdp=2.5 | hdp=4.5 | hdp=9.5 | hdp=14.5 | hdp=19.5
2026-08-29T13:52:32Z,74150370,2026-08-31T15:00:00Z,Bet365,"ATP - US Open, New York, USA","Dimitrov, Grigor","Popyrin, Alexei",ML,1,"{'home': '1.53', 'away': '2.50'}"
2026-08-29T13:52:32Z,74150370,2026-08-31T15:00:00Z,Bet365,"ATP - US Open, New York, USA","Dimitrov, Grigor","Popyrin, Alexei",Set Betting,6,label=3-0 (1) | label=3-1 (1) | label=3-2 (1) | label=3-0 (2) | label=3-1 (2) | label=3-2 (2)
2026-08-29T13:52:32Z,74150370,2026-08-31T15:00:00Z,Bet365,"ATP - US Open, New York, USA","Dimitrov, Grigor","Popyrin, Alexei",Team Total (Double Faults) Home,9,hdp=1.5 | hdp=2.5 | hdp=4.5 | hdp=7.5 | hdp=9.5 | hdp=11.5
2026-08-29T13:52:32Z,74150370,2026-08-31T15:00:00Z,Bet365,"ATP - US Open, New York, USA","Dimitrov, Grigor","Popyrin, Alexei",Team Total (Games) Away,1,hdp=19.5
2026-08-29T13:52:32Z,74150370,2026-08-31T15:00:00Z,Bet365,"ATP - US Open, New York, USA","Dimitrov, Grigor","Popyrin, Alexei",Totals (Games),1,hdp=40.5
2026-08-29T13:52:32Z,74150370,2026-08-31T15:00:00Z,Bet365,"ATP - US Open, New York, USA","Dimitrov, Grigor","Popyrin, Alexei",Team Total (Double Faults) Away,8,hdp=0.5 | hdp=1.5 | hdp=2.5 | hdp=4.5 | hdp=7.5 | hdp=9.5
2026-08-29T13:52:32Z,74150370,2026-08-31T15:00:00Z,Bet365,"ATP - US Open, New York, USA","Dimitrov, Grigor","Popyrin, Alexei",Team Total (Aces) Home,8,hdp=2.5 | hdp=4.5 | hdp=9.5 | hdp=14.5 | hdp=19.5 | hdp=24.5
2026-08-29T13:52:32Z,74150370,2026-08-31T15:00:00Z,Bet365,"ATP - US Open, New York, USA","Dimitrov, Grigor","Popyrin, Alexei",Team Total (Games) Home,1,hdp=21.5
2026-08-29T13:52:32Z,74150370,2026-08-31T15:00:00Z,Bet365,"ATP - US Open, New York, USA","Dimitrov, Grigor","Popyrin, Alexei",Totals 1st Set,6,hdp=6.5 | hdp=7.5 | hdp=8.5 | hdp=9.5 | hdp=10.5 | hdp=12.5
2026-08-29T13:52:32Z,74150370,2026-08-31T15:00:00Z,Bet365,"ATP - US Open, New York, USA","Dimitrov, Grigor","Popyrin, Alexei",Totals (Aces),7,hdp=9.5 | hdp=14.5 | hdp=19.5 | hdp=24.5 | hdp=29.5 | hdp=39.5
2026-08-29T13:52:32Z,74150370,2026-08-31T15:00:00Z,Bet365,"ATP - US Open, New York, USA","Dimitrov, Grigor","Popyrin, Alexei",Totals (Double Faults),7,hdp=4.5 | hdp=7.5 | hdp=9.5 | hdp=11.5 | hdp=14.5 | hdp=19.5
2026-08-29T13:52:32Z,74150370,2026-08-31T15:00:00Z,Bet365,"ATP - US Open, New York, USA","Dimitrov, Grigor","Popyrin, Alexei",Spread (Games),1,hdp=-2.5
2026-08-29T13:52:32Z,74150370,2026-08-31T15:00:00Z,Bet365,"ATP - US Open, New York, USA","Dimitrov, Grigor","Popyrin, Alexei",Team Total (Aces) Away,9,hdp=0.5 | hdp=2.5 | hdp=4.5 | hdp=9.5 | hdp=14.5 | hdp=19.5
2026-08-29T13:52:32Z,74124710,2026-08-31T15:00:00Z,Bet365,"ATP - US Open, New York, USA","Arnaldi, Matteo","Duckworth, James",ML,1,"{'home': '1.57', 'away': '2.37'}"
2026-08-29T13:52:32Z,74124710,2026-08-31T15:00:00Z,Bet365,"ATP - US Open, New York, USA","Arnaldi, Matteo","Duckworth, James",Set Betting,6,label=3-0 (1) | label=3-1 (1) | label=3-2 (1) | label=3-0 (2) | label=3-1 (2) | label=3-2 (2)
2026-08-29T13:52:32Z,74124710,2026-08-31T15:00:00Z,Bet365,"ATP - US Open, New York, USA","Arnaldi, Matteo","Duckworth, James",Spread (Games),1,hdp=-2.5
2026-08-29T13:52:32Z,74124710,2026-08-31T15:00:00Z,Bet365,"ATP - US Open, New York, USA","Arnaldi, Matteo","Duckworth, James",Team Total (Games) Away,1,hdp=19.5
2026-08-29T13:52:32Z,74124710,2026-08-31T15:00:00Z,Bet365,"ATP - US Open, New York, USA","Arnaldi, Matteo","Duckworth, James",Team Total (Games) Home,1,hdp=20.5
2026-08-29T13:52:32Z,74124710,2026-08-31T15:00:00Z,Bet365,"ATP - US Open, New York, USA","Arnaldi, Matteo","Duckworth, James",Totals 1st Set,6,hdp=6.5 | hdp=7.5 | hdp=8.5 | hdp=9.5 | hdp=10.5 | hdp=12.5
2026-08-29T13:52:32Z,74124710,2026-08-31T15:00:00Z,Bet365,"ATP - US Open, New York, USA","Arnaldi, Matteo","Duckworth, James",Totals (Games),1,hdp=39.5
2026-08-29T13:52:32Z,74124718,2026-08-31T15:00:00Z,Bet365,"ATP - US Open, New York, USA","Tsitsipas, Stefanos","Fils, Arthur",ML,1,"{'home': '4.33', 'away': '1.22'}"
2026-08-29T13:52:32Z,74124718,2026-08-31T15:00:00Z,Bet365,"ATP - US Open, New York, USA","Tsitsipas, Stefanos","Fils, Arthur",Set Betting,6,label=3-0 (1) | label=3-1 (1) | label=3-2 (1) | label=3-0 (2) | label=3-1 (2) | label=3-2 (2)
2026-08-29T13:52:32Z,74124718,2026-08-31T15:00:00Z,Bet365,"ATP - US Open, New York, USA","Tsitsipas, Stefanos","Fils, Arthur",Totals 1st Set,6,hdp=6.5 | hdp=7.5 | hdp=8.5 | hdp=9.5 | hdp=10.5 | hdp=12.5
2026-08-29T13:52:32Z,74124718,2026-08-31T15:00:00Z,Bet365,"ATP - US Open, New York, USA","Tsitsipas, Stefanos","Fils, Arthur",Totals (Double Faults),9,hdp=1.5 | hdp=2.5 | hdp=4.5 | hdp=7.5 | hdp=9.5 | hdp=11.5
2026-08-29T13:52:32Z,74124718,2026-08-31T15:00:00Z,Bet365,"ATP - US Open, New York, USA","Tsitsipas, Stefanos","Fils, Arthur",Totals (Games),1,hdp=36.5
2026-08-29T13:52:32Z,74124718,2026-08-31T15:00:00Z,Bet365,"ATP - US Open, New York, USA","Tsitsipas, Stefanos","Fils, Arthur",Team Total (Double Faults) Away,7,hdp=0.5 | hdp=1.5 | hdp=2.5 | hdp=4.5 | hdp=7.5 | hdp=9.5
2026-08-29T13:52:32Z,74124718,2026-08-31T15:00:00Z,Bet365,"ATP - US Open, New York, USA","Tsitsipas, Stefanos","Fils, Arthur",Spread (Games),1,hdp=5.5
2026-08-29T13:52:32Z,74124718,2026-08-31T15:00:00Z,Bet365,"ATP - US Open, New York, USA","Tsitsipas, Stefanos","Fils, Arthur",Team Total (Aces) Away,8,hdp=0.5 | hdp=2.5 | hdp=4.5 | hdp=9.5 | hdp=14.5 | hdp=19.5
2026-08-29T13:52:32Z,74124718,2026-08-31T15:00:00Z,Bet365,"ATP - US Open, New York, USA","Tsitsipas, Stefanos","Fils, Arthur",Team Total (Aces) Home,9,hdp=0.5 | hdp=2.5 | hdp=4.5 | hdp=9.5 | hdp=14.5 | hdp=19.5
2026-08-29T13:52:32Z,74124718,2026-08-31T15:00:00Z,Bet365,"ATP - US Open, New York, USA","Tsitsipas, Stefanos","Fils, Arthur",Team Total (Double Faults) Home,8,hdp=0.5 | hdp=1.5 | hdp=2.5 | hdp=4.5 | hdp=7.5 | hdp=9.5
2026-08-29T13:52:32Z,74124718,2026-08-31T15:00:00Z,Bet365,"ATP - US Open, New York, USA","Tsitsipas, Stefanos","Fils, Arthur",Team Total (Games) Away,1,hdp=20.5
2026-08-29T13:52:32Z,74124718,2026-08-31T15:00:00Z,Bet365,"ATP - US Open, New York, USA","Tsitsipas, Stefanos","Fils, Arthur",Team Total (Games) Home,1,hdp=16.5
2026-08-29T13:52:32Z,74124718,2026-08-31T15:00:00Z,Bet365,"ATP - US Open, New York, USA","Tsitsipas, Stefanos","Fils, Arthur",Totals (Aces),8,hdp=4.5 | hdp=9.5 | hdp=14.5 | hdp=19.5 | hdp=24.5 | hdp=29.5
2026-08-29T13:52:32Z,74150360,2026-08-31T15:00:00Z,Bet365,"ATP - US Open, New York, USA","Mensik, Jakub","Mochizuki, Shintaro",ML,1,"{'home': '1.10', 'away': '7.00'}"
2026-08-29T13:52:32Z,74150360,2026-08-31T15:00:00Z,Bet365,"ATP - US Open, New York, USA","Mensik, Jakub","Mochizuki, Shintaro",Set Betting,6,label=3-0 (1) | label=3-1 (1) | label=3-2 (1) | label=3-0 (2) | label=3-1 (2) | label=3-2 (2)
2026-08-29T13:52:32Z,74150360,2026-08-31T15:00:00Z,Bet365,"ATP - US Open, New York, USA","Mensik, Jakub","Mochizuki, Shintaro",Team Total (Games) Home,1,hdp=19.5
2026-08-29T13:52:32Z,74150360,2026-08-31T15:00:00Z,Bet365,"ATP - US Open, New York, USA","Mensik, Jakub","Mochizuki, Shintaro",Totals 1st Set,6,hdp=6.5 | hdp=7.5 | hdp=8.5 | hdp=9.5 | hdp=10.5 | hdp=12.5
2026-08-29T13:52:32Z,74150360,2026-08-31T15:00:00Z,Bet365,"ATP - US Open, New York, USA","Mensik, Jakub","Mochizuki, Shintaro",Totals (Double Faults),7,hdp=4.5 | hdp=7.5 | hdp=9.5 | hdp=11.5 | hdp=14.5 | hdp=19.5
2026-08-29T13:52:32Z,74150360,2026-08-31T15:00:00Z,Bet365,"ATP - US Open, New York, USA","Mensik, Jakub","Mochizuki, Shintaro",Team Total (Double Faults) Away,8,hdp=1.5 | hdp=2.5 | hdp=4.5 | hdp=7.5 | hdp=9.5 | hdp=11.5
2026-08-29T13:52:32Z,74150360,2026-08-31T15:00:00Z,Bet365,"ATP - US Open, New York, USA","Mensik, Jakub","Mochizuki, Shintaro",Team Total (Aces) Away,6,hdp=0.5 | hdp=2.5 | hdp=4.5 | hdp=9.5 | hdp=14.5 | hdp=19.5
2026-08-29T13:52:32Z,74150360,2026-08-31T15:00:00Z,Bet365,"ATP - US Open, New York, USA","Mensik, Jakub","Mochizuki, Shintaro",Spread (Games),1,hdp=-7.5
2026-08-29T13:52:32Z,74150360,2026-08-31T15:00:00Z,Bet365,"ATP - US Open, New York, USA","Mensik, Jakub","Mochizuki, Shintaro",Team Total (Aces) Home,9,hdp=2.5 | hdp=4.5 | hdp=9.5 | hdp=14.5 | hdp=19.5 | hdp=24.5
2026-08-29T13:52:32Z,74150360,2026-08-31T15:00:00Z,Bet365,"ATP - US Open, New York, USA","Mensik, Jakub","Mochizuki, Shintaro",Team Total (Double Faults) Home,8,hdp=0.5 | hdp=1.5 | hdp=2.5 | hdp=4.5 | hdp=7.5 | hdp=9.5
2026-08-29T13:52:32Z,74150360,2026-08-31T15:00:00Z,Bet365,"ATP - US Open, New York, USA","Mensik, Jakub","Mochizuki, Shintaro",Team Total (Games) Away,1,hdp=12.5
2026-08-29T13:52:32Z,74150360,2026-08-31T15:00:00Z,Bet365,"ATP - US Open, New York, USA","Mensik, Jakub","Mochizuki, Shintaro",Totals (Aces),8,hdp=4.5 | hdp=9.5 | hdp=14.5 | hdp=19.5 | hdp=24.5 | hdp=29.5
2026-08-29T13:52:32Z,74150360,2026-08-31T15:00:00Z,Bet365,"ATP - US Open, New York, USA","Mensik, Jakub","Mochizuki, Shintaro",Totals (Games),1,hdp=31.5
2026-08-29T13:52:32Z,74150364,2026-08-31T15:00:00Z,Bet365,"ATP - US Open, New York, USA","De Jong, Jesper","Passaro, Francesco",ML,1,"{'home': '1.66', 'away': '2.20'}"
2026-08-29T13:52:32Z,74150364,2026-08-31T15:00:00Z,Bet365,"ATP - US Open, New York, USA","De Jong, Jesper","Passaro, Francesco",Set Betting,6,label=3-0 (1) | label=3-1 (1) | label=3-2 (1) | label=3-0 (2) | label=3-1 (2) | label=3-2 (2)
2026-08-29T13:52:32Z,74150364,2026-08-31T15:00:00Z,Bet365,"ATP - US Open, New York, USA","De Jong, Jesper","Passaro, Francesco",Spread (Games),1,hdp=-2.5
2026-08-29T13:52:32Z,74150364,2026-08-31T15:00:00Z,Bet365,"ATP - US Open, New York, USA","De Jong, Jesper","Passaro, Francesco",Team Total (Aces) Away,9,hdp=0.5 | hdp=2.5 | hdp=4.5 | hdp=9.5 | hdp=14.5 | hdp=19.5
2026-08-29T13:52:32Z,74150364,2026-08-31T15:00:00Z,Bet365,"ATP - US Open, New York, USA","De Jong, Jesper","Passaro, Francesco",Team Total (Aces) Home,9,hdp=0.5 | hdp=2.5 | hdp=4.5 | hdp=9.5 | hdp=14.5 | hdp=19.5
2026-08-29T13:52:32Z,74150364,2026-08-31T15:00:00Z,Bet365,"ATP - US Open, New York, USA","De Jong, Jesper","Passaro, Francesco",Team Total (Games) Away,1,hdp=19.5
2026-08-29T13:52:32Z,74150364,2026-08-31T15:00:00Z,Bet365,"ATP - US Open, New York, USA","De Jong, Jesper","Passaro, Francesco",Team Total (Games) Home,1,hdp=20.5
2026-08-29T13:52:32Z,74150364,2026-08-31T15:00:00Z,Bet365,"ATP - US Open, New York, USA","De Jong, Jesper","Passaro, Francesco",Totals 1st Set,6,hdp=6.5 | hdp=7.5 | hdp=8.5 | hdp=9.5 | hdp=10.5 | hdp=12.5
2026-08-29T13:52:32Z,74150364,2026-08-31T15:00:00Z,Bet365,"ATP - US Open, New York, USA","De Jong, Jesper","Passaro, Francesco",Totals (Aces),8,hdp=4.5 | hdp=9.5 | hdp=14.5 | hdp=19.5 | hdp=24.5 | hdp=29.5
2026-08-29T13:52:32Z,74150364,2026-08-31T15:00:00Z,Bet365,"ATP - US Open, New York, USA","De Jong, Jesper","Passaro, Francesco",Totals (Games),1,hdp=39.5
2026-08-29T13:52:32Z,74150366,2026-08-31T15:00:00Z,Bet365,"ATP - US Open, New York, USA","Svrcina, Dalibor","Royer, Valentin",ML,1,"{'home': '1.90', 'away': '1.90'}"
2026-08-29T13:52:32Z,74150366,2026-08-31T15:00:00Z,Bet365,"ATP - US Open, New York, USA","Svrcina, Dalibor","Royer, Valentin",Team Total (Games) Away,1,hdp=19.5
2026-08-29T13:52:32Z,74150366,2026-08-31T15:00:00Z,Bet365,"ATP - US Open, New York, USA","Svrcina, Dalibor","Royer, Valentin",Totals 1st Set,6,hdp=6.5 | hdp=7.5 | hdp=8.5 | hdp=9.5 | hdp=10.5 | hdp=12.5
2026-08-29T13:52:32Z,74150366,2026-08-31T15:00:00Z,Bet365,"ATP - US Open, New York, USA","Svrcina, Dalibor","Royer, Valentin",Totals (Double Faults),8,hdp=2.5 | hdp=4.5 | hdp=7.5 | hdp=9.5 | hdp=11.5 | hdp=14.5
2026-08-29T13:52:32Z,74150366,2026-08-31T15:00:00Z,Bet365,"ATP - US Open, New York, USA","Svrcina, Dalibor","Royer, Valentin",Set Betting,6,label=3-0 (1) | label=3-1 (1) | label=3-2 (1) | label=3-0 (2) | label=3-1 (2) | label=3-2 (2)
2026-08-29T13:52:32Z,74150366,2026-08-31T15:00:00Z,Bet365,"ATP - US Open, New York, USA","Svrcina, Dalibor","Royer, Valentin",Spread (Games),1,hdp=0.5
2026-08-29T13:52:32Z,74150366,2026-08-31T15:00:00Z,Bet365,"ATP - US Open, New York, USA","Svrcina, Dalibor","Royer, Valentin",Team Total (Double Faults) Away,7,hdp=0.5 | hdp=1.5 | hdp=2.5 | hdp=4.5 | hdp=7.5 | hdp=9.5
2026-08-29T13:52:32Z,74150366,2026-08-31T15:00:00Z,Bet365,"ATP - US Open, New York, USA","Svrcina, Dalibor","Royer, Valentin",Team Total (Double Faults) Home,10,hdp=0.5 | hdp=1.5 | hdp=2.5 | hdp=4.5 | hdp=7.5 | hdp=9.5
2026-08-29T13:52:32Z,74150366,2026-08-31T15:00:00Z,Bet365,"ATP - US Open, New York, USA","Svrcina, Dalibor","Royer, Valentin",Team Total (Games) Home,1,hdp=19.5
2026-08-29T13:52:32Z,74150366,2026-08-31T15:00:00Z,Bet365,"ATP - US Open, New York, USA","Svrcina, Dalibor","Royer, Valentin",Totals (Games),1,hdp=39.5
2026-08-29T13:52:32Z,74124726,2026-08-31T15:00:00Z,Bet365,"ATP - US Open, New York, USA","Dzumhur, Damir","Hurkacz, Hubert",ML,1,"{'home': '8.00', 'away': '1.08'}"
2026-08-29T13:52:32Z,74124726,2026-08-31T15:00:00Z,Bet365,"ATP - US Open, New York, USA","Dzumhur, Damir","Hurkacz, Hubert",Totals (Aces),8,hdp=4.5 | hdp=9.5 | hdp=14.5 | hdp=19.5 | hdp=24.5 | hdp=29.5
2026-08-29T13:52:32Z,74124726,2026-08-31T15:00:00Z,Bet365,"ATP - US Open, New York, USA","Dzumhur, Damir","Hurkacz, Hubert",Totals (Games),1,hdp=32.5
2026-08-29T13:52:32Z,74124726,2026-08-31T15:00:00Z,Bet365,"ATP - US Open, New York, USA","Dzumhur, Damir","Hurkacz, Hubert",Team Total (Aces) Away,9,hdp=2.5 | hdp=4.5 | hdp=9.5 | hdp=14.5 | hdp=19.5 | hdp=24.5
2026-08-29T13:52:32Z,74124726,2026-08-31T15:00:00Z,Bet365,"ATP - US Open, New York, USA","Dzumhur, Damir","Hurkacz, Hubert",Team Total (Games) Away,1,hdp=19.5
2026-08-29T13:52:32Z,74124726,2026-08-31T15:00:00Z,Bet365,"ATP - US Open, New York, USA","Dzumhur, Damir","Hurkacz, Hubert",Totals 1st Set,6,hdp=6.5 | hdp=7.5 | hdp=8.5 | hdp=9.5 | hdp=10.5 | hdp=12.5
2026-08-29T13:52:32Z,74124726,2026-08-31T15:00:00Z,Bet365,"ATP - US Open, New York, USA","Dzumhur, Damir","Hurkacz, Hubert",Totals (Double Faults),8,hdp=0.5 | hdp=1.5 | hdp=2.5 | hdp=4.5 | hdp=7.5 | hdp=9.5
2026-08-29T13:52:32Z,74124726,2026-08-31T15:00:00Z,Bet365,"ATP - US Open, New York, USA","Dzumhur, Damir","Hurkacz, Hubert",Set Betting,6,label=3-0 (1) | label=3-1 (1) | label=3-2 (1) | label=3-0 (2) | label=3-1 (2) | label=3-2 (2)
2026-08-29T13:52:32Z,74124726,2026-08-31T15:00:00Z,Bet365,"ATP - US Open, New York, USA","Dzumhur, Damir","Hurkacz, Hubert",Spread (Games),1,hdp=7.5
2026-08-29T13:52:32Z,74124726,2026-08-31T15:00:00Z,Bet365,"ATP - US Open, New York, USA","Dzumhur, Damir","Hurkacz, Hubert",Team Total (Aces) Home,5,hdp=0.5 | hdp=2.5 | hdp=4.5 | hdp=9.5 | hdp=14.5
2026-08-29T13:52:32Z,74124726,2026-08-31T15:00:00Z,Bet365,"ATP - US Open, New York, USA","Dzumhur, Damir","Hurkacz, Hubert",Team Total (Double Faults) Away,6,hdp=0.5 | hdp=1.5 | hdp=2.5 | hdp=4.5 | hdp=7.5 | hdp=9.5
2026-08-29T13:52:32Z,74124726,2026-08-31T15:00:00Z,Bet365,"ATP - US Open, New York, USA","Dzumhur, Damir","Hurkacz, Hubert",Team Total (Double Faults) Home,6,hdp=0.5 | hdp=1.5 | hdp=2.5 | hdp=4.5 | hdp=7.5 | hdp=9.5
2026-08-29T13:52:32Z,74124726,2026-08-31T15:00:00Z,Bet365,"ATP - US Open, New York, USA","Dzumhur, Damir","Hurkacz, Hubert",Team Total (Games) Home,1,hdp=12.5
2026-08-29T13:52:32Z,74124732,2026-08-31T15:00:00Z,Bet365,"ATP - US Open, New York, USA","Berrettini, Matteo","Wawrinka, Stan",ML,1,"{'home': '1.25', 'away': '4.00'}"
2026-08-29T13:52:32Z,74124732,2026-08-31T15:00:00Z,Bet365,"ATP - US Open, New York, USA","Berrettini, Matteo","Wawrinka, Stan",Set Betting,6,label=3-0 (1) | label=3-1 (1) | label=3-2 (1) | label=3-0 (2) | label=3-1 (2) | label=3-2 (2)
2026-08-29T13:52:32Z,74124732,2026-08-31T15:00:00Z,Bet365,"ATP - US Open, New York, USA","Berrettini, Matteo","Wawrinka, Stan",Spread (Games),1,hdp=-4.5
2026-08-29T13:52:32Z,74124732,2026-08-31T15:00:00Z,Bet365,"ATP - US Open, New York, USA","Berrettini, Matteo","Wawrinka, Stan",Team Total (Games) Away,1,hdp=18.5
2026-08-29T13:52:32Z,74124732,2026-08-31T15:00:00Z,Bet365,"ATP - US Open, New York, USA","Berrettini, Matteo","Wawrinka, Stan",Team Total (Games) Home,1,hdp=21.5
2026-08-29T13:52:32Z,74124732,2026-08-31T15:00:00Z,Bet365,"ATP - US Open, New York, USA","Berrettini, Matteo","Wawrinka, Stan",Totals 1st Set,6,hdp=6.5 | hdp=7.5 | hdp=8.5 | hdp=9.5 | hdp=10.5 | hdp=12.5
2026-08-29T13:52:32Z,74124732,2026-08-31T15:00:00Z,Bet365,"ATP - US Open, New York, USA","Berrettini, Matteo","Wawrinka, Stan",Totals (Games),1,hdp=39.5
2026-08-29T13:52:32Z,74124736,2026-08-31T15:00:00Z,Bet365,"ATP - US Open, New York, USA","Cilic, Marin","Rublev, Andrey",ML,1,"{'home': '3.75', 'away': '1.28'}"
2026-08-29T13:52:32Z,74124736,2026-08-31T15:00:00Z,Bet365,"ATP - US Open, New York, USA","Cilic, Marin","Rublev, Andrey",Team Total (Games) Home,1,hdp=18.5
2026-08-29T13:52:32Z,74124736,2026-08-31T15:00:00Z,Bet365,"ATP - US Open, New York, USA","Cilic, Marin","Rublev, Andrey",Spread (Games),1,hdp=4.5
2026-08-29T13:52:32Z,74124736,2026-08-31T15:00:00Z,Bet365,"ATP - US Open, New York, USA","Cilic, Marin","Rublev, Andrey",Team Total (Aces) Home,9,hdp=0.5 | hdp=2.5 | hdp=4.5 | hdp=9.5 | hdp=14.5 | hdp=19.5
2026-08-29T13:52:32Z,74124736,2026-08-31T15:00:00Z,Bet365,"ATP - US Open, New York, USA","Cilic, Marin","Rublev, Andrey",Team Total (Double Faults) Away,7,hdp=0.5 | hdp=1.5 | hdp=2.5 | hdp=4.5 | hdp=7.5 | hdp=9.5
2026-08-29T13:52:32Z,74124736,2026-08-31T15:00:00Z,Bet365,"ATP - US Open, New York, USA","Cilic, Marin","Rublev, Andrey",Team Total (Games) Away,1,hdp=20.5
2026-08-29T13:52:32Z,74124736,2026-08-31T15:00:00Z,Bet365,"ATP - US Open, New York, USA","Cilic, Marin","Rublev, Andrey",Totals (Games),1,hdp=38.5
2026-08-29T13:52:32Z,74124736,2026-08-31T15:00:00Z,Bet365,"ATP - US Open, New York, USA","Cilic, Marin","Rublev, Andrey",Set Betting,6,label=3-0 (1) | label=3-1 (1) | label=3-2 (1) | label=3-0 (2) | label=3-1 (2) | label=3-2 (2)
2026-08-29T13:52:32Z,74124736,2026-08-31T15:00:00Z,Bet365,"ATP - US Open, New York, USA","Cilic, Marin","Rublev, Andrey",Team Total (Aces) Away,8,hdp=2.5 | hdp=4.5 | hdp=9.5 | hdp=14.5 | hdp=19.5 | hdp=24.5
2026-08-29T13:52:32Z,74124736,2026-08-31T15:00:00Z,Bet365,"ATP - US Open, New York, USA","Cilic, Marin","Rublev, Andrey",Team Total (Double Faults) Home,8,hdp=0.5 | hdp=1.5 | hdp=2.5 | hdp=4.5 | hdp=7.5 | hdp=9.5
2026-08-29T13:52:32Z,74124736,2026-08-31T15:00:00Z,Bet365,"ATP - US Open, New York, USA","Cilic, Marin","Rublev, Andrey",Totals 1st Set,6,hdp=6.5 | hdp=9.5 | hdp=7.5 | hdp=8.5 | hdp=10.5 | hdp=12.5
2026-08-29T13:52:32Z,74124736,2026-08-31T15:00:00Z,Bet365,"ATP - US Open, New York, USA","Cilic, Marin","Rublev, Andrey",Totals (Aces),7,hdp=9.5 | hdp=14.5 | hdp=19.5 | hdp=24.5 | hdp=29.5 | hdp=39.5
2026-08-29T13:52:32Z,74124736,2026-08-31T15:00:00Z,Bet365,"ATP - US Open, New York, USA","Cilic, Marin","Rublev, Andrey",Totals (Double Faults),9,hdp=1.5 | hdp=2.5 | hdp=4.5 | hdp=7.5 | hdp=9.5 | hdp=11.5
2026-08-29T13:52:32Z,74124740,2026-08-31T15:00:00Z,Bet365,"ATP - US Open, New York, USA","Nakashima, Brandon","Baez, Sebastian",ML,1,"{'home': '1.16', 'away': '5.00'}"
2026-08-29T13:52:32Z,74124740,2026-08-31T15:00:00Z,Bet365,"ATP - US Open, New York, USA","Nakashima, Brandon","Baez, Sebastian",Team Total (Games) Away,1,hdp=15.5
2026-08-29T13:52:32Z,74124740,2026-08-31T15:00:00Z,Bet365,"ATP - US Open, New York, USA","Nakashima, Brandon","Baez, Sebastian",Set Betting,6,label=3-0 (1) | label=3-1 (1) | label=3-2 (1) | label=3-0 (2) | label=3-1 (2) | label=3-2 (2)
2026-08-29T13:52:32Z,74124740,2026-08-31T15:00:00Z,Bet365,"ATP - US Open, New York, USA","Nakashima, Brandon","Baez, Sebastian",Team Total (Aces) Away,6,hdp=0.5 | hdp=2.5 | hdp=4.5 | hdp=9.5 | hdp=14.5 | hdp=19.5
2026-08-29T13:52:32Z,74124740,2026-08-31T15:00:00Z,Bet365,"ATP - US Open, New York, USA","Nakashima, Brandon","Baez, Sebastian",Team Total (Aces) Home,9,hdp=2.5 | hdp=4.5 | hdp=9.5 | hdp=14.5 | hdp=19.5 | hdp=24.5
2026-08-29T13:52:32Z,74124740,2026-08-31T15:00:00Z,Bet365,"ATP - US Open, New York, USA","Nakashima, Brandon","Baez, Sebastian",Team Total (Double Faults) Away,7,hdp=0.5 | hdp=1.5 | hdp=2.5 | hdp=4.5 | hdp=7.5 | hdp=9.5
2026-08-29T13:52:32Z,74124740,2026-08-31T15:00:00Z,Bet365,"ATP - US Open, New York, USA","Nakashima, Brandon","Baez, Sebastian",Totals (Aces),8,hdp=4.5 | hdp=9.5 | hdp=14.5 | hdp=19.5 | hdp=24.5 | hdp=29.5
2026-08-29T13:52:32Z,74124740,2026-08-31T15:00:00Z,Bet365,"ATP - US Open, New York, USA","Nakashima, Brandon","Baez, Sebastian",Totals (Double Faults),9,hdp=0.5 | hdp=1.5 | hdp=2.5 | hdp=4.5 | hdp=7.5 | hdp=9.5
2026-08-29T13:52:32Z,74124740,2026-08-31T15:00:00Z,Bet365,"ATP - US Open, New York, USA","Nakashima, Brandon","Baez, Sebastian",Totals (Games),1,hdp=35.5
2026-08-29T13:52:32Z,74124740,2026-08-31T15:00:00Z,Bet365,"ATP - US Open, New York, USA","Nakashima, Brandon","Baez, Sebastian",Spread (Games),1,hdp=-6.5
2026-08-29T13:52:32Z,74124740,2026-08-31T15:00:00Z,Bet365,"ATP - US Open, New York, USA","Nakashima, Brandon","Baez, Sebastian",Team Total (Double Faults) Home,5,hdp=0.5 | hdp=1.5 | hdp=2.5 | hdp=4.5 | hdp=7.5
2026-08-29T13:52:32Z,74124740,2026-08-31T15:00:00Z,Bet365,"ATP - US Open, New York, USA","Nakashima, Brandon","Baez, Sebastian",Team Total (Games) Home,1,hdp=20.5
2026-08-29T13:52:32Z,74124740,2026-08-31T15:00:00Z,Bet365,"ATP - US Open, New York, USA","Nakashima, Brandon","Baez, Sebastian",Totals 1st Set,6,hdp=6.5 | hdp=12.5 | hdp=8.5 | hdp=9.5 | hdp=7.5 | hdp=10.5
2026-08-29T13:52:32Z,74124746,2026-08-31T15:00:00Z,Bet365,"ATP - US Open, New York, USA","Vacherot, Valentin","Kovacevic, Aleksandar",ML,1,"{'home': '1.80', 'away': '2.00'}"
2026-08-29T13:52:32Z,74124746,2026-08-31T15:00:00Z,Bet365,"ATP - US Open, New York, USA","Vacherot, Valentin","Kovacevic, Aleksandar",Team Total (Aces) Away,9,hdp=0.5 | hdp=2.5 | hdp=4.5 | hdp=9.5 | hdp=14.5 | hdp=19.5
2026-08-29T13:52:32Z,74124746,2026-08-31T15:00:00Z,Bet365,"ATP - US Open, New York, USA","Vacherot, Valentin","Kovacevic, Aleksandar",Team Total (Aces) Home,9,hdp=2.5 | hdp=4.5 | hdp=9.5 | hdp=14.5 | hdp=19.5 | hdp=24.5
2026-08-29T13:52:32Z,74124746,2026-08-31T15:00:00Z,Bet365,"ATP - US Open, New York, USA","Vacherot, Valentin","Kovacevic, Aleksandar",Team Total (Games) Home,1,hdp=20.5
2026-08-29T13:52:32Z,74124746,2026-08-31T15:00:00Z,Bet365,"ATP - US Open, New York, USA","Vacherot, Valentin","Kovacevic, Aleksandar",Spread (Games),1,hdp=-0.5
2026-08-29T13:52:32Z,74124746,2026-08-31T15:00:00Z,Bet365,"ATP - US Open, New York, USA","Vacherot, Valentin","Kovacevic, Aleksandar",Team Total (Games) Away,1,hdp=20.5
2026-08-29T13:52:32Z,74124746,2026-08-31T15:00:00Z,Bet365,"ATP - US Open, New York, USA","Vacherot, Valentin","Kovacevic, Aleksandar",Totals 1st Set,6,hdp=6.5 | hdp=8.5 | hdp=10.5 | hdp=12.5 | hdp=7.5 | hdp=9.5
2026-08-29T13:52:32Z,74124746,2026-08-31T15:00:00Z,Bet365,"ATP - US Open, New York, USA","Vacherot, Valentin","Kovacevic, Aleksandar",Totals (Aces),7,hdp=9.5 | hdp=14.5 | hdp=19.5 | hdp=24.5 | hdp=29.5 | hdp=39.5
2026-08-29T13:52:32Z,74124746,2026-08-31T15:00:00Z,Bet365,"ATP - US Open, New York, USA","Vacherot, Valentin","Kovacevic, Aleksandar",Totals (Games),1,hdp=40.5
2026-08-29T13:52:32Z,74124746,2026-08-31T15:00:00Z,Bet365,"ATP - US Open, New York, USA","Vacherot, Valentin","Kovacevic, Aleksandar",Set Betting,6,label=3-0 (1) | label=3-1 (1) | label=3-2 (1) | label=3-0 (2) | label=3-1 (2) | label=3-2 (2)
2026-08-29T13:52:32Z,74124756,2026-08-31T15:00:00Z,Bet365,"ATP - US Open, New York, USA","Shang, Juncheng","Trungelliti, Marco",ML,1,"{'home': '1.44', 'away': '2.75'}"
2026-08-29T13:52:32Z,74124756,2026-08-31T15:00:00Z,Bet365,"ATP - US Open, New York, USA","Shang, Juncheng","Trungelliti, Marco",Spread (Games),1,hdp=-4.5
2026-08-29T13:52:32Z,74124756,2026-08-31T15:00:00Z,Bet365,"ATP - US Open, New York, USA","Shang, Juncheng","Trungelliti, Marco",Team Total (Aces) Away,8,hdp=0.5 | hdp=2.5 | hdp=4.5 | hdp=9.5 | hdp=14.5 | hdp=19.5
2026-08-29T13:52:32Z,74124756,2026-08-31T15:00:00Z,Bet365,"ATP - US Open, New York, USA","Shang, Juncheng","Trungelliti, Marco",Team Total (Double Faults) Away,9,hdp=0.5 | hdp=1.5 | hdp=2.5 | hdp=4.5 | hdp=7.5 | hdp=9.5
2026-08-29T13:52:32Z,74124756,2026-08-31T15:00:00Z,Bet365,"ATP - US Open, New York, USA","Shang, Juncheng","Trungelliti, Marco",Team Total (Double Faults) Home,8,hdp=0.5 | hdp=1.5 | hdp=2.5 | hdp=4.5 | hdp=7.5 | hdp=9.5
2026-08-29T13:52:32Z,74124756,2026-08-31T15:00:00Z,Bet365,"ATP - US Open, New York, USA","Shang, Juncheng","Trungelliti, Marco",Team Total (Games) Away,1,hdp=17.5
2026-08-29T13:52:32Z,74124756,2026-08-31T15:00:00Z,Bet365,"ATP - US Open, New York, USA","Shang, Juncheng","Trungelliti, Marco",Totals (Aces),9,hdp=2.5 | hdp=4.5 | hdp=9.5 | hdp=14.5 | hdp=19.5 | hdp=24.5
2026-08-29T13:52:32Z,74124756,2026-08-31T15:00:00Z,Bet365,"ATP - US Open, New York, USA","Shang, Juncheng","Trungelliti, Marco",Totals (Games),1,hdp=36.5
2026-08-29T13:52:32Z,74124756,2026-08-31T15:00:00Z,Bet365,"ATP - US Open, New York, USA","Shang, Juncheng","Trungelliti, Marco",Set Betting,6,label=3-0 (1) | label=3-1 (1) | label=3-2 (1) | label=3-0 (2) | label=3-1 (2) | label=3-2 (2)
2026-08-29T13:52:32Z,74124756,2026-08-31T15:00:00Z,Bet365,"ATP - US Open, New York, USA","Shang, Juncheng","Trungelliti, Marco",Team Total (Aces) Home,6,hdp=0.5 | hdp=2.5 | hdp=4.5 | hdp=9.5 | hdp=14.5 | hdp=19.5
2026-08-29T13:52:32Z,74124756,2026-08-31T15:00:00Z,Bet365,"ATP - US Open, New York, USA","Shang, Juncheng","Trungelliti, Marco",Team Total (Games) Home,1,hdp=19.5
2026-08-29T13:52:32Z,74124756,2026-08-31T15:00:00Z,Bet365,"ATP - US Open, New York, USA","Shang, Juncheng","Trungelliti, Marco",Totals 1st Set,6,hdp=8.5 | hdp=9.5 | hdp=6.5 | hdp=7.5 | hdp=10.5 | hdp=12.5
2026-08-29T13:52:32Z,74124756,2026-08-31T15:00:00Z,Bet365,"ATP - US Open, New York, USA","Shang, Juncheng","Trungelliti, Marco",Totals (Double Faults),8,hdp=2.5 | hdp=4.5 | hdp=7.5 | hdp=9.5 | hdp=11.5 | hdp=14.5
2026-08-29T13:52:32Z,74124766,2026-08-31T15:00:00Z,Bet365,"ATP - US Open, New York, USA","Vallejo, Adolfo Daniel","Monfils, Gael",ML,1,"{'home': '1.72', 'away': '2.10'}"
2026-08-29T13:52:32Z,74124766,2026-08-31T15:00:00Z,Bet365,"ATP - US Open, New York, USA","Vallejo, Adolfo Daniel","Monfils, Gael",Team Total (Double Faults) Away,9,hdp=0.5 | hdp=1.5 | hdp=2.5 | hdp=4.5 | hdp=7.5 | hdp=9.5
2026-08-29T13:52:32Z,74124766,2026-08-31T15:00:00Z,Bet365,"ATP - US Open, New York, USA","Vallejo, Adolfo Daniel","Monfils, Gael",Totals (Aces),9,hdp=2.5 | hdp=4.5 | hdp=9.5 | hdp=14.5 | hdp=19.5 | hdp=24.5
2026-08-29T13:52:32Z,74124766,2026-08-31T15:00:00Z,Bet365,"ATP - US Open, New York, USA","Vallejo, Adolfo Daniel","Monfils, Gael",Team Total (Games) Home,1,hdp=20.5
2026-08-29T13:52:32Z,74124766,2026-08-31T15:00:00Z,Bet365,"ATP - US Open, New York, USA","Vallejo, Adolfo Daniel","Monfils, Gael",Team Total (Aces) Away,9,hdp=0.5 | hdp=2.5 | hdp=4.5 | hdp=9.5 | hdp=14.5 | hdp=19.5
2026-08-29T13:52:32Z,74124766,2026-08-31T15:00:00Z,Bet365,"ATP - US Open, New York, USA","Vallejo, Adolfo Daniel","Monfils, Gael",Team Total (Aces) Home,6,hdp=0.5 | hdp=2.5 | hdp=4.5 | hdp=9.5 | hdp=14.5 | hdp=19.5
2026-08-29T13:52:32Z,74124766,2026-08-31T15:00:00Z,Bet365,"ATP - US Open, New York, USA","Vallejo, Adolfo Daniel","Monfils, Gael",Team Total (Games) Away,1,hdp=19.5
2026-08-29T13:52:32Z,74124766,2026-08-31T15:00:00Z,Bet365,"ATP - US Open, New York, USA","Vallejo, Adolfo Daniel","Monfils, Gael",Totals 1st Set,6,hdp=7.5 | hdp=9.5 | hdp=10.5 | hdp=12.5 | hdp=6.5 | hdp=8.5
2026-08-29T13:52:32Z,74124766,2026-08-31T15:00:00Z,Bet365,"ATP - US Open, New York, USA","Vallejo, Adolfo Daniel","Monfils, Gael",Totals (Double Faults),7,hdp=4.5 | hdp=7.5 | hdp=9.5 | hdp=11.5 | hdp=14.5 | hdp=19.5
2026-08-29T13:52:32Z,74124766,2026-08-31T15:00:00Z,Bet365,"ATP - US Open, New York, USA","Vallejo, Adolfo Daniel","Monfils, Gael",Totals (Games),1,hdp=39.5
2026-08-29T13:52:32Z,74124766,2026-08-31T15:00:00Z,Bet365,"ATP - US Open, New York, USA","Vallejo, Adolfo Daniel","Monfils, Gael",Set Betting,6,label=3-0 (1) | label=3-1 (1) | label=3-2 (1) | label=3-0 (2) | label=3-1 (2) | label=3-2 (2)
2026-08-29T13:52:32Z,74124766,2026-08-31T15:00:00Z,Bet365,"ATP - US Open, New York, USA","Vallejo, Adolfo Daniel","Monfils, Gael",Spread (Games),1,hdp=-1.5
2026-08-29T13:52:32Z,74124766,2026-08-31T15:00:00Z,Bet365,"ATP - US Open, New York, USA","Vallejo, Adolfo Daniel","Monfils, Gael",Team Total (Double Faults) Home,9,hdp=0.5 | hdp=1.5 | hdp=2.5 | hdp=4.5 | hdp=7.5 | hdp=9.5
2026-08-29T13:52:32Z,74124754,2026-08-31T15:00:00Z,Bet365,"ATP - US Open, New York, USA","Comesana, Francisco","Cobolli, Flavio",ML,1,"{'home': '4.33', 'away': '1.22'}"
2026-08-29T13:52:32Z,74124754,2026-08-31T15:00:00Z,Bet365,"ATP - US Open, New York, USA","Comesana, Francisco","Cobolli, Flavio",Spread (Games),1,hdp=5.5
2026-08-29T13:52:32Z,74124754,2026-08-31T15:00:00Z,Bet365,"ATP - US Open, New York, USA","Comesana, Francisco","Cobolli, Flavio",Team Total (Games) Home,1,hdp=16.5
2026-08-29T13:52:32Z,74124754,2026-08-31T15:00:00Z,Bet365,"ATP - US Open, New York, USA","Comesana, Francisco","Cobolli, Flavio",Totals 1st Set,6,hdp=7.5 | hdp=9.5 | hdp=10.5 | hdp=12.5 | hdp=6.5 | hdp=8.5
2026-08-29T13:52:32Z,74124754,2026-08-31T15:00:00Z,Bet365,"ATP - US Open, New York, USA","Comesana, Francisco","Cobolli, Flavio",Totals (Aces),9,hdp=2.5 | hdp=4.5 | hdp=9.5 | hdp=29.5 | hdp=39.5 | hdp=49.5
2026-08-29T13:52:32Z,74124754,2026-08-31T15:00:00Z,Bet365,"ATP - US Open, New York, USA","Comesana, Francisco","Cobolli, Flavio",Set Betting,6,label=3-0 (1) | label=3-1 (1) | label=3-2 (1) | label=3-0 (2) | label=3-1 (2) | label=3-2 (2)
2026-08-29T13:52:32Z,74124754,2026-08-31T15:00:00Z,Bet365,"ATP - US Open, New York, USA","Comesana, Francisco","Cobolli, Flavio",Team Total (Double Faults) Away,7,hdp=0.5 | hdp=1.5 | hdp=2.5 | hdp=4.5 | hdp=7.5 | hdp=9.5
2026-08-29T13:52:32Z,74124754,2026-08-31T15:00:00Z,Bet365,"ATP - US Open, New York, USA","Comesana, Francisco","Cobolli, Flavio",Team Total (Aces) Away,7,hdp=0.5 | hdp=2.5 | hdp=4.5 | hdp=19.5 | hdp=24.5 | hdp=9.5
2026-08-29T13:52:32Z,74124754,2026-08-31T15:00:00Z,Bet365,"ATP - US Open, New York, USA","Comesana, Francisco","Cobolli, Flavio",Team Total (Aces) Home,8,hdp=0.5 | hdp=4.5 | hdp=19.5 | hdp=24.5 | hdp=29.5 | hdp=2.5
2026-08-29T13:52:32Z,74124754,2026-08-31T15:00:00Z,Bet365,"ATP - US Open, New York, USA","Comesana, Francisco","Cobolli, Flavio",Team Total (Games) Away,1,hdp=20.5
2026-08-29T13:52:32Z,74124754,2026-08-31T15:00:00Z,Bet365,"ATP - US Open, New York, USA","Comesana, Francisco","Cobolli, Flavio",Totals (Double Faults),8,hdp=2.5 | hdp=4.5 | hdp=7.5 | hdp=9.5 | hdp=11.5 | hdp=14.5
2026-08-29T13:52:32Z,74124754,2026-08-31T15:00:00Z,Bet365,"ATP - US Open, New York, USA","Comesana, Francisco","Cobolli, Flavio",Totals (Games),1,hdp=36.5
2026-08-29T13:52:32Z,74124754,2026-08-31T15:00:00Z,Bet365,"ATP - US Open, New York, USA","Comesana, Francisco","Cobolli, Flavio",Team Total (Double Faults) Home,9,hdp=0.5 | hdp=1.5 | hdp=2.5 | hdp=4.5 | hdp=7.5 | hdp=9.5
2026-08-29T13:52:32Z,74124768,2026-08-31T15:00:00Z,Bet365,"ATP - US Open, New York, USA","Giron, Marcos","Buse, Ignacio",ML,1,"{'home': '2.00', 'away': '1.80'}"
2026-08-29T13:52:32Z,74124768,2026-08-31T15:00:00Z,Bet365,"ATP - US Open, New York, USA","Giron, Marcos","Buse, Ignacio",Totals (Aces),8,hdp=2.5 | hdp=4.5 | hdp=9.5 | hdp=14.5 | hdp=19.5 | hdp=24.5
2026-08-29T13:52:32Z,74124768,2026-08-31T15:00:00Z,Bet365,"ATP - US Open, New York, USA","Giron, Marcos","Buse, Ignacio",Totals (Games),1,hdp=39.5
2026-08-29T13:52:32Z,74124768,2026-08-31T15:00:00Z,Bet365,"ATP - US Open, New York, USA","Giron, Marcos","Buse, Ignacio",Totals 1st Set,6,hdp=6.5 | hdp=8.5 | hdp=10.5 | hdp=12.5 | hdp=7.5 | hdp=9.5
2026-08-29T13:52:32Z,74124768,2026-08-31T15:00:00Z,Bet365,"ATP - US Open, New York, USA","Giron, Marcos","Buse, Ignacio",Spread (Games),1,hdp=0.5
2026-08-29T13:52:32Z,74124768,2026-08-31T15:00:00Z,Bet365,"ATP - US Open, New York, USA","Giron, Marcos","Buse, Ignacio",Team Total (Aces) Away,7,hdp=0.5 | hdp=2.5 | hdp=4.5 | hdp=9.5 | hdp=14.5 | hdp=19.5
2026-08-29T13:52:32Z,74124768,2026-08-31T15:00:00Z,Bet365,"ATP - US Open, New York, USA","Giron, Marcos","Buse, Ignacio",Team Total (Games) Home,1,hdp=19.5
2026-08-29T13:52:32Z,74124768,2026-08-31T15:00:00Z,Bet365,"ATP - US Open, New York, USA","Giron, Marcos","Buse, Ignacio",Totals (Double Faults),9,hdp=0.5 | hdp=1.5 | hdp=2.5 | hdp=4.5 | hdp=7.5 | hdp=9.5
2026-08-29T13:52:32Z,74124768,2026-08-31T15:00:00Z,Bet365,"ATP - US Open, New York, USA","Giron, Marcos","Buse, Ignacio",Set Betting,6,label=3-0 (1) | label=3-1 (1) | label=3-2 (1) | label=3-0 (2) | label=3-1 (2) | label=3-2 (2)
2026-08-29T13:52:32Z,74124768,2026-08-31T15:00:00Z,Bet365,"ATP - US Open, New York, USA","Giron, Marcos","Buse, Ignacio",Team Total (Aces) Home,6,hdp=0.5 | hdp=2.5 | hdp=4.5 | hdp=9.5 | hdp=14.5 | hdp=19.5
2026-08-29T13:52:32Z,74124768,2026-08-31T15:00:00Z,Bet365,"ATP - US Open, New York, USA","Giron, Marcos","Buse, Ignacio",Team Total (Double Faults) Away,7,hdp=0.5 | hdp=1.5 | hdp=2.5 | hdp=4.5 | hdp=7.5 | hdp=9.5
2026-08-29T13:52:32Z,74124768,2026-08-31T15:00:00Z,Bet365,"ATP - US Open, New York, USA","Giron, Marcos","Buse, Ignacio",Team Total (Double Faults) Home,6,hdp=0.5 | hdp=1.5 | hdp=2.5 | hdp=4.5 | hdp=7.5 | hdp=9.5
2026-08-29T13:52:32Z,74124768,2026-08-31T15:00:00Z,Bet365,"ATP - US Open, New York, USA","Giron, Marcos","Buse, Ignacio",Team Total (Games) Away,1,hdp=20.5
2026-08-29T13:52:32Z,74124770,2026-08-31T15:00:00Z,Bet365,"ATP - US Open, New York, USA","Molcan, Alex","Bonzi, Benjamin",ML,1,"{'home': '3.00', 'away': '1.40'}"
2026-08-29T13:52:32Z,74124770,2026-08-31T15:00:00Z,Bet365,"ATP - US Open, New York, USA","Molcan, Alex","Bonzi, Benjamin",Team Total (Games) Home,1,hdp=18.5
2026-08-29T13:52:32Z,74124770,2026-08-31T15:00:00Z,Bet365,"ATP - US Open, New York, USA","Molcan, Alex","Bonzi, Benjamin",Totals 1st Set,6,hdp=12.5 | hdp=6.5 | hdp=7.5 | hdp=8.5 | hdp=9.5 | hdp=10.5
2026-08-29T13:52:32Z,74124770,2026-08-31T15:00:00Z,Bet365,"ATP - US Open, New York, USA","Molcan, Alex","Bonzi, Benjamin",Totals (Games),1,hdp=36.5
2026-08-29T13:52:32Z,74124770,2026-08-31T15:00:00Z,Bet365,"ATP - US Open, New York, USA","Molcan, Alex","Bonzi, Benjamin",Set Betting,6,label=3-0 (1) | label=3-1 (1) | label=3-2 (1) | label=3-0 (2) | label=3-1 (2) | label=3-2 (2)
2026-08-29T13:52:32Z,74124770,2026-08-31T15:00:00Z,Bet365,"ATP - US Open, New York, USA","Molcan, Alex","Bonzi, Benjamin",Spread (Games),1,hdp=4.5
2026-08-29T13:52:32Z,74124770,2026-08-31T15:00:00Z,Bet365,"ATP - US Open, New York, USA","Molcan, Alex","Bonzi, Benjamin",Team Total (Games) Away,1,hdp=19.5
2026-08-29T13:52:32Z,74124772,2026-08-31T15:00:00Z,Bet365,"ATP - US Open, New York, USA","Burruchaga, Roman Andres","Khachanov, Karen",ML,1,"{'home': '4.00', 'away': '1.25'}"
2026-08-29T13:52:32Z,74124772,2026-08-31T15:00:00Z,Bet365,"ATP - US Open, New York, USA","Burruchaga, Roman Andres","Khachanov, Karen",Set Betting,6,label=3-0 (1) | label=3-1 (1) | label=3-2 (1) | label=3-0 (2) | label=3-1 (2) | label=3-2 (2)
2026-08-29T13:52:32Z,74124772,2026-08-31T15:00:00Z,Bet365,"ATP - US Open, New York, USA","Burruchaga, Roman Andres","Khachanov, Karen",Team Total (Aces) Away,8,hdp=0.5 | hdp=2.5 | hdp=4.5 | hdp=9.5 | hdp=14.5 | hdp=19.5
2026-08-29T13:52:32Z,74124772,2026-08-31T15:00:00Z,Bet365,"ATP - US Open, New York, USA","Burruchaga, Roman Andres","Khachanov, Karen",Team Total (Games) Away,1,hdp=20.5
2026-08-29T13:52:32Z,74124772,2026-08-31T15:00:00Z,Bet365,"ATP - US Open, New York, USA","Burruchaga, Roman Andres","Khachanov, Karen",Team Total (Games) Home,1,hdp=16.5
2026-08-29T13:52:32Z,74124772,2026-08-31T15:00:00Z,Bet365,"ATP - US Open, New York, USA","Burruchaga, Roman Andres","Khachanov, Karen",Totals 1st Set,6,hdp=6.5 | hdp=7.5 | hdp=8.5 | hdp=9.5 | hdp=10.5 | hdp=12.5
2026-08-29T13:52:32Z,74124772,2026-08-31T15:00:00Z,Bet365,"ATP - US Open, New York, USA","Burruchaga, Roman Andres","Khachanov, Karen",Totals (Games),1,hdp=36.5
2026-08-29T13:52:32Z,74124772,2026-08-31T15:00:00Z,Bet365,"ATP - US Open, New York, USA","Burruchaga, Roman Andres","Khachanov, Karen",Spread (Games),1,hdp=5.5
2026-08-29T13:52:32Z,74124772,2026-08-31T15:00:00Z,Bet365,"ATP - US Open, New York, USA","Burruchaga, Roman Andres","Khachanov, Karen",Team Total (Aces) Home,7,hdp=0.5 | hdp=2.5 | hdp=4.5 | hdp=9.5 | hdp=14.5 | hdp=19.5
2026-08-29T13:52:32Z,74124772,2026-08-31T15:00:00Z,Bet365,"ATP - US Open, New York, USA","Burruchaga, Roman Andres","Khachanov, Karen",Totals (Aces),9,hdp=2.5 | hdp=4.5 | hdp=9.5 | hdp=14.5 | hdp=19.5 | hdp=24.5
2026-08-29T13:52:32Z,74124830,2026-08-31T15:00:00Z,Bet365,"WTA - US Open, New York, USA","Sonmez, Zeynep","Gauff, Coco",ML,1,"{'home': '13.00', 'away': '1.04'}"
2026-08-29T13:52:32Z,74124830,2026-08-31T15:00:00Z,Bet365,"WTA - US Open, New York, USA","Sonmez, Zeynep","Gauff, Coco",Team Total (Aces) Home,3,hdp=0.5 | hdp=2.5 | hdp=4.5
2026-08-29T13:52:32Z,74124830,2026-08-31T15:00:00Z,Bet365,"WTA - US Open, New York, USA","Sonmez, Zeynep","Gauff, Coco",Totals 1st Set,6,hdp=6.5 | hdp=7.5 | hdp=8.5 | hdp=9.5 | hdp=10.5 | hdp=12.5
2026-08-29T13:52:32Z,74124830,2026-08-31T15:00:00Z,Bet365,"WTA - US Open, New York, USA","Sonmez, Zeynep","Gauff, Coco",Totals (Aces),6,hdp=0.5 | hdp=2.5 | hdp=4.5 | hdp=9.5 | hdp=14.5 | hdp=19.5
2026-08-29T13:52:32Z,74124830,2026-08-31T15:00:00Z,Bet365,"WTA - US Open, New York, USA","Sonmez, Zeynep","Gauff, Coco",Team Total (Games) Home,1,hdp=5.5
2026-08-29T13:52:32Z,74124830,2026-08-31T15:00:00Z,Bet365,"WTA - US Open, New York, USA","Sonmez, Zeynep","Gauff, Coco",Spread (Games),1,hdp=6.5
2026-08-29T13:52:32Z,74124830,2026-08-31T15:00:00Z,Bet365,"WTA - US Open, New York, USA","Sonmez, Zeynep","Gauff, Coco",Team Total (Double Faults) Home,7,hdp=0.5 | hdp=1.5 | hdp=2.5 | hdp=4.5 | hdp=7.5 | hdp=9.5
2026-08-29T13:52:32Z,74124830,2026-08-31T15:00:00Z,Bet365,"WTA - US Open, New York, USA","Sonmez, Zeynep","Gauff, Coco",Team Total (Games) Away,1,hdp=12.5
2026-08-29T13:52:32Z,74124830,2026-08-31T15:00:00Z,Bet365,"WTA - US Open, New York, USA","Sonmez, Zeynep","Gauff, Coco",Totals (Double Faults),9,hdp=1.5 | hdp=2.5 | hdp=4.5 | hdp=7.5 | hdp=9.5 | hdp=11.5
2026-08-29T13:52:32Z,74124830,2026-08-31T15:00:00Z,Bet365,"WTA - US Open, New York, USA","Sonmez, Zeynep","Gauff, Coco",Totals (Games),1,hdp=17.5
2026-08-29T13:52:32Z,74124830,2026-08-31T15:00:00Z,Bet365,"WTA - US Open, New York, USA","Sonmez, Zeynep","Gauff, Coco",Set Betting,4,label=2-0 (1) | label=2-1 (1) | label=2-0 (2) | label=2-1 (2)
2026-08-29T13:52:32Z,74124830,2026-08-31T15:00:00Z,Bet365,"WTA - US Open, New York, USA","Sonmez, Zeynep","Gauff, Coco",Team Total (Aces) Away,1,hdp=0.5
2026-08-29T13:52:32Z,74124830,2026-08-31T15:00:00Z,Bet365,"WTA - US Open, New York, USA","Sonmez, Zeynep","Gauff, Coco",Team Total (Double Faults) Away,9,hdp=0.5 | hdp=1.5 | hdp=2.5 | hdp=4.5 | hdp=7.5 | hdp=9.5
2026-08-29T13:52:32Z,74124834,2026-08-31T15:00:00Z,Bet365,"WTA - US Open, New York, USA","Bejlek, Sara","Bucsa, Cristina",ML,1,"{'home': '1.25', 'away': '4.00'}"
2026-08-29T13:52:32Z,74124834,2026-08-31T15:00:00Z,Bet365,"WTA - US Open, New York, USA","Bejlek, Sara","Bucsa, Cristina",Spread (Games),1,hdp=-4.5
2026-08-29T13:52:32Z,74124834,2026-08-31T15:00:00Z,Bet365,"WTA - US Open, New York, USA","Bejlek, Sara","Bucsa, Cristina",Team Total (Aces) Away,4,hdp=0.5 | hdp=2.5 | hdp=4.5 | hdp=9.5
2026-08-29T13:52:32Z,74124834,2026-08-31T15:00:00Z,Bet365,"WTA - US Open, New York, USA","Bejlek, Sara","Bucsa, Cristina",Team Total (Aces) Home,4,hdp=0.5 | hdp=2.5 | hdp=4.5 | hdp=9.5
2026-08-29T13:52:32Z,74124834,2026-08-31T15:00:00Z,Bet365,"WTA - US Open, New York, USA","Bejlek, Sara","Bucsa, Cristina",Team Total (Double Faults) Away,6,hdp=0.5 | hdp=1.5 | hdp=2.5 | hdp=4.5 | hdp=7.5 | hdp=9.5
2026-08-29T13:52:32Z,74124834,2026-08-31T15:00:00Z,Bet365,"WTA - US Open, New York, USA","Bejlek, Sara","Bucsa, Cristina",Team Total (Games) Away,1,hdp=8.5
2026-08-29T13:52:32Z,74124834,2026-08-31T15:00:00Z,Bet365,"WTA - US Open, New York, USA","Bejlek, Sara","Bucsa, Cristina",Team Total (Games) Home,1,hdp=12.5
2026-08-29T13:52:32Z,74124834,2026-08-31T15:00:00Z,Bet365,"WTA - US Open, New York, USA","Bejlek, Sara","Bucsa, Cristina",Totals 1st Set,6,hdp=6.5 | hdp=7.5 | hdp=8.5 | hdp=9.5 | hdp=10.5 | hdp=12.5
2026-08-29T13:52:32Z,74124834,2026-08-31T15:00:00Z,Bet365,"WTA - US Open, New York, USA","Bejlek, Sara","Bucsa, Cristina",Set Betting,4,label=2-0 (1) | label=2-1 (1) | label=2-0 (2) | label=2-1 (2)
2026-08-29T13:52:32Z,74124834,2026-08-31T15:00:00Z,Bet365,"WTA - US Open, New York, USA","Bejlek, Sara","Bucsa, Cristina",Team Total (Double Faults) Home,6,hdp=0.5 | hdp=1.5 | hdp=2.5 | hdp=4.5 | hdp=7.5 | hdp=9.5
2026-08-29T13:52:32Z,74124834,2026-08-31T15:00:00Z,Bet365,"WTA - US Open, New York, USA","Bejlek, Sara","Bucsa, Cristina",Totals (Aces),5,hdp=0.5 | hdp=2.5 | hdp=4.5 | hdp=9.5 | hdp=14.5
2026-08-29T13:52:32Z,74124834,2026-08-31T15:00:00Z,Bet365,"WTA - US Open, New York, USA","Bejlek, Sara","Bucsa, Cristina",Totals (Double Faults),6,hdp=0.5 | hdp=1.5 | hdp=2.5 | hdp=4.5 | hdp=7.5 | hdp=9.5
2026-08-29T13:52:32Z,74124834,2026-08-31T15:00:00Z,Bet365,"WTA - US Open, New York, USA","Bejlek, Sara","Bucsa, Cristina",Totals (Games),1,hdp=19.5
2026-08-29T13:52:32Z,74124776,2026-08-31T15:00:00Z,Bet365,"ATP - US Open, New York, USA","Choinski, Jan","Van de Zandschulp, Botic",ML,1,"{'home': '4.00', 'away': '1.25'}"
2026-08-29T13:52:32Z,74124776,2026-08-31T15:00:00Z,Bet365,"ATP - US Open, New York, USA","Choinski, Jan","Van de Zandschulp, Botic",Totals 1st Set,6,hdp=6.5 | hdp=7.5 | hdp=9.5 | hdp=10.5 | hdp=12.5 | hdp=8.5
2026-08-29T13:52:32Z,74124776,2026-08-31T15:00:00Z,Bet365,"ATP - US Open, New York, USA","Choinski, Jan","Van de Zandschulp, Botic",Team Total (Games) Away,1,hdp=20.5
2026-08-29T13:52:32Z,74124776,2026-08-31T15:00:00Z,Bet365,"ATP - US Open, New York, USA","Choinski, Jan","Van de Zandschulp, Botic",Totals (Aces),8,hdp=4.5 | hdp=9.5 | hdp=14.5 | hdp=19.5 | hdp=24.5 | hdp=29.5
2026-08-29T13:52:32Z,74124776,2026-08-31T15:00:00Z,Bet365,"ATP - US Open, New York, USA","Choinski, Jan","Van de Zandschulp, Botic",Totals (Double Faults),9,hdp=1.5 | hdp=2.5 | hdp=4.5 | hdp=7.5 | hdp=9.5 | hdp=11.5
2026-08-29T13:52:32Z,74124776,2026-08-31T15:00:00Z,Bet365,"ATP - US Open, New York, USA","Choinski, Jan","Van de Zandschulp, Botic",Totals (Games),1,hdp=38.5
2026-08-29T13:52:32Z,74124776,2026-08-31T15:00:00Z,Bet365,"ATP - US Open, New York, USA","Choinski, Jan","Van de Zandschulp, Botic",Set Betting,6,label=3-0 (1) | label=3-1 (1) | label=3-2 (1) | label=3-0 (2) | label=3-1 (2) | label=3-2 (2)
2026-08-29T13:52:32Z,74124776,2026-08-31T15:00:00Z,Bet365,"ATP - US Open, New York, USA","Choinski, Jan","Van de Zandschulp, Botic",Spread (Games),1,hdp=5.5
2026-08-29T13:52:32Z,74124776,2026-08-31T15:00:00Z,Bet365,"ATP - US Open, New York, USA","Choinski, Jan","Van de Zandschulp, Botic",Team Total (Aces) Away,9,hdp=0.5 | hdp=2.5 | hdp=4.5 | hdp=9.5 | hdp=14.5 | hdp=19.5
2026-08-29T13:52:32Z,74124776,2026-08-31T15:00:00Z,Bet365,"ATP - US Open, New York, USA","Choinski, Jan","Van de Zandschulp, Botic",Team Total (Aces) Home,8,hdp=0.5 | hdp=2.5 | hdp=4.5 | hdp=9.5 | hdp=14.5 | hdp=19.5
2026-08-29T13:52:32Z,74124776,2026-08-31T15:00:00Z,Bet365,"ATP - US Open, New York, USA","Choinski, Jan","Van de Zandschulp, Botic",Team Total (Double Faults) Away,9,hdp=0.5 | hdp=1.5 | hdp=2.5 | hdp=4.5 | hdp=7.5 | hdp=9.5
2026-08-29T13:52:32Z,74124776,2026-08-31T15:00:00Z,Bet365,"ATP - US Open, New York, USA","Choinski, Jan","Van de Zandschulp, Botic",Team Total (Double Faults) Home,7,hdp=0.5 | hdp=1.5 | hdp=2.5 | hdp=4.5 | hdp=7.5 | hdp=9.5
2026-08-29T13:52:32Z,74124776,2026-08-31T15:00:00Z,Bet365,"ATP - US Open, New York, USA","Choinski, Jan","Van de Zandschulp, Botic",Team Total (Games) Home,1,hdp=17.5
2026-08-29T13:52:32Z,74124780,2026-08-31T15:00:00Z,Bet365,"ATP - US Open, New York, USA","Cerundolo, Juan Manuel","Ruud, Casper",ML,1,"{'home': '2.75', 'away': '1.44'}"
2026-08-29T13:52:32Z,74124780,2026-08-31T15:00:00Z,Bet365,"ATP - US Open, New York, USA","Cerundolo, Juan Manuel","Ruud, Casper",Totals (Double Faults),7,hdp=4.5 | hdp=7.5 | hdp=9.5 | hdp=11.5 | hdp=14.5 | hdp=19.5
2026-08-29T13:52:32Z,74124780,2026-08-31T15:00:00Z,Bet365,"ATP - US Open, New York, USA","Cerundolo, Juan Manuel","Ruud, Casper",Team Total (Double Faults) Home,9,hdp=0.5 | hdp=1.5 | hdp=2.5 | hdp=4.5 | hdp=7.5 | hdp=9.5
2026-08-29T13:52:32Z,74124780,2026-08-31T15:00:00Z,Bet365,"ATP - US Open, New York, USA","Cerundolo, Juan Manuel","Ruud, Casper",Team Total (Games) Away,1,hdp=19.5
2026-08-29T13:52:32Z,74124780,2026-08-31T15:00:00Z,Bet365,"ATP - US Open, New York, USA","Cerundolo, Juan Manuel","Ruud, Casper",Team Total (Games) Home,1,hdp=18.5
2026-08-29T13:52:32Z,74124780,2026-08-31T15:00:00Z,Bet365,"ATP - US Open, New York, USA","Cerundolo, Juan Manuel","Ruud, Casper",Totals (Aces),8,hdp=2.5 | hdp=4.5 | hdp=9.5 | hdp=14.5 | hdp=19.5 | hdp=24.5
2026-08-29T13:52:32Z,74124780,2026-08-31T15:00:00Z,Bet365,"ATP - US Open, New York, USA","Cerundolo, Juan Manuel","Ruud, Casper",Set Betting,6,label=3-0 (1) | label=3-1 (1) | label=3-2 (1) | label=3-0 (2) | label=3-1 (2) | label=3-2 (2)
2026-08-29T13:52:32Z,74124780,2026-08-31T15:00:00Z,Bet365,"ATP - US Open, New York, USA","Cerundolo, Juan Manuel","Ruud, Casper",Totals (Games),1,hdp=37.5
2026-08-29T13:52:32Z,74124780,2026-08-31T15:00:00Z,Bet365,"ATP - US Open, New York, USA","Cerundolo, Juan Manuel","Ruud, Casper",Team Total (Double Faults) Away,8,hdp=0.5 | hdp=1.5 | hdp=2.5 | hdp=4.5 | hdp=7.5 | hdp=9.5
2026-08-29T13:52:32Z,74124780,2026-08-31T15:00:00Z,Bet365,"ATP - US Open, New York, USA","Cerundolo, Juan Manuel","Ruud, Casper",Spread (Games),1,hdp=4.5
2026-08-29T13:52:32Z,74124780,2026-08-31T15:00:00Z,Bet365,"ATP - US Open, New York, USA","Cerundolo, Juan Manuel","Ruud, Casper",Team Total (Aces) Away,7,hdp=0.5 | hdp=2.5 | hdp=4.5 | hdp=9.5 | hdp=14.5 | hdp=19.5
2026-08-29T13:52:32Z,74124780,2026-08-31T15:00:00Z,Bet365,"ATP - US Open, New York, USA","Cerundolo, Juan Manuel","Ruud, Casper",Team Total (Aces) Home,7,hdp=0.5 | hdp=2.5 | hdp=4.5 | hdp=9.5 | hdp=14.5 | hdp=19.5
2026-08-29T13:52:32Z,74124780,2026-08-31T15:00:00Z,Bet365,"ATP - US Open, New York, USA","Cerundolo, Juan Manuel","Ruud, Casper",Totals 1st Set,6,hdp=6.5 | hdp=7.5 | hdp=8.5 | hdp=9.5 | hdp=10.5 | hdp=12.5
2026-08-29T13:52:32Z,74124782,2026-08-31T15:00:00Z,Bet365,"ATP - US Open, New York, USA","Svajda, Zachary","Altmaier, Daniel",ML,1,"{'home': '1.66', 'away': '2.20'}"
2026-08-29T13:52:32Z,74124782,2026-08-31T15:00:00Z,Bet365,"ATP - US Open, New York, USA","Svajda, Zachary","Altmaier, Daniel",Set Betting,6,label=3-0 (1) | label=3-1 (1) | label=3-2 (1) | label=3-0 (2) | label=3-1 (2) | label=3-2 (2)
2026-08-29T13:52:32Z,74124782,2026-08-31T15:00:00Z,Bet365,"ATP - US Open, New York, USA","Svajda, Zachary","Altmaier, Daniel",Spread (Games),1,hdp=-1.5
2026-08-29T13:52:32Z,74124782,2026-08-31T15:00:00Z,Bet365,"ATP - US Open, New York, USA","Svajda, Zachary","Altmaier, Daniel",Team Total (Aces) Away,9,hdp=0.5 | hdp=2.5 | hdp=4.5 | hdp=9.5 | hdp=14.5 | hdp=19.5
2026-08-29T13:52:32Z,74124782,2026-08-31T15:00:00Z,Bet365,"ATP - US Open, New York, USA","Svajda, Zachary","Altmaier, Daniel",Team Total (Double Faults) Home,7,hdp=0.5 | hdp=1.5 | hdp=2.5 | hdp=4.5 | hdp=7.5 | hdp=9.5
2026-08-29T13:52:32Z,74124782,2026-08-31T15:00:00Z,Bet365,"ATP - US Open, New York, USA","Svajda, Zachary","Altmaier, Daniel",Team Total (Games) Home,1,hdp=20.5
2026-08-29T13:52:32Z,74124782,2026-08-31T15:00:00Z,Bet365,"ATP - US Open, New York, USA","Svajda, Zachary","Altmaier, Daniel",Totals (Aces),8,hdp=4.5 | hdp=9.5 | hdp=14.5 | hdp=19.5 | hdp=24.5 | hdp=29.5
2026-08-29T13:52:32Z,74124782,2026-08-31T15:00:00Z,Bet365,"ATP - US Open, New York, USA","Svajda, Zachary","Altmaier, Daniel",Totals (Games),1,hdp=39.5
2026-08-29T13:52:32Z,74124782,2026-08-31T15:00:00Z,Bet365,"ATP - US Open, New York, USA","Svajda, Zachary","Altmaier, Daniel",Team Total (Aces) Home,8,hdp=0.5 | hdp=2.5 | hdp=4.5 | hdp=9.5 | hdp=14.5 | hdp=19.5
2026-08-29T13:52:32Z,74124782,2026-08-31T15:00:00Z,Bet365,"ATP - US Open, New York, USA","Svajda, Zachary","Altmaier, Daniel",Team Total (Double Faults) Away,7,hdp=0.5 | hdp=1.5 | hdp=2.5 | hdp=4.5 | hdp=7.5 | hdp=9.5
2026-08-29T13:52:32Z,74124782,2026-08-31T15:00:00Z,Bet365,"ATP - US Open, New York, USA","Svajda, Zachary","Altmaier, Daniel",Team Total (Games) Away,1,hdp=20.5
2026-08-29T13:52:32Z,74124782,2026-08-31T15:00:00Z,Bet365,"ATP - US Open, New York, USA","Svajda, Zachary","Altmaier, Daniel",Totals 1st Set,6,hdp=6.5 | hdp=7.5 | hdp=8.5 | hdp=9.5 | hdp=10.5 | hdp=12.5
2026-08-29T13:52:32Z,74124782,2026-08-31T15:00:00Z,Bet365,"ATP - US Open, New York, USA","Svajda, Zachary","Altmaier, Daniel",Totals (Double Faults),8,hdp=1.5 | hdp=2.5 | hdp=4.5 | hdp=7.5 | hdp=9.5 | hdp=11.5
2026-08-29T13:52:32Z,74124786,2026-08-31T15:00:00Z,Bet365,"ATP - US Open, New York, USA","Jodar, Rafael","Kokkinakis, Thanasi",ML,1,"{'home': '1.10', 'away': '7.00'}"
2026-08-29T13:52:32Z,74124786,2026-08-31T15:00:00Z,Bet365,"ATP - US Open, New York, USA","Jodar, Rafael","Kokkinakis, Thanasi",Set Betting,6,label=3-0 (1) | label=3-1 (1) | label=3-2 (1) | label=3-0 (2) | label=3-1 (2) | label=3-2 (2)
2026-08-29T13:52:32Z,74124786,2026-08-31T15:00:00Z,Bet365,"ATP - US Open, New York, USA","Jodar, Rafael","Kokkinakis, Thanasi",Spread (Games),1,hdp=-7.5
2026-08-29T13:52:32Z,74124786,2026-08-31T15:00:00Z,Bet365,"ATP - US Open, New York, USA","Jodar, Rafael","Kokkinakis, Thanasi",Team Total (Double Faults) Away,9,hdp=0.5 | hdp=1.5 | hdp=2.5 | hdp=4.5 | hdp=7.5 | hdp=9.5
2026-08-29T13:52:32Z,74124786,2026-08-31T15:00:00Z,Bet365,"ATP - US Open, New York, USA","Jodar, Rafael","Kokkinakis, Thanasi",Team Total (Double Faults) Home,7,hdp=0.5 | hdp=1.5 | hdp=2.5 | hdp=4.5 | hdp=7.5 | hdp=9.5
2026-08-29T13:52:32Z,74124786,2026-08-31T15:00:00Z,Bet365,"ATP - US Open, New York, USA","Jodar, Rafael","Kokkinakis, Thanasi",Team Total (Games) Home,1,hdp=19.5
2026-08-29T13:52:32Z,74124786,2026-08-31T15:00:00Z,Bet365,"ATP - US Open, New York, USA","Jodar, Rafael","Kokkinakis, Thanasi",Totals 1st Set,6,hdp=10.5 | hdp=7.5 | hdp=9.5 | hdp=6.5 | hdp=8.5 | hdp=12.5
2026-08-29T13:52:32Z,74124786,2026-08-31T15:00:00Z,Bet365,"ATP - US Open, New York, USA","Jodar, Rafael","Kokkinakis, Thanasi",Totals (Double Faults),9,hdp=1.5 | hdp=2.5 | hdp=4.5 | hdp=7.5 | hdp=9.5 | hdp=11.5
2026-08-29T13:52:32Z,74124786,2026-08-31T15:00:00Z,Bet365,"ATP - US Open, New York, USA","Jodar, Rafael","Kokkinakis, Thanasi",Team Total (Games) Away,1,hdp=13.5
2026-08-29T13:52:32Z,74124786,2026-08-31T15:00:00Z,Bet365,"ATP - US Open, New York, USA","Jodar, Rafael","Kokkinakis, Thanasi",Totals (Games),1,hdp=33.5
2026-08-29T13:52:32Z,74124832,2026-08-31T15:00:00Z,Bet365,"WTA - US Open, New York, USA","Kasatkina, Daria","Badosa, Paula",ML,1,"{'home': '2.10', 'away': '1.72'}"
2026-08-29T13:52:32Z,74124832,2026-08-31T15:00:00Z,Bet365,"WTA - US Open, New York, USA","Kasatkina, Daria","Badosa, Paula",Team Total (Games) Away,1,hdp=12.5
2026-08-29T13:52:32Z,74124832,2026-08-31T15:00:00Z,Bet365,"WTA - US Open, New York, USA","Kasatkina, Daria","Badosa, Paula",Team Total (Aces) Home,4,hdp=0.5 | hdp=2.5 | hdp=4.5 | hdp=9.5
2026-08-29T13:52:32Z,74124832,2026-08-31T15:00:00Z,Bet365,"WTA - US Open, New York, USA","Kasatkina, Daria","Badosa, Paula",Totals (Aces),6,hdp=0.5 | hdp=2.5 | hdp=4.5 | hdp=9.5 | hdp=14.5 | hdp=19.5
2026-08-29T13:52:32Z,74124832,2026-08-31T15:00:00Z,Bet365,"WTA - US Open, New York, USA","Kasatkina, Daria","Badosa, Paula",Totals (Double Faults),7,hdp=4.5 | hdp=7.5 | hdp=9.5 | hdp=11.5 | hdp=14.5 | hdp=19.5
2026-08-29T13:52:32Z,74124832,2026-08-31T15:00:00Z,Bet365,"WTA - US Open, New York, USA","Kasatkina, Daria","Badosa, Paula",Totals (Games),1,hdp=21.5
2026-08-29T13:52:32Z,74124832,2026-08-31T15:00:00Z,Bet365,"WTA - US Open, New York, USA","Kasatkina, Daria","Badosa, Paula",Spread (Games),1,hdp=1.5
2026-08-29T13:52:32Z,74124832,2026-08-31T15:00:00Z,Bet365,"WTA - US Open, New York, USA","Kasatkina, Daria","Badosa, Paula",Set Betting,4,label=2-0 (1) | label=2-1 (1) | label=2-0 (2) | label=2-1 (2)
2026-08-29T13:52:32Z,74124832,2026-08-31T15:00:00Z,Bet365,"WTA - US Open, New York, USA","Kasatkina, Daria","Badosa, Paula",Team Total (Aces) Away,5,hdp=0.5 | hdp=2.5 | hdp=4.5 | hdp=9.5 | hdp=14.5
2026-08-29T13:52:32Z,74124832,2026-08-31T15:00:00Z,Bet365,"WTA - US Open, New York, USA","Kasatkina, Daria","Badosa, Paula",Team Total (Double Faults) Away,6,hdp=0.5 | hdp=1.5 | hdp=2.5 | hdp=4.5 | hdp=7.5 | hdp=9.5
2026-08-29T13:52:32Z,74124832,2026-08-31T15:00:00Z,Bet365,"WTA - US Open, New York, USA","Kasatkina, Daria","Badosa, Paula",Team Total (Double Faults) Home,9,hdp=0.5 | hdp=1.5 | hdp=2.5 | hdp=4.5 | hdp=7.5 | hdp=9.5
2026-08-29T13:52:32Z,74124832,2026-08-31T15:00:00Z,Bet365,"WTA - US Open, New York, USA","Kasatkina, Daria","Badosa, Paula",Team Total (Games) Home,1,hdp=11.5
2026-08-29T13:52:32Z,74124832,2026-08-31T15:00:00Z,Bet365,"WTA - US Open, New York, USA","Kasatkina, Daria","Badosa, Paula",Totals 1st Set,6,hdp=6.5 | hdp=7.5 | hdp=8.5 | hdp=9.5 | hdp=10.5 | hdp=12.5
2026-08-29T13:52:32Z,74124836,2026-08-31T15:00:00Z,Bet365,"WTA - US Open, New York, USA","Oliynykova, Oleksandra","Brantmeier, Reese",ML,1,"{'home': '1.90', 'away': '1.90'}"
2026-08-29T13:52:32Z,74124836,2026-08-31T15:00:00Z,Bet365,"WTA - US Open, New York, USA","Oliynykova, Oleksandra","Brantmeier, Reese",Spread (Games),1,hdp=0.5
2026-08-29T13:52:32Z,74124836,2026-08-31T15:00:00Z,Bet365,"WTA - US Open, New York, USA","Oliynykova, Oleksandra","Brantmeier, Reese",Team Total (Double Faults) Away,6,hdp=0.5 | hdp=1.5 | hdp=2.5 | hdp=4.5 | hdp=7.5 | hdp=9.5
2026-08-29T13:52:32Z,74124836,2026-08-31T15:00:00Z,Bet365,"WTA - US Open, New York, USA","Oliynykova, Oleksandra","Brantmeier, Reese",Team Total (Games) Home,1,hdp=12.5
2026-08-29T13:52:32Z,74124836,2026-08-31T15:00:00Z,Bet365,"WTA - US Open, New York, USA","Oliynykova, Oleksandra","Brantmeier, Reese",Totals 1st Set,6,hdp=7.5 | hdp=10.5 | hdp=9.5 | hdp=6.5 | hdp=8.5 | hdp=12.5
2026-08-29T13:52:32Z,74124836,2026-08-31T15:00:00Z,Bet365,"WTA - US Open, New York, USA","Oliynykova, Oleksandra","Brantmeier, Reese",Totals (Double Faults),8,hdp=0.5 | hdp=1.5 | hdp=2.5 | hdp=4.5 | hdp=7.5 | hdp=9.5
2026-08-29T13:52:32Z,74124836,2026-08-31T15:00:00Z,Bet365,"WTA - US Open, New York, USA","Oliynykova, Oleksandra","Brantmeier, Reese",Totals (Games),1,hdp=21.5
2026-08-29T13:52:32Z,74124836,2026-08-31T15:00:00Z,Bet365,"WTA - US Open, New York, USA","Oliynykova, Oleksandra","Brantmeier, Reese",Set Betting,4,label=2-0 (1) | label=2-1 (1) | label=2-0 (2) | label=2-1 (2)
2026-08-29T13:52:32Z,74124836,2026-08-31T15:00:00Z,Bet365,"WTA - US Open, New York, USA","Oliynykova, Oleksandra","Brantmeier, Reese",Team Total (Double Faults) Home,6,hdp=0.5 | hdp=1.5 | hdp=2.5 | hdp=4.5 | hdp=7.5 | hdp=9.5
2026-08-29T13:52:32Z,74124836,2026-08-31T15:00:00Z,Bet365,"WTA - US Open, New York, USA","Oliynykova, Oleksandra","Brantmeier, Reese",Team Total (Games) Away,1,hdp=12.5
2026-08-29T13:52:32Z,74124774,2026-08-31T15:00:00Z,Bet365,"ATP - US Open, New York, USA","Auger-Aliassime, Felix","Hijikata, Rinky",ML,1,"{'home': '1.10', 'away': '7.00'}"
2026-08-29T13:52:32Z,74124774,2026-08-31T15:00:00Z,Bet365,"ATP - US Open, New York, USA","Auger-Aliassime, Felix","Hijikata, Rinky",Totals (Aces),8,hdp=4.5 | hdp=9.5 | hdp=14.5 | hdp=19.5 | hdp=24.5 | hdp=29.5
2026-08-29T13:52:32Z,74124774,2026-08-31T15:00:00Z,Bet365,"ATP - US Open, New York, USA","Auger-Aliassime, Felix","Hijikata, Rinky",Team Total (Double Faults) Away,7,hdp=0.5 | hdp=1.5 | hdp=2.5 | hdp=4.5 | hdp=7.5 | hdp=9.5
2026-08-29T13:52:32Z,74124774,2026-08-31T15:00:00Z,Bet365,"ATP - US Open, New York, USA","Auger-Aliassime, Felix","Hijikata, Rinky",Team Total (Double Faults) Home,9,hdp=0.5 | hdp=1.5 | hdp=2.5 | hdp=4.5 | hdp=7.5 | hdp=9.5
2026-08-29T13:52:32Z,74124774,2026-08-31T15:00:00Z,Bet365,"ATP - US Open, New York, USA","Auger-Aliassime, Felix","Hijikata, Rinky",Team Total (Games) Away,1,hdp=14.5
2026-08-29T13:52:32Z,74124774,2026-08-31T15:00:00Z,Bet365,"ATP - US Open, New York, USA","Auger-Aliassime, Felix","Hijikata, Rinky",Team Total (Games) Home,1,hdp=19.5
2026-08-29T13:52:32Z,74124774,2026-08-31T15:00:00Z,Bet365,"ATP - US Open, New York, USA","Auger-Aliassime, Felix","Hijikata, Rinky",Totals (Games),1,hdp=34.5
2026-08-29T13:52:32Z,74124774,2026-08-31T15:00:00Z,Bet365,"ATP - US Open, New York, USA","Auger-Aliassime, Felix","Hijikata, Rinky",Set Betting,6,label=3-0 (1) | label=3-1 (1) | label=3-2 (1) | label=3-0 (2) | label=3-1 (2) | label=3-2 (2)
2026-08-29T13:52:32Z,74124774,2026-08-31T15:00:00Z,Bet365,"ATP - US Open, New York, USA","Auger-Aliassime, Felix","Hijikata, Rinky",Spread (Games),1,hdp=-6.5
2026-08-29T13:52:32Z,74124774,2026-08-31T15:00:00Z,Bet365,"ATP - US Open, New York, USA","Auger-Aliassime, Felix","Hijikata, Rinky",Team Total (Aces) Away,6,hdp=0.5 | hdp=2.5 | hdp=4.5 | hdp=9.5 | hdp=14.5 | hdp=19.5
2026-08-29T13:52:32Z,74124774,2026-08-31T15:00:00Z,Bet365,"ATP - US Open, New York, USA","Auger-Aliassime, Felix","Hijikata, Rinky",Team Total (Aces) Home,8,hdp=2.5 | hdp=4.5 | hdp=9.5 | hdp=14.5 | hdp=19.5 | hdp=24.5
2026-08-29T13:52:32Z,74124774,2026-08-31T15:00:00Z,Bet365,"ATP - US Open, New York, USA","Auger-Aliassime, Felix","Hijikata, Rinky",Totals 1st Set,6,hdp=6.5 | hdp=7.5 | hdp=8.5 | hdp=10.5 | hdp=12.5 | hdp=9.5
2026-08-29T13:52:32Z,74124774,2026-08-31T15:00:00Z,Bet365,"ATP - US Open, New York, USA","Auger-Aliassime, Felix","Hijikata, Rinky",Totals (Double Faults),9,hdp=1.5 | hdp=2.5 | hdp=4.5 | hdp=7.5 | hdp=9.5 | hdp=11.5
2026-08-29T13:52:32Z,74124778,2026-08-31T15:00:00Z,Bet365,"ATP - US Open, New York, USA","Bergs, Zizou","Taberner, Carlos",ML,1,"{'home': '1.02', 'away': '19.00'}"
2026-08-29T13:52:32Z,74124778,2026-08-31T15:00:00Z,Bet365,"ATP - US Open, New York, USA","Bergs, Zizou","Taberner, Carlos",Team Total (Aces) Away,5,hdp=0.5 | hdp=2.5 | hdp=4.5 | hdp=9.5 | hdp=14.5
2026-08-29T13:52:32Z,74124778,2026-08-31T15:00:00Z,Bet365,"ATP - US Open, New York, USA","Bergs, Zizou","Taberner, Carlos",Totals (Double Faults),7,hdp=4.5 | hdp=7.5 | hdp=9.5 | hdp=11.5 | hdp=14.5 | hdp=19.5
2026-08-29T13:52:32Z,74124778,2026-08-31T15:00:00Z,Bet365,"ATP - US Open, New York, USA","Bergs, Zizou","Taberner, Carlos",Totals (Games),1,hdp=28.5
2026-08-29T13:52:32Z,74124778,2026-08-31T15:00:00Z,Bet365,"ATP - US Open, New York, USA","Bergs, Zizou","Taberner, Carlos",Set Betting,6,label=3-0 (1) | label=3-1 (1) | label=3-2 (1) | label=3-0 (2) | label=3-1 (2) | label=3-2 (2)
2026-08-29T13:52:32Z,74124778,2026-08-31T15:00:00Z,Bet365,"ATP - US Open, New York, USA","Bergs, Zizou","Taberner, Carlos",Spread (Games),1,hdp=-8.5
2026-08-29T13:52:32Z,74124778,2026-08-31T15:00:00Z,Bet365,"ATP - US Open, New York, USA","Bergs, Zizou","Taberner, Carlos",Team Total (Double Faults) Away,9,hdp=1.5 | hdp=2.5 | hdp=4.5 | hdp=7.5 | hdp=9.5 | hdp=11.5
2026-08-29T13:52:32Z,74124778,2026-08-31T15:00:00Z,Bet365,"ATP - US Open, New York, USA","Bergs, Zizou","Taberner, Carlos",Team Total (Double Faults) Home,9,hdp=0.5 | hdp=1.5 | hdp=2.5 | hdp=4.5 | hdp=7.5 | hdp=9.5
2026-08-29T13:52:32Z,74124778,2026-08-31T15:00:00Z,Bet365,"ATP - US Open, New York, USA","Bergs, Zizou","Taberner, Carlos",Team Total (Games) Away,1,hdp=10.5
2026-08-29T13:52:32Z,74124778,2026-08-31T15:00:00Z,Bet365,"ATP - US Open, New York, USA","Bergs, Zizou","Taberner, Carlos",Totals 1st Set,6,hdp=6.5 | hdp=7.5 | hdp=8.5 | hdp=9.5 | hdp=10.5 | hdp=12.5
2026-08-29T13:52:32Z,74124778,2026-08-31T15:00:00Z,Bet365,"ATP - US Open, New York, USA","Bergs, Zizou","Taberner, Carlos",Totals (Aces),8,hdp=2.5 | hdp=4.5 | hdp=9.5 | hdp=14.5 | hdp=19.5 | hdp=24.5
2026-08-29T13:52:32Z,74124778,2026-08-31T15:00:00Z,Bet365,"ATP - US Open, New York, USA","Bergs, Zizou","Taberner, Carlos",Team Total (Games) Home,1,hdp=18.5
2026-08-29T13:52:32Z,74124778,2026-08-31T15:00:00Z,Bet365,"ATP - US Open, New York, USA","Bergs, Zizou","Taberner, Carlos",Team Total (Aces) Home,8,hdp=0.5 | hdp=2.5 | hdp=4.5 | hdp=9.5 | hdp=14.5 | hdp=19.5
2026-08-29T13:52:32Z,74124890,2026-08-31T15:00:00Z,Bet365,"WTA - US Open, New York, USA","Stephens, Sloane","Tauson, Clara",ML,1,"{'home': '3.20', 'away': '1.36'}"
2026-08-29T13:52:32Z,74124890,2026-08-31T15:00:00Z,Bet365,"WTA - US Open, New York, USA","Stephens, Sloane","Tauson, Clara",Set Betting,4,label=2-0 (1) | label=2-1 (1) | label=2-0 (2) | label=2-1 (2)
2026-08-29T13:52:32Z,74124890,2026-08-31T15:00:00Z,Bet365,"WTA - US Open, New York, USA","Stephens, Sloane","Tauson, Clara",Spread (Games),1,hdp=3.5
2026-08-29T13:52:32Z,74124890,2026-08-31T15:00:00Z,Bet365,"WTA - US Open, New York, USA","Stephens, Sloane","Tauson, Clara",Team Total (Double Faults) Away,9,hdp=0.5 | hdp=1.5 | hdp=2.5 | hdp=4.5 | hdp=7.5 | hdp=9.5
2026-08-29T13:52:32Z,74124890,2026-08-31T15:00:00Z,Bet365,"WTA - US Open, New York, USA","Stephens, Sloane","Tauson, Clara",Team Total (Games) Away,1,hdp=12.5
2026-08-29T13:52:32Z,74124890,2026-08-31T15:00:00Z,Bet365,"WTA - US Open, New York, USA","Stephens, Sloane","Tauson, Clara",Team Total (Games) Home,1,hdp=11.5
2026-08-29T13:52:32Z,74124890,2026-08-31T15:00:00Z,Bet365,"WTA - US Open, New York, USA","Stephens, Sloane","Tauson, Clara",Totals (Aces),7,hdp=0.5 | hdp=2.5 | hdp=4.5 | hdp=9.5 | hdp=14.5 | hdp=19.5
2026-08-29T13:52:32Z,74124890,2026-08-31T15:00:00Z,Bet365,"WTA - US Open, New York, USA","Stephens, Sloane","Tauson, Clara",Totals (Double Faults),8,hdp=1.5 | hdp=2.5 | hdp=4.5 | hdp=7.5 | hdp=9.5 | hdp=11.5
2026-08-29T13:52:32Z,74124890,2026-08-31T15:00:00Z,Bet365,"WTA - US Open, New York, USA","Stephens, Sloane","Tauson, Clara",Team Total (Aces) Away,6,hdp=0.5 | hdp=2.5 | hdp=4.5 | hdp=9.5 | hdp=14.5 | hdp=19.5
2026-08-29T13:52:32Z,74124890,2026-08-31T15:00:00Z,Bet365,"WTA - US Open, New York, USA","Stephens, Sloane","Tauson, Clara",Team Total (Aces) Home,5,hdp=0.5 | hdp=2.5 | hdp=4.5 | hdp=9.5 | hdp=14.5
2026-08-29T13:52:32Z,74124890,2026-08-31T15:00:00Z,Bet365,"WTA - US Open, New York, USA","Stephens, Sloane","Tauson, Clara",Team Total (Double Faults) Home,5,hdp=0.5 | hdp=1.5 | hdp=2.5 | hdp=4.5 | hdp=7.5
2026-08-29T13:52:32Z,74124890,2026-08-31T15:00:00Z,Bet365,"WTA - US Open, New York, USA","Stephens, Sloane","Tauson, Clara",Totals 1st Set,6,hdp=6.5 | hdp=7.5 | hdp=8.5 | hdp=9.5 | hdp=10.5 | hdp=12.5
2026-08-29T13:52:32Z,74124890,2026-08-31T15:00:00Z,Bet365,"WTA - US Open, New York, USA","Stephens, Sloane","Tauson, Clara",Totals (Games),1,hdp=21.5
2026-08-29T13:52:32Z,74124892,2026-08-31T15:00:00Z,Bet365,"WTA - US Open, New York, USA","Snigur, Daria","Shnaider, Diana",ML,1,"{'home': '3.40', 'away': '1.33'}"
2026-08-29T13:52:32Z,74124892,2026-08-31T15:00:00Z,Bet365,"WTA - US Open, New York, USA","Snigur, Daria","Shnaider, Diana",Team Total (Double Faults) Away,6,hdp=0.5 | hdp=1.5 | hdp=2.5 | hdp=4.5 | hdp=7.5 | hdp=9.5
2026-08-29T13:52:32Z,74124892,2026-08-31T15:00:00Z,Bet365,"WTA - US Open, New York, USA","Snigur, Daria","Shnaider, Diana",Set Betting,4,label=2-0 (1) | label=2-1 (1) | label=2-0 (2) | label=2-1 (2)
2026-08-29T13:52:32Z,74124892,2026-08-31T15:00:00Z,Bet365,"WTA - US Open, New York, USA","Snigur, Daria","Shnaider, Diana",Spread (Games),1,hdp=4.5
2026-08-29T13:52:32Z,74124892,2026-08-31T15:00:00Z,Bet365,"WTA - US Open, New York, USA","Snigur, Daria","Shnaider, Diana",Team Total (Aces) Away,5,hdp=0.5 | hdp=2.5 | hdp=4.5 | hdp=9.5 | hdp=14.5
2026-08-29T13:52:32Z,74124892,2026-08-31T15:00:00Z,Bet365,"WTA - US Open, New York, USA","Snigur, Daria","Shnaider, Diana",Team Total (Aces) Home,4,hdp=0.5 | hdp=2.5 | hdp=4.5 | hdp=9.5
2026-08-29T13:52:32Z,74124892,2026-08-31T15:00:00Z,Bet365,"WTA - US Open, New York, USA","Snigur, Daria","Shnaider, Diana",Totals (Aces),6,hdp=2.5 | hdp=0.5 | hdp=4.5 | hdp=9.5 | hdp=14.5 | hdp=19.5
2026-08-29T13:52:32Z,74124892,2026-08-31T15:00:00Z,Bet365,"WTA - US Open, New York, USA","Snigur, Daria","Shnaider, Diana",Team Total (Double Faults) Home,7,hdp=0.5 | hdp=1.5 | hdp=2.5 | hdp=4.5 | hdp=7.5 | hdp=9.5
2026-08-29T13:52:32Z,74124892,2026-08-31T15:00:00Z,Bet365,"WTA - US Open, New York, USA","Snigur, Daria","Shnaider, Diana",Team Total (Games) Home,1,hdp=10.5
2026-08-29T13:52:32Z,74124892,2026-08-31T15:00:00Z,Bet365,"WTA - US Open, New York, USA","Snigur, Daria","Shnaider, Diana",Totals (Double Faults),9,hdp=0.5 | hdp=1.5 | hdp=2.5 | hdp=4.5 | hdp=7.5 | hdp=9.5
2026-08-29T13:52:32Z,74124892,2026-08-31T15:00:00Z,Bet365,"WTA - US Open, New York, USA","Snigur, Daria","Shnaider, Diana",Totals (Games),1,hdp=21.5
2026-08-29T13:52:32Z,74124892,2026-08-31T15:00:00Z,Bet365,"WTA - US Open, New York, USA","Snigur, Daria","Shnaider, Diana",Team Total (Games) Away,1,hdp=12.5
2026-08-29T13:52:32Z,74124892,2026-08-31T15:00:00Z,Bet365,"WTA - US Open, New York, USA","Snigur, Daria","Shnaider, Diana",Totals 1st Set,6,hdp=6.5 | hdp=8.5 | hdp=9.5 | hdp=10.5 | hdp=12.5 | hdp=7.5
2026-08-29T13:52:32Z,74124842,2026-08-31T15:00:00Z,Bet365,"WTA - US Open, New York, USA","Tagger, Lilli","Korpatsch, Tamara",ML,1,"{'home': '1.20', 'away': '4.50'}"
2026-08-29T13:52:32Z,74124842,2026-08-31T15:00:00Z,Bet365,"WTA - US Open, New York, USA","Tagger, Lilli","Korpatsch, Tamara",Spread (Games),1,hdp=-5.5
2026-08-29T13:52:32Z,74124842,2026-08-31T15:00:00Z,Bet365,"WTA - US Open, New York, USA","Tagger, Lilli","Korpatsch, Tamara",Team Total (Games) Away,1,hdp=7.5
2026-08-29T13:52:32Z,74124842,2026-08-31T15:00:00Z,Bet365,"WTA - US Open, New York, USA","Tagger, Lilli","Korpatsch, Tamara",Team Total (Games) Home,1,hdp=12.5
2026-08-29T13:52:32Z,74124842,2026-08-31T15:00:00Z,Bet365,"WTA - US Open, New York, USA","Tagger, Lilli","Korpatsch, Tamara",Totals 1st Set,6,hdp=6.5 | hdp=7.5 | hdp=8.5 | hdp=9.5 | hdp=10.5 | hdp=12.5
2026-08-29T13:52:32Z,74124842,2026-08-31T15:00:00Z,Bet365,"WTA - US Open, New York, USA","Tagger, Lilli","Korpatsch, Tamara",Totals (Games),1,hdp=19.5
2026-08-29T13:52:32Z,74124842,2026-08-31T15:00:00Z,Bet365,"WTA - US Open, New York, USA","Tagger, Lilli","Korpatsch, Tamara",Set Betting,4,label=2-0 (1) | label=2-1 (1) | label=2-0 (2) | label=2-1 (2)
2026-08-29T13:52:32Z,74124844,2026-08-31T15:00:00Z,Bet365,"WTA - US Open, New York, USA","Potapova, Anastasia","Valentova, Tereza",ML,1,"{'home': '2.75', 'away': '1.44'}"
2026-08-29T13:52:32Z,74124844,2026-08-31T15:00:00Z,Bet365,"WTA - US Open, New York, USA","Potapova, Anastasia","Valentova, Tereza",Team Total (Double Faults) Away,8,hdp=0.5 | hdp=1.5 | hdp=2.5 | hdp=4.5 | hdp=7.5 | hdp=9.5
2026-08-29T13:52:32Z,74124844,2026-08-31T15:00:00Z,Bet365,"WTA - US Open, New York, USA","Potapova, Anastasia","Valentova, Tereza",Totals (Games),1,hdp=21.5
2026-08-29T13:52:32Z,74124844,2026-08-31T15:00:00Z,Bet365,"WTA - US Open, New York, USA","Potapova, Anastasia","Valentova, Tereza",Spread (Games),1,hdp=3.5
2026-08-29T13:52:32Z,74124844,2026-08-31T15:00:00Z,Bet365,"WTA - US Open, New York, USA","Potapova, Anastasia","Valentova, Tereza",Team Total (Aces) Away,4,hdp=0.5 | hdp=2.5 | hdp=4.5 | hdp=9.5
2026-08-29T13:52:32Z,74124844,2026-08-31T15:00:00Z,Bet365,"WTA - US Open, New York, USA","Potapova, Anastasia","Valentova, Tereza",Team Total (Aces) Home,5,hdp=0.5 | hdp=2.5 | hdp=4.5 | hdp=9.5 | hdp=14.5
2026-08-29T13:52:32Z,74124844,2026-08-31T15:00:00Z,Bet365,"WTA - US Open, New York, USA","Potapova, Anastasia","Valentova, Tereza",Totals (Double Faults),9,hdp=1.5 | hdp=2.5 | hdp=4.5 | hdp=7.5 | hdp=9.5 | hdp=11.5
2026-08-29T13:52:32Z,74124844,2026-08-31T15:00:00Z,Bet365,"WTA - US Open, New York, USA","Potapova, Anastasia","Valentova, Tereza",Team Total (Games) Away,1,hdp=12.5
2026-08-29T13:52:32Z,74124844,2026-08-31T15:00:00Z,Bet365,"WTA - US Open, New York, USA","Potapova, Anastasia","Valentova, Tereza",Team Total (Games) Home,1,hdp=11.5
2026-08-29T13:52:32Z,74124844,2026-08-31T15:00:00Z,Bet365,"WTA - US Open, New York, USA","Potapova, Anastasia","Valentova, Tereza",Totals 1st Set,6,hdp=6.5 | hdp=9.5 | hdp=12.5 | hdp=7.5 | hdp=8.5 | hdp=10.5
2026-08-29T13:52:32Z,74124844,2026-08-31T15:00:00Z,Bet365,"WTA - US Open, New York, USA","Potapova, Anastasia","Valentova, Tereza",Set Betting,4,label=2-0 (1) | label=2-1 (1) | label=2-0 (2) | label=2-1 (2)
2026-08-29T13:52:32Z,74124844,2026-08-31T15:00:00Z,Bet365,"WTA - US Open, New York, USA","Potapova, Anastasia","Valentova, Tereza",Team Total (Double Faults) Home,8,hdp=0.5 | hdp=1.5 | hdp=2.5 | hdp=4.5 | hdp=7.5 | hdp=9.5
2026-08-29T13:52:32Z,74124844,2026-08-31T15:00:00Z,Bet365,"WTA - US Open, New York, USA","Potapova, Anastasia","Valentova, Tereza",Totals (Aces),6,hdp=0.5 | hdp=2.5 | hdp=4.5 | hdp=9.5 | hdp=14.5 | hdp=19.5
2026-08-29T13:52:32Z,74124852,2026-08-31T15:00:00Z,Bet365,"WTA - US Open, New York, USA","Kraus, Sinja","Muchova, Karolina",ML,1,"{'home': '7.00', 'away': '1.10'}"
2026-08-29T13:52:32Z,74124852,2026-08-31T15:00:00Z,Bet365,"WTA - US Open, New York, USA","Kraus, Sinja","Muchova, Karolina",Set Betting,4,label=2-0 (1) | label=2-1 (1) | label=2-0 (2) | label=2-1 (2)
2026-08-29T13:52:32Z,74124852,2026-08-31T15:00:00Z,Bet365,"WTA - US Open, New York, USA","Kraus, Sinja","Muchova, Karolina",Team Total (Double Faults) Away,5,hdp=0.5 | hdp=1.5 | hdp=2.5 | hdp=4.5 | hdp=7.5
2026-08-29T13:52:32Z,74124852,2026-08-31T15:00:00Z,Bet365,"WTA - US Open, New York, USA","Kraus, Sinja","Muchova, Karolina",Team Total (Games) Away,1,hdp=12.5
2026-08-29T13:52:32Z,74124852,2026-08-31T15:00:00Z,Bet365,"WTA - US Open, New York, USA","Kraus, Sinja","Muchova, Karolina",Totals (Games),1,hdp=18.5
2026-08-29T13:52:32Z,74124852,2026-08-31T15:00:00Z,Bet365,"WTA - US Open, New York, USA","Kraus, Sinja","Muchova, Karolina",Spread (Games),1,hdp=5.5
2026-08-29T13:52:32Z,74124852,2026-08-31T15:00:00Z,Bet365,"WTA - US Open, New York, USA","Kraus, Sinja","Muchova, Karolina",Team Total (Aces) Away,5,hdp=0.5 | hdp=2.5 | hdp=4.5 | hdp=9.5 | hdp=14.5
2026-08-29T13:52:32Z,74124852,2026-08-31T15:00:00Z,Bet365,"WTA - US Open, New York, USA","Kraus, Sinja","Muchova, Karolina",Team Total (Aces) Home,4,hdp=0.5 | hdp=2.5 | hdp=4.5 | hdp=9.5
2026-08-29T13:52:32Z,74124852,2026-08-31T15:00:00Z,Bet365,"WTA - US Open, New York, USA","Kraus, Sinja","Muchova, Karolina",Team Total (Double Faults) Home,7,hdp=0.5 | hdp=1.5 | hdp=2.5 | hdp=4.5 | hdp=7.5 | hdp=9.5
2026-08-29T13:52:32Z,74124852,2026-08-31T15:00:00Z,Bet365,"WTA - US Open, New York, USA","Kraus, Sinja","Muchova, Karolina",Team Total (Games) Home,1,hdp=6.5
2026-08-29T13:52:32Z,74124852,2026-08-31T15:00:00Z,Bet365,"WTA - US Open, New York, USA","Kraus, Sinja","Muchova, Karolina",Totals 1st Set,6,hdp=6.5 | hdp=7.5 | hdp=8.5 | hdp=9.5 | hdp=10.5 | hdp=12.5
2026-08-29T13:52:32Z,74124852,2026-08-31T15:00:00Z,Bet365,"WTA - US Open, New York, USA","Kraus, Sinja","Muchova, Karolina",Totals (Aces),6,hdp=0.5 | hdp=2.5 | hdp=4.5 | hdp=9.5 | hdp=14.5 | hdp=19.5
2026-08-29T13:52:32Z,74124852,2026-08-31T15:00:00Z,Bet365,"WTA - US Open, New York, USA","Kraus, Sinja","Muchova, Karolina",Totals (Double Faults),8,hdp=0.5 | hdp=1.5 | hdp=2.5 | hdp=4.5 | hdp=7.5 | hdp=9.5
2026-08-29T13:52:32Z,74124884,2026-08-31T15:00:00Z,Bet365,"WTA - US Open, New York, USA","Li, Ann","Ruzic, Antonia",ML,1,"{'home': '1.30', 'away': '3.50'}"
2026-08-29T13:52:32Z,74124884,2026-08-31T15:00:00Z,Bet365,"WTA - US Open, New York, USA","Li, Ann","Ruzic, Antonia",Team Total (Games) Home,1,hdp=12.5
2026-08-29T13:52:32Z,74124884,2026-08-31T15:00:00Z,Bet365,"WTA - US Open, New York, USA","Li, Ann","Ruzic, Antonia",Team Total (Games) Away,1,hdp=9.5
2026-08-29T13:52:32Z,74124884,2026-08-31T15:00:00Z,Bet365,"WTA - US Open, New York, USA","Li, Ann","Ruzic, Antonia",Set Betting,4,label=2-0 (1) | label=2-1 (1) | label=2-0 (2) | label=2-1 (2)
2026-08-29T13:52:32Z,74124884,2026-08-31T15:00:00Z,Bet365,"WTA - US Open, New York, USA","Li, Ann","Ruzic, Antonia",Totals 1st Set,6,hdp=8.5 | hdp=9.5 | hdp=10.5 | hdp=7.5 | hdp=12.5 | hdp=6.5
2026-08-29T13:52:32Z,74124884,2026-08-31T15:00:00Z,Bet365,"WTA - US Open, New York, USA","Li, Ann","Ruzic, Antonia",Totals (Aces),6,hdp=0.5 | hdp=2.5 | hdp=4.5 | hdp=9.5 | hdp=14.5 | hdp=19.5
2026-08-29T13:52:32Z,74124884,2026-08-31T15:00:00Z,Bet365,"WTA - US Open, New York, USA","Li, Ann","Ruzic, Antonia",Spread (Games),1,hdp=-4.5
2026-08-29T13:52:32Z,74124884,2026-08-31T15:00:00Z,Bet365,"WTA - US Open, New York, USA","Li, Ann","Ruzic, Antonia",Team Total (Aces) Away,4,hdp=4.5 | hdp=9.5 | hdp=0.5 | hdp=2.5
2026-08-29T13:52:32Z,74124884,2026-08-31T15:00:00Z,Bet365,"WTA - US Open, New York, USA","Li, Ann","Ruzic, Antonia",Team Total (Aces) Home,5,hdp=0.5 | hdp=2.5 | hdp=4.5 | hdp=14.5 | hdp=9.5
2026-08-29T13:52:32Z,74124884,2026-08-31T15:00:00Z,Bet365,"WTA - US Open, New York, USA","Li, Ann","Ruzic, Antonia",Team Total (Double Faults) Away,6,hdp=0.5 | hdp=1.5 | hdp=2.5 | hdp=4.5 | hdp=7.5 | hdp=9.5
2026-08-29T13:52:32Z,74124884,2026-08-31T15:00:00Z,Bet365,"WTA - US Open, New York, USA","Li, Ann","Ruzic, Antonia",Team Total (Double Faults) Home,7,hdp=0.5 | hdp=1.5 | hdp=2.5 | hdp=4.5 | hdp=7.5 | hdp=9.5
2026-08-29T13:52:32Z,74124884,2026-08-31T15:00:00Z,Bet365,"WTA - US Open, New York, USA","Li, Ann","Ruzic, Antonia",Totals (Double Faults),9,hdp=0.5 | hdp=1.5 | hdp=2.5 | hdp=4.5 | hdp=7.5 | hdp=9.5
2026-08-29T13:52:32Z,74124884,2026-08-31T15:00:00Z,Bet365,"WTA - US Open, New York, USA","Li, Ann","Ruzic, Antonia",Totals (Games),1,hdp=20.5
2026-08-29T13:52:32Z,74124838,2026-08-31T15:00:00Z,Bet365,"WTA - US Open, New York, USA","Jovic, Iva","Frech, Magdalena",ML,1,"{'home': '1.30', 'away': '3.50'}"
2026-08-29T13:52:32Z,74124838,2026-08-31T15:00:00Z,Bet365,"WTA - US Open, New York, USA","Jovic, Iva","Frech, Magdalena",Team Total (Double Faults) Away,5,hdp=0.5 | hdp=1.5 | hdp=2.5 | hdp=4.5 | hdp=7.5
2026-08-29T13:52:32Z,74124838,2026-08-31T15:00:00Z,Bet365,"WTA - US Open, New York, USA","Jovic, Iva","Frech, Magdalena",Set Betting,4,label=2-0 (1) | label=2-1 (1) | label=2-0 (2) | label=2-1 (2)
2026-08-29T13:52:32Z,74124838,2026-08-31T15:00:00Z,Bet365,"WTA - US Open, New York, USA","Jovic, Iva","Frech, Magdalena",Totals (Aces),7,hdp=0.5 | hdp=2.5 | hdp=4.5 | hdp=9.5 | hdp=14.5 | hdp=19.5
2026-08-29T13:52:32Z,74124838,2026-08-31T15:00:00Z,Bet365,"WTA - US Open, New York, USA","Jovic, Iva","Frech, Magdalena",Team Total (Double Faults) Home,6,hdp=0.5 | hdp=1.5 | hdp=2.5 | hdp=4.5 | hdp=7.5 | hdp=9.5
2026-08-29T13:52:32Z,74124838,2026-08-31T15:00:00Z,Bet365,"WTA - US Open, New York, USA","Jovic, Iva","Frech, Magdalena",Team Total (Games) Away,1,hdp=10.5
2026-08-29T13:52:32Z,74124838,2026-08-31T15:00:00Z,Bet365,"WTA - US Open, New York, USA","Jovic, Iva","Frech, Magdalena",Team Total (Games) Home,1,hdp=12.5
2026-08-29T13:52:32Z,74124838,2026-08-31T15:00:00Z,Bet365,"WTA - US Open, New York, USA","Jovic, Iva","Frech, Magdalena",Totals 1st Set,6,hdp=6.5 | hdp=7.5 | hdp=8.5 | hdp=9.5 | hdp=10.5 | hdp=12.5
2026-08-29T13:52:32Z,74124838,2026-08-31T15:00:00Z,Bet365,"WTA - US Open, New York, USA","Jovic, Iva","Frech, Magdalena",Totals (Double Faults),8,hdp=0.5 | hdp=1.5 | hdp=2.5 | hdp=4.5 | hdp=7.5 | hdp=9.5
2026-08-29T13:52:32Z,74124838,2026-08-31T15:00:00Z,Bet365,"WTA - US Open, New York, USA","Jovic, Iva","Frech, Magdalena",Totals (Games),1,hdp=21.5
2026-08-29T13:52:32Z,74124838,2026-08-31T15:00:00Z,Bet365,"WTA - US Open, New York, USA","Jovic, Iva","Frech, Magdalena",Spread (Games),1,hdp=-4.5
2026-08-29T13:52:32Z,74124838,2026-08-31T15:00:00Z,Bet365,"WTA - US Open, New York, USA","Jovic, Iva","Frech, Magdalena",Team Total (Aces) Away,5,hdp=0.5 | hdp=2.5 | hdp=4.5 | hdp=9.5 | hdp=14.5
2026-08-29T13:52:32Z,74124838,2026-08-31T15:00:00Z,Bet365,"WTA - US Open, New York, USA","Jovic, Iva","Frech, Magdalena",Team Total (Aces) Home,5,hdp=0.5 | hdp=2.5 | hdp=4.5 | hdp=9.5 | hdp=14.5
2026-08-29T13:52:32Z,74124846,2026-08-31T15:00:00Z,Bet365,"WTA - US Open, New York, USA","Maria, Tatjana","Ostapenko, Jelena",ML,1,"{'home': '2.37', 'away': '1.57'}"
2026-08-29T13:52:32Z,74124846,2026-08-31T15:00:00Z,Bet365,"WTA - US Open, New York, USA","Maria, Tatjana","Ostapenko, Jelena",Totals (Double Faults),8,hdp=2.5 | hdp=4.5 | hdp=7.5 | hdp=9.5 | hdp=11.5 | hdp=14.5
2026-08-29T13:52:32Z,74124846,2026-08-31T15:00:00Z,Bet365,"WTA - US Open, New York, USA","Maria, Tatjana","Ostapenko, Jelena",Totals (Aces),8,hdp=0.5 | hdp=2.5 | hdp=4.5 | hdp=9.5 | hdp=14.5 | hdp=19.5
2026-08-29T13:52:32Z,74124846,2026-08-31T15:00:00Z,Bet365,"WTA - US Open, New York, USA","Maria, Tatjana","Ostapenko, Jelena",Totals 1st Set,6,hdp=6.5 | hdp=12.5 | hdp=7.5 | hdp=8.5 | hdp=9.5 | hdp=10.5
2026-08-29T13:52:32Z,74124846,2026-08-31T15:00:00Z,Bet365,"WTA - US Open, New York, USA","Maria, Tatjana","Ostapenko, Jelena",Team Total (Aces) Home,6,hdp=0.5 | hdp=2.5 | hdp=4.5 | hdp=9.5 | hdp=14.5 | hdp=19.5
2026-08-29T13:52:32Z,74124846,2026-08-31T15:00:00Z,Bet365,"WTA - US Open, New York, USA","Maria, Tatjana","Ostapenko, Jelena",Team Total (Games) Away,1,hdp=12.5
2026-08-29T13:52:32Z,74124846,2026-08-31T15:00:00Z,Bet365,"WTA - US Open, New York, USA","Maria, Tatjana","Ostapenko, Jelena",Team Total (Games) Home,1,hdp=11.5
2026-08-29T13:52:32Z,74124846,2026-08-31T15:00:00Z,Bet365,"WTA - US Open, New York, USA","Maria, Tatjana","Ostapenko, Jelena",Totals (Games),1,hdp=22.5
2026-08-29T13:52:32Z,74124846,2026-08-31T15:00:00Z,Bet365,"WTA - US Open, New York, USA","Maria, Tatjana","Ostapenko, Jelena",Set Betting,4,label=2-0 (1) | label=2-1 (1) | label=2-0 (2) | label=2-1 (2)
2026-08-29T13:52:32Z,74124846,2026-08-31T15:00:00Z,Bet365,"WTA - US Open, New York, USA","Maria, Tatjana","Ostapenko, Jelena",Spread (Games),1,hdp=2.5
2026-08-29T13:52:32Z,74124846,2026-08-31T15:00:00Z,Bet365,"WTA - US Open, New York, USA","Maria, Tatjana","Ostapenko, Jelena",Team Total (Aces) Away,5,hdp=0.5 | hdp=2.5 | hdp=4.5 | hdp=9.5 | hdp=14.5
2026-08-29T13:52:32Z,74124846,2026-08-31T15:00:00Z,Bet365,"WTA - US Open, New York, USA","Maria, Tatjana","Ostapenko, Jelena",Team Total (Double Faults) Away,10,hdp=0.5 | hdp=1.5 | hdp=2.5 | hdp=4.5 | hdp=7.5 | hdp=9.5
2026-08-29T13:52:32Z,74124846,2026-08-31T15:00:00Z,Bet365,"WTA - US Open, New York, USA","Maria, Tatjana","Ostapenko, Jelena",Team Total (Double Faults) Home,6,hdp=0.5 | hdp=1.5 | hdp=2.5 | hdp=4.5 | hdp=7.5 | hdp=9.5
2026-08-29T13:52:32Z,74124848,2026-08-31T15:00:00Z,Bet365,"WTA - US Open, New York, USA","Bartunkova, Nikola","Sherif Ahmed Abdelaziz, Mayar",ML,1,"{'home': '1.20', 'away': '4.50'}"
2026-08-29T13:52:32Z,74124848,2026-08-31T15:00:00Z,Bet365,"WTA - US Open, New York, USA","Bartunkova, Nikola","Sherif Ahmed Abdelaziz, Mayar",Team Total (Aces) Home,5,hdp=0.5 | hdp=2.5 | hdp=4.5 | hdp=9.5 | hdp=14.5
2026-08-29T13:52:32Z,74124848,2026-08-31T15:00:00Z,Bet365,"WTA - US Open, New York, USA","Bartunkova, Nikola","Sherif Ahmed Abdelaziz, Mayar",Team Total (Games) Away,1,hdp=8.5
2026-08-29T13:52:32Z,74124848,2026-08-31T15:00:00Z,Bet365,"WTA - US Open, New York, USA","Bartunkova, Nikola","Sherif Ahmed Abdelaziz, Mayar",Totals (Games),1,hdp=20.5
2026-08-29T13:52:32Z,74124848,2026-08-31T15:00:00Z,Bet365,"WTA - US Open, New York, USA","Bartunkova, Nikola","Sherif Ahmed Abdelaziz, Mayar",Set Betting,4,label=2-0 (1) | label=2-1 (1) | label=2-0 (2) | label=2-1 (2)
2026-08-29T13:52:32Z,74124848,2026-08-31T15:00:00Z,Bet365,"WTA - US Open, New York, USA","Bartunkova, Nikola","Sherif Ahmed Abdelaziz, Mayar",Spread (Games),1,hdp=-4.5
2026-08-29T13:52:32Z,74124848,2026-08-31T15:00:00Z,Bet365,"WTA - US Open, New York, USA","Bartunkova, Nikola","Sherif Ahmed Abdelaziz, Mayar",Team Total (Aces) Away,4,hdp=0.5 | hdp=2.5 | hdp=4.5 | hdp=9.5
2026-08-29T13:52:32Z,74124848,2026-08-31T15:00:00Z,Bet365,"WTA - US Open, New York, USA","Bartunkova, Nikola","Sherif Ahmed Abdelaziz, Mayar",Team Total (Double Faults) Home,8,hdp=0.5 | hdp=1.5 | hdp=2.5 | hdp=4.5 | hdp=7.5 | hdp=9.5
2026-08-29T13:52:32Z,74124848,2026-08-31T15:00:00Z,Bet365,"WTA - US Open, New York, USA","Bartunkova, Nikola","Sherif Ahmed Abdelaziz, Mayar",Team Total (Games) Home,1,hdp=12.5
2026-08-29T13:52:32Z,74124848,2026-08-31T15:00:00Z,Bet365,"WTA - US Open, New York, USA","Bartunkova, Nikola","Sherif Ahmed Abdelaziz, Mayar",Totals 1st Set,6,hdp=6.5 | hdp=7.5 | hdp=9.5 | hdp=10.5 | hdp=12.5 | hdp=8.5
2026-08-29T13:52:32Z,74124848,2026-08-31T15:00:00Z,Bet365,"WTA - US Open, New York, USA","Bartunkova, Nikola","Sherif Ahmed Abdelaziz, Mayar",Totals (Aces),6,hdp=0.5 | hdp=2.5 | hdp=4.5 | hdp=9.5 | hdp=14.5 | hdp=19.5
2026-08-29T13:52:32Z,74124848,2026-08-31T15:00:00Z,Bet365,"WTA - US Open, New York, USA","Bartunkova, Nikola","Sherif Ahmed Abdelaziz, Mayar",Totals (Double Faults),9,hdp=0.5 | hdp=1.5 | hdp=2.5 | hdp=4.5 | hdp=7.5 | hdp=9.5
2026-08-29T13:52:32Z,74124848,2026-08-31T15:00:00Z,Bet365,"WTA - US Open, New York, USA","Bartunkova, Nikola","Sherif Ahmed Abdelaziz, Mayar",Team Total (Double Faults) Away,5,hdp=0.5 | hdp=1.5 | hdp=2.5 | hdp=4.5 | hdp=7.5
2026-08-29T13:52:32Z,74124850,2026-08-31T15:00:00Z,Bet365,"WTA - US Open, New York, USA","Andreeva, Mirra","Tjen, Janice",ML,1,"{'home': '1.12', 'away': '6.00'}"
2026-08-29T13:52:32Z,74124850,2026-08-31T15:00:00Z,Bet365,"WTA - US Open, New York, USA","Andreeva, Mirra","Tjen, Janice",Team Total (Aces) Home,5,hdp=0.5 | hdp=2.5 | hdp=4.5 | hdp=9.5 | hdp=14.5
2026-08-29T13:52:32Z,74124850,2026-08-31T15:00:00Z,Bet365,"WTA - US Open, New York, USA","Andreeva, Mirra","Tjen, Janice",Team Total (Games) Home,1,hdp=12.5
2026-08-29T13:52:32Z,74124850,2026-08-31T15:00:00Z,Bet365,"WTA - US Open, New York, USA","Andreeva, Mirra","Tjen, Janice",Totals (Aces),7,hdp=0.5 | hdp=2.5 | hdp=4.5 | hdp=9.5 | hdp=14.5 | hdp=19.5
2026-08-29T13:52:32Z,74124850,2026-08-31T15:00:00Z,Bet365,"WTA - US Open, New York, USA","Andreeva, Mirra","Tjen, Janice",Totals (Games),1,hdp=19.5
2026-08-29T13:52:32Z,74124850,2026-08-31T15:00:00Z,Bet365,"WTA - US Open, New York, USA","Andreeva, Mirra","Tjen, Janice",Team Total (Double Faults) Home,7,hdp=0.5 | hdp=1.5 | hdp=2.5 | hdp=4.5 | hdp=7.5 | hdp=9.5
2026-08-29T13:52:32Z,74124850,2026-08-31T15:00:00Z,Bet365,"WTA - US Open, New York, USA","Andreeva, Mirra","Tjen, Janice",Team Total (Aces) Away,5,hdp=0.5 | hdp=2.5 | hdp=4.5 | hdp=9.5 | hdp=14.5
2026-08-29T13:52:32Z,74124850,2026-08-31T15:00:00Z,Bet365,"WTA - US Open, New York, USA","Andreeva, Mirra","Tjen, Janice",Team Total (Double Faults) Away,6,hdp=0.5 | hdp=1.5 | hdp=2.5 | hdp=4.5 | hdp=7.5 | hdp=9.5
2026-08-29T13:52:32Z,74124850,2026-08-31T15:00:00Z,Bet365,"WTA - US Open, New York, USA","Andreeva, Mirra","Tjen, Janice",Team Total (Games) Away,1,hdp=7.5
2026-08-29T13:52:32Z,74124850,2026-08-31T15:00:00Z,Bet365,"WTA - US Open, New York, USA","Andreeva, Mirra","Tjen, Janice",Totals 1st Set,6,hdp=6.5 | hdp=7.5 | hdp=8.5 | hdp=9.5 | hdp=10.5 | hdp=12.5
2026-08-29T13:52:32Z,74124850,2026-08-31T15:00:00Z,Bet365,"WTA - US Open, New York, USA","Andreeva, Mirra","Tjen, Janice",Totals (Double Faults),9,hdp=0.5 | hdp=1.5 | hdp=2.5 | hdp=4.5 | hdp=7.5 | hdp=9.5
2026-08-29T13:52:32Z,74124850,2026-08-31T15:00:00Z,Bet365,"WTA - US Open, New York, USA","Andreeva, Mirra","Tjen, Janice",Set Betting,4,label=2-0 (1) | label=2-1 (1) | label=2-0 (2) | label=2-1 (2)
2026-08-29T13:52:32Z,74124850,2026-08-31T15:00:00Z,Bet365,"WTA - US Open, New York, USA","Andreeva, Mirra","Tjen, Janice",Spread (Games),1,hdp=-5.5
2026-08-29T13:52:32Z,74124898,2026-08-31T15:00:00Z,Bet365,"WTA - US Open, New York, USA","Chwalinska, Maja","Townsend, Taylor",ML,1,"{'home': '2.75', 'away': '1.44'}"
2026-08-29T13:52:32Z,74124898,2026-08-31T15:00:00Z,Bet365,"WTA - US Open, New York, USA","Chwalinska, Maja","Townsend, Taylor",Set Betting,4,label=2-0 (1) | label=2-1 (1) | label=2-0 (2) | label=2-1 (2)
2026-08-29T13:52:32Z,74124898,2026-08-31T15:00:00Z,Bet365,"WTA - US Open, New York, USA","Chwalinska, Maja","Townsend, Taylor",Team Total (Aces) Home,4,hdp=0.5 | hdp=2.5 | hdp=4.5 | hdp=9.5
2026-08-29T13:52:32Z,74124898,2026-08-31T15:00:00Z,Bet365,"WTA - US Open, New York, USA","Chwalinska, Maja","Townsend, Taylor",Team Total (Double Faults) Away,5,hdp=1.5 | hdp=0.5 | hdp=2.5 | hdp=4.5 | hdp=7.5
2026-08-29T13:52:32Z,74124898,2026-08-31T15:00:00Z,Bet365,"WTA - US Open, New York, USA","Chwalinska, Maja","Townsend, Taylor",Team Total (Double Faults) Home,6,hdp=0.5 | hdp=1.5 | hdp=2.5 | hdp=4.5 | hdp=7.5 | hdp=9.5
2026-08-29T13:52:32Z,74124898,2026-08-31T15:00:00Z,Bet365,"WTA - US Open, New York, USA","Chwalinska, Maja","Townsend, Taylor",Team Total (Games) Home,1,hdp=11.5
2026-08-29T13:52:32Z,74124898,2026-08-31T15:00:00Z,Bet365,"WTA - US Open, New York, USA","Chwalinska, Maja","Townsend, Taylor",Totals 1st Set,6,hdp=7.5 | hdp=8.5 | hdp=9.5 | hdp=12.5 | hdp=6.5 | hdp=10.5
2026-08-29T13:52:32Z,74124898,2026-08-31T15:00:00Z,Bet365,"WTA - US Open, New York, USA","Chwalinska, Maja","Townsend, Taylor",Totals (Double Faults),8,hdp=0.5 | hdp=1.5 | hdp=2.5 | hdp=4.5 | hdp=7.5 | hdp=9.5
2026-08-29T13:52:32Z,74124898,2026-08-31T15:00:00Z,Bet365,"WTA - US Open, New York, USA","Chwalinska, Maja","Townsend, Taylor",Spread (Games),1,hdp=3.5
2026-08-29T13:52:32Z,74124898,2026-08-31T15:00:00Z,Bet365,"WTA - US Open, New York, USA","Chwalinska, Maja","Townsend, Taylor",Team Total (Aces) Away,5,hdp=0.5 | hdp=2.5 | hdp=4.5 | hdp=9.5 | hdp=14.5
2026-08-29T13:52:32Z,74124898,2026-08-31T15:00:00Z,Bet365,"WTA - US Open, New York, USA","Chwalinska, Maja","Townsend, Taylor",Team Total (Games) Away,1,hdp=12.5
2026-08-29T13:52:32Z,74124898,2026-08-31T15:00:00Z,Bet365,"WTA - US Open, New York, USA","Chwalinska, Maja","Townsend, Taylor",Totals (Aces),6,hdp=0.5 | hdp=2.5 | hdp=4.5 | hdp=9.5 | hdp=14.5 | hdp=19.5
2026-08-29T13:52:32Z,74124898,2026-08-31T15:00:00Z,Bet365,"WTA - US Open, New York, USA","Chwalinska, Maja","Townsend, Taylor",Totals (Games),1,hdp=21.5
2026-08-29T13:52:32Z,74124902,2026-08-31T15:00:00Z,Bet365,"WTA - US Open, New York, USA","Ito, Aoi","Selekhmeteva, Oksana",ML,1,"{'home': '2.30', 'away': '1.61'}"
2026-08-29T13:52:32Z,74124902,2026-08-31T15:00:00Z,Bet365,"WTA - US Open, New York, USA","Ito, Aoi","Selekhmeteva, Oksana",Team Total (Games) Away,1,hdp=12.5
2026-08-29T13:52:32Z,74124902,2026-08-31T15:00:00Z,Bet365,"WTA - US Open, New York, USA","Ito, Aoi","Selekhmeteva, Oksana",Set Betting,4,label=2-0 (1) | label=2-1 (1) | label=2-0 (2) | label=2-1 (2)
2026-08-29T13:52:32Z,74124902,2026-08-31T15:00:00Z,Bet365,"WTA - US Open, New York, USA","Ito, Aoi","Selekhmeteva, Oksana",Spread (Games),1,hdp=2.5
2026-08-29T13:52:32Z,74124902,2026-08-31T15:00:00Z,Bet365,"WTA - US Open, New York, USA","Ito, Aoi","Selekhmeteva, Oksana",Team Total (Double Faults) Away,10,hdp=0.5 | hdp=1.5 | hdp=2.5 | hdp=4.5 | hdp=7.5 | hdp=9.5
2026-08-29T13:52:32Z,74124902,2026-08-31T15:00:00Z,Bet365,"WTA - US Open, New York, USA","Ito, Aoi","Selekhmeteva, Oksana",Team Total (Double Faults) Home,8,hdp=0.5 | hdp=1.5 | hdp=2.5 | hdp=4.5 | hdp=7.5 | hdp=9.5
2026-08-29T13:52:32Z,74124902,2026-08-31T15:00:00Z,Bet365,"WTA - US Open, New York, USA","Ito, Aoi","Selekhmeteva, Oksana",Totals (Double Faults),8,hdp=2.5 | hdp=4.5 | hdp=7.5 | hdp=9.5 | hdp=11.5 | hdp=14.5
2026-08-29T13:52:32Z,74124902,2026-08-31T15:00:00Z,Bet365,"WTA - US Open, New York, USA","Ito, Aoi","Selekhmeteva, Oksana",Totals (Aces),5,hdp=0.5 | hdp=2.5 | hdp=4.5 | hdp=9.5 | hdp=14.5
2026-08-29T13:52:32Z,74124902,2026-08-31T15:00:00Z,Bet365,"WTA - US Open, New York, USA","Ito, Aoi","Selekhmeteva, Oksana",Totals (Games),1,hdp=21.5
2026-08-29T13:52:32Z,74124902,2026-08-31T15:00:00Z,Bet365,"WTA - US Open, New York, USA","Ito, Aoi","Selekhmeteva, Oksana",Team Total (Aces) Away,4,hdp=0.5 | hdp=2.5 | hdp=4.5 | hdp=9.5
2026-08-29T13:52:32Z,74124902,2026-08-31T15:00:00Z,Bet365,"WTA - US Open, New York, USA","Ito, Aoi","Selekhmeteva, Oksana",Team Total (Aces) Home,4,hdp=0.5 | hdp=2.5 | hdp=4.5 | hdp=9.5
2026-08-29T13:52:32Z,74124902,2026-08-31T15:00:00Z,Bet365,"WTA - US Open, New York, USA","Ito, Aoi","Selekhmeteva, Oksana",Team Total (Games) Home,1,hdp=11.5
2026-08-29T13:52:32Z,74124902,2026-08-31T15:00:00Z,Bet365,"WTA - US Open, New York, USA","Ito, Aoi","Selekhmeteva, Oksana",Totals 1st Set,6,hdp=6.5 | hdp=8.5 | hdp=9.5 | hdp=10.5 | hdp=12.5 | hdp=7.5
2026-08-29T13:52:32Z,74124904,2026-08-31T15:30:00Z,Bet365,"WTA - US Open, New York, USA","Sabalenka, Aryna","Osorio, Camila",ML,1,"{'home': '1.06', 'away': '10.00'}"
2026-08-29T13:52:32Z,74124904,2026-08-31T15:30:00Z,Bet365,"WTA - US Open, New York, USA","Sabalenka, Aryna","Osorio, Camila",Set Betting,4,label=2-0 (1) | label=2-1 (1) | label=2-0 (2) | label=2-1 (2)
2026-08-29T13:52:32Z,74124904,2026-08-31T15:30:00Z,Bet365,"WTA - US Open, New York, USA","Sabalenka, Aryna","Osorio, Camila",Team Total (Double Faults) Away,8,hdp=0.5 | hdp=1.5 | hdp=2.5 | hdp=4.5 | hdp=7.5 | hdp=9.5
2026-08-29T13:52:32Z,74124904,2026-08-31T15:30:00Z,Bet365,"WTA - US Open, New York, USA","Sabalenka, Aryna","Osorio, Camila",Team Total (Double Faults) Home,6,hdp=0.5 | hdp=1.5 | hdp=2.5 | hdp=4.5 | hdp=7.5 | hdp=9.5
2026-08-29T13:52:32Z,74124904,2026-08-31T15:30:00Z,Bet365,"WTA - US Open, New York, USA","Sabalenka, Aryna","Osorio, Camila",Totals (Aces),7,hdp=0.5 | hdp=2.5 | hdp=4.5 | hdp=9.5 | hdp=14.5 | hdp=19.5
2026-08-29T13:52:32Z,74124904,2026-08-31T15:30:00Z,Bet365,"WTA - US Open, New York, USA","Sabalenka, Aryna","Osorio, Camila",Totals (Double Faults),8,hdp=1.5 | hdp=2.5 | hdp=4.5 | hdp=7.5 | hdp=9.5 | hdp=11.5
2026-08-29T13:52:32Z,74124904,2026-08-31T15:30:00Z,Bet365,"WTA - US Open, New York, USA","Sabalenka, Aryna","Osorio, Camila",Spread (Games),1,hdp=-6.5
2026-08-29T13:52:32Z,74124904,2026-08-31T15:30:00Z,Bet365,"WTA - US Open, New York, USA","Sabalenka, Aryna","Osorio, Camila",Team Total (Aces) Away,4,hdp=0.5 | hdp=2.5 | hdp=4.5 | hdp=9.5
2026-08-29T13:52:32Z,74124904,2026-08-31T15:30:00Z,Bet365,"WTA - US Open, New York, USA","Sabalenka, Aryna","Osorio, Camila",Team Total (Games) Away,1,hdp=6.5
2026-08-29T13:52:32Z,74124904,2026-08-31T15:30:00Z,Bet365,"WTA - US Open, New York, USA","Sabalenka, Aryna","Osorio, Camila",Team Total (Games) Home,1,hdp=12.5
2026-08-29T13:52:32Z,74124904,2026-08-31T15:30:00Z,Bet365,"WTA - US Open, New York, USA","Sabalenka, Aryna","Osorio, Camila",Totals 1st Set,6,hdp=6.5 | hdp=7.5 | hdp=8.5 | hdp=9.5 | hdp=10.5 | hdp=12.5
2026-08-29T13:52:32Z,74124904,2026-08-31T15:30:00Z,Bet365,"WTA - US Open, New York, USA","Sabalenka, Aryna","Osorio, Camila",Totals (Games),1,hdp=18.5
2026-08-29T13:52:32Z,74124904,2026-08-31T15:30:00Z,Bet365,"WTA - US Open, New York, USA","Sabalenka, Aryna","Osorio, Camila",Team Total (Aces) Home,5,hdp=0.5 | hdp=2.5 | hdp=4.5 | hdp=9.5 | hdp=14.5
2026-08-29T13:52:32Z,74124784,2026-08-31T16:10:00Z,Bet365,"ATP - US Open, New York, USA","Marozsan, Fabian","Zheng, Michael",ML,1,"{'home': '2.10', 'away': '1.72'}"
2026-08-29T13:52:32Z,74124784,2026-08-31T16:10:00Z,Bet365,"ATP - US Open, New York, USA","Marozsan, Fabian","Zheng, Michael",Set Betting,6,label=3-0 (1) | label=3-1 (1) | label=3-2 (1) | label=3-0 (2) | label=3-1 (2) | label=3-2 (2)
2026-08-29T13:52:32Z,74124784,2026-08-31T16:10:00Z,Bet365,"ATP - US Open, New York, USA","Marozsan, Fabian","Zheng, Michael",Team Total (Double Faults) Away,8,hdp=0.5 | hdp=1.5 | hdp=2.5 | hdp=4.5 | hdp=7.5 | hdp=9.5
2026-08-29T13:52:32Z,74124784,2026-08-31T16:10:00Z,Bet365,"ATP - US Open, New York, USA","Marozsan, Fabian","Zheng, Michael",Team Total (Games) Away,1,hdp=19.5
2026-08-29T13:52:32Z,74124784,2026-08-31T16:10:00Z,Bet365,"ATP - US Open, New York, USA","Marozsan, Fabian","Zheng, Michael",Totals (Games),1,hdp=37.5
2026-08-29T13:52:32Z,74124784,2026-08-31T16:10:00Z,Bet365,"ATP - US Open, New York, USA","Marozsan, Fabian","Zheng, Michael",Spread (Games),1,hdp=1.5
2026-08-29T13:52:32Z,74124784,2026-08-31T16:10:00Z,Bet365,"ATP - US Open, New York, USA","Marozsan, Fabian","Zheng, Michael",Team Total (Aces) Away,7,hdp=0.5 | hdp=2.5 | hdp=4.5 | hdp=9.5 | hdp=14.5 | hdp=24.5
2026-08-29T13:52:32Z,74124784,2026-08-31T16:10:00Z,Bet365,"ATP - US Open, New York, USA","Marozsan, Fabian","Zheng, Michael",Team Total (Aces) Home,7,hdp=0.5 | hdp=2.5 | hdp=4.5 | hdp=9.5 | hdp=14.5 | hdp=19.5
2026-08-29T13:52:32Z,74124784,2026-08-31T16:10:00Z,Bet365,"ATP - US Open, New York, USA","Marozsan, Fabian","Zheng, Michael",Team Total (Double Faults) Home,7,hdp=0.5 | hdp=1.5 | hdp=2.5 | hdp=4.5 | hdp=7.5 | hdp=9.5
2026-08-29T13:52:32Z,74124784,2026-08-31T16:10:00Z,Bet365,"ATP - US Open, New York, USA","Marozsan, Fabian","Zheng, Michael",Team Total (Games) Home,1,hdp=19.5
2026-08-29T13:52:32Z,74124784,2026-08-31T16:10:00Z,Bet365,"ATP - US Open, New York, USA","Marozsan, Fabian","Zheng, Michael",Totals 1st Set,6,hdp=6.5 | hdp=7.5 | hdp=8.5 | hdp=9.5 | hdp=12.5 | hdp=10.5
2026-08-29T13:52:32Z,74124784,2026-08-31T16:10:00Z,Bet365,"ATP - US Open, New York, USA","Marozsan, Fabian","Zheng, Michael",Totals (Aces),8,hdp=2.5 | hdp=4.5 | hdp=9.5 | hdp=14.5 | hdp=19.5 | hdp=29.5
2026-08-29T13:52:32Z,74124784,2026-08-31T16:10:00Z,Bet365,"ATP - US Open, New York, USA","Marozsan, Fabian","Zheng, Michael",Totals (Double Faults),8,hdp=1.5 | hdp=2.5 | hdp=4.5 | hdp=7.5 | hdp=9.5 | hdp=11.5
2026-08-29T13:52:32Z,74124704,2026-08-31T16:40:00Z,Bet365,"ATP - US Open, New York, USA","Safiullin, Roman","Alcaraz, Carlos",ML,1,"{'home': '5.00', 'away': '1.16'}"
2026-08-29T13:52:32Z,74124704,2026-08-31T16:40:00Z,Bet365,"ATP - US Open, New York, USA","Safiullin, Roman","Alcaraz, Carlos",Totals (Aces),8,hdp=2.5 | hdp=4.5 | hdp=9.5 | hdp=14.5 | hdp=19.5 | hdp=24.5
2026-08-29T13:52:32Z,74124704,2026-08-31T16:40:00Z,Bet365,"ATP - US Open, New York, USA","Safiullin, Roman","Alcaraz, Carlos",Totals (Double Faults),8,hdp=1.5 | hdp=2.5 | hdp=4.5 | hdp=7.5 | hdp=9.5 | hdp=11.5
2026-08-29T13:52:32Z,74124704,2026-08-31T16:40:00Z,Bet365,"ATP - US Open, New York, USA","Safiullin, Roman","Alcaraz, Carlos",Set Betting,6,label=3-0 (1) | label=3-1 (1) | label=3-2 (1) | label=3-0 (2) | label=3-1 (2) | label=3-2 (2)
2026-08-29T13:52:32Z,74124704,2026-08-31T16:40:00Z,Bet365,"ATP - US Open, New York, USA","Safiullin, Roman","Alcaraz, Carlos",Team Total (Aces) Home,6,hdp=0.5 | hdp=2.5 | hdp=4.5 | hdp=9.5 | hdp=14.5 | hdp=19.5
2026-08-29T13:52:32Z,74124704,2026-08-31T16:40:00Z,Bet365,"ATP - US Open, New York, USA","Safiullin, Roman","Alcaraz, Carlos",Team Total (Games) Away,1,hdp=20.5
2026-08-29T13:52:32Z,74124704,2026-08-31T16:40:00Z,Bet365,"ATP - US Open, New York, USA","Safiullin, Roman","Alcaraz, Carlos",Totals 1st Set,6,hdp=6.5 | hdp=7.5 | hdp=8.5 | hdp=9.5 | hdp=12.5 | hdp=10.5
2026-08-29T13:52:32Z,74124704,2026-08-31T16:40:00Z,Bet365,"ATP - US Open, New York, USA","Safiullin, Roman","Alcaraz, Carlos",Totals (Games),1,hdp=35.5
2026-08-29T13:52:32Z,74124704,2026-08-31T16:40:00Z,Bet365,"ATP - US Open, New York, USA","Safiullin, Roman","Alcaraz, Carlos",Spread (Games),1,hdp=6.5
2026-08-29T13:52:32Z,74124704,2026-08-31T16:40:00Z,Bet365,"ATP - US Open, New York, USA","Safiullin, Roman","Alcaraz, Carlos",Team Total (Aces) Away,7,hdp=0.5 | hdp=2.5 | hdp=4.5 | hdp=9.5 | hdp=14.5 | hdp=19.5
2026-08-29T13:52:32Z,74124704,2026-08-31T16:40:00Z,Bet365,"ATP - US Open, New York, USA","Safiullin, Roman","Alcaraz, Carlos",Team Total (Double Faults) Away,6,hdp=0.5 | hdp=1.5 | hdp=2.5 | hdp=4.5 | hdp=7.5 | hdp=9.5
2026-08-29T13:52:32Z,74124704,2026-08-31T16:40:00Z,Bet365,"ATP - US Open, New York, USA","Safiullin, Roman","Alcaraz, Carlos",Team Total (Double Faults) Home,8,hdp=0.5 | hdp=1.5 | hdp=2.5 | hdp=4.5 | hdp=7.5 | hdp=9.5
2026-08-29T13:52:32Z,74124704,2026-08-31T16:40:00Z,Bet365,"ATP - US Open, New York, USA","Safiullin, Roman","Alcaraz, Carlos",Team Total (Games) Home,1,hdp=15.5
2026-08-29T13:52:32Z,74124840,2026-08-31T16:40:00Z,Bet365,"WTA - US Open, New York, USA","Krueger, Ashlyn","Anisimova, Amanda",ML,1,"{'home': '5.00', 'away': '1.16'}"
2026-08-29T13:52:32Z,74124840,2026-08-31T16:40:00Z,Bet365,"WTA - US Open, New York, USA","Krueger, Ashlyn","Anisimova, Amanda",Team Total (Double Faults) Away,7,hdp=0.5 | hdp=1.5 | hdp=2.5 | hdp=4.5 | hdp=7.5 | hdp=9.5
2026-08-29T13:52:32Z,74124840,2026-08-31T16:40:00Z,Bet365,"WTA - US Open, New York, USA","Krueger, Ashlyn","Anisimova, Amanda",Team Total (Games) Away,1,hdp=12.5
2026-08-29T13:52:32Z,74124840,2026-08-31T16:40:00Z,Bet365,"WTA - US Open, New York, USA","Krueger, Ashlyn","Anisimova, Amanda",Team Total (Games) Home,1,hdp=8.5
2026-08-29T13:52:32Z,74124840,2026-08-31T16:40:00Z,Bet365,"WTA - US Open, New York, USA","Krueger, Ashlyn","Anisimova, Amanda",Totals (Double Faults),3,hdp=1.5 | hdp=2.5 | hdp=4.5
2026-08-29T13:52:32Z,74124840,2026-08-31T16:40:00Z,Bet365,"WTA - US Open, New York, USA","Krueger, Ashlyn","Anisimova, Amanda",Team Total (Double Faults) Home,8,hdp=0.5 | hdp=1.5 | hdp=2.5 | hdp=4.5 | hdp=7.5 | hdp=9.5
2026-08-29T13:52:32Z,74124840,2026-08-31T16:40:00Z,Bet365,"WTA - US Open, New York, USA","Krueger, Ashlyn","Anisimova, Amanda",Totals 1st Set,6,hdp=7.5 | hdp=9.5 | hdp=10.5 | hdp=6.5 | hdp=8.5 | hdp=12.5
2026-08-29T13:52:32Z,74124840,2026-08-31T16:40:00Z,Bet365,"WTA - US Open, New York, USA","Krueger, Ashlyn","Anisimova, Amanda",Totals (Games),1,hdp=20.5
2026-08-29T13:52:32Z,74124840,2026-08-31T16:40:00Z,Bet365,"WTA - US Open, New York, USA","Krueger, Ashlyn","Anisimova, Amanda",Set Betting,4,label=2-0 (1) | label=2-1 (1) | label=2-0 (2) | label=2-1 (2)
2026-08-29T13:52:32Z,74124840,2026-08-31T16:40:00Z,Bet365,"WTA - US Open, New York, USA","Krueger, Ashlyn","Anisimova, Amanda",Spread (Games),1,hdp=4.5
2026-08-29T13:52:32Z,74124828,2026-08-31T23:00:00Z,Bet365,"WTA - US Open, New York, USA","Swiatek, Iga","Wang, Xiyu",ML,1,"{'home': '1.08', 'away': '8.00'}"
2026-08-29T13:52:32Z,74124828,2026-08-31T23:00:00Z,Bet365,"WTA - US Open, New York, USA","Swiatek, Iga","Wang, Xiyu",Set Betting,4,label=2-0 (1) | label=2-1 (1) | label=2-0 (2) | label=2-1 (2)
2026-08-29T13:52:32Z,74124828,2026-08-31T23:00:00Z,Bet365,"WTA - US Open, New York, USA","Swiatek, Iga","Wang, Xiyu",Spread (Games),1,hdp=-6.5
2026-08-29T13:52:32Z,74124828,2026-08-31T23:00:00Z,Bet365,"WTA - US Open, New York, USA","Swiatek, Iga","Wang, Xiyu",Team Total (Games) Away,1,hdp=5.5
2026-08-29T13:52:32Z,74124828,2026-08-31T23:00:00Z,Bet365,"WTA - US Open, New York, USA","Swiatek, Iga","Wang, Xiyu",Team Total (Games) Home,1,hdp=12.5
2026-08-29T13:52:32Z,74124828,2026-08-31T23:00:00Z,Bet365,"WTA - US Open, New York, USA","Swiatek, Iga","Wang, Xiyu",Totals 1st Set,6,hdp=6.5 | hdp=7.5 | hdp=8.5 | hdp=9.5 | hdp=10.5 | hdp=12.5
2026-08-29T13:52:32Z,74124828,2026-08-31T23:00:00Z,Bet365,"WTA - US Open, New York, USA","Swiatek, Iga","Wang, Xiyu",Totals (Games),1,hdp=17.5
2026-08-29T13:52:32Z,74124728,2026-08-31T23:00:00Z,Bet365,"ATP - US Open, New York, USA","Shelton, Ben","Griekspoor, Tallon",ML,1,"{'home': '1.12', 'away': '6.00'}"
2026-08-29T13:52:32Z,74124728,2026-08-31T23:00:00Z,Bet365,"ATP - US Open, New York, USA","Shelton, Ben","Griekspoor, Tallon",Team Total (Double Faults) Home,6,hdp=0.5 | hdp=1.5 | hdp=2.5 | hdp=4.5 | hdp=7.5 | hdp=9.5
2026-08-29T13:52:32Z,74124728,2026-08-31T23:00:00Z,Bet365,"ATP - US Open, New York, USA","Shelton, Ben","Griekspoor, Tallon",Totals (Aces),7,hdp=19.5 | hdp=24.5 | hdp=29.5 | hdp=39.5 | hdp=9.5 | hdp=14.5
2026-08-29T13:52:32Z,74124728,2026-08-31T23:00:00Z,Bet365,"ATP - US Open, New York, USA","Shelton, Ben","Griekspoor, Tallon",Totals (Double Faults),8,hdp=1.5 | hdp=2.5 | hdp=4.5 | hdp=7.5 | hdp=9.5 | hdp=11.5
2026-08-29T13:52:32Z,74124728,2026-08-31T23:00:00Z,Bet365,"ATP - US Open, New York, USA","Shelton, Ben","Griekspoor, Tallon",Totals 1st Set,6,hdp=6.5 | hdp=7.5 | hdp=9.5 | hdp=8.5 | hdp=10.5 | hdp=12.5
2026-08-29T13:52:32Z,74124728,2026-08-31T23:00:00Z,Bet365,"ATP - US Open, New York, USA","Shelton, Ben","Griekspoor, Tallon",Team Total (Aces) Home,9,hdp=9.5 | hdp=14.5 | hdp=2.5 | hdp=4.5 | hdp=19.5 | hdp=24.5
2026-08-29T13:52:32Z,74124728,2026-08-31T23:00:00Z,Bet365,"ATP - US Open, New York, USA","Shelton, Ben","Griekspoor, Tallon",Team Total (Games) Home,1,hdp=20.5
2026-08-29T13:52:32Z,74124728,2026-08-31T23:00:00Z,Bet365,"ATP - US Open, New York, USA","Shelton, Ben","Griekspoor, Tallon",Team Total (Games) Away,1,hdp=16.5
2026-08-29T13:52:32Z,74124728,2026-08-31T23:00:00Z,Bet365,"ATP - US Open, New York, USA","Shelton, Ben","Griekspoor, Tallon",Totals (Games),1,hdp=36.5
2026-08-29T13:52:32Z,74124728,2026-08-31T23:00:00Z,Bet365,"ATP - US Open, New York, USA","Shelton, Ben","Griekspoor, Tallon",Set Betting,6,label=3-0 (1) | label=3-1 (1) | label=3-2 (1) | label=3-0 (2) | label=3-1 (2) | label=3-2 (2)
2026-08-29T13:52:32Z,74124728,2026-08-31T23:00:00Z,Bet365,"ATP - US Open, New York, USA","Shelton, Ben","Griekspoor, Tallon",Spread (Games),1,hdp=-5.5
2026-08-29T13:52:32Z,74124728,2026-08-31T23:00:00Z,Bet365,"ATP - US Open, New York, USA","Shelton, Ben","Griekspoor, Tallon",Team Total (Aces) Away,8,hdp=4.5 | hdp=9.5 | hdp=29.5 | hdp=0.5 | hdp=2.5 | hdp=14.5
2026-08-29T13:52:32Z,74124728,2026-08-31T23:00:00Z,Bet365,"ATP - US Open, New York, USA","Shelton, Ben","Griekspoor, Tallon",Team Total (Double Faults) Away,8,hdp=0.5 | hdp=1.5 | hdp=2.5 | hdp=4.5 | hdp=7.5 | hdp=9.5
2026-08-29T13:52:32Z,74124706,2026-08-30T17:20:00Z,Bet365,"ATP - US Open, New York, USA","Faria, Jaime","Brooksby, Jenson",ML,1,"{'home': '2.00', 'away': '1.80'}"
2026-08-29T13:52:32Z,74124706,2026-08-30T17:20:00Z,Bet365,"ATP - US Open, New York, USA","Faria, Jaime","Brooksby, Jenson",Totals 1st Set,6,hdp=6.5 | hdp=7.5 | hdp=8.5 | hdp=9.5 | hdp=10.5 | hdp=12.5
2026-08-29T13:52:32Z,74124706,2026-08-30T17:20:00Z,Bet365,"ATP - US Open, New York, USA","Faria, Jaime","Brooksby, Jenson",Totals (Games),1,hdp=38.5
2026-08-29T13:52:32Z,74124706,2026-08-30T17:20:00Z,Bet365,"ATP - US Open, New York, USA","Faria, Jaime","Brooksby, Jenson",Set Betting,6,label=3-0 (1) | label=3-1 (1) | label=3-2 (1) | label=3-0 (2) | label=3-1 (2) | label=3-2 (2)
2026-08-29T13:52:32Z,74124706,2026-08-30T17:20:00Z,Bet365,"ATP - US Open, New York, USA","Faria, Jaime","Brooksby, Jenson",Spread (Games),1,hdp=1.5
2026-08-29T13:52:32Z,74124706,2026-08-30T17:20:00Z,Bet365,"ATP - US Open, New York, USA","Faria, Jaime","Brooksby, Jenson",Team Total (Games) Away,1,hdp=19.5
2026-08-29T13:52:32Z,74124706,2026-08-30T17:20:00Z,Bet365,"ATP - US Open, New York, USA","Faria, Jaime","Brooksby, Jenson",Team Total (Games) Home,1,hdp=19.5
2026-08-29T13:52:32Z,74124730,2026-08-30T23:00:00Z,Bet365,"ATP - US Open, New York, USA","Navone, Mariano","Djokovic, Novak",ML,1,"{'home': '4.50', 'away': '1.20'}"
2026-08-29T13:52:32Z,74124730,2026-08-30T23:00:00Z,Bet365,"ATP - US Open, New York, USA","Navone, Mariano","Djokovic, Novak",Set Betting,6,label=3-0 (1) | label=3-1 (1) | label=3-2 (1) | label=3-0 (2) | label=3-1 (2) | label=3-2 (2)
2026-08-29T13:52:32Z,74124730,2026-08-30T23:00:00Z,Bet365,"ATP - US Open, New York, USA","Navone, Mariano","Djokovic, Novak",Spread (Games),1,hdp=6.5
2026-08-29T13:52:32Z,74124730,2026-08-30T23:00:00Z,Bet365,"ATP - US Open, New York, USA","Navone, Mariano","Djokovic, Novak",Team Total (Games) Away,1,hdp=19.5
2026-08-29T13:52:32Z,74124730,2026-08-30T23:00:00Z,Bet365,"ATP - US Open, New York, USA","Navone, Mariano","Djokovic, Novak",Team Total (Games) Home,1,hdp=14.5
2026-08-29T13:52:32Z,74124730,2026-08-30T23:00:00Z,Bet365,"ATP - US Open, New York, USA","Navone, Mariano","Djokovic, Novak",Totals 1st Set,6,hdp=6.5 | hdp=10.5 | hdp=8.5 | hdp=9.5 | hdp=12.5 | hdp=7.5
2026-08-29T13:52:32Z,74124730,2026-08-30T23:00:00Z,Bet365,"ATP - US Open, New York, USA","Navone, Mariano","Djokovic, Novak",Totals (Games),1,hdp=33.5
2026-08-29T13:52:32Z,74124862,2026-08-31T15:00:00Z,Bet365,"WTA - US Open, New York, USA","Joint, Maya","Samsonova, Liudmila",ML,1,"{'home': '3.20', 'away': '1.36'}"
2026-08-29T13:52:32Z,74124862,2026-08-31T15:00:00Z,Bet365,"WTA - US Open, New York, USA","Joint, Maya","Samsonova, Liudmila",Team Total (Games) Away,1,hdp=12.5
2026-08-29T13:52:32Z,74124862,2026-08-31T15:00:00Z,Bet365,"WTA - US Open, New York, USA","Joint, Maya","Samsonova, Liudmila",Team Total (Games) Home,1,hdp=10.5
2026-08-29T13:52:32Z,74124862,2026-08-31T15:00:00Z,Bet365,"WTA - US Open, New York, USA","Joint, Maya","Samsonova, Liudmila",Totals 1st Set,6,hdp=6.5 | hdp=7.5 | hdp=8.5 | hdp=9.5 | hdp=10.5 | hdp=12.5
2026-08-29T13:52:32Z,74124862,2026-08-31T15:00:00Z,Bet365,"WTA - US Open, New York, USA","Joint, Maya","Samsonova, Liudmila",Totals (Games),1,hdp=21.5
2026-08-29T13:52:32Z,74124862,2026-08-31T15:00:00Z,Bet365,"WTA - US Open, New York, USA","Joint, Maya","Samsonova, Liudmila",Set Betting,4,label=2-0 (1) | label=2-1 (1) | label=2-0 (2) | label=2-1 (2)
2026-08-29T13:52:32Z,74124862,2026-08-31T15:00:00Z,Bet365,"WTA - US Open, New York, USA","Joint, Maya","Samsonova, Liudmila",Spread (Games),1,hdp=3.5
2026-08-29T13:52:32Z,74124900,2026-08-30T15:00:00Z,Bet365,"WTA - US Open, New York, USA","Rakhimova, Kamilla","Krejcikova, Barbora",ML,1,"{'home': '3.75', 'away': '1.28'}"
2026-08-29T13:52:32Z,74124900,2026-08-30T15:00:00Z,Bet365,"WTA - US Open, New York, USA","Rakhimova, Kamilla","Krejcikova, Barbora",Set Betting,4,label=2-0 (1) | label=2-1 (1) | label=2-0 (2) | label=2-1 (2)
2026-08-29T13:52:32Z,74124900,2026-08-30T15:00:00Z,Bet365,"WTA - US Open, New York, USA","Rakhimova, Kamilla","Krejcikova, Barbora",Spread (Games),1,hdp=4.5
2026-08-29T13:52:32Z,74124900,2026-08-30T15:00:00Z,Bet365,"WTA - US Open, New York, USA","Rakhimova, Kamilla","Krejcikova, Barbora",Team Total (Games) Away,1,hdp=12.5
2026-08-29T13:52:32Z,74124900,2026-08-30T15:00:00Z,Bet365,"WTA - US Open, New York, USA","Rakhimova, Kamilla","Krejcikova, Barbora",Team Total (Games) Home,1,hdp=8.5
2026-08-29T13:52:32Z,74124900,2026-08-30T15:00:00Z,Bet365,"WTA - US Open, New York, USA","Rakhimova, Kamilla","Krejcikova, Barbora",Totals 1st Set,6,hdp=6.5 | hdp=7.5 | hdp=8.5 | hdp=9.5 | hdp=10.5 | hdp=12.5
2026-08-29T13:52:32Z,74124900,2026-08-30T15:00:00Z,Bet365,"WTA - US Open, New York, USA","Rakhimova, Kamilla","Krejcikova, Barbora",Totals (Games),1,hdp=20.5
2026-08-29T13:52:32Z,74124876,2026-08-31T00:40:00Z,Bet365,"WTA - US Open, New York, USA","Williams, Venus","Kenin, Sofia",ML,1,"{'home': '6.00', 'away': '1.12'}"
2026-08-29T13:52:32Z,74124876,2026-08-31T00:40:00Z,Bet365,"WTA - US Open, New York, USA","Williams, Venus","Kenin, Sofia",Team Total (Games) Home,1,hdp=7.5
2026-08-29T13:52:32Z,74124876,2026-08-31T00:40:00Z,Bet365,"WTA - US Open, New York, USA","Williams, Venus","Kenin, Sofia",Totals 1st Set,6,hdp=7.5 | hdp=8.5 | hdp=9.5 | hdp=10.5 | hdp=6.5 | hdp=12.5
2026-08-29T13:52:32Z,74124876,2026-08-31T00:40:00Z,Bet365,"WTA - US Open, New York, USA","Williams, Venus","Kenin, Sofia",Totals (Games),1,hdp=19.5
2026-08-29T13:52:32Z,74124876,2026-08-31T00:40:00Z,Bet365,"WTA - US Open, New York, USA","Williams, Venus","Kenin, Sofia",Set Betting,4,label=2-0 (1) | label=2-1 (1) | label=2-0 (2) | label=2-1 (2)
2026-08-29T13:52:32Z,74124876,2026-08-31T00:40:00Z,Bet365,"WTA - US Open, New York, USA","Williams, Venus","Kenin, Sofia",Spread (Games),1,hdp=5.5
2026-08-29T13:52:32Z,74124876,2026-08-31T00:40:00Z,Bet365,"WTA - US Open, New York, USA","Williams, Venus","Kenin, Sofia",Team Total (Games) Away,1,hdp=12.5
2026-08-29T13:52:32Z,74124738,2026-08-30T15:00:00Z,Bet365,"ATP - US Open, New York, USA","Merida, Daniel","Fucsovics, Marton",ML,1,"{'home': '1.20', 'away': '4.50'}"
2026-08-29T13:52:32Z,74124738,2026-08-30T15:00:00Z,Bet365,"ATP - US Open, New York, USA","Merida, Daniel","Fucsovics, Marton",Spread (Games),1,hdp=-6.5
2026-08-29T13:52:32Z,74124738,2026-08-30T15:00:00Z,Bet365,"ATP - US Open, New York, USA","Merida, Daniel","Fucsovics, Marton",Team Total (Games) Away,1,hdp=15.5
2026-08-29T13:52:32Z,74124738,2026-08-30T15:00:00Z,Bet365,"ATP - US Open, New York, USA","Merida, Daniel","Fucsovics, Marton",Team Total (Games) Home,1,hdp=20.5
2026-08-29T13:52:32Z,74124738,2026-08-30T15:00:00Z,Bet365,"ATP - US Open, New York, USA","Merida, Daniel","Fucsovics, Marton",Totals 1st Set,6,hdp=6.5 | hdp=7.5 | hdp=8.5 | hdp=9.5 | hdp=10.5 | hdp=12.5
2026-08-29T13:52:32Z,74124738,2026-08-30T15:00:00Z,Bet365,"ATP - US Open, New York, USA","Merida, Daniel","Fucsovics, Marton",Totals (Games),1,hdp=35.5
2026-08-29T13:52:32Z,74124738,2026-08-30T15:00:00Z,Bet365,"ATP - US Open, New York, USA","Merida, Daniel","Fucsovics, Marton",Set Betting,6,label=3-0 (1) | label=3-1 (1) | label=3-2 (1) | label=3-0 (2) | label=3-1 (2) | label=3-2 (2)
2026-08-29T13:52:32Z,74150338,2026-08-30T16:10:00Z,Bet365,"ATP - US Open, New York, USA","Wong, Coleman","Paul, Tommy",ML,1,"{'home': '5.50', 'away': '1.14'}"
2026-08-29T13:52:32Z,74150338,2026-08-30T16:10:00Z,Bet365,"ATP - US Open, New York, USA","Wong, Coleman","Paul, Tommy",Spread (Games),1,hdp=7.5
2026-08-29T13:52:32Z,74150338,2026-08-30T16:10:00Z,Bet365,"ATP - US Open, New York, USA","Wong, Coleman","Paul, Tommy",Team Total (Games) Away,1,hdp=19.5
2026-08-29T13:52:32Z,74150338,2026-08-30T16:10:00Z,Bet365,"ATP - US Open, New York, USA","Wong, Coleman","Paul, Tommy",Team Total (Games) Home,1,hdp=13.5
2026-08-29T13:52:32Z,74150338,2026-08-30T16:10:00Z,Bet365,"ATP - US Open, New York, USA","Wong, Coleman","Paul, Tommy",Totals 1st Set,6,hdp=8.5 | hdp=12.5 | hdp=6.5 | hdp=7.5 | hdp=9.5 | hdp=10.5
2026-08-29T13:52:32Z,74150338,2026-08-30T16:10:00Z,Bet365,"ATP - US Open, New York, USA","Wong, Coleman","Paul, Tommy",Totals (Games),1,hdp=32.5
2026-08-29T13:52:32Z,74150338,2026-08-30T16:10:00Z,Bet365,"ATP - US Open, New York, USA","Wong, Coleman","Paul, Tommy",Set Betting,6,label=3-0 (1) | label=3-1 (1) | label=3-2 (1) | label=3-0 (2) | label=3-1 (2) | label=3-2 (2)
2026-08-29T13:52:32Z,74124750,2026-08-30T16:40:00Z,Bet365,"ATP - US Open, New York, USA","Munar, Jaume","Atmane, Terence",ML,1,"{'home': '2.50', 'away': '1.53'}"
2026-08-29T13:52:32Z,74124750,2026-08-30T16:40:00Z,Bet365,"ATP - US Open, New York, USA","Munar, Jaume","Atmane, Terence",Totals (Games),1,hdp=39.5
2026-08-29T13:52:32Z,74124750,2026-08-30T16:40:00Z,Bet365,"ATP - US Open, New York, USA","Munar, Jaume","Atmane, Terence",Set Betting,6,label=3-0 (1) | label=3-1 (1) | label=3-2 (1) | label=3-0 (2) | label=3-1 (2) | label=3-2 (2)
2026-08-29T13:52:32Z,74124750,2026-08-30T16:40:00Z,Bet365,"ATP - US Open, New York, USA","Munar, Jaume","Atmane, Terence",Spread (Games),1,hdp=3.5
2026-08-29T13:52:32Z,74124750,2026-08-30T16:40:00Z,Bet365,"ATP - US Open, New York, USA","Munar, Jaume","Atmane, Terence",Team Total (Games) Away,1,hdp=20.5
2026-08-29T13:52:32Z,74124750,2026-08-30T16:40:00Z,Bet365,"ATP - US Open, New York, USA","Munar, Jaume","Atmane, Terence",Team Total (Games) Home,1,hdp=19.5
2026-08-29T13:52:32Z,74124750,2026-08-30T16:40:00Z,Bet365,"ATP - US Open, New York, USA","Munar, Jaume","Atmane, Terence",Totals 1st Set,6,hdp=6.5 | hdp=7.5 | hdp=9.5 | hdp=10.5 | hdp=12.5 | hdp=8.5
2026-08-29T13:52:32Z,74124770,2026-08-31T15:00:00Z,Bet365,"ATP - US Open, New York, USA","Molcan, Alex","Bonzi, Benjamin",ML,1,"{'home': '3.00', 'away': '1.40'}"
2026-08-29T13:52:32Z,74124770,2026-08-31T15:00:00Z,Bet365,"ATP - US Open, New York, USA","Molcan, Alex","Bonzi, Benjamin",Team Total (Games) Home,1,hdp=18.5
2026-08-29T13:52:32Z,74124770,2026-08-31T15:00:00Z,Bet365,"ATP - US Open, New York, USA","Molcan, Alex","Bonzi, Benjamin",Totals 1st Set,6,hdp=12.5 | hdp=6.5 | hdp=7.5 | hdp=8.5 | hdp=9.5 | hdp=10.5
2026-08-29T13:52:32Z,74124770,2026-08-31T15:00:00Z,Bet365,"ATP - US Open, New York, USA","Molcan, Alex","Bonzi, Benjamin",Totals (Games),1,hdp=36.5
2026-08-29T13:52:32Z,74124770,2026-08-31T15:00:00Z,Bet365,"ATP - US Open, New York, USA","Molcan, Alex","Bonzi, Benjamin",Set Betting,6,label=3-0 (1) | label=3-1 (1) | label=3-2 (1) | label=3-0 (2) | label=3-1 (2) | label=3-2 (2)
2026-08-29T13:52:32Z,74124770,2026-08-31T15:00:00Z,Bet365,"ATP - US Open, New York, USA","Molcan, Alex","Bonzi, Benjamin",Spread (Games),1,hdp=4.5
2026-08-29T13:52:32Z,74124770,2026-08-31T15:00:00Z,Bet365,"ATP - US Open, New York, USA","Molcan, Alex","Bonzi, Benjamin",Team Total (Games) Away,1,hdp=19.5
2026-08-29T13:52:32Z,74124828,2026-08-31T23:00:00Z,Bet365,"WTA - US Open, New York, USA","Swiatek, Iga","Wang, Xiyu",ML,1,"{'home': '1.08', 'away': '8.00'}"
2026-08-29T13:52:32Z,74124828,2026-08-31T23:00:00Z,Bet365,"WTA - US Open, New York, USA","Swiatek, Iga","Wang, Xiyu",Spread (Games),1,hdp=-6.5
2026-08-29T13:52:32Z,74124828,2026-08-31T23:00:00Z,Bet365,"WTA - US Open, New York, USA","Swiatek, Iga","Wang, Xiyu",Team Total (Games) Away,1,hdp=5.5
2026-08-29T13:52:32Z,74124828,2026-08-31T23:00:00Z,Bet365,"WTA - US Open, New York, USA","Swiatek, Iga","Wang, Xiyu",Team Total (Games) Home,1,hdp=12.5
2026-08-29T13:52:32Z,74124828,2026-08-31T23:00:00Z,Bet365,"WTA - US Open, New York, USA","Swiatek, Iga","Wang, Xiyu",Totals 1st Set,6,hdp=6.5 | hdp=7.5 | hdp=8.5 | hdp=9.5 | hdp=10.5 | hdp=12.5
2026-08-29T13:52:32Z,74124828,2026-08-31T23:00:00Z,Bet365,"WTA - US Open, New York, USA","Swiatek, Iga","Wang, Xiyu",Totals (Games),1,hdp=17.5
2026-08-29T13:52:32Z,74124828,2026-08-31T23:00:00Z,Bet365,"WTA - US Open, New York, USA","Swiatek, Iga","Wang, Xiyu",Set Betting,4,label=2-0 (1) | label=2-1 (1) | label=2-0 (2) | label=2-1 (2)
2026-08-29T13:52:32Z,74150418,2026-08-31T15:00:00Z,Bet365,"WTA - US Open, New York, USA","Sakkari, Maria","Montgomery, Robin",ML,1,"{'home': '1.66', 'away': '2.20'}"
2026-08-29T13:52:32Z,74150418,2026-08-31T15:00:00Z,Bet365,"WTA - US Open, New York, USA","Sakkari, Maria","Montgomery, Robin",Totals (Games),1,hdp=22.5
2026-08-29T13:52:32Z,74150418,2026-08-31T15:00:00Z,Bet365,"WTA - US Open, New York, USA","Sakkari, Maria","Montgomery, Robin",Set Betting,4,label=2-0 (1) | label=2-1 (1) | label=2-0 (2) | label=2-1 (2)
2026-08-29T13:52:32Z,74150418,2026-08-31T15:00:00Z,Bet365,"WTA - US Open, New York, USA","Sakkari, Maria","Montgomery, Robin",Spread (Games),1,hdp=-1.5
2026-08-29T13:52:32Z,74150418,2026-08-31T15:00:00Z,Bet365,"WTA - US Open, New York, USA","Sakkari, Maria","Montgomery, Robin",Team Total (Games) Away,1,hdp=12.5
2026-08-29T13:52:32Z,74150418,2026-08-31T15:00:00Z,Bet365,"WTA - US Open, New York, USA","Sakkari, Maria","Montgomery, Robin",Team Total (Games) Home,1,hdp=12.5
2026-08-29T13:52:32Z,74150418,2026-08-31T15:00:00Z,Bet365,"WTA - US Open, New York, USA","Sakkari, Maria","Montgomery, Robin",Totals 1st Set,6,hdp=7.5 | hdp=6.5 | hdp=8.5 | hdp=9.5 | hdp=10.5 | hdp=12.5
2026-08-29T13:52:32Z,74150424,2026-08-31T15:00:00Z,Bet365,"WTA - US Open, New York, USA","Havlickova, Lucie","Bondar, Anna",ML,1,"{'home': '2.50', 'away': '1.53'}"
2026-08-29T13:52:32Z,74150424,2026-08-31T15:00:00Z,Bet365,"WTA - US Open, New York, USA","Havlickova, Lucie","Bondar, Anna",Totals 1st Set,6,hdp=7.5 | hdp=8.5 | hdp=9.5 | hdp=6.5 | hdp=10.5 | hdp=12.5
2026-08-29T13:52:32Z,74150424,2026-08-31T15:00:00Z,Bet365,"WTA - US Open, New York, USA","Havlickova, Lucie","Bondar, Anna",Totals (Games),1,hdp=21.5
2026-08-29T13:52:32Z,74150424,2026-08-31T15:00:00Z,Bet365,"WTA - US Open, New York, USA","Havlickova, Lucie","Bondar, Anna",Set Betting,4,label=2-0 (1) | label=2-1 (1) | label=2-0 (2) | label=2-1 (2)
2026-08-29T13:52:32Z,74150424,2026-08-31T15:00:00Z,Bet365,"WTA - US Open, New York, USA","Havlickova, Lucie","Bondar, Anna",Spread (Games),1,hdp=2.5
2026-08-29T13:52:32Z,74150424,2026-08-31T15:00:00Z,Bet365,"WTA - US Open, New York, USA","Havlickova, Lucie","Bondar, Anna",Team Total (Games) Away,1,hdp=12.5
2026-08-29T13:52:32Z,74150424,2026-08-31T15:00:00Z,Bet365,"WTA - US Open, New York, USA","Havlickova, Lucie","Bondar, Anna",Team Total (Games) Home,1,hdp=11.5
2026-08-29T13:52:32Z,74124842,2026-08-31T15:00:00Z,Bet365,"WTA - US Open, New York, USA","Tagger, Lilli","Korpatsch, Tamara",ML,1,"{'home': '1.20', 'away': '4.50'}"
2026-08-29T13:52:32Z,74124842,2026-08-31T15:00:00Z,Bet365,"WTA - US Open, New York, USA","Tagger, Lilli","Korpatsch, Tamara",Totals 1st Set,6,hdp=6.5 | hdp=7.5 | hdp=8.5 | hdp=9.5 | hdp=10.5 | hdp=12.5
2026-08-29T13:52:32Z,74124842,2026-08-31T15:00:00Z,Bet365,"WTA - US Open, New York, USA","Tagger, Lilli","Korpatsch, Tamara",Totals (Games),1,hdp=19.5
2026-08-29T13:52:32Z,74124842,2026-08-31T15:00:00Z,Bet365,"WTA - US Open, New York, USA","Tagger, Lilli","Korpatsch, Tamara",Set Betting,4,label=2-0 (1) | label=2-1 (1) | label=2-0 (2) | label=2-1 (2)
2026-08-29T13:52:32Z,74124842,2026-08-31T15:00:00Z,Bet365,"WTA - US Open, New York, USA","Tagger, Lilli","Korpatsch, Tamara",Spread (Games),1,hdp=-5.5
2026-08-29T13:52:32Z,74124842,2026-08-31T15:00:00Z,Bet365,"WTA - US Open, New York, USA","Tagger, Lilli","Korpatsch, Tamara",Team Total (Games) Away,1,hdp=7.5
2026-08-29T13:52:32Z,74124842,2026-08-31T15:00:00Z,Bet365,"WTA - US Open, New York, USA","Tagger, Lilli","Korpatsch, Tamara",Team Total (Games) Home,1,hdp=12.5
2026-08-29T13:52:32Z,74124880,2026-08-31T15:00:00Z,Bet365,"WTA - US Open, New York, USA","Volynets, Katie","Noskova, Linda",ML,1,"{'home': '3.50', 'away': '1.30'}"
2026-08-29T13:52:32Z,74124880,2026-08-31T15:00:00Z,Bet365,"WTA - US Open, New York, USA","Volynets, Katie","Noskova, Linda",Team Total (Games) Away,1,hdp=12.5
2026-08-29T13:52:32Z,74124880,2026-08-31T15:00:00Z,Bet365,"WTA - US Open, New York, USA","Volynets, Katie","Noskova, Linda",Team Total (Games) Home,1,hdp=10.5
2026-08-29T13:52:32Z,74124880,2026-08-31T15:00:00Z,Bet365,"WTA - US Open, New York, USA","Volynets, Katie","Noskova, Linda",Totals 1st Set,6,hdp=7.5 | hdp=8.5 | hdp=12.5 | hdp=6.5 | hdp=9.5 | hdp=10.5
2026-08-29T13:52:32Z,74124880,2026-08-31T15:00:00Z,Bet365,"WTA - US Open, New York, USA","Volynets, Katie","Noskova, Linda",Totals (Games),1,hdp=21.5
2026-08-29T13:52:32Z,74124880,2026-08-31T15:00:00Z,Bet365,"WTA - US Open, New York, USA","Volynets, Katie","Noskova, Linda",Set Betting,4,label=2-0 (1) | label=2-1 (1) | label=2-0 (2) | label=2-1 (2)
2026-08-29T13:52:32Z,74124880,2026-08-31T15:00:00Z,Bet365,"WTA - US Open, New York, USA","Volynets, Katie","Noskova, Linda",Spread (Games),1,hdp=4.5
2026-08-29T13:52:32Z,74150432,2026-08-31T15:00:00Z,Bet365,"WTA - US Open, New York, USA","Linette, Magda","Jones, Francesca",ML,1,"{'home': '1.80', 'away': '2.00'}"
2026-08-29T13:52:32Z,74150432,2026-08-31T15:00:00Z,Bet365,"WTA - US Open, New York, USA","Linette, Magda","Jones, Francesca",Set Betting,4,label=2-0 (1) | label=2-1 (1) | label=2-0 (2) | label=2-1 (2)
2026-08-29T13:52:32Z,74150432,2026-08-31T15:00:00Z,Bet365,"WTA - US Open, New York, USA","Linette, Magda","Jones, Francesca",Spread (Games),1,hdp=-0.5
2026-08-29T13:52:32Z,74150432,2026-08-31T15:00:00Z,Bet365,"WTA - US Open, New York, USA","Linette, Magda","Jones, Francesca",Team Total (Games) Away,1,hdp=12.5
2026-08-29T13:52:32Z,74150432,2026-08-31T15:00:00Z,Bet365,"WTA - US Open, New York, USA","Linette, Magda","Jones, Francesca",Team Total (Games) Home,1,hdp=12.5
2026-08-29T13:52:32Z,74150432,2026-08-31T15:00:00Z,Bet365,"WTA - US Open, New York, USA","Linette, Magda","Jones, Francesca",Totals 1st Set,6,hdp=7.5 | hdp=8.5 | hdp=9.5 | hdp=6.5 | hdp=10.5 | hdp=12.5
2026-08-29T13:52:32Z,74150432,2026-08-31T15:00:00Z,Bet365,"WTA - US Open, New York, USA","Linette, Magda","Jones, Francesca",Totals (Games),1,hdp=21.5
2026-08-29T13:52:32Z,74124710,2026-08-31T15:00:00Z,Bet365,"ATP - US Open, New York, USA","Arnaldi, Matteo","Duckworth, James",ML,1,"{'home': '1.57', 'away': '2.37'}"
2026-08-29T13:52:32Z,74124710,2026-08-31T15:00:00Z,Bet365,"ATP - US Open, New York, USA","Arnaldi, Matteo","Duckworth, James",Set Betting,6,label=3-0 (1) | label=3-1 (1) | label=3-2 (1) | label=3-0 (2) | label=3-1 (2) | label=3-2 (2)
2026-08-29T13:52:32Z,74124710,2026-08-31T15:00:00Z,Bet365,"ATP - US Open, New York, USA","Arnaldi, Matteo","Duckworth, James",Spread (Games),1,hdp=-2.5
2026-08-29T13:52:32Z,74124710,2026-08-31T15:00:00Z,Bet365,"ATP - US Open, New York, USA","Arnaldi, Matteo","Duckworth, James",Team Total (Games) Away,1,hdp=19.5
2026-08-29T13:52:32Z,74124710,2026-08-31T15:00:00Z,Bet365,"ATP - US Open, New York, USA","Arnaldi, Matteo","Duckworth, James",Team Total (Games) Home,1,hdp=20.5
2026-08-29T13:52:32Z,74124710,2026-08-31T15:00:00Z,Bet365,"ATP - US Open, New York, USA","Arnaldi, Matteo","Duckworth, James",Totals 1st Set,6,hdp=6.5 | hdp=7.5 | hdp=8.5 | hdp=9.5 | hdp=10.5 | hdp=12.5
2026-08-29T13:52:32Z,74124710,2026-08-31T15:00:00Z,Bet365,"ATP - US Open, New York, USA","Arnaldi, Matteo","Duckworth, James",Totals (Games),1,hdp=39.5
2026-08-29T13:52:32Z,74124732,2026-08-31T15:00:00Z,Bet365,"ATP - US Open, New York, USA","Berrettini, Matteo","Wawrinka, Stan",ML,1,"{'home': '1.25', 'away': '4.00'}"
2026-08-29T13:52:32Z,74124732,2026-08-31T15:00:00Z,Bet365,"ATP - US Open, New York, USA","Berrettini, Matteo","Wawrinka, Stan",Set Betting,6,label=3-0 (1) | label=3-1 (1) | label=3-2 (1) | label=3-0 (2) | label=3-1 (2) | label=3-2 (2)
2026-08-29T13:52:32Z,74124732,2026-08-31T15:00:00Z,Bet365,"ATP - US Open, New York, USA","Berrettini, Matteo","Wawrinka, Stan",Spread (Games),1,hdp=-4.5
2026-08-29T13:52:32Z,74124732,2026-08-31T15:00:00Z,Bet365,"ATP - US Open, New York, USA","Berrettini, Matteo","Wawrinka, Stan",Team Total (Games) Away,1,hdp=18.5
2026-08-29T13:52:32Z,74124732,2026-08-31T15:00:00Z,Bet365,"ATP - US Open, New York, USA","Berrettini, Matteo","Wawrinka, Stan",Team Total (Games) Home,1,hdp=21.5
2026-08-29T13:52:32Z,74124732,2026-08-31T15:00:00Z,Bet365,"ATP - US Open, New York, USA","Berrettini, Matteo","Wawrinka, Stan",Totals 1st Set,6,hdp=6.5 | hdp=7.5 | hdp=8.5 | hdp=9.5 | hdp=10.5 | hdp=12.5
2026-08-29T13:52:32Z,74124732,2026-08-31T15:00:00Z,Bet365,"ATP - US Open, New York, USA","Berrettini, Matteo","Wawrinka, Stan",Totals (Games),1,hdp=39.5
2026-08-29T13:52:32Z,74124734,2026-08-30T19:00:00Z,Bet365,"ATP - US Open, New York, USA","Etcheverry, Tomas Martin","Kopriva, Vit",<NO_BET365_MARKETS_RETURNED>,0,
2026-08-29T13:52:32Z,74124716,2026-08-31T00:10:00Z,Bet365,"ATP - US Open, New York, USA","Bublik, Alexander","Wolf, Jeffrey John",<NO_BET365_MARKETS_RETURNED>,0,
