captured_at,event_id,kickoff_at,bookmaker,league,home,away,market_name,odds_count,sample_labels
2026-09-04T12:47:10Z,73992492,2026-09-04T15:00:00Z,Bet365,"WTA - US Open, New York, USA","Kostyuk, Marta","Alexandrova, Ekaterina",ML,1,"{'home': '1.28', 'away': '3.75'}"
2026-09-04T12:47:10Z,73992492,2026-09-04T15:00:00Z,Bet365,"WTA - US Open, New York, USA","Kostyuk, Marta","Alexandrova, Ekaterina",Team Total (Aces) Home,6,hdp=0.5 | hdp=2.5 | hdp=4.5 | hdp=9.5 | hdp=14.5 | hdp=19.5
2026-09-04T12:47:10Z,73992492,2026-09-04T15:00:00Z,Bet365,"WTA - US Open, New York, USA","Kostyuk, Marta","Alexandrova, Ekaterina",Team Total (Games) Home,1,hdp=12.5
2026-09-04T12:47:10Z,73992492,2026-09-04T15:00:00Z,Bet365,"WTA - US Open, New York, USA","Kostyuk, Marta","Alexandrova, Ekaterina",Totals 1st Set,6,hdp=6.5 | hdp=7.5 | hdp=10.5 | hdp=12.5 | hdp=9.5 | hdp=8.5
2026-09-04T12:47:10Z,73992492,2026-09-04T15:00:00Z,Bet365,"WTA - US Open, New York, USA","Kostyuk, Marta","Alexandrova, Ekaterina",Totals (Games),1,hdp=20.5
2026-09-04T12:47:10Z,73992492,2026-09-04T15:00:00Z,Bet365,"WTA - US Open, New York, USA","Kostyuk, Marta","Alexandrova, Ekaterina",Set Betting,4,label=2-0 (1) | label=2-1 (1) | label=2-0 (2) | label=2-1 (2)
2026-09-04T12:47:10Z,73992492,2026-09-04T15:00:00Z,Bet365,"WTA - US Open, New York, USA","Kostyuk, Marta","Alexandrova, Ekaterina",Spread (Games),1,hdp=-4.5
2026-09-04T12:47:10Z,73992492,2026-09-04T15:00:00Z,Bet365,"WTA - US Open, New York, USA","Kostyuk, Marta","Alexandrova, Ekaterina",Team Total (Aces) Away,5,hdp=0.5 | hdp=2.5 | hdp=4.5 | hdp=9.5 | hdp=14.5
2026-09-04T12:47:10Z,73992492,2026-09-04T15:00:00Z,Bet365,"WTA - US Open, New York, USA","Kostyuk, Marta","Alexandrova, Ekaterina",Team Total (Double Faults) Away,8,hdp=0.5 | hdp=1.5 | hdp=2.5 | hdp=4.5 | hdp=7.5 | hdp=9.5
2026-09-04T12:47:10Z,73992492,2026-09-04T15:00:00Z,Bet365,"WTA - US Open, New York, USA","Kostyuk, Marta","Alexandrova, Ekaterina",Team Total (Double Faults) Home,8,hdp=0.5 | hdp=1.5 | hdp=2.5 | hdp=4.5 | hdp=7.5 | hdp=9.5
2026-09-04T12:47:10Z,73992492,2026-09-04T15:00:00Z,Bet365,"WTA - US Open, New York, USA","Kostyuk, Marta","Alexandrova, Ekaterina",Team Total (Games) Away,1,hdp=9.5
2026-09-04T12:47:10Z,73992492,2026-09-04T15:00:00Z,Bet365,"WTA - US Open, New York, USA","Kostyuk, Marta","Alexandrova, Ekaterina",Totals (Aces),8,hdp=0.5 | hdp=2.5 | hdp=4.5 | hdp=9.5 | hdp=14.5 | hdp=19.5
2026-09-04T12:47:10Z,73992492,2026-09-04T15:00:00Z,Bet365,"WTA - US Open, New York, USA","Kostyuk, Marta","Alexandrova, Ekaterina",Totals (Double Faults),9,hdp=1.5 | hdp=2.5 | hdp=4.5 | hdp=7.5 | hdp=9.5 | hdp=11.5
2026-09-04T12:47:10Z,73992496,2026-09-04T15:30:00Z,Bet365,"WTA - US Open, New York, USA","Pegula, Jessica","Fernandez, Leylah",ML,1,"{'home': '1.14', 'away': '5.50'}"
2026-09-04T12:47:10Z,73992496,2026-09-04T15:30:00Z,Bet365,"WTA - US Open, New York, USA","Pegula, Jessica","Fernandez, Leylah",Totals 1st Set,6,hdp=7.5 | hdp=10.5 | hdp=12.5 | hdp=6.5 | hdp=8.5 | hdp=9.5
2026-09-04T12:47:10Z,73992496,2026-09-04T15:30:00Z,Bet365,"WTA - US Open, New York, USA","Pegula, Jessica","Fernandez, Leylah",Totals (Double Faults),9,hdp=0.5 | hdp=1.5 | hdp=4.5 | hdp=7.5 | hdp=9.5 | hdp=11.5
2026-09-04T12:47:10Z,73992496,2026-09-04T15:30:00Z,Bet365,"WTA - US Open, New York, USA","Pegula, Jessica","Fernandez, Leylah",Totals (Games),1,hdp=19.5
2026-09-04T12:47:10Z,73992496,2026-09-04T15:30:00Z,Bet365,"WTA - US Open, New York, USA","Pegula, Jessica","Fernandez, Leylah",Spread (Games),1,hdp=-5.5
2026-09-04T12:47:10Z,73992496,2026-09-04T15:30:00Z,Bet365,"WTA - US Open, New York, USA","Pegula, Jessica","Fernandez, Leylah",Team Total (Double Faults) Home,5,hdp=1.5 | hdp=2.5 | hdp=4.5 | hdp=7.5 | hdp=0.5
2026-09-04T12:47:10Z,73992496,2026-09-04T15:30:00Z,Bet365,"WTA - US Open, New York, USA","Pegula, Jessica","Fernandez, Leylah",Set Betting,4,label=2-0 (1) | label=2-1 (1) | label=2-0 (2) | label=2-1 (2)
2026-09-04T12:47:10Z,73992496,2026-09-04T15:30:00Z,Bet365,"WTA - US Open, New York, USA","Pegula, Jessica","Fernandez, Leylah",Team Total (Double Faults) Away,7,hdp=0.5 | hdp=1.5 | hdp=2.5 | hdp=7.5 | hdp=9.5 | hdp=11.5
2026-09-04T12:47:10Z,73992496,2026-09-04T15:30:00Z,Bet365,"WTA - US Open, New York, USA","Pegula, Jessica","Fernandez, Leylah",Team Total (Games) Away,1,hdp=7.5
2026-09-04T12:47:10Z,73992496,2026-09-04T15:30:00Z,Bet365,"WTA - US Open, New York, USA","Pegula, Jessica","Fernandez, Leylah",Team Total (Games) Home,1,hdp=12.5
2026-09-04T12:47:10Z,73992506,2026-09-04T17:00:00Z,Bet365,"WTA - US Open, New York, USA","Townsend, Taylor","Shnaider, Diana",ML,1,"{'home': '2.37', 'away': '1.57'}"
2026-09-04T12:47:10Z,73992506,2026-09-04T17:00:00Z,Bet365,"WTA - US Open, New York, USA","Townsend, Taylor","Shnaider, Diana",Spread (Games),1,hdp=2.5
2026-09-04T12:47:10Z,73992506,2026-09-04T17:00:00Z,Bet365,"WTA - US Open, New York, USA","Townsend, Taylor","Shnaider, Diana",Team Total (Double Faults) Away,6,hdp=0.5 | hdp=1.5 | hdp=2.5 | hdp=4.5 | hdp=7.5 | hdp=9.5
2026-09-04T12:47:10Z,73992506,2026-09-04T17:00:00Z,Bet365,"WTA - US Open, New York, USA","Townsend, Taylor","Shnaider, Diana",Team Total (Games) Away,1,hdp=12.5
2026-09-04T12:47:10Z,73992506,2026-09-04T17:00:00Z,Bet365,"WTA - US Open, New York, USA","Townsend, Taylor","Shnaider, Diana",Team Total (Games) Home,1,hdp=11.5
2026-09-04T12:47:10Z,73992506,2026-09-04T17:00:00Z,Bet365,"WTA - US Open, New York, USA","Townsend, Taylor","Shnaider, Diana",Totals (Double Faults),8,hdp=0.5 | hdp=1.5 | hdp=2.5 | hdp=4.5 | hdp=7.5 | hdp=9.5
2026-09-04T12:47:10Z,73992506,2026-09-04T17:00:00Z,Bet365,"WTA - US Open, New York, USA","Townsend, Taylor","Shnaider, Diana",Set Betting,4,label=2-0 (1) | label=2-1 (1) | label=2-0 (2) | label=2-1 (2)
2026-09-04T12:47:10Z,73992506,2026-09-04T17:00:00Z,Bet365,"WTA - US Open, New York, USA","Townsend, Taylor","Shnaider, Diana",Team Total (Aces) Away,4,hdp=0.5 | hdp=2.5 | hdp=4.5 | hdp=9.5
2026-09-04T12:47:10Z,73992506,2026-09-04T17:00:00Z,Bet365,"WTA - US Open, New York, USA","Townsend, Taylor","Shnaider, Diana",Team Total (Aces) Home,6,hdp=0.5 | hdp=2.5 | hdp=4.5 | hdp=9.5 | hdp=14.5 | hdp=19.5
2026-09-04T12:47:10Z,73992506,2026-09-04T17:00:00Z,Bet365,"WTA - US Open, New York, USA","Townsend, Taylor","Shnaider, Diana",Team Total (Double Faults) Home,5,hdp=0.5 | hdp=1.5 | hdp=2.5 | hdp=4.5 | hdp=7.5
2026-09-04T12:47:10Z,73992506,2026-09-04T17:00:00Z,Bet365,"WTA - US Open, New York, USA","Townsend, Taylor","Shnaider, Diana",Totals 1st Set,6,hdp=6.5 | hdp=7.5 | hdp=8.5 | hdp=9.5 | hdp=10.5 | hdp=12.5
2026-09-04T12:47:10Z,73992506,2026-09-04T17:00:00Z,Bet365,"WTA - US Open, New York, USA","Townsend, Taylor","Shnaider, Diana",Totals (Aces),7,hdp=0.5 | hdp=2.5 | hdp=4.5 | hdp=9.5 | hdp=14.5 | hdp=19.5
2026-09-04T12:47:10Z,73992506,2026-09-04T17:00:00Z,Bet365,"WTA - US Open, New York, USA","Townsend, Taylor","Shnaider, Diana",Totals (Games),1,hdp=22.5
2026-09-04T12:47:10Z,73992494,2026-09-04T18:10:00Z,Bet365,"WTA - US Open, New York, USA","Li, Ann","Noskova, Linda",ML,1,"{'home': '3.75', 'away': '1.28'}"
2026-09-04T12:47:10Z,73992494,2026-09-04T18:10:00Z,Bet365,"WTA - US Open, New York, USA","Li, Ann","Noskova, Linda",Team Total (Games) Home,1,hdp=10.5
2026-09-04T12:47:10Z,73992494,2026-09-04T18:10:00Z,Bet365,"WTA - US Open, New York, USA","Li, Ann","Noskova, Linda",Totals (Double Faults),9,hdp=1.5 | hdp=2.5 | hdp=4.5 | hdp=7.5 | hdp=9.5 | hdp=11.5
2026-09-04T12:47:10Z,73992494,2026-09-04T18:10:00Z,Bet365,"WTA - US Open, New York, USA","Li, Ann","Noskova, Linda",Set Betting,4,label=2-0 (1) | label=2-1 (1) | label=2-0 (2) | label=2-1 (2)
2026-09-04T12:47:10Z,73992494,2026-09-04T18:10:00Z,Bet365,"WTA - US Open, New York, USA","Li, Ann","Noskova, Linda",Spread (Games),1,hdp=4.5
2026-09-04T12:47:10Z,73992494,2026-09-04T18:10:00Z,Bet365,"WTA - US Open, New York, USA","Li, Ann","Noskova, Linda",Team Total (Double Faults) Home,7,hdp=0.5 | hdp=1.5 | hdp=2.5 | hdp=4.5 | hdp=7.5 | hdp=9.5
2026-09-04T12:47:10Z,73992494,2026-09-04T18:10:00Z,Bet365,"WTA - US Open, New York, USA","Li, Ann","Noskova, Linda",Totals 1st Set,6,hdp=6.5 | hdp=8.5 | hdp=12.5 | hdp=7.5 | hdp=9.5 | hdp=10.5
2026-09-04T12:47:10Z,73992494,2026-09-04T18:10:00Z,Bet365,"WTA - US Open, New York, USA","Li, Ann","Noskova, Linda",Totals (Games),1,hdp=21.5
2026-09-04T12:47:10Z,73992494,2026-09-04T18:10:00Z,Bet365,"WTA - US Open, New York, USA","Li, Ann","Noskova, Linda",Team Total (Double Faults) Away,9,hdp=0.5 | hdp=1.5 | hdp=2.5 | hdp=4.5 | hdp=7.5 | hdp=9.5
2026-09-04T12:47:10Z,73992494,2026-09-04T18:10:00Z,Bet365,"WTA - US Open, New York, USA","Li, Ann","Noskova, Linda",Team Total (Games) Away,1,hdp=12.5
2026-09-04T12:47:10Z,73992498,2026-09-04T15:00:00Z,Bet365,"WTA - US Open, New York, USA","Paolini, Jasmine","Cirstea, Sorana",ML,1,"{'home': '2.50', 'away': '1.53'}"
2026-09-04T12:47:10Z,73992498,2026-09-04T15:00:00Z,Bet365,"WTA - US Open, New York, USA","Paolini, Jasmine","Cirstea, Sorana",Set Betting,4,label=2-0 (1) | label=2-1 (1) | label=2-0 (2) | label=2-1 (2)
2026-09-04T12:47:10Z,73992498,2026-09-04T15:00:00Z,Bet365,"WTA - US Open, New York, USA","Paolini, Jasmine","Cirstea, Sorana",Spread (Games),1,hdp=3.5
2026-09-04T12:47:10Z,73992498,2026-09-04T15:00:00Z,Bet365,"WTA - US Open, New York, USA","Paolini, Jasmine","Cirstea, Sorana",Team Total (Games) Home,1,hdp=11.5
2026-09-04T12:47:10Z,73992498,2026-09-04T15:00:00Z,Bet365,"WTA - US Open, New York, USA","Paolini, Jasmine","Cirstea, Sorana",Totals (Aces),6,hdp=0.5 | hdp=2.5 | hdp=4.5 | hdp=9.5 | hdp=14.5 | hdp=19.5
2026-09-04T12:47:10Z,73992498,2026-09-04T15:00:00Z,Bet365,"WTA - US Open, New York, USA","Paolini, Jasmine","Cirstea, Sorana",Totals (Games),1,hdp=21.5
2026-09-04T12:47:10Z,73992498,2026-09-04T15:00:00Z,Bet365,"WTA - US Open, New York, USA","Paolini, Jasmine","Cirstea, Sorana",Totals (Double Faults),8,hdp=0.5 | hdp=1.5 | hdp=2.5 | hdp=4.5 | hdp=7.5 | hdp=9.5
2026-09-04T12:47:10Z,73992498,2026-09-04T15:00:00Z,Bet365,"WTA - US Open, New York, USA","Paolini, Jasmine","Cirstea, Sorana",Team Total (Aces) Away,5,hdp=0.5 | hdp=2.5 | hdp=4.5 | hdp=9.5 | hdp=14.5
2026-09-04T12:47:10Z,73992498,2026-09-04T15:00:00Z,Bet365,"WTA - US Open, New York, USA","Paolini, Jasmine","Cirstea, Sorana",Team Total (Aces) Home,4,hdp=0.5 | hdp=2.5 | hdp=4.5 | hdp=9.5
2026-09-04T12:47:10Z,73992498,2026-09-04T15:00:00Z,Bet365,"WTA - US Open, New York, USA","Paolini, Jasmine","Cirstea, Sorana",Team Total (Double Faults) Away,6,hdp=0.5 | hdp=1.5 | hdp=2.5 | hdp=4.5 | hdp=7.5 | hdp=9.5
2026-09-04T12:47:10Z,73992498,2026-09-04T15:00:00Z,Bet365,"WTA - US Open, New York, USA","Paolini, Jasmine","Cirstea, Sorana",Team Total (Double Faults) Home,6,hdp=0.5 | hdp=1.5 | hdp=2.5 | hdp=4.5 | hdp=7.5 | hdp=9.5
2026-09-04T12:47:10Z,73992498,2026-09-04T15:00:00Z,Bet365,"WTA - US Open, New York, USA","Paolini, Jasmine","Cirstea, Sorana",Team Total (Games) Away,1,hdp=12.5
2026-09-04T12:47:10Z,73992498,2026-09-04T15:00:00Z,Bet365,"WTA - US Open, New York, USA","Paolini, Jasmine","Cirstea, Sorana",Totals 1st Set,6,hdp=7.5 | hdp=10.5 | hdp=12.5 | hdp=6.5 | hdp=8.5 | hdp=9.5
2026-09-04T12:47:10Z,73992504,2026-09-04T15:00:00Z,Bet365,"WTA - US Open, New York, USA","Sabalenka, Aryna","Rakhimova, Kamilla",ML,1,"{'home': '1.05', 'away': '11.00'}"
2026-09-04T12:47:10Z,73992504,2026-09-04T15:00:00Z,Bet365,"WTA - US Open, New York, USA","Sabalenka, Aryna","Rakhimova, Kamilla",Totals (Games),1,hdp=18.5
2026-09-04T12:47:10Z,73992504,2026-09-04T15:00:00Z,Bet365,"WTA - US Open, New York, USA","Sabalenka, Aryna","Rakhimova, Kamilla",Team Total (Double Faults) Home,6,hdp=0.5 | hdp=1.5 | hdp=4.5 | hdp=7.5 | hdp=2.5 | hdp=9.5
2026-09-04T12:47:10Z,73992504,2026-09-04T15:00:00Z,Bet365,"WTA - US Open, New York, USA","Sabalenka, Aryna","Rakhimova, Kamilla",Totals 1st Set,6,hdp=6.5 | hdp=7.5 | hdp=8.5 | hdp=9.5 | hdp=10.5 | hdp=12.5
2026-09-04T12:47:10Z,73992504,2026-09-04T15:00:00Z,Bet365,"WTA - US Open, New York, USA","Sabalenka, Aryna","Rakhimova, Kamilla",Totals (Aces),7,hdp=0.5 | hdp=2.5 | hdp=4.5 | hdp=9.5 | hdp=14.5 | hdp=19.5
2026-09-04T12:47:10Z,73992504,2026-09-04T15:00:00Z,Bet365,"WTA - US Open, New York, USA","Sabalenka, Aryna","Rakhimova, Kamilla",Totals (Double Faults),8,hdp=9.5 | hdp=1.5 | hdp=2.5 | hdp=4.5 | hdp=7.5 | hdp=11.5
2026-09-04T12:47:10Z,73992504,2026-09-04T15:00:00Z,Bet365,"WTA - US Open, New York, USA","Sabalenka, Aryna","Rakhimova, Kamilla",Team Total (Aces) Away,4,hdp=0.5 | hdp=2.5 | hdp=4.5 | hdp=9.5
2026-09-04T12:47:10Z,73992504,2026-09-04T15:00:00Z,Bet365,"WTA - US Open, New York, USA","Sabalenka, Aryna","Rakhimova, Kamilla",Set Betting,4,label=2-0 (1) | label=2-1 (1) | label=2-0 (2) | label=2-1 (2)
2026-09-04T12:47:10Z,73992504,2026-09-04T15:00:00Z,Bet365,"WTA - US Open, New York, USA","Sabalenka, Aryna","Rakhimova, Kamilla",Spread (Games),1,hdp=-6.5
2026-09-04T12:47:10Z,73992504,2026-09-04T15:00:00Z,Bet365,"WTA - US Open, New York, USA","Sabalenka, Aryna","Rakhimova, Kamilla",Team Total (Aces) Home,6,hdp=0.5 | hdp=2.5 | hdp=4.5 | hdp=9.5 | hdp=14.5 | hdp=19.5
2026-09-04T12:47:10Z,73992504,2026-09-04T15:00:00Z,Bet365,"WTA - US Open, New York, USA","Sabalenka, Aryna","Rakhimova, Kamilla",Team Total (Games) Away,1,hdp=5.5
2026-09-04T12:47:10Z,73992504,2026-09-04T15:00:00Z,Bet365,"WTA - US Open, New York, USA","Sabalenka, Aryna","Rakhimova, Kamilla",Team Total (Games) Home,1,hdp=12.5
2026-09-04T12:47:10Z,73992504,2026-09-04T15:00:00Z,Bet365,"WTA - US Open, New York, USA","Sabalenka, Aryna","Rakhimova, Kamilla",Team Total (Double Faults) Away,8,hdp=4.5 | hdp=0.5 | hdp=1.5 | hdp=2.5 | hdp=7.5 | hdp=9.5
2026-09-04T12:47:10Z,73992444,2026-09-04T16:10:00Z,Bet365,"ATP - US Open, New York, USA","Medvedev, Daniil","Rinderknech, Arthur",ML,1,"{'home': '1.33', 'away': '3.40'}"
2026-09-04T12:47:10Z,73992444,2026-09-04T16:10:00Z,Bet365,"ATP - US Open, New York, USA","Medvedev, Daniil","Rinderknech, Arthur",Team Total (Double Faults) Home,10,hdp=0.5 | hdp=1.5 | hdp=2.5 | hdp=14.5 | hdp=19.5 | hdp=24.5
2026-09-04T12:47:10Z,73992444,2026-09-04T16:10:00Z,Bet365,"ATP - US Open, New York, USA","Medvedev, Daniil","Rinderknech, Arthur",Totals (Games),1,hdp=38.5
2026-09-04T12:47:10Z,73992444,2026-09-04T16:10:00Z,Bet365,"ATP - US Open, New York, USA","Medvedev, Daniil","Rinderknech, Arthur",Set Betting,6,label=3-0 (1) | label=3-1 (1) | label=3-2 (1) | label=3-0 (2) | label=3-1 (2) | label=3-2 (2)
2026-09-04T12:47:10Z,73992444,2026-09-04T16:10:00Z,Bet365,"ATP - US Open, New York, USA","Medvedev, Daniil","Rinderknech, Arthur",Spread (Games),1,hdp=-4.5
2026-09-04T12:47:10Z,73992444,2026-09-04T16:10:00Z,Bet365,"ATP - US Open, New York, USA","Medvedev, Daniil","Rinderknech, Arthur",Team Total (Aces) Home,8,hdp=2.5 | hdp=4.5 | hdp=9.5 | hdp=14.5 | hdp=19.5 | hdp=24.5
2026-09-04T12:47:10Z,73992444,2026-09-04T16:10:00Z,Bet365,"ATP - US Open, New York, USA","Medvedev, Daniil","Rinderknech, Arthur",Totals (Double Faults),7,hdp=4.5 | hdp=7.5 | hdp=11.5 | hdp=14.5 | hdp=19.5 | hdp=24.5
2026-09-04T12:47:10Z,73992444,2026-09-04T16:10:00Z,Bet365,"ATP - US Open, New York, USA","Medvedev, Daniil","Rinderknech, Arthur",Team Total (Games) Away,1,hdp=18.5
2026-09-04T12:47:10Z,73992444,2026-09-04T16:10:00Z,Bet365,"ATP - US Open, New York, USA","Medvedev, Daniil","Rinderknech, Arthur",Team Total (Games) Home,1,hdp=20.5
2026-09-04T12:47:10Z,73992444,2026-09-04T16:10:00Z,Bet365,"ATP - US Open, New York, USA","Medvedev, Daniil","Rinderknech, Arthur",Totals 1st Set,6,hdp=6.5 | hdp=8.5 | hdp=10.5 | hdp=7.5 | hdp=9.5 | hdp=12.5
2026-09-04T12:47:10Z,73992444,2026-09-04T16:10:00Z,Bet365,"ATP - US Open, New York, USA","Medvedev, Daniil","Rinderknech, Arthur",Team Total (Aces) Away,9,hdp=0.5 | hdp=2.5 | hdp=4.5 | hdp=9.5 | hdp=14.5 | hdp=19.5
2026-09-04T12:47:10Z,73992444,2026-09-04T16:10:00Z,Bet365,"ATP - US Open, New York, USA","Medvedev, Daniil","Rinderknech, Arthur",Team Total (Double Faults) Away,8,hdp=0.5 | hdp=1.5 | hdp=2.5 | hdp=4.5 | hdp=7.5 | hdp=9.5
2026-09-04T12:47:10Z,73992444,2026-09-04T16:10:00Z,Bet365,"ATP - US Open, New York, USA","Medvedev, Daniil","Rinderknech, Arthur",Totals (Aces),7,hdp=9.5 | hdp=14.5 | hdp=19.5 | hdp=24.5 | hdp=29.5 | hdp=39.5
2026-09-04T12:47:10Z,73992472,2026-09-04T16:10:00Z,Bet365,"ATP - US Open, New York, USA","Bublik, Alexander","Paul, Tommy",ML,1,"{'home': '2.50', 'away': '1.53'}"
2026-09-04T12:47:10Z,73992472,2026-09-04T16:10:00Z,Bet365,"ATP - US Open, New York, USA","Bublik, Alexander","Paul, Tommy",Team Total (Aces) Away,8,hdp=0.5 | hdp=2.5 | hdp=24.5 | hdp=29.5 | hdp=4.5 | hdp=9.5
2026-09-04T12:47:10Z,73992472,2026-09-04T16:10:00Z,Bet365,"ATP - US Open, New York, USA","Bublik, Alexander","Paul, Tommy",Team Total (Games) Away,1,hdp=20.5
2026-09-04T12:47:10Z,73992472,2026-09-04T16:10:00Z,Bet365,"ATP - US Open, New York, USA","Bublik, Alexander","Paul, Tommy",Totals (Double Faults),7,hdp=4.5 | hdp=7.5 | hdp=9.5 | hdp=11.5 | hdp=14.5 | hdp=19.5
2026-09-04T12:47:10Z,73992472,2026-09-04T16:10:00Z,Bet365,"ATP - US Open, New York, USA","Bublik, Alexander","Paul, Tommy",Set Betting,6,label=3-0 (1) | label=3-1 (1) | label=3-2 (1) | label=3-0 (2) | label=3-1 (2) | label=3-2 (2)
2026-09-04T12:47:10Z,73992472,2026-09-04T16:10:00Z,Bet365,"ATP - US Open, New York, USA","Bublik, Alexander","Paul, Tommy",Spread (Games),1,hdp=2.5
2026-09-04T12:47:10Z,73992472,2026-09-04T16:10:00Z,Bet365,"ATP - US Open, New York, USA","Bublik, Alexander","Paul, Tommy",Team Total (Aces) Home,9,hdp=2.5 | hdp=14.5 | hdp=39.5 | hdp=49.5 | hdp=4.5 | hdp=9.5
2026-09-04T12:47:10Z,73992472,2026-09-04T16:10:00Z,Bet365,"ATP - US Open, New York, USA","Bublik, Alexander","Paul, Tommy",Team Total (Double Faults) Home,9,hdp=1.5 | hdp=2.5 | hdp=4.5 | hdp=7.5 | hdp=9.5 | hdp=11.5
2026-09-04T12:47:10Z,73992472,2026-09-04T16:10:00Z,Bet365,"ATP - US Open, New York, USA","Bublik, Alexander","Paul, Tommy",Team Total (Games) Home,1,hdp=19.5
2026-09-04T12:47:10Z,73992472,2026-09-04T16:10:00Z,Bet365,"ATP - US Open, New York, USA","Bublik, Alexander","Paul, Tommy",Totals 1st Set,6,hdp=6.5 | hdp=8.5 | hdp=9.5 | hdp=10.5 | hdp=12.5 | hdp=7.5
2026-09-04T12:47:10Z,73992472,2026-09-04T16:10:00Z,Bet365,"ATP - US Open, New York, USA","Bublik, Alexander","Paul, Tommy",Totals (Aces),7,hdp=9.5 | hdp=14.5 | hdp=39.5 | hdp=49.5 | hdp=19.5 | hdp=24.5
2026-09-04T12:47:10Z,73992472,2026-09-04T16:10:00Z,Bet365,"ATP - US Open, New York, USA","Bublik, Alexander","Paul, Tommy",Totals (Games),1,hdp=40.5
2026-09-04T12:47:10Z,73992472,2026-09-04T16:10:00Z,Bet365,"ATP - US Open, New York, USA","Bublik, Alexander","Paul, Tommy",Team Total (Double Faults) Away,7,hdp=0.5 | hdp=1.5 | hdp=2.5 | hdp=4.5 | hdp=7.5 | hdp=9.5
2026-09-04T12:47:10Z,73992474,2026-09-04T17:00:00Z,Bet365,"ATP - US Open, New York, USA","Wu, Yibing","Alcaraz, Carlos",ML,1,"{'home': '11.00', 'away': '1.05'}"
2026-09-04T12:47:10Z,73992474,2026-09-04T17:00:00Z,Bet365,"ATP - US Open, New York, USA","Wu, Yibing","Alcaraz, Carlos",Spread (Games),1,hdp=7.5
2026-09-04T12:47:10Z,73992474,2026-09-04T17:00:00Z,Bet365,"ATP - US Open, New York, USA","Wu, Yibing","Alcaraz, Carlos",Team Total (Aces) Away,7,hdp=0.5 | hdp=2.5 | hdp=4.5 | hdp=14.5 | hdp=19.5 | hdp=24.5
2026-09-04T12:47:10Z,73992474,2026-09-04T17:00:00Z,Bet365,"ATP - US Open, New York, USA","Wu, Yibing","Alcaraz, Carlos",Team Total (Aces) Home,6,hdp=0.5 | hdp=2.5 | hdp=9.5 | hdp=19.5 | hdp=4.5 | hdp=14.5
2026-09-04T12:47:10Z,73992474,2026-09-04T17:00:00Z,Bet365,"ATP - US Open, New York, USA","Wu, Yibing","Alcaraz, Carlos",Team Total (Double Faults) Away,7,hdp=0.5 | hdp=1.5 | hdp=2.5 | hdp=4.5 | hdp=7.5 | hdp=9.5
2026-09-04T12:47:10Z,73992474,2026-09-04T17:00:00Z,Bet365,"ATP - US Open, New York, USA","Wu, Yibing","Alcaraz, Carlos",Team Total (Games) Home,1,hdp=12.5
2026-09-04T12:47:10Z,73992474,2026-09-04T17:00:00Z,Bet365,"ATP - US Open, New York, USA","Wu, Yibing","Alcaraz, Carlos",Totals (Aces),8,hdp=2.5 | hdp=4.5 | hdp=9.5 | hdp=29.5 | hdp=39.5 | hdp=14.5
2026-09-04T12:47:10Z,73992474,2026-09-04T17:00:00Z,Bet365,"ATP - US Open, New York, USA","Wu, Yibing","Alcaraz, Carlos",Totals (Games),1,hdp=31.5
2026-09-04T12:47:10Z,73992474,2026-09-04T17:00:00Z,Bet365,"ATP - US Open, New York, USA","Wu, Yibing","Alcaraz, Carlos",Set Betting,6,label=3-0 (1) | label=3-1 (1) | label=3-2 (1) | label=3-0 (2) | label=3-1 (2) | label=3-2 (2)
2026-09-04T12:47:10Z,73992474,2026-09-04T17:00:00Z,Bet365,"ATP - US Open, New York, USA","Wu, Yibing","Alcaraz, Carlos",Team Total (Double Faults) Home,8,hdp=2.5 | hdp=4.5 | hdp=7.5 | hdp=9.5 | hdp=11.5 | hdp=0.5
2026-09-04T12:47:10Z,73992474,2026-09-04T17:00:00Z,Bet365,"ATP - US Open, New York, USA","Wu, Yibing","Alcaraz, Carlos",Team Total (Games) Away,1,hdp=19.5
2026-09-04T12:47:10Z,73992474,2026-09-04T17:00:00Z,Bet365,"ATP - US Open, New York, USA","Wu, Yibing","Alcaraz, Carlos",Totals 1st Set,6,hdp=6.5 | hdp=7.5 | hdp=8.5 | hdp=9.5 | hdp=10.5 | hdp=12.5
2026-09-04T12:47:10Z,73992474,2026-09-04T17:00:00Z,Bet365,"ATP - US Open, New York, USA","Wu, Yibing","Alcaraz, Carlos",Totals (Double Faults),8,hdp=4.5 | hdp=7.5 | hdp=9.5 | hdp=11.5 | hdp=14.5 | hdp=1.5
2026-09-04T12:47:10Z,73992580,2026-09-04T17:50:00Z,Bet365,"WTA - US Open, New York, USA","Navarro, Emma","Muchova, Karolina",ML,1,"{'home': '4.33', 'away': '1.22'}"
2026-09-04T12:47:10Z,73992580,2026-09-04T17:50:00Z,Bet365,"WTA - US Open, New York, USA","Navarro, Emma","Muchova, Karolina",Team Total (Games) Home,1,hdp=8.5
2026-09-04T12:47:10Z,73992580,2026-09-04T17:50:00Z,Bet365,"WTA - US Open, New York, USA","Navarro, Emma","Muchova, Karolina",Spread (Games),1,hdp=4.5
2026-09-04T12:47:10Z,73992580,2026-09-04T17:50:00Z,Bet365,"WTA - US Open, New York, USA","Navarro, Emma","Muchova, Karolina",Team Total (Aces) Home,5,hdp=0.5 | hdp=2.5 | hdp=4.5 | hdp=9.5 | hdp=14.5
2026-09-04T12:47:10Z,73992580,2026-09-04T17:50:00Z,Bet365,"WTA - US Open, New York, USA","Navarro, Emma","Muchova, Karolina",Team Total (Double Faults) Home,7,hdp=0.5 | hdp=1.5 | hdp=2.5 | hdp=4.5 | hdp=7.5 | hdp=9.5
2026-09-04T12:47:10Z,73992580,2026-09-04T17:50:00Z,Bet365,"WTA - US Open, New York, USA","Navarro, Emma","Muchova, Karolina",Team Total (Games) Away,1,hdp=12.5
2026-09-04T12:47:10Z,73992580,2026-09-04T17:50:00Z,Bet365,"WTA - US Open, New York, USA","Navarro, Emma","Muchova, Karolina",Totals (Aces),7,hdp=0.5 | hdp=2.5 | hdp=4.5 | hdp=9.5 | hdp=14.5 | hdp=19.5
2026-09-04T12:47:10Z,73992580,2026-09-04T17:50:00Z,Bet365,"WTA - US Open, New York, USA","Navarro, Emma","Muchova, Karolina",Totals (Double Faults),8,hdp=0.5 | hdp=1.5 | hdp=2.5 | hdp=4.5 | hdp=7.5 | hdp=9.5
2026-09-04T12:47:10Z,73992580,2026-09-04T17:50:00Z,Bet365,"WTA - US Open, New York, USA","Navarro, Emma","Muchova, Karolina",Totals (Games),1,hdp=20.5
2026-09-04T12:47:10Z,73992580,2026-09-04T17:50:00Z,Bet365,"WTA - US Open, New York, USA","Navarro, Emma","Muchova, Karolina",Set Betting,4,label=2-0 (1) | label=2-1 (1) | label=2-0 (2) | label=2-1 (2)
2026-09-04T12:47:10Z,73992580,2026-09-04T17:50:00Z,Bet365,"WTA - US Open, New York, USA","Navarro, Emma","Muchova, Karolina",Team Total (Aces) Away,5,hdp=0.5 | hdp=2.5 | hdp=4.5 | hdp=9.5 | hdp=14.5
2026-09-04T12:47:10Z,73992580,2026-09-04T17:50:00Z,Bet365,"WTA - US Open, New York, USA","Navarro, Emma","Muchova, Karolina",Team Total (Double Faults) Away,5,hdp=0.5 | hdp=1.5 | hdp=2.5 | hdp=4.5 | hdp=7.5
2026-09-04T12:47:10Z,73992580,2026-09-04T17:50:00Z,Bet365,"WTA - US Open, New York, USA","Navarro, Emma","Muchova, Karolina",Totals 1st Set,6,hdp=8.5 | hdp=12.5 | hdp=6.5 | hdp=7.5 | hdp=9.5 | hdp=10.5
2026-09-04T12:47:10Z,73992448,2026-09-04T20:30:00Z,Bet365,"ATP - US Open, New York, USA","Michelsen, Alex","Merida, Daniel",ML,1,"{'home': '1.50', 'away': '2.62'}"
2026-09-04T12:47:10Z,73992448,2026-09-04T20:30:00Z,Bet365,"ATP - US Open, New York, USA","Michelsen, Alex","Merida, Daniel",Set Betting,6,label=3-0 (1) | label=3-1 (1) | label=3-2 (1) | label=3-0 (2) | label=3-1 (2) | label=3-2 (2)
2026-09-04T12:47:10Z,73992448,2026-09-04T20:30:00Z,Bet365,"ATP - US Open, New York, USA","Michelsen, Alex","Merida, Daniel",Spread (Games),1,hdp=-3.5
2026-09-04T12:47:10Z,73992448,2026-09-04T20:30:00Z,Bet365,"ATP - US Open, New York, USA","Michelsen, Alex","Merida, Daniel",Team Total (Double Faults) Home,9,hdp=0.5 | hdp=1.5 | hdp=2.5 | hdp=4.5 | hdp=7.5 | hdp=9.5
2026-09-04T12:47:10Z,73992448,2026-09-04T20:30:00Z,Bet365,"ATP - US Open, New York, USA","Michelsen, Alex","Merida, Daniel",Team Total (Games) Away,1,hdp=19.5
2026-09-04T12:47:10Z,73992448,2026-09-04T20:30:00Z,Bet365,"ATP - US Open, New York, USA","Michelsen, Alex","Merida, Daniel",Team Total (Games) Home,1,hdp=20.5
2026-09-04T12:47:10Z,73992448,2026-09-04T20:30:00Z,Bet365,"ATP - US Open, New York, USA","Michelsen, Alex","Merida, Daniel",Totals 1st Set,6,hdp=10.5 | hdp=7.5 | hdp=8.5 | hdp=12.5 | hdp=6.5 | hdp=9.5
2026-09-04T12:47:10Z,73992448,2026-09-04T20:30:00Z,Bet365,"ATP - US Open, New York, USA","Michelsen, Alex","Merida, Daniel",Totals (Games),1,hdp=38.5
2026-09-04T12:47:10Z,73992448,2026-09-04T20:30:00Z,Bet365,"ATP - US Open, New York, USA","Michelsen, Alex","Merida, Daniel",Team Total (Double Faults) Away,8,hdp=0.5 | hdp=1.5 | hdp=2.5 | hdp=4.5 | hdp=7.5 | hdp=9.5
2026-09-04T12:47:10Z,73992448,2026-09-04T20:30:00Z,Bet365,"ATP - US Open, New York, USA","Michelsen, Alex","Merida, Daniel",Totals (Double Faults),8,hdp=2.5 | hdp=4.5 | hdp=7.5 | hdp=9.5 | hdp=11.5 | hdp=14.5
2026-09-04T12:47:10Z,73992446,2026-09-04T23:00:00Z,Bet365,"ATP - US Open, New York, USA","Vacherot, Valentin","Tiafoe, Frances",ML,1,"{'home': '2.62', 'away': '1.50'}"
2026-09-04T12:47:10Z,73992446,2026-09-04T23:00:00Z,Bet365,"ATP - US Open, New York, USA","Vacherot, Valentin","Tiafoe, Frances",Totals (Double Faults),8,hdp=14.5 | hdp=24.5 | hdp=2.5 | hdp=4.5 | hdp=7.5 | hdp=9.5
2026-09-04T12:47:10Z,73992446,2026-09-04T23:00:00Z,Bet365,"ATP - US Open, New York, USA","Vacherot, Valentin","Tiafoe, Frances",Set Betting,6,label=3-0 (1) | label=3-1 (1) | label=3-2 (1) | label=3-0 (2) | label=3-1 (2) | label=3-2 (2)
2026-09-04T12:47:10Z,73992446,2026-09-04T23:00:00Z,Bet365,"ATP - US Open, New York, USA","Vacherot, Valentin","Tiafoe, Frances",Spread (Games),1,hdp=3.5
2026-09-04T12:47:10Z,73992446,2026-09-04T23:00:00Z,Bet365,"ATP - US Open, New York, USA","Vacherot, Valentin","Tiafoe, Frances",Team Total (Aces) Away,8,hdp=0.5 | hdp=2.5 | hdp=4.5 | hdp=9.5 | hdp=14.5 | hdp=19.5
2026-09-04T12:47:10Z,73992446,2026-09-04T23:00:00Z,Bet365,"ATP - US Open, New York, USA","Vacherot, Valentin","Tiafoe, Frances",Totals 1st Set,6,hdp=6.5 | hdp=7.5 | hdp=8.5 | hdp=9.5 | hdp=10.5 | hdp=12.5
2026-09-04T12:47:10Z,73992446,2026-09-04T23:00:00Z,Bet365,"ATP - US Open, New York, USA","Vacherot, Valentin","Tiafoe, Frances",Totals (Aces),7,hdp=9.5 | hdp=14.5 | hdp=19.5 | hdp=24.5 | hdp=29.5 | hdp=39.5
2026-09-04T12:47:10Z,73992446,2026-09-04T23:00:00Z,Bet365,"ATP - US Open, New York, USA","Vacherot, Valentin","Tiafoe, Frances",Totals (Games),1,hdp=39.5
2026-09-04T12:47:10Z,73992446,2026-09-04T23:00:00Z,Bet365,"ATP - US Open, New York, USA","Vacherot, Valentin","Tiafoe, Frances",Team Total (Aces) Home,9,hdp=2.5 | hdp=4.5 | hdp=9.5 | hdp=14.5 | hdp=19.5 | hdp=24.5
2026-09-04T12:47:10Z,73992446,2026-09-04T23:00:00Z,Bet365,"ATP - US Open, New York, USA","Vacherot, Valentin","Tiafoe, Frances",Team Total (Double Faults) Away,7,hdp=1.5 | hdp=2.5 | hdp=4.5 | hdp=7.5 | hdp=9.5 | hdp=0.5
2026-09-04T12:47:10Z,73992446,2026-09-04T23:00:00Z,Bet365,"ATP - US Open, New York, USA","Vacherot, Valentin","Tiafoe, Frances",Team Total (Double Faults) Home,9,hdp=0.5 | hdp=2.5 | hdp=11.5 | hdp=14.5 | hdp=1.5 | hdp=4.5
2026-09-04T12:47:10Z,73992446,2026-09-04T23:00:00Z,Bet365,"ATP - US Open, New York, USA","Vacherot, Valentin","Tiafoe, Frances",Team Total (Games) Away,1,hdp=20.5
2026-09-04T12:47:10Z,73992446,2026-09-04T23:00:00Z,Bet365,"ATP - US Open, New York, USA","Vacherot, Valentin","Tiafoe, Frances",Team Total (Games) Home,1,hdp=19.5
2026-09-04T12:47:10Z,73992458,2026-09-05T15:00:00Z,Bet365,"ATP - US Open, New York, USA","Blockx, Alexander","Cobolli, Flavio",ML,1,"{'home': '2.00', 'away': '1.80'}"
2026-09-04T12:47:10Z,73992458,2026-09-05T15:00:00Z,Bet365,"ATP - US Open, New York, USA","Blockx, Alexander","Cobolli, Flavio",Set Betting,6,label=3-0 (1) | label=3-1 (1) | label=3-2 (1) | label=3-0 (2) | label=3-1 (2) | label=3-2 (2)
2026-09-04T12:47:10Z,73992458,2026-09-05T15:00:00Z,Bet365,"ATP - US Open, New York, USA","Blockx, Alexander","Cobolli, Flavio",Team Total (Games) Away,1,hdp=20.5
2026-09-04T12:47:10Z,73992458,2026-09-05T15:00:00Z,Bet365,"ATP - US Open, New York, USA","Blockx, Alexander","Cobolli, Flavio",Team Total (Games) Home,1,hdp=20.5
2026-09-04T12:47:10Z,73992458,2026-09-05T15:00:00Z,Bet365,"ATP - US Open, New York, USA","Blockx, Alexander","Cobolli, Flavio",Totals (Double Faults),9,hdp=1.5 | hdp=2.5 | hdp=4.5 | hdp=7.5 | hdp=9.5 | hdp=11.5
2026-09-04T12:47:10Z,73992458,2026-09-05T15:00:00Z,Bet365,"ATP - US Open, New York, USA","Blockx, Alexander","Cobolli, Flavio",Team Total (Double Faults) Away,7,hdp=0.5 | hdp=1.5 | hdp=2.5 | hdp=4.5 | hdp=7.5 | hdp=9.5
2026-09-04T12:47:10Z,73992458,2026-09-05T15:00:00Z,Bet365,"ATP - US Open, New York, USA","Blockx, Alexander","Cobolli, Flavio",Team Total (Aces) Home,9,hdp=0.5 | hdp=2.5 | hdp=4.5 | hdp=9.5 | hdp=14.5 | hdp=19.5
2026-09-04T12:47:10Z,73992458,2026-09-05T15:00:00Z,Bet365,"ATP - US Open, New York, USA","Blockx, Alexander","Cobolli, Flavio",Spread (Games),1,hdp=0.5
2026-09-04T12:47:10Z,73992458,2026-09-05T15:00:00Z,Bet365,"ATP - US Open, New York, USA","Blockx, Alexander","Cobolli, Flavio",Team Total (Aces) Away,7,hdp=0.5 | hdp=2.5 | hdp=4.5 | hdp=9.5 | hdp=14.5 | hdp=19.5
2026-09-04T12:47:10Z,73992458,2026-09-05T15:00:00Z,Bet365,"ATP - US Open, New York, USA","Blockx, Alexander","Cobolli, Flavio",Team Total (Double Faults) Home,8,hdp=0.5 | hdp=1.5 | hdp=2.5 | hdp=4.5 | hdp=7.5 | hdp=9.5
2026-09-04T12:47:10Z,73992458,2026-09-05T15:00:00Z,Bet365,"ATP - US Open, New York, USA","Blockx, Alexander","Cobolli, Flavio",Totals 1st Set,6,hdp=6.5 | hdp=7.5 | hdp=8.5 | hdp=10.5 | hdp=12.5 | hdp=9.5
2026-09-04T12:47:10Z,73992458,2026-09-05T15:00:00Z,Bet365,"ATP - US Open, New York, USA","Blockx, Alexander","Cobolli, Flavio",Totals (Aces),8,hdp=4.5 | hdp=9.5 | hdp=14.5 | hdp=19.5 | hdp=24.5 | hdp=29.5
2026-09-04T12:47:10Z,73992458,2026-09-05T15:00:00Z,Bet365,"ATP - US Open, New York, USA","Blockx, Alexander","Cobolli, Flavio",Totals (Games),1,hdp=40.5
2026-09-04T12:47:10Z,73992454,2026-09-05T15:00:00Z,Bet365,"ATP - US Open, New York, USA","Mensik, Jakub","Tien, Learner",ML,1,"{'home': '2.10', 'away': '1.72'}"
2026-09-04T12:47:10Z,73992454,2026-09-05T15:00:00Z,Bet365,"ATP - US Open, New York, USA","Mensik, Jakub","Tien, Learner",Team Total (Games) Away,1,hdp=20.5
2026-09-04T12:47:10Z,73992454,2026-09-05T15:00:00Z,Bet365,"ATP - US Open, New York, USA","Mensik, Jakub","Tien, Learner",Set Betting,6,label=3-0 (1) | label=3-1 (1) | label=3-2 (1) | label=3-0 (2) | label=3-1 (2) | label=3-2 (2)
2026-09-04T12:47:10Z,73992454,2026-09-05T15:00:00Z,Bet365,"ATP - US Open, New York, USA","Mensik, Jakub","Tien, Learner",Spread (Games),1,hdp=1.5
2026-09-04T12:47:10Z,73992454,2026-09-05T15:00:00Z,Bet365,"ATP - US Open, New York, USA","Mensik, Jakub","Tien, Learner",Team Total (Double Faults) Away,8,hdp=0.5 | hdp=1.5 | hdp=2.5 | hdp=4.5 | hdp=7.5 | hdp=9.5
2026-09-04T12:47:10Z,73992454,2026-09-05T15:00:00Z,Bet365,"ATP - US Open, New York, USA","Mensik, Jakub","Tien, Learner",Team Total (Double Faults) Home,9,hdp=0.5 | hdp=1.5 | hdp=2.5 | hdp=4.5 | hdp=7.5 | hdp=9.5
2026-09-04T12:47:10Z,73992454,2026-09-05T15:00:00Z,Bet365,"ATP - US Open, New York, USA","Mensik, Jakub","Tien, Learner",Totals (Games),1,hdp=39.5
2026-09-04T12:47:10Z,73992454,2026-09-05T15:00:00Z,Bet365,"ATP - US Open, New York, USA","Mensik, Jakub","Tien, Learner",Totals 1st Set,6,hdp=7.5 | hdp=9.5 | hdp=12.5 | hdp=6.5 | hdp=8.5 | hdp=10.5
2026-09-04T12:47:10Z,73992454,2026-09-05T15:00:00Z,Bet365,"ATP - US Open, New York, USA","Mensik, Jakub","Tien, Learner",Totals (Aces),8,hdp=4.5 | hdp=9.5 | hdp=14.5 | hdp=19.5 | hdp=24.5 | hdp=29.5
2026-09-04T12:47:10Z,73992454,2026-09-05T15:00:00Z,Bet365,"ATP - US Open, New York, USA","Mensik, Jakub","Tien, Learner",Team Total (Aces) Away,7,hdp=0.5 | hdp=2.5 | hdp=4.5 | hdp=9.5 | hdp=14.5 | hdp=19.5
2026-09-04T12:47:10Z,73992454,2026-09-05T15:00:00Z,Bet365,"ATP - US Open, New York, USA","Mensik, Jakub","Tien, Learner",Team Total (Aces) Home,9,hdp=2.5 | hdp=4.5 | hdp=9.5 | hdp=14.5 | hdp=19.5 | hdp=24.5
2026-09-04T12:47:10Z,73992454,2026-09-05T15:00:00Z,Bet365,"ATP - US Open, New York, USA","Mensik, Jakub","Tien, Learner",Team Total (Games) Home,1,hdp=19.5
2026-09-04T12:47:10Z,73992454,2026-09-05T15:00:00Z,Bet365,"ATP - US Open, New York, USA","Mensik, Jakub","Tien, Learner",Totals (Double Faults),8,hdp=2.5 | hdp=4.5 | hdp=7.5 | hdp=9.5 | hdp=11.5 | hdp=14.5
2026-09-04T12:47:10Z,73992450,2026-09-04T20:00:00Z,Bet365,"ATP - US Open, New York, USA","Etcheverry, Tomas Martin","Navone, Mariano",ML,1,"{'home': '1.90', 'away': '1.90'}"
2026-09-04T12:47:10Z,73992450,2026-09-04T20:00:00Z,Bet365,"ATP - US Open, New York, USA","Etcheverry, Tomas Martin","Navone, Mariano",Totals 1st Set,6,hdp=6.5 | hdp=8.5 | hdp=12.5 | hdp=7.5 | hdp=9.5 | hdp=10.5
2026-09-04T12:47:10Z,73992450,2026-09-04T20:00:00Z,Bet365,"ATP - US Open, New York, USA","Etcheverry, Tomas Martin","Navone, Mariano",Totals (Games),1,hdp=39.5
2026-09-04T12:47:10Z,73992450,2026-09-04T20:00:00Z,Bet365,"ATP - US Open, New York, USA","Etcheverry, Tomas Martin","Navone, Mariano",Set Betting,6,label=3-0 (1) | label=3-1 (1) | label=3-2 (1) | label=3-0 (2) | label=3-1 (2) | label=3-2 (2)
2026-09-04T12:47:10Z,73992450,2026-09-04T20:00:00Z,Bet365,"ATP - US Open, New York, USA","Etcheverry, Tomas Martin","Navone, Mariano",Spread (Games),1,hdp=1.5
2026-09-04T12:47:10Z,73992450,2026-09-04T20:00:00Z,Bet365,"ATP - US Open, New York, USA","Etcheverry, Tomas Martin","Navone, Mariano",Team Total (Games) Away,1,hdp=19.5
2026-09-04T12:47:10Z,73992450,2026-09-04T20:00:00Z,Bet365,"ATP - US Open, New York, USA","Etcheverry, Tomas Martin","Navone, Mariano",Team Total (Games) Home,1,hdp=19.5
2026-09-04T12:47:10Z,73992470,2026-09-04T21:00:00Z,Bet365,"ATP - US Open, New York, USA","Lehecka, Jiri","Tsitsipas, Stefanos",ML,1,"{'home': '1.53', 'away': '2.50'}"
2026-09-04T12:47:10Z,73992470,2026-09-04T21:00:00Z,Bet365,"ATP - US Open, New York, USA","Lehecka, Jiri","Tsitsipas, Stefanos",Team Total (Games) Home,1,hdp=20.5
2026-09-04T12:47:10Z,73992470,2026-09-04T21:00:00Z,Bet365,"ATP - US Open, New York, USA","Lehecka, Jiri","Tsitsipas, Stefanos",Totals (Double Faults),9,hdp=1.5 | hdp=2.5 | hdp=4.5 | hdp=7.5 | hdp=9.5 | hdp=11.5
2026-09-04T12:47:10Z,73992470,2026-09-04T21:00:00Z,Bet365,"ATP - US Open, New York, USA","Lehecka, Jiri","Tsitsipas, Stefanos",Totals (Games),1,hdp=40.5
2026-09-04T12:47:10Z,73992470,2026-09-04T21:00:00Z,Bet365,"ATP - US Open, New York, USA","Lehecka, Jiri","Tsitsipas, Stefanos",Set Betting,6,label=3-0 (1) | label=3-1 (1) | label=3-2 (1) | label=3-0 (2) | label=3-1 (2) | label=3-2 (2)
2026-09-04T12:47:10Z,73992470,2026-09-04T21:00:00Z,Bet365,"ATP - US Open, New York, USA","Lehecka, Jiri","Tsitsipas, Stefanos",Team Total (Double Faults) Away,8,hdp=0.5 | hdp=1.5 | hdp=2.5 | hdp=4.5 | hdp=7.5 | hdp=9.5
2026-09-04T12:47:10Z,73992470,2026-09-04T21:00:00Z,Bet365,"ATP - US Open, New York, USA","Lehecka, Jiri","Tsitsipas, Stefanos",Team Total (Games) Away,1,hdp=19.5
2026-09-04T12:47:10Z,73992470,2026-09-04T21:00:00Z,Bet365,"ATP - US Open, New York, USA","Lehecka, Jiri","Tsitsipas, Stefanos",Totals 1st Set,6,hdp=7.5 | hdp=8.5 | hdp=9.5 | hdp=10.5 | hdp=12.5 | hdp=6.5
2026-09-04T12:47:10Z,73992470,2026-09-04T21:00:00Z,Bet365,"ATP - US Open, New York, USA","Lehecka, Jiri","Tsitsipas, Stefanos",Spread (Games),1,hdp=-2.5
2026-09-04T12:47:10Z,73992470,2026-09-04T21:00:00Z,Bet365,"ATP - US Open, New York, USA","Lehecka, Jiri","Tsitsipas, Stefanos",Team Total (Double Faults) Home,6,hdp=0.5 | hdp=1.5 | hdp=2.5 | hdp=4.5 | hdp=7.5 | hdp=9.5
2026-09-04T12:47:10Z,73992468,2026-09-05T00:10:00Z,Bet365,"ATP - US Open, New York, USA","Shelton, Ben","Shapovalov, Denis",ML,1,"{'home': '1.25', 'away': '4.00'}"
2026-09-04T12:47:10Z,73992468,2026-09-05T00:10:00Z,Bet365,"ATP - US Open, New York, USA","Shelton, Ben","Shapovalov, Denis",Totals (Games),1,hdp=38.5
2026-09-04T12:47:10Z,73992468,2026-09-05T00:10:00Z,Bet365,"ATP - US Open, New York, USA","Shelton, Ben","Shapovalov, Denis",Set Betting,6,label=3-0 (1) | label=3-1 (1) | label=3-2 (1) | label=3-0 (2) | label=3-1 (2) | label=3-2 (2)
2026-09-04T12:47:10Z,73992468,2026-09-05T00:10:00Z,Bet365,"ATP - US Open, New York, USA","Shelton, Ben","Shapovalov, Denis",Spread (Games),1,hdp=-4.5
2026-09-04T12:47:10Z,73992468,2026-09-05T00:10:00Z,Bet365,"ATP - US Open, New York, USA","Shelton, Ben","Shapovalov, Denis",Team Total (Double Faults) Home,7,hdp=0.5 | hdp=1.5 | hdp=2.5 | hdp=4.5 | hdp=7.5 | hdp=9.5
2026-09-04T12:47:10Z,73992468,2026-09-05T00:10:00Z,Bet365,"ATP - US Open, New York, USA","Shelton, Ben","Shapovalov, Denis",Team Total (Double Faults) Away,7,hdp=4.5 | hdp=7.5 | hdp=9.5 | hdp=11.5 | hdp=14.5 | hdp=19.5
2026-09-04T12:47:10Z,73992468,2026-09-05T00:10:00Z,Bet365,"ATP - US Open, New York, USA","Shelton, Ben","Shapovalov, Denis",Team Total (Games) Away,1,hdp=18.5
2026-09-04T12:47:10Z,73992468,2026-09-05T00:10:00Z,Bet365,"ATP - US Open, New York, USA","Shelton, Ben","Shapovalov, Denis",Team Total (Games) Home,1,hdp=21.5
2026-09-04T12:47:10Z,73992468,2026-09-05T00:10:00Z,Bet365,"ATP - US Open, New York, USA","Shelton, Ben","Shapovalov, Denis",Totals 1st Set,6,hdp=6.5 | hdp=7.5 | hdp=8.5 | hdp=9.5 | hdp=10.5 | hdp=12.5
2026-09-04T12:47:10Z,73992468,2026-09-05T00:10:00Z,Bet365,"ATP - US Open, New York, USA","Shelton, Ben","Shapovalov, Denis",Totals (Double Faults),6,hdp=7.5 | hdp=9.5 | hdp=11.5 | hdp=14.5 | hdp=19.5 | hdp=24.5
2026-09-04T12:47:10Z,73992578,2026-09-05T00:40:00Z,Bet365,"WTA - US Open, New York, USA","Svitolina, Elina","Kalinskaya, Anna",ML,1,"{'home': '1.36', 'away': '3.20'}"
2026-09-04T12:47:10Z,73992578,2026-09-05T00:40:00Z,Bet365,"WTA - US Open, New York, USA","Svitolina, Elina","Kalinskaya, Anna",Team Total (Games) Away,1,hdp=10.5
2026-09-04T12:47:10Z,73992578,2026-09-05T00:40:00Z,Bet365,"WTA - US Open, New York, USA","Svitolina, Elina","Kalinskaya, Anna",Team Total (Games) Home,1,hdp=12.5
2026-09-04T12:47:10Z,73992578,2026-09-05T00:40:00Z,Bet365,"WTA - US Open, New York, USA","Svitolina, Elina","Kalinskaya, Anna",Totals 1st Set,6,hdp=9.5 | hdp=6.5 | hdp=7.5 | hdp=8.5 | hdp=10.5 | hdp=12.5
2026-09-04T12:47:10Z,73992578,2026-09-05T00:40:00Z,Bet365,"WTA - US Open, New York, USA","Svitolina, Elina","Kalinskaya, Anna",Totals (Games),1,hdp=21.5
2026-09-04T12:47:10Z,73992578,2026-09-05T00:40:00Z,Bet365,"WTA - US Open, New York, USA","Svitolina, Elina","Kalinskaya, Anna",Set Betting,4,label=2-0 (1) | label=2-1 (1) | label=2-0 (2) | label=2-1 (2)
2026-09-04T12:47:10Z,73992578,2026-09-05T00:40:00Z,Bet365,"WTA - US Open, New York, USA","Svitolina, Elina","Kalinskaya, Anna",Spread (Games),1,hdp=-3.5
2026-09-04T12:47:10Z,73992452,2026-09-05T15:00:00Z,Bet365,"ATP - US Open, New York, USA","Khachanov, Karen","Bonzi, Benjamin",ML,1,"{'home': '1.44', 'away': '2.75'}"
2026-09-04T12:47:10Z,73992452,2026-09-05T15:00:00Z,Bet365,"ATP - US Open, New York, USA","Khachanov, Karen","Bonzi, Benjamin",Totals 1st Set,6,hdp=6.5 | hdp=7.5 | hdp=8.5 | hdp=9.5 | hdp=10.5 | hdp=12.5
2026-09-04T12:47:10Z,73992452,2026-09-05T15:00:00Z,Bet365,"ATP - US Open, New York, USA","Khachanov, Karen","Bonzi, Benjamin",Set Betting,6,label=3-0 (1) | label=3-1 (1) | label=3-2 (1) | label=3-0 (2) | label=3-1 (2) | label=3-2 (2)
2026-09-04T12:47:10Z,73992452,2026-09-05T15:00:00Z,Bet365,"ATP - US Open, New York, USA","Khachanov, Karen","Bonzi, Benjamin",Team Total (Aces) Away,8,hdp=0.5 | hdp=2.5 | hdp=4.5 | hdp=9.5 | hdp=14.5 | hdp=19.5
2026-09-04T12:47:10Z,73992452,2026-09-05T15:00:00Z,Bet365,"ATP - US Open, New York, USA","Khachanov, Karen","Bonzi, Benjamin",Team Total (Double Faults) Away,8,hdp=0.5 | hdp=1.5 | hdp=2.5 | hdp=4.5 | hdp=7.5 | hdp=9.5
2026-09-04T12:47:10Z,73992452,2026-09-05T15:00:00Z,Bet365,"ATP - US Open, New York, USA","Khachanov, Karen","Bonzi, Benjamin",Team Total (Double Faults) Home,7,hdp=0.5 | hdp=1.5 | hdp=2.5 | hdp=4.5 | hdp=7.5 | hdp=9.5
2026-09-04T12:47:10Z,73992452,2026-09-05T15:00:00Z,Bet365,"ATP - US Open, New York, USA","Khachanov, Karen","Bonzi, Benjamin",Totals (Games),1,hdp=38.5
2026-09-04T12:47:10Z,73992452,2026-09-05T15:00:00Z,Bet365,"ATP - US Open, New York, USA","Khachanov, Karen","Bonzi, Benjamin",Totals (Double Faults),8,hdp=1.5 | hdp=2.5 | hdp=4.5 | hdp=7.5 | hdp=9.5 | hdp=11.5
2026-09-04T12:47:10Z,73992452,2026-09-05T15:00:00Z,Bet365,"ATP - US Open, New York, USA","Khachanov, Karen","Bonzi, Benjamin",Spread (Games),1,hdp=-3.5
2026-09-04T12:47:10Z,73992452,2026-09-05T15:00:00Z,Bet365,"ATP - US Open, New York, USA","Khachanov, Karen","Bonzi, Benjamin",Team Total (Aces) Home,9,hdp=0.5 | hdp=2.5 | hdp=4.5 | hdp=9.5 | hdp=14.5 | hdp=19.5
2026-09-04T12:47:10Z,73992452,2026-09-05T15:00:00Z,Bet365,"ATP - US Open, New York, USA","Khachanov, Karen","Bonzi, Benjamin",Team Total (Games) Away,1,hdp=18.5
2026-09-04T12:47:10Z,73992452,2026-09-05T15:00:00Z,Bet365,"ATP - US Open, New York, USA","Khachanov, Karen","Bonzi, Benjamin",Team Total (Games) Home,1,hdp=20.5
2026-09-04T12:47:10Z,73992452,2026-09-05T15:00:00Z,Bet365,"ATP - US Open, New York, USA","Khachanov, Karen","Bonzi, Benjamin",Totals (Aces),8,hdp=4.5 | hdp=9.5 | hdp=14.5 | hdp=19.5 | hdp=24.5 | hdp=29.5
2026-09-04T12:47:10Z,73992456,2026-09-05T15:00:00Z,Bet365,"ATP - US Open, New York, USA","Fritz, Taylor","Cerundolo, Francisco",ML,1,"{'home': '1.14', 'away': '5.50'}"
2026-09-04T12:47:10Z,73992456,2026-09-05T15:00:00Z,Bet365,"ATP - US Open, New York, USA","Fritz, Taylor","Cerundolo, Francisco",Team Total (Double Faults) Away,8,hdp=0.5 | hdp=1.5 | hdp=2.5 | hdp=4.5 | hdp=7.5 | hdp=9.5
2026-09-04T12:47:10Z,73992456,2026-09-05T15:00:00Z,Bet365,"ATP - US Open, New York, USA","Fritz, Taylor","Cerundolo, Francisco",Totals (Games),1,hdp=35.5
2026-09-04T12:47:10Z,73992456,2026-09-05T15:00:00Z,Bet365,"ATP - US Open, New York, USA","Fritz, Taylor","Cerundolo, Francisco",Totals (Double Faults),9,hdp=1.5 | hdp=2.5 | hdp=4.5 | hdp=7.5 | hdp=9.5 | hdp=11.5
2026-09-04T12:47:10Z,73992456,2026-09-05T15:00:00Z,Bet365,"ATP - US Open, New York, USA","Fritz, Taylor","Cerundolo, Francisco",Set Betting,6,label=3-0 (1) | label=3-1 (1) | label=3-2 (1) | label=3-0 (2) | label=3-1 (2) | label=3-2 (2)
2026-09-04T12:47:10Z,73992456,2026-09-05T15:00:00Z,Bet365,"ATP - US Open, New York, USA","Fritz, Taylor","Cerundolo, Francisco",Spread (Games),1,hdp=-6.5
2026-09-04T12:47:10Z,73992456,2026-09-05T15:00:00Z,Bet365,"ATP - US Open, New York, USA","Fritz, Taylor","Cerundolo, Francisco",Totals (Aces),8,hdp=4.5 | hdp=9.5 | hdp=14.5 | hdp=19.5 | hdp=24.5 | hdp=29.5
2026-09-04T12:47:10Z,73992456,2026-09-05T15:00:00Z,Bet365,"ATP - US Open, New York, USA","Fritz, Taylor","Cerundolo, Francisco",Team Total (Double Faults) Home,7,hdp=0.5 | hdp=1.5 | hdp=2.5 | hdp=4.5 | hdp=7.5 | hdp=9.5
2026-09-04T12:47:10Z,73992456,2026-09-05T15:00:00Z,Bet365,"ATP - US Open, New York, USA","Fritz, Taylor","Cerundolo, Francisco",Team Total (Games) Away,1,hdp=15.5
2026-09-04T12:47:10Z,73992456,2026-09-05T15:00:00Z,Bet365,"ATP - US Open, New York, USA","Fritz, Taylor","Cerundolo, Francisco",Team Total (Games) Home,1,hdp=20.5
2026-09-04T12:47:10Z,73992456,2026-09-05T15:00:00Z,Bet365,"ATP - US Open, New York, USA","Fritz, Taylor","Cerundolo, Francisco",Totals 1st Set,6,hdp=6.5 | hdp=7.5 | hdp=12.5 | hdp=8.5 | hdp=10.5 | hdp=9.5
2026-09-04T12:47:10Z,73992456,2026-09-05T15:00:00Z,Bet365,"ATP - US Open, New York, USA","Fritz, Taylor","Cerundolo, Francisco",Team Total (Aces) Away,7,hdp=0.5 | hdp=2.5 | hdp=4.5 | hdp=9.5 | hdp=14.5 | hdp=19.5
2026-09-04T12:47:10Z,73992456,2026-09-05T15:00:00Z,Bet365,"ATP - US Open, New York, USA","Fritz, Taylor","Cerundolo, Francisco",Team Total (Aces) Home,8,hdp=2.5 | hdp=4.5 | hdp=9.5 | hdp=14.5 | hdp=19.5 | hdp=24.5
2026-09-04T12:47:10Z,73992570,2026-09-05T15:00:00Z,Bet365,"WTA - US Open, New York, USA","Jovic, Iva","Eala, Alexandra",ML,1,"{'home': '1.72', 'away': '2.10'}"
2026-09-04T12:47:10Z,73992570,2026-09-05T15:00:00Z,Bet365,"WTA - US Open, New York, USA","Jovic, Iva","Eala, Alexandra",Set Betting,4,label=2-0 (1) | label=2-1 (1) | label=2-0 (2) | label=2-1 (2)
2026-09-04T12:47:10Z,73992570,2026-09-05T15:00:00Z,Bet365,"WTA - US Open, New York, USA","Jovic, Iva","Eala, Alexandra",Team Total (Games) Away,1,hdp=12.5
2026-09-04T12:47:10Z,73992570,2026-09-05T15:00:00Z,Bet365,"WTA - US Open, New York, USA","Jovic, Iva","Eala, Alexandra",Team Total (Games) Home,1,hdp=12.5
2026-09-04T12:47:10Z,73992570,2026-09-05T15:00:00Z,Bet365,"WTA - US Open, New York, USA","Jovic, Iva","Eala, Alexandra",Totals 1st Set,6,hdp=6.5 | hdp=7.5 | hdp=8.5 | hdp=9.5 | hdp=10.5 | hdp=12.5
2026-09-04T12:47:10Z,73992570,2026-09-05T15:00:00Z,Bet365,"WTA - US Open, New York, USA","Jovic, Iva","Eala, Alexandra",Totals (Double Faults),9,hdp=0.5 | hdp=1.5 | hdp=2.5 | hdp=4.5 | hdp=7.5 | hdp=9.5
2026-09-04T12:47:10Z,73992570,2026-09-05T15:00:00Z,Bet365,"WTA - US Open, New York, USA","Jovic, Iva","Eala, Alexandra",Totals (Games),1,hdp=22.5
2026-09-04T12:47:10Z,73992570,2026-09-05T15:00:00Z,Bet365,"WTA - US Open, New York, USA","Jovic, Iva","Eala, Alexandra",Spread (Games),1,hdp=-1.5
2026-09-04T12:47:10Z,73992570,2026-09-05T15:00:00Z,Bet365,"WTA - US Open, New York, USA","Jovic, Iva","Eala, Alexandra",Team Total (Double Faults) Away,7,hdp=0.5 | hdp=1.5 | hdp=2.5 | hdp=4.5 | hdp=7.5 | hdp=9.5
2026-09-04T12:47:10Z,73992570,2026-09-05T15:00:00Z,Bet365,"WTA - US Open, New York, USA","Jovic, Iva","Eala, Alexandra",Team Total (Double Faults) Home,6,hdp=0.5 | hdp=1.5 | hdp=2.5 | hdp=4.5 | hdp=7.5 | hdp=9.5
2026-09-04T12:47:10Z,73992582,2026-09-05T15:00:00Z,Bet365,"WTA - US Open, New York, USA","Andreeva, Mirra","Bartunkova, Nikola",ML,1,"{'home': '1.22', 'away': '4.33'}"
2026-09-04T12:47:10Z,73992582,2026-09-05T15:00:00Z,Bet365,"WTA - US Open, New York, USA","Andreeva, Mirra","Bartunkova, Nikola",Totals 1st Set,6,hdp=9.5 | hdp=6.5 | hdp=7.5 | hdp=10.5 | hdp=12.5 | hdp=8.5
2026-09-04T12:47:10Z,73992582,2026-09-05T15:00:00Z,Bet365,"WTA - US Open, New York, USA","Andreeva, Mirra","Bartunkova, Nikola",Totals (Double Faults),9,hdp=1.5 | hdp=2.5 | hdp=4.5 | hdp=11.5 | hdp=14.5 | hdp=19.5
2026-09-04T12:47:10Z,73992582,2026-09-05T15:00:00Z,Bet365,"WTA - US Open, New York, USA","Andreeva, Mirra","Bartunkova, Nikola",Totals (Games),1,hdp=20.5
2026-09-04T12:47:10Z,73992582,2026-09-05T15:00:00Z,Bet365,"WTA - US Open, New York, USA","Andreeva, Mirra","Bartunkova, Nikola",Set Betting,4,label=2-0 (1) | label=2-1 (1) | label=2-0 (2) | label=2-1 (2)
2026-09-04T12:47:10Z,73992582,2026-09-05T15:00:00Z,Bet365,"WTA - US Open, New York, USA","Andreeva, Mirra","Bartunkova, Nikola",Team Total (Double Faults) Away,8,hdp=0.5 | hdp=2.5 | hdp=4.5 | hdp=7.5 | hdp=9.5 | hdp=11.5
2026-09-04T12:47:10Z,73992582,2026-09-05T15:00:00Z,Bet365,"WTA - US Open, New York, USA","Andreeva, Mirra","Bartunkova, Nikola",Team Total (Double Faults) Home,8,hdp=2.5 | hdp=4.5 | hdp=9.5 | hdp=11.5 | hdp=14.5 | hdp=0.5
2026-09-04T12:47:10Z,73992582,2026-09-05T15:00:00Z,Bet365,"WTA - US Open, New York, USA","Andreeva, Mirra","Bartunkova, Nikola",Spread (Games),1,hdp=-4.5
2026-09-04T12:47:10Z,73992582,2026-09-05T15:00:00Z,Bet365,"WTA - US Open, New York, USA","Andreeva, Mirra","Bartunkova, Nikola",Team Total (Games) Away,1,hdp=9.5
2026-09-04T12:47:10Z,73992582,2026-09-05T15:00:00Z,Bet365,"WTA - US Open, New York, USA","Andreeva, Mirra","Bartunkova, Nikola",Team Total (Games) Home,1,hdp=12.5
2026-09-04T12:47:10Z,73992584,2026-09-05T15:00:00Z,Bet365,"WTA - US Open, New York, USA","Potapova, Anastasia","Anisimova, Amanda",ML,1,"{'home': '5.00', 'away': '1.16'}"
2026-09-04T12:47:10Z,73992584,2026-09-05T15:00:00Z,Bet365,"WTA - US Open, New York, USA","Potapova, Anastasia","Anisimova, Amanda",Set Betting,4,label=2-0 (1) | label=2-1 (1) | label=2-0 (2) | label=2-1 (2)
2026-09-04T12:47:10Z,73992584,2026-09-05T15:00:00Z,Bet365,"WTA - US Open, New York, USA","Potapova, Anastasia","Anisimova, Amanda",Spread (Games),1,hdp=5.5
2026-09-04T12:47:10Z,73992584,2026-09-05T15:00:00Z,Bet365,"WTA - US Open, New York, USA","Potapova, Anastasia","Anisimova, Amanda",Team Total (Games) Away,1,hdp=12.5
2026-09-04T12:47:10Z,73992584,2026-09-05T15:00:00Z,Bet365,"WTA - US Open, New York, USA","Potapova, Anastasia","Anisimova, Amanda",Team Total (Games) Home,1,hdp=7.5
2026-09-04T12:47:10Z,73992584,2026-09-05T15:00:00Z,Bet365,"WTA - US Open, New York, USA","Potapova, Anastasia","Anisimova, Amanda",Totals 1st Set,6,hdp=6.5 | hdp=7.5 | hdp=8.5 | hdp=9.5 | hdp=10.5 | hdp=12.5
2026-09-04T12:47:10Z,73992584,2026-09-05T15:00:00Z,Bet365,"WTA - US Open, New York, USA","Potapova, Anastasia","Anisimova, Amanda",Totals (Games),1,hdp=19.5
2026-09-04T12:47:10Z,73992596,2026-09-05T15:00:00Z,Bet365,"WTA - US Open, New York, USA","Starodubtseva, Yuliia","Rybakina, Elena",ML,1,"{'home': '8.00', 'away': '1.08'}"
2026-09-04T12:47:10Z,73992596,2026-09-05T15:00:00Z,Bet365,"WTA - US Open, New York, USA","Starodubtseva, Yuliia","Rybakina, Elena",Team Total (Games) Away,1,hdp=12.5
2026-09-04T12:47:10Z,73992596,2026-09-05T15:00:00Z,Bet365,"WTA - US Open, New York, USA","Starodubtseva, Yuliia","Rybakina, Elena",Team Total (Games) Home,1,hdp=6.5
2026-09-04T12:47:10Z,73992596,2026-09-05T15:00:00Z,Bet365,"WTA - US Open, New York, USA","Starodubtseva, Yuliia","Rybakina, Elena",Totals 1st Set,6,hdp=6.5 | hdp=7.5 | hdp=8.5 | hdp=9.5 | hdp=10.5 | hdp=12.5
2026-09-04T12:47:10Z,73992596,2026-09-05T15:00:00Z,Bet365,"WTA - US Open, New York, USA","Starodubtseva, Yuliia","Rybakina, Elena",Totals (Games),1,hdp=18.5
2026-09-04T12:47:10Z,73992596,2026-09-05T15:00:00Z,Bet365,"WTA - US Open, New York, USA","Starodubtseva, Yuliia","Rybakina, Elena",Set Betting,4,label=2-0 (1) | label=2-1 (1) | label=2-0 (2) | label=2-1 (2)
2026-09-04T12:47:10Z,73992596,2026-09-05T15:00:00Z,Bet365,"WTA - US Open, New York, USA","Starodubtseva, Yuliia","Rybakina, Elena",Spread (Games),1,hdp=5.5
2026-09-04T12:47:10Z,73992576,2026-09-05T15:00:00Z,Bet365,"WTA - US Open, New York, USA","Keys, Madison","Zheng, Qinwen",ML,1,"{'home': '1.57', 'away': '2.37'}"
2026-09-04T12:47:10Z,73992576,2026-09-05T15:00:00Z,Bet365,"WTA - US Open, New York, USA","Keys, Madison","Zheng, Qinwen",Team Total (Games) Home,1,hdp=12.5
2026-09-04T12:47:10Z,73992576,2026-09-05T15:00:00Z,Bet365,"WTA - US Open, New York, USA","Keys, Madison","Zheng, Qinwen",Team Total (Games) Away,1,hdp=11.5
2026-09-04T12:47:10Z,73992576,2026-09-05T15:00:00Z,Bet365,"WTA - US Open, New York, USA","Keys, Madison","Zheng, Qinwen",Totals (Aces),8,hdp=0.5 | hdp=2.5 | hdp=4.5 | hdp=9.5 | hdp=14.5 | hdp=19.5
2026-09-04T12:47:10Z,73992576,2026-09-05T15:00:00Z,Bet365,"WTA - US Open, New York, USA","Keys, Madison","Zheng, Qinwen",Totals (Double Faults),8,hdp=2.5 | hdp=4.5 | hdp=7.5 | hdp=9.5 | hdp=11.5 | hdp=14.5
2026-09-04T12:47:10Z,73992576,2026-09-05T15:00:00Z,Bet365,"WTA - US Open, New York, USA","Keys, Madison","Zheng, Qinwen",Totals (Games),1,hdp=22.5
2026-09-04T12:47:10Z,73992576,2026-09-05T15:00:00Z,Bet365,"WTA - US Open, New York, USA","Keys, Madison","Zheng, Qinwen",Set Betting,4,label=2-0 (1) | label=2-1 (1) | label=2-0 (2) | label=2-1 (2)
2026-09-04T12:47:10Z,73992576,2026-09-05T15:00:00Z,Bet365,"WTA - US Open, New York, USA","Keys, Madison","Zheng, Qinwen",Spread (Games),1,hdp=-2.5
2026-09-04T12:47:10Z,73992576,2026-09-05T15:00:00Z,Bet365,"WTA - US Open, New York, USA","Keys, Madison","Zheng, Qinwen",Team Total (Aces) Away,6,hdp=4.5 | hdp=0.5 | hdp=2.5 | hdp=9.5 | hdp=14.5 | hdp=19.5
2026-09-04T12:47:10Z,73992576,2026-09-05T15:00:00Z,Bet365,"WTA - US Open, New York, USA","Keys, Madison","Zheng, Qinwen",Team Total (Aces) Home,5,hdp=0.5 | hdp=2.5 | hdp=4.5 | hdp=9.5 | hdp=14.5
2026-09-04T12:47:10Z,73992576,2026-09-05T15:00:00Z,Bet365,"WTA - US Open, New York, USA","Keys, Madison","Zheng, Qinwen",Team Total (Double Faults) Away,9,hdp=0.5 | hdp=1.5 | hdp=2.5 | hdp=4.5 | hdp=7.5 | hdp=9.5
2026-09-04T12:47:10Z,73992576,2026-09-05T15:00:00Z,Bet365,"WTA - US Open, New York, USA","Keys, Madison","Zheng, Qinwen",Team Total (Double Faults) Home,8,hdp=0.5 | hdp=1.5 | hdp=2.5 | hdp=4.5 | hdp=7.5 | hdp=9.5
2026-09-04T12:47:10Z,73992576,2026-09-05T15:00:00Z,Bet365,"WTA - US Open, New York, USA","Keys, Madison","Zheng, Qinwen",Totals 1st Set,6,hdp=6.5 | hdp=7.5 | hdp=8.5 | hdp=12.5 | hdp=9.5 | hdp=10.5
2026-09-04T12:47:10Z,73992574,2026-09-05T15:00:00Z,Bet365,"WTA - US Open, New York, USA","Swiatek, Iga","Bouzkova, Marie",ML,1,"{'home': '1.14', 'away': '5.50'}"
2026-09-04T12:47:10Z,73992574,2026-09-05T15:00:00Z,Bet365,"WTA - US Open, New York, USA","Swiatek, Iga","Bouzkova, Marie",Team Total (Games) Away,1,hdp=7.5
2026-09-04T12:47:10Z,73992574,2026-09-05T15:00:00Z,Bet365,"WTA - US Open, New York, USA","Swiatek, Iga","Bouzkova, Marie",Totals 1st Set,6,hdp=6.5 | hdp=7.5 | hdp=8.5 | hdp=9.5 | hdp=10.5 | hdp=12.5
2026-09-04T12:47:10Z,73992574,2026-09-05T15:00:00Z,Bet365,"WTA - US Open, New York, USA","Swiatek, Iga","Bouzkova, Marie",Totals (Aces),6,hdp=0.5 | hdp=2.5 | hdp=4.5 | hdp=9.5 | hdp=14.5 | hdp=19.5
2026-09-04T12:47:10Z,73992574,2026-09-05T15:00:00Z,Bet365,"WTA - US Open, New York, USA","Swiatek, Iga","Bouzkova, Marie",Totals (Games),1,hdp=19.5
2026-09-04T12:47:10Z,73992574,2026-09-05T15:00:00Z,Bet365,"WTA - US Open, New York, USA","Swiatek, Iga","Bouzkova, Marie",Spread (Games),1,hdp=-5.5
2026-09-04T12:47:10Z,73992574,2026-09-05T15:00:00Z,Bet365,"WTA - US Open, New York, USA","Swiatek, Iga","Bouzkova, Marie",Team Total (Games) Home,1,hdp=12.5
2026-09-04T12:47:10Z,73992574,2026-09-05T15:00:00Z,Bet365,"WTA - US Open, New York, USA","Swiatek, Iga","Bouzkova, Marie",Set Betting,4,label=2-0 (1) | label=2-1 (1) | label=2-0 (2) | label=2-1 (2)
2026-09-04T12:47:10Z,73992574,2026-09-05T15:00:00Z,Bet365,"WTA - US Open, New York, USA","Swiatek, Iga","Bouzkova, Marie",Team Total (Aces) Away,4,hdp=0.5 | hdp=2.5 | hdp=4.5 | hdp=9.5
2026-09-04T12:47:10Z,73992574,2026-09-05T15:00:00Z,Bet365,"WTA - US Open, New York, USA","Swiatek, Iga","Bouzkova, Marie",Team Total (Aces) Home,4,hdp=0.5 | hdp=2.5 | hdp=4.5 | hdp=9.5
2026-09-04T12:47:10Z,73992594,2026-09-05T15:00:00Z,Bet365,"WTA - US Open, New York, USA","Osaka, Naomi","Mertens, Elise",ML,1,"{'home': '1.36', 'away': '3.20'}"
2026-09-04T12:47:10Z,73992594,2026-09-05T15:00:00Z,Bet365,"WTA - US Open, New York, USA","Osaka, Naomi","Mertens, Elise",Set Betting,4,label=2-0 (1) | label=2-1 (1) | label=2-0 (2) | label=2-1 (2)
2026-09-04T12:47:10Z,73992594,2026-09-05T15:00:00Z,Bet365,"WTA - US Open, New York, USA","Osaka, Naomi","Mertens, Elise",Totals 1st Set,6,hdp=9.5 | hdp=6.5 | hdp=8.5 | hdp=10.5 | hdp=12.5 | hdp=7.5
2026-09-04T12:47:10Z,73992594,2026-09-05T15:00:00Z,Bet365,"WTA - US Open, New York, USA","Osaka, Naomi","Mertens, Elise",Totals (Double Faults),8,hdp=2.5 | hdp=4.5 | hdp=7.5 | hdp=9.5 | hdp=11.5 | hdp=14.5
2026-09-04T12:47:10Z,73992594,2026-09-05T15:00:00Z,Bet365,"WTA - US Open, New York, USA","Osaka, Naomi","Mertens, Elise",Totals (Games),1,hdp=21.5
2026-09-04T12:47:10Z,73992594,2026-09-05T15:00:00Z,Bet365,"WTA - US Open, New York, USA","Osaka, Naomi","Mertens, Elise",Team Total (Games) Home,1,hdp=12.5
2026-09-04T12:47:10Z,73992594,2026-09-05T15:00:00Z,Bet365,"WTA - US Open, New York, USA","Osaka, Naomi","Mertens, Elise",Team Total (Aces) Away,6,hdp=4.5 | hdp=0.5 | hdp=2.5 | hdp=14.5 | hdp=19.5 | hdp=9.5
2026-09-04T12:47:10Z,73992594,2026-09-05T15:00:00Z,Bet365,"WTA - US Open, New York, USA","Osaka, Naomi","Mertens, Elise",Spread (Games),1,hdp=-4.5
2026-09-04T12:47:10Z,73992594,2026-09-05T15:00:00Z,Bet365,"WTA - US Open, New York, USA","Osaka, Naomi","Mertens, Elise",Team Total (Aces) Home,7,hdp=19.5 | hdp=24.5 | hdp=0.5 | hdp=2.5 | hdp=4.5 | hdp=9.5
2026-09-04T12:47:10Z,73992594,2026-09-05T15:00:00Z,Bet365,"WTA - US Open, New York, USA","Osaka, Naomi","Mertens, Elise",Team Total (Double Faults) Away,9,hdp=0.5 | hdp=1.5 | hdp=2.5 | hdp=4.5 | hdp=7.5 | hdp=14.5
2026-09-04T12:47:10Z,73992594,2026-09-05T15:00:00Z,Bet365,"WTA - US Open, New York, USA","Osaka, Naomi","Mertens, Elise",Team Total (Double Faults) Home,7,hdp=0.5 | hdp=4.5 | hdp=7.5 | hdp=9.5 | hdp=11.5 | hdp=1.5
2026-09-04T12:47:10Z,73992594,2026-09-05T15:00:00Z,Bet365,"WTA - US Open, New York, USA","Osaka, Naomi","Mertens, Elise",Team Total (Games) Away,1,hdp=10.5
2026-09-04T12:47:10Z,73992594,2026-09-05T15:00:00Z,Bet365,"WTA - US Open, New York, USA","Osaka, Naomi","Mertens, Elise",Totals (Aces),8,hdp=9.5 | hdp=14.5 | hdp=19.5 | hdp=2.5 | hdp=4.5 | hdp=39.5
2026-09-04T12:47:10Z,73992366,2026-09-05T15:00:00Z,Bet365,"ATP - US Open, New York, USA","Zverev, Alexander","Tabilo, Alejandro",ML,1,"{'home': '1.16', 'away': '5.00'}"
2026-09-04T12:47:10Z,73992366,2026-09-05T15:00:00Z,Bet365,"ATP - US Open, New York, USA","Zverev, Alexander","Tabilo, Alejandro",Set Betting,6,label=3-0 (1) | label=3-1 (1) | label=3-2 (1) | label=3-0 (2) | label=3-1 (2) | label=3-2 (2)
2026-09-04T12:47:10Z,73992366,2026-09-05T15:00:00Z,Bet365,"ATP - US Open, New York, USA","Zverev, Alexander","Tabilo, Alejandro",Team Total (Double Faults) Home,7,hdp=0.5 | hdp=1.5 | hdp=2.5 | hdp=4.5 | hdp=7.5 | hdp=9.5
2026-09-04T12:47:10Z,73992366,2026-09-05T15:00:00Z,Bet365,"ATP - US Open, New York, USA","Zverev, Alexander","Tabilo, Alejandro",Totals 1st Set,6,hdp=6.5 | hdp=7.5 | hdp=8.5 | hdp=9.5 | hdp=10.5 | hdp=12.5
2026-09-04T12:47:10Z,73992366,2026-09-05T15:00:00Z,Bet365,"ATP - US Open, New York, USA","Zverev, Alexander","Tabilo, Alejandro",Totals (Games),1,hdp=36.5
2026-09-04T12:47:10Z,73992366,2026-09-05T15:00:00Z,Bet365,"ATP - US Open, New York, USA","Zverev, Alexander","Tabilo, Alejandro",Spread (Games),1,hdp=-5.5
2026-09-04T12:47:10Z,73992366,2026-09-05T15:00:00Z,Bet365,"ATP - US Open, New York, USA","Zverev, Alexander","Tabilo, Alejandro",Team Total (Double Faults) Away,8,hdp=0.5 | hdp=1.5 | hdp=2.5 | hdp=4.5 | hdp=7.5 | hdp=9.5
2026-09-04T12:47:10Z,73992366,2026-09-05T15:00:00Z,Bet365,"ATP - US Open, New York, USA","Zverev, Alexander","Tabilo, Alejandro",Team Total (Games) Away,1,hdp=15.5
2026-09-04T12:47:10Z,73992366,2026-09-05T15:00:00Z,Bet365,"ATP - US Open, New York, USA","Zverev, Alexander","Tabilo, Alejandro",Team Total (Games) Home,1,hdp=20.5
2026-09-04T12:47:10Z,73992366,2026-09-05T15:00:00Z,Bet365,"ATP - US Open, New York, USA","Zverev, Alexander","Tabilo, Alejandro",Totals (Double Faults),8,hdp=1.5 | hdp=2.5 | hdp=4.5 | hdp=7.5 | hdp=9.5 | hdp=11.5
2026-09-04T12:47:10Z,73992368,2026-09-05T15:00:00Z,Bet365,"ATP - US Open, New York, USA","Darderi, Luciano","Sweeny, Dane",ML,1,"{'home': '1.25', 'away': '4.00'}"
2026-09-04T12:47:10Z,73992368,2026-09-05T15:00:00Z,Bet365,"ATP - US Open, New York, USA","Darderi, Luciano","Sweeny, Dane",Team Total (Aces) Away,8,hdp=0.5 | hdp=2.5 | hdp=4.5 | hdp=9.5 | hdp=14.5 | hdp=19.5
2026-09-04T12:47:10Z,73992368,2026-09-05T15:00:00Z,Bet365,"ATP - US Open, New York, USA","Darderi, Luciano","Sweeny, Dane",Team Total (Aces) Home,8,hdp=0.5 | hdp=2.5 | hdp=4.5 | hdp=9.5 | hdp=14.5 | hdp=19.5
2026-09-04T12:47:10Z,73992368,2026-09-05T15:00:00Z,Bet365,"ATP - US Open, New York, USA","Darderi, Luciano","Sweeny, Dane",Team Total (Double Faults) Away,9,hdp=1.5 | hdp=2.5 | hdp=4.5 | hdp=19.5 | hdp=0.5 | hdp=7.5
2026-09-04T12:47:10Z,73992368,2026-09-05T15:00:00Z,Bet365,"ATP - US Open, New York, USA","Darderi, Luciano","Sweeny, Dane",Team Total (Double Faults) Home,8,hdp=14.5 | hdp=0.5 | hdp=1.5 | hdp=2.5 | hdp=4.5 | hdp=7.5
2026-09-04T12:47:10Z,73992368,2026-09-05T15:00:00Z,Bet365,"ATP - US Open, New York, USA","Darderi, Luciano","Sweeny, Dane",Team Total (Games) Away,1,hdp=16.5
2026-09-04T12:47:10Z,73992368,2026-09-05T15:00:00Z,Bet365,"ATP - US Open, New York, USA","Darderi, Luciano","Sweeny, Dane",Team Total (Games) Home,1,hdp=19.5
2026-09-04T12:47:10Z,73992368,2026-09-05T15:00:00Z,Bet365,"ATP - US Open, New York, USA","Darderi, Luciano","Sweeny, Dane",Totals (Aces),8,hdp=4.5 | hdp=9.5 | hdp=14.5 | hdp=19.5 | hdp=24.5 | hdp=29.5
2026-09-04T12:47:10Z,73992368,2026-09-05T15:00:00Z,Bet365,"ATP - US Open, New York, USA","Darderi, Luciano","Sweeny, Dane",Set Betting,6,label=3-0 (1) | label=3-1 (1) | label=3-2 (1) | label=3-0 (2) | label=3-1 (2) | label=3-2 (2)
2026-09-04T12:47:10Z,73992368,2026-09-05T15:00:00Z,Bet365,"ATP - US Open, New York, USA","Darderi, Luciano","Sweeny, Dane",Spread (Games),1,hdp=-6.5
2026-09-04T12:47:10Z,73992368,2026-09-05T15:00:00Z,Bet365,"ATP - US Open, New York, USA","Darderi, Luciano","Sweeny, Dane",Totals 1st Set,6,hdp=6.5 | hdp=7.5 | hdp=9.5 | hdp=10.5 | hdp=8.5 | hdp=12.5
2026-09-04T12:47:10Z,73992368,2026-09-05T15:00:00Z,Bet365,"ATP - US Open, New York, USA","Darderi, Luciano","Sweeny, Dane",Totals (Double Faults),8,hdp=2.5 | hdp=4.5 | hdp=7.5 | hdp=9.5 | hdp=11.5 | hdp=14.5
2026-09-04T12:47:10Z,73992368,2026-09-05T15:00:00Z,Bet365,"ATP - US Open, New York, USA","Darderi, Luciano","Sweeny, Dane",Totals (Games),1,hdp=35.5
2026-09-04T12:47:10Z,73992572,2026-09-05T15:00:00Z,Bet365,"WTA - US Open, New York, USA","Bucsa, Cristina","Gauff, Coco",ML,1,"{'home': '15.00', 'away': '1.03'}"
2026-09-04T12:47:10Z,73992572,2026-09-05T15:00:00Z,Bet365,"WTA - US Open, New York, USA","Bucsa, Cristina","Gauff, Coco",Set Betting,4,label=2-0 (1) | label=2-1 (1) | label=2-0 (2) | label=2-1 (2)
2026-09-04T12:47:10Z,73992572,2026-09-05T15:00:00Z,Bet365,"WTA - US Open, New York, USA","Bucsa, Cristina","Gauff, Coco",Team Total (Aces) Home,3,hdp=0.5 | hdp=2.5 | hdp=4.5
2026-09-04T12:47:10Z,73992572,2026-09-05T15:00:00Z,Bet365,"WTA - US Open, New York, USA","Bucsa, Cristina","Gauff, Coco",Team Total (Double Faults) Home,7,hdp=0.5 | hdp=1.5 | hdp=2.5 | hdp=4.5 | hdp=7.5 | hdp=9.5
2026-09-04T12:47:10Z,73992572,2026-09-05T15:00:00Z,Bet365,"WTA - US Open, New York, USA","Bucsa, Cristina","Gauff, Coco",Team Total (Games) Home,1,hdp=5.5
2026-09-04T12:47:10Z,73992572,2026-09-05T15:00:00Z,Bet365,"WTA - US Open, New York, USA","Bucsa, Cristina","Gauff, Coco",Totals (Games),1,hdp=17.5
2026-09-04T12:47:10Z,73992572,2026-09-05T15:00:00Z,Bet365,"WTA - US Open, New York, USA","Bucsa, Cristina","Gauff, Coco",Totals (Double Faults),9,hdp=1.5 | hdp=2.5 | hdp=4.5 | hdp=7.5 | hdp=9.5 | hdp=11.5
2026-09-04T12:47:10Z,73992572,2026-09-05T15:00:00Z,Bet365,"WTA - US Open, New York, USA","Bucsa, Cristina","Gauff, Coco",Spread (Games),1,hdp=6.5
2026-09-04T12:47:10Z,73992572,2026-09-05T15:00:00Z,Bet365,"WTA - US Open, New York, USA","Bucsa, Cristina","Gauff, Coco",Team Total (Aces) Away,5,hdp=0.5 | hdp=2.5 | hdp=4.5 | hdp=9.5 | hdp=14.5
2026-09-04T12:47:10Z,73992572,2026-09-05T15:00:00Z,Bet365,"WTA - US Open, New York, USA","Bucsa, Cristina","Gauff, Coco",Team Total (Double Faults) Away,8,hdp=0.5 | hdp=1.5 | hdp=2.5 | hdp=4.5 | hdp=7.5 | hdp=9.5
2026-09-04T12:47:10Z,73992572,2026-09-05T15:00:00Z,Bet365,"WTA - US Open, New York, USA","Bucsa, Cristina","Gauff, Coco",Team Total (Games) Away,1,hdp=12.5
2026-09-04T12:47:10Z,73992572,2026-09-05T15:00:00Z,Bet365,"WTA - US Open, New York, USA","Bucsa, Cristina","Gauff, Coco",Totals 1st Set,6,hdp=7.5 | hdp=9.5 | hdp=10.5 | hdp=12.5 | hdp=6.5 | hdp=8.5
2026-09-04T12:47:10Z,73992572,2026-09-05T15:00:00Z,Bet365,"WTA - US Open, New York, USA","Bucsa, Cristina","Gauff, Coco",Totals (Aces),5,hdp=0.5 | hdp=2.5 | hdp=4.5 | hdp=9.5 | hdp=14.5
2026-09-04T12:47:10Z,73992370,2026-09-05T15:00:00Z,Bet365,"ATP - US Open, New York, USA","Zheng, Michael","Gea, Arthur",ML,1,"{'home': '1.66', 'away': '2.20'}"
2026-09-04T12:47:10Z,73992370,2026-09-05T15:00:00Z,Bet365,"ATP - US Open, New York, USA","Zheng, Michael","Gea, Arthur",Team Total (Double Faults) Home,8,hdp=0.5 | hdp=1.5 | hdp=2.5 | hdp=4.5 | hdp=7.5 | hdp=9.5
2026-09-04T12:47:10Z,73992370,2026-09-05T15:00:00Z,Bet365,"ATP - US Open, New York, USA","Zheng, Michael","Gea, Arthur",Totals (Double Faults),8,hdp=2.5 | hdp=4.5 | hdp=7.5 | hdp=9.5 | hdp=11.5 | hdp=14.5
2026-09-04T12:47:10Z,73992370,2026-09-05T15:00:00Z,Bet365,"ATP - US Open, New York, USA","Zheng, Michael","Gea, Arthur",Totals 1st Set,6,hdp=6.5 | hdp=12.5 | hdp=7.5 | hdp=8.5 | hdp=9.5 | hdp=10.5
2026-09-04T12:47:10Z,73992370,2026-09-05T15:00:00Z,Bet365,"ATP - US Open, New York, USA","Zheng, Michael","Gea, Arthur",Team Total (Aces) Away,7,hdp=0.5 | hdp=24.5 | hdp=2.5 | hdp=4.5 | hdp=9.5 | hdp=14.5
2026-09-04T12:47:10Z,73992370,2026-09-05T15:00:00Z,Bet365,"ATP - US Open, New York, USA","Zheng, Michael","Gea, Arthur",Team Total (Aces) Home,7,hdp=0.5 | hdp=24.5 | hdp=2.5 | hdp=4.5 | hdp=9.5 | hdp=14.5
2026-09-04T12:47:10Z,73992370,2026-09-05T15:00:00Z,Bet365,"ATP - US Open, New York, USA","Zheng, Michael","Gea, Arthur",Team Total (Games) Away,1,hdp=19.5
2026-09-04T12:47:10Z,73992370,2026-09-05T15:00:00Z,Bet365,"ATP - US Open, New York, USA","Zheng, Michael","Gea, Arthur",Team Total (Games) Home,1,hdp=19.5
2026-09-04T12:47:10Z,73992370,2026-09-05T15:00:00Z,Bet365,"ATP - US Open, New York, USA","Zheng, Michael","Gea, Arthur",Totals (Aces),8,hdp=2.5 | hdp=4.5 | hdp=39.5 | hdp=9.5 | hdp=14.5 | hdp=19.5
2026-09-04T12:47:10Z,73992370,2026-09-05T15:00:00Z,Bet365,"ATP - US Open, New York, USA","Zheng, Michael","Gea, Arthur",Totals (Games),1,hdp=37.5
2026-09-04T12:47:10Z,73992370,2026-09-05T15:00:00Z,Bet365,"ATP - US Open, New York, USA","Zheng, Michael","Gea, Arthur",Set Betting,6,label=3-0 (1) | label=3-1 (1) | label=3-2 (1) | label=3-0 (2) | label=3-1 (2) | label=3-2 (2)
2026-09-04T12:47:10Z,73992370,2026-09-05T15:00:00Z,Bet365,"ATP - US Open, New York, USA","Zheng, Michael","Gea, Arthur",Spread (Games),1,hdp=-2.5
2026-09-04T12:47:10Z,73992370,2026-09-05T15:00:00Z,Bet365,"ATP - US Open, New York, USA","Zheng, Michael","Gea, Arthur",Team Total (Double Faults) Away,9,hdp=0.5 | hdp=1.5 | hdp=2.5 | hdp=4.5 | hdp=7.5 | hdp=9.5
2026-09-04T12:47:10Z,73992372,2026-09-05T15:00:00Z,Bet365,"ATP - US Open, New York, USA","Bergs, Zizou","Van de Zandschulp, Botic",ML,1,"{'home': '2.75', 'away': '1.44'}"
2026-09-04T12:47:10Z,73992372,2026-09-05T15:00:00Z,Bet365,"ATP - US Open, New York, USA","Bergs, Zizou","Van de Zandschulp, Botic",Team Total (Aces) Home,9,hdp=0.5 | hdp=2.5 | hdp=4.5 | hdp=9.5 | hdp=14.5 | hdp=19.5
2026-09-04T12:47:10Z,73992372,2026-09-05T15:00:00Z,Bet365,"ATP - US Open, New York, USA","Bergs, Zizou","Van de Zandschulp, Botic",Team Total (Aces) Away,9,hdp=0.5 | hdp=2.5 | hdp=4.5 | hdp=9.5 | hdp=14.5 | hdp=19.5
2026-09-04T12:47:10Z,73992372,2026-09-05T15:00:00Z,Bet365,"ATP - US Open, New York, USA","Bergs, Zizou","Van de Zandschulp, Botic",Totals (Games),1,hdp=39.5
2026-09-04T12:47:10Z,73992372,2026-09-05T15:00:00Z,Bet365,"ATP - US Open, New York, USA","Bergs, Zizou","Van de Zandschulp, Botic",Team Total (Double Faults) Away,10,hdp=0.5 | hdp=1.5 | hdp=2.5 | hdp=4.5 | hdp=7.5 | hdp=9.5
2026-09-04T12:47:10Z,73992372,2026-09-05T15:00:00Z,Bet365,"ATP - US Open, New York, USA","Bergs, Zizou","Van de Zandschulp, Botic",Team Total (Double Faults) Home,9,hdp=1.5 | hdp=2.5 | hdp=4.5 | hdp=7.5 | hdp=9.5 | hdp=11.5
2026-09-04T12:47:10Z,73992372,2026-09-05T15:00:00Z,Bet365,"ATP - US Open, New York, USA","Bergs, Zizou","Van de Zandschulp, Botic",Team Total (Games) Away,1,hdp=20.5
2026-09-04T12:47:10Z,73992372,2026-09-05T15:00:00Z,Bet365,"ATP - US Open, New York, USA","Bergs, Zizou","Van de Zandschulp, Botic",Team Total (Games) Home,1,hdp=19.5
2026-09-04T12:47:10Z,73992372,2026-09-05T15:00:00Z,Bet365,"ATP - US Open, New York, USA","Bergs, Zizou","Van de Zandschulp, Botic",Totals 1st Set,6,hdp=6.5 | hdp=7.5 | hdp=8.5 | hdp=9.5 | hdp=10.5 | hdp=12.5
2026-09-04T12:47:10Z,73992372,2026-09-05T15:00:00Z,Bet365,"ATP - US Open, New York, USA","Bergs, Zizou","Van de Zandschulp, Botic",Set Betting,6,label=3-0 (1) | label=3-1 (1) | label=3-2 (1) | label=3-0 (2) | label=3-1 (2) | label=3-2 (2)
2026-09-04T12:47:10Z,73992372,2026-09-05T15:00:00Z,Bet365,"ATP - US Open, New York, USA","Bergs, Zizou","Van de Zandschulp, Botic",Spread (Games),1,hdp=3.5
2026-09-04T12:47:10Z,73992372,2026-09-05T15:00:00Z,Bet365,"ATP - US Open, New York, USA","Bergs, Zizou","Van de Zandschulp, Botic",Totals (Aces),8,hdp=4.5 | hdp=9.5 | hdp=14.5 | hdp=19.5 | hdp=24.5 | hdp=29.5
2026-09-04T12:47:10Z,73992372,2026-09-05T15:00:00Z,Bet365,"ATP - US Open, New York, USA","Bergs, Zizou","Van de Zandschulp, Botic",Totals (Double Faults),6,hdp=7.5 | hdp=9.5 | hdp=11.5 | hdp=14.5 | hdp=19.5 | hdp=24.5
2026-09-04T12:47:10Z,73992494,2026-09-04T18:10:00Z,Bet365,"WTA - US Open, New York, USA","Li, Ann","Noskova, Linda",ML,1,"{'home': '3.75', 'away': '1.28'}"
2026-09-04T12:47:10Z,73992494,2026-09-04T18:10:00Z,Bet365,"WTA - US Open, New York, USA","Li, Ann","Noskova, Linda",Spread (Games),1,hdp=4.5
2026-09-04T12:47:10Z,73992494,2026-09-04T18:10:00Z,Bet365,"WTA - US Open, New York, USA","Li, Ann","Noskova, Linda",Team Total (Double Faults) Home,7,hdp=0.5 | hdp=1.5 | hdp=2.5 | hdp=4.5 | hdp=7.5 | hdp=9.5
2026-09-04T12:47:10Z,73992494,2026-09-04T18:10:00Z,Bet365,"WTA - US Open, New York, USA","Li, Ann","Noskova, Linda",Totals 1st Set,6,hdp=6.5 | hdp=8.5 | hdp=12.5 | hdp=7.5 | hdp=9.5 | hdp=10.5
2026-09-04T12:47:10Z,73992494,2026-09-04T18:10:00Z,Bet365,"WTA - US Open, New York, USA","Li, Ann","Noskova, Linda",Team Total (Double Faults) Away,9,hdp=0.5 | hdp=1.5 | hdp=2.5 | hdp=4.5 | hdp=7.5 | hdp=9.5
2026-09-04T12:47:10Z,73992494,2026-09-04T18:10:00Z,Bet365,"WTA - US Open, New York, USA","Li, Ann","Noskova, Linda",Team Total (Games) Away,1,hdp=12.5
2026-09-04T12:47:10Z,73992494,2026-09-04T18:10:00Z,Bet365,"WTA - US Open, New York, USA","Li, Ann","Noskova, Linda",Team Total (Games) Home,1,hdp=10.5
2026-09-04T12:47:10Z,73992494,2026-09-04T18:10:00Z,Bet365,"WTA - US Open, New York, USA","Li, Ann","Noskova, Linda",Totals (Double Faults),9,hdp=1.5 | hdp=2.5 | hdp=4.5 | hdp=7.5 | hdp=9.5 | hdp=11.5
2026-09-04T12:47:10Z,73992494,2026-09-04T18:10:00Z,Bet365,"WTA - US Open, New York, USA","Li, Ann","Noskova, Linda",Totals (Games),1,hdp=21.5
2026-09-04T12:47:10Z,73992494,2026-09-04T18:10:00Z,Bet365,"WTA - US Open, New York, USA","Li, Ann","Noskova, Linda",Set Betting,4,label=2-0 (1) | label=2-1 (1) | label=2-0 (2) | label=2-1 (2)
2026-09-04T12:47:10Z,73992492,2026-09-04T15:00:00Z,Bet365,"WTA - US Open, New York, USA","Kostyuk, Marta","Alexandrova, Ekaterina",ML,1,"{'home': '1.28', 'away': '3.75'}"
2026-09-04T12:47:10Z,73992492,2026-09-04T15:00:00Z,Bet365,"WTA - US Open, New York, USA","Kostyuk, Marta","Alexandrova, Ekaterina",Team Total (Games) Away,1,hdp=9.5
2026-09-04T12:47:10Z,73992492,2026-09-04T15:00:00Z,Bet365,"WTA - US Open, New York, USA","Kostyuk, Marta","Alexandrova, Ekaterina",Team Total (Double Faults) Away,8,hdp=0.5 | hdp=1.5 | hdp=2.5 | hdp=4.5 | hdp=7.5 | hdp=9.5
2026-09-04T12:47:10Z,73992492,2026-09-04T15:00:00Z,Bet365,"WTA - US Open, New York, USA","Kostyuk, Marta","Alexandrova, Ekaterina",Totals (Games),1,hdp=20.5
2026-09-04T12:47:10Z,73992492,2026-09-04T15:00:00Z,Bet365,"WTA - US Open, New York, USA","Kostyuk, Marta","Alexandrova, Ekaterina",Team Total (Aces) Away,5,hdp=0.5 | hdp=2.5 | hdp=4.5 | hdp=9.5 | hdp=14.5
2026-09-04T12:47:10Z,73992492,2026-09-04T15:00:00Z,Bet365,"WTA - US Open, New York, USA","Kostyuk, Marta","Alexandrova, Ekaterina",Team Total (Double Faults) Home,8,hdp=0.5 | hdp=1.5 | hdp=2.5 | hdp=4.5 | hdp=7.5 | hdp=9.5
2026-09-04T12:47:10Z,73992492,2026-09-04T15:00:00Z,Bet365,"WTA - US Open, New York, USA","Kostyuk, Marta","Alexandrova, Ekaterina",Spread (Games),1,hdp=-4.5
2026-09-04T12:47:10Z,73992492,2026-09-04T15:00:00Z,Bet365,"WTA - US Open, New York, USA","Kostyuk, Marta","Alexandrova, Ekaterina",Team Total (Games) Home,1,hdp=12.5
2026-09-04T12:47:10Z,73992492,2026-09-04T15:00:00Z,Bet365,"WTA - US Open, New York, USA","Kostyuk, Marta","Alexandrova, Ekaterina",Totals 1st Set,6,hdp=6.5 | hdp=7.5 | hdp=10.5 | hdp=12.5 | hdp=9.5 | hdp=8.5
2026-09-04T12:47:10Z,73992492,2026-09-04T15:00:00Z,Bet365,"WTA - US Open, New York, USA","Kostyuk, Marta","Alexandrova, Ekaterina",Totals (Aces),8,hdp=0.5 | hdp=2.5 | hdp=4.5 | hdp=9.5 | hdp=14.5 | hdp=19.5
2026-09-04T12:47:10Z,73992492,2026-09-04T15:00:00Z,Bet365,"WTA - US Open, New York, USA","Kostyuk, Marta","Alexandrova, Ekaterina",Totals (Double Faults),9,hdp=1.5 | hdp=2.5 | hdp=4.5 | hdp=7.5 | hdp=9.5 | hdp=11.5
2026-09-04T12:47:10Z,73992492,2026-09-04T15:00:00Z,Bet365,"WTA - US Open, New York, USA","Kostyuk, Marta","Alexandrova, Ekaterina",Team Total (Aces) Home,6,hdp=0.5 | hdp=2.5 | hdp=4.5 | hdp=9.5 | hdp=14.5 | hdp=19.5
2026-09-04T12:47:10Z,73992492,2026-09-04T15:00:00Z,Bet365,"WTA - US Open, New York, USA","Kostyuk, Marta","Alexandrova, Ekaterina",Set Betting,4,label=2-0 (1) | label=2-1 (1) | label=2-0 (2) | label=2-1 (2)
2026-09-04T12:47:10Z,73992498,2026-09-04T15:00:00Z,Bet365,"WTA - US Open, New York, USA","Paolini, Jasmine","Cirstea, Sorana",ML,1,"{'home': '2.50', 'away': '1.53'}"
2026-09-04T12:47:10Z,73992498,2026-09-04T15:00:00Z,Bet365,"WTA - US Open, New York, USA","Paolini, Jasmine","Cirstea, Sorana",Totals 1st Set,6,hdp=7.5 | hdp=10.5 | hdp=12.5 | hdp=6.5 | hdp=8.5 | hdp=9.5
2026-09-04T12:47:10Z,73992498,2026-09-04T15:00:00Z,Bet365,"WTA - US Open, New York, USA","Paolini, Jasmine","Cirstea, Sorana",Team Total (Aces) Home,4,hdp=0.5 | hdp=2.5 | hdp=4.5 | hdp=9.5
2026-09-04T12:47:10Z,73992498,2026-09-04T15:00:00Z,Bet365,"WTA - US Open, New York, USA","Paolini, Jasmine","Cirstea, Sorana",Team Total (Double Faults) Away,6,hdp=0.5 | hdp=1.5 | hdp=2.5 | hdp=4.5 | hdp=7.5 | hdp=9.5
2026-09-04T12:47:10Z,73992498,2026-09-04T15:00:00Z,Bet365,"WTA - US Open, New York, USA","Paolini, Jasmine","Cirstea, Sorana",Team Total (Double Faults) Home,6,hdp=0.5 | hdp=1.5 | hdp=2.5 | hdp=4.5 | hdp=7.5 | hdp=9.5
2026-09-04T12:47:10Z,73992498,2026-09-04T15:00:00Z,Bet365,"WTA - US Open, New York, USA","Paolini, Jasmine","Cirstea, Sorana",Team Total (Games) Away,1,hdp=12.5
2026-09-04T12:47:10Z,73992498,2026-09-04T15:00:00Z,Bet365,"WTA - US Open, New York, USA","Paolini, Jasmine","Cirstea, Sorana",Set Betting,4,label=2-0 (1) | label=2-1 (1) | label=2-0 (2) | label=2-1 (2)
2026-09-04T12:47:10Z,73992498,2026-09-04T15:00:00Z,Bet365,"WTA - US Open, New York, USA","Paolini, Jasmine","Cirstea, Sorana",Totals (Double Faults),8,hdp=0.5 | hdp=1.5 | hdp=2.5 | hdp=4.5 | hdp=7.5 | hdp=9.5
2026-09-04T12:47:10Z,73992498,2026-09-04T15:00:00Z,Bet365,"WTA - US Open, New York, USA","Paolini, Jasmine","Cirstea, Sorana",Spread (Games),1,hdp=3.5
2026-09-04T12:47:10Z,73992498,2026-09-04T15:00:00Z,Bet365,"WTA - US Open, New York, USA","Paolini, Jasmine","Cirstea, Sorana",Team Total (Aces) Away,5,hdp=0.5 | hdp=2.5 | hdp=4.5 | hdp=9.5 | hdp=14.5
2026-09-04T12:47:10Z,73992498,2026-09-04T15:00:00Z,Bet365,"WTA - US Open, New York, USA","Paolini, Jasmine","Cirstea, Sorana",Team Total (Games) Home,1,hdp=11.5
2026-09-04T12:47:10Z,73992498,2026-09-04T15:00:00Z,Bet365,"WTA - US Open, New York, USA","Paolini, Jasmine","Cirstea, Sorana",Totals (Aces),6,hdp=0.5 | hdp=2.5 | hdp=4.5 | hdp=9.5 | hdp=14.5 | hdp=19.5
2026-09-04T12:47:10Z,73992498,2026-09-04T15:00:00Z,Bet365,"WTA - US Open, New York, USA","Paolini, Jasmine","Cirstea, Sorana",Totals (Games),1,hdp=21.5
2026-09-04T12:47:10Z,73992474,2026-09-04T17:00:00Z,Bet365,"ATP - US Open, New York, USA","Wu, Yibing","Alcaraz, Carlos",ML,1,"{'home': '11.00', 'away': '1.05'}"
2026-09-04T12:47:10Z,73992474,2026-09-04T17:00:00Z,Bet365,"ATP - US Open, New York, USA","Wu, Yibing","Alcaraz, Carlos",Team Total (Double Faults) Away,7,hdp=0.5 | hdp=1.5 | hdp=2.5 | hdp=4.5 | hdp=7.5 | hdp=9.5
2026-09-04T12:47:10Z,73992474,2026-09-04T17:00:00Z,Bet365,"ATP - US Open, New York, USA","Wu, Yibing","Alcaraz, Carlos",Totals (Games),1,hdp=31.5
2026-09-04T12:47:10Z,73992474,2026-09-04T17:00:00Z,Bet365,"ATP - US Open, New York, USA","Wu, Yibing","Alcaraz, Carlos",Spread (Games),1,hdp=7.5
2026-09-04T12:47:10Z,73992474,2026-09-04T17:00:00Z,Bet365,"ATP - US Open, New York, USA","Wu, Yibing","Alcaraz, Carlos",Team Total (Aces) Away,7,hdp=0.5 | hdp=2.5 | hdp=4.5 | hdp=14.5 | hdp=19.5 | hdp=24.5
2026-09-04T12:47:10Z,73992474,2026-09-04T17:00:00Z,Bet365,"ATP - US Open, New York, USA","Wu, Yibing","Alcaraz, Carlos",Team Total (Aces) Home,6,hdp=0.5 | hdp=2.5 | hdp=9.5 | hdp=19.5 | hdp=4.5 | hdp=14.5
2026-09-04T12:47:10Z,73992474,2026-09-04T17:00:00Z,Bet365,"ATP - US Open, New York, USA","Wu, Yibing","Alcaraz, Carlos",Totals (Aces),8,hdp=2.5 | hdp=4.5 | hdp=9.5 | hdp=29.5 | hdp=39.5 | hdp=14.5
2026-09-04T12:47:10Z,73992474,2026-09-04T17:00:00Z,Bet365,"ATP - US Open, New York, USA","Wu, Yibing","Alcaraz, Carlos",Team Total (Double Faults) Home,8,hdp=2.5 | hdp=4.5 | hdp=7.5 | hdp=9.5 | hdp=11.5 | hdp=0.5
2026-09-04T12:47:10Z,73992474,2026-09-04T17:00:00Z,Bet365,"ATP - US Open, New York, USA","Wu, Yibing","Alcaraz, Carlos",Team Total (Games) Away,1,hdp=19.5
2026-09-04T12:47:10Z,73992474,2026-09-04T17:00:00Z,Bet365,"ATP - US Open, New York, USA","Wu, Yibing","Alcaraz, Carlos",Team Total (Games) Home,1,hdp=12.5
2026-09-04T12:47:10Z,73992474,2026-09-04T17:00:00Z,Bet365,"ATP - US Open, New York, USA","Wu, Yibing","Alcaraz, Carlos",Totals 1st Set,6,hdp=6.5 | hdp=7.5 | hdp=8.5 | hdp=9.5 | hdp=10.5 | hdp=12.5
2026-09-04T12:47:10Z,73992474,2026-09-04T17:00:00Z,Bet365,"ATP - US Open, New York, USA","Wu, Yibing","Alcaraz, Carlos",Totals (Double Faults),8,hdp=4.5 | hdp=7.5 | hdp=9.5 | hdp=11.5 | hdp=14.5 | hdp=1.5
2026-09-04T12:47:10Z,73992474,2026-09-04T17:00:00Z,Bet365,"ATP - US Open, New York, USA","Wu, Yibing","Alcaraz, Carlos",Set Betting,6,label=3-0 (1) | label=3-1 (1) | label=3-2 (1) | label=3-0 (2) | label=3-1 (2) | label=3-2 (2)
2026-09-04T12:47:10Z,73992506,2026-09-04T17:00:00Z,Bet365,"WTA - US Open, New York, USA","Townsend, Taylor","Shnaider, Diana",ML,1,"{'home': '2.37', 'away': '1.57'}"
2026-09-04T12:47:10Z,73992506,2026-09-04T17:00:00Z,Bet365,"WTA - US Open, New York, USA","Townsend, Taylor","Shnaider, Diana",Team Total (Games) Away,1,hdp=12.5
2026-09-04T12:47:10Z,73992506,2026-09-04T17:00:00Z,Bet365,"WTA - US Open, New York, USA","Townsend, Taylor","Shnaider, Diana",Totals (Double Faults),8,hdp=0.5 | hdp=1.5 | hdp=2.5 | hdp=4.5 | hdp=7.5 | hdp=9.5
2026-09-04T12:47:10Z,73992506,2026-09-04T17:00:00Z,Bet365,"WTA - US Open, New York, USA","Townsend, Taylor","Shnaider, Diana",Totals (Aces),7,hdp=0.5 | hdp=2.5 | hdp=4.5 | hdp=9.5 | hdp=14.5 | hdp=19.5
2026-09-04T12:47:10Z,73992506,2026-09-04T17:00:00Z,Bet365,"WTA - US Open, New York, USA","Townsend, Taylor","Shnaider, Diana",Team Total (Double Faults) Away,6,hdp=0.5 | hdp=1.5 | hdp=2.5 | hdp=4.5 | hdp=7.5 | hdp=9.5
2026-09-04T12:47:10Z,73992506,2026-09-04T17:00:00Z,Bet365,"WTA - US Open, New York, USA","Townsend, Taylor","Shnaider, Diana",Team Total (Double Faults) Home,5,hdp=0.5 | hdp=1.5 | hdp=2.5 | hdp=4.5 | hdp=7.5
2026-09-04T12:47:10Z,73992506,2026-09-04T17:00:00Z,Bet365,"WTA - US Open, New York, USA","Townsend, Taylor","Shnaider, Diana",Totals 1st Set,6,hdp=6.5 | hdp=7.5 | hdp=8.5 | hdp=9.5 | hdp=10.5 | hdp=12.5
2026-09-04T12:47:10Z,73992506,2026-09-04T17:00:00Z,Bet365,"WTA - US Open, New York, USA","Townsend, Taylor","Shnaider, Diana",Team Total (Games) Home,1,hdp=11.5
2026-09-04T12:47:10Z,73992506,2026-09-04T17:00:00Z,Bet365,"WTA - US Open, New York, USA","Townsend, Taylor","Shnaider, Diana",Totals (Games),1,hdp=22.5
2026-09-04T12:47:10Z,73992506,2026-09-04T17:00:00Z,Bet365,"WTA - US Open, New York, USA","Townsend, Taylor","Shnaider, Diana",Set Betting,4,label=2-0 (1) | label=2-1 (1) | label=2-0 (2) | label=2-1 (2)
2026-09-04T12:47:10Z,73992506,2026-09-04T17:00:00Z,Bet365,"WTA - US Open, New York, USA","Townsend, Taylor","Shnaider, Diana",Spread (Games),1,hdp=2.5
2026-09-04T12:47:10Z,73992506,2026-09-04T17:00:00Z,Bet365,"WTA - US Open, New York, USA","Townsend, Taylor","Shnaider, Diana",Team Total (Aces) Away,4,hdp=0.5 | hdp=2.5 | hdp=4.5 | hdp=9.5
2026-09-04T12:47:10Z,73992506,2026-09-04T17:00:00Z,Bet365,"WTA - US Open, New York, USA","Townsend, Taylor","Shnaider, Diana",Team Total (Aces) Home,6,hdp=0.5 | hdp=2.5 | hdp=4.5 | hdp=9.5 | hdp=14.5 | hdp=19.5
2026-09-04T12:47:10Z,73992504,2026-09-04T15:00:00Z,Bet365,"WTA - US Open, New York, USA","Sabalenka, Aryna","Rakhimova, Kamilla",ML,1,"{'home': '1.05', 'away': '11.00'}"
2026-09-04T12:47:10Z,73992504,2026-09-04T15:00:00Z,Bet365,"WTA - US Open, New York, USA","Sabalenka, Aryna","Rakhimova, Kamilla",Spread (Games),1,hdp=-6.5
2026-09-04T12:47:10Z,73992504,2026-09-04T15:00:00Z,Bet365,"WTA - US Open, New York, USA","Sabalenka, Aryna","Rakhimova, Kamilla",Totals (Double Faults),8,hdp=9.5 | hdp=1.5 | hdp=2.5 | hdp=4.5 | hdp=7.5 | hdp=11.5
2026-09-04T12:47:10Z,73992504,2026-09-04T15:00:00Z,Bet365,"WTA - US Open, New York, USA","Sabalenka, Aryna","Rakhimova, Kamilla",Team Total (Games) Away,1,hdp=5.5
2026-09-04T12:47:10Z,73992504,2026-09-04T15:00:00Z,Bet365,"WTA - US Open, New York, USA","Sabalenka, Aryna","Rakhimova, Kamilla",Team Total (Aces) Away,4,hdp=0.5 | hdp=2.5 | hdp=4.5 | hdp=9.5
2026-09-04T12:47:10Z,73992504,2026-09-04T15:00:00Z,Bet365,"WTA - US Open, New York, USA","Sabalenka, Aryna","Rakhimova, Kamilla",Team Total (Aces) Home,6,hdp=0.5 | hdp=2.5 | hdp=4.5 | hdp=9.5 | hdp=14.5 | hdp=19.5
2026-09-04T12:47:10Z,73992504,2026-09-04T15:00:00Z,Bet365,"WTA - US Open, New York, USA","Sabalenka, Aryna","Rakhimova, Kamilla",Team Total (Games) Home,1,hdp=12.5
2026-09-04T12:47:10Z,73992504,2026-09-04T15:00:00Z,Bet365,"WTA - US Open, New York, USA","Sabalenka, Aryna","Rakhimova, Kamilla",Totals 1st Set,6,hdp=6.5 | hdp=7.5 | hdp=8.5 | hdp=9.5 | hdp=10.5 | hdp=12.5
2026-09-04T12:47:10Z,73992504,2026-09-04T15:00:00Z,Bet365,"WTA - US Open, New York, USA","Sabalenka, Aryna","Rakhimova, Kamilla",Totals (Games),1,hdp=18.5
2026-09-04T12:47:10Z,73992504,2026-09-04T15:00:00Z,Bet365,"WTA - US Open, New York, USA","Sabalenka, Aryna","Rakhimova, Kamilla",Totals (Aces),7,hdp=0.5 | hdp=2.5 | hdp=4.5 | hdp=9.5 | hdp=14.5 | hdp=19.5
2026-09-04T12:47:10Z,73992504,2026-09-04T15:00:00Z,Bet365,"WTA - US Open, New York, USA","Sabalenka, Aryna","Rakhimova, Kamilla",Set Betting,4,label=2-0 (1) | label=2-1 (1) | label=2-0 (2) | label=2-1 (2)
2026-09-04T12:47:10Z,73992504,2026-09-04T15:00:00Z,Bet365,"WTA - US Open, New York, USA","Sabalenka, Aryna","Rakhimova, Kamilla",Team Total (Double Faults) Away,8,hdp=4.5 | hdp=0.5 | hdp=1.5 | hdp=2.5 | hdp=7.5 | hdp=9.5
2026-09-04T12:47:10Z,73992504,2026-09-04T15:00:00Z,Bet365,"WTA - US Open, New York, USA","Sabalenka, Aryna","Rakhimova, Kamilla",Team Total (Double Faults) Home,6,hdp=0.5 | hdp=1.5 | hdp=4.5 | hdp=7.5 | hdp=2.5 | hdp=9.5
2026-09-04T12:47:10Z,73992496,2026-09-04T15:30:00Z,Bet365,"WTA - US Open, New York, USA","Pegula, Jessica","Fernandez, Leylah",ML,1,"{'home': '1.14', 'away': '5.50'}"
2026-09-04T12:47:10Z,73992496,2026-09-04T15:30:00Z,Bet365,"WTA - US Open, New York, USA","Pegula, Jessica","Fernandez, Leylah",Set Betting,4,label=2-0 (1) | label=2-1 (1) | label=2-0 (2) | label=2-1 (2)
2026-09-04T12:47:10Z,73992496,2026-09-04T15:30:00Z,Bet365,"WTA - US Open, New York, USA","Pegula, Jessica","Fernandez, Leylah",Team Total (Double Faults) Away,7,hdp=0.5 | hdp=1.5 | hdp=2.5 | hdp=7.5 | hdp=9.5 | hdp=11.5
2026-09-04T12:47:10Z,73992496,2026-09-04T15:30:00Z,Bet365,"WTA - US Open, New York, USA","Pegula, Jessica","Fernandez, Leylah",Team Total (Double Faults) Home,5,hdp=1.5 | hdp=2.5 | hdp=4.5 | hdp=7.5 | hdp=0.5
2026-09-04T12:47:10Z,73992496,2026-09-04T15:30:00Z,Bet365,"WTA - US Open, New York, USA","Pegula, Jessica","Fernandez, Leylah",Totals (Double Faults),9,hdp=0.5 | hdp=1.5 | hdp=4.5 | hdp=7.5 | hdp=9.5 | hdp=11.5
2026-09-04T12:47:10Z,73992496,2026-09-04T15:30:00Z,Bet365,"WTA - US Open, New York, USA","Pegula, Jessica","Fernandez, Leylah",Totals (Games),1,hdp=19.5
2026-09-04T12:47:10Z,73992496,2026-09-04T15:30:00Z,Bet365,"WTA - US Open, New York, USA","Pegula, Jessica","Fernandez, Leylah",Spread (Games),1,hdp=-5.5
2026-09-04T12:47:10Z,73992496,2026-09-04T15:30:00Z,Bet365,"WTA - US Open, New York, USA","Pegula, Jessica","Fernandez, Leylah",Team Total (Games) Away,1,hdp=7.5
2026-09-04T12:47:10Z,73992496,2026-09-04T15:30:00Z,Bet365,"WTA - US Open, New York, USA","Pegula, Jessica","Fernandez, Leylah",Team Total (Games) Home,1,hdp=12.5
2026-09-04T12:47:10Z,73992496,2026-09-04T15:30:00Z,Bet365,"WTA - US Open, New York, USA","Pegula, Jessica","Fernandez, Leylah",Totals 1st Set,6,hdp=7.5 | hdp=10.5 | hdp=12.5 | hdp=6.5 | hdp=8.5 | hdp=9.5
2026-09-04T12:47:10Z,73992444,2026-09-04T16:10:00Z,Bet365,"ATP - US Open, New York, USA","Medvedev, Daniil","Rinderknech, Arthur",ML,1,"{'home': '1.33', 'away': '3.40'}"
2026-09-04T12:47:10Z,73992444,2026-09-04T16:10:00Z,Bet365,"ATP - US Open, New York, USA","Medvedev, Daniil","Rinderknech, Arthur",Totals (Aces),7,hdp=9.5 | hdp=14.5 | hdp=19.5 | hdp=24.5 | hdp=29.5 | hdp=39.5
2026-09-04T12:47:10Z,73992444,2026-09-04T16:10:00Z,Bet365,"ATP - US Open, New York, USA","Medvedev, Daniil","Rinderknech, Arthur",Team Total (Games) Away,1,hdp=18.5
2026-09-04T12:47:10Z,73992444,2026-09-04T16:10:00Z,Bet365,"ATP - US Open, New York, USA","Medvedev, Daniil","Rinderknech, Arthur",Spread (Games),1,hdp=-4.5
2026-09-04T12:47:10Z,73992444,2026-09-04T16:10:00Z,Bet365,"ATP - US Open, New York, USA","Medvedev, Daniil","Rinderknech, Arthur",Totals (Double Faults),7,hdp=4.5 | hdp=7.5 | hdp=11.5 | hdp=14.5 | hdp=19.5 | hdp=24.5
2026-09-04T12:47:10Z,73992444,2026-09-04T16:10:00Z,Bet365,"ATP - US Open, New York, USA","Medvedev, Daniil","Rinderknech, Arthur",Totals (Games),1,hdp=38.5
2026-09-04T12:47:10Z,73992444,2026-09-04T16:10:00Z,Bet365,"ATP - US Open, New York, USA","Medvedev, Daniil","Rinderknech, Arthur",Team Total (Aces) Away,9,hdp=0.5 | hdp=2.5 | hdp=4.5 | hdp=9.5 | hdp=14.5 | hdp=19.5
2026-09-04T12:47:10Z,73992444,2026-09-04T16:10:00Z,Bet365,"ATP - US Open, New York, USA","Medvedev, Daniil","Rinderknech, Arthur",Team Total (Aces) Home,8,hdp=2.5 | hdp=4.5 | hdp=9.5 | hdp=14.5 | hdp=19.5 | hdp=24.5
2026-09-04T12:47:10Z,73992444,2026-09-04T16:10:00Z,Bet365,"ATP - US Open, New York, USA","Medvedev, Daniil","Rinderknech, Arthur",Team Total (Double Faults) Away,8,hdp=0.5 | hdp=1.5 | hdp=2.5 | hdp=4.5 | hdp=7.5 | hdp=9.5
2026-09-04T12:47:10Z,73992444,2026-09-04T16:10:00Z,Bet365,"ATP - US Open, New York, USA","Medvedev, Daniil","Rinderknech, Arthur",Team Total (Double Faults) Home,10,hdp=0.5 | hdp=1.5 | hdp=2.5 | hdp=14.5 | hdp=19.5 | hdp=24.5
2026-09-04T12:47:10Z,73992444,2026-09-04T16:10:00Z,Bet365,"ATP - US Open, New York, USA","Medvedev, Daniil","Rinderknech, Arthur",Team Total (Games) Home,1,hdp=20.5
2026-09-04T12:47:10Z,73992444,2026-09-04T16:10:00Z,Bet365,"ATP - US Open, New York, USA","Medvedev, Daniil","Rinderknech, Arthur",Totals 1st Set,6,hdp=6.5 | hdp=8.5 | hdp=10.5 | hdp=7.5 | hdp=9.5 | hdp=12.5
2026-09-04T12:47:10Z,73992444,2026-09-04T16:10:00Z,Bet365,"ATP - US Open, New York, USA","Medvedev, Daniil","Rinderknech, Arthur",Set Betting,6,label=3-0 (1) | label=3-1 (1) | label=3-2 (1) | label=3-0 (2) | label=3-1 (2) | label=3-2 (2)
2026-09-04T12:47:10Z,73992472,2026-09-04T16:10:00Z,Bet365,"ATP - US Open, New York, USA","Bublik, Alexander","Paul, Tommy",ML,1,"{'home': '2.50', 'away': '1.53'}"
2026-09-04T12:47:10Z,73992472,2026-09-04T16:10:00Z,Bet365,"ATP - US Open, New York, USA","Bublik, Alexander","Paul, Tommy",Totals (Aces),7,hdp=9.5 | hdp=14.5 | hdp=39.5 | hdp=49.5 | hdp=19.5 | hdp=24.5
2026-09-04T12:47:10Z,73992472,2026-09-04T16:10:00Z,Bet365,"ATP - US Open, New York, USA","Bublik, Alexander","Paul, Tommy",Totals 1st Set,6,hdp=6.5 | hdp=8.5 | hdp=9.5 | hdp=10.5 | hdp=12.5 | hdp=7.5
2026-09-04T12:47:10Z,73992472,2026-09-04T16:10:00Z,Bet365,"ATP - US Open, New York, USA","Bublik, Alexander","Paul, Tommy",Team Total (Double Faults) Away,7,hdp=0.5 | hdp=1.5 | hdp=2.5 | hdp=4.5 | hdp=7.5 | hdp=9.5
2026-09-04T12:47:10Z,73992472,2026-09-04T16:10:00Z,Bet365,"ATP - US Open, New York, USA","Bublik, Alexander","Paul, Tommy",Totals (Double Faults),7,hdp=4.5 | hdp=7.5 | hdp=9.5 | hdp=11.5 | hdp=14.5 | hdp=19.5
2026-09-04T12:47:10Z,73992472,2026-09-04T16:10:00Z,Bet365,"ATP - US Open, New York, USA","Bublik, Alexander","Paul, Tommy",Totals (Games),1,hdp=40.5
2026-09-04T12:47:10Z,73992472,2026-09-04T16:10:00Z,Bet365,"ATP - US Open, New York, USA","Bublik, Alexander","Paul, Tommy",Team Total (Games) Away,1,hdp=20.5
2026-09-04T12:47:10Z,73992472,2026-09-04T16:10:00Z,Bet365,"ATP - US Open, New York, USA","Bublik, Alexander","Paul, Tommy",Set Betting,6,label=3-0 (1) | label=3-1 (1) | label=3-2 (1) | label=3-0 (2) | label=3-1 (2) | label=3-2 (2)
2026-09-04T12:47:10Z,73992472,2026-09-04T16:10:00Z,Bet365,"ATP - US Open, New York, USA","Bublik, Alexander","Paul, Tommy",Spread (Games),1,hdp=2.5
2026-09-04T12:47:10Z,73992472,2026-09-04T16:10:00Z,Bet365,"ATP - US Open, New York, USA","Bublik, Alexander","Paul, Tommy",Team Total (Double Faults) Home,9,hdp=1.5 | hdp=2.5 | hdp=4.5 | hdp=7.5 | hdp=9.5 | hdp=11.5
2026-09-04T12:47:10Z,73992472,2026-09-04T16:10:00Z,Bet365,"ATP - US Open, New York, USA","Bublik, Alexander","Paul, Tommy",Team Total (Games) Home,1,hdp=19.5
2026-09-04T12:47:10Z,73992472,2026-09-04T16:10:00Z,Bet365,"ATP - US Open, New York, USA","Bublik, Alexander","Paul, Tommy",Team Total (Aces) Away,8,hdp=0.5 | hdp=2.5 | hdp=24.5 | hdp=29.5 | hdp=4.5 | hdp=9.5
2026-09-04T12:47:10Z,73992472,2026-09-04T16:10:00Z,Bet365,"ATP - US Open, New York, USA","Bublik, Alexander","Paul, Tommy",Team Total (Aces) Home,9,hdp=2.5 | hdp=14.5 | hdp=39.5 | hdp=49.5 | hdp=4.5 | hdp=9.5
2026-09-04T12:47:10Z,73992580,2026-09-04T17:50:00Z,Bet365,"WTA - US Open, New York, USA","Navarro, Emma","Muchova, Karolina",ML,1,"{'home': '4.33', 'away': '1.22'}"
2026-09-04T12:47:10Z,73992580,2026-09-04T17:50:00Z,Bet365,"WTA - US Open, New York, USA","Navarro, Emma","Muchova, Karolina",Totals (Double Faults),8,hdp=0.5 | hdp=1.5 | hdp=2.5 | hdp=4.5 | hdp=7.5 | hdp=9.5
2026-09-04T12:47:10Z,73992580,2026-09-04T17:50:00Z,Bet365,"WTA - US Open, New York, USA","Navarro, Emma","Muchova, Karolina",Team Total (Aces) Home,5,hdp=0.5 | hdp=2.5 | hdp=4.5 | hdp=9.5 | hdp=14.5
2026-09-04T12:47:10Z,73992580,2026-09-04T17:50:00Z,Bet365,"WTA - US Open, New York, USA","Navarro, Emma","Muchova, Karolina",Team Total (Double Faults) Away,5,hdp=0.5 | hdp=1.5 | hdp=2.5 | hdp=4.5 | hdp=7.5
2026-09-04T12:47:10Z,73992580,2026-09-04T17:50:00Z,Bet365,"WTA - US Open, New York, USA","Navarro, Emma","Muchova, Karolina",Team Total (Double Faults) Home,7,hdp=0.5 | hdp=1.5 | hdp=2.5 | hdp=4.5 | hdp=7.5 | hdp=9.5
2026-09-04T12:47:10Z,73992580,2026-09-04T17:50:00Z,Bet365,"WTA - US Open, New York, USA","Navarro, Emma","Muchova, Karolina",Team Total (Games) Home,1,hdp=8.5
2026-09-04T12:47:10Z,73992580,2026-09-04T17:50:00Z,Bet365,"WTA - US Open, New York, USA","Navarro, Emma","Muchova, Karolina",Spread (Games),1,hdp=4.5
2026-09-04T12:47:10Z,73992580,2026-09-04T17:50:00Z,Bet365,"WTA - US Open, New York, USA","Navarro, Emma","Muchova, Karolina",Set Betting,4,label=2-0 (1) | label=2-1 (1) | label=2-0 (2) | label=2-1 (2)
2026-09-04T12:47:10Z,73992580,2026-09-04T17:50:00Z,Bet365,"WTA - US Open, New York, USA","Navarro, Emma","Muchova, Karolina",Team Total (Games) Away,1,hdp=12.5
2026-09-04T12:47:10Z,73992580,2026-09-04T17:50:00Z,Bet365,"WTA - US Open, New York, USA","Navarro, Emma","Muchova, Karolina",Totals 1st Set,6,hdp=8.5 | hdp=12.5 | hdp=6.5 | hdp=7.5 | hdp=9.5 | hdp=10.5
2026-09-04T12:47:10Z,73992580,2026-09-04T17:50:00Z,Bet365,"WTA - US Open, New York, USA","Navarro, Emma","Muchova, Karolina",Totals (Aces),7,hdp=0.5 | hdp=2.5 | hdp=4.5 | hdp=9.5 | hdp=14.5 | hdp=19.5
2026-09-04T12:47:10Z,73992580,2026-09-04T17:50:00Z,Bet365,"WTA - US Open, New York, USA","Navarro, Emma","Muchova, Karolina",Totals (Games),1,hdp=20.5
2026-09-04T12:47:10Z,73992580,2026-09-04T17:50:00Z,Bet365,"WTA - US Open, New York, USA","Navarro, Emma","Muchova, Karolina",Team Total (Aces) Away,5,hdp=0.5 | hdp=2.5 | hdp=4.5 | hdp=9.5 | hdp=14.5
2026-09-04T12:47:10Z,73992448,2026-09-04T20:30:00Z,Bet365,"ATP - US Open, New York, USA","Michelsen, Alex","Merida, Daniel",ML,1,"{'home': '1.50', 'away': '2.62'}"
2026-09-04T12:47:10Z,73992448,2026-09-04T20:30:00Z,Bet365,"ATP - US Open, New York, USA","Michelsen, Alex","Merida, Daniel",Team Total (Double Faults) Away,8,hdp=0.5 | hdp=1.5 | hdp=2.5 | hdp=4.5 | hdp=7.5 | hdp=9.5
2026-09-04T12:47:10Z,73992448,2026-09-04T20:30:00Z,Bet365,"ATP - US Open, New York, USA","Michelsen, Alex","Merida, Daniel",Team Total (Games) Home,1,hdp=20.5
2026-09-04T12:47:10Z,73992448,2026-09-04T20:30:00Z,Bet365,"ATP - US Open, New York, USA","Michelsen, Alex","Merida, Daniel",Totals 1st Set,6,hdp=10.5 | hdp=7.5 | hdp=8.5 | hdp=12.5 | hdp=6.5 | hdp=9.5
2026-09-04T12:47:10Z,73992448,2026-09-04T20:30:00Z,Bet365,"ATP - US Open, New York, USA","Michelsen, Alex","Merida, Daniel",Totals (Double Faults),8,hdp=2.5 | hdp=4.5 | hdp=7.5 | hdp=9.5 | hdp=11.5 | hdp=14.5
2026-09-04T12:47:10Z,73992448,2026-09-04T20:30:00Z,Bet365,"ATP - US Open, New York, USA","Michelsen, Alex","Merida, Daniel",Totals (Games),1,hdp=38.5
2026-09-04T12:47:10Z,73992448,2026-09-04T20:30:00Z,Bet365,"ATP - US Open, New York, USA","Michelsen, Alex","Merida, Daniel",Set Betting,6,label=3-0 (1) | label=3-1 (1) | label=3-2 (1) | label=3-0 (2) | label=3-1 (2) | label=3-2 (2)
2026-09-04T12:47:10Z,73992448,2026-09-04T20:30:00Z,Bet365,"ATP - US Open, New York, USA","Michelsen, Alex","Merida, Daniel",Spread (Games),1,hdp=-3.5
2026-09-04T12:47:10Z,73992448,2026-09-04T20:30:00Z,Bet365,"ATP - US Open, New York, USA","Michelsen, Alex","Merida, Daniel",Team Total (Double Faults) Home,9,hdp=0.5 | hdp=1.5 | hdp=2.5 | hdp=4.5 | hdp=7.5 | hdp=9.5
2026-09-04T12:47:10Z,73992448,2026-09-04T20:30:00Z,Bet365,"ATP - US Open, New York, USA","Michelsen, Alex","Merida, Daniel",Team Total (Games) Away,1,hdp=19.5
2026-09-04T12:47:10Z,73992446,2026-09-04T23:00:00Z,Bet365,"ATP - US Open, New York, USA","Vacherot, Valentin","Tiafoe, Frances",ML,1,"{'home': '2.62', 'away': '1.50'}"
2026-09-04T12:47:10Z,73992446,2026-09-04T23:00:00Z,Bet365,"ATP - US Open, New York, USA","Vacherot, Valentin","Tiafoe, Frances",Totals (Games),1,hdp=39.5
2026-09-04T12:47:10Z,73992446,2026-09-04T23:00:00Z,Bet365,"ATP - US Open, New York, USA","Vacherot, Valentin","Tiafoe, Frances",Team Total (Double Faults) Away,7,hdp=1.5 | hdp=2.5 | hdp=4.5 | hdp=7.5 | hdp=9.5 | hdp=0.5
2026-09-04T12:47:10Z,73992446,2026-09-04T23:00:00Z,Bet365,"ATP - US Open, New York, USA","Vacherot, Valentin","Tiafoe, Frances",Team Total (Double Faults) Home,9,hdp=0.5 | hdp=2.5 | hdp=11.5 | hdp=14.5 | hdp=1.5 | hdp=4.5
2026-09-04T12:47:10Z,73992446,2026-09-04T23:00:00Z,Bet365,"ATP - US Open, New York, USA","Vacherot, Valentin","Tiafoe, Frances",Team Total (Games) Home,1,hdp=19.5
2026-09-04T12:47:10Z,73992446,2026-09-04T23:00:00Z,Bet365,"ATP - US Open, New York, USA","Vacherot, Valentin","Tiafoe, Frances",Totals 1st Set,6,hdp=6.5 | hdp=7.5 | hdp=8.5 | hdp=9.5 | hdp=10.5 | hdp=12.5
2026-09-04T12:47:10Z,73992446,2026-09-04T23:00:00Z,Bet365,"ATP - US Open, New York, USA","Vacherot, Valentin","Tiafoe, Frances",Spread (Games),1,hdp=3.5
2026-09-04T12:47:10Z,73992446,2026-09-04T23:00:00Z,Bet365,"ATP - US Open, New York, USA","Vacherot, Valentin","Tiafoe, Frances",Team Total (Aces) Home,9,hdp=2.5 | hdp=4.5 | hdp=9.5 | hdp=14.5 | hdp=19.5 | hdp=24.5
2026-09-04T12:47:10Z,73992446,2026-09-04T23:00:00Z,Bet365,"ATP - US Open, New York, USA","Vacherot, Valentin","Tiafoe, Frances",Set Betting,6,label=3-0 (1) | label=3-1 (1) | label=3-2 (1) | label=3-0 (2) | label=3-1 (2) | label=3-2 (2)
2026-09-04T12:47:10Z,73992446,2026-09-04T23:00:00Z,Bet365,"ATP - US Open, New York, USA","Vacherot, Valentin","Tiafoe, Frances",Team Total (Aces) Away,8,hdp=0.5 | hdp=2.5 | hdp=4.5 | hdp=9.5 | hdp=14.5 | hdp=19.5
2026-09-04T12:47:10Z,73992446,2026-09-04T23:00:00Z,Bet365,"ATP - US Open, New York, USA","Vacherot, Valentin","Tiafoe, Frances",Team Total (Games) Away,1,hdp=20.5
2026-09-04T12:47:10Z,73992446,2026-09-04T23:00:00Z,Bet365,"ATP - US Open, New York, USA","Vacherot, Valentin","Tiafoe, Frances",Totals (Aces),7,hdp=9.5 | hdp=14.5 | hdp=19.5 | hdp=24.5 | hdp=29.5 | hdp=39.5
2026-09-04T12:47:10Z,73992446,2026-09-04T23:00:00Z,Bet365,"ATP - US Open, New York, USA","Vacherot, Valentin","Tiafoe, Frances",Totals (Double Faults),8,hdp=14.5 | hdp=24.5 | hdp=2.5 | hdp=4.5 | hdp=7.5 | hdp=9.5
2026-09-04T12:47:10Z,73992578,2026-09-05T00:40:00Z,Bet365,"WTA - US Open, New York, USA","Svitolina, Elina","Kalinskaya, Anna",ML,1,"{'home': '1.36', 'away': '3.20'}"
2026-09-04T12:47:10Z,73992578,2026-09-05T00:40:00Z,Bet365,"WTA - US Open, New York, USA","Svitolina, Elina","Kalinskaya, Anna",Totals 1st Set,6,hdp=9.5 | hdp=6.5 | hdp=7.5 | hdp=8.5 | hdp=10.5 | hdp=12.5
2026-09-04T12:47:10Z,73992578,2026-09-05T00:40:00Z,Bet365,"WTA - US Open, New York, USA","Svitolina, Elina","Kalinskaya, Anna",Totals (Games),1,hdp=21.5
2026-09-04T12:47:10Z,73992578,2026-09-05T00:40:00Z,Bet365,"WTA - US Open, New York, USA","Svitolina, Elina","Kalinskaya, Anna",Set Betting,4,label=2-0 (1) | label=2-1 (1) | label=2-0 (2) | label=2-1 (2)
2026-09-04T12:47:10Z,73992578,2026-09-05T00:40:00Z,Bet365,"WTA - US Open, New York, USA","Svitolina, Elina","Kalinskaya, Anna",Spread (Games),1,hdp=-3.5
2026-09-04T12:47:10Z,73992578,2026-09-05T00:40:00Z,Bet365,"WTA - US Open, New York, USA","Svitolina, Elina","Kalinskaya, Anna",Team Total (Games) Away,1,hdp=10.5
2026-09-04T12:47:10Z,73992578,2026-09-05T00:40:00Z,Bet365,"WTA - US Open, New York, USA","Svitolina, Elina","Kalinskaya, Anna",Team Total (Games) Home,1,hdp=12.5
2026-09-04T12:47:10Z,73992458,2026-09-05T15:00:00Z,Bet365,"ATP - US Open, New York, USA","Blockx, Alexander","Cobolli, Flavio",ML,1,"{'home': '2.00', 'away': '1.80'}"
2026-09-04T12:47:10Z,73992458,2026-09-05T15:00:00Z,Bet365,"ATP - US Open, New York, USA","Blockx, Alexander","Cobolli, Flavio",Team Total (Games) Home,1,hdp=20.5
2026-09-04T12:47:10Z,73992458,2026-09-05T15:00:00Z,Bet365,"ATP - US Open, New York, USA","Blockx, Alexander","Cobolli, Flavio",Totals (Games),1,hdp=40.5
2026-09-04T12:47:10Z,73992458,2026-09-05T15:00:00Z,Bet365,"ATP - US Open, New York, USA","Blockx, Alexander","Cobolli, Flavio",Team Total (Aces) Away,7,hdp=0.5 | hdp=2.5 | hdp=4.5 | hdp=9.5 | hdp=14.5 | hdp=19.5
2026-09-04T12:47:10Z,73992458,2026-09-05T15:00:00Z,Bet365,"ATP - US Open, New York, USA","Blockx, Alexander","Cobolli, Flavio",Team Total (Double Faults) Away,7,hdp=0.5 | hdp=1.5 | hdp=2.5 | hdp=4.5 | hdp=7.5 | hdp=9.5
2026-09-04T12:47:10Z,73992458,2026-09-05T15:00:00Z,Bet365,"ATP - US Open, New York, USA","Blockx, Alexander","Cobolli, Flavio",Team Total (Double Faults) Home,8,hdp=0.5 | hdp=1.5 | hdp=2.5 | hdp=4.5 | hdp=7.5 | hdp=9.5
2026-09-04T12:47:10Z,73992458,2026-09-05T15:00:00Z,Bet365,"ATP - US Open, New York, USA","Blockx, Alexander","Cobolli, Flavio",Totals (Aces),8,hdp=4.5 | hdp=9.5 | hdp=14.5 | hdp=19.5 | hdp=24.5 | hdp=29.5
2026-09-04T12:47:10Z,73992458,2026-09-05T15:00:00Z,Bet365,"ATP - US Open, New York, USA","Blockx, Alexander","Cobolli, Flavio",Totals 1st Set,6,hdp=6.5 | hdp=7.5 | hdp=8.5 | hdp=10.5 | hdp=12.5 | hdp=9.5
2026-09-04T12:47:10Z,73992458,2026-09-05T15:00:00Z,Bet365,"ATP - US Open, New York, USA","Blockx, Alexander","Cobolli, Flavio",Totals (Double Faults),9,hdp=1.5 | hdp=2.5 | hdp=4.5 | hdp=7.5 | hdp=9.5 | hdp=11.5
2026-09-04T12:47:10Z,73992458,2026-09-05T15:00:00Z,Bet365,"ATP - US Open, New York, USA","Blockx, Alexander","Cobolli, Flavio",Set Betting,6,label=3-0 (1) | label=3-1 (1) | label=3-2 (1) | label=3-0 (2) | label=3-1 (2) | label=3-2 (2)
2026-09-04T12:47:10Z,73992458,2026-09-05T15:00:00Z,Bet365,"ATP - US Open, New York, USA","Blockx, Alexander","Cobolli, Flavio",Spread (Games),1,hdp=0.5
2026-09-04T12:47:10Z,73992458,2026-09-05T15:00:00Z,Bet365,"ATP - US Open, New York, USA","Blockx, Alexander","Cobolli, Flavio",Team Total (Aces) Home,9,hdp=0.5 | hdp=2.5 | hdp=4.5 | hdp=9.5 | hdp=14.5 | hdp=19.5
2026-09-04T12:47:10Z,73992458,2026-09-05T15:00:00Z,Bet365,"ATP - US Open, New York, USA","Blockx, Alexander","Cobolli, Flavio",Team Total (Games) Away,1,hdp=20.5
2026-09-04T12:47:10Z,73992452,2026-09-05T15:00:00Z,Bet365,"ATP - US Open, New York, USA","Khachanov, Karen","Bonzi, Benjamin",ML,1,"{'home': '1.44', 'away': '2.75'}"
2026-09-04T12:47:10Z,73992452,2026-09-05T15:00:00Z,Bet365,"ATP - US Open, New York, USA","Khachanov, Karen","Bonzi, Benjamin",Totals 1st Set,6,hdp=6.5 | hdp=7.5 | hdp=8.5 | hdp=9.5 | hdp=10.5 | hdp=12.5
2026-09-04T12:47:10Z,73992452,2026-09-05T15:00:00Z,Bet365,"ATP - US Open, New York, USA","Khachanov, Karen","Bonzi, Benjamin",Totals (Double Faults),8,hdp=1.5 | hdp=2.5 | hdp=4.5 | hdp=7.5 | hdp=9.5 | hdp=11.5
2026-09-04T12:47:10Z,73992452,2026-09-05T15:00:00Z,Bet365,"ATP - US Open, New York, USA","Khachanov, Karen","Bonzi, Benjamin",Spread (Games),1,hdp=-3.5
2026-09-04T12:47:10Z,73992452,2026-09-05T15:00:00Z,Bet365,"ATP - US Open, New York, USA","Khachanov, Karen","Bonzi, Benjamin",Team Total (Aces) Away,8,hdp=0.5 | hdp=2.5 | hdp=4.5 | hdp=9.5 | hdp=14.5 | hdp=19.5
2026-09-04T12:47:10Z,73992452,2026-09-05T15:00:00Z,Bet365,"ATP - US Open, New York, USA","Khachanov, Karen","Bonzi, Benjamin",Team Total (Aces) Home,9,hdp=0.5 | hdp=2.5 | hdp=4.5 | hdp=9.5 | hdp=14.5 | hdp=19.5
2026-09-04T12:47:10Z,73992452,2026-09-05T15:00:00Z,Bet365,"ATP - US Open, New York, USA","Khachanov, Karen","Bonzi, Benjamin",Team Total (Games) Home,1,hdp=20.5
2026-09-04T12:47:10Z,73992452,2026-09-05T15:00:00Z,Bet365,"ATP - US Open, New York, USA","Khachanov, Karen","Bonzi, Benjamin",Totals (Games),1,hdp=38.5
2026-09-04T12:47:10Z,73992452,2026-09-05T15:00:00Z,Bet365,"ATP - US Open, New York, USA","Khachanov, Karen","Bonzi, Benjamin",Totals (Aces),8,hdp=4.5 | hdp=9.5 | hdp=14.5 | hdp=19.5 | hdp=24.5 | hdp=29.5
2026-09-04T12:47:10Z,73992452,2026-09-05T15:00:00Z,Bet365,"ATP - US Open, New York, USA","Khachanov, Karen","Bonzi, Benjamin",Set Betting,6,label=3-0 (1) | label=3-1 (1) | label=3-2 (1) | label=3-0 (2) | label=3-1 (2) | label=3-2 (2)
2026-09-04T12:47:10Z,73992452,2026-09-05T15:00:00Z,Bet365,"ATP - US Open, New York, USA","Khachanov, Karen","Bonzi, Benjamin",Team Total (Double Faults) Away,8,hdp=0.5 | hdp=1.5 | hdp=2.5 | hdp=4.5 | hdp=7.5 | hdp=9.5
2026-09-04T12:47:10Z,73992452,2026-09-05T15:00:00Z,Bet365,"ATP - US Open, New York, USA","Khachanov, Karen","Bonzi, Benjamin",Team Total (Double Faults) Home,7,hdp=0.5 | hdp=1.5 | hdp=2.5 | hdp=4.5 | hdp=7.5 | hdp=9.5
2026-09-04T12:47:10Z,73992452,2026-09-05T15:00:00Z,Bet365,"ATP - US Open, New York, USA","Khachanov, Karen","Bonzi, Benjamin",Team Total (Games) Away,1,hdp=18.5
2026-09-04T12:47:10Z,73992454,2026-09-05T15:00:00Z,Bet365,"ATP - US Open, New York, USA","Mensik, Jakub","Tien, Learner",ML,1,"{'home': '2.10', 'away': '1.72'}"
2026-09-04T12:47:10Z,73992454,2026-09-05T15:00:00Z,Bet365,"ATP - US Open, New York, USA","Mensik, Jakub","Tien, Learner",Team Total (Aces) Away,7,hdp=0.5 | hdp=2.5 | hdp=4.5 | hdp=9.5 | hdp=14.5 | hdp=19.5
2026-09-04T12:47:10Z,73992454,2026-09-05T15:00:00Z,Bet365,"ATP - US Open, New York, USA","Mensik, Jakub","Tien, Learner",Team Total (Double Faults) Away,8,hdp=0.5 | hdp=1.5 | hdp=2.5 | hdp=4.5 | hdp=7.5 | hdp=9.5
2026-09-04T12:47:10Z,73992454,2026-09-05T15:00:00Z,Bet365,"ATP - US Open, New York, USA","Mensik, Jakub","Tien, Learner",Team Total (Double Faults) Home,9,hdp=0.5 | hdp=1.5 | hdp=2.5 | hdp=4.5 | hdp=7.5 | hdp=9.5
2026-09-04T12:47:10Z,73992454,2026-09-05T15:00:00Z,Bet365,"ATP - US Open, New York, USA","Mensik, Jakub","Tien, Learner",Team Total (Games) Home,1,hdp=19.5
2026-09-04T12:47:10Z,73992454,2026-09-05T15:00:00Z,Bet365,"ATP - US Open, New York, USA","Mensik, Jakub","Tien, Learner",Totals (Games),1,hdp=39.5
2026-09-04T12:47:10Z,73992454,2026-09-05T15:00:00Z,Bet365,"ATP - US Open, New York, USA","Mensik, Jakub","Tien, Learner",Spread (Games),1,hdp=1.5
2026-09-04T12:47:10Z,73992454,2026-09-05T15:00:00Z,Bet365,"ATP - US Open, New York, USA","Mensik, Jakub","Tien, Learner",Team Total (Games) Away,1,hdp=20.5
2026-09-04T12:47:10Z,73992454,2026-09-05T15:00:00Z,Bet365,"ATP - US Open, New York, USA","Mensik, Jakub","Tien, Learner",Totals 1st Set,6,hdp=7.5 | hdp=9.5 | hdp=12.5 | hdp=6.5 | hdp=8.5 | hdp=10.5
2026-09-04T12:47:10Z,73992454,2026-09-05T15:00:00Z,Bet365,"ATP - US Open, New York, USA","Mensik, Jakub","Tien, Learner",Totals (Aces),8,hdp=4.5 | hdp=9.5 | hdp=14.5 | hdp=19.5 | hdp=24.5 | hdp=29.5
2026-09-04T12:47:10Z,73992454,2026-09-05T15:00:00Z,Bet365,"ATP - US Open, New York, USA","Mensik, Jakub","Tien, Learner",Totals (Double Faults),8,hdp=2.5 | hdp=4.5 | hdp=7.5 | hdp=9.5 | hdp=11.5 | hdp=14.5
2026-09-04T12:47:10Z,73992454,2026-09-05T15:00:00Z,Bet365,"ATP - US Open, New York, USA","Mensik, Jakub","Tien, Learner",Team Total (Aces) Home,9,hdp=2.5 | hdp=4.5 | hdp=9.5 | hdp=14.5 | hdp=19.5 | hdp=24.5
2026-09-04T12:47:10Z,73992454,2026-09-05T15:00:00Z,Bet365,"ATP - US Open, New York, USA","Mensik, Jakub","Tien, Learner",Set Betting,6,label=3-0 (1) | label=3-1 (1) | label=3-2 (1) | label=3-0 (2) | label=3-1 (2) | label=3-2 (2)
2026-09-04T12:47:10Z,73992470,2026-09-04T21:00:00Z,Bet365,"ATP - US Open, New York, USA","Lehecka, Jiri","Tsitsipas, Stefanos",ML,1,"{'home': '1.53', 'away': '2.50'}"
2026-09-04T12:47:10Z,73992470,2026-09-04T21:00:00Z,Bet365,"ATP - US Open, New York, USA","Lehecka, Jiri","Tsitsipas, Stefanos",Spread (Games),1,hdp=-2.5
2026-09-04T12:47:10Z,73992470,2026-09-04T21:00:00Z,Bet365,"ATP - US Open, New York, USA","Lehecka, Jiri","Tsitsipas, Stefanos",Team Total (Double Faults) Home,6,hdp=0.5 | hdp=1.5 | hdp=2.5 | hdp=4.5 | hdp=7.5 | hdp=9.5
2026-09-04T12:47:10Z,73992470,2026-09-04T21:00:00Z,Bet365,"ATP - US Open, New York, USA","Lehecka, Jiri","Tsitsipas, Stefanos",Team Total (Games) Home,1,hdp=20.5
2026-09-04T12:47:10Z,73992470,2026-09-04T21:00:00Z,Bet365,"ATP - US Open, New York, USA","Lehecka, Jiri","Tsitsipas, Stefanos",Totals (Games),1,hdp=40.5
2026-09-04T12:47:10Z,73992470,2026-09-04T21:00:00Z,Bet365,"ATP - US Open, New York, USA","Lehecka, Jiri","Tsitsipas, Stefanos",Set Betting,6,label=3-0 (1) | label=3-1 (1) | label=3-2 (1) | label=3-0 (2) | label=3-1 (2) | label=3-2 (2)
2026-09-04T12:47:10Z,73992470,2026-09-04T21:00:00Z,Bet365,"ATP - US Open, New York, USA","Lehecka, Jiri","Tsitsipas, Stefanos",Team Total (Double Faults) Away,8,hdp=0.5 | hdp=1.5 | hdp=2.5 | hdp=4.5 | hdp=7.5 | hdp=9.5
2026-09-04T12:47:10Z,73992470,2026-09-04T21:00:00Z,Bet365,"ATP - US Open, New York, USA","Lehecka, Jiri","Tsitsipas, Stefanos",Team Total (Games) Away,1,hdp=19.5
2026-09-04T12:47:10Z,73992470,2026-09-04T21:00:00Z,Bet365,"ATP - US Open, New York, USA","Lehecka, Jiri","Tsitsipas, Stefanos",Totals 1st Set,6,hdp=7.5 | hdp=8.5 | hdp=9.5 | hdp=10.5 | hdp=12.5 | hdp=6.5
2026-09-04T12:47:10Z,73992470,2026-09-04T21:00:00Z,Bet365,"ATP - US Open, New York, USA","Lehecka, Jiri","Tsitsipas, Stefanos",Totals (Double Faults),9,hdp=1.5 | hdp=2.5 | hdp=4.5 | hdp=7.5 | hdp=9.5 | hdp=11.5
2026-09-04T12:47:10Z,73992468,2026-09-05T00:10:00Z,Bet365,"ATP - US Open, New York, USA","Shelton, Ben","Shapovalov, Denis",ML,1,"{'home': '1.25', 'away': '4.00'}"
2026-09-04T12:47:10Z,73992468,2026-09-05T00:10:00Z,Bet365,"ATP - US Open, New York, USA","Shelton, Ben","Shapovalov, Denis",Team Total (Double Faults) Away,7,hdp=4.5 | hdp=7.5 | hdp=9.5 | hdp=11.5 | hdp=14.5 | hdp=19.5
2026-09-04T12:47:10Z,73992468,2026-09-05T00:10:00Z,Bet365,"ATP - US Open, New York, USA","Shelton, Ben","Shapovalov, Denis",Team Total (Games) Home,1,hdp=21.5
2026-09-04T12:47:10Z,73992468,2026-09-05T00:10:00Z,Bet365,"ATP - US Open, New York, USA","Shelton, Ben","Shapovalov, Denis",Totals 1st Set,6,hdp=6.5 | hdp=7.5 | hdp=8.5 | hdp=9.5 | hdp=10.5 | hdp=12.5
2026-09-04T12:47:10Z,73992468,2026-09-05T00:10:00Z,Bet365,"ATP - US Open, New York, USA","Shelton, Ben","Shapovalov, Denis",Totals (Games),1,hdp=38.5
2026-09-04T12:47:10Z,73992468,2026-09-05T00:10:00Z,Bet365,"ATP - US Open, New York, USA","Shelton, Ben","Shapovalov, Denis",Set Betting,6,label=3-0 (1) | label=3-1 (1) | label=3-2 (1) | label=3-0 (2) | label=3-1 (2) | label=3-2 (2)
2026-09-04T12:47:10Z,73992468,2026-09-05T00:10:00Z,Bet365,"ATP - US Open, New York, USA","Shelton, Ben","Shapovalov, Denis",Spread (Games),1,hdp=-4.5
2026-09-04T12:47:10Z,73992468,2026-09-05T00:10:00Z,Bet365,"ATP - US Open, New York, USA","Shelton, Ben","Shapovalov, Denis",Team Total (Double Faults) Home,7,hdp=0.5 | hdp=1.5 | hdp=2.5 | hdp=4.5 | hdp=7.5 | hdp=9.5
2026-09-04T12:47:10Z,73992468,2026-09-05T00:10:00Z,Bet365,"ATP - US Open, New York, USA","Shelton, Ben","Shapovalov, Denis",Team Total (Games) Away,1,hdp=18.5
2026-09-04T12:47:10Z,73992468,2026-09-05T00:10:00Z,Bet365,"ATP - US Open, New York, USA","Shelton, Ben","Shapovalov, Denis",Totals (Double Faults),6,hdp=7.5 | hdp=9.5 | hdp=11.5 | hdp=14.5 | hdp=19.5 | hdp=24.5
2026-09-04T12:47:10Z,73992456,2026-09-05T15:00:00Z,Bet365,"ATP - US Open, New York, USA","Fritz, Taylor","Cerundolo, Francisco",ML,1,"{'home': '1.14', 'away': '5.50'}"
2026-09-04T12:47:10Z,73992456,2026-09-05T15:00:00Z,Bet365,"ATP - US Open, New York, USA","Fritz, Taylor","Cerundolo, Francisco",Team Total (Games) Away,1,hdp=15.5
2026-09-04T12:47:10Z,73992456,2026-09-05T15:00:00Z,Bet365,"ATP - US Open, New York, USA","Fritz, Taylor","Cerundolo, Francisco",Totals 1st Set,6,hdp=6.5 | hdp=7.5 | hdp=12.5 | hdp=8.5 | hdp=10.5 | hdp=9.5
2026-09-04T12:47:10Z,73992456,2026-09-05T15:00:00Z,Bet365,"ATP - US Open, New York, USA","Fritz, Taylor","Cerundolo, Francisco",Totals (Aces),8,hdp=4.5 | hdp=9.5 | hdp=14.5 | hdp=19.5 | hdp=24.5 | hdp=29.5
2026-09-04T12:47:10Z,73992456,2026-09-05T15:00:00Z,Bet365,"ATP - US Open, New York, USA","Fritz, Taylor","Cerundolo, Francisco",Team Total (Double Faults) Home,7,hdp=0.5 | hdp=1.5 | hdp=2.5 | hdp=4.5 | hdp=7.5 | hdp=9.5
2026-09-04T12:47:10Z,73992456,2026-09-05T15:00:00Z,Bet365,"ATP - US Open, New York, USA","Fritz, Taylor","Cerundolo, Francisco",Set Betting,6,label=3-0 (1) | label=3-1 (1) | label=3-2 (1) | label=3-0 (2) | label=3-1 (2) | label=3-2 (2)
2026-09-04T12:47:10Z,73992456,2026-09-05T15:00:00Z,Bet365,"ATP - US Open, New York, USA","Fritz, Taylor","Cerundolo, Francisco",Team Total (Double Faults) Away,8,hdp=0.5 | hdp=1.5 | hdp=2.5 | hdp=4.5 | hdp=7.5 | hdp=9.5
2026-09-04T12:47:10Z,73992456,2026-09-05T15:00:00Z,Bet365,"ATP - US Open, New York, USA","Fritz, Taylor","Cerundolo, Francisco",Team Total (Games) Home,1,hdp=20.5
2026-09-04T12:47:10Z,73992456,2026-09-05T15:00:00Z,Bet365,"ATP - US Open, New York, USA","Fritz, Taylor","Cerundolo, Francisco",Totals (Double Faults),9,hdp=1.5 | hdp=2.5 | hdp=4.5 | hdp=7.5 | hdp=9.5 | hdp=11.5
2026-09-04T12:47:10Z,73992456,2026-09-05T15:00:00Z,Bet365,"ATP - US Open, New York, USA","Fritz, Taylor","Cerundolo, Francisco",Totals (Games),1,hdp=35.5
2026-09-04T12:47:10Z,73992456,2026-09-05T15:00:00Z,Bet365,"ATP - US Open, New York, USA","Fritz, Taylor","Cerundolo, Francisco",Spread (Games),1,hdp=-6.5
2026-09-04T12:47:10Z,73992456,2026-09-05T15:00:00Z,Bet365,"ATP - US Open, New York, USA","Fritz, Taylor","Cerundolo, Francisco",Team Total (Aces) Away,7,hdp=0.5 | hdp=2.5 | hdp=4.5 | hdp=9.5 | hdp=14.5 | hdp=19.5
2026-09-04T12:47:10Z,73992456,2026-09-05T15:00:00Z,Bet365,"ATP - US Open, New York, USA","Fritz, Taylor","Cerundolo, Francisco",Team Total (Aces) Home,8,hdp=2.5 | hdp=4.5 | hdp=9.5 | hdp=14.5 | hdp=19.5 | hdp=24.5
2026-09-04T12:47:10Z,73992450,2026-09-04T20:00:00Z,Bet365,"ATP - US Open, New York, USA","Etcheverry, Tomas Martin","Navone, Mariano",ML,1,"{'home': '1.90', 'away': '1.90'}"
2026-09-04T12:47:10Z,73992450,2026-09-04T20:00:00Z,Bet365,"ATP - US Open, New York, USA","Etcheverry, Tomas Martin","Navone, Mariano",Team Total (Games) Away,1,hdp=19.5
2026-09-04T12:47:10Z,73992450,2026-09-04T20:00:00Z,Bet365,"ATP - US Open, New York, USA","Etcheverry, Tomas Martin","Navone, Mariano",Team Total (Games) Home,1,hdp=19.5
2026-09-04T12:47:10Z,73992450,2026-09-04T20:00:00Z,Bet365,"ATP - US Open, New York, USA","Etcheverry, Tomas Martin","Navone, Mariano",Totals 1st Set,6,hdp=6.5 | hdp=8.5 | hdp=12.5 | hdp=7.5 | hdp=9.5 | hdp=10.5
2026-09-04T12:47:10Z,73992450,2026-09-04T20:00:00Z,Bet365,"ATP - US Open, New York, USA","Etcheverry, Tomas Martin","Navone, Mariano",Totals (Games),1,hdp=39.5
2026-09-04T12:47:10Z,73992450,2026-09-04T20:00:00Z,Bet365,"ATP - US Open, New York, USA","Etcheverry, Tomas Martin","Navone, Mariano",Set Betting,6,label=3-0 (1) | label=3-1 (1) | label=3-2 (1) | label=3-0 (2) | label=3-1 (2) | label=3-2 (2)
2026-09-04T12:47:10Z,73992450,2026-09-04T20:00:00Z,Bet365,"ATP - US Open, New York, USA","Etcheverry, Tomas Martin","Navone, Mariano",Spread (Games),1,hdp=1.5
2026-09-04T12:47:10Z,73992572,2026-09-05T15:00:00Z,Bet365,"WTA - US Open, New York, USA","Bucsa, Cristina","Gauff, Coco",ML,1,"{'home': '15.00', 'away': '1.03'}"
2026-09-04T12:47:10Z,73992572,2026-09-05T15:00:00Z,Bet365,"WTA - US Open, New York, USA","Bucsa, Cristina","Gauff, Coco",Spread (Games),1,hdp=6.5
2026-09-04T12:47:10Z,73992572,2026-09-05T15:00:00Z,Bet365,"WTA - US Open, New York, USA","Bucsa, Cristina","Gauff, Coco",Team Total (Aces) Away,5,hdp=0.5 | hdp=2.5 | hdp=4.5 | hdp=9.5 | hdp=14.5
2026-09-04T12:47:10Z,73992572,2026-09-05T15:00:00Z,Bet365,"WTA - US Open, New York, USA","Bucsa, Cristina","Gauff, Coco",Team Total (Double Faults) Away,8,hdp=0.5 | hdp=1.5 | hdp=2.5 | hdp=4.5 | hdp=7.5 | hdp=9.5
2026-09-04T12:47:10Z,73992572,2026-09-05T15:00:00Z,Bet365,"WTA - US Open, New York, USA","Bucsa, Cristina","Gauff, Coco",Team Total (Double Faults) Home,7,hdp=0.5 | hdp=1.5 | hdp=2.5 | hdp=4.5 | hdp=7.5 | hdp=9.5
2026-09-04T12:47:10Z,73992572,2026-09-05T15:00:00Z,Bet365,"WTA - US Open, New York, USA","Bucsa, Cristina","Gauff, Coco",Team Total (Games) Away,1,hdp=12.5
2026-09-04T12:47:10Z,73992572,2026-09-05T15:00:00Z,Bet365,"WTA - US Open, New York, USA","Bucsa, Cristina","Gauff, Coco",Totals 1st Set,6,hdp=7.5 | hdp=9.5 | hdp=10.5 | hdp=12.5 | hdp=6.5 | hdp=8.5
2026-09-04T12:47:10Z,73992572,2026-09-05T15:00:00Z,Bet365,"WTA - US Open, New York, USA","Bucsa, Cristina","Gauff, Coco",Totals (Double Faults),9,hdp=1.5 | hdp=2.5 | hdp=4.5 | hdp=7.5 | hdp=9.5 | hdp=11.5
2026-09-04T12:47:10Z,73992572,2026-09-05T15:00:00Z,Bet365,"WTA - US Open, New York, USA","Bucsa, Cristina","Gauff, Coco",Set Betting,4,label=2-0 (1) | label=2-1 (1) | label=2-0 (2) | label=2-1 (2)
2026-09-04T12:47:10Z,73992572,2026-09-05T15:00:00Z,Bet365,"WTA - US Open, New York, USA","Bucsa, Cristina","Gauff, Coco",Team Total (Aces) Home,3,hdp=0.5 | hdp=2.5 | hdp=4.5
2026-09-04T12:47:10Z,73992572,2026-09-05T15:00:00Z,Bet365,"WTA - US Open, New York, USA","Bucsa, Cristina","Gauff, Coco",Team Total (Games) Home,1,hdp=5.5
2026-09-04T12:47:10Z,73992572,2026-09-05T15:00:00Z,Bet365,"WTA - US Open, New York, USA","Bucsa, Cristina","Gauff, Coco",Totals (Aces),5,hdp=0.5 | hdp=2.5 | hdp=4.5 | hdp=9.5 | hdp=14.5
2026-09-04T12:47:10Z,73992572,2026-09-05T15:00:00Z,Bet365,"WTA - US Open, New York, USA","Bucsa, Cristina","Gauff, Coco",Totals (Games),1,hdp=17.5
2026-09-04T12:47:10Z,73992576,2026-09-05T15:00:00Z,Bet365,"WTA - US Open, New York, USA","Keys, Madison","Zheng, Qinwen",ML,1,"{'home': '1.57', 'away': '2.37'}"
2026-09-04T12:47:10Z,73992576,2026-09-05T15:00:00Z,Bet365,"WTA - US Open, New York, USA","Keys, Madison","Zheng, Qinwen",Set Betting,4,label=2-0 (1) | label=2-1 (1) | label=2-0 (2) | label=2-1 (2)
2026-09-04T12:47:10Z,73992576,2026-09-05T15:00:00Z,Bet365,"WTA - US Open, New York, USA","Keys, Madison","Zheng, Qinwen",Spread (Games),1,hdp=-2.5
2026-09-04T12:47:10Z,73992576,2026-09-05T15:00:00Z,Bet365,"WTA - US Open, New York, USA","Keys, Madison","Zheng, Qinwen",Team Total (Aces) Home,5,hdp=0.5 | hdp=2.5 | hdp=4.5 | hdp=9.5 | hdp=14.5
2026-09-04T12:47:10Z,73992576,2026-09-05T15:00:00Z,Bet365,"WTA - US Open, New York, USA","Keys, Madison","Zheng, Qinwen",Team Total (Double Faults) Home,8,hdp=0.5 | hdp=1.5 | hdp=2.5 | hdp=4.5 | hdp=7.5 | hdp=9.5
2026-09-04T12:47:10Z,73992576,2026-09-05T15:00:00Z,Bet365,"WTA - US Open, New York, USA","Keys, Madison","Zheng, Qinwen",Team Total (Games) Home,1,hdp=12.5
2026-09-04T12:47:10Z,73992576,2026-09-05T15:00:00Z,Bet365,"WTA - US Open, New York, USA","Keys, Madison","Zheng, Qinwen",Totals 1st Set,6,hdp=6.5 | hdp=7.5 | hdp=8.5 | hdp=12.5 | hdp=9.5 | hdp=10.5
2026-09-04T12:47:10Z,73992576,2026-09-05T15:00:00Z,Bet365,"WTA - US Open, New York, USA","Keys, Madison","Zheng, Qinwen",Team Total (Aces) Away,6,hdp=4.5 | hdp=0.5 | hdp=2.5 | hdp=9.5 | hdp=14.5 | hdp=19.5
2026-09-04T12:47:10Z,73992576,2026-09-05T15:00:00Z,Bet365,"WTA - US Open, New York, USA","Keys, Madison","Zheng, Qinwen",Team Total (Double Faults) Away,9,hdp=0.5 | hdp=1.5 | hdp=2.5 | hdp=4.5 | hdp=7.5 | hdp=9.5
2026-09-04T12:47:10Z,73992576,2026-09-05T15:00:00Z,Bet365,"WTA - US Open, New York, USA","Keys, Madison","Zheng, Qinwen",Team Total (Games) Away,1,hdp=11.5
2026-09-04T12:47:10Z,73992576,2026-09-05T15:00:00Z,Bet365,"WTA - US Open, New York, USA","Keys, Madison","Zheng, Qinwen",Totals (Aces),8,hdp=0.5 | hdp=2.5 | hdp=4.5 | hdp=9.5 | hdp=14.5 | hdp=19.5
2026-09-04T12:47:10Z,73992576,2026-09-05T15:00:00Z,Bet365,"WTA - US Open, New York, USA","Keys, Madison","Zheng, Qinwen",Totals (Double Faults),8,hdp=2.5 | hdp=4.5 | hdp=7.5 | hdp=9.5 | hdp=11.5 | hdp=14.5
2026-09-04T12:47:10Z,73992576,2026-09-05T15:00:00Z,Bet365,"WTA - US Open, New York, USA","Keys, Madison","Zheng, Qinwen",Totals (Games),1,hdp=22.5
2026-09-04T12:47:10Z,73992584,2026-09-05T15:00:00Z,Bet365,"WTA - US Open, New York, USA","Potapova, Anastasia","Anisimova, Amanda",ML,1,"{'home': '5.00', 'away': '1.16'}"
2026-09-04T12:47:10Z,73992584,2026-09-05T15:00:00Z,Bet365,"WTA - US Open, New York, USA","Potapova, Anastasia","Anisimova, Amanda",Team Total (Games) Away,1,hdp=12.5
2026-09-04T12:47:10Z,73992584,2026-09-05T15:00:00Z,Bet365,"WTA - US Open, New York, USA","Potapova, Anastasia","Anisimova, Amanda",Team Total (Games) Home,1,hdp=7.5
2026-09-04T12:47:10Z,73992584,2026-09-05T15:00:00Z,Bet365,"WTA - US Open, New York, USA","Potapova, Anastasia","Anisimova, Amanda",Totals 1st Set,6,hdp=6.5 | hdp=7.5 | hdp=8.5 | hdp=9.5 | hdp=10.5 | hdp=12.5
2026-09-04T12:47:10Z,73992584,2026-09-05T15:00:00Z,Bet365,"WTA - US Open, New York, USA","Potapova, Anastasia","Anisimova, Amanda",Totals (Games),1,hdp=19.5
2026-09-04T12:47:10Z,73992584,2026-09-05T15:00:00Z,Bet365,"WTA - US Open, New York, USA","Potapova, Anastasia","Anisimova, Amanda",Set Betting,4,label=2-0 (1) | label=2-1 (1) | label=2-0 (2) | label=2-1 (2)
2026-09-04T12:47:10Z,73992584,2026-09-05T15:00:00Z,Bet365,"WTA - US Open, New York, USA","Potapova, Anastasia","Anisimova, Amanda",Spread (Games),1,hdp=5.5
2026-09-04T12:47:10Z,73992596,2026-09-05T15:00:00Z,Bet365,"WTA - US Open, New York, USA","Starodubtseva, Yuliia","Rybakina, Elena",ML,1,"{'home': '8.00', 'away': '1.08'}"
2026-09-04T12:47:10Z,73992596,2026-09-05T15:00:00Z,Bet365,"WTA - US Open, New York, USA","Starodubtseva, Yuliia","Rybakina, Elena",Set Betting,4,label=2-0 (1) | label=2-1 (1) | label=2-0 (2) | label=2-1 (2)
2026-09-04T12:47:10Z,73992596,2026-09-05T15:00:00Z,Bet365,"WTA - US Open, New York, USA","Starodubtseva, Yuliia","Rybakina, Elena",Spread (Games),1,hdp=5.5
2026-09-04T12:47:10Z,73992596,2026-09-05T15:00:00Z,Bet365,"WTA - US Open, New York, USA","Starodubtseva, Yuliia","Rybakina, Elena",Team Total (Games) Away,1,hdp=12.5
2026-09-04T12:47:10Z,73992596,2026-09-05T15:00:00Z,Bet365,"WTA - US Open, New York, USA","Starodubtseva, Yuliia","Rybakina, Elena",Team Total (Games) Home,1,hdp=6.5
2026-09-04T12:47:10Z,73992596,2026-09-05T15:00:00Z,Bet365,"WTA - US Open, New York, USA","Starodubtseva, Yuliia","Rybakina, Elena",Totals 1st Set,6,hdp=6.5 | hdp=7.5 | hdp=8.5 | hdp=9.5 | hdp=10.5 | hdp=12.5
2026-09-04T12:47:10Z,73992596,2026-09-05T15:00:00Z,Bet365,"WTA - US Open, New York, USA","Starodubtseva, Yuliia","Rybakina, Elena",Totals (Games),1,hdp=18.5
2026-09-04T12:47:10Z,73992368,2026-09-05T15:00:00Z,Bet365,"ATP - US Open, New York, USA","Darderi, Luciano","Sweeny, Dane",ML,1,"{'home': '1.25', 'away': '4.00'}"
2026-09-04T12:47:10Z,73992368,2026-09-05T15:00:00Z,Bet365,"ATP - US Open, New York, USA","Darderi, Luciano","Sweeny, Dane",Team Total (Aces) Home,8,hdp=0.5 | hdp=2.5 | hdp=4.5 | hdp=9.5 | hdp=14.5 | hdp=19.5
2026-09-04T12:47:10Z,73992368,2026-09-05T15:00:00Z,Bet365,"ATP - US Open, New York, USA","Darderi, Luciano","Sweeny, Dane",Totals (Games),1,hdp=35.5
2026-09-04T12:47:10Z,73992368,2026-09-05T15:00:00Z,Bet365,"ATP - US Open, New York, USA","Darderi, Luciano","Sweeny, Dane",Totals (Aces),8,hdp=4.5 | hdp=9.5 | hdp=14.5 | hdp=19.5 | hdp=24.5 | hdp=29.5
2026-09-04T12:47:10Z,73992368,2026-09-05T15:00:00Z,Bet365,"ATP - US Open, New York, USA","Darderi, Luciano","Sweeny, Dane",Spread (Games),1,hdp=-6.5
2026-09-04T12:47:10Z,73992368,2026-09-05T15:00:00Z,Bet365,"ATP - US Open, New York, USA","Darderi, Luciano","Sweeny, Dane",Team Total (Aces) Away,8,hdp=0.5 | hdp=2.5 | hdp=4.5 | hdp=9.5 | hdp=14.5 | hdp=19.5
2026-09-04T12:47:10Z,73992368,2026-09-05T15:00:00Z,Bet365,"ATP - US Open, New York, USA","Darderi, Luciano","Sweeny, Dane",Totals 1st Set,6,hdp=6.5 | hdp=7.5 | hdp=9.5 | hdp=10.5 | hdp=8.5 | hdp=12.5
2026-09-04T12:47:10Z,73992368,2026-09-05T15:00:00Z,Bet365,"ATP - US Open, New York, USA","Darderi, Luciano","Sweeny, Dane",Team Total (Double Faults) Away,9,hdp=1.5 | hdp=2.5 | hdp=4.5 | hdp=19.5 | hdp=0.5 | hdp=7.5
2026-09-04T12:47:10Z,73992368,2026-09-05T15:00:00Z,Bet365,"ATP - US Open, New York, USA","Darderi, Luciano","Sweeny, Dane",Team Total (Double Faults) Home,8,hdp=14.5 | hdp=0.5 | hdp=1.5 | hdp=2.5 | hdp=4.5 | hdp=7.5
2026-09-04T12:47:10Z,73992368,2026-09-05T15:00:00Z,Bet365,"ATP - US Open, New York, USA","Darderi, Luciano","Sweeny, Dane",Team Total (Games) Away,1,hdp=16.5
2026-09-04T12:47:10Z,73992368,2026-09-05T15:00:00Z,Bet365,"ATP - US Open, New York, USA","Darderi, Luciano","Sweeny, Dane",Totals (Double Faults),8,hdp=2.5 | hdp=4.5 | hdp=7.5 | hdp=9.5 | hdp=11.5 | hdp=14.5
2026-09-04T12:47:10Z,73992368,2026-09-05T15:00:00Z,Bet365,"ATP - US Open, New York, USA","Darderi, Luciano","Sweeny, Dane",Set Betting,6,label=3-0 (1) | label=3-1 (1) | label=3-2 (1) | label=3-0 (2) | label=3-1 (2) | label=3-2 (2)
2026-09-04T12:47:10Z,73992368,2026-09-05T15:00:00Z,Bet365,"ATP - US Open, New York, USA","Darderi, Luciano","Sweeny, Dane",Team Total (Games) Home,1,hdp=19.5
2026-09-04T12:47:10Z,73992570,2026-09-05T15:00:00Z,Bet365,"WTA - US Open, New York, USA","Jovic, Iva","Eala, Alexandra",ML,1,"{'home': '1.72', 'away': '2.10'}"
2026-09-04T12:47:10Z,73992570,2026-09-05T15:00:00Z,Bet365,"WTA - US Open, New York, USA","Jovic, Iva","Eala, Alexandra",Totals (Games),1,hdp=22.5
2026-09-04T12:47:10Z,73992570,2026-09-05T15:00:00Z,Bet365,"WTA - US Open, New York, USA","Jovic, Iva","Eala, Alexandra",Set Betting,4,label=2-0 (1) | label=2-1 (1) | label=2-0 (2) | label=2-1 (2)
2026-09-04T12:47:10Z,73992570,2026-09-05T15:00:00Z,Bet365,"WTA - US Open, New York, USA","Jovic, Iva","Eala, Alexandra",Spread (Games),1,hdp=-1.5
2026-09-04T12:47:10Z,73992570,2026-09-05T15:00:00Z,Bet365,"WTA - US Open, New York, USA","Jovic, Iva","Eala, Alexandra",Team Total (Double Faults) Away,7,hdp=0.5 | hdp=1.5 | hdp=2.5 | hdp=4.5 | hdp=7.5 | hdp=9.5
2026-09-04T12:47:10Z,73992570,2026-09-05T15:00:00Z,Bet365,"WTA - US Open, New York, USA","Jovic, Iva","Eala, Alexandra",Team Total (Double Faults) Home,6,hdp=0.5 | hdp=1.5 | hdp=2.5 | hdp=4.5 | hdp=7.5 | hdp=9.5
2026-09-04T12:47:10Z,73992570,2026-09-05T15:00:00Z,Bet365,"WTA - US Open, New York, USA","Jovic, Iva","Eala, Alexandra",Team Total (Games) Away,1,hdp=12.5
2026-09-04T12:47:10Z,73992570,2026-09-05T15:00:00Z,Bet365,"WTA - US Open, New York, USA","Jovic, Iva","Eala, Alexandra",Team Total (Games) Home,1,hdp=12.5
2026-09-04T12:47:10Z,73992570,2026-09-05T15:00:00Z,Bet365,"WTA - US Open, New York, USA","Jovic, Iva","Eala, Alexandra",Totals 1st Set,6,hdp=6.5 | hdp=7.5 | hdp=8.5 | hdp=9.5 | hdp=10.5 | hdp=12.5
2026-09-04T12:47:10Z,73992570,2026-09-05T15:00:00Z,Bet365,"WTA - US Open, New York, USA","Jovic, Iva","Eala, Alexandra",Totals (Double Faults),9,hdp=0.5 | hdp=1.5 | hdp=2.5 | hdp=4.5 | hdp=7.5 | hdp=9.5
2026-09-04T12:47:10Z,73992574,2026-09-05T15:00:00Z,Bet365,"WTA - US Open, New York, USA","Swiatek, Iga","Bouzkova, Marie",ML,1,"{'home': '1.14', 'away': '5.50'}"
2026-09-04T12:47:10Z,73992574,2026-09-05T15:00:00Z,Bet365,"WTA - US Open, New York, USA","Swiatek, Iga","Bouzkova, Marie",Totals (Aces),6,hdp=0.5 | hdp=2.5 | hdp=4.5 | hdp=9.5 | hdp=14.5 | hdp=19.5
2026-09-04T12:47:10Z,73992574,2026-09-05T15:00:00Z,Bet365,"WTA - US Open, New York, USA","Swiatek, Iga","Bouzkova, Marie",Totals (Games),1,hdp=19.5
2026-09-04T12:47:10Z,73992574,2026-09-05T15:00:00Z,Bet365,"WTA - US Open, New York, USA","Swiatek, Iga","Bouzkova, Marie",Team Total (Games) Away,1,hdp=7.5
2026-09-04T12:47:10Z,73992574,2026-09-05T15:00:00Z,Bet365,"WTA - US Open, New York, USA","Swiatek, Iga","Bouzkova, Marie",Team Total (Games) Home,1,hdp=12.5
2026-09-04T12:47:10Z,73992574,2026-09-05T15:00:00Z,Bet365,"WTA - US Open, New York, USA","Swiatek, Iga","Bouzkova, Marie",Totals 1st Set,6,hdp=6.5 | hdp=7.5 | hdp=8.5 | hdp=9.5 | hdp=10.5 | hdp=12.5
2026-09-04T12:47:10Z,73992574,2026-09-05T15:00:00Z,Bet365,"WTA - US Open, New York, USA","Swiatek, Iga","Bouzkova, Marie",Set Betting,4,label=2-0 (1) | label=2-1 (1) | label=2-0 (2) | label=2-1 (2)
2026-09-04T12:47:10Z,73992574,2026-09-05T15:00:00Z,Bet365,"WTA - US Open, New York, USA","Swiatek, Iga","Bouzkova, Marie",Spread (Games),1,hdp=-5.5
2026-09-04T12:47:10Z,73992574,2026-09-05T15:00:00Z,Bet365,"WTA - US Open, New York, USA","Swiatek, Iga","Bouzkova, Marie",Team Total (Aces) Away,4,hdp=0.5 | hdp=2.5 | hdp=4.5 | hdp=9.5
2026-09-04T12:47:10Z,73992574,2026-09-05T15:00:00Z,Bet365,"WTA - US Open, New York, USA","Swiatek, Iga","Bouzkova, Marie",Team Total (Aces) Home,4,hdp=0.5 | hdp=2.5 | hdp=4.5 | hdp=9.5
2026-09-04T12:47:10Z,73992582,2026-09-05T15:00:00Z,Bet365,"WTA - US Open, New York, USA","Andreeva, Mirra","Bartunkova, Nikola",ML,1,"{'home': '1.22', 'away': '4.33'}"
2026-09-04T12:47:10Z,73992582,2026-09-05T15:00:00Z,Bet365,"WTA - US Open, New York, USA","Andreeva, Mirra","Bartunkova, Nikola",Totals (Games),1,hdp=20.5
2026-09-04T12:47:10Z,73992582,2026-09-05T15:00:00Z,Bet365,"WTA - US Open, New York, USA","Andreeva, Mirra","Bartunkova, Nikola",Set Betting,4,label=2-0 (1) | label=2-1 (1) | label=2-0 (2) | label=2-1 (2)
2026-09-04T12:47:10Z,73992582,2026-09-05T15:00:00Z,Bet365,"WTA - US Open, New York, USA","Andreeva, Mirra","Bartunkova, Nikola",Team Total (Double Faults) Home,8,hdp=2.5 | hdp=4.5 | hdp=9.5 | hdp=11.5 | hdp=14.5 | hdp=0.5
2026-09-04T12:47:10Z,73992582,2026-09-05T15:00:00Z,Bet365,"WTA - US Open, New York, USA","Andreeva, Mirra","Bartunkova, Nikola",Team Total (Games) Home,1,hdp=12.5
2026-09-04T12:47:10Z,73992582,2026-09-05T15:00:00Z,Bet365,"WTA - US Open, New York, USA","Andreeva, Mirra","Bartunkova, Nikola",Totals 1st Set,6,hdp=9.5 | hdp=6.5 | hdp=7.5 | hdp=10.5 | hdp=12.5 | hdp=8.5
2026-09-04T12:47:10Z,73992582,2026-09-05T15:00:00Z,Bet365,"WTA - US Open, New York, USA","Andreeva, Mirra","Bartunkova, Nikola",Totals (Double Faults),9,hdp=1.5 | hdp=2.5 | hdp=4.5 | hdp=11.5 | hdp=14.5 | hdp=19.5
2026-09-04T12:47:10Z,73992582,2026-09-05T15:00:00Z,Bet365,"WTA - US Open, New York, USA","Andreeva, Mirra","Bartunkova, Nikola",Spread (Games),1,hdp=-4.5
2026-09-04T12:47:10Z,73992582,2026-09-05T15:00:00Z,Bet365,"WTA - US Open, New York, USA","Andreeva, Mirra","Bartunkova, Nikola",Team Total (Double Faults) Away,8,hdp=0.5 | hdp=2.5 | hdp=4.5 | hdp=7.5 | hdp=9.5 | hdp=11.5
2026-09-04T12:47:10Z,73992582,2026-09-05T15:00:00Z,Bet365,"WTA - US Open, New York, USA","Andreeva, Mirra","Bartunkova, Nikola",Team Total (Games) Away,1,hdp=9.5
2026-09-04T12:47:10Z,73992594,2026-09-05T15:00:00Z,Bet365,"WTA - US Open, New York, USA","Osaka, Naomi","Mertens, Elise",ML,1,"{'home': '1.36', 'away': '3.20'}"
2026-09-04T12:47:10Z,73992594,2026-09-05T15:00:00Z,Bet365,"WTA - US Open, New York, USA","Osaka, Naomi","Mertens, Elise",Team Total (Double Faults) Away,9,hdp=0.5 | hdp=1.5 | hdp=2.5 | hdp=4.5 | hdp=7.5 | hdp=14.5
2026-09-04T12:47:10Z,73992594,2026-09-05T15:00:00Z,Bet365,"WTA - US Open, New York, USA","Osaka, Naomi","Mertens, Elise",Totals 1st Set,6,hdp=9.5 | hdp=6.5 | hdp=8.5 | hdp=10.5 | hdp=12.5 | hdp=7.5
2026-09-04T12:47:10Z,73992594,2026-09-05T15:00:00Z,Bet365,"WTA - US Open, New York, USA","Osaka, Naomi","Mertens, Elise",Totals (Aces),8,hdp=9.5 | hdp=14.5 | hdp=19.5 | hdp=2.5 | hdp=4.5 | hdp=39.5
2026-09-04T12:47:10Z,73992594,2026-09-05T15:00:00Z,Bet365,"WTA - US Open, New York, USA","Osaka, Naomi","Mertens, Elise",Team Total (Aces) Away,6,hdp=4.5 | hdp=0.5 | hdp=2.5 | hdp=14.5 | hdp=19.5 | hdp=9.5
2026-09-04T12:47:10Z,73992594,2026-09-05T15:00:00Z,Bet365,"WTA - US Open, New York, USA","Osaka, Naomi","Mertens, Elise",Team Total (Aces) Home,7,hdp=19.5 | hdp=24.5 | hdp=0.5 | hdp=2.5 | hdp=4.5 | hdp=9.5
2026-09-04T12:47:10Z,73992594,2026-09-05T15:00:00Z,Bet365,"WTA - US Open, New York, USA","Osaka, Naomi","Mertens, Elise",Team Total (Games) Away,1,hdp=10.5
2026-09-04T12:47:10Z,73992594,2026-09-05T15:00:00Z,Bet365,"WTA - US Open, New York, USA","Osaka, Naomi","Mertens, Elise",Team Total (Double Faults) Home,7,hdp=0.5 | hdp=4.5 | hdp=7.5 | hdp=9.5 | hdp=11.5 | hdp=1.5
2026-09-04T12:47:10Z,73992594,2026-09-05T15:00:00Z,Bet365,"WTA - US Open, New York, USA","Osaka, Naomi","Mertens, Elise",Totals (Double Faults),8,hdp=2.5 | hdp=4.5 | hdp=7.5 | hdp=9.5 | hdp=11.5 | hdp=14.5
2026-09-04T12:47:10Z,73992594,2026-09-05T15:00:00Z,Bet365,"WTA - US Open, New York, USA","Osaka, Naomi","Mertens, Elise",Totals (Games),1,hdp=21.5
2026-09-04T12:47:10Z,73992594,2026-09-05T15:00:00Z,Bet365,"WTA - US Open, New York, USA","Osaka, Naomi","Mertens, Elise",Team Total (Games) Home,1,hdp=12.5
2026-09-04T12:47:10Z,73992594,2026-09-05T15:00:00Z,Bet365,"WTA - US Open, New York, USA","Osaka, Naomi","Mertens, Elise",Set Betting,4,label=2-0 (1) | label=2-1 (1) | label=2-0 (2) | label=2-1 (2)
2026-09-04T12:47:10Z,73992594,2026-09-05T15:00:00Z,Bet365,"WTA - US Open, New York, USA","Osaka, Naomi","Mertens, Elise",Spread (Games),1,hdp=-4.5
2026-09-04T12:47:10Z,73992366,2026-09-05T15:00:00Z,Bet365,"ATP - US Open, New York, USA","Zverev, Alexander","Tabilo, Alejandro",ML,1,"{'home': '1.16', 'away': '5.00'}"
2026-09-04T12:47:10Z,73992366,2026-09-05T15:00:00Z,Bet365,"ATP - US Open, New York, USA","Zverev, Alexander","Tabilo, Alejandro",Set Betting,6,label=3-0 (1) | label=3-1 (1) | label=3-2 (1) | label=3-0 (2) | label=3-1 (2) | label=3-2 (2)
2026-09-04T12:47:10Z,73992366,2026-09-05T15:00:00Z,Bet365,"ATP - US Open, New York, USA","Zverev, Alexander","Tabilo, Alejandro",Spread (Games),1,hdp=-5.5
2026-09-04T12:47:10Z,73992366,2026-09-05T15:00:00Z,Bet365,"ATP - US Open, New York, USA","Zverev, Alexander","Tabilo, Alejandro",Team Total (Double Faults) Home,7,hdp=0.5 | hdp=1.5 | hdp=2.5 | hdp=4.5 | hdp=7.5 | hdp=9.5
2026-09-04T12:47:10Z,73992366,2026-09-05T15:00:00Z,Bet365,"ATP - US Open, New York, USA","Zverev, Alexander","Tabilo, Alejandro",Team Total (Games) Away,1,hdp=15.5
2026-09-04T12:47:10Z,73992366,2026-09-05T15:00:00Z,Bet365,"ATP - US Open, New York, USA","Zverev, Alexander","Tabilo, Alejandro",Team Total (Games) Home,1,hdp=20.5
2026-09-04T12:47:10Z,73992366,2026-09-05T15:00:00Z,Bet365,"ATP - US Open, New York, USA","Zverev, Alexander","Tabilo, Alejandro",Team Total (Double Faults) Away,8,hdp=0.5 | hdp=1.5 | hdp=2.5 | hdp=4.5 | hdp=7.5 | hdp=9.5
2026-09-04T12:47:10Z,73992366,2026-09-05T15:00:00Z,Bet365,"ATP - US Open, New York, USA","Zverev, Alexander","Tabilo, Alejandro",Totals 1st Set,6,hdp=6.5 | hdp=7.5 | hdp=8.5 | hdp=9.5 | hdp=10.5 | hdp=12.5
2026-09-04T12:47:10Z,73992366,2026-09-05T15:00:00Z,Bet365,"ATP - US Open, New York, USA","Zverev, Alexander","Tabilo, Alejandro",Totals (Double Faults),8,hdp=1.5 | hdp=2.5 | hdp=4.5 | hdp=7.5 | hdp=9.5 | hdp=11.5
2026-09-04T12:47:10Z,73992366,2026-09-05T15:00:00Z,Bet365,"ATP - US Open, New York, USA","Zverev, Alexander","Tabilo, Alejandro",Totals (Games),1,hdp=36.5
2026-09-04T12:47:10Z,73992372,2026-09-05T15:00:00Z,Bet365,"ATP - US Open, New York, USA","Bergs, Zizou","Van de Zandschulp, Botic",ML,1,"{'home': '2.75', 'away': '1.44'}"
2026-09-04T12:47:10Z,73992372,2026-09-05T15:00:00Z,Bet365,"ATP - US Open, New York, USA","Bergs, Zizou","Van de Zandschulp, Botic",Totals (Aces),8,hdp=4.5 | hdp=9.5 | hdp=14.5 | hdp=19.5 | hdp=24.5 | hdp=29.5
2026-09-04T12:47:10Z,73992372,2026-09-05T15:00:00Z,Bet365,"ATP - US Open, New York, USA","Bergs, Zizou","Van de Zandschulp, Botic",Totals 1st Set,6,hdp=6.5 | hdp=7.5 | hdp=8.5 | hdp=9.5 | hdp=10.5 | hdp=12.5
2026-09-04T12:47:10Z,73992372,2026-09-05T15:00:00Z,Bet365,"ATP - US Open, New York, USA","Bergs, Zizou","Van de Zandschulp, Botic",Team Total (Games) Home,1,hdp=19.5
2026-09-04T12:47:10Z,73992372,2026-09-05T15:00:00Z,Bet365,"ATP - US Open, New York, USA","Bergs, Zizou","Van de Zandschulp, Botic",Set Betting,6,label=3-0 (1) | label=3-1 (1) | label=3-2 (1) | label=3-0 (2) | label=3-1 (2) | label=3-2 (2)
2026-09-04T12:47:10Z,73992372,2026-09-05T15:00:00Z,Bet365,"ATP - US Open, New York, USA","Bergs, Zizou","Van de Zandschulp, Botic",Team Total (Games) Away,1,hdp=20.5
2026-09-04T12:47:10Z,73992372,2026-09-05T15:00:00Z,Bet365,"ATP - US Open, New York, USA","Bergs, Zizou","Van de Zandschulp, Botic",Team Total (Double Faults) Home,9,hdp=1.5 | hdp=2.5 | hdp=4.5 | hdp=7.5 | hdp=9.5 | hdp=11.5
2026-09-04T12:47:10Z,73992372,2026-09-05T15:00:00Z,Bet365,"ATP - US Open, New York, USA","Bergs, Zizou","Van de Zandschulp, Botic",Totals (Double Faults),6,hdp=7.5 | hdp=9.5 | hdp=11.5 | hdp=14.5 | hdp=19.5 | hdp=24.5
2026-09-04T12:47:10Z,73992372,2026-09-05T15:00:00Z,Bet365,"ATP - US Open, New York, USA","Bergs, Zizou","Van de Zandschulp, Botic",Totals (Games),1,hdp=39.5
2026-09-04T12:47:10Z,73992372,2026-09-05T15:00:00Z,Bet365,"ATP - US Open, New York, USA","Bergs, Zizou","Van de Zandschulp, Botic",Spread (Games),1,hdp=3.5
2026-09-04T12:47:10Z,73992372,2026-09-05T15:00:00Z,Bet365,"ATP - US Open, New York, USA","Bergs, Zizou","Van de Zandschulp, Botic",Team Total (Aces) Away,9,hdp=0.5 | hdp=2.5 | hdp=4.5 | hdp=9.5 | hdp=14.5 | hdp=19.5
2026-09-04T12:47:10Z,73992372,2026-09-05T15:00:00Z,Bet365,"ATP - US Open, New York, USA","Bergs, Zizou","Van de Zandschulp, Botic",Team Total (Aces) Home,9,hdp=0.5 | hdp=2.5 | hdp=4.5 | hdp=9.5 | hdp=14.5 | hdp=19.5
2026-09-04T12:47:10Z,73992372,2026-09-05T15:00:00Z,Bet365,"ATP - US Open, New York, USA","Bergs, Zizou","Van de Zandschulp, Botic",Team Total (Double Faults) Away,10,hdp=0.5 | hdp=1.5 | hdp=2.5 | hdp=4.5 | hdp=7.5 | hdp=9.5
2026-09-04T12:47:10Z,73992370,2026-09-05T15:00:00Z,Bet365,"ATP - US Open, New York, USA","Zheng, Michael","Gea, Arthur",ML,1,"{'home': '1.66', 'away': '2.20'}"
2026-09-04T12:47:10Z,73992370,2026-09-05T15:00:00Z,Bet365,"ATP - US Open, New York, USA","Zheng, Michael","Gea, Arthur",Set Betting,6,label=3-0 (1) | label=3-1 (1) | label=3-2 (1) | label=3-0 (2) | label=3-1 (2) | label=3-2 (2)
2026-09-04T12:47:10Z,73992370,2026-09-05T15:00:00Z,Bet365,"ATP - US Open, New York, USA","Zheng, Michael","Gea, Arthur",Team Total (Double Faults) Home,8,hdp=0.5 | hdp=1.5 | hdp=2.5 | hdp=4.5 | hdp=7.5 | hdp=9.5
2026-09-04T12:47:10Z,73992370,2026-09-05T15:00:00Z,Bet365,"ATP - US Open, New York, USA","Zheng, Michael","Gea, Arthur",Team Total (Games) Away,1,hdp=19.5
2026-09-04T12:47:10Z,73992370,2026-09-05T15:00:00Z,Bet365,"ATP - US Open, New York, USA","Zheng, Michael","Gea, Arthur",Totals (Games),1,hdp=37.5
2026-09-04T12:47:10Z,73992370,2026-09-05T15:00:00Z,Bet365,"ATP - US Open, New York, USA","Zheng, Michael","Gea, Arthur",Team Total (Double Faults) Away,9,hdp=0.5 | hdp=1.5 | hdp=2.5 | hdp=4.5 | hdp=7.5 | hdp=9.5
2026-09-04T12:47:10Z,73992370,2026-09-05T15:00:00Z,Bet365,"ATP - US Open, New York, USA","Zheng, Michael","Gea, Arthur",Team Total (Aces) Away,7,hdp=0.5 | hdp=24.5 | hdp=2.5 | hdp=4.5 | hdp=9.5 | hdp=14.5
2026-09-04T12:47:10Z,73992370,2026-09-05T15:00:00Z,Bet365,"ATP - US Open, New York, USA","Zheng, Michael","Gea, Arthur",Spread (Games),1,hdp=-2.5
2026-09-04T12:47:10Z,73992370,2026-09-05T15:00:00Z,Bet365,"ATP - US Open, New York, USA","Zheng, Michael","Gea, Arthur",Team Total (Aces) Home,7,hdp=0.5 | hdp=24.5 | hdp=2.5 | hdp=4.5 | hdp=9.5 | hdp=14.5
2026-09-04T12:47:10Z,73992370,2026-09-05T15:00:00Z,Bet365,"ATP - US Open, New York, USA","Zheng, Michael","Gea, Arthur",Team Total (Games) Home,1,hdp=19.5
2026-09-04T12:47:10Z,73992370,2026-09-05T15:00:00Z,Bet365,"ATP - US Open, New York, USA","Zheng, Michael","Gea, Arthur",Totals 1st Set,6,hdp=6.5 | hdp=12.5 | hdp=7.5 | hdp=8.5 | hdp=9.5 | hdp=10.5
2026-09-04T12:47:10Z,73992370,2026-09-05T15:00:00Z,Bet365,"ATP - US Open, New York, USA","Zheng, Michael","Gea, Arthur",Totals (Aces),8,hdp=2.5 | hdp=4.5 | hdp=39.5 | hdp=9.5 | hdp=14.5 | hdp=19.5
2026-09-04T12:47:10Z,73992370,2026-09-05T15:00:00Z,Bet365,"ATP - US Open, New York, USA","Zheng, Michael","Gea, Arthur",Totals (Double Faults),8,hdp=2.5 | hdp=4.5 | hdp=7.5 | hdp=9.5 | hdp=11.5 | hdp=14.5
2026-09-04T12:47:10Z,73992460,2026-09-06T15:00:00Z,Bet365,"ATP - US Open, New York, USA",R16P1,R16P2,<NO_BET365_MARKETS_RETURNED>,0,
2026-09-04T12:47:10Z,73992462,2026-09-06T15:00:00Z,Bet365,"ATP - US Open, New York, USA",R16P3,R16P4,<NO_BET365_MARKETS_RETURNED>,0,
2026-09-04T12:47:10Z,73992464,2026-09-06T15:00:00Z,Bet365,"ATP - US Open, New York, USA",R16P5,R16P6,<NO_BET365_MARKETS_RETURNED>,0,
2026-09-04T12:47:10Z,73992466,2026-09-06T15:00:00Z,Bet365,"ATP - US Open, New York, USA",R16P7,R16P8,<NO_BET365_MARKETS_RETURNED>,0,
2026-09-04T12:47:10Z,73992548,2026-09-06T15:00:00Z,Bet365,"WTA - US Open, New York, USA",R16P13,R16P14,<NO_BET365_MARKETS_RETURNED>,0,
2026-09-04T12:47:10Z,73992550,2026-09-06T15:00:00Z,Bet365,"WTA - US Open, New York, USA",R16P15,R16P16,<NO_BET365_MARKETS_RETURNED>,0,
2026-09-04T12:47:10Z,73992586,2026-09-06T15:00:00Z,Bet365,"WTA - US Open, New York, USA",R16P5,R16P6,<NO_BET365_MARKETS_RETURNED>,0,
2026-09-04T12:47:10Z,73992588,2026-09-06T15:00:00Z,Bet365,"WTA - US Open, New York, USA",R16P7,R16P8,<NO_BET365_MARKETS_RETURNED>,0,
2026-09-04T12:47:10Z,73992590,2026-09-06T15:00:00Z,Bet365,"WTA - US Open, New York, USA",R16P9,R16P10,<NO_BET365_MARKETS_RETURNED>,0,
2026-09-04T12:47:10Z,73992592,2026-09-06T15:00:00Z,Bet365,"WTA - US Open, New York, USA",R16P11,R16P12,<NO_BET365_MARKETS_RETURNED>,0,
2026-09-04T12:47:10Z,73992598,2026-09-06T15:00:00Z,Bet365,"WTA - US Open, New York, USA",R16P1,R16P2,<NO_BET365_MARKETS_RETURNED>,0,
2026-09-04T12:47:10Z,73992600,2026-09-06T15:00:00Z,Bet365,"WTA - US Open, New York, USA",R16P3,R16P4,<NO_BET365_MARKETS_RETURNED>,0,
2026-09-04T12:47:10Z,73992422,2026-09-06T15:00:00Z,Bet365,"ATP - US Open, New York, USA",R16P9,R16P10,<NO_BET365_MARKETS_RETURNED>,0,
2026-09-04T12:47:10Z,73992424,2026-09-06T15:00:00Z,Bet365,"ATP - US Open, New York, USA",R16P11,R16P12,<NO_BET365_MARKETS_RETURNED>,0,
2026-09-04T12:47:10Z,73992426,2026-09-06T15:00:00Z,Bet365,"ATP - US Open, New York, USA",R16P13,R16P14,<NO_BET365_MARKETS_RETURNED>,0,
2026-09-04T12:47:10Z,73992428,2026-09-06T15:00:00Z,Bet365,"ATP - US Open, New York, USA",R16P15,R16P16,<NO_BET365_MARKETS_RETURNED>,0,
