event_id,date,tour,tournament,bookmaker,player,opponent,market,line,over_odds,under_odds,capture_ts,match_start_utc,raw_market_name,raw_outcome_count,raw_label_sample
75094648,2026-09-30,ATP,Tokyo,Bet365,Alexander Blockx,Valentin Vacherot,double_faults,0.5,1.1200,,2026-09-29T20:02:51Z,2026-09-30T02:00:00Z,Team Total (Double Faults) Away,5,"{'hdp': 0.5, 'over': '1.12'}"
75094648,2026-09-30,ATP,Tokyo,Bet365,Alexander Blockx,Valentin Vacherot,double_faults,1.5,1.5300,,2026-09-29T20:02:51Z,2026-09-30T02:00:00Z,Team Total (Double Faults) Away,5,"{'hdp': 1.5, 'over': '1.53'}"
75094648,2026-09-30,ATP,Tokyo,Bet365,Alexander Blockx,Valentin Vacherot,double_faults,2.5,2.5000,,2026-09-29T20:02:51Z,2026-09-30T02:00:00Z,Team Total (Double Faults) Away,5,"{'hdp': 2.5, 'over': '2.50'}"
75094648,2026-09-30,ATP,Tokyo,Bet365,Alexander Blockx,Valentin Vacherot,double_faults,4.5,9.0000,,2026-09-29T20:02:51Z,2026-09-30T02:00:00Z,Team Total (Double Faults) Away,5,"{'hdp': 4.5, 'over': '9.00'}"
75094648,2026-09-30,ATP,Tokyo,Bet365,Alexander Blockx,Valentin Vacherot,double_faults,7.5,26.0000,,2026-09-29T20:02:51Z,2026-09-30T02:00:00Z,Team Total (Double Faults) Away,5,"{'hdp': 7.5, 'over': '26.00'}"
75094648,2026-09-30,ATP,Tokyo,Bet365,Valentin Vacherot,Alexander Blockx,match_double_faults,1.5,1.0200,,2026-09-29T20:02:51Z,2026-09-30T02:00:00Z,Totals (Double Faults),8,"{'hdp': 1.5, 'over': '1.02'}"
75094648,2026-09-30,ATP,Tokyo,Bet365,Valentin Vacherot,Alexander Blockx,match_double_faults,2.5,1.0800,,2026-09-29T20:02:51Z,2026-09-30T02:00:00Z,Totals (Double Faults),8,"{'hdp': 2.5, 'over': '1.08'}"
75094648,2026-09-30,ATP,Tokyo,Bet365,Valentin Vacherot,Alexander Blockx,match_double_faults,4.5,1.4400,,2026-09-29T20:02:51Z,2026-09-30T02:00:00Z,Totals (Double Faults),8,"{'hdp': 4.5, 'over': '1.44'}"
75094648,2026-09-30,ATP,Tokyo,Bet365,Valentin Vacherot,Alexander Blockx,match_double_faults,7.5,3.5000,,2026-09-29T20:02:51Z,2026-09-30T02:00:00Z,Totals (Double Faults),8,"{'hdp': 7.5, 'over': '3.50'}"
75094648,2026-09-30,ATP,Tokyo,Bet365,Valentin Vacherot,Alexander Blockx,match_double_faults,9.5,8.0000,,2026-09-29T20:02:51Z,2026-09-30T02:00:00Z,Totals (Double Faults),8,"{'hdp': 9.5, 'over': '8.00'}"
75094648,2026-09-30,ATP,Tokyo,Bet365,Valentin Vacherot,Alexander Blockx,match_double_faults,11.5,19.0000,,2026-09-29T20:02:51Z,2026-09-30T02:00:00Z,Totals (Double Faults),8,"{'hdp': 11.5, 'over': '19.00'}"
75094648,2026-09-30,ATP,Tokyo,Bet365,Valentin Vacherot,Alexander Blockx,match_double_faults,14.5,26.0000,,2026-09-29T20:02:51Z,2026-09-30T02:00:00Z,Totals (Double Faults),8,"{'hdp': 14.5, 'over': '26.00'}"
75094648,2026-09-30,ATP,Tokyo,Bet365,Valentin Vacherot,Alexander Blockx,double_faults,0.5,1.0200,,2026-09-29T20:02:51Z,2026-09-30T02:00:00Z,Team Total (Double Faults) Home,6,"{'hdp': 0.5, 'over': '1.02'}"
75094648,2026-09-30,ATP,Tokyo,Bet365,Valentin Vacherot,Alexander Blockx,double_faults,1.5,1.1400,,2026-09-29T20:02:51Z,2026-09-30T02:00:00Z,Team Total (Double Faults) Home,6,"{'hdp': 1.5, 'over': '1.14'}"
75094648,2026-09-30,ATP,Tokyo,Bet365,Valentin Vacherot,Alexander Blockx,double_faults,2.5,1.4400,,2026-09-29T20:02:51Z,2026-09-30T02:00:00Z,Team Total (Double Faults) Home,6,"{'hdp': 2.5, 'over': '1.44'}"
75094648,2026-09-30,ATP,Tokyo,Bet365,Valentin Vacherot,Alexander Blockx,double_faults,4.5,3.0000,,2026-09-29T20:02:51Z,2026-09-30T02:00:00Z,Team Total (Double Faults) Home,6,"{'hdp': 4.5, 'over': '3.00'}"
75094648,2026-09-30,ATP,Tokyo,Bet365,Valentin Vacherot,Alexander Blockx,double_faults,7.5,15.0000,,2026-09-29T20:02:51Z,2026-09-30T02:00:00Z,Team Total (Double Faults) Home,6,"{'hdp': 7.5, 'over': '15.00'}"
75094648,2026-09-30,ATP,Tokyo,Bet365,Valentin Vacherot,Alexander Blockx,double_faults,9.5,26.0000,,2026-09-29T20:02:51Z,2026-09-30T02:00:00Z,Team Total (Double Faults) Home,6,"{'hdp': 9.5, 'over': '26.00'}"
75094652,2026-09-30,ATP,Tokyo,Bet365,Jiri Lehecka,Zizou Bergs,match_aces,4.5,1.0100,,2026-09-29T20:02:51Z,2026-09-30T02:00:00Z,Totals (Aces),8,"{'hdp': 4.5, 'over': '1.01'}"
75094652,2026-09-30,ATP,Tokyo,Bet365,Jiri Lehecka,Zizou Bergs,match_aces,9.5,1.2000,,2026-09-29T20:02:51Z,2026-09-30T02:00:00Z,Totals (Aces),8,"{'hdp': 9.5, 'over': '1.20'}"
75094652,2026-09-30,ATP,Tokyo,Bet365,Jiri Lehecka,Zizou Bergs,match_aces,14.5,1.8000,,2026-09-29T20:02:51Z,2026-09-30T02:00:00Z,Totals (Aces),8,"{'hdp': 14.5, 'over': '1.80'}"
75094652,2026-09-30,ATP,Tokyo,Bet365,Jiri Lehecka,Zizou Bergs,match_aces,19.5,3.2500,,2026-09-29T20:02:51Z,2026-09-30T02:00:00Z,Totals (Aces),8,"{'hdp': 19.5, 'over': '3.25'}"
75094652,2026-09-30,ATP,Tokyo,Bet365,Jiri Lehecka,Zizou Bergs,match_aces,24.5,6.5000,,2026-09-29T20:02:51Z,2026-09-30T02:00:00Z,Totals (Aces),8,"{'hdp': 24.5, 'over': '6.50'}"
75094652,2026-09-30,ATP,Tokyo,Bet365,Jiri Lehecka,Zizou Bergs,match_aces,29.5,13.0000,,2026-09-29T20:02:51Z,2026-09-30T02:00:00Z,Totals (Aces),8,"{'hdp': 29.5, 'over': '13.00'}"
75094652,2026-09-30,ATP,Tokyo,Bet365,Jiri Lehecka,Zizou Bergs,match_aces,39.5,26.0000,,2026-09-29T20:02:51Z,2026-09-30T02:00:00Z,Totals (Aces),8,"{'hdp': 39.5, 'over': '26.00'}"
75094652,2026-09-30,ATP,Tokyo,Bet365,Zizou Bergs,Jiri Lehecka,aces,2.5,1.0700,,2026-09-29T20:02:51Z,2026-09-30T02:00:00Z,Team Total (Aces) Away,7,"{'hdp': 2.5, 'over': '1.07'}"
75094652,2026-09-30,ATP,Tokyo,Bet365,Zizou Bergs,Jiri Lehecka,aces,4.5,1.2800,,2026-09-29T20:02:51Z,2026-09-30T02:00:00Z,Team Total (Aces) Away,7,"{'hdp': 4.5, 'over': '1.28'}"
75094652,2026-09-30,ATP,Tokyo,Bet365,Zizou Bergs,Jiri Lehecka,aces,9.5,2.7500,,2026-09-29T20:02:51Z,2026-09-30T02:00:00Z,Team Total (Aces) Away,7,"{'hdp': 9.5, 'over': '2.75'}"
75094652,2026-09-30,ATP,Tokyo,Bet365,Zizou Bergs,Jiri Lehecka,aces,14.5,8.0000,,2026-09-29T20:02:51Z,2026-09-30T02:00:00Z,Team Total (Aces) Away,7,"{'hdp': 14.5, 'over': '8.00'}"
75094652,2026-09-30,ATP,Tokyo,Bet365,Zizou Bergs,Jiri Lehecka,aces,19.5,23.0000,,2026-09-29T20:02:51Z,2026-09-30T02:00:00Z,Team Total (Aces) Away,7,"{'hdp': 19.5, 'over': '23.00'}"
75094652,2026-09-30,ATP,Tokyo,Bet365,Zizou Bergs,Jiri Lehecka,aces,24.5,26.0000,,2026-09-29T20:02:51Z,2026-09-30T02:00:00Z,Team Total (Aces) Away,7,"{'hdp': 24.5, 'over': '26.00'}"
75094652,2026-09-30,ATP,Tokyo,Bet365,Jiri Lehecka,Zizou Bergs,aces,2.5,1.0600,,2026-09-29T20:02:51Z,2026-09-30T02:00:00Z,Team Total (Aces) Home,6,"{'hdp': 2.5, 'over': '1.06'}"
75094652,2026-09-30,ATP,Tokyo,Bet365,Jiri Lehecka,Zizou Bergs,aces,4.5,1.2500,,2026-09-29T20:02:51Z,2026-09-30T02:00:00Z,Team Total (Aces) Home,6,"{'hdp': 4.5, 'over': '1.25'}"
75094652,2026-09-30,ATP,Tokyo,Bet365,Jiri Lehecka,Zizou Bergs,aces,9.5,3.0000,,2026-09-29T20:02:51Z,2026-09-30T02:00:00Z,Team Total (Aces) Home,6,"{'hdp': 9.5, 'over': '3.00'}"
75094652,2026-09-30,ATP,Tokyo,Bet365,Jiri Lehecka,Zizou Bergs,aces,14.5,10.0000,,2026-09-29T20:02:51Z,2026-09-30T02:00:00Z,Team Total (Aces) Home,6,"{'hdp': 14.5, 'over': '10.00'}"
75094652,2026-09-30,ATP,Tokyo,Bet365,Jiri Lehecka,Zizou Bergs,aces,19.5,26.0000,,2026-09-29T20:02:51Z,2026-09-30T02:00:00Z,Team Total (Aces) Home,6,"{'hdp': 19.5, 'over': '26.00'}"
75104876,2026-09-30,WTA,Beijing,Bet365,Dayana Yastremska,Caty McNally,double_faults,1.5,1.0100,,2026-09-29T20:02:51Z,2026-09-30T03:00:00Z,Team Total (Double Faults) Away,8,"{'hdp': 1.5, 'over': '1.01'}"
75104876,2026-09-30,WTA,Beijing,Bet365,Dayana Yastremska,Caty McNally,double_faults,2.5,1.0700,,2026-09-29T20:02:51Z,2026-09-30T03:00:00Z,Team Total (Double Faults) Away,8,"{'hdp': 2.5, 'over': '1.07'}"
75104876,2026-09-30,WTA,Beijing,Bet365,Dayana Yastremska,Caty McNally,double_faults,4.5,1.3600,,2026-09-29T20:02:51Z,2026-09-30T03:00:00Z,Team Total (Double Faults) Away,8,"{'hdp': 4.5, 'over': '1.36'}"
75104876,2026-09-30,WTA,Beijing,Bet365,Dayana Yastremska,Caty McNally,double_faults,7.5,2.7500,,2026-09-29T20:02:51Z,2026-09-30T03:00:00Z,Team Total (Double Faults) Away,8,"{'hdp': 7.5, 'over': '2.75'}"
75104876,2026-09-30,WTA,Beijing,Bet365,Dayana Yastremska,Caty McNally,double_faults,9.5,5.5000,,2026-09-29T20:02:51Z,2026-09-30T03:00:00Z,Team Total (Double Faults) Away,8,"{'hdp': 9.5, 'over': '5.50'}"
75104876,2026-09-30,WTA,Beijing,Bet365,Dayana Yastremska,Caty McNally,double_faults,11.5,13.0000,,2026-09-29T20:02:51Z,2026-09-30T03:00:00Z,Team Total (Double Faults) Away,8,"{'hdp': 11.5, 'over': '13.00'}"
75104876,2026-09-30,WTA,Beijing,Bet365,Dayana Yastremska,Caty McNally,double_faults,14.5,26.0000,,2026-09-29T20:02:51Z,2026-09-30T03:00:00Z,Team Total (Double Faults) Away,8,"{'hdp': 14.5, 'over': '26.00'}"
75104876,2026-09-30,WTA,Beijing,Bet365,Caty McNally,Dayana Yastremska,double_faults,0.5,1.0100,,2026-09-29T20:02:51Z,2026-09-30T03:00:00Z,Team Total (Double Faults) Home,7,"{'hdp': 0.5, 'over': '1.01'}"
75104876,2026-09-30,WTA,Beijing,Bet365,Caty McNally,Dayana Yastremska,double_faults,1.5,1.1000,,2026-09-29T20:02:51Z,2026-09-30T03:00:00Z,Team Total (Double Faults) Home,7,"{'hdp': 1.5, 'over': '1.10'}"
75104876,2026-09-30,WTA,Beijing,Bet365,Caty McNally,Dayana Yastremska,double_faults,2.5,1.2800,,2026-09-29T20:02:51Z,2026-09-30T03:00:00Z,Team Total (Double Faults) Home,7,"{'hdp': 2.5, 'over': '1.28'}"
75104876,2026-09-30,WTA,Beijing,Bet365,Caty McNally,Dayana Yastremska,double_faults,4.5,2.1000,,2026-09-29T20:02:51Z,2026-09-30T03:00:00Z,Team Total (Double Faults) Home,7,"{'hdp': 4.5, 'over': '2.10'}"
75104876,2026-09-30,WTA,Beijing,Bet365,Caty McNally,Dayana Yastremska,double_faults,7.5,6.5000,,2026-09-29T20:02:51Z,2026-09-30T03:00:00Z,Team Total (Double Faults) Home,7,"{'hdp': 7.5, 'over': '6.50'}"
75104876,2026-09-30,WTA,Beijing,Bet365,Caty McNally,Dayana Yastremska,double_faults,9.5,17.0000,,2026-09-29T20:02:51Z,2026-09-30T03:00:00Z,Team Total (Double Faults) Home,7,"{'hdp': 9.5, 'over': '17.00'}"
75104876,2026-09-30,WTA,Beijing,Bet365,Caty McNally,Dayana Yastremska,double_faults,11.5,26.0000,,2026-09-29T20:02:51Z,2026-09-30T03:00:00Z,Team Total (Double Faults) Home,7,"{'hdp': 11.5, 'over': '26.00'}"
75104876,2026-09-30,WTA,Beijing,Bet365,Caty McNally,Dayana Yastremska,match_double_faults,4.5,1.0300,,2026-09-29T20:02:51Z,2026-09-30T03:00:00Z,Totals (Double Faults),9,"{'hdp': 4.5, 'over': '1.03'}"
75104876,2026-09-30,WTA,Beijing,Bet365,Caty McNally,Dayana Yastremska,match_double_faults,7.5,1.2500,,2026-09-29T20:02:51Z,2026-09-30T03:00:00Z,Totals (Double Faults),9,"{'hdp': 7.5, 'over': '1.25'}"
75104876,2026-09-30,WTA,Beijing,Bet365,Caty McNally,Dayana Yastremska,match_double_faults,9.5,1.6100,,2026-09-29T20:02:51Z,2026-09-30T03:00:00Z,Totals (Double Faults),9,"{'hdp': 9.5, 'over': '1.61'}"
75104876,2026-09-30,WTA,Beijing,Bet365,Caty McNally,Dayana Yastremska,match_double_faults,11.5,2.2500,,2026-09-29T20:02:51Z,2026-09-30T03:00:00Z,Totals (Double Faults),9,"{'hdp': 11.5, 'over': '2.25'}"
75104876,2026-09-30,WTA,Beijing,Bet365,Caty McNally,Dayana Yastremska,match_double_faults,14.5,4.5000,,2026-09-29T20:02:51Z,2026-09-30T03:00:00Z,Totals (Double Faults),9,"{'hdp': 14.5, 'over': '4.50'}"
75104876,2026-09-30,WTA,Beijing,Bet365,Caty McNally,Dayana Yastremska,match_double_faults,19.5,19.0000,,2026-09-29T20:02:51Z,2026-09-30T03:00:00Z,Totals (Double Faults),9,"{'hdp': 19.5, 'over': '19.00'}"
75104876,2026-09-30,WTA,Beijing,Bet365,Caty McNally,Dayana Yastremska,match_double_faults,24.5,26.0000,,2026-09-29T20:02:51Z,2026-09-30T03:00:00Z,Totals (Double Faults),9,"{'hdp': 24.5, 'over': '26.00'}"
75104880,2026-09-30,WTA,Beijing,Bet365,Maria Timofeeva,Darja Vidmanova,aces,0.5,1.0700,,2026-09-29T20:02:51Z,2026-09-30T03:00:00Z,Team Total (Aces) Away,4,"{'hdp': 0.5, 'over': '1.07'}"
75104880,2026-09-30,WTA,Beijing,Bet365,Maria Timofeeva,Darja Vidmanova,aces,2.5,1.8000,,2026-09-29T20:02:51Z,2026-09-30T03:00:00Z,Team Total (Aces) Away,4,"{'hdp': 2.5, 'over': '1.80'}"
75104880,2026-09-30,WTA,Beijing,Bet365,Maria Timofeeva,Darja Vidmanova,aces,4.5,4.3300,,2026-09-29T20:02:51Z,2026-09-30T03:00:00Z,Team Total (Aces) Away,4,"{'hdp': 4.5, 'over': '4.33'}"
75104880,2026-09-30,WTA,Beijing,Bet365,Maria Timofeeva,Darja Vidmanova,aces,9.5,26.0000,,2026-09-29T20:02:51Z,2026-09-30T03:00:00Z,Team Total (Aces) Away,4,"{'hdp': 9.5, 'over': '26.00'}"
75104880,2026-09-30,WTA,Beijing,Bet365,Darja Vidmanova,Maria Timofeeva,match_aces,2.5,1.0800,,2026-09-29T20:02:51Z,2026-09-30T03:00:00Z,Totals (Aces),6,"{'hdp': 2.5, 'over': '1.08'}"
75104880,2026-09-30,WTA,Beijing,Bet365,Darja Vidmanova,Maria Timofeeva,match_aces,4.5,1.3600,,2026-09-29T20:02:51Z,2026-09-30T03:00:00Z,Totals (Aces),6,"{'hdp': 4.5, 'over': '1.36'}"
75104880,2026-09-30,WTA,Beijing,Bet365,Darja Vidmanova,Maria Timofeeva,match_aces,9.5,4.3300,,2026-09-29T20:02:51Z,2026-09-30T03:00:00Z,Totals (Aces),6,"{'hdp': 9.5, 'over': '4.33'}"
75104880,2026-09-30,WTA,Beijing,Bet365,Darja Vidmanova,Maria Timofeeva,match_aces,14.5,21.0000,,2026-09-29T20:02:51Z,2026-09-30T03:00:00Z,Totals (Aces),6,"{'hdp': 14.5, 'over': '21.00'}"
75104880,2026-09-30,WTA,Beijing,Bet365,Darja Vidmanova,Maria Timofeeva,match_aces,19.5,26.0000,,2026-09-29T20:02:51Z,2026-09-30T03:00:00Z,Totals (Aces),6,"{'hdp': 19.5, 'over': '26.00'}"
75104880,2026-09-30,WTA,Beijing,Bet365,Darja Vidmanova,Maria Timofeeva,aces,0.5,1.0400,,2026-09-29T20:02:51Z,2026-09-30T03:00:00Z,Team Total (Aces) Home,5,"{'hdp': 0.5, 'over': '1.04'}"
75104880,2026-09-30,WTA,Beijing,Bet365,Darja Vidmanova,Maria Timofeeva,aces,2.5,1.5000,,2026-09-29T20:02:51Z,2026-09-30T03:00:00Z,Team Total (Aces) Home,5,"{'hdp': 2.5, 'over': '1.50'}"
75104880,2026-09-30,WTA,Beijing,Bet365,Darja Vidmanova,Maria Timofeeva,aces,4.5,2.7500,,2026-09-29T20:02:51Z,2026-09-30T03:00:00Z,Team Total (Aces) Home,5,"{'hdp': 4.5, 'over': '2.75'}"
75104880,2026-09-30,WTA,Beijing,Bet365,Darja Vidmanova,Maria Timofeeva,aces,9.5,21.0000,,2026-09-29T20:02:51Z,2026-09-30T03:00:00Z,Team Total (Aces) Home,5,"{'hdp': 9.5, 'over': '21.00'}"
75104880,2026-09-30,WTA,Beijing,Bet365,Darja Vidmanova,Maria Timofeeva,aces,14.5,26.0000,,2026-09-29T20:02:51Z,2026-09-30T03:00:00Z,Team Total (Aces) Home,5,"{'hdp': 14.5, 'over': '26.00'}"
75104892,2026-09-30,WTA,Beijing,Bet365,Elena-Gabriela Ruse,Lilli Tagger,aces,0.5,1.0200,,2026-09-29T20:02:51Z,2026-09-30T03:00:00Z,Team Total (Aces) Home,5,"{'hdp': 0.5, 'over': '1.02'}"
75104892,2026-09-30,WTA,Beijing,Bet365,Elena-Gabriela Ruse,Lilli Tagger,aces,2.5,1.3600,,2026-09-29T20:02:51Z,2026-09-30T03:00:00Z,Team Total (Aces) Home,5,"{'hdp': 2.5, 'over': '1.36'}"
75104892,2026-09-30,WTA,Beijing,Bet365,Elena-Gabriela Ruse,Lilli Tagger,aces,4.5,2.2500,,2026-09-29T20:02:51Z,2026-09-30T03:00:00Z,Team Total (Aces) Home,5,"{'hdp': 4.5, 'over': '2.25'}"
75104892,2026-09-30,WTA,Beijing,Bet365,Elena-Gabriela Ruse,Lilli Tagger,aces,9.5,15.0000,,2026-09-29T20:02:51Z,2026-09-30T03:00:00Z,Team Total (Aces) Home,5,"{'hdp': 9.5, 'over': '15.00'}"
75104892,2026-09-30,WTA,Beijing,Bet365,Elena-Gabriela Ruse,Lilli Tagger,aces,14.5,26.0000,,2026-09-29T20:02:51Z,2026-09-30T03:00:00Z,Team Total (Aces) Home,5,"{'hdp': 14.5, 'over': '26.00'}"
75104892,2026-09-30,WTA,Beijing,Bet365,Lilli Tagger,Elena-Gabriela Ruse,double_faults,0.5,1.0200,,2026-09-29T20:02:51Z,2026-09-30T03:00:00Z,Team Total (Double Faults) Away,6,"{'hdp': 0.5, 'over': '1.02'}"
75104892,2026-09-30,WTA,Beijing,Bet365,Lilli Tagger,Elena-Gabriela Ruse,double_faults,1.5,1.1400,,2026-09-29T20:02:51Z,2026-09-30T03:00:00Z,Team Total (Double Faults) Away,6,"{'hdp': 1.5, 'over': '1.14'}"
75104892,2026-09-30,WTA,Beijing,Bet365,Lilli Tagger,Elena-Gabriela Ruse,double_faults,2.5,1.4400,,2026-09-29T20:02:51Z,2026-09-30T03:00:00Z,Team Total (Double Faults) Away,6,"{'hdp': 2.5, 'over': '1.44'}"
75104892,2026-09-30,WTA,Beijing,Bet365,Lilli Tagger,Elena-Gabriela Ruse,double_faults,4.5,3.0000,,2026-09-29T20:02:51Z,2026-09-30T03:00:00Z,Team Total (Double Faults) Away,6,"{'hdp': 4.5, 'over': '3.00'}"
75104892,2026-09-30,WTA,Beijing,Bet365,Lilli Tagger,Elena-Gabriela Ruse,double_faults,7.5,13.0000,,2026-09-29T20:02:51Z,2026-09-30T03:00:00Z,Team Total (Double Faults) Away,6,"{'hdp': 7.5, 'over': '13.00'}"
75104892,2026-09-30,WTA,Beijing,Bet365,Lilli Tagger,Elena-Gabriela Ruse,double_faults,9.5,26.0000,,2026-09-29T20:02:51Z,2026-09-30T03:00:00Z,Team Total (Double Faults) Away,6,"{'hdp': 9.5, 'over': '26.00'}"
75104892,2026-09-30,WTA,Beijing,Bet365,Lilli Tagger,Elena-Gabriela Ruse,aces,0.5,1.0100,,2026-09-29T20:02:51Z,2026-09-30T03:00:00Z,Team Total (Aces) Away,5,"{'hdp': 0.5, 'over': '1.01'}"
75104892,2026-09-30,WTA,Beijing,Bet365,Lilli Tagger,Elena-Gabriela Ruse,aces,2.5,1.2200,,2026-09-29T20:02:51Z,2026-09-30T03:00:00Z,Team Total (Aces) Away,5,"{'hdp': 2.5, 'over': '1.22'}"
75104892,2026-09-30,WTA,Beijing,Bet365,Lilli Tagger,Elena-Gabriela Ruse,aces,4.5,1.8000,,2026-09-29T20:02:51Z,2026-09-30T03:00:00Z,Team Total (Aces) Away,5,"{'hdp': 4.5, 'over': '1.80'}"
75104892,2026-09-30,WTA,Beijing,Bet365,Lilli Tagger,Elena-Gabriela Ruse,aces,9.5,9.0000,,2026-09-29T20:02:51Z,2026-09-30T03:00:00Z,Team Total (Aces) Away,5,"{'hdp': 9.5, 'over': '9.00'}"
75104892,2026-09-30,WTA,Beijing,Bet365,Lilli Tagger,Elena-Gabriela Ruse,aces,14.5,26.0000,,2026-09-29T20:02:51Z,2026-09-30T03:00:00Z,Team Total (Aces) Away,5,"{'hdp': 14.5, 'over': '26.00'}"
75104892,2026-09-30,WTA,Beijing,Bet365,Elena-Gabriela Ruse,Lilli Tagger,double_faults,1.5,1.0200,,2026-09-29T20:02:51Z,2026-09-30T03:00:00Z,Team Total (Double Faults) Home,8,"{'hdp': 1.5, 'over': '1.02'}"
75104892,2026-09-30,WTA,Beijing,Bet365,Elena-Gabriela Ruse,Lilli Tagger,double_faults,2.5,1.0700,,2026-09-29T20:02:51Z,2026-09-30T03:00:00Z,Team Total (Double Faults) Home,8,"{'hdp': 2.5, 'over': '1.07'}"
75104892,2026-09-30,WTA,Beijing,Bet365,Elena-Gabriela Ruse,Lilli Tagger,double_faults,4.5,1.3600,,2026-09-29T20:02:51Z,2026-09-30T03:00:00Z,Team Total (Double Faults) Home,8,"{'hdp': 4.5, 'over': '1.36'}"
75104892,2026-09-30,WTA,Beijing,Bet365,Elena-Gabriela Ruse,Lilli Tagger,double_faults,7.5,2.7500,,2026-09-29T20:02:51Z,2026-09-30T03:00:00Z,Team Total (Double Faults) Home,8,"{'hdp': 7.5, 'over': '2.75'}"
75104892,2026-09-30,WTA,Beijing,Bet365,Elena-Gabriela Ruse,Lilli Tagger,double_faults,9.5,5.5000,,2026-09-29T20:02:51Z,2026-09-30T03:00:00Z,Team Total (Double Faults) Home,8,"{'hdp': 9.5, 'over': '5.50'}"
75104892,2026-09-30,WTA,Beijing,Bet365,Elena-Gabriela Ruse,Lilli Tagger,double_faults,11.5,11.0000,,2026-09-29T20:02:51Z,2026-09-30T03:00:00Z,Team Total (Double Faults) Home,8,"{'hdp': 11.5, 'over': '11.00'}"
75104892,2026-09-30,WTA,Beijing,Bet365,Elena-Gabriela Ruse,Lilli Tagger,double_faults,14.5,26.0000,,2026-09-29T20:02:51Z,2026-09-30T03:00:00Z,Team Total (Double Faults) Home,8,"{'hdp': 14.5, 'over': '26.00'}"
75104892,2026-09-30,WTA,Beijing,Bet365,Elena-Gabriela Ruse,Lilli Tagger,match_aces,2.5,1.0200,,2026-09-29T20:02:51Z,2026-09-30T03:00:00Z,Totals (Aces),7,"{'hdp': 2.5, 'over': '1.02'}"
75104892,2026-09-30,WTA,Beijing,Bet365,Elena-Gabriela Ruse,Lilli Tagger,match_aces,4.5,1.1200,,2026-09-29T20:02:51Z,2026-09-30T03:00:00Z,Totals (Aces),7,"{'hdp': 4.5, 'over': '1.12'}"
75104892,2026-09-30,WTA,Beijing,Bet365,Elena-Gabriela Ruse,Lilli Tagger,match_aces,9.5,2.1000,,2026-09-29T20:02:51Z,2026-09-30T03:00:00Z,Totals (Aces),7,"{'hdp': 9.5, 'over': '2.10'}"
75104892,2026-09-30,WTA,Beijing,Bet365,Elena-Gabriela Ruse,Lilli Tagger,match_aces,14.5,6.0000,,2026-09-29T20:02:51Z,2026-09-30T03:00:00Z,Totals (Aces),7,"{'hdp': 14.5, 'over': '6.00'}"
75104892,2026-09-30,WTA,Beijing,Bet365,Elena-Gabriela Ruse,Lilli Tagger,match_aces,19.5,19.0000,,2026-09-29T20:02:51Z,2026-09-30T03:00:00Z,Totals (Aces),7,"{'hdp': 19.5, 'over': '19.00'}"
75104892,2026-09-30,WTA,Beijing,Bet365,Elena-Gabriela Ruse,Lilli Tagger,match_aces,24.5,26.0000,,2026-09-29T20:02:51Z,2026-09-30T03:00:00Z,Totals (Aces),7,"{'hdp': 24.5, 'over': '26.00'}"
75104892,2026-09-30,WTA,Beijing,Bet365,Elena-Gabriela Ruse,Lilli Tagger,match_double_faults,4.5,1.0500,,2026-09-29T20:02:51Z,2026-09-30T03:00:00Z,Totals (Double Faults),8,"{'hdp': 4.5, 'over': '1.05'}"
75104892,2026-09-30,WTA,Beijing,Bet365,Elena-Gabriela Ruse,Lilli Tagger,match_double_faults,7.5,1.3300,,2026-09-29T20:02:51Z,2026-09-30T03:00:00Z,Totals (Double Faults),8,"{'hdp': 7.5, 'over': '1.33'}"
75104892,2026-09-30,WTA,Beijing,Bet365,Elena-Gabriela Ruse,Lilli Tagger,match_double_faults,9.5,1.8000,,2026-09-29T20:02:51Z,2026-09-30T03:00:00Z,Totals (Double Faults),8,"{'hdp': 9.5, 'over': '1.80'}"
75104892,2026-09-30,WTA,Beijing,Bet365,Elena-Gabriela Ruse,Lilli Tagger,match_double_faults,11.5,2.7500,,2026-09-29T20:02:51Z,2026-09-30T03:00:00Z,Totals (Double Faults),8,"{'hdp': 11.5, 'over': '2.75'}"
75104892,2026-09-30,WTA,Beijing,Bet365,Elena-Gabriela Ruse,Lilli Tagger,match_double_faults,14.5,6.0000,,2026-09-29T20:02:51Z,2026-09-30T03:00:00Z,Totals (Double Faults),8,"{'hdp': 14.5, 'over': '6.00'}"
75104892,2026-09-30,WTA,Beijing,Bet365,Elena-Gabriela Ruse,Lilli Tagger,match_double_faults,19.5,26.0000,,2026-09-29T20:02:51Z,2026-09-30T03:00:00Z,Totals (Double Faults),8,"{'hdp': 19.5, 'over': '26.00'}"
75094662,2026-09-30,ATP,Tokyo,Bet365,Alejandro Tabilo,Tommy Paul,aces,2.5,1.1000,,2026-09-29T20:02:51Z,2026-09-30T03:15:00Z,Team Total (Aces) Home,6,"{'hdp': 2.5, 'over': '1.10'}"
75094662,2026-09-30,ATP,Tokyo,Bet365,Alejandro Tabilo,Tommy Paul,aces,4.5,1.3600,,2026-09-29T20:02:51Z,2026-09-30T03:15:00Z,Team Total (Aces) Home,6,"{'hdp': 4.5, 'over': '1.36'}"
75094662,2026-09-30,ATP,Tokyo,Bet365,Alejandro Tabilo,Tommy Paul,aces,9.5,3.5000,,2026-09-29T20:02:51Z,2026-09-30T03:15:00Z,Team Total (Aces) Home,6,"{'hdp': 9.5, 'over': '3.50'}"
75094662,2026-09-30,ATP,Tokyo,Bet365,Alejandro Tabilo,Tommy Paul,aces,14.5,13.0000,,2026-09-29T20:02:51Z,2026-09-30T03:15:00Z,Team Total (Aces) Home,6,"{'hdp': 14.5, 'over': '13.00'}"
75094662,2026-09-30,ATP,Tokyo,Bet365,Alejandro Tabilo,Tommy Paul,aces,19.5,26.0000,,2026-09-29T20:02:51Z,2026-09-30T03:15:00Z,Team Total (Aces) Home,6,"{'hdp': 19.5, 'over': '26.00'}"
75094662,2026-09-30,ATP,Tokyo,Bet365,Tommy Paul,Alejandro Tabilo,aces,2.5,1.0200,,2026-09-29T20:02:51Z,2026-09-30T03:15:00Z,Team Total (Aces) Away,7,"{'hdp': 2.5, 'over': '1.02'}"
75094662,2026-09-30,ATP,Tokyo,Bet365,Tommy Paul,Alejandro Tabilo,aces,4.5,1.1200,,2026-09-29T20:02:51Z,2026-09-30T03:15:00Z,Team Total (Aces) Away,7,"{'hdp': 4.5, 'over': '1.12'}"
75094662,2026-09-30,ATP,Tokyo,Bet365,Tommy Paul,Alejandro Tabilo,aces,9.5,1.8300,,2026-09-29T20:02:51Z,2026-09-30T03:15:00Z,Team Total (Aces) Away,7,"{'hdp': 9.5, 'over': '1.83'}"
75094662,2026-09-30,ATP,Tokyo,Bet365,Tommy Paul,Alejandro Tabilo,aces,14.5,4.3300,,2026-09-29T20:02:51Z,2026-09-30T03:15:00Z,Team Total (Aces) Away,7,"{'hdp': 14.5, 'over': '4.33'}"
75094662,2026-09-30,ATP,Tokyo,Bet365,Tommy Paul,Alejandro Tabilo,aces,19.5,11.0000,,2026-09-29T20:02:51Z,2026-09-30T03:15:00Z,Team Total (Aces) Away,7,"{'hdp': 19.5, 'over': '11.00'}"
75094662,2026-09-30,ATP,Tokyo,Bet365,Tommy Paul,Alejandro Tabilo,aces,24.5,26.0000,,2026-09-29T20:02:51Z,2026-09-30T03:15:00Z,Team Total (Aces) Away,7,"{'hdp': 24.5, 'over': '26.00'}"
75094662,2026-09-30,ATP,Tokyo,Bet365,Alejandro Tabilo,Tommy Paul,match_aces,4.5,1.0100,,2026-09-29T20:02:51Z,2026-09-30T03:15:00Z,Totals (Aces),8,"{'hdp': 4.5, 'over': '1.01'}"
75094662,2026-09-30,ATP,Tokyo,Bet365,Alejandro Tabilo,Tommy Paul,match_aces,9.5,1.1400,,2026-09-29T20:02:51Z,2026-09-30T03:15:00Z,Totals (Aces),8,"{'hdp': 9.5, 'over': '1.14'}"
75094662,2026-09-30,ATP,Tokyo,Bet365,Alejandro Tabilo,Tommy Paul,match_aces,14.5,1.5700,,2026-09-29T20:02:51Z,2026-09-30T03:15:00Z,Totals (Aces),8,"{'hdp': 14.5, 'over': '1.57'}"
75094662,2026-09-30,ATP,Tokyo,Bet365,Alejandro Tabilo,Tommy Paul,match_aces,19.5,2.6200,,2026-09-29T20:02:51Z,2026-09-30T03:15:00Z,Totals (Aces),8,"{'hdp': 19.5, 'over': '2.62'}"
75094662,2026-09-30,ATP,Tokyo,Bet365,Alejandro Tabilo,Tommy Paul,match_aces,24.5,5.0000,,2026-09-29T20:02:51Z,2026-09-30T03:15:00Z,Totals (Aces),8,"{'hdp': 24.5, 'over': '5.00'}"
75094662,2026-09-30,ATP,Tokyo,Bet365,Alejandro Tabilo,Tommy Paul,match_aces,29.5,10.0000,,2026-09-29T20:02:51Z,2026-09-30T03:15:00Z,Totals (Aces),8,"{'hdp': 29.5, 'over': '10.00'}"
75094662,2026-09-30,ATP,Tokyo,Bet365,Alejandro Tabilo,Tommy Paul,match_aces,39.5,26.0000,,2026-09-29T20:02:51Z,2026-09-30T03:15:00Z,Totals (Aces),8,"{'hdp': 39.5, 'over': '26.00'}"
75103538,2026-09-30,ATP,Beijing,Bet365,Felix Auger-Aliassime,Karen Khachanov,aces,2.5,1.0100,,2026-09-29T20:02:51Z,2026-09-30T03:00:00Z,Team Total (Aces) Away,8,"{'hdp': 2.5, 'over': '1.01'}"
75103538,2026-09-30,ATP,Beijing,Bet365,Felix Auger-Aliassime,Karen Khachanov,aces,4.5,1.0800,,2026-09-29T20:02:51Z,2026-09-30T03:00:00Z,Team Total (Aces) Away,8,"{'hdp': 4.5, 'over': '1.08'}"
75103538,2026-09-30,ATP,Beijing,Bet365,Felix Auger-Aliassime,Karen Khachanov,aces,9.5,1.6100,,2026-09-29T20:02:51Z,2026-09-30T03:00:00Z,Team Total (Aces) Away,8,"{'hdp': 9.5, 'over': '1.61'}"
75103538,2026-09-30,ATP,Beijing,Bet365,Felix Auger-Aliassime,Karen Khachanov,aces,14.5,3.2500,,2026-09-29T20:02:51Z,2026-09-30T03:00:00Z,Team Total (Aces) Away,8,"{'hdp': 14.5, 'over': '3.25'}"
75103538,2026-09-30,ATP,Beijing,Bet365,Felix Auger-Aliassime,Karen Khachanov,aces,19.5,7.0000,,2026-09-29T20:02:51Z,2026-09-30T03:00:00Z,Team Total (Aces) Away,8,"{'hdp': 19.5, 'over': '7.00'}"
75103538,2026-09-30,ATP,Beijing,Bet365,Felix Auger-Aliassime,Karen Khachanov,aces,24.5,17.0000,,2026-09-29T20:02:51Z,2026-09-30T03:00:00Z,Team Total (Aces) Away,8,"{'hdp': 24.5, 'over': '17.00'}"
75103538,2026-09-30,ATP,Beijing,Bet365,Felix Auger-Aliassime,Karen Khachanov,aces,29.5,26.0000,,2026-09-29T20:02:51Z,2026-09-30T03:00:00Z,Team Total (Aces) Away,8,"{'hdp': 29.5, 'over': '26.00'}"
75103538,2026-09-30,ATP,Beijing,Bet365,Karen Khachanov,Felix Auger-Aliassime,aces,2.5,1.1000,,2026-09-29T20:02:51Z,2026-09-30T03:00:00Z,Team Total (Aces) Home,6,"{'hdp': 2.5, 'over': '1.10'}"
75103538,2026-09-30,ATP,Beijing,Bet365,Karen Khachanov,Felix Auger-Aliassime,aces,4.5,1.3600,,2026-09-29T20:02:51Z,2026-09-30T03:00:00Z,Team Total (Aces) Home,6,"{'hdp': 4.5, 'over': '1.36'}"
75103538,2026-09-30,ATP,Beijing,Bet365,Karen Khachanov,Felix Auger-Aliassime,aces,9.5,3.7500,,2026-09-29T20:02:51Z,2026-09-30T03:00:00Z,Team Total (Aces) Home,6,"{'hdp': 9.5, 'over': '3.75'}"
75103538,2026-09-30,ATP,Beijing,Bet365,Karen Khachanov,Felix Auger-Aliassime,aces,14.5,15.0000,,2026-09-29T20:02:51Z,2026-09-30T03:00:00Z,Team Total (Aces) Home,6,"{'hdp': 14.5, 'over': '15.00'}"
75103538,2026-09-30,ATP,Beijing,Bet365,Karen Khachanov,Felix Auger-Aliassime,aces,19.5,26.0000,,2026-09-29T20:02:51Z,2026-09-30T03:00:00Z,Team Total (Aces) Home,6,"{'hdp': 19.5, 'over': '26.00'}"
75103538,2026-09-30,ATP,Beijing,Bet365,Karen Khachanov,Felix Auger-Aliassime,match_aces,9.5,1.1100,,2026-09-29T20:02:51Z,2026-09-30T03:00:00Z,Totals (Aces),8,"{'hdp': 9.5, 'over': '1.11'}"
75103538,2026-09-30,ATP,Beijing,Bet365,Karen Khachanov,Felix Auger-Aliassime,match_aces,14.5,1.4400,,2026-09-29T20:02:51Z,2026-09-30T03:00:00Z,Totals (Aces),8,"{'hdp': 14.5, 'over': '1.44'}"
75103538,2026-09-30,ATP,Beijing,Bet365,Karen Khachanov,Felix Auger-Aliassime,match_aces,19.5,2.2500,,2026-09-29T20:02:51Z,2026-09-30T03:00:00Z,Totals (Aces),8,"{'hdp': 19.5, 'over': '2.25'}"
75103538,2026-09-30,ATP,Beijing,Bet365,Karen Khachanov,Felix Auger-Aliassime,match_aces,24.5,4.0000,,2026-09-29T20:02:51Z,2026-09-30T03:00:00Z,Totals (Aces),8,"{'hdp': 24.5, 'over': '4.00'}"
75103538,2026-09-30,ATP,Beijing,Bet365,Karen Khachanov,Felix Auger-Aliassime,match_aces,29.5,8.0000,,2026-09-29T20:02:51Z,2026-09-30T03:00:00Z,Totals (Aces),8,"{'hdp': 29.5, 'over': '8.00'}"
75103538,2026-09-30,ATP,Beijing,Bet365,Karen Khachanov,Felix Auger-Aliassime,match_aces,39.5,26.0000,,2026-09-29T20:02:51Z,2026-09-30T03:00:00Z,Totals (Aces),8,"{'hdp': 39.5, 'over': '26.00'}"
75104878,2026-09-30,WTA,Beijing,Bet365,Sinja Kraus,Maya Joint,aces,0.5,1.1600,,2026-09-29T20:02:51Z,2026-09-30T03:00:00Z,Team Total (Aces) Away,4,"{'hdp': 0.5, 'over': '1.16'}"
75104878,2026-09-30,WTA,Beijing,Bet365,Sinja Kraus,Maya Joint,aces,2.5,2.5000,,2026-09-29T20:02:51Z,2026-09-30T03:00:00Z,Team Total (Aces) Away,4,"{'hdp': 2.5, 'over': '2.50'}"
75104878,2026-09-30,WTA,Beijing,Bet365,Sinja Kraus,Maya Joint,aces,4.5,8.0000,,2026-09-29T20:02:51Z,2026-09-30T03:00:00Z,Team Total (Aces) Away,4,"{'hdp': 4.5, 'over': '8.00'}"
75104878,2026-09-30,WTA,Beijing,Bet365,Sinja Kraus,Maya Joint,aces,9.5,26.0000,,2026-09-29T20:02:51Z,2026-09-30T03:00:00Z,Team Total (Aces) Away,4,"{'hdp': 9.5, 'over': '26.00'}"
75104878,2026-09-30,WTA,Beijing,Bet365,Maya Joint,Sinja Kraus,double_faults,0.5,1.0300,,2026-09-29T20:02:51Z,2026-09-30T03:00:00Z,Team Total (Double Faults) Home,6,"{'hdp': 0.5, 'over': '1.03'}"
75104878,2026-09-30,WTA,Beijing,Bet365,Maya Joint,Sinja Kraus,double_faults,1.5,1.1800,,2026-09-29T20:02:51Z,2026-09-30T03:00:00Z,Team Total (Double Faults) Home,6,"{'hdp': 1.5, 'over': '1.18'}"
75104878,2026-09-30,WTA,Beijing,Bet365,Maya Joint,Sinja Kraus,double_faults,2.5,1.4400,,2026-09-29T20:02:51Z,2026-09-30T03:00:00Z,Team Total (Double Faults) Home,6,"{'hdp': 2.5, 'over': '1.44'}"
75104878,2026-09-30,WTA,Beijing,Bet365,Maya Joint,Sinja Kraus,double_faults,4.5,2.7500,,2026-09-29T20:02:51Z,2026-09-30T03:00:00Z,Team Total (Double Faults) Home,6,"{'hdp': 4.5, 'over': '2.75'}"
75104878,2026-09-30,WTA,Beijing,Bet365,Maya Joint,Sinja Kraus,double_faults,7.5,11.0000,,2026-09-29T20:02:51Z,2026-09-30T03:00:00Z,Team Total (Double Faults) Home,6,"{'hdp': 7.5, 'over': '11.00'}"
75104878,2026-09-30,WTA,Beijing,Bet365,Maya Joint,Sinja Kraus,double_faults,9.5,26.0000,,2026-09-29T20:02:51Z,2026-09-30T03:00:00Z,Team Total (Double Faults) Home,6,"{'hdp': 9.5, 'over': '26.00'}"
75104878,2026-09-30,WTA,Beijing,Bet365,Maya Joint,Sinja Kraus,aces,0.5,1.0500,,2026-09-29T20:02:51Z,2026-09-30T03:00:00Z,Team Total (Aces) Home,4,"{'hdp': 0.5, 'over': '1.05'}"
75104878,2026-09-30,WTA,Beijing,Bet365,Maya Joint,Sinja Kraus,aces,2.5,1.6100,,2026-09-29T20:02:51Z,2026-09-30T03:00:00Z,Team Total (Aces) Home,4,"{'hdp': 2.5, 'over': '1.61'}"
75104878,2026-09-30,WTA,Beijing,Bet365,Maya Joint,Sinja Kraus,aces,4.5,3.5000,,2026-09-29T20:02:51Z,2026-09-30T03:00:00Z,Team Total (Aces) Home,4,"{'hdp': 4.5, 'over': '3.50'}"
75104878,2026-09-30,WTA,Beijing,Bet365,Maya Joint,Sinja Kraus,aces,9.5,26.0000,,2026-09-29T20:02:51Z,2026-09-30T03:00:00Z,Team Total (Aces) Home,4,"{'hdp': 9.5, 'over': '26.00'}"
75104878,2026-09-30,WTA,Beijing,Bet365,Sinja Kraus,Maya Joint,double_faults,0.5,1.0100,,2026-09-29T20:02:51Z,2026-09-30T03:00:00Z,Team Total (Double Faults) Away,7,"{'hdp': 0.5, 'over': '1.01'}"
75104878,2026-09-30,WTA,Beijing,Bet365,Sinja Kraus,Maya Joint,double_faults,1.5,1.0700,,2026-09-29T20:02:51Z,2026-09-30T03:00:00Z,Team Total (Double Faults) Away,7,"{'hdp': 1.5, 'over': '1.07'}"
75104878,2026-09-30,WTA,Beijing,Bet365,Sinja Kraus,Maya Joint,double_faults,2.5,1.2200,,2026-09-29T20:02:51Z,2026-09-30T03:00:00Z,Team Total (Double Faults) Away,7,"{'hdp': 2.5, 'over': '1.22'}"
75104878,2026-09-30,WTA,Beijing,Bet365,Sinja Kraus,Maya Joint,double_faults,4.5,2.0000,,2026-09-29T20:02:51Z,2026-09-30T03:00:00Z,Team Total (Double Faults) Away,7,"{'hdp': 4.5, 'over': '2.00'}"
75104878,2026-09-30,WTA,Beijing,Bet365,Sinja Kraus,Maya Joint,double_faults,7.5,7.0000,,2026-09-29T20:02:51Z,2026-09-30T03:00:00Z,Team Total (Double Faults) Away,7,"{'hdp': 7.5, 'over': '7.00'}"
75104878,2026-09-30,WTA,Beijing,Bet365,Sinja Kraus,Maya Joint,double_faults,9.5,19.0000,,2026-09-29T20:02:51Z,2026-09-30T03:00:00Z,Team Total (Double Faults) Away,7,"{'hdp': 9.5, 'over': '19.00'}"
75104878,2026-09-30,WTA,Beijing,Bet365,Sinja Kraus,Maya Joint,double_faults,11.5,26.0000,,2026-09-29T20:02:51Z,2026-09-30T03:00:00Z,Team Total (Double Faults) Away,7,"{'hdp': 11.5, 'over': '26.00'}"
75104878,2026-09-30,WTA,Beijing,Bet365,Maya Joint,Sinja Kraus,match_aces,2.5,1.1600,,2026-09-29T20:02:51Z,2026-09-30T03:00:00Z,Totals (Aces),5,"{'hdp': 2.5, 'over': '1.16'}"
75104878,2026-09-30,WTA,Beijing,Bet365,Maya Joint,Sinja Kraus,match_aces,4.5,1.6600,,2026-09-29T20:02:51Z,2026-09-30T03:00:00Z,Totals (Aces),5,"{'hdp': 4.5, 'over': '1.66'}"
75104878,2026-09-30,WTA,Beijing,Bet365,Maya Joint,Sinja Kraus,match_aces,9.5,8.0000,,2026-09-29T20:02:51Z,2026-09-30T03:00:00Z,Totals (Aces),5,"{'hdp': 9.5, 'over': '8.00'}"
75104878,2026-09-30,WTA,Beijing,Bet365,Maya Joint,Sinja Kraus,match_aces,14.5,26.0000,,2026-09-29T20:02:51Z,2026-09-30T03:00:00Z,Totals (Aces),5,"{'hdp': 14.5, 'over': '26.00'}"
75104878,2026-09-30,WTA,Beijing,Bet365,Maya Joint,Sinja Kraus,match_double_faults,2.5,1.0100,,2026-09-29T20:02:51Z,2026-09-30T03:00:00Z,Totals (Double Faults),9,"{'hdp': 2.5, 'over': '1.01'}"
75104878,2026-09-30,WTA,Beijing,Bet365,Maya Joint,Sinja Kraus,match_double_faults,4.5,1.1200,,2026-09-29T20:02:51Z,2026-09-30T03:00:00Z,Totals (Double Faults),9,"{'hdp': 4.5, 'over': '1.12'}"
75104878,2026-09-30,WTA,Beijing,Bet365,Maya Joint,Sinja Kraus,match_double_faults,7.5,1.7200,,2026-09-29T20:02:51Z,2026-09-30T03:00:00Z,Totals (Double Faults),9,"{'hdp': 7.5, 'over': '1.72'}"
75104878,2026-09-30,WTA,Beijing,Bet365,Maya Joint,Sinja Kraus,match_double_faults,9.5,2.7500,,2026-09-29T20:02:51Z,2026-09-30T03:00:00Z,Totals (Double Faults),9,"{'hdp': 9.5, 'over': '2.75'}"
75104878,2026-09-30,WTA,Beijing,Bet365,Maya Joint,Sinja Kraus,match_double_faults,11.5,5.0000,,2026-09-29T20:02:51Z,2026-09-30T03:00:00Z,Totals (Double Faults),9,"{'hdp': 11.5, 'over': '5.00'}"
75104878,2026-09-30,WTA,Beijing,Bet365,Maya Joint,Sinja Kraus,match_double_faults,14.5,15.0000,,2026-09-29T20:02:51Z,2026-09-30T03:00:00Z,Totals (Double Faults),9,"{'hdp': 14.5, 'over': '15.00'}"
75104878,2026-09-30,WTA,Beijing,Bet365,Maya Joint,Sinja Kraus,match_double_faults,19.5,26.0000,,2026-09-29T20:02:51Z,2026-09-30T03:00:00Z,Totals (Double Faults),9,"{'hdp': 19.5, 'over': '26.00'}"
75135966,2026-09-30,ATP,Tokyo,Bet365,Stefanos Tsitsipas,Tomas Martin Etcheverry,aces,2.5,1.0100,,2026-09-29T20:02:51Z,2026-09-30T03:15:00Z,Team Total (Aces) Away,8,"{'hdp': 2.5, 'over': '1.01'}"
75135966,2026-09-30,ATP,Tokyo,Bet365,Stefanos Tsitsipas,Tomas Martin Etcheverry,aces,4.5,1.0700,,2026-09-29T20:02:51Z,2026-09-30T03:15:00Z,Team Total (Aces) Away,8,"{'hdp': 4.5, 'over': '1.07'}"
75135966,2026-09-30,ATP,Tokyo,Bet365,Stefanos Tsitsipas,Tomas Martin Etcheverry,aces,9.5,1.5700,,2026-09-29T20:02:51Z,2026-09-30T03:15:00Z,Team Total (Aces) Away,8,"{'hdp': 9.5, 'over': '1.57'}"
75135966,2026-09-30,ATP,Tokyo,Bet365,Stefanos Tsitsipas,Tomas Martin Etcheverry,aces,14.5,3.0000,,2026-09-29T20:02:51Z,2026-09-30T03:15:00Z,Team Total (Aces) Away,8,"{'hdp': 14.5, 'over': '3.00'}"
75135966,2026-09-30,ATP,Tokyo,Bet365,Stefanos Tsitsipas,Tomas Martin Etcheverry,aces,19.5,7.0000,,2026-09-29T20:02:51Z,2026-09-30T03:15:00Z,Team Total (Aces) Away,8,"{'hdp': 19.5, 'over': '7.00'}"
75135966,2026-09-30,ATP,Tokyo,Bet365,Stefanos Tsitsipas,Tomas Martin Etcheverry,aces,24.5,17.0000,,2026-09-29T20:02:51Z,2026-09-30T03:15:00Z,Team Total (Aces) Away,8,"{'hdp': 24.5, 'over': '17.00'}"
75135966,2026-09-30,ATP,Tokyo,Bet365,Stefanos Tsitsipas,Tomas Martin Etcheverry,aces,29.5,26.0000,,2026-09-29T20:02:51Z,2026-09-30T03:15:00Z,Team Total (Aces) Away,8,"{'hdp': 29.5, 'over': '26.00'}"
75135966,2026-09-30,ATP,Tokyo,Bet365,Tomas Martin Etcheverry,Stefanos Tsitsipas,double_faults,0.5,1.3000,,2026-09-29T20:02:51Z,2026-09-30T03:15:00Z,Team Total (Double Faults) Home,4,"{'hdp': 0.5, 'over': '1.30'}"
75135966,2026-09-30,ATP,Tokyo,Bet365,Tomas Martin Etcheverry,Stefanos Tsitsipas,double_faults,1.5,2.3700,,2026-09-29T20:02:51Z,2026-09-30T03:15:00Z,Team Total (Double Faults) Home,4,"{'hdp': 1.5, 'over': '2.37'}"
75135966,2026-09-30,ATP,Tokyo,Bet365,Tomas Martin Etcheverry,Stefanos Tsitsipas,double_faults,2.5,5.5000,,2026-09-29T20:02:51Z,2026-09-30T03:15:00Z,Team Total (Double Faults) Home,4,"{'hdp': 2.5, 'over': '5.50'}"
75135966,2026-09-30,ATP,Tokyo,Bet365,Tomas Martin Etcheverry,Stefanos Tsitsipas,double_faults,4.5,26.0000,,2026-09-29T20:02:51Z,2026-09-30T03:15:00Z,Team Total (Double Faults) Home,4,"{'hdp': 4.5, 'over': '26.00'}"
75135966,2026-09-30,ATP,Tokyo,Bet365,Tomas Martin Etcheverry,Stefanos Tsitsipas,match_aces,9.5,1.0800,,2026-09-29T20:02:51Z,2026-09-30T03:15:00Z,Totals (Aces),9,"{'hdp': 9.5, 'over': '1.08'}"
75135966,2026-09-30,ATP,Tokyo,Bet365,Tomas Martin Etcheverry,Stefanos Tsitsipas,match_aces,14.5,1.3600,,2026-09-29T20:02:51Z,2026-09-30T03:15:00Z,Totals (Aces),9,"{'hdp': 14.5, 'over': '1.36'}"
75135966,2026-09-30,ATP,Tokyo,Bet365,Tomas Martin Etcheverry,Stefanos Tsitsipas,match_aces,19.5,2.0000,,2026-09-29T20:02:51Z,2026-09-30T03:15:00Z,Totals (Aces),9,"{'hdp': 19.5, 'over': '2.00'}"
75135966,2026-09-30,ATP,Tokyo,Bet365,Tomas Martin Etcheverry,Stefanos Tsitsipas,match_aces,24.5,3.4000,,2026-09-29T20:02:51Z,2026-09-30T03:15:00Z,Totals (Aces),9,"{'hdp': 24.5, 'over': '3.40'}"
75135966,2026-09-30,ATP,Tokyo,Bet365,Tomas Martin Etcheverry,Stefanos Tsitsipas,match_aces,29.5,6.0000,,2026-09-29T20:02:51Z,2026-09-30T03:15:00Z,Totals (Aces),9,"{'hdp': 29.5, 'over': '6.00'}"
75135966,2026-09-30,ATP,Tokyo,Bet365,Tomas Martin Etcheverry,Stefanos Tsitsipas,match_aces,39.5,21.0000,,2026-09-29T20:02:51Z,2026-09-30T03:15:00Z,Totals (Aces),9,"{'hdp': 39.5, 'over': '21.00'}"
75135966,2026-09-30,ATP,Tokyo,Bet365,Tomas Martin Etcheverry,Stefanos Tsitsipas,match_aces,49.5,26.0000,,2026-09-29T20:02:51Z,2026-09-30T03:15:00Z,Totals (Aces),9,"{'hdp': 49.5, 'over': '26.00'}"
75135966,2026-09-30,ATP,Tokyo,Bet365,Tomas Martin Etcheverry,Stefanos Tsitsipas,match_double_faults,0.5,1.0400,,2026-09-29T20:02:51Z,2026-09-30T03:15:00Z,Totals (Double Faults),5,"{'hdp': 0.5, 'over': '1.04'}"
75135966,2026-09-30,ATP,Tokyo,Bet365,Tomas Martin Etcheverry,Stefanos Tsitsipas,match_double_faults,1.5,1.2200,,2026-09-29T20:02:51Z,2026-09-30T03:15:00Z,Totals (Double Faults),5,"{'hdp': 1.5, 'over': '1.22'}"
75135966,2026-09-30,ATP,Tokyo,Bet365,Tomas Martin Etcheverry,Stefanos Tsitsipas,match_double_faults,2.5,1.6100,,2026-09-29T20:02:51Z,2026-09-30T03:15:00Z,Totals (Double Faults),5,"{'hdp': 2.5, 'over': '1.61'}"
75135966,2026-09-30,ATP,Tokyo,Bet365,Tomas Martin Etcheverry,Stefanos Tsitsipas,match_double_faults,4.5,4.0000,,2026-09-29T20:02:51Z,2026-09-30T03:15:00Z,Totals (Double Faults),5,"{'hdp': 4.5, 'over': '4.00'}"
75135966,2026-09-30,ATP,Tokyo,Bet365,Tomas Martin Etcheverry,Stefanos Tsitsipas,match_double_faults,7.5,26.0000,,2026-09-29T20:02:51Z,2026-09-30T03:15:00Z,Totals (Double Faults),5,"{'hdp': 7.5, 'over': '26.00'}"
75135966,2026-09-30,ATP,Tokyo,Bet365,Tomas Martin Etcheverry,Stefanos Tsitsipas,aces,2.5,1.0800,,2026-09-29T20:02:51Z,2026-09-30T03:15:00Z,Team Total (Aces) Home,6,"{'hdp': 2.5, 'over': '1.08'}"
75135966,2026-09-30,ATP,Tokyo,Bet365,Tomas Martin Etcheverry,Stefanos Tsitsipas,aces,4.5,1.2800,,2026-09-29T20:02:51Z,2026-09-30T03:15:00Z,Team Total (Aces) Home,6,"{'hdp': 4.5, 'over': '1.28'}"
75135966,2026-09-30,ATP,Tokyo,Bet365,Tomas Martin Etcheverry,Stefanos Tsitsipas,aces,9.5,2.7500,,2026-09-29T20:02:51Z,2026-09-30T03:15:00Z,Team Total (Aces) Home,6,"{'hdp': 9.5, 'over': '2.75'}"
75135966,2026-09-30,ATP,Tokyo,Bet365,Tomas Martin Etcheverry,Stefanos Tsitsipas,aces,14.5,9.0000,,2026-09-29T20:02:51Z,2026-09-30T03:15:00Z,Team Total (Aces) Home,6,"{'hdp': 14.5, 'over': '9.00'}"
75135966,2026-09-30,ATP,Tokyo,Bet365,Tomas Martin Etcheverry,Stefanos Tsitsipas,aces,19.5,26.0000,,2026-09-29T20:02:51Z,2026-09-30T03:15:00Z,Team Total (Aces) Home,6,"{'hdp': 19.5, 'over': '26.00'}"
75135966,2026-09-30,ATP,Tokyo,Bet365,Stefanos Tsitsipas,Tomas Martin Etcheverry,double_faults,0.5,1.2200,,2026-09-29T20:02:51Z,2026-09-30T03:15:00Z,Team Total (Double Faults) Away,5,"{'hdp': 0.5, 'over': '1.22'}"
75135966,2026-09-30,ATP,Tokyo,Bet365,Stefanos Tsitsipas,Tomas Martin Etcheverry,double_faults,1.5,1.8300,,2026-09-29T20:02:51Z,2026-09-30T03:15:00Z,Team Total (Double Faults) Away,5,"{'hdp': 1.5, 'over': '1.83'}"
75135966,2026-09-30,ATP,Tokyo,Bet365,Stefanos Tsitsipas,Tomas Martin Etcheverry,double_faults,2.5,3.5000,,2026-09-29T20:02:51Z,2026-09-30T03:15:00Z,Team Total (Double Faults) Away,5,"{'hdp': 2.5, 'over': '3.50'}"
75135966,2026-09-30,ATP,Tokyo,Bet365,Stefanos Tsitsipas,Tomas Martin Etcheverry,double_faults,4.5,15.0000,,2026-09-29T20:02:51Z,2026-09-30T03:15:00Z,Team Total (Double Faults) Away,5,"{'hdp': 4.5, 'over': '15.00'}"
75135966,2026-09-30,ATP,Tokyo,Bet365,Stefanos Tsitsipas,Tomas Martin Etcheverry,double_faults,7.5,26.0000,,2026-09-29T20:02:51Z,2026-09-30T03:15:00Z,Team Total (Double Faults) Away,5,"{'hdp': 7.5, 'over': '26.00'}"
75103552,2026-09-30,ATP,Beijing,Bet365,Jan-Lennard Struff,Thiago Agustin Tirante,match_aces,9.5,1.0600,,2026-09-29T20:02:51Z,2026-09-30T05:00:00Z,Totals (Aces),9,"{'hdp': 9.5, 'over': '1.06'}"
75103552,2026-09-30,ATP,Beijing,Bet365,Jan-Lennard Struff,Thiago Agustin Tirante,match_aces,14.5,1.2800,,2026-09-29T20:02:51Z,2026-09-30T05:00:00Z,Totals (Aces),9,"{'hdp': 14.5, 'over': '1.28'}"
75103552,2026-09-30,ATP,Beijing,Bet365,Jan-Lennard Struff,Thiago Agustin Tirante,match_aces,19.5,1.8000,,2026-09-29T20:02:51Z,2026-09-30T05:00:00Z,Totals (Aces),9,"{'hdp': 19.5, 'over': '1.80'}"
75103552,2026-09-30,ATP,Beijing,Bet365,Jan-Lennard Struff,Thiago Agustin Tirante,match_aces,24.5,2.7500,,2026-09-29T20:02:51Z,2026-09-30T05:00:00Z,Totals (Aces),9,"{'hdp': 24.5, 'over': '2.75'}"
75103552,2026-09-30,ATP,Beijing,Bet365,Jan-Lennard Struff,Thiago Agustin Tirante,match_aces,29.5,5.0000,,2026-09-29T20:02:51Z,2026-09-30T05:00:00Z,Totals (Aces),9,"{'hdp': 29.5, 'over': '5.00'}"
75103552,2026-09-30,ATP,Beijing,Bet365,Jan-Lennard Struff,Thiago Agustin Tirante,match_aces,39.5,17.0000,,2026-09-29T20:02:51Z,2026-09-30T05:00:00Z,Totals (Aces),9,"{'hdp': 39.5, 'over': '17.00'}"
75103552,2026-09-30,ATP,Beijing,Bet365,Jan-Lennard Struff,Thiago Agustin Tirante,match_aces,49.5,26.0000,,2026-09-29T20:02:51Z,2026-09-30T05:00:00Z,Totals (Aces),9,"{'hdp': 49.5, 'over': '26.00'}"
75103552,2026-09-30,ATP,Beijing,Bet365,Thiago Agustin Tirante,Jan-Lennard Struff,double_faults,0.5,1.0700,,2026-09-29T20:02:51Z,2026-09-30T05:00:00Z,Team Total (Double Faults) Away,5,"{'hdp': 0.5, 'over': '1.07'}"
75103552,2026-09-30,ATP,Beijing,Bet365,Thiago Agustin Tirante,Jan-Lennard Struff,double_faults,1.5,1.3300,,2026-09-29T20:02:51Z,2026-09-30T05:00:00Z,Team Total (Double Faults) Away,5,"{'hdp': 1.5, 'over': '1.33'}"
75103552,2026-09-30,ATP,Beijing,Bet365,Thiago Agustin Tirante,Jan-Lennard Struff,double_faults,2.5,1.9000,,2026-09-29T20:02:51Z,2026-09-30T05:00:00Z,Team Total (Double Faults) Away,5,"{'hdp': 2.5, 'over': '1.90'}"
75103552,2026-09-30,ATP,Beijing,Bet365,Thiago Agustin Tirante,Jan-Lennard Struff,double_faults,4.5,5.5000,,2026-09-29T20:02:51Z,2026-09-30T05:00:00Z,Team Total (Double Faults) Away,5,"{'hdp': 4.5, 'over': '5.50'}"
75103552,2026-09-30,ATP,Beijing,Bet365,Thiago Agustin Tirante,Jan-Lennard Struff,double_faults,7.5,26.0000,,2026-09-29T20:02:51Z,2026-09-30T05:00:00Z,Team Total (Double Faults) Away,5,"{'hdp': 7.5, 'over': '26.00'}"
75103552,2026-09-30,ATP,Beijing,Bet365,Jan-Lennard Struff,Thiago Agustin Tirante,match_double_faults,1.5,1.0100,,2026-09-29T20:02:51Z,2026-09-30T05:00:00Z,Totals (Double Faults),8,"{'hdp': 1.5, 'over': '1.01'}"
75103552,2026-09-30,ATP,Beijing,Bet365,Jan-Lennard Struff,Thiago Agustin Tirante,match_double_faults,2.5,1.0700,,2026-09-29T20:02:51Z,2026-09-30T05:00:00Z,Totals (Double Faults),8,"{'hdp': 2.5, 'over': '1.07'}"
75103552,2026-09-30,ATP,Beijing,Bet365,Jan-Lennard Struff,Thiago Agustin Tirante,match_double_faults,4.5,1.4000,,2026-09-29T20:02:51Z,2026-09-30T05:00:00Z,Totals (Double Faults),8,"{'hdp': 4.5, 'over': '1.40'}"
75103552,2026-09-30,ATP,Beijing,Bet365,Jan-Lennard Struff,Thiago Agustin Tirante,match_double_faults,7.5,3.4000,,2026-09-29T20:02:51Z,2026-09-30T05:00:00Z,Totals (Double Faults),8,"{'hdp': 7.5, 'over': '3.40'}"
75103552,2026-09-30,ATP,Beijing,Bet365,Jan-Lennard Struff,Thiago Agustin Tirante,match_double_faults,9.5,7.0000,,2026-09-29T20:02:51Z,2026-09-30T05:00:00Z,Totals (Double Faults),8,"{'hdp': 9.5, 'over': '7.00'}"
75103552,2026-09-30,ATP,Beijing,Bet365,Jan-Lennard Struff,Thiago Agustin Tirante,match_double_faults,11.5,17.0000,,2026-09-29T20:02:51Z,2026-09-30T05:00:00Z,Totals (Double Faults),8,"{'hdp': 11.5, 'over': '17.00'}"
75103552,2026-09-30,ATP,Beijing,Bet365,Jan-Lennard Struff,Thiago Agustin Tirante,match_double_faults,14.5,26.0000,,2026-09-29T20:02:51Z,2026-09-30T05:00:00Z,Totals (Double Faults),8,"{'hdp': 14.5, 'over': '26.00'}"
75103552,2026-09-30,ATP,Beijing,Bet365,Jan-Lennard Struff,Thiago Agustin Tirante,double_faults,0.5,1.0400,,2026-09-29T20:02:51Z,2026-09-30T05:00:00Z,Team Total (Double Faults) Home,6,"{'hdp': 0.5, 'over': '1.04'}"
75103552,2026-09-30,ATP,Beijing,Bet365,Jan-Lennard Struff,Thiago Agustin Tirante,double_faults,1.5,1.2000,,2026-09-29T20:02:51Z,2026-09-30T05:00:00Z,Team Total (Double Faults) Home,6,"{'hdp': 1.5, 'over': '1.20'}"
75103552,2026-09-30,ATP,Beijing,Bet365,Jan-Lennard Struff,Thiago Agustin Tirante,double_faults,2.5,1.5700,,2026-09-29T20:02:51Z,2026-09-30T05:00:00Z,Team Total (Double Faults) Home,6,"{'hdp': 2.5, 'over': '1.57'}"
75103552,2026-09-30,ATP,Beijing,Bet365,Jan-Lennard Struff,Thiago Agustin Tirante,double_faults,4.5,3.7500,,2026-09-29T20:02:51Z,2026-09-30T05:00:00Z,Team Total (Double Faults) Home,6,"{'hdp': 4.5, 'over': '3.75'}"
75103552,2026-09-30,ATP,Beijing,Bet365,Jan-Lennard Struff,Thiago Agustin Tirante,double_faults,7.5,19.0000,,2026-09-29T20:02:51Z,2026-09-30T05:00:00Z,Team Total (Double Faults) Home,6,"{'hdp': 7.5, 'over': '19.00'}"
75103552,2026-09-30,ATP,Beijing,Bet365,Jan-Lennard Struff,Thiago Agustin Tirante,double_faults,9.5,26.0000,,2026-09-29T20:02:51Z,2026-09-30T05:00:00Z,Team Total (Double Faults) Home,6,"{'hdp': 9.5, 'over': '26.00'}"
75103552,2026-09-30,ATP,Beijing,Bet365,Thiago Agustin Tirante,Jan-Lennard Struff,aces,2.5,1.0100,,2026-09-29T20:02:51Z,2026-09-30T05:00:00Z,Team Total (Aces) Away,8,"{'hdp': 2.5, 'over': '1.01'}"
75103552,2026-09-30,ATP,Beijing,Bet365,Thiago Agustin Tirante,Jan-Lennard Struff,aces,4.5,1.0700,,2026-09-29T20:02:51Z,2026-09-30T05:00:00Z,Team Total (Aces) Away,8,"{'hdp': 4.5, 'over': '1.07'}"
75103552,2026-09-30,ATP,Beijing,Bet365,Thiago Agustin Tirante,Jan-Lennard Struff,aces,9.5,1.5300,,2026-09-29T20:02:51Z,2026-09-30T05:00:00Z,Team Total (Aces) Away,8,"{'hdp': 9.5, 'over': '1.53'}"
75103552,2026-09-30,ATP,Beijing,Bet365,Thiago Agustin Tirante,Jan-Lennard Struff,aces,14.5,2.7500,,2026-09-29T20:02:51Z,2026-09-30T05:00:00Z,Team Total (Aces) Away,8,"{'hdp': 14.5, 'over': '2.75'}"
75103552,2026-09-30,ATP,Beijing,Bet365,Thiago Agustin Tirante,Jan-Lennard Struff,aces,19.5,6.0000,,2026-09-29T20:02:51Z,2026-09-30T05:00:00Z,Team Total (Aces) Away,8,"{'hdp': 19.5, 'over': '6.00'}"
75103552,2026-09-30,ATP,Beijing,Bet365,Thiago Agustin Tirante,Jan-Lennard Struff,aces,24.5,13.0000,,2026-09-29T20:02:51Z,2026-09-30T05:00:00Z,Team Total (Aces) Away,8,"{'hdp': 24.5, 'over': '13.00'}"
75103552,2026-09-30,ATP,Beijing,Bet365,Thiago Agustin Tirante,Jan-Lennard Struff,aces,29.5,26.0000,,2026-09-29T20:02:51Z,2026-09-30T05:00:00Z,Team Total (Aces) Away,8,"{'hdp': 29.5, 'over': '26.00'}"
75103552,2026-09-30,ATP,Beijing,Bet365,Jan-Lennard Struff,Thiago Agustin Tirante,aces,2.5,1.0500,,2026-09-29T20:02:51Z,2026-09-30T05:00:00Z,Team Total (Aces) Home,7,"{'hdp': 2.5, 'over': '1.05'}"
75103552,2026-09-30,ATP,Beijing,Bet365,Jan-Lennard Struff,Thiago Agustin Tirante,aces,4.5,1.2000,,2026-09-29T20:02:51Z,2026-09-30T05:00:00Z,Team Total (Aces) Home,7,"{'hdp': 4.5, 'over': '1.20'}"
75103552,2026-09-30,ATP,Beijing,Bet365,Jan-Lennard Struff,Thiago Agustin Tirante,aces,9.5,2.3700,,2026-09-29T20:02:51Z,2026-09-30T05:00:00Z,Team Total (Aces) Home,7,"{'hdp': 9.5, 'over': '2.37'}"
75103552,2026-09-30,ATP,Beijing,Bet365,Jan-Lennard Struff,Thiago Agustin Tirante,aces,14.5,6.5000,,2026-09-29T20:02:51Z,2026-09-30T05:00:00Z,Team Total (Aces) Home,7,"{'hdp': 14.5, 'over': '6.50'}"
75103552,2026-09-30,ATP,Beijing,Bet365,Jan-Lennard Struff,Thiago Agustin Tirante,aces,19.5,19.0000,,2026-09-29T20:02:51Z,2026-09-30T05:00:00Z,Team Total (Aces) Home,7,"{'hdp': 19.5, 'over': '19.00'}"
75103552,2026-09-30,ATP,Beijing,Bet365,Jan-Lennard Struff,Thiago Agustin Tirante,aces,24.5,26.0000,,2026-09-29T20:02:51Z,2026-09-30T05:00:00Z,Team Total (Aces) Home,7,"{'hdp': 24.5, 'over': '26.00'}"
75138484,2026-09-30,WTA,Beijing,Bet365,Zhuoxuan Bai,Linda Fruhvirtova,aces,0.5,1.0800,,2026-09-29T20:02:51Z,2026-09-30T05:20:00Z,Team Total (Aces) Home,4,"{'hdp': 0.5, 'over': '1.08'}"
75138484,2026-09-30,WTA,Beijing,Bet365,Zhuoxuan Bai,Linda Fruhvirtova,aces,2.5,1.8300,,2026-09-29T20:02:51Z,2026-09-30T05:20:00Z,Team Total (Aces) Home,4,"{'hdp': 2.5, 'over': '1.83'}"
75138484,2026-09-30,WTA,Beijing,Bet365,Zhuoxuan Bai,Linda Fruhvirtova,aces,4.5,4.5000,,2026-09-29T20:02:51Z,2026-09-30T05:20:00Z,Team Total (Aces) Home,4,"{'hdp': 4.5, 'over': '4.50'}"
75138484,2026-09-30,WTA,Beijing,Bet365,Zhuoxuan Bai,Linda Fruhvirtova,aces,9.5,26.0000,,2026-09-29T20:02:51Z,2026-09-30T05:20:00Z,Team Total (Aces) Home,4,"{'hdp': 9.5, 'over': '26.00'}"
75138484,2026-09-30,WTA,Beijing,Bet365,Zhuoxuan Bai,Linda Fruhvirtova,match_aces,2.5,1.1000,,2026-09-29T20:02:51Z,2026-09-30T05:20:00Z,Totals (Aces),6,"{'hdp': 2.5, 'over': '1.10'}"
75138484,2026-09-30,WTA,Beijing,Bet365,Zhuoxuan Bai,Linda Fruhvirtova,match_aces,4.5,1.4400,,2026-09-29T20:02:51Z,2026-09-30T05:20:00Z,Totals (Aces),6,"{'hdp': 4.5, 'over': '1.44'}"
75138484,2026-09-30,WTA,Beijing,Bet365,Zhuoxuan Bai,Linda Fruhvirtova,match_aces,9.5,5.0000,,2026-09-29T20:02:51Z,2026-09-30T05:20:00Z,Totals (Aces),6,"{'hdp': 9.5, 'over': '5.00'}"
75138484,2026-09-30,WTA,Beijing,Bet365,Zhuoxuan Bai,Linda Fruhvirtova,match_aces,14.5,23.0000,,2026-09-29T20:02:51Z,2026-09-30T05:20:00Z,Totals (Aces),6,"{'hdp': 14.5, 'over': '23.00'}"
75138484,2026-09-30,WTA,Beijing,Bet365,Zhuoxuan Bai,Linda Fruhvirtova,match_aces,19.5,26.0000,,2026-09-29T20:02:51Z,2026-09-30T05:20:00Z,Totals (Aces),6,"{'hdp': 19.5, 'over': '26.00'}"
75138484,2026-09-30,WTA,Beijing,Bet365,Zhuoxuan Bai,Linda Fruhvirtova,match_double_faults,4.5,1.0500,,2026-09-29T20:02:51Z,2026-09-30T05:20:00Z,Totals (Double Faults),8,"{'hdp': 4.5, 'over': '1.05'}"
75138484,2026-09-30,WTA,Beijing,Bet365,Zhuoxuan Bai,Linda Fruhvirtova,match_double_faults,7.5,1.3600,,2026-09-29T20:02:51Z,2026-09-30T05:20:00Z,Totals (Double Faults),8,"{'hdp': 7.5, 'over': '1.36'}"
75138484,2026-09-30,WTA,Beijing,Bet365,Zhuoxuan Bai,Linda Fruhvirtova,match_double_faults,9.5,1.8300,,2026-09-29T20:02:51Z,2026-09-30T05:20:00Z,Totals (Double Faults),8,"{'hdp': 9.5, 'over': '1.83'}"
75138484,2026-09-30,WTA,Beijing,Bet365,Zhuoxuan Bai,Linda Fruhvirtova,match_double_faults,11.5,3.0000,,2026-09-29T20:02:51Z,2026-09-30T05:20:00Z,Totals (Double Faults),8,"{'hdp': 11.5, 'over': '3.00'}"
75138484,2026-09-30,WTA,Beijing,Bet365,Zhuoxuan Bai,Linda Fruhvirtova,match_double_faults,14.5,6.5000,,2026-09-29T20:02:51Z,2026-09-30T05:20:00Z,Totals (Double Faults),8,"{'hdp': 14.5, 'over': '6.50'}"
75138484,2026-09-30,WTA,Beijing,Bet365,Zhuoxuan Bai,Linda Fruhvirtova,match_double_faults,19.5,26.0000,,2026-09-29T20:02:51Z,2026-09-30T05:20:00Z,Totals (Double Faults),8,"{'hdp': 19.5, 'over': '26.00'}"
75138484,2026-09-30,WTA,Beijing,Bet365,Linda Fruhvirtova,Zhuoxuan Bai,aces,0.5,1.0500,,2026-09-29T20:02:51Z,2026-09-30T05:20:00Z,Team Total (Aces) Away,4,"{'hdp': 0.5, 'over': '1.05'}"
75138484,2026-09-30,WTA,Beijing,Bet365,Linda Fruhvirtova,Zhuoxuan Bai,aces,2.5,1.5300,,2026-09-29T20:02:51Z,2026-09-30T05:20:00Z,Team Total (Aces) Away,4,"{'hdp': 2.5, 'over': '1.53'}"
75138484,2026-09-30,WTA,Beijing,Bet365,Linda Fruhvirtova,Zhuoxuan Bai,aces,4.5,3.0000,,2026-09-29T20:02:51Z,2026-09-30T05:20:00Z,Team Total (Aces) Away,4,"{'hdp': 4.5, 'over': '3.00'}"
75138484,2026-09-30,WTA,Beijing,Bet365,Linda Fruhvirtova,Zhuoxuan Bai,aces,9.5,26.0000,,2026-09-29T20:02:51Z,2026-09-30T05:20:00Z,Team Total (Aces) Away,4,"{'hdp': 9.5, 'over': '26.00'}"
75138484,2026-09-30,WTA,Beijing,Bet365,Linda Fruhvirtova,Zhuoxuan Bai,double_faults,1.5,1.0100,,2026-09-29T20:02:51Z,2026-09-30T05:20:00Z,Team Total (Double Faults) Away,9,"{'hdp': 1.5, 'over': '1.01'}"
75138484,2026-09-30,WTA,Beijing,Bet365,Linda Fruhvirtova,Zhuoxuan Bai,double_faults,2.5,1.0400,,2026-09-29T20:02:51Z,2026-09-30T05:20:00Z,Team Total (Double Faults) Away,9,"{'hdp': 2.5, 'over': '1.04'}"
75138484,2026-09-30,WTA,Beijing,Bet365,Linda Fruhvirtova,Zhuoxuan Bai,double_faults,4.5,1.2200,,2026-09-29T20:02:51Z,2026-09-30T05:20:00Z,Team Total (Double Faults) Away,9,"{'hdp': 4.5, 'over': '1.22'}"
75138484,2026-09-30,WTA,Beijing,Bet365,Linda Fruhvirtova,Zhuoxuan Bai,double_faults,7.5,2.1000,,2026-09-29T20:02:51Z,2026-09-30T05:20:00Z,Team Total (Double Faults) Away,9,"{'hdp': 7.5, 'over': '2.10'}"
75138484,2026-09-30,WTA,Beijing,Bet365,Linda Fruhvirtova,Zhuoxuan Bai,double_faults,9.5,3.7500,,2026-09-29T20:02:51Z,2026-09-30T05:20:00Z,Team Total (Double Faults) Away,9,"{'hdp': 9.5, 'over': '3.75'}"
75138484,2026-09-30,WTA,Beijing,Bet365,Linda Fruhvirtova,Zhuoxuan Bai,double_faults,11.5,7.0000,,2026-09-29T20:02:51Z,2026-09-30T05:20:00Z,Team Total (Double Faults) Away,9,"{'hdp': 11.5, 'over': '7.00'}"
75138484,2026-09-30,WTA,Beijing,Bet365,Linda Fruhvirtova,Zhuoxuan Bai,double_faults,14.5,19.0000,,2026-09-29T20:02:51Z,2026-09-30T05:20:00Z,Team Total (Double Faults) Away,9,"{'hdp': 14.5, 'over': '19.00'}"
75138484,2026-09-30,WTA,Beijing,Bet365,Linda Fruhvirtova,Zhuoxuan Bai,double_faults,19.5,26.0000,,2026-09-29T20:02:51Z,2026-09-30T05:20:00Z,Team Total (Double Faults) Away,9,"{'hdp': 19.5, 'over': '26.00'}"
75138484,2026-09-30,WTA,Beijing,Bet365,Zhuoxuan Bai,Linda Fruhvirtova,double_faults,0.5,1.0800,,2026-09-29T20:02:51Z,2026-09-30T05:20:00Z,Team Total (Double Faults) Home,5,"{'hdp': 0.5, 'over': '1.08'}"
75138484,2026-09-30,WTA,Beijing,Bet365,Zhuoxuan Bai,Linda Fruhvirtova,double_faults,1.5,1.4000,,2026-09-29T20:02:51Z,2026-09-30T05:20:00Z,Team Total (Double Faults) Home,5,"{'hdp': 1.5, 'over': '1.40'}"
75138484,2026-09-30,WTA,Beijing,Bet365,Zhuoxuan Bai,Linda Fruhvirtova,double_faults,2.5,2.1000,,2026-09-29T20:02:51Z,2026-09-30T05:20:00Z,Team Total (Double Faults) Home,5,"{'hdp': 2.5, 'over': '2.10'}"
75138484,2026-09-30,WTA,Beijing,Bet365,Zhuoxuan Bai,Linda Fruhvirtova,double_faults,4.5,6.5000,,2026-09-29T20:02:51Z,2026-09-30T05:20:00Z,Team Total (Double Faults) Home,5,"{'hdp': 4.5, 'over': '6.50'}"
75138484,2026-09-30,WTA,Beijing,Bet365,Zhuoxuan Bai,Linda Fruhvirtova,double_faults,7.5,26.0000,,2026-09-29T20:02:51Z,2026-09-30T05:20:00Z,Team Total (Double Faults) Home,5,"{'hdp': 7.5, 'over': '26.00'}"
75104884,2026-09-30,WTA,Beijing,Bet365,Mayar Sherif Ahmed Abdelaziz,Polina Kudermetova,double_faults,0.5,1.0400,,2026-09-29T20:02:51Z,2026-09-30T04:15:00Z,Team Total (Double Faults) Home,6,"{'hdp': 0.5, 'over': '1.04'}"
75104884,2026-09-30,WTA,Beijing,Bet365,Mayar Sherif Ahmed Abdelaziz,Polina Kudermetova,double_faults,1.5,1.2200,,2026-09-29T20:02:51Z,2026-09-30T04:15:00Z,Team Total (Double Faults) Home,6,"{'hdp': 1.5, 'over': '1.22'}"
75104884,2026-09-30,WTA,Beijing,Bet365,Mayar Sherif Ahmed Abdelaziz,Polina Kudermetova,double_faults,2.5,1.6600,,2026-09-29T20:02:51Z,2026-09-30T04:15:00Z,Team Total (Double Faults) Home,6,"{'hdp': 2.5, 'over': '1.66'}"
75104884,2026-09-30,WTA,Beijing,Bet365,Mayar Sherif Ahmed Abdelaziz,Polina Kudermetova,double_faults,4.5,4.0000,,2026-09-29T20:02:51Z,2026-09-30T04:15:00Z,Team Total (Double Faults) Home,6,"{'hdp': 4.5, 'over': '4.00'}"
75104884,2026-09-30,WTA,Beijing,Bet365,Mayar Sherif Ahmed Abdelaziz,Polina Kudermetova,double_faults,7.5,23.0000,,2026-09-29T20:02:51Z,2026-09-30T04:15:00Z,Team Total (Double Faults) Home,6,"{'hdp': 7.5, 'over': '23.00'}"
75104884,2026-09-30,WTA,Beijing,Bet365,Mayar Sherif Ahmed Abdelaziz,Polina Kudermetova,double_faults,9.5,26.0000,,2026-09-29T20:02:51Z,2026-09-30T04:15:00Z,Team Total (Double Faults) Home,6,"{'hdp': 9.5, 'over': '26.00'}"
75104884,2026-09-30,WTA,Beijing,Bet365,Mayar Sherif Ahmed Abdelaziz,Polina Kudermetova,match_double_faults,4.5,1.0700,,2026-09-29T20:02:51Z,2026-09-30T04:15:00Z,Totals (Double Faults),8,"{'hdp': 4.5, 'over': '1.07'}"
75104884,2026-09-30,WTA,Beijing,Bet365,Mayar Sherif Ahmed Abdelaziz,Polina Kudermetova,match_double_faults,7.5,1.4000,,2026-09-29T20:02:51Z,2026-09-30T04:15:00Z,Totals (Double Faults),8,"{'hdp': 7.5, 'over': '1.40'}"
75104884,2026-09-30,WTA,Beijing,Bet365,Mayar Sherif Ahmed Abdelaziz,Polina Kudermetova,match_double_faults,9.5,1.9000,,2026-09-29T20:02:51Z,2026-09-30T04:15:00Z,Totals (Double Faults),8,"{'hdp': 9.5, 'over': '1.90'}"
75104884,2026-09-30,WTA,Beijing,Bet365,Mayar Sherif Ahmed Abdelaziz,Polina Kudermetova,match_double_faults,11.5,3.0000,,2026-09-29T20:02:51Z,2026-09-30T04:15:00Z,Totals (Double Faults),8,"{'hdp': 11.5, 'over': '3.00'}"
75104884,2026-09-30,WTA,Beijing,Bet365,Mayar Sherif Ahmed Abdelaziz,Polina Kudermetova,match_double_faults,14.5,6.5000,,2026-09-29T20:02:51Z,2026-09-30T04:15:00Z,Totals (Double Faults),8,"{'hdp': 14.5, 'over': '6.50'}"
75104884,2026-09-30,WTA,Beijing,Bet365,Mayar Sherif Ahmed Abdelaziz,Polina Kudermetova,match_double_faults,19.5,26.0000,,2026-09-29T20:02:51Z,2026-09-30T04:15:00Z,Totals (Double Faults),8,"{'hdp': 19.5, 'over': '26.00'}"
75104884,2026-09-30,WTA,Beijing,Bet365,Polina Kudermetova,Mayar Sherif Ahmed Abdelaziz,aces,0.5,1.0300,,2026-09-29T20:02:51Z,2026-09-30T04:15:00Z,Team Total (Aces) Away,5,"{'hdp': 0.5, 'over': '1.03'}"
75104884,2026-09-30,WTA,Beijing,Bet365,Polina Kudermetova,Mayar Sherif Ahmed Abdelaziz,aces,2.5,1.4400,,2026-09-29T20:02:51Z,2026-09-30T04:15:00Z,Team Total (Aces) Away,5,"{'hdp': 2.5, 'over': '1.44'}"
75104884,2026-09-30,WTA,Beijing,Bet365,Polina Kudermetova,Mayar Sherif Ahmed Abdelaziz,aces,4.5,2.6200,,2026-09-29T20:02:51Z,2026-09-30T04:15:00Z,Team Total (Aces) Away,5,"{'hdp': 4.5, 'over': '2.62'}"
75104884,2026-09-30,WTA,Beijing,Bet365,Polina Kudermetova,Mayar Sherif Ahmed Abdelaziz,aces,9.5,23.0000,,2026-09-29T20:02:51Z,2026-09-30T04:15:00Z,Team Total (Aces) Away,5,"{'hdp': 9.5, 'over': '23.00'}"
75104884,2026-09-30,WTA,Beijing,Bet365,Polina Kudermetova,Mayar Sherif Ahmed Abdelaziz,aces,14.5,26.0000,,2026-09-29T20:02:51Z,2026-09-30T04:15:00Z,Team Total (Aces) Away,5,"{'hdp': 14.5, 'over': '26.00'}"
75104884,2026-09-30,WTA,Beijing,Bet365,Mayar Sherif Ahmed Abdelaziz,Polina Kudermetova,match_aces,2.5,1.1200,,2026-09-29T20:02:51Z,2026-09-30T04:15:00Z,Totals (Aces),5,"{'hdp': 2.5, 'over': '1.12'}"
75104884,2026-09-30,WTA,Beijing,Bet365,Mayar Sherif Ahmed Abdelaziz,Polina Kudermetova,match_aces,4.5,1.5700,,2026-09-29T20:02:51Z,2026-09-30T04:15:00Z,Totals (Aces),5,"{'hdp': 4.5, 'over': '1.57'}"
75104884,2026-09-30,WTA,Beijing,Bet365,Mayar Sherif Ahmed Abdelaziz,Polina Kudermetova,match_aces,9.5,6.5000,,2026-09-29T20:02:51Z,2026-09-30T04:15:00Z,Totals (Aces),5,"{'hdp': 9.5, 'over': '6.50'}"
75104884,2026-09-30,WTA,Beijing,Bet365,Mayar Sherif Ahmed Abdelaziz,Polina Kudermetova,match_aces,14.5,26.0000,,2026-09-29T20:02:51Z,2026-09-30T04:15:00Z,Totals (Aces),5,"{'hdp': 14.5, 'over': '26.00'}"
75104884,2026-09-30,WTA,Beijing,Bet365,Mayar Sherif Ahmed Abdelaziz,Polina Kudermetova,aces,0.5,1.1800,,2026-09-29T20:02:51Z,2026-09-30T04:15:00Z,Team Total (Aces) Home,4,"{'hdp': 0.5, 'over': '1.18'}"
75104884,2026-09-30,WTA,Beijing,Bet365,Mayar Sherif Ahmed Abdelaziz,Polina Kudermetova,aces,2.5,2.7500,,2026-09-29T20:02:51Z,2026-09-30T04:15:00Z,Team Total (Aces) Home,4,"{'hdp': 2.5, 'over': '2.75'}"
75104884,2026-09-30,WTA,Beijing,Bet365,Mayar Sherif Ahmed Abdelaziz,Polina Kudermetova,aces,4.5,10.0000,,2026-09-29T20:02:51Z,2026-09-30T04:15:00Z,Team Total (Aces) Home,4,"{'hdp': 4.5, 'over': '10.00'}"
75104884,2026-09-30,WTA,Beijing,Bet365,Mayar Sherif Ahmed Abdelaziz,Polina Kudermetova,aces,9.5,26.0000,,2026-09-29T20:02:51Z,2026-09-30T04:15:00Z,Team Total (Aces) Home,4,"{'hdp': 9.5, 'over': '26.00'}"
75104884,2026-09-30,WTA,Beijing,Bet365,Polina Kudermetova,Mayar Sherif Ahmed Abdelaziz,double_faults,1.5,1.0200,,2026-09-29T20:02:51Z,2026-09-30T04:15:00Z,Team Total (Double Faults) Away,9,"{'hdp': 1.5, 'over': '1.02'}"
75104884,2026-09-30,WTA,Beijing,Bet365,Polina Kudermetova,Mayar Sherif Ahmed Abdelaziz,double_faults,2.5,1.0800,,2026-09-29T20:02:51Z,2026-09-30T04:15:00Z,Team Total (Double Faults) Away,9,"{'hdp': 2.5, 'over': '1.08'}"
75104884,2026-09-30,WTA,Beijing,Bet365,Polina Kudermetova,Mayar Sherif Ahmed Abdelaziz,double_faults,4.5,1.3600,,2026-09-29T20:02:51Z,2026-09-30T04:15:00Z,Team Total (Double Faults) Away,9,"{'hdp': 4.5, 'over': '1.36'}"
75104884,2026-09-30,WTA,Beijing,Bet365,Polina Kudermetova,Mayar Sherif Ahmed Abdelaziz,double_faults,7.5,2.5000,,2026-09-29T20:02:51Z,2026-09-30T04:15:00Z,Team Total (Double Faults) Away,9,"{'hdp': 7.5, 'over': '2.50'}"
75104884,2026-09-30,WTA,Beijing,Bet365,Polina Kudermetova,Mayar Sherif Ahmed Abdelaziz,double_faults,9.5,4.3300,,2026-09-29T20:02:51Z,2026-09-30T04:15:00Z,Team Total (Double Faults) Away,9,"{'hdp': 9.5, 'over': '4.33'}"
75104884,2026-09-30,WTA,Beijing,Bet365,Polina Kudermetova,Mayar Sherif Ahmed Abdelaziz,double_faults,11.5,9.0000,,2026-09-29T20:02:51Z,2026-09-30T04:15:00Z,Team Total (Double Faults) Away,9,"{'hdp': 11.5, 'over': '9.00'}"
75104884,2026-09-30,WTA,Beijing,Bet365,Polina Kudermetova,Mayar Sherif Ahmed Abdelaziz,double_faults,14.5,23.0000,,2026-09-29T20:02:51Z,2026-09-30T04:15:00Z,Team Total (Double Faults) Away,9,"{'hdp': 14.5, 'over': '23.00'}"
75104884,2026-09-30,WTA,Beijing,Bet365,Polina Kudermetova,Mayar Sherif Ahmed Abdelaziz,double_faults,19.5,26.0000,,2026-09-29T20:02:51Z,2026-09-30T04:15:00Z,Team Total (Double Faults) Away,9,"{'hdp': 19.5, 'over': '26.00'}"
75104882,2026-09-30,WTA,Beijing,Bet365,Oleksandra Oliynykova,Yue Yuan,match_double_faults,2.5,1.0200,,2026-09-29T20:02:51Z,2026-09-30T05:25:00Z,Totals (Double Faults),9,"{'hdp': 2.5, 'over': '1.02'}"
75104882,2026-09-30,WTA,Beijing,Bet365,Oleksandra Oliynykova,Yue Yuan,match_double_faults,4.5,1.1600,,2026-09-29T20:02:51Z,2026-09-30T05:25:00Z,Totals (Double Faults),9,"{'hdp': 4.5, 'over': '1.16'}"
75104882,2026-09-30,WTA,Beijing,Bet365,Oleksandra Oliynykova,Yue Yuan,match_double_faults,7.5,1.9000,,2026-09-29T20:02:51Z,2026-09-30T05:25:00Z,Totals (Double Faults),9,"{'hdp': 7.5, 'over': '1.90'}"
75104882,2026-09-30,WTA,Beijing,Bet365,Oleksandra Oliynykova,Yue Yuan,match_double_faults,9.5,3.4000,,2026-09-29T20:02:51Z,2026-09-30T05:25:00Z,Totals (Double Faults),9,"{'hdp': 9.5, 'over': '3.40'}"
75104882,2026-09-30,WTA,Beijing,Bet365,Oleksandra Oliynykova,Yue Yuan,match_double_faults,11.5,6.5000,,2026-09-29T20:02:51Z,2026-09-30T05:25:00Z,Totals (Double Faults),9,"{'hdp': 11.5, 'over': '6.50'}"
75104882,2026-09-30,WTA,Beijing,Bet365,Oleksandra Oliynykova,Yue Yuan,match_double_faults,14.5,19.0000,,2026-09-29T20:02:51Z,2026-09-30T05:25:00Z,Totals (Double Faults),9,"{'hdp': 14.5, 'over': '19.00'}"
75104882,2026-09-30,WTA,Beijing,Bet365,Oleksandra Oliynykova,Yue Yuan,match_double_faults,19.5,26.0000,,2026-09-29T20:02:51Z,2026-09-30T05:25:00Z,Totals (Double Faults),9,"{'hdp': 19.5, 'over': '26.00'}"
75104882,2026-09-30,WTA,Beijing,Bet365,Yue Yuan,Oleksandra Oliynykova,double_faults,0.5,1.0700,,2026-09-29T20:02:51Z,2026-09-30T05:25:00Z,Team Total (Double Faults) Away,5,"{'hdp': 0.5, 'over': '1.07'}"
75104882,2026-09-30,WTA,Beijing,Bet365,Yue Yuan,Oleksandra Oliynykova,double_faults,1.5,1.3000,,2026-09-29T20:02:51Z,2026-09-30T05:25:00Z,Team Total (Double Faults) Away,5,"{'hdp': 1.5, 'over': '1.30'}"
75104882,2026-09-30,WTA,Beijing,Bet365,Yue Yuan,Oleksandra Oliynykova,double_faults,2.5,1.8300,,2026-09-29T20:02:51Z,2026-09-30T05:25:00Z,Team Total (Double Faults) Away,5,"{'hdp': 2.5, 'over': '1.83'}"
75104882,2026-09-30,WTA,Beijing,Bet365,Yue Yuan,Oleksandra Oliynykova,double_faults,4.5,4.5000,,2026-09-29T20:02:51Z,2026-09-30T05:25:00Z,Team Total (Double Faults) Away,5,"{'hdp': 4.5, 'over': '4.50'}"
75104882,2026-09-30,WTA,Beijing,Bet365,Yue Yuan,Oleksandra Oliynykova,double_faults,7.5,26.0000,,2026-09-29T20:02:51Z,2026-09-30T05:25:00Z,Team Total (Double Faults) Away,5,"{'hdp': 7.5, 'over': '26.00'}"
75104882,2026-09-30,WTA,Beijing,Bet365,Oleksandra Oliynykova,Yue Yuan,double_faults,1.5,1.0600,,2026-09-29T20:02:51Z,2026-09-30T05:25:00Z,Team Total (Double Faults) Home,7,"{'hdp': 1.5, 'over': '1.06'}"
75104882,2026-09-30,WTA,Beijing,Bet365,Oleksandra Oliynykova,Yue Yuan,double_faults,2.5,1.2000,,2026-09-29T20:02:51Z,2026-09-30T05:25:00Z,Team Total (Double Faults) Home,7,"{'hdp': 2.5, 'over': '1.20'}"
75104882,2026-09-30,WTA,Beijing,Bet365,Oleksandra Oliynykova,Yue Yuan,double_faults,4.5,1.8300,,2026-09-29T20:02:51Z,2026-09-30T05:25:00Z,Team Total (Double Faults) Home,7,"{'hdp': 4.5, 'over': '1.83'}"
75104882,2026-09-30,WTA,Beijing,Bet365,Oleksandra Oliynykova,Yue Yuan,double_faults,7.5,6.0000,,2026-09-29T20:02:51Z,2026-09-30T05:25:00Z,Team Total (Double Faults) Home,7,"{'hdp': 7.5, 'over': '6.00'}"
75104882,2026-09-30,WTA,Beijing,Bet365,Oleksandra Oliynykova,Yue Yuan,double_faults,9.5,15.0000,,2026-09-29T20:02:51Z,2026-09-30T05:25:00Z,Team Total (Double Faults) Home,7,"{'hdp': 9.5, 'over': '15.00'}"
75104882,2026-09-30,WTA,Beijing,Bet365,Oleksandra Oliynykova,Yue Yuan,double_faults,11.5,26.0000,,2026-09-29T20:02:51Z,2026-09-30T05:25:00Z,Team Total (Double Faults) Home,7,"{'hdp': 11.5, 'over': '26.00'}"
75138482,2026-09-30,WTA,Beijing,Bet365,Maddison Inglis,Zeynep Sonmez,match_double_faults,2.5,1.0200,,2026-09-29T20:02:51Z,2026-09-30T06:00:00Z,Totals (Double Faults),9,"{'hdp': 2.5, 'over': '1.02'}"
75138482,2026-09-30,WTA,Beijing,Bet365,Maddison Inglis,Zeynep Sonmez,match_double_faults,4.5,1.1600,,2026-09-29T20:02:51Z,2026-09-30T06:00:00Z,Totals (Double Faults),9,"{'hdp': 4.5, 'over': '1.16'}"
75138482,2026-09-30,WTA,Beijing,Bet365,Maddison Inglis,Zeynep Sonmez,match_double_faults,7.5,1.9000,,2026-09-29T20:02:51Z,2026-09-30T06:00:00Z,Totals (Double Faults),9,"{'hdp': 7.5, 'over': '1.90'}"
75138482,2026-09-30,WTA,Beijing,Bet365,Maddison Inglis,Zeynep Sonmez,match_double_faults,9.5,3.4000,,2026-09-29T20:02:51Z,2026-09-30T06:00:00Z,Totals (Double Faults),9,"{'hdp': 9.5, 'over': '3.40'}"
75138482,2026-09-30,WTA,Beijing,Bet365,Maddison Inglis,Zeynep Sonmez,match_double_faults,11.5,6.5000,,2026-09-29T20:02:51Z,2026-09-30T06:00:00Z,Totals (Double Faults),9,"{'hdp': 11.5, 'over': '6.50'}"
75138482,2026-09-30,WTA,Beijing,Bet365,Maddison Inglis,Zeynep Sonmez,match_double_faults,14.5,19.0000,,2026-09-29T20:02:51Z,2026-09-30T06:00:00Z,Totals (Double Faults),9,"{'hdp': 14.5, 'over': '19.00'}"
75138482,2026-09-30,WTA,Beijing,Bet365,Maddison Inglis,Zeynep Sonmez,match_double_faults,19.5,26.0000,,2026-09-29T20:02:51Z,2026-09-30T06:00:00Z,Totals (Double Faults),9,"{'hdp': 19.5, 'over': '26.00'}"
75138482,2026-09-30,WTA,Beijing,Bet365,Zeynep Sonmez,Maddison Inglis,double_faults,0.5,1.0500,,2026-09-29T20:02:51Z,2026-09-30T06:00:00Z,Team Total (Double Faults) Away,6,"{'hdp': 0.5, 'over': '1.05'}"
75138482,2026-09-30,WTA,Beijing,Bet365,Zeynep Sonmez,Maddison Inglis,double_faults,1.5,1.2200,,2026-09-29T20:02:51Z,2026-09-30T06:00:00Z,Team Total (Double Faults) Away,6,"{'hdp': 1.5, 'over': '1.22'}"
75138482,2026-09-30,WTA,Beijing,Bet365,Zeynep Sonmez,Maddison Inglis,double_faults,2.5,1.5700,,2026-09-29T20:02:51Z,2026-09-30T06:00:00Z,Team Total (Double Faults) Away,6,"{'hdp': 2.5, 'over': '1.57'}"
75138482,2026-09-30,WTA,Beijing,Bet365,Zeynep Sonmez,Maddison Inglis,double_faults,4.5,3.5000,,2026-09-29T20:02:51Z,2026-09-30T06:00:00Z,Team Total (Double Faults) Away,6,"{'hdp': 4.5, 'over': '3.50'}"
75138482,2026-09-30,WTA,Beijing,Bet365,Zeynep Sonmez,Maddison Inglis,double_faults,7.5,17.0000,,2026-09-29T20:02:51Z,2026-09-30T06:00:00Z,Team Total (Double Faults) Away,6,"{'hdp': 7.5, 'over': '17.00'}"
75138482,2026-09-30,WTA,Beijing,Bet365,Zeynep Sonmez,Maddison Inglis,double_faults,9.5,26.0000,,2026-09-29T20:02:51Z,2026-09-30T06:00:00Z,Team Total (Double Faults) Away,6,"{'hdp': 9.5, 'over': '26.00'}"
75138482,2026-09-30,WTA,Beijing,Bet365,Maddison Inglis,Zeynep Sonmez,double_faults,0.5,1.0100,,2026-09-29T20:02:51Z,2026-09-30T06:00:00Z,Team Total (Double Faults) Home,7,"{'hdp': 0.5, 'over': '1.01'}"
75138482,2026-09-30,WTA,Beijing,Bet365,Maddison Inglis,Zeynep Sonmez,double_faults,1.5,1.0800,,2026-09-29T20:02:51Z,2026-09-30T06:00:00Z,Team Total (Double Faults) Home,7,"{'hdp': 1.5, 'over': '1.08'}"
75138482,2026-09-30,WTA,Beijing,Bet365,Maddison Inglis,Zeynep Sonmez,double_faults,2.5,1.2500,,2026-09-29T20:02:51Z,2026-09-30T06:00:00Z,Team Total (Double Faults) Home,7,"{'hdp': 2.5, 'over': '1.25'}"
75138482,2026-09-30,WTA,Beijing,Bet365,Maddison Inglis,Zeynep Sonmez,double_faults,4.5,2.1000,,2026-09-29T20:02:51Z,2026-09-30T06:00:00Z,Team Total (Double Faults) Home,7,"{'hdp': 4.5, 'over': '2.10'}"
75138482,2026-09-30,WTA,Beijing,Bet365,Maddison Inglis,Zeynep Sonmez,double_faults,7.5,8.0000,,2026-09-29T20:02:51Z,2026-09-30T06:00:00Z,Team Total (Double Faults) Home,7,"{'hdp': 7.5, 'over': '8.00'}"
75138482,2026-09-30,WTA,Beijing,Bet365,Maddison Inglis,Zeynep Sonmez,double_faults,9.5,21.0000,,2026-09-29T20:02:51Z,2026-09-30T06:00:00Z,Team Total (Double Faults) Home,7,"{'hdp': 9.5, 'over': '21.00'}"
75138482,2026-09-30,WTA,Beijing,Bet365,Maddison Inglis,Zeynep Sonmez,double_faults,11.5,26.0000,,2026-09-29T20:02:51Z,2026-09-30T06:00:00Z,Team Total (Double Faults) Home,7,"{'hdp': 11.5, 'over': '26.00'}"
75138486,2026-09-30,WTA,Beijing,Bet365,Mai Hontama,Katie Boulter,double_faults,0.5,1.0100,,2026-09-29T20:02:51Z,2026-09-30T06:45:00Z,Team Total (Double Faults) Home,7,"{'hdp': 0.5, 'over': '1.01'}"
75138486,2026-09-30,WTA,Beijing,Bet365,Mai Hontama,Katie Boulter,double_faults,1.5,1.0800,,2026-09-29T20:02:51Z,2026-09-30T06:45:00Z,Team Total (Double Faults) Home,7,"{'hdp': 1.5, 'over': '1.08'}"
75138486,2026-09-30,WTA,Beijing,Bet365,Mai Hontama,Katie Boulter,double_faults,2.5,1.2800,,2026-09-29T20:02:51Z,2026-09-30T06:45:00Z,Team Total (Double Faults) Home,7,"{'hdp': 2.5, 'over': '1.28'}"
75138486,2026-09-30,WTA,Beijing,Bet365,Mai Hontama,Katie Boulter,double_faults,4.5,2.2500,,2026-09-29T20:02:51Z,2026-09-30T06:45:00Z,Team Total (Double Faults) Home,7,"{'hdp': 4.5, 'over': '2.25'}"
75138486,2026-09-30,WTA,Beijing,Bet365,Mai Hontama,Katie Boulter,double_faults,7.5,9.0000,,2026-09-29T20:02:51Z,2026-09-30T06:45:00Z,Team Total (Double Faults) Home,7,"{'hdp': 7.5, 'over': '9.00'}"
75138486,2026-09-30,WTA,Beijing,Bet365,Mai Hontama,Katie Boulter,double_faults,9.5,23.0000,,2026-09-29T20:02:51Z,2026-09-30T06:45:00Z,Team Total (Double Faults) Home,7,"{'hdp': 9.5, 'over': '23.00'}"
75138486,2026-09-30,WTA,Beijing,Bet365,Mai Hontama,Katie Boulter,double_faults,11.5,26.0000,,2026-09-29T20:02:51Z,2026-09-30T06:45:00Z,Team Total (Double Faults) Home,7,"{'hdp': 11.5, 'over': '26.00'}"
75138486,2026-09-30,WTA,Beijing,Bet365,Mai Hontama,Katie Boulter,match_double_faults,4.5,1.0400,,2026-09-29T20:02:51Z,2026-09-30T06:45:00Z,Totals (Double Faults),9,"{'hdp': 4.5, 'over': '1.04'}"
75138486,2026-09-30,WTA,Beijing,Bet365,Mai Hontama,Katie Boulter,match_double_faults,7.5,1.2500,,2026-09-29T20:02:51Z,2026-09-30T06:45:00Z,Totals (Double Faults),9,"{'hdp': 7.5, 'over': '1.25'}"
75138486,2026-09-30,WTA,Beijing,Bet365,Mai Hontama,Katie Boulter,match_double_faults,9.5,1.6100,,2026-09-29T20:02:51Z,2026-09-30T06:45:00Z,Totals (Double Faults),9,"{'hdp': 9.5, 'over': '1.61'}"
75138486,2026-09-30,WTA,Beijing,Bet365,Mai Hontama,Katie Boulter,match_double_faults,11.5,2.2500,,2026-09-29T20:02:51Z,2026-09-30T06:45:00Z,Totals (Double Faults),9,"{'hdp': 11.5, 'over': '2.25'}"
75138486,2026-09-30,WTA,Beijing,Bet365,Mai Hontama,Katie Boulter,match_double_faults,14.5,4.3300,,2026-09-29T20:02:51Z,2026-09-30T06:45:00Z,Totals (Double Faults),9,"{'hdp': 14.5, 'over': '4.33'}"
75138486,2026-09-30,WTA,Beijing,Bet365,Mai Hontama,Katie Boulter,match_double_faults,19.5,17.0000,,2026-09-29T20:02:51Z,2026-09-30T06:45:00Z,Totals (Double Faults),9,"{'hdp': 19.5, 'over': '17.00'}"
75138486,2026-09-30,WTA,Beijing,Bet365,Mai Hontama,Katie Boulter,match_double_faults,24.5,26.0000,,2026-09-29T20:02:51Z,2026-09-30T06:45:00Z,Totals (Double Faults),9,"{'hdp': 24.5, 'over': '26.00'}"
75138486,2026-09-30,WTA,Beijing,Bet365,Katie Boulter,Mai Hontama,double_faults,1.5,1.0200,,2026-09-29T20:02:51Z,2026-09-30T06:45:00Z,Team Total (Double Faults) Away,9,"{'hdp': 1.5, 'over': '1.02'}"
75138486,2026-09-30,WTA,Beijing,Bet365,Katie Boulter,Mai Hontama,double_faults,2.5,1.0800,,2026-09-29T20:02:51Z,2026-09-30T06:45:00Z,Team Total (Double Faults) Away,9,"{'hdp': 2.5, 'over': '1.08'}"
75138486,2026-09-30,WTA,Beijing,Bet365,Katie Boulter,Mai Hontama,double_faults,4.5,1.3600,,2026-09-29T20:02:51Z,2026-09-30T06:45:00Z,Team Total (Double Faults) Away,9,"{'hdp': 4.5, 'over': '1.36'}"
75138486,2026-09-30,WTA,Beijing,Bet365,Katie Boulter,Mai Hontama,double_faults,7.5,2.5000,,2026-09-29T20:02:51Z,2026-09-30T06:45:00Z,Team Total (Double Faults) Away,9,"{'hdp': 7.5, 'over': '2.50'}"
75138486,2026-09-30,WTA,Beijing,Bet365,Katie Boulter,Mai Hontama,double_faults,9.5,4.3300,,2026-09-29T20:02:51Z,2026-09-30T06:45:00Z,Team Total (Double Faults) Away,9,"{'hdp': 9.5, 'over': '4.33'}"
75138486,2026-09-30,WTA,Beijing,Bet365,Katie Boulter,Mai Hontama,double_faults,11.5,8.0000,,2026-09-29T20:02:51Z,2026-09-30T06:45:00Z,Team Total (Double Faults) Away,9,"{'hdp': 11.5, 'over': '8.00'}"
75138486,2026-09-30,WTA,Beijing,Bet365,Katie Boulter,Mai Hontama,double_faults,14.5,21.0000,,2026-09-29T20:02:51Z,2026-09-30T06:45:00Z,Team Total (Double Faults) Away,9,"{'hdp': 14.5, 'over': '21.00'}"
75138486,2026-09-30,WTA,Beijing,Bet365,Katie Boulter,Mai Hontama,double_faults,19.5,26.0000,,2026-09-29T20:02:51Z,2026-09-30T06:45:00Z,Team Total (Double Faults) Away,9,"{'hdp': 19.5, 'over': '26.00'}"
75138488,2026-09-30,WTA,Beijing,Bet365,Katarzyna Kawa,Daria Snigur,double_faults,1.5,1.0200,,2026-09-29T20:02:51Z,2026-09-30T04:10:00Z,Team Total (Double Faults) Away,8,"{'hdp': 1.5, 'over': '1.02'}"
75138488,2026-09-30,WTA,Beijing,Bet365,Katarzyna Kawa,Daria Snigur,double_faults,2.5,1.1100,,2026-09-29T20:02:51Z,2026-09-30T04:10:00Z,Team Total (Double Faults) Away,8,"{'hdp': 2.5, 'over': '1.11'}"
75138488,2026-09-30,WTA,Beijing,Bet365,Katarzyna Kawa,Daria Snigur,double_faults,4.5,1.5700,,2026-09-29T20:02:51Z,2026-09-30T04:10:00Z,Team Total (Double Faults) Away,8,"{'hdp': 4.5, 'over': '1.57'}"
75138488,2026-09-30,WTA,Beijing,Bet365,Katarzyna Kawa,Daria Snigur,double_faults,7.5,4.0000,,2026-09-29T20:02:51Z,2026-09-30T04:10:00Z,Team Total (Double Faults) Away,8,"{'hdp': 7.5, 'over': '4.00'}"
75138488,2026-09-30,WTA,Beijing,Bet365,Katarzyna Kawa,Daria Snigur,double_faults,9.5,10.0000,,2026-09-29T20:02:51Z,2026-09-30T04:10:00Z,Team Total (Double Faults) Away,8,"{'hdp': 9.5, 'over': '10.00'}"
75138488,2026-09-30,WTA,Beijing,Bet365,Katarzyna Kawa,Daria Snigur,double_faults,11.5,23.0000,,2026-09-29T20:02:51Z,2026-09-30T04:10:00Z,Team Total (Double Faults) Away,8,"{'hdp': 11.5, 'over': '23.00'}"
75138488,2026-09-30,WTA,Beijing,Bet365,Katarzyna Kawa,Daria Snigur,double_faults,14.5,26.0000,,2026-09-29T20:02:51Z,2026-09-30T04:10:00Z,Team Total (Double Faults) Away,8,"{'hdp': 14.5, 'over': '26.00'}"
75138488,2026-09-30,WTA,Beijing,Bet365,Daria Snigur,Katarzyna Kawa,double_faults,0.5,1.0800,,2026-09-29T20:02:51Z,2026-09-30T04:10:00Z,Team Total (Double Faults) Home,6,"{'hdp': 0.5, 'over': '1.08'}"
75138488,2026-09-30,WTA,Beijing,Bet365,Daria Snigur,Katarzyna Kawa,double_faults,1.5,1.3600,,2026-09-29T20:02:51Z,2026-09-30T04:10:00Z,Team Total (Double Faults) Home,6,"{'hdp': 1.5, 'over': '1.36'}"
75138488,2026-09-30,WTA,Beijing,Bet365,Daria Snigur,Katarzyna Kawa,double_faults,2.5,1.8300,,2026-09-29T20:02:51Z,2026-09-30T04:10:00Z,Team Total (Double Faults) Home,6,"{'hdp': 2.5, 'over': '1.83'}"
75138488,2026-09-30,WTA,Beijing,Bet365,Daria Snigur,Katarzyna Kawa,double_faults,4.5,4.5000,,2026-09-29T20:02:51Z,2026-09-30T04:10:00Z,Team Total (Double Faults) Home,6,"{'hdp': 4.5, 'over': '4.50'}"
75138488,2026-09-30,WTA,Beijing,Bet365,Daria Snigur,Katarzyna Kawa,double_faults,7.5,23.0000,,2026-09-29T20:02:51Z,2026-09-30T04:10:00Z,Team Total (Double Faults) Home,6,"{'hdp': 7.5, 'over': '23.00'}"
75138488,2026-09-30,WTA,Beijing,Bet365,Daria Snigur,Katarzyna Kawa,double_faults,9.5,26.0000,,2026-09-29T20:02:51Z,2026-09-30T04:10:00Z,Team Total (Double Faults) Home,6,"{'hdp': 9.5, 'over': '26.00'}"
75138488,2026-09-30,WTA,Beijing,Bet365,Daria Snigur,Katarzyna Kawa,match_double_faults,2.5,1.0100,,2026-09-29T20:02:51Z,2026-09-30T04:10:00Z,Totals (Double Faults),9,"{'hdp': 2.5, 'over': '1.01'}"
75138488,2026-09-30,WTA,Beijing,Bet365,Daria Snigur,Katarzyna Kawa,match_double_faults,4.5,1.1200,,2026-09-29T20:02:51Z,2026-09-30T04:10:00Z,Totals (Double Faults),9,"{'hdp': 4.5, 'over': '1.12'}"
75138488,2026-09-30,WTA,Beijing,Bet365,Daria Snigur,Katarzyna Kawa,match_double_faults,7.5,1.7200,,2026-09-29T20:02:51Z,2026-09-30T04:10:00Z,Totals (Double Faults),9,"{'hdp': 7.5, 'over': '1.72'}"
75138488,2026-09-30,WTA,Beijing,Bet365,Daria Snigur,Katarzyna Kawa,match_double_faults,9.5,2.7500,,2026-09-29T20:02:51Z,2026-09-30T04:10:00Z,Totals (Double Faults),9,"{'hdp': 9.5, 'over': '2.75'}"
75138488,2026-09-30,WTA,Beijing,Bet365,Daria Snigur,Katarzyna Kawa,match_double_faults,11.5,5.0000,,2026-09-29T20:02:51Z,2026-09-30T04:10:00Z,Totals (Double Faults),9,"{'hdp': 11.5, 'over': '5.00'}"
75138488,2026-09-30,WTA,Beijing,Bet365,Daria Snigur,Katarzyna Kawa,match_double_faults,14.5,13.0000,,2026-09-29T20:02:51Z,2026-09-30T04:10:00Z,Totals (Double Faults),9,"{'hdp': 14.5, 'over': '13.00'}"
75138488,2026-09-30,WTA,Beijing,Bet365,Daria Snigur,Katarzyna Kawa,match_double_faults,19.5,26.0000,,2026-09-29T20:02:51Z,2026-09-30T04:10:00Z,Totals (Double Faults),9,"{'hdp': 19.5, 'over': '26.00'}"
75138490,2026-09-30,WTA,Beijing,Bet365,Talia Gibson,Aliaksandra Sasnovich,double_faults,1.5,1.0400,,2026-09-29T20:02:51Z,2026-09-30T04:10:00Z,Team Total (Double Faults) Away,8,"{'hdp': 1.5, 'over': '1.04'}"
75138490,2026-09-30,WTA,Beijing,Bet365,Talia Gibson,Aliaksandra Sasnovich,double_faults,2.5,1.1200,,2026-09-29T20:02:51Z,2026-09-30T04:10:00Z,Team Total (Double Faults) Away,8,"{'hdp': 2.5, 'over': '1.12'}"
75138490,2026-09-30,WTA,Beijing,Bet365,Talia Gibson,Aliaksandra Sasnovich,double_faults,4.5,1.5700,,2026-09-29T20:02:51Z,2026-09-30T04:10:00Z,Team Total (Double Faults) Away,8,"{'hdp': 4.5, 'over': '1.57'}"
75138490,2026-09-30,WTA,Beijing,Bet365,Talia Gibson,Aliaksandra Sasnovich,double_faults,7.5,3.7500,,2026-09-29T20:02:51Z,2026-09-30T04:10:00Z,Team Total (Double Faults) Away,8,"{'hdp': 7.5, 'over': '3.75'}"
75138490,2026-09-30,WTA,Beijing,Bet365,Talia Gibson,Aliaksandra Sasnovich,double_faults,9.5,8.0000,,2026-09-29T20:02:51Z,2026-09-30T04:10:00Z,Team Total (Double Faults) Away,8,"{'hdp': 9.5, 'over': '8.00'}"
75138490,2026-09-30,WTA,Beijing,Bet365,Talia Gibson,Aliaksandra Sasnovich,double_faults,11.5,17.0000,,2026-09-29T20:02:51Z,2026-09-30T04:10:00Z,Team Total (Double Faults) Away,8,"{'hdp': 11.5, 'over': '17.00'}"
75138490,2026-09-30,WTA,Beijing,Bet365,Talia Gibson,Aliaksandra Sasnovich,double_faults,14.5,26.0000,,2026-09-29T20:02:51Z,2026-09-30T04:10:00Z,Team Total (Double Faults) Away,8,"{'hdp': 14.5, 'over': '26.00'}"
75138490,2026-09-30,WTA,Beijing,Bet365,Aliaksandra Sasnovich,Talia Gibson,match_double_faults,4.5,1.0400,,2026-09-29T20:02:51Z,2026-09-30T04:10:00Z,Totals (Double Faults),9,"{'hdp': 4.5, 'over': '1.04'}"
75138490,2026-09-30,WTA,Beijing,Bet365,Aliaksandra Sasnovich,Talia Gibson,match_double_faults,7.5,1.3000,,2026-09-29T20:02:51Z,2026-09-30T04:10:00Z,Totals (Double Faults),9,"{'hdp': 7.5, 'over': '1.30'}"
75138490,2026-09-30,WTA,Beijing,Bet365,Aliaksandra Sasnovich,Talia Gibson,match_double_faults,9.5,1.7200,,2026-09-29T20:02:51Z,2026-09-30T04:10:00Z,Totals (Double Faults),9,"{'hdp': 9.5, 'over': '1.72'}"
75138490,2026-09-30,WTA,Beijing,Bet365,Aliaksandra Sasnovich,Talia Gibson,match_double_faults,11.5,2.6200,,2026-09-29T20:02:51Z,2026-09-30T04:10:00Z,Totals (Double Faults),9,"{'hdp': 11.5, 'over': '2.62'}"
75138490,2026-09-30,WTA,Beijing,Bet365,Aliaksandra Sasnovich,Talia Gibson,match_double_faults,14.5,5.5000,,2026-09-29T20:02:51Z,2026-09-30T04:10:00Z,Totals (Double Faults),9,"{'hdp': 14.5, 'over': '5.50'}"
75138490,2026-09-30,WTA,Beijing,Bet365,Aliaksandra Sasnovich,Talia Gibson,match_double_faults,19.5,23.0000,,2026-09-29T20:02:51Z,2026-09-30T04:10:00Z,Totals (Double Faults),9,"{'hdp': 19.5, 'over': '23.00'}"
75138490,2026-09-30,WTA,Beijing,Bet365,Aliaksandra Sasnovich,Talia Gibson,match_double_faults,24.5,26.0000,,2026-09-29T20:02:51Z,2026-09-30T04:10:00Z,Totals (Double Faults),9,"{'hdp': 24.5, 'over': '26.00'}"
75138490,2026-09-30,WTA,Beijing,Bet365,Aliaksandra Sasnovich,Talia Gibson,double_faults,0.5,1.0100,,2026-09-29T20:02:51Z,2026-09-30T04:10:00Z,Team Total (Double Faults) Home,7,"{'hdp': 0.5, 'over': '1.01'}"
75138490,2026-09-30,WTA,Beijing,Bet365,Aliaksandra Sasnovich,Talia Gibson,double_faults,1.5,1.0600,,2026-09-29T20:02:51Z,2026-09-30T04:10:00Z,Team Total (Double Faults) Home,7,"{'hdp': 1.5, 'over': '1.06'}"
75138490,2026-09-30,WTA,Beijing,Bet365,Aliaksandra Sasnovich,Talia Gibson,double_faults,2.5,1.2000,,2026-09-29T20:02:51Z,2026-09-30T04:10:00Z,Team Total (Double Faults) Home,7,"{'hdp': 2.5, 'over': '1.20'}"
75138490,2026-09-30,WTA,Beijing,Bet365,Aliaksandra Sasnovich,Talia Gibson,double_faults,4.5,1.9000,,2026-09-29T20:02:51Z,2026-09-30T04:10:00Z,Team Total (Double Faults) Home,7,"{'hdp': 4.5, 'over': '1.90'}"
75138490,2026-09-30,WTA,Beijing,Bet365,Aliaksandra Sasnovich,Talia Gibson,double_faults,7.5,6.0000,,2026-09-29T20:02:51Z,2026-09-30T04:10:00Z,Team Total (Double Faults) Home,7,"{'hdp': 7.5, 'over': '6.00'}"
75138490,2026-09-30,WTA,Beijing,Bet365,Aliaksandra Sasnovich,Talia Gibson,double_faults,9.5,15.0000,,2026-09-29T20:02:51Z,2026-09-30T04:10:00Z,Team Total (Double Faults) Home,7,"{'hdp': 9.5, 'over': '15.00'}"
75138490,2026-09-30,WTA,Beijing,Bet365,Aliaksandra Sasnovich,Talia Gibson,double_faults,11.5,26.0000,,2026-09-29T20:02:51Z,2026-09-30T04:10:00Z,Team Total (Double Faults) Home,7,"{'hdp': 11.5, 'over': '26.00'}"
75094666,2026-09-30,ATP,Tokyo,Bet365,Matteo Arnaldi,Rei Sakamoto,double_faults,0.5,1.0200,,2026-09-29T20:02:51Z,2026-09-30T08:15:00Z,Team Total (Double Faults) Home,6,"{'hdp': 0.5, 'over': '1.02'}"
75094666,2026-09-30,ATP,Tokyo,Bet365,Matteo Arnaldi,Rei Sakamoto,double_faults,1.5,1.1400,,2026-09-29T20:02:51Z,2026-09-30T08:15:00Z,Team Total (Double Faults) Home,6,"{'hdp': 1.5, 'over': '1.14'}"
75094666,2026-09-30,ATP,Tokyo,Bet365,Matteo Arnaldi,Rei Sakamoto,double_faults,2.5,1.4000,,2026-09-29T20:02:51Z,2026-09-30T08:15:00Z,Team Total (Double Faults) Home,6,"{'hdp': 2.5, 'over': '1.40'}"
75094666,2026-09-30,ATP,Tokyo,Bet365,Matteo Arnaldi,Rei Sakamoto,double_faults,4.5,2.7500,,2026-09-29T20:02:51Z,2026-09-30T08:15:00Z,Team Total (Double Faults) Home,6,"{'hdp': 4.5, 'over': '2.75'}"
75094666,2026-09-30,ATP,Tokyo,Bet365,Matteo Arnaldi,Rei Sakamoto,double_faults,7.5,13.0000,,2026-09-29T20:02:51Z,2026-09-30T08:15:00Z,Team Total (Double Faults) Home,6,"{'hdp': 7.5, 'over': '13.00'}"
75094666,2026-09-30,ATP,Tokyo,Bet365,Matteo Arnaldi,Rei Sakamoto,double_faults,9.5,26.0000,,2026-09-29T20:02:51Z,2026-09-30T08:15:00Z,Team Total (Double Faults) Home,6,"{'hdp': 9.5, 'over': '26.00'}"
75094666,2026-09-30,ATP,Tokyo,Bet365,Matteo Arnaldi,Rei Sakamoto,match_double_faults,1.5,1.0200,,2026-09-29T20:02:51Z,2026-09-30T08:15:00Z,Totals (Double Faults),8,"{'hdp': 1.5, 'over': '1.02'}"
75094666,2026-09-30,ATP,Tokyo,Bet365,Matteo Arnaldi,Rei Sakamoto,match_double_faults,2.5,1.0800,,2026-09-29T20:02:51Z,2026-09-30T08:15:00Z,Totals (Double Faults),8,"{'hdp': 2.5, 'over': '1.08'}"
75094666,2026-09-30,ATP,Tokyo,Bet365,Matteo Arnaldi,Rei Sakamoto,match_double_faults,4.5,1.4400,,2026-09-29T20:02:51Z,2026-09-30T08:15:00Z,Totals (Double Faults),8,"{'hdp': 4.5, 'over': '1.44'}"
75094666,2026-09-30,ATP,Tokyo,Bet365,Matteo Arnaldi,Rei Sakamoto,match_double_faults,7.5,3.5000,,2026-09-29T20:02:51Z,2026-09-30T08:15:00Z,Totals (Double Faults),8,"{'hdp': 7.5, 'over': '3.50'}"
75094666,2026-09-30,ATP,Tokyo,Bet365,Matteo Arnaldi,Rei Sakamoto,match_double_faults,9.5,8.0000,,2026-09-29T20:02:51Z,2026-09-30T08:15:00Z,Totals (Double Faults),8,"{'hdp': 9.5, 'over': '8.00'}"
75094666,2026-09-30,ATP,Tokyo,Bet365,Matteo Arnaldi,Rei Sakamoto,match_double_faults,11.5,19.0000,,2026-09-29T20:02:51Z,2026-09-30T08:15:00Z,Totals (Double Faults),8,"{'hdp': 11.5, 'over': '19.00'}"
75094666,2026-09-30,ATP,Tokyo,Bet365,Matteo Arnaldi,Rei Sakamoto,match_double_faults,14.5,26.0000,,2026-09-29T20:02:51Z,2026-09-30T08:15:00Z,Totals (Double Faults),8,"{'hdp': 14.5, 'over': '26.00'}"
75094666,2026-09-30,ATP,Tokyo,Bet365,Rei Sakamoto,Matteo Arnaldi,double_faults,0.5,1.1200,,2026-09-29T20:02:51Z,2026-09-30T08:15:00Z,Team Total (Double Faults) Away,5,"{'hdp': 0.5, 'over': '1.12'}"
75094666,2026-09-30,ATP,Tokyo,Bet365,Rei Sakamoto,Matteo Arnaldi,double_faults,1.5,1.5300,,2026-09-29T20:02:51Z,2026-09-30T08:15:00Z,Team Total (Double Faults) Away,5,"{'hdp': 1.5, 'over': '1.53'}"
75094666,2026-09-30,ATP,Tokyo,Bet365,Rei Sakamoto,Matteo Arnaldi,double_faults,2.5,2.5000,,2026-09-29T20:02:51Z,2026-09-30T08:15:00Z,Team Total (Double Faults) Away,5,"{'hdp': 2.5, 'over': '2.50'}"
75094666,2026-09-30,ATP,Tokyo,Bet365,Rei Sakamoto,Matteo Arnaldi,double_faults,4.5,10.0000,,2026-09-29T20:02:51Z,2026-09-30T08:15:00Z,Team Total (Double Faults) Away,5,"{'hdp': 4.5, 'over': '10.00'}"
75094666,2026-09-30,ATP,Tokyo,Bet365,Rei Sakamoto,Matteo Arnaldi,double_faults,7.5,26.0000,,2026-09-29T20:02:51Z,2026-09-30T08:15:00Z,Team Total (Double Faults) Away,5,"{'hdp': 7.5, 'over': '26.00'}"
75104886,2026-09-30,WTA,Beijing,Bet365,Taylah Preston,Tamara Korpatsch,double_faults,0.5,1.0100,,2026-09-29T20:02:51Z,2026-09-30T08:30:00Z,Team Total (Double Faults) Home,7,"{'hdp': 0.5, 'over': '1.01'}"
75104886,2026-09-30,WTA,Beijing,Bet365,Taylah Preston,Tamara Korpatsch,double_faults,1.5,1.0800,,2026-09-29T20:02:51Z,2026-09-30T08:30:00Z,Team Total (Double Faults) Home,7,"{'hdp': 1.5, 'over': '1.08'}"
75104886,2026-09-30,WTA,Beijing,Bet365,Taylah Preston,Tamara Korpatsch,double_faults,2.5,1.2500,,2026-09-29T20:02:51Z,2026-09-30T08:30:00Z,Team Total (Double Faults) Home,7,"{'hdp': 2.5, 'over': '1.25'}"
75104886,2026-09-30,WTA,Beijing,Bet365,Taylah Preston,Tamara Korpatsch,double_faults,4.5,1.9000,,2026-09-29T20:02:51Z,2026-09-30T08:30:00Z,Team Total (Double Faults) Home,7,"{'hdp': 4.5, 'over': '1.90'}"
75104886,2026-09-30,WTA,Beijing,Bet365,Taylah Preston,Tamara Korpatsch,double_faults,7.5,5.5000,,2026-09-29T20:02:51Z,2026-09-30T08:30:00Z,Team Total (Double Faults) Home,7,"{'hdp': 7.5, 'over': '5.50'}"
75104886,2026-09-30,WTA,Beijing,Bet365,Taylah Preston,Tamara Korpatsch,double_faults,9.5,13.0000,,2026-09-29T20:02:51Z,2026-09-30T08:30:00Z,Team Total (Double Faults) Home,7,"{'hdp': 9.5, 'over': '13.00'}"
75104886,2026-09-30,WTA,Beijing,Bet365,Taylah Preston,Tamara Korpatsch,double_faults,11.5,26.0000,,2026-09-29T20:02:51Z,2026-09-30T08:30:00Z,Team Total (Double Faults) Home,7,"{'hdp': 11.5, 'over': '26.00'}"
75104886,2026-09-30,WTA,Beijing,Bet365,Taylah Preston,Tamara Korpatsch,match_double_faults,2.5,1.0100,,2026-09-29T20:02:51Z,2026-09-30T08:30:00Z,Totals (Double Faults),8,"{'hdp': 2.5, 'over': '1.01'}"
75104886,2026-09-30,WTA,Beijing,Bet365,Taylah Preston,Tamara Korpatsch,match_double_faults,4.5,1.0800,,2026-09-29T20:02:51Z,2026-09-30T08:30:00Z,Totals (Double Faults),8,"{'hdp': 4.5, 'over': '1.08'}"
75104886,2026-09-30,WTA,Beijing,Bet365,Taylah Preston,Tamara Korpatsch,match_double_faults,7.5,1.5000,,2026-09-29T20:02:51Z,2026-09-30T08:30:00Z,Totals (Double Faults),8,"{'hdp': 7.5, 'over': '1.50'}"
75104886,2026-09-30,WTA,Beijing,Bet365,Taylah Preston,Tamara Korpatsch,match_double_faults,9.5,2.2000,,2026-09-29T20:02:51Z,2026-09-30T08:30:00Z,Totals (Double Faults),8,"{'hdp': 9.5, 'over': '2.20'}"
75104886,2026-09-30,WTA,Beijing,Bet365,Taylah Preston,Tamara Korpatsch,match_double_faults,11.5,3.5000,,2026-09-29T20:02:51Z,2026-09-30T08:30:00Z,Totals (Double Faults),8,"{'hdp': 11.5, 'over': '3.50'}"
75104886,2026-09-30,WTA,Beijing,Bet365,Taylah Preston,Tamara Korpatsch,match_double_faults,14.5,9.0000,,2026-09-29T20:02:51Z,2026-09-30T08:30:00Z,Totals (Double Faults),8,"{'hdp': 14.5, 'over': '9.00'}"
75104886,2026-09-30,WTA,Beijing,Bet365,Taylah Preston,Tamara Korpatsch,match_double_faults,19.5,26.0000,,2026-09-29T20:02:51Z,2026-09-30T08:30:00Z,Totals (Double Faults),8,"{'hdp': 19.5, 'over': '26.00'}"
75104886,2026-09-30,WTA,Beijing,Bet365,Tamara Korpatsch,Taylah Preston,double_faults,0.5,1.0100,,2026-09-29T20:02:51Z,2026-09-30T08:30:00Z,Team Total (Double Faults) Away,7,"{'hdp': 0.5, 'over': '1.01'}"
75104886,2026-09-30,WTA,Beijing,Bet365,Tamara Korpatsch,Taylah Preston,double_faults,1.5,1.0800,,2026-09-29T20:02:51Z,2026-09-30T08:30:00Z,Team Total (Double Faults) Away,7,"{'hdp': 1.5, 'over': '1.08'}"
75104886,2026-09-30,WTA,Beijing,Bet365,Tamara Korpatsch,Taylah Preston,double_faults,2.5,1.2500,,2026-09-29T20:02:51Z,2026-09-30T08:30:00Z,Team Total (Double Faults) Away,7,"{'hdp': 2.5, 'over': '1.25'}"
75104886,2026-09-30,WTA,Beijing,Bet365,Tamara Korpatsch,Taylah Preston,double_faults,4.5,2.1000,,2026-09-29T20:02:51Z,2026-09-30T08:30:00Z,Team Total (Double Faults) Away,7,"{'hdp': 4.5, 'over': '2.10'}"
75104886,2026-09-30,WTA,Beijing,Bet365,Tamara Korpatsch,Taylah Preston,double_faults,7.5,8.0000,,2026-09-29T20:02:51Z,2026-09-30T08:30:00Z,Team Total (Double Faults) Away,7,"{'hdp': 7.5, 'over': '8.00'}"
75104886,2026-09-30,WTA,Beijing,Bet365,Tamara Korpatsch,Taylah Preston,double_faults,9.5,21.0000,,2026-09-29T20:02:51Z,2026-09-30T08:30:00Z,Team Total (Double Faults) Away,7,"{'hdp': 9.5, 'over': '21.00'}"
75104886,2026-09-30,WTA,Beijing,Bet365,Tamara Korpatsch,Taylah Preston,double_faults,11.5,26.0000,,2026-09-29T20:02:51Z,2026-09-30T08:30:00Z,Team Total (Double Faults) Away,7,"{'hdp': 11.5, 'over': '26.00'}"
75138480,2026-09-30,WTA,Beijing,Bet365,Elsa Jacquemot,Magdalena Frech,match_double_faults,2.5,1.0100,,2026-09-29T20:02:51Z,2026-09-30T11:00:00Z,Totals (Double Faults),9,"{'hdp': 2.5, 'over': '1.01'}"
75138480,2026-09-30,WTA,Beijing,Bet365,Elsa Jacquemot,Magdalena Frech,match_double_faults,4.5,1.1200,,2026-09-29T20:02:51Z,2026-09-30T11:00:00Z,Totals (Double Faults),9,"{'hdp': 4.5, 'over': '1.12'}"
75138480,2026-09-30,WTA,Beijing,Bet365,Elsa Jacquemot,Magdalena Frech,match_double_faults,7.5,1.8000,,2026-09-29T20:02:51Z,2026-09-30T11:00:00Z,Totals (Double Faults),9,"{'hdp': 7.5, 'over': '1.80'}"
75138480,2026-09-30,WTA,Beijing,Bet365,Elsa Jacquemot,Magdalena Frech,match_double_faults,9.5,2.7500,,2026-09-29T20:02:51Z,2026-09-30T11:00:00Z,Totals (Double Faults),9,"{'hdp': 9.5, 'over': '2.75'}"
75138480,2026-09-30,WTA,Beijing,Bet365,Elsa Jacquemot,Magdalena Frech,match_double_faults,11.5,5.5000,,2026-09-29T20:02:51Z,2026-09-30T11:00:00Z,Totals (Double Faults),9,"{'hdp': 11.5, 'over': '5.50'}"
75138480,2026-09-30,WTA,Beijing,Bet365,Elsa Jacquemot,Magdalena Frech,match_double_faults,14.5,15.0000,,2026-09-29T20:02:51Z,2026-09-30T11:00:00Z,Totals (Double Faults),9,"{'hdp': 14.5, 'over': '15.00'}"
75138480,2026-09-30,WTA,Beijing,Bet365,Elsa Jacquemot,Magdalena Frech,match_double_faults,19.5,26.0000,,2026-09-29T20:02:51Z,2026-09-30T11:00:00Z,Totals (Double Faults),9,"{'hdp': 19.5, 'over': '26.00'}"
75138480,2026-09-30,WTA,Beijing,Bet365,Magdalena Frech,Elsa Jacquemot,double_faults,0.5,1.1000,,2026-09-29T20:02:51Z,2026-09-30T11:00:00Z,Team Total (Double Faults) Away,5,"{'hdp': 0.5, 'over': '1.10'}"
75138480,2026-09-30,WTA,Beijing,Bet365,Magdalena Frech,Elsa Jacquemot,double_faults,1.5,1.4400,,2026-09-29T20:02:51Z,2026-09-30T11:00:00Z,Team Total (Double Faults) Away,5,"{'hdp': 1.5, 'over': '1.44'}"
75138480,2026-09-30,WTA,Beijing,Bet365,Magdalena Frech,Elsa Jacquemot,double_faults,2.5,2.1000,,2026-09-29T20:02:51Z,2026-09-30T11:00:00Z,Team Total (Double Faults) Away,5,"{'hdp': 2.5, 'over': '2.10'}"
75138480,2026-09-30,WTA,Beijing,Bet365,Magdalena Frech,Elsa Jacquemot,double_faults,4.5,6.5000,,2026-09-29T20:02:51Z,2026-09-30T11:00:00Z,Team Total (Double Faults) Away,5,"{'hdp': 4.5, 'over': '6.50'}"
75138480,2026-09-30,WTA,Beijing,Bet365,Magdalena Frech,Elsa Jacquemot,double_faults,7.5,26.0000,,2026-09-29T20:02:51Z,2026-09-30T11:00:00Z,Team Total (Double Faults) Away,5,"{'hdp': 7.5, 'over': '26.00'}"
75138480,2026-09-30,WTA,Beijing,Bet365,Elsa Jacquemot,Magdalena Frech,double_faults,1.5,1.0300,,2026-09-29T20:02:51Z,2026-09-30T11:00:00Z,Team Total (Double Faults) Home,8,"{'hdp': 1.5, 'over': '1.03'}"
75138480,2026-09-30,WTA,Beijing,Bet365,Elsa Jacquemot,Magdalena Frech,double_faults,2.5,1.1100,,2026-09-29T20:02:51Z,2026-09-30T11:00:00Z,Team Total (Double Faults) Home,8,"{'hdp': 2.5, 'over': '1.11'}"
75138480,2026-09-30,WTA,Beijing,Bet365,Elsa Jacquemot,Magdalena Frech,double_faults,4.5,1.5300,,2026-09-29T20:02:51Z,2026-09-30T11:00:00Z,Team Total (Double Faults) Home,8,"{'hdp': 4.5, 'over': '1.53'}"
75138480,2026-09-30,WTA,Beijing,Bet365,Elsa Jacquemot,Magdalena Frech,double_faults,7.5,3.7500,,2026-09-29T20:02:51Z,2026-09-30T11:00:00Z,Team Total (Double Faults) Home,8,"{'hdp': 7.5, 'over': '3.75'}"
75138480,2026-09-30,WTA,Beijing,Bet365,Elsa Jacquemot,Magdalena Frech,double_faults,9.5,9.0000,,2026-09-29T20:02:51Z,2026-09-30T11:00:00Z,Team Total (Double Faults) Home,8,"{'hdp': 9.5, 'over': '9.00'}"
75138480,2026-09-30,WTA,Beijing,Bet365,Elsa Jacquemot,Magdalena Frech,double_faults,11.5,19.0000,,2026-09-29T20:02:51Z,2026-09-30T11:00:00Z,Team Total (Double Faults) Home,8,"{'hdp': 11.5, 'over': '19.00'}"
75138480,2026-09-30,WTA,Beijing,Bet365,Elsa Jacquemot,Magdalena Frech,double_faults,14.5,26.0000,,2026-09-29T20:02:51Z,2026-09-30T11:00:00Z,Team Total (Double Faults) Home,8,"{'hdp': 14.5, 'over': '26.00'}"
75104872,2026-09-30,WTA,Beijing,Bet365,Renata Zarazua,Anna Bondar,double_faults,0.5,1.1100,,2026-09-29T20:02:51Z,2026-09-30T12:15:00Z,Team Total (Double Faults) Away,5,"{'hdp': 0.5, 'over': '1.11'}"
75104872,2026-09-30,WTA,Beijing,Bet365,Renata Zarazua,Anna Bondar,double_faults,1.5,1.5000,,2026-09-29T20:02:51Z,2026-09-30T12:15:00Z,Team Total (Double Faults) Away,5,"{'hdp': 1.5, 'over': '1.50'}"
75104872,2026-09-30,WTA,Beijing,Bet365,Renata Zarazua,Anna Bondar,double_faults,2.5,2.3700,,2026-09-29T20:02:51Z,2026-09-30T12:15:00Z,Team Total (Double Faults) Away,5,"{'hdp': 2.5, 'over': '2.37'}"
75104872,2026-09-30,WTA,Beijing,Bet365,Renata Zarazua,Anna Bondar,double_faults,4.5,9.0000,,2026-09-29T20:02:51Z,2026-09-30T12:15:00Z,Team Total (Double Faults) Away,5,"{'hdp': 4.5, 'over': '9.00'}"
75104872,2026-09-30,WTA,Beijing,Bet365,Renata Zarazua,Anna Bondar,double_faults,7.5,26.0000,,2026-09-29T20:02:51Z,2026-09-30T12:15:00Z,Team Total (Double Faults) Away,5,"{'hdp': 7.5, 'over': '26.00'}"
75104872,2026-09-30,WTA,Beijing,Bet365,Renata Zarazua,Anna Bondar,aces,0.5,1.2800,,2026-09-29T20:02:51Z,2026-09-30T12:15:00Z,Team Total (Aces) Away,3,"{'hdp': 0.5, 'over': '1.28'}"
75104872,2026-09-30,WTA,Beijing,Bet365,Renata Zarazua,Anna Bondar,aces,2.5,4.0000,,2026-09-29T20:02:51Z,2026-09-30T12:15:00Z,Team Total (Aces) Away,3,"{'hdp': 2.5, 'over': '4.00'}"
75104872,2026-09-30,WTA,Beijing,Bet365,Renata Zarazua,Anna Bondar,aces,4.5,17.0000,,2026-09-29T20:02:51Z,2026-09-30T12:15:00Z,Team Total (Aces) Away,3,"{'hdp': 4.5, 'over': '17.00'}"
75104872,2026-09-30,WTA,Beijing,Bet365,Anna Bondar,Renata Zarazua,aces,0.5,1.0100,,2026-09-29T20:02:51Z,2026-09-30T12:15:00Z,Team Total (Aces) Home,5,"{'hdp': 0.5, 'over': '1.01'}"
75104872,2026-09-30,WTA,Beijing,Bet365,Anna Bondar,Renata Zarazua,aces,2.5,1.1600,,2026-09-29T20:02:51Z,2026-09-30T12:15:00Z,Team Total (Aces) Home,5,"{'hdp': 2.5, 'over': '1.16'}"
75104872,2026-09-30,WTA,Beijing,Bet365,Anna Bondar,Renata Zarazua,aces,4.5,1.6600,,2026-09-29T20:02:51Z,2026-09-30T12:15:00Z,Team Total (Aces) Home,5,"{'hdp': 4.5, 'over': '1.66'}"
75104872,2026-09-30,WTA,Beijing,Bet365,Anna Bondar,Renata Zarazua,aces,9.5,7.0000,,2026-09-29T20:02:51Z,2026-09-30T12:15:00Z,Team Total (Aces) Home,5,"{'hdp': 9.5, 'over': '7.00'}"
75104872,2026-09-30,WTA,Beijing,Bet365,Anna Bondar,Renata Zarazua,aces,14.5,26.0000,,2026-09-29T20:02:51Z,2026-09-30T12:15:00Z,Team Total (Aces) Home,5,"{'hdp': 14.5, 'over': '26.00'}"
75104872,2026-09-30,WTA,Beijing,Bet365,Anna Bondar,Renata Zarazua,match_aces,2.5,1.0700,,2026-09-29T20:02:51Z,2026-09-30T12:15:00Z,Totals (Aces),6,"{'hdp': 2.5, 'over': '1.07'}"
75104872,2026-09-30,WTA,Beijing,Bet365,Anna Bondar,Renata Zarazua,match_aces,4.5,1.3000,,2026-09-29T20:02:51Z,2026-09-30T12:15:00Z,Totals (Aces),6,"{'hdp': 4.5, 'over': '1.30'}"
75104872,2026-09-30,WTA,Beijing,Bet365,Anna Bondar,Renata Zarazua,match_aces,9.5,3.7500,,2026-09-29T20:02:51Z,2026-09-30T12:15:00Z,Totals (Aces),6,"{'hdp': 9.5, 'over': '3.75'}"
75104872,2026-09-30,WTA,Beijing,Bet365,Anna Bondar,Renata Zarazua,match_aces,14.5,15.0000,,2026-09-29T20:02:51Z,2026-09-30T12:15:00Z,Totals (Aces),6,"{'hdp': 14.5, 'over': '15.00'}"
75104872,2026-09-30,WTA,Beijing,Bet365,Anna Bondar,Renata Zarazua,match_aces,19.5,26.0000,,2026-09-29T20:02:51Z,2026-09-30T12:15:00Z,Totals (Aces),6,"{'hdp': 19.5, 'over': '26.00'}"
75104872,2026-09-30,WTA,Beijing,Bet365,Anna Bondar,Renata Zarazua,match_double_faults,1.5,1.0300,,2026-09-29T20:02:51Z,2026-09-30T12:15:00Z,Totals (Double Faults),8,"{'hdp': 1.5, 'over': '1.03'}"
75104872,2026-09-30,WTA,Beijing,Bet365,Anna Bondar,Renata Zarazua,match_double_faults,2.5,1.1200,,2026-09-29T20:02:51Z,2026-09-30T12:15:00Z,Totals (Double Faults),8,"{'hdp': 2.5, 'over': '1.12'}"
75104872,2026-09-30,WTA,Beijing,Bet365,Anna Bondar,Renata Zarazua,match_double_faults,4.5,1.6100,,2026-09-29T20:02:51Z,2026-09-30T12:15:00Z,Totals (Double Faults),8,"{'hdp': 4.5, 'over': '1.61'}"
75104872,2026-09-30,WTA,Beijing,Bet365,Anna Bondar,Renata Zarazua,match_double_faults,7.5,4.3300,,2026-09-29T20:02:51Z,2026-09-30T12:15:00Z,Totals (Double Faults),8,"{'hdp': 7.5, 'over': '4.33'}"
75104872,2026-09-30,WTA,Beijing,Bet365,Anna Bondar,Renata Zarazua,match_double_faults,9.5,10.0000,,2026-09-29T20:02:51Z,2026-09-30T12:15:00Z,Totals (Double Faults),8,"{'hdp': 9.5, 'over': '10.00'}"
75104872,2026-09-30,WTA,Beijing,Bet365,Anna Bondar,Renata Zarazua,match_double_faults,11.5,23.0000,,2026-09-29T20:02:51Z,2026-09-30T12:15:00Z,Totals (Double Faults),8,"{'hdp': 11.5, 'over': '23.00'}"
75104872,2026-09-30,WTA,Beijing,Bet365,Anna Bondar,Renata Zarazua,match_double_faults,14.5,26.0000,,2026-09-29T20:02:51Z,2026-09-30T12:15:00Z,Totals (Double Faults),8,"{'hdp': 14.5, 'over': '26.00'}"
75104872,2026-09-30,WTA,Beijing,Bet365,Anna Bondar,Renata Zarazua,double_faults,0.5,1.0500,,2026-09-29T20:02:51Z,2026-09-30T12:15:00Z,Team Total (Double Faults) Home,6,"{'hdp': 0.5, 'over': '1.05'}"
75104872,2026-09-30,WTA,Beijing,Bet365,Anna Bondar,Renata Zarazua,double_faults,1.5,1.2500,,2026-09-29T20:02:51Z,2026-09-30T12:15:00Z,Team Total (Double Faults) Home,6,"{'hdp': 1.5, 'over': '1.25'}"
75104872,2026-09-30,WTA,Beijing,Bet365,Anna Bondar,Renata Zarazua,double_faults,2.5,1.6600,,2026-09-29T20:02:51Z,2026-09-30T12:15:00Z,Team Total (Double Faults) Home,6,"{'hdp': 2.5, 'over': '1.66'}"
75104872,2026-09-30,WTA,Beijing,Bet365,Anna Bondar,Renata Zarazua,double_faults,4.5,3.7500,,2026-09-29T20:02:51Z,2026-09-30T12:15:00Z,Team Total (Double Faults) Home,6,"{'hdp': 4.5, 'over': '3.75'}"
75104872,2026-09-30,WTA,Beijing,Bet365,Anna Bondar,Renata Zarazua,double_faults,7.5,19.0000,,2026-09-29T20:02:51Z,2026-09-30T12:15:00Z,Team Total (Double Faults) Home,6,"{'hdp': 7.5, 'over': '19.00'}"
75104872,2026-09-30,WTA,Beijing,Bet365,Anna Bondar,Renata Zarazua,double_faults,9.5,26.0000,,2026-09-29T20:02:51Z,2026-09-30T12:15:00Z,Team Total (Double Faults) Home,6,"{'hdp': 9.5, 'over': '26.00'}"
75103540,2026-10-01,ATP,Beijing,Bet365,Hubert Hurkacz,Learner Tien,aces,2.5,1.0200,,2026-09-29T20:02:51Z,2026-10-01T02:00:00Z,Team Total (Aces) Away,8,"{'hdp': 2.5, 'over': '1.02'}"
75103540,2026-10-01,ATP,Beijing,Bet365,Hubert Hurkacz,Learner Tien,aces,4.5,1.0800,,2026-09-29T20:02:51Z,2026-10-01T02:00:00Z,Team Total (Aces) Away,8,"{'hdp': 4.5, 'over': '1.08'}"
75103540,2026-10-01,ATP,Beijing,Bet365,Hubert Hurkacz,Learner Tien,aces,9.5,1.5700,,2026-09-29T20:02:51Z,2026-10-01T02:00:00Z,Team Total (Aces) Away,8,"{'hdp': 9.5, 'over': '1.57'}"
75103540,2026-10-01,ATP,Beijing,Bet365,Hubert Hurkacz,Learner Tien,aces,14.5,2.7500,,2026-09-29T20:02:51Z,2026-10-01T02:00:00Z,Team Total (Aces) Away,8,"{'hdp': 14.5, 'over': '2.75'}"
75103540,2026-10-01,ATP,Beijing,Bet365,Hubert Hurkacz,Learner Tien,aces,19.5,6.0000,,2026-09-29T20:02:51Z,2026-10-01T02:00:00Z,Team Total (Aces) Away,8,"{'hdp': 19.5, 'over': '6.00'}"
75103540,2026-10-01,ATP,Beijing,Bet365,Hubert Hurkacz,Learner Tien,aces,24.5,13.0000,,2026-09-29T20:02:51Z,2026-10-01T02:00:00Z,Team Total (Aces) Away,8,"{'hdp': 24.5, 'over': '13.00'}"
75103540,2026-10-01,ATP,Beijing,Bet365,Hubert Hurkacz,Learner Tien,aces,29.5,26.0000,,2026-09-29T20:02:51Z,2026-10-01T02:00:00Z,Team Total (Aces) Away,8,"{'hdp': 29.5, 'over': '26.00'}"
75103540,2026-10-01,ATP,Beijing,Bet365,Learner Tien,Hubert Hurkacz,aces,0.5,1.0100,,2026-09-29T20:02:51Z,2026-10-01T02:00:00Z,Team Total (Aces) Home,5,"{'hdp': 0.5, 'over': '1.01'}"
75103540,2026-10-01,ATP,Beijing,Bet365,Learner Tien,Hubert Hurkacz,aces,2.5,1.2000,,2026-09-29T20:02:51Z,2026-10-01T02:00:00Z,Team Total (Aces) Home,5,"{'hdp': 2.5, 'over': '1.20'}"
75103540,2026-10-01,ATP,Beijing,Bet365,Learner Tien,Hubert Hurkacz,aces,4.5,1.7200,,2026-09-29T20:02:51Z,2026-10-01T02:00:00Z,Team Total (Aces) Home,5,"{'hdp': 4.5, 'over': '1.72'}"
75103540,2026-10-01,ATP,Beijing,Bet365,Learner Tien,Hubert Hurkacz,aces,9.5,8.0000,,2026-09-29T20:02:51Z,2026-10-01T02:00:00Z,Team Total (Aces) Home,5,"{'hdp': 9.5, 'over': '8.00'}"
75103540,2026-10-01,ATP,Beijing,Bet365,Learner Tien,Hubert Hurkacz,aces,14.5,26.0000,,2026-09-29T20:02:51Z,2026-10-01T02:00:00Z,Team Total (Aces) Home,5,"{'hdp': 14.5, 'over': '26.00'}"
75103540,2026-10-01,ATP,Beijing,Bet365,Hubert Hurkacz,Learner Tien,double_faults,0.5,1.0600,,2026-09-29T20:02:51Z,2026-10-01T02:00:00Z,Team Total (Double Faults) Away,5,"{'hdp': 0.5, 'over': '1.06'}"
75103540,2026-10-01,ATP,Beijing,Bet365,Hubert Hurkacz,Learner Tien,double_faults,1.5,1.3300,,2026-09-29T20:02:51Z,2026-10-01T02:00:00Z,Team Total (Double Faults) Away,5,"{'hdp': 1.5, 'over': '1.33'}"
75103540,2026-10-01,ATP,Beijing,Bet365,Hubert Hurkacz,Learner Tien,double_faults,2.5,1.9000,,2026-09-29T20:02:51Z,2026-10-01T02:00:00Z,Team Total (Double Faults) Away,5,"{'hdp': 2.5, 'over': '1.90'}"
75103540,2026-10-01,ATP,Beijing,Bet365,Hubert Hurkacz,Learner Tien,double_faults,4.5,5.5000,,2026-09-29T20:02:51Z,2026-10-01T02:00:00Z,Team Total (Double Faults) Away,5,"{'hdp': 4.5, 'over': '5.50'}"
75103540,2026-10-01,ATP,Beijing,Bet365,Hubert Hurkacz,Learner Tien,double_faults,7.5,26.0000,,2026-09-29T20:02:51Z,2026-10-01T02:00:00Z,Team Total (Double Faults) Away,5,"{'hdp': 7.5, 'over': '26.00'}"
75103540,2026-10-01,ATP,Beijing,Bet365,Learner Tien,Hubert Hurkacz,double_faults,0.5,1.0400,,2026-09-29T20:02:51Z,2026-10-01T02:00:00Z,Team Total (Double Faults) Home,6,"{'hdp': 0.5, 'over': '1.04'}"
75103540,2026-10-01,ATP,Beijing,Bet365,Learner Tien,Hubert Hurkacz,double_faults,1.5,1.1800,,2026-09-29T20:02:51Z,2026-10-01T02:00:00Z,Team Total (Double Faults) Home,6,"{'hdp': 1.5, 'over': '1.18'}"
75103540,2026-10-01,ATP,Beijing,Bet365,Learner Tien,Hubert Hurkacz,double_faults,2.5,1.5000,,2026-09-29T20:02:51Z,2026-10-01T02:00:00Z,Team Total (Double Faults) Home,6,"{'hdp': 2.5, 'over': '1.50'}"
75103540,2026-10-01,ATP,Beijing,Bet365,Learner Tien,Hubert Hurkacz,double_faults,4.5,3.2500,,2026-09-29T20:02:51Z,2026-10-01T02:00:00Z,Team Total (Double Faults) Home,6,"{'hdp': 4.5, 'over': '3.25'}"
75103540,2026-10-01,ATP,Beijing,Bet365,Learner Tien,Hubert Hurkacz,double_faults,7.5,15.0000,,2026-09-29T20:02:51Z,2026-10-01T02:00:00Z,Team Total (Double Faults) Home,6,"{'hdp': 7.5, 'over': '15.00'}"
75103540,2026-10-01,ATP,Beijing,Bet365,Learner Tien,Hubert Hurkacz,double_faults,9.5,26.0000,,2026-09-29T20:02:51Z,2026-10-01T02:00:00Z,Team Total (Double Faults) Home,6,"{'hdp': 9.5, 'over': '26.00'}"
75103540,2026-10-01,ATP,Beijing,Bet365,Learner Tien,Hubert Hurkacz,match_aces,4.5,1.0100,,2026-09-29T20:02:51Z,2026-10-01T02:00:00Z,Totals (Aces),8,"{'hdp': 4.5, 'over': '1.01'}"
75103540,2026-10-01,ATP,Beijing,Bet365,Learner Tien,Hubert Hurkacz,match_aces,9.5,1.1400,,2026-09-29T20:02:51Z,2026-10-01T02:00:00Z,Totals (Aces),8,"{'hdp': 9.5, 'over': '1.14'}"
75103540,2026-10-01,ATP,Beijing,Bet365,Learner Tien,Hubert Hurkacz,match_aces,14.5,1.5700,,2026-09-29T20:02:51Z,2026-10-01T02:00:00Z,Totals (Aces),8,"{'hdp': 14.5, 'over': '1.57'}"
75103540,2026-10-01,ATP,Beijing,Bet365,Learner Tien,Hubert Hurkacz,match_aces,19.5,2.5000,,2026-09-29T20:02:51Z,2026-10-01T02:00:00Z,Totals (Aces),8,"{'hdp': 19.5, 'over': '2.50'}"
75103540,2026-10-01,ATP,Beijing,Bet365,Learner Tien,Hubert Hurkacz,match_aces,24.5,4.5000,,2026-09-29T20:02:51Z,2026-10-01T02:00:00Z,Totals (Aces),8,"{'hdp': 24.5, 'over': '4.50'}"
75103540,2026-10-01,ATP,Beijing,Bet365,Learner Tien,Hubert Hurkacz,match_aces,29.5,9.0000,,2026-09-29T20:02:51Z,2026-10-01T02:00:00Z,Totals (Aces),8,"{'hdp': 29.5, 'over': '9.00'}"
75103540,2026-10-01,ATP,Beijing,Bet365,Learner Tien,Hubert Hurkacz,match_aces,39.5,26.0000,,2026-09-29T20:02:51Z,2026-10-01T02:00:00Z,Totals (Aces),8,"{'hdp': 39.5, 'over': '26.00'}"
75103540,2026-10-01,ATP,Beijing,Bet365,Learner Tien,Hubert Hurkacz,match_double_faults,1.5,1.0100,,2026-09-29T20:02:51Z,2026-10-01T02:00:00Z,Totals (Double Faults),8,"{'hdp': 1.5, 'over': '1.01'}"
75103540,2026-10-01,ATP,Beijing,Bet365,Learner Tien,Hubert Hurkacz,match_double_faults,2.5,1.0600,,2026-09-29T20:02:51Z,2026-10-01T02:00:00Z,Totals (Double Faults),8,"{'hdp': 2.5, 'over': '1.06'}"
75103540,2026-10-01,ATP,Beijing,Bet365,Learner Tien,Hubert Hurkacz,match_double_faults,4.5,1.3600,,2026-09-29T20:02:51Z,2026-10-01T02:00:00Z,Totals (Double Faults),8,"{'hdp': 4.5, 'over': '1.36'}"
75103540,2026-10-01,ATP,Beijing,Bet365,Learner Tien,Hubert Hurkacz,match_double_faults,7.5,3.2500,,2026-09-29T20:02:51Z,2026-10-01T02:00:00Z,Totals (Double Faults),8,"{'hdp': 7.5, 'over': '3.25'}"
75103540,2026-10-01,ATP,Beijing,Bet365,Learner Tien,Hubert Hurkacz,match_double_faults,9.5,6.5000,,2026-09-29T20:02:51Z,2026-10-01T02:00:00Z,Totals (Double Faults),8,"{'hdp': 9.5, 'over': '6.50'}"
75103540,2026-10-01,ATP,Beijing,Bet365,Learner Tien,Hubert Hurkacz,match_double_faults,11.5,15.0000,,2026-09-29T20:02:51Z,2026-10-01T02:00:00Z,Totals (Double Faults),8,"{'hdp': 11.5, 'over': '15.00'}"
75103540,2026-10-01,ATP,Beijing,Bet365,Learner Tien,Hubert Hurkacz,match_double_faults,14.5,26.0000,,2026-09-29T20:02:51Z,2026-10-01T02:00:00Z,Totals (Double Faults),8,"{'hdp': 14.5, 'over': '26.00'}"
75135964,2026-09-30,ATP,Tokyo,Bet365,Luca Van Assche,Arthur Fils,double_faults,0.5,1.0200,,2026-09-29T20:02:51Z,2026-09-30T07:00:00Z,Team Total (Double Faults) Away,6,"{'hdp': 0.5, 'over': '1.02'}"
75135964,2026-09-30,ATP,Tokyo,Bet365,Luca Van Assche,Arthur Fils,double_faults,1.5,1.1200,,2026-09-29T20:02:51Z,2026-09-30T07:00:00Z,Team Total (Double Faults) Away,6,"{'hdp': 1.5, 'over': '1.12'}"
75135964,2026-09-30,ATP,Tokyo,Bet365,Luca Van Assche,Arthur Fils,double_faults,2.5,1.4000,,2026-09-29T20:02:51Z,2026-09-30T07:00:00Z,Team Total (Double Faults) Away,6,"{'hdp': 2.5, 'over': '1.40'}"
75135964,2026-09-30,ATP,Tokyo,Bet365,Luca Van Assche,Arthur Fils,double_faults,4.5,3.0000,,2026-09-29T20:02:51Z,2026-09-30T07:00:00Z,Team Total (Double Faults) Away,6,"{'hdp': 4.5, 'over': '3.00'}"
75135964,2026-09-30,ATP,Tokyo,Bet365,Luca Van Assche,Arthur Fils,double_faults,7.5,15.0000,,2026-09-29T20:02:51Z,2026-09-30T07:00:00Z,Team Total (Double Faults) Away,6,"{'hdp': 7.5, 'over': '15.00'}"
75135964,2026-09-30,ATP,Tokyo,Bet365,Luca Van Assche,Arthur Fils,double_faults,9.5,26.0000,,2026-09-29T20:02:51Z,2026-09-30T07:00:00Z,Team Total (Double Faults) Away,6,"{'hdp': 9.5, 'over': '26.00'}"
75135964,2026-09-30,ATP,Tokyo,Bet365,Arthur Fils,Luca Van Assche,double_faults,0.5,1.1200,,2026-09-29T20:02:51Z,2026-09-30T07:00:00Z,Team Total (Double Faults) Home,5,"{'hdp': 0.5, 'over': '1.12'}"
75135964,2026-09-30,ATP,Tokyo,Bet365,Arthur Fils,Luca Van Assche,double_faults,1.5,1.5300,,2026-09-29T20:02:51Z,2026-09-30T07:00:00Z,Team Total (Double Faults) Home,5,"{'hdp': 1.5, 'over': '1.53'}"
75135964,2026-09-30,ATP,Tokyo,Bet365,Arthur Fils,Luca Van Assche,double_faults,2.5,2.2500,,2026-09-29T20:02:51Z,2026-09-30T07:00:00Z,Team Total (Double Faults) Home,5,"{'hdp': 2.5, 'over': '2.25'}"
75135964,2026-09-30,ATP,Tokyo,Bet365,Arthur Fils,Luca Van Assche,double_faults,4.5,7.0000,,2026-09-29T20:02:51Z,2026-09-30T07:00:00Z,Team Total (Double Faults) Home,5,"{'hdp': 4.5, 'over': '7.00'}"
75135964,2026-09-30,ATP,Tokyo,Bet365,Arthur Fils,Luca Van Assche,double_faults,7.5,26.0000,,2026-09-29T20:02:51Z,2026-09-30T07:00:00Z,Team Total (Double Faults) Home,5,"{'hdp': 7.5, 'over': '26.00'}"
75135964,2026-09-30,ATP,Tokyo,Bet365,Arthur Fils,Luca Van Assche,match_double_faults,1.5,1.0100,,2026-09-29T20:02:51Z,2026-09-30T07:00:00Z,Totals (Double Faults),8,"{'hdp': 1.5, 'over': '1.01'}"
75135964,2026-09-30,ATP,Tokyo,Bet365,Arthur Fils,Luca Van Assche,match_double_faults,2.5,1.0700,,2026-09-29T20:02:51Z,2026-09-30T07:00:00Z,Totals (Double Faults),8,"{'hdp': 2.5, 'over': '1.07'}"
75135964,2026-09-30,ATP,Tokyo,Bet365,Arthur Fils,Luca Van Assche,match_double_faults,4.5,1.4000,,2026-09-29T20:02:51Z,2026-09-30T07:00:00Z,Totals (Double Faults),8,"{'hdp': 4.5, 'over': '1.40'}"
75135964,2026-09-30,ATP,Tokyo,Bet365,Arthur Fils,Luca Van Assche,match_double_faults,7.5,3.4000,,2026-09-29T20:02:51Z,2026-09-30T07:00:00Z,Totals (Double Faults),8,"{'hdp': 7.5, 'over': '3.40'}"
75135964,2026-09-30,ATP,Tokyo,Bet365,Arthur Fils,Luca Van Assche,match_double_faults,9.5,7.0000,,2026-09-29T20:02:51Z,2026-09-30T07:00:00Z,Totals (Double Faults),8,"{'hdp': 9.5, 'over': '7.00'}"
75135964,2026-09-30,ATP,Tokyo,Bet365,Arthur Fils,Luca Van Assche,match_double_faults,11.5,17.0000,,2026-09-29T20:02:51Z,2026-09-30T07:00:00Z,Totals (Double Faults),8,"{'hdp': 11.5, 'over': '17.00'}"
75135964,2026-09-30,ATP,Tokyo,Bet365,Arthur Fils,Luca Van Assche,match_double_faults,14.5,26.0000,,2026-09-29T20:02:51Z,2026-09-30T07:00:00Z,Totals (Double Faults),8,"{'hdp': 14.5, 'over': '26.00'}"
75103542,2026-10-01,ATP,Beijing,Bet365,Roman Safiullin,Flavio Cobolli,match_aces,4.5,1.0200,,2026-09-29T20:02:51Z,2026-10-01T02:00:00Z,Totals (Aces),8,"{'hdp': 4.5, 'over': '1.02'}"
75103542,2026-10-01,ATP,Beijing,Bet365,Roman Safiullin,Flavio Cobolli,match_aces,9.5,1.2200,,2026-09-29T20:02:51Z,2026-10-01T02:00:00Z,Totals (Aces),8,"{'hdp': 9.5, 'over': '1.22'}"
75103542,2026-10-01,ATP,Beijing,Bet365,Roman Safiullin,Flavio Cobolli,match_aces,14.5,1.8300,,2026-09-29T20:02:51Z,2026-10-01T02:00:00Z,Totals (Aces),8,"{'hdp': 14.5, 'over': '1.83'}"
75103542,2026-10-01,ATP,Beijing,Bet365,Roman Safiullin,Flavio Cobolli,match_aces,19.5,3.4000,,2026-09-29T20:02:51Z,2026-10-01T02:00:00Z,Totals (Aces),8,"{'hdp': 19.5, 'over': '3.40'}"
75103542,2026-10-01,ATP,Beijing,Bet365,Roman Safiullin,Flavio Cobolli,match_aces,24.5,7.0000,,2026-09-29T20:02:51Z,2026-10-01T02:00:00Z,Totals (Aces),8,"{'hdp': 24.5, 'over': '7.00'}"
75103542,2026-10-01,ATP,Beijing,Bet365,Roman Safiullin,Flavio Cobolli,match_aces,29.5,15.0000,,2026-09-29T20:02:51Z,2026-10-01T02:00:00Z,Totals (Aces),8,"{'hdp': 29.5, 'over': '15.00'}"
75103542,2026-10-01,ATP,Beijing,Bet365,Roman Safiullin,Flavio Cobolli,match_aces,39.5,26.0000,,2026-09-29T20:02:51Z,2026-10-01T02:00:00Z,Totals (Aces),8,"{'hdp': 39.5, 'over': '26.00'}"
75103542,2026-10-01,ATP,Beijing,Bet365,Roman Safiullin,Flavio Cobolli,match_double_faults,2.5,1.0300,,2026-09-29T20:02:51Z,2026-10-01T02:00:00Z,Totals (Double Faults),8,"{'hdp': 2.5, 'over': '1.03'}"
75103542,2026-10-01,ATP,Beijing,Bet365,Roman Safiullin,Flavio Cobolli,match_double_faults,4.5,1.2200,,2026-09-29T20:02:51Z,2026-10-01T02:00:00Z,Totals (Double Faults),8,"{'hdp': 4.5, 'over': '1.22'}"
75103542,2026-10-01,ATP,Beijing,Bet365,Roman Safiullin,Flavio Cobolli,match_double_faults,7.5,2.2500,,2026-09-29T20:02:51Z,2026-10-01T02:00:00Z,Totals (Double Faults),8,"{'hdp': 7.5, 'over': '2.25'}"
75103542,2026-10-01,ATP,Beijing,Bet365,Roman Safiullin,Flavio Cobolli,match_double_faults,9.5,4.3300,,2026-09-29T20:02:51Z,2026-10-01T02:00:00Z,Totals (Double Faults),8,"{'hdp': 9.5, 'over': '4.33'}"
75103542,2026-10-01,ATP,Beijing,Bet365,Roman Safiullin,Flavio Cobolli,match_double_faults,11.5,9.0000,,2026-09-29T20:02:51Z,2026-10-01T02:00:00Z,Totals (Double Faults),8,"{'hdp': 11.5, 'over': '9.00'}"
75103542,2026-10-01,ATP,Beijing,Bet365,Roman Safiullin,Flavio Cobolli,match_double_faults,14.5,26.0000,,2026-09-29T20:02:51Z,2026-10-01T02:00:00Z,Totals (Double Faults),8,"{'hdp': 14.5, 'over': '26.00'}"
75103542,2026-10-01,ATP,Beijing,Bet365,Flavio Cobolli,Roman Safiullin,aces,2.5,1.1000,,2026-09-29T20:02:51Z,2026-10-01T02:00:00Z,Team Total (Aces) Away,6,"{'hdp': 2.5, 'over': '1.10'}"
75103542,2026-10-01,ATP,Beijing,Bet365,Flavio Cobolli,Roman Safiullin,aces,4.5,1.3600,,2026-09-29T20:02:51Z,2026-10-01T02:00:00Z,Team Total (Aces) Away,6,"{'hdp': 4.5, 'over': '1.36'}"
75103542,2026-10-01,ATP,Beijing,Bet365,Flavio Cobolli,Roman Safiullin,aces,9.5,3.7500,,2026-09-29T20:02:51Z,2026-10-01T02:00:00Z,Team Total (Aces) Away,6,"{'hdp': 9.5, 'over': '3.75'}"
75103542,2026-10-01,ATP,Beijing,Bet365,Flavio Cobolli,Roman Safiullin,aces,14.5,15.0000,,2026-09-29T20:02:51Z,2026-10-01T02:00:00Z,Team Total (Aces) Away,6,"{'hdp': 14.5, 'over': '15.00'}"
75103542,2026-10-01,ATP,Beijing,Bet365,Flavio Cobolli,Roman Safiullin,aces,19.5,26.0000,,2026-09-29T20:02:51Z,2026-10-01T02:00:00Z,Team Total (Aces) Away,6,"{'hdp': 19.5, 'over': '26.00'}"
75103542,2026-10-01,ATP,Beijing,Bet365,Roman Safiullin,Flavio Cobolli,aces,2.5,1.0500,,2026-09-29T20:02:51Z,2026-10-01T02:00:00Z,Team Total (Aces) Home,7,"{'hdp': 2.5, 'over': '1.05'}"
75103542,2026-10-01,ATP,Beijing,Bet365,Roman Safiullin,Flavio Cobolli,aces,4.5,1.2000,,2026-09-29T20:02:51Z,2026-10-01T02:00:00Z,Team Total (Aces) Home,7,"{'hdp': 4.5, 'over': '1.20'}"
75103542,2026-10-01,ATP,Beijing,Bet365,Roman Safiullin,Flavio Cobolli,aces,9.5,2.5000,,2026-09-29T20:02:51Z,2026-10-01T02:00:00Z,Team Total (Aces) Home,7,"{'hdp': 9.5, 'over': '2.50'}"
75103542,2026-10-01,ATP,Beijing,Bet365,Roman Safiullin,Flavio Cobolli,aces,14.5,7.0000,,2026-09-29T20:02:51Z,2026-10-01T02:00:00Z,Team Total (Aces) Home,7,"{'hdp': 14.5, 'over': '7.00'}"
75103542,2026-10-01,ATP,Beijing,Bet365,Roman Safiullin,Flavio Cobolli,aces,19.5,21.0000,,2026-09-29T20:02:51Z,2026-10-01T02:00:00Z,Team Total (Aces) Home,7,"{'hdp': 19.5, 'over': '21.00'}"
75103542,2026-10-01,ATP,Beijing,Bet365,Roman Safiullin,Flavio Cobolli,aces,24.5,26.0000,,2026-09-29T20:02:51Z,2026-10-01T02:00:00Z,Team Total (Aces) Home,7,"{'hdp': 24.5, 'over': '26.00'}"
75103542,2026-10-01,ATP,Beijing,Bet365,Roman Safiullin,Flavio Cobolli,double_faults,0.5,1.0100,,2026-09-29T20:02:51Z,2026-10-01T02:00:00Z,Team Total (Double Faults) Home,7,"{'hdp': 0.5, 'over': '1.01'}"
75103542,2026-10-01,ATP,Beijing,Bet365,Roman Safiullin,Flavio Cobolli,double_faults,1.5,1.0700,,2026-09-29T20:02:51Z,2026-10-01T02:00:00Z,Team Total (Double Faults) Home,7,"{'hdp': 1.5, 'over': '1.07'}"
75103542,2026-10-01,ATP,Beijing,Bet365,Roman Safiullin,Flavio Cobolli,double_faults,2.5,1.2200,,2026-09-29T20:02:51Z,2026-10-01T02:00:00Z,Team Total (Double Faults) Home,7,"{'hdp': 2.5, 'over': '1.22'}"
75103542,2026-10-01,ATP,Beijing,Bet365,Roman Safiullin,Flavio Cobolli,double_faults,4.5,1.9000,,2026-09-29T20:02:51Z,2026-10-01T02:00:00Z,Team Total (Double Faults) Home,7,"{'hdp': 4.5, 'over': '1.90'}"
75103542,2026-10-01,ATP,Beijing,Bet365,Roman Safiullin,Flavio Cobolli,double_faults,7.5,6.5000,,2026-09-29T20:02:51Z,2026-10-01T02:00:00Z,Team Total (Double Faults) Home,7,"{'hdp': 7.5, 'over': '6.50'}"
75103542,2026-10-01,ATP,Beijing,Bet365,Roman Safiullin,Flavio Cobolli,double_faults,9.5,17.0000,,2026-09-29T20:02:51Z,2026-10-01T02:00:00Z,Team Total (Double Faults) Home,7,"{'hdp': 9.5, 'over': '17.00'}"
75103542,2026-10-01,ATP,Beijing,Bet365,Roman Safiullin,Flavio Cobolli,double_faults,11.5,26.0000,,2026-09-29T20:02:51Z,2026-10-01T02:00:00Z,Team Total (Double Faults) Home,7,"{'hdp': 11.5, 'over': '26.00'}"
75103542,2026-10-01,ATP,Beijing,Bet365,Flavio Cobolli,Roman Safiullin,double_faults,0.5,1.1000,,2026-09-29T20:02:51Z,2026-10-01T02:00:00Z,Team Total (Double Faults) Away,5,"{'hdp': 0.5, 'over': '1.10'}"
75103542,2026-10-01,ATP,Beijing,Bet365,Flavio Cobolli,Roman Safiullin,double_faults,1.5,1.4400,,2026-09-29T20:02:51Z,2026-10-01T02:00:00Z,Team Total (Double Faults) Away,5,"{'hdp': 1.5, 'over': '1.44'}"
75103542,2026-10-01,ATP,Beijing,Bet365,Flavio Cobolli,Roman Safiullin,double_faults,2.5,2.2000,,2026-09-29T20:02:51Z,2026-10-01T02:00:00Z,Team Total (Double Faults) Away,5,"{'hdp': 2.5, 'over': '2.20'}"
75103542,2026-10-01,ATP,Beijing,Bet365,Flavio Cobolli,Roman Safiullin,double_faults,4.5,7.0000,,2026-09-29T20:02:51Z,2026-10-01T02:00:00Z,Team Total (Double Faults) Away,5,"{'hdp': 4.5, 'over': '7.00'}"
75103542,2026-10-01,ATP,Beijing,Bet365,Flavio Cobolli,Roman Safiullin,double_faults,7.5,26.0000,,2026-09-29T20:02:51Z,2026-10-01T02:00:00Z,Team Total (Double Faults) Away,5,"{'hdp': 7.5, 'over': '26.00'}"
75103544,2026-10-01,ATP,Beijing,Bet365,Andrey Rublev,Tallon Griekspoor,double_faults,0.5,1.1200,,2026-09-29T20:02:51Z,2026-10-01T02:00:00Z,Team Total (Double Faults) Away,5,"{'hdp': 0.5, 'over': '1.12'}"
75103544,2026-10-01,ATP,Beijing,Bet365,Andrey Rublev,Tallon Griekspoor,double_faults,1.5,1.5300,,2026-09-29T20:02:51Z,2026-10-01T02:00:00Z,Team Total (Double Faults) Away,5,"{'hdp': 1.5, 'over': '1.53'}"
75103544,2026-10-01,ATP,Beijing,Bet365,Andrey Rublev,Tallon Griekspoor,double_faults,2.5,2.5000,,2026-09-29T20:02:51Z,2026-10-01T02:00:00Z,Team Total (Double Faults) Away,5,"{'hdp': 2.5, 'over': '2.50'}"
75103544,2026-10-01,ATP,Beijing,Bet365,Andrey Rublev,Tallon Griekspoor,double_faults,4.5,9.0000,,2026-09-29T20:02:51Z,2026-10-01T02:00:00Z,Team Total (Double Faults) Away,5,"{'hdp': 4.5, 'over': '9.00'}"
75103544,2026-10-01,ATP,Beijing,Bet365,Andrey Rublev,Tallon Griekspoor,double_faults,7.5,26.0000,,2026-09-29T20:02:51Z,2026-10-01T02:00:00Z,Team Total (Double Faults) Away,5,"{'hdp': 7.5, 'over': '26.00'}"
75103544,2026-10-01,ATP,Beijing,Bet365,Tallon Griekspoor,Andrey Rublev,double_faults,0.5,1.0300,,2026-09-29T20:02:51Z,2026-10-01T02:00:00Z,Team Total (Double Faults) Home,6,"{'hdp': 0.5, 'over': '1.03'}"
75103544,2026-10-01,ATP,Beijing,Bet365,Tallon Griekspoor,Andrey Rublev,double_faults,1.5,1.1800,,2026-09-29T20:02:51Z,2026-10-01T02:00:00Z,Team Total (Double Faults) Home,6,"{'hdp': 1.5, 'over': '1.18'}"
75103544,2026-10-01,ATP,Beijing,Bet365,Tallon Griekspoor,Andrey Rublev,double_faults,2.5,1.5300,,2026-09-29T20:02:51Z,2026-10-01T02:00:00Z,Team Total (Double Faults) Home,6,"{'hdp': 2.5, 'over': '1.53'}"
75103544,2026-10-01,ATP,Beijing,Bet365,Tallon Griekspoor,Andrey Rublev,double_faults,4.5,3.5000,,2026-09-29T20:02:51Z,2026-10-01T02:00:00Z,Team Total (Double Faults) Home,6,"{'hdp': 4.5, 'over': '3.50'}"
75103544,2026-10-01,ATP,Beijing,Bet365,Tallon Griekspoor,Andrey Rublev,double_faults,7.5,19.0000,,2026-09-29T20:02:51Z,2026-10-01T02:00:00Z,Team Total (Double Faults) Home,6,"{'hdp': 7.5, 'over': '19.00'}"
75103544,2026-10-01,ATP,Beijing,Bet365,Tallon Griekspoor,Andrey Rublev,double_faults,9.5,26.0000,,2026-09-29T20:02:51Z,2026-10-01T02:00:00Z,Team Total (Double Faults) Home,6,"{'hdp': 9.5, 'over': '26.00'}"
75103544,2026-10-01,ATP,Beijing,Bet365,Tallon Griekspoor,Andrey Rublev,aces,2.5,1.0300,,2026-09-29T20:02:51Z,2026-10-01T02:00:00Z,Team Total (Aces) Home,7,"{'hdp': 2.5, 'over': '1.03'}"
75103544,2026-10-01,ATP,Beijing,Bet365,Tallon Griekspoor,Andrey Rublev,aces,4.5,1.1400,,2026-09-29T20:02:51Z,2026-10-01T02:00:00Z,Team Total (Aces) Home,7,"{'hdp': 4.5, 'over': '1.14'}"
75103544,2026-10-01,ATP,Beijing,Bet365,Tallon Griekspoor,Andrey Rublev,aces,9.5,1.9000,,2026-09-29T20:02:51Z,2026-10-01T02:00:00Z,Team Total (Aces) Home,7,"{'hdp': 9.5, 'over': '1.90'}"
75103544,2026-10-01,ATP,Beijing,Bet365,Tallon Griekspoor,Andrey Rublev,aces,14.5,4.3300,,2026-09-29T20:02:51Z,2026-10-01T02:00:00Z,Team Total (Aces) Home,7,"{'hdp': 14.5, 'over': '4.33'}"
75103544,2026-10-01,ATP,Beijing,Bet365,Tallon Griekspoor,Andrey Rublev,aces,19.5,11.0000,,2026-09-29T20:02:51Z,2026-10-01T02:00:00Z,Team Total (Aces) Home,7,"{'hdp': 19.5, 'over': '11.00'}"
75103544,2026-10-01,ATP,Beijing,Bet365,Tallon Griekspoor,Andrey Rublev,aces,24.5,26.0000,,2026-09-29T20:02:51Z,2026-10-01T02:00:00Z,Team Total (Aces) Home,7,"{'hdp': 24.5, 'over': '26.00'}"
75103544,2026-10-01,ATP,Beijing,Bet365,Tallon Griekspoor,Andrey Rublev,match_aces,9.5,1.0500,,2026-09-29T20:02:51Z,2026-10-01T02:00:00Z,Totals (Aces),9,"{'hdp': 9.5, 'over': '1.05'}"
75103544,2026-10-01,ATP,Beijing,Bet365,Tallon Griekspoor,Andrey Rublev,match_aces,14.5,1.2800,,2026-09-29T20:02:51Z,2026-10-01T02:00:00Z,Totals (Aces),9,"{'hdp': 14.5, 'over': '1.28'}"
75103544,2026-10-01,ATP,Beijing,Bet365,Tallon Griekspoor,Andrey Rublev,match_aces,19.5,1.8000,,2026-09-29T20:02:51Z,2026-10-01T02:00:00Z,Totals (Aces),9,"{'hdp': 19.5, 'over': '1.80'}"
75103544,2026-10-01,ATP,Beijing,Bet365,Tallon Griekspoor,Andrey Rublev,match_aces,24.5,2.7500,,2026-09-29T20:02:51Z,2026-10-01T02:00:00Z,Totals (Aces),9,"{'hdp': 24.5, 'over': '2.75'}"
75103544,2026-10-01,ATP,Beijing,Bet365,Tallon Griekspoor,Andrey Rublev,match_aces,29.5,5.0000,,2026-09-29T20:02:51Z,2026-10-01T02:00:00Z,Totals (Aces),9,"{'hdp': 29.5, 'over': '5.00'}"
75103544,2026-10-01,ATP,Beijing,Bet365,Tallon Griekspoor,Andrey Rublev,match_aces,39.5,17.0000,,2026-09-29T20:02:51Z,2026-10-01T02:00:00Z,Totals (Aces),9,"{'hdp': 39.5, 'over': '17.00'}"
75103544,2026-10-01,ATP,Beijing,Bet365,Tallon Griekspoor,Andrey Rublev,match_aces,49.5,26.0000,,2026-09-29T20:02:51Z,2026-10-01T02:00:00Z,Totals (Aces),9,"{'hdp': 49.5, 'over': '26.00'}"
75103544,2026-10-01,ATP,Beijing,Bet365,Tallon Griekspoor,Andrey Rublev,match_double_faults,1.5,1.0200,,2026-09-29T20:02:51Z,2026-10-01T02:00:00Z,Totals (Double Faults),8,"{'hdp': 1.5, 'over': '1.02'}"
75103544,2026-10-01,ATP,Beijing,Bet365,Tallon Griekspoor,Andrey Rublev,match_double_faults,2.5,1.1000,,2026-09-29T20:02:51Z,2026-10-01T02:00:00Z,Totals (Double Faults),8,"{'hdp': 2.5, 'over': '1.10'}"
75103544,2026-10-01,ATP,Beijing,Bet365,Tallon Griekspoor,Andrey Rublev,match_double_faults,4.5,1.5300,,2026-09-29T20:02:51Z,2026-10-01T02:00:00Z,Totals (Double Faults),8,"{'hdp': 4.5, 'over': '1.53'}"
75103544,2026-10-01,ATP,Beijing,Bet365,Tallon Griekspoor,Andrey Rublev,match_double_faults,7.5,4.0000,,2026-09-29T20:02:51Z,2026-10-01T02:00:00Z,Totals (Double Faults),8,"{'hdp': 7.5, 'over': '4.00'}"
75103544,2026-10-01,ATP,Beijing,Bet365,Tallon Griekspoor,Andrey Rublev,match_double_faults,9.5,10.0000,,2026-09-29T20:02:51Z,2026-10-01T02:00:00Z,Totals (Double Faults),8,"{'hdp': 9.5, 'over': '10.00'}"
75103544,2026-10-01,ATP,Beijing,Bet365,Tallon Griekspoor,Andrey Rublev,match_double_faults,11.5,23.0000,,2026-09-29T20:02:51Z,2026-10-01T02:00:00Z,Totals (Double Faults),8,"{'hdp': 11.5, 'over': '23.00'}"
75103544,2026-10-01,ATP,Beijing,Bet365,Tallon Griekspoor,Andrey Rublev,match_double_faults,14.5,26.0000,,2026-09-29T20:02:51Z,2026-10-01T02:00:00Z,Totals (Double Faults),8,"{'hdp': 14.5, 'over': '26.00'}"
75103544,2026-10-01,ATP,Beijing,Bet365,Andrey Rublev,Tallon Griekspoor,aces,2.5,1.0200,,2026-09-29T20:02:51Z,2026-10-01T02:00:00Z,Team Total (Aces) Away,8,"{'hdp': 2.5, 'over': '1.02'}"
75103544,2026-10-01,ATP,Beijing,Bet365,Andrey Rublev,Tallon Griekspoor,aces,4.5,1.1000,,2026-09-29T20:02:51Z,2026-10-01T02:00:00Z,Team Total (Aces) Away,8,"{'hdp': 4.5, 'over': '1.10'}"
75103544,2026-10-01,ATP,Beijing,Bet365,Andrey Rublev,Tallon Griekspoor,aces,9.5,1.7200,,2026-09-29T20:02:51Z,2026-10-01T02:00:00Z,Team Total (Aces) Away,8,"{'hdp': 9.5, 'over': '1.72'}"
75103544,2026-10-01,ATP,Beijing,Bet365,Andrey Rublev,Tallon Griekspoor,aces,14.5,3.5000,,2026-09-29T20:02:51Z,2026-10-01T02:00:00Z,Team Total (Aces) Away,8,"{'hdp': 14.5, 'over': '3.50'}"
75103544,2026-10-01,ATP,Beijing,Bet365,Andrey Rublev,Tallon Griekspoor,aces,19.5,9.0000,,2026-09-29T20:02:51Z,2026-10-01T02:00:00Z,Team Total (Aces) Away,8,"{'hdp': 19.5, 'over': '9.00'}"
75103544,2026-10-01,ATP,Beijing,Bet365,Andrey Rublev,Tallon Griekspoor,aces,24.5,21.0000,,2026-09-29T20:02:51Z,2026-10-01T02:00:00Z,Team Total (Aces) Away,8,"{'hdp': 24.5, 'over': '21.00'}"
75103544,2026-10-01,ATP,Beijing,Bet365,Andrey Rublev,Tallon Griekspoor,aces,29.5,26.0000,,2026-09-29T20:02:51Z,2026-10-01T02:00:00Z,Team Total (Aces) Away,8,"{'hdp': 29.5, 'over': '26.00'}"
75103560,2026-10-01,ATP,Beijing,Bet365,Alexander Zverev,Cameron Norrie,aces,2.5,1.0100,,2026-09-29T20:02:51Z,2026-10-01T02:00:00Z,Team Total (Aces) Home,8,"{'hdp': 2.5, 'over': '1.01'}"
75103560,2026-10-01,ATP,Beijing,Bet365,Alexander Zverev,Cameron Norrie,aces,4.5,1.0700,,2026-09-29T20:02:51Z,2026-10-01T02:00:00Z,Team Total (Aces) Home,8,"{'hdp': 4.5, 'over': '1.07'}"
75103560,2026-10-01,ATP,Beijing,Bet365,Alexander Zverev,Cameron Norrie,aces,9.5,1.6100,,2026-09-29T20:02:51Z,2026-10-01T02:00:00Z,Team Total (Aces) Home,8,"{'hdp': 9.5, 'over': '1.61'}"
75103560,2026-10-01,ATP,Beijing,Bet365,Alexander Zverev,Cameron Norrie,aces,14.5,3.2500,,2026-09-29T20:02:51Z,2026-10-01T02:00:00Z,Team Total (Aces) Home,8,"{'hdp': 14.5, 'over': '3.25'}"
75103560,2026-10-01,ATP,Beijing,Bet365,Alexander Zverev,Cameron Norrie,aces,19.5,8.0000,,2026-09-29T20:02:51Z,2026-10-01T02:00:00Z,Team Total (Aces) Home,8,"{'hdp': 19.5, 'over': '8.00'}"
75103560,2026-10-01,ATP,Beijing,Bet365,Alexander Zverev,Cameron Norrie,aces,24.5,19.0000,,2026-09-29T20:02:51Z,2026-10-01T02:00:00Z,Team Total (Aces) Home,8,"{'hdp': 24.5, 'over': '19.00'}"
75103560,2026-10-01,ATP,Beijing,Bet365,Alexander Zverev,Cameron Norrie,aces,29.5,26.0000,,2026-09-29T20:02:51Z,2026-10-01T02:00:00Z,Team Total (Aces) Home,8,"{'hdp': 29.5, 'over': '26.00'}"
75103560,2026-10-01,ATP,Beijing,Bet365,Alexander Zverev,Cameron Norrie,match_aces,4.5,1.0100,,2026-09-29T20:02:51Z,2026-10-01T02:00:00Z,Totals (Aces),8,"{'hdp': 4.5, 'over': '1.01'}"
75103560,2026-10-01,ATP,Beijing,Bet365,Alexander Zverev,Cameron Norrie,match_aces,9.5,1.2000,,2026-09-29T20:02:51Z,2026-10-01T02:00:00Z,Totals (Aces),8,"{'hdp': 9.5, 'over': '1.20'}"
75103560,2026-10-01,ATP,Beijing,Bet365,Alexander Zverev,Cameron Norrie,match_aces,14.5,1.8000,,2026-09-29T20:02:51Z,2026-10-01T02:00:00Z,Totals (Aces),8,"{'hdp': 14.5, 'over': '1.80'}"
75103560,2026-10-01,ATP,Beijing,Bet365,Alexander Zverev,Cameron Norrie,match_aces,19.5,3.2500,,2026-09-29T20:02:51Z,2026-10-01T02:00:00Z,Totals (Aces),8,"{'hdp': 19.5, 'over': '3.25'}"
75103560,2026-10-01,ATP,Beijing,Bet365,Alexander Zverev,Cameron Norrie,match_aces,24.5,6.5000,,2026-09-29T20:02:51Z,2026-10-01T02:00:00Z,Totals (Aces),8,"{'hdp': 24.5, 'over': '6.50'}"
75103560,2026-10-01,ATP,Beijing,Bet365,Alexander Zverev,Cameron Norrie,match_aces,29.5,13.0000,,2026-09-29T20:02:51Z,2026-10-01T02:00:00Z,Totals (Aces),8,"{'hdp': 29.5, 'over': '13.00'}"
75103560,2026-10-01,ATP,Beijing,Bet365,Alexander Zverev,Cameron Norrie,match_aces,39.5,26.0000,,2026-09-29T20:02:51Z,2026-10-01T02:00:00Z,Totals (Aces),8,"{'hdp': 39.5, 'over': '26.00'}"
75103560,2026-10-01,ATP,Beijing,Bet365,Cameron Norrie,Alexander Zverev,aces,0.5,1.0300,,2026-09-29T20:02:51Z,2026-10-01T02:00:00Z,Team Total (Aces) Away,5,"{'hdp': 0.5, 'over': '1.03'}"
75103560,2026-10-01,ATP,Beijing,Bet365,Cameron Norrie,Alexander Zverev,aces,2.5,1.3600,,2026-09-29T20:02:51Z,2026-10-01T02:00:00Z,Team Total (Aces) Away,5,"{'hdp': 2.5, 'over': '1.36'}"
75103560,2026-10-01,ATP,Beijing,Bet365,Cameron Norrie,Alexander Zverev,aces,4.5,2.2500,,2026-09-29T20:02:51Z,2026-10-01T02:00:00Z,Team Total (Aces) Away,5,"{'hdp': 4.5, 'over': '2.25'}"
75103560,2026-10-01,ATP,Beijing,Bet365,Cameron Norrie,Alexander Zverev,aces,9.5,13.0000,,2026-09-29T20:02:51Z,2026-10-01T02:00:00Z,Team Total (Aces) Away,5,"{'hdp': 9.5, 'over': '13.00'}"
75103560,2026-10-01,ATP,Beijing,Bet365,Cameron Norrie,Alexander Zverev,aces,14.5,26.0000,,2026-09-29T20:02:51Z,2026-10-01T02:00:00Z,Team Total (Aces) Away,5,"{'hdp': 14.5, 'over': '26.00'}"
75138494,2026-10-01,WTA,Beijing,Bet365,Kamilla Rakhimova,Marina Bassols Ribera,aces,0.5,1.0600,,2026-09-29T20:02:51Z,2026-10-01T02:00:00Z,Team Total (Aces) Away,4,"{'hdp': 0.5, 'over': '1.06'}"
75138494,2026-10-01,WTA,Beijing,Bet365,Kamilla Rakhimova,Marina Bassols Ribera,aces,2.5,1.6600,,2026-09-29T20:02:51Z,2026-10-01T02:00:00Z,Team Total (Aces) Away,4,"{'hdp': 2.5, 'over': '1.66'}"
75138494,2026-10-01,WTA,Beijing,Bet365,Kamilla Rakhimova,Marina Bassols Ribera,aces,4.5,3.7500,,2026-09-29T20:02:51Z,2026-10-01T02:00:00Z,Team Total (Aces) Away,4,"{'hdp': 4.5, 'over': '3.75'}"
75138494,2026-10-01,WTA,Beijing,Bet365,Kamilla Rakhimova,Marina Bassols Ribera,aces,9.5,26.0000,,2026-09-29T20:02:51Z,2026-10-01T02:00:00Z,Team Total (Aces) Away,4,"{'hdp': 9.5, 'over': '26.00'}"
75138494,2026-10-01,WTA,Beijing,Bet365,Marina Bassols Ribera,Kamilla Rakhimova,aces,0.5,1.1100,,2026-09-29T20:02:51Z,2026-10-01T02:00:00Z,Team Total (Aces) Home,4,"{'hdp': 0.5, 'over': '1.11'}"
75138494,2026-10-01,WTA,Beijing,Bet365,Marina Bassols Ribera,Kamilla Rakhimova,aces,2.5,2.0000,,2026-09-29T20:02:51Z,2026-10-01T02:00:00Z,Team Total (Aces) Home,4,"{'hdp': 2.5, 'over': '2.00'}"
75138494,2026-10-01,WTA,Beijing,Bet365,Marina Bassols Ribera,Kamilla Rakhimova,aces,4.5,5.0000,,2026-09-29T20:02:51Z,2026-10-01T02:00:00Z,Team Total (Aces) Home,4,"{'hdp': 4.5, 'over': '5.00'}"
75138494,2026-10-01,WTA,Beijing,Bet365,Marina Bassols Ribera,Kamilla Rakhimova,aces,9.5,26.0000,,2026-09-29T20:02:51Z,2026-10-01T02:00:00Z,Team Total (Aces) Home,4,"{'hdp': 9.5, 'over': '26.00'}"
75138494,2026-10-01,WTA,Beijing,Bet365,Marina Bassols Ribera,Kamilla Rakhimova,match_aces,2.5,1.1400,,2026-09-29T20:02:51Z,2026-10-01T02:00:00Z,Totals (Aces),5,"{'hdp': 2.5, 'over': '1.14'}"
75138494,2026-10-01,WTA,Beijing,Bet365,Marina Bassols Ribera,Kamilla Rakhimova,match_aces,4.5,1.5700,,2026-09-29T20:02:51Z,2026-10-01T02:00:00Z,Totals (Aces),5,"{'hdp': 4.5, 'over': '1.57'}"
75138494,2026-10-01,WTA,Beijing,Bet365,Marina Bassols Ribera,Kamilla Rakhimova,match_aces,9.5,6.5000,,2026-09-29T20:02:51Z,2026-10-01T02:00:00Z,Totals (Aces),5,"{'hdp': 9.5, 'over': '6.50'}"
75138494,2026-10-01,WTA,Beijing,Bet365,Marina Bassols Ribera,Kamilla Rakhimova,match_aces,14.5,26.0000,,2026-09-29T20:02:51Z,2026-10-01T02:00:00Z,Totals (Aces),5,"{'hdp': 14.5, 'over': '26.00'}"
75138494,2026-10-01,WTA,Beijing,Bet365,Kamilla Rakhimova,Marina Bassols Ribera,double_faults,1.5,1.0500,,2026-09-29T20:02:51Z,2026-10-01T02:00:00Z,Team Total (Double Faults) Away,8,"{'hdp': 1.5, 'over': '1.05'}"
75138494,2026-10-01,WTA,Beijing,Bet365,Kamilla Rakhimova,Marina Bassols Ribera,double_faults,2.5,1.1400,,2026-09-29T20:02:51Z,2026-10-01T02:00:00Z,Team Total (Double Faults) Away,8,"{'hdp': 2.5, 'over': '1.14'}"
75138494,2026-10-01,WTA,Beijing,Bet365,Kamilla Rakhimova,Marina Bassols Ribera,double_faults,4.5,1.6100,,2026-09-29T20:02:51Z,2026-10-01T02:00:00Z,Team Total (Double Faults) Away,8,"{'hdp': 4.5, 'over': '1.61'}"
75138494,2026-10-01,WTA,Beijing,Bet365,Kamilla Rakhimova,Marina Bassols Ribera,double_faults,7.5,3.7500,,2026-09-29T20:02:51Z,2026-10-01T02:00:00Z,Team Total (Double Faults) Away,8,"{'hdp': 7.5, 'over': '3.75'}"
75138494,2026-10-01,WTA,Beijing,Bet365,Kamilla Rakhimova,Marina Bassols Ribera,double_faults,9.5,7.0000,,2026-09-29T20:02:51Z,2026-10-01T02:00:00Z,Team Total (Double Faults) Away,8,"{'hdp': 9.5, 'over': '7.00'}"
75138494,2026-10-01,WTA,Beijing,Bet365,Kamilla Rakhimova,Marina Bassols Ribera,double_faults,11.5,15.0000,,2026-09-29T20:02:51Z,2026-10-01T02:00:00Z,Team Total (Double Faults) Away,8,"{'hdp': 11.5, 'over': '15.00'}"
75138494,2026-10-01,WTA,Beijing,Bet365,Kamilla Rakhimova,Marina Bassols Ribera,double_faults,14.5,26.0000,,2026-09-29T20:02:51Z,2026-10-01T02:00:00Z,Team Total (Double Faults) Away,8,"{'hdp': 14.5, 'over': '26.00'}"
75138494,2026-10-01,WTA,Beijing,Bet365,Marina Bassols Ribera,Kamilla Rakhimova,double_faults,1.5,1.0200,,2026-09-29T20:02:51Z,2026-10-01T02:00:00Z,Team Total (Double Faults) Home,8,"{'hdp': 1.5, 'over': '1.02'}"
75138494,2026-10-01,WTA,Beijing,Bet365,Marina Bassols Ribera,Kamilla Rakhimova,double_faults,2.5,1.1000,,2026-09-29T20:02:51Z,2026-10-01T02:00:00Z,Team Total (Double Faults) Home,8,"{'hdp': 2.5, 'over': '1.10'}"
75138494,2026-10-01,WTA,Beijing,Bet365,Marina Bassols Ribera,Kamilla Rakhimova,double_faults,4.5,1.5000,,2026-09-29T20:02:51Z,2026-10-01T02:00:00Z,Team Total (Double Faults) Home,8,"{'hdp': 4.5, 'over': '1.50'}"
75138494,2026-10-01,WTA,Beijing,Bet365,Marina Bassols Ribera,Kamilla Rakhimova,double_faults,7.5,3.5000,,2026-09-29T20:02:51Z,2026-10-01T02:00:00Z,Team Total (Double Faults) Home,8,"{'hdp': 7.5, 'over': '3.50'}"
75138494,2026-10-01,WTA,Beijing,Bet365,Marina Bassols Ribera,Kamilla Rakhimova,double_faults,9.5,8.0000,,2026-09-29T20:02:51Z,2026-10-01T02:00:00Z,Team Total (Double Faults) Home,8,"{'hdp': 9.5, 'over': '8.00'}"
75138494,2026-10-01,WTA,Beijing,Bet365,Marina Bassols Ribera,Kamilla Rakhimova,double_faults,11.5,19.0000,,2026-09-29T20:02:51Z,2026-10-01T02:00:00Z,Team Total (Double Faults) Home,8,"{'hdp': 11.5, 'over': '19.00'}"
75138494,2026-10-01,WTA,Beijing,Bet365,Marina Bassols Ribera,Kamilla Rakhimova,double_faults,14.5,26.0000,,2026-09-29T20:02:51Z,2026-10-01T02:00:00Z,Team Total (Double Faults) Home,8,"{'hdp': 14.5, 'over': '26.00'}"
75138494,2026-10-01,WTA,Beijing,Bet365,Marina Bassols Ribera,Kamilla Rakhimova,match_double_faults,4.5,1.0200,,2026-09-29T20:02:51Z,2026-10-01T02:00:00Z,Totals (Double Faults),9,"{'hdp': 4.5, 'over': '1.02'}"
75138494,2026-10-01,WTA,Beijing,Bet365,Marina Bassols Ribera,Kamilla Rakhimova,match_double_faults,7.5,1.2200,,2026-09-29T20:02:51Z,2026-10-01T02:00:00Z,Totals (Double Faults),9,"{'hdp': 7.5, 'over': '1.22'}"
75138494,2026-10-01,WTA,Beijing,Bet365,Marina Bassols Ribera,Kamilla Rakhimova,match_double_faults,9.5,1.5300,,2026-09-29T20:02:51Z,2026-10-01T02:00:00Z,Totals (Double Faults),9,"{'hdp': 9.5, 'over': '1.53'}"
75138494,2026-10-01,WTA,Beijing,Bet365,Marina Bassols Ribera,Kamilla Rakhimova,match_double_faults,11.5,2.1000,,2026-09-29T20:02:51Z,2026-10-01T02:00:00Z,Totals (Double Faults),9,"{'hdp': 11.5, 'over': '2.10'}"
75138494,2026-10-01,WTA,Beijing,Bet365,Marina Bassols Ribera,Kamilla Rakhimova,match_double_faults,14.5,4.0000,,2026-09-29T20:02:51Z,2026-10-01T02:00:00Z,Totals (Double Faults),9,"{'hdp': 14.5, 'over': '4.00'}"
75138494,2026-10-01,WTA,Beijing,Bet365,Marina Bassols Ribera,Kamilla Rakhimova,match_double_faults,19.5,15.0000,,2026-09-29T20:02:51Z,2026-10-01T02:00:00Z,Totals (Double Faults),9,"{'hdp': 19.5, 'over': '15.00'}"
75138494,2026-10-01,WTA,Beijing,Bet365,Marina Bassols Ribera,Kamilla Rakhimova,match_double_faults,24.5,26.0000,,2026-09-29T20:02:51Z,2026-10-01T02:00:00Z,Totals (Double Faults),9,"{'hdp': 24.5, 'over': '26.00'}"
75138498,2026-10-01,WTA,Beijing,Bet365,Katie Volynets,Robin Montgomery,match_aces,2.5,1.0600,,2026-09-29T20:02:51Z,2026-10-01T02:00:00Z,Totals (Aces),6,"{'hdp': 2.5, 'over': '1.06'}"
75138498,2026-10-01,WTA,Beijing,Bet365,Katie Volynets,Robin Montgomery,match_aces,4.5,1.2800,,2026-09-29T20:02:51Z,2026-10-01T02:00:00Z,Totals (Aces),6,"{'hdp': 4.5, 'over': '1.28'}"
75138498,2026-10-01,WTA,Beijing,Bet365,Katie Volynets,Robin Montgomery,match_aces,9.5,3.4000,,2026-09-29T20:02:51Z,2026-10-01T02:00:00Z,Totals (Aces),6,"{'hdp': 9.5, 'over': '3.40'}"
75138498,2026-10-01,WTA,Beijing,Bet365,Katie Volynets,Robin Montgomery,match_aces,14.5,13.0000,,2026-09-29T20:02:51Z,2026-10-01T02:00:00Z,Totals (Aces),6,"{'hdp': 14.5, 'over': '13.00'}"
75138498,2026-10-01,WTA,Beijing,Bet365,Katie Volynets,Robin Montgomery,match_aces,19.5,26.0000,,2026-09-29T20:02:51Z,2026-10-01T02:00:00Z,Totals (Aces),6,"{'hdp': 19.5, 'over': '26.00'}"
75138498,2026-10-01,WTA,Beijing,Bet365,Robin Montgomery,Katie Volynets,aces,0.5,1.0100,,2026-09-29T20:02:51Z,2026-10-01T02:00:00Z,Team Total (Aces) Away,5,"{'hdp': 0.5, 'over': '1.01'}"
75138498,2026-10-01,WTA,Beijing,Bet365,Robin Montgomery,Katie Volynets,aces,2.5,1.2000,,2026-09-29T20:02:51Z,2026-10-01T02:00:00Z,Team Total (Aces) Away,5,"{'hdp': 2.5, 'over': '1.20'}"
75138498,2026-10-01,WTA,Beijing,Bet365,Robin Montgomery,Katie Volynets,aces,4.5,1.7200,,2026-09-29T20:02:51Z,2026-10-01T02:00:00Z,Team Total (Aces) Away,5,"{'hdp': 4.5, 'over': '1.72'}"
75138498,2026-10-01,WTA,Beijing,Bet365,Robin Montgomery,Katie Volynets,aces,9.5,7.0000,,2026-09-29T20:02:51Z,2026-10-01T02:00:00Z,Team Total (Aces) Away,5,"{'hdp': 9.5, 'over': '7.00'}"
75138498,2026-10-01,WTA,Beijing,Bet365,Robin Montgomery,Katie Volynets,aces,14.5,26.0000,,2026-09-29T20:02:51Z,2026-10-01T02:00:00Z,Team Total (Aces) Away,5,"{'hdp': 14.5, 'over': '26.00'}"
75138498,2026-10-01,WTA,Beijing,Bet365,Katie Volynets,Robin Montgomery,aces,0.5,1.1600,,2026-09-29T20:02:51Z,2026-10-01T02:00:00Z,Team Total (Aces) Home,3,"{'hdp': 0.5, 'over': '1.16'}"
75138498,2026-10-01,WTA,Beijing,Bet365,Katie Volynets,Robin Montgomery,aces,2.5,2.7500,,2026-09-29T20:02:51Z,2026-10-01T02:00:00Z,Team Total (Aces) Home,3,"{'hdp': 2.5, 'over': '2.75'}"
75138498,2026-10-01,WTA,Beijing,Bet365,Katie Volynets,Robin Montgomery,aces,4.5,10.0000,,2026-09-29T20:02:51Z,2026-10-01T02:00:00Z,Team Total (Aces) Home,3,"{'hdp': 4.5, 'over': '10.00'}"
75103546,2026-10-01,ATP,Beijing,Bet365,Quentin Halys,Ignacio Buse,aces,2.5,1.0100,,2026-09-29T20:02:51Z,2026-10-01T02:00:00Z,Team Total (Aces) Away,8,"{'hdp': 2.5, 'over': '1.01'}"
75103546,2026-10-01,ATP,Beijing,Bet365,Quentin Halys,Ignacio Buse,aces,4.5,1.0700,,2026-09-29T20:02:51Z,2026-10-01T02:00:00Z,Team Total (Aces) Away,8,"{'hdp': 4.5, 'over': '1.07'}"
75103546,2026-10-01,ATP,Beijing,Bet365,Quentin Halys,Ignacio Buse,aces,9.5,1.5700,,2026-09-29T20:02:51Z,2026-10-01T02:00:00Z,Team Total (Aces) Away,8,"{'hdp': 9.5, 'over': '1.57'}"
75103546,2026-10-01,ATP,Beijing,Bet365,Quentin Halys,Ignacio Buse,aces,14.5,3.0000,,2026-09-29T20:02:51Z,2026-10-01T02:00:00Z,Team Total (Aces) Away,8,"{'hdp': 14.5, 'over': '3.00'}"
75103546,2026-10-01,ATP,Beijing,Bet365,Quentin Halys,Ignacio Buse,aces,19.5,6.5000,,2026-09-29T20:02:51Z,2026-10-01T02:00:00Z,Team Total (Aces) Away,8,"{'hdp': 19.5, 'over': '6.50'}"
75103546,2026-10-01,ATP,Beijing,Bet365,Quentin Halys,Ignacio Buse,aces,24.5,15.0000,,2026-09-29T20:02:51Z,2026-10-01T02:00:00Z,Team Total (Aces) Away,8,"{'hdp': 24.5, 'over': '15.00'}"
75103546,2026-10-01,ATP,Beijing,Bet365,Quentin Halys,Ignacio Buse,aces,29.5,26.0000,,2026-09-29T20:02:51Z,2026-10-01T02:00:00Z,Team Total (Aces) Away,8,"{'hdp': 29.5, 'over': '26.00'}"
75103546,2026-10-01,ATP,Beijing,Bet365,Quentin Halys,Ignacio Buse,double_faults,0.5,1.0200,,2026-09-29T20:02:51Z,2026-10-01T02:00:00Z,Team Total (Double Faults) Away,6,"{'hdp': 0.5, 'over': '1.02'}"
75103546,2026-10-01,ATP,Beijing,Bet365,Quentin Halys,Ignacio Buse,double_faults,1.5,1.1400,,2026-09-29T20:02:51Z,2026-10-01T02:00:00Z,Team Total (Double Faults) Away,6,"{'hdp': 1.5, 'over': '1.14'}"
75103546,2026-10-01,ATP,Beijing,Bet365,Quentin Halys,Ignacio Buse,double_faults,2.5,1.4000,,2026-09-29T20:02:51Z,2026-10-01T02:00:00Z,Team Total (Double Faults) Away,6,"{'hdp': 2.5, 'over': '1.40'}"
75103546,2026-10-01,ATP,Beijing,Bet365,Quentin Halys,Ignacio Buse,double_faults,4.5,2.7500,,2026-09-29T20:02:51Z,2026-10-01T02:00:00Z,Team Total (Double Faults) Away,6,"{'hdp': 4.5, 'over': '2.75'}"
75103546,2026-10-01,ATP,Beijing,Bet365,Quentin Halys,Ignacio Buse,double_faults,7.5,13.0000,,2026-09-29T20:02:51Z,2026-10-01T02:00:00Z,Team Total (Double Faults) Away,6,"{'hdp': 7.5, 'over': '13.00'}"
75103546,2026-10-01,ATP,Beijing,Bet365,Quentin Halys,Ignacio Buse,double_faults,9.5,26.0000,,2026-09-29T20:02:51Z,2026-10-01T02:00:00Z,Team Total (Double Faults) Away,6,"{'hdp': 9.5, 'over': '26.00'}"
75103546,2026-10-01,ATP,Beijing,Bet365,Ignacio Buse,Quentin Halys,double_faults,0.5,1.2000,,2026-09-29T20:02:51Z,2026-10-01T02:00:00Z,Team Total (Double Faults) Home,5,"{'hdp': 0.5, 'over': '1.20'}"
75103546,2026-10-01,ATP,Beijing,Bet365,Ignacio Buse,Quentin Halys,double_faults,1.5,1.8300,,2026-09-29T20:02:51Z,2026-10-01T02:00:00Z,Team Total (Double Faults) Home,5,"{'hdp': 1.5, 'over': '1.83'}"
75103546,2026-10-01,ATP,Beijing,Bet365,Ignacio Buse,Quentin Halys,double_faults,2.5,3.5000,,2026-09-29T20:02:51Z,2026-10-01T02:00:00Z,Team Total (Double Faults) Home,5,"{'hdp': 2.5, 'over': '3.50'}"
75103546,2026-10-01,ATP,Beijing,Bet365,Ignacio Buse,Quentin Halys,double_faults,4.5,17.0000,,2026-09-29T20:02:51Z,2026-10-01T02:00:00Z,Team Total (Double Faults) Home,5,"{'hdp': 4.5, 'over': '17.00'}"
75103546,2026-10-01,ATP,Beijing,Bet365,Ignacio Buse,Quentin Halys,double_faults,7.5,26.0000,,2026-09-29T20:02:51Z,2026-10-01T02:00:00Z,Team Total (Double Faults) Home,5,"{'hdp': 7.5, 'over': '26.00'}"
75103546,2026-10-01,ATP,Beijing,Bet365,Ignacio Buse,Quentin Halys,match_aces,9.5,1.1100,,2026-09-29T20:02:51Z,2026-10-01T02:00:00Z,Totals (Aces),8,"{'hdp': 9.5, 'over': '1.11'}"
75103546,2026-10-01,ATP,Beijing,Bet365,Ignacio Buse,Quentin Halys,match_aces,14.5,1.4400,,2026-09-29T20:02:51Z,2026-10-01T02:00:00Z,Totals (Aces),8,"{'hdp': 14.5, 'over': '1.44'}"
75103546,2026-10-01,ATP,Beijing,Bet365,Ignacio Buse,Quentin Halys,match_aces,19.5,2.2500,,2026-09-29T20:02:51Z,2026-10-01T02:00:00Z,Totals (Aces),8,"{'hdp': 19.5, 'over': '2.25'}"
75103546,2026-10-01,ATP,Beijing,Bet365,Ignacio Buse,Quentin Halys,match_aces,24.5,4.0000,,2026-09-29T20:02:51Z,2026-10-01T02:00:00Z,Totals (Aces),8,"{'hdp': 24.5, 'over': '4.00'}"
75103546,2026-10-01,ATP,Beijing,Bet365,Ignacio Buse,Quentin Halys,match_aces,29.5,8.0000,,2026-09-29T20:02:51Z,2026-10-01T02:00:00Z,Totals (Aces),8,"{'hdp': 29.5, 'over': '8.00'}"
75103546,2026-10-01,ATP,Beijing,Bet365,Ignacio Buse,Quentin Halys,match_aces,39.5,26.0000,,2026-09-29T20:02:51Z,2026-10-01T02:00:00Z,Totals (Aces),8,"{'hdp': 39.5, 'over': '26.00'}"
75103546,2026-10-01,ATP,Beijing,Bet365,Ignacio Buse,Quentin Halys,aces,2.5,1.1200,,2026-09-29T20:02:51Z,2026-10-01T02:00:00Z,Team Total (Aces) Home,6,"{'hdp': 2.5, 'over': '1.12'}"
75103546,2026-10-01,ATP,Beijing,Bet365,Ignacio Buse,Quentin Halys,aces,4.5,1.4400,,2026-09-29T20:02:51Z,2026-10-01T02:00:00Z,Team Total (Aces) Home,6,"{'hdp': 4.5, 'over': '1.44'}"
75103546,2026-10-01,ATP,Beijing,Bet365,Ignacio Buse,Quentin Halys,aces,9.5,4.3300,,2026-09-29T20:02:51Z,2026-10-01T02:00:00Z,Team Total (Aces) Home,6,"{'hdp': 9.5, 'over': '4.33'}"
75103546,2026-10-01,ATP,Beijing,Bet365,Ignacio Buse,Quentin Halys,aces,14.5,19.0000,,2026-09-29T20:02:51Z,2026-10-01T02:00:00Z,Team Total (Aces) Home,6,"{'hdp': 14.5, 'over': '19.00'}"
75103546,2026-10-01,ATP,Beijing,Bet365,Ignacio Buse,Quentin Halys,aces,19.5,26.0000,,2026-09-29T20:02:51Z,2026-10-01T02:00:00Z,Team Total (Aces) Home,6,"{'hdp': 19.5, 'over': '26.00'}"
75103546,2026-10-01,ATP,Beijing,Bet365,Ignacio Buse,Quentin Halys,match_double_faults,1.5,1.0300,,2026-09-29T20:02:51Z,2026-10-01T02:00:00Z,Totals (Double Faults),8,"{'hdp': 1.5, 'over': '1.03'}"
75103546,2026-10-01,ATP,Beijing,Bet365,Ignacio Buse,Quentin Halys,match_double_faults,2.5,1.1100,,2026-09-29T20:02:51Z,2026-10-01T02:00:00Z,Totals (Double Faults),8,"{'hdp': 2.5, 'over': '1.11'}"
75103546,2026-10-01,ATP,Beijing,Bet365,Ignacio Buse,Quentin Halys,match_double_faults,4.5,1.5700,,2026-09-29T20:02:51Z,2026-10-01T02:00:00Z,Totals (Double Faults),8,"{'hdp': 4.5, 'over': '1.57'}"
75103546,2026-10-01,ATP,Beijing,Bet365,Ignacio Buse,Quentin Halys,match_double_faults,7.5,4.0000,,2026-09-29T20:02:51Z,2026-10-01T02:00:00Z,Totals (Double Faults),8,"{'hdp': 7.5, 'over': '4.00'}"
75103546,2026-10-01,ATP,Beijing,Bet365,Ignacio Buse,Quentin Halys,match_double_faults,9.5,10.0000,,2026-09-29T20:02:51Z,2026-10-01T02:00:00Z,Totals (Double Faults),8,"{'hdp': 9.5, 'over': '10.00'}"
75103546,2026-10-01,ATP,Beijing,Bet365,Ignacio Buse,Quentin Halys,match_double_faults,11.5,23.0000,,2026-09-29T20:02:51Z,2026-10-01T02:00:00Z,Totals (Double Faults),8,"{'hdp': 11.5, 'over': '23.00'}"
75103546,2026-10-01,ATP,Beijing,Bet365,Ignacio Buse,Quentin Halys,match_double_faults,14.5,26.0000,,2026-09-29T20:02:51Z,2026-10-01T02:00:00Z,Totals (Double Faults),8,"{'hdp': 14.5, 'over': '26.00'}"
75103550,2026-10-01,ATP,Beijing,Bet365,Jakub Mensik,Alexander Bublik,aces,2.5,1.0200,,2026-09-29T20:02:51Z,2026-10-01T02:00:00Z,Team Total (Aces) Away,8,"{'hdp': 2.5, 'over': '1.02'}"
75103550,2026-10-01,ATP,Beijing,Bet365,Jakub Mensik,Alexander Bublik,aces,4.5,1.1000,,2026-09-29T20:02:51Z,2026-10-01T02:00:00Z,Team Total (Aces) Away,8,"{'hdp': 4.5, 'over': '1.10'}"
75103550,2026-10-01,ATP,Beijing,Bet365,Jakub Mensik,Alexander Bublik,aces,9.5,1.7200,,2026-09-29T20:02:51Z,2026-10-01T02:00:00Z,Team Total (Aces) Away,8,"{'hdp': 9.5, 'over': '1.72'}"
75103550,2026-10-01,ATP,Beijing,Bet365,Jakub Mensik,Alexander Bublik,aces,14.5,3.5000,,2026-09-29T20:02:51Z,2026-10-01T02:00:00Z,Team Total (Aces) Away,8,"{'hdp': 14.5, 'over': '3.50'}"
75103550,2026-10-01,ATP,Beijing,Bet365,Jakub Mensik,Alexander Bublik,aces,19.5,9.0000,,2026-09-29T20:02:51Z,2026-10-01T02:00:00Z,Team Total (Aces) Away,8,"{'hdp': 19.5, 'over': '9.00'}"
75103550,2026-10-01,ATP,Beijing,Bet365,Jakub Mensik,Alexander Bublik,aces,24.5,21.0000,,2026-09-29T20:02:51Z,2026-10-01T02:00:00Z,Team Total (Aces) Away,8,"{'hdp': 24.5, 'over': '21.00'}"
75103550,2026-10-01,ATP,Beijing,Bet365,Jakub Mensik,Alexander Bublik,aces,29.5,26.0000,,2026-09-29T20:02:51Z,2026-10-01T02:00:00Z,Team Total (Aces) Away,8,"{'hdp': 29.5, 'over': '26.00'}"
75103550,2026-10-01,ATP,Beijing,Bet365,Alexander Bublik,Jakub Mensik,aces,2.5,1.0400,,2026-09-29T20:02:51Z,2026-10-01T02:00:00Z,Team Total (Aces) Home,7,"{'hdp': 2.5, 'over': '1.04'}"
75103550,2026-10-01,ATP,Beijing,Bet365,Alexander Bublik,Jakub Mensik,aces,4.5,1.1600,,2026-09-29T20:02:51Z,2026-10-01T02:00:00Z,Team Total (Aces) Home,7,"{'hdp': 4.5, 'over': '1.16'}"
75103550,2026-10-01,ATP,Beijing,Bet365,Alexander Bublik,Jakub Mensik,aces,9.5,2.0000,,2026-09-29T20:02:51Z,2026-10-01T02:00:00Z,Team Total (Aces) Home,7,"{'hdp': 9.5, 'over': '2.00'}"
75103550,2026-10-01,ATP,Beijing,Bet365,Alexander Bublik,Jakub Mensik,aces,14.5,4.5000,,2026-09-29T20:02:51Z,2026-10-01T02:00:00Z,Team Total (Aces) Home,7,"{'hdp': 14.5, 'over': '4.50'}"
75103550,2026-10-01,ATP,Beijing,Bet365,Alexander Bublik,Jakub Mensik,aces,19.5,13.0000,,2026-09-29T20:02:51Z,2026-10-01T02:00:00Z,Team Total (Aces) Home,7,"{'hdp': 19.5, 'over': '13.00'}"
75103550,2026-10-01,ATP,Beijing,Bet365,Alexander Bublik,Jakub Mensik,aces,24.5,26.0000,,2026-09-29T20:02:51Z,2026-10-01T02:00:00Z,Team Total (Aces) Home,7,"{'hdp': 24.5, 'over': '26.00'}"
75103550,2026-10-01,ATP,Beijing,Bet365,Alexander Bublik,Jakub Mensik,double_faults,1.5,1.0400,,2026-09-29T20:02:51Z,2026-10-01T02:00:00Z,Team Total (Double Faults) Home,8,"{'hdp': 1.5, 'over': '1.04'}"
75103550,2026-10-01,ATP,Beijing,Bet365,Alexander Bublik,Jakub Mensik,double_faults,2.5,1.1200,,2026-09-29T20:02:51Z,2026-10-01T02:00:00Z,Team Total (Double Faults) Home,8,"{'hdp': 2.5, 'over': '1.12'}"
75103550,2026-10-01,ATP,Beijing,Bet365,Alexander Bublik,Jakub Mensik,double_faults,4.5,1.6100,,2026-09-29T20:02:51Z,2026-10-01T02:00:00Z,Team Total (Double Faults) Home,8,"{'hdp': 4.5, 'over': '1.61'}"
75103550,2026-10-01,ATP,Beijing,Bet365,Alexander Bublik,Jakub Mensik,double_faults,7.5,4.0000,,2026-09-29T20:02:51Z,2026-10-01T02:00:00Z,Team Total (Double Faults) Home,8,"{'hdp': 7.5, 'over': '4.00'}"
75103550,2026-10-01,ATP,Beijing,Bet365,Alexander Bublik,Jakub Mensik,double_faults,9.5,10.0000,,2026-09-29T20:02:51Z,2026-10-01T02:00:00Z,Team Total (Double Faults) Home,8,"{'hdp': 9.5, 'over': '10.00'}"
75103550,2026-10-01,ATP,Beijing,Bet365,Alexander Bublik,Jakub Mensik,double_faults,11.5,23.0000,,2026-09-29T20:02:51Z,2026-10-01T02:00:00Z,Team Total (Double Faults) Home,8,"{'hdp': 11.5, 'over': '23.00'}"
75103550,2026-10-01,ATP,Beijing,Bet365,Alexander Bublik,Jakub Mensik,double_faults,14.5,26.0000,,2026-09-29T20:02:51Z,2026-10-01T02:00:00Z,Team Total (Double Faults) Home,8,"{'hdp': 14.5, 'over': '26.00'}"
75103550,2026-10-01,ATP,Beijing,Bet365,Alexander Bublik,Jakub Mensik,match_double_faults,4.5,1.0600,,2026-09-29T20:02:51Z,2026-10-01T02:00:00Z,Totals (Double Faults),8,"{'hdp': 4.5, 'over': '1.06'}"
75103550,2026-10-01,ATP,Beijing,Bet365,Alexander Bublik,Jakub Mensik,match_double_faults,7.5,1.4000,,2026-09-29T20:02:51Z,2026-10-01T02:00:00Z,Totals (Double Faults),8,"{'hdp': 7.5, 'over': '1.40'}"
75103550,2026-10-01,ATP,Beijing,Bet365,Alexander Bublik,Jakub Mensik,match_double_faults,9.5,2.0000,,2026-09-29T20:02:51Z,2026-10-01T02:00:00Z,Totals (Double Faults),8,"{'hdp': 9.5, 'over': '2.00'}"
75103550,2026-10-01,ATP,Beijing,Bet365,Alexander Bublik,Jakub Mensik,match_double_faults,11.5,3.2500,,2026-09-29T20:02:51Z,2026-10-01T02:00:00Z,Totals (Double Faults),8,"{'hdp': 11.5, 'over': '3.25'}"
75103550,2026-10-01,ATP,Beijing,Bet365,Alexander Bublik,Jakub Mensik,match_double_faults,14.5,8.0000,,2026-09-29T20:02:51Z,2026-10-01T02:00:00Z,Totals (Double Faults),8,"{'hdp': 14.5, 'over': '8.00'}"
75103550,2026-10-01,ATP,Beijing,Bet365,Alexander Bublik,Jakub Mensik,match_double_faults,19.5,26.0000,,2026-09-29T20:02:51Z,2026-10-01T02:00:00Z,Totals (Double Faults),8,"{'hdp': 19.5, 'over': '26.00'}"
75103550,2026-10-01,ATP,Beijing,Bet365,Jakub Mensik,Alexander Bublik,double_faults,0.5,1.0200,,2026-09-29T20:02:51Z,2026-10-01T02:00:00Z,Team Total (Double Faults) Away,7,"{'hdp': 0.5, 'over': '1.02'}"
75103550,2026-10-01,ATP,Beijing,Bet365,Jakub Mensik,Alexander Bublik,double_faults,1.5,1.1200,,2026-09-29T20:02:51Z,2026-10-01T02:00:00Z,Team Total (Double Faults) Away,7,"{'hdp': 1.5, 'over': '1.12'}"
75103550,2026-10-01,ATP,Beijing,Bet365,Jakub Mensik,Alexander Bublik,double_faults,2.5,1.3300,,2026-09-29T20:02:51Z,2026-10-01T02:00:00Z,Team Total (Double Faults) Away,7,"{'hdp': 2.5, 'over': '1.33'}"
75103550,2026-10-01,ATP,Beijing,Bet365,Jakub Mensik,Alexander Bublik,double_faults,4.5,2.3700,,2026-09-29T20:02:51Z,2026-10-01T02:00:00Z,Team Total (Double Faults) Away,7,"{'hdp': 4.5, 'over': '2.37'}"
75103550,2026-10-01,ATP,Beijing,Bet365,Jakub Mensik,Alexander Bublik,double_faults,7.5,9.0000,,2026-09-29T20:02:51Z,2026-10-01T02:00:00Z,Team Total (Double Faults) Away,7,"{'hdp': 7.5, 'over': '9.00'}"
75103550,2026-10-01,ATP,Beijing,Bet365,Jakub Mensik,Alexander Bublik,double_faults,9.5,21.0000,,2026-09-29T20:02:51Z,2026-10-01T02:00:00Z,Team Total (Double Faults) Away,7,"{'hdp': 9.5, 'over': '21.00'}"
75103550,2026-10-01,ATP,Beijing,Bet365,Jakub Mensik,Alexander Bublik,double_faults,11.5,26.0000,,2026-09-29T20:02:51Z,2026-10-01T02:00:00Z,Team Total (Double Faults) Away,7,"{'hdp': 11.5, 'over': '26.00'}"
75103550,2026-10-01,ATP,Beijing,Bet365,Alexander Bublik,Jakub Mensik,match_aces,9.5,1.0600,,2026-09-29T20:02:51Z,2026-10-01T02:00:00Z,Totals (Aces),9,"{'hdp': 9.5, 'over': '1.06'}"
75103550,2026-10-01,ATP,Beijing,Bet365,Alexander Bublik,Jakub Mensik,match_aces,14.5,1.2800,,2026-09-29T20:02:51Z,2026-10-01T02:00:00Z,Totals (Aces),9,"{'hdp': 14.5, 'over': '1.28'}"
75103550,2026-10-01,ATP,Beijing,Bet365,Alexander Bublik,Jakub Mensik,match_aces,19.5,1.8000,,2026-09-29T20:02:51Z,2026-10-01T02:00:00Z,Totals (Aces),9,"{'hdp': 19.5, 'over': '1.80'}"
75103550,2026-10-01,ATP,Beijing,Bet365,Alexander Bublik,Jakub Mensik,match_aces,24.5,3.0000,,2026-09-29T20:02:51Z,2026-10-01T02:00:00Z,Totals (Aces),9,"{'hdp': 24.5, 'over': '3.00'}"
75103550,2026-10-01,ATP,Beijing,Bet365,Alexander Bublik,Jakub Mensik,match_aces,29.5,5.0000,,2026-09-29T20:02:51Z,2026-10-01T02:00:00Z,Totals (Aces),9,"{'hdp': 29.5, 'over': '5.00'}"
75103550,2026-10-01,ATP,Beijing,Bet365,Alexander Bublik,Jakub Mensik,match_aces,39.5,17.0000,,2026-09-29T20:02:51Z,2026-10-01T02:00:00Z,Totals (Aces),9,"{'hdp': 39.5, 'over': '17.00'}"
75103550,2026-10-01,ATP,Beijing,Bet365,Alexander Bublik,Jakub Mensik,match_aces,49.5,26.0000,,2026-09-29T20:02:51Z,2026-10-01T02:00:00Z,Totals (Aces),9,"{'hdp': 49.5, 'over': '26.00'}"
75103558,2026-10-01,ATP,Beijing,Bet365,Juncheng Shang,Sebastian Baez,match_double_faults,1.5,1.0600,,2026-09-29T20:02:51Z,2026-10-01T02:00:00Z,Totals (Double Faults),7,"{'hdp': 1.5, 'over': '1.06'}"
75103558,2026-10-01,ATP,Beijing,Bet365,Juncheng Shang,Sebastian Baez,match_double_faults,2.5,1.2000,,2026-09-29T20:02:51Z,2026-10-01T02:00:00Z,Totals (Double Faults),7,"{'hdp': 2.5, 'over': '1.20'}"
75103558,2026-10-01,ATP,Beijing,Bet365,Juncheng Shang,Sebastian Baez,match_double_faults,4.5,2.0000,,2026-09-29T20:02:51Z,2026-10-01T02:00:00Z,Totals (Double Faults),7,"{'hdp': 4.5, 'over': '2.00'}"
75103558,2026-10-01,ATP,Beijing,Bet365,Juncheng Shang,Sebastian Baez,match_double_faults,7.5,7.0000,,2026-09-29T20:02:51Z,2026-10-01T02:00:00Z,Totals (Double Faults),7,"{'hdp': 7.5, 'over': '7.00'}"
75103558,2026-10-01,ATP,Beijing,Bet365,Juncheng Shang,Sebastian Baez,match_double_faults,9.5,19.0000,,2026-09-29T20:02:51Z,2026-10-01T02:00:00Z,Totals (Double Faults),7,"{'hdp': 9.5, 'over': '19.00'}"
75103558,2026-10-01,ATP,Beijing,Bet365,Juncheng Shang,Sebastian Baez,match_double_faults,11.5,26.0000,,2026-09-29T20:02:51Z,2026-10-01T02:00:00Z,Totals (Double Faults),7,"{'hdp': 11.5, 'over': '26.00'}"
75103558,2026-10-01,ATP,Beijing,Bet365,Juncheng Shang,Sebastian Baez,double_faults,0.5,1.0800,,2026-09-29T20:02:51Z,2026-10-01T02:00:00Z,Team Total (Double Faults) Home,5,"{'hdp': 0.5, 'over': '1.08'}"
75103558,2026-10-01,ATP,Beijing,Bet365,Juncheng Shang,Sebastian Baez,double_faults,1.5,1.4000,,2026-09-29T20:02:51Z,2026-10-01T02:00:00Z,Team Total (Double Faults) Home,5,"{'hdp': 1.5, 'over': '1.40'}"
75103558,2026-10-01,ATP,Beijing,Bet365,Juncheng Shang,Sebastian Baez,double_faults,2.5,2.1000,,2026-09-29T20:02:51Z,2026-10-01T02:00:00Z,Team Total (Double Faults) Home,5,"{'hdp': 2.5, 'over': '2.10'}"
75103558,2026-10-01,ATP,Beijing,Bet365,Juncheng Shang,Sebastian Baez,double_faults,4.5,6.5000,,2026-09-29T20:02:51Z,2026-10-01T02:00:00Z,Team Total (Double Faults) Home,5,"{'hdp': 4.5, 'over': '6.50'}"
75103558,2026-10-01,ATP,Beijing,Bet365,Juncheng Shang,Sebastian Baez,double_faults,7.5,26.0000,,2026-09-29T20:02:51Z,2026-10-01T02:00:00Z,Team Total (Double Faults) Home,5,"{'hdp': 7.5, 'over': '26.00'}"
75103558,2026-10-01,ATP,Beijing,Bet365,Juncheng Shang,Sebastian Baez,match_aces,2.5,1.0100,,2026-09-29T20:02:51Z,2026-10-01T02:00:00Z,Totals (Aces),8,"{'hdp': 2.5, 'over': '1.01'}"
75103558,2026-10-01,ATP,Beijing,Bet365,Juncheng Shang,Sebastian Baez,match_aces,4.5,1.0600,,2026-09-29T20:02:51Z,2026-10-01T02:00:00Z,Totals (Aces),8,"{'hdp': 4.5, 'over': '1.06'}"
75103558,2026-10-01,ATP,Beijing,Bet365,Juncheng Shang,Sebastian Baez,match_aces,9.5,1.5700,,2026-09-29T20:02:51Z,2026-10-01T02:00:00Z,Totals (Aces),8,"{'hdp': 9.5, 'over': '1.57'}"
75103558,2026-10-01,ATP,Beijing,Bet365,Juncheng Shang,Sebastian Baez,match_aces,14.5,3.4000,,2026-09-29T20:02:51Z,2026-10-01T02:00:00Z,Totals (Aces),8,"{'hdp': 14.5, 'over': '3.40'}"
75103558,2026-10-01,ATP,Beijing,Bet365,Juncheng Shang,Sebastian Baez,match_aces,19.5,9.0000,,2026-09-29T20:02:51Z,2026-10-01T02:00:00Z,Totals (Aces),8,"{'hdp': 19.5, 'over': '9.00'}"
75103558,2026-10-01,ATP,Beijing,Bet365,Juncheng Shang,Sebastian Baez,match_aces,24.5,21.0000,,2026-09-29T20:02:51Z,2026-10-01T02:00:00Z,Totals (Aces),8,"{'hdp': 24.5, 'over': '21.00'}"
75103558,2026-10-01,ATP,Beijing,Bet365,Juncheng Shang,Sebastian Baez,match_aces,29.5,26.0000,,2026-09-29T20:02:51Z,2026-10-01T02:00:00Z,Totals (Aces),8,"{'hdp': 29.5, 'over': '26.00'}"
75103558,2026-10-01,ATP,Beijing,Bet365,Sebastian Baez,Juncheng Shang,aces,0.5,1.0100,,2026-09-29T20:02:51Z,2026-10-01T02:00:00Z,Team Total (Aces) Away,5,"{'hdp': 0.5, 'over': '1.01'}"
75103558,2026-10-01,ATP,Beijing,Bet365,Sebastian Baez,Juncheng Shang,aces,2.5,1.2200,,2026-09-29T20:02:51Z,2026-10-01T02:00:00Z,Team Total (Aces) Away,5,"{'hdp': 2.5, 'over': '1.22'}"
75103558,2026-10-01,ATP,Beijing,Bet365,Sebastian Baez,Juncheng Shang,aces,4.5,1.8300,,2026-09-29T20:02:51Z,2026-10-01T02:00:00Z,Team Total (Aces) Away,5,"{'hdp': 4.5, 'over': '1.83'}"
75103558,2026-10-01,ATP,Beijing,Bet365,Sebastian Baez,Juncheng Shang,aces,9.5,9.0000,,2026-09-29T20:02:51Z,2026-10-01T02:00:00Z,Team Total (Aces) Away,5,"{'hdp': 9.5, 'over': '9.00'}"
75103558,2026-10-01,ATP,Beijing,Bet365,Sebastian Baez,Juncheng Shang,aces,14.5,26.0000,,2026-09-29T20:02:51Z,2026-10-01T02:00:00Z,Team Total (Aces) Away,5,"{'hdp': 14.5, 'over': '26.00'}"
75103558,2026-10-01,ATP,Beijing,Bet365,Juncheng Shang,Sebastian Baez,aces,2.5,1.1100,,2026-09-29T20:02:51Z,2026-10-01T02:00:00Z,Team Total (Aces) Home,6,"{'hdp': 2.5, 'over': '1.11'}"
75103558,2026-10-01,ATP,Beijing,Bet365,Juncheng Shang,Sebastian Baez,aces,4.5,1.4400,,2026-09-29T20:02:51Z,2026-10-01T02:00:00Z,Team Total (Aces) Home,6,"{'hdp': 4.5, 'over': '1.44'}"
75103558,2026-10-01,ATP,Beijing,Bet365,Juncheng Shang,Sebastian Baez,aces,9.5,4.3300,,2026-09-29T20:02:51Z,2026-10-01T02:00:00Z,Team Total (Aces) Home,6,"{'hdp': 9.5, 'over': '4.33'}"
75103558,2026-10-01,ATP,Beijing,Bet365,Juncheng Shang,Sebastian Baez,aces,14.5,19.0000,,2026-09-29T20:02:51Z,2026-10-01T02:00:00Z,Team Total (Aces) Home,6,"{'hdp': 14.5, 'over': '19.00'}"
75103558,2026-10-01,ATP,Beijing,Bet365,Juncheng Shang,Sebastian Baez,aces,19.5,26.0000,,2026-09-29T20:02:51Z,2026-10-01T02:00:00Z,Team Total (Aces) Home,6,"{'hdp': 19.5, 'over': '26.00'}"
75103558,2026-10-01,ATP,Beijing,Bet365,Sebastian Baez,Juncheng Shang,double_faults,0.5,1.1200,,2026-09-29T20:02:51Z,2026-10-01T02:00:00Z,Team Total (Double Faults) Away,5,"{'hdp': 0.5, 'over': '1.12'}"
75103558,2026-10-01,ATP,Beijing,Bet365,Sebastian Baez,Juncheng Shang,double_faults,1.5,1.6100,,2026-09-29T20:02:51Z,2026-10-01T02:00:00Z,Team Total (Double Faults) Away,5,"{'hdp': 1.5, 'over': '1.61'}"
75103558,2026-10-01,ATP,Beijing,Bet365,Sebastian Baez,Juncheng Shang,double_faults,2.5,2.6200,,2026-09-29T20:02:51Z,2026-10-01T02:00:00Z,Team Total (Double Faults) Away,5,"{'hdp': 2.5, 'over': '2.62'}"
75103558,2026-10-01,ATP,Beijing,Bet365,Sebastian Baez,Juncheng Shang,double_faults,4.5,11.0000,,2026-09-29T20:02:51Z,2026-10-01T02:00:00Z,Team Total (Double Faults) Away,5,"{'hdp': 4.5, 'over': '11.00'}"
75103558,2026-10-01,ATP,Beijing,Bet365,Sebastian Baez,Juncheng Shang,double_faults,7.5,26.0000,,2026-09-29T20:02:51Z,2026-10-01T02:00:00Z,Team Total (Double Faults) Away,5,"{'hdp': 7.5, 'over': '26.00'}"
75138496,2026-10-01,WTA,Beijing,Bet365,Yihan Qu,Harriet Dart,double_faults,0.5,1.0100,,2026-09-29T20:02:51Z,2026-10-01T02:00:00Z,Team Total (Double Faults) Away,6,"{'hdp': 0.5, 'over': '1.01'}"
75138496,2026-10-01,WTA,Beijing,Bet365,Yihan Qu,Harriet Dart,double_faults,1.5,1.1100,,2026-09-29T20:02:51Z,2026-10-01T02:00:00Z,Team Total (Double Faults) Away,6,"{'hdp': 1.5, 'over': '1.11'}"
75138496,2026-10-01,WTA,Beijing,Bet365,Yihan Qu,Harriet Dart,double_faults,2.5,1.3600,,2026-09-29T20:02:51Z,2026-10-01T02:00:00Z,Team Total (Double Faults) Away,6,"{'hdp': 2.5, 'over': '1.36'}"
75138496,2026-10-01,WTA,Beijing,Bet365,Yihan Qu,Harriet Dart,double_faults,4.5,2.7500,,2026-09-29T20:02:51Z,2026-10-01T02:00:00Z,Team Total (Double Faults) Away,6,"{'hdp': 4.5, 'over': '2.75'}"
75138496,2026-10-01,WTA,Beijing,Bet365,Yihan Qu,Harriet Dart,double_faults,7.5,15.0000,,2026-09-29T20:02:51Z,2026-10-01T02:00:00Z,Team Total (Double Faults) Away,6,"{'hdp': 7.5, 'over': '15.00'}"
75138496,2026-10-01,WTA,Beijing,Bet365,Yihan Qu,Harriet Dart,double_faults,9.5,26.0000,,2026-09-29T20:02:51Z,2026-10-01T02:00:00Z,Team Total (Double Faults) Away,6,"{'hdp': 9.5, 'over': '26.00'}"
75138496,2026-10-01,WTA,Beijing,Bet365,Harriet Dart,Yihan Qu,double_faults,0.5,1.0500,,2026-09-29T20:02:51Z,2026-10-01T02:00:00Z,Team Total (Double Faults) Home,6,"{'hdp': 0.5, 'over': '1.05'}"
75138496,2026-10-01,WTA,Beijing,Bet365,Harriet Dart,Yihan Qu,double_faults,1.5,1.2500,,2026-09-29T20:02:51Z,2026-10-01T02:00:00Z,Team Total (Double Faults) Home,6,"{'hdp': 1.5, 'over': '1.25'}"
75138496,2026-10-01,WTA,Beijing,Bet365,Harriet Dart,Yihan Qu,double_faults,2.5,1.6100,,2026-09-29T20:02:51Z,2026-10-01T02:00:00Z,Team Total (Double Faults) Home,6,"{'hdp': 2.5, 'over': '1.61'}"
75138496,2026-10-01,WTA,Beijing,Bet365,Harriet Dart,Yihan Qu,double_faults,4.5,3.4000,,2026-09-29T20:02:51Z,2026-10-01T02:00:00Z,Team Total (Double Faults) Home,6,"{'hdp': 4.5, 'over': '3.40'}"
75138496,2026-10-01,WTA,Beijing,Bet365,Harriet Dart,Yihan Qu,double_faults,7.5,13.0000,,2026-09-29T20:02:51Z,2026-10-01T02:00:00Z,Team Total (Double Faults) Home,6,"{'hdp': 7.5, 'over': '13.00'}"
75138496,2026-10-01,WTA,Beijing,Bet365,Harriet Dart,Yihan Qu,double_faults,9.5,26.0000,,2026-09-29T20:02:51Z,2026-10-01T02:00:00Z,Team Total (Double Faults) Home,6,"{'hdp': 9.5, 'over': '26.00'}"
75138496,2026-10-01,WTA,Beijing,Bet365,Harriet Dart,Yihan Qu,match_aces,0.5,1.0100,,2026-09-29T20:02:51Z,2026-10-01T02:00:00Z,Totals (Aces),5,"{'hdp': 0.5, 'over': '1.01'}"
75138496,2026-10-01,WTA,Beijing,Bet365,Harriet Dart,Yihan Qu,match_aces,2.5,1.2200,,2026-09-29T20:02:51Z,2026-10-01T02:00:00Z,Totals (Aces),5,"{'hdp': 2.5, 'over': '1.22'}"
75138496,2026-10-01,WTA,Beijing,Bet365,Harriet Dart,Yihan Qu,match_aces,4.5,1.8300,,2026-09-29T20:02:51Z,2026-10-01T02:00:00Z,Totals (Aces),5,"{'hdp': 4.5, 'over': '1.83'}"
75138496,2026-10-01,WTA,Beijing,Bet365,Harriet Dart,Yihan Qu,match_aces,9.5,11.0000,,2026-09-29T20:02:51Z,2026-10-01T02:00:00Z,Totals (Aces),5,"{'hdp': 9.5, 'over': '11.00'}"
75138496,2026-10-01,WTA,Beijing,Bet365,Harriet Dart,Yihan Qu,match_aces,14.5,26.0000,,2026-09-29T20:02:51Z,2026-10-01T02:00:00Z,Totals (Aces),5,"{'hdp': 14.5, 'over': '26.00'}"
75138496,2026-10-01,WTA,Beijing,Bet365,Harriet Dart,Yihan Qu,match_double_faults,2.5,1.0400,,2026-09-29T20:02:51Z,2026-10-01T02:00:00Z,Totals (Double Faults),9,"{'hdp': 2.5, 'over': '1.04'}"
75138496,2026-10-01,WTA,Beijing,Bet365,Harriet Dart,Yihan Qu,match_double_faults,4.5,1.2500,,2026-09-29T20:02:51Z,2026-10-01T02:00:00Z,Totals (Double Faults),9,"{'hdp': 4.5, 'over': '1.25'}"
75138496,2026-10-01,WTA,Beijing,Bet365,Harriet Dart,Yihan Qu,match_double_faults,7.5,2.2500,,2026-09-29T20:02:51Z,2026-10-01T02:00:00Z,Totals (Double Faults),9,"{'hdp': 7.5, 'over': '2.25'}"
75138496,2026-10-01,WTA,Beijing,Bet365,Harriet Dart,Yihan Qu,match_double_faults,9.5,4.0000,,2026-09-29T20:02:51Z,2026-10-01T02:00:00Z,Totals (Double Faults),9,"{'hdp': 9.5, 'over': '4.00'}"
75138496,2026-10-01,WTA,Beijing,Bet365,Harriet Dart,Yihan Qu,match_double_faults,11.5,8.0000,,2026-09-29T20:02:51Z,2026-10-01T02:00:00Z,Totals (Double Faults),9,"{'hdp': 11.5, 'over': '8.00'}"
75138496,2026-10-01,WTA,Beijing,Bet365,Harriet Dart,Yihan Qu,match_double_faults,14.5,23.0000,,2026-09-29T20:02:51Z,2026-10-01T02:00:00Z,Totals (Double Faults),9,"{'hdp': 14.5, 'over': '23.00'}"
75138496,2026-10-01,WTA,Beijing,Bet365,Harriet Dart,Yihan Qu,match_double_faults,19.5,26.0000,,2026-09-29T20:02:51Z,2026-10-01T02:00:00Z,Totals (Double Faults),9,"{'hdp': 19.5, 'over': '26.00'}"
75138496,2026-10-01,WTA,Beijing,Bet365,Yihan Qu,Harriet Dart,aces,0.5,1.1600,,2026-09-29T20:02:51Z,2026-10-01T02:00:00Z,Team Total (Aces) Away,4,"{'hdp': 0.5, 'over': '1.16'}"
75138496,2026-10-01,WTA,Beijing,Bet365,Yihan Qu,Harriet Dart,aces,2.5,2.5000,,2026-09-29T20:02:51Z,2026-10-01T02:00:00Z,Team Total (Aces) Away,4,"{'hdp': 2.5, 'over': '2.50'}"
75138496,2026-10-01,WTA,Beijing,Bet365,Yihan Qu,Harriet Dart,aces,4.5,7.0000,,2026-09-29T20:02:51Z,2026-10-01T02:00:00Z,Team Total (Aces) Away,4,"{'hdp': 4.5, 'over': '7.00'}"
75138496,2026-10-01,WTA,Beijing,Bet365,Yihan Qu,Harriet Dart,aces,9.5,26.0000,,2026-09-29T20:02:51Z,2026-10-01T02:00:00Z,Team Total (Aces) Away,4,"{'hdp': 9.5, 'over': '26.00'}"
75138496,2026-10-01,WTA,Beijing,Bet365,Harriet Dart,Yihan Qu,aces,0.5,1.0800,,2026-09-29T20:02:51Z,2026-10-01T02:00:00Z,Team Total (Aces) Home,4,"{'hdp': 0.5, 'over': '1.08'}"
75138496,2026-10-01,WTA,Beijing,Bet365,Harriet Dart,Yihan Qu,aces,2.5,2.0000,,2026-09-29T20:02:51Z,2026-10-01T02:00:00Z,Team Total (Aces) Home,4,"{'hdp': 2.5, 'over': '2.00'}"
75138496,2026-10-01,WTA,Beijing,Bet365,Harriet Dart,Yihan Qu,aces,4.5,5.5000,,2026-09-29T20:02:51Z,2026-10-01T02:00:00Z,Team Total (Aces) Home,4,"{'hdp': 4.5, 'over': '5.50'}"
75138496,2026-10-01,WTA,Beijing,Bet365,Harriet Dart,Yihan Qu,aces,9.5,26.0000,,2026-09-29T20:02:51Z,2026-10-01T02:00:00Z,Team Total (Aces) Home,4,"{'hdp': 9.5, 'over': '26.00'}"
75138502,2026-10-01,WTA,Beijing,Bet365,Qinwen Zheng,Han Shi,match_double_faults,2.5,1.0100,,2026-09-29T20:02:51Z,2026-10-01T02:00:00Z,Totals (Double Faults),9,"{'hdp': 2.5, 'over': '1.01'}"
75138502,2026-10-01,WTA,Beijing,Bet365,Qinwen Zheng,Han Shi,match_double_faults,4.5,1.1100,,2026-09-29T20:02:51Z,2026-10-01T02:00:00Z,Totals (Double Faults),9,"{'hdp': 4.5, 'over': '1.11'}"
75138502,2026-10-01,WTA,Beijing,Bet365,Qinwen Zheng,Han Shi,match_double_faults,7.5,1.6100,,2026-09-29T20:02:51Z,2026-10-01T02:00:00Z,Totals (Double Faults),9,"{'hdp': 7.5, 'over': '1.61'}"
75138502,2026-10-01,WTA,Beijing,Bet365,Qinwen Zheng,Han Shi,match_double_faults,9.5,2.5000,,2026-09-29T20:02:51Z,2026-10-01T02:00:00Z,Totals (Double Faults),9,"{'hdp': 9.5, 'over': '2.50'}"
75138502,2026-10-01,WTA,Beijing,Bet365,Qinwen Zheng,Han Shi,match_double_faults,11.5,4.3300,,2026-09-29T20:02:51Z,2026-10-01T02:00:00Z,Totals (Double Faults),9,"{'hdp': 11.5, 'over': '4.33'}"
75138502,2026-10-01,WTA,Beijing,Bet365,Qinwen Zheng,Han Shi,match_double_faults,14.5,11.0000,,2026-09-29T20:02:51Z,2026-10-01T02:00:00Z,Totals (Double Faults),9,"{'hdp': 14.5, 'over': '11.00'}"
75138502,2026-10-01,WTA,Beijing,Bet365,Qinwen Zheng,Han Shi,match_double_faults,19.5,26.0000,,2026-09-29T20:02:51Z,2026-10-01T02:00:00Z,Totals (Double Faults),9,"{'hdp': 19.5, 'over': '26.00'}"
75138502,2026-10-01,WTA,Beijing,Bet365,Qinwen Zheng,Han Shi,double_faults,0.5,1.0500,,2026-09-29T20:02:51Z,2026-10-01T02:00:00Z,Team Total (Double Faults) Home,6,"{'hdp': 0.5, 'over': '1.05'}"
75138502,2026-10-01,WTA,Beijing,Bet365,Qinwen Zheng,Han Shi,double_faults,1.5,1.2200,,2026-09-29T20:02:51Z,2026-10-01T02:00:00Z,Team Total (Double Faults) Home,6,"{'hdp': 1.5, 'over': '1.22'}"
75138502,2026-10-01,WTA,Beijing,Bet365,Qinwen Zheng,Han Shi,double_faults,2.5,1.5300,,2026-09-29T20:02:51Z,2026-10-01T02:00:00Z,Team Total (Double Faults) Home,6,"{'hdp': 2.5, 'over': '1.53'}"
75138502,2026-10-01,WTA,Beijing,Bet365,Qinwen Zheng,Han Shi,double_faults,4.5,3.0000,,2026-09-29T20:02:51Z,2026-10-01T02:00:00Z,Team Total (Double Faults) Home,6,"{'hdp': 4.5, 'over': '3.00'}"
75138502,2026-10-01,WTA,Beijing,Bet365,Qinwen Zheng,Han Shi,double_faults,7.5,11.0000,,2026-09-29T20:02:51Z,2026-10-01T02:00:00Z,Team Total (Double Faults) Home,6,"{'hdp': 7.5, 'over': '11.00'}"
75138502,2026-10-01,WTA,Beijing,Bet365,Qinwen Zheng,Han Shi,double_faults,9.5,26.0000,,2026-09-29T20:02:51Z,2026-10-01T02:00:00Z,Team Total (Double Faults) Home,6,"{'hdp': 9.5, 'over': '26.00'}"
75138502,2026-10-01,WTA,Beijing,Bet365,Han Shi,Qinwen Zheng,aces,0.5,1.0600,,2026-09-29T20:02:51Z,2026-10-01T02:00:00Z,Team Total (Aces) Away,5,"{'hdp': 0.5, 'over': '1.06'}"
75138502,2026-10-01,WTA,Beijing,Bet365,Han Shi,Qinwen Zheng,aces,2.5,1.6100,,2026-09-29T20:02:51Z,2026-10-01T02:00:00Z,Team Total (Aces) Away,5,"{'hdp': 2.5, 'over': '1.61'}"
75138502,2026-10-01,WTA,Beijing,Bet365,Han Shi,Qinwen Zheng,aces,4.5,3.2500,,2026-09-29T20:02:51Z,2026-10-01T02:00:00Z,Team Total (Aces) Away,5,"{'hdp': 4.5, 'over': '3.25'}"
75138502,2026-10-01,WTA,Beijing,Bet365,Han Shi,Qinwen Zheng,aces,9.5,21.0000,,2026-09-29T20:02:51Z,2026-10-01T02:00:00Z,Team Total (Aces) Away,5,"{'hdp': 9.5, 'over': '21.00'}"
75138502,2026-10-01,WTA,Beijing,Bet365,Han Shi,Qinwen Zheng,aces,14.5,26.0000,,2026-09-29T20:02:51Z,2026-10-01T02:00:00Z,Team Total (Aces) Away,5,"{'hdp': 14.5, 'over': '26.00'}"
75138502,2026-10-01,WTA,Beijing,Bet365,Qinwen Zheng,Han Shi,match_aces,2.5,1.0300,,2026-09-29T20:02:51Z,2026-10-01T02:00:00Z,Totals (Aces),7,"{'hdp': 2.5, 'over': '1.03'}"
75138502,2026-10-01,WTA,Beijing,Bet365,Qinwen Zheng,Han Shi,match_aces,4.5,1.1400,,2026-09-29T20:02:51Z,2026-10-01T02:00:00Z,Totals (Aces),7,"{'hdp': 4.5, 'over': '1.14'}"
75138502,2026-10-01,WTA,Beijing,Bet365,Qinwen Zheng,Han Shi,match_aces,9.5,2.2500,,2026-09-29T20:02:51Z,2026-10-01T02:00:00Z,Totals (Aces),7,"{'hdp': 9.5, 'over': '2.25'}"
75138502,2026-10-01,WTA,Beijing,Bet365,Qinwen Zheng,Han Shi,match_aces,14.5,6.5000,,2026-09-29T20:02:51Z,2026-10-01T02:00:00Z,Totals (Aces),7,"{'hdp': 14.5, 'over': '6.50'}"
75138502,2026-10-01,WTA,Beijing,Bet365,Qinwen Zheng,Han Shi,match_aces,19.5,21.0000,,2026-09-29T20:02:51Z,2026-10-01T02:00:00Z,Totals (Aces),7,"{'hdp': 19.5, 'over': '21.00'}"
75138502,2026-10-01,WTA,Beijing,Bet365,Qinwen Zheng,Han Shi,match_aces,24.5,26.0000,,2026-09-29T20:02:51Z,2026-10-01T02:00:00Z,Totals (Aces),7,"{'hdp': 24.5, 'over': '26.00'}"
75138502,2026-10-01,WTA,Beijing,Bet365,Qinwen Zheng,Han Shi,aces,2.5,1.1400,,2026-09-29T20:02:51Z,2026-10-01T02:00:00Z,Team Total (Aces) Home,5,"{'hdp': 2.5, 'over': '1.14'}"
75138502,2026-10-01,WTA,Beijing,Bet365,Qinwen Zheng,Han Shi,aces,4.5,1.6100,,2026-09-29T20:02:51Z,2026-10-01T02:00:00Z,Team Total (Aces) Home,5,"{'hdp': 4.5, 'over': '1.61'}"
75138502,2026-10-01,WTA,Beijing,Bet365,Qinwen Zheng,Han Shi,aces,9.5,7.0000,,2026-09-29T20:02:51Z,2026-10-01T02:00:00Z,Team Total (Aces) Home,5,"{'hdp': 9.5, 'over': '7.00'}"
75138502,2026-10-01,WTA,Beijing,Bet365,Qinwen Zheng,Han Shi,aces,14.5,26.0000,,2026-09-29T20:02:51Z,2026-10-01T02:00:00Z,Team Total (Aces) Home,5,"{'hdp': 14.5, 'over': '26.00'}"
75138502,2026-10-01,WTA,Beijing,Bet365,Han Shi,Qinwen Zheng,double_faults,1.5,1.0400,,2026-09-29T20:02:51Z,2026-10-01T02:00:00Z,Team Total (Double Faults) Away,7,"{'hdp': 1.5, 'over': '1.04'}"
75138502,2026-10-01,WTA,Beijing,Bet365,Han Shi,Qinwen Zheng,double_faults,2.5,1.1400,,2026-09-29T20:02:51Z,2026-10-01T02:00:00Z,Team Total (Double Faults) Away,7,"{'hdp': 2.5, 'over': '1.14'}"
75138502,2026-10-01,WTA,Beijing,Bet365,Han Shi,Qinwen Zheng,double_faults,4.5,1.7200,,2026-09-29T20:02:51Z,2026-10-01T02:00:00Z,Team Total (Double Faults) Away,7,"{'hdp': 4.5, 'over': '1.72'}"
75138502,2026-10-01,WTA,Beijing,Bet365,Han Shi,Qinwen Zheng,double_faults,7.5,5.5000,,2026-09-29T20:02:51Z,2026-10-01T02:00:00Z,Team Total (Double Faults) Away,7,"{'hdp': 7.5, 'over': '5.50'}"
75138502,2026-10-01,WTA,Beijing,Bet365,Han Shi,Qinwen Zheng,double_faults,9.5,15.0000,,2026-09-29T20:02:51Z,2026-10-01T02:00:00Z,Team Total (Double Faults) Away,7,"{'hdp': 9.5, 'over': '15.00'}"
75138502,2026-10-01,WTA,Beijing,Bet365,Han Shi,Qinwen Zheng,double_faults,11.5,26.0000,,2026-09-29T20:02:51Z,2026-10-01T02:00:00Z,Team Total (Double Faults) Away,7,"{'hdp': 11.5, 'over': '26.00'}"
75103548,2026-10-01,ATP,Beijing,Bet365,Mariano Navone,Alex de Minaur,aces,0.5,1.1000,,2026-09-29T20:02:51Z,2026-10-01T02:00:00Z,Team Total (Aces) Away,4,"{'hdp': 0.5, 'over': '1.10'}"
75103548,2026-10-01,ATP,Beijing,Bet365,Mariano Navone,Alex de Minaur,aces,2.5,1.8300,,2026-09-29T20:02:51Z,2026-10-01T02:00:00Z,Team Total (Aces) Away,4,"{'hdp': 2.5, 'over': '1.83'}"
75103548,2026-10-01,ATP,Beijing,Bet365,Mariano Navone,Alex de Minaur,aces,4.5,4.3300,,2026-09-29T20:02:51Z,2026-10-01T02:00:00Z,Team Total (Aces) Away,4,"{'hdp': 4.5, 'over': '4.33'}"
75103548,2026-10-01,ATP,Beijing,Bet365,Mariano Navone,Alex de Minaur,aces,9.5,26.0000,,2026-09-29T20:02:51Z,2026-10-01T02:00:00Z,Team Total (Aces) Away,4,"{'hdp': 9.5, 'over': '26.00'}"
75103548,2026-10-01,ATP,Beijing,Bet365,Mariano Navone,Alex de Minaur,double_faults,0.5,1.0500,,2026-09-29T20:02:51Z,2026-10-01T02:00:00Z,Team Total (Double Faults) Away,5,"{'hdp': 0.5, 'over': '1.05'}"
75103548,2026-10-01,ATP,Beijing,Bet365,Mariano Navone,Alex de Minaur,double_faults,1.5,1.2800,,2026-09-29T20:02:51Z,2026-10-01T02:00:00Z,Team Total (Double Faults) Away,5,"{'hdp': 1.5, 'over': '1.28'}"
75103548,2026-10-01,ATP,Beijing,Bet365,Mariano Navone,Alex de Minaur,double_faults,2.5,1.8300,,2026-09-29T20:02:51Z,2026-10-01T02:00:00Z,Team Total (Double Faults) Away,5,"{'hdp': 2.5, 'over': '1.83'}"
75103548,2026-10-01,ATP,Beijing,Bet365,Mariano Navone,Alex de Minaur,double_faults,4.5,5.5000,,2026-09-29T20:02:51Z,2026-10-01T02:00:00Z,Team Total (Double Faults) Away,5,"{'hdp': 4.5, 'over': '5.50'}"
75103548,2026-10-01,ATP,Beijing,Bet365,Mariano Navone,Alex de Minaur,double_faults,7.5,26.0000,,2026-09-29T20:02:51Z,2026-10-01T02:00:00Z,Team Total (Double Faults) Away,5,"{'hdp': 7.5, 'over': '26.00'}"
75103548,2026-10-01,ATP,Beijing,Bet365,Alex de Minaur,Mariano Navone,double_faults,0.5,1.0800,,2026-09-29T20:02:51Z,2026-10-01T02:00:00Z,Team Total (Double Faults) Home,6,"{'hdp': 0.5, 'over': '1.08'}"
75103548,2026-10-01,ATP,Beijing,Bet365,Alex de Minaur,Mariano Navone,double_faults,1.5,1.3600,,2026-09-29T20:02:51Z,2026-10-01T02:00:00Z,Team Total (Double Faults) Home,6,"{'hdp': 1.5, 'over': '1.36'}"
75103548,2026-10-01,ATP,Beijing,Bet365,Alex de Minaur,Mariano Navone,double_faults,2.5,1.8300,,2026-09-29T20:02:51Z,2026-10-01T02:00:00Z,Team Total (Double Faults) Home,6,"{'hdp': 2.5, 'over': '1.83'}"
75103548,2026-10-01,ATP,Beijing,Bet365,Alex de Minaur,Mariano Navone,double_faults,4.5,4.5000,,2026-09-29T20:02:51Z,2026-10-01T02:00:00Z,Team Total (Double Faults) Home,6,"{'hdp': 4.5, 'over': '4.50'}"
75103548,2026-10-01,ATP,Beijing,Bet365,Alex de Minaur,Mariano Navone,double_faults,7.5,23.0000,,2026-09-29T20:02:51Z,2026-10-01T02:00:00Z,Team Total (Double Faults) Home,6,"{'hdp': 7.5, 'over': '23.00'}"
75103548,2026-10-01,ATP,Beijing,Bet365,Alex de Minaur,Mariano Navone,double_faults,9.5,26.0000,,2026-09-29T20:02:51Z,2026-10-01T02:00:00Z,Team Total (Double Faults) Home,6,"{'hdp': 9.5, 'over': '26.00'}"
75103548,2026-10-01,ATP,Beijing,Bet365,Alex de Minaur,Mariano Navone,match_double_faults,1.5,1.0300,,2026-09-29T20:02:51Z,2026-10-01T02:00:00Z,Totals (Double Faults),8,"{'hdp': 1.5, 'over': '1.03'}"
75103548,2026-10-01,ATP,Beijing,Bet365,Alex de Minaur,Mariano Navone,match_double_faults,2.5,1.1100,,2026-09-29T20:02:51Z,2026-10-01T02:00:00Z,Totals (Double Faults),8,"{'hdp': 2.5, 'over': '1.11'}"
75103548,2026-10-01,ATP,Beijing,Bet365,Alex de Minaur,Mariano Navone,match_double_faults,4.5,1.5300,,2026-09-29T20:02:51Z,2026-10-01T02:00:00Z,Totals (Double Faults),8,"{'hdp': 4.5, 'over': '1.53'}"
75103548,2026-10-01,ATP,Beijing,Bet365,Alex de Minaur,Mariano Navone,match_double_faults,7.5,4.0000,,2026-09-29T20:02:51Z,2026-10-01T02:00:00Z,Totals (Double Faults),8,"{'hdp': 7.5, 'over': '4.00'}"
75103548,2026-10-01,ATP,Beijing,Bet365,Alex de Minaur,Mariano Navone,match_double_faults,9.5,9.0000,,2026-09-29T20:02:51Z,2026-10-01T02:00:00Z,Totals (Double Faults),8,"{'hdp': 9.5, 'over': '9.00'}"
75103548,2026-10-01,ATP,Beijing,Bet365,Alex de Minaur,Mariano Navone,match_double_faults,11.5,21.0000,,2026-09-29T20:02:51Z,2026-10-01T02:00:00Z,Totals (Double Faults),8,"{'hdp': 11.5, 'over': '21.00'}"
75103548,2026-10-01,ATP,Beijing,Bet365,Alex de Minaur,Mariano Navone,match_double_faults,14.5,26.0000,,2026-09-29T20:02:51Z,2026-10-01T02:00:00Z,Totals (Double Faults),8,"{'hdp': 14.5, 'over': '26.00'}"
75103548,2026-10-01,ATP,Beijing,Bet365,Alex de Minaur,Mariano Navone,aces,2.5,1.1400,,2026-09-29T20:02:51Z,2026-10-01T02:00:00Z,Team Total (Aces) Home,5,"{'hdp': 2.5, 'over': '1.14'}"
75103548,2026-10-01,ATP,Beijing,Bet365,Alex de Minaur,Mariano Navone,aces,4.5,1.5700,,2026-09-29T20:02:51Z,2026-10-01T02:00:00Z,Team Total (Aces) Home,5,"{'hdp': 4.5, 'over': '1.57'}"
75103548,2026-10-01,ATP,Beijing,Bet365,Alex de Minaur,Mariano Navone,aces,9.5,6.5000,,2026-09-29T20:02:51Z,2026-10-01T02:00:00Z,Team Total (Aces) Home,5,"{'hdp': 9.5, 'over': '6.50'}"
75103548,2026-10-01,ATP,Beijing,Bet365,Alex de Minaur,Mariano Navone,aces,14.5,26.0000,,2026-09-29T20:02:51Z,2026-10-01T02:00:00Z,Team Total (Aces) Home,5,"{'hdp': 14.5, 'over': '26.00'}"
75103548,2026-10-01,ATP,Beijing,Bet365,Alex de Minaur,Mariano Navone,match_aces,2.5,1.0300,,2026-09-29T20:02:51Z,2026-10-01T02:00:00Z,Totals (Aces),6,"{'hdp': 2.5, 'over': '1.03'}"
75103548,2026-10-01,ATP,Beijing,Bet365,Alex de Minaur,Mariano Navone,match_aces,4.5,1.1600,,2026-09-29T20:02:51Z,2026-10-01T02:00:00Z,Totals (Aces),6,"{'hdp': 4.5, 'over': '1.16'}"
75103548,2026-10-01,ATP,Beijing,Bet365,Alex de Minaur,Mariano Navone,match_aces,9.5,2.5000,,2026-09-29T20:02:51Z,2026-10-01T02:00:00Z,Totals (Aces),6,"{'hdp': 9.5, 'over': '2.50'}"
75103548,2026-10-01,ATP,Beijing,Bet365,Alex de Minaur,Mariano Navone,match_aces,14.5,8.0000,,2026-09-29T20:02:51Z,2026-10-01T02:00:00Z,Totals (Aces),6,"{'hdp': 14.5, 'over': '8.00'}"
75103548,2026-10-01,ATP,Beijing,Bet365,Alex de Minaur,Mariano Navone,match_aces,19.5,26.0000,,2026-09-29T20:02:51Z,2026-10-01T02:00:00Z,Totals (Aces),6,"{'hdp': 19.5, 'over': '26.00'}"
75134814,2026-10-01,ATP,Beijing,Bet365,Botic Van de Zandschulp,Francisco Cerundolo,aces,2.5,1.1200,,2026-09-29T20:02:51Z,2026-10-01T02:00:00Z,Team Total (Aces) Home,6,"{'hdp': 2.5, 'over': '1.12'}"
75134814,2026-10-01,ATP,Beijing,Bet365,Botic Van de Zandschulp,Francisco Cerundolo,aces,4.5,1.4400,,2026-09-29T20:02:51Z,2026-10-01T02:00:00Z,Team Total (Aces) Home,6,"{'hdp': 4.5, 'over': '1.44'}"
75134814,2026-10-01,ATP,Beijing,Bet365,Botic Van de Zandschulp,Francisco Cerundolo,aces,9.5,4.5000,,2026-09-29T20:02:51Z,2026-10-01T02:00:00Z,Team Total (Aces) Home,6,"{'hdp': 9.5, 'over': '4.50'}"
75134814,2026-10-01,ATP,Beijing,Bet365,Botic Van de Zandschulp,Francisco Cerundolo,aces,14.5,19.0000,,2026-09-29T20:02:51Z,2026-10-01T02:00:00Z,Team Total (Aces) Home,6,"{'hdp': 14.5, 'over': '19.00'}"
75134814,2026-10-01,ATP,Beijing,Bet365,Botic Van de Zandschulp,Francisco Cerundolo,aces,19.5,26.0000,,2026-09-29T20:02:51Z,2026-10-01T02:00:00Z,Team Total (Aces) Home,6,"{'hdp': 19.5, 'over': '26.00'}"
75134814,2026-10-01,ATP,Beijing,Bet365,Botic Van de Zandschulp,Francisco Cerundolo,double_faults,1.5,1.0300,,2026-09-29T20:02:51Z,2026-10-01T02:00:00Z,Team Total (Double Faults) Home,8,"{'hdp': 1.5, 'over': '1.03'}"
75134814,2026-10-01,ATP,Beijing,Bet365,Botic Van de Zandschulp,Francisco Cerundolo,double_faults,2.5,1.1100,,2026-09-29T20:02:51Z,2026-10-01T02:00:00Z,Team Total (Double Faults) Home,8,"{'hdp': 2.5, 'over': '1.11'}"
75134814,2026-10-01,ATP,Beijing,Bet365,Botic Van de Zandschulp,Francisco Cerundolo,double_faults,4.5,1.5300,,2026-09-29T20:02:51Z,2026-10-01T02:00:00Z,Team Total (Double Faults) Home,8,"{'hdp': 4.5, 'over': '1.53'}"
75134814,2026-10-01,ATP,Beijing,Bet365,Botic Van de Zandschulp,Francisco Cerundolo,double_faults,7.5,3.7500,,2026-09-29T20:02:51Z,2026-10-01T02:00:00Z,Team Total (Double Faults) Home,8,"{'hdp': 7.5, 'over': '3.75'}"
75134814,2026-10-01,ATP,Beijing,Bet365,Botic Van de Zandschulp,Francisco Cerundolo,double_faults,9.5,8.0000,,2026-09-29T20:02:51Z,2026-10-01T02:00:00Z,Team Total (Double Faults) Home,8,"{'hdp': 9.5, 'over': '8.00'}"
75134814,2026-10-01,ATP,Beijing,Bet365,Botic Van de Zandschulp,Francisco Cerundolo,double_faults,11.5,19.0000,,2026-09-29T20:02:51Z,2026-10-01T02:00:00Z,Team Total (Double Faults) Home,8,"{'hdp': 11.5, 'over': '19.00'}"
75134814,2026-10-01,ATP,Beijing,Bet365,Botic Van de Zandschulp,Francisco Cerundolo,double_faults,14.5,26.0000,,2026-09-29T20:02:51Z,2026-10-01T02:00:00Z,Team Total (Double Faults) Home,8,"{'hdp': 14.5, 'over': '26.00'}"
75134814,2026-10-01,ATP,Beijing,Bet365,Francisco Cerundolo,Botic Van de Zandschulp,aces,0.5,1.0100,,2026-09-29T20:02:51Z,2026-10-01T02:00:00Z,Team Total (Aces) Away,5,"{'hdp': 0.5, 'over': '1.01'}"
75134814,2026-10-01,ATP,Beijing,Bet365,Francisco Cerundolo,Botic Van de Zandschulp,aces,2.5,1.2000,,2026-09-29T20:02:51Z,2026-10-01T02:00:00Z,Team Total (Aces) Away,5,"{'hdp': 2.5, 'over': '1.20'}"
75134814,2026-10-01,ATP,Beijing,Bet365,Francisco Cerundolo,Botic Van de Zandschulp,aces,4.5,1.8000,,2026-09-29T20:02:51Z,2026-10-01T02:00:00Z,Team Total (Aces) Away,5,"{'hdp': 4.5, 'over': '1.80'}"
75134814,2026-10-01,ATP,Beijing,Bet365,Francisco Cerundolo,Botic Van de Zandschulp,aces,9.5,9.0000,,2026-09-29T20:02:51Z,2026-10-01T02:00:00Z,Team Total (Aces) Away,5,"{'hdp': 9.5, 'over': '9.00'}"
75134814,2026-10-01,ATP,Beijing,Bet365,Francisco Cerundolo,Botic Van de Zandschulp,aces,14.5,26.0000,,2026-09-29T20:02:51Z,2026-10-01T02:00:00Z,Team Total (Aces) Away,5,"{'hdp': 14.5, 'over': '26.00'}"
75134814,2026-10-01,ATP,Beijing,Bet365,Francisco Cerundolo,Botic Van de Zandschulp,double_faults,0.5,1.0800,,2026-09-29T20:02:51Z,2026-10-01T02:00:00Z,Team Total (Double Faults) Away,5,"{'hdp': 0.5, 'over': '1.08'}"
75134814,2026-10-01,ATP,Beijing,Bet365,Francisco Cerundolo,Botic Van de Zandschulp,double_faults,1.5,1.4000,,2026-09-29T20:02:51Z,2026-10-01T02:00:00Z,Team Total (Double Faults) Away,5,"{'hdp': 1.5, 'over': '1.40'}"
75134814,2026-10-01,ATP,Beijing,Bet365,Francisco Cerundolo,Botic Van de Zandschulp,double_faults,2.5,2.1000,,2026-09-29T20:02:51Z,2026-10-01T02:00:00Z,Team Total (Double Faults) Away,5,"{'hdp': 2.5, 'over': '2.10'}"
75134814,2026-10-01,ATP,Beijing,Bet365,Francisco Cerundolo,Botic Van de Zandschulp,double_faults,4.5,6.0000,,2026-09-29T20:02:51Z,2026-10-01T02:00:00Z,Team Total (Double Faults) Away,5,"{'hdp': 4.5, 'over': '6.00'}"
75134814,2026-10-01,ATP,Beijing,Bet365,Francisco Cerundolo,Botic Van de Zandschulp,double_faults,7.5,26.0000,,2026-09-29T20:02:51Z,2026-10-01T02:00:00Z,Team Total (Double Faults) Away,5,"{'hdp': 7.5, 'over': '26.00'}"
75134814,2026-10-01,ATP,Beijing,Bet365,Botic Van de Zandschulp,Francisco Cerundolo,match_aces,2.5,1.0100,,2026-09-29T20:02:51Z,2026-10-01T02:00:00Z,Totals (Aces),8,"{'hdp': 2.5, 'over': '1.01'}"
75134814,2026-10-01,ATP,Beijing,Bet365,Botic Van de Zandschulp,Francisco Cerundolo,match_aces,4.5,1.0600,,2026-09-29T20:02:51Z,2026-10-01T02:00:00Z,Totals (Aces),8,"{'hdp': 4.5, 'over': '1.06'}"
75134814,2026-10-01,ATP,Beijing,Bet365,Botic Van de Zandschulp,Francisco Cerundolo,match_aces,9.5,1.6100,,2026-09-29T20:02:51Z,2026-10-01T02:00:00Z,Totals (Aces),8,"{'hdp': 9.5, 'over': '1.61'}"
75134814,2026-10-01,ATP,Beijing,Bet365,Botic Van de Zandschulp,Francisco Cerundolo,match_aces,14.5,3.4000,,2026-09-29T20:02:51Z,2026-10-01T02:00:00Z,Totals (Aces),8,"{'hdp': 14.5, 'over': '3.40'}"
75134814,2026-10-01,ATP,Beijing,Bet365,Botic Van de Zandschulp,Francisco Cerundolo,match_aces,19.5,9.0000,,2026-09-29T20:02:51Z,2026-10-01T02:00:00Z,Totals (Aces),8,"{'hdp': 19.5, 'over': '9.00'}"
75134814,2026-10-01,ATP,Beijing,Bet365,Botic Van de Zandschulp,Francisco Cerundolo,match_aces,24.5,21.0000,,2026-09-29T20:02:51Z,2026-10-01T02:00:00Z,Totals (Aces),8,"{'hdp': 24.5, 'over': '21.00'}"
75134814,2026-10-01,ATP,Beijing,Bet365,Botic Van de Zandschulp,Francisco Cerundolo,match_aces,29.5,26.0000,,2026-09-29T20:02:51Z,2026-10-01T02:00:00Z,Totals (Aces),8,"{'hdp': 29.5, 'over': '26.00'}"
75134814,2026-10-01,ATP,Beijing,Bet365,Botic Van de Zandschulp,Francisco Cerundolo,match_double_faults,2.5,1.0100,,2026-09-29T20:02:51Z,2026-10-01T02:00:00Z,Totals (Double Faults),9,"{'hdp': 2.5, 'over': '1.01'}"
75134814,2026-10-01,ATP,Beijing,Bet365,Botic Van de Zandschulp,Francisco Cerundolo,match_double_faults,4.5,1.1200,,2026-09-29T20:02:51Z,2026-10-01T02:00:00Z,Totals (Double Faults),9,"{'hdp': 4.5, 'over': '1.12'}"
75134814,2026-10-01,ATP,Beijing,Bet365,Botic Van de Zandschulp,Francisco Cerundolo,match_double_faults,7.5,1.7200,,2026-09-29T20:02:51Z,2026-10-01T02:00:00Z,Totals (Double Faults),9,"{'hdp': 7.5, 'over': '1.72'}"
75134814,2026-10-01,ATP,Beijing,Bet365,Botic Van de Zandschulp,Francisco Cerundolo,match_double_faults,9.5,2.7500,,2026-09-29T20:02:51Z,2026-10-01T02:00:00Z,Totals (Double Faults),9,"{'hdp': 9.5, 'over': '2.75'}"
75134814,2026-10-01,ATP,Beijing,Bet365,Botic Van de Zandschulp,Francisco Cerundolo,match_double_faults,11.5,5.0000,,2026-09-29T20:02:51Z,2026-10-01T02:00:00Z,Totals (Double Faults),9,"{'hdp': 11.5, 'over': '5.00'}"
75134814,2026-10-01,ATP,Beijing,Bet365,Botic Van de Zandschulp,Francisco Cerundolo,match_double_faults,14.5,15.0000,,2026-09-29T20:02:51Z,2026-10-01T02:00:00Z,Totals (Double Faults),9,"{'hdp': 14.5, 'over': '15.00'}"
75134814,2026-10-01,ATP,Beijing,Bet365,Botic Van de Zandschulp,Francisco Cerundolo,match_double_faults,19.5,26.0000,,2026-09-29T20:02:51Z,2026-10-01T02:00:00Z,Totals (Double Faults),9,"{'hdp': 19.5, 'over': '26.00'}"
75104894,2026-10-01,WTA,Beijing,Bet365,Xinyu Gao,Panna Udvardy,match_double_faults,2.5,1.0300,,2026-09-29T20:02:51Z,2026-10-01T02:00:00Z,Totals (Double Faults),8,"{'hdp': 2.5, 'over': '1.03'}"
75104894,2026-10-01,WTA,Beijing,Bet365,Xinyu Gao,Panna Udvardy,match_double_faults,4.5,1.2200,,2026-09-29T20:02:51Z,2026-10-01T02:00:00Z,Totals (Double Faults),8,"{'hdp': 4.5, 'over': '1.22'}"
75104894,2026-10-01,WTA,Beijing,Bet365,Xinyu Gao,Panna Udvardy,match_double_faults,7.5,2.2000,,2026-09-29T20:02:51Z,2026-10-01T02:00:00Z,Totals (Double Faults),8,"{'hdp': 7.5, 'over': '2.20'}"
75104894,2026-10-01,WTA,Beijing,Bet365,Xinyu Gao,Panna Udvardy,match_double_faults,9.5,4.0000,,2026-09-29T20:02:51Z,2026-10-01T02:00:00Z,Totals (Double Faults),8,"{'hdp': 9.5, 'over': '4.00'}"
75104894,2026-10-01,WTA,Beijing,Bet365,Xinyu Gao,Panna Udvardy,match_double_faults,11.5,9.0000,,2026-09-29T20:02:51Z,2026-10-01T02:00:00Z,Totals (Double Faults),8,"{'hdp': 11.5, 'over': '9.00'}"
75104894,2026-10-01,WTA,Beijing,Bet365,Xinyu Gao,Panna Udvardy,match_double_faults,14.5,26.0000,,2026-09-29T20:02:51Z,2026-10-01T02:00:00Z,Totals (Double Faults),8,"{'hdp': 14.5, 'over': '26.00'}"
75104894,2026-10-01,WTA,Beijing,Bet365,Panna Udvardy,Xinyu Gao,aces,0.5,1.0200,,2026-09-29T20:02:51Z,2026-10-01T02:00:00Z,Team Total (Aces) Away,5,"{'hdp': 0.5, 'over': '1.02'}"
75104894,2026-10-01,WTA,Beijing,Bet365,Panna Udvardy,Xinyu Gao,aces,2.5,1.3300,,2026-09-29T20:02:51Z,2026-10-01T02:00:00Z,Team Total (Aces) Away,5,"{'hdp': 2.5, 'over': '1.33'}"
75104894,2026-10-01,WTA,Beijing,Bet365,Panna Udvardy,Xinyu Gao,aces,4.5,2.2000,,2026-09-29T20:02:51Z,2026-10-01T02:00:00Z,Team Total (Aces) Away,5,"{'hdp': 4.5, 'over': '2.20'}"
75104894,2026-10-01,WTA,Beijing,Bet365,Panna Udvardy,Xinyu Gao,aces,9.5,15.0000,,2026-09-29T20:02:51Z,2026-10-01T02:00:00Z,Team Total (Aces) Away,5,"{'hdp': 9.5, 'over': '15.00'}"
75104894,2026-10-01,WTA,Beijing,Bet365,Panna Udvardy,Xinyu Gao,aces,14.5,26.0000,,2026-09-29T20:02:51Z,2026-10-01T02:00:00Z,Team Total (Aces) Away,5,"{'hdp': 14.5, 'over': '26.00'}"
75104894,2026-10-01,WTA,Beijing,Bet365,Panna Udvardy,Xinyu Gao,double_faults,0.5,1.0300,,2026-09-29T20:02:51Z,2026-10-01T02:00:00Z,Team Total (Double Faults) Away,6,"{'hdp': 0.5, 'over': '1.03'}"
75104894,2026-10-01,WTA,Beijing,Bet365,Panna Udvardy,Xinyu Gao,double_faults,1.5,1.1600,,2026-09-29T20:02:51Z,2026-10-01T02:00:00Z,Team Total (Double Faults) Away,6,"{'hdp': 1.5, 'over': '1.16'}"
75104894,2026-10-01,WTA,Beijing,Bet365,Panna Udvardy,Xinyu Gao,double_faults,2.5,1.4400,,2026-09-29T20:02:51Z,2026-10-01T02:00:00Z,Team Total (Double Faults) Away,6,"{'hdp': 2.5, 'over': '1.44'}"
75104894,2026-10-01,WTA,Beijing,Bet365,Panna Udvardy,Xinyu Gao,double_faults,4.5,2.7500,,2026-09-29T20:02:51Z,2026-10-01T02:00:00Z,Team Total (Double Faults) Away,6,"{'hdp': 4.5, 'over': '2.75'}"
75104894,2026-10-01,WTA,Beijing,Bet365,Panna Udvardy,Xinyu Gao,double_faults,7.5,11.0000,,2026-09-29T20:02:51Z,2026-10-01T02:00:00Z,Team Total (Double Faults) Away,6,"{'hdp': 7.5, 'over': '11.00'}"
75104894,2026-10-01,WTA,Beijing,Bet365,Panna Udvardy,Xinyu Gao,double_faults,9.5,26.0000,,2026-09-29T20:02:51Z,2026-10-01T02:00:00Z,Team Total (Double Faults) Away,6,"{'hdp': 9.5, 'over': '26.00'}"
75104894,2026-10-01,WTA,Beijing,Bet365,Xinyu Gao,Panna Udvardy,match_aces,2.5,1.0800,,2026-09-29T20:02:51Z,2026-10-01T02:00:00Z,Totals (Aces),6,"{'hdp': 2.5, 'over': '1.08'}"
75104894,2026-10-01,WTA,Beijing,Bet365,Xinyu Gao,Panna Udvardy,match_aces,4.5,1.3600,,2026-09-29T20:02:51Z,2026-10-01T02:00:00Z,Totals (Aces),6,"{'hdp': 4.5, 'over': '1.36'}"
75104894,2026-10-01,WTA,Beijing,Bet365,Xinyu Gao,Panna Udvardy,match_aces,9.5,4.3300,,2026-09-29T20:02:51Z,2026-10-01T02:00:00Z,Totals (Aces),6,"{'hdp': 9.5, 'over': '4.33'}"
75104894,2026-10-01,WTA,Beijing,Bet365,Xinyu Gao,Panna Udvardy,match_aces,14.5,19.0000,,2026-09-29T20:02:51Z,2026-10-01T02:00:00Z,Totals (Aces),6,"{'hdp': 14.5, 'over': '19.00'}"
75104894,2026-10-01,WTA,Beijing,Bet365,Xinyu Gao,Panna Udvardy,match_aces,19.5,26.0000,,2026-09-29T20:02:51Z,2026-10-01T02:00:00Z,Totals (Aces),6,"{'hdp': 19.5, 'over': '26.00'}"
75104894,2026-10-01,WTA,Beijing,Bet365,Xinyu Gao,Panna Udvardy,aces,0.5,1.1100,,2026-09-29T20:02:51Z,2026-10-01T02:00:00Z,Team Total (Aces) Home,4,"{'hdp': 0.5, 'over': '1.11'}"
75104894,2026-10-01,WTA,Beijing,Bet365,Xinyu Gao,Panna Udvardy,aces,2.5,2.2000,,2026-09-29T20:02:51Z,2026-10-01T02:00:00Z,Team Total (Aces) Home,4,"{'hdp': 2.5, 'over': '2.20'}"
75104894,2026-10-01,WTA,Beijing,Bet365,Xinyu Gao,Panna Udvardy,aces,4.5,6.0000,,2026-09-29T20:02:51Z,2026-10-01T02:00:00Z,Team Total (Aces) Home,4,"{'hdp': 4.5, 'over': '6.00'}"
75104894,2026-10-01,WTA,Beijing,Bet365,Xinyu Gao,Panna Udvardy,aces,9.5,26.0000,,2026-09-29T20:02:51Z,2026-10-01T02:00:00Z,Team Total (Aces) Home,4,"{'hdp': 9.5, 'over': '26.00'}"
75104894,2026-10-01,WTA,Beijing,Bet365,Xinyu Gao,Panna Udvardy,double_faults,0.5,1.0300,,2026-09-29T20:02:51Z,2026-10-01T02:00:00Z,Team Total (Double Faults) Home,6,"{'hdp': 0.5, 'over': '1.03'}"
75104894,2026-10-01,WTA,Beijing,Bet365,Xinyu Gao,Panna Udvardy,double_faults,1.5,1.1600,,2026-09-29T20:02:51Z,2026-10-01T02:00:00Z,Team Total (Double Faults) Home,6,"{'hdp': 1.5, 'over': '1.16'}"
75104894,2026-10-01,WTA,Beijing,Bet365,Xinyu Gao,Panna Udvardy,double_faults,2.5,1.5000,,2026-09-29T20:02:51Z,2026-10-01T02:00:00Z,Team Total (Double Faults) Home,6,"{'hdp': 2.5, 'over': '1.50'}"
75104894,2026-10-01,WTA,Beijing,Bet365,Xinyu Gao,Panna Udvardy,double_faults,4.5,3.4000,,2026-09-29T20:02:51Z,2026-10-01T02:00:00Z,Team Total (Double Faults) Home,6,"{'hdp': 4.5, 'over': '3.40'}"
75104894,2026-10-01,WTA,Beijing,Bet365,Xinyu Gao,Panna Udvardy,double_faults,7.5,17.0000,,2026-09-29T20:02:51Z,2026-10-01T02:00:00Z,Team Total (Double Faults) Home,6,"{'hdp': 7.5, 'over': '17.00'}"
75104894,2026-10-01,WTA,Beijing,Bet365,Xinyu Gao,Panna Udvardy,double_faults,9.5,26.0000,,2026-09-29T20:02:51Z,2026-10-01T02:00:00Z,Team Total (Double Faults) Home,6,"{'hdp': 9.5, 'over': '26.00'}"
75104896,2026-10-01,WTA,Beijing,Bet365,Alycia Parks,Lin Zhu,aces,2.5,1.0400,,2026-09-29T20:02:51Z,2026-10-01T02:00:00Z,Team Total (Aces) Home,7,"{'hdp': 2.5, 'over': '1.04'}"
75104896,2026-10-01,WTA,Beijing,Bet365,Alycia Parks,Lin Zhu,aces,4.5,1.1800,,2026-09-29T20:02:51Z,2026-10-01T02:00:00Z,Team Total (Aces) Home,7,"{'hdp': 4.5, 'over': '1.18'}"
75104896,2026-10-01,WTA,Beijing,Bet365,Alycia Parks,Lin Zhu,aces,9.5,2.2000,,2026-09-29T20:02:51Z,2026-10-01T02:00:00Z,Team Total (Aces) Home,7,"{'hdp': 9.5, 'over': '2.20'}"
75104896,2026-10-01,WTA,Beijing,Bet365,Alycia Parks,Lin Zhu,aces,14.5,6.0000,,2026-09-29T20:02:51Z,2026-10-01T02:00:00Z,Team Total (Aces) Home,7,"{'hdp': 14.5, 'over': '6.00'}"
75104896,2026-10-01,WTA,Beijing,Bet365,Alycia Parks,Lin Zhu,aces,19.5,17.0000,,2026-09-29T20:02:51Z,2026-10-01T02:00:00Z,Team Total (Aces) Home,7,"{'hdp': 19.5, 'over': '17.00'}"
75104896,2026-10-01,WTA,Beijing,Bet365,Alycia Parks,Lin Zhu,aces,24.5,26.0000,,2026-09-29T20:02:51Z,2026-10-01T02:00:00Z,Team Total (Aces) Home,7,"{'hdp': 24.5, 'over': '26.00'}"
75104896,2026-10-01,WTA,Beijing,Bet365,Alycia Parks,Lin Zhu,match_aces,2.5,1.0100,,2026-09-29T20:02:51Z,2026-10-01T02:00:00Z,Totals (Aces),8,"{'hdp': 2.5, 'over': '1.01'}"
75104896,2026-10-01,WTA,Beijing,Bet365,Alycia Parks,Lin Zhu,match_aces,4.5,1.0800,,2026-09-29T20:02:51Z,2026-10-01T02:00:00Z,Totals (Aces),8,"{'hdp': 4.5, 'over': '1.08'}"
75104896,2026-10-01,WTA,Beijing,Bet365,Alycia Parks,Lin Zhu,match_aces,9.5,1.6600,,2026-09-29T20:02:51Z,2026-10-01T02:00:00Z,Totals (Aces),8,"{'hdp': 9.5, 'over': '1.66'}"
75104896,2026-10-01,WTA,Beijing,Bet365,Alycia Parks,Lin Zhu,match_aces,14.5,3.5000,,2026-09-29T20:02:51Z,2026-10-01T02:00:00Z,Totals (Aces),8,"{'hdp': 14.5, 'over': '3.50'}"
75104896,2026-10-01,WTA,Beijing,Bet365,Alycia Parks,Lin Zhu,match_aces,19.5,9.0000,,2026-09-29T20:02:51Z,2026-10-01T02:00:00Z,Totals (Aces),8,"{'hdp': 19.5, 'over': '9.00'}"
75104896,2026-10-01,WTA,Beijing,Bet365,Alycia Parks,Lin Zhu,match_aces,24.5,21.0000,,2026-09-29T20:02:51Z,2026-10-01T02:00:00Z,Totals (Aces),8,"{'hdp': 24.5, 'over': '21.00'}"
75104896,2026-10-01,WTA,Beijing,Bet365,Alycia Parks,Lin Zhu,match_aces,29.5,26.0000,,2026-09-29T20:02:51Z,2026-10-01T02:00:00Z,Totals (Aces),8,"{'hdp': 29.5, 'over': '26.00'}"
75104896,2026-10-01,WTA,Beijing,Bet365,Lin Zhu,Alycia Parks,double_faults,0.5,1.0400,,2026-09-29T20:02:51Z,2026-10-01T02:00:00Z,Team Total (Double Faults) Away,6,"{'hdp': 0.5, 'over': '1.04'}"
75104896,2026-10-01,WTA,Beijing,Bet365,Lin Zhu,Alycia Parks,double_faults,1.5,1.2200,,2026-09-29T20:02:51Z,2026-10-01T02:00:00Z,Team Total (Double Faults) Away,6,"{'hdp': 1.5, 'over': '1.22'}"
75104896,2026-10-01,WTA,Beijing,Bet365,Lin Zhu,Alycia Parks,double_faults,2.5,1.6100,,2026-09-29T20:02:51Z,2026-10-01T02:00:00Z,Team Total (Double Faults) Away,6,"{'hdp': 2.5, 'over': '1.61'}"
75104896,2026-10-01,WTA,Beijing,Bet365,Lin Zhu,Alycia Parks,double_faults,4.5,3.7500,,2026-09-29T20:02:51Z,2026-10-01T02:00:00Z,Team Total (Double Faults) Away,6,"{'hdp': 4.5, 'over': '3.75'}"
75104896,2026-10-01,WTA,Beijing,Bet365,Lin Zhu,Alycia Parks,double_faults,7.5,21.0000,,2026-09-29T20:02:51Z,2026-10-01T02:00:00Z,Team Total (Double Faults) Away,6,"{'hdp': 7.5, 'over': '21.00'}"
75104896,2026-10-01,WTA,Beijing,Bet365,Lin Zhu,Alycia Parks,double_faults,9.5,26.0000,,2026-09-29T20:02:51Z,2026-10-01T02:00:00Z,Team Total (Double Faults) Away,6,"{'hdp': 9.5, 'over': '26.00'}"
75104896,2026-10-01,WTA,Beijing,Bet365,Alycia Parks,Lin Zhu,match_double_faults,4.5,1.0100,,2026-09-29T20:02:51Z,2026-10-01T02:00:00Z,Totals (Double Faults),9,"{'hdp': 4.5, 'over': '1.01'}"
75104896,2026-10-01,WTA,Beijing,Bet365,Alycia Parks,Lin Zhu,match_double_faults,7.5,1.1100,,2026-09-29T20:02:51Z,2026-10-01T02:00:00Z,Totals (Double Faults),9,"{'hdp': 7.5, 'over': '1.11'}"
75104896,2026-10-01,WTA,Beijing,Bet365,Alycia Parks,Lin Zhu,match_double_faults,9.5,1.2800,,2026-09-29T20:02:51Z,2026-10-01T02:00:00Z,Totals (Double Faults),9,"{'hdp': 9.5, 'over': '1.28'}"
75104896,2026-10-01,WTA,Beijing,Bet365,Alycia Parks,Lin Zhu,match_double_faults,11.5,1.5700,,2026-09-29T20:02:51Z,2026-10-01T02:00:00Z,Totals (Double Faults),9,"{'hdp': 11.5, 'over': '1.57'}"
75104896,2026-10-01,WTA,Beijing,Bet365,Alycia Parks,Lin Zhu,match_double_faults,14.5,2.5000,,2026-09-29T20:02:51Z,2026-10-01T02:00:00Z,Totals (Double Faults),9,"{'hdp': 14.5, 'over': '2.50'}"
75104896,2026-10-01,WTA,Beijing,Bet365,Alycia Parks,Lin Zhu,match_double_faults,19.5,7.0000,,2026-09-29T20:02:51Z,2026-10-01T02:00:00Z,Totals (Double Faults),9,"{'hdp': 19.5, 'over': '7.00'}"
75104896,2026-10-01,WTA,Beijing,Bet365,Alycia Parks,Lin Zhu,match_double_faults,24.5,21.0000,,2026-09-29T20:02:51Z,2026-10-01T02:00:00Z,Totals (Double Faults),9,"{'hdp': 24.5, 'over': '21.00'}"
75104896,2026-10-01,WTA,Beijing,Bet365,Alycia Parks,Lin Zhu,double_faults,2.5,1.0100,,2026-09-29T20:02:51Z,2026-10-01T02:00:00Z,Team Total (Double Faults) Home,10,"{'hdp': 2.5, 'over': '1.01'}"
75104896,2026-10-01,WTA,Beijing,Bet365,Alycia Parks,Lin Zhu,double_faults,4.5,1.0700,,2026-09-29T20:02:51Z,2026-10-01T02:00:00Z,Team Total (Double Faults) Home,10,"{'hdp': 4.5, 'over': '1.07'}"
75104896,2026-10-01,WTA,Beijing,Bet365,Alycia Parks,Lin Zhu,double_faults,7.5,1.3600,,2026-09-29T20:02:51Z,2026-10-01T02:00:00Z,Team Total (Double Faults) Home,10,"{'hdp': 7.5, 'over': '1.36'}"
75104896,2026-10-01,WTA,Beijing,Bet365,Alycia Parks,Lin Zhu,double_faults,9.5,1.8300,,2026-09-29T20:02:51Z,2026-10-01T02:00:00Z,Team Total (Double Faults) Home,10,"{'hdp': 9.5, 'over': '1.83'}"
75104896,2026-10-01,WTA,Beijing,Bet365,Alycia Parks,Lin Zhu,double_faults,11.5,2.6200,,2026-09-29T20:02:51Z,2026-10-01T02:00:00Z,Team Total (Double Faults) Home,10,"{'hdp': 11.5, 'over': '2.62'}"
75104896,2026-10-01,WTA,Beijing,Bet365,Alycia Parks,Lin Zhu,double_faults,14.5,5.0000,,2026-09-29T20:02:51Z,2026-10-01T02:00:00Z,Team Total (Double Faults) Home,10,"{'hdp': 14.5, 'over': '5.00'}"
75104896,2026-10-01,WTA,Beijing,Bet365,Alycia Parks,Lin Zhu,double_faults,19.5,19.0000,,2026-09-29T20:02:51Z,2026-10-01T02:00:00Z,Team Total (Double Faults) Home,10,"{'hdp': 19.5, 'over': '19.00'}"
75104896,2026-10-01,WTA,Beijing,Bet365,Alycia Parks,Lin Zhu,double_faults,24.5,26.0000,,2026-09-29T20:02:51Z,2026-10-01T02:00:00Z,Team Total (Double Faults) Home,10,"{'hdp': 24.5, 'over': '26.00'}"
75104896,2026-10-01,WTA,Beijing,Bet365,Lin Zhu,Alycia Parks,aces,0.5,1.1400,,2026-09-29T20:02:51Z,2026-10-01T02:00:00Z,Team Total (Aces) Away,4,"{'hdp': 0.5, 'over': '1.14'}"
75104896,2026-10-01,WTA,Beijing,Bet365,Lin Zhu,Alycia Parks,aces,2.5,2.6200,,2026-09-29T20:02:51Z,2026-10-01T02:00:00Z,Team Total (Aces) Away,4,"{'hdp': 2.5, 'over': '2.62'}"
75104896,2026-10-01,WTA,Beijing,Bet365,Lin Zhu,Alycia Parks,aces,4.5,9.0000,,2026-09-29T20:02:51Z,2026-10-01T02:00:00Z,Team Total (Aces) Away,4,"{'hdp': 4.5, 'over': '9.00'}"
75104896,2026-10-01,WTA,Beijing,Bet365,Lin Zhu,Alycia Parks,aces,9.5,26.0000,,2026-09-29T20:02:51Z,2026-10-01T02:00:00Z,Team Total (Aces) Away,4,"{'hdp': 9.5, 'over': '26.00'}"
75104898,2026-10-01,WTA,Beijing,Bet365,Paula Badosa,Daria Kasatkina,double_faults,2.5,1.0300,,2026-09-29T20:02:51Z,2026-10-01T02:00:00Z,Team Total (Double Faults) Home,9,"{'hdp': 2.5, 'over': '1.03'}"
75104898,2026-10-01,WTA,Beijing,Bet365,Paula Badosa,Daria Kasatkina,double_faults,4.5,1.1400,,2026-09-29T20:02:51Z,2026-10-01T02:00:00Z,Team Total (Double Faults) Home,9,"{'hdp': 4.5, 'over': '1.14'}"
75104898,2026-10-01,WTA,Beijing,Bet365,Paula Badosa,Daria Kasatkina,double_faults,7.5,1.6100,,2026-09-29T20:02:51Z,2026-10-01T02:00:00Z,Team Total (Double Faults) Home,9,"{'hdp': 7.5, 'over': '1.61'}"
75104898,2026-10-01,WTA,Beijing,Bet365,Paula Badosa,Daria Kasatkina,double_faults,9.5,2.2500,,2026-09-29T20:02:51Z,2026-10-01T02:00:00Z,Team Total (Double Faults) Home,9,"{'hdp': 9.5, 'over': '2.25'}"
75104898,2026-10-01,WTA,Beijing,Bet365,Paula Badosa,Daria Kasatkina,double_faults,11.5,3.5000,,2026-09-29T20:02:51Z,2026-10-01T02:00:00Z,Team Total (Double Faults) Home,9,"{'hdp': 11.5, 'over': '3.50'}"
75104898,2026-10-01,WTA,Beijing,Bet365,Paula Badosa,Daria Kasatkina,double_faults,14.5,7.0000,,2026-09-29T20:02:51Z,2026-10-01T02:00:00Z,Team Total (Double Faults) Home,9,"{'hdp': 14.5, 'over': '7.00'}"
75104898,2026-10-01,WTA,Beijing,Bet365,Paula Badosa,Daria Kasatkina,double_faults,19.5,26.0000,,2026-09-29T20:02:51Z,2026-10-01T02:00:00Z,Team Total (Double Faults) Home,9,"{'hdp': 19.5, 'over': '26.00'}"
75104898,2026-10-01,WTA,Beijing,Bet365,Daria Kasatkina,Paula Badosa,double_faults,2.5,1.0300,,2026-09-29T20:02:51Z,2026-10-01T02:00:00Z,Team Total (Double Faults) Away,9,"{'hdp': 2.5, 'over': '1.03'}"
75104898,2026-10-01,WTA,Beijing,Bet365,Daria Kasatkina,Paula Badosa,double_faults,4.5,1.1800,,2026-09-29T20:02:51Z,2026-10-01T02:00:00Z,Team Total (Double Faults) Away,9,"{'hdp': 4.5, 'over': '1.18'}"
75104898,2026-10-01,WTA,Beijing,Bet365,Daria Kasatkina,Paula Badosa,double_faults,7.5,2.0000,,2026-09-29T20:02:51Z,2026-10-01T02:00:00Z,Team Total (Double Faults) Away,9,"{'hdp': 7.5, 'over': '2.00'}"
75104898,2026-10-01,WTA,Beijing,Bet365,Daria Kasatkina,Paula Badosa,double_faults,9.5,3.4000,,2026-09-29T20:02:51Z,2026-10-01T02:00:00Z,Team Total (Double Faults) Away,9,"{'hdp': 9.5, 'over': '3.40'}"
75104898,2026-10-01,WTA,Beijing,Bet365,Daria Kasatkina,Paula Badosa,double_faults,11.5,6.0000,,2026-09-29T20:02:51Z,2026-10-01T02:00:00Z,Team Total (Double Faults) Away,9,"{'hdp': 11.5, 'over': '6.00'}"
75104898,2026-10-01,WTA,Beijing,Bet365,Daria Kasatkina,Paula Badosa,double_faults,14.5,17.0000,,2026-09-29T20:02:51Z,2026-10-01T02:00:00Z,Team Total (Double Faults) Away,9,"{'hdp': 14.5, 'over': '17.00'}"
75104898,2026-10-01,WTA,Beijing,Bet365,Daria Kasatkina,Paula Badosa,double_faults,19.5,26.0000,,2026-09-29T20:02:51Z,2026-10-01T02:00:00Z,Team Total (Double Faults) Away,9,"{'hdp': 19.5, 'over': '26.00'}"
75104898,2026-10-01,WTA,Beijing,Bet365,Paula Badosa,Daria Kasatkina,match_double_faults,7.5,1.0300,,2026-09-29T20:02:51Z,2026-10-01T02:00:00Z,Totals (Double Faults),7,"{'hdp': 7.5, 'over': '1.03'}"
75104898,2026-10-01,WTA,Beijing,Bet365,Paula Badosa,Daria Kasatkina,match_double_faults,9.5,1.0800,,2026-09-29T20:02:51Z,2026-10-01T02:00:00Z,Totals (Double Faults),7,"{'hdp': 9.5, 'over': '1.08'}"
75104898,2026-10-01,WTA,Beijing,Bet365,Paula Badosa,Daria Kasatkina,match_double_faults,11.5,1.2200,,2026-09-29T20:02:51Z,2026-10-01T02:00:00Z,Totals (Double Faults),7,"{'hdp': 11.5, 'over': '1.22'}"
75104898,2026-10-01,WTA,Beijing,Bet365,Paula Badosa,Daria Kasatkina,match_double_faults,14.5,1.5700,,2026-09-29T20:02:51Z,2026-10-01T02:00:00Z,Totals (Double Faults),7,"{'hdp': 14.5, 'over': '1.57'}"
75104898,2026-10-01,WTA,Beijing,Bet365,Paula Badosa,Daria Kasatkina,match_double_faults,19.5,3.2500,,2026-09-29T20:02:51Z,2026-10-01T02:00:00Z,Totals (Double Faults),7,"{'hdp': 19.5, 'over': '3.25'}"
75104898,2026-10-01,WTA,Beijing,Bet365,Paula Badosa,Daria Kasatkina,match_double_faults,24.5,8.0000,,2026-09-29T20:02:51Z,2026-10-01T02:00:00Z,Totals (Double Faults),7,"{'hdp': 24.5, 'over': '8.00'}"
75138504,2026-10-01,WTA,Beijing,Bet365,Andrea Lazaro Garcia,Sonay Kartal,aces,0.5,1.4400,,2026-09-29T20:02:51Z,2026-10-01T02:00:00Z,Team Total (Aces) Away,3,"{'hdp': 0.5, 'over': '1.44'}"
75138504,2026-10-01,WTA,Beijing,Bet365,Andrea Lazaro Garcia,Sonay Kartal,aces,2.5,6.0000,,2026-09-29T20:02:51Z,2026-10-01T02:00:00Z,Team Total (Aces) Away,3,"{'hdp': 2.5, 'over': '6.00'}"
75138504,2026-10-01,WTA,Beijing,Bet365,Andrea Lazaro Garcia,Sonay Kartal,aces,4.5,26.0000,,2026-09-29T20:02:51Z,2026-10-01T02:00:00Z,Team Total (Aces) Away,3,"{'hdp': 4.5, 'over': '26.00'}"
75138504,2026-10-01,WTA,Beijing,Bet365,Sonay Kartal,Andrea Lazaro Garcia,match_aces,0.5,1.0200,,2026-09-29T20:02:51Z,2026-10-01T02:00:00Z,Totals (Aces),5,"{'hdp': 0.5, 'over': '1.02'}"
75138504,2026-10-01,WTA,Beijing,Bet365,Sonay Kartal,Andrea Lazaro Garcia,match_aces,2.5,1.4000,,2026-09-29T20:02:51Z,2026-10-01T02:00:00Z,Totals (Aces),5,"{'hdp': 2.5, 'over': '1.40'}"
75138504,2026-10-01,WTA,Beijing,Bet365,Sonay Kartal,Andrea Lazaro Garcia,match_aces,4.5,2.6200,,2026-09-29T20:02:51Z,2026-10-01T02:00:00Z,Totals (Aces),5,"{'hdp': 4.5, 'over': '2.62'}"
75138504,2026-10-01,WTA,Beijing,Bet365,Sonay Kartal,Andrea Lazaro Garcia,match_aces,9.5,21.0000,,2026-09-29T20:02:51Z,2026-10-01T02:00:00Z,Totals (Aces),5,"{'hdp': 9.5, 'over': '21.00'}"
75138504,2026-10-01,WTA,Beijing,Bet365,Sonay Kartal,Andrea Lazaro Garcia,match_aces,14.5,26.0000,,2026-09-29T20:02:51Z,2026-10-01T02:00:00Z,Totals (Aces),5,"{'hdp': 14.5, 'over': '26.00'}"
75138504,2026-10-01,WTA,Beijing,Bet365,Sonay Kartal,Andrea Lazaro Garcia,match_double_faults,1.5,1.0100,,2026-09-29T20:02:51Z,2026-10-01T02:00:00Z,Totals (Double Faults),8,"{'hdp': 1.5, 'over': '1.01'}"
75138504,2026-10-01,WTA,Beijing,Bet365,Sonay Kartal,Andrea Lazaro Garcia,match_double_faults,2.5,1.0600,,2026-09-29T20:02:51Z,2026-10-01T02:00:00Z,Totals (Double Faults),8,"{'hdp': 2.5, 'over': '1.06'}"
75138504,2026-10-01,WTA,Beijing,Bet365,Sonay Kartal,Andrea Lazaro Garcia,match_double_faults,4.5,1.3600,,2026-09-29T20:02:51Z,2026-10-01T02:00:00Z,Totals (Double Faults),8,"{'hdp': 4.5, 'over': '1.36'}"
75138504,2026-10-01,WTA,Beijing,Bet365,Sonay Kartal,Andrea Lazaro Garcia,match_double_faults,7.5,3.0000,,2026-09-29T20:02:51Z,2026-10-01T02:00:00Z,Totals (Double Faults),8,"{'hdp': 7.5, 'over': '3.00'}"
75138504,2026-10-01,WTA,Beijing,Bet365,Sonay Kartal,Andrea Lazaro Garcia,match_double_faults,9.5,6.5000,,2026-09-29T20:02:51Z,2026-10-01T02:00:00Z,Totals (Double Faults),8,"{'hdp': 9.5, 'over': '6.50'}"
75138504,2026-10-01,WTA,Beijing,Bet365,Sonay Kartal,Andrea Lazaro Garcia,match_double_faults,11.5,15.0000,,2026-09-29T20:02:51Z,2026-10-01T02:00:00Z,Totals (Double Faults),8,"{'hdp': 11.5, 'over': '15.00'}"
75138504,2026-10-01,WTA,Beijing,Bet365,Sonay Kartal,Andrea Lazaro Garcia,match_double_faults,14.5,26.0000,,2026-09-29T20:02:51Z,2026-10-01T02:00:00Z,Totals (Double Faults),8,"{'hdp': 14.5, 'over': '26.00'}"
75138504,2026-10-01,WTA,Beijing,Bet365,Sonay Kartal,Andrea Lazaro Garcia,aces,0.5,1.0800,,2026-09-29T20:02:51Z,2026-10-01T02:00:00Z,Team Total (Aces) Home,4,"{'hdp': 0.5, 'over': '1.08'}"
75138504,2026-10-01,WTA,Beijing,Bet365,Sonay Kartal,Andrea Lazaro Garcia,aces,2.5,2.0000,,2026-09-29T20:02:51Z,2026-10-01T02:00:00Z,Team Total (Aces) Home,4,"{'hdp': 2.5, 'over': '2.00'}"
75138504,2026-10-01,WTA,Beijing,Bet365,Sonay Kartal,Andrea Lazaro Garcia,aces,4.5,5.5000,,2026-09-29T20:02:51Z,2026-10-01T02:00:00Z,Team Total (Aces) Home,4,"{'hdp': 4.5, 'over': '5.50'}"
75138504,2026-10-01,WTA,Beijing,Bet365,Sonay Kartal,Andrea Lazaro Garcia,aces,9.5,26.0000,,2026-09-29T20:02:51Z,2026-10-01T02:00:00Z,Team Total (Aces) Home,4,"{'hdp': 9.5, 'over': '26.00'}"
75138504,2026-10-01,WTA,Beijing,Bet365,Andrea Lazaro Garcia,Sonay Kartal,double_faults,1.5,1.0500,,2026-09-29T20:02:51Z,2026-10-01T02:00:00Z,Team Total (Double Faults) Away,7,"{'hdp': 1.5, 'over': '1.05'}"
75138504,2026-10-01,WTA,Beijing,Bet365,Andrea Lazaro Garcia,Sonay Kartal,double_faults,2.5,1.1800,,2026-09-29T20:02:51Z,2026-10-01T02:00:00Z,Team Total (Double Faults) Away,7,"{'hdp': 2.5, 'over': '1.18'}"
75138504,2026-10-01,WTA,Beijing,Bet365,Andrea Lazaro Garcia,Sonay Kartal,double_faults,4.5,1.8300,,2026-09-29T20:02:51Z,2026-10-01T02:00:00Z,Team Total (Double Faults) Away,7,"{'hdp': 4.5, 'over': '1.83'}"
75138504,2026-10-01,WTA,Beijing,Bet365,Andrea Lazaro Garcia,Sonay Kartal,double_faults,7.5,6.0000,,2026-09-29T20:02:51Z,2026-10-01T02:00:00Z,Team Total (Double Faults) Away,7,"{'hdp': 7.5, 'over': '6.00'}"
75138504,2026-10-01,WTA,Beijing,Bet365,Andrea Lazaro Garcia,Sonay Kartal,double_faults,9.5,17.0000,,2026-09-29T20:02:51Z,2026-10-01T02:00:00Z,Team Total (Double Faults) Away,7,"{'hdp': 9.5, 'over': '17.00'}"
75138504,2026-10-01,WTA,Beijing,Bet365,Andrea Lazaro Garcia,Sonay Kartal,double_faults,11.5,26.0000,,2026-09-29T20:02:51Z,2026-10-01T02:00:00Z,Team Total (Double Faults) Away,7,"{'hdp': 11.5, 'over': '26.00'}"
75138504,2026-10-01,WTA,Beijing,Bet365,Sonay Kartal,Andrea Lazaro Garcia,double_faults,0.5,1.3000,,2026-09-29T20:02:51Z,2026-10-01T02:00:00Z,Team Total (Double Faults) Home,5,"{'hdp': 0.5, 'over': '1.30'}"
75138504,2026-10-01,WTA,Beijing,Bet365,Sonay Kartal,Andrea Lazaro Garcia,double_faults,1.5,2.2000,,2026-09-29T20:02:51Z,2026-10-01T02:00:00Z,Team Total (Double Faults) Home,5,"{'hdp': 1.5, 'over': '2.20'}"
75138504,2026-10-01,WTA,Beijing,Bet365,Sonay Kartal,Andrea Lazaro Garcia,double_faults,2.5,4.3300,,2026-09-29T20:02:51Z,2026-10-01T02:00:00Z,Team Total (Double Faults) Home,5,"{'hdp': 2.5, 'over': '4.33'}"
75138504,2026-10-01,WTA,Beijing,Bet365,Sonay Kartal,Andrea Lazaro Garcia,double_faults,4.5,21.0000,,2026-09-29T20:02:51Z,2026-10-01T02:00:00Z,Team Total (Double Faults) Home,5,"{'hdp': 4.5, 'over': '21.00'}"
75138504,2026-10-01,WTA,Beijing,Bet365,Sonay Kartal,Andrea Lazaro Garcia,double_faults,7.5,26.0000,,2026-09-29T20:02:51Z,2026-10-01T02:00:00Z,Team Total (Double Faults) Home,5,"{'hdp': 7.5, 'over': '26.00'}"
75134810,2026-10-01,ATP,Beijing,Bet365,Arthur Rinderknech,Alex Molcan,double_faults,0.5,1.1100,,2026-09-29T20:02:51Z,2026-10-01T02:00:00Z,Team Total (Double Faults) Away,5,"{'hdp': 0.5, 'over': '1.11'}"
75134810,2026-10-01,ATP,Beijing,Bet365,Arthur Rinderknech,Alex Molcan,double_faults,1.5,1.5000,,2026-09-29T20:02:51Z,2026-10-01T02:00:00Z,Team Total (Double Faults) Away,5,"{'hdp': 1.5, 'over': '1.50'}"
75134810,2026-10-01,ATP,Beijing,Bet365,Arthur Rinderknech,Alex Molcan,double_faults,2.5,2.3700,,2026-09-29T20:02:51Z,2026-10-01T02:00:00Z,Team Total (Double Faults) Away,5,"{'hdp': 2.5, 'over': '2.37'}"
75134810,2026-10-01,ATP,Beijing,Bet365,Arthur Rinderknech,Alex Molcan,double_faults,4.5,8.0000,,2026-09-29T20:02:51Z,2026-10-01T02:00:00Z,Team Total (Double Faults) Away,5,"{'hdp': 4.5, 'over': '8.00'}"
75134810,2026-10-01,ATP,Beijing,Bet365,Arthur Rinderknech,Alex Molcan,double_faults,7.5,26.0000,,2026-09-29T20:02:51Z,2026-10-01T02:00:00Z,Team Total (Double Faults) Away,5,"{'hdp': 7.5, 'over': '26.00'}"
75134810,2026-10-01,ATP,Beijing,Bet365,Arthur Rinderknech,Alex Molcan,aces,2.5,1.0100,,2026-09-29T20:02:51Z,2026-10-01T02:00:00Z,Team Total (Aces) Away,8,"{'hdp': 2.5, 'over': '1.01'}"
75134810,2026-10-01,ATP,Beijing,Bet365,Arthur Rinderknech,Alex Molcan,aces,4.5,1.0800,,2026-09-29T20:02:51Z,2026-10-01T02:00:00Z,Team Total (Aces) Away,8,"{'hdp': 4.5, 'over': '1.08'}"
75134810,2026-10-01,ATP,Beijing,Bet365,Arthur Rinderknech,Alex Molcan,aces,9.5,1.5700,,2026-09-29T20:02:51Z,2026-10-01T02:00:00Z,Team Total (Aces) Away,8,"{'hdp': 9.5, 'over': '1.57'}"
75134810,2026-10-01,ATP,Beijing,Bet365,Arthur Rinderknech,Alex Molcan,aces,14.5,3.0000,,2026-09-29T20:02:51Z,2026-10-01T02:00:00Z,Team Total (Aces) Away,8,"{'hdp': 14.5, 'over': '3.00'}"
75134810,2026-10-01,ATP,Beijing,Bet365,Arthur Rinderknech,Alex Molcan,aces,19.5,6.5000,,2026-09-29T20:02:51Z,2026-10-01T02:00:00Z,Team Total (Aces) Away,8,"{'hdp': 19.5, 'over': '6.50'}"
75134810,2026-10-01,ATP,Beijing,Bet365,Arthur Rinderknech,Alex Molcan,aces,24.5,15.0000,,2026-09-29T20:02:51Z,2026-10-01T02:00:00Z,Team Total (Aces) Away,8,"{'hdp': 24.5, 'over': '15.00'}"
75134810,2026-10-01,ATP,Beijing,Bet365,Arthur Rinderknech,Alex Molcan,aces,29.5,26.0000,,2026-09-29T20:02:51Z,2026-10-01T02:00:00Z,Team Total (Aces) Away,8,"{'hdp': 29.5, 'over': '26.00'}"
75134810,2026-10-01,ATP,Beijing,Bet365,Alex Molcan,Arthur Rinderknech,aces,0.5,1.0100,,2026-09-29T20:02:51Z,2026-10-01T02:00:00Z,Team Total (Aces) Home,5,"{'hdp': 0.5, 'over': '1.01'}"
75134810,2026-10-01,ATP,Beijing,Bet365,Alex Molcan,Arthur Rinderknech,aces,2.5,1.1600,,2026-09-29T20:02:51Z,2026-10-01T02:00:00Z,Team Total (Aces) Home,5,"{'hdp': 2.5, 'over': '1.16'}"
75134810,2026-10-01,ATP,Beijing,Bet365,Alex Molcan,Arthur Rinderknech,aces,4.5,1.5700,,2026-09-29T20:02:51Z,2026-10-01T02:00:00Z,Team Total (Aces) Home,5,"{'hdp': 4.5, 'over': '1.57'}"
75134810,2026-10-01,ATP,Beijing,Bet365,Alex Molcan,Arthur Rinderknech,aces,9.5,5.5000,,2026-09-29T20:02:51Z,2026-10-01T02:00:00Z,Team Total (Aces) Home,5,"{'hdp': 9.5, 'over': '5.50'}"
75134810,2026-10-01,ATP,Beijing,Bet365,Alex Molcan,Arthur Rinderknech,aces,14.5,26.0000,,2026-09-29T20:02:51Z,2026-10-01T02:00:00Z,Team Total (Aces) Home,5,"{'hdp': 14.5, 'over': '26.00'}"
75134810,2026-10-01,ATP,Beijing,Bet365,Alex Molcan,Arthur Rinderknech,match_aces,9.5,1.1200,,2026-09-29T20:02:51Z,2026-10-01T02:00:00Z,Totals (Aces),8,"{'hdp': 9.5, 'over': '1.12'}"
75134810,2026-10-01,ATP,Beijing,Bet365,Alex Molcan,Arthur Rinderknech,match_aces,14.5,1.5300,,2026-09-29T20:02:51Z,2026-10-01T02:00:00Z,Totals (Aces),8,"{'hdp': 14.5, 'over': '1.53'}"
75134810,2026-10-01,ATP,Beijing,Bet365,Alex Molcan,Arthur Rinderknech,match_aces,19.5,2.5000,,2026-09-29T20:02:51Z,2026-10-01T02:00:00Z,Totals (Aces),8,"{'hdp': 19.5, 'over': '2.50'}"
75134810,2026-10-01,ATP,Beijing,Bet365,Alex Molcan,Arthur Rinderknech,match_aces,24.5,4.3300,,2026-09-29T20:02:51Z,2026-10-01T02:00:00Z,Totals (Aces),8,"{'hdp': 24.5, 'over': '4.33'}"
75134810,2026-10-01,ATP,Beijing,Bet365,Alex Molcan,Arthur Rinderknech,match_aces,29.5,9.0000,,2026-09-29T20:02:51Z,2026-10-01T02:00:00Z,Totals (Aces),8,"{'hdp': 29.5, 'over': '9.00'}"
75134810,2026-10-01,ATP,Beijing,Bet365,Alex Molcan,Arthur Rinderknech,match_aces,39.5,26.0000,,2026-09-29T20:02:51Z,2026-10-01T02:00:00Z,Totals (Aces),8,"{'hdp': 39.5, 'over': '26.00'}"
75134810,2026-10-01,ATP,Beijing,Bet365,Alex Molcan,Arthur Rinderknech,match_double_faults,0.5,1.0200,,2026-09-29T20:02:51Z,2026-10-01T02:00:00Z,Totals (Double Faults),6,"{'hdp': 0.5, 'over': '1.02'}"
75134810,2026-10-01,ATP,Beijing,Bet365,Alex Molcan,Arthur Rinderknech,match_double_faults,1.5,1.1400,,2026-09-29T20:02:51Z,2026-10-01T02:00:00Z,Totals (Double Faults),6,"{'hdp': 1.5, 'over': '1.14'}"
75134810,2026-10-01,ATP,Beijing,Bet365,Alex Molcan,Arthur Rinderknech,match_double_faults,2.5,1.4000,,2026-09-29T20:02:51Z,2026-10-01T02:00:00Z,Totals (Double Faults),6,"{'hdp': 2.5, 'over': '1.40'}"
75134810,2026-10-01,ATP,Beijing,Bet365,Alex Molcan,Arthur Rinderknech,match_double_faults,4.5,3.0000,,2026-09-29T20:02:51Z,2026-10-01T02:00:00Z,Totals (Double Faults),6,"{'hdp': 4.5, 'over': '3.00'}"
75134810,2026-10-01,ATP,Beijing,Bet365,Alex Molcan,Arthur Rinderknech,match_double_faults,7.5,15.0000,,2026-09-29T20:02:51Z,2026-10-01T02:00:00Z,Totals (Double Faults),6,"{'hdp': 7.5, 'over': '15.00'}"
75134810,2026-10-01,ATP,Beijing,Bet365,Alex Molcan,Arthur Rinderknech,match_double_faults,9.5,26.0000,,2026-09-29T20:02:51Z,2026-10-01T02:00:00Z,Totals (Double Faults),6,"{'hdp': 9.5, 'over': '26.00'}"
75134810,2026-10-01,ATP,Beijing,Bet365,Alex Molcan,Arthur Rinderknech,double_faults,0.5,1.3300,,2026-09-29T20:02:51Z,2026-10-01T02:00:00Z,Team Total (Double Faults) Home,4,"{'hdp': 0.5, 'over': '1.33'}"
75134810,2026-10-01,ATP,Beijing,Bet365,Alex Molcan,Arthur Rinderknech,double_faults,1.5,2.3700,,2026-09-29T20:02:51Z,2026-10-01T02:00:00Z,Team Total (Double Faults) Home,4,"{'hdp': 1.5, 'over': '2.37'}"
75134810,2026-10-01,ATP,Beijing,Bet365,Alex Molcan,Arthur Rinderknech,double_faults,2.5,5.5000,,2026-09-29T20:02:51Z,2026-10-01T02:00:00Z,Team Total (Double Faults) Home,4,"{'hdp': 2.5, 'over': '5.50'}"
75134810,2026-10-01,ATP,Beijing,Bet365,Alex Molcan,Arthur Rinderknech,double_faults,4.5,26.0000,,2026-09-29T20:02:51Z,2026-10-01T02:00:00Z,Team Total (Double Faults) Home,4,"{'hdp': 4.5, 'over': '26.00'}"
75134816,2026-10-01,ATP,Beijing,Bet365,Daniil Medvedev,Pablo Carreno Busta,match_aces,4.5,1.0400,,2026-09-29T20:02:51Z,2026-10-01T02:00:00Z,Totals (Aces),8,"{'hdp': 4.5, 'over': '1.04'}"
75134816,2026-10-01,ATP,Beijing,Bet365,Daniil Medvedev,Pablo Carreno Busta,match_aces,9.5,1.4000,,2026-09-29T20:02:51Z,2026-10-01T02:00:00Z,Totals (Aces),8,"{'hdp': 9.5, 'over': '1.40'}"
75134816,2026-10-01,ATP,Beijing,Bet365,Daniil Medvedev,Pablo Carreno Busta,match_aces,14.5,2.6200,,2026-09-29T20:02:51Z,2026-10-01T02:00:00Z,Totals (Aces),8,"{'hdp': 14.5, 'over': '2.62'}"
75134816,2026-10-01,ATP,Beijing,Bet365,Daniil Medvedev,Pablo Carreno Busta,match_aces,19.5,5.5000,,2026-09-29T20:02:51Z,2026-10-01T02:00:00Z,Totals (Aces),8,"{'hdp': 19.5, 'over': '5.50'}"
75134816,2026-10-01,ATP,Beijing,Bet365,Daniil Medvedev,Pablo Carreno Busta,match_aces,24.5,13.0000,,2026-09-29T20:02:51Z,2026-10-01T02:00:00Z,Totals (Aces),8,"{'hdp': 24.5, 'over': '13.00'}"
75134816,2026-10-01,ATP,Beijing,Bet365,Daniil Medvedev,Pablo Carreno Busta,match_aces,29.5,26.0000,,2026-09-29T20:02:51Z,2026-10-01T02:00:00Z,Totals (Aces),8,"{'hdp': 29.5, 'over': '26.00'}"
75134816,2026-10-01,ATP,Beijing,Bet365,Pablo Carreno Busta,Daniil Medvedev,aces,0.5,1.0800,,2026-09-29T20:02:51Z,2026-10-01T02:00:00Z,Team Total (Aces) Away,4,"{'hdp': 0.5, 'over': '1.08'}"
75134816,2026-10-01,ATP,Beijing,Bet365,Pablo Carreno Busta,Daniil Medvedev,aces,2.5,1.8000,,2026-09-29T20:02:51Z,2026-10-01T02:00:00Z,Team Total (Aces) Away,4,"{'hdp': 2.5, 'over': '1.80'}"
75134816,2026-10-01,ATP,Beijing,Bet365,Pablo Carreno Busta,Daniil Medvedev,aces,4.5,4.0000,,2026-09-29T20:02:51Z,2026-10-01T02:00:00Z,Team Total (Aces) Away,4,"{'hdp': 4.5, 'over': '4.00'}"
75134816,2026-10-01,ATP,Beijing,Bet365,Pablo Carreno Busta,Daniil Medvedev,aces,9.5,26.0000,,2026-09-29T20:02:51Z,2026-10-01T02:00:00Z,Team Total (Aces) Away,4,"{'hdp': 9.5, 'over': '26.00'}"
75134816,2026-10-01,ATP,Beijing,Bet365,Daniil Medvedev,Pablo Carreno Busta,aces,2.5,1.0200,,2026-09-29T20:02:51Z,2026-10-01T02:00:00Z,Team Total (Aces) Home,7,"{'hdp': 2.5, 'over': '1.02'}"
75134816,2026-10-01,ATP,Beijing,Bet365,Daniil Medvedev,Pablo Carreno Busta,aces,4.5,1.1200,,2026-09-29T20:02:51Z,2026-10-01T02:00:00Z,Team Total (Aces) Home,7,"{'hdp': 4.5, 'over': '1.12'}"
75134816,2026-10-01,ATP,Beijing,Bet365,Daniil Medvedev,Pablo Carreno Busta,aces,9.5,1.9000,,2026-09-29T20:02:51Z,2026-10-01T02:00:00Z,Team Total (Aces) Home,7,"{'hdp': 9.5, 'over': '1.90'}"
75134816,2026-10-01,ATP,Beijing,Bet365,Daniil Medvedev,Pablo Carreno Busta,aces,14.5,4.5000,,2026-09-29T20:02:51Z,2026-10-01T02:00:00Z,Team Total (Aces) Home,7,"{'hdp': 14.5, 'over': '4.50'}"
75134816,2026-10-01,ATP,Beijing,Bet365,Daniil Medvedev,Pablo Carreno Busta,aces,19.5,13.0000,,2026-09-29T20:02:51Z,2026-10-01T02:00:00Z,Team Total (Aces) Home,7,"{'hdp': 19.5, 'over': '13.00'}"
75134816,2026-10-01,ATP,Beijing,Bet365,Daniil Medvedev,Pablo Carreno Busta,aces,24.5,26.0000,,2026-09-29T20:02:51Z,2026-10-01T02:00:00Z,Team Total (Aces) Home,7,"{'hdp': 24.5, 'over': '26.00'}"
75104902,2026-10-01,WTA,Beijing,Bet365,Lanlana Tararudee,Camila Osorio,double_faults,1.5,1.0300,,2026-09-29T20:02:51Z,2026-10-01T02:00:00Z,Team Total (Double Faults) Home,8,"{'hdp': 1.5, 'over': '1.03'}"
75104902,2026-10-01,WTA,Beijing,Bet365,Lanlana Tararudee,Camila Osorio,double_faults,2.5,1.1100,,2026-09-29T20:02:51Z,2026-10-01T02:00:00Z,Team Total (Double Faults) Home,8,"{'hdp': 2.5, 'over': '1.11'}"
75104902,2026-10-01,WTA,Beijing,Bet365,Lanlana Tararudee,Camila Osorio,double_faults,4.5,1.5000,,2026-09-29T20:02:51Z,2026-10-01T02:00:00Z,Team Total (Double Faults) Home,8,"{'hdp': 4.5, 'over': '1.50'}"
75104902,2026-10-01,WTA,Beijing,Bet365,Lanlana Tararudee,Camila Osorio,double_faults,7.5,3.4000,,2026-09-29T20:02:51Z,2026-10-01T02:00:00Z,Team Total (Double Faults) Home,8,"{'hdp': 7.5, 'over': '3.40'}"
75104902,2026-10-01,WTA,Beijing,Bet365,Lanlana Tararudee,Camila Osorio,double_faults,9.5,7.0000,,2026-09-29T20:02:51Z,2026-10-01T02:00:00Z,Team Total (Double Faults) Home,8,"{'hdp': 9.5, 'over': '7.00'}"
75104902,2026-10-01,WTA,Beijing,Bet365,Lanlana Tararudee,Camila Osorio,double_faults,11.5,15.0000,,2026-09-29T20:02:51Z,2026-10-01T02:00:00Z,Team Total (Double Faults) Home,8,"{'hdp': 11.5, 'over': '15.00'}"
75104902,2026-10-01,WTA,Beijing,Bet365,Lanlana Tararudee,Camila Osorio,double_faults,14.5,26.0000,,2026-09-29T20:02:51Z,2026-10-01T02:00:00Z,Team Total (Double Faults) Home,8,"{'hdp': 14.5, 'over': '26.00'}"
75104902,2026-10-01,WTA,Beijing,Bet365,Lanlana Tararudee,Camila Osorio,match_double_faults,4.5,1.0100,,2026-09-29T20:02:51Z,2026-10-01T02:00:00Z,Totals (Double Faults),8,"{'hdp': 4.5, 'over': '1.01'}"
75104902,2026-10-01,WTA,Beijing,Bet365,Lanlana Tararudee,Camila Osorio,match_double_faults,7.5,1.1000,,2026-09-29T20:02:51Z,2026-10-01T02:00:00Z,Totals (Double Faults),8,"{'hdp': 7.5, 'over': '1.10'}"
75104902,2026-10-01,WTA,Beijing,Bet365,Lanlana Tararudee,Camila Osorio,match_double_faults,9.5,1.2500,,2026-09-29T20:02:51Z,2026-10-01T02:00:00Z,Totals (Double Faults),8,"{'hdp': 9.5, 'over': '1.25'}"
75104902,2026-10-01,WTA,Beijing,Bet365,Lanlana Tararudee,Camila Osorio,match_double_faults,11.5,1.5700,,2026-09-29T20:02:51Z,2026-10-01T02:00:00Z,Totals (Double Faults),8,"{'hdp': 11.5, 'over': '1.57'}"
75104902,2026-10-01,WTA,Beijing,Bet365,Lanlana Tararudee,Camila Osorio,match_double_faults,14.5,2.5000,,2026-09-29T20:02:51Z,2026-10-01T02:00:00Z,Totals (Double Faults),8,"{'hdp': 14.5, 'over': '2.50'}"
75104902,2026-10-01,WTA,Beijing,Bet365,Lanlana Tararudee,Camila Osorio,match_double_faults,19.5,8.0000,,2026-09-29T20:02:51Z,2026-10-01T02:00:00Z,Totals (Double Faults),8,"{'hdp': 19.5, 'over': '8.00'}"
75104902,2026-10-01,WTA,Beijing,Bet365,Lanlana Tararudee,Camila Osorio,match_double_faults,24.5,26.0000,,2026-09-29T20:02:51Z,2026-10-01T02:00:00Z,Totals (Double Faults),8,"{'hdp': 24.5, 'over': '26.00'}"
75104902,2026-10-01,WTA,Beijing,Bet365,Camila Osorio,Lanlana Tararudee,double_faults,1.5,1.0100,,2026-09-29T20:02:51Z,2026-10-01T02:00:00Z,Team Total (Double Faults) Away,9,"{'hdp': 1.5, 'over': '1.01'}"
75104902,2026-10-01,WTA,Beijing,Bet365,Camila Osorio,Lanlana Tararudee,double_faults,2.5,1.0400,,2026-09-29T20:02:51Z,2026-10-01T02:00:00Z,Team Total (Double Faults) Away,9,"{'hdp': 2.5, 'over': '1.04'}"
75104902,2026-10-01,WTA,Beijing,Bet365,Camila Osorio,Lanlana Tararudee,double_faults,4.5,1.2200,,2026-09-29T20:02:51Z,2026-10-01T02:00:00Z,Team Total (Double Faults) Away,9,"{'hdp': 4.5, 'over': '1.22'}"
75104902,2026-10-01,WTA,Beijing,Bet365,Camila Osorio,Lanlana Tararudee,double_faults,7.5,2.1000,,2026-09-29T20:02:51Z,2026-10-01T02:00:00Z,Team Total (Double Faults) Away,9,"{'hdp': 7.5, 'over': '2.10'}"
75104902,2026-10-01,WTA,Beijing,Bet365,Camila Osorio,Lanlana Tararudee,double_faults,9.5,3.7500,,2026-09-29T20:02:51Z,2026-10-01T02:00:00Z,Team Total (Double Faults) Away,9,"{'hdp': 9.5, 'over': '3.75'}"
75104902,2026-10-01,WTA,Beijing,Bet365,Camila Osorio,Lanlana Tararudee,double_faults,11.5,7.0000,,2026-09-29T20:02:51Z,2026-10-01T02:00:00Z,Team Total (Double Faults) Away,9,"{'hdp': 11.5, 'over': '7.00'}"
75104902,2026-10-01,WTA,Beijing,Bet365,Camila Osorio,Lanlana Tararudee,double_faults,14.5,19.0000,,2026-09-29T20:02:51Z,2026-10-01T02:00:00Z,Team Total (Double Faults) Away,9,"{'hdp': 14.5, 'over': '19.00'}"
75104902,2026-10-01,WTA,Beijing,Bet365,Camila Osorio,Lanlana Tararudee,double_faults,19.5,26.0000,,2026-09-29T20:02:51Z,2026-10-01T02:00:00Z,Team Total (Double Faults) Away,9,"{'hdp': 19.5, 'over': '26.00'}"
75094646,2026-10-01,ATP,Tokyo,Bet365,Frances Tiafoe,Kei Nishikori,aces,2.5,1.0700,,2026-09-29T20:02:51Z,2026-10-01T02:00:00Z,Team Total (Aces) Away,6,"{'hdp': 2.5, 'over': '1.07'}"
75094646,2026-10-01,ATP,Tokyo,Bet365,Frances Tiafoe,Kei Nishikori,aces,4.5,1.3000,,2026-09-29T20:02:51Z,2026-10-01T02:00:00Z,Team Total (Aces) Away,6,"{'hdp': 4.5, 'over': '1.30'}"
75094646,2026-10-01,ATP,Tokyo,Bet365,Frances Tiafoe,Kei Nishikori,aces,9.5,3.5000,,2026-09-29T20:02:51Z,2026-10-01T02:00:00Z,Team Total (Aces) Away,6,"{'hdp': 9.5, 'over': '3.50'}"
75094646,2026-10-01,ATP,Tokyo,Bet365,Frances Tiafoe,Kei Nishikori,aces,14.5,13.0000,,2026-09-29T20:02:51Z,2026-10-01T02:00:00Z,Team Total (Aces) Away,6,"{'hdp': 14.5, 'over': '13.00'}"
75094646,2026-10-01,ATP,Tokyo,Bet365,Frances Tiafoe,Kei Nishikori,aces,19.5,26.0000,,2026-09-29T20:02:51Z,2026-10-01T02:00:00Z,Team Total (Aces) Away,6,"{'hdp': 19.5, 'over': '26.00'}"
75094646,2026-10-01,ATP,Tokyo,Bet365,Kei Nishikori,Frances Tiafoe,aces,0.5,1.0100,,2026-09-29T20:02:51Z,2026-10-01T02:00:00Z,Team Total (Aces) Home,6,"{'hdp': 0.5, 'over': '1.01'}"
75094646,2026-10-01,ATP,Tokyo,Bet365,Kei Nishikori,Frances Tiafoe,aces,2.5,1.1800,,2026-09-29T20:02:51Z,2026-10-01T02:00:00Z,Team Total (Aces) Home,6,"{'hdp': 2.5, 'over': '1.18'}"
75094646,2026-10-01,ATP,Tokyo,Bet365,Kei Nishikori,Frances Tiafoe,aces,4.5,1.6100,,2026-09-29T20:02:51Z,2026-10-01T02:00:00Z,Team Total (Aces) Home,6,"{'hdp': 4.5, 'over': '1.61'}"
75094646,2026-10-01,ATP,Tokyo,Bet365,Kei Nishikori,Frances Tiafoe,aces,9.5,5.5000,,2026-09-29T20:02:51Z,2026-10-01T02:00:00Z,Team Total (Aces) Home,6,"{'hdp': 9.5, 'over': '5.50'}"
75094646,2026-10-01,ATP,Tokyo,Bet365,Kei Nishikori,Frances Tiafoe,aces,14.5,21.0000,,2026-09-29T20:02:51Z,2026-10-01T02:00:00Z,Team Total (Aces) Home,6,"{'hdp': 14.5, 'over': '21.00'}"
75094646,2026-10-01,ATP,Tokyo,Bet365,Kei Nishikori,Frances Tiafoe,aces,19.5,26.0000,,2026-09-29T20:02:51Z,2026-10-01T02:00:00Z,Team Total (Aces) Home,6,"{'hdp': 19.5, 'over': '26.00'}"
75094646,2026-10-01,ATP,Tokyo,Bet365,Frances Tiafoe,Kei Nishikori,double_faults,0.5,1.3300,,2026-09-29T20:02:51Z,2026-10-01T02:00:00Z,Team Total (Double Faults) Away,5,"{'hdp': 0.5, 'over': '1.33'}"
75094646,2026-10-01,ATP,Tokyo,Bet365,Frances Tiafoe,Kei Nishikori,double_faults,1.5,2.2500,,2026-09-29T20:02:51Z,2026-10-01T02:00:00Z,Team Total (Double Faults) Away,5,"{'hdp': 1.5, 'over': '2.25'}"
75094646,2026-10-01,ATP,Tokyo,Bet365,Frances Tiafoe,Kei Nishikori,double_faults,2.5,4.5000,,2026-09-29T20:02:51Z,2026-10-01T02:00:00Z,Team Total (Double Faults) Away,5,"{'hdp': 2.5, 'over': '4.50'}"
75094646,2026-10-01,ATP,Tokyo,Bet365,Frances Tiafoe,Kei Nishikori,double_faults,4.5,21.0000,,2026-09-29T20:02:51Z,2026-10-01T02:00:00Z,Team Total (Double Faults) Away,5,"{'hdp': 4.5, 'over': '21.00'}"
75094646,2026-10-01,ATP,Tokyo,Bet365,Frances Tiafoe,Kei Nishikori,double_faults,7.5,26.0000,,2026-09-29T20:02:51Z,2026-10-01T02:00:00Z,Team Total (Double Faults) Away,5,"{'hdp': 7.5, 'over': '26.00'}"
75094646,2026-10-01,ATP,Tokyo,Bet365,Kei Nishikori,Frances Tiafoe,double_faults,0.5,1.0700,,2026-09-29T20:02:51Z,2026-10-01T02:00:00Z,Team Total (Double Faults) Home,5,"{'hdp': 0.5, 'over': '1.07'}"
75094646,2026-10-01,ATP,Tokyo,Bet365,Kei Nishikori,Frances Tiafoe,double_faults,1.5,1.3600,,2026-09-29T20:02:51Z,2026-10-01T02:00:00Z,Team Total (Double Faults) Home,5,"{'hdp': 1.5, 'over': '1.36'}"
75094646,2026-10-01,ATP,Tokyo,Bet365,Kei Nishikori,Frances Tiafoe,double_faults,2.5,2.0000,,2026-09-29T20:02:51Z,2026-10-01T02:00:00Z,Team Total (Double Faults) Home,5,"{'hdp': 2.5, 'over': '2.00'}"
75094646,2026-10-01,ATP,Tokyo,Bet365,Kei Nishikori,Frances Tiafoe,double_faults,4.5,6.5000,,2026-09-29T20:02:51Z,2026-10-01T02:00:00Z,Team Total (Double Faults) Home,5,"{'hdp': 4.5, 'over': '6.50'}"
75094646,2026-10-01,ATP,Tokyo,Bet365,Kei Nishikori,Frances Tiafoe,double_faults,7.5,26.0000,,2026-09-29T20:02:51Z,2026-10-01T02:00:00Z,Team Total (Double Faults) Home,5,"{'hdp': 7.5, 'over': '26.00'}"
75094646,2026-10-01,ATP,Tokyo,Bet365,Kei Nishikori,Frances Tiafoe,match_aces,4.5,1.0400,,2026-09-29T20:02:51Z,2026-10-01T02:00:00Z,Totals (Aces),8,"{'hdp': 4.5, 'over': '1.04'}"
75094646,2026-10-01,ATP,Tokyo,Bet365,Kei Nishikori,Frances Tiafoe,match_aces,9.5,1.4000,,2026-09-29T20:02:51Z,2026-10-01T02:00:00Z,Totals (Aces),8,"{'hdp': 9.5, 'over': '1.40'}"
75094646,2026-10-01,ATP,Tokyo,Bet365,Kei Nishikori,Frances Tiafoe,match_aces,14.5,2.5000,,2026-09-29T20:02:51Z,2026-10-01T02:00:00Z,Totals (Aces),8,"{'hdp': 14.5, 'over': '2.50'}"
75094646,2026-10-01,ATP,Tokyo,Bet365,Kei Nishikori,Frances Tiafoe,match_aces,19.5,5.5000,,2026-09-29T20:02:51Z,2026-10-01T02:00:00Z,Totals (Aces),8,"{'hdp': 19.5, 'over': '5.50'}"
75094646,2026-10-01,ATP,Tokyo,Bet365,Kei Nishikori,Frances Tiafoe,match_aces,24.5,13.0000,,2026-09-29T20:02:51Z,2026-10-01T02:00:00Z,Totals (Aces),8,"{'hdp': 24.5, 'over': '13.00'}"
75094646,2026-10-01,ATP,Tokyo,Bet365,Kei Nishikori,Frances Tiafoe,match_aces,29.5,26.0000,,2026-09-29T20:02:51Z,2026-10-01T02:00:00Z,Totals (Aces),8,"{'hdp': 29.5, 'over': '26.00'}"
75094646,2026-10-01,ATP,Tokyo,Bet365,Kei Nishikori,Frances Tiafoe,match_double_faults,0.5,1.0100,,2026-09-29T20:02:51Z,2026-10-01T02:00:00Z,Totals (Double Faults),6,"{'hdp': 0.5, 'over': '1.01'}"
75094646,2026-10-01,ATP,Tokyo,Bet365,Kei Nishikori,Frances Tiafoe,match_double_faults,1.5,1.1000,,2026-09-29T20:02:51Z,2026-10-01T02:00:00Z,Totals (Double Faults),6,"{'hdp': 1.5, 'over': '1.10'}"
75094646,2026-10-01,ATP,Tokyo,Bet365,Kei Nishikori,Frances Tiafoe,match_double_faults,2.5,1.3000,,2026-09-29T20:02:51Z,2026-10-01T02:00:00Z,Totals (Double Faults),6,"{'hdp': 2.5, 'over': '1.30'}"
75094646,2026-10-01,ATP,Tokyo,Bet365,Kei Nishikori,Frances Tiafoe,match_double_faults,4.5,2.5000,,2026-09-29T20:02:51Z,2026-10-01T02:00:00Z,Totals (Double Faults),6,"{'hdp': 4.5, 'over': '2.50'}"
75094646,2026-10-01,ATP,Tokyo,Bet365,Kei Nishikori,Frances Tiafoe,match_double_faults,7.5,11.0000,,2026-09-29T20:02:51Z,2026-10-01T02:00:00Z,Totals (Double Faults),6,"{'hdp': 7.5, 'over': '11.00'}"
75094646,2026-10-01,ATP,Tokyo,Bet365,Kei Nishikori,Frances Tiafoe,match_double_faults,9.5,26.0000,,2026-09-29T20:02:51Z,2026-10-01T02:00:00Z,Totals (Double Faults),6,"{'hdp': 9.5, 'over': '26.00'}"
75094650,2026-10-01,ATP,Tokyo,Bet365,Alejandro Davidovich Fokina,Matteo Berrettini,match_aces,4.5,1.0100,,2026-09-29T20:02:51Z,2026-10-01T02:00:00Z,Totals (Aces),8,"{'hdp': 4.5, 'over': '1.01'}"
75094650,2026-10-01,ATP,Tokyo,Bet365,Alejandro Davidovich Fokina,Matteo Berrettini,match_aces,9.5,1.1400,,2026-09-29T20:02:51Z,2026-10-01T02:00:00Z,Totals (Aces),8,"{'hdp': 9.5, 'over': '1.14'}"
75094650,2026-10-01,ATP,Tokyo,Bet365,Alejandro Davidovich Fokina,Matteo Berrettini,match_aces,14.5,1.5300,,2026-09-29T20:02:51Z,2026-10-01T02:00:00Z,Totals (Aces),8,"{'hdp': 14.5, 'over': '1.53'}"
75094650,2026-10-01,ATP,Tokyo,Bet365,Alejandro Davidovich Fokina,Matteo Berrettini,match_aces,19.5,2.5000,,2026-09-29T20:02:51Z,2026-10-01T02:00:00Z,Totals (Aces),8,"{'hdp': 19.5, 'over': '2.50'}"
75094650,2026-10-01,ATP,Tokyo,Bet365,Alejandro Davidovich Fokina,Matteo Berrettini,match_aces,24.5,4.3300,,2026-09-29T20:02:51Z,2026-10-01T02:00:00Z,Totals (Aces),8,"{'hdp': 24.5, 'over': '4.33'}"
75094650,2026-10-01,ATP,Tokyo,Bet365,Alejandro Davidovich Fokina,Matteo Berrettini,match_aces,29.5,9.0000,,2026-09-29T20:02:51Z,2026-10-01T02:00:00Z,Totals (Aces),8,"{'hdp': 29.5, 'over': '9.00'}"
75094650,2026-10-01,ATP,Tokyo,Bet365,Alejandro Davidovich Fokina,Matteo Berrettini,match_aces,39.5,26.0000,,2026-09-29T20:02:51Z,2026-10-01T02:00:00Z,Totals (Aces),8,"{'hdp': 39.5, 'over': '26.00'}"
75094650,2026-10-01,ATP,Tokyo,Bet365,Matteo Berrettini,Alejandro Davidovich Fokina,aces,2.5,1.0200,,2026-09-29T20:02:51Z,2026-10-01T02:00:00Z,Team Total (Aces) Away,8,"{'hdp': 2.5, 'over': '1.02'}"
75094650,2026-10-01,ATP,Tokyo,Bet365,Matteo Berrettini,Alejandro Davidovich Fokina,aces,4.5,1.1000,,2026-09-29T20:02:51Z,2026-10-01T02:00:00Z,Team Total (Aces) Away,8,"{'hdp': 4.5, 'over': '1.10'}"
75094650,2026-10-01,ATP,Tokyo,Bet365,Matteo Berrettini,Alejandro Davidovich Fokina,aces,9.5,1.6600,,2026-09-29T20:02:51Z,2026-10-01T02:00:00Z,Team Total (Aces) Away,8,"{'hdp': 9.5, 'over': '1.66'}"
75094650,2026-10-01,ATP,Tokyo,Bet365,Matteo Berrettini,Alejandro Davidovich Fokina,aces,14.5,3.2500,,2026-09-29T20:02:51Z,2026-10-01T02:00:00Z,Team Total (Aces) Away,8,"{'hdp': 14.5, 'over': '3.25'}"
75094650,2026-10-01,ATP,Tokyo,Bet365,Matteo Berrettini,Alejandro Davidovich Fokina,aces,19.5,7.0000,,2026-09-29T20:02:51Z,2026-10-01T02:00:00Z,Team Total (Aces) Away,8,"{'hdp': 19.5, 'over': '7.00'}"
75094650,2026-10-01,ATP,Tokyo,Bet365,Matteo Berrettini,Alejandro Davidovich Fokina,aces,24.5,15.0000,,2026-09-29T20:02:51Z,2026-10-01T02:00:00Z,Team Total (Aces) Away,8,"{'hdp': 24.5, 'over': '15.00'}"
75094650,2026-10-01,ATP,Tokyo,Bet365,Matteo Berrettini,Alejandro Davidovich Fokina,aces,29.5,26.0000,,2026-09-29T20:02:51Z,2026-10-01T02:00:00Z,Team Total (Aces) Away,8,"{'hdp': 29.5, 'over': '26.00'}"
75094650,2026-10-01,ATP,Tokyo,Bet365,Alejandro Davidovich Fokina,Matteo Berrettini,aces,2.5,1.1200,,2026-09-29T20:02:51Z,2026-10-01T02:00:00Z,Team Total (Aces) Home,6,"{'hdp': 2.5, 'over': '1.12'}"
75094650,2026-10-01,ATP,Tokyo,Bet365,Alejandro Davidovich Fokina,Matteo Berrettini,aces,4.5,1.5000,,2026-09-29T20:02:51Z,2026-10-01T02:00:00Z,Team Total (Aces) Home,6,"{'hdp': 4.5, 'over': '1.50'}"
75094650,2026-10-01,ATP,Tokyo,Bet365,Alejandro Davidovich Fokina,Matteo Berrettini,aces,9.5,5.0000,,2026-09-29T20:02:51Z,2026-10-01T02:00:00Z,Team Total (Aces) Home,6,"{'hdp': 9.5, 'over': '5.00'}"
75094650,2026-10-01,ATP,Tokyo,Bet365,Alejandro Davidovich Fokina,Matteo Berrettini,aces,14.5,23.0000,,2026-09-29T20:02:51Z,2026-10-01T02:00:00Z,Team Total (Aces) Home,6,"{'hdp': 14.5, 'over': '23.00'}"
75094650,2026-10-01,ATP,Tokyo,Bet365,Alejandro Davidovich Fokina,Matteo Berrettini,aces,19.5,26.0000,,2026-09-29T20:02:51Z,2026-10-01T02:00:00Z,Team Total (Aces) Home,6,"{'hdp': 19.5, 'over': '26.00'}"
75094658,2026-10-01,ATP,Tokyo,Bet365,Holger Rune,Kyrian Jacquet,aces,2.5,1.0700,,2026-09-29T20:02:51Z,2026-10-01T02:00:00Z,Team Total (Aces) Home,6,"{'hdp': 2.5, 'over': '1.07'}"
75094658,2026-10-01,ATP,Tokyo,Bet365,Holger Rune,Kyrian Jacquet,aces,4.5,1.3000,,2026-09-29T20:02:51Z,2026-10-01T02:00:00Z,Team Total (Aces) Home,6,"{'hdp': 4.5, 'over': '1.30'}"
75094658,2026-10-01,ATP,Tokyo,Bet365,Holger Rune,Kyrian Jacquet,aces,9.5,3.4000,,2026-09-29T20:02:51Z,2026-10-01T02:00:00Z,Team Total (Aces) Home,6,"{'hdp': 9.5, 'over': '3.40'}"
75094658,2026-10-01,ATP,Tokyo,Bet365,Holger Rune,Kyrian Jacquet,aces,14.5,11.0000,,2026-09-29T20:02:51Z,2026-10-01T02:00:00Z,Team Total (Aces) Home,6,"{'hdp': 14.5, 'over': '11.00'}"
75094658,2026-10-01,ATP,Tokyo,Bet365,Holger Rune,Kyrian Jacquet,aces,19.5,26.0000,,2026-09-29T20:02:51Z,2026-10-01T02:00:00Z,Team Total (Aces) Home,6,"{'hdp': 19.5, 'over': '26.00'}"
75094658,2026-10-01,ATP,Tokyo,Bet365,Holger Rune,Kyrian Jacquet,match_aces,4.5,1.0100,,2026-09-29T20:02:51Z,2026-10-01T02:00:00Z,Totals (Aces),8,"{'hdp': 4.5, 'over': '1.01'}"
75094658,2026-10-01,ATP,Tokyo,Bet365,Holger Rune,Kyrian Jacquet,match_aces,9.5,1.2000,,2026-09-29T20:02:51Z,2026-10-01T02:00:00Z,Totals (Aces),8,"{'hdp': 9.5, 'over': '1.20'}"
75094658,2026-10-01,ATP,Tokyo,Bet365,Holger Rune,Kyrian Jacquet,match_aces,14.5,1.8000,,2026-09-29T20:02:51Z,2026-10-01T02:00:00Z,Totals (Aces),8,"{'hdp': 14.5, 'over': '1.80'}"
75094658,2026-10-01,ATP,Tokyo,Bet365,Holger Rune,Kyrian Jacquet,match_aces,19.5,3.2500,,2026-09-29T20:02:51Z,2026-10-01T02:00:00Z,Totals (Aces),8,"{'hdp': 19.5, 'over': '3.25'}"
75094658,2026-10-01,ATP,Tokyo,Bet365,Holger Rune,Kyrian Jacquet,match_aces,24.5,6.5000,,2026-09-29T20:02:51Z,2026-10-01T02:00:00Z,Totals (Aces),8,"{'hdp': 24.5, 'over': '6.50'}"
75094658,2026-10-01,ATP,Tokyo,Bet365,Holger Rune,Kyrian Jacquet,match_aces,29.5,13.0000,,2026-09-29T20:02:51Z,2026-10-01T02:00:00Z,Totals (Aces),8,"{'hdp': 29.5, 'over': '13.00'}"
75094658,2026-10-01,ATP,Tokyo,Bet365,Holger Rune,Kyrian Jacquet,match_aces,39.5,26.0000,,2026-09-29T20:02:51Z,2026-10-01T02:00:00Z,Totals (Aces),8,"{'hdp': 39.5, 'over': '26.00'}"
75094658,2026-10-01,ATP,Tokyo,Bet365,Kyrian Jacquet,Holger Rune,aces,2.5,1.0600,,2026-09-29T20:02:51Z,2026-10-01T02:00:00Z,Team Total (Aces) Away,7,"{'hdp': 2.5, 'over': '1.06'}"
75094658,2026-10-01,ATP,Tokyo,Bet365,Kyrian Jacquet,Holger Rune,aces,4.5,1.2200,,2026-09-29T20:02:51Z,2026-10-01T02:00:00Z,Team Total (Aces) Away,7,"{'hdp': 4.5, 'over': '1.22'}"
75094658,2026-10-01,ATP,Tokyo,Bet365,Kyrian Jacquet,Holger Rune,aces,9.5,2.6200,,2026-09-29T20:02:51Z,2026-10-01T02:00:00Z,Team Total (Aces) Away,7,"{'hdp': 9.5, 'over': '2.62'}"
75094658,2026-10-01,ATP,Tokyo,Bet365,Kyrian Jacquet,Holger Rune,aces,14.5,8.0000,,2026-09-29T20:02:51Z,2026-10-01T02:00:00Z,Team Total (Aces) Away,7,"{'hdp': 14.5, 'over': '8.00'}"
75094658,2026-10-01,ATP,Tokyo,Bet365,Kyrian Jacquet,Holger Rune,aces,19.5,21.0000,,2026-09-29T20:02:51Z,2026-10-01T02:00:00Z,Team Total (Aces) Away,7,"{'hdp': 19.5, 'over': '21.00'}"
75094658,2026-10-01,ATP,Tokyo,Bet365,Kyrian Jacquet,Holger Rune,aces,24.5,26.0000,,2026-09-29T20:02:51Z,2026-10-01T02:00:00Z,Team Total (Aces) Away,7,"{'hdp': 24.5, 'over': '26.00'}"
75094658,2026-10-01,ATP,Tokyo,Bet365,Holger Rune,Kyrian Jacquet,double_faults,0.5,1.0700,,2026-09-29T20:02:51Z,2026-10-01T02:00:00Z,Team Total (Double Faults) Home,5,"{'hdp': 0.5, 'over': '1.07'}"
75094658,2026-10-01,ATP,Tokyo,Bet365,Holger Rune,Kyrian Jacquet,double_faults,1.5,1.3300,,2026-09-29T20:02:51Z,2026-10-01T02:00:00Z,Team Total (Double Faults) Home,5,"{'hdp': 1.5, 'over': '1.33'}"
75094658,2026-10-01,ATP,Tokyo,Bet365,Holger Rune,Kyrian Jacquet,double_faults,2.5,1.8300,,2026-09-29T20:02:51Z,2026-10-01T02:00:00Z,Team Total (Double Faults) Home,5,"{'hdp': 2.5, 'over': '1.83'}"
75094658,2026-10-01,ATP,Tokyo,Bet365,Holger Rune,Kyrian Jacquet,double_faults,4.5,5.0000,,2026-09-29T20:02:51Z,2026-10-01T02:00:00Z,Team Total (Double Faults) Home,5,"{'hdp': 4.5, 'over': '5.00'}"
75094658,2026-10-01,ATP,Tokyo,Bet365,Holger Rune,Kyrian Jacquet,double_faults,7.5,26.0000,,2026-09-29T20:02:51Z,2026-10-01T02:00:00Z,Team Total (Double Faults) Home,5,"{'hdp': 7.5, 'over': '26.00'}"
75094658,2026-10-01,ATP,Tokyo,Bet365,Holger Rune,Kyrian Jacquet,match_double_faults,1.5,1.0200,,2026-09-29T20:02:51Z,2026-10-01T02:00:00Z,Totals (Double Faults),8,"{'hdp': 1.5, 'over': '1.02'}"
75094658,2026-10-01,ATP,Tokyo,Bet365,Holger Rune,Kyrian Jacquet,match_double_faults,2.5,1.0700,,2026-09-29T20:02:51Z,2026-10-01T02:00:00Z,Totals (Double Faults),8,"{'hdp': 2.5, 'over': '1.07'}"
75094658,2026-10-01,ATP,Tokyo,Bet365,Holger Rune,Kyrian Jacquet,match_double_faults,4.5,1.4400,,2026-09-29T20:02:51Z,2026-10-01T02:00:00Z,Totals (Double Faults),8,"{'hdp': 4.5, 'over': '1.44'}"
75094658,2026-10-01,ATP,Tokyo,Bet365,Holger Rune,Kyrian Jacquet,match_double_faults,7.5,3.4000,,2026-09-29T20:02:51Z,2026-10-01T02:00:00Z,Totals (Double Faults),8,"{'hdp': 7.5, 'over': '3.40'}"
75094658,2026-10-01,ATP,Tokyo,Bet365,Holger Rune,Kyrian Jacquet,match_double_faults,9.5,8.0000,,2026-09-29T20:02:51Z,2026-10-01T02:00:00Z,Totals (Double Faults),8,"{'hdp': 9.5, 'over': '8.00'}"
75094658,2026-10-01,ATP,Tokyo,Bet365,Holger Rune,Kyrian Jacquet,match_double_faults,11.5,19.0000,,2026-09-29T20:02:51Z,2026-10-01T02:00:00Z,Totals (Double Faults),8,"{'hdp': 11.5, 'over': '19.00'}"
75094658,2026-10-01,ATP,Tokyo,Bet365,Holger Rune,Kyrian Jacquet,match_double_faults,14.5,26.0000,,2026-09-29T20:02:51Z,2026-10-01T02:00:00Z,Totals (Double Faults),8,"{'hdp': 14.5, 'over': '26.00'}"
75094658,2026-10-01,ATP,Tokyo,Bet365,Kyrian Jacquet,Holger Rune,double_faults,0.5,1.0400,,2026-09-29T20:02:51Z,2026-10-01T02:00:00Z,Team Total (Double Faults) Away,6,"{'hdp': 0.5, 'over': '1.04'}"
75094658,2026-10-01,ATP,Tokyo,Bet365,Kyrian Jacquet,Holger Rune,double_faults,1.5,1.2200,,2026-09-29T20:02:51Z,2026-10-01T02:00:00Z,Team Total (Double Faults) Away,6,"{'hdp': 1.5, 'over': '1.22'}"
75094658,2026-10-01,ATP,Tokyo,Bet365,Kyrian Jacquet,Holger Rune,double_faults,2.5,1.6100,,2026-09-29T20:02:51Z,2026-10-01T02:00:00Z,Team Total (Double Faults) Away,6,"{'hdp': 2.5, 'over': '1.61'}"
75094658,2026-10-01,ATP,Tokyo,Bet365,Kyrian Jacquet,Holger Rune,double_faults,4.5,4.0000,,2026-09-29T20:02:51Z,2026-10-01T02:00:00Z,Team Total (Double Faults) Away,6,"{'hdp': 4.5, 'over': '4.00'}"
75094658,2026-10-01,ATP,Tokyo,Bet365,Kyrian Jacquet,Holger Rune,double_faults,7.5,23.0000,,2026-09-29T20:02:51Z,2026-10-01T02:00:00Z,Team Total (Double Faults) Away,6,"{'hdp': 7.5, 'over': '23.00'}"
75094658,2026-10-01,ATP,Tokyo,Bet365,Kyrian Jacquet,Holger Rune,double_faults,9.5,26.0000,,2026-09-29T20:02:51Z,2026-10-01T02:00:00Z,Team Total (Double Faults) Away,6,"{'hdp': 9.5, 'over': '26.00'}"
75104906,2026-10-01,WTA,Beijing,Bet365,Sofia Kenin,Ashlyn Krueger,aces,0.5,1.1800,,2026-09-29T20:02:51Z,2026-10-01T02:00:00Z,Team Total (Aces) Home,4,"{'hdp': 0.5, 'over': '1.18'}"
75104906,2026-10-01,WTA,Beijing,Bet365,Sofia Kenin,Ashlyn Krueger,aces,2.5,2.7500,,2026-09-29T20:02:51Z,2026-10-01T02:00:00Z,Team Total (Aces) Home,4,"{'hdp': 2.5, 'over': '2.75'}"
75104906,2026-10-01,WTA,Beijing,Bet365,Sofia Kenin,Ashlyn Krueger,aces,4.5,10.0000,,2026-09-29T20:02:51Z,2026-10-01T02:00:00Z,Team Total (Aces) Home,4,"{'hdp': 4.5, 'over': '10.00'}"
75104906,2026-10-01,WTA,Beijing,Bet365,Sofia Kenin,Ashlyn Krueger,aces,9.5,26.0000,,2026-09-29T20:02:51Z,2026-10-01T02:00:00Z,Team Total (Aces) Home,4,"{'hdp': 9.5, 'over': '26.00'}"
75104906,2026-10-01,WTA,Beijing,Bet365,Ashlyn Krueger,Sofia Kenin,aces,2.5,1.0500,,2026-09-29T20:02:51Z,2026-10-01T02:00:00Z,Team Total (Aces) Away,7,"{'hdp': 2.5, 'over': '1.05'}"
75104906,2026-10-01,WTA,Beijing,Bet365,Ashlyn Krueger,Sofia Kenin,aces,4.5,1.2000,,2026-09-29T20:02:51Z,2026-10-01T02:00:00Z,Team Total (Aces) Away,7,"{'hdp': 4.5, 'over': '1.20'}"
75104906,2026-10-01,WTA,Beijing,Bet365,Ashlyn Krueger,Sofia Kenin,aces,9.5,2.5000,,2026-09-29T20:02:51Z,2026-10-01T02:00:00Z,Team Total (Aces) Away,7,"{'hdp': 9.5, 'over': '2.50'}"
75104906,2026-10-01,WTA,Beijing,Bet365,Ashlyn Krueger,Sofia Kenin,aces,14.5,7.0000,,2026-09-29T20:02:51Z,2026-10-01T02:00:00Z,Team Total (Aces) Away,7,"{'hdp': 14.5, 'over': '7.00'}"
75104906,2026-10-01,WTA,Beijing,Bet365,Ashlyn Krueger,Sofia Kenin,aces,19.5,21.0000,,2026-09-29T20:02:51Z,2026-10-01T02:00:00Z,Team Total (Aces) Away,7,"{'hdp': 19.5, 'over': '21.00'}"
75104906,2026-10-01,WTA,Beijing,Bet365,Ashlyn Krueger,Sofia Kenin,aces,24.5,26.0000,,2026-09-29T20:02:51Z,2026-10-01T02:00:00Z,Team Total (Aces) Away,7,"{'hdp': 24.5, 'over': '26.00'}"
75104906,2026-10-01,WTA,Beijing,Bet365,Sofia Kenin,Ashlyn Krueger,match_aces,2.5,1.0100,,2026-09-29T20:02:51Z,2026-10-01T02:00:00Z,Totals (Aces),7,"{'hdp': 2.5, 'over': '1.01'}"
75104906,2026-10-01,WTA,Beijing,Bet365,Sofia Kenin,Ashlyn Krueger,match_aces,4.5,1.1000,,2026-09-29T20:02:51Z,2026-10-01T02:00:00Z,Totals (Aces),7,"{'hdp': 4.5, 'over': '1.10'}"
75104906,2026-10-01,WTA,Beijing,Bet365,Sofia Kenin,Ashlyn Krueger,match_aces,9.5,1.8000,,2026-09-29T20:02:51Z,2026-10-01T02:00:00Z,Totals (Aces),7,"{'hdp': 9.5, 'over': '1.80'}"
75104906,2026-10-01,WTA,Beijing,Bet365,Sofia Kenin,Ashlyn Krueger,match_aces,14.5,4.0000,,2026-09-29T20:02:51Z,2026-10-01T02:00:00Z,Totals (Aces),7,"{'hdp': 14.5, 'over': '4.00'}"
75104906,2026-10-01,WTA,Beijing,Bet365,Sofia Kenin,Ashlyn Krueger,match_aces,19.5,11.0000,,2026-09-29T20:02:51Z,2026-10-01T02:00:00Z,Totals (Aces),7,"{'hdp': 19.5, 'over': '11.00'}"
75104906,2026-10-01,WTA,Beijing,Bet365,Sofia Kenin,Ashlyn Krueger,match_aces,24.5,26.0000,,2026-09-29T20:02:51Z,2026-10-01T02:00:00Z,Totals (Aces),7,"{'hdp': 24.5, 'over': '26.00'}"
75104910,2026-10-01,WTA,Beijing,Bet365,Kimberly Birrell,Aoi Ito,double_faults,0.5,1.0200,,2026-09-29T20:02:51Z,2026-10-01T02:00:00Z,Team Total (Double Faults) Away,7,"{'hdp': 0.5, 'over': '1.02'}"
75104910,2026-10-01,WTA,Beijing,Bet365,Kimberly Birrell,Aoi Ito,double_faults,1.5,1.1000,,2026-09-29T20:02:51Z,2026-10-01T02:00:00Z,Team Total (Double Faults) Away,7,"{'hdp': 1.5, 'over': '1.10'}"
75104910,2026-10-01,WTA,Beijing,Bet365,Kimberly Birrell,Aoi Ito,double_faults,2.5,1.2800,,2026-09-29T20:02:51Z,2026-10-01T02:00:00Z,Team Total (Double Faults) Away,7,"{'hdp': 2.5, 'over': '1.28'}"
75104910,2026-10-01,WTA,Beijing,Bet365,Kimberly Birrell,Aoi Ito,double_faults,4.5,2.1000,,2026-09-29T20:02:51Z,2026-10-01T02:00:00Z,Team Total (Double Faults) Away,7,"{'hdp': 4.5, 'over': '2.10'}"
75104910,2026-10-01,WTA,Beijing,Bet365,Kimberly Birrell,Aoi Ito,double_faults,7.5,6.0000,,2026-09-29T20:02:51Z,2026-10-01T02:00:00Z,Team Total (Double Faults) Away,7,"{'hdp': 7.5, 'over': '6.00'}"
75104910,2026-10-01,WTA,Beijing,Bet365,Kimberly Birrell,Aoi Ito,double_faults,9.5,15.0000,,2026-09-29T20:02:51Z,2026-10-01T02:00:00Z,Team Total (Double Faults) Away,7,"{'hdp': 9.5, 'over': '15.00'}"
75104910,2026-10-01,WTA,Beijing,Bet365,Kimberly Birrell,Aoi Ito,double_faults,11.5,26.0000,,2026-09-29T20:02:51Z,2026-10-01T02:00:00Z,Team Total (Double Faults) Away,7,"{'hdp': 11.5, 'over': '26.00'}"
75104910,2026-10-01,WTA,Beijing,Bet365,Aoi Ito,Kimberly Birrell,match_aces,0.5,1.0100,,2026-09-29T20:02:51Z,2026-10-01T02:00:00Z,Totals (Aces),5,"{'hdp': 0.5, 'over': '1.01'}"
75104910,2026-10-01,WTA,Beijing,Bet365,Aoi Ito,Kimberly Birrell,match_aces,2.5,1.2200,,2026-09-29T20:02:51Z,2026-10-01T02:00:00Z,Totals (Aces),5,"{'hdp': 2.5, 'over': '1.22'}"
75104910,2026-10-01,WTA,Beijing,Bet365,Aoi Ito,Kimberly Birrell,match_aces,4.5,1.9000,,2026-09-29T20:02:51Z,2026-10-01T02:00:00Z,Totals (Aces),5,"{'hdp': 4.5, 'over': '1.90'}"
75104910,2026-10-01,WTA,Beijing,Bet365,Aoi Ito,Kimberly Birrell,match_aces,9.5,11.0000,,2026-09-29T20:02:51Z,2026-10-01T02:00:00Z,Totals (Aces),5,"{'hdp': 9.5, 'over': '11.00'}"
75104910,2026-10-01,WTA,Beijing,Bet365,Aoi Ito,Kimberly Birrell,match_aces,14.5,26.0000,,2026-09-29T20:02:51Z,2026-10-01T02:00:00Z,Totals (Aces),5,"{'hdp': 14.5, 'over': '26.00'}"
75104910,2026-10-01,WTA,Beijing,Bet365,Aoi Ito,Kimberly Birrell,match_double_faults,4.5,1.0600,,2026-09-29T20:02:51Z,2026-10-01T02:00:00Z,Totals (Double Faults),8,"{'hdp': 4.5, 'over': '1.06'}"
75104910,2026-10-01,WTA,Beijing,Bet365,Aoi Ito,Kimberly Birrell,match_double_faults,7.5,1.4000,,2026-09-29T20:02:51Z,2026-10-01T02:00:00Z,Totals (Double Faults),8,"{'hdp': 7.5, 'over': '1.40'}"
75104910,2026-10-01,WTA,Beijing,Bet365,Aoi Ito,Kimberly Birrell,match_double_faults,9.5,1.9000,,2026-09-29T20:02:51Z,2026-10-01T02:00:00Z,Totals (Double Faults),8,"{'hdp': 9.5, 'over': '1.90'}"
75104910,2026-10-01,WTA,Beijing,Bet365,Aoi Ito,Kimberly Birrell,match_double_faults,11.5,3.0000,,2026-09-29T20:02:51Z,2026-10-01T02:00:00Z,Totals (Double Faults),8,"{'hdp': 11.5, 'over': '3.00'}"
75104910,2026-10-01,WTA,Beijing,Bet365,Aoi Ito,Kimberly Birrell,match_double_faults,14.5,7.0000,,2026-09-29T20:02:51Z,2026-10-01T02:00:00Z,Totals (Double Faults),8,"{'hdp': 14.5, 'over': '7.00'}"
75104910,2026-10-01,WTA,Beijing,Bet365,Aoi Ito,Kimberly Birrell,match_double_faults,19.5,26.0000,,2026-09-29T20:02:51Z,2026-10-01T02:00:00Z,Totals (Double Faults),8,"{'hdp': 19.5, 'over': '26.00'}"
75104910,2026-10-01,WTA,Beijing,Bet365,Aoi Ito,Kimberly Birrell,aces,0.5,1.1000,,2026-09-29T20:02:51Z,2026-10-01T02:00:00Z,Team Total (Aces) Home,4,"{'hdp': 0.5, 'over': '1.10'}"
75104910,2026-10-01,WTA,Beijing,Bet365,Aoi Ito,Kimberly Birrell,aces,2.5,1.9000,,2026-09-29T20:02:51Z,2026-10-01T02:00:00Z,Team Total (Aces) Home,4,"{'hdp': 2.5, 'over': '1.90'}"
75104910,2026-10-01,WTA,Beijing,Bet365,Aoi Ito,Kimberly Birrell,aces,4.5,5.0000,,2026-09-29T20:02:51Z,2026-10-01T02:00:00Z,Team Total (Aces) Home,4,"{'hdp': 4.5, 'over': '5.00'}"
75104910,2026-10-01,WTA,Beijing,Bet365,Aoi Ito,Kimberly Birrell,aces,9.5,26.0000,,2026-09-29T20:02:51Z,2026-10-01T02:00:00Z,Team Total (Aces) Home,4,"{'hdp': 9.5, 'over': '26.00'}"
75104910,2026-10-01,WTA,Beijing,Bet365,Kimberly Birrell,Aoi Ito,aces,0.5,1.1400,,2026-09-29T20:02:51Z,2026-10-01T02:00:00Z,Team Total (Aces) Away,4,"{'hdp': 0.5, 'over': '1.14'}"
75104910,2026-10-01,WTA,Beijing,Bet365,Kimberly Birrell,Aoi Ito,aces,2.5,2.6200,,2026-09-29T20:02:51Z,2026-10-01T02:00:00Z,Team Total (Aces) Away,4,"{'hdp': 2.5, 'over': '2.62'}"
75104910,2026-10-01,WTA,Beijing,Bet365,Kimberly Birrell,Aoi Ito,aces,4.5,10.0000,,2026-09-29T20:02:51Z,2026-10-01T02:00:00Z,Team Total (Aces) Away,4,"{'hdp': 4.5, 'over': '10.00'}"
75104910,2026-10-01,WTA,Beijing,Bet365,Kimberly Birrell,Aoi Ito,aces,9.5,26.0000,,2026-09-29T20:02:51Z,2026-10-01T02:00:00Z,Team Total (Aces) Away,4,"{'hdp': 9.5, 'over': '26.00'}"
75104910,2026-10-01,WTA,Beijing,Bet365,Aoi Ito,Kimberly Birrell,double_faults,1.5,1.0400,,2026-09-29T20:02:51Z,2026-10-01T02:00:00Z,Team Total (Double Faults) Home,7,"{'hdp': 1.5, 'over': '1.04'}"
75104910,2026-10-01,WTA,Beijing,Bet365,Aoi Ito,Kimberly Birrell,double_faults,2.5,1.1400,,2026-09-29T20:02:51Z,2026-10-01T02:00:00Z,Team Total (Double Faults) Home,7,"{'hdp': 2.5, 'over': '1.14'}"
75104910,2026-10-01,WTA,Beijing,Bet365,Aoi Ito,Kimberly Birrell,double_faults,4.5,1.6600,,2026-09-29T20:02:51Z,2026-10-01T02:00:00Z,Team Total (Double Faults) Home,7,"{'hdp': 4.5, 'over': '1.66'}"
75104910,2026-10-01,WTA,Beijing,Bet365,Aoi Ito,Kimberly Birrell,double_faults,7.5,5.0000,,2026-09-29T20:02:51Z,2026-10-01T02:00:00Z,Team Total (Double Faults) Home,7,"{'hdp': 7.5, 'over': '5.00'}"
75104910,2026-10-01,WTA,Beijing,Bet365,Aoi Ito,Kimberly Birrell,double_faults,9.5,13.0000,,2026-09-29T20:02:51Z,2026-10-01T02:00:00Z,Team Total (Double Faults) Home,7,"{'hdp': 9.5, 'over': '13.00'}"
75104910,2026-10-01,WTA,Beijing,Bet365,Aoi Ito,Kimberly Birrell,double_faults,11.5,26.0000,,2026-09-29T20:02:51Z,2026-10-01T02:00:00Z,Team Total (Double Faults) Home,7,"{'hdp': 11.5, 'over': '26.00'}"
75094654,2026-10-01,ATP,Tokyo,Bet365,Brandon Nakashima,Ugo Humbert,aces,2.5,1.0100,,2026-09-29T20:02:51Z,2026-10-01T02:00:00Z,Team Total (Aces) Home,8,"{'hdp': 2.5, 'over': '1.01'}"
75094654,2026-10-01,ATP,Tokyo,Bet365,Brandon Nakashima,Ugo Humbert,aces,4.5,1.0800,,2026-09-29T20:02:51Z,2026-10-01T02:00:00Z,Team Total (Aces) Home,8,"{'hdp': 4.5, 'over': '1.08'}"
75094654,2026-10-01,ATP,Tokyo,Bet365,Brandon Nakashima,Ugo Humbert,aces,9.5,1.6100,,2026-09-29T20:02:51Z,2026-10-01T02:00:00Z,Team Total (Aces) Home,8,"{'hdp': 9.5, 'over': '1.61'}"
75094654,2026-10-01,ATP,Tokyo,Bet365,Brandon Nakashima,Ugo Humbert,aces,14.5,3.2500,,2026-09-29T20:02:51Z,2026-10-01T02:00:00Z,Team Total (Aces) Home,8,"{'hdp': 14.5, 'over': '3.25'}"
75094654,2026-10-01,ATP,Tokyo,Bet365,Brandon Nakashima,Ugo Humbert,aces,19.5,7.0000,,2026-09-29T20:02:51Z,2026-10-01T02:00:00Z,Team Total (Aces) Home,8,"{'hdp': 19.5, 'over': '7.00'}"
75094654,2026-10-01,ATP,Tokyo,Bet365,Brandon Nakashima,Ugo Humbert,aces,24.5,17.0000,,2026-09-29T20:02:51Z,2026-10-01T02:00:00Z,Team Total (Aces) Home,8,"{'hdp': 24.5, 'over': '17.00'}"
75094654,2026-10-01,ATP,Tokyo,Bet365,Brandon Nakashima,Ugo Humbert,aces,29.5,26.0000,,2026-09-29T20:02:51Z,2026-10-01T02:00:00Z,Team Total (Aces) Home,8,"{'hdp': 29.5, 'over': '26.00'}"
75094654,2026-10-01,ATP,Tokyo,Bet365,Brandon Nakashima,Ugo Humbert,double_faults,0.5,1.1100,,2026-09-29T20:02:51Z,2026-10-01T02:00:00Z,Team Total (Double Faults) Home,5,"{'hdp': 0.5, 'over': '1.11'}"
75094654,2026-10-01,ATP,Tokyo,Bet365,Brandon Nakashima,Ugo Humbert,double_faults,1.5,1.4400,,2026-09-29T20:02:51Z,2026-10-01T02:00:00Z,Team Total (Double Faults) Home,5,"{'hdp': 1.5, 'over': '1.44'}"
75094654,2026-10-01,ATP,Tokyo,Bet365,Brandon Nakashima,Ugo Humbert,double_faults,2.5,2.2000,,2026-09-29T20:02:51Z,2026-10-01T02:00:00Z,Team Total (Double Faults) Home,5,"{'hdp': 2.5, 'over': '2.20'}"
75094654,2026-10-01,ATP,Tokyo,Bet365,Brandon Nakashima,Ugo Humbert,double_faults,4.5,7.0000,,2026-09-29T20:02:51Z,2026-10-01T02:00:00Z,Team Total (Double Faults) Home,5,"{'hdp': 4.5, 'over': '7.00'}"
75094654,2026-10-01,ATP,Tokyo,Bet365,Brandon Nakashima,Ugo Humbert,double_faults,7.5,26.0000,,2026-09-29T20:02:51Z,2026-10-01T02:00:00Z,Team Total (Double Faults) Home,5,"{'hdp': 7.5, 'over': '26.00'}"
75094654,2026-10-01,ATP,Tokyo,Bet365,Brandon Nakashima,Ugo Humbert,match_aces,9.5,1.0700,,2026-09-29T20:02:51Z,2026-10-01T02:00:00Z,Totals (Aces),9,"{'hdp': 9.5, 'over': '1.07'}"
75094654,2026-10-01,ATP,Tokyo,Bet365,Brandon Nakashima,Ugo Humbert,match_aces,14.5,1.3300,,2026-09-29T20:02:51Z,2026-10-01T02:00:00Z,Totals (Aces),9,"{'hdp': 14.5, 'over': '1.33'}"
75094654,2026-10-01,ATP,Tokyo,Bet365,Brandon Nakashima,Ugo Humbert,match_aces,19.5,1.9000,,2026-09-29T20:02:51Z,2026-10-01T02:00:00Z,Totals (Aces),9,"{'hdp': 19.5, 'over': '1.90'}"
75094654,2026-10-01,ATP,Tokyo,Bet365,Brandon Nakashima,Ugo Humbert,match_aces,24.5,3.2500,,2026-09-29T20:02:51Z,2026-10-01T02:00:00Z,Totals (Aces),9,"{'hdp': 24.5, 'over': '3.25'}"
75094654,2026-10-01,ATP,Tokyo,Bet365,Brandon Nakashima,Ugo Humbert,match_aces,29.5,5.5000,,2026-09-29T20:02:51Z,2026-10-01T02:00:00Z,Totals (Aces),9,"{'hdp': 29.5, 'over': '5.50'}"
75094654,2026-10-01,ATP,Tokyo,Bet365,Brandon Nakashima,Ugo Humbert,match_aces,39.5,19.0000,,2026-09-29T20:02:51Z,2026-10-01T02:00:00Z,Totals (Aces),9,"{'hdp': 39.5, 'over': '19.00'}"
75094654,2026-10-01,ATP,Tokyo,Bet365,Brandon Nakashima,Ugo Humbert,match_aces,49.5,26.0000,,2026-09-29T20:02:51Z,2026-10-01T02:00:00Z,Totals (Aces),9,"{'hdp': 49.5, 'over': '26.00'}"
75094654,2026-10-01,ATP,Tokyo,Bet365,Brandon Nakashima,Ugo Humbert,match_double_faults,2.5,1.0400,,2026-09-29T20:02:51Z,2026-10-01T02:00:00Z,Totals (Double Faults),8,"{'hdp': 2.5, 'over': '1.04'}"
75094654,2026-10-01,ATP,Tokyo,Bet365,Brandon Nakashima,Ugo Humbert,match_double_faults,4.5,1.2500,,2026-09-29T20:02:51Z,2026-10-01T02:00:00Z,Totals (Double Faults),8,"{'hdp': 4.5, 'over': '1.25'}"
75094654,2026-10-01,ATP,Tokyo,Bet365,Brandon Nakashima,Ugo Humbert,match_double_faults,7.5,2.3700,,2026-09-29T20:02:51Z,2026-10-01T02:00:00Z,Totals (Double Faults),8,"{'hdp': 7.5, 'over': '2.37'}"
75094654,2026-10-01,ATP,Tokyo,Bet365,Brandon Nakashima,Ugo Humbert,match_double_faults,9.5,4.5000,,2026-09-29T20:02:51Z,2026-10-01T02:00:00Z,Totals (Double Faults),8,"{'hdp': 9.5, 'over': '4.50'}"
75094654,2026-10-01,ATP,Tokyo,Bet365,Brandon Nakashima,Ugo Humbert,match_double_faults,11.5,10.0000,,2026-09-29T20:02:51Z,2026-10-01T02:00:00Z,Totals (Double Faults),8,"{'hdp': 11.5, 'over': '10.00'}"
75094654,2026-10-01,ATP,Tokyo,Bet365,Brandon Nakashima,Ugo Humbert,match_double_faults,14.5,26.0000,,2026-09-29T20:02:51Z,2026-10-01T02:00:00Z,Totals (Double Faults),8,"{'hdp': 14.5, 'over': '26.00'}"
75094654,2026-10-01,ATP,Tokyo,Bet365,Ugo Humbert,Brandon Nakashima,aces,2.5,1.0600,,2026-09-29T20:02:51Z,2026-10-01T02:00:00Z,Team Total (Aces) Away,7,"{'hdp': 2.5, 'over': '1.06'}"
75094654,2026-10-01,ATP,Tokyo,Bet365,Ugo Humbert,Brandon Nakashima,aces,4.5,1.2500,,2026-09-29T20:02:51Z,2026-10-01T02:00:00Z,Team Total (Aces) Away,7,"{'hdp': 4.5, 'over': '1.25'}"
75094654,2026-10-01,ATP,Tokyo,Bet365,Ugo Humbert,Brandon Nakashima,aces,9.5,2.5000,,2026-09-29T20:02:51Z,2026-10-01T02:00:00Z,Team Total (Aces) Away,7,"{'hdp': 9.5, 'over': '2.50'}"
75094654,2026-10-01,ATP,Tokyo,Bet365,Ugo Humbert,Brandon Nakashima,aces,14.5,7.0000,,2026-09-29T20:02:51Z,2026-10-01T02:00:00Z,Team Total (Aces) Away,7,"{'hdp': 14.5, 'over': '7.00'}"
75094654,2026-10-01,ATP,Tokyo,Bet365,Ugo Humbert,Brandon Nakashima,aces,19.5,21.0000,,2026-09-29T20:02:51Z,2026-10-01T02:00:00Z,Team Total (Aces) Away,7,"{'hdp': 19.5, 'over': '21.00'}"
75094654,2026-10-01,ATP,Tokyo,Bet365,Ugo Humbert,Brandon Nakashima,aces,24.5,26.0000,,2026-09-29T20:02:51Z,2026-10-01T02:00:00Z,Team Total (Aces) Away,7,"{'hdp': 24.5, 'over': '26.00'}"
75094654,2026-10-01,ATP,Tokyo,Bet365,Ugo Humbert,Brandon Nakashima,double_faults,0.5,1.0100,,2026-09-29T20:02:51Z,2026-10-01T02:00:00Z,Team Total (Double Faults) Away,7,"{'hdp': 0.5, 'over': '1.01'}"
75094654,2026-10-01,ATP,Tokyo,Bet365,Ugo Humbert,Brandon Nakashima,double_faults,1.5,1.0700,,2026-09-29T20:02:51Z,2026-10-01T02:00:00Z,Team Total (Double Faults) Away,7,"{'hdp': 1.5, 'over': '1.07'}"
75094654,2026-10-01,ATP,Tokyo,Bet365,Ugo Humbert,Brandon Nakashima,double_faults,2.5,1.2200,,2026-09-29T20:02:51Z,2026-10-01T02:00:00Z,Team Total (Double Faults) Away,7,"{'hdp': 2.5, 'over': '1.22'}"
75094654,2026-10-01,ATP,Tokyo,Bet365,Ugo Humbert,Brandon Nakashima,double_faults,4.5,2.0000,,2026-09-29T20:02:51Z,2026-10-01T02:00:00Z,Team Total (Double Faults) Away,7,"{'hdp': 4.5, 'over': '2.00'}"
75094654,2026-10-01,ATP,Tokyo,Bet365,Ugo Humbert,Brandon Nakashima,double_faults,7.5,7.0000,,2026-09-29T20:02:51Z,2026-10-01T02:00:00Z,Team Total (Double Faults) Away,7,"{'hdp': 7.5, 'over': '7.00'}"
75094654,2026-10-01,ATP,Tokyo,Bet365,Ugo Humbert,Brandon Nakashima,double_faults,9.5,19.0000,,2026-09-29T20:02:51Z,2026-10-01T02:00:00Z,Team Total (Double Faults) Away,7,"{'hdp': 9.5, 'over': '19.00'}"
75094654,2026-10-01,ATP,Tokyo,Bet365,Ugo Humbert,Brandon Nakashima,double_faults,11.5,26.0000,,2026-09-29T20:02:51Z,2026-10-01T02:00:00Z,Team Total (Double Faults) Away,7,"{'hdp': 11.5, 'over': '26.00'}"
75094656,2026-10-01,ATP,Tokyo,Bet365,Luciano Darderi,Casper Ruud,aces,2.5,1.0700,,2026-09-29T20:02:51Z,2026-10-01T02:00:00Z,Team Total (Aces) Home,7,"{'hdp': 2.5, 'over': '1.07'}"
75094656,2026-10-01,ATP,Tokyo,Bet365,Luciano Darderi,Casper Ruud,aces,4.5,1.2500,,2026-09-29T20:02:51Z,2026-10-01T02:00:00Z,Team Total (Aces) Home,7,"{'hdp': 4.5, 'over': '1.25'}"
75094656,2026-10-01,ATP,Tokyo,Bet365,Luciano Darderi,Casper Ruud,aces,9.5,2.6200,,2026-09-29T20:02:51Z,2026-10-01T02:00:00Z,Team Total (Aces) Home,7,"{'hdp': 9.5, 'over': '2.62'}"
75094656,2026-10-01,ATP,Tokyo,Bet365,Luciano Darderi,Casper Ruud,aces,14.5,7.0000,,2026-09-29T20:02:51Z,2026-10-01T02:00:00Z,Team Total (Aces) Home,7,"{'hdp': 14.5, 'over': '7.00'}"
75094656,2026-10-01,ATP,Tokyo,Bet365,Luciano Darderi,Casper Ruud,aces,19.5,21.0000,,2026-09-29T20:02:51Z,2026-10-01T02:00:00Z,Team Total (Aces) Home,7,"{'hdp': 19.5, 'over': '21.00'}"
75094656,2026-10-01,ATP,Tokyo,Bet365,Luciano Darderi,Casper Ruud,aces,24.5,26.0000,,2026-09-29T20:02:51Z,2026-10-01T02:00:00Z,Team Total (Aces) Home,7,"{'hdp': 24.5, 'over': '26.00'}"
75094656,2026-10-01,ATP,Tokyo,Bet365,Casper Ruud,Luciano Darderi,double_faults,0.5,1.1400,,2026-09-29T20:02:51Z,2026-10-01T02:00:00Z,Team Total (Double Faults) Away,5,"{'hdp': 0.5, 'over': '1.14'}"
75094656,2026-10-01,ATP,Tokyo,Bet365,Casper Ruud,Luciano Darderi,double_faults,1.5,1.6600,,2026-09-29T20:02:51Z,2026-10-01T02:00:00Z,Team Total (Double Faults) Away,5,"{'hdp': 1.5, 'over': '1.66'}"
75094656,2026-10-01,ATP,Tokyo,Bet365,Casper Ruud,Luciano Darderi,double_faults,2.5,2.7500,,2026-09-29T20:02:51Z,2026-10-01T02:00:00Z,Team Total (Double Faults) Away,5,"{'hdp': 2.5, 'over': '2.75'}"
75094656,2026-10-01,ATP,Tokyo,Bet365,Casper Ruud,Luciano Darderi,double_faults,4.5,11.0000,,2026-09-29T20:02:51Z,2026-10-01T02:00:00Z,Team Total (Double Faults) Away,5,"{'hdp': 4.5, 'over': '11.00'}"
75094656,2026-10-01,ATP,Tokyo,Bet365,Casper Ruud,Luciano Darderi,double_faults,7.5,26.0000,,2026-09-29T20:02:51Z,2026-10-01T02:00:00Z,Team Total (Double Faults) Away,5,"{'hdp': 7.5, 'over': '26.00'}"
75094656,2026-10-01,ATP,Tokyo,Bet365,Luciano Darderi,Casper Ruud,double_faults,0.5,1.0100,,2026-09-29T20:02:51Z,2026-10-01T02:00:00Z,Team Total (Double Faults) Home,7,"{'hdp': 0.5, 'over': '1.01'}"
75094656,2026-10-01,ATP,Tokyo,Bet365,Luciano Darderi,Casper Ruud,double_faults,1.5,1.0700,,2026-09-29T20:02:51Z,2026-10-01T02:00:00Z,Team Total (Double Faults) Home,7,"{'hdp': 1.5, 'over': '1.07'}"
75094656,2026-10-01,ATP,Tokyo,Bet365,Luciano Darderi,Casper Ruud,double_faults,2.5,1.2500,,2026-09-29T20:02:51Z,2026-10-01T02:00:00Z,Team Total (Double Faults) Home,7,"{'hdp': 2.5, 'over': '1.25'}"
75094656,2026-10-01,ATP,Tokyo,Bet365,Luciano Darderi,Casper Ruud,double_faults,4.5,2.1000,,2026-09-29T20:02:51Z,2026-10-01T02:00:00Z,Team Total (Double Faults) Home,7,"{'hdp': 4.5, 'over': '2.10'}"
75094656,2026-10-01,ATP,Tokyo,Bet365,Luciano Darderi,Casper Ruud,double_faults,7.5,8.0000,,2026-09-29T20:02:51Z,2026-10-01T02:00:00Z,Team Total (Double Faults) Home,7,"{'hdp': 7.5, 'over': '8.00'}"
75094656,2026-10-01,ATP,Tokyo,Bet365,Luciano Darderi,Casper Ruud,double_faults,9.5,21.0000,,2026-09-29T20:02:51Z,2026-10-01T02:00:00Z,Team Total (Double Faults) Home,7,"{'hdp': 9.5, 'over': '21.00'}"
75094656,2026-10-01,ATP,Tokyo,Bet365,Luciano Darderi,Casper Ruud,double_faults,11.5,26.0000,,2026-09-29T20:02:51Z,2026-10-01T02:00:00Z,Team Total (Double Faults) Home,7,"{'hdp': 11.5, 'over': '26.00'}"
75094656,2026-10-01,ATP,Tokyo,Bet365,Luciano Darderi,Casper Ruud,match_aces,4.5,1.0100,,2026-09-29T20:02:51Z,2026-10-01T02:00:00Z,Totals (Aces),8,"{'hdp': 4.5, 'over': '1.01'}"
75094656,2026-10-01,ATP,Tokyo,Bet365,Luciano Darderi,Casper Ruud,match_aces,9.5,1.1400,,2026-09-29T20:02:51Z,2026-10-01T02:00:00Z,Totals (Aces),8,"{'hdp': 9.5, 'over': '1.14'}"
75094656,2026-10-01,ATP,Tokyo,Bet365,Luciano Darderi,Casper Ruud,match_aces,14.5,1.5700,,2026-09-29T20:02:51Z,2026-10-01T02:00:00Z,Totals (Aces),8,"{'hdp': 14.5, 'over': '1.57'}"
75094656,2026-10-01,ATP,Tokyo,Bet365,Luciano Darderi,Casper Ruud,match_aces,19.5,2.5000,,2026-09-29T20:02:51Z,2026-10-01T02:00:00Z,Totals (Aces),8,"{'hdp': 19.5, 'over': '2.50'}"
75094656,2026-10-01,ATP,Tokyo,Bet365,Luciano Darderi,Casper Ruud,match_aces,24.5,4.5000,,2026-09-29T20:02:51Z,2026-10-01T02:00:00Z,Totals (Aces),8,"{'hdp': 24.5, 'over': '4.50'}"
75094656,2026-10-01,ATP,Tokyo,Bet365,Luciano Darderi,Casper Ruud,match_aces,29.5,10.0000,,2026-09-29T20:02:51Z,2026-10-01T02:00:00Z,Totals (Aces),8,"{'hdp': 29.5, 'over': '10.00'}"
75094656,2026-10-01,ATP,Tokyo,Bet365,Luciano Darderi,Casper Ruud,match_aces,39.5,26.0000,,2026-09-29T20:02:51Z,2026-10-01T02:00:00Z,Totals (Aces),8,"{'hdp': 39.5, 'over': '26.00'}"
75094656,2026-10-01,ATP,Tokyo,Bet365,Casper Ruud,Luciano Darderi,aces,2.5,1.0300,,2026-09-29T20:02:51Z,2026-10-01T02:00:00Z,Team Total (Aces) Away,7,"{'hdp': 2.5, 'over': '1.03'}"
75094656,2026-10-01,ATP,Tokyo,Bet365,Casper Ruud,Luciano Darderi,aces,4.5,1.1600,,2026-09-29T20:02:51Z,2026-10-01T02:00:00Z,Team Total (Aces) Away,7,"{'hdp': 4.5, 'over': '1.16'}"
75094656,2026-10-01,ATP,Tokyo,Bet365,Casper Ruud,Luciano Darderi,aces,9.5,2.2000,,2026-09-29T20:02:51Z,2026-10-01T02:00:00Z,Team Total (Aces) Away,7,"{'hdp': 9.5, 'over': '2.20'}"
75094656,2026-10-01,ATP,Tokyo,Bet365,Casper Ruud,Luciano Darderi,aces,14.5,6.0000,,2026-09-29T20:02:51Z,2026-10-01T02:00:00Z,Team Total (Aces) Away,7,"{'hdp': 14.5, 'over': '6.00'}"
75094656,2026-10-01,ATP,Tokyo,Bet365,Casper Ruud,Luciano Darderi,aces,19.5,17.0000,,2026-09-29T20:02:51Z,2026-10-01T02:00:00Z,Team Total (Aces) Away,7,"{'hdp': 19.5, 'over': '17.00'}"
75094656,2026-10-01,ATP,Tokyo,Bet365,Casper Ruud,Luciano Darderi,aces,24.5,26.0000,,2026-09-29T20:02:51Z,2026-10-01T02:00:00Z,Team Total (Aces) Away,7,"{'hdp': 24.5, 'over': '26.00'}"
75094656,2026-10-01,ATP,Tokyo,Bet365,Luciano Darderi,Casper Ruud,match_double_faults,1.5,1.0100,,2026-09-29T20:02:51Z,2026-10-01T02:00:00Z,Totals (Double Faults),8,"{'hdp': 1.5, 'over': '1.01'}"
75094656,2026-10-01,ATP,Tokyo,Bet365,Luciano Darderi,Casper Ruud,match_double_faults,2.5,1.0500,,2026-09-29T20:02:51Z,2026-10-01T02:00:00Z,Totals (Double Faults),8,"{'hdp': 2.5, 'over': '1.05'}"
75094656,2026-10-01,ATP,Tokyo,Bet365,Luciano Darderi,Casper Ruud,match_double_faults,4.5,1.3300,,2026-09-29T20:02:51Z,2026-10-01T02:00:00Z,Totals (Double Faults),8,"{'hdp': 4.5, 'over': '1.33'}"
75094656,2026-10-01,ATP,Tokyo,Bet365,Luciano Darderi,Casper Ruud,match_double_faults,7.5,2.7500,,2026-09-29T20:02:51Z,2026-10-01T02:00:00Z,Totals (Double Faults),8,"{'hdp': 7.5, 'over': '2.75'}"
75094656,2026-10-01,ATP,Tokyo,Bet365,Luciano Darderi,Casper Ruud,match_double_faults,9.5,6.0000,,2026-09-29T20:02:51Z,2026-10-01T02:00:00Z,Totals (Double Faults),8,"{'hdp': 9.5, 'over': '6.00'}"
75094656,2026-10-01,ATP,Tokyo,Bet365,Luciano Darderi,Casper Ruud,match_double_faults,11.5,13.0000,,2026-09-29T20:02:51Z,2026-10-01T02:00:00Z,Totals (Double Faults),8,"{'hdp': 11.5, 'over': '13.00'}"
75094656,2026-10-01,ATP,Tokyo,Bet365,Luciano Darderi,Casper Ruud,match_double_faults,14.5,26.0000,,2026-09-29T20:02:51Z,2026-10-01T02:00:00Z,Totals (Double Faults),8,"{'hdp': 14.5, 'over': '26.00'}"
75094660,2026-10-01,ATP,Tokyo,Bet365,Lorenzo Musetti,Arthur Fery,match_double_faults,1.5,1.0600,,2026-09-29T20:02:51Z,2026-10-01T02:00:00Z,Totals (Double Faults),7,"{'hdp': 1.5, 'over': '1.06'}"
75094660,2026-10-01,ATP,Tokyo,Bet365,Lorenzo Musetti,Arthur Fery,match_double_faults,2.5,1.2000,,2026-09-29T20:02:51Z,2026-10-01T02:00:00Z,Totals (Double Faults),7,"{'hdp': 2.5, 'over': '1.20'}"
75094660,2026-10-01,ATP,Tokyo,Bet365,Lorenzo Musetti,Arthur Fery,match_double_faults,4.5,1.9000,,2026-09-29T20:02:51Z,2026-10-01T02:00:00Z,Totals (Double Faults),7,"{'hdp': 4.5, 'over': '1.90'}"
75094660,2026-10-01,ATP,Tokyo,Bet365,Lorenzo Musetti,Arthur Fery,match_double_faults,7.5,6.5000,,2026-09-29T20:02:51Z,2026-10-01T02:00:00Z,Totals (Double Faults),7,"{'hdp': 7.5, 'over': '6.50'}"
75094660,2026-10-01,ATP,Tokyo,Bet365,Lorenzo Musetti,Arthur Fery,match_double_faults,9.5,17.0000,,2026-09-29T20:02:51Z,2026-10-01T02:00:00Z,Totals (Double Faults),7,"{'hdp': 9.5, 'over': '17.00'}"
75094660,2026-10-01,ATP,Tokyo,Bet365,Lorenzo Musetti,Arthur Fery,match_double_faults,11.5,26.0000,,2026-09-29T20:02:51Z,2026-10-01T02:00:00Z,Totals (Double Faults),7,"{'hdp': 11.5, 'over': '26.00'}"
75094660,2026-10-01,ATP,Tokyo,Bet365,Arthur Fery,Lorenzo Musetti,aces,0.5,1.0200,,2026-09-29T20:02:51Z,2026-10-01T02:00:00Z,Team Total (Aces) Away,5,"{'hdp': 0.5, 'over': '1.02'}"
75094660,2026-10-01,ATP,Tokyo,Bet365,Arthur Fery,Lorenzo Musetti,aces,2.5,1.3300,,2026-09-29T20:02:51Z,2026-10-01T02:00:00Z,Team Total (Aces) Away,5,"{'hdp': 2.5, 'over': '1.33'}"
75094660,2026-10-01,ATP,Tokyo,Bet365,Arthur Fery,Lorenzo Musetti,aces,4.5,2.1000,,2026-09-29T20:02:51Z,2026-10-01T02:00:00Z,Team Total (Aces) Away,5,"{'hdp': 4.5, 'over': '2.10'}"
75094660,2026-10-01,ATP,Tokyo,Bet365,Arthur Fery,Lorenzo Musetti,aces,9.5,13.0000,,2026-09-29T20:02:51Z,2026-10-01T02:00:00Z,Team Total (Aces) Away,5,"{'hdp': 9.5, 'over': '13.00'}"
75094660,2026-10-01,ATP,Tokyo,Bet365,Arthur Fery,Lorenzo Musetti,aces,14.5,26.0000,,2026-09-29T20:02:51Z,2026-10-01T02:00:00Z,Team Total (Aces) Away,5,"{'hdp': 14.5, 'over': '26.00'}"
75094660,2026-10-01,ATP,Tokyo,Bet365,Lorenzo Musetti,Arthur Fery,aces,0.5,1.0100,,2026-09-29T20:02:51Z,2026-10-01T02:00:00Z,Team Total (Aces) Home,5,"{'hdp': 0.5, 'over': '1.01'}"
75094660,2026-10-01,ATP,Tokyo,Bet365,Lorenzo Musetti,Arthur Fery,aces,2.5,1.2000,,2026-09-29T20:02:51Z,2026-10-01T02:00:00Z,Team Total (Aces) Home,5,"{'hdp': 2.5, 'over': '1.20'}"
75094660,2026-10-01,ATP,Tokyo,Bet365,Lorenzo Musetti,Arthur Fery,aces,4.5,1.8000,,2026-09-29T20:02:51Z,2026-10-01T02:00:00Z,Team Total (Aces) Home,5,"{'hdp': 4.5, 'over': '1.80'}"
75094660,2026-10-01,ATP,Tokyo,Bet365,Lorenzo Musetti,Arthur Fery,aces,9.5,9.0000,,2026-09-29T20:02:51Z,2026-10-01T02:00:00Z,Team Total (Aces) Home,5,"{'hdp': 9.5, 'over': '9.00'}"
75094660,2026-10-01,ATP,Tokyo,Bet365,Lorenzo Musetti,Arthur Fery,aces,14.5,26.0000,,2026-09-29T20:02:51Z,2026-10-01T02:00:00Z,Team Total (Aces) Home,5,"{'hdp': 14.5, 'over': '26.00'}"
75094660,2026-10-01,ATP,Tokyo,Bet365,Arthur Fery,Lorenzo Musetti,double_faults,0.5,1.2500,,2026-09-29T20:02:51Z,2026-10-01T02:00:00Z,Team Total (Double Faults) Away,4,"{'hdp': 0.5, 'over': '1.25'}"
75094660,2026-10-01,ATP,Tokyo,Bet365,Arthur Fery,Lorenzo Musetti,double_faults,1.5,2.1000,,2026-09-29T20:02:51Z,2026-10-01T02:00:00Z,Team Total (Double Faults) Away,4,"{'hdp': 1.5, 'over': '2.10'}"
75094660,2026-10-01,ATP,Tokyo,Bet365,Arthur Fery,Lorenzo Musetti,double_faults,2.5,4.5000,,2026-09-29T20:02:51Z,2026-10-01T02:00:00Z,Team Total (Double Faults) Away,4,"{'hdp': 2.5, 'over': '4.50'}"
75094660,2026-10-01,ATP,Tokyo,Bet365,Arthur Fery,Lorenzo Musetti,double_faults,4.5,26.0000,,2026-09-29T20:02:51Z,2026-10-01T02:00:00Z,Team Total (Double Faults) Away,4,"{'hdp': 4.5, 'over': '26.00'}"
75094660,2026-10-01,ATP,Tokyo,Bet365,Lorenzo Musetti,Arthur Fery,match_aces,2.5,1.0200,,2026-09-29T20:02:51Z,2026-10-01T02:00:00Z,Totals (Aces),7,"{'hdp': 2.5, 'over': '1.02'}"
75094660,2026-10-01,ATP,Tokyo,Bet365,Lorenzo Musetti,Arthur Fery,match_aces,4.5,1.1200,,2026-09-29T20:02:51Z,2026-10-01T02:00:00Z,Totals (Aces),7,"{'hdp': 4.5, 'over': '1.12'}"
75094660,2026-10-01,ATP,Tokyo,Bet365,Lorenzo Musetti,Arthur Fery,match_aces,9.5,2.0000,,2026-09-29T20:02:51Z,2026-10-01T02:00:00Z,Totals (Aces),7,"{'hdp': 9.5, 'over': '2.00'}"
75094660,2026-10-01,ATP,Tokyo,Bet365,Lorenzo Musetti,Arthur Fery,match_aces,14.5,5.5000,,2026-09-29T20:02:51Z,2026-10-01T02:00:00Z,Totals (Aces),7,"{'hdp': 14.5, 'over': '5.50'}"
75094660,2026-10-01,ATP,Tokyo,Bet365,Lorenzo Musetti,Arthur Fery,match_aces,19.5,17.0000,,2026-09-29T20:02:51Z,2026-10-01T02:00:00Z,Totals (Aces),7,"{'hdp': 19.5, 'over': '17.00'}"
75094660,2026-10-01,ATP,Tokyo,Bet365,Lorenzo Musetti,Arthur Fery,match_aces,24.5,26.0000,,2026-09-29T20:02:51Z,2026-10-01T02:00:00Z,Totals (Aces),7,"{'hdp': 24.5, 'over': '26.00'}"
75094660,2026-10-01,ATP,Tokyo,Bet365,Lorenzo Musetti,Arthur Fery,double_faults,0.5,1.0500,,2026-09-29T20:02:51Z,2026-10-01T02:00:00Z,Team Total (Double Faults) Home,6,"{'hdp': 0.5, 'over': '1.05'}"
75094660,2026-10-01,ATP,Tokyo,Bet365,Lorenzo Musetti,Arthur Fery,double_faults,1.5,1.2500,,2026-09-29T20:02:51Z,2026-10-01T02:00:00Z,Team Total (Double Faults) Home,6,"{'hdp': 1.5, 'over': '1.25'}"
75094660,2026-10-01,ATP,Tokyo,Bet365,Lorenzo Musetti,Arthur Fery,double_faults,2.5,1.6600,,2026-09-29T20:02:51Z,2026-10-01T02:00:00Z,Team Total (Double Faults) Home,6,"{'hdp': 2.5, 'over': '1.66'}"
75094660,2026-10-01,ATP,Tokyo,Bet365,Lorenzo Musetti,Arthur Fery,double_faults,4.5,3.7500,,2026-09-29T20:02:51Z,2026-10-01T02:00:00Z,Team Total (Double Faults) Home,6,"{'hdp': 4.5, 'over': '3.75'}"
75094660,2026-10-01,ATP,Tokyo,Bet365,Lorenzo Musetti,Arthur Fery,double_faults,7.5,19.0000,,2026-09-29T20:02:51Z,2026-10-01T02:00:00Z,Team Total (Double Faults) Home,6,"{'hdp': 7.5, 'over': '19.00'}"
75094660,2026-10-01,ATP,Tokyo,Bet365,Lorenzo Musetti,Arthur Fery,double_faults,9.5,26.0000,,2026-09-29T20:02:51Z,2026-10-01T02:00:00Z,Team Total (Double Faults) Home,6,"{'hdp': 9.5, 'over': '26.00'}"
75104912,2026-10-01,WTA,Beijing,Bet365,Yuliia Starodubtseva,Alina Charaeva,match_aces,2.5,1.0800,,2026-09-29T20:02:51Z,2026-10-01T02:00:00Z,Totals (Aces),6,"{'hdp': 2.5, 'over': '1.08'}"
75104912,2026-10-01,WTA,Beijing,Bet365,Yuliia Starodubtseva,Alina Charaeva,match_aces,4.5,1.3600,,2026-09-29T20:02:51Z,2026-10-01T02:00:00Z,Totals (Aces),6,"{'hdp': 4.5, 'over': '1.36'}"
75104912,2026-10-01,WTA,Beijing,Bet365,Yuliia Starodubtseva,Alina Charaeva,match_aces,9.5,4.0000,,2026-09-29T20:02:51Z,2026-10-01T02:00:00Z,Totals (Aces),6,"{'hdp': 9.5, 'over': '4.00'}"
75104912,2026-10-01,WTA,Beijing,Bet365,Yuliia Starodubtseva,Alina Charaeva,match_aces,14.5,17.0000,,2026-09-29T20:02:51Z,2026-10-01T02:00:00Z,Totals (Aces),6,"{'hdp': 14.5, 'over': '17.00'}"
75104912,2026-10-01,WTA,Beijing,Bet365,Yuliia Starodubtseva,Alina Charaeva,match_aces,19.5,26.0000,,2026-09-29T20:02:51Z,2026-10-01T02:00:00Z,Totals (Aces),6,"{'hdp': 19.5, 'over': '26.00'}"
75104912,2026-10-01,WTA,Beijing,Bet365,Alina Charaeva,Yuliia Starodubtseva,double_faults,1.5,1.0200,,2026-09-29T20:02:51Z,2026-10-01T02:00:00Z,Team Total (Double Faults) Away,8,"{'hdp': 1.5, 'over': '1.02'}"
75104912,2026-10-01,WTA,Beijing,Bet365,Alina Charaeva,Yuliia Starodubtseva,double_faults,2.5,1.0800,,2026-09-29T20:02:51Z,2026-10-01T02:00:00Z,Team Total (Double Faults) Away,8,"{'hdp': 2.5, 'over': '1.08'}"
75104912,2026-10-01,WTA,Beijing,Bet365,Alina Charaeva,Yuliia Starodubtseva,double_faults,4.5,1.4400,,2026-09-29T20:02:51Z,2026-10-01T02:00:00Z,Team Total (Double Faults) Away,8,"{'hdp': 4.5, 'over': '1.44'}"
75104912,2026-10-01,WTA,Beijing,Bet365,Alina Charaeva,Yuliia Starodubtseva,double_faults,7.5,3.4000,,2026-09-29T20:02:51Z,2026-10-01T02:00:00Z,Team Total (Double Faults) Away,8,"{'hdp': 7.5, 'over': '3.40'}"
75104912,2026-10-01,WTA,Beijing,Bet365,Alina Charaeva,Yuliia Starodubtseva,double_faults,9.5,7.0000,,2026-09-29T20:02:51Z,2026-10-01T02:00:00Z,Team Total (Double Faults) Away,8,"{'hdp': 9.5, 'over': '7.00'}"
75104912,2026-10-01,WTA,Beijing,Bet365,Alina Charaeva,Yuliia Starodubtseva,double_faults,11.5,15.0000,,2026-09-29T20:02:51Z,2026-10-01T02:00:00Z,Team Total (Double Faults) Away,8,"{'hdp': 11.5, 'over': '15.00'}"
75104912,2026-10-01,WTA,Beijing,Bet365,Alina Charaeva,Yuliia Starodubtseva,double_faults,14.5,26.0000,,2026-09-29T20:02:51Z,2026-10-01T02:00:00Z,Team Total (Double Faults) Away,8,"{'hdp': 14.5, 'over': '26.00'}"
75104912,2026-10-01,WTA,Beijing,Bet365,Alina Charaeva,Yuliia Starodubtseva,aces,0.5,1.0300,,2026-09-29T20:02:51Z,2026-10-01T02:00:00Z,Team Total (Aces) Away,5,"{'hdp': 0.5, 'over': '1.03'}"
75104912,2026-10-01,WTA,Beijing,Bet365,Alina Charaeva,Yuliia Starodubtseva,aces,2.5,1.3300,,2026-09-29T20:02:51Z,2026-10-01T02:00:00Z,Team Total (Aces) Away,5,"{'hdp': 2.5, 'over': '1.33'}"
75104912,2026-10-01,WTA,Beijing,Bet365,Alina Charaeva,Yuliia Starodubtseva,aces,4.5,2.2000,,2026-09-29T20:02:51Z,2026-10-01T02:00:00Z,Team Total (Aces) Away,5,"{'hdp': 4.5, 'over': '2.20'}"
75104912,2026-10-01,WTA,Beijing,Bet365,Alina Charaeva,Yuliia Starodubtseva,aces,9.5,13.0000,,2026-09-29T20:02:51Z,2026-10-01T02:00:00Z,Team Total (Aces) Away,5,"{'hdp': 9.5, 'over': '13.00'}"
75104912,2026-10-01,WTA,Beijing,Bet365,Alina Charaeva,Yuliia Starodubtseva,aces,14.5,26.0000,,2026-09-29T20:02:51Z,2026-10-01T02:00:00Z,Team Total (Aces) Away,5,"{'hdp': 14.5, 'over': '26.00'}"
75104912,2026-10-01,WTA,Beijing,Bet365,Yuliia Starodubtseva,Alina Charaeva,aces,0.5,1.1000,,2026-09-29T20:02:51Z,2026-10-01T02:00:00Z,Team Total (Aces) Home,4,"{'hdp': 0.5, 'over': '1.10'}"
75104912,2026-10-01,WTA,Beijing,Bet365,Yuliia Starodubtseva,Alina Charaeva,aces,2.5,2.1000,,2026-09-29T20:02:51Z,2026-10-01T02:00:00Z,Team Total (Aces) Home,4,"{'hdp': 2.5, 'over': '2.10'}"
75104912,2026-10-01,WTA,Beijing,Bet365,Yuliia Starodubtseva,Alina Charaeva,aces,4.5,6.0000,,2026-09-29T20:02:51Z,2026-10-01T02:00:00Z,Team Total (Aces) Home,4,"{'hdp': 4.5, 'over': '6.00'}"
75104912,2026-10-01,WTA,Beijing,Bet365,Yuliia Starodubtseva,Alina Charaeva,aces,9.5,26.0000,,2026-09-29T20:02:51Z,2026-10-01T02:00:00Z,Team Total (Aces) Home,4,"{'hdp': 9.5, 'over': '26.00'}"
75104912,2026-10-01,WTA,Beijing,Bet365,Yuliia Starodubtseva,Alina Charaeva,double_faults,0.5,1.1000,,2026-09-29T20:02:51Z,2026-10-01T02:00:00Z,Team Total (Double Faults) Home,5,"{'hdp': 0.5, 'over': '1.10'}"
75104912,2026-10-01,WTA,Beijing,Bet365,Yuliia Starodubtseva,Alina Charaeva,double_faults,1.5,1.4400,,2026-09-29T20:02:51Z,2026-10-01T02:00:00Z,Team Total (Double Faults) Home,5,"{'hdp': 1.5, 'over': '1.44'}"
75104912,2026-10-01,WTA,Beijing,Bet365,Yuliia Starodubtseva,Alina Charaeva,double_faults,2.5,2.1000,,2026-09-29T20:02:51Z,2026-10-01T02:00:00Z,Team Total (Double Faults) Home,5,"{'hdp': 2.5, 'over': '2.10'}"
75104912,2026-10-01,WTA,Beijing,Bet365,Yuliia Starodubtseva,Alina Charaeva,double_faults,4.5,6.5000,,2026-09-29T20:02:51Z,2026-10-01T02:00:00Z,Team Total (Double Faults) Home,5,"{'hdp': 4.5, 'over': '6.50'}"
75104912,2026-10-01,WTA,Beijing,Bet365,Yuliia Starodubtseva,Alina Charaeva,double_faults,7.5,26.0000,,2026-09-29T20:02:51Z,2026-10-01T02:00:00Z,Team Total (Double Faults) Home,5,"{'hdp': 7.5, 'over': '26.00'}"
75104912,2026-10-01,WTA,Beijing,Bet365,Yuliia Starodubtseva,Alina Charaeva,match_double_faults,2.5,1.0100,,2026-09-29T20:02:51Z,2026-10-01T02:00:00Z,Totals (Double Faults),9,"{'hdp': 2.5, 'over': '1.01'}"
75104912,2026-10-01,WTA,Beijing,Bet365,Yuliia Starodubtseva,Alina Charaeva,match_double_faults,4.5,1.1100,,2026-09-29T20:02:51Z,2026-10-01T02:00:00Z,Totals (Double Faults),9,"{'hdp': 4.5, 'over': '1.11'}"
75104912,2026-10-01,WTA,Beijing,Bet365,Yuliia Starodubtseva,Alina Charaeva,match_double_faults,7.5,1.6600,,2026-09-29T20:02:51Z,2026-10-01T02:00:00Z,Totals (Double Faults),9,"{'hdp': 7.5, 'over': '1.66'}"
75104912,2026-10-01,WTA,Beijing,Bet365,Yuliia Starodubtseva,Alina Charaeva,match_double_faults,9.5,2.6200,,2026-09-29T20:02:51Z,2026-10-01T02:00:00Z,Totals (Double Faults),9,"{'hdp': 9.5, 'over': '2.62'}"
75104912,2026-10-01,WTA,Beijing,Bet365,Yuliia Starodubtseva,Alina Charaeva,match_double_faults,11.5,4.5000,,2026-09-29T20:02:51Z,2026-10-01T02:00:00Z,Totals (Double Faults),9,"{'hdp': 11.5, 'over': '4.50'}"
75104912,2026-10-01,WTA,Beijing,Bet365,Yuliia Starodubtseva,Alina Charaeva,match_double_faults,14.5,13.0000,,2026-09-29T20:02:51Z,2026-10-01T02:00:00Z,Totals (Double Faults),9,"{'hdp': 14.5, 'over': '13.00'}"
75104912,2026-10-01,WTA,Beijing,Bet365,Yuliia Starodubtseva,Alina Charaeva,match_double_faults,19.5,26.0000,,2026-09-29T20:02:51Z,2026-10-01T02:00:00Z,Totals (Double Faults),9,"{'hdp': 19.5, 'over': '26.00'}"
75135968,2026-10-01,ATP,Tokyo,Bet365,Rafael Jodar,Adolfo Daniel Vallejo,double_faults,0.5,1.3600,,2026-09-29T20:02:51Z,2026-10-01T02:00:00Z,Team Total (Double Faults) Away,4,"{'hdp': 0.5, 'over': '1.36'}"
75135968,2026-10-01,ATP,Tokyo,Bet365,Rafael Jodar,Adolfo Daniel Vallejo,double_faults,1.5,2.5000,,2026-09-29T20:02:51Z,2026-10-01T02:00:00Z,Team Total (Double Faults) Away,4,"{'hdp': 1.5, 'over': '2.50'}"
75135968,2026-10-01,ATP,Tokyo,Bet365,Rafael Jodar,Adolfo Daniel Vallejo,double_faults,2.5,5.0000,,2026-09-29T20:02:51Z,2026-10-01T02:00:00Z,Team Total (Double Faults) Away,4,"{'hdp': 2.5, 'over': '5.00'}"
75135968,2026-10-01,ATP,Tokyo,Bet365,Rafael Jodar,Adolfo Daniel Vallejo,double_faults,4.5,23.0000,,2026-09-29T20:02:51Z,2026-10-01T02:00:00Z,Team Total (Double Faults) Away,4,"{'hdp': 4.5, 'over': '23.00'}"
75135968,2026-10-01,ATP,Tokyo,Bet365,Adolfo Daniel Vallejo,Rafael Jodar,double_faults,0.5,1.0800,,2026-09-29T20:02:51Z,2026-10-01T02:00:00Z,Team Total (Double Faults) Home,5,"{'hdp': 0.5, 'over': '1.08'}"
75135968,2026-10-01,ATP,Tokyo,Bet365,Adolfo Daniel Vallejo,Rafael Jodar,double_faults,1.5,1.4000,,2026-09-29T20:02:51Z,2026-10-01T02:00:00Z,Team Total (Double Faults) Home,5,"{'hdp': 1.5, 'over': '1.40'}"
75135968,2026-10-01,ATP,Tokyo,Bet365,Adolfo Daniel Vallejo,Rafael Jodar,double_faults,2.5,2.2000,,2026-09-29T20:02:51Z,2026-10-01T02:00:00Z,Team Total (Double Faults) Home,5,"{'hdp': 2.5, 'over': '2.20'}"
75135968,2026-10-01,ATP,Tokyo,Bet365,Adolfo Daniel Vallejo,Rafael Jodar,double_faults,4.5,8.0000,,2026-09-29T20:02:51Z,2026-10-01T02:00:00Z,Team Total (Double Faults) Home,5,"{'hdp': 4.5, 'over': '8.00'}"
75135968,2026-10-01,ATP,Tokyo,Bet365,Adolfo Daniel Vallejo,Rafael Jodar,double_faults,7.5,26.0000,,2026-09-29T20:02:51Z,2026-10-01T02:00:00Z,Team Total (Double Faults) Home,5,"{'hdp': 7.5, 'over': '26.00'}"
75135968,2026-10-01,ATP,Tokyo,Bet365,Adolfo Daniel Vallejo,Rafael Jodar,match_double_faults,0.5,1.0200,,2026-09-29T20:02:51Z,2026-10-01T02:00:00Z,Totals (Double Faults),6,"{'hdp': 0.5, 'over': '1.02'}"
75135968,2026-10-01,ATP,Tokyo,Bet365,Adolfo Daniel Vallejo,Rafael Jodar,match_double_faults,1.5,1.1200,,2026-09-29T20:02:51Z,2026-10-01T02:00:00Z,Totals (Double Faults),6,"{'hdp': 1.5, 'over': '1.12'}"
75135968,2026-10-01,ATP,Tokyo,Bet365,Adolfo Daniel Vallejo,Rafael Jodar,match_double_faults,2.5,1.3600,,2026-09-29T20:02:51Z,2026-10-01T02:00:00Z,Totals (Double Faults),6,"{'hdp': 2.5, 'over': '1.36'}"
75135968,2026-10-01,ATP,Tokyo,Bet365,Adolfo Daniel Vallejo,Rafael Jodar,match_double_faults,4.5,2.7500,,2026-09-29T20:02:51Z,2026-10-01T02:00:00Z,Totals (Double Faults),6,"{'hdp': 4.5, 'over': '2.75'}"
75135968,2026-10-01,ATP,Tokyo,Bet365,Adolfo Daniel Vallejo,Rafael Jodar,match_double_faults,7.5,13.0000,,2026-09-29T20:02:51Z,2026-10-01T02:00:00Z,Totals (Double Faults),6,"{'hdp': 7.5, 'over': '13.00'}"
75135968,2026-10-01,ATP,Tokyo,Bet365,Adolfo Daniel Vallejo,Rafael Jodar,match_double_faults,9.5,26.0000,,2026-09-29T20:02:51Z,2026-10-01T02:00:00Z,Totals (Double Faults),6,"{'hdp': 9.5, 'over': '26.00'}"
75135970,2026-10-01,ATP,Tokyo,Bet365,Jaume Munar,Taylor Fritz,aces,2.5,1.0700,,2026-09-29T20:02:51Z,2026-10-01T02:00:00Z,Team Total (Aces) Away,7,"{'hdp': 2.5, 'over': '1.07'}"
75135970,2026-10-01,ATP,Tokyo,Bet365,Jaume Munar,Taylor Fritz,aces,4.5,1.2800,,2026-09-29T20:02:51Z,2026-10-01T02:00:00Z,Team Total (Aces) Away,7,"{'hdp': 4.5, 'over': '1.28'}"
75135970,2026-10-01,ATP,Tokyo,Bet365,Jaume Munar,Taylor Fritz,aces,9.5,2.6200,,2026-09-29T20:02:51Z,2026-10-01T02:00:00Z,Team Total (Aces) Away,7,"{'hdp': 9.5, 'over': '2.62'}"
75135970,2026-10-01,ATP,Tokyo,Bet365,Jaume Munar,Taylor Fritz,aces,14.5,7.0000,,2026-09-29T20:02:51Z,2026-10-01T02:00:00Z,Team Total (Aces) Away,7,"{'hdp': 14.5, 'over': '7.00'}"
75135970,2026-10-01,ATP,Tokyo,Bet365,Jaume Munar,Taylor Fritz,aces,19.5,19.0000,,2026-09-29T20:02:51Z,2026-10-01T02:00:00Z,Team Total (Aces) Away,7,"{'hdp': 19.5, 'over': '19.00'}"
75135970,2026-10-01,ATP,Tokyo,Bet365,Jaume Munar,Taylor Fritz,aces,24.5,26.0000,,2026-09-29T20:02:51Z,2026-10-01T02:00:00Z,Team Total (Aces) Away,7,"{'hdp': 24.5, 'over': '26.00'}"
75135970,2026-10-01,ATP,Tokyo,Bet365,Taylor Fritz,Jaume Munar,aces,2.5,1.0100,,2026-09-29T20:02:51Z,2026-10-01T02:00:00Z,Team Total (Aces) Home,8,"{'hdp': 2.5, 'over': '1.01'}"
75135970,2026-10-01,ATP,Tokyo,Bet365,Taylor Fritz,Jaume Munar,aces,4.5,1.0500,,2026-09-29T20:02:51Z,2026-10-01T02:00:00Z,Team Total (Aces) Home,8,"{'hdp': 4.5, 'over': '1.05'}"
75135970,2026-10-01,ATP,Tokyo,Bet365,Taylor Fritz,Jaume Munar,aces,9.5,1.4400,,2026-09-29T20:02:51Z,2026-10-01T02:00:00Z,Team Total (Aces) Home,8,"{'hdp': 9.5, 'over': '1.44'}"
75135970,2026-10-01,ATP,Tokyo,Bet365,Taylor Fritz,Jaume Munar,aces,14.5,2.6200,,2026-09-29T20:02:51Z,2026-10-01T02:00:00Z,Team Total (Aces) Home,8,"{'hdp': 14.5, 'over': '2.62'}"
75135970,2026-10-01,ATP,Tokyo,Bet365,Taylor Fritz,Jaume Munar,aces,19.5,5.5000,,2026-09-29T20:02:51Z,2026-10-01T02:00:00Z,Team Total (Aces) Home,8,"{'hdp': 19.5, 'over': '5.50'}"
75135970,2026-10-01,ATP,Tokyo,Bet365,Taylor Fritz,Jaume Munar,aces,24.5,13.0000,,2026-09-29T20:02:51Z,2026-10-01T02:00:00Z,Team Total (Aces) Home,8,"{'hdp': 24.5, 'over': '13.00'}"
75135970,2026-10-01,ATP,Tokyo,Bet365,Taylor Fritz,Jaume Munar,aces,29.5,26.0000,,2026-09-29T20:02:51Z,2026-10-01T02:00:00Z,Team Total (Aces) Home,8,"{'hdp': 29.5, 'over': '26.00'}"
75135970,2026-10-01,ATP,Tokyo,Bet365,Taylor Fritz,Jaume Munar,match_double_faults,0.5,1.0100,,2026-09-29T20:02:51Z,2026-10-01T02:00:00Z,Totals (Double Faults),6,"{'hdp': 0.5, 'over': '1.01'}"
75135970,2026-10-01,ATP,Tokyo,Bet365,Taylor Fritz,Jaume Munar,match_double_faults,1.5,1.1100,,2026-09-29T20:02:51Z,2026-10-01T02:00:00Z,Totals (Double Faults),6,"{'hdp': 1.5, 'over': '1.11'}"
75135970,2026-10-01,ATP,Tokyo,Bet365,Taylor Fritz,Jaume Munar,match_double_faults,2.5,1.3600,,2026-09-29T20:02:51Z,2026-10-01T02:00:00Z,Totals (Double Faults),6,"{'hdp': 2.5, 'over': '1.36'}"
75135970,2026-10-01,ATP,Tokyo,Bet365,Taylor Fritz,Jaume Munar,match_double_faults,4.5,2.6200,,2026-09-29T20:02:51Z,2026-10-01T02:00:00Z,Totals (Double Faults),6,"{'hdp': 4.5, 'over': '2.62'}"
75135970,2026-10-01,ATP,Tokyo,Bet365,Taylor Fritz,Jaume Munar,match_double_faults,7.5,13.0000,,2026-09-29T20:02:51Z,2026-10-01T02:00:00Z,Totals (Double Faults),6,"{'hdp': 7.5, 'over': '13.00'}"
75135970,2026-10-01,ATP,Tokyo,Bet365,Taylor Fritz,Jaume Munar,match_double_faults,9.5,26.0000,,2026-09-29T20:02:51Z,2026-10-01T02:00:00Z,Totals (Double Faults),6,"{'hdp': 9.5, 'over': '26.00'}"
75135970,2026-10-01,ATP,Tokyo,Bet365,Taylor Fritz,Jaume Munar,match_aces,9.5,1.0600,,2026-09-29T20:02:51Z,2026-10-01T02:00:00Z,Totals (Aces),9,"{'hdp': 9.5, 'over': '1.06'}"
75135970,2026-10-01,ATP,Tokyo,Bet365,Taylor Fritz,Jaume Munar,match_aces,14.5,1.2800,,2026-09-29T20:02:51Z,2026-10-01T02:00:00Z,Totals (Aces),9,"{'hdp': 14.5, 'over': '1.28'}"
75135970,2026-10-01,ATP,Tokyo,Bet365,Taylor Fritz,Jaume Munar,match_aces,19.5,1.8000,,2026-09-29T20:02:51Z,2026-10-01T02:00:00Z,Totals (Aces),9,"{'hdp': 19.5, 'over': '1.80'}"
75135970,2026-10-01,ATP,Tokyo,Bet365,Taylor Fritz,Jaume Munar,match_aces,24.5,2.7500,,2026-09-29T20:02:51Z,2026-10-01T02:00:00Z,Totals (Aces),9,"{'hdp': 24.5, 'over': '2.75'}"
75135970,2026-10-01,ATP,Tokyo,Bet365,Taylor Fritz,Jaume Munar,match_aces,29.5,5.0000,,2026-09-29T20:02:51Z,2026-10-01T02:00:00Z,Totals (Aces),9,"{'hdp': 29.5, 'over': '5.00'}"
75135970,2026-10-01,ATP,Tokyo,Bet365,Taylor Fritz,Jaume Munar,match_aces,39.5,17.0000,,2026-09-29T20:02:51Z,2026-10-01T02:00:00Z,Totals (Aces),9,"{'hdp': 39.5, 'over': '17.00'}"
75135970,2026-10-01,ATP,Tokyo,Bet365,Taylor Fritz,Jaume Munar,match_aces,49.5,26.0000,,2026-09-29T20:02:51Z,2026-10-01T02:00:00Z,Totals (Aces),9,"{'hdp': 49.5, 'over': '26.00'}"
75135970,2026-10-01,ATP,Tokyo,Bet365,Jaume Munar,Taylor Fritz,double_faults,0.5,1.1100,,2026-09-29T20:02:51Z,2026-10-01T02:00:00Z,Team Total (Double Faults) Away,5,"{'hdp': 0.5, 'over': '1.11'}"
75135970,2026-10-01,ATP,Tokyo,Bet365,Jaume Munar,Taylor Fritz,double_faults,1.5,1.5000,,2026-09-29T20:02:51Z,2026-10-01T02:00:00Z,Team Total (Double Faults) Away,5,"{'hdp': 1.5, 'over': '1.50'}"
75135970,2026-10-01,ATP,Tokyo,Bet365,Jaume Munar,Taylor Fritz,double_faults,2.5,2.5000,,2026-09-29T20:02:51Z,2026-10-01T02:00:00Z,Team Total (Double Faults) Away,5,"{'hdp': 2.5, 'over': '2.50'}"
75135970,2026-10-01,ATP,Tokyo,Bet365,Jaume Munar,Taylor Fritz,double_faults,4.5,10.0000,,2026-09-29T20:02:51Z,2026-10-01T02:00:00Z,Team Total (Double Faults) Away,5,"{'hdp': 4.5, 'over': '10.00'}"
75135970,2026-10-01,ATP,Tokyo,Bet365,Jaume Munar,Taylor Fritz,double_faults,7.5,26.0000,,2026-09-29T20:02:51Z,2026-10-01T02:00:00Z,Team Total (Double Faults) Away,5,"{'hdp': 7.5, 'over': '26.00'}"
75135970,2026-10-01,ATP,Tokyo,Bet365,Taylor Fritz,Jaume Munar,double_faults,0.5,1.2500,,2026-09-29T20:02:51Z,2026-10-01T02:00:00Z,Team Total (Double Faults) Home,5,"{'hdp': 0.5, 'over': '1.25'}"
75135970,2026-10-01,ATP,Tokyo,Bet365,Taylor Fritz,Jaume Munar,double_faults,1.5,2.0000,,2026-09-29T20:02:51Z,2026-10-01T02:00:00Z,Team Total (Double Faults) Home,5,"{'hdp': 1.5, 'over': '2.00'}"
75135970,2026-10-01,ATP,Tokyo,Bet365,Taylor Fritz,Jaume Munar,double_faults,2.5,4.0000,,2026-09-29T20:02:51Z,2026-10-01T02:00:00Z,Team Total (Double Faults) Home,5,"{'hdp': 2.5, 'over': '4.00'}"
75135970,2026-10-01,ATP,Tokyo,Bet365,Taylor Fritz,Jaume Munar,double_faults,4.5,19.0000,,2026-09-29T20:02:51Z,2026-10-01T02:00:00Z,Team Total (Double Faults) Home,5,"{'hdp': 4.5, 'over': '19.00'}"
75135970,2026-10-01,ATP,Tokyo,Bet365,Taylor Fritz,Jaume Munar,double_faults,7.5,26.0000,,2026-09-29T20:02:51Z,2026-10-01T02:00:00Z,Team Total (Double Faults) Home,5,"{'hdp': 7.5, 'over': '26.00'}"
