captured_at,event_id,kickoff_at,bookmaker,league,home,away,market_name,odds_count,sample_labels
2026-09-01T13:33:05Z,74124758,2026-09-01T15:00:00Z,Bet365,"ATP - US Open, New York, USA","Misolic, Filip","Cerundolo, Francisco",ML,1,"{'home': '10.00', 'away': '1.06'}"
2026-09-01T13:33:05Z,74124758,2026-09-01T15:00:00Z,Bet365,"ATP - US Open, New York, USA","Misolic, Filip","Cerundolo, Francisco",Team Total (Games) Home,1,hdp=11.5
2026-09-01T13:33:05Z,74124758,2026-09-01T15:00:00Z,Bet365,"ATP - US Open, New York, USA","Misolic, Filip","Cerundolo, Francisco",Team Total (Aces) Home,6,hdp=0.5 | hdp=2.5 | hdp=4.5 | hdp=9.5 | hdp=14.5 | hdp=19.5
2026-09-01T13:33:05Z,74124758,2026-09-01T15:00:00Z,Bet365,"ATP - US Open, New York, USA","Misolic, Filip","Cerundolo, Francisco",Team Total (Double Faults) Away,6,hdp=0.5 | hdp=1.5 | hdp=2.5 | hdp=4.5 | hdp=7.5 | hdp=9.5
2026-09-01T13:33:05Z,74124758,2026-09-01T15:00:00Z,Bet365,"ATP - US Open, New York, USA","Misolic, Filip","Cerundolo, Francisco",Team Total (Double Faults) Home,7,hdp=0.5 | hdp=1.5 | hdp=2.5 | hdp=4.5 | hdp=7.5 | hdp=9.5
2026-09-01T13:33:05Z,74124758,2026-09-01T15:00:00Z,Bet365,"ATP - US Open, New York, USA","Misolic, Filip","Cerundolo, Francisco",Team Total (Games) Away,1,hdp=18.5
2026-09-01T13:33:05Z,74124758,2026-09-01T15:00:00Z,Bet365,"ATP - US Open, New York, USA","Misolic, Filip","Cerundolo, Francisco",Set Betting,6,label=3-0 (1) | label=3-1 (1) | label=3-2 (1) | label=3-0 (2) | label=3-1 (2) | label=3-2 (2)
2026-09-01T13:33:05Z,74124758,2026-09-01T15:00:00Z,Bet365,"ATP - US Open, New York, USA","Misolic, Filip","Cerundolo, Francisco",Totals (Double Faults),8,hdp=1.5 | hdp=2.5 | hdp=4.5 | hdp=7.5 | hdp=9.5 | hdp=11.5
2026-09-01T13:33:05Z,74124758,2026-09-01T15:00:00Z,Bet365,"ATP - US Open, New York, USA","Misolic, Filip","Cerundolo, Francisco",Team Total (Aces) Away,6,hdp=0.5 | hdp=2.5 | hdp=4.5 | hdp=9.5 | hdp=14.5 | hdp=19.5
2026-09-01T13:33:05Z,74124758,2026-09-01T15:00:00Z,Bet365,"ATP - US Open, New York, USA","Misolic, Filip","Cerundolo, Francisco",Spread (Games),1,hdp=8.5
2026-09-01T13:33:05Z,74124758,2026-09-01T15:00:00Z,Bet365,"ATP - US Open, New York, USA","Misolic, Filip","Cerundolo, Francisco",Totals 1st Set,6,hdp=10.5 | hdp=6.5 | hdp=7.5 | hdp=8.5 | hdp=9.5 | hdp=12.5
2026-09-01T13:33:05Z,74124758,2026-09-01T15:00:00Z,Bet365,"ATP - US Open, New York, USA","Misolic, Filip","Cerundolo, Francisco",Totals (Aces),8,hdp=2.5 | hdp=4.5 | hdp=9.5 | hdp=14.5 | hdp=19.5 | hdp=24.5
2026-09-01T13:33:05Z,74124758,2026-09-01T15:00:00Z,Bet365,"ATP - US Open, New York, USA","Misolic, Filip","Cerundolo, Francisco",Totals (Games),1,hdp=30.5
2026-09-01T13:33:05Z,74124790,2026-09-01T15:00:00Z,Bet365,"ATP - US Open, New York, USA","Sweeny, Dane","Moutet, Corentin",ML,1,"{'home': '3.50', 'away': '1.30'}"
2026-09-01T13:33:05Z,74124790,2026-09-01T15:00:00Z,Bet365,"ATP - US Open, New York, USA","Sweeny, Dane","Moutet, Corentin",Team Total (Games) Away,1,hdp=19.5
2026-09-01T13:33:05Z,74124790,2026-09-01T15:00:00Z,Bet365,"ATP - US Open, New York, USA","Sweeny, Dane","Moutet, Corentin",Team Total (Double Faults) Home,9,hdp=0.5 | hdp=1.5 | hdp=2.5 | hdp=4.5 | hdp=7.5 | hdp=9.5
2026-09-01T13:33:05Z,74124790,2026-09-01T15:00:00Z,Bet365,"ATP - US Open, New York, USA","Sweeny, Dane","Moutet, Corentin",Team Total (Aces) Home,5,hdp=0.5 | hdp=2.5 | hdp=4.5 | hdp=9.5 | hdp=14.5
2026-09-01T13:33:05Z,74124790,2026-09-01T15:00:00Z,Bet365,"ATP - US Open, New York, USA","Sweeny, Dane","Moutet, Corentin",Team Total (Games) Home,1,hdp=16.5
2026-09-01T13:33:05Z,74124790,2026-09-01T15:00:00Z,Bet365,"ATP - US Open, New York, USA","Sweeny, Dane","Moutet, Corentin",Totals 1st Set,6,hdp=6.5 | hdp=7.5 | hdp=8.5 | hdp=9.5 | hdp=10.5 | hdp=12.5
2026-09-01T13:33:05Z,74124790,2026-09-01T15:00:00Z,Bet365,"ATP - US Open, New York, USA","Sweeny, Dane","Moutet, Corentin",Totals (Aces),8,hdp=2.5 | hdp=4.5 | hdp=9.5 | hdp=14.5 | hdp=19.5 | hdp=24.5
2026-09-01T13:33:05Z,74124790,2026-09-01T15:00:00Z,Bet365,"ATP - US Open, New York, USA","Sweeny, Dane","Moutet, Corentin",Totals (Double Faults),8,hdp=2.5 | hdp=4.5 | hdp=7.5 | hdp=9.5 | hdp=11.5 | hdp=14.5
2026-09-01T13:33:05Z,74124790,2026-09-01T15:00:00Z,Bet365,"ATP - US Open, New York, USA","Sweeny, Dane","Moutet, Corentin",Totals (Games),1,hdp=35.5
2026-09-01T13:33:05Z,74124790,2026-09-01T15:00:00Z,Bet365,"ATP - US Open, New York, USA","Sweeny, Dane","Moutet, Corentin",Team Total (Double Faults) Away,7,hdp=0.5 | hdp=1.5 | hdp=2.5 | hdp=4.5 | hdp=7.5 | hdp=9.5
2026-09-01T13:33:05Z,74124790,2026-09-01T15:00:00Z,Bet365,"ATP - US Open, New York, USA","Sweeny, Dane","Moutet, Corentin",Set Betting,6,label=3-0 (1) | label=3-1 (1) | label=3-2 (1) | label=3-0 (2) | label=3-1 (2) | label=3-2 (2)
2026-09-01T13:33:05Z,74124790,2026-09-01T15:00:00Z,Bet365,"ATP - US Open, New York, USA","Sweeny, Dane","Moutet, Corentin",Spread (Games),1,hdp=5.5
2026-09-01T13:33:05Z,74124790,2026-09-01T15:00:00Z,Bet365,"ATP - US Open, New York, USA","Sweeny, Dane","Moutet, Corentin",Team Total (Aces) Away,7,hdp=0.5 | hdp=2.5 | hdp=4.5 | hdp=9.5 | hdp=14.5 | hdp=19.5
2026-09-01T13:33:05Z,74124812,2026-09-01T15:00:00Z,Bet365,"WTA - US Open, New York, USA","Starodubtseva, Yuliia","Seidel, Ella",ML,1,"{'home': '1.36', 'away': '3.20'}"
2026-09-01T13:33:05Z,74124812,2026-09-01T15:00:00Z,Bet365,"WTA - US Open, New York, USA","Starodubtseva, Yuliia","Seidel, Ella",Team Total (Aces) Home,5,hdp=0.5 | hdp=2.5 | hdp=4.5 | hdp=9.5 | hdp=14.5
2026-09-01T13:33:05Z,74124812,2026-09-01T15:00:00Z,Bet365,"WTA - US Open, New York, USA","Starodubtseva, Yuliia","Seidel, Ella",Totals 1st Set,6,hdp=6.5 | hdp=7.5 | hdp=8.5 | hdp=9.5 | hdp=10.5 | hdp=12.5
2026-09-01T13:33:05Z,74124812,2026-09-01T15:00:00Z,Bet365,"WTA - US Open, New York, USA","Starodubtseva, Yuliia","Seidel, Ella",Totals (Aces),6,hdp=0.5 | hdp=2.5 | hdp=4.5 | hdp=9.5 | hdp=14.5 | hdp=19.5
2026-09-01T13:33:05Z,74124812,2026-09-01T15:00:00Z,Bet365,"WTA - US Open, New York, USA","Starodubtseva, Yuliia","Seidel, Ella",Totals (Double Faults),8,hdp=1.5 | hdp=2.5 | hdp=4.5 | hdp=7.5 | hdp=9.5 | hdp=11.5
2026-09-01T13:33:05Z,74124812,2026-09-01T15:00:00Z,Bet365,"WTA - US Open, New York, USA","Starodubtseva, Yuliia","Seidel, Ella",Team Total (Aces) Away,4,hdp=0.5 | hdp=4.5 | hdp=9.5 | hdp=2.5
2026-09-01T13:33:05Z,74124812,2026-09-01T15:00:00Z,Bet365,"WTA - US Open, New York, USA","Starodubtseva, Yuliia","Seidel, Ella",Spread (Games),1,hdp=-4.5
2026-09-01T13:33:05Z,74124812,2026-09-01T15:00:00Z,Bet365,"WTA - US Open, New York, USA","Starodubtseva, Yuliia","Seidel, Ella",Team Total (Double Faults) Away,9,hdp=0.5 | hdp=1.5 | hdp=2.5 | hdp=4.5 | hdp=7.5 | hdp=9.5
2026-09-01T13:33:05Z,74124812,2026-09-01T15:00:00Z,Bet365,"WTA - US Open, New York, USA","Starodubtseva, Yuliia","Seidel, Ella",Team Total (Games) Away,1,hdp=9.5
2026-09-01T13:33:05Z,74124812,2026-09-01T15:00:00Z,Bet365,"WTA - US Open, New York, USA","Starodubtseva, Yuliia","Seidel, Ella",Team Total (Games) Home,1,hdp=12.5
2026-09-01T13:33:05Z,74124812,2026-09-01T15:00:00Z,Bet365,"WTA - US Open, New York, USA","Starodubtseva, Yuliia","Seidel, Ella",Totals (Games),1,hdp=20.5
2026-09-01T13:33:05Z,74124812,2026-09-01T15:00:00Z,Bet365,"WTA - US Open, New York, USA","Starodubtseva, Yuliia","Seidel, Ella",Team Total (Double Faults) Home,5,hdp=0.5 | hdp=1.5 | hdp=2.5 | hdp=4.5 | hdp=7.5
2026-09-01T13:33:05Z,74124812,2026-09-01T15:00:00Z,Bet365,"WTA - US Open, New York, USA","Starodubtseva, Yuliia","Seidel, Ella",Set Betting,4,label=2-0 (1) | label=2-1 (1) | label=2-0 (2) | label=2-1 (2)
2026-09-01T13:33:05Z,74124820,2026-09-01T15:00:00Z,Bet365,"WTA - US Open, New York, USA","Putintseva, Yulia","Bencic, Belinda",ML,1,"{'home': '5.00', 'away': '1.16'}"
2026-09-01T13:33:05Z,74124820,2026-09-01T15:00:00Z,Bet365,"WTA - US Open, New York, USA","Putintseva, Yulia","Bencic, Belinda",Spread (Games),1,hdp=5.5
2026-09-01T13:33:05Z,74124820,2026-09-01T15:00:00Z,Bet365,"WTA - US Open, New York, USA","Putintseva, Yulia","Bencic, Belinda",Team Total (Aces) Away,4,hdp=0.5 | hdp=2.5 | hdp=4.5 | hdp=9.5
2026-09-01T13:33:05Z,74124820,2026-09-01T15:00:00Z,Bet365,"WTA - US Open, New York, USA","Putintseva, Yulia","Bencic, Belinda",Team Total (Aces) Home,4,hdp=2.5 | hdp=9.5 | hdp=0.5 | hdp=4.5
2026-09-01T13:33:05Z,74124820,2026-09-01T15:00:00Z,Bet365,"WTA - US Open, New York, USA","Putintseva, Yulia","Bencic, Belinda",Team Total (Games) Away,1,hdp=12.5
2026-09-01T13:33:05Z,74124820,2026-09-01T15:00:00Z,Bet365,"WTA - US Open, New York, USA","Putintseva, Yulia","Bencic, Belinda",Team Total (Games) Home,1,hdp=7.5
2026-09-01T13:33:05Z,74124820,2026-09-01T15:00:00Z,Bet365,"WTA - US Open, New York, USA","Putintseva, Yulia","Bencic, Belinda",Totals (Aces),5,hdp=0.5 | hdp=2.5 | hdp=4.5 | hdp=9.5 | hdp=14.5
2026-09-01T13:33:05Z,74124820,2026-09-01T15:00:00Z,Bet365,"WTA - US Open, New York, USA","Putintseva, Yulia","Bencic, Belinda",Set Betting,4,label=2-0 (1) | label=2-1 (1) | label=2-0 (2) | label=2-1 (2)
2026-09-01T13:33:05Z,74124820,2026-09-01T15:00:00Z,Bet365,"WTA - US Open, New York, USA","Putintseva, Yulia","Bencic, Belinda",Totals 1st Set,6,hdp=6.5 | hdp=7.5 | hdp=8.5 | hdp=9.5 | hdp=10.5 | hdp=12.5
2026-09-01T13:33:05Z,74124820,2026-09-01T15:00:00Z,Bet365,"WTA - US Open, New York, USA","Putintseva, Yulia","Bencic, Belinda",Totals (Games),1,hdp=19.5
2026-09-01T13:33:05Z,74150418,2026-09-01T15:00:00Z,Bet365,"WTA - US Open, New York, USA","Sakkari, Maria","Montgomery, Robin",ML,1,"{'home': '1.61', 'away': '2.30'}"
2026-09-01T13:33:05Z,74150418,2026-09-01T15:00:00Z,Bet365,"WTA - US Open, New York, USA","Sakkari, Maria","Montgomery, Robin",Team Total (Double Faults) Home,7,hdp=0.5 | hdp=1.5 | hdp=2.5 | hdp=4.5 | hdp=7.5 | hdp=9.5
2026-09-01T13:33:05Z,74150418,2026-09-01T15:00:00Z,Bet365,"WTA - US Open, New York, USA","Sakkari, Maria","Montgomery, Robin",Team Total (Games) Away,1,hdp=12.5
2026-09-01T13:33:05Z,74150418,2026-09-01T15:00:00Z,Bet365,"WTA - US Open, New York, USA","Sakkari, Maria","Montgomery, Robin",Team Total (Games) Home,1,hdp=12.5
2026-09-01T13:33:05Z,74150418,2026-09-01T15:00:00Z,Bet365,"WTA - US Open, New York, USA","Sakkari, Maria","Montgomery, Robin",Totals 1st Set,6,hdp=7.5 | hdp=6.5 | hdp=8.5 | hdp=9.5 | hdp=10.5 | hdp=12.5
2026-09-01T13:33:05Z,74150418,2026-09-01T15:00:00Z,Bet365,"WTA - US Open, New York, USA","Sakkari, Maria","Montgomery, Robin",Team Total (Aces) Away,6,hdp=0.5 | hdp=2.5 | hdp=4.5 | hdp=9.5 | hdp=14.5 | hdp=19.5
2026-09-01T13:33:05Z,74150418,2026-09-01T15:00:00Z,Bet365,"WTA - US Open, New York, USA","Sakkari, Maria","Montgomery, Robin",Team Total (Aces) Home,5,hdp=0.5 | hdp=2.5 | hdp=4.5 | hdp=9.5 | hdp=14.5
2026-09-01T13:33:05Z,74150418,2026-09-01T15:00:00Z,Bet365,"WTA - US Open, New York, USA","Sakkari, Maria","Montgomery, Robin",Totals (Aces),8,hdp=0.5 | hdp=2.5 | hdp=4.5 | hdp=9.5 | hdp=14.5 | hdp=19.5
2026-09-01T13:33:05Z,74150418,2026-09-01T15:00:00Z,Bet365,"WTA - US Open, New York, USA","Sakkari, Maria","Montgomery, Robin",Totals (Double Faults),9,hdp=9.5 | hdp=11.5 | hdp=1.5 | hdp=2.5 | hdp=4.5 | hdp=7.5
2026-09-01T13:33:05Z,74150418,2026-09-01T15:00:00Z,Bet365,"WTA - US Open, New York, USA","Sakkari, Maria","Montgomery, Robin",Totals (Games),1,hdp=22.5
2026-09-01T13:33:05Z,74150418,2026-09-01T15:00:00Z,Bet365,"WTA - US Open, New York, USA","Sakkari, Maria","Montgomery, Robin",Team Total (Double Faults) Away,9,hdp=2.5 | hdp=0.5 | hdp=1.5 | hdp=4.5 | hdp=7.5 | hdp=9.5
2026-09-01T13:33:05Z,74150418,2026-09-01T15:00:00Z,Bet365,"WTA - US Open, New York, USA","Sakkari, Maria","Montgomery, Robin",Set Betting,4,label=2-0 (1) | label=2-1 (1) | label=2-0 (2) | label=2-1 (2)
2026-09-01T13:33:05Z,74150418,2026-09-01T15:00:00Z,Bet365,"WTA - US Open, New York, USA","Sakkari, Maria","Montgomery, Robin",Spread (Games),1,hdp=-2.5
2026-09-01T13:33:05Z,74150352,2026-09-01T15:00:00Z,Bet365,"ATP - US Open, New York, USA","Basavareddy, Nishesh","Schoolkate, Tristan",ML,1,"{'home': '1.30', 'away': '3.50'}"
2026-09-01T13:33:05Z,74150352,2026-09-01T15:00:00Z,Bet365,"ATP - US Open, New York, USA","Basavareddy, Nishesh","Schoolkate, Tristan",Team Total (Games) Home,1,hdp=19.5
2026-09-01T13:33:05Z,74150352,2026-09-01T15:00:00Z,Bet365,"ATP - US Open, New York, USA","Basavareddy, Nishesh","Schoolkate, Tristan",Team Total (Games) Away,1,hdp=17.5
2026-09-01T13:33:05Z,74150352,2026-09-01T15:00:00Z,Bet365,"ATP - US Open, New York, USA","Basavareddy, Nishesh","Schoolkate, Tristan",Team Total (Aces) Home,8,hdp=0.5 | hdp=2.5 | hdp=4.5 | hdp=9.5 | hdp=14.5 | hdp=19.5
2026-09-01T13:33:05Z,74150352,2026-09-01T15:00:00Z,Bet365,"ATP - US Open, New York, USA","Basavareddy, Nishesh","Schoolkate, Tristan",Totals (Double Faults),8,hdp=2.5 | hdp=4.5 | hdp=7.5 | hdp=9.5 | hdp=11.5 | hdp=14.5
2026-09-01T13:33:05Z,74150352,2026-09-01T15:00:00Z,Bet365,"ATP - US Open, New York, USA","Basavareddy, Nishesh","Schoolkate, Tristan",Totals (Games),1,hdp=36.5
2026-09-01T13:33:05Z,74150352,2026-09-01T15:00:00Z,Bet365,"ATP - US Open, New York, USA","Basavareddy, Nishesh","Schoolkate, Tristan",Team Total (Double Faults) Home,9,hdp=0.5 | hdp=1.5 | hdp=2.5 | hdp=4.5 | hdp=7.5 | hdp=9.5
2026-09-01T13:33:05Z,74150352,2026-09-01T15:00:00Z,Bet365,"ATP - US Open, New York, USA","Basavareddy, Nishesh","Schoolkate, Tristan",Set Betting,6,label=3-0 (1) | label=3-1 (1) | label=3-2 (1) | label=3-0 (2) | label=3-1 (2) | label=3-2 (2)
2026-09-01T13:33:05Z,74150352,2026-09-01T15:00:00Z,Bet365,"ATP - US Open, New York, USA","Basavareddy, Nishesh","Schoolkate, Tristan",Spread (Games),1,hdp=-5.5
2026-09-01T13:33:05Z,74150352,2026-09-01T15:00:00Z,Bet365,"ATP - US Open, New York, USA","Basavareddy, Nishesh","Schoolkate, Tristan",Team Total (Aces) Away,9,hdp=0.5 | hdp=2.5 | hdp=4.5 | hdp=9.5 | hdp=14.5 | hdp=19.5
2026-09-01T13:33:05Z,74150352,2026-09-01T15:00:00Z,Bet365,"ATP - US Open, New York, USA","Basavareddy, Nishesh","Schoolkate, Tristan",Team Total (Double Faults) Away,8,hdp=0.5 | hdp=1.5 | hdp=2.5 | hdp=4.5 | hdp=7.5 | hdp=9.5
2026-09-01T13:33:05Z,74150352,2026-09-01T15:00:00Z,Bet365,"ATP - US Open, New York, USA","Basavareddy, Nishesh","Schoolkate, Tristan",Totals 1st Set,6,hdp=6.5 | hdp=7.5 | hdp=8.5 | hdp=9.5 | hdp=10.5 | hdp=12.5
2026-09-01T13:33:05Z,74150352,2026-09-01T15:00:00Z,Bet365,"ATP - US Open, New York, USA","Basavareddy, Nishesh","Schoolkate, Tristan",Totals (Aces),8,hdp=4.5 | hdp=9.5 | hdp=14.5 | hdp=19.5 | hdp=24.5 | hdp=29.5
2026-09-01T13:33:05Z,74150356,2026-09-01T15:00:00Z,Bet365,"ATP - US Open, New York, USA","Bellucci, Mattia","Piros, Zsombor",ML,1,"{'home': '1.44', 'away': '2.75'}"
2026-09-01T13:33:05Z,74150356,2026-09-01T15:00:00Z,Bet365,"ATP - US Open, New York, USA","Bellucci, Mattia","Piros, Zsombor",Spread (Games),1,hdp=-4.5
2026-09-01T13:33:05Z,74150356,2026-09-01T15:00:00Z,Bet365,"ATP - US Open, New York, USA","Bellucci, Mattia","Piros, Zsombor",Team Total (Aces) Away,7,hdp=0.5 | hdp=2.5 | hdp=4.5 | hdp=9.5 | hdp=14.5 | hdp=19.5
2026-09-01T13:33:05Z,74150356,2026-09-01T15:00:00Z,Bet365,"ATP - US Open, New York, USA","Bellucci, Mattia","Piros, Zsombor",Team Total (Games) Away,1,hdp=18.5
2026-09-01T13:33:05Z,74150356,2026-09-01T15:00:00Z,Bet365,"ATP - US Open, New York, USA","Bellucci, Mattia","Piros, Zsombor",Totals 1st Set,6,hdp=6.5 | hdp=7.5 | hdp=8.5 | hdp=9.5 | hdp=10.5 | hdp=12.5
2026-09-01T13:33:05Z,74150356,2026-09-01T15:00:00Z,Bet365,"ATP - US Open, New York, USA","Bellucci, Mattia","Piros, Zsombor",Totals (Aces),9,hdp=2.5 | hdp=4.5 | hdp=9.5 | hdp=14.5 | hdp=19.5 | hdp=24.5
2026-09-01T13:33:05Z,74150356,2026-09-01T15:00:00Z,Bet365,"ATP - US Open, New York, USA","Bellucci, Mattia","Piros, Zsombor",Set Betting,6,label=3-0 (1) | label=3-1 (1) | label=3-2 (1) | label=3-0 (2) | label=3-1 (2) | label=3-2 (2)
2026-09-01T13:33:05Z,74150356,2026-09-01T15:00:00Z,Bet365,"ATP - US Open, New York, USA","Bellucci, Mattia","Piros, Zsombor",Team Total (Aces) Home,8,hdp=0.5 | hdp=2.5 | hdp=4.5 | hdp=9.5 | hdp=14.5 | hdp=19.5
2026-09-01T13:33:05Z,74150356,2026-09-01T15:00:00Z,Bet365,"ATP - US Open, New York, USA","Bellucci, Mattia","Piros, Zsombor",Team Total (Games) Home,1,hdp=19.5
2026-09-01T13:33:05Z,74150356,2026-09-01T15:00:00Z,Bet365,"ATP - US Open, New York, USA","Bellucci, Mattia","Piros, Zsombor",Totals (Games),1,hdp=37.5
2026-09-01T13:33:05Z,74124754,2026-09-01T15:00:00Z,Bet365,"ATP - US Open, New York, USA","Comesana, Francisco","Cobolli, Flavio",ML,1,"{'home': '4.50', 'away': '1.20'}"
2026-09-01T13:33:05Z,74124754,2026-09-01T15:00:00Z,Bet365,"ATP - US Open, New York, USA","Comesana, Francisco","Cobolli, Flavio",Totals 1st Set,6,hdp=7.5 | hdp=9.5 | hdp=10.5 | hdp=12.5 | hdp=6.5 | hdp=8.5
2026-09-01T13:33:05Z,74124754,2026-09-01T15:00:00Z,Bet365,"ATP - US Open, New York, USA","Comesana, Francisco","Cobolli, Flavio",Team Total (Games) Home,1,hdp=16.5
2026-09-01T13:33:05Z,74124754,2026-09-01T15:00:00Z,Bet365,"ATP - US Open, New York, USA","Comesana, Francisco","Cobolli, Flavio",Team Total (Double Faults) Home,9,hdp=0.5 | hdp=1.5 | hdp=2.5 | hdp=4.5 | hdp=7.5 | hdp=9.5
2026-09-01T13:33:05Z,74124754,2026-09-01T15:00:00Z,Bet365,"ATP - US Open, New York, USA","Comesana, Francisco","Cobolli, Flavio",Spread (Games),1,hdp=5.5
2026-09-01T13:33:05Z,74124754,2026-09-01T15:00:00Z,Bet365,"ATP - US Open, New York, USA","Comesana, Francisco","Cobolli, Flavio",Team Total (Aces) Home,8,hdp=0.5 | hdp=2.5 | hdp=4.5 | hdp=9.5 | hdp=14.5 | hdp=19.5
2026-09-01T13:33:05Z,74124754,2026-09-01T15:00:00Z,Bet365,"ATP - US Open, New York, USA","Comesana, Francisco","Cobolli, Flavio",Totals (Aces),9,hdp=2.5 | hdp=4.5 | hdp=9.5 | hdp=14.5 | hdp=19.5 | hdp=24.5
2026-09-01T13:33:05Z,74124754,2026-09-01T15:00:00Z,Bet365,"ATP - US Open, New York, USA","Comesana, Francisco","Cobolli, Flavio",Totals (Double Faults),8,hdp=2.5 | hdp=4.5 | hdp=7.5 | hdp=9.5 | hdp=11.5 | hdp=14.5
2026-09-01T13:33:05Z,74124754,2026-09-01T15:00:00Z,Bet365,"ATP - US Open, New York, USA","Comesana, Francisco","Cobolli, Flavio",Totals (Games),1,hdp=36.5
2026-09-01T13:33:05Z,74124754,2026-09-01T15:00:00Z,Bet365,"ATP - US Open, New York, USA","Comesana, Francisco","Cobolli, Flavio",Team Total (Games) Away,1,hdp=20.5
2026-09-01T13:33:05Z,74124754,2026-09-01T15:00:00Z,Bet365,"ATP - US Open, New York, USA","Comesana, Francisco","Cobolli, Flavio",Set Betting,6,label=3-0 (1) | label=3-1 (1) | label=3-2 (1) | label=3-0 (2) | label=3-1 (2) | label=3-2 (2)
2026-09-01T13:33:05Z,74124754,2026-09-01T15:00:00Z,Bet365,"ATP - US Open, New York, USA","Comesana, Francisco","Cobolli, Flavio",Team Total (Aces) Away,7,hdp=0.5 | hdp=2.5 | hdp=4.5 | hdp=9.5 | hdp=14.5 | hdp=19.5
2026-09-01T13:33:05Z,74124754,2026-09-01T15:00:00Z,Bet365,"ATP - US Open, New York, USA","Comesana, Francisco","Cobolli, Flavio",Team Total (Double Faults) Away,7,hdp=0.5 | hdp=1.5 | hdp=2.5 | hdp=4.5 | hdp=7.5 | hdp=9.5
2026-09-01T13:33:05Z,74124808,2026-09-01T15:00:00Z,Bet365,"WTA - US Open, New York, USA","Frodin, Thea","Rybakina, Elena",ML,1,"{'home': '13.00', 'away': '1.04'}"
2026-09-01T13:33:05Z,74124808,2026-09-01T15:00:00Z,Bet365,"WTA - US Open, New York, USA","Frodin, Thea","Rybakina, Elena",Team Total (Games) Home,1,hdp=5.5
2026-09-01T13:33:05Z,74124808,2026-09-01T15:00:00Z,Bet365,"WTA - US Open, New York, USA","Frodin, Thea","Rybakina, Elena",Team Total (Aces) Away,5,hdp=0.5 | hdp=2.5 | hdp=4.5 | hdp=9.5 | hdp=14.5
2026-09-01T13:33:05Z,74124808,2026-09-01T15:00:00Z,Bet365,"WTA - US Open, New York, USA","Frodin, Thea","Rybakina, Elena",Team Total (Double Faults) Away,5,hdp=0.5 | hdp=1.5 | hdp=2.5 | hdp=4.5 | hdp=7.5
2026-09-01T13:33:05Z,74124808,2026-09-01T15:00:00Z,Bet365,"WTA - US Open, New York, USA","Frodin, Thea","Rybakina, Elena",Team Total (Double Faults) Home,8,hdp=1.5 | hdp=2.5 | hdp=4.5 | hdp=7.5 | hdp=9.5 | hdp=11.5
2026-09-01T13:33:05Z,74124808,2026-09-01T15:00:00Z,Bet365,"WTA - US Open, New York, USA","Frodin, Thea","Rybakina, Elena",Team Total (Games) Away,1,hdp=12.5
2026-09-01T13:33:05Z,74124808,2026-09-01T15:00:00Z,Bet365,"WTA - US Open, New York, USA","Frodin, Thea","Rybakina, Elena",Set Betting,4,label=2-0 (1) | label=2-1 (1) | label=2-0 (2) | label=2-1 (2)
2026-09-01T13:33:05Z,74124808,2026-09-01T15:00:00Z,Bet365,"WTA - US Open, New York, USA","Frodin, Thea","Rybakina, Elena",Totals (Double Faults),8,hdp=2.5 | hdp=4.5 | hdp=7.5 | hdp=9.5 | hdp=11.5 | hdp=14.5
2026-09-01T13:33:05Z,74124808,2026-09-01T15:00:00Z,Bet365,"WTA - US Open, New York, USA","Frodin, Thea","Rybakina, Elena",Spread (Games),1,hdp=6.5
2026-09-01T13:33:05Z,74124808,2026-09-01T15:00:00Z,Bet365,"WTA - US Open, New York, USA","Frodin, Thea","Rybakina, Elena",Team Total (Aces) Home,5,hdp=0.5 | hdp=2.5 | hdp=4.5 | hdp=9.5 | hdp=14.5
2026-09-01T13:33:05Z,74124808,2026-09-01T15:00:00Z,Bet365,"WTA - US Open, New York, USA","Frodin, Thea","Rybakina, Elena",Totals 1st Set,6,hdp=6.5 | hdp=7.5 | hdp=8.5 | hdp=10.5 | hdp=12.5 | hdp=9.5
2026-09-01T13:33:05Z,74124808,2026-09-01T15:00:00Z,Bet365,"WTA - US Open, New York, USA","Frodin, Thea","Rybakina, Elena",Totals (Aces),7,hdp=0.5 | hdp=2.5 | hdp=4.5 | hdp=9.5 | hdp=14.5 | hdp=19.5
2026-09-01T13:33:05Z,74124808,2026-09-01T15:00:00Z,Bet365,"WTA - US Open, New York, USA","Frodin, Thea","Rybakina, Elena",Totals (Games),1,hdp=17.5
2026-09-01T13:33:05Z,74150436,2026-09-01T15:00:00Z,Bet365,"WTA - US Open, New York, USA","Knutson, Gabriela","Lys, Eva",ML,1,"{'home': '2.37', 'away': '1.57'}"
2026-09-01T13:33:05Z,74150436,2026-09-01T15:00:00Z,Bet365,"WTA - US Open, New York, USA","Knutson, Gabriela","Lys, Eva",Team Total (Games) Away,1,hdp=12.5
2026-09-01T13:33:05Z,74150436,2026-09-01T15:00:00Z,Bet365,"WTA - US Open, New York, USA","Knutson, Gabriela","Lys, Eva",Totals (Aces),6,hdp=2.5 | hdp=0.5 | hdp=4.5 | hdp=9.5 | hdp=14.5 | hdp=19.5
2026-09-01T13:33:05Z,74150436,2026-09-01T15:00:00Z,Bet365,"WTA - US Open, New York, USA","Knutson, Gabriela","Lys, Eva",Team Total (Aces) Away,4,hdp=0.5 | hdp=2.5 | hdp=4.5 | hdp=9.5
2026-09-01T13:33:05Z,74150436,2026-09-01T15:00:00Z,Bet365,"WTA - US Open, New York, USA","Knutson, Gabriela","Lys, Eva",Team Total (Double Faults) Away,8,hdp=0.5 | hdp=1.5 | hdp=2.5 | hdp=4.5 | hdp=7.5 | hdp=9.5
2026-09-01T13:33:05Z,74150436,2026-09-01T15:00:00Z,Bet365,"WTA - US Open, New York, USA","Knutson, Gabriela","Lys, Eva",Team Total (Double Faults) Home,9,hdp=0.5 | hdp=1.5 | hdp=2.5 | hdp=4.5 | hdp=7.5 | hdp=9.5
2026-09-01T13:33:05Z,74150436,2026-09-01T15:00:00Z,Bet365,"WTA - US Open, New York, USA","Knutson, Gabriela","Lys, Eva",Team Total (Aces) Home,5,hdp=4.5 | hdp=0.5 | hdp=2.5 | hdp=9.5 | hdp=14.5
2026-09-01T13:33:05Z,74150436,2026-09-01T15:00:00Z,Bet365,"WTA - US Open, New York, USA","Knutson, Gabriela","Lys, Eva",Totals 1st Set,6,hdp=9.5 | hdp=6.5 | hdp=7.5 | hdp=8.5 | hdp=10.5 | hdp=12.5
2026-09-01T13:33:05Z,74150436,2026-09-01T15:00:00Z,Bet365,"WTA - US Open, New York, USA","Knutson, Gabriela","Lys, Eva",Totals (Double Faults),8,hdp=2.5 | hdp=4.5 | hdp=7.5 | hdp=9.5 | hdp=11.5 | hdp=14.5
2026-09-01T13:33:05Z,74150436,2026-09-01T15:00:00Z,Bet365,"WTA - US Open, New York, USA","Knutson, Gabriela","Lys, Eva",Totals (Games),1,hdp=21.5
2026-09-01T13:33:05Z,74150436,2026-09-01T15:00:00Z,Bet365,"WTA - US Open, New York, USA","Knutson, Gabriela","Lys, Eva",Team Total (Games) Home,1,hdp=11.5
2026-09-01T13:33:05Z,74150436,2026-09-01T15:00:00Z,Bet365,"WTA - US Open, New York, USA","Knutson, Gabriela","Lys, Eva",Set Betting,4,label=2-0 (1) | label=2-1 (1) | label=2-0 (2) | label=2-1 (2)
2026-09-01T13:33:05Z,74150436,2026-09-01T15:00:00Z,Bet365,"WTA - US Open, New York, USA","Knutson, Gabriela","Lys, Eva",Spread (Games),1,hdp=2.5
2026-09-01T13:33:05Z,74150364,2026-09-01T16:40:00Z,Bet365,"ATP - US Open, New York, USA","De Jong, Jesper","Passaro, Francesco",ML,1,"{'home': '1.72', 'away': '2.10'}"
2026-09-01T13:33:05Z,74150364,2026-09-01T16:40:00Z,Bet365,"ATP - US Open, New York, USA","De Jong, Jesper","Passaro, Francesco",Set Betting,6,label=3-0 (1) | label=3-1 (1) | label=3-2 (1) | label=3-0 (2) | label=3-1 (2) | label=3-2 (2)
2026-09-01T13:33:05Z,74150364,2026-09-01T16:40:00Z,Bet365,"ATP - US Open, New York, USA","De Jong, Jesper","Passaro, Francesco",Team Total (Aces) Away,9,hdp=0.5 | hdp=2.5 | hdp=4.5 | hdp=9.5 | hdp=14.5 | hdp=19.5
2026-09-01T13:33:05Z,74150364,2026-09-01T16:40:00Z,Bet365,"ATP - US Open, New York, USA","De Jong, Jesper","Passaro, Francesco",Team Total (Aces) Home,9,hdp=0.5 | hdp=2.5 | hdp=4.5 | hdp=9.5 | hdp=14.5 | hdp=19.5
2026-09-01T13:33:05Z,74150364,2026-09-01T16:40:00Z,Bet365,"ATP - US Open, New York, USA","De Jong, Jesper","Passaro, Francesco",Team Total (Double Faults) Home,9,hdp=0.5 | hdp=1.5 | hdp=2.5 | hdp=4.5 | hdp=7.5 | hdp=9.5
2026-09-01T13:33:05Z,74150364,2026-09-01T16:40:00Z,Bet365,"ATP - US Open, New York, USA","De Jong, Jesper","Passaro, Francesco",Team Total (Games) Away,1,hdp=19.5
2026-09-01T13:33:05Z,74150364,2026-09-01T16:40:00Z,Bet365,"ATP - US Open, New York, USA","De Jong, Jesper","Passaro, Francesco",Team Total (Games) Home,1,hdp=19.5
2026-09-01T13:33:05Z,74150364,2026-09-01T16:40:00Z,Bet365,"ATP - US Open, New York, USA","De Jong, Jesper","Passaro, Francesco",Totals 1st Set,6,hdp=6.5 | hdp=7.5 | hdp=8.5 | hdp=9.5 | hdp=10.5 | hdp=12.5
2026-09-01T13:33:05Z,74150364,2026-09-01T16:40:00Z,Bet365,"ATP - US Open, New York, USA","De Jong, Jesper","Passaro, Francesco",Spread (Games),1,hdp=-1.5
2026-09-01T13:33:05Z,74150364,2026-09-01T16:40:00Z,Bet365,"ATP - US Open, New York, USA","De Jong, Jesper","Passaro, Francesco",Team Total (Double Faults) Away,9,hdp=0.5 | hdp=1.5 | hdp=2.5 | hdp=4.5 | hdp=7.5 | hdp=9.5
2026-09-01T13:33:05Z,74150364,2026-09-01T16:40:00Z,Bet365,"ATP - US Open, New York, USA","De Jong, Jesper","Passaro, Francesco",Totals (Aces),8,hdp=4.5 | hdp=9.5 | hdp=14.5 | hdp=19.5 | hdp=24.5 | hdp=29.5
2026-09-01T13:33:05Z,74150364,2026-09-01T16:40:00Z,Bet365,"ATP - US Open, New York, USA","De Jong, Jesper","Passaro, Francesco",Totals (Double Faults),7,hdp=4.5 | hdp=7.5 | hdp=9.5 | hdp=11.5 | hdp=14.5 | hdp=19.5
2026-09-01T13:33:05Z,74150364,2026-09-01T16:40:00Z,Bet365,"ATP - US Open, New York, USA","De Jong, Jesper","Passaro, Francesco",Totals (Games),1,hdp=38.5
2026-09-01T13:33:05Z,74124780,2026-09-01T15:00:00Z,Bet365,"ATP - US Open, New York, USA","Cerundolo, Juan Manuel","Ruud, Casper",ML,1,"{'home': '2.50', 'away': '1.53'}"
2026-09-01T13:33:05Z,74124780,2026-09-01T15:00:00Z,Bet365,"ATP - US Open, New York, USA","Cerundolo, Juan Manuel","Ruud, Casper",Set Betting,6,label=3-0 (1) | label=3-1 (1) | label=3-2 (1) | label=3-0 (2) | label=3-1 (2) | label=3-2 (2)
2026-09-01T13:33:05Z,74124780,2026-09-01T15:00:00Z,Bet365,"ATP - US Open, New York, USA","Cerundolo, Juan Manuel","Ruud, Casper",Team Total (Double Faults) Home,9,hdp=0.5 | hdp=1.5 | hdp=2.5 | hdp=4.5 | hdp=7.5 | hdp=9.5
2026-09-01T13:33:05Z,74124780,2026-09-01T15:00:00Z,Bet365,"ATP - US Open, New York, USA","Cerundolo, Juan Manuel","Ruud, Casper",Team Total (Games) Home,1,hdp=18.5
2026-09-01T13:33:05Z,74124780,2026-09-01T15:00:00Z,Bet365,"ATP - US Open, New York, USA","Cerundolo, Juan Manuel","Ruud, Casper",Totals 1st Set,6,hdp=6.5 | hdp=9.5 | hdp=12.5 | hdp=7.5 | hdp=8.5 | hdp=10.5
2026-09-01T13:33:05Z,74124780,2026-09-01T15:00:00Z,Bet365,"ATP - US Open, New York, USA","Cerundolo, Juan Manuel","Ruud, Casper",Totals (Aces),8,hdp=2.5 | hdp=4.5 | hdp=9.5 | hdp=14.5 | hdp=19.5 | hdp=24.5
2026-09-01T13:33:05Z,74124780,2026-09-01T15:00:00Z,Bet365,"ATP - US Open, New York, USA","Cerundolo, Juan Manuel","Ruud, Casper",Spread (Games),1,hdp=3.5
2026-09-01T13:33:05Z,74124780,2026-09-01T15:00:00Z,Bet365,"ATP - US Open, New York, USA","Cerundolo, Juan Manuel","Ruud, Casper",Team Total (Aces) Away,7,hdp=0.5 | hdp=2.5 | hdp=4.5 | hdp=9.5 | hdp=14.5 | hdp=19.5
2026-09-01T13:33:05Z,74124780,2026-09-01T15:00:00Z,Bet365,"ATP - US Open, New York, USA","Cerundolo, Juan Manuel","Ruud, Casper",Team Total (Aces) Home,7,hdp=0.5 | hdp=2.5 | hdp=4.5 | hdp=9.5 | hdp=14.5 | hdp=19.5
2026-09-01T13:33:05Z,74124780,2026-09-01T15:00:00Z,Bet365,"ATP - US Open, New York, USA","Cerundolo, Juan Manuel","Ruud, Casper",Team Total (Games) Away,1,hdp=19.5
2026-09-01T13:33:05Z,74124780,2026-09-01T15:00:00Z,Bet365,"ATP - US Open, New York, USA","Cerundolo, Juan Manuel","Ruud, Casper",Totals (Double Faults),7,hdp=4.5 | hdp=9.5 | hdp=14.5 | hdp=24.5 | hdp=7.5 | hdp=11.5
2026-09-01T13:33:05Z,74124780,2026-09-01T15:00:00Z,Bet365,"ATP - US Open, New York, USA","Cerundolo, Juan Manuel","Ruud, Casper",Totals (Games),1,hdp=37.5
2026-09-01T13:33:05Z,74124780,2026-09-01T15:00:00Z,Bet365,"ATP - US Open, New York, USA","Cerundolo, Juan Manuel","Ruud, Casper",Team Total (Double Faults) Away,8,hdp=0.5 | hdp=4.5 | hdp=7.5 | hdp=11.5 | hdp=14.5 | hdp=1.5
2026-09-01T13:33:05Z,74124832,2026-09-01T16:10:00Z,Bet365,"WTA - US Open, New York, USA","Kasatkina, Daria","Badosa, Paula",ML,1,"{'home': '2.10', 'away': '1.72'}"
2026-09-01T13:33:05Z,74124832,2026-09-01T16:10:00Z,Bet365,"WTA - US Open, New York, USA","Kasatkina, Daria","Badosa, Paula",Team Total (Aces) Away,5,hdp=0.5 | hdp=2.5 | hdp=4.5 | hdp=9.5 | hdp=14.5
2026-09-01T13:33:05Z,74124832,2026-09-01T16:10:00Z,Bet365,"WTA - US Open, New York, USA","Kasatkina, Daria","Badosa, Paula",Team Total (Games) Away,1,hdp=12.5
2026-09-01T13:33:05Z,74124832,2026-09-01T16:10:00Z,Bet365,"WTA - US Open, New York, USA","Kasatkina, Daria","Badosa, Paula",Team Total (Games) Home,1,hdp=11.5
2026-09-01T13:33:05Z,74124832,2026-09-01T16:10:00Z,Bet365,"WTA - US Open, New York, USA","Kasatkina, Daria","Badosa, Paula",Totals 1st Set,6,hdp=6.5 | hdp=7.5 | hdp=8.5 | hdp=9.5 | hdp=10.5 | hdp=12.5
2026-09-01T13:33:05Z,74124832,2026-09-01T16:10:00Z,Bet365,"WTA - US Open, New York, USA","Kasatkina, Daria","Badosa, Paula",Totals (Games),1,hdp=21.5
2026-09-01T13:33:05Z,74124832,2026-09-01T16:10:00Z,Bet365,"WTA - US Open, New York, USA","Kasatkina, Daria","Badosa, Paula",Set Betting,4,label=2-0 (1) | label=2-1 (1) | label=2-0 (2) | label=2-1 (2)
2026-09-01T13:33:05Z,74124832,2026-09-01T16:10:00Z,Bet365,"WTA - US Open, New York, USA","Kasatkina, Daria","Badosa, Paula",Spread (Games),1,hdp=1.5
2026-09-01T13:33:05Z,74124832,2026-09-01T16:10:00Z,Bet365,"WTA - US Open, New York, USA","Kasatkina, Daria","Badosa, Paula",Team Total (Aces) Home,4,hdp=0.5 | hdp=2.5 | hdp=4.5 | hdp=9.5
2026-09-01T13:33:05Z,74124832,2026-09-01T16:10:00Z,Bet365,"WTA - US Open, New York, USA","Kasatkina, Daria","Badosa, Paula",Team Total (Double Faults) Away,6,hdp=0.5 | hdp=1.5 | hdp=2.5 | hdp=4.5 | hdp=7.5 | hdp=9.5
2026-09-01T13:33:05Z,74124832,2026-09-01T16:10:00Z,Bet365,"WTA - US Open, New York, USA","Kasatkina, Daria","Badosa, Paula",Team Total (Double Faults) Home,9,hdp=0.5 | hdp=1.5 | hdp=2.5 | hdp=4.5 | hdp=7.5 | hdp=9.5
2026-09-01T13:33:05Z,74124832,2026-09-01T16:10:00Z,Bet365,"WTA - US Open, New York, USA","Kasatkina, Daria","Badosa, Paula",Totals (Aces),6,hdp=0.5 | hdp=2.5 | hdp=4.5 | hdp=9.5 | hdp=14.5 | hdp=19.5
2026-09-01T13:33:05Z,74124832,2026-09-01T16:10:00Z,Bet365,"WTA - US Open, New York, USA","Kasatkina, Daria","Badosa, Paula",Totals (Double Faults),7,hdp=4.5 | hdp=7.5 | hdp=9.5 | hdp=11.5 | hdp=14.5 | hdp=19.5
2026-09-01T13:33:05Z,74124762,2026-09-01T16:40:00Z,Bet365,"ATP - US Open, New York, USA","Fritz, Taylor","Blanch, Darwin",ML,1,"{'home': '1.02', 'away': '19.00'}"
2026-09-01T13:33:05Z,74124762,2026-09-01T16:40:00Z,Bet365,"ATP - US Open, New York, USA","Fritz, Taylor","Blanch, Darwin",Team Total (Aces) Away,8,hdp=0.5 | hdp=2.5 | hdp=4.5 | hdp=14.5 | hdp=19.5 | hdp=24.5
2026-09-01T13:33:05Z,74124762,2026-09-01T16:40:00Z,Bet365,"ATP - US Open, New York, USA","Fritz, Taylor","Blanch, Darwin",Team Total (Double Faults) Home,5,hdp=0.5 | hdp=1.5 | hdp=4.5 | hdp=2.5 | hdp=7.5
2026-09-01T13:33:05Z,74124762,2026-09-01T16:40:00Z,Bet365,"ATP - US Open, New York, USA","Fritz, Taylor","Blanch, Darwin",Team Total (Games) Away,1,hdp=12.5
2026-09-01T13:33:05Z,74124762,2026-09-01T16:40:00Z,Bet365,"ATP - US Open, New York, USA","Fritz, Taylor","Blanch, Darwin",Totals 1st Set,6,hdp=6.5 | hdp=8.5 | hdp=9.5 | hdp=12.5 | hdp=7.5 | hdp=10.5
2026-09-01T13:33:05Z,74124762,2026-09-01T16:40:00Z,Bet365,"ATP - US Open, New York, USA","Fritz, Taylor","Blanch, Darwin",Totals (Aces),8,hdp=4.5 | hdp=9.5 | hdp=14.5 | hdp=19.5 | hdp=24.5 | hdp=29.5
2026-09-01T13:33:05Z,74124762,2026-09-01T16:40:00Z,Bet365,"ATP - US Open, New York, USA","Fritz, Taylor","Blanch, Darwin",Set Betting,6,label=3-0 (1) | label=3-1 (1) | label=3-2 (1) | label=3-0 (2) | label=3-1 (2) | label=3-2 (2)
2026-09-01T13:33:05Z,74124762,2026-09-01T16:40:00Z,Bet365,"ATP - US Open, New York, USA","Fritz, Taylor","Blanch, Darwin",Spread (Games),1,hdp=-7.5
2026-09-01T13:33:05Z,74124762,2026-09-01T16:40:00Z,Bet365,"ATP - US Open, New York, USA","Fritz, Taylor","Blanch, Darwin",Team Total (Aces) Home,8,hdp=2.5 | hdp=4.5 | hdp=9.5 | hdp=19.5 | hdp=39.5 | hdp=14.5
2026-09-01T13:33:05Z,74124762,2026-09-01T16:40:00Z,Bet365,"ATP - US Open, New York, USA","Fritz, Taylor","Blanch, Darwin",Team Total (Double Faults) Away,7,hdp=0.5 | hdp=1.5 | hdp=2.5 | hdp=9.5 | hdp=11.5 | hdp=4.5
2026-09-01T13:33:05Z,74124762,2026-09-01T16:40:00Z,Bet365,"ATP - US Open, New York, USA","Fritz, Taylor","Blanch, Darwin",Team Total (Games) Home,1,hdp=19.5
2026-09-01T13:33:05Z,74124762,2026-09-01T16:40:00Z,Bet365,"ATP - US Open, New York, USA","Fritz, Taylor","Blanch, Darwin",Totals (Double Faults),9,hdp=0.5 | hdp=1.5 | hdp=2.5 | hdp=9.5 | hdp=11.5 | hdp=19.5
2026-09-01T13:33:05Z,74124762,2026-09-01T16:40:00Z,Bet365,"ATP - US Open, New York, USA","Fritz, Taylor","Blanch, Darwin",Totals (Games),1,hdp=31.5
2026-09-01T13:33:05Z,74124810,2026-09-01T16:40:00Z,Bet365,"WTA - US Open, New York, USA","Vidmanova, Darja","Bouzas Maneiro, Jessica",ML,1,"{'home': '1.90', 'away': '1.90'}"
2026-09-01T13:33:05Z,74124810,2026-09-01T16:40:00Z,Bet365,"WTA - US Open, New York, USA","Vidmanova, Darja","Bouzas Maneiro, Jessica",Team Total (Double Faults) Home,6,hdp=0.5 | hdp=1.5 | hdp=2.5 | hdp=4.5 | hdp=7.5 | hdp=9.5
2026-09-01T13:33:05Z,74124810,2026-09-01T16:40:00Z,Bet365,"WTA - US Open, New York, USA","Vidmanova, Darja","Bouzas Maneiro, Jessica",Totals (Double Faults),9,hdp=1.5 | hdp=2.5 | hdp=4.5 | hdp=7.5 | hdp=9.5 | hdp=11.5
2026-09-01T13:33:05Z,74124810,2026-09-01T16:40:00Z,Bet365,"WTA - US Open, New York, USA","Vidmanova, Darja","Bouzas Maneiro, Jessica",Totals 1st Set,6,hdp=7.5 | hdp=8.5 | hdp=9.5 | hdp=6.5 | hdp=10.5 | hdp=12.5
2026-09-01T13:33:05Z,74124810,2026-09-01T16:40:00Z,Bet365,"WTA - US Open, New York, USA","Vidmanova, Darja","Bouzas Maneiro, Jessica",Team Total (Aces) Home,6,hdp=0.5 | hdp=2.5 | hdp=4.5 | hdp=9.5 | hdp=14.5 | hdp=19.5
2026-09-01T13:33:05Z,74124810,2026-09-01T16:40:00Z,Bet365,"WTA - US Open, New York, USA","Vidmanova, Darja","Bouzas Maneiro, Jessica",Team Total (Double Faults) Away,8,hdp=0.5 | hdp=1.5 | hdp=2.5 | hdp=4.5 | hdp=7.5 | hdp=9.5
2026-09-01T13:33:05Z,74124810,2026-09-01T16:40:00Z,Bet365,"WTA - US Open, New York, USA","Vidmanova, Darja","Bouzas Maneiro, Jessica",Team Total (Games) Away,1,hdp=12.5
2026-09-01T13:33:05Z,74124810,2026-09-01T16:40:00Z,Bet365,"WTA - US Open, New York, USA","Vidmanova, Darja","Bouzas Maneiro, Jessica",Team Total (Games) Home,1,hdp=12.5
2026-09-01T13:33:05Z,74124810,2026-09-01T16:40:00Z,Bet365,"WTA - US Open, New York, USA","Vidmanova, Darja","Bouzas Maneiro, Jessica",Totals (Aces),8,hdp=0.5 | hdp=2.5 | hdp=4.5 | hdp=9.5 | hdp=14.5 | hdp=19.5
2026-09-01T13:33:05Z,74124810,2026-09-01T16:40:00Z,Bet365,"WTA - US Open, New York, USA","Vidmanova, Darja","Bouzas Maneiro, Jessica",Totals (Games),1,hdp=21.5
2026-09-01T13:33:05Z,74124810,2026-09-01T16:40:00Z,Bet365,"WTA - US Open, New York, USA","Vidmanova, Darja","Bouzas Maneiro, Jessica",Set Betting,4,label=2-0 (1) | label=2-1 (1) | label=2-0 (2) | label=2-1 (2)
2026-09-01T13:33:05Z,74124810,2026-09-01T16:40:00Z,Bet365,"WTA - US Open, New York, USA","Vidmanova, Darja","Bouzas Maneiro, Jessica",Spread (Games),1,hdp=-0.5
2026-09-01T13:33:05Z,74124810,2026-09-01T16:40:00Z,Bet365,"WTA - US Open, New York, USA","Vidmanova, Darja","Bouzas Maneiro, Jessica",Team Total (Aces) Away,5,hdp=0.5 | hdp=2.5 | hdp=4.5 | hdp=9.5 | hdp=14.5
2026-09-01T13:33:05Z,74124822,2026-09-01T15:30:00Z,Bet365,"WTA - US Open, New York, USA","Keys, Madison","Korneeva, Alina",ML,1,"{'home': '1.36', 'away': '3.20'}"
2026-09-01T13:33:05Z,74124822,2026-09-01T15:30:00Z,Bet365,"WTA - US Open, New York, USA","Keys, Madison","Korneeva, Alina",Set Betting,4,label=2-0 (1) | label=2-1 (1) | label=2-0 (2) | label=2-1 (2)
2026-09-01T13:33:05Z,74124822,2026-09-01T15:30:00Z,Bet365,"WTA - US Open, New York, USA","Keys, Madison","Korneeva, Alina",Team Total (Games) Home,1,hdp=12.5
2026-09-01T13:33:05Z,74124822,2026-09-01T15:30:00Z,Bet365,"WTA - US Open, New York, USA","Keys, Madison","Korneeva, Alina",Totals (Aces),6,hdp=0.5 | hdp=2.5 | hdp=4.5 | hdp=9.5 | hdp=14.5 | hdp=19.5
2026-09-01T13:33:05Z,74124822,2026-09-01T15:30:00Z,Bet365,"WTA - US Open, New York, USA","Keys, Madison","Korneeva, Alina",Totals (Games),1,hdp=20.5
2026-09-01T13:33:05Z,74124822,2026-09-01T15:30:00Z,Bet365,"WTA - US Open, New York, USA","Keys, Madison","Korneeva, Alina",Team Total (Double Faults) Away,7,hdp=0.5 | hdp=1.5 | hdp=2.5 | hdp=4.5 | hdp=7.5 | hdp=9.5
2026-09-01T13:33:05Z,74124822,2026-09-01T15:30:00Z,Bet365,"WTA - US Open, New York, USA","Keys, Madison","Korneeva, Alina",Team Total (Aces) Home,5,hdp=0.5 | hdp=2.5 | hdp=4.5 | hdp=9.5 | hdp=14.5
2026-09-01T13:33:05Z,74124822,2026-09-01T15:30:00Z,Bet365,"WTA - US Open, New York, USA","Keys, Madison","Korneeva, Alina",Team Total (Double Faults) Home,8,hdp=0.5 | hdp=1.5 | hdp=2.5 | hdp=4.5 | hdp=7.5 | hdp=9.5
2026-09-01T13:33:05Z,74124822,2026-09-01T15:30:00Z,Bet365,"WTA - US Open, New York, USA","Keys, Madison","Korneeva, Alina",Team Total (Games) Away,1,hdp=9.5
2026-09-01T13:33:05Z,74124822,2026-09-01T15:30:00Z,Bet365,"WTA - US Open, New York, USA","Keys, Madison","Korneeva, Alina",Totals 1st Set,6,hdp=6.5 | hdp=7.5 | hdp=8.5 | hdp=9.5 | hdp=10.5 | hdp=12.5
2026-09-01T13:33:05Z,74124822,2026-09-01T15:30:00Z,Bet365,"WTA - US Open, New York, USA","Keys, Madison","Korneeva, Alina",Totals (Double Faults),9,hdp=1.5 | hdp=2.5 | hdp=4.5 | hdp=7.5 | hdp=9.5 | hdp=11.5
2026-09-01T13:33:05Z,74124822,2026-09-01T15:30:00Z,Bet365,"WTA - US Open, New York, USA","Keys, Madison","Korneeva, Alina",Spread (Games),1,hdp=-4.5
2026-09-01T13:33:05Z,74124822,2026-09-01T15:30:00Z,Bet365,"WTA - US Open, New York, USA","Keys, Madison","Korneeva, Alina",Team Total (Aces) Away,4,hdp=0.5 | hdp=2.5 | hdp=4.5 | hdp=9.5
2026-09-01T13:33:05Z,74124760,2026-09-01T16:10:00Z,Bet365,"ATP - US Open, New York, USA","Ugo Carabelli, Camilo","Struff, Jan-Lennard",ML,1,"{'home': '2.75', 'away': '1.44'}"
2026-09-01T13:33:05Z,74124760,2026-09-01T16:10:00Z,Bet365,"ATP - US Open, New York, USA","Ugo Carabelli, Camilo","Struff, Jan-Lennard",Totals 1st Set,6,hdp=6.5 | hdp=8.5 | hdp=10.5 | hdp=9.5 | hdp=7.5 | hdp=12.5
2026-09-01T13:33:05Z,74124760,2026-09-01T16:10:00Z,Bet365,"ATP - US Open, New York, USA","Ugo Carabelli, Camilo","Struff, Jan-Lennard",Team Total (Games) Away,1,hdp=20.5
2026-09-01T13:33:05Z,74124760,2026-09-01T16:10:00Z,Bet365,"ATP - US Open, New York, USA","Ugo Carabelli, Camilo","Struff, Jan-Lennard",Spread (Games),1,hdp=2.5
2026-09-01T13:33:05Z,74124760,2026-09-01T16:10:00Z,Bet365,"ATP - US Open, New York, USA","Ugo Carabelli, Camilo","Struff, Jan-Lennard",Team Total (Aces) Home,8,hdp=0.5 | hdp=4.5 | hdp=19.5 | hdp=24.5 | hdp=29.5 | hdp=2.5
2026-09-01T13:33:05Z,74124760,2026-09-01T16:10:00Z,Bet365,"ATP - US Open, New York, USA","Ugo Carabelli, Camilo","Struff, Jan-Lennard",Team Total (Games) Home,1,hdp=19.5
2026-09-01T13:33:05Z,74124760,2026-09-01T16:10:00Z,Bet365,"ATP - US Open, New York, USA","Ugo Carabelli, Camilo","Struff, Jan-Lennard",Team Total (Double Faults) Home,7,hdp=0.5 | hdp=1.5 | hdp=2.5 | hdp=4.5 | hdp=7.5 | hdp=9.5
2026-09-01T13:33:05Z,74124760,2026-09-01T16:10:00Z,Bet365,"ATP - US Open, New York, USA","Ugo Carabelli, Camilo","Struff, Jan-Lennard",Totals (Aces),8,hdp=4.5 | hdp=9.5 | hdp=19.5 | hdp=24.5 | hdp=14.5 | hdp=29.5
2026-09-01T13:33:05Z,74124760,2026-09-01T16:10:00Z,Bet365,"ATP - US Open, New York, USA","Ugo Carabelli, Camilo","Struff, Jan-Lennard",Totals (Double Faults),8,hdp=1.5 | hdp=2.5 | hdp=4.5 | hdp=7.5 | hdp=9.5 | hdp=11.5
2026-09-01T13:33:05Z,74124760,2026-09-01T16:10:00Z,Bet365,"ATP - US Open, New York, USA","Ugo Carabelli, Camilo","Struff, Jan-Lennard",Totals (Games),1,hdp=39.5
2026-09-01T13:33:05Z,74124760,2026-09-01T16:10:00Z,Bet365,"ATP - US Open, New York, USA","Ugo Carabelli, Camilo","Struff, Jan-Lennard",Set Betting,6,label=3-0 (1) | label=3-1 (1) | label=3-2 (1) | label=3-0 (2) | label=3-1 (2) | label=3-2 (2)
2026-09-01T13:33:05Z,74124760,2026-09-01T16:10:00Z,Bet365,"ATP - US Open, New York, USA","Ugo Carabelli, Camilo","Struff, Jan-Lennard",Team Total (Aces) Away,9,hdp=2.5 | hdp=4.5 | hdp=24.5 | hdp=29.5 | hdp=39.5 | hdp=0.5
2026-09-01T13:33:05Z,74124760,2026-09-01T16:10:00Z,Bet365,"ATP - US Open, New York, USA","Ugo Carabelli, Camilo","Struff, Jan-Lennard",Team Total (Double Faults) Away,8,hdp=0.5 | hdp=1.5 | hdp=2.5 | hdp=4.5 | hdp=7.5 | hdp=9.5
2026-09-01T13:33:05Z,74124788,2026-09-01T16:10:00Z,Bet365,"ATP - US Open, New York, USA","Fery, Arthur","Musetti, Lorenzo",ML,1,"{'home': '4.00', 'away': '1.25'}"
2026-09-01T13:33:05Z,74124788,2026-09-01T16:10:00Z,Bet365,"ATP - US Open, New York, USA","Fery, Arthur","Musetti, Lorenzo",Totals (Double Faults),9,hdp=0.5 | hdp=1.5 | hdp=2.5 | hdp=4.5 | hdp=7.5 | hdp=9.5
2026-09-01T13:33:05Z,74124788,2026-09-01T16:10:00Z,Bet365,"ATP - US Open, New York, USA","Fery, Arthur","Musetti, Lorenzo",Set Betting,6,label=3-0 (1) | label=3-1 (1) | label=3-2 (1) | label=3-0 (2) | label=3-1 (2) | label=3-2 (2)
2026-09-01T13:33:05Z,74124788,2026-09-01T16:10:00Z,Bet365,"ATP - US Open, New York, USA","Fery, Arthur","Musetti, Lorenzo",Spread (Games),1,hdp=5.5
2026-09-01T13:33:05Z,74124788,2026-09-01T16:10:00Z,Bet365,"ATP - US Open, New York, USA","Fery, Arthur","Musetti, Lorenzo",Team Total (Double Faults) Home,6,hdp=0.5 | hdp=1.5 | hdp=2.5 | hdp=4.5 | hdp=7.5 | hdp=9.5
2026-09-01T13:33:05Z,74124788,2026-09-01T16:10:00Z,Bet365,"ATP - US Open, New York, USA","Fery, Arthur","Musetti, Lorenzo",Team Total (Games) Home,1,hdp=16.5
2026-09-01T13:33:05Z,74124788,2026-09-01T16:10:00Z,Bet365,"ATP - US Open, New York, USA","Fery, Arthur","Musetti, Lorenzo",Totals 1st Set,6,hdp=6.5 | hdp=7.5 | hdp=8.5 | hdp=9.5 | hdp=12.5 | hdp=10.5
2026-09-01T13:33:05Z,74124788,2026-09-01T16:10:00Z,Bet365,"ATP - US Open, New York, USA","Fery, Arthur","Musetti, Lorenzo",Totals (Games),1,hdp=35.5
2026-09-01T13:33:05Z,74124788,2026-09-01T16:10:00Z,Bet365,"ATP - US Open, New York, USA","Fery, Arthur","Musetti, Lorenzo",Team Total (Double Faults) Away,8,hdp=0.5 | hdp=1.5 | hdp=2.5 | hdp=4.5 | hdp=7.5 | hdp=9.5
2026-09-01T13:33:05Z,74124788,2026-09-01T16:10:00Z,Bet365,"ATP - US Open, New York, USA","Fery, Arthur","Musetti, Lorenzo",Team Total (Games) Away,1,hdp=19.5
2026-09-01T13:33:05Z,74150424,2026-09-01T16:10:00Z,Bet365,"WTA - US Open, New York, USA","Havlickova, Lucie","Bondar, Anna",ML,1,"{'home': '2.37', 'away': '1.57'}"
2026-09-01T13:33:05Z,74150424,2026-09-01T16:10:00Z,Bet365,"WTA - US Open, New York, USA","Havlickova, Lucie","Bondar, Anna",Set Betting,4,label=2-0 (1) | label=2-1 (1) | label=2-0 (2) | label=2-1 (2)
2026-09-01T13:33:05Z,74150424,2026-09-01T16:10:00Z,Bet365,"WTA - US Open, New York, USA","Havlickova, Lucie","Bondar, Anna",Spread (Games),1,hdp=2.5
2026-09-01T13:33:05Z,74150424,2026-09-01T16:10:00Z,Bet365,"WTA - US Open, New York, USA","Havlickova, Lucie","Bondar, Anna",Team Total (Aces) Away,5,hdp=0.5 | hdp=2.5 | hdp=4.5 | hdp=9.5 | hdp=14.5
2026-09-01T13:33:05Z,74150424,2026-09-01T16:10:00Z,Bet365,"WTA - US Open, New York, USA","Havlickova, Lucie","Bondar, Anna",Team Total (Games) Away,1,hdp=12.5
2026-09-01T13:33:05Z,74150424,2026-09-01T16:10:00Z,Bet365,"WTA - US Open, New York, USA","Havlickova, Lucie","Bondar, Anna",Team Total (Games) Home,1,hdp=12.5
2026-09-01T13:33:05Z,74150424,2026-09-01T16:10:00Z,Bet365,"WTA - US Open, New York, USA","Havlickova, Lucie","Bondar, Anna",Totals 1st Set,6,hdp=6.5 | hdp=7.5 | hdp=8.5 | hdp=9.5 | hdp=12.5 | hdp=10.5
2026-09-01T13:33:05Z,74150424,2026-09-01T16:10:00Z,Bet365,"WTA - US Open, New York, USA","Havlickova, Lucie","Bondar, Anna",Team Total (Aces) Home,5,hdp=0.5 | hdp=2.5 | hdp=4.5 | hdp=9.5 | hdp=14.5
2026-09-01T13:33:05Z,74150424,2026-09-01T16:10:00Z,Bet365,"WTA - US Open, New York, USA","Havlickova, Lucie","Bondar, Anna",Totals (Aces),7,hdp=0.5 | hdp=2.5 | hdp=4.5 | hdp=9.5 | hdp=14.5 | hdp=19.5
2026-09-01T13:33:05Z,74150424,2026-09-01T16:10:00Z,Bet365,"WTA - US Open, New York, USA","Havlickova, Lucie","Bondar, Anna",Totals (Games),1,hdp=22.5
2026-09-01T13:33:05Z,74124778,2026-09-01T16:10:00Z,Bet365,"ATP - US Open, New York, USA","Bergs, Zizou","Taberner, Carlos",ML,1,"{'home': '1.04', 'away': '13.00'}"
2026-09-01T13:33:05Z,74124778,2026-09-01T16:10:00Z,Bet365,"ATP - US Open, New York, USA","Bergs, Zizou","Taberner, Carlos",Totals (Games),1,hdp=28.5
2026-09-01T13:33:05Z,74124778,2026-09-01T16:10:00Z,Bet365,"ATP - US Open, New York, USA","Bergs, Zizou","Taberner, Carlos",Team Total (Double Faults) Away,9,hdp=1.5 | hdp=2.5 | hdp=4.5 | hdp=7.5 | hdp=9.5 | hdp=11.5
2026-09-01T13:33:05Z,74124778,2026-09-01T16:10:00Z,Bet365,"ATP - US Open, New York, USA","Bergs, Zizou","Taberner, Carlos",Team Total (Double Faults) Home,9,hdp=0.5 | hdp=1.5 | hdp=2.5 | hdp=4.5 | hdp=7.5 | hdp=9.5
2026-09-01T13:33:05Z,74124778,2026-09-01T16:10:00Z,Bet365,"ATP - US Open, New York, USA","Bergs, Zizou","Taberner, Carlos",Totals 1st Set,6,hdp=10.5 | hdp=12.5 | hdp=8.5 | hdp=7.5 | hdp=6.5 | hdp=9.5
2026-09-01T13:33:05Z,74124778,2026-09-01T16:10:00Z,Bet365,"ATP - US Open, New York, USA","Bergs, Zizou","Taberner, Carlos",Totals (Double Faults),7,hdp=4.5 | hdp=7.5 | hdp=9.5 | hdp=11.5 | hdp=14.5 | hdp=19.5
2026-09-01T13:33:05Z,74124778,2026-09-01T16:10:00Z,Bet365,"ATP - US Open, New York, USA","Bergs, Zizou","Taberner, Carlos",Team Total (Games) Home,1,hdp=18.5
2026-09-01T13:33:05Z,74124778,2026-09-01T16:10:00Z,Bet365,"ATP - US Open, New York, USA","Bergs, Zizou","Taberner, Carlos",Totals (Aces),8,hdp=2.5 | hdp=4.5 | hdp=9.5 | hdp=14.5 | hdp=19.5 | hdp=24.5
2026-09-01T13:33:05Z,74124778,2026-09-01T16:10:00Z,Bet365,"ATP - US Open, New York, USA","Bergs, Zizou","Taberner, Carlos",Set Betting,6,label=3-0 (1) | label=3-1 (1) | label=3-2 (1) | label=3-0 (2) | label=3-1 (2) | label=3-2 (2)
2026-09-01T13:33:05Z,74124778,2026-09-01T16:10:00Z,Bet365,"ATP - US Open, New York, USA","Bergs, Zizou","Taberner, Carlos",Spread (Games),1,hdp=-8.5
2026-09-01T13:33:05Z,74124778,2026-09-01T16:10:00Z,Bet365,"ATP - US Open, New York, USA","Bergs, Zizou","Taberner, Carlos",Team Total (Aces) Away,5,hdp=0.5 | hdp=2.5 | hdp=4.5 | hdp=9.5 | hdp=14.5
2026-09-01T13:33:05Z,74124778,2026-09-01T16:10:00Z,Bet365,"ATP - US Open, New York, USA","Bergs, Zizou","Taberner, Carlos",Team Total (Aces) Home,8,hdp=0.5 | hdp=2.5 | hdp=4.5 | hdp=9.5 | hdp=14.5 | hdp=19.5
2026-09-01T13:33:05Z,74124778,2026-09-01T16:10:00Z,Bet365,"ATP - US Open, New York, USA","Bergs, Zizou","Taberner, Carlos",Team Total (Games) Away,1,hdp=10.5
2026-09-01T13:33:05Z,74124844,2026-09-01T16:40:00Z,Bet365,"WTA - US Open, New York, USA","Potapova, Anastasia","Valentova, Tereza",ML,1,"{'home': '2.75', 'away': '1.44'}"
2026-09-01T13:33:05Z,74124844,2026-09-01T16:40:00Z,Bet365,"WTA - US Open, New York, USA","Potapova, Anastasia","Valentova, Tereza",Team Total (Aces) Home,5,hdp=0.5 | hdp=2.5 | hdp=4.5 | hdp=9.5 | hdp=14.5
2026-09-01T13:33:05Z,74124844,2026-09-01T16:40:00Z,Bet365,"WTA - US Open, New York, USA","Potapova, Anastasia","Valentova, Tereza",Totals 1st Set,6,hdp=6.5 | hdp=9.5 | hdp=12.5 | hdp=7.5 | hdp=8.5 | hdp=10.5
2026-09-01T13:33:05Z,74124844,2026-09-01T16:40:00Z,Bet365,"WTA - US Open, New York, USA","Potapova, Anastasia","Valentova, Tereza",Totals (Aces),6,hdp=0.5 | hdp=2.5 | hdp=4.5 | hdp=9.5 | hdp=14.5 | hdp=19.5
2026-09-01T13:33:05Z,74124844,2026-09-01T16:40:00Z,Bet365,"WTA - US Open, New York, USA","Potapova, Anastasia","Valentova, Tereza",Totals (Games),1,hdp=21.5
2026-09-01T13:33:05Z,74124844,2026-09-01T16:40:00Z,Bet365,"WTA - US Open, New York, USA","Potapova, Anastasia","Valentova, Tereza",Team Total (Aces) Away,4,hdp=0.5 | hdp=2.5 | hdp=4.5 | hdp=9.5
2026-09-01T13:33:05Z,74124844,2026-09-01T16:40:00Z,Bet365,"WTA - US Open, New York, USA","Potapova, Anastasia","Valentova, Tereza",Team Total (Games) Away,1,hdp=12.5
2026-09-01T13:33:05Z,74124844,2026-09-01T16:40:00Z,Bet365,"WTA - US Open, New York, USA","Potapova, Anastasia","Valentova, Tereza",Team Total (Games) Home,1,hdp=11.5
2026-09-01T13:33:05Z,74124844,2026-09-01T16:40:00Z,Bet365,"WTA - US Open, New York, USA","Potapova, Anastasia","Valentova, Tereza",Set Betting,4,label=2-0 (1) | label=2-1 (1) | label=2-0 (2) | label=2-1 (2)
2026-09-01T13:33:05Z,74124844,2026-09-01T16:40:00Z,Bet365,"WTA - US Open, New York, USA","Potapova, Anastasia","Valentova, Tereza",Spread (Games),1,hdp=3.5
2026-09-01T13:33:05Z,74202326,2026-09-01T17:20:00Z,Bet365,"ATP - US Open, New York, USA","Cerundolo, Juan Manuel","Gea, Arthur",ML,1,"{'home': '2.00', 'away': '1.80'}"
2026-09-01T13:33:05Z,74202326,2026-09-01T17:20:00Z,Bet365,"ATP - US Open, New York, USA","Cerundolo, Juan Manuel","Gea, Arthur",Spread (Games),1,hdp=0.5
2026-09-01T13:33:05Z,74202326,2026-09-01T17:20:00Z,Bet365,"ATP - US Open, New York, USA","Cerundolo, Juan Manuel","Gea, Arthur",Team Total (Aces) Home,7,hdp=0.5 | hdp=2.5 | hdp=4.5 | hdp=9.5 | hdp=14.5 | hdp=19.5
2026-09-01T13:33:05Z,74202326,2026-09-01T17:20:00Z,Bet365,"ATP - US Open, New York, USA","Cerundolo, Juan Manuel","Gea, Arthur",Team Total (Double Faults) Home,9,hdp=0.5 | hdp=1.5 | hdp=2.5 | hdp=4.5 | hdp=7.5 | hdp=9.5
2026-09-01T13:33:05Z,74202326,2026-09-01T17:20:00Z,Bet365,"ATP - US Open, New York, USA","Cerundolo, Juan Manuel","Gea, Arthur",Team Total (Games) Away,1,hdp=19.5
2026-09-01T13:33:05Z,74202326,2026-09-01T17:20:00Z,Bet365,"ATP - US Open, New York, USA","Cerundolo, Juan Manuel","Gea, Arthur",Team Total (Games) Home,1,hdp=19.5
2026-09-01T13:33:05Z,74202326,2026-09-01T17:20:00Z,Bet365,"ATP - US Open, New York, USA","Cerundolo, Juan Manuel","Gea, Arthur",Totals (Double Faults),7,hdp=4.5 | hdp=7.5 | hdp=9.5 | hdp=11.5 | hdp=14.5 | hdp=19.5
2026-09-01T13:33:05Z,74202326,2026-09-01T17:20:00Z,Bet365,"ATP - US Open, New York, USA","Cerundolo, Juan Manuel","Gea, Arthur",Totals (Games),1,hdp=38.5
2026-09-01T13:33:05Z,74202326,2026-09-01T17:20:00Z,Bet365,"ATP - US Open, New York, USA","Cerundolo, Juan Manuel","Gea, Arthur",Set Betting,6,label=3-0 (1) | label=3-1 (1) | label=3-2 (1) | label=3-0 (2) | label=3-1 (2) | label=3-2 (2)
2026-09-01T13:33:05Z,74202326,2026-09-01T17:20:00Z,Bet365,"ATP - US Open, New York, USA","Cerundolo, Juan Manuel","Gea, Arthur",Team Total (Aces) Away,8,hdp=0.5 | hdp=2.5 | hdp=4.5 | hdp=9.5 | hdp=14.5 | hdp=19.5
2026-09-01T13:33:05Z,74202326,2026-09-01T17:20:00Z,Bet365,"ATP - US Open, New York, USA","Cerundolo, Juan Manuel","Gea, Arthur",Team Total (Double Faults) Away,9,hdp=0.5 | hdp=1.5 | hdp=2.5 | hdp=4.5 | hdp=7.5 | hdp=9.5
2026-09-01T13:33:05Z,74202326,2026-09-01T17:20:00Z,Bet365,"ATP - US Open, New York, USA","Cerundolo, Juan Manuel","Gea, Arthur",Totals 1st Set,6,hdp=6.5 | hdp=8.5 | hdp=10.5 | hdp=12.5 | hdp=7.5 | hdp=9.5
2026-09-01T13:33:05Z,74202326,2026-09-01T17:20:00Z,Bet365,"ATP - US Open, New York, USA","Cerundolo, Juan Manuel","Gea, Arthur",Totals (Aces),9,hdp=2.5 | hdp=4.5 | hdp=9.5 | hdp=14.5 | hdp=19.5 | hdp=24.5
2026-09-01T13:33:05Z,74124786,2026-09-01T17:20:00Z,Bet365,"ATP - US Open, New York, USA","Jodar, Rafael","Kokkinakis, Thanasi",ML,1,"{'home': '1.06', 'away': '10.00'}"
2026-09-01T13:33:05Z,74124786,2026-09-01T17:20:00Z,Bet365,"ATP - US Open, New York, USA","Jodar, Rafael","Kokkinakis, Thanasi",Team Total (Aces) Away,9,hdp=0.5 | hdp=2.5 | hdp=4.5 | hdp=9.5 | hdp=14.5 | hdp=19.5
2026-09-01T13:33:05Z,74124786,2026-09-01T17:20:00Z,Bet365,"ATP - US Open, New York, USA","Jodar, Rafael","Kokkinakis, Thanasi",Team Total (Double Faults) Home,7,hdp=11.5 | hdp=0.5 | hdp=1.5 | hdp=2.5 | hdp=4.5 | hdp=7.5
2026-09-01T13:33:05Z,74124786,2026-09-01T17:20:00Z,Bet365,"ATP - US Open, New York, USA","Jodar, Rafael","Kokkinakis, Thanasi",Team Total (Games) Away,1,hdp=12.5
2026-09-01T13:33:05Z,74124786,2026-09-01T17:20:00Z,Bet365,"ATP - US Open, New York, USA","Jodar, Rafael","Kokkinakis, Thanasi",Team Total (Games) Home,1,hdp=19.5
2026-09-01T13:33:05Z,74124786,2026-09-01T17:20:00Z,Bet365,"ATP - US Open, New York, USA","Jodar, Rafael","Kokkinakis, Thanasi",Totals (Aces),9,hdp=2.5 | hdp=4.5 | hdp=9.5 | hdp=14.5 | hdp=19.5 | hdp=24.5
2026-09-01T13:33:05Z,74124786,2026-09-01T17:20:00Z,Bet365,"ATP - US Open, New York, USA","Jodar, Rafael","Kokkinakis, Thanasi",Totals (Double Faults),9,hdp=1.5 | hdp=2.5 | hdp=4.5 | hdp=9.5 | hdp=19.5 | hdp=24.5
2026-09-01T13:33:05Z,74124786,2026-09-01T17:20:00Z,Bet365,"ATP - US Open, New York, USA","Jodar, Rafael","Kokkinakis, Thanasi",Totals (Games),1,hdp=31.5
2026-09-01T13:33:05Z,74124786,2026-09-01T17:20:00Z,Bet365,"ATP - US Open, New York, USA","Jodar, Rafael","Kokkinakis, Thanasi",Set Betting,6,label=3-0 (1) | label=3-1 (1) | label=3-2 (1) | label=3-0 (2) | label=3-1 (2) | label=3-2 (2)
2026-09-01T13:33:05Z,74124786,2026-09-01T17:20:00Z,Bet365,"ATP - US Open, New York, USA","Jodar, Rafael","Kokkinakis, Thanasi",Spread (Games),1,hdp=-7.5
2026-09-01T13:33:05Z,74124786,2026-09-01T17:20:00Z,Bet365,"ATP - US Open, New York, USA","Jodar, Rafael","Kokkinakis, Thanasi",Team Total (Aces) Home,7,hdp=0.5 | hdp=2.5 | hdp=4.5 | hdp=9.5 | hdp=14.5 | hdp=19.5
2026-09-01T13:33:05Z,74124786,2026-09-01T17:20:00Z,Bet365,"ATP - US Open, New York, USA","Jodar, Rafael","Kokkinakis, Thanasi",Team Total (Double Faults) Away,9,hdp=0.5 | hdp=1.5 | hdp=2.5 | hdp=4.5 | hdp=7.5 | hdp=9.5
2026-09-01T13:33:05Z,74124786,2026-09-01T17:20:00Z,Bet365,"ATP - US Open, New York, USA","Jodar, Rafael","Kokkinakis, Thanasi",Totals 1st Set,6,hdp=6.5 | hdp=7.5 | hdp=8.5 | hdp=9.5 | hdp=10.5 | hdp=12.5
2026-09-01T13:33:05Z,74124814,2026-09-01T17:50:00Z,Bet365,"WTA - US Open, New York, USA","Quevedo, Kaitlin","Mertens, Elise",ML,1,"{'home': '5.50', 'away': '1.14'}"
2026-09-01T13:33:05Z,74124814,2026-09-01T17:50:00Z,Bet365,"WTA - US Open, New York, USA","Quevedo, Kaitlin","Mertens, Elise",Set Betting,4,label=2-0 (1) | label=2-1 (1) | label=2-0 (2) | label=2-1 (2)
2026-09-01T13:33:05Z,74124814,2026-09-01T17:50:00Z,Bet365,"WTA - US Open, New York, USA","Quevedo, Kaitlin","Mertens, Elise",Spread (Games),1,hdp=5.5
2026-09-01T13:33:05Z,74124814,2026-09-01T17:50:00Z,Bet365,"WTA - US Open, New York, USA","Quevedo, Kaitlin","Mertens, Elise",Team Total (Aces) Away,6,hdp=0.5 | hdp=2.5 | hdp=4.5 | hdp=9.5 | hdp=14.5 | hdp=19.5
2026-09-01T13:33:05Z,74124814,2026-09-01T17:50:00Z,Bet365,"WTA - US Open, New York, USA","Quevedo, Kaitlin","Mertens, Elise",Team Total (Double Faults) Away,8,hdp=0.5 | hdp=1.5 | hdp=2.5 | hdp=4.5 | hdp=7.5 | hdp=9.5
2026-09-01T13:33:05Z,74124814,2026-09-01T17:50:00Z,Bet365,"WTA - US Open, New York, USA","Quevedo, Kaitlin","Mertens, Elise",Team Total (Double Faults) Home,7,hdp=0.5 | hdp=1.5 | hdp=2.5 | hdp=4.5 | hdp=7.5 | hdp=9.5
2026-09-01T13:33:05Z,74124814,2026-09-01T17:50:00Z,Bet365,"WTA - US Open, New York, USA","Quevedo, Kaitlin","Mertens, Elise",Team Total (Games) Away,1,hdp=12.5
2026-09-01T13:33:05Z,74124814,2026-09-01T17:50:00Z,Bet365,"WTA - US Open, New York, USA","Quevedo, Kaitlin","Mertens, Elise",Team Total (Aces) Home,4,hdp=0.5 | hdp=2.5 | hdp=4.5 | hdp=9.5
2026-09-01T13:33:05Z,74124814,2026-09-01T17:50:00Z,Bet365,"WTA - US Open, New York, USA","Quevedo, Kaitlin","Mertens, Elise",Team Total (Games) Home,1,hdp=7.5
2026-09-01T13:33:05Z,74124814,2026-09-01T17:50:00Z,Bet365,"WTA - US Open, New York, USA","Quevedo, Kaitlin","Mertens, Elise",Totals 1st Set,6,hdp=6.5 | hdp=7.5 | hdp=8.5 | hdp=9.5 | hdp=10.5 | hdp=12.5
2026-09-01T13:33:05Z,74124814,2026-09-01T17:50:00Z,Bet365,"WTA - US Open, New York, USA","Quevedo, Kaitlin","Mertens, Elise",Totals (Aces),7,hdp=0.5 | hdp=2.5 | hdp=4.5 | hdp=9.5 | hdp=14.5 | hdp=19.5
2026-09-01T13:33:05Z,74124814,2026-09-01T17:50:00Z,Bet365,"WTA - US Open, New York, USA","Quevedo, Kaitlin","Mertens, Elise",Totals (Double Faults),9,hdp=1.5 | hdp=2.5 | hdp=4.5 | hdp=7.5 | hdp=9.5 | hdp=11.5
2026-09-01T13:33:05Z,74124814,2026-09-01T17:50:00Z,Bet365,"WTA - US Open, New York, USA","Quevedo, Kaitlin","Mertens, Elise",Totals (Games),1,hdp=19.5
2026-09-01T13:33:05Z,74150434,2026-09-01T17:50:00Z,Bet365,"WTA - US Open, New York, USA","Rus, Arantxa","Jeanjean, Leolia",ML,1,"{'home': '2.62', 'away': '1.50'}"
2026-09-01T13:33:05Z,74150434,2026-09-01T17:50:00Z,Bet365,"WTA - US Open, New York, USA","Rus, Arantxa","Jeanjean, Leolia",Totals (Games),1,hdp=21.5
2026-09-01T13:33:05Z,74150434,2026-09-01T17:50:00Z,Bet365,"WTA - US Open, New York, USA","Rus, Arantxa","Jeanjean, Leolia",Set Betting,4,label=2-0 (1) | label=2-1 (1) | label=2-0 (2) | label=2-1 (2)
2026-09-01T13:33:05Z,74150434,2026-09-01T17:50:00Z,Bet365,"WTA - US Open, New York, USA","Rus, Arantxa","Jeanjean, Leolia",Spread (Games),1,hdp=3.5
2026-09-01T13:33:05Z,74150434,2026-09-01T17:50:00Z,Bet365,"WTA - US Open, New York, USA","Rus, Arantxa","Jeanjean, Leolia",Totals (Aces),6,hdp=0.5 | hdp=2.5 | hdp=4.5 | hdp=9.5 | hdp=14.5 | hdp=19.5
2026-09-01T13:33:05Z,74150434,2026-09-01T17:50:00Z,Bet365,"WTA - US Open, New York, USA","Rus, Arantxa","Jeanjean, Leolia",Totals (Double Faults),9,hdp=1.5 | hdp=2.5 | hdp=4.5 | hdp=7.5 | hdp=9.5 | hdp=14.5
2026-09-01T13:33:05Z,74150434,2026-09-01T17:50:00Z,Bet365,"WTA - US Open, New York, USA","Rus, Arantxa","Jeanjean, Leolia",Team Total (Games) Home,1,hdp=11.5
2026-09-01T13:33:05Z,74150434,2026-09-01T17:50:00Z,Bet365,"WTA - US Open, New York, USA","Rus, Arantxa","Jeanjean, Leolia",Totals 1st Set,6,hdp=7.5 | hdp=10.5 | hdp=6.5 | hdp=8.5 | hdp=9.5 | hdp=12.5
2026-09-01T13:33:05Z,74150434,2026-09-01T17:50:00Z,Bet365,"WTA - US Open, New York, USA","Rus, Arantxa","Jeanjean, Leolia",Team Total (Aces) Away,4,hdp=0.5 | hdp=2.5 | hdp=4.5 | hdp=9.5
2026-09-01T13:33:05Z,74150434,2026-09-01T17:50:00Z,Bet365,"WTA - US Open, New York, USA","Rus, Arantxa","Jeanjean, Leolia",Team Total (Aces) Home,5,hdp=0.5 | hdp=2.5 | hdp=4.5 | hdp=9.5 | hdp=14.5
2026-09-01T13:33:05Z,74150434,2026-09-01T17:50:00Z,Bet365,"WTA - US Open, New York, USA","Rus, Arantxa","Jeanjean, Leolia",Team Total (Double Faults) Away,9,hdp=0.5 | hdp=1.5 | hdp=2.5 | hdp=4.5 | hdp=7.5 | hdp=11.5
2026-09-01T13:33:05Z,74150434,2026-09-01T17:50:00Z,Bet365,"WTA - US Open, New York, USA","Rus, Arantxa","Jeanjean, Leolia",Team Total (Double Faults) Home,7,hdp=0.5 | hdp=1.5 | hdp=2.5 | hdp=7.5 | hdp=9.5 | hdp=11.5
2026-09-01T13:33:05Z,74150434,2026-09-01T17:50:00Z,Bet365,"WTA - US Open, New York, USA","Rus, Arantxa","Jeanjean, Leolia",Team Total (Games) Away,1,hdp=12.5
2026-09-01T13:33:05Z,74124770,2026-09-01T17:50:00Z,Bet365,"ATP - US Open, New York, USA","Molcan, Alex","Bonzi, Benjamin",ML,1,"{'home': '2.75', 'away': '1.44'}"
2026-09-01T13:33:05Z,74124770,2026-09-01T17:50:00Z,Bet365,"ATP - US Open, New York, USA","Molcan, Alex","Bonzi, Benjamin",Set Betting,6,label=3-0 (1) | label=3-1 (1) | label=3-2 (1) | label=3-0 (2) | label=3-1 (2) | label=3-2 (2)
2026-09-01T13:33:05Z,74124770,2026-09-01T17:50:00Z,Bet365,"ATP - US Open, New York, USA","Molcan, Alex","Bonzi, Benjamin",Team Total (Aces) Away,8,hdp=0.5 | hdp=2.5 | hdp=4.5 | hdp=9.5 | hdp=14.5 | hdp=19.5
2026-09-01T13:33:05Z,74124770,2026-09-01T17:50:00Z,Bet365,"ATP - US Open, New York, USA","Molcan, Alex","Bonzi, Benjamin",Team Total (Aces) Home,6,hdp=0.5 | hdp=2.5 | hdp=4.5 | hdp=9.5 | hdp=14.5 | hdp=19.5
2026-09-01T13:33:05Z,74124770,2026-09-01T17:50:00Z,Bet365,"ATP - US Open, New York, USA","Molcan, Alex","Bonzi, Benjamin",Team Total (Games) Away,1,hdp=20.5
2026-09-01T13:33:05Z,74124770,2026-09-01T17:50:00Z,Bet365,"ATP - US Open, New York, USA","Molcan, Alex","Bonzi, Benjamin",Totals (Games),1,hdp=37.5
2026-09-01T13:33:05Z,74124770,2026-09-01T17:50:00Z,Bet365,"ATP - US Open, New York, USA","Molcan, Alex","Bonzi, Benjamin",Spread (Games),1,hdp=4.5
2026-09-01T13:33:05Z,74124770,2026-09-01T17:50:00Z,Bet365,"ATP - US Open, New York, USA","Molcan, Alex","Bonzi, Benjamin",Team Total (Double Faults) Away,8,hdp=0.5 | hdp=1.5 | hdp=2.5 | hdp=4.5 | hdp=7.5 | hdp=9.5
2026-09-01T13:33:05Z,74124770,2026-09-01T17:50:00Z,Bet365,"ATP - US Open, New York, USA","Molcan, Alex","Bonzi, Benjamin",Team Total (Double Faults) Home,5,hdp=0.5 | hdp=1.5 | hdp=2.5 | hdp=4.5 | hdp=7.5
2026-09-01T13:33:05Z,74124770,2026-09-01T17:50:00Z,Bet365,"ATP - US Open, New York, USA","Molcan, Alex","Bonzi, Benjamin",Team Total (Games) Home,1,hdp=18.5
2026-09-01T13:33:05Z,74124770,2026-09-01T17:50:00Z,Bet365,"ATP - US Open, New York, USA","Molcan, Alex","Bonzi, Benjamin",Totals 1st Set,6,hdp=12.5 | hdp=6.5 | hdp=7.5 | hdp=8.5 | hdp=9.5 | hdp=10.5
2026-09-01T13:33:05Z,74124770,2026-09-01T17:50:00Z,Bet365,"ATP - US Open, New York, USA","Molcan, Alex","Bonzi, Benjamin",Totals (Aces),9,hdp=2.5 | hdp=4.5 | hdp=9.5 | hdp=14.5 | hdp=19.5 | hdp=24.5
2026-09-01T13:33:05Z,74124770,2026-09-01T17:50:00Z,Bet365,"ATP - US Open, New York, USA","Molcan, Alex","Bonzi, Benjamin",Totals (Double Faults),9,hdp=0.5 | hdp=1.5 | hdp=2.5 | hdp=4.5 | hdp=7.5 | hdp=9.5
2026-09-01T13:33:05Z,74124782,2026-09-01T17:50:00Z,Bet365,"ATP - US Open, New York, USA","Svajda, Zachary","Altmaier, Daniel",ML,1,"{'home': '1.66', 'away': '2.20'}"
2026-09-01T13:33:05Z,74124782,2026-09-01T17:50:00Z,Bet365,"ATP - US Open, New York, USA","Svajda, Zachary","Altmaier, Daniel",Totals (Aces),8,hdp=4.5 | hdp=9.5 | hdp=14.5 | hdp=19.5 | hdp=24.5 | hdp=29.5
2026-09-01T13:33:05Z,74124782,2026-09-01T17:50:00Z,Bet365,"ATP - US Open, New York, USA","Svajda, Zachary","Altmaier, Daniel",Team Total (Games) Away,1,hdp=19.5
2026-09-01T13:33:05Z,74124782,2026-09-01T17:50:00Z,Bet365,"ATP - US Open, New York, USA","Svajda, Zachary","Altmaier, Daniel",Totals 1st Set,6,hdp=6.5 | hdp=7.5 | hdp=8.5 | hdp=9.5 | hdp=10.5 | hdp=12.5
2026-09-01T13:33:05Z,74124782,2026-09-01T17:50:00Z,Bet365,"ATP - US Open, New York, USA","Svajda, Zachary","Altmaier, Daniel",Totals (Double Faults),8,hdp=1.5 | hdp=2.5 | hdp=4.5 | hdp=7.5 | hdp=9.5 | hdp=11.5
2026-09-01T13:33:05Z,74124782,2026-09-01T17:50:00Z,Bet365,"ATP - US Open, New York, USA","Svajda, Zachary","Altmaier, Daniel",Totals (Games),1,hdp=39.5
2026-09-01T13:33:05Z,74124782,2026-09-01T17:50:00Z,Bet365,"ATP - US Open, New York, USA","Svajda, Zachary","Altmaier, Daniel",Team Total (Double Faults) Home,7,hdp=0.5 | hdp=1.5 | hdp=2.5 | hdp=4.5 | hdp=7.5 | hdp=9.5
2026-09-01T13:33:05Z,74124782,2026-09-01T17:50:00Z,Bet365,"ATP - US Open, New York, USA","Svajda, Zachary","Altmaier, Daniel",Set Betting,6,label=3-0 (1) | label=3-1 (1) | label=3-2 (1) | label=3-0 (2) | label=3-1 (2) | label=3-2 (2)
2026-09-01T13:33:05Z,74124782,2026-09-01T17:50:00Z,Bet365,"ATP - US Open, New York, USA","Svajda, Zachary","Altmaier, Daniel",Spread (Games),1,hdp=-1.5
2026-09-01T13:33:05Z,74124782,2026-09-01T17:50:00Z,Bet365,"ATP - US Open, New York, USA","Svajda, Zachary","Altmaier, Daniel",Team Total (Aces) Away,9,hdp=0.5 | hdp=39.5 | hdp=2.5 | hdp=4.5 | hdp=9.5 | hdp=14.5
2026-09-01T13:33:05Z,74124782,2026-09-01T17:50:00Z,Bet365,"ATP - US Open, New York, USA","Svajda, Zachary","Altmaier, Daniel",Team Total (Aces) Home,8,hdp=0.5 | hdp=2.5 | hdp=4.5 | hdp=9.5 | hdp=14.5 | hdp=19.5
2026-09-01T13:33:05Z,74124782,2026-09-01T17:50:00Z,Bet365,"ATP - US Open, New York, USA","Svajda, Zachary","Altmaier, Daniel",Team Total (Double Faults) Away,7,hdp=0.5 | hdp=1.5 | hdp=2.5 | hdp=4.5 | hdp=7.5 | hdp=9.5
2026-09-01T13:33:05Z,74124782,2026-09-01T17:50:00Z,Bet365,"ATP - US Open, New York, USA","Svajda, Zachary","Altmaier, Daniel",Team Total (Games) Home,1,hdp=20.5
2026-09-01T13:33:05Z,74249810,2026-09-01T16:40:00Z,Bet365,"WTA - US Open, New York, USA","Potapova, Anastasia","Semenistaja, Darja",ML,1,"{'home': '1.22', 'away': '4.33'}"
2026-09-01T13:33:05Z,74249810,2026-09-01T16:40:00Z,Bet365,"WTA - US Open, New York, USA","Potapova, Anastasia","Semenistaja, Darja",Totals (Double Faults),9,hdp=0.5 | hdp=1.5 | hdp=2.5 | hdp=4.5 | hdp=7.5 | hdp=9.5
2026-09-01T13:33:05Z,74249810,2026-09-01T16:40:00Z,Bet365,"WTA - US Open, New York, USA","Potapova, Anastasia","Semenistaja, Darja",Totals (Aces),6,hdp=0.5 | hdp=2.5 | hdp=4.5 | hdp=9.5 | hdp=14.5 | hdp=19.5
2026-09-01T13:33:05Z,74249810,2026-09-01T16:40:00Z,Bet365,"WTA - US Open, New York, USA","Potapova, Anastasia","Semenistaja, Darja",Team Total (Aces) Home,5,hdp=0.5 | hdp=2.5 | hdp=4.5 | hdp=9.5 | hdp=14.5
2026-09-01T13:33:05Z,74249810,2026-09-01T16:40:00Z,Bet365,"WTA - US Open, New York, USA","Potapova, Anastasia","Semenistaja, Darja",Team Total (Double Faults) Home,8,hdp=0.5 | hdp=1.5 | hdp=2.5 | hdp=4.5 | hdp=7.5 | hdp=9.5
2026-09-01T13:33:05Z,74249810,2026-09-01T16:40:00Z,Bet365,"WTA - US Open, New York, USA","Potapova, Anastasia","Semenistaja, Darja",Totals 1st Set,6,hdp=6.5 | hdp=7.5 | hdp=8.5 | hdp=9.5 | hdp=10.5 | hdp=12.5
2026-09-01T13:33:05Z,74249810,2026-09-01T16:40:00Z,Bet365,"WTA - US Open, New York, USA","Potapova, Anastasia","Semenistaja, Darja",Team Total (Games) Away,1,hdp=8.5
2026-09-01T13:33:05Z,74249810,2026-09-01T16:40:00Z,Bet365,"WTA - US Open, New York, USA","Potapova, Anastasia","Semenistaja, Darja",Totals (Games),1,hdp=20.5
2026-09-01T13:33:05Z,74249810,2026-09-01T16:40:00Z,Bet365,"WTA - US Open, New York, USA","Potapova, Anastasia","Semenistaja, Darja",Team Total (Games) Home,1,hdp=12.5
2026-09-01T13:33:05Z,74249810,2026-09-01T16:40:00Z,Bet365,"WTA - US Open, New York, USA","Potapova, Anastasia","Semenistaja, Darja",Set Betting,4,label=2-0 (1) | label=2-1 (1) | label=2-0 (2) | label=2-1 (2)
2026-09-01T13:33:05Z,74249810,2026-09-01T16:40:00Z,Bet365,"WTA - US Open, New York, USA","Potapova, Anastasia","Semenistaja, Darja",Spread (Games),1,hdp=-4.5
2026-09-01T13:33:05Z,74249810,2026-09-01T16:40:00Z,Bet365,"WTA - US Open, New York, USA","Potapova, Anastasia","Semenistaja, Darja",Team Total (Aces) Away,4,hdp=0.5 | hdp=2.5 | hdp=4.5 | hdp=9.5
2026-09-01T13:33:05Z,74249810,2026-09-01T16:40:00Z,Bet365,"WTA - US Open, New York, USA","Potapova, Anastasia","Semenistaja, Darja",Team Total (Double Faults) Away,5,hdp=0.5 | hdp=1.5 | hdp=2.5 | hdp=4.5 | hdp=7.5
2026-09-01T13:33:05Z,74124850,2026-09-01T16:40:00Z,Bet365,"WTA - US Open, New York, USA","Andreeva, Mirra","Tjen, Janice",ML,1,"{'home': '1.11', 'away': '6.50'}"
2026-09-01T13:33:05Z,74124850,2026-09-01T16:40:00Z,Bet365,"WTA - US Open, New York, USA","Andreeva, Mirra","Tjen, Janice",Team Total (Aces) Home,5,hdp=0.5 | hdp=2.5 | hdp=4.5 | hdp=9.5 | hdp=14.5
2026-09-01T13:33:05Z,74124850,2026-09-01T16:40:00Z,Bet365,"WTA - US Open, New York, USA","Andreeva, Mirra","Tjen, Janice",Team Total (Games) Home,1,hdp=12.5
2026-09-01T13:33:05Z,74124850,2026-09-01T16:40:00Z,Bet365,"WTA - US Open, New York, USA","Andreeva, Mirra","Tjen, Janice",Totals (Aces),7,hdp=0.5 | hdp=2.5 | hdp=4.5 | hdp=9.5 | hdp=14.5 | hdp=19.5
2026-09-01T13:33:05Z,74124850,2026-09-01T16:40:00Z,Bet365,"WTA - US Open, New York, USA","Andreeva, Mirra","Tjen, Janice",Spread (Games),1,hdp=-5.5
2026-09-01T13:33:05Z,74124850,2026-09-01T16:40:00Z,Bet365,"WTA - US Open, New York, USA","Andreeva, Mirra","Tjen, Janice",Team Total (Aces) Away,5,hdp=0.5 | hdp=2.5 | hdp=4.5 | hdp=9.5 | hdp=14.5
2026-09-01T13:33:05Z,74124850,2026-09-01T16:40:00Z,Bet365,"WTA - US Open, New York, USA","Andreeva, Mirra","Tjen, Janice",Team Total (Double Faults) Home,7,hdp=0.5 | hdp=1.5 | hdp=2.5 | hdp=4.5 | hdp=7.5 | hdp=9.5
2026-09-01T13:33:05Z,74124850,2026-09-01T16:40:00Z,Bet365,"WTA - US Open, New York, USA","Andreeva, Mirra","Tjen, Janice",Team Total (Double Faults) Away,6,hdp=0.5 | hdp=1.5 | hdp=2.5 | hdp=4.5 | hdp=7.5 | hdp=9.5
2026-09-01T13:33:05Z,74124850,2026-09-01T16:40:00Z,Bet365,"WTA - US Open, New York, USA","Andreeva, Mirra","Tjen, Janice",Totals 1st Set,6,hdp=6.5 | hdp=8.5 | hdp=9.5 | hdp=10.5 | hdp=12.5 | hdp=7.5
2026-09-01T13:33:05Z,74124850,2026-09-01T16:40:00Z,Bet365,"WTA - US Open, New York, USA","Andreeva, Mirra","Tjen, Janice",Totals (Double Faults),9,hdp=0.5 | hdp=1.5 | hdp=2.5 | hdp=4.5 | hdp=7.5 | hdp=9.5
2026-09-01T13:33:05Z,74124850,2026-09-01T16:40:00Z,Bet365,"WTA - US Open, New York, USA","Andreeva, Mirra","Tjen, Janice",Totals (Games),1,hdp=18.5
2026-09-01T13:33:05Z,74124850,2026-09-01T16:40:00Z,Bet365,"WTA - US Open, New York, USA","Andreeva, Mirra","Tjen, Janice",Team Total (Games) Away,1,hdp=6.5
2026-09-01T13:33:05Z,74124850,2026-09-01T16:40:00Z,Bet365,"WTA - US Open, New York, USA","Andreeva, Mirra","Tjen, Janice",Set Betting,4,label=2-0 (1) | label=2-1 (1) | label=2-0 (2) | label=2-1 (2)
2026-09-01T13:33:05Z,74124846,2026-09-01T16:40:00Z,Bet365,"WTA - US Open, New York, USA","Maria, Tatjana","Ostapenko, Jelena",ML,1,"{'home': '2.30', 'away': '1.61'}"
2026-09-01T13:33:05Z,74124846,2026-09-01T16:40:00Z,Bet365,"WTA - US Open, New York, USA","Maria, Tatjana","Ostapenko, Jelena",Team Total (Double Faults) Away,10,hdp=0.5 | hdp=1.5 | hdp=2.5 | hdp=4.5 | hdp=7.5 | hdp=9.5
2026-09-01T13:33:05Z,74124846,2026-09-01T16:40:00Z,Bet365,"WTA - US Open, New York, USA","Maria, Tatjana","Ostapenko, Jelena",Totals (Games),1,hdp=21.5
2026-09-01T13:33:05Z,74124846,2026-09-01T16:40:00Z,Bet365,"WTA - US Open, New York, USA","Maria, Tatjana","Ostapenko, Jelena",Spread (Games),1,hdp=2.5
2026-09-01T13:33:05Z,74124846,2026-09-01T16:40:00Z,Bet365,"WTA - US Open, New York, USA","Maria, Tatjana","Ostapenko, Jelena",Team Total (Aces) Away,5,hdp=0.5 | hdp=2.5 | hdp=4.5 | hdp=9.5 | hdp=14.5
2026-09-01T13:33:05Z,74124846,2026-09-01T16:40:00Z,Bet365,"WTA - US Open, New York, USA","Maria, Tatjana","Ostapenko, Jelena",Team Total (Aces) Home,6,hdp=0.5 | hdp=2.5 | hdp=4.5 | hdp=9.5 | hdp=14.5 | hdp=19.5
2026-09-01T13:33:05Z,74124846,2026-09-01T16:40:00Z,Bet365,"WTA - US Open, New York, USA","Maria, Tatjana","Ostapenko, Jelena",Totals (Double Faults),9,hdp=1.5 | hdp=2.5 | hdp=4.5 | hdp=7.5 | hdp=9.5 | hdp=11.5
2026-09-01T13:33:05Z,74124846,2026-09-01T16:40:00Z,Bet365,"WTA - US Open, New York, USA","Maria, Tatjana","Ostapenko, Jelena",Team Total (Games) Away,1,hdp=12.5
2026-09-01T13:33:05Z,74124846,2026-09-01T16:40:00Z,Bet365,"WTA - US Open, New York, USA","Maria, Tatjana","Ostapenko, Jelena",Team Total (Games) Home,1,hdp=11.5
2026-09-01T13:33:05Z,74124846,2026-09-01T16:40:00Z,Bet365,"WTA - US Open, New York, USA","Maria, Tatjana","Ostapenko, Jelena",Set Betting,4,label=2-0 (1) | label=2-1 (1) | label=2-0 (2) | label=2-1 (2)
2026-09-01T13:33:05Z,74124846,2026-09-01T16:40:00Z,Bet365,"WTA - US Open, New York, USA","Maria, Tatjana","Ostapenko, Jelena",Team Total (Double Faults) Home,6,hdp=0.5 | hdp=1.5 | hdp=2.5 | hdp=4.5 | hdp=7.5 | hdp=9.5
2026-09-01T13:33:05Z,74124846,2026-09-01T16:40:00Z,Bet365,"WTA - US Open, New York, USA","Maria, Tatjana","Ostapenko, Jelena",Totals 1st Set,6,hdp=6.5 | hdp=12.5 | hdp=7.5 | hdp=8.5 | hdp=9.5 | hdp=10.5
2026-09-01T13:33:05Z,74124846,2026-09-01T16:40:00Z,Bet365,"WTA - US Open, New York, USA","Maria, Tatjana","Ostapenko, Jelena",Totals (Aces),8,hdp=0.5 | hdp=2.5 | hdp=4.5 | hdp=9.5 | hdp=14.5 | hdp=19.5
2026-09-01T13:33:05Z,74124784,2026-09-01T17:50:00Z,Bet365,"ATP - US Open, New York, USA","Marozsan, Fabian","Zheng, Michael",ML,1,"{'home': '2.20', 'away': '1.66'}"
2026-09-01T13:33:05Z,74124784,2026-09-01T17:50:00Z,Bet365,"ATP - US Open, New York, USA","Marozsan, Fabian","Zheng, Michael",Set Betting,6,label=3-0 (1) | label=3-1 (1) | label=3-2 (1) | label=3-0 (2) | label=3-1 (2) | label=3-2 (2)
2026-09-01T13:33:05Z,74124784,2026-09-01T17:50:00Z,Bet365,"ATP - US Open, New York, USA","Marozsan, Fabian","Zheng, Michael",Spread (Games),1,hdp=1.5
2026-09-01T13:33:05Z,74124784,2026-09-01T17:50:00Z,Bet365,"ATP - US Open, New York, USA","Marozsan, Fabian","Zheng, Michael",Team Total (Double Faults) Away,8,hdp=0.5 | hdp=1.5 | hdp=2.5 | hdp=4.5 | hdp=7.5 | hdp=9.5
2026-09-01T13:33:05Z,74124784,2026-09-01T17:50:00Z,Bet365,"ATP - US Open, New York, USA","Marozsan, Fabian","Zheng, Michael",Team Total (Double Faults) Home,7,hdp=0.5 | hdp=1.5 | hdp=2.5 | hdp=4.5 | hdp=7.5 | hdp=9.5
2026-09-01T13:33:05Z,74124784,2026-09-01T17:50:00Z,Bet365,"ATP - US Open, New York, USA","Marozsan, Fabian","Zheng, Michael",Team Total (Games) Away,1,hdp=20.5
2026-09-01T13:33:05Z,74124784,2026-09-01T17:50:00Z,Bet365,"ATP - US Open, New York, USA","Marozsan, Fabian","Zheng, Michael",Totals (Double Faults),8,hdp=1.5 | hdp=2.5 | hdp=4.5 | hdp=7.5 | hdp=9.5 | hdp=11.5
2026-09-01T13:33:05Z,74124784,2026-09-01T17:50:00Z,Bet365,"ATP - US Open, New York, USA","Marozsan, Fabian","Zheng, Michael",Totals (Games),1,hdp=38.5
2026-09-01T13:33:05Z,74124784,2026-09-01T17:50:00Z,Bet365,"ATP - US Open, New York, USA","Marozsan, Fabian","Zheng, Michael",Team Total (Games) Home,1,hdp=19.5
2026-09-01T13:33:05Z,74124784,2026-09-01T17:50:00Z,Bet365,"ATP - US Open, New York, USA","Marozsan, Fabian","Zheng, Michael",Totals 1st Set,6,hdp=6.5 | hdp=12.5 | hdp=7.5 | hdp=8.5 | hdp=9.5 | hdp=10.5
2026-09-01T13:33:05Z,74124838,2026-09-01T17:50:00Z,Bet365,"WTA - US Open, New York, USA","Jovic, Iva","Frech, Magdalena",ML,1,"{'home': '1.28', 'away': '3.75'}"
2026-09-01T13:33:05Z,74124838,2026-09-01T17:50:00Z,Bet365,"WTA - US Open, New York, USA","Jovic, Iva","Frech, Magdalena",Spread (Games),1,hdp=-4.5
2026-09-01T13:33:05Z,74124838,2026-09-01T17:50:00Z,Bet365,"WTA - US Open, New York, USA","Jovic, Iva","Frech, Magdalena",Team Total (Aces) Home,5,hdp=0.5 | hdp=2.5 | hdp=4.5 | hdp=9.5 | hdp=14.5
2026-09-01T13:33:05Z,74124838,2026-09-01T17:50:00Z,Bet365,"WTA - US Open, New York, USA","Jovic, Iva","Frech, Magdalena",Team Total (Double Faults) Away,5,hdp=0.5 | hdp=1.5 | hdp=2.5 | hdp=4.5 | hdp=7.5
2026-09-01T13:33:05Z,74124838,2026-09-01T17:50:00Z,Bet365,"WTA - US Open, New York, USA","Jovic, Iva","Frech, Magdalena",Team Total (Double Faults) Home,7,hdp=0.5 | hdp=1.5 | hdp=2.5 | hdp=4.5 | hdp=7.5 | hdp=9.5
2026-09-01T13:33:05Z,74124838,2026-09-01T17:50:00Z,Bet365,"WTA - US Open, New York, USA","Jovic, Iva","Frech, Magdalena",Team Total (Games) Away,1,hdp=9.5
2026-09-01T13:33:05Z,74124838,2026-09-01T17:50:00Z,Bet365,"WTA - US Open, New York, USA","Jovic, Iva","Frech, Magdalena",Totals 1st Set,6,hdp=6.5 | hdp=7.5 | hdp=8.5 | hdp=9.5 | hdp=10.5 | hdp=12.5
2026-09-01T13:33:05Z,74124838,2026-09-01T17:50:00Z,Bet365,"WTA - US Open, New York, USA","Jovic, Iva","Frech, Magdalena",Totals (Double Faults),8,hdp=0.5 | hdp=1.5 | hdp=2.5 | hdp=4.5 | hdp=7.5 | hdp=9.5
2026-09-01T13:33:05Z,74124838,2026-09-01T17:50:00Z,Bet365,"WTA - US Open, New York, USA","Jovic, Iva","Frech, Magdalena",Set Betting,4,label=2-0 (1) | label=2-1 (1) | label=2-0 (2) | label=2-1 (2)
2026-09-01T13:33:05Z,74124838,2026-09-01T17:50:00Z,Bet365,"WTA - US Open, New York, USA","Jovic, Iva","Frech, Magdalena",Team Total (Aces) Away,5,hdp=0.5 | hdp=2.5 | hdp=4.5 | hdp=9.5 | hdp=14.5
2026-09-01T13:33:05Z,74124838,2026-09-01T17:50:00Z,Bet365,"WTA - US Open, New York, USA","Jovic, Iva","Frech, Magdalena",Team Total (Games) Home,1,hdp=12.5
2026-09-01T13:33:05Z,74124838,2026-09-01T17:50:00Z,Bet365,"WTA - US Open, New York, USA","Jovic, Iva","Frech, Magdalena",Totals (Aces),7,hdp=0.5 | hdp=2.5 | hdp=4.5 | hdp=9.5 | hdp=14.5 | hdp=19.5
2026-09-01T13:33:05Z,74124838,2026-09-01T17:50:00Z,Bet365,"WTA - US Open, New York, USA","Jovic, Iva","Frech, Magdalena",Totals (Games),1,hdp=21.5
2026-09-01T13:33:05Z,74124848,2026-09-01T18:20:00Z,Bet365,"WTA - US Open, New York, USA","Bartunkova, Nikola","Sherif Ahmed Abdelaziz, Mayar",ML,1,"{'home': '1.16', 'away': '5.00'}"
2026-09-01T13:33:05Z,74124848,2026-09-01T18:20:00Z,Bet365,"WTA - US Open, New York, USA","Bartunkova, Nikola","Sherif Ahmed Abdelaziz, Mayar",Team Total (Games) Home,1,hdp=12.5
2026-09-01T13:33:05Z,74124848,2026-09-01T18:20:00Z,Bet365,"WTA - US Open, New York, USA","Bartunkova, Nikola","Sherif Ahmed Abdelaziz, Mayar",Team Total (Aces) Home,5,hdp=0.5 | hdp=2.5 | hdp=4.5 | hdp=9.5 | hdp=14.5
2026-09-01T13:33:05Z,74124848,2026-09-01T18:20:00Z,Bet365,"WTA - US Open, New York, USA","Bartunkova, Nikola","Sherif Ahmed Abdelaziz, Mayar",Team Total (Double Faults) Away,5,hdp=0.5 | hdp=1.5 | hdp=2.5 | hdp=4.5 | hdp=7.5
2026-09-01T13:33:05Z,74124848,2026-09-01T18:20:00Z,Bet365,"WTA - US Open, New York, USA","Bartunkova, Nikola","Sherif Ahmed Abdelaziz, Mayar",Team Total (Double Faults) Home,8,hdp=0.5 | hdp=1.5 | hdp=2.5 | hdp=4.5 | hdp=7.5 | hdp=9.5
2026-09-01T13:33:05Z,74124848,2026-09-01T18:20:00Z,Bet365,"WTA - US Open, New York, USA","Bartunkova, Nikola","Sherif Ahmed Abdelaziz, Mayar",Team Total (Games) Away,1,hdp=9.5
2026-09-01T13:33:05Z,74124848,2026-09-01T18:20:00Z,Bet365,"WTA - US Open, New York, USA","Bartunkova, Nikola","Sherif Ahmed Abdelaziz, Mayar",Spread (Games),1,hdp=-4.5
2026-09-01T13:33:05Z,74124848,2026-09-01T18:20:00Z,Bet365,"WTA - US Open, New York, USA","Bartunkova, Nikola","Sherif Ahmed Abdelaziz, Mayar",Totals 1st Set,6,hdp=6.5 | hdp=7.5 | hdp=8.5 | hdp=9.5 | hdp=10.5 | hdp=12.5
2026-09-01T13:33:05Z,74124848,2026-09-01T18:20:00Z,Bet365,"WTA - US Open, New York, USA","Bartunkova, Nikola","Sherif Ahmed Abdelaziz, Mayar",Totals (Aces),6,hdp=0.5 | hdp=2.5 | hdp=4.5 | hdp=9.5 | hdp=14.5 | hdp=19.5
2026-09-01T13:33:05Z,74124848,2026-09-01T18:20:00Z,Bet365,"WTA - US Open, New York, USA","Bartunkova, Nikola","Sherif Ahmed Abdelaziz, Mayar",Totals (Double Faults),9,hdp=0.5 | hdp=1.5 | hdp=2.5 | hdp=4.5 | hdp=7.5 | hdp=9.5
2026-09-01T13:33:05Z,74124848,2026-09-01T18:20:00Z,Bet365,"WTA - US Open, New York, USA","Bartunkova, Nikola","Sherif Ahmed Abdelaziz, Mayar",Totals (Games),1,hdp=20.5
2026-09-01T13:33:05Z,74124848,2026-09-01T18:20:00Z,Bet365,"WTA - US Open, New York, USA","Bartunkova, Nikola","Sherif Ahmed Abdelaziz, Mayar",Team Total (Aces) Away,4,hdp=0.5 | hdp=2.5 | hdp=4.5 | hdp=9.5
2026-09-01T13:33:05Z,74124848,2026-09-01T18:20:00Z,Bet365,"WTA - US Open, New York, USA","Bartunkova, Nikola","Sherif Ahmed Abdelaziz, Mayar",Set Betting,4,label=2-0 (1) | label=2-1 (1) | label=2-0 (2) | label=2-1 (2)
2026-09-01T13:33:05Z,74124836,2026-09-01T19:30:00Z,Bet365,"WTA - US Open, New York, USA","Oliynykova, Oleksandra","Brantmeier, Reese",ML,1,"{'home': '1.90', 'away': '1.90'}"
2026-09-01T13:33:05Z,74124836,2026-09-01T19:30:00Z,Bet365,"WTA - US Open, New York, USA","Oliynykova, Oleksandra","Brantmeier, Reese",Set Betting,4,label=2-0 (1) | label=2-1 (1) | label=2-0 (2) | label=2-1 (2)
2026-09-01T13:33:05Z,74124836,2026-09-01T19:30:00Z,Bet365,"WTA - US Open, New York, USA","Oliynykova, Oleksandra","Brantmeier, Reese",Spread (Games),1,hdp=0.5
2026-09-01T13:33:05Z,74124836,2026-09-01T19:30:00Z,Bet365,"WTA - US Open, New York, USA","Oliynykova, Oleksandra","Brantmeier, Reese",Team Total (Aces) Away,6,hdp=0.5 | hdp=2.5 | hdp=4.5 | hdp=9.5 | hdp=14.5 | hdp=19.5
2026-09-01T13:33:05Z,74124836,2026-09-01T19:30:00Z,Bet365,"WTA - US Open, New York, USA","Oliynykova, Oleksandra","Brantmeier, Reese",Team Total (Aces) Home,4,hdp=0.5 | hdp=2.5 | hdp=4.5 | hdp=9.5
2026-09-01T13:33:05Z,74124836,2026-09-01T19:30:00Z,Bet365,"WTA - US Open, New York, USA","Oliynykova, Oleksandra","Brantmeier, Reese",Team Total (Double Faults) Away,6,hdp=0.5 | hdp=1.5 | hdp=2.5 | hdp=4.5 | hdp=7.5 | hdp=9.5
2026-09-01T13:33:05Z,74124836,2026-09-01T19:30:00Z,Bet365,"WTA - US Open, New York, USA","Oliynykova, Oleksandra","Brantmeier, Reese",Team Total (Games) Home,1,hdp=12.5
2026-09-01T13:33:05Z,74124836,2026-09-01T19:30:00Z,Bet365,"WTA - US Open, New York, USA","Oliynykova, Oleksandra","Brantmeier, Reese",Totals (Aces),7,hdp=14.5 | hdp=19.5 | hdp=24.5 | hdp=0.5 | hdp=2.5 | hdp=4.5
2026-09-01T13:33:05Z,74124836,2026-09-01T19:30:00Z,Bet365,"WTA - US Open, New York, USA","Oliynykova, Oleksandra","Brantmeier, Reese",Team Total (Double Faults) Home,6,hdp=0.5 | hdp=1.5 | hdp=2.5 | hdp=4.5 | hdp=7.5 | hdp=9.5
2026-09-01T13:33:05Z,74124836,2026-09-01T19:30:00Z,Bet365,"WTA - US Open, New York, USA","Oliynykova, Oleksandra","Brantmeier, Reese",Team Total (Games) Away,1,hdp=12.5
2026-09-01T13:33:05Z,74124836,2026-09-01T19:30:00Z,Bet365,"WTA - US Open, New York, USA","Oliynykova, Oleksandra","Brantmeier, Reese",Totals 1st Set,6,hdp=7.5 | hdp=10.5 | hdp=9.5 | hdp=6.5 | hdp=8.5 | hdp=12.5
2026-09-01T13:33:05Z,74124836,2026-09-01T19:30:00Z,Bet365,"WTA - US Open, New York, USA","Oliynykova, Oleksandra","Brantmeier, Reese",Totals (Double Faults),8,hdp=0.5 | hdp=1.5 | hdp=2.5 | hdp=4.5 | hdp=7.5 | hdp=9.5
2026-09-01T13:33:05Z,74124836,2026-09-01T19:30:00Z,Bet365,"WTA - US Open, New York, USA","Oliynykova, Oleksandra","Brantmeier, Reese",Totals (Games),1,hdp=21.5
2026-09-01T13:33:05Z,74150362,2026-09-01T21:00:00Z,Bet365,"ATP - US Open, New York, USA","Guerrieri, Andrea","de Minaur, Alex",ML,1,"{'home': '13.00', 'away': '1.04'}"
2026-09-01T13:33:05Z,74150362,2026-09-01T21:00:00Z,Bet365,"ATP - US Open, New York, USA","Guerrieri, Andrea","de Minaur, Alex",Team Total (Games) Home,1,hdp=9.5
2026-09-01T13:33:05Z,74150362,2026-09-01T21:00:00Z,Bet365,"ATP - US Open, New York, USA","Guerrieri, Andrea","de Minaur, Alex",Team Total (Double Faults) Home,8,hdp=1.5 | hdp=2.5 | hdp=4.5 | hdp=7.5 | hdp=9.5 | hdp=11.5
2026-09-01T13:33:05Z,74150362,2026-09-01T21:00:00Z,Bet365,"ATP - US Open, New York, USA","Guerrieri, Andrea","de Minaur, Alex",Team Total (Double Faults) Away,7,hdp=0.5 | hdp=1.5 | hdp=2.5 | hdp=4.5 | hdp=7.5 | hdp=9.5
2026-09-01T13:33:05Z,74150362,2026-09-01T21:00:00Z,Bet365,"ATP - US Open, New York, USA","Guerrieri, Andrea","de Minaur, Alex",Set Betting,6,label=3-0 (1) | label=3-1 (1) | label=3-2 (1) | label=3-0 (2) | label=3-1 (2) | label=3-2 (2)
2026-09-01T13:33:05Z,74150362,2026-09-01T21:00:00Z,Bet365,"ATP - US Open, New York, USA","Guerrieri, Andrea","de Minaur, Alex",Team Total (Games) Away,1,hdp=18.5
2026-09-01T13:33:05Z,74150362,2026-09-01T21:00:00Z,Bet365,"ATP - US Open, New York, USA","Guerrieri, Andrea","de Minaur, Alex",Team Total (Aces) Home,6,hdp=0.5 | hdp=2.5 | hdp=4.5 | hdp=9.5 | hdp=14.5 | hdp=19.5
2026-09-01T13:33:05Z,74150362,2026-09-01T21:00:00Z,Bet365,"ATP - US Open, New York, USA","Guerrieri, Andrea","de Minaur, Alex",Totals 1st Set,6,hdp=6.5 | hdp=8.5 | hdp=10.5 | hdp=9.5 | hdp=7.5 | hdp=12.5
2026-09-01T13:33:05Z,74150362,2026-09-01T21:00:00Z,Bet365,"ATP - US Open, New York, USA","Guerrieri, Andrea","de Minaur, Alex",Totals (Aces),8,hdp=2.5 | hdp=4.5 | hdp=9.5 | hdp=14.5 | hdp=19.5 | hdp=24.5
2026-09-01T13:33:05Z,74150362,2026-09-01T21:00:00Z,Bet365,"ATP - US Open, New York, USA","Guerrieri, Andrea","de Minaur, Alex",Totals (Double Faults),8,hdp=2.5 | hdp=4.5 | hdp=7.5 | hdp=9.5 | hdp=11.5 | hdp=14.5
2026-09-01T13:33:05Z,74150362,2026-09-01T21:00:00Z,Bet365,"ATP - US Open, New York, USA","Guerrieri, Andrea","de Minaur, Alex",Totals (Games),1,hdp=28.5
2026-09-01T13:33:05Z,74150362,2026-09-01T21:00:00Z,Bet365,"ATP - US Open, New York, USA","Guerrieri, Andrea","de Minaur, Alex",Spread (Games),1,hdp=9.5
2026-09-01T13:33:05Z,74150362,2026-09-01T21:00:00Z,Bet365,"ATP - US Open, New York, USA","Guerrieri, Andrea","de Minaur, Alex",Team Total (Aces) Away,7,hdp=0.5 | hdp=2.5 | hdp=4.5 | hdp=9.5 | hdp=14.5 | hdp=19.5
2026-09-01T13:33:05Z,74124830,2026-09-01T23:00:00Z,Bet365,"WTA - US Open, New York, USA","Sonmez, Zeynep","Gauff, Coco",ML,1,"{'home': '13.00', 'away': '1.04'}"
2026-09-01T13:33:05Z,74124830,2026-09-01T23:00:00Z,Bet365,"WTA - US Open, New York, USA","Sonmez, Zeynep","Gauff, Coco",Spread (Games),1,hdp=6.5
2026-09-01T13:33:05Z,74124830,2026-09-01T23:00:00Z,Bet365,"WTA - US Open, New York, USA","Sonmez, Zeynep","Gauff, Coco",Totals (Double Faults),9,hdp=1.5 | hdp=2.5 | hdp=4.5 | hdp=7.5 | hdp=9.5 | hdp=11.5
2026-09-01T13:33:05Z,74124830,2026-09-01T23:00:00Z,Bet365,"WTA - US Open, New York, USA","Sonmez, Zeynep","Gauff, Coco",Team Total (Games) Home,1,hdp=5.5
2026-09-01T13:33:05Z,74124830,2026-09-01T23:00:00Z,Bet365,"WTA - US Open, New York, USA","Sonmez, Zeynep","Gauff, Coco",Team Total (Aces) Away,1,hdp=0.5
2026-09-01T13:33:05Z,74124830,2026-09-01T23:00:00Z,Bet365,"WTA - US Open, New York, USA","Sonmez, Zeynep","Gauff, Coco",Team Total (Double Faults) Away,9,hdp=0.5 | hdp=1.5 | hdp=2.5 | hdp=4.5 | hdp=7.5 | hdp=9.5
2026-09-01T13:33:05Z,74124830,2026-09-01T23:00:00Z,Bet365,"WTA - US Open, New York, USA","Sonmez, Zeynep","Gauff, Coco",Team Total (Games) Away,1,hdp=12.5
2026-09-01T13:33:05Z,74124830,2026-09-01T23:00:00Z,Bet365,"WTA - US Open, New York, USA","Sonmez, Zeynep","Gauff, Coco",Totals 1st Set,6,hdp=6.5 | hdp=7.5 | hdp=8.5 | hdp=9.5 | hdp=10.5 | hdp=12.5
2026-09-01T13:33:05Z,74124830,2026-09-01T23:00:00Z,Bet365,"WTA - US Open, New York, USA","Sonmez, Zeynep","Gauff, Coco",Totals (Games),1,hdp=17.5
2026-09-01T13:33:05Z,74124830,2026-09-01T23:00:00Z,Bet365,"WTA - US Open, New York, USA","Sonmez, Zeynep","Gauff, Coco",Totals (Aces),6,hdp=0.5 | hdp=2.5 | hdp=4.5 | hdp=9.5 | hdp=14.5 | hdp=19.5
2026-09-01T13:33:05Z,74124830,2026-09-01T23:00:00Z,Bet365,"WTA - US Open, New York, USA","Sonmez, Zeynep","Gauff, Coco",Set Betting,4,label=2-0 (1) | label=2-1 (1) | label=2-0 (2) | label=2-1 (2)
2026-09-01T13:33:05Z,74124830,2026-09-01T23:00:00Z,Bet365,"WTA - US Open, New York, USA","Sonmez, Zeynep","Gauff, Coco",Team Total (Aces) Home,3,hdp=0.5 | hdp=2.5 | hdp=4.5
2026-09-01T13:33:05Z,74124830,2026-09-01T23:00:00Z,Bet365,"WTA - US Open, New York, USA","Sonmez, Zeynep","Gauff, Coco",Team Total (Double Faults) Home,7,hdp=0.5 | hdp=1.5 | hdp=2.5 | hdp=4.5 | hdp=7.5 | hdp=9.5
2026-09-01T13:33:05Z,74150432,2026-09-01T19:00:00Z,Bet365,"WTA - US Open, New York, USA","Linette, Magda","Jones, Francesca",ML,1,"{'home': '1.80', 'away': '2.00'}"
2026-09-01T13:33:05Z,74150432,2026-09-01T19:00:00Z,Bet365,"WTA - US Open, New York, USA","Linette, Magda","Jones, Francesca",Team Total (Games) Away,1,hdp=12.5
2026-09-01T13:33:05Z,74150432,2026-09-01T19:00:00Z,Bet365,"WTA - US Open, New York, USA","Linette, Magda","Jones, Francesca",Totals 1st Set,6,hdp=9.5 | hdp=6.5 | hdp=8.5 | hdp=12.5 | hdp=7.5 | hdp=10.5
2026-09-01T13:33:05Z,74150432,2026-09-01T19:00:00Z,Bet365,"WTA - US Open, New York, USA","Linette, Magda","Jones, Francesca",Spread (Games),1,hdp=-0.5
2026-09-01T13:33:05Z,74150432,2026-09-01T19:00:00Z,Bet365,"WTA - US Open, New York, USA","Linette, Magda","Jones, Francesca",Team Total (Aces) Away,4,hdp=0.5 | hdp=2.5 | hdp=4.5 | hdp=9.5
2026-09-01T13:33:05Z,74150432,2026-09-01T19:00:00Z,Bet365,"WTA - US Open, New York, USA","Linette, Magda","Jones, Francesca",Team Total (Aces) Home,6,hdp=0.5 | hdp=2.5 | hdp=4.5 | hdp=9.5 | hdp=14.5 | hdp=19.5
2026-09-01T13:33:05Z,74150432,2026-09-01T19:00:00Z,Bet365,"WTA - US Open, New York, USA","Linette, Magda","Jones, Francesca",Team Total (Games) Home,1,hdp=12.5
2026-09-01T13:33:05Z,74150432,2026-09-01T19:00:00Z,Bet365,"WTA - US Open, New York, USA","Linette, Magda","Jones, Francesca",Totals (Aces),7,hdp=0.5 | hdp=2.5 | hdp=4.5 | hdp=9.5 | hdp=14.5 | hdp=19.5
2026-09-01T13:33:05Z,74150432,2026-09-01T19:00:00Z,Bet365,"WTA - US Open, New York, USA","Linette, Magda","Jones, Francesca",Totals (Double Faults),8,hdp=1.5 | hdp=2.5 | hdp=4.5 | hdp=7.5 | hdp=9.5 | hdp=11.5
2026-09-01T13:33:05Z,74150432,2026-09-01T19:00:00Z,Bet365,"WTA - US Open, New York, USA","Linette, Magda","Jones, Francesca",Totals (Games),1,hdp=21.5
2026-09-01T13:33:05Z,74150432,2026-09-01T19:00:00Z,Bet365,"WTA - US Open, New York, USA","Linette, Magda","Jones, Francesca",Set Betting,4,label=2-0 (1) | label=2-1 (1) | label=2-0 (2) | label=2-1 (2)
2026-09-01T13:33:05Z,74150432,2026-09-01T19:00:00Z,Bet365,"WTA - US Open, New York, USA","Linette, Magda","Jones, Francesca",Team Total (Double Faults) Away,8,hdp=0.5 | hdp=1.5 | hdp=2.5 | hdp=4.5 | hdp=7.5 | hdp=9.5
2026-09-01T13:33:05Z,74150432,2026-09-01T19:00:00Z,Bet365,"WTA - US Open, New York, USA","Linette, Magda","Jones, Francesca",Team Total (Double Faults) Home,6,hdp=0.5 | hdp=1.5 | hdp=2.5 | hdp=4.5 | hdp=7.5 | hdp=9.5
2026-09-01T13:33:05Z,74124776,2026-09-01T19:00:00Z,Bet365,"ATP - US Open, New York, USA","Choinski, Jan","Van de Zandschulp, Botic",ML,1,"{'home': '4.00', 'away': '1.25'}"
2026-09-01T13:33:05Z,74124776,2026-09-01T19:00:00Z,Bet365,"ATP - US Open, New York, USA","Choinski, Jan","Van de Zandschulp, Botic",Totals (Double Faults),9,hdp=1.5 | hdp=2.5 | hdp=4.5 | hdp=7.5 | hdp=9.5 | hdp=11.5
2026-09-01T13:33:05Z,74124776,2026-09-01T19:00:00Z,Bet365,"ATP - US Open, New York, USA","Choinski, Jan","Van de Zandschulp, Botic",Totals (Games),1,hdp=38.5
2026-09-01T13:33:05Z,74124776,2026-09-01T19:00:00Z,Bet365,"ATP - US Open, New York, USA","Choinski, Jan","Van de Zandschulp, Botic",Set Betting,6,label=3-0 (1) | label=3-1 (1) | label=3-2 (1) | label=3-0 (2) | label=3-1 (2) | label=3-2 (2)
2026-09-01T13:33:05Z,74124776,2026-09-01T19:00:00Z,Bet365,"ATP - US Open, New York, USA","Choinski, Jan","Van de Zandschulp, Botic",Spread (Games),1,hdp=5.5
2026-09-01T13:33:05Z,74124776,2026-09-01T19:00:00Z,Bet365,"ATP - US Open, New York, USA","Choinski, Jan","Van de Zandschulp, Botic",Team Total (Double Faults) Away,9,hdp=0.5 | hdp=1.5 | hdp=2.5 | hdp=4.5 | hdp=7.5 | hdp=9.5
2026-09-01T13:33:05Z,74124776,2026-09-01T19:00:00Z,Bet365,"ATP - US Open, New York, USA","Choinski, Jan","Van de Zandschulp, Botic",Team Total (Double Faults) Home,7,hdp=0.5 | hdp=1.5 | hdp=2.5 | hdp=4.5 | hdp=7.5 | hdp=9.5
2026-09-01T13:33:05Z,74124776,2026-09-01T19:00:00Z,Bet365,"ATP - US Open, New York, USA","Choinski, Jan","Van de Zandschulp, Botic",Team Total (Games) Away,1,hdp=20.5
2026-09-01T13:33:05Z,74124776,2026-09-01T19:00:00Z,Bet365,"ATP - US Open, New York, USA","Choinski, Jan","Van de Zandschulp, Botic",Team Total (Games) Home,1,hdp=17.5
2026-09-01T13:33:05Z,74124776,2026-09-01T19:00:00Z,Bet365,"ATP - US Open, New York, USA","Choinski, Jan","Van de Zandschulp, Botic",Totals 1st Set,6,hdp=6.5 | hdp=7.5 | hdp=9.5 | hdp=10.5 | hdp=12.5 | hdp=8.5
2026-09-01T13:33:05Z,74124768,2026-09-01T20:30:00Z,Bet365,"ATP - US Open, New York, USA","Giron, Marcos","Buse, Ignacio",ML,1,"{'home': '2.20', 'away': '1.66'}"
2026-09-01T13:33:05Z,74124768,2026-09-01T20:30:00Z,Bet365,"ATP - US Open, New York, USA","Giron, Marcos","Buse, Ignacio",Totals 1st Set,6,hdp=6.5 | hdp=8.5 | hdp=10.5 | hdp=12.5 | hdp=7.5 | hdp=9.5
2026-09-01T13:33:05Z,74124768,2026-09-01T20:30:00Z,Bet365,"ATP - US Open, New York, USA","Giron, Marcos","Buse, Ignacio",Totals (Games),1,hdp=39.5
2026-09-01T13:33:05Z,74124768,2026-09-01T20:30:00Z,Bet365,"ATP - US Open, New York, USA","Giron, Marcos","Buse, Ignacio",Team Total (Aces) Home,6,hdp=0.5 | hdp=2.5 | hdp=4.5 | hdp=9.5 | hdp=14.5 | hdp=19.5
2026-09-01T13:33:05Z,74124768,2026-09-01T20:30:00Z,Bet365,"ATP - US Open, New York, USA","Giron, Marcos","Buse, Ignacio",Team Total (Double Faults) Away,7,hdp=0.5 | hdp=1.5 | hdp=2.5 | hdp=4.5 | hdp=7.5 | hdp=9.5
2026-09-01T13:33:05Z,74124768,2026-09-01T20:30:00Z,Bet365,"ATP - US Open, New York, USA","Giron, Marcos","Buse, Ignacio",Team Total (Double Faults) Home,6,hdp=0.5 | hdp=1.5 | hdp=2.5 | hdp=4.5 | hdp=7.5 | hdp=9.5
2026-09-01T13:33:05Z,74124768,2026-09-01T20:30:00Z,Bet365,"ATP - US Open, New York, USA","Giron, Marcos","Buse, Ignacio",Totals (Aces),8,hdp=2.5 | hdp=4.5 | hdp=9.5 | hdp=14.5 | hdp=19.5 | hdp=24.5
2026-09-01T13:33:05Z,74124768,2026-09-01T20:30:00Z,Bet365,"ATP - US Open, New York, USA","Giron, Marcos","Buse, Ignacio",Totals (Double Faults),9,hdp=0.5 | hdp=1.5 | hdp=2.5 | hdp=4.5 | hdp=7.5 | hdp=9.5
2026-09-01T13:33:05Z,74124768,2026-09-01T20:30:00Z,Bet365,"ATP - US Open, New York, USA","Giron, Marcos","Buse, Ignacio",Set Betting,6,label=3-0 (1) | label=3-1 (1) | label=3-2 (1) | label=3-0 (2) | label=3-1 (2) | label=3-2 (2)
2026-09-01T13:33:05Z,74124768,2026-09-01T20:30:00Z,Bet365,"ATP - US Open, New York, USA","Giron, Marcos","Buse, Ignacio",Spread (Games),1,hdp=1.5
2026-09-01T13:33:05Z,74124768,2026-09-01T20:30:00Z,Bet365,"ATP - US Open, New York, USA","Giron, Marcos","Buse, Ignacio",Team Total (Aces) Away,7,hdp=0.5 | hdp=2.5 | hdp=4.5 | hdp=9.5 | hdp=14.5 | hdp=19.5
2026-09-01T13:33:05Z,74124768,2026-09-01T20:30:00Z,Bet365,"ATP - US Open, New York, USA","Giron, Marcos","Buse, Ignacio",Team Total (Games) Away,1,hdp=20.5
2026-09-01T13:33:05Z,74124768,2026-09-01T20:30:00Z,Bet365,"ATP - US Open, New York, USA","Giron, Marcos","Buse, Ignacio",Team Total (Games) Home,1,hdp=19.5
2026-09-01T13:33:05Z,74124766,2026-09-01T23:00:00Z,Bet365,"ATP - US Open, New York, USA","Vallejo, Adolfo Daniel","Monfils, Gael",ML,1,"{'home': '1.72', 'away': '2.10'}"
2026-09-01T13:33:05Z,74124766,2026-09-01T23:00:00Z,Bet365,"ATP - US Open, New York, USA","Vallejo, Adolfo Daniel","Monfils, Gael",Team Total (Games) Home,1,hdp=20.5
2026-09-01T13:33:05Z,74124766,2026-09-01T23:00:00Z,Bet365,"ATP - US Open, New York, USA","Vallejo, Adolfo Daniel","Monfils, Gael",Team Total (Aces) Home,6,hdp=0.5 | hdp=2.5 | hdp=4.5 | hdp=9.5 | hdp=14.5 | hdp=19.5
2026-09-01T13:33:05Z,74124766,2026-09-01T23:00:00Z,Bet365,"ATP - US Open, New York, USA","Vallejo, Adolfo Daniel","Monfils, Gael",Team Total (Double Faults) Away,9,hdp=0.5 | hdp=1.5 | hdp=2.5 | hdp=4.5 | hdp=7.5 | hdp=9.5
2026-09-01T13:33:05Z,74124766,2026-09-01T23:00:00Z,Bet365,"ATP - US Open, New York, USA","Vallejo, Adolfo Daniel","Monfils, Gael",Team Total (Double Faults) Home,9,hdp=0.5 | hdp=1.5 | hdp=2.5 | hdp=4.5 | hdp=7.5 | hdp=9.5
2026-09-01T13:33:05Z,74124766,2026-09-01T23:00:00Z,Bet365,"ATP - US Open, New York, USA","Vallejo, Adolfo Daniel","Monfils, Gael",Team Total (Games) Away,1,hdp=19.5
2026-09-01T13:33:05Z,74124766,2026-09-01T23:00:00Z,Bet365,"ATP - US Open, New York, USA","Vallejo, Adolfo Daniel","Monfils, Gael",Set Betting,6,label=3-0 (1) | label=3-1 (1) | label=3-2 (1) | label=3-0 (2) | label=3-1 (2) | label=3-2 (2)
2026-09-01T13:33:05Z,74124766,2026-09-01T23:00:00Z,Bet365,"ATP - US Open, New York, USA","Vallejo, Adolfo Daniel","Monfils, Gael",Team Total (Aces) Away,9,hdp=0.5 | hdp=2.5 | hdp=4.5 | hdp=9.5 | hdp=14.5 | hdp=19.5
2026-09-01T13:33:05Z,74124766,2026-09-01T23:00:00Z,Bet365,"ATP - US Open, New York, USA","Vallejo, Adolfo Daniel","Monfils, Gael",Totals 1st Set,6,hdp=7.5 | hdp=9.5 | hdp=10.5 | hdp=12.5 | hdp=6.5 | hdp=8.5
2026-09-01T13:33:05Z,74124766,2026-09-01T23:00:00Z,Bet365,"ATP - US Open, New York, USA","Vallejo, Adolfo Daniel","Monfils, Gael",Totals (Aces),9,hdp=2.5 | hdp=4.5 | hdp=9.5 | hdp=14.5 | hdp=19.5 | hdp=24.5
2026-09-01T13:33:05Z,74124766,2026-09-01T23:00:00Z,Bet365,"ATP - US Open, New York, USA","Vallejo, Adolfo Daniel","Monfils, Gael",Totals (Double Faults),7,hdp=4.5 | hdp=7.5 | hdp=9.5 | hdp=11.5 | hdp=14.5 | hdp=19.5
2026-09-01T13:33:05Z,74124766,2026-09-01T23:00:00Z,Bet365,"ATP - US Open, New York, USA","Vallejo, Adolfo Daniel","Monfils, Gael",Totals (Games),1,hdp=39.5
2026-09-01T13:33:05Z,74124766,2026-09-01T23:00:00Z,Bet365,"ATP - US Open, New York, USA","Vallejo, Adolfo Daniel","Monfils, Gael",Spread (Games),1,hdp=-1.5
2026-09-01T13:33:05Z,74150430,2026-09-02T00:40:00Z,Bet365,"WTA - US Open, New York, USA","Stoiana, Mary","Eala, Alexandra",ML,1,"{'home': '4.50', 'away': '1.20'}"
2026-09-01T13:33:05Z,74150430,2026-09-02T00:40:00Z,Bet365,"WTA - US Open, New York, USA","Stoiana, Mary","Eala, Alexandra",Totals (Aces),6,hdp=0.5 | hdp=9.5 | hdp=19.5 | hdp=2.5 | hdp=4.5 | hdp=14.5
2026-09-01T13:33:05Z,74150430,2026-09-02T00:40:00Z,Bet365,"WTA - US Open, New York, USA","Stoiana, Mary","Eala, Alexandra",Team Total (Double Faults) Away,6,hdp=1.5 | hdp=4.5 | hdp=0.5 | hdp=2.5 | hdp=7.5 | hdp=9.5
2026-09-01T13:33:05Z,74150430,2026-09-02T00:40:00Z,Bet365,"WTA - US Open, New York, USA","Stoiana, Mary","Eala, Alexandra",Team Total (Double Faults) Home,8,hdp=7.5 | hdp=9.5 | hdp=0.5 | hdp=1.5 | hdp=2.5 | hdp=4.5
2026-09-01T13:33:05Z,74150430,2026-09-02T00:40:00Z,Bet365,"WTA - US Open, New York, USA","Stoiana, Mary","Eala, Alexandra",Team Total (Games) Home,1,hdp=7.5
2026-09-01T13:33:05Z,74150430,2026-09-02T00:40:00Z,Bet365,"WTA - US Open, New York, USA","Stoiana, Mary","Eala, Alexandra",Totals 1st Set,6,hdp=6.5 | hdp=7.5 | hdp=8.5 | hdp=9.5 | hdp=10.5 | hdp=12.5
2026-09-01T13:33:05Z,74150430,2026-09-02T00:40:00Z,Bet365,"WTA - US Open, New York, USA","Stoiana, Mary","Eala, Alexandra",Spread (Games),1,hdp=5.5
2026-09-01T13:33:05Z,74150430,2026-09-02T00:40:00Z,Bet365,"WTA - US Open, New York, USA","Stoiana, Mary","Eala, Alexandra",Totals (Games),1,hdp=20.5
2026-09-01T13:33:05Z,74150430,2026-09-02T00:40:00Z,Bet365,"WTA - US Open, New York, USA","Stoiana, Mary","Eala, Alexandra",Team Total (Aces) Away,4,hdp=9.5 | hdp=0.5 | hdp=2.5 | hdp=4.5
2026-09-01T13:33:05Z,74150430,2026-09-02T00:40:00Z,Bet365,"WTA - US Open, New York, USA","Stoiana, Mary","Eala, Alexandra",Set Betting,4,label=2-0 (1) | label=2-1 (1) | label=2-0 (2) | label=2-1 (2)
2026-09-01T13:33:05Z,74150430,2026-09-02T00:40:00Z,Bet365,"WTA - US Open, New York, USA","Stoiana, Mary","Eala, Alexandra",Team Total (Aces) Home,5,hdp=0.5 | hdp=4.5 | hdp=14.5 | hdp=2.5 | hdp=9.5
2026-09-01T13:33:05Z,74150430,2026-09-02T00:40:00Z,Bet365,"WTA - US Open, New York, USA","Stoiana, Mary","Eala, Alexandra",Team Total (Games) Away,1,hdp=12.5
2026-09-01T13:33:05Z,74150430,2026-09-02T00:40:00Z,Bet365,"WTA - US Open, New York, USA","Stoiana, Mary","Eala, Alexandra",Totals (Double Faults),8,hdp=2.5 | hdp=7.5 | hdp=9.5 | hdp=14.5 | hdp=1.5 | hdp=4.5
2026-09-01T13:33:05Z,73992484,2026-09-02T15:00:00Z,Bet365,"WTA - US Open, New York, USA","Bucsa, Cristina","Sakatsume, Himeno",ML,1,"{'home': '1.44', 'away': '2.75'}"
2026-09-01T13:33:05Z,73992484,2026-09-02T15:00:00Z,Bet365,"WTA - US Open, New York, USA","Bucsa, Cristina","Sakatsume, Himeno",Set Betting,4,label=2-0 (1) | label=2-1 (1) | label=2-0 (2) | label=2-1 (2)
2026-09-01T13:33:05Z,73992484,2026-09-02T15:00:00Z,Bet365,"WTA - US Open, New York, USA","Bucsa, Cristina","Sakatsume, Himeno",Spread (Games),1,hdp=-3.5
2026-09-01T13:33:05Z,73992484,2026-09-02T15:00:00Z,Bet365,"WTA - US Open, New York, USA","Bucsa, Cristina","Sakatsume, Himeno",Team Total (Games) Away,1,hdp=11.5
2026-09-01T13:33:05Z,73992484,2026-09-02T15:00:00Z,Bet365,"WTA - US Open, New York, USA","Bucsa, Cristina","Sakatsume, Himeno",Totals 1st Set,6,hdp=7.5 | hdp=10.5 | hdp=12.5 | hdp=6.5 | hdp=8.5 | hdp=9.5
2026-09-01T13:33:05Z,73992484,2026-09-02T15:00:00Z,Bet365,"WTA - US Open, New York, USA","Bucsa, Cristina","Sakatsume, Himeno",Totals (Double Faults),9,hdp=7.5 | hdp=9.5 | hdp=11.5 | hdp=14.5 | hdp=0.5 | hdp=1.5
2026-09-01T13:33:05Z,73992484,2026-09-02T15:00:00Z,Bet365,"WTA - US Open, New York, USA","Bucsa, Cristina","Sakatsume, Himeno",Team Total (Double Faults) Away,6,hdp=0.5 | hdp=1.5 | hdp=2.5 | hdp=4.5 | hdp=7.5 | hdp=9.5
2026-09-01T13:33:05Z,73992484,2026-09-02T15:00:00Z,Bet365,"WTA - US Open, New York, USA","Bucsa, Cristina","Sakatsume, Himeno",Team Total (Double Faults) Home,7,hdp=4.5 | hdp=7.5 | hdp=9.5 | hdp=0.5 | hdp=1.5 | hdp=2.5
2026-09-01T13:33:05Z,73992484,2026-09-02T15:00:00Z,Bet365,"WTA - US Open, New York, USA","Bucsa, Cristina","Sakatsume, Himeno",Team Total (Games) Home,1,hdp=12.5
2026-09-01T13:33:05Z,73992484,2026-09-02T15:00:00Z,Bet365,"WTA - US Open, New York, USA","Bucsa, Cristina","Sakatsume, Himeno",Totals (Games),1,hdp=22.5
2026-09-01T13:33:05Z,74124796,2026-09-02T00:10:00Z,Bet365,"ATP - US Open, New York, USA","Zverev, Alexander","Sonego, Lorenzo",ML,1,"{'home': '1.05', 'away': '11.00'}"
2026-09-01T13:33:05Z,74124796,2026-09-02T00:10:00Z,Bet365,"ATP - US Open, New York, USA","Zverev, Alexander","Sonego, Lorenzo",Spread (Games),1,hdp=-6.5
2026-09-01T13:33:05Z,74124796,2026-09-02T00:10:00Z,Bet365,"ATP - US Open, New York, USA","Zverev, Alexander","Sonego, Lorenzo",Totals (Aces),8,hdp=4.5 | hdp=9.5 | hdp=14.5 | hdp=19.5 | hdp=24.5 | hdp=29.5
2026-09-01T13:33:05Z,74124796,2026-09-02T00:10:00Z,Bet365,"ATP - US Open, New York, USA","Zverev, Alexander","Sonego, Lorenzo",Totals (Games),1,hdp=33.5
2026-09-01T13:33:05Z,74124796,2026-09-02T00:10:00Z,Bet365,"ATP - US Open, New York, USA","Zverev, Alexander","Sonego, Lorenzo",Totals 1st Set,6,hdp=6.5 | hdp=7.5 | hdp=8.5 | hdp=9.5 | hdp=10.5 | hdp=12.5
2026-09-01T13:33:05Z,74124796,2026-09-02T00:10:00Z,Bet365,"ATP - US Open, New York, USA","Zverev, Alexander","Sonego, Lorenzo",Set Betting,6,label=3-0 (1) | label=3-1 (1) | label=3-2 (1) | label=3-0 (2) | label=3-1 (2) | label=3-2 (2)
2026-09-01T13:33:05Z,74124796,2026-09-02T00:10:00Z,Bet365,"ATP - US Open, New York, USA","Zverev, Alexander","Sonego, Lorenzo",Team Total (Games) Home,1,hdp=19.5
2026-09-01T13:33:05Z,74124796,2026-09-02T00:10:00Z,Bet365,"ATP - US Open, New York, USA","Zverev, Alexander","Sonego, Lorenzo",Team Total (Aces) Away,8,hdp=0.5 | hdp=2.5 | hdp=4.5 | hdp=9.5 | hdp=14.5 | hdp=19.5
2026-09-01T13:33:05Z,74124796,2026-09-02T00:10:00Z,Bet365,"ATP - US Open, New York, USA","Zverev, Alexander","Sonego, Lorenzo",Team Total (Double Faults) Away,6,hdp=0.5 | hdp=1.5 | hdp=2.5 | hdp=4.5 | hdp=7.5 | hdp=9.5
2026-09-01T13:33:05Z,74124796,2026-09-02T00:10:00Z,Bet365,"ATP - US Open, New York, USA","Zverev, Alexander","Sonego, Lorenzo",Team Total (Double Faults) Home,6,hdp=0.5 | hdp=1.5 | hdp=2.5 | hdp=4.5 | hdp=7.5 | hdp=9.5
2026-09-01T13:33:05Z,74124796,2026-09-02T00:10:00Z,Bet365,"ATP - US Open, New York, USA","Zverev, Alexander","Sonego, Lorenzo",Totals (Double Faults),8,hdp=0.5 | hdp=1.5 | hdp=2.5 | hdp=4.5 | hdp=7.5 | hdp=9.5
2026-09-01T13:33:05Z,74124796,2026-09-02T00:10:00Z,Bet365,"ATP - US Open, New York, USA","Zverev, Alexander","Sonego, Lorenzo",Team Total (Aces) Home,9,hdp=0.5 | hdp=2.5 | hdp=4.5 | hdp=9.5 | hdp=14.5 | hdp=19.5
2026-09-01T13:33:05Z,74124796,2026-09-02T00:10:00Z,Bet365,"ATP - US Open, New York, USA","Zverev, Alexander","Sonego, Lorenzo",Team Total (Games) Away,1,hdp=13.5
2026-09-01T13:33:05Z,73992508,2026-09-02T15:00:00Z,Bet365,"WTA - US Open, New York, USA","Paolini, Jasmine","Stefanini, Lucrezia",ML,1,"{'home': '1.44', 'away': '2.75'}"
2026-09-01T13:33:05Z,73992508,2026-09-02T15:00:00Z,Bet365,"WTA - US Open, New York, USA","Paolini, Jasmine","Stefanini, Lucrezia",Set Betting,4,label=2-0 (1) | label=2-1 (1) | label=2-0 (2) | label=2-1 (2)
2026-09-01T13:33:05Z,73992508,2026-09-02T15:00:00Z,Bet365,"WTA - US Open, New York, USA","Paolini, Jasmine","Stefanini, Lucrezia",Team Total (Games) Home,1,hdp=12.5
2026-09-01T13:33:05Z,73992508,2026-09-02T15:00:00Z,Bet365,"WTA - US Open, New York, USA","Paolini, Jasmine","Stefanini, Lucrezia",Totals (Aces),5,hdp=0.5 | hdp=2.5 | hdp=4.5 | hdp=9.5 | hdp=14.5
2026-09-01T13:33:05Z,73992508,2026-09-02T15:00:00Z,Bet365,"WTA - US Open, New York, USA","Paolini, Jasmine","Stefanini, Lucrezia",Totals (Double Faults),8,hdp=0.5 | hdp=1.5 | hdp=2.5 | hdp=4.5 | hdp=7.5 | hdp=9.5
2026-09-01T13:33:05Z,73992508,2026-09-02T15:00:00Z,Bet365,"WTA - US Open, New York, USA","Paolini, Jasmine","Stefanini, Lucrezia",Team Total (Games) Away,1,hdp=11.5
2026-09-01T13:33:05Z,73992508,2026-09-02T15:00:00Z,Bet365,"WTA - US Open, New York, USA","Paolini, Jasmine","Stefanini, Lucrezia",Team Total (Double Faults) Away,6,hdp=0.5 | hdp=1.5 | hdp=2.5 | hdp=4.5 | hdp=7.5 | hdp=9.5
2026-09-01T13:33:05Z,73992508,2026-09-02T15:00:00Z,Bet365,"WTA - US Open, New York, USA","Paolini, Jasmine","Stefanini, Lucrezia",Team Total (Double Faults) Home,6,hdp=0.5 | hdp=1.5 | hdp=2.5 | hdp=4.5 | hdp=7.5 | hdp=9.5
2026-09-01T13:33:05Z,73992508,2026-09-02T15:00:00Z,Bet365,"WTA - US Open, New York, USA","Paolini, Jasmine","Stefanini, Lucrezia",Totals 1st Set,6,hdp=6.5 | hdp=7.5 | hdp=8.5 | hdp=9.5 | hdp=10.5 | hdp=12.5
2026-09-01T13:33:05Z,73992508,2026-09-02T15:00:00Z,Bet365,"WTA - US Open, New York, USA","Paolini, Jasmine","Stefanini, Lucrezia",Totals (Games),1,hdp=21.5
2026-09-01T13:33:05Z,73992508,2026-09-02T15:00:00Z,Bet365,"WTA - US Open, New York, USA","Paolini, Jasmine","Stefanini, Lucrezia",Spread (Games),1,hdp=-3.5
2026-09-01T13:33:05Z,73992508,2026-09-02T15:00:00Z,Bet365,"WTA - US Open, New York, USA","Paolini, Jasmine","Stefanini, Lucrezia",Team Total (Aces) Away,4,hdp=0.5 | hdp=2.5 | hdp=4.5 | hdp=9.5
2026-09-01T13:33:05Z,73992508,2026-09-02T15:00:00Z,Bet365,"WTA - US Open, New York, USA","Paolini, Jasmine","Stefanini, Lucrezia",Team Total (Aces) Home,4,hdp=0.5 | hdp=2.5 | hdp=4.5 | hdp=9.5
2026-09-01T13:33:05Z,73992514,2026-09-02T15:00:00Z,Bet365,"WTA - US Open, New York, USA","Wang, Xinyu","Kalinskaya, Anna",ML,1,"{'home': '2.62', 'away': '1.50'}"
2026-09-01T13:33:05Z,73992514,2026-09-02T15:00:00Z,Bet365,"WTA - US Open, New York, USA","Wang, Xinyu","Kalinskaya, Anna",Set Betting,4,label=2-0 (1) | label=2-1 (1) | label=2-0 (2) | label=2-1 (2)
2026-09-01T13:33:05Z,73992514,2026-09-02T15:00:00Z,Bet365,"WTA - US Open, New York, USA","Wang, Xinyu","Kalinskaya, Anna",Spread (Games),1,hdp=3.5
2026-09-01T13:33:05Z,73992514,2026-09-02T15:00:00Z,Bet365,"WTA - US Open, New York, USA","Wang, Xinyu","Kalinskaya, Anna",Team Total (Games) Away,1,hdp=12.5
2026-09-01T13:33:05Z,73992514,2026-09-02T15:00:00Z,Bet365,"WTA - US Open, New York, USA","Wang, Xinyu","Kalinskaya, Anna",Team Total (Games) Home,1,hdp=11.5
2026-09-01T13:33:05Z,73992514,2026-09-02T15:00:00Z,Bet365,"WTA - US Open, New York, USA","Wang, Xinyu","Kalinskaya, Anna",Totals 1st Set,6,hdp=6.5 | hdp=7.5 | hdp=12.5 | hdp=8.5 | hdp=9.5 | hdp=10.5
2026-09-01T13:33:05Z,73992514,2026-09-02T15:00:00Z,Bet365,"WTA - US Open, New York, USA","Wang, Xinyu","Kalinskaya, Anna",Totals (Games),1,hdp=21.5
2026-09-01T13:33:05Z,73992512,2026-09-02T15:00:00Z,Bet365,"WTA - US Open, New York, USA","Svitolina, Elina","Joint, Maya",ML,1,"{'home': '1.10', 'away': '7.00'}"
2026-09-01T13:33:05Z,73992512,2026-09-02T15:00:00Z,Bet365,"WTA - US Open, New York, USA","Svitolina, Elina","Joint, Maya",Team Total (Double Faults) Away,7,hdp=0.5 | hdp=1.5 | hdp=9.5 | hdp=11.5 | hdp=2.5 | hdp=4.5
2026-09-01T13:33:05Z,73992512,2026-09-02T15:00:00Z,Bet365,"WTA - US Open, New York, USA","Svitolina, Elina","Joint, Maya",Totals (Games),1,hdp=18.5
2026-09-01T13:33:05Z,73992512,2026-09-02T15:00:00Z,Bet365,"WTA - US Open, New York, USA","Svitolina, Elina","Joint, Maya",Set Betting,4,label=2-0 (1) | label=2-1 (1) | label=2-0 (2) | label=2-1 (2)
2026-09-01T13:33:05Z,73992512,2026-09-02T15:00:00Z,Bet365,"WTA - US Open, New York, USA","Svitolina, Elina","Joint, Maya",Team Total (Aces) Away,4,hdp=9.5 | hdp=0.5 | hdp=2.5 | hdp=4.5
2026-09-01T13:33:05Z,73992512,2026-09-02T15:00:00Z,Bet365,"WTA - US Open, New York, USA","Svitolina, Elina","Joint, Maya",Team Total (Aces) Home,5,hdp=0.5 | hdp=14.5 | hdp=2.5 | hdp=4.5 | hdp=9.5
2026-09-01T13:33:05Z,73992512,2026-09-02T15:00:00Z,Bet365,"WTA - US Open, New York, USA","Svitolina, Elina","Joint, Maya",Totals (Double Faults),8,hdp=1.5 | hdp=2.5 | hdp=19.5 | hdp=4.5 | hdp=7.5 | hdp=9.5
2026-09-01T13:33:05Z,73992512,2026-09-02T15:00:00Z,Bet365,"WTA - US Open, New York, USA","Svitolina, Elina","Joint, Maya",Team Total (Double Faults) Home,8,hdp=14.5 | hdp=0.5 | hdp=1.5 | hdp=2.5 | hdp=4.5 | hdp=7.5
2026-09-01T13:33:05Z,73992512,2026-09-02T15:00:00Z,Bet365,"WTA - US Open, New York, USA","Svitolina, Elina","Joint, Maya",Team Total (Games) Away,1,hdp=6.5
2026-09-01T13:33:05Z,73992512,2026-09-02T15:00:00Z,Bet365,"WTA - US Open, New York, USA","Svitolina, Elina","Joint, Maya",Team Total (Games) Home,1,hdp=12.5
2026-09-01T13:33:05Z,73992512,2026-09-02T15:00:00Z,Bet365,"WTA - US Open, New York, USA","Svitolina, Elina","Joint, Maya",Spread (Games),1,hdp=-5.5
2026-09-01T13:33:05Z,73992512,2026-09-02T15:00:00Z,Bet365,"WTA - US Open, New York, USA","Svitolina, Elina","Joint, Maya",Totals 1st Set,6,hdp=12.5 | hdp=6.5 | hdp=7.5 | hdp=8.5 | hdp=9.5 | hdp=10.5
2026-09-01T13:33:05Z,73992512,2026-09-02T15:00:00Z,Bet365,"WTA - US Open, New York, USA","Svitolina, Elina","Joint, Maya",Totals (Aces),6,hdp=0.5 | hdp=19.5 | hdp=2.5 | hdp=4.5 | hdp=9.5 | hdp=14.5
2026-09-01T13:33:05Z,73992490,2026-09-02T15:00:00Z,Bet365,"WTA - US Open, New York, USA","Dart, Harriet","Bouzkova, Marie",ML,1,"{'home': '4.50', 'away': '1.20'}"
2026-09-01T13:33:05Z,73992490,2026-09-02T15:00:00Z,Bet365,"WTA - US Open, New York, USA","Dart, Harriet","Bouzkova, Marie",Totals (Aces),5,hdp=0.5 | hdp=2.5 | hdp=4.5 | hdp=9.5 | hdp=14.5
2026-09-01T13:33:05Z,73992490,2026-09-02T15:00:00Z,Bet365,"WTA - US Open, New York, USA","Dart, Harriet","Bouzkova, Marie",Totals (Double Faults),9,hdp=0.5 | hdp=1.5 | hdp=2.5 | hdp=4.5 | hdp=7.5 | hdp=9.5
2026-09-01T13:33:05Z,73992490,2026-09-02T15:00:00Z,Bet365,"WTA - US Open, New York, USA","Dart, Harriet","Bouzkova, Marie",Team Total (Double Faults) Home,7,hdp=0.5 | hdp=1.5 | hdp=2.5 | hdp=4.5 | hdp=7.5 | hdp=9.5
2026-09-01T13:33:05Z,73992490,2026-09-02T15:00:00Z,Bet365,"WTA - US Open, New York, USA","Dart, Harriet","Bouzkova, Marie",Team Total (Games) Away,1,hdp=12.5
2026-09-01T13:33:05Z,73992490,2026-09-02T15:00:00Z,Bet365,"WTA - US Open, New York, USA","Dart, Harriet","Bouzkova, Marie",Team Total (Games) Home,1,hdp=7.5
2026-09-01T13:33:05Z,73992490,2026-09-02T15:00:00Z,Bet365,"WTA - US Open, New York, USA","Dart, Harriet","Bouzkova, Marie",Team Total (Double Faults) Away,7,hdp=0.5 | hdp=1.5 | hdp=2.5 | hdp=4.5 | hdp=7.5 | hdp=9.5
2026-09-01T13:33:05Z,73992490,2026-09-02T15:00:00Z,Bet365,"WTA - US Open, New York, USA","Dart, Harriet","Bouzkova, Marie",Totals (Games),1,hdp=19.5
2026-09-01T13:33:05Z,73992490,2026-09-02T15:00:00Z,Bet365,"WTA - US Open, New York, USA","Dart, Harriet","Bouzkova, Marie",Totals 1st Set,6,hdp=7.5 | hdp=8.5 | hdp=6.5 | hdp=9.5 | hdp=10.5 | hdp=12.5
2026-09-01T13:33:05Z,73992490,2026-09-02T15:00:00Z,Bet365,"WTA - US Open, New York, USA","Dart, Harriet","Bouzkova, Marie",Set Betting,4,label=2-0 (1) | label=2-1 (1) | label=2-0 (2) | label=2-1 (2)
2026-09-01T13:33:05Z,73992490,2026-09-02T15:00:00Z,Bet365,"WTA - US Open, New York, USA","Dart, Harriet","Bouzkova, Marie",Spread (Games),1,hdp=5.5
2026-09-01T13:33:05Z,73992490,2026-09-02T15:00:00Z,Bet365,"WTA - US Open, New York, USA","Dart, Harriet","Bouzkova, Marie",Team Total (Aces) Away,4,hdp=0.5 | hdp=2.5 | hdp=4.5 | hdp=9.5
2026-09-01T13:33:05Z,73992490,2026-09-02T15:00:00Z,Bet365,"WTA - US Open, New York, USA","Dart, Harriet","Bouzkova, Marie",Team Total (Aces) Home,4,hdp=0.5 | hdp=2.5 | hdp=4.5 | hdp=9.5
2026-09-01T13:33:05Z,73992516,2026-09-02T15:00:00Z,Bet365,"WTA - US Open, New York, USA","Li, Ann","Vekic, Donna",ML,1,"{'home': '1.57', 'away': '2.37'}"
2026-09-01T13:33:05Z,73992516,2026-09-02T15:00:00Z,Bet365,"WTA - US Open, New York, USA","Li, Ann","Vekic, Donna",Team Total (Double Faults) Home,7,hdp=0.5 | hdp=1.5 | hdp=2.5 | hdp=4.5 | hdp=7.5 | hdp=9.5
2026-09-01T13:33:05Z,73992516,2026-09-02T15:00:00Z,Bet365,"WTA - US Open, New York, USA","Li, Ann","Vekic, Donna",Team Total (Double Faults) Away,9,hdp=0.5 | hdp=1.5 | hdp=2.5 | hdp=4.5 | hdp=7.5 | hdp=9.5
2026-09-01T13:33:05Z,73992516,2026-09-02T15:00:00Z,Bet365,"WTA - US Open, New York, USA","Li, Ann","Vekic, Donna",Totals (Double Faults),9,hdp=1.5 | hdp=2.5 | hdp=4.5 | hdp=7.5 | hdp=9.5 | hdp=11.5
2026-09-01T13:33:05Z,73992516,2026-09-02T15:00:00Z,Bet365,"WTA - US Open, New York, USA","Li, Ann","Vekic, Donna",Team Total (Games) Away,1,hdp=12.5
2026-09-01T13:33:05Z,73992516,2026-09-02T15:00:00Z,Bet365,"WTA - US Open, New York, USA","Li, Ann","Vekic, Donna",Totals (Games),1,hdp=22.5
2026-09-01T13:33:05Z,73992516,2026-09-02T15:00:00Z,Bet365,"WTA - US Open, New York, USA","Li, Ann","Vekic, Donna",Team Total (Aces) Home,5,hdp=0.5 | hdp=2.5 | hdp=4.5 | hdp=9.5 | hdp=14.5
2026-09-01T13:33:05Z,73992516,2026-09-02T15:00:00Z,Bet365,"WTA - US Open, New York, USA","Li, Ann","Vekic, Donna",Set Betting,4,label=2-0 (1) | label=2-1 (1) | label=2-0 (2) | label=2-1 (2)
2026-09-01T13:33:05Z,73992516,2026-09-02T15:00:00Z,Bet365,"WTA - US Open, New York, USA","Li, Ann","Vekic, Donna",Spread (Games),1,hdp=-2.5
2026-09-01T13:33:05Z,73992516,2026-09-02T15:00:00Z,Bet365,"WTA - US Open, New York, USA","Li, Ann","Vekic, Donna",Team Total (Aces) Away,5,hdp=0.5 | hdp=2.5 | hdp=9.5 | hdp=14.5 | hdp=4.5
2026-09-01T13:33:05Z,73992516,2026-09-02T15:00:00Z,Bet365,"WTA - US Open, New York, USA","Li, Ann","Vekic, Donna",Team Total (Games) Home,1,hdp=12.5
2026-09-01T13:33:05Z,73992516,2026-09-02T15:00:00Z,Bet365,"WTA - US Open, New York, USA","Li, Ann","Vekic, Donna",Totals 1st Set,6,hdp=9.5 | hdp=6.5 | hdp=7.5 | hdp=8.5 | hdp=10.5 | hdp=12.5
2026-09-01T13:33:05Z,73992516,2026-09-02T15:00:00Z,Bet365,"WTA - US Open, New York, USA","Li, Ann","Vekic, Donna",Totals (Aces),7,hdp=0.5 | hdp=2.5 | hdp=4.5 | hdp=9.5 | hdp=19.5 | hdp=24.5
2026-09-01T13:33:05Z,73992522,2026-09-02T15:00:00Z,Bet365,"WTA - US Open, New York, USA","Sawangkaew, Mananchaya","Fernandez, Leylah",ML,1,"{'home': '3.40', 'away': '1.33'}"
2026-09-01T13:33:05Z,73992522,2026-09-02T15:00:00Z,Bet365,"WTA - US Open, New York, USA","Sawangkaew, Mananchaya","Fernandez, Leylah",Team Total (Games) Home,1,hdp=10.5
2026-09-01T13:33:05Z,73992522,2026-09-02T15:00:00Z,Bet365,"WTA - US Open, New York, USA","Sawangkaew, Mananchaya","Fernandez, Leylah",Team Total (Games) Away,1,hdp=12.5
2026-09-01T13:33:05Z,73992522,2026-09-02T15:00:00Z,Bet365,"WTA - US Open, New York, USA","Sawangkaew, Mananchaya","Fernandez, Leylah",Set Betting,4,label=2-0 (1) | label=2-1 (1) | label=2-0 (2) | label=2-1 (2)
2026-09-01T13:33:05Z,73992522,2026-09-02T15:00:00Z,Bet365,"WTA - US Open, New York, USA","Sawangkaew, Mananchaya","Fernandez, Leylah",Totals 1st Set,6,hdp=6.5 | hdp=7.5 | hdp=8.5 | hdp=9.5 | hdp=10.5 | hdp=12.5
2026-09-01T13:33:05Z,73992522,2026-09-02T15:00:00Z,Bet365,"WTA - US Open, New York, USA","Sawangkaew, Mananchaya","Fernandez, Leylah",Totals (Aces),6,hdp=0.5 | hdp=2.5 | hdp=4.5 | hdp=9.5 | hdp=14.5 | hdp=19.5
2026-09-01T13:33:05Z,73992522,2026-09-02T15:00:00Z,Bet365,"WTA - US Open, New York, USA","Sawangkaew, Mananchaya","Fernandez, Leylah",Team Total (Double Faults) Away,8,hdp=0.5 | hdp=1.5 | hdp=2.5 | hdp=4.5 | hdp=7.5 | hdp=9.5
2026-09-01T13:33:05Z,73992522,2026-09-02T15:00:00Z,Bet365,"WTA - US Open, New York, USA","Sawangkaew, Mananchaya","Fernandez, Leylah",Spread (Games),1,hdp=4.5
2026-09-01T13:33:05Z,73992522,2026-09-02T15:00:00Z,Bet365,"WTA - US Open, New York, USA","Sawangkaew, Mananchaya","Fernandez, Leylah",Team Total (Aces) Away,4,hdp=0.5 | hdp=2.5 | hdp=4.5 | hdp=9.5
2026-09-01T13:33:05Z,73992522,2026-09-02T15:00:00Z,Bet365,"WTA - US Open, New York, USA","Sawangkaew, Mananchaya","Fernandez, Leylah",Team Total (Aces) Home,4,hdp=0.5 | hdp=2.5 | hdp=4.5 | hdp=9.5
2026-09-01T13:33:05Z,73992522,2026-09-02T15:00:00Z,Bet365,"WTA - US Open, New York, USA","Sawangkaew, Mananchaya","Fernandez, Leylah",Team Total (Double Faults) Home,8,hdp=0.5 | hdp=1.5 | hdp=2.5 | hdp=4.5 | hdp=7.5 | hdp=9.5
2026-09-01T13:33:05Z,73992522,2026-09-02T15:00:00Z,Bet365,"WTA - US Open, New York, USA","Sawangkaew, Mananchaya","Fernandez, Leylah",Totals (Double Faults),9,hdp=1.5 | hdp=2.5 | hdp=4.5 | hdp=7.5 | hdp=9.5 | hdp=11.5
2026-09-01T13:33:05Z,73992522,2026-09-02T15:00:00Z,Bet365,"WTA - US Open, New York, USA","Sawangkaew, Mananchaya","Fernandez, Leylah",Totals (Games),1,hdp=21.5
2026-09-01T13:33:05Z,73992526,2026-09-02T15:00:00Z,Bet365,"WTA - US Open, New York, USA","Tagger, Lilli","Anisimova, Amanda",ML,1,"{'home': '4.50', 'away': '1.20'}"
2026-09-01T13:33:05Z,73992526,2026-09-02T15:00:00Z,Bet365,"WTA - US Open, New York, USA","Tagger, Lilli","Anisimova, Amanda",Team Total (Games) Home,1,hdp=8.5
2026-09-01T13:33:05Z,73992526,2026-09-02T15:00:00Z,Bet365,"WTA - US Open, New York, USA","Tagger, Lilli","Anisimova, Amanda",Set Betting,4,label=2-0 (1) | label=2-1 (1) | label=2-0 (2) | label=2-1 (2)
2026-09-01T13:33:05Z,73992526,2026-09-02T15:00:00Z,Bet365,"WTA - US Open, New York, USA","Tagger, Lilli","Anisimova, Amanda",Team Total (Double Faults) Away,7,hdp=0.5 | hdp=1.5 | hdp=2.5 | hdp=4.5 | hdp=7.5 | hdp=9.5
2026-09-01T13:33:05Z,73992526,2026-09-02T15:00:00Z,Bet365,"WTA - US Open, New York, USA","Tagger, Lilli","Anisimova, Amanda",Team Total (Double Faults) Home,7,hdp=0.5 | hdp=1.5 | hdp=2.5 | hdp=4.5 | hdp=7.5 | hdp=9.5
2026-09-01T13:33:05Z,73992526,2026-09-02T15:00:00Z,Bet365,"WTA - US Open, New York, USA","Tagger, Lilli","Anisimova, Amanda",Team Total (Games) Away,1,hdp=12.5
2026-09-01T13:33:05Z,73992526,2026-09-02T15:00:00Z,Bet365,"WTA - US Open, New York, USA","Tagger, Lilli","Anisimova, Amanda",Totals 1st Set,6,hdp=6.5 | hdp=7.5 | hdp=8.5 | hdp=9.5 | hdp=10.5 | hdp=12.5
2026-09-01T13:33:05Z,73992526,2026-09-02T15:00:00Z,Bet365,"WTA - US Open, New York, USA","Tagger, Lilli","Anisimova, Amanda",Totals (Double Faults),9,hdp=0.5 | hdp=1.5 | hdp=2.5 | hdp=4.5 | hdp=7.5 | hdp=9.5
2026-09-01T13:33:05Z,73992526,2026-09-02T15:00:00Z,Bet365,"WTA - US Open, New York, USA","Tagger, Lilli","Anisimova, Amanda",Totals (Games),1,hdp=20.5
2026-09-01T13:33:05Z,73992526,2026-09-02T15:00:00Z,Bet365,"WTA - US Open, New York, USA","Tagger, Lilli","Anisimova, Amanda",Spread (Games),1,hdp=4.5
2026-09-01T13:33:05Z,73992520,2026-09-02T15:00:00Z,Bet365,"WTA - US Open, New York, USA","Pegula, Jessica","Kenin, Sofia",ML,1,"{'home': '1.06', 'away': '10.00'}"
2026-09-01T13:33:05Z,73992520,2026-09-02T15:00:00Z,Bet365,"WTA - US Open, New York, USA","Pegula, Jessica","Kenin, Sofia",Totals (Games),1,hdp=17.5
2026-09-01T13:33:05Z,73992520,2026-09-02T15:00:00Z,Bet365,"WTA - US Open, New York, USA","Pegula, Jessica","Kenin, Sofia",Set Betting,4,label=2-0 (1) | label=2-1 (1) | label=2-0 (2) | label=2-1 (2)
2026-09-01T13:33:05Z,73992520,2026-09-02T15:00:00Z,Bet365,"WTA - US Open, New York, USA","Pegula, Jessica","Kenin, Sofia",Team Total (Double Faults) Away,8,hdp=0.5 | hdp=1.5 | hdp=2.5 | hdp=4.5 | hdp=7.5 | hdp=9.5
2026-09-01T13:33:05Z,73992520,2026-09-02T15:00:00Z,Bet365,"WTA - US Open, New York, USA","Pegula, Jessica","Kenin, Sofia",Team Total (Games) Home,1,hdp=12.5
2026-09-01T13:33:05Z,73992520,2026-09-02T15:00:00Z,Bet365,"WTA - US Open, New York, USA","Pegula, Jessica","Kenin, Sofia",Totals 1st Set,6,hdp=6.5 | hdp=7.5 | hdp=8.5 | hdp=9.5 | hdp=10.5 | hdp=12.5
2026-09-01T13:33:05Z,73992520,2026-09-02T15:00:00Z,Bet365,"WTA - US Open, New York, USA","Pegula, Jessica","Kenin, Sofia",Totals (Aces),7,hdp=0.5 | hdp=2.5 | hdp=4.5 | hdp=9.5 | hdp=14.5 | hdp=19.5
2026-09-01T13:33:05Z,73992520,2026-09-02T15:00:00Z,Bet365,"WTA - US Open, New York, USA","Pegula, Jessica","Kenin, Sofia",Totals (Double Faults),9,hdp=0.5 | hdp=1.5 | hdp=2.5 | hdp=4.5 | hdp=7.5 | hdp=9.5
2026-09-01T13:33:05Z,73992520,2026-09-02T15:00:00Z,Bet365,"WTA - US Open, New York, USA","Pegula, Jessica","Kenin, Sofia",Spread (Games),1,hdp=-6.5
2026-09-01T13:33:05Z,73992520,2026-09-02T15:00:00Z,Bet365,"WTA - US Open, New York, USA","Pegula, Jessica","Kenin, Sofia",Team Total (Aces) Away,4,hdp=0.5 | hdp=2.5 | hdp=4.5 | hdp=9.5
2026-09-01T13:33:05Z,73992520,2026-09-02T15:00:00Z,Bet365,"WTA - US Open, New York, USA","Pegula, Jessica","Kenin, Sofia",Team Total (Aces) Home,6,hdp=0.5 | hdp=2.5 | hdp=4.5 | hdp=9.5 | hdp=14.5 | hdp=19.5
2026-09-01T13:33:05Z,73992520,2026-09-02T15:00:00Z,Bet365,"WTA - US Open, New York, USA","Pegula, Jessica","Kenin, Sofia",Team Total (Double Faults) Home,5,hdp=0.5 | hdp=1.5 | hdp=2.5 | hdp=4.5 | hdp=7.5
2026-09-01T13:33:05Z,73992520,2026-09-02T15:00:00Z,Bet365,"WTA - US Open, New York, USA","Pegula, Jessica","Kenin, Sofia",Team Total (Games) Away,1,hdp=5.5
2026-09-01T13:33:05Z,73992534,2026-09-02T15:00:00Z,Bet365,"WTA - US Open, New York, USA","Boulter, Katie","Muchova, Karolina",ML,1,"{'home': '5.50', 'away': '1.14'}"
2026-09-01T13:33:05Z,73992534,2026-09-02T15:00:00Z,Bet365,"WTA - US Open, New York, USA","Boulter, Katie","Muchova, Karolina",Totals (Double Faults),9,hdp=0.5 | hdp=1.5 | hdp=2.5 | hdp=4.5 | hdp=7.5 | hdp=9.5
2026-09-01T13:33:05Z,73992534,2026-09-02T15:00:00Z,Bet365,"WTA - US Open, New York, USA","Boulter, Katie","Muchova, Karolina",Team Total (Double Faults) Home,8,hdp=0.5 | hdp=1.5 | hdp=2.5 | hdp=4.5 | hdp=7.5 | hdp=9.5
2026-09-01T13:33:05Z,73992534,2026-09-02T15:00:00Z,Bet365,"WTA - US Open, New York, USA","Boulter, Katie","Muchova, Karolina",Team Total (Games) Home,1,hdp=8.5
2026-09-01T13:33:05Z,73992534,2026-09-02T15:00:00Z,Bet365,"WTA - US Open, New York, USA","Boulter, Katie","Muchova, Karolina",Totals 1st Set,6,hdp=6.5 | hdp=9.5 | hdp=7.5 | hdp=8.5 | hdp=10.5 | hdp=12.5
2026-09-01T13:33:05Z,73992534,2026-09-02T15:00:00Z,Bet365,"WTA - US Open, New York, USA","Boulter, Katie","Muchova, Karolina",Totals (Aces),7,hdp=0.5 | hdp=2.5 | hdp=4.5 | hdp=9.5 | hdp=14.5 | hdp=19.5
2026-09-01T13:33:05Z,73992534,2026-09-02T15:00:00Z,Bet365,"WTA - US Open, New York, USA","Boulter, Katie","Muchova, Karolina",Set Betting,4,label=2-0 (1) | label=2-1 (1) | label=2-0 (2) | label=2-1 (2)
2026-09-01T13:33:05Z,73992534,2026-09-02T15:00:00Z,Bet365,"WTA - US Open, New York, USA","Boulter, Katie","Muchova, Karolina",Team Total (Double Faults) Away,5,hdp=0.5 | hdp=1.5 | hdp=2.5 | hdp=4.5 | hdp=7.5
2026-09-01T13:33:05Z,73992534,2026-09-02T15:00:00Z,Bet365,"WTA - US Open, New York, USA","Boulter, Katie","Muchova, Karolina",Spread (Games),1,hdp=4.5
2026-09-01T13:33:05Z,73992534,2026-09-02T15:00:00Z,Bet365,"WTA - US Open, New York, USA","Boulter, Katie","Muchova, Karolina",Team Total (Aces) Away,5,hdp=0.5 | hdp=2.5 | hdp=4.5 | hdp=9.5 | hdp=14.5
2026-09-01T13:33:05Z,73992534,2026-09-02T15:00:00Z,Bet365,"WTA - US Open, New York, USA","Boulter, Katie","Muchova, Karolina",Team Total (Aces) Home,4,hdp=0.5 | hdp=2.5 | hdp=4.5 | hdp=9.5
2026-09-01T13:33:05Z,73992534,2026-09-02T15:00:00Z,Bet365,"WTA - US Open, New York, USA","Boulter, Katie","Muchova, Karolina",Team Total (Games) Away,1,hdp=12.5
2026-09-01T13:33:05Z,73992534,2026-09-02T15:00:00Z,Bet365,"WTA - US Open, New York, USA","Boulter, Katie","Muchova, Karolina",Totals (Games),1,hdp=20.5
2026-09-01T13:33:05Z,73992562,2026-09-02T15:00:00Z,Bet365,"WTA - US Open, New York, USA","Birrell, Kimberly","Alexandrova, Ekaterina",ML,1,"{'home': '3.75', 'away': '1.28'}"
2026-09-01T13:33:05Z,73992562,2026-09-02T15:00:00Z,Bet365,"WTA - US Open, New York, USA","Birrell, Kimberly","Alexandrova, Ekaterina",Team Total (Double Faults) Home,9,hdp=0.5 | hdp=1.5 | hdp=2.5 | hdp=4.5 | hdp=7.5 | hdp=9.5
2026-09-01T13:33:05Z,73992562,2026-09-02T15:00:00Z,Bet365,"WTA - US Open, New York, USA","Birrell, Kimberly","Alexandrova, Ekaterina",Team Total (Double Faults) Away,8,hdp=0.5 | hdp=1.5 | hdp=2.5 | hdp=4.5 | hdp=7.5 | hdp=9.5
2026-09-01T13:33:05Z,73992562,2026-09-02T15:00:00Z,Bet365,"WTA - US Open, New York, USA","Birrell, Kimberly","Alexandrova, Ekaterina",Team Total (Aces) Away,6,hdp=0.5 | hdp=2.5 | hdp=4.5 | hdp=9.5 | hdp=14.5 | hdp=19.5
2026-09-01T13:33:05Z,73992562,2026-09-02T15:00:00Z,Bet365,"WTA - US Open, New York, USA","Birrell, Kimberly","Alexandrova, Ekaterina",Team Total (Games) Home,1,hdp=9.5
2026-09-01T13:33:05Z,73992562,2026-09-02T15:00:00Z,Bet365,"WTA - US Open, New York, USA","Birrell, Kimberly","Alexandrova, Ekaterina",Totals (Double Faults),8,hdp=2.5 | hdp=4.5 | hdp=7.5 | hdp=9.5 | hdp=11.5 | hdp=14.5
2026-09-01T13:33:05Z,73992562,2026-09-02T15:00:00Z,Bet365,"WTA - US Open, New York, USA","Birrell, Kimberly","Alexandrova, Ekaterina",Team Total (Aces) Home,5,hdp=0.5 | hdp=2.5 | hdp=4.5 | hdp=9.5 | hdp=14.5
2026-09-01T13:33:05Z,73992562,2026-09-02T15:00:00Z,Bet365,"WTA - US Open, New York, USA","Birrell, Kimberly","Alexandrova, Ekaterina",Set Betting,4,label=2-0 (1) | label=2-1 (1) | label=2-0 (2) | label=2-1 (2)
2026-09-01T13:33:05Z,73992562,2026-09-02T15:00:00Z,Bet365,"WTA - US Open, New York, USA","Birrell, Kimberly","Alexandrova, Ekaterina",Spread (Games),1,hdp=4.5
2026-09-01T13:33:05Z,73992562,2026-09-02T15:00:00Z,Bet365,"WTA - US Open, New York, USA","Birrell, Kimberly","Alexandrova, Ekaterina",Team Total (Games) Away,1,hdp=12.5
2026-09-01T13:33:05Z,73992562,2026-09-02T15:00:00Z,Bet365,"WTA - US Open, New York, USA","Birrell, Kimberly","Alexandrova, Ekaterina",Totals 1st Set,6,hdp=6.5 | hdp=8.5 | hdp=9.5 | hdp=10.5 | hdp=12.5 | hdp=7.5
2026-09-01T13:33:05Z,73992562,2026-09-02T15:00:00Z,Bet365,"WTA - US Open, New York, USA","Birrell, Kimberly","Alexandrova, Ekaterina",Totals (Aces),7,hdp=0.5 | hdp=2.5 | hdp=4.5 | hdp=9.5 | hdp=14.5 | hdp=19.5
2026-09-01T13:33:05Z,73992562,2026-09-02T15:00:00Z,Bet365,"WTA - US Open, New York, USA","Birrell, Kimberly","Alexandrova, Ekaterina",Totals (Games),1,hdp=21.5
2026-09-01T13:33:05Z,73992556,2026-09-02T15:00:00Z,Bet365,"WTA - US Open, New York, USA","Townsend, Taylor","Preston, Taylah",ML,1,"{'home': '1.25', 'away': '4.00'}"
2026-09-01T13:33:05Z,73992556,2026-09-02T15:00:00Z,Bet365,"WTA - US Open, New York, USA","Townsend, Taylor","Preston, Taylah",Set Betting,4,label=2-0 (1) | label=2-1 (1) | label=2-0 (2) | label=2-1 (2)
2026-09-01T13:33:05Z,73992556,2026-09-02T15:00:00Z,Bet365,"WTA - US Open, New York, USA","Townsend, Taylor","Preston, Taylah",Team Total (Games) Home,1,hdp=12.5
2026-09-01T13:33:05Z,73992556,2026-09-02T15:00:00Z,Bet365,"WTA - US Open, New York, USA","Townsend, Taylor","Preston, Taylah",Totals 1st Set,6,hdp=7.5 | hdp=10.5 | hdp=6.5 | hdp=8.5 | hdp=9.5 | hdp=12.5
2026-09-01T13:33:05Z,73992556,2026-09-02T15:00:00Z,Bet365,"WTA - US Open, New York, USA","Townsend, Taylor","Preston, Taylah",Totals (Aces),7,hdp=0.5 | hdp=4.5 | hdp=9.5 | hdp=24.5 | hdp=2.5 | hdp=14.5
2026-09-01T13:33:05Z,73992556,2026-09-02T15:00:00Z,Bet365,"WTA - US Open, New York, USA","Townsend, Taylor","Preston, Taylah",Totals (Games),1,hdp=20.5
2026-09-01T13:33:05Z,73992556,2026-09-02T15:00:00Z,Bet365,"WTA - US Open, New York, USA","Townsend, Taylor","Preston, Taylah",Team Total (Double Faults) Away,8,hdp=0.5 | hdp=1.5 | hdp=2.5 | hdp=4.5 | hdp=7.5 | hdp=9.5
2026-09-01T13:33:05Z,73992556,2026-09-02T15:00:00Z,Bet365,"WTA - US Open, New York, USA","Townsend, Taylor","Preston, Taylah",Team Total (Aces) Away,4,hdp=9.5 | hdp=0.5 | hdp=4.5 | hdp=2.5
2026-09-01T13:33:05Z,73992556,2026-09-02T15:00:00Z,Bet365,"WTA - US Open, New York, USA","Townsend, Taylor","Preston, Taylah",Team Total (Aces) Home,6,hdp=0.5 | hdp=2.5 | hdp=19.5 | hdp=4.5 | hdp=9.5 | hdp=14.5
2026-09-01T13:33:05Z,73992556,2026-09-02T15:00:00Z,Bet365,"WTA - US Open, New York, USA","Townsend, Taylor","Preston, Taylah",Team Total (Double Faults) Home,6,hdp=0.5 | hdp=1.5 | hdp=2.5 | hdp=7.5 | hdp=9.5 | hdp=4.5
2026-09-01T13:33:05Z,73992556,2026-09-02T15:00:00Z,Bet365,"WTA - US Open, New York, USA","Townsend, Taylor","Preston, Taylah",Totals (Double Faults),8,hdp=9.5 | hdp=14.5 | hdp=1.5 | hdp=2.5 | hdp=4.5 | hdp=7.5
2026-09-01T13:33:05Z,73992556,2026-09-02T15:00:00Z,Bet365,"WTA - US Open, New York, USA","Townsend, Taylor","Preston, Taylah",Team Total (Games) Away,1,hdp=9.5
2026-09-01T13:33:05Z,73992556,2026-09-02T15:00:00Z,Bet365,"WTA - US Open, New York, USA","Townsend, Taylor","Preston, Taylah",Spread (Games),1,hdp=-4.5
2026-09-01T13:33:05Z,73992566,2026-09-02T15:00:00Z,Bet365,"WTA - US Open, New York, USA","Sabalenka, Aryna","Iatcenko, Polina",ML,1,"{'home': '1.03', 'away': '15.00'}"
2026-09-01T13:33:05Z,73992566,2026-09-02T15:00:00Z,Bet365,"WTA - US Open, New York, USA","Sabalenka, Aryna","Iatcenko, Polina",Spread (Games),1,hdp=-7.5
2026-09-01T13:33:05Z,73992566,2026-09-02T15:00:00Z,Bet365,"WTA - US Open, New York, USA","Sabalenka, Aryna","Iatcenko, Polina",Totals 1st Set,6,hdp=6.5 | hdp=7.5 | hdp=8.5 | hdp=9.5 | hdp=10.5 | hdp=12.5
2026-09-01T13:33:05Z,73992566,2026-09-02T15:00:00Z,Bet365,"WTA - US Open, New York, USA","Sabalenka, Aryna","Iatcenko, Polina",Totals (Aces),7,hdp=0.5 | hdp=2.5 | hdp=4.5 | hdp=9.5 | hdp=14.5 | hdp=19.5
2026-09-01T13:33:05Z,73992566,2026-09-02T15:00:00Z,Bet365,"WTA - US Open, New York, USA","Sabalenka, Aryna","Iatcenko, Polina",Totals (Double Faults),9,hdp=0.5 | hdp=1.5 | hdp=2.5 | hdp=4.5 | hdp=7.5 | hdp=9.5
2026-09-01T13:33:05Z,73992566,2026-09-02T15:00:00Z,Bet365,"WTA - US Open, New York, USA","Sabalenka, Aryna","Iatcenko, Polina",Set Betting,4,label=2-0 (1) | label=2-1 (1) | label=2-0 (2) | label=2-1 (2)
2026-09-01T13:33:05Z,73992566,2026-09-02T15:00:00Z,Bet365,"WTA - US Open, New York, USA","Sabalenka, Aryna","Iatcenko, Polina",Team Total (Aces) Away,4,hdp=0.5 | hdp=2.5 | hdp=4.5 | hdp=9.5
2026-09-01T13:33:05Z,73992566,2026-09-02T15:00:00Z,Bet365,"WTA - US Open, New York, USA","Sabalenka, Aryna","Iatcenko, Polina",Team Total (Aces) Home,6,hdp=0.5 | hdp=2.5 | hdp=4.5 | hdp=9.5 | hdp=14.5 | hdp=19.5
2026-09-01T13:33:05Z,73992566,2026-09-02T15:00:00Z,Bet365,"WTA - US Open, New York, USA","Sabalenka, Aryna","Iatcenko, Polina",Team Total (Double Faults) Away,7,hdp=0.5 | hdp=1.5 | hdp=2.5 | hdp=4.5 | hdp=7.5 | hdp=9.5
2026-09-01T13:33:05Z,73992566,2026-09-02T15:00:00Z,Bet365,"WTA - US Open, New York, USA","Sabalenka, Aryna","Iatcenko, Polina",Team Total (Double Faults) Home,7,hdp=0.5 | hdp=1.5 | hdp=2.5 | hdp=4.5 | hdp=7.5 | hdp=9.5
2026-09-01T13:33:05Z,73992566,2026-09-02T15:00:00Z,Bet365,"WTA - US Open, New York, USA","Sabalenka, Aryna","Iatcenko, Polina",Team Total (Games) Away,1,hdp=5.5
2026-09-01T13:33:05Z,73992566,2026-09-02T15:00:00Z,Bet365,"WTA - US Open, New York, USA","Sabalenka, Aryna","Iatcenko, Polina",Team Total (Games) Home,1,hdp=12.5
2026-09-01T13:33:05Z,73992566,2026-09-02T15:00:00Z,Bet365,"WTA - US Open, New York, USA","Sabalenka, Aryna","Iatcenko, Polina",Totals (Games),1,hdp=17.5
2026-09-01T13:33:05Z,73992568,2026-09-02T15:00:00Z,Bet365,"WTA - US Open, New York, USA","Selekhmeteva, Oksana","Rakhimova, Kamilla",ML,1,"{'home': '2.50', 'away': '1.53'}"
2026-09-01T13:33:05Z,73992568,2026-09-02T15:00:00Z,Bet365,"WTA - US Open, New York, USA","Selekhmeteva, Oksana","Rakhimova, Kamilla",Totals (Games),1,hdp=22.5
2026-09-01T13:33:05Z,73992568,2026-09-02T15:00:00Z,Bet365,"WTA - US Open, New York, USA","Selekhmeteva, Oksana","Rakhimova, Kamilla",Set Betting,4,label=2-0 (1) | label=2-1 (1) | label=2-0 (2) | label=2-1 (2)
2026-09-01T13:33:05Z,73992568,2026-09-02T15:00:00Z,Bet365,"WTA - US Open, New York, USA","Selekhmeteva, Oksana","Rakhimova, Kamilla",Team Total (Aces) Home,5,hdp=0.5 | hdp=2.5 | hdp=4.5 | hdp=9.5 | hdp=14.5
2026-09-01T13:33:05Z,73992568,2026-09-02T15:00:00Z,Bet365,"WTA - US Open, New York, USA","Selekhmeteva, Oksana","Rakhimova, Kamilla",Team Total (Games) Home,1,hdp=11.5
2026-09-01T13:33:05Z,73992568,2026-09-02T15:00:00Z,Bet365,"WTA - US Open, New York, USA","Selekhmeteva, Oksana","Rakhimova, Kamilla",Totals 1st Set,6,hdp=6.5 | hdp=7.5 | hdp=8.5 | hdp=9.5 | hdp=10.5 | hdp=12.5
2026-09-01T13:33:05Z,73992568,2026-09-02T15:00:00Z,Bet365,"WTA - US Open, New York, USA","Selekhmeteva, Oksana","Rakhimova, Kamilla",Totals (Aces),5,hdp=0.5 | hdp=2.5 | hdp=4.5 | hdp=9.5 | hdp=14.5
2026-09-01T13:33:05Z,73992568,2026-09-02T15:00:00Z,Bet365,"WTA - US Open, New York, USA","Selekhmeteva, Oksana","Rakhimova, Kamilla",Totals (Double Faults),8,hdp=2.5 | hdp=4.5 | hdp=7.5 | hdp=9.5 | hdp=11.5 | hdp=14.5
2026-09-01T13:33:05Z,73992568,2026-09-02T15:00:00Z,Bet365,"WTA - US Open, New York, USA","Selekhmeteva, Oksana","Rakhimova, Kamilla",Spread (Games),1,hdp=2.5
2026-09-01T13:33:05Z,73992568,2026-09-02T15:00:00Z,Bet365,"WTA - US Open, New York, USA","Selekhmeteva, Oksana","Rakhimova, Kamilla",Team Total (Aces) Away,4,hdp=0.5 | hdp=2.5 | hdp=4.5 | hdp=9.5
2026-09-01T13:33:05Z,73992568,2026-09-02T15:00:00Z,Bet365,"WTA - US Open, New York, USA","Selekhmeteva, Oksana","Rakhimova, Kamilla",Team Total (Double Faults) Away,8,hdp=0.5 | hdp=1.5 | hdp=2.5 | hdp=4.5 | hdp=7.5 | hdp=9.5
2026-09-01T13:33:05Z,73992568,2026-09-02T15:00:00Z,Bet365,"WTA - US Open, New York, USA","Selekhmeteva, Oksana","Rakhimova, Kamilla",Team Total (Double Faults) Home,9,hdp=0.5 | hdp=1.5 | hdp=2.5 | hdp=4.5 | hdp=7.5 | hdp=9.5
2026-09-01T13:33:05Z,73992568,2026-09-02T15:00:00Z,Bet365,"WTA - US Open, New York, USA","Selekhmeteva, Oksana","Rakhimova, Kamilla",Team Total (Games) Away,1,hdp=12.5
2026-09-01T13:33:05Z,73992352,2026-09-02T15:00:00Z,Bet365,"ATP - US Open, New York, USA","Shapovalov, Denis","Van Assche, Luca",ML,1,"{'home': '1.66', 'away': '2.20'}"
2026-09-01T13:33:05Z,73992352,2026-09-02T15:00:00Z,Bet365,"ATP - US Open, New York, USA","Shapovalov, Denis","Van Assche, Luca",Spread (Games),1,hdp=-2.5
2026-09-01T13:33:05Z,73992352,2026-09-02T15:00:00Z,Bet365,"ATP - US Open, New York, USA","Shapovalov, Denis","Van Assche, Luca",Team Total (Aces) Home,9,hdp=0.5 | hdp=2.5 | hdp=4.5 | hdp=9.5 | hdp=14.5 | hdp=19.5
2026-09-01T13:33:05Z,73992352,2026-09-02T15:00:00Z,Bet365,"ATP - US Open, New York, USA","Shapovalov, Denis","Van Assche, Luca",Team Total (Double Faults) Away,9,hdp=0.5 | hdp=1.5 | hdp=2.5 | hdp=4.5 | hdp=7.5 | hdp=9.5
2026-09-01T13:33:05Z,73992352,2026-09-02T15:00:00Z,Bet365,"ATP - US Open, New York, USA","Shapovalov, Denis","Van Assche, Luca",Team Total (Double Faults) Home,9,hdp=1.5 | hdp=2.5 | hdp=4.5 | hdp=7.5 | hdp=9.5 | hdp=11.5
2026-09-01T13:33:05Z,73992352,2026-09-02T15:00:00Z,Bet365,"ATP - US Open, New York, USA","Shapovalov, Denis","Van Assche, Luca",Team Total (Games) Home,1,hdp=19.5
2026-09-01T13:33:05Z,73992352,2026-09-02T15:00:00Z,Bet365,"ATP - US Open, New York, USA","Shapovalov, Denis","Van Assche, Luca",Totals (Aces),8,hdp=2.5 | hdp=4.5 | hdp=9.5 | hdp=14.5 | hdp=19.5 | hdp=24.5
2026-09-01T13:33:05Z,73992352,2026-09-02T15:00:00Z,Bet365,"ATP - US Open, New York, USA","Shapovalov, Denis","Van Assche, Luca",Totals (Double Faults),6,hdp=7.5 | hdp=9.5 | hdp=11.5 | hdp=14.5 | hdp=19.5 | hdp=24.5
2026-09-01T13:33:05Z,73992352,2026-09-02T15:00:00Z,Bet365,"ATP - US Open, New York, USA","Shapovalov, Denis","Van Assche, Luca",Set Betting,6,label=3-0 (1) | label=3-1 (1) | label=3-2 (1) | label=3-0 (2) | label=3-1 (2) | label=3-2 (2)
2026-09-01T13:33:05Z,73992352,2026-09-02T15:00:00Z,Bet365,"ATP - US Open, New York, USA","Shapovalov, Denis","Van Assche, Luca",Team Total (Aces) Away,5,hdp=0.5 | hdp=2.5 | hdp=4.5 | hdp=9.5 | hdp=14.5
2026-09-01T13:33:05Z,73992352,2026-09-02T15:00:00Z,Bet365,"ATP - US Open, New York, USA","Shapovalov, Denis","Van Assche, Luca",Team Total (Games) Away,1,hdp=18.5
2026-09-01T13:33:05Z,73992352,2026-09-02T15:00:00Z,Bet365,"ATP - US Open, New York, USA","Shapovalov, Denis","Van Assche, Luca",Totals 1st Set,6,hdp=6.5 | hdp=7.5 | hdp=8.5 | hdp=9.5 | hdp=10.5 | hdp=12.5
2026-09-01T13:33:05Z,73992352,2026-09-02T15:00:00Z,Bet365,"ATP - US Open, New York, USA","Shapovalov, Denis","Van Assche, Luca",Totals (Games),1,hdp=37.5
2026-09-01T13:33:05Z,73992360,2026-09-02T15:00:00Z,Bet365,"ATP - US Open, New York, USA","Merida, Daniel","Rublev, Andrey",ML,1,"{'home': '2.37', 'away': '1.57'}"
2026-09-01T13:33:05Z,73992360,2026-09-02T15:00:00Z,Bet365,"ATP - US Open, New York, USA","Merida, Daniel","Rublev, Andrey",Set Betting,6,label=3-0 (1) | label=3-1 (1) | label=3-2 (1) | label=3-0 (2) | label=3-1 (2) | label=3-2 (2)
2026-09-01T13:33:05Z,73992360,2026-09-02T15:00:00Z,Bet365,"ATP - US Open, New York, USA","Merida, Daniel","Rublev, Andrey",Team Total (Aces) Away,7,hdp=0.5 | hdp=2.5 | hdp=4.5 | hdp=14.5 | hdp=24.5 | hdp=19.5
2026-09-01T13:33:05Z,73992360,2026-09-02T15:00:00Z,Bet365,"ATP - US Open, New York, USA","Merida, Daniel","Rublev, Andrey",Team Total (Double Faults) Home,8,hdp=0.5 | hdp=1.5 | hdp=2.5 | hdp=4.5 | hdp=7.5 | hdp=9.5
2026-09-01T13:33:05Z,73992360,2026-09-02T15:00:00Z,Bet365,"ATP - US Open, New York, USA","Merida, Daniel","Rublev, Andrey",Team Total (Games) Away,1,hdp=19.5
2026-09-01T13:33:05Z,73992360,2026-09-02T15:00:00Z,Bet365,"ATP - US Open, New York, USA","Merida, Daniel","Rublev, Andrey",Totals 1st Set,6,hdp=10.5 | hdp=8.5 | hdp=9.5 | hdp=6.5 | hdp=7.5 | hdp=12.5
2026-09-01T13:33:05Z,73992360,2026-09-02T15:00:00Z,Bet365,"ATP - US Open, New York, USA","Merida, Daniel","Rublev, Andrey",Totals (Aces),8,hdp=2.5 | hdp=4.5 | hdp=14.5 | hdp=29.5 | hdp=39.5 | hdp=9.5
2026-09-01T13:33:05Z,73992360,2026-09-02T15:00:00Z,Bet365,"ATP - US Open, New York, USA","Merida, Daniel","Rublev, Andrey",Totals (Games),1,hdp=37.5
2026-09-01T13:33:05Z,73992360,2026-09-02T15:00:00Z,Bet365,"ATP - US Open, New York, USA","Merida, Daniel","Rublev, Andrey",Spread (Games),1,hdp=3.5
2026-09-01T13:33:05Z,73992360,2026-09-02T15:00:00Z,Bet365,"ATP - US Open, New York, USA","Merida, Daniel","Rublev, Andrey",Team Total (Aces) Home,6,hdp=0.5 | hdp=9.5 | hdp=19.5 | hdp=14.5 | hdp=2.5 | hdp=4.5
2026-09-01T13:33:05Z,73992360,2026-09-02T15:00:00Z,Bet365,"ATP - US Open, New York, USA","Merida, Daniel","Rublev, Andrey",Team Total (Double Faults) Away,8,hdp=0.5 | hdp=1.5 | hdp=2.5 | hdp=4.5 | hdp=7.5 | hdp=9.5
2026-09-01T13:33:05Z,73992360,2026-09-02T15:00:00Z,Bet365,"ATP - US Open, New York, USA","Merida, Daniel","Rublev, Andrey",Team Total (Games) Home,1,hdp=18.5
2026-09-01T13:33:05Z,73992360,2026-09-02T15:00:00Z,Bet365,"ATP - US Open, New York, USA","Merida, Daniel","Rublev, Andrey",Totals (Double Faults),9,hdp=1.5 | hdp=2.5 | hdp=4.5 | hdp=7.5 | hdp=9.5 | hdp=11.5
2026-09-01T13:33:05Z,73992382,2026-09-02T15:00:00Z,Bet365,"ATP - US Open, New York, USA","Auger-Aliassime, Felix","Khachanov, Karen",ML,1,"{'home': '1.40', 'away': '3.00'}"
2026-09-01T13:33:05Z,73992382,2026-09-02T15:00:00Z,Bet365,"ATP - US Open, New York, USA","Auger-Aliassime, Felix","Khachanov, Karen",Totals (Aces),7,hdp=14.5 | hdp=19.5 | hdp=24.5 | hdp=29.5 | hdp=39.5 | hdp=49.5
2026-09-01T13:33:05Z,73992382,2026-09-02T15:00:00Z,Bet365,"ATP - US Open, New York, USA","Auger-Aliassime, Felix","Khachanov, Karen",Team Total (Games) Away,1,hdp=18.5
2026-09-01T13:33:05Z,73992382,2026-09-02T15:00:00Z,Bet365,"ATP - US Open, New York, USA","Auger-Aliassime, Felix","Khachanov, Karen",Totals 1st Set,6,hdp=6.5 | hdp=7.5 | hdp=8.5 | hdp=9.5 | hdp=10.5 | hdp=12.5
2026-09-01T13:33:05Z,73992382,2026-09-02T15:00:00Z,Bet365,"ATP - US Open, New York, USA","Auger-Aliassime, Felix","Khachanov, Karen",Totals (Double Faults),9,hdp=1.5 | hdp=2.5 | hdp=4.5 | hdp=7.5 | hdp=9.5 | hdp=11.5
2026-09-01T13:33:05Z,73992382,2026-09-02T15:00:00Z,Bet365,"ATP - US Open, New York, USA","Auger-Aliassime, Felix","Khachanov, Karen",Totals (Games),1,hdp=38.5
2026-09-01T13:33:05Z,73992382,2026-09-02T15:00:00Z,Bet365,"ATP - US Open, New York, USA","Auger-Aliassime, Felix","Khachanov, Karen",Team Total (Aces) Home,9,hdp=9.5 | hdp=14.5 | hdp=19.5 | hdp=24.5 | hdp=29.5 | hdp=39.5
2026-09-01T13:33:05Z,73992382,2026-09-02T15:00:00Z,Bet365,"ATP - US Open, New York, USA","Auger-Aliassime, Felix","Khachanov, Karen",Set Betting,6,label=3-0 (1) | label=3-1 (1) | label=3-2 (1) | label=3-0 (2) | label=3-1 (2) | label=3-2 (2)
2026-09-01T13:33:05Z,73992382,2026-09-02T15:00:00Z,Bet365,"ATP - US Open, New York, USA","Auger-Aliassime, Felix","Khachanov, Karen",Spread (Games),1,hdp=-4.5
2026-09-01T13:33:05Z,73992382,2026-09-02T15:00:00Z,Bet365,"ATP - US Open, New York, USA","Auger-Aliassime, Felix","Khachanov, Karen",Team Total (Aces) Away,9,hdp=0.5 | hdp=2.5 | hdp=4.5 | hdp=9.5 | hdp=14.5 | hdp=19.5
2026-09-01T13:33:05Z,73992382,2026-09-02T15:00:00Z,Bet365,"ATP - US Open, New York, USA","Auger-Aliassime, Felix","Khachanov, Karen",Team Total (Double Faults) Away,7,hdp=0.5 | hdp=1.5 | hdp=2.5 | hdp=4.5 | hdp=7.5 | hdp=9.5
2026-09-01T13:33:05Z,73992382,2026-09-02T15:00:00Z,Bet365,"ATP - US Open, New York, USA","Auger-Aliassime, Felix","Khachanov, Karen",Team Total (Double Faults) Home,9,hdp=0.5 | hdp=1.5 | hdp=2.5 | hdp=4.5 | hdp=7.5 | hdp=9.5
2026-09-01T13:33:05Z,73992382,2026-09-02T15:00:00Z,Bet365,"ATP - US Open, New York, USA","Auger-Aliassime, Felix","Khachanov, Karen",Team Total (Games) Home,1,hdp=20.5
2026-09-01T13:33:05Z,73992354,2026-09-02T15:00:00Z,Bet365,"ATP - US Open, New York, USA","Lehecka, Jiri","Samuel, Toby",ML,1,"{'home': '1.36', 'away': '3.20'}"
2026-09-01T13:33:05Z,73992354,2026-09-02T15:00:00Z,Bet365,"ATP - US Open, New York, USA","Lehecka, Jiri","Samuel, Toby",Team Total (Games) Away,1,hdp=18.5
2026-09-01T13:33:05Z,73992354,2026-09-02T15:00:00Z,Bet365,"ATP - US Open, New York, USA","Lehecka, Jiri","Samuel, Toby",Team Total (Double Faults) Home,6,hdp=0.5 | hdp=1.5 | hdp=2.5 | hdp=4.5 | hdp=7.5 | hdp=9.5
2026-09-01T13:33:05Z,73992354,2026-09-02T15:00:00Z,Bet365,"ATP - US Open, New York, USA","Lehecka, Jiri","Samuel, Toby",Totals 1st Set,6,hdp=9.5 | hdp=6.5 | hdp=7.5 | hdp=8.5 | hdp=10.5 | hdp=12.5
2026-09-01T13:33:05Z,73992354,2026-09-02T15:00:00Z,Bet365,"ATP - US Open, New York, USA","Lehecka, Jiri","Samuel, Toby",Totals (Aces),9,hdp=2.5 | hdp=24.5 | hdp=4.5 | hdp=9.5 | hdp=14.5 | hdp=19.5
2026-09-01T13:33:05Z,73992354,2026-09-02T15:00:00Z,Bet365,"ATP - US Open, New York, USA","Lehecka, Jiri","Samuel, Toby",Spread (Games),1,hdp=-4.5
2026-09-01T13:33:05Z,73992354,2026-09-02T15:00:00Z,Bet365,"ATP - US Open, New York, USA","Lehecka, Jiri","Samuel, Toby",Team Total (Aces) Home,8,hdp=4.5 | hdp=14.5 | hdp=0.5 | hdp=2.5 | hdp=9.5 | hdp=19.5
2026-09-01T13:33:05Z,73992354,2026-09-02T15:00:00Z,Bet365,"ATP - US Open, New York, USA","Lehecka, Jiri","Samuel, Toby",Team Total (Games) Home,1,hdp=21.5
2026-09-01T13:33:05Z,73992354,2026-09-02T15:00:00Z,Bet365,"ATP - US Open, New York, USA","Lehecka, Jiri","Samuel, Toby",Totals (Double Faults),9,hdp=0.5 | hdp=1.5 | hdp=2.5 | hdp=4.5 | hdp=7.5 | hdp=9.5
2026-09-01T13:33:05Z,73992354,2026-09-02T15:00:00Z,Bet365,"ATP - US Open, New York, USA","Lehecka, Jiri","Samuel, Toby",Totals (Games),1,hdp=39.5
2026-09-01T13:33:05Z,73992354,2026-09-02T15:00:00Z,Bet365,"ATP - US Open, New York, USA","Lehecka, Jiri","Samuel, Toby",Team Total (Double Faults) Away,7,hdp=0.5 | hdp=1.5 | hdp=2.5 | hdp=4.5 | hdp=7.5 | hdp=9.5
2026-09-01T13:33:05Z,73992354,2026-09-02T15:00:00Z,Bet365,"ATP - US Open, New York, USA","Lehecka, Jiri","Samuel, Toby",Set Betting,6,label=3-0 (1) | label=3-1 (1) | label=3-2 (1) | label=3-0 (2) | label=3-1 (2) | label=3-2 (2)
2026-09-01T13:33:05Z,73992354,2026-09-02T15:00:00Z,Bet365,"ATP - US Open, New York, USA","Lehecka, Jiri","Samuel, Toby",Team Total (Aces) Away,8,hdp=0.5 | hdp=2.5 | hdp=4.5 | hdp=9.5 | hdp=14.5 | hdp=19.5
2026-09-01T13:33:05Z,73992356,2026-09-02T15:00:00Z,Bet365,"ATP - US Open, New York, USA","Harris, Lloyd","Tsitsipas, Stefanos",ML,1,"{'home': '2.75', 'away': '1.44'}"
2026-09-01T13:33:05Z,73992356,2026-09-02T15:00:00Z,Bet365,"ATP - US Open, New York, USA","Harris, Lloyd","Tsitsipas, Stefanos",Set Betting,6,label=3-0 (1) | label=3-1 (1) | label=3-2 (1) | label=3-0 (2) | label=3-1 (2) | label=3-2 (2)
2026-09-01T13:33:05Z,73992356,2026-09-02T15:00:00Z,Bet365,"ATP - US Open, New York, USA","Harris, Lloyd","Tsitsipas, Stefanos",Team Total (Aces) Away,9,hdp=0.5 | hdp=2.5 | hdp=4.5 | hdp=9.5 | hdp=19.5 | hdp=39.5
2026-09-01T13:33:05Z,73992356,2026-09-02T15:00:00Z,Bet365,"ATP - US Open, New York, USA","Harris, Lloyd","Tsitsipas, Stefanos",Team Total (Games) Home,1,hdp=19.5
2026-09-01T13:33:05Z,73992356,2026-09-02T15:00:00Z,Bet365,"ATP - US Open, New York, USA","Harris, Lloyd","Tsitsipas, Stefanos",Totals 1st Set,6,hdp=7.5 | hdp=6.5 | hdp=8.5 | hdp=9.5 | hdp=10.5 | hdp=12.5
2026-09-01T13:33:05Z,73992356,2026-09-02T15:00:00Z,Bet365,"ATP - US Open, New York, USA","Harris, Lloyd","Tsitsipas, Stefanos",Totals (Aces),7,hdp=9.5 | hdp=49.5 | hdp=14.5 | hdp=19.5 | hdp=24.5 | hdp=29.5
2026-09-01T13:33:05Z,73992356,2026-09-02T15:00:00Z,Bet365,"ATP - US Open, New York, USA","Harris, Lloyd","Tsitsipas, Stefanos",Spread (Games),1,hdp=3.5
2026-09-01T13:33:05Z,73992356,2026-09-02T15:00:00Z,Bet365,"ATP - US Open, New York, USA","Harris, Lloyd","Tsitsipas, Stefanos",Team Total (Aces) Home,9,hdp=0.5 | hdp=2.5 | hdp=24.5 | hdp=29.5 | hdp=39.5 | hdp=4.5
2026-09-01T13:33:05Z,73992356,2026-09-02T15:00:00Z,Bet365,"ATP - US Open, New York, USA","Harris, Lloyd","Tsitsipas, Stefanos",Team Total (Games) Away,1,hdp=21.5
2026-09-01T13:33:05Z,73992356,2026-09-02T15:00:00Z,Bet365,"ATP - US Open, New York, USA","Harris, Lloyd","Tsitsipas, Stefanos",Totals (Games),1,hdp=40.5
2026-09-01T13:33:05Z,73992402,2026-09-02T15:00:00Z,Bet365,"ATP - US Open, New York, USA","Vacherot, Valentin","Majchrzak, Kamil",ML,1,"{'home': '1.72', 'away': '2.10'}"
2026-09-01T13:33:05Z,73992402,2026-09-02T15:00:00Z,Bet365,"ATP - US Open, New York, USA","Vacherot, Valentin","Majchrzak, Kamil",Team Total (Double Faults) Home,9,hdp=0.5 | hdp=1.5 | hdp=2.5 | hdp=4.5 | hdp=7.5 | hdp=9.5
2026-09-01T13:33:05Z,73992402,2026-09-02T15:00:00Z,Bet365,"ATP - US Open, New York, USA","Vacherot, Valentin","Majchrzak, Kamil",Totals (Double Faults),9,hdp=1.5 | hdp=2.5 | hdp=4.5 | hdp=7.5 | hdp=9.5 | hdp=11.5
2026-09-01T13:33:05Z,73992402,2026-09-02T15:00:00Z,Bet365,"ATP - US Open, New York, USA","Vacherot, Valentin","Majchrzak, Kamil",Set Betting,6,label=3-0 (1) | label=3-1 (1) | label=3-2 (1) | label=3-0 (2) | label=3-1 (2) | label=3-2 (2)
2026-09-01T13:33:05Z,73992402,2026-09-02T15:00:00Z,Bet365,"ATP - US Open, New York, USA","Vacherot, Valentin","Majchrzak, Kamil",Spread (Games),1,hdp=-1.5
2026-09-01T13:33:05Z,73992402,2026-09-02T15:00:00Z,Bet365,"ATP - US Open, New York, USA","Vacherot, Valentin","Majchrzak, Kamil",Team Total (Aces) Home,9,hdp=2.5 | hdp=4.5 | hdp=9.5 | hdp=14.5 | hdp=19.5 | hdp=24.5
2026-09-01T13:33:05Z,73992402,2026-09-02T15:00:00Z,Bet365,"ATP - US Open, New York, USA","Vacherot, Valentin","Majchrzak, Kamil",Team Total (Double Faults) Away,6,hdp=0.5 | hdp=1.5 | hdp=2.5 | hdp=4.5 | hdp=7.5 | hdp=9.5
2026-09-01T13:33:05Z,73992402,2026-09-02T15:00:00Z,Bet365,"ATP - US Open, New York, USA","Vacherot, Valentin","Majchrzak, Kamil",Team Total (Games) Away,1,hdp=20.5
2026-09-01T13:33:05Z,73992402,2026-09-02T15:00:00Z,Bet365,"ATP - US Open, New York, USA","Vacherot, Valentin","Majchrzak, Kamil",Team Total (Games) Home,1,hdp=21.5
2026-09-01T13:33:05Z,73992402,2026-09-02T15:00:00Z,Bet365,"ATP - US Open, New York, USA","Vacherot, Valentin","Majchrzak, Kamil",Totals 1st Set,6,hdp=6.5 | hdp=7.5 | hdp=8.5 | hdp=9.5 | hdp=10.5 | hdp=12.5
2026-09-01T13:33:05Z,73992402,2026-09-02T15:00:00Z,Bet365,"ATP - US Open, New York, USA","Vacherot, Valentin","Majchrzak, Kamil",Totals (Games),1,hdp=41.5
2026-09-01T13:33:05Z,73992402,2026-09-02T15:00:00Z,Bet365,"ATP - US Open, New York, USA","Vacherot, Valentin","Majchrzak, Kamil",Totals (Aces),7,hdp=9.5 | hdp=14.5 | hdp=19.5 | hdp=24.5 | hdp=29.5 | hdp=39.5
2026-09-01T13:33:05Z,73992402,2026-09-02T15:00:00Z,Bet365,"ATP - US Open, New York, USA","Vacherot, Valentin","Majchrzak, Kamil",Team Total (Aces) Away,9,hdp=0.5 | hdp=2.5 | hdp=4.5 | hdp=9.5 | hdp=14.5 | hdp=19.5
2026-09-01T13:33:05Z,73992376,2026-09-02T15:00:00Z,Bet365,"ATP - US Open, New York, USA","Prizmic, Dino","Paul, Tommy",ML,1,"{'home': '4.33', 'away': '1.22'}"
2026-09-01T13:33:05Z,73992376,2026-09-02T15:00:00Z,Bet365,"ATP - US Open, New York, USA","Prizmic, Dino","Paul, Tommy",Spread (Games),1,hdp=5.5
2026-09-01T13:33:05Z,73992376,2026-09-02T15:00:00Z,Bet365,"ATP - US Open, New York, USA","Prizmic, Dino","Paul, Tommy",Team Total (Aces) Away,7,hdp=0.5 | hdp=2.5 | hdp=4.5 | hdp=9.5 | hdp=14.5 | hdp=19.5
2026-09-01T13:33:05Z,73992376,2026-09-02T15:00:00Z,Bet365,"ATP - US Open, New York, USA","Prizmic, Dino","Paul, Tommy",Team Total (Aces) Home,7,hdp=0.5 | hdp=2.5 | hdp=4.5 | hdp=9.5 | hdp=14.5 | hdp=19.5
2026-09-01T13:33:05Z,73992376,2026-09-02T15:00:00Z,Bet365,"ATP - US Open, New York, USA","Prizmic, Dino","Paul, Tommy",Team Total (Double Faults) Away,6,hdp=0.5 | hdp=1.5 | hdp=2.5 | hdp=4.5 | hdp=7.5 | hdp=9.5
2026-09-01T13:33:05Z,73992376,2026-09-02T15:00:00Z,Bet365,"ATP - US Open, New York, USA","Prizmic, Dino","Paul, Tommy",Totals (Aces),8,hdp=2.5 | hdp=4.5 | hdp=9.5 | hdp=14.5 | hdp=19.5 | hdp=24.5
2026-09-01T13:33:05Z,73992376,2026-09-02T15:00:00Z,Bet365,"ATP - US Open, New York, USA","Prizmic, Dino","Paul, Tommy",Set Betting,6,label=3-0 (1) | label=3-1 (1) | label=3-2 (1) | label=3-0 (2) | label=3-1 (2) | label=3-2 (2)
2026-09-01T13:33:05Z,73992376,2026-09-02T15:00:00Z,Bet365,"ATP - US Open, New York, USA","Prizmic, Dino","Paul, Tommy",Team Total (Double Faults) Home,8,hdp=0.5 | hdp=1.5 | hdp=2.5 | hdp=4.5 | hdp=7.5 | hdp=9.5
2026-09-01T13:33:05Z,73992376,2026-09-02T15:00:00Z,Bet365,"ATP - US Open, New York, USA","Prizmic, Dino","Paul, Tommy",Team Total (Games) Away,1,hdp=20.5
2026-09-01T13:33:05Z,73992376,2026-09-02T15:00:00Z,Bet365,"ATP - US Open, New York, USA","Prizmic, Dino","Paul, Tommy",Team Total (Games) Home,1,hdp=16.5
2026-09-01T13:33:05Z,73992376,2026-09-02T15:00:00Z,Bet365,"ATP - US Open, New York, USA","Prizmic, Dino","Paul, Tommy",Totals 1st Set,6,hdp=6.5 | hdp=7.5 | hdp=9.5 | hdp=10.5 | hdp=12.5 | hdp=8.5
2026-09-01T13:33:05Z,73992376,2026-09-02T15:00:00Z,Bet365,"ATP - US Open, New York, USA","Prizmic, Dino","Paul, Tommy",Totals (Double Faults),9,hdp=1.5 | hdp=2.5 | hdp=4.5 | hdp=7.5 | hdp=9.5 | hdp=11.5
2026-09-01T13:33:05Z,73992376,2026-09-02T15:00:00Z,Bet365,"ATP - US Open, New York, USA","Prizmic, Dino","Paul, Tommy",Totals (Games),1,hdp=36.5
2026-09-01T13:33:05Z,73992374,2026-09-02T15:00:00Z,Bet365,"ATP - US Open, New York, USA","Bublik, Alexander","Mannarino, Adrian",ML,1,"{'home': '1.28', 'away': '3.75'}"
2026-09-01T13:33:05Z,73992374,2026-09-02T15:00:00Z,Bet365,"ATP - US Open, New York, USA","Bublik, Alexander","Mannarino, Adrian",Set Betting,6,label=3-0 (1) | label=3-1 (1) | label=3-2 (1) | label=3-0 (2) | label=3-1 (2) | label=3-2 (2)
2026-09-01T13:33:05Z,73992374,2026-09-02T15:00:00Z,Bet365,"ATP - US Open, New York, USA","Bublik, Alexander","Mannarino, Adrian",Spread (Games),1,hdp=-5.5
2026-09-01T13:33:05Z,73992374,2026-09-02T15:00:00Z,Bet365,"ATP - US Open, New York, USA","Bublik, Alexander","Mannarino, Adrian",Team Total (Aces) Home,9,hdp=2.5 | hdp=4.5 | hdp=9.5 | hdp=14.5 | hdp=19.5 | hdp=24.5
2026-09-01T13:33:05Z,73992374,2026-09-02T15:00:00Z,Bet365,"ATP - US Open, New York, USA","Bublik, Alexander","Mannarino, Adrian",Team Total (Double Faults) Away,8,hdp=0.5 | hdp=1.5 | hdp=2.5 | hdp=4.5 | hdp=7.5 | hdp=9.5
2026-09-01T13:33:05Z,73992374,2026-09-02T15:00:00Z,Bet365,"ATP - US Open, New York, USA","Bublik, Alexander","Mannarino, Adrian",Team Total (Double Faults) Home,10,hdp=0.5 | hdp=1.5 | hdp=2.5 | hdp=4.5 | hdp=7.5 | hdp=9.5
2026-09-01T13:33:05Z,73992374,2026-09-02T15:00:00Z,Bet365,"ATP - US Open, New York, USA","Bublik, Alexander","Mannarino, Adrian",Team Total (Games) Away,1,hdp=17.5
2026-09-01T13:33:05Z,73992374,2026-09-02T15:00:00Z,Bet365,"ATP - US Open, New York, USA","Bublik, Alexander","Mannarino, Adrian",Totals (Games),1,hdp=38.5
2026-09-01T13:33:05Z,73992374,2026-09-02T15:00:00Z,Bet365,"ATP - US Open, New York, USA","Bublik, Alexander","Mannarino, Adrian",Team Total (Aces) Away,7,hdp=0.5 | hdp=2.5 | hdp=4.5 | hdp=9.5 | hdp=14.5 | hdp=19.5
2026-09-01T13:33:05Z,73992374,2026-09-02T15:00:00Z,Bet365,"ATP - US Open, New York, USA","Bublik, Alexander","Mannarino, Adrian",Team Total (Games) Home,1,hdp=20.5
2026-09-01T13:33:05Z,73992374,2026-09-02T15:00:00Z,Bet365,"ATP - US Open, New York, USA","Bublik, Alexander","Mannarino, Adrian",Totals 1st Set,6,hdp=6.5 | hdp=8.5 | hdp=10.5 | hdp=7.5 | hdp=9.5 | hdp=12.5
2026-09-01T13:33:05Z,73992374,2026-09-02T15:00:00Z,Bet365,"ATP - US Open, New York, USA","Bublik, Alexander","Mannarino, Adrian",Totals (Aces),7,hdp=9.5 | hdp=14.5 | hdp=19.5 | hdp=24.5 | hdp=29.5 | hdp=39.5
2026-09-01T13:33:05Z,73992374,2026-09-02T15:00:00Z,Bet365,"ATP - US Open, New York, USA","Bublik, Alexander","Mannarino, Adrian",Totals (Double Faults),8,hdp=2.5 | hdp=4.5 | hdp=7.5 | hdp=9.5 | hdp=11.5 | hdp=14.5
2026-09-01T13:33:05Z,73992400,2026-09-02T15:00:00Z,Bet365,"ATP - US Open, New York, USA","Munar, Jaume","Rinderknech, Arthur",ML,1,"{'home': '2.37', 'away': '1.57'}"
2026-09-01T13:33:05Z,73992400,2026-09-02T15:00:00Z,Bet365,"ATP - US Open, New York, USA","Munar, Jaume","Rinderknech, Arthur",Totals (Games),1,hdp=39.5
2026-09-01T13:33:05Z,73992400,2026-09-02T15:00:00Z,Bet365,"ATP - US Open, New York, USA","Munar, Jaume","Rinderknech, Arthur",Set Betting,6,label=3-0 (1) | label=3-1 (1) | label=3-2 (1) | label=3-0 (2) | label=3-1 (2) | label=3-2 (2)
2026-09-01T13:33:05Z,73992400,2026-09-02T15:00:00Z,Bet365,"ATP - US Open, New York, USA","Munar, Jaume","Rinderknech, Arthur",Spread (Games),1,hdp=2.5
2026-09-01T13:33:05Z,73992400,2026-09-02T15:00:00Z,Bet365,"ATP - US Open, New York, USA","Munar, Jaume","Rinderknech, Arthur",Team Total (Games) Away,1,hdp=20.5
2026-09-01T13:33:05Z,73992400,2026-09-02T15:00:00Z,Bet365,"ATP - US Open, New York, USA","Munar, Jaume","Rinderknech, Arthur",Team Total (Games) Home,1,hdp=19.5
2026-09-01T13:33:05Z,73992400,2026-09-02T15:00:00Z,Bet365,"ATP - US Open, New York, USA","Munar, Jaume","Rinderknech, Arthur",Totals 1st Set,6,hdp=7.5 | hdp=8.5 | hdp=9.5 | hdp=6.5 | hdp=10.5 | hdp=12.5
2026-09-01T13:33:05Z,73992380,2026-09-02T15:00:00Z,Bet365,"ATP - US Open, New York, USA","Faria, Jaime","Alcaraz, Carlos",ML,1,"{'home': '7.00', 'away': '1.10'}"
2026-09-01T13:33:05Z,73992380,2026-09-02T15:00:00Z,Bet365,"ATP - US Open, New York, USA","Faria, Jaime","Alcaraz, Carlos",Totals (Games),1,hdp=34.5
2026-09-01T13:33:05Z,73992380,2026-09-02T15:00:00Z,Bet365,"ATP - US Open, New York, USA","Faria, Jaime","Alcaraz, Carlos",Team Total (Double Faults) Home,8,hdp=2.5 | hdp=4.5 | hdp=7.5 | hdp=9.5 | hdp=11.5 | hdp=14.5
2026-09-01T13:33:05Z,73992380,2026-09-02T15:00:00Z,Bet365,"ATP - US Open, New York, USA","Faria, Jaime","Alcaraz, Carlos",Team Total (Games) Home,1,hdp=14.5
2026-09-01T13:33:05Z,73992380,2026-09-02T15:00:00Z,Bet365,"ATP - US Open, New York, USA","Faria, Jaime","Alcaraz, Carlos",Totals (Aces),9,hdp=2.5 | hdp=4.5 | hdp=9.5 | hdp=14.5 | hdp=19.5 | hdp=24.5
2026-09-01T13:33:05Z,73992380,2026-09-02T15:00:00Z,Bet365,"ATP - US Open, New York, USA","Faria, Jaime","Alcaraz, Carlos",Totals (Double Faults),7,hdp=4.5 | hdp=7.5 | hdp=9.5 | hdp=11.5 | hdp=14.5 | hdp=19.5
2026-09-01T13:33:05Z,73992380,2026-09-02T15:00:00Z,Bet365,"ATP - US Open, New York, USA","Faria, Jaime","Alcaraz, Carlos",Set Betting,6,label=3-0 (1) | label=3-1 (1) | label=3-2 (1) | label=3-0 (2) | label=3-1 (2) | label=3-2 (2)
2026-09-01T13:33:05Z,73992380,2026-09-02T15:00:00Z,Bet365,"ATP - US Open, New York, USA","Faria, Jaime","Alcaraz, Carlos",Team Total (Aces) Home,7,hdp=0.5 | hdp=2.5 | hdp=4.5 | hdp=9.5 | hdp=14.5 | hdp=19.5
2026-09-01T13:33:05Z,73992380,2026-09-02T15:00:00Z,Bet365,"ATP - US Open, New York, USA","Faria, Jaime","Alcaraz, Carlos",Spread (Games),1,hdp=6.5
2026-09-01T13:33:05Z,73992380,2026-09-02T15:00:00Z,Bet365,"ATP - US Open, New York, USA","Faria, Jaime","Alcaraz, Carlos",Team Total (Aces) Away,7,hdp=0.5 | hdp=2.5 | hdp=4.5 | hdp=9.5 | hdp=14.5 | hdp=19.5
2026-09-01T13:33:05Z,73992380,2026-09-02T15:00:00Z,Bet365,"ATP - US Open, New York, USA","Faria, Jaime","Alcaraz, Carlos",Team Total (Double Faults) Away,6,hdp=0.5 | hdp=1.5 | hdp=2.5 | hdp=4.5 | hdp=7.5 | hdp=9.5
2026-09-01T13:33:05Z,73992380,2026-09-02T15:00:00Z,Bet365,"ATP - US Open, New York, USA","Faria, Jaime","Alcaraz, Carlos",Team Total (Games) Away,1,hdp=19.5
2026-09-01T13:33:05Z,73992380,2026-09-02T15:00:00Z,Bet365,"ATP - US Open, New York, USA","Faria, Jaime","Alcaraz, Carlos",Totals 1st Set,6,hdp=6.5 | hdp=7.5 | hdp=8.5 | hdp=9.5 | hdp=10.5 | hdp=12.5
2026-09-01T13:33:05Z,73992386,2026-09-02T15:00:00Z,Bet365,"ATP - US Open, New York, USA","Mensik, Jakub","Rodionov, Jurij",ML,1,"{'home': '1.12', 'away': '6.00'}"
2026-09-01T13:33:05Z,73992386,2026-09-02T15:00:00Z,Bet365,"ATP - US Open, New York, USA","Mensik, Jakub","Rodionov, Jurij",Totals (Double Faults),9,hdp=1.5 | hdp=2.5 | hdp=4.5 | hdp=7.5 | hdp=9.5 | hdp=11.5
2026-09-01T13:33:05Z,73992386,2026-09-02T15:00:00Z,Bet365,"ATP - US Open, New York, USA","Mensik, Jakub","Rodionov, Jurij",Totals 1st Set,6,hdp=6.5 | hdp=7.5 | hdp=8.5 | hdp=9.5 | hdp=10.5 | hdp=12.5
2026-09-01T13:33:05Z,73992386,2026-09-02T15:00:00Z,Bet365,"ATP - US Open, New York, USA","Mensik, Jakub","Rodionov, Jurij",Team Total (Double Faults) Home,8,hdp=0.5 | hdp=1.5 | hdp=2.5 | hdp=4.5 | hdp=7.5 | hdp=9.5
2026-09-01T13:33:05Z,73992386,2026-09-02T15:00:00Z,Bet365,"ATP - US Open, New York, USA","Mensik, Jakub","Rodionov, Jurij",Spread (Games),1,hdp=-7.5
2026-09-01T13:33:05Z,73992386,2026-09-02T15:00:00Z,Bet365,"ATP - US Open, New York, USA","Mensik, Jakub","Rodionov, Jurij",Team Total (Aces) Away,7,hdp=0.5 | hdp=2.5 | hdp=4.5 | hdp=9.5 | hdp=14.5 | hdp=19.5
2026-09-01T13:33:05Z,73992386,2026-09-02T15:00:00Z,Bet365,"ATP - US Open, New York, USA","Mensik, Jakub","Rodionov, Jurij",Team Total (Games) Home,1,hdp=19.5
2026-09-01T13:33:05Z,73992386,2026-09-02T15:00:00Z,Bet365,"ATP - US Open, New York, USA","Mensik, Jakub","Rodionov, Jurij",Totals (Aces),8,hdp=4.5 | hdp=9.5 | hdp=14.5 | hdp=19.5 | hdp=24.5 | hdp=29.5
2026-09-01T13:33:05Z,73992386,2026-09-02T15:00:00Z,Bet365,"ATP - US Open, New York, USA","Mensik, Jakub","Rodionov, Jurij",Totals (Games),1,hdp=31.5
2026-09-01T13:33:05Z,73992386,2026-09-02T15:00:00Z,Bet365,"ATP - US Open, New York, USA","Mensik, Jakub","Rodionov, Jurij",Team Total (Games) Away,1,hdp=12.5
2026-09-01T13:33:05Z,73992386,2026-09-02T15:00:00Z,Bet365,"ATP - US Open, New York, USA","Mensik, Jakub","Rodionov, Jurij",Set Betting,6,label=3-0 (1) | label=3-1 (1) | label=3-2 (1) | label=3-0 (2) | label=3-1 (2) | label=3-2 (2)
2026-09-01T13:33:05Z,73992386,2026-09-02T15:00:00Z,Bet365,"ATP - US Open, New York, USA","Mensik, Jakub","Rodionov, Jurij",Team Total (Aces) Home,8,hdp=2.5 | hdp=4.5 | hdp=9.5 | hdp=14.5 | hdp=19.5 | hdp=24.5
2026-09-01T13:33:05Z,73992386,2026-09-02T15:00:00Z,Bet365,"ATP - US Open, New York, USA","Mensik, Jakub","Rodionov, Jurij",Team Total (Double Faults) Away,7,hdp=0.5 | hdp=1.5 | hdp=2.5 | hdp=4.5 | hdp=7.5 | hdp=9.5
2026-09-01T13:33:05Z,73992404,2026-09-02T15:00:00Z,Bet365,"ATP - US Open, New York, USA","Sakamoto, Rei","Tiafoe, Frances",ML,1,"{'home': '4.33', 'away': '1.22'}"
2026-09-01T13:33:05Z,73992404,2026-09-02T15:00:00Z,Bet365,"ATP - US Open, New York, USA","Sakamoto, Rei","Tiafoe, Frances",Totals (Games),1,hdp=38.5
2026-09-01T13:33:05Z,73992404,2026-09-02T15:00:00Z,Bet365,"ATP - US Open, New York, USA","Sakamoto, Rei","Tiafoe, Frances",Spread (Games),1,hdp=4.5
2026-09-01T13:33:05Z,73992404,2026-09-02T15:00:00Z,Bet365,"ATP - US Open, New York, USA","Sakamoto, Rei","Tiafoe, Frances",Team Total (Aces) Away,8,hdp=0.5 | hdp=2.5 | hdp=4.5 | hdp=14.5 | hdp=29.5 | hdp=9.5
2026-09-01T13:33:05Z,73992404,2026-09-02T15:00:00Z,Bet365,"ATP - US Open, New York, USA","Sakamoto, Rei","Tiafoe, Frances",Team Total (Games) Away,1,hdp=20.5
2026-09-01T13:33:05Z,73992404,2026-09-02T15:00:00Z,Bet365,"ATP - US Open, New York, USA","Sakamoto, Rei","Tiafoe, Frances",Totals (Aces),7,hdp=9.5 | hdp=14.5 | hdp=19.5 | hdp=24.5 | hdp=29.5 | hdp=39.5
2026-09-01T13:33:05Z,73992404,2026-09-02T15:00:00Z,Bet365,"ATP - US Open, New York, USA","Sakamoto, Rei","Tiafoe, Frances",Totals (Double Faults),8,hdp=2.5 | hdp=7.5 | hdp=9.5 | hdp=1.5 | hdp=4.5 | hdp=11.5
2026-09-01T13:33:05Z,73992404,2026-09-02T15:00:00Z,Bet365,"ATP - US Open, New York, USA","Sakamoto, Rei","Tiafoe, Frances",Set Betting,6,label=3-0 (1) | label=3-1 (1) | label=3-2 (1) | label=3-0 (2) | label=3-1 (2) | label=3-2 (2)
2026-09-01T13:33:05Z,73992404,2026-09-02T15:00:00Z,Bet365,"ATP - US Open, New York, USA","Sakamoto, Rei","Tiafoe, Frances",Team Total (Aces) Home,9,hdp=2.5 | hdp=4.5 | hdp=9.5 | hdp=14.5 | hdp=19.5 | hdp=24.5
2026-09-01T13:33:05Z,73992404,2026-09-02T15:00:00Z,Bet365,"ATP - US Open, New York, USA","Sakamoto, Rei","Tiafoe, Frances",Team Total (Double Faults) Away,6,hdp=1.5 | hdp=2.5 | hdp=4.5 | hdp=7.5 | hdp=0.5 | hdp=9.5
2026-09-01T13:33:05Z,73992404,2026-09-02T15:00:00Z,Bet365,"ATP - US Open, New York, USA","Sakamoto, Rei","Tiafoe, Frances",Team Total (Double Faults) Home,7,hdp=1.5 | hdp=2.5 | hdp=4.5 | hdp=0.5 | hdp=7.5 | hdp=9.5
2026-09-01T13:33:05Z,73992404,2026-09-02T15:00:00Z,Bet365,"ATP - US Open, New York, USA","Sakamoto, Rei","Tiafoe, Frances",Team Total (Games) Home,1,hdp=17.5
2026-09-01T13:33:05Z,73992404,2026-09-02T15:00:00Z,Bet365,"ATP - US Open, New York, USA","Sakamoto, Rei","Tiafoe, Frances",Totals 1st Set,6,hdp=6.5 | hdp=7.5 | hdp=9.5 | hdp=10.5 | hdp=12.5 | hdp=8.5
2026-09-01T13:33:05Z,73992398,2026-09-02T15:00:00Z,Bet365,"ATP - US Open, New York, USA","Medvedev, Daniil","Gorzny, Sebastian",ML,1,"{'home': '1.02', 'away': '17.00'}"
2026-09-01T13:33:05Z,73992398,2026-09-02T15:00:00Z,Bet365,"ATP - US Open, New York, USA","Medvedev, Daniil","Gorzny, Sebastian",Spread (Games),1,hdp=-8.5
2026-09-01T13:33:05Z,73992398,2026-09-02T15:00:00Z,Bet365,"ATP - US Open, New York, USA","Medvedev, Daniil","Gorzny, Sebastian",Set Betting,6,label=3-0 (1) | label=3-1 (1) | label=3-2 (1) | label=3-0 (2) | label=3-1 (2) | label=3-2 (2)
2026-09-01T13:33:05Z,73992398,2026-09-02T15:00:00Z,Bet365,"ATP - US Open, New York, USA","Medvedev, Daniil","Gorzny, Sebastian",Team Total (Games) Home,1,hdp=18.5
2026-09-01T13:33:05Z,73992398,2026-09-02T15:00:00Z,Bet365,"ATP - US Open, New York, USA","Medvedev, Daniil","Gorzny, Sebastian",Team Total (Aces) Home,8,hdp=0.5 | hdp=2.5 | hdp=4.5 | hdp=9.5 | hdp=14.5 | hdp=19.5
2026-09-01T13:33:05Z,73992398,2026-09-02T15:00:00Z,Bet365,"ATP - US Open, New York, USA","Medvedev, Daniil","Gorzny, Sebastian",Team Total (Double Faults) Away,8,hdp=1.5 | hdp=2.5 | hdp=4.5 | hdp=7.5 | hdp=9.5 | hdp=11.5
2026-09-01T13:33:05Z,73992398,2026-09-02T15:00:00Z,Bet365,"ATP - US Open, New York, USA","Medvedev, Daniil","Gorzny, Sebastian",Totals 1st Set,6,hdp=6.5 | hdp=7.5 | hdp=8.5 | hdp=9.5 | hdp=10.5 | hdp=12.5
2026-09-01T13:33:05Z,73992398,2026-09-02T15:00:00Z,Bet365,"ATP - US Open, New York, USA","Medvedev, Daniil","Gorzny, Sebastian",Totals (Double Faults),7,hdp=4.5 | hdp=7.5 | hdp=9.5 | hdp=11.5 | hdp=14.5 | hdp=19.5
2026-09-01T13:33:05Z,73992398,2026-09-02T15:00:00Z,Bet365,"ATP - US Open, New York, USA","Medvedev, Daniil","Gorzny, Sebastian",Totals (Games),1,hdp=28.5
2026-09-01T13:33:05Z,73992398,2026-09-02T15:00:00Z,Bet365,"ATP - US Open, New York, USA","Medvedev, Daniil","Gorzny, Sebastian",Totals (Aces),8,hdp=2.5 | hdp=4.5 | hdp=9.5 | hdp=14.5 | hdp=19.5 | hdp=24.5
2026-09-01T13:33:05Z,73992398,2026-09-02T15:00:00Z,Bet365,"ATP - US Open, New York, USA","Medvedev, Daniil","Gorzny, Sebastian",Team Total (Aces) Away,6,hdp=0.5 | hdp=2.5 | hdp=4.5 | hdp=9.5 | hdp=14.5 | hdp=19.5
2026-09-01T13:33:05Z,73992398,2026-09-02T15:00:00Z,Bet365,"ATP - US Open, New York, USA","Medvedev, Daniil","Gorzny, Sebastian",Team Total (Double Faults) Home,9,hdp=0.5 | hdp=1.5 | hdp=2.5 | hdp=4.5 | hdp=7.5 | hdp=9.5
2026-09-01T13:33:05Z,73992398,2026-09-02T15:00:00Z,Bet365,"ATP - US Open, New York, USA","Medvedev, Daniil","Gorzny, Sebastian",Team Total (Games) Away,1,hdp=10.5
2026-09-01T13:33:05Z,73992432,2026-09-02T15:00:00Z,Bet365,"ATP - US Open, New York, USA","Popyrin, Alexei","Tabilo, Alejandro",ML,1,"{'home': '2.10', 'away': '1.72'}"
2026-09-01T13:33:05Z,73992432,2026-09-02T15:00:00Z,Bet365,"ATP - US Open, New York, USA","Popyrin, Alexei","Tabilo, Alejandro",Team Total (Aces) Home,9,hdp=2.5 | hdp=4.5 | hdp=9.5 | hdp=14.5 | hdp=19.5 | hdp=24.5
2026-09-01T13:33:05Z,73992432,2026-09-02T15:00:00Z,Bet365,"ATP - US Open, New York, USA","Popyrin, Alexei","Tabilo, Alejandro",Totals (Games),1,hdp=41.5
2026-09-01T13:33:05Z,73992432,2026-09-02T15:00:00Z,Bet365,"ATP - US Open, New York, USA","Popyrin, Alexei","Tabilo, Alejandro",Totals (Aces),7,hdp=9.5 | hdp=14.5 | hdp=19.5 | hdp=24.5 | hdp=29.5 | hdp=39.5
2026-09-01T13:33:05Z,73992432,2026-09-02T15:00:00Z,Bet365,"ATP - US Open, New York, USA","Popyrin, Alexei","Tabilo, Alejandro",Set Betting,6,label=3-0 (1) | label=3-1 (1) | label=3-2 (1) | label=3-0 (2) | label=3-1 (2) | label=3-2 (2)
2026-09-01T13:33:05Z,73992432,2026-09-02T15:00:00Z,Bet365,"ATP - US Open, New York, USA","Popyrin, Alexei","Tabilo, Alejandro",Spread (Games),1,hdp=1.5
2026-09-01T13:33:05Z,73992432,2026-09-02T15:00:00Z,Bet365,"ATP - US Open, New York, USA","Popyrin, Alexei","Tabilo, Alejandro",Team Total (Games) Home,1,hdp=20.5
2026-09-01T13:33:05Z,73992432,2026-09-02T15:00:00Z,Bet365,"ATP - US Open, New York, USA","Popyrin, Alexei","Tabilo, Alejandro",Team Total (Double Faults) Home,7,hdp=0.5 | hdp=1.5 | hdp=2.5 | hdp=4.5 | hdp=7.5 | hdp=9.5
2026-09-01T13:33:05Z,73992432,2026-09-02T15:00:00Z,Bet365,"ATP - US Open, New York, USA","Popyrin, Alexei","Tabilo, Alejandro",Team Total (Games) Away,1,hdp=21.5
2026-09-01T13:33:05Z,73992432,2026-09-02T15:00:00Z,Bet365,"ATP - US Open, New York, USA","Popyrin, Alexei","Tabilo, Alejandro",Totals 1st Set,6,hdp=6.5 | hdp=7.5 | hdp=9.5 | hdp=10.5 | hdp=12.5 | hdp=8.5
2026-09-01T13:33:05Z,73992432,2026-09-02T15:00:00Z,Bet365,"ATP - US Open, New York, USA","Popyrin, Alexei","Tabilo, Alejandro",Totals (Double Faults),8,hdp=1.5 | hdp=2.5 | hdp=4.5 | hdp=7.5 | hdp=9.5 | hdp=11.5
2026-09-01T13:33:05Z,73992432,2026-09-02T15:00:00Z,Bet365,"ATP - US Open, New York, USA","Popyrin, Alexei","Tabilo, Alejandro",Team Total (Aces) Away,9,hdp=0.5 | hdp=2.5 | hdp=4.5 | hdp=9.5 | hdp=14.5 | hdp=19.5
2026-09-01T13:33:05Z,73992432,2026-09-02T15:00:00Z,Bet365,"ATP - US Open, New York, USA","Popyrin, Alexei","Tabilo, Alejandro",Team Total (Double Faults) Away,7,hdp=0.5 | hdp=1.5 | hdp=2.5 | hdp=4.5 | hdp=7.5 | hdp=9.5
2026-09-01T13:33:05Z,73992514,2026-09-02T15:00:00Z,Bet365,"WTA - US Open, New York, USA","Wang, Xinyu","Kalinskaya, Anna",ML,1,"{'home': '2.62', 'away': '1.50'}"
2026-09-01T13:33:05Z,73992514,2026-09-02T15:00:00Z,Bet365,"WTA - US Open, New York, USA","Wang, Xinyu","Kalinskaya, Anna",Team Total (Games) Home,1,hdp=11.5
2026-09-01T13:33:05Z,73992514,2026-09-02T15:00:00Z,Bet365,"WTA - US Open, New York, USA","Wang, Xinyu","Kalinskaya, Anna",Totals 1st Set,6,hdp=6.5 | hdp=7.5 | hdp=12.5 | hdp=8.5 | hdp=9.5 | hdp=10.5
2026-09-01T13:33:05Z,73992514,2026-09-02T15:00:00Z,Bet365,"WTA - US Open, New York, USA","Wang, Xinyu","Kalinskaya, Anna",Totals (Games),1,hdp=21.5
2026-09-01T13:33:05Z,73992514,2026-09-02T15:00:00Z,Bet365,"WTA - US Open, New York, USA","Wang, Xinyu","Kalinskaya, Anna",Set Betting,4,label=2-0 (1) | label=2-1 (1) | label=2-0 (2) | label=2-1 (2)
2026-09-01T13:33:05Z,73992514,2026-09-02T15:00:00Z,Bet365,"WTA - US Open, New York, USA","Wang, Xinyu","Kalinskaya, Anna",Spread (Games),1,hdp=3.5
2026-09-01T13:33:05Z,73992514,2026-09-02T15:00:00Z,Bet365,"WTA - US Open, New York, USA","Wang, Xinyu","Kalinskaya, Anna",Team Total (Games) Away,1,hdp=12.5
2026-09-01T13:33:05Z,73992400,2026-09-02T15:00:00Z,Bet365,"ATP - US Open, New York, USA","Munar, Jaume","Rinderknech, Arthur",ML,1,"{'home': '2.37', 'away': '1.57'}"
2026-09-01T13:33:05Z,73992400,2026-09-02T15:00:00Z,Bet365,"ATP - US Open, New York, USA","Munar, Jaume","Rinderknech, Arthur",Spread (Games),1,hdp=2.5
2026-09-01T13:33:05Z,73992400,2026-09-02T15:00:00Z,Bet365,"ATP - US Open, New York, USA","Munar, Jaume","Rinderknech, Arthur",Team Total (Games) Away,1,hdp=20.5
2026-09-01T13:33:05Z,73992400,2026-09-02T15:00:00Z,Bet365,"ATP - US Open, New York, USA","Munar, Jaume","Rinderknech, Arthur",Team Total (Games) Home,1,hdp=19.5
2026-09-01T13:33:05Z,73992400,2026-09-02T15:00:00Z,Bet365,"ATP - US Open, New York, USA","Munar, Jaume","Rinderknech, Arthur",Totals 1st Set,6,hdp=7.5 | hdp=8.5 | hdp=9.5 | hdp=6.5 | hdp=10.5 | hdp=12.5
2026-09-01T13:33:05Z,73992400,2026-09-02T15:00:00Z,Bet365,"ATP - US Open, New York, USA","Munar, Jaume","Rinderknech, Arthur",Totals (Games),1,hdp=39.5
2026-09-01T13:33:05Z,73992400,2026-09-02T15:00:00Z,Bet365,"ATP - US Open, New York, USA","Munar, Jaume","Rinderknech, Arthur",Set Betting,6,label=3-0 (1) | label=3-1 (1) | label=3-2 (1) | label=3-0 (2) | label=3-1 (2) | label=3-2 (2)
2026-09-01T13:33:05Z,73992434,2026-09-02T15:00:00Z,Bet365,"ATP - US Open, New York, USA","Darderi, Luciano","Svrcina, Dalibor",<NO_BET365_MARKETS_RETURNED>,0,
2026-09-01T13:33:05Z,73992436,2026-09-02T15:00:00Z,Bet365,"ATP - US Open, New York, USA",R64P7,R64P8,<NO_BET365_MARKETS_RETURNED>,0,
2026-09-01T13:33:05Z,73992476,2026-09-02T15:00:00Z,Bet365,"WTA - US Open, New York, USA",R64P53,R64P54,<NO_BET365_MARKETS_RETURNED>,0,
2026-09-01T13:33:05Z,73992482,2026-09-02T15:00:00Z,Bet365,"WTA - US Open, New York, USA","Timofeeva, Maria",R64P60,<NO_BET365_MARKETS_RETURNED>,0,
2026-09-01T13:33:05Z,73992480,2026-09-02T15:00:00Z,Bet365,"WTA - US Open, New York, USA","Osaka, Naomi","Siniakova, Katerina",<NO_BET365_MARKETS_RETURNED>,0,
2026-09-01T13:33:05Z,73992486,2026-09-02T15:00:00Z,Bet365,"WTA - US Open, New York, USA",R64P47,R64P48,<NO_BET365_MARKETS_RETURNED>,0,
2026-09-01T13:33:05Z,73992478,2026-09-02T15:00:00Z,Bet365,"WTA - US Open, New York, USA","Zheng, Qinwen",R64P56,<NO_BET365_MARKETS_RETURNED>,0,
2026-09-01T13:33:05Z,73992488,2026-09-02T15:00:00Z,Bet365,"WTA - US Open, New York, USA","Swiatek, Iga","Podoroska, Nadia",<NO_BET365_MARKETS_RETURNED>,0,
2026-09-01T13:33:05Z,73992500,2026-09-02T15:00:00Z,Bet365,"WTA - US Open, New York, USA",R64P61,R64P62,<NO_BET365_MARKETS_RETURNED>,0,
2026-09-01T13:33:05Z,73992502,2026-09-02T15:00:00Z,Bet365,"WTA - US Open, New York, USA",R64P63,R64P64,<NO_BET365_MARKETS_RETURNED>,0,
2026-09-01T13:33:05Z,73992510,2026-09-02T15:00:00Z,Bet365,"WTA - US Open, New York, USA","Parry, Diane","Cirstea, Sorana",<NO_BET365_MARKETS_RETURNED>,0,
2026-09-01T13:33:05Z,73992518,2026-09-02T15:00:00Z,Bet365,"WTA - US Open, New York, USA","Tararudee, Lanlana","Noskova, Linda",<NO_BET365_MARKETS_RETURNED>,0,
2026-09-01T13:33:05Z,73992532,2026-09-02T15:00:00Z,Bet365,"WTA - US Open, New York, USA","Navarro, Emma","McNally, Caty",<NO_BET365_MARKETS_RETURNED>,0,
2026-09-01T13:33:05Z,73992524,2026-09-02T15:00:00Z,Bet365,"WTA - US Open, New York, USA",R64P37,R64P38,<NO_BET365_MARKETS_RETURNED>,0,
2026-09-01T13:33:05Z,73992528,2026-09-02T15:00:00Z,Bet365,"WTA - US Open, New York, USA",R64P41,R64P42,<NO_BET365_MARKETS_RETURNED>,0,
2026-09-01T13:33:05Z,73992530,2026-09-02T15:00:00Z,Bet365,"WTA - US Open, New York, USA",R64P43,R64P44,<NO_BET365_MARKETS_RETURNED>,0,
2026-09-01T13:33:05Z,73992536,2026-09-02T15:00:00Z,Bet365,"WTA - US Open, New York, USA",R64P33,R64P34,<NO_BET365_MARKETS_RETURNED>,0,
2026-09-01T13:33:05Z,73992538,2026-09-02T15:00:00Z,Bet365,"WTA - US Open, New York, USA",R64P35,R64P36,<NO_BET365_MARKETS_RETURNED>,0,
2026-09-01T13:33:05Z,73992560,2026-09-02T15:00:00Z,Bet365,"WTA - US Open, New York, USA","Kostyuk, Marta","Stephens, Sloane",<NO_BET365_MARKETS_RETURNED>,0,
2026-09-01T13:33:05Z,73992558,2026-09-02T15:00:00Z,Bet365,"WTA - US Open, New York, USA","Pliskova, Karolina","Shnaider, Diana",<NO_BET365_MARKETS_RETURNED>,0,
2026-09-01T13:33:05Z,73992364,2026-09-02T15:00:00Z,Bet365,"ATP - US Open, New York, USA","Berrettini, Matteo","Navone, Mariano",<NO_BET365_MARKETS_RETURNED>,0,
2026-09-01T13:33:05Z,73992358,2026-09-02T15:00:00Z,Bet365,"ATP - US Open, New York, USA","Nakashima, Brandon","Michelsen, Alex",<NO_BET365_MARKETS_RETURNED>,0,
2026-09-01T13:33:05Z,73992350,2026-09-02T15:00:00Z,Bet365,"ATP - US Open, New York, USA","Shelton, Ben","Hurkacz, Hubert",<NO_BET365_MARKETS_RETURNED>,0,
2026-09-01T13:33:05Z,73992362,2026-09-02T15:00:00Z,Bet365,"ATP - US Open, New York, USA","Etcheverry, Tomas Martin","Fearnley, Jacob",<NO_BET365_MARKETS_RETURNED>,0,
2026-09-01T13:33:05Z,73992378,2026-09-02T15:00:00Z,Bet365,"ATP - US Open, New York, USA","Duckworth, James","Wu, Yibing",<NO_BET365_MARKETS_RETURNED>,0,
2026-09-01T13:33:05Z,73992388,2026-09-02T15:00:00Z,Bet365,"ATP - US Open, New York, USA",R64P23,"Tien, Learner",<NO_BET365_MARKETS_RETURNED>,0,
2026-09-01T13:33:05Z,73992384,2026-09-02T15:00:00Z,Bet365,"ATP - US Open, New York, USA",R64P19,R64P20,<NO_BET365_MARKETS_RETURNED>,0,
2026-09-01T13:33:05Z,73992410,2026-09-02T15:00:00Z,Bet365,"ATP - US Open, New York, USA","Blockx, Alexander","Trungelliti, Marco",<NO_BET365_MARKETS_RETURNED>,0,
2026-09-01T13:33:05Z,73992390,2026-09-02T15:00:00Z,Bet365,"ATP - US Open, New York, USA",R64P9,R64P10,<NO_BET365_MARKETS_RETURNED>,0,
2026-09-01T13:33:05Z,73992392,2026-09-02T15:00:00Z,Bet365,"ATP - US Open, New York, USA",R64P11,R64P12,<NO_BET365_MARKETS_RETURNED>,0,
2026-09-01T13:33:05Z,73992394,2026-09-02T15:00:00Z,Bet365,"ATP - US Open, New York, USA",R64P13,R64P14,<NO_BET365_MARKETS_RETURNED>,0,
2026-09-01T13:33:05Z,73992396,2026-09-02T15:00:00Z,Bet365,"ATP - US Open, New York, USA",R64P15,R64P16,<NO_BET365_MARKETS_RETURNED>,0,
2026-09-01T13:33:05Z,73992406,2026-09-02T15:00:00Z,Bet365,"ATP - US Open, New York, USA",R64P25,R64P26,<NO_BET365_MARKETS_RETURNED>,0,
2026-09-01T13:33:05Z,73992408,2026-09-02T15:00:00Z,Bet365,"ATP - US Open, New York, USA",R64P27,R64P28,<NO_BET365_MARKETS_RETURNED>,0,
2026-09-01T13:33:05Z,73992412,2026-09-02T15:00:00Z,Bet365,"ATP - US Open, New York, USA",R64P31,R64P32,<NO_BET365_MARKETS_RETURNED>,0,
2026-09-01T13:33:05Z,73992430,2026-09-02T15:00:00Z,Bet365,"ATP - US Open, New York, USA",R64P1,"Halys, Quentin",<NO_BET365_MARKETS_RETURNED>,0,
