event_id,date,tour,tournament,bookmaker,player,opponent,market,line,over_odds,under_odds,capture_ts,match_start_utc,raw_market_name,raw_outcome_count,raw_label_sample
73352312,2026-08-03,ATP,Montreal,Bet365,Luca Van Assche,Titouan Droguet,double_faults,0.5,1.0100,,2026-08-03T11:50:16Z,2026-08-03T15:00:00Z,Team Total (Double Faults) Home,7,"{'hdp': 0.5, 'over': '1.01'}"
73352312,2026-08-03,ATP,Montreal,Bet365,Luca Van Assche,Titouan Droguet,double_faults,1.5,1.0800,,2026-08-03T11:50:16Z,2026-08-03T15:00:00Z,Team Total (Double Faults) Home,7,"{'hdp': 1.5, 'over': '1.08'}"
73352312,2026-08-03,ATP,Montreal,Bet365,Luca Van Assche,Titouan Droguet,double_faults,2.5,1.2500,,2026-08-03T11:50:16Z,2026-08-03T15:00:00Z,Team Total (Double Faults) Home,7,"{'hdp': 2.5, 'over': '1.25'}"
73352312,2026-08-03,ATP,Montreal,Bet365,Luca Van Assche,Titouan Droguet,double_faults,4.5,2.1000,,2026-08-03T11:50:16Z,2026-08-03T15:00:00Z,Team Total (Double Faults) Home,7,"{'hdp': 4.5, 'over': '2.10'}"
73352312,2026-08-03,ATP,Montreal,Bet365,Luca Van Assche,Titouan Droguet,double_faults,7.5,7.0000,,2026-08-03T11:50:16Z,2026-08-03T15:00:00Z,Team Total (Double Faults) Home,7,"{'hdp': 7.5, 'over': '7.00'}"
73352312,2026-08-03,ATP,Montreal,Bet365,Luca Van Assche,Titouan Droguet,double_faults,9.5,19.0000,,2026-08-03T11:50:16Z,2026-08-03T15:00:00Z,Team Total (Double Faults) Home,7,"{'hdp': 9.5, 'over': '19.00'}"
73352312,2026-08-03,ATP,Montreal,Bet365,Luca Van Assche,Titouan Droguet,double_faults,11.5,26.0000,,2026-08-03T11:50:16Z,2026-08-03T15:00:00Z,Team Total (Double Faults) Home,7,"{'hdp': 11.5, 'over': '26.00'}"
73352312,2026-08-03,ATP,Montreal,Bet365,Luca Van Assche,Titouan Droguet,match_aces,2.5,1.0100,,2026-08-03T11:50:16Z,2026-08-03T15:00:00Z,Totals (Aces),8,"{'hdp': 2.5, 'over': '1.01'}"
73352312,2026-08-03,ATP,Montreal,Bet365,Luca Van Assche,Titouan Droguet,match_aces,4.5,1.0600,,2026-08-03T11:50:16Z,2026-08-03T15:00:00Z,Totals (Aces),8,"{'hdp': 4.5, 'over': '1.06'}"
73352312,2026-08-03,ATP,Montreal,Bet365,Luca Van Assche,Titouan Droguet,match_aces,14.5,3.2500,,2026-08-03T11:50:16Z,2026-08-03T15:00:00Z,Totals (Aces),8,"{'hdp': 14.5, 'over': '3.25'}"
73352312,2026-08-03,ATP,Montreal,Bet365,Luca Van Assche,Titouan Droguet,match_aces,19.5,8.0000,,2026-08-03T11:50:16Z,2026-08-03T15:00:00Z,Totals (Aces),8,"{'hdp': 19.5, 'over': '8.00'}"
73352312,2026-08-03,ATP,Montreal,Bet365,Luca Van Assche,Titouan Droguet,match_aces,24.5,19.0000,,2026-08-03T11:50:16Z,2026-08-03T15:00:00Z,Totals (Aces),8,"{'hdp': 24.5, 'over': '19.00'}"
73352312,2026-08-03,ATP,Montreal,Bet365,Luca Van Assche,Titouan Droguet,match_aces,29.5,26.0000,,2026-08-03T11:50:16Z,2026-08-03T15:00:00Z,Totals (Aces),8,"{'hdp': 29.5, 'over': '26.00'}"
73352312,2026-08-03,ATP,Montreal,Bet365,Luca Van Assche,Titouan Droguet,match_aces,9.5,1.5700,,2026-08-03T11:50:16Z,2026-08-03T15:00:00Z,Totals (Aces),8,"{'hdp': 9.5, 'over': '1.57'}"
73352312,2026-08-03,ATP,Montreal,Bet365,Luca Van Assche,Titouan Droguet,match_double_faults,2.5,1.0400,,2026-08-03T11:50:16Z,2026-08-03T15:00:00Z,Totals (Double Faults),8,"{'hdp': 2.5, 'over': '1.04'}"
73352312,2026-08-03,ATP,Montreal,Bet365,Luca Van Assche,Titouan Droguet,match_double_faults,4.5,1.2500,,2026-08-03T11:50:16Z,2026-08-03T15:00:00Z,Totals (Double Faults),8,"{'hdp': 4.5, 'over': '1.25'}"
73352312,2026-08-03,ATP,Montreal,Bet365,Luca Van Assche,Titouan Droguet,match_double_faults,7.5,2.2500,,2026-08-03T11:50:16Z,2026-08-03T15:00:00Z,Totals (Double Faults),8,"{'hdp': 7.5, 'over': '2.25'}"
73352312,2026-08-03,ATP,Montreal,Bet365,Luca Van Assche,Titouan Droguet,match_double_faults,9.5,4.3300,,2026-08-03T11:50:16Z,2026-08-03T15:00:00Z,Totals (Double Faults),8,"{'hdp': 9.5, 'over': '4.33'}"
73352312,2026-08-03,ATP,Montreal,Bet365,Luca Van Assche,Titouan Droguet,match_double_faults,11.5,10.0000,,2026-08-03T11:50:16Z,2026-08-03T15:00:00Z,Totals (Double Faults),8,"{'hdp': 11.5, 'over': '10.00'}"
73352312,2026-08-03,ATP,Montreal,Bet365,Luca Van Assche,Titouan Droguet,match_double_faults,14.5,26.0000,,2026-08-03T11:50:16Z,2026-08-03T15:00:00Z,Totals (Double Faults),8,"{'hdp': 14.5, 'over': '26.00'}"
73352312,2026-08-03,ATP,Montreal,Bet365,Titouan Droguet,Luca Van Assche,aces,2.5,1.0600,,2026-08-03T11:50:16Z,2026-08-03T15:00:00Z,Team Total (Aces) Away,6,"{'hdp': 2.5, 'over': '1.06'}"
73352312,2026-08-03,ATP,Montreal,Bet365,Titouan Droguet,Luca Van Assche,aces,4.5,1.2500,,2026-08-03T11:50:16Z,2026-08-03T15:00:00Z,Team Total (Aces) Away,6,"{'hdp': 4.5, 'over': '1.25'}"
73352312,2026-08-03,ATP,Montreal,Bet365,Titouan Droguet,Luca Van Assche,aces,9.5,2.7500,,2026-08-03T11:50:16Z,2026-08-03T15:00:00Z,Team Total (Aces) Away,6,"{'hdp': 9.5, 'over': '2.75'}"
73352312,2026-08-03,ATP,Montreal,Bet365,Titouan Droguet,Luca Van Assche,aces,14.5,9.0000,,2026-08-03T11:50:16Z,2026-08-03T15:00:00Z,Team Total (Aces) Away,6,"{'hdp': 14.5, 'over': '9.00'}"
73352312,2026-08-03,ATP,Montreal,Bet365,Titouan Droguet,Luca Van Assche,aces,19.5,26.0000,,2026-08-03T11:50:16Z,2026-08-03T15:00:00Z,Team Total (Aces) Away,6,"{'hdp': 19.5, 'over': '26.00'}"
73352312,2026-08-03,ATP,Montreal,Bet365,Luca Van Assche,Titouan Droguet,aces,0.5,1.0300,,2026-08-03T11:50:16Z,2026-08-03T15:00:00Z,Team Total (Aces) Home,5,"{'hdp': 0.5, 'over': '1.03'}"
73352312,2026-08-03,ATP,Montreal,Bet365,Luca Van Assche,Titouan Droguet,aces,2.5,1.4400,,2026-08-03T11:50:16Z,2026-08-03T15:00:00Z,Team Total (Aces) Home,5,"{'hdp': 2.5, 'over': '1.44'}"
73352312,2026-08-03,ATP,Montreal,Bet365,Luca Van Assche,Titouan Droguet,aces,4.5,2.6200,,2026-08-03T11:50:16Z,2026-08-03T15:00:00Z,Team Total (Aces) Home,5,"{'hdp': 4.5, 'over': '2.62'}"
73352312,2026-08-03,ATP,Montreal,Bet365,Luca Van Assche,Titouan Droguet,aces,9.5,21.0000,,2026-08-03T11:50:16Z,2026-08-03T15:00:00Z,Team Total (Aces) Home,5,"{'hdp': 9.5, 'over': '21.00'}"
73352312,2026-08-03,ATP,Montreal,Bet365,Luca Van Assche,Titouan Droguet,aces,14.5,26.0000,,2026-08-03T11:50:16Z,2026-08-03T15:00:00Z,Team Total (Aces) Home,5,"{'hdp': 14.5, 'over': '26.00'}"
73352312,2026-08-03,ATP,Montreal,Bet365,Titouan Droguet,Luca Van Assche,double_faults,0.5,1.0800,,2026-08-03T11:50:16Z,2026-08-03T15:00:00Z,Team Total (Double Faults) Away,5,"{'hdp': 0.5, 'over': '1.08'}"
73352312,2026-08-03,ATP,Montreal,Bet365,Titouan Droguet,Luca Van Assche,double_faults,2.5,2.0000,,2026-08-03T11:50:16Z,2026-08-03T15:00:00Z,Team Total (Double Faults) Away,5,"{'hdp': 2.5, 'over': '2.00'}"
73352312,2026-08-03,ATP,Montreal,Bet365,Titouan Droguet,Luca Van Assche,double_faults,7.5,26.0000,,2026-08-03T11:50:16Z,2026-08-03T15:00:00Z,Team Total (Double Faults) Away,5,"{'hdp': 7.5, 'over': '26.00'}"
73352312,2026-08-03,ATP,Montreal,Bet365,Titouan Droguet,Luca Van Assche,double_faults,1.5,1.3600,,2026-08-03T11:50:16Z,2026-08-03T15:00:00Z,Team Total (Double Faults) Away,5,"{'hdp': 1.5, 'over': '1.36'}"
73352312,2026-08-03,ATP,Montreal,Bet365,Titouan Droguet,Luca Van Assche,double_faults,4.5,6.0000,,2026-08-03T11:50:16Z,2026-08-03T15:00:00Z,Team Total (Double Faults) Away,5,"{'hdp': 4.5, 'over': '6.00'}"
73352326,2026-08-03,ATP,Montreal,Bet365,Nicolas Mejia,Martin Landaluce,double_faults,0.5,1.0600,,2026-08-03T11:50:16Z,2026-08-03T15:00:00Z,Team Total (Double Faults) Home,5,"{'hdp': 0.5, 'over': '1.06'}"
73352326,2026-08-03,ATP,Montreal,Bet365,Nicolas Mejia,Martin Landaluce,double_faults,1.5,1.3300,,2026-08-03T11:50:16Z,2026-08-03T15:00:00Z,Team Total (Double Faults) Home,5,"{'hdp': 1.5, 'over': '1.33'}"
73352326,2026-08-03,ATP,Montreal,Bet365,Nicolas Mejia,Martin Landaluce,double_faults,2.5,1.9000,,2026-08-03T11:50:16Z,2026-08-03T15:00:00Z,Team Total (Double Faults) Home,5,"{'hdp': 2.5, 'over': '1.90'}"
73352326,2026-08-03,ATP,Montreal,Bet365,Nicolas Mejia,Martin Landaluce,double_faults,4.5,6.0000,,2026-08-03T11:50:16Z,2026-08-03T15:00:00Z,Team Total (Double Faults) Home,5,"{'hdp': 4.5, 'over': '6.00'}"
73352326,2026-08-03,ATP,Montreal,Bet365,Nicolas Mejia,Martin Landaluce,double_faults,7.5,26.0000,,2026-08-03T11:50:16Z,2026-08-03T15:00:00Z,Team Total (Double Faults) Home,5,"{'hdp': 7.5, 'over': '26.00'}"
73352326,2026-08-03,ATP,Montreal,Bet365,Martin Landaluce,Nicolas Mejia,double_faults,0.5,1.0100,,2026-08-03T11:50:16Z,2026-08-03T15:00:00Z,Team Total (Double Faults) Away,8,"{'hdp': 0.5, 'over': '1.01'}"
73352326,2026-08-03,ATP,Montreal,Bet365,Martin Landaluce,Nicolas Mejia,double_faults,1.5,1.0700,,2026-08-03T11:50:16Z,2026-08-03T15:00:00Z,Team Total (Double Faults) Away,8,"{'hdp': 1.5, 'over': '1.07'}"
73352326,2026-08-03,ATP,Montreal,Bet365,Martin Landaluce,Nicolas Mejia,double_faults,2.5,1.2200,,2026-08-03T11:50:16Z,2026-08-03T15:00:00Z,Team Total (Double Faults) Away,8,"{'hdp': 2.5, 'over': '1.22'}"
73352326,2026-08-03,ATP,Montreal,Bet365,Martin Landaluce,Nicolas Mejia,double_faults,4.5,1.8300,,2026-08-03T11:50:16Z,2026-08-03T15:00:00Z,Team Total (Double Faults) Away,8,"{'hdp': 4.5, 'over': '1.83'}"
73352326,2026-08-03,ATP,Montreal,Bet365,Martin Landaluce,Nicolas Mejia,double_faults,7.5,4.5000,,2026-08-03T11:50:16Z,2026-08-03T15:00:00Z,Team Total (Double Faults) Away,8,"{'hdp': 7.5, 'over': '4.50'}"
73352326,2026-08-03,ATP,Montreal,Bet365,Martin Landaluce,Nicolas Mejia,double_faults,9.5,11.0000,,2026-08-03T11:50:16Z,2026-08-03T15:00:00Z,Team Total (Double Faults) Away,8,"{'hdp': 9.5, 'over': '11.00'}"
73352326,2026-08-03,ATP,Montreal,Bet365,Martin Landaluce,Nicolas Mejia,double_faults,11.5,21.0000,,2026-08-03T11:50:16Z,2026-08-03T15:00:00Z,Team Total (Double Faults) Away,8,"{'hdp': 11.5, 'over': '21.00'}"
73352326,2026-08-03,ATP,Montreal,Bet365,Martin Landaluce,Nicolas Mejia,double_faults,14.5,26.0000,,2026-08-03T11:50:16Z,2026-08-03T15:00:00Z,Team Total (Double Faults) Away,8,"{'hdp': 14.5, 'over': '26.00'}"
73352326,2026-08-03,ATP,Montreal,Bet365,Nicolas Mejia,Martin Landaluce,match_aces,2.5,1.0200,,2026-08-03T11:50:16Z,2026-08-03T15:00:00Z,Totals (Aces),7,"{'hdp': 2.5, 'over': '1.02'}"
73352326,2026-08-03,ATP,Montreal,Bet365,Nicolas Mejia,Martin Landaluce,match_aces,4.5,1.1200,,2026-08-03T11:50:16Z,2026-08-03T15:00:00Z,Totals (Aces),7,"{'hdp': 4.5, 'over': '1.12'}"
73352326,2026-08-03,ATP,Montreal,Bet365,Nicolas Mejia,Martin Landaluce,match_aces,9.5,2.0000,,2026-08-03T11:50:16Z,2026-08-03T15:00:00Z,Totals (Aces),7,"{'hdp': 9.5, 'over': '2.00'}"
73352326,2026-08-03,ATP,Montreal,Bet365,Nicolas Mejia,Martin Landaluce,match_aces,14.5,5.5000,,2026-08-03T11:50:16Z,2026-08-03T15:00:00Z,Totals (Aces),7,"{'hdp': 14.5, 'over': '5.50'}"
73352326,2026-08-03,ATP,Montreal,Bet365,Nicolas Mejia,Martin Landaluce,match_aces,19.5,17.0000,,2026-08-03T11:50:16Z,2026-08-03T15:00:00Z,Totals (Aces),7,"{'hdp': 19.5, 'over': '17.00'}"
73352326,2026-08-03,ATP,Montreal,Bet365,Nicolas Mejia,Martin Landaluce,match_aces,24.5,26.0000,,2026-08-03T11:50:16Z,2026-08-03T15:00:00Z,Totals (Aces),7,"{'hdp': 24.5, 'over': '26.00'}"
73352326,2026-08-03,ATP,Montreal,Bet365,Nicolas Mejia,Martin Landaluce,match_double_faults,2.5,1.0300,,2026-08-03T11:50:16Z,2026-08-03T15:00:00Z,Totals (Double Faults),9,"{'hdp': 2.5, 'over': '1.03'}"
73352326,2026-08-03,ATP,Montreal,Bet365,Nicolas Mejia,Martin Landaluce,match_double_faults,4.5,1.1800,,2026-08-03T11:50:16Z,2026-08-03T15:00:00Z,Totals (Double Faults),9,"{'hdp': 4.5, 'over': '1.18'}"
73352326,2026-08-03,ATP,Montreal,Bet365,Nicolas Mejia,Martin Landaluce,match_double_faults,7.5,1.9000,,2026-08-03T11:50:16Z,2026-08-03T15:00:00Z,Totals (Double Faults),9,"{'hdp': 7.5, 'over': '1.90'}"
73352326,2026-08-03,ATP,Montreal,Bet365,Nicolas Mejia,Martin Landaluce,match_double_faults,9.5,3.4000,,2026-08-03T11:50:16Z,2026-08-03T15:00:00Z,Totals (Double Faults),9,"{'hdp': 9.5, 'over': '3.40'}"
73352326,2026-08-03,ATP,Montreal,Bet365,Nicolas Mejia,Martin Landaluce,match_double_faults,11.5,6.0000,,2026-08-03T11:50:16Z,2026-08-03T15:00:00Z,Totals (Double Faults),9,"{'hdp': 11.5, 'over': '6.00'}"
73352326,2026-08-03,ATP,Montreal,Bet365,Nicolas Mejia,Martin Landaluce,match_double_faults,14.5,17.0000,,2026-08-03T11:50:16Z,2026-08-03T15:00:00Z,Totals (Double Faults),9,"{'hdp': 14.5, 'over': '17.00'}"
73352326,2026-08-03,ATP,Montreal,Bet365,Nicolas Mejia,Martin Landaluce,match_double_faults,19.5,26.0000,,2026-08-03T11:50:16Z,2026-08-03T15:00:00Z,Totals (Double Faults),9,"{'hdp': 19.5, 'over': '26.00'}"
73352326,2026-08-03,ATP,Montreal,Bet365,Martin Landaluce,Nicolas Mejia,aces,0.5,1.0100,,2026-08-03T11:50:16Z,2026-08-03T15:00:00Z,Team Total (Aces) Away,5,"{'hdp': 0.5, 'over': '1.01'}"
73352326,2026-08-03,ATP,Montreal,Bet365,Martin Landaluce,Nicolas Mejia,aces,2.5,1.2500,,2026-08-03T11:50:16Z,2026-08-03T15:00:00Z,Team Total (Aces) Away,5,"{'hdp': 2.5, 'over': '1.25'}"
73352326,2026-08-03,ATP,Montreal,Bet365,Martin Landaluce,Nicolas Mejia,aces,4.5,2.0000,,2026-08-03T11:50:16Z,2026-08-03T15:00:00Z,Team Total (Aces) Away,5,"{'hdp': 4.5, 'over': '2.00'}"
73352326,2026-08-03,ATP,Montreal,Bet365,Martin Landaluce,Nicolas Mejia,aces,9.5,11.0000,,2026-08-03T11:50:16Z,2026-08-03T15:00:00Z,Team Total (Aces) Away,5,"{'hdp': 9.5, 'over': '11.00'}"
73352326,2026-08-03,ATP,Montreal,Bet365,Martin Landaluce,Nicolas Mejia,aces,14.5,26.0000,,2026-08-03T11:50:16Z,2026-08-03T15:00:00Z,Team Total (Aces) Away,5,"{'hdp': 14.5, 'over': '26.00'}"
73352326,2026-08-03,ATP,Montreal,Bet365,Nicolas Mejia,Martin Landaluce,aces,0.5,1.0200,,2026-08-03T11:50:16Z,2026-08-03T15:00:00Z,Team Total (Aces) Home,5,"{'hdp': 0.5, 'over': '1.02'}"
73352326,2026-08-03,ATP,Montreal,Bet365,Nicolas Mejia,Martin Landaluce,aces,2.5,1.2500,,2026-08-03T11:50:16Z,2026-08-03T15:00:00Z,Team Total (Aces) Home,5,"{'hdp': 2.5, 'over': '1.25'}"
73352326,2026-08-03,ATP,Montreal,Bet365,Nicolas Mejia,Martin Landaluce,aces,4.5,1.8300,,2026-08-03T11:50:16Z,2026-08-03T15:00:00Z,Team Total (Aces) Home,5,"{'hdp': 4.5, 'over': '1.83'}"
73352326,2026-08-03,ATP,Montreal,Bet365,Nicolas Mejia,Martin Landaluce,aces,9.5,9.0000,,2026-08-03T11:50:16Z,2026-08-03T15:00:00Z,Team Total (Aces) Home,5,"{'hdp': 9.5, 'over': '9.00'}"
73352326,2026-08-03,ATP,Montreal,Bet365,Nicolas Mejia,Martin Landaluce,aces,14.5,26.0000,,2026-08-03T11:50:16Z,2026-08-03T15:00:00Z,Team Total (Aces) Home,5,"{'hdp': 14.5, 'over': '26.00'}"
73325186,2026-08-03,WTA,Toronto,Bet365,Karolina Pliskova,Oleksandra Oliynykova,aces,2.5,1.0500,,2026-08-03T11:50:16Z,2026-08-03T15:00:00Z,Team Total (Aces) Away,6,"{'hdp': 2.5, 'over': '1.05'}"
73325186,2026-08-03,WTA,Toronto,Bet365,Karolina Pliskova,Oleksandra Oliynykova,aces,4.5,1.2200,,2026-08-03T11:50:16Z,2026-08-03T15:00:00Z,Team Total (Aces) Away,6,"{'hdp': 4.5, 'over': '1.22'}"
73325186,2026-08-03,WTA,Toronto,Bet365,Karolina Pliskova,Oleksandra Oliynykova,aces,9.5,2.6200,,2026-08-03T11:50:16Z,2026-08-03T15:00:00Z,Team Total (Aces) Away,6,"{'hdp': 9.5, 'over': '2.62'}"
73325186,2026-08-03,WTA,Toronto,Bet365,Karolina Pliskova,Oleksandra Oliynykova,aces,14.5,9.0000,,2026-08-03T11:50:16Z,2026-08-03T15:00:00Z,Team Total (Aces) Away,6,"{'hdp': 14.5, 'over': '9.00'}"
73325186,2026-08-03,WTA,Toronto,Bet365,Karolina Pliskova,Oleksandra Oliynykova,aces,19.5,26.0000,,2026-08-03T11:50:16Z,2026-08-03T15:00:00Z,Team Total (Aces) Away,6,"{'hdp': 19.5, 'over': '26.00'}"
73325186,2026-08-03,WTA,Toronto,Bet365,Karolina Pliskova,Oleksandra Oliynykova,double_faults,19.5,26.0000,,2026-08-03T11:50:16Z,2026-08-03T15:00:00Z,Team Total (Double Faults) Away,9,"{'hdp': 19.5, 'over': '26.00'}"
73325186,2026-08-03,WTA,Toronto,Bet365,Karolina Pliskova,Oleksandra Oliynykova,double_faults,1.5,1.0100,,2026-08-03T11:50:16Z,2026-08-03T15:00:00Z,Team Total (Double Faults) Away,9,"{'hdp': 1.5, 'over': '1.01'}"
73325186,2026-08-03,WTA,Toronto,Bet365,Karolina Pliskova,Oleksandra Oliynykova,double_faults,2.5,1.0600,,2026-08-03T11:50:16Z,2026-08-03T15:00:00Z,Team Total (Double Faults) Away,9,"{'hdp': 2.5, 'over': '1.06'}"
73325186,2026-08-03,WTA,Toronto,Bet365,Karolina Pliskova,Oleksandra Oliynykova,double_faults,4.5,1.2200,,2026-08-03T11:50:16Z,2026-08-03T15:00:00Z,Team Total (Double Faults) Away,9,"{'hdp': 4.5, 'over': '1.22'}"
73325186,2026-08-03,WTA,Toronto,Bet365,Karolina Pliskova,Oleksandra Oliynykova,double_faults,7.5,1.8300,,2026-08-03T11:50:16Z,2026-08-03T15:00:00Z,Team Total (Double Faults) Away,9,"{'hdp': 7.5, 'over': '1.83'}"
73325186,2026-08-03,WTA,Toronto,Bet365,Karolina Pliskova,Oleksandra Oliynykova,double_faults,9.5,2.6200,,2026-08-03T11:50:16Z,2026-08-03T15:00:00Z,Team Total (Double Faults) Away,9,"{'hdp': 9.5, 'over': '2.62'}"
73325186,2026-08-03,WTA,Toronto,Bet365,Karolina Pliskova,Oleksandra Oliynykova,double_faults,11.5,4.0000,,2026-08-03T11:50:16Z,2026-08-03T15:00:00Z,Team Total (Double Faults) Away,9,"{'hdp': 11.5, 'over': '4.00'}"
73325186,2026-08-03,WTA,Toronto,Bet365,Karolina Pliskova,Oleksandra Oliynykova,double_faults,14.5,9.0000,,2026-08-03T11:50:16Z,2026-08-03T15:00:00Z,Team Total (Double Faults) Away,9,"{'hdp': 14.5, 'over': '9.00'}"
73325186,2026-08-03,WTA,Toronto,Bet365,Oleksandra Oliynykova,Karolina Pliskova,match_aces,2.5,1.0100,,2026-08-03T11:50:16Z,2026-08-03T15:00:00Z,Totals (Aces),7,"{'hdp': 2.5, 'over': '1.01'}"
73325186,2026-08-03,WTA,Toronto,Bet365,Oleksandra Oliynykova,Karolina Pliskova,match_aces,4.5,1.0800,,2026-08-03T11:50:16Z,2026-08-03T15:00:00Z,Totals (Aces),7,"{'hdp': 4.5, 'over': '1.08'}"
73325186,2026-08-03,WTA,Toronto,Bet365,Oleksandra Oliynykova,Karolina Pliskova,match_aces,9.5,1.7200,,2026-08-03T11:50:16Z,2026-08-03T15:00:00Z,Totals (Aces),7,"{'hdp': 9.5, 'over': '1.72'}"
73325186,2026-08-03,WTA,Toronto,Bet365,Oleksandra Oliynykova,Karolina Pliskova,match_aces,14.5,3.7500,,2026-08-03T11:50:16Z,2026-08-03T15:00:00Z,Totals (Aces),7,"{'hdp': 14.5, 'over': '3.75'}"
73325186,2026-08-03,WTA,Toronto,Bet365,Oleksandra Oliynykova,Karolina Pliskova,match_aces,19.5,10.0000,,2026-08-03T11:50:16Z,2026-08-03T15:00:00Z,Totals (Aces),7,"{'hdp': 19.5, 'over': '10.00'}"
73325186,2026-08-03,WTA,Toronto,Bet365,Oleksandra Oliynykova,Karolina Pliskova,match_aces,24.5,26.0000,,2026-08-03T11:50:16Z,2026-08-03T15:00:00Z,Totals (Aces),7,"{'hdp': 24.5, 'over': '26.00'}"
73325186,2026-08-03,WTA,Toronto,Bet365,Oleksandra Oliynykova,Karolina Pliskova,aces,0.5,1.1100,,2026-08-03T11:50:16Z,2026-08-03T15:00:00Z,Team Total (Aces) Home,4,"{'hdp': 0.5, 'over': '1.11'}"
73325186,2026-08-03,WTA,Toronto,Bet365,Oleksandra Oliynykova,Karolina Pliskova,aces,2.5,2.0000,,2026-08-03T11:50:16Z,2026-08-03T15:00:00Z,Team Total (Aces) Home,4,"{'hdp': 2.5, 'over': '2.00'}"
73325186,2026-08-03,WTA,Toronto,Bet365,Oleksandra Oliynykova,Karolina Pliskova,aces,4.5,5.0000,,2026-08-03T11:50:16Z,2026-08-03T15:00:00Z,Team Total (Aces) Home,4,"{'hdp': 4.5, 'over': '5.00'}"
73325186,2026-08-03,WTA,Toronto,Bet365,Oleksandra Oliynykova,Karolina Pliskova,aces,9.5,26.0000,,2026-08-03T11:50:16Z,2026-08-03T15:00:00Z,Team Total (Aces) Home,4,"{'hdp': 9.5, 'over': '26.00'}"
73325186,2026-08-03,WTA,Toronto,Bet365,Oleksandra Oliynykova,Karolina Pliskova,double_faults,1.5,1.0600,,2026-08-03T11:50:16Z,2026-08-03T15:00:00Z,Team Total (Double Faults) Home,7,"{'hdp': 1.5, 'over': '1.06'}"
73325186,2026-08-03,WTA,Toronto,Bet365,Oleksandra Oliynykova,Karolina Pliskova,double_faults,2.5,1.2000,,2026-08-03T11:50:16Z,2026-08-03T15:00:00Z,Team Total (Double Faults) Home,7,"{'hdp': 2.5, 'over': '1.20'}"
73325186,2026-08-03,WTA,Toronto,Bet365,Oleksandra Oliynykova,Karolina Pliskova,double_faults,4.5,2.0000,,2026-08-03T11:50:16Z,2026-08-03T15:00:00Z,Team Total (Double Faults) Home,7,"{'hdp': 4.5, 'over': '2.00'}"
73325186,2026-08-03,WTA,Toronto,Bet365,Oleksandra Oliynykova,Karolina Pliskova,double_faults,7.5,7.0000,,2026-08-03T11:50:16Z,2026-08-03T15:00:00Z,Team Total (Double Faults) Home,7,"{'hdp': 7.5, 'over': '7.00'}"
73325186,2026-08-03,WTA,Toronto,Bet365,Oleksandra Oliynykova,Karolina Pliskova,double_faults,9.5,19.0000,,2026-08-03T11:50:16Z,2026-08-03T15:00:00Z,Team Total (Double Faults) Home,7,"{'hdp': 9.5, 'over': '19.00'}"
73325186,2026-08-03,WTA,Toronto,Bet365,Oleksandra Oliynykova,Karolina Pliskova,double_faults,11.5,26.0000,,2026-08-03T11:50:16Z,2026-08-03T15:00:00Z,Team Total (Double Faults) Home,7,"{'hdp': 11.5, 'over': '26.00'}"
73325186,2026-08-03,WTA,Toronto,Bet365,Oleksandra Oliynykova,Karolina Pliskova,match_double_faults,4.5,1.0200,,2026-08-03T11:50:16Z,2026-08-03T15:00:00Z,Totals (Double Faults),9,"{'hdp': 4.5, 'over': '1.02'}"
73325186,2026-08-03,WTA,Toronto,Bet365,Oleksandra Oliynykova,Karolina Pliskova,match_double_faults,7.5,1.1400,,2026-08-03T11:50:16Z,2026-08-03T15:00:00Z,Totals (Double Faults),9,"{'hdp': 7.5, 'over': '1.14'}"
73325186,2026-08-03,WTA,Toronto,Bet365,Oleksandra Oliynykova,Karolina Pliskova,match_double_faults,9.5,1.3600,,2026-08-03T11:50:16Z,2026-08-03T15:00:00Z,Totals (Double Faults),9,"{'hdp': 9.5, 'over': '1.36'}"
73325186,2026-08-03,WTA,Toronto,Bet365,Oleksandra Oliynykova,Karolina Pliskova,match_double_faults,11.5,1.7200,,2026-08-03T11:50:16Z,2026-08-03T15:00:00Z,Totals (Double Faults),9,"{'hdp': 11.5, 'over': '1.72'}"
73325186,2026-08-03,WTA,Toronto,Bet365,Oleksandra Oliynykova,Karolina Pliskova,match_double_faults,14.5,2.6200,,2026-08-03T11:50:16Z,2026-08-03T15:00:00Z,Totals (Double Faults),9,"{'hdp': 14.5, 'over': '2.62'}"
73325186,2026-08-03,WTA,Toronto,Bet365,Oleksandra Oliynykova,Karolina Pliskova,match_double_faults,19.5,7.0000,,2026-08-03T11:50:16Z,2026-08-03T15:00:00Z,Totals (Double Faults),9,"{'hdp': 19.5, 'over': '7.00'}"
73325186,2026-08-03,WTA,Toronto,Bet365,Oleksandra Oliynykova,Karolina Pliskova,match_double_faults,24.5,21.0000,,2026-08-03T11:50:16Z,2026-08-03T15:00:00Z,Totals (Double Faults),9,"{'hdp': 24.5, 'over': '21.00'}"
73356484,2026-08-03,WTA,Toronto,Bet365,Diane Parry,Kayla Day,aces,2.5,1.1800,,2026-08-03T11:50:16Z,2026-08-03T15:00:00Z,Team Total (Aces) Home,5,"{'hdp': 2.5, 'over': '1.18'}"
73356484,2026-08-03,WTA,Toronto,Bet365,Diane Parry,Kayla Day,aces,4.5,1.6600,,2026-08-03T11:50:16Z,2026-08-03T15:00:00Z,Team Total (Aces) Home,5,"{'hdp': 4.5, 'over': '1.66'}"
73356484,2026-08-03,WTA,Toronto,Bet365,Diane Parry,Kayla Day,aces,0.5,1.0100,,2026-08-03T11:50:16Z,2026-08-03T15:00:00Z,Team Total (Aces) Home,5,"{'hdp': 0.5, 'over': '1.01'}"
73356484,2026-08-03,WTA,Toronto,Bet365,Diane Parry,Kayla Day,aces,9.5,6.5000,,2026-08-03T11:50:16Z,2026-08-03T15:00:00Z,Team Total (Aces) Home,5,"{'hdp': 9.5, 'over': '6.50'}"
73356484,2026-08-03,WTA,Toronto,Bet365,Diane Parry,Kayla Day,aces,14.5,26.0000,,2026-08-03T11:50:16Z,2026-08-03T15:00:00Z,Team Total (Aces) Home,5,"{'hdp': 14.5, 'over': '26.00'}"
73356484,2026-08-03,WTA,Toronto,Bet365,Kayla Day,Diane Parry,double_faults,1.5,1.0400,,2026-08-03T11:50:16Z,2026-08-03T15:00:00Z,Team Total (Double Faults) Away,8,"{'hdp': 1.5, 'over': '1.04'}"
73356484,2026-08-03,WTA,Toronto,Bet365,Kayla Day,Diane Parry,double_faults,2.5,1.1200,,2026-08-03T11:50:16Z,2026-08-03T15:00:00Z,Team Total (Double Faults) Away,8,"{'hdp': 2.5, 'over': '1.12'}"
73356484,2026-08-03,WTA,Toronto,Bet365,Kayla Day,Diane Parry,double_faults,4.5,1.5300,,2026-08-03T11:50:16Z,2026-08-03T15:00:00Z,Team Total (Double Faults) Away,8,"{'hdp': 4.5, 'over': '1.53'}"
73356484,2026-08-03,WTA,Toronto,Bet365,Kayla Day,Diane Parry,double_faults,7.5,3.4000,,2026-08-03T11:50:16Z,2026-08-03T15:00:00Z,Team Total (Double Faults) Away,8,"{'hdp': 7.5, 'over': '3.40'}"
73356484,2026-08-03,WTA,Toronto,Bet365,Kayla Day,Diane Parry,double_faults,9.5,7.0000,,2026-08-03T11:50:16Z,2026-08-03T15:00:00Z,Team Total (Double Faults) Away,8,"{'hdp': 9.5, 'over': '7.00'}"
73356484,2026-08-03,WTA,Toronto,Bet365,Kayla Day,Diane Parry,double_faults,11.5,15.0000,,2026-08-03T11:50:16Z,2026-08-03T15:00:00Z,Team Total (Double Faults) Away,8,"{'hdp': 11.5, 'over': '15.00'}"
73356484,2026-08-03,WTA,Toronto,Bet365,Kayla Day,Diane Parry,double_faults,14.5,26.0000,,2026-08-03T11:50:16Z,2026-08-03T15:00:00Z,Team Total (Double Faults) Away,8,"{'hdp': 14.5, 'over': '26.00'}"
73356484,2026-08-03,WTA,Toronto,Bet365,Diane Parry,Kayla Day,match_aces,2.5,1.0100,,2026-08-03T11:50:16Z,2026-08-03T15:00:00Z,Totals (Aces),8,"{'hdp': 2.5, 'over': '1.01'}"
73356484,2026-08-03,WTA,Toronto,Bet365,Diane Parry,Kayla Day,match_aces,4.5,1.0600,,2026-08-03T11:50:16Z,2026-08-03T15:00:00Z,Totals (Aces),8,"{'hdp': 4.5, 'over': '1.06'}"
73356484,2026-08-03,WTA,Toronto,Bet365,Diane Parry,Kayla Day,match_aces,9.5,1.5300,,2026-08-03T11:50:16Z,2026-08-03T15:00:00Z,Totals (Aces),8,"{'hdp': 9.5, 'over': '1.53'}"
73356484,2026-08-03,WTA,Toronto,Bet365,Diane Parry,Kayla Day,match_aces,14.5,3.0000,,2026-08-03T11:50:16Z,2026-08-03T15:00:00Z,Totals (Aces),8,"{'hdp': 14.5, 'over': '3.00'}"
73356484,2026-08-03,WTA,Toronto,Bet365,Diane Parry,Kayla Day,match_aces,19.5,7.0000,,2026-08-03T11:50:16Z,2026-08-03T15:00:00Z,Totals (Aces),8,"{'hdp': 19.5, 'over': '7.00'}"
73356484,2026-08-03,WTA,Toronto,Bet365,Diane Parry,Kayla Day,match_aces,24.5,19.0000,,2026-08-03T11:50:16Z,2026-08-03T15:00:00Z,Totals (Aces),8,"{'hdp': 24.5, 'over': '19.00'}"
73356484,2026-08-03,WTA,Toronto,Bet365,Diane Parry,Kayla Day,match_aces,29.5,26.0000,,2026-08-03T11:50:16Z,2026-08-03T15:00:00Z,Totals (Aces),8,"{'hdp': 29.5, 'over': '26.00'}"
73356484,2026-08-03,WTA,Toronto,Bet365,Diane Parry,Kayla Day,match_double_faults,4.5,1.0300,,2026-08-03T11:50:16Z,2026-08-03T15:00:00Z,Totals (Double Faults),9,"{'hdp': 4.5, 'over': '1.03'}"
73356484,2026-08-03,WTA,Toronto,Bet365,Diane Parry,Kayla Day,match_double_faults,7.5,1.2500,,2026-08-03T11:50:16Z,2026-08-03T15:00:00Z,Totals (Double Faults),9,"{'hdp': 7.5, 'over': '1.25'}"
73356484,2026-08-03,WTA,Toronto,Bet365,Diane Parry,Kayla Day,match_double_faults,9.5,1.6100,,2026-08-03T11:50:16Z,2026-08-03T15:00:00Z,Totals (Double Faults),9,"{'hdp': 9.5, 'over': '1.61'}"
73356484,2026-08-03,WTA,Toronto,Bet365,Diane Parry,Kayla Day,match_double_faults,11.5,2.3700,,2026-08-03T11:50:16Z,2026-08-03T15:00:00Z,Totals (Double Faults),9,"{'hdp': 11.5, 'over': '2.37'}"
73356484,2026-08-03,WTA,Toronto,Bet365,Diane Parry,Kayla Day,match_double_faults,14.5,4.5000,,2026-08-03T11:50:16Z,2026-08-03T15:00:00Z,Totals (Double Faults),9,"{'hdp': 14.5, 'over': '4.50'}"
73356484,2026-08-03,WTA,Toronto,Bet365,Diane Parry,Kayla Day,match_double_faults,19.5,19.0000,,2026-08-03T11:50:16Z,2026-08-03T15:00:00Z,Totals (Double Faults),9,"{'hdp': 19.5, 'over': '19.00'}"
73356484,2026-08-03,WTA,Toronto,Bet365,Diane Parry,Kayla Day,match_double_faults,24.5,26.0000,,2026-08-03T11:50:16Z,2026-08-03T15:00:00Z,Totals (Double Faults),9,"{'hdp': 24.5, 'over': '26.00'}"
73356484,2026-08-03,WTA,Toronto,Bet365,Kayla Day,Diane Parry,aces,2.5,1.1200,,2026-08-03T11:50:16Z,2026-08-03T15:00:00Z,Team Total (Aces) Away,6,"{'hdp': 2.5, 'over': '1.12'}"
73356484,2026-08-03,WTA,Toronto,Bet365,Kayla Day,Diane Parry,aces,4.5,1.4400,,2026-08-03T11:50:16Z,2026-08-03T15:00:00Z,Team Total (Aces) Away,6,"{'hdp': 4.5, 'over': '1.44'}"
73356484,2026-08-03,WTA,Toronto,Bet365,Kayla Day,Diane Parry,aces,9.5,4.5000,,2026-08-03T11:50:16Z,2026-08-03T15:00:00Z,Team Total (Aces) Away,6,"{'hdp': 9.5, 'over': '4.50'}"
73356484,2026-08-03,WTA,Toronto,Bet365,Kayla Day,Diane Parry,aces,14.5,19.0000,,2026-08-03T11:50:16Z,2026-08-03T15:00:00Z,Team Total (Aces) Away,6,"{'hdp': 14.5, 'over': '19.00'}"
73356484,2026-08-03,WTA,Toronto,Bet365,Kayla Day,Diane Parry,aces,19.5,26.0000,,2026-08-03T11:50:16Z,2026-08-03T15:00:00Z,Team Total (Aces) Away,6,"{'hdp': 19.5, 'over': '26.00'}"
73356484,2026-08-03,WTA,Toronto,Bet365,Diane Parry,Kayla Day,double_faults,1.5,1.0600,,2026-08-03T11:50:16Z,2026-08-03T15:00:00Z,Team Total (Double Faults) Home,7,"{'hdp': 1.5, 'over': '1.06'}"
73356484,2026-08-03,WTA,Toronto,Bet365,Diane Parry,Kayla Day,double_faults,2.5,1.1800,,2026-08-03T11:50:16Z,2026-08-03T15:00:00Z,Team Total (Double Faults) Home,7,"{'hdp': 2.5, 'over': '1.18'}"
73356484,2026-08-03,WTA,Toronto,Bet365,Diane Parry,Kayla Day,double_faults,4.5,1.8000,,2026-08-03T11:50:16Z,2026-08-03T15:00:00Z,Team Total (Double Faults) Home,7,"{'hdp': 4.5, 'over': '1.80'}"
73356484,2026-08-03,WTA,Toronto,Bet365,Diane Parry,Kayla Day,double_faults,7.5,5.5000,,2026-08-03T11:50:16Z,2026-08-03T15:00:00Z,Team Total (Double Faults) Home,7,"{'hdp': 7.5, 'over': '5.50'}"
73356484,2026-08-03,WTA,Toronto,Bet365,Diane Parry,Kayla Day,double_faults,9.5,13.0000,,2026-08-03T11:50:16Z,2026-08-03T15:00:00Z,Team Total (Double Faults) Home,7,"{'hdp': 9.5, 'over': '13.00'}"
73356484,2026-08-03,WTA,Toronto,Bet365,Diane Parry,Kayla Day,double_faults,11.5,26.0000,,2026-08-03T11:50:16Z,2026-08-03T15:00:00Z,Team Total (Double Faults) Home,7,"{'hdp': 11.5, 'over': '26.00'}"
73356486,2026-08-03,WTA,Toronto,Bet365,Alina Korneeva,Polina Kudermetova,aces,0.5,1.0100,,2026-08-03T11:50:16Z,2026-08-03T15:00:00Z,Team Total (Aces) Home,5,"{'hdp': 0.5, 'over': '1.01'}"
73356486,2026-08-03,WTA,Toronto,Bet365,Alina Korneeva,Polina Kudermetova,aces,2.5,1.2000,,2026-08-03T11:50:16Z,2026-08-03T15:00:00Z,Team Total (Aces) Home,5,"{'hdp': 2.5, 'over': '1.20'}"
73356486,2026-08-03,WTA,Toronto,Bet365,Alina Korneeva,Polina Kudermetova,aces,4.5,1.7200,,2026-08-03T11:50:16Z,2026-08-03T15:00:00Z,Team Total (Aces) Home,5,"{'hdp': 4.5, 'over': '1.72'}"
73356486,2026-08-03,WTA,Toronto,Bet365,Alina Korneeva,Polina Kudermetova,aces,14.5,26.0000,,2026-08-03T11:50:16Z,2026-08-03T15:00:00Z,Team Total (Aces) Home,5,"{'hdp': 14.5, 'over': '26.00'}"
73356486,2026-08-03,WTA,Toronto,Bet365,Alina Korneeva,Polina Kudermetova,aces,9.5,8.0000,,2026-08-03T11:50:16Z,2026-08-03T15:00:00Z,Team Total (Aces) Home,5,"{'hdp': 9.5, 'over': '8.00'}"
73356486,2026-08-03,WTA,Toronto,Bet365,Polina Kudermetova,Alina Korneeva,aces,0.5,1.0500,,2026-08-03T11:50:16Z,2026-08-03T15:00:00Z,Team Total (Aces) Away,5,"{'hdp': 0.5, 'over': '1.05'}"
73356486,2026-08-03,WTA,Toronto,Bet365,Polina Kudermetova,Alina Korneeva,aces,9.5,23.0000,,2026-08-03T11:50:16Z,2026-08-03T15:00:00Z,Team Total (Aces) Away,5,"{'hdp': 9.5, 'over': '23.00'}"
73356486,2026-08-03,WTA,Toronto,Bet365,Polina Kudermetova,Alina Korneeva,aces,14.5,26.0000,,2026-08-03T11:50:16Z,2026-08-03T15:00:00Z,Team Total (Aces) Away,5,"{'hdp': 14.5, 'over': '26.00'}"
73356486,2026-08-03,WTA,Toronto,Bet365,Polina Kudermetova,Alina Korneeva,aces,2.5,1.5300,,2026-08-03T11:50:16Z,2026-08-03T15:00:00Z,Team Total (Aces) Away,5,"{'hdp': 2.5, 'over': '1.53'}"
73356486,2026-08-03,WTA,Toronto,Bet365,Polina Kudermetova,Alina Korneeva,aces,4.5,3.0000,,2026-08-03T11:50:16Z,2026-08-03T15:00:00Z,Team Total (Aces) Away,5,"{'hdp': 4.5, 'over': '3.00'}"
73356486,2026-08-03,WTA,Toronto,Bet365,Alina Korneeva,Polina Kudermetova,double_faults,1.5,1.0200,,2026-08-03T11:50:16Z,2026-08-03T15:00:00Z,Team Total (Double Faults) Home,9,"{'hdp': 1.5, 'over': '1.02'}"
73356486,2026-08-03,WTA,Toronto,Bet365,Alina Korneeva,Polina Kudermetova,double_faults,2.5,1.0800,,2026-08-03T11:50:16Z,2026-08-03T15:00:00Z,Team Total (Double Faults) Home,9,"{'hdp': 2.5, 'over': '1.08'}"
73356486,2026-08-03,WTA,Toronto,Bet365,Alina Korneeva,Polina Kudermetova,double_faults,4.5,1.3600,,2026-08-03T11:50:16Z,2026-08-03T15:00:00Z,Team Total (Double Faults) Home,9,"{'hdp': 4.5, 'over': '1.36'}"
73356486,2026-08-03,WTA,Toronto,Bet365,Alina Korneeva,Polina Kudermetova,double_faults,7.5,2.5000,,2026-08-03T11:50:16Z,2026-08-03T15:00:00Z,Team Total (Double Faults) Home,9,"{'hdp': 7.5, 'over': '2.50'}"
73356486,2026-08-03,WTA,Toronto,Bet365,Alina Korneeva,Polina Kudermetova,double_faults,11.5,8.0000,,2026-08-03T11:50:16Z,2026-08-03T15:00:00Z,Team Total (Double Faults) Home,9,"{'hdp': 11.5, 'over': '8.00'}"
73356486,2026-08-03,WTA,Toronto,Bet365,Alina Korneeva,Polina Kudermetova,double_faults,9.5,4.3300,,2026-08-03T11:50:16Z,2026-08-03T15:00:00Z,Team Total (Double Faults) Home,9,"{'hdp': 9.5, 'over': '4.33'}"
73356486,2026-08-03,WTA,Toronto,Bet365,Alina Korneeva,Polina Kudermetova,double_faults,14.5,21.0000,,2026-08-03T11:50:16Z,2026-08-03T15:00:00Z,Team Total (Double Faults) Home,9,"{'hdp': 14.5, 'over': '21.00'}"
73356486,2026-08-03,WTA,Toronto,Bet365,Alina Korneeva,Polina Kudermetova,double_faults,19.5,26.0000,,2026-08-03T11:50:16Z,2026-08-03T15:00:00Z,Team Total (Double Faults) Home,9,"{'hdp': 19.5, 'over': '26.00'}"
73356486,2026-08-03,WTA,Toronto,Bet365,Alina Korneeva,Polina Kudermetova,match_aces,2.5,1.0300,,2026-08-03T11:50:16Z,2026-08-03T15:00:00Z,Totals (Aces),7,"{'hdp': 2.5, 'over': '1.03'}"
73356486,2026-08-03,WTA,Toronto,Bet365,Alina Korneeva,Polina Kudermetova,match_aces,4.5,1.1600,,2026-08-03T11:50:16Z,2026-08-03T15:00:00Z,Totals (Aces),7,"{'hdp': 4.5, 'over': '1.16'}"
73356486,2026-08-03,WTA,Toronto,Bet365,Alina Korneeva,Polina Kudermetova,match_aces,19.5,23.0000,,2026-08-03T11:50:16Z,2026-08-03T15:00:00Z,Totals (Aces),7,"{'hdp': 19.5, 'over': '23.00'}"
73356486,2026-08-03,WTA,Toronto,Bet365,Alina Korneeva,Polina Kudermetova,match_aces,24.5,26.0000,,2026-08-03T11:50:16Z,2026-08-03T15:00:00Z,Totals (Aces),7,"{'hdp': 24.5, 'over': '26.00'}"
73356486,2026-08-03,WTA,Toronto,Bet365,Alina Korneeva,Polina Kudermetova,match_aces,9.5,2.3700,,2026-08-03T11:50:16Z,2026-08-03T15:00:00Z,Totals (Aces),7,"{'hdp': 9.5, 'over': '2.37'}"
73356486,2026-08-03,WTA,Toronto,Bet365,Alina Korneeva,Polina Kudermetova,match_aces,14.5,7.0000,,2026-08-03T11:50:16Z,2026-08-03T15:00:00Z,Totals (Aces),7,"{'hdp': 14.5, 'over': '7.00'}"
73356486,2026-08-03,WTA,Toronto,Bet365,Alina Korneeva,Polina Kudermetova,match_double_faults,14.5,1.5000,,2026-08-03T11:50:16Z,2026-08-03T15:00:00Z,Totals (Double Faults),7,"{'hdp': 14.5, 'over': '1.50'}"
73356486,2026-08-03,WTA,Toronto,Bet365,Alina Korneeva,Polina Kudermetova,match_double_faults,7.5,1.0200,,2026-08-03T11:50:16Z,2026-08-03T15:00:00Z,Totals (Double Faults),7,"{'hdp': 7.5, 'over': '1.02'}"
73356486,2026-08-03,WTA,Toronto,Bet365,Alina Korneeva,Polina Kudermetova,match_double_faults,9.5,1.0700,,2026-08-03T11:50:16Z,2026-08-03T15:00:00Z,Totals (Double Faults),7,"{'hdp': 9.5, 'over': '1.07'}"
73356486,2026-08-03,WTA,Toronto,Bet365,Alina Korneeva,Polina Kudermetova,match_double_faults,11.5,1.1800,,2026-08-03T11:50:16Z,2026-08-03T15:00:00Z,Totals (Double Faults),7,"{'hdp': 11.5, 'over': '1.18'}"
73356486,2026-08-03,WTA,Toronto,Bet365,Alina Korneeva,Polina Kudermetova,match_double_faults,19.5,3.0000,,2026-08-03T11:50:16Z,2026-08-03T15:00:00Z,Totals (Double Faults),7,"{'hdp': 19.5, 'over': '3.00'}"
73356486,2026-08-03,WTA,Toronto,Bet365,Alina Korneeva,Polina Kudermetova,match_double_faults,24.5,8.0000,,2026-08-03T11:50:16Z,2026-08-03T15:00:00Z,Totals (Double Faults),7,"{'hdp': 24.5, 'over': '8.00'}"
73356486,2026-08-03,WTA,Toronto,Bet365,Polina Kudermetova,Alina Korneeva,double_faults,4.5,1.0500,,2026-08-03T11:50:16Z,2026-08-03T15:00:00Z,Team Total (Double Faults) Away,9,"{'hdp': 4.5, 'over': '1.05'}"
73356486,2026-08-03,WTA,Toronto,Bet365,Polina Kudermetova,Alina Korneeva,double_faults,7.5,1.3300,,2026-08-03T11:50:16Z,2026-08-03T15:00:00Z,Team Total (Double Faults) Away,9,"{'hdp': 7.5, 'over': '1.33'}"
73356486,2026-08-03,WTA,Toronto,Bet365,Polina Kudermetova,Alina Korneeva,double_faults,9.5,1.8000,,2026-08-03T11:50:16Z,2026-08-03T15:00:00Z,Team Total (Double Faults) Away,9,"{'hdp': 9.5, 'over': '1.80'}"
73356486,2026-08-03,WTA,Toronto,Bet365,Polina Kudermetova,Alina Korneeva,double_faults,11.5,2.6200,,2026-08-03T11:50:16Z,2026-08-03T15:00:00Z,Team Total (Double Faults) Away,9,"{'hdp': 11.5, 'over': '2.62'}"
73356486,2026-08-03,WTA,Toronto,Bet365,Polina Kudermetova,Alina Korneeva,double_faults,14.5,5.5000,,2026-08-03T11:50:16Z,2026-08-03T15:00:00Z,Team Total (Double Faults) Away,9,"{'hdp': 14.5, 'over': '5.50'}"
73356486,2026-08-03,WTA,Toronto,Bet365,Polina Kudermetova,Alina Korneeva,double_faults,19.5,21.0000,,2026-08-03T11:50:16Z,2026-08-03T15:00:00Z,Team Total (Double Faults) Away,9,"{'hdp': 19.5, 'over': '21.00'}"
73356486,2026-08-03,WTA,Toronto,Bet365,Polina Kudermetova,Alina Korneeva,double_faults,24.5,26.0000,,2026-08-03T11:50:16Z,2026-08-03T15:00:00Z,Team Total (Double Faults) Away,9,"{'hdp': 24.5, 'over': '26.00'}"
73325022,2026-08-03,ATP,Montreal,Bet365,Vit Kopriva,Alexis Galarneau,aces,0.5,1.0200,,2026-08-03T11:50:16Z,2026-08-03T15:00:00Z,Team Total (Aces) Away,5,"{'hdp': 0.5, 'over': '1.02'}"
73325022,2026-08-03,ATP,Montreal,Bet365,Vit Kopriva,Alexis Galarneau,aces,2.5,1.3000,,2026-08-03T11:50:16Z,2026-08-03T15:00:00Z,Team Total (Aces) Away,5,"{'hdp': 2.5, 'over': '1.30'}"
73325022,2026-08-03,ATP,Montreal,Bet365,Vit Kopriva,Alexis Galarneau,aces,4.5,2.1000,,2026-08-03T11:50:16Z,2026-08-03T15:00:00Z,Team Total (Aces) Away,5,"{'hdp': 4.5, 'over': '2.10'}"
73325022,2026-08-03,ATP,Montreal,Bet365,Vit Kopriva,Alexis Galarneau,aces,9.5,13.0000,,2026-08-03T11:50:16Z,2026-08-03T15:00:00Z,Team Total (Aces) Away,5,"{'hdp': 9.5, 'over': '13.00'}"
73325022,2026-08-03,ATP,Montreal,Bet365,Vit Kopriva,Alexis Galarneau,aces,14.5,26.0000,,2026-08-03T11:50:16Z,2026-08-03T15:00:00Z,Team Total (Aces) Away,5,"{'hdp': 14.5, 'over': '26.00'}"
73325022,2026-08-03,ATP,Montreal,Bet365,Vit Kopriva,Alexis Galarneau,double_faults,1.5,1.0500,,2026-08-03T11:50:16Z,2026-08-03T15:00:00Z,Team Total (Double Faults) Away,8,"{'hdp': 1.5, 'over': '1.05'}"
73325022,2026-08-03,ATP,Montreal,Bet365,Vit Kopriva,Alexis Galarneau,double_faults,9.5,11.0000,,2026-08-03T11:50:16Z,2026-08-03T15:00:00Z,Team Total (Double Faults) Away,8,"{'hdp': 9.5, 'over': '11.00'}"
73325022,2026-08-03,ATP,Montreal,Bet365,Vit Kopriva,Alexis Galarneau,double_faults,11.5,23.0000,,2026-08-03T11:50:16Z,2026-08-03T15:00:00Z,Team Total (Double Faults) Away,8,"{'hdp': 11.5, 'over': '23.00'}"
73325022,2026-08-03,ATP,Montreal,Bet365,Vit Kopriva,Alexis Galarneau,double_faults,14.5,26.0000,,2026-08-03T11:50:16Z,2026-08-03T15:00:00Z,Team Total (Double Faults) Away,8,"{'hdp': 14.5, 'over': '26.00'}"
73325022,2026-08-03,ATP,Montreal,Bet365,Vit Kopriva,Alexis Galarneau,double_faults,2.5,1.1400,,2026-08-03T11:50:16Z,2026-08-03T15:00:00Z,Team Total (Double Faults) Away,8,"{'hdp': 2.5, 'over': '1.14'}"
73325022,2026-08-03,ATP,Montreal,Bet365,Vit Kopriva,Alexis Galarneau,double_faults,4.5,1.6600,,2026-08-03T11:50:16Z,2026-08-03T15:00:00Z,Team Total (Double Faults) Away,8,"{'hdp': 4.5, 'over': '1.66'}"
73325022,2026-08-03,ATP,Montreal,Bet365,Vit Kopriva,Alexis Galarneau,double_faults,7.5,4.3300,,2026-08-03T11:50:16Z,2026-08-03T15:00:00Z,Team Total (Double Faults) Away,8,"{'hdp': 7.5, 'over': '4.33'}"
73325022,2026-08-03,ATP,Montreal,Bet365,Alexis Galarneau,Vit Kopriva,match_aces,2.5,1.0200,,2026-08-03T11:50:16Z,2026-08-03T15:00:00Z,Totals (Aces),7,"{'hdp': 2.5, 'over': '1.02'}"
73325022,2026-08-03,ATP,Montreal,Bet365,Alexis Galarneau,Vit Kopriva,match_aces,4.5,1.1200,,2026-08-03T11:50:16Z,2026-08-03T15:00:00Z,Totals (Aces),7,"{'hdp': 4.5, 'over': '1.12'}"
73325022,2026-08-03,ATP,Montreal,Bet365,Alexis Galarneau,Vit Kopriva,match_aces,19.5,19.0000,,2026-08-03T11:50:16Z,2026-08-03T15:00:00Z,Totals (Aces),7,"{'hdp': 19.5, 'over': '19.00'}"
73325022,2026-08-03,ATP,Montreal,Bet365,Alexis Galarneau,Vit Kopriva,match_aces,24.5,26.0000,,2026-08-03T11:50:16Z,2026-08-03T15:00:00Z,Totals (Aces),7,"{'hdp': 24.5, 'over': '26.00'}"
73325022,2026-08-03,ATP,Montreal,Bet365,Alexis Galarneau,Vit Kopriva,match_aces,9.5,2.1000,,2026-08-03T11:50:16Z,2026-08-03T15:00:00Z,Totals (Aces),7,"{'hdp': 9.5, 'over': '2.10'}"
73325022,2026-08-03,ATP,Montreal,Bet365,Alexis Galarneau,Vit Kopriva,match_aces,14.5,6.0000,,2026-08-03T11:50:16Z,2026-08-03T15:00:00Z,Totals (Aces),7,"{'hdp': 14.5, 'over': '6.00'}"
73325022,2026-08-03,ATP,Montreal,Bet365,Alexis Galarneau,Vit Kopriva,match_double_faults,4.5,1.0700,,2026-08-03T11:50:16Z,2026-08-03T15:00:00Z,Totals (Double Faults),8,"{'hdp': 4.5, 'over': '1.07'}"
73325022,2026-08-03,ATP,Montreal,Bet365,Alexis Galarneau,Vit Kopriva,match_double_faults,11.5,3.5000,,2026-08-03T11:50:16Z,2026-08-03T15:00:00Z,Totals (Double Faults),8,"{'hdp': 11.5, 'over': '3.50'}"
73325022,2026-08-03,ATP,Montreal,Bet365,Alexis Galarneau,Vit Kopriva,match_double_faults,14.5,9.0000,,2026-08-03T11:50:16Z,2026-08-03T15:00:00Z,Totals (Double Faults),8,"{'hdp': 14.5, 'over': '9.00'}"
73325022,2026-08-03,ATP,Montreal,Bet365,Alexis Galarneau,Vit Kopriva,match_double_faults,19.5,26.0000,,2026-08-03T11:50:16Z,2026-08-03T15:00:00Z,Totals (Double Faults),8,"{'hdp': 19.5, 'over': '26.00'}"
73325022,2026-08-03,ATP,Montreal,Bet365,Alexis Galarneau,Vit Kopriva,match_double_faults,7.5,1.4400,,2026-08-03T11:50:16Z,2026-08-03T15:00:00Z,Totals (Double Faults),8,"{'hdp': 7.5, 'over': '1.44'}"
73325022,2026-08-03,ATP,Montreal,Bet365,Alexis Galarneau,Vit Kopriva,match_double_faults,9.5,2.1000,,2026-08-03T11:50:16Z,2026-08-03T15:00:00Z,Totals (Double Faults),8,"{'hdp': 9.5, 'over': '2.10'}"
73325022,2026-08-03,ATP,Montreal,Bet365,Alexis Galarneau,Vit Kopriva,aces,0.5,1.0100,,2026-08-03T11:50:16Z,2026-08-03T15:00:00Z,Team Total (Aces) Home,5,"{'hdp': 0.5, 'over': '1.01'}"
73325022,2026-08-03,ATP,Montreal,Bet365,Alexis Galarneau,Vit Kopriva,aces,2.5,1.2200,,2026-08-03T11:50:16Z,2026-08-03T15:00:00Z,Team Total (Aces) Home,5,"{'hdp': 2.5, 'over': '1.22'}"
73325022,2026-08-03,ATP,Montreal,Bet365,Alexis Galarneau,Vit Kopriva,aces,4.5,1.8300,,2026-08-03T11:50:16Z,2026-08-03T15:00:00Z,Team Total (Aces) Home,5,"{'hdp': 4.5, 'over': '1.83'}"
73325022,2026-08-03,ATP,Montreal,Bet365,Alexis Galarneau,Vit Kopriva,aces,14.5,26.0000,,2026-08-03T11:50:16Z,2026-08-03T15:00:00Z,Team Total (Aces) Home,5,"{'hdp': 14.5, 'over': '26.00'}"
73325022,2026-08-03,ATP,Montreal,Bet365,Alexis Galarneau,Vit Kopriva,aces,9.5,10.0000,,2026-08-03T11:50:16Z,2026-08-03T15:00:00Z,Team Total (Aces) Home,5,"{'hdp': 9.5, 'over': '10.00'}"
73325022,2026-08-03,ATP,Montreal,Bet365,Alexis Galarneau,Vit Kopriva,double_faults,0.5,1.0200,,2026-08-03T11:50:16Z,2026-08-03T15:00:00Z,Team Total (Double Faults) Home,6,"{'hdp': 0.5, 'over': '1.02'}"
73325022,2026-08-03,ATP,Montreal,Bet365,Alexis Galarneau,Vit Kopriva,double_faults,1.5,1.1100,,2026-08-03T11:50:16Z,2026-08-03T15:00:00Z,Team Total (Double Faults) Home,6,"{'hdp': 1.5, 'over': '1.11'}"
73325022,2026-08-03,ATP,Montreal,Bet365,Alexis Galarneau,Vit Kopriva,double_faults,2.5,1.3300,,2026-08-03T11:50:16Z,2026-08-03T15:00:00Z,Team Total (Double Faults) Home,6,"{'hdp': 2.5, 'over': '1.33'}"
73325022,2026-08-03,ATP,Montreal,Bet365,Alexis Galarneau,Vit Kopriva,double_faults,4.5,2.5000,,2026-08-03T11:50:16Z,2026-08-03T15:00:00Z,Team Total (Double Faults) Home,6,"{'hdp': 4.5, 'over': '2.50'}"
73325022,2026-08-03,ATP,Montreal,Bet365,Alexis Galarneau,Vit Kopriva,double_faults,7.5,10.0000,,2026-08-03T11:50:16Z,2026-08-03T15:00:00Z,Team Total (Double Faults) Home,6,"{'hdp': 7.5, 'over': '10.00'}"
73325022,2026-08-03,ATP,Montreal,Bet365,Alexis Galarneau,Vit Kopriva,double_faults,9.5,26.0000,,2026-08-03T11:50:16Z,2026-08-03T15:00:00Z,Team Total (Double Faults) Home,6,"{'hdp': 9.5, 'over': '26.00'}"
73352314,2026-08-03,ATP,Montreal,Bet365,Aleksandar Vukic,Daniel Altmaier,match_double_faults,1.5,1.0600,,2026-08-03T11:50:16Z,2026-08-03T16:10:00Z,Totals (Double Faults),7,"{'hdp': 1.5, 'over': '1.06'}"
73352314,2026-08-03,ATP,Montreal,Bet365,Aleksandar Vukic,Daniel Altmaier,match_double_faults,2.5,1.2000,,2026-08-03T11:50:16Z,2026-08-03T16:10:00Z,Totals (Double Faults),7,"{'hdp': 2.5, 'over': '1.20'}"
73352314,2026-08-03,ATP,Montreal,Bet365,Aleksandar Vukic,Daniel Altmaier,match_double_faults,4.5,2.0000,,2026-08-03T11:50:16Z,2026-08-03T16:10:00Z,Totals (Double Faults),7,"{'hdp': 4.5, 'over': '2.00'}"
73352314,2026-08-03,ATP,Montreal,Bet365,Aleksandar Vukic,Daniel Altmaier,match_double_faults,7.5,7.0000,,2026-08-03T11:50:16Z,2026-08-03T16:10:00Z,Totals (Double Faults),7,"{'hdp': 7.5, 'over': '7.00'}"
73352314,2026-08-03,ATP,Montreal,Bet365,Aleksandar Vukic,Daniel Altmaier,match_double_faults,9.5,21.0000,,2026-08-03T11:50:16Z,2026-08-03T16:10:00Z,Totals (Double Faults),7,"{'hdp': 9.5, 'over': '21.00'}"
73352314,2026-08-03,ATP,Montreal,Bet365,Aleksandar Vukic,Daniel Altmaier,match_double_faults,11.5,26.0000,,2026-08-03T11:50:16Z,2026-08-03T16:10:00Z,Totals (Double Faults),7,"{'hdp': 11.5, 'over': '26.00'}"
73352314,2026-08-03,ATP,Montreal,Bet365,Aleksandar Vukic,Daniel Altmaier,aces,2.5,1.0300,,2026-08-03T11:50:16Z,2026-08-03T16:10:00Z,Team Total (Aces) Home,7,"{'hdp': 2.5, 'over': '1.03'}"
73352314,2026-08-03,ATP,Montreal,Bet365,Aleksandar Vukic,Daniel Altmaier,aces,4.5,1.1400,,2026-08-03T11:50:16Z,2026-08-03T16:10:00Z,Team Total (Aces) Home,7,"{'hdp': 4.5, 'over': '1.14'}"
73352314,2026-08-03,ATP,Montreal,Bet365,Aleksandar Vukic,Daniel Altmaier,aces,9.5,2.1000,,2026-08-03T11:50:16Z,2026-08-03T16:10:00Z,Team Total (Aces) Home,7,"{'hdp': 9.5, 'over': '2.10'}"
73352314,2026-08-03,ATP,Montreal,Bet365,Aleksandar Vukic,Daniel Altmaier,aces,14.5,5.0000,,2026-08-03T11:50:16Z,2026-08-03T16:10:00Z,Team Total (Aces) Home,7,"{'hdp': 14.5, 'over': '5.00'}"
73352314,2026-08-03,ATP,Montreal,Bet365,Aleksandar Vukic,Daniel Altmaier,aces,19.5,15.0000,,2026-08-03T11:50:16Z,2026-08-03T16:10:00Z,Team Total (Aces) Home,7,"{'hdp': 19.5, 'over': '15.00'}"
73352314,2026-08-03,ATP,Montreal,Bet365,Aleksandar Vukic,Daniel Altmaier,aces,24.5,26.0000,,2026-08-03T11:50:16Z,2026-08-03T16:10:00Z,Team Total (Aces) Home,7,"{'hdp': 24.5, 'over': '26.00'}"
73352314,2026-08-03,ATP,Montreal,Bet365,Aleksandar Vukic,Daniel Altmaier,double_faults,0.5,1.2200,,2026-08-03T11:50:16Z,2026-08-03T16:10:00Z,Team Total (Double Faults) Home,5,"{'hdp': 0.5, 'over': '1.22'}"
73352314,2026-08-03,ATP,Montreal,Bet365,Aleksandar Vukic,Daniel Altmaier,double_faults,1.5,1.8300,,2026-08-03T11:50:16Z,2026-08-03T16:10:00Z,Team Total (Double Faults) Home,5,"{'hdp': 1.5, 'over': '1.83'}"
73352314,2026-08-03,ATP,Montreal,Bet365,Aleksandar Vukic,Daniel Altmaier,double_faults,2.5,3.5000,,2026-08-03T11:50:16Z,2026-08-03T16:10:00Z,Team Total (Double Faults) Home,5,"{'hdp': 2.5, 'over': '3.50'}"
73352314,2026-08-03,ATP,Montreal,Bet365,Aleksandar Vukic,Daniel Altmaier,double_faults,4.5,17.0000,,2026-08-03T11:50:16Z,2026-08-03T16:10:00Z,Team Total (Double Faults) Home,5,"{'hdp': 4.5, 'over': '17.00'}"
73352314,2026-08-03,ATP,Montreal,Bet365,Aleksandar Vukic,Daniel Altmaier,double_faults,7.5,26.0000,,2026-08-03T11:50:16Z,2026-08-03T16:10:00Z,Team Total (Double Faults) Home,5,"{'hdp': 7.5, 'over': '26.00'}"
73352314,2026-08-03,ATP,Montreal,Bet365,Aleksandar Vukic,Daniel Altmaier,match_aces,9.5,1.1100,,2026-08-03T11:50:16Z,2026-08-03T16:10:00Z,Totals (Aces),8,"{'hdp': 9.5, 'over': '1.11'}"
73352314,2026-08-03,ATP,Montreal,Bet365,Aleksandar Vukic,Daniel Altmaier,match_aces,14.5,1.4400,,2026-08-03T11:50:16Z,2026-08-03T16:10:00Z,Totals (Aces),8,"{'hdp': 14.5, 'over': '1.44'}"
73352314,2026-08-03,ATP,Montreal,Bet365,Aleksandar Vukic,Daniel Altmaier,match_aces,19.5,2.2500,,2026-08-03T11:50:16Z,2026-08-03T16:10:00Z,Totals (Aces),8,"{'hdp': 19.5, 'over': '2.25'}"
73352314,2026-08-03,ATP,Montreal,Bet365,Aleksandar Vukic,Daniel Altmaier,match_aces,24.5,4.0000,,2026-08-03T11:50:16Z,2026-08-03T16:10:00Z,Totals (Aces),8,"{'hdp': 24.5, 'over': '4.00'}"
73352314,2026-08-03,ATP,Montreal,Bet365,Aleksandar Vukic,Daniel Altmaier,match_aces,29.5,8.0000,,2026-08-03T11:50:16Z,2026-08-03T16:10:00Z,Totals (Aces),8,"{'hdp': 29.5, 'over': '8.00'}"
73352314,2026-08-03,ATP,Montreal,Bet365,Aleksandar Vukic,Daniel Altmaier,match_aces,39.5,26.0000,,2026-08-03T11:50:16Z,2026-08-03T16:10:00Z,Totals (Aces),8,"{'hdp': 39.5, 'over': '26.00'}"
73352314,2026-08-03,ATP,Montreal,Bet365,Daniel Altmaier,Aleksandar Vukic,aces,2.5,1.0500,,2026-08-03T11:50:16Z,2026-08-03T16:10:00Z,Team Total (Aces) Away,7,"{'hdp': 2.5, 'over': '1.05'}"
73352314,2026-08-03,ATP,Montreal,Bet365,Daniel Altmaier,Aleksandar Vukic,aces,4.5,1.2000,,2026-08-03T11:50:16Z,2026-08-03T16:10:00Z,Team Total (Aces) Away,7,"{'hdp': 4.5, 'over': '1.20'}"
73352314,2026-08-03,ATP,Montreal,Bet365,Daniel Altmaier,Aleksandar Vukic,aces,9.5,2.2500,,2026-08-03T11:50:16Z,2026-08-03T16:10:00Z,Team Total (Aces) Away,7,"{'hdp': 9.5, 'over': '2.25'}"
73352314,2026-08-03,ATP,Montreal,Bet365,Daniel Altmaier,Aleksandar Vukic,aces,14.5,6.0000,,2026-08-03T11:50:16Z,2026-08-03T16:10:00Z,Team Total (Aces) Away,7,"{'hdp': 14.5, 'over': '6.00'}"
73352314,2026-08-03,ATP,Montreal,Bet365,Daniel Altmaier,Aleksandar Vukic,aces,19.5,17.0000,,2026-08-03T11:50:16Z,2026-08-03T16:10:00Z,Team Total (Aces) Away,7,"{'hdp': 19.5, 'over': '17.00'}"
73352314,2026-08-03,ATP,Montreal,Bet365,Daniel Altmaier,Aleksandar Vukic,aces,24.5,26.0000,,2026-08-03T11:50:16Z,2026-08-03T16:10:00Z,Team Total (Aces) Away,7,"{'hdp': 24.5, 'over': '26.00'}"
73352314,2026-08-03,ATP,Montreal,Bet365,Daniel Altmaier,Aleksandar Vukic,double_faults,0.5,1.0600,,2026-08-03T11:50:16Z,2026-08-03T16:10:00Z,Team Total (Double Faults) Away,5,"{'hdp': 0.5, 'over': '1.06'}"
73352314,2026-08-03,ATP,Montreal,Bet365,Daniel Altmaier,Aleksandar Vukic,double_faults,1.5,1.2800,,2026-08-03T11:50:16Z,2026-08-03T16:10:00Z,Team Total (Double Faults) Away,5,"{'hdp': 1.5, 'over': '1.28'}"
73352314,2026-08-03,ATP,Montreal,Bet365,Daniel Altmaier,Aleksandar Vukic,double_faults,2.5,1.8000,,2026-08-03T11:50:16Z,2026-08-03T16:10:00Z,Team Total (Double Faults) Away,5,"{'hdp': 2.5, 'over': '1.80'}"
73352314,2026-08-03,ATP,Montreal,Bet365,Daniel Altmaier,Aleksandar Vukic,double_faults,4.5,5.0000,,2026-08-03T11:50:16Z,2026-08-03T16:10:00Z,Team Total (Double Faults) Away,5,"{'hdp': 4.5, 'over': '5.00'}"
73352314,2026-08-03,ATP,Montreal,Bet365,Daniel Altmaier,Aleksandar Vukic,double_faults,7.5,26.0000,,2026-08-03T11:50:16Z,2026-08-03T16:10:00Z,Team Total (Double Faults) Away,5,"{'hdp': 7.5, 'over': '26.00'}"
73352324,2026-08-03,ATP,Montreal,Bet365,Christopher O'Connell,James Duckworth,double_faults,0.5,1.1000,,2026-08-03T11:50:16Z,2026-08-03T15:00:00Z,Team Total (Double Faults) Away,5,"{'hdp': 0.5, 'over': '1.10'}"
73352324,2026-08-03,ATP,Montreal,Bet365,Christopher O'Connell,James Duckworth,double_faults,1.5,1.4400,,2026-08-03T11:50:16Z,2026-08-03T15:00:00Z,Team Total (Double Faults) Away,5,"{'hdp': 1.5, 'over': '1.44'}"
73352324,2026-08-03,ATP,Montreal,Bet365,Christopher O'Connell,James Duckworth,double_faults,7.5,26.0000,,2026-08-03T11:50:16Z,2026-08-03T15:00:00Z,Team Total (Double Faults) Away,5,"{'hdp': 7.5, 'over': '26.00'}"
73352324,2026-08-03,ATP,Montreal,Bet365,Christopher O'Connell,James Duckworth,double_faults,2.5,2.1000,,2026-08-03T11:50:16Z,2026-08-03T15:00:00Z,Team Total (Double Faults) Away,5,"{'hdp': 2.5, 'over': '2.10'}"
73352324,2026-08-03,ATP,Montreal,Bet365,Christopher O'Connell,James Duckworth,double_faults,4.5,6.5000,,2026-08-03T11:50:16Z,2026-08-03T15:00:00Z,Team Total (Double Faults) Away,5,"{'hdp': 4.5, 'over': '6.50'}"
73352324,2026-08-03,ATP,Montreal,Bet365,James Duckworth,Christopher O'Connell,match_aces,9.5,1.1100,,2026-08-03T11:50:16Z,2026-08-03T15:00:00Z,Totals (Aces),8,"{'hdp': 9.5, 'over': '1.11'}"
73352324,2026-08-03,ATP,Montreal,Bet365,James Duckworth,Christopher O'Connell,match_aces,14.5,1.4400,,2026-08-03T11:50:16Z,2026-08-03T15:00:00Z,Totals (Aces),8,"{'hdp': 14.5, 'over': '1.44'}"
73352324,2026-08-03,ATP,Montreal,Bet365,James Duckworth,Christopher O'Connell,match_aces,19.5,2.2500,,2026-08-03T11:50:16Z,2026-08-03T15:00:00Z,Totals (Aces),8,"{'hdp': 19.5, 'over': '2.25'}"
73352324,2026-08-03,ATP,Montreal,Bet365,James Duckworth,Christopher O'Connell,match_aces,24.5,4.0000,,2026-08-03T11:50:16Z,2026-08-03T15:00:00Z,Totals (Aces),8,"{'hdp': 24.5, 'over': '4.00'}"
73352324,2026-08-03,ATP,Montreal,Bet365,James Duckworth,Christopher O'Connell,match_aces,29.5,8.0000,,2026-08-03T11:50:16Z,2026-08-03T15:00:00Z,Totals (Aces),8,"{'hdp': 29.5, 'over': '8.00'}"
73352324,2026-08-03,ATP,Montreal,Bet365,James Duckworth,Christopher O'Connell,match_aces,39.5,26.0000,,2026-08-03T11:50:16Z,2026-08-03T15:00:00Z,Totals (Aces),8,"{'hdp': 39.5, 'over': '26.00'}"
73352324,2026-08-03,ATP,Montreal,Bet365,James Duckworth,Christopher O'Connell,match_double_faults,1.5,1.0100,,2026-08-03T11:50:16Z,2026-08-03T15:00:00Z,Totals (Double Faults),8,"{'hdp': 1.5, 'over': '1.01'}"
73352324,2026-08-03,ATP,Montreal,Bet365,James Duckworth,Christopher O'Connell,match_double_faults,2.5,1.0600,,2026-08-03T11:50:16Z,2026-08-03T15:00:00Z,Totals (Double Faults),8,"{'hdp': 2.5, 'over': '1.06'}"
73352324,2026-08-03,ATP,Montreal,Bet365,James Duckworth,Christopher O'Connell,match_double_faults,4.5,1.3600,,2026-08-03T11:50:16Z,2026-08-03T15:00:00Z,Totals (Double Faults),8,"{'hdp': 4.5, 'over': '1.36'}"
73352324,2026-08-03,ATP,Montreal,Bet365,James Duckworth,Christopher O'Connell,match_double_faults,7.5,3.0000,,2026-08-03T11:50:16Z,2026-08-03T15:00:00Z,Totals (Double Faults),8,"{'hdp': 7.5, 'over': '3.00'}"
73352324,2026-08-03,ATP,Montreal,Bet365,James Duckworth,Christopher O'Connell,match_double_faults,9.5,6.5000,,2026-08-03T11:50:16Z,2026-08-03T15:00:00Z,Totals (Double Faults),8,"{'hdp': 9.5, 'over': '6.50'}"
73352324,2026-08-03,ATP,Montreal,Bet365,James Duckworth,Christopher O'Connell,match_double_faults,11.5,15.0000,,2026-08-03T11:50:16Z,2026-08-03T15:00:00Z,Totals (Double Faults),8,"{'hdp': 11.5, 'over': '15.00'}"
73352324,2026-08-03,ATP,Montreal,Bet365,James Duckworth,Christopher O'Connell,match_double_faults,14.5,26.0000,,2026-08-03T11:50:16Z,2026-08-03T15:00:00Z,Totals (Double Faults),8,"{'hdp': 14.5, 'over': '26.00'}"
73352324,2026-08-03,ATP,Montreal,Bet365,Christopher O'Connell,James Duckworth,aces,9.5,2.1000,,2026-08-03T11:50:16Z,2026-08-03T15:00:00Z,Team Total (Aces) Away,7,"{'hdp': 9.5, 'over': '2.10'}"
73352324,2026-08-03,ATP,Montreal,Bet365,Christopher O'Connell,James Duckworth,aces,14.5,5.5000,,2026-08-03T11:50:16Z,2026-08-03T15:00:00Z,Team Total (Aces) Away,7,"{'hdp': 14.5, 'over': '5.50'}"
73352324,2026-08-03,ATP,Montreal,Bet365,Christopher O'Connell,James Duckworth,aces,19.5,15.0000,,2026-08-03T11:50:16Z,2026-08-03T15:00:00Z,Team Total (Aces) Away,7,"{'hdp': 19.5, 'over': '15.00'}"
73352324,2026-08-03,ATP,Montreal,Bet365,Christopher O'Connell,James Duckworth,aces,24.5,26.0000,,2026-08-03T11:50:16Z,2026-08-03T15:00:00Z,Team Total (Aces) Away,7,"{'hdp': 24.5, 'over': '26.00'}"
73352324,2026-08-03,ATP,Montreal,Bet365,Christopher O'Connell,James Duckworth,aces,2.5,1.0400,,2026-08-03T11:50:16Z,2026-08-03T15:00:00Z,Team Total (Aces) Away,7,"{'hdp': 2.5, 'over': '1.04'}"
73352324,2026-08-03,ATP,Montreal,Bet365,Christopher O'Connell,James Duckworth,aces,4.5,1.1600,,2026-08-03T11:50:16Z,2026-08-03T15:00:00Z,Team Total (Aces) Away,7,"{'hdp': 4.5, 'over': '1.16'}"
73352324,2026-08-03,ATP,Montreal,Bet365,James Duckworth,Christopher O'Connell,aces,4.5,1.1800,,2026-08-03T11:50:16Z,2026-08-03T15:00:00Z,Team Total (Aces) Home,7,"{'hdp': 4.5, 'over': '1.18'}"
73352324,2026-08-03,ATP,Montreal,Bet365,James Duckworth,Christopher O'Connell,aces,9.5,2.2500,,2026-08-03T11:50:16Z,2026-08-03T15:00:00Z,Team Total (Aces) Home,7,"{'hdp': 9.5, 'over': '2.25'}"
73352324,2026-08-03,ATP,Montreal,Bet365,James Duckworth,Christopher O'Connell,aces,14.5,6.0000,,2026-08-03T11:50:16Z,2026-08-03T15:00:00Z,Team Total (Aces) Home,7,"{'hdp': 14.5, 'over': '6.00'}"
73352324,2026-08-03,ATP,Montreal,Bet365,James Duckworth,Christopher O'Connell,aces,19.5,17.0000,,2026-08-03T11:50:16Z,2026-08-03T15:00:00Z,Team Total (Aces) Home,7,"{'hdp': 19.5, 'over': '17.00'}"
73352324,2026-08-03,ATP,Montreal,Bet365,James Duckworth,Christopher O'Connell,aces,24.5,26.0000,,2026-08-03T11:50:16Z,2026-08-03T15:00:00Z,Team Total (Aces) Home,7,"{'hdp': 24.5, 'over': '26.00'}"
73352324,2026-08-03,ATP,Montreal,Bet365,James Duckworth,Christopher O'Connell,aces,2.5,1.0400,,2026-08-03T11:50:16Z,2026-08-03T15:00:00Z,Team Total (Aces) Home,7,"{'hdp': 2.5, 'over': '1.04'}"
73352324,2026-08-03,ATP,Montreal,Bet365,James Duckworth,Christopher O'Connell,double_faults,0.5,1.0200,,2026-08-03T11:50:16Z,2026-08-03T15:00:00Z,Team Total (Double Faults) Home,6,"{'hdp': 0.5, 'over': '1.02'}"
73352324,2026-08-03,ATP,Montreal,Bet365,James Duckworth,Christopher O'Connell,double_faults,1.5,1.1200,,2026-08-03T11:50:16Z,2026-08-03T15:00:00Z,Team Total (Double Faults) Home,6,"{'hdp': 1.5, 'over': '1.12'}"
73352324,2026-08-03,ATP,Montreal,Bet365,James Duckworth,Christopher O'Connell,double_faults,2.5,1.3600,,2026-08-03T11:50:16Z,2026-08-03T15:00:00Z,Team Total (Double Faults) Home,6,"{'hdp': 2.5, 'over': '1.36'}"
73352324,2026-08-03,ATP,Montreal,Bet365,James Duckworth,Christopher O'Connell,double_faults,4.5,2.6200,,2026-08-03T11:50:16Z,2026-08-03T15:00:00Z,Team Total (Double Faults) Home,6,"{'hdp': 4.5, 'over': '2.62'}"
73352324,2026-08-03,ATP,Montreal,Bet365,James Duckworth,Christopher O'Connell,double_faults,7.5,13.0000,,2026-08-03T11:50:16Z,2026-08-03T15:00:00Z,Team Total (Double Faults) Home,6,"{'hdp': 7.5, 'over': '13.00'}"
73352324,2026-08-03,ATP,Montreal,Bet365,James Duckworth,Christopher O'Connell,double_faults,9.5,26.0000,,2026-08-03T11:50:16Z,2026-08-03T15:00:00Z,Team Total (Double Faults) Home,6,"{'hdp': 9.5, 'over': '26.00'}"
73325182,2026-08-03,WTA,Toronto,Bet365,Anhelina Kalinina,Anna Bondar,double_faults,7.5,5.5000,,2026-08-03T11:50:16Z,2026-08-03T15:00:00Z,Team Total (Double Faults) Home,7,"{'hdp': 7.5, 'over': '5.50'}"
73325182,2026-08-03,WTA,Toronto,Bet365,Anhelina Kalinina,Anna Bondar,double_faults,9.5,13.0000,,2026-08-03T11:50:16Z,2026-08-03T15:00:00Z,Team Total (Double Faults) Home,7,"{'hdp': 9.5, 'over': '13.00'}"
73325182,2026-08-03,WTA,Toronto,Bet365,Anhelina Kalinina,Anna Bondar,double_faults,0.5,1.0100,,2026-08-03T11:50:16Z,2026-08-03T15:00:00Z,Team Total (Double Faults) Home,7,"{'hdp': 0.5, 'over': '1.01'}"
73325182,2026-08-03,WTA,Toronto,Bet365,Anhelina Kalinina,Anna Bondar,double_faults,1.5,1.0700,,2026-08-03T11:50:16Z,2026-08-03T15:00:00Z,Team Total (Double Faults) Home,7,"{'hdp': 1.5, 'over': '1.07'}"
73325182,2026-08-03,WTA,Toronto,Bet365,Anhelina Kalinina,Anna Bondar,double_faults,2.5,1.2200,,2026-08-03T11:50:16Z,2026-08-03T15:00:00Z,Team Total (Double Faults) Home,7,"{'hdp': 2.5, 'over': '1.22'}"
73325182,2026-08-03,WTA,Toronto,Bet365,Anhelina Kalinina,Anna Bondar,double_faults,4.5,1.8300,,2026-08-03T11:50:16Z,2026-08-03T15:00:00Z,Team Total (Double Faults) Home,7,"{'hdp': 4.5, 'over': '1.83'}"
73325182,2026-08-03,WTA,Toronto,Bet365,Anhelina Kalinina,Anna Bondar,double_faults,11.5,26.0000,,2026-08-03T11:50:16Z,2026-08-03T15:00:00Z,Team Total (Double Faults) Home,7,"{'hdp': 11.5, 'over': '26.00'}"
73325182,2026-08-03,WTA,Toronto,Bet365,Anhelina Kalinina,Anna Bondar,match_aces,4.5,1.1600,,2026-08-03T11:50:16Z,2026-08-03T15:00:00Z,Totals (Aces),7,"{'hdp': 4.5, 'over': '1.16'}"
73325182,2026-08-03,WTA,Toronto,Bet365,Anhelina Kalinina,Anna Bondar,match_aces,9.5,2.3700,,2026-08-03T11:50:16Z,2026-08-03T15:00:00Z,Totals (Aces),7,"{'hdp': 9.5, 'over': '2.37'}"
73325182,2026-08-03,WTA,Toronto,Bet365,Anhelina Kalinina,Anna Bondar,match_aces,14.5,7.0000,,2026-08-03T11:50:16Z,2026-08-03T15:00:00Z,Totals (Aces),7,"{'hdp': 14.5, 'over': '7.00'}"
73325182,2026-08-03,WTA,Toronto,Bet365,Anhelina Kalinina,Anna Bondar,match_aces,19.5,23.0000,,2026-08-03T11:50:16Z,2026-08-03T15:00:00Z,Totals (Aces),7,"{'hdp': 19.5, 'over': '23.00'}"
73325182,2026-08-03,WTA,Toronto,Bet365,Anhelina Kalinina,Anna Bondar,match_aces,24.5,26.0000,,2026-08-03T11:50:16Z,2026-08-03T15:00:00Z,Totals (Aces),7,"{'hdp': 24.5, 'over': '26.00'}"
73325182,2026-08-03,WTA,Toronto,Bet365,Anhelina Kalinina,Anna Bondar,match_aces,2.5,1.0400,,2026-08-03T11:50:16Z,2026-08-03T15:00:00Z,Totals (Aces),7,"{'hdp': 2.5, 'over': '1.04'}"
73325182,2026-08-03,WTA,Toronto,Bet365,Anhelina Kalinina,Anna Bondar,match_double_faults,14.5,15.0000,,2026-08-03T11:50:16Z,2026-08-03T15:00:00Z,Totals (Double Faults),9,"{'hdp': 14.5, 'over': '15.00'}"
73325182,2026-08-03,WTA,Toronto,Bet365,Anhelina Kalinina,Anna Bondar,match_double_faults,2.5,1.0200,,2026-08-03T11:50:16Z,2026-08-03T15:00:00Z,Totals (Double Faults),9,"{'hdp': 2.5, 'over': '1.02'}"
73325182,2026-08-03,WTA,Toronto,Bet365,Anhelina Kalinina,Anna Bondar,match_double_faults,4.5,1.1400,,2026-08-03T11:50:16Z,2026-08-03T15:00:00Z,Totals (Double Faults),9,"{'hdp': 4.5, 'over': '1.14'}"
73325182,2026-08-03,WTA,Toronto,Bet365,Anhelina Kalinina,Anna Bondar,match_double_faults,7.5,1.7200,,2026-08-03T11:50:16Z,2026-08-03T15:00:00Z,Totals (Double Faults),9,"{'hdp': 7.5, 'over': '1.72'}"
73325182,2026-08-03,WTA,Toronto,Bet365,Anhelina Kalinina,Anna Bondar,match_double_faults,9.5,2.7500,,2026-08-03T11:50:16Z,2026-08-03T15:00:00Z,Totals (Double Faults),9,"{'hdp': 9.5, 'over': '2.75'}"
73325182,2026-08-03,WTA,Toronto,Bet365,Anhelina Kalinina,Anna Bondar,match_double_faults,11.5,5.0000,,2026-08-03T11:50:16Z,2026-08-03T15:00:00Z,Totals (Double Faults),9,"{'hdp': 11.5, 'over': '5.00'}"
73325182,2026-08-03,WTA,Toronto,Bet365,Anhelina Kalinina,Anna Bondar,match_double_faults,19.5,26.0000,,2026-08-03T11:50:16Z,2026-08-03T15:00:00Z,Totals (Double Faults),9,"{'hdp': 19.5, 'over': '26.00'}"
73325182,2026-08-03,WTA,Toronto,Bet365,Anna Bondar,Anhelina Kalinina,aces,2.5,1.1800,,2026-08-03T11:50:16Z,2026-08-03T15:00:00Z,Team Total (Aces) Away,6,"{'hdp': 2.5, 'over': '1.18'}"
73325182,2026-08-03,WTA,Toronto,Bet365,Anna Bondar,Anhelina Kalinina,aces,4.5,1.6100,,2026-08-03T11:50:16Z,2026-08-03T15:00:00Z,Team Total (Aces) Away,6,"{'hdp': 4.5, 'over': '1.61'}"
73325182,2026-08-03,WTA,Toronto,Bet365,Anna Bondar,Anhelina Kalinina,aces,9.5,6.0000,,2026-08-03T11:50:16Z,2026-08-03T15:00:00Z,Team Total (Aces) Away,6,"{'hdp': 9.5, 'over': '6.00'}"
73325182,2026-08-03,WTA,Toronto,Bet365,Anna Bondar,Anhelina Kalinina,aces,14.5,23.0000,,2026-08-03T11:50:16Z,2026-08-03T15:00:00Z,Team Total (Aces) Away,6,"{'hdp': 14.5, 'over': '23.00'}"
73325182,2026-08-03,WTA,Toronto,Bet365,Anna Bondar,Anhelina Kalinina,aces,19.5,26.0000,,2026-08-03T11:50:16Z,2026-08-03T15:00:00Z,Team Total (Aces) Away,6,"{'hdp': 19.5, 'over': '26.00'}"
73325182,2026-08-03,WTA,Toronto,Bet365,Anna Bondar,Anhelina Kalinina,aces,0.5,1.0100,,2026-08-03T11:50:16Z,2026-08-03T15:00:00Z,Team Total (Aces) Away,6,"{'hdp': 0.5, 'over': '1.01'}"
73325182,2026-08-03,WTA,Toronto,Bet365,Anhelina Kalinina,Anna Bondar,aces,0.5,1.0600,,2026-08-03T11:50:16Z,2026-08-03T15:00:00Z,Team Total (Aces) Home,4,"{'hdp': 0.5, 'over': '1.06'}"
73325182,2026-08-03,WTA,Toronto,Bet365,Anhelina Kalinina,Anna Bondar,aces,2.5,1.7200,,2026-08-03T11:50:16Z,2026-08-03T15:00:00Z,Team Total (Aces) Home,4,"{'hdp': 2.5, 'over': '1.72'}"
73325182,2026-08-03,WTA,Toronto,Bet365,Anhelina Kalinina,Anna Bondar,aces,4.5,4.0000,,2026-08-03T11:50:16Z,2026-08-03T15:00:00Z,Team Total (Aces) Home,4,"{'hdp': 4.5, 'over': '4.00'}"
73325182,2026-08-03,WTA,Toronto,Bet365,Anhelina Kalinina,Anna Bondar,aces,9.5,26.0000,,2026-08-03T11:50:16Z,2026-08-03T15:00:00Z,Team Total (Aces) Home,4,"{'hdp': 9.5, 'over': '26.00'}"
73325182,2026-08-03,WTA,Toronto,Bet365,Anna Bondar,Anhelina Kalinina,double_faults,0.5,1.0300,,2026-08-03T11:50:16Z,2026-08-03T15:00:00Z,Team Total (Double Faults) Away,6,"{'hdp': 0.5, 'over': '1.03'}"
73325182,2026-08-03,WTA,Toronto,Bet365,Anna Bondar,Anhelina Kalinina,double_faults,1.5,1.1800,,2026-08-03T11:50:16Z,2026-08-03T15:00:00Z,Team Total (Double Faults) Away,6,"{'hdp': 1.5, 'over': '1.18'}"
73325182,2026-08-03,WTA,Toronto,Bet365,Anna Bondar,Anhelina Kalinina,double_faults,2.5,1.5300,,2026-08-03T11:50:16Z,2026-08-03T15:00:00Z,Team Total (Double Faults) Away,6,"{'hdp': 2.5, 'over': '1.53'}"
73325182,2026-08-03,WTA,Toronto,Bet365,Anna Bondar,Anhelina Kalinina,double_faults,4.5,3.5000,,2026-08-03T11:50:16Z,2026-08-03T15:00:00Z,Team Total (Double Faults) Away,6,"{'hdp': 4.5, 'over': '3.50'}"
73325182,2026-08-03,WTA,Toronto,Bet365,Anna Bondar,Anhelina Kalinina,double_faults,7.5,19.0000,,2026-08-03T11:50:16Z,2026-08-03T15:00:00Z,Team Total (Double Faults) Away,6,"{'hdp': 7.5, 'over': '19.00'}"
73325182,2026-08-03,WTA,Toronto,Bet365,Anna Bondar,Anhelina Kalinina,double_faults,9.5,26.0000,,2026-08-03T11:50:16Z,2026-08-03T15:00:00Z,Team Total (Double Faults) Away,6,"{'hdp': 9.5, 'over': '26.00'}"
73325016,2026-08-03,ATP,Montreal,Bet365,Matteo Berrettini,Mariano Navone,match_aces,2.5,1.0100,,2026-08-03T11:50:16Z,2026-08-03T15:00:00Z,Totals (Aces),8,"{'hdp': 2.5, 'over': '1.01'}"
73325016,2026-08-03,ATP,Montreal,Bet365,Matteo Berrettini,Mariano Navone,match_aces,4.5,1.0600,,2026-08-03T11:50:16Z,2026-08-03T15:00:00Z,Totals (Aces),8,"{'hdp': 4.5, 'over': '1.06'}"
73325016,2026-08-03,ATP,Montreal,Bet365,Matteo Berrettini,Mariano Navone,match_aces,9.5,1.5700,,2026-08-03T11:50:16Z,2026-08-03T15:00:00Z,Totals (Aces),8,"{'hdp': 9.5, 'over': '1.57'}"
73325016,2026-08-03,ATP,Montreal,Bet365,Matteo Berrettini,Mariano Navone,match_aces,14.5,3.2500,,2026-08-03T11:50:16Z,2026-08-03T15:00:00Z,Totals (Aces),8,"{'hdp': 14.5, 'over': '3.25'}"
73325016,2026-08-03,ATP,Montreal,Bet365,Matteo Berrettini,Mariano Navone,match_aces,19.5,8.0000,,2026-08-03T11:50:16Z,2026-08-03T15:00:00Z,Totals (Aces),8,"{'hdp': 19.5, 'over': '8.00'}"
73325016,2026-08-03,ATP,Montreal,Bet365,Matteo Berrettini,Mariano Navone,match_aces,24.5,21.0000,,2026-08-03T11:50:16Z,2026-08-03T15:00:00Z,Totals (Aces),8,"{'hdp': 24.5, 'over': '21.00'}"
73325016,2026-08-03,ATP,Montreal,Bet365,Matteo Berrettini,Mariano Navone,match_aces,29.5,26.0000,,2026-08-03T11:50:16Z,2026-08-03T15:00:00Z,Totals (Aces),8,"{'hdp': 29.5, 'over': '26.00'}"
73325016,2026-08-03,ATP,Montreal,Bet365,Matteo Berrettini,Mariano Navone,aces,2.5,1.0600,,2026-08-03T11:50:16Z,2026-08-03T15:00:00Z,Team Total (Aces) Home,6,"{'hdp': 2.5, 'over': '1.06'}"
73325016,2026-08-03,ATP,Montreal,Bet365,Matteo Berrettini,Mariano Navone,aces,4.5,1.2800,,2026-08-03T11:50:16Z,2026-08-03T15:00:00Z,Team Total (Aces) Home,6,"{'hdp': 4.5, 'over': '1.28'}"
73325016,2026-08-03,ATP,Montreal,Bet365,Matteo Berrettini,Mariano Navone,aces,9.5,3.2500,,2026-08-03T11:50:16Z,2026-08-03T15:00:00Z,Team Total (Aces) Home,6,"{'hdp': 9.5, 'over': '3.25'}"
73325016,2026-08-03,ATP,Montreal,Bet365,Matteo Berrettini,Mariano Navone,aces,14.5,11.0000,,2026-08-03T11:50:16Z,2026-08-03T15:00:00Z,Team Total (Aces) Home,6,"{'hdp': 14.5, 'over': '11.00'}"
73325016,2026-08-03,ATP,Montreal,Bet365,Matteo Berrettini,Mariano Navone,aces,19.5,26.0000,,2026-08-03T11:50:16Z,2026-08-03T15:00:00Z,Team Total (Aces) Home,6,"{'hdp': 19.5, 'over': '26.00'}"
73325016,2026-08-03,ATP,Montreal,Bet365,Mariano Navone,Matteo Berrettini,double_faults,0.5,1.0500,,2026-08-03T11:50:16Z,2026-08-03T15:00:00Z,Team Total (Double Faults) Away,5,"{'hdp': 0.5, 'over': '1.05'}"
73325016,2026-08-03,ATP,Montreal,Bet365,Mariano Navone,Matteo Berrettini,double_faults,1.5,1.2500,,2026-08-03T11:50:16Z,2026-08-03T15:00:00Z,Team Total (Double Faults) Away,5,"{'hdp': 1.5, 'over': '1.25'}"
73325016,2026-08-03,ATP,Montreal,Bet365,Mariano Navone,Matteo Berrettini,double_faults,2.5,1.7200,,2026-08-03T11:50:16Z,2026-08-03T15:00:00Z,Team Total (Double Faults) Away,5,"{'hdp': 2.5, 'over': '1.72'}"
73325016,2026-08-03,ATP,Montreal,Bet365,Mariano Navone,Matteo Berrettini,double_faults,4.5,4.3300,,2026-08-03T11:50:16Z,2026-08-03T15:00:00Z,Team Total (Double Faults) Away,5,"{'hdp': 4.5, 'over': '4.33'}"
73325016,2026-08-03,ATP,Montreal,Bet365,Mariano Navone,Matteo Berrettini,double_faults,7.5,26.0000,,2026-08-03T11:50:16Z,2026-08-03T15:00:00Z,Team Total (Double Faults) Away,5,"{'hdp': 7.5, 'over': '26.00'}"
73325016,2026-08-03,ATP,Montreal,Bet365,Mariano Navone,Matteo Berrettini,aces,0.5,1.0300,,2026-08-03T11:50:16Z,2026-08-03T15:00:00Z,Team Total (Aces) Away,5,"{'hdp': 0.5, 'over': '1.03'}"
73325016,2026-08-03,ATP,Montreal,Bet365,Mariano Navone,Matteo Berrettini,aces,2.5,1.4000,,2026-08-03T11:50:16Z,2026-08-03T15:00:00Z,Team Total (Aces) Away,5,"{'hdp': 2.5, 'over': '1.40'}"
73325016,2026-08-03,ATP,Montreal,Bet365,Mariano Navone,Matteo Berrettini,aces,4.5,2.5000,,2026-08-03T11:50:16Z,2026-08-03T15:00:00Z,Team Total (Aces) Away,5,"{'hdp': 4.5, 'over': '2.50'}"
73325016,2026-08-03,ATP,Montreal,Bet365,Mariano Navone,Matteo Berrettini,aces,9.5,19.0000,,2026-08-03T11:50:16Z,2026-08-03T15:00:00Z,Team Total (Aces) Away,5,"{'hdp': 9.5, 'over': '19.00'}"
73325016,2026-08-03,ATP,Montreal,Bet365,Mariano Navone,Matteo Berrettini,aces,14.5,26.0000,,2026-08-03T11:50:16Z,2026-08-03T15:00:00Z,Team Total (Aces) Away,5,"{'hdp': 14.5, 'over': '26.00'}"
73325016,2026-08-03,ATP,Montreal,Bet365,Matteo Berrettini,Mariano Navone,double_faults,0.5,1.1600,,2026-08-03T11:50:16Z,2026-08-03T15:00:00Z,Team Total (Double Faults) Home,5,"{'hdp': 0.5, 'over': '1.16'}"
73325016,2026-08-03,ATP,Montreal,Bet365,Matteo Berrettini,Mariano Navone,double_faults,1.5,1.7200,,2026-08-03T11:50:16Z,2026-08-03T15:00:00Z,Team Total (Double Faults) Home,5,"{'hdp': 1.5, 'over': '1.72'}"
73325016,2026-08-03,ATP,Montreal,Bet365,Matteo Berrettini,Mariano Navone,double_faults,2.5,3.0000,,2026-08-03T11:50:16Z,2026-08-03T15:00:00Z,Team Total (Double Faults) Home,5,"{'hdp': 2.5, 'over': '3.00'}"
73325016,2026-08-03,ATP,Montreal,Bet365,Matteo Berrettini,Mariano Navone,double_faults,4.5,13.0000,,2026-08-03T11:50:16Z,2026-08-03T15:00:00Z,Team Total (Double Faults) Home,5,"{'hdp': 4.5, 'over': '13.00'}"
73325016,2026-08-03,ATP,Montreal,Bet365,Matteo Berrettini,Mariano Navone,double_faults,7.5,26.0000,,2026-08-03T11:50:16Z,2026-08-03T15:00:00Z,Team Total (Double Faults) Home,5,"{'hdp': 7.5, 'over': '26.00'}"
73325016,2026-08-03,ATP,Montreal,Bet365,Matteo Berrettini,Mariano Navone,match_double_faults,1.5,1.0400,,2026-08-03T11:50:16Z,2026-08-03T15:00:00Z,Totals (Double Faults),7,"{'hdp': 1.5, 'over': '1.04'}"
73325016,2026-08-03,ATP,Montreal,Bet365,Matteo Berrettini,Mariano Navone,match_double_faults,2.5,1.1400,,2026-08-03T11:50:16Z,2026-08-03T15:00:00Z,Totals (Double Faults),7,"{'hdp': 2.5, 'over': '1.14'}"
73325016,2026-08-03,ATP,Montreal,Bet365,Matteo Berrettini,Mariano Navone,match_double_faults,4.5,1.8000,,2026-08-03T11:50:16Z,2026-08-03T15:00:00Z,Totals (Double Faults),7,"{'hdp': 4.5, 'over': '1.80'}"
73325016,2026-08-03,ATP,Montreal,Bet365,Matteo Berrettini,Mariano Navone,match_double_faults,7.5,5.5000,,2026-08-03T11:50:16Z,2026-08-03T15:00:00Z,Totals (Double Faults),7,"{'hdp': 7.5, 'over': '5.50'}"
73325016,2026-08-03,ATP,Montreal,Bet365,Matteo Berrettini,Mariano Navone,match_double_faults,9.5,15.0000,,2026-08-03T11:50:16Z,2026-08-03T15:00:00Z,Totals (Double Faults),7,"{'hdp': 9.5, 'over': '15.00'}"
73325016,2026-08-03,ATP,Montreal,Bet365,Matteo Berrettini,Mariano Navone,match_double_faults,11.5,26.0000,,2026-08-03T11:50:16Z,2026-08-03T15:00:00Z,Totals (Double Faults),7,"{'hdp': 11.5, 'over': '26.00'}"
73356498,2026-08-03,WTA,Toronto,Bet365,Rebecca Sramkova,Anna Blinkova,match_aces,2.5,1.0100,,2026-08-03T11:50:16Z,2026-08-03T16:30:00Z,Totals (Aces),7,"{'hdp': 2.5, 'over': '1.01'}"
73356498,2026-08-03,WTA,Toronto,Bet365,Rebecca Sramkova,Anna Blinkova,match_aces,4.5,1.1000,,2026-08-03T11:50:16Z,2026-08-03T16:30:00Z,Totals (Aces),7,"{'hdp': 4.5, 'over': '1.10'}"
73356498,2026-08-03,WTA,Toronto,Bet365,Rebecca Sramkova,Anna Blinkova,match_aces,9.5,1.8300,,2026-08-03T11:50:16Z,2026-08-03T16:30:00Z,Totals (Aces),7,"{'hdp': 9.5, 'over': '1.83'}"
73356498,2026-08-03,WTA,Toronto,Bet365,Rebecca Sramkova,Anna Blinkova,match_aces,14.5,4.3300,,2026-08-03T11:50:16Z,2026-08-03T16:30:00Z,Totals (Aces),7,"{'hdp': 14.5, 'over': '4.33'}"
73356498,2026-08-03,WTA,Toronto,Bet365,Rebecca Sramkova,Anna Blinkova,match_aces,19.5,13.0000,,2026-08-03T11:50:16Z,2026-08-03T16:30:00Z,Totals (Aces),7,"{'hdp': 19.5, 'over': '13.00'}"
73356498,2026-08-03,WTA,Toronto,Bet365,Rebecca Sramkova,Anna Blinkova,match_aces,24.5,26.0000,,2026-08-03T11:50:16Z,2026-08-03T16:30:00Z,Totals (Aces),7,"{'hdp': 24.5, 'over': '26.00'}"
73356498,2026-08-03,WTA,Toronto,Bet365,Rebecca Sramkova,Anna Blinkova,match_double_faults,4.5,1.0400,,2026-08-03T11:50:16Z,2026-08-03T16:30:00Z,Totals (Double Faults),9,"{'hdp': 4.5, 'over': '1.04'}"
73356498,2026-08-03,WTA,Toronto,Bet365,Rebecca Sramkova,Anna Blinkova,match_double_faults,7.5,1.2800,,2026-08-03T11:50:16Z,2026-08-03T16:30:00Z,Totals (Double Faults),9,"{'hdp': 7.5, 'over': '1.28'}"
73356498,2026-08-03,WTA,Toronto,Bet365,Rebecca Sramkova,Anna Blinkova,match_double_faults,9.5,1.7200,,2026-08-03T11:50:16Z,2026-08-03T16:30:00Z,Totals (Double Faults),9,"{'hdp': 9.5, 'over': '1.72'}"
73356498,2026-08-03,WTA,Toronto,Bet365,Rebecca Sramkova,Anna Blinkova,match_double_faults,11.5,2.5000,,2026-08-03T11:50:16Z,2026-08-03T16:30:00Z,Totals (Double Faults),9,"{'hdp': 11.5, 'over': '2.50'}"
73356498,2026-08-03,WTA,Toronto,Bet365,Rebecca Sramkova,Anna Blinkova,match_double_faults,14.5,5.5000,,2026-08-03T11:50:16Z,2026-08-03T16:30:00Z,Totals (Double Faults),9,"{'hdp': 14.5, 'over': '5.50'}"
73356498,2026-08-03,WTA,Toronto,Bet365,Rebecca Sramkova,Anna Blinkova,match_double_faults,19.5,21.0000,,2026-08-03T11:50:16Z,2026-08-03T16:30:00Z,Totals (Double Faults),9,"{'hdp': 19.5, 'over': '21.00'}"
73356498,2026-08-03,WTA,Toronto,Bet365,Rebecca Sramkova,Anna Blinkova,match_double_faults,24.5,26.0000,,2026-08-03T11:50:16Z,2026-08-03T16:30:00Z,Totals (Double Faults),9,"{'hdp': 24.5, 'over': '26.00'}"
73356498,2026-08-03,WTA,Toronto,Bet365,Rebecca Sramkova,Anna Blinkova,double_faults,1.5,1.0300,,2026-08-03T11:50:16Z,2026-08-03T16:30:00Z,Team Total (Double Faults) Home,8,"{'hdp': 1.5, 'over': '1.03'}"
73356498,2026-08-03,WTA,Toronto,Bet365,Rebecca Sramkova,Anna Blinkova,double_faults,2.5,1.1100,,2026-08-03T11:50:16Z,2026-08-03T16:30:00Z,Team Total (Double Faults) Home,8,"{'hdp': 2.5, 'over': '1.11'}"
73356498,2026-08-03,WTA,Toronto,Bet365,Rebecca Sramkova,Anna Blinkova,double_faults,4.5,1.5000,,2026-08-03T11:50:16Z,2026-08-03T16:30:00Z,Team Total (Double Faults) Home,8,"{'hdp': 4.5, 'over': '1.50'}"
73356498,2026-08-03,WTA,Toronto,Bet365,Rebecca Sramkova,Anna Blinkova,double_faults,7.5,3.5000,,2026-08-03T11:50:16Z,2026-08-03T16:30:00Z,Team Total (Double Faults) Home,8,"{'hdp': 7.5, 'over': '3.50'}"
73356498,2026-08-03,WTA,Toronto,Bet365,Rebecca Sramkova,Anna Blinkova,double_faults,9.5,8.0000,,2026-08-03T11:50:16Z,2026-08-03T16:30:00Z,Team Total (Double Faults) Home,8,"{'hdp': 9.5, 'over': '8.00'}"
73356498,2026-08-03,WTA,Toronto,Bet365,Rebecca Sramkova,Anna Blinkova,double_faults,11.5,17.0000,,2026-08-03T11:50:16Z,2026-08-03T16:30:00Z,Team Total (Double Faults) Home,8,"{'hdp': 11.5, 'over': '17.00'}"
73356498,2026-08-03,WTA,Toronto,Bet365,Rebecca Sramkova,Anna Blinkova,double_faults,14.5,26.0000,,2026-08-03T11:50:16Z,2026-08-03T16:30:00Z,Team Total (Double Faults) Home,8,"{'hdp': 14.5, 'over': '26.00'}"
73356498,2026-08-03,WTA,Toronto,Bet365,Anna Blinkova,Rebecca Sramkova,aces,0.5,1.0200,,2026-08-03T11:50:16Z,2026-08-03T16:30:00Z,Team Total (Aces) Away,5,"{'hdp': 0.5, 'over': '1.02'}"
73356498,2026-08-03,WTA,Toronto,Bet365,Anna Blinkova,Rebecca Sramkova,aces,2.5,1.3600,,2026-08-03T11:50:16Z,2026-08-03T16:30:00Z,Team Total (Aces) Away,5,"{'hdp': 2.5, 'over': '1.36'}"
73356498,2026-08-03,WTA,Toronto,Bet365,Anna Blinkova,Rebecca Sramkova,aces,4.5,2.3700,,2026-08-03T11:50:16Z,2026-08-03T16:30:00Z,Team Total (Aces) Away,5,"{'hdp': 4.5, 'over': '2.37'}"
73356498,2026-08-03,WTA,Toronto,Bet365,Anna Blinkova,Rebecca Sramkova,aces,9.5,17.0000,,2026-08-03T11:50:16Z,2026-08-03T16:30:00Z,Team Total (Aces) Away,5,"{'hdp': 9.5, 'over': '17.00'}"
73356498,2026-08-03,WTA,Toronto,Bet365,Anna Blinkova,Rebecca Sramkova,aces,14.5,26.0000,,2026-08-03T11:50:16Z,2026-08-03T16:30:00Z,Team Total (Aces) Away,5,"{'hdp': 14.5, 'over': '26.00'}"
73356498,2026-08-03,WTA,Toronto,Bet365,Rebecca Sramkova,Anna Blinkova,aces,0.5,1.0100,,2026-08-03T11:50:16Z,2026-08-03T16:30:00Z,Team Total (Aces) Home,6,"{'hdp': 0.5, 'over': '1.01'}"
73356498,2026-08-03,WTA,Toronto,Bet365,Rebecca Sramkova,Anna Blinkova,aces,2.5,1.1400,,2026-08-03T11:50:16Z,2026-08-03T16:30:00Z,Team Total (Aces) Home,6,"{'hdp': 2.5, 'over': '1.14'}"
73356498,2026-08-03,WTA,Toronto,Bet365,Rebecca Sramkova,Anna Blinkova,aces,4.5,1.5000,,2026-08-03T11:50:16Z,2026-08-03T16:30:00Z,Team Total (Aces) Home,6,"{'hdp': 4.5, 'over': '1.50'}"
73356498,2026-08-03,WTA,Toronto,Bet365,Rebecca Sramkova,Anna Blinkova,aces,9.5,5.0000,,2026-08-03T11:50:16Z,2026-08-03T16:30:00Z,Team Total (Aces) Home,6,"{'hdp': 9.5, 'over': '5.00'}"
73356498,2026-08-03,WTA,Toronto,Bet365,Rebecca Sramkova,Anna Blinkova,aces,14.5,19.0000,,2026-08-03T11:50:16Z,2026-08-03T16:30:00Z,Team Total (Aces) Home,6,"{'hdp': 14.5, 'over': '19.00'}"
73356498,2026-08-03,WTA,Toronto,Bet365,Rebecca Sramkova,Anna Blinkova,aces,19.5,26.0000,,2026-08-03T11:50:16Z,2026-08-03T16:30:00Z,Team Total (Aces) Home,6,"{'hdp': 19.5, 'over': '26.00'}"
73356498,2026-08-03,WTA,Toronto,Bet365,Anna Blinkova,Rebecca Sramkova,double_faults,0.5,1.0100,,2026-08-03T11:50:16Z,2026-08-03T16:30:00Z,Team Total (Double Faults) Away,7,"{'hdp': 0.5, 'over': '1.01'}"
73356498,2026-08-03,WTA,Toronto,Bet365,Anna Blinkova,Rebecca Sramkova,double_faults,1.5,1.0700,,2026-08-03T11:50:16Z,2026-08-03T16:30:00Z,Team Total (Double Faults) Away,7,"{'hdp': 1.5, 'over': '1.07'}"
73356498,2026-08-03,WTA,Toronto,Bet365,Anna Blinkova,Rebecca Sramkova,double_faults,2.5,1.2200,,2026-08-03T11:50:16Z,2026-08-03T16:30:00Z,Team Total (Double Faults) Away,7,"{'hdp': 2.5, 'over': '1.22'}"
73356498,2026-08-03,WTA,Toronto,Bet365,Anna Blinkova,Rebecca Sramkova,double_faults,4.5,1.9000,,2026-08-03T11:50:16Z,2026-08-03T16:30:00Z,Team Total (Double Faults) Away,7,"{'hdp': 4.5, 'over': '1.90'}"
73356498,2026-08-03,WTA,Toronto,Bet365,Anna Blinkova,Rebecca Sramkova,double_faults,7.5,5.5000,,2026-08-03T11:50:16Z,2026-08-03T16:30:00Z,Team Total (Double Faults) Away,7,"{'hdp': 7.5, 'over': '5.50'}"
73356498,2026-08-03,WTA,Toronto,Bet365,Anna Blinkova,Rebecca Sramkova,double_faults,9.5,13.0000,,2026-08-03T11:50:16Z,2026-08-03T16:30:00Z,Team Total (Double Faults) Away,7,"{'hdp': 9.5, 'over': '13.00'}"
73356498,2026-08-03,WTA,Toronto,Bet365,Anna Blinkova,Rebecca Sramkova,double_faults,11.5,26.0000,,2026-08-03T11:50:16Z,2026-08-03T16:30:00Z,Team Total (Double Faults) Away,7,"{'hdp': 11.5, 'over': '26.00'}"
73087122,2026-08-03,ATP,Washington,Bet365,Taylor Fritz,Rafael Jodar,match_double_faults,4.5,1.5700,,2026-08-03T11:50:16Z,2026-08-03T17:00:00Z,Totals (Double Faults),7,"{'hdp': 4.5, 'over': '1.57'}"
73087122,2026-08-03,ATP,Washington,Bet365,Taylor Fritz,Rafael Jodar,match_double_faults,7.5,4.3300,,2026-08-03T11:50:16Z,2026-08-03T17:00:00Z,Totals (Double Faults),7,"{'hdp': 7.5, 'over': '4.33'}"
73087122,2026-08-03,ATP,Washington,Bet365,Taylor Fritz,Rafael Jodar,match_double_faults,9.5,11.0000,,2026-08-03T11:50:16Z,2026-08-03T17:00:00Z,Totals (Double Faults),7,"{'hdp': 9.5, 'over': '11.00'}"
73087122,2026-08-03,ATP,Washington,Bet365,Taylor Fritz,Rafael Jodar,match_double_faults,11.5,26.0000,,2026-08-03T11:50:16Z,2026-08-03T17:00:00Z,Totals (Double Faults),7,"{'hdp': 11.5, 'over': '26.00'}"
73087122,2026-08-03,ATP,Washington,Bet365,Taylor Fritz,Rafael Jodar,match_double_faults,1.5,1.0200,,2026-08-03T11:50:16Z,2026-08-03T17:00:00Z,Totals (Double Faults),7,"{'hdp': 1.5, 'over': '1.02'}"
73087122,2026-08-03,ATP,Washington,Bet365,Taylor Fritz,Rafael Jodar,match_double_faults,2.5,1.1000,,2026-08-03T11:50:16Z,2026-08-03T17:00:00Z,Totals (Double Faults),7,"{'hdp': 2.5, 'over': '1.10'}"
73087122,2026-08-03,ATP,Washington,Bet365,Taylor Fritz,Rafael Jodar,aces,2.5,1.0100,,2026-08-03T11:50:16Z,2026-08-03T17:00:00Z,Team Total (Aces) Home,8,"{'hdp': 2.5, 'over': '1.01'}"
73087122,2026-08-03,ATP,Washington,Bet365,Taylor Fritz,Rafael Jodar,aces,4.5,1.0700,,2026-08-03T11:50:16Z,2026-08-03T17:00:00Z,Team Total (Aces) Home,8,"{'hdp': 4.5, 'over': '1.07'}"
73087122,2026-08-03,ATP,Washington,Bet365,Taylor Fritz,Rafael Jodar,aces,9.5,1.5300,,2026-08-03T11:50:16Z,2026-08-03T17:00:00Z,Team Total (Aces) Home,8,"{'hdp': 9.5, 'over': '1.53'}"
73087122,2026-08-03,ATP,Washington,Bet365,Taylor Fritz,Rafael Jodar,aces,14.5,2.7500,,2026-08-03T11:50:16Z,2026-08-03T17:00:00Z,Team Total (Aces) Home,8,"{'hdp': 14.5, 'over': '2.75'}"
73087122,2026-08-03,ATP,Washington,Bet365,Taylor Fritz,Rafael Jodar,aces,19.5,6.5000,,2026-08-03T11:50:16Z,2026-08-03T17:00:00Z,Team Total (Aces) Home,8,"{'hdp': 19.5, 'over': '6.50'}"
73087122,2026-08-03,ATP,Washington,Bet365,Taylor Fritz,Rafael Jodar,aces,24.5,15.0000,,2026-08-03T11:50:16Z,2026-08-03T17:00:00Z,Team Total (Aces) Home,8,"{'hdp': 24.5, 'over': '15.00'}"
73087122,2026-08-03,ATP,Washington,Bet365,Taylor Fritz,Rafael Jodar,aces,29.5,26.0000,,2026-08-03T11:50:16Z,2026-08-03T17:00:00Z,Team Total (Aces) Home,8,"{'hdp': 29.5, 'over': '26.00'}"
73087122,2026-08-03,ATP,Washington,Bet365,Rafael Jodar,Taylor Fritz,aces,0.5,1.0100,,2026-08-03T11:50:16Z,2026-08-03T17:00:00Z,Team Total (Aces) Away,5,"{'hdp': 0.5, 'over': '1.01'}"
73087122,2026-08-03,ATP,Washington,Bet365,Rafael Jodar,Taylor Fritz,aces,2.5,1.1800,,2026-08-03T11:50:16Z,2026-08-03T17:00:00Z,Team Total (Aces) Away,5,"{'hdp': 2.5, 'over': '1.18'}"
73087122,2026-08-03,ATP,Washington,Bet365,Rafael Jodar,Taylor Fritz,aces,4.5,1.6600,,2026-08-03T11:50:16Z,2026-08-03T17:00:00Z,Team Total (Aces) Away,5,"{'hdp': 4.5, 'over': '1.66'}"
73087122,2026-08-03,ATP,Washington,Bet365,Rafael Jodar,Taylor Fritz,aces,9.5,6.5000,,2026-08-03T11:50:16Z,2026-08-03T17:00:00Z,Team Total (Aces) Away,5,"{'hdp': 9.5, 'over': '6.50'}"
73087122,2026-08-03,ATP,Washington,Bet365,Rafael Jodar,Taylor Fritz,aces,14.5,26.0000,,2026-08-03T11:50:16Z,2026-08-03T17:00:00Z,Team Total (Aces) Away,5,"{'hdp': 14.5, 'over': '26.00'}"
73087122,2026-08-03,ATP,Washington,Bet365,Rafael Jodar,Taylor Fritz,double_faults,7.5,26.0000,,2026-08-03T11:50:16Z,2026-08-03T17:00:00Z,Team Total (Double Faults) Away,5,"{'hdp': 7.5, 'over': '26.00'}"
73087122,2026-08-03,ATP,Washington,Bet365,Rafael Jodar,Taylor Fritz,double_faults,0.5,1.0500,,2026-08-03T11:50:16Z,2026-08-03T17:00:00Z,Team Total (Double Faults) Away,5,"{'hdp': 0.5, 'over': '1.05'}"
73087122,2026-08-03,ATP,Washington,Bet365,Rafael Jodar,Taylor Fritz,double_faults,1.5,1.2500,,2026-08-03T11:50:16Z,2026-08-03T17:00:00Z,Team Total (Double Faults) Away,5,"{'hdp': 1.5, 'over': '1.25'}"
73087122,2026-08-03,ATP,Washington,Bet365,Rafael Jodar,Taylor Fritz,double_faults,2.5,1.7200,,2026-08-03T11:50:16Z,2026-08-03T17:00:00Z,Team Total (Double Faults) Away,5,"{'hdp': 2.5, 'over': '1.72'}"
73087122,2026-08-03,ATP,Washington,Bet365,Rafael Jodar,Taylor Fritz,double_faults,4.5,4.5000,,2026-08-03T11:50:16Z,2026-08-03T17:00:00Z,Team Total (Double Faults) Away,5,"{'hdp': 4.5, 'over': '4.50'}"
73087122,2026-08-03,ATP,Washington,Bet365,Taylor Fritz,Rafael Jodar,double_faults,7.5,26.0000,,2026-08-03T11:50:16Z,2026-08-03T17:00:00Z,Team Total (Double Faults) Home,5,"{'hdp': 7.5, 'over': '26.00'}"
73087122,2026-08-03,ATP,Washington,Bet365,Taylor Fritz,Rafael Jodar,double_faults,0.5,1.0800,,2026-08-03T11:50:16Z,2026-08-03T17:00:00Z,Team Total (Double Faults) Home,5,"{'hdp': 0.5, 'over': '1.08'}"
73087122,2026-08-03,ATP,Washington,Bet365,Taylor Fritz,Rafael Jodar,double_faults,1.5,1.4000,,2026-08-03T11:50:16Z,2026-08-03T17:00:00Z,Team Total (Double Faults) Home,5,"{'hdp': 1.5, 'over': '1.40'}"
73087122,2026-08-03,ATP,Washington,Bet365,Taylor Fritz,Rafael Jodar,double_faults,2.5,2.1000,,2026-08-03T11:50:16Z,2026-08-03T17:00:00Z,Team Total (Double Faults) Home,5,"{'hdp': 2.5, 'over': '2.10'}"
73087122,2026-08-03,ATP,Washington,Bet365,Taylor Fritz,Rafael Jodar,double_faults,4.5,6.5000,,2026-08-03T11:50:16Z,2026-08-03T17:00:00Z,Team Total (Double Faults) Home,5,"{'hdp': 4.5, 'over': '6.50'}"
73087122,2026-08-03,ATP,Washington,Bet365,Taylor Fritz,Rafael Jodar,match_aces,9.5,1.1200,,2026-08-03T11:50:16Z,2026-08-03T17:00:00Z,Totals (Aces),8,"{'hdp': 9.5, 'over': '1.12'}"
73087122,2026-08-03,ATP,Washington,Bet365,Taylor Fritz,Rafael Jodar,match_aces,14.5,1.5300,,2026-08-03T11:50:16Z,2026-08-03T17:00:00Z,Totals (Aces),8,"{'hdp': 14.5, 'over': '1.53'}"
73087122,2026-08-03,ATP,Washington,Bet365,Taylor Fritz,Rafael Jodar,match_aces,19.5,2.5000,,2026-08-03T11:50:16Z,2026-08-03T17:00:00Z,Totals (Aces),8,"{'hdp': 19.5, 'over': '2.50'}"
73087122,2026-08-03,ATP,Washington,Bet365,Taylor Fritz,Rafael Jodar,match_aces,24.5,4.5000,,2026-08-03T11:50:16Z,2026-08-03T17:00:00Z,Totals (Aces),8,"{'hdp': 24.5, 'over': '4.50'}"
73087122,2026-08-03,ATP,Washington,Bet365,Taylor Fritz,Rafael Jodar,match_aces,29.5,9.0000,,2026-08-03T11:50:16Z,2026-08-03T17:00:00Z,Totals (Aces),8,"{'hdp': 29.5, 'over': '9.00'}"
73087122,2026-08-03,ATP,Washington,Bet365,Taylor Fritz,Rafael Jodar,match_aces,39.5,26.0000,,2026-08-03T11:50:16Z,2026-08-03T17:00:00Z,Totals (Aces),8,"{'hdp': 39.5, 'over': '26.00'}"
73352322,2026-08-03,ATP,Montreal,Bet365,Yannick Hanfmann,Benjamin Bonzi,aces,2.5,1.0400,,2026-08-03T11:50:16Z,2026-08-03T16:10:00Z,Team Total (Aces) Away,7,"{'hdp': 2.5, 'over': '1.04'}"
73352322,2026-08-03,ATP,Montreal,Bet365,Yannick Hanfmann,Benjamin Bonzi,aces,4.5,1.1600,,2026-08-03T11:50:16Z,2026-08-03T16:10:00Z,Team Total (Aces) Away,7,"{'hdp': 4.5, 'over': '1.16'}"
73352322,2026-08-03,ATP,Montreal,Bet365,Yannick Hanfmann,Benjamin Bonzi,aces,9.5,2.2000,,2026-08-03T11:50:16Z,2026-08-03T16:10:00Z,Team Total (Aces) Away,7,"{'hdp': 9.5, 'over': '2.20'}"
73352322,2026-08-03,ATP,Montreal,Bet365,Yannick Hanfmann,Benjamin Bonzi,aces,14.5,5.5000,,2026-08-03T11:50:16Z,2026-08-03T16:10:00Z,Team Total (Aces) Away,7,"{'hdp': 14.5, 'over': '5.50'}"
73352322,2026-08-03,ATP,Montreal,Bet365,Yannick Hanfmann,Benjamin Bonzi,aces,19.5,17.0000,,2026-08-03T11:50:16Z,2026-08-03T16:10:00Z,Team Total (Aces) Away,7,"{'hdp': 19.5, 'over': '17.00'}"
73352322,2026-08-03,ATP,Montreal,Bet365,Yannick Hanfmann,Benjamin Bonzi,aces,24.5,26.0000,,2026-08-03T11:50:16Z,2026-08-03T16:10:00Z,Team Total (Aces) Away,7,"{'hdp': 24.5, 'over': '26.00'}"
73352322,2026-08-03,ATP,Montreal,Bet365,Benjamin Bonzi,Yannick Hanfmann,aces,2.5,1.0800,,2026-08-03T11:50:16Z,2026-08-03T16:10:00Z,Team Total (Aces) Home,6,"{'hdp': 2.5, 'over': '1.08'}"
73352322,2026-08-03,ATP,Montreal,Bet365,Benjamin Bonzi,Yannick Hanfmann,aces,4.5,1.3300,,2026-08-03T11:50:16Z,2026-08-03T16:10:00Z,Team Total (Aces) Home,6,"{'hdp': 4.5, 'over': '1.33'}"
73352322,2026-08-03,ATP,Montreal,Bet365,Benjamin Bonzi,Yannick Hanfmann,aces,9.5,3.5000,,2026-08-03T11:50:16Z,2026-08-03T16:10:00Z,Team Total (Aces) Home,6,"{'hdp': 9.5, 'over': '3.50'}"
73352322,2026-08-03,ATP,Montreal,Bet365,Benjamin Bonzi,Yannick Hanfmann,aces,14.5,13.0000,,2026-08-03T11:50:16Z,2026-08-03T16:10:00Z,Team Total (Aces) Home,6,"{'hdp': 14.5, 'over': '13.00'}"
73352322,2026-08-03,ATP,Montreal,Bet365,Benjamin Bonzi,Yannick Hanfmann,aces,19.5,26.0000,,2026-08-03T11:50:16Z,2026-08-03T16:10:00Z,Team Total (Aces) Home,6,"{'hdp': 19.5, 'over': '26.00'}"
73352322,2026-08-03,ATP,Montreal,Bet365,Yannick Hanfmann,Benjamin Bonzi,double_faults,1.5,1.5000,,2026-08-03T11:50:16Z,2026-08-03T16:10:00Z,Team Total (Double Faults) Away,5,"{'hdp': 1.5, 'over': '1.50'}"
73352322,2026-08-03,ATP,Montreal,Bet365,Yannick Hanfmann,Benjamin Bonzi,double_faults,0.5,1.1100,,2026-08-03T11:50:16Z,2026-08-03T16:10:00Z,Team Total (Double Faults) Away,5,"{'hdp': 0.5, 'over': '1.11'}"
73352322,2026-08-03,ATP,Montreal,Bet365,Yannick Hanfmann,Benjamin Bonzi,double_faults,2.5,2.3700,,2026-08-03T11:50:16Z,2026-08-03T16:10:00Z,Team Total (Double Faults) Away,5,"{'hdp': 2.5, 'over': '2.37'}"
73352322,2026-08-03,ATP,Montreal,Bet365,Yannick Hanfmann,Benjamin Bonzi,double_faults,4.5,9.0000,,2026-08-03T11:50:16Z,2026-08-03T16:10:00Z,Team Total (Double Faults) Away,5,"{'hdp': 4.5, 'over': '9.00'}"
73352322,2026-08-03,ATP,Montreal,Bet365,Yannick Hanfmann,Benjamin Bonzi,double_faults,7.5,26.0000,,2026-08-03T11:50:16Z,2026-08-03T16:10:00Z,Team Total (Double Faults) Away,5,"{'hdp': 7.5, 'over': '26.00'}"
73352322,2026-08-03,ATP,Montreal,Bet365,Benjamin Bonzi,Yannick Hanfmann,match_double_faults,2.5,1.1600,,2026-08-03T11:50:16Z,2026-08-03T16:10:00Z,Totals (Double Faults),7,"{'hdp': 2.5, 'over': '1.16'}"
73352322,2026-08-03,ATP,Montreal,Bet365,Benjamin Bonzi,Yannick Hanfmann,match_double_faults,7.5,6.0000,,2026-08-03T11:50:16Z,2026-08-03T16:10:00Z,Totals (Double Faults),7,"{'hdp': 7.5, 'over': '6.00'}"
73352322,2026-08-03,ATP,Montreal,Bet365,Benjamin Bonzi,Yannick Hanfmann,match_double_faults,1.5,1.0400,,2026-08-03T11:50:16Z,2026-08-03T16:10:00Z,Totals (Double Faults),7,"{'hdp': 1.5, 'over': '1.04'}"
73352322,2026-08-03,ATP,Montreal,Bet365,Benjamin Bonzi,Yannick Hanfmann,match_double_faults,4.5,1.8000,,2026-08-03T11:50:16Z,2026-08-03T16:10:00Z,Totals (Double Faults),7,"{'hdp': 4.5, 'over': '1.80'}"
73352322,2026-08-03,ATP,Montreal,Bet365,Benjamin Bonzi,Yannick Hanfmann,match_double_faults,9.5,15.0000,,2026-08-03T11:50:16Z,2026-08-03T16:10:00Z,Totals (Double Faults),7,"{'hdp': 9.5, 'over': '15.00'}"
73352322,2026-08-03,ATP,Montreal,Bet365,Benjamin Bonzi,Yannick Hanfmann,match_double_faults,11.5,26.0000,,2026-08-03T11:50:16Z,2026-08-03T16:10:00Z,Totals (Double Faults),7,"{'hdp': 11.5, 'over': '26.00'}"
73352322,2026-08-03,ATP,Montreal,Bet365,Benjamin Bonzi,Yannick Hanfmann,double_faults,2.5,1.9000,,2026-08-03T11:50:16Z,2026-08-03T16:10:00Z,Team Total (Double Faults) Home,5,"{'hdp': 2.5, 'over': '1.90'}"
73352322,2026-08-03,ATP,Montreal,Bet365,Benjamin Bonzi,Yannick Hanfmann,double_faults,0.5,1.0700,,2026-08-03T11:50:16Z,2026-08-03T16:10:00Z,Team Total (Double Faults) Home,5,"{'hdp': 0.5, 'over': '1.07'}"
73352322,2026-08-03,ATP,Montreal,Bet365,Benjamin Bonzi,Yannick Hanfmann,double_faults,1.5,1.3300,,2026-08-03T11:50:16Z,2026-08-03T16:10:00Z,Team Total (Double Faults) Home,5,"{'hdp': 1.5, 'over': '1.33'}"
73352322,2026-08-03,ATP,Montreal,Bet365,Benjamin Bonzi,Yannick Hanfmann,double_faults,4.5,5.5000,,2026-08-03T11:50:16Z,2026-08-03T16:10:00Z,Team Total (Double Faults) Home,5,"{'hdp': 4.5, 'over': '5.50'}"
73352322,2026-08-03,ATP,Montreal,Bet365,Benjamin Bonzi,Yannick Hanfmann,double_faults,7.5,26.0000,,2026-08-03T11:50:16Z,2026-08-03T16:10:00Z,Team Total (Double Faults) Home,5,"{'hdp': 7.5, 'over': '26.00'}"
73352322,2026-08-03,ATP,Montreal,Bet365,Benjamin Bonzi,Yannick Hanfmann,match_aces,4.5,1.0100,,2026-08-03T11:50:16Z,2026-08-03T16:10:00Z,Totals (Aces),8,"{'hdp': 4.5, 'over': '1.01'}"
73352322,2026-08-03,ATP,Montreal,Bet365,Benjamin Bonzi,Yannick Hanfmann,match_aces,9.5,1.1800,,2026-08-03T11:50:16Z,2026-08-03T16:10:00Z,Totals (Aces),8,"{'hdp': 9.5, 'over': '1.18'}"
73352322,2026-08-03,ATP,Montreal,Bet365,Benjamin Bonzi,Yannick Hanfmann,match_aces,14.5,1.7200,,2026-08-03T11:50:16Z,2026-08-03T16:10:00Z,Totals (Aces),8,"{'hdp': 14.5, 'over': '1.72'}"
73352322,2026-08-03,ATP,Montreal,Bet365,Benjamin Bonzi,Yannick Hanfmann,match_aces,19.5,3.0000,,2026-08-03T11:50:16Z,2026-08-03T16:10:00Z,Totals (Aces),8,"{'hdp': 19.5, 'over': '3.00'}"
73352322,2026-08-03,ATP,Montreal,Bet365,Benjamin Bonzi,Yannick Hanfmann,match_aces,24.5,6.0000,,2026-08-03T11:50:16Z,2026-08-03T16:10:00Z,Totals (Aces),8,"{'hdp': 24.5, 'over': '6.00'}"
73352322,2026-08-03,ATP,Montreal,Bet365,Benjamin Bonzi,Yannick Hanfmann,match_aces,29.5,13.0000,,2026-08-03T11:50:16Z,2026-08-03T16:10:00Z,Totals (Aces),8,"{'hdp': 29.5, 'over': '13.00'}"
73352322,2026-08-03,ATP,Montreal,Bet365,Benjamin Bonzi,Yannick Hanfmann,match_aces,39.5,26.0000,,2026-08-03T11:50:16Z,2026-08-03T16:10:00Z,Totals (Aces),8,"{'hdp': 39.5, 'over': '26.00'}"
73325198,2026-08-03,WTA,Toronto,Bet365,McCartney Kessler,Cadence Brace,match_aces,9.5,5.0000,,2026-08-03T11:50:16Z,2026-08-03T16:30:00Z,Totals (Aces),6,"{'hdp': 9.5, 'over': '5.00'}"
73325198,2026-08-03,WTA,Toronto,Bet365,McCartney Kessler,Cadence Brace,match_aces,2.5,1.1100,,2026-08-03T11:50:16Z,2026-08-03T16:30:00Z,Totals (Aces),6,"{'hdp': 2.5, 'over': '1.11'}"
73325198,2026-08-03,WTA,Toronto,Bet365,McCartney Kessler,Cadence Brace,match_aces,4.5,1.4400,,2026-08-03T11:50:16Z,2026-08-03T16:30:00Z,Totals (Aces),6,"{'hdp': 4.5, 'over': '1.44'}"
73325198,2026-08-03,WTA,Toronto,Bet365,McCartney Kessler,Cadence Brace,match_aces,14.5,23.0000,,2026-08-03T11:50:16Z,2026-08-03T16:30:00Z,Totals (Aces),6,"{'hdp': 14.5, 'over': '23.00'}"
73325198,2026-08-03,WTA,Toronto,Bet365,McCartney Kessler,Cadence Brace,match_aces,19.5,26.0000,,2026-08-03T11:50:16Z,2026-08-03T16:30:00Z,Totals (Aces),6,"{'hdp': 19.5, 'over': '26.00'}"
73325198,2026-08-03,WTA,Toronto,Bet365,McCartney Kessler,Cadence Brace,match_double_faults,2.5,1.0200,,2026-08-03T11:50:16Z,2026-08-03T16:30:00Z,Totals (Double Faults),9,"{'hdp': 2.5, 'over': '1.02'}"
73325198,2026-08-03,WTA,Toronto,Bet365,McCartney Kessler,Cadence Brace,match_double_faults,4.5,1.1400,,2026-08-03T11:50:16Z,2026-08-03T16:30:00Z,Totals (Double Faults),9,"{'hdp': 4.5, 'over': '1.14'}"
73325198,2026-08-03,WTA,Toronto,Bet365,McCartney Kessler,Cadence Brace,match_double_faults,19.5,26.0000,,2026-08-03T11:50:16Z,2026-08-03T16:30:00Z,Totals (Double Faults),9,"{'hdp': 19.5, 'over': '26.00'}"
73325198,2026-08-03,WTA,Toronto,Bet365,McCartney Kessler,Cadence Brace,match_double_faults,14.5,15.0000,,2026-08-03T11:50:16Z,2026-08-03T16:30:00Z,Totals (Double Faults),9,"{'hdp': 14.5, 'over': '15.00'}"
73325198,2026-08-03,WTA,Toronto,Bet365,McCartney Kessler,Cadence Brace,match_double_faults,7.5,1.8300,,2026-08-03T11:50:16Z,2026-08-03T16:30:00Z,Totals (Double Faults),9,"{'hdp': 7.5, 'over': '1.83'}"
73325198,2026-08-03,WTA,Toronto,Bet365,McCartney Kessler,Cadence Brace,match_double_faults,9.5,3.0000,,2026-08-03T11:50:16Z,2026-08-03T16:30:00Z,Totals (Double Faults),9,"{'hdp': 9.5, 'over': '3.00'}"
73325198,2026-08-03,WTA,Toronto,Bet365,McCartney Kessler,Cadence Brace,match_double_faults,11.5,5.5000,,2026-08-03T11:50:16Z,2026-08-03T16:30:00Z,Totals (Double Faults),9,"{'hdp': 11.5, 'over': '5.50'}"
73325198,2026-08-03,WTA,Toronto,Bet365,Cadence Brace,McCartney Kessler,aces,4.5,9.0000,,2026-08-03T11:50:16Z,2026-08-03T16:30:00Z,Team Total (Aces) Away,4,"{'hdp': 4.5, 'over': '9.00'}"
73325198,2026-08-03,WTA,Toronto,Bet365,Cadence Brace,McCartney Kessler,aces,0.5,1.2000,,2026-08-03T11:50:16Z,2026-08-03T16:30:00Z,Team Total (Aces) Away,4,"{'hdp': 0.5, 'over': '1.20'}"
73325198,2026-08-03,WTA,Toronto,Bet365,Cadence Brace,McCartney Kessler,aces,2.5,2.7500,,2026-08-03T11:50:16Z,2026-08-03T16:30:00Z,Team Total (Aces) Away,4,"{'hdp': 2.5, 'over': '2.75'}"
73325198,2026-08-03,WTA,Toronto,Bet365,Cadence Brace,McCartney Kessler,aces,9.5,26.0000,,2026-08-03T11:50:16Z,2026-08-03T16:30:00Z,Team Total (Aces) Away,4,"{'hdp': 9.5, 'over': '26.00'}"
73325198,2026-08-03,WTA,Toronto,Bet365,McCartney Kessler,Cadence Brace,aces,0.5,1.0200,,2026-08-03T11:50:16Z,2026-08-03T16:30:00Z,Team Total (Aces) Home,5,"{'hdp': 0.5, 'over': '1.02'}"
73325198,2026-08-03,WTA,Toronto,Bet365,McCartney Kessler,Cadence Brace,aces,2.5,1.3300,,2026-08-03T11:50:16Z,2026-08-03T16:30:00Z,Team Total (Aces) Home,5,"{'hdp': 2.5, 'over': '1.33'}"
73325198,2026-08-03,WTA,Toronto,Bet365,McCartney Kessler,Cadence Brace,aces,4.5,2.2500,,2026-08-03T11:50:16Z,2026-08-03T16:30:00Z,Team Total (Aces) Home,5,"{'hdp': 4.5, 'over': '2.25'}"
73325198,2026-08-03,WTA,Toronto,Bet365,McCartney Kessler,Cadence Brace,aces,9.5,17.0000,,2026-08-03T11:50:16Z,2026-08-03T16:30:00Z,Team Total (Aces) Home,5,"{'hdp': 9.5, 'over': '17.00'}"
73325198,2026-08-03,WTA,Toronto,Bet365,McCartney Kessler,Cadence Brace,aces,14.5,26.0000,,2026-08-03T11:50:16Z,2026-08-03T16:30:00Z,Team Total (Aces) Home,5,"{'hdp': 14.5, 'over': '26.00'}"
73325198,2026-08-03,WTA,Toronto,Bet365,Cadence Brace,McCartney Kessler,double_faults,1.5,1.0500,,2026-08-03T11:50:16Z,2026-08-03T16:30:00Z,Team Total (Double Faults) Away,7,"{'hdp': 1.5, 'over': '1.05'}"
73325198,2026-08-03,WTA,Toronto,Bet365,Cadence Brace,McCartney Kessler,double_faults,4.5,1.8300,,2026-08-03T11:50:16Z,2026-08-03T16:30:00Z,Team Total (Double Faults) Away,7,"{'hdp': 4.5, 'over': '1.83'}"
73325198,2026-08-03,WTA,Toronto,Bet365,Cadence Brace,McCartney Kessler,double_faults,9.5,17.0000,,2026-08-03T11:50:16Z,2026-08-03T16:30:00Z,Team Total (Double Faults) Away,7,"{'hdp': 9.5, 'over': '17.00'}"
73325198,2026-08-03,WTA,Toronto,Bet365,Cadence Brace,McCartney Kessler,double_faults,11.5,26.0000,,2026-08-03T11:50:16Z,2026-08-03T16:30:00Z,Team Total (Double Faults) Away,7,"{'hdp': 11.5, 'over': '26.00'}"
73325198,2026-08-03,WTA,Toronto,Bet365,Cadence Brace,McCartney Kessler,double_faults,2.5,1.1800,,2026-08-03T11:50:16Z,2026-08-03T16:30:00Z,Team Total (Double Faults) Away,7,"{'hdp': 2.5, 'over': '1.18'}"
73325198,2026-08-03,WTA,Toronto,Bet365,Cadence Brace,McCartney Kessler,double_faults,7.5,6.5000,,2026-08-03T11:50:16Z,2026-08-03T16:30:00Z,Team Total (Double Faults) Away,7,"{'hdp': 7.5, 'over': '6.50'}"
73325198,2026-08-03,WTA,Toronto,Bet365,McCartney Kessler,Cadence Brace,double_faults,1.5,1.2500,,2026-08-03T11:50:16Z,2026-08-03T16:30:00Z,Team Total (Double Faults) Home,6,"{'hdp': 1.5, 'over': '1.25'}"
73325198,2026-08-03,WTA,Toronto,Bet365,McCartney Kessler,Cadence Brace,double_faults,9.5,26.0000,,2026-08-03T11:50:16Z,2026-08-03T16:30:00Z,Team Total (Double Faults) Home,6,"{'hdp': 9.5, 'over': '26.00'}"
73325198,2026-08-03,WTA,Toronto,Bet365,McCartney Kessler,Cadence Brace,double_faults,0.5,1.0600,,2026-08-03T11:50:16Z,2026-08-03T16:30:00Z,Team Total (Double Faults) Home,6,"{'hdp': 0.5, 'over': '1.06'}"
73325198,2026-08-03,WTA,Toronto,Bet365,McCartney Kessler,Cadence Brace,double_faults,2.5,1.6600,,2026-08-03T11:50:16Z,2026-08-03T16:30:00Z,Team Total (Double Faults) Home,6,"{'hdp': 2.5, 'over': '1.66'}"
73325198,2026-08-03,WTA,Toronto,Bet365,McCartney Kessler,Cadence Brace,double_faults,4.5,3.5000,,2026-08-03T11:50:16Z,2026-08-03T16:30:00Z,Team Total (Double Faults) Home,6,"{'hdp': 4.5, 'over': '3.50'}"
73325198,2026-08-03,WTA,Toronto,Bet365,McCartney Kessler,Cadence Brace,double_faults,7.5,15.0000,,2026-08-03T11:50:16Z,2026-08-03T16:30:00Z,Team Total (Double Faults) Home,6,"{'hdp': 7.5, 'over': '15.00'}"
73325204,2026-08-03,WTA,Toronto,Bet365,Peyton Stearns,Elena-Gabriela Ruse,aces,2.5,1.2200,,2026-08-03T11:50:16Z,2026-08-03T16:30:00Z,Team Total (Aces) Away,5,"{'hdp': 2.5, 'over': '1.22'}"
73325204,2026-08-03,WTA,Toronto,Bet365,Peyton Stearns,Elena-Gabriela Ruse,aces,4.5,1.8300,,2026-08-03T11:50:16Z,2026-08-03T16:30:00Z,Team Total (Aces) Away,5,"{'hdp': 4.5, 'over': '1.83'}"
73325204,2026-08-03,WTA,Toronto,Bet365,Peyton Stearns,Elena-Gabriela Ruse,aces,9.5,10.0000,,2026-08-03T11:50:16Z,2026-08-03T16:30:00Z,Team Total (Aces) Away,5,"{'hdp': 9.5, 'over': '10.00'}"
73325204,2026-08-03,WTA,Toronto,Bet365,Peyton Stearns,Elena-Gabriela Ruse,aces,0.5,1.0100,,2026-08-03T11:50:16Z,2026-08-03T16:30:00Z,Team Total (Aces) Away,5,"{'hdp': 0.5, 'over': '1.01'}"
73325204,2026-08-03,WTA,Toronto,Bet365,Peyton Stearns,Elena-Gabriela Ruse,aces,14.5,26.0000,,2026-08-03T11:50:16Z,2026-08-03T16:30:00Z,Team Total (Aces) Away,5,"{'hdp': 14.5, 'over': '26.00'}"
73325204,2026-08-03,WTA,Toronto,Bet365,Elena-Gabriela Ruse,Peyton Stearns,match_double_faults,9.5,1.1600,,2026-08-03T11:50:16Z,2026-08-03T16:30:00Z,Totals (Double Faults),8,"{'hdp': 9.5, 'over': '1.16'}"
73325204,2026-08-03,WTA,Toronto,Bet365,Elena-Gabriela Ruse,Peyton Stearns,match_double_faults,11.5,1.3600,,2026-08-03T11:50:16Z,2026-08-03T16:30:00Z,Totals (Double Faults),8,"{'hdp': 11.5, 'over': '1.36'}"
73325204,2026-08-03,WTA,Toronto,Bet365,Elena-Gabriela Ruse,Peyton Stearns,match_double_faults,24.5,15.0000,,2026-08-03T11:50:16Z,2026-08-03T16:30:00Z,Totals (Double Faults),8,"{'hdp': 24.5, 'over': '15.00'}"
73325204,2026-08-03,WTA,Toronto,Bet365,Elena-Gabriela Ruse,Peyton Stearns,match_double_faults,7.5,1.0500,,2026-08-03T11:50:16Z,2026-08-03T16:30:00Z,Totals (Double Faults),8,"{'hdp': 7.5, 'over': '1.05'}"
73325204,2026-08-03,WTA,Toronto,Bet365,Elena-Gabriela Ruse,Peyton Stearns,match_double_faults,14.5,1.9000,,2026-08-03T11:50:16Z,2026-08-03T16:30:00Z,Totals (Double Faults),8,"{'hdp': 14.5, 'over': '1.90'}"
73325204,2026-08-03,WTA,Toronto,Bet365,Elena-Gabriela Ruse,Peyton Stearns,match_double_faults,19.5,4.5000,,2026-08-03T11:50:16Z,2026-08-03T16:30:00Z,Totals (Double Faults),8,"{'hdp': 19.5, 'over': '4.50'}"
73325204,2026-08-03,WTA,Toronto,Bet365,Elena-Gabriela Ruse,Peyton Stearns,aces,2.5,1.0800,,2026-08-03T11:50:16Z,2026-08-03T16:30:00Z,Team Total (Aces) Home,6,"{'hdp': 2.5, 'over': '1.08'}"
73325204,2026-08-03,WTA,Toronto,Bet365,Elena-Gabriela Ruse,Peyton Stearns,aces,4.5,1.3000,,2026-08-03T11:50:16Z,2026-08-03T16:30:00Z,Team Total (Aces) Home,6,"{'hdp': 4.5, 'over': '1.30'}"
73325204,2026-08-03,WTA,Toronto,Bet365,Elena-Gabriela Ruse,Peyton Stearns,aces,9.5,3.2500,,2026-08-03T11:50:16Z,2026-08-03T16:30:00Z,Team Total (Aces) Home,6,"{'hdp': 9.5, 'over': '3.25'}"
73325204,2026-08-03,WTA,Toronto,Bet365,Elena-Gabriela Ruse,Peyton Stearns,aces,14.5,10.0000,,2026-08-03T11:50:16Z,2026-08-03T16:30:00Z,Team Total (Aces) Home,6,"{'hdp': 14.5, 'over': '10.00'}"
73325204,2026-08-03,WTA,Toronto,Bet365,Elena-Gabriela Ruse,Peyton Stearns,aces,19.5,26.0000,,2026-08-03T11:50:16Z,2026-08-03T16:30:00Z,Team Total (Aces) Home,6,"{'hdp': 19.5, 'over': '26.00'}"
73325204,2026-08-03,WTA,Toronto,Bet365,Peyton Stearns,Elena-Gabriela Ruse,double_faults,1.5,1.0500,,2026-08-03T11:50:16Z,2026-08-03T16:30:00Z,Team Total (Double Faults) Away,8,"{'hdp': 1.5, 'over': '1.05'}"
73325204,2026-08-03,WTA,Toronto,Bet365,Peyton Stearns,Elena-Gabriela Ruse,double_faults,2.5,1.1400,,2026-08-03T11:50:16Z,2026-08-03T16:30:00Z,Team Total (Double Faults) Away,8,"{'hdp': 2.5, 'over': '1.14'}"
73325204,2026-08-03,WTA,Toronto,Bet365,Peyton Stearns,Elena-Gabriela Ruse,double_faults,4.5,1.6600,,2026-08-03T11:50:16Z,2026-08-03T16:30:00Z,Team Total (Double Faults) Away,8,"{'hdp': 4.5, 'over': '1.66'}"
73325204,2026-08-03,WTA,Toronto,Bet365,Peyton Stearns,Elena-Gabriela Ruse,double_faults,9.5,10.0000,,2026-08-03T11:50:16Z,2026-08-03T16:30:00Z,Team Total (Double Faults) Away,8,"{'hdp': 9.5, 'over': '10.00'}"
73325204,2026-08-03,WTA,Toronto,Bet365,Peyton Stearns,Elena-Gabriela Ruse,double_faults,11.5,21.0000,,2026-08-03T11:50:16Z,2026-08-03T16:30:00Z,Team Total (Double Faults) Away,8,"{'hdp': 11.5, 'over': '21.00'}"
73325204,2026-08-03,WTA,Toronto,Bet365,Peyton Stearns,Elena-Gabriela Ruse,double_faults,14.5,26.0000,,2026-08-03T11:50:16Z,2026-08-03T16:30:00Z,Team Total (Double Faults) Away,8,"{'hdp': 14.5, 'over': '26.00'}"
73325204,2026-08-03,WTA,Toronto,Bet365,Peyton Stearns,Elena-Gabriela Ruse,double_faults,7.5,4.0000,,2026-08-03T11:50:16Z,2026-08-03T16:30:00Z,Team Total (Double Faults) Away,8,"{'hdp': 7.5, 'over': '4.00'}"
73325204,2026-08-03,WTA,Toronto,Bet365,Elena-Gabriela Ruse,Peyton Stearns,match_aces,4.5,1.0500,,2026-08-03T11:50:16Z,2026-08-03T16:30:00Z,Totals (Aces),8,"{'hdp': 4.5, 'over': '1.05'}"
73325204,2026-08-03,WTA,Toronto,Bet365,Elena-Gabriela Ruse,Peyton Stearns,match_aces,9.5,1.4400,,2026-08-03T11:50:16Z,2026-08-03T16:30:00Z,Totals (Aces),8,"{'hdp': 9.5, 'over': '1.44'}"
73325204,2026-08-03,WTA,Toronto,Bet365,Elena-Gabriela Ruse,Peyton Stearns,match_aces,14.5,2.6200,,2026-08-03T11:50:16Z,2026-08-03T16:30:00Z,Totals (Aces),8,"{'hdp': 14.5, 'over': '2.62'}"
73325204,2026-08-03,WTA,Toronto,Bet365,Elena-Gabriela Ruse,Peyton Stearns,match_aces,19.5,6.0000,,2026-08-03T11:50:16Z,2026-08-03T16:30:00Z,Totals (Aces),8,"{'hdp': 19.5, 'over': '6.00'}"
73325204,2026-08-03,WTA,Toronto,Bet365,Elena-Gabriela Ruse,Peyton Stearns,match_aces,24.5,15.0000,,2026-08-03T11:50:16Z,2026-08-03T16:30:00Z,Totals (Aces),8,"{'hdp': 24.5, 'over': '15.00'}"
73325204,2026-08-03,WTA,Toronto,Bet365,Elena-Gabriela Ruse,Peyton Stearns,match_aces,29.5,26.0000,,2026-08-03T11:50:16Z,2026-08-03T16:30:00Z,Totals (Aces),8,"{'hdp': 29.5, 'over': '26.00'}"
73325204,2026-08-03,WTA,Toronto,Bet365,Elena-Gabriela Ruse,Peyton Stearns,double_faults,2.5,1.0100,,2026-08-03T11:50:16Z,2026-08-03T16:30:00Z,Team Total (Double Faults) Home,9,"{'hdp': 2.5, 'over': '1.01'}"
73325204,2026-08-03,WTA,Toronto,Bet365,Elena-Gabriela Ruse,Peyton Stearns,double_faults,4.5,1.1000,,2026-08-03T11:50:16Z,2026-08-03T16:30:00Z,Team Total (Double Faults) Home,9,"{'hdp': 4.5, 'over': '1.10'}"
73325204,2026-08-03,WTA,Toronto,Bet365,Elena-Gabriela Ruse,Peyton Stearns,double_faults,7.5,1.5000,,2026-08-03T11:50:16Z,2026-08-03T16:30:00Z,Team Total (Double Faults) Home,9,"{'hdp': 7.5, 'over': '1.50'}"
73325204,2026-08-03,WTA,Toronto,Bet365,Elena-Gabriela Ruse,Peyton Stearns,double_faults,14.5,7.0000,,2026-08-03T11:50:16Z,2026-08-03T16:30:00Z,Team Total (Double Faults) Home,9,"{'hdp': 14.5, 'over': '7.00'}"
73325204,2026-08-03,WTA,Toronto,Bet365,Elena-Gabriela Ruse,Peyton Stearns,double_faults,19.5,26.0000,,2026-08-03T11:50:16Z,2026-08-03T16:30:00Z,Team Total (Double Faults) Home,9,"{'hdp': 19.5, 'over': '26.00'}"
73325204,2026-08-03,WTA,Toronto,Bet365,Elena-Gabriela Ruse,Peyton Stearns,double_faults,9.5,2.0000,,2026-08-03T11:50:16Z,2026-08-03T16:30:00Z,Team Total (Double Faults) Home,9,"{'hdp': 9.5, 'over': '2.00'}"
73325204,2026-08-03,WTA,Toronto,Bet365,Elena-Gabriela Ruse,Peyton Stearns,double_faults,11.5,3.2500,,2026-08-03T11:50:16Z,2026-08-03T16:30:00Z,Team Total (Double Faults) Home,9,"{'hdp': 11.5, 'over': '3.25'}"
73325208,2026-08-03,WTA,Toronto,Bet365,Talia Gibson,Elisabetta Cocciaretto,match_double_faults,4.5,1.0100,,2026-08-03T11:50:16Z,2026-08-03T16:30:00Z,Totals (Double Faults),8,"{'hdp': 4.5, 'over': '1.01'}"
73325208,2026-08-03,WTA,Toronto,Bet365,Talia Gibson,Elisabetta Cocciaretto,match_double_faults,7.5,1.1100,,2026-08-03T11:50:16Z,2026-08-03T16:30:00Z,Totals (Double Faults),8,"{'hdp': 7.5, 'over': '1.11'}"
73325208,2026-08-03,WTA,Toronto,Bet365,Talia Gibson,Elisabetta Cocciaretto,match_double_faults,9.5,1.2800,,2026-08-03T11:50:16Z,2026-08-03T16:30:00Z,Totals (Double Faults),8,"{'hdp': 9.5, 'over': '1.28'}"
73325208,2026-08-03,WTA,Toronto,Bet365,Talia Gibson,Elisabetta Cocciaretto,match_double_faults,11.5,1.6100,,2026-08-03T11:50:16Z,2026-08-03T16:30:00Z,Totals (Double Faults),8,"{'hdp': 11.5, 'over': '1.61'}"
73325208,2026-08-03,WTA,Toronto,Bet365,Talia Gibson,Elisabetta Cocciaretto,match_double_faults,14.5,2.6200,,2026-08-03T11:50:16Z,2026-08-03T16:30:00Z,Totals (Double Faults),8,"{'hdp': 14.5, 'over': '2.62'}"
73325208,2026-08-03,WTA,Toronto,Bet365,Talia Gibson,Elisabetta Cocciaretto,match_double_faults,19.5,9.0000,,2026-08-03T11:50:16Z,2026-08-03T16:30:00Z,Totals (Double Faults),8,"{'hdp': 19.5, 'over': '9.00'}"
73325208,2026-08-03,WTA,Toronto,Bet365,Talia Gibson,Elisabetta Cocciaretto,match_double_faults,24.5,26.0000,,2026-08-03T11:50:16Z,2026-08-03T16:30:00Z,Totals (Double Faults),8,"{'hdp': 24.5, 'over': '26.00'}"
73325208,2026-08-03,WTA,Toronto,Bet365,Talia Gibson,Elisabetta Cocciaretto,double_faults,2.5,1.0300,,2026-08-03T11:50:16Z,2026-08-03T16:30:00Z,Team Total (Double Faults) Home,9,"{'hdp': 2.5, 'over': '1.03'}"
73325208,2026-08-03,WTA,Toronto,Bet365,Talia Gibson,Elisabetta Cocciaretto,double_faults,4.5,1.2000,,2026-08-03T11:50:16Z,2026-08-03T16:30:00Z,Team Total (Double Faults) Home,9,"{'hdp': 4.5, 'over': '1.20'}"
73325208,2026-08-03,WTA,Toronto,Bet365,Talia Gibson,Elisabetta Cocciaretto,double_faults,7.5,2.0000,,2026-08-03T11:50:16Z,2026-08-03T16:30:00Z,Team Total (Double Faults) Home,9,"{'hdp': 7.5, 'over': '2.00'}"
73325208,2026-08-03,WTA,Toronto,Bet365,Talia Gibson,Elisabetta Cocciaretto,double_faults,9.5,3.5000,,2026-08-03T11:50:16Z,2026-08-03T16:30:00Z,Team Total (Double Faults) Home,9,"{'hdp': 9.5, 'over': '3.50'}"
73325208,2026-08-03,WTA,Toronto,Bet365,Talia Gibson,Elisabetta Cocciaretto,double_faults,11.5,6.5000,,2026-08-03T11:50:16Z,2026-08-03T16:30:00Z,Team Total (Double Faults) Home,9,"{'hdp': 11.5, 'over': '6.50'}"
73325208,2026-08-03,WTA,Toronto,Bet365,Talia Gibson,Elisabetta Cocciaretto,double_faults,14.5,19.0000,,2026-08-03T11:50:16Z,2026-08-03T16:30:00Z,Team Total (Double Faults) Home,9,"{'hdp': 14.5, 'over': '19.00'}"
73325208,2026-08-03,WTA,Toronto,Bet365,Talia Gibson,Elisabetta Cocciaretto,double_faults,19.5,26.0000,,2026-08-03T11:50:16Z,2026-08-03T16:30:00Z,Team Total (Double Faults) Home,9,"{'hdp': 19.5, 'over': '26.00'}"
73325208,2026-08-03,WTA,Toronto,Bet365,Elisabetta Cocciaretto,Talia Gibson,double_faults,1.5,1.0400,,2026-08-03T11:50:16Z,2026-08-03T16:30:00Z,Team Total (Double Faults) Away,8,"{'hdp': 1.5, 'over': '1.04'}"
73325208,2026-08-03,WTA,Toronto,Bet365,Elisabetta Cocciaretto,Talia Gibson,double_faults,2.5,1.1400,,2026-08-03T11:50:16Z,2026-08-03T16:30:00Z,Team Total (Double Faults) Away,8,"{'hdp': 2.5, 'over': '1.14'}"
73325208,2026-08-03,WTA,Toronto,Bet365,Elisabetta Cocciaretto,Talia Gibson,double_faults,4.5,1.6100,,2026-08-03T11:50:16Z,2026-08-03T16:30:00Z,Team Total (Double Faults) Away,8,"{'hdp': 4.5, 'over': '1.61'}"
73325208,2026-08-03,WTA,Toronto,Bet365,Elisabetta Cocciaretto,Talia Gibson,double_faults,7.5,4.0000,,2026-08-03T11:50:16Z,2026-08-03T16:30:00Z,Team Total (Double Faults) Away,8,"{'hdp': 7.5, 'over': '4.00'}"
73325208,2026-08-03,WTA,Toronto,Bet365,Elisabetta Cocciaretto,Talia Gibson,double_faults,9.5,9.0000,,2026-08-03T11:50:16Z,2026-08-03T16:30:00Z,Team Total (Double Faults) Away,8,"{'hdp': 9.5, 'over': '9.00'}"
73325208,2026-08-03,WTA,Toronto,Bet365,Elisabetta Cocciaretto,Talia Gibson,double_faults,11.5,19.0000,,2026-08-03T11:50:16Z,2026-08-03T16:30:00Z,Team Total (Double Faults) Away,8,"{'hdp': 11.5, 'over': '19.00'}"
73325208,2026-08-03,WTA,Toronto,Bet365,Elisabetta Cocciaretto,Talia Gibson,double_faults,14.5,26.0000,,2026-08-03T11:50:16Z,2026-08-03T16:30:00Z,Team Total (Double Faults) Away,8,"{'hdp': 14.5, 'over': '26.00'}"
73325208,2026-08-03,WTA,Toronto,Bet365,Talia Gibson,Elisabetta Cocciaretto,match_aces,2.5,1.0100,,2026-08-03T11:50:16Z,2026-08-03T16:30:00Z,Totals (Aces),7,"{'hdp': 2.5, 'over': '1.01'}"
73325208,2026-08-03,WTA,Toronto,Bet365,Talia Gibson,Elisabetta Cocciaretto,match_aces,4.5,1.0800,,2026-08-03T11:50:16Z,2026-08-03T16:30:00Z,Totals (Aces),7,"{'hdp': 4.5, 'over': '1.08'}"
73325208,2026-08-03,WTA,Toronto,Bet365,Talia Gibson,Elisabetta Cocciaretto,match_aces,9.5,1.7200,,2026-08-03T11:50:16Z,2026-08-03T16:30:00Z,Totals (Aces),7,"{'hdp': 9.5, 'over': '1.72'}"
73325208,2026-08-03,WTA,Toronto,Bet365,Talia Gibson,Elisabetta Cocciaretto,match_aces,14.5,4.0000,,2026-08-03T11:50:16Z,2026-08-03T16:30:00Z,Totals (Aces),7,"{'hdp': 14.5, 'over': '4.00'}"
73325208,2026-08-03,WTA,Toronto,Bet365,Talia Gibson,Elisabetta Cocciaretto,match_aces,19.5,11.0000,,2026-08-03T11:50:16Z,2026-08-03T16:30:00Z,Totals (Aces),7,"{'hdp': 19.5, 'over': '11.00'}"
73325208,2026-08-03,WTA,Toronto,Bet365,Talia Gibson,Elisabetta Cocciaretto,match_aces,24.5,26.0000,,2026-08-03T11:50:16Z,2026-08-03T16:30:00Z,Totals (Aces),7,"{'hdp': 24.5, 'over': '26.00'}"
73325208,2026-08-03,WTA,Toronto,Bet365,Elisabetta Cocciaretto,Talia Gibson,aces,9.5,9.0000,,2026-08-03T11:50:16Z,2026-08-03T16:30:00Z,Team Total (Aces) Away,5,"{'hdp': 9.5, 'over': '9.00'}"
73325208,2026-08-03,WTA,Toronto,Bet365,Elisabetta Cocciaretto,Talia Gibson,aces,0.5,1.0100,,2026-08-03T11:50:16Z,2026-08-03T16:30:00Z,Team Total (Aces) Away,5,"{'hdp': 0.5, 'over': '1.01'}"
73325208,2026-08-03,WTA,Toronto,Bet365,Elisabetta Cocciaretto,Talia Gibson,aces,2.5,1.2000,,2026-08-03T11:50:16Z,2026-08-03T16:30:00Z,Team Total (Aces) Away,5,"{'hdp': 2.5, 'over': '1.20'}"
73325208,2026-08-03,WTA,Toronto,Bet365,Elisabetta Cocciaretto,Talia Gibson,aces,4.5,1.8000,,2026-08-03T11:50:16Z,2026-08-03T16:30:00Z,Team Total (Aces) Away,5,"{'hdp': 4.5, 'over': '1.80'}"
73325208,2026-08-03,WTA,Toronto,Bet365,Elisabetta Cocciaretto,Talia Gibson,aces,14.5,26.0000,,2026-08-03T11:50:16Z,2026-08-03T16:30:00Z,Team Total (Aces) Away,5,"{'hdp': 14.5, 'over': '26.00'}"
73325208,2026-08-03,WTA,Toronto,Bet365,Talia Gibson,Elisabetta Cocciaretto,aces,9.5,7.0000,,2026-08-03T11:50:16Z,2026-08-03T16:30:00Z,Team Total (Aces) Home,5,"{'hdp': 9.5, 'over': '7.00'}"
73325208,2026-08-03,WTA,Toronto,Bet365,Talia Gibson,Elisabetta Cocciaretto,aces,0.5,1.0100,,2026-08-03T11:50:16Z,2026-08-03T16:30:00Z,Team Total (Aces) Home,5,"{'hdp': 0.5, 'over': '1.01'}"
73325208,2026-08-03,WTA,Toronto,Bet365,Talia Gibson,Elisabetta Cocciaretto,aces,2.5,1.1800,,2026-08-03T11:50:16Z,2026-08-03T16:30:00Z,Team Total (Aces) Home,5,"{'hdp': 2.5, 'over': '1.18'}"
73325208,2026-08-03,WTA,Toronto,Bet365,Talia Gibson,Elisabetta Cocciaretto,aces,4.5,1.6600,,2026-08-03T11:50:16Z,2026-08-03T16:30:00Z,Team Total (Aces) Home,5,"{'hdp': 4.5, 'over': '1.66'}"
73325208,2026-08-03,WTA,Toronto,Bet365,Talia Gibson,Elisabetta Cocciaretto,aces,14.5,26.0000,,2026-08-03T11:50:16Z,2026-08-03T16:30:00Z,Team Total (Aces) Home,5,"{'hdp': 14.5, 'over': '26.00'}"
73325018,2026-08-03,ATP,Montreal,Bet365,Corentin Moutet,Marton Fucsovics,aces,0.5,1.0300,,2026-08-03T11:50:16Z,2026-08-03T16:50:00Z,Team Total (Aces) Away,5,"{'hdp': 0.5, 'over': '1.03'}"
73325018,2026-08-03,ATP,Montreal,Bet365,Corentin Moutet,Marton Fucsovics,aces,2.5,1.4000,,2026-08-03T11:50:16Z,2026-08-03T16:50:00Z,Team Total (Aces) Away,5,"{'hdp': 2.5, 'over': '1.40'}"
73325018,2026-08-03,ATP,Montreal,Bet365,Corentin Moutet,Marton Fucsovics,aces,4.5,2.5000,,2026-08-03T11:50:16Z,2026-08-03T16:50:00Z,Team Total (Aces) Away,5,"{'hdp': 4.5, 'over': '2.50'}"
73325018,2026-08-03,ATP,Montreal,Bet365,Corentin Moutet,Marton Fucsovics,aces,9.5,19.0000,,2026-08-03T11:50:16Z,2026-08-03T16:50:00Z,Team Total (Aces) Away,5,"{'hdp': 9.5, 'over': '19.00'}"
73325018,2026-08-03,ATP,Montreal,Bet365,Corentin Moutet,Marton Fucsovics,aces,14.5,26.0000,,2026-08-03T11:50:16Z,2026-08-03T16:50:00Z,Team Total (Aces) Away,5,"{'hdp': 14.5, 'over': '26.00'}"
73325018,2026-08-03,ATP,Montreal,Bet365,Marton Fucsovics,Corentin Moutet,double_faults,2.5,1.3000,,2026-08-03T11:50:16Z,2026-08-03T16:50:00Z,Team Total (Double Faults) Home,7,"{'hdp': 2.5, 'over': '1.30'}"
73325018,2026-08-03,ATP,Montreal,Bet365,Marton Fucsovics,Corentin Moutet,double_faults,0.5,1.0100,,2026-08-03T11:50:16Z,2026-08-03T16:50:00Z,Team Total (Double Faults) Home,7,"{'hdp': 0.5, 'over': '1.01'}"
73325018,2026-08-03,ATP,Montreal,Bet365,Marton Fucsovics,Corentin Moutet,double_faults,1.5,1.1000,,2026-08-03T11:50:16Z,2026-08-03T16:50:00Z,Team Total (Double Faults) Home,7,"{'hdp': 1.5, 'over': '1.10'}"
73325018,2026-08-03,ATP,Montreal,Bet365,Marton Fucsovics,Corentin Moutet,double_faults,4.5,2.2500,,2026-08-03T11:50:16Z,2026-08-03T16:50:00Z,Team Total (Double Faults) Home,7,"{'hdp': 4.5, 'over': '2.25'}"
73325018,2026-08-03,ATP,Montreal,Bet365,Marton Fucsovics,Corentin Moutet,double_faults,7.5,9.0000,,2026-08-03T11:50:16Z,2026-08-03T16:50:00Z,Team Total (Double Faults) Home,7,"{'hdp': 7.5, 'over': '9.00'}"
73325018,2026-08-03,ATP,Montreal,Bet365,Marton Fucsovics,Corentin Moutet,double_faults,9.5,23.0000,,2026-08-03T11:50:16Z,2026-08-03T16:50:00Z,Team Total (Double Faults) Home,7,"{'hdp': 9.5, 'over': '23.00'}"
73325018,2026-08-03,ATP,Montreal,Bet365,Marton Fucsovics,Corentin Moutet,double_faults,11.5,26.0000,,2026-08-03T11:50:16Z,2026-08-03T16:50:00Z,Team Total (Double Faults) Home,7,"{'hdp': 11.5, 'over': '26.00'}"
73325018,2026-08-03,ATP,Montreal,Bet365,Marton Fucsovics,Corentin Moutet,match_double_faults,4.5,1.1600,,2026-08-03T11:50:16Z,2026-08-03T16:50:00Z,Totals (Double Faults),9,"{'hdp': 4.5, 'over': '1.16'}"
73325018,2026-08-03,ATP,Montreal,Bet365,Marton Fucsovics,Corentin Moutet,match_double_faults,7.5,1.9000,,2026-08-03T11:50:16Z,2026-08-03T16:50:00Z,Totals (Double Faults),9,"{'hdp': 7.5, 'over': '1.90'}"
73325018,2026-08-03,ATP,Montreal,Bet365,Marton Fucsovics,Corentin Moutet,match_double_faults,9.5,3.4000,,2026-08-03T11:50:16Z,2026-08-03T16:50:00Z,Totals (Double Faults),9,"{'hdp': 9.5, 'over': '3.40'}"
73325018,2026-08-03,ATP,Montreal,Bet365,Marton Fucsovics,Corentin Moutet,match_double_faults,2.5,1.0200,,2026-08-03T11:50:16Z,2026-08-03T16:50:00Z,Totals (Double Faults),9,"{'hdp': 2.5, 'over': '1.02'}"
73325018,2026-08-03,ATP,Montreal,Bet365,Marton Fucsovics,Corentin Moutet,match_double_faults,11.5,6.5000,,2026-08-03T11:50:16Z,2026-08-03T16:50:00Z,Totals (Double Faults),9,"{'hdp': 11.5, 'over': '6.50'}"
73325018,2026-08-03,ATP,Montreal,Bet365,Marton Fucsovics,Corentin Moutet,match_double_faults,14.5,19.0000,,2026-08-03T11:50:16Z,2026-08-03T16:50:00Z,Totals (Double Faults),9,"{'hdp': 14.5, 'over': '19.00'}"
73325018,2026-08-03,ATP,Montreal,Bet365,Marton Fucsovics,Corentin Moutet,match_double_faults,19.5,26.0000,,2026-08-03T11:50:16Z,2026-08-03T16:50:00Z,Totals (Double Faults),9,"{'hdp': 19.5, 'over': '26.00'}"
73325018,2026-08-03,ATP,Montreal,Bet365,Marton Fucsovics,Corentin Moutet,aces,0.5,1.0300,,2026-08-03T11:50:16Z,2026-08-03T16:50:00Z,Team Total (Aces) Home,5,"{'hdp': 0.5, 'over': '1.03'}"
73325018,2026-08-03,ATP,Montreal,Bet365,Marton Fucsovics,Corentin Moutet,aces,2.5,1.4000,,2026-08-03T11:50:16Z,2026-08-03T16:50:00Z,Team Total (Aces) Home,5,"{'hdp': 2.5, 'over': '1.40'}"
73325018,2026-08-03,ATP,Montreal,Bet365,Marton Fucsovics,Corentin Moutet,aces,4.5,2.5000,,2026-08-03T11:50:16Z,2026-08-03T16:50:00Z,Team Total (Aces) Home,5,"{'hdp': 4.5, 'over': '2.50'}"
73325018,2026-08-03,ATP,Montreal,Bet365,Marton Fucsovics,Corentin Moutet,aces,9.5,19.0000,,2026-08-03T11:50:16Z,2026-08-03T16:50:00Z,Team Total (Aces) Home,5,"{'hdp': 9.5, 'over': '19.00'}"
73325018,2026-08-03,ATP,Montreal,Bet365,Marton Fucsovics,Corentin Moutet,aces,14.5,26.0000,,2026-08-03T11:50:16Z,2026-08-03T16:50:00Z,Team Total (Aces) Home,5,"{'hdp': 14.5, 'over': '26.00'}"
73325018,2026-08-03,ATP,Montreal,Bet365,Corentin Moutet,Marton Fucsovics,double_faults,0.5,1.0300,,2026-08-03T11:50:16Z,2026-08-03T16:50:00Z,Team Total (Double Faults) Away,6,"{'hdp': 0.5, 'over': '1.03'}"
73325018,2026-08-03,ATP,Montreal,Bet365,Corentin Moutet,Marton Fucsovics,double_faults,1.5,1.1600,,2026-08-03T11:50:16Z,2026-08-03T16:50:00Z,Team Total (Double Faults) Away,6,"{'hdp': 1.5, 'over': '1.16'}"
73325018,2026-08-03,ATP,Montreal,Bet365,Corentin Moutet,Marton Fucsovics,double_faults,2.5,1.4400,,2026-08-03T11:50:16Z,2026-08-03T16:50:00Z,Team Total (Double Faults) Away,6,"{'hdp': 2.5, 'over': '1.44'}"
73325018,2026-08-03,ATP,Montreal,Bet365,Corentin Moutet,Marton Fucsovics,double_faults,4.5,3.0000,,2026-08-03T11:50:16Z,2026-08-03T16:50:00Z,Team Total (Double Faults) Away,6,"{'hdp': 4.5, 'over': '3.00'}"
73325018,2026-08-03,ATP,Montreal,Bet365,Corentin Moutet,Marton Fucsovics,double_faults,7.5,15.0000,,2026-08-03T11:50:16Z,2026-08-03T16:50:00Z,Team Total (Double Faults) Away,6,"{'hdp': 7.5, 'over': '15.00'}"
73325018,2026-08-03,ATP,Montreal,Bet365,Corentin Moutet,Marton Fucsovics,double_faults,9.5,26.0000,,2026-08-03T11:50:16Z,2026-08-03T16:50:00Z,Team Total (Double Faults) Away,6,"{'hdp': 9.5, 'over': '26.00'}"
73325018,2026-08-03,ATP,Montreal,Bet365,Marton Fucsovics,Corentin Moutet,match_aces,2.5,1.0400,,2026-08-03T11:50:16Z,2026-08-03T16:50:00Z,Totals (Aces),6,"{'hdp': 2.5, 'over': '1.04'}"
73325018,2026-08-03,ATP,Montreal,Bet365,Marton Fucsovics,Corentin Moutet,match_aces,4.5,1.2000,,2026-08-03T11:50:16Z,2026-08-03T16:50:00Z,Totals (Aces),6,"{'hdp': 4.5, 'over': '1.20'}"
73325018,2026-08-03,ATP,Montreal,Bet365,Marton Fucsovics,Corentin Moutet,match_aces,9.5,2.7500,,2026-08-03T11:50:16Z,2026-08-03T16:50:00Z,Totals (Aces),6,"{'hdp': 9.5, 'over': '2.75'}"
73325018,2026-08-03,ATP,Montreal,Bet365,Marton Fucsovics,Corentin Moutet,match_aces,19.5,26.0000,,2026-08-03T11:50:16Z,2026-08-03T16:50:00Z,Totals (Aces),6,"{'hdp': 19.5, 'over': '26.00'}"
73325018,2026-08-03,ATP,Montreal,Bet365,Marton Fucsovics,Corentin Moutet,match_aces,14.5,10.0000,,2026-08-03T11:50:16Z,2026-08-03T16:50:00Z,Totals (Aces),6,"{'hdp': 14.5, 'over': '10.00'}"
73352320,2026-08-03,ATP,Montreal,Bet365,Kyrian Jacquet,Gabriel Diallo,aces,0.5,1.0100,,2026-08-03T11:50:16Z,2026-08-03T17:00:00Z,Team Total (Aces) Away,5,"{'hdp': 0.5, 'over': '1.01'}"
73352320,2026-08-03,ATP,Montreal,Bet365,Kyrian Jacquet,Gabriel Diallo,aces,9.5,6.0000,,2026-08-03T11:50:16Z,2026-08-03T17:00:00Z,Team Total (Aces) Away,5,"{'hdp': 9.5, 'over': '6.00'}"
73352320,2026-08-03,ATP,Montreal,Bet365,Kyrian Jacquet,Gabriel Diallo,aces,14.5,26.0000,,2026-08-03T11:50:16Z,2026-08-03T17:00:00Z,Team Total (Aces) Away,5,"{'hdp': 14.5, 'over': '26.00'}"
73352320,2026-08-03,ATP,Montreal,Bet365,Kyrian Jacquet,Gabriel Diallo,aces,2.5,1.1400,,2026-08-03T11:50:16Z,2026-08-03T17:00:00Z,Team Total (Aces) Away,5,"{'hdp': 2.5, 'over': '1.14'}"
73352320,2026-08-03,ATP,Montreal,Bet365,Kyrian Jacquet,Gabriel Diallo,aces,4.5,1.5700,,2026-08-03T11:50:16Z,2026-08-03T17:00:00Z,Team Total (Aces) Away,5,"{'hdp': 4.5, 'over': '1.57'}"
73352320,2026-08-03,ATP,Montreal,Bet365,Kyrian Jacquet,Gabriel Diallo,double_faults,0.5,1.0200,,2026-08-03T11:50:16Z,2026-08-03T17:00:00Z,Team Total (Double Faults) Away,6,"{'hdp': 0.5, 'over': '1.02'}"
73352320,2026-08-03,ATP,Montreal,Bet365,Kyrian Jacquet,Gabriel Diallo,double_faults,2.5,1.3300,,2026-08-03T11:50:16Z,2026-08-03T17:00:00Z,Team Total (Double Faults) Away,6,"{'hdp': 2.5, 'over': '1.33'}"
73352320,2026-08-03,ATP,Montreal,Bet365,Kyrian Jacquet,Gabriel Diallo,double_faults,4.5,2.5000,,2026-08-03T11:50:16Z,2026-08-03T17:00:00Z,Team Total (Double Faults) Away,6,"{'hdp': 4.5, 'over': '2.50'}"
73352320,2026-08-03,ATP,Montreal,Bet365,Kyrian Jacquet,Gabriel Diallo,double_faults,7.5,11.0000,,2026-08-03T11:50:16Z,2026-08-03T17:00:00Z,Team Total (Double Faults) Away,6,"{'hdp': 7.5, 'over': '11.00'}"
73352320,2026-08-03,ATP,Montreal,Bet365,Kyrian Jacquet,Gabriel Diallo,double_faults,9.5,26.0000,,2026-08-03T11:50:16Z,2026-08-03T17:00:00Z,Team Total (Double Faults) Away,6,"{'hdp': 9.5, 'over': '26.00'}"
73352320,2026-08-03,ATP,Montreal,Bet365,Kyrian Jacquet,Gabriel Diallo,double_faults,1.5,1.1200,,2026-08-03T11:50:16Z,2026-08-03T17:00:00Z,Team Total (Double Faults) Away,6,"{'hdp': 1.5, 'over': '1.12'}"
73352320,2026-08-03,ATP,Montreal,Bet365,Gabriel Diallo,Kyrian Jacquet,double_faults,0.5,1.0300,,2026-08-03T11:50:16Z,2026-08-03T17:00:00Z,Team Total (Double Faults) Home,6,"{'hdp': 0.5, 'over': '1.03'}"
73352320,2026-08-03,ATP,Montreal,Bet365,Gabriel Diallo,Kyrian Jacquet,double_faults,1.5,1.1600,,2026-08-03T11:50:16Z,2026-08-03T17:00:00Z,Team Total (Double Faults) Home,6,"{'hdp': 1.5, 'over': '1.16'}"
73352320,2026-08-03,ATP,Montreal,Bet365,Gabriel Diallo,Kyrian Jacquet,double_faults,2.5,1.5000,,2026-08-03T11:50:16Z,2026-08-03T17:00:00Z,Team Total (Double Faults) Home,6,"{'hdp': 2.5, 'over': '1.50'}"
73352320,2026-08-03,ATP,Montreal,Bet365,Gabriel Diallo,Kyrian Jacquet,double_faults,4.5,3.2500,,2026-08-03T11:50:16Z,2026-08-03T17:00:00Z,Team Total (Double Faults) Home,6,"{'hdp': 4.5, 'over': '3.25'}"
73352320,2026-08-03,ATP,Montreal,Bet365,Gabriel Diallo,Kyrian Jacquet,double_faults,7.5,15.0000,,2026-08-03T11:50:16Z,2026-08-03T17:00:00Z,Team Total (Double Faults) Home,6,"{'hdp': 7.5, 'over': '15.00'}"
73352320,2026-08-03,ATP,Montreal,Bet365,Gabriel Diallo,Kyrian Jacquet,double_faults,9.5,26.0000,,2026-08-03T11:50:16Z,2026-08-03T17:00:00Z,Team Total (Double Faults) Home,6,"{'hdp': 9.5, 'over': '26.00'}"
73352320,2026-08-03,ATP,Montreal,Bet365,Gabriel Diallo,Kyrian Jacquet,match_aces,4.5,1.0200,,2026-08-03T11:50:16Z,2026-08-03T17:00:00Z,Totals (Aces),8,"{'hdp': 4.5, 'over': '1.02'}"
73352320,2026-08-03,ATP,Montreal,Bet365,Gabriel Diallo,Kyrian Jacquet,match_aces,9.5,1.2800,,2026-08-03T11:50:16Z,2026-08-03T17:00:00Z,Totals (Aces),8,"{'hdp': 9.5, 'over': '1.28'}"
73352320,2026-08-03,ATP,Montreal,Bet365,Gabriel Diallo,Kyrian Jacquet,match_aces,24.5,9.0000,,2026-08-03T11:50:16Z,2026-08-03T17:00:00Z,Totals (Aces),8,"{'hdp': 24.5, 'over': '9.00'}"
73352320,2026-08-03,ATP,Montreal,Bet365,Gabriel Diallo,Kyrian Jacquet,match_aces,29.5,19.0000,,2026-08-03T11:50:16Z,2026-08-03T17:00:00Z,Totals (Aces),8,"{'hdp': 29.5, 'over': '19.00'}"
73352320,2026-08-03,ATP,Montreal,Bet365,Gabriel Diallo,Kyrian Jacquet,match_aces,39.5,26.0000,,2026-08-03T11:50:16Z,2026-08-03T17:00:00Z,Totals (Aces),8,"{'hdp': 39.5, 'over': '26.00'}"
73352320,2026-08-03,ATP,Montreal,Bet365,Gabriel Diallo,Kyrian Jacquet,match_aces,19.5,3.7500,,2026-08-03T11:50:16Z,2026-08-03T17:00:00Z,Totals (Aces),8,"{'hdp': 19.5, 'over': '3.75'}"
73352320,2026-08-03,ATP,Montreal,Bet365,Gabriel Diallo,Kyrian Jacquet,match_aces,14.5,2.0000,,2026-08-03T11:50:16Z,2026-08-03T17:00:00Z,Totals (Aces),8,"{'hdp': 14.5, 'over': '2.00'}"
73352320,2026-08-03,ATP,Montreal,Bet365,Gabriel Diallo,Kyrian Jacquet,match_double_faults,2.5,1.0200,,2026-08-03T11:50:16Z,2026-08-03T17:00:00Z,Totals (Double Faults),9,"{'hdp': 2.5, 'over': '1.02'}"
73352320,2026-08-03,ATP,Montreal,Bet365,Gabriel Diallo,Kyrian Jacquet,match_double_faults,4.5,1.1800,,2026-08-03T11:50:16Z,2026-08-03T17:00:00Z,Totals (Double Faults),9,"{'hdp': 4.5, 'over': '1.18'}"
73352320,2026-08-03,ATP,Montreal,Bet365,Gabriel Diallo,Kyrian Jacquet,match_double_faults,7.5,2.0000,,2026-08-03T11:50:16Z,2026-08-03T17:00:00Z,Totals (Double Faults),9,"{'hdp': 7.5, 'over': '2.00'}"
73352320,2026-08-03,ATP,Montreal,Bet365,Gabriel Diallo,Kyrian Jacquet,match_double_faults,9.5,3.5000,,2026-08-03T11:50:16Z,2026-08-03T17:00:00Z,Totals (Double Faults),9,"{'hdp': 9.5, 'over': '3.50'}"
73352320,2026-08-03,ATP,Montreal,Bet365,Gabriel Diallo,Kyrian Jacquet,match_double_faults,11.5,7.0000,,2026-08-03T11:50:16Z,2026-08-03T17:00:00Z,Totals (Double Faults),9,"{'hdp': 11.5, 'over': '7.00'}"
73352320,2026-08-03,ATP,Montreal,Bet365,Gabriel Diallo,Kyrian Jacquet,match_double_faults,14.5,21.0000,,2026-08-03T11:50:16Z,2026-08-03T17:00:00Z,Totals (Double Faults),9,"{'hdp': 14.5, 'over': '21.00'}"
73352320,2026-08-03,ATP,Montreal,Bet365,Gabriel Diallo,Kyrian Jacquet,match_double_faults,19.5,26.0000,,2026-08-03T11:50:16Z,2026-08-03T17:00:00Z,Totals (Double Faults),9,"{'hdp': 19.5, 'over': '26.00'}"
73352320,2026-08-03,ATP,Montreal,Bet365,Gabriel Diallo,Kyrian Jacquet,aces,9.5,2.3700,,2026-08-03T11:50:16Z,2026-08-03T17:00:00Z,Team Total (Aces) Home,7,"{'hdp': 9.5, 'over': '2.37'}"
73352320,2026-08-03,ATP,Montreal,Bet365,Gabriel Diallo,Kyrian Jacquet,aces,14.5,6.5000,,2026-08-03T11:50:16Z,2026-08-03T17:00:00Z,Team Total (Aces) Home,7,"{'hdp': 14.5, 'over': '6.50'}"
73352320,2026-08-03,ATP,Montreal,Bet365,Gabriel Diallo,Kyrian Jacquet,aces,24.5,26.0000,,2026-08-03T11:50:16Z,2026-08-03T17:00:00Z,Team Total (Aces) Home,7,"{'hdp': 24.5, 'over': '26.00'}"
73352320,2026-08-03,ATP,Montreal,Bet365,Gabriel Diallo,Kyrian Jacquet,aces,2.5,1.0500,,2026-08-03T11:50:16Z,2026-08-03T17:00:00Z,Team Total (Aces) Home,7,"{'hdp': 2.5, 'over': '1.05'}"
73352320,2026-08-03,ATP,Montreal,Bet365,Gabriel Diallo,Kyrian Jacquet,aces,4.5,1.2000,,2026-08-03T11:50:16Z,2026-08-03T17:00:00Z,Team Total (Aces) Home,7,"{'hdp': 4.5, 'over': '1.20'}"
73352320,2026-08-03,ATP,Montreal,Bet365,Gabriel Diallo,Kyrian Jacquet,aces,19.5,19.0000,,2026-08-03T11:50:16Z,2026-08-03T17:00:00Z,Team Total (Aces) Home,7,"{'hdp': 19.5, 'over': '19.00'}"
73352318,2026-08-03,ATP,Montreal,Bet365,Marin Cilic,Sho Shimabukuro,aces,2.5,1.0600,,2026-08-03T11:50:16Z,2026-08-03T16:10:00Z,Team Total (Aces) Away,6,"{'hdp': 2.5, 'over': '1.06'}"
73352318,2026-08-03,ATP,Montreal,Bet365,Marin Cilic,Sho Shimabukuro,aces,4.5,1.2500,,2026-08-03T11:50:16Z,2026-08-03T16:10:00Z,Team Total (Aces) Away,6,"{'hdp': 4.5, 'over': '1.25'}"
73352318,2026-08-03,ATP,Montreal,Bet365,Marin Cilic,Sho Shimabukuro,aces,9.5,2.7500,,2026-08-03T11:50:16Z,2026-08-03T16:10:00Z,Team Total (Aces) Away,6,"{'hdp': 9.5, 'over': '2.75'}"
73352318,2026-08-03,ATP,Montreal,Bet365,Marin Cilic,Sho Shimabukuro,aces,14.5,9.0000,,2026-08-03T11:50:16Z,2026-08-03T16:10:00Z,Team Total (Aces) Away,6,"{'hdp': 14.5, 'over': '9.00'}"
73352318,2026-08-03,ATP,Montreal,Bet365,Marin Cilic,Sho Shimabukuro,aces,19.5,26.0000,,2026-08-03T11:50:16Z,2026-08-03T16:10:00Z,Team Total (Aces) Away,6,"{'hdp': 19.5, 'over': '26.00'}"
73352318,2026-08-03,ATP,Montreal,Bet365,Marin Cilic,Sho Shimabukuro,double_faults,2.5,1.3300,,2026-08-03T11:50:16Z,2026-08-03T16:10:00Z,Team Total (Double Faults) Away,7,"{'hdp': 2.5, 'over': '1.33'}"
73352318,2026-08-03,ATP,Montreal,Bet365,Marin Cilic,Sho Shimabukuro,double_faults,0.5,1.0200,,2026-08-03T11:50:16Z,2026-08-03T16:10:00Z,Team Total (Double Faults) Away,7,"{'hdp': 0.5, 'over': '1.02'}"
73352318,2026-08-03,ATP,Montreal,Bet365,Marin Cilic,Sho Shimabukuro,double_faults,1.5,1.1200,,2026-08-03T11:50:16Z,2026-08-03T16:10:00Z,Team Total (Double Faults) Away,7,"{'hdp': 1.5, 'over': '1.12'}"
73352318,2026-08-03,ATP,Montreal,Bet365,Marin Cilic,Sho Shimabukuro,double_faults,4.5,2.5000,,2026-08-03T11:50:16Z,2026-08-03T16:10:00Z,Team Total (Double Faults) Away,7,"{'hdp': 4.5, 'over': '2.50'}"
73352318,2026-08-03,ATP,Montreal,Bet365,Marin Cilic,Sho Shimabukuro,double_faults,7.5,10.0000,,2026-08-03T11:50:16Z,2026-08-03T16:10:00Z,Team Total (Double Faults) Away,7,"{'hdp': 7.5, 'over': '10.00'}"
73352318,2026-08-03,ATP,Montreal,Bet365,Marin Cilic,Sho Shimabukuro,double_faults,9.5,23.0000,,2026-08-03T11:50:16Z,2026-08-03T16:10:00Z,Team Total (Double Faults) Away,7,"{'hdp': 9.5, 'over': '23.00'}"
73352318,2026-08-03,ATP,Montreal,Bet365,Marin Cilic,Sho Shimabukuro,double_faults,11.5,26.0000,,2026-08-03T11:50:16Z,2026-08-03T16:10:00Z,Team Total (Double Faults) Away,7,"{'hdp': 11.5, 'over': '26.00'}"
73352318,2026-08-03,ATP,Montreal,Bet365,Sho Shimabukuro,Marin Cilic,match_aces,4.5,1.0100,,2026-08-03T11:50:16Z,2026-08-03T16:10:00Z,Totals (Aces),8,"{'hdp': 4.5, 'over': '1.01'}"
73352318,2026-08-03,ATP,Montreal,Bet365,Sho Shimabukuro,Marin Cilic,match_aces,9.5,1.2000,,2026-08-03T11:50:16Z,2026-08-03T16:10:00Z,Totals (Aces),8,"{'hdp': 9.5, 'over': '1.20'}"
73352318,2026-08-03,ATP,Montreal,Bet365,Sho Shimabukuro,Marin Cilic,match_aces,14.5,1.7200,,2026-08-03T11:50:16Z,2026-08-03T16:10:00Z,Totals (Aces),8,"{'hdp': 14.5, 'over': '1.72'}"
73352318,2026-08-03,ATP,Montreal,Bet365,Sho Shimabukuro,Marin Cilic,match_aces,19.5,3.0000,,2026-08-03T11:50:16Z,2026-08-03T16:10:00Z,Totals (Aces),8,"{'hdp': 19.5, 'over': '3.00'}"
73352318,2026-08-03,ATP,Montreal,Bet365,Sho Shimabukuro,Marin Cilic,match_aces,24.5,6.0000,,2026-08-03T11:50:16Z,2026-08-03T16:10:00Z,Totals (Aces),8,"{'hdp': 24.5, 'over': '6.00'}"
73352318,2026-08-03,ATP,Montreal,Bet365,Sho Shimabukuro,Marin Cilic,match_aces,29.5,13.0000,,2026-08-03T11:50:16Z,2026-08-03T16:10:00Z,Totals (Aces),8,"{'hdp': 29.5, 'over': '13.00'}"
73352318,2026-08-03,ATP,Montreal,Bet365,Sho Shimabukuro,Marin Cilic,match_aces,39.5,26.0000,,2026-08-03T11:50:16Z,2026-08-03T16:10:00Z,Totals (Aces),8,"{'hdp': 39.5, 'over': '26.00'}"
73352318,2026-08-03,ATP,Montreal,Bet365,Sho Shimabukuro,Marin Cilic,aces,2.5,1.0600,,2026-08-03T11:50:16Z,2026-08-03T16:10:00Z,Team Total (Aces) Home,7,"{'hdp': 2.5, 'over': '1.06'}"
73352318,2026-08-03,ATP,Montreal,Bet365,Sho Shimabukuro,Marin Cilic,aces,4.5,1.2500,,2026-08-03T11:50:16Z,2026-08-03T16:10:00Z,Team Total (Aces) Home,7,"{'hdp': 4.5, 'over': '1.25'}"
73352318,2026-08-03,ATP,Montreal,Bet365,Sho Shimabukuro,Marin Cilic,aces,9.5,2.6200,,2026-08-03T11:50:16Z,2026-08-03T16:10:00Z,Team Total (Aces) Home,7,"{'hdp': 9.5, 'over': '2.62'}"
73352318,2026-08-03,ATP,Montreal,Bet365,Sho Shimabukuro,Marin Cilic,aces,14.5,8.0000,,2026-08-03T11:50:16Z,2026-08-03T16:10:00Z,Team Total (Aces) Home,7,"{'hdp': 14.5, 'over': '8.00'}"
73352318,2026-08-03,ATP,Montreal,Bet365,Sho Shimabukuro,Marin Cilic,aces,19.5,23.0000,,2026-08-03T11:50:16Z,2026-08-03T16:10:00Z,Team Total (Aces) Home,7,"{'hdp': 19.5, 'over': '23.00'}"
73352318,2026-08-03,ATP,Montreal,Bet365,Sho Shimabukuro,Marin Cilic,aces,24.5,26.0000,,2026-08-03T11:50:16Z,2026-08-03T16:10:00Z,Team Total (Aces) Home,7,"{'hdp': 24.5, 'over': '26.00'}"
73352318,2026-08-03,ATP,Montreal,Bet365,Sho Shimabukuro,Marin Cilic,double_faults,7.5,7.0000,,2026-08-03T11:50:16Z,2026-08-03T16:10:00Z,Team Total (Double Faults) Home,7,"{'hdp': 7.5, 'over': '7.00'}"
73352318,2026-08-03,ATP,Montreal,Bet365,Sho Shimabukuro,Marin Cilic,double_faults,9.5,19.0000,,2026-08-03T11:50:16Z,2026-08-03T16:10:00Z,Team Total (Double Faults) Home,7,"{'hdp': 9.5, 'over': '19.00'}"
73352318,2026-08-03,ATP,Montreal,Bet365,Sho Shimabukuro,Marin Cilic,double_faults,0.5,1.0100,,2026-08-03T11:50:16Z,2026-08-03T16:10:00Z,Team Total (Double Faults) Home,7,"{'hdp': 0.5, 'over': '1.01'}"
73352318,2026-08-03,ATP,Montreal,Bet365,Sho Shimabukuro,Marin Cilic,double_faults,1.5,1.0700,,2026-08-03T11:50:16Z,2026-08-03T16:10:00Z,Team Total (Double Faults) Home,7,"{'hdp': 1.5, 'over': '1.07'}"
73352318,2026-08-03,ATP,Montreal,Bet365,Sho Shimabukuro,Marin Cilic,double_faults,2.5,1.2200,,2026-08-03T11:50:16Z,2026-08-03T16:10:00Z,Team Total (Double Faults) Home,7,"{'hdp': 2.5, 'over': '1.22'}"
73352318,2026-08-03,ATP,Montreal,Bet365,Sho Shimabukuro,Marin Cilic,double_faults,4.5,2.0000,,2026-08-03T11:50:16Z,2026-08-03T16:10:00Z,Team Total (Double Faults) Home,7,"{'hdp': 4.5, 'over': '2.00'}"
73352318,2026-08-03,ATP,Montreal,Bet365,Sho Shimabukuro,Marin Cilic,double_faults,11.5,26.0000,,2026-08-03T11:50:16Z,2026-08-03T16:10:00Z,Team Total (Double Faults) Home,7,"{'hdp': 11.5, 'over': '26.00'}"
73352318,2026-08-03,ATP,Montreal,Bet365,Sho Shimabukuro,Marin Cilic,match_double_faults,9.5,2.6200,,2026-08-03T11:50:16Z,2026-08-03T16:10:00Z,Totals (Double Faults),9,"{'hdp': 9.5, 'over': '2.62'}"
73352318,2026-08-03,ATP,Montreal,Bet365,Sho Shimabukuro,Marin Cilic,match_double_faults,11.5,4.5000,,2026-08-03T11:50:16Z,2026-08-03T16:10:00Z,Totals (Double Faults),9,"{'hdp': 11.5, 'over': '4.50'}"
73352318,2026-08-03,ATP,Montreal,Bet365,Sho Shimabukuro,Marin Cilic,match_double_faults,2.5,1.0100,,2026-08-03T11:50:16Z,2026-08-03T16:10:00Z,Totals (Double Faults),9,"{'hdp': 2.5, 'over': '1.01'}"
73352318,2026-08-03,ATP,Montreal,Bet365,Sho Shimabukuro,Marin Cilic,match_double_faults,4.5,1.1000,,2026-08-03T11:50:16Z,2026-08-03T16:10:00Z,Totals (Double Faults),9,"{'hdp': 4.5, 'over': '1.10'}"
73352318,2026-08-03,ATP,Montreal,Bet365,Sho Shimabukuro,Marin Cilic,match_double_faults,7.5,1.6100,,2026-08-03T11:50:16Z,2026-08-03T16:10:00Z,Totals (Double Faults),9,"{'hdp': 7.5, 'over': '1.61'}"
73352318,2026-08-03,ATP,Montreal,Bet365,Sho Shimabukuro,Marin Cilic,match_double_faults,14.5,13.0000,,2026-08-03T11:50:16Z,2026-08-03T16:10:00Z,Totals (Double Faults),9,"{'hdp': 14.5, 'over': '13.00'}"
73352318,2026-08-03,ATP,Montreal,Bet365,Sho Shimabukuro,Marin Cilic,match_double_faults,19.5,26.0000,,2026-08-03T11:50:16Z,2026-08-03T16:10:00Z,Totals (Double Faults),9,"{'hdp': 19.5, 'over': '26.00'}"
73325176,2026-08-03,WTA,Toronto,Bet365,Katie Boulter,Kayla Cross,double_faults,2.5,1.0600,,2026-08-03T11:50:16Z,2026-08-03T16:30:00Z,Team Total (Double Faults) Home,9,"{'hdp': 2.5, 'over': '1.06'}"
73325176,2026-08-03,WTA,Toronto,Bet365,Katie Boulter,Kayla Cross,double_faults,14.5,11.0000,,2026-08-03T11:50:16Z,2026-08-03T16:30:00Z,Team Total (Double Faults) Home,9,"{'hdp': 14.5, 'over': '11.00'}"
73325176,2026-08-03,WTA,Toronto,Bet365,Katie Boulter,Kayla Cross,double_faults,1.5,1.0200,,2026-08-03T11:50:16Z,2026-08-03T16:30:00Z,Team Total (Double Faults) Home,9,"{'hdp': 1.5, 'over': '1.02'}"
73325176,2026-08-03,WTA,Toronto,Bet365,Katie Boulter,Kayla Cross,double_faults,4.5,1.2800,,2026-08-03T11:50:16Z,2026-08-03T16:30:00Z,Team Total (Double Faults) Home,9,"{'hdp': 4.5, 'over': '1.28'}"
73325176,2026-08-03,WTA,Toronto,Bet365,Katie Boulter,Kayla Cross,double_faults,7.5,2.0000,,2026-08-03T11:50:16Z,2026-08-03T16:30:00Z,Team Total (Double Faults) Home,9,"{'hdp': 7.5, 'over': '2.00'}"
73325176,2026-08-03,WTA,Toronto,Bet365,Katie Boulter,Kayla Cross,double_faults,9.5,3.2500,,2026-08-03T11:50:16Z,2026-08-03T16:30:00Z,Team Total (Double Faults) Home,9,"{'hdp': 9.5, 'over': '3.25'}"
73325176,2026-08-03,WTA,Toronto,Bet365,Katie Boulter,Kayla Cross,double_faults,11.5,5.0000,,2026-08-03T11:50:16Z,2026-08-03T16:30:00Z,Team Total (Double Faults) Home,9,"{'hdp': 11.5, 'over': '5.00'}"
73325176,2026-08-03,WTA,Toronto,Bet365,Katie Boulter,Kayla Cross,double_faults,19.5,26.0000,,2026-08-03T11:50:16Z,2026-08-03T16:30:00Z,Team Total (Double Faults) Home,9,"{'hdp': 19.5, 'over': '26.00'}"
73325176,2026-08-03,WTA,Toronto,Bet365,Kayla Cross,Katie Boulter,aces,0.5,1.0200,,2026-08-03T11:50:16Z,2026-08-03T16:30:00Z,Team Total (Aces) Away,5,"{'hdp': 0.5, 'over': '1.02'}"
73325176,2026-08-03,WTA,Toronto,Bet365,Kayla Cross,Katie Boulter,aces,2.5,1.3000,,2026-08-03T11:50:16Z,2026-08-03T16:30:00Z,Team Total (Aces) Away,5,"{'hdp': 2.5, 'over': '1.30'}"
73325176,2026-08-03,WTA,Toronto,Bet365,Kayla Cross,Katie Boulter,aces,4.5,2.0000,,2026-08-03T11:50:16Z,2026-08-03T16:30:00Z,Team Total (Aces) Away,5,"{'hdp': 4.5, 'over': '2.00'}"
73325176,2026-08-03,WTA,Toronto,Bet365,Kayla Cross,Katie Boulter,aces,9.5,10.0000,,2026-08-03T11:50:16Z,2026-08-03T16:30:00Z,Team Total (Aces) Away,5,"{'hdp': 9.5, 'over': '10.00'}"
73325176,2026-08-03,WTA,Toronto,Bet365,Kayla Cross,Katie Boulter,aces,14.5,26.0000,,2026-08-03T11:50:16Z,2026-08-03T16:30:00Z,Team Total (Aces) Away,5,"{'hdp': 14.5, 'over': '26.00'}"
73325176,2026-08-03,WTA,Toronto,Bet365,Katie Boulter,Kayla Cross,aces,2.5,1.5700,,2026-08-03T11:50:16Z,2026-08-03T16:30:00Z,Team Total (Aces) Home,4,"{'hdp': 2.5, 'over': '1.57'}"
73325176,2026-08-03,WTA,Toronto,Bet365,Katie Boulter,Kayla Cross,aces,9.5,26.0000,,2026-08-03T11:50:16Z,2026-08-03T16:30:00Z,Team Total (Aces) Home,4,"{'hdp': 9.5, 'over': '26.00'}"
73325176,2026-08-03,WTA,Toronto,Bet365,Katie Boulter,Kayla Cross,aces,0.5,1.0500,,2026-08-03T11:50:16Z,2026-08-03T16:30:00Z,Team Total (Aces) Home,4,"{'hdp': 0.5, 'over': '1.05'}"
73325176,2026-08-03,WTA,Toronto,Bet365,Katie Boulter,Kayla Cross,aces,4.5,3.4000,,2026-08-03T11:50:16Z,2026-08-03T16:30:00Z,Team Total (Aces) Home,4,"{'hdp': 4.5, 'over': '3.40'}"
73325176,2026-08-03,WTA,Toronto,Bet365,Kayla Cross,Katie Boulter,double_faults,1.5,1.0100,,2026-08-03T11:50:16Z,2026-08-03T16:30:00Z,Team Total (Double Faults) Away,8,"{'hdp': 1.5, 'over': '1.01'}"
73325176,2026-08-03,WTA,Toronto,Bet365,Kayla Cross,Katie Boulter,double_faults,2.5,1.0400,,2026-08-03T11:50:16Z,2026-08-03T16:30:00Z,Team Total (Double Faults) Away,8,"{'hdp': 2.5, 'over': '1.04'}"
73325176,2026-08-03,WTA,Toronto,Bet365,Kayla Cross,Katie Boulter,double_faults,4.5,1.2500,,2026-08-03T11:50:16Z,2026-08-03T16:30:00Z,Team Total (Double Faults) Away,8,"{'hdp': 4.5, 'over': '1.25'}"
73325176,2026-08-03,WTA,Toronto,Bet365,Kayla Cross,Katie Boulter,double_faults,7.5,2.2500,,2026-08-03T11:50:16Z,2026-08-03T16:30:00Z,Team Total (Double Faults) Away,8,"{'hdp': 7.5, 'over': '2.25'}"
73325176,2026-08-03,WTA,Toronto,Bet365,Kayla Cross,Katie Boulter,double_faults,9.5,4.0000,,2026-08-03T11:50:16Z,2026-08-03T16:30:00Z,Team Total (Double Faults) Away,8,"{'hdp': 9.5, 'over': '4.00'}"
73325176,2026-08-03,WTA,Toronto,Bet365,Kayla Cross,Katie Boulter,double_faults,11.5,9.0000,,2026-08-03T11:50:16Z,2026-08-03T16:30:00Z,Team Total (Double Faults) Away,8,"{'hdp': 11.5, 'over': '9.00'}"
73325176,2026-08-03,WTA,Toronto,Bet365,Kayla Cross,Katie Boulter,double_faults,14.5,26.0000,,2026-08-03T11:50:16Z,2026-08-03T16:30:00Z,Team Total (Double Faults) Away,8,"{'hdp': 14.5, 'over': '26.00'}"
73325176,2026-08-03,WTA,Toronto,Bet365,Katie Boulter,Kayla Cross,match_aces,2.5,1.0500,,2026-08-03T11:50:16Z,2026-08-03T16:30:00Z,Totals (Aces),6,"{'hdp': 2.5, 'over': '1.05'}"
73325176,2026-08-03,WTA,Toronto,Bet365,Katie Boulter,Kayla Cross,match_aces,4.5,1.2200,,2026-08-03T11:50:16Z,2026-08-03T16:30:00Z,Totals (Aces),6,"{'hdp': 4.5, 'over': '1.22'}"
73325176,2026-08-03,WTA,Toronto,Bet365,Katie Boulter,Kayla Cross,match_aces,19.5,26.0000,,2026-08-03T11:50:16Z,2026-08-03T16:30:00Z,Totals (Aces),6,"{'hdp': 19.5, 'over': '26.00'}"
73325176,2026-08-03,WTA,Toronto,Bet365,Katie Boulter,Kayla Cross,match_aces,9.5,2.7500,,2026-08-03T11:50:16Z,2026-08-03T16:30:00Z,Totals (Aces),6,"{'hdp': 9.5, 'over': '2.75'}"
73325176,2026-08-03,WTA,Toronto,Bet365,Katie Boulter,Kayla Cross,match_aces,14.5,10.0000,,2026-08-03T11:50:16Z,2026-08-03T16:30:00Z,Totals (Aces),6,"{'hdp': 14.5, 'over': '10.00'}"
73325176,2026-08-03,WTA,Toronto,Bet365,Katie Boulter,Kayla Cross,match_double_faults,7.5,1.0600,,2026-08-03T11:50:16Z,2026-08-03T16:30:00Z,Totals (Double Faults),8,"{'hdp': 7.5, 'over': '1.06'}"
73325176,2026-08-03,WTA,Toronto,Bet365,Katie Boulter,Kayla Cross,match_double_faults,14.5,1.9000,,2026-08-03T11:50:16Z,2026-08-03T16:30:00Z,Totals (Double Faults),8,"{'hdp': 14.5, 'over': '1.90'}"
73325176,2026-08-03,WTA,Toronto,Bet365,Katie Boulter,Kayla Cross,match_double_faults,24.5,13.0000,,2026-08-03T11:50:16Z,2026-08-03T16:30:00Z,Totals (Double Faults),8,"{'hdp': 24.5, 'over': '13.00'}"
73325176,2026-08-03,WTA,Toronto,Bet365,Katie Boulter,Kayla Cross,match_double_faults,9.5,1.1800,,2026-08-03T11:50:16Z,2026-08-03T16:30:00Z,Totals (Double Faults),8,"{'hdp': 9.5, 'over': '1.18'}"
73325176,2026-08-03,WTA,Toronto,Bet365,Katie Boulter,Kayla Cross,match_double_faults,11.5,1.4000,,2026-08-03T11:50:16Z,2026-08-03T16:30:00Z,Totals (Double Faults),8,"{'hdp': 11.5, 'over': '1.40'}"
73325176,2026-08-03,WTA,Toronto,Bet365,Katie Boulter,Kayla Cross,match_double_faults,19.5,4.5000,,2026-08-03T11:50:16Z,2026-08-03T16:30:00Z,Totals (Double Faults),8,"{'hdp': 19.5, 'over': '4.50'}"
73325210,2026-08-03,WTA,Toronto,Bet365,Yulia Putintseva,Shuai Zhang,aces,0.5,1.0200,,2026-08-03T11:50:16Z,2026-08-03T17:40:00Z,Team Total (Aces) Home,5,"{'hdp': 0.5, 'over': '1.02'}"
73325210,2026-08-03,WTA,Toronto,Bet365,Yulia Putintseva,Shuai Zhang,aces,2.5,1.3000,,2026-08-03T11:50:16Z,2026-08-03T17:40:00Z,Team Total (Aces) Home,5,"{'hdp': 2.5, 'over': '1.30'}"
73325210,2026-08-03,WTA,Toronto,Bet365,Yulia Putintseva,Shuai Zhang,aces,4.5,2.2000,,2026-08-03T11:50:16Z,2026-08-03T17:40:00Z,Team Total (Aces) Home,5,"{'hdp': 4.5, 'over': '2.20'}"
73325210,2026-08-03,WTA,Toronto,Bet365,Yulia Putintseva,Shuai Zhang,aces,9.5,15.0000,,2026-08-03T11:50:16Z,2026-08-03T17:40:00Z,Team Total (Aces) Home,5,"{'hdp': 9.5, 'over': '15.00'}"
73325210,2026-08-03,WTA,Toronto,Bet365,Yulia Putintseva,Shuai Zhang,aces,14.5,26.0000,,2026-08-03T11:50:16Z,2026-08-03T17:40:00Z,Team Total (Aces) Home,5,"{'hdp': 14.5, 'over': '26.00'}"
73325210,2026-08-03,WTA,Toronto,Bet365,Yulia Putintseva,Shuai Zhang,match_aces,2.5,1.0600,,2026-08-03T11:50:16Z,2026-08-03T17:40:00Z,Totals (Aces),6,"{'hdp': 2.5, 'over': '1.06'}"
73325210,2026-08-03,WTA,Toronto,Bet365,Yulia Putintseva,Shuai Zhang,match_aces,4.5,1.2800,,2026-08-03T11:50:16Z,2026-08-03T17:40:00Z,Totals (Aces),6,"{'hdp': 4.5, 'over': '1.28'}"
73325210,2026-08-03,WTA,Toronto,Bet365,Yulia Putintseva,Shuai Zhang,match_aces,9.5,3.4000,,2026-08-03T11:50:16Z,2026-08-03T17:40:00Z,Totals (Aces),6,"{'hdp': 9.5, 'over': '3.40'}"
73325210,2026-08-03,WTA,Toronto,Bet365,Yulia Putintseva,Shuai Zhang,match_aces,14.5,13.0000,,2026-08-03T11:50:16Z,2026-08-03T17:40:00Z,Totals (Aces),6,"{'hdp': 14.5, 'over': '13.00'}"
73325210,2026-08-03,WTA,Toronto,Bet365,Yulia Putintseva,Shuai Zhang,match_aces,19.5,26.0000,,2026-08-03T11:50:16Z,2026-08-03T17:40:00Z,Totals (Aces),6,"{'hdp': 19.5, 'over': '26.00'}"
73325210,2026-08-03,WTA,Toronto,Bet365,Shuai Zhang,Yulia Putintseva,aces,2.5,1.8000,,2026-08-03T11:50:16Z,2026-08-03T17:40:00Z,Team Total (Aces) Away,4,"{'hdp': 2.5, 'over': '1.80'}"
73325210,2026-08-03,WTA,Toronto,Bet365,Shuai Zhang,Yulia Putintseva,aces,4.5,4.0000,,2026-08-03T11:50:16Z,2026-08-03T17:40:00Z,Team Total (Aces) Away,4,"{'hdp': 4.5, 'over': '4.00'}"
73325210,2026-08-03,WTA,Toronto,Bet365,Shuai Zhang,Yulia Putintseva,aces,9.5,26.0000,,2026-08-03T11:50:16Z,2026-08-03T17:40:00Z,Team Total (Aces) Away,4,"{'hdp': 9.5, 'over': '26.00'}"
73325210,2026-08-03,WTA,Toronto,Bet365,Shuai Zhang,Yulia Putintseva,aces,0.5,1.0800,,2026-08-03T11:50:16Z,2026-08-03T17:40:00Z,Team Total (Aces) Away,4,"{'hdp': 0.5, 'over': '1.08'}"
73352328,2026-08-03,ATP,Montreal,Bet365,Jenson Brooksby,Adam Walton,double_faults,0.5,1.1400,,2026-08-03T11:50:16Z,2026-08-03T18:30:00Z,Team Total (Double Faults) Away,5,"{'hdp': 0.5, 'over': '1.14'}"
73352328,2026-08-03,ATP,Montreal,Bet365,Jenson Brooksby,Adam Walton,double_faults,1.5,1.6100,,2026-08-03T11:50:16Z,2026-08-03T18:30:00Z,Team Total (Double Faults) Away,5,"{'hdp': 1.5, 'over': '1.61'}"
73352328,2026-08-03,ATP,Montreal,Bet365,Jenson Brooksby,Adam Walton,double_faults,2.5,2.7500,,2026-08-03T11:50:16Z,2026-08-03T18:30:00Z,Team Total (Double Faults) Away,5,"{'hdp': 2.5, 'over': '2.75'}"
73352328,2026-08-03,ATP,Montreal,Bet365,Jenson Brooksby,Adam Walton,double_faults,4.5,11.0000,,2026-08-03T11:50:16Z,2026-08-03T18:30:00Z,Team Total (Double Faults) Away,5,"{'hdp': 4.5, 'over': '11.00'}"
73352328,2026-08-03,ATP,Montreal,Bet365,Jenson Brooksby,Adam Walton,double_faults,7.5,26.0000,,2026-08-03T11:50:16Z,2026-08-03T18:30:00Z,Team Total (Double Faults) Away,5,"{'hdp': 7.5, 'over': '26.00'}"
73352328,2026-08-03,ATP,Montreal,Bet365,Adam Walton,Jenson Brooksby,match_double_faults,9.5,23.0000,,2026-08-03T11:50:16Z,2026-08-03T18:30:00Z,Totals (Double Faults),7,"{'hdp': 9.5, 'over': '23.00'}"
73352328,2026-08-03,ATP,Montreal,Bet365,Adam Walton,Jenson Brooksby,match_double_faults,11.5,26.0000,,2026-08-03T11:50:16Z,2026-08-03T18:30:00Z,Totals (Double Faults),7,"{'hdp': 11.5, 'over': '26.00'}"
73352328,2026-08-03,ATP,Montreal,Bet365,Adam Walton,Jenson Brooksby,match_double_faults,0.5,1.0100,,2026-08-03T11:50:16Z,2026-08-03T18:30:00Z,Totals (Double Faults),7,"{'hdp': 0.5, 'over': '1.01'}"
73352328,2026-08-03,ATP,Montreal,Bet365,Adam Walton,Jenson Brooksby,match_double_faults,1.5,1.0700,,2026-08-03T11:50:16Z,2026-08-03T18:30:00Z,Totals (Double Faults),7,"{'hdp': 1.5, 'over': '1.07'}"
73352328,2026-08-03,ATP,Montreal,Bet365,Adam Walton,Jenson Brooksby,match_double_faults,2.5,1.2500,,2026-08-03T11:50:16Z,2026-08-03T18:30:00Z,Totals (Double Faults),7,"{'hdp': 2.5, 'over': '1.25'}"
73352328,2026-08-03,ATP,Montreal,Bet365,Adam Walton,Jenson Brooksby,match_double_faults,4.5,2.2000,,2026-08-03T11:50:16Z,2026-08-03T18:30:00Z,Totals (Double Faults),7,"{'hdp': 4.5, 'over': '2.20'}"
73352328,2026-08-03,ATP,Montreal,Bet365,Adam Walton,Jenson Brooksby,match_double_faults,7.5,9.0000,,2026-08-03T11:50:16Z,2026-08-03T18:30:00Z,Totals (Double Faults),7,"{'hdp': 7.5, 'over': '9.00'}"
73352328,2026-08-03,ATP,Montreal,Bet365,Jenson Brooksby,Adam Walton,aces,0.5,1.0100,,2026-08-03T11:50:16Z,2026-08-03T18:30:00Z,Team Total (Aces) Away,5,"{'hdp': 0.5, 'over': '1.01'}"
73352328,2026-08-03,ATP,Montreal,Bet365,Jenson Brooksby,Adam Walton,aces,2.5,1.2000,,2026-08-03T11:50:16Z,2026-08-03T18:30:00Z,Team Total (Aces) Away,5,"{'hdp': 2.5, 'over': '1.20'}"
73352328,2026-08-03,ATP,Montreal,Bet365,Jenson Brooksby,Adam Walton,aces,4.5,1.7200,,2026-08-03T11:50:16Z,2026-08-03T18:30:00Z,Team Total (Aces) Away,5,"{'hdp': 4.5, 'over': '1.72'}"
73352328,2026-08-03,ATP,Montreal,Bet365,Jenson Brooksby,Adam Walton,aces,9.5,8.0000,,2026-08-03T11:50:16Z,2026-08-03T18:30:00Z,Team Total (Aces) Away,5,"{'hdp': 9.5, 'over': '8.00'}"
73352328,2026-08-03,ATP,Montreal,Bet365,Jenson Brooksby,Adam Walton,aces,14.5,26.0000,,2026-08-03T11:50:16Z,2026-08-03T18:30:00Z,Team Total (Aces) Away,5,"{'hdp': 14.5, 'over': '26.00'}"
73352328,2026-08-03,ATP,Montreal,Bet365,Adam Walton,Jenson Brooksby,aces,2.5,1.1400,,2026-08-03T11:50:16Z,2026-08-03T18:30:00Z,Team Total (Aces) Home,6,"{'hdp': 2.5, 'over': '1.14'}"
73352328,2026-08-03,ATP,Montreal,Bet365,Adam Walton,Jenson Brooksby,aces,4.5,1.5000,,2026-08-03T11:50:16Z,2026-08-03T18:30:00Z,Team Total (Aces) Home,6,"{'hdp': 4.5, 'over': '1.50'}"
73352328,2026-08-03,ATP,Montreal,Bet365,Adam Walton,Jenson Brooksby,aces,9.5,5.0000,,2026-08-03T11:50:16Z,2026-08-03T18:30:00Z,Team Total (Aces) Home,6,"{'hdp': 9.5, 'over': '5.00'}"
73352328,2026-08-03,ATP,Montreal,Bet365,Adam Walton,Jenson Brooksby,aces,14.5,21.0000,,2026-08-03T11:50:16Z,2026-08-03T18:30:00Z,Team Total (Aces) Home,6,"{'hdp': 14.5, 'over': '21.00'}"
73352328,2026-08-03,ATP,Montreal,Bet365,Adam Walton,Jenson Brooksby,aces,19.5,26.0000,,2026-08-03T11:50:16Z,2026-08-03T18:30:00Z,Team Total (Aces) Home,6,"{'hdp': 19.5, 'over': '26.00'}"
73352328,2026-08-03,ATP,Montreal,Bet365,Adam Walton,Jenson Brooksby,double_faults,0.5,1.1100,,2026-08-03T11:50:16Z,2026-08-03T18:30:00Z,Team Total (Double Faults) Home,5,"{'hdp': 0.5, 'over': '1.11'}"
73352328,2026-08-03,ATP,Montreal,Bet365,Adam Walton,Jenson Brooksby,double_faults,1.5,1.5000,,2026-08-03T11:50:16Z,2026-08-03T18:30:00Z,Team Total (Double Faults) Home,5,"{'hdp': 1.5, 'over': '1.50'}"
73352328,2026-08-03,ATP,Montreal,Bet365,Adam Walton,Jenson Brooksby,double_faults,2.5,2.3700,,2026-08-03T11:50:16Z,2026-08-03T18:30:00Z,Team Total (Double Faults) Home,5,"{'hdp': 2.5, 'over': '2.37'}"
73352328,2026-08-03,ATP,Montreal,Bet365,Adam Walton,Jenson Brooksby,double_faults,4.5,9.0000,,2026-08-03T11:50:16Z,2026-08-03T18:30:00Z,Team Total (Double Faults) Home,5,"{'hdp': 4.5, 'over': '9.00'}"
73352328,2026-08-03,ATP,Montreal,Bet365,Adam Walton,Jenson Brooksby,double_faults,7.5,26.0000,,2026-08-03T11:50:16Z,2026-08-03T18:30:00Z,Team Total (Double Faults) Home,5,"{'hdp': 7.5, 'over': '26.00'}"
73352328,2026-08-03,ATP,Montreal,Bet365,Adam Walton,Jenson Brooksby,match_aces,2.5,1.0100,,2026-08-03T11:50:16Z,2026-08-03T18:30:00Z,Totals (Aces),8,"{'hdp': 2.5, 'over': '1.01'}"
73352328,2026-08-03,ATP,Montreal,Bet365,Adam Walton,Jenson Brooksby,match_aces,4.5,1.0600,,2026-08-03T11:50:16Z,2026-08-03T18:30:00Z,Totals (Aces),8,"{'hdp': 4.5, 'over': '1.06'}"
73352328,2026-08-03,ATP,Montreal,Bet365,Adam Walton,Jenson Brooksby,match_aces,9.5,1.6100,,2026-08-03T11:50:16Z,2026-08-03T18:30:00Z,Totals (Aces),8,"{'hdp': 9.5, 'over': '1.61'}"
73352328,2026-08-03,ATP,Montreal,Bet365,Adam Walton,Jenson Brooksby,match_aces,19.5,9.0000,,2026-08-03T11:50:16Z,2026-08-03T18:30:00Z,Totals (Aces),8,"{'hdp': 19.5, 'over': '9.00'}"
73352328,2026-08-03,ATP,Montreal,Bet365,Adam Walton,Jenson Brooksby,match_aces,24.5,23.0000,,2026-08-03T11:50:16Z,2026-08-03T18:30:00Z,Totals (Aces),8,"{'hdp': 24.5, 'over': '23.00'}"
73352328,2026-08-03,ATP,Montreal,Bet365,Adam Walton,Jenson Brooksby,match_aces,29.5,26.0000,,2026-08-03T11:50:16Z,2026-08-03T18:30:00Z,Totals (Aces),8,"{'hdp': 29.5, 'over': '26.00'}"
73352328,2026-08-03,ATP,Montreal,Bet365,Adam Walton,Jenson Brooksby,match_aces,14.5,3.5000,,2026-08-03T11:50:16Z,2026-08-03T18:30:00Z,Totals (Aces),8,"{'hdp': 14.5, 'over': '3.50'}"
73352332,2026-08-03,ATP,Montreal,Bet365,Jacob Fearnley,Adrian Mannarino,aces,2.5,1.0800,,2026-08-03T11:50:16Z,2026-08-03T17:20:00Z,Team Total (Aces) Home,6,"{'hdp': 2.5, 'over': '1.08'}"
73352332,2026-08-03,ATP,Montreal,Bet365,Jacob Fearnley,Adrian Mannarino,aces,4.5,1.3300,,2026-08-03T11:50:16Z,2026-08-03T17:20:00Z,Team Total (Aces) Home,6,"{'hdp': 4.5, 'over': '1.33'}"
73352332,2026-08-03,ATP,Montreal,Bet365,Jacob Fearnley,Adrian Mannarino,aces,9.5,3.5000,,2026-08-03T11:50:16Z,2026-08-03T17:20:00Z,Team Total (Aces) Home,6,"{'hdp': 9.5, 'over': '3.50'}"
73352332,2026-08-03,ATP,Montreal,Bet365,Jacob Fearnley,Adrian Mannarino,aces,14.5,13.0000,,2026-08-03T11:50:16Z,2026-08-03T17:20:00Z,Team Total (Aces) Home,6,"{'hdp': 14.5, 'over': '13.00'}"
73352332,2026-08-03,ATP,Montreal,Bet365,Jacob Fearnley,Adrian Mannarino,aces,19.5,26.0000,,2026-08-03T11:50:16Z,2026-08-03T17:20:00Z,Team Total (Aces) Home,6,"{'hdp': 19.5, 'over': '26.00'}"
73352332,2026-08-03,ATP,Montreal,Bet365,Jacob Fearnley,Adrian Mannarino,match_double_faults,4.5,1.0500,,2026-08-03T11:50:16Z,2026-08-03T17:20:00Z,Totals (Double Faults),9,"{'hdp': 4.5, 'over': '1.05'}"
73352332,2026-08-03,ATP,Montreal,Bet365,Jacob Fearnley,Adrian Mannarino,match_double_faults,7.5,1.3300,,2026-08-03T11:50:16Z,2026-08-03T17:20:00Z,Totals (Double Faults),9,"{'hdp': 7.5, 'over': '1.33'}"
73352332,2026-08-03,ATP,Montreal,Bet365,Jacob Fearnley,Adrian Mannarino,match_double_faults,9.5,1.7200,,2026-08-03T11:50:16Z,2026-08-03T17:20:00Z,Totals (Double Faults),9,"{'hdp': 9.5, 'over': '1.72'}"
73352332,2026-08-03,ATP,Montreal,Bet365,Jacob Fearnley,Adrian Mannarino,match_double_faults,11.5,2.6200,,2026-08-03T11:50:16Z,2026-08-03T17:20:00Z,Totals (Double Faults),9,"{'hdp': 11.5, 'over': '2.62'}"
73352332,2026-08-03,ATP,Montreal,Bet365,Jacob Fearnley,Adrian Mannarino,match_double_faults,14.5,5.5000,,2026-08-03T11:50:16Z,2026-08-03T17:20:00Z,Totals (Double Faults),9,"{'hdp': 14.5, 'over': '5.50'}"
73352332,2026-08-03,ATP,Montreal,Bet365,Jacob Fearnley,Adrian Mannarino,match_double_faults,19.5,21.0000,,2026-08-03T11:50:16Z,2026-08-03T17:20:00Z,Totals (Double Faults),9,"{'hdp': 19.5, 'over': '21.00'}"
73352332,2026-08-03,ATP,Montreal,Bet365,Jacob Fearnley,Adrian Mannarino,match_double_faults,24.5,26.0000,,2026-08-03T11:50:16Z,2026-08-03T17:20:00Z,Totals (Double Faults),9,"{'hdp': 24.5, 'over': '26.00'}"
73352332,2026-08-03,ATP,Montreal,Bet365,Adrian Mannarino,Jacob Fearnley,aces,0.5,1.0100,,2026-08-03T11:50:16Z,2026-08-03T17:20:00Z,Team Total (Aces) Away,5,"{'hdp': 0.5, 'over': '1.01'}"
73352332,2026-08-03,ATP,Montreal,Bet365,Adrian Mannarino,Jacob Fearnley,aces,2.5,1.2200,,2026-08-03T11:50:16Z,2026-08-03T17:20:00Z,Team Total (Aces) Away,5,"{'hdp': 2.5, 'over': '1.22'}"
73352332,2026-08-03,ATP,Montreal,Bet365,Adrian Mannarino,Jacob Fearnley,aces,4.5,1.8000,,2026-08-03T11:50:16Z,2026-08-03T17:20:00Z,Team Total (Aces) Away,5,"{'hdp': 4.5, 'over': '1.80'}"
73352332,2026-08-03,ATP,Montreal,Bet365,Adrian Mannarino,Jacob Fearnley,aces,9.5,8.0000,,2026-08-03T11:50:16Z,2026-08-03T17:20:00Z,Team Total (Aces) Away,5,"{'hdp': 9.5, 'over': '8.00'}"
73352332,2026-08-03,ATP,Montreal,Bet365,Adrian Mannarino,Jacob Fearnley,aces,14.5,26.0000,,2026-08-03T11:50:16Z,2026-08-03T17:20:00Z,Team Total (Aces) Away,5,"{'hdp': 14.5, 'over': '26.00'}"
73352332,2026-08-03,ATP,Montreal,Bet365,Adrian Mannarino,Jacob Fearnley,double_faults,0.5,1.0400,,2026-08-03T11:50:16Z,2026-08-03T17:20:00Z,Team Total (Double Faults) Away,6,"{'hdp': 0.5, 'over': '1.04'}"
73352332,2026-08-03,ATP,Montreal,Bet365,Adrian Mannarino,Jacob Fearnley,double_faults,1.5,1.2000,,2026-08-03T11:50:16Z,2026-08-03T17:20:00Z,Team Total (Double Faults) Away,6,"{'hdp': 1.5, 'over': '1.20'}"
73352332,2026-08-03,ATP,Montreal,Bet365,Adrian Mannarino,Jacob Fearnley,double_faults,2.5,1.5700,,2026-08-03T11:50:16Z,2026-08-03T17:20:00Z,Team Total (Double Faults) Away,6,"{'hdp': 2.5, 'over': '1.57'}"
73352332,2026-08-03,ATP,Montreal,Bet365,Adrian Mannarino,Jacob Fearnley,double_faults,4.5,3.7500,,2026-08-03T11:50:16Z,2026-08-03T17:20:00Z,Team Total (Double Faults) Away,6,"{'hdp': 4.5, 'over': '3.75'}"
73352332,2026-08-03,ATP,Montreal,Bet365,Adrian Mannarino,Jacob Fearnley,double_faults,7.5,21.0000,,2026-08-03T11:50:16Z,2026-08-03T17:20:00Z,Team Total (Double Faults) Away,6,"{'hdp': 7.5, 'over': '21.00'}"
73352332,2026-08-03,ATP,Montreal,Bet365,Adrian Mannarino,Jacob Fearnley,double_faults,9.5,26.0000,,2026-08-03T11:50:16Z,2026-08-03T17:20:00Z,Team Total (Double Faults) Away,6,"{'hdp': 9.5, 'over': '26.00'}"
73352332,2026-08-03,ATP,Montreal,Bet365,Jacob Fearnley,Adrian Mannarino,double_faults,1.5,1.0100,,2026-08-03T11:50:16Z,2026-08-03T17:20:00Z,Team Total (Double Faults) Home,9,"{'hdp': 1.5, 'over': '1.01'}"
73352332,2026-08-03,ATP,Montreal,Bet365,Jacob Fearnley,Adrian Mannarino,double_faults,2.5,1.0600,,2026-08-03T11:50:16Z,2026-08-03T17:20:00Z,Team Total (Double Faults) Home,9,"{'hdp': 2.5, 'over': '1.06'}"
73352332,2026-08-03,ATP,Montreal,Bet365,Jacob Fearnley,Adrian Mannarino,double_faults,4.5,1.3000,,2026-08-03T11:50:16Z,2026-08-03T17:20:00Z,Team Total (Double Faults) Home,9,"{'hdp': 4.5, 'over': '1.30'}"
73352332,2026-08-03,ATP,Montreal,Bet365,Jacob Fearnley,Adrian Mannarino,double_faults,7.5,2.2500,,2026-08-03T11:50:16Z,2026-08-03T17:20:00Z,Team Total (Double Faults) Home,9,"{'hdp': 7.5, 'over': '2.25'}"
73352332,2026-08-03,ATP,Montreal,Bet365,Jacob Fearnley,Adrian Mannarino,double_faults,9.5,3.7500,,2026-08-03T11:50:16Z,2026-08-03T17:20:00Z,Team Total (Double Faults) Home,9,"{'hdp': 9.5, 'over': '3.75'}"
73352332,2026-08-03,ATP,Montreal,Bet365,Jacob Fearnley,Adrian Mannarino,double_faults,11.5,7.0000,,2026-08-03T11:50:16Z,2026-08-03T17:20:00Z,Team Total (Double Faults) Home,9,"{'hdp': 11.5, 'over': '7.00'}"
73352332,2026-08-03,ATP,Montreal,Bet365,Jacob Fearnley,Adrian Mannarino,double_faults,14.5,19.0000,,2026-08-03T11:50:16Z,2026-08-03T17:20:00Z,Team Total (Double Faults) Home,9,"{'hdp': 14.5, 'over': '19.00'}"
73352332,2026-08-03,ATP,Montreal,Bet365,Jacob Fearnley,Adrian Mannarino,double_faults,19.5,26.0000,,2026-08-03T11:50:16Z,2026-08-03T17:20:00Z,Team Total (Double Faults) Home,9,"{'hdp': 19.5, 'over': '26.00'}"
73352332,2026-08-03,ATP,Montreal,Bet365,Jacob Fearnley,Adrian Mannarino,match_aces,4.5,1.0500,,2026-08-03T11:50:16Z,2026-08-03T17:20:00Z,Totals (Aces),8,"{'hdp': 4.5, 'over': '1.05'}"
73352332,2026-08-03,ATP,Montreal,Bet365,Jacob Fearnley,Adrian Mannarino,match_aces,9.5,1.5000,,2026-08-03T11:50:16Z,2026-08-03T17:20:00Z,Totals (Aces),8,"{'hdp': 9.5, 'over': '1.50'}"
73352332,2026-08-03,ATP,Montreal,Bet365,Jacob Fearnley,Adrian Mannarino,match_aces,14.5,2.7500,,2026-08-03T11:50:16Z,2026-08-03T17:20:00Z,Totals (Aces),8,"{'hdp': 14.5, 'over': '2.75'}"
73352332,2026-08-03,ATP,Montreal,Bet365,Jacob Fearnley,Adrian Mannarino,match_aces,19.5,6.5000,,2026-08-03T11:50:16Z,2026-08-03T17:20:00Z,Totals (Aces),8,"{'hdp': 19.5, 'over': '6.50'}"
73352332,2026-08-03,ATP,Montreal,Bet365,Jacob Fearnley,Adrian Mannarino,match_aces,24.5,17.0000,,2026-08-03T11:50:16Z,2026-08-03T17:20:00Z,Totals (Aces),8,"{'hdp': 24.5, 'over': '17.00'}"
73352332,2026-08-03,ATP,Montreal,Bet365,Jacob Fearnley,Adrian Mannarino,match_aces,29.5,26.0000,,2026-08-03T11:50:16Z,2026-08-03T17:20:00Z,Totals (Aces),8,"{'hdp': 29.5, 'over': '26.00'}"
73325036,2026-08-03,ATP,Montreal,Bet365,Alex Michelsen,Jan-Lennard Struff,aces,2.5,1.0500,,2026-08-03T11:50:16Z,2026-08-03T17:20:00Z,Team Total (Aces) Home,6,"{'hdp': 2.5, 'over': '1.05'}"
73325036,2026-08-03,ATP,Montreal,Bet365,Alex Michelsen,Jan-Lennard Struff,aces,4.5,1.2200,,2026-08-03T11:50:16Z,2026-08-03T17:20:00Z,Team Total (Aces) Home,6,"{'hdp': 4.5, 'over': '1.22'}"
73325036,2026-08-03,ATP,Montreal,Bet365,Alex Michelsen,Jan-Lennard Struff,aces,9.5,2.6200,,2026-08-03T11:50:16Z,2026-08-03T17:20:00Z,Team Total (Aces) Home,6,"{'hdp': 9.5, 'over': '2.62'}"
73325036,2026-08-03,ATP,Montreal,Bet365,Alex Michelsen,Jan-Lennard Struff,aces,14.5,9.0000,,2026-08-03T11:50:16Z,2026-08-03T17:20:00Z,Team Total (Aces) Home,6,"{'hdp': 14.5, 'over': '9.00'}"
73325036,2026-08-03,ATP,Montreal,Bet365,Alex Michelsen,Jan-Lennard Struff,aces,19.5,26.0000,,2026-08-03T11:50:16Z,2026-08-03T17:20:00Z,Team Total (Aces) Home,6,"{'hdp': 19.5, 'over': '26.00'}"
73325036,2026-08-03,ATP,Montreal,Bet365,Alex Michelsen,Jan-Lennard Struff,match_aces,4.5,1.0100,,2026-08-03T11:50:16Z,2026-08-03T17:20:00Z,Totals (Aces),8,"{'hdp': 4.5, 'over': '1.01'}"
73325036,2026-08-03,ATP,Montreal,Bet365,Alex Michelsen,Jan-Lennard Struff,match_aces,9.5,1.1600,,2026-08-03T11:50:16Z,2026-08-03T17:20:00Z,Totals (Aces),8,"{'hdp': 9.5, 'over': '1.16'}"
73325036,2026-08-03,ATP,Montreal,Bet365,Alex Michelsen,Jan-Lennard Struff,match_aces,14.5,1.6100,,2026-08-03T11:50:16Z,2026-08-03T17:20:00Z,Totals (Aces),8,"{'hdp': 14.5, 'over': '1.61'}"
73325036,2026-08-03,ATP,Montreal,Bet365,Alex Michelsen,Jan-Lennard Struff,match_aces,19.5,2.6200,,2026-08-03T11:50:16Z,2026-08-03T17:20:00Z,Totals (Aces),8,"{'hdp': 19.5, 'over': '2.62'}"
73325036,2026-08-03,ATP,Montreal,Bet365,Alex Michelsen,Jan-Lennard Struff,match_aces,24.5,5.0000,,2026-08-03T11:50:16Z,2026-08-03T17:20:00Z,Totals (Aces),8,"{'hdp': 24.5, 'over': '5.00'}"
73325036,2026-08-03,ATP,Montreal,Bet365,Alex Michelsen,Jan-Lennard Struff,match_aces,29.5,10.0000,,2026-08-03T11:50:16Z,2026-08-03T17:20:00Z,Totals (Aces),8,"{'hdp': 29.5, 'over': '10.00'}"
73325036,2026-08-03,ATP,Montreal,Bet365,Alex Michelsen,Jan-Lennard Struff,match_aces,39.5,26.0000,,2026-08-03T11:50:16Z,2026-08-03T17:20:00Z,Totals (Aces),8,"{'hdp': 39.5, 'over': '26.00'}"
73325036,2026-08-03,ATP,Montreal,Bet365,Jan-Lennard Struff,Alex Michelsen,double_faults,0.5,1.0300,,2026-08-03T11:50:16Z,2026-08-03T17:20:00Z,Team Total (Double Faults) Away,6,"{'hdp': 0.5, 'over': '1.03'}"
73325036,2026-08-03,ATP,Montreal,Bet365,Jan-Lennard Struff,Alex Michelsen,double_faults,1.5,1.1600,,2026-08-03T11:50:16Z,2026-08-03T17:20:00Z,Team Total (Double Faults) Away,6,"{'hdp': 1.5, 'over': '1.16'}"
73325036,2026-08-03,ATP,Montreal,Bet365,Jan-Lennard Struff,Alex Michelsen,double_faults,2.5,1.5000,,2026-08-03T11:50:16Z,2026-08-03T17:20:00Z,Team Total (Double Faults) Away,6,"{'hdp': 2.5, 'over': '1.50'}"
73325036,2026-08-03,ATP,Montreal,Bet365,Jan-Lennard Struff,Alex Michelsen,double_faults,4.5,3.4000,,2026-08-03T11:50:16Z,2026-08-03T17:20:00Z,Team Total (Double Faults) Away,6,"{'hdp': 4.5, 'over': '3.40'}"
73325036,2026-08-03,ATP,Montreal,Bet365,Jan-Lennard Struff,Alex Michelsen,double_faults,7.5,19.0000,,2026-08-03T11:50:16Z,2026-08-03T17:20:00Z,Team Total (Double Faults) Away,6,"{'hdp': 7.5, 'over': '19.00'}"
73325036,2026-08-03,ATP,Montreal,Bet365,Jan-Lennard Struff,Alex Michelsen,double_faults,9.5,26.0000,,2026-08-03T11:50:16Z,2026-08-03T17:20:00Z,Team Total (Double Faults) Away,6,"{'hdp': 9.5, 'over': '26.00'}"
73325036,2026-08-03,ATP,Montreal,Bet365,Alex Michelsen,Jan-Lennard Struff,double_faults,0.5,1.0600,,2026-08-03T11:50:16Z,2026-08-03T17:20:00Z,Team Total (Double Faults) Home,6,"{'hdp': 0.5, 'over': '1.06'}"
73325036,2026-08-03,ATP,Montreal,Bet365,Alex Michelsen,Jan-Lennard Struff,double_faults,1.5,1.2800,,2026-08-03T11:50:16Z,2026-08-03T17:20:00Z,Team Total (Double Faults) Home,6,"{'hdp': 1.5, 'over': '1.28'}"
73325036,2026-08-03,ATP,Montreal,Bet365,Alex Michelsen,Jan-Lennard Struff,double_faults,2.5,1.7200,,2026-08-03T11:50:16Z,2026-08-03T17:20:00Z,Team Total (Double Faults) Home,6,"{'hdp': 2.5, 'over': '1.72'}"
73325036,2026-08-03,ATP,Montreal,Bet365,Alex Michelsen,Jan-Lennard Struff,double_faults,4.5,4.0000,,2026-08-03T11:50:16Z,2026-08-03T17:20:00Z,Team Total (Double Faults) Home,6,"{'hdp': 4.5, 'over': '4.00'}"
73325036,2026-08-03,ATP,Montreal,Bet365,Alex Michelsen,Jan-Lennard Struff,double_faults,7.5,19.0000,,2026-08-03T11:50:16Z,2026-08-03T17:20:00Z,Team Total (Double Faults) Home,6,"{'hdp': 7.5, 'over': '19.00'}"
73325036,2026-08-03,ATP,Montreal,Bet365,Alex Michelsen,Jan-Lennard Struff,double_faults,9.5,26.0000,,2026-08-03T11:50:16Z,2026-08-03T17:20:00Z,Team Total (Double Faults) Home,6,"{'hdp': 9.5, 'over': '26.00'}"
73325036,2026-08-03,ATP,Montreal,Bet365,Alex Michelsen,Jan-Lennard Struff,match_double_faults,1.5,1.0100,,2026-08-03T11:50:16Z,2026-08-03T17:20:00Z,Totals (Double Faults),8,"{'hdp': 1.5, 'over': '1.01'}"
73325036,2026-08-03,ATP,Montreal,Bet365,Alex Michelsen,Jan-Lennard Struff,match_double_faults,2.5,1.0500,,2026-08-03T11:50:16Z,2026-08-03T17:20:00Z,Totals (Double Faults),8,"{'hdp': 2.5, 'over': '1.05'}"
73325036,2026-08-03,ATP,Montreal,Bet365,Alex Michelsen,Jan-Lennard Struff,match_double_faults,4.5,1.3300,,2026-08-03T11:50:16Z,2026-08-03T17:20:00Z,Totals (Double Faults),8,"{'hdp': 4.5, 'over': '1.33'}"
73325036,2026-08-03,ATP,Montreal,Bet365,Alex Michelsen,Jan-Lennard Struff,match_double_faults,7.5,2.7500,,2026-08-03T11:50:16Z,2026-08-03T17:20:00Z,Totals (Double Faults),8,"{'hdp': 7.5, 'over': '2.75'}"
73325036,2026-08-03,ATP,Montreal,Bet365,Alex Michelsen,Jan-Lennard Struff,match_double_faults,9.5,5.5000,,2026-08-03T11:50:16Z,2026-08-03T17:20:00Z,Totals (Double Faults),8,"{'hdp': 9.5, 'over': '5.50'}"
73325036,2026-08-03,ATP,Montreal,Bet365,Alex Michelsen,Jan-Lennard Struff,match_double_faults,11.5,13.0000,,2026-08-03T11:50:16Z,2026-08-03T17:20:00Z,Totals (Double Faults),8,"{'hdp': 11.5, 'over': '13.00'}"
73325036,2026-08-03,ATP,Montreal,Bet365,Alex Michelsen,Jan-Lennard Struff,match_double_faults,14.5,26.0000,,2026-08-03T11:50:16Z,2026-08-03T17:20:00Z,Totals (Double Faults),8,"{'hdp': 14.5, 'over': '26.00'}"
73325036,2026-08-03,ATP,Montreal,Bet365,Jan-Lennard Struff,Alex Michelsen,aces,2.5,1.0600,,2026-08-03T11:50:16Z,2026-08-03T17:20:00Z,Team Total (Aces) Away,7,"{'hdp': 2.5, 'over': '1.06'}"
73325036,2026-08-03,ATP,Montreal,Bet365,Jan-Lennard Struff,Alex Michelsen,aces,4.5,1.2200,,2026-08-03T11:50:16Z,2026-08-03T17:20:00Z,Team Total (Aces) Away,7,"{'hdp': 4.5, 'over': '1.22'}"
73325036,2026-08-03,ATP,Montreal,Bet365,Jan-Lennard Struff,Alex Michelsen,aces,9.5,2.2500,,2026-08-03T11:50:16Z,2026-08-03T17:20:00Z,Team Total (Aces) Away,7,"{'hdp': 9.5, 'over': '2.25'}"
73325036,2026-08-03,ATP,Montreal,Bet365,Jan-Lennard Struff,Alex Michelsen,aces,14.5,5.5000,,2026-08-03T11:50:16Z,2026-08-03T17:20:00Z,Team Total (Aces) Away,7,"{'hdp': 14.5, 'over': '5.50'}"
73325036,2026-08-03,ATP,Montreal,Bet365,Jan-Lennard Struff,Alex Michelsen,aces,19.5,15.0000,,2026-08-03T11:50:16Z,2026-08-03T17:20:00Z,Team Total (Aces) Away,7,"{'hdp': 19.5, 'over': '15.00'}"
73325036,2026-08-03,ATP,Montreal,Bet365,Jan-Lennard Struff,Alex Michelsen,aces,24.5,26.0000,,2026-08-03T11:50:16Z,2026-08-03T17:20:00Z,Team Total (Aces) Away,7,"{'hdp': 24.5, 'over': '26.00'}"
73352334,2026-08-03,ATP,Montreal,Bet365,Hubert Hurkacz,Marcos Giron,aces,2.5,1.0100,,2026-08-03T11:50:16Z,2026-08-03T18:00:00Z,Team Total (Aces) Home,9,"{'hdp': 2.5, 'over': '1.01'}"
73352334,2026-08-03,ATP,Montreal,Bet365,Hubert Hurkacz,Marcos Giron,aces,4.5,1.0500,,2026-08-03T11:50:16Z,2026-08-03T18:00:00Z,Team Total (Aces) Home,9,"{'hdp': 4.5, 'over': '1.05'}"
73352334,2026-08-03,ATP,Montreal,Bet365,Hubert Hurkacz,Marcos Giron,aces,9.5,1.4400,,2026-08-03T11:50:16Z,2026-08-03T18:00:00Z,Team Total (Aces) Home,9,"{'hdp': 9.5, 'over': '1.44'}"
73352334,2026-08-03,ATP,Montreal,Bet365,Hubert Hurkacz,Marcos Giron,aces,14.5,2.5000,,2026-08-03T11:50:16Z,2026-08-03T18:00:00Z,Team Total (Aces) Home,9,"{'hdp': 14.5, 'over': '2.50'}"
73352334,2026-08-03,ATP,Montreal,Bet365,Hubert Hurkacz,Marcos Giron,aces,19.5,5.0000,,2026-08-03T11:50:16Z,2026-08-03T18:00:00Z,Team Total (Aces) Home,9,"{'hdp': 19.5, 'over': '5.00'}"
73352334,2026-08-03,ATP,Montreal,Bet365,Hubert Hurkacz,Marcos Giron,aces,24.5,11.0000,,2026-08-03T11:50:16Z,2026-08-03T18:00:00Z,Team Total (Aces) Home,9,"{'hdp': 24.5, 'over': '11.00'}"
73352334,2026-08-03,ATP,Montreal,Bet365,Hubert Hurkacz,Marcos Giron,aces,29.5,21.0000,,2026-08-03T11:50:16Z,2026-08-03T18:00:00Z,Team Total (Aces) Home,9,"{'hdp': 29.5, 'over': '21.00'}"
73352334,2026-08-03,ATP,Montreal,Bet365,Hubert Hurkacz,Marcos Giron,aces,39.5,26.0000,,2026-08-03T11:50:16Z,2026-08-03T18:00:00Z,Team Total (Aces) Home,9,"{'hdp': 39.5, 'over': '26.00'}"
73352334,2026-08-03,ATP,Montreal,Bet365,Hubert Hurkacz,Marcos Giron,match_aces,9.5,1.1000,,2026-08-03T11:50:16Z,2026-08-03T18:00:00Z,Totals (Aces),8,"{'hdp': 9.5, 'over': '1.10'}"
73352334,2026-08-03,ATP,Montreal,Bet365,Hubert Hurkacz,Marcos Giron,match_aces,14.5,1.4400,,2026-08-03T11:50:16Z,2026-08-03T18:00:00Z,Totals (Aces),8,"{'hdp': 14.5, 'over': '1.44'}"
73352334,2026-08-03,ATP,Montreal,Bet365,Hubert Hurkacz,Marcos Giron,match_aces,19.5,2.2000,,2026-08-03T11:50:16Z,2026-08-03T18:00:00Z,Totals (Aces),8,"{'hdp': 19.5, 'over': '2.20'}"
73352334,2026-08-03,ATP,Montreal,Bet365,Hubert Hurkacz,Marcos Giron,match_aces,24.5,3.7500,,2026-08-03T11:50:16Z,2026-08-03T18:00:00Z,Totals (Aces),8,"{'hdp': 24.5, 'over': '3.75'}"
73352334,2026-08-03,ATP,Montreal,Bet365,Hubert Hurkacz,Marcos Giron,match_aces,29.5,7.0000,,2026-08-03T11:50:16Z,2026-08-03T18:00:00Z,Totals (Aces),8,"{'hdp': 29.5, 'over': '7.00'}"
73352334,2026-08-03,ATP,Montreal,Bet365,Hubert Hurkacz,Marcos Giron,match_aces,39.5,26.0000,,2026-08-03T11:50:16Z,2026-08-03T18:00:00Z,Totals (Aces),8,"{'hdp': 39.5, 'over': '26.00'}"
73352334,2026-08-03,ATP,Montreal,Bet365,Marcos Giron,Hubert Hurkacz,aces,0.5,1.0100,,2026-08-03T11:50:16Z,2026-08-03T18:00:00Z,Team Total (Aces) Away,5,"{'hdp': 0.5, 'over': '1.01'}"
73352334,2026-08-03,ATP,Montreal,Bet365,Marcos Giron,Hubert Hurkacz,aces,2.5,1.1800,,2026-08-03T11:50:16Z,2026-08-03T18:00:00Z,Team Total (Aces) Away,5,"{'hdp': 2.5, 'over': '1.18'}"
73352334,2026-08-03,ATP,Montreal,Bet365,Marcos Giron,Hubert Hurkacz,aces,4.5,1.6600,,2026-08-03T11:50:16Z,2026-08-03T18:00:00Z,Team Total (Aces) Away,5,"{'hdp': 4.5, 'over': '1.66'}"
73352334,2026-08-03,ATP,Montreal,Bet365,Marcos Giron,Hubert Hurkacz,aces,9.5,6.5000,,2026-08-03T11:50:16Z,2026-08-03T18:00:00Z,Team Total (Aces) Away,5,"{'hdp': 9.5, 'over': '6.50'}"
73352334,2026-08-03,ATP,Montreal,Bet365,Marcos Giron,Hubert Hurkacz,aces,14.5,26.0000,,2026-08-03T11:50:16Z,2026-08-03T18:00:00Z,Team Total (Aces) Away,5,"{'hdp': 14.5, 'over': '26.00'}"
73325028,2026-08-03,ATP,Montreal,Bet365,Terence Atmane,Jack Draper,match_double_faults,1.5,1.0100,,2026-08-03T11:50:16Z,2026-08-03T18:10:00Z,Totals (Double Faults),8,"{'hdp': 1.5, 'over': '1.01'}"
73325028,2026-08-03,ATP,Montreal,Bet365,Terence Atmane,Jack Draper,match_double_faults,2.5,1.0700,,2026-08-03T11:50:16Z,2026-08-03T18:10:00Z,Totals (Double Faults),8,"{'hdp': 2.5, 'over': '1.07'}"
73325028,2026-08-03,ATP,Montreal,Bet365,Terence Atmane,Jack Draper,match_double_faults,4.5,1.4000,,2026-08-03T11:50:16Z,2026-08-03T18:10:00Z,Totals (Double Faults),8,"{'hdp': 4.5, 'over': '1.40'}"
73325028,2026-08-03,ATP,Montreal,Bet365,Terence Atmane,Jack Draper,match_double_faults,7.5,3.4000,,2026-08-03T11:50:16Z,2026-08-03T18:10:00Z,Totals (Double Faults),8,"{'hdp': 7.5, 'over': '3.40'}"
73325028,2026-08-03,ATP,Montreal,Bet365,Terence Atmane,Jack Draper,match_double_faults,9.5,7.0000,,2026-08-03T11:50:16Z,2026-08-03T18:10:00Z,Totals (Double Faults),8,"{'hdp': 9.5, 'over': '7.00'}"
73325028,2026-08-03,ATP,Montreal,Bet365,Terence Atmane,Jack Draper,match_double_faults,11.5,17.0000,,2026-08-03T11:50:16Z,2026-08-03T18:10:00Z,Totals (Double Faults),8,"{'hdp': 11.5, 'over': '17.00'}"
73325028,2026-08-03,ATP,Montreal,Bet365,Terence Atmane,Jack Draper,match_double_faults,14.5,26.0000,,2026-08-03T11:50:16Z,2026-08-03T18:10:00Z,Totals (Double Faults),8,"{'hdp': 14.5, 'over': '26.00'}"
73325028,2026-08-03,ATP,Montreal,Bet365,Jack Draper,Terence Atmane,aces,2.5,1.1000,,2026-08-03T11:50:16Z,2026-08-03T18:10:00Z,Team Total (Aces) Away,6,"{'hdp': 2.5, 'over': '1.10'}"
73325028,2026-08-03,ATP,Montreal,Bet365,Jack Draper,Terence Atmane,aces,4.5,1.3600,,2026-08-03T11:50:16Z,2026-08-03T18:10:00Z,Team Total (Aces) Away,6,"{'hdp': 4.5, 'over': '1.36'}"
73325028,2026-08-03,ATP,Montreal,Bet365,Jack Draper,Terence Atmane,aces,9.5,4.0000,,2026-08-03T11:50:16Z,2026-08-03T18:10:00Z,Team Total (Aces) Away,6,"{'hdp': 9.5, 'over': '4.00'}"
73325028,2026-08-03,ATP,Montreal,Bet365,Jack Draper,Terence Atmane,aces,14.5,17.0000,,2026-08-03T11:50:16Z,2026-08-03T18:10:00Z,Team Total (Aces) Away,6,"{'hdp': 14.5, 'over': '17.00'}"
73325028,2026-08-03,ATP,Montreal,Bet365,Jack Draper,Terence Atmane,aces,19.5,26.0000,,2026-08-03T11:50:16Z,2026-08-03T18:10:00Z,Team Total (Aces) Away,6,"{'hdp': 19.5, 'over': '26.00'}"
73325028,2026-08-03,ATP,Montreal,Bet365,Terence Atmane,Jack Draper,aces,2.5,1.0500,,2026-08-03T11:50:16Z,2026-08-03T18:10:00Z,Team Total (Aces) Home,7,"{'hdp': 2.5, 'over': '1.05'}"
73325028,2026-08-03,ATP,Montreal,Bet365,Terence Atmane,Jack Draper,aces,4.5,1.1800,,2026-08-03T11:50:16Z,2026-08-03T18:10:00Z,Team Total (Aces) Home,7,"{'hdp': 4.5, 'over': '1.18'}"
73325028,2026-08-03,ATP,Montreal,Bet365,Terence Atmane,Jack Draper,aces,9.5,2.2000,,2026-08-03T11:50:16Z,2026-08-03T18:10:00Z,Team Total (Aces) Home,7,"{'hdp': 9.5, 'over': '2.20'}"
73325028,2026-08-03,ATP,Montreal,Bet365,Terence Atmane,Jack Draper,aces,14.5,5.5000,,2026-08-03T11:50:16Z,2026-08-03T18:10:00Z,Team Total (Aces) Home,7,"{'hdp': 14.5, 'over': '5.50'}"
73325028,2026-08-03,ATP,Montreal,Bet365,Terence Atmane,Jack Draper,aces,19.5,15.0000,,2026-08-03T11:50:16Z,2026-08-03T18:10:00Z,Team Total (Aces) Home,7,"{'hdp': 19.5, 'over': '15.00'}"
73325028,2026-08-03,ATP,Montreal,Bet365,Terence Atmane,Jack Draper,aces,24.5,26.0000,,2026-08-03T11:50:16Z,2026-08-03T18:10:00Z,Team Total (Aces) Home,7,"{'hdp': 24.5, 'over': '26.00'}"
73325028,2026-08-03,ATP,Montreal,Bet365,Terence Atmane,Jack Draper,match_aces,4.5,1.0100,,2026-08-03T11:50:16Z,2026-08-03T18:10:00Z,Totals (Aces),8,"{'hdp': 4.5, 'over': '1.01'}"
73325028,2026-08-03,ATP,Montreal,Bet365,Terence Atmane,Jack Draper,match_aces,9.5,1.2000,,2026-08-03T11:50:16Z,2026-08-03T18:10:00Z,Totals (Aces),8,"{'hdp': 9.5, 'over': '1.20'}"
73325028,2026-08-03,ATP,Montreal,Bet365,Terence Atmane,Jack Draper,match_aces,14.5,1.7200,,2026-08-03T11:50:16Z,2026-08-03T18:10:00Z,Totals (Aces),8,"{'hdp': 14.5, 'over': '1.72'}"
73325028,2026-08-03,ATP,Montreal,Bet365,Terence Atmane,Jack Draper,match_aces,19.5,3.0000,,2026-08-03T11:50:16Z,2026-08-03T18:10:00Z,Totals (Aces),8,"{'hdp': 19.5, 'over': '3.00'}"
73325028,2026-08-03,ATP,Montreal,Bet365,Terence Atmane,Jack Draper,match_aces,24.5,6.0000,,2026-08-03T11:50:16Z,2026-08-03T18:10:00Z,Totals (Aces),8,"{'hdp': 24.5, 'over': '6.00'}"
73325028,2026-08-03,ATP,Montreal,Bet365,Terence Atmane,Jack Draper,match_aces,29.5,13.0000,,2026-08-03T11:50:16Z,2026-08-03T18:10:00Z,Totals (Aces),8,"{'hdp': 29.5, 'over': '13.00'}"
73325028,2026-08-03,ATP,Montreal,Bet365,Terence Atmane,Jack Draper,match_aces,39.5,26.0000,,2026-08-03T11:50:16Z,2026-08-03T18:10:00Z,Totals (Aces),8,"{'hdp': 39.5, 'over': '26.00'}"
73325028,2026-08-03,ATP,Montreal,Bet365,Jack Draper,Terence Atmane,double_faults,0.5,1.0800,,2026-08-03T11:50:16Z,2026-08-03T18:10:00Z,Team Total (Double Faults) Away,5,"{'hdp': 0.5, 'over': '1.08'}"
73325028,2026-08-03,ATP,Montreal,Bet365,Jack Draper,Terence Atmane,double_faults,1.5,1.4000,,2026-08-03T11:50:16Z,2026-08-03T18:10:00Z,Team Total (Double Faults) Away,5,"{'hdp': 1.5, 'over': '1.40'}"
73325028,2026-08-03,ATP,Montreal,Bet365,Jack Draper,Terence Atmane,double_faults,2.5,2.0000,,2026-08-03T11:50:16Z,2026-08-03T18:10:00Z,Team Total (Double Faults) Away,5,"{'hdp': 2.5, 'over': '2.00'}"
73325028,2026-08-03,ATP,Montreal,Bet365,Jack Draper,Terence Atmane,double_faults,4.5,5.5000,,2026-08-03T11:50:16Z,2026-08-03T18:10:00Z,Team Total (Double Faults) Away,5,"{'hdp': 4.5, 'over': '5.50'}"
73325028,2026-08-03,ATP,Montreal,Bet365,Jack Draper,Terence Atmane,double_faults,7.5,26.0000,,2026-08-03T11:50:16Z,2026-08-03T18:10:00Z,Team Total (Double Faults) Away,5,"{'hdp': 7.5, 'over': '26.00'}"
73325028,2026-08-03,ATP,Montreal,Bet365,Terence Atmane,Jack Draper,double_faults,0.5,1.0300,,2026-08-03T11:50:16Z,2026-08-03T18:10:00Z,Team Total (Double Faults) Home,6,"{'hdp': 0.5, 'over': '1.03'}"
73325028,2026-08-03,ATP,Montreal,Bet365,Terence Atmane,Jack Draper,double_faults,1.5,1.1600,,2026-08-03T11:50:16Z,2026-08-03T18:10:00Z,Team Total (Double Faults) Home,6,"{'hdp': 1.5, 'over': '1.16'}"
73325028,2026-08-03,ATP,Montreal,Bet365,Terence Atmane,Jack Draper,double_faults,2.5,1.5000,,2026-08-03T11:50:16Z,2026-08-03T18:10:00Z,Team Total (Double Faults) Home,6,"{'hdp': 2.5, 'over': '1.50'}"
73325028,2026-08-03,ATP,Montreal,Bet365,Terence Atmane,Jack Draper,double_faults,4.5,3.4000,,2026-08-03T11:50:16Z,2026-08-03T18:10:00Z,Team Total (Double Faults) Home,6,"{'hdp': 4.5, 'over': '3.40'}"
73325028,2026-08-03,ATP,Montreal,Bet365,Terence Atmane,Jack Draper,double_faults,7.5,19.0000,,2026-08-03T11:50:16Z,2026-08-03T18:10:00Z,Team Total (Double Faults) Home,6,"{'hdp': 7.5, 'over': '19.00'}"
73325028,2026-08-03,ATP,Montreal,Bet365,Terence Atmane,Jack Draper,double_faults,9.5,26.0000,,2026-08-03T11:50:16Z,2026-08-03T18:10:00Z,Team Total (Double Faults) Home,6,"{'hdp': 9.5, 'over': '26.00'}"
73325024,2026-08-03,ATP,Montreal,Bet365,Mattia Bellucci,Sebastian Baez,aces,2.5,1.0600,,2026-08-03T11:50:16Z,2026-08-03T18:30:00Z,Team Total (Aces) Away,6,"{'hdp': 2.5, 'over': '1.06'}"
73325024,2026-08-03,ATP,Montreal,Bet365,Mattia Bellucci,Sebastian Baez,aces,4.5,1.2500,,2026-08-03T11:50:16Z,2026-08-03T18:30:00Z,Team Total (Aces) Away,6,"{'hdp': 4.5, 'over': '1.25'}"
73325024,2026-08-03,ATP,Montreal,Bet365,Mattia Bellucci,Sebastian Baez,aces,9.5,2.7500,,2026-08-03T11:50:16Z,2026-08-03T18:30:00Z,Team Total (Aces) Away,6,"{'hdp': 9.5, 'over': '2.75'}"
73325024,2026-08-03,ATP,Montreal,Bet365,Mattia Bellucci,Sebastian Baez,aces,14.5,9.0000,,2026-08-03T11:50:16Z,2026-08-03T18:30:00Z,Team Total (Aces) Away,6,"{'hdp': 14.5, 'over': '9.00'}"
73325024,2026-08-03,ATP,Montreal,Bet365,Mattia Bellucci,Sebastian Baez,aces,19.5,26.0000,,2026-08-03T11:50:16Z,2026-08-03T18:30:00Z,Team Total (Aces) Away,6,"{'hdp': 19.5, 'over': '26.00'}"
73325024,2026-08-03,ATP,Montreal,Bet365,Sebastian Baez,Mattia Bellucci,double_faults,0.5,1.1600,,2026-08-03T11:50:16Z,2026-08-03T18:30:00Z,Team Total (Double Faults) Home,5,"{'hdp': 0.5, 'over': '1.16'}"
73325024,2026-08-03,ATP,Montreal,Bet365,Sebastian Baez,Mattia Bellucci,double_faults,1.5,1.7200,,2026-08-03T11:50:16Z,2026-08-03T18:30:00Z,Team Total (Double Faults) Home,5,"{'hdp': 1.5, 'over': '1.72'}"
73325024,2026-08-03,ATP,Montreal,Bet365,Sebastian Baez,Mattia Bellucci,double_faults,2.5,3.0000,,2026-08-03T11:50:16Z,2026-08-03T18:30:00Z,Team Total (Double Faults) Home,5,"{'hdp': 2.5, 'over': '3.00'}"
73325024,2026-08-03,ATP,Montreal,Bet365,Sebastian Baez,Mattia Bellucci,double_faults,4.5,13.0000,,2026-08-03T11:50:16Z,2026-08-03T18:30:00Z,Team Total (Double Faults) Home,5,"{'hdp': 4.5, 'over': '13.00'}"
73325024,2026-08-03,ATP,Montreal,Bet365,Sebastian Baez,Mattia Bellucci,double_faults,7.5,26.0000,,2026-08-03T11:50:16Z,2026-08-03T18:30:00Z,Team Total (Double Faults) Home,5,"{'hdp': 7.5, 'over': '26.00'}"
73325024,2026-08-03,ATP,Montreal,Bet365,Sebastian Baez,Mattia Bellucci,aces,0.5,1.0600,,2026-08-03T11:50:16Z,2026-08-03T18:30:00Z,Team Total (Aces) Home,4,"{'hdp': 0.5, 'over': '1.06'}"
73325024,2026-08-03,ATP,Montreal,Bet365,Sebastian Baez,Mattia Bellucci,aces,2.5,1.7200,,2026-08-03T11:50:16Z,2026-08-03T18:30:00Z,Team Total (Aces) Home,4,"{'hdp': 2.5, 'over': '1.72'}"
73325024,2026-08-03,ATP,Montreal,Bet365,Sebastian Baez,Mattia Bellucci,aces,4.5,4.0000,,2026-08-03T11:50:16Z,2026-08-03T18:30:00Z,Team Total (Aces) Home,4,"{'hdp': 4.5, 'over': '4.00'}"
73325024,2026-08-03,ATP,Montreal,Bet365,Sebastian Baez,Mattia Bellucci,aces,9.5,26.0000,,2026-08-03T11:50:16Z,2026-08-03T18:30:00Z,Team Total (Aces) Home,4,"{'hdp': 9.5, 'over': '26.00'}"
73325024,2026-08-03,ATP,Montreal,Bet365,Mattia Bellucci,Sebastian Baez,double_faults,0.5,1.0300,,2026-08-03T11:50:16Z,2026-08-03T18:30:00Z,Team Total (Double Faults) Away,6,"{'hdp': 0.5, 'over': '1.03'}"
73325024,2026-08-03,ATP,Montreal,Bet365,Mattia Bellucci,Sebastian Baez,double_faults,1.5,1.1800,,2026-08-03T11:50:16Z,2026-08-03T18:30:00Z,Team Total (Double Faults) Away,6,"{'hdp': 1.5, 'over': '1.18'}"
73325024,2026-08-03,ATP,Montreal,Bet365,Mattia Bellucci,Sebastian Baez,double_faults,2.5,1.5300,,2026-08-03T11:50:16Z,2026-08-03T18:30:00Z,Team Total (Double Faults) Away,6,"{'hdp': 2.5, 'over': '1.53'}"
73325024,2026-08-03,ATP,Montreal,Bet365,Mattia Bellucci,Sebastian Baez,double_faults,4.5,3.4000,,2026-08-03T11:50:16Z,2026-08-03T18:30:00Z,Team Total (Double Faults) Away,6,"{'hdp': 4.5, 'over': '3.40'}"
73325024,2026-08-03,ATP,Montreal,Bet365,Mattia Bellucci,Sebastian Baez,double_faults,7.5,17.0000,,2026-08-03T11:50:16Z,2026-08-03T18:30:00Z,Team Total (Double Faults) Away,6,"{'hdp': 7.5, 'over': '17.00'}"
73325024,2026-08-03,ATP,Montreal,Bet365,Mattia Bellucci,Sebastian Baez,double_faults,9.5,26.0000,,2026-08-03T11:50:16Z,2026-08-03T18:30:00Z,Team Total (Double Faults) Away,6,"{'hdp': 9.5, 'over': '26.00'}"
73325024,2026-08-03,ATP,Montreal,Bet365,Sebastian Baez,Mattia Bellucci,match_aces,2.5,1.0100,,2026-08-03T11:50:16Z,2026-08-03T18:30:00Z,Totals (Aces),7,"{'hdp': 2.5, 'over': '1.01'}"
73325024,2026-08-03,ATP,Montreal,Bet365,Sebastian Baez,Mattia Bellucci,match_aces,4.5,1.0800,,2026-08-03T11:50:16Z,2026-08-03T18:30:00Z,Totals (Aces),7,"{'hdp': 4.5, 'over': '1.08'}"
73325024,2026-08-03,ATP,Montreal,Bet365,Sebastian Baez,Mattia Bellucci,match_aces,9.5,1.6600,,2026-08-03T11:50:16Z,2026-08-03T18:30:00Z,Totals (Aces),7,"{'hdp': 9.5, 'over': '1.66'}"
73325024,2026-08-03,ATP,Montreal,Bet365,Sebastian Baez,Mattia Bellucci,match_aces,14.5,3.7500,,2026-08-03T11:50:16Z,2026-08-03T18:30:00Z,Totals (Aces),7,"{'hdp': 14.5, 'over': '3.75'}"
73325024,2026-08-03,ATP,Montreal,Bet365,Sebastian Baez,Mattia Bellucci,match_aces,19.5,10.0000,,2026-08-03T11:50:16Z,2026-08-03T18:30:00Z,Totals (Aces),7,"{'hdp': 19.5, 'over': '10.00'}"
73325024,2026-08-03,ATP,Montreal,Bet365,Sebastian Baez,Mattia Bellucci,match_aces,24.5,26.0000,,2026-08-03T11:50:16Z,2026-08-03T18:30:00Z,Totals (Aces),7,"{'hdp': 24.5, 'over': '26.00'}"
73325024,2026-08-03,ATP,Montreal,Bet365,Sebastian Baez,Mattia Bellucci,match_double_faults,1.5,1.0300,,2026-08-03T11:50:16Z,2026-08-03T18:30:00Z,Totals (Double Faults),7,"{'hdp': 1.5, 'over': '1.03'}"
73325024,2026-08-03,ATP,Montreal,Bet365,Sebastian Baez,Mattia Bellucci,match_double_faults,2.5,1.1200,,2026-08-03T11:50:16Z,2026-08-03T18:30:00Z,Totals (Double Faults),7,"{'hdp': 2.5, 'over': '1.12'}"
73325024,2026-08-03,ATP,Montreal,Bet365,Sebastian Baez,Mattia Bellucci,match_double_faults,4.5,1.6100,,2026-08-03T11:50:16Z,2026-08-03T18:30:00Z,Totals (Double Faults),7,"{'hdp': 4.5, 'over': '1.61'}"
73325024,2026-08-03,ATP,Montreal,Bet365,Sebastian Baez,Mattia Bellucci,match_double_faults,7.5,4.5000,,2026-08-03T11:50:16Z,2026-08-03T18:30:00Z,Totals (Double Faults),7,"{'hdp': 7.5, 'over': '4.50'}"
73325024,2026-08-03,ATP,Montreal,Bet365,Sebastian Baez,Mattia Bellucci,match_double_faults,9.5,11.0000,,2026-08-03T11:50:16Z,2026-08-03T18:30:00Z,Totals (Double Faults),7,"{'hdp': 9.5, 'over': '11.00'}"
73325024,2026-08-03,ATP,Montreal,Bet365,Sebastian Baez,Mattia Bellucci,match_double_faults,11.5,26.0000,,2026-08-03T11:50:16Z,2026-08-03T18:30:00Z,Totals (Double Faults),7,"{'hdp': 11.5, 'over': '26.00'}"
73325012,2026-08-03,ATP,Montreal,Bet365,Cameron Norrie,Camilo Ugo Carabelli,aces,2.5,1.1400,,2026-08-03T11:50:16Z,2026-08-03T17:20:00Z,Team Total (Aces) Away,5,"{'hdp': 2.5, 'over': '1.14'}"
73325012,2026-08-03,ATP,Montreal,Bet365,Cameron Norrie,Camilo Ugo Carabelli,aces,4.5,1.6100,,2026-08-03T11:50:16Z,2026-08-03T17:20:00Z,Team Total (Aces) Away,5,"{'hdp': 4.5, 'over': '1.61'}"
73325012,2026-08-03,ATP,Montreal,Bet365,Cameron Norrie,Camilo Ugo Carabelli,aces,9.5,6.5000,,2026-08-03T11:50:16Z,2026-08-03T17:20:00Z,Team Total (Aces) Away,5,"{'hdp': 9.5, 'over': '6.50'}"
73325012,2026-08-03,ATP,Montreal,Bet365,Cameron Norrie,Camilo Ugo Carabelli,aces,14.5,26.0000,,2026-08-03T11:50:16Z,2026-08-03T17:20:00Z,Team Total (Aces) Away,5,"{'hdp': 14.5, 'over': '26.00'}"
73325012,2026-08-03,ATP,Montreal,Bet365,Cameron Norrie,Camilo Ugo Carabelli,double_faults,0.5,1.0800,,2026-08-03T11:50:16Z,2026-08-03T17:20:00Z,Team Total (Double Faults) Away,5,"{'hdp': 0.5, 'over': '1.08'}"
73325012,2026-08-03,ATP,Montreal,Bet365,Cameron Norrie,Camilo Ugo Carabelli,double_faults,1.5,1.3600,,2026-08-03T11:50:16Z,2026-08-03T17:20:00Z,Team Total (Double Faults) Away,5,"{'hdp': 1.5, 'over': '1.36'}"
73325012,2026-08-03,ATP,Montreal,Bet365,Cameron Norrie,Camilo Ugo Carabelli,double_faults,2.5,1.9000,,2026-08-03T11:50:16Z,2026-08-03T17:20:00Z,Team Total (Double Faults) Away,5,"{'hdp': 2.5, 'over': '1.90'}"
73325012,2026-08-03,ATP,Montreal,Bet365,Cameron Norrie,Camilo Ugo Carabelli,double_faults,4.5,5.5000,,2026-08-03T11:50:16Z,2026-08-03T17:20:00Z,Team Total (Double Faults) Away,5,"{'hdp': 4.5, 'over': '5.50'}"
73325012,2026-08-03,ATP,Montreal,Bet365,Cameron Norrie,Camilo Ugo Carabelli,double_faults,7.5,26.0000,,2026-08-03T11:50:16Z,2026-08-03T17:20:00Z,Team Total (Double Faults) Away,5,"{'hdp': 7.5, 'over': '26.00'}"
73325012,2026-08-03,ATP,Montreal,Bet365,Camilo Ugo Carabelli,Cameron Norrie,match_double_faults,1.5,1.0200,,2026-08-03T11:50:16Z,2026-08-03T17:20:00Z,Totals (Double Faults),8,"{'hdp': 1.5, 'over': '1.02'}"
73325012,2026-08-03,ATP,Montreal,Bet365,Camilo Ugo Carabelli,Cameron Norrie,match_double_faults,2.5,1.1000,,2026-08-03T11:50:16Z,2026-08-03T17:20:00Z,Totals (Double Faults),8,"{'hdp': 2.5, 'over': '1.10'}"
73325012,2026-08-03,ATP,Montreal,Bet365,Camilo Ugo Carabelli,Cameron Norrie,match_double_faults,4.5,1.5000,,2026-08-03T11:50:16Z,2026-08-03T17:20:00Z,Totals (Double Faults),8,"{'hdp': 4.5, 'over': '1.50'}"
73325012,2026-08-03,ATP,Montreal,Bet365,Camilo Ugo Carabelli,Cameron Norrie,match_double_faults,7.5,3.7500,,2026-08-03T11:50:16Z,2026-08-03T17:20:00Z,Totals (Double Faults),8,"{'hdp': 7.5, 'over': '3.75'}"
73325012,2026-08-03,ATP,Montreal,Bet365,Camilo Ugo Carabelli,Cameron Norrie,match_double_faults,9.5,9.0000,,2026-08-03T11:50:16Z,2026-08-03T17:20:00Z,Totals (Double Faults),8,"{'hdp': 9.5, 'over': '9.00'}"
73325012,2026-08-03,ATP,Montreal,Bet365,Camilo Ugo Carabelli,Cameron Norrie,match_double_faults,11.5,21.0000,,2026-08-03T11:50:16Z,2026-08-03T17:20:00Z,Totals (Double Faults),8,"{'hdp': 11.5, 'over': '21.00'}"
73325012,2026-08-03,ATP,Montreal,Bet365,Camilo Ugo Carabelli,Cameron Norrie,match_double_faults,14.5,26.0000,,2026-08-03T11:50:16Z,2026-08-03T17:20:00Z,Totals (Double Faults),8,"{'hdp': 14.5, 'over': '26.00'}"
73325012,2026-08-03,ATP,Montreal,Bet365,Camilo Ugo Carabelli,Cameron Norrie,double_faults,0.5,1.0400,,2026-08-03T11:50:16Z,2026-08-03T17:20:00Z,Team Total (Double Faults) Home,5,"{'hdp': 0.5, 'over': '1.04'}"
73325012,2026-08-03,ATP,Montreal,Bet365,Camilo Ugo Carabelli,Cameron Norrie,double_faults,1.5,1.2500,,2026-08-03T11:50:16Z,2026-08-03T17:20:00Z,Team Total (Double Faults) Home,5,"{'hdp': 1.5, 'over': '1.25'}"
73325012,2026-08-03,ATP,Montreal,Bet365,Camilo Ugo Carabelli,Cameron Norrie,double_faults,2.5,1.6600,,2026-08-03T11:50:16Z,2026-08-03T17:20:00Z,Team Total (Double Faults) Home,5,"{'hdp': 2.5, 'over': '1.66'}"
73325012,2026-08-03,ATP,Montreal,Bet365,Camilo Ugo Carabelli,Cameron Norrie,double_faults,4.5,4.3300,,2026-08-03T11:50:16Z,2026-08-03T17:20:00Z,Team Total (Double Faults) Home,5,"{'hdp': 4.5, 'over': '4.33'}"
73325012,2026-08-03,ATP,Montreal,Bet365,Camilo Ugo Carabelli,Cameron Norrie,double_faults,7.5,26.0000,,2026-08-03T11:50:16Z,2026-08-03T17:20:00Z,Team Total (Double Faults) Home,5,"{'hdp': 7.5, 'over': '26.00'}"
73325012,2026-08-03,ATP,Montreal,Bet365,Camilo Ugo Carabelli,Cameron Norrie,match_aces,2.5,1.0100,,2026-08-03T11:50:16Z,2026-08-03T17:20:00Z,Totals (Aces),8,"{'hdp': 2.5, 'over': '1.01'}"
73325012,2026-08-03,ATP,Montreal,Bet365,Camilo Ugo Carabelli,Cameron Norrie,match_aces,4.5,1.0700,,2026-08-03T11:50:16Z,2026-08-03T17:20:00Z,Totals (Aces),8,"{'hdp': 4.5, 'over': '1.07'}"
73325012,2026-08-03,ATP,Montreal,Bet365,Camilo Ugo Carabelli,Cameron Norrie,match_aces,9.5,1.6100,,2026-08-03T11:50:16Z,2026-08-03T17:20:00Z,Totals (Aces),8,"{'hdp': 9.5, 'over': '1.61'}"
73325012,2026-08-03,ATP,Montreal,Bet365,Camilo Ugo Carabelli,Cameron Norrie,match_aces,14.5,3.5000,,2026-08-03T11:50:16Z,2026-08-03T17:20:00Z,Totals (Aces),8,"{'hdp': 14.5, 'over': '3.50'}"
73325012,2026-08-03,ATP,Montreal,Bet365,Camilo Ugo Carabelli,Cameron Norrie,match_aces,19.5,9.0000,,2026-08-03T11:50:16Z,2026-08-03T17:20:00Z,Totals (Aces),8,"{'hdp': 19.5, 'over': '9.00'}"
73325012,2026-08-03,ATP,Montreal,Bet365,Camilo Ugo Carabelli,Cameron Norrie,match_aces,24.5,21.0000,,2026-08-03T11:50:16Z,2026-08-03T17:20:00Z,Totals (Aces),8,"{'hdp': 24.5, 'over': '21.00'}"
73325012,2026-08-03,ATP,Montreal,Bet365,Camilo Ugo Carabelli,Cameron Norrie,match_aces,29.5,26.0000,,2026-08-03T11:50:16Z,2026-08-03T17:20:00Z,Totals (Aces),8,"{'hdp': 29.5, 'over': '26.00'}"
73325012,2026-08-03,ATP,Montreal,Bet365,Camilo Ugo Carabelli,Cameron Norrie,aces,0.5,1.0100,,2026-08-03T11:50:16Z,2026-08-03T17:20:00Z,Team Total (Aces) Home,6,"{'hdp': 0.5, 'over': '1.01'}"
73325012,2026-08-03,ATP,Montreal,Bet365,Camilo Ugo Carabelli,Cameron Norrie,aces,2.5,1.1800,,2026-08-03T11:50:16Z,2026-08-03T17:20:00Z,Team Total (Aces) Home,6,"{'hdp': 2.5, 'over': '1.18'}"
73325012,2026-08-03,ATP,Montreal,Bet365,Camilo Ugo Carabelli,Cameron Norrie,aces,4.5,1.6600,,2026-08-03T11:50:16Z,2026-08-03T17:20:00Z,Team Total (Aces) Home,6,"{'hdp': 4.5, 'over': '1.66'}"
73325012,2026-08-03,ATP,Montreal,Bet365,Camilo Ugo Carabelli,Cameron Norrie,aces,9.5,6.0000,,2026-08-03T11:50:16Z,2026-08-03T17:20:00Z,Team Total (Aces) Home,6,"{'hdp': 9.5, 'over': '6.00'}"
73325012,2026-08-03,ATP,Montreal,Bet365,Camilo Ugo Carabelli,Cameron Norrie,aces,14.5,23.0000,,2026-08-03T11:50:16Z,2026-08-03T17:20:00Z,Team Total (Aces) Home,6,"{'hdp': 14.5, 'over': '23.00'}"
73325012,2026-08-03,ATP,Montreal,Bet365,Camilo Ugo Carabelli,Cameron Norrie,aces,19.5,26.0000,,2026-08-03T11:50:16Z,2026-08-03T17:20:00Z,Team Total (Aces) Home,6,"{'hdp': 19.5, 'over': '26.00'}"
73325202,2026-08-03,WTA,Toronto,Bet365,Bianca Andreescu,Nikola Bartunkova,double_faults,1.5,1.0500,,2026-08-03T11:50:16Z,2026-08-03T17:40:00Z,Team Total (Double Faults) Away,7,"{'hdp': 1.5, 'over': '1.05'}"
73325202,2026-08-03,WTA,Toronto,Bet365,Bianca Andreescu,Nikola Bartunkova,double_faults,2.5,1.1600,,2026-08-03T11:50:16Z,2026-08-03T17:40:00Z,Team Total (Double Faults) Away,7,"{'hdp': 2.5, 'over': '1.16'}"
73325202,2026-08-03,WTA,Toronto,Bet365,Bianca Andreescu,Nikola Bartunkova,double_faults,4.5,1.8000,,2026-08-03T11:50:16Z,2026-08-03T17:40:00Z,Team Total (Double Faults) Away,7,"{'hdp': 4.5, 'over': '1.80'}"
73325202,2026-08-03,WTA,Toronto,Bet365,Bianca Andreescu,Nikola Bartunkova,double_faults,7.5,5.5000,,2026-08-03T11:50:16Z,2026-08-03T17:40:00Z,Team Total (Double Faults) Away,7,"{'hdp': 7.5, 'over': '5.50'}"
73325202,2026-08-03,WTA,Toronto,Bet365,Bianca Andreescu,Nikola Bartunkova,double_faults,9.5,13.0000,,2026-08-03T11:50:16Z,2026-08-03T17:40:00Z,Team Total (Double Faults) Away,7,"{'hdp': 9.5, 'over': '13.00'}"
73325202,2026-08-03,WTA,Toronto,Bet365,Bianca Andreescu,Nikola Bartunkova,double_faults,11.5,26.0000,,2026-08-03T11:50:16Z,2026-08-03T17:40:00Z,Team Total (Double Faults) Away,7,"{'hdp': 11.5, 'over': '26.00'}"
73325202,2026-08-03,WTA,Toronto,Bet365,Nikola Bartunkova,Bianca Andreescu,match_aces,2.5,1.0100,,2026-08-03T11:50:16Z,2026-08-03T17:40:00Z,Totals (Aces),8,"{'hdp': 2.5, 'over': '1.01'}"
73325202,2026-08-03,WTA,Toronto,Bet365,Nikola Bartunkova,Bianca Andreescu,match_aces,4.5,1.0700,,2026-08-03T11:50:16Z,2026-08-03T17:40:00Z,Totals (Aces),8,"{'hdp': 4.5, 'over': '1.07'}"
73325202,2026-08-03,WTA,Toronto,Bet365,Nikola Bartunkova,Bianca Andreescu,match_aces,9.5,1.6100,,2026-08-03T11:50:16Z,2026-08-03T17:40:00Z,Totals (Aces),8,"{'hdp': 9.5, 'over': '1.61'}"
73325202,2026-08-03,WTA,Toronto,Bet365,Nikola Bartunkova,Bianca Andreescu,match_aces,14.5,3.5000,,2026-08-03T11:50:16Z,2026-08-03T17:40:00Z,Totals (Aces),8,"{'hdp': 14.5, 'over': '3.50'}"
73325202,2026-08-03,WTA,Toronto,Bet365,Nikola Bartunkova,Bianca Andreescu,match_aces,19.5,9.0000,,2026-08-03T11:50:16Z,2026-08-03T17:40:00Z,Totals (Aces),8,"{'hdp': 19.5, 'over': '9.00'}"
73325202,2026-08-03,WTA,Toronto,Bet365,Nikola Bartunkova,Bianca Andreescu,match_aces,24.5,23.0000,,2026-08-03T11:50:16Z,2026-08-03T17:40:00Z,Totals (Aces),8,"{'hdp': 24.5, 'over': '23.00'}"
73325202,2026-08-03,WTA,Toronto,Bet365,Nikola Bartunkova,Bianca Andreescu,match_aces,29.5,26.0000,,2026-08-03T11:50:16Z,2026-08-03T17:40:00Z,Totals (Aces),8,"{'hdp': 29.5, 'over': '26.00'}"
73325202,2026-08-03,WTA,Toronto,Bet365,Nikola Bartunkova,Bianca Andreescu,match_double_faults,4.5,1.0100,,2026-08-03T11:50:16Z,2026-08-03T17:40:00Z,Totals (Double Faults),9,"{'hdp': 4.5, 'over': '1.01'}"
73325202,2026-08-03,WTA,Toronto,Bet365,Nikola Bartunkova,Bianca Andreescu,match_double_faults,7.5,1.1400,,2026-08-03T11:50:16Z,2026-08-03T17:40:00Z,Totals (Double Faults),9,"{'hdp': 7.5, 'over': '1.14'}"
73325202,2026-08-03,WTA,Toronto,Bet365,Nikola Bartunkova,Bianca Andreescu,match_double_faults,9.5,1.3600,,2026-08-03T11:50:16Z,2026-08-03T17:40:00Z,Totals (Double Faults),9,"{'hdp': 9.5, 'over': '1.36'}"
73325202,2026-08-03,WTA,Toronto,Bet365,Nikola Bartunkova,Bianca Andreescu,match_double_faults,11.5,1.8000,,2026-08-03T11:50:16Z,2026-08-03T17:40:00Z,Totals (Double Faults),9,"{'hdp': 11.5, 'over': '1.80'}"
73325202,2026-08-03,WTA,Toronto,Bet365,Nikola Bartunkova,Bianca Andreescu,match_double_faults,14.5,3.2500,,2026-08-03T11:50:16Z,2026-08-03T17:40:00Z,Totals (Double Faults),9,"{'hdp': 14.5, 'over': '3.25'}"
73325202,2026-08-03,WTA,Toronto,Bet365,Nikola Bartunkova,Bianca Andreescu,match_double_faults,19.5,11.0000,,2026-08-03T11:50:16Z,2026-08-03T17:40:00Z,Totals (Double Faults),9,"{'hdp': 19.5, 'over': '11.00'}"
73325202,2026-08-03,WTA,Toronto,Bet365,Nikola Bartunkova,Bianca Andreescu,match_double_faults,24.5,26.0000,,2026-08-03T11:50:16Z,2026-08-03T17:40:00Z,Totals (Double Faults),9,"{'hdp': 24.5, 'over': '26.00'}"
73325202,2026-08-03,WTA,Toronto,Bet365,Bianca Andreescu,Nikola Bartunkova,aces,0.5,1.0100,,2026-08-03T11:50:16Z,2026-08-03T17:40:00Z,Team Total (Aces) Away,5,"{'hdp': 0.5, 'over': '1.01'}"
73325202,2026-08-03,WTA,Toronto,Bet365,Bianca Andreescu,Nikola Bartunkova,aces,2.5,1.1800,,2026-08-03T11:50:16Z,2026-08-03T17:40:00Z,Team Total (Aces) Away,5,"{'hdp': 2.5, 'over': '1.18'}"
73325202,2026-08-03,WTA,Toronto,Bet365,Bianca Andreescu,Nikola Bartunkova,aces,4.5,1.6600,,2026-08-03T11:50:16Z,2026-08-03T17:40:00Z,Team Total (Aces) Away,5,"{'hdp': 4.5, 'over': '1.66'}"
73325202,2026-08-03,WTA,Toronto,Bet365,Bianca Andreescu,Nikola Bartunkova,aces,9.5,6.5000,,2026-08-03T11:50:16Z,2026-08-03T17:40:00Z,Team Total (Aces) Away,5,"{'hdp': 9.5, 'over': '6.50'}"
73325202,2026-08-03,WTA,Toronto,Bet365,Bianca Andreescu,Nikola Bartunkova,aces,14.5,26.0000,,2026-08-03T11:50:16Z,2026-08-03T17:40:00Z,Team Total (Aces) Away,5,"{'hdp': 14.5, 'over': '26.00'}"
73325202,2026-08-03,WTA,Toronto,Bet365,Nikola Bartunkova,Bianca Andreescu,aces,0.5,1.0100,,2026-08-03T11:50:16Z,2026-08-03T17:40:00Z,Team Total (Aces) Home,5,"{'hdp': 0.5, 'over': '1.01'}"
73325202,2026-08-03,WTA,Toronto,Bet365,Nikola Bartunkova,Bianca Andreescu,aces,2.5,1.1600,,2026-08-03T11:50:16Z,2026-08-03T17:40:00Z,Team Total (Aces) Home,5,"{'hdp': 2.5, 'over': '1.16'}"
73325202,2026-08-03,WTA,Toronto,Bet365,Nikola Bartunkova,Bianca Andreescu,aces,4.5,1.6100,,2026-08-03T11:50:16Z,2026-08-03T17:40:00Z,Team Total (Aces) Home,5,"{'hdp': 4.5, 'over': '1.61'}"
73325202,2026-08-03,WTA,Toronto,Bet365,Nikola Bartunkova,Bianca Andreescu,aces,9.5,6.5000,,2026-08-03T11:50:16Z,2026-08-03T17:40:00Z,Team Total (Aces) Home,5,"{'hdp': 9.5, 'over': '6.50'}"
73325202,2026-08-03,WTA,Toronto,Bet365,Nikola Bartunkova,Bianca Andreescu,aces,14.5,26.0000,,2026-08-03T11:50:16Z,2026-08-03T17:40:00Z,Team Total (Aces) Home,5,"{'hdp': 14.5, 'over': '26.00'}"
73325202,2026-08-03,WTA,Toronto,Bet365,Nikola Bartunkova,Bianca Andreescu,double_faults,1.5,1.0100,,2026-08-03T11:50:16Z,2026-08-03T17:40:00Z,Team Total (Double Faults) Home,9,"{'hdp': 1.5, 'over': '1.01'}"
73325202,2026-08-03,WTA,Toronto,Bet365,Nikola Bartunkova,Bianca Andreescu,double_faults,2.5,1.0500,,2026-08-03T11:50:16Z,2026-08-03T17:40:00Z,Team Total (Double Faults) Home,9,"{'hdp': 2.5, 'over': '1.05'}"
73325202,2026-08-03,WTA,Toronto,Bet365,Nikola Bartunkova,Bianca Andreescu,double_faults,4.5,1.2500,,2026-08-03T11:50:16Z,2026-08-03T17:40:00Z,Team Total (Double Faults) Home,9,"{'hdp': 4.5, 'over': '1.25'}"
73325202,2026-08-03,WTA,Toronto,Bet365,Nikola Bartunkova,Bianca Andreescu,double_faults,7.5,2.2000,,2026-08-03T11:50:16Z,2026-08-03T17:40:00Z,Team Total (Double Faults) Home,9,"{'hdp': 7.5, 'over': '2.20'}"
73325202,2026-08-03,WTA,Toronto,Bet365,Nikola Bartunkova,Bianca Andreescu,double_faults,9.5,3.7500,,2026-08-03T11:50:16Z,2026-08-03T17:40:00Z,Team Total (Double Faults) Home,9,"{'hdp': 9.5, 'over': '3.75'}"
73325202,2026-08-03,WTA,Toronto,Bet365,Nikola Bartunkova,Bianca Andreescu,double_faults,11.5,7.0000,,2026-08-03T11:50:16Z,2026-08-03T17:40:00Z,Team Total (Double Faults) Home,9,"{'hdp': 11.5, 'over': '7.00'}"
73325202,2026-08-03,WTA,Toronto,Bet365,Nikola Bartunkova,Bianca Andreescu,double_faults,14.5,19.0000,,2026-08-03T11:50:16Z,2026-08-03T17:40:00Z,Team Total (Double Faults) Home,9,"{'hdp': 14.5, 'over': '19.00'}"
73325202,2026-08-03,WTA,Toronto,Bet365,Nikola Bartunkova,Bianca Andreescu,double_faults,19.5,26.0000,,2026-08-03T11:50:16Z,2026-08-03T17:40:00Z,Team Total (Double Faults) Home,9,"{'hdp': 19.5, 'over': '26.00'}"
73325184,2026-08-03,WTA,Toronto,Bet365,Renata Zarazua,Tamara Korpatsch,double_faults,1.5,1.4400,,2026-08-03T11:50:16Z,2026-08-03T20:00:00Z,Team Total (Double Faults) Home,5,"{'hdp': 1.5, 'over': '1.44'}"
73325184,2026-08-03,WTA,Toronto,Bet365,Renata Zarazua,Tamara Korpatsch,double_faults,2.5,2.2000,,2026-08-03T11:50:16Z,2026-08-03T20:00:00Z,Team Total (Double Faults) Home,5,"{'hdp': 2.5, 'over': '2.20'}"
73325184,2026-08-03,WTA,Toronto,Bet365,Renata Zarazua,Tamara Korpatsch,double_faults,7.5,26.0000,,2026-08-03T11:50:16Z,2026-08-03T20:00:00Z,Team Total (Double Faults) Home,5,"{'hdp': 7.5, 'over': '26.00'}"
73325184,2026-08-03,WTA,Toronto,Bet365,Renata Zarazua,Tamara Korpatsch,double_faults,0.5,1.1000,,2026-08-03T11:50:16Z,2026-08-03T20:00:00Z,Team Total (Double Faults) Home,5,"{'hdp': 0.5, 'over': '1.10'}"
73325184,2026-08-03,WTA,Toronto,Bet365,Renata Zarazua,Tamara Korpatsch,double_faults,4.5,6.5000,,2026-08-03T11:50:16Z,2026-08-03T20:00:00Z,Team Total (Double Faults) Home,5,"{'hdp': 4.5, 'over': '6.50'}"
73325184,2026-08-03,WTA,Toronto,Bet365,Renata Zarazua,Tamara Korpatsch,match_double_faults,9.5,3.7500,,2026-08-03T11:50:16Z,2026-08-03T20:00:00Z,Totals (Double Faults),9,"{'hdp': 9.5, 'over': '3.75'}"
73325184,2026-08-03,WTA,Toronto,Bet365,Renata Zarazua,Tamara Korpatsch,match_double_faults,14.5,21.0000,,2026-08-03T11:50:16Z,2026-08-03T20:00:00Z,Totals (Double Faults),9,"{'hdp': 14.5, 'over': '21.00'}"
73325184,2026-08-03,WTA,Toronto,Bet365,Renata Zarazua,Tamara Korpatsch,match_double_faults,19.5,26.0000,,2026-08-03T11:50:16Z,2026-08-03T20:00:00Z,Totals (Double Faults),9,"{'hdp': 19.5, 'over': '26.00'}"
73325184,2026-08-03,WTA,Toronto,Bet365,Renata Zarazua,Tamara Korpatsch,match_double_faults,2.5,1.0200,,2026-08-03T11:50:16Z,2026-08-03T20:00:00Z,Totals (Double Faults),9,"{'hdp': 2.5, 'over': '1.02'}"
73325184,2026-08-03,WTA,Toronto,Bet365,Renata Zarazua,Tamara Korpatsch,match_double_faults,4.5,1.1800,,2026-08-03T11:50:16Z,2026-08-03T20:00:00Z,Totals (Double Faults),9,"{'hdp': 4.5, 'over': '1.18'}"
73325184,2026-08-03,WTA,Toronto,Bet365,Renata Zarazua,Tamara Korpatsch,match_double_faults,7.5,2.0000,,2026-08-03T11:50:16Z,2026-08-03T20:00:00Z,Totals (Double Faults),9,"{'hdp': 7.5, 'over': '2.00'}"
73325184,2026-08-03,WTA,Toronto,Bet365,Renata Zarazua,Tamara Korpatsch,match_double_faults,11.5,7.0000,,2026-08-03T11:50:16Z,2026-08-03T20:00:00Z,Totals (Double Faults),9,"{'hdp': 11.5, 'over': '7.00'}"
73325184,2026-08-03,WTA,Toronto,Bet365,Renata Zarazua,Tamara Korpatsch,match_aces,2.5,1.1400,,2026-08-03T11:50:16Z,2026-08-03T20:00:00Z,Totals (Aces),5,"{'hdp': 2.5, 'over': '1.14'}"
73325184,2026-08-03,WTA,Toronto,Bet365,Renata Zarazua,Tamara Korpatsch,match_aces,4.5,1.6100,,2026-08-03T11:50:16Z,2026-08-03T20:00:00Z,Totals (Aces),5,"{'hdp': 4.5, 'over': '1.61'}"
73325184,2026-08-03,WTA,Toronto,Bet365,Renata Zarazua,Tamara Korpatsch,match_aces,9.5,6.5000,,2026-08-03T11:50:16Z,2026-08-03T20:00:00Z,Totals (Aces),5,"{'hdp': 9.5, 'over': '6.50'}"
73325184,2026-08-03,WTA,Toronto,Bet365,Renata Zarazua,Tamara Korpatsch,match_aces,14.5,26.0000,,2026-08-03T11:50:16Z,2026-08-03T20:00:00Z,Totals (Aces),5,"{'hdp': 14.5, 'over': '26.00'}"
73325184,2026-08-03,WTA,Toronto,Bet365,Tamara Korpatsch,Renata Zarazua,aces,0.5,1.0300,,2026-08-03T11:50:16Z,2026-08-03T20:00:00Z,Team Total (Aces) Away,5,"{'hdp': 0.5, 'over': '1.03'}"
73325184,2026-08-03,WTA,Toronto,Bet365,Tamara Korpatsch,Renata Zarazua,aces,2.5,1.4000,,2026-08-03T11:50:16Z,2026-08-03T20:00:00Z,Team Total (Aces) Away,5,"{'hdp': 2.5, 'over': '1.40'}"
73325184,2026-08-03,WTA,Toronto,Bet365,Tamara Korpatsch,Renata Zarazua,aces,4.5,2.5000,,2026-08-03T11:50:16Z,2026-08-03T20:00:00Z,Team Total (Aces) Away,5,"{'hdp': 4.5, 'over': '2.50'}"
73325184,2026-08-03,WTA,Toronto,Bet365,Tamara Korpatsch,Renata Zarazua,aces,9.5,17.0000,,2026-08-03T11:50:16Z,2026-08-03T20:00:00Z,Team Total (Aces) Away,5,"{'hdp': 9.5, 'over': '17.00'}"
73325184,2026-08-03,WTA,Toronto,Bet365,Tamara Korpatsch,Renata Zarazua,aces,14.5,26.0000,,2026-08-03T11:50:16Z,2026-08-03T20:00:00Z,Team Total (Aces) Away,5,"{'hdp': 14.5, 'over': '26.00'}"
73325184,2026-08-03,WTA,Toronto,Bet365,Renata Zarazua,Tamara Korpatsch,aces,0.5,1.2500,,2026-08-03T11:50:16Z,2026-08-03T20:00:00Z,Team Total (Aces) Home,3,"{'hdp': 0.5, 'over': '1.25'}"
73325184,2026-08-03,WTA,Toronto,Bet365,Renata Zarazua,Tamara Korpatsch,aces,2.5,3.7500,,2026-08-03T11:50:16Z,2026-08-03T20:00:00Z,Team Total (Aces) Home,3,"{'hdp': 2.5, 'over': '3.75'}"
73325184,2026-08-03,WTA,Toronto,Bet365,Renata Zarazua,Tamara Korpatsch,aces,4.5,17.0000,,2026-08-03T11:50:16Z,2026-08-03T20:00:00Z,Team Total (Aces) Home,3,"{'hdp': 4.5, 'over': '17.00'}"
73325184,2026-08-03,WTA,Toronto,Bet365,Tamara Korpatsch,Renata Zarazua,double_faults,1.5,1.0500,,2026-08-03T11:50:16Z,2026-08-03T20:00:00Z,Team Total (Double Faults) Away,7,"{'hdp': 1.5, 'over': '1.05'}"
73325184,2026-08-03,WTA,Toronto,Bet365,Tamara Korpatsch,Renata Zarazua,double_faults,2.5,1.1600,,2026-08-03T11:50:16Z,2026-08-03T20:00:00Z,Team Total (Double Faults) Away,7,"{'hdp': 2.5, 'over': '1.16'}"
73325184,2026-08-03,WTA,Toronto,Bet365,Tamara Korpatsch,Renata Zarazua,double_faults,4.5,1.8000,,2026-08-03T11:50:16Z,2026-08-03T20:00:00Z,Team Total (Double Faults) Away,7,"{'hdp': 4.5, 'over': '1.80'}"
73325184,2026-08-03,WTA,Toronto,Bet365,Tamara Korpatsch,Renata Zarazua,double_faults,9.5,13.0000,,2026-08-03T11:50:16Z,2026-08-03T20:00:00Z,Team Total (Double Faults) Away,7,"{'hdp': 9.5, 'over': '13.00'}"
73325184,2026-08-03,WTA,Toronto,Bet365,Tamara Korpatsch,Renata Zarazua,double_faults,11.5,26.0000,,2026-08-03T11:50:16Z,2026-08-03T20:00:00Z,Team Total (Double Faults) Away,7,"{'hdp': 11.5, 'over': '26.00'}"
73325184,2026-08-03,WTA,Toronto,Bet365,Tamara Korpatsch,Renata Zarazua,double_faults,7.5,5.0000,,2026-08-03T11:50:16Z,2026-08-03T20:00:00Z,Team Total (Double Faults) Away,7,"{'hdp': 7.5, 'over': '5.00'}"
73325192,2026-08-03,WTA,Toronto,Bet365,Taylor Townsend,Tereza Valentova,aces,0.5,1.0100,,2026-08-03T11:50:16Z,2026-08-03T20:00:00Z,Team Total (Aces) Away,5,"{'hdp': 0.5, 'over': '1.01'}"
73325192,2026-08-03,WTA,Toronto,Bet365,Taylor Townsend,Tereza Valentova,aces,2.5,1.2200,,2026-08-03T11:50:16Z,2026-08-03T20:00:00Z,Team Total (Aces) Away,5,"{'hdp': 2.5, 'over': '1.22'}"
73325192,2026-08-03,WTA,Toronto,Bet365,Taylor Townsend,Tereza Valentova,aces,4.5,1.8000,,2026-08-03T11:50:16Z,2026-08-03T20:00:00Z,Team Total (Aces) Away,5,"{'hdp': 4.5, 'over': '1.80'}"
73325192,2026-08-03,WTA,Toronto,Bet365,Taylor Townsend,Tereza Valentova,aces,9.5,8.0000,,2026-08-03T11:50:16Z,2026-08-03T20:00:00Z,Team Total (Aces) Away,5,"{'hdp': 9.5, 'over': '8.00'}"
73325192,2026-08-03,WTA,Toronto,Bet365,Taylor Townsend,Tereza Valentova,aces,14.5,26.0000,,2026-08-03T11:50:16Z,2026-08-03T20:00:00Z,Team Total (Aces) Away,5,"{'hdp': 14.5, 'over': '26.00'}"
73325192,2026-08-03,WTA,Toronto,Bet365,Tereza Valentova,Taylor Townsend,double_faults,4.5,1.5300,,2026-08-03T11:50:16Z,2026-08-03T20:00:00Z,Team Total (Double Faults) Home,8,"{'hdp': 4.5, 'over': '1.53'}"
73325192,2026-08-03,WTA,Toronto,Bet365,Tereza Valentova,Taylor Townsend,double_faults,7.5,3.4000,,2026-08-03T11:50:16Z,2026-08-03T20:00:00Z,Team Total (Double Faults) Home,8,"{'hdp': 7.5, 'over': '3.40'}"
73325192,2026-08-03,WTA,Toronto,Bet365,Tereza Valentova,Taylor Townsend,double_faults,9.5,6.5000,,2026-08-03T11:50:16Z,2026-08-03T20:00:00Z,Team Total (Double Faults) Home,8,"{'hdp': 9.5, 'over': '6.50'}"
73325192,2026-08-03,WTA,Toronto,Bet365,Tereza Valentova,Taylor Townsend,double_faults,1.5,1.0400,,2026-08-03T11:50:16Z,2026-08-03T20:00:00Z,Team Total (Double Faults) Home,8,"{'hdp': 1.5, 'over': '1.04'}"
73325192,2026-08-03,WTA,Toronto,Bet365,Tereza Valentova,Taylor Townsend,double_faults,2.5,1.1200,,2026-08-03T11:50:16Z,2026-08-03T20:00:00Z,Team Total (Double Faults) Home,8,"{'hdp': 2.5, 'over': '1.12'}"
73325192,2026-08-03,WTA,Toronto,Bet365,Tereza Valentova,Taylor Townsend,double_faults,11.5,13.0000,,2026-08-03T11:50:16Z,2026-08-03T20:00:00Z,Team Total (Double Faults) Home,8,"{'hdp': 11.5, 'over': '13.00'}"
73325192,2026-08-03,WTA,Toronto,Bet365,Tereza Valentova,Taylor Townsend,double_faults,14.5,26.0000,,2026-08-03T11:50:16Z,2026-08-03T20:00:00Z,Team Total (Double Faults) Home,8,"{'hdp': 14.5, 'over': '26.00'}"
73325192,2026-08-03,WTA,Toronto,Bet365,Tereza Valentova,Taylor Townsend,match_aces,2.5,1.0200,,2026-08-03T11:50:16Z,2026-08-03T20:00:00Z,Totals (Aces),7,"{'hdp': 2.5, 'over': '1.02'}"
73325192,2026-08-03,WTA,Toronto,Bet365,Tereza Valentova,Taylor Townsend,match_aces,4.5,1.1400,,2026-08-03T11:50:16Z,2026-08-03T20:00:00Z,Totals (Aces),7,"{'hdp': 4.5, 'over': '1.14'}"
73325192,2026-08-03,WTA,Toronto,Bet365,Tereza Valentova,Taylor Townsend,match_aces,9.5,2.1000,,2026-08-03T11:50:16Z,2026-08-03T20:00:00Z,Totals (Aces),7,"{'hdp': 9.5, 'over': '2.10'}"
73325192,2026-08-03,WTA,Toronto,Bet365,Tereza Valentova,Taylor Townsend,match_aces,14.5,6.0000,,2026-08-03T11:50:16Z,2026-08-03T20:00:00Z,Totals (Aces),7,"{'hdp': 14.5, 'over': '6.00'}"
73325192,2026-08-03,WTA,Toronto,Bet365,Tereza Valentova,Taylor Townsend,match_aces,19.5,19.0000,,2026-08-03T11:50:16Z,2026-08-03T20:00:00Z,Totals (Aces),7,"{'hdp': 19.5, 'over': '19.00'}"
73325192,2026-08-03,WTA,Toronto,Bet365,Tereza Valentova,Taylor Townsend,match_aces,24.5,26.0000,,2026-08-03T11:50:16Z,2026-08-03T20:00:00Z,Totals (Aces),7,"{'hdp': 24.5, 'over': '26.00'}"
73325192,2026-08-03,WTA,Toronto,Bet365,Tereza Valentova,Taylor Townsend,aces,0.5,1.0200,,2026-08-03T11:50:16Z,2026-08-03T20:00:00Z,Team Total (Aces) Home,5,"{'hdp': 0.5, 'over': '1.02'}"
73325192,2026-08-03,WTA,Toronto,Bet365,Tereza Valentova,Taylor Townsend,aces,2.5,1.3600,,2026-08-03T11:50:16Z,2026-08-03T20:00:00Z,Team Total (Aces) Home,5,"{'hdp': 2.5, 'over': '1.36'}"
73325192,2026-08-03,WTA,Toronto,Bet365,Tereza Valentova,Taylor Townsend,aces,4.5,2.2500,,2026-08-03T11:50:16Z,2026-08-03T20:00:00Z,Team Total (Aces) Home,5,"{'hdp': 4.5, 'over': '2.25'}"
73325192,2026-08-03,WTA,Toronto,Bet365,Tereza Valentova,Taylor Townsend,aces,9.5,17.0000,,2026-08-03T11:50:16Z,2026-08-03T20:00:00Z,Team Total (Aces) Home,5,"{'hdp': 9.5, 'over': '17.00'}"
73325192,2026-08-03,WTA,Toronto,Bet365,Tereza Valentova,Taylor Townsend,aces,14.5,26.0000,,2026-08-03T11:50:16Z,2026-08-03T20:00:00Z,Team Total (Aces) Home,5,"{'hdp': 14.5, 'over': '26.00'}"
73325192,2026-08-03,WTA,Toronto,Bet365,Taylor Townsend,Tereza Valentova,double_faults,0.5,1.0200,,2026-08-03T11:50:16Z,2026-08-03T20:00:00Z,Team Total (Double Faults) Away,6,"{'hdp': 0.5, 'over': '1.02'}"
73325192,2026-08-03,WTA,Toronto,Bet365,Taylor Townsend,Tereza Valentova,double_faults,1.5,1.1400,,2026-08-03T11:50:16Z,2026-08-03T20:00:00Z,Team Total (Double Faults) Away,6,"{'hdp': 1.5, 'over': '1.14'}"
73325192,2026-08-03,WTA,Toronto,Bet365,Taylor Townsend,Tereza Valentova,double_faults,2.5,1.4400,,2026-08-03T11:50:16Z,2026-08-03T20:00:00Z,Team Total (Double Faults) Away,6,"{'hdp': 2.5, 'over': '1.44'}"
73325192,2026-08-03,WTA,Toronto,Bet365,Taylor Townsend,Tereza Valentova,double_faults,4.5,3.0000,,2026-08-03T11:50:16Z,2026-08-03T20:00:00Z,Team Total (Double Faults) Away,6,"{'hdp': 4.5, 'over': '3.00'}"
73325192,2026-08-03,WTA,Toronto,Bet365,Taylor Townsend,Tereza Valentova,double_faults,7.5,15.0000,,2026-08-03T11:50:16Z,2026-08-03T20:00:00Z,Team Total (Double Faults) Away,6,"{'hdp': 7.5, 'over': '15.00'}"
73325192,2026-08-03,WTA,Toronto,Bet365,Taylor Townsend,Tereza Valentova,double_faults,9.5,26.0000,,2026-08-03T11:50:16Z,2026-08-03T20:00:00Z,Team Total (Double Faults) Away,6,"{'hdp': 9.5, 'over': '26.00'}"
73325192,2026-08-03,WTA,Toronto,Bet365,Tereza Valentova,Taylor Townsend,match_double_faults,2.5,1.0100,,2026-08-03T11:50:16Z,2026-08-03T20:00:00Z,Totals (Double Faults),8,"{'hdp': 2.5, 'over': '1.01'}"
73325192,2026-08-03,WTA,Toronto,Bet365,Tereza Valentova,Taylor Townsend,match_double_faults,4.5,1.0700,,2026-08-03T11:50:16Z,2026-08-03T20:00:00Z,Totals (Double Faults),8,"{'hdp': 4.5, 'over': '1.07'}"
73325192,2026-08-03,WTA,Toronto,Bet365,Tereza Valentova,Taylor Townsend,match_double_faults,7.5,1.4400,,2026-08-03T11:50:16Z,2026-08-03T20:00:00Z,Totals (Double Faults),8,"{'hdp': 7.5, 'over': '1.44'}"
73325192,2026-08-03,WTA,Toronto,Bet365,Tereza Valentova,Taylor Townsend,match_double_faults,9.5,2.0000,,2026-08-03T11:50:16Z,2026-08-03T20:00:00Z,Totals (Double Faults),8,"{'hdp': 9.5, 'over': '2.00'}"
73325192,2026-08-03,WTA,Toronto,Bet365,Tereza Valentova,Taylor Townsend,match_double_faults,11.5,3.2500,,2026-08-03T11:50:16Z,2026-08-03T20:00:00Z,Totals (Double Faults),8,"{'hdp': 11.5, 'over': '3.25'}"
73325192,2026-08-03,WTA,Toronto,Bet365,Tereza Valentova,Taylor Townsend,match_double_faults,14.5,7.0000,,2026-08-03T11:50:16Z,2026-08-03T20:00:00Z,Totals (Double Faults),8,"{'hdp': 14.5, 'over': '7.00'}"
73325192,2026-08-03,WTA,Toronto,Bet365,Tereza Valentova,Taylor Townsend,match_double_faults,19.5,26.0000,,2026-08-03T11:50:16Z,2026-08-03T20:00:00Z,Totals (Double Faults),8,"{'hdp': 19.5, 'over': '26.00'}"
73356482,2026-08-03,WTA,Toronto,Bet365,Maya Joint,Yuliia Starodubtseva,aces,0.5,1.0400,,2026-08-03T11:50:16Z,2026-08-03T18:35:00Z,Team Total (Aces) Away,4,"{'hdp': 0.5, 'over': '1.04'}"
73356482,2026-08-03,WTA,Toronto,Bet365,Maya Joint,Yuliia Starodubtseva,aces,2.5,1.5000,,2026-08-03T11:50:16Z,2026-08-03T18:35:00Z,Team Total (Aces) Away,4,"{'hdp': 2.5, 'over': '1.50'}"
73356482,2026-08-03,WTA,Toronto,Bet365,Maya Joint,Yuliia Starodubtseva,aces,4.5,3.0000,,2026-08-03T11:50:16Z,2026-08-03T18:35:00Z,Team Total (Aces) Away,4,"{'hdp': 4.5, 'over': '3.00'}"
73356482,2026-08-03,WTA,Toronto,Bet365,Maya Joint,Yuliia Starodubtseva,aces,9.5,26.0000,,2026-08-03T11:50:16Z,2026-08-03T18:35:00Z,Team Total (Aces) Away,4,"{'hdp': 9.5, 'over': '26.00'}"
73356482,2026-08-03,WTA,Toronto,Bet365,Yuliia Starodubtseva,Maya Joint,aces,0.5,1.0400,,2026-08-03T11:50:16Z,2026-08-03T18:35:00Z,Team Total (Aces) Home,4,"{'hdp': 0.5, 'over': '1.04'}"
73356482,2026-08-03,WTA,Toronto,Bet365,Yuliia Starodubtseva,Maya Joint,aces,2.5,1.5000,,2026-08-03T11:50:16Z,2026-08-03T18:35:00Z,Team Total (Aces) Home,4,"{'hdp': 2.5, 'over': '1.50'}"
73356482,2026-08-03,WTA,Toronto,Bet365,Yuliia Starodubtseva,Maya Joint,aces,4.5,3.0000,,2026-08-03T11:50:16Z,2026-08-03T18:35:00Z,Team Total (Aces) Home,4,"{'hdp': 4.5, 'over': '3.00'}"
73356482,2026-08-03,WTA,Toronto,Bet365,Yuliia Starodubtseva,Maya Joint,aces,9.5,26.0000,,2026-08-03T11:50:16Z,2026-08-03T18:35:00Z,Team Total (Aces) Home,4,"{'hdp': 9.5, 'over': '26.00'}"
73356482,2026-08-03,WTA,Toronto,Bet365,Maya Joint,Yuliia Starodubtseva,double_faults,1.5,1.0300,,2026-08-03T11:50:16Z,2026-08-03T18:35:00Z,Team Total (Double Faults) Away,8,"{'hdp': 1.5, 'over': '1.03'}"
73356482,2026-08-03,WTA,Toronto,Bet365,Maya Joint,Yuliia Starodubtseva,double_faults,2.5,1.1000,,2026-08-03T11:50:16Z,2026-08-03T18:35:00Z,Team Total (Double Faults) Away,8,"{'hdp': 2.5, 'over': '1.10'}"
73356482,2026-08-03,WTA,Toronto,Bet365,Maya Joint,Yuliia Starodubtseva,double_faults,4.5,1.5000,,2026-08-03T11:50:16Z,2026-08-03T18:35:00Z,Team Total (Double Faults) Away,8,"{'hdp': 4.5, 'over': '1.50'}"
73356482,2026-08-03,WTA,Toronto,Bet365,Maya Joint,Yuliia Starodubtseva,double_faults,7.5,3.7500,,2026-08-03T11:50:16Z,2026-08-03T18:35:00Z,Team Total (Double Faults) Away,8,"{'hdp': 7.5, 'over': '3.75'}"
73356482,2026-08-03,WTA,Toronto,Bet365,Maya Joint,Yuliia Starodubtseva,double_faults,9.5,8.0000,,2026-08-03T11:50:16Z,2026-08-03T18:35:00Z,Team Total (Double Faults) Away,8,"{'hdp': 9.5, 'over': '8.00'}"
73356482,2026-08-03,WTA,Toronto,Bet365,Maya Joint,Yuliia Starodubtseva,double_faults,11.5,19.0000,,2026-08-03T11:50:16Z,2026-08-03T18:35:00Z,Team Total (Double Faults) Away,8,"{'hdp': 11.5, 'over': '19.00'}"
73356482,2026-08-03,WTA,Toronto,Bet365,Maya Joint,Yuliia Starodubtseva,double_faults,14.5,26.0000,,2026-08-03T11:50:16Z,2026-08-03T18:35:00Z,Team Total (Double Faults) Away,8,"{'hdp': 14.5, 'over': '26.00'}"
73356482,2026-08-03,WTA,Toronto,Bet365,Yuliia Starodubtseva,Maya Joint,match_aces,2.5,1.0600,,2026-08-03T11:50:16Z,2026-08-03T18:35:00Z,Totals (Aces),6,"{'hdp': 2.5, 'over': '1.06'}"
73356482,2026-08-03,WTA,Toronto,Bet365,Yuliia Starodubtseva,Maya Joint,match_aces,4.5,1.2800,,2026-08-03T11:50:16Z,2026-08-03T18:35:00Z,Totals (Aces),6,"{'hdp': 4.5, 'over': '1.28'}"
73356482,2026-08-03,WTA,Toronto,Bet365,Yuliia Starodubtseva,Maya Joint,match_aces,9.5,3.5000,,2026-08-03T11:50:16Z,2026-08-03T18:35:00Z,Totals (Aces),6,"{'hdp': 9.5, 'over': '3.50'}"
73356482,2026-08-03,WTA,Toronto,Bet365,Yuliia Starodubtseva,Maya Joint,match_aces,14.5,15.0000,,2026-08-03T11:50:16Z,2026-08-03T18:35:00Z,Totals (Aces),6,"{'hdp': 14.5, 'over': '15.00'}"
73356482,2026-08-03,WTA,Toronto,Bet365,Yuliia Starodubtseva,Maya Joint,match_aces,19.5,26.0000,,2026-08-03T11:50:16Z,2026-08-03T18:35:00Z,Totals (Aces),6,"{'hdp': 19.5, 'over': '26.00'}"
73356482,2026-08-03,WTA,Toronto,Bet365,Yuliia Starodubtseva,Maya Joint,double_faults,0.5,1.0200,,2026-08-03T11:50:16Z,2026-08-03T18:35:00Z,Team Total (Double Faults) Home,6,"{'hdp': 0.5, 'over': '1.02'}"
73356482,2026-08-03,WTA,Toronto,Bet365,Yuliia Starodubtseva,Maya Joint,double_faults,1.5,1.1400,,2026-08-03T11:50:16Z,2026-08-03T18:35:00Z,Team Total (Double Faults) Home,6,"{'hdp': 1.5, 'over': '1.14'}"
73356482,2026-08-03,WTA,Toronto,Bet365,Yuliia Starodubtseva,Maya Joint,double_faults,2.5,1.4000,,2026-08-03T11:50:16Z,2026-08-03T18:35:00Z,Team Total (Double Faults) Home,6,"{'hdp': 2.5, 'over': '1.40'}"
73356482,2026-08-03,WTA,Toronto,Bet365,Yuliia Starodubtseva,Maya Joint,double_faults,4.5,2.6200,,2026-08-03T11:50:16Z,2026-08-03T18:35:00Z,Team Total (Double Faults) Home,6,"{'hdp': 4.5, 'over': '2.62'}"
73356482,2026-08-03,WTA,Toronto,Bet365,Yuliia Starodubtseva,Maya Joint,double_faults,7.5,11.0000,,2026-08-03T11:50:16Z,2026-08-03T18:35:00Z,Team Total (Double Faults) Home,6,"{'hdp': 7.5, 'over': '11.00'}"
73356482,2026-08-03,WTA,Toronto,Bet365,Yuliia Starodubtseva,Maya Joint,double_faults,9.5,26.0000,,2026-08-03T11:50:16Z,2026-08-03T18:35:00Z,Team Total (Double Faults) Home,6,"{'hdp': 9.5, 'over': '26.00'}"
73356482,2026-08-03,WTA,Toronto,Bet365,Yuliia Starodubtseva,Maya Joint,match_double_faults,4.5,1.0600,,2026-08-03T11:50:16Z,2026-08-03T18:35:00Z,Totals (Double Faults),8,"{'hdp': 4.5, 'over': '1.06'}"
73356482,2026-08-03,WTA,Toronto,Bet365,Yuliia Starodubtseva,Maya Joint,match_double_faults,7.5,1.4000,,2026-08-03T11:50:16Z,2026-08-03T18:35:00Z,Totals (Double Faults),8,"{'hdp': 7.5, 'over': '1.40'}"
73356482,2026-08-03,WTA,Toronto,Bet365,Yuliia Starodubtseva,Maya Joint,match_double_faults,9.5,2.0000,,2026-08-03T11:50:16Z,2026-08-03T18:35:00Z,Totals (Double Faults),8,"{'hdp': 9.5, 'over': '2.00'}"
73356482,2026-08-03,WTA,Toronto,Bet365,Yuliia Starodubtseva,Maya Joint,match_double_faults,11.5,3.2500,,2026-08-03T11:50:16Z,2026-08-03T18:35:00Z,Totals (Double Faults),8,"{'hdp': 11.5, 'over': '3.25'}"
73356482,2026-08-03,WTA,Toronto,Bet365,Yuliia Starodubtseva,Maya Joint,match_double_faults,14.5,8.0000,,2026-08-03T11:50:16Z,2026-08-03T18:35:00Z,Totals (Double Faults),8,"{'hdp': 14.5, 'over': '8.00'}"
73356482,2026-08-03,WTA,Toronto,Bet365,Yuliia Starodubtseva,Maya Joint,match_double_faults,19.5,26.0000,,2026-08-03T11:50:16Z,2026-08-03T18:35:00Z,Totals (Double Faults),8,"{'hdp': 19.5, 'over': '26.00'}"
73325190,2026-08-03,WTA,Toronto,Bet365,Carol Zhao,Magda Linette,aces,0.5,1.1100,,2026-08-03T11:50:16Z,2026-08-03T18:40:00Z,Team Total (Aces) Home,4,"{'hdp': 0.5, 'over': '1.11'}"
73325190,2026-08-03,WTA,Toronto,Bet365,Carol Zhao,Magda Linette,aces,2.5,2.0000,,2026-08-03T11:50:16Z,2026-08-03T18:40:00Z,Team Total (Aces) Home,4,"{'hdp': 2.5, 'over': '2.00'}"
73325190,2026-08-03,WTA,Toronto,Bet365,Carol Zhao,Magda Linette,aces,4.5,5.0000,,2026-08-03T11:50:16Z,2026-08-03T18:40:00Z,Team Total (Aces) Home,4,"{'hdp': 4.5, 'over': '5.00'}"
73325190,2026-08-03,WTA,Toronto,Bet365,Carol Zhao,Magda Linette,aces,9.5,26.0000,,2026-08-03T11:50:16Z,2026-08-03T18:40:00Z,Team Total (Aces) Home,4,"{'hdp': 9.5, 'over': '26.00'}"
73325190,2026-08-03,WTA,Toronto,Bet365,Carol Zhao,Magda Linette,double_faults,4.5,1.1600,,2026-08-03T11:50:16Z,2026-08-03T18:40:00Z,Team Total (Double Faults) Home,9,"{'hdp': 4.5, 'over': '1.16'}"
73325190,2026-08-03,WTA,Toronto,Bet365,Carol Zhao,Magda Linette,double_faults,7.5,1.9000,,2026-08-03T11:50:16Z,2026-08-03T18:40:00Z,Team Total (Double Faults) Home,9,"{'hdp': 7.5, 'over': '1.90'}"
73325190,2026-08-03,WTA,Toronto,Bet365,Carol Zhao,Magda Linette,double_faults,14.5,21.0000,,2026-08-03T11:50:16Z,2026-08-03T18:40:00Z,Team Total (Double Faults) Home,9,"{'hdp': 14.5, 'over': '21.00'}"
73325190,2026-08-03,WTA,Toronto,Bet365,Carol Zhao,Magda Linette,double_faults,2.5,1.0200,,2026-08-03T11:50:16Z,2026-08-03T18:40:00Z,Team Total (Double Faults) Home,9,"{'hdp': 2.5, 'over': '1.02'}"
73325190,2026-08-03,WTA,Toronto,Bet365,Carol Zhao,Magda Linette,double_faults,9.5,3.4000,,2026-08-03T11:50:16Z,2026-08-03T18:40:00Z,Team Total (Double Faults) Home,9,"{'hdp': 9.5, 'over': '3.40'}"
73325190,2026-08-03,WTA,Toronto,Bet365,Carol Zhao,Magda Linette,double_faults,11.5,6.5000,,2026-08-03T11:50:16Z,2026-08-03T18:40:00Z,Team Total (Double Faults) Home,9,"{'hdp': 11.5, 'over': '6.50'}"
73325190,2026-08-03,WTA,Toronto,Bet365,Carol Zhao,Magda Linette,double_faults,19.5,26.0000,,2026-08-03T11:50:16Z,2026-08-03T18:40:00Z,Team Total (Double Faults) Home,9,"{'hdp': 19.5, 'over': '26.00'}"
73325190,2026-08-03,WTA,Toronto,Bet365,Carol Zhao,Magda Linette,match_aces,2.5,1.0700,,2026-08-03T11:50:16Z,2026-08-03T18:40:00Z,Totals (Aces),6,"{'hdp': 2.5, 'over': '1.07'}"
73325190,2026-08-03,WTA,Toronto,Bet365,Carol Zhao,Magda Linette,match_aces,9.5,3.7500,,2026-08-03T11:50:16Z,2026-08-03T18:40:00Z,Totals (Aces),6,"{'hdp': 9.5, 'over': '3.75'}"
73325190,2026-08-03,WTA,Toronto,Bet365,Carol Zhao,Magda Linette,match_aces,14.5,15.0000,,2026-08-03T11:50:16Z,2026-08-03T18:40:00Z,Totals (Aces),6,"{'hdp': 14.5, 'over': '15.00'}"
73325190,2026-08-03,WTA,Toronto,Bet365,Carol Zhao,Magda Linette,match_aces,19.5,26.0000,,2026-08-03T11:50:16Z,2026-08-03T18:40:00Z,Totals (Aces),6,"{'hdp': 19.5, 'over': '26.00'}"
73325190,2026-08-03,WTA,Toronto,Bet365,Carol Zhao,Magda Linette,match_aces,4.5,1.3000,,2026-08-03T11:50:16Z,2026-08-03T18:40:00Z,Totals (Aces),6,"{'hdp': 4.5, 'over': '1.30'}"
73325190,2026-08-03,WTA,Toronto,Bet365,Carol Zhao,Magda Linette,match_double_faults,4.5,1.0500,,2026-08-03T11:50:16Z,2026-08-03T18:40:00Z,Totals (Double Faults),8,"{'hdp': 4.5, 'over': '1.05'}"
73325190,2026-08-03,WTA,Toronto,Bet365,Carol Zhao,Magda Linette,match_double_faults,7.5,1.3600,,2026-08-03T11:50:16Z,2026-08-03T18:40:00Z,Totals (Double Faults),8,"{'hdp': 7.5, 'over': '1.36'}"
73325190,2026-08-03,WTA,Toronto,Bet365,Carol Zhao,Magda Linette,match_double_faults,9.5,1.9000,,2026-08-03T11:50:16Z,2026-08-03T18:40:00Z,Totals (Double Faults),8,"{'hdp': 9.5, 'over': '1.90'}"
73325190,2026-08-03,WTA,Toronto,Bet365,Carol Zhao,Magda Linette,match_double_faults,14.5,7.0000,,2026-08-03T11:50:16Z,2026-08-03T18:40:00Z,Totals (Double Faults),8,"{'hdp': 14.5, 'over': '7.00'}"
73325190,2026-08-03,WTA,Toronto,Bet365,Carol Zhao,Magda Linette,match_double_faults,11.5,3.0000,,2026-08-03T11:50:16Z,2026-08-03T18:40:00Z,Totals (Double Faults),8,"{'hdp': 11.5, 'over': '3.00'}"
73325190,2026-08-03,WTA,Toronto,Bet365,Carol Zhao,Magda Linette,match_double_faults,19.5,26.0000,,2026-08-03T11:50:16Z,2026-08-03T18:40:00Z,Totals (Double Faults),8,"{'hdp': 19.5, 'over': '26.00'}"
73325190,2026-08-03,WTA,Toronto,Bet365,Magda Linette,Carol Zhao,aces,0.5,1.0100,,2026-08-03T11:50:16Z,2026-08-03T18:40:00Z,Team Total (Aces) Away,5,"{'hdp': 0.5, 'over': '1.01'}"
73325190,2026-08-03,WTA,Toronto,Bet365,Magda Linette,Carol Zhao,aces,2.5,1.2800,,2026-08-03T11:50:16Z,2026-08-03T18:40:00Z,Team Total (Aces) Away,5,"{'hdp': 2.5, 'over': '1.28'}"
73325190,2026-08-03,WTA,Toronto,Bet365,Magda Linette,Carol Zhao,aces,4.5,2.1000,,2026-08-03T11:50:16Z,2026-08-03T18:40:00Z,Team Total (Aces) Away,5,"{'hdp': 4.5, 'over': '2.10'}"
73325190,2026-08-03,WTA,Toronto,Bet365,Magda Linette,Carol Zhao,aces,9.5,15.0000,,2026-08-03T11:50:16Z,2026-08-03T18:40:00Z,Team Total (Aces) Away,5,"{'hdp': 9.5, 'over': '15.00'}"
73325190,2026-08-03,WTA,Toronto,Bet365,Magda Linette,Carol Zhao,aces,14.5,26.0000,,2026-08-03T11:50:16Z,2026-08-03T18:40:00Z,Team Total (Aces) Away,5,"{'hdp': 14.5, 'over': '26.00'}"
73325190,2026-08-03,WTA,Toronto,Bet365,Magda Linette,Carol Zhao,double_faults,1.5,1.6600,,2026-08-03T11:50:16Z,2026-08-03T18:40:00Z,Team Total (Double Faults) Away,5,"{'hdp': 1.5, 'over': '1.66'}"
73325190,2026-08-03,WTA,Toronto,Bet365,Magda Linette,Carol Zhao,double_faults,4.5,9.0000,,2026-08-03T11:50:16Z,2026-08-03T18:40:00Z,Team Total (Double Faults) Away,5,"{'hdp': 4.5, 'over': '9.00'}"
73325190,2026-08-03,WTA,Toronto,Bet365,Magda Linette,Carol Zhao,double_faults,0.5,1.1600,,2026-08-03T11:50:16Z,2026-08-03T18:40:00Z,Team Total (Double Faults) Away,5,"{'hdp': 0.5, 'over': '1.16'}"
73325190,2026-08-03,WTA,Toronto,Bet365,Magda Linette,Carol Zhao,double_faults,2.5,2.6200,,2026-08-03T11:50:16Z,2026-08-03T18:40:00Z,Team Total (Double Faults) Away,5,"{'hdp': 2.5, 'over': '2.62'}"
73325190,2026-08-03,WTA,Toronto,Bet365,Magda Linette,Carol Zhao,double_faults,7.5,26.0000,,2026-08-03T11:50:16Z,2026-08-03T18:40:00Z,Team Total (Double Faults) Away,5,"{'hdp': 7.5, 'over': '26.00'}"
73356490,2026-08-03,WTA,Toronto,Bet365,Victoria Jimenez Kasintseva,Alycia Parks,match_aces,2.5,1.0100,,2026-08-03T11:50:16Z,2026-08-03T18:50:00Z,Totals (Aces),8,"{'hdp': 2.5, 'over': '1.01'}"
73356490,2026-08-03,WTA,Toronto,Bet365,Victoria Jimenez Kasintseva,Alycia Parks,match_aces,4.5,1.0700,,2026-08-03T11:50:16Z,2026-08-03T18:50:00Z,Totals (Aces),8,"{'hdp': 4.5, 'over': '1.07'}"
73356490,2026-08-03,WTA,Toronto,Bet365,Victoria Jimenez Kasintseva,Alycia Parks,match_aces,9.5,1.6600,,2026-08-03T11:50:16Z,2026-08-03T18:50:00Z,Totals (Aces),8,"{'hdp': 9.5, 'over': '1.66'}"
73356490,2026-08-03,WTA,Toronto,Bet365,Victoria Jimenez Kasintseva,Alycia Parks,match_aces,14.5,3.5000,,2026-08-03T11:50:16Z,2026-08-03T18:50:00Z,Totals (Aces),8,"{'hdp': 14.5, 'over': '3.50'}"
73356490,2026-08-03,WTA,Toronto,Bet365,Victoria Jimenez Kasintseva,Alycia Parks,match_aces,19.5,10.0000,,2026-08-03T11:50:16Z,2026-08-03T18:50:00Z,Totals (Aces),8,"{'hdp': 19.5, 'over': '10.00'}"
73356490,2026-08-03,WTA,Toronto,Bet365,Victoria Jimenez Kasintseva,Alycia Parks,match_aces,24.5,23.0000,,2026-08-03T11:50:16Z,2026-08-03T18:50:00Z,Totals (Aces),8,"{'hdp': 24.5, 'over': '23.00'}"
73356490,2026-08-03,WTA,Toronto,Bet365,Victoria Jimenez Kasintseva,Alycia Parks,match_aces,29.5,26.0000,,2026-08-03T11:50:16Z,2026-08-03T18:50:00Z,Totals (Aces),8,"{'hdp': 29.5, 'over': '26.00'}"
73356490,2026-08-03,WTA,Toronto,Bet365,Alycia Parks,Victoria Jimenez Kasintseva,double_faults,4.5,1.0400,,2026-08-03T11:50:16Z,2026-08-03T18:50:00Z,Team Total (Double Faults) Away,9,"{'hdp': 4.5, 'over': '1.04'}"
73356490,2026-08-03,WTA,Toronto,Bet365,Alycia Parks,Victoria Jimenez Kasintseva,double_faults,7.5,1.2000,,2026-08-03T11:50:16Z,2026-08-03T18:50:00Z,Team Total (Double Faults) Away,9,"{'hdp': 7.5, 'over': '1.20'}"
73356490,2026-08-03,WTA,Toronto,Bet365,Alycia Parks,Victoria Jimenez Kasintseva,double_faults,9.5,1.4400,,2026-08-03T11:50:16Z,2026-08-03T18:50:00Z,Team Total (Double Faults) Away,9,"{'hdp': 9.5, 'over': '1.44'}"
73356490,2026-08-03,WTA,Toronto,Bet365,Alycia Parks,Victoria Jimenez Kasintseva,double_faults,11.5,1.8300,,2026-08-03T11:50:16Z,2026-08-03T18:50:00Z,Team Total (Double Faults) Away,9,"{'hdp': 11.5, 'over': '1.83'}"
73356490,2026-08-03,WTA,Toronto,Bet365,Alycia Parks,Victoria Jimenez Kasintseva,double_faults,14.5,3.0000,,2026-08-03T11:50:16Z,2026-08-03T18:50:00Z,Team Total (Double Faults) Away,9,"{'hdp': 14.5, 'over': '3.00'}"
73356490,2026-08-03,WTA,Toronto,Bet365,Alycia Parks,Victoria Jimenez Kasintseva,double_faults,19.5,8.0000,,2026-08-03T11:50:16Z,2026-08-03T18:50:00Z,Team Total (Double Faults) Away,9,"{'hdp': 19.5, 'over': '8.00'}"
73356490,2026-08-03,WTA,Toronto,Bet365,Alycia Parks,Victoria Jimenez Kasintseva,double_faults,24.5,21.0000,,2026-08-03T11:50:16Z,2026-08-03T18:50:00Z,Team Total (Double Faults) Away,9,"{'hdp': 24.5, 'over': '21.00'}"
73356490,2026-08-03,WTA,Toronto,Bet365,Victoria Jimenez Kasintseva,Alycia Parks,double_faults,1.5,1.0100,,2026-08-03T11:50:16Z,2026-08-03T18:50:00Z,Team Total (Double Faults) Home,8,"{'hdp': 1.5, 'over': '1.01'}"
73356490,2026-08-03,WTA,Toronto,Bet365,Victoria Jimenez Kasintseva,Alycia Parks,double_faults,2.5,1.0500,,2026-08-03T11:50:16Z,2026-08-03T18:50:00Z,Team Total (Double Faults) Home,8,"{'hdp': 2.5, 'over': '1.05'}"
73356490,2026-08-03,WTA,Toronto,Bet365,Victoria Jimenez Kasintseva,Alycia Parks,double_faults,4.5,1.3000,,2026-08-03T11:50:16Z,2026-08-03T18:50:00Z,Team Total (Double Faults) Home,8,"{'hdp': 4.5, 'over': '1.30'}"
73356490,2026-08-03,WTA,Toronto,Bet365,Victoria Jimenez Kasintseva,Alycia Parks,double_faults,7.5,2.5000,,2026-08-03T11:50:16Z,2026-08-03T18:50:00Z,Team Total (Double Faults) Home,8,"{'hdp': 7.5, 'over': '2.50'}"
73356490,2026-08-03,WTA,Toronto,Bet365,Victoria Jimenez Kasintseva,Alycia Parks,double_faults,9.5,4.3300,,2026-08-03T11:50:16Z,2026-08-03T18:50:00Z,Team Total (Double Faults) Home,8,"{'hdp': 9.5, 'over': '4.33'}"
73356490,2026-08-03,WTA,Toronto,Bet365,Victoria Jimenez Kasintseva,Alycia Parks,double_faults,11.5,10.0000,,2026-08-03T11:50:16Z,2026-08-03T18:50:00Z,Team Total (Double Faults) Home,8,"{'hdp': 11.5, 'over': '10.00'}"
73356490,2026-08-03,WTA,Toronto,Bet365,Victoria Jimenez Kasintseva,Alycia Parks,double_faults,14.5,26.0000,,2026-08-03T11:50:16Z,2026-08-03T18:50:00Z,Team Total (Double Faults) Home,8,"{'hdp': 14.5, 'over': '26.00'}"
73356490,2026-08-03,WTA,Toronto,Bet365,Victoria Jimenez Kasintseva,Alycia Parks,match_double_faults,7.5,1.0100,,2026-08-03T11:50:16Z,2026-08-03T18:50:00Z,Totals (Double Faults),7,"{'hdp': 7.5, 'over': '1.01'}"
73356490,2026-08-03,WTA,Toronto,Bet365,Victoria Jimenez Kasintseva,Alycia Parks,match_double_faults,9.5,1.0400,,2026-08-03T11:50:16Z,2026-08-03T18:50:00Z,Totals (Double Faults),7,"{'hdp': 9.5, 'over': '1.04'}"
73356490,2026-08-03,WTA,Toronto,Bet365,Victoria Jimenez Kasintseva,Alycia Parks,match_double_faults,11.5,1.1000,,2026-08-03T11:50:16Z,2026-08-03T18:50:00Z,Totals (Double Faults),7,"{'hdp': 11.5, 'over': '1.10'}"
73356490,2026-08-03,WTA,Toronto,Bet365,Victoria Jimenez Kasintseva,Alycia Parks,match_double_faults,14.5,1.3000,,2026-08-03T11:50:16Z,2026-08-03T18:50:00Z,Totals (Double Faults),7,"{'hdp': 14.5, 'over': '1.30'}"
73356490,2026-08-03,WTA,Toronto,Bet365,Victoria Jimenez Kasintseva,Alycia Parks,match_double_faults,19.5,2.1000,,2026-08-03T11:50:16Z,2026-08-03T18:50:00Z,Totals (Double Faults),7,"{'hdp': 19.5, 'over': '2.10'}"
73356490,2026-08-03,WTA,Toronto,Bet365,Victoria Jimenez Kasintseva,Alycia Parks,match_double_faults,24.5,4.3300,,2026-08-03T11:50:16Z,2026-08-03T18:50:00Z,Totals (Double Faults),7,"{'hdp': 24.5, 'over': '4.33'}"
73356490,2026-08-03,WTA,Toronto,Bet365,Alycia Parks,Victoria Jimenez Kasintseva,aces,2.5,1.0500,,2026-08-03T11:50:16Z,2026-08-03T18:50:00Z,Team Total (Aces) Away,6,"{'hdp': 2.5, 'over': '1.05'}"
73356490,2026-08-03,WTA,Toronto,Bet365,Alycia Parks,Victoria Jimenez Kasintseva,aces,4.5,1.2200,,2026-08-03T11:50:16Z,2026-08-03T18:50:00Z,Team Total (Aces) Away,6,"{'hdp': 4.5, 'over': '1.22'}"
73356490,2026-08-03,WTA,Toronto,Bet365,Alycia Parks,Victoria Jimenez Kasintseva,aces,9.5,2.6200,,2026-08-03T11:50:16Z,2026-08-03T18:50:00Z,Team Total (Aces) Away,6,"{'hdp': 9.5, 'over': '2.62'}"
73356490,2026-08-03,WTA,Toronto,Bet365,Alycia Parks,Victoria Jimenez Kasintseva,aces,14.5,8.0000,,2026-08-03T11:50:16Z,2026-08-03T18:50:00Z,Team Total (Aces) Away,6,"{'hdp': 14.5, 'over': '8.00'}"
73356490,2026-08-03,WTA,Toronto,Bet365,Alycia Parks,Victoria Jimenez Kasintseva,aces,19.5,26.0000,,2026-08-03T11:50:16Z,2026-08-03T18:50:00Z,Team Total (Aces) Away,6,"{'hdp': 19.5, 'over': '26.00'}"
73356490,2026-08-03,WTA,Toronto,Bet365,Victoria Jimenez Kasintseva,Alycia Parks,aces,0.5,1.0700,,2026-08-03T11:50:16Z,2026-08-03T18:50:00Z,Team Total (Aces) Home,4,"{'hdp': 0.5, 'over': '1.07'}"
73356490,2026-08-03,WTA,Toronto,Bet365,Victoria Jimenez Kasintseva,Alycia Parks,aces,2.5,1.8300,,2026-08-03T11:50:16Z,2026-08-03T18:50:00Z,Team Total (Aces) Home,4,"{'hdp': 2.5, 'over': '1.83'}"
73356490,2026-08-03,WTA,Toronto,Bet365,Victoria Jimenez Kasintseva,Alycia Parks,aces,4.5,4.3300,,2026-08-03T11:50:16Z,2026-08-03T18:50:00Z,Team Total (Aces) Home,4,"{'hdp': 4.5, 'over': '4.33'}"
73356490,2026-08-03,WTA,Toronto,Bet365,Victoria Jimenez Kasintseva,Alycia Parks,aces,9.5,26.0000,,2026-08-03T11:50:16Z,2026-08-03T18:50:00Z,Team Total (Aces) Home,4,"{'hdp': 9.5, 'over': '26.00'}"
73325030,2026-08-03,ATP,Montreal,Bet365,Giovanni Mpetshi Perricard,Botic Van de Zandschulp,match_aces,19.5,1.4000,,2026-08-03T11:50:16Z,2026-08-03T19:10:00Z,Totals (Aces),8,"{'hdp': 19.5, 'over': '1.40'}"
73325030,2026-08-03,ATP,Montreal,Bet365,Giovanni Mpetshi Perricard,Botic Van de Zandschulp,match_aces,49.5,23.0000,,2026-08-03T11:50:16Z,2026-08-03T19:10:00Z,Totals (Aces),8,"{'hdp': 49.5, 'over': '23.00'}"
73325030,2026-08-03,ATP,Montreal,Bet365,Giovanni Mpetshi Perricard,Botic Van de Zandschulp,match_aces,9.5,1.0200,,2026-08-03T11:50:16Z,2026-08-03T19:10:00Z,Totals (Aces),8,"{'hdp': 9.5, 'over': '1.02'}"
73325030,2026-08-03,ATP,Montreal,Bet365,Giovanni Mpetshi Perricard,Botic Van de Zandschulp,match_aces,14.5,1.1200,,2026-08-03T11:50:16Z,2026-08-03T19:10:00Z,Totals (Aces),8,"{'hdp': 14.5, 'over': '1.12'}"
73325030,2026-08-03,ATP,Montreal,Bet365,Giovanni Mpetshi Perricard,Botic Van de Zandschulp,match_aces,24.5,1.8300,,2026-08-03T11:50:16Z,2026-08-03T19:10:00Z,Totals (Aces),8,"{'hdp': 24.5, 'over': '1.83'}"
73325030,2026-08-03,ATP,Montreal,Bet365,Giovanni Mpetshi Perricard,Botic Van de Zandschulp,match_aces,29.5,2.7500,,2026-08-03T11:50:16Z,2026-08-03T19:10:00Z,Totals (Aces),8,"{'hdp': 29.5, 'over': '2.75'}"
73325030,2026-08-03,ATP,Montreal,Bet365,Giovanni Mpetshi Perricard,Botic Van de Zandschulp,match_aces,39.5,8.0000,,2026-08-03T11:50:16Z,2026-08-03T19:10:00Z,Totals (Aces),8,"{'hdp': 39.5, 'over': '8.00'}"
73325030,2026-08-03,ATP,Montreal,Bet365,Botic Van de Zandschulp,Giovanni Mpetshi Perricard,double_faults,9.5,15.0000,,2026-08-03T11:50:16Z,2026-08-03T19:10:00Z,Team Total (Double Faults) Away,7,"{'hdp': 9.5, 'over': '15.00'}"
73325030,2026-08-03,ATP,Montreal,Bet365,Botic Van de Zandschulp,Giovanni Mpetshi Perricard,double_faults,0.5,1.0100,,2026-08-03T11:50:16Z,2026-08-03T19:10:00Z,Team Total (Double Faults) Away,7,"{'hdp': 0.5, 'over': '1.01'}"
73325030,2026-08-03,ATP,Montreal,Bet365,Botic Van de Zandschulp,Giovanni Mpetshi Perricard,double_faults,11.5,26.0000,,2026-08-03T11:50:16Z,2026-08-03T19:10:00Z,Team Total (Double Faults) Away,7,"{'hdp': 11.5, 'over': '26.00'}"
73325030,2026-08-03,ATP,Montreal,Bet365,Botic Van de Zandschulp,Giovanni Mpetshi Perricard,double_faults,1.5,1.0600,,2026-08-03T11:50:16Z,2026-08-03T19:10:00Z,Team Total (Double Faults) Away,7,"{'hdp': 1.5, 'over': '1.06'}"
73325030,2026-08-03,ATP,Montreal,Bet365,Botic Van de Zandschulp,Giovanni Mpetshi Perricard,double_faults,2.5,1.2000,,2026-08-03T11:50:16Z,2026-08-03T19:10:00Z,Team Total (Double Faults) Away,7,"{'hdp': 2.5, 'over': '1.20'}"
73325030,2026-08-03,ATP,Montreal,Bet365,Botic Van de Zandschulp,Giovanni Mpetshi Perricard,double_faults,4.5,1.9000,,2026-08-03T11:50:16Z,2026-08-03T19:10:00Z,Team Total (Double Faults) Away,7,"{'hdp': 4.5, 'over': '1.90'}"
73325030,2026-08-03,ATP,Montreal,Bet365,Botic Van de Zandschulp,Giovanni Mpetshi Perricard,double_faults,7.5,6.0000,,2026-08-03T11:50:16Z,2026-08-03T19:10:00Z,Team Total (Double Faults) Away,7,"{'hdp': 7.5, 'over': '6.00'}"
73325030,2026-08-03,ATP,Montreal,Bet365,Giovanni Mpetshi Perricard,Botic Van de Zandschulp,double_faults,2.5,1.4000,,2026-08-03T11:50:16Z,2026-08-03T19:10:00Z,Team Total (Double Faults) Home,6,"{'hdp': 2.5, 'over': '1.40'}"
73325030,2026-08-03,ATP,Montreal,Bet365,Giovanni Mpetshi Perricard,Botic Van de Zandschulp,double_faults,7.5,13.0000,,2026-08-03T11:50:16Z,2026-08-03T19:10:00Z,Team Total (Double Faults) Home,6,"{'hdp': 7.5, 'over': '13.00'}"
73325030,2026-08-03,ATP,Montreal,Bet365,Giovanni Mpetshi Perricard,Botic Van de Zandschulp,double_faults,0.5,1.0200,,2026-08-03T11:50:16Z,2026-08-03T19:10:00Z,Team Total (Double Faults) Home,6,"{'hdp': 0.5, 'over': '1.02'}"
73325030,2026-08-03,ATP,Montreal,Bet365,Giovanni Mpetshi Perricard,Botic Van de Zandschulp,double_faults,1.5,1.1400,,2026-08-03T11:50:16Z,2026-08-03T19:10:00Z,Team Total (Double Faults) Home,6,"{'hdp': 1.5, 'over': '1.14'}"
73325030,2026-08-03,ATP,Montreal,Bet365,Giovanni Mpetshi Perricard,Botic Van de Zandschulp,double_faults,9.5,26.0000,,2026-08-03T11:50:16Z,2026-08-03T19:10:00Z,Team Total (Double Faults) Home,6,"{'hdp': 9.5, 'over': '26.00'}"
73325030,2026-08-03,ATP,Montreal,Bet365,Giovanni Mpetshi Perricard,Botic Van de Zandschulp,double_faults,4.5,3.0000,,2026-08-03T11:50:16Z,2026-08-03T19:10:00Z,Team Total (Double Faults) Home,6,"{'hdp': 4.5, 'over': '3.00'}"
73325030,2026-08-03,ATP,Montreal,Bet365,Giovanni Mpetshi Perricard,Botic Van de Zandschulp,match_double_faults,4.5,1.1100,,2026-08-03T11:50:16Z,2026-08-03T19:10:00Z,Totals (Double Faults),9,"{'hdp': 4.5, 'over': '1.11'}"
73325030,2026-08-03,ATP,Montreal,Bet365,Giovanni Mpetshi Perricard,Botic Van de Zandschulp,match_double_faults,7.5,1.6600,,2026-08-03T11:50:16Z,2026-08-03T19:10:00Z,Totals (Double Faults),9,"{'hdp': 7.5, 'over': '1.66'}"
73325030,2026-08-03,ATP,Montreal,Bet365,Giovanni Mpetshi Perricard,Botic Van de Zandschulp,match_double_faults,9.5,2.6200,,2026-08-03T11:50:16Z,2026-08-03T19:10:00Z,Totals (Double Faults),9,"{'hdp': 9.5, 'over': '2.62'}"
73325030,2026-08-03,ATP,Montreal,Bet365,Giovanni Mpetshi Perricard,Botic Van de Zandschulp,match_double_faults,2.5,1.0100,,2026-08-03T11:50:16Z,2026-08-03T19:10:00Z,Totals (Double Faults),9,"{'hdp': 2.5, 'over': '1.01'}"
73325030,2026-08-03,ATP,Montreal,Bet365,Giovanni Mpetshi Perricard,Botic Van de Zandschulp,match_double_faults,19.5,26.0000,,2026-08-03T11:50:16Z,2026-08-03T19:10:00Z,Totals (Double Faults),9,"{'hdp': 19.5, 'over': '26.00'}"
73325030,2026-08-03,ATP,Montreal,Bet365,Giovanni Mpetshi Perricard,Botic Van de Zandschulp,match_double_faults,11.5,4.5000,,2026-08-03T11:50:16Z,2026-08-03T19:10:00Z,Totals (Double Faults),9,"{'hdp': 11.5, 'over': '4.50'}"
73325030,2026-08-03,ATP,Montreal,Bet365,Giovanni Mpetshi Perricard,Botic Van de Zandschulp,match_double_faults,14.5,13.0000,,2026-08-03T11:50:16Z,2026-08-03T19:10:00Z,Totals (Double Faults),9,"{'hdp': 14.5, 'over': '13.00'}"
73325030,2026-08-03,ATP,Montreal,Bet365,Botic Van de Zandschulp,Giovanni Mpetshi Perricard,aces,4.5,1.2800,,2026-08-03T11:50:16Z,2026-08-03T19:10:00Z,Team Total (Aces) Away,6,"{'hdp': 4.5, 'over': '1.28'}"
73325030,2026-08-03,ATP,Montreal,Bet365,Botic Van de Zandschulp,Giovanni Mpetshi Perricard,aces,2.5,1.0600,,2026-08-03T11:50:16Z,2026-08-03T19:10:00Z,Team Total (Aces) Away,6,"{'hdp': 2.5, 'over': '1.06'}"
73325030,2026-08-03,ATP,Montreal,Bet365,Botic Van de Zandschulp,Giovanni Mpetshi Perricard,aces,9.5,3.0000,,2026-08-03T11:50:16Z,2026-08-03T19:10:00Z,Team Total (Aces) Away,6,"{'hdp': 9.5, 'over': '3.00'}"
73325030,2026-08-03,ATP,Montreal,Bet365,Botic Van de Zandschulp,Giovanni Mpetshi Perricard,aces,14.5,10.0000,,2026-08-03T11:50:16Z,2026-08-03T19:10:00Z,Team Total (Aces) Away,6,"{'hdp': 14.5, 'over': '10.00'}"
73325030,2026-08-03,ATP,Montreal,Bet365,Botic Van de Zandschulp,Giovanni Mpetshi Perricard,aces,19.5,26.0000,,2026-08-03T11:50:16Z,2026-08-03T19:10:00Z,Team Total (Aces) Away,6,"{'hdp': 19.5, 'over': '26.00'}"
73325030,2026-08-03,ATP,Montreal,Bet365,Giovanni Mpetshi Perricard,Botic Van de Zandschulp,aces,29.5,8.0000,,2026-08-03T11:50:16Z,2026-08-03T19:10:00Z,Team Total (Aces) Home,9,"{'hdp': 29.5, 'over': '8.00'}"
73325030,2026-08-03,ATP,Montreal,Bet365,Giovanni Mpetshi Perricard,Botic Van de Zandschulp,aces,4.5,1.0200,,2026-08-03T11:50:16Z,2026-08-03T19:10:00Z,Team Total (Aces) Home,9,"{'hdp': 4.5, 'over': '1.02'}"
73325030,2026-08-03,ATP,Montreal,Bet365,Giovanni Mpetshi Perricard,Botic Van de Zandschulp,aces,9.5,1.1800,,2026-08-03T11:50:16Z,2026-08-03T19:10:00Z,Team Total (Aces) Home,9,"{'hdp': 9.5, 'over': '1.18'}"
73325030,2026-08-03,ATP,Montreal,Bet365,Giovanni Mpetshi Perricard,Botic Van de Zandschulp,aces,14.5,1.6100,,2026-08-03T11:50:16Z,2026-08-03T19:10:00Z,Team Total (Aces) Home,9,"{'hdp': 14.5, 'over': '1.61'}"
73325030,2026-08-03,ATP,Montreal,Bet365,Giovanni Mpetshi Perricard,Botic Van de Zandschulp,aces,19.5,2.5000,,2026-08-03T11:50:16Z,2026-08-03T19:10:00Z,Team Total (Aces) Home,9,"{'hdp': 19.5, 'over': '2.50'}"
73325030,2026-08-03,ATP,Montreal,Bet365,Giovanni Mpetshi Perricard,Botic Van de Zandschulp,aces,24.5,4.0000,,2026-08-03T11:50:16Z,2026-08-03T19:10:00Z,Team Total (Aces) Home,9,"{'hdp': 24.5, 'over': '4.00'}"
73325030,2026-08-03,ATP,Montreal,Bet365,Giovanni Mpetshi Perricard,Botic Van de Zandschulp,aces,39.5,23.0000,,2026-08-03T11:50:16Z,2026-08-03T19:10:00Z,Team Total (Aces) Home,9,"{'hdp': 39.5, 'over': '23.00'}"
73325030,2026-08-03,ATP,Montreal,Bet365,Giovanni Mpetshi Perricard,Botic Van de Zandschulp,aces,49.5,26.0000,,2026-08-03T11:50:16Z,2026-08-03T19:10:00Z,Team Total (Aces) Home,9,"{'hdp': 49.5, 'over': '26.00'}"
73352340,2026-08-03,ATP,Montreal,Bet365,Fabian Marozsan,Shintaro Mochizuki,aces,0.5,1.0100,,2026-08-03T11:50:16Z,2026-08-03T19:40:00Z,Team Total (Aces) Away,5,"{'hdp': 0.5, 'over': '1.01'}"
73352340,2026-08-03,ATP,Montreal,Bet365,Fabian Marozsan,Shintaro Mochizuki,aces,2.5,1.1800,,2026-08-03T11:50:16Z,2026-08-03T19:40:00Z,Team Total (Aces) Away,5,"{'hdp': 2.5, 'over': '1.18'}"
73352340,2026-08-03,ATP,Montreal,Bet365,Fabian Marozsan,Shintaro Mochizuki,aces,4.5,1.7200,,2026-08-03T11:50:16Z,2026-08-03T19:40:00Z,Team Total (Aces) Away,5,"{'hdp': 4.5, 'over': '1.72'}"
73352340,2026-08-03,ATP,Montreal,Bet365,Fabian Marozsan,Shintaro Mochizuki,aces,9.5,8.0000,,2026-08-03T11:50:16Z,2026-08-03T19:40:00Z,Team Total (Aces) Away,5,"{'hdp': 9.5, 'over': '8.00'}"
73352340,2026-08-03,ATP,Montreal,Bet365,Fabian Marozsan,Shintaro Mochizuki,aces,14.5,26.0000,,2026-08-03T11:50:16Z,2026-08-03T19:40:00Z,Team Total (Aces) Away,5,"{'hdp': 14.5, 'over': '26.00'}"
73352340,2026-08-03,ATP,Montreal,Bet365,Shintaro Mochizuki,Fabian Marozsan,aces,0.5,1.0200,,2026-08-03T11:50:16Z,2026-08-03T19:40:00Z,Team Total (Aces) Home,5,"{'hdp': 0.5, 'over': '1.02'}"
73352340,2026-08-03,ATP,Montreal,Bet365,Shintaro Mochizuki,Fabian Marozsan,aces,2.5,1.3000,,2026-08-03T11:50:16Z,2026-08-03T19:40:00Z,Team Total (Aces) Home,5,"{'hdp': 2.5, 'over': '1.30'}"
73352340,2026-08-03,ATP,Montreal,Bet365,Shintaro Mochizuki,Fabian Marozsan,aces,4.5,2.1000,,2026-08-03T11:50:16Z,2026-08-03T19:40:00Z,Team Total (Aces) Home,5,"{'hdp': 4.5, 'over': '2.10'}"
73352340,2026-08-03,ATP,Montreal,Bet365,Shintaro Mochizuki,Fabian Marozsan,aces,9.5,11.0000,,2026-08-03T11:50:16Z,2026-08-03T19:40:00Z,Team Total (Aces) Home,5,"{'hdp': 9.5, 'over': '11.00'}"
73352340,2026-08-03,ATP,Montreal,Bet365,Shintaro Mochizuki,Fabian Marozsan,aces,14.5,26.0000,,2026-08-03T11:50:16Z,2026-08-03T19:40:00Z,Team Total (Aces) Home,5,"{'hdp': 14.5, 'over': '26.00'}"
73352340,2026-08-03,ATP,Montreal,Bet365,Fabian Marozsan,Shintaro Mochizuki,double_faults,0.5,1.1400,,2026-08-03T11:50:16Z,2026-08-03T19:40:00Z,Team Total (Double Faults) Away,5,"{'hdp': 0.5, 'over': '1.14'}"
73352340,2026-08-03,ATP,Montreal,Bet365,Fabian Marozsan,Shintaro Mochizuki,double_faults,1.5,1.5700,,2026-08-03T11:50:16Z,2026-08-03T19:40:00Z,Team Total (Double Faults) Away,5,"{'hdp': 1.5, 'over': '1.57'}"
73352340,2026-08-03,ATP,Montreal,Bet365,Fabian Marozsan,Shintaro Mochizuki,double_faults,2.5,2.6200,,2026-08-03T11:50:16Z,2026-08-03T19:40:00Z,Team Total (Double Faults) Away,5,"{'hdp': 2.5, 'over': '2.62'}"
73352340,2026-08-03,ATP,Montreal,Bet365,Fabian Marozsan,Shintaro Mochizuki,double_faults,4.5,10.0000,,2026-08-03T11:50:16Z,2026-08-03T19:40:00Z,Team Total (Double Faults) Away,5,"{'hdp': 4.5, 'over': '10.00'}"
73352340,2026-08-03,ATP,Montreal,Bet365,Fabian Marozsan,Shintaro Mochizuki,double_faults,7.5,26.0000,,2026-08-03T11:50:16Z,2026-08-03T19:40:00Z,Team Total (Double Faults) Away,5,"{'hdp': 7.5, 'over': '26.00'}"
73352340,2026-08-03,ATP,Montreal,Bet365,Shintaro Mochizuki,Fabian Marozsan,double_faults,1.5,1.0600,,2026-08-03T11:50:16Z,2026-08-03T19:40:00Z,Team Total (Double Faults) Home,7,"{'hdp': 1.5, 'over': '1.06'}"
73352340,2026-08-03,ATP,Montreal,Bet365,Shintaro Mochizuki,Fabian Marozsan,double_faults,2.5,1.2000,,2026-08-03T11:50:16Z,2026-08-03T19:40:00Z,Team Total (Double Faults) Home,7,"{'hdp': 2.5, 'over': '1.20'}"
73352340,2026-08-03,ATP,Montreal,Bet365,Shintaro Mochizuki,Fabian Marozsan,double_faults,4.5,1.9000,,2026-08-03T11:50:16Z,2026-08-03T19:40:00Z,Team Total (Double Faults) Home,7,"{'hdp': 4.5, 'over': '1.90'}"
73352340,2026-08-03,ATP,Montreal,Bet365,Shintaro Mochizuki,Fabian Marozsan,double_faults,7.5,6.5000,,2026-08-03T11:50:16Z,2026-08-03T19:40:00Z,Team Total (Double Faults) Home,7,"{'hdp': 7.5, 'over': '6.50'}"
73352340,2026-08-03,ATP,Montreal,Bet365,Shintaro Mochizuki,Fabian Marozsan,double_faults,9.5,17.0000,,2026-08-03T11:50:16Z,2026-08-03T19:40:00Z,Team Total (Double Faults) Home,7,"{'hdp': 9.5, 'over': '17.00'}"
73352340,2026-08-03,ATP,Montreal,Bet365,Shintaro Mochizuki,Fabian Marozsan,double_faults,11.5,26.0000,,2026-08-03T11:50:16Z,2026-08-03T19:40:00Z,Team Total (Double Faults) Home,7,"{'hdp': 11.5, 'over': '26.00'}"
73352340,2026-08-03,ATP,Montreal,Bet365,Shintaro Mochizuki,Fabian Marozsan,match_double_faults,2.5,1.0400,,2026-08-03T11:50:16Z,2026-08-03T19:40:00Z,Totals (Double Faults),8,"{'hdp': 2.5, 'over': '1.04'}"
73352340,2026-08-03,ATP,Montreal,Bet365,Shintaro Mochizuki,Fabian Marozsan,match_double_faults,4.5,1.2500,,2026-08-03T11:50:16Z,2026-08-03T19:40:00Z,Totals (Double Faults),8,"{'hdp': 4.5, 'over': '1.25'}"
73352340,2026-08-03,ATP,Montreal,Bet365,Shintaro Mochizuki,Fabian Marozsan,match_double_faults,7.5,2.5000,,2026-08-03T11:50:16Z,2026-08-03T19:40:00Z,Totals (Double Faults),8,"{'hdp': 7.5, 'over': '2.50'}"
73352340,2026-08-03,ATP,Montreal,Bet365,Shintaro Mochizuki,Fabian Marozsan,match_double_faults,9.5,4.5000,,2026-08-03T11:50:16Z,2026-08-03T19:40:00Z,Totals (Double Faults),8,"{'hdp': 9.5, 'over': '4.50'}"
73352340,2026-08-03,ATP,Montreal,Bet365,Shintaro Mochizuki,Fabian Marozsan,match_double_faults,11.5,11.0000,,2026-08-03T11:50:16Z,2026-08-03T19:40:00Z,Totals (Double Faults),8,"{'hdp': 11.5, 'over': '11.00'}"
73352340,2026-08-03,ATP,Montreal,Bet365,Shintaro Mochizuki,Fabian Marozsan,match_double_faults,14.5,26.0000,,2026-08-03T11:50:16Z,2026-08-03T19:40:00Z,Totals (Double Faults),8,"{'hdp': 14.5, 'over': '26.00'}"
73352340,2026-08-03,ATP,Montreal,Bet365,Shintaro Mochizuki,Fabian Marozsan,match_aces,2.5,1.0200,,2026-08-03T11:50:16Z,2026-08-03T19:40:00Z,Totals (Aces),7,"{'hdp': 2.5, 'over': '1.02'}"
73352340,2026-08-03,ATP,Montreal,Bet365,Shintaro Mochizuki,Fabian Marozsan,match_aces,4.5,1.1100,,2026-08-03T11:50:16Z,2026-08-03T19:40:00Z,Totals (Aces),7,"{'hdp': 4.5, 'over': '1.11'}"
73352340,2026-08-03,ATP,Montreal,Bet365,Shintaro Mochizuki,Fabian Marozsan,match_aces,9.5,1.9000,,2026-08-03T11:50:16Z,2026-08-03T19:40:00Z,Totals (Aces),7,"{'hdp': 9.5, 'over': '1.90'}"
73352340,2026-08-03,ATP,Montreal,Bet365,Shintaro Mochizuki,Fabian Marozsan,match_aces,14.5,5.0000,,2026-08-03T11:50:16Z,2026-08-03T19:40:00Z,Totals (Aces),7,"{'hdp': 14.5, 'over': '5.00'}"
73352340,2026-08-03,ATP,Montreal,Bet365,Shintaro Mochizuki,Fabian Marozsan,match_aces,24.5,26.0000,,2026-08-03T11:50:16Z,2026-08-03T19:40:00Z,Totals (Aces),7,"{'hdp': 24.5, 'over': '26.00'}"
73352340,2026-08-03,ATP,Montreal,Bet365,Shintaro Mochizuki,Fabian Marozsan,match_aces,19.5,17.0000,,2026-08-03T11:50:16Z,2026-08-03T19:40:00Z,Totals (Aces),7,"{'hdp': 19.5, 'over': '17.00'}"
73325178,2026-08-03,WTA,Toronto,Bet365,Liudmila Samsonova,Janice Tjen,aces,2.5,1.1100,,2026-08-03T11:50:16Z,2026-08-03T18:50:00Z,Team Total (Aces) Away,6,"{'hdp': 2.5, 'over': '1.11'}"
73325178,2026-08-03,WTA,Toronto,Bet365,Liudmila Samsonova,Janice Tjen,aces,4.5,1.4000,,2026-08-03T11:50:16Z,2026-08-03T18:50:00Z,Team Total (Aces) Away,6,"{'hdp': 4.5, 'over': '1.40'}"
73325178,2026-08-03,WTA,Toronto,Bet365,Liudmila Samsonova,Janice Tjen,aces,9.5,4.3300,,2026-08-03T11:50:16Z,2026-08-03T18:50:00Z,Team Total (Aces) Away,6,"{'hdp': 9.5, 'over': '4.33'}"
73325178,2026-08-03,WTA,Toronto,Bet365,Liudmila Samsonova,Janice Tjen,aces,14.5,19.0000,,2026-08-03T11:50:16Z,2026-08-03T18:50:00Z,Team Total (Aces) Away,6,"{'hdp': 14.5, 'over': '19.00'}"
73325178,2026-08-03,WTA,Toronto,Bet365,Liudmila Samsonova,Janice Tjen,aces,19.5,26.0000,,2026-08-03T11:50:16Z,2026-08-03T18:50:00Z,Team Total (Aces) Away,6,"{'hdp': 19.5, 'over': '26.00'}"
73325178,2026-08-03,WTA,Toronto,Bet365,Janice Tjen,Liudmila Samsonova,double_faults,0.5,1.0100,,2026-08-03T11:50:16Z,2026-08-03T18:50:00Z,Team Total (Double Faults) Home,7,"{'hdp': 0.5, 'over': '1.01'}"
73325178,2026-08-03,WTA,Toronto,Bet365,Janice Tjen,Liudmila Samsonova,double_faults,1.5,1.0800,,2026-08-03T11:50:16Z,2026-08-03T18:50:00Z,Team Total (Double Faults) Home,7,"{'hdp': 1.5, 'over': '1.08'}"
73325178,2026-08-03,WTA,Toronto,Bet365,Janice Tjen,Liudmila Samsonova,double_faults,2.5,1.2500,,2026-08-03T11:50:16Z,2026-08-03T18:50:00Z,Team Total (Double Faults) Home,7,"{'hdp': 2.5, 'over': '1.25'}"
73325178,2026-08-03,WTA,Toronto,Bet365,Janice Tjen,Liudmila Samsonova,double_faults,4.5,2.2000,,2026-08-03T11:50:16Z,2026-08-03T18:50:00Z,Team Total (Double Faults) Home,7,"{'hdp': 4.5, 'over': '2.20'}"
73325178,2026-08-03,WTA,Toronto,Bet365,Janice Tjen,Liudmila Samsonova,double_faults,7.5,8.0000,,2026-08-03T11:50:16Z,2026-08-03T18:50:00Z,Team Total (Double Faults) Home,7,"{'hdp': 7.5, 'over': '8.00'}"
73325178,2026-08-03,WTA,Toronto,Bet365,Janice Tjen,Liudmila Samsonova,double_faults,9.5,21.0000,,2026-08-03T11:50:16Z,2026-08-03T18:50:00Z,Team Total (Double Faults) Home,7,"{'hdp': 9.5, 'over': '21.00'}"
73325178,2026-08-03,WTA,Toronto,Bet365,Janice Tjen,Liudmila Samsonova,double_faults,11.5,26.0000,,2026-08-03T11:50:16Z,2026-08-03T18:50:00Z,Team Total (Double Faults) Home,7,"{'hdp': 11.5, 'over': '26.00'}"
73325178,2026-08-03,WTA,Toronto,Bet365,Janice Tjen,Liudmila Samsonova,aces,2.5,1.1100,,2026-08-03T11:50:16Z,2026-08-03T18:50:00Z,Team Total (Aces) Home,6,"{'hdp': 2.5, 'over': '1.11'}"
73325178,2026-08-03,WTA,Toronto,Bet365,Janice Tjen,Liudmila Samsonova,aces,4.5,1.4000,,2026-08-03T11:50:16Z,2026-08-03T18:50:00Z,Team Total (Aces) Home,6,"{'hdp': 4.5, 'over': '1.40'}"
73325178,2026-08-03,WTA,Toronto,Bet365,Janice Tjen,Liudmila Samsonova,aces,9.5,3.7500,,2026-08-03T11:50:16Z,2026-08-03T18:50:00Z,Team Total (Aces) Home,6,"{'hdp': 9.5, 'over': '3.75'}"
73325178,2026-08-03,WTA,Toronto,Bet365,Janice Tjen,Liudmila Samsonova,aces,14.5,15.0000,,2026-08-03T11:50:16Z,2026-08-03T18:50:00Z,Team Total (Aces) Home,6,"{'hdp': 14.5, 'over': '15.00'}"
73325178,2026-08-03,WTA,Toronto,Bet365,Janice Tjen,Liudmila Samsonova,aces,19.5,26.0000,,2026-08-03T11:50:16Z,2026-08-03T18:50:00Z,Team Total (Aces) Home,6,"{'hdp': 19.5, 'over': '26.00'}"
73325178,2026-08-03,WTA,Toronto,Bet365,Liudmila Samsonova,Janice Tjen,double_faults,1.5,1.0200,,2026-08-03T11:50:16Z,2026-08-03T18:50:00Z,Team Total (Double Faults) Away,9,"{'hdp': 1.5, 'over': '1.02'}"
73325178,2026-08-03,WTA,Toronto,Bet365,Liudmila Samsonova,Janice Tjen,double_faults,2.5,1.0800,,2026-08-03T11:50:16Z,2026-08-03T18:50:00Z,Team Total (Double Faults) Away,9,"{'hdp': 2.5, 'over': '1.08'}"
73325178,2026-08-03,WTA,Toronto,Bet365,Liudmila Samsonova,Janice Tjen,double_faults,4.5,1.3300,,2026-08-03T11:50:16Z,2026-08-03T18:50:00Z,Team Total (Double Faults) Away,9,"{'hdp': 4.5, 'over': '1.33'}"
73325178,2026-08-03,WTA,Toronto,Bet365,Liudmila Samsonova,Janice Tjen,double_faults,7.5,2.3700,,2026-08-03T11:50:16Z,2026-08-03T18:50:00Z,Team Total (Double Faults) Away,9,"{'hdp': 7.5, 'over': '2.37'}"
73325178,2026-08-03,WTA,Toronto,Bet365,Liudmila Samsonova,Janice Tjen,double_faults,9.5,4.0000,,2026-08-03T11:50:16Z,2026-08-03T18:50:00Z,Team Total (Double Faults) Away,9,"{'hdp': 9.5, 'over': '4.00'}"
73325178,2026-08-03,WTA,Toronto,Bet365,Liudmila Samsonova,Janice Tjen,double_faults,11.5,7.0000,,2026-08-03T11:50:16Z,2026-08-03T18:50:00Z,Team Total (Double Faults) Away,9,"{'hdp': 11.5, 'over': '7.00'}"
73325178,2026-08-03,WTA,Toronto,Bet365,Liudmila Samsonova,Janice Tjen,double_faults,14.5,19.0000,,2026-08-03T11:50:16Z,2026-08-03T18:50:00Z,Team Total (Double Faults) Away,9,"{'hdp': 14.5, 'over': '19.00'}"
73325178,2026-08-03,WTA,Toronto,Bet365,Liudmila Samsonova,Janice Tjen,double_faults,19.5,26.0000,,2026-08-03T11:50:16Z,2026-08-03T18:50:00Z,Team Total (Double Faults) Away,9,"{'hdp': 19.5, 'over': '26.00'}"
73325178,2026-08-03,WTA,Toronto,Bet365,Janice Tjen,Liudmila Samsonova,match_aces,4.5,1.0400,,2026-08-03T11:50:16Z,2026-08-03T18:50:00Z,Totals (Aces),8,"{'hdp': 4.5, 'over': '1.04'}"
73325178,2026-08-03,WTA,Toronto,Bet365,Janice Tjen,Liudmila Samsonova,match_aces,9.5,1.4000,,2026-08-03T11:50:16Z,2026-08-03T18:50:00Z,Totals (Aces),8,"{'hdp': 9.5, 'over': '1.40'}"
73325178,2026-08-03,WTA,Toronto,Bet365,Janice Tjen,Liudmila Samsonova,match_aces,14.5,2.3700,,2026-08-03T11:50:16Z,2026-08-03T18:50:00Z,Totals (Aces),8,"{'hdp': 14.5, 'over': '2.37'}"
73325178,2026-08-03,WTA,Toronto,Bet365,Janice Tjen,Liudmila Samsonova,match_aces,19.5,5.0000,,2026-08-03T11:50:16Z,2026-08-03T18:50:00Z,Totals (Aces),8,"{'hdp': 19.5, 'over': '5.00'}"
73325178,2026-08-03,WTA,Toronto,Bet365,Janice Tjen,Liudmila Samsonova,match_aces,24.5,11.0000,,2026-08-03T11:50:16Z,2026-08-03T18:50:00Z,Totals (Aces),8,"{'hdp': 24.5, 'over': '11.00'}"
73325178,2026-08-03,WTA,Toronto,Bet365,Janice Tjen,Liudmila Samsonova,match_aces,29.5,26.0000,,2026-08-03T11:50:16Z,2026-08-03T18:50:00Z,Totals (Aces),8,"{'hdp': 29.5, 'over': '26.00'}"
73325178,2026-08-03,WTA,Toronto,Bet365,Janice Tjen,Liudmila Samsonova,match_double_faults,4.5,1.0300,,2026-08-03T11:50:16Z,2026-08-03T18:50:00Z,Totals (Double Faults),9,"{'hdp': 4.5, 'over': '1.03'}"
73325178,2026-08-03,WTA,Toronto,Bet365,Janice Tjen,Liudmila Samsonova,match_double_faults,7.5,1.2200,,2026-08-03T11:50:16Z,2026-08-03T18:50:00Z,Totals (Double Faults),9,"{'hdp': 7.5, 'over': '1.22'}"
73325178,2026-08-03,WTA,Toronto,Bet365,Janice Tjen,Liudmila Samsonova,match_double_faults,9.5,1.5300,,2026-08-03T11:50:16Z,2026-08-03T18:50:00Z,Totals (Double Faults),9,"{'hdp': 9.5, 'over': '1.53'}"
73325178,2026-08-03,WTA,Toronto,Bet365,Janice Tjen,Liudmila Samsonova,match_double_faults,11.5,2.1000,,2026-08-03T11:50:16Z,2026-08-03T18:50:00Z,Totals (Double Faults),9,"{'hdp': 11.5, 'over': '2.10'}"
73325178,2026-08-03,WTA,Toronto,Bet365,Janice Tjen,Liudmila Samsonova,match_double_faults,14.5,4.0000,,2026-08-03T11:50:16Z,2026-08-03T18:50:00Z,Totals (Double Faults),9,"{'hdp': 14.5, 'over': '4.00'}"
73325178,2026-08-03,WTA,Toronto,Bet365,Janice Tjen,Liudmila Samsonova,match_double_faults,19.5,15.0000,,2026-08-03T11:50:16Z,2026-08-03T18:50:00Z,Totals (Double Faults),9,"{'hdp': 19.5, 'over': '15.00'}"
73325178,2026-08-03,WTA,Toronto,Bet365,Janice Tjen,Liudmila Samsonova,match_double_faults,24.5,26.0000,,2026-08-03T11:50:16Z,2026-08-03T18:50:00Z,Totals (Double Faults),9,"{'hdp': 24.5, 'over': '26.00'}"
73325026,2026-08-03,ATP,Montreal,Bet365,Juan Manuel Cerundolo,Hamad Medjedovic,match_double_faults,2.5,1.0100,,2026-08-03T11:50:16Z,2026-08-03T19:40:00Z,Totals (Double Faults),9,"{'hdp': 2.5, 'over': '1.01'}"
73325026,2026-08-03,ATP,Montreal,Bet365,Juan Manuel Cerundolo,Hamad Medjedovic,match_double_faults,4.5,1.1100,,2026-08-03T11:50:16Z,2026-08-03T19:40:00Z,Totals (Double Faults),9,"{'hdp': 4.5, 'over': '1.11'}"
73325026,2026-08-03,ATP,Montreal,Bet365,Juan Manuel Cerundolo,Hamad Medjedovic,match_double_faults,7.5,1.6600,,2026-08-03T11:50:16Z,2026-08-03T19:40:00Z,Totals (Double Faults),9,"{'hdp': 7.5, 'over': '1.66'}"
73325026,2026-08-03,ATP,Montreal,Bet365,Juan Manuel Cerundolo,Hamad Medjedovic,match_double_faults,9.5,2.6200,,2026-08-03T11:50:16Z,2026-08-03T19:40:00Z,Totals (Double Faults),9,"{'hdp': 9.5, 'over': '2.62'}"
73325026,2026-08-03,ATP,Montreal,Bet365,Juan Manuel Cerundolo,Hamad Medjedovic,match_double_faults,11.5,4.5000,,2026-08-03T11:50:16Z,2026-08-03T19:40:00Z,Totals (Double Faults),9,"{'hdp': 11.5, 'over': '4.50'}"
73325026,2026-08-03,ATP,Montreal,Bet365,Juan Manuel Cerundolo,Hamad Medjedovic,match_double_faults,14.5,13.0000,,2026-08-03T11:50:16Z,2026-08-03T19:40:00Z,Totals (Double Faults),9,"{'hdp': 14.5, 'over': '13.00'}"
73325026,2026-08-03,ATP,Montreal,Bet365,Juan Manuel Cerundolo,Hamad Medjedovic,match_double_faults,19.5,26.0000,,2026-08-03T11:50:16Z,2026-08-03T19:40:00Z,Totals (Double Faults),9,"{'hdp': 19.5, 'over': '26.00'}"
73325026,2026-08-03,ATP,Montreal,Bet365,Juan Manuel Cerundolo,Hamad Medjedovic,match_aces,4.5,1.0300,,2026-08-03T11:50:16Z,2026-08-03T19:40:00Z,Totals (Aces),8,"{'hdp': 4.5, 'over': '1.03'}"
73325026,2026-08-03,ATP,Montreal,Bet365,Juan Manuel Cerundolo,Hamad Medjedovic,match_aces,9.5,1.3000,,2026-08-03T11:50:16Z,2026-08-03T19:40:00Z,Totals (Aces),8,"{'hdp': 9.5, 'over': '1.30'}"
73325026,2026-08-03,ATP,Montreal,Bet365,Juan Manuel Cerundolo,Hamad Medjedovic,match_aces,14.5,2.1000,,2026-08-03T11:50:16Z,2026-08-03T19:40:00Z,Totals (Aces),8,"{'hdp': 14.5, 'over': '2.10'}"
73325026,2026-08-03,ATP,Montreal,Bet365,Juan Manuel Cerundolo,Hamad Medjedovic,match_aces,19.5,4.0000,,2026-08-03T11:50:16Z,2026-08-03T19:40:00Z,Totals (Aces),8,"{'hdp': 19.5, 'over': '4.00'}"
73325026,2026-08-03,ATP,Montreal,Bet365,Juan Manuel Cerundolo,Hamad Medjedovic,match_aces,24.5,9.0000,,2026-08-03T11:50:16Z,2026-08-03T19:40:00Z,Totals (Aces),8,"{'hdp': 24.5, 'over': '9.00'}"
73325026,2026-08-03,ATP,Montreal,Bet365,Juan Manuel Cerundolo,Hamad Medjedovic,match_aces,29.5,19.0000,,2026-08-03T11:50:16Z,2026-08-03T19:40:00Z,Totals (Aces),8,"{'hdp': 29.5, 'over': '19.00'}"
73325026,2026-08-03,ATP,Montreal,Bet365,Juan Manuel Cerundolo,Hamad Medjedovic,match_aces,39.5,26.0000,,2026-08-03T11:50:16Z,2026-08-03T19:40:00Z,Totals (Aces),8,"{'hdp': 39.5, 'over': '26.00'}"
73325026,2026-08-03,ATP,Montreal,Bet365,Hamad Medjedovic,Juan Manuel Cerundolo,double_faults,0.5,1.0100,,2026-08-03T11:50:16Z,2026-08-03T19:40:00Z,Team Total (Double Faults) Away,7,"{'hdp': 0.5, 'over': '1.01'}"
73325026,2026-08-03,ATP,Montreal,Bet365,Hamad Medjedovic,Juan Manuel Cerundolo,double_faults,1.5,1.1000,,2026-08-03T11:50:16Z,2026-08-03T19:40:00Z,Team Total (Double Faults) Away,7,"{'hdp': 1.5, 'over': '1.10'}"
73325026,2026-08-03,ATP,Montreal,Bet365,Hamad Medjedovic,Juan Manuel Cerundolo,double_faults,2.5,1.2800,,2026-08-03T11:50:16Z,2026-08-03T19:40:00Z,Team Total (Double Faults) Away,7,"{'hdp': 2.5, 'over': '1.28'}"
73325026,2026-08-03,ATP,Montreal,Bet365,Hamad Medjedovic,Juan Manuel Cerundolo,double_faults,4.5,2.2000,,2026-08-03T11:50:16Z,2026-08-03T19:40:00Z,Team Total (Double Faults) Away,7,"{'hdp': 4.5, 'over': '2.20'}"
73325026,2026-08-03,ATP,Montreal,Bet365,Hamad Medjedovic,Juan Manuel Cerundolo,double_faults,7.5,7.0000,,2026-08-03T11:50:16Z,2026-08-03T19:40:00Z,Team Total (Double Faults) Away,7,"{'hdp': 7.5, 'over': '7.00'}"
73325026,2026-08-03,ATP,Montreal,Bet365,Hamad Medjedovic,Juan Manuel Cerundolo,double_faults,9.5,19.0000,,2026-08-03T11:50:16Z,2026-08-03T19:40:00Z,Team Total (Double Faults) Away,7,"{'hdp': 9.5, 'over': '19.00'}"
73325026,2026-08-03,ATP,Montreal,Bet365,Hamad Medjedovic,Juan Manuel Cerundolo,double_faults,11.5,26.0000,,2026-08-03T11:50:16Z,2026-08-03T19:40:00Z,Team Total (Double Faults) Away,7,"{'hdp': 11.5, 'over': '26.00'}"
73325026,2026-08-03,ATP,Montreal,Bet365,Juan Manuel Cerundolo,Hamad Medjedovic,double_faults,0.5,1.0100,,2026-08-03T11:50:16Z,2026-08-03T19:40:00Z,Team Total (Double Faults) Home,6,"{'hdp': 0.5, 'over': '1.01'}"
73325026,2026-08-03,ATP,Montreal,Bet365,Juan Manuel Cerundolo,Hamad Medjedovic,double_faults,1.5,1.1100,,2026-08-03T11:50:16Z,2026-08-03T19:40:00Z,Team Total (Double Faults) Home,6,"{'hdp': 1.5, 'over': '1.11'}"
73325026,2026-08-03,ATP,Montreal,Bet365,Juan Manuel Cerundolo,Hamad Medjedovic,double_faults,2.5,1.3000,,2026-08-03T11:50:16Z,2026-08-03T19:40:00Z,Team Total (Double Faults) Home,6,"{'hdp': 2.5, 'over': '1.30'}"
73325026,2026-08-03,ATP,Montreal,Bet365,Juan Manuel Cerundolo,Hamad Medjedovic,double_faults,4.5,2.3700,,2026-08-03T11:50:16Z,2026-08-03T19:40:00Z,Team Total (Double Faults) Home,6,"{'hdp': 4.5, 'over': '2.37'}"
73325026,2026-08-03,ATP,Montreal,Bet365,Juan Manuel Cerundolo,Hamad Medjedovic,double_faults,7.5,10.0000,,2026-08-03T11:50:16Z,2026-08-03T19:40:00Z,Team Total (Double Faults) Home,6,"{'hdp': 7.5, 'over': '10.00'}"
73325026,2026-08-03,ATP,Montreal,Bet365,Juan Manuel Cerundolo,Hamad Medjedovic,double_faults,9.5,26.0000,,2026-08-03T11:50:16Z,2026-08-03T19:40:00Z,Team Total (Double Faults) Home,6,"{'hdp': 9.5, 'over': '26.00'}"
73325026,2026-08-03,ATP,Montreal,Bet365,Hamad Medjedovic,Juan Manuel Cerundolo,aces,2.5,1.1000,,2026-08-03T11:50:16Z,2026-08-03T19:40:00Z,Team Total (Aces) Away,6,"{'hdp': 2.5, 'over': '1.10'}"
73325026,2026-08-03,ATP,Montreal,Bet365,Hamad Medjedovic,Juan Manuel Cerundolo,aces,4.5,1.3600,,2026-08-03T11:50:16Z,2026-08-03T19:40:00Z,Team Total (Aces) Away,6,"{'hdp': 4.5, 'over': '1.36'}"
73325026,2026-08-03,ATP,Montreal,Bet365,Hamad Medjedovic,Juan Manuel Cerundolo,aces,9.5,4.0000,,2026-08-03T11:50:16Z,2026-08-03T19:40:00Z,Team Total (Aces) Away,6,"{'hdp': 9.5, 'over': '4.00'}"
73325026,2026-08-03,ATP,Montreal,Bet365,Hamad Medjedovic,Juan Manuel Cerundolo,aces,14.5,15.0000,,2026-08-03T11:50:16Z,2026-08-03T19:40:00Z,Team Total (Aces) Away,6,"{'hdp': 14.5, 'over': '15.00'}"
73325026,2026-08-03,ATP,Montreal,Bet365,Hamad Medjedovic,Juan Manuel Cerundolo,aces,19.5,26.0000,,2026-08-03T11:50:16Z,2026-08-03T19:40:00Z,Team Total (Aces) Away,6,"{'hdp': 19.5, 'over': '26.00'}"
73325026,2026-08-03,ATP,Montreal,Bet365,Juan Manuel Cerundolo,Hamad Medjedovic,aces,2.5,1.0800,,2026-08-03T11:50:16Z,2026-08-03T19:40:00Z,Team Total (Aces) Home,6,"{'hdp': 2.5, 'over': '1.08'}"
73325026,2026-08-03,ATP,Montreal,Bet365,Juan Manuel Cerundolo,Hamad Medjedovic,aces,4.5,1.3300,,2026-08-03T11:50:16Z,2026-08-03T19:40:00Z,Team Total (Aces) Home,6,"{'hdp': 4.5, 'over': '1.33'}"
73325026,2026-08-03,ATP,Montreal,Bet365,Juan Manuel Cerundolo,Hamad Medjedovic,aces,9.5,3.2500,,2026-08-03T11:50:16Z,2026-08-03T19:40:00Z,Team Total (Aces) Home,6,"{'hdp': 9.5, 'over': '3.25'}"
73325026,2026-08-03,ATP,Montreal,Bet365,Juan Manuel Cerundolo,Hamad Medjedovic,aces,14.5,11.0000,,2026-08-03T11:50:16Z,2026-08-03T19:40:00Z,Team Total (Aces) Home,6,"{'hdp': 14.5, 'over': '11.00'}"
73325026,2026-08-03,ATP,Montreal,Bet365,Juan Manuel Cerundolo,Hamad Medjedovic,aces,19.5,26.0000,,2026-08-03T11:50:16Z,2026-08-03T19:40:00Z,Team Total (Aces) Home,6,"{'hdp': 19.5, 'over': '26.00'}"
73352336,2026-08-04,ATP,Montreal,Bet365,Duncan Chan,Thiago Agustin Tirante,aces,0.5,1.0200,,2026-08-03T11:50:16Z,2026-08-04T15:00:00Z,Team Total (Aces) Home,5,"{'hdp': 0.5, 'over': '1.02'}"
73352336,2026-08-04,ATP,Montreal,Bet365,Duncan Chan,Thiago Agustin Tirante,aces,2.5,1.3300,,2026-08-03T11:50:16Z,2026-08-04T15:00:00Z,Team Total (Aces) Home,5,"{'hdp': 2.5, 'over': '1.33'}"
73352336,2026-08-04,ATP,Montreal,Bet365,Duncan Chan,Thiago Agustin Tirante,aces,4.5,2.1000,,2026-08-03T11:50:16Z,2026-08-04T15:00:00Z,Team Total (Aces) Home,5,"{'hdp': 4.5, 'over': '2.10'}"
73352336,2026-08-04,ATP,Montreal,Bet365,Duncan Chan,Thiago Agustin Tirante,aces,9.5,13.0000,,2026-08-03T11:50:16Z,2026-08-04T15:00:00Z,Team Total (Aces) Home,5,"{'hdp': 9.5, 'over': '13.00'}"
73352336,2026-08-04,ATP,Montreal,Bet365,Duncan Chan,Thiago Agustin Tirante,aces,14.5,26.0000,,2026-08-03T11:50:16Z,2026-08-04T15:00:00Z,Team Total (Aces) Home,5,"{'hdp': 14.5, 'over': '26.00'}"
73352336,2026-08-04,ATP,Montreal,Bet365,Duncan Chan,Thiago Agustin Tirante,double_faults,0.5,1.0100,,2026-08-03T11:50:16Z,2026-08-04T15:00:00Z,Team Total (Double Faults) Home,6,"{'hdp': 0.5, 'over': '1.01'}"
73352336,2026-08-04,ATP,Montreal,Bet365,Duncan Chan,Thiago Agustin Tirante,double_faults,1.5,1.1000,,2026-08-03T11:50:16Z,2026-08-04T15:00:00Z,Team Total (Double Faults) Home,6,"{'hdp': 1.5, 'over': '1.10'}"
73352336,2026-08-04,ATP,Montreal,Bet365,Duncan Chan,Thiago Agustin Tirante,double_faults,2.5,1.3000,,2026-08-03T11:50:16Z,2026-08-04T15:00:00Z,Team Total (Double Faults) Home,6,"{'hdp': 2.5, 'over': '1.30'}"
73352336,2026-08-04,ATP,Montreal,Bet365,Duncan Chan,Thiago Agustin Tirante,double_faults,4.5,2.3700,,2026-08-03T11:50:16Z,2026-08-04T15:00:00Z,Team Total (Double Faults) Home,6,"{'hdp': 4.5, 'over': '2.37'}"
73352336,2026-08-04,ATP,Montreal,Bet365,Duncan Chan,Thiago Agustin Tirante,double_faults,7.5,10.0000,,2026-08-03T11:50:16Z,2026-08-04T15:00:00Z,Team Total (Double Faults) Home,6,"{'hdp': 7.5, 'over': '10.00'}"
73352336,2026-08-04,ATP,Montreal,Bet365,Duncan Chan,Thiago Agustin Tirante,double_faults,9.5,26.0000,,2026-08-03T11:50:16Z,2026-08-04T15:00:00Z,Team Total (Double Faults) Home,6,"{'hdp': 9.5, 'over': '26.00'}"
73352336,2026-08-04,ATP,Montreal,Bet365,Duncan Chan,Thiago Agustin Tirante,match_aces,2.5,1.0200,,2026-08-03T11:50:16Z,2026-08-04T15:00:00Z,Totals (Aces),7,"{'hdp': 2.5, 'over': '1.02'}"
73352336,2026-08-04,ATP,Montreal,Bet365,Duncan Chan,Thiago Agustin Tirante,match_aces,4.5,1.1000,,2026-08-03T11:50:16Z,2026-08-04T15:00:00Z,Totals (Aces),7,"{'hdp': 4.5, 'over': '1.10'}"
73352336,2026-08-04,ATP,Montreal,Bet365,Duncan Chan,Thiago Agustin Tirante,match_aces,9.5,1.8300,,2026-08-03T11:50:16Z,2026-08-04T15:00:00Z,Totals (Aces),7,"{'hdp': 9.5, 'over': '1.83'}"
73352336,2026-08-04,ATP,Montreal,Bet365,Duncan Chan,Thiago Agustin Tirante,match_aces,14.5,4.5000,,2026-08-03T11:50:16Z,2026-08-04T15:00:00Z,Totals (Aces),7,"{'hdp': 14.5, 'over': '4.50'}"
73352336,2026-08-04,ATP,Montreal,Bet365,Duncan Chan,Thiago Agustin Tirante,match_aces,19.5,15.0000,,2026-08-03T11:50:16Z,2026-08-04T15:00:00Z,Totals (Aces),7,"{'hdp': 19.5, 'over': '15.00'}"
73352336,2026-08-04,ATP,Montreal,Bet365,Duncan Chan,Thiago Agustin Tirante,match_aces,24.5,26.0000,,2026-08-03T11:50:16Z,2026-08-04T15:00:00Z,Totals (Aces),7,"{'hdp': 24.5, 'over': '26.00'}"
73352336,2026-08-04,ATP,Montreal,Bet365,Duncan Chan,Thiago Agustin Tirante,match_double_faults,2.5,1.0300,,2026-08-03T11:50:16Z,2026-08-04T15:00:00Z,Totals (Double Faults),8,"{'hdp': 2.5, 'over': '1.03'}"
73352336,2026-08-04,ATP,Montreal,Bet365,Duncan Chan,Thiago Agustin Tirante,match_double_faults,4.5,1.2200,,2026-08-03T11:50:16Z,2026-08-04T15:00:00Z,Totals (Double Faults),8,"{'hdp': 4.5, 'over': '1.22'}"
73352336,2026-08-04,ATP,Montreal,Bet365,Duncan Chan,Thiago Agustin Tirante,match_double_faults,7.5,2.2000,,2026-08-03T11:50:16Z,2026-08-04T15:00:00Z,Totals (Double Faults),8,"{'hdp': 7.5, 'over': '2.20'}"
73352336,2026-08-04,ATP,Montreal,Bet365,Duncan Chan,Thiago Agustin Tirante,match_double_faults,9.5,4.0000,,2026-08-03T11:50:16Z,2026-08-04T15:00:00Z,Totals (Double Faults),8,"{'hdp': 9.5, 'over': '4.00'}"
73352336,2026-08-04,ATP,Montreal,Bet365,Duncan Chan,Thiago Agustin Tirante,match_double_faults,11.5,9.0000,,2026-08-03T11:50:16Z,2026-08-04T15:00:00Z,Totals (Double Faults),8,"{'hdp': 11.5, 'over': '9.00'}"
73352336,2026-08-04,ATP,Montreal,Bet365,Duncan Chan,Thiago Agustin Tirante,match_double_faults,14.5,26.0000,,2026-08-03T11:50:16Z,2026-08-04T15:00:00Z,Totals (Double Faults),8,"{'hdp': 14.5, 'over': '26.00'}"
73352336,2026-08-04,ATP,Montreal,Bet365,Thiago Agustin Tirante,Duncan Chan,aces,2.5,1.1600,,2026-08-03T11:50:16Z,2026-08-04T15:00:00Z,Team Total (Aces) Away,5,"{'hdp': 2.5, 'over': '1.16'}"
73352336,2026-08-04,ATP,Montreal,Bet365,Thiago Agustin Tirante,Duncan Chan,aces,4.5,1.6100,,2026-08-03T11:50:16Z,2026-08-04T15:00:00Z,Team Total (Aces) Away,5,"{'hdp': 4.5, 'over': '1.61'}"
73352336,2026-08-04,ATP,Montreal,Bet365,Thiago Agustin Tirante,Duncan Chan,aces,9.5,6.5000,,2026-08-03T11:50:16Z,2026-08-04T15:00:00Z,Team Total (Aces) Away,5,"{'hdp': 9.5, 'over': '6.50'}"
73352336,2026-08-04,ATP,Montreal,Bet365,Thiago Agustin Tirante,Duncan Chan,aces,14.5,26.0000,,2026-08-03T11:50:16Z,2026-08-04T15:00:00Z,Team Total (Aces) Away,5,"{'hdp': 14.5, 'over': '26.00'}"
73352336,2026-08-04,ATP,Montreal,Bet365,Thiago Agustin Tirante,Duncan Chan,double_faults,0.5,1.0600,,2026-08-03T11:50:16Z,2026-08-04T15:00:00Z,Team Total (Double Faults) Away,6,"{'hdp': 0.5, 'over': '1.06'}"
73352336,2026-08-04,ATP,Montreal,Bet365,Thiago Agustin Tirante,Duncan Chan,double_faults,1.5,1.2500,,2026-08-03T11:50:16Z,2026-08-04T15:00:00Z,Team Total (Double Faults) Away,6,"{'hdp': 1.5, 'over': '1.25'}"
73352336,2026-08-04,ATP,Montreal,Bet365,Thiago Agustin Tirante,Duncan Chan,double_faults,2.5,1.6600,,2026-08-03T11:50:16Z,2026-08-04T15:00:00Z,Team Total (Double Faults) Away,6,"{'hdp': 2.5, 'over': '1.66'}"
73352336,2026-08-04,ATP,Montreal,Bet365,Thiago Agustin Tirante,Duncan Chan,double_faults,4.5,3.7500,,2026-08-03T11:50:16Z,2026-08-04T15:00:00Z,Team Total (Double Faults) Away,6,"{'hdp': 4.5, 'over': '3.75'}"
73352336,2026-08-04,ATP,Montreal,Bet365,Thiago Agustin Tirante,Duncan Chan,double_faults,7.5,19.0000,,2026-08-03T11:50:16Z,2026-08-04T15:00:00Z,Team Total (Double Faults) Away,6,"{'hdp': 7.5, 'over': '19.00'}"
73352336,2026-08-04,ATP,Montreal,Bet365,Thiago Agustin Tirante,Duncan Chan,double_faults,9.5,26.0000,,2026-08-03T11:50:16Z,2026-08-04T15:00:00Z,Team Total (Double Faults) Away,6,"{'hdp': 9.5, 'over': '26.00'}"
73325040,2026-08-03,ATP,Montreal,Bet365,Lorenzo Sonego,Tallon Griekspoor,aces,2.5,1.0500,,2026-08-03T11:50:16Z,2026-08-03T20:20:00Z,Team Total (Aces) Home,7,"{'hdp': 2.5, 'over': '1.05'}"
73325040,2026-08-03,ATP,Montreal,Bet365,Lorenzo Sonego,Tallon Griekspoor,aces,4.5,1.2200,,2026-08-03T11:50:16Z,2026-08-03T20:20:00Z,Team Total (Aces) Home,7,"{'hdp': 4.5, 'over': '1.22'}"
73325040,2026-08-03,ATP,Montreal,Bet365,Lorenzo Sonego,Tallon Griekspoor,aces,9.5,2.6200,,2026-08-03T11:50:16Z,2026-08-03T20:20:00Z,Team Total (Aces) Home,7,"{'hdp': 9.5, 'over': '2.62'}"
73325040,2026-08-03,ATP,Montreal,Bet365,Lorenzo Sonego,Tallon Griekspoor,aces,14.5,8.0000,,2026-08-03T11:50:16Z,2026-08-03T20:20:00Z,Team Total (Aces) Home,7,"{'hdp': 14.5, 'over': '8.00'}"
73325040,2026-08-03,ATP,Montreal,Bet365,Lorenzo Sonego,Tallon Griekspoor,aces,19.5,23.0000,,2026-08-03T11:50:16Z,2026-08-03T20:20:00Z,Team Total (Aces) Home,7,"{'hdp': 19.5, 'over': '23.00'}"
73325040,2026-08-03,ATP,Montreal,Bet365,Lorenzo Sonego,Tallon Griekspoor,aces,24.5,26.0000,,2026-08-03T11:50:16Z,2026-08-03T20:20:00Z,Team Total (Aces) Home,7,"{'hdp': 24.5, 'over': '26.00'}"
73325040,2026-08-03,ATP,Montreal,Bet365,Lorenzo Sonego,Tallon Griekspoor,match_double_faults,1.5,1.0200,,2026-08-03T11:50:16Z,2026-08-03T20:20:00Z,Totals (Double Faults),8,"{'hdp': 1.5, 'over': '1.02'}"
73325040,2026-08-03,ATP,Montreal,Bet365,Lorenzo Sonego,Tallon Griekspoor,match_double_faults,2.5,1.1000,,2026-08-03T11:50:16Z,2026-08-03T20:20:00Z,Totals (Double Faults),8,"{'hdp': 2.5, 'over': '1.10'}"
73325040,2026-08-03,ATP,Montreal,Bet365,Lorenzo Sonego,Tallon Griekspoor,match_double_faults,4.5,1.5000,,2026-08-03T11:50:16Z,2026-08-03T20:20:00Z,Totals (Double Faults),8,"{'hdp': 4.5, 'over': '1.50'}"
73325040,2026-08-03,ATP,Montreal,Bet365,Lorenzo Sonego,Tallon Griekspoor,match_double_faults,7.5,3.7500,,2026-08-03T11:50:16Z,2026-08-03T20:20:00Z,Totals (Double Faults),8,"{'hdp': 7.5, 'over': '3.75'}"
73325040,2026-08-03,ATP,Montreal,Bet365,Lorenzo Sonego,Tallon Griekspoor,match_double_faults,9.5,9.0000,,2026-08-03T11:50:16Z,2026-08-03T20:20:00Z,Totals (Double Faults),8,"{'hdp': 9.5, 'over': '9.00'}"
73325040,2026-08-03,ATP,Montreal,Bet365,Lorenzo Sonego,Tallon Griekspoor,match_double_faults,11.5,21.0000,,2026-08-03T11:50:16Z,2026-08-03T20:20:00Z,Totals (Double Faults),8,"{'hdp': 11.5, 'over': '21.00'}"
73325040,2026-08-03,ATP,Montreal,Bet365,Lorenzo Sonego,Tallon Griekspoor,match_double_faults,14.5,26.0000,,2026-08-03T11:50:16Z,2026-08-03T20:20:00Z,Totals (Double Faults),8,"{'hdp': 14.5, 'over': '26.00'}"
73325040,2026-08-03,ATP,Montreal,Bet365,Lorenzo Sonego,Tallon Griekspoor,double_faults,0.5,1.1200,,2026-08-03T11:50:16Z,2026-08-03T20:20:00Z,Team Total (Double Faults) Home,5,"{'hdp': 0.5, 'over': '1.12'}"
73325040,2026-08-03,ATP,Montreal,Bet365,Lorenzo Sonego,Tallon Griekspoor,double_faults,1.5,1.5300,,2026-08-03T11:50:16Z,2026-08-03T20:20:00Z,Team Total (Double Faults) Home,5,"{'hdp': 1.5, 'over': '1.53'}"
73325040,2026-08-03,ATP,Montreal,Bet365,Lorenzo Sonego,Tallon Griekspoor,double_faults,2.5,2.5000,,2026-08-03T11:50:16Z,2026-08-03T20:20:00Z,Team Total (Double Faults) Home,5,"{'hdp': 2.5, 'over': '2.50'}"
73325040,2026-08-03,ATP,Montreal,Bet365,Lorenzo Sonego,Tallon Griekspoor,double_faults,4.5,10.0000,,2026-08-03T11:50:16Z,2026-08-03T20:20:00Z,Team Total (Double Faults) Home,5,"{'hdp': 4.5, 'over': '10.00'}"
73325040,2026-08-03,ATP,Montreal,Bet365,Lorenzo Sonego,Tallon Griekspoor,double_faults,7.5,26.0000,,2026-08-03T11:50:16Z,2026-08-03T20:20:00Z,Team Total (Double Faults) Home,5,"{'hdp': 7.5, 'over': '26.00'}"
73325040,2026-08-03,ATP,Montreal,Bet365,Tallon Griekspoor,Lorenzo Sonego,aces,2.5,1.0800,,2026-08-03T11:50:16Z,2026-08-03T20:20:00Z,Team Total (Aces) Away,6,"{'hdp': 2.5, 'over': '1.08'}"
73325040,2026-08-03,ATP,Montreal,Bet365,Tallon Griekspoor,Lorenzo Sonego,aces,4.5,1.3000,,2026-08-03T11:50:16Z,2026-08-03T20:20:00Z,Team Total (Aces) Away,6,"{'hdp': 4.5, 'over': '1.30'}"
73325040,2026-08-03,ATP,Montreal,Bet365,Tallon Griekspoor,Lorenzo Sonego,aces,9.5,3.4000,,2026-08-03T11:50:16Z,2026-08-03T20:20:00Z,Team Total (Aces) Away,6,"{'hdp': 9.5, 'over': '3.40'}"
73325040,2026-08-03,ATP,Montreal,Bet365,Tallon Griekspoor,Lorenzo Sonego,aces,14.5,11.0000,,2026-08-03T11:50:16Z,2026-08-03T20:20:00Z,Team Total (Aces) Away,6,"{'hdp': 14.5, 'over': '11.00'}"
73325040,2026-08-03,ATP,Montreal,Bet365,Tallon Griekspoor,Lorenzo Sonego,aces,19.5,26.0000,,2026-08-03T11:50:16Z,2026-08-03T20:20:00Z,Team Total (Aces) Away,6,"{'hdp': 19.5, 'over': '26.00'}"
73325040,2026-08-03,ATP,Montreal,Bet365,Tallon Griekspoor,Lorenzo Sonego,double_faults,0.5,1.0300,,2026-08-03T11:50:16Z,2026-08-03T20:20:00Z,Team Total (Double Faults) Away,6,"{'hdp': 0.5, 'over': '1.03'}"
73325040,2026-08-03,ATP,Montreal,Bet365,Tallon Griekspoor,Lorenzo Sonego,double_faults,1.5,1.1600,,2026-08-03T11:50:16Z,2026-08-03T20:20:00Z,Team Total (Double Faults) Away,6,"{'hdp': 1.5, 'over': '1.16'}"
73325040,2026-08-03,ATP,Montreal,Bet365,Tallon Griekspoor,Lorenzo Sonego,double_faults,2.5,1.5000,,2026-08-03T11:50:16Z,2026-08-03T20:20:00Z,Team Total (Double Faults) Away,6,"{'hdp': 2.5, 'over': '1.50'}"
73325040,2026-08-03,ATP,Montreal,Bet365,Tallon Griekspoor,Lorenzo Sonego,double_faults,4.5,3.2500,,2026-08-03T11:50:16Z,2026-08-03T20:20:00Z,Team Total (Double Faults) Away,6,"{'hdp': 4.5, 'over': '3.25'}"
73325040,2026-08-03,ATP,Montreal,Bet365,Tallon Griekspoor,Lorenzo Sonego,double_faults,7.5,15.0000,,2026-08-03T11:50:16Z,2026-08-03T20:20:00Z,Team Total (Double Faults) Away,6,"{'hdp': 7.5, 'over': '15.00'}"
73325040,2026-08-03,ATP,Montreal,Bet365,Tallon Griekspoor,Lorenzo Sonego,double_faults,9.5,26.0000,,2026-08-03T11:50:16Z,2026-08-03T20:20:00Z,Team Total (Double Faults) Away,6,"{'hdp': 9.5, 'over': '26.00'}"
73325040,2026-08-03,ATP,Montreal,Bet365,Lorenzo Sonego,Tallon Griekspoor,match_aces,4.5,1.0100,,2026-08-03T11:50:16Z,2026-08-03T20:20:00Z,Totals (Aces),8,"{'hdp': 4.5, 'over': '1.01'}"
73325040,2026-08-03,ATP,Montreal,Bet365,Lorenzo Sonego,Tallon Griekspoor,match_aces,9.5,1.2200,,2026-08-03T11:50:16Z,2026-08-03T20:20:00Z,Totals (Aces),8,"{'hdp': 9.5, 'over': '1.22'}"
73325040,2026-08-03,ATP,Montreal,Bet365,Lorenzo Sonego,Tallon Griekspoor,match_aces,14.5,1.8000,,2026-08-03T11:50:16Z,2026-08-03T20:20:00Z,Totals (Aces),8,"{'hdp': 14.5, 'over': '1.80'}"
73325040,2026-08-03,ATP,Montreal,Bet365,Lorenzo Sonego,Tallon Griekspoor,match_aces,19.5,3.2500,,2026-08-03T11:50:16Z,2026-08-03T20:20:00Z,Totals (Aces),8,"{'hdp': 19.5, 'over': '3.25'}"
73325040,2026-08-03,ATP,Montreal,Bet365,Lorenzo Sonego,Tallon Griekspoor,match_aces,24.5,6.5000,,2026-08-03T11:50:16Z,2026-08-03T20:20:00Z,Totals (Aces),8,"{'hdp': 24.5, 'over': '6.50'}"
73325040,2026-08-03,ATP,Montreal,Bet365,Lorenzo Sonego,Tallon Griekspoor,match_aces,29.5,15.0000,,2026-08-03T11:50:16Z,2026-08-03T20:20:00Z,Totals (Aces),8,"{'hdp': 29.5, 'over': '15.00'}"
73325040,2026-08-03,ATP,Montreal,Bet365,Lorenzo Sonego,Tallon Griekspoor,match_aces,39.5,26.0000,,2026-08-03T11:50:16Z,2026-08-03T20:20:00Z,Totals (Aces),8,"{'hdp': 39.5, 'over': '26.00'}"
73325180,2026-08-03,WTA,Toronto,Bet365,Panna Udvardy,Eva Lys,match_aces,2.5,1.0500,,2026-08-03T11:50:16Z,2026-08-03T21:00:00Z,Totals (Aces),6,"{'hdp': 2.5, 'over': '1.05'}"
73325180,2026-08-03,WTA,Toronto,Bet365,Panna Udvardy,Eva Lys,match_aces,4.5,1.2500,,2026-08-03T11:50:16Z,2026-08-03T21:00:00Z,Totals (Aces),6,"{'hdp': 4.5, 'over': '1.25'}"
73325180,2026-08-03,WTA,Toronto,Bet365,Panna Udvardy,Eva Lys,match_aces,9.5,2.7500,,2026-08-03T11:50:16Z,2026-08-03T21:00:00Z,Totals (Aces),6,"{'hdp': 9.5, 'over': '2.75'}"
73325180,2026-08-03,WTA,Toronto,Bet365,Panna Udvardy,Eva Lys,match_aces,14.5,10.0000,,2026-08-03T11:50:16Z,2026-08-03T21:00:00Z,Totals (Aces),6,"{'hdp': 14.5, 'over': '10.00'}"
73325180,2026-08-03,WTA,Toronto,Bet365,Panna Udvardy,Eva Lys,match_aces,19.5,26.0000,,2026-08-03T11:50:16Z,2026-08-03T21:00:00Z,Totals (Aces),6,"{'hdp': 19.5, 'over': '26.00'}"
73325180,2026-08-03,WTA,Toronto,Bet365,Panna Udvardy,Eva Lys,aces,0.5,1.0100,,2026-08-03T11:50:16Z,2026-08-03T21:00:00Z,Team Total (Aces) Home,5,"{'hdp': 0.5, 'over': '1.01'}"
73325180,2026-08-03,WTA,Toronto,Bet365,Panna Udvardy,Eva Lys,aces,2.5,1.2000,,2026-08-03T11:50:16Z,2026-08-03T21:00:00Z,Team Total (Aces) Home,5,"{'hdp': 2.5, 'over': '1.20'}"
73325180,2026-08-03,WTA,Toronto,Bet365,Panna Udvardy,Eva Lys,aces,4.5,1.7200,,2026-08-03T11:50:16Z,2026-08-03T21:00:00Z,Team Total (Aces) Home,5,"{'hdp': 4.5, 'over': '1.72'}"
73325180,2026-08-03,WTA,Toronto,Bet365,Panna Udvardy,Eva Lys,aces,9.5,6.5000,,2026-08-03T11:50:16Z,2026-08-03T21:00:00Z,Team Total (Aces) Home,5,"{'hdp': 9.5, 'over': '6.50'}"
73325180,2026-08-03,WTA,Toronto,Bet365,Panna Udvardy,Eva Lys,aces,14.5,26.0000,,2026-08-03T11:50:16Z,2026-08-03T21:00:00Z,Team Total (Aces) Home,5,"{'hdp': 14.5, 'over': '26.00'}"
73325180,2026-08-03,WTA,Toronto,Bet365,Eva Lys,Panna Udvardy,double_faults,0.5,1.0100,,2026-08-03T11:50:16Z,2026-08-03T21:00:00Z,Team Total (Double Faults) Away,8,"{'hdp': 0.5, 'over': '1.01'}"
73325180,2026-08-03,WTA,Toronto,Bet365,Eva Lys,Panna Udvardy,double_faults,1.5,1.0700,,2026-08-03T11:50:16Z,2026-08-03T21:00:00Z,Team Total (Double Faults) Away,8,"{'hdp': 1.5, 'over': '1.07'}"
73325180,2026-08-03,WTA,Toronto,Bet365,Eva Lys,Panna Udvardy,double_faults,2.5,1.2000,,2026-08-03T11:50:16Z,2026-08-03T21:00:00Z,Team Total (Double Faults) Away,8,"{'hdp': 2.5, 'over': '1.20'}"
73325180,2026-08-03,WTA,Toronto,Bet365,Eva Lys,Panna Udvardy,double_faults,4.5,1.8000,,2026-08-03T11:50:16Z,2026-08-03T21:00:00Z,Team Total (Double Faults) Away,8,"{'hdp': 4.5, 'over': '1.80'}"
73325180,2026-08-03,WTA,Toronto,Bet365,Eva Lys,Panna Udvardy,double_faults,7.5,5.0000,,2026-08-03T11:50:16Z,2026-08-03T21:00:00Z,Team Total (Double Faults) Away,8,"{'hdp': 7.5, 'over': '5.00'}"
73325180,2026-08-03,WTA,Toronto,Bet365,Eva Lys,Panna Udvardy,double_faults,9.5,11.0000,,2026-08-03T11:50:16Z,2026-08-03T21:00:00Z,Team Total (Double Faults) Away,8,"{'hdp': 9.5, 'over': '11.00'}"
73325180,2026-08-03,WTA,Toronto,Bet365,Eva Lys,Panna Udvardy,double_faults,11.5,23.0000,,2026-08-03T11:50:16Z,2026-08-03T21:00:00Z,Team Total (Double Faults) Away,8,"{'hdp': 11.5, 'over': '23.00'}"
73325180,2026-08-03,WTA,Toronto,Bet365,Eva Lys,Panna Udvardy,double_faults,14.5,26.0000,,2026-08-03T11:50:16Z,2026-08-03T21:00:00Z,Team Total (Double Faults) Away,8,"{'hdp': 14.5, 'over': '26.00'}"
73325180,2026-08-03,WTA,Toronto,Bet365,Panna Udvardy,Eva Lys,double_faults,0.5,1.0100,,2026-08-03T11:50:16Z,2026-08-03T21:00:00Z,Team Total (Double Faults) Home,7,"{'hdp': 0.5, 'over': '1.01'}"
73325180,2026-08-03,WTA,Toronto,Bet365,Panna Udvardy,Eva Lys,double_faults,1.5,1.0800,,2026-08-03T11:50:16Z,2026-08-03T21:00:00Z,Team Total (Double Faults) Home,7,"{'hdp': 1.5, 'over': '1.08'}"
73325180,2026-08-03,WTA,Toronto,Bet365,Panna Udvardy,Eva Lys,double_faults,2.5,1.2500,,2026-08-03T11:50:16Z,2026-08-03T21:00:00Z,Team Total (Double Faults) Home,7,"{'hdp': 2.5, 'over': '1.25'}"
73325180,2026-08-03,WTA,Toronto,Bet365,Panna Udvardy,Eva Lys,double_faults,4.5,2.1000,,2026-08-03T11:50:16Z,2026-08-03T21:00:00Z,Team Total (Double Faults) Home,7,"{'hdp': 4.5, 'over': '2.10'}"
73325180,2026-08-03,WTA,Toronto,Bet365,Panna Udvardy,Eva Lys,double_faults,7.5,8.0000,,2026-08-03T11:50:16Z,2026-08-03T21:00:00Z,Team Total (Double Faults) Home,7,"{'hdp': 7.5, 'over': '8.00'}"
73325180,2026-08-03,WTA,Toronto,Bet365,Panna Udvardy,Eva Lys,double_faults,9.5,19.0000,,2026-08-03T11:50:16Z,2026-08-03T21:00:00Z,Team Total (Double Faults) Home,7,"{'hdp': 9.5, 'over': '19.00'}"
73325180,2026-08-03,WTA,Toronto,Bet365,Panna Udvardy,Eva Lys,double_faults,11.5,26.0000,,2026-08-03T11:50:16Z,2026-08-03T21:00:00Z,Team Total (Double Faults) Home,7,"{'hdp': 11.5, 'over': '26.00'}"
73325180,2026-08-03,WTA,Toronto,Bet365,Panna Udvardy,Eva Lys,match_double_faults,4.5,1.0700,,2026-08-03T11:50:16Z,2026-08-03T21:00:00Z,Totals (Double Faults),8,"{'hdp': 4.5, 'over': '1.07'}"
73325180,2026-08-03,WTA,Toronto,Bet365,Panna Udvardy,Eva Lys,match_double_faults,7.5,1.4400,,2026-08-03T11:50:16Z,2026-08-03T21:00:00Z,Totals (Double Faults),8,"{'hdp': 7.5, 'over': '1.44'}"
73325180,2026-08-03,WTA,Toronto,Bet365,Panna Udvardy,Eva Lys,match_double_faults,9.5,2.0000,,2026-08-03T11:50:16Z,2026-08-03T21:00:00Z,Totals (Double Faults),8,"{'hdp': 9.5, 'over': '2.00'}"
73325180,2026-08-03,WTA,Toronto,Bet365,Panna Udvardy,Eva Lys,match_double_faults,11.5,3.4000,,2026-08-03T11:50:16Z,2026-08-03T21:00:00Z,Totals (Double Faults),8,"{'hdp': 11.5, 'over': '3.40'}"
73325180,2026-08-03,WTA,Toronto,Bet365,Panna Udvardy,Eva Lys,match_double_faults,14.5,8.0000,,2026-08-03T11:50:16Z,2026-08-03T21:00:00Z,Totals (Double Faults),8,"{'hdp': 14.5, 'over': '8.00'}"
73325180,2026-08-03,WTA,Toronto,Bet365,Panna Udvardy,Eva Lys,match_double_faults,19.5,26.0000,,2026-08-03T11:50:16Z,2026-08-03T21:00:00Z,Totals (Double Faults),8,"{'hdp': 19.5, 'over': '26.00'}"
73325180,2026-08-03,WTA,Toronto,Bet365,Eva Lys,Panna Udvardy,aces,0.5,1.1000,,2026-08-03T11:50:16Z,2026-08-03T21:00:00Z,Team Total (Aces) Away,4,"{'hdp': 0.5, 'over': '1.10'}"
73325180,2026-08-03,WTA,Toronto,Bet365,Eva Lys,Panna Udvardy,aces,2.5,2.1000,,2026-08-03T11:50:16Z,2026-08-03T21:00:00Z,Team Total (Aces) Away,4,"{'hdp': 2.5, 'over': '2.10'}"
73325180,2026-08-03,WTA,Toronto,Bet365,Eva Lys,Panna Udvardy,aces,4.5,6.0000,,2026-08-03T11:50:16Z,2026-08-03T21:00:00Z,Team Total (Aces) Away,4,"{'hdp': 4.5, 'over': '6.00'}"
73325180,2026-08-03,WTA,Toronto,Bet365,Eva Lys,Panna Udvardy,aces,9.5,26.0000,,2026-08-03T11:50:16Z,2026-08-03T21:00:00Z,Team Total (Aces) Away,4,"{'hdp': 9.5, 'over': '26.00'}"
73325038,2026-08-03,ATP,Montreal,Bet365,Liam Draxl,Daniel Merida,double_faults,4.5,2.2500,,2026-08-03T11:50:16Z,2026-08-03T22:00:00Z,Team Total (Double Faults) Away,7,"{'hdp': 4.5, 'over': '2.25'}"
73325038,2026-08-03,ATP,Montreal,Bet365,Liam Draxl,Daniel Merida,double_faults,7.5,9.0000,,2026-08-03T11:50:16Z,2026-08-03T22:00:00Z,Team Total (Double Faults) Away,7,"{'hdp': 7.5, 'over': '9.00'}"
73325038,2026-08-03,ATP,Montreal,Bet365,Liam Draxl,Daniel Merida,double_faults,9.5,23.0000,,2026-08-03T11:50:16Z,2026-08-03T22:00:00Z,Team Total (Double Faults) Away,7,"{'hdp': 9.5, 'over': '23.00'}"
73325038,2026-08-03,ATP,Montreal,Bet365,Liam Draxl,Daniel Merida,double_faults,11.5,26.0000,,2026-08-03T11:50:16Z,2026-08-03T22:00:00Z,Team Total (Double Faults) Away,7,"{'hdp': 11.5, 'over': '26.00'}"
73325038,2026-08-03,ATP,Montreal,Bet365,Liam Draxl,Daniel Merida,double_faults,0.5,1.0100,,2026-08-03T11:50:16Z,2026-08-03T22:00:00Z,Team Total (Double Faults) Away,7,"{'hdp': 0.5, 'over': '1.01'}"
73325038,2026-08-03,ATP,Montreal,Bet365,Liam Draxl,Daniel Merida,double_faults,1.5,1.1000,,2026-08-03T11:50:16Z,2026-08-03T22:00:00Z,Team Total (Double Faults) Away,7,"{'hdp': 1.5, 'over': '1.10'}"
73325038,2026-08-03,ATP,Montreal,Bet365,Liam Draxl,Daniel Merida,double_faults,2.5,1.3000,,2026-08-03T11:50:16Z,2026-08-03T22:00:00Z,Team Total (Double Faults) Away,7,"{'hdp': 2.5, 'over': '1.30'}"
73325038,2026-08-03,ATP,Montreal,Bet365,Daniel Merida,Liam Draxl,match_double_faults,2.5,1.0200,,2026-08-03T11:50:16Z,2026-08-03T22:00:00Z,Totals (Double Faults),9,"{'hdp': 2.5, 'over': '1.02'}"
73325038,2026-08-03,ATP,Montreal,Bet365,Daniel Merida,Liam Draxl,match_double_faults,4.5,1.1400,,2026-08-03T11:50:16Z,2026-08-03T22:00:00Z,Totals (Double Faults),9,"{'hdp': 4.5, 'over': '1.14'}"
73325038,2026-08-03,ATP,Montreal,Bet365,Daniel Merida,Liam Draxl,match_double_faults,7.5,1.8300,,2026-08-03T11:50:16Z,2026-08-03T22:00:00Z,Totals (Double Faults),9,"{'hdp': 7.5, 'over': '1.83'}"
73325038,2026-08-03,ATP,Montreal,Bet365,Daniel Merida,Liam Draxl,match_double_faults,9.5,3.2500,,2026-08-03T11:50:16Z,2026-08-03T22:00:00Z,Totals (Double Faults),9,"{'hdp': 9.5, 'over': '3.25'}"
73325038,2026-08-03,ATP,Montreal,Bet365,Daniel Merida,Liam Draxl,match_double_faults,11.5,6.0000,,2026-08-03T11:50:16Z,2026-08-03T22:00:00Z,Totals (Double Faults),9,"{'hdp': 11.5, 'over': '6.00'}"
73325038,2026-08-03,ATP,Montreal,Bet365,Daniel Merida,Liam Draxl,match_double_faults,14.5,19.0000,,2026-08-03T11:50:16Z,2026-08-03T22:00:00Z,Totals (Double Faults),9,"{'hdp': 14.5, 'over': '19.00'}"
73325038,2026-08-03,ATP,Montreal,Bet365,Daniel Merida,Liam Draxl,match_double_faults,19.5,26.0000,,2026-08-03T11:50:16Z,2026-08-03T22:00:00Z,Totals (Double Faults),9,"{'hdp': 19.5, 'over': '26.00'}"
73325038,2026-08-03,ATP,Montreal,Bet365,Liam Draxl,Daniel Merida,aces,0.5,1.0300,,2026-08-03T11:50:16Z,2026-08-03T22:00:00Z,Team Total (Aces) Away,5,"{'hdp': 0.5, 'over': '1.03'}"
73325038,2026-08-03,ATP,Montreal,Bet365,Liam Draxl,Daniel Merida,aces,2.5,1.4400,,2026-08-03T11:50:16Z,2026-08-03T22:00:00Z,Team Total (Aces) Away,5,"{'hdp': 2.5, 'over': '1.44'}"
73325038,2026-08-03,ATP,Montreal,Bet365,Liam Draxl,Daniel Merida,aces,4.5,2.6200,,2026-08-03T11:50:16Z,2026-08-03T22:00:00Z,Team Total (Aces) Away,5,"{'hdp': 4.5, 'over': '2.62'}"
73325038,2026-08-03,ATP,Montreal,Bet365,Liam Draxl,Daniel Merida,aces,9.5,21.0000,,2026-08-03T11:50:16Z,2026-08-03T22:00:00Z,Team Total (Aces) Away,5,"{'hdp': 9.5, 'over': '21.00'}"
73325038,2026-08-03,ATP,Montreal,Bet365,Liam Draxl,Daniel Merida,aces,14.5,26.0000,,2026-08-03T11:50:16Z,2026-08-03T22:00:00Z,Team Total (Aces) Away,5,"{'hdp': 14.5, 'over': '26.00'}"
73325038,2026-08-03,ATP,Montreal,Bet365,Daniel Merida,Liam Draxl,match_aces,2.5,1.0300,,2026-08-03T11:50:16Z,2026-08-03T22:00:00Z,Totals (Aces),6,"{'hdp': 2.5, 'over': '1.03'}"
73325038,2026-08-03,ATP,Montreal,Bet365,Daniel Merida,Liam Draxl,match_aces,4.5,1.1600,,2026-08-03T11:50:16Z,2026-08-03T22:00:00Z,Totals (Aces),6,"{'hdp': 4.5, 'over': '1.16'}"
73325038,2026-08-03,ATP,Montreal,Bet365,Daniel Merida,Liam Draxl,match_aces,9.5,2.3700,,2026-08-03T11:50:16Z,2026-08-03T22:00:00Z,Totals (Aces),6,"{'hdp': 9.5, 'over': '2.37'}"
73325038,2026-08-03,ATP,Montreal,Bet365,Daniel Merida,Liam Draxl,match_aces,14.5,8.0000,,2026-08-03T11:50:16Z,2026-08-03T22:00:00Z,Totals (Aces),6,"{'hdp': 14.5, 'over': '8.00'}"
73325038,2026-08-03,ATP,Montreal,Bet365,Daniel Merida,Liam Draxl,match_aces,19.5,26.0000,,2026-08-03T11:50:16Z,2026-08-03T22:00:00Z,Totals (Aces),6,"{'hdp': 19.5, 'over': '26.00'}"
73325038,2026-08-03,ATP,Montreal,Bet365,Daniel Merida,Liam Draxl,aces,2.5,1.2500,,2026-08-03T11:50:16Z,2026-08-03T22:00:00Z,Team Total (Aces) Home,5,"{'hdp': 2.5, 'over': '1.25'}"
73325038,2026-08-03,ATP,Montreal,Bet365,Daniel Merida,Liam Draxl,aces,0.5,1.0100,,2026-08-03T11:50:16Z,2026-08-03T22:00:00Z,Team Total (Aces) Home,5,"{'hdp': 0.5, 'over': '1.01'}"
73325038,2026-08-03,ATP,Montreal,Bet365,Daniel Merida,Liam Draxl,aces,4.5,1.8300,,2026-08-03T11:50:16Z,2026-08-03T22:00:00Z,Team Total (Aces) Home,5,"{'hdp': 4.5, 'over': '1.83'}"
73325038,2026-08-03,ATP,Montreal,Bet365,Daniel Merida,Liam Draxl,aces,9.5,10.0000,,2026-08-03T11:50:16Z,2026-08-03T22:00:00Z,Team Total (Aces) Home,5,"{'hdp': 9.5, 'over': '10.00'}"
73325038,2026-08-03,ATP,Montreal,Bet365,Daniel Merida,Liam Draxl,aces,14.5,26.0000,,2026-08-03T11:50:16Z,2026-08-03T22:00:00Z,Team Total (Aces) Home,5,"{'hdp': 14.5, 'over': '26.00'}"
73325038,2026-08-03,ATP,Montreal,Bet365,Daniel Merida,Liam Draxl,double_faults,0.5,1.0200,,2026-08-03T11:50:16Z,2026-08-03T22:00:00Z,Team Total (Double Faults) Home,6,"{'hdp': 0.5, 'over': '1.02'}"
73325038,2026-08-03,ATP,Montreal,Bet365,Daniel Merida,Liam Draxl,double_faults,1.5,1.1400,,2026-08-03T11:50:16Z,2026-08-03T22:00:00Z,Team Total (Double Faults) Home,6,"{'hdp': 1.5, 'over': '1.14'}"
73325038,2026-08-03,ATP,Montreal,Bet365,Daniel Merida,Liam Draxl,double_faults,2.5,1.4400,,2026-08-03T11:50:16Z,2026-08-03T22:00:00Z,Team Total (Double Faults) Home,6,"{'hdp': 2.5, 'over': '1.44'}"
73325038,2026-08-03,ATP,Montreal,Bet365,Daniel Merida,Liam Draxl,double_faults,4.5,2.7500,,2026-08-03T11:50:16Z,2026-08-03T22:00:00Z,Team Total (Double Faults) Home,6,"{'hdp': 4.5, 'over': '2.75'}"
73325038,2026-08-03,ATP,Montreal,Bet365,Daniel Merida,Liam Draxl,double_faults,7.5,13.0000,,2026-08-03T11:50:16Z,2026-08-03T22:00:00Z,Team Total (Double Faults) Home,6,"{'hdp': 7.5, 'over': '13.00'}"
73325038,2026-08-03,ATP,Montreal,Bet365,Daniel Merida,Liam Draxl,double_faults,9.5,26.0000,,2026-08-03T11:50:16Z,2026-08-03T22:00:00Z,Team Total (Double Faults) Home,6,"{'hdp': 9.5, 'over': '26.00'}"
73356488,2026-08-03,WTA,Toronto,Bet365,Solana Sierra,Sloane Stephens,match_double_faults,4.5,1.0100,,2026-08-03T11:50:16Z,2026-08-03T22:10:00Z,Totals (Double Faults),9,"{'hdp': 4.5, 'over': '1.01'}"
73356488,2026-08-03,WTA,Toronto,Bet365,Solana Sierra,Sloane Stephens,match_double_faults,7.5,1.1400,,2026-08-03T11:50:16Z,2026-08-03T22:10:00Z,Totals (Double Faults),9,"{'hdp': 7.5, 'over': '1.14'}"
73356488,2026-08-03,WTA,Toronto,Bet365,Solana Sierra,Sloane Stephens,match_double_faults,9.5,1.3600,,2026-08-03T11:50:16Z,2026-08-03T22:10:00Z,Totals (Double Faults),9,"{'hdp': 9.5, 'over': '1.36'}"
73356488,2026-08-03,WTA,Toronto,Bet365,Solana Sierra,Sloane Stephens,match_double_faults,11.5,1.8000,,2026-08-03T11:50:16Z,2026-08-03T22:10:00Z,Totals (Double Faults),9,"{'hdp': 11.5, 'over': '1.80'}"
73356488,2026-08-03,WTA,Toronto,Bet365,Solana Sierra,Sloane Stephens,match_double_faults,19.5,11.0000,,2026-08-03T11:50:16Z,2026-08-03T22:10:00Z,Totals (Double Faults),9,"{'hdp': 19.5, 'over': '11.00'}"
73356488,2026-08-03,WTA,Toronto,Bet365,Solana Sierra,Sloane Stephens,match_double_faults,24.5,26.0000,,2026-08-03T11:50:16Z,2026-08-03T22:10:00Z,Totals (Double Faults),9,"{'hdp': 24.5, 'over': '26.00'}"
73356488,2026-08-03,WTA,Toronto,Bet365,Solana Sierra,Sloane Stephens,match_double_faults,14.5,3.2500,,2026-08-03T11:50:16Z,2026-08-03T22:10:00Z,Totals (Double Faults),9,"{'hdp': 14.5, 'over': '3.25'}"
73356488,2026-08-03,WTA,Toronto,Bet365,Solana Sierra,Sloane Stephens,aces,0.5,1.0400,,2026-08-03T11:50:16Z,2026-08-03T22:10:00Z,Team Total (Aces) Home,5,"{'hdp': 0.5, 'over': '1.04'}"
73356488,2026-08-03,WTA,Toronto,Bet365,Solana Sierra,Sloane Stephens,aces,2.5,1.4400,,2026-08-03T11:50:16Z,2026-08-03T22:10:00Z,Team Total (Aces) Home,5,"{'hdp': 2.5, 'over': '1.44'}"
73356488,2026-08-03,WTA,Toronto,Bet365,Solana Sierra,Sloane Stephens,aces,9.5,21.0000,,2026-08-03T11:50:16Z,2026-08-03T22:10:00Z,Team Total (Aces) Home,5,"{'hdp': 9.5, 'over': '21.00'}"
73356488,2026-08-03,WTA,Toronto,Bet365,Solana Sierra,Sloane Stephens,aces,14.5,26.0000,,2026-08-03T11:50:16Z,2026-08-03T22:10:00Z,Team Total (Aces) Home,5,"{'hdp': 14.5, 'over': '26.00'}"
73356488,2026-08-03,WTA,Toronto,Bet365,Solana Sierra,Sloane Stephens,aces,4.5,2.6200,,2026-08-03T11:50:16Z,2026-08-03T22:10:00Z,Team Total (Aces) Home,5,"{'hdp': 4.5, 'over': '2.62'}"
73356488,2026-08-03,WTA,Toronto,Bet365,Solana Sierra,Sloane Stephens,double_faults,11.5,5.5000,,2026-08-03T11:50:16Z,2026-08-03T22:10:00Z,Team Total (Double Faults) Home,9,"{'hdp': 11.5, 'over': '5.50'}"
73356488,2026-08-03,WTA,Toronto,Bet365,Solana Sierra,Sloane Stephens,double_faults,14.5,15.0000,,2026-08-03T11:50:16Z,2026-08-03T22:10:00Z,Team Total (Double Faults) Home,9,"{'hdp': 14.5, 'over': '15.00'}"
73356488,2026-08-03,WTA,Toronto,Bet365,Solana Sierra,Sloane Stephens,double_faults,19.5,26.0000,,2026-08-03T11:50:16Z,2026-08-03T22:10:00Z,Team Total (Double Faults) Home,9,"{'hdp': 19.5, 'over': '26.00'}"
73356488,2026-08-03,WTA,Toronto,Bet365,Solana Sierra,Sloane Stephens,double_faults,2.5,1.0400,,2026-08-03T11:50:16Z,2026-08-03T22:10:00Z,Team Total (Double Faults) Home,9,"{'hdp': 2.5, 'over': '1.04'}"
73356488,2026-08-03,WTA,Toronto,Bet365,Solana Sierra,Sloane Stephens,double_faults,4.5,1.2000,,2026-08-03T11:50:16Z,2026-08-03T22:10:00Z,Team Total (Double Faults) Home,9,"{'hdp': 4.5, 'over': '1.20'}"
73356488,2026-08-03,WTA,Toronto,Bet365,Solana Sierra,Sloane Stephens,double_faults,7.5,1.9000,,2026-08-03T11:50:16Z,2026-08-03T22:10:00Z,Team Total (Double Faults) Home,9,"{'hdp': 7.5, 'over': '1.90'}"
73356488,2026-08-03,WTA,Toronto,Bet365,Solana Sierra,Sloane Stephens,double_faults,9.5,3.2500,,2026-08-03T11:50:16Z,2026-08-03T22:10:00Z,Team Total (Double Faults) Home,9,"{'hdp': 9.5, 'over': '3.25'}"
73356488,2026-08-03,WTA,Toronto,Bet365,Solana Sierra,Sloane Stephens,match_aces,2.5,1.0500,,2026-08-03T11:50:16Z,2026-08-03T22:10:00Z,Totals (Aces),6,"{'hdp': 2.5, 'over': '1.05'}"
73356488,2026-08-03,WTA,Toronto,Bet365,Solana Sierra,Sloane Stephens,match_aces,4.5,1.2500,,2026-08-03T11:50:16Z,2026-08-03T22:10:00Z,Totals (Aces),6,"{'hdp': 4.5, 'over': '1.25'}"
73356488,2026-08-03,WTA,Toronto,Bet365,Solana Sierra,Sloane Stephens,match_aces,9.5,3.2500,,2026-08-03T11:50:16Z,2026-08-03T22:10:00Z,Totals (Aces),6,"{'hdp': 9.5, 'over': '3.25'}"
73356488,2026-08-03,WTA,Toronto,Bet365,Solana Sierra,Sloane Stephens,match_aces,14.5,13.0000,,2026-08-03T11:50:16Z,2026-08-03T22:10:00Z,Totals (Aces),6,"{'hdp': 14.5, 'over': '13.00'}"
73356488,2026-08-03,WTA,Toronto,Bet365,Solana Sierra,Sloane Stephens,match_aces,19.5,26.0000,,2026-08-03T11:50:16Z,2026-08-03T22:10:00Z,Totals (Aces),6,"{'hdp': 19.5, 'over': '26.00'}"
73356488,2026-08-03,WTA,Toronto,Bet365,Sloane Stephens,Solana Sierra,aces,2.5,1.4400,,2026-08-03T11:50:16Z,2026-08-03T22:10:00Z,Team Total (Aces) Away,5,"{'hdp': 2.5, 'over': '1.44'}"
73356488,2026-08-03,WTA,Toronto,Bet365,Sloane Stephens,Solana Sierra,aces,4.5,2.6200,,2026-08-03T11:50:16Z,2026-08-03T22:10:00Z,Team Total (Aces) Away,5,"{'hdp': 4.5, 'over': '2.62'}"
73356488,2026-08-03,WTA,Toronto,Bet365,Sloane Stephens,Solana Sierra,aces,9.5,21.0000,,2026-08-03T11:50:16Z,2026-08-03T22:10:00Z,Team Total (Aces) Away,5,"{'hdp': 9.5, 'over': '21.00'}"
73356488,2026-08-03,WTA,Toronto,Bet365,Sloane Stephens,Solana Sierra,aces,14.5,26.0000,,2026-08-03T11:50:16Z,2026-08-03T22:10:00Z,Team Total (Aces) Away,5,"{'hdp': 14.5, 'over': '26.00'}"
73356488,2026-08-03,WTA,Toronto,Bet365,Sloane Stephens,Solana Sierra,aces,0.5,1.0400,,2026-08-03T11:50:16Z,2026-08-03T22:10:00Z,Team Total (Aces) Away,5,"{'hdp': 0.5, 'over': '1.04'}"
73356488,2026-08-03,WTA,Toronto,Bet365,Sloane Stephens,Solana Sierra,double_faults,0.5,1.0100,,2026-08-03T11:50:16Z,2026-08-03T22:10:00Z,Team Total (Double Faults) Away,7,"{'hdp': 0.5, 'over': '1.01'}"
73356488,2026-08-03,WTA,Toronto,Bet365,Sloane Stephens,Solana Sierra,double_faults,1.5,1.0800,,2026-08-03T11:50:16Z,2026-08-03T22:10:00Z,Team Total (Double Faults) Away,7,"{'hdp': 1.5, 'over': '1.08'}"
73356488,2026-08-03,WTA,Toronto,Bet365,Sloane Stephens,Solana Sierra,double_faults,2.5,1.2500,,2026-08-03T11:50:16Z,2026-08-03T22:10:00Z,Team Total (Double Faults) Away,7,"{'hdp': 2.5, 'over': '1.25'}"
73356488,2026-08-03,WTA,Toronto,Bet365,Sloane Stephens,Solana Sierra,double_faults,4.5,2.1000,,2026-08-03T11:50:16Z,2026-08-03T22:10:00Z,Team Total (Double Faults) Away,7,"{'hdp': 4.5, 'over': '2.10'}"
73356488,2026-08-03,WTA,Toronto,Bet365,Sloane Stephens,Solana Sierra,double_faults,7.5,7.0000,,2026-08-03T11:50:16Z,2026-08-03T22:10:00Z,Team Total (Double Faults) Away,7,"{'hdp': 7.5, 'over': '7.00'}"
73356488,2026-08-03,WTA,Toronto,Bet365,Sloane Stephens,Solana Sierra,double_faults,9.5,19.0000,,2026-08-03T11:50:16Z,2026-08-03T22:10:00Z,Team Total (Double Faults) Away,7,"{'hdp': 9.5, 'over': '19.00'}"
73356488,2026-08-03,WTA,Toronto,Bet365,Sloane Stephens,Solana Sierra,double_faults,11.5,26.0000,,2026-08-03T11:50:16Z,2026-08-03T22:10:00Z,Team Total (Double Faults) Away,7,"{'hdp': 11.5, 'over': '26.00'}"
73325188,2026-08-03,WTA,Toronto,Bet365,Rebecca Marino,Zeynep Sonmez,match_double_faults,14.5,13.0000,,2026-08-03T11:50:16Z,2026-08-03T23:00:00Z,Totals (Double Faults),9,"{'hdp': 14.5, 'over': '13.00'}"
73325188,2026-08-03,WTA,Toronto,Bet365,Rebecca Marino,Zeynep Sonmez,match_double_faults,2.5,1.0100,,2026-08-03T11:50:16Z,2026-08-03T23:00:00Z,Totals (Double Faults),9,"{'hdp': 2.5, 'over': '1.01'}"
73325188,2026-08-03,WTA,Toronto,Bet365,Rebecca Marino,Zeynep Sonmez,match_double_faults,4.5,1.1000,,2026-08-03T11:50:16Z,2026-08-03T23:00:00Z,Totals (Double Faults),9,"{'hdp': 4.5, 'over': '1.10'}"
73325188,2026-08-03,WTA,Toronto,Bet365,Rebecca Marino,Zeynep Sonmez,match_double_faults,7.5,1.6100,,2026-08-03T11:50:16Z,2026-08-03T23:00:00Z,Totals (Double Faults),9,"{'hdp': 7.5, 'over': '1.61'}"
73325188,2026-08-03,WTA,Toronto,Bet365,Rebecca Marino,Zeynep Sonmez,match_double_faults,9.5,2.5000,,2026-08-03T11:50:16Z,2026-08-03T23:00:00Z,Totals (Double Faults),9,"{'hdp': 9.5, 'over': '2.50'}"
73325188,2026-08-03,WTA,Toronto,Bet365,Rebecca Marino,Zeynep Sonmez,match_double_faults,11.5,4.3300,,2026-08-03T11:50:16Z,2026-08-03T23:00:00Z,Totals (Double Faults),9,"{'hdp': 11.5, 'over': '4.33'}"
73325188,2026-08-03,WTA,Toronto,Bet365,Rebecca Marino,Zeynep Sonmez,match_double_faults,19.5,26.0000,,2026-08-03T11:50:16Z,2026-08-03T23:00:00Z,Totals (Double Faults),9,"{'hdp': 19.5, 'over': '26.00'}"
73325188,2026-08-03,WTA,Toronto,Bet365,Zeynep Sonmez,Rebecca Marino,aces,0.5,1.0800,,2026-08-03T11:50:16Z,2026-08-03T23:00:00Z,Team Total (Aces) Away,4,"{'hdp': 0.5, 'over': '1.08'}"
73325188,2026-08-03,WTA,Toronto,Bet365,Zeynep Sonmez,Rebecca Marino,aces,2.5,2.0000,,2026-08-03T11:50:16Z,2026-08-03T23:00:00Z,Team Total (Aces) Away,4,"{'hdp': 2.5, 'over': '2.00'}"
73325188,2026-08-03,WTA,Toronto,Bet365,Zeynep Sonmez,Rebecca Marino,aces,4.5,5.5000,,2026-08-03T11:50:16Z,2026-08-03T23:00:00Z,Team Total (Aces) Away,4,"{'hdp': 4.5, 'over': '5.50'}"
73325188,2026-08-03,WTA,Toronto,Bet365,Zeynep Sonmez,Rebecca Marino,aces,9.5,26.0000,,2026-08-03T11:50:16Z,2026-08-03T23:00:00Z,Team Total (Aces) Away,4,"{'hdp': 9.5, 'over': '26.00'}"
73325188,2026-08-03,WTA,Toronto,Bet365,Rebecca Marino,Zeynep Sonmez,match_aces,2.5,1.0100,,2026-08-03T11:50:16Z,2026-08-03T23:00:00Z,Totals (Aces),8,"{'hdp': 2.5, 'over': '1.01'}"
73325188,2026-08-03,WTA,Toronto,Bet365,Rebecca Marino,Zeynep Sonmez,match_aces,4.5,1.0700,,2026-08-03T11:50:16Z,2026-08-03T23:00:00Z,Totals (Aces),8,"{'hdp': 4.5, 'over': '1.07'}"
73325188,2026-08-03,WTA,Toronto,Bet365,Rebecca Marino,Zeynep Sonmez,match_aces,9.5,1.5700,,2026-08-03T11:50:16Z,2026-08-03T23:00:00Z,Totals (Aces),8,"{'hdp': 9.5, 'over': '1.57'}"
73325188,2026-08-03,WTA,Toronto,Bet365,Rebecca Marino,Zeynep Sonmez,match_aces,14.5,2.7500,,2026-08-03T11:50:16Z,2026-08-03T23:00:00Z,Totals (Aces),8,"{'hdp': 14.5, 'over': '2.75'}"
73325188,2026-08-03,WTA,Toronto,Bet365,Rebecca Marino,Zeynep Sonmez,match_aces,19.5,6.0000,,2026-08-03T11:50:16Z,2026-08-03T23:00:00Z,Totals (Aces),8,"{'hdp': 19.5, 'over': '6.00'}"
73325188,2026-08-03,WTA,Toronto,Bet365,Rebecca Marino,Zeynep Sonmez,match_aces,24.5,15.0000,,2026-08-03T11:50:16Z,2026-08-03T23:00:00Z,Totals (Aces),8,"{'hdp': 24.5, 'over': '15.00'}"
73325188,2026-08-03,WTA,Toronto,Bet365,Rebecca Marino,Zeynep Sonmez,match_aces,29.5,26.0000,,2026-08-03T11:50:16Z,2026-08-03T23:00:00Z,Totals (Aces),8,"{'hdp': 29.5, 'over': '26.00'}"
73325188,2026-08-03,WTA,Toronto,Bet365,Rebecca Marino,Zeynep Sonmez,aces,2.5,1.0500,,2026-08-03T11:50:16Z,2026-08-03T23:00:00Z,Team Total (Aces) Home,7,"{'hdp': 2.5, 'over': '1.05'}"
73325188,2026-08-03,WTA,Toronto,Bet365,Rebecca Marino,Zeynep Sonmez,aces,4.5,1.1800,,2026-08-03T11:50:16Z,2026-08-03T23:00:00Z,Team Total (Aces) Home,7,"{'hdp': 4.5, 'over': '1.18'}"
73325188,2026-08-03,WTA,Toronto,Bet365,Rebecca Marino,Zeynep Sonmez,aces,9.5,2.1000,,2026-08-03T11:50:16Z,2026-08-03T23:00:00Z,Team Total (Aces) Home,7,"{'hdp': 9.5, 'over': '2.10'}"
73325188,2026-08-03,WTA,Toronto,Bet365,Rebecca Marino,Zeynep Sonmez,aces,14.5,5.0000,,2026-08-03T11:50:16Z,2026-08-03T23:00:00Z,Team Total (Aces) Home,7,"{'hdp': 14.5, 'over': '5.00'}"
73325188,2026-08-03,WTA,Toronto,Bet365,Rebecca Marino,Zeynep Sonmez,aces,19.5,13.0000,,2026-08-03T11:50:16Z,2026-08-03T23:00:00Z,Team Total (Aces) Home,7,"{'hdp': 19.5, 'over': '13.00'}"
73325188,2026-08-03,WTA,Toronto,Bet365,Rebecca Marino,Zeynep Sonmez,aces,24.5,26.0000,,2026-08-03T11:50:16Z,2026-08-03T23:00:00Z,Team Total (Aces) Home,7,"{'hdp': 24.5, 'over': '26.00'}"
73325188,2026-08-03,WTA,Toronto,Bet365,Zeynep Sonmez,Rebecca Marino,double_faults,7.5,15.0000,,2026-08-03T11:50:16Z,2026-08-03T23:00:00Z,Team Total (Double Faults) Away,6,"{'hdp': 7.5, 'over': '15.00'}"
73325188,2026-08-03,WTA,Toronto,Bet365,Zeynep Sonmez,Rebecca Marino,double_faults,0.5,1.0500,,2026-08-03T11:50:16Z,2026-08-03T23:00:00Z,Team Total (Double Faults) Away,6,"{'hdp': 0.5, 'over': '1.05'}"
73325188,2026-08-03,WTA,Toronto,Bet365,Zeynep Sonmez,Rebecca Marino,double_faults,1.5,1.2200,,2026-08-03T11:50:16Z,2026-08-03T23:00:00Z,Team Total (Double Faults) Away,6,"{'hdp': 1.5, 'over': '1.22'}"
73325188,2026-08-03,WTA,Toronto,Bet365,Zeynep Sonmez,Rebecca Marino,double_faults,2.5,1.5700,,2026-08-03T11:50:16Z,2026-08-03T23:00:00Z,Team Total (Double Faults) Away,6,"{'hdp': 2.5, 'over': '1.57'}"
73325188,2026-08-03,WTA,Toronto,Bet365,Zeynep Sonmez,Rebecca Marino,double_faults,4.5,3.2500,,2026-08-03T11:50:16Z,2026-08-03T23:00:00Z,Team Total (Double Faults) Away,6,"{'hdp': 4.5, 'over': '3.25'}"
73325188,2026-08-03,WTA,Toronto,Bet365,Zeynep Sonmez,Rebecca Marino,double_faults,9.5,26.0000,,2026-08-03T11:50:16Z,2026-08-03T23:00:00Z,Team Total (Double Faults) Away,6,"{'hdp': 9.5, 'over': '26.00'}"
73325188,2026-08-03,WTA,Toronto,Bet365,Rebecca Marino,Zeynep Sonmez,double_faults,2.5,1.1400,,2026-08-03T11:50:16Z,2026-08-03T23:00:00Z,Team Total (Double Faults) Home,7,"{'hdp': 2.5, 'over': '1.14'}"
73325188,2026-08-03,WTA,Toronto,Bet365,Rebecca Marino,Zeynep Sonmez,double_faults,7.5,5.0000,,2026-08-03T11:50:16Z,2026-08-03T23:00:00Z,Team Total (Double Faults) Home,7,"{'hdp': 7.5, 'over': '5.00'}"
73325188,2026-08-03,WTA,Toronto,Bet365,Rebecca Marino,Zeynep Sonmez,double_faults,9.5,13.0000,,2026-08-03T11:50:16Z,2026-08-03T23:00:00Z,Team Total (Double Faults) Home,7,"{'hdp': 9.5, 'over': '13.00'}"
73325188,2026-08-03,WTA,Toronto,Bet365,Rebecca Marino,Zeynep Sonmez,double_faults,1.5,1.0400,,2026-08-03T11:50:16Z,2026-08-03T23:00:00Z,Team Total (Double Faults) Home,7,"{'hdp': 1.5, 'over': '1.04'}"
73325188,2026-08-03,WTA,Toronto,Bet365,Rebecca Marino,Zeynep Sonmez,double_faults,4.5,1.6600,,2026-08-03T11:50:16Z,2026-08-03T23:00:00Z,Team Total (Double Faults) Home,7,"{'hdp': 4.5, 'over': '1.66'}"
73325188,2026-08-03,WTA,Toronto,Bet365,Rebecca Marino,Zeynep Sonmez,double_faults,11.5,26.0000,,2026-08-03T11:50:16Z,2026-08-03T23:00:00Z,Team Total (Double Faults) Home,7,"{'hdp': 11.5, 'over': '26.00'}"
73325034,2026-08-03,ATP,Montreal,Bet365,Kamil Majchrzak,Gael Monfils,match_double_faults,2.5,1.0400,,2026-08-03T11:50:16Z,2026-08-03T23:00:00Z,Totals (Double Faults),8,"{'hdp': 2.5, 'over': '1.04'}"
73325034,2026-08-03,ATP,Montreal,Bet365,Kamil Majchrzak,Gael Monfils,match_double_faults,4.5,1.2500,,2026-08-03T11:50:16Z,2026-08-03T23:00:00Z,Totals (Double Faults),8,"{'hdp': 4.5, 'over': '1.25'}"
73325034,2026-08-03,ATP,Montreal,Bet365,Kamil Majchrzak,Gael Monfils,match_double_faults,7.5,2.5000,,2026-08-03T11:50:16Z,2026-08-03T23:00:00Z,Totals (Double Faults),8,"{'hdp': 7.5, 'over': '2.50'}"
73325034,2026-08-03,ATP,Montreal,Bet365,Kamil Majchrzak,Gael Monfils,match_double_faults,9.5,5.0000,,2026-08-03T11:50:16Z,2026-08-03T23:00:00Z,Totals (Double Faults),8,"{'hdp': 9.5, 'over': '5.00'}"
73325034,2026-08-03,ATP,Montreal,Bet365,Kamil Majchrzak,Gael Monfils,match_double_faults,11.5,11.0000,,2026-08-03T11:50:16Z,2026-08-03T23:00:00Z,Totals (Double Faults),8,"{'hdp': 11.5, 'over': '11.00'}"
73325034,2026-08-03,ATP,Montreal,Bet365,Kamil Majchrzak,Gael Monfils,match_double_faults,14.5,26.0000,,2026-08-03T11:50:16Z,2026-08-03T23:00:00Z,Totals (Double Faults),8,"{'hdp': 14.5, 'over': '26.00'}"
73325034,2026-08-03,ATP,Montreal,Bet365,Kamil Majchrzak,Gael Monfils,double_faults,0.5,1.2500,,2026-08-03T11:50:16Z,2026-08-03T23:00:00Z,Team Total (Double Faults) Home,5,"{'hdp': 0.5, 'over': '1.25'}"
73325034,2026-08-03,ATP,Montreal,Bet365,Kamil Majchrzak,Gael Monfils,double_faults,1.5,2.0000,,2026-08-03T11:50:16Z,2026-08-03T23:00:00Z,Team Total (Double Faults) Home,5,"{'hdp': 1.5, 'over': '2.00'}"
73325034,2026-08-03,ATP,Montreal,Bet365,Kamil Majchrzak,Gael Monfils,double_faults,2.5,3.7500,,2026-08-03T11:50:16Z,2026-08-03T23:00:00Z,Team Total (Double Faults) Home,5,"{'hdp': 2.5, 'over': '3.75'}"
73325034,2026-08-03,ATP,Montreal,Bet365,Kamil Majchrzak,Gael Monfils,double_faults,4.5,17.0000,,2026-08-03T11:50:16Z,2026-08-03T23:00:00Z,Team Total (Double Faults) Home,5,"{'hdp': 4.5, 'over': '17.00'}"
73325034,2026-08-03,ATP,Montreal,Bet365,Kamil Majchrzak,Gael Monfils,double_faults,7.5,26.0000,,2026-08-03T11:50:16Z,2026-08-03T23:00:00Z,Team Total (Double Faults) Home,5,"{'hdp': 7.5, 'over': '26.00'}"
73325034,2026-08-03,ATP,Montreal,Bet365,Kamil Majchrzak,Gael Monfils,match_aces,4.5,1.0400,,2026-08-03T11:50:16Z,2026-08-03T23:00:00Z,Totals (Aces),9,"{'hdp': 4.5, 'over': '1.04'}"
73325034,2026-08-03,ATP,Montreal,Bet365,Kamil Majchrzak,Gael Monfils,match_aces,9.5,1.3600,,2026-08-03T11:50:16Z,2026-08-03T23:00:00Z,Totals (Aces),9,"{'hdp': 9.5, 'over': '1.36'}"
73325034,2026-08-03,ATP,Montreal,Bet365,Kamil Majchrzak,Gael Monfils,match_aces,14.5,2.2500,,2026-08-03T11:50:16Z,2026-08-03T23:00:00Z,Totals (Aces),9,"{'hdp': 14.5, 'over': '2.25'}"
73325034,2026-08-03,ATP,Montreal,Bet365,Kamil Majchrzak,Gael Monfils,match_aces,19.5,4.3300,,2026-08-03T11:50:16Z,2026-08-03T23:00:00Z,Totals (Aces),9,"{'hdp': 19.5, 'over': '4.33'}"
73325034,2026-08-03,ATP,Montreal,Bet365,Kamil Majchrzak,Gael Monfils,match_aces,24.5,10.0000,,2026-08-03T11:50:16Z,2026-08-03T23:00:00Z,Totals (Aces),9,"{'hdp': 24.5, 'over': '10.00'}"
73325034,2026-08-03,ATP,Montreal,Bet365,Kamil Majchrzak,Gael Monfils,match_aces,29.5,21.0000,,2026-08-03T11:50:16Z,2026-08-03T23:00:00Z,Totals (Aces),9,"{'hdp': 29.5, 'over': '21.00'}"
73325034,2026-08-03,ATP,Montreal,Bet365,Kamil Majchrzak,Gael Monfils,match_aces,39.5,26.0000,,2026-08-03T11:50:16Z,2026-08-03T23:00:00Z,Totals (Aces),9,"{'hdp': 39.5, 'over': '26.00'}"
73325034,2026-08-03,ATP,Montreal,Bet365,Kamil Majchrzak,Gael Monfils,aces,0.5,1.0100,,2026-08-03T11:50:16Z,2026-08-03T23:00:00Z,Team Total (Aces) Home,5,"{'hdp': 0.5, 'over': '1.01'}"
73325034,2026-08-03,ATP,Montreal,Bet365,Kamil Majchrzak,Gael Monfils,aces,2.5,1.1800,,2026-08-03T11:50:16Z,2026-08-03T23:00:00Z,Team Total (Aces) Home,5,"{'hdp': 2.5, 'over': '1.18'}"
73325034,2026-08-03,ATP,Montreal,Bet365,Kamil Majchrzak,Gael Monfils,aces,4.5,1.7200,,2026-08-03T11:50:16Z,2026-08-03T23:00:00Z,Team Total (Aces) Home,5,"{'hdp': 4.5, 'over': '1.72'}"
73325034,2026-08-03,ATP,Montreal,Bet365,Kamil Majchrzak,Gael Monfils,aces,9.5,8.0000,,2026-08-03T11:50:16Z,2026-08-03T23:00:00Z,Team Total (Aces) Home,5,"{'hdp': 9.5, 'over': '8.00'}"
73325034,2026-08-03,ATP,Montreal,Bet365,Kamil Majchrzak,Gael Monfils,aces,14.5,26.0000,,2026-08-03T11:50:16Z,2026-08-03T23:00:00Z,Team Total (Aces) Home,5,"{'hdp': 14.5, 'over': '26.00'}"
73325034,2026-08-03,ATP,Montreal,Bet365,Gael Monfils,Kamil Majchrzak,double_faults,1.5,1.0400,,2026-08-03T11:50:16Z,2026-08-03T23:00:00Z,Team Total (Double Faults) Away,7,"{'hdp': 1.5, 'over': '1.04'}"
73325034,2026-08-03,ATP,Montreal,Bet365,Gael Monfils,Kamil Majchrzak,double_faults,2.5,1.1400,,2026-08-03T11:50:16Z,2026-08-03T23:00:00Z,Team Total (Double Faults) Away,7,"{'hdp': 2.5, 'over': '1.14'}"
73325034,2026-08-03,ATP,Montreal,Bet365,Gael Monfils,Kamil Majchrzak,double_faults,4.5,1.6600,,2026-08-03T11:50:16Z,2026-08-03T23:00:00Z,Team Total (Double Faults) Away,7,"{'hdp': 4.5, 'over': '1.66'}"
73325034,2026-08-03,ATP,Montreal,Bet365,Gael Monfils,Kamil Majchrzak,double_faults,7.5,5.0000,,2026-08-03T11:50:16Z,2026-08-03T23:00:00Z,Team Total (Double Faults) Away,7,"{'hdp': 7.5, 'over': '5.00'}"
73325034,2026-08-03,ATP,Montreal,Bet365,Gael Monfils,Kamil Majchrzak,double_faults,9.5,13.0000,,2026-08-03T11:50:16Z,2026-08-03T23:00:00Z,Team Total (Double Faults) Away,7,"{'hdp': 9.5, 'over': '13.00'}"
73325034,2026-08-03,ATP,Montreal,Bet365,Gael Monfils,Kamil Majchrzak,double_faults,11.5,26.0000,,2026-08-03T11:50:16Z,2026-08-03T23:00:00Z,Team Total (Double Faults) Away,7,"{'hdp': 11.5, 'over': '26.00'}"
73325034,2026-08-03,ATP,Montreal,Bet365,Gael Monfils,Kamil Majchrzak,aces,2.5,1.0700,,2026-08-03T11:50:16Z,2026-08-03T23:00:00Z,Team Total (Aces) Away,7,"{'hdp': 2.5, 'over': '1.07'}"
73325034,2026-08-03,ATP,Montreal,Bet365,Gael Monfils,Kamil Majchrzak,aces,4.5,1.2500,,2026-08-03T11:50:16Z,2026-08-03T23:00:00Z,Team Total (Aces) Away,7,"{'hdp': 4.5, 'over': '1.25'}"
73325034,2026-08-03,ATP,Montreal,Bet365,Gael Monfils,Kamil Majchrzak,aces,9.5,2.5000,,2026-08-03T11:50:16Z,2026-08-03T23:00:00Z,Team Total (Aces) Away,7,"{'hdp': 9.5, 'over': '2.50'}"
73325034,2026-08-03,ATP,Montreal,Bet365,Gael Monfils,Kamil Majchrzak,aces,14.5,6.5000,,2026-08-03T11:50:16Z,2026-08-03T23:00:00Z,Team Total (Aces) Away,7,"{'hdp': 14.5, 'over': '6.50'}"
73325034,2026-08-03,ATP,Montreal,Bet365,Gael Monfils,Kamil Majchrzak,aces,19.5,19.0000,,2026-08-03T11:50:16Z,2026-08-03T23:00:00Z,Team Total (Aces) Away,7,"{'hdp': 19.5, 'over': '19.00'}"
73325034,2026-08-03,ATP,Montreal,Bet365,Gael Monfils,Kamil Majchrzak,aces,24.5,26.0000,,2026-08-03T11:50:16Z,2026-08-03T23:00:00Z,Team Total (Aces) Away,7,"{'hdp': 24.5, 'over': '26.00'}"
73325032,2026-08-03,ATP,Montreal,Bet365,Pablo Carreno Busta,Valentin Royer,match_aces,2.5,1.0100,,2026-08-03T11:50:16Z,2026-08-03T23:10:00Z,Totals (Aces),8,"{'hdp': 2.5, 'over': '1.01'}"
73325032,2026-08-03,ATP,Montreal,Bet365,Pablo Carreno Busta,Valentin Royer,match_aces,4.5,1.0600,,2026-08-03T11:50:16Z,2026-08-03T23:10:00Z,Totals (Aces),8,"{'hdp': 4.5, 'over': '1.06'}"
73325032,2026-08-03,ATP,Montreal,Bet365,Pablo Carreno Busta,Valentin Royer,match_aces,9.5,1.6100,,2026-08-03T11:50:16Z,2026-08-03T23:10:00Z,Totals (Aces),8,"{'hdp': 9.5, 'over': '1.61'}"
73325032,2026-08-03,ATP,Montreal,Bet365,Pablo Carreno Busta,Valentin Royer,match_aces,14.5,3.4000,,2026-08-03T11:50:16Z,2026-08-03T23:10:00Z,Totals (Aces),8,"{'hdp': 14.5, 'over': '3.40'}"
73325032,2026-08-03,ATP,Montreal,Bet365,Pablo Carreno Busta,Valentin Royer,match_aces,19.5,9.0000,,2026-08-03T11:50:16Z,2026-08-03T23:10:00Z,Totals (Aces),8,"{'hdp': 19.5, 'over': '9.00'}"
73325032,2026-08-03,ATP,Montreal,Bet365,Pablo Carreno Busta,Valentin Royer,match_aces,24.5,21.0000,,2026-08-03T11:50:16Z,2026-08-03T23:10:00Z,Totals (Aces),8,"{'hdp': 24.5, 'over': '21.00'}"
73325032,2026-08-03,ATP,Montreal,Bet365,Pablo Carreno Busta,Valentin Royer,match_aces,29.5,26.0000,,2026-08-03T11:50:16Z,2026-08-03T23:10:00Z,Totals (Aces),8,"{'hdp': 29.5, 'over': '26.00'}"
73325032,2026-08-03,ATP,Montreal,Bet365,Valentin Royer,Pablo Carreno Busta,double_faults,0.5,1.2000,,2026-08-03T11:50:16Z,2026-08-03T23:10:00Z,Team Total (Double Faults) Away,5,"{'hdp': 0.5, 'over': '1.20'}"
73325032,2026-08-03,ATP,Montreal,Bet365,Valentin Royer,Pablo Carreno Busta,double_faults,1.5,1.8300,,2026-08-03T11:50:16Z,2026-08-03T23:10:00Z,Team Total (Double Faults) Away,5,"{'hdp': 1.5, 'over': '1.83'}"
73325032,2026-08-03,ATP,Montreal,Bet365,Valentin Royer,Pablo Carreno Busta,double_faults,2.5,3.5000,,2026-08-03T11:50:16Z,2026-08-03T23:10:00Z,Team Total (Double Faults) Away,5,"{'hdp': 2.5, 'over': '3.50'}"
73325032,2026-08-03,ATP,Montreal,Bet365,Valentin Royer,Pablo Carreno Busta,double_faults,4.5,19.0000,,2026-08-03T11:50:16Z,2026-08-03T23:10:00Z,Team Total (Double Faults) Away,5,"{'hdp': 4.5, 'over': '19.00'}"
73325032,2026-08-03,ATP,Montreal,Bet365,Valentin Royer,Pablo Carreno Busta,double_faults,7.5,26.0000,,2026-08-03T11:50:16Z,2026-08-03T23:10:00Z,Team Total (Double Faults) Away,5,"{'hdp': 7.5, 'over': '26.00'}"
73325032,2026-08-03,ATP,Montreal,Bet365,Pablo Carreno Busta,Valentin Royer,double_faults,0.5,1.3000,,2026-08-03T11:50:16Z,2026-08-03T23:10:00Z,Team Total (Double Faults) Home,4,"{'hdp': 0.5, 'over': '1.30'}"
73325032,2026-08-03,ATP,Montreal,Bet365,Pablo Carreno Busta,Valentin Royer,double_faults,1.5,2.2500,,2026-08-03T11:50:16Z,2026-08-03T23:10:00Z,Team Total (Double Faults) Home,4,"{'hdp': 1.5, 'over': '2.25'}"
73325032,2026-08-03,ATP,Montreal,Bet365,Pablo Carreno Busta,Valentin Royer,double_faults,2.5,4.5000,,2026-08-03T11:50:16Z,2026-08-03T23:10:00Z,Team Total (Double Faults) Home,4,"{'hdp': 2.5, 'over': '4.50'}"
73325032,2026-08-03,ATP,Montreal,Bet365,Pablo Carreno Busta,Valentin Royer,double_faults,4.5,23.0000,,2026-08-03T11:50:16Z,2026-08-03T23:10:00Z,Team Total (Double Faults) Home,4,"{'hdp': 4.5, 'over': '23.00'}"
73325032,2026-08-03,ATP,Montreal,Bet365,Valentin Royer,Pablo Carreno Busta,aces,0.5,1.0100,,2026-08-03T11:50:16Z,2026-08-03T23:10:00Z,Team Total (Aces) Away,6,"{'hdp': 0.5, 'over': '1.01'}"
73325032,2026-08-03,ATP,Montreal,Bet365,Valentin Royer,Pablo Carreno Busta,aces,2.5,1.1400,,2026-08-03T11:50:16Z,2026-08-03T23:10:00Z,Team Total (Aces) Away,6,"{'hdp': 2.5, 'over': '1.14'}"
73325032,2026-08-03,ATP,Montreal,Bet365,Valentin Royer,Pablo Carreno Busta,aces,4.5,1.5000,,2026-08-03T11:50:16Z,2026-08-03T23:10:00Z,Team Total (Aces) Away,6,"{'hdp': 4.5, 'over': '1.50'}"
73325032,2026-08-03,ATP,Montreal,Bet365,Valentin Royer,Pablo Carreno Busta,aces,9.5,5.0000,,2026-08-03T11:50:16Z,2026-08-03T23:10:00Z,Team Total (Aces) Away,6,"{'hdp': 9.5, 'over': '5.00'}"
73325032,2026-08-03,ATP,Montreal,Bet365,Valentin Royer,Pablo Carreno Busta,aces,14.5,21.0000,,2026-08-03T11:50:16Z,2026-08-03T23:10:00Z,Team Total (Aces) Away,6,"{'hdp': 14.5, 'over': '21.00'}"
73325032,2026-08-03,ATP,Montreal,Bet365,Valentin Royer,Pablo Carreno Busta,aces,19.5,26.0000,,2026-08-03T11:50:16Z,2026-08-03T23:10:00Z,Team Total (Aces) Away,6,"{'hdp': 19.5, 'over': '26.00'}"
73325032,2026-08-03,ATP,Montreal,Bet365,Pablo Carreno Busta,Valentin Royer,aces,0.5,1.0100,,2026-08-03T11:50:16Z,2026-08-03T23:10:00Z,Team Total (Aces) Home,5,"{'hdp': 0.5, 'over': '1.01'}"
73325032,2026-08-03,ATP,Montreal,Bet365,Pablo Carreno Busta,Valentin Royer,aces,2.5,1.1800,,2026-08-03T11:50:16Z,2026-08-03T23:10:00Z,Team Total (Aces) Home,5,"{'hdp': 2.5, 'over': '1.18'}"
73325032,2026-08-03,ATP,Montreal,Bet365,Pablo Carreno Busta,Valentin Royer,aces,4.5,1.7200,,2026-08-03T11:50:16Z,2026-08-03T23:10:00Z,Team Total (Aces) Home,5,"{'hdp': 4.5, 'over': '1.72'}"
73325032,2026-08-03,ATP,Montreal,Bet365,Pablo Carreno Busta,Valentin Royer,aces,9.5,8.0000,,2026-08-03T11:50:16Z,2026-08-03T23:10:00Z,Team Total (Aces) Home,5,"{'hdp': 9.5, 'over': '8.00'}"
73325032,2026-08-03,ATP,Montreal,Bet365,Pablo Carreno Busta,Valentin Royer,aces,14.5,26.0000,,2026-08-03T11:50:16Z,2026-08-03T23:10:00Z,Team Total (Aces) Home,5,"{'hdp': 14.5, 'over': '26.00'}"
73325032,2026-08-03,ATP,Montreal,Bet365,Pablo Carreno Busta,Valentin Royer,match_double_faults,0.5,1.0400,,2026-08-03T11:50:16Z,2026-08-03T23:10:00Z,Totals (Double Faults),6,"{'hdp': 0.5, 'over': '1.04'}"
73325032,2026-08-03,ATP,Montreal,Bet365,Pablo Carreno Busta,Valentin Royer,match_double_faults,1.5,1.2000,,2026-08-03T11:50:16Z,2026-08-03T23:10:00Z,Totals (Double Faults),6,"{'hdp': 1.5, 'over': '1.20'}"
73325032,2026-08-03,ATP,Montreal,Bet365,Pablo Carreno Busta,Valentin Royer,match_double_faults,2.5,1.6100,,2026-08-03T11:50:16Z,2026-08-03T23:10:00Z,Totals (Double Faults),6,"{'hdp': 2.5, 'over': '1.61'}"
73325032,2026-08-03,ATP,Montreal,Bet365,Pablo Carreno Busta,Valentin Royer,match_double_faults,4.5,4.0000,,2026-08-03T11:50:16Z,2026-08-03T23:10:00Z,Totals (Double Faults),6,"{'hdp': 4.5, 'over': '4.00'}"
73325032,2026-08-03,ATP,Montreal,Bet365,Pablo Carreno Busta,Valentin Royer,match_double_faults,7.5,23.0000,,2026-08-03T11:50:16Z,2026-08-03T23:10:00Z,Totals (Double Faults),6,"{'hdp': 7.5, 'over': '23.00'}"
73325032,2026-08-03,ATP,Montreal,Bet365,Pablo Carreno Busta,Valentin Royer,match_double_faults,9.5,26.0000,,2026-08-03T11:50:16Z,2026-08-03T23:10:00Z,Totals (Double Faults),6,"{'hdp': 9.5, 'over': '26.00'}"
73325174,2026-08-04,WTA,Toronto,Bet365,Daria Kasatkina,Xinyu Wang,aces,0.5,1.0500,,2026-08-03T11:50:16Z,2026-08-04T00:10:00Z,Team Total (Aces) Away,4,"{'hdp': 0.5, 'over': '1.05'}"
73325174,2026-08-04,WTA,Toronto,Bet365,Daria Kasatkina,Xinyu Wang,aces,2.5,1.6100,,2026-08-03T11:50:16Z,2026-08-04T00:10:00Z,Team Total (Aces) Away,4,"{'hdp': 2.5, 'over': '1.61'}"
73325174,2026-08-04,WTA,Toronto,Bet365,Daria Kasatkina,Xinyu Wang,aces,4.5,3.5000,,2026-08-03T11:50:16Z,2026-08-04T00:10:00Z,Team Total (Aces) Away,4,"{'hdp': 4.5, 'over': '3.50'}"
73325174,2026-08-04,WTA,Toronto,Bet365,Daria Kasatkina,Xinyu Wang,aces,9.5,26.0000,,2026-08-03T11:50:16Z,2026-08-04T00:10:00Z,Team Total (Aces) Away,4,"{'hdp': 9.5, 'over': '26.00'}"
73325174,2026-08-04,WTA,Toronto,Bet365,Xinyu Wang,Daria Kasatkina,aces,0.5,1.0100,,2026-08-03T11:50:16Z,2026-08-04T00:10:00Z,Team Total (Aces) Home,5,"{'hdp': 0.5, 'over': '1.01'}"
73325174,2026-08-04,WTA,Toronto,Bet365,Xinyu Wang,Daria Kasatkina,aces,2.5,1.2500,,2026-08-03T11:50:16Z,2026-08-04T00:10:00Z,Team Total (Aces) Home,5,"{'hdp': 2.5, 'over': '1.25'}"
73325174,2026-08-04,WTA,Toronto,Bet365,Xinyu Wang,Daria Kasatkina,aces,4.5,1.8300,,2026-08-03T11:50:16Z,2026-08-04T00:10:00Z,Team Total (Aces) Home,5,"{'hdp': 4.5, 'over': '1.83'}"
73325174,2026-08-04,WTA,Toronto,Bet365,Xinyu Wang,Daria Kasatkina,aces,9.5,10.0000,,2026-08-03T11:50:16Z,2026-08-04T00:10:00Z,Team Total (Aces) Home,5,"{'hdp': 9.5, 'over': '10.00'}"
73325174,2026-08-04,WTA,Toronto,Bet365,Xinyu Wang,Daria Kasatkina,aces,14.5,26.0000,,2026-08-03T11:50:16Z,2026-08-04T00:10:00Z,Team Total (Aces) Home,5,"{'hdp': 14.5, 'over': '26.00'}"
73325174,2026-08-04,WTA,Toronto,Bet365,Xinyu Wang,Daria Kasatkina,double_faults,1.5,1.0200,,2026-08-03T11:50:16Z,2026-08-04T00:10:00Z,Team Total (Double Faults) Home,8,"{'hdp': 1.5, 'over': '1.02'}"
73325174,2026-08-04,WTA,Toronto,Bet365,Xinyu Wang,Daria Kasatkina,double_faults,2.5,1.0800,,2026-08-03T11:50:16Z,2026-08-04T00:10:00Z,Team Total (Double Faults) Home,8,"{'hdp': 2.5, 'over': '1.08'}"
73325174,2026-08-04,WTA,Toronto,Bet365,Xinyu Wang,Daria Kasatkina,double_faults,4.5,1.4000,,2026-08-03T11:50:16Z,2026-08-04T00:10:00Z,Team Total (Double Faults) Home,8,"{'hdp': 4.5, 'over': '1.40'}"
73325174,2026-08-04,WTA,Toronto,Bet365,Xinyu Wang,Daria Kasatkina,double_faults,7.5,2.7500,,2026-08-03T11:50:16Z,2026-08-04T00:10:00Z,Team Total (Double Faults) Home,8,"{'hdp': 7.5, 'over': '2.75'}"
73325174,2026-08-04,WTA,Toronto,Bet365,Xinyu Wang,Daria Kasatkina,double_faults,9.5,5.5000,,2026-08-03T11:50:16Z,2026-08-04T00:10:00Z,Team Total (Double Faults) Home,8,"{'hdp': 9.5, 'over': '5.50'}"
73325174,2026-08-04,WTA,Toronto,Bet365,Xinyu Wang,Daria Kasatkina,double_faults,11.5,11.0000,,2026-08-03T11:50:16Z,2026-08-04T00:10:00Z,Team Total (Double Faults) Home,8,"{'hdp': 11.5, 'over': '11.00'}"
73325174,2026-08-04,WTA,Toronto,Bet365,Xinyu Wang,Daria Kasatkina,double_faults,14.5,26.0000,,2026-08-03T11:50:16Z,2026-08-04T00:10:00Z,Team Total (Double Faults) Home,8,"{'hdp': 14.5, 'over': '26.00'}"
73325174,2026-08-04,WTA,Toronto,Bet365,Xinyu Wang,Daria Kasatkina,match_double_faults,7.5,1.0200,,2026-08-03T11:50:16Z,2026-08-04T00:10:00Z,Totals (Double Faults),7,"{'hdp': 7.5, 'over': '1.02'}"
73325174,2026-08-04,WTA,Toronto,Bet365,Xinyu Wang,Daria Kasatkina,match_double_faults,9.5,1.0800,,2026-08-03T11:50:16Z,2026-08-04T00:10:00Z,Totals (Double Faults),7,"{'hdp': 9.5, 'over': '1.08'}"
73325174,2026-08-04,WTA,Toronto,Bet365,Xinyu Wang,Daria Kasatkina,match_double_faults,11.5,1.2000,,2026-08-03T11:50:16Z,2026-08-04T00:10:00Z,Totals (Double Faults),7,"{'hdp': 11.5, 'over': '1.20'}"
73325174,2026-08-04,WTA,Toronto,Bet365,Xinyu Wang,Daria Kasatkina,match_double_faults,14.5,1.5300,,2026-08-03T11:50:16Z,2026-08-04T00:10:00Z,Totals (Double Faults),7,"{'hdp': 14.5, 'over': '1.53'}"
73325174,2026-08-04,WTA,Toronto,Bet365,Xinyu Wang,Daria Kasatkina,match_double_faults,19.5,3.0000,,2026-08-03T11:50:16Z,2026-08-04T00:10:00Z,Totals (Double Faults),7,"{'hdp': 19.5, 'over': '3.00'}"
73325174,2026-08-04,WTA,Toronto,Bet365,Xinyu Wang,Daria Kasatkina,match_double_faults,24.5,8.0000,,2026-08-03T11:50:16Z,2026-08-04T00:10:00Z,Totals (Double Faults),7,"{'hdp': 24.5, 'over': '8.00'}"
73325174,2026-08-04,WTA,Toronto,Bet365,Daria Kasatkina,Xinyu Wang,double_faults,4.5,1.0600,,2026-08-03T11:50:16Z,2026-08-04T00:10:00Z,Team Total (Double Faults) Away,10,"{'hdp': 4.5, 'over': '1.06'}"
73325174,2026-08-04,WTA,Toronto,Bet365,Daria Kasatkina,Xinyu Wang,double_faults,7.5,1.3300,,2026-08-03T11:50:16Z,2026-08-04T00:10:00Z,Team Total (Double Faults) Away,10,"{'hdp': 7.5, 'over': '1.33'}"
73325174,2026-08-04,WTA,Toronto,Bet365,Daria Kasatkina,Xinyu Wang,double_faults,9.5,1.7200,,2026-08-03T11:50:16Z,2026-08-04T00:10:00Z,Team Total (Double Faults) Away,10,"{'hdp': 9.5, 'over': '1.72'}"
73325174,2026-08-04,WTA,Toronto,Bet365,Daria Kasatkina,Xinyu Wang,double_faults,11.5,2.5000,,2026-08-03T11:50:16Z,2026-08-04T00:10:00Z,Team Total (Double Faults) Away,10,"{'hdp': 11.5, 'over': '2.50'}"
73325174,2026-08-04,WTA,Toronto,Bet365,Daria Kasatkina,Xinyu Wang,double_faults,14.5,4.5000,,2026-08-03T11:50:16Z,2026-08-04T00:10:00Z,Team Total (Double Faults) Away,10,"{'hdp': 14.5, 'over': '4.50'}"
73325174,2026-08-04,WTA,Toronto,Bet365,Daria Kasatkina,Xinyu Wang,double_faults,19.5,17.0000,,2026-08-03T11:50:16Z,2026-08-04T00:10:00Z,Team Total (Double Faults) Away,10,"{'hdp': 19.5, 'over': '17.00'}"
73325174,2026-08-04,WTA,Toronto,Bet365,Daria Kasatkina,Xinyu Wang,double_faults,24.5,26.0000,,2026-08-03T11:50:16Z,2026-08-04T00:10:00Z,Team Total (Double Faults) Away,10,"{'hdp': 24.5, 'over': '26.00'}"
73325174,2026-08-04,WTA,Toronto,Bet365,Xinyu Wang,Daria Kasatkina,match_aces,2.5,1.0400,,2026-08-03T11:50:16Z,2026-08-04T00:10:00Z,Totals (Aces),6,"{'hdp': 2.5, 'over': '1.04'}"
73325174,2026-08-04,WTA,Toronto,Bet365,Xinyu Wang,Daria Kasatkina,match_aces,4.5,1.2000,,2026-08-03T11:50:16Z,2026-08-04T00:10:00Z,Totals (Aces),6,"{'hdp': 4.5, 'over': '1.20'}"
73325174,2026-08-04,WTA,Toronto,Bet365,Xinyu Wang,Daria Kasatkina,match_aces,9.5,2.6200,,2026-08-03T11:50:16Z,2026-08-04T00:10:00Z,Totals (Aces),6,"{'hdp': 9.5, 'over': '2.62'}"
73325174,2026-08-04,WTA,Toronto,Bet365,Xinyu Wang,Daria Kasatkina,match_aces,14.5,10.0000,,2026-08-03T11:50:16Z,2026-08-04T00:10:00Z,Totals (Aces),6,"{'hdp': 14.5, 'over': '10.00'}"
73325174,2026-08-04,WTA,Toronto,Bet365,Xinyu Wang,Daria Kasatkina,match_aces,19.5,26.0000,,2026-08-03T11:50:16Z,2026-08-04T00:10:00Z,Totals (Aces),6,"{'hdp': 19.5, 'over': '26.00'}"
73352338,2026-08-04,ATP,Montreal,Bet365,Roman Andres Burruchaga,Alexei Popyrin,aces,0.5,1.0200,,2026-08-03T11:50:16Z,2026-08-04T15:00:00Z,Team Total (Aces) Away,5,"{'hdp': 0.5, 'over': '1.02'}"
73352338,2026-08-04,ATP,Montreal,Bet365,Roman Andres Burruchaga,Alexei Popyrin,aces,2.5,1.2800,,2026-08-03T11:50:16Z,2026-08-04T15:00:00Z,Team Total (Aces) Away,5,"{'hdp': 2.5, 'over': '1.28'}"
73352338,2026-08-04,ATP,Montreal,Bet365,Roman Andres Burruchaga,Alexei Popyrin,aces,4.5,2.0000,,2026-08-03T11:50:16Z,2026-08-04T15:00:00Z,Team Total (Aces) Away,5,"{'hdp': 4.5, 'over': '2.00'}"
73352338,2026-08-04,ATP,Montreal,Bet365,Roman Andres Burruchaga,Alexei Popyrin,aces,9.5,11.0000,,2026-08-03T11:50:16Z,2026-08-04T15:00:00Z,Team Total (Aces) Away,5,"{'hdp': 9.5, 'over': '11.00'}"
73352338,2026-08-04,ATP,Montreal,Bet365,Roman Andres Burruchaga,Alexei Popyrin,aces,14.5,26.0000,,2026-08-03T11:50:16Z,2026-08-04T15:00:00Z,Team Total (Aces) Away,5,"{'hdp': 14.5, 'over': '26.00'}"
73352338,2026-08-04,ATP,Montreal,Bet365,Alexei Popyrin,Roman Andres Burruchaga,aces,2.5,1.0700,,2026-08-03T11:50:16Z,2026-08-04T15:00:00Z,Team Total (Aces) Home,6,"{'hdp': 2.5, 'over': '1.07'}"
73352338,2026-08-04,ATP,Montreal,Bet365,Alexei Popyrin,Roman Andres Burruchaga,aces,4.5,1.3000,,2026-08-03T11:50:16Z,2026-08-04T15:00:00Z,Team Total (Aces) Home,6,"{'hdp': 4.5, 'over': '1.30'}"
73352338,2026-08-04,ATP,Montreal,Bet365,Alexei Popyrin,Roman Andres Burruchaga,aces,9.5,3.4000,,2026-08-03T11:50:16Z,2026-08-04T15:00:00Z,Team Total (Aces) Home,6,"{'hdp': 9.5, 'over': '3.40'}"
73352338,2026-08-04,ATP,Montreal,Bet365,Alexei Popyrin,Roman Andres Burruchaga,aces,14.5,13.0000,,2026-08-03T11:50:16Z,2026-08-04T15:00:00Z,Team Total (Aces) Home,6,"{'hdp': 14.5, 'over': '13.00'}"
73352338,2026-08-04,ATP,Montreal,Bet365,Alexei Popyrin,Roman Andres Burruchaga,aces,19.5,26.0000,,2026-08-03T11:50:16Z,2026-08-04T15:00:00Z,Team Total (Aces) Home,6,"{'hdp': 19.5, 'over': '26.00'}"
73352338,2026-08-04,ATP,Montreal,Bet365,Alexei Popyrin,Roman Andres Burruchaga,match_aces,4.5,1.0500,,2026-08-03T11:50:16Z,2026-08-04T15:00:00Z,Totals (Aces),8,"{'hdp': 4.5, 'over': '1.05'}"
73352338,2026-08-04,ATP,Montreal,Bet365,Alexei Popyrin,Roman Andres Burruchaga,match_aces,9.5,1.5300,,2026-08-03T11:50:16Z,2026-08-04T15:00:00Z,Totals (Aces),8,"{'hdp': 9.5, 'over': '1.53'}"
73352338,2026-08-04,ATP,Montreal,Bet365,Alexei Popyrin,Roman Andres Burruchaga,match_aces,14.5,3.0000,,2026-08-03T11:50:16Z,2026-08-04T15:00:00Z,Totals (Aces),8,"{'hdp': 14.5, 'over': '3.00'}"
73352338,2026-08-04,ATP,Montreal,Bet365,Alexei Popyrin,Roman Andres Burruchaga,match_aces,19.5,8.0000,,2026-08-03T11:50:16Z,2026-08-04T15:00:00Z,Totals (Aces),8,"{'hdp': 19.5, 'over': '8.00'}"
73352338,2026-08-04,ATP,Montreal,Bet365,Alexei Popyrin,Roman Andres Burruchaga,match_aces,24.5,19.0000,,2026-08-03T11:50:16Z,2026-08-04T15:00:00Z,Totals (Aces),8,"{'hdp': 24.5, 'over': '19.00'}"
73352338,2026-08-04,ATP,Montreal,Bet365,Alexei Popyrin,Roman Andres Burruchaga,match_aces,29.5,26.0000,,2026-08-03T11:50:16Z,2026-08-04T15:00:00Z,Totals (Aces),8,"{'hdp': 29.5, 'over': '26.00'}"
73252762,2026-08-04,ATP,Montreal,Bet365,Juncheng Shang,Andrey Rublev,aces,0.5,1.0100,,2026-08-03T11:50:16Z,2026-08-04T15:00:00Z,Team Total (Aces) Home,5,"{'hdp': 0.5, 'over': '1.01'}"
73252762,2026-08-04,ATP,Montreal,Bet365,Juncheng Shang,Andrey Rublev,aces,2.5,1.2200,,2026-08-03T11:50:16Z,2026-08-04T15:00:00Z,Team Total (Aces) Home,5,"{'hdp': 2.5, 'over': '1.22'}"
73252762,2026-08-04,ATP,Montreal,Bet365,Juncheng Shang,Andrey Rublev,aces,4.5,1.8000,,2026-08-03T11:50:16Z,2026-08-04T15:00:00Z,Team Total (Aces) Home,5,"{'hdp': 4.5, 'over': '1.80'}"
73252762,2026-08-04,ATP,Montreal,Bet365,Juncheng Shang,Andrey Rublev,aces,9.5,7.0000,,2026-08-03T11:50:16Z,2026-08-04T15:00:00Z,Team Total (Aces) Home,5,"{'hdp': 9.5, 'over': '7.00'}"
73252762,2026-08-04,ATP,Montreal,Bet365,Juncheng Shang,Andrey Rublev,aces,14.5,26.0000,,2026-08-03T11:50:16Z,2026-08-04T15:00:00Z,Team Total (Aces) Home,5,"{'hdp': 14.5, 'over': '26.00'}"
73252762,2026-08-04,ATP,Montreal,Bet365,Andrey Rublev,Juncheng Shang,double_faults,0.5,1.1000,,2026-08-03T11:50:16Z,2026-08-04T15:00:00Z,Team Total (Double Faults) Away,5,"{'hdp': 0.5, 'over': '1.10'}"
73252762,2026-08-04,ATP,Montreal,Bet365,Andrey Rublev,Juncheng Shang,double_faults,1.5,1.4000,,2026-08-03T11:50:16Z,2026-08-04T15:00:00Z,Team Total (Double Faults) Away,5,"{'hdp': 1.5, 'over': '1.40'}"
73252762,2026-08-04,ATP,Montreal,Bet365,Andrey Rublev,Juncheng Shang,double_faults,2.5,2.0000,,2026-08-03T11:50:16Z,2026-08-04T15:00:00Z,Team Total (Double Faults) Away,5,"{'hdp': 2.5, 'over': '2.00'}"
73252762,2026-08-04,ATP,Montreal,Bet365,Andrey Rublev,Juncheng Shang,double_faults,4.5,5.5000,,2026-08-03T11:50:16Z,2026-08-04T15:00:00Z,Team Total (Double Faults) Away,5,"{'hdp': 4.5, 'over': '5.50'}"
73252762,2026-08-04,ATP,Montreal,Bet365,Andrey Rublev,Juncheng Shang,double_faults,7.5,26.0000,,2026-08-03T11:50:16Z,2026-08-04T15:00:00Z,Team Total (Double Faults) Away,5,"{'hdp': 7.5, 'over': '26.00'}"
73252762,2026-08-04,ATP,Montreal,Bet365,Juncheng Shang,Andrey Rublev,double_faults,0.5,1.0700,,2026-08-03T11:50:16Z,2026-08-04T15:00:00Z,Team Total (Double Faults) Home,5,"{'hdp': 0.5, 'over': '1.07'}"
73252762,2026-08-04,ATP,Montreal,Bet365,Juncheng Shang,Andrey Rublev,double_faults,1.5,1.3600,,2026-08-03T11:50:16Z,2026-08-04T15:00:00Z,Team Total (Double Faults) Home,5,"{'hdp': 1.5, 'over': '1.36'}"
73252762,2026-08-04,ATP,Montreal,Bet365,Juncheng Shang,Andrey Rublev,double_faults,2.5,2.0000,,2026-08-03T11:50:16Z,2026-08-04T15:00:00Z,Team Total (Double Faults) Home,5,"{'hdp': 2.5, 'over': '2.00'}"
73252762,2026-08-04,ATP,Montreal,Bet365,Juncheng Shang,Andrey Rublev,double_faults,4.5,6.5000,,2026-08-03T11:50:16Z,2026-08-04T15:00:00Z,Team Total (Double Faults) Home,5,"{'hdp': 4.5, 'over': '6.50'}"
73252762,2026-08-04,ATP,Montreal,Bet365,Juncheng Shang,Andrey Rublev,double_faults,7.5,26.0000,,2026-08-03T11:50:16Z,2026-08-04T15:00:00Z,Team Total (Double Faults) Home,5,"{'hdp': 7.5, 'over': '26.00'}"
73252762,2026-08-04,ATP,Montreal,Bet365,Juncheng Shang,Andrey Rublev,match_aces,4.5,1.0300,,2026-08-03T11:50:16Z,2026-08-04T15:00:00Z,Totals (Aces),8,"{'hdp': 4.5, 'over': '1.03'}"
73252762,2026-08-04,ATP,Montreal,Bet365,Juncheng Shang,Andrey Rublev,match_aces,9.5,1.3600,,2026-08-03T11:50:16Z,2026-08-04T15:00:00Z,Totals (Aces),8,"{'hdp': 9.5, 'over': '1.36'}"
73252762,2026-08-04,ATP,Montreal,Bet365,Juncheng Shang,Andrey Rublev,match_aces,14.5,2.2500,,2026-08-03T11:50:16Z,2026-08-04T15:00:00Z,Totals (Aces),8,"{'hdp': 14.5, 'over': '2.25'}"
73252762,2026-08-04,ATP,Montreal,Bet365,Juncheng Shang,Andrey Rublev,match_aces,19.5,5.0000,,2026-08-03T11:50:16Z,2026-08-04T15:00:00Z,Totals (Aces),8,"{'hdp': 19.5, 'over': '5.00'}"
73252762,2026-08-04,ATP,Montreal,Bet365,Juncheng Shang,Andrey Rublev,match_aces,24.5,11.0000,,2026-08-03T11:50:16Z,2026-08-04T15:00:00Z,Totals (Aces),8,"{'hdp': 24.5, 'over': '11.00'}"
73252762,2026-08-04,ATP,Montreal,Bet365,Juncheng Shang,Andrey Rublev,match_aces,29.5,23.0000,,2026-08-03T11:50:16Z,2026-08-04T15:00:00Z,Totals (Aces),8,"{'hdp': 29.5, 'over': '23.00'}"
73252762,2026-08-04,ATP,Montreal,Bet365,Juncheng Shang,Andrey Rublev,match_aces,39.5,26.0000,,2026-08-03T11:50:16Z,2026-08-04T15:00:00Z,Totals (Aces),8,"{'hdp': 39.5, 'over': '26.00'}"
73252762,2026-08-04,ATP,Montreal,Bet365,Andrey Rublev,Juncheng Shang,aces,2.5,1.0500,,2026-08-03T11:50:16Z,2026-08-04T15:00:00Z,Team Total (Aces) Away,6,"{'hdp': 2.5, 'over': '1.05'}"
73252762,2026-08-04,ATP,Montreal,Bet365,Andrey Rublev,Juncheng Shang,aces,4.5,1.2000,,2026-08-03T11:50:16Z,2026-08-04T15:00:00Z,Team Total (Aces) Away,6,"{'hdp': 4.5, 'over': '1.20'}"
73252762,2026-08-04,ATP,Montreal,Bet365,Andrey Rublev,Juncheng Shang,aces,9.5,2.6200,,2026-08-03T11:50:16Z,2026-08-04T15:00:00Z,Team Total (Aces) Away,6,"{'hdp': 9.5, 'over': '2.62'}"
73252762,2026-08-04,ATP,Montreal,Bet365,Andrey Rublev,Juncheng Shang,aces,14.5,8.0000,,2026-08-03T11:50:16Z,2026-08-04T15:00:00Z,Team Total (Aces) Away,6,"{'hdp': 14.5, 'over': '8.00'}"
73252762,2026-08-04,ATP,Montreal,Bet365,Andrey Rublev,Juncheng Shang,aces,19.5,26.0000,,2026-08-03T11:50:16Z,2026-08-04T15:00:00Z,Team Total (Aces) Away,6,"{'hdp': 19.5, 'over': '26.00'}"
73252762,2026-08-04,ATP,Montreal,Bet365,Juncheng Shang,Andrey Rublev,match_double_faults,1.5,1.0400,,2026-08-03T11:50:16Z,2026-08-04T15:00:00Z,Totals (Double Faults),7,"{'hdp': 1.5, 'over': '1.04'}"
73252762,2026-08-04,ATP,Montreal,Bet365,Juncheng Shang,Andrey Rublev,match_double_faults,2.5,1.1400,,2026-08-03T11:50:16Z,2026-08-04T15:00:00Z,Totals (Double Faults),7,"{'hdp': 2.5, 'over': '1.14'}"
73252762,2026-08-04,ATP,Montreal,Bet365,Juncheng Shang,Andrey Rublev,match_double_faults,4.5,1.6600,,2026-08-03T11:50:16Z,2026-08-04T15:00:00Z,Totals (Double Faults),7,"{'hdp': 4.5, 'over': '1.66'}"
73252762,2026-08-04,ATP,Montreal,Bet365,Juncheng Shang,Andrey Rublev,match_double_faults,7.5,5.0000,,2026-08-03T11:50:16Z,2026-08-04T15:00:00Z,Totals (Double Faults),7,"{'hdp': 7.5, 'over': '5.00'}"
73252762,2026-08-04,ATP,Montreal,Bet365,Juncheng Shang,Andrey Rublev,match_double_faults,9.5,13.0000,,2026-08-03T11:50:16Z,2026-08-04T15:00:00Z,Totals (Double Faults),7,"{'hdp': 9.5, 'over': '13.00'}"
73252762,2026-08-04,ATP,Montreal,Bet365,Juncheng Shang,Andrey Rublev,match_double_faults,11.5,26.0000,,2026-08-03T11:50:16Z,2026-08-04T15:00:00Z,Totals (Double Faults),7,"{'hdp': 11.5, 'over': '26.00'}"
73252758,2026-08-04,ATP,Montreal,Bet365,Alexander Blockx,Jaume Munar,double_faults,0.5,1.0700,,2026-08-03T11:50:16Z,2026-08-04T15:00:00Z,Team Total (Double Faults) Away,5,"{'hdp': 0.5, 'over': '1.07'}"
73252758,2026-08-04,ATP,Montreal,Bet365,Alexander Blockx,Jaume Munar,double_faults,1.5,1.3600,,2026-08-03T11:50:16Z,2026-08-04T15:00:00Z,Team Total (Double Faults) Away,5,"{'hdp': 1.5, 'over': '1.36'}"
73252758,2026-08-04,ATP,Montreal,Bet365,Alexander Blockx,Jaume Munar,double_faults,2.5,1.9000,,2026-08-03T11:50:16Z,2026-08-04T15:00:00Z,Team Total (Double Faults) Away,5,"{'hdp': 2.5, 'over': '1.90'}"
73252758,2026-08-04,ATP,Montreal,Bet365,Alexander Blockx,Jaume Munar,double_faults,4.5,5.5000,,2026-08-03T11:50:16Z,2026-08-04T15:00:00Z,Team Total (Double Faults) Away,5,"{'hdp': 4.5, 'over': '5.50'}"
73252758,2026-08-04,ATP,Montreal,Bet365,Alexander Blockx,Jaume Munar,double_faults,7.5,26.0000,,2026-08-03T11:50:16Z,2026-08-04T15:00:00Z,Team Total (Double Faults) Away,5,"{'hdp': 7.5, 'over': '26.00'}"
73252758,2026-08-04,ATP,Montreal,Bet365,Jaume Munar,Alexander Blockx,double_faults,0.5,1.0300,,2026-08-03T11:50:16Z,2026-08-04T15:00:00Z,Team Total (Double Faults) Home,6,"{'hdp': 0.5, 'over': '1.03'}"
73252758,2026-08-04,ATP,Montreal,Bet365,Jaume Munar,Alexander Blockx,double_faults,1.5,1.1800,,2026-08-03T11:50:16Z,2026-08-04T15:00:00Z,Team Total (Double Faults) Home,6,"{'hdp': 1.5, 'over': '1.18'}"
73252758,2026-08-04,ATP,Montreal,Bet365,Jaume Munar,Alexander Blockx,double_faults,2.5,1.5000,,2026-08-03T11:50:16Z,2026-08-04T15:00:00Z,Team Total (Double Faults) Home,6,"{'hdp': 2.5, 'over': '1.50'}"
73252758,2026-08-04,ATP,Montreal,Bet365,Jaume Munar,Alexander Blockx,double_faults,4.5,3.4000,,2026-08-03T11:50:16Z,2026-08-04T15:00:00Z,Team Total (Double Faults) Home,6,"{'hdp': 4.5, 'over': '3.40'}"
73252758,2026-08-04,ATP,Montreal,Bet365,Jaume Munar,Alexander Blockx,double_faults,7.5,17.0000,,2026-08-03T11:50:16Z,2026-08-04T15:00:00Z,Team Total (Double Faults) Home,6,"{'hdp': 7.5, 'over': '17.00'}"
73252758,2026-08-04,ATP,Montreal,Bet365,Jaume Munar,Alexander Blockx,double_faults,9.5,26.0000,,2026-08-03T11:50:16Z,2026-08-04T15:00:00Z,Team Total (Double Faults) Home,6,"{'hdp': 9.5, 'over': '26.00'}"
73252758,2026-08-04,ATP,Montreal,Bet365,Jaume Munar,Alexander Blockx,match_aces,2.5,1.0100,,2026-08-03T11:50:16Z,2026-08-04T15:00:00Z,Totals (Aces),8,"{'hdp': 2.5, 'over': '1.01'}"
73252758,2026-08-04,ATP,Montreal,Bet365,Jaume Munar,Alexander Blockx,match_aces,4.5,1.0600,,2026-08-03T11:50:16Z,2026-08-04T15:00:00Z,Totals (Aces),8,"{'hdp': 4.5, 'over': '1.06'}"
73252758,2026-08-04,ATP,Montreal,Bet365,Jaume Munar,Alexander Blockx,match_aces,9.5,1.5700,,2026-08-03T11:50:16Z,2026-08-04T15:00:00Z,Totals (Aces),8,"{'hdp': 9.5, 'over': '1.57'}"
73252758,2026-08-04,ATP,Montreal,Bet365,Jaume Munar,Alexander Blockx,match_aces,14.5,3.4000,,2026-08-03T11:50:16Z,2026-08-04T15:00:00Z,Totals (Aces),8,"{'hdp': 14.5, 'over': '3.40'}"
73252758,2026-08-04,ATP,Montreal,Bet365,Jaume Munar,Alexander Blockx,match_aces,19.5,9.0000,,2026-08-03T11:50:16Z,2026-08-04T15:00:00Z,Totals (Aces),8,"{'hdp': 19.5, 'over': '9.00'}"
73252758,2026-08-04,ATP,Montreal,Bet365,Jaume Munar,Alexander Blockx,match_aces,24.5,21.0000,,2026-08-03T11:50:16Z,2026-08-04T15:00:00Z,Totals (Aces),8,"{'hdp': 24.5, 'over': '21.00'}"
73252758,2026-08-04,ATP,Montreal,Bet365,Jaume Munar,Alexander Blockx,match_aces,29.5,26.0000,,2026-08-03T11:50:16Z,2026-08-04T15:00:00Z,Totals (Aces),8,"{'hdp': 29.5, 'over': '26.00'}"
73252758,2026-08-04,ATP,Montreal,Bet365,Alexander Blockx,Jaume Munar,aces,2.5,1.1000,,2026-08-03T11:50:16Z,2026-08-04T15:00:00Z,Team Total (Aces) Away,6,"{'hdp': 2.5, 'over': '1.10'}"
73252758,2026-08-04,ATP,Montreal,Bet365,Alexander Blockx,Jaume Munar,aces,4.5,1.4000,,2026-08-03T11:50:16Z,2026-08-04T15:00:00Z,Team Total (Aces) Away,6,"{'hdp': 4.5, 'over': '1.40'}"
73252758,2026-08-04,ATP,Montreal,Bet365,Alexander Blockx,Jaume Munar,aces,9.5,4.0000,,2026-08-03T11:50:16Z,2026-08-04T15:00:00Z,Team Total (Aces) Away,6,"{'hdp': 9.5, 'over': '4.00'}"
73252758,2026-08-04,ATP,Montreal,Bet365,Alexander Blockx,Jaume Munar,aces,14.5,17.0000,,2026-08-03T11:50:16Z,2026-08-04T15:00:00Z,Team Total (Aces) Away,6,"{'hdp': 14.5, 'over': '17.00'}"
73252758,2026-08-04,ATP,Montreal,Bet365,Alexander Blockx,Jaume Munar,aces,19.5,26.0000,,2026-08-03T11:50:16Z,2026-08-04T15:00:00Z,Team Total (Aces) Away,6,"{'hdp': 19.5, 'over': '26.00'}"
73252758,2026-08-04,ATP,Montreal,Bet365,Jaume Munar,Alexander Blockx,aces,0.5,1.0200,,2026-08-03T11:50:16Z,2026-08-04T15:00:00Z,Team Total (Aces) Home,5,"{'hdp': 0.5, 'over': '1.02'}"
73252758,2026-08-04,ATP,Montreal,Bet365,Jaume Munar,Alexander Blockx,aces,2.5,1.2500,,2026-08-03T11:50:16Z,2026-08-04T15:00:00Z,Team Total (Aces) Home,5,"{'hdp': 2.5, 'over': '1.25'}"
73252758,2026-08-04,ATP,Montreal,Bet365,Jaume Munar,Alexander Blockx,aces,4.5,1.9000,,2026-08-03T11:50:16Z,2026-08-04T15:00:00Z,Team Total (Aces) Home,5,"{'hdp': 4.5, 'over': '1.90'}"
73252758,2026-08-04,ATP,Montreal,Bet365,Jaume Munar,Alexander Blockx,aces,9.5,11.0000,,2026-08-03T11:50:16Z,2026-08-04T15:00:00Z,Team Total (Aces) Home,5,"{'hdp': 9.5, 'over': '11.00'}"
73252758,2026-08-04,ATP,Montreal,Bet365,Jaume Munar,Alexander Blockx,aces,14.5,26.0000,,2026-08-03T11:50:16Z,2026-08-04T15:00:00Z,Team Total (Aces) Home,5,"{'hdp': 14.5, 'over': '26.00'}"
73252758,2026-08-04,ATP,Montreal,Bet365,Jaume Munar,Alexander Blockx,match_double_faults,1.5,1.0100,,2026-08-03T11:50:16Z,2026-08-04T15:00:00Z,Totals (Double Faults),8,"{'hdp': 1.5, 'over': '1.01'}"
73252758,2026-08-04,ATP,Montreal,Bet365,Jaume Munar,Alexander Blockx,match_double_faults,2.5,1.0700,,2026-08-03T11:50:16Z,2026-08-04T15:00:00Z,Totals (Double Faults),8,"{'hdp': 2.5, 'over': '1.07'}"
73252758,2026-08-04,ATP,Montreal,Bet365,Jaume Munar,Alexander Blockx,match_double_faults,4.5,1.4000,,2026-08-03T11:50:16Z,2026-08-04T15:00:00Z,Totals (Double Faults),8,"{'hdp': 4.5, 'over': '1.40'}"
73252758,2026-08-04,ATP,Montreal,Bet365,Jaume Munar,Alexander Blockx,match_double_faults,7.5,3.2500,,2026-08-03T11:50:16Z,2026-08-04T15:00:00Z,Totals (Double Faults),8,"{'hdp': 7.5, 'over': '3.25'}"
73252758,2026-08-04,ATP,Montreal,Bet365,Jaume Munar,Alexander Blockx,match_double_faults,9.5,7.0000,,2026-08-03T11:50:16Z,2026-08-04T15:00:00Z,Totals (Double Faults),8,"{'hdp': 9.5, 'over': '7.00'}"
73252758,2026-08-04,ATP,Montreal,Bet365,Jaume Munar,Alexander Blockx,match_double_faults,11.5,17.0000,,2026-08-03T11:50:16Z,2026-08-04T15:00:00Z,Totals (Double Faults),8,"{'hdp': 11.5, 'over': '17.00'}"
73252758,2026-08-04,ATP,Montreal,Bet365,Jaume Munar,Alexander Blockx,match_double_faults,14.5,26.0000,,2026-08-03T11:50:16Z,2026-08-04T15:00:00Z,Totals (Double Faults),8,"{'hdp': 14.5, 'over': '26.00'}"
