event_id,date,tour,tournament,bookmaker,player,opponent,market,line,over_odds,under_odds,capture_ts,match_start_utc,raw_market_name,raw_outcome_count,raw_label_sample
75151648,2026-10-10,ATP,Shanghai,Bet365,Jiri Lehecka,Nuno Borges,double_faults,0.5,1.2000,,2026-10-09T15:22:28Z,2026-10-10T04:00:00Z,Team Total (Double Faults) Home,5,"{'hdp': 0.5, 'over': '1.20'}"
75151648,2026-10-10,ATP,Shanghai,Bet365,Jiri Lehecka,Nuno Borges,double_faults,1.5,1.8300,,2026-10-09T15:22:28Z,2026-10-10T04:00:00Z,Team Total (Double Faults) Home,5,"{'hdp': 1.5, 'over': '1.83'}"
75151648,2026-10-10,ATP,Shanghai,Bet365,Jiri Lehecka,Nuno Borges,double_faults,2.5,3.2500,,2026-10-09T15:22:28Z,2026-10-10T04:00:00Z,Team Total (Double Faults) Home,5,"{'hdp': 2.5, 'over': '3.25'}"
75151648,2026-10-10,ATP,Shanghai,Bet365,Jiri Lehecka,Nuno Borges,double_faults,4.5,13.0000,,2026-10-09T15:22:28Z,2026-10-10T04:00:00Z,Team Total (Double Faults) Home,5,"{'hdp': 4.5, 'over': '13.00'}"
75151648,2026-10-10,ATP,Shanghai,Bet365,Jiri Lehecka,Nuno Borges,double_faults,7.5,26.0000,,2026-10-09T15:22:28Z,2026-10-10T04:00:00Z,Team Total (Double Faults) Home,5,"{'hdp': 7.5, 'over': '26.00'}"
75151648,2026-10-10,ATP,Shanghai,Bet365,Jiri Lehecka,Nuno Borges,match_aces,9.5,1.0800,,2026-10-09T15:22:28Z,2026-10-10T04:00:00Z,Totals (Aces),9,"{'hdp': 9.5, 'over': '1.08'}"
75151648,2026-10-10,ATP,Shanghai,Bet365,Jiri Lehecka,Nuno Borges,match_aces,14.5,1.3600,,2026-10-09T15:22:28Z,2026-10-10T04:00:00Z,Totals (Aces),9,"{'hdp': 14.5, 'over': '1.36'}"
75151648,2026-10-10,ATP,Shanghai,Bet365,Jiri Lehecka,Nuno Borges,match_aces,19.5,1.9000,,2026-10-09T15:22:28Z,2026-10-10T04:00:00Z,Totals (Aces),9,"{'hdp': 19.5, 'over': '1.90'}"
75151648,2026-10-10,ATP,Shanghai,Bet365,Jiri Lehecka,Nuno Borges,match_aces,24.5,3.2500,,2026-10-09T15:22:28Z,2026-10-10T04:00:00Z,Totals (Aces),9,"{'hdp': 24.5, 'over': '3.25'}"
75151648,2026-10-10,ATP,Shanghai,Bet365,Jiri Lehecka,Nuno Borges,match_aces,29.5,6.0000,,2026-10-09T15:22:28Z,2026-10-10T04:00:00Z,Totals (Aces),9,"{'hdp': 29.5, 'over': '6.00'}"
75151648,2026-10-10,ATP,Shanghai,Bet365,Jiri Lehecka,Nuno Borges,match_aces,39.5,19.0000,,2026-10-09T15:22:28Z,2026-10-10T04:00:00Z,Totals (Aces),9,"{'hdp': 39.5, 'over': '19.00'}"
75151648,2026-10-10,ATP,Shanghai,Bet365,Jiri Lehecka,Nuno Borges,match_aces,49.5,26.0000,,2026-10-09T15:22:28Z,2026-10-10T04:00:00Z,Totals (Aces),9,"{'hdp': 49.5, 'over': '26.00'}"
75151648,2026-10-10,ATP,Shanghai,Bet365,Jiri Lehecka,Nuno Borges,match_double_faults,1.5,1.0400,,2026-10-09T15:22:28Z,2026-10-10T04:00:00Z,Totals (Double Faults),7,"{'hdp': 1.5, 'over': '1.04'}"
75151648,2026-10-10,ATP,Shanghai,Bet365,Jiri Lehecka,Nuno Borges,match_double_faults,2.5,1.1400,,2026-10-09T15:22:28Z,2026-10-10T04:00:00Z,Totals (Double Faults),7,"{'hdp': 2.5, 'over': '1.14'}"
75151648,2026-10-10,ATP,Shanghai,Bet365,Jiri Lehecka,Nuno Borges,match_double_faults,4.5,1.7200,,2026-10-09T15:22:28Z,2026-10-10T04:00:00Z,Totals (Double Faults),7,"{'hdp': 4.5, 'over': '1.72'}"
75151648,2026-10-10,ATP,Shanghai,Bet365,Jiri Lehecka,Nuno Borges,match_double_faults,7.5,5.5000,,2026-10-09T15:22:28Z,2026-10-10T04:00:00Z,Totals (Double Faults),7,"{'hdp': 7.5, 'over': '5.50'}"
75151648,2026-10-10,ATP,Shanghai,Bet365,Jiri Lehecka,Nuno Borges,match_double_faults,9.5,15.0000,,2026-10-09T15:22:28Z,2026-10-10T04:00:00Z,Totals (Double Faults),7,"{'hdp': 9.5, 'over': '15.00'}"
75151648,2026-10-10,ATP,Shanghai,Bet365,Jiri Lehecka,Nuno Borges,match_double_faults,11.5,26.0000,,2026-10-09T15:22:28Z,2026-10-10T04:00:00Z,Totals (Double Faults),7,"{'hdp': 11.5, 'over': '26.00'}"
75151648,2026-10-10,ATP,Shanghai,Bet365,Jiri Lehecka,Nuno Borges,aces,2.5,1.0100,,2026-10-09T15:22:28Z,2026-10-10T04:00:00Z,Team Total (Aces) Home,8,"{'hdp': 2.5, 'over': '1.01'}"
75151648,2026-10-10,ATP,Shanghai,Bet365,Jiri Lehecka,Nuno Borges,aces,4.5,1.0700,,2026-10-09T15:22:28Z,2026-10-10T04:00:00Z,Team Total (Aces) Home,8,"{'hdp': 4.5, 'over': '1.07'}"
75151648,2026-10-10,ATP,Shanghai,Bet365,Jiri Lehecka,Nuno Borges,aces,9.5,1.5700,,2026-10-09T15:22:28Z,2026-10-10T04:00:00Z,Team Total (Aces) Home,8,"{'hdp': 9.5, 'over': '1.57'}"
75151648,2026-10-10,ATP,Shanghai,Bet365,Jiri Lehecka,Nuno Borges,aces,14.5,3.0000,,2026-10-09T15:22:28Z,2026-10-10T04:00:00Z,Team Total (Aces) Home,8,"{'hdp': 14.5, 'over': '3.00'}"
75151648,2026-10-10,ATP,Shanghai,Bet365,Jiri Lehecka,Nuno Borges,aces,19.5,6.5000,,2026-10-09T15:22:28Z,2026-10-10T04:00:00Z,Team Total (Aces) Home,8,"{'hdp': 19.5, 'over': '6.50'}"
75151648,2026-10-10,ATP,Shanghai,Bet365,Jiri Lehecka,Nuno Borges,aces,24.5,15.0000,,2026-10-09T15:22:28Z,2026-10-10T04:00:00Z,Team Total (Aces) Home,8,"{'hdp': 24.5, 'over': '15.00'}"
75151648,2026-10-10,ATP,Shanghai,Bet365,Jiri Lehecka,Nuno Borges,aces,29.5,26.0000,,2026-10-09T15:22:28Z,2026-10-10T04:00:00Z,Team Total (Aces) Home,8,"{'hdp': 29.5, 'over': '26.00'}"
75151648,2026-10-10,ATP,Shanghai,Bet365,Nuno Borges,Jiri Lehecka,double_faults,0.5,1.0400,,2026-10-09T15:22:28Z,2026-10-10T04:00:00Z,Team Total (Double Faults) Away,6,"{'hdp': 0.5, 'over': '1.04'}"
75151648,2026-10-10,ATP,Shanghai,Bet365,Nuno Borges,Jiri Lehecka,double_faults,1.5,1.2000,,2026-10-09T15:22:28Z,2026-10-10T04:00:00Z,Team Total (Double Faults) Away,6,"{'hdp': 1.5, 'over': '1.20'}"
75151648,2026-10-10,ATP,Shanghai,Bet365,Nuno Borges,Jiri Lehecka,double_faults,2.5,1.5700,,2026-10-09T15:22:28Z,2026-10-10T04:00:00Z,Team Total (Double Faults) Away,6,"{'hdp': 2.5, 'over': '1.57'}"
75151648,2026-10-10,ATP,Shanghai,Bet365,Nuno Borges,Jiri Lehecka,double_faults,4.5,3.7500,,2026-10-09T15:22:28Z,2026-10-10T04:00:00Z,Team Total (Double Faults) Away,6,"{'hdp': 4.5, 'over': '3.75'}"
75151648,2026-10-10,ATP,Shanghai,Bet365,Nuno Borges,Jiri Lehecka,double_faults,7.5,23.0000,,2026-10-09T15:22:28Z,2026-10-10T04:00:00Z,Team Total (Double Faults) Away,6,"{'hdp': 7.5, 'over': '23.00'}"
75151648,2026-10-10,ATP,Shanghai,Bet365,Nuno Borges,Jiri Lehecka,double_faults,9.5,26.0000,,2026-10-09T15:22:28Z,2026-10-10T04:00:00Z,Team Total (Double Faults) Away,6,"{'hdp': 9.5, 'over': '26.00'}"
75151648,2026-10-10,ATP,Shanghai,Bet365,Nuno Borges,Jiri Lehecka,aces,2.5,1.0700,,2026-10-09T15:22:28Z,2026-10-10T04:00:00Z,Team Total (Aces) Away,7,"{'hdp': 2.5, 'over': '1.07'}"
75151648,2026-10-10,ATP,Shanghai,Bet365,Nuno Borges,Jiri Lehecka,aces,4.5,1.2800,,2026-10-09T15:22:28Z,2026-10-10T04:00:00Z,Team Total (Aces) Away,7,"{'hdp': 4.5, 'over': '1.28'}"
75151648,2026-10-10,ATP,Shanghai,Bet365,Nuno Borges,Jiri Lehecka,aces,9.5,2.7500,,2026-10-09T15:22:28Z,2026-10-10T04:00:00Z,Team Total (Aces) Away,7,"{'hdp': 9.5, 'over': '2.75'}"
75151648,2026-10-10,ATP,Shanghai,Bet365,Nuno Borges,Jiri Lehecka,aces,14.5,8.0000,,2026-10-09T15:22:28Z,2026-10-10T04:00:00Z,Team Total (Aces) Away,7,"{'hdp': 14.5, 'over': '8.00'}"
75151648,2026-10-10,ATP,Shanghai,Bet365,Nuno Borges,Jiri Lehecka,aces,19.5,21.0000,,2026-10-09T15:22:28Z,2026-10-10T04:00:00Z,Team Total (Aces) Away,7,"{'hdp': 19.5, 'over': '21.00'}"
75151648,2026-10-10,ATP,Shanghai,Bet365,Nuno Borges,Jiri Lehecka,aces,24.5,26.0000,,2026-10-09T15:22:28Z,2026-10-10T04:00:00Z,Team Total (Aces) Away,7,"{'hdp': 24.5, 'over': '26.00'}"
75408688,2026-10-10,ATP,Shanghai,Bet365,Thiago Agustin Tirante,Rafael Jodar,match_aces,2.5,1.0200,,2026-10-09T15:22:28Z,2026-10-10T04:00:00Z,Totals (Aces),7,"{'hdp': 2.5, 'over': '1.02'}"
75408688,2026-10-10,ATP,Shanghai,Bet365,Thiago Agustin Tirante,Rafael Jodar,match_aces,4.5,1.1000,,2026-10-09T15:22:28Z,2026-10-10T04:00:00Z,Totals (Aces),7,"{'hdp': 4.5, 'over': '1.10'}"
75408688,2026-10-10,ATP,Shanghai,Bet365,Thiago Agustin Tirante,Rafael Jodar,match_aces,9.5,1.8000,,2026-10-09T15:22:28Z,2026-10-10T04:00:00Z,Totals (Aces),7,"{'hdp': 9.5, 'over': '1.80'}"
75408688,2026-10-10,ATP,Shanghai,Bet365,Thiago Agustin Tirante,Rafael Jodar,match_aces,14.5,3.7500,,2026-10-09T15:22:28Z,2026-10-10T04:00:00Z,Totals (Aces),7,"{'hdp': 14.5, 'over': '3.75'}"
75408688,2026-10-10,ATP,Shanghai,Bet365,Thiago Agustin Tirante,Rafael Jodar,match_aces,19.5,11.0000,,2026-10-09T15:22:28Z,2026-10-10T04:00:00Z,Totals (Aces),7,"{'hdp': 19.5, 'over': '11.00'}"
75408688,2026-10-10,ATP,Shanghai,Bet365,Thiago Agustin Tirante,Rafael Jodar,match_aces,24.5,26.0000,,2026-10-09T15:22:28Z,2026-10-10T04:00:00Z,Totals (Aces),7,"{'hdp': 24.5, 'over': '26.00'}"
75408688,2026-10-10,ATP,Shanghai,Bet365,Rafael Jodar,Thiago Agustin Tirante,aces,0.5,1.0400,,2026-10-09T15:22:28Z,2026-10-10T04:00:00Z,Team Total (Aces) Away,4,"{'hdp': 0.5, 'over': '1.04'}"
75408688,2026-10-10,ATP,Shanghai,Bet365,Rafael Jodar,Thiago Agustin Tirante,aces,2.5,1.5700,,2026-10-09T15:22:28Z,2026-10-10T04:00:00Z,Team Total (Aces) Away,4,"{'hdp': 2.5, 'over': '1.57'}"
75408688,2026-10-10,ATP,Shanghai,Bet365,Rafael Jodar,Thiago Agustin Tirante,aces,4.5,3.2500,,2026-10-09T15:22:28Z,2026-10-10T04:00:00Z,Team Total (Aces) Away,4,"{'hdp': 4.5, 'over': '3.25'}"
75408688,2026-10-10,ATP,Shanghai,Bet365,Rafael Jodar,Thiago Agustin Tirante,aces,9.5,26.0000,,2026-10-09T15:22:28Z,2026-10-10T04:00:00Z,Team Total (Aces) Away,4,"{'hdp': 9.5, 'over': '26.00'}"
75408688,2026-10-10,ATP,Shanghai,Bet365,Thiago Agustin Tirante,Rafael Jodar,double_faults,0.5,1.0400,,2026-10-09T15:22:28Z,2026-10-10T04:00:00Z,Team Total (Double Faults) Home,6,"{'hdp': 0.5, 'over': '1.04'}"
75408688,2026-10-10,ATP,Shanghai,Bet365,Thiago Agustin Tirante,Rafael Jodar,double_faults,1.5,1.2000,,2026-10-09T15:22:28Z,2026-10-10T04:00:00Z,Team Total (Double Faults) Home,6,"{'hdp': 1.5, 'over': '1.20'}"
75408688,2026-10-10,ATP,Shanghai,Bet365,Thiago Agustin Tirante,Rafael Jodar,double_faults,2.5,1.6100,,2026-10-09T15:22:28Z,2026-10-10T04:00:00Z,Team Total (Double Faults) Home,6,"{'hdp': 2.5, 'over': '1.61'}"
75408688,2026-10-10,ATP,Shanghai,Bet365,Thiago Agustin Tirante,Rafael Jodar,double_faults,4.5,3.7500,,2026-10-09T15:22:28Z,2026-10-10T04:00:00Z,Team Total (Double Faults) Home,6,"{'hdp': 4.5, 'over': '3.75'}"
75408688,2026-10-10,ATP,Shanghai,Bet365,Thiago Agustin Tirante,Rafael Jodar,double_faults,7.5,21.0000,,2026-10-09T15:22:28Z,2026-10-10T04:00:00Z,Team Total (Double Faults) Home,6,"{'hdp': 7.5, 'over': '21.00'}"
75408688,2026-10-10,ATP,Shanghai,Bet365,Thiago Agustin Tirante,Rafael Jodar,double_faults,9.5,26.0000,,2026-10-09T15:22:28Z,2026-10-10T04:00:00Z,Team Total (Double Faults) Home,6,"{'hdp': 9.5, 'over': '26.00'}"
75408688,2026-10-10,ATP,Shanghai,Bet365,Thiago Agustin Tirante,Rafael Jodar,match_double_faults,1.5,1.0300,,2026-10-09T15:22:28Z,2026-10-10T04:00:00Z,Totals (Double Faults),7,"{'hdp': 1.5, 'over': '1.03'}"
75408688,2026-10-10,ATP,Shanghai,Bet365,Thiago Agustin Tirante,Rafael Jodar,match_double_faults,2.5,1.1100,,2026-10-09T15:22:28Z,2026-10-10T04:00:00Z,Totals (Double Faults),7,"{'hdp': 2.5, 'over': '1.11'}"
75408688,2026-10-10,ATP,Shanghai,Bet365,Thiago Agustin Tirante,Rafael Jodar,match_double_faults,4.5,1.5700,,2026-10-09T15:22:28Z,2026-10-10T04:00:00Z,Totals (Double Faults),7,"{'hdp': 4.5, 'over': '1.57'}"
75408688,2026-10-10,ATP,Shanghai,Bet365,Thiago Agustin Tirante,Rafael Jodar,match_double_faults,7.5,4.3300,,2026-10-09T15:22:28Z,2026-10-10T04:00:00Z,Totals (Double Faults),7,"{'hdp': 7.5, 'over': '4.33'}"
75408688,2026-10-10,ATP,Shanghai,Bet365,Thiago Agustin Tirante,Rafael Jodar,match_double_faults,9.5,11.0000,,2026-10-09T15:22:28Z,2026-10-10T04:00:00Z,Totals (Double Faults),7,"{'hdp': 9.5, 'over': '11.00'}"
75408688,2026-10-10,ATP,Shanghai,Bet365,Thiago Agustin Tirante,Rafael Jodar,match_double_faults,11.5,26.0000,,2026-10-09T15:22:28Z,2026-10-10T04:00:00Z,Totals (Double Faults),7,"{'hdp': 11.5, 'over': '26.00'}"
75408688,2026-10-10,ATP,Shanghai,Bet365,Thiago Agustin Tirante,Rafael Jodar,aces,2.5,1.1000,,2026-10-09T15:22:28Z,2026-10-10T04:00:00Z,Team Total (Aces) Home,6,"{'hdp': 2.5, 'over': '1.10'}"
75408688,2026-10-10,ATP,Shanghai,Bet365,Thiago Agustin Tirante,Rafael Jodar,aces,4.5,1.3600,,2026-10-09T15:22:28Z,2026-10-10T04:00:00Z,Team Total (Aces) Home,6,"{'hdp': 4.5, 'over': '1.36'}"
75408688,2026-10-10,ATP,Shanghai,Bet365,Thiago Agustin Tirante,Rafael Jodar,aces,9.5,3.4000,,2026-10-09T15:22:28Z,2026-10-10T04:00:00Z,Team Total (Aces) Home,6,"{'hdp': 9.5, 'over': '3.40'}"
75408688,2026-10-10,ATP,Shanghai,Bet365,Thiago Agustin Tirante,Rafael Jodar,aces,14.5,11.0000,,2026-10-09T15:22:28Z,2026-10-10T04:00:00Z,Team Total (Aces) Home,6,"{'hdp': 14.5, 'over': '11.00'}"
75408688,2026-10-10,ATP,Shanghai,Bet365,Thiago Agustin Tirante,Rafael Jodar,aces,19.5,26.0000,,2026-10-09T15:22:28Z,2026-10-10T04:00:00Z,Team Total (Aces) Home,6,"{'hdp': 19.5, 'over': '26.00'}"
75408688,2026-10-10,ATP,Shanghai,Bet365,Rafael Jodar,Thiago Agustin Tirante,double_faults,0.5,1.1200,,2026-10-09T15:22:28Z,2026-10-10T04:00:00Z,Team Total (Double Faults) Away,5,"{'hdp': 0.5, 'over': '1.12'}"
75408688,2026-10-10,ATP,Shanghai,Bet365,Rafael Jodar,Thiago Agustin Tirante,double_faults,1.5,1.5300,,2026-10-09T15:22:28Z,2026-10-10T04:00:00Z,Team Total (Double Faults) Away,5,"{'hdp': 1.5, 'over': '1.53'}"
75408688,2026-10-10,ATP,Shanghai,Bet365,Rafael Jodar,Thiago Agustin Tirante,double_faults,2.5,2.5000,,2026-10-09T15:22:28Z,2026-10-10T04:00:00Z,Team Total (Double Faults) Away,5,"{'hdp': 2.5, 'over': '2.50'}"
75408688,2026-10-10,ATP,Shanghai,Bet365,Rafael Jodar,Thiago Agustin Tirante,double_faults,4.5,8.0000,,2026-10-09T15:22:28Z,2026-10-10T04:00:00Z,Team Total (Double Faults) Away,5,"{'hdp': 4.5, 'over': '8.00'}"
75408688,2026-10-10,ATP,Shanghai,Bet365,Rafael Jodar,Thiago Agustin Tirante,double_faults,7.5,26.0000,,2026-10-09T15:22:28Z,2026-10-10T04:00:00Z,Team Total (Double Faults) Away,5,"{'hdp': 7.5, 'over': '26.00'}"
75413686,2026-10-10,ATP,Shanghai,Bet365,Daniil Medvedev,Jan-Lennard Struff,match_aces,9.5,1.1000,,2026-10-09T15:22:28Z,2026-10-10T04:00:00Z,Totals (Aces),9,"{'hdp': 9.5, 'over': '1.10'}"
75413686,2026-10-10,ATP,Shanghai,Bet365,Daniil Medvedev,Jan-Lennard Struff,match_aces,14.5,1.4000,,2026-10-09T15:22:28Z,2026-10-10T04:00:00Z,Totals (Aces),9,"{'hdp': 14.5, 'over': '1.40'}"
75413686,2026-10-10,ATP,Shanghai,Bet365,Daniil Medvedev,Jan-Lennard Struff,match_aces,19.5,2.1000,,2026-10-09T15:22:28Z,2026-10-10T04:00:00Z,Totals (Aces),9,"{'hdp': 19.5, 'over': '2.10'}"
75413686,2026-10-10,ATP,Shanghai,Bet365,Daniil Medvedev,Jan-Lennard Struff,match_aces,24.5,3.5000,,2026-10-09T15:22:28Z,2026-10-10T04:00:00Z,Totals (Aces),9,"{'hdp': 24.5, 'over': '3.50'}"
75413686,2026-10-10,ATP,Shanghai,Bet365,Daniil Medvedev,Jan-Lennard Struff,match_aces,29.5,6.5000,,2026-10-09T15:22:28Z,2026-10-10T04:00:00Z,Totals (Aces),9,"{'hdp': 29.5, 'over': '6.50'}"
75413686,2026-10-10,ATP,Shanghai,Bet365,Daniil Medvedev,Jan-Lennard Struff,match_aces,39.5,23.0000,,2026-10-09T15:22:28Z,2026-10-10T04:00:00Z,Totals (Aces),9,"{'hdp': 39.5, 'over': '23.00'}"
75413686,2026-10-10,ATP,Shanghai,Bet365,Daniil Medvedev,Jan-Lennard Struff,match_aces,49.5,26.0000,,2026-10-09T15:22:28Z,2026-10-10T04:00:00Z,Totals (Aces),9,"{'hdp': 49.5, 'over': '26.00'}"
75413686,2026-10-10,ATP,Shanghai,Bet365,Jan-Lennard Struff,Daniil Medvedev,aces,0.5,1.0100,,2026-10-09T15:22:28Z,2026-10-10T04:00:00Z,Team Total (Aces) Away,6,"{'hdp': 0.5, 'over': '1.01'}"
75413686,2026-10-10,ATP,Shanghai,Bet365,Jan-Lennard Struff,Daniil Medvedev,aces,2.5,1.1600,,2026-10-09T15:22:28Z,2026-10-10T04:00:00Z,Team Total (Aces) Away,6,"{'hdp': 2.5, 'over': '1.16'}"
75413686,2026-10-10,ATP,Shanghai,Bet365,Jan-Lennard Struff,Daniil Medvedev,aces,4.5,1.5300,,2026-10-09T15:22:28Z,2026-10-10T04:00:00Z,Team Total (Aces) Away,6,"{'hdp': 4.5, 'over': '1.53'}"
75413686,2026-10-10,ATP,Shanghai,Bet365,Jan-Lennard Struff,Daniil Medvedev,aces,9.5,4.5000,,2026-10-09T15:22:28Z,2026-10-10T04:00:00Z,Team Total (Aces) Away,6,"{'hdp': 9.5, 'over': '4.50'}"
75413686,2026-10-10,ATP,Shanghai,Bet365,Jan-Lennard Struff,Daniil Medvedev,aces,14.5,19.0000,,2026-10-09T15:22:28Z,2026-10-10T04:00:00Z,Team Total (Aces) Away,6,"{'hdp': 14.5, 'over': '19.00'}"
75413686,2026-10-10,ATP,Shanghai,Bet365,Jan-Lennard Struff,Daniil Medvedev,aces,19.5,26.0000,,2026-10-09T15:22:28Z,2026-10-10T04:00:00Z,Team Total (Aces) Away,6,"{'hdp': 19.5, 'over': '26.00'}"
75413686,2026-10-10,ATP,Shanghai,Bet365,Daniil Medvedev,Jan-Lennard Struff,aces,2.5,1.0100,,2026-10-09T15:22:28Z,2026-10-10T04:00:00Z,Team Total (Aces) Home,9,"{'hdp': 2.5, 'over': '1.01'}"
75413686,2026-10-10,ATP,Shanghai,Bet365,Daniil Medvedev,Jan-Lennard Struff,aces,4.5,1.0500,,2026-10-09T15:22:28Z,2026-10-10T04:00:00Z,Team Total (Aces) Home,9,"{'hdp': 4.5, 'over': '1.05'}"
75413686,2026-10-10,ATP,Shanghai,Bet365,Daniil Medvedev,Jan-Lennard Struff,aces,9.5,1.4400,,2026-10-09T15:22:28Z,2026-10-10T04:00:00Z,Team Total (Aces) Home,9,"{'hdp': 9.5, 'over': '1.44'}"
75413686,2026-10-10,ATP,Shanghai,Bet365,Daniil Medvedev,Jan-Lennard Struff,aces,14.5,2.5000,,2026-10-09T15:22:28Z,2026-10-10T04:00:00Z,Team Total (Aces) Home,9,"{'hdp': 14.5, 'over': '2.50'}"
75413686,2026-10-10,ATP,Shanghai,Bet365,Daniil Medvedev,Jan-Lennard Struff,aces,19.5,5.0000,,2026-10-09T15:22:28Z,2026-10-10T04:00:00Z,Team Total (Aces) Home,9,"{'hdp': 19.5, 'over': '5.00'}"
75413686,2026-10-10,ATP,Shanghai,Bet365,Daniil Medvedev,Jan-Lennard Struff,aces,24.5,11.0000,,2026-10-09T15:22:28Z,2026-10-10T04:00:00Z,Team Total (Aces) Home,9,"{'hdp': 24.5, 'over': '11.00'}"
75413686,2026-10-10,ATP,Shanghai,Bet365,Daniil Medvedev,Jan-Lennard Struff,aces,29.5,23.0000,,2026-10-09T15:22:28Z,2026-10-10T04:00:00Z,Team Total (Aces) Home,9,"{'hdp': 29.5, 'over': '23.00'}"
75413686,2026-10-10,ATP,Shanghai,Bet365,Daniil Medvedev,Jan-Lennard Struff,aces,39.5,26.0000,,2026-10-09T15:22:28Z,2026-10-10T04:00:00Z,Team Total (Aces) Home,9,"{'hdp': 39.5, 'over': '26.00'}"
75151602,2026-10-10,ATP,Shanghai,Bet365,Taylor Fritz,Matteo Arnaldi,aces,2.5,1.0200,,2026-10-09T15:22:28Z,2026-10-10T05:10:00Z,Team Total (Aces) Away,7,"{'hdp': 2.5, 'over': '1.02'}"
75151602,2026-10-10,ATP,Shanghai,Bet365,Taylor Fritz,Matteo Arnaldi,aces,4.5,1.1100,,2026-10-09T15:22:28Z,2026-10-10T05:10:00Z,Team Total (Aces) Away,7,"{'hdp': 4.5, 'over': '1.11'}"
75151602,2026-10-10,ATP,Shanghai,Bet365,Taylor Fritz,Matteo Arnaldi,aces,9.5,1.8300,,2026-10-09T15:22:28Z,2026-10-10T05:10:00Z,Team Total (Aces) Away,7,"{'hdp': 9.5, 'over': '1.83'}"
75151602,2026-10-10,ATP,Shanghai,Bet365,Taylor Fritz,Matteo Arnaldi,aces,14.5,4.3300,,2026-10-09T15:22:28Z,2026-10-10T05:10:00Z,Team Total (Aces) Away,7,"{'hdp': 14.5, 'over': '4.33'}"
75151602,2026-10-10,ATP,Shanghai,Bet365,Taylor Fritz,Matteo Arnaldi,aces,19.5,11.0000,,2026-10-09T15:22:28Z,2026-10-10T05:10:00Z,Team Total (Aces) Away,7,"{'hdp': 19.5, 'over': '11.00'}"
75151602,2026-10-10,ATP,Shanghai,Bet365,Taylor Fritz,Matteo Arnaldi,aces,24.5,26.0000,,2026-10-09T15:22:28Z,2026-10-10T05:10:00Z,Team Total (Aces) Away,7,"{'hdp': 24.5, 'over': '26.00'}"
75151602,2026-10-10,ATP,Shanghai,Bet365,Matteo Arnaldi,Taylor Fritz,match_aces,4.5,1.0100,,2026-10-09T15:22:28Z,2026-10-10T05:10:00Z,Totals (Aces),8,"{'hdp': 4.5, 'over': '1.01'}"
75151602,2026-10-10,ATP,Shanghai,Bet365,Matteo Arnaldi,Taylor Fritz,match_aces,9.5,1.2000,,2026-10-09T15:22:28Z,2026-10-10T05:10:00Z,Totals (Aces),8,"{'hdp': 9.5, 'over': '1.20'}"
75151602,2026-10-10,ATP,Shanghai,Bet365,Matteo Arnaldi,Taylor Fritz,match_aces,14.5,1.7200,,2026-10-09T15:22:28Z,2026-10-10T05:10:00Z,Totals (Aces),8,"{'hdp': 14.5, 'over': '1.72'}"
75151602,2026-10-10,ATP,Shanghai,Bet365,Matteo Arnaldi,Taylor Fritz,match_aces,19.5,3.0000,,2026-10-09T15:22:28Z,2026-10-10T05:10:00Z,Totals (Aces),8,"{'hdp': 19.5, 'over': '3.00'}"
75151602,2026-10-10,ATP,Shanghai,Bet365,Matteo Arnaldi,Taylor Fritz,match_aces,24.5,6.0000,,2026-10-09T15:22:28Z,2026-10-10T05:10:00Z,Totals (Aces),8,"{'hdp': 24.5, 'over': '6.00'}"
75151602,2026-10-10,ATP,Shanghai,Bet365,Matteo Arnaldi,Taylor Fritz,match_aces,29.5,13.0000,,2026-10-09T15:22:28Z,2026-10-10T05:10:00Z,Totals (Aces),8,"{'hdp': 29.5, 'over': '13.00'}"
75151602,2026-10-10,ATP,Shanghai,Bet365,Matteo Arnaldi,Taylor Fritz,match_aces,39.5,26.0000,,2026-10-09T15:22:28Z,2026-10-10T05:10:00Z,Totals (Aces),8,"{'hdp': 39.5, 'over': '26.00'}"
75151602,2026-10-10,ATP,Shanghai,Bet365,Matteo Arnaldi,Taylor Fritz,aces,0.5,1.0100,,2026-10-09T15:22:28Z,2026-10-10T05:10:00Z,Team Total (Aces) Home,6,"{'hdp': 0.5, 'over': '1.01'}"
75151602,2026-10-10,ATP,Shanghai,Bet365,Matteo Arnaldi,Taylor Fritz,aces,2.5,1.1600,,2026-10-09T15:22:28Z,2026-10-10T05:10:00Z,Team Total (Aces) Home,6,"{'hdp': 2.5, 'over': '1.16'}"
75151602,2026-10-10,ATP,Shanghai,Bet365,Matteo Arnaldi,Taylor Fritz,aces,4.5,1.5700,,2026-10-09T15:22:28Z,2026-10-10T05:10:00Z,Team Total (Aces) Home,6,"{'hdp': 4.5, 'over': '1.57'}"
75151602,2026-10-10,ATP,Shanghai,Bet365,Matteo Arnaldi,Taylor Fritz,aces,9.5,5.0000,,2026-10-09T15:22:28Z,2026-10-10T05:10:00Z,Team Total (Aces) Home,6,"{'hdp': 9.5, 'over': '5.00'}"
75151602,2026-10-10,ATP,Shanghai,Bet365,Matteo Arnaldi,Taylor Fritz,aces,14.5,21.0000,,2026-10-09T15:22:28Z,2026-10-10T05:10:00Z,Team Total (Aces) Home,6,"{'hdp': 14.5, 'over': '21.00'}"
75151602,2026-10-10,ATP,Shanghai,Bet365,Matteo Arnaldi,Taylor Fritz,aces,19.5,26.0000,,2026-10-09T15:22:28Z,2026-10-10T05:10:00Z,Team Total (Aces) Home,6,"{'hdp': 19.5, 'over': '26.00'}"
75151640,2026-10-10,ATP,Shanghai,Bet365,Alejandro Tabilo,Pablo Carreno Busta,match_double_faults,0.5,1.0500,,2026-10-09T15:22:28Z,2026-10-10T05:10:00Z,Totals (Double Faults),5,"{'hdp': 0.5, 'over': '1.05'}"
75151640,2026-10-10,ATP,Shanghai,Bet365,Alejandro Tabilo,Pablo Carreno Busta,match_double_faults,1.5,1.2500,,2026-10-09T15:22:28Z,2026-10-10T05:10:00Z,Totals (Double Faults),5,"{'hdp': 1.5, 'over': '1.25'}"
75151640,2026-10-10,ATP,Shanghai,Bet365,Alejandro Tabilo,Pablo Carreno Busta,match_double_faults,2.5,1.7200,,2026-10-09T15:22:28Z,2026-10-10T05:10:00Z,Totals (Double Faults),5,"{'hdp': 2.5, 'over': '1.72'}"
75151640,2026-10-10,ATP,Shanghai,Bet365,Alejandro Tabilo,Pablo Carreno Busta,match_double_faults,4.5,4.5000,,2026-10-09T15:22:28Z,2026-10-10T05:10:00Z,Totals (Double Faults),5,"{'hdp': 4.5, 'over': '4.50'}"
75151640,2026-10-10,ATP,Shanghai,Bet365,Alejandro Tabilo,Pablo Carreno Busta,match_double_faults,7.5,26.0000,,2026-10-09T15:22:28Z,2026-10-10T05:10:00Z,Totals (Double Faults),5,"{'hdp': 7.5, 'over': '26.00'}"
75151640,2026-10-10,ATP,Shanghai,Bet365,Pablo Carreno Busta,Alejandro Tabilo,double_faults,0.5,1.3000,,2026-10-09T15:22:28Z,2026-10-10T05:10:00Z,Team Total (Double Faults) Away,4,"{'hdp': 0.5, 'over': '1.30'}"
75151640,2026-10-10,ATP,Shanghai,Bet365,Pablo Carreno Busta,Alejandro Tabilo,double_faults,1.5,2.2500,,2026-10-09T15:22:28Z,2026-10-10T05:10:00Z,Team Total (Double Faults) Away,4,"{'hdp': 1.5, 'over': '2.25'}"
75151640,2026-10-10,ATP,Shanghai,Bet365,Pablo Carreno Busta,Alejandro Tabilo,double_faults,2.5,5.0000,,2026-10-09T15:22:28Z,2026-10-10T05:10:00Z,Team Total (Double Faults) Away,4,"{'hdp': 2.5, 'over': '5.00'}"
75151640,2026-10-10,ATP,Shanghai,Bet365,Pablo Carreno Busta,Alejandro Tabilo,double_faults,4.5,26.0000,,2026-10-09T15:22:28Z,2026-10-10T05:10:00Z,Team Total (Double Faults) Away,4,"{'hdp': 4.5, 'over': '26.00'}"
75151640,2026-10-10,ATP,Shanghai,Bet365,Pablo Carreno Busta,Alejandro Tabilo,aces,0.5,1.0300,,2026-10-09T15:22:28Z,2026-10-10T05:10:00Z,Team Total (Aces) Away,5,"{'hdp': 0.5, 'over': '1.03'}"
75151640,2026-10-10,ATP,Shanghai,Bet365,Pablo Carreno Busta,Alejandro Tabilo,aces,2.5,1.3600,,2026-10-09T15:22:28Z,2026-10-10T05:10:00Z,Team Total (Aces) Away,5,"{'hdp': 2.5, 'over': '1.36'}"
75151640,2026-10-10,ATP,Shanghai,Bet365,Pablo Carreno Busta,Alejandro Tabilo,aces,4.5,2.2500,,2026-10-09T15:22:28Z,2026-10-10T05:10:00Z,Team Total (Aces) Away,5,"{'hdp': 4.5, 'over': '2.25'}"
75151640,2026-10-10,ATP,Shanghai,Bet365,Pablo Carreno Busta,Alejandro Tabilo,aces,9.5,15.0000,,2026-10-09T15:22:28Z,2026-10-10T05:10:00Z,Team Total (Aces) Away,5,"{'hdp': 9.5, 'over': '15.00'}"
75151640,2026-10-10,ATP,Shanghai,Bet365,Pablo Carreno Busta,Alejandro Tabilo,aces,14.5,26.0000,,2026-10-09T15:22:28Z,2026-10-10T05:10:00Z,Team Total (Aces) Away,5,"{'hdp': 14.5, 'over': '26.00'}"
75151640,2026-10-10,ATP,Shanghai,Bet365,Alejandro Tabilo,Pablo Carreno Busta,aces,2.5,1.0400,,2026-10-09T15:22:28Z,2026-10-10T05:10:00Z,Team Total (Aces) Home,7,"{'hdp': 2.5, 'over': '1.04'}"
75151640,2026-10-10,ATP,Shanghai,Bet365,Alejandro Tabilo,Pablo Carreno Busta,aces,4.5,1.1600,,2026-10-09T15:22:28Z,2026-10-10T05:10:00Z,Team Total (Aces) Home,7,"{'hdp': 4.5, 'over': '1.16'}"
75151640,2026-10-10,ATP,Shanghai,Bet365,Alejandro Tabilo,Pablo Carreno Busta,aces,9.5,2.2000,,2026-10-09T15:22:28Z,2026-10-10T05:10:00Z,Team Total (Aces) Home,7,"{'hdp': 9.5, 'over': '2.20'}"
75151640,2026-10-10,ATP,Shanghai,Bet365,Alejandro Tabilo,Pablo Carreno Busta,aces,14.5,6.0000,,2026-10-09T15:22:28Z,2026-10-10T05:10:00Z,Team Total (Aces) Home,7,"{'hdp': 14.5, 'over': '6.00'}"
75151640,2026-10-10,ATP,Shanghai,Bet365,Alejandro Tabilo,Pablo Carreno Busta,aces,19.5,17.0000,,2026-10-09T15:22:28Z,2026-10-10T05:10:00Z,Team Total (Aces) Home,7,"{'hdp': 19.5, 'over': '17.00'}"
75151640,2026-10-10,ATP,Shanghai,Bet365,Alejandro Tabilo,Pablo Carreno Busta,aces,24.5,26.0000,,2026-10-09T15:22:28Z,2026-10-10T05:10:00Z,Team Total (Aces) Home,7,"{'hdp': 24.5, 'over': '26.00'}"
75151640,2026-10-10,ATP,Shanghai,Bet365,Alejandro Tabilo,Pablo Carreno Busta,double_faults,0.5,1.2800,,2026-10-09T15:22:28Z,2026-10-10T05:10:00Z,Team Total (Double Faults) Home,4,"{'hdp': 0.5, 'over': '1.28'}"
75151640,2026-10-10,ATP,Shanghai,Bet365,Alejandro Tabilo,Pablo Carreno Busta,double_faults,1.5,2.1000,,2026-10-09T15:22:28Z,2026-10-10T05:10:00Z,Team Total (Double Faults) Home,4,"{'hdp': 1.5, 'over': '2.10'}"
75151640,2026-10-10,ATP,Shanghai,Bet365,Alejandro Tabilo,Pablo Carreno Busta,double_faults,2.5,4.3300,,2026-10-09T15:22:28Z,2026-10-10T05:10:00Z,Team Total (Double Faults) Home,4,"{'hdp': 2.5, 'over': '4.33'}"
75151640,2026-10-10,ATP,Shanghai,Bet365,Alejandro Tabilo,Pablo Carreno Busta,double_faults,4.5,21.0000,,2026-10-09T15:22:28Z,2026-10-10T05:10:00Z,Team Total (Double Faults) Home,4,"{'hdp': 4.5, 'over': '21.00'}"
75151640,2026-10-10,ATP,Shanghai,Bet365,Alejandro Tabilo,Pablo Carreno Busta,match_aces,4.5,1.0400,,2026-10-09T15:22:28Z,2026-10-10T05:10:00Z,Totals (Aces),9,"{'hdp': 4.5, 'over': '1.04'}"
75151640,2026-10-10,ATP,Shanghai,Bet365,Alejandro Tabilo,Pablo Carreno Busta,match_aces,9.5,1.3600,,2026-10-09T15:22:28Z,2026-10-10T05:10:00Z,Totals (Aces),9,"{'hdp': 9.5, 'over': '1.36'}"
75151640,2026-10-10,ATP,Shanghai,Bet365,Alejandro Tabilo,Pablo Carreno Busta,match_aces,14.5,2.3700,,2026-10-09T15:22:28Z,2026-10-10T05:10:00Z,Totals (Aces),9,"{'hdp': 14.5, 'over': '2.37'}"
75151640,2026-10-10,ATP,Shanghai,Bet365,Alejandro Tabilo,Pablo Carreno Busta,match_aces,19.5,5.0000,,2026-10-09T15:22:28Z,2026-10-10T05:10:00Z,Totals (Aces),9,"{'hdp': 19.5, 'over': '5.00'}"
75151640,2026-10-10,ATP,Shanghai,Bet365,Alejandro Tabilo,Pablo Carreno Busta,match_aces,24.5,11.0000,,2026-10-09T15:22:28Z,2026-10-10T05:10:00Z,Totals (Aces),9,"{'hdp': 24.5, 'over': '11.00'}"
75151640,2026-10-10,ATP,Shanghai,Bet365,Alejandro Tabilo,Pablo Carreno Busta,match_aces,29.5,23.0000,,2026-10-09T15:22:28Z,2026-10-10T05:10:00Z,Totals (Aces),9,"{'hdp': 29.5, 'over': '23.00'}"
75151640,2026-10-10,ATP,Shanghai,Bet365,Alejandro Tabilo,Pablo Carreno Busta,match_aces,39.5,26.0000,,2026-10-09T15:22:28Z,2026-10-10T05:10:00Z,Totals (Aces),9,"{'hdp': 39.5, 'over': '26.00'}"
75413690,2026-10-10,ATP,Shanghai,Bet365,Yunchaokete Bu,Casper Ruud,match_aces,4.5,1.0100,,2026-10-09T15:22:28Z,2026-10-10T05:10:00Z,Totals (Aces),8,"{'hdp': 4.5, 'over': '1.01'}"
75413690,2026-10-10,ATP,Shanghai,Bet365,Yunchaokete Bu,Casper Ruud,match_aces,9.5,1.1400,,2026-10-09T15:22:28Z,2026-10-10T05:10:00Z,Totals (Aces),8,"{'hdp': 9.5, 'over': '1.14'}"
75413690,2026-10-10,ATP,Shanghai,Bet365,Yunchaokete Bu,Casper Ruud,match_aces,14.5,1.6100,,2026-10-09T15:22:28Z,2026-10-10T05:10:00Z,Totals (Aces),8,"{'hdp': 14.5, 'over': '1.61'}"
75413690,2026-10-10,ATP,Shanghai,Bet365,Yunchaokete Bu,Casper Ruud,match_aces,19.5,2.6200,,2026-10-09T15:22:28Z,2026-10-10T05:10:00Z,Totals (Aces),8,"{'hdp': 19.5, 'over': '2.62'}"
75413690,2026-10-10,ATP,Shanghai,Bet365,Yunchaokete Bu,Casper Ruud,match_aces,24.5,5.0000,,2026-10-09T15:22:28Z,2026-10-10T05:10:00Z,Totals (Aces),8,"{'hdp': 24.5, 'over': '5.00'}"
75413690,2026-10-10,ATP,Shanghai,Bet365,Yunchaokete Bu,Casper Ruud,match_aces,29.5,10.0000,,2026-10-09T15:22:28Z,2026-10-10T05:10:00Z,Totals (Aces),8,"{'hdp': 29.5, 'over': '10.00'}"
75413690,2026-10-10,ATP,Shanghai,Bet365,Yunchaokete Bu,Casper Ruud,match_aces,39.5,26.0000,,2026-10-09T15:22:28Z,2026-10-10T05:10:00Z,Totals (Aces),8,"{'hdp': 39.5, 'over': '26.00'}"
75413690,2026-10-10,ATP,Shanghai,Bet365,Yunchaokete Bu,Casper Ruud,double_faults,0.5,1.1800,,2026-10-09T15:22:28Z,2026-10-10T05:10:00Z,Team Total (Double Faults) Home,5,"{'hdp': 0.5, 'over': '1.18'}"
75413690,2026-10-10,ATP,Shanghai,Bet365,Yunchaokete Bu,Casper Ruud,double_faults,1.5,1.8000,,2026-10-09T15:22:28Z,2026-10-10T05:10:00Z,Team Total (Double Faults) Home,5,"{'hdp': 1.5, 'over': '1.80'}"
75413690,2026-10-10,ATP,Shanghai,Bet365,Yunchaokete Bu,Casper Ruud,double_faults,2.5,3.2500,,2026-10-09T15:22:28Z,2026-10-10T05:10:00Z,Team Total (Double Faults) Home,5,"{'hdp': 2.5, 'over': '3.25'}"
75413690,2026-10-10,ATP,Shanghai,Bet365,Yunchaokete Bu,Casper Ruud,double_faults,4.5,15.0000,,2026-10-09T15:22:28Z,2026-10-10T05:10:00Z,Team Total (Double Faults) Home,5,"{'hdp': 4.5, 'over': '15.00'}"
75413690,2026-10-10,ATP,Shanghai,Bet365,Yunchaokete Bu,Casper Ruud,double_faults,7.5,26.0000,,2026-10-09T15:22:28Z,2026-10-10T05:10:00Z,Team Total (Double Faults) Home,5,"{'hdp': 7.5, 'over': '26.00'}"
75413690,2026-10-10,ATP,Shanghai,Bet365,Yunchaokete Bu,Casper Ruud,aces,2.5,1.0400,,2026-10-09T15:22:28Z,2026-10-10T05:10:00Z,Team Total (Aces) Home,7,"{'hdp': 2.5, 'over': '1.04'}"
75413690,2026-10-10,ATP,Shanghai,Bet365,Yunchaokete Bu,Casper Ruud,aces,4.5,1.1600,,2026-10-09T15:22:28Z,2026-10-10T05:10:00Z,Team Total (Aces) Home,7,"{'hdp': 4.5, 'over': '1.16'}"
75413690,2026-10-10,ATP,Shanghai,Bet365,Yunchaokete Bu,Casper Ruud,aces,9.5,2.1000,,2026-10-09T15:22:28Z,2026-10-10T05:10:00Z,Team Total (Aces) Home,7,"{'hdp': 9.5, 'over': '2.10'}"
75413690,2026-10-10,ATP,Shanghai,Bet365,Yunchaokete Bu,Casper Ruud,aces,14.5,5.0000,,2026-10-09T15:22:28Z,2026-10-10T05:10:00Z,Team Total (Aces) Home,7,"{'hdp': 14.5, 'over': '5.00'}"
75413690,2026-10-10,ATP,Shanghai,Bet365,Yunchaokete Bu,Casper Ruud,aces,19.5,15.0000,,2026-10-09T15:22:28Z,2026-10-10T05:10:00Z,Team Total (Aces) Home,7,"{'hdp': 19.5, 'over': '15.00'}"
75413690,2026-10-10,ATP,Shanghai,Bet365,Yunchaokete Bu,Casper Ruud,aces,24.5,26.0000,,2026-10-09T15:22:28Z,2026-10-10T05:10:00Z,Team Total (Aces) Home,7,"{'hdp': 24.5, 'over': '26.00'}"
75413690,2026-10-10,ATP,Shanghai,Bet365,Casper Ruud,Yunchaokete Bu,double_faults,0.5,1.0700,,2026-10-09T15:22:28Z,2026-10-10T05:10:00Z,Team Total (Double Faults) Away,5,"{'hdp': 0.5, 'over': '1.07'}"
75413690,2026-10-10,ATP,Shanghai,Bet365,Casper Ruud,Yunchaokete Bu,double_faults,1.5,1.3300,,2026-10-09T15:22:28Z,2026-10-10T05:10:00Z,Team Total (Double Faults) Away,5,"{'hdp': 1.5, 'over': '1.33'}"
75413690,2026-10-10,ATP,Shanghai,Bet365,Casper Ruud,Yunchaokete Bu,double_faults,2.5,1.9000,,2026-10-09T15:22:28Z,2026-10-10T05:10:00Z,Team Total (Double Faults) Away,5,"{'hdp': 2.5, 'over': '1.90'}"
75413690,2026-10-10,ATP,Shanghai,Bet365,Casper Ruud,Yunchaokete Bu,double_faults,4.5,5.5000,,2026-10-09T15:22:28Z,2026-10-10T05:10:00Z,Team Total (Double Faults) Away,5,"{'hdp': 4.5, 'over': '5.50'}"
75413690,2026-10-10,ATP,Shanghai,Bet365,Casper Ruud,Yunchaokete Bu,double_faults,7.5,26.0000,,2026-10-09T15:22:28Z,2026-10-10T05:10:00Z,Team Total (Double Faults) Away,5,"{'hdp': 7.5, 'over': '26.00'}"
75413690,2026-10-10,ATP,Shanghai,Bet365,Yunchaokete Bu,Casper Ruud,match_double_faults,1.5,1.0600,,2026-10-09T15:22:28Z,2026-10-10T05:10:00Z,Totals (Double Faults),7,"{'hdp': 1.5, 'over': '1.06'}"
75413690,2026-10-10,ATP,Shanghai,Bet365,Yunchaokete Bu,Casper Ruud,match_double_faults,2.5,1.2000,,2026-10-09T15:22:28Z,2026-10-10T05:10:00Z,Totals (Double Faults),7,"{'hdp': 2.5, 'over': '1.20'}"
75413690,2026-10-10,ATP,Shanghai,Bet365,Yunchaokete Bu,Casper Ruud,match_double_faults,4.5,2.0000,,2026-10-09T15:22:28Z,2026-10-10T05:10:00Z,Totals (Double Faults),7,"{'hdp': 4.5, 'over': '2.00'}"
75413690,2026-10-10,ATP,Shanghai,Bet365,Yunchaokete Bu,Casper Ruud,match_double_faults,7.5,7.0000,,2026-10-09T15:22:28Z,2026-10-10T05:10:00Z,Totals (Double Faults),7,"{'hdp': 7.5, 'over': '7.00'}"
75413690,2026-10-10,ATP,Shanghai,Bet365,Yunchaokete Bu,Casper Ruud,match_double_faults,9.5,21.0000,,2026-10-09T15:22:28Z,2026-10-10T05:10:00Z,Totals (Double Faults),7,"{'hdp': 9.5, 'over': '21.00'}"
75413690,2026-10-10,ATP,Shanghai,Bet365,Yunchaokete Bu,Casper Ruud,match_double_faults,11.5,26.0000,,2026-10-09T15:22:28Z,2026-10-10T05:10:00Z,Totals (Double Faults),7,"{'hdp': 11.5, 'over': '26.00'}"
75413690,2026-10-10,ATP,Shanghai,Bet365,Casper Ruud,Yunchaokete Bu,aces,2.5,1.0600,,2026-10-09T15:22:28Z,2026-10-10T05:10:00Z,Team Total (Aces) Away,6,"{'hdp': 2.5, 'over': '1.06'}"
75413690,2026-10-10,ATP,Shanghai,Bet365,Casper Ruud,Yunchaokete Bu,aces,4.5,1.2800,,2026-10-09T15:22:28Z,2026-10-10T05:10:00Z,Team Total (Aces) Away,6,"{'hdp': 4.5, 'over': '1.28'}"
75413690,2026-10-10,ATP,Shanghai,Bet365,Casper Ruud,Yunchaokete Bu,aces,9.5,3.0000,,2026-10-09T15:22:28Z,2026-10-10T05:10:00Z,Team Total (Aces) Away,6,"{'hdp': 9.5, 'over': '3.00'}"
75413690,2026-10-10,ATP,Shanghai,Bet365,Casper Ruud,Yunchaokete Bu,aces,14.5,11.0000,,2026-10-09T15:22:28Z,2026-10-10T05:10:00Z,Team Total (Aces) Away,6,"{'hdp': 14.5, 'over': '11.00'}"
75413690,2026-10-10,ATP,Shanghai,Bet365,Casper Ruud,Yunchaokete Bu,aces,19.5,26.0000,,2026-10-09T15:22:28Z,2026-10-10T05:10:00Z,Team Total (Aces) Away,6,"{'hdp': 19.5, 'over': '26.00'}"
75415416,2026-10-10,ATP,Shanghai,Bet365,Tomas Martin Etcheverry,Dalibor Svrcina,aces,2.5,1.1100,,2026-10-09T15:22:28Z,2026-10-10T05:10:00Z,Team Total (Aces) Away,6,"{'hdp': 2.5, 'over': '1.11'}"
75415416,2026-10-10,ATP,Shanghai,Bet365,Tomas Martin Etcheverry,Dalibor Svrcina,aces,4.5,1.4400,,2026-10-09T15:22:28Z,2026-10-10T05:10:00Z,Team Total (Aces) Away,6,"{'hdp': 4.5, 'over': '1.44'}"
75415416,2026-10-10,ATP,Shanghai,Bet365,Tomas Martin Etcheverry,Dalibor Svrcina,aces,9.5,4.5000,,2026-10-09T15:22:28Z,2026-10-10T05:10:00Z,Team Total (Aces) Away,6,"{'hdp': 9.5, 'over': '4.50'}"
75415416,2026-10-10,ATP,Shanghai,Bet365,Tomas Martin Etcheverry,Dalibor Svrcina,aces,14.5,19.0000,,2026-10-09T15:22:28Z,2026-10-10T05:10:00Z,Team Total (Aces) Away,6,"{'hdp': 14.5, 'over': '19.00'}"
75415416,2026-10-10,ATP,Shanghai,Bet365,Tomas Martin Etcheverry,Dalibor Svrcina,aces,19.5,26.0000,,2026-10-09T15:22:28Z,2026-10-10T05:10:00Z,Team Total (Aces) Away,6,"{'hdp': 19.5, 'over': '26.00'}"
75415416,2026-10-10,ATP,Shanghai,Bet365,Dalibor Svrcina,Tomas Martin Etcheverry,aces,0.5,1.0100,,2026-10-09T15:22:28Z,2026-10-10T05:10:00Z,Team Total (Aces) Home,5,"{'hdp': 0.5, 'over': '1.01'}"
75415416,2026-10-10,ATP,Shanghai,Bet365,Dalibor Svrcina,Tomas Martin Etcheverry,aces,2.5,1.2000,,2026-10-09T15:22:28Z,2026-10-10T05:10:00Z,Team Total (Aces) Home,5,"{'hdp': 2.5, 'over': '1.20'}"
75415416,2026-10-10,ATP,Shanghai,Bet365,Dalibor Svrcina,Tomas Martin Etcheverry,aces,4.5,1.7200,,2026-10-09T15:22:28Z,2026-10-10T05:10:00Z,Team Total (Aces) Home,5,"{'hdp': 4.5, 'over': '1.72'}"
75415416,2026-10-10,ATP,Shanghai,Bet365,Dalibor Svrcina,Tomas Martin Etcheverry,aces,9.5,7.0000,,2026-10-09T15:22:28Z,2026-10-10T05:10:00Z,Team Total (Aces) Home,5,"{'hdp': 9.5, 'over': '7.00'}"
75415416,2026-10-10,ATP,Shanghai,Bet365,Dalibor Svrcina,Tomas Martin Etcheverry,aces,14.5,26.0000,,2026-10-09T15:22:28Z,2026-10-10T05:10:00Z,Team Total (Aces) Home,5,"{'hdp': 14.5, 'over': '26.00'}"
75415416,2026-10-10,ATP,Shanghai,Bet365,Tomas Martin Etcheverry,Dalibor Svrcina,double_faults,0.5,1.2500,,2026-10-09T15:22:28Z,2026-10-10T05:10:00Z,Team Total (Double Faults) Away,4,"{'hdp': 0.5, 'over': '1.25'}"
75415416,2026-10-10,ATP,Shanghai,Bet365,Tomas Martin Etcheverry,Dalibor Svrcina,double_faults,1.5,2.1000,,2026-10-09T15:22:28Z,2026-10-10T05:10:00Z,Team Total (Double Faults) Away,4,"{'hdp': 1.5, 'over': '2.10'}"
75415416,2026-10-10,ATP,Shanghai,Bet365,Tomas Martin Etcheverry,Dalibor Svrcina,double_faults,2.5,4.3300,,2026-10-09T15:22:28Z,2026-10-10T05:10:00Z,Team Total (Double Faults) Away,4,"{'hdp': 2.5, 'over': '4.33'}"
75415416,2026-10-10,ATP,Shanghai,Bet365,Tomas Martin Etcheverry,Dalibor Svrcina,double_faults,4.5,23.0000,,2026-10-09T15:22:28Z,2026-10-10T05:10:00Z,Team Total (Double Faults) Away,4,"{'hdp': 4.5, 'over': '23.00'}"
75415416,2026-10-10,ATP,Shanghai,Bet365,Dalibor Svrcina,Tomas Martin Etcheverry,double_faults,0.5,1.0100,,2026-10-09T15:22:28Z,2026-10-10T05:10:00Z,Team Total (Double Faults) Home,7,"{'hdp': 0.5, 'over': '1.01'}"
75415416,2026-10-10,ATP,Shanghai,Bet365,Dalibor Svrcina,Tomas Martin Etcheverry,double_faults,1.5,1.0600,,2026-10-09T15:22:28Z,2026-10-10T05:10:00Z,Team Total (Double Faults) Home,7,"{'hdp': 1.5, 'over': '1.06'}"
75415416,2026-10-10,ATP,Shanghai,Bet365,Dalibor Svrcina,Tomas Martin Etcheverry,double_faults,2.5,1.2000,,2026-10-09T15:22:28Z,2026-10-10T05:10:00Z,Team Total (Double Faults) Home,7,"{'hdp': 2.5, 'over': '1.20'}"
75415416,2026-10-10,ATP,Shanghai,Bet365,Dalibor Svrcina,Tomas Martin Etcheverry,double_faults,4.5,1.9000,,2026-10-09T15:22:28Z,2026-10-10T05:10:00Z,Team Total (Double Faults) Home,7,"{'hdp': 4.5, 'over': '1.90'}"
75415416,2026-10-10,ATP,Shanghai,Bet365,Dalibor Svrcina,Tomas Martin Etcheverry,double_faults,7.5,6.0000,,2026-10-09T15:22:28Z,2026-10-10T05:10:00Z,Team Total (Double Faults) Home,7,"{'hdp': 7.5, 'over': '6.00'}"
75415416,2026-10-10,ATP,Shanghai,Bet365,Dalibor Svrcina,Tomas Martin Etcheverry,double_faults,9.5,15.0000,,2026-10-09T15:22:28Z,2026-10-10T05:10:00Z,Team Total (Double Faults) Home,7,"{'hdp': 9.5, 'over': '15.00'}"
75415416,2026-10-10,ATP,Shanghai,Bet365,Dalibor Svrcina,Tomas Martin Etcheverry,double_faults,11.5,26.0000,,2026-10-09T15:22:28Z,2026-10-10T05:10:00Z,Team Total (Double Faults) Home,7,"{'hdp': 11.5, 'over': '26.00'}"
75415416,2026-10-10,ATP,Shanghai,Bet365,Dalibor Svrcina,Tomas Martin Etcheverry,match_aces,2.5,1.0100,,2026-10-09T15:22:28Z,2026-10-10T05:10:00Z,Totals (Aces),8,"{'hdp': 2.5, 'over': '1.01'}"
75415416,2026-10-10,ATP,Shanghai,Bet365,Dalibor Svrcina,Tomas Martin Etcheverry,match_aces,4.5,1.0600,,2026-10-09T15:22:28Z,2026-10-10T05:10:00Z,Totals (Aces),8,"{'hdp': 4.5, 'over': '1.06'}"
75415416,2026-10-10,ATP,Shanghai,Bet365,Dalibor Svrcina,Tomas Martin Etcheverry,match_aces,9.5,1.5300,,2026-10-09T15:22:28Z,2026-10-10T05:10:00Z,Totals (Aces),8,"{'hdp': 9.5, 'over': '1.53'}"
75415416,2026-10-10,ATP,Shanghai,Bet365,Dalibor Svrcina,Tomas Martin Etcheverry,match_aces,14.5,3.2500,,2026-10-09T15:22:28Z,2026-10-10T05:10:00Z,Totals (Aces),8,"{'hdp': 14.5, 'over': '3.25'}"
75415416,2026-10-10,ATP,Shanghai,Bet365,Dalibor Svrcina,Tomas Martin Etcheverry,match_aces,19.5,8.0000,,2026-10-09T15:22:28Z,2026-10-10T05:10:00Z,Totals (Aces),8,"{'hdp': 19.5, 'over': '8.00'}"
75415416,2026-10-10,ATP,Shanghai,Bet365,Dalibor Svrcina,Tomas Martin Etcheverry,match_aces,24.5,19.0000,,2026-10-09T15:22:28Z,2026-10-10T05:10:00Z,Totals (Aces),8,"{'hdp': 24.5, 'over': '19.00'}"
75415416,2026-10-10,ATP,Shanghai,Bet365,Dalibor Svrcina,Tomas Martin Etcheverry,match_aces,29.5,26.0000,,2026-10-09T15:22:28Z,2026-10-10T05:10:00Z,Totals (Aces),8,"{'hdp': 29.5, 'over': '26.00'}"
75415416,2026-10-10,ATP,Shanghai,Bet365,Dalibor Svrcina,Tomas Martin Etcheverry,match_double_faults,1.5,1.0100,,2026-10-09T15:22:28Z,2026-10-10T05:10:00Z,Totals (Double Faults),8,"{'hdp': 1.5, 'over': '1.01'}"
75415416,2026-10-10,ATP,Shanghai,Bet365,Dalibor Svrcina,Tomas Martin Etcheverry,match_double_faults,2.5,1.0600,,2026-10-09T15:22:28Z,2026-10-10T05:10:00Z,Totals (Double Faults),8,"{'hdp': 2.5, 'over': '1.06'}"
75415416,2026-10-10,ATP,Shanghai,Bet365,Dalibor Svrcina,Tomas Martin Etcheverry,match_double_faults,4.5,1.3600,,2026-10-09T15:22:28Z,2026-10-10T05:10:00Z,Totals (Double Faults),8,"{'hdp': 4.5, 'over': '1.36'}"
75415416,2026-10-10,ATP,Shanghai,Bet365,Dalibor Svrcina,Tomas Martin Etcheverry,match_double_faults,7.5,3.0000,,2026-10-09T15:22:28Z,2026-10-10T05:10:00Z,Totals (Double Faults),8,"{'hdp': 7.5, 'over': '3.00'}"
75415416,2026-10-10,ATP,Shanghai,Bet365,Dalibor Svrcina,Tomas Martin Etcheverry,match_double_faults,9.5,6.5000,,2026-10-09T15:22:28Z,2026-10-10T05:10:00Z,Totals (Double Faults),8,"{'hdp': 9.5, 'over': '6.50'}"
75415416,2026-10-10,ATP,Shanghai,Bet365,Dalibor Svrcina,Tomas Martin Etcheverry,match_double_faults,11.5,15.0000,,2026-10-09T15:22:28Z,2026-10-10T05:10:00Z,Totals (Double Faults),8,"{'hdp': 11.5, 'over': '15.00'}"
75415416,2026-10-10,ATP,Shanghai,Bet365,Dalibor Svrcina,Tomas Martin Etcheverry,match_double_faults,14.5,26.0000,,2026-10-09T15:22:28Z,2026-10-10T05:10:00Z,Totals (Double Faults),8,"{'hdp': 14.5, 'over': '26.00'}"
75151628,2026-10-10,ATP,Shanghai,Bet365,Arthur Fils,Pavel Kotov,match_aces,9.5,1.1200,,2026-10-09T15:22:28Z,2026-10-10T06:20:00Z,Totals (Aces),8,"{'hdp': 9.5, 'over': '1.12'}"
75151628,2026-10-10,ATP,Shanghai,Bet365,Arthur Fils,Pavel Kotov,match_aces,14.5,1.5000,,2026-10-09T15:22:28Z,2026-10-10T06:20:00Z,Totals (Aces),8,"{'hdp': 14.5, 'over': '1.50'}"
75151628,2026-10-10,ATP,Shanghai,Bet365,Arthur Fils,Pavel Kotov,match_aces,19.5,2.2500,,2026-10-09T15:22:28Z,2026-10-10T06:20:00Z,Totals (Aces),8,"{'hdp': 19.5, 'over': '2.25'}"
75151628,2026-10-10,ATP,Shanghai,Bet365,Arthur Fils,Pavel Kotov,match_aces,24.5,4.0000,,2026-10-09T15:22:28Z,2026-10-10T06:20:00Z,Totals (Aces),8,"{'hdp': 24.5, 'over': '4.00'}"
75151628,2026-10-10,ATP,Shanghai,Bet365,Arthur Fils,Pavel Kotov,match_aces,29.5,8.0000,,2026-10-09T15:22:28Z,2026-10-10T06:20:00Z,Totals (Aces),8,"{'hdp': 29.5, 'over': '8.00'}"
75151628,2026-10-10,ATP,Shanghai,Bet365,Arthur Fils,Pavel Kotov,match_aces,39.5,26.0000,,2026-10-09T15:22:28Z,2026-10-10T06:20:00Z,Totals (Aces),8,"{'hdp': 39.5, 'over': '26.00'}"
75151628,2026-10-10,ATP,Shanghai,Bet365,Arthur Fils,Pavel Kotov,match_double_faults,1.5,1.0300,,2026-10-09T15:22:28Z,2026-10-10T06:20:00Z,Totals (Double Faults),8,"{'hdp': 1.5, 'over': '1.03'}"
75151628,2026-10-10,ATP,Shanghai,Bet365,Arthur Fils,Pavel Kotov,match_double_faults,2.5,1.1200,,2026-10-09T15:22:28Z,2026-10-10T06:20:00Z,Totals (Double Faults),8,"{'hdp': 2.5, 'over': '1.12'}"
75151628,2026-10-10,ATP,Shanghai,Bet365,Arthur Fils,Pavel Kotov,match_double_faults,4.5,1.6100,,2026-10-09T15:22:28Z,2026-10-10T06:20:00Z,Totals (Double Faults),8,"{'hdp': 4.5, 'over': '1.61'}"
75151628,2026-10-10,ATP,Shanghai,Bet365,Arthur Fils,Pavel Kotov,match_double_faults,7.5,4.3300,,2026-10-09T15:22:28Z,2026-10-10T06:20:00Z,Totals (Double Faults),8,"{'hdp': 7.5, 'over': '4.33'}"
75151628,2026-10-10,ATP,Shanghai,Bet365,Arthur Fils,Pavel Kotov,match_double_faults,9.5,11.0000,,2026-10-09T15:22:28Z,2026-10-10T06:20:00Z,Totals (Double Faults),8,"{'hdp': 9.5, 'over': '11.00'}"
75151628,2026-10-10,ATP,Shanghai,Bet365,Arthur Fils,Pavel Kotov,match_double_faults,11.5,23.0000,,2026-10-09T15:22:28Z,2026-10-10T06:20:00Z,Totals (Double Faults),8,"{'hdp': 11.5, 'over': '23.00'}"
75151628,2026-10-10,ATP,Shanghai,Bet365,Arthur Fils,Pavel Kotov,match_double_faults,14.5,26.0000,,2026-10-09T15:22:28Z,2026-10-10T06:20:00Z,Totals (Double Faults),8,"{'hdp': 14.5, 'over': '26.00'}"
75151628,2026-10-10,ATP,Shanghai,Bet365,Pavel Kotov,Arthur Fils,aces,2.5,1.0800,,2026-10-09T15:22:28Z,2026-10-10T06:20:00Z,Team Total (Aces) Away,7,"{'hdp': 2.5, 'over': '1.08'}"
75151628,2026-10-10,ATP,Shanghai,Bet365,Pavel Kotov,Arthur Fils,aces,4.5,1.2800,,2026-10-09T15:22:28Z,2026-10-10T06:20:00Z,Team Total (Aces) Away,7,"{'hdp': 4.5, 'over': '1.28'}"
75151628,2026-10-10,ATP,Shanghai,Bet365,Pavel Kotov,Arthur Fils,aces,9.5,2.6200,,2026-10-09T15:22:28Z,2026-10-10T06:20:00Z,Team Total (Aces) Away,7,"{'hdp': 9.5, 'over': '2.62'}"
75151628,2026-10-10,ATP,Shanghai,Bet365,Pavel Kotov,Arthur Fils,aces,14.5,6.5000,,2026-10-09T15:22:28Z,2026-10-10T06:20:00Z,Team Total (Aces) Away,7,"{'hdp': 14.5, 'over': '6.50'}"
75151628,2026-10-10,ATP,Shanghai,Bet365,Pavel Kotov,Arthur Fils,aces,19.5,19.0000,,2026-10-09T15:22:28Z,2026-10-10T06:20:00Z,Team Total (Aces) Away,7,"{'hdp': 19.5, 'over': '19.00'}"
75151628,2026-10-10,ATP,Shanghai,Bet365,Pavel Kotov,Arthur Fils,aces,24.5,26.0000,,2026-10-09T15:22:28Z,2026-10-10T06:20:00Z,Team Total (Aces) Away,7,"{'hdp': 24.5, 'over': '26.00'}"
75151628,2026-10-10,ATP,Shanghai,Bet365,Arthur Fils,Pavel Kotov,aces,2.5,1.0200,,2026-10-09T15:22:28Z,2026-10-10T06:20:00Z,Team Total (Aces) Home,7,"{'hdp': 2.5, 'over': '1.02'}"
75151628,2026-10-10,ATP,Shanghai,Bet365,Arthur Fils,Pavel Kotov,aces,4.5,1.1100,,2026-10-09T15:22:28Z,2026-10-10T06:20:00Z,Team Total (Aces) Home,7,"{'hdp': 4.5, 'over': '1.11'}"
75151628,2026-10-10,ATP,Shanghai,Bet365,Arthur Fils,Pavel Kotov,aces,9.5,1.8300,,2026-10-09T15:22:28Z,2026-10-10T06:20:00Z,Team Total (Aces) Home,7,"{'hdp': 9.5, 'over': '1.83'}"
75151628,2026-10-10,ATP,Shanghai,Bet365,Arthur Fils,Pavel Kotov,aces,14.5,4.3300,,2026-10-09T15:22:28Z,2026-10-10T06:20:00Z,Team Total (Aces) Home,7,"{'hdp': 14.5, 'over': '4.33'}"
75151628,2026-10-10,ATP,Shanghai,Bet365,Arthur Fils,Pavel Kotov,aces,19.5,13.0000,,2026-10-09T15:22:28Z,2026-10-10T06:20:00Z,Team Total (Aces) Home,7,"{'hdp': 19.5, 'over': '13.00'}"
75151628,2026-10-10,ATP,Shanghai,Bet365,Arthur Fils,Pavel Kotov,aces,24.5,26.0000,,2026-10-09T15:22:28Z,2026-10-10T06:20:00Z,Team Total (Aces) Home,7,"{'hdp': 24.5, 'over': '26.00'}"
75151628,2026-10-10,ATP,Shanghai,Bet365,Pavel Kotov,Arthur Fils,double_faults,0.5,1.0700,,2026-10-09T15:22:28Z,2026-10-10T06:20:00Z,Team Total (Double Faults) Away,5,"{'hdp': 0.5, 'over': '1.07'}"
75151628,2026-10-10,ATP,Shanghai,Bet365,Pavel Kotov,Arthur Fils,double_faults,1.5,1.3600,,2026-10-09T15:22:28Z,2026-10-10T06:20:00Z,Team Total (Double Faults) Away,5,"{'hdp': 1.5, 'over': '1.36'}"
75151628,2026-10-10,ATP,Shanghai,Bet365,Pavel Kotov,Arthur Fils,double_faults,2.5,2.0000,,2026-10-09T15:22:28Z,2026-10-10T06:20:00Z,Team Total (Double Faults) Away,5,"{'hdp': 2.5, 'over': '2.00'}"
75151628,2026-10-10,ATP,Shanghai,Bet365,Pavel Kotov,Arthur Fils,double_faults,4.5,6.5000,,2026-10-09T15:22:28Z,2026-10-10T06:20:00Z,Team Total (Double Faults) Away,5,"{'hdp': 4.5, 'over': '6.50'}"
75151628,2026-10-10,ATP,Shanghai,Bet365,Pavel Kotov,Arthur Fils,double_faults,7.5,26.0000,,2026-10-09T15:22:28Z,2026-10-10T06:20:00Z,Team Total (Double Faults) Away,5,"{'hdp': 7.5, 'over': '26.00'}"
75151628,2026-10-10,ATP,Shanghai,Bet365,Arthur Fils,Pavel Kotov,double_faults,0.5,1.0800,,2026-10-09T15:22:28Z,2026-10-10T06:20:00Z,Team Total (Double Faults) Home,6,"{'hdp': 0.5, 'over': '1.08'}"
75151628,2026-10-10,ATP,Shanghai,Bet365,Arthur Fils,Pavel Kotov,double_faults,1.5,1.3600,,2026-10-09T15:22:28Z,2026-10-10T06:20:00Z,Team Total (Double Faults) Home,6,"{'hdp': 1.5, 'over': '1.36'}"
75151628,2026-10-10,ATP,Shanghai,Bet365,Arthur Fils,Pavel Kotov,double_faults,2.5,1.9000,,2026-10-09T15:22:28Z,2026-10-10T06:20:00Z,Team Total (Double Faults) Home,6,"{'hdp': 2.5, 'over': '1.90'}"
75151628,2026-10-10,ATP,Shanghai,Bet365,Arthur Fils,Pavel Kotov,double_faults,4.5,5.0000,,2026-10-09T15:22:28Z,2026-10-10T06:20:00Z,Team Total (Double Faults) Home,6,"{'hdp': 4.5, 'over': '5.00'}"
75151628,2026-10-10,ATP,Shanghai,Bet365,Arthur Fils,Pavel Kotov,double_faults,7.5,23.0000,,2026-10-09T15:22:28Z,2026-10-10T06:20:00Z,Team Total (Double Faults) Home,6,"{'hdp': 7.5, 'over': '23.00'}"
75151628,2026-10-10,ATP,Shanghai,Bet365,Arthur Fils,Pavel Kotov,double_faults,9.5,26.0000,,2026-10-09T15:22:28Z,2026-10-10T06:20:00Z,Team Total (Double Faults) Home,6,"{'hdp': 9.5, 'over': '26.00'}"
75408692,2026-10-10,ATP,Shanghai,Bet365,Learner Tien,Zachary Svajda,aces,0.5,1.0100,,2026-10-09T15:22:28Z,2026-10-10T06:20:00Z,Team Total (Aces) Home,5,"{'hdp': 0.5, 'over': '1.01'}"
75408692,2026-10-10,ATP,Shanghai,Bet365,Learner Tien,Zachary Svajda,aces,2.5,1.1600,,2026-10-09T15:22:28Z,2026-10-10T06:20:00Z,Team Total (Aces) Home,5,"{'hdp': 2.5, 'over': '1.16'}"
75408692,2026-10-10,ATP,Shanghai,Bet365,Learner Tien,Zachary Svajda,aces,4.5,1.6100,,2026-10-09T15:22:28Z,2026-10-10T06:20:00Z,Team Total (Aces) Home,5,"{'hdp': 4.5, 'over': '1.61'}"
75408692,2026-10-10,ATP,Shanghai,Bet365,Learner Tien,Zachary Svajda,aces,9.5,7.0000,,2026-10-09T15:22:28Z,2026-10-10T06:20:00Z,Team Total (Aces) Home,5,"{'hdp': 9.5, 'over': '7.00'}"
75408692,2026-10-10,ATP,Shanghai,Bet365,Learner Tien,Zachary Svajda,aces,14.5,26.0000,,2026-10-09T15:22:28Z,2026-10-10T06:20:00Z,Team Total (Aces) Home,5,"{'hdp': 14.5, 'over': '26.00'}"
75408692,2026-10-10,ATP,Shanghai,Bet365,Learner Tien,Zachary Svajda,match_aces,4.5,1.0400,,2026-10-09T15:22:28Z,2026-10-10T06:20:00Z,Totals (Aces),9,"{'hdp': 4.5, 'over': '1.04'}"
75408692,2026-10-10,ATP,Shanghai,Bet365,Learner Tien,Zachary Svajda,match_aces,9.5,1.4000,,2026-10-09T15:22:28Z,2026-10-10T06:20:00Z,Totals (Aces),9,"{'hdp': 9.5, 'over': '1.40'}"
75408692,2026-10-10,ATP,Shanghai,Bet365,Learner Tien,Zachary Svajda,match_aces,14.5,2.3700,,2026-10-09T15:22:28Z,2026-10-10T06:20:00Z,Totals (Aces),9,"{'hdp': 14.5, 'over': '2.37'}"
75408692,2026-10-10,ATP,Shanghai,Bet365,Learner Tien,Zachary Svajda,match_aces,19.5,5.0000,,2026-10-09T15:22:28Z,2026-10-10T06:20:00Z,Totals (Aces),9,"{'hdp': 19.5, 'over': '5.00'}"
75408692,2026-10-10,ATP,Shanghai,Bet365,Learner Tien,Zachary Svajda,match_aces,24.5,11.0000,,2026-10-09T15:22:28Z,2026-10-10T06:20:00Z,Totals (Aces),9,"{'hdp': 24.5, 'over': '11.00'}"
75408692,2026-10-10,ATP,Shanghai,Bet365,Learner Tien,Zachary Svajda,match_aces,29.5,23.0000,,2026-10-09T15:22:28Z,2026-10-10T06:20:00Z,Totals (Aces),9,"{'hdp': 29.5, 'over': '23.00'}"
75408692,2026-10-10,ATP,Shanghai,Bet365,Learner Tien,Zachary Svajda,match_aces,39.5,26.0000,,2026-10-09T15:22:28Z,2026-10-10T06:20:00Z,Totals (Aces),9,"{'hdp': 39.5, 'over': '26.00'}"
75408692,2026-10-10,ATP,Shanghai,Bet365,Zachary Svajda,Learner Tien,aces,2.5,1.0800,,2026-10-09T15:22:28Z,2026-10-10T06:20:00Z,Team Total (Aces) Away,6,"{'hdp': 2.5, 'over': '1.08'}"
75408692,2026-10-10,ATP,Shanghai,Bet365,Zachary Svajda,Learner Tien,aces,4.5,1.3000,,2026-10-09T15:22:28Z,2026-10-10T06:20:00Z,Team Total (Aces) Away,6,"{'hdp': 4.5, 'over': '1.30'}"
75408692,2026-10-10,ATP,Shanghai,Bet365,Zachary Svajda,Learner Tien,aces,9.5,3.0000,,2026-10-09T15:22:28Z,2026-10-10T06:20:00Z,Team Total (Aces) Away,6,"{'hdp': 9.5, 'over': '3.00'}"
75408692,2026-10-10,ATP,Shanghai,Bet365,Zachary Svajda,Learner Tien,aces,14.5,9.0000,,2026-10-09T15:22:28Z,2026-10-10T06:20:00Z,Team Total (Aces) Away,6,"{'hdp': 14.5, 'over': '9.00'}"
75408692,2026-10-10,ATP,Shanghai,Bet365,Zachary Svajda,Learner Tien,aces,19.5,26.0000,,2026-10-09T15:22:28Z,2026-10-10T06:20:00Z,Team Total (Aces) Away,6,"{'hdp': 19.5, 'over': '26.00'}"
75408692,2026-10-10,ATP,Shanghai,Bet365,Zachary Svajda,Learner Tien,double_faults,0.5,1.0700,,2026-10-09T15:22:28Z,2026-10-10T06:20:00Z,Team Total (Double Faults) Away,5,"{'hdp': 0.5, 'over': '1.07'}"
75408692,2026-10-10,ATP,Shanghai,Bet365,Zachary Svajda,Learner Tien,double_faults,1.5,1.3600,,2026-10-09T15:22:28Z,2026-10-10T06:20:00Z,Team Total (Double Faults) Away,5,"{'hdp': 1.5, 'over': '1.36'}"
75408692,2026-10-10,ATP,Shanghai,Bet365,Zachary Svajda,Learner Tien,double_faults,2.5,2.0000,,2026-10-09T15:22:28Z,2026-10-10T06:20:00Z,Team Total (Double Faults) Away,5,"{'hdp': 2.5, 'over': '2.00'}"
75408692,2026-10-10,ATP,Shanghai,Bet365,Zachary Svajda,Learner Tien,double_faults,4.5,6.5000,,2026-10-09T15:22:28Z,2026-10-10T06:20:00Z,Team Total (Double Faults) Away,5,"{'hdp': 4.5, 'over': '6.50'}"
75408692,2026-10-10,ATP,Shanghai,Bet365,Zachary Svajda,Learner Tien,double_faults,7.5,26.0000,,2026-10-09T15:22:28Z,2026-10-10T06:20:00Z,Team Total (Double Faults) Away,5,"{'hdp': 7.5, 'over': '26.00'}"
75408692,2026-10-10,ATP,Shanghai,Bet365,Learner Tien,Zachary Svajda,match_double_faults,1.5,1.0400,,2026-10-09T15:22:28Z,2026-10-10T06:20:00Z,Totals (Double Faults),7,"{'hdp': 1.5, 'over': '1.04'}"
75408692,2026-10-10,ATP,Shanghai,Bet365,Learner Tien,Zachary Svajda,match_double_faults,2.5,1.1400,,2026-10-09T15:22:28Z,2026-10-10T06:20:00Z,Totals (Double Faults),7,"{'hdp': 2.5, 'over': '1.14'}"
75408692,2026-10-10,ATP,Shanghai,Bet365,Learner Tien,Zachary Svajda,match_double_faults,4.5,1.7200,,2026-10-09T15:22:28Z,2026-10-10T06:20:00Z,Totals (Double Faults),7,"{'hdp': 4.5, 'over': '1.72'}"
75408692,2026-10-10,ATP,Shanghai,Bet365,Learner Tien,Zachary Svajda,match_double_faults,7.5,5.5000,,2026-10-09T15:22:28Z,2026-10-10T06:20:00Z,Totals (Double Faults),7,"{'hdp': 7.5, 'over': '5.50'}"
75408692,2026-10-10,ATP,Shanghai,Bet365,Learner Tien,Zachary Svajda,match_double_faults,9.5,13.0000,,2026-10-09T15:22:28Z,2026-10-10T06:20:00Z,Totals (Double Faults),7,"{'hdp': 9.5, 'over': '13.00'}"
75408692,2026-10-10,ATP,Shanghai,Bet365,Learner Tien,Zachary Svajda,match_double_faults,11.5,26.0000,,2026-10-09T15:22:28Z,2026-10-10T06:20:00Z,Totals (Double Faults),7,"{'hdp': 11.5, 'over': '26.00'}"
75408692,2026-10-10,ATP,Shanghai,Bet365,Learner Tien,Zachary Svajda,double_faults,0.5,1.1100,,2026-10-09T15:22:28Z,2026-10-10T06:20:00Z,Team Total (Double Faults) Home,5,"{'hdp': 0.5, 'over': '1.11'}"
75408692,2026-10-10,ATP,Shanghai,Bet365,Learner Tien,Zachary Svajda,double_faults,1.5,1.4400,,2026-10-09T15:22:28Z,2026-10-10T06:20:00Z,Team Total (Double Faults) Home,5,"{'hdp': 1.5, 'over': '1.44'}"
75408692,2026-10-10,ATP,Shanghai,Bet365,Learner Tien,Zachary Svajda,double_faults,2.5,2.2000,,2026-10-09T15:22:28Z,2026-10-10T06:20:00Z,Team Total (Double Faults) Home,5,"{'hdp': 2.5, 'over': '2.20'}"
75408692,2026-10-10,ATP,Shanghai,Bet365,Learner Tien,Zachary Svajda,double_faults,4.5,6.5000,,2026-10-09T15:22:28Z,2026-10-10T06:20:00Z,Team Total (Double Faults) Home,5,"{'hdp': 4.5, 'over': '6.50'}"
75408692,2026-10-10,ATP,Shanghai,Bet365,Learner Tien,Zachary Svajda,double_faults,7.5,26.0000,,2026-10-09T15:22:28Z,2026-10-10T06:20:00Z,Team Total (Double Faults) Home,5,"{'hdp': 7.5, 'over': '26.00'}"
75408704,2026-10-10,ATP,Shanghai,Bet365,Tommy Paul,Adolfo Daniel Vallejo,aces,2.5,1.0700,,2026-10-09T15:22:28Z,2026-10-10T07:30:00Z,Team Total (Aces) Home,6,"{'hdp': 2.5, 'over': '1.07'}"
75408704,2026-10-10,ATP,Shanghai,Bet365,Tommy Paul,Adolfo Daniel Vallejo,aces,4.5,1.3000,,2026-10-09T15:22:28Z,2026-10-10T07:30:00Z,Team Total (Aces) Home,6,"{'hdp': 4.5, 'over': '1.30'}"
75408704,2026-10-10,ATP,Shanghai,Bet365,Tommy Paul,Adolfo Daniel Vallejo,aces,9.5,3.4000,,2026-10-09T15:22:28Z,2026-10-10T07:30:00Z,Team Total (Aces) Home,6,"{'hdp': 9.5, 'over': '3.40'}"
75408704,2026-10-10,ATP,Shanghai,Bet365,Tommy Paul,Adolfo Daniel Vallejo,aces,14.5,13.0000,,2026-10-09T15:22:28Z,2026-10-10T07:30:00Z,Team Total (Aces) Home,6,"{'hdp': 14.5, 'over': '13.00'}"
75408704,2026-10-10,ATP,Shanghai,Bet365,Tommy Paul,Adolfo Daniel Vallejo,aces,19.5,26.0000,,2026-10-09T15:22:28Z,2026-10-10T07:30:00Z,Team Total (Aces) Home,6,"{'hdp': 19.5, 'over': '26.00'}"
75408704,2026-10-10,ATP,Shanghai,Bet365,Adolfo Daniel Vallejo,Tommy Paul,aces,0.5,1.0300,,2026-10-09T15:22:28Z,2026-10-10T07:30:00Z,Team Total (Aces) Away,5,"{'hdp': 0.5, 'over': '1.03'}"
75408704,2026-10-10,ATP,Shanghai,Bet365,Adolfo Daniel Vallejo,Tommy Paul,aces,2.5,1.3600,,2026-10-09T15:22:28Z,2026-10-10T07:30:00Z,Team Total (Aces) Away,5,"{'hdp': 2.5, 'over': '1.36'}"
75408704,2026-10-10,ATP,Shanghai,Bet365,Adolfo Daniel Vallejo,Tommy Paul,aces,4.5,2.2500,,2026-10-09T15:22:28Z,2026-10-10T07:30:00Z,Team Total (Aces) Away,5,"{'hdp': 4.5, 'over': '2.25'}"
75408704,2026-10-10,ATP,Shanghai,Bet365,Adolfo Daniel Vallejo,Tommy Paul,aces,9.5,15.0000,,2026-10-09T15:22:28Z,2026-10-10T07:30:00Z,Team Total (Aces) Away,5,"{'hdp': 9.5, 'over': '15.00'}"
75408704,2026-10-10,ATP,Shanghai,Bet365,Adolfo Daniel Vallejo,Tommy Paul,aces,14.5,26.0000,,2026-10-09T15:22:28Z,2026-10-10T07:30:00Z,Team Total (Aces) Away,5,"{'hdp': 14.5, 'over': '26.00'}"
75408704,2026-10-10,ATP,Shanghai,Bet365,Tommy Paul,Adolfo Daniel Vallejo,double_faults,0.5,1.1400,,2026-10-09T15:22:28Z,2026-10-10T07:30:00Z,Team Total (Double Faults) Home,5,"{'hdp': 0.5, 'over': '1.14'}"
75408704,2026-10-10,ATP,Shanghai,Bet365,Tommy Paul,Adolfo Daniel Vallejo,double_faults,1.5,1.5700,,2026-10-09T15:22:28Z,2026-10-10T07:30:00Z,Team Total (Double Faults) Home,5,"{'hdp': 1.5, 'over': '1.57'}"
75408704,2026-10-10,ATP,Shanghai,Bet365,Tommy Paul,Adolfo Daniel Vallejo,double_faults,2.5,2.5000,,2026-10-09T15:22:28Z,2026-10-10T07:30:00Z,Team Total (Double Faults) Home,5,"{'hdp': 2.5, 'over': '2.50'}"
75408704,2026-10-10,ATP,Shanghai,Bet365,Tommy Paul,Adolfo Daniel Vallejo,double_faults,4.5,9.0000,,2026-10-09T15:22:28Z,2026-10-10T07:30:00Z,Team Total (Double Faults) Home,5,"{'hdp': 4.5, 'over': '9.00'}"
75408704,2026-10-10,ATP,Shanghai,Bet365,Tommy Paul,Adolfo Daniel Vallejo,double_faults,7.5,26.0000,,2026-10-09T15:22:28Z,2026-10-10T07:30:00Z,Team Total (Double Faults) Home,5,"{'hdp': 7.5, 'over': '26.00'}"
75408704,2026-10-10,ATP,Shanghai,Bet365,Adolfo Daniel Vallejo,Tommy Paul,double_faults,0.5,1.1100,,2026-10-09T15:22:28Z,2026-10-10T07:30:00Z,Team Total (Double Faults) Away,5,"{'hdp': 0.5, 'over': '1.11'}"
75408704,2026-10-10,ATP,Shanghai,Bet365,Adolfo Daniel Vallejo,Tommy Paul,double_faults,1.5,1.5000,,2026-10-09T15:22:28Z,2026-10-10T07:30:00Z,Team Total (Double Faults) Away,5,"{'hdp': 1.5, 'over': '1.50'}"
75408704,2026-10-10,ATP,Shanghai,Bet365,Adolfo Daniel Vallejo,Tommy Paul,double_faults,2.5,2.3700,,2026-10-09T15:22:28Z,2026-10-10T07:30:00Z,Team Total (Double Faults) Away,5,"{'hdp': 2.5, 'over': '2.37'}"
75408704,2026-10-10,ATP,Shanghai,Bet365,Adolfo Daniel Vallejo,Tommy Paul,double_faults,4.5,9.0000,,2026-10-09T15:22:28Z,2026-10-10T07:30:00Z,Team Total (Double Faults) Away,5,"{'hdp': 4.5, 'over': '9.00'}"
75408704,2026-10-10,ATP,Shanghai,Bet365,Adolfo Daniel Vallejo,Tommy Paul,double_faults,7.5,26.0000,,2026-10-09T15:22:28Z,2026-10-10T07:30:00Z,Team Total (Double Faults) Away,5,"{'hdp': 7.5, 'over': '26.00'}"
75408704,2026-10-10,ATP,Shanghai,Bet365,Tommy Paul,Adolfo Daniel Vallejo,match_aces,2.5,1.0100,,2026-10-09T15:22:28Z,2026-10-10T07:30:00Z,Totals (Aces),8,"{'hdp': 2.5, 'over': '1.01'}"
75408704,2026-10-10,ATP,Shanghai,Bet365,Tommy Paul,Adolfo Daniel Vallejo,match_aces,4.5,1.0600,,2026-10-09T15:22:28Z,2026-10-10T07:30:00Z,Totals (Aces),8,"{'hdp': 4.5, 'over': '1.06'}"
75408704,2026-10-10,ATP,Shanghai,Bet365,Tommy Paul,Adolfo Daniel Vallejo,match_aces,9.5,1.5700,,2026-10-09T15:22:28Z,2026-10-10T07:30:00Z,Totals (Aces),8,"{'hdp': 9.5, 'over': '1.57'}"
75408704,2026-10-10,ATP,Shanghai,Bet365,Tommy Paul,Adolfo Daniel Vallejo,match_aces,14.5,3.4000,,2026-10-09T15:22:28Z,2026-10-10T07:30:00Z,Totals (Aces),8,"{'hdp': 14.5, 'over': '3.40'}"
75408704,2026-10-10,ATP,Shanghai,Bet365,Tommy Paul,Adolfo Daniel Vallejo,match_aces,19.5,8.0000,,2026-10-09T15:22:28Z,2026-10-10T07:30:00Z,Totals (Aces),8,"{'hdp': 19.5, 'over': '8.00'}"
75408704,2026-10-10,ATP,Shanghai,Bet365,Tommy Paul,Adolfo Daniel Vallejo,match_aces,24.5,21.0000,,2026-10-09T15:22:28Z,2026-10-10T07:30:00Z,Totals (Aces),8,"{'hdp': 24.5, 'over': '21.00'}"
75408704,2026-10-10,ATP,Shanghai,Bet365,Tommy Paul,Adolfo Daniel Vallejo,match_aces,29.5,26.0000,,2026-10-09T15:22:28Z,2026-10-10T07:30:00Z,Totals (Aces),8,"{'hdp': 29.5, 'over': '26.00'}"
75408704,2026-10-10,ATP,Shanghai,Bet365,Tommy Paul,Adolfo Daniel Vallejo,match_double_faults,0.5,1.0100,,2026-10-09T15:22:28Z,2026-10-10T07:30:00Z,Totals (Double Faults),7,"{'hdp': 0.5, 'over': '1.01'}"
75408704,2026-10-10,ATP,Shanghai,Bet365,Tommy Paul,Adolfo Daniel Vallejo,match_double_faults,1.5,1.0700,,2026-10-09T15:22:28Z,2026-10-10T07:30:00Z,Totals (Double Faults),7,"{'hdp': 1.5, 'over': '1.07'}"
75408704,2026-10-10,ATP,Shanghai,Bet365,Tommy Paul,Adolfo Daniel Vallejo,match_double_faults,2.5,1.2200,,2026-10-09T15:22:28Z,2026-10-10T07:30:00Z,Totals (Double Faults),7,"{'hdp': 2.5, 'over': '1.22'}"
75408704,2026-10-10,ATP,Shanghai,Bet365,Tommy Paul,Adolfo Daniel Vallejo,match_double_faults,4.5,2.1000,,2026-10-09T15:22:28Z,2026-10-10T07:30:00Z,Totals (Double Faults),7,"{'hdp': 4.5, 'over': '2.10'}"
75408704,2026-10-10,ATP,Shanghai,Bet365,Tommy Paul,Adolfo Daniel Vallejo,match_double_faults,7.5,8.0000,,2026-10-09T15:22:28Z,2026-10-10T07:30:00Z,Totals (Double Faults),7,"{'hdp': 7.5, 'over': '8.00'}"
75408704,2026-10-10,ATP,Shanghai,Bet365,Tommy Paul,Adolfo Daniel Vallejo,match_double_faults,9.5,21.0000,,2026-10-09T15:22:28Z,2026-10-10T07:30:00Z,Totals (Double Faults),7,"{'hdp': 9.5, 'over': '21.00'}"
75408704,2026-10-10,ATP,Shanghai,Bet365,Tommy Paul,Adolfo Daniel Vallejo,match_double_faults,11.5,26.0000,,2026-10-09T15:22:28Z,2026-10-10T07:30:00Z,Totals (Double Faults),7,"{'hdp': 11.5, 'over': '26.00'}"
75414076,2026-10-10,ATP,Shanghai,Bet365,Ignacio Buse,Zizou Bergs,double_faults,0.5,1.1800,,2026-10-09T15:22:28Z,2026-10-10T07:30:00Z,Team Total (Double Faults) Home,5,"{'hdp': 0.5, 'over': '1.18'}"
75414076,2026-10-10,ATP,Shanghai,Bet365,Ignacio Buse,Zizou Bergs,double_faults,1.5,1.8300,,2026-10-09T15:22:28Z,2026-10-10T07:30:00Z,Team Total (Double Faults) Home,5,"{'hdp': 1.5, 'over': '1.83'}"
75414076,2026-10-10,ATP,Shanghai,Bet365,Ignacio Buse,Zizou Bergs,double_faults,2.5,3.5000,,2026-10-09T15:22:28Z,2026-10-10T07:30:00Z,Team Total (Double Faults) Home,5,"{'hdp': 2.5, 'over': '3.50'}"
75414076,2026-10-10,ATP,Shanghai,Bet365,Ignacio Buse,Zizou Bergs,double_faults,4.5,17.0000,,2026-10-09T15:22:28Z,2026-10-10T07:30:00Z,Team Total (Double Faults) Home,5,"{'hdp': 4.5, 'over': '17.00'}"
75414076,2026-10-10,ATP,Shanghai,Bet365,Ignacio Buse,Zizou Bergs,double_faults,7.5,26.0000,,2026-10-09T15:22:28Z,2026-10-10T07:30:00Z,Team Total (Double Faults) Home,5,"{'hdp': 7.5, 'over': '26.00'}"
75414076,2026-10-10,ATP,Shanghai,Bet365,Zizou Bergs,Ignacio Buse,aces,2.5,1.1100,,2026-10-09T15:22:28Z,2026-10-10T07:30:00Z,Team Total (Aces) Away,6,"{'hdp': 2.5, 'over': '1.11'}"
75414076,2026-10-10,ATP,Shanghai,Bet365,Zizou Bergs,Ignacio Buse,aces,4.5,1.4400,,2026-10-09T15:22:28Z,2026-10-10T07:30:00Z,Team Total (Aces) Away,6,"{'hdp': 4.5, 'over': '1.44'}"
75414076,2026-10-10,ATP,Shanghai,Bet365,Zizou Bergs,Ignacio Buse,aces,9.5,4.3300,,2026-10-09T15:22:28Z,2026-10-10T07:30:00Z,Team Total (Aces) Away,6,"{'hdp': 9.5, 'over': '4.33'}"
75414076,2026-10-10,ATP,Shanghai,Bet365,Zizou Bergs,Ignacio Buse,aces,14.5,19.0000,,2026-10-09T15:22:28Z,2026-10-10T07:30:00Z,Team Total (Aces) Away,6,"{'hdp': 14.5, 'over': '19.00'}"
75414076,2026-10-10,ATP,Shanghai,Bet365,Zizou Bergs,Ignacio Buse,aces,19.5,26.0000,,2026-10-09T15:22:28Z,2026-10-10T07:30:00Z,Team Total (Aces) Away,6,"{'hdp': 19.5, 'over': '26.00'}"
75414076,2026-10-10,ATP,Shanghai,Bet365,Ignacio Buse,Zizou Bergs,aces,0.5,1.0100,,2026-10-09T15:22:28Z,2026-10-10T07:30:00Z,Team Total (Aces) Home,5,"{'hdp': 0.5, 'over': '1.01'}"
75414076,2026-10-10,ATP,Shanghai,Bet365,Ignacio Buse,Zizou Bergs,aces,2.5,1.2200,,2026-10-09T15:22:28Z,2026-10-10T07:30:00Z,Team Total (Aces) Home,5,"{'hdp': 2.5, 'over': '1.22'}"
75414076,2026-10-10,ATP,Shanghai,Bet365,Ignacio Buse,Zizou Bergs,aces,4.5,1.8300,,2026-10-09T15:22:28Z,2026-10-10T07:30:00Z,Team Total (Aces) Home,5,"{'hdp': 4.5, 'over': '1.83'}"
75414076,2026-10-10,ATP,Shanghai,Bet365,Ignacio Buse,Zizou Bergs,aces,9.5,9.0000,,2026-10-09T15:22:28Z,2026-10-10T07:30:00Z,Team Total (Aces) Home,5,"{'hdp': 9.5, 'over': '9.00'}"
75414076,2026-10-10,ATP,Shanghai,Bet365,Ignacio Buse,Zizou Bergs,aces,14.5,26.0000,,2026-10-09T15:22:28Z,2026-10-10T07:30:00Z,Team Total (Aces) Home,5,"{'hdp': 14.5, 'over': '26.00'}"
75414076,2026-10-10,ATP,Shanghai,Bet365,Zizou Bergs,Ignacio Buse,double_faults,0.5,1.0500,,2026-10-09T15:22:28Z,2026-10-10T07:30:00Z,Team Total (Double Faults) Away,6,"{'hdp': 0.5, 'over': '1.05'}"
75414076,2026-10-10,ATP,Shanghai,Bet365,Zizou Bergs,Ignacio Buse,double_faults,1.5,1.2200,,2026-10-09T15:22:28Z,2026-10-10T07:30:00Z,Team Total (Double Faults) Away,6,"{'hdp': 1.5, 'over': '1.22'}"
75414076,2026-10-10,ATP,Shanghai,Bet365,Zizou Bergs,Ignacio Buse,double_faults,2.5,1.6100,,2026-10-09T15:22:28Z,2026-10-10T07:30:00Z,Team Total (Double Faults) Away,6,"{'hdp': 2.5, 'over': '1.61'}"
75414076,2026-10-10,ATP,Shanghai,Bet365,Zizou Bergs,Ignacio Buse,double_faults,4.5,3.5000,,2026-10-09T15:22:28Z,2026-10-10T07:30:00Z,Team Total (Double Faults) Away,6,"{'hdp': 4.5, 'over': '3.50'}"
75414076,2026-10-10,ATP,Shanghai,Bet365,Zizou Bergs,Ignacio Buse,double_faults,7.5,17.0000,,2026-10-09T15:22:28Z,2026-10-10T07:30:00Z,Team Total (Double Faults) Away,6,"{'hdp': 7.5, 'over': '17.00'}"
75414076,2026-10-10,ATP,Shanghai,Bet365,Zizou Bergs,Ignacio Buse,double_faults,9.5,26.0000,,2026-10-09T15:22:28Z,2026-10-10T07:30:00Z,Team Total (Double Faults) Away,6,"{'hdp': 9.5, 'over': '26.00'}"
75414076,2026-10-10,ATP,Shanghai,Bet365,Ignacio Buse,Zizou Bergs,match_double_faults,1.5,1.0400,,2026-10-09T15:22:28Z,2026-10-10T07:30:00Z,Totals (Double Faults),7,"{'hdp': 1.5, 'over': '1.04'}"
75414076,2026-10-10,ATP,Shanghai,Bet365,Ignacio Buse,Zizou Bergs,match_double_faults,2.5,1.1400,,2026-10-09T15:22:28Z,2026-10-10T07:30:00Z,Totals (Double Faults),7,"{'hdp': 2.5, 'over': '1.14'}"
75414076,2026-10-10,ATP,Shanghai,Bet365,Ignacio Buse,Zizou Bergs,match_double_faults,4.5,1.7200,,2026-10-09T15:22:28Z,2026-10-10T07:30:00Z,Totals (Double Faults),7,"{'hdp': 4.5, 'over': '1.72'}"
75414076,2026-10-10,ATP,Shanghai,Bet365,Ignacio Buse,Zizou Bergs,match_double_faults,7.5,5.5000,,2026-10-09T15:22:28Z,2026-10-10T07:30:00Z,Totals (Double Faults),7,"{'hdp': 7.5, 'over': '5.50'}"
75414076,2026-10-10,ATP,Shanghai,Bet365,Ignacio Buse,Zizou Bergs,match_double_faults,9.5,13.0000,,2026-10-09T15:22:28Z,2026-10-10T07:30:00Z,Totals (Double Faults),7,"{'hdp': 9.5, 'over': '13.00'}"
75414076,2026-10-10,ATP,Shanghai,Bet365,Ignacio Buse,Zizou Bergs,match_double_faults,11.5,26.0000,,2026-10-09T15:22:28Z,2026-10-10T07:30:00Z,Totals (Double Faults),7,"{'hdp': 11.5, 'over': '26.00'}"
75414076,2026-10-10,ATP,Shanghai,Bet365,Ignacio Buse,Zizou Bergs,match_aces,2.5,1.0100,,2026-10-09T15:22:28Z,2026-10-10T07:30:00Z,Totals (Aces),8,"{'hdp': 2.5, 'over': '1.01'}"
75414076,2026-10-10,ATP,Shanghai,Bet365,Ignacio Buse,Zizou Bergs,match_aces,4.5,1.0600,,2026-10-09T15:22:28Z,2026-10-10T07:30:00Z,Totals (Aces),8,"{'hdp': 4.5, 'over': '1.06'}"
75414076,2026-10-10,ATP,Shanghai,Bet365,Ignacio Buse,Zizou Bergs,match_aces,9.5,1.5700,,2026-10-09T15:22:28Z,2026-10-10T07:30:00Z,Totals (Aces),8,"{'hdp': 9.5, 'over': '1.57'}"
75414076,2026-10-10,ATP,Shanghai,Bet365,Ignacio Buse,Zizou Bergs,match_aces,14.5,3.4000,,2026-10-09T15:22:28Z,2026-10-10T07:30:00Z,Totals (Aces),8,"{'hdp': 14.5, 'over': '3.40'}"
75414076,2026-10-10,ATP,Shanghai,Bet365,Ignacio Buse,Zizou Bergs,match_aces,19.5,9.0000,,2026-10-09T15:22:28Z,2026-10-10T07:30:00Z,Totals (Aces),8,"{'hdp': 19.5, 'over': '9.00'}"
75414076,2026-10-10,ATP,Shanghai,Bet365,Ignacio Buse,Zizou Bergs,match_aces,24.5,21.0000,,2026-10-09T15:22:28Z,2026-10-10T07:30:00Z,Totals (Aces),8,"{'hdp': 24.5, 'over': '21.00'}"
75414076,2026-10-10,ATP,Shanghai,Bet365,Ignacio Buse,Zizou Bergs,match_aces,29.5,26.0000,,2026-10-09T15:22:28Z,2026-10-10T07:30:00Z,Totals (Aces),8,"{'hdp': 29.5, 'over': '26.00'}"
75051542,2026-10-10,WTA,Beijing,Bet365,Mirra Andreeva,Nikola Bartunkova,aces,0.5,1.0100,,2026-10-09T15:22:28Z,2026-10-10T07:00:00Z,Team Total (Aces) Home,5,"{'hdp': 0.5, 'over': '1.01'}"
75051542,2026-10-10,WTA,Beijing,Bet365,Mirra Andreeva,Nikola Bartunkova,aces,2.5,1.2200,,2026-10-09T15:22:28Z,2026-10-10T07:00:00Z,Team Total (Aces) Home,5,"{'hdp': 2.5, 'over': '1.22'}"
75051542,2026-10-10,WTA,Beijing,Bet365,Mirra Andreeva,Nikola Bartunkova,aces,4.5,1.8300,,2026-10-09T15:22:28Z,2026-10-10T07:00:00Z,Team Total (Aces) Home,5,"{'hdp': 4.5, 'over': '1.83'}"
75051542,2026-10-10,WTA,Beijing,Bet365,Mirra Andreeva,Nikola Bartunkova,aces,9.5,10.0000,,2026-10-09T15:22:28Z,2026-10-10T07:00:00Z,Team Total (Aces) Home,5,"{'hdp': 9.5, 'over': '10.00'}"
75051542,2026-10-10,WTA,Beijing,Bet365,Mirra Andreeva,Nikola Bartunkova,aces,14.5,26.0000,,2026-10-09T15:22:28Z,2026-10-10T07:00:00Z,Team Total (Aces) Home,5,"{'hdp': 14.5, 'over': '26.00'}"
75051542,2026-10-10,WTA,Beijing,Bet365,Nikola Bartunkova,Mirra Andreeva,double_faults,1.5,1.0500,,2026-10-09T15:22:28Z,2026-10-10T07:00:00Z,Team Total (Double Faults) Away,7,"{'hdp': 1.5, 'over': '1.05'}"
75051542,2026-10-10,WTA,Beijing,Bet365,Nikola Bartunkova,Mirra Andreeva,double_faults,2.5,1.1600,,2026-10-09T15:22:28Z,2026-10-10T07:00:00Z,Team Total (Double Faults) Away,7,"{'hdp': 2.5, 'over': '1.16'}"
75051542,2026-10-10,WTA,Beijing,Bet365,Nikola Bartunkova,Mirra Andreeva,double_faults,4.5,1.8000,,2026-10-09T15:22:28Z,2026-10-10T07:00:00Z,Team Total (Double Faults) Away,7,"{'hdp': 4.5, 'over': '1.80'}"
75051542,2026-10-10,WTA,Beijing,Bet365,Nikola Bartunkova,Mirra Andreeva,double_faults,7.5,5.5000,,2026-10-09T15:22:28Z,2026-10-10T07:00:00Z,Team Total (Double Faults) Away,7,"{'hdp': 7.5, 'over': '5.50'}"
75051542,2026-10-10,WTA,Beijing,Bet365,Nikola Bartunkova,Mirra Andreeva,double_faults,9.5,15.0000,,2026-10-09T15:22:28Z,2026-10-10T07:00:00Z,Team Total (Double Faults) Away,7,"{'hdp': 9.5, 'over': '15.00'}"
75051542,2026-10-10,WTA,Beijing,Bet365,Nikola Bartunkova,Mirra Andreeva,double_faults,11.5,26.0000,,2026-10-09T15:22:28Z,2026-10-10T07:00:00Z,Team Total (Double Faults) Away,7,"{'hdp': 11.5, 'over': '26.00'}"
75051542,2026-10-10,WTA,Beijing,Bet365,Mirra Andreeva,Nikola Bartunkova,double_faults,0.5,1.0300,,2026-10-09T15:22:28Z,2026-10-10T07:00:00Z,Team Total (Double Faults) Home,6,"{'hdp': 0.5, 'over': '1.03'}"
75051542,2026-10-10,WTA,Beijing,Bet365,Mirra Andreeva,Nikola Bartunkova,double_faults,1.5,1.1600,,2026-10-09T15:22:28Z,2026-10-10T07:00:00Z,Team Total (Double Faults) Home,6,"{'hdp': 1.5, 'over': '1.16'}"
75051542,2026-10-10,WTA,Beijing,Bet365,Mirra Andreeva,Nikola Bartunkova,double_faults,2.5,1.4400,,2026-10-09T15:22:28Z,2026-10-10T07:00:00Z,Team Total (Double Faults) Home,6,"{'hdp': 2.5, 'over': '1.44'}"
75051542,2026-10-10,WTA,Beijing,Bet365,Mirra Andreeva,Nikola Bartunkova,double_faults,4.5,2.7500,,2026-10-09T15:22:28Z,2026-10-10T07:00:00Z,Team Total (Double Faults) Home,6,"{'hdp': 4.5, 'over': '2.75'}"
75051542,2026-10-10,WTA,Beijing,Bet365,Mirra Andreeva,Nikola Bartunkova,double_faults,7.5,11.0000,,2026-10-09T15:22:28Z,2026-10-10T07:00:00Z,Team Total (Double Faults) Home,6,"{'hdp': 7.5, 'over': '11.00'}"
75051542,2026-10-10,WTA,Beijing,Bet365,Mirra Andreeva,Nikola Bartunkova,double_faults,9.5,26.0000,,2026-10-09T15:22:28Z,2026-10-10T07:00:00Z,Team Total (Double Faults) Home,6,"{'hdp': 9.5, 'over': '26.00'}"
75051542,2026-10-10,WTA,Beijing,Bet365,Mirra Andreeva,Nikola Bartunkova,match_aces,2.5,1.0200,,2026-10-09T15:22:28Z,2026-10-10T07:00:00Z,Totals (Aces),7,"{'hdp': 2.5, 'over': '1.02'}"
75051542,2026-10-10,WTA,Beijing,Bet365,Mirra Andreeva,Nikola Bartunkova,match_aces,4.5,1.1100,,2026-10-09T15:22:28Z,2026-10-10T07:00:00Z,Totals (Aces),7,"{'hdp': 4.5, 'over': '1.11'}"
75051542,2026-10-10,WTA,Beijing,Bet365,Mirra Andreeva,Nikola Bartunkova,match_aces,9.5,1.9000,,2026-10-09T15:22:28Z,2026-10-10T07:00:00Z,Totals (Aces),7,"{'hdp': 9.5, 'over': '1.90'}"
75051542,2026-10-10,WTA,Beijing,Bet365,Mirra Andreeva,Nikola Bartunkova,match_aces,14.5,5.0000,,2026-10-09T15:22:28Z,2026-10-10T07:00:00Z,Totals (Aces),7,"{'hdp': 14.5, 'over': '5.00'}"
75051542,2026-10-10,WTA,Beijing,Bet365,Mirra Andreeva,Nikola Bartunkova,match_aces,19.5,15.0000,,2026-10-09T15:22:28Z,2026-10-10T07:00:00Z,Totals (Aces),7,"{'hdp': 19.5, 'over': '15.00'}"
75051542,2026-10-10,WTA,Beijing,Bet365,Mirra Andreeva,Nikola Bartunkova,match_aces,24.5,26.0000,,2026-10-09T15:22:28Z,2026-10-10T07:00:00Z,Totals (Aces),7,"{'hdp': 24.5, 'over': '26.00'}"
75051542,2026-10-10,WTA,Beijing,Bet365,Mirra Andreeva,Nikola Bartunkova,match_double_faults,2.5,1.0100,,2026-10-09T15:22:28Z,2026-10-10T07:00:00Z,Totals (Double Faults),9,"{'hdp': 2.5, 'over': '1.01'}"
75051542,2026-10-10,WTA,Beijing,Bet365,Mirra Andreeva,Nikola Bartunkova,match_double_faults,4.5,1.1000,,2026-10-09T15:22:28Z,2026-10-10T07:00:00Z,Totals (Double Faults),9,"{'hdp': 4.5, 'over': '1.10'}"
75051542,2026-10-10,WTA,Beijing,Bet365,Mirra Andreeva,Nikola Bartunkova,match_double_faults,7.5,1.6100,,2026-10-09T15:22:28Z,2026-10-10T07:00:00Z,Totals (Double Faults),9,"{'hdp': 7.5, 'over': '1.61'}"
75051542,2026-10-10,WTA,Beijing,Bet365,Mirra Andreeva,Nikola Bartunkova,match_double_faults,9.5,2.5000,,2026-10-09T15:22:28Z,2026-10-10T07:00:00Z,Totals (Double Faults),9,"{'hdp': 9.5, 'over': '2.50'}"
75051542,2026-10-10,WTA,Beijing,Bet365,Mirra Andreeva,Nikola Bartunkova,match_double_faults,11.5,4.3300,,2026-10-09T15:22:28Z,2026-10-10T07:00:00Z,Totals (Double Faults),9,"{'hdp': 11.5, 'over': '4.33'}"
75051542,2026-10-10,WTA,Beijing,Bet365,Mirra Andreeva,Nikola Bartunkova,match_double_faults,14.5,11.0000,,2026-10-09T15:22:28Z,2026-10-10T07:00:00Z,Totals (Double Faults),9,"{'hdp': 14.5, 'over': '11.00'}"
75051542,2026-10-10,WTA,Beijing,Bet365,Mirra Andreeva,Nikola Bartunkova,match_double_faults,19.5,26.0000,,2026-10-09T15:22:28Z,2026-10-10T07:00:00Z,Totals (Double Faults),9,"{'hdp': 19.5, 'over': '26.00'}"
75051542,2026-10-10,WTA,Beijing,Bet365,Nikola Bartunkova,Mirra Andreeva,aces,0.5,1.0200,,2026-10-09T15:22:28Z,2026-10-10T07:00:00Z,Team Total (Aces) Away,5,"{'hdp': 0.5, 'over': '1.02'}"
75051542,2026-10-10,WTA,Beijing,Bet365,Nikola Bartunkova,Mirra Andreeva,aces,2.5,1.2800,,2026-10-09T15:22:28Z,2026-10-10T07:00:00Z,Team Total (Aces) Away,5,"{'hdp': 2.5, 'over': '1.28'}"
75051542,2026-10-10,WTA,Beijing,Bet365,Nikola Bartunkova,Mirra Andreeva,aces,4.5,1.9000,,2026-10-09T15:22:28Z,2026-10-10T07:00:00Z,Team Total (Aces) Away,5,"{'hdp': 4.5, 'over': '1.90'}"
75051542,2026-10-10,WTA,Beijing,Bet365,Nikola Bartunkova,Mirra Andreeva,aces,9.5,9.0000,,2026-10-09T15:22:28Z,2026-10-10T07:00:00Z,Team Total (Aces) Away,5,"{'hdp': 9.5, 'over': '9.00'}"
75051542,2026-10-10,WTA,Beijing,Bet365,Nikola Bartunkova,Mirra Andreeva,aces,14.5,26.0000,,2026-10-09T15:22:28Z,2026-10-10T07:00:00Z,Team Total (Aces) Away,5,"{'hdp': 14.5, 'over': '26.00'}"
75151600,2026-10-10,ATP,Shanghai,Bet365,Luciano Darderi,Stefanos Tsitsipas,aces,2.5,1.0600,,2026-10-09T15:22:28Z,2026-10-10T07:30:00Z,Team Total (Aces) Home,7,"{'hdp': 2.5, 'over': '1.06'}"
75151600,2026-10-10,ATP,Shanghai,Bet365,Luciano Darderi,Stefanos Tsitsipas,aces,4.5,1.2200,,2026-10-09T15:22:28Z,2026-10-10T07:30:00Z,Team Total (Aces) Home,7,"{'hdp': 4.5, 'over': '1.22'}"
75151600,2026-10-10,ATP,Shanghai,Bet365,Luciano Darderi,Stefanos Tsitsipas,aces,9.5,2.3700,,2026-10-09T15:22:28Z,2026-10-10T07:30:00Z,Team Total (Aces) Home,7,"{'hdp': 9.5, 'over': '2.37'}"
75151600,2026-10-10,ATP,Shanghai,Bet365,Luciano Darderi,Stefanos Tsitsipas,aces,14.5,6.0000,,2026-10-09T15:22:28Z,2026-10-10T07:30:00Z,Team Total (Aces) Home,7,"{'hdp': 14.5, 'over': '6.00'}"
75151600,2026-10-10,ATP,Shanghai,Bet365,Luciano Darderi,Stefanos Tsitsipas,aces,19.5,17.0000,,2026-10-09T15:22:28Z,2026-10-10T07:30:00Z,Team Total (Aces) Home,7,"{'hdp': 19.5, 'over': '17.00'}"
75151600,2026-10-10,ATP,Shanghai,Bet365,Luciano Darderi,Stefanos Tsitsipas,aces,24.5,26.0000,,2026-10-09T15:22:28Z,2026-10-10T07:30:00Z,Team Total (Aces) Home,7,"{'hdp': 24.5, 'over': '26.00'}"
75151600,2026-10-10,ATP,Shanghai,Bet365,Luciano Darderi,Stefanos Tsitsipas,double_faults,0.5,1.0200,,2026-10-09T15:22:28Z,2026-10-10T07:30:00Z,Team Total (Double Faults) Home,6,"{'hdp': 0.5, 'over': '1.02'}"
75151600,2026-10-10,ATP,Shanghai,Bet365,Luciano Darderi,Stefanos Tsitsipas,double_faults,1.5,1.1600,,2026-10-09T15:22:28Z,2026-10-10T07:30:00Z,Team Total (Double Faults) Home,6,"{'hdp': 1.5, 'over': '1.16'}"
75151600,2026-10-10,ATP,Shanghai,Bet365,Luciano Darderi,Stefanos Tsitsipas,double_faults,2.5,1.4400,,2026-10-09T15:22:28Z,2026-10-10T07:30:00Z,Team Total (Double Faults) Home,6,"{'hdp': 2.5, 'over': '1.44'}"
75151600,2026-10-10,ATP,Shanghai,Bet365,Luciano Darderi,Stefanos Tsitsipas,double_faults,4.5,3.2500,,2026-10-09T15:22:28Z,2026-10-10T07:30:00Z,Team Total (Double Faults) Home,6,"{'hdp': 4.5, 'over': '3.25'}"
75151600,2026-10-10,ATP,Shanghai,Bet365,Luciano Darderi,Stefanos Tsitsipas,double_faults,7.5,17.0000,,2026-10-09T15:22:28Z,2026-10-10T07:30:00Z,Team Total (Double Faults) Home,6,"{'hdp': 7.5, 'over': '17.00'}"
75151600,2026-10-10,ATP,Shanghai,Bet365,Luciano Darderi,Stefanos Tsitsipas,double_faults,9.5,26.0000,,2026-10-09T15:22:28Z,2026-10-10T07:30:00Z,Team Total (Double Faults) Home,6,"{'hdp': 9.5, 'over': '26.00'}"
75151600,2026-10-10,ATP,Shanghai,Bet365,Luciano Darderi,Stefanos Tsitsipas,match_aces,9.5,1.0400,,2026-10-09T15:22:28Z,2026-10-10T07:30:00Z,Totals (Aces),8,"{'hdp': 9.5, 'over': '1.04'}"
75151600,2026-10-10,ATP,Shanghai,Bet365,Luciano Darderi,Stefanos Tsitsipas,match_aces,14.5,1.2000,,2026-10-09T15:22:28Z,2026-10-10T07:30:00Z,Totals (Aces),8,"{'hdp': 14.5, 'over': '1.20'}"
75151600,2026-10-10,ATP,Shanghai,Bet365,Luciano Darderi,Stefanos Tsitsipas,match_aces,19.5,1.5700,,2026-10-09T15:22:28Z,2026-10-10T07:30:00Z,Totals (Aces),8,"{'hdp': 19.5, 'over': '1.57'}"
75151600,2026-10-10,ATP,Shanghai,Bet365,Luciano Darderi,Stefanos Tsitsipas,match_aces,24.5,2.2500,,2026-10-09T15:22:28Z,2026-10-10T07:30:00Z,Totals (Aces),8,"{'hdp': 24.5, 'over': '2.25'}"
75151600,2026-10-10,ATP,Shanghai,Bet365,Luciano Darderi,Stefanos Tsitsipas,match_aces,29.5,3.7500,,2026-10-09T15:22:28Z,2026-10-10T07:30:00Z,Totals (Aces),8,"{'hdp': 29.5, 'over': '3.75'}"
75151600,2026-10-10,ATP,Shanghai,Bet365,Luciano Darderi,Stefanos Tsitsipas,match_aces,39.5,13.0000,,2026-10-09T15:22:28Z,2026-10-10T07:30:00Z,Totals (Aces),8,"{'hdp': 39.5, 'over': '13.00'}"
75151600,2026-10-10,ATP,Shanghai,Bet365,Luciano Darderi,Stefanos Tsitsipas,match_aces,49.5,26.0000,,2026-10-09T15:22:28Z,2026-10-10T07:30:00Z,Totals (Aces),8,"{'hdp': 49.5, 'over': '26.00'}"
75151600,2026-10-10,ATP,Shanghai,Bet365,Stefanos Tsitsipas,Luciano Darderi,aces,4.5,1.0400,,2026-10-09T15:22:28Z,2026-10-10T07:30:00Z,Team Total (Aces) Away,9,"{'hdp': 4.5, 'over': '1.04'}"
75151600,2026-10-10,ATP,Shanghai,Bet365,Stefanos Tsitsipas,Luciano Darderi,aces,9.5,1.3600,,2026-10-09T15:22:28Z,2026-10-10T07:30:00Z,Team Total (Aces) Away,9,"{'hdp': 9.5, 'over': '1.36'}"
75151600,2026-10-10,ATP,Shanghai,Bet365,Stefanos Tsitsipas,Luciano Darderi,aces,14.5,2.2000,,2026-10-09T15:22:28Z,2026-10-10T07:30:00Z,Team Total (Aces) Away,9,"{'hdp': 14.5, 'over': '2.20'}"
75151600,2026-10-10,ATP,Shanghai,Bet365,Stefanos Tsitsipas,Luciano Darderi,aces,19.5,4.0000,,2026-10-09T15:22:28Z,2026-10-10T07:30:00Z,Team Total (Aces) Away,9,"{'hdp': 19.5, 'over': '4.00'}"
75151600,2026-10-10,ATP,Shanghai,Bet365,Stefanos Tsitsipas,Luciano Darderi,aces,24.5,8.0000,,2026-10-09T15:22:28Z,2026-10-10T07:30:00Z,Team Total (Aces) Away,9,"{'hdp': 24.5, 'over': '8.00'}"
75151600,2026-10-10,ATP,Shanghai,Bet365,Stefanos Tsitsipas,Luciano Darderi,aces,29.5,17.0000,,2026-10-09T15:22:28Z,2026-10-10T07:30:00Z,Team Total (Aces) Away,9,"{'hdp': 29.5, 'over': '17.00'}"
75151600,2026-10-10,ATP,Shanghai,Bet365,Stefanos Tsitsipas,Luciano Darderi,aces,39.5,26.0000,,2026-10-09T15:22:28Z,2026-10-10T07:30:00Z,Team Total (Aces) Away,9,"{'hdp': 39.5, 'over': '26.00'}"
75151600,2026-10-10,ATP,Shanghai,Bet365,Stefanos Tsitsipas,Luciano Darderi,double_faults,0.5,1.1200,,2026-10-09T15:22:28Z,2026-10-10T07:30:00Z,Team Total (Double Faults) Away,5,"{'hdp': 0.5, 'over': '1.12'}"
75151600,2026-10-10,ATP,Shanghai,Bet365,Stefanos Tsitsipas,Luciano Darderi,double_faults,1.5,1.5300,,2026-10-09T15:22:28Z,2026-10-10T07:30:00Z,Team Total (Double Faults) Away,5,"{'hdp': 1.5, 'over': '1.53'}"
75151600,2026-10-10,ATP,Shanghai,Bet365,Stefanos Tsitsipas,Luciano Darderi,double_faults,2.5,2.5000,,2026-10-09T15:22:28Z,2026-10-10T07:30:00Z,Team Total (Double Faults) Away,5,"{'hdp': 2.5, 'over': '2.50'}"
75151600,2026-10-10,ATP,Shanghai,Bet365,Stefanos Tsitsipas,Luciano Darderi,double_faults,4.5,8.0000,,2026-10-09T15:22:28Z,2026-10-10T07:30:00Z,Team Total (Double Faults) Away,5,"{'hdp': 4.5, 'over': '8.00'}"
75151600,2026-10-10,ATP,Shanghai,Bet365,Stefanos Tsitsipas,Luciano Darderi,double_faults,7.5,26.0000,,2026-10-09T15:22:28Z,2026-10-10T07:30:00Z,Team Total (Double Faults) Away,5,"{'hdp': 7.5, 'over': '26.00'}"
75151600,2026-10-10,ATP,Shanghai,Bet365,Luciano Darderi,Stefanos Tsitsipas,match_double_faults,1.5,1.0200,,2026-10-09T15:22:28Z,2026-10-10T07:30:00Z,Totals (Double Faults),8,"{'hdp': 1.5, 'over': '1.02'}"
75151600,2026-10-10,ATP,Shanghai,Bet365,Luciano Darderi,Stefanos Tsitsipas,match_double_faults,2.5,1.0800,,2026-10-09T15:22:28Z,2026-10-10T07:30:00Z,Totals (Double Faults),8,"{'hdp': 2.5, 'over': '1.08'}"
75151600,2026-10-10,ATP,Shanghai,Bet365,Luciano Darderi,Stefanos Tsitsipas,match_double_faults,4.5,1.5000,,2026-10-09T15:22:28Z,2026-10-10T07:30:00Z,Totals (Double Faults),8,"{'hdp': 4.5, 'over': '1.50'}"
75151600,2026-10-10,ATP,Shanghai,Bet365,Luciano Darderi,Stefanos Tsitsipas,match_double_faults,7.5,3.7500,,2026-10-09T15:22:28Z,2026-10-10T07:30:00Z,Totals (Double Faults),8,"{'hdp': 7.5, 'over': '3.75'}"
75151600,2026-10-10,ATP,Shanghai,Bet365,Luciano Darderi,Stefanos Tsitsipas,match_double_faults,9.5,9.0000,,2026-10-09T15:22:28Z,2026-10-10T07:30:00Z,Totals (Double Faults),8,"{'hdp': 9.5, 'over': '9.00'}"
75151600,2026-10-10,ATP,Shanghai,Bet365,Luciano Darderi,Stefanos Tsitsipas,match_double_faults,11.5,21.0000,,2026-10-09T15:22:28Z,2026-10-10T07:30:00Z,Totals (Double Faults),8,"{'hdp': 11.5, 'over': '21.00'}"
75151600,2026-10-10,ATP,Shanghai,Bet365,Luciano Darderi,Stefanos Tsitsipas,match_double_faults,14.5,26.0000,,2026-10-09T15:22:28Z,2026-10-10T07:30:00Z,Totals (Double Faults),8,"{'hdp': 14.5, 'over': '26.00'}"
75151586,2026-10-10,ATP,Shanghai,Bet365,Valentin Vacherot,Sebastian Baez,double_faults,0.5,1.0600,,2026-10-09T15:22:28Z,2026-10-10T11:10:00Z,Team Total (Double Faults) Away,6,"{'hdp': 0.5, 'over': '1.06'}"
75151586,2026-10-10,ATP,Shanghai,Bet365,Valentin Vacherot,Sebastian Baez,double_faults,1.5,1.2800,,2026-10-09T15:22:28Z,2026-10-10T11:10:00Z,Team Total (Double Faults) Away,6,"{'hdp': 1.5, 'over': '1.28'}"
75151586,2026-10-10,ATP,Shanghai,Bet365,Valentin Vacherot,Sebastian Baez,double_faults,2.5,1.6600,,2026-10-09T15:22:28Z,2026-10-10T11:10:00Z,Team Total (Double Faults) Away,6,"{'hdp': 2.5, 'over': '1.66'}"
75151586,2026-10-10,ATP,Shanghai,Bet365,Valentin Vacherot,Sebastian Baez,double_faults,4.5,3.7500,,2026-10-09T15:22:28Z,2026-10-10T11:10:00Z,Team Total (Double Faults) Away,6,"{'hdp': 4.5, 'over': '3.75'}"
75151586,2026-10-10,ATP,Shanghai,Bet365,Valentin Vacherot,Sebastian Baez,double_faults,7.5,19.0000,,2026-10-09T15:22:28Z,2026-10-10T11:10:00Z,Team Total (Double Faults) Away,6,"{'hdp': 7.5, 'over': '19.00'}"
75151586,2026-10-10,ATP,Shanghai,Bet365,Valentin Vacherot,Sebastian Baez,double_faults,9.5,26.0000,,2026-10-09T15:22:28Z,2026-10-10T11:10:00Z,Team Total (Double Faults) Away,6,"{'hdp': 9.5, 'over': '26.00'}"
75151586,2026-10-10,ATP,Shanghai,Bet365,Sebastian Baez,Valentin Vacherot,double_faults,0.5,1.2000,,2026-10-09T15:22:28Z,2026-10-10T11:10:00Z,Team Total (Double Faults) Home,5,"{'hdp': 0.5, 'over': '1.20'}"
75151586,2026-10-10,ATP,Shanghai,Bet365,Sebastian Baez,Valentin Vacherot,double_faults,1.5,1.8300,,2026-10-09T15:22:28Z,2026-10-10T11:10:00Z,Team Total (Double Faults) Home,5,"{'hdp': 1.5, 'over': '1.83'}"
75151586,2026-10-10,ATP,Shanghai,Bet365,Sebastian Baez,Valentin Vacherot,double_faults,2.5,3.5000,,2026-10-09T15:22:28Z,2026-10-10T11:10:00Z,Team Total (Double Faults) Home,5,"{'hdp': 2.5, 'over': '3.50'}"
75151586,2026-10-10,ATP,Shanghai,Bet365,Sebastian Baez,Valentin Vacherot,double_faults,4.5,19.0000,,2026-10-09T15:22:28Z,2026-10-10T11:10:00Z,Team Total (Double Faults) Home,5,"{'hdp': 4.5, 'over': '19.00'}"
75151586,2026-10-10,ATP,Shanghai,Bet365,Sebastian Baez,Valentin Vacherot,double_faults,7.5,26.0000,,2026-10-09T15:22:28Z,2026-10-10T11:10:00Z,Team Total (Double Faults) Home,5,"{'hdp': 7.5, 'over': '26.00'}"
75151586,2026-10-10,ATP,Shanghai,Bet365,Valentin Vacherot,Sebastian Baez,aces,2.5,1.0200,,2026-10-09T15:22:28Z,2026-10-10T11:10:00Z,Team Total (Aces) Away,7,"{'hdp': 2.5, 'over': '1.02'}"
75151586,2026-10-10,ATP,Shanghai,Bet365,Valentin Vacherot,Sebastian Baez,aces,4.5,1.1100,,2026-10-09T15:22:28Z,2026-10-10T11:10:00Z,Team Total (Aces) Away,7,"{'hdp': 4.5, 'over': '1.11'}"
75151586,2026-10-10,ATP,Shanghai,Bet365,Valentin Vacherot,Sebastian Baez,aces,9.5,1.8300,,2026-10-09T15:22:28Z,2026-10-10T11:10:00Z,Team Total (Aces) Away,7,"{'hdp': 9.5, 'over': '1.83'}"
75151586,2026-10-10,ATP,Shanghai,Bet365,Valentin Vacherot,Sebastian Baez,aces,14.5,4.3300,,2026-10-09T15:22:28Z,2026-10-10T11:10:00Z,Team Total (Aces) Away,7,"{'hdp': 14.5, 'over': '4.33'}"
75151586,2026-10-10,ATP,Shanghai,Bet365,Valentin Vacherot,Sebastian Baez,aces,19.5,11.0000,,2026-10-09T15:22:28Z,2026-10-10T11:10:00Z,Team Total (Aces) Away,7,"{'hdp': 19.5, 'over': '11.00'}"
75151586,2026-10-10,ATP,Shanghai,Bet365,Valentin Vacherot,Sebastian Baez,aces,24.5,26.0000,,2026-10-09T15:22:28Z,2026-10-10T11:10:00Z,Team Total (Aces) Away,7,"{'hdp': 24.5, 'over': '26.00'}"
75151586,2026-10-10,ATP,Shanghai,Bet365,Sebastian Baez,Valentin Vacherot,match_aces,4.5,1.0300,,2026-10-09T15:22:28Z,2026-10-10T11:10:00Z,Totals (Aces),8,"{'hdp': 4.5, 'over': '1.03'}"
75151586,2026-10-10,ATP,Shanghai,Bet365,Sebastian Baez,Valentin Vacherot,match_aces,9.5,1.3000,,2026-10-09T15:22:28Z,2026-10-10T11:10:00Z,Totals (Aces),8,"{'hdp': 9.5, 'over': '1.30'}"
75151586,2026-10-10,ATP,Shanghai,Bet365,Sebastian Baez,Valentin Vacherot,match_aces,14.5,2.1000,,2026-10-09T15:22:28Z,2026-10-10T11:10:00Z,Totals (Aces),8,"{'hdp': 14.5, 'over': '2.10'}"
75151586,2026-10-10,ATP,Shanghai,Bet365,Sebastian Baez,Valentin Vacherot,match_aces,19.5,4.3300,,2026-10-09T15:22:28Z,2026-10-10T11:10:00Z,Totals (Aces),8,"{'hdp': 19.5, 'over': '4.33'}"
75151586,2026-10-10,ATP,Shanghai,Bet365,Sebastian Baez,Valentin Vacherot,match_aces,24.5,10.0000,,2026-10-09T15:22:28Z,2026-10-10T11:10:00Z,Totals (Aces),8,"{'hdp': 24.5, 'over': '10.00'}"
75151586,2026-10-10,ATP,Shanghai,Bet365,Sebastian Baez,Valentin Vacherot,match_aces,29.5,21.0000,,2026-10-09T15:22:28Z,2026-10-10T11:10:00Z,Totals (Aces),8,"{'hdp': 29.5, 'over': '21.00'}"
75151586,2026-10-10,ATP,Shanghai,Bet365,Sebastian Baez,Valentin Vacherot,match_aces,39.5,26.0000,,2026-10-09T15:22:28Z,2026-10-10T11:10:00Z,Totals (Aces),8,"{'hdp': 39.5, 'over': '26.00'}"
75151586,2026-10-10,ATP,Shanghai,Bet365,Sebastian Baez,Valentin Vacherot,match_double_faults,1.5,1.0600,,2026-10-09T15:22:28Z,2026-10-10T11:10:00Z,Totals (Double Faults),7,"{'hdp': 1.5, 'over': '1.06'}"
75151586,2026-10-10,ATP,Shanghai,Bet365,Sebastian Baez,Valentin Vacherot,match_double_faults,2.5,1.1800,,2026-10-09T15:22:28Z,2026-10-10T11:10:00Z,Totals (Double Faults),7,"{'hdp': 2.5, 'over': '1.18'}"
75151586,2026-10-10,ATP,Shanghai,Bet365,Sebastian Baez,Valentin Vacherot,match_double_faults,4.5,1.8300,,2026-10-09T15:22:28Z,2026-10-10T11:10:00Z,Totals (Double Faults),7,"{'hdp': 4.5, 'over': '1.83'}"
75151586,2026-10-10,ATP,Shanghai,Bet365,Sebastian Baez,Valentin Vacherot,match_double_faults,7.5,6.0000,,2026-10-09T15:22:28Z,2026-10-10T11:10:00Z,Totals (Double Faults),7,"{'hdp': 7.5, 'over': '6.00'}"
75151586,2026-10-10,ATP,Shanghai,Bet365,Sebastian Baez,Valentin Vacherot,match_double_faults,9.5,15.0000,,2026-10-09T15:22:28Z,2026-10-10T11:10:00Z,Totals (Double Faults),7,"{'hdp': 9.5, 'over': '15.00'}"
75151586,2026-10-10,ATP,Shanghai,Bet365,Sebastian Baez,Valentin Vacherot,match_double_faults,11.5,26.0000,,2026-10-09T15:22:28Z,2026-10-10T11:10:00Z,Totals (Double Faults),7,"{'hdp': 11.5, 'over': '26.00'}"
75151586,2026-10-10,ATP,Shanghai,Bet365,Sebastian Baez,Valentin Vacherot,aces,0.5,1.0400,,2026-10-09T15:22:28Z,2026-10-10T11:10:00Z,Team Total (Aces) Home,5,"{'hdp': 0.5, 'over': '1.04'}"
75151586,2026-10-10,ATP,Shanghai,Bet365,Sebastian Baez,Valentin Vacherot,aces,2.5,1.4400,,2026-10-09T15:22:28Z,2026-10-10T11:10:00Z,Team Total (Aces) Home,5,"{'hdp': 2.5, 'over': '1.44'}"
75151586,2026-10-10,ATP,Shanghai,Bet365,Sebastian Baez,Valentin Vacherot,aces,4.5,2.6200,,2026-10-09T15:22:28Z,2026-10-10T11:10:00Z,Team Total (Aces) Home,5,"{'hdp': 4.5, 'over': '2.62'}"
75151586,2026-10-10,ATP,Shanghai,Bet365,Sebastian Baez,Valentin Vacherot,aces,9.5,17.0000,,2026-10-09T15:22:28Z,2026-10-10T11:10:00Z,Team Total (Aces) Home,5,"{'hdp': 9.5, 'over': '17.00'}"
75151586,2026-10-10,ATP,Shanghai,Bet365,Sebastian Baez,Valentin Vacherot,aces,14.5,26.0000,,2026-10-09T15:22:28Z,2026-10-10T11:10:00Z,Team Total (Aces) Home,5,"{'hdp': 14.5, 'over': '26.00'}"
75413688,2026-10-10,ATP,Shanghai,Bet365,Botic Van de Zandschulp,Alex Michelsen,match_aces,4.5,1.0400,,2026-10-09T15:22:28Z,2026-10-10T09:00:00Z,Totals (Aces),8,"{'hdp': 4.5, 'over': '1.04'}"
75413688,2026-10-10,ATP,Shanghai,Bet365,Botic Van de Zandschulp,Alex Michelsen,match_aces,9.5,1.4400,,2026-10-09T15:22:28Z,2026-10-10T09:00:00Z,Totals (Aces),8,"{'hdp': 9.5, 'over': '1.44'}"
75413688,2026-10-10,ATP,Shanghai,Bet365,Botic Van de Zandschulp,Alex Michelsen,match_aces,14.5,2.6200,,2026-10-09T15:22:28Z,2026-10-10T09:00:00Z,Totals (Aces),8,"{'hdp': 14.5, 'over': '2.62'}"
75413688,2026-10-10,ATP,Shanghai,Bet365,Botic Van de Zandschulp,Alex Michelsen,match_aces,19.5,5.5000,,2026-10-09T15:22:28Z,2026-10-10T09:00:00Z,Totals (Aces),8,"{'hdp': 19.5, 'over': '5.50'}"
75413688,2026-10-10,ATP,Shanghai,Bet365,Botic Van de Zandschulp,Alex Michelsen,match_aces,24.5,13.0000,,2026-10-09T15:22:28Z,2026-10-10T09:00:00Z,Totals (Aces),8,"{'hdp': 24.5, 'over': '13.00'}"
75413688,2026-10-10,ATP,Shanghai,Bet365,Botic Van de Zandschulp,Alex Michelsen,match_aces,29.5,26.0000,,2026-10-09T15:22:28Z,2026-10-10T09:00:00Z,Totals (Aces),8,"{'hdp': 29.5, 'over': '26.00'}"
75413688,2026-10-10,ATP,Shanghai,Bet365,Alex Michelsen,Botic Van de Zandschulp,aces,2.5,1.1400,,2026-10-09T15:22:28Z,2026-10-10T09:00:00Z,Team Total (Aces) Away,5,"{'hdp': 2.5, 'over': '1.14'}"
75413688,2026-10-10,ATP,Shanghai,Bet365,Alex Michelsen,Botic Van de Zandschulp,aces,4.5,1.5700,,2026-10-09T15:22:28Z,2026-10-10T09:00:00Z,Team Total (Aces) Away,5,"{'hdp': 4.5, 'over': '1.57'}"
75413688,2026-10-10,ATP,Shanghai,Bet365,Alex Michelsen,Botic Van de Zandschulp,aces,9.5,6.5000,,2026-10-09T15:22:28Z,2026-10-10T09:00:00Z,Team Total (Aces) Away,5,"{'hdp': 9.5, 'over': '6.50'}"
75413688,2026-10-10,ATP,Shanghai,Bet365,Alex Michelsen,Botic Van de Zandschulp,aces,14.5,26.0000,,2026-10-09T15:22:28Z,2026-10-10T09:00:00Z,Team Total (Aces) Away,5,"{'hdp': 14.5, 'over': '26.00'}"
75413688,2026-10-10,ATP,Shanghai,Bet365,Botic Van de Zandschulp,Alex Michelsen,aces,2.5,1.1000,,2026-10-09T15:22:28Z,2026-10-10T09:00:00Z,Team Total (Aces) Home,6,"{'hdp': 2.5, 'over': '1.10'}"
75413688,2026-10-10,ATP,Shanghai,Bet365,Botic Van de Zandschulp,Alex Michelsen,aces,4.5,1.3600,,2026-10-09T15:22:28Z,2026-10-10T09:00:00Z,Team Total (Aces) Home,6,"{'hdp': 4.5, 'over': '1.36'}"
75413688,2026-10-10,ATP,Shanghai,Bet365,Botic Van de Zandschulp,Alex Michelsen,aces,9.5,3.5000,,2026-10-09T15:22:28Z,2026-10-10T09:00:00Z,Team Total (Aces) Home,6,"{'hdp': 9.5, 'over': '3.50'}"
75413688,2026-10-10,ATP,Shanghai,Bet365,Botic Van de Zandschulp,Alex Michelsen,aces,14.5,13.0000,,2026-10-09T15:22:28Z,2026-10-10T09:00:00Z,Team Total (Aces) Home,6,"{'hdp': 14.5, 'over': '13.00'}"
75413688,2026-10-10,ATP,Shanghai,Bet365,Botic Van de Zandschulp,Alex Michelsen,aces,19.5,26.0000,,2026-10-09T15:22:28Z,2026-10-10T09:00:00Z,Team Total (Aces) Home,6,"{'hdp': 19.5, 'over': '26.00'}"
75439272,2026-10-11,ATP,Shanghai,Bet365,Quentin Halys,Alexander Zverev,aces,2.5,1.0200,,2026-10-09T15:22:28Z,2026-10-11T04:00:00Z,Team Total (Aces) Away,9,"{'hdp': 2.5, 'over': '1.02'}"
75439272,2026-10-11,ATP,Shanghai,Bet365,Quentin Halys,Alexander Zverev,aces,4.5,1.0800,,2026-10-09T15:22:28Z,2026-10-11T04:00:00Z,Team Total (Aces) Away,9,"{'hdp': 4.5, 'over': '1.08'}"
75439272,2026-10-11,ATP,Shanghai,Bet365,Quentin Halys,Alexander Zverev,aces,9.5,1.5300,,2026-10-09T15:22:28Z,2026-10-11T04:00:00Z,Team Total (Aces) Away,9,"{'hdp': 9.5, 'over': '1.53'}"
75439272,2026-10-11,ATP,Shanghai,Bet365,Quentin Halys,Alexander Zverev,aces,14.5,2.6200,,2026-10-09T15:22:28Z,2026-10-11T04:00:00Z,Team Total (Aces) Away,9,"{'hdp': 14.5, 'over': '2.62'}"
75439272,2026-10-11,ATP,Shanghai,Bet365,Quentin Halys,Alexander Zverev,aces,19.5,5.0000,,2026-10-09T15:22:28Z,2026-10-11T04:00:00Z,Team Total (Aces) Away,9,"{'hdp': 19.5, 'over': '5.00'}"
75439272,2026-10-11,ATP,Shanghai,Bet365,Quentin Halys,Alexander Zverev,aces,24.5,10.0000,,2026-10-09T15:22:28Z,2026-10-11T04:00:00Z,Team Total (Aces) Away,9,"{'hdp': 24.5, 'over': '10.00'}"
75439272,2026-10-11,ATP,Shanghai,Bet365,Quentin Halys,Alexander Zverev,aces,29.5,19.0000,,2026-10-09T15:22:28Z,2026-10-11T04:00:00Z,Team Total (Aces) Away,9,"{'hdp': 29.5, 'over': '19.00'}"
75439272,2026-10-11,ATP,Shanghai,Bet365,Quentin Halys,Alexander Zverev,aces,39.5,26.0000,,2026-10-09T15:22:28Z,2026-10-11T04:00:00Z,Team Total (Aces) Away,9,"{'hdp': 39.5, 'over': '26.00'}"
75439272,2026-10-11,ATP,Shanghai,Bet365,Alexander Zverev,Quentin Halys,aces,2.5,1.0100,,2026-10-09T15:22:28Z,2026-10-11T04:00:00Z,Team Total (Aces) Home,8,"{'hdp': 2.5, 'over': '1.01'}"
75439272,2026-10-11,ATP,Shanghai,Bet365,Alexander Zverev,Quentin Halys,aces,4.5,1.0600,,2026-10-09T15:22:28Z,2026-10-11T04:00:00Z,Team Total (Aces) Home,8,"{'hdp': 4.5, 'over': '1.06'}"
75439272,2026-10-11,ATP,Shanghai,Bet365,Alexander Zverev,Quentin Halys,aces,9.5,1.5300,,2026-10-09T15:22:28Z,2026-10-11T04:00:00Z,Team Total (Aces) Home,8,"{'hdp': 9.5, 'over': '1.53'}"
75439272,2026-10-11,ATP,Shanghai,Bet365,Alexander Zverev,Quentin Halys,aces,14.5,2.7500,,2026-10-09T15:22:28Z,2026-10-11T04:00:00Z,Team Total (Aces) Home,8,"{'hdp': 14.5, 'over': '2.75'}"
75439272,2026-10-11,ATP,Shanghai,Bet365,Alexander Zverev,Quentin Halys,aces,19.5,6.0000,,2026-10-09T15:22:28Z,2026-10-11T04:00:00Z,Team Total (Aces) Home,8,"{'hdp': 19.5, 'over': '6.00'}"
75439272,2026-10-11,ATP,Shanghai,Bet365,Alexander Zverev,Quentin Halys,aces,24.5,15.0000,,2026-10-09T15:22:28Z,2026-10-11T04:00:00Z,Team Total (Aces) Home,8,"{'hdp': 24.5, 'over': '15.00'}"
75439272,2026-10-11,ATP,Shanghai,Bet365,Alexander Zverev,Quentin Halys,aces,29.5,26.0000,,2026-10-09T15:22:28Z,2026-10-11T04:00:00Z,Team Total (Aces) Home,8,"{'hdp': 29.5, 'over': '26.00'}"
75439272,2026-10-11,ATP,Shanghai,Bet365,Alexander Zverev,Quentin Halys,double_faults,0.5,1.4400,,2026-10-09T15:22:28Z,2026-10-11T04:00:00Z,Team Total (Double Faults) Home,4,"{'hdp': 0.5, 'over': '1.44'}"
75439272,2026-10-11,ATP,Shanghai,Bet365,Alexander Zverev,Quentin Halys,double_faults,1.5,3.0000,,2026-10-09T15:22:28Z,2026-10-11T04:00:00Z,Team Total (Double Faults) Home,4,"{'hdp': 1.5, 'over': '3.00'}"
75439272,2026-10-11,ATP,Shanghai,Bet365,Alexander Zverev,Quentin Halys,double_faults,2.5,7.0000,,2026-10-09T15:22:28Z,2026-10-11T04:00:00Z,Team Total (Double Faults) Home,4,"{'hdp': 2.5, 'over': '7.00'}"
75439272,2026-10-11,ATP,Shanghai,Bet365,Alexander Zverev,Quentin Halys,double_faults,4.5,26.0000,,2026-10-09T15:22:28Z,2026-10-11T04:00:00Z,Team Total (Double Faults) Home,4,"{'hdp': 4.5, 'over': '26.00'}"
75439272,2026-10-11,ATP,Shanghai,Bet365,Alexander Zverev,Quentin Halys,match_aces,9.5,1.0200,,2026-10-09T15:22:28Z,2026-10-11T04:00:00Z,Totals (Aces),8,"{'hdp': 9.5, 'over': '1.02'}"
75439272,2026-10-11,ATP,Shanghai,Bet365,Alexander Zverev,Quentin Halys,match_aces,14.5,1.1200,,2026-10-09T15:22:28Z,2026-10-11T04:00:00Z,Totals (Aces),8,"{'hdp': 14.5, 'over': '1.12'}"
75439272,2026-10-11,ATP,Shanghai,Bet365,Alexander Zverev,Quentin Halys,match_aces,19.5,1.4000,,2026-10-09T15:22:28Z,2026-10-11T04:00:00Z,Totals (Aces),8,"{'hdp': 19.5, 'over': '1.40'}"
75439272,2026-10-11,ATP,Shanghai,Bet365,Alexander Zverev,Quentin Halys,match_aces,24.5,1.9000,,2026-10-09T15:22:28Z,2026-10-11T04:00:00Z,Totals (Aces),8,"{'hdp': 24.5, 'over': '1.90'}"
75439272,2026-10-11,ATP,Shanghai,Bet365,Alexander Zverev,Quentin Halys,match_aces,29.5,3.0000,,2026-10-09T15:22:28Z,2026-10-11T04:00:00Z,Totals (Aces),8,"{'hdp': 29.5, 'over': '3.00'}"
75439272,2026-10-11,ATP,Shanghai,Bet365,Alexander Zverev,Quentin Halys,match_aces,39.5,8.0000,,2026-10-09T15:22:28Z,2026-10-11T04:00:00Z,Totals (Aces),8,"{'hdp': 39.5, 'over': '8.00'}"
75439272,2026-10-11,ATP,Shanghai,Bet365,Alexander Zverev,Quentin Halys,match_aces,49.5,23.0000,,2026-10-09T15:22:28Z,2026-10-11T04:00:00Z,Totals (Aces),8,"{'hdp': 49.5, 'over': '23.00'}"
75439272,2026-10-11,ATP,Shanghai,Bet365,Alexander Zverev,Quentin Halys,match_double_faults,1.5,1.0500,,2026-10-09T15:22:28Z,2026-10-11T04:00:00Z,Totals (Double Faults),7,"{'hdp': 1.5, 'over': '1.05'}"
75439272,2026-10-11,ATP,Shanghai,Bet365,Alexander Zverev,Quentin Halys,match_double_faults,2.5,1.1600,,2026-10-09T15:22:28Z,2026-10-11T04:00:00Z,Totals (Double Faults),7,"{'hdp': 2.5, 'over': '1.16'}"
75439272,2026-10-11,ATP,Shanghai,Bet365,Alexander Zverev,Quentin Halys,match_double_faults,4.5,1.8300,,2026-10-09T15:22:28Z,2026-10-11T04:00:00Z,Totals (Double Faults),7,"{'hdp': 4.5, 'over': '1.83'}"
75439272,2026-10-11,ATP,Shanghai,Bet365,Alexander Zverev,Quentin Halys,match_double_faults,7.5,7.0000,,2026-10-09T15:22:28Z,2026-10-11T04:00:00Z,Totals (Double Faults),7,"{'hdp': 7.5, 'over': '7.00'}"
75439272,2026-10-11,ATP,Shanghai,Bet365,Alexander Zverev,Quentin Halys,match_double_faults,9.5,19.0000,,2026-10-09T15:22:28Z,2026-10-11T04:00:00Z,Totals (Double Faults),7,"{'hdp': 9.5, 'over': '19.00'}"
75439272,2026-10-11,ATP,Shanghai,Bet365,Alexander Zverev,Quentin Halys,match_double_faults,11.5,26.0000,,2026-10-09T15:22:28Z,2026-10-11T04:00:00Z,Totals (Double Faults),7,"{'hdp': 11.5, 'over': '26.00'}"
75439272,2026-10-11,ATP,Shanghai,Bet365,Quentin Halys,Alexander Zverev,double_faults,0.5,1.0200,,2026-10-09T15:22:28Z,2026-10-11T04:00:00Z,Team Total (Double Faults) Away,6,"{'hdp': 0.5, 'over': '1.02'}"
75439272,2026-10-11,ATP,Shanghai,Bet365,Quentin Halys,Alexander Zverev,double_faults,1.5,1.1400,,2026-10-09T15:22:28Z,2026-10-11T04:00:00Z,Team Total (Double Faults) Away,6,"{'hdp': 1.5, 'over': '1.14'}"
75439272,2026-10-11,ATP,Shanghai,Bet365,Quentin Halys,Alexander Zverev,double_faults,2.5,1.4000,,2026-10-09T15:22:28Z,2026-10-11T04:00:00Z,Team Total (Double Faults) Away,6,"{'hdp': 2.5, 'over': '1.40'}"
75439272,2026-10-11,ATP,Shanghai,Bet365,Quentin Halys,Alexander Zverev,double_faults,4.5,3.2500,,2026-10-09T15:22:28Z,2026-10-11T04:00:00Z,Team Total (Double Faults) Away,6,"{'hdp': 4.5, 'over': '3.25'}"
75439272,2026-10-11,ATP,Shanghai,Bet365,Quentin Halys,Alexander Zverev,double_faults,7.5,17.0000,,2026-10-09T15:22:28Z,2026-10-11T04:00:00Z,Team Total (Double Faults) Away,6,"{'hdp': 7.5, 'over': '17.00'}"
75439272,2026-10-11,ATP,Shanghai,Bet365,Quentin Halys,Alexander Zverev,double_faults,9.5,26.0000,,2026-10-09T15:22:28Z,2026-10-11T04:00:00Z,Team Total (Double Faults) Away,6,"{'hdp': 9.5, 'over': '26.00'}"
75151594,2026-10-10,ATP,Shanghai,Bet365,Juan Manuel Cerundolo,Carlos Alcaraz,match_double_faults,0.5,1.0100,,2026-10-09T15:22:28Z,2026-10-10T10:00:00Z,Totals (Double Faults),6,"{'hdp': 0.5, 'over': '1.01'}"
75151594,2026-10-10,ATP,Shanghai,Bet365,Juan Manuel Cerundolo,Carlos Alcaraz,match_double_faults,1.5,1.1000,,2026-10-09T15:22:28Z,2026-10-10T10:00:00Z,Totals (Double Faults),6,"{'hdp': 1.5, 'over': '1.10'}"
75151594,2026-10-10,ATP,Shanghai,Bet365,Juan Manuel Cerundolo,Carlos Alcaraz,match_double_faults,2.5,1.3000,,2026-10-09T15:22:28Z,2026-10-10T10:00:00Z,Totals (Double Faults),6,"{'hdp': 2.5, 'over': '1.30'}"
75151594,2026-10-10,ATP,Shanghai,Bet365,Juan Manuel Cerundolo,Carlos Alcaraz,match_double_faults,4.5,2.5000,,2026-10-09T15:22:28Z,2026-10-10T10:00:00Z,Totals (Double Faults),6,"{'hdp': 4.5, 'over': '2.50'}"
75151594,2026-10-10,ATP,Shanghai,Bet365,Juan Manuel Cerundolo,Carlos Alcaraz,match_double_faults,7.5,11.0000,,2026-10-09T15:22:28Z,2026-10-10T10:00:00Z,Totals (Double Faults),6,"{'hdp': 7.5, 'over': '11.00'}"
75151594,2026-10-10,ATP,Shanghai,Bet365,Juan Manuel Cerundolo,Carlos Alcaraz,match_double_faults,9.5,26.0000,,2026-10-09T15:22:28Z,2026-10-10T10:00:00Z,Totals (Double Faults),6,"{'hdp': 9.5, 'over': '26.00'}"
75151594,2026-10-10,ATP,Shanghai,Bet365,Carlos Alcaraz,Juan Manuel Cerundolo,double_faults,0.5,1.2200,,2026-10-09T15:22:28Z,2026-10-10T10:00:00Z,Team Total (Double Faults) Away,5,"{'hdp': 0.5, 'over': '1.22'}"
75151594,2026-10-10,ATP,Shanghai,Bet365,Carlos Alcaraz,Juan Manuel Cerundolo,double_faults,1.5,1.8300,,2026-10-09T15:22:28Z,2026-10-10T10:00:00Z,Team Total (Double Faults) Away,5,"{'hdp': 1.5, 'over': '1.83'}"
75151594,2026-10-10,ATP,Shanghai,Bet365,Carlos Alcaraz,Juan Manuel Cerundolo,double_faults,2.5,3.5000,,2026-10-09T15:22:28Z,2026-10-10T10:00:00Z,Team Total (Double Faults) Away,5,"{'hdp': 2.5, 'over': '3.50'}"
75151594,2026-10-10,ATP,Shanghai,Bet365,Carlos Alcaraz,Juan Manuel Cerundolo,double_faults,4.5,15.0000,,2026-10-09T15:22:28Z,2026-10-10T10:00:00Z,Team Total (Double Faults) Away,5,"{'hdp': 4.5, 'over': '15.00'}"
75151594,2026-10-10,ATP,Shanghai,Bet365,Carlos Alcaraz,Juan Manuel Cerundolo,double_faults,7.5,26.0000,,2026-10-09T15:22:28Z,2026-10-10T10:00:00Z,Team Total (Double Faults) Away,5,"{'hdp': 7.5, 'over': '26.00'}"
75151594,2026-10-10,ATP,Shanghai,Bet365,Juan Manuel Cerundolo,Carlos Alcaraz,double_faults,0.5,1.1000,,2026-10-09T15:22:28Z,2026-10-10T10:00:00Z,Team Total (Double Faults) Home,5,"{'hdp': 0.5, 'over': '1.10'}"
75151594,2026-10-10,ATP,Shanghai,Bet365,Juan Manuel Cerundolo,Carlos Alcaraz,double_faults,1.5,1.4400,,2026-10-09T15:22:28Z,2026-10-10T10:00:00Z,Team Total (Double Faults) Home,5,"{'hdp': 1.5, 'over': '1.44'}"
75151594,2026-10-10,ATP,Shanghai,Bet365,Juan Manuel Cerundolo,Carlos Alcaraz,double_faults,2.5,2.3700,,2026-10-09T15:22:28Z,2026-10-10T10:00:00Z,Team Total (Double Faults) Home,5,"{'hdp': 2.5, 'over': '2.37'}"
75151594,2026-10-10,ATP,Shanghai,Bet365,Juan Manuel Cerundolo,Carlos Alcaraz,double_faults,4.5,10.0000,,2026-10-09T15:22:28Z,2026-10-10T10:00:00Z,Team Total (Double Faults) Home,5,"{'hdp': 4.5, 'over': '10.00'}"
75151594,2026-10-10,ATP,Shanghai,Bet365,Juan Manuel Cerundolo,Carlos Alcaraz,double_faults,7.5,26.0000,,2026-10-09T15:22:28Z,2026-10-10T10:00:00Z,Team Total (Double Faults) Home,5,"{'hdp': 7.5, 'over': '26.00'}"
