event_id,date,tour,tournament,bookmaker,player,opponent,market,line,over_odds,under_odds,capture_ts,match_start_utc,raw_market_name,raw_outcome_count,raw_label_sample
72827282,2026-07-22,ATP,Estoril,Bet365,Titouan Droguet,Hugo Gaston,double_faults,7.5,26.0000,,2026-07-22T10:35:37Z,2026-07-22T11:00:00Z,Team Total (Double Faults) Away,5,"{'hdp': 7.5, 'over': '26.00'}"
72827282,2026-07-22,ATP,Estoril,Bet365,Titouan Droguet,Hugo Gaston,double_faults,0.5,1.1400,,2026-07-22T10:35:37Z,2026-07-22T11:00:00Z,Team Total (Double Faults) Away,5,"{'hdp': 0.5, 'over': '1.14'}"
72827282,2026-07-22,ATP,Estoril,Bet365,Titouan Droguet,Hugo Gaston,double_faults,1.5,1.6100,,2026-07-22T10:35:37Z,2026-07-22T11:00:00Z,Team Total (Double Faults) Away,5,"{'hdp': 1.5, 'over': '1.61'}"
72827282,2026-07-22,ATP,Estoril,Bet365,Titouan Droguet,Hugo Gaston,double_faults,2.5,2.6200,,2026-07-22T10:35:37Z,2026-07-22T11:00:00Z,Team Total (Double Faults) Away,5,"{'hdp': 2.5, 'over': '2.62'}"
72827282,2026-07-22,ATP,Estoril,Bet365,Titouan Droguet,Hugo Gaston,double_faults,4.5,10.0000,,2026-07-22T10:35:37Z,2026-07-22T11:00:00Z,Team Total (Double Faults) Away,5,"{'hdp': 4.5, 'over': '10.00'}"
72827282,2026-07-22,ATP,Estoril,Bet365,Hugo Gaston,Titouan Droguet,match_double_faults,1.5,1.0500,,2026-07-22T10:35:37Z,2026-07-22T11:00:00Z,Totals (Double Faults),7,"{'hdp': 1.5, 'over': '1.05'}"
72827282,2026-07-22,ATP,Estoril,Bet365,Hugo Gaston,Titouan Droguet,match_double_faults,2.5,1.1800,,2026-07-22T10:35:37Z,2026-07-22T11:00:00Z,Totals (Double Faults),7,"{'hdp': 2.5, 'over': '1.18'}"
72827282,2026-07-22,ATP,Estoril,Bet365,Hugo Gaston,Titouan Droguet,match_double_faults,4.5,1.8300,,2026-07-22T10:35:37Z,2026-07-22T11:00:00Z,Totals (Double Faults),7,"{'hdp': 4.5, 'over': '1.83'}"
72827282,2026-07-22,ATP,Estoril,Bet365,Hugo Gaston,Titouan Droguet,match_double_faults,7.5,6.5000,,2026-07-22T10:35:37Z,2026-07-22T11:00:00Z,Totals (Double Faults),7,"{'hdp': 7.5, 'over': '6.50'}"
72827282,2026-07-22,ATP,Estoril,Bet365,Hugo Gaston,Titouan Droguet,match_double_faults,9.5,17.0000,,2026-07-22T10:35:37Z,2026-07-22T11:00:00Z,Totals (Double Faults),7,"{'hdp': 9.5, 'over': '17.00'}"
72827282,2026-07-22,ATP,Estoril,Bet365,Hugo Gaston,Titouan Droguet,match_double_faults,11.5,26.0000,,2026-07-22T10:35:37Z,2026-07-22T11:00:00Z,Totals (Double Faults),7,"{'hdp': 11.5, 'over': '26.00'}"
72827282,2026-07-22,ATP,Estoril,Bet365,Titouan Droguet,Hugo Gaston,aces,0.5,1.0200,,2026-07-22T10:35:37Z,2026-07-22T11:00:00Z,Team Total (Aces) Away,5,"{'hdp': 0.5, 'over': '1.02'}"
72827282,2026-07-22,ATP,Estoril,Bet365,Titouan Droguet,Hugo Gaston,aces,2.5,1.3000,,2026-07-22T10:35:37Z,2026-07-22T11:00:00Z,Team Total (Aces) Away,5,"{'hdp': 2.5, 'over': '1.30'}"
72827282,2026-07-22,ATP,Estoril,Bet365,Titouan Droguet,Hugo Gaston,aces,4.5,2.2000,,2026-07-22T10:35:37Z,2026-07-22T11:00:00Z,Team Total (Aces) Away,5,"{'hdp': 4.5, 'over': '2.20'}"
72827282,2026-07-22,ATP,Estoril,Bet365,Titouan Droguet,Hugo Gaston,aces,9.5,15.0000,,2026-07-22T10:35:37Z,2026-07-22T11:00:00Z,Team Total (Aces) Away,5,"{'hdp': 9.5, 'over': '15.00'}"
72827282,2026-07-22,ATP,Estoril,Bet365,Titouan Droguet,Hugo Gaston,aces,14.5,26.0000,,2026-07-22T10:35:37Z,2026-07-22T11:00:00Z,Team Total (Aces) Away,5,"{'hdp': 14.5, 'over': '26.00'}"
72827282,2026-07-22,ATP,Estoril,Bet365,Hugo Gaston,Titouan Droguet,match_aces,2.5,1.0600,,2026-07-22T10:35:37Z,2026-07-22T11:00:00Z,Totals (Aces),6,"{'hdp': 2.5, 'over': '1.06'}"
72827282,2026-07-22,ATP,Estoril,Bet365,Hugo Gaston,Titouan Droguet,match_aces,4.5,1.3000,,2026-07-22T10:35:37Z,2026-07-22T11:00:00Z,Totals (Aces),6,"{'hdp': 4.5, 'over': '1.30'}"
72827282,2026-07-22,ATP,Estoril,Bet365,Hugo Gaston,Titouan Droguet,match_aces,9.5,3.7500,,2026-07-22T10:35:37Z,2026-07-22T11:00:00Z,Totals (Aces),6,"{'hdp': 9.5, 'over': '3.75'}"
72827282,2026-07-22,ATP,Estoril,Bet365,Hugo Gaston,Titouan Droguet,match_aces,14.5,17.0000,,2026-07-22T10:35:37Z,2026-07-22T11:00:00Z,Totals (Aces),6,"{'hdp': 14.5, 'over': '17.00'}"
72827282,2026-07-22,ATP,Estoril,Bet365,Hugo Gaston,Titouan Droguet,match_aces,19.5,26.0000,,2026-07-22T10:35:37Z,2026-07-22T11:00:00Z,Totals (Aces),6,"{'hdp': 19.5, 'over': '26.00'}"
72827282,2026-07-22,ATP,Estoril,Bet365,Hugo Gaston,Titouan Droguet,aces,9.5,26.0000,,2026-07-22T10:35:37Z,2026-07-22T11:00:00Z,Team Total (Aces) Home,4,"{'hdp': 9.5, 'over': '26.00'}"
72827282,2026-07-22,ATP,Estoril,Bet365,Hugo Gaston,Titouan Droguet,aces,0.5,1.1000,,2026-07-22T10:35:37Z,2026-07-22T11:00:00Z,Team Total (Aces) Home,4,"{'hdp': 0.5, 'over': '1.10'}"
72827282,2026-07-22,ATP,Estoril,Bet365,Hugo Gaston,Titouan Droguet,aces,2.5,1.9000,,2026-07-22T10:35:37Z,2026-07-22T11:00:00Z,Team Total (Aces) Home,4,"{'hdp': 2.5, 'over': '1.90'}"
72827282,2026-07-22,ATP,Estoril,Bet365,Hugo Gaston,Titouan Droguet,aces,4.5,5.0000,,2026-07-22T10:35:37Z,2026-07-22T11:00:00Z,Team Total (Aces) Home,4,"{'hdp': 4.5, 'over': '5.00'}"
72827282,2026-07-22,ATP,Estoril,Bet365,Hugo Gaston,Titouan Droguet,double_faults,0.5,1.0700,,2026-07-22T10:35:37Z,2026-07-22T11:00:00Z,Team Total (Double Faults) Home,5,"{'hdp': 0.5, 'over': '1.07'}"
72827282,2026-07-22,ATP,Estoril,Bet365,Hugo Gaston,Titouan Droguet,double_faults,1.5,1.3300,,2026-07-22T10:35:37Z,2026-07-22T11:00:00Z,Team Total (Double Faults) Home,5,"{'hdp': 1.5, 'over': '1.33'}"
72827282,2026-07-22,ATP,Estoril,Bet365,Hugo Gaston,Titouan Droguet,double_faults,2.5,1.9000,,2026-07-22T10:35:37Z,2026-07-22T11:00:00Z,Team Total (Double Faults) Home,5,"{'hdp': 2.5, 'over': '1.90'}"
72827282,2026-07-22,ATP,Estoril,Bet365,Hugo Gaston,Titouan Droguet,double_faults,4.5,6.0000,,2026-07-22T10:35:37Z,2026-07-22T11:00:00Z,Team Total (Double Faults) Home,5,"{'hdp': 4.5, 'over': '6.00'}"
72827282,2026-07-22,ATP,Estoril,Bet365,Hugo Gaston,Titouan Droguet,double_faults,7.5,26.0000,,2026-07-22T10:35:37Z,2026-07-22T11:00:00Z,Team Total (Double Faults) Home,5,"{'hdp': 7.5, 'over': '26.00'}"
72830104,2026-07-22,WTA,Prague,Bet365,Tereza Valentova,Maya Joint,aces,2.5,1.6600,,2026-07-22T10:35:37Z,2026-07-22T11:25:00Z,Team Total (Aces) Away,4,"{'hdp': 2.5, 'over': '1.66'}"
72830104,2026-07-22,WTA,Prague,Bet365,Tereza Valentova,Maya Joint,aces,4.5,3.7500,,2026-07-22T10:35:37Z,2026-07-22T11:25:00Z,Team Total (Aces) Away,4,"{'hdp': 4.5, 'over': '3.75'}"
72830104,2026-07-22,WTA,Prague,Bet365,Tereza Valentova,Maya Joint,aces,9.5,26.0000,,2026-07-22T10:35:37Z,2026-07-22T11:25:00Z,Team Total (Aces) Away,4,"{'hdp': 9.5, 'over': '26.00'}"
72830104,2026-07-22,WTA,Prague,Bet365,Tereza Valentova,Maya Joint,aces,0.5,1.0500,,2026-07-22T10:35:37Z,2026-07-22T11:25:00Z,Team Total (Aces) Away,4,"{'hdp': 0.5, 'over': '1.05'}"
72830104,2026-07-22,WTA,Prague,Bet365,Maya Joint,Tereza Valentova,aces,0.5,1.1100,,2026-07-22T10:35:37Z,2026-07-22T11:25:00Z,Team Total (Aces) Home,4,"{'hdp': 0.5, 'over': '1.11'}"
72830104,2026-07-22,WTA,Prague,Bet365,Maya Joint,Tereza Valentova,aces,4.5,5.5000,,2026-07-22T10:35:37Z,2026-07-22T11:25:00Z,Team Total (Aces) Home,4,"{'hdp': 4.5, 'over': '5.50'}"
72830104,2026-07-22,WTA,Prague,Bet365,Maya Joint,Tereza Valentova,aces,9.5,26.0000,,2026-07-22T10:35:37Z,2026-07-22T11:25:00Z,Team Total (Aces) Home,4,"{'hdp': 9.5, 'over': '26.00'}"
72830104,2026-07-22,WTA,Prague,Bet365,Maya Joint,Tereza Valentova,aces,2.5,2.1000,,2026-07-22T10:35:37Z,2026-07-22T11:25:00Z,Team Total (Aces) Home,4,"{'hdp': 2.5, 'over': '2.10'}"
72830104,2026-07-22,WTA,Prague,Bet365,Tereza Valentova,Maya Joint,double_faults,9.5,6.5000,,2026-07-22T10:35:37Z,2026-07-22T11:25:00Z,Team Total (Double Faults) Away,8,"{'hdp': 9.5, 'over': '6.50'}"
72830104,2026-07-22,WTA,Prague,Bet365,Tereza Valentova,Maya Joint,double_faults,1.5,1.0500,,2026-07-22T10:35:37Z,2026-07-22T11:25:00Z,Team Total (Double Faults) Away,8,"{'hdp': 1.5, 'over': '1.05'}"
72830104,2026-07-22,WTA,Prague,Bet365,Tereza Valentova,Maya Joint,double_faults,2.5,1.1400,,2026-07-22T10:35:37Z,2026-07-22T11:25:00Z,Team Total (Double Faults) Away,8,"{'hdp': 2.5, 'over': '1.14'}"
72830104,2026-07-22,WTA,Prague,Bet365,Tereza Valentova,Maya Joint,double_faults,4.5,1.5700,,2026-07-22T10:35:37Z,2026-07-22T11:25:00Z,Team Total (Double Faults) Away,8,"{'hdp': 4.5, 'over': '1.57'}"
72830104,2026-07-22,WTA,Prague,Bet365,Tereza Valentova,Maya Joint,double_faults,7.5,3.4000,,2026-07-22T10:35:37Z,2026-07-22T11:25:00Z,Team Total (Double Faults) Away,8,"{'hdp': 7.5, 'over': '3.40'}"
72830104,2026-07-22,WTA,Prague,Bet365,Tereza Valentova,Maya Joint,double_faults,11.5,13.0000,,2026-07-22T10:35:37Z,2026-07-22T11:25:00Z,Team Total (Double Faults) Away,8,"{'hdp': 11.5, 'over': '13.00'}"
72830104,2026-07-22,WTA,Prague,Bet365,Tereza Valentova,Maya Joint,double_faults,14.5,26.0000,,2026-07-22T10:35:37Z,2026-07-22T11:25:00Z,Team Total (Double Faults) Away,8,"{'hdp': 14.5, 'over': '26.00'}"
72830104,2026-07-22,WTA,Prague,Bet365,Maya Joint,Tereza Valentova,double_faults,1.5,1.0400,,2026-07-22T10:35:37Z,2026-07-22T11:25:00Z,Team Total (Double Faults) Home,7,"{'hdp': 1.5, 'over': '1.04'}"
72830104,2026-07-22,WTA,Prague,Bet365,Maya Joint,Tereza Valentova,double_faults,2.5,1.1200,,2026-07-22T10:35:37Z,2026-07-22T11:25:00Z,Team Total (Double Faults) Home,7,"{'hdp': 2.5, 'over': '1.12'}"
72830104,2026-07-22,WTA,Prague,Bet365,Maya Joint,Tereza Valentova,double_faults,4.5,1.6600,,2026-07-22T10:35:37Z,2026-07-22T11:25:00Z,Team Total (Double Faults) Home,7,"{'hdp': 4.5, 'over': '1.66'}"
72830104,2026-07-22,WTA,Prague,Bet365,Maya Joint,Tereza Valentova,double_faults,7.5,4.5000,,2026-07-22T10:35:37Z,2026-07-22T11:25:00Z,Team Total (Double Faults) Home,7,"{'hdp': 7.5, 'over': '4.50'}"
72830104,2026-07-22,WTA,Prague,Bet365,Maya Joint,Tereza Valentova,double_faults,9.5,11.0000,,2026-07-22T10:35:37Z,2026-07-22T11:25:00Z,Team Total (Double Faults) Home,7,"{'hdp': 9.5, 'over': '11.00'}"
72830104,2026-07-22,WTA,Prague,Bet365,Maya Joint,Tereza Valentova,double_faults,11.5,26.0000,,2026-07-22T10:35:37Z,2026-07-22T11:25:00Z,Team Total (Double Faults) Home,7,"{'hdp': 11.5, 'over': '26.00'}"
72830104,2026-07-22,WTA,Prague,Bet365,Maya Joint,Tereza Valentova,match_aces,2.5,1.1400,,2026-07-22T10:35:37Z,2026-07-22T11:25:00Z,Totals (Aces),5,"{'hdp': 2.5, 'over': '1.14'}"
72830104,2026-07-22,WTA,Prague,Bet365,Maya Joint,Tereza Valentova,match_aces,4.5,1.5700,,2026-07-22T10:35:37Z,2026-07-22T11:25:00Z,Totals (Aces),5,"{'hdp': 4.5, 'over': '1.57'}"
72830104,2026-07-22,WTA,Prague,Bet365,Maya Joint,Tereza Valentova,match_aces,9.5,6.5000,,2026-07-22T10:35:37Z,2026-07-22T11:25:00Z,Totals (Aces),5,"{'hdp': 9.5, 'over': '6.50'}"
72830104,2026-07-22,WTA,Prague,Bet365,Maya Joint,Tereza Valentova,match_aces,14.5,26.0000,,2026-07-22T10:35:37Z,2026-07-22T11:25:00Z,Totals (Aces),5,"{'hdp': 14.5, 'over': '26.00'}"
72830104,2026-07-22,WTA,Prague,Bet365,Maya Joint,Tereza Valentova,match_double_faults,14.5,4.3300,,2026-07-22T10:35:37Z,2026-07-22T11:25:00Z,Totals (Double Faults),9,"{'hdp': 14.5, 'over': '4.33'}"
72830104,2026-07-22,WTA,Prague,Bet365,Maya Joint,Tereza Valentova,match_double_faults,19.5,17.0000,,2026-07-22T10:35:37Z,2026-07-22T11:25:00Z,Totals (Double Faults),9,"{'hdp': 19.5, 'over': '17.00'}"
72830104,2026-07-22,WTA,Prague,Bet365,Maya Joint,Tereza Valentova,match_double_faults,4.5,1.0300,,2026-07-22T10:35:37Z,2026-07-22T11:25:00Z,Totals (Double Faults),9,"{'hdp': 4.5, 'over': '1.03'}"
72830104,2026-07-22,WTA,Prague,Bet365,Maya Joint,Tereza Valentova,match_double_faults,7.5,1.2500,,2026-07-22T10:35:37Z,2026-07-22T11:25:00Z,Totals (Double Faults),9,"{'hdp': 7.5, 'over': '1.25'}"
72830104,2026-07-22,WTA,Prague,Bet365,Maya Joint,Tereza Valentova,match_double_faults,9.5,1.5700,,2026-07-22T10:35:37Z,2026-07-22T11:25:00Z,Totals (Double Faults),9,"{'hdp': 9.5, 'over': '1.57'}"
72830104,2026-07-22,WTA,Prague,Bet365,Maya Joint,Tereza Valentova,match_double_faults,11.5,2.2000,,2026-07-22T10:35:37Z,2026-07-22T11:25:00Z,Totals (Double Faults),9,"{'hdp': 11.5, 'over': '2.20'}"
72830104,2026-07-22,WTA,Prague,Bet365,Maya Joint,Tereza Valentova,match_double_faults,24.5,26.0000,,2026-07-22T10:35:37Z,2026-07-22T11:25:00Z,Totals (Double Faults),9,"{'hdp': 24.5, 'over': '26.00'}"
72827338,2026-07-22,ATP,Kitzbuhel,Bet365,Jurij Rodionov,Tomas Martin Etcheverry,aces,2.5,1.0400,,2026-07-22T10:35:37Z,2026-07-22T11:50:00Z,Team Total (Aces) Away,7,"{'hdp': 2.5, 'over': '1.04'}"
72827338,2026-07-22,ATP,Kitzbuhel,Bet365,Jurij Rodionov,Tomas Martin Etcheverry,aces,4.5,1.1600,,2026-07-22T10:35:37Z,2026-07-22T11:50:00Z,Team Total (Aces) Away,7,"{'hdp': 4.5, 'over': '1.16'}"
72827338,2026-07-22,ATP,Kitzbuhel,Bet365,Jurij Rodionov,Tomas Martin Etcheverry,aces,19.5,13.0000,,2026-07-22T10:35:37Z,2026-07-22T11:50:00Z,Team Total (Aces) Away,7,"{'hdp': 19.5, 'over': '13.00'}"
72827338,2026-07-22,ATP,Kitzbuhel,Bet365,Jurij Rodionov,Tomas Martin Etcheverry,aces,24.5,26.0000,,2026-07-22T10:35:37Z,2026-07-22T11:50:00Z,Team Total (Aces) Away,7,"{'hdp': 24.5, 'over': '26.00'}"
72827338,2026-07-22,ATP,Kitzbuhel,Bet365,Jurij Rodionov,Tomas Martin Etcheverry,aces,9.5,2.0000,,2026-07-22T10:35:37Z,2026-07-22T11:50:00Z,Team Total (Aces) Away,7,"{'hdp': 9.5, 'over': '2.00'}"
72827338,2026-07-22,ATP,Kitzbuhel,Bet365,Jurij Rodionov,Tomas Martin Etcheverry,aces,14.5,4.5000,,2026-07-22T10:35:37Z,2026-07-22T11:50:00Z,Team Total (Aces) Away,7,"{'hdp': 14.5, 'over': '4.50'}"
72827338,2026-07-22,ATP,Kitzbuhel,Bet365,Tomas Martin Etcheverry,Jurij Rodionov,match_double_faults,1.5,1.0100,,2026-07-22T10:35:37Z,2026-07-22T11:50:00Z,Totals (Double Faults),8,"{'hdp': 1.5, 'over': '1.01'}"
72827338,2026-07-22,ATP,Kitzbuhel,Bet365,Tomas Martin Etcheverry,Jurij Rodionov,match_double_faults,2.5,1.0500,,2026-07-22T10:35:37Z,2026-07-22T11:50:00Z,Totals (Double Faults),8,"{'hdp': 2.5, 'over': '1.05'}"
72827338,2026-07-22,ATP,Kitzbuhel,Bet365,Tomas Martin Etcheverry,Jurij Rodionov,match_double_faults,4.5,1.3000,,2026-07-22T10:35:37Z,2026-07-22T11:50:00Z,Totals (Double Faults),8,"{'hdp': 4.5, 'over': '1.30'}"
72827338,2026-07-22,ATP,Kitzbuhel,Bet365,Tomas Martin Etcheverry,Jurij Rodionov,match_double_faults,7.5,2.7500,,2026-07-22T10:35:37Z,2026-07-22T11:50:00Z,Totals (Double Faults),8,"{'hdp': 7.5, 'over': '2.75'}"
72827338,2026-07-22,ATP,Kitzbuhel,Bet365,Tomas Martin Etcheverry,Jurij Rodionov,match_double_faults,9.5,5.5000,,2026-07-22T10:35:37Z,2026-07-22T11:50:00Z,Totals (Double Faults),8,"{'hdp': 9.5, 'over': '5.50'}"
72827338,2026-07-22,ATP,Kitzbuhel,Bet365,Tomas Martin Etcheverry,Jurij Rodionov,match_double_faults,11.5,13.0000,,2026-07-22T10:35:37Z,2026-07-22T11:50:00Z,Totals (Double Faults),8,"{'hdp': 11.5, 'over': '13.00'}"
72827338,2026-07-22,ATP,Kitzbuhel,Bet365,Tomas Martin Etcheverry,Jurij Rodionov,match_double_faults,14.5,26.0000,,2026-07-22T10:35:37Z,2026-07-22T11:50:00Z,Totals (Double Faults),8,"{'hdp': 14.5, 'over': '26.00'}"
72827338,2026-07-22,ATP,Kitzbuhel,Bet365,Tomas Martin Etcheverry,Jurij Rodionov,match_aces,14.5,1.5000,,2026-07-22T10:35:37Z,2026-07-22T11:50:00Z,Totals (Aces),8,"{'hdp': 14.5, 'over': '1.50'}"
72827338,2026-07-22,ATP,Kitzbuhel,Bet365,Tomas Martin Etcheverry,Jurij Rodionov,match_aces,39.5,26.0000,,2026-07-22T10:35:37Z,2026-07-22T11:50:00Z,Totals (Aces),8,"{'hdp': 39.5, 'over': '26.00'}"
72827338,2026-07-22,ATP,Kitzbuhel,Bet365,Tomas Martin Etcheverry,Jurij Rodionov,match_aces,9.5,1.1100,,2026-07-22T10:35:37Z,2026-07-22T11:50:00Z,Totals (Aces),8,"{'hdp': 9.5, 'over': '1.11'}"
72827338,2026-07-22,ATP,Kitzbuhel,Bet365,Tomas Martin Etcheverry,Jurij Rodionov,match_aces,19.5,2.2500,,2026-07-22T10:35:37Z,2026-07-22T11:50:00Z,Totals (Aces),8,"{'hdp': 19.5, 'over': '2.25'}"
72827338,2026-07-22,ATP,Kitzbuhel,Bet365,Tomas Martin Etcheverry,Jurij Rodionov,match_aces,24.5,4.0000,,2026-07-22T10:35:37Z,2026-07-22T11:50:00Z,Totals (Aces),8,"{'hdp': 24.5, 'over': '4.00'}"
72827338,2026-07-22,ATP,Kitzbuhel,Bet365,Tomas Martin Etcheverry,Jurij Rodionov,match_aces,29.5,8.0000,,2026-07-22T10:35:37Z,2026-07-22T11:50:00Z,Totals (Aces),8,"{'hdp': 29.5, 'over': '8.00'}"
72827338,2026-07-22,ATP,Kitzbuhel,Bet365,Jurij Rodionov,Tomas Martin Etcheverry,double_faults,0.5,1.0100,,2026-07-22T10:35:37Z,2026-07-22T11:50:00Z,Team Total (Double Faults) Away,7,"{'hdp': 0.5, 'over': '1.01'}"
72827338,2026-07-22,ATP,Kitzbuhel,Bet365,Jurij Rodionov,Tomas Martin Etcheverry,double_faults,1.5,1.0700,,2026-07-22T10:35:37Z,2026-07-22T11:50:00Z,Team Total (Double Faults) Away,7,"{'hdp': 1.5, 'over': '1.07'}"
72827338,2026-07-22,ATP,Kitzbuhel,Bet365,Jurij Rodionov,Tomas Martin Etcheverry,double_faults,2.5,1.2200,,2026-07-22T10:35:37Z,2026-07-22T11:50:00Z,Team Total (Double Faults) Away,7,"{'hdp': 2.5, 'over': '1.22'}"
72827338,2026-07-22,ATP,Kitzbuhel,Bet365,Jurij Rodionov,Tomas Martin Etcheverry,double_faults,4.5,2.1000,,2026-07-22T10:35:37Z,2026-07-22T11:50:00Z,Team Total (Double Faults) Away,7,"{'hdp': 4.5, 'over': '2.10'}"
72827338,2026-07-22,ATP,Kitzbuhel,Bet365,Jurij Rodionov,Tomas Martin Etcheverry,double_faults,7.5,7.0000,,2026-07-22T10:35:37Z,2026-07-22T11:50:00Z,Team Total (Double Faults) Away,7,"{'hdp': 7.5, 'over': '7.00'}"
72827338,2026-07-22,ATP,Kitzbuhel,Bet365,Jurij Rodionov,Tomas Martin Etcheverry,double_faults,9.5,19.0000,,2026-07-22T10:35:37Z,2026-07-22T11:50:00Z,Team Total (Double Faults) Away,7,"{'hdp': 9.5, 'over': '19.00'}"
72827338,2026-07-22,ATP,Kitzbuhel,Bet365,Jurij Rodionov,Tomas Martin Etcheverry,double_faults,11.5,26.0000,,2026-07-22T10:35:37Z,2026-07-22T11:50:00Z,Team Total (Double Faults) Away,7,"{'hdp': 11.5, 'over': '26.00'}"
72827338,2026-07-22,ATP,Kitzbuhel,Bet365,Tomas Martin Etcheverry,Jurij Rodionov,aces,2.5,1.0500,,2026-07-22T10:35:37Z,2026-07-22T11:50:00Z,Team Total (Aces) Home,7,"{'hdp': 2.5, 'over': '1.05'}"
72827338,2026-07-22,ATP,Kitzbuhel,Bet365,Tomas Martin Etcheverry,Jurij Rodionov,aces,24.5,26.0000,,2026-07-22T10:35:37Z,2026-07-22T11:50:00Z,Team Total (Aces) Home,7,"{'hdp': 24.5, 'over': '26.00'}"
72827338,2026-07-22,ATP,Kitzbuhel,Bet365,Tomas Martin Etcheverry,Jurij Rodionov,aces,4.5,1.2000,,2026-07-22T10:35:37Z,2026-07-22T11:50:00Z,Team Total (Aces) Home,7,"{'hdp': 4.5, 'over': '1.20'}"
72827338,2026-07-22,ATP,Kitzbuhel,Bet365,Tomas Martin Etcheverry,Jurij Rodionov,aces,9.5,2.5000,,2026-07-22T10:35:37Z,2026-07-22T11:50:00Z,Team Total (Aces) Home,7,"{'hdp': 9.5, 'over': '2.50'}"
72827338,2026-07-22,ATP,Kitzbuhel,Bet365,Tomas Martin Etcheverry,Jurij Rodionov,aces,14.5,7.0000,,2026-07-22T10:35:37Z,2026-07-22T11:50:00Z,Team Total (Aces) Home,7,"{'hdp': 14.5, 'over': '7.00'}"
72827338,2026-07-22,ATP,Kitzbuhel,Bet365,Tomas Martin Etcheverry,Jurij Rodionov,aces,19.5,21.0000,,2026-07-22T10:35:37Z,2026-07-22T11:50:00Z,Team Total (Aces) Home,7,"{'hdp': 19.5, 'over': '21.00'}"
72827338,2026-07-22,ATP,Kitzbuhel,Bet365,Tomas Martin Etcheverry,Jurij Rodionov,double_faults,0.5,1.1400,,2026-07-22T10:35:37Z,2026-07-22T11:50:00Z,Team Total (Double Faults) Home,5,"{'hdp': 0.5, 'over': '1.14'}"
72827338,2026-07-22,ATP,Kitzbuhel,Bet365,Tomas Martin Etcheverry,Jurij Rodionov,double_faults,1.5,1.6600,,2026-07-22T10:35:37Z,2026-07-22T11:50:00Z,Team Total (Double Faults) Home,5,"{'hdp': 1.5, 'over': '1.66'}"
72827338,2026-07-22,ATP,Kitzbuhel,Bet365,Tomas Martin Etcheverry,Jurij Rodionov,double_faults,2.5,2.7500,,2026-07-22T10:35:37Z,2026-07-22T11:50:00Z,Team Total (Double Faults) Home,5,"{'hdp': 2.5, 'over': '2.75'}"
72827338,2026-07-22,ATP,Kitzbuhel,Bet365,Tomas Martin Etcheverry,Jurij Rodionov,double_faults,4.5,11.0000,,2026-07-22T10:35:37Z,2026-07-22T11:50:00Z,Team Total (Double Faults) Home,5,"{'hdp': 4.5, 'over': '11.00'}"
72827338,2026-07-22,ATP,Kitzbuhel,Bet365,Tomas Martin Etcheverry,Jurij Rodionov,double_faults,7.5,26.0000,,2026-07-22T10:35:37Z,2026-07-22T11:50:00Z,Team Total (Double Faults) Home,5,"{'hdp': 7.5, 'over': '26.00'}"
72827340,2026-07-22,ATP,Kitzbuhel,Bet365,Daniel Altmaier,Alex Molcan,aces,2.5,1.0200,,2026-07-22T10:35:37Z,2026-07-22T11:50:00Z,Team Total (Aces) Away,8,"{'hdp': 2.5, 'over': '1.02'}"
72827340,2026-07-22,ATP,Kitzbuhel,Bet365,Daniel Altmaier,Alex Molcan,aces,4.5,1.1000,,2026-07-22T10:35:37Z,2026-07-22T11:50:00Z,Team Total (Aces) Away,8,"{'hdp': 4.5, 'over': '1.10'}"
72827340,2026-07-22,ATP,Kitzbuhel,Bet365,Daniel Altmaier,Alex Molcan,aces,9.5,1.6600,,2026-07-22T10:35:37Z,2026-07-22T11:50:00Z,Team Total (Aces) Away,8,"{'hdp': 9.5, 'over': '1.66'}"
72827340,2026-07-22,ATP,Kitzbuhel,Bet365,Daniel Altmaier,Alex Molcan,aces,14.5,3.2500,,2026-07-22T10:35:37Z,2026-07-22T11:50:00Z,Team Total (Aces) Away,8,"{'hdp': 14.5, 'over': '3.25'}"
72827340,2026-07-22,ATP,Kitzbuhel,Bet365,Daniel Altmaier,Alex Molcan,aces,19.5,7.0000,,2026-07-22T10:35:37Z,2026-07-22T11:50:00Z,Team Total (Aces) Away,8,"{'hdp': 19.5, 'over': '7.00'}"
72827340,2026-07-22,ATP,Kitzbuhel,Bet365,Daniel Altmaier,Alex Molcan,aces,24.5,17.0000,,2026-07-22T10:35:37Z,2026-07-22T11:50:00Z,Team Total (Aces) Away,8,"{'hdp': 24.5, 'over': '17.00'}"
72827340,2026-07-22,ATP,Kitzbuhel,Bet365,Daniel Altmaier,Alex Molcan,aces,29.5,26.0000,,2026-07-22T10:35:37Z,2026-07-22T11:50:00Z,Team Total (Aces) Away,8,"{'hdp': 29.5, 'over': '26.00'}"
72827340,2026-07-22,ATP,Kitzbuhel,Bet365,Alex Molcan,Daniel Altmaier,match_double_faults,2.5,1.0200,,2026-07-22T10:35:37Z,2026-07-22T11:50:00Z,Totals (Double Faults),9,"{'hdp': 2.5, 'over': '1.02'}"
72827340,2026-07-22,ATP,Kitzbuhel,Bet365,Alex Molcan,Daniel Altmaier,match_double_faults,4.5,1.1600,,2026-07-22T10:35:37Z,2026-07-22T11:50:00Z,Totals (Double Faults),9,"{'hdp': 4.5, 'over': '1.16'}"
72827340,2026-07-22,ATP,Kitzbuhel,Bet365,Alex Molcan,Daniel Altmaier,match_double_faults,7.5,1.9000,,2026-07-22T10:35:37Z,2026-07-22T11:50:00Z,Totals (Double Faults),9,"{'hdp': 7.5, 'over': '1.90'}"
72827340,2026-07-22,ATP,Kitzbuhel,Bet365,Alex Molcan,Daniel Altmaier,match_double_faults,9.5,3.4000,,2026-07-22T10:35:37Z,2026-07-22T11:50:00Z,Totals (Double Faults),9,"{'hdp': 9.5, 'over': '3.40'}"
72827340,2026-07-22,ATP,Kitzbuhel,Bet365,Alex Molcan,Daniel Altmaier,match_double_faults,11.5,6.5000,,2026-07-22T10:35:37Z,2026-07-22T11:50:00Z,Totals (Double Faults),9,"{'hdp': 11.5, 'over': '6.50'}"
72827340,2026-07-22,ATP,Kitzbuhel,Bet365,Alex Molcan,Daniel Altmaier,match_double_faults,14.5,19.0000,,2026-07-22T10:35:37Z,2026-07-22T11:50:00Z,Totals (Double Faults),9,"{'hdp': 14.5, 'over': '19.00'}"
72827340,2026-07-22,ATP,Kitzbuhel,Bet365,Alex Molcan,Daniel Altmaier,match_double_faults,19.5,26.0000,,2026-07-22T10:35:37Z,2026-07-22T11:50:00Z,Totals (Double Faults),9,"{'hdp': 19.5, 'over': '26.00'}"
72827340,2026-07-22,ATP,Kitzbuhel,Bet365,Alex Molcan,Daniel Altmaier,aces,2.5,1.0800,,2026-07-22T10:35:37Z,2026-07-22T11:50:00Z,Team Total (Aces) Home,6,"{'hdp': 2.5, 'over': '1.08'}"
72827340,2026-07-22,ATP,Kitzbuhel,Bet365,Alex Molcan,Daniel Altmaier,aces,4.5,1.3000,,2026-07-22T10:35:37Z,2026-07-22T11:50:00Z,Team Total (Aces) Home,6,"{'hdp': 4.5, 'over': '1.30'}"
72827340,2026-07-22,ATP,Kitzbuhel,Bet365,Alex Molcan,Daniel Altmaier,aces,9.5,3.4000,,2026-07-22T10:35:37Z,2026-07-22T11:50:00Z,Team Total (Aces) Home,6,"{'hdp': 9.5, 'over': '3.40'}"
72827340,2026-07-22,ATP,Kitzbuhel,Bet365,Alex Molcan,Daniel Altmaier,aces,14.5,11.0000,,2026-07-22T10:35:37Z,2026-07-22T11:50:00Z,Team Total (Aces) Home,6,"{'hdp': 14.5, 'over': '11.00'}"
72827340,2026-07-22,ATP,Kitzbuhel,Bet365,Alex Molcan,Daniel Altmaier,aces,19.5,26.0000,,2026-07-22T10:35:37Z,2026-07-22T11:50:00Z,Team Total (Aces) Home,6,"{'hdp': 19.5, 'over': '26.00'}"
72827340,2026-07-22,ATP,Kitzbuhel,Bet365,Daniel Altmaier,Alex Molcan,double_faults,0.5,1.0100,,2026-07-22T10:35:37Z,2026-07-22T11:50:00Z,Team Total (Double Faults) Away,7,"{'hdp': 0.5, 'over': '1.01'}"
72827340,2026-07-22,ATP,Kitzbuhel,Bet365,Daniel Altmaier,Alex Molcan,double_faults,1.5,1.0800,,2026-07-22T10:35:37Z,2026-07-22T11:50:00Z,Team Total (Double Faults) Away,7,"{'hdp': 1.5, 'over': '1.08'}"
72827340,2026-07-22,ATP,Kitzbuhel,Bet365,Daniel Altmaier,Alex Molcan,double_faults,2.5,1.2500,,2026-07-22T10:35:37Z,2026-07-22T11:50:00Z,Team Total (Double Faults) Away,7,"{'hdp': 2.5, 'over': '1.25'}"
72827340,2026-07-22,ATP,Kitzbuhel,Bet365,Daniel Altmaier,Alex Molcan,double_faults,4.5,2.1000,,2026-07-22T10:35:37Z,2026-07-22T11:50:00Z,Team Total (Double Faults) Away,7,"{'hdp': 4.5, 'over': '2.10'}"
72827340,2026-07-22,ATP,Kitzbuhel,Bet365,Daniel Altmaier,Alex Molcan,double_faults,7.5,8.0000,,2026-07-22T10:35:37Z,2026-07-22T11:50:00Z,Team Total (Double Faults) Away,7,"{'hdp': 7.5, 'over': '8.00'}"
72827340,2026-07-22,ATP,Kitzbuhel,Bet365,Daniel Altmaier,Alex Molcan,double_faults,9.5,19.0000,,2026-07-22T10:35:37Z,2026-07-22T11:50:00Z,Team Total (Double Faults) Away,7,"{'hdp': 9.5, 'over': '19.00'}"
72827340,2026-07-22,ATP,Kitzbuhel,Bet365,Daniel Altmaier,Alex Molcan,double_faults,11.5,26.0000,,2026-07-22T10:35:37Z,2026-07-22T11:50:00Z,Team Total (Double Faults) Away,7,"{'hdp': 11.5, 'over': '26.00'}"
72827340,2026-07-22,ATP,Kitzbuhel,Bet365,Alex Molcan,Daniel Altmaier,double_faults,0.5,1.0400,,2026-07-22T10:35:37Z,2026-07-22T11:50:00Z,Team Total (Double Faults) Home,6,"{'hdp': 0.5, 'over': '1.04'}"
72827340,2026-07-22,ATP,Kitzbuhel,Bet365,Alex Molcan,Daniel Altmaier,double_faults,1.5,1.2000,,2026-07-22T10:35:37Z,2026-07-22T11:50:00Z,Team Total (Double Faults) Home,6,"{'hdp': 1.5, 'over': '1.20'}"
72827340,2026-07-22,ATP,Kitzbuhel,Bet365,Alex Molcan,Daniel Altmaier,double_faults,2.5,1.5700,,2026-07-22T10:35:37Z,2026-07-22T11:50:00Z,Team Total (Double Faults) Home,6,"{'hdp': 2.5, 'over': '1.57'}"
72827340,2026-07-22,ATP,Kitzbuhel,Bet365,Alex Molcan,Daniel Altmaier,double_faults,4.5,3.5000,,2026-07-22T10:35:37Z,2026-07-22T11:50:00Z,Team Total (Double Faults) Home,6,"{'hdp': 4.5, 'over': '3.50'}"
72827340,2026-07-22,ATP,Kitzbuhel,Bet365,Alex Molcan,Daniel Altmaier,double_faults,7.5,17.0000,,2026-07-22T10:35:37Z,2026-07-22T11:50:00Z,Team Total (Double Faults) Home,6,"{'hdp': 7.5, 'over': '17.00'}"
72827340,2026-07-22,ATP,Kitzbuhel,Bet365,Alex Molcan,Daniel Altmaier,double_faults,9.5,26.0000,,2026-07-22T10:35:37Z,2026-07-22T11:50:00Z,Team Total (Double Faults) Home,6,"{'hdp': 9.5, 'over': '26.00'}"
72827340,2026-07-22,ATP,Kitzbuhel,Bet365,Alex Molcan,Daniel Altmaier,match_aces,9.5,1.1000,,2026-07-22T10:35:37Z,2026-07-22T11:50:00Z,Totals (Aces),9,"{'hdp': 9.5, 'over': '1.10'}"
72827340,2026-07-22,ATP,Kitzbuhel,Bet365,Alex Molcan,Daniel Altmaier,match_aces,14.5,1.4400,,2026-07-22T10:35:37Z,2026-07-22T11:50:00Z,Totals (Aces),9,"{'hdp': 14.5, 'over': '1.44'}"
72827340,2026-07-22,ATP,Kitzbuhel,Bet365,Alex Molcan,Daniel Altmaier,match_aces,19.5,2.2000,,2026-07-22T10:35:37Z,2026-07-22T11:50:00Z,Totals (Aces),9,"{'hdp': 19.5, 'over': '2.20'}"
72827340,2026-07-22,ATP,Kitzbuhel,Bet365,Alex Molcan,Daniel Altmaier,match_aces,24.5,3.7500,,2026-07-22T10:35:37Z,2026-07-22T11:50:00Z,Totals (Aces),9,"{'hdp': 24.5, 'over': '3.75'}"
72827340,2026-07-22,ATP,Kitzbuhel,Bet365,Alex Molcan,Daniel Altmaier,match_aces,29.5,7.0000,,2026-07-22T10:35:37Z,2026-07-22T11:50:00Z,Totals (Aces),9,"{'hdp': 29.5, 'over': '7.00'}"
72827340,2026-07-22,ATP,Kitzbuhel,Bet365,Alex Molcan,Daniel Altmaier,match_aces,39.5,23.0000,,2026-07-22T10:35:37Z,2026-07-22T11:50:00Z,Totals (Aces),9,"{'hdp': 39.5, 'over': '23.00'}"
72827340,2026-07-22,ATP,Kitzbuhel,Bet365,Alex Molcan,Daniel Altmaier,match_aces,49.5,26.0000,,2026-07-22T10:35:37Z,2026-07-22T11:50:00Z,Totals (Aces),9,"{'hdp': 49.5, 'over': '26.00'}"
72829928,2026-07-22,WTA,Hamburg,Bet365,Sinja Kraus,Alina Charaeva,aces,0.5,1.0600,,2026-07-22T10:35:37Z,2026-07-22T11:50:00Z,Team Total (Aces) Away,4,"{'hdp': 0.5, 'over': '1.06'}"
72829928,2026-07-22,WTA,Hamburg,Bet365,Sinja Kraus,Alina Charaeva,aces,2.5,1.6600,,2026-07-22T10:35:37Z,2026-07-22T11:50:00Z,Team Total (Aces) Away,4,"{'hdp': 2.5, 'over': '1.66'}"
72829928,2026-07-22,WTA,Hamburg,Bet365,Sinja Kraus,Alina Charaeva,aces,4.5,3.7500,,2026-07-22T10:35:37Z,2026-07-22T11:50:00Z,Team Total (Aces) Away,4,"{'hdp': 4.5, 'over': '3.75'}"
72829928,2026-07-22,WTA,Hamburg,Bet365,Sinja Kraus,Alina Charaeva,aces,9.5,26.0000,,2026-07-22T10:35:37Z,2026-07-22T11:50:00Z,Team Total (Aces) Away,4,"{'hdp': 9.5, 'over': '26.00'}"
72829928,2026-07-22,WTA,Hamburg,Bet365,Alina Charaeva,Sinja Kraus,aces,0.5,1.0400,,2026-07-22T10:35:37Z,2026-07-22T11:50:00Z,Team Total (Aces) Home,5,"{'hdp': 0.5, 'over': '1.04'}"
72829928,2026-07-22,WTA,Hamburg,Bet365,Alina Charaeva,Sinja Kraus,aces,2.5,1.4400,,2026-07-22T10:35:37Z,2026-07-22T11:50:00Z,Team Total (Aces) Home,5,"{'hdp': 2.5, 'over': '1.44'}"
72829928,2026-07-22,WTA,Hamburg,Bet365,Alina Charaeva,Sinja Kraus,aces,4.5,2.6200,,2026-07-22T10:35:37Z,2026-07-22T11:50:00Z,Team Total (Aces) Home,5,"{'hdp': 4.5, 'over': '2.62'}"
72829928,2026-07-22,WTA,Hamburg,Bet365,Alina Charaeva,Sinja Kraus,aces,9.5,19.0000,,2026-07-22T10:35:37Z,2026-07-22T11:50:00Z,Team Total (Aces) Home,5,"{'hdp': 9.5, 'over': '19.00'}"
72829928,2026-07-22,WTA,Hamburg,Bet365,Alina Charaeva,Sinja Kraus,aces,14.5,26.0000,,2026-07-22T10:35:37Z,2026-07-22T11:50:00Z,Team Total (Aces) Home,5,"{'hdp': 14.5, 'over': '26.00'}"
72829928,2026-07-22,WTA,Hamburg,Bet365,Sinja Kraus,Alina Charaeva,double_faults,0.5,1.0100,,2026-07-22T10:35:37Z,2026-07-22T11:50:00Z,Team Total (Double Faults) Away,8,"{'hdp': 0.5, 'over': '1.01'}"
72829928,2026-07-22,WTA,Hamburg,Bet365,Sinja Kraus,Alina Charaeva,double_faults,1.5,1.0600,,2026-07-22T10:35:37Z,2026-07-22T11:50:00Z,Team Total (Double Faults) Away,8,"{'hdp': 1.5, 'over': '1.06'}"
72829928,2026-07-22,WTA,Hamburg,Bet365,Sinja Kraus,Alina Charaeva,double_faults,2.5,1.1600,,2026-07-22T10:35:37Z,2026-07-22T11:50:00Z,Team Total (Double Faults) Away,8,"{'hdp': 2.5, 'over': '1.16'}"
72829928,2026-07-22,WTA,Hamburg,Bet365,Sinja Kraus,Alina Charaeva,double_faults,4.5,1.7200,,2026-07-22T10:35:37Z,2026-07-22T11:50:00Z,Team Total (Double Faults) Away,8,"{'hdp': 4.5, 'over': '1.72'}"
72829928,2026-07-22,WTA,Hamburg,Bet365,Sinja Kraus,Alina Charaeva,double_faults,7.5,4.3300,,2026-07-22T10:35:37Z,2026-07-22T11:50:00Z,Team Total (Double Faults) Away,8,"{'hdp': 7.5, 'over': '4.33'}"
72829928,2026-07-22,WTA,Hamburg,Bet365,Sinja Kraus,Alina Charaeva,double_faults,9.5,10.0000,,2026-07-22T10:35:37Z,2026-07-22T11:50:00Z,Team Total (Double Faults) Away,8,"{'hdp': 9.5, 'over': '10.00'}"
72829928,2026-07-22,WTA,Hamburg,Bet365,Sinja Kraus,Alina Charaeva,double_faults,11.5,21.0000,,2026-07-22T10:35:37Z,2026-07-22T11:50:00Z,Team Total (Double Faults) Away,8,"{'hdp': 11.5, 'over': '21.00'}"
72829928,2026-07-22,WTA,Hamburg,Bet365,Sinja Kraus,Alina Charaeva,double_faults,14.5,26.0000,,2026-07-22T10:35:37Z,2026-07-22T11:50:00Z,Team Total (Double Faults) Away,8,"{'hdp': 14.5, 'over': '26.00'}"
72829928,2026-07-22,WTA,Hamburg,Bet365,Alina Charaeva,Sinja Kraus,match_aces,2.5,1.0700,,2026-07-22T10:35:37Z,2026-07-22T11:50:00Z,Totals (Aces),6,"{'hdp': 2.5, 'over': '1.07'}"
72829928,2026-07-22,WTA,Hamburg,Bet365,Alina Charaeva,Sinja Kraus,match_aces,4.5,1.3300,,2026-07-22T10:35:37Z,2026-07-22T11:50:00Z,Totals (Aces),6,"{'hdp': 4.5, 'over': '1.33'}"
72829928,2026-07-22,WTA,Hamburg,Bet365,Alina Charaeva,Sinja Kraus,match_aces,9.5,3.7500,,2026-07-22T10:35:37Z,2026-07-22T11:50:00Z,Totals (Aces),6,"{'hdp': 9.5, 'over': '3.75'}"
72829928,2026-07-22,WTA,Hamburg,Bet365,Alina Charaeva,Sinja Kraus,match_aces,14.5,17.0000,,2026-07-22T10:35:37Z,2026-07-22T11:50:00Z,Totals (Aces),6,"{'hdp': 14.5, 'over': '17.00'}"
72829928,2026-07-22,WTA,Hamburg,Bet365,Alina Charaeva,Sinja Kraus,match_aces,19.5,26.0000,,2026-07-22T10:35:37Z,2026-07-22T11:50:00Z,Totals (Aces),6,"{'hdp': 19.5, 'over': '26.00'}"
72829928,2026-07-22,WTA,Hamburg,Bet365,Alina Charaeva,Sinja Kraus,double_faults,2.5,1.0100,,2026-07-22T10:35:37Z,2026-07-22T11:50:00Z,Team Total (Double Faults) Home,9,"{'hdp': 2.5, 'over': '1.01'}"
72829928,2026-07-22,WTA,Hamburg,Bet365,Alina Charaeva,Sinja Kraus,double_faults,4.5,1.0800,,2026-07-22T10:35:37Z,2026-07-22T11:50:00Z,Team Total (Double Faults) Home,9,"{'hdp': 4.5, 'over': '1.08'}"
72829928,2026-07-22,WTA,Hamburg,Bet365,Alina Charaeva,Sinja Kraus,double_faults,7.5,1.5000,,2026-07-22T10:35:37Z,2026-07-22T11:50:00Z,Team Total (Double Faults) Home,9,"{'hdp': 7.5, 'over': '1.50'}"
72829928,2026-07-22,WTA,Hamburg,Bet365,Alina Charaeva,Sinja Kraus,double_faults,9.5,2.1000,,2026-07-22T10:35:37Z,2026-07-22T11:50:00Z,Team Total (Double Faults) Home,9,"{'hdp': 9.5, 'over': '2.10'}"
72829928,2026-07-22,WTA,Hamburg,Bet365,Alina Charaeva,Sinja Kraus,double_faults,11.5,3.2500,,2026-07-22T10:35:37Z,2026-07-22T11:50:00Z,Team Total (Double Faults) Home,9,"{'hdp': 11.5, 'over': '3.25'}"
72829928,2026-07-22,WTA,Hamburg,Bet365,Alina Charaeva,Sinja Kraus,double_faults,14.5,7.0000,,2026-07-22T10:35:37Z,2026-07-22T11:50:00Z,Team Total (Double Faults) Home,9,"{'hdp': 14.5, 'over': '7.00'}"
72829928,2026-07-22,WTA,Hamburg,Bet365,Alina Charaeva,Sinja Kraus,double_faults,19.5,26.0000,,2026-07-22T10:35:37Z,2026-07-22T11:50:00Z,Team Total (Double Faults) Home,9,"{'hdp': 19.5, 'over': '26.00'}"
72829928,2026-07-22,WTA,Hamburg,Bet365,Alina Charaeva,Sinja Kraus,match_double_faults,7.5,1.0600,,2026-07-22T10:35:37Z,2026-07-22T11:50:00Z,Totals (Double Faults),8,"{'hdp': 7.5, 'over': '1.06'}"
72829928,2026-07-22,WTA,Hamburg,Bet365,Alina Charaeva,Sinja Kraus,match_double_faults,9.5,1.1600,,2026-07-22T10:35:37Z,2026-07-22T11:50:00Z,Totals (Double Faults),8,"{'hdp': 9.5, 'over': '1.16'}"
72829928,2026-07-22,WTA,Hamburg,Bet365,Alina Charaeva,Sinja Kraus,match_double_faults,11.5,1.3600,,2026-07-22T10:35:37Z,2026-07-22T11:50:00Z,Totals (Double Faults),8,"{'hdp': 11.5, 'over': '1.36'}"
72829928,2026-07-22,WTA,Hamburg,Bet365,Alina Charaeva,Sinja Kraus,match_double_faults,14.5,2.0000,,2026-07-22T10:35:37Z,2026-07-22T11:50:00Z,Totals (Double Faults),8,"{'hdp': 14.5, 'over': '2.00'}"
72829928,2026-07-22,WTA,Hamburg,Bet365,Alina Charaeva,Sinja Kraus,match_double_faults,19.5,5.0000,,2026-07-22T10:35:37Z,2026-07-22T11:50:00Z,Totals (Double Faults),8,"{'hdp': 19.5, 'over': '5.00'}"
72829928,2026-07-22,WTA,Hamburg,Bet365,Alina Charaeva,Sinja Kraus,match_double_faults,24.5,15.0000,,2026-07-22T10:35:37Z,2026-07-22T11:50:00Z,Totals (Double Faults),8,"{'hdp': 24.5, 'over': '15.00'}"
72830094,2026-07-22,WTA,Prague,Bet365,Oceane Dodin,Dominika Salkova,aces,2.5,1.1200,,2026-07-22T10:35:37Z,2026-07-22T12:35:00Z,Team Total (Aces) Away,6,"{'hdp': 2.5, 'over': '1.12'}"
72830094,2026-07-22,WTA,Prague,Bet365,Oceane Dodin,Dominika Salkova,aces,4.5,1.4000,,2026-07-22T10:35:37Z,2026-07-22T12:35:00Z,Team Total (Aces) Away,6,"{'hdp': 4.5, 'over': '1.40'}"
72830094,2026-07-22,WTA,Prague,Bet365,Oceane Dodin,Dominika Salkova,aces,9.5,3.7500,,2026-07-22T10:35:37Z,2026-07-22T12:35:00Z,Team Total (Aces) Away,6,"{'hdp': 9.5, 'over': '3.75'}"
72830094,2026-07-22,WTA,Prague,Bet365,Oceane Dodin,Dominika Salkova,aces,14.5,13.0000,,2026-07-22T10:35:37Z,2026-07-22T12:35:00Z,Team Total (Aces) Away,6,"{'hdp': 14.5, 'over': '13.00'}"
72830094,2026-07-22,WTA,Prague,Bet365,Oceane Dodin,Dominika Salkova,aces,19.5,26.0000,,2026-07-22T10:35:37Z,2026-07-22T12:35:00Z,Team Total (Aces) Away,6,"{'hdp': 19.5, 'over': '26.00'}"
72830094,2026-07-22,WTA,Prague,Bet365,Dominika Salkova,Oceane Dodin,aces,2.5,1.0800,,2026-07-22T10:35:37Z,2026-07-22T12:35:00Z,Team Total (Aces) Home,6,"{'hdp': 2.5, 'over': '1.08'}"
72830094,2026-07-22,WTA,Prague,Bet365,Dominika Salkova,Oceane Dodin,aces,4.5,1.3300,,2026-07-22T10:35:37Z,2026-07-22T12:35:00Z,Team Total (Aces) Home,6,"{'hdp': 4.5, 'over': '1.33'}"
72830094,2026-07-22,WTA,Prague,Bet365,Dominika Salkova,Oceane Dodin,aces,9.5,3.7500,,2026-07-22T10:35:37Z,2026-07-22T12:35:00Z,Team Total (Aces) Home,6,"{'hdp': 9.5, 'over': '3.75'}"
72830094,2026-07-22,WTA,Prague,Bet365,Dominika Salkova,Oceane Dodin,aces,14.5,15.0000,,2026-07-22T10:35:37Z,2026-07-22T12:35:00Z,Team Total (Aces) Home,6,"{'hdp': 14.5, 'over': '15.00'}"
72830094,2026-07-22,WTA,Prague,Bet365,Dominika Salkova,Oceane Dodin,aces,19.5,26.0000,,2026-07-22T10:35:37Z,2026-07-22T12:35:00Z,Team Total (Aces) Home,6,"{'hdp': 19.5, 'over': '26.00'}"
72830094,2026-07-22,WTA,Prague,Bet365,Oceane Dodin,Dominika Salkova,double_faults,4.5,1.0300,,2026-07-22T10:35:37Z,2026-07-22T12:35:00Z,Team Total (Double Faults) Away,9,"{'hdp': 4.5, 'over': '1.03'}"
72830094,2026-07-22,WTA,Prague,Bet365,Oceane Dodin,Dominika Salkova,double_faults,7.5,1.2200,,2026-07-22T10:35:37Z,2026-07-22T12:35:00Z,Team Total (Double Faults) Away,9,"{'hdp': 7.5, 'over': '1.22'}"
72830094,2026-07-22,WTA,Prague,Bet365,Oceane Dodin,Dominika Salkova,double_faults,9.5,1.5700,,2026-07-22T10:35:37Z,2026-07-22T12:35:00Z,Team Total (Double Faults) Away,9,"{'hdp': 9.5, 'over': '1.57'}"
72830094,2026-07-22,WTA,Prague,Bet365,Oceane Dodin,Dominika Salkova,double_faults,11.5,2.1000,,2026-07-22T10:35:37Z,2026-07-22T12:35:00Z,Team Total (Double Faults) Away,9,"{'hdp': 11.5, 'over': '2.10'}"
72830094,2026-07-22,WTA,Prague,Bet365,Oceane Dodin,Dominika Salkova,double_faults,14.5,4.0000,,2026-07-22T10:35:37Z,2026-07-22T12:35:00Z,Team Total (Double Faults) Away,9,"{'hdp': 14.5, 'over': '4.00'}"
72830094,2026-07-22,WTA,Prague,Bet365,Oceane Dodin,Dominika Salkova,double_faults,19.5,15.0000,,2026-07-22T10:35:37Z,2026-07-22T12:35:00Z,Team Total (Double Faults) Away,9,"{'hdp': 19.5, 'over': '15.00'}"
72830094,2026-07-22,WTA,Prague,Bet365,Oceane Dodin,Dominika Salkova,double_faults,24.5,26.0000,,2026-07-22T10:35:37Z,2026-07-22T12:35:00Z,Team Total (Double Faults) Away,9,"{'hdp': 24.5, 'over': '26.00'}"
72830094,2026-07-22,WTA,Prague,Bet365,Dominika Salkova,Oceane Dodin,match_aces,4.5,1.0300,,2026-07-22T10:35:37Z,2026-07-22T12:35:00Z,Totals (Aces),8,"{'hdp': 4.5, 'over': '1.03'}"
72830094,2026-07-22,WTA,Prague,Bet365,Dominika Salkova,Oceane Dodin,match_aces,9.5,1.3300,,2026-07-22T10:35:37Z,2026-07-22T12:35:00Z,Totals (Aces),8,"{'hdp': 9.5, 'over': '1.33'}"
72830094,2026-07-22,WTA,Prague,Bet365,Dominika Salkova,Oceane Dodin,match_aces,14.5,2.2000,,2026-07-22T10:35:37Z,2026-07-22T12:35:00Z,Totals (Aces),8,"{'hdp': 14.5, 'over': '2.20'}"
72830094,2026-07-22,WTA,Prague,Bet365,Dominika Salkova,Oceane Dodin,match_aces,19.5,4.3300,,2026-07-22T10:35:37Z,2026-07-22T12:35:00Z,Totals (Aces),8,"{'hdp': 19.5, 'over': '4.33'}"
72830094,2026-07-22,WTA,Prague,Bet365,Dominika Salkova,Oceane Dodin,match_aces,24.5,10.0000,,2026-07-22T10:35:37Z,2026-07-22T12:35:00Z,Totals (Aces),8,"{'hdp': 24.5, 'over': '10.00'}"
72830094,2026-07-22,WTA,Prague,Bet365,Dominika Salkova,Oceane Dodin,match_aces,29.5,21.0000,,2026-07-22T10:35:37Z,2026-07-22T12:35:00Z,Totals (Aces),8,"{'hdp': 29.5, 'over': '21.00'}"
72830094,2026-07-22,WTA,Prague,Bet365,Dominika Salkova,Oceane Dodin,match_aces,39.5,26.0000,,2026-07-22T10:35:37Z,2026-07-22T12:35:00Z,Totals (Aces),8,"{'hdp': 39.5, 'over': '26.00'}"
72830094,2026-07-22,WTA,Prague,Bet365,Dominika Salkova,Oceane Dodin,match_double_faults,7.5,1.0300,,2026-07-22T10:35:37Z,2026-07-22T12:35:00Z,Totals (Double Faults),7,"{'hdp': 7.5, 'over': '1.03'}"
72830094,2026-07-22,WTA,Prague,Bet365,Dominika Salkova,Oceane Dodin,match_double_faults,9.5,1.1000,,2026-07-22T10:35:37Z,2026-07-22T12:35:00Z,Totals (Double Faults),7,"{'hdp': 9.5, 'over': '1.10'}"
72830094,2026-07-22,WTA,Prague,Bet365,Dominika Salkova,Oceane Dodin,match_double_faults,11.5,1.2500,,2026-07-22T10:35:37Z,2026-07-22T12:35:00Z,Totals (Double Faults),7,"{'hdp': 11.5, 'over': '1.25'}"
72830094,2026-07-22,WTA,Prague,Bet365,Dominika Salkova,Oceane Dodin,match_double_faults,14.5,1.6600,,2026-07-22T10:35:37Z,2026-07-22T12:35:00Z,Totals (Double Faults),7,"{'hdp': 14.5, 'over': '1.66'}"
72830094,2026-07-22,WTA,Prague,Bet365,Dominika Salkova,Oceane Dodin,match_double_faults,19.5,3.5000,,2026-07-22T10:35:37Z,2026-07-22T12:35:00Z,Totals (Double Faults),7,"{'hdp': 19.5, 'over': '3.50'}"
72830094,2026-07-22,WTA,Prague,Bet365,Dominika Salkova,Oceane Dodin,match_double_faults,24.5,10.0000,,2026-07-22T10:35:37Z,2026-07-22T12:35:00Z,Totals (Double Faults),7,"{'hdp': 24.5, 'over': '10.00'}"
72830094,2026-07-22,WTA,Prague,Bet365,Dominika Salkova,Oceane Dodin,double_faults,0.5,1.0100,,2026-07-22T10:35:37Z,2026-07-22T12:35:00Z,Team Total (Double Faults) Home,7,"{'hdp': 0.5, 'over': '1.01'}"
72830094,2026-07-22,WTA,Prague,Bet365,Dominika Salkova,Oceane Dodin,double_faults,1.5,1.0800,,2026-07-22T10:35:37Z,2026-07-22T12:35:00Z,Team Total (Double Faults) Home,7,"{'hdp': 1.5, 'over': '1.08'}"
72830094,2026-07-22,WTA,Prague,Bet365,Dominika Salkova,Oceane Dodin,double_faults,2.5,1.2200,,2026-07-22T10:35:37Z,2026-07-22T12:35:00Z,Team Total (Double Faults) Home,7,"{'hdp': 2.5, 'over': '1.22'}"
72830094,2026-07-22,WTA,Prague,Bet365,Dominika Salkova,Oceane Dodin,double_faults,4.5,1.8300,,2026-07-22T10:35:37Z,2026-07-22T12:35:00Z,Team Total (Double Faults) Home,7,"{'hdp': 4.5, 'over': '1.83'}"
72830094,2026-07-22,WTA,Prague,Bet365,Dominika Salkova,Oceane Dodin,double_faults,7.5,5.5000,,2026-07-22T10:35:37Z,2026-07-22T12:35:00Z,Team Total (Double Faults) Home,7,"{'hdp': 7.5, 'over': '5.50'}"
72830094,2026-07-22,WTA,Prague,Bet365,Dominika Salkova,Oceane Dodin,double_faults,9.5,11.0000,,2026-07-22T10:35:37Z,2026-07-22T12:35:00Z,Team Total (Double Faults) Home,7,"{'hdp': 9.5, 'over': '11.00'}"
72830094,2026-07-22,WTA,Prague,Bet365,Dominika Salkova,Oceane Dodin,double_faults,11.5,26.0000,,2026-07-22T10:35:37Z,2026-07-22T12:35:00Z,Team Total (Double Faults) Home,7,"{'hdp': 11.5, 'over': '26.00'}"
72827264,2026-07-22,ATP,Estoril,Bet365,Kyrian Jacquet,Alexander Blockx,aces,0.5,1.0100,,2026-07-22T10:35:37Z,2026-07-22T17:10:00Z,Team Total (Aces) Home,5,"{'hdp': 0.5, 'over': '1.01'}"
72827264,2026-07-22,ATP,Estoril,Bet365,Kyrian Jacquet,Alexander Blockx,aces,2.5,1.1800,,2026-07-22T10:35:37Z,2026-07-22T17:10:00Z,Team Total (Aces) Home,5,"{'hdp': 2.5, 'over': '1.18'}"
72827264,2026-07-22,ATP,Estoril,Bet365,Kyrian Jacquet,Alexander Blockx,aces,4.5,1.6600,,2026-07-22T10:35:37Z,2026-07-22T17:10:00Z,Team Total (Aces) Home,5,"{'hdp': 4.5, 'over': '1.66'}"
72827264,2026-07-22,ATP,Estoril,Bet365,Kyrian Jacquet,Alexander Blockx,aces,9.5,6.5000,,2026-07-22T10:35:37Z,2026-07-22T17:10:00Z,Team Total (Aces) Home,5,"{'hdp': 9.5, 'over': '6.50'}"
72827264,2026-07-22,ATP,Estoril,Bet365,Kyrian Jacquet,Alexander Blockx,aces,14.5,26.0000,,2026-07-22T10:35:37Z,2026-07-22T17:10:00Z,Team Total (Aces) Home,5,"{'hdp': 14.5, 'over': '26.00'}"
72827264,2026-07-22,ATP,Estoril,Bet365,Alexander Blockx,Kyrian Jacquet,double_faults,0.5,1.0100,,2026-07-22T10:35:37Z,2026-07-22T17:10:00Z,Team Total (Double Faults) Away,7,"{'hdp': 0.5, 'over': '1.01'}"
72827264,2026-07-22,ATP,Estoril,Bet365,Alexander Blockx,Kyrian Jacquet,double_faults,1.5,1.1000,,2026-07-22T10:35:37Z,2026-07-22T17:10:00Z,Team Total (Double Faults) Away,7,"{'hdp': 1.5, 'over': '1.10'}"
72827264,2026-07-22,ATP,Estoril,Bet365,Alexander Blockx,Kyrian Jacquet,double_faults,2.5,1.2800,,2026-07-22T10:35:37Z,2026-07-22T17:10:00Z,Team Total (Double Faults) Away,7,"{'hdp': 2.5, 'over': '1.28'}"
72827264,2026-07-22,ATP,Estoril,Bet365,Alexander Blockx,Kyrian Jacquet,double_faults,4.5,2.1000,,2026-07-22T10:35:37Z,2026-07-22T17:10:00Z,Team Total (Double Faults) Away,7,"{'hdp': 4.5, 'over': '2.10'}"
72827264,2026-07-22,ATP,Estoril,Bet365,Alexander Blockx,Kyrian Jacquet,double_faults,7.5,6.5000,,2026-07-22T10:35:37Z,2026-07-22T17:10:00Z,Team Total (Double Faults) Away,7,"{'hdp': 7.5, 'over': '6.50'}"
72827264,2026-07-22,ATP,Estoril,Bet365,Alexander Blockx,Kyrian Jacquet,double_faults,9.5,15.0000,,2026-07-22T10:35:37Z,2026-07-22T17:10:00Z,Team Total (Double Faults) Away,7,"{'hdp': 9.5, 'over': '15.00'}"
72827264,2026-07-22,ATP,Estoril,Bet365,Alexander Blockx,Kyrian Jacquet,double_faults,11.5,26.0000,,2026-07-22T10:35:37Z,2026-07-22T17:10:00Z,Team Total (Double Faults) Away,7,"{'hdp': 11.5, 'over': '26.00'}"
72827264,2026-07-22,ATP,Estoril,Bet365,Kyrian Jacquet,Alexander Blockx,double_faults,1.5,1.0200,,2026-07-22T10:35:37Z,2026-07-22T17:10:00Z,Team Total (Double Faults) Home,8,"{'hdp': 1.5, 'over': '1.02'}"
72827264,2026-07-22,ATP,Estoril,Bet365,Kyrian Jacquet,Alexander Blockx,double_faults,2.5,1.1000,,2026-07-22T10:35:37Z,2026-07-22T17:10:00Z,Team Total (Double Faults) Home,8,"{'hdp': 2.5, 'over': '1.10'}"
72827264,2026-07-22,ATP,Estoril,Bet365,Kyrian Jacquet,Alexander Blockx,double_faults,4.5,1.5000,,2026-07-22T10:35:37Z,2026-07-22T17:10:00Z,Team Total (Double Faults) Home,8,"{'hdp': 4.5, 'over': '1.50'}"
72827264,2026-07-22,ATP,Estoril,Bet365,Kyrian Jacquet,Alexander Blockx,double_faults,7.5,3.5000,,2026-07-22T10:35:37Z,2026-07-22T17:10:00Z,Team Total (Double Faults) Home,8,"{'hdp': 7.5, 'over': '3.50'}"
72827264,2026-07-22,ATP,Estoril,Bet365,Kyrian Jacquet,Alexander Blockx,double_faults,9.5,8.0000,,2026-07-22T10:35:37Z,2026-07-22T17:10:00Z,Team Total (Double Faults) Home,8,"{'hdp': 9.5, 'over': '8.00'}"
72827264,2026-07-22,ATP,Estoril,Bet365,Kyrian Jacquet,Alexander Blockx,double_faults,11.5,17.0000,,2026-07-22T10:35:37Z,2026-07-22T17:10:00Z,Team Total (Double Faults) Home,8,"{'hdp': 11.5, 'over': '17.00'}"
72827264,2026-07-22,ATP,Estoril,Bet365,Kyrian Jacquet,Alexander Blockx,double_faults,14.5,26.0000,,2026-07-22T10:35:37Z,2026-07-22T17:10:00Z,Team Total (Double Faults) Home,8,"{'hdp': 14.5, 'over': '26.00'}"
72827264,2026-07-22,ATP,Estoril,Bet365,Kyrian Jacquet,Alexander Blockx,match_double_faults,4.5,1.0400,,2026-07-22T10:35:37Z,2026-07-22T17:10:00Z,Totals (Double Faults),9,"{'hdp': 4.5, 'over': '1.04'}"
72827264,2026-07-22,ATP,Estoril,Bet365,Kyrian Jacquet,Alexander Blockx,match_double_faults,7.5,1.3000,,2026-07-22T10:35:37Z,2026-07-22T17:10:00Z,Totals (Double Faults),9,"{'hdp': 7.5, 'over': '1.30'}"
72827264,2026-07-22,ATP,Estoril,Bet365,Kyrian Jacquet,Alexander Blockx,match_double_faults,9.5,1.7200,,2026-07-22T10:35:37Z,2026-07-22T17:10:00Z,Totals (Double Faults),9,"{'hdp': 9.5, 'over': '1.72'}"
72827264,2026-07-22,ATP,Estoril,Bet365,Kyrian Jacquet,Alexander Blockx,match_double_faults,11.5,2.6200,,2026-07-22T10:35:37Z,2026-07-22T17:10:00Z,Totals (Double Faults),9,"{'hdp': 11.5, 'over': '2.62'}"
72827264,2026-07-22,ATP,Estoril,Bet365,Kyrian Jacquet,Alexander Blockx,match_double_faults,14.5,5.5000,,2026-07-22T10:35:37Z,2026-07-22T17:10:00Z,Totals (Double Faults),9,"{'hdp': 14.5, 'over': '5.50'}"
72827264,2026-07-22,ATP,Estoril,Bet365,Kyrian Jacquet,Alexander Blockx,match_double_faults,19.5,23.0000,,2026-07-22T10:35:37Z,2026-07-22T17:10:00Z,Totals (Double Faults),9,"{'hdp': 19.5, 'over': '23.00'}"
72827264,2026-07-22,ATP,Estoril,Bet365,Kyrian Jacquet,Alexander Blockx,match_double_faults,24.5,26.0000,,2026-07-22T10:35:37Z,2026-07-22T17:10:00Z,Totals (Double Faults),9,"{'hdp': 24.5, 'over': '26.00'}"
72827264,2026-07-22,ATP,Estoril,Bet365,Alexander Blockx,Kyrian Jacquet,aces,2.5,1.1400,,2026-07-22T10:35:37Z,2026-07-22T17:10:00Z,Team Total (Aces) Away,5,"{'hdp': 2.5, 'over': '1.14'}"
72827264,2026-07-22,ATP,Estoril,Bet365,Alexander Blockx,Kyrian Jacquet,aces,4.5,1.5700,,2026-07-22T10:35:37Z,2026-07-22T17:10:00Z,Team Total (Aces) Away,5,"{'hdp': 4.5, 'over': '1.57'}"
72827264,2026-07-22,ATP,Estoril,Bet365,Alexander Blockx,Kyrian Jacquet,aces,9.5,6.0000,,2026-07-22T10:35:37Z,2026-07-22T17:10:00Z,Team Total (Aces) Away,5,"{'hdp': 9.5, 'over': '6.00'}"
72827264,2026-07-22,ATP,Estoril,Bet365,Alexander Blockx,Kyrian Jacquet,aces,14.5,26.0000,,2026-07-22T10:35:37Z,2026-07-22T17:10:00Z,Team Total (Aces) Away,5,"{'hdp': 14.5, 'over': '26.00'}"
72827264,2026-07-22,ATP,Estoril,Bet365,Kyrian Jacquet,Alexander Blockx,match_aces,2.5,1.0100,,2026-07-22T10:35:37Z,2026-07-22T17:10:00Z,Totals (Aces),8,"{'hdp': 2.5, 'over': '1.01'}"
72827264,2026-07-22,ATP,Estoril,Bet365,Kyrian Jacquet,Alexander Blockx,match_aces,4.5,1.0700,,2026-07-22T10:35:37Z,2026-07-22T17:10:00Z,Totals (Aces),8,"{'hdp': 4.5, 'over': '1.07'}"
72827264,2026-07-22,ATP,Estoril,Bet365,Kyrian Jacquet,Alexander Blockx,match_aces,9.5,1.6100,,2026-07-22T10:35:37Z,2026-07-22T17:10:00Z,Totals (Aces),8,"{'hdp': 9.5, 'over': '1.61'}"
72827264,2026-07-22,ATP,Estoril,Bet365,Kyrian Jacquet,Alexander Blockx,match_aces,14.5,3.5000,,2026-07-22T10:35:37Z,2026-07-22T17:10:00Z,Totals (Aces),8,"{'hdp': 14.5, 'over': '3.50'}"
72827264,2026-07-22,ATP,Estoril,Bet365,Kyrian Jacquet,Alexander Blockx,match_aces,19.5,9.0000,,2026-07-22T10:35:37Z,2026-07-22T17:10:00Z,Totals (Aces),8,"{'hdp': 19.5, 'over': '9.00'}"
72827264,2026-07-22,ATP,Estoril,Bet365,Kyrian Jacquet,Alexander Blockx,match_aces,24.5,23.0000,,2026-07-22T10:35:37Z,2026-07-22T17:10:00Z,Totals (Aces),8,"{'hdp': 24.5, 'over': '23.00'}"
72827264,2026-07-22,ATP,Estoril,Bet365,Kyrian Jacquet,Alexander Blockx,match_aces,29.5,26.0000,,2026-07-22T10:35:37Z,2026-07-22T17:10:00Z,Totals (Aces),8,"{'hdp': 29.5, 'over': '26.00'}"
72829938,2026-07-22,WTA,Hamburg,Bet365,Julia Stusek,Tamara Korpatsch,aces,0.5,1.2200,,2026-07-22T10:35:37Z,2026-07-22T11:50:00Z,Team Total (Aces) Away,4,"{'hdp': 0.5, 'over': '1.22'}"
72829938,2026-07-22,WTA,Hamburg,Bet365,Julia Stusek,Tamara Korpatsch,aces,2.5,3.0000,,2026-07-22T10:35:37Z,2026-07-22T11:50:00Z,Team Total (Aces) Away,4,"{'hdp': 2.5, 'over': '3.00'}"
72829938,2026-07-22,WTA,Hamburg,Bet365,Julia Stusek,Tamara Korpatsch,aces,4.5,10.0000,,2026-07-22T10:35:37Z,2026-07-22T11:50:00Z,Team Total (Aces) Away,4,"{'hdp': 4.5, 'over': '10.00'}"
72829938,2026-07-22,WTA,Hamburg,Bet365,Julia Stusek,Tamara Korpatsch,aces,9.5,26.0000,,2026-07-22T10:35:37Z,2026-07-22T11:50:00Z,Team Total (Aces) Away,4,"{'hdp': 9.5, 'over': '26.00'}"
72829938,2026-07-22,WTA,Hamburg,Bet365,Tamara Korpatsch,Julia Stusek,aces,0.5,1.0500,,2026-07-22T10:35:37Z,2026-07-22T11:50:00Z,Team Total (Aces) Home,4,"{'hdp': 0.5, 'over': '1.05'}"
72829938,2026-07-22,WTA,Hamburg,Bet365,Tamara Korpatsch,Julia Stusek,aces,2.5,1.6600,,2026-07-22T10:35:37Z,2026-07-22T11:50:00Z,Team Total (Aces) Home,4,"{'hdp': 2.5, 'over': '1.66'}"
72829938,2026-07-22,WTA,Hamburg,Bet365,Tamara Korpatsch,Julia Stusek,aces,4.5,3.7500,,2026-07-22T10:35:37Z,2026-07-22T11:50:00Z,Team Total (Aces) Home,4,"{'hdp': 4.5, 'over': '3.75'}"
72829938,2026-07-22,WTA,Hamburg,Bet365,Tamara Korpatsch,Julia Stusek,aces,9.5,26.0000,,2026-07-22T10:35:37Z,2026-07-22T11:50:00Z,Team Total (Aces) Home,4,"{'hdp': 9.5, 'over': '26.00'}"
72829938,2026-07-22,WTA,Hamburg,Bet365,Tamara Korpatsch,Julia Stusek,double_faults,0.5,1.0200,,2026-07-22T10:35:37Z,2026-07-22T11:50:00Z,Team Total (Double Faults) Home,7,"{'hdp': 0.5, 'over': '1.02'}"
72829938,2026-07-22,WTA,Hamburg,Bet365,Tamara Korpatsch,Julia Stusek,double_faults,7.5,7.0000,,2026-07-22T10:35:37Z,2026-07-22T11:50:00Z,Team Total (Double Faults) Home,7,"{'hdp': 7.5, 'over': '7.00'}"
72829938,2026-07-22,WTA,Hamburg,Bet365,Tamara Korpatsch,Julia Stusek,double_faults,11.5,26.0000,,2026-07-22T10:35:37Z,2026-07-22T11:50:00Z,Team Total (Double Faults) Home,7,"{'hdp': 11.5, 'over': '26.00'}"
72829938,2026-07-22,WTA,Hamburg,Bet365,Tamara Korpatsch,Julia Stusek,double_faults,1.5,1.1400,,2026-07-22T10:35:37Z,2026-07-22T11:50:00Z,Team Total (Double Faults) Home,7,"{'hdp': 1.5, 'over': '1.14'}"
72829938,2026-07-22,WTA,Hamburg,Bet365,Tamara Korpatsch,Julia Stusek,double_faults,2.5,1.3600,,2026-07-22T10:35:37Z,2026-07-22T11:50:00Z,Team Total (Double Faults) Home,7,"{'hdp': 2.5, 'over': '1.36'}"
72829938,2026-07-22,WTA,Hamburg,Bet365,Tamara Korpatsch,Julia Stusek,double_faults,4.5,2.3700,,2026-07-22T10:35:37Z,2026-07-22T11:50:00Z,Team Total (Double Faults) Home,7,"{'hdp': 4.5, 'over': '2.37'}"
72829938,2026-07-22,WTA,Hamburg,Bet365,Tamara Korpatsch,Julia Stusek,double_faults,9.5,17.0000,,2026-07-22T10:35:37Z,2026-07-22T11:50:00Z,Team Total (Double Faults) Home,7,"{'hdp': 9.5, 'over': '17.00'}"
72829938,2026-07-22,WTA,Hamburg,Bet365,Tamara Korpatsch,Julia Stusek,match_double_faults,4.5,1.0100,,2026-07-22T10:35:37Z,2026-07-22T11:50:00Z,Totals (Double Faults),9,"{'hdp': 4.5, 'over': '1.01'}"
72829938,2026-07-22,WTA,Hamburg,Bet365,Tamara Korpatsch,Julia Stusek,match_double_faults,14.5,3.0000,,2026-07-22T10:35:37Z,2026-07-22T11:50:00Z,Totals (Double Faults),9,"{'hdp': 14.5, 'over': '3.00'}"
72829938,2026-07-22,WTA,Hamburg,Bet365,Tamara Korpatsch,Julia Stusek,match_double_faults,19.5,10.0000,,2026-07-22T10:35:37Z,2026-07-22T11:50:00Z,Totals (Double Faults),9,"{'hdp': 19.5, 'over': '10.00'}"
72829938,2026-07-22,WTA,Hamburg,Bet365,Tamara Korpatsch,Julia Stusek,match_double_faults,24.5,26.0000,,2026-07-22T10:35:37Z,2026-07-22T11:50:00Z,Totals (Double Faults),9,"{'hdp': 24.5, 'over': '26.00'}"
72829938,2026-07-22,WTA,Hamburg,Bet365,Tamara Korpatsch,Julia Stusek,match_double_faults,7.5,1.1400,,2026-07-22T10:35:37Z,2026-07-22T11:50:00Z,Totals (Double Faults),9,"{'hdp': 7.5, 'over': '1.14'}"
72829938,2026-07-22,WTA,Hamburg,Bet365,Tamara Korpatsch,Julia Stusek,match_double_faults,9.5,1.3600,,2026-07-22T10:35:37Z,2026-07-22T11:50:00Z,Totals (Double Faults),9,"{'hdp': 9.5, 'over': '1.36'}"
72829938,2026-07-22,WTA,Hamburg,Bet365,Tamara Korpatsch,Julia Stusek,match_double_faults,11.5,1.8000,,2026-07-22T10:35:37Z,2026-07-22T11:50:00Z,Totals (Double Faults),9,"{'hdp': 11.5, 'over': '1.80'}"
72829938,2026-07-22,WTA,Hamburg,Bet365,Julia Stusek,Tamara Korpatsch,double_faults,2.5,1.0100,,2026-07-22T10:35:37Z,2026-07-22T11:50:00Z,Team Total (Double Faults) Away,9,"{'hdp': 2.5, 'over': '1.01'}"
72829938,2026-07-22,WTA,Hamburg,Bet365,Julia Stusek,Tamara Korpatsch,double_faults,4.5,1.1200,,2026-07-22T10:35:37Z,2026-07-22T11:50:00Z,Team Total (Double Faults) Away,9,"{'hdp': 4.5, 'over': '1.12'}"
72829938,2026-07-22,WTA,Hamburg,Bet365,Julia Stusek,Tamara Korpatsch,double_faults,9.5,2.7500,,2026-07-22T10:35:37Z,2026-07-22T11:50:00Z,Team Total (Double Faults) Away,9,"{'hdp': 9.5, 'over': '2.75'}"
72829938,2026-07-22,WTA,Hamburg,Bet365,Julia Stusek,Tamara Korpatsch,double_faults,11.5,5.0000,,2026-07-22T10:35:37Z,2026-07-22T11:50:00Z,Team Total (Double Faults) Away,9,"{'hdp': 11.5, 'over': '5.00'}"
72829938,2026-07-22,WTA,Hamburg,Bet365,Julia Stusek,Tamara Korpatsch,double_faults,19.5,26.0000,,2026-07-22T10:35:37Z,2026-07-22T11:50:00Z,Team Total (Double Faults) Away,9,"{'hdp': 19.5, 'over': '26.00'}"
72829938,2026-07-22,WTA,Hamburg,Bet365,Julia Stusek,Tamara Korpatsch,double_faults,7.5,1.8000,,2026-07-22T10:35:37Z,2026-07-22T11:50:00Z,Team Total (Double Faults) Away,9,"{'hdp': 7.5, 'over': '1.80'}"
72829938,2026-07-22,WTA,Hamburg,Bet365,Julia Stusek,Tamara Korpatsch,double_faults,14.5,15.0000,,2026-07-22T10:35:37Z,2026-07-22T11:50:00Z,Team Total (Double Faults) Away,9,"{'hdp': 14.5, 'over': '15.00'}"
72829938,2026-07-22,WTA,Hamburg,Bet365,Tamara Korpatsch,Julia Stusek,match_aces,0.5,1.0100,,2026-07-22T10:35:37Z,2026-07-22T11:50:00Z,Totals (Aces),5,"{'hdp': 0.5, 'over': '1.01'}"
72829938,2026-07-22,WTA,Hamburg,Bet365,Tamara Korpatsch,Julia Stusek,match_aces,2.5,1.2000,,2026-07-22T10:35:37Z,2026-07-22T11:50:00Z,Totals (Aces),5,"{'hdp': 2.5, 'over': '1.20'}"
72829938,2026-07-22,WTA,Hamburg,Bet365,Tamara Korpatsch,Julia Stusek,match_aces,4.5,1.8300,,2026-07-22T10:35:37Z,2026-07-22T11:50:00Z,Totals (Aces),5,"{'hdp': 4.5, 'over': '1.83'}"
72829938,2026-07-22,WTA,Hamburg,Bet365,Tamara Korpatsch,Julia Stusek,match_aces,9.5,10.0000,,2026-07-22T10:35:37Z,2026-07-22T11:50:00Z,Totals (Aces),5,"{'hdp': 9.5, 'over': '10.00'}"
72829938,2026-07-22,WTA,Hamburg,Bet365,Tamara Korpatsch,Julia Stusek,match_aces,14.5,26.0000,,2026-07-22T10:35:37Z,2026-07-22T11:50:00Z,Totals (Aces),5,"{'hdp': 14.5, 'over': '26.00'}"
72827342,2026-07-22,ATP,Kitzbuhel,Bet365,Facundo Diaz Acosta,Alexander Bublik,aces,4.5,1.3600,,2026-07-22T10:35:37Z,2026-07-22T13:00:00Z,Team Total (Aces) Away,6,"{'hdp': 4.5, 'over': '1.36'}"
72827342,2026-07-22,ATP,Kitzbuhel,Bet365,Facundo Diaz Acosta,Alexander Bublik,aces,14.5,13.0000,,2026-07-22T10:35:37Z,2026-07-22T13:00:00Z,Team Total (Aces) Away,6,"{'hdp': 14.5, 'over': '13.00'}"
72827342,2026-07-22,ATP,Kitzbuhel,Bet365,Facundo Diaz Acosta,Alexander Bublik,aces,19.5,26.0000,,2026-07-22T10:35:37Z,2026-07-22T13:00:00Z,Team Total (Aces) Away,6,"{'hdp': 19.5, 'over': '26.00'}"
72827342,2026-07-22,ATP,Kitzbuhel,Bet365,Facundo Diaz Acosta,Alexander Bublik,aces,2.5,1.1000,,2026-07-22T10:35:37Z,2026-07-22T13:00:00Z,Team Total (Aces) Away,6,"{'hdp': 2.5, 'over': '1.10'}"
72827342,2026-07-22,ATP,Kitzbuhel,Bet365,Facundo Diaz Acosta,Alexander Bublik,aces,9.5,3.7500,,2026-07-22T10:35:37Z,2026-07-22T13:00:00Z,Team Total (Aces) Away,6,"{'hdp': 9.5, 'over': '3.75'}"
72827342,2026-07-22,ATP,Kitzbuhel,Bet365,Facundo Diaz Acosta,Alexander Bublik,double_faults,0.5,1.0700,,2026-07-22T10:35:37Z,2026-07-22T13:00:00Z,Team Total (Double Faults) Away,5,"{'hdp': 0.5, 'over': '1.07'}"
72827342,2026-07-22,ATP,Kitzbuhel,Bet365,Facundo Diaz Acosta,Alexander Bublik,double_faults,1.5,1.3600,,2026-07-22T10:35:37Z,2026-07-22T13:00:00Z,Team Total (Double Faults) Away,5,"{'hdp': 1.5, 'over': '1.36'}"
72827342,2026-07-22,ATP,Kitzbuhel,Bet365,Facundo Diaz Acosta,Alexander Bublik,double_faults,2.5,2.0000,,2026-07-22T10:35:37Z,2026-07-22T13:00:00Z,Team Total (Double Faults) Away,5,"{'hdp': 2.5, 'over': '2.00'}"
72827342,2026-07-22,ATP,Kitzbuhel,Bet365,Facundo Diaz Acosta,Alexander Bublik,double_faults,4.5,6.5000,,2026-07-22T10:35:37Z,2026-07-22T13:00:00Z,Team Total (Double Faults) Away,5,"{'hdp': 4.5, 'over': '6.50'}"
72827342,2026-07-22,ATP,Kitzbuhel,Bet365,Facundo Diaz Acosta,Alexander Bublik,double_faults,7.5,26.0000,,2026-07-22T10:35:37Z,2026-07-22T13:00:00Z,Team Total (Double Faults) Away,5,"{'hdp': 7.5, 'over': '26.00'}"
72827342,2026-07-22,ATP,Kitzbuhel,Bet365,Alexander Bublik,Facundo Diaz Acosta,match_aces,9.5,1.1000,,2026-07-22T10:35:37Z,2026-07-22T13:00:00Z,Totals (Aces),8,"{'hdp': 9.5, 'over': '1.10'}"
72827342,2026-07-22,ATP,Kitzbuhel,Bet365,Alexander Bublik,Facundo Diaz Acosta,match_aces,14.5,1.4400,,2026-07-22T10:35:37Z,2026-07-22T13:00:00Z,Totals (Aces),8,"{'hdp': 14.5, 'over': '1.44'}"
72827342,2026-07-22,ATP,Kitzbuhel,Bet365,Alexander Bublik,Facundo Diaz Acosta,match_aces,19.5,2.2000,,2026-07-22T10:35:37Z,2026-07-22T13:00:00Z,Totals (Aces),8,"{'hdp': 19.5, 'over': '2.20'}"
72827342,2026-07-22,ATP,Kitzbuhel,Bet365,Alexander Bublik,Facundo Diaz Acosta,match_aces,24.5,3.7500,,2026-07-22T10:35:37Z,2026-07-22T13:00:00Z,Totals (Aces),8,"{'hdp': 24.5, 'over': '3.75'}"
72827342,2026-07-22,ATP,Kitzbuhel,Bet365,Alexander Bublik,Facundo Diaz Acosta,match_aces,29.5,7.0000,,2026-07-22T10:35:37Z,2026-07-22T13:00:00Z,Totals (Aces),8,"{'hdp': 29.5, 'over': '7.00'}"
72827342,2026-07-22,ATP,Kitzbuhel,Bet365,Alexander Bublik,Facundo Diaz Acosta,match_aces,39.5,26.0000,,2026-07-22T10:35:37Z,2026-07-22T13:00:00Z,Totals (Aces),8,"{'hdp': 39.5, 'over': '26.00'}"
72827342,2026-07-22,ATP,Kitzbuhel,Bet365,Alexander Bublik,Facundo Diaz Acosta,match_double_faults,4.5,1.1800,,2026-07-22T10:35:37Z,2026-07-22T13:00:00Z,Totals (Double Faults),9,"{'hdp': 4.5, 'over': '1.18'}"
72827342,2026-07-22,ATP,Kitzbuhel,Bet365,Alexander Bublik,Facundo Diaz Acosta,match_double_faults,9.5,3.4000,,2026-07-22T10:35:37Z,2026-07-22T13:00:00Z,Totals (Double Faults),9,"{'hdp': 9.5, 'over': '3.40'}"
72827342,2026-07-22,ATP,Kitzbuhel,Bet365,Alexander Bublik,Facundo Diaz Acosta,match_double_faults,11.5,6.5000,,2026-07-22T10:35:37Z,2026-07-22T13:00:00Z,Totals (Double Faults),9,"{'hdp': 11.5, 'over': '6.50'}"
72827342,2026-07-22,ATP,Kitzbuhel,Bet365,Alexander Bublik,Facundo Diaz Acosta,match_double_faults,14.5,19.0000,,2026-07-22T10:35:37Z,2026-07-22T13:00:00Z,Totals (Double Faults),9,"{'hdp': 14.5, 'over': '19.00'}"
72827342,2026-07-22,ATP,Kitzbuhel,Bet365,Alexander Bublik,Facundo Diaz Acosta,match_double_faults,7.5,1.9000,,2026-07-22T10:35:37Z,2026-07-22T13:00:00Z,Totals (Double Faults),9,"{'hdp': 7.5, 'over': '1.90'}"
72827342,2026-07-22,ATP,Kitzbuhel,Bet365,Alexander Bublik,Facundo Diaz Acosta,match_double_faults,2.5,1.0200,,2026-07-22T10:35:37Z,2026-07-22T13:00:00Z,Totals (Double Faults),9,"{'hdp': 2.5, 'over': '1.02'}"
72827342,2026-07-22,ATP,Kitzbuhel,Bet365,Alexander Bublik,Facundo Diaz Acosta,match_double_faults,19.5,26.0000,,2026-07-22T10:35:37Z,2026-07-22T13:00:00Z,Totals (Double Faults),9,"{'hdp': 19.5, 'over': '26.00'}"
72827342,2026-07-22,ATP,Kitzbuhel,Bet365,Alexander Bublik,Facundo Diaz Acosta,aces,2.5,1.0100,,2026-07-22T10:35:37Z,2026-07-22T13:00:00Z,Team Total (Aces) Home,8,"{'hdp': 2.5, 'over': '1.01'}"
72827342,2026-07-22,ATP,Kitzbuhel,Bet365,Alexander Bublik,Facundo Diaz Acosta,aces,4.5,1.0800,,2026-07-22T10:35:37Z,2026-07-22T13:00:00Z,Team Total (Aces) Home,8,"{'hdp': 4.5, 'over': '1.08'}"
72827342,2026-07-22,ATP,Kitzbuhel,Bet365,Alexander Bublik,Facundo Diaz Acosta,aces,9.5,1.6100,,2026-07-22T10:35:37Z,2026-07-22T13:00:00Z,Team Total (Aces) Home,8,"{'hdp': 9.5, 'over': '1.61'}"
72827342,2026-07-22,ATP,Kitzbuhel,Bet365,Alexander Bublik,Facundo Diaz Acosta,aces,14.5,3.2500,,2026-07-22T10:35:37Z,2026-07-22T13:00:00Z,Team Total (Aces) Home,8,"{'hdp': 14.5, 'over': '3.25'}"
72827342,2026-07-22,ATP,Kitzbuhel,Bet365,Alexander Bublik,Facundo Diaz Acosta,aces,19.5,7.0000,,2026-07-22T10:35:37Z,2026-07-22T13:00:00Z,Team Total (Aces) Home,8,"{'hdp': 19.5, 'over': '7.00'}"
72827342,2026-07-22,ATP,Kitzbuhel,Bet365,Alexander Bublik,Facundo Diaz Acosta,aces,24.5,17.0000,,2026-07-22T10:35:37Z,2026-07-22T13:00:00Z,Team Total (Aces) Home,8,"{'hdp': 24.5, 'over': '17.00'}"
72827342,2026-07-22,ATP,Kitzbuhel,Bet365,Alexander Bublik,Facundo Diaz Acosta,aces,29.5,26.0000,,2026-07-22T10:35:37Z,2026-07-22T13:00:00Z,Team Total (Aces) Home,8,"{'hdp': 29.5, 'over': '26.00'}"
72827342,2026-07-22,ATP,Kitzbuhel,Bet365,Alexander Bublik,Facundo Diaz Acosta,double_faults,1.5,1.0600,,2026-07-22T10:35:37Z,2026-07-22T13:00:00Z,Team Total (Double Faults) Home,8,"{'hdp': 1.5, 'over': '1.06'}"
72827342,2026-07-22,ATP,Kitzbuhel,Bet365,Alexander Bublik,Facundo Diaz Acosta,double_faults,2.5,1.1800,,2026-07-22T10:35:37Z,2026-07-22T13:00:00Z,Team Total (Double Faults) Home,8,"{'hdp': 2.5, 'over': '1.18'}"
72827342,2026-07-22,ATP,Kitzbuhel,Bet365,Alexander Bublik,Facundo Diaz Acosta,double_faults,7.5,4.5000,,2026-07-22T10:35:37Z,2026-07-22T13:00:00Z,Team Total (Double Faults) Home,8,"{'hdp': 7.5, 'over': '4.50'}"
72827342,2026-07-22,ATP,Kitzbuhel,Bet365,Alexander Bublik,Facundo Diaz Acosta,double_faults,9.5,11.0000,,2026-07-22T10:35:37Z,2026-07-22T13:00:00Z,Team Total (Double Faults) Home,8,"{'hdp': 9.5, 'over': '11.00'}"
72827342,2026-07-22,ATP,Kitzbuhel,Bet365,Alexander Bublik,Facundo Diaz Acosta,double_faults,11.5,23.0000,,2026-07-22T10:35:37Z,2026-07-22T13:00:00Z,Team Total (Double Faults) Home,8,"{'hdp': 11.5, 'over': '23.00'}"
72827342,2026-07-22,ATP,Kitzbuhel,Bet365,Alexander Bublik,Facundo Diaz Acosta,double_faults,4.5,1.7200,,2026-07-22T10:35:37Z,2026-07-22T13:00:00Z,Team Total (Double Faults) Home,8,"{'hdp': 4.5, 'over': '1.72'}"
72827342,2026-07-22,ATP,Kitzbuhel,Bet365,Alexander Bublik,Facundo Diaz Acosta,double_faults,14.5,26.0000,,2026-07-22T10:35:37Z,2026-07-22T13:00:00Z,Team Total (Double Faults) Home,8,"{'hdp': 14.5, 'over': '26.00'}"
72829930,2026-07-22,WTA,Hamburg,Bet365,Noma Noha Akugue,Anna Bondar,double_faults,1.5,1.0100,,2026-07-22T10:35:37Z,2026-07-22T15:00:00Z,Team Total (Double Faults) Away,8,"{'hdp': 1.5, 'over': '1.01'}"
72829930,2026-07-22,WTA,Hamburg,Bet365,Noma Noha Akugue,Anna Bondar,double_faults,2.5,1.0600,,2026-07-22T10:35:37Z,2026-07-22T15:00:00Z,Team Total (Double Faults) Away,8,"{'hdp': 2.5, 'over': '1.06'}"
72829930,2026-07-22,WTA,Hamburg,Bet365,Noma Noha Akugue,Anna Bondar,double_faults,4.5,1.3600,,2026-07-22T10:35:37Z,2026-07-22T15:00:00Z,Team Total (Double Faults) Away,8,"{'hdp': 4.5, 'over': '1.36'}"
72829930,2026-07-22,WTA,Hamburg,Bet365,Noma Noha Akugue,Anna Bondar,double_faults,7.5,3.0000,,2026-07-22T10:35:37Z,2026-07-22T15:00:00Z,Team Total (Double Faults) Away,8,"{'hdp': 7.5, 'over': '3.00'}"
72829930,2026-07-22,WTA,Hamburg,Bet365,Noma Noha Akugue,Anna Bondar,double_faults,9.5,6.0000,,2026-07-22T10:35:37Z,2026-07-22T15:00:00Z,Team Total (Double Faults) Away,8,"{'hdp': 9.5, 'over': '6.00'}"
72829930,2026-07-22,WTA,Hamburg,Bet365,Noma Noha Akugue,Anna Bondar,double_faults,11.5,13.0000,,2026-07-22T10:35:37Z,2026-07-22T15:00:00Z,Team Total (Double Faults) Away,8,"{'hdp': 11.5, 'over': '13.00'}"
72829930,2026-07-22,WTA,Hamburg,Bet365,Noma Noha Akugue,Anna Bondar,double_faults,14.5,26.0000,,2026-07-22T10:35:37Z,2026-07-22T15:00:00Z,Team Total (Double Faults) Away,8,"{'hdp': 14.5, 'over': '26.00'}"
72829930,2026-07-22,WTA,Hamburg,Bet365,Anna Bondar,Noma Noha Akugue,double_faults,0.5,1.0400,,2026-07-22T10:35:37Z,2026-07-22T15:00:00Z,Team Total (Double Faults) Home,6,"{'hdp': 0.5, 'over': '1.04'}"
72829930,2026-07-22,WTA,Hamburg,Bet365,Anna Bondar,Noma Noha Akugue,double_faults,1.5,1.2000,,2026-07-22T10:35:37Z,2026-07-22T15:00:00Z,Team Total (Double Faults) Home,6,"{'hdp': 1.5, 'over': '1.20'}"
72829930,2026-07-22,WTA,Hamburg,Bet365,Anna Bondar,Noma Noha Akugue,double_faults,2.5,1.5300,,2026-07-22T10:35:37Z,2026-07-22T15:00:00Z,Team Total (Double Faults) Home,6,"{'hdp': 2.5, 'over': '1.53'}"
72829930,2026-07-22,WTA,Hamburg,Bet365,Anna Bondar,Noma Noha Akugue,double_faults,4.5,3.2500,,2026-07-22T10:35:37Z,2026-07-22T15:00:00Z,Team Total (Double Faults) Home,6,"{'hdp': 4.5, 'over': '3.25'}"
72829930,2026-07-22,WTA,Hamburg,Bet365,Anna Bondar,Noma Noha Akugue,double_faults,7.5,13.0000,,2026-07-22T10:35:37Z,2026-07-22T15:00:00Z,Team Total (Double Faults) Home,6,"{'hdp': 7.5, 'over': '13.00'}"
72829930,2026-07-22,WTA,Hamburg,Bet365,Anna Bondar,Noma Noha Akugue,double_faults,9.5,26.0000,,2026-07-22T10:35:37Z,2026-07-22T15:00:00Z,Team Total (Double Faults) Home,6,"{'hdp': 9.5, 'over': '26.00'}"
72829930,2026-07-22,WTA,Hamburg,Bet365,Anna Bondar,Noma Noha Akugue,match_aces,2.5,1.0500,,2026-07-22T10:35:37Z,2026-07-22T15:00:00Z,Totals (Aces),6,"{'hdp': 2.5, 'over': '1.05'}"
72829930,2026-07-22,WTA,Hamburg,Bet365,Anna Bondar,Noma Noha Akugue,match_aces,4.5,1.2500,,2026-07-22T10:35:37Z,2026-07-22T15:00:00Z,Totals (Aces),6,"{'hdp': 4.5, 'over': '1.25'}"
72829930,2026-07-22,WTA,Hamburg,Bet365,Anna Bondar,Noma Noha Akugue,match_aces,9.5,3.2500,,2026-07-22T10:35:37Z,2026-07-22T15:00:00Z,Totals (Aces),6,"{'hdp': 9.5, 'over': '3.25'}"
72829930,2026-07-22,WTA,Hamburg,Bet365,Anna Bondar,Noma Noha Akugue,match_aces,14.5,13.0000,,2026-07-22T10:35:37Z,2026-07-22T15:00:00Z,Totals (Aces),6,"{'hdp': 14.5, 'over': '13.00'}"
72829930,2026-07-22,WTA,Hamburg,Bet365,Anna Bondar,Noma Noha Akugue,match_aces,19.5,26.0000,,2026-07-22T10:35:37Z,2026-07-22T15:00:00Z,Totals (Aces),6,"{'hdp': 19.5, 'over': '26.00'}"
72829930,2026-07-22,WTA,Hamburg,Bet365,Anna Bondar,Noma Noha Akugue,match_double_faults,4.5,1.0500,,2026-07-22T10:35:37Z,2026-07-22T15:00:00Z,Totals (Double Faults),8,"{'hdp': 4.5, 'over': '1.05'}"
72829930,2026-07-22,WTA,Hamburg,Bet365,Anna Bondar,Noma Noha Akugue,match_double_faults,7.5,1.3600,,2026-07-22T10:35:37Z,2026-07-22T15:00:00Z,Totals (Double Faults),8,"{'hdp': 7.5, 'over': '1.36'}"
72829930,2026-07-22,WTA,Hamburg,Bet365,Anna Bondar,Noma Noha Akugue,match_double_faults,9.5,1.9000,,2026-07-22T10:35:37Z,2026-07-22T15:00:00Z,Totals (Double Faults),8,"{'hdp': 9.5, 'over': '1.90'}"
72829930,2026-07-22,WTA,Hamburg,Bet365,Anna Bondar,Noma Noha Akugue,match_double_faults,11.5,3.0000,,2026-07-22T10:35:37Z,2026-07-22T15:00:00Z,Totals (Double Faults),8,"{'hdp': 11.5, 'over': '3.00'}"
72829930,2026-07-22,WTA,Hamburg,Bet365,Anna Bondar,Noma Noha Akugue,match_double_faults,14.5,7.0000,,2026-07-22T10:35:37Z,2026-07-22T15:00:00Z,Totals (Double Faults),8,"{'hdp': 14.5, 'over': '7.00'}"
72829930,2026-07-22,WTA,Hamburg,Bet365,Anna Bondar,Noma Noha Akugue,match_double_faults,19.5,26.0000,,2026-07-22T10:35:37Z,2026-07-22T15:00:00Z,Totals (Double Faults),8,"{'hdp': 19.5, 'over': '26.00'}"
72829930,2026-07-22,WTA,Hamburg,Bet365,Noma Noha Akugue,Anna Bondar,aces,0.5,1.0600,,2026-07-22T10:35:37Z,2026-07-22T15:00:00Z,Team Total (Aces) Away,4,"{'hdp': 0.5, 'over': '1.06'}"
72829930,2026-07-22,WTA,Hamburg,Bet365,Noma Noha Akugue,Anna Bondar,aces,2.5,1.6100,,2026-07-22T10:35:37Z,2026-07-22T15:00:00Z,Team Total (Aces) Away,4,"{'hdp': 2.5, 'over': '1.61'}"
72829930,2026-07-22,WTA,Hamburg,Bet365,Noma Noha Akugue,Anna Bondar,aces,4.5,3.2500,,2026-07-22T10:35:37Z,2026-07-22T15:00:00Z,Team Total (Aces) Away,4,"{'hdp': 4.5, 'over': '3.25'}"
72829930,2026-07-22,WTA,Hamburg,Bet365,Noma Noha Akugue,Anna Bondar,aces,9.5,26.0000,,2026-07-22T10:35:37Z,2026-07-22T15:00:00Z,Team Total (Aces) Away,4,"{'hdp': 9.5, 'over': '26.00'}"
72829930,2026-07-22,WTA,Hamburg,Bet365,Anna Bondar,Noma Noha Akugue,aces,0.5,1.0200,,2026-07-22T10:35:37Z,2026-07-22T15:00:00Z,Team Total (Aces) Home,5,"{'hdp': 0.5, 'over': '1.02'}"
72829930,2026-07-22,WTA,Hamburg,Bet365,Anna Bondar,Noma Noha Akugue,aces,2.5,1.3600,,2026-07-22T10:35:37Z,2026-07-22T15:00:00Z,Team Total (Aces) Home,5,"{'hdp': 2.5, 'over': '1.36'}"
72829930,2026-07-22,WTA,Hamburg,Bet365,Anna Bondar,Noma Noha Akugue,aces,4.5,2.3700,,2026-07-22T10:35:37Z,2026-07-22T15:00:00Z,Team Total (Aces) Home,5,"{'hdp': 4.5, 'over': '2.37'}"
72829930,2026-07-22,WTA,Hamburg,Bet365,Anna Bondar,Noma Noha Akugue,aces,9.5,17.0000,,2026-07-22T10:35:37Z,2026-07-22T15:00:00Z,Team Total (Aces) Home,5,"{'hdp': 9.5, 'over': '17.00'}"
72829930,2026-07-22,WTA,Hamburg,Bet365,Anna Bondar,Noma Noha Akugue,aces,14.5,26.0000,,2026-07-22T10:35:37Z,2026-07-22T15:00:00Z,Team Total (Aces) Home,5,"{'hdp': 14.5, 'over': '26.00'}"
72827284,2026-07-22,ATP,Estoril,Bet365,Alejandro Tabilo,Tiago Torres,match_double_faults,2.5,1.0200,,2026-07-22T10:35:37Z,2026-07-22T16:00:00Z,Totals (Double Faults),8,"{'hdp': 2.5, 'over': '1.02'}"
72827284,2026-07-22,ATP,Estoril,Bet365,Alejandro Tabilo,Tiago Torres,match_double_faults,4.5,1.2000,,2026-07-22T10:35:37Z,2026-07-22T16:00:00Z,Totals (Double Faults),8,"{'hdp': 4.5, 'over': '1.20'}"
72827284,2026-07-22,ATP,Estoril,Bet365,Alejandro Tabilo,Tiago Torres,match_double_faults,7.5,2.1000,,2026-07-22T10:35:37Z,2026-07-22T16:00:00Z,Totals (Double Faults),8,"{'hdp': 7.5, 'over': '2.10'}"
72827284,2026-07-22,ATP,Estoril,Bet365,Alejandro Tabilo,Tiago Torres,match_double_faults,9.5,4.0000,,2026-07-22T10:35:37Z,2026-07-22T16:00:00Z,Totals (Double Faults),8,"{'hdp': 9.5, 'over': '4.00'}"
72827284,2026-07-22,ATP,Estoril,Bet365,Alejandro Tabilo,Tiago Torres,match_double_faults,11.5,8.0000,,2026-07-22T10:35:37Z,2026-07-22T16:00:00Z,Totals (Double Faults),8,"{'hdp': 11.5, 'over': '8.00'}"
72827284,2026-07-22,ATP,Estoril,Bet365,Alejandro Tabilo,Tiago Torres,match_double_faults,14.5,26.0000,,2026-07-22T10:35:37Z,2026-07-22T16:00:00Z,Totals (Double Faults),8,"{'hdp': 14.5, 'over': '26.00'}"
72827284,2026-07-22,ATP,Estoril,Bet365,Tiago Torres,Alejandro Tabilo,double_faults,1.5,1.0400,,2026-07-22T10:35:37Z,2026-07-22T16:00:00Z,Team Total (Double Faults) Away,7,"{'hdp': 1.5, 'over': '1.04'}"
72827284,2026-07-22,ATP,Estoril,Bet365,Tiago Torres,Alejandro Tabilo,double_faults,2.5,1.1200,,2026-07-22T10:35:37Z,2026-07-22T16:00:00Z,Team Total (Double Faults) Away,7,"{'hdp': 2.5, 'over': '1.12'}"
72827284,2026-07-22,ATP,Estoril,Bet365,Tiago Torres,Alejandro Tabilo,double_faults,4.5,1.6600,,2026-07-22T10:35:37Z,2026-07-22T16:00:00Z,Team Total (Double Faults) Away,7,"{'hdp': 4.5, 'over': '1.66'}"
72827284,2026-07-22,ATP,Estoril,Bet365,Tiago Torres,Alejandro Tabilo,double_faults,7.5,5.0000,,2026-07-22T10:35:37Z,2026-07-22T16:00:00Z,Team Total (Double Faults) Away,7,"{'hdp': 7.5, 'over': '5.00'}"
72827284,2026-07-22,ATP,Estoril,Bet365,Tiago Torres,Alejandro Tabilo,double_faults,9.5,13.0000,,2026-07-22T10:35:37Z,2026-07-22T16:00:00Z,Team Total (Double Faults) Away,7,"{'hdp': 9.5, 'over': '13.00'}"
72827284,2026-07-22,ATP,Estoril,Bet365,Tiago Torres,Alejandro Tabilo,double_faults,11.5,26.0000,,2026-07-22T10:35:37Z,2026-07-22T16:00:00Z,Team Total (Double Faults) Away,7,"{'hdp': 11.5, 'over': '26.00'}"
72827284,2026-07-22,ATP,Estoril,Bet365,Alejandro Tabilo,Tiago Torres,double_faults,0.5,1.1400,,2026-07-22T10:35:37Z,2026-07-22T16:00:00Z,Team Total (Double Faults) Home,5,"{'hdp': 0.5, 'over': '1.14'}"
72827284,2026-07-22,ATP,Estoril,Bet365,Alejandro Tabilo,Tiago Torres,double_faults,1.5,1.6100,,2026-07-22T10:35:37Z,2026-07-22T16:00:00Z,Team Total (Double Faults) Home,5,"{'hdp': 1.5, 'over': '1.61'}"
72827284,2026-07-22,ATP,Estoril,Bet365,Alejandro Tabilo,Tiago Torres,double_faults,2.5,2.6200,,2026-07-22T10:35:37Z,2026-07-22T16:00:00Z,Team Total (Double Faults) Home,5,"{'hdp': 2.5, 'over': '2.62'}"
72827284,2026-07-22,ATP,Estoril,Bet365,Alejandro Tabilo,Tiago Torres,double_faults,4.5,9.0000,,2026-07-22T10:35:37Z,2026-07-22T16:00:00Z,Team Total (Double Faults) Home,5,"{'hdp': 4.5, 'over': '9.00'}"
72827284,2026-07-22,ATP,Estoril,Bet365,Alejandro Tabilo,Tiago Torres,double_faults,7.5,26.0000,,2026-07-22T10:35:37Z,2026-07-22T16:00:00Z,Team Total (Double Faults) Home,5,"{'hdp': 7.5, 'over': '26.00'}"
72829932,2026-07-23,WTA,Hamburg,Bet365,Elina Avanesyan,Yulia Putintseva,double_faults,1.5,1.0100,,2026-07-22T10:35:37Z,2026-07-23T09:00:00Z,Team Total (Double Faults) Home,8,"{'hdp': 1.5, 'over': '1.01'}"
72829932,2026-07-23,WTA,Hamburg,Bet365,Elina Avanesyan,Yulia Putintseva,double_faults,2.5,1.0700,,2026-07-22T10:35:37Z,2026-07-23T09:00:00Z,Team Total (Double Faults) Home,8,"{'hdp': 2.5, 'over': '1.07'}"
72829932,2026-07-23,WTA,Hamburg,Bet365,Elina Avanesyan,Yulia Putintseva,double_faults,4.5,1.3600,,2026-07-22T10:35:37Z,2026-07-23T09:00:00Z,Team Total (Double Faults) Home,8,"{'hdp': 4.5, 'over': '1.36'}"
72829932,2026-07-23,WTA,Hamburg,Bet365,Elina Avanesyan,Yulia Putintseva,double_faults,7.5,2.7500,,2026-07-22T10:35:37Z,2026-07-23T09:00:00Z,Team Total (Double Faults) Home,8,"{'hdp': 7.5, 'over': '2.75'}"
72829932,2026-07-23,WTA,Hamburg,Bet365,Elina Avanesyan,Yulia Putintseva,double_faults,9.5,5.5000,,2026-07-22T10:35:37Z,2026-07-23T09:00:00Z,Team Total (Double Faults) Home,8,"{'hdp': 9.5, 'over': '5.50'}"
72829932,2026-07-23,WTA,Hamburg,Bet365,Elina Avanesyan,Yulia Putintseva,double_faults,11.5,13.0000,,2026-07-22T10:35:37Z,2026-07-23T09:00:00Z,Team Total (Double Faults) Home,8,"{'hdp': 11.5, 'over': '13.00'}"
72829932,2026-07-23,WTA,Hamburg,Bet365,Elina Avanesyan,Yulia Putintseva,double_faults,14.5,26.0000,,2026-07-22T10:35:37Z,2026-07-23T09:00:00Z,Team Total (Double Faults) Home,8,"{'hdp': 14.5, 'over': '26.00'}"
72829932,2026-07-23,WTA,Hamburg,Bet365,Elina Avanesyan,Yulia Putintseva,match_double_faults,4.5,1.0400,,2026-07-22T10:35:37Z,2026-07-23T09:00:00Z,Totals (Double Faults),9,"{'hdp': 4.5, 'over': '1.04'}"
72829932,2026-07-23,WTA,Hamburg,Bet365,Elina Avanesyan,Yulia Putintseva,match_double_faults,7.5,1.3000,,2026-07-22T10:35:37Z,2026-07-23T09:00:00Z,Totals (Double Faults),9,"{'hdp': 7.5, 'over': '1.30'}"
72829932,2026-07-23,WTA,Hamburg,Bet365,Elina Avanesyan,Yulia Putintseva,match_double_faults,9.5,1.7200,,2026-07-22T10:35:37Z,2026-07-23T09:00:00Z,Totals (Double Faults),9,"{'hdp': 9.5, 'over': '1.72'}"
72829932,2026-07-23,WTA,Hamburg,Bet365,Elina Avanesyan,Yulia Putintseva,match_double_faults,11.5,2.6200,,2026-07-22T10:35:37Z,2026-07-23T09:00:00Z,Totals (Double Faults),9,"{'hdp': 11.5, 'over': '2.62'}"
72829932,2026-07-23,WTA,Hamburg,Bet365,Elina Avanesyan,Yulia Putintseva,match_double_faults,14.5,5.5000,,2026-07-22T10:35:37Z,2026-07-23T09:00:00Z,Totals (Double Faults),9,"{'hdp': 14.5, 'over': '5.50'}"
72829932,2026-07-23,WTA,Hamburg,Bet365,Elina Avanesyan,Yulia Putintseva,match_double_faults,19.5,23.0000,,2026-07-22T10:35:37Z,2026-07-23T09:00:00Z,Totals (Double Faults),9,"{'hdp': 19.5, 'over': '23.00'}"
72829932,2026-07-23,WTA,Hamburg,Bet365,Elina Avanesyan,Yulia Putintseva,match_double_faults,24.5,26.0000,,2026-07-22T10:35:37Z,2026-07-23T09:00:00Z,Totals (Double Faults),9,"{'hdp': 24.5, 'over': '26.00'}"
72829932,2026-07-23,WTA,Hamburg,Bet365,Yulia Putintseva,Elina Avanesyan,aces,0.5,1.0800,,2026-07-22T10:35:37Z,2026-07-23T09:00:00Z,Team Total (Aces) Away,4,"{'hdp': 0.5, 'over': '1.08'}"
72829932,2026-07-23,WTA,Hamburg,Bet365,Yulia Putintseva,Elina Avanesyan,aces,2.5,1.9000,,2026-07-22T10:35:37Z,2026-07-23T09:00:00Z,Team Total (Aces) Away,4,"{'hdp': 2.5, 'over': '1.90'}"
72829932,2026-07-23,WTA,Hamburg,Bet365,Yulia Putintseva,Elina Avanesyan,aces,4.5,5.0000,,2026-07-22T10:35:37Z,2026-07-23T09:00:00Z,Team Total (Aces) Away,4,"{'hdp': 4.5, 'over': '5.00'}"
72829932,2026-07-23,WTA,Hamburg,Bet365,Yulia Putintseva,Elina Avanesyan,aces,9.5,26.0000,,2026-07-22T10:35:37Z,2026-07-23T09:00:00Z,Team Total (Aces) Away,4,"{'hdp': 9.5, 'over': '26.00'}"
72829932,2026-07-23,WTA,Hamburg,Bet365,Elina Avanesyan,Yulia Putintseva,aces,0.5,1.1400,,2026-07-22T10:35:37Z,2026-07-23T09:00:00Z,Team Total (Aces) Home,4,"{'hdp': 0.5, 'over': '1.14'}"
72829932,2026-07-23,WTA,Hamburg,Bet365,Elina Avanesyan,Yulia Putintseva,aces,2.5,2.5000,,2026-07-22T10:35:37Z,2026-07-23T09:00:00Z,Team Total (Aces) Home,4,"{'hdp': 2.5, 'over': '2.50'}"
72829932,2026-07-23,WTA,Hamburg,Bet365,Elina Avanesyan,Yulia Putintseva,aces,4.5,8.0000,,2026-07-22T10:35:37Z,2026-07-23T09:00:00Z,Team Total (Aces) Home,4,"{'hdp': 4.5, 'over': '8.00'}"
72829932,2026-07-23,WTA,Hamburg,Bet365,Elina Avanesyan,Yulia Putintseva,aces,9.5,26.0000,,2026-07-22T10:35:37Z,2026-07-23T09:00:00Z,Team Total (Aces) Home,4,"{'hdp': 9.5, 'over': '26.00'}"
72829932,2026-07-23,WTA,Hamburg,Bet365,Yulia Putintseva,Elina Avanesyan,double_faults,0.5,1.0300,,2026-07-22T10:35:37Z,2026-07-23T09:00:00Z,Team Total (Double Faults) Away,6,"{'hdp': 0.5, 'over': '1.03'}"
72829932,2026-07-23,WTA,Hamburg,Bet365,Yulia Putintseva,Elina Avanesyan,double_faults,1.5,1.1400,,2026-07-22T10:35:37Z,2026-07-23T09:00:00Z,Team Total (Double Faults) Away,6,"{'hdp': 1.5, 'over': '1.14'}"
72829932,2026-07-23,WTA,Hamburg,Bet365,Yulia Putintseva,Elina Avanesyan,double_faults,2.5,1.4000,,2026-07-22T10:35:37Z,2026-07-23T09:00:00Z,Team Total (Double Faults) Away,6,"{'hdp': 2.5, 'over': '1.40'}"
72829932,2026-07-23,WTA,Hamburg,Bet365,Yulia Putintseva,Elina Avanesyan,double_faults,4.5,2.6200,,2026-07-22T10:35:37Z,2026-07-23T09:00:00Z,Team Total (Double Faults) Away,6,"{'hdp': 4.5, 'over': '2.62'}"
72829932,2026-07-23,WTA,Hamburg,Bet365,Yulia Putintseva,Elina Avanesyan,double_faults,7.5,10.0000,,2026-07-22T10:35:37Z,2026-07-23T09:00:00Z,Team Total (Double Faults) Away,6,"{'hdp': 7.5, 'over': '10.00'}"
72829932,2026-07-23,WTA,Hamburg,Bet365,Yulia Putintseva,Elina Avanesyan,double_faults,9.5,26.0000,,2026-07-22T10:35:37Z,2026-07-23T09:00:00Z,Team Total (Double Faults) Away,6,"{'hdp': 9.5, 'over': '26.00'}"
72829932,2026-07-23,WTA,Hamburg,Bet365,Elina Avanesyan,Yulia Putintseva,match_aces,0.5,1.0100,,2026-07-22T10:35:37Z,2026-07-23T09:00:00Z,Totals (Aces),5,"{'hdp': 0.5, 'over': '1.01'}"
72829932,2026-07-23,WTA,Hamburg,Bet365,Elina Avanesyan,Yulia Putintseva,match_aces,2.5,1.2000,,2026-07-22T10:35:37Z,2026-07-23T09:00:00Z,Totals (Aces),5,"{'hdp': 2.5, 'over': '1.20'}"
72829932,2026-07-23,WTA,Hamburg,Bet365,Elina Avanesyan,Yulia Putintseva,match_aces,4.5,1.8300,,2026-07-22T10:35:37Z,2026-07-23T09:00:00Z,Totals (Aces),5,"{'hdp': 4.5, 'over': '1.83'}"
72829932,2026-07-23,WTA,Hamburg,Bet365,Elina Avanesyan,Yulia Putintseva,match_aces,9.5,10.0000,,2026-07-22T10:35:37Z,2026-07-23T09:00:00Z,Totals (Aces),5,"{'hdp': 9.5, 'over': '10.00'}"
72829932,2026-07-23,WTA,Hamburg,Bet365,Elina Avanesyan,Yulia Putintseva,match_aces,14.5,26.0000,,2026-07-22T10:35:37Z,2026-07-23T09:00:00Z,Totals (Aces),5,"{'hdp': 14.5, 'over': '26.00'}"
72830080,2026-07-23,WTA,Prague,Bet365,Sara Bejlek,Maria Timofeeva,aces,0.5,1.1400,,2026-07-22T10:35:37Z,2026-07-23T09:00:00Z,Team Total (Aces) Away,4,"{'hdp': 0.5, 'over': '1.14'}"
72830080,2026-07-23,WTA,Prague,Bet365,Sara Bejlek,Maria Timofeeva,aces,2.5,2.6200,,2026-07-22T10:35:37Z,2026-07-23T09:00:00Z,Team Total (Aces) Away,4,"{'hdp': 2.5, 'over': '2.62'}"
72830080,2026-07-23,WTA,Prague,Bet365,Sara Bejlek,Maria Timofeeva,aces,4.5,9.0000,,2026-07-22T10:35:37Z,2026-07-23T09:00:00Z,Team Total (Aces) Away,4,"{'hdp': 4.5, 'over': '9.00'}"
72830080,2026-07-23,WTA,Prague,Bet365,Sara Bejlek,Maria Timofeeva,aces,9.5,26.0000,,2026-07-22T10:35:37Z,2026-07-23T09:00:00Z,Team Total (Aces) Away,4,"{'hdp': 9.5, 'over': '26.00'}"
72830080,2026-07-23,WTA,Prague,Bet365,Maria Timofeeva,Sara Bejlek,double_faults,1.5,1.0200,,2026-07-22T10:35:37Z,2026-07-23T09:00:00Z,Team Total (Double Faults) Home,8,"{'hdp': 1.5, 'over': '1.02'}"
72830080,2026-07-23,WTA,Prague,Bet365,Maria Timofeeva,Sara Bejlek,double_faults,2.5,1.0800,,2026-07-22T10:35:37Z,2026-07-23T09:00:00Z,Team Total (Double Faults) Home,8,"{'hdp': 2.5, 'over': '1.08'}"
72830080,2026-07-23,WTA,Prague,Bet365,Maria Timofeeva,Sara Bejlek,double_faults,4.5,1.4400,,2026-07-22T10:35:37Z,2026-07-23T09:00:00Z,Team Total (Double Faults) Home,8,"{'hdp': 4.5, 'over': '1.44'}"
72830080,2026-07-23,WTA,Prague,Bet365,Maria Timofeeva,Sara Bejlek,double_faults,7.5,3.4000,,2026-07-22T10:35:37Z,2026-07-23T09:00:00Z,Team Total (Double Faults) Home,8,"{'hdp': 7.5, 'over': '3.40'}"
72830080,2026-07-23,WTA,Prague,Bet365,Maria Timofeeva,Sara Bejlek,double_faults,9.5,7.0000,,2026-07-22T10:35:37Z,2026-07-23T09:00:00Z,Team Total (Double Faults) Home,8,"{'hdp': 9.5, 'over': '7.00'}"
72830080,2026-07-23,WTA,Prague,Bet365,Maria Timofeeva,Sara Bejlek,double_faults,11.5,15.0000,,2026-07-22T10:35:37Z,2026-07-23T09:00:00Z,Team Total (Double Faults) Home,8,"{'hdp': 11.5, 'over': '15.00'}"
72830080,2026-07-23,WTA,Prague,Bet365,Maria Timofeeva,Sara Bejlek,double_faults,14.5,26.0000,,2026-07-22T10:35:37Z,2026-07-23T09:00:00Z,Team Total (Double Faults) Home,8,"{'hdp': 14.5, 'over': '26.00'}"
72830080,2026-07-23,WTA,Prague,Bet365,Maria Timofeeva,Sara Bejlek,match_double_faults,4.5,1.0300,,2026-07-22T10:35:37Z,2026-07-23T09:00:00Z,Totals (Double Faults),9,"{'hdp': 4.5, 'over': '1.03'}"
72830080,2026-07-23,WTA,Prague,Bet365,Maria Timofeeva,Sara Bejlek,match_double_faults,7.5,1.2500,,2026-07-22T10:35:37Z,2026-07-23T09:00:00Z,Totals (Double Faults),9,"{'hdp': 7.5, 'over': '1.25'}"
72830080,2026-07-23,WTA,Prague,Bet365,Maria Timofeeva,Sara Bejlek,match_double_faults,9.5,1.6100,,2026-07-22T10:35:37Z,2026-07-23T09:00:00Z,Totals (Double Faults),9,"{'hdp': 9.5, 'over': '1.61'}"
72830080,2026-07-23,WTA,Prague,Bet365,Maria Timofeeva,Sara Bejlek,match_double_faults,11.5,2.2500,,2026-07-22T10:35:37Z,2026-07-23T09:00:00Z,Totals (Double Faults),9,"{'hdp': 11.5, 'over': '2.25'}"
72830080,2026-07-23,WTA,Prague,Bet365,Maria Timofeeva,Sara Bejlek,match_double_faults,14.5,4.5000,,2026-07-22T10:35:37Z,2026-07-23T09:00:00Z,Totals (Double Faults),9,"{'hdp': 14.5, 'over': '4.50'}"
72830080,2026-07-23,WTA,Prague,Bet365,Maria Timofeeva,Sara Bejlek,match_double_faults,19.5,19.0000,,2026-07-22T10:35:37Z,2026-07-23T09:00:00Z,Totals (Double Faults),9,"{'hdp': 19.5, 'over': '19.00'}"
72830080,2026-07-23,WTA,Prague,Bet365,Maria Timofeeva,Sara Bejlek,match_double_faults,24.5,26.0000,,2026-07-22T10:35:37Z,2026-07-23T09:00:00Z,Totals (Double Faults),9,"{'hdp': 24.5, 'over': '26.00'}"
72830080,2026-07-23,WTA,Prague,Bet365,Maria Timofeeva,Sara Bejlek,aces,0.5,1.1000,,2026-07-22T10:35:37Z,2026-07-23T09:00:00Z,Team Total (Aces) Home,4,"{'hdp': 0.5, 'over': '1.10'}"
72830080,2026-07-23,WTA,Prague,Bet365,Maria Timofeeva,Sara Bejlek,aces,2.5,1.9000,,2026-07-22T10:35:37Z,2026-07-23T09:00:00Z,Team Total (Aces) Home,4,"{'hdp': 2.5, 'over': '1.90'}"
72830080,2026-07-23,WTA,Prague,Bet365,Maria Timofeeva,Sara Bejlek,aces,4.5,5.0000,,2026-07-22T10:35:37Z,2026-07-23T09:00:00Z,Team Total (Aces) Home,4,"{'hdp': 4.5, 'over': '5.00'}"
72830080,2026-07-23,WTA,Prague,Bet365,Maria Timofeeva,Sara Bejlek,aces,9.5,26.0000,,2026-07-22T10:35:37Z,2026-07-23T09:00:00Z,Team Total (Aces) Home,4,"{'hdp': 9.5, 'over': '26.00'}"
72830080,2026-07-23,WTA,Prague,Bet365,Sara Bejlek,Maria Timofeeva,double_faults,0.5,1.0100,,2026-07-22T10:35:37Z,2026-07-23T09:00:00Z,Team Total (Double Faults) Away,7,"{'hdp': 0.5, 'over': '1.01'}"
72830080,2026-07-23,WTA,Prague,Bet365,Sara Bejlek,Maria Timofeeva,double_faults,1.5,1.0700,,2026-07-22T10:35:37Z,2026-07-23T09:00:00Z,Team Total (Double Faults) Away,7,"{'hdp': 1.5, 'over': '1.07'}"
72830080,2026-07-23,WTA,Prague,Bet365,Sara Bejlek,Maria Timofeeva,double_faults,2.5,1.2000,,2026-07-22T10:35:37Z,2026-07-23T09:00:00Z,Team Total (Double Faults) Away,7,"{'hdp': 2.5, 'over': '1.20'}"
72830080,2026-07-23,WTA,Prague,Bet365,Sara Bejlek,Maria Timofeeva,double_faults,4.5,1.8300,,2026-07-22T10:35:37Z,2026-07-23T09:00:00Z,Team Total (Double Faults) Away,7,"{'hdp': 4.5, 'over': '1.83'}"
72830080,2026-07-23,WTA,Prague,Bet365,Sara Bejlek,Maria Timofeeva,double_faults,7.5,5.0000,,2026-07-22T10:35:37Z,2026-07-23T09:00:00Z,Team Total (Double Faults) Away,7,"{'hdp': 7.5, 'over': '5.00'}"
72830080,2026-07-23,WTA,Prague,Bet365,Sara Bejlek,Maria Timofeeva,double_faults,9.5,11.0000,,2026-07-22T10:35:37Z,2026-07-23T09:00:00Z,Team Total (Double Faults) Away,7,"{'hdp': 9.5, 'over': '11.00'}"
72830080,2026-07-23,WTA,Prague,Bet365,Sara Bejlek,Maria Timofeeva,double_faults,11.5,26.0000,,2026-07-22T10:35:37Z,2026-07-23T09:00:00Z,Team Total (Double Faults) Away,7,"{'hdp': 11.5, 'over': '26.00'}"
72830080,2026-07-23,WTA,Prague,Bet365,Maria Timofeeva,Sara Bejlek,match_aces,0.5,1.0100,,2026-07-22T10:35:37Z,2026-07-23T09:00:00Z,Totals (Aces),5,"{'hdp': 0.5, 'over': '1.01'}"
72830080,2026-07-23,WTA,Prague,Bet365,Maria Timofeeva,Sara Bejlek,match_aces,2.5,1.2200,,2026-07-22T10:35:37Z,2026-07-23T09:00:00Z,Totals (Aces),5,"{'hdp': 2.5, 'over': '1.22'}"
72830080,2026-07-23,WTA,Prague,Bet365,Maria Timofeeva,Sara Bejlek,match_aces,4.5,1.8300,,2026-07-22T10:35:37Z,2026-07-23T09:00:00Z,Totals (Aces),5,"{'hdp': 4.5, 'over': '1.83'}"
72830080,2026-07-23,WTA,Prague,Bet365,Maria Timofeeva,Sara Bejlek,match_aces,9.5,11.0000,,2026-07-22T10:35:37Z,2026-07-23T09:00:00Z,Totals (Aces),5,"{'hdp': 9.5, 'over': '11.00'}"
72830080,2026-07-23,WTA,Prague,Bet365,Maria Timofeeva,Sara Bejlek,match_aces,14.5,26.0000,,2026-07-22T10:35:37Z,2026-07-23T09:00:00Z,Totals (Aces),5,"{'hdp': 14.5, 'over': '26.00'}"
72830082,2026-07-23,WTA,Prague,Bet365,Mai Hontama,Lilli Tagger,aces,0.5,1.1400,,2026-07-22T10:35:37Z,2026-07-23T09:00:00Z,Team Total (Aces) Home,4,"{'hdp': 0.5, 'over': '1.14'}"
72830082,2026-07-23,WTA,Prague,Bet365,Mai Hontama,Lilli Tagger,aces,2.5,2.3700,,2026-07-22T10:35:37Z,2026-07-23T09:00:00Z,Team Total (Aces) Home,4,"{'hdp': 2.5, 'over': '2.37'}"
72830082,2026-07-23,WTA,Prague,Bet365,Mai Hontama,Lilli Tagger,aces,4.5,7.0000,,2026-07-22T10:35:37Z,2026-07-23T09:00:00Z,Team Total (Aces) Home,4,"{'hdp': 4.5, 'over': '7.00'}"
72830082,2026-07-23,WTA,Prague,Bet365,Mai Hontama,Lilli Tagger,aces,9.5,26.0000,,2026-07-22T10:35:37Z,2026-07-23T09:00:00Z,Team Total (Aces) Home,4,"{'hdp': 9.5, 'over': '26.00'}"
72830082,2026-07-23,WTA,Prague,Bet365,Lilli Tagger,Mai Hontama,double_faults,1.5,1.0300,,2026-07-22T10:35:37Z,2026-07-23T09:00:00Z,Team Total (Double Faults) Away,8,"{'hdp': 1.5, 'over': '1.03'}"
72830082,2026-07-23,WTA,Prague,Bet365,Lilli Tagger,Mai Hontama,double_faults,2.5,1.1000,,2026-07-22T10:35:37Z,2026-07-23T09:00:00Z,Team Total (Double Faults) Away,8,"{'hdp': 2.5, 'over': '1.10'}"
72830082,2026-07-23,WTA,Prague,Bet365,Lilli Tagger,Mai Hontama,double_faults,4.5,1.4000,,2026-07-22T10:35:37Z,2026-07-23T09:00:00Z,Team Total (Double Faults) Away,8,"{'hdp': 4.5, 'over': '1.40'}"
72830082,2026-07-23,WTA,Prague,Bet365,Lilli Tagger,Mai Hontama,double_faults,7.5,2.6200,,2026-07-22T10:35:37Z,2026-07-23T09:00:00Z,Team Total (Double Faults) Away,8,"{'hdp': 7.5, 'over': '2.62'}"
72830082,2026-07-23,WTA,Prague,Bet365,Lilli Tagger,Mai Hontama,double_faults,9.5,5.0000,,2026-07-22T10:35:37Z,2026-07-23T09:00:00Z,Team Total (Double Faults) Away,8,"{'hdp': 9.5, 'over': '5.00'}"
72830082,2026-07-23,WTA,Prague,Bet365,Lilli Tagger,Mai Hontama,double_faults,11.5,10.0000,,2026-07-22T10:35:37Z,2026-07-23T09:00:00Z,Team Total (Double Faults) Away,8,"{'hdp': 11.5, 'over': '10.00'}"
72830082,2026-07-23,WTA,Prague,Bet365,Lilli Tagger,Mai Hontama,double_faults,14.5,26.0000,,2026-07-22T10:35:37Z,2026-07-23T09:00:00Z,Team Total (Double Faults) Away,8,"{'hdp': 14.5, 'over': '26.00'}"
72830082,2026-07-23,WTA,Prague,Bet365,Mai Hontama,Lilli Tagger,double_faults,1.5,1.0300,,2026-07-22T10:35:37Z,2026-07-23T09:00:00Z,Team Total (Double Faults) Home,8,"{'hdp': 1.5, 'over': '1.03'}"
72830082,2026-07-23,WTA,Prague,Bet365,Mai Hontama,Lilli Tagger,double_faults,2.5,1.1200,,2026-07-22T10:35:37Z,2026-07-23T09:00:00Z,Team Total (Double Faults) Home,8,"{'hdp': 2.5, 'over': '1.12'}"
72830082,2026-07-23,WTA,Prague,Bet365,Mai Hontama,Lilli Tagger,double_faults,4.5,1.5700,,2026-07-22T10:35:37Z,2026-07-23T09:00:00Z,Team Total (Double Faults) Home,8,"{'hdp': 4.5, 'over': '1.57'}"
72830082,2026-07-23,WTA,Prague,Bet365,Mai Hontama,Lilli Tagger,double_faults,7.5,3.7500,,2026-07-22T10:35:37Z,2026-07-23T09:00:00Z,Team Total (Double Faults) Home,8,"{'hdp': 7.5, 'over': '3.75'}"
72830082,2026-07-23,WTA,Prague,Bet365,Mai Hontama,Lilli Tagger,double_faults,9.5,9.0000,,2026-07-22T10:35:37Z,2026-07-23T09:00:00Z,Team Total (Double Faults) Home,8,"{'hdp': 9.5, 'over': '9.00'}"
72830082,2026-07-23,WTA,Prague,Bet365,Mai Hontama,Lilli Tagger,double_faults,11.5,21.0000,,2026-07-22T10:35:37Z,2026-07-23T09:00:00Z,Team Total (Double Faults) Home,8,"{'hdp': 11.5, 'over': '21.00'}"
72830082,2026-07-23,WTA,Prague,Bet365,Mai Hontama,Lilli Tagger,double_faults,14.5,26.0000,,2026-07-22T10:35:37Z,2026-07-23T09:00:00Z,Team Total (Double Faults) Home,8,"{'hdp': 14.5, 'over': '26.00'}"
72830082,2026-07-23,WTA,Prague,Bet365,Mai Hontama,Lilli Tagger,match_aces,2.5,1.0700,,2026-07-22T10:35:37Z,2026-07-23T09:00:00Z,Totals (Aces),6,"{'hdp': 2.5, 'over': '1.07'}"
72830082,2026-07-23,WTA,Prague,Bet365,Mai Hontama,Lilli Tagger,match_aces,4.5,1.3000,,2026-07-22T10:35:37Z,2026-07-23T09:00:00Z,Totals (Aces),6,"{'hdp': 4.5, 'over': '1.30'}"
72830082,2026-07-23,WTA,Prague,Bet365,Mai Hontama,Lilli Tagger,match_aces,9.5,3.7500,,2026-07-22T10:35:37Z,2026-07-23T09:00:00Z,Totals (Aces),6,"{'hdp': 9.5, 'over': '3.75'}"
72830082,2026-07-23,WTA,Prague,Bet365,Mai Hontama,Lilli Tagger,match_aces,14.5,15.0000,,2026-07-22T10:35:37Z,2026-07-23T09:00:00Z,Totals (Aces),6,"{'hdp': 14.5, 'over': '15.00'}"
72830082,2026-07-23,WTA,Prague,Bet365,Mai Hontama,Lilli Tagger,match_aces,19.5,26.0000,,2026-07-22T10:35:37Z,2026-07-23T09:00:00Z,Totals (Aces),6,"{'hdp': 19.5, 'over': '26.00'}"
72830082,2026-07-23,WTA,Prague,Bet365,Mai Hontama,Lilli Tagger,match_double_faults,4.5,1.0200,,2026-07-22T10:35:37Z,2026-07-23T09:00:00Z,Totals (Double Faults),9,"{'hdp': 4.5, 'over': '1.02'}"
72830082,2026-07-23,WTA,Prague,Bet365,Mai Hontama,Lilli Tagger,match_double_faults,7.5,1.1600,,2026-07-22T10:35:37Z,2026-07-23T09:00:00Z,Totals (Double Faults),9,"{'hdp': 7.5, 'over': '1.16'}"
72830082,2026-07-23,WTA,Prague,Bet365,Mai Hontama,Lilli Tagger,match_double_faults,9.5,1.4000,,2026-07-22T10:35:37Z,2026-07-23T09:00:00Z,Totals (Double Faults),9,"{'hdp': 9.5, 'over': '1.40'}"
72830082,2026-07-23,WTA,Prague,Bet365,Mai Hontama,Lilli Tagger,match_double_faults,11.5,1.8300,,2026-07-22T10:35:37Z,2026-07-23T09:00:00Z,Totals (Double Faults),9,"{'hdp': 11.5, 'over': '1.83'}"
72830082,2026-07-23,WTA,Prague,Bet365,Mai Hontama,Lilli Tagger,match_double_faults,14.5,3.4000,,2026-07-22T10:35:37Z,2026-07-23T09:00:00Z,Totals (Double Faults),9,"{'hdp': 14.5, 'over': '3.40'}"
72830082,2026-07-23,WTA,Prague,Bet365,Mai Hontama,Lilli Tagger,match_double_faults,19.5,11.0000,,2026-07-22T10:35:37Z,2026-07-23T09:00:00Z,Totals (Double Faults),9,"{'hdp': 19.5, 'over': '11.00'}"
72830082,2026-07-23,WTA,Prague,Bet365,Mai Hontama,Lilli Tagger,match_double_faults,24.5,26.0000,,2026-07-22T10:35:37Z,2026-07-23T09:00:00Z,Totals (Double Faults),9,"{'hdp': 24.5, 'over': '26.00'}"
72830082,2026-07-23,WTA,Prague,Bet365,Lilli Tagger,Mai Hontama,aces,0.5,1.0100,,2026-07-22T10:35:37Z,2026-07-23T09:00:00Z,Team Total (Aces) Away,5,"{'hdp': 0.5, 'over': '1.01'}"
72830082,2026-07-23,WTA,Prague,Bet365,Lilli Tagger,Mai Hontama,aces,2.5,1.2500,,2026-07-22T10:35:37Z,2026-07-23T09:00:00Z,Team Total (Aces) Away,5,"{'hdp': 2.5, 'over': '1.25'}"
72830082,2026-07-23,WTA,Prague,Bet365,Lilli Tagger,Mai Hontama,aces,4.5,1.9000,,2026-07-22T10:35:37Z,2026-07-23T09:00:00Z,Team Total (Aces) Away,5,"{'hdp': 4.5, 'over': '1.90'}"
72830082,2026-07-23,WTA,Prague,Bet365,Lilli Tagger,Mai Hontama,aces,9.5,11.0000,,2026-07-22T10:35:37Z,2026-07-23T09:00:00Z,Team Total (Aces) Away,5,"{'hdp': 9.5, 'over': '11.00'}"
72830082,2026-07-23,WTA,Prague,Bet365,Lilli Tagger,Mai Hontama,aces,14.5,26.0000,,2026-07-22T10:35:37Z,2026-07-23T09:00:00Z,Team Total (Aces) Away,5,"{'hdp': 14.5, 'over': '26.00'}"
72830086,2026-07-23,WTA,Prague,Bet365,Lanlana Tararudee,Nikola Bartunkova,aces,0.5,1.0200,,2026-07-22T10:35:37Z,2026-07-23T09:00:00Z,Team Total (Aces) Away,5,"{'hdp': 0.5, 'over': '1.02'}"
72830086,2026-07-23,WTA,Prague,Bet365,Lanlana Tararudee,Nikola Bartunkova,aces,2.5,1.3300,,2026-07-22T10:35:37Z,2026-07-23T09:00:00Z,Team Total (Aces) Away,5,"{'hdp': 2.5, 'over': '1.33'}"
72830086,2026-07-23,WTA,Prague,Bet365,Lanlana Tararudee,Nikola Bartunkova,aces,9.5,13.0000,,2026-07-22T10:35:37Z,2026-07-23T09:00:00Z,Team Total (Aces) Away,5,"{'hdp': 9.5, 'over': '13.00'}"
72830086,2026-07-23,WTA,Prague,Bet365,Lanlana Tararudee,Nikola Bartunkova,aces,14.5,26.0000,,2026-07-22T10:35:37Z,2026-07-23T09:00:00Z,Team Total (Aces) Away,5,"{'hdp': 14.5, 'over': '26.00'}"
72830086,2026-07-23,WTA,Prague,Bet365,Lanlana Tararudee,Nikola Bartunkova,aces,4.5,2.2000,,2026-07-22T10:35:37Z,2026-07-23T09:00:00Z,Team Total (Aces) Away,5,"{'hdp': 4.5, 'over': '2.20'}"
72830086,2026-07-23,WTA,Prague,Bet365,Nikola Bartunkova,Lanlana Tararudee,double_faults,4.5,1.0400,,2026-07-22T10:35:37Z,2026-07-23T09:00:00Z,Team Total (Double Faults) Home,9,"{'hdp': 4.5, 'over': '1.04'}"
72830086,2026-07-23,WTA,Prague,Bet365,Nikola Bartunkova,Lanlana Tararudee,double_faults,7.5,1.2000,,2026-07-22T10:35:37Z,2026-07-23T09:00:00Z,Team Total (Double Faults) Home,9,"{'hdp': 7.5, 'over': '1.20'}"
72830086,2026-07-23,WTA,Prague,Bet365,Nikola Bartunkova,Lanlana Tararudee,double_faults,9.5,1.4000,,2026-07-22T10:35:37Z,2026-07-23T09:00:00Z,Team Total (Double Faults) Home,9,"{'hdp': 9.5, 'over': '1.40'}"
72830086,2026-07-23,WTA,Prague,Bet365,Nikola Bartunkova,Lanlana Tararudee,double_faults,24.5,19.0000,,2026-07-22T10:35:37Z,2026-07-23T09:00:00Z,Team Total (Double Faults) Home,9,"{'hdp': 24.5, 'over': '19.00'}"
72830086,2026-07-23,WTA,Prague,Bet365,Nikola Bartunkova,Lanlana Tararudee,double_faults,11.5,1.7200,,2026-07-22T10:35:37Z,2026-07-23T09:00:00Z,Team Total (Double Faults) Home,9,"{'hdp': 11.5, 'over': '1.72'}"
72830086,2026-07-23,WTA,Prague,Bet365,Nikola Bartunkova,Lanlana Tararudee,double_faults,14.5,2.6200,,2026-07-22T10:35:37Z,2026-07-23T09:00:00Z,Team Total (Double Faults) Home,9,"{'hdp': 14.5, 'over': '2.62'}"
72830086,2026-07-23,WTA,Prague,Bet365,Nikola Bartunkova,Lanlana Tararudee,double_faults,19.5,6.5000,,2026-07-22T10:35:37Z,2026-07-23T09:00:00Z,Team Total (Double Faults) Home,9,"{'hdp': 19.5, 'over': '6.50'}"
72830086,2026-07-23,WTA,Prague,Bet365,Nikola Bartunkova,Lanlana Tararudee,match_aces,2.5,1.0200,,2026-07-22T10:35:37Z,2026-07-23T09:00:00Z,Totals (Aces),7,"{'hdp': 2.5, 'over': '1.02'}"
72830086,2026-07-23,WTA,Prague,Bet365,Nikola Bartunkova,Lanlana Tararudee,match_aces,4.5,1.1000,,2026-07-22T10:35:37Z,2026-07-23T09:00:00Z,Totals (Aces),7,"{'hdp': 4.5, 'over': '1.10'}"
72830086,2026-07-23,WTA,Prague,Bet365,Nikola Bartunkova,Lanlana Tararudee,match_aces,9.5,1.8300,,2026-07-22T10:35:37Z,2026-07-23T09:00:00Z,Totals (Aces),7,"{'hdp': 9.5, 'over': '1.83'}"
72830086,2026-07-23,WTA,Prague,Bet365,Nikola Bartunkova,Lanlana Tararudee,match_aces,14.5,4.5000,,2026-07-22T10:35:37Z,2026-07-23T09:00:00Z,Totals (Aces),7,"{'hdp': 14.5, 'over': '4.50'}"
72830086,2026-07-23,WTA,Prague,Bet365,Nikola Bartunkova,Lanlana Tararudee,match_aces,19.5,15.0000,,2026-07-22T10:35:37Z,2026-07-23T09:00:00Z,Totals (Aces),7,"{'hdp': 19.5, 'over': '15.00'}"
72830086,2026-07-23,WTA,Prague,Bet365,Nikola Bartunkova,Lanlana Tararudee,match_aces,24.5,26.0000,,2026-07-22T10:35:37Z,2026-07-23T09:00:00Z,Totals (Aces),7,"{'hdp': 24.5, 'over': '26.00'}"
72830086,2026-07-23,WTA,Prague,Bet365,Nikola Bartunkova,Lanlana Tararudee,match_double_faults,14.5,1.3600,,2026-07-22T10:35:37Z,2026-07-23T09:00:00Z,Totals (Double Faults),7,"{'hdp': 14.5, 'over': '1.36'}"
72830086,2026-07-23,WTA,Prague,Bet365,Nikola Bartunkova,Lanlana Tararudee,match_double_faults,19.5,2.2500,,2026-07-22T10:35:37Z,2026-07-23T09:00:00Z,Totals (Double Faults),7,"{'hdp': 19.5, 'over': '2.25'}"
72830086,2026-07-23,WTA,Prague,Bet365,Nikola Bartunkova,Lanlana Tararudee,match_double_faults,7.5,1.0100,,2026-07-22T10:35:37Z,2026-07-23T09:00:00Z,Totals (Double Faults),7,"{'hdp': 7.5, 'over': '1.01'}"
72830086,2026-07-23,WTA,Prague,Bet365,Nikola Bartunkova,Lanlana Tararudee,match_double_faults,9.5,1.0500,,2026-07-22T10:35:37Z,2026-07-23T09:00:00Z,Totals (Double Faults),7,"{'hdp': 9.5, 'over': '1.05'}"
72830086,2026-07-23,WTA,Prague,Bet365,Nikola Bartunkova,Lanlana Tararudee,match_double_faults,11.5,1.1200,,2026-07-22T10:35:37Z,2026-07-23T09:00:00Z,Totals (Double Faults),7,"{'hdp': 11.5, 'over': '1.12'}"
72830086,2026-07-23,WTA,Prague,Bet365,Nikola Bartunkova,Lanlana Tararudee,match_double_faults,24.5,4.5000,,2026-07-22T10:35:37Z,2026-07-23T09:00:00Z,Totals (Double Faults),7,"{'hdp': 24.5, 'over': '4.50'}"
72830086,2026-07-23,WTA,Prague,Bet365,Nikola Bartunkova,Lanlana Tararudee,aces,0.5,1.0100,,2026-07-22T10:35:37Z,2026-07-23T09:00:00Z,Team Total (Aces) Home,5,"{'hdp': 0.5, 'over': '1.01'}"
72830086,2026-07-23,WTA,Prague,Bet365,Nikola Bartunkova,Lanlana Tararudee,aces,2.5,1.1600,,2026-07-22T10:35:37Z,2026-07-23T09:00:00Z,Team Total (Aces) Home,5,"{'hdp': 2.5, 'over': '1.16'}"
72830086,2026-07-23,WTA,Prague,Bet365,Nikola Bartunkova,Lanlana Tararudee,aces,4.5,1.6100,,2026-07-22T10:35:37Z,2026-07-23T09:00:00Z,Team Total (Aces) Home,5,"{'hdp': 4.5, 'over': '1.61'}"
72830086,2026-07-23,WTA,Prague,Bet365,Nikola Bartunkova,Lanlana Tararudee,aces,9.5,6.5000,,2026-07-22T10:35:37Z,2026-07-23T09:00:00Z,Team Total (Aces) Home,5,"{'hdp': 9.5, 'over': '6.50'}"
72830086,2026-07-23,WTA,Prague,Bet365,Nikola Bartunkova,Lanlana Tararudee,aces,14.5,26.0000,,2026-07-22T10:35:37Z,2026-07-23T09:00:00Z,Team Total (Aces) Home,5,"{'hdp': 14.5, 'over': '26.00'}"
72830086,2026-07-23,WTA,Prague,Bet365,Lanlana Tararudee,Nikola Bartunkova,double_faults,4.5,1.4400,,2026-07-22T10:35:37Z,2026-07-23T09:00:00Z,Team Total (Double Faults) Away,8,"{'hdp': 4.5, 'over': '1.44'}"
72830086,2026-07-23,WTA,Prague,Bet365,Lanlana Tararudee,Nikola Bartunkova,double_faults,9.5,7.0000,,2026-07-22T10:35:37Z,2026-07-23T09:00:00Z,Team Total (Double Faults) Away,8,"{'hdp': 9.5, 'over': '7.00'}"
72830086,2026-07-23,WTA,Prague,Bet365,Lanlana Tararudee,Nikola Bartunkova,double_faults,1.5,1.0200,,2026-07-22T10:35:37Z,2026-07-23T09:00:00Z,Team Total (Double Faults) Away,8,"{'hdp': 1.5, 'over': '1.02'}"
72830086,2026-07-23,WTA,Prague,Bet365,Lanlana Tararudee,Nikola Bartunkova,double_faults,2.5,1.1000,,2026-07-22T10:35:37Z,2026-07-23T09:00:00Z,Team Total (Double Faults) Away,8,"{'hdp': 2.5, 'over': '1.10'}"
72830086,2026-07-23,WTA,Prague,Bet365,Lanlana Tararudee,Nikola Bartunkova,double_faults,7.5,3.5000,,2026-07-22T10:35:37Z,2026-07-23T09:00:00Z,Team Total (Double Faults) Away,8,"{'hdp': 7.5, 'over': '3.50'}"
72830086,2026-07-23,WTA,Prague,Bet365,Lanlana Tararudee,Nikola Bartunkova,double_faults,11.5,17.0000,,2026-07-22T10:35:37Z,2026-07-23T09:00:00Z,Team Total (Double Faults) Away,8,"{'hdp': 11.5, 'over': '17.00'}"
72830086,2026-07-23,WTA,Prague,Bet365,Lanlana Tararudee,Nikola Bartunkova,double_faults,14.5,26.0000,,2026-07-22T10:35:37Z,2026-07-23T09:00:00Z,Team Total (Double Faults) Away,8,"{'hdp': 14.5, 'over': '26.00'}"
72829934,2026-07-23,WTA,Hamburg,Bet365,Leyre Romero Gormaz,Oleksandra Oliynykova,double_faults,0.5,1.0100,,2026-07-22T10:35:37Z,2026-07-23T09:00:00Z,Team Total (Double Faults) Away,7,"{'hdp': 0.5, 'over': '1.01'}"
72829934,2026-07-23,WTA,Hamburg,Bet365,Leyre Romero Gormaz,Oleksandra Oliynykova,double_faults,1.5,1.0700,,2026-07-22T10:35:37Z,2026-07-23T09:00:00Z,Team Total (Double Faults) Away,7,"{'hdp': 1.5, 'over': '1.07'}"
72829934,2026-07-23,WTA,Hamburg,Bet365,Leyre Romero Gormaz,Oleksandra Oliynykova,double_faults,2.5,1.2200,,2026-07-22T10:35:37Z,2026-07-23T09:00:00Z,Team Total (Double Faults) Away,7,"{'hdp': 2.5, 'over': '1.22'}"
72829934,2026-07-23,WTA,Hamburg,Bet365,Leyre Romero Gormaz,Oleksandra Oliynykova,double_faults,4.5,2.0000,,2026-07-22T10:35:37Z,2026-07-23T09:00:00Z,Team Total (Double Faults) Away,7,"{'hdp': 4.5, 'over': '2.00'}"
72829934,2026-07-23,WTA,Hamburg,Bet365,Leyre Romero Gormaz,Oleksandra Oliynykova,double_faults,7.5,7.0000,,2026-07-22T10:35:37Z,2026-07-23T09:00:00Z,Team Total (Double Faults) Away,7,"{'hdp': 7.5, 'over': '7.00'}"
72829934,2026-07-23,WTA,Hamburg,Bet365,Leyre Romero Gormaz,Oleksandra Oliynykova,double_faults,9.5,17.0000,,2026-07-22T10:35:37Z,2026-07-23T09:00:00Z,Team Total (Double Faults) Away,7,"{'hdp': 9.5, 'over': '17.00'}"
72829934,2026-07-23,WTA,Hamburg,Bet365,Leyre Romero Gormaz,Oleksandra Oliynykova,double_faults,11.5,26.0000,,2026-07-22T10:35:37Z,2026-07-23T09:00:00Z,Team Total (Double Faults) Away,7,"{'hdp': 11.5, 'over': '26.00'}"
72829934,2026-07-23,WTA,Hamburg,Bet365,Oleksandra Oliynykova,Leyre Romero Gormaz,double_faults,0.5,1.0500,,2026-07-22T10:35:37Z,2026-07-23T09:00:00Z,Team Total (Double Faults) Home,6,"{'hdp': 0.5, 'over': '1.05'}"
72829934,2026-07-23,WTA,Hamburg,Bet365,Oleksandra Oliynykova,Leyre Romero Gormaz,double_faults,1.5,1.2200,,2026-07-22T10:35:37Z,2026-07-23T09:00:00Z,Team Total (Double Faults) Home,6,"{'hdp': 1.5, 'over': '1.22'}"
72829934,2026-07-23,WTA,Hamburg,Bet365,Oleksandra Oliynykova,Leyre Romero Gormaz,double_faults,2.5,1.5700,,2026-07-22T10:35:37Z,2026-07-23T09:00:00Z,Team Total (Double Faults) Home,6,"{'hdp': 2.5, 'over': '1.57'}"
72829934,2026-07-23,WTA,Hamburg,Bet365,Oleksandra Oliynykova,Leyre Romero Gormaz,double_faults,4.5,3.5000,,2026-07-22T10:35:37Z,2026-07-23T09:00:00Z,Team Total (Double Faults) Home,6,"{'hdp': 4.5, 'over': '3.50'}"
72829934,2026-07-23,WTA,Hamburg,Bet365,Oleksandra Oliynykova,Leyre Romero Gormaz,double_faults,7.5,17.0000,,2026-07-22T10:35:37Z,2026-07-23T09:00:00Z,Team Total (Double Faults) Home,6,"{'hdp': 7.5, 'over': '17.00'}"
72829934,2026-07-23,WTA,Hamburg,Bet365,Oleksandra Oliynykova,Leyre Romero Gormaz,double_faults,9.5,26.0000,,2026-07-22T10:35:37Z,2026-07-23T09:00:00Z,Team Total (Double Faults) Home,6,"{'hdp': 9.5, 'over': '26.00'}"
72829934,2026-07-23,WTA,Hamburg,Bet365,Oleksandra Oliynykova,Leyre Romero Gormaz,match_double_faults,2.5,1.0200,,2026-07-22T10:35:37Z,2026-07-23T09:00:00Z,Totals (Double Faults),9,"{'hdp': 2.5, 'over': '1.02'}"
72829934,2026-07-23,WTA,Hamburg,Bet365,Oleksandra Oliynykova,Leyre Romero Gormaz,match_double_faults,4.5,1.1600,,2026-07-22T10:35:37Z,2026-07-23T09:00:00Z,Totals (Double Faults),9,"{'hdp': 4.5, 'over': '1.16'}"
72829934,2026-07-23,WTA,Hamburg,Bet365,Oleksandra Oliynykova,Leyre Romero Gormaz,match_double_faults,7.5,1.8300,,2026-07-22T10:35:37Z,2026-07-23T09:00:00Z,Totals (Double Faults),9,"{'hdp': 7.5, 'over': '1.83'}"
72829934,2026-07-23,WTA,Hamburg,Bet365,Oleksandra Oliynykova,Leyre Romero Gormaz,match_double_faults,9.5,3.2500,,2026-07-22T10:35:37Z,2026-07-23T09:00:00Z,Totals (Double Faults),9,"{'hdp': 9.5, 'over': '3.25'}"
72829934,2026-07-23,WTA,Hamburg,Bet365,Oleksandra Oliynykova,Leyre Romero Gormaz,match_double_faults,11.5,6.0000,,2026-07-22T10:35:37Z,2026-07-23T09:00:00Z,Totals (Double Faults),9,"{'hdp': 11.5, 'over': '6.00'}"
72829934,2026-07-23,WTA,Hamburg,Bet365,Oleksandra Oliynykova,Leyre Romero Gormaz,match_double_faults,14.5,17.0000,,2026-07-22T10:35:37Z,2026-07-23T09:00:00Z,Totals (Double Faults),9,"{'hdp': 14.5, 'over': '17.00'}"
72829934,2026-07-23,WTA,Hamburg,Bet365,Oleksandra Oliynykova,Leyre Romero Gormaz,match_double_faults,19.5,26.0000,,2026-07-22T10:35:37Z,2026-07-23T09:00:00Z,Totals (Double Faults),9,"{'hdp': 19.5, 'over': '26.00'}"
72829934,2026-07-23,WTA,Hamburg,Bet365,Leyre Romero Gormaz,Oleksandra Oliynykova,aces,0.5,1.1400,,2026-07-22T10:35:37Z,2026-07-23T09:00:00Z,Team Total (Aces) Away,4,"{'hdp': 0.5, 'over': '1.14'}"
72829934,2026-07-23,WTA,Hamburg,Bet365,Leyre Romero Gormaz,Oleksandra Oliynykova,aces,2.5,2.5000,,2026-07-22T10:35:37Z,2026-07-23T09:00:00Z,Team Total (Aces) Away,4,"{'hdp': 2.5, 'over': '2.50'}"
72829934,2026-07-23,WTA,Hamburg,Bet365,Leyre Romero Gormaz,Oleksandra Oliynykova,aces,4.5,8.0000,,2026-07-22T10:35:37Z,2026-07-23T09:00:00Z,Team Total (Aces) Away,4,"{'hdp': 4.5, 'over': '8.00'}"
72829934,2026-07-23,WTA,Hamburg,Bet365,Leyre Romero Gormaz,Oleksandra Oliynykova,aces,9.5,26.0000,,2026-07-22T10:35:37Z,2026-07-23T09:00:00Z,Team Total (Aces) Away,4,"{'hdp': 9.5, 'over': '26.00'}"
72829934,2026-07-23,WTA,Hamburg,Bet365,Oleksandra Oliynykova,Leyre Romero Gormaz,aces,0.5,1.2500,,2026-07-22T10:35:37Z,2026-07-23T09:00:00Z,Team Total (Aces) Home,3,"{'hdp': 0.5, 'over': '1.25'}"
72829934,2026-07-23,WTA,Hamburg,Bet365,Oleksandra Oliynykova,Leyre Romero Gormaz,aces,2.5,4.0000,,2026-07-22T10:35:37Z,2026-07-23T09:00:00Z,Team Total (Aces) Home,3,"{'hdp': 2.5, 'over': '4.00'}"
72829934,2026-07-23,WTA,Hamburg,Bet365,Oleksandra Oliynykova,Leyre Romero Gormaz,aces,4.5,19.0000,,2026-07-22T10:35:37Z,2026-07-23T09:00:00Z,Team Total (Aces) Home,3,"{'hdp': 4.5, 'over': '19.00'}"
72829934,2026-07-23,WTA,Hamburg,Bet365,Oleksandra Oliynykova,Leyre Romero Gormaz,match_aces,0.5,1.0300,,2026-07-22T10:35:37Z,2026-07-23T09:00:00Z,Totals (Aces),5,"{'hdp': 0.5, 'over': '1.03'}"
72829934,2026-07-23,WTA,Hamburg,Bet365,Oleksandra Oliynykova,Leyre Romero Gormaz,match_aces,2.5,1.4000,,2026-07-22T10:35:37Z,2026-07-23T09:00:00Z,Totals (Aces),5,"{'hdp': 2.5, 'over': '1.40'}"
72829934,2026-07-23,WTA,Hamburg,Bet365,Oleksandra Oliynykova,Leyre Romero Gormaz,match_aces,4.5,2.6200,,2026-07-22T10:35:37Z,2026-07-23T09:00:00Z,Totals (Aces),5,"{'hdp': 4.5, 'over': '2.62'}"
72829934,2026-07-23,WTA,Hamburg,Bet365,Oleksandra Oliynykova,Leyre Romero Gormaz,match_aces,9.5,23.0000,,2026-07-22T10:35:37Z,2026-07-23T09:00:00Z,Totals (Aces),5,"{'hdp': 9.5, 'over': '23.00'}"
72829934,2026-07-23,WTA,Hamburg,Bet365,Oleksandra Oliynykova,Leyre Romero Gormaz,match_aces,14.5,26.0000,,2026-07-22T10:35:37Z,2026-07-23T09:00:00Z,Totals (Aces),5,"{'hdp': 14.5, 'over': '26.00'}"
72830092,2026-07-23,WTA,Prague,Bet365,Lucie Havlickova,Barbora Krejcikova,aces,0.5,1.0600,,2026-07-22T10:35:37Z,2026-07-23T09:00:00Z,Team Total (Aces) Home,5,"{'hdp': 0.5, 'over': '1.06'}"
72830092,2026-07-23,WTA,Prague,Bet365,Lucie Havlickova,Barbora Krejcikova,aces,2.5,1.6100,,2026-07-22T10:35:37Z,2026-07-23T09:00:00Z,Team Total (Aces) Home,5,"{'hdp': 2.5, 'over': '1.61'}"
72830092,2026-07-23,WTA,Prague,Bet365,Lucie Havlickova,Barbora Krejcikova,aces,4.5,3.2500,,2026-07-22T10:35:37Z,2026-07-23T09:00:00Z,Team Total (Aces) Home,5,"{'hdp': 4.5, 'over': '3.25'}"
72830092,2026-07-23,WTA,Prague,Bet365,Lucie Havlickova,Barbora Krejcikova,aces,9.5,23.0000,,2026-07-22T10:35:37Z,2026-07-23T09:00:00Z,Team Total (Aces) Home,5,"{'hdp': 9.5, 'over': '23.00'}"
72830092,2026-07-23,WTA,Prague,Bet365,Lucie Havlickova,Barbora Krejcikova,aces,14.5,26.0000,,2026-07-22T10:35:37Z,2026-07-23T09:00:00Z,Team Total (Aces) Home,5,"{'hdp': 14.5, 'over': '26.00'}"
72830092,2026-07-23,WTA,Prague,Bet365,Lucie Havlickova,Barbora Krejcikova,match_aces,2.5,1.0600,,2026-07-22T10:35:37Z,2026-07-23T09:00:00Z,Totals (Aces),6,"{'hdp': 2.5, 'over': '1.06'}"
72830092,2026-07-23,WTA,Prague,Bet365,Lucie Havlickova,Barbora Krejcikova,match_aces,4.5,1.3000,,2026-07-22T10:35:37Z,2026-07-23T09:00:00Z,Totals (Aces),6,"{'hdp': 4.5, 'over': '1.30'}"
72830092,2026-07-23,WTA,Prague,Bet365,Lucie Havlickova,Barbora Krejcikova,match_aces,9.5,3.5000,,2026-07-22T10:35:37Z,2026-07-23T09:00:00Z,Totals (Aces),6,"{'hdp': 9.5, 'over': '3.50'}"
72830092,2026-07-23,WTA,Prague,Bet365,Lucie Havlickova,Barbora Krejcikova,match_aces,14.5,13.0000,,2026-07-22T10:35:37Z,2026-07-23T09:00:00Z,Totals (Aces),6,"{'hdp': 14.5, 'over': '13.00'}"
72830092,2026-07-23,WTA,Prague,Bet365,Lucie Havlickova,Barbora Krejcikova,match_aces,19.5,26.0000,,2026-07-22T10:35:37Z,2026-07-23T09:00:00Z,Totals (Aces),6,"{'hdp': 19.5, 'over': '26.00'}"
72830092,2026-07-23,WTA,Prague,Bet365,Barbora Krejcikova,Lucie Havlickova,aces,0.5,1.0300,,2026-07-22T10:35:37Z,2026-07-23T09:00:00Z,Team Total (Aces) Away,5,"{'hdp': 0.5, 'over': '1.03'}"
72830092,2026-07-23,WTA,Prague,Bet365,Barbora Krejcikova,Lucie Havlickova,aces,2.5,1.4000,,2026-07-22T10:35:37Z,2026-07-23T09:00:00Z,Team Total (Aces) Away,5,"{'hdp': 2.5, 'over': '1.40'}"
72830092,2026-07-23,WTA,Prague,Bet365,Barbora Krejcikova,Lucie Havlickova,aces,4.5,2.6200,,2026-07-22T10:35:37Z,2026-07-23T09:00:00Z,Team Total (Aces) Away,5,"{'hdp': 4.5, 'over': '2.62'}"
72830092,2026-07-23,WTA,Prague,Bet365,Barbora Krejcikova,Lucie Havlickova,aces,9.5,21.0000,,2026-07-22T10:35:37Z,2026-07-23T09:00:00Z,Team Total (Aces) Away,5,"{'hdp': 9.5, 'over': '21.00'}"
72830092,2026-07-23,WTA,Prague,Bet365,Barbora Krejcikova,Lucie Havlickova,aces,14.5,26.0000,,2026-07-22T10:35:37Z,2026-07-23T09:00:00Z,Team Total (Aces) Away,5,"{'hdp': 14.5, 'over': '26.00'}"
72830092,2026-07-23,WTA,Prague,Bet365,Barbora Krejcikova,Lucie Havlickova,double_faults,0.5,1.0100,,2026-07-22T10:35:37Z,2026-07-23T09:00:00Z,Team Total (Double Faults) Away,8,"{'hdp': 0.5, 'over': '1.01'}"
72830092,2026-07-23,WTA,Prague,Bet365,Barbora Krejcikova,Lucie Havlickova,double_faults,2.5,1.1600,,2026-07-22T10:35:37Z,2026-07-23T09:00:00Z,Team Total (Double Faults) Away,8,"{'hdp': 2.5, 'over': '1.16'}"
72830092,2026-07-23,WTA,Prague,Bet365,Barbora Krejcikova,Lucie Havlickova,double_faults,7.5,3.4000,,2026-07-22T10:35:37Z,2026-07-23T09:00:00Z,Team Total (Double Faults) Away,8,"{'hdp': 7.5, 'over': '3.40'}"
72830092,2026-07-23,WTA,Prague,Bet365,Barbora Krejcikova,Lucie Havlickova,double_faults,9.5,6.0000,,2026-07-22T10:35:37Z,2026-07-23T09:00:00Z,Team Total (Double Faults) Away,8,"{'hdp': 9.5, 'over': '6.00'}"
72830092,2026-07-23,WTA,Prague,Bet365,Barbora Krejcikova,Lucie Havlickova,double_faults,11.5,11.0000,,2026-07-22T10:35:37Z,2026-07-23T09:00:00Z,Team Total (Double Faults) Away,8,"{'hdp': 11.5, 'over': '11.00'}"
72830092,2026-07-23,WTA,Prague,Bet365,Barbora Krejcikova,Lucie Havlickova,double_faults,14.5,26.0000,,2026-07-22T10:35:37Z,2026-07-23T09:00:00Z,Team Total (Double Faults) Away,8,"{'hdp': 14.5, 'over': '26.00'}"
72830092,2026-07-23,WTA,Prague,Bet365,Barbora Krejcikova,Lucie Havlickova,double_faults,1.5,1.0600,,2026-07-22T10:35:37Z,2026-07-23T09:00:00Z,Team Total (Double Faults) Away,8,"{'hdp': 1.5, 'over': '1.06'}"
72830092,2026-07-23,WTA,Prague,Bet365,Barbora Krejcikova,Lucie Havlickova,double_faults,4.5,1.6100,,2026-07-22T10:35:37Z,2026-07-23T09:00:00Z,Team Total (Double Faults) Away,8,"{'hdp': 4.5, 'over': '1.61'}"
72830092,2026-07-23,WTA,Prague,Bet365,Lucie Havlickova,Barbora Krejcikova,double_faults,4.5,1.0700,,2026-07-22T10:35:37Z,2026-07-23T09:00:00Z,Team Total (Double Faults) Home,8,"{'hdp': 4.5, 'over': '1.07'}"
72830092,2026-07-23,WTA,Prague,Bet365,Lucie Havlickova,Barbora Krejcikova,double_faults,7.5,1.5000,,2026-07-22T10:35:37Z,2026-07-23T09:00:00Z,Team Total (Double Faults) Home,8,"{'hdp': 7.5, 'over': '1.50'}"
72830092,2026-07-23,WTA,Prague,Bet365,Lucie Havlickova,Barbora Krejcikova,double_faults,9.5,2.2000,,2026-07-22T10:35:37Z,2026-07-23T09:00:00Z,Team Total (Double Faults) Home,8,"{'hdp': 9.5, 'over': '2.20'}"
72830092,2026-07-23,WTA,Prague,Bet365,Lucie Havlickova,Barbora Krejcikova,double_faults,14.5,9.0000,,2026-07-22T10:35:37Z,2026-07-23T09:00:00Z,Team Total (Double Faults) Home,8,"{'hdp': 14.5, 'over': '9.00'}"
72830092,2026-07-23,WTA,Prague,Bet365,Lucie Havlickova,Barbora Krejcikova,double_faults,19.5,26.0000,,2026-07-22T10:35:37Z,2026-07-23T09:00:00Z,Team Total (Double Faults) Home,8,"{'hdp': 19.5, 'over': '26.00'}"
72830092,2026-07-23,WTA,Prague,Bet365,Lucie Havlickova,Barbora Krejcikova,double_faults,11.5,3.7500,,2026-07-22T10:35:37Z,2026-07-23T09:00:00Z,Team Total (Double Faults) Home,8,"{'hdp': 11.5, 'over': '3.75'}"
72830092,2026-07-23,WTA,Prague,Bet365,Lucie Havlickova,Barbora Krejcikova,match_double_faults,7.5,1.0500,,2026-07-22T10:35:37Z,2026-07-23T09:00:00Z,Totals (Double Faults),8,"{'hdp': 7.5, 'over': '1.05'}"
72830092,2026-07-23,WTA,Prague,Bet365,Lucie Havlickova,Barbora Krejcikova,match_double_faults,24.5,13.0000,,2026-07-22T10:35:37Z,2026-07-23T09:00:00Z,Totals (Double Faults),8,"{'hdp': 24.5, 'over': '13.00'}"
72830092,2026-07-23,WTA,Prague,Bet365,Lucie Havlickova,Barbora Krejcikova,match_double_faults,9.5,1.1600,,2026-07-22T10:35:37Z,2026-07-23T09:00:00Z,Totals (Double Faults),8,"{'hdp': 9.5, 'over': '1.16'}"
72830092,2026-07-23,WTA,Prague,Bet365,Lucie Havlickova,Barbora Krejcikova,match_double_faults,11.5,1.3600,,2026-07-22T10:35:37Z,2026-07-23T09:00:00Z,Totals (Double Faults),8,"{'hdp': 11.5, 'over': '1.36'}"
72830092,2026-07-23,WTA,Prague,Bet365,Lucie Havlickova,Barbora Krejcikova,match_double_faults,14.5,1.9000,,2026-07-22T10:35:37Z,2026-07-23T09:00:00Z,Totals (Double Faults),8,"{'hdp': 14.5, 'over': '1.90'}"
72830092,2026-07-23,WTA,Prague,Bet365,Lucie Havlickova,Barbora Krejcikova,match_double_faults,19.5,4.5000,,2026-07-22T10:35:37Z,2026-07-23T09:00:00Z,Totals (Double Faults),8,"{'hdp': 19.5, 'over': '4.50'}"
72827260,2026-07-23,ATP,Estoril,Bet365,Pedro Martinez,Luciano Darderi,double_faults,0.5,1.0600,,2026-07-22T10:35:37Z,2026-07-23T11:00:00Z,Team Total (Double Faults) Home,5,"{'hdp': 0.5, 'over': '1.06'}"
72827260,2026-07-23,ATP,Estoril,Bet365,Pedro Martinez,Luciano Darderi,double_faults,1.5,1.3000,,2026-07-22T10:35:37Z,2026-07-23T11:00:00Z,Team Total (Double Faults) Home,5,"{'hdp': 1.5, 'over': '1.30'}"
72827260,2026-07-23,ATP,Estoril,Bet365,Pedro Martinez,Luciano Darderi,double_faults,2.5,1.8300,,2026-07-22T10:35:37Z,2026-07-23T11:00:00Z,Team Total (Double Faults) Home,5,"{'hdp': 2.5, 'over': '1.83'}"
72827260,2026-07-23,ATP,Estoril,Bet365,Pedro Martinez,Luciano Darderi,double_faults,4.5,5.5000,,2026-07-22T10:35:37Z,2026-07-23T11:00:00Z,Team Total (Double Faults) Home,5,"{'hdp': 4.5, 'over': '5.50'}"
72827260,2026-07-23,ATP,Estoril,Bet365,Pedro Martinez,Luciano Darderi,double_faults,7.5,26.0000,,2026-07-22T10:35:37Z,2026-07-23T11:00:00Z,Team Total (Double Faults) Home,5,"{'hdp': 7.5, 'over': '26.00'}"
72827260,2026-07-23,ATP,Estoril,Bet365,Pedro Martinez,Luciano Darderi,match_aces,2.5,1.0300,,2026-07-22T10:35:37Z,2026-07-23T11:00:00Z,Totals (Aces),7,"{'hdp': 2.5, 'over': '1.03'}"
72827260,2026-07-23,ATP,Estoril,Bet365,Pedro Martinez,Luciano Darderi,match_aces,4.5,1.1600,,2026-07-22T10:35:37Z,2026-07-23T11:00:00Z,Totals (Aces),7,"{'hdp': 4.5, 'over': '1.16'}"
72827260,2026-07-23,ATP,Estoril,Bet365,Pedro Martinez,Luciano Darderi,match_aces,9.5,2.3700,,2026-07-22T10:35:37Z,2026-07-23T11:00:00Z,Totals (Aces),7,"{'hdp': 9.5, 'over': '2.37'}"
72827260,2026-07-23,ATP,Estoril,Bet365,Pedro Martinez,Luciano Darderi,match_aces,14.5,7.0000,,2026-07-22T10:35:37Z,2026-07-23T11:00:00Z,Totals (Aces),7,"{'hdp': 14.5, 'over': '7.00'}"
72827260,2026-07-23,ATP,Estoril,Bet365,Pedro Martinez,Luciano Darderi,match_aces,19.5,23.0000,,2026-07-22T10:35:37Z,2026-07-23T11:00:00Z,Totals (Aces),7,"{'hdp': 19.5, 'over': '23.00'}"
72827260,2026-07-23,ATP,Estoril,Bet365,Pedro Martinez,Luciano Darderi,match_aces,24.5,26.0000,,2026-07-22T10:35:37Z,2026-07-23T11:00:00Z,Totals (Aces),7,"{'hdp': 24.5, 'over': '26.00'}"
72827260,2026-07-23,ATP,Estoril,Bet365,Pedro Martinez,Luciano Darderi,match_double_faults,7.5,5.0000,,2026-07-22T10:35:37Z,2026-07-23T11:00:00Z,Totals (Double Faults),7,"{'hdp': 7.5, 'over': '5.00'}"
72827260,2026-07-23,ATP,Estoril,Bet365,Pedro Martinez,Luciano Darderi,match_double_faults,9.5,13.0000,,2026-07-22T10:35:37Z,2026-07-23T11:00:00Z,Totals (Double Faults),7,"{'hdp': 9.5, 'over': '13.00'}"
72827260,2026-07-23,ATP,Estoril,Bet365,Pedro Martinez,Luciano Darderi,match_double_faults,2.5,1.1200,,2026-07-22T10:35:37Z,2026-07-23T11:00:00Z,Totals (Double Faults),7,"{'hdp': 2.5, 'over': '1.12'}"
72827260,2026-07-23,ATP,Estoril,Bet365,Pedro Martinez,Luciano Darderi,match_double_faults,4.5,1.6600,,2026-07-22T10:35:37Z,2026-07-23T11:00:00Z,Totals (Double Faults),7,"{'hdp': 4.5, 'over': '1.66'}"
72827260,2026-07-23,ATP,Estoril,Bet365,Pedro Martinez,Luciano Darderi,match_double_faults,1.5,1.0400,,2026-07-22T10:35:37Z,2026-07-23T11:00:00Z,Totals (Double Faults),7,"{'hdp': 1.5, 'over': '1.04'}"
72827260,2026-07-23,ATP,Estoril,Bet365,Pedro Martinez,Luciano Darderi,match_double_faults,11.5,26.0000,,2026-07-22T10:35:37Z,2026-07-23T11:00:00Z,Totals (Double Faults),7,"{'hdp': 11.5, 'over': '26.00'}"
72827260,2026-07-23,ATP,Estoril,Bet365,Luciano Darderi,Pedro Martinez,aces,2.5,1.1000,,2026-07-22T10:35:37Z,2026-07-23T11:00:00Z,Team Total (Aces) Away,6,"{'hdp': 2.5, 'over': '1.10'}"
72827260,2026-07-23,ATP,Estoril,Bet365,Luciano Darderi,Pedro Martinez,aces,4.5,1.4000,,2026-07-22T10:35:37Z,2026-07-23T11:00:00Z,Team Total (Aces) Away,6,"{'hdp': 4.5, 'over': '1.40'}"
72827260,2026-07-23,ATP,Estoril,Bet365,Luciano Darderi,Pedro Martinez,aces,9.5,4.0000,,2026-07-22T10:35:37Z,2026-07-23T11:00:00Z,Team Total (Aces) Away,6,"{'hdp': 9.5, 'over': '4.00'}"
72827260,2026-07-23,ATP,Estoril,Bet365,Luciano Darderi,Pedro Martinez,aces,14.5,17.0000,,2026-07-22T10:35:37Z,2026-07-23T11:00:00Z,Team Total (Aces) Away,6,"{'hdp': 14.5, 'over': '17.00'}"
72827260,2026-07-23,ATP,Estoril,Bet365,Luciano Darderi,Pedro Martinez,aces,19.5,26.0000,,2026-07-22T10:35:37Z,2026-07-23T11:00:00Z,Team Total (Aces) Away,6,"{'hdp': 19.5, 'over': '26.00'}"
72827260,2026-07-23,ATP,Estoril,Bet365,Pedro Martinez,Luciano Darderi,aces,0.5,1.1600,,2026-07-22T10:35:37Z,2026-07-23T11:00:00Z,Team Total (Aces) Home,4,"{'hdp': 0.5, 'over': '1.16'}"
72827260,2026-07-23,ATP,Estoril,Bet365,Pedro Martinez,Luciano Darderi,aces,2.5,2.6200,,2026-07-22T10:35:37Z,2026-07-23T11:00:00Z,Team Total (Aces) Home,4,"{'hdp': 2.5, 'over': '2.62'}"
72827260,2026-07-23,ATP,Estoril,Bet365,Pedro Martinez,Luciano Darderi,aces,4.5,9.0000,,2026-07-22T10:35:37Z,2026-07-23T11:00:00Z,Team Total (Aces) Home,4,"{'hdp': 4.5, 'over': '9.00'}"
72827260,2026-07-23,ATP,Estoril,Bet365,Pedro Martinez,Luciano Darderi,aces,9.5,26.0000,,2026-07-22T10:35:37Z,2026-07-23T11:00:00Z,Team Total (Aces) Home,4,"{'hdp': 9.5, 'over': '26.00'}"
72827260,2026-07-23,ATP,Estoril,Bet365,Luciano Darderi,Pedro Martinez,double_faults,0.5,1.1100,,2026-07-22T10:35:37Z,2026-07-23T11:00:00Z,Team Total (Double Faults) Away,5,"{'hdp': 0.5, 'over': '1.11'}"
72827260,2026-07-23,ATP,Estoril,Bet365,Luciano Darderi,Pedro Martinez,double_faults,2.5,2.2000,,2026-07-22T10:35:37Z,2026-07-23T11:00:00Z,Team Total (Double Faults) Away,5,"{'hdp': 2.5, 'over': '2.20'}"
72827260,2026-07-23,ATP,Estoril,Bet365,Luciano Darderi,Pedro Martinez,double_faults,4.5,6.5000,,2026-07-22T10:35:37Z,2026-07-23T11:00:00Z,Team Total (Double Faults) Away,5,"{'hdp': 4.5, 'over': '6.50'}"
72827260,2026-07-23,ATP,Estoril,Bet365,Luciano Darderi,Pedro Martinez,double_faults,1.5,1.4400,,2026-07-22T10:35:37Z,2026-07-23T11:00:00Z,Team Total (Double Faults) Away,5,"{'hdp': 1.5, 'over': '1.44'}"
72827260,2026-07-23,ATP,Estoril,Bet365,Luciano Darderi,Pedro Martinez,double_faults,7.5,26.0000,,2026-07-22T10:35:37Z,2026-07-23T11:00:00Z,Team Total (Double Faults) Away,5,"{'hdp': 7.5, 'over': '26.00'}"
72827286,2026-07-23,ATP,Estoril,Bet365,Luca Van Assche,Pablo Carreno Busta,double_faults,1.5,1.0500,,2026-07-22T10:35:37Z,2026-07-23T11:00:00Z,Team Total (Double Faults) Home,7,"{'hdp': 1.5, 'over': '1.05'}"
72827286,2026-07-23,ATP,Estoril,Bet365,Luca Van Assche,Pablo Carreno Busta,double_faults,2.5,1.1600,,2026-07-22T10:35:37Z,2026-07-23T11:00:00Z,Team Total (Double Faults) Home,7,"{'hdp': 2.5, 'over': '1.16'}"
72827286,2026-07-23,ATP,Estoril,Bet365,Luca Van Assche,Pablo Carreno Busta,double_faults,4.5,1.7200,,2026-07-22T10:35:37Z,2026-07-23T11:00:00Z,Team Total (Double Faults) Home,7,"{'hdp': 4.5, 'over': '1.72'}"
72827286,2026-07-23,ATP,Estoril,Bet365,Luca Van Assche,Pablo Carreno Busta,double_faults,7.5,5.0000,,2026-07-22T10:35:37Z,2026-07-23T11:00:00Z,Team Total (Double Faults) Home,7,"{'hdp': 7.5, 'over': '5.00'}"
72827286,2026-07-23,ATP,Estoril,Bet365,Luca Van Assche,Pablo Carreno Busta,double_faults,9.5,13.0000,,2026-07-22T10:35:37Z,2026-07-23T11:00:00Z,Team Total (Double Faults) Home,7,"{'hdp': 9.5, 'over': '13.00'}"
72827286,2026-07-23,ATP,Estoril,Bet365,Luca Van Assche,Pablo Carreno Busta,double_faults,11.5,26.0000,,2026-07-22T10:35:37Z,2026-07-23T11:00:00Z,Team Total (Double Faults) Home,7,"{'hdp': 11.5, 'over': '26.00'}"
72827286,2026-07-23,ATP,Estoril,Bet365,Luca Van Assche,Pablo Carreno Busta,aces,4.5,2.2000,,2026-07-22T10:35:37Z,2026-07-23T11:00:00Z,Team Total (Aces) Home,5,"{'hdp': 4.5, 'over': '2.20'}"
72827286,2026-07-23,ATP,Estoril,Bet365,Luca Van Assche,Pablo Carreno Busta,aces,0.5,1.0200,,2026-07-22T10:35:37Z,2026-07-23T11:00:00Z,Team Total (Aces) Home,5,"{'hdp': 0.5, 'over': '1.02'}"
72827286,2026-07-23,ATP,Estoril,Bet365,Luca Van Assche,Pablo Carreno Busta,aces,2.5,1.3300,,2026-07-22T10:35:37Z,2026-07-23T11:00:00Z,Team Total (Aces) Home,5,"{'hdp': 2.5, 'over': '1.33'}"
72827286,2026-07-23,ATP,Estoril,Bet365,Luca Van Assche,Pablo Carreno Busta,aces,9.5,13.0000,,2026-07-22T10:35:37Z,2026-07-23T11:00:00Z,Team Total (Aces) Home,5,"{'hdp': 9.5, 'over': '13.00'}"
72827286,2026-07-23,ATP,Estoril,Bet365,Luca Van Assche,Pablo Carreno Busta,aces,14.5,26.0000,,2026-07-22T10:35:37Z,2026-07-23T11:00:00Z,Team Total (Aces) Home,5,"{'hdp': 14.5, 'over': '26.00'}"
72827286,2026-07-23,ATP,Estoril,Bet365,Luca Van Assche,Pablo Carreno Busta,match_aces,2.5,1.0400,,2026-07-22T10:35:37Z,2026-07-23T11:00:00Z,Totals (Aces),6,"{'hdp': 2.5, 'over': '1.04'}"
72827286,2026-07-23,ATP,Estoril,Bet365,Luca Van Assche,Pablo Carreno Busta,match_aces,4.5,1.1800,,2026-07-22T10:35:37Z,2026-07-23T11:00:00Z,Totals (Aces),6,"{'hdp': 4.5, 'over': '1.18'}"
72827286,2026-07-23,ATP,Estoril,Bet365,Luca Van Assche,Pablo Carreno Busta,match_aces,9.5,2.5000,,2026-07-22T10:35:37Z,2026-07-23T11:00:00Z,Totals (Aces),6,"{'hdp': 9.5, 'over': '2.50'}"
72827286,2026-07-23,ATP,Estoril,Bet365,Luca Van Assche,Pablo Carreno Busta,match_aces,14.5,8.0000,,2026-07-22T10:35:37Z,2026-07-23T11:00:00Z,Totals (Aces),6,"{'hdp': 14.5, 'over': '8.00'}"
72827286,2026-07-23,ATP,Estoril,Bet365,Luca Van Assche,Pablo Carreno Busta,match_aces,19.5,26.0000,,2026-07-22T10:35:37Z,2026-07-23T11:00:00Z,Totals (Aces),6,"{'hdp': 19.5, 'over': '26.00'}"
72827286,2026-07-23,ATP,Estoril,Bet365,Luca Van Assche,Pablo Carreno Busta,match_double_faults,2.5,1.0300,,2026-07-22T10:35:37Z,2026-07-23T11:00:00Z,Totals (Double Faults),8,"{'hdp': 2.5, 'over': '1.03'}"
72827286,2026-07-23,ATP,Estoril,Bet365,Luca Van Assche,Pablo Carreno Busta,match_double_faults,4.5,1.2200,,2026-07-22T10:35:37Z,2026-07-23T11:00:00Z,Totals (Double Faults),8,"{'hdp': 4.5, 'over': '1.22'}"
72827286,2026-07-23,ATP,Estoril,Bet365,Luca Van Assche,Pablo Carreno Busta,match_double_faults,7.5,2.2000,,2026-07-22T10:35:37Z,2026-07-23T11:00:00Z,Totals (Double Faults),8,"{'hdp': 7.5, 'over': '2.20'}"
72827286,2026-07-23,ATP,Estoril,Bet365,Luca Van Assche,Pablo Carreno Busta,match_double_faults,9.5,4.0000,,2026-07-22T10:35:37Z,2026-07-23T11:00:00Z,Totals (Double Faults),8,"{'hdp': 9.5, 'over': '4.00'}"
72827286,2026-07-23,ATP,Estoril,Bet365,Luca Van Assche,Pablo Carreno Busta,match_double_faults,11.5,9.0000,,2026-07-22T10:35:37Z,2026-07-23T11:00:00Z,Totals (Double Faults),8,"{'hdp': 11.5, 'over': '9.00'}"
72827286,2026-07-23,ATP,Estoril,Bet365,Luca Van Assche,Pablo Carreno Busta,match_double_faults,14.5,26.0000,,2026-07-22T10:35:37Z,2026-07-23T11:00:00Z,Totals (Double Faults),8,"{'hdp': 14.5, 'over': '26.00'}"
72827286,2026-07-23,ATP,Estoril,Bet365,Pablo Carreno Busta,Luca Van Assche,double_faults,0.5,1.1400,,2026-07-22T10:35:37Z,2026-07-23T11:00:00Z,Team Total (Double Faults) Away,5,"{'hdp': 0.5, 'over': '1.14'}"
72827286,2026-07-23,ATP,Estoril,Bet365,Pablo Carreno Busta,Luca Van Assche,double_faults,1.5,1.5700,,2026-07-22T10:35:37Z,2026-07-23T11:00:00Z,Team Total (Double Faults) Away,5,"{'hdp': 1.5, 'over': '1.57'}"
72827286,2026-07-23,ATP,Estoril,Bet365,Pablo Carreno Busta,Luca Van Assche,double_faults,2.5,2.6200,,2026-07-22T10:35:37Z,2026-07-23T11:00:00Z,Team Total (Double Faults) Away,5,"{'hdp': 2.5, 'over': '2.62'}"
72827286,2026-07-23,ATP,Estoril,Bet365,Pablo Carreno Busta,Luca Van Assche,double_faults,4.5,10.0000,,2026-07-22T10:35:37Z,2026-07-23T11:00:00Z,Team Total (Double Faults) Away,5,"{'hdp': 4.5, 'over': '10.00'}"
72827286,2026-07-23,ATP,Estoril,Bet365,Pablo Carreno Busta,Luca Van Assche,double_faults,7.5,26.0000,,2026-07-22T10:35:37Z,2026-07-23T11:00:00Z,Team Total (Double Faults) Away,5,"{'hdp': 7.5, 'over': '26.00'}"
72827286,2026-07-23,ATP,Estoril,Bet365,Pablo Carreno Busta,Luca Van Assche,aces,2.5,1.3600,,2026-07-22T10:35:37Z,2026-07-23T11:00:00Z,Team Total (Aces) Away,5,"{'hdp': 2.5, 'over': '1.36'}"
72827286,2026-07-23,ATP,Estoril,Bet365,Pablo Carreno Busta,Luca Van Assche,aces,4.5,2.3700,,2026-07-22T10:35:37Z,2026-07-23T11:00:00Z,Team Total (Aces) Away,5,"{'hdp': 4.5, 'over': '2.37'}"
72827286,2026-07-23,ATP,Estoril,Bet365,Pablo Carreno Busta,Luca Van Assche,aces,0.5,1.0200,,2026-07-22T10:35:37Z,2026-07-23T11:00:00Z,Team Total (Aces) Away,5,"{'hdp': 0.5, 'over': '1.02'}"
72827286,2026-07-23,ATP,Estoril,Bet365,Pablo Carreno Busta,Luca Van Assche,aces,9.5,17.0000,,2026-07-22T10:35:37Z,2026-07-23T11:00:00Z,Team Total (Aces) Away,5,"{'hdp': 9.5, 'over': '17.00'}"
72827286,2026-07-23,ATP,Estoril,Bet365,Pablo Carreno Busta,Luca Van Assche,aces,14.5,26.0000,,2026-07-22T10:35:37Z,2026-07-23T11:00:00Z,Team Total (Aces) Away,5,"{'hdp': 14.5, 'over': '26.00'}"
72827288,2026-07-23,ATP,Estoril,Bet365,Andrey Rublev,Timofey Skatov,match_double_faults,2.5,1.0400,,2026-07-22T10:35:37Z,2026-07-23T11:00:00Z,Totals (Double Faults),8,"{'hdp': 2.5, 'over': '1.04'}"
72827288,2026-07-23,ATP,Estoril,Bet365,Andrey Rublev,Timofey Skatov,match_double_faults,4.5,1.2500,,2026-07-22T10:35:37Z,2026-07-23T11:00:00Z,Totals (Double Faults),8,"{'hdp': 4.5, 'over': '1.25'}"
72827288,2026-07-23,ATP,Estoril,Bet365,Andrey Rublev,Timofey Skatov,match_double_faults,7.5,2.3700,,2026-07-22T10:35:37Z,2026-07-23T11:00:00Z,Totals (Double Faults),8,"{'hdp': 7.5, 'over': '2.37'}"
72827288,2026-07-23,ATP,Estoril,Bet365,Andrey Rublev,Timofey Skatov,match_double_faults,9.5,4.3300,,2026-07-22T10:35:37Z,2026-07-23T11:00:00Z,Totals (Double Faults),8,"{'hdp': 9.5, 'over': '4.33'}"
72827288,2026-07-23,ATP,Estoril,Bet365,Andrey Rublev,Timofey Skatov,match_double_faults,11.5,10.0000,,2026-07-22T10:35:37Z,2026-07-23T11:00:00Z,Totals (Double Faults),8,"{'hdp': 11.5, 'over': '10.00'}"
72827288,2026-07-23,ATP,Estoril,Bet365,Andrey Rublev,Timofey Skatov,match_double_faults,14.5,26.0000,,2026-07-22T10:35:37Z,2026-07-23T11:00:00Z,Totals (Double Faults),8,"{'hdp': 14.5, 'over': '26.00'}"
72827288,2026-07-23,ATP,Estoril,Bet365,Andrey Rublev,Timofey Skatov,match_aces,2.5,1.0100,,2026-07-22T10:35:37Z,2026-07-23T11:00:00Z,Totals (Aces),7,"{'hdp': 2.5, 'over': '1.01'}"
72827288,2026-07-23,ATP,Estoril,Bet365,Andrey Rublev,Timofey Skatov,match_aces,4.5,1.0800,,2026-07-22T10:35:37Z,2026-07-23T11:00:00Z,Totals (Aces),7,"{'hdp': 4.5, 'over': '1.08'}"
72827288,2026-07-23,ATP,Estoril,Bet365,Andrey Rublev,Timofey Skatov,match_aces,9.5,1.8000,,2026-07-22T10:35:37Z,2026-07-23T11:00:00Z,Totals (Aces),7,"{'hdp': 9.5, 'over': '1.80'}"
72827288,2026-07-23,ATP,Estoril,Bet365,Andrey Rublev,Timofey Skatov,match_aces,14.5,4.0000,,2026-07-22T10:35:37Z,2026-07-23T11:00:00Z,Totals (Aces),7,"{'hdp': 14.5, 'over': '4.00'}"
72827288,2026-07-23,ATP,Estoril,Bet365,Andrey Rublev,Timofey Skatov,match_aces,19.5,13.0000,,2026-07-22T10:35:37Z,2026-07-23T11:00:00Z,Totals (Aces),7,"{'hdp': 19.5, 'over': '13.00'}"
72827288,2026-07-23,ATP,Estoril,Bet365,Andrey Rublev,Timofey Skatov,match_aces,24.5,26.0000,,2026-07-22T10:35:37Z,2026-07-23T11:00:00Z,Totals (Aces),7,"{'hdp': 24.5, 'over': '26.00'}"
72827288,2026-07-23,ATP,Estoril,Bet365,Andrey Rublev,Timofey Skatov,aces,2.5,1.1000,,2026-07-22T10:35:37Z,2026-07-23T11:00:00Z,Team Total (Aces) Home,6,"{'hdp': 2.5, 'over': '1.10'}"
72827288,2026-07-23,ATP,Estoril,Bet365,Andrey Rublev,Timofey Skatov,aces,4.5,1.4000,,2026-07-22T10:35:37Z,2026-07-23T11:00:00Z,Team Total (Aces) Home,6,"{'hdp': 4.5, 'over': '1.40'}"
72827288,2026-07-23,ATP,Estoril,Bet365,Andrey Rublev,Timofey Skatov,aces,9.5,4.3300,,2026-07-22T10:35:37Z,2026-07-23T11:00:00Z,Team Total (Aces) Home,6,"{'hdp': 9.5, 'over': '4.33'}"
72827288,2026-07-23,ATP,Estoril,Bet365,Andrey Rublev,Timofey Skatov,aces,14.5,19.0000,,2026-07-22T10:35:37Z,2026-07-23T11:00:00Z,Team Total (Aces) Home,6,"{'hdp': 14.5, 'over': '19.00'}"
72827288,2026-07-23,ATP,Estoril,Bet365,Andrey Rublev,Timofey Skatov,aces,19.5,26.0000,,2026-07-22T10:35:37Z,2026-07-23T11:00:00Z,Team Total (Aces) Home,6,"{'hdp': 19.5, 'over': '26.00'}"
72827288,2026-07-23,ATP,Estoril,Bet365,Timofey Skatov,Andrey Rublev,double_faults,0.5,1.0100,,2026-07-22T10:35:37Z,2026-07-23T11:00:00Z,Team Total (Double Faults) Away,6,"{'hdp': 0.5, 'over': '1.01'}"
72827288,2026-07-23,ATP,Estoril,Bet365,Timofey Skatov,Andrey Rublev,double_faults,1.5,1.1000,,2026-07-22T10:35:37Z,2026-07-23T11:00:00Z,Team Total (Double Faults) Away,6,"{'hdp': 1.5, 'over': '1.10'}"
72827288,2026-07-23,ATP,Estoril,Bet365,Timofey Skatov,Andrey Rublev,double_faults,2.5,1.3300,,2026-07-22T10:35:37Z,2026-07-23T11:00:00Z,Team Total (Double Faults) Away,6,"{'hdp': 2.5, 'over': '1.33'}"
72827288,2026-07-23,ATP,Estoril,Bet365,Timofey Skatov,Andrey Rublev,double_faults,4.5,2.6200,,2026-07-22T10:35:37Z,2026-07-23T11:00:00Z,Team Total (Double Faults) Away,6,"{'hdp': 4.5, 'over': '2.62'}"
72827288,2026-07-23,ATP,Estoril,Bet365,Timofey Skatov,Andrey Rublev,double_faults,7.5,13.0000,,2026-07-22T10:35:37Z,2026-07-23T11:00:00Z,Team Total (Double Faults) Away,6,"{'hdp': 7.5, 'over': '13.00'}"
72827288,2026-07-23,ATP,Estoril,Bet365,Timofey Skatov,Andrey Rublev,double_faults,9.5,26.0000,,2026-07-22T10:35:37Z,2026-07-23T11:00:00Z,Team Total (Double Faults) Away,6,"{'hdp': 9.5, 'over': '26.00'}"
72827288,2026-07-23,ATP,Estoril,Bet365,Andrey Rublev,Timofey Skatov,double_faults,0.5,1.0600,,2026-07-22T10:35:37Z,2026-07-23T11:00:00Z,Team Total (Double Faults) Home,6,"{'hdp': 0.5, 'over': '1.06'}"
72827288,2026-07-23,ATP,Estoril,Bet365,Andrey Rublev,Timofey Skatov,double_faults,1.5,1.2800,,2026-07-22T10:35:37Z,2026-07-23T11:00:00Z,Team Total (Double Faults) Home,6,"{'hdp': 1.5, 'over': '1.28'}"
72827288,2026-07-23,ATP,Estoril,Bet365,Andrey Rublev,Timofey Skatov,double_faults,2.5,1.7200,,2026-07-22T10:35:37Z,2026-07-23T11:00:00Z,Team Total (Double Faults) Home,6,"{'hdp': 2.5, 'over': '1.72'}"
72827288,2026-07-23,ATP,Estoril,Bet365,Andrey Rublev,Timofey Skatov,double_faults,4.5,4.0000,,2026-07-22T10:35:37Z,2026-07-23T11:00:00Z,Team Total (Double Faults) Home,6,"{'hdp': 4.5, 'over': '4.00'}"
72827288,2026-07-23,ATP,Estoril,Bet365,Andrey Rublev,Timofey Skatov,double_faults,7.5,19.0000,,2026-07-22T10:35:37Z,2026-07-23T11:00:00Z,Team Total (Double Faults) Home,6,"{'hdp': 7.5, 'over': '19.00'}"
72827288,2026-07-23,ATP,Estoril,Bet365,Andrey Rublev,Timofey Skatov,double_faults,9.5,26.0000,,2026-07-22T10:35:37Z,2026-07-23T11:00:00Z,Team Total (Double Faults) Home,6,"{'hdp': 9.5, 'over': '26.00'}"
72827288,2026-07-23,ATP,Estoril,Bet365,Timofey Skatov,Andrey Rublev,aces,0.5,1.0400,,2026-07-22T10:35:37Z,2026-07-23T11:00:00Z,Team Total (Aces) Away,5,"{'hdp': 0.5, 'over': '1.04'}"
72827288,2026-07-23,ATP,Estoril,Bet365,Timofey Skatov,Andrey Rublev,aces,2.5,1.4400,,2026-07-22T10:35:37Z,2026-07-23T11:00:00Z,Team Total (Aces) Away,5,"{'hdp': 2.5, 'over': '1.44'}"
72827288,2026-07-23,ATP,Estoril,Bet365,Timofey Skatov,Andrey Rublev,aces,4.5,2.6200,,2026-07-22T10:35:37Z,2026-07-23T11:00:00Z,Team Total (Aces) Away,5,"{'hdp': 4.5, 'over': '2.62'}"
72827288,2026-07-23,ATP,Estoril,Bet365,Timofey Skatov,Andrey Rublev,aces,9.5,17.0000,,2026-07-22T10:35:37Z,2026-07-23T11:00:00Z,Team Total (Aces) Away,5,"{'hdp': 9.5, 'over': '17.00'}"
72827288,2026-07-23,ATP,Estoril,Bet365,Timofey Skatov,Andrey Rublev,aces,14.5,26.0000,,2026-07-22T10:35:37Z,2026-07-23T11:00:00Z,Team Total (Aces) Away,5,"{'hdp': 14.5, 'over': '26.00'}"
