event_id,date,tour,tournament,bookmaker,player,opponent,market,line,over_odds,under_odds,capture_ts,match_start_utc,raw_market_name,raw_outcome_count,raw_label_sample
75051558,2026-10-03,WTA,Beijing,Bet365,Storm Hunter,Maria Sakkari,double_faults,1.5,1.0500,,2026-10-02T14:48:06Z,2026-10-03T04:10:00Z,Team Total (Double Faults) Away,7,"{'hdp': 1.5, 'over': '1.05'}"
75051558,2026-10-03,WTA,Beijing,Bet365,Storm Hunter,Maria Sakkari,double_faults,2.5,1.1800,,2026-10-02T14:48:06Z,2026-10-03T04:10:00Z,Team Total (Double Faults) Away,7,"{'hdp': 2.5, 'over': '1.18'}"
75051558,2026-10-03,WTA,Beijing,Bet365,Storm Hunter,Maria Sakkari,double_faults,4.5,1.8300,,2026-10-02T14:48:06Z,2026-10-03T04:10:00Z,Team Total (Double Faults) Away,7,"{'hdp': 4.5, 'over': '1.83'}"
75051558,2026-10-03,WTA,Beijing,Bet365,Storm Hunter,Maria Sakkari,double_faults,7.5,6.0000,,2026-10-02T14:48:06Z,2026-10-03T04:10:00Z,Team Total (Double Faults) Away,7,"{'hdp': 7.5, 'over': '6.00'}"
75051558,2026-10-03,WTA,Beijing,Bet365,Storm Hunter,Maria Sakkari,double_faults,9.5,15.0000,,2026-10-02T14:48:06Z,2026-10-03T04:10:00Z,Team Total (Double Faults) Away,7,"{'hdp': 9.5, 'over': '15.00'}"
75051558,2026-10-03,WTA,Beijing,Bet365,Storm Hunter,Maria Sakkari,double_faults,11.5,26.0000,,2026-10-02T14:48:06Z,2026-10-03T04:10:00Z,Team Total (Double Faults) Away,7,"{'hdp': 11.5, 'over': '26.00'}"
75051558,2026-10-03,WTA,Beijing,Bet365,Storm Hunter,Maria Sakkari,aces,0.5,1.0500,,2026-10-02T14:48:06Z,2026-10-03T04:10:00Z,Team Total (Aces) Away,4,"{'hdp': 0.5, 'over': '1.05'}"
75051558,2026-10-03,WTA,Beijing,Bet365,Storm Hunter,Maria Sakkari,aces,2.5,1.5700,,2026-10-02T14:48:06Z,2026-10-03T04:10:00Z,Team Total (Aces) Away,4,"{'hdp': 2.5, 'over': '1.57'}"
75051558,2026-10-03,WTA,Beijing,Bet365,Storm Hunter,Maria Sakkari,aces,4.5,3.2500,,2026-10-02T14:48:06Z,2026-10-03T04:10:00Z,Team Total (Aces) Away,4,"{'hdp': 4.5, 'over': '3.25'}"
75051558,2026-10-03,WTA,Beijing,Bet365,Storm Hunter,Maria Sakkari,aces,9.5,26.0000,,2026-10-02T14:48:06Z,2026-10-03T04:10:00Z,Team Total (Aces) Away,4,"{'hdp': 9.5, 'over': '26.00'}"
75051558,2026-10-03,WTA,Beijing,Bet365,Maria Sakkari,Storm Hunter,match_double_faults,2.5,1.0100,,2026-10-02T14:48:06Z,2026-10-03T04:10:00Z,Totals (Double Faults),8,"{'hdp': 2.5, 'over': '1.01'}"
75051558,2026-10-03,WTA,Beijing,Bet365,Maria Sakkari,Storm Hunter,match_double_faults,4.5,1.0800,,2026-10-02T14:48:06Z,2026-10-03T04:10:00Z,Totals (Double Faults),8,"{'hdp': 4.5, 'over': '1.08'}"
75051558,2026-10-03,WTA,Beijing,Bet365,Maria Sakkari,Storm Hunter,match_double_faults,7.5,1.5000,,2026-10-02T14:48:06Z,2026-10-03T04:10:00Z,Totals (Double Faults),8,"{'hdp': 7.5, 'over': '1.50'}"
75051558,2026-10-03,WTA,Beijing,Bet365,Maria Sakkari,Storm Hunter,match_double_faults,9.5,2.2000,,2026-10-02T14:48:06Z,2026-10-03T04:10:00Z,Totals (Double Faults),8,"{'hdp': 9.5, 'over': '2.20'}"
75051558,2026-10-03,WTA,Beijing,Bet365,Maria Sakkari,Storm Hunter,match_double_faults,11.5,3.7500,,2026-10-02T14:48:06Z,2026-10-03T04:10:00Z,Totals (Double Faults),8,"{'hdp': 11.5, 'over': '3.75'}"
75051558,2026-10-03,WTA,Beijing,Bet365,Maria Sakkari,Storm Hunter,match_double_faults,14.5,10.0000,,2026-10-02T14:48:06Z,2026-10-03T04:10:00Z,Totals (Double Faults),8,"{'hdp': 14.5, 'over': '10.00'}"
75051558,2026-10-03,WTA,Beijing,Bet365,Maria Sakkari,Storm Hunter,match_double_faults,19.5,26.0000,,2026-10-02T14:48:06Z,2026-10-03T04:10:00Z,Totals (Double Faults),8,"{'hdp': 19.5, 'over': '26.00'}"
75051558,2026-10-03,WTA,Beijing,Bet365,Maria Sakkari,Storm Hunter,double_faults,0.5,1.0200,,2026-10-02T14:48:06Z,2026-10-03T04:10:00Z,Team Total (Double Faults) Home,7,"{'hdp': 0.5, 'over': '1.02'}"
75051558,2026-10-03,WTA,Beijing,Bet365,Maria Sakkari,Storm Hunter,double_faults,1.5,1.1100,,2026-10-02T14:48:06Z,2026-10-03T04:10:00Z,Team Total (Double Faults) Home,7,"{'hdp': 1.5, 'over': '1.11'}"
75051558,2026-10-03,WTA,Beijing,Bet365,Maria Sakkari,Storm Hunter,double_faults,2.5,1.3300,,2026-10-02T14:48:06Z,2026-10-03T04:10:00Z,Team Total (Double Faults) Home,7,"{'hdp': 2.5, 'over': '1.33'}"
75051558,2026-10-03,WTA,Beijing,Bet365,Maria Sakkari,Storm Hunter,double_faults,4.5,2.2500,,2026-10-02T14:48:06Z,2026-10-03T04:10:00Z,Team Total (Double Faults) Home,7,"{'hdp': 4.5, 'over': '2.25'}"
75051558,2026-10-03,WTA,Beijing,Bet365,Maria Sakkari,Storm Hunter,double_faults,7.5,8.0000,,2026-10-02T14:48:06Z,2026-10-03T04:10:00Z,Team Total (Double Faults) Home,7,"{'hdp': 7.5, 'over': '8.00'}"
75051558,2026-10-03,WTA,Beijing,Bet365,Maria Sakkari,Storm Hunter,double_faults,9.5,19.0000,,2026-10-02T14:48:06Z,2026-10-03T04:10:00Z,Team Total (Double Faults) Home,7,"{'hdp': 9.5, 'over': '19.00'}"
75051558,2026-10-03,WTA,Beijing,Bet365,Maria Sakkari,Storm Hunter,double_faults,11.5,26.0000,,2026-10-02T14:48:06Z,2026-10-03T04:10:00Z,Team Total (Double Faults) Home,7,"{'hdp': 11.5, 'over': '26.00'}"
75051558,2026-10-03,WTA,Beijing,Bet365,Maria Sakkari,Storm Hunter,match_aces,2.5,1.0100,,2026-10-02T14:48:06Z,2026-10-03T04:10:00Z,Totals (Aces),7,"{'hdp': 2.5, 'over': '1.01'}"
75051558,2026-10-03,WTA,Beijing,Bet365,Maria Sakkari,Storm Hunter,match_aces,4.5,1.0800,,2026-10-02T14:48:06Z,2026-10-03T04:10:00Z,Totals (Aces),7,"{'hdp': 4.5, 'over': '1.08'}"
75051558,2026-10-03,WTA,Beijing,Bet365,Maria Sakkari,Storm Hunter,match_aces,9.5,1.8000,,2026-10-02T14:48:06Z,2026-10-03T04:10:00Z,Totals (Aces),7,"{'hdp': 9.5, 'over': '1.80'}"
75051558,2026-10-03,WTA,Beijing,Bet365,Maria Sakkari,Storm Hunter,match_aces,14.5,4.0000,,2026-10-02T14:48:06Z,2026-10-03T04:10:00Z,Totals (Aces),7,"{'hdp': 14.5, 'over': '4.00'}"
75051558,2026-10-03,WTA,Beijing,Bet365,Maria Sakkari,Storm Hunter,match_aces,19.5,11.0000,,2026-10-02T14:48:06Z,2026-10-03T04:10:00Z,Totals (Aces),7,"{'hdp': 19.5, 'over': '11.00'}"
75051558,2026-10-03,WTA,Beijing,Bet365,Maria Sakkari,Storm Hunter,match_aces,24.5,26.0000,,2026-10-02T14:48:06Z,2026-10-03T04:10:00Z,Totals (Aces),7,"{'hdp': 24.5, 'over': '26.00'}"
75051558,2026-10-03,WTA,Beijing,Bet365,Maria Sakkari,Storm Hunter,aces,2.5,1.0800,,2026-10-02T14:48:06Z,2026-10-03T04:10:00Z,Team Total (Aces) Home,6,"{'hdp': 2.5, 'over': '1.08'}"
75051558,2026-10-03,WTA,Beijing,Bet365,Maria Sakkari,Storm Hunter,aces,4.5,1.3300,,2026-10-02T14:48:06Z,2026-10-03T04:10:00Z,Team Total (Aces) Home,6,"{'hdp': 4.5, 'over': '1.33'}"
75051558,2026-10-03,WTA,Beijing,Bet365,Maria Sakkari,Storm Hunter,aces,9.5,3.5000,,2026-10-02T14:48:06Z,2026-10-03T04:10:00Z,Team Total (Aces) Home,6,"{'hdp': 9.5, 'over': '3.50'}"
75051558,2026-10-03,WTA,Beijing,Bet365,Maria Sakkari,Storm Hunter,aces,14.5,15.0000,,2026-10-02T14:48:06Z,2026-10-03T04:10:00Z,Team Total (Aces) Home,6,"{'hdp': 14.5, 'over': '15.00'}"
75051558,2026-10-03,WTA,Beijing,Bet365,Maria Sakkari,Storm Hunter,aces,19.5,26.0000,,2026-10-02T14:48:06Z,2026-10-03T04:10:00Z,Team Total (Aces) Home,6,"{'hdp': 19.5, 'over': '26.00'}"
75051546,2026-10-03,WTA,Beijing,Bet365,Camila Osorio,Coco Gauff,aces,0.5,1.2200,,2026-10-02T14:48:06Z,2026-10-03T03:00:00Z,Team Total (Aces) Away,4,"{'hdp': 0.5, 'over': '1.22'}"
75051546,2026-10-03,WTA,Beijing,Bet365,Camila Osorio,Coco Gauff,aces,2.5,3.2500,,2026-10-02T14:48:06Z,2026-10-03T03:00:00Z,Team Total (Aces) Away,4,"{'hdp': 2.5, 'over': '3.25'}"
75051546,2026-10-03,WTA,Beijing,Bet365,Camila Osorio,Coco Gauff,aces,4.5,11.0000,,2026-10-02T14:48:06Z,2026-10-03T03:00:00Z,Team Total (Aces) Away,4,"{'hdp': 4.5, 'over': '11.00'}"
75051546,2026-10-03,WTA,Beijing,Bet365,Camila Osorio,Coco Gauff,aces,9.5,26.0000,,2026-10-02T14:48:06Z,2026-10-03T03:00:00Z,Team Total (Aces) Away,4,"{'hdp': 9.5, 'over': '26.00'}"
75051546,2026-10-03,WTA,Beijing,Bet365,Coco Gauff,Camila Osorio,aces,0.5,1.0300,,2026-10-02T14:48:06Z,2026-10-03T03:00:00Z,Team Total (Aces) Home,4,"{'hdp': 0.5, 'over': '1.03'}"
75051546,2026-10-03,WTA,Beijing,Bet365,Coco Gauff,Camila Osorio,aces,2.5,1.4400,,2026-10-02T14:48:06Z,2026-10-03T03:00:00Z,Team Total (Aces) Home,4,"{'hdp': 2.5, 'over': '1.44'}"
75051546,2026-10-03,WTA,Beijing,Bet365,Coco Gauff,Camila Osorio,aces,4.5,2.7500,,2026-10-02T14:48:06Z,2026-10-03T03:00:00Z,Team Total (Aces) Home,4,"{'hdp': 4.5, 'over': '2.75'}"
75051546,2026-10-03,WTA,Beijing,Bet365,Coco Gauff,Camila Osorio,aces,9.5,26.0000,,2026-10-02T14:48:06Z,2026-10-03T03:00:00Z,Team Total (Aces) Home,4,"{'hdp': 9.5, 'over': '26.00'}"
75051546,2026-10-03,WTA,Beijing,Bet365,Camila Osorio,Coco Gauff,double_faults,1.5,1.0100,,2026-10-02T14:48:06Z,2026-10-03T03:00:00Z,Team Total (Double Faults) Away,8,"{'hdp': 1.5, 'over': '1.01'}"
75051546,2026-10-03,WTA,Beijing,Bet365,Camila Osorio,Coco Gauff,double_faults,2.5,1.0400,,2026-10-02T14:48:06Z,2026-10-03T03:00:00Z,Team Total (Double Faults) Away,8,"{'hdp': 2.5, 'over': '1.04'}"
75051546,2026-10-03,WTA,Beijing,Bet365,Camila Osorio,Coco Gauff,double_faults,4.5,1.2800,,2026-10-02T14:48:06Z,2026-10-03T03:00:00Z,Team Total (Double Faults) Away,8,"{'hdp': 4.5, 'over': '1.28'}"
75051546,2026-10-03,WTA,Beijing,Bet365,Camila Osorio,Coco Gauff,double_faults,7.5,2.6200,,2026-10-02T14:48:06Z,2026-10-03T03:00:00Z,Team Total (Double Faults) Away,8,"{'hdp': 7.5, 'over': '2.62'}"
75051546,2026-10-03,WTA,Beijing,Bet365,Camila Osorio,Coco Gauff,double_faults,9.5,5.5000,,2026-10-02T14:48:06Z,2026-10-03T03:00:00Z,Team Total (Double Faults) Away,8,"{'hdp': 9.5, 'over': '5.50'}"
75051546,2026-10-03,WTA,Beijing,Bet365,Camila Osorio,Coco Gauff,double_faults,11.5,11.0000,,2026-10-02T14:48:06Z,2026-10-03T03:00:00Z,Team Total (Double Faults) Away,8,"{'hdp': 11.5, 'over': '11.00'}"
75051546,2026-10-03,WTA,Beijing,Bet365,Camila Osorio,Coco Gauff,double_faults,14.5,26.0000,,2026-10-02T14:48:06Z,2026-10-03T03:00:00Z,Team Total (Double Faults) Away,8,"{'hdp': 14.5, 'over': '26.00'}"
75051546,2026-10-03,WTA,Beijing,Bet365,Coco Gauff,Camila Osorio,match_double_faults,4.5,1.0100,,2026-10-02T14:48:06Z,2026-10-03T03:00:00Z,Totals (Double Faults),9,"{'hdp': 4.5, 'over': '1.01'}"
75051546,2026-10-03,WTA,Beijing,Bet365,Coco Gauff,Camila Osorio,match_double_faults,7.5,1.1400,,2026-10-02T14:48:06Z,2026-10-03T03:00:00Z,Totals (Double Faults),9,"{'hdp': 7.5, 'over': '1.14'}"
75051546,2026-10-03,WTA,Beijing,Bet365,Coco Gauff,Camila Osorio,match_double_faults,9.5,1.3600,,2026-10-02T14:48:06Z,2026-10-03T03:00:00Z,Totals (Double Faults),9,"{'hdp': 9.5, 'over': '1.36'}"
75051546,2026-10-03,WTA,Beijing,Bet365,Coco Gauff,Camila Osorio,match_double_faults,11.5,1.8000,,2026-10-02T14:48:06Z,2026-10-03T03:00:00Z,Totals (Double Faults),9,"{'hdp': 11.5, 'over': '1.80'}"
75051546,2026-10-03,WTA,Beijing,Bet365,Coco Gauff,Camila Osorio,match_double_faults,14.5,3.0000,,2026-10-02T14:48:06Z,2026-10-03T03:00:00Z,Totals (Double Faults),9,"{'hdp': 14.5, 'over': '3.00'}"
75051546,2026-10-03,WTA,Beijing,Bet365,Coco Gauff,Camila Osorio,match_double_faults,19.5,10.0000,,2026-10-02T14:48:06Z,2026-10-03T03:00:00Z,Totals (Double Faults),9,"{'hdp': 19.5, 'over': '10.00'}"
75051546,2026-10-03,WTA,Beijing,Bet365,Coco Gauff,Camila Osorio,match_double_faults,24.5,26.0000,,2026-10-02T14:48:06Z,2026-10-03T03:00:00Z,Totals (Double Faults),9,"{'hdp': 24.5, 'over': '26.00'}"
75051546,2026-10-03,WTA,Beijing,Bet365,Coco Gauff,Camila Osorio,double_faults,0.5,1.0100,,2026-10-02T14:48:06Z,2026-10-03T03:00:00Z,Team Total (Double Faults) Home,8,"{'hdp': 0.5, 'over': '1.01'}"
75051546,2026-10-03,WTA,Beijing,Bet365,Coco Gauff,Camila Osorio,double_faults,1.5,1.0600,,2026-10-02T14:48:06Z,2026-10-03T03:00:00Z,Team Total (Double Faults) Home,8,"{'hdp': 1.5, 'over': '1.06'}"
75051546,2026-10-03,WTA,Beijing,Bet365,Coco Gauff,Camila Osorio,double_faults,2.5,1.1600,,2026-10-02T14:48:06Z,2026-10-03T03:00:00Z,Team Total (Double Faults) Home,8,"{'hdp': 2.5, 'over': '1.16'}"
75051546,2026-10-03,WTA,Beijing,Bet365,Coco Gauff,Camila Osorio,double_faults,4.5,1.6100,,2026-10-02T14:48:06Z,2026-10-03T03:00:00Z,Team Total (Double Faults) Home,8,"{'hdp': 4.5, 'over': '1.61'}"
75051546,2026-10-03,WTA,Beijing,Bet365,Coco Gauff,Camila Osorio,double_faults,7.5,3.5000,,2026-10-02T14:48:06Z,2026-10-03T03:00:00Z,Team Total (Double Faults) Home,8,"{'hdp': 7.5, 'over': '3.50'}"
75051546,2026-10-03,WTA,Beijing,Bet365,Coco Gauff,Camila Osorio,double_faults,9.5,6.5000,,2026-10-02T14:48:06Z,2026-10-03T03:00:00Z,Team Total (Double Faults) Home,8,"{'hdp': 9.5, 'over': '6.50'}"
75051546,2026-10-03,WTA,Beijing,Bet365,Coco Gauff,Camila Osorio,double_faults,11.5,13.0000,,2026-10-02T14:48:06Z,2026-10-03T03:00:00Z,Team Total (Double Faults) Home,8,"{'hdp': 11.5, 'over': '13.00'}"
75051546,2026-10-03,WTA,Beijing,Bet365,Coco Gauff,Camila Osorio,double_faults,14.5,26.0000,,2026-10-02T14:48:06Z,2026-10-03T03:00:00Z,Team Total (Double Faults) Home,8,"{'hdp': 14.5, 'over': '26.00'}"
75051546,2026-10-03,WTA,Beijing,Bet365,Coco Gauff,Camila Osorio,match_aces,2.5,1.1400,,2026-10-02T14:48:06Z,2026-10-03T03:00:00Z,Totals (Aces),5,"{'hdp': 2.5, 'over': '1.14'}"
75051546,2026-10-03,WTA,Beijing,Bet365,Coco Gauff,Camila Osorio,match_aces,4.5,1.6100,,2026-10-02T14:48:06Z,2026-10-03T03:00:00Z,Totals (Aces),5,"{'hdp': 4.5, 'over': '1.61'}"
75051546,2026-10-03,WTA,Beijing,Bet365,Coco Gauff,Camila Osorio,match_aces,9.5,8.0000,,2026-10-02T14:48:06Z,2026-10-03T03:00:00Z,Totals (Aces),5,"{'hdp': 9.5, 'over': '8.00'}"
75051546,2026-10-03,WTA,Beijing,Bet365,Coco Gauff,Camila Osorio,match_aces,14.5,26.0000,,2026-10-02T14:48:06Z,2026-10-03T03:00:00Z,Totals (Aces),5,"{'hdp': 14.5, 'over': '26.00'}"
75051374,2026-10-03,ATP,Beijing,Bet365,Quentin Halys,Alex de Minaur,double_faults,0.5,1.0200,,2026-10-02T14:48:06Z,2026-10-03T03:00:00Z,Team Total (Double Faults) Away,6,"{'hdp': 0.5, 'over': '1.02'}"
75051374,2026-10-03,ATP,Beijing,Bet365,Quentin Halys,Alex de Minaur,double_faults,1.5,1.1600,,2026-10-02T14:48:06Z,2026-10-03T03:00:00Z,Team Total (Double Faults) Away,6,"{'hdp': 1.5, 'over': '1.16'}"
75051374,2026-10-03,ATP,Beijing,Bet365,Quentin Halys,Alex de Minaur,double_faults,2.5,1.5000,,2026-10-02T14:48:06Z,2026-10-03T03:00:00Z,Team Total (Double Faults) Away,6,"{'hdp': 2.5, 'over': '1.50'}"
75051374,2026-10-03,ATP,Beijing,Bet365,Quentin Halys,Alex de Minaur,double_faults,4.5,3.4000,,2026-10-02T14:48:06Z,2026-10-03T03:00:00Z,Team Total (Double Faults) Away,6,"{'hdp': 4.5, 'over': '3.40'}"
75051374,2026-10-03,ATP,Beijing,Bet365,Quentin Halys,Alex de Minaur,double_faults,7.5,19.0000,,2026-10-02T14:48:06Z,2026-10-03T03:00:00Z,Team Total (Double Faults) Away,6,"{'hdp': 7.5, 'over': '19.00'}"
75051374,2026-10-03,ATP,Beijing,Bet365,Quentin Halys,Alex de Minaur,double_faults,9.5,26.0000,,2026-10-02T14:48:06Z,2026-10-03T03:00:00Z,Team Total (Double Faults) Away,6,"{'hdp': 9.5, 'over': '26.00'}"
75051374,2026-10-03,ATP,Beijing,Bet365,Alex de Minaur,Quentin Halys,double_faults,0.5,1.0800,,2026-10-02T14:48:06Z,2026-10-03T03:00:00Z,Team Total (Double Faults) Home,5,"{'hdp': 0.5, 'over': '1.08'}"
75051374,2026-10-03,ATP,Beijing,Bet365,Alex de Minaur,Quentin Halys,double_faults,1.5,1.3600,,2026-10-02T14:48:06Z,2026-10-03T03:00:00Z,Team Total (Double Faults) Home,5,"{'hdp': 1.5, 'over': '1.36'}"
75051374,2026-10-03,ATP,Beijing,Bet365,Alex de Minaur,Quentin Halys,double_faults,2.5,1.9000,,2026-10-02T14:48:06Z,2026-10-03T03:00:00Z,Team Total (Double Faults) Home,5,"{'hdp': 2.5, 'over': '1.90'}"
75051374,2026-10-03,ATP,Beijing,Bet365,Alex de Minaur,Quentin Halys,double_faults,4.5,5.0000,,2026-10-02T14:48:06Z,2026-10-03T03:00:00Z,Team Total (Double Faults) Home,5,"{'hdp': 4.5, 'over': '5.00'}"
75051374,2026-10-03,ATP,Beijing,Bet365,Alex de Minaur,Quentin Halys,double_faults,7.5,26.0000,,2026-10-02T14:48:06Z,2026-10-03T03:00:00Z,Team Total (Double Faults) Home,5,"{'hdp': 7.5, 'over': '26.00'}"
75051374,2026-10-03,ATP,Beijing,Bet365,Quentin Halys,Alex de Minaur,aces,2.5,1.0300,,2026-10-02T14:48:06Z,2026-10-03T03:00:00Z,Team Total (Aces) Away,8,"{'hdp': 2.5, 'over': '1.03'}"
75051374,2026-10-03,ATP,Beijing,Bet365,Quentin Halys,Alex de Minaur,aces,4.5,1.1400,,2026-10-02T14:48:06Z,2026-10-03T03:00:00Z,Team Total (Aces) Away,8,"{'hdp': 4.5, 'over': '1.14'}"
75051374,2026-10-03,ATP,Beijing,Bet365,Quentin Halys,Alex de Minaur,aces,9.5,1.8300,,2026-10-02T14:48:06Z,2026-10-03T03:00:00Z,Team Total (Aces) Away,8,"{'hdp': 9.5, 'over': '1.83'}"
75051374,2026-10-03,ATP,Beijing,Bet365,Quentin Halys,Alex de Minaur,aces,14.5,3.7500,,2026-10-02T14:48:06Z,2026-10-03T03:00:00Z,Team Total (Aces) Away,8,"{'hdp': 14.5, 'over': '3.75'}"
75051374,2026-10-03,ATP,Beijing,Bet365,Quentin Halys,Alex de Minaur,aces,19.5,10.0000,,2026-10-02T14:48:06Z,2026-10-03T03:00:00Z,Team Total (Aces) Away,8,"{'hdp': 19.5, 'over': '10.00'}"
75051374,2026-10-03,ATP,Beijing,Bet365,Quentin Halys,Alex de Minaur,aces,24.5,21.0000,,2026-10-02T14:48:06Z,2026-10-03T03:00:00Z,Team Total (Aces) Away,8,"{'hdp': 24.5, 'over': '21.00'}"
75051374,2026-10-03,ATP,Beijing,Bet365,Quentin Halys,Alex de Minaur,aces,29.5,26.0000,,2026-10-02T14:48:06Z,2026-10-03T03:00:00Z,Team Total (Aces) Away,8,"{'hdp': 29.5, 'over': '26.00'}"
75051374,2026-10-03,ATP,Beijing,Bet365,Alex de Minaur,Quentin Halys,aces,2.5,1.0700,,2026-10-02T14:48:06Z,2026-10-03T03:00:00Z,Team Total (Aces) Home,6,"{'hdp': 2.5, 'over': '1.07'}"
75051374,2026-10-03,ATP,Beijing,Bet365,Alex de Minaur,Quentin Halys,aces,4.5,1.3000,,2026-10-02T14:48:06Z,2026-10-03T03:00:00Z,Team Total (Aces) Home,6,"{'hdp': 4.5, 'over': '1.30'}"
75051374,2026-10-03,ATP,Beijing,Bet365,Alex de Minaur,Quentin Halys,aces,9.5,3.4000,,2026-10-02T14:48:06Z,2026-10-03T03:00:00Z,Team Total (Aces) Home,6,"{'hdp': 9.5, 'over': '3.40'}"
75051374,2026-10-03,ATP,Beijing,Bet365,Alex de Minaur,Quentin Halys,aces,14.5,13.0000,,2026-10-02T14:48:06Z,2026-10-03T03:00:00Z,Team Total (Aces) Home,6,"{'hdp': 14.5, 'over': '13.00'}"
75051374,2026-10-03,ATP,Beijing,Bet365,Alex de Minaur,Quentin Halys,aces,19.5,26.0000,,2026-10-02T14:48:06Z,2026-10-03T03:00:00Z,Team Total (Aces) Home,6,"{'hdp': 19.5, 'over': '26.00'}"
75051374,2026-10-03,ATP,Beijing,Bet365,Alex de Minaur,Quentin Halys,match_aces,4.5,1.0100,,2026-10-02T14:48:06Z,2026-10-03T03:00:00Z,Totals (Aces),8,"{'hdp': 4.5, 'over': '1.01'}"
75051374,2026-10-03,ATP,Beijing,Bet365,Alex de Minaur,Quentin Halys,match_aces,9.5,1.1400,,2026-10-02T14:48:06Z,2026-10-03T03:00:00Z,Totals (Aces),8,"{'hdp': 9.5, 'over': '1.14'}"
75051374,2026-10-03,ATP,Beijing,Bet365,Alex de Minaur,Quentin Halys,match_aces,14.5,1.5300,,2026-10-02T14:48:06Z,2026-10-03T03:00:00Z,Totals (Aces),8,"{'hdp': 14.5, 'over': '1.53'}"
75051374,2026-10-03,ATP,Beijing,Bet365,Alex de Minaur,Quentin Halys,match_aces,19.5,2.5000,,2026-10-02T14:48:06Z,2026-10-03T03:00:00Z,Totals (Aces),8,"{'hdp': 19.5, 'over': '2.50'}"
75051374,2026-10-03,ATP,Beijing,Bet365,Alex de Minaur,Quentin Halys,match_aces,24.5,4.3300,,2026-10-02T14:48:06Z,2026-10-03T03:00:00Z,Totals (Aces),8,"{'hdp': 24.5, 'over': '4.33'}"
75051374,2026-10-03,ATP,Beijing,Bet365,Alex de Minaur,Quentin Halys,match_aces,29.5,9.0000,,2026-10-02T14:48:06Z,2026-10-03T03:00:00Z,Totals (Aces),8,"{'hdp': 29.5, 'over': '9.00'}"
75051374,2026-10-03,ATP,Beijing,Bet365,Alex de Minaur,Quentin Halys,match_aces,39.5,26.0000,,2026-10-02T14:48:06Z,2026-10-03T03:00:00Z,Totals (Aces),8,"{'hdp': 39.5, 'over': '26.00'}"
75051374,2026-10-03,ATP,Beijing,Bet365,Alex de Minaur,Quentin Halys,match_double_faults,1.5,1.0100,,2026-10-02T14:48:06Z,2026-10-03T03:00:00Z,Totals (Double Faults),8,"{'hdp': 1.5, 'over': '1.01'}"
75051374,2026-10-03,ATP,Beijing,Bet365,Alex de Minaur,Quentin Halys,match_double_faults,2.5,1.0600,,2026-10-02T14:48:06Z,2026-10-03T03:00:00Z,Totals (Double Faults),8,"{'hdp': 2.5, 'over': '1.06'}"
75051374,2026-10-03,ATP,Beijing,Bet365,Alex de Minaur,Quentin Halys,match_double_faults,4.5,1.3600,,2026-10-02T14:48:06Z,2026-10-03T03:00:00Z,Totals (Double Faults),8,"{'hdp': 4.5, 'over': '1.36'}"
75051374,2026-10-03,ATP,Beijing,Bet365,Alex de Minaur,Quentin Halys,match_double_faults,7.5,3.2500,,2026-10-02T14:48:06Z,2026-10-03T03:00:00Z,Totals (Double Faults),8,"{'hdp': 7.5, 'over': '3.25'}"
75051374,2026-10-03,ATP,Beijing,Bet365,Alex de Minaur,Quentin Halys,match_double_faults,9.5,6.5000,,2026-10-02T14:48:06Z,2026-10-03T03:00:00Z,Totals (Double Faults),8,"{'hdp': 9.5, 'over': '6.50'}"
75051374,2026-10-03,ATP,Beijing,Bet365,Alex de Minaur,Quentin Halys,match_double_faults,11.5,15.0000,,2026-10-02T14:48:06Z,2026-10-03T03:00:00Z,Totals (Double Faults),8,"{'hdp': 11.5, 'over': '15.00'}"
75051374,2026-10-03,ATP,Beijing,Bet365,Alex de Minaur,Quentin Halys,match_double_faults,14.5,26.0000,,2026-10-02T14:48:06Z,2026-10-03T03:00:00Z,Totals (Double Faults),8,"{'hdp': 14.5, 'over': '26.00'}"
75051512,2026-10-03,WTA,Beijing,Bet365,Donna Vekic,Lin Zhu,double_faults,1.5,1.0400,,2026-10-02T14:48:06Z,2026-10-03T03:00:00Z,Team Total (Double Faults) Home,8,"{'hdp': 1.5, 'over': '1.04'}"
75051512,2026-10-03,WTA,Beijing,Bet365,Donna Vekic,Lin Zhu,double_faults,2.5,1.1200,,2026-10-02T14:48:06Z,2026-10-03T03:00:00Z,Team Total (Double Faults) Home,8,"{'hdp': 2.5, 'over': '1.12'}"
75051512,2026-10-03,WTA,Beijing,Bet365,Donna Vekic,Lin Zhu,double_faults,4.5,1.5000,,2026-10-02T14:48:06Z,2026-10-03T03:00:00Z,Team Total (Double Faults) Home,8,"{'hdp': 4.5, 'over': '1.50'}"
75051512,2026-10-03,WTA,Beijing,Bet365,Donna Vekic,Lin Zhu,double_faults,7.5,3.2500,,2026-10-02T14:48:06Z,2026-10-03T03:00:00Z,Team Total (Double Faults) Home,8,"{'hdp': 7.5, 'over': '3.25'}"
75051512,2026-10-03,WTA,Beijing,Bet365,Donna Vekic,Lin Zhu,double_faults,9.5,6.0000,,2026-10-02T14:48:06Z,2026-10-03T03:00:00Z,Team Total (Double Faults) Home,8,"{'hdp': 9.5, 'over': '6.00'}"
75051512,2026-10-03,WTA,Beijing,Bet365,Donna Vekic,Lin Zhu,double_faults,11.5,13.0000,,2026-10-02T14:48:06Z,2026-10-03T03:00:00Z,Team Total (Double Faults) Home,8,"{'hdp': 11.5, 'over': '13.00'}"
75051512,2026-10-03,WTA,Beijing,Bet365,Donna Vekic,Lin Zhu,double_faults,14.5,26.0000,,2026-10-02T14:48:06Z,2026-10-03T03:00:00Z,Team Total (Double Faults) Home,8,"{'hdp': 14.5, 'over': '26.00'}"
75051512,2026-10-03,WTA,Beijing,Bet365,Lin Zhu,Donna Vekic,aces,0.5,1.1200,,2026-10-02T14:48:06Z,2026-10-03T03:00:00Z,Team Total (Aces) Away,4,"{'hdp': 0.5, 'over': '1.12'}"
75051512,2026-10-03,WTA,Beijing,Bet365,Lin Zhu,Donna Vekic,aces,2.5,2.2500,,2026-10-02T14:48:06Z,2026-10-03T03:00:00Z,Team Total (Aces) Away,4,"{'hdp': 2.5, 'over': '2.25'}"
75051512,2026-10-03,WTA,Beijing,Bet365,Lin Zhu,Donna Vekic,aces,4.5,6.5000,,2026-10-02T14:48:06Z,2026-10-03T03:00:00Z,Team Total (Aces) Away,4,"{'hdp': 4.5, 'over': '6.50'}"
75051512,2026-10-03,WTA,Beijing,Bet365,Lin Zhu,Donna Vekic,aces,9.5,26.0000,,2026-10-02T14:48:06Z,2026-10-03T03:00:00Z,Team Total (Aces) Away,4,"{'hdp': 9.5, 'over': '26.00'}"
75051512,2026-10-03,WTA,Beijing,Bet365,Donna Vekic,Lin Zhu,aces,0.5,1.0200,,2026-10-02T14:48:06Z,2026-10-03T03:00:00Z,Team Total (Aces) Home,5,"{'hdp': 0.5, 'over': '1.02'}"
75051512,2026-10-03,WTA,Beijing,Bet365,Donna Vekic,Lin Zhu,aces,2.5,1.2500,,2026-10-02T14:48:06Z,2026-10-03T03:00:00Z,Team Total (Aces) Home,5,"{'hdp': 2.5, 'over': '1.25'}"
75051512,2026-10-03,WTA,Beijing,Bet365,Donna Vekic,Lin Zhu,aces,4.5,2.0000,,2026-10-02T14:48:06Z,2026-10-03T03:00:00Z,Team Total (Aces) Home,5,"{'hdp': 4.5, 'over': '2.00'}"
75051512,2026-10-03,WTA,Beijing,Bet365,Donna Vekic,Lin Zhu,aces,9.5,11.0000,,2026-10-02T14:48:06Z,2026-10-03T03:00:00Z,Team Total (Aces) Home,5,"{'hdp': 9.5, 'over': '11.00'}"
75051512,2026-10-03,WTA,Beijing,Bet365,Donna Vekic,Lin Zhu,aces,14.5,26.0000,,2026-10-02T14:48:06Z,2026-10-03T03:00:00Z,Team Total (Aces) Home,5,"{'hdp': 14.5, 'over': '26.00'}"
75051512,2026-10-03,WTA,Beijing,Bet365,Donna Vekic,Lin Zhu,match_aces,2.5,1.0700,,2026-10-02T14:48:06Z,2026-10-03T03:00:00Z,Totals (Aces),6,"{'hdp': 2.5, 'over': '1.07'}"
75051512,2026-10-03,WTA,Beijing,Bet365,Donna Vekic,Lin Zhu,match_aces,4.5,1.3300,,2026-10-02T14:48:06Z,2026-10-03T03:00:00Z,Totals (Aces),6,"{'hdp': 4.5, 'over': '1.33'}"
75051512,2026-10-03,WTA,Beijing,Bet365,Donna Vekic,Lin Zhu,match_aces,9.5,3.7500,,2026-10-02T14:48:06Z,2026-10-03T03:00:00Z,Totals (Aces),6,"{'hdp': 9.5, 'over': '3.75'}"
75051512,2026-10-03,WTA,Beijing,Bet365,Donna Vekic,Lin Zhu,match_aces,14.5,17.0000,,2026-10-02T14:48:06Z,2026-10-03T03:00:00Z,Totals (Aces),6,"{'hdp': 14.5, 'over': '17.00'}"
75051512,2026-10-03,WTA,Beijing,Bet365,Donna Vekic,Lin Zhu,match_aces,19.5,26.0000,,2026-10-02T14:48:06Z,2026-10-03T03:00:00Z,Totals (Aces),6,"{'hdp': 19.5, 'over': '26.00'}"
75051512,2026-10-03,WTA,Beijing,Bet365,Donna Vekic,Lin Zhu,match_double_faults,4.5,1.0400,,2026-10-02T14:48:06Z,2026-10-03T03:00:00Z,Totals (Double Faults),9,"{'hdp': 4.5, 'over': '1.04'}"
75051512,2026-10-03,WTA,Beijing,Bet365,Donna Vekic,Lin Zhu,match_double_faults,7.5,1.3000,,2026-10-02T14:48:06Z,2026-10-03T03:00:00Z,Totals (Double Faults),9,"{'hdp': 7.5, 'over': '1.30'}"
75051512,2026-10-03,WTA,Beijing,Bet365,Donna Vekic,Lin Zhu,match_double_faults,9.5,1.7200,,2026-10-02T14:48:06Z,2026-10-03T03:00:00Z,Totals (Double Faults),9,"{'hdp': 9.5, 'over': '1.72'}"
75051512,2026-10-03,WTA,Beijing,Bet365,Donna Vekic,Lin Zhu,match_double_faults,11.5,2.5000,,2026-10-02T14:48:06Z,2026-10-03T03:00:00Z,Totals (Double Faults),9,"{'hdp': 11.5, 'over': '2.50'}"
75051512,2026-10-03,WTA,Beijing,Bet365,Donna Vekic,Lin Zhu,match_double_faults,14.5,5.0000,,2026-10-02T14:48:06Z,2026-10-03T03:00:00Z,Totals (Double Faults),9,"{'hdp': 14.5, 'over': '5.00'}"
75051512,2026-10-03,WTA,Beijing,Bet365,Donna Vekic,Lin Zhu,match_double_faults,19.5,21.0000,,2026-10-02T14:48:06Z,2026-10-03T03:00:00Z,Totals (Double Faults),9,"{'hdp': 19.5, 'over': '21.00'}"
75051512,2026-10-03,WTA,Beijing,Bet365,Donna Vekic,Lin Zhu,match_double_faults,24.5,26.0000,,2026-10-02T14:48:06Z,2026-10-03T03:00:00Z,Totals (Double Faults),9,"{'hdp': 24.5, 'over': '26.00'}"
75051512,2026-10-03,WTA,Beijing,Bet365,Lin Zhu,Donna Vekic,double_faults,0.5,1.0100,,2026-10-02T14:48:06Z,2026-10-03T03:00:00Z,Team Total (Double Faults) Away,7,"{'hdp': 0.5, 'over': '1.01'}"
75051512,2026-10-03,WTA,Beijing,Bet365,Lin Zhu,Donna Vekic,double_faults,1.5,1.0700,,2026-10-02T14:48:06Z,2026-10-03T03:00:00Z,Team Total (Double Faults) Away,7,"{'hdp': 1.5, 'over': '1.07'}"
75051512,2026-10-03,WTA,Beijing,Bet365,Lin Zhu,Donna Vekic,double_faults,2.5,1.2200,,2026-10-02T14:48:06Z,2026-10-03T03:00:00Z,Team Total (Double Faults) Away,7,"{'hdp': 2.5, 'over': '1.22'}"
75051512,2026-10-03,WTA,Beijing,Bet365,Lin Zhu,Donna Vekic,double_faults,4.5,2.0000,,2026-10-02T14:48:06Z,2026-10-03T03:00:00Z,Team Total (Double Faults) Away,7,"{'hdp': 4.5, 'over': '2.00'}"
75051512,2026-10-03,WTA,Beijing,Bet365,Lin Zhu,Donna Vekic,double_faults,7.5,7.0000,,2026-10-02T14:48:06Z,2026-10-03T03:00:00Z,Team Total (Double Faults) Away,7,"{'hdp': 7.5, 'over': '7.00'}"
75051512,2026-10-03,WTA,Beijing,Bet365,Lin Zhu,Donna Vekic,double_faults,9.5,19.0000,,2026-10-02T14:48:06Z,2026-10-03T03:00:00Z,Team Total (Double Faults) Away,7,"{'hdp': 9.5, 'over': '19.00'}"
75051512,2026-10-03,WTA,Beijing,Bet365,Lin Zhu,Donna Vekic,double_faults,11.5,26.0000,,2026-10-02T14:48:06Z,2026-10-03T03:00:00Z,Team Total (Double Faults) Away,7,"{'hdp': 11.5, 'over': '26.00'}"
75051236,2026-10-03,ATP,Tokyo,Bet365,Matteo Arnaldi,Carlos Alcaraz,aces,0.5,1.0200,,2026-10-02T14:48:06Z,2026-10-03T03:30:00Z,Team Total (Aces) Away,5,"{'hdp': 0.5, 'over': '1.02'}"
75051236,2026-10-03,ATP,Tokyo,Bet365,Matteo Arnaldi,Carlos Alcaraz,aces,2.5,1.2500,,2026-10-02T14:48:06Z,2026-10-03T03:30:00Z,Team Total (Aces) Away,5,"{'hdp': 2.5, 'over': '1.25'}"
75051236,2026-10-03,ATP,Tokyo,Bet365,Matteo Arnaldi,Carlos Alcaraz,aces,4.5,1.8300,,2026-10-02T14:48:06Z,2026-10-03T03:30:00Z,Team Total (Aces) Away,5,"{'hdp': 4.5, 'over': '1.83'}"
75051236,2026-10-03,ATP,Tokyo,Bet365,Matteo Arnaldi,Carlos Alcaraz,aces,9.5,8.0000,,2026-10-02T14:48:06Z,2026-10-03T03:30:00Z,Team Total (Aces) Away,5,"{'hdp': 9.5, 'over': '8.00'}"
75051236,2026-10-03,ATP,Tokyo,Bet365,Matteo Arnaldi,Carlos Alcaraz,aces,14.5,26.0000,,2026-10-02T14:48:06Z,2026-10-03T03:30:00Z,Team Total (Aces) Away,5,"{'hdp': 14.5, 'over': '26.00'}"
75051236,2026-10-03,ATP,Tokyo,Bet365,Matteo Arnaldi,Carlos Alcaraz,double_faults,0.5,1.0100,,2026-10-02T14:48:06Z,2026-10-03T03:30:00Z,Team Total (Double Faults) Away,6,"{'hdp': 0.5, 'over': '1.01'}"
75051236,2026-10-03,ATP,Tokyo,Bet365,Matteo Arnaldi,Carlos Alcaraz,double_faults,1.5,1.0700,,2026-10-02T14:48:06Z,2026-10-03T03:30:00Z,Team Total (Double Faults) Away,6,"{'hdp': 1.5, 'over': '1.07'}"
75051236,2026-10-03,ATP,Tokyo,Bet365,Matteo Arnaldi,Carlos Alcaraz,double_faults,2.5,1.2500,,2026-10-02T14:48:06Z,2026-10-03T03:30:00Z,Team Total (Double Faults) Away,6,"{'hdp': 2.5, 'over': '1.25'}"
75051236,2026-10-03,ATP,Tokyo,Bet365,Matteo Arnaldi,Carlos Alcaraz,double_faults,4.5,2.2500,,2026-10-02T14:48:06Z,2026-10-03T03:30:00Z,Team Total (Double Faults) Away,6,"{'hdp': 4.5, 'over': '2.25'}"
75051236,2026-10-03,ATP,Tokyo,Bet365,Matteo Arnaldi,Carlos Alcaraz,double_faults,7.5,10.0000,,2026-10-02T14:48:06Z,2026-10-03T03:30:00Z,Team Total (Double Faults) Away,6,"{'hdp': 7.5, 'over': '10.00'}"
75051236,2026-10-03,ATP,Tokyo,Bet365,Matteo Arnaldi,Carlos Alcaraz,double_faults,9.5,26.0000,,2026-10-02T14:48:06Z,2026-10-03T03:30:00Z,Team Total (Double Faults) Away,6,"{'hdp': 9.5, 'over': '26.00'}"
75051236,2026-10-03,ATP,Tokyo,Bet365,Carlos Alcaraz,Matteo Arnaldi,match_aces,2.5,1.0100,,2026-10-02T14:48:06Z,2026-10-03T03:30:00Z,Totals (Aces),7,"{'hdp': 2.5, 'over': '1.01'}"
75051236,2026-10-03,ATP,Tokyo,Bet365,Carlos Alcaraz,Matteo Arnaldi,match_aces,4.5,1.0800,,2026-10-02T14:48:06Z,2026-10-03T03:30:00Z,Totals (Aces),7,"{'hdp': 4.5, 'over': '1.08'}"
75051236,2026-10-03,ATP,Tokyo,Bet365,Carlos Alcaraz,Matteo Arnaldi,match_aces,9.5,1.7200,,2026-10-02T14:48:06Z,2026-10-03T03:30:00Z,Totals (Aces),7,"{'hdp': 9.5, 'over': '1.72'}"
75051236,2026-10-03,ATP,Tokyo,Bet365,Carlos Alcaraz,Matteo Arnaldi,match_aces,14.5,3.7500,,2026-10-02T14:48:06Z,2026-10-03T03:30:00Z,Totals (Aces),7,"{'hdp': 14.5, 'over': '3.75'}"
75051236,2026-10-03,ATP,Tokyo,Bet365,Carlos Alcaraz,Matteo Arnaldi,match_aces,19.5,10.0000,,2026-10-02T14:48:06Z,2026-10-03T03:30:00Z,Totals (Aces),7,"{'hdp': 19.5, 'over': '10.00'}"
75051236,2026-10-03,ATP,Tokyo,Bet365,Carlos Alcaraz,Matteo Arnaldi,match_aces,24.5,26.0000,,2026-10-02T14:48:06Z,2026-10-03T03:30:00Z,Totals (Aces),7,"{'hdp': 24.5, 'over': '26.00'}"
75051236,2026-10-03,ATP,Tokyo,Bet365,Carlos Alcaraz,Matteo Arnaldi,aces,2.5,1.1400,,2026-10-02T14:48:06Z,2026-10-03T03:30:00Z,Team Total (Aces) Home,5,"{'hdp': 2.5, 'over': '1.14'}"
75051236,2026-10-03,ATP,Tokyo,Bet365,Carlos Alcaraz,Matteo Arnaldi,aces,4.5,1.5700,,2026-10-02T14:48:06Z,2026-10-03T03:30:00Z,Team Total (Aces) Home,5,"{'hdp': 4.5, 'over': '1.57'}"
75051236,2026-10-03,ATP,Tokyo,Bet365,Carlos Alcaraz,Matteo Arnaldi,aces,9.5,6.5000,,2026-10-02T14:48:06Z,2026-10-03T03:30:00Z,Team Total (Aces) Home,5,"{'hdp': 9.5, 'over': '6.50'}"
75051236,2026-10-03,ATP,Tokyo,Bet365,Carlos Alcaraz,Matteo Arnaldi,aces,14.5,26.0000,,2026-10-02T14:48:06Z,2026-10-03T03:30:00Z,Team Total (Aces) Home,5,"{'hdp': 14.5, 'over': '26.00'}"
75051236,2026-10-03,ATP,Tokyo,Bet365,Carlos Alcaraz,Matteo Arnaldi,double_faults,0.5,1.1800,,2026-10-02T14:48:06Z,2026-10-03T03:30:00Z,Team Total (Double Faults) Home,5,"{'hdp': 0.5, 'over': '1.18'}"
75051236,2026-10-03,ATP,Tokyo,Bet365,Carlos Alcaraz,Matteo Arnaldi,double_faults,1.5,1.7200,,2026-10-02T14:48:06Z,2026-10-03T03:30:00Z,Team Total (Double Faults) Home,5,"{'hdp': 1.5, 'over': '1.72'}"
75051236,2026-10-03,ATP,Tokyo,Bet365,Carlos Alcaraz,Matteo Arnaldi,double_faults,2.5,2.7500,,2026-10-02T14:48:06Z,2026-10-03T03:30:00Z,Team Total (Double Faults) Home,5,"{'hdp': 2.5, 'over': '2.75'}"
75051236,2026-10-03,ATP,Tokyo,Bet365,Carlos Alcaraz,Matteo Arnaldi,double_faults,4.5,10.0000,,2026-10-02T14:48:06Z,2026-10-03T03:30:00Z,Team Total (Double Faults) Home,5,"{'hdp': 4.5, 'over': '10.00'}"
75051236,2026-10-03,ATP,Tokyo,Bet365,Carlos Alcaraz,Matteo Arnaldi,double_faults,7.5,26.0000,,2026-10-02T14:48:06Z,2026-10-03T03:30:00Z,Team Total (Double Faults) Home,5,"{'hdp': 7.5, 'over': '26.00'}"
75051236,2026-10-03,ATP,Tokyo,Bet365,Carlos Alcaraz,Matteo Arnaldi,match_double_faults,1.5,1.0100,,2026-10-02T14:48:06Z,2026-10-03T03:30:00Z,Totals (Double Faults),8,"{'hdp': 1.5, 'over': '1.01'}"
75051236,2026-10-03,ATP,Tokyo,Bet365,Carlos Alcaraz,Matteo Arnaldi,match_double_faults,2.5,1.0600,,2026-10-02T14:48:06Z,2026-10-03T03:30:00Z,Totals (Double Faults),8,"{'hdp': 2.5, 'over': '1.06'}"
75051236,2026-10-03,ATP,Tokyo,Bet365,Carlos Alcaraz,Matteo Arnaldi,match_double_faults,4.5,1.3600,,2026-10-02T14:48:06Z,2026-10-03T03:30:00Z,Totals (Double Faults),8,"{'hdp': 4.5, 'over': '1.36'}"
75051236,2026-10-03,ATP,Tokyo,Bet365,Carlos Alcaraz,Matteo Arnaldi,match_double_faults,7.5,3.0000,,2026-10-02T14:48:06Z,2026-10-03T03:30:00Z,Totals (Double Faults),8,"{'hdp': 7.5, 'over': '3.00'}"
75051236,2026-10-03,ATP,Tokyo,Bet365,Carlos Alcaraz,Matteo Arnaldi,match_double_faults,9.5,6.5000,,2026-10-02T14:48:06Z,2026-10-03T03:30:00Z,Totals (Double Faults),8,"{'hdp': 9.5, 'over': '6.50'}"
75051236,2026-10-03,ATP,Tokyo,Bet365,Carlos Alcaraz,Matteo Arnaldi,match_double_faults,11.5,15.0000,,2026-10-02T14:48:06Z,2026-10-03T03:30:00Z,Totals (Double Faults),8,"{'hdp': 11.5, 'over': '15.00'}"
75051236,2026-10-03,ATP,Tokyo,Bet365,Carlos Alcaraz,Matteo Arnaldi,match_double_faults,14.5,26.0000,,2026-10-02T14:48:06Z,2026-10-03T03:30:00Z,Totals (Double Faults),8,"{'hdp': 14.5, 'over': '26.00'}"
75051560,2026-10-03,WTA,Beijing,Bet365,Elina Svitolina,Katerina Siniakova,aces,0.5,1.0100,,2026-10-02T14:48:06Z,2026-10-03T04:10:00Z,Team Total (Aces) Away,5,"{'hdp': 0.5, 'over': '1.01'}"
75051560,2026-10-03,WTA,Beijing,Bet365,Elina Svitolina,Katerina Siniakova,aces,2.5,1.2800,,2026-10-02T14:48:06Z,2026-10-03T04:10:00Z,Team Total (Aces) Away,5,"{'hdp': 2.5, 'over': '1.28'}"
75051560,2026-10-03,WTA,Beijing,Bet365,Elina Svitolina,Katerina Siniakova,aces,4.5,2.0000,,2026-10-02T14:48:06Z,2026-10-03T04:10:00Z,Team Total (Aces) Away,5,"{'hdp': 4.5, 'over': '2.00'}"
75051560,2026-10-03,WTA,Beijing,Bet365,Elina Svitolina,Katerina Siniakova,aces,9.5,13.0000,,2026-10-02T14:48:06Z,2026-10-03T04:10:00Z,Team Total (Aces) Away,5,"{'hdp': 9.5, 'over': '13.00'}"
75051560,2026-10-03,WTA,Beijing,Bet365,Elina Svitolina,Katerina Siniakova,aces,14.5,26.0000,,2026-10-02T14:48:06Z,2026-10-03T04:10:00Z,Team Total (Aces) Away,5,"{'hdp': 14.5, 'over': '26.00'}"
75051560,2026-10-03,WTA,Beijing,Bet365,Katerina Siniakova,Elina Svitolina,aces,0.5,1.1100,,2026-10-02T14:48:06Z,2026-10-03T04:10:00Z,Team Total (Aces) Home,4,"{'hdp': 0.5, 'over': '1.11'}"
75051560,2026-10-03,WTA,Beijing,Bet365,Katerina Siniakova,Elina Svitolina,aces,2.5,2.1000,,2026-10-02T14:48:06Z,2026-10-03T04:10:00Z,Team Total (Aces) Home,4,"{'hdp': 2.5, 'over': '2.10'}"
75051560,2026-10-03,WTA,Beijing,Bet365,Katerina Siniakova,Elina Svitolina,aces,4.5,5.5000,,2026-10-02T14:48:06Z,2026-10-03T04:10:00Z,Team Total (Aces) Home,4,"{'hdp': 4.5, 'over': '5.50'}"
75051560,2026-10-03,WTA,Beijing,Bet365,Katerina Siniakova,Elina Svitolina,aces,9.5,26.0000,,2026-10-02T14:48:06Z,2026-10-03T04:10:00Z,Team Total (Aces) Home,4,"{'hdp': 9.5, 'over': '26.00'}"
75051560,2026-10-03,WTA,Beijing,Bet365,Katerina Siniakova,Elina Svitolina,match_aces,2.5,1.0700,,2026-10-02T14:48:06Z,2026-10-03T04:10:00Z,Totals (Aces),6,"{'hdp': 2.5, 'over': '1.07'}"
75051560,2026-10-03,WTA,Beijing,Bet365,Katerina Siniakova,Elina Svitolina,match_aces,4.5,1.3000,,2026-10-02T14:48:06Z,2026-10-03T04:10:00Z,Totals (Aces),6,"{'hdp': 4.5, 'over': '1.30'}"
75051560,2026-10-03,WTA,Beijing,Bet365,Katerina Siniakova,Elina Svitolina,match_aces,9.5,3.7500,,2026-10-02T14:48:06Z,2026-10-03T04:10:00Z,Totals (Aces),6,"{'hdp': 9.5, 'over': '3.75'}"
75051560,2026-10-03,WTA,Beijing,Bet365,Katerina Siniakova,Elina Svitolina,match_aces,14.5,15.0000,,2026-10-02T14:48:06Z,2026-10-03T04:10:00Z,Totals (Aces),6,"{'hdp': 14.5, 'over': '15.00'}"
75051560,2026-10-03,WTA,Beijing,Bet365,Katerina Siniakova,Elina Svitolina,match_aces,19.5,26.0000,,2026-10-02T14:48:06Z,2026-10-03T04:10:00Z,Totals (Aces),6,"{'hdp': 19.5, 'over': '26.00'}"
75051550,2026-10-03,WTA,Beijing,Bet365,Jelena Ostapenko,Paula Badosa,double_faults,2.5,1.0100,,2026-10-02T14:48:06Z,2026-10-03T04:10:00Z,Team Total (Double Faults) Home,9,"{'hdp': 2.5, 'over': '1.01'}"
75051550,2026-10-03,WTA,Beijing,Bet365,Jelena Ostapenko,Paula Badosa,double_faults,4.5,1.0700,,2026-10-02T14:48:06Z,2026-10-03T04:10:00Z,Team Total (Double Faults) Home,9,"{'hdp': 4.5, 'over': '1.07'}"
75051550,2026-10-03,WTA,Beijing,Bet365,Jelena Ostapenko,Paula Badosa,double_faults,7.5,1.4400,,2026-10-02T14:48:06Z,2026-10-03T04:10:00Z,Team Total (Double Faults) Home,9,"{'hdp': 7.5, 'over': '1.44'}"
75051550,2026-10-03,WTA,Beijing,Bet365,Jelena Ostapenko,Paula Badosa,double_faults,9.5,1.9000,,2026-10-02T14:48:06Z,2026-10-03T04:10:00Z,Team Total (Double Faults) Home,9,"{'hdp': 9.5, 'over': '1.90'}"
75051550,2026-10-03,WTA,Beijing,Bet365,Jelena Ostapenko,Paula Badosa,double_faults,11.5,3.0000,,2026-10-02T14:48:06Z,2026-10-03T04:10:00Z,Team Total (Double Faults) Home,9,"{'hdp': 11.5, 'over': '3.00'}"
75051550,2026-10-03,WTA,Beijing,Bet365,Jelena Ostapenko,Paula Badosa,double_faults,14.5,6.5000,,2026-10-02T14:48:06Z,2026-10-03T04:10:00Z,Team Total (Double Faults) Home,9,"{'hdp': 14.5, 'over': '6.50'}"
75051550,2026-10-03,WTA,Beijing,Bet365,Jelena Ostapenko,Paula Badosa,double_faults,19.5,26.0000,,2026-10-02T14:48:06Z,2026-10-03T04:10:00Z,Team Total (Double Faults) Home,9,"{'hdp': 19.5, 'over': '26.00'}"
75051550,2026-10-03,WTA,Beijing,Bet365,Paula Badosa,Jelena Ostapenko,double_faults,2.5,1.0200,,2026-10-02T14:48:06Z,2026-10-03T04:10:00Z,Team Total (Double Faults) Away,10,"{'hdp': 2.5, 'over': '1.02'}"
75051550,2026-10-03,WTA,Beijing,Bet365,Paula Badosa,Jelena Ostapenko,double_faults,4.5,1.1100,,2026-10-02T14:48:06Z,2026-10-03T04:10:00Z,Team Total (Double Faults) Away,10,"{'hdp': 4.5, 'over': '1.11'}"
75051550,2026-10-03,WTA,Beijing,Bet365,Paula Badosa,Jelena Ostapenko,double_faults,7.5,1.5000,,2026-10-02T14:48:06Z,2026-10-03T04:10:00Z,Team Total (Double Faults) Away,10,"{'hdp': 7.5, 'over': '1.50'}"
75051550,2026-10-03,WTA,Beijing,Bet365,Paula Badosa,Jelena Ostapenko,double_faults,9.5,2.1000,,2026-10-02T14:48:06Z,2026-10-03T04:10:00Z,Team Total (Double Faults) Away,10,"{'hdp': 9.5, 'over': '2.10'}"
75051550,2026-10-03,WTA,Beijing,Bet365,Paula Badosa,Jelena Ostapenko,double_faults,11.5,3.2500,,2026-10-02T14:48:06Z,2026-10-03T04:10:00Z,Team Total (Double Faults) Away,10,"{'hdp': 11.5, 'over': '3.25'}"
75051550,2026-10-03,WTA,Beijing,Bet365,Paula Badosa,Jelena Ostapenko,double_faults,14.5,6.5000,,2026-10-02T14:48:06Z,2026-10-03T04:10:00Z,Team Total (Double Faults) Away,10,"{'hdp': 14.5, 'over': '6.50'}"
75051550,2026-10-03,WTA,Beijing,Bet365,Paula Badosa,Jelena Ostapenko,double_faults,19.5,21.0000,,2026-10-02T14:48:06Z,2026-10-03T04:10:00Z,Team Total (Double Faults) Away,10,"{'hdp': 19.5, 'over': '21.00'}"
75051550,2026-10-03,WTA,Beijing,Bet365,Paula Badosa,Jelena Ostapenko,double_faults,24.5,26.0000,,2026-10-02T14:48:06Z,2026-10-03T04:10:00Z,Team Total (Double Faults) Away,10,"{'hdp': 24.5, 'over': '26.00'}"
75051550,2026-10-03,WTA,Beijing,Bet365,Jelena Ostapenko,Paula Badosa,match_double_faults,7.5,1.0100,,2026-10-02T14:48:06Z,2026-10-03T04:10:00Z,Totals (Double Faults),7,"{'hdp': 7.5, 'over': '1.01'}"
75051550,2026-10-03,WTA,Beijing,Bet365,Jelena Ostapenko,Paula Badosa,match_double_faults,9.5,1.0300,,2026-10-02T14:48:06Z,2026-10-03T04:10:00Z,Totals (Double Faults),7,"{'hdp': 9.5, 'over': '1.03'}"
75051550,2026-10-03,WTA,Beijing,Bet365,Jelena Ostapenko,Paula Badosa,match_double_faults,11.5,1.1000,,2026-10-02T14:48:06Z,2026-10-03T04:10:00Z,Totals (Double Faults),7,"{'hdp': 11.5, 'over': '1.10'}"
75051550,2026-10-03,WTA,Beijing,Bet365,Jelena Ostapenko,Paula Badosa,match_double_faults,14.5,1.2800,,2026-10-02T14:48:06Z,2026-10-03T04:10:00Z,Totals (Double Faults),7,"{'hdp': 14.5, 'over': '1.28'}"
75051550,2026-10-03,WTA,Beijing,Bet365,Jelena Ostapenko,Paula Badosa,match_double_faults,19.5,2.1000,,2026-10-02T14:48:06Z,2026-10-03T04:10:00Z,Totals (Double Faults),7,"{'hdp': 19.5, 'over': '2.10'}"
75051550,2026-10-03,WTA,Beijing,Bet365,Jelena Ostapenko,Paula Badosa,match_double_faults,24.5,4.3300,,2026-10-02T14:48:06Z,2026-10-03T04:10:00Z,Totals (Double Faults),7,"{'hdp': 24.5, 'over': '4.33'}"
75051238,2026-10-03,ATP,Tokyo,Bet365,Denis Shapovalov,Alejandro Tabilo,aces,2.5,1.0100,,2026-10-02T14:48:06Z,2026-10-03T02:00:00Z,Team Total (Aces) Home,9,"{'hdp': 2.5, 'over': '1.01'}"
75051238,2026-10-03,ATP,Tokyo,Bet365,Denis Shapovalov,Alejandro Tabilo,aces,4.5,1.0700,,2026-10-02T14:48:06Z,2026-10-03T02:00:00Z,Team Total (Aces) Home,9,"{'hdp': 4.5, 'over': '1.07'}"
75051238,2026-10-03,ATP,Tokyo,Bet365,Denis Shapovalov,Alejandro Tabilo,aces,9.5,1.5000,,2026-10-02T14:48:06Z,2026-10-03T02:00:00Z,Team Total (Aces) Home,9,"{'hdp': 9.5, 'over': '1.50'}"
75051238,2026-10-03,ATP,Tokyo,Bet365,Denis Shapovalov,Alejandro Tabilo,aces,14.5,2.6200,,2026-10-02T14:48:06Z,2026-10-03T02:00:00Z,Team Total (Aces) Home,9,"{'hdp': 14.5, 'over': '2.62'}"
75051238,2026-10-03,ATP,Tokyo,Bet365,Denis Shapovalov,Alejandro Tabilo,aces,19.5,5.5000,,2026-10-02T14:48:06Z,2026-10-03T02:00:00Z,Team Total (Aces) Home,9,"{'hdp': 19.5, 'over': '5.50'}"
75051238,2026-10-03,ATP,Tokyo,Bet365,Denis Shapovalov,Alejandro Tabilo,aces,24.5,13.0000,,2026-10-02T14:48:06Z,2026-10-03T02:00:00Z,Team Total (Aces) Home,9,"{'hdp': 24.5, 'over': '13.00'}"
75051238,2026-10-03,ATP,Tokyo,Bet365,Denis Shapovalov,Alejandro Tabilo,aces,29.5,23.0000,,2026-10-02T14:48:06Z,2026-10-03T02:00:00Z,Team Total (Aces) Home,9,"{'hdp': 29.5, 'over': '23.00'}"
75051238,2026-10-03,ATP,Tokyo,Bet365,Denis Shapovalov,Alejandro Tabilo,aces,39.5,26.0000,,2026-10-02T14:48:06Z,2026-10-03T02:00:00Z,Team Total (Aces) Home,9,"{'hdp': 39.5, 'over': '26.00'}"
75051238,2026-10-03,ATP,Tokyo,Bet365,Alejandro Tabilo,Denis Shapovalov,aces,0.5,1.0100,,2026-10-02T14:48:06Z,2026-10-03T02:00:00Z,Team Total (Aces) Away,5,"{'hdp': 0.5, 'over': '1.01'}"
75051238,2026-10-03,ATP,Tokyo,Bet365,Alejandro Tabilo,Denis Shapovalov,aces,2.5,1.1600,,2026-10-02T14:48:06Z,2026-10-03T02:00:00Z,Team Total (Aces) Away,5,"{'hdp': 2.5, 'over': '1.16'}"
75051238,2026-10-03,ATP,Tokyo,Bet365,Alejandro Tabilo,Denis Shapovalov,aces,4.5,1.6100,,2026-10-02T14:48:06Z,2026-10-03T02:00:00Z,Team Total (Aces) Away,5,"{'hdp': 4.5, 'over': '1.61'}"
75051238,2026-10-03,ATP,Tokyo,Bet365,Alejandro Tabilo,Denis Shapovalov,aces,9.5,6.0000,,2026-10-02T14:48:06Z,2026-10-03T02:00:00Z,Team Total (Aces) Away,5,"{'hdp': 9.5, 'over': '6.00'}"
75051238,2026-10-03,ATP,Tokyo,Bet365,Alejandro Tabilo,Denis Shapovalov,aces,14.5,26.0000,,2026-10-02T14:48:06Z,2026-10-03T02:00:00Z,Team Total (Aces) Away,5,"{'hdp': 14.5, 'over': '26.00'}"
75051238,2026-10-03,ATP,Tokyo,Bet365,Denis Shapovalov,Alejandro Tabilo,match_aces,9.5,1.1100,,2026-10-02T14:48:06Z,2026-10-03T02:00:00Z,Totals (Aces),8,"{'hdp': 9.5, 'over': '1.11'}"
75051238,2026-10-03,ATP,Tokyo,Bet365,Denis Shapovalov,Alejandro Tabilo,match_aces,14.5,1.5000,,2026-10-02T14:48:06Z,2026-10-03T02:00:00Z,Totals (Aces),8,"{'hdp': 14.5, 'over': '1.50'}"
75051238,2026-10-03,ATP,Tokyo,Bet365,Denis Shapovalov,Alejandro Tabilo,match_aces,19.5,2.2500,,2026-10-02T14:48:06Z,2026-10-03T02:00:00Z,Totals (Aces),8,"{'hdp': 19.5, 'over': '2.25'}"
75051238,2026-10-03,ATP,Tokyo,Bet365,Denis Shapovalov,Alejandro Tabilo,match_aces,24.5,4.0000,,2026-10-02T14:48:06Z,2026-10-03T02:00:00Z,Totals (Aces),8,"{'hdp': 24.5, 'over': '4.00'}"
75051238,2026-10-03,ATP,Tokyo,Bet365,Denis Shapovalov,Alejandro Tabilo,match_aces,29.5,8.0000,,2026-10-02T14:48:06Z,2026-10-03T02:00:00Z,Totals (Aces),8,"{'hdp': 29.5, 'over': '8.00'}"
75051238,2026-10-03,ATP,Tokyo,Bet365,Denis Shapovalov,Alejandro Tabilo,match_aces,39.5,26.0000,,2026-10-02T14:48:06Z,2026-10-03T02:00:00Z,Totals (Aces),8,"{'hdp': 39.5, 'over': '26.00'}"
75051556,2026-10-03,WTA,Beijing,Bet365,Ann Li,Ashlyn Krueger,double_faults,0.5,1.0200,,2026-10-02T14:48:06Z,2026-10-03T03:00:00Z,Team Total (Double Faults) Away,7,"{'hdp': 0.5, 'over': '1.02'}"
75051556,2026-10-03,WTA,Beijing,Bet365,Ann Li,Ashlyn Krueger,double_faults,1.5,1.1100,,2026-10-02T14:48:06Z,2026-10-03T03:00:00Z,Team Total (Double Faults) Away,7,"{'hdp': 1.5, 'over': '1.11'}"
75051556,2026-10-03,WTA,Beijing,Bet365,Ann Li,Ashlyn Krueger,double_faults,2.5,1.3300,,2026-10-02T14:48:06Z,2026-10-03T03:00:00Z,Team Total (Double Faults) Away,7,"{'hdp': 2.5, 'over': '1.33'}"
75051556,2026-10-03,WTA,Beijing,Bet365,Ann Li,Ashlyn Krueger,double_faults,4.5,2.5000,,2026-10-02T14:48:06Z,2026-10-03T03:00:00Z,Team Total (Double Faults) Away,7,"{'hdp': 4.5, 'over': '2.50'}"
75051556,2026-10-03,WTA,Beijing,Bet365,Ann Li,Ashlyn Krueger,double_faults,7.5,10.0000,,2026-10-02T14:48:06Z,2026-10-03T03:00:00Z,Team Total (Double Faults) Away,7,"{'hdp': 7.5, 'over': '10.00'}"
75051556,2026-10-03,WTA,Beijing,Bet365,Ann Li,Ashlyn Krueger,double_faults,9.5,23.0000,,2026-10-02T14:48:06Z,2026-10-03T03:00:00Z,Team Total (Double Faults) Away,7,"{'hdp': 9.5, 'over': '23.00'}"
75051556,2026-10-03,WTA,Beijing,Bet365,Ann Li,Ashlyn Krueger,double_faults,11.5,26.0000,,2026-10-02T14:48:06Z,2026-10-03T03:00:00Z,Team Total (Double Faults) Away,7,"{'hdp': 11.5, 'over': '26.00'}"
75051556,2026-10-03,WTA,Beijing,Bet365,Ashlyn Krueger,Ann Li,double_faults,1.5,1.0400,,2026-10-02T14:48:06Z,2026-10-03T03:00:00Z,Team Total (Double Faults) Home,8,"{'hdp': 1.5, 'over': '1.04'}"
75051556,2026-10-03,WTA,Beijing,Bet365,Ashlyn Krueger,Ann Li,double_faults,2.5,1.1200,,2026-10-02T14:48:06Z,2026-10-03T03:00:00Z,Team Total (Double Faults) Home,8,"{'hdp': 2.5, 'over': '1.12'}"
75051556,2026-10-03,WTA,Beijing,Bet365,Ashlyn Krueger,Ann Li,double_faults,4.5,1.5700,,2026-10-02T14:48:06Z,2026-10-03T03:00:00Z,Team Total (Double Faults) Home,8,"{'hdp': 4.5, 'over': '1.57'}"
75051556,2026-10-03,WTA,Beijing,Bet365,Ashlyn Krueger,Ann Li,double_faults,7.5,4.0000,,2026-10-02T14:48:06Z,2026-10-03T03:00:00Z,Team Total (Double Faults) Home,8,"{'hdp': 7.5, 'over': '4.00'}"
75051556,2026-10-03,WTA,Beijing,Bet365,Ashlyn Krueger,Ann Li,double_faults,9.5,9.0000,,2026-10-02T14:48:06Z,2026-10-03T03:00:00Z,Team Total (Double Faults) Home,8,"{'hdp': 9.5, 'over': '9.00'}"
75051556,2026-10-03,WTA,Beijing,Bet365,Ashlyn Krueger,Ann Li,double_faults,11.5,21.0000,,2026-10-02T14:48:06Z,2026-10-03T03:00:00Z,Team Total (Double Faults) Home,8,"{'hdp': 11.5, 'over': '21.00'}"
75051556,2026-10-03,WTA,Beijing,Bet365,Ashlyn Krueger,Ann Li,double_faults,14.5,26.0000,,2026-10-02T14:48:06Z,2026-10-03T03:00:00Z,Team Total (Double Faults) Home,8,"{'hdp': 14.5, 'over': '26.00'}"
75051556,2026-10-03,WTA,Beijing,Bet365,Ashlyn Krueger,Ann Li,match_double_faults,4.5,1.0600,,2026-10-02T14:48:06Z,2026-10-03T03:00:00Z,Totals (Double Faults),8,"{'hdp': 4.5, 'over': '1.06'}"
75051556,2026-10-03,WTA,Beijing,Bet365,Ashlyn Krueger,Ann Li,match_double_faults,7.5,1.4000,,2026-10-02T14:48:06Z,2026-10-03T03:00:00Z,Totals (Double Faults),8,"{'hdp': 7.5, 'over': '1.40'}"
75051556,2026-10-03,WTA,Beijing,Bet365,Ashlyn Krueger,Ann Li,match_double_faults,9.5,2.0000,,2026-10-02T14:48:06Z,2026-10-03T03:00:00Z,Totals (Double Faults),8,"{'hdp': 9.5, 'over': '2.00'}"
75051556,2026-10-03,WTA,Beijing,Bet365,Ashlyn Krueger,Ann Li,match_double_faults,11.5,3.2500,,2026-10-02T14:48:06Z,2026-10-03T03:00:00Z,Totals (Double Faults),8,"{'hdp': 11.5, 'over': '3.25'}"
75051556,2026-10-03,WTA,Beijing,Bet365,Ashlyn Krueger,Ann Li,match_double_faults,14.5,8.0000,,2026-10-02T14:48:06Z,2026-10-03T03:00:00Z,Totals (Double Faults),8,"{'hdp': 14.5, 'over': '8.00'}"
75051556,2026-10-03,WTA,Beijing,Bet365,Ashlyn Krueger,Ann Li,match_double_faults,19.5,26.0000,,2026-10-02T14:48:06Z,2026-10-03T03:00:00Z,Totals (Double Faults),8,"{'hdp': 19.5, 'over': '26.00'}"
75051552,2026-10-03,WTA,Beijing,Bet365,Katie Volynets,Elise Mertens,match_aces,2.5,1.0300,,2026-10-02T14:48:06Z,2026-10-03T03:00:00Z,Totals (Aces),6,"{'hdp': 2.5, 'over': '1.03'}"
75051552,2026-10-03,WTA,Beijing,Bet365,Katie Volynets,Elise Mertens,match_aces,4.5,1.1600,,2026-10-02T14:48:06Z,2026-10-03T03:00:00Z,Totals (Aces),6,"{'hdp': 4.5, 'over': '1.16'}"
75051552,2026-10-03,WTA,Beijing,Bet365,Katie Volynets,Elise Mertens,match_aces,9.5,2.5000,,2026-10-02T14:48:06Z,2026-10-03T03:00:00Z,Totals (Aces),6,"{'hdp': 9.5, 'over': '2.50'}"
75051552,2026-10-03,WTA,Beijing,Bet365,Katie Volynets,Elise Mertens,match_aces,14.5,8.0000,,2026-10-02T14:48:06Z,2026-10-03T03:00:00Z,Totals (Aces),6,"{'hdp': 14.5, 'over': '8.00'}"
75051552,2026-10-03,WTA,Beijing,Bet365,Katie Volynets,Elise Mertens,match_aces,19.5,26.0000,,2026-10-02T14:48:06Z,2026-10-03T03:00:00Z,Totals (Aces),6,"{'hdp': 19.5, 'over': '26.00'}"
75051552,2026-10-03,WTA,Beijing,Bet365,Katie Volynets,Elise Mertens,match_double_faults,4.5,1.0800,,2026-10-02T14:48:06Z,2026-10-03T03:00:00Z,Totals (Double Faults),8,"{'hdp': 4.5, 'over': '1.08'}"
75051552,2026-10-03,WTA,Beijing,Bet365,Katie Volynets,Elise Mertens,match_double_faults,7.5,1.5000,,2026-10-02T14:48:06Z,2026-10-03T03:00:00Z,Totals (Double Faults),8,"{'hdp': 7.5, 'over': '1.50'}"
75051552,2026-10-03,WTA,Beijing,Bet365,Katie Volynets,Elise Mertens,match_double_faults,9.5,2.2000,,2026-10-02T14:48:06Z,2026-10-03T03:00:00Z,Totals (Double Faults),8,"{'hdp': 9.5, 'over': '2.20'}"
75051552,2026-10-03,WTA,Beijing,Bet365,Katie Volynets,Elise Mertens,match_double_faults,11.5,3.5000,,2026-10-02T14:48:06Z,2026-10-03T03:00:00Z,Totals (Double Faults),8,"{'hdp': 11.5, 'over': '3.50'}"
75051552,2026-10-03,WTA,Beijing,Bet365,Katie Volynets,Elise Mertens,match_double_faults,14.5,9.0000,,2026-10-02T14:48:06Z,2026-10-03T03:00:00Z,Totals (Double Faults),8,"{'hdp': 14.5, 'over': '9.00'}"
75051552,2026-10-03,WTA,Beijing,Bet365,Katie Volynets,Elise Mertens,match_double_faults,19.5,26.0000,,2026-10-02T14:48:06Z,2026-10-03T03:00:00Z,Totals (Double Faults),8,"{'hdp': 19.5, 'over': '26.00'}"
75051552,2026-10-03,WTA,Beijing,Bet365,Elise Mertens,Katie Volynets,aces,0.5,1.0100,,2026-10-02T14:48:06Z,2026-10-03T03:00:00Z,Team Total (Aces) Away,5,"{'hdp': 0.5, 'over': '1.01'}"
75051552,2026-10-03,WTA,Beijing,Bet365,Elise Mertens,Katie Volynets,aces,2.5,1.1400,,2026-10-02T14:48:06Z,2026-10-03T03:00:00Z,Team Total (Aces) Away,5,"{'hdp': 2.5, 'over': '1.14'}"
75051552,2026-10-03,WTA,Beijing,Bet365,Elise Mertens,Katie Volynets,aces,4.5,1.5700,,2026-10-02T14:48:06Z,2026-10-03T03:00:00Z,Team Total (Aces) Away,5,"{'hdp': 4.5, 'over': '1.57'}"
75051552,2026-10-03,WTA,Beijing,Bet365,Elise Mertens,Katie Volynets,aces,9.5,5.5000,,2026-10-02T14:48:06Z,2026-10-03T03:00:00Z,Team Total (Aces) Away,5,"{'hdp': 9.5, 'over': '5.50'}"
75051552,2026-10-03,WTA,Beijing,Bet365,Elise Mertens,Katie Volynets,aces,14.5,26.0000,,2026-10-02T14:48:06Z,2026-10-03T03:00:00Z,Team Total (Aces) Away,5,"{'hdp': 14.5, 'over': '26.00'}"
75051552,2026-10-03,WTA,Beijing,Bet365,Katie Volynets,Elise Mertens,aces,0.5,1.0800,,2026-10-02T14:48:06Z,2026-10-03T03:00:00Z,Team Total (Aces) Home,4,"{'hdp': 0.5, 'over': '1.08'}"
75051552,2026-10-03,WTA,Beijing,Bet365,Katie Volynets,Elise Mertens,aces,2.5,1.8300,,2026-10-02T14:48:06Z,2026-10-03T03:00:00Z,Team Total (Aces) Home,4,"{'hdp': 2.5, 'over': '1.83'}"
75051552,2026-10-03,WTA,Beijing,Bet365,Katie Volynets,Elise Mertens,aces,4.5,4.5000,,2026-10-02T14:48:06Z,2026-10-03T03:00:00Z,Team Total (Aces) Home,4,"{'hdp': 4.5, 'over': '4.50'}"
75051552,2026-10-03,WTA,Beijing,Bet365,Katie Volynets,Elise Mertens,aces,9.5,26.0000,,2026-10-02T14:48:06Z,2026-10-03T03:00:00Z,Team Total (Aces) Home,4,"{'hdp': 9.5, 'over': '26.00'}"
75051552,2026-10-03,WTA,Beijing,Bet365,Elise Mertens,Katie Volynets,double_faults,1.5,1.0300,,2026-10-02T14:48:06Z,2026-10-03T03:00:00Z,Team Total (Double Faults) Away,8,"{'hdp': 1.5, 'over': '1.03'}"
75051552,2026-10-03,WTA,Beijing,Bet365,Elise Mertens,Katie Volynets,double_faults,2.5,1.1100,,2026-10-02T14:48:06Z,2026-10-03T03:00:00Z,Team Total (Double Faults) Away,8,"{'hdp': 2.5, 'over': '1.11'}"
75051552,2026-10-03,WTA,Beijing,Bet365,Elise Mertens,Katie Volynets,double_faults,4.5,1.5300,,2026-10-02T14:48:06Z,2026-10-03T03:00:00Z,Team Total (Double Faults) Away,8,"{'hdp': 4.5, 'over': '1.53'}"
75051552,2026-10-03,WTA,Beijing,Bet365,Elise Mertens,Katie Volynets,double_faults,7.5,3.5000,,2026-10-02T14:48:06Z,2026-10-03T03:00:00Z,Team Total (Double Faults) Away,8,"{'hdp': 7.5, 'over': '3.50'}"
75051552,2026-10-03,WTA,Beijing,Bet365,Elise Mertens,Katie Volynets,double_faults,9.5,8.0000,,2026-10-02T14:48:06Z,2026-10-03T03:00:00Z,Team Total (Double Faults) Away,8,"{'hdp': 9.5, 'over': '8.00'}"
75051552,2026-10-03,WTA,Beijing,Bet365,Elise Mertens,Katie Volynets,double_faults,11.5,17.0000,,2026-10-02T14:48:06Z,2026-10-03T03:00:00Z,Team Total (Double Faults) Away,8,"{'hdp': 11.5, 'over': '17.00'}"
75051552,2026-10-03,WTA,Beijing,Bet365,Elise Mertens,Katie Volynets,double_faults,14.5,26.0000,,2026-10-02T14:48:06Z,2026-10-03T03:00:00Z,Team Total (Double Faults) Away,8,"{'hdp': 14.5, 'over': '26.00'}"
75051552,2026-10-03,WTA,Beijing,Bet365,Katie Volynets,Elise Mertens,double_faults,0.5,1.0300,,2026-10-02T14:48:06Z,2026-10-03T03:00:00Z,Team Total (Double Faults) Home,6,"{'hdp': 0.5, 'over': '1.03'}"
75051552,2026-10-03,WTA,Beijing,Bet365,Katie Volynets,Elise Mertens,double_faults,1.5,1.1800,,2026-10-02T14:48:06Z,2026-10-03T03:00:00Z,Team Total (Double Faults) Home,6,"{'hdp': 1.5, 'over': '1.18'}"
75051552,2026-10-03,WTA,Beijing,Bet365,Katie Volynets,Elise Mertens,double_faults,2.5,1.5000,,2026-10-02T14:48:06Z,2026-10-03T03:00:00Z,Team Total (Double Faults) Home,6,"{'hdp': 2.5, 'over': '1.50'}"
75051552,2026-10-03,WTA,Beijing,Bet365,Katie Volynets,Elise Mertens,double_faults,4.5,3.4000,,2026-10-02T14:48:06Z,2026-10-03T03:00:00Z,Team Total (Double Faults) Home,6,"{'hdp': 4.5, 'over': '3.40'}"
75051552,2026-10-03,WTA,Beijing,Bet365,Katie Volynets,Elise Mertens,double_faults,7.5,17.0000,,2026-10-02T14:48:06Z,2026-10-03T03:00:00Z,Team Total (Double Faults) Home,6,"{'hdp': 7.5, 'over': '17.00'}"
75051552,2026-10-03,WTA,Beijing,Bet365,Katie Volynets,Elise Mertens,double_faults,9.5,26.0000,,2026-10-02T14:48:06Z,2026-10-03T03:00:00Z,Team Total (Double Faults) Home,6,"{'hdp': 9.5, 'over': '26.00'}"
75051514,2026-10-03,WTA,Beijing,Bet365,Xinyu Gao,Iga Swiatek,match_double_faults,1.5,1.0100,,2026-10-02T14:48:06Z,2026-10-03T05:00:00Z,Totals (Double Faults),8,"{'hdp': 1.5, 'over': '1.01'}"
75051514,2026-10-03,WTA,Beijing,Bet365,Xinyu Gao,Iga Swiatek,match_double_faults,2.5,1.0600,,2026-10-02T14:48:06Z,2026-10-03T05:00:00Z,Totals (Double Faults),8,"{'hdp': 2.5, 'over': '1.06'}"
75051514,2026-10-03,WTA,Beijing,Bet365,Xinyu Gao,Iga Swiatek,match_double_faults,4.5,1.3600,,2026-10-02T14:48:06Z,2026-10-03T05:00:00Z,Totals (Double Faults),8,"{'hdp': 4.5, 'over': '1.36'}"
75051514,2026-10-03,WTA,Beijing,Bet365,Xinyu Gao,Iga Swiatek,match_double_faults,7.5,2.7500,,2026-10-02T14:48:06Z,2026-10-03T05:00:00Z,Totals (Double Faults),8,"{'hdp': 7.5, 'over': '2.75'}"
75051514,2026-10-03,WTA,Beijing,Bet365,Xinyu Gao,Iga Swiatek,match_double_faults,9.5,5.5000,,2026-10-02T14:48:06Z,2026-10-03T05:00:00Z,Totals (Double Faults),8,"{'hdp': 9.5, 'over': '5.50'}"
75051514,2026-10-03,WTA,Beijing,Bet365,Xinyu Gao,Iga Swiatek,match_double_faults,11.5,13.0000,,2026-10-02T14:48:06Z,2026-10-03T05:00:00Z,Totals (Double Faults),8,"{'hdp': 11.5, 'over': '13.00'}"
75051514,2026-10-03,WTA,Beijing,Bet365,Xinyu Gao,Iga Swiatek,match_double_faults,14.5,26.0000,,2026-10-02T14:48:06Z,2026-10-03T05:00:00Z,Totals (Double Faults),8,"{'hdp': 14.5, 'over': '26.00'}"
75051514,2026-10-03,WTA,Beijing,Bet365,Xinyu Gao,Iga Swiatek,match_aces,0.5,1.0200,,2026-10-02T14:48:06Z,2026-10-03T05:00:00Z,Totals (Aces),5,"{'hdp': 0.5, 'over': '1.02'}"
75051514,2026-10-03,WTA,Beijing,Bet365,Xinyu Gao,Iga Swiatek,match_aces,2.5,1.3300,,2026-10-02T14:48:06Z,2026-10-03T05:00:00Z,Totals (Aces),5,"{'hdp': 2.5, 'over': '1.33'}"
75051514,2026-10-03,WTA,Beijing,Bet365,Xinyu Gao,Iga Swiatek,match_aces,4.5,2.3700,,2026-10-02T14:48:06Z,2026-10-03T05:00:00Z,Totals (Aces),5,"{'hdp': 4.5, 'over': '2.37'}"
75051514,2026-10-03,WTA,Beijing,Bet365,Xinyu Gao,Iga Swiatek,match_aces,9.5,19.0000,,2026-10-02T14:48:06Z,2026-10-03T05:00:00Z,Totals (Aces),5,"{'hdp': 9.5, 'over': '19.00'}"
75051514,2026-10-03,WTA,Beijing,Bet365,Xinyu Gao,Iga Swiatek,match_aces,14.5,26.0000,,2026-10-02T14:48:06Z,2026-10-03T05:00:00Z,Totals (Aces),5,"{'hdp': 14.5, 'over': '26.00'}"
75051514,2026-10-03,WTA,Beijing,Bet365,Iga Swiatek,Xinyu Gao,double_faults,0.5,1.0700,,2026-10-02T14:48:06Z,2026-10-03T05:00:00Z,Team Total (Double Faults) Away,6,"{'hdp': 0.5, 'over': '1.07'}"
75051514,2026-10-03,WTA,Beijing,Bet365,Iga Swiatek,Xinyu Gao,double_faults,1.5,1.3300,,2026-10-02T14:48:06Z,2026-10-03T05:00:00Z,Team Total (Double Faults) Away,6,"{'hdp': 1.5, 'over': '1.33'}"
75051514,2026-10-03,WTA,Beijing,Bet365,Iga Swiatek,Xinyu Gao,double_faults,2.5,1.8300,,2026-10-02T14:48:06Z,2026-10-03T05:00:00Z,Team Total (Double Faults) Away,6,"{'hdp': 2.5, 'over': '1.83'}"
75051514,2026-10-03,WTA,Beijing,Bet365,Iga Swiatek,Xinyu Gao,double_faults,4.5,4.3300,,2026-10-02T14:48:06Z,2026-10-03T05:00:00Z,Team Total (Double Faults) Away,6,"{'hdp': 4.5, 'over': '4.33'}"
75051514,2026-10-03,WTA,Beijing,Bet365,Iga Swiatek,Xinyu Gao,double_faults,7.5,19.0000,,2026-10-02T14:48:06Z,2026-10-03T05:00:00Z,Team Total (Double Faults) Away,6,"{'hdp': 7.5, 'over': '19.00'}"
75051514,2026-10-03,WTA,Beijing,Bet365,Iga Swiatek,Xinyu Gao,double_faults,9.5,26.0000,,2026-10-02T14:48:06Z,2026-10-03T05:00:00Z,Team Total (Double Faults) Away,6,"{'hdp': 9.5, 'over': '26.00'}"
75051514,2026-10-03,WTA,Beijing,Bet365,Xinyu Gao,Iga Swiatek,double_faults,0.5,1.0200,,2026-10-02T14:48:06Z,2026-10-03T05:00:00Z,Team Total (Double Faults) Home,6,"{'hdp': 0.5, 'over': '1.02'}"
75051514,2026-10-03,WTA,Beijing,Bet365,Xinyu Gao,Iga Swiatek,double_faults,1.5,1.1400,,2026-10-02T14:48:06Z,2026-10-03T05:00:00Z,Team Total (Double Faults) Home,6,"{'hdp': 1.5, 'over': '1.14'}"
75051514,2026-10-03,WTA,Beijing,Bet365,Xinyu Gao,Iga Swiatek,double_faults,2.5,1.4400,,2026-10-02T14:48:06Z,2026-10-03T05:00:00Z,Team Total (Double Faults) Home,6,"{'hdp': 2.5, 'over': '1.44'}"
75051514,2026-10-03,WTA,Beijing,Bet365,Xinyu Gao,Iga Swiatek,double_faults,4.5,3.4000,,2026-10-02T14:48:06Z,2026-10-03T05:00:00Z,Team Total (Double Faults) Home,6,"{'hdp': 4.5, 'over': '3.40'}"
75051514,2026-10-03,WTA,Beijing,Bet365,Xinyu Gao,Iga Swiatek,double_faults,7.5,21.0000,,2026-10-02T14:48:06Z,2026-10-03T05:00:00Z,Team Total (Double Faults) Home,6,"{'hdp': 7.5, 'over': '21.00'}"
75051514,2026-10-03,WTA,Beijing,Bet365,Xinyu Gao,Iga Swiatek,double_faults,9.5,26.0000,,2026-10-02T14:48:06Z,2026-10-03T05:00:00Z,Team Total (Double Faults) Home,6,"{'hdp': 9.5, 'over': '26.00'}"
75051514,2026-10-03,WTA,Beijing,Bet365,Iga Swiatek,Xinyu Gao,aces,0.5,1.1000,,2026-10-02T14:48:06Z,2026-10-03T05:00:00Z,Team Total (Aces) Away,4,"{'hdp': 0.5, 'over': '1.10'}"
75051514,2026-10-03,WTA,Beijing,Bet365,Iga Swiatek,Xinyu Gao,aces,2.5,2.1000,,2026-10-02T14:48:06Z,2026-10-03T05:00:00Z,Team Total (Aces) Away,4,"{'hdp': 2.5, 'over': '2.10'}"
75051514,2026-10-03,WTA,Beijing,Bet365,Iga Swiatek,Xinyu Gao,aces,4.5,6.5000,,2026-10-02T14:48:06Z,2026-10-03T05:00:00Z,Team Total (Aces) Away,4,"{'hdp': 4.5, 'over': '6.50'}"
75051514,2026-10-03,WTA,Beijing,Bet365,Iga Swiatek,Xinyu Gao,aces,9.5,26.0000,,2026-10-02T14:48:06Z,2026-10-03T05:00:00Z,Team Total (Aces) Away,4,"{'hdp': 9.5, 'over': '26.00'}"
75051514,2026-10-03,WTA,Beijing,Bet365,Xinyu Gao,Iga Swiatek,aces,0.5,1.2800,,2026-10-02T14:48:06Z,2026-10-03T05:00:00Z,Team Total (Aces) Home,3,"{'hdp': 0.5, 'over': '1.28'}"
75051514,2026-10-03,WTA,Beijing,Bet365,Xinyu Gao,Iga Swiatek,aces,2.5,3.7500,,2026-10-02T14:48:06Z,2026-10-03T05:00:00Z,Team Total (Aces) Home,3,"{'hdp': 2.5, 'over': '3.75'}"
75051514,2026-10-03,WTA,Beijing,Bet365,Xinyu Gao,Iga Swiatek,aces,4.5,15.0000,,2026-10-02T14:48:06Z,2026-10-03T05:00:00Z,Team Total (Aces) Home,3,"{'hdp': 4.5, 'over': '15.00'}"
75051376,2026-10-03,ATP,Beijing,Bet365,Andrey Rublev,Roman Safiullin,match_aces,9.5,1.0800,,2026-10-02T14:48:06Z,2026-10-03T05:00:00Z,Totals (Aces),9,"{'hdp': 9.5, 'over': '1.08'}"
75051376,2026-10-03,ATP,Beijing,Bet365,Andrey Rublev,Roman Safiullin,match_aces,14.5,1.3600,,2026-10-02T14:48:06Z,2026-10-03T05:00:00Z,Totals (Aces),9,"{'hdp': 14.5, 'over': '1.36'}"
75051376,2026-10-03,ATP,Beijing,Bet365,Andrey Rublev,Roman Safiullin,match_aces,19.5,2.0000,,2026-10-02T14:48:06Z,2026-10-03T05:00:00Z,Totals (Aces),9,"{'hdp': 19.5, 'over': '2.00'}"
75051376,2026-10-03,ATP,Beijing,Bet365,Andrey Rublev,Roman Safiullin,match_aces,24.5,3.5000,,2026-10-02T14:48:06Z,2026-10-03T05:00:00Z,Totals (Aces),9,"{'hdp': 24.5, 'over': '3.50'}"
75051376,2026-10-03,ATP,Beijing,Bet365,Andrey Rublev,Roman Safiullin,match_aces,29.5,6.5000,,2026-10-02T14:48:06Z,2026-10-03T05:00:00Z,Totals (Aces),9,"{'hdp': 29.5, 'over': '6.50'}"
75051376,2026-10-03,ATP,Beijing,Bet365,Andrey Rublev,Roman Safiullin,match_aces,39.5,23.0000,,2026-10-02T14:48:06Z,2026-10-03T05:00:00Z,Totals (Aces),9,"{'hdp': 39.5, 'over': '23.00'}"
75051376,2026-10-03,ATP,Beijing,Bet365,Andrey Rublev,Roman Safiullin,match_aces,49.5,26.0000,,2026-10-02T14:48:06Z,2026-10-03T05:00:00Z,Totals (Aces),9,"{'hdp': 49.5, 'over': '26.00'}"
75051376,2026-10-03,ATP,Beijing,Bet365,Andrey Rublev,Roman Safiullin,match_double_faults,2.5,1.0300,,2026-10-02T14:48:06Z,2026-10-03T05:00:00Z,Totals (Double Faults),8,"{'hdp': 2.5, 'over': '1.03'}"
75051376,2026-10-03,ATP,Beijing,Bet365,Andrey Rublev,Roman Safiullin,match_double_faults,4.5,1.2000,,2026-10-02T14:48:06Z,2026-10-03T05:00:00Z,Totals (Double Faults),8,"{'hdp': 4.5, 'over': '1.20'}"
75051376,2026-10-03,ATP,Beijing,Bet365,Andrey Rublev,Roman Safiullin,match_double_faults,7.5,2.2000,,2026-10-02T14:48:06Z,2026-10-03T05:00:00Z,Totals (Double Faults),8,"{'hdp': 7.5, 'over': '2.20'}"
75051376,2026-10-03,ATP,Beijing,Bet365,Andrey Rublev,Roman Safiullin,match_double_faults,9.5,4.0000,,2026-10-02T14:48:06Z,2026-10-03T05:00:00Z,Totals (Double Faults),8,"{'hdp': 9.5, 'over': '4.00'}"
75051376,2026-10-03,ATP,Beijing,Bet365,Andrey Rublev,Roman Safiullin,match_double_faults,11.5,9.0000,,2026-10-02T14:48:06Z,2026-10-03T05:00:00Z,Totals (Double Faults),8,"{'hdp': 11.5, 'over': '9.00'}"
75051376,2026-10-03,ATP,Beijing,Bet365,Andrey Rublev,Roman Safiullin,match_double_faults,14.5,26.0000,,2026-10-02T14:48:06Z,2026-10-03T05:00:00Z,Totals (Double Faults),8,"{'hdp': 14.5, 'over': '26.00'}"
75051376,2026-10-03,ATP,Beijing,Bet365,Roman Safiullin,Andrey Rublev,aces,2.5,1.0300,,2026-10-02T14:48:06Z,2026-10-03T05:00:00Z,Team Total (Aces) Away,7,"{'hdp': 2.5, 'over': '1.03'}"
75051376,2026-10-03,ATP,Beijing,Bet365,Roman Safiullin,Andrey Rublev,aces,4.5,1.1400,,2026-10-02T14:48:06Z,2026-10-03T05:00:00Z,Team Total (Aces) Away,7,"{'hdp': 4.5, 'over': '1.14'}"
75051376,2026-10-03,ATP,Beijing,Bet365,Roman Safiullin,Andrey Rublev,aces,9.5,2.0000,,2026-10-02T14:48:06Z,2026-10-03T05:00:00Z,Team Total (Aces) Away,7,"{'hdp': 9.5, 'over': '2.00'}"
75051376,2026-10-03,ATP,Beijing,Bet365,Roman Safiullin,Andrey Rublev,aces,14.5,5.0000,,2026-10-02T14:48:06Z,2026-10-03T05:00:00Z,Team Total (Aces) Away,7,"{'hdp': 14.5, 'over': '5.00'}"
75051376,2026-10-03,ATP,Beijing,Bet365,Roman Safiullin,Andrey Rublev,aces,19.5,13.0000,,2026-10-02T14:48:06Z,2026-10-03T05:00:00Z,Team Total (Aces) Away,7,"{'hdp': 19.5, 'over': '13.00'}"
75051376,2026-10-03,ATP,Beijing,Bet365,Roman Safiullin,Andrey Rublev,aces,24.5,26.0000,,2026-10-02T14:48:06Z,2026-10-03T05:00:00Z,Team Total (Aces) Away,7,"{'hdp': 24.5, 'over': '26.00'}"
75051376,2026-10-03,ATP,Beijing,Bet365,Andrey Rublev,Roman Safiullin,aces,2.5,1.0300,,2026-10-02T14:48:06Z,2026-10-03T05:00:00Z,Team Total (Aces) Home,7,"{'hdp': 2.5, 'over': '1.03'}"
75051376,2026-10-03,ATP,Beijing,Bet365,Andrey Rublev,Roman Safiullin,aces,4.5,1.1400,,2026-10-02T14:48:06Z,2026-10-03T05:00:00Z,Team Total (Aces) Home,7,"{'hdp': 4.5, 'over': '1.14'}"
75051376,2026-10-03,ATP,Beijing,Bet365,Andrey Rublev,Roman Safiullin,aces,9.5,2.0000,,2026-10-02T14:48:06Z,2026-10-03T05:00:00Z,Team Total (Aces) Home,7,"{'hdp': 9.5, 'over': '2.00'}"
75051376,2026-10-03,ATP,Beijing,Bet365,Andrey Rublev,Roman Safiullin,aces,14.5,5.0000,,2026-10-02T14:48:06Z,2026-10-03T05:00:00Z,Team Total (Aces) Home,7,"{'hdp': 14.5, 'over': '5.00'}"
75051376,2026-10-03,ATP,Beijing,Bet365,Andrey Rublev,Roman Safiullin,aces,19.5,13.0000,,2026-10-02T14:48:06Z,2026-10-03T05:00:00Z,Team Total (Aces) Home,7,"{'hdp': 19.5, 'over': '13.00'}"
75051376,2026-10-03,ATP,Beijing,Bet365,Andrey Rublev,Roman Safiullin,aces,24.5,26.0000,,2026-10-02T14:48:06Z,2026-10-03T05:00:00Z,Team Total (Aces) Home,7,"{'hdp': 24.5, 'over': '26.00'}"
75051376,2026-10-03,ATP,Beijing,Bet365,Roman Safiullin,Andrey Rublev,double_faults,0.5,1.0100,,2026-10-02T14:48:06Z,2026-10-03T05:00:00Z,Team Total (Double Faults) Away,7,"{'hdp': 0.5, 'over': '1.01'}"
75051376,2026-10-03,ATP,Beijing,Bet365,Roman Safiullin,Andrey Rublev,double_faults,1.5,1.0800,,2026-10-02T14:48:06Z,2026-10-03T05:00:00Z,Team Total (Double Faults) Away,7,"{'hdp': 1.5, 'over': '1.08'}"
75051376,2026-10-03,ATP,Beijing,Bet365,Roman Safiullin,Andrey Rublev,double_faults,2.5,1.2500,,2026-10-02T14:48:06Z,2026-10-03T05:00:00Z,Team Total (Double Faults) Away,7,"{'hdp': 2.5, 'over': '1.25'}"
75051376,2026-10-03,ATP,Beijing,Bet365,Roman Safiullin,Andrey Rublev,double_faults,4.5,2.1000,,2026-10-02T14:48:06Z,2026-10-03T05:00:00Z,Team Total (Double Faults) Away,7,"{'hdp': 4.5, 'over': '2.10'}"
75051376,2026-10-03,ATP,Beijing,Bet365,Roman Safiullin,Andrey Rublev,double_faults,7.5,8.0000,,2026-10-02T14:48:06Z,2026-10-03T05:00:00Z,Team Total (Double Faults) Away,7,"{'hdp': 7.5, 'over': '8.00'}"
75051376,2026-10-03,ATP,Beijing,Bet365,Roman Safiullin,Andrey Rublev,double_faults,9.5,21.0000,,2026-10-02T14:48:06Z,2026-10-03T05:00:00Z,Team Total (Double Faults) Away,7,"{'hdp': 9.5, 'over': '21.00'}"
75051376,2026-10-03,ATP,Beijing,Bet365,Roman Safiullin,Andrey Rublev,double_faults,11.5,26.0000,,2026-10-02T14:48:06Z,2026-10-03T05:00:00Z,Team Total (Double Faults) Away,7,"{'hdp': 11.5, 'over': '26.00'}"
75051376,2026-10-03,ATP,Beijing,Bet365,Andrey Rublev,Roman Safiullin,double_faults,0.5,1.0600,,2026-10-02T14:48:06Z,2026-10-03T05:00:00Z,Team Total (Double Faults) Home,5,"{'hdp': 0.5, 'over': '1.06'}"
75051376,2026-10-03,ATP,Beijing,Bet365,Andrey Rublev,Roman Safiullin,double_faults,1.5,1.3000,,2026-10-02T14:48:06Z,2026-10-03T05:00:00Z,Team Total (Double Faults) Home,5,"{'hdp': 1.5, 'over': '1.30'}"
75051376,2026-10-03,ATP,Beijing,Bet365,Andrey Rublev,Roman Safiullin,double_faults,2.5,1.8300,,2026-10-02T14:48:06Z,2026-10-03T05:00:00Z,Team Total (Double Faults) Home,5,"{'hdp': 2.5, 'over': '1.83'}"
75051376,2026-10-03,ATP,Beijing,Bet365,Andrey Rublev,Roman Safiullin,double_faults,4.5,5.0000,,2026-10-02T14:48:06Z,2026-10-03T05:00:00Z,Team Total (Double Faults) Home,5,"{'hdp': 4.5, 'over': '5.00'}"
75051376,2026-10-03,ATP,Beijing,Bet365,Andrey Rublev,Roman Safiullin,double_faults,7.5,26.0000,,2026-10-02T14:48:06Z,2026-10-03T05:00:00Z,Team Total (Double Faults) Home,5,"{'hdp': 7.5, 'over': '26.00'}"
75051508,2026-10-03,WTA,Beijing,Bet365,Iva Jovic,Harriet Dart,double_faults,0.5,1.1800,,2026-10-02T14:48:06Z,2026-10-03T05:20:00Z,Team Total (Double Faults) Home,5,"{'hdp': 0.5, 'over': '1.18'}"
75051508,2026-10-03,WTA,Beijing,Bet365,Iva Jovic,Harriet Dart,double_faults,1.5,1.6600,,2026-10-02T14:48:06Z,2026-10-03T05:20:00Z,Team Total (Double Faults) Home,5,"{'hdp': 1.5, 'over': '1.66'}"
75051508,2026-10-03,WTA,Beijing,Bet365,Iva Jovic,Harriet Dart,double_faults,2.5,2.7500,,2026-10-02T14:48:06Z,2026-10-03T05:20:00Z,Team Total (Double Faults) Home,5,"{'hdp': 2.5, 'over': '2.75'}"
75051508,2026-10-03,WTA,Beijing,Bet365,Iva Jovic,Harriet Dart,double_faults,4.5,10.0000,,2026-10-02T14:48:06Z,2026-10-03T05:20:00Z,Team Total (Double Faults) Home,5,"{'hdp': 4.5, 'over': '10.00'}"
75051508,2026-10-03,WTA,Beijing,Bet365,Iva Jovic,Harriet Dart,double_faults,7.5,26.0000,,2026-10-02T14:48:06Z,2026-10-03T05:20:00Z,Team Total (Double Faults) Home,5,"{'hdp': 7.5, 'over': '26.00'}"
75051508,2026-10-03,WTA,Beijing,Bet365,Iva Jovic,Harriet Dart,match_double_faults,1.5,1.0100,,2026-10-02T14:48:06Z,2026-10-03T05:20:00Z,Totals (Double Faults),8,"{'hdp': 1.5, 'over': '1.01'}"
75051508,2026-10-03,WTA,Beijing,Bet365,Iva Jovic,Harriet Dart,match_double_faults,2.5,1.0600,,2026-10-02T14:48:06Z,2026-10-03T05:20:00Z,Totals (Double Faults),8,"{'hdp': 2.5, 'over': '1.06'}"
75051508,2026-10-03,WTA,Beijing,Bet365,Iva Jovic,Harriet Dart,match_double_faults,4.5,1.3300,,2026-10-02T14:48:06Z,2026-10-03T05:20:00Z,Totals (Double Faults),8,"{'hdp': 4.5, 'over': '1.33'}"
75051508,2026-10-03,WTA,Beijing,Bet365,Iva Jovic,Harriet Dart,match_double_faults,7.5,2.7500,,2026-10-02T14:48:06Z,2026-10-03T05:20:00Z,Totals (Double Faults),8,"{'hdp': 7.5, 'over': '2.75'}"
75051508,2026-10-03,WTA,Beijing,Bet365,Iva Jovic,Harriet Dart,match_double_faults,9.5,6.0000,,2026-10-02T14:48:06Z,2026-10-03T05:20:00Z,Totals (Double Faults),8,"{'hdp': 9.5, 'over': '6.00'}"
75051508,2026-10-03,WTA,Beijing,Bet365,Iva Jovic,Harriet Dart,match_double_faults,11.5,13.0000,,2026-10-02T14:48:06Z,2026-10-03T05:20:00Z,Totals (Double Faults),8,"{'hdp': 11.5, 'over': '13.00'}"
75051508,2026-10-03,WTA,Beijing,Bet365,Iva Jovic,Harriet Dart,match_double_faults,14.5,26.0000,,2026-10-02T14:48:06Z,2026-10-03T05:20:00Z,Totals (Double Faults),8,"{'hdp': 14.5, 'over': '26.00'}"
75051508,2026-10-03,WTA,Beijing,Bet365,Harriet Dart,Iva Jovic,aces,0.5,1.1100,,2026-10-02T14:48:06Z,2026-10-03T05:20:00Z,Team Total (Aces) Away,4,"{'hdp': 0.5, 'over': '1.11'}"
75051508,2026-10-03,WTA,Beijing,Bet365,Harriet Dart,Iva Jovic,aces,2.5,2.0000,,2026-10-02T14:48:06Z,2026-10-03T05:20:00Z,Team Total (Aces) Away,4,"{'hdp': 2.5, 'over': '2.00'}"
75051508,2026-10-03,WTA,Beijing,Bet365,Harriet Dart,Iva Jovic,aces,4.5,4.5000,,2026-10-02T14:48:06Z,2026-10-03T05:20:00Z,Team Total (Aces) Away,4,"{'hdp': 4.5, 'over': '4.50'}"
75051508,2026-10-03,WTA,Beijing,Bet365,Harriet Dart,Iva Jovic,aces,9.5,26.0000,,2026-10-02T14:48:06Z,2026-10-03T05:20:00Z,Team Total (Aces) Away,4,"{'hdp': 9.5, 'over': '26.00'}"
75051508,2026-10-03,WTA,Beijing,Bet365,Harriet Dart,Iva Jovic,double_faults,0.5,1.0100,,2026-10-02T14:48:06Z,2026-10-03T05:20:00Z,Team Total (Double Faults) Away,7,"{'hdp': 0.5, 'over': '1.01'}"
75051508,2026-10-03,WTA,Beijing,Bet365,Harriet Dart,Iva Jovic,double_faults,1.5,1.0700,,2026-10-02T14:48:06Z,2026-10-03T05:20:00Z,Team Total (Double Faults) Away,7,"{'hdp': 1.5, 'over': '1.07'}"
75051508,2026-10-03,WTA,Beijing,Bet365,Harriet Dart,Iva Jovic,double_faults,2.5,1.2500,,2026-10-02T14:48:06Z,2026-10-03T05:20:00Z,Team Total (Double Faults) Away,7,"{'hdp': 2.5, 'over': '1.25'}"
75051508,2026-10-03,WTA,Beijing,Bet365,Harriet Dart,Iva Jovic,double_faults,4.5,2.2000,,2026-10-02T14:48:06Z,2026-10-03T05:20:00Z,Team Total (Double Faults) Away,7,"{'hdp': 4.5, 'over': '2.20'}"
75051508,2026-10-03,WTA,Beijing,Bet365,Harriet Dart,Iva Jovic,double_faults,7.5,9.0000,,2026-10-02T14:48:06Z,2026-10-03T05:20:00Z,Team Total (Double Faults) Away,7,"{'hdp': 7.5, 'over': '9.00'}"
75051508,2026-10-03,WTA,Beijing,Bet365,Harriet Dart,Iva Jovic,double_faults,9.5,23.0000,,2026-10-02T14:48:06Z,2026-10-03T05:20:00Z,Team Total (Double Faults) Away,7,"{'hdp': 9.5, 'over': '23.00'}"
75051508,2026-10-03,WTA,Beijing,Bet365,Harriet Dart,Iva Jovic,double_faults,11.5,26.0000,,2026-10-02T14:48:06Z,2026-10-03T05:20:00Z,Team Total (Double Faults) Away,7,"{'hdp': 11.5, 'over': '26.00'}"
75051508,2026-10-03,WTA,Beijing,Bet365,Iva Jovic,Harriet Dart,match_aces,2.5,1.1400,,2026-10-02T14:48:06Z,2026-10-03T05:20:00Z,Totals (Aces),5,"{'hdp': 2.5, 'over': '1.14'}"
75051508,2026-10-03,WTA,Beijing,Bet365,Iva Jovic,Harriet Dart,match_aces,4.5,1.6100,,2026-10-02T14:48:06Z,2026-10-03T05:20:00Z,Totals (Aces),5,"{'hdp': 4.5, 'over': '1.61'}"
75051508,2026-10-03,WTA,Beijing,Bet365,Iva Jovic,Harriet Dart,match_aces,9.5,6.5000,,2026-10-02T14:48:06Z,2026-10-03T05:20:00Z,Totals (Aces),5,"{'hdp': 9.5, 'over': '6.50'}"
75051508,2026-10-03,WTA,Beijing,Bet365,Iva Jovic,Harriet Dart,match_aces,14.5,26.0000,,2026-10-02T14:48:06Z,2026-10-03T05:20:00Z,Totals (Aces),5,"{'hdp': 14.5, 'over': '26.00'}"
75051508,2026-10-03,WTA,Beijing,Bet365,Iva Jovic,Harriet Dart,aces,0.5,1.0600,,2026-10-02T14:48:06Z,2026-10-03T05:20:00Z,Team Total (Aces) Home,4,"{'hdp': 0.5, 'over': '1.06'}"
75051508,2026-10-03,WTA,Beijing,Bet365,Iva Jovic,Harriet Dart,aces,2.5,1.8000,,2026-10-02T14:48:06Z,2026-10-03T05:20:00Z,Team Total (Aces) Home,4,"{'hdp': 2.5, 'over': '1.80'}"
75051508,2026-10-03,WTA,Beijing,Bet365,Iva Jovic,Harriet Dart,aces,4.5,4.3300,,2026-10-02T14:48:06Z,2026-10-03T05:20:00Z,Team Total (Aces) Home,4,"{'hdp': 4.5, 'over': '4.33'}"
75051508,2026-10-03,WTA,Beijing,Bet365,Iva Jovic,Harriet Dart,aces,9.5,26.0000,,2026-10-02T14:48:06Z,2026-10-03T05:20:00Z,Team Total (Aces) Home,4,"{'hdp': 9.5, 'over': '26.00'}"
75051510,2026-10-03,WTA,Beijing,Bet365,Kamilla Rakhimova,Leylah Fernandez,aces,0.5,1.0400,,2026-10-02T14:48:06Z,2026-10-03T05:20:00Z,Team Total (Aces) Home,5,"{'hdp': 0.5, 'over': '1.04'}"
75051510,2026-10-03,WTA,Beijing,Bet365,Kamilla Rakhimova,Leylah Fernandez,aces,2.5,1.4000,,2026-10-02T14:48:06Z,2026-10-03T05:20:00Z,Team Total (Aces) Home,5,"{'hdp': 2.5, 'over': '1.40'}"
75051510,2026-10-03,WTA,Beijing,Bet365,Kamilla Rakhimova,Leylah Fernandez,aces,4.5,2.5000,,2026-10-02T14:48:06Z,2026-10-03T05:20:00Z,Team Total (Aces) Home,5,"{'hdp': 4.5, 'over': '2.50'}"
75051510,2026-10-03,WTA,Beijing,Bet365,Kamilla Rakhimova,Leylah Fernandez,aces,9.5,15.0000,,2026-10-02T14:48:06Z,2026-10-03T05:20:00Z,Team Total (Aces) Home,5,"{'hdp': 9.5, 'over': '15.00'}"
75051510,2026-10-03,WTA,Beijing,Bet365,Kamilla Rakhimova,Leylah Fernandez,aces,14.5,26.0000,,2026-10-02T14:48:06Z,2026-10-03T05:20:00Z,Team Total (Aces) Home,5,"{'hdp': 14.5, 'over': '26.00'}"
75051510,2026-10-03,WTA,Beijing,Bet365,Leylah Fernandez,Kamilla Rakhimova,double_faults,0.5,1.0100,,2026-10-02T14:48:06Z,2026-10-03T05:20:00Z,Team Total (Double Faults) Away,8,"{'hdp': 0.5, 'over': '1.01'}"
75051510,2026-10-03,WTA,Beijing,Bet365,Leylah Fernandez,Kamilla Rakhimova,double_faults,1.5,1.0500,,2026-10-02T14:48:06Z,2026-10-03T05:20:00Z,Team Total (Double Faults) Away,8,"{'hdp': 1.5, 'over': '1.05'}"
75051510,2026-10-03,WTA,Beijing,Bet365,Leylah Fernandez,Kamilla Rakhimova,double_faults,2.5,1.1600,,2026-10-02T14:48:06Z,2026-10-03T05:20:00Z,Team Total (Double Faults) Away,8,"{'hdp': 2.5, 'over': '1.16'}"
75051510,2026-10-03,WTA,Beijing,Bet365,Leylah Fernandez,Kamilla Rakhimova,double_faults,4.5,1.6100,,2026-10-02T14:48:06Z,2026-10-03T05:20:00Z,Team Total (Double Faults) Away,8,"{'hdp': 4.5, 'over': '1.61'}"
75051510,2026-10-03,WTA,Beijing,Bet365,Leylah Fernandez,Kamilla Rakhimova,double_faults,7.5,3.7500,,2026-10-02T14:48:06Z,2026-10-03T05:20:00Z,Team Total (Double Faults) Away,8,"{'hdp': 7.5, 'over': '3.75'}"
75051510,2026-10-03,WTA,Beijing,Bet365,Leylah Fernandez,Kamilla Rakhimova,double_faults,9.5,7.0000,,2026-10-02T14:48:06Z,2026-10-03T05:20:00Z,Team Total (Double Faults) Away,8,"{'hdp': 9.5, 'over': '7.00'}"
75051510,2026-10-03,WTA,Beijing,Bet365,Leylah Fernandez,Kamilla Rakhimova,double_faults,11.5,15.0000,,2026-10-02T14:48:06Z,2026-10-03T05:20:00Z,Team Total (Double Faults) Away,8,"{'hdp': 11.5, 'over': '15.00'}"
75051510,2026-10-03,WTA,Beijing,Bet365,Leylah Fernandez,Kamilla Rakhimova,double_faults,14.5,26.0000,,2026-10-02T14:48:06Z,2026-10-03T05:20:00Z,Team Total (Double Faults) Away,8,"{'hdp': 14.5, 'over': '26.00'}"
75051510,2026-10-03,WTA,Beijing,Bet365,Kamilla Rakhimova,Leylah Fernandez,double_faults,1.5,1.0100,,2026-10-02T14:48:06Z,2026-10-03T05:20:00Z,Team Total (Double Faults) Home,8,"{'hdp': 1.5, 'over': '1.01'}"
75051510,2026-10-03,WTA,Beijing,Bet365,Kamilla Rakhimova,Leylah Fernandez,double_faults,2.5,1.0700,,2026-10-02T14:48:06Z,2026-10-03T05:20:00Z,Team Total (Double Faults) Home,8,"{'hdp': 2.5, 'over': '1.07'}"
75051510,2026-10-03,WTA,Beijing,Bet365,Kamilla Rakhimova,Leylah Fernandez,double_faults,4.5,1.4000,,2026-10-02T14:48:06Z,2026-10-03T05:20:00Z,Team Total (Double Faults) Home,8,"{'hdp': 4.5, 'over': '1.40'}"
75051510,2026-10-03,WTA,Beijing,Bet365,Kamilla Rakhimova,Leylah Fernandez,double_faults,7.5,3.0000,,2026-10-02T14:48:06Z,2026-10-03T05:20:00Z,Team Total (Double Faults) Home,8,"{'hdp': 7.5, 'over': '3.00'}"
75051510,2026-10-03,WTA,Beijing,Bet365,Kamilla Rakhimova,Leylah Fernandez,double_faults,9.5,6.5000,,2026-10-02T14:48:06Z,2026-10-03T05:20:00Z,Team Total (Double Faults) Home,8,"{'hdp': 9.5, 'over': '6.50'}"
75051510,2026-10-03,WTA,Beijing,Bet365,Kamilla Rakhimova,Leylah Fernandez,double_faults,11.5,15.0000,,2026-10-02T14:48:06Z,2026-10-03T05:20:00Z,Team Total (Double Faults) Home,8,"{'hdp': 11.5, 'over': '15.00'}"
75051510,2026-10-03,WTA,Beijing,Bet365,Kamilla Rakhimova,Leylah Fernandez,double_faults,14.5,26.0000,,2026-10-02T14:48:06Z,2026-10-03T05:20:00Z,Team Total (Double Faults) Home,8,"{'hdp': 14.5, 'over': '26.00'}"
75051510,2026-10-03,WTA,Beijing,Bet365,Kamilla Rakhimova,Leylah Fernandez,match_aces,2.5,1.0200,,2026-10-02T14:48:06Z,2026-10-03T05:20:00Z,Totals (Aces),7,"{'hdp': 2.5, 'over': '1.02'}"
75051510,2026-10-03,WTA,Beijing,Bet365,Kamilla Rakhimova,Leylah Fernandez,match_aces,4.5,1.1200,,2026-10-02T14:48:06Z,2026-10-03T05:20:00Z,Totals (Aces),7,"{'hdp': 4.5, 'over': '1.12'}"
75051510,2026-10-03,WTA,Beijing,Bet365,Kamilla Rakhimova,Leylah Fernandez,match_aces,9.5,2.1000,,2026-10-02T14:48:06Z,2026-10-03T05:20:00Z,Totals (Aces),7,"{'hdp': 9.5, 'over': '2.10'}"
75051510,2026-10-03,WTA,Beijing,Bet365,Kamilla Rakhimova,Leylah Fernandez,match_aces,14.5,5.5000,,2026-10-02T14:48:06Z,2026-10-03T05:20:00Z,Totals (Aces),7,"{'hdp': 14.5, 'over': '5.50'}"
75051510,2026-10-03,WTA,Beijing,Bet365,Kamilla Rakhimova,Leylah Fernandez,match_aces,19.5,19.0000,,2026-10-02T14:48:06Z,2026-10-03T05:20:00Z,Totals (Aces),7,"{'hdp': 19.5, 'over': '19.00'}"
75051510,2026-10-03,WTA,Beijing,Bet365,Kamilla Rakhimova,Leylah Fernandez,match_aces,24.5,26.0000,,2026-10-02T14:48:06Z,2026-10-03T05:20:00Z,Totals (Aces),7,"{'hdp': 24.5, 'over': '26.00'}"
75051510,2026-10-03,WTA,Beijing,Bet365,Kamilla Rakhimova,Leylah Fernandez,match_double_faults,4.5,1.0200,,2026-10-02T14:48:06Z,2026-10-03T05:20:00Z,Totals (Double Faults),9,"{'hdp': 4.5, 'over': '1.02'}"
75051510,2026-10-03,WTA,Beijing,Bet365,Kamilla Rakhimova,Leylah Fernandez,match_double_faults,7.5,1.1800,,2026-10-02T14:48:06Z,2026-10-03T05:20:00Z,Totals (Double Faults),9,"{'hdp': 7.5, 'over': '1.18'}"
75051510,2026-10-03,WTA,Beijing,Bet365,Kamilla Rakhimova,Leylah Fernandez,match_double_faults,9.5,1.4400,,2026-10-02T14:48:06Z,2026-10-03T05:20:00Z,Totals (Double Faults),9,"{'hdp': 9.5, 'over': '1.44'}"
75051510,2026-10-03,WTA,Beijing,Bet365,Kamilla Rakhimova,Leylah Fernandez,match_double_faults,11.5,1.9000,,2026-10-02T14:48:06Z,2026-10-03T05:20:00Z,Totals (Double Faults),9,"{'hdp': 11.5, 'over': '1.90'}"
75051510,2026-10-03,WTA,Beijing,Bet365,Kamilla Rakhimova,Leylah Fernandez,match_double_faults,14.5,3.5000,,2026-10-02T14:48:06Z,2026-10-03T05:20:00Z,Totals (Double Faults),9,"{'hdp': 14.5, 'over': '3.50'}"
75051510,2026-10-03,WTA,Beijing,Bet365,Kamilla Rakhimova,Leylah Fernandez,match_double_faults,19.5,13.0000,,2026-10-02T14:48:06Z,2026-10-03T05:20:00Z,Totals (Double Faults),9,"{'hdp': 19.5, 'over': '13.00'}"
75051510,2026-10-03,WTA,Beijing,Bet365,Kamilla Rakhimova,Leylah Fernandez,match_double_faults,24.5,26.0000,,2026-10-02T14:48:06Z,2026-10-03T05:20:00Z,Totals (Double Faults),9,"{'hdp': 24.5, 'over': '26.00'}"
75051510,2026-10-03,WTA,Beijing,Bet365,Leylah Fernandez,Kamilla Rakhimova,aces,0.5,1.0100,,2026-10-02T14:48:06Z,2026-10-03T05:20:00Z,Team Total (Aces) Away,5,"{'hdp': 0.5, 'over': '1.01'}"
75051510,2026-10-03,WTA,Beijing,Bet365,Leylah Fernandez,Kamilla Rakhimova,aces,2.5,1.1800,,2026-10-02T14:48:06Z,2026-10-03T05:20:00Z,Team Total (Aces) Away,5,"{'hdp': 2.5, 'over': '1.18'}"
75051510,2026-10-03,WTA,Beijing,Bet365,Leylah Fernandez,Kamilla Rakhimova,aces,4.5,1.6600,,2026-10-02T14:48:06Z,2026-10-03T05:20:00Z,Team Total (Aces) Away,5,"{'hdp': 4.5, 'over': '1.66'}"
75051510,2026-10-03,WTA,Beijing,Bet365,Leylah Fernandez,Kamilla Rakhimova,aces,9.5,8.0000,,2026-10-02T14:48:06Z,2026-10-03T05:20:00Z,Team Total (Aces) Away,5,"{'hdp': 9.5, 'over': '8.00'}"
75051510,2026-10-03,WTA,Beijing,Bet365,Leylah Fernandez,Kamilla Rakhimova,aces,14.5,26.0000,,2026-10-02T14:48:06Z,2026-10-03T05:20:00Z,Team Total (Aces) Away,5,"{'hdp': 14.5, 'over': '26.00'}"
75051554,2026-10-03,WTA,Beijing,Bet365,Anastasia Zakharova,Belinda Bencic,aces,0.5,1.1200,,2026-10-02T14:48:06Z,2026-10-03T06:10:00Z,Team Total (Aces) Away,4,"{'hdp': 0.5, 'over': '1.12'}"
75051554,2026-10-03,WTA,Beijing,Bet365,Anastasia Zakharova,Belinda Bencic,aces,2.5,2.1000,,2026-10-02T14:48:06Z,2026-10-03T06:10:00Z,Team Total (Aces) Away,4,"{'hdp': 2.5, 'over': '2.10'}"
75051554,2026-10-03,WTA,Beijing,Bet365,Anastasia Zakharova,Belinda Bencic,aces,4.5,5.5000,,2026-10-02T14:48:06Z,2026-10-03T06:10:00Z,Team Total (Aces) Away,4,"{'hdp': 4.5, 'over': '5.50'}"
75051554,2026-10-03,WTA,Beijing,Bet365,Anastasia Zakharova,Belinda Bencic,aces,9.5,26.0000,,2026-10-02T14:48:06Z,2026-10-03T06:10:00Z,Team Total (Aces) Away,4,"{'hdp': 9.5, 'over': '26.00'}"
75051554,2026-10-03,WTA,Beijing,Bet365,Anastasia Zakharova,Belinda Bencic,double_faults,1.5,1.0600,,2026-10-02T14:48:06Z,2026-10-03T06:10:00Z,Team Total (Double Faults) Away,7,"{'hdp': 1.5, 'over': '1.06'}"
75051554,2026-10-03,WTA,Beijing,Bet365,Anastasia Zakharova,Belinda Bencic,double_faults,2.5,1.2000,,2026-10-02T14:48:06Z,2026-10-03T06:10:00Z,Team Total (Double Faults) Away,7,"{'hdp': 2.5, 'over': '1.20'}"
75051554,2026-10-03,WTA,Beijing,Bet365,Anastasia Zakharova,Belinda Bencic,double_faults,4.5,2.0000,,2026-10-02T14:48:06Z,2026-10-03T06:10:00Z,Team Total (Double Faults) Away,7,"{'hdp': 4.5, 'over': '2.00'}"
75051554,2026-10-03,WTA,Beijing,Bet365,Anastasia Zakharova,Belinda Bencic,double_faults,7.5,7.0000,,2026-10-02T14:48:06Z,2026-10-03T06:10:00Z,Team Total (Double Faults) Away,7,"{'hdp': 7.5, 'over': '7.00'}"
75051554,2026-10-03,WTA,Beijing,Bet365,Anastasia Zakharova,Belinda Bencic,double_faults,9.5,19.0000,,2026-10-02T14:48:06Z,2026-10-03T06:10:00Z,Team Total (Double Faults) Away,7,"{'hdp': 9.5, 'over': '19.00'}"
75051554,2026-10-03,WTA,Beijing,Bet365,Anastasia Zakharova,Belinda Bencic,double_faults,11.5,26.0000,,2026-10-02T14:48:06Z,2026-10-03T06:10:00Z,Team Total (Double Faults) Away,7,"{'hdp': 11.5, 'over': '26.00'}"
75051554,2026-10-03,WTA,Beijing,Bet365,Belinda Bencic,Anastasia Zakharova,match_aces,2.5,1.0800,,2026-10-02T14:48:06Z,2026-10-03T06:10:00Z,Totals (Aces),6,"{'hdp': 2.5, 'over': '1.08'}"
75051554,2026-10-03,WTA,Beijing,Bet365,Belinda Bencic,Anastasia Zakharova,match_aces,4.5,1.3600,,2026-10-02T14:48:06Z,2026-10-03T06:10:00Z,Totals (Aces),6,"{'hdp': 4.5, 'over': '1.36'}"
75051554,2026-10-03,WTA,Beijing,Bet365,Belinda Bencic,Anastasia Zakharova,match_aces,9.5,4.3300,,2026-10-02T14:48:06Z,2026-10-03T06:10:00Z,Totals (Aces),6,"{'hdp': 9.5, 'over': '4.33'}"
75051554,2026-10-03,WTA,Beijing,Bet365,Belinda Bencic,Anastasia Zakharova,match_aces,14.5,19.0000,,2026-10-02T14:48:06Z,2026-10-03T06:10:00Z,Totals (Aces),6,"{'hdp': 14.5, 'over': '19.00'}"
75051554,2026-10-03,WTA,Beijing,Bet365,Belinda Bencic,Anastasia Zakharova,match_aces,19.5,26.0000,,2026-10-02T14:48:06Z,2026-10-03T06:10:00Z,Totals (Aces),6,"{'hdp': 19.5, 'over': '26.00'}"
75051554,2026-10-03,WTA,Beijing,Bet365,Belinda Bencic,Anastasia Zakharova,aces,0.5,1.0200,,2026-10-02T14:48:06Z,2026-10-03T06:10:00Z,Team Total (Aces) Home,5,"{'hdp': 0.5, 'over': '1.02'}"
75051554,2026-10-03,WTA,Beijing,Bet365,Belinda Bencic,Anastasia Zakharova,aces,2.5,1.3600,,2026-10-02T14:48:06Z,2026-10-03T06:10:00Z,Team Total (Aces) Home,5,"{'hdp': 2.5, 'over': '1.36'}"
75051554,2026-10-03,WTA,Beijing,Bet365,Belinda Bencic,Anastasia Zakharova,aces,4.5,2.3700,,2026-10-02T14:48:06Z,2026-10-03T06:10:00Z,Team Total (Aces) Home,5,"{'hdp': 4.5, 'over': '2.37'}"
75051554,2026-10-03,WTA,Beijing,Bet365,Belinda Bencic,Anastasia Zakharova,aces,9.5,19.0000,,2026-10-02T14:48:06Z,2026-10-03T06:10:00Z,Team Total (Aces) Home,5,"{'hdp': 9.5, 'over': '19.00'}"
75051554,2026-10-03,WTA,Beijing,Bet365,Belinda Bencic,Anastasia Zakharova,aces,14.5,26.0000,,2026-10-02T14:48:06Z,2026-10-03T06:10:00Z,Team Total (Aces) Home,5,"{'hdp': 14.5, 'over': '26.00'}"
75051554,2026-10-03,WTA,Beijing,Bet365,Belinda Bencic,Anastasia Zakharova,double_faults,0.5,1.0200,,2026-10-02T14:48:06Z,2026-10-03T06:10:00Z,Team Total (Double Faults) Home,8,"{'hdp': 0.5, 'over': '1.02'}"
75051554,2026-10-03,WTA,Beijing,Bet365,Belinda Bencic,Anastasia Zakharova,double_faults,1.5,1.1000,,2026-10-02T14:48:06Z,2026-10-03T06:10:00Z,Team Total (Double Faults) Home,8,"{'hdp': 1.5, 'over': '1.10'}"
75051554,2026-10-03,WTA,Beijing,Bet365,Belinda Bencic,Anastasia Zakharova,double_faults,2.5,1.2800,,2026-10-02T14:48:06Z,2026-10-03T06:10:00Z,Team Total (Double Faults) Home,8,"{'hdp': 2.5, 'over': '1.28'}"
75051554,2026-10-03,WTA,Beijing,Bet365,Belinda Bencic,Anastasia Zakharova,double_faults,4.5,2.0000,,2026-10-02T14:48:06Z,2026-10-03T06:10:00Z,Team Total (Double Faults) Home,8,"{'hdp': 4.5, 'over': '2.00'}"
75051554,2026-10-03,WTA,Beijing,Bet365,Belinda Bencic,Anastasia Zakharova,double_faults,7.5,5.5000,,2026-10-02T14:48:06Z,2026-10-03T06:10:00Z,Team Total (Double Faults) Home,8,"{'hdp': 7.5, 'over': '5.50'}"
75051554,2026-10-03,WTA,Beijing,Bet365,Belinda Bencic,Anastasia Zakharova,double_faults,9.5,11.0000,,2026-10-02T14:48:06Z,2026-10-03T06:10:00Z,Team Total (Double Faults) Home,8,"{'hdp': 9.5, 'over': '11.00'}"
75051554,2026-10-03,WTA,Beijing,Bet365,Belinda Bencic,Anastasia Zakharova,double_faults,11.5,23.0000,,2026-10-02T14:48:06Z,2026-10-03T06:10:00Z,Team Total (Double Faults) Home,8,"{'hdp': 11.5, 'over': '23.00'}"
75051554,2026-10-03,WTA,Beijing,Bet365,Belinda Bencic,Anastasia Zakharova,double_faults,14.5,26.0000,,2026-10-02T14:48:06Z,2026-10-03T06:10:00Z,Team Total (Double Faults) Home,8,"{'hdp': 14.5, 'over': '26.00'}"
75051554,2026-10-03,WTA,Beijing,Bet365,Belinda Bencic,Anastasia Zakharova,match_double_faults,2.5,1.0100,,2026-10-02T14:48:06Z,2026-10-03T06:10:00Z,Totals (Double Faults),8,"{'hdp': 2.5, 'over': '1.01'}"
75051554,2026-10-03,WTA,Beijing,Bet365,Belinda Bencic,Anastasia Zakharova,match_double_faults,4.5,1.0800,,2026-10-02T14:48:06Z,2026-10-03T06:10:00Z,Totals (Double Faults),8,"{'hdp': 4.5, 'over': '1.08'}"
75051554,2026-10-03,WTA,Beijing,Bet365,Belinda Bencic,Anastasia Zakharova,match_double_faults,7.5,1.5000,,2026-10-02T14:48:06Z,2026-10-03T06:10:00Z,Totals (Double Faults),8,"{'hdp': 7.5, 'over': '1.50'}"
75051554,2026-10-03,WTA,Beijing,Bet365,Belinda Bencic,Anastasia Zakharova,match_double_faults,9.5,2.1000,,2026-10-02T14:48:06Z,2026-10-03T06:10:00Z,Totals (Double Faults),8,"{'hdp': 9.5, 'over': '2.10'}"
75051554,2026-10-03,WTA,Beijing,Bet365,Belinda Bencic,Anastasia Zakharova,match_double_faults,11.5,3.4000,,2026-10-02T14:48:06Z,2026-10-03T06:10:00Z,Totals (Double Faults),8,"{'hdp': 11.5, 'over': '3.40'}"
75051554,2026-10-03,WTA,Beijing,Bet365,Belinda Bencic,Anastasia Zakharova,match_double_faults,14.5,8.0000,,2026-10-02T14:48:06Z,2026-10-03T06:10:00Z,Totals (Double Faults),8,"{'hdp': 14.5, 'over': '8.00'}"
75051554,2026-10-03,WTA,Beijing,Bet365,Belinda Bencic,Anastasia Zakharova,match_double_faults,19.5,26.0000,,2026-10-02T14:48:06Z,2026-10-03T06:10:00Z,Totals (Double Faults),8,"{'hdp': 19.5, 'over': '26.00'}"
75051536,2026-10-03,WTA,Beijing,Bet365,Marie Bouzkova,Kimberly Birrell,aces,0.5,1.0100,,2026-10-02T14:48:06Z,2026-10-03T06:30:00Z,Team Total (Aces) Home,5,"{'hdp': 0.5, 'over': '1.01'}"
75051536,2026-10-03,WTA,Beijing,Bet365,Marie Bouzkova,Kimberly Birrell,aces,2.5,1.2200,,2026-10-02T14:48:06Z,2026-10-03T06:30:00Z,Team Total (Aces) Home,5,"{'hdp': 2.5, 'over': '1.22'}"
75051536,2026-10-03,WTA,Beijing,Bet365,Marie Bouzkova,Kimberly Birrell,aces,4.5,1.8300,,2026-10-02T14:48:06Z,2026-10-03T06:30:00Z,Team Total (Aces) Home,5,"{'hdp': 4.5, 'over': '1.83'}"
75051536,2026-10-03,WTA,Beijing,Bet365,Marie Bouzkova,Kimberly Birrell,aces,9.5,10.0000,,2026-10-02T14:48:06Z,2026-10-03T06:30:00Z,Team Total (Aces) Home,5,"{'hdp': 9.5, 'over': '10.00'}"
75051536,2026-10-03,WTA,Beijing,Bet365,Marie Bouzkova,Kimberly Birrell,aces,14.5,26.0000,,2026-10-02T14:48:06Z,2026-10-03T06:30:00Z,Team Total (Aces) Home,5,"{'hdp': 14.5, 'over': '26.00'}"
75051536,2026-10-03,WTA,Beijing,Bet365,Kimberly Birrell,Marie Bouzkova,double_faults,1.5,1.0600,,2026-10-02T14:48:06Z,2026-10-03T06:30:00Z,Team Total (Double Faults) Away,7,"{'hdp': 1.5, 'over': '1.06'}"
75051536,2026-10-03,WTA,Beijing,Bet365,Kimberly Birrell,Marie Bouzkova,double_faults,2.5,1.2000,,2026-10-02T14:48:06Z,2026-10-03T06:30:00Z,Team Total (Double Faults) Away,7,"{'hdp': 2.5, 'over': '1.20'}"
75051536,2026-10-03,WTA,Beijing,Bet365,Kimberly Birrell,Marie Bouzkova,double_faults,4.5,1.8300,,2026-10-02T14:48:06Z,2026-10-03T06:30:00Z,Team Total (Double Faults) Away,7,"{'hdp': 4.5, 'over': '1.83'}"
75051536,2026-10-03,WTA,Beijing,Bet365,Kimberly Birrell,Marie Bouzkova,double_faults,7.5,6.0000,,2026-10-02T14:48:06Z,2026-10-03T06:30:00Z,Team Total (Double Faults) Away,7,"{'hdp': 7.5, 'over': '6.00'}"
75051536,2026-10-03,WTA,Beijing,Bet365,Kimberly Birrell,Marie Bouzkova,double_faults,9.5,15.0000,,2026-10-02T14:48:06Z,2026-10-03T06:30:00Z,Team Total (Double Faults) Away,7,"{'hdp': 9.5, 'over': '15.00'}"
75051536,2026-10-03,WTA,Beijing,Bet365,Kimberly Birrell,Marie Bouzkova,double_faults,11.5,26.0000,,2026-10-02T14:48:06Z,2026-10-03T06:30:00Z,Team Total (Double Faults) Away,7,"{'hdp': 11.5, 'over': '26.00'}"
75051536,2026-10-03,WTA,Beijing,Bet365,Marie Bouzkova,Kimberly Birrell,double_faults,0.5,1.0100,,2026-10-02T14:48:06Z,2026-10-03T06:30:00Z,Team Total (Double Faults) Home,7,"{'hdp': 0.5, 'over': '1.01'}"
75051536,2026-10-03,WTA,Beijing,Bet365,Marie Bouzkova,Kimberly Birrell,double_faults,1.5,1.0800,,2026-10-02T14:48:06Z,2026-10-03T06:30:00Z,Team Total (Double Faults) Home,7,"{'hdp': 1.5, 'over': '1.08'}"
75051536,2026-10-03,WTA,Beijing,Bet365,Marie Bouzkova,Kimberly Birrell,double_faults,2.5,1.2500,,2026-10-02T14:48:06Z,2026-10-03T06:30:00Z,Team Total (Double Faults) Home,7,"{'hdp': 2.5, 'over': '1.25'}"
75051536,2026-10-03,WTA,Beijing,Bet365,Marie Bouzkova,Kimberly Birrell,double_faults,4.5,2.0000,,2026-10-02T14:48:06Z,2026-10-03T06:30:00Z,Team Total (Double Faults) Home,7,"{'hdp': 4.5, 'over': '2.00'}"
75051536,2026-10-03,WTA,Beijing,Bet365,Marie Bouzkova,Kimberly Birrell,double_faults,7.5,5.5000,,2026-10-02T14:48:06Z,2026-10-03T06:30:00Z,Team Total (Double Faults) Home,7,"{'hdp': 7.5, 'over': '5.50'}"
75051536,2026-10-03,WTA,Beijing,Bet365,Marie Bouzkova,Kimberly Birrell,double_faults,9.5,13.0000,,2026-10-02T14:48:06Z,2026-10-03T06:30:00Z,Team Total (Double Faults) Home,7,"{'hdp': 9.5, 'over': '13.00'}"
75051536,2026-10-03,WTA,Beijing,Bet365,Marie Bouzkova,Kimberly Birrell,double_faults,11.5,26.0000,,2026-10-02T14:48:06Z,2026-10-03T06:30:00Z,Team Total (Double Faults) Home,7,"{'hdp': 11.5, 'over': '26.00'}"
75051536,2026-10-03,WTA,Beijing,Bet365,Kimberly Birrell,Marie Bouzkova,aces,0.5,1.1100,,2026-10-02T14:48:06Z,2026-10-03T06:30:00Z,Team Total (Aces) Away,4,"{'hdp': 0.5, 'over': '1.11'}"
75051536,2026-10-03,WTA,Beijing,Bet365,Kimberly Birrell,Marie Bouzkova,aces,2.5,2.0000,,2026-10-02T14:48:06Z,2026-10-03T06:30:00Z,Team Total (Aces) Away,4,"{'hdp': 2.5, 'over': '2.00'}"
75051536,2026-10-03,WTA,Beijing,Bet365,Kimberly Birrell,Marie Bouzkova,aces,4.5,5.5000,,2026-10-02T14:48:06Z,2026-10-03T06:30:00Z,Team Total (Aces) Away,4,"{'hdp': 4.5, 'over': '5.50'}"
75051536,2026-10-03,WTA,Beijing,Bet365,Kimberly Birrell,Marie Bouzkova,aces,9.5,26.0000,,2026-10-02T14:48:06Z,2026-10-03T06:30:00Z,Team Total (Aces) Away,4,"{'hdp': 9.5, 'over': '26.00'}"
75051536,2026-10-03,WTA,Beijing,Bet365,Marie Bouzkova,Kimberly Birrell,match_aces,2.5,1.0600,,2026-10-02T14:48:06Z,2026-10-03T06:30:00Z,Totals (Aces),6,"{'hdp': 2.5, 'over': '1.06'}"
75051536,2026-10-03,WTA,Beijing,Bet365,Marie Bouzkova,Kimberly Birrell,match_aces,4.5,1.2500,,2026-10-02T14:48:06Z,2026-10-03T06:30:00Z,Totals (Aces),6,"{'hdp': 4.5, 'over': '1.25'}"
75051536,2026-10-03,WTA,Beijing,Bet365,Marie Bouzkova,Kimberly Birrell,match_aces,9.5,3.4000,,2026-10-02T14:48:06Z,2026-10-03T06:30:00Z,Totals (Aces),6,"{'hdp': 9.5, 'over': '3.40'}"
75051536,2026-10-03,WTA,Beijing,Bet365,Marie Bouzkova,Kimberly Birrell,match_aces,14.5,13.0000,,2026-10-02T14:48:06Z,2026-10-03T06:30:00Z,Totals (Aces),6,"{'hdp': 14.5, 'over': '13.00'}"
75051536,2026-10-03,WTA,Beijing,Bet365,Marie Bouzkova,Kimberly Birrell,match_aces,19.5,26.0000,,2026-10-02T14:48:06Z,2026-10-03T06:30:00Z,Totals (Aces),6,"{'hdp': 19.5, 'over': '26.00'}"
75051536,2026-10-03,WTA,Beijing,Bet365,Marie Bouzkova,Kimberly Birrell,match_double_faults,4.5,1.0700,,2026-10-02T14:48:06Z,2026-10-03T06:30:00Z,Totals (Double Faults),8,"{'hdp': 4.5, 'over': '1.07'}"
75051536,2026-10-03,WTA,Beijing,Bet365,Marie Bouzkova,Kimberly Birrell,match_double_faults,7.5,1.4400,,2026-10-02T14:48:06Z,2026-10-03T06:30:00Z,Totals (Double Faults),8,"{'hdp': 7.5, 'over': '1.44'}"
75051536,2026-10-03,WTA,Beijing,Bet365,Marie Bouzkova,Kimberly Birrell,match_double_faults,9.5,2.0000,,2026-10-02T14:48:06Z,2026-10-03T06:30:00Z,Totals (Double Faults),8,"{'hdp': 9.5, 'over': '2.00'}"
75051536,2026-10-03,WTA,Beijing,Bet365,Marie Bouzkova,Kimberly Birrell,match_double_faults,11.5,3.4000,,2026-10-02T14:48:06Z,2026-10-03T06:30:00Z,Totals (Double Faults),8,"{'hdp': 11.5, 'over': '3.40'}"
75051536,2026-10-03,WTA,Beijing,Bet365,Marie Bouzkova,Kimberly Birrell,match_double_faults,14.5,8.0000,,2026-10-02T14:48:06Z,2026-10-03T06:30:00Z,Totals (Double Faults),8,"{'hdp': 14.5, 'over': '8.00'}"
75051536,2026-10-03,WTA,Beijing,Bet365,Marie Bouzkova,Kimberly Birrell,match_double_faults,19.5,26.0000,,2026-10-02T14:48:06Z,2026-10-03T06:30:00Z,Totals (Double Faults),8,"{'hdp': 19.5, 'over': '26.00'}"
75051230,2026-10-03,ATP,Tokyo,Bet365,Matteo Berrettini,Adolfo Daniel Vallejo,match_aces,4.5,1.0100,,2026-10-02T14:48:06Z,2026-10-03T07:00:00Z,Totals (Aces),8,"{'hdp': 4.5, 'over': '1.01'}"
75051230,2026-10-03,ATP,Tokyo,Bet365,Matteo Berrettini,Adolfo Daniel Vallejo,match_aces,9.5,1.1600,,2026-10-02T14:48:06Z,2026-10-03T07:00:00Z,Totals (Aces),8,"{'hdp': 9.5, 'over': '1.16'}"
75051230,2026-10-03,ATP,Tokyo,Bet365,Matteo Berrettini,Adolfo Daniel Vallejo,match_aces,14.5,1.6600,,2026-10-02T14:48:06Z,2026-10-03T07:00:00Z,Totals (Aces),8,"{'hdp': 14.5, 'over': '1.66'}"
75051230,2026-10-03,ATP,Tokyo,Bet365,Matteo Berrettini,Adolfo Daniel Vallejo,match_aces,19.5,2.7500,,2026-10-02T14:48:06Z,2026-10-03T07:00:00Z,Totals (Aces),8,"{'hdp': 19.5, 'over': '2.75'}"
75051230,2026-10-03,ATP,Tokyo,Bet365,Matteo Berrettini,Adolfo Daniel Vallejo,match_aces,24.5,5.5000,,2026-10-02T14:48:06Z,2026-10-03T07:00:00Z,Totals (Aces),8,"{'hdp': 24.5, 'over': '5.50'}"
75051230,2026-10-03,ATP,Tokyo,Bet365,Matteo Berrettini,Adolfo Daniel Vallejo,match_aces,29.5,11.0000,,2026-10-02T14:48:06Z,2026-10-03T07:00:00Z,Totals (Aces),8,"{'hdp': 29.5, 'over': '11.00'}"
75051230,2026-10-03,ATP,Tokyo,Bet365,Matteo Berrettini,Adolfo Daniel Vallejo,match_aces,39.5,26.0000,,2026-10-02T14:48:06Z,2026-10-03T07:00:00Z,Totals (Aces),8,"{'hdp': 39.5, 'over': '26.00'}"
75051230,2026-10-03,ATP,Tokyo,Bet365,Matteo Berrettini,Adolfo Daniel Vallejo,aces,2.5,1.0200,,2026-10-02T14:48:06Z,2026-10-03T07:00:00Z,Team Total (Aces) Home,7,"{'hdp': 2.5, 'over': '1.02'}"
75051230,2026-10-03,ATP,Tokyo,Bet365,Matteo Berrettini,Adolfo Daniel Vallejo,aces,4.5,1.1200,,2026-10-02T14:48:06Z,2026-10-03T07:00:00Z,Team Total (Aces) Home,7,"{'hdp': 4.5, 'over': '1.12'}"
75051230,2026-10-03,ATP,Tokyo,Bet365,Matteo Berrettini,Adolfo Daniel Vallejo,aces,9.5,1.8300,,2026-10-02T14:48:06Z,2026-10-03T07:00:00Z,Team Total (Aces) Home,7,"{'hdp': 9.5, 'over': '1.83'}"
75051230,2026-10-03,ATP,Tokyo,Bet365,Matteo Berrettini,Adolfo Daniel Vallejo,aces,14.5,4.0000,,2026-10-02T14:48:06Z,2026-10-03T07:00:00Z,Team Total (Aces) Home,7,"{'hdp': 14.5, 'over': '4.00'}"
75051230,2026-10-03,ATP,Tokyo,Bet365,Matteo Berrettini,Adolfo Daniel Vallejo,aces,19.5,11.0000,,2026-10-02T14:48:06Z,2026-10-03T07:00:00Z,Team Total (Aces) Home,7,"{'hdp': 19.5, 'over': '11.00'}"
75051230,2026-10-03,ATP,Tokyo,Bet365,Matteo Berrettini,Adolfo Daniel Vallejo,aces,24.5,26.0000,,2026-10-02T14:48:06Z,2026-10-03T07:00:00Z,Team Total (Aces) Home,7,"{'hdp': 24.5, 'over': '26.00'}"
75051230,2026-10-03,ATP,Tokyo,Bet365,Adolfo Daniel Vallejo,Matteo Berrettini,double_faults,0.5,1.0400,,2026-10-02T14:48:06Z,2026-10-03T07:00:00Z,Team Total (Double Faults) Away,6,"{'hdp': 0.5, 'over': '1.04'}"
75051230,2026-10-03,ATP,Tokyo,Bet365,Adolfo Daniel Vallejo,Matteo Berrettini,double_faults,1.5,1.2000,,2026-10-02T14:48:06Z,2026-10-03T07:00:00Z,Team Total (Double Faults) Away,6,"{'hdp': 1.5, 'over': '1.20'}"
75051230,2026-10-03,ATP,Tokyo,Bet365,Adolfo Daniel Vallejo,Matteo Berrettini,double_faults,2.5,1.5700,,2026-10-02T14:48:06Z,2026-10-03T07:00:00Z,Team Total (Double Faults) Away,6,"{'hdp': 2.5, 'over': '1.57'}"
75051230,2026-10-03,ATP,Tokyo,Bet365,Adolfo Daniel Vallejo,Matteo Berrettini,double_faults,4.5,3.5000,,2026-10-02T14:48:06Z,2026-10-03T07:00:00Z,Team Total (Double Faults) Away,6,"{'hdp': 4.5, 'over': '3.50'}"
75051230,2026-10-03,ATP,Tokyo,Bet365,Adolfo Daniel Vallejo,Matteo Berrettini,double_faults,7.5,19.0000,,2026-10-02T14:48:06Z,2026-10-03T07:00:00Z,Team Total (Double Faults) Away,6,"{'hdp': 7.5, 'over': '19.00'}"
75051230,2026-10-03,ATP,Tokyo,Bet365,Adolfo Daniel Vallejo,Matteo Berrettini,double_faults,9.5,26.0000,,2026-10-02T14:48:06Z,2026-10-03T07:00:00Z,Team Total (Double Faults) Away,6,"{'hdp': 9.5, 'over': '26.00'}"
75051230,2026-10-03,ATP,Tokyo,Bet365,Matteo Berrettini,Adolfo Daniel Vallejo,match_double_faults,1.5,1.0200,,2026-10-02T14:48:06Z,2026-10-03T07:00:00Z,Totals (Double Faults),8,"{'hdp': 1.5, 'over': '1.02'}"
75051230,2026-10-03,ATP,Tokyo,Bet365,Matteo Berrettini,Adolfo Daniel Vallejo,match_double_faults,2.5,1.1000,,2026-10-02T14:48:06Z,2026-10-03T07:00:00Z,Totals (Double Faults),8,"{'hdp': 2.5, 'over': '1.10'}"
75051230,2026-10-03,ATP,Tokyo,Bet365,Matteo Berrettini,Adolfo Daniel Vallejo,match_double_faults,4.5,1.5300,,2026-10-02T14:48:06Z,2026-10-03T07:00:00Z,Totals (Double Faults),8,"{'hdp': 4.5, 'over': '1.53'}"
75051230,2026-10-03,ATP,Tokyo,Bet365,Matteo Berrettini,Adolfo Daniel Vallejo,match_double_faults,7.5,4.0000,,2026-10-02T14:48:06Z,2026-10-03T07:00:00Z,Totals (Double Faults),8,"{'hdp': 7.5, 'over': '4.00'}"
75051230,2026-10-03,ATP,Tokyo,Bet365,Matteo Berrettini,Adolfo Daniel Vallejo,match_double_faults,9.5,10.0000,,2026-10-02T14:48:06Z,2026-10-03T07:00:00Z,Totals (Double Faults),8,"{'hdp': 9.5, 'over': '10.00'}"
75051230,2026-10-03,ATP,Tokyo,Bet365,Matteo Berrettini,Adolfo Daniel Vallejo,match_double_faults,11.5,23.0000,,2026-10-02T14:48:06Z,2026-10-03T07:00:00Z,Totals (Double Faults),8,"{'hdp': 11.5, 'over': '23.00'}"
75051230,2026-10-03,ATP,Tokyo,Bet365,Matteo Berrettini,Adolfo Daniel Vallejo,match_double_faults,14.5,26.0000,,2026-10-02T14:48:06Z,2026-10-03T07:00:00Z,Totals (Double Faults),8,"{'hdp': 14.5, 'over': '26.00'}"
75051230,2026-10-03,ATP,Tokyo,Bet365,Adolfo Daniel Vallejo,Matteo Berrettini,aces,2.5,1.1200,,2026-10-02T14:48:06Z,2026-10-03T07:00:00Z,Team Total (Aces) Away,6,"{'hdp': 2.5, 'over': '1.12'}"
75051230,2026-10-03,ATP,Tokyo,Bet365,Adolfo Daniel Vallejo,Matteo Berrettini,aces,4.5,1.4400,,2026-10-02T14:48:06Z,2026-10-03T07:00:00Z,Team Total (Aces) Away,6,"{'hdp': 4.5, 'over': '1.44'}"
75051230,2026-10-03,ATP,Tokyo,Bet365,Adolfo Daniel Vallejo,Matteo Berrettini,aces,9.5,4.5000,,2026-10-02T14:48:06Z,2026-10-03T07:00:00Z,Team Total (Aces) Away,6,"{'hdp': 9.5, 'over': '4.50'}"
75051230,2026-10-03,ATP,Tokyo,Bet365,Adolfo Daniel Vallejo,Matteo Berrettini,aces,14.5,19.0000,,2026-10-02T14:48:06Z,2026-10-03T07:00:00Z,Team Total (Aces) Away,6,"{'hdp': 14.5, 'over': '19.00'}"
75051230,2026-10-03,ATP,Tokyo,Bet365,Adolfo Daniel Vallejo,Matteo Berrettini,aces,19.5,26.0000,,2026-10-02T14:48:06Z,2026-10-03T07:00:00Z,Team Total (Aces) Away,6,"{'hdp': 19.5, 'over': '26.00'}"
75051230,2026-10-03,ATP,Tokyo,Bet365,Matteo Berrettini,Adolfo Daniel Vallejo,double_faults,0.5,1.1100,,2026-10-02T14:48:06Z,2026-10-03T07:00:00Z,Team Total (Double Faults) Home,5,"{'hdp': 0.5, 'over': '1.11'}"
75051230,2026-10-03,ATP,Tokyo,Bet365,Matteo Berrettini,Adolfo Daniel Vallejo,double_faults,1.5,1.5000,,2026-10-02T14:48:06Z,2026-10-03T07:00:00Z,Team Total (Double Faults) Home,5,"{'hdp': 1.5, 'over': '1.50'}"
75051230,2026-10-03,ATP,Tokyo,Bet365,Matteo Berrettini,Adolfo Daniel Vallejo,double_faults,2.5,2.3700,,2026-10-02T14:48:06Z,2026-10-03T07:00:00Z,Team Total (Double Faults) Home,5,"{'hdp': 2.5, 'over': '2.37'}"
75051230,2026-10-03,ATP,Tokyo,Bet365,Matteo Berrettini,Adolfo Daniel Vallejo,double_faults,4.5,8.0000,,2026-10-02T14:48:06Z,2026-10-03T07:00:00Z,Team Total (Double Faults) Home,5,"{'hdp': 4.5, 'over': '8.00'}"
75051230,2026-10-03,ATP,Tokyo,Bet365,Matteo Berrettini,Adolfo Daniel Vallejo,double_faults,7.5,26.0000,,2026-10-02T14:48:06Z,2026-10-03T07:00:00Z,Team Total (Double Faults) Home,5,"{'hdp': 7.5, 'over': '26.00'}"
75051228,2026-10-03,ATP,Tokyo,Bet365,Jiri Lehecka,Ugo Humbert,double_faults,0.5,1.2200,,2026-10-02T14:48:06Z,2026-10-03T08:10:00Z,Team Total (Double Faults) Away,5,"{'hdp': 0.5, 'over': '1.22'}"
75051228,2026-10-03,ATP,Tokyo,Bet365,Jiri Lehecka,Ugo Humbert,double_faults,1.5,1.9000,,2026-10-02T14:48:06Z,2026-10-03T08:10:00Z,Team Total (Double Faults) Away,5,"{'hdp': 1.5, 'over': '1.90'}"
75051228,2026-10-03,ATP,Tokyo,Bet365,Jiri Lehecka,Ugo Humbert,double_faults,2.5,3.7500,,2026-10-02T14:48:06Z,2026-10-03T08:10:00Z,Team Total (Double Faults) Away,5,"{'hdp': 2.5, 'over': '3.75'}"
75051228,2026-10-03,ATP,Tokyo,Bet365,Jiri Lehecka,Ugo Humbert,double_faults,4.5,17.0000,,2026-10-02T14:48:06Z,2026-10-03T08:10:00Z,Team Total (Double Faults) Away,5,"{'hdp': 4.5, 'over': '17.00'}"
75051228,2026-10-03,ATP,Tokyo,Bet365,Jiri Lehecka,Ugo Humbert,double_faults,7.5,26.0000,,2026-10-02T14:48:06Z,2026-10-03T08:10:00Z,Team Total (Double Faults) Away,5,"{'hdp': 7.5, 'over': '26.00'}"
75051228,2026-10-03,ATP,Tokyo,Bet365,Jiri Lehecka,Ugo Humbert,aces,2.5,1.0400,,2026-10-02T14:48:06Z,2026-10-03T08:10:00Z,Team Total (Aces) Away,7,"{'hdp': 2.5, 'over': '1.04'}"
75051228,2026-10-03,ATP,Tokyo,Bet365,Jiri Lehecka,Ugo Humbert,aces,4.5,1.1600,,2026-10-02T14:48:06Z,2026-10-03T08:10:00Z,Team Total (Aces) Away,7,"{'hdp': 4.5, 'over': '1.16'}"
75051228,2026-10-03,ATP,Tokyo,Bet365,Jiri Lehecka,Ugo Humbert,aces,9.5,2.1000,,2026-10-02T14:48:06Z,2026-10-03T08:10:00Z,Team Total (Aces) Away,7,"{'hdp': 9.5, 'over': '2.10'}"
75051228,2026-10-03,ATP,Tokyo,Bet365,Jiri Lehecka,Ugo Humbert,aces,14.5,5.5000,,2026-10-02T14:48:06Z,2026-10-03T08:10:00Z,Team Total (Aces) Away,7,"{'hdp': 14.5, 'over': '5.50'}"
75051228,2026-10-03,ATP,Tokyo,Bet365,Jiri Lehecka,Ugo Humbert,aces,19.5,15.0000,,2026-10-02T14:48:06Z,2026-10-03T08:10:00Z,Team Total (Aces) Away,7,"{'hdp': 19.5, 'over': '15.00'}"
75051228,2026-10-03,ATP,Tokyo,Bet365,Jiri Lehecka,Ugo Humbert,aces,24.5,26.0000,,2026-10-02T14:48:06Z,2026-10-03T08:10:00Z,Team Total (Aces) Away,7,"{'hdp': 24.5, 'over': '26.00'}"
75051228,2026-10-03,ATP,Tokyo,Bet365,Ugo Humbert,Jiri Lehecka,aces,2.5,1.0600,,2026-10-02T14:48:06Z,2026-10-03T08:10:00Z,Team Total (Aces) Home,7,"{'hdp': 2.5, 'over': '1.06'}"
75051228,2026-10-03,ATP,Tokyo,Bet365,Ugo Humbert,Jiri Lehecka,aces,4.5,1.2500,,2026-10-02T14:48:06Z,2026-10-03T08:10:00Z,Team Total (Aces) Home,7,"{'hdp': 4.5, 'over': '1.25'}"
75051228,2026-10-03,ATP,Tokyo,Bet365,Ugo Humbert,Jiri Lehecka,aces,9.5,2.6200,,2026-10-02T14:48:06Z,2026-10-03T08:10:00Z,Team Total (Aces) Home,7,"{'hdp': 9.5, 'over': '2.62'}"
75051228,2026-10-03,ATP,Tokyo,Bet365,Ugo Humbert,Jiri Lehecka,aces,14.5,8.0000,,2026-10-02T14:48:06Z,2026-10-03T08:10:00Z,Team Total (Aces) Home,7,"{'hdp': 14.5, 'over': '8.00'}"
75051228,2026-10-03,ATP,Tokyo,Bet365,Ugo Humbert,Jiri Lehecka,aces,19.5,23.0000,,2026-10-02T14:48:06Z,2026-10-03T08:10:00Z,Team Total (Aces) Home,7,"{'hdp': 19.5, 'over': '23.00'}"
75051228,2026-10-03,ATP,Tokyo,Bet365,Ugo Humbert,Jiri Lehecka,aces,24.5,26.0000,,2026-10-02T14:48:06Z,2026-10-03T08:10:00Z,Team Total (Aces) Home,7,"{'hdp': 24.5, 'over': '26.00'}"
75051228,2026-10-03,ATP,Tokyo,Bet365,Ugo Humbert,Jiri Lehecka,double_faults,0.5,1.0200,,2026-10-02T14:48:06Z,2026-10-03T08:10:00Z,Team Total (Double Faults) Home,6,"{'hdp': 0.5, 'over': '1.02'}"
75051228,2026-10-03,ATP,Tokyo,Bet365,Ugo Humbert,Jiri Lehecka,double_faults,1.5,1.1600,,2026-10-02T14:48:06Z,2026-10-03T08:10:00Z,Team Total (Double Faults) Home,6,"{'hdp': 1.5, 'over': '1.16'}"
75051228,2026-10-03,ATP,Tokyo,Bet365,Ugo Humbert,Jiri Lehecka,double_faults,2.5,1.4400,,2026-10-02T14:48:06Z,2026-10-03T08:10:00Z,Team Total (Double Faults) Home,6,"{'hdp': 2.5, 'over': '1.44'}"
75051228,2026-10-03,ATP,Tokyo,Bet365,Ugo Humbert,Jiri Lehecka,double_faults,4.5,3.2500,,2026-10-02T14:48:06Z,2026-10-03T08:10:00Z,Team Total (Double Faults) Home,6,"{'hdp': 4.5, 'over': '3.25'}"
75051228,2026-10-03,ATP,Tokyo,Bet365,Ugo Humbert,Jiri Lehecka,double_faults,7.5,17.0000,,2026-10-02T14:48:06Z,2026-10-03T08:10:00Z,Team Total (Double Faults) Home,6,"{'hdp': 7.5, 'over': '17.00'}"
75051228,2026-10-03,ATP,Tokyo,Bet365,Ugo Humbert,Jiri Lehecka,double_faults,9.5,26.0000,,2026-10-02T14:48:06Z,2026-10-03T08:10:00Z,Team Total (Double Faults) Home,6,"{'hdp': 9.5, 'over': '26.00'}"
75051228,2026-10-03,ATP,Tokyo,Bet365,Ugo Humbert,Jiri Lehecka,match_aces,9.5,1.1200,,2026-10-02T14:48:06Z,2026-10-03T08:10:00Z,Totals (Aces),8,"{'hdp': 9.5, 'over': '1.12'}"
75051228,2026-10-03,ATP,Tokyo,Bet365,Ugo Humbert,Jiri Lehecka,match_aces,14.5,1.5300,,2026-10-02T14:48:06Z,2026-10-03T08:10:00Z,Totals (Aces),8,"{'hdp': 14.5, 'over': '1.53'}"
75051228,2026-10-03,ATP,Tokyo,Bet365,Ugo Humbert,Jiri Lehecka,match_aces,19.5,2.5000,,2026-10-02T14:48:06Z,2026-10-03T08:10:00Z,Totals (Aces),8,"{'hdp': 19.5, 'over': '2.50'}"
75051228,2026-10-03,ATP,Tokyo,Bet365,Ugo Humbert,Jiri Lehecka,match_aces,24.5,4.5000,,2026-10-02T14:48:06Z,2026-10-03T08:10:00Z,Totals (Aces),8,"{'hdp': 24.5, 'over': '4.50'}"
75051228,2026-10-03,ATP,Tokyo,Bet365,Ugo Humbert,Jiri Lehecka,match_aces,29.5,9.0000,,2026-10-02T14:48:06Z,2026-10-03T08:10:00Z,Totals (Aces),8,"{'hdp': 29.5, 'over': '9.00'}"
75051228,2026-10-03,ATP,Tokyo,Bet365,Ugo Humbert,Jiri Lehecka,match_aces,39.5,26.0000,,2026-10-02T14:48:06Z,2026-10-03T08:10:00Z,Totals (Aces),8,"{'hdp': 39.5, 'over': '26.00'}"
75051228,2026-10-03,ATP,Tokyo,Bet365,Ugo Humbert,Jiri Lehecka,match_double_faults,1.5,1.0300,,2026-10-02T14:48:06Z,2026-10-03T08:10:00Z,Totals (Double Faults),7,"{'hdp': 1.5, 'over': '1.03'}"
75051228,2026-10-03,ATP,Tokyo,Bet365,Ugo Humbert,Jiri Lehecka,match_double_faults,2.5,1.1200,,2026-10-02T14:48:06Z,2026-10-03T08:10:00Z,Totals (Double Faults),7,"{'hdp': 2.5, 'over': '1.12'}"
75051228,2026-10-03,ATP,Tokyo,Bet365,Ugo Humbert,Jiri Lehecka,match_double_faults,4.5,1.6600,,2026-10-02T14:48:06Z,2026-10-03T08:10:00Z,Totals (Double Faults),7,"{'hdp': 4.5, 'over': '1.66'}"
75051228,2026-10-03,ATP,Tokyo,Bet365,Ugo Humbert,Jiri Lehecka,match_double_faults,7.5,5.0000,,2026-10-02T14:48:06Z,2026-10-03T08:10:00Z,Totals (Double Faults),7,"{'hdp': 7.5, 'over': '5.00'}"
75051228,2026-10-03,ATP,Tokyo,Bet365,Ugo Humbert,Jiri Lehecka,match_double_faults,9.5,13.0000,,2026-10-02T14:48:06Z,2026-10-03T08:10:00Z,Totals (Double Faults),7,"{'hdp': 9.5, 'over': '13.00'}"
75051228,2026-10-03,ATP,Tokyo,Bet365,Ugo Humbert,Jiri Lehecka,match_double_faults,11.5,26.0000,,2026-10-02T14:48:06Z,2026-10-03T08:10:00Z,Totals (Double Faults),7,"{'hdp': 11.5, 'over': '26.00'}"
75051538,2026-10-03,WTA,Beijing,Bet365,Anna Kalinskaya,Qinwen Zheng,aces,0.5,1.0400,,2026-10-02T14:48:06Z,2026-10-03T06:10:00Z,Team Total (Aces) Away,5,"{'hdp': 0.5, 'over': '1.04'}"
75051538,2026-10-03,WTA,Beijing,Bet365,Anna Kalinskaya,Qinwen Zheng,aces,2.5,1.4400,,2026-10-02T14:48:06Z,2026-10-03T06:10:00Z,Team Total (Aces) Away,5,"{'hdp': 2.5, 'over': '1.44'}"
75051538,2026-10-03,WTA,Beijing,Bet365,Anna Kalinskaya,Qinwen Zheng,aces,4.5,2.6200,,2026-10-02T14:48:06Z,2026-10-03T06:10:00Z,Team Total (Aces) Away,5,"{'hdp': 4.5, 'over': '2.62'}"
75051538,2026-10-03,WTA,Beijing,Bet365,Anna Kalinskaya,Qinwen Zheng,aces,9.5,19.0000,,2026-10-02T14:48:06Z,2026-10-03T06:10:00Z,Team Total (Aces) Away,5,"{'hdp': 9.5, 'over': '19.00'}"
75051538,2026-10-03,WTA,Beijing,Bet365,Anna Kalinskaya,Qinwen Zheng,aces,14.5,26.0000,,2026-10-02T14:48:06Z,2026-10-03T06:10:00Z,Team Total (Aces) Away,5,"{'hdp': 14.5, 'over': '26.00'}"
75051538,2026-10-03,WTA,Beijing,Bet365,Qinwen Zheng,Anna Kalinskaya,aces,2.5,1.0600,,2026-10-02T14:48:06Z,2026-10-03T06:10:00Z,Team Total (Aces) Home,6,"{'hdp': 2.5, 'over': '1.06'}"
75051538,2026-10-03,WTA,Beijing,Bet365,Qinwen Zheng,Anna Kalinskaya,aces,4.5,1.2500,,2026-10-02T14:48:06Z,2026-10-03T06:10:00Z,Team Total (Aces) Home,6,"{'hdp': 4.5, 'over': '1.25'}"
75051538,2026-10-03,WTA,Beijing,Bet365,Qinwen Zheng,Anna Kalinskaya,aces,9.5,2.7500,,2026-10-02T14:48:06Z,2026-10-03T06:10:00Z,Team Total (Aces) Home,6,"{'hdp': 9.5, 'over': '2.75'}"
75051538,2026-10-03,WTA,Beijing,Bet365,Qinwen Zheng,Anna Kalinskaya,aces,14.5,9.0000,,2026-10-02T14:48:06Z,2026-10-03T06:10:00Z,Team Total (Aces) Home,6,"{'hdp': 14.5, 'over': '9.00'}"
75051538,2026-10-03,WTA,Beijing,Bet365,Qinwen Zheng,Anna Kalinskaya,aces,19.5,26.0000,,2026-10-02T14:48:06Z,2026-10-03T06:10:00Z,Team Total (Aces) Home,6,"{'hdp': 19.5, 'over': '26.00'}"
75051538,2026-10-03,WTA,Beijing,Bet365,Anna Kalinskaya,Qinwen Zheng,double_faults,1.5,1.0100,,2026-10-02T14:48:06Z,2026-10-03T06:10:00Z,Team Total (Double Faults) Away,9,"{'hdp': 1.5, 'over': '1.01'}"
75051538,2026-10-03,WTA,Beijing,Bet365,Anna Kalinskaya,Qinwen Zheng,double_faults,2.5,1.0500,,2026-10-02T14:48:06Z,2026-10-03T06:10:00Z,Team Total (Double Faults) Away,9,"{'hdp': 2.5, 'over': '1.05'}"
75051538,2026-10-03,WTA,Beijing,Bet365,Anna Kalinskaya,Qinwen Zheng,double_faults,4.5,1.2500,,2026-10-02T14:48:06Z,2026-10-03T06:10:00Z,Team Total (Double Faults) Away,9,"{'hdp': 4.5, 'over': '1.25'}"
75051538,2026-10-03,WTA,Beijing,Bet365,Anna Kalinskaya,Qinwen Zheng,double_faults,7.5,2.2500,,2026-10-02T14:48:06Z,2026-10-03T06:10:00Z,Team Total (Double Faults) Away,9,"{'hdp': 7.5, 'over': '2.25'}"
75051538,2026-10-03,WTA,Beijing,Bet365,Anna Kalinskaya,Qinwen Zheng,double_faults,9.5,4.0000,,2026-10-02T14:48:06Z,2026-10-03T06:10:00Z,Team Total (Double Faults) Away,9,"{'hdp': 9.5, 'over': '4.00'}"
75051538,2026-10-03,WTA,Beijing,Bet365,Anna Kalinskaya,Qinwen Zheng,double_faults,11.5,8.0000,,2026-10-02T14:48:06Z,2026-10-03T06:10:00Z,Team Total (Double Faults) Away,9,"{'hdp': 11.5, 'over': '8.00'}"
75051538,2026-10-03,WTA,Beijing,Bet365,Anna Kalinskaya,Qinwen Zheng,double_faults,14.5,23.0000,,2026-10-02T14:48:06Z,2026-10-03T06:10:00Z,Team Total (Double Faults) Away,9,"{'hdp': 14.5, 'over': '23.00'}"
75051538,2026-10-03,WTA,Beijing,Bet365,Anna Kalinskaya,Qinwen Zheng,double_faults,19.5,26.0000,,2026-10-02T14:48:06Z,2026-10-03T06:10:00Z,Team Total (Double Faults) Away,9,"{'hdp': 19.5, 'over': '26.00'}"
75051538,2026-10-03,WTA,Beijing,Bet365,Qinwen Zheng,Anna Kalinskaya,double_faults,1.5,1.0500,,2026-10-02T14:48:06Z,2026-10-03T06:10:00Z,Team Total (Double Faults) Home,8,"{'hdp': 1.5, 'over': '1.05'}"
75051538,2026-10-03,WTA,Beijing,Bet365,Qinwen Zheng,Anna Kalinskaya,double_faults,2.5,1.1600,,2026-10-02T14:48:06Z,2026-10-03T06:10:00Z,Team Total (Double Faults) Home,8,"{'hdp': 2.5, 'over': '1.16'}"
75051538,2026-10-03,WTA,Beijing,Bet365,Qinwen Zheng,Anna Kalinskaya,double_faults,4.5,1.6600,,2026-10-02T14:48:06Z,2026-10-03T06:10:00Z,Team Total (Double Faults) Home,8,"{'hdp': 4.5, 'over': '1.66'}"
75051538,2026-10-03,WTA,Beijing,Bet365,Qinwen Zheng,Anna Kalinskaya,double_faults,7.5,4.0000,,2026-10-02T14:48:06Z,2026-10-03T06:10:00Z,Team Total (Double Faults) Home,8,"{'hdp': 7.5, 'over': '4.00'}"
75051538,2026-10-03,WTA,Beijing,Bet365,Qinwen Zheng,Anna Kalinskaya,double_faults,9.5,9.0000,,2026-10-02T14:48:06Z,2026-10-03T06:10:00Z,Team Total (Double Faults) Home,8,"{'hdp': 9.5, 'over': '9.00'}"
75051538,2026-10-03,WTA,Beijing,Bet365,Qinwen Zheng,Anna Kalinskaya,double_faults,11.5,19.0000,,2026-10-02T14:48:06Z,2026-10-03T06:10:00Z,Team Total (Double Faults) Home,8,"{'hdp': 11.5, 'over': '19.00'}"
75051538,2026-10-03,WTA,Beijing,Bet365,Qinwen Zheng,Anna Kalinskaya,double_faults,14.5,26.0000,,2026-10-02T14:48:06Z,2026-10-03T06:10:00Z,Team Total (Double Faults) Home,8,"{'hdp': 14.5, 'over': '26.00'}"
75051538,2026-10-03,WTA,Beijing,Bet365,Qinwen Zheng,Anna Kalinskaya,match_aces,2.5,1.0100,,2026-10-02T14:48:06Z,2026-10-03T06:10:00Z,Totals (Aces),8,"{'hdp': 2.5, 'over': '1.01'}"
75051538,2026-10-03,WTA,Beijing,Bet365,Qinwen Zheng,Anna Kalinskaya,match_aces,4.5,1.0600,,2026-10-02T14:48:06Z,2026-10-03T06:10:00Z,Totals (Aces),8,"{'hdp': 4.5, 'over': '1.06'}"
75051538,2026-10-03,WTA,Beijing,Bet365,Qinwen Zheng,Anna Kalinskaya,match_aces,9.5,1.5700,,2026-10-02T14:48:06Z,2026-10-03T06:10:00Z,Totals (Aces),8,"{'hdp': 9.5, 'over': '1.57'}"
75051538,2026-10-03,WTA,Beijing,Bet365,Qinwen Zheng,Anna Kalinskaya,match_aces,14.5,3.2500,,2026-10-02T14:48:06Z,2026-10-03T06:10:00Z,Totals (Aces),8,"{'hdp': 14.5, 'over': '3.25'}"
75051538,2026-10-03,WTA,Beijing,Bet365,Qinwen Zheng,Anna Kalinskaya,match_aces,19.5,8.0000,,2026-10-02T14:48:06Z,2026-10-03T06:10:00Z,Totals (Aces),8,"{'hdp': 19.5, 'over': '8.00'}"
75051538,2026-10-03,WTA,Beijing,Bet365,Qinwen Zheng,Anna Kalinskaya,match_aces,24.5,19.0000,,2026-10-02T14:48:06Z,2026-10-03T06:10:00Z,Totals (Aces),8,"{'hdp': 24.5, 'over': '19.00'}"
75051538,2026-10-03,WTA,Beijing,Bet365,Qinwen Zheng,Anna Kalinskaya,match_aces,29.5,26.0000,,2026-10-02T14:48:06Z,2026-10-03T06:10:00Z,Totals (Aces),8,"{'hdp': 29.5, 'over': '26.00'}"
75051538,2026-10-03,WTA,Beijing,Bet365,Qinwen Zheng,Anna Kalinskaya,match_double_faults,4.5,1.0100,,2026-10-02T14:48:06Z,2026-10-03T06:10:00Z,Totals (Double Faults),8,"{'hdp': 4.5, 'over': '1.01'}"
75051538,2026-10-03,WTA,Beijing,Bet365,Qinwen Zheng,Anna Kalinskaya,match_double_faults,7.5,1.1200,,2026-10-02T14:48:06Z,2026-10-03T06:10:00Z,Totals (Double Faults),8,"{'hdp': 7.5, 'over': '1.12'}"
75051538,2026-10-03,WTA,Beijing,Bet365,Qinwen Zheng,Anna Kalinskaya,match_double_faults,9.5,1.3300,,2026-10-02T14:48:06Z,2026-10-03T06:10:00Z,Totals (Double Faults),8,"{'hdp': 9.5, 'over': '1.33'}"
75051538,2026-10-03,WTA,Beijing,Bet365,Qinwen Zheng,Anna Kalinskaya,match_double_faults,11.5,1.7200,,2026-10-02T14:48:06Z,2026-10-03T06:10:00Z,Totals (Double Faults),8,"{'hdp': 11.5, 'over': '1.72'}"
75051538,2026-10-03,WTA,Beijing,Bet365,Qinwen Zheng,Anna Kalinskaya,match_double_faults,14.5,3.0000,,2026-10-02T14:48:06Z,2026-10-03T06:10:00Z,Totals (Double Faults),8,"{'hdp': 14.5, 'over': '3.00'}"
75051538,2026-10-03,WTA,Beijing,Bet365,Qinwen Zheng,Anna Kalinskaya,match_double_faults,19.5,10.0000,,2026-10-02T14:48:06Z,2026-10-03T06:10:00Z,Totals (Double Faults),8,"{'hdp': 19.5, 'over': '10.00'}"
75051538,2026-10-03,WTA,Beijing,Bet365,Qinwen Zheng,Anna Kalinskaya,match_double_faults,24.5,26.0000,,2026-10-02T14:48:06Z,2026-10-03T06:10:00Z,Totals (Double Faults),8,"{'hdp': 24.5, 'over': '26.00'}"
75051534,2026-10-03,WTA,Beijing,Bet365,Sonay Kartal,Xinyu Wang,match_aces,2.5,1.0500,,2026-10-02T14:48:06Z,2026-10-03T11:00:00Z,Totals (Aces),6,"{'hdp': 2.5, 'over': '1.05'}"
75051534,2026-10-03,WTA,Beijing,Bet365,Sonay Kartal,Xinyu Wang,match_aces,4.5,1.2200,,2026-10-02T14:48:06Z,2026-10-03T11:00:00Z,Totals (Aces),6,"{'hdp': 4.5, 'over': '1.22'}"
75051534,2026-10-03,WTA,Beijing,Bet365,Sonay Kartal,Xinyu Wang,match_aces,9.5,2.7500,,2026-10-02T14:48:06Z,2026-10-03T11:00:00Z,Totals (Aces),6,"{'hdp': 9.5, 'over': '2.75'}"
75051534,2026-10-03,WTA,Beijing,Bet365,Sonay Kartal,Xinyu Wang,match_aces,14.5,10.0000,,2026-10-02T14:48:06Z,2026-10-03T11:00:00Z,Totals (Aces),6,"{'hdp': 14.5, 'over': '10.00'}"
75051534,2026-10-03,WTA,Beijing,Bet365,Sonay Kartal,Xinyu Wang,match_aces,19.5,26.0000,,2026-10-02T14:48:06Z,2026-10-03T11:00:00Z,Totals (Aces),6,"{'hdp': 19.5, 'over': '26.00'}"
75051534,2026-10-03,WTA,Beijing,Bet365,Sonay Kartal,Xinyu Wang,double_faults,0.5,1.0700,,2026-10-02T14:48:06Z,2026-10-03T11:00:00Z,Team Total (Double Faults) Home,5,"{'hdp': 0.5, 'over': '1.07'}"
75051534,2026-10-03,WTA,Beijing,Bet365,Sonay Kartal,Xinyu Wang,double_faults,1.5,1.3300,,2026-10-02T14:48:06Z,2026-10-03T11:00:00Z,Team Total (Double Faults) Home,5,"{'hdp': 1.5, 'over': '1.33'}"
75051534,2026-10-03,WTA,Beijing,Bet365,Sonay Kartal,Xinyu Wang,double_faults,2.5,1.8300,,2026-10-02T14:48:06Z,2026-10-03T11:00:00Z,Team Total (Double Faults) Home,5,"{'hdp': 2.5, 'over': '1.83'}"
75051534,2026-10-03,WTA,Beijing,Bet365,Sonay Kartal,Xinyu Wang,double_faults,4.5,5.5000,,2026-10-02T14:48:06Z,2026-10-03T11:00:00Z,Team Total (Double Faults) Home,5,"{'hdp': 4.5, 'over': '5.50'}"
75051534,2026-10-03,WTA,Beijing,Bet365,Sonay Kartal,Xinyu Wang,double_faults,7.5,26.0000,,2026-10-02T14:48:06Z,2026-10-03T11:00:00Z,Team Total (Double Faults) Home,5,"{'hdp': 7.5, 'over': '26.00'}"
75051534,2026-10-03,WTA,Beijing,Bet365,Sonay Kartal,Xinyu Wang,match_double_faults,2.5,1.0300,,2026-10-02T14:48:06Z,2026-10-03T11:00:00Z,Totals (Double Faults),9,"{'hdp': 2.5, 'over': '1.03'}"
75051534,2026-10-03,WTA,Beijing,Bet365,Sonay Kartal,Xinyu Wang,match_double_faults,4.5,1.2000,,2026-10-02T14:48:06Z,2026-10-03T11:00:00Z,Totals (Double Faults),9,"{'hdp': 4.5, 'over': '1.20'}"
75051534,2026-10-03,WTA,Beijing,Bet365,Sonay Kartal,Xinyu Wang,match_double_faults,7.5,2.1000,,2026-10-02T14:48:06Z,2026-10-03T11:00:00Z,Totals (Double Faults),9,"{'hdp': 7.5, 'over': '2.10'}"
75051534,2026-10-03,WTA,Beijing,Bet365,Sonay Kartal,Xinyu Wang,match_double_faults,9.5,3.7500,,2026-10-02T14:48:06Z,2026-10-03T11:00:00Z,Totals (Double Faults),9,"{'hdp': 9.5, 'over': '3.75'}"
75051534,2026-10-03,WTA,Beijing,Bet365,Sonay Kartal,Xinyu Wang,match_double_faults,11.5,8.0000,,2026-10-02T14:48:06Z,2026-10-03T11:00:00Z,Totals (Double Faults),9,"{'hdp': 11.5, 'over': '8.00'}"
75051534,2026-10-03,WTA,Beijing,Bet365,Sonay Kartal,Xinyu Wang,match_double_faults,14.5,21.0000,,2026-10-02T14:48:06Z,2026-10-03T11:00:00Z,Totals (Double Faults),9,"{'hdp': 14.5, 'over': '21.00'}"
75051534,2026-10-03,WTA,Beijing,Bet365,Sonay Kartal,Xinyu Wang,match_double_faults,19.5,26.0000,,2026-10-02T14:48:06Z,2026-10-03T11:00:00Z,Totals (Double Faults),9,"{'hdp': 19.5, 'over': '26.00'}"
75051534,2026-10-03,WTA,Beijing,Bet365,Xinyu Wang,Sonay Kartal,aces,0.5,1.0200,,2026-10-02T14:48:06Z,2026-10-03T11:00:00Z,Team Total (Aces) Away,5,"{'hdp': 0.5, 'over': '1.02'}"
75051534,2026-10-03,WTA,Beijing,Bet365,Xinyu Wang,Sonay Kartal,aces,2.5,1.3300,,2026-10-02T14:48:06Z,2026-10-03T11:00:00Z,Team Total (Aces) Away,5,"{'hdp': 2.5, 'over': '1.33'}"
75051534,2026-10-03,WTA,Beijing,Bet365,Xinyu Wang,Sonay Kartal,aces,4.5,2.2000,,2026-10-02T14:48:06Z,2026-10-03T11:00:00Z,Team Total (Aces) Away,5,"{'hdp': 4.5, 'over': '2.20'}"
75051534,2026-10-03,WTA,Beijing,Bet365,Xinyu Wang,Sonay Kartal,aces,9.5,13.0000,,2026-10-02T14:48:06Z,2026-10-03T11:00:00Z,Team Total (Aces) Away,5,"{'hdp': 9.5, 'over': '13.00'}"
75051534,2026-10-03,WTA,Beijing,Bet365,Xinyu Wang,Sonay Kartal,aces,14.5,26.0000,,2026-10-02T14:48:06Z,2026-10-03T11:00:00Z,Team Total (Aces) Away,5,"{'hdp': 14.5, 'over': '26.00'}"
75051534,2026-10-03,WTA,Beijing,Bet365,Sonay Kartal,Xinyu Wang,aces,0.5,1.0400,,2026-10-02T14:48:06Z,2026-10-03T11:00:00Z,Team Total (Aces) Home,4,"{'hdp': 0.5, 'over': '1.04'}"
75051534,2026-10-03,WTA,Beijing,Bet365,Sonay Kartal,Xinyu Wang,aces,2.5,1.5000,,2026-10-02T14:48:06Z,2026-10-03T11:00:00Z,Team Total (Aces) Home,4,"{'hdp': 2.5, 'over': '1.50'}"
75051534,2026-10-03,WTA,Beijing,Bet365,Sonay Kartal,Xinyu Wang,aces,4.5,3.0000,,2026-10-02T14:48:06Z,2026-10-03T11:00:00Z,Team Total (Aces) Home,4,"{'hdp': 4.5, 'over': '3.00'}"
75051534,2026-10-03,WTA,Beijing,Bet365,Sonay Kartal,Xinyu Wang,aces,9.5,26.0000,,2026-10-02T14:48:06Z,2026-10-03T11:00:00Z,Team Total (Aces) Home,4,"{'hdp': 9.5, 'over': '26.00'}"
75051534,2026-10-03,WTA,Beijing,Bet365,Xinyu Wang,Sonay Kartal,double_faults,0.5,1.0100,,2026-10-02T14:48:06Z,2026-10-03T11:00:00Z,Team Total (Double Faults) Away,7,"{'hdp': 0.5, 'over': '1.01'}"
75051534,2026-10-03,WTA,Beijing,Bet365,Xinyu Wang,Sonay Kartal,double_faults,1.5,1.0700,,2026-10-02T14:48:06Z,2026-10-03T11:00:00Z,Team Total (Double Faults) Away,7,"{'hdp': 1.5, 'over': '1.07'}"
75051534,2026-10-03,WTA,Beijing,Bet365,Xinyu Wang,Sonay Kartal,double_faults,2.5,1.2200,,2026-10-02T14:48:06Z,2026-10-03T11:00:00Z,Team Total (Double Faults) Away,7,"{'hdp': 2.5, 'over': '1.22'}"
75051534,2026-10-03,WTA,Beijing,Bet365,Xinyu Wang,Sonay Kartal,double_faults,4.5,1.9000,,2026-10-02T14:48:06Z,2026-10-03T11:00:00Z,Team Total (Double Faults) Away,7,"{'hdp': 4.5, 'over': '1.90'}"
75051534,2026-10-03,WTA,Beijing,Bet365,Xinyu Wang,Sonay Kartal,double_faults,7.5,6.0000,,2026-10-02T14:48:06Z,2026-10-03T11:00:00Z,Team Total (Double Faults) Away,7,"{'hdp': 7.5, 'over': '6.00'}"
75051534,2026-10-03,WTA,Beijing,Bet365,Xinyu Wang,Sonay Kartal,double_faults,9.5,15.0000,,2026-10-02T14:48:06Z,2026-10-03T11:00:00Z,Team Total (Double Faults) Away,7,"{'hdp': 9.5, 'over': '15.00'}"
75051534,2026-10-03,WTA,Beijing,Bet365,Xinyu Wang,Sonay Kartal,double_faults,11.5,26.0000,,2026-10-02T14:48:06Z,2026-10-03T11:00:00Z,Team Total (Double Faults) Away,7,"{'hdp': 11.5, 'over': '26.00'}"
75051380,2026-10-03,ATP,Beijing,Bet365,Alexander Zverev,Juncheng Shang,match_double_faults,1.5,1.0500,,2026-10-02T14:48:06Z,2026-10-03T11:00:00Z,Totals (Double Faults),7,"{'hdp': 1.5, 'over': '1.05'}"
75051380,2026-10-03,ATP,Beijing,Bet365,Alexander Zverev,Juncheng Shang,match_double_faults,2.5,1.1600,,2026-10-02T14:48:06Z,2026-10-03T11:00:00Z,Totals (Double Faults),7,"{'hdp': 2.5, 'over': '1.16'}"
75051380,2026-10-03,ATP,Beijing,Bet365,Alexander Zverev,Juncheng Shang,match_double_faults,4.5,1.8300,,2026-10-02T14:48:06Z,2026-10-03T11:00:00Z,Totals (Double Faults),7,"{'hdp': 4.5, 'over': '1.83'}"
75051380,2026-10-03,ATP,Beijing,Bet365,Alexander Zverev,Juncheng Shang,match_double_faults,7.5,6.5000,,2026-10-02T14:48:06Z,2026-10-03T11:00:00Z,Totals (Double Faults),7,"{'hdp': 7.5, 'over': '6.50'}"
75051380,2026-10-03,ATP,Beijing,Bet365,Alexander Zverev,Juncheng Shang,match_double_faults,9.5,17.0000,,2026-10-02T14:48:06Z,2026-10-03T11:00:00Z,Totals (Double Faults),7,"{'hdp': 9.5, 'over': '17.00'}"
75051380,2026-10-03,ATP,Beijing,Bet365,Alexander Zverev,Juncheng Shang,match_double_faults,11.5,26.0000,,2026-10-02T14:48:06Z,2026-10-03T11:00:00Z,Totals (Double Faults),7,"{'hdp': 11.5, 'over': '26.00'}"
75051380,2026-10-03,ATP,Beijing,Bet365,Alexander Zverev,Juncheng Shang,match_aces,4.5,1.0100,,2026-10-02T14:48:06Z,2026-10-03T11:00:00Z,Totals (Aces),8,"{'hdp': 4.5, 'over': '1.01'}"
75051380,2026-10-03,ATP,Beijing,Bet365,Alexander Zverev,Juncheng Shang,match_aces,9.5,1.2000,,2026-10-02T14:48:06Z,2026-10-03T11:00:00Z,Totals (Aces),8,"{'hdp': 9.5, 'over': '1.20'}"
75051380,2026-10-03,ATP,Beijing,Bet365,Alexander Zverev,Juncheng Shang,match_aces,14.5,1.7200,,2026-10-02T14:48:06Z,2026-10-03T11:00:00Z,Totals (Aces),8,"{'hdp': 14.5, 'over': '1.72'}"
75051380,2026-10-03,ATP,Beijing,Bet365,Alexander Zverev,Juncheng Shang,match_aces,19.5,3.2500,,2026-10-02T14:48:06Z,2026-10-03T11:00:00Z,Totals (Aces),8,"{'hdp': 19.5, 'over': '3.25'}"
75051380,2026-10-03,ATP,Beijing,Bet365,Alexander Zverev,Juncheng Shang,match_aces,24.5,6.0000,,2026-10-02T14:48:06Z,2026-10-03T11:00:00Z,Totals (Aces),8,"{'hdp': 24.5, 'over': '6.00'}"
75051380,2026-10-03,ATP,Beijing,Bet365,Alexander Zverev,Juncheng Shang,match_aces,29.5,13.0000,,2026-10-02T14:48:06Z,2026-10-03T11:00:00Z,Totals (Aces),8,"{'hdp': 29.5, 'over': '13.00'}"
75051380,2026-10-03,ATP,Beijing,Bet365,Alexander Zverev,Juncheng Shang,match_aces,39.5,26.0000,,2026-10-02T14:48:06Z,2026-10-03T11:00:00Z,Totals (Aces),8,"{'hdp': 39.5, 'over': '26.00'}"
75051380,2026-10-03,ATP,Beijing,Bet365,Alexander Zverev,Juncheng Shang,double_faults,0.5,1.2200,,2026-10-02T14:48:06Z,2026-10-03T11:00:00Z,Team Total (Double Faults) Home,5,"{'hdp': 0.5, 'over': '1.22'}"
75051380,2026-10-03,ATP,Beijing,Bet365,Alexander Zverev,Juncheng Shang,double_faults,1.5,1.9000,,2026-10-02T14:48:06Z,2026-10-03T11:00:00Z,Team Total (Double Faults) Home,5,"{'hdp': 1.5, 'over': '1.90'}"
75051380,2026-10-03,ATP,Beijing,Bet365,Alexander Zverev,Juncheng Shang,double_faults,2.5,3.5000,,2026-10-02T14:48:06Z,2026-10-03T11:00:00Z,Team Total (Double Faults) Home,5,"{'hdp': 2.5, 'over': '3.50'}"
75051380,2026-10-03,ATP,Beijing,Bet365,Alexander Zverev,Juncheng Shang,double_faults,4.5,15.0000,,2026-10-02T14:48:06Z,2026-10-03T11:00:00Z,Team Total (Double Faults) Home,5,"{'hdp': 4.5, 'over': '15.00'}"
75051380,2026-10-03,ATP,Beijing,Bet365,Alexander Zverev,Juncheng Shang,double_faults,7.5,26.0000,,2026-10-02T14:48:06Z,2026-10-03T11:00:00Z,Team Total (Double Faults) Home,5,"{'hdp': 7.5, 'over': '26.00'}"
75051380,2026-10-03,ATP,Beijing,Bet365,Juncheng Shang,Alexander Zverev,aces,0.5,1.0100,,2026-10-02T14:48:06Z,2026-10-03T11:00:00Z,Team Total (Aces) Away,6,"{'hdp': 0.5, 'over': '1.01'}"
75051380,2026-10-03,ATP,Beijing,Bet365,Juncheng Shang,Alexander Zverev,aces,2.5,1.2000,,2026-10-02T14:48:06Z,2026-10-03T11:00:00Z,Team Total (Aces) Away,6,"{'hdp': 2.5, 'over': '1.20'}"
75051380,2026-10-03,ATP,Beijing,Bet365,Juncheng Shang,Alexander Zverev,aces,4.5,1.6600,,2026-10-02T14:48:06Z,2026-10-03T11:00:00Z,Team Total (Aces) Away,6,"{'hdp': 4.5, 'over': '1.66'}"
75051380,2026-10-03,ATP,Beijing,Bet365,Juncheng Shang,Alexander Zverev,aces,9.5,5.5000,,2026-10-02T14:48:06Z,2026-10-03T11:00:00Z,Team Total (Aces) Away,6,"{'hdp': 9.5, 'over': '5.50'}"
75051380,2026-10-03,ATP,Beijing,Bet365,Juncheng Shang,Alexander Zverev,aces,14.5,21.0000,,2026-10-02T14:48:06Z,2026-10-03T11:00:00Z,Team Total (Aces) Away,6,"{'hdp': 14.5, 'over': '21.00'}"
75051380,2026-10-03,ATP,Beijing,Bet365,Juncheng Shang,Alexander Zverev,aces,19.5,26.0000,,2026-10-02T14:48:06Z,2026-10-03T11:00:00Z,Team Total (Aces) Away,6,"{'hdp': 19.5, 'over': '26.00'}"
75051380,2026-10-03,ATP,Beijing,Bet365,Alexander Zverev,Juncheng Shang,aces,2.5,1.0200,,2026-10-02T14:48:06Z,2026-10-03T11:00:00Z,Team Total (Aces) Home,7,"{'hdp': 2.5, 'over': '1.02'}"
75051380,2026-10-03,ATP,Beijing,Bet365,Alexander Zverev,Juncheng Shang,aces,4.5,1.1000,,2026-10-02T14:48:06Z,2026-10-03T11:00:00Z,Team Total (Aces) Home,7,"{'hdp': 4.5, 'over': '1.10'}"
75051380,2026-10-03,ATP,Beijing,Bet365,Alexander Zverev,Juncheng Shang,aces,9.5,1.8300,,2026-10-02T14:48:06Z,2026-10-03T11:00:00Z,Team Total (Aces) Home,7,"{'hdp': 9.5, 'over': '1.83'}"
75051380,2026-10-03,ATP,Beijing,Bet365,Alexander Zverev,Juncheng Shang,aces,14.5,4.3300,,2026-10-02T14:48:06Z,2026-10-03T11:00:00Z,Team Total (Aces) Home,7,"{'hdp': 14.5, 'over': '4.33'}"
75051380,2026-10-03,ATP,Beijing,Bet365,Alexander Zverev,Juncheng Shang,aces,19.5,11.0000,,2026-10-02T14:48:06Z,2026-10-03T11:00:00Z,Team Total (Aces) Home,7,"{'hdp': 19.5, 'over': '11.00'}"
75051380,2026-10-03,ATP,Beijing,Bet365,Alexander Zverev,Juncheng Shang,aces,24.5,26.0000,,2026-10-02T14:48:06Z,2026-10-03T11:00:00Z,Team Total (Aces) Home,7,"{'hdp': 24.5, 'over': '26.00'}"
75051380,2026-10-03,ATP,Beijing,Bet365,Juncheng Shang,Alexander Zverev,double_faults,0.5,1.0400,,2026-10-02T14:48:06Z,2026-10-03T11:00:00Z,Team Total (Double Faults) Away,5,"{'hdp': 0.5, 'over': '1.04'}"
75051380,2026-10-03,ATP,Beijing,Bet365,Juncheng Shang,Alexander Zverev,double_faults,1.5,1.2200,,2026-10-02T14:48:06Z,2026-10-03T11:00:00Z,Team Total (Double Faults) Away,5,"{'hdp': 1.5, 'over': '1.22'}"
75051380,2026-10-03,ATP,Beijing,Bet365,Juncheng Shang,Alexander Zverev,double_faults,2.5,1.6600,,2026-10-02T14:48:06Z,2026-10-03T11:00:00Z,Team Total (Double Faults) Away,5,"{'hdp': 2.5, 'over': '1.66'}"
75051380,2026-10-03,ATP,Beijing,Bet365,Juncheng Shang,Alexander Zverev,double_faults,4.5,4.3300,,2026-10-02T14:48:06Z,2026-10-03T11:00:00Z,Team Total (Double Faults) Away,5,"{'hdp': 4.5, 'over': '4.33'}"
75051380,2026-10-03,ATP,Beijing,Bet365,Juncheng Shang,Alexander Zverev,double_faults,7.5,26.0000,,2026-10-02T14:48:06Z,2026-10-03T11:00:00Z,Team Total (Double Faults) Away,5,"{'hdp': 7.5, 'over': '26.00'}"
75051532,2026-10-03,WTA,Beijing,Bet365,Alina Charaeva,Elena Rybakina,aces,0.5,1.0600,,2026-10-02T14:48:06Z,2026-10-03T12:30:00Z,Team Total (Aces) Away,5,"{'hdp': 0.5, 'over': '1.06'}"
75051532,2026-10-03,WTA,Beijing,Bet365,Alina Charaeva,Elena Rybakina,aces,2.5,1.6100,,2026-10-02T14:48:06Z,2026-10-03T12:30:00Z,Team Total (Aces) Away,5,"{'hdp': 2.5, 'over': '1.61'}"
75051532,2026-10-03,WTA,Beijing,Bet365,Alina Charaeva,Elena Rybakina,aces,4.5,3.2500,,2026-10-02T14:48:06Z,2026-10-03T12:30:00Z,Team Total (Aces) Away,5,"{'hdp': 4.5, 'over': '3.25'}"
75051532,2026-10-03,WTA,Beijing,Bet365,Alina Charaeva,Elena Rybakina,aces,9.5,21.0000,,2026-10-02T14:48:06Z,2026-10-03T12:30:00Z,Team Total (Aces) Away,5,"{'hdp': 9.5, 'over': '21.00'}"
75051532,2026-10-03,WTA,Beijing,Bet365,Alina Charaeva,Elena Rybakina,aces,14.5,26.0000,,2026-10-02T14:48:06Z,2026-10-03T12:30:00Z,Team Total (Aces) Away,5,"{'hdp': 14.5, 'over': '26.00'}"
75051532,2026-10-03,WTA,Beijing,Bet365,Elena Rybakina,Alina Charaeva,aces,2.5,1.0800,,2026-10-02T14:48:06Z,2026-10-03T12:30:00Z,Team Total (Aces) Home,6,"{'hdp': 2.5, 'over': '1.08'}"
75051532,2026-10-03,WTA,Beijing,Bet365,Elena Rybakina,Alina Charaeva,aces,4.5,1.3600,,2026-10-02T14:48:06Z,2026-10-03T12:30:00Z,Team Total (Aces) Home,6,"{'hdp': 4.5, 'over': '1.36'}"
75051532,2026-10-03,WTA,Beijing,Bet365,Elena Rybakina,Alina Charaeva,aces,9.5,4.3300,,2026-10-02T14:48:06Z,2026-10-03T12:30:00Z,Team Total (Aces) Home,6,"{'hdp': 9.5, 'over': '4.33'}"
75051532,2026-10-03,WTA,Beijing,Bet365,Elena Rybakina,Alina Charaeva,aces,14.5,19.0000,,2026-10-02T14:48:06Z,2026-10-03T12:30:00Z,Team Total (Aces) Home,6,"{'hdp': 14.5, 'over': '19.00'}"
75051532,2026-10-03,WTA,Beijing,Bet365,Elena Rybakina,Alina Charaeva,aces,19.5,26.0000,,2026-10-02T14:48:06Z,2026-10-03T12:30:00Z,Team Total (Aces) Home,6,"{'hdp': 19.5, 'over': '26.00'}"
75051532,2026-10-03,WTA,Beijing,Bet365,Elena Rybakina,Alina Charaeva,match_aces,2.5,1.0100,,2026-10-02T14:48:06Z,2026-10-03T12:30:00Z,Totals (Aces),7,"{'hdp': 2.5, 'over': '1.01'}"
75051532,2026-10-03,WTA,Beijing,Bet365,Elena Rybakina,Alina Charaeva,match_aces,4.5,1.1000,,2026-10-02T14:48:06Z,2026-10-03T12:30:00Z,Totals (Aces),7,"{'hdp': 4.5, 'over': '1.10'}"
75051532,2026-10-03,WTA,Beijing,Bet365,Elena Rybakina,Alina Charaeva,match_aces,9.5,1.8300,,2026-10-02T14:48:06Z,2026-10-03T12:30:00Z,Totals (Aces),7,"{'hdp': 9.5, 'over': '1.83'}"
75051532,2026-10-03,WTA,Beijing,Bet365,Elena Rybakina,Alina Charaeva,match_aces,14.5,4.5000,,2026-10-02T14:48:06Z,2026-10-03T12:30:00Z,Totals (Aces),7,"{'hdp': 14.5, 'over': '4.50'}"
75051532,2026-10-03,WTA,Beijing,Bet365,Elena Rybakina,Alina Charaeva,match_aces,19.5,13.0000,,2026-10-02T14:48:06Z,2026-10-03T12:30:00Z,Totals (Aces),7,"{'hdp': 19.5, 'over': '13.00'}"
75051532,2026-10-03,WTA,Beijing,Bet365,Elena Rybakina,Alina Charaeva,match_aces,24.5,26.0000,,2026-10-02T14:48:06Z,2026-10-03T12:30:00Z,Totals (Aces),7,"{'hdp': 24.5, 'over': '26.00'}"
75051484,2026-10-04,WTA,Beijing,Bet365,Linda Noskova,Viktorija Golubic,match_double_faults,2.5,1.0100,,2026-10-02T14:48:06Z,2026-10-04T03:00:00Z,Totals (Double Faults),9,"{'hdp': 2.5, 'over': '1.01'}"
75051484,2026-10-04,WTA,Beijing,Bet365,Linda Noskova,Viktorija Golubic,match_double_faults,4.5,1.1200,,2026-10-02T14:48:06Z,2026-10-04T03:00:00Z,Totals (Double Faults),9,"{'hdp': 4.5, 'over': '1.12'}"
75051484,2026-10-04,WTA,Beijing,Bet365,Linda Noskova,Viktorija Golubic,match_double_faults,7.5,1.7200,,2026-10-02T14:48:06Z,2026-10-04T03:00:00Z,Totals (Double Faults),9,"{'hdp': 7.5, 'over': '1.72'}"
75051484,2026-10-04,WTA,Beijing,Bet365,Linda Noskova,Viktorija Golubic,match_double_faults,9.5,2.6200,,2026-10-02T14:48:06Z,2026-10-04T03:00:00Z,Totals (Double Faults),9,"{'hdp': 9.5, 'over': '2.62'}"
75051484,2026-10-04,WTA,Beijing,Bet365,Linda Noskova,Viktorija Golubic,match_double_faults,11.5,4.5000,,2026-10-02T14:48:06Z,2026-10-04T03:00:00Z,Totals (Double Faults),9,"{'hdp': 11.5, 'over': '4.50'}"
75051484,2026-10-04,WTA,Beijing,Bet365,Linda Noskova,Viktorija Golubic,match_double_faults,14.5,11.0000,,2026-10-02T14:48:06Z,2026-10-04T03:00:00Z,Totals (Double Faults),9,"{'hdp': 14.5, 'over': '11.00'}"
75051484,2026-10-04,WTA,Beijing,Bet365,Linda Noskova,Viktorija Golubic,match_double_faults,19.5,26.0000,,2026-10-02T14:48:06Z,2026-10-04T03:00:00Z,Totals (Double Faults),9,"{'hdp': 19.5, 'over': '26.00'}"
75051484,2026-10-04,WTA,Beijing,Bet365,Linda Noskova,Viktorija Golubic,aces,2.5,1.0500,,2026-10-02T14:48:06Z,2026-10-04T03:00:00Z,Team Total (Aces) Home,6,"{'hdp': 2.5, 'over': '1.05'}"
75051484,2026-10-04,WTA,Beijing,Bet365,Linda Noskova,Viktorija Golubic,aces,4.5,1.2200,,2026-10-02T14:48:06Z,2026-10-04T03:00:00Z,Team Total (Aces) Home,6,"{'hdp': 4.5, 'over': '1.22'}"
75051484,2026-10-04,WTA,Beijing,Bet365,Linda Noskova,Viktorija Golubic,aces,9.5,3.0000,,2026-10-02T14:48:06Z,2026-10-04T03:00:00Z,Team Total (Aces) Home,6,"{'hdp': 9.5, 'over': '3.00'}"
75051484,2026-10-04,WTA,Beijing,Bet365,Linda Noskova,Viktorija Golubic,aces,14.5,10.0000,,2026-10-02T14:48:06Z,2026-10-04T03:00:00Z,Team Total (Aces) Home,6,"{'hdp': 14.5, 'over': '10.00'}"
75051484,2026-10-04,WTA,Beijing,Bet365,Linda Noskova,Viktorija Golubic,aces,19.5,26.0000,,2026-10-02T14:48:06Z,2026-10-04T03:00:00Z,Team Total (Aces) Home,6,"{'hdp': 19.5, 'over': '26.00'}"
75051484,2026-10-04,WTA,Beijing,Bet365,Viktorija Golubic,Linda Noskova,aces,0.5,1.0700,,2026-10-02T14:48:06Z,2026-10-04T03:00:00Z,Team Total (Aces) Away,4,"{'hdp': 0.5, 'over': '1.07'}"
75051484,2026-10-04,WTA,Beijing,Bet365,Viktorija Golubic,Linda Noskova,aces,2.5,1.7200,,2026-10-02T14:48:06Z,2026-10-04T03:00:00Z,Team Total (Aces) Away,4,"{'hdp': 2.5, 'over': '1.72'}"
75051484,2026-10-04,WTA,Beijing,Bet365,Viktorija Golubic,Linda Noskova,aces,4.5,3.5000,,2026-10-02T14:48:06Z,2026-10-04T03:00:00Z,Team Total (Aces) Away,4,"{'hdp': 4.5, 'over': '3.50'}"
75051484,2026-10-04,WTA,Beijing,Bet365,Viktorija Golubic,Linda Noskova,aces,9.5,26.0000,,2026-10-02T14:48:06Z,2026-10-04T03:00:00Z,Team Total (Aces) Away,4,"{'hdp': 9.5, 'over': '26.00'}"
75051484,2026-10-04,WTA,Beijing,Bet365,Viktorija Golubic,Linda Noskova,double_faults,0.5,1.0100,,2026-10-02T14:48:06Z,2026-10-04T03:00:00Z,Team Total (Double Faults) Away,6,"{'hdp': 0.5, 'over': '1.01'}"
75051484,2026-10-04,WTA,Beijing,Bet365,Viktorija Golubic,Linda Noskova,double_faults,1.5,1.0800,,2026-10-02T14:48:06Z,2026-10-04T03:00:00Z,Team Total (Double Faults) Away,6,"{'hdp': 1.5, 'over': '1.08'}"
75051484,2026-10-04,WTA,Beijing,Bet365,Viktorija Golubic,Linda Noskova,double_faults,2.5,1.2800,,2026-10-02T14:48:06Z,2026-10-04T03:00:00Z,Team Total (Double Faults) Away,6,"{'hdp': 2.5, 'over': '1.28'}"
75051484,2026-10-04,WTA,Beijing,Bet365,Viktorija Golubic,Linda Noskova,double_faults,4.5,2.3700,,2026-10-02T14:48:06Z,2026-10-04T03:00:00Z,Team Total (Double Faults) Away,6,"{'hdp': 4.5, 'over': '2.37'}"
75051484,2026-10-04,WTA,Beijing,Bet365,Viktorija Golubic,Linda Noskova,double_faults,7.5,10.0000,,2026-10-02T14:48:06Z,2026-10-04T03:00:00Z,Team Total (Double Faults) Away,6,"{'hdp': 7.5, 'over': '10.00'}"
75051484,2026-10-04,WTA,Beijing,Bet365,Viktorija Golubic,Linda Noskova,double_faults,9.5,26.0000,,2026-10-02T14:48:06Z,2026-10-04T03:00:00Z,Team Total (Double Faults) Away,6,"{'hdp': 9.5, 'over': '26.00'}"
75051484,2026-10-04,WTA,Beijing,Bet365,Linda Noskova,Viktorija Golubic,double_faults,0.5,1.0200,,2026-10-02T14:48:06Z,2026-10-04T03:00:00Z,Team Total (Double Faults) Home,7,"{'hdp': 0.5, 'over': '1.02'}"
75051484,2026-10-04,WTA,Beijing,Bet365,Linda Noskova,Viktorija Golubic,double_faults,1.5,1.1200,,2026-10-02T14:48:06Z,2026-10-04T03:00:00Z,Team Total (Double Faults) Home,7,"{'hdp': 1.5, 'over': '1.12'}"
75051484,2026-10-04,WTA,Beijing,Bet365,Linda Noskova,Viktorija Golubic,double_faults,2.5,1.3600,,2026-10-02T14:48:06Z,2026-10-04T03:00:00Z,Team Total (Double Faults) Home,7,"{'hdp': 2.5, 'over': '1.36'}"
75051484,2026-10-04,WTA,Beijing,Bet365,Linda Noskova,Viktorija Golubic,double_faults,4.5,2.2500,,2026-10-02T14:48:06Z,2026-10-04T03:00:00Z,Team Total (Double Faults) Home,7,"{'hdp': 4.5, 'over': '2.25'}"
75051484,2026-10-04,WTA,Beijing,Bet365,Linda Noskova,Viktorija Golubic,double_faults,7.5,7.0000,,2026-10-02T14:48:06Z,2026-10-04T03:00:00Z,Team Total (Double Faults) Home,7,"{'hdp': 7.5, 'over': '7.00'}"
75051484,2026-10-04,WTA,Beijing,Bet365,Linda Noskova,Viktorija Golubic,double_faults,9.5,15.0000,,2026-10-02T14:48:06Z,2026-10-04T03:00:00Z,Team Total (Double Faults) Home,7,"{'hdp': 9.5, 'over': '15.00'}"
75051484,2026-10-04,WTA,Beijing,Bet365,Linda Noskova,Viktorija Golubic,double_faults,11.5,26.0000,,2026-10-02T14:48:06Z,2026-10-04T03:00:00Z,Team Total (Double Faults) Home,7,"{'hdp': 11.5, 'over': '26.00'}"
75051484,2026-10-04,WTA,Beijing,Bet365,Linda Noskova,Viktorija Golubic,match_aces,2.5,1.0100,,2026-10-02T14:48:06Z,2026-10-04T03:00:00Z,Totals (Aces),8,"{'hdp': 2.5, 'over': '1.01'}"
75051484,2026-10-04,WTA,Beijing,Bet365,Linda Noskova,Viktorija Golubic,match_aces,4.5,1.0700,,2026-10-02T14:48:06Z,2026-10-04T03:00:00Z,Totals (Aces),8,"{'hdp': 4.5, 'over': '1.07'}"
75051484,2026-10-04,WTA,Beijing,Bet365,Linda Noskova,Viktorija Golubic,match_aces,9.5,1.6600,,2026-10-02T14:48:06Z,2026-10-04T03:00:00Z,Totals (Aces),8,"{'hdp': 9.5, 'over': '1.66'}"
75051484,2026-10-04,WTA,Beijing,Bet365,Linda Noskova,Viktorija Golubic,match_aces,14.5,3.7500,,2026-10-02T14:48:06Z,2026-10-04T03:00:00Z,Totals (Aces),8,"{'hdp': 14.5, 'over': '3.75'}"
75051484,2026-10-04,WTA,Beijing,Bet365,Linda Noskova,Viktorija Golubic,match_aces,19.5,10.0000,,2026-10-02T14:48:06Z,2026-10-04T03:00:00Z,Totals (Aces),8,"{'hdp': 19.5, 'over': '10.00'}"
75051484,2026-10-04,WTA,Beijing,Bet365,Linda Noskova,Viktorija Golubic,match_aces,24.5,23.0000,,2026-10-02T14:48:06Z,2026-10-04T03:00:00Z,Totals (Aces),8,"{'hdp': 24.5, 'over': '23.00'}"
75051484,2026-10-04,WTA,Beijing,Bet365,Linda Noskova,Viktorija Golubic,match_aces,29.5,26.0000,,2026-10-02T14:48:06Z,2026-10-04T03:00:00Z,Totals (Aces),8,"{'hdp': 29.5, 'over': '26.00'}"
