event_id,date,tour,tournament,bookmaker,player,opponent,market,line,over_odds,under_odds,capture_ts,match_start_utc,raw_market_name,raw_outcome_count,raw_label_sample
72986826,2026-07-20,ATP,"ATP - Kitzbuhel, Austria",Bet365,Facundo Diaz Acosta,Federico Cina,match_double_faults,2.5,1.2500,,2026-07-20T11:17:36Z,2026-07-20T11:45:00Z,Team Total (Double Faults) Away,7,"{'hdp': 2.5, 'over': '1.25'}"
72986826,2026-07-20,ATP,"ATP - Kitzbuhel, Austria",Bet365,Facundo Diaz Acosta,Federico Cina,match_double_faults,0.5,1.0100,,2026-07-20T11:17:36Z,2026-07-20T11:45:00Z,Team Total (Double Faults) Away,7,"{'hdp': 0.5, 'over': '1.01'}"
72986826,2026-07-20,ATP,"ATP - Kitzbuhel, Austria",Bet365,Facundo Diaz Acosta,Federico Cina,match_double_faults,1.5,1.0800,,2026-07-20T11:17:36Z,2026-07-20T11:45:00Z,Team Total (Double Faults) Away,7,"{'hdp': 1.5, 'over': '1.08'}"
72986826,2026-07-20,ATP,"ATP - Kitzbuhel, Austria",Bet365,Facundo Diaz Acosta,Federico Cina,match_double_faults,4.5,2.2000,,2026-07-20T11:17:36Z,2026-07-20T11:45:00Z,Team Total (Double Faults) Away,7,"{'hdp': 4.5, 'over': '2.20'}"
72986826,2026-07-20,ATP,"ATP - Kitzbuhel, Austria",Bet365,Facundo Diaz Acosta,Federico Cina,match_double_faults,7.5,8.0000,,2026-07-20T11:17:36Z,2026-07-20T11:45:00Z,Team Total (Double Faults) Away,7,"{'hdp': 7.5, 'over': '8.00'}"
72986826,2026-07-20,ATP,"ATP - Kitzbuhel, Austria",Bet365,Facundo Diaz Acosta,Federico Cina,match_double_faults,9.5,21.0000,,2026-07-20T11:17:36Z,2026-07-20T11:45:00Z,Team Total (Double Faults) Away,7,"{'hdp': 9.5, 'over': '21.00'}"
72986826,2026-07-20,ATP,"ATP - Kitzbuhel, Austria",Bet365,Facundo Diaz Acosta,Federico Cina,match_double_faults,11.5,26.0000,,2026-07-20T11:17:36Z,2026-07-20T11:45:00Z,Team Total (Double Faults) Away,7,"{'hdp': 11.5, 'over': '26.00'}"
72986826,2026-07-20,ATP,"ATP - Kitzbuhel, Austria",Bet365,Facundo Diaz Acosta,Federico Cina,match_aces,4.5,1.0400,,2026-07-20T11:17:36Z,2026-07-20T11:45:00Z,Totals (Aces),8,"{'hdp': 4.5, 'over': '1.04'}"
72986826,2026-07-20,ATP,"ATP - Kitzbuhel, Austria",Bet365,Facundo Diaz Acosta,Federico Cina,match_aces,9.5,1.4400,,2026-07-20T11:17:36Z,2026-07-20T11:45:00Z,Totals (Aces),8,"{'hdp': 9.5, 'over': '1.44'}"
72986826,2026-07-20,ATP,"ATP - Kitzbuhel, Austria",Bet365,Facundo Diaz Acosta,Federico Cina,match_aces,14.5,2.6200,,2026-07-20T11:17:36Z,2026-07-20T11:45:00Z,Totals (Aces),8,"{'hdp': 14.5, 'over': '2.62'}"
72986826,2026-07-20,ATP,"ATP - Kitzbuhel, Austria",Bet365,Facundo Diaz Acosta,Federico Cina,match_aces,19.5,6.0000,,2026-07-20T11:17:36Z,2026-07-20T11:45:00Z,Totals (Aces),8,"{'hdp': 19.5, 'over': '6.00'}"
72986826,2026-07-20,ATP,"ATP - Kitzbuhel, Austria",Bet365,Facundo Diaz Acosta,Federico Cina,match_aces,24.5,15.0000,,2026-07-20T11:17:36Z,2026-07-20T11:45:00Z,Totals (Aces),8,"{'hdp': 24.5, 'over': '15.00'}"
72986826,2026-07-20,ATP,"ATP - Kitzbuhel, Austria",Bet365,Facundo Diaz Acosta,Federico Cina,match_aces,29.5,26.0000,,2026-07-20T11:17:36Z,2026-07-20T11:45:00Z,Totals (Aces),8,"{'hdp': 29.5, 'over': '26.00'}"
72986826,2026-07-20,ATP,"ATP - Kitzbuhel, Austria",Bet365,Facundo Diaz Acosta,Federico Cina,match_double_faults,2.5,1.0200,,2026-07-20T11:17:36Z,2026-07-20T11:45:00Z,Totals (Double Faults),9,"{'hdp': 2.5, 'over': '1.02'}"
72986826,2026-07-20,ATP,"ATP - Kitzbuhel, Austria",Bet365,Facundo Diaz Acosta,Federico Cina,match_double_faults,4.5,1.1400,,2026-07-20T11:17:36Z,2026-07-20T11:45:00Z,Totals (Double Faults),9,"{'hdp': 4.5, 'over': '1.14'}"
72986826,2026-07-20,ATP,"ATP - Kitzbuhel, Austria",Bet365,Facundo Diaz Acosta,Federico Cina,match_double_faults,7.5,1.8300,,2026-07-20T11:17:36Z,2026-07-20T11:45:00Z,Totals (Double Faults),9,"{'hdp': 7.5, 'over': '1.83'}"
72986826,2026-07-20,ATP,"ATP - Kitzbuhel, Austria",Bet365,Facundo Diaz Acosta,Federico Cina,match_double_faults,9.5,3.2500,,2026-07-20T11:17:36Z,2026-07-20T11:45:00Z,Totals (Double Faults),9,"{'hdp': 9.5, 'over': '3.25'}"
72986826,2026-07-20,ATP,"ATP - Kitzbuhel, Austria",Bet365,Facundo Diaz Acosta,Federico Cina,match_double_faults,11.5,6.0000,,2026-07-20T11:17:36Z,2026-07-20T11:45:00Z,Totals (Double Faults),9,"{'hdp': 11.5, 'over': '6.00'}"
72986826,2026-07-20,ATP,"ATP - Kitzbuhel, Austria",Bet365,Facundo Diaz Acosta,Federico Cina,match_double_faults,14.5,19.0000,,2026-07-20T11:17:36Z,2026-07-20T11:45:00Z,Totals (Double Faults),9,"{'hdp': 14.5, 'over': '19.00'}"
72986826,2026-07-20,ATP,"ATP - Kitzbuhel, Austria",Bet365,Facundo Diaz Acosta,Federico Cina,match_double_faults,19.5,26.0000,,2026-07-20T11:17:36Z,2026-07-20T11:45:00Z,Totals (Double Faults),9,"{'hdp': 19.5, 'over': '26.00'}"
72986826,2026-07-20,ATP,"ATP - Kitzbuhel, Austria",Bet365,Facundo Diaz Acosta,Federico Cina,match_aces,0.5,1.0100,,2026-07-20T11:17:36Z,2026-07-20T11:45:00Z,Team Total (Aces) Away,6,"{'hdp': 0.5, 'over': '1.01'}"
72986826,2026-07-20,ATP,"ATP - Kitzbuhel, Austria",Bet365,Facundo Diaz Acosta,Federico Cina,match_aces,2.5,1.1600,,2026-07-20T11:17:36Z,2026-07-20T11:45:00Z,Team Total (Aces) Away,6,"{'hdp': 2.5, 'over': '1.16'}"
72986826,2026-07-20,ATP,"ATP - Kitzbuhel, Austria",Bet365,Facundo Diaz Acosta,Federico Cina,match_aces,4.5,1.5700,,2026-07-20T11:17:36Z,2026-07-20T11:45:00Z,Team Total (Aces) Away,6,"{'hdp': 4.5, 'over': '1.57'}"
72986826,2026-07-20,ATP,"ATP - Kitzbuhel, Austria",Bet365,Facundo Diaz Acosta,Federico Cina,match_aces,9.5,5.5000,,2026-07-20T11:17:36Z,2026-07-20T11:45:00Z,Team Total (Aces) Away,6,"{'hdp': 9.5, 'over': '5.50'}"
72986826,2026-07-20,ATP,"ATP - Kitzbuhel, Austria",Bet365,Facundo Diaz Acosta,Federico Cina,match_aces,14.5,21.0000,,2026-07-20T11:17:36Z,2026-07-20T11:45:00Z,Team Total (Aces) Away,6,"{'hdp': 14.5, 'over': '21.00'}"
72986826,2026-07-20,ATP,"ATP - Kitzbuhel, Austria",Bet365,Facundo Diaz Acosta,Federico Cina,match_aces,19.5,26.0000,,2026-07-20T11:17:36Z,2026-07-20T11:45:00Z,Team Total (Aces) Away,6,"{'hdp': 19.5, 'over': '26.00'}"
72986826,2026-07-20,ATP,"ATP - Kitzbuhel, Austria",Bet365,Facundo Diaz Acosta,Federico Cina,match_aces,2.5,1.1000,,2026-07-20T11:17:36Z,2026-07-20T11:45:00Z,Team Total (Aces) Home,6,"{'hdp': 2.5, 'over': '1.10'}"
72986826,2026-07-20,ATP,"ATP - Kitzbuhel, Austria",Bet365,Facundo Diaz Acosta,Federico Cina,match_aces,4.5,1.4000,,2026-07-20T11:17:36Z,2026-07-20T11:45:00Z,Team Total (Aces) Home,6,"{'hdp': 4.5, 'over': '1.40'}"
72986826,2026-07-20,ATP,"ATP - Kitzbuhel, Austria",Bet365,Facundo Diaz Acosta,Federico Cina,match_aces,9.5,4.0000,,2026-07-20T11:17:36Z,2026-07-20T11:45:00Z,Team Total (Aces) Home,6,"{'hdp': 9.5, 'over': '4.00'}"
72986826,2026-07-20,ATP,"ATP - Kitzbuhel, Austria",Bet365,Facundo Diaz Acosta,Federico Cina,match_aces,14.5,17.0000,,2026-07-20T11:17:36Z,2026-07-20T11:45:00Z,Team Total (Aces) Home,6,"{'hdp': 14.5, 'over': '17.00'}"
72986826,2026-07-20,ATP,"ATP - Kitzbuhel, Austria",Bet365,Facundo Diaz Acosta,Federico Cina,match_aces,19.5,26.0000,,2026-07-20T11:17:36Z,2026-07-20T11:45:00Z,Team Total (Aces) Home,6,"{'hdp': 19.5, 'over': '26.00'}"
72986826,2026-07-20,ATP,"ATP - Kitzbuhel, Austria",Bet365,Facundo Diaz Acosta,Federico Cina,match_double_faults,0.5,1.0400,,2026-07-20T11:17:36Z,2026-07-20T11:45:00Z,Team Total (Double Faults) Home,6,"{'hdp': 0.5, 'over': '1.04'}"
72986826,2026-07-20,ATP,"ATP - Kitzbuhel, Austria",Bet365,Facundo Diaz Acosta,Federico Cina,match_double_faults,1.5,1.1800,,2026-07-20T11:17:36Z,2026-07-20T11:45:00Z,Team Total (Double Faults) Home,6,"{'hdp': 1.5, 'over': '1.18'}"
72986826,2026-07-20,ATP,"ATP - Kitzbuhel, Austria",Bet365,Facundo Diaz Acosta,Federico Cina,match_double_faults,2.5,1.5000,,2026-07-20T11:17:36Z,2026-07-20T11:45:00Z,Team Total (Double Faults) Home,6,"{'hdp': 2.5, 'over': '1.50'}"
72986826,2026-07-20,ATP,"ATP - Kitzbuhel, Austria",Bet365,Facundo Diaz Acosta,Federico Cina,match_double_faults,4.5,3.2500,,2026-07-20T11:17:36Z,2026-07-20T11:45:00Z,Team Total (Double Faults) Home,6,"{'hdp': 4.5, 'over': '3.25'}"
72986826,2026-07-20,ATP,"ATP - Kitzbuhel, Austria",Bet365,Facundo Diaz Acosta,Federico Cina,match_double_faults,7.5,15.0000,,2026-07-20T11:17:36Z,2026-07-20T11:45:00Z,Team Total (Double Faults) Home,6,"{'hdp': 7.5, 'over': '15.00'}"
72986826,2026-07-20,ATP,"ATP - Kitzbuhel, Austria",Bet365,Facundo Diaz Acosta,Federico Cina,match_double_faults,9.5,26.0000,,2026-07-20T11:17:36Z,2026-07-20T11:45:00Z,Team Total (Double Faults) Home,6,"{'hdp': 9.5, 'over': '26.00'}"
72969386,2026-07-20,WTA,"WTA - Prague, Czech Republic",Bet365,Alycia Parks,Lucie Havlickova,match_double_faults,2.5,1.0200,,2026-07-20T11:17:36Z,2026-07-20T11:48:00Z,Team Total (Double Faults) Away,9,"{'hdp': 2.5, 'over': '1.02'}"
72969386,2026-07-20,WTA,"WTA - Prague, Czech Republic",Bet365,Alycia Parks,Lucie Havlickova,match_double_faults,4.5,1.1600,,2026-07-20T11:17:36Z,2026-07-20T11:48:00Z,Team Total (Double Faults) Away,9,"{'hdp': 4.5, 'over': '1.16'}"
72969386,2026-07-20,WTA,"WTA - Prague, Czech Republic",Bet365,Alycia Parks,Lucie Havlickova,match_double_faults,7.5,1.8300,,2026-07-20T11:17:36Z,2026-07-20T11:48:00Z,Team Total (Double Faults) Away,9,"{'hdp': 7.5, 'over': '1.83'}"
72969386,2026-07-20,WTA,"WTA - Prague, Czech Republic",Bet365,Alycia Parks,Lucie Havlickova,match_double_faults,9.5,3.0000,,2026-07-20T11:17:36Z,2026-07-20T11:48:00Z,Team Total (Double Faults) Away,9,"{'hdp': 9.5, 'over': '3.00'}"
72969386,2026-07-20,WTA,"WTA - Prague, Czech Republic",Bet365,Alycia Parks,Lucie Havlickova,match_double_faults,11.5,5.5000,,2026-07-20T11:17:36Z,2026-07-20T11:48:00Z,Team Total (Double Faults) Away,9,"{'hdp': 11.5, 'over': '5.50'}"
72969386,2026-07-20,WTA,"WTA - Prague, Czech Republic",Bet365,Alycia Parks,Lucie Havlickova,match_double_faults,14.5,15.0000,,2026-07-20T11:17:36Z,2026-07-20T11:48:00Z,Team Total (Double Faults) Away,9,"{'hdp': 14.5, 'over': '15.00'}"
72969386,2026-07-20,WTA,"WTA - Prague, Czech Republic",Bet365,Alycia Parks,Lucie Havlickova,match_double_faults,19.5,26.0000,,2026-07-20T11:17:36Z,2026-07-20T11:48:00Z,Team Total (Double Faults) Away,9,"{'hdp': 19.5, 'over': '26.00'}"
72969386,2026-07-20,WTA,"WTA - Prague, Czech Republic",Bet365,Alycia Parks,Lucie Havlickova,match_double_faults,9.5,2.5000,,2026-07-20T11:17:36Z,2026-07-20T11:48:00Z,Team Total (Double Faults) Home,9,"{'hdp': 9.5, 'over': '2.50'}"
72969386,2026-07-20,WTA,"WTA - Prague, Czech Republic",Bet365,Alycia Parks,Lucie Havlickova,match_double_faults,14.5,9.0000,,2026-07-20T11:17:36Z,2026-07-20T11:48:00Z,Team Total (Double Faults) Home,9,"{'hdp': 14.5, 'over': '9.00'}"
72969386,2026-07-20,WTA,"WTA - Prague, Czech Republic",Bet365,Alycia Parks,Lucie Havlickova,match_double_faults,2.5,1.0300,,2026-07-20T11:17:36Z,2026-07-20T11:48:00Z,Team Total (Double Faults) Home,9,"{'hdp': 2.5, 'over': '1.03'}"
72969386,2026-07-20,WTA,"WTA - Prague, Czech Republic",Bet365,Alycia Parks,Lucie Havlickova,match_double_faults,4.5,1.1600,,2026-07-20T11:17:36Z,2026-07-20T11:48:00Z,Team Total (Double Faults) Home,9,"{'hdp': 4.5, 'over': '1.16'}"
72969386,2026-07-20,WTA,"WTA - Prague, Czech Republic",Bet365,Alycia Parks,Lucie Havlickova,match_double_faults,7.5,1.7200,,2026-07-20T11:17:36Z,2026-07-20T11:48:00Z,Team Total (Double Faults) Home,9,"{'hdp': 7.5, 'over': '1.72'}"
72969386,2026-07-20,WTA,"WTA - Prague, Czech Republic",Bet365,Alycia Parks,Lucie Havlickova,match_double_faults,11.5,4.0000,,2026-07-20T11:17:36Z,2026-07-20T11:48:00Z,Team Total (Double Faults) Home,9,"{'hdp': 11.5, 'over': '4.00'}"
72969386,2026-07-20,WTA,"WTA - Prague, Czech Republic",Bet365,Alycia Parks,Lucie Havlickova,match_double_faults,19.5,26.0000,,2026-07-20T11:17:36Z,2026-07-20T11:48:00Z,Team Total (Double Faults) Home,9,"{'hdp': 19.5, 'over': '26.00'}"
72969386,2026-07-20,WTA,"WTA - Prague, Czech Republic",Bet365,Alycia Parks,Lucie Havlickova,match_double_faults,7.5,1.0200,,2026-07-20T11:17:36Z,2026-07-20T11:48:00Z,Totals (Double Faults),7,"{'hdp': 7.5, 'over': '1.02'}"
72969386,2026-07-20,WTA,"WTA - Prague, Czech Republic",Bet365,Alycia Parks,Lucie Havlickova,match_double_faults,9.5,1.0800,,2026-07-20T11:17:36Z,2026-07-20T11:48:00Z,Totals (Double Faults),7,"{'hdp': 9.5, 'over': '1.08'}"
72969386,2026-07-20,WTA,"WTA - Prague, Czech Republic",Bet365,Alycia Parks,Lucie Havlickova,match_double_faults,11.5,1.2200,,2026-07-20T11:17:36Z,2026-07-20T11:48:00Z,Totals (Double Faults),7,"{'hdp': 11.5, 'over': '1.22'}"
72969386,2026-07-20,WTA,"WTA - Prague, Czech Republic",Bet365,Alycia Parks,Lucie Havlickova,match_double_faults,14.5,1.5700,,2026-07-20T11:17:36Z,2026-07-20T11:48:00Z,Totals (Double Faults),7,"{'hdp': 14.5, 'over': '1.57'}"
72969386,2026-07-20,WTA,"WTA - Prague, Czech Republic",Bet365,Alycia Parks,Lucie Havlickova,match_double_faults,19.5,3.2500,,2026-07-20T11:17:36Z,2026-07-20T11:48:00Z,Totals (Double Faults),7,"{'hdp': 19.5, 'over': '3.25'}"
72969386,2026-07-20,WTA,"WTA - Prague, Czech Republic",Bet365,Alycia Parks,Lucie Havlickova,match_double_faults,24.5,9.0000,,2026-07-20T11:17:36Z,2026-07-20T11:48:00Z,Totals (Double Faults),7,"{'hdp': 24.5, 'over': '9.00'}"
72986824,2026-07-20,ATP,"ATP - Kitzbuhel, Austria",Bet365,Joel Schwaerzler,Jurij Rodionov,match_double_faults,1.5,1.0500,,2026-07-20T11:17:36Z,2026-07-20T11:50:00Z,Team Total (Double Faults) Away,8,"{'hdp': 1.5, 'over': '1.05'}"
72986824,2026-07-20,ATP,"ATP - Kitzbuhel, Austria",Bet365,Joel Schwaerzler,Jurij Rodionov,match_double_faults,2.5,1.1400,,2026-07-20T11:17:36Z,2026-07-20T11:50:00Z,Team Total (Double Faults) Away,8,"{'hdp': 2.5, 'over': '1.14'}"
72986824,2026-07-20,ATP,"ATP - Kitzbuhel, Austria",Bet365,Joel Schwaerzler,Jurij Rodionov,match_double_faults,4.5,1.6100,,2026-07-20T11:17:36Z,2026-07-20T11:50:00Z,Team Total (Double Faults) Away,8,"{'hdp': 4.5, 'over': '1.61'}"
72986824,2026-07-20,ATP,"ATP - Kitzbuhel, Austria",Bet365,Joel Schwaerzler,Jurij Rodionov,match_double_faults,7.5,3.7500,,2026-07-20T11:17:36Z,2026-07-20T11:50:00Z,Team Total (Double Faults) Away,8,"{'hdp': 7.5, 'over': '3.75'}"
72986824,2026-07-20,ATP,"ATP - Kitzbuhel, Austria",Bet365,Joel Schwaerzler,Jurij Rodionov,match_double_faults,9.5,8.0000,,2026-07-20T11:17:36Z,2026-07-20T11:50:00Z,Team Total (Double Faults) Away,8,"{'hdp': 9.5, 'over': '8.00'}"
72986824,2026-07-20,ATP,"ATP - Kitzbuhel, Austria",Bet365,Joel Schwaerzler,Jurij Rodionov,match_double_faults,11.5,17.0000,,2026-07-20T11:17:36Z,2026-07-20T11:50:00Z,Team Total (Double Faults) Away,8,"{'hdp': 11.5, 'over': '17.00'}"
72986824,2026-07-20,ATP,"ATP - Kitzbuhel, Austria",Bet365,Joel Schwaerzler,Jurij Rodionov,match_double_faults,14.5,26.0000,,2026-07-20T11:17:36Z,2026-07-20T11:50:00Z,Team Total (Double Faults) Away,8,"{'hdp': 14.5, 'over': '26.00'}"
72986824,2026-07-20,ATP,"ATP - Kitzbuhel, Austria",Bet365,Joel Schwaerzler,Jurij Rodionov,match_aces,9.5,1.0700,,2026-07-20T11:17:36Z,2026-07-20T11:50:00Z,Totals (Aces),9,"{'hdp': 9.5, 'over': '1.07'}"
72986824,2026-07-20,ATP,"ATP - Kitzbuhel, Austria",Bet365,Joel Schwaerzler,Jurij Rodionov,match_aces,14.5,1.3300,,2026-07-20T11:17:36Z,2026-07-20T11:50:00Z,Totals (Aces),9,"{'hdp': 14.5, 'over': '1.33'}"
72986824,2026-07-20,ATP,"ATP - Kitzbuhel, Austria",Bet365,Joel Schwaerzler,Jurij Rodionov,match_aces,24.5,3.2500,,2026-07-20T11:17:36Z,2026-07-20T11:50:00Z,Totals (Aces),9,"{'hdp': 24.5, 'over': '3.25'}"
72986824,2026-07-20,ATP,"ATP - Kitzbuhel, Austria",Bet365,Joel Schwaerzler,Jurij Rodionov,match_aces,19.5,1.8300,,2026-07-20T11:17:36Z,2026-07-20T11:50:00Z,Totals (Aces),9,"{'hdp': 19.5, 'over': '1.83'}"
72986824,2026-07-20,ATP,"ATP - Kitzbuhel, Austria",Bet365,Joel Schwaerzler,Jurij Rodionov,match_aces,29.5,5.5000,,2026-07-20T11:17:36Z,2026-07-20T11:50:00Z,Totals (Aces),9,"{'hdp': 29.5, 'over': '5.50'}"
72986824,2026-07-20,ATP,"ATP - Kitzbuhel, Austria",Bet365,Joel Schwaerzler,Jurij Rodionov,match_aces,39.5,19.0000,,2026-07-20T11:17:36Z,2026-07-20T11:50:00Z,Totals (Aces),9,"{'hdp': 39.5, 'over': '19.00'}"
72986824,2026-07-20,ATP,"ATP - Kitzbuhel, Austria",Bet365,Joel Schwaerzler,Jurij Rodionov,match_aces,49.5,26.0000,,2026-07-20T11:17:36Z,2026-07-20T11:50:00Z,Totals (Aces),9,"{'hdp': 49.5, 'over': '26.00'}"
72986824,2026-07-20,ATP,"ATP - Kitzbuhel, Austria",Bet365,Joel Schwaerzler,Jurij Rodionov,match_aces,2.5,1.0500,,2026-07-20T11:17:36Z,2026-07-20T11:50:00Z,Team Total (Aces) Home,7,"{'hdp': 2.5, 'over': '1.05'}"
72986824,2026-07-20,ATP,"ATP - Kitzbuhel, Austria",Bet365,Joel Schwaerzler,Jurij Rodionov,match_aces,4.5,1.2000,,2026-07-20T11:17:36Z,2026-07-20T11:50:00Z,Team Total (Aces) Home,7,"{'hdp': 4.5, 'over': '1.20'}"
72986824,2026-07-20,ATP,"ATP - Kitzbuhel, Austria",Bet365,Joel Schwaerzler,Jurij Rodionov,match_aces,9.5,2.2500,,2026-07-20T11:17:36Z,2026-07-20T11:50:00Z,Team Total (Aces) Home,7,"{'hdp': 9.5, 'over': '2.25'}"
72986824,2026-07-20,ATP,"ATP - Kitzbuhel, Austria",Bet365,Joel Schwaerzler,Jurij Rodionov,match_aces,14.5,6.0000,,2026-07-20T11:17:36Z,2026-07-20T11:50:00Z,Team Total (Aces) Home,7,"{'hdp': 14.5, 'over': '6.00'}"
72986824,2026-07-20,ATP,"ATP - Kitzbuhel, Austria",Bet365,Joel Schwaerzler,Jurij Rodionov,match_aces,19.5,17.0000,,2026-07-20T11:17:36Z,2026-07-20T11:50:00Z,Team Total (Aces) Home,7,"{'hdp': 19.5, 'over': '17.00'}"
72986824,2026-07-20,ATP,"ATP - Kitzbuhel, Austria",Bet365,Joel Schwaerzler,Jurij Rodionov,match_aces,24.5,26.0000,,2026-07-20T11:17:36Z,2026-07-20T11:50:00Z,Team Total (Aces) Home,7,"{'hdp': 24.5, 'over': '26.00'}"
72986824,2026-07-20,ATP,"ATP - Kitzbuhel, Austria",Bet365,Joel Schwaerzler,Jurij Rodionov,match_double_faults,11.5,3.0000,,2026-07-20T11:17:36Z,2026-07-20T11:50:00Z,Totals (Double Faults),8,"{'hdp': 11.5, 'over': '3.00'}"
72986824,2026-07-20,ATP,"ATP - Kitzbuhel, Austria",Bet365,Joel Schwaerzler,Jurij Rodionov,match_double_faults,4.5,1.0500,,2026-07-20T11:17:36Z,2026-07-20T11:50:00Z,Totals (Double Faults),8,"{'hdp': 4.5, 'over': '1.05'}"
72986824,2026-07-20,ATP,"ATP - Kitzbuhel, Austria",Bet365,Joel Schwaerzler,Jurij Rodionov,match_double_faults,7.5,1.3600,,2026-07-20T11:17:36Z,2026-07-20T11:50:00Z,Totals (Double Faults),8,"{'hdp': 7.5, 'over': '1.36'}"
72986824,2026-07-20,ATP,"ATP - Kitzbuhel, Austria",Bet365,Joel Schwaerzler,Jurij Rodionov,match_double_faults,9.5,1.8300,,2026-07-20T11:17:36Z,2026-07-20T11:50:00Z,Totals (Double Faults),8,"{'hdp': 9.5, 'over': '1.83'}"
72986824,2026-07-20,ATP,"ATP - Kitzbuhel, Austria",Bet365,Joel Schwaerzler,Jurij Rodionov,match_double_faults,14.5,6.5000,,2026-07-20T11:17:36Z,2026-07-20T11:50:00Z,Totals (Double Faults),8,"{'hdp': 14.5, 'over': '6.50'}"
72986824,2026-07-20,ATP,"ATP - Kitzbuhel, Austria",Bet365,Joel Schwaerzler,Jurij Rodionov,match_double_faults,19.5,26.0000,,2026-07-20T11:17:36Z,2026-07-20T11:50:00Z,Totals (Double Faults),8,"{'hdp': 19.5, 'over': '26.00'}"
72986824,2026-07-20,ATP,"ATP - Kitzbuhel, Austria",Bet365,Joel Schwaerzler,Jurij Rodionov,match_double_faults,2.5,1.2500,,2026-07-20T11:17:36Z,2026-07-20T11:50:00Z,Team Total (Double Faults) Home,7,"{'hdp': 2.5, 'over': '1.25'}"
72986824,2026-07-20,ATP,"ATP - Kitzbuhel, Austria",Bet365,Joel Schwaerzler,Jurij Rodionov,match_double_faults,0.5,1.0100,,2026-07-20T11:17:36Z,2026-07-20T11:50:00Z,Team Total (Double Faults) Home,7,"{'hdp': 0.5, 'over': '1.01'}"
72986824,2026-07-20,ATP,"ATP - Kitzbuhel, Austria",Bet365,Joel Schwaerzler,Jurij Rodionov,match_double_faults,1.5,1.0800,,2026-07-20T11:17:36Z,2026-07-20T11:50:00Z,Team Total (Double Faults) Home,7,"{'hdp': 1.5, 'over': '1.08'}"
72986824,2026-07-20,ATP,"ATP - Kitzbuhel, Austria",Bet365,Joel Schwaerzler,Jurij Rodionov,match_double_faults,4.5,2.2000,,2026-07-20T11:17:36Z,2026-07-20T11:50:00Z,Team Total (Double Faults) Home,7,"{'hdp': 4.5, 'over': '2.20'}"
72986824,2026-07-20,ATP,"ATP - Kitzbuhel, Austria",Bet365,Joel Schwaerzler,Jurij Rodionov,match_double_faults,7.5,8.0000,,2026-07-20T11:17:36Z,2026-07-20T11:50:00Z,Team Total (Double Faults) Home,7,"{'hdp': 7.5, 'over': '8.00'}"
72986824,2026-07-20,ATP,"ATP - Kitzbuhel, Austria",Bet365,Joel Schwaerzler,Jurij Rodionov,match_double_faults,9.5,21.0000,,2026-07-20T11:17:36Z,2026-07-20T11:50:00Z,Team Total (Double Faults) Home,7,"{'hdp': 9.5, 'over': '21.00'}"
72986824,2026-07-20,ATP,"ATP - Kitzbuhel, Austria",Bet365,Joel Schwaerzler,Jurij Rodionov,match_double_faults,11.5,26.0000,,2026-07-20T11:17:36Z,2026-07-20T11:50:00Z,Team Total (Double Faults) Home,7,"{'hdp': 11.5, 'over': '26.00'}"
72986824,2026-07-20,ATP,"ATP - Kitzbuhel, Austria",Bet365,Joel Schwaerzler,Jurij Rodionov,match_aces,4.5,1.0800,,2026-07-20T11:17:36Z,2026-07-20T11:50:00Z,Team Total (Aces) Away,8,"{'hdp': 4.5, 'over': '1.08'}"
72986824,2026-07-20,ATP,"ATP - Kitzbuhel, Austria",Bet365,Joel Schwaerzler,Jurij Rodionov,match_aces,14.5,3.4000,,2026-07-20T11:17:36Z,2026-07-20T11:50:00Z,Team Total (Aces) Away,8,"{'hdp': 14.5, 'over': '3.40'}"
72986824,2026-07-20,ATP,"ATP - Kitzbuhel, Austria",Bet365,Joel Schwaerzler,Jurij Rodionov,match_aces,19.5,8.0000,,2026-07-20T11:17:36Z,2026-07-20T11:50:00Z,Team Total (Aces) Away,8,"{'hdp': 19.5, 'over': '8.00'}"
72986824,2026-07-20,ATP,"ATP - Kitzbuhel, Austria",Bet365,Joel Schwaerzler,Jurij Rodionov,match_aces,2.5,1.0200,,2026-07-20T11:17:36Z,2026-07-20T11:50:00Z,Team Total (Aces) Away,8,"{'hdp': 2.5, 'over': '1.02'}"
72986824,2026-07-20,ATP,"ATP - Kitzbuhel, Austria",Bet365,Joel Schwaerzler,Jurij Rodionov,match_aces,9.5,1.6600,,2026-07-20T11:17:36Z,2026-07-20T11:50:00Z,Team Total (Aces) Away,8,"{'hdp': 9.5, 'over': '1.66'}"
72986824,2026-07-20,ATP,"ATP - Kitzbuhel, Austria",Bet365,Joel Schwaerzler,Jurij Rodionov,match_aces,24.5,17.0000,,2026-07-20T11:17:36Z,2026-07-20T11:50:00Z,Team Total (Aces) Away,8,"{'hdp': 24.5, 'over': '17.00'}"
72986824,2026-07-20,ATP,"ATP - Kitzbuhel, Austria",Bet365,Joel Schwaerzler,Jurij Rodionov,match_aces,29.5,26.0000,,2026-07-20T11:17:36Z,2026-07-20T11:50:00Z,Team Total (Aces) Away,8,"{'hdp': 29.5, 'over': '26.00'}"
72986392,2026-07-20,WTA,"WTA - Prague, Czech Republic",Bet365,Ayla Aksu,Sofia Costoulas,match_aces,2.5,1.1400,,2026-07-20T11:17:36Z,2026-07-20T12:00:00Z,Team Total (Aces) Away,5,"{'hdp': 2.5, 'over': '1.14'}"
72986392,2026-07-20,WTA,"WTA - Prague, Czech Republic",Bet365,Ayla Aksu,Sofia Costoulas,match_aces,4.5,1.5700,,2026-07-20T11:17:36Z,2026-07-20T12:00:00Z,Team Total (Aces) Away,5,"{'hdp': 4.5, 'over': '1.57'}"
72986392,2026-07-20,WTA,"WTA - Prague, Czech Republic",Bet365,Ayla Aksu,Sofia Costoulas,match_aces,9.5,6.0000,,2026-07-20T11:17:36Z,2026-07-20T12:00:00Z,Team Total (Aces) Away,5,"{'hdp': 9.5, 'over': '6.00'}"
72986392,2026-07-20,WTA,"WTA - Prague, Czech Republic",Bet365,Ayla Aksu,Sofia Costoulas,match_aces,14.5,26.0000,,2026-07-20T11:17:36Z,2026-07-20T12:00:00Z,Team Total (Aces) Away,5,"{'hdp': 14.5, 'over': '26.00'}"
72986392,2026-07-20,WTA,"WTA - Prague, Czech Republic",Bet365,Ayla Aksu,Sofia Costoulas,match_aces,0.5,1.0500,,2026-07-20T11:17:36Z,2026-07-20T12:00:00Z,Team Total (Aces) Home,5,"{'hdp': 0.5, 'over': '1.05'}"
72986392,2026-07-20,WTA,"WTA - Prague, Czech Republic",Bet365,Ayla Aksu,Sofia Costoulas,match_aces,2.5,1.5300,,2026-07-20T11:17:36Z,2026-07-20T12:00:00Z,Team Total (Aces) Home,5,"{'hdp': 2.5, 'over': '1.53'}"
72986392,2026-07-20,WTA,"WTA - Prague, Czech Republic",Bet365,Ayla Aksu,Sofia Costoulas,match_aces,4.5,3.0000,,2026-07-20T11:17:36Z,2026-07-20T12:00:00Z,Team Total (Aces) Home,5,"{'hdp': 4.5, 'over': '3.00'}"
72986392,2026-07-20,WTA,"WTA - Prague, Czech Republic",Bet365,Ayla Aksu,Sofia Costoulas,match_aces,9.5,23.0000,,2026-07-20T11:17:36Z,2026-07-20T12:00:00Z,Team Total (Aces) Home,5,"{'hdp': 9.5, 'over': '23.00'}"
72986392,2026-07-20,WTA,"WTA - Prague, Czech Republic",Bet365,Ayla Aksu,Sofia Costoulas,match_aces,14.5,26.0000,,2026-07-20T11:17:36Z,2026-07-20T12:00:00Z,Team Total (Aces) Home,5,"{'hdp': 14.5, 'over': '26.00'}"
72986392,2026-07-20,WTA,"WTA - Prague, Czech Republic",Bet365,Ayla Aksu,Sofia Costoulas,match_double_faults,1.5,1.0100,,2026-07-20T11:17:36Z,2026-07-20T12:00:00Z,Team Total (Double Faults) Home,8,"{'hdp': 1.5, 'over': '1.01'}"
72986392,2026-07-20,WTA,"WTA - Prague, Czech Republic",Bet365,Ayla Aksu,Sofia Costoulas,match_double_faults,2.5,1.0500,,2026-07-20T11:17:36Z,2026-07-20T12:00:00Z,Team Total (Double Faults) Home,8,"{'hdp': 2.5, 'over': '1.05'}"
72986392,2026-07-20,WTA,"WTA - Prague, Czech Republic",Bet365,Ayla Aksu,Sofia Costoulas,match_double_faults,4.5,1.2800,,2026-07-20T11:17:36Z,2026-07-20T12:00:00Z,Team Total (Double Faults) Home,8,"{'hdp': 4.5, 'over': '1.28'}"
72986392,2026-07-20,WTA,"WTA - Prague, Czech Republic",Bet365,Ayla Aksu,Sofia Costoulas,match_double_faults,7.5,2.5000,,2026-07-20T11:17:36Z,2026-07-20T12:00:00Z,Team Total (Double Faults) Home,8,"{'hdp': 7.5, 'over': '2.50'}"
72986392,2026-07-20,WTA,"WTA - Prague, Czech Republic",Bet365,Ayla Aksu,Sofia Costoulas,match_double_faults,9.5,4.5000,,2026-07-20T11:17:36Z,2026-07-20T12:00:00Z,Team Total (Double Faults) Home,8,"{'hdp': 9.5, 'over': '4.50'}"
72986392,2026-07-20,WTA,"WTA - Prague, Czech Republic",Bet365,Ayla Aksu,Sofia Costoulas,match_double_faults,11.5,10.0000,,2026-07-20T11:17:36Z,2026-07-20T12:00:00Z,Team Total (Double Faults) Home,8,"{'hdp': 11.5, 'over': '10.00'}"
72986392,2026-07-20,WTA,"WTA - Prague, Czech Republic",Bet365,Ayla Aksu,Sofia Costoulas,match_double_faults,14.5,26.0000,,2026-07-20T11:17:36Z,2026-07-20T12:00:00Z,Team Total (Double Faults) Home,8,"{'hdp': 14.5, 'over': '26.00'}"
72986392,2026-07-20,WTA,"WTA - Prague, Czech Republic",Bet365,Ayla Aksu,Sofia Costoulas,match_aces,2.5,1.0200,,2026-07-20T11:17:36Z,2026-07-20T12:00:00Z,Totals (Aces),7,"{'hdp': 2.5, 'over': '1.02'}"
72986392,2026-07-20,WTA,"WTA - Prague, Czech Republic",Bet365,Ayla Aksu,Sofia Costoulas,match_aces,4.5,1.1200,,2026-07-20T11:17:36Z,2026-07-20T12:00:00Z,Totals (Aces),7,"{'hdp': 4.5, 'over': '1.12'}"
72986392,2026-07-20,WTA,"WTA - Prague, Czech Republic",Bet365,Ayla Aksu,Sofia Costoulas,match_aces,9.5,2.1000,,2026-07-20T11:17:36Z,2026-07-20T12:00:00Z,Totals (Aces),7,"{'hdp': 9.5, 'over': '2.10'}"
72986392,2026-07-20,WTA,"WTA - Prague, Czech Republic",Bet365,Ayla Aksu,Sofia Costoulas,match_aces,14.5,5.5000,,2026-07-20T11:17:36Z,2026-07-20T12:00:00Z,Totals (Aces),7,"{'hdp': 14.5, 'over': '5.50'}"
72986392,2026-07-20,WTA,"WTA - Prague, Czech Republic",Bet365,Ayla Aksu,Sofia Costoulas,match_aces,19.5,19.0000,,2026-07-20T11:17:36Z,2026-07-20T12:00:00Z,Totals (Aces),7,"{'hdp': 19.5, 'over': '19.00'}"
72986392,2026-07-20,WTA,"WTA - Prague, Czech Republic",Bet365,Ayla Aksu,Sofia Costoulas,match_aces,24.5,26.0000,,2026-07-20T11:17:36Z,2026-07-20T12:00:00Z,Totals (Aces),7,"{'hdp': 24.5, 'over': '26.00'}"
72986392,2026-07-20,WTA,"WTA - Prague, Czech Republic",Bet365,Ayla Aksu,Sofia Costoulas,match_double_faults,4.5,1.0200,,2026-07-20T11:17:36Z,2026-07-20T12:00:00Z,Totals (Double Faults),9,"{'hdp': 4.5, 'over': '1.02'}"
72986392,2026-07-20,WTA,"WTA - Prague, Czech Republic",Bet365,Ayla Aksu,Sofia Costoulas,match_double_faults,7.5,1.1800,,2026-07-20T11:17:36Z,2026-07-20T12:00:00Z,Totals (Double Faults),9,"{'hdp': 7.5, 'over': '1.18'}"
72986392,2026-07-20,WTA,"WTA - Prague, Czech Republic",Bet365,Ayla Aksu,Sofia Costoulas,match_double_faults,9.5,1.4400,,2026-07-20T11:17:36Z,2026-07-20T12:00:00Z,Totals (Double Faults),9,"{'hdp': 9.5, 'over': '1.44'}"
72986392,2026-07-20,WTA,"WTA - Prague, Czech Republic",Bet365,Ayla Aksu,Sofia Costoulas,match_double_faults,11.5,2.0000,,2026-07-20T11:17:36Z,2026-07-20T12:00:00Z,Totals (Double Faults),9,"{'hdp': 11.5, 'over': '2.00'}"
72986392,2026-07-20,WTA,"WTA - Prague, Czech Republic",Bet365,Ayla Aksu,Sofia Costoulas,match_double_faults,14.5,3.7500,,2026-07-20T11:17:36Z,2026-07-20T12:00:00Z,Totals (Double Faults),9,"{'hdp': 14.5, 'over': '3.75'}"
72986392,2026-07-20,WTA,"WTA - Prague, Czech Republic",Bet365,Ayla Aksu,Sofia Costoulas,match_double_faults,19.5,15.0000,,2026-07-20T11:17:36Z,2026-07-20T12:00:00Z,Totals (Double Faults),9,"{'hdp': 19.5, 'over': '15.00'}"
72986392,2026-07-20,WTA,"WTA - Prague, Czech Republic",Bet365,Ayla Aksu,Sofia Costoulas,match_double_faults,24.5,26.0000,,2026-07-20T11:17:36Z,2026-07-20T12:00:00Z,Totals (Double Faults),9,"{'hdp': 24.5, 'over': '26.00'}"
72986392,2026-07-20,WTA,"WTA - Prague, Czech Republic",Bet365,Ayla Aksu,Sofia Costoulas,match_double_faults,0.5,1.0100,,2026-07-20T11:17:36Z,2026-07-20T12:00:00Z,Team Total (Double Faults) Away,7,"{'hdp': 0.5, 'over': '1.01'}"
72986392,2026-07-20,WTA,"WTA - Prague, Czech Republic",Bet365,Ayla Aksu,Sofia Costoulas,match_double_faults,1.5,1.0800,,2026-07-20T11:17:36Z,2026-07-20T12:00:00Z,Team Total (Double Faults) Away,7,"{'hdp': 1.5, 'over': '1.08'}"
72986392,2026-07-20,WTA,"WTA - Prague, Czech Republic",Bet365,Ayla Aksu,Sofia Costoulas,match_double_faults,2.5,1.2200,,2026-07-20T11:17:36Z,2026-07-20T12:00:00Z,Team Total (Double Faults) Away,7,"{'hdp': 2.5, 'over': '1.22'}"
72986392,2026-07-20,WTA,"WTA - Prague, Czech Republic",Bet365,Ayla Aksu,Sofia Costoulas,match_double_faults,4.5,1.9000,,2026-07-20T11:17:36Z,2026-07-20T12:00:00Z,Team Total (Double Faults) Away,7,"{'hdp': 4.5, 'over': '1.90'}"
72986392,2026-07-20,WTA,"WTA - Prague, Czech Republic",Bet365,Ayla Aksu,Sofia Costoulas,match_double_faults,7.5,5.5000,,2026-07-20T11:17:36Z,2026-07-20T12:00:00Z,Team Total (Double Faults) Away,7,"{'hdp': 7.5, 'over': '5.50'}"
72986392,2026-07-20,WTA,"WTA - Prague, Czech Republic",Bet365,Ayla Aksu,Sofia Costoulas,match_double_faults,9.5,13.0000,,2026-07-20T11:17:36Z,2026-07-20T12:00:00Z,Team Total (Double Faults) Away,7,"{'hdp': 9.5, 'over': '13.00'}"
72986392,2026-07-20,WTA,"WTA - Prague, Czech Republic",Bet365,Ayla Aksu,Sofia Costoulas,match_double_faults,11.5,26.0000,,2026-07-20T11:17:36Z,2026-07-20T12:00:00Z,Team Total (Double Faults) Away,7,"{'hdp': 11.5, 'over': '26.00'}"
72965456,2026-07-20,ATP,"ATP - Estoril, Portugal",Bet365,Titouan Droguet,Camilo Ugo Carabelli,match_double_faults,4.5,9.0000,,2026-07-20T11:17:36Z,2026-07-20T12:10:00Z,Team Total (Double Faults) Away,5,"{'hdp': 4.5, 'over': '9.00'}"
72965456,2026-07-20,ATP,"ATP - Estoril, Portugal",Bet365,Titouan Droguet,Camilo Ugo Carabelli,match_double_faults,7.5,26.0000,,2026-07-20T11:17:36Z,2026-07-20T12:10:00Z,Team Total (Double Faults) Away,5,"{'hdp': 7.5, 'over': '26.00'}"
72965456,2026-07-20,ATP,"ATP - Estoril, Portugal",Bet365,Titouan Droguet,Camilo Ugo Carabelli,match_double_faults,0.5,1.1200,,2026-07-20T11:17:36Z,2026-07-20T12:10:00Z,Team Total (Double Faults) Away,5,"{'hdp': 0.5, 'over': '1.12'}"
72965456,2026-07-20,ATP,"ATP - Estoril, Portugal",Bet365,Titouan Droguet,Camilo Ugo Carabelli,match_double_faults,1.5,1.5300,,2026-07-20T11:17:36Z,2026-07-20T12:10:00Z,Team Total (Double Faults) Away,5,"{'hdp': 1.5, 'over': '1.53'}"
72965456,2026-07-20,ATP,"ATP - Estoril, Portugal",Bet365,Titouan Droguet,Camilo Ugo Carabelli,match_double_faults,2.5,2.5000,,2026-07-20T11:17:36Z,2026-07-20T12:10:00Z,Team Total (Double Faults) Away,5,"{'hdp': 2.5, 'over': '2.50'}"
72965456,2026-07-20,ATP,"ATP - Estoril, Portugal",Bet365,Titouan Droguet,Camilo Ugo Carabelli,match_double_faults,0.5,1.0500,,2026-07-20T11:17:36Z,2026-07-20T12:10:00Z,Team Total (Double Faults) Home,5,"{'hdp': 0.5, 'over': '1.05'}"
72965456,2026-07-20,ATP,"ATP - Estoril, Portugal",Bet365,Titouan Droguet,Camilo Ugo Carabelli,match_double_faults,2.5,1.7200,,2026-07-20T11:17:36Z,2026-07-20T12:10:00Z,Team Total (Double Faults) Home,5,"{'hdp': 2.5, 'over': '1.72'}"
72965456,2026-07-20,ATP,"ATP - Estoril, Portugal",Bet365,Titouan Droguet,Camilo Ugo Carabelli,match_double_faults,4.5,4.5000,,2026-07-20T11:17:36Z,2026-07-20T12:10:00Z,Team Total (Double Faults) Home,5,"{'hdp': 4.5, 'over': '4.50'}"
72965456,2026-07-20,ATP,"ATP - Estoril, Portugal",Bet365,Titouan Droguet,Camilo Ugo Carabelli,match_double_faults,7.5,26.0000,,2026-07-20T11:17:36Z,2026-07-20T12:10:00Z,Team Total (Double Faults) Home,5,"{'hdp': 7.5, 'over': '26.00'}"
72965456,2026-07-20,ATP,"ATP - Estoril, Portugal",Bet365,Titouan Droguet,Camilo Ugo Carabelli,match_double_faults,1.5,1.2500,,2026-07-20T11:17:36Z,2026-07-20T12:10:00Z,Team Total (Double Faults) Home,5,"{'hdp': 1.5, 'over': '1.25'}"
72965456,2026-07-20,ATP,"ATP - Estoril, Portugal",Bet365,Titouan Droguet,Camilo Ugo Carabelli,match_aces,2.5,1.0300,,2026-07-20T11:17:36Z,2026-07-20T12:10:00Z,Totals (Aces),7,"{'hdp': 2.5, 'over': '1.03'}"
72965456,2026-07-20,ATP,"ATP - Estoril, Portugal",Bet365,Titouan Droguet,Camilo Ugo Carabelli,match_aces,4.5,1.1600,,2026-07-20T11:17:36Z,2026-07-20T12:10:00Z,Totals (Aces),7,"{'hdp': 4.5, 'over': '1.16'}"
72965456,2026-07-20,ATP,"ATP - Estoril, Portugal",Bet365,Titouan Droguet,Camilo Ugo Carabelli,match_aces,9.5,2.3700,,2026-07-20T11:17:36Z,2026-07-20T12:10:00Z,Totals (Aces),7,"{'hdp': 9.5, 'over': '2.37'}"
72965456,2026-07-20,ATP,"ATP - Estoril, Portugal",Bet365,Titouan Droguet,Camilo Ugo Carabelli,match_aces,14.5,7.0000,,2026-07-20T11:17:36Z,2026-07-20T12:10:00Z,Totals (Aces),7,"{'hdp': 14.5, 'over': '7.00'}"
72965456,2026-07-20,ATP,"ATP - Estoril, Portugal",Bet365,Titouan Droguet,Camilo Ugo Carabelli,match_aces,19.5,23.0000,,2026-07-20T11:17:36Z,2026-07-20T12:10:00Z,Totals (Aces),7,"{'hdp': 19.5, 'over': '23.00'}"
72965456,2026-07-20,ATP,"ATP - Estoril, Portugal",Bet365,Titouan Droguet,Camilo Ugo Carabelli,match_aces,24.5,26.0000,,2026-07-20T11:17:36Z,2026-07-20T12:10:00Z,Totals (Aces),7,"{'hdp': 24.5, 'over': '26.00'}"
72965456,2026-07-20,ATP,"ATP - Estoril, Portugal",Bet365,Titouan Droguet,Camilo Ugo Carabelli,match_double_faults,1.5,1.0400,,2026-07-20T11:17:36Z,2026-07-20T12:10:00Z,Totals (Double Faults),7,"{'hdp': 1.5, 'over': '1.04'}"
72965456,2026-07-20,ATP,"ATP - Estoril, Portugal",Bet365,Titouan Droguet,Camilo Ugo Carabelli,match_double_faults,2.5,1.1200,,2026-07-20T11:17:36Z,2026-07-20T12:10:00Z,Totals (Double Faults),7,"{'hdp': 2.5, 'over': '1.12'}"
72965456,2026-07-20,ATP,"ATP - Estoril, Portugal",Bet365,Titouan Droguet,Camilo Ugo Carabelli,match_double_faults,4.5,1.6600,,2026-07-20T11:17:36Z,2026-07-20T12:10:00Z,Totals (Double Faults),7,"{'hdp': 4.5, 'over': '1.66'}"
72965456,2026-07-20,ATP,"ATP - Estoril, Portugal",Bet365,Titouan Droguet,Camilo Ugo Carabelli,match_double_faults,7.5,5.0000,,2026-07-20T11:17:36Z,2026-07-20T12:10:00Z,Totals (Double Faults),7,"{'hdp': 7.5, 'over': '5.00'}"
72965456,2026-07-20,ATP,"ATP - Estoril, Portugal",Bet365,Titouan Droguet,Camilo Ugo Carabelli,match_double_faults,9.5,13.0000,,2026-07-20T11:17:36Z,2026-07-20T12:10:00Z,Totals (Double Faults),7,"{'hdp': 9.5, 'over': '13.00'}"
72965456,2026-07-20,ATP,"ATP - Estoril, Portugal",Bet365,Titouan Droguet,Camilo Ugo Carabelli,match_double_faults,11.5,26.0000,,2026-07-20T11:17:36Z,2026-07-20T12:10:00Z,Totals (Double Faults),7,"{'hdp': 11.5, 'over': '26.00'}"
72965456,2026-07-20,ATP,"ATP - Estoril, Portugal",Bet365,Titouan Droguet,Camilo Ugo Carabelli,match_aces,0.5,1.0600,,2026-07-20T11:17:36Z,2026-07-20T12:10:00Z,Team Total (Aces) Away,4,"{'hdp': 0.5, 'over': '1.06'}"
72965456,2026-07-20,ATP,"ATP - Estoril, Portugal",Bet365,Titouan Droguet,Camilo Ugo Carabelli,match_aces,2.5,1.7200,,2026-07-20T11:17:36Z,2026-07-20T12:10:00Z,Team Total (Aces) Away,4,"{'hdp': 2.5, 'over': '1.72'}"
72965456,2026-07-20,ATP,"ATP - Estoril, Portugal",Bet365,Titouan Droguet,Camilo Ugo Carabelli,match_aces,4.5,3.7500,,2026-07-20T11:17:36Z,2026-07-20T12:10:00Z,Team Total (Aces) Away,4,"{'hdp': 4.5, 'over': '3.75'}"
72965456,2026-07-20,ATP,"ATP - Estoril, Portugal",Bet365,Titouan Droguet,Camilo Ugo Carabelli,match_aces,9.5,26.0000,,2026-07-20T11:17:36Z,2026-07-20T12:10:00Z,Team Total (Aces) Away,4,"{'hdp': 9.5, 'over': '26.00'}"
72965456,2026-07-20,ATP,"ATP - Estoril, Portugal",Bet365,Titouan Droguet,Camilo Ugo Carabelli,match_aces,0.5,1.0100,,2026-07-20T11:17:36Z,2026-07-20T12:10:00Z,Team Total (Aces) Home,5,"{'hdp': 0.5, 'over': '1.01'}"
72965456,2026-07-20,ATP,"ATP - Estoril, Portugal",Bet365,Titouan Droguet,Camilo Ugo Carabelli,match_aces,2.5,1.1600,,2026-07-20T11:17:36Z,2026-07-20T12:10:00Z,Team Total (Aces) Home,5,"{'hdp': 2.5, 'over': '1.16'}"
72965456,2026-07-20,ATP,"ATP - Estoril, Portugal",Bet365,Titouan Droguet,Camilo Ugo Carabelli,match_aces,4.5,1.6100,,2026-07-20T11:17:36Z,2026-07-20T12:10:00Z,Team Total (Aces) Home,5,"{'hdp': 4.5, 'over': '1.61'}"
72965456,2026-07-20,ATP,"ATP - Estoril, Portugal",Bet365,Titouan Droguet,Camilo Ugo Carabelli,match_aces,9.5,6.5000,,2026-07-20T11:17:36Z,2026-07-20T12:10:00Z,Team Total (Aces) Home,5,"{'hdp': 9.5, 'over': '6.50'}"
72965456,2026-07-20,ATP,"ATP - Estoril, Portugal",Bet365,Titouan Droguet,Camilo Ugo Carabelli,match_aces,14.5,26.0000,,2026-07-20T11:17:36Z,2026-07-20T12:10:00Z,Team Total (Aces) Home,5,"{'hdp': 14.5, 'over': '26.00'}"
72960900,2026-07-20,ATP,"ATP - Kitzbuhel, Austria",Bet365,Vit Kopriva,Ignacio Buse,match_double_faults,0.5,1.0200,,2026-07-20T11:17:36Z,2026-07-20T13:00:00Z,Team Total (Double Faults) Away,7,"{'hdp': 0.5, 'over': '1.02'}"
72960900,2026-07-20,ATP,"ATP - Kitzbuhel, Austria",Bet365,Vit Kopriva,Ignacio Buse,match_double_faults,1.5,1.1400,,2026-07-20T11:17:36Z,2026-07-20T13:00:00Z,Team Total (Double Faults) Away,7,"{'hdp': 1.5, 'over': '1.14'}"
72960900,2026-07-20,ATP,"ATP - Kitzbuhel, Austria",Bet365,Vit Kopriva,Ignacio Buse,match_double_faults,2.5,1.3600,,2026-07-20T11:17:36Z,2026-07-20T13:00:00Z,Team Total (Double Faults) Away,7,"{'hdp': 2.5, 'over': '1.36'}"
72960900,2026-07-20,ATP,"ATP - Kitzbuhel, Austria",Bet365,Vit Kopriva,Ignacio Buse,match_double_faults,4.5,2.5000,,2026-07-20T11:17:36Z,2026-07-20T13:00:00Z,Team Total (Double Faults) Away,7,"{'hdp': 4.5, 'over': '2.50'}"
72960900,2026-07-20,ATP,"ATP - Kitzbuhel, Austria",Bet365,Vit Kopriva,Ignacio Buse,match_double_faults,7.5,10.0000,,2026-07-20T11:17:36Z,2026-07-20T13:00:00Z,Team Total (Double Faults) Away,7,"{'hdp': 7.5, 'over': '10.00'}"
72960900,2026-07-20,ATP,"ATP - Kitzbuhel, Austria",Bet365,Vit Kopriva,Ignacio Buse,match_double_faults,9.5,23.0000,,2026-07-20T11:17:36Z,2026-07-20T13:00:00Z,Team Total (Double Faults) Away,7,"{'hdp': 9.5, 'over': '23.00'}"
72960900,2026-07-20,ATP,"ATP - Kitzbuhel, Austria",Bet365,Vit Kopriva,Ignacio Buse,match_double_faults,11.5,26.0000,,2026-07-20T11:17:36Z,2026-07-20T13:00:00Z,Team Total (Double Faults) Away,7,"{'hdp': 11.5, 'over': '26.00'}"
72960900,2026-07-20,ATP,"ATP - Kitzbuhel, Austria",Bet365,Vit Kopriva,Ignacio Buse,match_double_faults,4.5,1.0500,,2026-07-20T11:17:36Z,2026-07-20T13:00:00Z,Totals (Double Faults),8,"{'hdp': 4.5, 'over': '1.05'}"
72960900,2026-07-20,ATP,"ATP - Kitzbuhel, Austria",Bet365,Vit Kopriva,Ignacio Buse,match_double_faults,7.5,1.3600,,2026-07-20T11:17:36Z,2026-07-20T13:00:00Z,Totals (Double Faults),8,"{'hdp': 7.5, 'over': '1.36'}"
72960900,2026-07-20,ATP,"ATP - Kitzbuhel, Austria",Bet365,Vit Kopriva,Ignacio Buse,match_double_faults,9.5,1.8300,,2026-07-20T11:17:36Z,2026-07-20T13:00:00Z,Totals (Double Faults),8,"{'hdp': 9.5, 'over': '1.83'}"
72960900,2026-07-20,ATP,"ATP - Kitzbuhel, Austria",Bet365,Vit Kopriva,Ignacio Buse,match_double_faults,11.5,3.0000,,2026-07-20T11:17:36Z,2026-07-20T13:00:00Z,Totals (Double Faults),8,"{'hdp': 11.5, 'over': '3.00'}"
72960900,2026-07-20,ATP,"ATP - Kitzbuhel, Austria",Bet365,Vit Kopriva,Ignacio Buse,match_double_faults,14.5,7.0000,,2026-07-20T11:17:36Z,2026-07-20T13:00:00Z,Totals (Double Faults),8,"{'hdp': 14.5, 'over': '7.00'}"
72960900,2026-07-20,ATP,"ATP - Kitzbuhel, Austria",Bet365,Vit Kopriva,Ignacio Buse,match_double_faults,19.5,26.0000,,2026-07-20T11:17:36Z,2026-07-20T13:00:00Z,Totals (Double Faults),8,"{'hdp': 19.5, 'over': '26.00'}"
72960900,2026-07-20,ATP,"ATP - Kitzbuhel, Austria",Bet365,Vit Kopriva,Ignacio Buse,match_aces,2.5,1.0700,,2026-07-20T11:17:36Z,2026-07-20T13:00:00Z,Team Total (Aces) Away,6,"{'hdp': 2.5, 'over': '1.07'}"
72960900,2026-07-20,ATP,"ATP - Kitzbuhel, Austria",Bet365,Vit Kopriva,Ignacio Buse,match_aces,4.5,1.2800,,2026-07-20T11:17:36Z,2026-07-20T13:00:00Z,Team Total (Aces) Away,6,"{'hdp': 4.5, 'over': '1.28'}"
72960900,2026-07-20,ATP,"ATP - Kitzbuhel, Austria",Bet365,Vit Kopriva,Ignacio Buse,match_aces,9.5,3.2500,,2026-07-20T11:17:36Z,2026-07-20T13:00:00Z,Team Total (Aces) Away,6,"{'hdp': 9.5, 'over': '3.25'}"
72960900,2026-07-20,ATP,"ATP - Kitzbuhel, Austria",Bet365,Vit Kopriva,Ignacio Buse,match_aces,14.5,11.0000,,2026-07-20T11:17:36Z,2026-07-20T13:00:00Z,Team Total (Aces) Away,6,"{'hdp': 14.5, 'over': '11.00'}"
72960900,2026-07-20,ATP,"ATP - Kitzbuhel, Austria",Bet365,Vit Kopriva,Ignacio Buse,match_aces,19.5,26.0000,,2026-07-20T11:17:36Z,2026-07-20T13:00:00Z,Team Total (Aces) Away,6,"{'hdp': 19.5, 'over': '26.00'}"
72960900,2026-07-20,ATP,"ATP - Kitzbuhel, Austria",Bet365,Vit Kopriva,Ignacio Buse,match_aces,2.5,1.1200,,2026-07-20T11:17:36Z,2026-07-20T13:00:00Z,Team Total (Aces) Home,6,"{'hdp': 2.5, 'over': '1.12'}"
72960900,2026-07-20,ATP,"ATP - Kitzbuhel, Austria",Bet365,Vit Kopriva,Ignacio Buse,match_aces,4.5,1.4400,,2026-07-20T11:17:36Z,2026-07-20T13:00:00Z,Team Total (Aces) Home,6,"{'hdp': 4.5, 'over': '1.44'}"
72960900,2026-07-20,ATP,"ATP - Kitzbuhel, Austria",Bet365,Vit Kopriva,Ignacio Buse,match_aces,9.5,4.3300,,2026-07-20T11:17:36Z,2026-07-20T13:00:00Z,Team Total (Aces) Home,6,"{'hdp': 9.5, 'over': '4.33'}"
72960900,2026-07-20,ATP,"ATP - Kitzbuhel, Austria",Bet365,Vit Kopriva,Ignacio Buse,match_aces,14.5,17.0000,,2026-07-20T11:17:36Z,2026-07-20T13:00:00Z,Team Total (Aces) Home,6,"{'hdp': 14.5, 'over': '17.00'}"
72960900,2026-07-20,ATP,"ATP - Kitzbuhel, Austria",Bet365,Vit Kopriva,Ignacio Buse,match_aces,19.5,26.0000,,2026-07-20T11:17:36Z,2026-07-20T13:00:00Z,Team Total (Aces) Home,6,"{'hdp': 19.5, 'over': '26.00'}"
72960900,2026-07-20,ATP,"ATP - Kitzbuhel, Austria",Bet365,Vit Kopriva,Ignacio Buse,match_double_faults,1.5,1.0200,,2026-07-20T11:17:36Z,2026-07-20T13:00:00Z,Team Total (Double Faults) Home,8,"{'hdp': 1.5, 'over': '1.02'}"
72960900,2026-07-20,ATP,"ATP - Kitzbuhel, Austria",Bet365,Vit Kopriva,Ignacio Buse,match_double_faults,2.5,1.1000,,2026-07-20T11:17:36Z,2026-07-20T13:00:00Z,Team Total (Double Faults) Home,8,"{'hdp': 2.5, 'over': '1.10'}"
72960900,2026-07-20,ATP,"ATP - Kitzbuhel, Austria",Bet365,Vit Kopriva,Ignacio Buse,match_double_faults,4.5,1.5000,,2026-07-20T11:17:36Z,2026-07-20T13:00:00Z,Team Total (Double Faults) Home,8,"{'hdp': 4.5, 'over': '1.50'}"
72960900,2026-07-20,ATP,"ATP - Kitzbuhel, Austria",Bet365,Vit Kopriva,Ignacio Buse,match_double_faults,7.5,3.5000,,2026-07-20T11:17:36Z,2026-07-20T13:00:00Z,Team Total (Double Faults) Home,8,"{'hdp': 7.5, 'over': '3.50'}"
72960900,2026-07-20,ATP,"ATP - Kitzbuhel, Austria",Bet365,Vit Kopriva,Ignacio Buse,match_double_faults,9.5,7.0000,,2026-07-20T11:17:36Z,2026-07-20T13:00:00Z,Team Total (Double Faults) Home,8,"{'hdp': 9.5, 'over': '7.00'}"
72960900,2026-07-20,ATP,"ATP - Kitzbuhel, Austria",Bet365,Vit Kopriva,Ignacio Buse,match_double_faults,11.5,17.0000,,2026-07-20T11:17:36Z,2026-07-20T13:00:00Z,Team Total (Double Faults) Home,8,"{'hdp': 11.5, 'over': '17.00'}"
72960900,2026-07-20,ATP,"ATP - Kitzbuhel, Austria",Bet365,Vit Kopriva,Ignacio Buse,match_double_faults,14.5,26.0000,,2026-07-20T11:17:36Z,2026-07-20T13:00:00Z,Team Total (Double Faults) Home,8,"{'hdp': 14.5, 'over': '26.00'}"
72960900,2026-07-20,ATP,"ATP - Kitzbuhel, Austria",Bet365,Vit Kopriva,Ignacio Buse,match_aces,4.5,1.0300,,2026-07-20T11:17:36Z,2026-07-20T13:00:00Z,Totals (Aces),8,"{'hdp': 4.5, 'over': '1.03'}"
72960900,2026-07-20,ATP,"ATP - Kitzbuhel, Austria",Bet365,Vit Kopriva,Ignacio Buse,match_aces,9.5,1.3300,,2026-07-20T11:17:36Z,2026-07-20T13:00:00Z,Totals (Aces),8,"{'hdp': 9.5, 'over': '1.33'}"
72960900,2026-07-20,ATP,"ATP - Kitzbuhel, Austria",Bet365,Vit Kopriva,Ignacio Buse,match_aces,14.5,2.2000,,2026-07-20T11:17:36Z,2026-07-20T13:00:00Z,Totals (Aces),8,"{'hdp': 14.5, 'over': '2.20'}"
72960900,2026-07-20,ATP,"ATP - Kitzbuhel, Austria",Bet365,Vit Kopriva,Ignacio Buse,match_aces,19.5,4.3300,,2026-07-20T11:17:36Z,2026-07-20T13:00:00Z,Totals (Aces),8,"{'hdp': 19.5, 'over': '4.33'}"
72960900,2026-07-20,ATP,"ATP - Kitzbuhel, Austria",Bet365,Vit Kopriva,Ignacio Buse,match_aces,24.5,10.0000,,2026-07-20T11:17:36Z,2026-07-20T13:00:00Z,Totals (Aces),8,"{'hdp': 24.5, 'over': '10.00'}"
72960900,2026-07-20,ATP,"ATP - Kitzbuhel, Austria",Bet365,Vit Kopriva,Ignacio Buse,match_aces,29.5,21.0000,,2026-07-20T11:17:36Z,2026-07-20T13:00:00Z,Totals (Aces),8,"{'hdp': 29.5, 'over': '21.00'}"
72960900,2026-07-20,ATP,"ATP - Kitzbuhel, Austria",Bet365,Vit Kopriva,Ignacio Buse,match_aces,39.5,26.0000,,2026-07-20T11:17:36Z,2026-07-20T13:00:00Z,Totals (Aces),8,"{'hdp': 39.5, 'over': '26.00'}"
72982458,2026-07-20,WTA,"WTA - Hamburg, Germany",Bet365,Kaitlin Quevedo,Anhelina Kalinina,match_double_faults,0.5,1.0100,,2026-07-20T11:17:36Z,2026-07-20T12:05:00Z,Team Total (Double Faults) Away,8,"{'hdp': 0.5, 'over': '1.01'}"
72982458,2026-07-20,WTA,"WTA - Hamburg, Germany",Bet365,Kaitlin Quevedo,Anhelina Kalinina,match_double_faults,1.5,1.0600,,2026-07-20T11:17:36Z,2026-07-20T12:05:00Z,Team Total (Double Faults) Away,8,"{'hdp': 1.5, 'over': '1.06'}"
72982458,2026-07-20,WTA,"WTA - Hamburg, Germany",Bet365,Kaitlin Quevedo,Anhelina Kalinina,match_double_faults,2.5,1.1600,,2026-07-20T11:17:36Z,2026-07-20T12:05:00Z,Team Total (Double Faults) Away,8,"{'hdp': 2.5, 'over': '1.16'}"
72982458,2026-07-20,WTA,"WTA - Hamburg, Germany",Bet365,Kaitlin Quevedo,Anhelina Kalinina,match_double_faults,4.5,1.6600,,2026-07-20T11:17:36Z,2026-07-20T12:05:00Z,Team Total (Double Faults) Away,8,"{'hdp': 4.5, 'over': '1.66'}"
72982458,2026-07-20,WTA,"WTA - Hamburg, Germany",Bet365,Kaitlin Quevedo,Anhelina Kalinina,match_double_faults,7.5,4.0000,,2026-07-20T11:17:36Z,2026-07-20T12:05:00Z,Team Total (Double Faults) Away,8,"{'hdp': 7.5, 'over': '4.00'}"
72982458,2026-07-20,WTA,"WTA - Hamburg, Germany",Bet365,Kaitlin Quevedo,Anhelina Kalinina,match_double_faults,9.5,9.0000,,2026-07-20T11:17:36Z,2026-07-20T12:05:00Z,Team Total (Double Faults) Away,8,"{'hdp': 9.5, 'over': '9.00'}"
72982458,2026-07-20,WTA,"WTA - Hamburg, Germany",Bet365,Kaitlin Quevedo,Anhelina Kalinina,match_double_faults,11.5,19.0000,,2026-07-20T11:17:36Z,2026-07-20T12:05:00Z,Team Total (Double Faults) Away,8,"{'hdp': 11.5, 'over': '19.00'}"
72982458,2026-07-20,WTA,"WTA - Hamburg, Germany",Bet365,Kaitlin Quevedo,Anhelina Kalinina,match_double_faults,14.5,26.0000,,2026-07-20T11:17:36Z,2026-07-20T12:05:00Z,Team Total (Double Faults) Away,8,"{'hdp': 14.5, 'over': '26.00'}"
72982458,2026-07-20,WTA,"WTA - Hamburg, Germany",Bet365,Kaitlin Quevedo,Anhelina Kalinina,match_double_faults,1.5,1.0500,,2026-07-20T11:17:36Z,2026-07-20T12:05:00Z,Team Total (Double Faults) Home,7,"{'hdp': 1.5, 'over': '1.05'}"
72982458,2026-07-20,WTA,"WTA - Hamburg, Germany",Bet365,Kaitlin Quevedo,Anhelina Kalinina,match_double_faults,2.5,1.1600,,2026-07-20T11:17:36Z,2026-07-20T12:05:00Z,Team Total (Double Faults) Home,7,"{'hdp': 2.5, 'over': '1.16'}"
72982458,2026-07-20,WTA,"WTA - Hamburg, Germany",Bet365,Kaitlin Quevedo,Anhelina Kalinina,match_double_faults,4.5,1.8000,,2026-07-20T11:17:36Z,2026-07-20T12:05:00Z,Team Total (Double Faults) Home,7,"{'hdp': 4.5, 'over': '1.80'}"
72982458,2026-07-20,WTA,"WTA - Hamburg, Germany",Bet365,Kaitlin Quevedo,Anhelina Kalinina,match_double_faults,7.5,5.5000,,2026-07-20T11:17:36Z,2026-07-20T12:05:00Z,Team Total (Double Faults) Home,7,"{'hdp': 7.5, 'over': '5.50'}"
72982458,2026-07-20,WTA,"WTA - Hamburg, Germany",Bet365,Kaitlin Quevedo,Anhelina Kalinina,match_double_faults,9.5,13.0000,,2026-07-20T11:17:36Z,2026-07-20T12:05:00Z,Team Total (Double Faults) Home,7,"{'hdp': 9.5, 'over': '13.00'}"
72982458,2026-07-20,WTA,"WTA - Hamburg, Germany",Bet365,Kaitlin Quevedo,Anhelina Kalinina,match_double_faults,11.5,26.0000,,2026-07-20T11:17:36Z,2026-07-20T12:05:00Z,Team Total (Double Faults) Home,7,"{'hdp': 11.5, 'over': '26.00'}"
72982458,2026-07-20,WTA,"WTA - Hamburg, Germany",Bet365,Kaitlin Quevedo,Anhelina Kalinina,match_aces,2.5,1.0600,,2026-07-20T11:17:36Z,2026-07-20T12:05:00Z,Totals (Aces),6,"{'hdp': 2.5, 'over': '1.06'}"
72982458,2026-07-20,WTA,"WTA - Hamburg, Germany",Bet365,Kaitlin Quevedo,Anhelina Kalinina,match_aces,4.5,1.2800,,2026-07-20T11:17:36Z,2026-07-20T12:05:00Z,Totals (Aces),6,"{'hdp': 4.5, 'over': '1.28'}"
72982458,2026-07-20,WTA,"WTA - Hamburg, Germany",Bet365,Kaitlin Quevedo,Anhelina Kalinina,match_aces,9.5,3.4000,,2026-07-20T11:17:36Z,2026-07-20T12:05:00Z,Totals (Aces),6,"{'hdp': 9.5, 'over': '3.40'}"
72982458,2026-07-20,WTA,"WTA - Hamburg, Germany",Bet365,Kaitlin Quevedo,Anhelina Kalinina,match_aces,14.5,13.0000,,2026-07-20T11:17:36Z,2026-07-20T12:05:00Z,Totals (Aces),6,"{'hdp': 14.5, 'over': '13.00'}"
72982458,2026-07-20,WTA,"WTA - Hamburg, Germany",Bet365,Kaitlin Quevedo,Anhelina Kalinina,match_aces,19.5,26.0000,,2026-07-20T11:17:36Z,2026-07-20T12:05:00Z,Totals (Aces),6,"{'hdp': 19.5, 'over': '26.00'}"
72982458,2026-07-20,WTA,"WTA - Hamburg, Germany",Bet365,Kaitlin Quevedo,Anhelina Kalinina,match_double_faults,7.5,1.3000,,2026-07-20T11:17:36Z,2026-07-20T12:05:00Z,Totals (Double Faults),9,"{'hdp': 7.5, 'over': '1.30'}"
72982458,2026-07-20,WTA,"WTA - Hamburg, Germany",Bet365,Kaitlin Quevedo,Anhelina Kalinina,match_double_faults,9.5,1.7200,,2026-07-20T11:17:36Z,2026-07-20T12:05:00Z,Totals (Double Faults),9,"{'hdp': 9.5, 'over': '1.72'}"
72982458,2026-07-20,WTA,"WTA - Hamburg, Germany",Bet365,Kaitlin Quevedo,Anhelina Kalinina,match_double_faults,11.5,2.6200,,2026-07-20T11:17:36Z,2026-07-20T12:05:00Z,Totals (Double Faults),9,"{'hdp': 11.5, 'over': '2.62'}"
72982458,2026-07-20,WTA,"WTA - Hamburg, Germany",Bet365,Kaitlin Quevedo,Anhelina Kalinina,match_double_faults,14.5,5.5000,,2026-07-20T11:17:36Z,2026-07-20T12:05:00Z,Totals (Double Faults),9,"{'hdp': 14.5, 'over': '5.50'}"
72982458,2026-07-20,WTA,"WTA - Hamburg, Germany",Bet365,Kaitlin Quevedo,Anhelina Kalinina,match_double_faults,24.5,26.0000,,2026-07-20T11:17:36Z,2026-07-20T12:05:00Z,Totals (Double Faults),9,"{'hdp': 24.5, 'over': '26.00'}"
72982458,2026-07-20,WTA,"WTA - Hamburg, Germany",Bet365,Kaitlin Quevedo,Anhelina Kalinina,match_double_faults,4.5,1.0400,,2026-07-20T11:17:36Z,2026-07-20T12:05:00Z,Totals (Double Faults),9,"{'hdp': 4.5, 'over': '1.04'}"
72982458,2026-07-20,WTA,"WTA - Hamburg, Germany",Bet365,Kaitlin Quevedo,Anhelina Kalinina,match_double_faults,19.5,21.0000,,2026-07-20T11:17:36Z,2026-07-20T12:05:00Z,Totals (Double Faults),9,"{'hdp': 19.5, 'over': '21.00'}"
72982458,2026-07-20,WTA,"WTA - Hamburg, Germany",Bet365,Kaitlin Quevedo,Anhelina Kalinina,match_aces,0.5,1.0400,,2026-07-20T11:17:36Z,2026-07-20T12:05:00Z,Team Total (Aces) Away,4,"{'hdp': 0.5, 'over': '1.04'}"
72982458,2026-07-20,WTA,"WTA - Hamburg, Germany",Bet365,Kaitlin Quevedo,Anhelina Kalinina,match_aces,2.5,1.5000,,2026-07-20T11:17:36Z,2026-07-20T12:05:00Z,Team Total (Aces) Away,4,"{'hdp': 2.5, 'over': '1.50'}"
72982458,2026-07-20,WTA,"WTA - Hamburg, Germany",Bet365,Kaitlin Quevedo,Anhelina Kalinina,match_aces,4.5,3.0000,,2026-07-20T11:17:36Z,2026-07-20T12:05:00Z,Team Total (Aces) Away,4,"{'hdp': 4.5, 'over': '3.00'}"
72982458,2026-07-20,WTA,"WTA - Hamburg, Germany",Bet365,Kaitlin Quevedo,Anhelina Kalinina,match_aces,9.5,26.0000,,2026-07-20T11:17:36Z,2026-07-20T12:05:00Z,Team Total (Aces) Away,4,"{'hdp': 9.5, 'over': '26.00'}"
72982458,2026-07-20,WTA,"WTA - Hamburg, Germany",Bet365,Kaitlin Quevedo,Anhelina Kalinina,match_aces,0.5,1.0400,,2026-07-20T11:17:36Z,2026-07-20T12:05:00Z,Team Total (Aces) Home,5,"{'hdp': 0.5, 'over': '1.04'}"
72982458,2026-07-20,WTA,"WTA - Hamburg, Germany",Bet365,Kaitlin Quevedo,Anhelina Kalinina,match_aces,2.5,1.4400,,2026-07-20T11:17:36Z,2026-07-20T12:05:00Z,Team Total (Aces) Home,5,"{'hdp': 2.5, 'over': '1.44'}"
72982458,2026-07-20,WTA,"WTA - Hamburg, Germany",Bet365,Kaitlin Quevedo,Anhelina Kalinina,match_aces,4.5,2.6200,,2026-07-20T11:17:36Z,2026-07-20T12:05:00Z,Team Total (Aces) Home,5,"{'hdp': 4.5, 'over': '2.62'}"
72982458,2026-07-20,WTA,"WTA - Hamburg, Germany",Bet365,Kaitlin Quevedo,Anhelina Kalinina,match_aces,9.5,19.0000,,2026-07-20T11:17:36Z,2026-07-20T12:05:00Z,Team Total (Aces) Home,5,"{'hdp': 9.5, 'over': '19.00'}"
72982458,2026-07-20,WTA,"WTA - Hamburg, Germany",Bet365,Kaitlin Quevedo,Anhelina Kalinina,match_aces,14.5,26.0000,,2026-07-20T11:17:36Z,2026-07-20T12:05:00Z,Team Total (Aces) Home,5,"{'hdp': 14.5, 'over': '26.00'}"
72986386,2026-07-20,WTA,"WTA - Prague, Czech Republic",Bet365,Antonia Ruzic,Dominika Salkova,match_aces,0.5,1.0200,,2026-07-20T11:17:36Z,2026-07-20T12:45:00Z,Team Total (Aces) Away,5,"{'hdp': 0.5, 'over': '1.02'}"
72986386,2026-07-20,WTA,"WTA - Prague, Czech Republic",Bet365,Antonia Ruzic,Dominika Salkova,match_aces,2.5,1.2500,,2026-07-20T11:17:36Z,2026-07-20T12:45:00Z,Team Total (Aces) Away,5,"{'hdp': 2.5, 'over': '1.25'}"
72986386,2026-07-20,WTA,"WTA - Prague, Czech Republic",Bet365,Antonia Ruzic,Dominika Salkova,match_aces,4.5,1.9000,,2026-07-20T11:17:36Z,2026-07-20T12:45:00Z,Team Total (Aces) Away,5,"{'hdp': 4.5, 'over': '1.90'}"
72986386,2026-07-20,WTA,"WTA - Prague, Czech Republic",Bet365,Antonia Ruzic,Dominika Salkova,match_aces,9.5,11.0000,,2026-07-20T11:17:36Z,2026-07-20T12:45:00Z,Team Total (Aces) Away,5,"{'hdp': 9.5, 'over': '11.00'}"
72986386,2026-07-20,WTA,"WTA - Prague, Czech Republic",Bet365,Antonia Ruzic,Dominika Salkova,match_aces,14.5,26.0000,,2026-07-20T11:17:36Z,2026-07-20T12:45:00Z,Team Total (Aces) Away,5,"{'hdp': 14.5, 'over': '26.00'}"
72986386,2026-07-20,WTA,"WTA - Prague, Czech Republic",Bet365,Antonia Ruzic,Dominika Salkova,match_aces,0.5,1.0200,,2026-07-20T11:17:36Z,2026-07-20T12:45:00Z,Team Total (Aces) Home,5,"{'hdp': 0.5, 'over': '1.02'}"
72986386,2026-07-20,WTA,"WTA - Prague, Czech Republic",Bet365,Antonia Ruzic,Dominika Salkova,match_aces,2.5,1.3000,,2026-07-20T11:17:36Z,2026-07-20T12:45:00Z,Team Total (Aces) Home,5,"{'hdp': 2.5, 'over': '1.30'}"
72986386,2026-07-20,WTA,"WTA - Prague, Czech Republic",Bet365,Antonia Ruzic,Dominika Salkova,match_aces,4.5,2.1000,,2026-07-20T11:17:36Z,2026-07-20T12:45:00Z,Team Total (Aces) Home,5,"{'hdp': 4.5, 'over': '2.10'}"
72986386,2026-07-20,WTA,"WTA - Prague, Czech Republic",Bet365,Antonia Ruzic,Dominika Salkova,match_aces,9.5,13.0000,,2026-07-20T11:17:36Z,2026-07-20T12:45:00Z,Team Total (Aces) Home,5,"{'hdp': 9.5, 'over': '13.00'}"
72986386,2026-07-20,WTA,"WTA - Prague, Czech Republic",Bet365,Antonia Ruzic,Dominika Salkova,match_aces,14.5,26.0000,,2026-07-20T11:17:36Z,2026-07-20T12:45:00Z,Team Total (Aces) Home,5,"{'hdp': 14.5, 'over': '26.00'}"
72986386,2026-07-20,WTA,"WTA - Prague, Czech Republic",Bet365,Antonia Ruzic,Dominika Salkova,match_double_faults,2.5,1.0400,,2026-07-20T11:17:36Z,2026-07-20T12:45:00Z,Team Total (Double Faults) Away,9,"{'hdp': 2.5, 'over': '1.04'}"
72986386,2026-07-20,WTA,"WTA - Prague, Czech Republic",Bet365,Antonia Ruzic,Dominika Salkova,match_double_faults,4.5,1.2000,,2026-07-20T11:17:36Z,2026-07-20T12:45:00Z,Team Total (Double Faults) Away,9,"{'hdp': 4.5, 'over': '1.20'}"
72986386,2026-07-20,WTA,"WTA - Prague, Czech Republic",Bet365,Antonia Ruzic,Dominika Salkova,match_double_faults,7.5,2.0000,,2026-07-20T11:17:36Z,2026-07-20T12:45:00Z,Team Total (Double Faults) Away,9,"{'hdp': 7.5, 'over': '2.00'}"
72986386,2026-07-20,WTA,"WTA - Prague, Czech Republic",Bet365,Antonia Ruzic,Dominika Salkova,match_double_faults,9.5,3.4000,,2026-07-20T11:17:36Z,2026-07-20T12:45:00Z,Team Total (Double Faults) Away,9,"{'hdp': 9.5, 'over': '3.40'}"
72986386,2026-07-20,WTA,"WTA - Prague, Czech Republic",Bet365,Antonia Ruzic,Dominika Salkova,match_double_faults,11.5,6.0000,,2026-07-20T11:17:36Z,2026-07-20T12:45:00Z,Team Total (Double Faults) Away,9,"{'hdp': 11.5, 'over': '6.00'}"
72986386,2026-07-20,WTA,"WTA - Prague, Czech Republic",Bet365,Antonia Ruzic,Dominika Salkova,match_double_faults,14.5,17.0000,,2026-07-20T11:17:36Z,2026-07-20T12:45:00Z,Team Total (Double Faults) Away,9,"{'hdp': 14.5, 'over': '17.00'}"
72986386,2026-07-20,WTA,"WTA - Prague, Czech Republic",Bet365,Antonia Ruzic,Dominika Salkova,match_double_faults,19.5,26.0000,,2026-07-20T11:17:36Z,2026-07-20T12:45:00Z,Team Total (Double Faults) Away,9,"{'hdp': 19.5, 'over': '26.00'}"
72986386,2026-07-20,WTA,"WTA - Prague, Czech Republic",Bet365,Antonia Ruzic,Dominika Salkova,match_double_faults,2.5,1.2800,,2026-07-20T11:17:36Z,2026-07-20T12:45:00Z,Team Total (Double Faults) Home,7,"{'hdp': 2.5, 'over': '1.28'}"
72986386,2026-07-20,WTA,"WTA - Prague, Czech Republic",Bet365,Antonia Ruzic,Dominika Salkova,match_double_faults,0.5,1.0100,,2026-07-20T11:17:36Z,2026-07-20T12:45:00Z,Team Total (Double Faults) Home,7,"{'hdp': 0.5, 'over': '1.01'}"
72986386,2026-07-20,WTA,"WTA - Prague, Czech Republic",Bet365,Antonia Ruzic,Dominika Salkova,match_double_faults,1.5,1.1000,,2026-07-20T11:17:36Z,2026-07-20T12:45:00Z,Team Total (Double Faults) Home,7,"{'hdp': 1.5, 'over': '1.10'}"
72986386,2026-07-20,WTA,"WTA - Prague, Czech Republic",Bet365,Antonia Ruzic,Dominika Salkova,match_double_faults,4.5,2.2500,,2026-07-20T11:17:36Z,2026-07-20T12:45:00Z,Team Total (Double Faults) Home,7,"{'hdp': 4.5, 'over': '2.25'}"
72986386,2026-07-20,WTA,"WTA - Prague, Czech Republic",Bet365,Antonia Ruzic,Dominika Salkova,match_double_faults,7.5,8.0000,,2026-07-20T11:17:36Z,2026-07-20T12:45:00Z,Team Total (Double Faults) Home,7,"{'hdp': 7.5, 'over': '8.00'}"
72986386,2026-07-20,WTA,"WTA - Prague, Czech Republic",Bet365,Antonia Ruzic,Dominika Salkova,match_double_faults,9.5,21.0000,,2026-07-20T11:17:36Z,2026-07-20T12:45:00Z,Team Total (Double Faults) Home,7,"{'hdp': 9.5, 'over': '21.00'}"
72986386,2026-07-20,WTA,"WTA - Prague, Czech Republic",Bet365,Antonia Ruzic,Dominika Salkova,match_double_faults,11.5,26.0000,,2026-07-20T11:17:36Z,2026-07-20T12:45:00Z,Team Total (Double Faults) Home,7,"{'hdp': 11.5, 'over': '26.00'}"
72986386,2026-07-20,WTA,"WTA - Prague, Czech Republic",Bet365,Antonia Ruzic,Dominika Salkova,match_aces,2.5,1.0200,,2026-07-20T11:17:36Z,2026-07-20T12:45:00Z,Totals (Aces),7,"{'hdp': 2.5, 'over': '1.02'}"
72986386,2026-07-20,WTA,"WTA - Prague, Czech Republic",Bet365,Antonia Ruzic,Dominika Salkova,match_aces,4.5,1.1400,,2026-07-20T11:17:36Z,2026-07-20T12:45:00Z,Totals (Aces),7,"{'hdp': 4.5, 'over': '1.14'}"
72986386,2026-07-20,WTA,"WTA - Prague, Czech Republic",Bet365,Antonia Ruzic,Dominika Salkova,match_aces,9.5,2.2000,,2026-07-20T11:17:36Z,2026-07-20T12:45:00Z,Totals (Aces),7,"{'hdp': 9.5, 'over': '2.20'}"
72986386,2026-07-20,WTA,"WTA - Prague, Czech Republic",Bet365,Antonia Ruzic,Dominika Salkova,match_aces,14.5,6.0000,,2026-07-20T11:17:36Z,2026-07-20T12:45:00Z,Totals (Aces),7,"{'hdp': 14.5, 'over': '6.00'}"
72986386,2026-07-20,WTA,"WTA - Prague, Czech Republic",Bet365,Antonia Ruzic,Dominika Salkova,match_aces,19.5,21.0000,,2026-07-20T11:17:36Z,2026-07-20T12:45:00Z,Totals (Aces),7,"{'hdp': 19.5, 'over': '21.00'}"
72986386,2026-07-20,WTA,"WTA - Prague, Czech Republic",Bet365,Antonia Ruzic,Dominika Salkova,match_aces,24.5,26.0000,,2026-07-20T11:17:36Z,2026-07-20T12:45:00Z,Totals (Aces),7,"{'hdp': 24.5, 'over': '26.00'}"
72986386,2026-07-20,WTA,"WTA - Prague, Czech Republic",Bet365,Antonia Ruzic,Dominika Salkova,match_double_faults,9.5,1.4400,,2026-07-20T11:17:36Z,2026-07-20T12:45:00Z,Totals (Double Faults),9,"{'hdp': 9.5, 'over': '1.44'}"
72986386,2026-07-20,WTA,"WTA - Prague, Czech Republic",Bet365,Antonia Ruzic,Dominika Salkova,match_double_faults,4.5,1.0200,,2026-07-20T11:17:36Z,2026-07-20T12:45:00Z,Totals (Double Faults),9,"{'hdp': 4.5, 'over': '1.02'}"
72986386,2026-07-20,WTA,"WTA - Prague, Czech Republic",Bet365,Antonia Ruzic,Dominika Salkova,match_double_faults,7.5,1.1600,,2026-07-20T11:17:36Z,2026-07-20T12:45:00Z,Totals (Double Faults),9,"{'hdp': 7.5, 'over': '1.16'}"
72986386,2026-07-20,WTA,"WTA - Prague, Czech Republic",Bet365,Antonia Ruzic,Dominika Salkova,match_double_faults,11.5,1.8300,,2026-07-20T11:17:36Z,2026-07-20T12:45:00Z,Totals (Double Faults),9,"{'hdp': 11.5, 'over': '1.83'}"
72986386,2026-07-20,WTA,"WTA - Prague, Czech Republic",Bet365,Antonia Ruzic,Dominika Salkova,match_double_faults,14.5,3.5000,,2026-07-20T11:17:36Z,2026-07-20T12:45:00Z,Totals (Double Faults),9,"{'hdp': 14.5, 'over': '3.50'}"
72986386,2026-07-20,WTA,"WTA - Prague, Czech Republic",Bet365,Antonia Ruzic,Dominika Salkova,match_double_faults,19.5,13.0000,,2026-07-20T11:17:36Z,2026-07-20T12:45:00Z,Totals (Double Faults),9,"{'hdp': 19.5, 'over': '13.00'}"
72986386,2026-07-20,WTA,"WTA - Prague, Czech Republic",Bet365,Antonia Ruzic,Dominika Salkova,match_double_faults,24.5,26.0000,,2026-07-20T11:17:36Z,2026-07-20T12:45:00Z,Totals (Double Faults),9,"{'hdp': 24.5, 'over': '26.00'}"
72965464,2026-07-20,ATP,"ATP - Estoril, Portugal",Bet365,Frederico Ferreira Silva,Luca Van Assche,match_aces,0.5,1.0400,,2026-07-20T11:17:36Z,2026-07-20T13:20:00Z,Team Total (Aces) Away,4,"{'hdp': 0.5, 'over': '1.04'}"
72965464,2026-07-20,ATP,"ATP - Estoril, Portugal",Bet365,Frederico Ferreira Silva,Luca Van Assche,match_aces,9.5,26.0000,,2026-07-20T11:17:36Z,2026-07-20T13:20:00Z,Team Total (Aces) Away,4,"{'hdp': 9.5, 'over': '26.00'}"
72965464,2026-07-20,ATP,"ATP - Estoril, Portugal",Bet365,Frederico Ferreira Silva,Luca Van Assche,match_aces,2.5,1.5300,,2026-07-20T11:17:36Z,2026-07-20T13:20:00Z,Team Total (Aces) Away,4,"{'hdp': 2.5, 'over': '1.53'}"
72965464,2026-07-20,ATP,"ATP - Estoril, Portugal",Bet365,Frederico Ferreira Silva,Luca Van Assche,match_aces,4.5,3.2500,,2026-07-20T11:17:36Z,2026-07-20T13:20:00Z,Team Total (Aces) Away,4,"{'hdp': 4.5, 'over': '3.25'}"
72965464,2026-07-20,ATP,"ATP - Estoril, Portugal",Bet365,Frederico Ferreira Silva,Luca Van Assche,match_aces,0.5,1.1000,,2026-07-20T11:17:36Z,2026-07-20T13:20:00Z,Team Total (Aces) Home,4,"{'hdp': 0.5, 'over': '1.10'}"
72965464,2026-07-20,ATP,"ATP - Estoril, Portugal",Bet365,Frederico Ferreira Silva,Luca Van Assche,match_aces,2.5,2.0000,,2026-07-20T11:17:36Z,2026-07-20T13:20:00Z,Team Total (Aces) Home,4,"{'hdp': 2.5, 'over': '2.00'}"
72965464,2026-07-20,ATP,"ATP - Estoril, Portugal",Bet365,Frederico Ferreira Silva,Luca Van Assche,match_aces,9.5,26.0000,,2026-07-20T11:17:36Z,2026-07-20T13:20:00Z,Team Total (Aces) Home,4,"{'hdp': 9.5, 'over': '26.00'}"
72965464,2026-07-20,ATP,"ATP - Estoril, Portugal",Bet365,Frederico Ferreira Silva,Luca Van Assche,match_aces,4.5,5.5000,,2026-07-20T11:17:36Z,2026-07-20T13:20:00Z,Team Total (Aces) Home,4,"{'hdp': 4.5, 'over': '5.50'}"
72965464,2026-07-20,ATP,"ATP - Estoril, Portugal",Bet365,Frederico Ferreira Silva,Luca Van Assche,match_aces,4.5,1.4400,,2026-07-20T11:17:36Z,2026-07-20T13:20:00Z,Totals (Aces),5,"{'hdp': 4.5, 'over': '1.44'}"
72965464,2026-07-20,ATP,"ATP - Estoril, Portugal",Bet365,Frederico Ferreira Silva,Luca Van Assche,match_aces,14.5,26.0000,,2026-07-20T11:17:36Z,2026-07-20T13:20:00Z,Totals (Aces),5,"{'hdp': 14.5, 'over': '26.00'}"
72965464,2026-07-20,ATP,"ATP - Estoril, Portugal",Bet365,Frederico Ferreira Silva,Luca Van Assche,match_aces,2.5,1.1100,,2026-07-20T11:17:36Z,2026-07-20T13:20:00Z,Totals (Aces),5,"{'hdp': 2.5, 'over': '1.11'}"
72965464,2026-07-20,ATP,"ATP - Estoril, Portugal",Bet365,Frederico Ferreira Silva,Luca Van Assche,match_aces,9.5,5.5000,,2026-07-20T11:17:36Z,2026-07-20T13:20:00Z,Totals (Aces),5,"{'hdp': 9.5, 'over': '5.50'}"
72982460,2026-07-20,WTA,"WTA - Hamburg, Germany",Bet365,Nadia Podoroska,Julia Stusek,match_aces,4.5,2.2500,,2026-07-20T11:17:36Z,2026-07-20T13:20:00Z,Team Total (Aces) Home,5,"{'hdp': 4.5, 'over': '2.25'}"
72982460,2026-07-20,WTA,"WTA - Hamburg, Germany",Bet365,Nadia Podoroska,Julia Stusek,match_aces,9.5,17.0000,,2026-07-20T11:17:36Z,2026-07-20T13:20:00Z,Team Total (Aces) Home,5,"{'hdp': 9.5, 'over': '17.00'}"
72982460,2026-07-20,WTA,"WTA - Hamburg, Germany",Bet365,Nadia Podoroska,Julia Stusek,match_aces,0.5,1.0200,,2026-07-20T11:17:36Z,2026-07-20T13:20:00Z,Team Total (Aces) Home,5,"{'hdp': 0.5, 'over': '1.02'}"
72982460,2026-07-20,WTA,"WTA - Hamburg, Germany",Bet365,Nadia Podoroska,Julia Stusek,match_aces,2.5,1.3300,,2026-07-20T11:17:36Z,2026-07-20T13:20:00Z,Team Total (Aces) Home,5,"{'hdp': 2.5, 'over': '1.33'}"
72982460,2026-07-20,WTA,"WTA - Hamburg, Germany",Bet365,Nadia Podoroska,Julia Stusek,match_aces,14.5,26.0000,,2026-07-20T11:17:36Z,2026-07-20T13:20:00Z,Team Total (Aces) Home,5,"{'hdp': 14.5, 'over': '26.00'}"
72982460,2026-07-20,WTA,"WTA - Hamburg, Germany",Bet365,Nadia Podoroska,Julia Stusek,match_double_faults,2.5,1.0200,,2026-07-20T11:17:36Z,2026-07-20T13:20:00Z,Team Total (Double Faults) Away,9,"{'hdp': 2.5, 'over': '1.02'}"
72982460,2026-07-20,WTA,"WTA - Hamburg, Germany",Bet365,Nadia Podoroska,Julia Stusek,match_double_faults,4.5,1.1400,,2026-07-20T11:17:36Z,2026-07-20T13:20:00Z,Team Total (Double Faults) Away,9,"{'hdp': 4.5, 'over': '1.14'}"
72982460,2026-07-20,WTA,"WTA - Hamburg, Germany",Bet365,Nadia Podoroska,Julia Stusek,match_double_faults,7.5,1.8000,,2026-07-20T11:17:36Z,2026-07-20T13:20:00Z,Team Total (Double Faults) Away,9,"{'hdp': 7.5, 'over': '1.80'}"
72982460,2026-07-20,WTA,"WTA - Hamburg, Germany",Bet365,Nadia Podoroska,Julia Stusek,match_double_faults,9.5,3.0000,,2026-07-20T11:17:36Z,2026-07-20T13:20:00Z,Team Total (Double Faults) Away,9,"{'hdp': 9.5, 'over': '3.00'}"
72982460,2026-07-20,WTA,"WTA - Hamburg, Germany",Bet365,Nadia Podoroska,Julia Stusek,match_double_faults,11.5,5.5000,,2026-07-20T11:17:36Z,2026-07-20T13:20:00Z,Team Total (Double Faults) Away,9,"{'hdp': 11.5, 'over': '5.50'}"
72982460,2026-07-20,WTA,"WTA - Hamburg, Germany",Bet365,Nadia Podoroska,Julia Stusek,match_double_faults,14.5,15.0000,,2026-07-20T11:17:36Z,2026-07-20T13:20:00Z,Team Total (Double Faults) Away,9,"{'hdp': 14.5, 'over': '15.00'}"
72982460,2026-07-20,WTA,"WTA - Hamburg, Germany",Bet365,Nadia Podoroska,Julia Stusek,match_double_faults,19.5,26.0000,,2026-07-20T11:17:36Z,2026-07-20T13:20:00Z,Team Total (Double Faults) Away,9,"{'hdp': 19.5, 'over': '26.00'}"
72982460,2026-07-20,WTA,"WTA - Hamburg, Germany",Bet365,Nadia Podoroska,Julia Stusek,match_aces,2.5,1.6100,,2026-07-20T11:17:36Z,2026-07-20T13:20:00Z,Team Total (Aces) Away,5,"{'hdp': 2.5, 'over': '1.61'}"
72982460,2026-07-20,WTA,"WTA - Hamburg, Germany",Bet365,Nadia Podoroska,Julia Stusek,match_aces,4.5,3.2500,,2026-07-20T11:17:36Z,2026-07-20T13:20:00Z,Team Total (Aces) Away,5,"{'hdp': 4.5, 'over': '3.25'}"
72982460,2026-07-20,WTA,"WTA - Hamburg, Germany",Bet365,Nadia Podoroska,Julia Stusek,match_aces,0.5,1.0600,,2026-07-20T11:17:36Z,2026-07-20T13:20:00Z,Team Total (Aces) Away,5,"{'hdp': 0.5, 'over': '1.06'}"
72982460,2026-07-20,WTA,"WTA - Hamburg, Germany",Bet365,Nadia Podoroska,Julia Stusek,match_aces,9.5,23.0000,,2026-07-20T11:17:36Z,2026-07-20T13:20:00Z,Team Total (Aces) Away,5,"{'hdp': 9.5, 'over': '23.00'}"
72982460,2026-07-20,WTA,"WTA - Hamburg, Germany",Bet365,Nadia Podoroska,Julia Stusek,match_aces,14.5,26.0000,,2026-07-20T11:17:36Z,2026-07-20T13:20:00Z,Team Total (Aces) Away,5,"{'hdp': 14.5, 'over': '26.00'}"
72982460,2026-07-20,WTA,"WTA - Hamburg, Germany",Bet365,Nadia Podoroska,Julia Stusek,match_double_faults,1.5,1.0100,,2026-07-20T11:17:36Z,2026-07-20T13:20:00Z,Team Total (Double Faults) Home,10,"{'hdp': 1.5, 'over': '1.01'}"
72982460,2026-07-20,WTA,"WTA - Hamburg, Germany",Bet365,Nadia Podoroska,Julia Stusek,match_double_faults,2.5,1.0300,,2026-07-20T11:17:36Z,2026-07-20T13:20:00Z,Team Total (Double Faults) Home,10,"{'hdp': 2.5, 'over': '1.03'}"
72982460,2026-07-20,WTA,"WTA - Hamburg, Germany",Bet365,Nadia Podoroska,Julia Stusek,match_double_faults,4.5,1.1400,,2026-07-20T11:17:36Z,2026-07-20T13:20:00Z,Team Total (Double Faults) Home,10,"{'hdp': 4.5, 'over': '1.14'}"
72982460,2026-07-20,WTA,"WTA - Hamburg, Germany",Bet365,Nadia Podoroska,Julia Stusek,match_double_faults,7.5,1.5300,,2026-07-20T11:17:36Z,2026-07-20T13:20:00Z,Team Total (Double Faults) Home,10,"{'hdp': 7.5, 'over': '1.53'}"
72982460,2026-07-20,WTA,"WTA - Hamburg, Germany",Bet365,Nadia Podoroska,Julia Stusek,match_double_faults,9.5,2.0000,,2026-07-20T11:17:36Z,2026-07-20T13:20:00Z,Team Total (Double Faults) Home,10,"{'hdp': 9.5, 'over': '2.00'}"
72982460,2026-07-20,WTA,"WTA - Hamburg, Germany",Bet365,Nadia Podoroska,Julia Stusek,match_double_faults,11.5,2.7500,,2026-07-20T11:17:36Z,2026-07-20T13:20:00Z,Team Total (Double Faults) Home,10,"{'hdp': 11.5, 'over': '2.75'}"
72982460,2026-07-20,WTA,"WTA - Hamburg, Germany",Bet365,Nadia Podoroska,Julia Stusek,match_double_faults,14.5,5.5000,,2026-07-20T11:17:36Z,2026-07-20T13:20:00Z,Team Total (Double Faults) Home,10,"{'hdp': 14.5, 'over': '5.50'}"
72982460,2026-07-20,WTA,"WTA - Hamburg, Germany",Bet365,Nadia Podoroska,Julia Stusek,match_double_faults,19.5,17.0000,,2026-07-20T11:17:36Z,2026-07-20T13:20:00Z,Team Total (Double Faults) Home,10,"{'hdp': 19.5, 'over': '17.00'}"
72982460,2026-07-20,WTA,"WTA - Hamburg, Germany",Bet365,Nadia Podoroska,Julia Stusek,match_double_faults,24.5,26.0000,,2026-07-20T11:17:36Z,2026-07-20T13:20:00Z,Team Total (Double Faults) Home,10,"{'hdp': 24.5, 'over': '26.00'}"
72982460,2026-07-20,WTA,"WTA - Hamburg, Germany",Bet365,Nadia Podoroska,Julia Stusek,match_aces,9.5,3.2500,,2026-07-20T11:17:36Z,2026-07-20T13:20:00Z,Totals (Aces),6,"{'hdp': 9.5, 'over': '3.25'}"
72982460,2026-07-20,WTA,"WTA - Hamburg, Germany",Bet365,Nadia Podoroska,Julia Stusek,match_aces,2.5,1.0500,,2026-07-20T11:17:36Z,2026-07-20T13:20:00Z,Totals (Aces),6,"{'hdp': 2.5, 'over': '1.05'}"
72982460,2026-07-20,WTA,"WTA - Hamburg, Germany",Bet365,Nadia Podoroska,Julia Stusek,match_aces,4.5,1.2500,,2026-07-20T11:17:36Z,2026-07-20T13:20:00Z,Totals (Aces),6,"{'hdp': 4.5, 'over': '1.25'}"
72982460,2026-07-20,WTA,"WTA - Hamburg, Germany",Bet365,Nadia Podoroska,Julia Stusek,match_aces,14.5,11.0000,,2026-07-20T11:17:36Z,2026-07-20T13:20:00Z,Totals (Aces),6,"{'hdp': 14.5, 'over': '11.00'}"
72982460,2026-07-20,WTA,"WTA - Hamburg, Germany",Bet365,Nadia Podoroska,Julia Stusek,match_aces,19.5,26.0000,,2026-07-20T11:17:36Z,2026-07-20T13:20:00Z,Totals (Aces),6,"{'hdp': 19.5, 'over': '26.00'}"
72982460,2026-07-20,WTA,"WTA - Hamburg, Germany",Bet365,Nadia Podoroska,Julia Stusek,match_double_faults,7.5,1.0200,,2026-07-20T11:17:36Z,2026-07-20T13:20:00Z,Totals (Double Faults),7,"{'hdp': 7.5, 'over': '1.02'}"
72982460,2026-07-20,WTA,"WTA - Hamburg, Germany",Bet365,Nadia Podoroska,Julia Stusek,match_double_faults,9.5,1.0700,,2026-07-20T11:17:36Z,2026-07-20T13:20:00Z,Totals (Double Faults),7,"{'hdp': 9.5, 'over': '1.07'}"
72982460,2026-07-20,WTA,"WTA - Hamburg, Germany",Bet365,Nadia Podoroska,Julia Stusek,match_double_faults,11.5,1.1800,,2026-07-20T11:17:36Z,2026-07-20T13:20:00Z,Totals (Double Faults),7,"{'hdp': 11.5, 'over': '1.18'}"
72982460,2026-07-20,WTA,"WTA - Hamburg, Germany",Bet365,Nadia Podoroska,Julia Stusek,match_double_faults,14.5,1.4400,,2026-07-20T11:17:36Z,2026-07-20T13:20:00Z,Totals (Double Faults),7,"{'hdp': 14.5, 'over': '1.44'}"
72982460,2026-07-20,WTA,"WTA - Hamburg, Germany",Bet365,Nadia Podoroska,Julia Stusek,match_double_faults,19.5,2.6200,,2026-07-20T11:17:36Z,2026-07-20T13:20:00Z,Totals (Double Faults),7,"{'hdp': 19.5, 'over': '2.62'}"
72982460,2026-07-20,WTA,"WTA - Hamburg, Germany",Bet365,Nadia Podoroska,Julia Stusek,match_double_faults,24.5,5.5000,,2026-07-20T11:17:36Z,2026-07-20T13:20:00Z,Totals (Double Faults),7,"{'hdp': 24.5, 'over': '5.50'}"
72982462,2026-07-21,WTA,"WTA - Hamburg, Germany",Bet365,Tamara Korpatsch,Victoria Jimenez Kasintseva,match_double_faults,1.5,1.0400,,2026-07-20T11:17:36Z,2026-07-21T08:00:00Z,Team Total (Double Faults) Away,8,"{'hdp': 1.5, 'over': '1.04'}"
72982462,2026-07-21,WTA,"WTA - Hamburg, Germany",Bet365,Tamara Korpatsch,Victoria Jimenez Kasintseva,match_double_faults,2.5,1.1200,,2026-07-20T11:17:36Z,2026-07-21T08:00:00Z,Team Total (Double Faults) Away,8,"{'hdp': 2.5, 'over': '1.12'}"
72982462,2026-07-21,WTA,"WTA - Hamburg, Germany",Bet365,Tamara Korpatsch,Victoria Jimenez Kasintseva,match_double_faults,4.5,1.5700,,2026-07-20T11:17:36Z,2026-07-21T08:00:00Z,Team Total (Double Faults) Away,8,"{'hdp': 4.5, 'over': '1.57'}"
72982462,2026-07-21,WTA,"WTA - Hamburg, Germany",Bet365,Tamara Korpatsch,Victoria Jimenez Kasintseva,match_double_faults,7.5,3.7500,,2026-07-20T11:17:36Z,2026-07-21T08:00:00Z,Team Total (Double Faults) Away,8,"{'hdp': 7.5, 'over': '3.75'}"
72982462,2026-07-21,WTA,"WTA - Hamburg, Germany",Bet365,Tamara Korpatsch,Victoria Jimenez Kasintseva,match_double_faults,9.5,9.0000,,2026-07-20T11:17:36Z,2026-07-21T08:00:00Z,Team Total (Double Faults) Away,8,"{'hdp': 9.5, 'over': '9.00'}"
72982462,2026-07-21,WTA,"WTA - Hamburg, Germany",Bet365,Tamara Korpatsch,Victoria Jimenez Kasintseva,match_double_faults,11.5,19.0000,,2026-07-20T11:17:36Z,2026-07-21T08:00:00Z,Team Total (Double Faults) Away,8,"{'hdp': 11.5, 'over': '19.00'}"
72982462,2026-07-21,WTA,"WTA - Hamburg, Germany",Bet365,Tamara Korpatsch,Victoria Jimenez Kasintseva,match_double_faults,14.5,26.0000,,2026-07-20T11:17:36Z,2026-07-21T08:00:00Z,Team Total (Double Faults) Away,8,"{'hdp': 14.5, 'over': '26.00'}"
72982462,2026-07-21,WTA,"WTA - Hamburg, Germany",Bet365,Tamara Korpatsch,Victoria Jimenez Kasintseva,match_double_faults,0.5,1.0100,,2026-07-20T11:17:36Z,2026-07-21T08:00:00Z,Team Total (Double Faults) Home,7,"{'hdp': 0.5, 'over': '1.01'}"
72982462,2026-07-21,WTA,"WTA - Hamburg, Germany",Bet365,Tamara Korpatsch,Victoria Jimenez Kasintseva,match_double_faults,1.5,1.0800,,2026-07-20T11:17:36Z,2026-07-21T08:00:00Z,Team Total (Double Faults) Home,7,"{'hdp': 1.5, 'over': '1.08'}"
72982462,2026-07-21,WTA,"WTA - Hamburg, Germany",Bet365,Tamara Korpatsch,Victoria Jimenez Kasintseva,match_double_faults,2.5,1.2200,,2026-07-20T11:17:36Z,2026-07-21T08:00:00Z,Team Total (Double Faults) Home,7,"{'hdp': 2.5, 'over': '1.22'}"
72982462,2026-07-21,WTA,"WTA - Hamburg, Germany",Bet365,Tamara Korpatsch,Victoria Jimenez Kasintseva,match_double_faults,4.5,1.9000,,2026-07-20T11:17:36Z,2026-07-21T08:00:00Z,Team Total (Double Faults) Home,7,"{'hdp': 4.5, 'over': '1.90'}"
72982462,2026-07-21,WTA,"WTA - Hamburg, Germany",Bet365,Tamara Korpatsch,Victoria Jimenez Kasintseva,match_double_faults,7.5,6.0000,,2026-07-20T11:17:36Z,2026-07-21T08:00:00Z,Team Total (Double Faults) Home,7,"{'hdp': 7.5, 'over': '6.00'}"
72982462,2026-07-21,WTA,"WTA - Hamburg, Germany",Bet365,Tamara Korpatsch,Victoria Jimenez Kasintseva,match_double_faults,9.5,15.0000,,2026-07-20T11:17:36Z,2026-07-21T08:00:00Z,Team Total (Double Faults) Home,7,"{'hdp': 9.5, 'over': '15.00'}"
72982462,2026-07-21,WTA,"WTA - Hamburg, Germany",Bet365,Tamara Korpatsch,Victoria Jimenez Kasintseva,match_double_faults,11.5,26.0000,,2026-07-20T11:17:36Z,2026-07-21T08:00:00Z,Team Total (Double Faults) Home,7,"{'hdp': 11.5, 'over': '26.00'}"
72982462,2026-07-21,WTA,"WTA - Hamburg, Germany",Bet365,Tamara Korpatsch,Victoria Jimenez Kasintseva,match_aces,2.5,1.1400,,2026-07-20T11:17:36Z,2026-07-21T08:00:00Z,Totals (Aces),5,"{'hdp': 2.5, 'over': '1.14'}"
72982462,2026-07-21,WTA,"WTA - Hamburg, Germany",Bet365,Tamara Korpatsch,Victoria Jimenez Kasintseva,match_aces,4.5,1.5300,,2026-07-20T11:17:36Z,2026-07-21T08:00:00Z,Totals (Aces),5,"{'hdp': 4.5, 'over': '1.53'}"
72982462,2026-07-21,WTA,"WTA - Hamburg, Germany",Bet365,Tamara Korpatsch,Victoria Jimenez Kasintseva,match_aces,9.5,6.5000,,2026-07-20T11:17:36Z,2026-07-21T08:00:00Z,Totals (Aces),5,"{'hdp': 9.5, 'over': '6.50'}"
72982462,2026-07-21,WTA,"WTA - Hamburg, Germany",Bet365,Tamara Korpatsch,Victoria Jimenez Kasintseva,match_aces,14.5,26.0000,,2026-07-20T11:17:36Z,2026-07-21T08:00:00Z,Totals (Aces),5,"{'hdp': 14.5, 'over': '26.00'}"
72982462,2026-07-21,WTA,"WTA - Hamburg, Germany",Bet365,Tamara Korpatsch,Victoria Jimenez Kasintseva,match_double_faults,4.5,1.0500,,2026-07-20T11:17:36Z,2026-07-21T08:00:00Z,Totals (Double Faults),9,"{'hdp': 4.5, 'over': '1.05'}"
72982462,2026-07-21,WTA,"WTA - Hamburg, Germany",Bet365,Tamara Korpatsch,Victoria Jimenez Kasintseva,match_double_faults,7.5,1.3300,,2026-07-20T11:17:36Z,2026-07-21T08:00:00Z,Totals (Double Faults),9,"{'hdp': 7.5, 'over': '1.33'}"
72982462,2026-07-21,WTA,"WTA - Hamburg, Germany",Bet365,Tamara Korpatsch,Victoria Jimenez Kasintseva,match_double_faults,9.5,1.8000,,2026-07-20T11:17:36Z,2026-07-21T08:00:00Z,Totals (Double Faults),9,"{'hdp': 9.5, 'over': '1.80'}"
72982462,2026-07-21,WTA,"WTA - Hamburg, Germany",Bet365,Tamara Korpatsch,Victoria Jimenez Kasintseva,match_double_faults,11.5,2.6200,,2026-07-20T11:17:36Z,2026-07-21T08:00:00Z,Totals (Double Faults),9,"{'hdp': 11.5, 'over': '2.62'}"
72982462,2026-07-21,WTA,"WTA - Hamburg, Germany",Bet365,Tamara Korpatsch,Victoria Jimenez Kasintseva,match_double_faults,14.5,5.5000,,2026-07-20T11:17:36Z,2026-07-21T08:00:00Z,Totals (Double Faults),9,"{'hdp': 14.5, 'over': '5.50'}"
72982462,2026-07-21,WTA,"WTA - Hamburg, Germany",Bet365,Tamara Korpatsch,Victoria Jimenez Kasintseva,match_double_faults,19.5,23.0000,,2026-07-20T11:17:36Z,2026-07-21T08:00:00Z,Totals (Double Faults),9,"{'hdp': 19.5, 'over': '23.00'}"
72982462,2026-07-21,WTA,"WTA - Hamburg, Germany",Bet365,Tamara Korpatsch,Victoria Jimenez Kasintseva,match_double_faults,24.5,26.0000,,2026-07-20T11:17:36Z,2026-07-21T08:00:00Z,Totals (Double Faults),9,"{'hdp': 24.5, 'over': '26.00'}"
72982462,2026-07-21,WTA,"WTA - Hamburg, Germany",Bet365,Tamara Korpatsch,Victoria Jimenez Kasintseva,match_aces,0.5,1.1000,,2026-07-20T11:17:36Z,2026-07-21T08:00:00Z,Team Total (Aces) Away,4,"{'hdp': 0.5, 'over': '1.10'}"
72982462,2026-07-21,WTA,"WTA - Hamburg, Germany",Bet365,Tamara Korpatsch,Victoria Jimenez Kasintseva,match_aces,2.5,2.0000,,2026-07-20T11:17:36Z,2026-07-21T08:00:00Z,Team Total (Aces) Away,4,"{'hdp': 2.5, 'over': '2.00'}"
72982462,2026-07-21,WTA,"WTA - Hamburg, Germany",Bet365,Tamara Korpatsch,Victoria Jimenez Kasintseva,match_aces,4.5,5.5000,,2026-07-20T11:17:36Z,2026-07-21T08:00:00Z,Team Total (Aces) Away,4,"{'hdp': 4.5, 'over': '5.50'}"
72982462,2026-07-21,WTA,"WTA - Hamburg, Germany",Bet365,Tamara Korpatsch,Victoria Jimenez Kasintseva,match_aces,9.5,26.0000,,2026-07-20T11:17:36Z,2026-07-21T08:00:00Z,Team Total (Aces) Away,4,"{'hdp': 9.5, 'over': '26.00'}"
72982462,2026-07-21,WTA,"WTA - Hamburg, Germany",Bet365,Tamara Korpatsch,Victoria Jimenez Kasintseva,match_aces,0.5,1.0600,,2026-07-20T11:17:36Z,2026-07-21T08:00:00Z,Team Total (Aces) Home,4,"{'hdp': 0.5, 'over': '1.06'}"
72982462,2026-07-21,WTA,"WTA - Hamburg, Germany",Bet365,Tamara Korpatsch,Victoria Jimenez Kasintseva,match_aces,2.5,1.6600,,2026-07-20T11:17:36Z,2026-07-21T08:00:00Z,Team Total (Aces) Home,4,"{'hdp': 2.5, 'over': '1.66'}"
72982462,2026-07-21,WTA,"WTA - Hamburg, Germany",Bet365,Tamara Korpatsch,Victoria Jimenez Kasintseva,match_aces,4.5,3.7500,,2026-07-20T11:17:36Z,2026-07-21T08:00:00Z,Team Total (Aces) Home,4,"{'hdp': 4.5, 'over': '3.75'}"
72982462,2026-07-21,WTA,"WTA - Hamburg, Germany",Bet365,Tamara Korpatsch,Victoria Jimenez Kasintseva,match_aces,9.5,26.0000,,2026-07-20T11:17:36Z,2026-07-21T08:00:00Z,Team Total (Aces) Home,4,"{'hdp': 9.5, 'over': '26.00'}"
72982464,2026-07-21,WTA,"WTA - Hamburg, Germany",Bet365,Katarzyna Kawa,Paula Badosa,match_double_faults,7.5,1.5000,,2026-07-20T11:17:36Z,2026-07-21T08:00:00Z,Team Total (Double Faults) Away,10,"{'hdp': 7.5, 'over': '1.50'}"
72982464,2026-07-21,WTA,"WTA - Hamburg, Germany",Bet365,Katarzyna Kawa,Paula Badosa,match_double_faults,9.5,2.0000,,2026-07-20T11:17:36Z,2026-07-21T08:00:00Z,Team Total (Double Faults) Away,10,"{'hdp': 9.5, 'over': '2.00'}"
72982464,2026-07-21,WTA,"WTA - Hamburg, Germany",Bet365,Katarzyna Kawa,Paula Badosa,match_double_faults,24.5,26.0000,,2026-07-20T11:17:36Z,2026-07-21T08:00:00Z,Team Total (Double Faults) Away,10,"{'hdp': 24.5, 'over': '26.00'}"
72982464,2026-07-21,WTA,"WTA - Hamburg, Germany",Bet365,Katarzyna Kawa,Paula Badosa,match_double_faults,19.5,19.0000,,2026-07-20T11:17:36Z,2026-07-21T08:00:00Z,Team Total (Double Faults) Away,10,"{'hdp': 19.5, 'over': '19.00'}"
72982464,2026-07-21,WTA,"WTA - Hamburg, Germany",Bet365,Katarzyna Kawa,Paula Badosa,match_double_faults,2.5,1.0200,,2026-07-20T11:17:36Z,2026-07-21T08:00:00Z,Team Total (Double Faults) Away,10,"{'hdp': 2.5, 'over': '1.02'}"
72982464,2026-07-21,WTA,"WTA - Hamburg, Germany",Bet365,Katarzyna Kawa,Paula Badosa,match_double_faults,4.5,1.1200,,2026-07-20T11:17:36Z,2026-07-21T08:00:00Z,Team Total (Double Faults) Away,10,"{'hdp': 4.5, 'over': '1.12'}"
72982464,2026-07-21,WTA,"WTA - Hamburg, Germany",Bet365,Katarzyna Kawa,Paula Badosa,match_double_faults,11.5,3.0000,,2026-07-20T11:17:36Z,2026-07-21T08:00:00Z,Team Total (Double Faults) Away,10,"{'hdp': 11.5, 'over': '3.00'}"
72982464,2026-07-21,WTA,"WTA - Hamburg, Germany",Bet365,Katarzyna Kawa,Paula Badosa,match_double_faults,14.5,6.0000,,2026-07-20T11:17:36Z,2026-07-21T08:00:00Z,Team Total (Double Faults) Away,10,"{'hdp': 14.5, 'over': '6.00'}"
72982464,2026-07-21,WTA,"WTA - Hamburg, Germany",Bet365,Katarzyna Kawa,Paula Badosa,match_double_faults,1.5,1.0200,,2026-07-20T11:17:36Z,2026-07-21T08:00:00Z,Team Total (Double Faults) Home,8,"{'hdp': 1.5, 'over': '1.02'}"
72982464,2026-07-21,WTA,"WTA - Hamburg, Germany",Bet365,Katarzyna Kawa,Paula Badosa,match_double_faults,14.5,26.0000,,2026-07-20T11:17:36Z,2026-07-21T08:00:00Z,Team Total (Double Faults) Home,8,"{'hdp': 14.5, 'over': '26.00'}"
72982464,2026-07-21,WTA,"WTA - Hamburg, Germany",Bet365,Katarzyna Kawa,Paula Badosa,match_double_faults,11.5,17.0000,,2026-07-20T11:17:36Z,2026-07-21T08:00:00Z,Team Total (Double Faults) Home,8,"{'hdp': 11.5, 'over': '17.00'}"
72982464,2026-07-21,WTA,"WTA - Hamburg, Germany",Bet365,Katarzyna Kawa,Paula Badosa,match_double_faults,4.5,1.4400,,2026-07-20T11:17:36Z,2026-07-21T08:00:00Z,Team Total (Double Faults) Home,8,"{'hdp': 4.5, 'over': '1.44'}"
72982464,2026-07-21,WTA,"WTA - Hamburg, Germany",Bet365,Katarzyna Kawa,Paula Badosa,match_double_faults,7.5,3.4000,,2026-07-20T11:17:36Z,2026-07-21T08:00:00Z,Team Total (Double Faults) Home,8,"{'hdp': 7.5, 'over': '3.40'}"
72982464,2026-07-21,WTA,"WTA - Hamburg, Germany",Bet365,Katarzyna Kawa,Paula Badosa,match_double_faults,2.5,1.1000,,2026-07-20T11:17:36Z,2026-07-21T08:00:00Z,Team Total (Double Faults) Home,8,"{'hdp': 2.5, 'over': '1.10'}"
72982464,2026-07-21,WTA,"WTA - Hamburg, Germany",Bet365,Katarzyna Kawa,Paula Badosa,match_double_faults,9.5,7.0000,,2026-07-20T11:17:36Z,2026-07-21T08:00:00Z,Team Total (Double Faults) Home,8,"{'hdp': 9.5, 'over': '7.00'}"
72982464,2026-07-21,WTA,"WTA - Hamburg, Germany",Bet365,Katarzyna Kawa,Paula Badosa,match_aces,2.5,1.1200,,2026-07-20T11:17:36Z,2026-07-21T08:00:00Z,Team Total (Aces) Away,6,"{'hdp': 2.5, 'over': '1.12'}"
72982464,2026-07-21,WTA,"WTA - Hamburg, Germany",Bet365,Katarzyna Kawa,Paula Badosa,match_aces,4.5,1.5000,,2026-07-20T11:17:36Z,2026-07-21T08:00:00Z,Team Total (Aces) Away,6,"{'hdp': 4.5, 'over': '1.50'}"
72982464,2026-07-21,WTA,"WTA - Hamburg, Germany",Bet365,Katarzyna Kawa,Paula Badosa,match_aces,9.5,5.5000,,2026-07-20T11:17:36Z,2026-07-21T08:00:00Z,Team Total (Aces) Away,6,"{'hdp': 9.5, 'over': '5.50'}"
72982464,2026-07-21,WTA,"WTA - Hamburg, Germany",Bet365,Katarzyna Kawa,Paula Badosa,match_aces,14.5,23.0000,,2026-07-20T11:17:36Z,2026-07-21T08:00:00Z,Team Total (Aces) Away,6,"{'hdp': 14.5, 'over': '23.00'}"
72982464,2026-07-21,WTA,"WTA - Hamburg, Germany",Bet365,Katarzyna Kawa,Paula Badosa,match_aces,19.5,26.0000,,2026-07-20T11:17:36Z,2026-07-21T08:00:00Z,Team Total (Aces) Away,6,"{'hdp': 19.5, 'over': '26.00'}"
72982464,2026-07-21,WTA,"WTA - Hamburg, Germany",Bet365,Katarzyna Kawa,Paula Badosa,match_aces,0.5,1.0300,,2026-07-20T11:17:36Z,2026-07-21T08:00:00Z,Team Total (Aces) Home,5,"{'hdp': 0.5, 'over': '1.03'}"
72982464,2026-07-21,WTA,"WTA - Hamburg, Germany",Bet365,Katarzyna Kawa,Paula Badosa,match_aces,2.5,1.3300,,2026-07-20T11:17:36Z,2026-07-21T08:00:00Z,Team Total (Aces) Home,5,"{'hdp': 2.5, 'over': '1.33'}"
72982464,2026-07-21,WTA,"WTA - Hamburg, Germany",Bet365,Katarzyna Kawa,Paula Badosa,match_aces,4.5,2.2000,,2026-07-20T11:17:36Z,2026-07-21T08:00:00Z,Team Total (Aces) Home,5,"{'hdp': 4.5, 'over': '2.20'}"
72982464,2026-07-21,WTA,"WTA - Hamburg, Germany",Bet365,Katarzyna Kawa,Paula Badosa,match_aces,9.5,11.0000,,2026-07-20T11:17:36Z,2026-07-21T08:00:00Z,Team Total (Aces) Home,5,"{'hdp': 9.5, 'over': '11.00'}"
72982464,2026-07-21,WTA,"WTA - Hamburg, Germany",Bet365,Katarzyna Kawa,Paula Badosa,match_aces,14.5,26.0000,,2026-07-20T11:17:36Z,2026-07-21T08:00:00Z,Team Total (Aces) Home,5,"{'hdp': 14.5, 'over': '26.00'}"
72982464,2026-07-21,WTA,"WTA - Hamburg, Germany",Bet365,Katarzyna Kawa,Paula Badosa,match_aces,2.5,1.0100,,2026-07-20T11:17:36Z,2026-07-21T08:00:00Z,Totals (Aces),7,"{'hdp': 2.5, 'over': '1.01'}"
72982464,2026-07-21,WTA,"WTA - Hamburg, Germany",Bet365,Katarzyna Kawa,Paula Badosa,match_aces,4.5,1.0800,,2026-07-20T11:17:36Z,2026-07-21T08:00:00Z,Totals (Aces),7,"{'hdp': 4.5, 'over': '1.08'}"
72982464,2026-07-21,WTA,"WTA - Hamburg, Germany",Bet365,Katarzyna Kawa,Paula Badosa,match_aces,9.5,1.8000,,2026-07-20T11:17:36Z,2026-07-21T08:00:00Z,Totals (Aces),7,"{'hdp': 9.5, 'over': '1.80'}"
72982464,2026-07-21,WTA,"WTA - Hamburg, Germany",Bet365,Katarzyna Kawa,Paula Badosa,match_aces,14.5,4.0000,,2026-07-20T11:17:36Z,2026-07-21T08:00:00Z,Totals (Aces),7,"{'hdp': 14.5, 'over': '4.00'}"
72982464,2026-07-21,WTA,"WTA - Hamburg, Germany",Bet365,Katarzyna Kawa,Paula Badosa,match_aces,19.5,11.0000,,2026-07-20T11:17:36Z,2026-07-21T08:00:00Z,Totals (Aces),7,"{'hdp': 19.5, 'over': '11.00'}"
72982464,2026-07-21,WTA,"WTA - Hamburg, Germany",Bet365,Katarzyna Kawa,Paula Badosa,match_aces,24.5,26.0000,,2026-07-20T11:17:36Z,2026-07-21T08:00:00Z,Totals (Aces),7,"{'hdp': 24.5, 'over': '26.00'}"
72982464,2026-07-21,WTA,"WTA - Hamburg, Germany",Bet365,Katarzyna Kawa,Paula Badosa,match_double_faults,11.5,1.3000,,2026-07-20T11:17:36Z,2026-07-21T08:00:00Z,Totals (Double Faults),8,"{'hdp': 11.5, 'over': '1.30'}"
72982464,2026-07-21,WTA,"WTA - Hamburg, Germany",Bet365,Katarzyna Kawa,Paula Badosa,match_double_faults,14.5,1.8000,,2026-07-20T11:17:36Z,2026-07-21T08:00:00Z,Totals (Double Faults),8,"{'hdp': 14.5, 'over': '1.80'}"
72982464,2026-07-21,WTA,"WTA - Hamburg, Germany",Bet365,Katarzyna Kawa,Paula Badosa,match_double_faults,19.5,3.7500,,2026-07-20T11:17:36Z,2026-07-21T08:00:00Z,Totals (Double Faults),8,"{'hdp': 19.5, 'over': '3.75'}"
72982464,2026-07-21,WTA,"WTA - Hamburg, Germany",Bet365,Katarzyna Kawa,Paula Badosa,match_double_faults,24.5,11.0000,,2026-07-20T11:17:36Z,2026-07-21T08:00:00Z,Totals (Double Faults),8,"{'hdp': 24.5, 'over': '11.00'}"
72982464,2026-07-21,WTA,"WTA - Hamburg, Germany",Bet365,Katarzyna Kawa,Paula Badosa,match_double_faults,7.5,1.0500,,2026-07-20T11:17:36Z,2026-07-21T08:00:00Z,Totals (Double Faults),8,"{'hdp': 7.5, 'over': '1.05'}"
72982464,2026-07-21,WTA,"WTA - Hamburg, Germany",Bet365,Katarzyna Kawa,Paula Badosa,match_double_faults,9.5,1.1400,,2026-07-20T11:17:36Z,2026-07-21T08:00:00Z,Totals (Double Faults),8,"{'hdp': 9.5, 'over': '1.14'}"
72982466,2026-07-21,WTA,"WTA - Hamburg, Germany",Bet365,Tessa Johanna Brockmann,Elsa Jacquemot,match_double_faults,1.5,1.0400,,2026-07-20T11:17:36Z,2026-07-21T08:00:00Z,Team Total (Double Faults) Home,8,"{'hdp': 1.5, 'over': '1.04'}"
72982466,2026-07-21,WTA,"WTA - Hamburg, Germany",Bet365,Tessa Johanna Brockmann,Elsa Jacquemot,match_double_faults,2.5,1.1400,,2026-07-20T11:17:36Z,2026-07-21T08:00:00Z,Team Total (Double Faults) Home,8,"{'hdp': 2.5, 'over': '1.14'}"
72982466,2026-07-21,WTA,"WTA - Hamburg, Germany",Bet365,Tessa Johanna Brockmann,Elsa Jacquemot,match_double_faults,4.5,1.6600,,2026-07-20T11:17:36Z,2026-07-21T08:00:00Z,Team Total (Double Faults) Home,8,"{'hdp': 4.5, 'over': '1.66'}"
72982466,2026-07-21,WTA,"WTA - Hamburg, Germany",Bet365,Tessa Johanna Brockmann,Elsa Jacquemot,match_double_faults,7.5,4.3300,,2026-07-20T11:17:36Z,2026-07-21T08:00:00Z,Team Total (Double Faults) Home,8,"{'hdp': 7.5, 'over': '4.33'}"
72982466,2026-07-21,WTA,"WTA - Hamburg, Germany",Bet365,Tessa Johanna Brockmann,Elsa Jacquemot,match_double_faults,9.5,11.0000,,2026-07-20T11:17:36Z,2026-07-21T08:00:00Z,Team Total (Double Faults) Home,8,"{'hdp': 9.5, 'over': '11.00'}"
72982466,2026-07-21,WTA,"WTA - Hamburg, Germany",Bet365,Tessa Johanna Brockmann,Elsa Jacquemot,match_double_faults,11.5,23.0000,,2026-07-20T11:17:36Z,2026-07-21T08:00:00Z,Team Total (Double Faults) Home,8,"{'hdp': 11.5, 'over': '23.00'}"
72982466,2026-07-21,WTA,"WTA - Hamburg, Germany",Bet365,Tessa Johanna Brockmann,Elsa Jacquemot,match_double_faults,14.5,26.0000,,2026-07-20T11:17:36Z,2026-07-21T08:00:00Z,Team Total (Double Faults) Home,8,"{'hdp': 14.5, 'over': '26.00'}"
72982466,2026-07-21,WTA,"WTA - Hamburg, Germany",Bet365,Tessa Johanna Brockmann,Elsa Jacquemot,match_aces,2.5,1.0300,,2026-07-20T11:17:36Z,2026-07-21T08:00:00Z,Totals (Aces),7,"{'hdp': 2.5, 'over': '1.03'}"
72982466,2026-07-21,WTA,"WTA - Hamburg, Germany",Bet365,Tessa Johanna Brockmann,Elsa Jacquemot,match_aces,4.5,1.1400,,2026-07-20T11:17:36Z,2026-07-21T08:00:00Z,Totals (Aces),7,"{'hdp': 4.5, 'over': '1.14'}"
72982466,2026-07-21,WTA,"WTA - Hamburg, Germany",Bet365,Tessa Johanna Brockmann,Elsa Jacquemot,match_aces,9.5,2.2000,,2026-07-20T11:17:36Z,2026-07-21T08:00:00Z,Totals (Aces),7,"{'hdp': 9.5, 'over': '2.20'}"
72982466,2026-07-21,WTA,"WTA - Hamburg, Germany",Bet365,Tessa Johanna Brockmann,Elsa Jacquemot,match_aces,14.5,6.5000,,2026-07-20T11:17:36Z,2026-07-21T08:00:00Z,Totals (Aces),7,"{'hdp': 14.5, 'over': '6.50'}"
72982466,2026-07-21,WTA,"WTA - Hamburg, Germany",Bet365,Tessa Johanna Brockmann,Elsa Jacquemot,match_aces,19.5,21.0000,,2026-07-20T11:17:36Z,2026-07-21T08:00:00Z,Totals (Aces),7,"{'hdp': 19.5, 'over': '21.00'}"
72982466,2026-07-21,WTA,"WTA - Hamburg, Germany",Bet365,Tessa Johanna Brockmann,Elsa Jacquemot,match_aces,24.5,26.0000,,2026-07-20T11:17:36Z,2026-07-21T08:00:00Z,Totals (Aces),7,"{'hdp': 24.5, 'over': '26.00'}"
72982466,2026-07-21,WTA,"WTA - Hamburg, Germany",Bet365,Tessa Johanna Brockmann,Elsa Jacquemot,match_double_faults,4.5,1.0100,,2026-07-20T11:17:36Z,2026-07-21T08:00:00Z,Totals (Double Faults),9,"{'hdp': 4.5, 'over': '1.01'}"
72982466,2026-07-21,WTA,"WTA - Hamburg, Germany",Bet365,Tessa Johanna Brockmann,Elsa Jacquemot,match_double_faults,7.5,1.1400,,2026-07-20T11:17:36Z,2026-07-21T08:00:00Z,Totals (Double Faults),9,"{'hdp': 7.5, 'over': '1.14'}"
72982466,2026-07-21,WTA,"WTA - Hamburg, Germany",Bet365,Tessa Johanna Brockmann,Elsa Jacquemot,match_double_faults,9.5,1.3300,,2026-07-20T11:17:36Z,2026-07-21T08:00:00Z,Totals (Double Faults),9,"{'hdp': 9.5, 'over': '1.33'}"
72982466,2026-07-21,WTA,"WTA - Hamburg, Germany",Bet365,Tessa Johanna Brockmann,Elsa Jacquemot,match_double_faults,11.5,1.7200,,2026-07-20T11:17:36Z,2026-07-21T08:00:00Z,Totals (Double Faults),9,"{'hdp': 11.5, 'over': '1.72'}"
72982466,2026-07-21,WTA,"WTA - Hamburg, Germany",Bet365,Tessa Johanna Brockmann,Elsa Jacquemot,match_double_faults,14.5,2.7500,,2026-07-20T11:17:36Z,2026-07-21T08:00:00Z,Totals (Double Faults),9,"{'hdp': 14.5, 'over': '2.75'}"
72982466,2026-07-21,WTA,"WTA - Hamburg, Germany",Bet365,Tessa Johanna Brockmann,Elsa Jacquemot,match_double_faults,19.5,9.0000,,2026-07-20T11:17:36Z,2026-07-21T08:00:00Z,Totals (Double Faults),9,"{'hdp': 19.5, 'over': '9.00'}"
72982466,2026-07-21,WTA,"WTA - Hamburg, Germany",Bet365,Tessa Johanna Brockmann,Elsa Jacquemot,match_double_faults,24.5,26.0000,,2026-07-20T11:17:36Z,2026-07-21T08:00:00Z,Totals (Double Faults),9,"{'hdp': 24.5, 'over': '26.00'}"
72982466,2026-07-21,WTA,"WTA - Hamburg, Germany",Bet365,Tessa Johanna Brockmann,Elsa Jacquemot,match_aces,0.5,1.0100,,2026-07-20T11:17:36Z,2026-07-21T08:00:00Z,Team Total (Aces) Away,5,"{'hdp': 0.5, 'over': '1.01'}"
72982466,2026-07-21,WTA,"WTA - Hamburg, Germany",Bet365,Tessa Johanna Brockmann,Elsa Jacquemot,match_aces,2.5,1.2200,,2026-07-20T11:17:36Z,2026-07-21T08:00:00Z,Team Total (Aces) Away,5,"{'hdp': 2.5, 'over': '1.22'}"
72982466,2026-07-21,WTA,"WTA - Hamburg, Germany",Bet365,Tessa Johanna Brockmann,Elsa Jacquemot,match_aces,4.5,1.8000,,2026-07-20T11:17:36Z,2026-07-21T08:00:00Z,Team Total (Aces) Away,5,"{'hdp': 4.5, 'over': '1.80'}"
72982466,2026-07-21,WTA,"WTA - Hamburg, Germany",Bet365,Tessa Johanna Brockmann,Elsa Jacquemot,match_aces,9.5,9.0000,,2026-07-20T11:17:36Z,2026-07-21T08:00:00Z,Team Total (Aces) Away,5,"{'hdp': 9.5, 'over': '9.00'}"
72982466,2026-07-21,WTA,"WTA - Hamburg, Germany",Bet365,Tessa Johanna Brockmann,Elsa Jacquemot,match_aces,14.5,26.0000,,2026-07-20T11:17:36Z,2026-07-21T08:00:00Z,Team Total (Aces) Away,5,"{'hdp': 14.5, 'over': '26.00'}"
72982466,2026-07-21,WTA,"WTA - Hamburg, Germany",Bet365,Tessa Johanna Brockmann,Elsa Jacquemot,match_aces,0.5,1.0400,,2026-07-20T11:17:36Z,2026-07-21T08:00:00Z,Team Total (Aces) Home,5,"{'hdp': 0.5, 'over': '1.04'}"
72982466,2026-07-21,WTA,"WTA - Hamburg, Germany",Bet365,Tessa Johanna Brockmann,Elsa Jacquemot,match_aces,2.5,1.4000,,2026-07-20T11:17:36Z,2026-07-21T08:00:00Z,Team Total (Aces) Home,5,"{'hdp': 2.5, 'over': '1.40'}"
72982466,2026-07-21,WTA,"WTA - Hamburg, Germany",Bet365,Tessa Johanna Brockmann,Elsa Jacquemot,match_aces,4.5,2.5000,,2026-07-20T11:17:36Z,2026-07-21T08:00:00Z,Team Total (Aces) Home,5,"{'hdp': 4.5, 'over': '2.50'}"
72982466,2026-07-21,WTA,"WTA - Hamburg, Germany",Bet365,Tessa Johanna Brockmann,Elsa Jacquemot,match_aces,9.5,17.0000,,2026-07-20T11:17:36Z,2026-07-21T08:00:00Z,Team Total (Aces) Home,5,"{'hdp': 9.5, 'over': '17.00'}"
72982466,2026-07-21,WTA,"WTA - Hamburg, Germany",Bet365,Tessa Johanna Brockmann,Elsa Jacquemot,match_aces,14.5,26.0000,,2026-07-20T11:17:36Z,2026-07-21T08:00:00Z,Team Total (Aces) Home,5,"{'hdp': 14.5, 'over': '26.00'}"
72982466,2026-07-21,WTA,"WTA - Hamburg, Germany",Bet365,Tessa Johanna Brockmann,Elsa Jacquemot,match_double_faults,1.5,1.0200,,2026-07-20T11:17:36Z,2026-07-21T08:00:00Z,Team Total (Double Faults) Away,9,"{'hdp': 1.5, 'over': '1.02'}"
72982466,2026-07-21,WTA,"WTA - Hamburg, Germany",Bet365,Tessa Johanna Brockmann,Elsa Jacquemot,match_double_faults,2.5,1.0600,,2026-07-20T11:17:36Z,2026-07-21T08:00:00Z,Team Total (Double Faults) Away,9,"{'hdp': 2.5, 'over': '1.06'}"
72982466,2026-07-21,WTA,"WTA - Hamburg, Germany",Bet365,Tessa Johanna Brockmann,Elsa Jacquemot,match_double_faults,4.5,1.2800,,2026-07-20T11:17:36Z,2026-07-21T08:00:00Z,Team Total (Double Faults) Away,9,"{'hdp': 4.5, 'over': '1.28'}"
72982466,2026-07-21,WTA,"WTA - Hamburg, Germany",Bet365,Tessa Johanna Brockmann,Elsa Jacquemot,match_double_faults,7.5,2.1000,,2026-07-20T11:17:36Z,2026-07-21T08:00:00Z,Team Total (Double Faults) Away,9,"{'hdp': 7.5, 'over': '2.10'}"
72982466,2026-07-21,WTA,"WTA - Hamburg, Germany",Bet365,Tessa Johanna Brockmann,Elsa Jacquemot,match_double_faults,9.5,3.4000,,2026-07-20T11:17:36Z,2026-07-21T08:00:00Z,Team Total (Double Faults) Away,9,"{'hdp': 9.5, 'over': '3.40'}"
72982466,2026-07-21,WTA,"WTA - Hamburg, Germany",Bet365,Tessa Johanna Brockmann,Elsa Jacquemot,match_double_faults,11.5,6.0000,,2026-07-20T11:17:36Z,2026-07-21T08:00:00Z,Team Total (Double Faults) Away,9,"{'hdp': 11.5, 'over': '6.00'}"
72982466,2026-07-21,WTA,"WTA - Hamburg, Germany",Bet365,Tessa Johanna Brockmann,Elsa Jacquemot,match_double_faults,14.5,15.0000,,2026-07-20T11:17:36Z,2026-07-21T08:00:00Z,Team Total (Double Faults) Away,9,"{'hdp': 14.5, 'over': '15.00'}"
72982466,2026-07-21,WTA,"WTA - Hamburg, Germany",Bet365,Tessa Johanna Brockmann,Elsa Jacquemot,match_double_faults,19.5,26.0000,,2026-07-20T11:17:36Z,2026-07-21T08:00:00Z,Team Total (Double Faults) Away,9,"{'hdp': 19.5, 'over': '26.00'}"
72982470,2026-07-21,WTA,"WTA - Hamburg, Germany",Bet365,Darja Semenistaja,Sinja Kraus,match_aces,0.5,1.0700,,2026-07-20T11:17:36Z,2026-07-21T08:00:00Z,Team Total (Aces) Home,4,"{'hdp': 0.5, 'over': '1.07'}"
72982470,2026-07-21,WTA,"WTA - Hamburg, Germany",Bet365,Darja Semenistaja,Sinja Kraus,match_aces,2.5,1.6600,,2026-07-20T11:17:36Z,2026-07-21T08:00:00Z,Team Total (Aces) Home,4,"{'hdp': 2.5, 'over': '1.66'}"
72982470,2026-07-21,WTA,"WTA - Hamburg, Germany",Bet365,Darja Semenistaja,Sinja Kraus,match_aces,4.5,3.5000,,2026-07-20T11:17:36Z,2026-07-21T08:00:00Z,Team Total (Aces) Home,4,"{'hdp': 4.5, 'over': '3.50'}"
72982470,2026-07-21,WTA,"WTA - Hamburg, Germany",Bet365,Darja Semenistaja,Sinja Kraus,match_aces,9.5,26.0000,,2026-07-20T11:17:36Z,2026-07-21T08:00:00Z,Team Total (Aces) Home,4,"{'hdp': 9.5, 'over': '26.00'}"
72982470,2026-07-21,WTA,"WTA - Hamburg, Germany",Bet365,Darja Semenistaja,Sinja Kraus,match_double_faults,0.5,1.0100,,2026-07-20T11:17:36Z,2026-07-21T08:00:00Z,Team Total (Double Faults) Away,7,"{'hdp': 0.5, 'over': '1.01'}"
72982470,2026-07-21,WTA,"WTA - Hamburg, Germany",Bet365,Darja Semenistaja,Sinja Kraus,match_double_faults,1.5,1.1000,,2026-07-20T11:17:36Z,2026-07-21T08:00:00Z,Team Total (Double Faults) Away,7,"{'hdp': 1.5, 'over': '1.10'}"
72982470,2026-07-21,WTA,"WTA - Hamburg, Germany",Bet365,Darja Semenistaja,Sinja Kraus,match_double_faults,2.5,1.2500,,2026-07-20T11:17:36Z,2026-07-21T08:00:00Z,Team Total (Double Faults) Away,7,"{'hdp': 2.5, 'over': '1.25'}"
72982470,2026-07-21,WTA,"WTA - Hamburg, Germany",Bet365,Darja Semenistaja,Sinja Kraus,match_double_faults,4.5,2.0000,,2026-07-20T11:17:36Z,2026-07-21T08:00:00Z,Team Total (Double Faults) Away,7,"{'hdp': 4.5, 'over': '2.00'}"
72982470,2026-07-21,WTA,"WTA - Hamburg, Germany",Bet365,Darja Semenistaja,Sinja Kraus,match_double_faults,7.5,6.0000,,2026-07-20T11:17:36Z,2026-07-21T08:00:00Z,Team Total (Double Faults) Away,7,"{'hdp': 7.5, 'over': '6.00'}"
72982470,2026-07-21,WTA,"WTA - Hamburg, Germany",Bet365,Darja Semenistaja,Sinja Kraus,match_double_faults,9.5,13.0000,,2026-07-20T11:17:36Z,2026-07-21T08:00:00Z,Team Total (Double Faults) Away,7,"{'hdp': 9.5, 'over': '13.00'}"
72982470,2026-07-21,WTA,"WTA - Hamburg, Germany",Bet365,Darja Semenistaja,Sinja Kraus,match_double_faults,11.5,26.0000,,2026-07-20T11:17:36Z,2026-07-21T08:00:00Z,Team Total (Double Faults) Away,7,"{'hdp': 11.5, 'over': '26.00'}"
72982470,2026-07-21,WTA,"WTA - Hamburg, Germany",Bet365,Darja Semenistaja,Sinja Kraus,match_double_faults,0.5,1.0500,,2026-07-20T11:17:36Z,2026-07-21T08:00:00Z,Team Total (Double Faults) Home,5,"{'hdp': 0.5, 'over': '1.05'}"
72982470,2026-07-21,WTA,"WTA - Hamburg, Germany",Bet365,Darja Semenistaja,Sinja Kraus,match_double_faults,1.5,1.2800,,2026-07-20T11:17:36Z,2026-07-21T08:00:00Z,Team Total (Double Faults) Home,5,"{'hdp': 1.5, 'over': '1.28'}"
72982470,2026-07-21,WTA,"WTA - Hamburg, Germany",Bet365,Darja Semenistaja,Sinja Kraus,match_double_faults,2.5,1.8000,,2026-07-20T11:17:36Z,2026-07-21T08:00:00Z,Team Total (Double Faults) Home,5,"{'hdp': 2.5, 'over': '1.80'}"
72982470,2026-07-21,WTA,"WTA - Hamburg, Germany",Bet365,Darja Semenistaja,Sinja Kraus,match_double_faults,4.5,5.0000,,2026-07-20T11:17:36Z,2026-07-21T08:00:00Z,Team Total (Double Faults) Home,5,"{'hdp': 4.5, 'over': '5.00'}"
72982470,2026-07-21,WTA,"WTA - Hamburg, Germany",Bet365,Darja Semenistaja,Sinja Kraus,match_double_faults,7.5,26.0000,,2026-07-20T11:17:36Z,2026-07-21T08:00:00Z,Team Total (Double Faults) Home,5,"{'hdp': 7.5, 'over': '26.00'}"
72982470,2026-07-21,WTA,"WTA - Hamburg, Germany",Bet365,Darja Semenistaja,Sinja Kraus,match_aces,2.5,1.0800,,2026-07-20T11:17:36Z,2026-07-21T08:00:00Z,Totals (Aces),6,"{'hdp': 2.5, 'over': '1.08'}"
72982470,2026-07-21,WTA,"WTA - Hamburg, Germany",Bet365,Darja Semenistaja,Sinja Kraus,match_aces,4.5,1.3600,,2026-07-20T11:17:36Z,2026-07-21T08:00:00Z,Totals (Aces),6,"{'hdp': 4.5, 'over': '1.36'}"
72982470,2026-07-21,WTA,"WTA - Hamburg, Germany",Bet365,Darja Semenistaja,Sinja Kraus,match_aces,9.5,4.0000,,2026-07-20T11:17:36Z,2026-07-21T08:00:00Z,Totals (Aces),6,"{'hdp': 9.5, 'over': '4.00'}"
72982470,2026-07-21,WTA,"WTA - Hamburg, Germany",Bet365,Darja Semenistaja,Sinja Kraus,match_aces,14.5,17.0000,,2026-07-20T11:17:36Z,2026-07-21T08:00:00Z,Totals (Aces),6,"{'hdp': 14.5, 'over': '17.00'}"
72982470,2026-07-21,WTA,"WTA - Hamburg, Germany",Bet365,Darja Semenistaja,Sinja Kraus,match_aces,19.5,26.0000,,2026-07-20T11:17:36Z,2026-07-21T08:00:00Z,Totals (Aces),6,"{'hdp': 19.5, 'over': '26.00'}"
72982470,2026-07-21,WTA,"WTA - Hamburg, Germany",Bet365,Darja Semenistaja,Sinja Kraus,match_aces,0.5,1.0400,,2026-07-20T11:17:36Z,2026-07-21T08:00:00Z,Team Total (Aces) Away,4,"{'hdp': 0.5, 'over': '1.04'}"
72982470,2026-07-21,WTA,"WTA - Hamburg, Germany",Bet365,Darja Semenistaja,Sinja Kraus,match_aces,2.5,1.5000,,2026-07-20T11:17:36Z,2026-07-21T08:00:00Z,Team Total (Aces) Away,4,"{'hdp': 2.5, 'over': '1.50'}"
72982470,2026-07-21,WTA,"WTA - Hamburg, Germany",Bet365,Darja Semenistaja,Sinja Kraus,match_aces,4.5,3.0000,,2026-07-20T11:17:36Z,2026-07-21T08:00:00Z,Team Total (Aces) Away,4,"{'hdp': 4.5, 'over': '3.00'}"
72982470,2026-07-21,WTA,"WTA - Hamburg, Germany",Bet365,Darja Semenistaja,Sinja Kraus,match_aces,9.5,26.0000,,2026-07-20T11:17:36Z,2026-07-21T08:00:00Z,Team Total (Aces) Away,4,"{'hdp': 9.5, 'over': '26.00'}"
72982470,2026-07-21,WTA,"WTA - Hamburg, Germany",Bet365,Darja Semenistaja,Sinja Kraus,match_double_faults,2.5,1.0300,,2026-07-20T11:17:36Z,2026-07-21T08:00:00Z,Totals (Double Faults),9,"{'hdp': 2.5, 'over': '1.03'}"
72982470,2026-07-21,WTA,"WTA - Hamburg, Germany",Bet365,Darja Semenistaja,Sinja Kraus,match_double_faults,4.5,1.2000,,2026-07-20T11:17:36Z,2026-07-21T08:00:00Z,Totals (Double Faults),9,"{'hdp': 4.5, 'over': '1.20'}"
72982470,2026-07-21,WTA,"WTA - Hamburg, Germany",Bet365,Darja Semenistaja,Sinja Kraus,match_double_faults,7.5,2.0000,,2026-07-20T11:17:36Z,2026-07-21T08:00:00Z,Totals (Double Faults),9,"{'hdp': 7.5, 'over': '2.00'}"
72982470,2026-07-21,WTA,"WTA - Hamburg, Germany",Bet365,Darja Semenistaja,Sinja Kraus,match_double_faults,9.5,3.5000,,2026-07-20T11:17:36Z,2026-07-21T08:00:00Z,Totals (Double Faults),9,"{'hdp': 9.5, 'over': '3.50'}"
72982470,2026-07-21,WTA,"WTA - Hamburg, Germany",Bet365,Darja Semenistaja,Sinja Kraus,match_double_faults,11.5,7.0000,,2026-07-20T11:17:36Z,2026-07-21T08:00:00Z,Totals (Double Faults),9,"{'hdp': 11.5, 'over': '7.00'}"
72982470,2026-07-21,WTA,"WTA - Hamburg, Germany",Bet365,Darja Semenistaja,Sinja Kraus,match_double_faults,14.5,19.0000,,2026-07-20T11:17:36Z,2026-07-21T08:00:00Z,Totals (Double Faults),9,"{'hdp': 14.5, 'over': '19.00'}"
72982470,2026-07-21,WTA,"WTA - Hamburg, Germany",Bet365,Darja Semenistaja,Sinja Kraus,match_double_faults,19.5,26.0000,,2026-07-20T11:17:36Z,2026-07-21T08:00:00Z,Totals (Double Faults),9,"{'hdp': 19.5, 'over': '26.00'}"
72982474,2026-07-21,WTA,"WTA - Hamburg, Germany",Bet365,Valentina Steiner,Noma Noha Akugue,match_double_faults,0.5,1.0200,,2026-07-20T11:17:36Z,2026-07-21T08:00:00Z,Team Total (Double Faults) Away,7,"{'hdp': 0.5, 'over': '1.02'}"
72982474,2026-07-21,WTA,"WTA - Hamburg, Germany",Bet365,Valentina Steiner,Noma Noha Akugue,match_double_faults,1.5,1.1000,,2026-07-20T11:17:36Z,2026-07-21T08:00:00Z,Team Total (Double Faults) Away,7,"{'hdp': 1.5, 'over': '1.10'}"
72982474,2026-07-21,WTA,"WTA - Hamburg, Germany",Bet365,Valentina Steiner,Noma Noha Akugue,match_double_faults,2.5,1.2800,,2026-07-20T11:17:36Z,2026-07-21T08:00:00Z,Team Total (Double Faults) Away,7,"{'hdp': 2.5, 'over': '1.28'}"
72982474,2026-07-21,WTA,"WTA - Hamburg, Germany",Bet365,Valentina Steiner,Noma Noha Akugue,match_double_faults,4.5,2.0000,,2026-07-20T11:17:36Z,2026-07-21T08:00:00Z,Team Total (Double Faults) Away,7,"{'hdp': 4.5, 'over': '2.00'}"
72982474,2026-07-21,WTA,"WTA - Hamburg, Germany",Bet365,Valentina Steiner,Noma Noha Akugue,match_double_faults,7.5,5.5000,,2026-07-20T11:17:36Z,2026-07-21T08:00:00Z,Team Total (Double Faults) Away,7,"{'hdp': 7.5, 'over': '5.50'}"
72982474,2026-07-21,WTA,"WTA - Hamburg, Germany",Bet365,Valentina Steiner,Noma Noha Akugue,match_double_faults,9.5,13.0000,,2026-07-20T11:17:36Z,2026-07-21T08:00:00Z,Team Total (Double Faults) Away,7,"{'hdp': 9.5, 'over': '13.00'}"
72982474,2026-07-21,WTA,"WTA - Hamburg, Germany",Bet365,Valentina Steiner,Noma Noha Akugue,match_double_faults,11.5,26.0000,,2026-07-20T11:17:36Z,2026-07-21T08:00:00Z,Team Total (Double Faults) Away,7,"{'hdp': 11.5, 'over': '26.00'}"
72982474,2026-07-21,WTA,"WTA - Hamburg, Germany",Bet365,Valentina Steiner,Noma Noha Akugue,match_double_faults,1.5,1.0300,,2026-07-20T11:17:36Z,2026-07-21T08:00:00Z,Team Total (Double Faults) Home,8,"{'hdp': 1.5, 'over': '1.03'}"
72982474,2026-07-21,WTA,"WTA - Hamburg, Germany",Bet365,Valentina Steiner,Noma Noha Akugue,match_double_faults,2.5,1.1100,,2026-07-20T11:17:36Z,2026-07-21T08:00:00Z,Team Total (Double Faults) Home,8,"{'hdp': 2.5, 'over': '1.11'}"
72982474,2026-07-21,WTA,"WTA - Hamburg, Germany",Bet365,Valentina Steiner,Noma Noha Akugue,match_double_faults,4.5,1.5700,,2026-07-20T11:17:36Z,2026-07-21T08:00:00Z,Team Total (Double Faults) Home,8,"{'hdp': 4.5, 'over': '1.57'}"
72982474,2026-07-21,WTA,"WTA - Hamburg, Germany",Bet365,Valentina Steiner,Noma Noha Akugue,match_double_faults,7.5,4.0000,,2026-07-20T11:17:36Z,2026-07-21T08:00:00Z,Team Total (Double Faults) Home,8,"{'hdp': 7.5, 'over': '4.00'}"
72982474,2026-07-21,WTA,"WTA - Hamburg, Germany",Bet365,Valentina Steiner,Noma Noha Akugue,match_double_faults,9.5,10.0000,,2026-07-20T11:17:36Z,2026-07-21T08:00:00Z,Team Total (Double Faults) Home,8,"{'hdp': 9.5, 'over': '10.00'}"
72982474,2026-07-21,WTA,"WTA - Hamburg, Germany",Bet365,Valentina Steiner,Noma Noha Akugue,match_double_faults,11.5,23.0000,,2026-07-20T11:17:36Z,2026-07-21T08:00:00Z,Team Total (Double Faults) Home,8,"{'hdp': 11.5, 'over': '23.00'}"
72982474,2026-07-21,WTA,"WTA - Hamburg, Germany",Bet365,Valentina Steiner,Noma Noha Akugue,match_double_faults,14.5,26.0000,,2026-07-20T11:17:36Z,2026-07-21T08:00:00Z,Team Total (Double Faults) Home,8,"{'hdp': 14.5, 'over': '26.00'}"
72982474,2026-07-21,WTA,"WTA - Hamburg, Germany",Bet365,Valentina Steiner,Noma Noha Akugue,match_aces,2.5,1.0700,,2026-07-20T11:17:36Z,2026-07-21T08:00:00Z,Totals (Aces),6,"{'hdp': 2.5, 'over': '1.07'}"
72982474,2026-07-21,WTA,"WTA - Hamburg, Germany",Bet365,Valentina Steiner,Noma Noha Akugue,match_aces,4.5,1.3000,,2026-07-20T11:17:36Z,2026-07-21T08:00:00Z,Totals (Aces),6,"{'hdp': 4.5, 'over': '1.30'}"
72982474,2026-07-21,WTA,"WTA - Hamburg, Germany",Bet365,Valentina Steiner,Noma Noha Akugue,match_aces,9.5,3.7500,,2026-07-20T11:17:36Z,2026-07-21T08:00:00Z,Totals (Aces),6,"{'hdp': 9.5, 'over': '3.75'}"
72982474,2026-07-21,WTA,"WTA - Hamburg, Germany",Bet365,Valentina Steiner,Noma Noha Akugue,match_aces,14.5,15.0000,,2026-07-20T11:17:36Z,2026-07-21T08:00:00Z,Totals (Aces),6,"{'hdp': 14.5, 'over': '15.00'}"
72982474,2026-07-21,WTA,"WTA - Hamburg, Germany",Bet365,Valentina Steiner,Noma Noha Akugue,match_aces,19.5,26.0000,,2026-07-20T11:17:36Z,2026-07-21T08:00:00Z,Totals (Aces),6,"{'hdp': 19.5, 'over': '26.00'}"
72982474,2026-07-21,WTA,"WTA - Hamburg, Germany",Bet365,Valentina Steiner,Noma Noha Akugue,match_double_faults,4.5,1.0500,,2026-07-20T11:17:36Z,2026-07-21T08:00:00Z,Totals (Double Faults),9,"{'hdp': 4.5, 'over': '1.05'}"
72982474,2026-07-21,WTA,"WTA - Hamburg, Germany",Bet365,Valentina Steiner,Noma Noha Akugue,match_double_faults,7.5,1.3600,,2026-07-20T11:17:36Z,2026-07-21T08:00:00Z,Totals (Double Faults),9,"{'hdp': 7.5, 'over': '1.36'}"
72982474,2026-07-21,WTA,"WTA - Hamburg, Germany",Bet365,Valentina Steiner,Noma Noha Akugue,match_double_faults,9.5,1.8300,,2026-07-20T11:17:36Z,2026-07-21T08:00:00Z,Totals (Double Faults),9,"{'hdp': 9.5, 'over': '1.83'}"
72982474,2026-07-21,WTA,"WTA - Hamburg, Germany",Bet365,Valentina Steiner,Noma Noha Akugue,match_double_faults,11.5,2.7500,,2026-07-20T11:17:36Z,2026-07-21T08:00:00Z,Totals (Double Faults),9,"{'hdp': 11.5, 'over': '2.75'}"
72982474,2026-07-21,WTA,"WTA - Hamburg, Germany",Bet365,Valentina Steiner,Noma Noha Akugue,match_double_faults,14.5,6.0000,,2026-07-20T11:17:36Z,2026-07-21T08:00:00Z,Totals (Double Faults),9,"{'hdp': 14.5, 'over': '6.00'}"
72982474,2026-07-21,WTA,"WTA - Hamburg, Germany",Bet365,Valentina Steiner,Noma Noha Akugue,match_double_faults,19.5,23.0000,,2026-07-20T11:17:36Z,2026-07-21T08:00:00Z,Totals (Double Faults),9,"{'hdp': 19.5, 'over': '23.00'}"
72982474,2026-07-21,WTA,"WTA - Hamburg, Germany",Bet365,Valentina Steiner,Noma Noha Akugue,match_double_faults,24.5,26.0000,,2026-07-20T11:17:36Z,2026-07-21T08:00:00Z,Totals (Double Faults),9,"{'hdp': 24.5, 'over': '26.00'}"
72982474,2026-07-21,WTA,"WTA - Hamburg, Germany",Bet365,Valentina Steiner,Noma Noha Akugue,match_aces,0.5,1.0200,,2026-07-20T11:17:36Z,2026-07-21T08:00:00Z,Team Total (Aces) Away,5,"{'hdp': 0.5, 'over': '1.02'}"
72982474,2026-07-21,WTA,"WTA - Hamburg, Germany",Bet365,Valentina Steiner,Noma Noha Akugue,match_aces,2.5,1.3000,,2026-07-20T11:17:36Z,2026-07-21T08:00:00Z,Team Total (Aces) Away,5,"{'hdp': 2.5, 'over': '1.30'}"
72982474,2026-07-21,WTA,"WTA - Hamburg, Germany",Bet365,Valentina Steiner,Noma Noha Akugue,match_aces,4.5,2.2000,,2026-07-20T11:17:36Z,2026-07-21T08:00:00Z,Team Total (Aces) Away,5,"{'hdp': 4.5, 'over': '2.20'}"
72982474,2026-07-21,WTA,"WTA - Hamburg, Germany",Bet365,Valentina Steiner,Noma Noha Akugue,match_aces,9.5,15.0000,,2026-07-20T11:17:36Z,2026-07-21T08:00:00Z,Team Total (Aces) Away,5,"{'hdp': 9.5, 'over': '15.00'}"
72982474,2026-07-21,WTA,"WTA - Hamburg, Germany",Bet365,Valentina Steiner,Noma Noha Akugue,match_aces,14.5,26.0000,,2026-07-20T11:17:36Z,2026-07-21T08:00:00Z,Team Total (Aces) Away,5,"{'hdp': 14.5, 'over': '26.00'}"
72982474,2026-07-21,WTA,"WTA - Hamburg, Germany",Bet365,Valentina Steiner,Noma Noha Akugue,match_aces,0.5,1.1000,,2026-07-20T11:17:36Z,2026-07-21T08:00:00Z,Team Total (Aces) Home,4,"{'hdp': 0.5, 'over': '1.10'}"
72982474,2026-07-21,WTA,"WTA - Hamburg, Germany",Bet365,Valentina Steiner,Noma Noha Akugue,match_aces,2.5,1.9000,,2026-07-20T11:17:36Z,2026-07-21T08:00:00Z,Team Total (Aces) Home,4,"{'hdp': 2.5, 'over': '1.90'}"
72982474,2026-07-21,WTA,"WTA - Hamburg, Germany",Bet365,Valentina Steiner,Noma Noha Akugue,match_aces,4.5,4.5000,,2026-07-20T11:17:36Z,2026-07-21T08:00:00Z,Team Total (Aces) Home,4,"{'hdp': 4.5, 'over': '4.50'}"
72982474,2026-07-21,WTA,"WTA - Hamburg, Germany",Bet365,Valentina Steiner,Noma Noha Akugue,match_aces,9.5,26.0000,,2026-07-20T11:17:36Z,2026-07-21T08:00:00Z,Team Total (Aces) Home,4,"{'hdp': 9.5, 'over': '26.00'}"
72982478,2026-07-21,WTA,"WTA - Hamburg, Germany",Bet365,Leyre Romero Gormaz,Veronika Erjavec,match_double_faults,0.5,1.0200,,2026-07-20T11:17:36Z,2026-07-21T08:00:00Z,Team Total (Double Faults) Away,6,"{'hdp': 0.5, 'over': '1.02'}"
72982478,2026-07-21,WTA,"WTA - Hamburg, Germany",Bet365,Leyre Romero Gormaz,Veronika Erjavec,match_double_faults,1.5,1.1400,,2026-07-20T11:17:36Z,2026-07-21T08:00:00Z,Team Total (Double Faults) Away,6,"{'hdp': 1.5, 'over': '1.14'}"
72982478,2026-07-21,WTA,"WTA - Hamburg, Germany",Bet365,Leyre Romero Gormaz,Veronika Erjavec,match_double_faults,2.5,1.4000,,2026-07-20T11:17:36Z,2026-07-21T08:00:00Z,Team Total (Double Faults) Away,6,"{'hdp': 2.5, 'over': '1.40'}"
72982478,2026-07-21,WTA,"WTA - Hamburg, Germany",Bet365,Leyre Romero Gormaz,Veronika Erjavec,match_double_faults,4.5,2.7500,,2026-07-20T11:17:36Z,2026-07-21T08:00:00Z,Team Total (Double Faults) Away,6,"{'hdp': 4.5, 'over': '2.75'}"
72982478,2026-07-21,WTA,"WTA - Hamburg, Germany",Bet365,Leyre Romero Gormaz,Veronika Erjavec,match_double_faults,7.5,11.0000,,2026-07-20T11:17:36Z,2026-07-21T08:00:00Z,Team Total (Double Faults) Away,6,"{'hdp': 7.5, 'over': '11.00'}"
72982478,2026-07-21,WTA,"WTA - Hamburg, Germany",Bet365,Leyre Romero Gormaz,Veronika Erjavec,match_double_faults,9.5,26.0000,,2026-07-20T11:17:36Z,2026-07-21T08:00:00Z,Team Total (Double Faults) Away,6,"{'hdp': 9.5, 'over': '26.00'}"
72982478,2026-07-21,WTA,"WTA - Hamburg, Germany",Bet365,Leyre Romero Gormaz,Veronika Erjavec,match_double_faults,1.5,1.0500,,2026-07-20T11:17:36Z,2026-07-21T08:00:00Z,Team Total (Double Faults) Home,8,"{'hdp': 1.5, 'over': '1.05'}"
72982478,2026-07-21,WTA,"WTA - Hamburg, Germany",Bet365,Leyre Romero Gormaz,Veronika Erjavec,match_double_faults,2.5,1.1400,,2026-07-20T11:17:36Z,2026-07-21T08:00:00Z,Team Total (Double Faults) Home,8,"{'hdp': 2.5, 'over': '1.14'}"
72982478,2026-07-21,WTA,"WTA - Hamburg, Germany",Bet365,Leyre Romero Gormaz,Veronika Erjavec,match_double_faults,4.5,1.6600,,2026-07-20T11:17:36Z,2026-07-21T08:00:00Z,Team Total (Double Faults) Home,8,"{'hdp': 4.5, 'over': '1.66'}"
72982478,2026-07-21,WTA,"WTA - Hamburg, Germany",Bet365,Leyre Romero Gormaz,Veronika Erjavec,match_double_faults,7.5,4.5000,,2026-07-20T11:17:36Z,2026-07-21T08:00:00Z,Team Total (Double Faults) Home,8,"{'hdp': 7.5, 'over': '4.50'}"
72982478,2026-07-21,WTA,"WTA - Hamburg, Germany",Bet365,Leyre Romero Gormaz,Veronika Erjavec,match_double_faults,9.5,11.0000,,2026-07-20T11:17:36Z,2026-07-21T08:00:00Z,Team Total (Double Faults) Home,8,"{'hdp': 9.5, 'over': '11.00'}"
72982478,2026-07-21,WTA,"WTA - Hamburg, Germany",Bet365,Leyre Romero Gormaz,Veronika Erjavec,match_double_faults,11.5,23.0000,,2026-07-20T11:17:36Z,2026-07-21T08:00:00Z,Team Total (Double Faults) Home,8,"{'hdp': 11.5, 'over': '23.00'}"
72982478,2026-07-21,WTA,"WTA - Hamburg, Germany",Bet365,Leyre Romero Gormaz,Veronika Erjavec,match_double_faults,14.5,26.0000,,2026-07-20T11:17:36Z,2026-07-21T08:00:00Z,Team Total (Double Faults) Home,8,"{'hdp': 14.5, 'over': '26.00'}"
72982478,2026-07-21,WTA,"WTA - Hamburg, Germany",Bet365,Leyre Romero Gormaz,Veronika Erjavec,match_aces,2.5,1.0700,,2026-07-20T11:17:36Z,2026-07-21T08:00:00Z,Totals (Aces),6,"{'hdp': 2.5, 'over': '1.07'}"
72982478,2026-07-21,WTA,"WTA - Hamburg, Germany",Bet365,Leyre Romero Gormaz,Veronika Erjavec,match_aces,4.5,1.3000,,2026-07-20T11:17:36Z,2026-07-21T08:00:00Z,Totals (Aces),6,"{'hdp': 4.5, 'over': '1.30'}"
72982478,2026-07-21,WTA,"WTA - Hamburg, Germany",Bet365,Leyre Romero Gormaz,Veronika Erjavec,match_aces,9.5,3.7500,,2026-07-20T11:17:36Z,2026-07-21T08:00:00Z,Totals (Aces),6,"{'hdp': 9.5, 'over': '3.75'}"
72982478,2026-07-21,WTA,"WTA - Hamburg, Germany",Bet365,Leyre Romero Gormaz,Veronika Erjavec,match_aces,14.5,17.0000,,2026-07-20T11:17:36Z,2026-07-21T08:00:00Z,Totals (Aces),6,"{'hdp': 14.5, 'over': '17.00'}"
72982478,2026-07-21,WTA,"WTA - Hamburg, Germany",Bet365,Leyre Romero Gormaz,Veronika Erjavec,match_aces,19.5,26.0000,,2026-07-20T11:17:36Z,2026-07-21T08:00:00Z,Totals (Aces),6,"{'hdp': 19.5, 'over': '26.00'}"
72982478,2026-07-21,WTA,"WTA - Hamburg, Germany",Bet365,Leyre Romero Gormaz,Veronika Erjavec,match_double_faults,2.5,1.0100,,2026-07-20T11:17:36Z,2026-07-21T08:00:00Z,Totals (Double Faults),8,"{'hdp': 2.5, 'over': '1.01'}"
72982478,2026-07-21,WTA,"WTA - Hamburg, Germany",Bet365,Leyre Romero Gormaz,Veronika Erjavec,match_double_faults,4.5,1.0800,,2026-07-20T11:17:36Z,2026-07-21T08:00:00Z,Totals (Double Faults),8,"{'hdp': 4.5, 'over': '1.08'}"
72982478,2026-07-21,WTA,"WTA - Hamburg, Germany",Bet365,Leyre Romero Gormaz,Veronika Erjavec,match_double_faults,7.5,1.5000,,2026-07-20T11:17:36Z,2026-07-21T08:00:00Z,Totals (Double Faults),8,"{'hdp': 7.5, 'over': '1.50'}"
72982478,2026-07-21,WTA,"WTA - Hamburg, Germany",Bet365,Leyre Romero Gormaz,Veronika Erjavec,match_double_faults,9.5,2.2500,,2026-07-20T11:17:36Z,2026-07-21T08:00:00Z,Totals (Double Faults),8,"{'hdp': 9.5, 'over': '2.25'}"
72982478,2026-07-21,WTA,"WTA - Hamburg, Germany",Bet365,Leyre Romero Gormaz,Veronika Erjavec,match_double_faults,11.5,3.7500,,2026-07-20T11:17:36Z,2026-07-21T08:00:00Z,Totals (Double Faults),8,"{'hdp': 11.5, 'over': '3.75'}"
72982478,2026-07-21,WTA,"WTA - Hamburg, Germany",Bet365,Leyre Romero Gormaz,Veronika Erjavec,match_double_faults,14.5,10.0000,,2026-07-20T11:17:36Z,2026-07-21T08:00:00Z,Totals (Double Faults),8,"{'hdp': 14.5, 'over': '10.00'}"
72982478,2026-07-21,WTA,"WTA - Hamburg, Germany",Bet365,Leyre Romero Gormaz,Veronika Erjavec,match_double_faults,19.5,26.0000,,2026-07-20T11:17:36Z,2026-07-21T08:00:00Z,Totals (Double Faults),8,"{'hdp': 19.5, 'over': '26.00'}"
72982478,2026-07-21,WTA,"WTA - Hamburg, Germany",Bet365,Leyre Romero Gormaz,Veronika Erjavec,match_aces,0.5,1.0700,,2026-07-20T11:17:36Z,2026-07-21T08:00:00Z,Team Total (Aces) Away,4,"{'hdp': 0.5, 'over': '1.07'}"
72982478,2026-07-21,WTA,"WTA - Hamburg, Germany",Bet365,Leyre Romero Gormaz,Veronika Erjavec,match_aces,2.5,1.8000,,2026-07-20T11:17:36Z,2026-07-21T08:00:00Z,Team Total (Aces) Away,4,"{'hdp': 2.5, 'over': '1.80'}"
72982478,2026-07-21,WTA,"WTA - Hamburg, Germany",Bet365,Leyre Romero Gormaz,Veronika Erjavec,match_aces,4.5,4.3300,,2026-07-20T11:17:36Z,2026-07-21T08:00:00Z,Team Total (Aces) Away,4,"{'hdp': 4.5, 'over': '4.33'}"
72982478,2026-07-21,WTA,"WTA - Hamburg, Germany",Bet365,Leyre Romero Gormaz,Veronika Erjavec,match_aces,9.5,26.0000,,2026-07-20T11:17:36Z,2026-07-21T08:00:00Z,Team Total (Aces) Away,4,"{'hdp': 9.5, 'over': '26.00'}"
72982478,2026-07-21,WTA,"WTA - Hamburg, Germany",Bet365,Leyre Romero Gormaz,Veronika Erjavec,match_aces,0.5,1.0300,,2026-07-20T11:17:36Z,2026-07-21T08:00:00Z,Team Total (Aces) Home,5,"{'hdp': 0.5, 'over': '1.03'}"
72982478,2026-07-21,WTA,"WTA - Hamburg, Germany",Bet365,Leyre Romero Gormaz,Veronika Erjavec,match_aces,2.5,1.3600,,2026-07-20T11:17:36Z,2026-07-21T08:00:00Z,Team Total (Aces) Home,5,"{'hdp': 2.5, 'over': '1.36'}"
72982478,2026-07-21,WTA,"WTA - Hamburg, Germany",Bet365,Leyre Romero Gormaz,Veronika Erjavec,match_aces,4.5,2.3700,,2026-07-20T11:17:36Z,2026-07-21T08:00:00Z,Team Total (Aces) Home,5,"{'hdp': 4.5, 'over': '2.37'}"
72982478,2026-07-21,WTA,"WTA - Hamburg, Germany",Bet365,Leyre Romero Gormaz,Veronika Erjavec,match_aces,9.5,17.0000,,2026-07-20T11:17:36Z,2026-07-21T08:00:00Z,Team Total (Aces) Home,5,"{'hdp': 9.5, 'over': '17.00'}"
72982478,2026-07-21,WTA,"WTA - Hamburg, Germany",Bet365,Leyre Romero Gormaz,Veronika Erjavec,match_aces,14.5,26.0000,,2026-07-20T11:17:36Z,2026-07-21T08:00:00Z,Team Total (Aces) Home,5,"{'hdp': 14.5, 'over': '26.00'}"
72987032,2026-07-20,ATP,"ATP - Estoril, Portugal",Bet365,Henrique Rocha,Pedro Martinez,match_aces,0.5,1.1200,,2026-07-20T11:17:36Z,2026-07-20T14:30:00Z,Team Total (Aces) Away,4,"{'hdp': 0.5, 'over': '1.12'}"
72987032,2026-07-20,ATP,"ATP - Estoril, Portugal",Bet365,Henrique Rocha,Pedro Martinez,match_aces,4.5,7.0000,,2026-07-20T11:17:36Z,2026-07-20T14:30:00Z,Team Total (Aces) Away,4,"{'hdp': 4.5, 'over': '7.00'}"
72987032,2026-07-20,ATP,"ATP - Estoril, Portugal",Bet365,Henrique Rocha,Pedro Martinez,match_aces,9.5,26.0000,,2026-07-20T11:17:36Z,2026-07-20T14:30:00Z,Team Total (Aces) Away,4,"{'hdp': 9.5, 'over': '26.00'}"
72987032,2026-07-20,ATP,"ATP - Estoril, Portugal",Bet365,Henrique Rocha,Pedro Martinez,match_aces,2.5,2.2500,,2026-07-20T11:17:36Z,2026-07-20T14:30:00Z,Team Total (Aces) Away,4,"{'hdp': 2.5, 'over': '2.25'}"
72987032,2026-07-20,ATP,"ATP - Estoril, Portugal",Bet365,Henrique Rocha,Pedro Martinez,match_aces,2.5,1.0800,,2026-07-20T11:17:36Z,2026-07-20T14:30:00Z,Totals (Aces),6,"{'hdp': 2.5, 'over': '1.08'}"
72987032,2026-07-20,ATP,"ATP - Estoril, Portugal",Bet365,Henrique Rocha,Pedro Martinez,match_aces,4.5,1.4000,,2026-07-20T11:17:36Z,2026-07-20T14:30:00Z,Totals (Aces),6,"{'hdp': 4.5, 'over': '1.40'}"
72987032,2026-07-20,ATP,"ATP - Estoril, Portugal",Bet365,Henrique Rocha,Pedro Martinez,match_aces,9.5,4.5000,,2026-07-20T11:17:36Z,2026-07-20T14:30:00Z,Totals (Aces),6,"{'hdp': 9.5, 'over': '4.50'}"
72987032,2026-07-20,ATP,"ATP - Estoril, Portugal",Bet365,Henrique Rocha,Pedro Martinez,match_aces,14.5,21.0000,,2026-07-20T11:17:36Z,2026-07-20T14:30:00Z,Totals (Aces),6,"{'hdp': 14.5, 'over': '21.00'}"
72987032,2026-07-20,ATP,"ATP - Estoril, Portugal",Bet365,Henrique Rocha,Pedro Martinez,match_aces,19.5,26.0000,,2026-07-20T11:17:36Z,2026-07-20T14:30:00Z,Totals (Aces),6,"{'hdp': 19.5, 'over': '26.00'}"
72987032,2026-07-20,ATP,"ATP - Estoril, Portugal",Bet365,Henrique Rocha,Pedro Martinez,match_aces,0.5,1.0200,,2026-07-20T11:17:36Z,2026-07-20T14:30:00Z,Team Total (Aces) Home,5,"{'hdp': 0.5, 'over': '1.02'}"
72987032,2026-07-20,ATP,"ATP - Estoril, Portugal",Bet365,Henrique Rocha,Pedro Martinez,match_aces,2.5,1.3300,,2026-07-20T11:17:36Z,2026-07-20T14:30:00Z,Team Total (Aces) Home,5,"{'hdp': 2.5, 'over': '1.33'}"
72987032,2026-07-20,ATP,"ATP - Estoril, Portugal",Bet365,Henrique Rocha,Pedro Martinez,match_aces,4.5,2.2500,,2026-07-20T11:17:36Z,2026-07-20T14:30:00Z,Team Total (Aces) Home,5,"{'hdp': 4.5, 'over': '2.25'}"
72987032,2026-07-20,ATP,"ATP - Estoril, Portugal",Bet365,Henrique Rocha,Pedro Martinez,match_aces,9.5,17.0000,,2026-07-20T11:17:36Z,2026-07-20T14:30:00Z,Team Total (Aces) Home,5,"{'hdp': 9.5, 'over': '17.00'}"
72987032,2026-07-20,ATP,"ATP - Estoril, Portugal",Bet365,Henrique Rocha,Pedro Martinez,match_aces,14.5,26.0000,,2026-07-20T11:17:36Z,2026-07-20T14:30:00Z,Team Total (Aces) Home,5,"{'hdp': 14.5, 'over': '26.00'}"
72987032,2026-07-20,ATP,"ATP - Estoril, Portugal",Bet365,Henrique Rocha,Pedro Martinez,match_double_faults,2.5,1.0100,,2026-07-20T11:17:36Z,2026-07-20T14:30:00Z,Totals (Double Faults),9,"{'hdp': 2.5, 'over': '1.01'}"
72987032,2026-07-20,ATP,"ATP - Estoril, Portugal",Bet365,Henrique Rocha,Pedro Martinez,match_double_faults,4.5,1.1100,,2026-07-20T11:17:36Z,2026-07-20T14:30:00Z,Totals (Double Faults),9,"{'hdp': 4.5, 'over': '1.11'}"
72987032,2026-07-20,ATP,"ATP - Estoril, Portugal",Bet365,Henrique Rocha,Pedro Martinez,match_double_faults,7.5,1.6600,,2026-07-20T11:17:36Z,2026-07-20T14:30:00Z,Totals (Double Faults),9,"{'hdp': 7.5, 'over': '1.66'}"
72987032,2026-07-20,ATP,"ATP - Estoril, Portugal",Bet365,Henrique Rocha,Pedro Martinez,match_double_faults,9.5,2.6200,,2026-07-20T11:17:36Z,2026-07-20T14:30:00Z,Totals (Double Faults),9,"{'hdp': 9.5, 'over': '2.62'}"
72987032,2026-07-20,ATP,"ATP - Estoril, Portugal",Bet365,Henrique Rocha,Pedro Martinez,match_double_faults,11.5,4.5000,,2026-07-20T11:17:36Z,2026-07-20T14:30:00Z,Totals (Double Faults),9,"{'hdp': 11.5, 'over': '4.50'}"
72987032,2026-07-20,ATP,"ATP - Estoril, Portugal",Bet365,Henrique Rocha,Pedro Martinez,match_double_faults,14.5,13.0000,,2026-07-20T11:17:36Z,2026-07-20T14:30:00Z,Totals (Double Faults),9,"{'hdp': 14.5, 'over': '13.00'}"
72987032,2026-07-20,ATP,"ATP - Estoril, Portugal",Bet365,Henrique Rocha,Pedro Martinez,match_double_faults,19.5,26.0000,,2026-07-20T11:17:36Z,2026-07-20T14:30:00Z,Totals (Double Faults),9,"{'hdp': 19.5, 'over': '26.00'}"
72987032,2026-07-20,ATP,"ATP - Estoril, Portugal",Bet365,Henrique Rocha,Pedro Martinez,match_double_faults,0.5,1.0300,,2026-07-20T11:17:36Z,2026-07-20T14:30:00Z,Team Total (Double Faults) Away,6,"{'hdp': 0.5, 'over': '1.03'}"
72987032,2026-07-20,ATP,"ATP - Estoril, Portugal",Bet365,Henrique Rocha,Pedro Martinez,match_double_faults,1.5,1.1600,,2026-07-20T11:17:36Z,2026-07-20T14:30:00Z,Team Total (Double Faults) Away,6,"{'hdp': 1.5, 'over': '1.16'}"
72987032,2026-07-20,ATP,"ATP - Estoril, Portugal",Bet365,Henrique Rocha,Pedro Martinez,match_double_faults,2.5,1.5000,,2026-07-20T11:17:36Z,2026-07-20T14:30:00Z,Team Total (Double Faults) Away,6,"{'hdp': 2.5, 'over': '1.50'}"
72987032,2026-07-20,ATP,"ATP - Estoril, Portugal",Bet365,Henrique Rocha,Pedro Martinez,match_double_faults,4.5,3.2500,,2026-07-20T11:17:36Z,2026-07-20T14:30:00Z,Team Total (Double Faults) Away,6,"{'hdp': 4.5, 'over': '3.25'}"
72987032,2026-07-20,ATP,"ATP - Estoril, Portugal",Bet365,Henrique Rocha,Pedro Martinez,match_double_faults,7.5,15.0000,,2026-07-20T11:17:36Z,2026-07-20T14:30:00Z,Team Total (Double Faults) Away,6,"{'hdp': 7.5, 'over': '15.00'}"
72987032,2026-07-20,ATP,"ATP - Estoril, Portugal",Bet365,Henrique Rocha,Pedro Martinez,match_double_faults,9.5,26.0000,,2026-07-20T11:17:36Z,2026-07-20T14:30:00Z,Team Total (Double Faults) Away,6,"{'hdp': 9.5, 'over': '26.00'}"
72987032,2026-07-20,ATP,"ATP - Estoril, Portugal",Bet365,Henrique Rocha,Pedro Martinez,match_double_faults,0.5,1.0100,,2026-07-20T11:17:36Z,2026-07-20T14:30:00Z,Team Total (Double Faults) Home,7,"{'hdp': 0.5, 'over': '1.01'}"
72987032,2026-07-20,ATP,"ATP - Estoril, Portugal",Bet365,Henrique Rocha,Pedro Martinez,match_double_faults,1.5,1.0600,,2026-07-20T11:17:36Z,2026-07-20T14:30:00Z,Team Total (Double Faults) Home,7,"{'hdp': 1.5, 'over': '1.06'}"
72987032,2026-07-20,ATP,"ATP - Estoril, Portugal",Bet365,Henrique Rocha,Pedro Martinez,match_double_faults,2.5,1.2000,,2026-07-20T11:17:36Z,2026-07-20T14:30:00Z,Team Total (Double Faults) Home,7,"{'hdp': 2.5, 'over': '1.20'}"
72987032,2026-07-20,ATP,"ATP - Estoril, Portugal",Bet365,Henrique Rocha,Pedro Martinez,match_double_faults,4.5,1.8300,,2026-07-20T11:17:36Z,2026-07-20T14:30:00Z,Team Total (Double Faults) Home,7,"{'hdp': 4.5, 'over': '1.83'}"
72987032,2026-07-20,ATP,"ATP - Estoril, Portugal",Bet365,Henrique Rocha,Pedro Martinez,match_double_faults,7.5,5.5000,,2026-07-20T11:17:36Z,2026-07-20T14:30:00Z,Team Total (Double Faults) Home,7,"{'hdp': 7.5, 'over': '5.50'}"
72987032,2026-07-20,ATP,"ATP - Estoril, Portugal",Bet365,Henrique Rocha,Pedro Martinez,match_double_faults,9.5,13.0000,,2026-07-20T11:17:36Z,2026-07-20T14:30:00Z,Team Total (Double Faults) Home,7,"{'hdp': 9.5, 'over': '13.00'}"
72987032,2026-07-20,ATP,"ATP - Estoril, Portugal",Bet365,Henrique Rocha,Pedro Martinez,match_double_faults,11.5,26.0000,,2026-07-20T11:17:36Z,2026-07-20T14:30:00Z,Team Total (Double Faults) Home,7,"{'hdp': 11.5, 'over': '26.00'}"
72982476,2026-07-20,WTA,"WTA - Hamburg, Germany",Bet365,Anna Bondar,Moyuka Uchijima,match_double_faults,0.5,1.0700,,2026-07-20T11:17:36Z,2026-07-20T15:00:00Z,Team Total (Double Faults) Home,6,"{'hdp': 0.5, 'over': '1.07'}"
72982476,2026-07-20,WTA,"WTA - Hamburg, Germany",Bet365,Anna Bondar,Moyuka Uchijima,match_double_faults,1.5,1.3300,,2026-07-20T11:17:36Z,2026-07-20T15:00:00Z,Team Total (Double Faults) Home,6,"{'hdp': 1.5, 'over': '1.33'}"
72982476,2026-07-20,WTA,"WTA - Hamburg, Germany",Bet365,Anna Bondar,Moyuka Uchijima,match_double_faults,2.5,1.8300,,2026-07-20T11:17:36Z,2026-07-20T15:00:00Z,Team Total (Double Faults) Home,6,"{'hdp': 2.5, 'over': '1.83'}"
72982476,2026-07-20,WTA,"WTA - Hamburg, Germany",Bet365,Anna Bondar,Moyuka Uchijima,match_double_faults,4.5,4.5000,,2026-07-20T11:17:36Z,2026-07-20T15:00:00Z,Team Total (Double Faults) Home,6,"{'hdp': 4.5, 'over': '4.50'}"
72982476,2026-07-20,WTA,"WTA - Hamburg, Germany",Bet365,Anna Bondar,Moyuka Uchijima,match_double_faults,7.5,23.0000,,2026-07-20T11:17:36Z,2026-07-20T15:00:00Z,Team Total (Double Faults) Home,6,"{'hdp': 7.5, 'over': '23.00'}"
72982476,2026-07-20,WTA,"WTA - Hamburg, Germany",Bet365,Anna Bondar,Moyuka Uchijima,match_double_faults,9.5,26.0000,,2026-07-20T11:17:36Z,2026-07-20T15:00:00Z,Team Total (Double Faults) Home,6,"{'hdp': 9.5, 'over': '26.00'}"
72982476,2026-07-20,WTA,"WTA - Hamburg, Germany",Bet365,Anna Bondar,Moyuka Uchijima,match_aces,14.5,26.0000,,2026-07-20T11:17:36Z,2026-07-20T15:00:00Z,Team Total (Aces) Away,5,"{'hdp': 14.5, 'over': '26.00'}"
72982476,2026-07-20,WTA,"WTA - Hamburg, Germany",Bet365,Anna Bondar,Moyuka Uchijima,match_aces,0.5,1.0300,,2026-07-20T11:17:36Z,2026-07-20T15:00:00Z,Team Total (Aces) Away,5,"{'hdp': 0.5, 'over': '1.03'}"
72982476,2026-07-20,WTA,"WTA - Hamburg, Germany",Bet365,Anna Bondar,Moyuka Uchijima,match_aces,2.5,1.3300,,2026-07-20T11:17:36Z,2026-07-20T15:00:00Z,Team Total (Aces) Away,5,"{'hdp': 2.5, 'over': '1.33'}"
72982476,2026-07-20,WTA,"WTA - Hamburg, Germany",Bet365,Anna Bondar,Moyuka Uchijima,match_aces,4.5,2.1000,,2026-07-20T11:17:36Z,2026-07-20T15:00:00Z,Team Total (Aces) Away,5,"{'hdp': 4.5, 'over': '2.10'}"
72982476,2026-07-20,WTA,"WTA - Hamburg, Germany",Bet365,Anna Bondar,Moyuka Uchijima,match_aces,9.5,11.0000,,2026-07-20T11:17:36Z,2026-07-20T15:00:00Z,Team Total (Aces) Away,5,"{'hdp': 9.5, 'over': '11.00'}"
72982476,2026-07-20,WTA,"WTA - Hamburg, Germany",Bet365,Anna Bondar,Moyuka Uchijima,match_aces,2.5,1.1400,,2026-07-20T11:17:36Z,2026-07-20T15:00:00Z,Team Total (Aces) Home,5,"{'hdp': 2.5, 'over': '1.14'}"
72982476,2026-07-20,WTA,"WTA - Hamburg, Germany",Bet365,Anna Bondar,Moyuka Uchijima,match_aces,14.5,26.0000,,2026-07-20T11:17:36Z,2026-07-20T15:00:00Z,Team Total (Aces) Home,5,"{'hdp': 14.5, 'over': '26.00'}"
72982476,2026-07-20,WTA,"WTA - Hamburg, Germany",Bet365,Anna Bondar,Moyuka Uchijima,match_aces,4.5,1.5700,,2026-07-20T11:17:36Z,2026-07-20T15:00:00Z,Team Total (Aces) Home,5,"{'hdp': 4.5, 'over': '1.57'}"
72982476,2026-07-20,WTA,"WTA - Hamburg, Germany",Bet365,Anna Bondar,Moyuka Uchijima,match_aces,9.5,6.0000,,2026-07-20T11:17:36Z,2026-07-20T15:00:00Z,Team Total (Aces) Home,5,"{'hdp': 9.5, 'over': '6.00'}"
72982476,2026-07-20,WTA,"WTA - Hamburg, Germany",Bet365,Anna Bondar,Moyuka Uchijima,match_double_faults,1.5,1.0400,,2026-07-20T11:17:36Z,2026-07-20T15:00:00Z,Team Total (Double Faults) Away,7,"{'hdp': 1.5, 'over': '1.04'}"
72982476,2026-07-20,WTA,"WTA - Hamburg, Germany",Bet365,Anna Bondar,Moyuka Uchijima,match_double_faults,2.5,1.1400,,2026-07-20T11:17:36Z,2026-07-20T15:00:00Z,Team Total (Double Faults) Away,7,"{'hdp': 2.5, 'over': '1.14'}"
72982476,2026-07-20,WTA,"WTA - Hamburg, Germany",Bet365,Anna Bondar,Moyuka Uchijima,match_double_faults,4.5,1.6600,,2026-07-20T11:17:36Z,2026-07-20T15:00:00Z,Team Total (Double Faults) Away,7,"{'hdp': 4.5, 'over': '1.66'}"
72982476,2026-07-20,WTA,"WTA - Hamburg, Germany",Bet365,Anna Bondar,Moyuka Uchijima,match_double_faults,7.5,4.5000,,2026-07-20T11:17:36Z,2026-07-20T15:00:00Z,Team Total (Double Faults) Away,7,"{'hdp': 7.5, 'over': '4.50'}"
72982476,2026-07-20,WTA,"WTA - Hamburg, Germany",Bet365,Anna Bondar,Moyuka Uchijima,match_double_faults,9.5,11.0000,,2026-07-20T11:17:36Z,2026-07-20T15:00:00Z,Team Total (Double Faults) Away,7,"{'hdp': 9.5, 'over': '11.00'}"
72982476,2026-07-20,WTA,"WTA - Hamburg, Germany",Bet365,Anna Bondar,Moyuka Uchijima,match_double_faults,11.5,26.0000,,2026-07-20T11:17:36Z,2026-07-20T15:00:00Z,Team Total (Double Faults) Away,7,"{'hdp': 11.5, 'over': '26.00'}"
72982476,2026-07-20,WTA,"WTA - Hamburg, Germany",Bet365,Anna Bondar,Moyuka Uchijima,match_aces,24.5,26.0000,,2026-07-20T11:17:36Z,2026-07-20T15:00:00Z,Totals (Aces),7,"{'hdp': 24.5, 'over': '26.00'}"
72982476,2026-07-20,WTA,"WTA - Hamburg, Germany",Bet365,Anna Bondar,Moyuka Uchijima,match_aces,9.5,1.8300,,2026-07-20T11:17:36Z,2026-07-20T15:00:00Z,Totals (Aces),7,"{'hdp': 9.5, 'over': '1.83'}"
72982476,2026-07-20,WTA,"WTA - Hamburg, Germany",Bet365,Anna Bondar,Moyuka Uchijima,match_aces,14.5,4.3300,,2026-07-20T11:17:36Z,2026-07-20T15:00:00Z,Totals (Aces),7,"{'hdp': 14.5, 'over': '4.33'}"
72982476,2026-07-20,WTA,"WTA - Hamburg, Germany",Bet365,Anna Bondar,Moyuka Uchijima,match_aces,19.5,13.0000,,2026-07-20T11:17:36Z,2026-07-20T15:00:00Z,Totals (Aces),7,"{'hdp': 19.5, 'over': '13.00'}"
72982476,2026-07-20,WTA,"WTA - Hamburg, Germany",Bet365,Anna Bondar,Moyuka Uchijima,match_aces,2.5,1.0100,,2026-07-20T11:17:36Z,2026-07-20T15:00:00Z,Totals (Aces),7,"{'hdp': 2.5, 'over': '1.01'}"
72982476,2026-07-20,WTA,"WTA - Hamburg, Germany",Bet365,Anna Bondar,Moyuka Uchijima,match_aces,4.5,1.1000,,2026-07-20T11:17:36Z,2026-07-20T15:00:00Z,Totals (Aces),7,"{'hdp': 4.5, 'over': '1.10'}"
72982476,2026-07-20,WTA,"WTA - Hamburg, Germany",Bet365,Anna Bondar,Moyuka Uchijima,match_double_faults,2.5,1.0100,,2026-07-20T11:17:36Z,2026-07-20T15:00:00Z,Totals (Double Faults),9,"{'hdp': 2.5, 'over': '1.01'}"
72982476,2026-07-20,WTA,"WTA - Hamburg, Germany",Bet365,Anna Bondar,Moyuka Uchijima,match_double_faults,4.5,1.1200,,2026-07-20T11:17:36Z,2026-07-20T15:00:00Z,Totals (Double Faults),9,"{'hdp': 4.5, 'over': '1.12'}"
72982476,2026-07-20,WTA,"WTA - Hamburg, Germany",Bet365,Anna Bondar,Moyuka Uchijima,match_double_faults,7.5,1.8000,,2026-07-20T11:17:36Z,2026-07-20T15:00:00Z,Totals (Double Faults),9,"{'hdp': 7.5, 'over': '1.80'}"
72982476,2026-07-20,WTA,"WTA - Hamburg, Germany",Bet365,Anna Bondar,Moyuka Uchijima,match_double_faults,9.5,2.7500,,2026-07-20T11:17:36Z,2026-07-20T15:00:00Z,Totals (Double Faults),9,"{'hdp': 9.5, 'over': '2.75'}"
72982476,2026-07-20,WTA,"WTA - Hamburg, Germany",Bet365,Anna Bondar,Moyuka Uchijima,match_double_faults,11.5,5.5000,,2026-07-20T11:17:36Z,2026-07-20T15:00:00Z,Totals (Double Faults),9,"{'hdp': 11.5, 'over': '5.50'}"
72982476,2026-07-20,WTA,"WTA - Hamburg, Germany",Bet365,Anna Bondar,Moyuka Uchijima,match_double_faults,14.5,15.0000,,2026-07-20T11:17:36Z,2026-07-20T15:00:00Z,Totals (Double Faults),9,"{'hdp': 14.5, 'over': '15.00'}"
72982476,2026-07-20,WTA,"WTA - Hamburg, Germany",Bet365,Anna Bondar,Moyuka Uchijima,match_double_faults,19.5,26.0000,,2026-07-20T11:17:36Z,2026-07-20T15:00:00Z,Totals (Double Faults),9,"{'hdp': 19.5, 'over': '26.00'}"
72982468,2026-07-21,WTA,"WTA - Hamburg, Germany",Bet365,Simona Waltert,Maiar Sherif Ahmed Abdelaziz,match_double_faults,0.5,1.0200,,2026-07-20T11:17:36Z,2026-07-21T08:00:00Z,Team Total (Double Faults) Away,7,"{'hdp': 0.5, 'over': '1.02'}"
72982468,2026-07-21,WTA,"WTA - Hamburg, Germany",Bet365,Simona Waltert,Maiar Sherif Ahmed Abdelaziz,match_double_faults,1.5,1.1100,,2026-07-20T11:17:36Z,2026-07-21T08:00:00Z,Team Total (Double Faults) Away,7,"{'hdp': 1.5, 'over': '1.11'}"
72982468,2026-07-21,WTA,"WTA - Hamburg, Germany",Bet365,Simona Waltert,Maiar Sherif Ahmed Abdelaziz,match_double_faults,2.5,1.3300,,2026-07-20T11:17:36Z,2026-07-21T08:00:00Z,Team Total (Double Faults) Away,7,"{'hdp': 2.5, 'over': '1.33'}"
72982468,2026-07-21,WTA,"WTA - Hamburg, Germany",Bet365,Simona Waltert,Maiar Sherif Ahmed Abdelaziz,match_double_faults,4.5,2.3700,,2026-07-20T11:17:36Z,2026-07-21T08:00:00Z,Team Total (Double Faults) Away,7,"{'hdp': 4.5, 'over': '2.37'}"
72982468,2026-07-21,WTA,"WTA - Hamburg, Germany",Bet365,Simona Waltert,Maiar Sherif Ahmed Abdelaziz,match_double_faults,7.5,9.0000,,2026-07-20T11:17:36Z,2026-07-21T08:00:00Z,Team Total (Double Faults) Away,7,"{'hdp': 7.5, 'over': '9.00'}"
72982468,2026-07-21,WTA,"WTA - Hamburg, Germany",Bet365,Simona Waltert,Maiar Sherif Ahmed Abdelaziz,match_double_faults,9.5,23.0000,,2026-07-20T11:17:36Z,2026-07-21T08:00:00Z,Team Total (Double Faults) Away,7,"{'hdp': 9.5, 'over': '23.00'}"
72982468,2026-07-21,WTA,"WTA - Hamburg, Germany",Bet365,Simona Waltert,Maiar Sherif Ahmed Abdelaziz,match_double_faults,11.5,26.0000,,2026-07-20T11:17:36Z,2026-07-21T08:00:00Z,Team Total (Double Faults) Away,7,"{'hdp': 11.5, 'over': '26.00'}"
72982468,2026-07-21,WTA,"WTA - Hamburg, Germany",Bet365,Simona Waltert,Maiar Sherif Ahmed Abdelaziz,match_double_faults,11.5,10.0000,,2026-07-20T11:17:36Z,2026-07-21T08:00:00Z,Team Total (Double Faults) Home,8,"{'hdp': 11.5, 'over': '10.00'}"
72982468,2026-07-21,WTA,"WTA - Hamburg, Germany",Bet365,Simona Waltert,Maiar Sherif Ahmed Abdelaziz,match_double_faults,1.5,1.0200,,2026-07-20T11:17:36Z,2026-07-21T08:00:00Z,Team Total (Double Faults) Home,8,"{'hdp': 1.5, 'over': '1.02'}"
72982468,2026-07-21,WTA,"WTA - Hamburg, Germany",Bet365,Simona Waltert,Maiar Sherif Ahmed Abdelaziz,match_double_faults,2.5,1.0700,,2026-07-20T11:17:36Z,2026-07-21T08:00:00Z,Team Total (Double Faults) Home,8,"{'hdp': 2.5, 'over': '1.07'}"
72982468,2026-07-21,WTA,"WTA - Hamburg, Germany",Bet365,Simona Waltert,Maiar Sherif Ahmed Abdelaziz,match_double_faults,4.5,1.3300,,2026-07-20T11:17:36Z,2026-07-21T08:00:00Z,Team Total (Double Faults) Home,8,"{'hdp': 4.5, 'over': '1.33'}"
72982468,2026-07-21,WTA,"WTA - Hamburg, Germany",Bet365,Simona Waltert,Maiar Sherif Ahmed Abdelaziz,match_double_faults,7.5,2.6200,,2026-07-20T11:17:36Z,2026-07-21T08:00:00Z,Team Total (Double Faults) Home,8,"{'hdp': 7.5, 'over': '2.62'}"
72982468,2026-07-21,WTA,"WTA - Hamburg, Germany",Bet365,Simona Waltert,Maiar Sherif Ahmed Abdelaziz,match_double_faults,9.5,5.0000,,2026-07-20T11:17:36Z,2026-07-21T08:00:00Z,Team Total (Double Faults) Home,8,"{'hdp': 9.5, 'over': '5.00'}"
72982468,2026-07-21,WTA,"WTA - Hamburg, Germany",Bet365,Simona Waltert,Maiar Sherif Ahmed Abdelaziz,match_double_faults,14.5,26.0000,,2026-07-20T11:17:36Z,2026-07-21T08:00:00Z,Team Total (Double Faults) Home,8,"{'hdp': 14.5, 'over': '26.00'}"
72982468,2026-07-21,WTA,"WTA - Hamburg, Germany",Bet365,Simona Waltert,Maiar Sherif Ahmed Abdelaziz,match_double_faults,4.5,1.0400,,2026-07-20T11:17:36Z,2026-07-21T08:00:00Z,Totals (Double Faults),9,"{'hdp': 4.5, 'over': '1.04'}"
72982468,2026-07-21,WTA,"WTA - Hamburg, Germany",Bet365,Simona Waltert,Maiar Sherif Ahmed Abdelaziz,match_double_faults,7.5,1.2500,,2026-07-20T11:17:36Z,2026-07-21T08:00:00Z,Totals (Double Faults),9,"{'hdp': 7.5, 'over': '1.25'}"
72982468,2026-07-21,WTA,"WTA - Hamburg, Germany",Bet365,Simona Waltert,Maiar Sherif Ahmed Abdelaziz,match_double_faults,9.5,1.6600,,2026-07-20T11:17:36Z,2026-07-21T08:00:00Z,Totals (Double Faults),9,"{'hdp': 9.5, 'over': '1.66'}"
72982468,2026-07-21,WTA,"WTA - Hamburg, Germany",Bet365,Simona Waltert,Maiar Sherif Ahmed Abdelaziz,match_double_faults,11.5,2.3700,,2026-07-20T11:17:36Z,2026-07-21T08:00:00Z,Totals (Double Faults),9,"{'hdp': 11.5, 'over': '2.37'}"
72982468,2026-07-21,WTA,"WTA - Hamburg, Germany",Bet365,Simona Waltert,Maiar Sherif Ahmed Abdelaziz,match_double_faults,14.5,5.0000,,2026-07-20T11:17:36Z,2026-07-21T08:00:00Z,Totals (Double Faults),9,"{'hdp': 14.5, 'over': '5.00'}"
72982468,2026-07-21,WTA,"WTA - Hamburg, Germany",Bet365,Simona Waltert,Maiar Sherif Ahmed Abdelaziz,match_double_faults,19.5,19.0000,,2026-07-20T11:17:36Z,2026-07-21T08:00:00Z,Totals (Double Faults),9,"{'hdp': 19.5, 'over': '19.00'}"
72982468,2026-07-21,WTA,"WTA - Hamburg, Germany",Bet365,Simona Waltert,Maiar Sherif Ahmed Abdelaziz,match_double_faults,24.5,26.0000,,2026-07-20T11:17:36Z,2026-07-21T08:00:00Z,Totals (Double Faults),9,"{'hdp': 24.5, 'over': '26.00'}"
72982468,2026-07-21,WTA,"WTA - Hamburg, Germany",Bet365,Simona Waltert,Maiar Sherif Ahmed Abdelaziz,match_aces,0.5,1.0800,,2026-07-20T11:17:36Z,2026-07-21T08:00:00Z,Team Total (Aces) Away,4,"{'hdp': 0.5, 'over': '1.08'}"
72982468,2026-07-21,WTA,"WTA - Hamburg, Germany",Bet365,Simona Waltert,Maiar Sherif Ahmed Abdelaziz,match_aces,2.5,1.9000,,2026-07-20T11:17:36Z,2026-07-21T08:00:00Z,Team Total (Aces) Away,4,"{'hdp': 2.5, 'over': '1.90'}"
72982468,2026-07-21,WTA,"WTA - Hamburg, Germany",Bet365,Simona Waltert,Maiar Sherif Ahmed Abdelaziz,match_aces,4.5,5.0000,,2026-07-20T11:17:36Z,2026-07-21T08:00:00Z,Team Total (Aces) Away,4,"{'hdp': 4.5, 'over': '5.00'}"
72982468,2026-07-21,WTA,"WTA - Hamburg, Germany",Bet365,Simona Waltert,Maiar Sherif Ahmed Abdelaziz,match_aces,9.5,26.0000,,2026-07-20T11:17:36Z,2026-07-21T08:00:00Z,Team Total (Aces) Away,4,"{'hdp': 9.5, 'over': '26.00'}"
72982468,2026-07-21,WTA,"WTA - Hamburg, Germany",Bet365,Simona Waltert,Maiar Sherif Ahmed Abdelaziz,match_aces,0.5,1.0600,,2026-07-20T11:17:36Z,2026-07-21T08:00:00Z,Team Total (Aces) Home,4,"{'hdp': 0.5, 'over': '1.06'}"
72982468,2026-07-21,WTA,"WTA - Hamburg, Germany",Bet365,Simona Waltert,Maiar Sherif Ahmed Abdelaziz,match_aces,2.5,1.7200,,2026-07-20T11:17:36Z,2026-07-21T08:00:00Z,Team Total (Aces) Home,4,"{'hdp': 2.5, 'over': '1.72'}"
72982468,2026-07-21,WTA,"WTA - Hamburg, Germany",Bet365,Simona Waltert,Maiar Sherif Ahmed Abdelaziz,match_aces,4.5,3.7500,,2026-07-20T11:17:36Z,2026-07-21T08:00:00Z,Team Total (Aces) Home,4,"{'hdp': 4.5, 'over': '3.75'}"
72982468,2026-07-21,WTA,"WTA - Hamburg, Germany",Bet365,Simona Waltert,Maiar Sherif Ahmed Abdelaziz,match_aces,9.5,26.0000,,2026-07-20T11:17:36Z,2026-07-21T08:00:00Z,Team Total (Aces) Home,4,"{'hdp': 9.5, 'over': '26.00'}"
72982468,2026-07-21,WTA,"WTA - Hamburg, Germany",Bet365,Simona Waltert,Maiar Sherif Ahmed Abdelaziz,match_aces,2.5,1.1400,,2026-07-20T11:17:36Z,2026-07-21T08:00:00Z,Totals (Aces),5,"{'hdp': 2.5, 'over': '1.14'}"
72982468,2026-07-21,WTA,"WTA - Hamburg, Germany",Bet365,Simona Waltert,Maiar Sherif Ahmed Abdelaziz,match_aces,4.5,1.5700,,2026-07-20T11:17:36Z,2026-07-21T08:00:00Z,Totals (Aces),5,"{'hdp': 4.5, 'over': '1.57'}"
72982468,2026-07-21,WTA,"WTA - Hamburg, Germany",Bet365,Simona Waltert,Maiar Sherif Ahmed Abdelaziz,match_aces,9.5,6.5000,,2026-07-20T11:17:36Z,2026-07-21T08:00:00Z,Totals (Aces),5,"{'hdp': 9.5, 'over': '6.50'}"
72982468,2026-07-21,WTA,"WTA - Hamburg, Germany",Bet365,Simona Waltert,Maiar Sherif Ahmed Abdelaziz,match_aces,14.5,26.0000,,2026-07-20T11:17:36Z,2026-07-21T08:00:00Z,Totals (Aces),5,"{'hdp': 14.5, 'over': '26.00'}"
72982472,2026-07-21,WTA,"WTA - Hamburg, Germany",Bet365,Sara Sorribes Tormo,Alina Charaeva,match_aces,0.5,1.1100,,2026-07-20T11:17:36Z,2026-07-21T08:00:00Z,Team Total (Aces) Home,4,"{'hdp': 0.5, 'over': '1.11'}"
72982472,2026-07-21,WTA,"WTA - Hamburg, Germany",Bet365,Sara Sorribes Tormo,Alina Charaeva,match_aces,2.5,2.2000,,2026-07-20T11:17:36Z,2026-07-21T08:00:00Z,Team Total (Aces) Home,4,"{'hdp': 2.5, 'over': '2.20'}"
72982472,2026-07-21,WTA,"WTA - Hamburg, Germany",Bet365,Sara Sorribes Tormo,Alina Charaeva,match_aces,4.5,6.5000,,2026-07-20T11:17:36Z,2026-07-21T08:00:00Z,Team Total (Aces) Home,4,"{'hdp': 4.5, 'over': '6.50'}"
72982472,2026-07-21,WTA,"WTA - Hamburg, Germany",Bet365,Sara Sorribes Tormo,Alina Charaeva,match_aces,9.5,26.0000,,2026-07-20T11:17:36Z,2026-07-21T08:00:00Z,Team Total (Aces) Home,4,"{'hdp': 9.5, 'over': '26.00'}"
72982472,2026-07-21,WTA,"WTA - Hamburg, Germany",Bet365,Sara Sorribes Tormo,Alina Charaeva,match_double_faults,2.5,1.0200,,2026-07-20T11:17:36Z,2026-07-21T08:00:00Z,Team Total (Double Faults) Away,9,"{'hdp': 2.5, 'over': '1.02'}"
72982472,2026-07-21,WTA,"WTA - Hamburg, Germany",Bet365,Sara Sorribes Tormo,Alina Charaeva,match_double_faults,4.5,1.1100,,2026-07-20T11:17:36Z,2026-07-21T08:00:00Z,Team Total (Double Faults) Away,9,"{'hdp': 4.5, 'over': '1.11'}"
72982472,2026-07-21,WTA,"WTA - Hamburg, Germany",Bet365,Sara Sorribes Tormo,Alina Charaeva,match_double_faults,7.5,1.5700,,2026-07-20T11:17:36Z,2026-07-21T08:00:00Z,Team Total (Double Faults) Away,9,"{'hdp': 7.5, 'over': '1.57'}"
72982472,2026-07-21,WTA,"WTA - Hamburg, Germany",Bet365,Sara Sorribes Tormo,Alina Charaeva,match_double_faults,9.5,2.2000,,2026-07-20T11:17:36Z,2026-07-21T08:00:00Z,Team Total (Double Faults) Away,9,"{'hdp': 9.5, 'over': '2.20'}"
72982472,2026-07-21,WTA,"WTA - Hamburg, Germany",Bet365,Sara Sorribes Tormo,Alina Charaeva,match_double_faults,11.5,3.5000,,2026-07-20T11:17:36Z,2026-07-21T08:00:00Z,Team Total (Double Faults) Away,9,"{'hdp': 11.5, 'over': '3.50'}"
72982472,2026-07-21,WTA,"WTA - Hamburg, Germany",Bet365,Sara Sorribes Tormo,Alina Charaeva,match_double_faults,14.5,8.0000,,2026-07-20T11:17:36Z,2026-07-21T08:00:00Z,Team Total (Double Faults) Away,9,"{'hdp': 14.5, 'over': '8.00'}"
72982472,2026-07-21,WTA,"WTA - Hamburg, Germany",Bet365,Sara Sorribes Tormo,Alina Charaeva,match_double_faults,19.5,26.0000,,2026-07-20T11:17:36Z,2026-07-21T08:00:00Z,Team Total (Double Faults) Away,9,"{'hdp': 19.5, 'over': '26.00'}"
72982472,2026-07-21,WTA,"WTA - Hamburg, Germany",Bet365,Sara Sorribes Tormo,Alina Charaeva,match_double_faults,1.5,1.0500,,2026-07-20T11:17:36Z,2026-07-21T08:00:00Z,Team Total (Double Faults) Home,7,"{'hdp': 1.5, 'over': '1.05'}"
72982472,2026-07-21,WTA,"WTA - Hamburg, Germany",Bet365,Sara Sorribes Tormo,Alina Charaeva,match_double_faults,2.5,1.1600,,2026-07-20T11:17:36Z,2026-07-21T08:00:00Z,Team Total (Double Faults) Home,7,"{'hdp': 2.5, 'over': '1.16'}"
72982472,2026-07-21,WTA,"WTA - Hamburg, Germany",Bet365,Sara Sorribes Tormo,Alina Charaeva,match_double_faults,4.5,1.7200,,2026-07-20T11:17:36Z,2026-07-21T08:00:00Z,Team Total (Double Faults) Home,7,"{'hdp': 4.5, 'over': '1.72'}"
72982472,2026-07-21,WTA,"WTA - Hamburg, Germany",Bet365,Sara Sorribes Tormo,Alina Charaeva,match_double_faults,7.5,5.0000,,2026-07-20T11:17:36Z,2026-07-21T08:00:00Z,Team Total (Double Faults) Home,7,"{'hdp': 7.5, 'over': '5.00'}"
72982472,2026-07-21,WTA,"WTA - Hamburg, Germany",Bet365,Sara Sorribes Tormo,Alina Charaeva,match_double_faults,9.5,13.0000,,2026-07-20T11:17:36Z,2026-07-21T08:00:00Z,Team Total (Double Faults) Home,7,"{'hdp': 9.5, 'over': '13.00'}"
72982472,2026-07-21,WTA,"WTA - Hamburg, Germany",Bet365,Sara Sorribes Tormo,Alina Charaeva,match_double_faults,11.5,26.0000,,2026-07-20T11:17:36Z,2026-07-21T08:00:00Z,Team Total (Double Faults) Home,7,"{'hdp': 11.5, 'over': '26.00'}"
72982472,2026-07-21,WTA,"WTA - Hamburg, Germany",Bet365,Sara Sorribes Tormo,Alina Charaeva,match_aces,2.5,1.1000,,2026-07-20T11:17:36Z,2026-07-21T08:00:00Z,Totals (Aces),6,"{'hdp': 2.5, 'over': '1.10'}"
72982472,2026-07-21,WTA,"WTA - Hamburg, Germany",Bet365,Sara Sorribes Tormo,Alina Charaeva,match_aces,4.5,1.4000,,2026-07-20T11:17:36Z,2026-07-21T08:00:00Z,Totals (Aces),6,"{'hdp': 4.5, 'over': '1.40'}"
72982472,2026-07-21,WTA,"WTA - Hamburg, Germany",Bet365,Sara Sorribes Tormo,Alina Charaeva,match_aces,9.5,4.5000,,2026-07-20T11:17:36Z,2026-07-21T08:00:00Z,Totals (Aces),6,"{'hdp': 9.5, 'over': '4.50'}"
72982472,2026-07-21,WTA,"WTA - Hamburg, Germany",Bet365,Sara Sorribes Tormo,Alina Charaeva,match_aces,14.5,21.0000,,2026-07-20T11:17:36Z,2026-07-21T08:00:00Z,Totals (Aces),6,"{'hdp': 14.5, 'over': '21.00'}"
72982472,2026-07-21,WTA,"WTA - Hamburg, Germany",Bet365,Sara Sorribes Tormo,Alina Charaeva,match_aces,19.5,26.0000,,2026-07-20T11:17:36Z,2026-07-21T08:00:00Z,Totals (Aces),6,"{'hdp': 19.5, 'over': '26.00'}"
72982472,2026-07-21,WTA,"WTA - Hamburg, Germany",Bet365,Sara Sorribes Tormo,Alina Charaeva,match_double_faults,7.5,1.0700,,2026-07-20T11:17:36Z,2026-07-21T08:00:00Z,Totals (Double Faults),8,"{'hdp': 7.5, 'over': '1.07'}"
72982472,2026-07-21,WTA,"WTA - Hamburg, Germany",Bet365,Sara Sorribes Tormo,Alina Charaeva,match_double_faults,9.5,1.2000,,2026-07-20T11:17:36Z,2026-07-21T08:00:00Z,Totals (Double Faults),8,"{'hdp': 9.5, 'over': '1.20'}"
72982472,2026-07-21,WTA,"WTA - Hamburg, Germany",Bet365,Sara Sorribes Tormo,Alina Charaeva,match_double_faults,11.5,1.4400,,2026-07-20T11:17:36Z,2026-07-21T08:00:00Z,Totals (Double Faults),8,"{'hdp': 11.5, 'over': '1.44'}"
72982472,2026-07-21,WTA,"WTA - Hamburg, Germany",Bet365,Sara Sorribes Tormo,Alina Charaeva,match_double_faults,14.5,2.1000,,2026-07-20T11:17:36Z,2026-07-21T08:00:00Z,Totals (Double Faults),8,"{'hdp': 14.5, 'over': '2.10'}"
72982472,2026-07-21,WTA,"WTA - Hamburg, Germany",Bet365,Sara Sorribes Tormo,Alina Charaeva,match_double_faults,19.5,5.5000,,2026-07-20T11:17:36Z,2026-07-21T08:00:00Z,Totals (Double Faults),8,"{'hdp': 19.5, 'over': '5.50'}"
72982472,2026-07-21,WTA,"WTA - Hamburg, Germany",Bet365,Sara Sorribes Tormo,Alina Charaeva,match_double_faults,24.5,19.0000,,2026-07-20T11:17:36Z,2026-07-21T08:00:00Z,Totals (Double Faults),8,"{'hdp': 24.5, 'over': '19.00'}"
72982472,2026-07-21,WTA,"WTA - Hamburg, Germany",Bet365,Sara Sorribes Tormo,Alina Charaeva,match_aces,0.5,1.0300,,2026-07-20T11:17:36Z,2026-07-21T08:00:00Z,Team Total (Aces) Away,5,"{'hdp': 0.5, 'over': '1.03'}"
72982472,2026-07-21,WTA,"WTA - Hamburg, Germany",Bet365,Sara Sorribes Tormo,Alina Charaeva,match_aces,2.5,1.4000,,2026-07-20T11:17:36Z,2026-07-21T08:00:00Z,Team Total (Aces) Away,5,"{'hdp': 2.5, 'over': '1.40'}"
72982472,2026-07-21,WTA,"WTA - Hamburg, Germany",Bet365,Sara Sorribes Tormo,Alina Charaeva,match_aces,4.5,2.5000,,2026-07-20T11:17:36Z,2026-07-21T08:00:00Z,Team Total (Aces) Away,5,"{'hdp': 4.5, 'over': '2.50'}"
72982472,2026-07-21,WTA,"WTA - Hamburg, Germany",Bet365,Sara Sorribes Tormo,Alina Charaeva,match_aces,9.5,19.0000,,2026-07-20T11:17:36Z,2026-07-21T08:00:00Z,Team Total (Aces) Away,5,"{'hdp': 9.5, 'over': '19.00'}"
72982472,2026-07-21,WTA,"WTA - Hamburg, Germany",Bet365,Sara Sorribes Tormo,Alina Charaeva,match_aces,14.5,26.0000,,2026-07-20T11:17:36Z,2026-07-21T08:00:00Z,Team Total (Aces) Away,5,"{'hdp': 14.5, 'over': '26.00'}"
72986820,2026-07-21,ATP,"ATP - Kitzbuhel, Austria",Bet365,Laslo Djere,Quentin Halys,match_double_faults,1.5,1.0300,,2026-07-20T11:17:36Z,2026-07-21T09:00:00Z,Team Total (Double Faults) Away,8,"{'hdp': 1.5, 'over': '1.03'}"
72986820,2026-07-21,ATP,"ATP - Kitzbuhel, Austria",Bet365,Laslo Djere,Quentin Halys,match_double_faults,2.5,1.1100,,2026-07-20T11:17:36Z,2026-07-21T09:00:00Z,Team Total (Double Faults) Away,8,"{'hdp': 2.5, 'over': '1.11'}"
72986820,2026-07-21,ATP,"ATP - Kitzbuhel, Austria",Bet365,Laslo Djere,Quentin Halys,match_double_faults,4.5,1.5300,,2026-07-20T11:17:36Z,2026-07-21T09:00:00Z,Team Total (Double Faults) Away,8,"{'hdp': 4.5, 'over': '1.53'}"
72986820,2026-07-21,ATP,"ATP - Kitzbuhel, Austria",Bet365,Laslo Djere,Quentin Halys,match_double_faults,7.5,3.7500,,2026-07-20T11:17:36Z,2026-07-21T09:00:00Z,Team Total (Double Faults) Away,8,"{'hdp': 7.5, 'over': '3.75'}"
72986820,2026-07-21,ATP,"ATP - Kitzbuhel, Austria",Bet365,Laslo Djere,Quentin Halys,match_double_faults,9.5,8.0000,,2026-07-20T11:17:36Z,2026-07-21T09:00:00Z,Team Total (Double Faults) Away,8,"{'hdp': 9.5, 'over': '8.00'}"
72986820,2026-07-21,ATP,"ATP - Kitzbuhel, Austria",Bet365,Laslo Djere,Quentin Halys,match_double_faults,11.5,19.0000,,2026-07-20T11:17:36Z,2026-07-21T09:00:00Z,Team Total (Double Faults) Away,8,"{'hdp': 11.5, 'over': '19.00'}"
72986820,2026-07-21,ATP,"ATP - Kitzbuhel, Austria",Bet365,Laslo Djere,Quentin Halys,match_double_faults,14.5,26.0000,,2026-07-20T11:17:36Z,2026-07-21T09:00:00Z,Team Total (Double Faults) Away,8,"{'hdp': 14.5, 'over': '26.00'}"
72986820,2026-07-21,ATP,"ATP - Kitzbuhel, Austria",Bet365,Laslo Djere,Quentin Halys,match_aces,2.5,1.0500,,2026-07-20T11:17:36Z,2026-07-21T09:00:00Z,Team Total (Aces) Home,7,"{'hdp': 2.5, 'over': '1.05'}"
72986820,2026-07-21,ATP,"ATP - Kitzbuhel, Austria",Bet365,Laslo Djere,Quentin Halys,match_aces,4.5,1.2200,,2026-07-20T11:17:36Z,2026-07-21T09:00:00Z,Team Total (Aces) Home,7,"{'hdp': 4.5, 'over': '1.22'}"
72986820,2026-07-21,ATP,"ATP - Kitzbuhel, Austria",Bet365,Laslo Djere,Quentin Halys,match_aces,9.5,2.6200,,2026-07-20T11:17:36Z,2026-07-21T09:00:00Z,Team Total (Aces) Home,7,"{'hdp': 9.5, 'over': '2.62'}"
72986820,2026-07-21,ATP,"ATP - Kitzbuhel, Austria",Bet365,Laslo Djere,Quentin Halys,match_aces,14.5,8.0000,,2026-07-20T11:17:36Z,2026-07-21T09:00:00Z,Team Total (Aces) Home,7,"{'hdp': 14.5, 'over': '8.00'}"
72986820,2026-07-21,ATP,"ATP - Kitzbuhel, Austria",Bet365,Laslo Djere,Quentin Halys,match_aces,19.5,23.0000,,2026-07-20T11:17:36Z,2026-07-21T09:00:00Z,Team Total (Aces) Home,7,"{'hdp': 19.5, 'over': '23.00'}"
72986820,2026-07-21,ATP,"ATP - Kitzbuhel, Austria",Bet365,Laslo Djere,Quentin Halys,match_aces,24.5,26.0000,,2026-07-20T11:17:36Z,2026-07-21T09:00:00Z,Team Total (Aces) Home,7,"{'hdp': 24.5, 'over': '26.00'}"
72986820,2026-07-21,ATP,"ATP - Kitzbuhel, Austria",Bet365,Laslo Djere,Quentin Halys,match_double_faults,1.5,1.0300,,2026-07-20T11:17:36Z,2026-07-21T09:00:00Z,Team Total (Double Faults) Home,8,"{'hdp': 1.5, 'over': '1.03'}"
72986820,2026-07-21,ATP,"ATP - Kitzbuhel, Austria",Bet365,Laslo Djere,Quentin Halys,match_double_faults,2.5,1.1100,,2026-07-20T11:17:36Z,2026-07-21T09:00:00Z,Team Total (Double Faults) Home,8,"{'hdp': 2.5, 'over': '1.11'}"
72986820,2026-07-21,ATP,"ATP - Kitzbuhel, Austria",Bet365,Laslo Djere,Quentin Halys,match_double_faults,4.5,1.4400,,2026-07-20T11:17:36Z,2026-07-21T09:00:00Z,Team Total (Double Faults) Home,8,"{'hdp': 4.5, 'over': '1.44'}"
72986820,2026-07-21,ATP,"ATP - Kitzbuhel, Austria",Bet365,Laslo Djere,Quentin Halys,match_double_faults,7.5,3.2500,,2026-07-20T11:17:36Z,2026-07-21T09:00:00Z,Team Total (Double Faults) Home,8,"{'hdp': 7.5, 'over': '3.25'}"
72986820,2026-07-21,ATP,"ATP - Kitzbuhel, Austria",Bet365,Laslo Djere,Quentin Halys,match_double_faults,9.5,6.0000,,2026-07-20T11:17:36Z,2026-07-21T09:00:00Z,Team Total (Double Faults) Home,8,"{'hdp': 9.5, 'over': '6.00'}"
72986820,2026-07-21,ATP,"ATP - Kitzbuhel, Austria",Bet365,Laslo Djere,Quentin Halys,match_double_faults,11.5,13.0000,,2026-07-20T11:17:36Z,2026-07-21T09:00:00Z,Team Total (Double Faults) Home,8,"{'hdp': 11.5, 'over': '13.00'}"
72986820,2026-07-21,ATP,"ATP - Kitzbuhel, Austria",Bet365,Laslo Djere,Quentin Halys,match_double_faults,14.5,26.0000,,2026-07-20T11:17:36Z,2026-07-21T09:00:00Z,Team Total (Double Faults) Home,8,"{'hdp': 14.5, 'over': '26.00'}"
72986820,2026-07-21,ATP,"ATP - Kitzbuhel, Austria",Bet365,Laslo Djere,Quentin Halys,match_aces,39.5,15.0000,,2026-07-20T11:17:36Z,2026-07-21T09:00:00Z,Totals (Aces),9,"{'hdp': 39.5, 'over': '15.00'}"
72986820,2026-07-21,ATP,"ATP - Kitzbuhel, Austria",Bet365,Laslo Djere,Quentin Halys,match_aces,49.5,26.0000,,2026-07-20T11:17:36Z,2026-07-21T09:00:00Z,Totals (Aces),9,"{'hdp': 49.5, 'over': '26.00'}"
72986820,2026-07-21,ATP,"ATP - Kitzbuhel, Austria",Bet365,Laslo Djere,Quentin Halys,match_aces,9.5,1.0500,,2026-07-20T11:17:36Z,2026-07-21T09:00:00Z,Totals (Aces),9,"{'hdp': 9.5, 'over': '1.05'}"
72986820,2026-07-21,ATP,"ATP - Kitzbuhel, Austria",Bet365,Laslo Djere,Quentin Halys,match_aces,14.5,1.2500,,2026-07-20T11:17:36Z,2026-07-21T09:00:00Z,Totals (Aces),9,"{'hdp': 14.5, 'over': '1.25'}"
72986820,2026-07-21,ATP,"ATP - Kitzbuhel, Austria",Bet365,Laslo Djere,Quentin Halys,match_aces,19.5,1.6600,,2026-07-20T11:17:36Z,2026-07-21T09:00:00Z,Totals (Aces),9,"{'hdp': 19.5, 'over': '1.66'}"
72986820,2026-07-21,ATP,"ATP - Kitzbuhel, Austria",Bet365,Laslo Djere,Quentin Halys,match_aces,24.5,2.5000,,2026-07-20T11:17:36Z,2026-07-21T09:00:00Z,Totals (Aces),9,"{'hdp': 24.5, 'over': '2.50'}"
72986820,2026-07-21,ATP,"ATP - Kitzbuhel, Austria",Bet365,Laslo Djere,Quentin Halys,match_aces,29.5,4.3300,,2026-07-20T11:17:36Z,2026-07-21T09:00:00Z,Totals (Aces),9,"{'hdp': 29.5, 'over': '4.33'}"
72986820,2026-07-21,ATP,"ATP - Kitzbuhel, Austria",Bet365,Laslo Djere,Quentin Halys,match_aces,2.5,1.0100,,2026-07-20T11:17:36Z,2026-07-21T09:00:00Z,Team Total (Aces) Away,9,"{'hdp': 2.5, 'over': '1.01'}"
72986820,2026-07-21,ATP,"ATP - Kitzbuhel, Austria",Bet365,Laslo Djere,Quentin Halys,match_aces,4.5,1.0600,,2026-07-20T11:17:36Z,2026-07-21T09:00:00Z,Team Total (Aces) Away,9,"{'hdp': 4.5, 'over': '1.06'}"
72986820,2026-07-21,ATP,"ATP - Kitzbuhel, Austria",Bet365,Laslo Djere,Quentin Halys,match_aces,39.5,26.0000,,2026-07-20T11:17:36Z,2026-07-21T09:00:00Z,Team Total (Aces) Away,9,"{'hdp': 39.5, 'over': '26.00'}"
72986820,2026-07-21,ATP,"ATP - Kitzbuhel, Austria",Bet365,Laslo Djere,Quentin Halys,match_aces,9.5,1.4000,,2026-07-20T11:17:36Z,2026-07-21T09:00:00Z,Team Total (Aces) Away,9,"{'hdp': 9.5, 'over': '1.40'}"
72986820,2026-07-21,ATP,"ATP - Kitzbuhel, Austria",Bet365,Laslo Djere,Quentin Halys,match_aces,14.5,2.2500,,2026-07-20T11:17:36Z,2026-07-21T09:00:00Z,Team Total (Aces) Away,9,"{'hdp': 14.5, 'over': '2.25'}"
72986820,2026-07-21,ATP,"ATP - Kitzbuhel, Austria",Bet365,Laslo Djere,Quentin Halys,match_aces,19.5,4.3300,,2026-07-20T11:17:36Z,2026-07-21T09:00:00Z,Team Total (Aces) Away,9,"{'hdp': 19.5, 'over': '4.33'}"
72986820,2026-07-21,ATP,"ATP - Kitzbuhel, Austria",Bet365,Laslo Djere,Quentin Halys,match_aces,24.5,9.0000,,2026-07-20T11:17:36Z,2026-07-21T09:00:00Z,Team Total (Aces) Away,9,"{'hdp': 24.5, 'over': '9.00'}"
72986820,2026-07-21,ATP,"ATP - Kitzbuhel, Austria",Bet365,Laslo Djere,Quentin Halys,match_aces,29.5,17.0000,,2026-07-20T11:17:36Z,2026-07-21T09:00:00Z,Team Total (Aces) Away,9,"{'hdp': 29.5, 'over': '17.00'}"
72986820,2026-07-21,ATP,"ATP - Kitzbuhel, Austria",Bet365,Laslo Djere,Quentin Halys,match_double_faults,4.5,1.0200,,2026-07-20T11:17:36Z,2026-07-21T09:00:00Z,Totals (Double Faults),9,"{'hdp': 4.5, 'over': '1.02'}"
72986820,2026-07-21,ATP,"ATP - Kitzbuhel, Austria",Bet365,Laslo Djere,Quentin Halys,match_double_faults,7.5,1.1600,,2026-07-20T11:17:36Z,2026-07-21T09:00:00Z,Totals (Double Faults),9,"{'hdp': 7.5, 'over': '1.16'}"
72986820,2026-07-21,ATP,"ATP - Kitzbuhel, Austria",Bet365,Laslo Djere,Quentin Halys,match_double_faults,9.5,1.4400,,2026-07-20T11:17:36Z,2026-07-21T09:00:00Z,Totals (Double Faults),9,"{'hdp': 9.5, 'over': '1.44'}"
72986820,2026-07-21,ATP,"ATP - Kitzbuhel, Austria",Bet365,Laslo Djere,Quentin Halys,match_double_faults,11.5,1.9000,,2026-07-20T11:17:36Z,2026-07-21T09:00:00Z,Totals (Double Faults),9,"{'hdp': 11.5, 'over': '1.90'}"
72986820,2026-07-21,ATP,"ATP - Kitzbuhel, Austria",Bet365,Laslo Djere,Quentin Halys,match_double_faults,14.5,3.5000,,2026-07-20T11:17:36Z,2026-07-21T09:00:00Z,Totals (Double Faults),9,"{'hdp': 14.5, 'over': '3.50'}"
72986820,2026-07-21,ATP,"ATP - Kitzbuhel, Austria",Bet365,Laslo Djere,Quentin Halys,match_double_faults,19.5,13.0000,,2026-07-20T11:17:36Z,2026-07-21T09:00:00Z,Totals (Double Faults),9,"{'hdp': 19.5, 'over': '13.00'}"
72986820,2026-07-21,ATP,"ATP - Kitzbuhel, Austria",Bet365,Laslo Djere,Quentin Halys,match_double_faults,24.5,26.0000,,2026-07-20T11:17:36Z,2026-07-21T09:00:00Z,Totals (Double Faults),9,"{'hdp': 24.5, 'over': '26.00'}"
72986822,2026-07-21,ATP,"ATP - Kitzbuhel, Austria",Bet365,Adolfo Daniel Vallejo,Kilian Feldbausch,match_aces,2.5,1.0300,,2026-07-20T11:17:36Z,2026-07-21T09:00:00Z,Totals (Aces),7,"{'hdp': 2.5, 'over': '1.03'}"
72986822,2026-07-21,ATP,"ATP - Kitzbuhel, Austria",Bet365,Adolfo Daniel Vallejo,Kilian Feldbausch,match_aces,4.5,1.1600,,2026-07-20T11:17:36Z,2026-07-21T09:00:00Z,Totals (Aces),7,"{'hdp': 4.5, 'over': '1.16'}"
72986822,2026-07-21,ATP,"ATP - Kitzbuhel, Austria",Bet365,Adolfo Daniel Vallejo,Kilian Feldbausch,match_aces,9.5,2.3700,,2026-07-20T11:17:36Z,2026-07-21T09:00:00Z,Totals (Aces),7,"{'hdp': 9.5, 'over': '2.37'}"
72986822,2026-07-21,ATP,"ATP - Kitzbuhel, Austria",Bet365,Adolfo Daniel Vallejo,Kilian Feldbausch,match_aces,14.5,7.0000,,2026-07-20T11:17:36Z,2026-07-21T09:00:00Z,Totals (Aces),7,"{'hdp': 14.5, 'over': '7.00'}"
72986822,2026-07-21,ATP,"ATP - Kitzbuhel, Austria",Bet365,Adolfo Daniel Vallejo,Kilian Feldbausch,match_aces,19.5,23.0000,,2026-07-20T11:17:36Z,2026-07-21T09:00:00Z,Totals (Aces),7,"{'hdp': 19.5, 'over': '23.00'}"
72986822,2026-07-21,ATP,"ATP - Kitzbuhel, Austria",Bet365,Adolfo Daniel Vallejo,Kilian Feldbausch,match_aces,24.5,26.0000,,2026-07-20T11:17:36Z,2026-07-21T09:00:00Z,Totals (Aces),7,"{'hdp': 24.5, 'over': '26.00'}"
72986822,2026-07-21,ATP,"ATP - Kitzbuhel, Austria",Bet365,Adolfo Daniel Vallejo,Kilian Feldbausch,match_double_faults,0.5,1.0200,,2026-07-20T11:17:36Z,2026-07-21T09:00:00Z,Team Total (Double Faults) Home,7,"{'hdp': 0.5, 'over': '1.02'}"
72986822,2026-07-21,ATP,"ATP - Kitzbuhel, Austria",Bet365,Adolfo Daniel Vallejo,Kilian Feldbausch,match_double_faults,1.5,1.1100,,2026-07-20T11:17:36Z,2026-07-21T09:00:00Z,Team Total (Double Faults) Home,7,"{'hdp': 1.5, 'over': '1.11'}"
72986822,2026-07-21,ATP,"ATP - Kitzbuhel, Austria",Bet365,Adolfo Daniel Vallejo,Kilian Feldbausch,match_double_faults,2.5,1.3300,,2026-07-20T11:17:36Z,2026-07-21T09:00:00Z,Team Total (Double Faults) Home,7,"{'hdp': 2.5, 'over': '1.33'}"
72986822,2026-07-21,ATP,"ATP - Kitzbuhel, Austria",Bet365,Adolfo Daniel Vallejo,Kilian Feldbausch,match_double_faults,4.5,2.2500,,2026-07-20T11:17:36Z,2026-07-21T09:00:00Z,Team Total (Double Faults) Home,7,"{'hdp': 4.5, 'over': '2.25'}"
72986822,2026-07-21,ATP,"ATP - Kitzbuhel, Austria",Bet365,Adolfo Daniel Vallejo,Kilian Feldbausch,match_double_faults,7.5,8.0000,,2026-07-20T11:17:36Z,2026-07-21T09:00:00Z,Team Total (Double Faults) Home,7,"{'hdp': 7.5, 'over': '8.00'}"
72986822,2026-07-21,ATP,"ATP - Kitzbuhel, Austria",Bet365,Adolfo Daniel Vallejo,Kilian Feldbausch,match_double_faults,9.5,19.0000,,2026-07-20T11:17:36Z,2026-07-21T09:00:00Z,Team Total (Double Faults) Home,7,"{'hdp': 9.5, 'over': '19.00'}"
72986822,2026-07-21,ATP,"ATP - Kitzbuhel, Austria",Bet365,Adolfo Daniel Vallejo,Kilian Feldbausch,match_double_faults,11.5,26.0000,,2026-07-20T11:17:36Z,2026-07-21T09:00:00Z,Team Total (Double Faults) Home,7,"{'hdp': 11.5, 'over': '26.00'}"
72986822,2026-07-21,ATP,"ATP - Kitzbuhel, Austria",Bet365,Adolfo Daniel Vallejo,Kilian Feldbausch,match_aces,0.5,1.0100,,2026-07-20T11:17:36Z,2026-07-21T09:00:00Z,Team Total (Aces) Home,5,"{'hdp': 0.5, 'over': '1.01'}"
72986822,2026-07-21,ATP,"ATP - Kitzbuhel, Austria",Bet365,Adolfo Daniel Vallejo,Kilian Feldbausch,match_aces,2.5,1.2500,,2026-07-20T11:17:36Z,2026-07-21T09:00:00Z,Team Total (Aces) Home,5,"{'hdp': 2.5, 'over': '1.25'}"
72986822,2026-07-21,ATP,"ATP - Kitzbuhel, Austria",Bet365,Adolfo Daniel Vallejo,Kilian Feldbausch,match_aces,4.5,2.0000,,2026-07-20T11:17:36Z,2026-07-21T09:00:00Z,Team Total (Aces) Home,5,"{'hdp': 4.5, 'over': '2.00'}"
72986822,2026-07-21,ATP,"ATP - Kitzbuhel, Austria",Bet365,Adolfo Daniel Vallejo,Kilian Feldbausch,match_aces,9.5,11.0000,,2026-07-20T11:17:36Z,2026-07-21T09:00:00Z,Team Total (Aces) Home,5,"{'hdp': 9.5, 'over': '11.00'}"
72986822,2026-07-21,ATP,"ATP - Kitzbuhel, Austria",Bet365,Adolfo Daniel Vallejo,Kilian Feldbausch,match_aces,14.5,26.0000,,2026-07-20T11:17:36Z,2026-07-21T09:00:00Z,Team Total (Aces) Home,5,"{'hdp': 14.5, 'over': '26.00'}"
72986822,2026-07-21,ATP,"ATP - Kitzbuhel, Austria",Bet365,Adolfo Daniel Vallejo,Kilian Feldbausch,match_double_faults,4.5,1.0600,,2026-07-20T11:17:36Z,2026-07-21T09:00:00Z,Totals (Double Faults),8,"{'hdp': 4.5, 'over': '1.06'}"
72986822,2026-07-21,ATP,"ATP - Kitzbuhel, Austria",Bet365,Adolfo Daniel Vallejo,Kilian Feldbausch,match_double_faults,7.5,1.4400,,2026-07-20T11:17:36Z,2026-07-21T09:00:00Z,Totals (Double Faults),8,"{'hdp': 7.5, 'over': '1.44'}"
72986822,2026-07-21,ATP,"ATP - Kitzbuhel, Austria",Bet365,Adolfo Daniel Vallejo,Kilian Feldbausch,match_double_faults,9.5,2.0000,,2026-07-20T11:17:36Z,2026-07-21T09:00:00Z,Totals (Double Faults),8,"{'hdp': 9.5, 'over': '2.00'}"
72986822,2026-07-21,ATP,"ATP - Kitzbuhel, Austria",Bet365,Adolfo Daniel Vallejo,Kilian Feldbausch,match_double_faults,11.5,3.4000,,2026-07-20T11:17:36Z,2026-07-21T09:00:00Z,Totals (Double Faults),8,"{'hdp': 11.5, 'over': '3.40'}"
72986822,2026-07-21,ATP,"ATP - Kitzbuhel, Austria",Bet365,Adolfo Daniel Vallejo,Kilian Feldbausch,match_double_faults,14.5,8.0000,,2026-07-20T11:17:36Z,2026-07-21T09:00:00Z,Totals (Double Faults),8,"{'hdp': 14.5, 'over': '8.00'}"
72986822,2026-07-21,ATP,"ATP - Kitzbuhel, Austria",Bet365,Adolfo Daniel Vallejo,Kilian Feldbausch,match_double_faults,19.5,26.0000,,2026-07-20T11:17:36Z,2026-07-21T09:00:00Z,Totals (Double Faults),8,"{'hdp': 19.5, 'over': '26.00'}"
72986822,2026-07-21,ATP,"ATP - Kitzbuhel, Austria",Bet365,Adolfo Daniel Vallejo,Kilian Feldbausch,match_aces,0.5,1.0300,,2026-07-20T11:17:36Z,2026-07-21T09:00:00Z,Team Total (Aces) Away,5,"{'hdp': 0.5, 'over': '1.03'}"
72986822,2026-07-21,ATP,"ATP - Kitzbuhel, Austria",Bet365,Adolfo Daniel Vallejo,Kilian Feldbausch,match_aces,2.5,1.4000,,2026-07-20T11:17:36Z,2026-07-21T09:00:00Z,Team Total (Aces) Away,5,"{'hdp': 2.5, 'over': '1.40'}"
72986822,2026-07-21,ATP,"ATP - Kitzbuhel, Austria",Bet365,Adolfo Daniel Vallejo,Kilian Feldbausch,match_aces,4.5,2.5000,,2026-07-20T11:17:36Z,2026-07-21T09:00:00Z,Team Total (Aces) Away,5,"{'hdp': 4.5, 'over': '2.50'}"
72986822,2026-07-21,ATP,"ATP - Kitzbuhel, Austria",Bet365,Adolfo Daniel Vallejo,Kilian Feldbausch,match_aces,9.5,17.0000,,2026-07-20T11:17:36Z,2026-07-21T09:00:00Z,Team Total (Aces) Away,5,"{'hdp': 9.5, 'over': '17.00'}"
72986822,2026-07-21,ATP,"ATP - Kitzbuhel, Austria",Bet365,Adolfo Daniel Vallejo,Kilian Feldbausch,match_aces,14.5,26.0000,,2026-07-20T11:17:36Z,2026-07-21T09:00:00Z,Team Total (Aces) Away,5,"{'hdp': 14.5, 'over': '26.00'}"
72986822,2026-07-21,ATP,"ATP - Kitzbuhel, Austria",Bet365,Adolfo Daniel Vallejo,Kilian Feldbausch,match_double_faults,1.5,1.0400,,2026-07-20T11:17:36Z,2026-07-21T09:00:00Z,Team Total (Double Faults) Away,8,"{'hdp': 1.5, 'over': '1.04'}"
72986822,2026-07-21,ATP,"ATP - Kitzbuhel, Austria",Bet365,Adolfo Daniel Vallejo,Kilian Feldbausch,match_double_faults,2.5,1.1400,,2026-07-20T11:17:36Z,2026-07-21T09:00:00Z,Team Total (Double Faults) Away,8,"{'hdp': 2.5, 'over': '1.14'}"
72986822,2026-07-21,ATP,"ATP - Kitzbuhel, Austria",Bet365,Adolfo Daniel Vallejo,Kilian Feldbausch,match_double_faults,4.5,1.6600,,2026-07-20T11:17:36Z,2026-07-21T09:00:00Z,Team Total (Double Faults) Away,8,"{'hdp': 4.5, 'over': '1.66'}"
72986822,2026-07-21,ATP,"ATP - Kitzbuhel, Austria",Bet365,Adolfo Daniel Vallejo,Kilian Feldbausch,match_double_faults,7.5,4.3300,,2026-07-20T11:17:36Z,2026-07-21T09:00:00Z,Team Total (Double Faults) Away,8,"{'hdp': 7.5, 'over': '4.33'}"
72986822,2026-07-21,ATP,"ATP - Kitzbuhel, Austria",Bet365,Adolfo Daniel Vallejo,Kilian Feldbausch,match_double_faults,9.5,11.0000,,2026-07-20T11:17:36Z,2026-07-21T09:00:00Z,Team Total (Double Faults) Away,8,"{'hdp': 9.5, 'over': '11.00'}"
72986822,2026-07-21,ATP,"ATP - Kitzbuhel, Austria",Bet365,Adolfo Daniel Vallejo,Kilian Feldbausch,match_double_faults,11.5,23.0000,,2026-07-20T11:17:36Z,2026-07-21T09:00:00Z,Team Total (Double Faults) Away,8,"{'hdp': 11.5, 'over': '23.00'}"
72986822,2026-07-21,ATP,"ATP - Kitzbuhel, Austria",Bet365,Adolfo Daniel Vallejo,Kilian Feldbausch,match_double_faults,14.5,26.0000,,2026-07-20T11:17:36Z,2026-07-21T09:00:00Z,Team Total (Double Faults) Away,8,"{'hdp': 14.5, 'over': '26.00'}"
72960902,2026-07-21,ATP,"ATP - Kitzbuhel, Austria",Bet365,Daniel Altmaier,Raphael Collignon,match_aces,2.5,1.0300,,2026-07-20T11:17:36Z,2026-07-21T09:00:00Z,Team Total (Aces) Away,7,"{'hdp': 2.5, 'over': '1.03'}"
72960902,2026-07-21,ATP,"ATP - Kitzbuhel, Austria",Bet365,Daniel Altmaier,Raphael Collignon,match_aces,4.5,1.1200,,2026-07-20T11:17:36Z,2026-07-21T09:00:00Z,Team Total (Aces) Away,7,"{'hdp': 4.5, 'over': '1.12'}"
72960902,2026-07-21,ATP,"ATP - Kitzbuhel, Austria",Bet365,Daniel Altmaier,Raphael Collignon,match_aces,9.5,1.9000,,2026-07-20T11:17:36Z,2026-07-21T09:00:00Z,Team Total (Aces) Away,7,"{'hdp': 9.5, 'over': '1.90'}"
72960902,2026-07-21,ATP,"ATP - Kitzbuhel, Austria",Bet365,Daniel Altmaier,Raphael Collignon,match_aces,14.5,4.5000,,2026-07-20T11:17:36Z,2026-07-21T09:00:00Z,Team Total (Aces) Away,7,"{'hdp': 14.5, 'over': '4.50'}"
72960902,2026-07-21,ATP,"ATP - Kitzbuhel, Austria",Bet365,Daniel Altmaier,Raphael Collignon,match_aces,19.5,13.0000,,2026-07-20T11:17:36Z,2026-07-21T09:00:00Z,Team Total (Aces) Away,7,"{'hdp': 19.5, 'over': '13.00'}"
72960902,2026-07-21,ATP,"ATP - Kitzbuhel, Austria",Bet365,Daniel Altmaier,Raphael Collignon,match_aces,24.5,26.0000,,2026-07-20T11:17:36Z,2026-07-21T09:00:00Z,Team Total (Aces) Away,7,"{'hdp': 24.5, 'over': '26.00'}"
72960902,2026-07-21,ATP,"ATP - Kitzbuhel, Austria",Bet365,Daniel Altmaier,Raphael Collignon,match_aces,9.5,1.0800,,2026-07-20T11:17:36Z,2026-07-21T09:00:00Z,Totals (Aces),9,"{'hdp': 9.5, 'over': '1.08'}"
72960902,2026-07-21,ATP,"ATP - Kitzbuhel, Austria",Bet365,Daniel Altmaier,Raphael Collignon,match_aces,14.5,1.4000,,2026-07-20T11:17:36Z,2026-07-21T09:00:00Z,Totals (Aces),9,"{'hdp': 14.5, 'over': '1.40'}"
72960902,2026-07-21,ATP,"ATP - Kitzbuhel, Austria",Bet365,Daniel Altmaier,Raphael Collignon,match_aces,19.5,2.0000,,2026-07-20T11:17:36Z,2026-07-21T09:00:00Z,Totals (Aces),9,"{'hdp': 19.5, 'over': '2.00'}"
72960902,2026-07-21,ATP,"ATP - Kitzbuhel, Austria",Bet365,Daniel Altmaier,Raphael Collignon,match_aces,24.5,3.5000,,2026-07-20T11:17:36Z,2026-07-21T09:00:00Z,Totals (Aces),9,"{'hdp': 24.5, 'over': '3.50'}"
72960902,2026-07-21,ATP,"ATP - Kitzbuhel, Austria",Bet365,Daniel Altmaier,Raphael Collignon,match_aces,29.5,6.5000,,2026-07-20T11:17:36Z,2026-07-21T09:00:00Z,Totals (Aces),9,"{'hdp': 29.5, 'over': '6.50'}"
72960902,2026-07-21,ATP,"ATP - Kitzbuhel, Austria",Bet365,Daniel Altmaier,Raphael Collignon,match_aces,39.5,23.0000,,2026-07-20T11:17:36Z,2026-07-21T09:00:00Z,Totals (Aces),9,"{'hdp': 39.5, 'over': '23.00'}"
72960902,2026-07-21,ATP,"ATP - Kitzbuhel, Austria",Bet365,Daniel Altmaier,Raphael Collignon,match_aces,49.5,26.0000,,2026-07-20T11:17:36Z,2026-07-21T09:00:00Z,Totals (Aces),9,"{'hdp': 49.5, 'over': '26.00'}"
72960902,2026-07-21,ATP,"ATP - Kitzbuhel, Austria",Bet365,Daniel Altmaier,Raphael Collignon,match_aces,2.5,1.0400,,2026-07-20T11:17:36Z,2026-07-21T09:00:00Z,Team Total (Aces) Home,7,"{'hdp': 2.5, 'over': '1.04'}"
72960902,2026-07-21,ATP,"ATP - Kitzbuhel, Austria",Bet365,Daniel Altmaier,Raphael Collignon,match_aces,4.5,1.1600,,2026-07-20T11:17:36Z,2026-07-21T09:00:00Z,Team Total (Aces) Home,7,"{'hdp': 4.5, 'over': '1.16'}"
72960902,2026-07-21,ATP,"ATP - Kitzbuhel, Austria",Bet365,Daniel Altmaier,Raphael Collignon,match_aces,9.5,2.1000,,2026-07-20T11:17:36Z,2026-07-21T09:00:00Z,Team Total (Aces) Home,7,"{'hdp': 9.5, 'over': '2.10'}"
72960902,2026-07-21,ATP,"ATP - Kitzbuhel, Austria",Bet365,Daniel Altmaier,Raphael Collignon,match_aces,14.5,5.0000,,2026-07-20T11:17:36Z,2026-07-21T09:00:00Z,Team Total (Aces) Home,7,"{'hdp': 14.5, 'over': '5.00'}"
72960902,2026-07-21,ATP,"ATP - Kitzbuhel, Austria",Bet365,Daniel Altmaier,Raphael Collignon,match_aces,19.5,15.0000,,2026-07-20T11:17:36Z,2026-07-21T09:00:00Z,Team Total (Aces) Home,7,"{'hdp': 19.5, 'over': '15.00'}"
72960902,2026-07-21,ATP,"ATP - Kitzbuhel, Austria",Bet365,Daniel Altmaier,Raphael Collignon,match_aces,24.5,26.0000,,2026-07-20T11:17:36Z,2026-07-21T09:00:00Z,Team Total (Aces) Home,7,"{'hdp': 24.5, 'over': '26.00'}"
72960904,2026-07-21,ATP,"ATP - Kitzbuhel, Austria",Bet365,Alex Molcan,Sebastian Ofner,match_aces,9.5,1.1000,,2026-07-20T11:17:36Z,2026-07-21T09:00:00Z,Totals (Aces),9,"{'hdp': 9.5, 'over': '1.10'}"
72960904,2026-07-21,ATP,"ATP - Kitzbuhel, Austria",Bet365,Alex Molcan,Sebastian Ofner,match_aces,14.5,1.4000,,2026-07-20T11:17:36Z,2026-07-21T09:00:00Z,Totals (Aces),9,"{'hdp': 14.5, 'over': '1.40'}"
72960904,2026-07-21,ATP,"ATP - Kitzbuhel, Austria",Bet365,Alex Molcan,Sebastian Ofner,match_aces,19.5,2.0000,,2026-07-20T11:17:36Z,2026-07-21T09:00:00Z,Totals (Aces),9,"{'hdp': 19.5, 'over': '2.00'}"
72960904,2026-07-21,ATP,"ATP - Kitzbuhel, Austria",Bet365,Alex Molcan,Sebastian Ofner,match_aces,24.5,3.4000,,2026-07-20T11:17:36Z,2026-07-21T09:00:00Z,Totals (Aces),9,"{'hdp': 24.5, 'over': '3.40'}"
72960904,2026-07-21,ATP,"ATP - Kitzbuhel, Austria",Bet365,Alex Molcan,Sebastian Ofner,match_aces,29.5,6.0000,,2026-07-20T11:17:36Z,2026-07-21T09:00:00Z,Totals (Aces),9,"{'hdp': 29.5, 'over': '6.00'}"
72960904,2026-07-21,ATP,"ATP - Kitzbuhel, Austria",Bet365,Alex Molcan,Sebastian Ofner,match_aces,39.5,21.0000,,2026-07-20T11:17:36Z,2026-07-21T09:00:00Z,Totals (Aces),9,"{'hdp': 39.5, 'over': '21.00'}"
72960904,2026-07-21,ATP,"ATP - Kitzbuhel, Austria",Bet365,Alex Molcan,Sebastian Ofner,match_aces,49.5,26.0000,,2026-07-20T11:17:36Z,2026-07-21T09:00:00Z,Totals (Aces),9,"{'hdp': 49.5, 'over': '26.00'}"
72960904,2026-07-21,ATP,"ATP - Kitzbuhel, Austria",Bet365,Alex Molcan,Sebastian Ofner,match_aces,2.5,1.0200,,2026-07-20T11:17:36Z,2026-07-21T09:00:00Z,Team Total (Aces) Away,8,"{'hdp': 2.5, 'over': '1.02'}"
72960904,2026-07-21,ATP,"ATP - Kitzbuhel, Austria",Bet365,Alex Molcan,Sebastian Ofner,match_aces,4.5,1.1000,,2026-07-20T11:17:36Z,2026-07-21T09:00:00Z,Team Total (Aces) Away,8,"{'hdp': 4.5, 'over': '1.10'}"
72960904,2026-07-21,ATP,"ATP - Kitzbuhel, Austria",Bet365,Alex Molcan,Sebastian Ofner,match_aces,9.5,1.6100,,2026-07-20T11:17:36Z,2026-07-21T09:00:00Z,Team Total (Aces) Away,8,"{'hdp': 9.5, 'over': '1.61'}"
72960904,2026-07-21,ATP,"ATP - Kitzbuhel, Austria",Bet365,Alex Molcan,Sebastian Ofner,match_aces,14.5,3.0000,,2026-07-20T11:17:36Z,2026-07-21T09:00:00Z,Team Total (Aces) Away,8,"{'hdp': 14.5, 'over': '3.00'}"
72960904,2026-07-21,ATP,"ATP - Kitzbuhel, Austria",Bet365,Alex Molcan,Sebastian Ofner,match_aces,19.5,6.0000,,2026-07-20T11:17:36Z,2026-07-21T09:00:00Z,Team Total (Aces) Away,8,"{'hdp': 19.5, 'over': '6.00'}"
72960904,2026-07-21,ATP,"ATP - Kitzbuhel, Austria",Bet365,Alex Molcan,Sebastian Ofner,match_aces,24.5,13.0000,,2026-07-20T11:17:36Z,2026-07-21T09:00:00Z,Team Total (Aces) Away,8,"{'hdp': 24.5, 'over': '13.00'}"
72960904,2026-07-21,ATP,"ATP - Kitzbuhel, Austria",Bet365,Alex Molcan,Sebastian Ofner,match_aces,29.5,26.0000,,2026-07-20T11:17:36Z,2026-07-21T09:00:00Z,Team Total (Aces) Away,8,"{'hdp': 29.5, 'over': '26.00'}"
72960904,2026-07-21,ATP,"ATP - Kitzbuhel, Austria",Bet365,Alex Molcan,Sebastian Ofner,match_aces,2.5,1.0700,,2026-07-20T11:17:36Z,2026-07-21T09:00:00Z,Team Total (Aces) Home,6,"{'hdp': 2.5, 'over': '1.07'}"
72960904,2026-07-21,ATP,"ATP - Kitzbuhel, Austria",Bet365,Alex Molcan,Sebastian Ofner,match_aces,4.5,1.3000,,2026-07-20T11:17:36Z,2026-07-21T09:00:00Z,Team Total (Aces) Home,6,"{'hdp': 4.5, 'over': '1.30'}"
72960904,2026-07-21,ATP,"ATP - Kitzbuhel, Austria",Bet365,Alex Molcan,Sebastian Ofner,match_aces,9.5,3.2500,,2026-07-20T11:17:36Z,2026-07-21T09:00:00Z,Team Total (Aces) Home,6,"{'hdp': 9.5, 'over': '3.25'}"
72960904,2026-07-21,ATP,"ATP - Kitzbuhel, Austria",Bet365,Alex Molcan,Sebastian Ofner,match_aces,14.5,11.0000,,2026-07-20T11:17:36Z,2026-07-21T09:00:00Z,Team Total (Aces) Home,6,"{'hdp': 14.5, 'over': '11.00'}"
72960904,2026-07-21,ATP,"ATP - Kitzbuhel, Austria",Bet365,Alex Molcan,Sebastian Ofner,match_aces,19.5,26.0000,,2026-07-20T11:17:36Z,2026-07-21T09:00:00Z,Team Total (Aces) Home,6,"{'hdp': 19.5, 'over': '26.00'}"
72960904,2026-07-21,ATP,"ATP - Kitzbuhel, Austria",Bet365,Alex Molcan,Sebastian Ofner,match_double_faults,0.5,1.0700,,2026-07-20T11:17:36Z,2026-07-21T09:00:00Z,Team Total (Double Faults) Home,5,"{'hdp': 0.5, 'over': '1.07'}"
72960904,2026-07-21,ATP,"ATP - Kitzbuhel, Austria",Bet365,Alex Molcan,Sebastian Ofner,match_double_faults,1.5,1.3300,,2026-07-20T11:17:36Z,2026-07-21T09:00:00Z,Team Total (Double Faults) Home,5,"{'hdp': 1.5, 'over': '1.33'}"
72960904,2026-07-21,ATP,"ATP - Kitzbuhel, Austria",Bet365,Alex Molcan,Sebastian Ofner,match_double_faults,2.5,1.8300,,2026-07-20T11:17:36Z,2026-07-21T09:00:00Z,Team Total (Double Faults) Home,5,"{'hdp': 2.5, 'over': '1.83'}"
72960904,2026-07-21,ATP,"ATP - Kitzbuhel, Austria",Bet365,Alex Molcan,Sebastian Ofner,match_double_faults,4.5,5.5000,,2026-07-20T11:17:36Z,2026-07-21T09:00:00Z,Team Total (Double Faults) Home,5,"{'hdp': 4.5, 'over': '5.50'}"
72960904,2026-07-21,ATP,"ATP - Kitzbuhel, Austria",Bet365,Alex Molcan,Sebastian Ofner,match_double_faults,7.5,26.0000,,2026-07-20T11:17:36Z,2026-07-21T09:00:00Z,Team Total (Double Faults) Home,5,"{'hdp': 7.5, 'over': '26.00'}"
72960904,2026-07-21,ATP,"ATP - Kitzbuhel, Austria",Bet365,Alex Molcan,Sebastian Ofner,match_double_faults,2.5,1.0300,,2026-07-20T11:17:36Z,2026-07-21T09:00:00Z,Totals (Double Faults),9,"{'hdp': 2.5, 'over': '1.03'}"
72960904,2026-07-21,ATP,"ATP - Kitzbuhel, Austria",Bet365,Alex Molcan,Sebastian Ofner,match_double_faults,4.5,1.2000,,2026-07-20T11:17:36Z,2026-07-21T09:00:00Z,Totals (Double Faults),9,"{'hdp': 4.5, 'over': '1.20'}"
72960904,2026-07-21,ATP,"ATP - Kitzbuhel, Austria",Bet365,Alex Molcan,Sebastian Ofner,match_double_faults,7.5,2.1000,,2026-07-20T11:17:36Z,2026-07-21T09:00:00Z,Totals (Double Faults),9,"{'hdp': 7.5, 'over': '2.10'}"
72960904,2026-07-21,ATP,"ATP - Kitzbuhel, Austria",Bet365,Alex Molcan,Sebastian Ofner,match_double_faults,9.5,3.7500,,2026-07-20T11:17:36Z,2026-07-21T09:00:00Z,Totals (Double Faults),9,"{'hdp': 9.5, 'over': '3.75'}"
72960904,2026-07-21,ATP,"ATP - Kitzbuhel, Austria",Bet365,Alex Molcan,Sebastian Ofner,match_double_faults,11.5,8.0000,,2026-07-20T11:17:36Z,2026-07-21T09:00:00Z,Totals (Double Faults),9,"{'hdp': 11.5, 'over': '8.00'}"
72960904,2026-07-21,ATP,"ATP - Kitzbuhel, Austria",Bet365,Alex Molcan,Sebastian Ofner,match_double_faults,14.5,23.0000,,2026-07-20T11:17:36Z,2026-07-21T09:00:00Z,Totals (Double Faults),9,"{'hdp': 14.5, 'over': '23.00'}"
72960904,2026-07-21,ATP,"ATP - Kitzbuhel, Austria",Bet365,Alex Molcan,Sebastian Ofner,match_double_faults,19.5,26.0000,,2026-07-20T11:17:36Z,2026-07-21T09:00:00Z,Totals (Double Faults),9,"{'hdp': 19.5, 'over': '26.00'}"
72960904,2026-07-21,ATP,"ATP - Kitzbuhel, Austria",Bet365,Alex Molcan,Sebastian Ofner,match_double_faults,4.5,2.0000,,2026-07-20T11:17:36Z,2026-07-21T09:00:00Z,Team Total (Double Faults) Away,7,"{'hdp': 4.5, 'over': '2.00'}"
72960904,2026-07-21,ATP,"ATP - Kitzbuhel, Austria",Bet365,Alex Molcan,Sebastian Ofner,match_double_faults,0.5,1.0100,,2026-07-20T11:17:36Z,2026-07-21T09:00:00Z,Team Total (Double Faults) Away,7,"{'hdp': 0.5, 'over': '1.01'}"
72960904,2026-07-21,ATP,"ATP - Kitzbuhel, Austria",Bet365,Alex Molcan,Sebastian Ofner,match_double_faults,1.5,1.0700,,2026-07-20T11:17:36Z,2026-07-21T09:00:00Z,Team Total (Double Faults) Away,7,"{'hdp': 1.5, 'over': '1.07'}"
72960904,2026-07-21,ATP,"ATP - Kitzbuhel, Austria",Bet365,Alex Molcan,Sebastian Ofner,match_double_faults,2.5,1.2200,,2026-07-20T11:17:36Z,2026-07-21T09:00:00Z,Team Total (Double Faults) Away,7,"{'hdp': 2.5, 'over': '1.22'}"
72960904,2026-07-21,ATP,"ATP - Kitzbuhel, Austria",Bet365,Alex Molcan,Sebastian Ofner,match_double_faults,7.5,6.5000,,2026-07-20T11:17:36Z,2026-07-21T09:00:00Z,Team Total (Double Faults) Away,7,"{'hdp': 7.5, 'over': '6.50'}"
72960904,2026-07-21,ATP,"ATP - Kitzbuhel, Austria",Bet365,Alex Molcan,Sebastian Ofner,match_double_faults,9.5,17.0000,,2026-07-20T11:17:36Z,2026-07-21T09:00:00Z,Team Total (Double Faults) Away,7,"{'hdp': 9.5, 'over': '17.00'}"
72960904,2026-07-21,ATP,"ATP - Kitzbuhel, Austria",Bet365,Alex Molcan,Sebastian Ofner,match_double_faults,11.5,26.0000,,2026-07-20T11:17:36Z,2026-07-21T09:00:00Z,Team Total (Double Faults) Away,7,"{'hdp': 11.5, 'over': '26.00'}"
72986384,2026-07-21,WTA,"WTA - Prague, Czech Republic",Bet365,Linda Fruhvirtova,Barbora Krejcikova,match_double_faults,7.5,1.0600,,2026-07-20T11:17:36Z,2026-07-21T09:00:00Z,Totals (Double Faults),8,"{'hdp': 7.5, 'over': '1.06'}"
72986384,2026-07-21,WTA,"WTA - Prague, Czech Republic",Bet365,Linda Fruhvirtova,Barbora Krejcikova,match_double_faults,9.5,1.1800,,2026-07-20T11:17:36Z,2026-07-21T09:00:00Z,Totals (Double Faults),8,"{'hdp': 9.5, 'over': '1.18'}"
72986384,2026-07-21,WTA,"WTA - Prague, Czech Republic",Bet365,Linda Fruhvirtova,Barbora Krejcikova,match_double_faults,11.5,1.4000,,2026-07-20T11:17:36Z,2026-07-21T09:00:00Z,Totals (Double Faults),8,"{'hdp': 11.5, 'over': '1.40'}"
72986384,2026-07-21,WTA,"WTA - Prague, Czech Republic",Bet365,Linda Fruhvirtova,Barbora Krejcikova,match_double_faults,14.5,2.0000,,2026-07-20T11:17:36Z,2026-07-21T09:00:00Z,Totals (Double Faults),8,"{'hdp': 14.5, 'over': '2.00'}"
72986384,2026-07-21,WTA,"WTA - Prague, Czech Republic",Bet365,Linda Fruhvirtova,Barbora Krejcikova,match_double_faults,19.5,5.0000,,2026-07-20T11:17:36Z,2026-07-21T09:00:00Z,Totals (Double Faults),8,"{'hdp': 19.5, 'over': '5.00'}"
72986384,2026-07-21,WTA,"WTA - Prague, Czech Republic",Bet365,Linda Fruhvirtova,Barbora Krejcikova,match_double_faults,24.5,15.0000,,2026-07-20T11:17:36Z,2026-07-21T09:00:00Z,Totals (Double Faults),8,"{'hdp': 24.5, 'over': '15.00'}"
72986384,2026-07-21,WTA,"WTA - Prague, Czech Republic",Bet365,Linda Fruhvirtova,Barbora Krejcikova,match_aces,0.5,1.0400,,2026-07-20T11:17:36Z,2026-07-21T09:00:00Z,Team Total (Aces) Away,4,"{'hdp': 0.5, 'over': '1.04'}"
72986384,2026-07-21,WTA,"WTA - Prague, Czech Republic",Bet365,Linda Fruhvirtova,Barbora Krejcikova,match_aces,2.5,1.5000,,2026-07-20T11:17:36Z,2026-07-21T09:00:00Z,Team Total (Aces) Away,4,"{'hdp': 2.5, 'over': '1.50'}"
72986384,2026-07-21,WTA,"WTA - Prague, Czech Republic",Bet365,Linda Fruhvirtova,Barbora Krejcikova,match_aces,4.5,3.0000,,2026-07-20T11:17:36Z,2026-07-21T09:00:00Z,Team Total (Aces) Away,4,"{'hdp': 4.5, 'over': '3.00'}"
72986384,2026-07-21,WTA,"WTA - Prague, Czech Republic",Bet365,Linda Fruhvirtova,Barbora Krejcikova,match_aces,9.5,26.0000,,2026-07-20T11:17:36Z,2026-07-21T09:00:00Z,Team Total (Aces) Away,4,"{'hdp': 9.5, 'over': '26.00'}"
72986384,2026-07-21,WTA,"WTA - Prague, Czech Republic",Bet365,Linda Fruhvirtova,Barbora Krejcikova,match_double_faults,2.5,1.0100,,2026-07-20T11:17:36Z,2026-07-21T09:00:00Z,Team Total (Double Faults) Home,9,"{'hdp': 2.5, 'over': '1.01'}"
72986384,2026-07-21,WTA,"WTA - Prague, Czech Republic",Bet365,Linda Fruhvirtova,Barbora Krejcikova,match_double_faults,4.5,1.1100,,2026-07-20T11:17:36Z,2026-07-21T09:00:00Z,Team Total (Double Faults) Home,9,"{'hdp': 4.5, 'over': '1.11'}"
72986384,2026-07-21,WTA,"WTA - Prague, Czech Republic",Bet365,Linda Fruhvirtova,Barbora Krejcikova,match_double_faults,7.5,1.6600,,2026-07-20T11:17:36Z,2026-07-21T09:00:00Z,Team Total (Double Faults) Home,9,"{'hdp': 7.5, 'over': '1.66'}"
72986384,2026-07-21,WTA,"WTA - Prague, Czech Republic",Bet365,Linda Fruhvirtova,Barbora Krejcikova,match_double_faults,9.5,2.6200,,2026-07-20T11:17:36Z,2026-07-21T09:00:00Z,Team Total (Double Faults) Home,9,"{'hdp': 9.5, 'over': '2.62'}"
72986384,2026-07-21,WTA,"WTA - Prague, Czech Republic",Bet365,Linda Fruhvirtova,Barbora Krejcikova,match_double_faults,11.5,4.5000,,2026-07-20T11:17:36Z,2026-07-21T09:00:00Z,Team Total (Double Faults) Home,9,"{'hdp': 11.5, 'over': '4.50'}"
72986384,2026-07-21,WTA,"WTA - Prague, Czech Republic",Bet365,Linda Fruhvirtova,Barbora Krejcikova,match_double_faults,14.5,13.0000,,2026-07-20T11:17:36Z,2026-07-21T09:00:00Z,Team Total (Double Faults) Home,9,"{'hdp': 14.5, 'over': '13.00'}"
72986384,2026-07-21,WTA,"WTA - Prague, Czech Republic",Bet365,Linda Fruhvirtova,Barbora Krejcikova,match_double_faults,19.5,26.0000,,2026-07-20T11:17:36Z,2026-07-21T09:00:00Z,Team Total (Double Faults) Home,9,"{'hdp': 19.5, 'over': '26.00'}"
72986384,2026-07-21,WTA,"WTA - Prague, Czech Republic",Bet365,Linda Fruhvirtova,Barbora Krejcikova,match_aces,2.5,1.0600,,2026-07-20T11:17:36Z,2026-07-21T09:00:00Z,Totals (Aces),6,"{'hdp': 2.5, 'over': '1.06'}"
72986384,2026-07-21,WTA,"WTA - Prague, Czech Republic",Bet365,Linda Fruhvirtova,Barbora Krejcikova,match_aces,4.5,1.2500,,2026-07-20T11:17:36Z,2026-07-21T09:00:00Z,Totals (Aces),6,"{'hdp': 4.5, 'over': '1.25'}"
72986384,2026-07-21,WTA,"WTA - Prague, Czech Republic",Bet365,Linda Fruhvirtova,Barbora Krejcikova,match_aces,9.5,3.0000,,2026-07-20T11:17:36Z,2026-07-21T09:00:00Z,Totals (Aces),6,"{'hdp': 9.5, 'over': '3.00'}"
72986384,2026-07-21,WTA,"WTA - Prague, Czech Republic",Bet365,Linda Fruhvirtova,Barbora Krejcikova,match_aces,14.5,11.0000,,2026-07-20T11:17:36Z,2026-07-21T09:00:00Z,Totals (Aces),6,"{'hdp': 14.5, 'over': '11.00'}"
72986384,2026-07-21,WTA,"WTA - Prague, Czech Republic",Bet365,Linda Fruhvirtova,Barbora Krejcikova,match_aces,19.5,26.0000,,2026-07-20T11:17:36Z,2026-07-21T09:00:00Z,Totals (Aces),6,"{'hdp': 19.5, 'over': '26.00'}"
72986384,2026-07-21,WTA,"WTA - Prague, Czech Republic",Bet365,Linda Fruhvirtova,Barbora Krejcikova,match_aces,0.5,1.0400,,2026-07-20T11:17:36Z,2026-07-21T09:00:00Z,Team Total (Aces) Home,5,"{'hdp': 0.5, 'over': '1.04'}"
72986384,2026-07-21,WTA,"WTA - Prague, Czech Republic",Bet365,Linda Fruhvirtova,Barbora Krejcikova,match_aces,2.5,1.4000,,2026-07-20T11:17:36Z,2026-07-21T09:00:00Z,Team Total (Aces) Home,5,"{'hdp': 2.5, 'over': '1.40'}"
72986384,2026-07-21,WTA,"WTA - Prague, Czech Republic",Bet365,Linda Fruhvirtova,Barbora Krejcikova,match_aces,4.5,2.3700,,2026-07-20T11:17:36Z,2026-07-21T09:00:00Z,Team Total (Aces) Home,5,"{'hdp': 4.5, 'over': '2.37'}"
72986384,2026-07-21,WTA,"WTA - Prague, Czech Republic",Bet365,Linda Fruhvirtova,Barbora Krejcikova,match_aces,9.5,13.0000,,2026-07-20T11:17:36Z,2026-07-21T09:00:00Z,Team Total (Aces) Home,5,"{'hdp': 9.5, 'over': '13.00'}"
72986384,2026-07-21,WTA,"WTA - Prague, Czech Republic",Bet365,Linda Fruhvirtova,Barbora Krejcikova,match_aces,14.5,26.0000,,2026-07-20T11:17:36Z,2026-07-21T09:00:00Z,Team Total (Aces) Home,5,"{'hdp': 14.5, 'over': '26.00'}"
72986384,2026-07-21,WTA,"WTA - Prague, Czech Republic",Bet365,Linda Fruhvirtova,Barbora Krejcikova,match_double_faults,1.5,1.0500,,2026-07-20T11:17:36Z,2026-07-21T09:00:00Z,Team Total (Double Faults) Away,9,"{'hdp': 1.5, 'over': '1.05'}"
72986384,2026-07-21,WTA,"WTA - Prague, Czech Republic",Bet365,Linda Fruhvirtova,Barbora Krejcikova,match_double_faults,2.5,1.1400,,2026-07-20T11:17:36Z,2026-07-21T09:00:00Z,Team Total (Double Faults) Away,9,"{'hdp': 2.5, 'over': '1.14'}"
72986384,2026-07-21,WTA,"WTA - Prague, Czech Republic",Bet365,Linda Fruhvirtova,Barbora Krejcikova,match_double_faults,4.5,1.5300,,2026-07-20T11:17:36Z,2026-07-21T09:00:00Z,Team Total (Double Faults) Away,9,"{'hdp': 4.5, 'over': '1.53'}"
72986384,2026-07-21,WTA,"WTA - Prague, Czech Republic",Bet365,Linda Fruhvirtova,Barbora Krejcikova,match_double_faults,7.5,3.0000,,2026-07-20T11:17:36Z,2026-07-21T09:00:00Z,Team Total (Double Faults) Away,9,"{'hdp': 7.5, 'over': '3.00'}"
72986384,2026-07-21,WTA,"WTA - Prague, Czech Republic",Bet365,Linda Fruhvirtova,Barbora Krejcikova,match_double_faults,9.5,5.5000,,2026-07-20T11:17:36Z,2026-07-21T09:00:00Z,Team Total (Double Faults) Away,9,"{'hdp': 9.5, 'over': '5.50'}"
72986384,2026-07-21,WTA,"WTA - Prague, Czech Republic",Bet365,Linda Fruhvirtova,Barbora Krejcikova,match_double_faults,11.5,10.0000,,2026-07-20T11:17:36Z,2026-07-21T09:00:00Z,Team Total (Double Faults) Away,9,"{'hdp': 11.5, 'over': '10.00'}"
72986384,2026-07-21,WTA,"WTA - Prague, Czech Republic",Bet365,Linda Fruhvirtova,Barbora Krejcikova,match_double_faults,14.5,23.0000,,2026-07-20T11:17:36Z,2026-07-21T09:00:00Z,Team Total (Double Faults) Away,9,"{'hdp': 14.5, 'over': '23.00'}"
72986384,2026-07-21,WTA,"WTA - Prague, Czech Republic",Bet365,Linda Fruhvirtova,Barbora Krejcikova,match_double_faults,19.5,26.0000,,2026-07-20T11:17:36Z,2026-07-21T09:00:00Z,Team Total (Double Faults) Away,9,"{'hdp': 19.5, 'over': '26.00'}"
72986388,2026-07-21,WTA,"WTA - Prague, Czech Republic",Bet365,Xinyu Gao,Lilli Tagger,match_double_faults,4.5,1.0400,,2026-07-20T11:17:36Z,2026-07-21T09:00:00Z,Totals (Double Faults),9,"{'hdp': 4.5, 'over': '1.04'}"
72986388,2026-07-21,WTA,"WTA - Prague, Czech Republic",Bet365,Xinyu Gao,Lilli Tagger,match_double_faults,7.5,1.2500,,2026-07-20T11:17:36Z,2026-07-21T09:00:00Z,Totals (Double Faults),9,"{'hdp': 7.5, 'over': '1.25'}"
72986388,2026-07-21,WTA,"WTA - Prague, Czech Republic",Bet365,Xinyu Gao,Lilli Tagger,match_double_faults,9.5,1.6600,,2026-07-20T11:17:36Z,2026-07-21T09:00:00Z,Totals (Double Faults),9,"{'hdp': 9.5, 'over': '1.66'}"
72986388,2026-07-21,WTA,"WTA - Prague, Czech Republic",Bet365,Xinyu Gao,Lilli Tagger,match_double_faults,11.5,2.3700,,2026-07-20T11:17:36Z,2026-07-21T09:00:00Z,Totals (Double Faults),9,"{'hdp': 11.5, 'over': '2.37'}"
72986388,2026-07-21,WTA,"WTA - Prague, Czech Republic",Bet365,Xinyu Gao,Lilli Tagger,match_double_faults,14.5,5.0000,,2026-07-20T11:17:36Z,2026-07-21T09:00:00Z,Totals (Double Faults),9,"{'hdp': 14.5, 'over': '5.00'}"
72986388,2026-07-21,WTA,"WTA - Prague, Czech Republic",Bet365,Xinyu Gao,Lilli Tagger,match_double_faults,19.5,21.0000,,2026-07-20T11:17:36Z,2026-07-21T09:00:00Z,Totals (Double Faults),9,"{'hdp': 19.5, 'over': '21.00'}"
72986388,2026-07-21,WTA,"WTA - Prague, Czech Republic",Bet365,Xinyu Gao,Lilli Tagger,match_double_faults,24.5,26.0000,,2026-07-20T11:17:36Z,2026-07-21T09:00:00Z,Totals (Double Faults),9,"{'hdp': 24.5, 'over': '26.00'}"
72986388,2026-07-21,WTA,"WTA - Prague, Czech Republic",Bet365,Xinyu Gao,Lilli Tagger,match_aces,0.5,1.0100,,2026-07-20T11:17:36Z,2026-07-21T09:00:00Z,Team Total (Aces) Away,5,"{'hdp': 0.5, 'over': '1.01'}"
72986388,2026-07-21,WTA,"WTA - Prague, Czech Republic",Bet365,Xinyu Gao,Lilli Tagger,match_aces,2.5,1.2000,,2026-07-20T11:17:36Z,2026-07-21T09:00:00Z,Team Total (Aces) Away,5,"{'hdp': 2.5, 'over': '1.20'}"
72986388,2026-07-21,WTA,"WTA - Prague, Czech Republic",Bet365,Xinyu Gao,Lilli Tagger,match_aces,4.5,1.7200,,2026-07-20T11:17:36Z,2026-07-21T09:00:00Z,Team Total (Aces) Away,5,"{'hdp': 4.5, 'over': '1.72'}"
72986388,2026-07-21,WTA,"WTA - Prague, Czech Republic",Bet365,Xinyu Gao,Lilli Tagger,match_aces,9.5,8.0000,,2026-07-20T11:17:36Z,2026-07-21T09:00:00Z,Team Total (Aces) Away,5,"{'hdp': 9.5, 'over': '8.00'}"
72986388,2026-07-21,WTA,"WTA - Prague, Czech Republic",Bet365,Xinyu Gao,Lilli Tagger,match_aces,14.5,26.0000,,2026-07-20T11:17:36Z,2026-07-21T09:00:00Z,Team Total (Aces) Away,5,"{'hdp': 14.5, 'over': '26.00'}"
72986388,2026-07-21,WTA,"WTA - Prague, Czech Republic",Bet365,Xinyu Gao,Lilli Tagger,match_aces,0.5,1.0800,,2026-07-20T11:17:36Z,2026-07-21T09:00:00Z,Team Total (Aces) Home,4,"{'hdp': 0.5, 'over': '1.08'}"
72986388,2026-07-21,WTA,"WTA - Prague, Czech Republic",Bet365,Xinyu Gao,Lilli Tagger,match_aces,2.5,1.8300,,2026-07-20T11:17:36Z,2026-07-21T09:00:00Z,Team Total (Aces) Home,4,"{'hdp': 2.5, 'over': '1.83'}"
72986388,2026-07-21,WTA,"WTA - Prague, Czech Republic",Bet365,Xinyu Gao,Lilli Tagger,match_aces,4.5,4.5000,,2026-07-20T11:17:36Z,2026-07-21T09:00:00Z,Team Total (Aces) Home,4,"{'hdp': 4.5, 'over': '4.50'}"
72986388,2026-07-21,WTA,"WTA - Prague, Czech Republic",Bet365,Xinyu Gao,Lilli Tagger,match_aces,9.5,26.0000,,2026-07-20T11:17:36Z,2026-07-21T09:00:00Z,Team Total (Aces) Home,4,"{'hdp': 9.5, 'over': '26.00'}"
72986388,2026-07-21,WTA,"WTA - Prague, Czech Republic",Bet365,Xinyu Gao,Lilli Tagger,match_aces,2.5,1.0400,,2026-07-20T11:17:36Z,2026-07-21T09:00:00Z,Totals (Aces),6,"{'hdp': 2.5, 'over': '1.04'}"
72986388,2026-07-21,WTA,"WTA - Prague, Czech Republic",Bet365,Xinyu Gao,Lilli Tagger,match_aces,4.5,1.2200,,2026-07-20T11:17:36Z,2026-07-21T09:00:00Z,Totals (Aces),6,"{'hdp': 4.5, 'over': '1.22'}"
72986388,2026-07-21,WTA,"WTA - Prague, Czech Republic",Bet365,Xinyu Gao,Lilli Tagger,match_aces,9.5,2.7500,,2026-07-20T11:17:36Z,2026-07-21T09:00:00Z,Totals (Aces),6,"{'hdp': 9.5, 'over': '2.75'}"
72986388,2026-07-21,WTA,"WTA - Prague, Czech Republic",Bet365,Xinyu Gao,Lilli Tagger,match_aces,14.5,10.0000,,2026-07-20T11:17:36Z,2026-07-21T09:00:00Z,Totals (Aces),6,"{'hdp': 14.5, 'over': '10.00'}"
72986388,2026-07-21,WTA,"WTA - Prague, Czech Republic",Bet365,Xinyu Gao,Lilli Tagger,match_aces,19.5,26.0000,,2026-07-20T11:17:36Z,2026-07-21T09:00:00Z,Totals (Aces),6,"{'hdp': 19.5, 'over': '26.00'}"
72986388,2026-07-21,WTA,"WTA - Prague, Czech Republic",Bet365,Xinyu Gao,Lilli Tagger,match_double_faults,1.5,1.0400,,2026-07-20T11:17:36Z,2026-07-21T09:00:00Z,Team Total (Double Faults) Away,8,"{'hdp': 1.5, 'over': '1.04'}"
72986388,2026-07-21,WTA,"WTA - Prague, Czech Republic",Bet365,Xinyu Gao,Lilli Tagger,match_double_faults,2.5,1.1400,,2026-07-20T11:17:36Z,2026-07-21T09:00:00Z,Team Total (Double Faults) Away,8,"{'hdp': 2.5, 'over': '1.14'}"
72986388,2026-07-21,WTA,"WTA - Prague, Czech Republic",Bet365,Xinyu Gao,Lilli Tagger,match_double_faults,4.5,1.6100,,2026-07-20T11:17:36Z,2026-07-21T09:00:00Z,Team Total (Double Faults) Away,8,"{'hdp': 4.5, 'over': '1.61'}"
72986388,2026-07-21,WTA,"WTA - Prague, Czech Republic",Bet365,Xinyu Gao,Lilli Tagger,match_double_faults,7.5,4.0000,,2026-07-20T11:17:36Z,2026-07-21T09:00:00Z,Team Total (Double Faults) Away,8,"{'hdp': 7.5, 'over': '4.00'}"
72986388,2026-07-21,WTA,"WTA - Prague, Czech Republic",Bet365,Xinyu Gao,Lilli Tagger,match_double_faults,9.5,9.0000,,2026-07-20T11:17:36Z,2026-07-21T09:00:00Z,Team Total (Double Faults) Away,8,"{'hdp': 9.5, 'over': '9.00'}"
72986388,2026-07-21,WTA,"WTA - Prague, Czech Republic",Bet365,Xinyu Gao,Lilli Tagger,match_double_faults,11.5,19.0000,,2026-07-20T11:17:36Z,2026-07-21T09:00:00Z,Team Total (Double Faults) Away,8,"{'hdp': 11.5, 'over': '19.00'}"
72986388,2026-07-21,WTA,"WTA - Prague, Czech Republic",Bet365,Xinyu Gao,Lilli Tagger,match_double_faults,14.5,26.0000,,2026-07-20T11:17:36Z,2026-07-21T09:00:00Z,Team Total (Double Faults) Away,8,"{'hdp': 14.5, 'over': '26.00'}"
72986388,2026-07-21,WTA,"WTA - Prague, Czech Republic",Bet365,Xinyu Gao,Lilli Tagger,match_double_faults,1.5,1.0400,,2026-07-20T11:17:36Z,2026-07-21T09:00:00Z,Team Total (Double Faults) Home,7,"{'hdp': 1.5, 'over': '1.04'}"
72986388,2026-07-21,WTA,"WTA - Prague, Czech Republic",Bet365,Xinyu Gao,Lilli Tagger,match_double_faults,2.5,1.1400,,2026-07-20T11:17:36Z,2026-07-21T09:00:00Z,Team Total (Double Faults) Home,7,"{'hdp': 2.5, 'over': '1.14'}"
72986388,2026-07-21,WTA,"WTA - Prague, Czech Republic",Bet365,Xinyu Gao,Lilli Tagger,match_double_faults,4.5,1.7200,,2026-07-20T11:17:36Z,2026-07-21T09:00:00Z,Team Total (Double Faults) Home,7,"{'hdp': 4.5, 'over': '1.72'}"
72986388,2026-07-21,WTA,"WTA - Prague, Czech Republic",Bet365,Xinyu Gao,Lilli Tagger,match_double_faults,7.5,4.5000,,2026-07-20T11:17:36Z,2026-07-21T09:00:00Z,Team Total (Double Faults) Home,7,"{'hdp': 7.5, 'over': '4.50'}"
72986388,2026-07-21,WTA,"WTA - Prague, Czech Republic",Bet365,Xinyu Gao,Lilli Tagger,match_double_faults,9.5,11.0000,,2026-07-20T11:17:36Z,2026-07-21T09:00:00Z,Team Total (Double Faults) Home,7,"{'hdp': 9.5, 'over': '11.00'}"
72986388,2026-07-21,WTA,"WTA - Prague, Czech Republic",Bet365,Xinyu Gao,Lilli Tagger,match_double_faults,11.5,26.0000,,2026-07-20T11:17:36Z,2026-07-21T09:00:00Z,Team Total (Double Faults) Home,7,"{'hdp': 11.5, 'over': '26.00'}"
72982480,2026-07-21,WTA,"WTA - Hamburg, Germany",Bet365,Oleksandra Oliynykova,Nastasja Schunk,match_double_faults,1.5,1.0400,,2026-07-20T11:17:36Z,2026-07-21T08:00:00Z,Team Total (Double Faults) Away,7,"{'hdp': 1.5, 'over': '1.04'}"
72982480,2026-07-21,WTA,"WTA - Hamburg, Germany",Bet365,Oleksandra Oliynykova,Nastasja Schunk,match_double_faults,2.5,1.1400,,2026-07-20T11:17:36Z,2026-07-21T08:00:00Z,Team Total (Double Faults) Away,7,"{'hdp': 2.5, 'over': '1.14'}"
72982480,2026-07-21,WTA,"WTA - Hamburg, Germany",Bet365,Oleksandra Oliynykova,Nastasja Schunk,match_double_faults,4.5,1.6600,,2026-07-20T11:17:36Z,2026-07-21T08:00:00Z,Team Total (Double Faults) Away,7,"{'hdp': 4.5, 'over': '1.66'}"
72982480,2026-07-21,WTA,"WTA - Hamburg, Germany",Bet365,Oleksandra Oliynykova,Nastasja Schunk,match_double_faults,7.5,4.5000,,2026-07-20T11:17:36Z,2026-07-21T08:00:00Z,Team Total (Double Faults) Away,7,"{'hdp': 7.5, 'over': '4.50'}"
72982480,2026-07-21,WTA,"WTA - Hamburg, Germany",Bet365,Oleksandra Oliynykova,Nastasja Schunk,match_double_faults,9.5,11.0000,,2026-07-20T11:17:36Z,2026-07-21T08:00:00Z,Team Total (Double Faults) Away,7,"{'hdp': 9.5, 'over': '11.00'}"
72982480,2026-07-21,WTA,"WTA - Hamburg, Germany",Bet365,Oleksandra Oliynykova,Nastasja Schunk,match_double_faults,11.5,26.0000,,2026-07-20T11:17:36Z,2026-07-21T08:00:00Z,Team Total (Double Faults) Away,7,"{'hdp': 11.5, 'over': '26.00'}"
72982480,2026-07-21,WTA,"WTA - Hamburg, Germany",Bet365,Oleksandra Oliynykova,Nastasja Schunk,match_double_faults,4.5,1.0800,,2026-07-20T11:17:36Z,2026-07-21T08:00:00Z,Totals (Double Faults),8,"{'hdp': 4.5, 'over': '1.08'}"
72982480,2026-07-21,WTA,"WTA - Hamburg, Germany",Bet365,Oleksandra Oliynykova,Nastasja Schunk,match_double_faults,7.5,1.5000,,2026-07-20T11:17:36Z,2026-07-21T08:00:00Z,Totals (Double Faults),8,"{'hdp': 7.5, 'over': '1.50'}"
72982480,2026-07-21,WTA,"WTA - Hamburg, Germany",Bet365,Oleksandra Oliynykova,Nastasja Schunk,match_double_faults,9.5,2.2000,,2026-07-20T11:17:36Z,2026-07-21T08:00:00Z,Totals (Double Faults),8,"{'hdp': 9.5, 'over': '2.20'}"
72982480,2026-07-21,WTA,"WTA - Hamburg, Germany",Bet365,Oleksandra Oliynykova,Nastasja Schunk,match_double_faults,11.5,3.5000,,2026-07-20T11:17:36Z,2026-07-21T08:00:00Z,Totals (Double Faults),8,"{'hdp': 11.5, 'over': '3.50'}"
72982480,2026-07-21,WTA,"WTA - Hamburg, Germany",Bet365,Oleksandra Oliynykova,Nastasja Schunk,match_double_faults,14.5,9.0000,,2026-07-20T11:17:36Z,2026-07-21T08:00:00Z,Totals (Double Faults),8,"{'hdp': 14.5, 'over': '9.00'}"
72982480,2026-07-21,WTA,"WTA - Hamburg, Germany",Bet365,Oleksandra Oliynykova,Nastasja Schunk,match_double_faults,19.5,26.0000,,2026-07-20T11:17:36Z,2026-07-21T08:00:00Z,Totals (Double Faults),8,"{'hdp': 19.5, 'over': '26.00'}"
72982480,2026-07-21,WTA,"WTA - Hamburg, Germany",Bet365,Oleksandra Oliynykova,Nastasja Schunk,match_aces,0.5,1.1100,,2026-07-20T11:17:36Z,2026-07-21T08:00:00Z,Team Total (Aces) Home,4,"{'hdp': 0.5, 'over': '1.11'}"
72982480,2026-07-21,WTA,"WTA - Hamburg, Germany",Bet365,Oleksandra Oliynykova,Nastasja Schunk,match_aces,2.5,2.2000,,2026-07-20T11:17:36Z,2026-07-21T08:00:00Z,Team Total (Aces) Home,4,"{'hdp': 2.5, 'over': '2.20'}"
72982480,2026-07-21,WTA,"WTA - Hamburg, Germany",Bet365,Oleksandra Oliynykova,Nastasja Schunk,match_aces,4.5,6.5000,,2026-07-20T11:17:36Z,2026-07-21T08:00:00Z,Team Total (Aces) Home,4,"{'hdp': 4.5, 'over': '6.50'}"
72982480,2026-07-21,WTA,"WTA - Hamburg, Germany",Bet365,Oleksandra Oliynykova,Nastasja Schunk,match_aces,9.5,26.0000,,2026-07-20T11:17:36Z,2026-07-21T08:00:00Z,Team Total (Aces) Home,4,"{'hdp': 9.5, 'over': '26.00'}"
72982480,2026-07-21,WTA,"WTA - Hamburg, Germany",Bet365,Oleksandra Oliynykova,Nastasja Schunk,match_double_faults,1.5,1.1400,,2026-07-20T11:17:36Z,2026-07-21T08:00:00Z,Team Total (Double Faults) Home,7,"{'hdp': 1.5, 'over': '1.14'}"
72982480,2026-07-21,WTA,"WTA - Hamburg, Germany",Bet365,Oleksandra Oliynykova,Nastasja Schunk,match_double_faults,2.5,1.3600,,2026-07-20T11:17:36Z,2026-07-21T08:00:00Z,Team Total (Double Faults) Home,7,"{'hdp': 2.5, 'over': '1.36'}"
72982480,2026-07-21,WTA,"WTA - Hamburg, Germany",Bet365,Oleksandra Oliynykova,Nastasja Schunk,match_double_faults,4.5,2.5000,,2026-07-20T11:17:36Z,2026-07-21T08:00:00Z,Team Total (Double Faults) Home,7,"{'hdp': 4.5, 'over': '2.50'}"
72982480,2026-07-21,WTA,"WTA - Hamburg, Germany",Bet365,Oleksandra Oliynykova,Nastasja Schunk,match_double_faults,7.5,9.0000,,2026-07-20T11:17:36Z,2026-07-21T08:00:00Z,Team Total (Double Faults) Home,7,"{'hdp': 7.5, 'over': '9.00'}"
72982480,2026-07-21,WTA,"WTA - Hamburg, Germany",Bet365,Oleksandra Oliynykova,Nastasja Schunk,match_double_faults,9.5,21.0000,,2026-07-20T11:17:36Z,2026-07-21T08:00:00Z,Team Total (Double Faults) Home,7,"{'hdp': 9.5, 'over': '21.00'}"
72982480,2026-07-21,WTA,"WTA - Hamburg, Germany",Bet365,Oleksandra Oliynykova,Nastasja Schunk,match_double_faults,0.5,1.0200,,2026-07-20T11:17:36Z,2026-07-21T08:00:00Z,Team Total (Double Faults) Home,7,"{'hdp': 0.5, 'over': '1.02'}"
72982480,2026-07-21,WTA,"WTA - Hamburg, Germany",Bet365,Oleksandra Oliynykova,Nastasja Schunk,match_double_faults,11.5,26.0000,,2026-07-20T11:17:36Z,2026-07-21T08:00:00Z,Team Total (Double Faults) Home,7,"{'hdp': 11.5, 'over': '26.00'}"
72982480,2026-07-21,WTA,"WTA - Hamburg, Germany",Bet365,Oleksandra Oliynykova,Nastasja Schunk,match_aces,0.5,1.0100,,2026-07-20T11:17:36Z,2026-07-21T08:00:00Z,Totals (Aces),5,"{'hdp': 0.5, 'over': '1.01'}"
72982480,2026-07-21,WTA,"WTA - Hamburg, Germany",Bet365,Oleksandra Oliynykova,Nastasja Schunk,match_aces,2.5,1.2500,,2026-07-20T11:17:36Z,2026-07-21T08:00:00Z,Totals (Aces),5,"{'hdp': 2.5, 'over': '1.25'}"
72982480,2026-07-21,WTA,"WTA - Hamburg, Germany",Bet365,Oleksandra Oliynykova,Nastasja Schunk,match_aces,4.5,2.0000,,2026-07-20T11:17:36Z,2026-07-21T08:00:00Z,Totals (Aces),5,"{'hdp': 4.5, 'over': '2.00'}"
72982480,2026-07-21,WTA,"WTA - Hamburg, Germany",Bet365,Oleksandra Oliynykova,Nastasja Schunk,match_aces,9.5,13.0000,,2026-07-20T11:17:36Z,2026-07-21T08:00:00Z,Totals (Aces),5,"{'hdp': 9.5, 'over': '13.00'}"
72982480,2026-07-21,WTA,"WTA - Hamburg, Germany",Bet365,Oleksandra Oliynykova,Nastasja Schunk,match_aces,14.5,26.0000,,2026-07-20T11:17:36Z,2026-07-21T08:00:00Z,Totals (Aces),5,"{'hdp': 14.5, 'over': '26.00'}"
72982480,2026-07-21,WTA,"WTA - Hamburg, Germany",Bet365,Oleksandra Oliynykova,Nastasja Schunk,match_aces,0.5,1.1400,,2026-07-20T11:17:36Z,2026-07-21T08:00:00Z,Team Total (Aces) Away,4,"{'hdp': 0.5, 'over': '1.14'}"
72982480,2026-07-21,WTA,"WTA - Hamburg, Germany",Bet365,Oleksandra Oliynykova,Nastasja Schunk,match_aces,2.5,2.5000,,2026-07-20T11:17:36Z,2026-07-21T08:00:00Z,Team Total (Aces) Away,4,"{'hdp': 2.5, 'over': '2.50'}"
72982480,2026-07-21,WTA,"WTA - Hamburg, Germany",Bet365,Oleksandra Oliynykova,Nastasja Schunk,match_aces,4.5,8.0000,,2026-07-20T11:17:36Z,2026-07-21T08:00:00Z,Team Total (Aces) Away,4,"{'hdp': 4.5, 'over': '8.00'}"
72982480,2026-07-21,WTA,"WTA - Hamburg, Germany",Bet365,Oleksandra Oliynykova,Nastasja Schunk,match_aces,9.5,26.0000,,2026-07-20T11:17:36Z,2026-07-21T08:00:00Z,Team Total (Aces) Away,4,"{'hdp': 9.5, 'over': '26.00'}"
72960898,2026-07-21,ATP,"ATP - Kitzbuhel, Austria",Bet365,Juan Manuel Cerundolo,Marco Trungelliti,match_aces,4.5,1.0200,,2026-07-20T11:17:36Z,2026-07-21T09:00:00Z,Totals (Aces),8,"{'hdp': 4.5, 'over': '1.02'}"
72960898,2026-07-21,ATP,"ATP - Kitzbuhel, Austria",Bet365,Juan Manuel Cerundolo,Marco Trungelliti,match_aces,9.5,1.2500,,2026-07-20T11:17:36Z,2026-07-21T09:00:00Z,Totals (Aces),8,"{'hdp': 9.5, 'over': '1.25'}"
72960898,2026-07-21,ATP,"ATP - Kitzbuhel, Austria",Bet365,Juan Manuel Cerundolo,Marco Trungelliti,match_aces,14.5,1.8300,,2026-07-20T11:17:36Z,2026-07-21T09:00:00Z,Totals (Aces),8,"{'hdp': 14.5, 'over': '1.83'}"
72960898,2026-07-21,ATP,"ATP - Kitzbuhel, Austria",Bet365,Juan Manuel Cerundolo,Marco Trungelliti,match_aces,19.5,3.5000,,2026-07-20T11:17:36Z,2026-07-21T09:00:00Z,Totals (Aces),8,"{'hdp': 19.5, 'over': '3.50'}"
72960898,2026-07-21,ATP,"ATP - Kitzbuhel, Austria",Bet365,Juan Manuel Cerundolo,Marco Trungelliti,match_aces,24.5,7.0000,,2026-07-20T11:17:36Z,2026-07-21T09:00:00Z,Totals (Aces),8,"{'hdp': 24.5, 'over': '7.00'}"
72960898,2026-07-21,ATP,"ATP - Kitzbuhel, Austria",Bet365,Juan Manuel Cerundolo,Marco Trungelliti,match_aces,29.5,15.0000,,2026-07-20T11:17:36Z,2026-07-21T09:00:00Z,Totals (Aces),8,"{'hdp': 29.5, 'over': '15.00'}"
72960898,2026-07-21,ATP,"ATP - Kitzbuhel, Austria",Bet365,Juan Manuel Cerundolo,Marco Trungelliti,match_aces,39.5,26.0000,,2026-07-20T11:17:36Z,2026-07-21T09:00:00Z,Totals (Aces),8,"{'hdp': 39.5, 'over': '26.00'}"
72960898,2026-07-21,ATP,"ATP - Kitzbuhel, Austria",Bet365,Juan Manuel Cerundolo,Marco Trungelliti,match_aces,2.5,1.1200,,2026-07-20T11:17:36Z,2026-07-21T09:00:00Z,Team Total (Aces) Away,6,"{'hdp': 2.5, 'over': '1.12'}"
72960898,2026-07-21,ATP,"ATP - Kitzbuhel, Austria",Bet365,Juan Manuel Cerundolo,Marco Trungelliti,match_aces,4.5,1.5000,,2026-07-20T11:17:36Z,2026-07-21T09:00:00Z,Team Total (Aces) Away,6,"{'hdp': 4.5, 'over': '1.50'}"
72960898,2026-07-21,ATP,"ATP - Kitzbuhel, Austria",Bet365,Juan Manuel Cerundolo,Marco Trungelliti,match_aces,14.5,19.0000,,2026-07-20T11:17:36Z,2026-07-21T09:00:00Z,Team Total (Aces) Away,6,"{'hdp': 14.5, 'over': '19.00'}"
72960898,2026-07-21,ATP,"ATP - Kitzbuhel, Austria",Bet365,Juan Manuel Cerundolo,Marco Trungelliti,match_aces,19.5,26.0000,,2026-07-20T11:17:36Z,2026-07-21T09:00:00Z,Team Total (Aces) Away,6,"{'hdp': 19.5, 'over': '26.00'}"
72960898,2026-07-21,ATP,"ATP - Kitzbuhel, Austria",Bet365,Juan Manuel Cerundolo,Marco Trungelliti,match_aces,9.5,4.5000,,2026-07-20T11:17:36Z,2026-07-21T09:00:00Z,Team Total (Aces) Away,6,"{'hdp': 9.5, 'over': '4.50'}"
72960898,2026-07-21,ATP,"ATP - Kitzbuhel, Austria",Bet365,Juan Manuel Cerundolo,Marco Trungelliti,match_aces,2.5,1.0400,,2026-07-20T11:17:36Z,2026-07-21T09:00:00Z,Team Total (Aces) Home,7,"{'hdp': 2.5, 'over': '1.04'}"
72960898,2026-07-21,ATP,"ATP - Kitzbuhel, Austria",Bet365,Juan Manuel Cerundolo,Marco Trungelliti,match_aces,4.5,1.1800,,2026-07-20T11:17:36Z,2026-07-21T09:00:00Z,Team Total (Aces) Home,7,"{'hdp': 4.5, 'over': '1.18'}"
72960898,2026-07-21,ATP,"ATP - Kitzbuhel, Austria",Bet365,Juan Manuel Cerundolo,Marco Trungelliti,match_aces,9.5,2.2500,,2026-07-20T11:17:36Z,2026-07-21T09:00:00Z,Team Total (Aces) Home,7,"{'hdp': 9.5, 'over': '2.25'}"
72960898,2026-07-21,ATP,"ATP - Kitzbuhel, Austria",Bet365,Juan Manuel Cerundolo,Marco Trungelliti,match_aces,14.5,6.5000,,2026-07-20T11:17:36Z,2026-07-21T09:00:00Z,Team Total (Aces) Home,7,"{'hdp': 14.5, 'over': '6.50'}"
72960898,2026-07-21,ATP,"ATP - Kitzbuhel, Austria",Bet365,Juan Manuel Cerundolo,Marco Trungelliti,match_aces,19.5,19.0000,,2026-07-20T11:17:36Z,2026-07-21T09:00:00Z,Team Total (Aces) Home,7,"{'hdp': 19.5, 'over': '19.00'}"
72960898,2026-07-21,ATP,"ATP - Kitzbuhel, Austria",Bet365,Juan Manuel Cerundolo,Marco Trungelliti,match_aces,24.5,26.0000,,2026-07-20T11:17:36Z,2026-07-21T09:00:00Z,Team Total (Aces) Home,7,"{'hdp': 24.5, 'over': '26.00'}"
72960894,2026-07-21,ATP,"ATP - Kitzbuhel, Austria",Bet365,Sebastian Baez,Miomir Kecmanovic,match_aces,4.5,1.0300,,2026-07-20T11:17:36Z,2026-07-21T09:00:00Z,Totals (Aces),7,"{'hdp': 4.5, 'over': '1.03'}"
72960894,2026-07-21,ATP,"ATP - Kitzbuhel, Austria",Bet365,Sebastian Baez,Miomir Kecmanovic,match_aces,9.5,1.3600,,2026-07-20T11:17:36Z,2026-07-21T09:00:00Z,Totals (Aces),7,"{'hdp': 9.5, 'over': '1.36'}"
72960894,2026-07-21,ATP,"ATP - Kitzbuhel, Austria",Bet365,Sebastian Baez,Miomir Kecmanovic,match_aces,14.5,2.3700,,2026-07-20T11:17:36Z,2026-07-21T09:00:00Z,Totals (Aces),7,"{'hdp': 14.5, 'over': '2.37'}"
72960894,2026-07-21,ATP,"ATP - Kitzbuhel, Austria",Bet365,Sebastian Baez,Miomir Kecmanovic,match_aces,19.5,5.0000,,2026-07-20T11:17:36Z,2026-07-21T09:00:00Z,Totals (Aces),7,"{'hdp': 19.5, 'over': '5.00'}"
72960894,2026-07-21,ATP,"ATP - Kitzbuhel, Austria",Bet365,Sebastian Baez,Miomir Kecmanovic,match_aces,24.5,11.0000,,2026-07-20T11:17:36Z,2026-07-21T09:00:00Z,Totals (Aces),7,"{'hdp': 24.5, 'over': '11.00'}"
72960894,2026-07-21,ATP,"ATP - Kitzbuhel, Austria",Bet365,Sebastian Baez,Miomir Kecmanovic,match_aces,29.5,26.0000,,2026-07-20T11:17:36Z,2026-07-21T09:00:00Z,Totals (Aces),7,"{'hdp': 29.5, 'over': '26.00'}"
72960894,2026-07-21,ATP,"ATP - Kitzbuhel, Austria",Bet365,Sebastian Baez,Miomir Kecmanovic,match_aces,2.5,1.1400,,2026-07-20T11:17:36Z,2026-07-21T09:00:00Z,Team Total (Aces) Home,6,"{'hdp': 2.5, 'over': '1.14'}"
72960894,2026-07-21,ATP,"ATP - Kitzbuhel, Austria",Bet365,Sebastian Baez,Miomir Kecmanovic,match_aces,4.5,1.5300,,2026-07-20T11:17:36Z,2026-07-21T09:00:00Z,Team Total (Aces) Home,6,"{'hdp': 4.5, 'over': '1.53'}"
72960894,2026-07-21,ATP,"ATP - Kitzbuhel, Austria",Bet365,Sebastian Baez,Miomir Kecmanovic,match_aces,9.5,5.5000,,2026-07-20T11:17:36Z,2026-07-21T09:00:00Z,Team Total (Aces) Home,6,"{'hdp': 9.5, 'over': '5.50'}"
72960894,2026-07-21,ATP,"ATP - Kitzbuhel, Austria",Bet365,Sebastian Baez,Miomir Kecmanovic,match_aces,14.5,23.0000,,2026-07-20T11:17:36Z,2026-07-21T09:00:00Z,Team Total (Aces) Home,6,"{'hdp': 14.5, 'over': '23.00'}"
72960894,2026-07-21,ATP,"ATP - Kitzbuhel, Austria",Bet365,Sebastian Baez,Miomir Kecmanovic,match_aces,19.5,26.0000,,2026-07-20T11:17:36Z,2026-07-21T09:00:00Z,Team Total (Aces) Home,6,"{'hdp': 19.5, 'over': '26.00'}"
72960894,2026-07-21,ATP,"ATP - Kitzbuhel, Austria",Bet365,Sebastian Baez,Miomir Kecmanovic,match_aces,2.5,1.0700,,2026-07-20T11:17:36Z,2026-07-21T09:00:00Z,Team Total (Aces) Away,6,"{'hdp': 2.5, 'over': '1.07'}"
72960894,2026-07-21,ATP,"ATP - Kitzbuhel, Austria",Bet365,Sebastian Baez,Miomir Kecmanovic,match_aces,4.5,1.3000,,2026-07-20T11:17:36Z,2026-07-21T09:00:00Z,Team Total (Aces) Away,6,"{'hdp': 4.5, 'over': '1.30'}"
72960894,2026-07-21,ATP,"ATP - Kitzbuhel, Austria",Bet365,Sebastian Baez,Miomir Kecmanovic,match_aces,9.5,3.2500,,2026-07-20T11:17:36Z,2026-07-21T09:00:00Z,Team Total (Aces) Away,6,"{'hdp': 9.5, 'over': '3.25'}"
72960894,2026-07-21,ATP,"ATP - Kitzbuhel, Austria",Bet365,Sebastian Baez,Miomir Kecmanovic,match_aces,14.5,11.0000,,2026-07-20T11:17:36Z,2026-07-21T09:00:00Z,Team Total (Aces) Away,6,"{'hdp': 14.5, 'over': '11.00'}"
72960894,2026-07-21,ATP,"ATP - Kitzbuhel, Austria",Bet365,Sebastian Baez,Miomir Kecmanovic,match_aces,19.5,26.0000,,2026-07-20T11:17:36Z,2026-07-21T09:00:00Z,Team Total (Aces) Away,6,"{'hdp': 19.5, 'over': '26.00'}"
72969390,2026-07-21,WTA,"WTA - Prague, Czech Republic",Bet365,Anna Blinkova,Sara Bejlek,match_aces,0.5,1.1600,,2026-07-20T11:17:36Z,2026-07-21T09:00:00Z,Team Total (Aces) Away,3,"{'hdp': 0.5, 'over': '1.16'}"
72969390,2026-07-21,WTA,"WTA - Prague, Czech Republic",Bet365,Anna Blinkova,Sara Bejlek,match_aces,2.5,2.7500,,2026-07-20T11:17:36Z,2026-07-21T09:00:00Z,Team Total (Aces) Away,3,"{'hdp': 2.5, 'over': '2.75'}"
72969390,2026-07-21,WTA,"WTA - Prague, Czech Republic",Bet365,Anna Blinkova,Sara Bejlek,match_aces,4.5,10.0000,,2026-07-20T11:17:36Z,2026-07-21T09:00:00Z,Team Total (Aces) Away,3,"{'hdp': 4.5, 'over': '10.00'}"
72969390,2026-07-21,WTA,"WTA - Prague, Czech Republic",Bet365,Anna Blinkova,Sara Bejlek,match_double_faults,0.5,1.0100,,2026-07-20T11:17:36Z,2026-07-21T09:00:00Z,Team Total (Double Faults) Home,7,"{'hdp': 0.5, 'over': '1.01'}"
72969390,2026-07-21,WTA,"WTA - Prague, Czech Republic",Bet365,Anna Blinkova,Sara Bejlek,match_double_faults,1.5,1.0700,,2026-07-20T11:17:36Z,2026-07-21T09:00:00Z,Team Total (Double Faults) Home,7,"{'hdp': 1.5, 'over': '1.07'}"
72969390,2026-07-21,WTA,"WTA - Prague, Czech Republic",Bet365,Anna Blinkova,Sara Bejlek,match_double_faults,2.5,1.2200,,2026-07-20T11:17:36Z,2026-07-21T09:00:00Z,Team Total (Double Faults) Home,7,"{'hdp': 2.5, 'over': '1.22'}"
72969390,2026-07-21,WTA,"WTA - Prague, Czech Republic",Bet365,Anna Blinkova,Sara Bejlek,match_double_faults,4.5,1.9000,,2026-07-20T11:17:36Z,2026-07-21T09:00:00Z,Team Total (Double Faults) Home,7,"{'hdp': 4.5, 'over': '1.90'}"
72969390,2026-07-21,WTA,"WTA - Prague, Czech Republic",Bet365,Anna Blinkova,Sara Bejlek,match_double_faults,7.5,6.5000,,2026-07-20T11:17:36Z,2026-07-21T09:00:00Z,Team Total (Double Faults) Home,7,"{'hdp': 7.5, 'over': '6.50'}"
72969390,2026-07-21,WTA,"WTA - Prague, Czech Republic",Bet365,Anna Blinkova,Sara Bejlek,match_double_faults,9.5,17.0000,,2026-07-20T11:17:36Z,2026-07-21T09:00:00Z,Team Total (Double Faults) Home,7,"{'hdp': 9.5, 'over': '17.00'}"
72969390,2026-07-21,WTA,"WTA - Prague, Czech Republic",Bet365,Anna Blinkova,Sara Bejlek,match_double_faults,11.5,26.0000,,2026-07-20T11:17:36Z,2026-07-21T09:00:00Z,Team Total (Double Faults) Home,7,"{'hdp': 11.5, 'over': '26.00'}"
72969390,2026-07-21,WTA,"WTA - Prague, Czech Republic",Bet365,Anna Blinkova,Sara Bejlek,match_double_faults,2.5,1.0100,,2026-07-20T11:17:36Z,2026-07-21T09:00:00Z,Totals (Double Faults),9,"{'hdp': 2.5, 'over': '1.01'}"
72969390,2026-07-21,WTA,"WTA - Prague, Czech Republic",Bet365,Anna Blinkova,Sara Bejlek,match_double_faults,4.5,1.1100,,2026-07-20T11:17:36Z,2026-07-21T09:00:00Z,Totals (Double Faults),9,"{'hdp': 4.5, 'over': '1.11'}"
72969390,2026-07-21,WTA,"WTA - Prague, Czech Republic",Bet365,Anna Blinkova,Sara Bejlek,match_double_faults,7.5,1.6600,,2026-07-20T11:17:36Z,2026-07-21T09:00:00Z,Totals (Double Faults),9,"{'hdp': 7.5, 'over': '1.66'}"
72969390,2026-07-21,WTA,"WTA - Prague, Czech Republic",Bet365,Anna Blinkova,Sara Bejlek,match_double_faults,9.5,2.6200,,2026-07-20T11:17:36Z,2026-07-21T09:00:00Z,Totals (Double Faults),9,"{'hdp': 9.5, 'over': '2.62'}"
72969390,2026-07-21,WTA,"WTA - Prague, Czech Republic",Bet365,Anna Blinkova,Sara Bejlek,match_double_faults,11.5,4.5000,,2026-07-20T11:17:36Z,2026-07-21T09:00:00Z,Totals (Double Faults),9,"{'hdp': 11.5, 'over': '4.50'}"
72969390,2026-07-21,WTA,"WTA - Prague, Czech Republic",Bet365,Anna Blinkova,Sara Bejlek,match_double_faults,14.5,13.0000,,2026-07-20T11:17:36Z,2026-07-21T09:00:00Z,Totals (Double Faults),9,"{'hdp': 14.5, 'over': '13.00'}"
72969390,2026-07-21,WTA,"WTA - Prague, Czech Republic",Bet365,Anna Blinkova,Sara Bejlek,match_double_faults,19.5,26.0000,,2026-07-20T11:17:36Z,2026-07-21T09:00:00Z,Totals (Double Faults),9,"{'hdp': 19.5, 'over': '26.00'}"
72969390,2026-07-21,WTA,"WTA - Prague, Czech Republic",Bet365,Anna Blinkova,Sara Bejlek,match_aces,0.5,1.2500,,2026-07-20T11:17:36Z,2026-07-21T09:00:00Z,Team Total (Aces) Home,3,"{'hdp': 0.5, 'over': '1.25'}"
72969390,2026-07-21,WTA,"WTA - Prague, Czech Republic",Bet365,Anna Blinkova,Sara Bejlek,match_aces,2.5,3.7500,,2026-07-20T11:17:36Z,2026-07-21T09:00:00Z,Team Total (Aces) Home,3,"{'hdp': 2.5, 'over': '3.75'}"
72969390,2026-07-21,WTA,"WTA - Prague, Czech Republic",Bet365,Anna Blinkova,Sara Bejlek,match_aces,4.5,15.0000,,2026-07-20T11:17:36Z,2026-07-21T09:00:00Z,Team Total (Aces) Home,3,"{'hdp': 4.5, 'over': '15.00'}"
72969390,2026-07-21,WTA,"WTA - Prague, Czech Republic",Bet365,Anna Blinkova,Sara Bejlek,match_double_faults,0.5,1.0200,,2026-07-20T11:17:36Z,2026-07-21T09:00:00Z,Team Total (Double Faults) Away,6,"{'hdp': 0.5, 'over': '1.02'}"
72969390,2026-07-21,WTA,"WTA - Prague, Czech Republic",Bet365,Anna Blinkova,Sara Bejlek,match_double_faults,1.5,1.1400,,2026-07-20T11:17:36Z,2026-07-21T09:00:00Z,Team Total (Double Faults) Away,6,"{'hdp': 1.5, 'over': '1.14'}"
72969390,2026-07-21,WTA,"WTA - Prague, Czech Republic",Bet365,Anna Blinkova,Sara Bejlek,match_double_faults,2.5,1.4000,,2026-07-20T11:17:36Z,2026-07-21T09:00:00Z,Team Total (Double Faults) Away,6,"{'hdp': 2.5, 'over': '1.40'}"
72969390,2026-07-21,WTA,"WTA - Prague, Czech Republic",Bet365,Anna Blinkova,Sara Bejlek,match_double_faults,4.5,2.6200,,2026-07-20T11:17:36Z,2026-07-21T09:00:00Z,Team Total (Double Faults) Away,6,"{'hdp': 4.5, 'over': '2.62'}"
72969390,2026-07-21,WTA,"WTA - Prague, Czech Republic",Bet365,Anna Blinkova,Sara Bejlek,match_double_faults,7.5,11.0000,,2026-07-20T11:17:36Z,2026-07-21T09:00:00Z,Team Total (Double Faults) Away,6,"{'hdp': 7.5, 'over': '11.00'}"
72969390,2026-07-21,WTA,"WTA - Prague, Czech Republic",Bet365,Anna Blinkova,Sara Bejlek,match_double_faults,9.5,26.0000,,2026-07-20T11:17:36Z,2026-07-21T09:00:00Z,Team Total (Double Faults) Away,6,"{'hdp': 9.5, 'over': '26.00'}"
72969390,2026-07-21,WTA,"WTA - Prague, Czech Republic",Bet365,Anna Blinkova,Sara Bejlek,match_aces,0.5,1.0300,,2026-07-20T11:17:36Z,2026-07-21T09:00:00Z,Totals (Aces),4,"{'hdp': 0.5, 'over': '1.03'}"
72969390,2026-07-21,WTA,"WTA - Prague, Czech Republic",Bet365,Anna Blinkova,Sara Bejlek,match_aces,2.5,1.4400,,2026-07-20T11:17:36Z,2026-07-21T09:00:00Z,Totals (Aces),4,"{'hdp': 2.5, 'over': '1.44'}"
72969390,2026-07-21,WTA,"WTA - Prague, Czech Republic",Bet365,Anna Blinkova,Sara Bejlek,match_aces,4.5,2.7500,,2026-07-20T11:17:36Z,2026-07-21T09:00:00Z,Totals (Aces),4,"{'hdp': 4.5, 'over': '2.75'}"
72969390,2026-07-21,WTA,"WTA - Prague, Czech Republic",Bet365,Anna Blinkova,Sara Bejlek,match_aces,9.5,26.0000,,2026-07-20T11:17:36Z,2026-07-21T09:00:00Z,Totals (Aces),4,"{'hdp': 9.5, 'over': '26.00'}"
72969392,2026-07-21,WTA,"WTA - Prague, Czech Republic",Bet365,Maria Timofeeva,Aliaksandra Sasnovich,match_double_faults,0.5,1.0100,,2026-07-20T11:17:36Z,2026-07-21T09:00:00Z,Team Total (Double Faults) Home,7,"{'hdp': 0.5, 'over': '1.01'}"
72969392,2026-07-21,WTA,"WTA - Prague, Czech Republic",Bet365,Maria Timofeeva,Aliaksandra Sasnovich,match_double_faults,1.5,1.0700,,2026-07-20T11:17:36Z,2026-07-21T09:00:00Z,Team Total (Double Faults) Home,7,"{'hdp': 1.5, 'over': '1.07'}"
72969392,2026-07-21,WTA,"WTA - Prague, Czech Republic",Bet365,Maria Timofeeva,Aliaksandra Sasnovich,match_double_faults,2.5,1.2200,,2026-07-20T11:17:36Z,2026-07-21T09:00:00Z,Team Total (Double Faults) Home,7,"{'hdp': 2.5, 'over': '1.22'}"
72969392,2026-07-21,WTA,"WTA - Prague, Czech Republic",Bet365,Maria Timofeeva,Aliaksandra Sasnovich,match_double_faults,4.5,2.0000,,2026-07-20T11:17:36Z,2026-07-21T09:00:00Z,Team Total (Double Faults) Home,7,"{'hdp': 4.5, 'over': '2.00'}"
72969392,2026-07-21,WTA,"WTA - Prague, Czech Republic",Bet365,Maria Timofeeva,Aliaksandra Sasnovich,match_double_faults,7.5,6.5000,,2026-07-20T11:17:36Z,2026-07-21T09:00:00Z,Team Total (Double Faults) Home,7,"{'hdp': 7.5, 'over': '6.50'}"
72969392,2026-07-21,WTA,"WTA - Prague, Czech Republic",Bet365,Maria Timofeeva,Aliaksandra Sasnovich,match_double_faults,9.5,17.0000,,2026-07-20T11:17:36Z,2026-07-21T09:00:00Z,Team Total (Double Faults) Home,7,"{'hdp': 9.5, 'over': '17.00'}"
72969392,2026-07-21,WTA,"WTA - Prague, Czech Republic",Bet365,Maria Timofeeva,Aliaksandra Sasnovich,match_double_faults,11.5,26.0000,,2026-07-20T11:17:36Z,2026-07-21T09:00:00Z,Team Total (Double Faults) Home,7,"{'hdp': 11.5, 'over': '26.00'}"
72969392,2026-07-21,WTA,"WTA - Prague, Czech Republic",Bet365,Maria Timofeeva,Aliaksandra Sasnovich,match_aces,0.5,1.0100,,2026-07-20T11:17:36Z,2026-07-21T09:00:00Z,Totals (Aces),5,"{'hdp': 0.5, 'over': '1.01'}"
72969392,2026-07-21,WTA,"WTA - Prague, Czech Republic",Bet365,Maria Timofeeva,Aliaksandra Sasnovich,match_aces,2.5,1.1800,,2026-07-20T11:17:36Z,2026-07-21T09:00:00Z,Totals (Aces),5,"{'hdp': 2.5, 'over': '1.18'}"
72969392,2026-07-21,WTA,"WTA - Prague, Czech Republic",Bet365,Maria Timofeeva,Aliaksandra Sasnovich,match_aces,4.5,1.7200,,2026-07-20T11:17:36Z,2026-07-21T09:00:00Z,Totals (Aces),5,"{'hdp': 4.5, 'over': '1.72'}"
72969392,2026-07-21,WTA,"WTA - Prague, Czech Republic",Bet365,Maria Timofeeva,Aliaksandra Sasnovich,match_aces,9.5,10.0000,,2026-07-20T11:17:36Z,2026-07-21T09:00:00Z,Totals (Aces),5,"{'hdp': 9.5, 'over': '10.00'}"
72969392,2026-07-21,WTA,"WTA - Prague, Czech Republic",Bet365,Maria Timofeeva,Aliaksandra Sasnovich,match_aces,14.5,26.0000,,2026-07-20T11:17:36Z,2026-07-21T09:00:00Z,Totals (Aces),5,"{'hdp': 14.5, 'over': '26.00'}"
72969392,2026-07-21,WTA,"WTA - Prague, Czech Republic",Bet365,Maria Timofeeva,Aliaksandra Sasnovich,match_double_faults,4.5,1.0600,,2026-07-20T11:17:36Z,2026-07-21T09:00:00Z,Totals (Double Faults),8,"{'hdp': 4.5, 'over': '1.06'}"
72969392,2026-07-21,WTA,"WTA - Prague, Czech Republic",Bet365,Maria Timofeeva,Aliaksandra Sasnovich,match_double_faults,7.5,1.4000,,2026-07-20T11:17:36Z,2026-07-21T09:00:00Z,Totals (Double Faults),8,"{'hdp': 7.5, 'over': '1.40'}"
72969392,2026-07-21,WTA,"WTA - Prague, Czech Republic",Bet365,Maria Timofeeva,Aliaksandra Sasnovich,match_double_faults,9.5,2.0000,,2026-07-20T11:17:36Z,2026-07-21T09:00:00Z,Totals (Double Faults),8,"{'hdp': 9.5, 'over': '2.00'}"
72969392,2026-07-21,WTA,"WTA - Prague, Czech Republic",Bet365,Maria Timofeeva,Aliaksandra Sasnovich,match_double_faults,11.5,3.2500,,2026-07-20T11:17:36Z,2026-07-21T09:00:00Z,Totals (Double Faults),8,"{'hdp': 11.5, 'over': '3.25'}"
72969392,2026-07-21,WTA,"WTA - Prague, Czech Republic",Bet365,Maria Timofeeva,Aliaksandra Sasnovich,match_double_faults,14.5,7.0000,,2026-07-20T11:17:36Z,2026-07-21T09:00:00Z,Totals (Double Faults),8,"{'hdp': 14.5, 'over': '7.00'}"
72969392,2026-07-21,WTA,"WTA - Prague, Czech Republic",Bet365,Maria Timofeeva,Aliaksandra Sasnovich,match_double_faults,19.5,26.0000,,2026-07-20T11:17:36Z,2026-07-21T09:00:00Z,Totals (Double Faults),8,"{'hdp': 19.5, 'over': '26.00'}"
72969392,2026-07-21,WTA,"WTA - Prague, Czech Republic",Bet365,Maria Timofeeva,Aliaksandra Sasnovich,match_aces,0.5,1.1100,,2026-07-20T11:17:36Z,2026-07-21T09:00:00Z,Team Total (Aces) Away,4,"{'hdp': 0.5, 'over': '1.11'}"
72969392,2026-07-21,WTA,"WTA - Prague, Czech Republic",Bet365,Maria Timofeeva,Aliaksandra Sasnovich,match_aces,2.5,2.2000,,2026-07-20T11:17:36Z,2026-07-21T09:00:00Z,Team Total (Aces) Away,4,"{'hdp': 2.5, 'over': '2.20'}"
72969392,2026-07-21,WTA,"WTA - Prague, Czech Republic",Bet365,Maria Timofeeva,Aliaksandra Sasnovich,match_aces,4.5,6.5000,,2026-07-20T11:17:36Z,2026-07-21T09:00:00Z,Team Total (Aces) Away,4,"{'hdp': 4.5, 'over': '6.50'}"
72969392,2026-07-21,WTA,"WTA - Prague, Czech Republic",Bet365,Maria Timofeeva,Aliaksandra Sasnovich,match_aces,9.5,26.0000,,2026-07-20T11:17:36Z,2026-07-21T09:00:00Z,Team Total (Aces) Away,4,"{'hdp': 9.5, 'over': '26.00'}"
72969392,2026-07-21,WTA,"WTA - Prague, Czech Republic",Bet365,Maria Timofeeva,Aliaksandra Sasnovich,match_aces,0.5,1.0800,,2026-07-20T11:17:36Z,2026-07-21T09:00:00Z,Team Total (Aces) Home,4,"{'hdp': 0.5, 'over': '1.08'}"
72969392,2026-07-21,WTA,"WTA - Prague, Czech Republic",Bet365,Maria Timofeeva,Aliaksandra Sasnovich,match_aces,2.5,1.9000,,2026-07-20T11:17:36Z,2026-07-21T09:00:00Z,Team Total (Aces) Home,4,"{'hdp': 2.5, 'over': '1.90'}"
72969392,2026-07-21,WTA,"WTA - Prague, Czech Republic",Bet365,Maria Timofeeva,Aliaksandra Sasnovich,match_aces,4.5,5.0000,,2026-07-20T11:17:36Z,2026-07-21T09:00:00Z,Team Total (Aces) Home,4,"{'hdp': 4.5, 'over': '5.00'}"
72969392,2026-07-21,WTA,"WTA - Prague, Czech Republic",Bet365,Maria Timofeeva,Aliaksandra Sasnovich,match_aces,9.5,26.0000,,2026-07-20T11:17:36Z,2026-07-21T09:00:00Z,Team Total (Aces) Home,4,"{'hdp': 9.5, 'over': '26.00'}"
72969392,2026-07-21,WTA,"WTA - Prague, Czech Republic",Bet365,Maria Timofeeva,Aliaksandra Sasnovich,match_double_faults,0.5,1.0100,,2026-07-20T11:17:36Z,2026-07-21T09:00:00Z,Team Total (Double Faults) Away,7,"{'hdp': 0.5, 'over': '1.01'}"
72969392,2026-07-21,WTA,"WTA - Prague, Czech Republic",Bet365,Maria Timofeeva,Aliaksandra Sasnovich,match_double_faults,1.5,1.0600,,2026-07-20T11:17:36Z,2026-07-21T09:00:00Z,Team Total (Double Faults) Away,7,"{'hdp': 1.5, 'over': '1.06'}"
72969392,2026-07-21,WTA,"WTA - Prague, Czech Republic",Bet365,Maria Timofeeva,Aliaksandra Sasnovich,match_double_faults,2.5,1.1800,,2026-07-20T11:17:36Z,2026-07-21T09:00:00Z,Team Total (Double Faults) Away,7,"{'hdp': 2.5, 'over': '1.18'}"
72969392,2026-07-21,WTA,"WTA - Prague, Czech Republic",Bet365,Maria Timofeeva,Aliaksandra Sasnovich,match_double_faults,4.5,1.8000,,2026-07-20T11:17:36Z,2026-07-21T09:00:00Z,Team Total (Double Faults) Away,7,"{'hdp': 4.5, 'over': '1.80'}"
72969392,2026-07-21,WTA,"WTA - Prague, Czech Republic",Bet365,Maria Timofeeva,Aliaksandra Sasnovich,match_double_faults,7.5,5.0000,,2026-07-20T11:17:36Z,2026-07-21T09:00:00Z,Team Total (Double Faults) Away,7,"{'hdp': 7.5, 'over': '5.00'}"
72969392,2026-07-21,WTA,"WTA - Prague, Czech Republic",Bet365,Maria Timofeeva,Aliaksandra Sasnovich,match_double_faults,9.5,11.0000,,2026-07-20T11:17:36Z,2026-07-21T09:00:00Z,Team Total (Double Faults) Away,7,"{'hdp': 9.5, 'over': '11.00'}"
72969392,2026-07-21,WTA,"WTA - Prague, Czech Republic",Bet365,Maria Timofeeva,Aliaksandra Sasnovich,match_double_faults,11.5,26.0000,,2026-07-20T11:17:36Z,2026-07-21T09:00:00Z,Team Total (Double Faults) Away,7,"{'hdp': 11.5, 'over': '26.00'}"
72969398,2026-07-21,WTA,"WTA - Prague, Czech Republic",Bet365,Jana Kovackova,Lanlana Tararudee,match_aces,2.5,1.5700,,2026-07-20T11:17:36Z,2026-07-21T09:00:00Z,Team Total (Aces) Away,4,"{'hdp': 2.5, 'over': '1.57'}"
72969398,2026-07-21,WTA,"WTA - Prague, Czech Republic",Bet365,Jana Kovackova,Lanlana Tararudee,match_aces,4.5,3.4000,,2026-07-20T11:17:36Z,2026-07-21T09:00:00Z,Team Total (Aces) Away,4,"{'hdp': 4.5, 'over': '3.40'}"
72969398,2026-07-21,WTA,"WTA - Prague, Czech Republic",Bet365,Jana Kovackova,Lanlana Tararudee,match_aces,9.5,26.0000,,2026-07-20T11:17:36Z,2026-07-21T09:00:00Z,Team Total (Aces) Away,4,"{'hdp': 9.5, 'over': '26.00'}"
72969398,2026-07-21,WTA,"WTA - Prague, Czech Republic",Bet365,Jana Kovackova,Lanlana Tararudee,match_aces,0.5,1.0500,,2026-07-20T11:17:36Z,2026-07-21T09:00:00Z,Team Total (Aces) Away,4,"{'hdp': 0.5, 'over': '1.05'}"
72969398,2026-07-21,WTA,"WTA - Prague, Czech Republic",Bet365,Jana Kovackova,Lanlana Tararudee,match_double_faults,7.5,13.0000,,2026-07-20T11:17:36Z,2026-07-21T09:00:00Z,Team Total (Double Faults) Away,6,"{'hdp': 7.5, 'over': '13.00'}"
72969398,2026-07-21,WTA,"WTA - Prague, Czech Republic",Bet365,Jana Kovackova,Lanlana Tararudee,match_double_faults,9.5,26.0000,,2026-07-20T11:17:36Z,2026-07-21T09:00:00Z,Team Total (Double Faults) Away,6,"{'hdp': 9.5, 'over': '26.00'}"
72969398,2026-07-21,WTA,"WTA - Prague, Czech Republic",Bet365,Jana Kovackova,Lanlana Tararudee,match_double_faults,2.5,1.5000,,2026-07-20T11:17:36Z,2026-07-21T09:00:00Z,Team Total (Double Faults) Away,6,"{'hdp': 2.5, 'over': '1.50'}"
72969398,2026-07-21,WTA,"WTA - Prague, Czech Republic",Bet365,Jana Kovackova,Lanlana Tararudee,match_double_faults,0.5,1.0400,,2026-07-20T11:17:36Z,2026-07-21T09:00:00Z,Team Total (Double Faults) Away,6,"{'hdp': 0.5, 'over': '1.04'}"
72969398,2026-07-21,WTA,"WTA - Prague, Czech Republic",Bet365,Jana Kovackova,Lanlana Tararudee,match_double_faults,1.5,1.2000,,2026-07-20T11:17:36Z,2026-07-21T09:00:00Z,Team Total (Double Faults) Away,6,"{'hdp': 1.5, 'over': '1.20'}"
72969398,2026-07-21,WTA,"WTA - Prague, Czech Republic",Bet365,Jana Kovackova,Lanlana Tararudee,match_double_faults,4.5,3.2500,,2026-07-20T11:17:36Z,2026-07-21T09:00:00Z,Team Total (Double Faults) Away,6,"{'hdp': 4.5, 'over': '3.25'}"
72969398,2026-07-21,WTA,"WTA - Prague, Czech Republic",Bet365,Jana Kovackova,Lanlana Tararudee,match_double_faults,4.5,1.1800,,2026-07-20T11:17:36Z,2026-07-21T09:00:00Z,Team Total (Double Faults) Home,9,"{'hdp': 4.5, 'over': '1.18'}"
72969398,2026-07-21,WTA,"WTA - Prague, Czech Republic",Bet365,Jana Kovackova,Lanlana Tararudee,match_double_faults,7.5,2.0000,,2026-07-20T11:17:36Z,2026-07-21T09:00:00Z,Team Total (Double Faults) Home,9,"{'hdp': 7.5, 'over': '2.00'}"
72969398,2026-07-21,WTA,"WTA - Prague, Czech Republic",Bet365,Jana Kovackova,Lanlana Tararudee,match_double_faults,11.5,6.5000,,2026-07-20T11:17:36Z,2026-07-21T09:00:00Z,Team Total (Double Faults) Home,9,"{'hdp': 11.5, 'over': '6.50'}"
72969398,2026-07-21,WTA,"WTA - Prague, Czech Republic",Bet365,Jana Kovackova,Lanlana Tararudee,match_double_faults,14.5,19.0000,,2026-07-20T11:17:36Z,2026-07-21T09:00:00Z,Team Total (Double Faults) Home,9,"{'hdp': 14.5, 'over': '19.00'}"
72969398,2026-07-21,WTA,"WTA - Prague, Czech Republic",Bet365,Jana Kovackova,Lanlana Tararudee,match_double_faults,19.5,26.0000,,2026-07-20T11:17:36Z,2026-07-21T09:00:00Z,Team Total (Double Faults) Home,9,"{'hdp': 19.5, 'over': '26.00'}"
72969398,2026-07-21,WTA,"WTA - Prague, Czech Republic",Bet365,Jana Kovackova,Lanlana Tararudee,match_double_faults,2.5,1.0300,,2026-07-20T11:17:36Z,2026-07-21T09:00:00Z,Team Total (Double Faults) Home,9,"{'hdp': 2.5, 'over': '1.03'}"
72969398,2026-07-21,WTA,"WTA - Prague, Czech Republic",Bet365,Jana Kovackova,Lanlana Tararudee,match_double_faults,9.5,3.5000,,2026-07-20T11:17:36Z,2026-07-21T09:00:00Z,Team Total (Double Faults) Home,9,"{'hdp': 9.5, 'over': '3.50'}"
72969398,2026-07-21,WTA,"WTA - Prague, Czech Republic",Bet365,Jana Kovackova,Lanlana Tararudee,match_aces,2.5,1.1000,,2026-07-20T11:17:36Z,2026-07-21T09:00:00Z,Totals (Aces),6,"{'hdp': 2.5, 'over': '1.10'}"
72969398,2026-07-21,WTA,"WTA - Prague, Czech Republic",Bet365,Jana Kovackova,Lanlana Tararudee,match_aces,9.5,5.0000,,2026-07-20T11:17:36Z,2026-07-21T09:00:00Z,Totals (Aces),6,"{'hdp': 9.5, 'over': '5.00'}"
72969398,2026-07-21,WTA,"WTA - Prague, Czech Republic",Bet365,Jana Kovackova,Lanlana Tararudee,match_aces,14.5,23.0000,,2026-07-20T11:17:36Z,2026-07-21T09:00:00Z,Totals (Aces),6,"{'hdp': 14.5, 'over': '23.00'}"
72969398,2026-07-21,WTA,"WTA - Prague, Czech Republic",Bet365,Jana Kovackova,Lanlana Tararudee,match_aces,19.5,26.0000,,2026-07-20T11:17:36Z,2026-07-21T09:00:00Z,Totals (Aces),6,"{'hdp': 19.5, 'over': '26.00'}"
72969398,2026-07-21,WTA,"WTA - Prague, Czech Republic",Bet365,Jana Kovackova,Lanlana Tararudee,match_aces,4.5,1.4400,,2026-07-20T11:17:36Z,2026-07-21T09:00:00Z,Totals (Aces),6,"{'hdp': 4.5, 'over': '1.44'}"
72969398,2026-07-21,WTA,"WTA - Prague, Czech Republic",Bet365,Jana Kovackova,Lanlana Tararudee,match_aces,0.5,1.0800,,2026-07-20T11:17:36Z,2026-07-21T09:00:00Z,Team Total (Aces) Home,4,"{'hdp': 0.5, 'over': '1.08'}"
72969398,2026-07-21,WTA,"WTA - Prague, Czech Republic",Bet365,Jana Kovackova,Lanlana Tararudee,match_aces,4.5,4.0000,,2026-07-20T11:17:36Z,2026-07-21T09:00:00Z,Team Total (Aces) Home,4,"{'hdp': 4.5, 'over': '4.00'}"
72969398,2026-07-21,WTA,"WTA - Prague, Czech Republic",Bet365,Jana Kovackova,Lanlana Tararudee,match_aces,9.5,26.0000,,2026-07-20T11:17:36Z,2026-07-21T09:00:00Z,Team Total (Aces) Home,4,"{'hdp': 9.5, 'over': '26.00'}"
72969398,2026-07-21,WTA,"WTA - Prague, Czech Republic",Bet365,Jana Kovackova,Lanlana Tararudee,match_aces,2.5,1.8300,,2026-07-20T11:17:36Z,2026-07-21T09:00:00Z,Team Total (Aces) Home,4,"{'hdp': 2.5, 'over': '1.83'}"
72969398,2026-07-21,WTA,"WTA - Prague, Czech Republic",Bet365,Jana Kovackova,Lanlana Tararudee,match_double_faults,4.5,1.0200,,2026-07-20T11:17:36Z,2026-07-21T09:00:00Z,Totals (Double Faults),9,"{'hdp': 4.5, 'over': '1.02'}"
72969398,2026-07-21,WTA,"WTA - Prague, Czech Republic",Bet365,Jana Kovackova,Lanlana Tararudee,match_double_faults,24.5,26.0000,,2026-07-20T11:17:36Z,2026-07-21T09:00:00Z,Totals (Double Faults),9,"{'hdp': 24.5, 'over': '26.00'}"
72969398,2026-07-21,WTA,"WTA - Prague, Czech Republic",Bet365,Jana Kovackova,Lanlana Tararudee,match_double_faults,9.5,1.5300,,2026-07-20T11:17:36Z,2026-07-21T09:00:00Z,Totals (Double Faults),9,"{'hdp': 9.5, 'over': '1.53'}"
72969398,2026-07-21,WTA,"WTA - Prague, Czech Republic",Bet365,Jana Kovackova,Lanlana Tararudee,match_double_faults,19.5,17.0000,,2026-07-20T11:17:36Z,2026-07-21T09:00:00Z,Totals (Double Faults),9,"{'hdp': 19.5, 'over': '17.00'}"
72969398,2026-07-21,WTA,"WTA - Prague, Czech Republic",Bet365,Jana Kovackova,Lanlana Tararudee,match_double_faults,7.5,1.2200,,2026-07-20T11:17:36Z,2026-07-21T09:00:00Z,Totals (Double Faults),9,"{'hdp': 7.5, 'over': '1.22'}"
72969398,2026-07-21,WTA,"WTA - Prague, Czech Republic",Bet365,Jana Kovackova,Lanlana Tararudee,match_double_faults,11.5,2.2000,,2026-07-20T11:17:36Z,2026-07-21T09:00:00Z,Totals (Double Faults),9,"{'hdp': 11.5, 'over': '2.20'}"
72969398,2026-07-21,WTA,"WTA - Prague, Czech Republic",Bet365,Jana Kovackova,Lanlana Tararudee,match_double_faults,14.5,4.3300,,2026-07-20T11:17:36Z,2026-07-21T09:00:00Z,Totals (Double Faults),9,"{'hdp': 14.5, 'over': '4.33'}"
72987034,2026-07-21,ATP,"ATP - Estoril, Portugal",Bet365,Gonzalo Bueno,Tiago Pereira,match_double_faults,0.5,1.0500,,2026-07-20T11:17:36Z,2026-07-21T11:00:00Z,Team Total (Double Faults) Away,5,"{'hdp': 0.5, 'over': '1.05'}"
72987034,2026-07-21,ATP,"ATP - Estoril, Portugal",Bet365,Gonzalo Bueno,Tiago Pereira,match_double_faults,1.5,1.2800,,2026-07-20T11:17:36Z,2026-07-21T11:00:00Z,Team Total (Double Faults) Away,5,"{'hdp': 1.5, 'over': '1.28'}"
72987034,2026-07-21,ATP,"ATP - Estoril, Portugal",Bet365,Gonzalo Bueno,Tiago Pereira,match_double_faults,2.5,1.8000,,2026-07-20T11:17:36Z,2026-07-21T11:00:00Z,Team Total (Double Faults) Away,5,"{'hdp': 2.5, 'over': '1.80'}"
72987034,2026-07-21,ATP,"ATP - Estoril, Portugal",Bet365,Gonzalo Bueno,Tiago Pereira,match_double_faults,4.5,5.0000,,2026-07-20T11:17:36Z,2026-07-21T11:00:00Z,Team Total (Double Faults) Away,5,"{'hdp': 4.5, 'over': '5.00'}"
72987034,2026-07-21,ATP,"ATP - Estoril, Portugal",Bet365,Gonzalo Bueno,Tiago Pereira,match_double_faults,7.5,26.0000,,2026-07-20T11:17:36Z,2026-07-21T11:00:00Z,Team Total (Double Faults) Away,5,"{'hdp': 7.5, 'over': '26.00'}"
72987034,2026-07-21,ATP,"ATP - Estoril, Portugal",Bet365,Gonzalo Bueno,Tiago Pereira,match_aces,2.5,1.1400,,2026-07-20T11:17:36Z,2026-07-21T11:00:00Z,Totals (Aces),5,"{'hdp': 2.5, 'over': '1.14'}"
72987034,2026-07-21,ATP,"ATP - Estoril, Portugal",Bet365,Gonzalo Bueno,Tiago Pereira,match_aces,4.5,1.6100,,2026-07-20T11:17:36Z,2026-07-21T11:00:00Z,Totals (Aces),5,"{'hdp': 4.5, 'over': '1.61'}"
72987034,2026-07-21,ATP,"ATP - Estoril, Portugal",Bet365,Gonzalo Bueno,Tiago Pereira,match_aces,9.5,7.0000,,2026-07-20T11:17:36Z,2026-07-21T11:00:00Z,Totals (Aces),5,"{'hdp': 9.5, 'over': '7.00'}"
72987034,2026-07-21,ATP,"ATP - Estoril, Portugal",Bet365,Gonzalo Bueno,Tiago Pereira,match_aces,14.5,26.0000,,2026-07-20T11:17:36Z,2026-07-21T11:00:00Z,Totals (Aces),5,"{'hdp': 14.5, 'over': '26.00'}"
72987034,2026-07-21,ATP,"ATP - Estoril, Portugal",Bet365,Gonzalo Bueno,Tiago Pereira,match_aces,0.5,1.0800,,2026-07-20T11:17:36Z,2026-07-21T11:00:00Z,Team Total (Aces) Away,4,"{'hdp': 0.5, 'over': '1.08'}"
72987034,2026-07-21,ATP,"ATP - Estoril, Portugal",Bet365,Gonzalo Bueno,Tiago Pereira,match_aces,2.5,1.8300,,2026-07-20T11:17:36Z,2026-07-21T11:00:00Z,Team Total (Aces) Away,4,"{'hdp': 2.5, 'over': '1.83'}"
72987034,2026-07-21,ATP,"ATP - Estoril, Portugal",Bet365,Gonzalo Bueno,Tiago Pereira,match_aces,4.5,4.3300,,2026-07-20T11:17:36Z,2026-07-21T11:00:00Z,Team Total (Aces) Away,4,"{'hdp': 4.5, 'over': '4.33'}"
72987034,2026-07-21,ATP,"ATP - Estoril, Portugal",Bet365,Gonzalo Bueno,Tiago Pereira,match_aces,9.5,26.0000,,2026-07-20T11:17:36Z,2026-07-21T11:00:00Z,Team Total (Aces) Away,4,"{'hdp': 9.5, 'over': '26.00'}"
72987034,2026-07-21,ATP,"ATP - Estoril, Portugal",Bet365,Gonzalo Bueno,Tiago Pereira,match_aces,0.5,1.0800,,2026-07-20T11:17:36Z,2026-07-21T11:00:00Z,Team Total (Aces) Home,4,"{'hdp': 0.5, 'over': '1.08'}"
72987034,2026-07-21,ATP,"ATP - Estoril, Portugal",Bet365,Gonzalo Bueno,Tiago Pereira,match_aces,2.5,2.0000,,2026-07-20T11:17:36Z,2026-07-21T11:00:00Z,Team Total (Aces) Home,4,"{'hdp': 2.5, 'over': '2.00'}"
72987034,2026-07-21,ATP,"ATP - Estoril, Portugal",Bet365,Gonzalo Bueno,Tiago Pereira,match_aces,4.5,5.5000,,2026-07-20T11:17:36Z,2026-07-21T11:00:00Z,Team Total (Aces) Home,4,"{'hdp': 4.5, 'over': '5.50'}"
72987034,2026-07-21,ATP,"ATP - Estoril, Portugal",Bet365,Gonzalo Bueno,Tiago Pereira,match_aces,9.5,26.0000,,2026-07-20T11:17:36Z,2026-07-21T11:00:00Z,Team Total (Aces) Home,4,"{'hdp': 9.5, 'over': '26.00'}"
72987034,2026-07-21,ATP,"ATP - Estoril, Portugal",Bet365,Gonzalo Bueno,Tiago Pereira,match_double_faults,0.5,1.0100,,2026-07-20T11:17:36Z,2026-07-21T11:00:00Z,Team Total (Double Faults) Home,7,"{'hdp': 0.5, 'over': '1.01'}"
72987034,2026-07-21,ATP,"ATP - Estoril, Portugal",Bet365,Gonzalo Bueno,Tiago Pereira,match_double_faults,1.5,1.1000,,2026-07-20T11:17:36Z,2026-07-21T11:00:00Z,Team Total (Double Faults) Home,7,"{'hdp': 1.5, 'over': '1.10'}"
72987034,2026-07-21,ATP,"ATP - Estoril, Portugal",Bet365,Gonzalo Bueno,Tiago Pereira,match_double_faults,2.5,1.2500,,2026-07-20T11:17:36Z,2026-07-21T11:00:00Z,Team Total (Double Faults) Home,7,"{'hdp': 2.5, 'over': '1.25'}"
72987034,2026-07-21,ATP,"ATP - Estoril, Portugal",Bet365,Gonzalo Bueno,Tiago Pereira,match_double_faults,4.5,2.0000,,2026-07-20T11:17:36Z,2026-07-21T11:00:00Z,Team Total (Double Faults) Home,7,"{'hdp': 4.5, 'over': '2.00'}"
72987034,2026-07-21,ATP,"ATP - Estoril, Portugal",Bet365,Gonzalo Bueno,Tiago Pereira,match_double_faults,7.5,6.0000,,2026-07-20T11:17:36Z,2026-07-21T11:00:00Z,Team Total (Double Faults) Home,7,"{'hdp': 7.5, 'over': '6.00'}"
72987034,2026-07-21,ATP,"ATP - Estoril, Portugal",Bet365,Gonzalo Bueno,Tiago Pereira,match_double_faults,9.5,13.0000,,2026-07-20T11:17:36Z,2026-07-21T11:00:00Z,Team Total (Double Faults) Home,7,"{'hdp': 9.5, 'over': '13.00'}"
72987034,2026-07-21,ATP,"ATP - Estoril, Portugal",Bet365,Gonzalo Bueno,Tiago Pereira,match_double_faults,11.5,26.0000,,2026-07-20T11:17:36Z,2026-07-21T11:00:00Z,Team Total (Double Faults) Home,7,"{'hdp': 11.5, 'over': '26.00'}"
72987034,2026-07-21,ATP,"ATP - Estoril, Portugal",Bet365,Gonzalo Bueno,Tiago Pereira,match_double_faults,2.5,1.0300,,2026-07-20T11:17:36Z,2026-07-21T11:00:00Z,Totals (Double Faults),9,"{'hdp': 2.5, 'over': '1.03'}"
72987034,2026-07-21,ATP,"ATP - Estoril, Portugal",Bet365,Gonzalo Bueno,Tiago Pereira,match_double_faults,4.5,1.2000,,2026-07-20T11:17:36Z,2026-07-21T11:00:00Z,Totals (Double Faults),9,"{'hdp': 4.5, 'over': '1.20'}"
72987034,2026-07-21,ATP,"ATP - Estoril, Portugal",Bet365,Gonzalo Bueno,Tiago Pereira,match_double_faults,7.5,2.1000,,2026-07-20T11:17:36Z,2026-07-21T11:00:00Z,Totals (Double Faults),9,"{'hdp': 7.5, 'over': '2.10'}"
72987034,2026-07-21,ATP,"ATP - Estoril, Portugal",Bet365,Gonzalo Bueno,Tiago Pereira,match_double_faults,9.5,3.5000,,2026-07-20T11:17:36Z,2026-07-21T11:00:00Z,Totals (Double Faults),9,"{'hdp': 9.5, 'over': '3.50'}"
72987034,2026-07-21,ATP,"ATP - Estoril, Portugal",Bet365,Gonzalo Bueno,Tiago Pereira,match_double_faults,11.5,7.0000,,2026-07-20T11:17:36Z,2026-07-21T11:00:00Z,Totals (Double Faults),9,"{'hdp': 11.5, 'over': '7.00'}"
72987034,2026-07-21,ATP,"ATP - Estoril, Portugal",Bet365,Gonzalo Bueno,Tiago Pereira,match_double_faults,14.5,19.0000,,2026-07-20T11:17:36Z,2026-07-21T11:00:00Z,Totals (Double Faults),9,"{'hdp': 14.5, 'over': '19.00'}"
72987034,2026-07-21,ATP,"ATP - Estoril, Portugal",Bet365,Gonzalo Bueno,Tiago Pereira,match_double_faults,19.5,26.0000,,2026-07-20T11:17:36Z,2026-07-21T11:00:00Z,Totals (Double Faults),9,"{'hdp': 19.5, 'over': '26.00'}"
72969400,2026-07-21,WTA,"WTA - Prague, Czech Republic",Bet365,Nikola Bartunkova,Yue Yuan,match_aces,0.5,1.1000,,2026-07-20T11:17:36Z,2026-07-21T09:00:00Z,Team Total (Aces) Away,4,"{'hdp': 0.5, 'over': '1.10'}"
72969400,2026-07-21,WTA,"WTA - Prague, Czech Republic",Bet365,Nikola Bartunkova,Yue Yuan,match_aces,2.5,2.0000,,2026-07-20T11:17:36Z,2026-07-21T09:00:00Z,Team Total (Aces) Away,4,"{'hdp': 2.5, 'over': '2.00'}"
72969400,2026-07-21,WTA,"WTA - Prague, Czech Republic",Bet365,Nikola Bartunkova,Yue Yuan,match_aces,4.5,5.0000,,2026-07-20T11:17:36Z,2026-07-21T09:00:00Z,Team Total (Aces) Away,4,"{'hdp': 4.5, 'over': '5.00'}"
72969400,2026-07-21,WTA,"WTA - Prague, Czech Republic",Bet365,Nikola Bartunkova,Yue Yuan,match_aces,9.5,26.0000,,2026-07-20T11:17:36Z,2026-07-21T09:00:00Z,Team Total (Aces) Away,4,"{'hdp': 9.5, 'over': '26.00'}"
72969400,2026-07-21,WTA,"WTA - Prague, Czech Republic",Bet365,Nikola Bartunkova,Yue Yuan,match_double_faults,19.5,13.0000,,2026-07-20T11:17:36Z,2026-07-21T09:00:00Z,Team Total (Double Faults) Home,10,"{'hdp': 19.5, 'over': '13.00'}"
72969400,2026-07-21,WTA,"WTA - Prague, Czech Republic",Bet365,Nikola Bartunkova,Yue Yuan,match_double_faults,24.5,26.0000,,2026-07-20T11:17:36Z,2026-07-21T09:00:00Z,Team Total (Double Faults) Home,10,"{'hdp': 24.5, 'over': '26.00'}"
72969400,2026-07-21,WTA,"WTA - Prague, Czech Republic",Bet365,Nikola Bartunkova,Yue Yuan,match_double_faults,2.5,1.0200,,2026-07-20T11:17:36Z,2026-07-21T09:00:00Z,Team Total (Double Faults) Home,10,"{'hdp': 2.5, 'over': '1.02'}"
72969400,2026-07-21,WTA,"WTA - Prague, Czech Republic",Bet365,Nikola Bartunkova,Yue Yuan,match_double_faults,4.5,1.1000,,2026-07-20T11:17:36Z,2026-07-21T09:00:00Z,Team Total (Double Faults) Home,10,"{'hdp': 4.5, 'over': '1.10'}"
72969400,2026-07-21,WTA,"WTA - Prague, Czech Republic",Bet365,Nikola Bartunkova,Yue Yuan,match_double_faults,7.5,1.4400,,2026-07-20T11:17:36Z,2026-07-21T09:00:00Z,Team Total (Double Faults) Home,10,"{'hdp': 7.5, 'over': '1.44'}"
72969400,2026-07-21,WTA,"WTA - Prague, Czech Republic",Bet365,Nikola Bartunkova,Yue Yuan,match_double_faults,9.5,1.8300,,2026-07-20T11:17:36Z,2026-07-21T09:00:00Z,Team Total (Double Faults) Home,10,"{'hdp': 9.5, 'over': '1.83'}"
72969400,2026-07-21,WTA,"WTA - Prague, Czech Republic",Bet365,Nikola Bartunkova,Yue Yuan,match_double_faults,11.5,2.5000,,2026-07-20T11:17:36Z,2026-07-21T09:00:00Z,Team Total (Double Faults) Home,10,"{'hdp': 11.5, 'over': '2.50'}"
72969400,2026-07-21,WTA,"WTA - Prague, Czech Republic",Bet365,Nikola Bartunkova,Yue Yuan,match_double_faults,14.5,4.3300,,2026-07-20T11:17:36Z,2026-07-21T09:00:00Z,Team Total (Double Faults) Home,10,"{'hdp': 14.5, 'over': '4.33'}"
72969400,2026-07-21,WTA,"WTA - Prague, Czech Republic",Bet365,Nikola Bartunkova,Yue Yuan,match_double_faults,4.5,1.0200,,2026-07-20T11:17:36Z,2026-07-21T09:00:00Z,Totals (Double Faults),9,"{'hdp': 4.5, 'over': '1.02'}"
72969400,2026-07-21,WTA,"WTA - Prague, Czech Republic",Bet365,Nikola Bartunkova,Yue Yuan,match_double_faults,24.5,17.0000,,2026-07-20T11:17:36Z,2026-07-21T09:00:00Z,Totals (Double Faults),9,"{'hdp': 24.5, 'over': '17.00'}"
72969400,2026-07-21,WTA,"WTA - Prague, Czech Republic",Bet365,Nikola Bartunkova,Yue Yuan,match_double_faults,7.5,1.1600,,2026-07-20T11:17:36Z,2026-07-21T09:00:00Z,Totals (Double Faults),9,"{'hdp': 7.5, 'over': '1.16'}"
72969400,2026-07-21,WTA,"WTA - Prague, Czech Republic",Bet365,Nikola Bartunkova,Yue Yuan,match_double_faults,9.5,1.3300,,2026-07-20T11:17:36Z,2026-07-21T09:00:00Z,Totals (Double Faults),9,"{'hdp': 9.5, 'over': '1.33'}"
72969400,2026-07-21,WTA,"WTA - Prague, Czech Republic",Bet365,Nikola Bartunkova,Yue Yuan,match_double_faults,11.5,1.6600,,2026-07-20T11:17:36Z,2026-07-21T09:00:00Z,Totals (Double Faults),9,"{'hdp': 11.5, 'over': '1.66'}"
72969400,2026-07-21,WTA,"WTA - Prague, Czech Republic",Bet365,Nikola Bartunkova,Yue Yuan,match_double_faults,14.5,2.5000,,2026-07-20T11:17:36Z,2026-07-21T09:00:00Z,Totals (Double Faults),9,"{'hdp': 14.5, 'over': '2.50'}"
72969400,2026-07-21,WTA,"WTA - Prague, Czech Republic",Bet365,Nikola Bartunkova,Yue Yuan,match_double_faults,19.5,6.5000,,2026-07-20T11:17:36Z,2026-07-21T09:00:00Z,Totals (Double Faults),9,"{'hdp': 19.5, 'over': '6.50'}"
72969400,2026-07-21,WTA,"WTA - Prague, Czech Republic",Bet365,Nikola Bartunkova,Yue Yuan,match_aces,0.5,1.0200,,2026-07-20T11:17:36Z,2026-07-21T09:00:00Z,Team Total (Aces) Home,5,"{'hdp': 0.5, 'over': '1.02'}"
72969400,2026-07-21,WTA,"WTA - Prague, Czech Republic",Bet365,Nikola Bartunkova,Yue Yuan,match_aces,2.5,1.2800,,2026-07-20T11:17:36Z,2026-07-21T09:00:00Z,Team Total (Aces) Home,5,"{'hdp': 2.5, 'over': '1.28'}"
72969400,2026-07-21,WTA,"WTA - Prague, Czech Republic",Bet365,Nikola Bartunkova,Yue Yuan,match_aces,4.5,2.1000,,2026-07-20T11:17:36Z,2026-07-21T09:00:00Z,Team Total (Aces) Home,5,"{'hdp': 4.5, 'over': '2.10'}"
72969400,2026-07-21,WTA,"WTA - Prague, Czech Republic",Bet365,Nikola Bartunkova,Yue Yuan,match_aces,9.5,13.0000,,2026-07-20T11:17:36Z,2026-07-21T09:00:00Z,Team Total (Aces) Home,5,"{'hdp': 9.5, 'over': '13.00'}"
72969400,2026-07-21,WTA,"WTA - Prague, Czech Republic",Bet365,Nikola Bartunkova,Yue Yuan,match_aces,14.5,26.0000,,2026-07-20T11:17:36Z,2026-07-21T09:00:00Z,Team Total (Aces) Home,5,"{'hdp': 14.5, 'over': '26.00'}"
72969400,2026-07-21,WTA,"WTA - Prague, Czech Republic",Bet365,Nikola Bartunkova,Yue Yuan,match_double_faults,1.5,1.2800,,2026-07-20T11:17:36Z,2026-07-21T09:00:00Z,Team Total (Double Faults) Away,5,"{'hdp': 1.5, 'over': '1.28'}"
72969400,2026-07-21,WTA,"WTA - Prague, Czech Republic",Bet365,Nikola Bartunkova,Yue Yuan,match_double_faults,2.5,1.8300,,2026-07-20T11:17:36Z,2026-07-21T09:00:00Z,Team Total (Double Faults) Away,5,"{'hdp': 2.5, 'over': '1.83'}"
72969400,2026-07-21,WTA,"WTA - Prague, Czech Republic",Bet365,Nikola Bartunkova,Yue Yuan,match_double_faults,4.5,5.5000,,2026-07-20T11:17:36Z,2026-07-21T09:00:00Z,Team Total (Double Faults) Away,5,"{'hdp': 4.5, 'over': '5.50'}"
72969400,2026-07-21,WTA,"WTA - Prague, Czech Republic",Bet365,Nikola Bartunkova,Yue Yuan,match_double_faults,7.5,26.0000,,2026-07-20T11:17:36Z,2026-07-21T09:00:00Z,Team Total (Double Faults) Away,5,"{'hdp': 7.5, 'over': '26.00'}"
72969400,2026-07-21,WTA,"WTA - Prague, Czech Republic",Bet365,Nikola Bartunkova,Yue Yuan,match_double_faults,0.5,1.0500,,2026-07-20T11:17:36Z,2026-07-21T09:00:00Z,Team Total (Double Faults) Away,5,"{'hdp': 0.5, 'over': '1.05'}"
72969400,2026-07-21,WTA,"WTA - Prague, Czech Republic",Bet365,Nikola Bartunkova,Yue Yuan,match_aces,2.5,1.0600,,2026-07-20T11:17:36Z,2026-07-21T09:00:00Z,Totals (Aces),6,"{'hdp': 2.5, 'over': '1.06'}"
72969400,2026-07-21,WTA,"WTA - Prague, Czech Republic",Bet365,Nikola Bartunkova,Yue Yuan,match_aces,4.5,1.3000,,2026-07-20T11:17:36Z,2026-07-21T09:00:00Z,Totals (Aces),6,"{'hdp': 4.5, 'over': '1.30'}"
72969400,2026-07-21,WTA,"WTA - Prague, Czech Republic",Bet365,Nikola Bartunkova,Yue Yuan,match_aces,9.5,3.5000,,2026-07-20T11:17:36Z,2026-07-21T09:00:00Z,Totals (Aces),6,"{'hdp': 9.5, 'over': '3.50'}"
72969400,2026-07-21,WTA,"WTA - Prague, Czech Republic",Bet365,Nikola Bartunkova,Yue Yuan,match_aces,14.5,15.0000,,2026-07-20T11:17:36Z,2026-07-21T09:00:00Z,Totals (Aces),6,"{'hdp': 14.5, 'over': '15.00'}"
72969400,2026-07-21,WTA,"WTA - Prague, Czech Republic",Bet365,Nikola Bartunkova,Yue Yuan,match_aces,19.5,26.0000,,2026-07-20T11:17:36Z,2026-07-21T09:00:00Z,Totals (Aces),6,"{'hdp': 19.5, 'over': '26.00'}"
72969404,2026-07-21,WTA,"WTA - Prague, Czech Republic",Bet365,Laura Samson,Maya Joint,match_aces,0.5,1.0800,,2026-07-20T11:17:36Z,2026-07-21T09:00:00Z,Team Total (Aces) Away,4,"{'hdp': 0.5, 'over': '1.08'}"
72969404,2026-07-21,WTA,"WTA - Prague, Czech Republic",Bet365,Laura Samson,Maya Joint,match_aces,2.5,1.9000,,2026-07-20T11:17:36Z,2026-07-21T09:00:00Z,Team Total (Aces) Away,4,"{'hdp': 2.5, 'over': '1.90'}"
72969404,2026-07-21,WTA,"WTA - Prague, Czech Republic",Bet365,Laura Samson,Maya Joint,match_aces,4.5,5.0000,,2026-07-20T11:17:36Z,2026-07-21T09:00:00Z,Team Total (Aces) Away,4,"{'hdp': 4.5, 'over': '5.00'}"
72969404,2026-07-21,WTA,"WTA - Prague, Czech Republic",Bet365,Laura Samson,Maya Joint,match_aces,9.5,26.0000,,2026-07-20T11:17:36Z,2026-07-21T09:00:00Z,Team Total (Aces) Away,4,"{'hdp': 9.5, 'over': '26.00'}"
72969404,2026-07-21,WTA,"WTA - Prague, Czech Republic",Bet365,Laura Samson,Maya Joint,match_double_faults,0.5,1.0200,,2026-07-20T11:17:36Z,2026-07-21T09:00:00Z,Team Total (Double Faults) Away,7,"{'hdp': 0.5, 'over': '1.02'}"
72969404,2026-07-21,WTA,"WTA - Prague, Czech Republic",Bet365,Laura Samson,Maya Joint,match_double_faults,1.5,1.1200,,2026-07-20T11:17:36Z,2026-07-21T09:00:00Z,Team Total (Double Faults) Away,7,"{'hdp': 1.5, 'over': '1.12'}"
72969404,2026-07-21,WTA,"WTA - Prague, Czech Republic",Bet365,Laura Samson,Maya Joint,match_double_faults,2.5,1.3300,,2026-07-20T11:17:36Z,2026-07-21T09:00:00Z,Team Total (Double Faults) Away,7,"{'hdp': 2.5, 'over': '1.33'}"
72969404,2026-07-21,WTA,"WTA - Prague, Czech Republic",Bet365,Laura Samson,Maya Joint,match_double_faults,4.5,2.5000,,2026-07-20T11:17:36Z,2026-07-21T09:00:00Z,Team Total (Double Faults) Away,7,"{'hdp': 4.5, 'over': '2.50'}"
72969404,2026-07-21,WTA,"WTA - Prague, Czech Republic",Bet365,Laura Samson,Maya Joint,match_double_faults,7.5,9.0000,,2026-07-20T11:17:36Z,2026-07-21T09:00:00Z,Team Total (Double Faults) Away,7,"{'hdp': 7.5, 'over': '9.00'}"
72969404,2026-07-21,WTA,"WTA - Prague, Czech Republic",Bet365,Laura Samson,Maya Joint,match_double_faults,9.5,23.0000,,2026-07-20T11:17:36Z,2026-07-21T09:00:00Z,Team Total (Double Faults) Away,7,"{'hdp': 9.5, 'over': '23.00'}"
72969404,2026-07-21,WTA,"WTA - Prague, Czech Republic",Bet365,Laura Samson,Maya Joint,match_double_faults,11.5,26.0000,,2026-07-20T11:17:36Z,2026-07-21T09:00:00Z,Team Total (Double Faults) Away,7,"{'hdp': 11.5, 'over': '26.00'}"
72969404,2026-07-21,WTA,"WTA - Prague, Czech Republic",Bet365,Laura Samson,Maya Joint,match_double_faults,2.5,1.0100,,2026-07-20T11:17:36Z,2026-07-21T09:00:00Z,Team Total (Double Faults) Home,10,"{'hdp': 2.5, 'over': '1.01'}"
72969404,2026-07-21,WTA,"WTA - Prague, Czech Republic",Bet365,Laura Samson,Maya Joint,match_double_faults,4.5,1.0800,,2026-07-20T11:17:36Z,2026-07-21T09:00:00Z,Team Total (Double Faults) Home,10,"{'hdp': 4.5, 'over': '1.08'}"
72969404,2026-07-21,WTA,"WTA - Prague, Czech Republic",Bet365,Laura Samson,Maya Joint,match_double_faults,7.5,1.4000,,2026-07-20T11:17:36Z,2026-07-21T09:00:00Z,Team Total (Double Faults) Home,10,"{'hdp': 7.5, 'over': '1.40'}"
72969404,2026-07-21,WTA,"WTA - Prague, Czech Republic",Bet365,Laura Samson,Maya Joint,match_double_faults,9.5,1.9000,,2026-07-20T11:17:36Z,2026-07-21T09:00:00Z,Team Total (Double Faults) Home,10,"{'hdp': 9.5, 'over': '1.90'}"
72969404,2026-07-21,WTA,"WTA - Prague, Czech Republic",Bet365,Laura Samson,Maya Joint,match_double_faults,11.5,3.0000,,2026-07-20T11:17:36Z,2026-07-21T09:00:00Z,Team Total (Double Faults) Home,10,"{'hdp': 11.5, 'over': '3.00'}"
72969404,2026-07-21,WTA,"WTA - Prague, Czech Republic",Bet365,Laura Samson,Maya Joint,match_double_faults,14.5,6.0000,,2026-07-20T11:17:36Z,2026-07-21T09:00:00Z,Team Total (Double Faults) Home,10,"{'hdp': 14.5, 'over': '6.00'}"
72969404,2026-07-21,WTA,"WTA - Prague, Czech Republic",Bet365,Laura Samson,Maya Joint,match_double_faults,19.5,23.0000,,2026-07-20T11:17:36Z,2026-07-21T09:00:00Z,Team Total (Double Faults) Home,10,"{'hdp': 19.5, 'over': '23.00'}"
72969404,2026-07-21,WTA,"WTA - Prague, Czech Republic",Bet365,Laura Samson,Maya Joint,match_double_faults,24.5,26.0000,,2026-07-20T11:17:36Z,2026-07-21T09:00:00Z,Team Total (Double Faults) Home,10,"{'hdp': 24.5, 'over': '26.00'}"
72969404,2026-07-21,WTA,"WTA - Prague, Czech Republic",Bet365,Laura Samson,Maya Joint,match_aces,2.5,1.1100,,2026-07-20T11:17:36Z,2026-07-21T09:00:00Z,Totals (Aces),5,"{'hdp': 2.5, 'over': '1.11'}"
72969404,2026-07-21,WTA,"WTA - Prague, Czech Republic",Bet365,Laura Samson,Maya Joint,match_aces,4.5,1.5000,,2026-07-20T11:17:36Z,2026-07-21T09:00:00Z,Totals (Aces),5,"{'hdp': 4.5, 'over': '1.50'}"
72969404,2026-07-21,WTA,"WTA - Prague, Czech Republic",Bet365,Laura Samson,Maya Joint,match_aces,9.5,5.5000,,2026-07-20T11:17:36Z,2026-07-21T09:00:00Z,Totals (Aces),5,"{'hdp': 9.5, 'over': '5.50'}"
72969404,2026-07-21,WTA,"WTA - Prague, Czech Republic",Bet365,Laura Samson,Maya Joint,match_aces,14.5,26.0000,,2026-07-20T11:17:36Z,2026-07-21T09:00:00Z,Totals (Aces),5,"{'hdp': 14.5, 'over': '26.00'}"
72969404,2026-07-21,WTA,"WTA - Prague, Czech Republic",Bet365,Laura Samson,Maya Joint,match_aces,0.5,1.0500,,2026-07-20T11:17:36Z,2026-07-21T09:00:00Z,Team Total (Aces) Home,4,"{'hdp': 0.5, 'over': '1.05'}"
72969404,2026-07-21,WTA,"WTA - Prague, Czech Republic",Bet365,Laura Samson,Maya Joint,match_aces,4.5,3.2500,,2026-07-20T11:17:36Z,2026-07-21T09:00:00Z,Team Total (Aces) Home,4,"{'hdp': 4.5, 'over': '3.25'}"
72969404,2026-07-21,WTA,"WTA - Prague, Czech Republic",Bet365,Laura Samson,Maya Joint,match_aces,9.5,26.0000,,2026-07-20T11:17:36Z,2026-07-21T09:00:00Z,Team Total (Aces) Home,4,"{'hdp': 9.5, 'over': '26.00'}"
72969404,2026-07-21,WTA,"WTA - Prague, Czech Republic",Bet365,Laura Samson,Maya Joint,match_aces,2.5,1.5700,,2026-07-20T11:17:36Z,2026-07-21T09:00:00Z,Team Total (Aces) Home,4,"{'hdp': 2.5, 'over': '1.57'}"
72969404,2026-07-21,WTA,"WTA - Prague, Czech Republic",Bet365,Laura Samson,Maya Joint,match_double_faults,7.5,1.0800,,2026-07-20T11:17:36Z,2026-07-21T09:00:00Z,Totals (Double Faults),8,"{'hdp': 7.5, 'over': '1.08'}"
72969404,2026-07-21,WTA,"WTA - Prague, Czech Republic",Bet365,Laura Samson,Maya Joint,match_double_faults,9.5,1.2200,,2026-07-20T11:17:36Z,2026-07-21T09:00:00Z,Totals (Double Faults),8,"{'hdp': 9.5, 'over': '1.22'}"
72969404,2026-07-21,WTA,"WTA - Prague, Czech Republic",Bet365,Laura Samson,Maya Joint,match_double_faults,11.5,1.5000,,2026-07-20T11:17:36Z,2026-07-21T09:00:00Z,Totals (Double Faults),8,"{'hdp': 11.5, 'over': '1.50'}"
72969404,2026-07-21,WTA,"WTA - Prague, Czech Republic",Bet365,Laura Samson,Maya Joint,match_double_faults,14.5,2.2000,,2026-07-20T11:17:36Z,2026-07-21T09:00:00Z,Totals (Double Faults),8,"{'hdp': 14.5, 'over': '2.20'}"
72969404,2026-07-21,WTA,"WTA - Prague, Czech Republic",Bet365,Laura Samson,Maya Joint,match_double_faults,19.5,6.0000,,2026-07-20T11:17:36Z,2026-07-21T09:00:00Z,Totals (Double Faults),8,"{'hdp': 19.5, 'over': '6.00'}"
72969404,2026-07-21,WTA,"WTA - Prague, Czech Republic",Bet365,Laura Samson,Maya Joint,match_double_faults,24.5,19.0000,,2026-07-20T11:17:36Z,2026-07-21T09:00:00Z,Totals (Double Faults),8,"{'hdp': 24.5, 'over': '19.00'}"
72987036,2026-07-21,ATP,"ATP - Estoril, Portugal",Bet365,Daniel Merida,Taro Daniel,match_aces,0.5,1.0600,,2026-07-20T11:17:36Z,2026-07-21T11:00:00Z,Team Total (Aces) Away,4,"{'hdp': 0.5, 'over': '1.06'}"
72987036,2026-07-21,ATP,"ATP - Estoril, Portugal",Bet365,Daniel Merida,Taro Daniel,match_aces,2.5,1.6100,,2026-07-20T11:17:36Z,2026-07-21T11:00:00Z,Team Total (Aces) Away,4,"{'hdp': 2.5, 'over': '1.61'}"
72987036,2026-07-21,ATP,"ATP - Estoril, Portugal",Bet365,Daniel Merida,Taro Daniel,match_aces,4.5,3.4000,,2026-07-20T11:17:36Z,2026-07-21T11:00:00Z,Team Total (Aces) Away,4,"{'hdp': 4.5, 'over': '3.40'}"
72987036,2026-07-21,ATP,"ATP - Estoril, Portugal",Bet365,Daniel Merida,Taro Daniel,match_aces,9.5,26.0000,,2026-07-20T11:17:36Z,2026-07-21T11:00:00Z,Team Total (Aces) Away,4,"{'hdp': 9.5, 'over': '26.00'}"
72987036,2026-07-21,ATP,"ATP - Estoril, Portugal",Bet365,Daniel Merida,Taro Daniel,match_double_faults,2.5,1.0400,,2026-07-20T11:17:36Z,2026-07-21T11:00:00Z,Totals (Double Faults),9,"{'hdp': 2.5, 'over': '1.04'}"
72987036,2026-07-21,ATP,"ATP - Estoril, Portugal",Bet365,Daniel Merida,Taro Daniel,match_double_faults,4.5,1.2200,,2026-07-20T11:17:36Z,2026-07-21T11:00:00Z,Totals (Double Faults),9,"{'hdp': 4.5, 'over': '1.22'}"
72987036,2026-07-21,ATP,"ATP - Estoril, Portugal",Bet365,Daniel Merida,Taro Daniel,match_double_faults,7.5,2.2000,,2026-07-20T11:17:36Z,2026-07-21T11:00:00Z,Totals (Double Faults),9,"{'hdp': 7.5, 'over': '2.20'}"
72987036,2026-07-21,ATP,"ATP - Estoril, Portugal",Bet365,Daniel Merida,Taro Daniel,match_double_faults,9.5,4.0000,,2026-07-20T11:17:36Z,2026-07-21T11:00:00Z,Totals (Double Faults),9,"{'hdp': 9.5, 'over': '4.00'}"
72987036,2026-07-21,ATP,"ATP - Estoril, Portugal",Bet365,Daniel Merida,Taro Daniel,match_double_faults,11.5,8.0000,,2026-07-20T11:17:36Z,2026-07-21T11:00:00Z,Totals (Double Faults),9,"{'hdp': 11.5, 'over': '8.00'}"
72987036,2026-07-21,ATP,"ATP - Estoril, Portugal",Bet365,Daniel Merida,Taro Daniel,match_double_faults,14.5,23.0000,,2026-07-20T11:17:36Z,2026-07-21T11:00:00Z,Totals (Double Faults),9,"{'hdp': 14.5, 'over': '23.00'}"
72987036,2026-07-21,ATP,"ATP - Estoril, Portugal",Bet365,Daniel Merida,Taro Daniel,match_double_faults,19.5,26.0000,,2026-07-20T11:17:36Z,2026-07-21T11:00:00Z,Totals (Double Faults),9,"{'hdp': 19.5, 'over': '26.00'}"
72987036,2026-07-21,ATP,"ATP - Estoril, Portugal",Bet365,Daniel Merida,Taro Daniel,match_aces,0.5,1.0200,,2026-07-20T11:17:36Z,2026-07-21T11:00:00Z,Team Total (Aces) Home,5,"{'hdp': 0.5, 'over': '1.02'}"
72987036,2026-07-21,ATP,"ATP - Estoril, Portugal",Bet365,Daniel Merida,Taro Daniel,match_aces,2.5,1.3600,,2026-07-20T11:17:36Z,2026-07-21T11:00:00Z,Team Total (Aces) Home,5,"{'hdp': 2.5, 'over': '1.36'}"
72987036,2026-07-21,ATP,"ATP - Estoril, Portugal",Bet365,Daniel Merida,Taro Daniel,match_aces,4.5,2.5000,,2026-07-20T11:17:36Z,2026-07-21T11:00:00Z,Team Total (Aces) Home,5,"{'hdp': 4.5, 'over': '2.50'}"
72987036,2026-07-21,ATP,"ATP - Estoril, Portugal",Bet365,Daniel Merida,Taro Daniel,match_aces,9.5,19.0000,,2026-07-20T11:17:36Z,2026-07-21T11:00:00Z,Team Total (Aces) Home,5,"{'hdp': 9.5, 'over': '19.00'}"
72987036,2026-07-21,ATP,"ATP - Estoril, Portugal",Bet365,Daniel Merida,Taro Daniel,match_aces,14.5,26.0000,,2026-07-20T11:17:36Z,2026-07-21T11:00:00Z,Team Total (Aces) Home,5,"{'hdp': 14.5, 'over': '26.00'}"
72987036,2026-07-21,ATP,"ATP - Estoril, Portugal",Bet365,Daniel Merida,Taro Daniel,match_aces,2.5,1.0600,,2026-07-20T11:17:36Z,2026-07-21T11:00:00Z,Totals (Aces),6,"{'hdp': 2.5, 'over': '1.06'}"
72987036,2026-07-21,ATP,"ATP - Estoril, Portugal",Bet365,Daniel Merida,Taro Daniel,match_aces,4.5,1.2800,,2026-07-20T11:17:36Z,2026-07-21T11:00:00Z,Totals (Aces),6,"{'hdp': 4.5, 'over': '1.28'}"
72987036,2026-07-21,ATP,"ATP - Estoril, Portugal",Bet365,Daniel Merida,Taro Daniel,match_aces,9.5,3.4000,,2026-07-20T11:17:36Z,2026-07-21T11:00:00Z,Totals (Aces),6,"{'hdp': 9.5, 'over': '3.40'}"
72987036,2026-07-21,ATP,"ATP - Estoril, Portugal",Bet365,Daniel Merida,Taro Daniel,match_aces,14.5,13.0000,,2026-07-20T11:17:36Z,2026-07-21T11:00:00Z,Totals (Aces),6,"{'hdp': 14.5, 'over': '13.00'}"
72987036,2026-07-21,ATP,"ATP - Estoril, Portugal",Bet365,Daniel Merida,Taro Daniel,match_aces,19.5,26.0000,,2026-07-20T11:17:36Z,2026-07-21T11:00:00Z,Totals (Aces),6,"{'hdp': 19.5, 'over': '26.00'}"
72987036,2026-07-21,ATP,"ATP - Estoril, Portugal",Bet365,Daniel Merida,Taro Daniel,match_double_faults,0.5,1.0500,,2026-07-20T11:17:36Z,2026-07-21T11:00:00Z,Team Total (Double Faults) Away,5,"{'hdp': 0.5, 'over': '1.05'}"
72987036,2026-07-21,ATP,"ATP - Estoril, Portugal",Bet365,Daniel Merida,Taro Daniel,match_double_faults,1.5,1.2800,,2026-07-20T11:17:36Z,2026-07-21T11:00:00Z,Team Total (Double Faults) Away,5,"{'hdp': 1.5, 'over': '1.28'}"
72987036,2026-07-21,ATP,"ATP - Estoril, Portugal",Bet365,Daniel Merida,Taro Daniel,match_double_faults,2.5,1.8000,,2026-07-20T11:17:36Z,2026-07-21T11:00:00Z,Team Total (Double Faults) Away,5,"{'hdp': 2.5, 'over': '1.80'}"
72987036,2026-07-21,ATP,"ATP - Estoril, Portugal",Bet365,Daniel Merida,Taro Daniel,match_double_faults,4.5,5.0000,,2026-07-20T11:17:36Z,2026-07-21T11:00:00Z,Team Total (Double Faults) Away,5,"{'hdp': 4.5, 'over': '5.00'}"
72987036,2026-07-21,ATP,"ATP - Estoril, Portugal",Bet365,Daniel Merida,Taro Daniel,match_double_faults,7.5,26.0000,,2026-07-20T11:17:36Z,2026-07-21T11:00:00Z,Team Total (Double Faults) Away,5,"{'hdp': 7.5, 'over': '26.00'}"
72987036,2026-07-21,ATP,"ATP - Estoril, Portugal",Bet365,Daniel Merida,Taro Daniel,match_double_faults,0.5,1.0200,,2026-07-20T11:17:36Z,2026-07-21T11:00:00Z,Team Total (Double Faults) Home,7,"{'hdp': 0.5, 'over': '1.02'}"
72987036,2026-07-21,ATP,"ATP - Estoril, Portugal",Bet365,Daniel Merida,Taro Daniel,match_double_faults,1.5,1.1100,,2026-07-20T11:17:36Z,2026-07-21T11:00:00Z,Team Total (Double Faults) Home,7,"{'hdp': 1.5, 'over': '1.11'}"
72987036,2026-07-21,ATP,"ATP - Estoril, Portugal",Bet365,Daniel Merida,Taro Daniel,match_double_faults,2.5,1.3000,,2026-07-20T11:17:36Z,2026-07-21T11:00:00Z,Team Total (Double Faults) Home,7,"{'hdp': 2.5, 'over': '1.30'}"
72987036,2026-07-21,ATP,"ATP - Estoril, Portugal",Bet365,Daniel Merida,Taro Daniel,match_double_faults,4.5,2.2000,,2026-07-20T11:17:36Z,2026-07-21T11:00:00Z,Team Total (Double Faults) Home,7,"{'hdp': 4.5, 'over': '2.20'}"
72987036,2026-07-21,ATP,"ATP - Estoril, Portugal",Bet365,Daniel Merida,Taro Daniel,match_double_faults,7.5,7.0000,,2026-07-20T11:17:36Z,2026-07-21T11:00:00Z,Team Total (Double Faults) Home,7,"{'hdp': 7.5, 'over': '7.00'}"
72987036,2026-07-21,ATP,"ATP - Estoril, Portugal",Bet365,Daniel Merida,Taro Daniel,match_double_faults,9.5,17.0000,,2026-07-20T11:17:36Z,2026-07-21T11:00:00Z,Team Total (Double Faults) Home,7,"{'hdp': 9.5, 'over': '17.00'}"
72987036,2026-07-21,ATP,"ATP - Estoril, Portugal",Bet365,Daniel Merida,Taro Daniel,match_double_faults,11.5,26.0000,,2026-07-20T11:17:36Z,2026-07-21T11:00:00Z,Team Total (Double Faults) Home,7,"{'hdp': 11.5, 'over': '26.00'}"
72987038,2026-07-21,ATP,"ATP - Estoril, Portugal",Bet365,Nuno Borges,Orlando Luz,match_aces,0.5,1.0500,,2026-07-20T11:17:36Z,2026-07-21T11:00:00Z,Team Total (Aces) Away,5,"{'hdp': 0.5, 'over': '1.05'}"
72987038,2026-07-21,ATP,"ATP - Estoril, Portugal",Bet365,Nuno Borges,Orlando Luz,match_aces,2.5,1.5000,,2026-07-20T11:17:36Z,2026-07-21T11:00:00Z,Team Total (Aces) Away,5,"{'hdp': 2.5, 'over': '1.50'}"
72987038,2026-07-21,ATP,"ATP - Estoril, Portugal",Bet365,Nuno Borges,Orlando Luz,match_aces,4.5,2.7500,,2026-07-20T11:17:36Z,2026-07-21T11:00:00Z,Team Total (Aces) Away,5,"{'hdp': 4.5, 'over': '2.75'}"
72987038,2026-07-21,ATP,"ATP - Estoril, Portugal",Bet365,Nuno Borges,Orlando Luz,match_aces,9.5,19.0000,,2026-07-20T11:17:36Z,2026-07-21T11:00:00Z,Team Total (Aces) Away,5,"{'hdp': 9.5, 'over': '19.00'}"
72987038,2026-07-21,ATP,"ATP - Estoril, Portugal",Bet365,Nuno Borges,Orlando Luz,match_aces,14.5,26.0000,,2026-07-20T11:17:36Z,2026-07-21T11:00:00Z,Team Total (Aces) Away,5,"{'hdp': 14.5, 'over': '26.00'}"
72987038,2026-07-21,ATP,"ATP - Estoril, Portugal",Bet365,Nuno Borges,Orlando Luz,match_double_faults,4.5,1.1800,,2026-07-20T11:17:36Z,2026-07-21T11:00:00Z,Totals (Double Faults),8,"{'hdp': 4.5, 'over': '1.18'}"
72987038,2026-07-21,ATP,"ATP - Estoril, Portugal",Bet365,Nuno Borges,Orlando Luz,match_double_faults,7.5,2.1000,,2026-07-20T11:17:36Z,2026-07-21T11:00:00Z,Totals (Double Faults),8,"{'hdp': 7.5, 'over': '2.10'}"
72987038,2026-07-21,ATP,"ATP - Estoril, Portugal",Bet365,Nuno Borges,Orlando Luz,match_double_faults,9.5,3.7500,,2026-07-20T11:17:36Z,2026-07-21T11:00:00Z,Totals (Double Faults),8,"{'hdp': 9.5, 'over': '3.75'}"
72987038,2026-07-21,ATP,"ATP - Estoril, Portugal",Bet365,Nuno Borges,Orlando Luz,match_double_faults,11.5,8.0000,,2026-07-20T11:17:36Z,2026-07-21T11:00:00Z,Totals (Double Faults),8,"{'hdp': 11.5, 'over': '8.00'}"
72987038,2026-07-21,ATP,"ATP - Estoril, Portugal",Bet365,Nuno Borges,Orlando Luz,match_double_faults,14.5,26.0000,,2026-07-20T11:17:36Z,2026-07-21T11:00:00Z,Totals (Double Faults),8,"{'hdp': 14.5, 'over': '26.00'}"
72987038,2026-07-21,ATP,"ATP - Estoril, Portugal",Bet365,Nuno Borges,Orlando Luz,match_double_faults,2.5,1.0200,,2026-07-20T11:17:36Z,2026-07-21T11:00:00Z,Totals (Double Faults),8,"{'hdp': 2.5, 'over': '1.02'}"
72987038,2026-07-21,ATP,"ATP - Estoril, Portugal",Bet365,Nuno Borges,Orlando Luz,match_double_faults,2.5,1.1100,,2026-07-20T11:17:36Z,2026-07-21T11:00:00Z,Team Total (Double Faults) Away,7,"{'hdp': 2.5, 'over': '1.11'}"
72987038,2026-07-21,ATP,"ATP - Estoril, Portugal",Bet365,Nuno Borges,Orlando Luz,match_double_faults,7.5,4.5000,,2026-07-20T11:17:36Z,2026-07-21T11:00:00Z,Team Total (Double Faults) Away,7,"{'hdp': 7.5, 'over': '4.50'}"
72987038,2026-07-21,ATP,"ATP - Estoril, Portugal",Bet365,Nuno Borges,Orlando Luz,match_double_faults,9.5,13.0000,,2026-07-20T11:17:36Z,2026-07-21T11:00:00Z,Team Total (Double Faults) Away,7,"{'hdp': 9.5, 'over': '13.00'}"
72987038,2026-07-21,ATP,"ATP - Estoril, Portugal",Bet365,Nuno Borges,Orlando Luz,match_double_faults,4.5,1.5700,,2026-07-20T11:17:36Z,2026-07-21T11:00:00Z,Team Total (Double Faults) Away,7,"{'hdp': 4.5, 'over': '1.57'}"
72987038,2026-07-21,ATP,"ATP - Estoril, Portugal",Bet365,Nuno Borges,Orlando Luz,match_double_faults,1.5,1.0200,,2026-07-20T11:17:36Z,2026-07-21T11:00:00Z,Team Total (Double Faults) Away,7,"{'hdp': 1.5, 'over': '1.02'}"
72987038,2026-07-21,ATP,"ATP - Estoril, Portugal",Bet365,Nuno Borges,Orlando Luz,match_double_faults,11.5,26.0000,,2026-07-20T11:17:36Z,2026-07-21T11:00:00Z,Team Total (Double Faults) Away,7,"{'hdp': 11.5, 'over': '26.00'}"
72987038,2026-07-21,ATP,"ATP - Estoril, Portugal",Bet365,Nuno Borges,Orlando Luz,match_aces,4.5,1.2500,,2026-07-20T11:17:36Z,2026-07-21T11:00:00Z,Totals (Aces),6,"{'hdp': 4.5, 'over': '1.25'}"
72987038,2026-07-21,ATP,"ATP - Estoril, Portugal",Bet365,Nuno Borges,Orlando Luz,match_aces,9.5,3.2500,,2026-07-20T11:17:36Z,2026-07-21T11:00:00Z,Totals (Aces),6,"{'hdp': 9.5, 'over': '3.25'}"
72987038,2026-07-21,ATP,"ATP - Estoril, Portugal",Bet365,Nuno Borges,Orlando Luz,match_aces,14.5,11.0000,,2026-07-20T11:17:36Z,2026-07-21T11:00:00Z,Totals (Aces),6,"{'hdp': 14.5, 'over': '11.00'}"
72987038,2026-07-21,ATP,"ATP - Estoril, Portugal",Bet365,Nuno Borges,Orlando Luz,match_aces,19.5,26.0000,,2026-07-20T11:17:36Z,2026-07-21T11:00:00Z,Totals (Aces),6,"{'hdp': 19.5, 'over': '26.00'}"
72987038,2026-07-21,ATP,"ATP - Estoril, Portugal",Bet365,Nuno Borges,Orlando Luz,match_aces,2.5,1.0500,,2026-07-20T11:17:36Z,2026-07-21T11:00:00Z,Totals (Aces),6,"{'hdp': 2.5, 'over': '1.05'}"
72987038,2026-07-21,ATP,"ATP - Estoril, Portugal",Bet365,Nuno Borges,Orlando Luz,match_double_faults,0.5,1.1600,,2026-07-20T11:17:36Z,2026-07-21T11:00:00Z,Team Total (Double Faults) Home,5,"{'hdp': 0.5, 'over': '1.16'}"
72987038,2026-07-21,ATP,"ATP - Estoril, Portugal",Bet365,Nuno Borges,Orlando Luz,match_double_faults,1.5,1.6600,,2026-07-20T11:17:36Z,2026-07-21T11:00:00Z,Team Total (Double Faults) Home,5,"{'hdp': 1.5, 'over': '1.66'}"
72987038,2026-07-21,ATP,"ATP - Estoril, Portugal",Bet365,Nuno Borges,Orlando Luz,match_double_faults,2.5,2.6200,,2026-07-20T11:17:36Z,2026-07-21T11:00:00Z,Team Total (Double Faults) Home,5,"{'hdp': 2.5, 'over': '2.62'}"
72987038,2026-07-21,ATP,"ATP - Estoril, Portugal",Bet365,Nuno Borges,Orlando Luz,match_double_faults,4.5,10.0000,,2026-07-20T11:17:36Z,2026-07-21T11:00:00Z,Team Total (Double Faults) Home,5,"{'hdp': 4.5, 'over': '10.00'}"
72987038,2026-07-21,ATP,"ATP - Estoril, Portugal",Bet365,Nuno Borges,Orlando Luz,match_double_faults,7.5,26.0000,,2026-07-20T11:17:36Z,2026-07-21T11:00:00Z,Team Total (Double Faults) Home,5,"{'hdp': 7.5, 'over': '26.00'}"
72987038,2026-07-21,ATP,"ATP - Estoril, Portugal",Bet365,Nuno Borges,Orlando Luz,match_aces,2.5,1.4000,,2026-07-20T11:17:36Z,2026-07-21T11:00:00Z,Team Total (Aces) Home,5,"{'hdp': 2.5, 'over': '1.40'}"
72987038,2026-07-21,ATP,"ATP - Estoril, Portugal",Bet365,Nuno Borges,Orlando Luz,match_aces,4.5,2.6200,,2026-07-20T11:17:36Z,2026-07-21T11:00:00Z,Team Total (Aces) Home,5,"{'hdp': 4.5, 'over': '2.62'}"
72987038,2026-07-21,ATP,"ATP - Estoril, Portugal",Bet365,Nuno Borges,Orlando Luz,match_aces,9.5,23.0000,,2026-07-20T11:17:36Z,2026-07-21T11:00:00Z,Team Total (Aces) Home,5,"{'hdp': 9.5, 'over': '23.00'}"
72987038,2026-07-21,ATP,"ATP - Estoril, Portugal",Bet365,Nuno Borges,Orlando Luz,match_aces,0.5,1.0200,,2026-07-20T11:17:36Z,2026-07-21T11:00:00Z,Team Total (Aces) Home,5,"{'hdp': 0.5, 'over': '1.02'}"
72987038,2026-07-21,ATP,"ATP - Estoril, Portugal",Bet365,Nuno Borges,Orlando Luz,match_aces,14.5,26.0000,,2026-07-20T11:17:36Z,2026-07-21T11:00:00Z,Team Total (Aces) Home,5,"{'hdp': 14.5, 'over': '26.00'}"
72986390,2026-07-21,WTA,"WTA - Prague, Czech Republic",Bet365,Diane Parry,Mai Hontama,match_aces,2.5,1.0300,,2026-07-20T11:17:36Z,2026-07-21T09:00:00Z,Totals (Aces),7,"{'hdp': 2.5, 'over': '1.03'}"
72986390,2026-07-21,WTA,"WTA - Prague, Czech Republic",Bet365,Diane Parry,Mai Hontama,match_aces,4.5,1.1600,,2026-07-20T11:17:36Z,2026-07-21T09:00:00Z,Totals (Aces),7,"{'hdp': 4.5, 'over': '1.16'}"
72986390,2026-07-21,WTA,"WTA - Prague, Czech Republic",Bet365,Diane Parry,Mai Hontama,match_aces,9.5,2.3700,,2026-07-20T11:17:36Z,2026-07-21T09:00:00Z,Totals (Aces),7,"{'hdp': 9.5, 'over': '2.37'}"
72986390,2026-07-21,WTA,"WTA - Prague, Czech Republic",Bet365,Diane Parry,Mai Hontama,match_aces,14.5,7.0000,,2026-07-20T11:17:36Z,2026-07-21T09:00:00Z,Totals (Aces),7,"{'hdp': 14.5, 'over': '7.00'}"
72986390,2026-07-21,WTA,"WTA - Prague, Czech Republic",Bet365,Diane Parry,Mai Hontama,match_aces,19.5,23.0000,,2026-07-20T11:17:36Z,2026-07-21T09:00:00Z,Totals (Aces),7,"{'hdp': 19.5, 'over': '23.00'}"
72986390,2026-07-21,WTA,"WTA - Prague, Czech Republic",Bet365,Diane Parry,Mai Hontama,match_aces,24.5,26.0000,,2026-07-20T11:17:36Z,2026-07-21T09:00:00Z,Totals (Aces),7,"{'hdp': 24.5, 'over': '26.00'}"
72986390,2026-07-21,WTA,"WTA - Prague, Czech Republic",Bet365,Diane Parry,Mai Hontama,match_double_faults,4.5,1.0200,,2026-07-20T11:17:36Z,2026-07-21T09:00:00Z,Totals (Double Faults),9,"{'hdp': 4.5, 'over': '1.02'}"
72986390,2026-07-21,WTA,"WTA - Prague, Czech Republic",Bet365,Diane Parry,Mai Hontama,match_double_faults,7.5,1.1600,,2026-07-20T11:17:36Z,2026-07-21T09:00:00Z,Totals (Double Faults),9,"{'hdp': 7.5, 'over': '1.16'}"
72986390,2026-07-21,WTA,"WTA - Prague, Czech Republic",Bet365,Diane Parry,Mai Hontama,match_double_faults,9.5,1.4400,,2026-07-20T11:17:36Z,2026-07-21T09:00:00Z,Totals (Double Faults),9,"{'hdp': 9.5, 'over': '1.44'}"
72986390,2026-07-21,WTA,"WTA - Prague, Czech Republic",Bet365,Diane Parry,Mai Hontama,match_double_faults,14.5,3.5000,,2026-07-20T11:17:36Z,2026-07-21T09:00:00Z,Totals (Double Faults),9,"{'hdp': 14.5, 'over': '3.50'}"
72986390,2026-07-21,WTA,"WTA - Prague, Czech Republic",Bet365,Diane Parry,Mai Hontama,match_double_faults,19.5,13.0000,,2026-07-20T11:17:36Z,2026-07-21T09:00:00Z,Totals (Double Faults),9,"{'hdp': 19.5, 'over': '13.00'}"
72986390,2026-07-21,WTA,"WTA - Prague, Czech Republic",Bet365,Diane Parry,Mai Hontama,match_double_faults,24.5,26.0000,,2026-07-20T11:17:36Z,2026-07-21T09:00:00Z,Totals (Double Faults),9,"{'hdp': 24.5, 'over': '26.00'}"
72986390,2026-07-21,WTA,"WTA - Prague, Czech Republic",Bet365,Diane Parry,Mai Hontama,match_double_faults,11.5,1.9000,,2026-07-20T11:17:36Z,2026-07-21T09:00:00Z,Totals (Double Faults),9,"{'hdp': 11.5, 'over': '1.90'}"
72986390,2026-07-21,WTA,"WTA - Prague, Czech Republic",Bet365,Diane Parry,Mai Hontama,match_aces,0.5,1.0800,,2026-07-20T11:17:36Z,2026-07-21T09:00:00Z,Team Total (Aces) Away,4,"{'hdp': 0.5, 'over': '1.08'}"
72986390,2026-07-21,WTA,"WTA - Prague, Czech Republic",Bet365,Diane Parry,Mai Hontama,match_aces,2.5,1.8300,,2026-07-20T11:17:36Z,2026-07-21T09:00:00Z,Team Total (Aces) Away,4,"{'hdp': 2.5, 'over': '1.83'}"
72986390,2026-07-21,WTA,"WTA - Prague, Czech Republic",Bet365,Diane Parry,Mai Hontama,match_aces,4.5,4.3300,,2026-07-20T11:17:36Z,2026-07-21T09:00:00Z,Team Total (Aces) Away,4,"{'hdp': 4.5, 'over': '4.33'}"
72986390,2026-07-21,WTA,"WTA - Prague, Czech Republic",Bet365,Diane Parry,Mai Hontama,match_aces,9.5,26.0000,,2026-07-20T11:17:36Z,2026-07-21T09:00:00Z,Team Total (Aces) Away,4,"{'hdp': 9.5, 'over': '26.00'}"
72986390,2026-07-21,WTA,"WTA - Prague, Czech Republic",Bet365,Diane Parry,Mai Hontama,match_aces,2.5,1.1400,,2026-07-20T11:17:36Z,2026-07-21T09:00:00Z,Team Total (Aces) Home,5,"{'hdp': 2.5, 'over': '1.14'}"
72986390,2026-07-21,WTA,"WTA - Prague, Czech Republic",Bet365,Diane Parry,Mai Hontama,match_aces,4.5,1.5300,,2026-07-20T11:17:36Z,2026-07-21T09:00:00Z,Team Total (Aces) Home,5,"{'hdp': 4.5, 'over': '1.53'}"
72986390,2026-07-21,WTA,"WTA - Prague, Czech Republic",Bet365,Diane Parry,Mai Hontama,match_aces,9.5,5.5000,,2026-07-20T11:17:36Z,2026-07-21T09:00:00Z,Team Total (Aces) Home,5,"{'hdp': 9.5, 'over': '5.50'}"
72986390,2026-07-21,WTA,"WTA - Prague, Czech Republic",Bet365,Diane Parry,Mai Hontama,match_aces,14.5,26.0000,,2026-07-20T11:17:36Z,2026-07-21T09:00:00Z,Team Total (Aces) Home,5,"{'hdp': 14.5, 'over': '26.00'}"
72986390,2026-07-21,WTA,"WTA - Prague, Czech Republic",Bet365,Diane Parry,Mai Hontama,match_double_faults,1.5,1.0100,,2026-07-20T11:17:36Z,2026-07-21T09:00:00Z,Team Total (Double Faults) Away,8,"{'hdp': 1.5, 'over': '1.01'}"
72986390,2026-07-21,WTA,"WTA - Prague, Czech Republic",Bet365,Diane Parry,Mai Hontama,match_double_faults,2.5,1.0600,,2026-07-20T11:17:36Z,2026-07-21T09:00:00Z,Team Total (Double Faults) Away,8,"{'hdp': 2.5, 'over': '1.06'}"
72986390,2026-07-21,WTA,"WTA - Prague, Czech Republic",Bet365,Diane Parry,Mai Hontama,match_double_faults,7.5,2.6200,,2026-07-20T11:17:36Z,2026-07-21T09:00:00Z,Team Total (Double Faults) Away,8,"{'hdp': 7.5, 'over': '2.62'}"
72986390,2026-07-21,WTA,"WTA - Prague, Czech Republic",Bet365,Diane Parry,Mai Hontama,match_double_faults,9.5,5.0000,,2026-07-20T11:17:36Z,2026-07-21T09:00:00Z,Team Total (Double Faults) Away,8,"{'hdp': 9.5, 'over': '5.00'}"
72986390,2026-07-21,WTA,"WTA - Prague, Czech Republic",Bet365,Diane Parry,Mai Hontama,match_double_faults,11.5,10.0000,,2026-07-20T11:17:36Z,2026-07-21T09:00:00Z,Team Total (Double Faults) Away,8,"{'hdp': 11.5, 'over': '10.00'}"
72986390,2026-07-21,WTA,"WTA - Prague, Czech Republic",Bet365,Diane Parry,Mai Hontama,match_double_faults,14.5,26.0000,,2026-07-20T11:17:36Z,2026-07-21T09:00:00Z,Team Total (Double Faults) Away,8,"{'hdp': 14.5, 'over': '26.00'}"
72986390,2026-07-21,WTA,"WTA - Prague, Czech Republic",Bet365,Diane Parry,Mai Hontama,match_double_faults,4.5,1.3000,,2026-07-20T11:17:36Z,2026-07-21T09:00:00Z,Team Total (Double Faults) Away,8,"{'hdp': 4.5, 'over': '1.30'}"
72986390,2026-07-21,WTA,"WTA - Prague, Czech Republic",Bet365,Diane Parry,Mai Hontama,match_double_faults,0.5,1.0100,,2026-07-20T11:17:36Z,2026-07-21T09:00:00Z,Team Total (Double Faults) Home,8,"{'hdp': 0.5, 'over': '1.01'}"
72986390,2026-07-21,WTA,"WTA - Prague, Czech Republic",Bet365,Diane Parry,Mai Hontama,match_double_faults,1.5,1.0600,,2026-07-20T11:17:36Z,2026-07-21T09:00:00Z,Team Total (Double Faults) Home,8,"{'hdp': 1.5, 'over': '1.06'}"
72986390,2026-07-21,WTA,"WTA - Prague, Czech Republic",Bet365,Diane Parry,Mai Hontama,match_double_faults,2.5,1.1800,,2026-07-20T11:17:36Z,2026-07-21T09:00:00Z,Team Total (Double Faults) Home,8,"{'hdp': 2.5, 'over': '1.18'}"
72986390,2026-07-21,WTA,"WTA - Prague, Czech Republic",Bet365,Diane Parry,Mai Hontama,match_double_faults,4.5,1.7200,,2026-07-20T11:17:36Z,2026-07-21T09:00:00Z,Team Total (Double Faults) Home,8,"{'hdp': 4.5, 'over': '1.72'}"
72986390,2026-07-21,WTA,"WTA - Prague, Czech Republic",Bet365,Diane Parry,Mai Hontama,match_double_faults,7.5,4.3300,,2026-07-20T11:17:36Z,2026-07-21T09:00:00Z,Team Total (Double Faults) Home,8,"{'hdp': 7.5, 'over': '4.33'}"
72986390,2026-07-21,WTA,"WTA - Prague, Czech Republic",Bet365,Diane Parry,Mai Hontama,match_double_faults,9.5,10.0000,,2026-07-20T11:17:36Z,2026-07-21T09:00:00Z,Team Total (Double Faults) Home,8,"{'hdp': 9.5, 'over': '10.00'}"
72986390,2026-07-21,WTA,"WTA - Prague, Czech Republic",Bet365,Diane Parry,Mai Hontama,match_double_faults,11.5,21.0000,,2026-07-20T11:17:36Z,2026-07-21T09:00:00Z,Team Total (Double Faults) Home,8,"{'hdp': 11.5, 'over': '21.00'}"
72986390,2026-07-21,WTA,"WTA - Prague, Czech Republic",Bet365,Diane Parry,Mai Hontama,match_double_faults,14.5,26.0000,,2026-07-20T11:17:36Z,2026-07-21T09:00:00Z,Team Total (Double Faults) Home,8,"{'hdp': 14.5, 'over': '26.00'}"
72965452,2026-07-21,ATP,"ATP - Estoril, Portugal",Bet365,Botic Van de Zandschulp,Jaime Faria,match_aces,0.5,1.0100,,2026-07-20T11:17:36Z,2026-07-21T11:00:00Z,Team Total (Aces) Away,5,"{'hdp': 0.5, 'over': '1.01'}"
72965452,2026-07-21,ATP,"ATP - Estoril, Portugal",Bet365,Botic Van de Zandschulp,Jaime Faria,match_aces,2.5,1.1600,,2026-07-20T11:17:36Z,2026-07-21T11:00:00Z,Team Total (Aces) Away,5,"{'hdp': 2.5, 'over': '1.16'}"
72965452,2026-07-21,ATP,"ATP - Estoril, Portugal",Bet365,Botic Van de Zandschulp,Jaime Faria,match_aces,4.5,1.6600,,2026-07-20T11:17:36Z,2026-07-21T11:00:00Z,Team Total (Aces) Away,5,"{'hdp': 4.5, 'over': '1.66'}"
72965452,2026-07-21,ATP,"ATP - Estoril, Portugal",Bet365,Botic Van de Zandschulp,Jaime Faria,match_aces,9.5,7.0000,,2026-07-20T11:17:36Z,2026-07-21T11:00:00Z,Team Total (Aces) Away,5,"{'hdp': 9.5, 'over': '7.00'}"
72965452,2026-07-21,ATP,"ATP - Estoril, Portugal",Bet365,Botic Van de Zandschulp,Jaime Faria,match_aces,14.5,26.0000,,2026-07-20T11:17:36Z,2026-07-21T11:00:00Z,Team Total (Aces) Away,5,"{'hdp': 14.5, 'over': '26.00'}"
72965452,2026-07-21,ATP,"ATP - Estoril, Portugal",Bet365,Botic Van de Zandschulp,Jaime Faria,match_double_faults,2.5,1.2800,,2026-07-20T11:17:36Z,2026-07-21T11:00:00Z,Team Total (Double Faults) Home,7,"{'hdp': 2.5, 'over': '1.28'}"
72965452,2026-07-21,ATP,"ATP - Estoril, Portugal",Bet365,Botic Van de Zandschulp,Jaime Faria,match_double_faults,0.5,1.0100,,2026-07-20T11:17:36Z,2026-07-21T11:00:00Z,Team Total (Double Faults) Home,7,"{'hdp': 0.5, 'over': '1.01'}"
72965452,2026-07-21,ATP,"ATP - Estoril, Portugal",Bet365,Botic Van de Zandschulp,Jaime Faria,match_double_faults,1.5,1.0800,,2026-07-20T11:17:36Z,2026-07-21T11:00:00Z,Team Total (Double Faults) Home,7,"{'hdp': 1.5, 'over': '1.08'}"
72965452,2026-07-21,ATP,"ATP - Estoril, Portugal",Bet365,Botic Van de Zandschulp,Jaime Faria,match_double_faults,4.5,2.2000,,2026-07-20T11:17:36Z,2026-07-21T11:00:00Z,Team Total (Double Faults) Home,7,"{'hdp': 4.5, 'over': '2.20'}"
72965452,2026-07-21,ATP,"ATP - Estoril, Portugal",Bet365,Botic Van de Zandschulp,Jaime Faria,match_double_faults,7.5,8.0000,,2026-07-20T11:17:36Z,2026-07-21T11:00:00Z,Team Total (Double Faults) Home,7,"{'hdp': 7.5, 'over': '8.00'}"
72965452,2026-07-21,ATP,"ATP - Estoril, Portugal",Bet365,Botic Van de Zandschulp,Jaime Faria,match_double_faults,9.5,21.0000,,2026-07-20T11:17:36Z,2026-07-21T11:00:00Z,Team Total (Double Faults) Home,7,"{'hdp': 9.5, 'over': '21.00'}"
72965452,2026-07-21,ATP,"ATP - Estoril, Portugal",Bet365,Botic Van de Zandschulp,Jaime Faria,match_double_faults,11.5,26.0000,,2026-07-20T11:17:36Z,2026-07-21T11:00:00Z,Team Total (Double Faults) Home,7,"{'hdp': 11.5, 'over': '26.00'}"
72965452,2026-07-21,ATP,"ATP - Estoril, Portugal",Bet365,Botic Van de Zandschulp,Jaime Faria,match_aces,2.5,1.0100,,2026-07-20T11:17:36Z,2026-07-21T11:00:00Z,Totals (Aces),7,"{'hdp': 2.5, 'over': '1.01'}"
72965452,2026-07-21,ATP,"ATP - Estoril, Portugal",Bet365,Botic Van de Zandschulp,Jaime Faria,match_aces,4.5,1.0700,,2026-07-20T11:17:36Z,2026-07-21T11:00:00Z,Totals (Aces),7,"{'hdp': 4.5, 'over': '1.07'}"
72965452,2026-07-21,ATP,"ATP - Estoril, Portugal",Bet365,Botic Van de Zandschulp,Jaime Faria,match_aces,9.5,1.7200,,2026-07-20T11:17:36Z,2026-07-21T11:00:00Z,Totals (Aces),7,"{'hdp': 9.5, 'over': '1.72'}"
72965452,2026-07-21,ATP,"ATP - Estoril, Portugal",Bet365,Botic Van de Zandschulp,Jaime Faria,match_aces,14.5,3.7500,,2026-07-20T11:17:36Z,2026-07-21T11:00:00Z,Totals (Aces),7,"{'hdp': 14.5, 'over': '3.75'}"
72965452,2026-07-21,ATP,"ATP - Estoril, Portugal",Bet365,Botic Van de Zandschulp,Jaime Faria,match_aces,19.5,11.0000,,2026-07-20T11:17:36Z,2026-07-21T11:00:00Z,Totals (Aces),7,"{'hdp': 19.5, 'over': '11.00'}"
72965452,2026-07-21,ATP,"ATP - Estoril, Portugal",Bet365,Botic Van de Zandschulp,Jaime Faria,match_aces,24.5,26.0000,,2026-07-20T11:17:36Z,2026-07-21T11:00:00Z,Totals (Aces),7,"{'hdp': 24.5, 'over': '26.00'}"
72965452,2026-07-21,ATP,"ATP - Estoril, Portugal",Bet365,Botic Van de Zandschulp,Jaime Faria,match_aces,0.5,1.0100,,2026-07-20T11:17:36Z,2026-07-21T11:00:00Z,Team Total (Aces) Home,5,"{'hdp': 0.5, 'over': '1.01'}"
72965452,2026-07-21,ATP,"ATP - Estoril, Portugal",Bet365,Botic Van de Zandschulp,Jaime Faria,match_aces,2.5,1.1800,,2026-07-20T11:17:36Z,2026-07-21T11:00:00Z,Team Total (Aces) Home,5,"{'hdp': 2.5, 'over': '1.18'}"
72965452,2026-07-21,ATP,"ATP - Estoril, Portugal",Bet365,Botic Van de Zandschulp,Jaime Faria,match_aces,4.5,1.7200,,2026-07-20T11:17:36Z,2026-07-21T11:00:00Z,Team Total (Aces) Home,5,"{'hdp': 4.5, 'over': '1.72'}"
72965452,2026-07-21,ATP,"ATP - Estoril, Portugal",Bet365,Botic Van de Zandschulp,Jaime Faria,match_aces,9.5,7.0000,,2026-07-20T11:17:36Z,2026-07-21T11:00:00Z,Team Total (Aces) Home,5,"{'hdp': 9.5, 'over': '7.00'}"
72965452,2026-07-21,ATP,"ATP - Estoril, Portugal",Bet365,Botic Van de Zandschulp,Jaime Faria,match_aces,14.5,26.0000,,2026-07-20T11:17:36Z,2026-07-21T11:00:00Z,Team Total (Aces) Home,5,"{'hdp': 14.5, 'over': '26.00'}"
72965452,2026-07-21,ATP,"ATP - Estoril, Portugal",Bet365,Botic Van de Zandschulp,Jaime Faria,match_double_faults,1.5,1.0600,,2026-07-20T11:17:36Z,2026-07-21T11:00:00Z,Team Total (Double Faults) Away,7,"{'hdp': 1.5, 'over': '1.06'}"
72965452,2026-07-21,ATP,"ATP - Estoril, Portugal",Bet365,Botic Van de Zandschulp,Jaime Faria,match_double_faults,4.5,1.8300,,2026-07-20T11:17:36Z,2026-07-21T11:00:00Z,Team Total (Double Faults) Away,7,"{'hdp': 4.5, 'over': '1.83'}"
72965452,2026-07-21,ATP,"ATP - Estoril, Portugal",Bet365,Botic Van de Zandschulp,Jaime Faria,match_double_faults,7.5,5.5000,,2026-07-20T11:17:36Z,2026-07-21T11:00:00Z,Team Total (Double Faults) Away,7,"{'hdp': 7.5, 'over': '5.50'}"
72965452,2026-07-21,ATP,"ATP - Estoril, Portugal",Bet365,Botic Van de Zandschulp,Jaime Faria,match_double_faults,0.5,1.0100,,2026-07-20T11:17:36Z,2026-07-21T11:00:00Z,Team Total (Double Faults) Away,7,"{'hdp': 0.5, 'over': '1.01'}"
72965452,2026-07-21,ATP,"ATP - Estoril, Portugal",Bet365,Botic Van de Zandschulp,Jaime Faria,match_double_faults,2.5,1.2000,,2026-07-20T11:17:36Z,2026-07-21T11:00:00Z,Team Total (Double Faults) Away,7,"{'hdp': 2.5, 'over': '1.20'}"
72965452,2026-07-21,ATP,"ATP - Estoril, Portugal",Bet365,Botic Van de Zandschulp,Jaime Faria,match_double_faults,9.5,15.0000,,2026-07-20T11:17:36Z,2026-07-21T11:00:00Z,Team Total (Double Faults) Away,7,"{'hdp': 9.5, 'over': '15.00'}"
72965452,2026-07-21,ATP,"ATP - Estoril, Portugal",Bet365,Botic Van de Zandschulp,Jaime Faria,match_double_faults,11.5,26.0000,,2026-07-20T11:17:36Z,2026-07-21T11:00:00Z,Team Total (Double Faults) Away,7,"{'hdp': 11.5, 'over': '26.00'}"
72965452,2026-07-21,ATP,"ATP - Estoril, Portugal",Bet365,Botic Van de Zandschulp,Jaime Faria,match_double_faults,4.5,1.0700,,2026-07-20T11:17:36Z,2026-07-21T11:00:00Z,Totals (Double Faults),8,"{'hdp': 4.5, 'over': '1.07'}"
72965452,2026-07-21,ATP,"ATP - Estoril, Portugal",Bet365,Botic Van de Zandschulp,Jaime Faria,match_double_faults,7.5,1.5000,,2026-07-20T11:17:36Z,2026-07-21T11:00:00Z,Totals (Double Faults),8,"{'hdp': 7.5, 'over': '1.50'}"
72965452,2026-07-21,ATP,"ATP - Estoril, Portugal",Bet365,Botic Van de Zandschulp,Jaime Faria,match_double_faults,9.5,2.2000,,2026-07-20T11:17:36Z,2026-07-21T11:00:00Z,Totals (Double Faults),8,"{'hdp': 9.5, 'over': '2.20'}"
72965452,2026-07-21,ATP,"ATP - Estoril, Portugal",Bet365,Botic Van de Zandschulp,Jaime Faria,match_double_faults,11.5,3.7500,,2026-07-20T11:17:36Z,2026-07-21T11:00:00Z,Totals (Double Faults),8,"{'hdp': 11.5, 'over': '3.75'}"
72965452,2026-07-21,ATP,"ATP - Estoril, Portugal",Bet365,Botic Van de Zandschulp,Jaime Faria,match_double_faults,14.5,10.0000,,2026-07-20T11:17:36Z,2026-07-21T11:00:00Z,Totals (Double Faults),8,"{'hdp': 14.5, 'over': '10.00'}"
72965452,2026-07-21,ATP,"ATP - Estoril, Portugal",Bet365,Botic Van de Zandschulp,Jaime Faria,match_double_faults,19.5,26.0000,,2026-07-20T11:17:36Z,2026-07-21T11:00:00Z,Totals (Double Faults),8,"{'hdp': 19.5, 'over': '26.00'}"
72965454,2026-07-21,ATP,"ATP - Estoril, Portugal",Bet365,Stan Wawrinka,Roman Andres Burruchaga,match_aces,0.5,1.0400,,2026-07-20T11:17:36Z,2026-07-21T11:00:00Z,Team Total (Aces) Away,4,"{'hdp': 0.5, 'over': '1.04'}"
72965454,2026-07-21,ATP,"ATP - Estoril, Portugal",Bet365,Stan Wawrinka,Roman Andres Burruchaga,match_aces,2.5,1.5300,,2026-07-20T11:17:36Z,2026-07-21T11:00:00Z,Team Total (Aces) Away,4,"{'hdp': 2.5, 'over': '1.53'}"
72965454,2026-07-21,ATP,"ATP - Estoril, Portugal",Bet365,Stan Wawrinka,Roman Andres Burruchaga,match_aces,4.5,3.0000,,2026-07-20T11:17:36Z,2026-07-21T11:00:00Z,Team Total (Aces) Away,4,"{'hdp': 4.5, 'over': '3.00'}"
72965454,2026-07-21,ATP,"ATP - Estoril, Portugal",Bet365,Stan Wawrinka,Roman Andres Burruchaga,match_aces,9.5,26.0000,,2026-07-20T11:17:36Z,2026-07-21T11:00:00Z,Team Total (Aces) Away,4,"{'hdp': 9.5, 'over': '26.00'}"
72965454,2026-07-21,ATP,"ATP - Estoril, Portugal",Bet365,Stan Wawrinka,Roman Andres Burruchaga,match_aces,0.5,1.0300,,2026-07-20T11:17:36Z,2026-07-21T11:00:00Z,Team Total (Aces) Home,5,"{'hdp': 0.5, 'over': '1.03'}"
72965454,2026-07-21,ATP,"ATP - Estoril, Portugal",Bet365,Stan Wawrinka,Roman Andres Burruchaga,match_aces,2.5,1.3600,,2026-07-20T11:17:36Z,2026-07-21T11:00:00Z,Team Total (Aces) Home,5,"{'hdp': 2.5, 'over': '1.36'}"
72965454,2026-07-21,ATP,"ATP - Estoril, Portugal",Bet365,Stan Wawrinka,Roman Andres Burruchaga,match_aces,4.5,2.2500,,2026-07-20T11:17:36Z,2026-07-21T11:00:00Z,Team Total (Aces) Home,5,"{'hdp': 4.5, 'over': '2.25'}"
72965454,2026-07-21,ATP,"ATP - Estoril, Portugal",Bet365,Stan Wawrinka,Roman Andres Burruchaga,match_aces,9.5,15.0000,,2026-07-20T11:17:36Z,2026-07-21T11:00:00Z,Team Total (Aces) Home,5,"{'hdp': 9.5, 'over': '15.00'}"
72965454,2026-07-21,ATP,"ATP - Estoril, Portugal",Bet365,Stan Wawrinka,Roman Andres Burruchaga,match_aces,14.5,26.0000,,2026-07-20T11:17:36Z,2026-07-21T11:00:00Z,Team Total (Aces) Home,5,"{'hdp': 14.5, 'over': '26.00'}"
72965454,2026-07-21,ATP,"ATP - Estoril, Portugal",Bet365,Stan Wawrinka,Roman Andres Burruchaga,match_aces,2.5,1.0500,,2026-07-20T11:17:36Z,2026-07-21T11:00:00Z,Totals (Aces),6,"{'hdp': 2.5, 'over': '1.05'}"
72965454,2026-07-21,ATP,"ATP - Estoril, Portugal",Bet365,Stan Wawrinka,Roman Andres Burruchaga,match_aces,4.5,1.2500,,2026-07-20T11:17:36Z,2026-07-21T11:00:00Z,Totals (Aces),6,"{'hdp': 4.5, 'over': '1.25'}"
72965454,2026-07-21,ATP,"ATP - Estoril, Portugal",Bet365,Stan Wawrinka,Roman Andres Burruchaga,match_aces,9.5,3.0000,,2026-07-20T11:17:36Z,2026-07-21T11:00:00Z,Totals (Aces),6,"{'hdp': 9.5, 'over': '3.00'}"
72965454,2026-07-21,ATP,"ATP - Estoril, Portugal",Bet365,Stan Wawrinka,Roman Andres Burruchaga,match_aces,14.5,11.0000,,2026-07-20T11:17:36Z,2026-07-21T11:00:00Z,Totals (Aces),6,"{'hdp': 14.5, 'over': '11.00'}"
72965454,2026-07-21,ATP,"ATP - Estoril, Portugal",Bet365,Stan Wawrinka,Roman Andres Burruchaga,match_aces,19.5,26.0000,,2026-07-20T11:17:36Z,2026-07-21T11:00:00Z,Totals (Aces),6,"{'hdp': 19.5, 'over': '26.00'}"
72965454,2026-07-21,ATP,"ATP - Estoril, Portugal",Bet365,Stan Wawrinka,Roman Andres Burruchaga,match_double_faults,0.5,1.0100,,2026-07-20T11:17:36Z,2026-07-21T11:00:00Z,Team Total (Double Faults) Away,8,"{'hdp': 0.5, 'over': '1.01'}"
72965454,2026-07-21,ATP,"ATP - Estoril, Portugal",Bet365,Stan Wawrinka,Roman Andres Burruchaga,match_double_faults,1.5,1.0500,,2026-07-20T11:17:36Z,2026-07-21T11:00:00Z,Team Total (Double Faults) Away,8,"{'hdp': 1.5, 'over': '1.05'}"
72965454,2026-07-21,ATP,"ATP - Estoril, Portugal",Bet365,Stan Wawrinka,Roman Andres Burruchaga,match_double_faults,2.5,1.1600,,2026-07-20T11:17:36Z,2026-07-21T11:00:00Z,Team Total (Double Faults) Away,8,"{'hdp': 2.5, 'over': '1.16'}"
72965454,2026-07-21,ATP,"ATP - Estoril, Portugal",Bet365,Stan Wawrinka,Roman Andres Burruchaga,match_double_faults,4.5,1.6600,,2026-07-20T11:17:36Z,2026-07-21T11:00:00Z,Team Total (Double Faults) Away,8,"{'hdp': 4.5, 'over': '1.66'}"
72965454,2026-07-21,ATP,"ATP - Estoril, Portugal",Bet365,Stan Wawrinka,Roman Andres Burruchaga,match_double_faults,7.5,3.7500,,2026-07-20T11:17:36Z,2026-07-21T11:00:00Z,Team Total (Double Faults) Away,8,"{'hdp': 7.5, 'over': '3.75'}"
72965454,2026-07-21,ATP,"ATP - Estoril, Portugal",Bet365,Stan Wawrinka,Roman Andres Burruchaga,match_double_faults,9.5,8.0000,,2026-07-20T11:17:36Z,2026-07-21T11:00:00Z,Team Total (Double Faults) Away,8,"{'hdp': 9.5, 'over': '8.00'}"
72965454,2026-07-21,ATP,"ATP - Estoril, Portugal",Bet365,Stan Wawrinka,Roman Andres Burruchaga,match_double_faults,11.5,17.0000,,2026-07-20T11:17:36Z,2026-07-21T11:00:00Z,Team Total (Double Faults) Away,8,"{'hdp': 11.5, 'over': '17.00'}"
72965454,2026-07-21,ATP,"ATP - Estoril, Portugal",Bet365,Stan Wawrinka,Roman Andres Burruchaga,match_double_faults,14.5,26.0000,,2026-07-20T11:17:36Z,2026-07-21T11:00:00Z,Team Total (Double Faults) Away,8,"{'hdp': 14.5, 'over': '26.00'}"
72965454,2026-07-21,ATP,"ATP - Estoril, Portugal",Bet365,Stan Wawrinka,Roman Andres Burruchaga,match_double_faults,0.5,1.0100,,2026-07-20T11:17:36Z,2026-07-21T11:00:00Z,Team Total (Double Faults) Home,6,"{'hdp': 0.5, 'over': '1.01'}"
72965454,2026-07-21,ATP,"ATP - Estoril, Portugal",Bet365,Stan Wawrinka,Roman Andres Burruchaga,match_double_faults,1.5,1.1000,,2026-07-20T11:17:36Z,2026-07-21T11:00:00Z,Team Total (Double Faults) Home,6,"{'hdp': 1.5, 'over': '1.10'}"
72965454,2026-07-21,ATP,"ATP - Estoril, Portugal",Bet365,Stan Wawrinka,Roman Andres Burruchaga,match_double_faults,2.5,1.2800,,2026-07-20T11:17:36Z,2026-07-21T11:00:00Z,Team Total (Double Faults) Home,6,"{'hdp': 2.5, 'over': '1.28'}"
72965454,2026-07-21,ATP,"ATP - Estoril, Portugal",Bet365,Stan Wawrinka,Roman Andres Burruchaga,match_double_faults,4.5,2.3700,,2026-07-20T11:17:36Z,2026-07-21T11:00:00Z,Team Total (Double Faults) Home,6,"{'hdp': 4.5, 'over': '2.37'}"
72965454,2026-07-21,ATP,"ATP - Estoril, Portugal",Bet365,Stan Wawrinka,Roman Andres Burruchaga,match_double_faults,7.5,10.0000,,2026-07-20T11:17:36Z,2026-07-21T11:00:00Z,Team Total (Double Faults) Home,6,"{'hdp': 7.5, 'over': '10.00'}"
72965454,2026-07-21,ATP,"ATP - Estoril, Portugal",Bet365,Stan Wawrinka,Roman Andres Burruchaga,match_double_faults,9.5,26.0000,,2026-07-20T11:17:36Z,2026-07-21T11:00:00Z,Team Total (Double Faults) Home,6,"{'hdp': 9.5, 'over': '26.00'}"
72965454,2026-07-21,ATP,"ATP - Estoril, Portugal",Bet365,Stan Wawrinka,Roman Andres Burruchaga,match_double_faults,4.5,1.0700,,2026-07-20T11:17:36Z,2026-07-21T11:00:00Z,Totals (Double Faults),8,"{'hdp': 4.5, 'over': '1.07'}"
72965454,2026-07-21,ATP,"ATP - Estoril, Portugal",Bet365,Stan Wawrinka,Roman Andres Burruchaga,match_double_faults,7.5,1.4000,,2026-07-20T11:17:36Z,2026-07-21T11:00:00Z,Totals (Double Faults),8,"{'hdp': 7.5, 'over': '1.40'}"
72965454,2026-07-21,ATP,"ATP - Estoril, Portugal",Bet365,Stan Wawrinka,Roman Andres Burruchaga,match_double_faults,9.5,2.0000,,2026-07-20T11:17:36Z,2026-07-21T11:00:00Z,Totals (Double Faults),8,"{'hdp': 9.5, 'over': '2.00'}"
72965454,2026-07-21,ATP,"ATP - Estoril, Portugal",Bet365,Stan Wawrinka,Roman Andres Burruchaga,match_double_faults,11.5,3.2500,,2026-07-20T11:17:36Z,2026-07-21T11:00:00Z,Totals (Double Faults),8,"{'hdp': 11.5, 'over': '3.25'}"
72965454,2026-07-21,ATP,"ATP - Estoril, Portugal",Bet365,Stan Wawrinka,Roman Andres Burruchaga,match_double_faults,14.5,7.0000,,2026-07-20T11:17:36Z,2026-07-21T11:00:00Z,Totals (Double Faults),8,"{'hdp': 14.5, 'over': '7.00'}"
72965454,2026-07-21,ATP,"ATP - Estoril, Portugal",Bet365,Stan Wawrinka,Roman Andres Burruchaga,match_double_faults,19.5,26.0000,,2026-07-20T11:17:36Z,2026-07-21T11:00:00Z,Totals (Double Faults),8,"{'hdp': 19.5, 'over': '26.00'}"
72965458,2026-07-21,ATP,"ATP - Estoril, Portugal",Bet365,Hugo Gaston,Damir Dzumhur,match_aces,0.5,1.0100,,2026-07-20T11:17:36Z,2026-07-21T11:00:00Z,Totals (Aces),5,"{'hdp': 0.5, 'over': '1.01'}"
72965458,2026-07-21,ATP,"ATP - Estoril, Portugal",Bet365,Hugo Gaston,Damir Dzumhur,match_aces,2.5,1.2200,,2026-07-20T11:17:36Z,2026-07-21T11:00:00Z,Totals (Aces),5,"{'hdp': 2.5, 'over': '1.22'}"
72965458,2026-07-21,ATP,"ATP - Estoril, Portugal",Bet365,Hugo Gaston,Damir Dzumhur,match_aces,4.5,1.9000,,2026-07-20T11:17:36Z,2026-07-21T11:00:00Z,Totals (Aces),5,"{'hdp': 4.5, 'over': '1.90'}"
72965458,2026-07-21,ATP,"ATP - Estoril, Portugal",Bet365,Hugo Gaston,Damir Dzumhur,match_aces,9.5,11.0000,,2026-07-20T11:17:36Z,2026-07-21T11:00:00Z,Totals (Aces),5,"{'hdp': 9.5, 'over': '11.00'}"
72965458,2026-07-21,ATP,"ATP - Estoril, Portugal",Bet365,Hugo Gaston,Damir Dzumhur,match_aces,14.5,26.0000,,2026-07-20T11:17:36Z,2026-07-21T11:00:00Z,Totals (Aces),5,"{'hdp': 14.5, 'over': '26.00'}"
72965458,2026-07-21,ATP,"ATP - Estoril, Portugal",Bet365,Hugo Gaston,Damir Dzumhur,match_double_faults,1.5,1.4000,,2026-07-20T11:17:36Z,2026-07-21T11:00:00Z,Team Total (Double Faults) Home,5,"{'hdp': 1.5, 'over': '1.40'}"
72965458,2026-07-21,ATP,"ATP - Estoril, Portugal",Bet365,Hugo Gaston,Damir Dzumhur,match_double_faults,2.5,2.1000,,2026-07-20T11:17:36Z,2026-07-21T11:00:00Z,Team Total (Double Faults) Home,5,"{'hdp': 2.5, 'over': '2.10'}"
72965458,2026-07-21,ATP,"ATP - Estoril, Portugal",Bet365,Hugo Gaston,Damir Dzumhur,match_double_faults,0.5,1.0800,,2026-07-20T11:17:36Z,2026-07-21T11:00:00Z,Team Total (Double Faults) Home,5,"{'hdp': 0.5, 'over': '1.08'}"
72965458,2026-07-21,ATP,"ATP - Estoril, Portugal",Bet365,Hugo Gaston,Damir Dzumhur,match_double_faults,4.5,6.5000,,2026-07-20T11:17:36Z,2026-07-21T11:00:00Z,Team Total (Double Faults) Home,5,"{'hdp': 4.5, 'over': '6.50'}"
72965458,2026-07-21,ATP,"ATP - Estoril, Portugal",Bet365,Hugo Gaston,Damir Dzumhur,match_double_faults,7.5,26.0000,,2026-07-20T11:17:36Z,2026-07-21T11:00:00Z,Team Total (Double Faults) Home,5,"{'hdp': 7.5, 'over': '26.00'}"
72965458,2026-07-21,ATP,"ATP - Estoril, Portugal",Bet365,Hugo Gaston,Damir Dzumhur,match_double_faults,0.5,1.0100,,2026-07-20T11:17:36Z,2026-07-21T11:00:00Z,Totals (Double Faults),6,"{'hdp': 0.5, 'over': '1.01'}"
72965458,2026-07-21,ATP,"ATP - Estoril, Portugal",Bet365,Hugo Gaston,Damir Dzumhur,match_double_faults,1.5,1.0800,,2026-07-20T11:17:36Z,2026-07-21T11:00:00Z,Totals (Double Faults),6,"{'hdp': 1.5, 'over': '1.08'}"
72965458,2026-07-21,ATP,"ATP - Estoril, Portugal",Bet365,Hugo Gaston,Damir Dzumhur,match_double_faults,2.5,1.2800,,2026-07-20T11:17:36Z,2026-07-21T11:00:00Z,Totals (Double Faults),6,"{'hdp': 2.5, 'over': '1.28'}"
72965458,2026-07-21,ATP,"ATP - Estoril, Portugal",Bet365,Hugo Gaston,Damir Dzumhur,match_double_faults,4.5,2.3700,,2026-07-20T11:17:36Z,2026-07-21T11:00:00Z,Totals (Double Faults),6,"{'hdp': 4.5, 'over': '2.37'}"
72965458,2026-07-21,ATP,"ATP - Estoril, Portugal",Bet365,Hugo Gaston,Damir Dzumhur,match_double_faults,7.5,11.0000,,2026-07-20T11:17:36Z,2026-07-21T11:00:00Z,Totals (Double Faults),6,"{'hdp': 7.5, 'over': '11.00'}"
72965458,2026-07-21,ATP,"ATP - Estoril, Portugal",Bet365,Hugo Gaston,Damir Dzumhur,match_double_faults,9.5,26.0000,,2026-07-20T11:17:36Z,2026-07-21T11:00:00Z,Totals (Double Faults),6,"{'hdp': 9.5, 'over': '26.00'}"
72965458,2026-07-21,ATP,"ATP - Estoril, Portugal",Bet365,Hugo Gaston,Damir Dzumhur,match_aces,0.5,1.1400,,2026-07-20T11:17:36Z,2026-07-21T11:00:00Z,Team Total (Aces) Away,4,"{'hdp': 0.5, 'over': '1.14'}"
72965458,2026-07-21,ATP,"ATP - Estoril, Portugal",Bet365,Hugo Gaston,Damir Dzumhur,match_aces,2.5,2.5000,,2026-07-20T11:17:36Z,2026-07-21T11:00:00Z,Team Total (Aces) Away,4,"{'hdp': 2.5, 'over': '2.50'}"
72965458,2026-07-21,ATP,"ATP - Estoril, Portugal",Bet365,Hugo Gaston,Damir Dzumhur,match_aces,4.5,8.0000,,2026-07-20T11:17:36Z,2026-07-21T11:00:00Z,Team Total (Aces) Away,4,"{'hdp': 4.5, 'over': '8.00'}"
72965458,2026-07-21,ATP,"ATP - Estoril, Portugal",Bet365,Hugo Gaston,Damir Dzumhur,match_aces,9.5,26.0000,,2026-07-20T11:17:36Z,2026-07-21T11:00:00Z,Team Total (Aces) Away,4,"{'hdp': 9.5, 'over': '26.00'}"
72965458,2026-07-21,ATP,"ATP - Estoril, Portugal",Bet365,Hugo Gaston,Damir Dzumhur,match_aces,0.5,1.1000,,2026-07-20T11:17:36Z,2026-07-21T11:00:00Z,Team Total (Aces) Home,4,"{'hdp': 0.5, 'over': '1.10'}"
72965458,2026-07-21,ATP,"ATP - Estoril, Portugal",Bet365,Hugo Gaston,Damir Dzumhur,match_aces,2.5,2.0000,,2026-07-20T11:17:36Z,2026-07-21T11:00:00Z,Team Total (Aces) Home,4,"{'hdp': 2.5, 'over': '2.00'}"
72965458,2026-07-21,ATP,"ATP - Estoril, Portugal",Bet365,Hugo Gaston,Damir Dzumhur,match_aces,4.5,5.5000,,2026-07-20T11:17:36Z,2026-07-21T11:00:00Z,Team Total (Aces) Home,4,"{'hdp': 4.5, 'over': '5.50'}"
72965458,2026-07-21,ATP,"ATP - Estoril, Portugal",Bet365,Hugo Gaston,Damir Dzumhur,match_aces,9.5,26.0000,,2026-07-20T11:17:36Z,2026-07-21T11:00:00Z,Team Total (Aces) Home,4,"{'hdp': 9.5, 'over': '26.00'}"
72965458,2026-07-21,ATP,"ATP - Estoril, Portugal",Bet365,Hugo Gaston,Damir Dzumhur,match_double_faults,2.5,4.0000,,2026-07-20T11:17:36Z,2026-07-21T11:00:00Z,Team Total (Double Faults) Away,4,"{'hdp': 2.5, 'over': '4.00'}"
72965458,2026-07-21,ATP,"ATP - Estoril, Portugal",Bet365,Hugo Gaston,Damir Dzumhur,match_double_faults,0.5,1.2500,,2026-07-20T11:17:36Z,2026-07-21T11:00:00Z,Team Total (Double Faults) Away,4,"{'hdp': 0.5, 'over': '1.25'}"
72965458,2026-07-21,ATP,"ATP - Estoril, Portugal",Bet365,Hugo Gaston,Damir Dzumhur,match_double_faults,1.5,2.1000,,2026-07-20T11:17:36Z,2026-07-21T11:00:00Z,Team Total (Double Faults) Away,4,"{'hdp': 1.5, 'over': '2.10'}"
72965458,2026-07-21,ATP,"ATP - Estoril, Portugal",Bet365,Hugo Gaston,Damir Dzumhur,match_double_faults,4.5,21.0000,,2026-07-20T11:17:36Z,2026-07-21T11:00:00Z,Team Total (Double Faults) Away,4,"{'hdp': 4.5, 'over': '21.00'}"
72965462,2026-07-21,ATP,"ATP - Estoril, Portugal",Bet365,Vilius Gaubas,Pablo Carreno Busta,match_aces,0.5,1.0300,,2026-07-20T11:17:36Z,2026-07-21T11:00:00Z,Team Total (Aces) Home,5,"{'hdp': 0.5, 'over': '1.03'}"
72965462,2026-07-21,ATP,"ATP - Estoril, Portugal",Bet365,Vilius Gaubas,Pablo Carreno Busta,match_aces,2.5,1.4000,,2026-07-20T11:17:36Z,2026-07-21T11:00:00Z,Team Total (Aces) Home,5,"{'hdp': 2.5, 'over': '1.40'}"
72965462,2026-07-21,ATP,"ATP - Estoril, Portugal",Bet365,Vilius Gaubas,Pablo Carreno Busta,match_aces,4.5,2.5000,,2026-07-20T11:17:36Z,2026-07-21T11:00:00Z,Team Total (Aces) Home,5,"{'hdp': 4.5, 'over': '2.50'}"
72965462,2026-07-21,ATP,"ATP - Estoril, Portugal",Bet365,Vilius Gaubas,Pablo Carreno Busta,match_aces,9.5,17.0000,,2026-07-20T11:17:36Z,2026-07-21T11:00:00Z,Team Total (Aces) Home,5,"{'hdp': 9.5, 'over': '17.00'}"
72965462,2026-07-21,ATP,"ATP - Estoril, Portugal",Bet365,Vilius Gaubas,Pablo Carreno Busta,match_aces,14.5,26.0000,,2026-07-20T11:17:36Z,2026-07-21T11:00:00Z,Team Total (Aces) Home,5,"{'hdp': 14.5, 'over': '26.00'}"
72965462,2026-07-21,ATP,"ATP - Estoril, Portugal",Bet365,Vilius Gaubas,Pablo Carreno Busta,match_double_faults,0.5,1.0100,,2026-07-20T11:17:36Z,2026-07-21T11:00:00Z,Totals (Double Faults),6,"{'hdp': 0.5, 'over': '1.01'}"
72965462,2026-07-21,ATP,"ATP - Estoril, Portugal",Bet365,Vilius Gaubas,Pablo Carreno Busta,match_double_faults,1.5,1.1100,,2026-07-20T11:17:36Z,2026-07-21T11:00:00Z,Totals (Double Faults),6,"{'hdp': 1.5, 'over': '1.11'}"
72965462,2026-07-21,ATP,"ATP - Estoril, Portugal",Bet365,Vilius Gaubas,Pablo Carreno Busta,match_double_faults,2.5,1.3600,,2026-07-20T11:17:36Z,2026-07-21T11:00:00Z,Totals (Double Faults),6,"{'hdp': 2.5, 'over': '1.36'}"
72965462,2026-07-21,ATP,"ATP - Estoril, Portugal",Bet365,Vilius Gaubas,Pablo Carreno Busta,match_double_faults,4.5,2.7500,,2026-07-20T11:17:36Z,2026-07-21T11:00:00Z,Totals (Double Faults),6,"{'hdp': 4.5, 'over': '2.75'}"
72965462,2026-07-21,ATP,"ATP - Estoril, Portugal",Bet365,Vilius Gaubas,Pablo Carreno Busta,match_double_faults,9.5,26.0000,,2026-07-20T11:17:36Z,2026-07-21T11:00:00Z,Totals (Double Faults),6,"{'hdp': 9.5, 'over': '26.00'}"
72965462,2026-07-21,ATP,"ATP - Estoril, Portugal",Bet365,Vilius Gaubas,Pablo Carreno Busta,match_double_faults,7.5,13.0000,,2026-07-20T11:17:36Z,2026-07-21T11:00:00Z,Totals (Double Faults),6,"{'hdp': 7.5, 'over': '13.00'}"
72965462,2026-07-21,ATP,"ATP - Estoril, Portugal",Bet365,Vilius Gaubas,Pablo Carreno Busta,match_aces,0.5,1.0400,,2026-07-20T11:17:36Z,2026-07-21T11:00:00Z,Team Total (Aces) Away,5,"{'hdp': 0.5, 'over': '1.04'}"
72965462,2026-07-21,ATP,"ATP - Estoril, Portugal",Bet365,Vilius Gaubas,Pablo Carreno Busta,match_aces,2.5,1.4400,,2026-07-20T11:17:36Z,2026-07-21T11:00:00Z,Team Total (Aces) Away,5,"{'hdp': 2.5, 'over': '1.44'}"
72965462,2026-07-21,ATP,"ATP - Estoril, Portugal",Bet365,Vilius Gaubas,Pablo Carreno Busta,match_aces,4.5,2.7500,,2026-07-20T11:17:36Z,2026-07-21T11:00:00Z,Team Total (Aces) Away,5,"{'hdp': 4.5, 'over': '2.75'}"
72965462,2026-07-21,ATP,"ATP - Estoril, Portugal",Bet365,Vilius Gaubas,Pablo Carreno Busta,match_aces,9.5,23.0000,,2026-07-20T11:17:36Z,2026-07-21T11:00:00Z,Team Total (Aces) Away,5,"{'hdp': 9.5, 'over': '23.00'}"
72965462,2026-07-21,ATP,"ATP - Estoril, Portugal",Bet365,Vilius Gaubas,Pablo Carreno Busta,match_aces,14.5,26.0000,,2026-07-20T11:17:36Z,2026-07-21T11:00:00Z,Team Total (Aces) Away,5,"{'hdp': 14.5, 'over': '26.00'}"
72965462,2026-07-21,ATP,"ATP - Estoril, Portugal",Bet365,Vilius Gaubas,Pablo Carreno Busta,match_double_faults,0.5,1.2500,,2026-07-20T11:17:36Z,2026-07-21T11:00:00Z,Team Total (Double Faults) Away,5,"{'hdp': 0.5, 'over': '1.25'}"
72965462,2026-07-21,ATP,"ATP - Estoril, Portugal",Bet365,Vilius Gaubas,Pablo Carreno Busta,match_double_faults,1.5,2.0000,,2026-07-20T11:17:36Z,2026-07-21T11:00:00Z,Team Total (Double Faults) Away,5,"{'hdp': 1.5, 'over': '2.00'}"
72965462,2026-07-21,ATP,"ATP - Estoril, Portugal",Bet365,Vilius Gaubas,Pablo Carreno Busta,match_double_faults,4.5,19.0000,,2026-07-20T11:17:36Z,2026-07-21T11:00:00Z,Team Total (Double Faults) Away,5,"{'hdp': 4.5, 'over': '19.00'}"
72965462,2026-07-21,ATP,"ATP - Estoril, Portugal",Bet365,Vilius Gaubas,Pablo Carreno Busta,match_double_faults,7.5,26.0000,,2026-07-20T11:17:36Z,2026-07-21T11:00:00Z,Team Total (Double Faults) Away,5,"{'hdp': 7.5, 'over': '26.00'}"
72965462,2026-07-21,ATP,"ATP - Estoril, Portugal",Bet365,Vilius Gaubas,Pablo Carreno Busta,match_double_faults,2.5,3.7500,,2026-07-20T11:17:36Z,2026-07-21T11:00:00Z,Team Total (Double Faults) Away,5,"{'hdp': 2.5, 'over': '3.75'}"
72965462,2026-07-21,ATP,"ATP - Estoril, Portugal",Bet365,Vilius Gaubas,Pablo Carreno Busta,match_aces,2.5,1.0500,,2026-07-20T11:17:36Z,2026-07-21T11:00:00Z,Totals (Aces),6,"{'hdp': 2.5, 'over': '1.05'}"
72965462,2026-07-21,ATP,"ATP - Estoril, Portugal",Bet365,Vilius Gaubas,Pablo Carreno Busta,match_aces,9.5,3.0000,,2026-07-20T11:17:36Z,2026-07-21T11:00:00Z,Totals (Aces),6,"{'hdp': 9.5, 'over': '3.00'}"
72965462,2026-07-21,ATP,"ATP - Estoril, Portugal",Bet365,Vilius Gaubas,Pablo Carreno Busta,match_aces,14.5,11.0000,,2026-07-20T11:17:36Z,2026-07-21T11:00:00Z,Totals (Aces),6,"{'hdp': 14.5, 'over': '11.00'}"
72965462,2026-07-21,ATP,"ATP - Estoril, Portugal",Bet365,Vilius Gaubas,Pablo Carreno Busta,match_aces,19.5,26.0000,,2026-07-20T11:17:36Z,2026-07-21T11:00:00Z,Totals (Aces),6,"{'hdp': 19.5, 'over': '26.00'}"
72965462,2026-07-21,ATP,"ATP - Estoril, Portugal",Bet365,Vilius Gaubas,Pablo Carreno Busta,match_aces,4.5,1.2200,,2026-07-20T11:17:36Z,2026-07-21T11:00:00Z,Totals (Aces),6,"{'hdp': 4.5, 'over': '1.22'}"
72965462,2026-07-21,ATP,"ATP - Estoril, Portugal",Bet365,Vilius Gaubas,Pablo Carreno Busta,match_double_faults,0.5,1.1100,,2026-07-20T11:17:36Z,2026-07-21T11:00:00Z,Team Total (Double Faults) Home,5,"{'hdp': 0.5, 'over': '1.11'}"
72965462,2026-07-21,ATP,"ATP - Estoril, Portugal",Bet365,Vilius Gaubas,Pablo Carreno Busta,match_double_faults,1.5,1.5300,,2026-07-20T11:17:36Z,2026-07-21T11:00:00Z,Team Total (Double Faults) Home,5,"{'hdp': 1.5, 'over': '1.53'}"
72965462,2026-07-21,ATP,"ATP - Estoril, Portugal",Bet365,Vilius Gaubas,Pablo Carreno Busta,match_double_faults,2.5,2.5000,,2026-07-20T11:17:36Z,2026-07-21T11:00:00Z,Team Total (Double Faults) Home,5,"{'hdp': 2.5, 'over': '2.50'}"
72965462,2026-07-21,ATP,"ATP - Estoril, Portugal",Bet365,Vilius Gaubas,Pablo Carreno Busta,match_double_faults,4.5,10.0000,,2026-07-20T11:17:36Z,2026-07-21T11:00:00Z,Team Total (Double Faults) Home,5,"{'hdp': 4.5, 'over': '10.00'}"
72965462,2026-07-21,ATP,"ATP - Estoril, Portugal",Bet365,Vilius Gaubas,Pablo Carreno Busta,match_double_faults,7.5,26.0000,,2026-07-20T11:17:36Z,2026-07-21T11:00:00Z,Team Total (Double Faults) Home,5,"{'hdp': 7.5, 'over': '26.00'}"
72965466,2026-07-21,ATP,"ATP - Estoril, Portugal",Bet365,Jan Choinski,Jesper De Jong,match_double_faults,0.5,1.2000,,2026-07-20T11:17:36Z,2026-07-21T11:00:00Z,Team Total (Double Faults) Home,5,"{'hdp': 0.5, 'over': '1.20'}"
72965466,2026-07-21,ATP,"ATP - Estoril, Portugal",Bet365,Jan Choinski,Jesper De Jong,match_double_faults,1.5,1.8300,,2026-07-20T11:17:36Z,2026-07-21T11:00:00Z,Team Total (Double Faults) Home,5,"{'hdp': 1.5, 'over': '1.83'}"
72965466,2026-07-21,ATP,"ATP - Estoril, Portugal",Bet365,Jan Choinski,Jesper De Jong,match_double_faults,2.5,3.5000,,2026-07-20T11:17:36Z,2026-07-21T11:00:00Z,Team Total (Double Faults) Home,5,"{'hdp': 2.5, 'over': '3.50'}"
72965466,2026-07-21,ATP,"ATP - Estoril, Portugal",Bet365,Jan Choinski,Jesper De Jong,match_double_faults,4.5,17.0000,,2026-07-20T11:17:36Z,2026-07-21T11:00:00Z,Team Total (Double Faults) Home,5,"{'hdp': 4.5, 'over': '17.00'}"
72965466,2026-07-21,ATP,"ATP - Estoril, Portugal",Bet365,Jan Choinski,Jesper De Jong,match_double_faults,7.5,26.0000,,2026-07-20T11:17:36Z,2026-07-21T11:00:00Z,Team Total (Double Faults) Home,5,"{'hdp': 7.5, 'over': '26.00'}"
72965466,2026-07-21,ATP,"ATP - Estoril, Portugal",Bet365,Jan Choinski,Jesper De Jong,match_aces,2.5,1.1000,,2026-07-20T11:17:36Z,2026-07-21T11:00:00Z,Team Total (Aces) Away,6,"{'hdp': 2.5, 'over': '1.10'}"
72965466,2026-07-21,ATP,"ATP - Estoril, Portugal",Bet365,Jan Choinski,Jesper De Jong,match_aces,4.5,1.4000,,2026-07-20T11:17:36Z,2026-07-21T11:00:00Z,Team Total (Aces) Away,6,"{'hdp': 4.5, 'over': '1.40'}"
72965466,2026-07-21,ATP,"ATP - Estoril, Portugal",Bet365,Jan Choinski,Jesper De Jong,match_aces,9.5,4.0000,,2026-07-20T11:17:36Z,2026-07-21T11:00:00Z,Team Total (Aces) Away,6,"{'hdp': 9.5, 'over': '4.00'}"
72965466,2026-07-21,ATP,"ATP - Estoril, Portugal",Bet365,Jan Choinski,Jesper De Jong,match_aces,14.5,17.0000,,2026-07-20T11:17:36Z,2026-07-21T11:00:00Z,Team Total (Aces) Away,6,"{'hdp': 14.5, 'over': '17.00'}"
72965466,2026-07-21,ATP,"ATP - Estoril, Portugal",Bet365,Jan Choinski,Jesper De Jong,match_aces,19.5,26.0000,,2026-07-20T11:17:36Z,2026-07-21T11:00:00Z,Team Total (Aces) Away,6,"{'hdp': 19.5, 'over': '26.00'}"
72965466,2026-07-21,ATP,"ATP - Estoril, Portugal",Bet365,Jan Choinski,Jesper De Jong,match_double_faults,0.5,1.0400,,2026-07-20T11:17:36Z,2026-07-21T11:00:00Z,Team Total (Double Faults) Away,6,"{'hdp': 0.5, 'over': '1.04'}"
72965466,2026-07-21,ATP,"ATP - Estoril, Portugal",Bet365,Jan Choinski,Jesper De Jong,match_double_faults,1.5,1.1800,,2026-07-20T11:17:36Z,2026-07-21T11:00:00Z,Team Total (Double Faults) Away,6,"{'hdp': 1.5, 'over': '1.18'}"
72965466,2026-07-21,ATP,"ATP - Estoril, Portugal",Bet365,Jan Choinski,Jesper De Jong,match_double_faults,2.5,1.5300,,2026-07-20T11:17:36Z,2026-07-21T11:00:00Z,Team Total (Double Faults) Away,6,"{'hdp': 2.5, 'over': '1.53'}"
72965466,2026-07-21,ATP,"ATP - Estoril, Portugal",Bet365,Jan Choinski,Jesper De Jong,match_double_faults,4.5,3.4000,,2026-07-20T11:17:36Z,2026-07-21T11:00:00Z,Team Total (Double Faults) Away,6,"{'hdp': 4.5, 'over': '3.40'}"
72965466,2026-07-21,ATP,"ATP - Estoril, Portugal",Bet365,Jan Choinski,Jesper De Jong,match_double_faults,7.5,17.0000,,2026-07-20T11:17:36Z,2026-07-21T11:00:00Z,Team Total (Double Faults) Away,6,"{'hdp': 7.5, 'over': '17.00'}"
72965466,2026-07-21,ATP,"ATP - Estoril, Portugal",Bet365,Jan Choinski,Jesper De Jong,match_double_faults,9.5,26.0000,,2026-07-20T11:17:36Z,2026-07-21T11:00:00Z,Team Total (Double Faults) Away,6,"{'hdp': 9.5, 'over': '26.00'}"
72965466,2026-07-21,ATP,"ATP - Estoril, Portugal",Bet365,Jan Choinski,Jesper De Jong,match_aces,0.5,1.0100,,2026-07-20T11:17:36Z,2026-07-21T11:00:00Z,Team Total (Aces) Home,5,"{'hdp': 0.5, 'over': '1.01'}"
72965466,2026-07-21,ATP,"ATP - Estoril, Portugal",Bet365,Jan Choinski,Jesper De Jong,match_aces,2.5,1.2200,,2026-07-20T11:17:36Z,2026-07-21T11:00:00Z,Team Total (Aces) Home,5,"{'hdp': 2.5, 'over': '1.22'}"
72965466,2026-07-21,ATP,"ATP - Estoril, Portugal",Bet365,Jan Choinski,Jesper De Jong,match_aces,4.5,1.8000,,2026-07-20T11:17:36Z,2026-07-21T11:00:00Z,Team Total (Aces) Home,5,"{'hdp': 4.5, 'over': '1.80'}"
72965466,2026-07-21,ATP,"ATP - Estoril, Portugal",Bet365,Jan Choinski,Jesper De Jong,match_aces,9.5,9.0000,,2026-07-20T11:17:36Z,2026-07-21T11:00:00Z,Team Total (Aces) Home,5,"{'hdp': 9.5, 'over': '9.00'}"
72965466,2026-07-21,ATP,"ATP - Estoril, Portugal",Bet365,Jan Choinski,Jesper De Jong,match_aces,14.5,26.0000,,2026-07-20T11:17:36Z,2026-07-21T11:00:00Z,Team Total (Aces) Home,5,"{'hdp': 14.5, 'over': '26.00'}"
72965466,2026-07-21,ATP,"ATP - Estoril, Portugal",Bet365,Jan Choinski,Jesper De Jong,match_aces,2.5,1.0100,,2026-07-20T11:17:36Z,2026-07-21T11:00:00Z,Totals (Aces),8,"{'hdp': 2.5, 'over': '1.01'}"
72965466,2026-07-21,ATP,"ATP - Estoril, Portugal",Bet365,Jan Choinski,Jesper De Jong,match_aces,4.5,1.0600,,2026-07-20T11:17:36Z,2026-07-21T11:00:00Z,Totals (Aces),8,"{'hdp': 4.5, 'over': '1.06'}"
72965466,2026-07-21,ATP,"ATP - Estoril, Portugal",Bet365,Jan Choinski,Jesper De Jong,match_aces,9.5,1.5700,,2026-07-20T11:17:36Z,2026-07-21T11:00:00Z,Totals (Aces),8,"{'hdp': 9.5, 'over': '1.57'}"
72965466,2026-07-21,ATP,"ATP - Estoril, Portugal",Bet365,Jan Choinski,Jesper De Jong,match_aces,14.5,3.2500,,2026-07-20T11:17:36Z,2026-07-21T11:00:00Z,Totals (Aces),8,"{'hdp': 14.5, 'over': '3.25'}"
72965466,2026-07-21,ATP,"ATP - Estoril, Portugal",Bet365,Jan Choinski,Jesper De Jong,match_aces,19.5,8.0000,,2026-07-20T11:17:36Z,2026-07-21T11:00:00Z,Totals (Aces),8,"{'hdp': 19.5, 'over': '8.00'}"
72965466,2026-07-21,ATP,"ATP - Estoril, Portugal",Bet365,Jan Choinski,Jesper De Jong,match_aces,24.5,21.0000,,2026-07-20T11:17:36Z,2026-07-21T11:00:00Z,Totals (Aces),8,"{'hdp': 24.5, 'over': '21.00'}"
72965466,2026-07-21,ATP,"ATP - Estoril, Portugal",Bet365,Jan Choinski,Jesper De Jong,match_aces,29.5,26.0000,,2026-07-20T11:17:36Z,2026-07-21T11:00:00Z,Totals (Aces),8,"{'hdp': 29.5, 'over': '26.00'}"
72965466,2026-07-21,ATP,"ATP - Estoril, Portugal",Bet365,Jan Choinski,Jesper De Jong,match_double_faults,1.5,1.0400,,2026-07-20T11:17:36Z,2026-07-21T11:00:00Z,Totals (Double Faults),7,"{'hdp': 1.5, 'over': '1.04'}"
72965466,2026-07-21,ATP,"ATP - Estoril, Portugal",Bet365,Jan Choinski,Jesper De Jong,match_double_faults,2.5,1.1400,,2026-07-20T11:17:36Z,2026-07-21T11:00:00Z,Totals (Double Faults),7,"{'hdp': 2.5, 'over': '1.14'}"
72965466,2026-07-21,ATP,"ATP - Estoril, Portugal",Bet365,Jan Choinski,Jesper De Jong,match_double_faults,4.5,1.6600,,2026-07-20T11:17:36Z,2026-07-21T11:00:00Z,Totals (Double Faults),7,"{'hdp': 4.5, 'over': '1.66'}"
72965466,2026-07-21,ATP,"ATP - Estoril, Portugal",Bet365,Jan Choinski,Jesper De Jong,match_double_faults,7.5,5.0000,,2026-07-20T11:17:36Z,2026-07-21T11:00:00Z,Totals (Double Faults),7,"{'hdp': 7.5, 'over': '5.00'}"
72965466,2026-07-21,ATP,"ATP - Estoril, Portugal",Bet365,Jan Choinski,Jesper De Jong,match_double_faults,9.5,13.0000,,2026-07-20T11:17:36Z,2026-07-21T11:00:00Z,Totals (Double Faults),7,"{'hdp': 9.5, 'over': '13.00'}"
72965466,2026-07-21,ATP,"ATP - Estoril, Portugal",Bet365,Jan Choinski,Jesper De Jong,match_double_faults,11.5,26.0000,,2026-07-20T11:17:36Z,2026-07-21T11:00:00Z,Totals (Double Faults),7,"{'hdp': 11.5, 'over': '26.00'}"
