event_id,date,tour,tournament,bookmaker,player,opponent,market,line,over_odds,under_odds,capture_ts,match_start_utc,raw_market_name,raw_outcome_count,raw_label_sample
73667536,2026-08-14,ATP,Cincinnati,Bet365,Stefanos Tsitsipas,Valentin Royer,aces,2.5,1.0200,,2026-08-14T09:30:33Z,2026-08-14T15:00:00Z,Team Total (Aces) Away,7,"{'hdp': 2.5, 'over': '1.02'}"
73667536,2026-08-14,ATP,Cincinnati,Bet365,Stefanos Tsitsipas,Valentin Royer,aces,4.5,1.1100,,2026-08-14T09:30:33Z,2026-08-14T15:00:00Z,Team Total (Aces) Away,7,"{'hdp': 4.5, 'over': '1.11'}"
73667536,2026-08-14,ATP,Cincinnati,Bet365,Stefanos Tsitsipas,Valentin Royer,aces,9.5,1.8000,,2026-08-14T09:30:33Z,2026-08-14T15:00:00Z,Team Total (Aces) Away,7,"{'hdp': 9.5, 'over': '1.80'}"
73667536,2026-08-14,ATP,Cincinnati,Bet365,Stefanos Tsitsipas,Valentin Royer,aces,14.5,4.0000,,2026-08-14T09:30:33Z,2026-08-14T15:00:00Z,Team Total (Aces) Away,7,"{'hdp': 14.5, 'over': '4.00'}"
73667536,2026-08-14,ATP,Cincinnati,Bet365,Stefanos Tsitsipas,Valentin Royer,aces,19.5,11.0000,,2026-08-14T09:30:33Z,2026-08-14T15:00:00Z,Team Total (Aces) Away,7,"{'hdp': 19.5, 'over': '11.00'}"
73667536,2026-08-14,ATP,Cincinnati,Bet365,Stefanos Tsitsipas,Valentin Royer,aces,24.5,26.0000,,2026-08-14T09:30:33Z,2026-08-14T15:00:00Z,Team Total (Aces) Away,7,"{'hdp': 24.5, 'over': '26.00'}"
73667536,2026-08-14,ATP,Cincinnati,Bet365,Valentin Royer,Stefanos Tsitsipas,aces,2.5,1.1200,,2026-08-14T09:30:33Z,2026-08-14T15:00:00Z,Team Total (Aces) Home,6,"{'hdp': 2.5, 'over': '1.12'}"
73667536,2026-08-14,ATP,Cincinnati,Bet365,Valentin Royer,Stefanos Tsitsipas,aces,4.5,1.4400,,2026-08-14T09:30:33Z,2026-08-14T15:00:00Z,Team Total (Aces) Home,6,"{'hdp': 4.5, 'over': '1.44'}"
73667536,2026-08-14,ATP,Cincinnati,Bet365,Valentin Royer,Stefanos Tsitsipas,aces,9.5,3.7500,,2026-08-14T09:30:33Z,2026-08-14T15:00:00Z,Team Total (Aces) Home,6,"{'hdp': 9.5, 'over': '3.75'}"
73667536,2026-08-14,ATP,Cincinnati,Bet365,Valentin Royer,Stefanos Tsitsipas,aces,14.5,13.0000,,2026-08-14T09:30:33Z,2026-08-14T15:00:00Z,Team Total (Aces) Home,6,"{'hdp': 14.5, 'over': '13.00'}"
73667536,2026-08-14,ATP,Cincinnati,Bet365,Valentin Royer,Stefanos Tsitsipas,aces,19.5,26.0000,,2026-08-14T09:30:33Z,2026-08-14T15:00:00Z,Team Total (Aces) Home,6,"{'hdp': 19.5, 'over': '26.00'}"
73667536,2026-08-14,ATP,Cincinnati,Bet365,Valentin Royer,Stefanos Tsitsipas,match_aces,4.5,1.0100,,2026-08-14T09:30:33Z,2026-08-14T15:00:00Z,Totals (Aces),8,"{'hdp': 4.5, 'over': '1.01'}"
73667536,2026-08-14,ATP,Cincinnati,Bet365,Valentin Royer,Stefanos Tsitsipas,match_aces,9.5,1.1400,,2026-08-14T09:30:33Z,2026-08-14T15:00:00Z,Totals (Aces),8,"{'hdp': 9.5, 'over': '1.14'}"
73667536,2026-08-14,ATP,Cincinnati,Bet365,Valentin Royer,Stefanos Tsitsipas,match_aces,14.5,1.5700,,2026-08-14T09:30:33Z,2026-08-14T15:00:00Z,Totals (Aces),8,"{'hdp': 14.5, 'over': '1.57'}"
73667536,2026-08-14,ATP,Cincinnati,Bet365,Valentin Royer,Stefanos Tsitsipas,match_aces,19.5,2.6200,,2026-08-14T09:30:33Z,2026-08-14T15:00:00Z,Totals (Aces),8,"{'hdp': 19.5, 'over': '2.62'}"
73667536,2026-08-14,ATP,Cincinnati,Bet365,Valentin Royer,Stefanos Tsitsipas,match_aces,24.5,5.0000,,2026-08-14T09:30:33Z,2026-08-14T15:00:00Z,Totals (Aces),8,"{'hdp': 24.5, 'over': '5.00'}"
73667536,2026-08-14,ATP,Cincinnati,Bet365,Valentin Royer,Stefanos Tsitsipas,match_aces,29.5,10.0000,,2026-08-14T09:30:33Z,2026-08-14T15:00:00Z,Totals (Aces),8,"{'hdp': 29.5, 'over': '10.00'}"
73667536,2026-08-14,ATP,Cincinnati,Bet365,Valentin Royer,Stefanos Tsitsipas,match_aces,39.5,26.0000,,2026-08-14T09:30:33Z,2026-08-14T15:00:00Z,Totals (Aces),8,"{'hdp': 39.5, 'over': '26.00'}"
73721730,2026-08-14,ATP,Cincinnati,Bet365,Hubert Hurkacz,Sho Shimabukuro,double_faults,0.5,1.0800,,2026-08-14T09:30:33Z,2026-08-14T15:00:00Z,Team Total (Double Faults) Away,5,"{'hdp': 0.5, 'over': '1.08'}"
73721730,2026-08-14,ATP,Cincinnati,Bet365,Hubert Hurkacz,Sho Shimabukuro,double_faults,1.5,1.3600,,2026-08-14T09:30:33Z,2026-08-14T15:00:00Z,Team Total (Double Faults) Away,5,"{'hdp': 1.5, 'over': '1.36'}"
73721730,2026-08-14,ATP,Cincinnati,Bet365,Hubert Hurkacz,Sho Shimabukuro,double_faults,2.5,1.9000,,2026-08-14T09:30:33Z,2026-08-14T15:00:00Z,Team Total (Double Faults) Away,5,"{'hdp': 2.5, 'over': '1.90'}"
73721730,2026-08-14,ATP,Cincinnati,Bet365,Hubert Hurkacz,Sho Shimabukuro,double_faults,4.5,5.0000,,2026-08-14T09:30:33Z,2026-08-14T15:00:00Z,Team Total (Double Faults) Away,5,"{'hdp': 4.5, 'over': '5.00'}"
73721730,2026-08-14,ATP,Cincinnati,Bet365,Hubert Hurkacz,Sho Shimabukuro,double_faults,7.5,26.0000,,2026-08-14T09:30:33Z,2026-08-14T15:00:00Z,Team Total (Double Faults) Away,5,"{'hdp': 7.5, 'over': '26.00'}"
73721730,2026-08-14,ATP,Cincinnati,Bet365,Hubert Hurkacz,Sho Shimabukuro,aces,2.5,1.0100,,2026-08-14T09:30:33Z,2026-08-14T15:00:00Z,Team Total (Aces) Away,8,"{'hdp': 2.5, 'over': '1.01'}"
73721730,2026-08-14,ATP,Cincinnati,Bet365,Hubert Hurkacz,Sho Shimabukuro,aces,4.5,1.0500,,2026-08-14T09:30:33Z,2026-08-14T15:00:00Z,Team Total (Aces) Away,8,"{'hdp': 4.5, 'over': '1.05'}"
73721730,2026-08-14,ATP,Cincinnati,Bet365,Hubert Hurkacz,Sho Shimabukuro,aces,9.5,1.4400,,2026-08-14T09:30:33Z,2026-08-14T15:00:00Z,Team Total (Aces) Away,8,"{'hdp': 9.5, 'over': '1.44'}"
73721730,2026-08-14,ATP,Cincinnati,Bet365,Hubert Hurkacz,Sho Shimabukuro,aces,14.5,2.6200,,2026-08-14T09:30:33Z,2026-08-14T15:00:00Z,Team Total (Aces) Away,8,"{'hdp': 14.5, 'over': '2.62'}"
73721730,2026-08-14,ATP,Cincinnati,Bet365,Hubert Hurkacz,Sho Shimabukuro,aces,19.5,5.5000,,2026-08-14T09:30:33Z,2026-08-14T15:00:00Z,Team Total (Aces) Away,8,"{'hdp': 19.5, 'over': '5.50'}"
73721730,2026-08-14,ATP,Cincinnati,Bet365,Hubert Hurkacz,Sho Shimabukuro,aces,24.5,13.0000,,2026-08-14T09:30:33Z,2026-08-14T15:00:00Z,Team Total (Aces) Away,8,"{'hdp': 24.5, 'over': '13.00'}"
73721730,2026-08-14,ATP,Cincinnati,Bet365,Hubert Hurkacz,Sho Shimabukuro,aces,29.5,26.0000,,2026-08-14T09:30:33Z,2026-08-14T15:00:00Z,Team Total (Aces) Away,8,"{'hdp': 29.5, 'over': '26.00'}"
73721730,2026-08-14,ATP,Cincinnati,Bet365,Sho Shimabukuro,Hubert Hurkacz,double_faults,0.5,1.0200,,2026-08-14T09:30:33Z,2026-08-14T15:00:00Z,Team Total (Double Faults) Home,6,"{'hdp': 0.5, 'over': '1.02'}"
73721730,2026-08-14,ATP,Cincinnati,Bet365,Sho Shimabukuro,Hubert Hurkacz,double_faults,1.5,1.1200,,2026-08-14T09:30:33Z,2026-08-14T15:00:00Z,Team Total (Double Faults) Home,6,"{'hdp': 1.5, 'over': '1.12'}"
73721730,2026-08-14,ATP,Cincinnati,Bet365,Sho Shimabukuro,Hubert Hurkacz,double_faults,2.5,1.4000,,2026-08-14T09:30:33Z,2026-08-14T15:00:00Z,Team Total (Double Faults) Home,6,"{'hdp': 2.5, 'over': '1.40'}"
73721730,2026-08-14,ATP,Cincinnati,Bet365,Sho Shimabukuro,Hubert Hurkacz,double_faults,4.5,2.7500,,2026-08-14T09:30:33Z,2026-08-14T15:00:00Z,Team Total (Double Faults) Home,6,"{'hdp': 4.5, 'over': '2.75'}"
73721730,2026-08-14,ATP,Cincinnati,Bet365,Sho Shimabukuro,Hubert Hurkacz,double_faults,7.5,15.0000,,2026-08-14T09:30:33Z,2026-08-14T15:00:00Z,Team Total (Double Faults) Home,6,"{'hdp': 7.5, 'over': '15.00'}"
73721730,2026-08-14,ATP,Cincinnati,Bet365,Sho Shimabukuro,Hubert Hurkacz,double_faults,9.5,26.0000,,2026-08-14T09:30:33Z,2026-08-14T15:00:00Z,Team Total (Double Faults) Home,6,"{'hdp': 9.5, 'over': '26.00'}"
73721730,2026-08-14,ATP,Cincinnati,Bet365,Sho Shimabukuro,Hubert Hurkacz,match_aces,9.5,1.0800,,2026-08-14T09:30:33Z,2026-08-14T15:00:00Z,Totals (Aces),9,"{'hdp': 9.5, 'over': '1.08'}"
73721730,2026-08-14,ATP,Cincinnati,Bet365,Sho Shimabukuro,Hubert Hurkacz,match_aces,14.5,1.4000,,2026-08-14T09:30:33Z,2026-08-14T15:00:00Z,Totals (Aces),9,"{'hdp': 14.5, 'over': '1.40'}"
73721730,2026-08-14,ATP,Cincinnati,Bet365,Sho Shimabukuro,Hubert Hurkacz,match_aces,19.5,2.1000,,2026-08-14T09:30:33Z,2026-08-14T15:00:00Z,Totals (Aces),9,"{'hdp': 19.5, 'over': '2.10'}"
73721730,2026-08-14,ATP,Cincinnati,Bet365,Sho Shimabukuro,Hubert Hurkacz,match_aces,24.5,3.5000,,2026-08-14T09:30:33Z,2026-08-14T15:00:00Z,Totals (Aces),9,"{'hdp': 24.5, 'over': '3.50'}"
73721730,2026-08-14,ATP,Cincinnati,Bet365,Sho Shimabukuro,Hubert Hurkacz,match_aces,29.5,6.5000,,2026-08-14T09:30:33Z,2026-08-14T15:00:00Z,Totals (Aces),9,"{'hdp': 29.5, 'over': '6.50'}"
73721730,2026-08-14,ATP,Cincinnati,Bet365,Sho Shimabukuro,Hubert Hurkacz,match_aces,39.5,23.0000,,2026-08-14T09:30:33Z,2026-08-14T15:00:00Z,Totals (Aces),9,"{'hdp': 39.5, 'over': '23.00'}"
73721730,2026-08-14,ATP,Cincinnati,Bet365,Sho Shimabukuro,Hubert Hurkacz,match_aces,49.5,26.0000,,2026-08-14T09:30:33Z,2026-08-14T15:00:00Z,Totals (Aces),9,"{'hdp': 49.5, 'over': '26.00'}"
73721730,2026-08-14,ATP,Cincinnati,Bet365,Sho Shimabukuro,Hubert Hurkacz,match_double_faults,1.5,1.0100,,2026-08-14T09:30:33Z,2026-08-14T15:00:00Z,Totals (Double Faults),8,"{'hdp': 1.5, 'over': '1.01'}"
73721730,2026-08-14,ATP,Cincinnati,Bet365,Sho Shimabukuro,Hubert Hurkacz,match_double_faults,2.5,1.0500,,2026-08-14T09:30:33Z,2026-08-14T15:00:00Z,Totals (Double Faults),8,"{'hdp': 2.5, 'over': '1.05'}"
73721730,2026-08-14,ATP,Cincinnati,Bet365,Sho Shimabukuro,Hubert Hurkacz,match_double_faults,4.5,1.3300,,2026-08-14T09:30:33Z,2026-08-14T15:00:00Z,Totals (Double Faults),8,"{'hdp': 4.5, 'over': '1.33'}"
73721730,2026-08-14,ATP,Cincinnati,Bet365,Sho Shimabukuro,Hubert Hurkacz,match_double_faults,7.5,2.7500,,2026-08-14T09:30:33Z,2026-08-14T15:00:00Z,Totals (Double Faults),8,"{'hdp': 7.5, 'over': '2.75'}"
73721730,2026-08-14,ATP,Cincinnati,Bet365,Sho Shimabukuro,Hubert Hurkacz,match_double_faults,9.5,5.5000,,2026-08-14T09:30:33Z,2026-08-14T15:00:00Z,Totals (Double Faults),8,"{'hdp': 9.5, 'over': '5.50'}"
73721730,2026-08-14,ATP,Cincinnati,Bet365,Sho Shimabukuro,Hubert Hurkacz,match_double_faults,11.5,13.0000,,2026-08-14T09:30:33Z,2026-08-14T15:00:00Z,Totals (Double Faults),8,"{'hdp': 11.5, 'over': '13.00'}"
73721730,2026-08-14,ATP,Cincinnati,Bet365,Sho Shimabukuro,Hubert Hurkacz,match_double_faults,14.5,26.0000,,2026-08-14T09:30:33Z,2026-08-14T15:00:00Z,Totals (Double Faults),8,"{'hdp': 14.5, 'over': '26.00'}"
73721730,2026-08-14,ATP,Cincinnati,Bet365,Sho Shimabukuro,Hubert Hurkacz,aces,0.5,1.0100,,2026-08-14T09:30:33Z,2026-08-14T15:00:00Z,Team Total (Aces) Home,6,"{'hdp': 0.5, 'over': '1.01'}"
73721730,2026-08-14,ATP,Cincinnati,Bet365,Sho Shimabukuro,Hubert Hurkacz,aces,2.5,1.1400,,2026-08-14T09:30:33Z,2026-08-14T15:00:00Z,Team Total (Aces) Home,6,"{'hdp': 2.5, 'over': '1.14'}"
73721730,2026-08-14,ATP,Cincinnati,Bet365,Sho Shimabukuro,Hubert Hurkacz,aces,4.5,1.5000,,2026-08-14T09:30:33Z,2026-08-14T15:00:00Z,Team Total (Aces) Home,6,"{'hdp': 4.5, 'over': '1.50'}"
73721730,2026-08-14,ATP,Cincinnati,Bet365,Sho Shimabukuro,Hubert Hurkacz,aces,9.5,4.3300,,2026-08-14T09:30:33Z,2026-08-14T15:00:00Z,Team Total (Aces) Home,6,"{'hdp': 9.5, 'over': '4.33'}"
73721730,2026-08-14,ATP,Cincinnati,Bet365,Sho Shimabukuro,Hubert Hurkacz,aces,14.5,15.0000,,2026-08-14T09:30:33Z,2026-08-14T15:00:00Z,Team Total (Aces) Home,6,"{'hdp': 14.5, 'over': '15.00'}"
73721730,2026-08-14,ATP,Cincinnati,Bet365,Sho Shimabukuro,Hubert Hurkacz,aces,19.5,26.0000,,2026-08-14T09:30:33Z,2026-08-14T15:00:00Z,Team Total (Aces) Home,6,"{'hdp': 19.5, 'over': '26.00'}"
73667624,2026-08-14,WTA,Cincinnati,Bet365,Daria Snigur,Yuliia Starodubtseva,match_double_faults,2.5,1.0200,,2026-08-14T09:30:33Z,2026-08-14T15:00:00Z,Totals (Double Faults),9,"{'hdp': 2.5, 'over': '1.02'}"
73667624,2026-08-14,WTA,Cincinnati,Bet365,Daria Snigur,Yuliia Starodubtseva,match_double_faults,4.5,1.1600,,2026-08-14T09:30:33Z,2026-08-14T15:00:00Z,Totals (Double Faults),9,"{'hdp': 4.5, 'over': '1.16'}"
73667624,2026-08-14,WTA,Cincinnati,Bet365,Daria Snigur,Yuliia Starodubtseva,match_double_faults,7.5,1.8300,,2026-08-14T09:30:33Z,2026-08-14T15:00:00Z,Totals (Double Faults),9,"{'hdp': 7.5, 'over': '1.83'}"
73667624,2026-08-14,WTA,Cincinnati,Bet365,Daria Snigur,Yuliia Starodubtseva,match_double_faults,9.5,3.2500,,2026-08-14T09:30:33Z,2026-08-14T15:00:00Z,Totals (Double Faults),9,"{'hdp': 9.5, 'over': '3.25'}"
73667624,2026-08-14,WTA,Cincinnati,Bet365,Daria Snigur,Yuliia Starodubtseva,match_double_faults,11.5,6.0000,,2026-08-14T09:30:33Z,2026-08-14T15:00:00Z,Totals (Double Faults),9,"{'hdp': 11.5, 'over': '6.00'}"
73667624,2026-08-14,WTA,Cincinnati,Bet365,Daria Snigur,Yuliia Starodubtseva,match_double_faults,14.5,19.0000,,2026-08-14T09:30:33Z,2026-08-14T15:00:00Z,Totals (Double Faults),9,"{'hdp': 14.5, 'over': '19.00'}"
73667624,2026-08-14,WTA,Cincinnati,Bet365,Daria Snigur,Yuliia Starodubtseva,match_double_faults,19.5,26.0000,,2026-08-14T09:30:33Z,2026-08-14T15:00:00Z,Totals (Double Faults),9,"{'hdp': 19.5, 'over': '26.00'}"
73667624,2026-08-14,WTA,Cincinnati,Bet365,Daria Snigur,Yuliia Starodubtseva,double_faults,0.5,1.0200,,2026-08-14T09:30:33Z,2026-08-14T15:00:00Z,Team Total (Double Faults) Home,6,"{'hdp': 0.5, 'over': '1.02'}"
73667624,2026-08-14,WTA,Cincinnati,Bet365,Daria Snigur,Yuliia Starodubtseva,double_faults,1.5,1.1400,,2026-08-14T09:30:33Z,2026-08-14T15:00:00Z,Team Total (Double Faults) Home,6,"{'hdp': 1.5, 'over': '1.14'}"
73667624,2026-08-14,WTA,Cincinnati,Bet365,Daria Snigur,Yuliia Starodubtseva,double_faults,2.5,1.3600,,2026-08-14T09:30:33Z,2026-08-14T15:00:00Z,Team Total (Double Faults) Home,6,"{'hdp': 2.5, 'over': '1.36'}"
73667624,2026-08-14,WTA,Cincinnati,Bet365,Daria Snigur,Yuliia Starodubtseva,double_faults,4.5,2.6200,,2026-08-14T09:30:33Z,2026-08-14T15:00:00Z,Team Total (Double Faults) Home,6,"{'hdp': 4.5, 'over': '2.62'}"
73667624,2026-08-14,WTA,Cincinnati,Bet365,Daria Snigur,Yuliia Starodubtseva,double_faults,7.5,10.0000,,2026-08-14T09:30:33Z,2026-08-14T15:00:00Z,Team Total (Double Faults) Home,6,"{'hdp': 7.5, 'over': '10.00'}"
73667624,2026-08-14,WTA,Cincinnati,Bet365,Daria Snigur,Yuliia Starodubtseva,double_faults,9.5,26.0000,,2026-08-14T09:30:33Z,2026-08-14T15:00:00Z,Team Total (Double Faults) Home,6,"{'hdp': 9.5, 'over': '26.00'}"
73667624,2026-08-14,WTA,Cincinnati,Bet365,Yuliia Starodubtseva,Daria Snigur,aces,0.5,1.0200,,2026-08-14T09:30:33Z,2026-08-14T15:00:00Z,Team Total (Aces) Away,5,"{'hdp': 0.5, 'over': '1.02'}"
73667624,2026-08-14,WTA,Cincinnati,Bet365,Yuliia Starodubtseva,Daria Snigur,aces,2.5,1.2500,,2026-08-14T09:30:33Z,2026-08-14T15:00:00Z,Team Total (Aces) Away,5,"{'hdp': 2.5, 'over': '1.25'}"
73667624,2026-08-14,WTA,Cincinnati,Bet365,Yuliia Starodubtseva,Daria Snigur,aces,4.5,1.9000,,2026-08-14T09:30:33Z,2026-08-14T15:00:00Z,Team Total (Aces) Away,5,"{'hdp': 4.5, 'over': '1.90'}"
73667624,2026-08-14,WTA,Cincinnati,Bet365,Yuliia Starodubtseva,Daria Snigur,aces,9.5,10.0000,,2026-08-14T09:30:33Z,2026-08-14T15:00:00Z,Team Total (Aces) Away,5,"{'hdp': 9.5, 'over': '10.00'}"
73667624,2026-08-14,WTA,Cincinnati,Bet365,Yuliia Starodubtseva,Daria Snigur,aces,14.5,26.0000,,2026-08-14T09:30:33Z,2026-08-14T15:00:00Z,Team Total (Aces) Away,5,"{'hdp': 14.5, 'over': '26.00'}"
73667624,2026-08-14,WTA,Cincinnati,Bet365,Yuliia Starodubtseva,Daria Snigur,double_faults,0.5,1.0200,,2026-08-14T09:30:33Z,2026-08-14T15:00:00Z,Team Total (Double Faults) Away,6,"{'hdp': 0.5, 'over': '1.02'}"
73667624,2026-08-14,WTA,Cincinnati,Bet365,Yuliia Starodubtseva,Daria Snigur,double_faults,1.5,1.1200,,2026-08-14T09:30:33Z,2026-08-14T15:00:00Z,Team Total (Double Faults) Away,6,"{'hdp': 1.5, 'over': '1.12'}"
73667624,2026-08-14,WTA,Cincinnati,Bet365,Yuliia Starodubtseva,Daria Snigur,double_faults,2.5,1.3600,,2026-08-14T09:30:33Z,2026-08-14T15:00:00Z,Team Total (Double Faults) Away,6,"{'hdp': 2.5, 'over': '1.36'}"
73667624,2026-08-14,WTA,Cincinnati,Bet365,Yuliia Starodubtseva,Daria Snigur,double_faults,4.5,2.6200,,2026-08-14T09:30:33Z,2026-08-14T15:00:00Z,Team Total (Double Faults) Away,6,"{'hdp': 4.5, 'over': '2.62'}"
73667624,2026-08-14,WTA,Cincinnati,Bet365,Yuliia Starodubtseva,Daria Snigur,double_faults,7.5,11.0000,,2026-08-14T09:30:33Z,2026-08-14T15:00:00Z,Team Total (Double Faults) Away,6,"{'hdp': 7.5, 'over': '11.00'}"
73667624,2026-08-14,WTA,Cincinnati,Bet365,Yuliia Starodubtseva,Daria Snigur,double_faults,9.5,26.0000,,2026-08-14T09:30:33Z,2026-08-14T15:00:00Z,Team Total (Double Faults) Away,6,"{'hdp': 9.5, 'over': '26.00'}"
73667624,2026-08-14,WTA,Cincinnati,Bet365,Daria Snigur,Yuliia Starodubtseva,match_aces,2.5,1.0300,,2026-08-14T09:30:33Z,2026-08-14T15:00:00Z,Totals (Aces),7,"{'hdp': 2.5, 'over': '1.03'}"
73667624,2026-08-14,WTA,Cincinnati,Bet365,Daria Snigur,Yuliia Starodubtseva,match_aces,4.5,1.1400,,2026-08-14T09:30:33Z,2026-08-14T15:00:00Z,Totals (Aces),7,"{'hdp': 4.5, 'over': '1.14'}"
73667624,2026-08-14,WTA,Cincinnati,Bet365,Daria Snigur,Yuliia Starodubtseva,match_aces,9.5,2.2500,,2026-08-14T09:30:33Z,2026-08-14T15:00:00Z,Totals (Aces),7,"{'hdp': 9.5, 'over': '2.25'}"
73667624,2026-08-14,WTA,Cincinnati,Bet365,Daria Snigur,Yuliia Starodubtseva,match_aces,14.5,6.5000,,2026-08-14T09:30:33Z,2026-08-14T15:00:00Z,Totals (Aces),7,"{'hdp': 14.5, 'over': '6.50'}"
73667624,2026-08-14,WTA,Cincinnati,Bet365,Daria Snigur,Yuliia Starodubtseva,match_aces,19.5,21.0000,,2026-08-14T09:30:33Z,2026-08-14T15:00:00Z,Totals (Aces),7,"{'hdp': 19.5, 'over': '21.00'}"
73667624,2026-08-14,WTA,Cincinnati,Bet365,Daria Snigur,Yuliia Starodubtseva,match_aces,24.5,26.0000,,2026-08-14T09:30:33Z,2026-08-14T15:00:00Z,Totals (Aces),7,"{'hdp': 24.5, 'over': '26.00'}"
73667624,2026-08-14,WTA,Cincinnati,Bet365,Daria Snigur,Yuliia Starodubtseva,aces,0.5,1.0200,,2026-08-14T09:30:33Z,2026-08-14T15:00:00Z,Team Total (Aces) Home,5,"{'hdp': 0.5, 'over': '1.02'}"
73667624,2026-08-14,WTA,Cincinnati,Bet365,Daria Snigur,Yuliia Starodubtseva,aces,2.5,1.3600,,2026-08-14T09:30:33Z,2026-08-14T15:00:00Z,Team Total (Aces) Home,5,"{'hdp': 2.5, 'over': '1.36'}"
73667624,2026-08-14,WTA,Cincinnati,Bet365,Daria Snigur,Yuliia Starodubtseva,aces,4.5,2.3700,,2026-08-14T09:30:33Z,2026-08-14T15:00:00Z,Team Total (Aces) Home,5,"{'hdp': 4.5, 'over': '2.37'}"
73667624,2026-08-14,WTA,Cincinnati,Bet365,Daria Snigur,Yuliia Starodubtseva,aces,9.5,17.0000,,2026-08-14T09:30:33Z,2026-08-14T15:00:00Z,Team Total (Aces) Home,5,"{'hdp': 9.5, 'over': '17.00'}"
73667624,2026-08-14,WTA,Cincinnati,Bet365,Daria Snigur,Yuliia Starodubtseva,aces,14.5,26.0000,,2026-08-14T09:30:33Z,2026-08-14T15:00:00Z,Team Total (Aces) Home,5,"{'hdp': 14.5, 'over': '26.00'}"
73667626,2026-08-14,WTA,Cincinnati,Bet365,Jessica Bouzas Maneiro,Anna Bondar,aces,0.5,1.0200,,2026-08-14T09:30:33Z,2026-08-14T15:00:00Z,Team Total (Aces) Home,5,"{'hdp': 0.5, 'over': '1.02'}"
73667626,2026-08-14,WTA,Cincinnati,Bet365,Jessica Bouzas Maneiro,Anna Bondar,aces,2.5,1.3300,,2026-08-14T09:30:33Z,2026-08-14T15:00:00Z,Team Total (Aces) Home,5,"{'hdp': 2.5, 'over': '1.33'}"
73667626,2026-08-14,WTA,Cincinnati,Bet365,Jessica Bouzas Maneiro,Anna Bondar,aces,4.5,2.2500,,2026-08-14T09:30:33Z,2026-08-14T15:00:00Z,Team Total (Aces) Home,5,"{'hdp': 4.5, 'over': '2.25'}"
73667626,2026-08-14,WTA,Cincinnati,Bet365,Jessica Bouzas Maneiro,Anna Bondar,aces,9.5,17.0000,,2026-08-14T09:30:33Z,2026-08-14T15:00:00Z,Team Total (Aces) Home,5,"{'hdp': 9.5, 'over': '17.00'}"
73667626,2026-08-14,WTA,Cincinnati,Bet365,Jessica Bouzas Maneiro,Anna Bondar,aces,14.5,26.0000,,2026-08-14T09:30:33Z,2026-08-14T15:00:00Z,Team Total (Aces) Home,5,"{'hdp': 14.5, 'over': '26.00'}"
73667626,2026-08-14,WTA,Cincinnati,Bet365,Jessica Bouzas Maneiro,Anna Bondar,double_faults,1.5,1.0200,,2026-08-14T09:30:33Z,2026-08-14T15:00:00Z,Team Total (Double Faults) Home,9,"{'hdp': 1.5, 'over': '1.02'}"
73667626,2026-08-14,WTA,Cincinnati,Bet365,Jessica Bouzas Maneiro,Anna Bondar,double_faults,2.5,1.0700,,2026-08-14T09:30:33Z,2026-08-14T15:00:00Z,Team Total (Double Faults) Home,9,"{'hdp': 2.5, 'over': '1.07'}"
73667626,2026-08-14,WTA,Cincinnati,Bet365,Jessica Bouzas Maneiro,Anna Bondar,double_faults,7.5,2.3700,,2026-08-14T09:30:33Z,2026-08-14T15:00:00Z,Team Total (Double Faults) Home,9,"{'hdp': 7.5, 'over': '2.37'}"
73667626,2026-08-14,WTA,Cincinnati,Bet365,Jessica Bouzas Maneiro,Anna Bondar,double_faults,9.5,4.0000,,2026-08-14T09:30:33Z,2026-08-14T15:00:00Z,Team Total (Double Faults) Home,9,"{'hdp': 9.5, 'over': '4.00'}"
73667626,2026-08-14,WTA,Cincinnati,Bet365,Jessica Bouzas Maneiro,Anna Bondar,double_faults,11.5,8.0000,,2026-08-14T09:30:33Z,2026-08-14T15:00:00Z,Team Total (Double Faults) Home,9,"{'hdp': 11.5, 'over': '8.00'}"
73667626,2026-08-14,WTA,Cincinnati,Bet365,Jessica Bouzas Maneiro,Anna Bondar,double_faults,14.5,21.0000,,2026-08-14T09:30:33Z,2026-08-14T15:00:00Z,Team Total (Double Faults) Home,9,"{'hdp': 14.5, 'over': '21.00'}"
73667626,2026-08-14,WTA,Cincinnati,Bet365,Jessica Bouzas Maneiro,Anna Bondar,double_faults,19.5,26.0000,,2026-08-14T09:30:33Z,2026-08-14T15:00:00Z,Team Total (Double Faults) Home,9,"{'hdp': 19.5, 'over': '26.00'}"
73667626,2026-08-14,WTA,Cincinnati,Bet365,Jessica Bouzas Maneiro,Anna Bondar,double_faults,4.5,1.3300,,2026-08-14T09:30:33Z,2026-08-14T15:00:00Z,Team Total (Double Faults) Home,9,"{'hdp': 4.5, 'over': '1.33'}"
73667626,2026-08-14,WTA,Cincinnati,Bet365,Jessica Bouzas Maneiro,Anna Bondar,match_aces,2.5,1.0200,,2026-08-14T09:30:33Z,2026-08-14T15:00:00Z,Totals (Aces),7,"{'hdp': 2.5, 'over': '1.02'}"
73667626,2026-08-14,WTA,Cincinnati,Bet365,Jessica Bouzas Maneiro,Anna Bondar,match_aces,4.5,1.1100,,2026-08-14T09:30:33Z,2026-08-14T15:00:00Z,Totals (Aces),7,"{'hdp': 4.5, 'over': '1.11'}"
73667626,2026-08-14,WTA,Cincinnati,Bet365,Jessica Bouzas Maneiro,Anna Bondar,match_aces,9.5,1.9000,,2026-08-14T09:30:33Z,2026-08-14T15:00:00Z,Totals (Aces),7,"{'hdp': 9.5, 'over': '1.90'}"
73667626,2026-08-14,WTA,Cincinnati,Bet365,Jessica Bouzas Maneiro,Anna Bondar,match_aces,14.5,5.0000,,2026-08-14T09:30:33Z,2026-08-14T15:00:00Z,Totals (Aces),7,"{'hdp': 14.5, 'over': '5.00'}"
73667626,2026-08-14,WTA,Cincinnati,Bet365,Jessica Bouzas Maneiro,Anna Bondar,match_aces,19.5,15.0000,,2026-08-14T09:30:33Z,2026-08-14T15:00:00Z,Totals (Aces),7,"{'hdp': 19.5, 'over': '15.00'}"
73667626,2026-08-14,WTA,Cincinnati,Bet365,Jessica Bouzas Maneiro,Anna Bondar,match_aces,24.5,26.0000,,2026-08-14T09:30:33Z,2026-08-14T15:00:00Z,Totals (Aces),7,"{'hdp': 24.5, 'over': '26.00'}"
73667626,2026-08-14,WTA,Cincinnati,Bet365,Anna Bondar,Jessica Bouzas Maneiro,aces,0.5,1.0100,,2026-08-14T09:30:33Z,2026-08-14T15:00:00Z,Team Total (Aces) Away,5,"{'hdp': 0.5, 'over': '1.01'}"
73667626,2026-08-14,WTA,Cincinnati,Bet365,Anna Bondar,Jessica Bouzas Maneiro,aces,2.5,1.1600,,2026-08-14T09:30:33Z,2026-08-14T15:00:00Z,Team Total (Aces) Away,5,"{'hdp': 2.5, 'over': '1.16'}"
73667626,2026-08-14,WTA,Cincinnati,Bet365,Anna Bondar,Jessica Bouzas Maneiro,aces,4.5,1.6100,,2026-08-14T09:30:33Z,2026-08-14T15:00:00Z,Team Total (Aces) Away,5,"{'hdp': 4.5, 'over': '1.61'}"
73667626,2026-08-14,WTA,Cincinnati,Bet365,Anna Bondar,Jessica Bouzas Maneiro,aces,9.5,6.0000,,2026-08-14T09:30:33Z,2026-08-14T15:00:00Z,Team Total (Aces) Away,5,"{'hdp': 9.5, 'over': '6.00'}"
73667626,2026-08-14,WTA,Cincinnati,Bet365,Anna Bondar,Jessica Bouzas Maneiro,aces,14.5,26.0000,,2026-08-14T09:30:33Z,2026-08-14T15:00:00Z,Team Total (Aces) Away,5,"{'hdp': 14.5, 'over': '26.00'}"
73667626,2026-08-14,WTA,Cincinnati,Bet365,Anna Bondar,Jessica Bouzas Maneiro,double_faults,0.5,1.0200,,2026-08-14T09:30:33Z,2026-08-14T15:00:00Z,Team Total (Double Faults) Away,6,"{'hdp': 0.5, 'over': '1.02'}"
73667626,2026-08-14,WTA,Cincinnati,Bet365,Anna Bondar,Jessica Bouzas Maneiro,double_faults,1.5,1.1200,,2026-08-14T09:30:33Z,2026-08-14T15:00:00Z,Team Total (Double Faults) Away,6,"{'hdp': 1.5, 'over': '1.12'}"
73667626,2026-08-14,WTA,Cincinnati,Bet365,Anna Bondar,Jessica Bouzas Maneiro,double_faults,4.5,2.7500,,2026-08-14T09:30:33Z,2026-08-14T15:00:00Z,Team Total (Double Faults) Away,6,"{'hdp': 4.5, 'over': '2.75'}"
73667626,2026-08-14,WTA,Cincinnati,Bet365,Anna Bondar,Jessica Bouzas Maneiro,double_faults,7.5,13.0000,,2026-08-14T09:30:33Z,2026-08-14T15:00:00Z,Team Total (Double Faults) Away,6,"{'hdp': 7.5, 'over': '13.00'}"
73667626,2026-08-14,WTA,Cincinnati,Bet365,Anna Bondar,Jessica Bouzas Maneiro,double_faults,9.5,26.0000,,2026-08-14T09:30:33Z,2026-08-14T15:00:00Z,Team Total (Double Faults) Away,6,"{'hdp': 9.5, 'over': '26.00'}"
73667626,2026-08-14,WTA,Cincinnati,Bet365,Anna Bondar,Jessica Bouzas Maneiro,double_faults,2.5,1.3600,,2026-08-14T09:30:33Z,2026-08-14T15:00:00Z,Team Total (Double Faults) Away,6,"{'hdp': 2.5, 'over': '1.36'}"
73667626,2026-08-14,WTA,Cincinnati,Bet365,Jessica Bouzas Maneiro,Anna Bondar,match_double_faults,4.5,1.0400,,2026-08-14T09:30:33Z,2026-08-14T15:00:00Z,Totals (Double Faults),9,"{'hdp': 4.5, 'over': '1.04'}"
73667626,2026-08-14,WTA,Cincinnati,Bet365,Jessica Bouzas Maneiro,Anna Bondar,match_double_faults,7.5,1.2800,,2026-08-14T09:30:33Z,2026-08-14T15:00:00Z,Totals (Double Faults),9,"{'hdp': 7.5, 'over': '1.28'}"
73667626,2026-08-14,WTA,Cincinnati,Bet365,Jessica Bouzas Maneiro,Anna Bondar,match_double_faults,9.5,1.6600,,2026-08-14T09:30:33Z,2026-08-14T15:00:00Z,Totals (Double Faults),9,"{'hdp': 9.5, 'over': '1.66'}"
73667626,2026-08-14,WTA,Cincinnati,Bet365,Jessica Bouzas Maneiro,Anna Bondar,match_double_faults,11.5,2.3700,,2026-08-14T09:30:33Z,2026-08-14T15:00:00Z,Totals (Double Faults),9,"{'hdp': 11.5, 'over': '2.37'}"
73667626,2026-08-14,WTA,Cincinnati,Bet365,Jessica Bouzas Maneiro,Anna Bondar,match_double_faults,14.5,4.5000,,2026-08-14T09:30:33Z,2026-08-14T15:00:00Z,Totals (Double Faults),9,"{'hdp': 14.5, 'over': '4.50'}"
73667626,2026-08-14,WTA,Cincinnati,Bet365,Jessica Bouzas Maneiro,Anna Bondar,match_double_faults,19.5,19.0000,,2026-08-14T09:30:33Z,2026-08-14T15:00:00Z,Totals (Double Faults),9,"{'hdp': 19.5, 'over': '19.00'}"
73667626,2026-08-14,WTA,Cincinnati,Bet365,Jessica Bouzas Maneiro,Anna Bondar,match_double_faults,24.5,26.0000,,2026-08-14T09:30:33Z,2026-08-14T15:00:00Z,Totals (Double Faults),9,"{'hdp': 24.5, 'over': '26.00'}"
73667628,2026-08-14,WTA,Cincinnati,Bet365,Sara Bejlek,Karolina Pliskova,double_faults,0.5,1.0400,,2026-08-14T09:30:33Z,2026-08-14T15:00:00Z,Team Total (Double Faults) Home,6,"{'hdp': 0.5, 'over': '1.04'}"
73667628,2026-08-14,WTA,Cincinnati,Bet365,Sara Bejlek,Karolina Pliskova,double_faults,1.5,1.2000,,2026-08-14T09:30:33Z,2026-08-14T15:00:00Z,Team Total (Double Faults) Home,6,"{'hdp': 1.5, 'over': '1.20'}"
73667628,2026-08-14,WTA,Cincinnati,Bet365,Sara Bejlek,Karolina Pliskova,double_faults,2.5,1.5300,,2026-08-14T09:30:33Z,2026-08-14T15:00:00Z,Team Total (Double Faults) Home,6,"{'hdp': 2.5, 'over': '1.53'}"
73667628,2026-08-14,WTA,Cincinnati,Bet365,Sara Bejlek,Karolina Pliskova,double_faults,4.5,3.4000,,2026-08-14T09:30:33Z,2026-08-14T15:00:00Z,Team Total (Double Faults) Home,6,"{'hdp': 4.5, 'over': '3.40'}"
73667628,2026-08-14,WTA,Cincinnati,Bet365,Sara Bejlek,Karolina Pliskova,double_faults,7.5,17.0000,,2026-08-14T09:30:33Z,2026-08-14T15:00:00Z,Team Total (Double Faults) Home,6,"{'hdp': 7.5, 'over': '17.00'}"
73667628,2026-08-14,WTA,Cincinnati,Bet365,Sara Bejlek,Karolina Pliskova,double_faults,9.5,26.0000,,2026-08-14T09:30:33Z,2026-08-14T15:00:00Z,Team Total (Double Faults) Home,6,"{'hdp': 9.5, 'over': '26.00'}"
73667628,2026-08-14,WTA,Cincinnati,Bet365,Sara Bejlek,Karolina Pliskova,aces,0.5,1.0200,,2026-08-14T09:30:33Z,2026-08-14T15:00:00Z,Team Total (Aces) Home,5,"{'hdp': 0.5, 'over': '1.02'}"
73667628,2026-08-14,WTA,Cincinnati,Bet365,Sara Bejlek,Karolina Pliskova,aces,2.5,1.3000,,2026-08-14T09:30:33Z,2026-08-14T15:00:00Z,Team Total (Aces) Home,5,"{'hdp': 2.5, 'over': '1.30'}"
73667628,2026-08-14,WTA,Cincinnati,Bet365,Sara Bejlek,Karolina Pliskova,aces,4.5,2.2000,,2026-08-14T09:30:33Z,2026-08-14T15:00:00Z,Team Total (Aces) Home,5,"{'hdp': 4.5, 'over': '2.20'}"
73667628,2026-08-14,WTA,Cincinnati,Bet365,Sara Bejlek,Karolina Pliskova,aces,9.5,15.0000,,2026-08-14T09:30:33Z,2026-08-14T15:00:00Z,Team Total (Aces) Home,5,"{'hdp': 9.5, 'over': '15.00'}"
73667628,2026-08-14,WTA,Cincinnati,Bet365,Sara Bejlek,Karolina Pliskova,aces,14.5,26.0000,,2026-08-14T09:30:33Z,2026-08-14T15:00:00Z,Team Total (Aces) Home,5,"{'hdp': 14.5, 'over': '26.00'}"
73667628,2026-08-14,WTA,Cincinnati,Bet365,Karolina Pliskova,Sara Bejlek,double_faults,1.5,1.0100,,2026-08-14T09:30:33Z,2026-08-14T15:00:00Z,Team Total (Double Faults) Away,9,"{'hdp': 1.5, 'over': '1.01'}"
73667628,2026-08-14,WTA,Cincinnati,Bet365,Karolina Pliskova,Sara Bejlek,double_faults,2.5,1.0400,,2026-08-14T09:30:33Z,2026-08-14T15:00:00Z,Team Total (Double Faults) Away,9,"{'hdp': 2.5, 'over': '1.04'}"
73667628,2026-08-14,WTA,Cincinnati,Bet365,Karolina Pliskova,Sara Bejlek,double_faults,4.5,1.2200,,2026-08-14T09:30:33Z,2026-08-14T15:00:00Z,Team Total (Double Faults) Away,9,"{'hdp': 4.5, 'over': '1.22'}"
73667628,2026-08-14,WTA,Cincinnati,Bet365,Karolina Pliskova,Sara Bejlek,double_faults,7.5,2.0000,,2026-08-14T09:30:33Z,2026-08-14T15:00:00Z,Team Total (Double Faults) Away,9,"{'hdp': 7.5, 'over': '2.00'}"
73667628,2026-08-14,WTA,Cincinnati,Bet365,Karolina Pliskova,Sara Bejlek,double_faults,9.5,3.2500,,2026-08-14T09:30:33Z,2026-08-14T15:00:00Z,Team Total (Double Faults) Away,9,"{'hdp': 9.5, 'over': '3.25'}"
73667628,2026-08-14,WTA,Cincinnati,Bet365,Karolina Pliskova,Sara Bejlek,double_faults,11.5,6.0000,,2026-08-14T09:30:33Z,2026-08-14T15:00:00Z,Team Total (Double Faults) Away,9,"{'hdp': 11.5, 'over': '6.00'}"
73667628,2026-08-14,WTA,Cincinnati,Bet365,Karolina Pliskova,Sara Bejlek,double_faults,14.5,15.0000,,2026-08-14T09:30:33Z,2026-08-14T15:00:00Z,Team Total (Double Faults) Away,9,"{'hdp': 14.5, 'over': '15.00'}"
73667628,2026-08-14,WTA,Cincinnati,Bet365,Karolina Pliskova,Sara Bejlek,double_faults,19.5,26.0000,,2026-08-14T09:30:33Z,2026-08-14T15:00:00Z,Team Total (Double Faults) Away,9,"{'hdp': 19.5, 'over': '26.00'}"
73667628,2026-08-14,WTA,Cincinnati,Bet365,Sara Bejlek,Karolina Pliskova,match_aces,2.5,1.0100,,2026-08-14T09:30:33Z,2026-08-14T15:00:00Z,Totals (Aces),7,"{'hdp': 2.5, 'over': '1.01'}"
73667628,2026-08-14,WTA,Cincinnati,Bet365,Sara Bejlek,Karolina Pliskova,match_aces,4.5,1.0800,,2026-08-14T09:30:33Z,2026-08-14T15:00:00Z,Totals (Aces),7,"{'hdp': 4.5, 'over': '1.08'}"
73667628,2026-08-14,WTA,Cincinnati,Bet365,Sara Bejlek,Karolina Pliskova,match_aces,9.5,1.7200,,2026-08-14T09:30:33Z,2026-08-14T15:00:00Z,Totals (Aces),7,"{'hdp': 9.5, 'over': '1.72'}"
73667628,2026-08-14,WTA,Cincinnati,Bet365,Sara Bejlek,Karolina Pliskova,match_aces,14.5,3.7500,,2026-08-14T09:30:33Z,2026-08-14T15:00:00Z,Totals (Aces),7,"{'hdp': 14.5, 'over': '3.75'}"
73667628,2026-08-14,WTA,Cincinnati,Bet365,Sara Bejlek,Karolina Pliskova,match_aces,19.5,11.0000,,2026-08-14T09:30:33Z,2026-08-14T15:00:00Z,Totals (Aces),7,"{'hdp': 19.5, 'over': '11.00'}"
73667628,2026-08-14,WTA,Cincinnati,Bet365,Sara Bejlek,Karolina Pliskova,match_aces,24.5,26.0000,,2026-08-14T09:30:33Z,2026-08-14T15:00:00Z,Totals (Aces),7,"{'hdp': 24.5, 'over': '26.00'}"
73667628,2026-08-14,WTA,Cincinnati,Bet365,Sara Bejlek,Karolina Pliskova,match_double_faults,4.5,1.0300,,2026-08-14T09:30:33Z,2026-08-14T15:00:00Z,Totals (Double Faults),9,"{'hdp': 4.5, 'over': '1.03'}"
73667628,2026-08-14,WTA,Cincinnati,Bet365,Sara Bejlek,Karolina Pliskova,match_double_faults,7.5,1.2500,,2026-08-14T09:30:33Z,2026-08-14T15:00:00Z,Totals (Double Faults),9,"{'hdp': 7.5, 'over': '1.25'}"
73667628,2026-08-14,WTA,Cincinnati,Bet365,Sara Bejlek,Karolina Pliskova,match_double_faults,9.5,1.5700,,2026-08-14T09:30:33Z,2026-08-14T15:00:00Z,Totals (Double Faults),9,"{'hdp': 9.5, 'over': '1.57'}"
73667628,2026-08-14,WTA,Cincinnati,Bet365,Sara Bejlek,Karolina Pliskova,match_double_faults,11.5,2.2000,,2026-08-14T09:30:33Z,2026-08-14T15:00:00Z,Totals (Double Faults),9,"{'hdp': 11.5, 'over': '2.20'}"
73667628,2026-08-14,WTA,Cincinnati,Bet365,Sara Bejlek,Karolina Pliskova,match_double_faults,14.5,4.3300,,2026-08-14T09:30:33Z,2026-08-14T15:00:00Z,Totals (Double Faults),9,"{'hdp': 14.5, 'over': '4.33'}"
73667628,2026-08-14,WTA,Cincinnati,Bet365,Sara Bejlek,Karolina Pliskova,match_double_faults,19.5,17.0000,,2026-08-14T09:30:33Z,2026-08-14T15:00:00Z,Totals (Double Faults),9,"{'hdp': 19.5, 'over': '17.00'}"
73667628,2026-08-14,WTA,Cincinnati,Bet365,Sara Bejlek,Karolina Pliskova,match_double_faults,24.5,26.0000,,2026-08-14T09:30:33Z,2026-08-14T15:00:00Z,Totals (Double Faults),9,"{'hdp': 24.5, 'over': '26.00'}"
73667628,2026-08-14,WTA,Cincinnati,Bet365,Karolina Pliskova,Sara Bejlek,aces,2.5,1.1200,,2026-08-14T09:30:33Z,2026-08-14T15:00:00Z,Team Total (Aces) Away,6,"{'hdp': 2.5, 'over': '1.12'}"
73667628,2026-08-14,WTA,Cincinnati,Bet365,Karolina Pliskova,Sara Bejlek,aces,4.5,1.5000,,2026-08-14T09:30:33Z,2026-08-14T15:00:00Z,Team Total (Aces) Away,6,"{'hdp': 4.5, 'over': '1.50'}"
73667628,2026-08-14,WTA,Cincinnati,Bet365,Karolina Pliskova,Sara Bejlek,aces,9.5,4.5000,,2026-08-14T09:30:33Z,2026-08-14T15:00:00Z,Team Total (Aces) Away,6,"{'hdp': 9.5, 'over': '4.50'}"
73667628,2026-08-14,WTA,Cincinnati,Bet365,Karolina Pliskova,Sara Bejlek,aces,14.5,19.0000,,2026-08-14T09:30:33Z,2026-08-14T15:00:00Z,Team Total (Aces) Away,6,"{'hdp': 14.5, 'over': '19.00'}"
73667628,2026-08-14,WTA,Cincinnati,Bet365,Karolina Pliskova,Sara Bejlek,aces,19.5,26.0000,,2026-08-14T09:30:33Z,2026-08-14T15:00:00Z,Team Total (Aces) Away,6,"{'hdp': 19.5, 'over': '26.00'}"
73721792,2026-08-14,ATP,Cincinnati,Bet365,Vit Kopriva,Quentin Halys,aces,0.5,1.0200,,2026-08-14T09:30:33Z,2026-08-14T15:00:00Z,Team Total (Aces) Home,5,"{'hdp': 0.5, 'over': '1.02'}"
73721792,2026-08-14,ATP,Cincinnati,Bet365,Vit Kopriva,Quentin Halys,aces,2.5,1.2500,,2026-08-14T09:30:33Z,2026-08-14T15:00:00Z,Team Total (Aces) Home,5,"{'hdp': 2.5, 'over': '1.25'}"
73721792,2026-08-14,ATP,Cincinnati,Bet365,Vit Kopriva,Quentin Halys,aces,4.5,1.8300,,2026-08-14T09:30:33Z,2026-08-14T15:00:00Z,Team Total (Aces) Home,5,"{'hdp': 4.5, 'over': '1.83'}"
73721792,2026-08-14,ATP,Cincinnati,Bet365,Vit Kopriva,Quentin Halys,aces,9.5,8.0000,,2026-08-14T09:30:33Z,2026-08-14T15:00:00Z,Team Total (Aces) Home,5,"{'hdp': 9.5, 'over': '8.00'}"
73721792,2026-08-14,ATP,Cincinnati,Bet365,Vit Kopriva,Quentin Halys,aces,14.5,26.0000,,2026-08-14T09:30:33Z,2026-08-14T15:00:00Z,Team Total (Aces) Home,5,"{'hdp': 14.5, 'over': '26.00'}"
73721792,2026-08-14,ATP,Cincinnati,Bet365,Quentin Halys,Vit Kopriva,double_faults,0.5,1.0200,,2026-08-14T09:30:33Z,2026-08-14T15:00:00Z,Team Total (Double Faults) Away,7,"{'hdp': 0.5, 'over': '1.02'}"
73721792,2026-08-14,ATP,Cincinnati,Bet365,Quentin Halys,Vit Kopriva,double_faults,1.5,1.1000,,2026-08-14T09:30:33Z,2026-08-14T15:00:00Z,Team Total (Double Faults) Away,7,"{'hdp': 1.5, 'over': '1.10'}"
73721792,2026-08-14,ATP,Cincinnati,Bet365,Quentin Halys,Vit Kopriva,double_faults,2.5,1.2800,,2026-08-14T09:30:33Z,2026-08-14T15:00:00Z,Team Total (Double Faults) Away,7,"{'hdp': 2.5, 'over': '1.28'}"
73721792,2026-08-14,ATP,Cincinnati,Bet365,Quentin Halys,Vit Kopriva,double_faults,4.5,2.1000,,2026-08-14T09:30:33Z,2026-08-14T15:00:00Z,Team Total (Double Faults) Away,7,"{'hdp': 4.5, 'over': '2.10'}"
73721792,2026-08-14,ATP,Cincinnati,Bet365,Quentin Halys,Vit Kopriva,double_faults,7.5,6.0000,,2026-08-14T09:30:33Z,2026-08-14T15:00:00Z,Team Total (Double Faults) Away,7,"{'hdp': 7.5, 'over': '6.00'}"
73721792,2026-08-14,ATP,Cincinnati,Bet365,Quentin Halys,Vit Kopriva,double_faults,9.5,15.0000,,2026-08-14T09:30:33Z,2026-08-14T15:00:00Z,Team Total (Double Faults) Away,7,"{'hdp': 9.5, 'over': '15.00'}"
73721792,2026-08-14,ATP,Cincinnati,Bet365,Quentin Halys,Vit Kopriva,double_faults,11.5,26.0000,,2026-08-14T09:30:33Z,2026-08-14T15:00:00Z,Team Total (Double Faults) Away,7,"{'hdp': 11.5, 'over': '26.00'}"
73721792,2026-08-14,ATP,Cincinnati,Bet365,Vit Kopriva,Quentin Halys,double_faults,1.5,1.0500,,2026-08-14T09:30:33Z,2026-08-14T15:00:00Z,Team Total (Double Faults) Home,7,"{'hdp': 1.5, 'over': '1.05'}"
73721792,2026-08-14,ATP,Cincinnati,Bet365,Vit Kopriva,Quentin Halys,double_faults,2.5,1.1800,,2026-08-14T09:30:33Z,2026-08-14T15:00:00Z,Team Total (Double Faults) Home,7,"{'hdp': 2.5, 'over': '1.18'}"
73721792,2026-08-14,ATP,Cincinnati,Bet365,Vit Kopriva,Quentin Halys,double_faults,4.5,1.8300,,2026-08-14T09:30:33Z,2026-08-14T15:00:00Z,Team Total (Double Faults) Home,7,"{'hdp': 4.5, 'over': '1.83'}"
73721792,2026-08-14,ATP,Cincinnati,Bet365,Vit Kopriva,Quentin Halys,double_faults,7.5,6.0000,,2026-08-14T09:30:33Z,2026-08-14T15:00:00Z,Team Total (Double Faults) Home,7,"{'hdp': 7.5, 'over': '6.00'}"
73721792,2026-08-14,ATP,Cincinnati,Bet365,Vit Kopriva,Quentin Halys,double_faults,9.5,15.0000,,2026-08-14T09:30:33Z,2026-08-14T15:00:00Z,Team Total (Double Faults) Home,7,"{'hdp': 9.5, 'over': '15.00'}"
73721792,2026-08-14,ATP,Cincinnati,Bet365,Vit Kopriva,Quentin Halys,double_faults,11.5,26.0000,,2026-08-14T09:30:33Z,2026-08-14T15:00:00Z,Team Total (Double Faults) Home,7,"{'hdp': 11.5, 'over': '26.00'}"
73721792,2026-08-14,ATP,Cincinnati,Bet365,Quentin Halys,Vit Kopriva,aces,9.5,1.4400,,2026-08-14T09:30:33Z,2026-08-14T15:00:00Z,Team Total (Aces) Away,9,"{'hdp': 9.5, 'over': '1.44'}"
73721792,2026-08-14,ATP,Cincinnati,Bet365,Quentin Halys,Vit Kopriva,aces,14.5,2.5000,,2026-08-14T09:30:33Z,2026-08-14T15:00:00Z,Team Total (Aces) Away,9,"{'hdp': 14.5, 'over': '2.50'}"
73721792,2026-08-14,ATP,Cincinnati,Bet365,Quentin Halys,Vit Kopriva,aces,19.5,5.0000,,2026-08-14T09:30:33Z,2026-08-14T15:00:00Z,Team Total (Aces) Away,9,"{'hdp': 19.5, 'over': '5.00'}"
73721792,2026-08-14,ATP,Cincinnati,Bet365,Quentin Halys,Vit Kopriva,aces,24.5,11.0000,,2026-08-14T09:30:33Z,2026-08-14T15:00:00Z,Team Total (Aces) Away,9,"{'hdp': 24.5, 'over': '11.00'}"
73721792,2026-08-14,ATP,Cincinnati,Bet365,Quentin Halys,Vit Kopriva,aces,2.5,1.0100,,2026-08-14T09:30:33Z,2026-08-14T15:00:00Z,Team Total (Aces) Away,9,"{'hdp': 2.5, 'over': '1.01'}"
73721792,2026-08-14,ATP,Cincinnati,Bet365,Quentin Halys,Vit Kopriva,aces,4.5,1.0500,,2026-08-14T09:30:33Z,2026-08-14T15:00:00Z,Team Total (Aces) Away,9,"{'hdp': 4.5, 'over': '1.05'}"
73721792,2026-08-14,ATP,Cincinnati,Bet365,Quentin Halys,Vit Kopriva,aces,29.5,21.0000,,2026-08-14T09:30:33Z,2026-08-14T15:00:00Z,Team Total (Aces) Away,9,"{'hdp': 29.5, 'over': '21.00'}"
73721792,2026-08-14,ATP,Cincinnati,Bet365,Quentin Halys,Vit Kopriva,aces,39.5,26.0000,,2026-08-14T09:30:33Z,2026-08-14T15:00:00Z,Team Total (Aces) Away,9,"{'hdp': 39.5, 'over': '26.00'}"
73721792,2026-08-14,ATP,Cincinnati,Bet365,Vit Kopriva,Quentin Halys,match_aces,14.5,1.5000,,2026-08-14T09:30:33Z,2026-08-14T15:00:00Z,Totals (Aces),8,"{'hdp': 14.5, 'over': '1.50'}"
73721792,2026-08-14,ATP,Cincinnati,Bet365,Vit Kopriva,Quentin Halys,match_aces,9.5,1.1100,,2026-08-14T09:30:33Z,2026-08-14T15:00:00Z,Totals (Aces),8,"{'hdp': 9.5, 'over': '1.11'}"
73721792,2026-08-14,ATP,Cincinnati,Bet365,Vit Kopriva,Quentin Halys,match_aces,19.5,2.2500,,2026-08-14T09:30:33Z,2026-08-14T15:00:00Z,Totals (Aces),8,"{'hdp': 19.5, 'over': '2.25'}"
73721792,2026-08-14,ATP,Cincinnati,Bet365,Vit Kopriva,Quentin Halys,match_aces,24.5,4.0000,,2026-08-14T09:30:33Z,2026-08-14T15:00:00Z,Totals (Aces),8,"{'hdp': 24.5, 'over': '4.00'}"
73721792,2026-08-14,ATP,Cincinnati,Bet365,Vit Kopriva,Quentin Halys,match_aces,29.5,8.0000,,2026-08-14T09:30:33Z,2026-08-14T15:00:00Z,Totals (Aces),8,"{'hdp': 29.5, 'over': '8.00'}"
73721792,2026-08-14,ATP,Cincinnati,Bet365,Vit Kopriva,Quentin Halys,match_aces,39.5,26.0000,,2026-08-14T09:30:33Z,2026-08-14T15:00:00Z,Totals (Aces),8,"{'hdp': 39.5, 'over': '26.00'}"
73721792,2026-08-14,ATP,Cincinnati,Bet365,Vit Kopriva,Quentin Halys,match_double_faults,4.5,1.0700,,2026-08-14T09:30:33Z,2026-08-14T15:00:00Z,Totals (Double Faults),8,"{'hdp': 4.5, 'over': '1.07'}"
73721792,2026-08-14,ATP,Cincinnati,Bet365,Vit Kopriva,Quentin Halys,match_double_faults,7.5,1.4400,,2026-08-14T09:30:33Z,2026-08-14T15:00:00Z,Totals (Double Faults),8,"{'hdp': 7.5, 'over': '1.44'}"
73721792,2026-08-14,ATP,Cincinnati,Bet365,Vit Kopriva,Quentin Halys,match_double_faults,9.5,2.1000,,2026-08-14T09:30:33Z,2026-08-14T15:00:00Z,Totals (Double Faults),8,"{'hdp': 9.5, 'over': '2.10'}"
73721792,2026-08-14,ATP,Cincinnati,Bet365,Vit Kopriva,Quentin Halys,match_double_faults,11.5,3.5000,,2026-08-14T09:30:33Z,2026-08-14T15:00:00Z,Totals (Double Faults),8,"{'hdp': 11.5, 'over': '3.50'}"
73721792,2026-08-14,ATP,Cincinnati,Bet365,Vit Kopriva,Quentin Halys,match_double_faults,14.5,8.0000,,2026-08-14T09:30:33Z,2026-08-14T15:00:00Z,Totals (Double Faults),8,"{'hdp': 14.5, 'over': '8.00'}"
73721792,2026-08-14,ATP,Cincinnati,Bet365,Vit Kopriva,Quentin Halys,match_double_faults,19.5,26.0000,,2026-08-14T09:30:33Z,2026-08-14T15:00:00Z,Totals (Double Faults),8,"{'hdp': 19.5, 'over': '26.00'}"
73721800,2026-08-14,ATP,Cincinnati,Bet365,Adolfo Daniel Vallejo,Kyrian Jacquet,double_faults,0.5,1.0200,,2026-08-14T09:30:33Z,2026-08-14T15:00:00Z,Team Total (Double Faults) Away,6,"{'hdp': 0.5, 'over': '1.02'}"
73721800,2026-08-14,ATP,Cincinnati,Bet365,Adolfo Daniel Vallejo,Kyrian Jacquet,double_faults,1.5,1.1100,,2026-08-14T09:30:33Z,2026-08-14T15:00:00Z,Team Total (Double Faults) Away,6,"{'hdp': 1.5, 'over': '1.11'}"
73721800,2026-08-14,ATP,Cincinnati,Bet365,Adolfo Daniel Vallejo,Kyrian Jacquet,double_faults,2.5,1.3300,,2026-08-14T09:30:33Z,2026-08-14T15:00:00Z,Team Total (Double Faults) Away,6,"{'hdp': 2.5, 'over': '1.33'}"
73721800,2026-08-14,ATP,Cincinnati,Bet365,Adolfo Daniel Vallejo,Kyrian Jacquet,double_faults,4.5,2.6200,,2026-08-14T09:30:33Z,2026-08-14T15:00:00Z,Team Total (Double Faults) Away,6,"{'hdp': 4.5, 'over': '2.62'}"
73721800,2026-08-14,ATP,Cincinnati,Bet365,Adolfo Daniel Vallejo,Kyrian Jacquet,double_faults,7.5,11.0000,,2026-08-14T09:30:33Z,2026-08-14T15:00:00Z,Team Total (Double Faults) Away,6,"{'hdp': 7.5, 'over': '11.00'}"
73721800,2026-08-14,ATP,Cincinnati,Bet365,Adolfo Daniel Vallejo,Kyrian Jacquet,double_faults,9.5,26.0000,,2026-08-14T09:30:33Z,2026-08-14T15:00:00Z,Team Total (Double Faults) Away,6,"{'hdp': 9.5, 'over': '26.00'}"
73721800,2026-08-14,ATP,Cincinnati,Bet365,Kyrian Jacquet,Adolfo Daniel Vallejo,match_aces,2.5,1.0200,,2026-08-14T09:30:33Z,2026-08-14T15:00:00Z,Totals (Aces),7,"{'hdp': 2.5, 'over': '1.02'}"
73721800,2026-08-14,ATP,Cincinnati,Bet365,Kyrian Jacquet,Adolfo Daniel Vallejo,match_aces,4.5,1.1100,,2026-08-14T09:30:33Z,2026-08-14T15:00:00Z,Totals (Aces),7,"{'hdp': 4.5, 'over': '1.11'}"
73721800,2026-08-14,ATP,Cincinnati,Bet365,Kyrian Jacquet,Adolfo Daniel Vallejo,match_aces,9.5,1.9000,,2026-08-14T09:30:33Z,2026-08-14T15:00:00Z,Totals (Aces),7,"{'hdp': 9.5, 'over': '1.90'}"
73721800,2026-08-14,ATP,Cincinnati,Bet365,Kyrian Jacquet,Adolfo Daniel Vallejo,match_aces,14.5,5.0000,,2026-08-14T09:30:33Z,2026-08-14T15:00:00Z,Totals (Aces),7,"{'hdp': 14.5, 'over': '5.00'}"
73721800,2026-08-14,ATP,Cincinnati,Bet365,Kyrian Jacquet,Adolfo Daniel Vallejo,match_aces,19.5,15.0000,,2026-08-14T09:30:33Z,2026-08-14T15:00:00Z,Totals (Aces),7,"{'hdp': 19.5, 'over': '15.00'}"
73721800,2026-08-14,ATP,Cincinnati,Bet365,Kyrian Jacquet,Adolfo Daniel Vallejo,match_aces,24.5,26.0000,,2026-08-14T09:30:33Z,2026-08-14T15:00:00Z,Totals (Aces),7,"{'hdp': 24.5, 'over': '26.00'}"
73721800,2026-08-14,ATP,Cincinnati,Bet365,Kyrian Jacquet,Adolfo Daniel Vallejo,double_faults,0.5,1.0200,,2026-08-14T09:30:33Z,2026-08-14T15:00:00Z,Team Total (Double Faults) Home,7,"{'hdp': 0.5, 'over': '1.02'}"
73721800,2026-08-14,ATP,Cincinnati,Bet365,Kyrian Jacquet,Adolfo Daniel Vallejo,double_faults,1.5,1.1200,,2026-08-14T09:30:33Z,2026-08-14T15:00:00Z,Team Total (Double Faults) Home,7,"{'hdp': 1.5, 'over': '1.12'}"
73721800,2026-08-14,ATP,Cincinnati,Bet365,Kyrian Jacquet,Adolfo Daniel Vallejo,double_faults,2.5,1.3600,,2026-08-14T09:30:33Z,2026-08-14T15:00:00Z,Team Total (Double Faults) Home,7,"{'hdp': 2.5, 'over': '1.36'}"
73721800,2026-08-14,ATP,Cincinnati,Bet365,Kyrian Jacquet,Adolfo Daniel Vallejo,double_faults,4.5,2.5000,,2026-08-14T09:30:33Z,2026-08-14T15:00:00Z,Team Total (Double Faults) Home,7,"{'hdp': 4.5, 'over': '2.50'}"
73721800,2026-08-14,ATP,Cincinnati,Bet365,Kyrian Jacquet,Adolfo Daniel Vallejo,double_faults,7.5,10.0000,,2026-08-14T09:30:33Z,2026-08-14T15:00:00Z,Team Total (Double Faults) Home,7,"{'hdp': 7.5, 'over': '10.00'}"
73721800,2026-08-14,ATP,Cincinnati,Bet365,Kyrian Jacquet,Adolfo Daniel Vallejo,double_faults,9.5,23.0000,,2026-08-14T09:30:33Z,2026-08-14T15:00:00Z,Team Total (Double Faults) Home,7,"{'hdp': 9.5, 'over': '23.00'}"
73721800,2026-08-14,ATP,Cincinnati,Bet365,Kyrian Jacquet,Adolfo Daniel Vallejo,double_faults,11.5,26.0000,,2026-08-14T09:30:33Z,2026-08-14T15:00:00Z,Team Total (Double Faults) Home,7,"{'hdp': 11.5, 'over': '26.00'}"
73721800,2026-08-14,ATP,Cincinnati,Bet365,Kyrian Jacquet,Adolfo Daniel Vallejo,match_double_faults,2.5,1.0200,,2026-08-14T09:30:33Z,2026-08-14T15:00:00Z,Totals (Double Faults),9,"{'hdp': 2.5, 'over': '1.02'}"
73721800,2026-08-14,ATP,Cincinnati,Bet365,Kyrian Jacquet,Adolfo Daniel Vallejo,match_double_faults,4.5,1.1400,,2026-08-14T09:30:33Z,2026-08-14T15:00:00Z,Totals (Double Faults),9,"{'hdp': 4.5, 'over': '1.14'}"
73721800,2026-08-14,ATP,Cincinnati,Bet365,Kyrian Jacquet,Adolfo Daniel Vallejo,match_double_faults,7.5,1.8300,,2026-08-14T09:30:33Z,2026-08-14T15:00:00Z,Totals (Double Faults),9,"{'hdp': 7.5, 'over': '1.83'}"
73721800,2026-08-14,ATP,Cincinnati,Bet365,Kyrian Jacquet,Adolfo Daniel Vallejo,match_double_faults,9.5,3.2500,,2026-08-14T09:30:33Z,2026-08-14T15:00:00Z,Totals (Double Faults),9,"{'hdp': 9.5, 'over': '3.25'}"
73721800,2026-08-14,ATP,Cincinnati,Bet365,Kyrian Jacquet,Adolfo Daniel Vallejo,match_double_faults,11.5,6.0000,,2026-08-14T09:30:33Z,2026-08-14T15:00:00Z,Totals (Double Faults),9,"{'hdp': 11.5, 'over': '6.00'}"
73721800,2026-08-14,ATP,Cincinnati,Bet365,Kyrian Jacquet,Adolfo Daniel Vallejo,match_double_faults,14.5,17.0000,,2026-08-14T09:30:33Z,2026-08-14T15:00:00Z,Totals (Double Faults),9,"{'hdp': 14.5, 'over': '17.00'}"
73721800,2026-08-14,ATP,Cincinnati,Bet365,Kyrian Jacquet,Adolfo Daniel Vallejo,match_double_faults,19.5,26.0000,,2026-08-14T09:30:33Z,2026-08-14T15:00:00Z,Totals (Double Faults),9,"{'hdp': 19.5, 'over': '26.00'}"
73721800,2026-08-14,ATP,Cincinnati,Bet365,Adolfo Daniel Vallejo,Kyrian Jacquet,aces,0.5,1.0300,,2026-08-14T09:30:33Z,2026-08-14T15:00:00Z,Team Total (Aces) Away,5,"{'hdp': 0.5, 'over': '1.03'}"
73721800,2026-08-14,ATP,Cincinnati,Bet365,Adolfo Daniel Vallejo,Kyrian Jacquet,aces,2.5,1.3600,,2026-08-14T09:30:33Z,2026-08-14T15:00:00Z,Team Total (Aces) Away,5,"{'hdp': 2.5, 'over': '1.36'}"
73721800,2026-08-14,ATP,Cincinnati,Bet365,Adolfo Daniel Vallejo,Kyrian Jacquet,aces,4.5,2.2500,,2026-08-14T09:30:33Z,2026-08-14T15:00:00Z,Team Total (Aces) Away,5,"{'hdp': 4.5, 'over': '2.25'}"
73721800,2026-08-14,ATP,Cincinnati,Bet365,Adolfo Daniel Vallejo,Kyrian Jacquet,aces,9.5,15.0000,,2026-08-14T09:30:33Z,2026-08-14T15:00:00Z,Team Total (Aces) Away,5,"{'hdp': 9.5, 'over': '15.00'}"
73721800,2026-08-14,ATP,Cincinnati,Bet365,Adolfo Daniel Vallejo,Kyrian Jacquet,aces,14.5,26.0000,,2026-08-14T09:30:33Z,2026-08-14T15:00:00Z,Team Total (Aces) Away,5,"{'hdp': 14.5, 'over': '26.00'}"
73721800,2026-08-14,ATP,Cincinnati,Bet365,Kyrian Jacquet,Adolfo Daniel Vallejo,aces,0.5,1.0100,,2026-08-14T09:30:33Z,2026-08-14T15:00:00Z,Team Total (Aces) Home,5,"{'hdp': 0.5, 'over': '1.01'}"
73721800,2026-08-14,ATP,Cincinnati,Bet365,Kyrian Jacquet,Adolfo Daniel Vallejo,aces,2.5,1.1600,,2026-08-14T09:30:33Z,2026-08-14T15:00:00Z,Team Total (Aces) Home,5,"{'hdp': 2.5, 'over': '1.16'}"
73721800,2026-08-14,ATP,Cincinnati,Bet365,Kyrian Jacquet,Adolfo Daniel Vallejo,aces,4.5,1.6100,,2026-08-14T09:30:33Z,2026-08-14T15:00:00Z,Team Total (Aces) Home,5,"{'hdp': 4.5, 'over': '1.61'}"
73721800,2026-08-14,ATP,Cincinnati,Bet365,Kyrian Jacquet,Adolfo Daniel Vallejo,aces,9.5,6.5000,,2026-08-14T09:30:33Z,2026-08-14T15:00:00Z,Team Total (Aces) Home,5,"{'hdp': 9.5, 'over': '6.50'}"
73721800,2026-08-14,ATP,Cincinnati,Bet365,Kyrian Jacquet,Adolfo Daniel Vallejo,aces,14.5,26.0000,,2026-08-14T09:30:33Z,2026-08-14T15:00:00Z,Team Total (Aces) Home,5,"{'hdp': 14.5, 'over': '26.00'}"
73721780,2026-08-14,ATP,Cincinnati,Bet365,Coleman Wong,Daniel Altmaier,double_faults,0.5,1.0400,,2026-08-14T09:30:33Z,2026-08-14T15:00:00Z,Team Total (Double Faults) Home,6,"{'hdp': 0.5, 'over': '1.04'}"
73721780,2026-08-14,ATP,Cincinnati,Bet365,Coleman Wong,Daniel Altmaier,double_faults,1.5,1.2000,,2026-08-14T09:30:33Z,2026-08-14T15:00:00Z,Team Total (Double Faults) Home,6,"{'hdp': 1.5, 'over': '1.20'}"
73721780,2026-08-14,ATP,Cincinnati,Bet365,Coleman Wong,Daniel Altmaier,double_faults,2.5,1.5300,,2026-08-14T09:30:33Z,2026-08-14T15:00:00Z,Team Total (Double Faults) Home,6,"{'hdp': 2.5, 'over': '1.53'}"
73721780,2026-08-14,ATP,Cincinnati,Bet365,Coleman Wong,Daniel Altmaier,double_faults,4.5,3.4000,,2026-08-14T09:30:33Z,2026-08-14T15:00:00Z,Team Total (Double Faults) Home,6,"{'hdp': 4.5, 'over': '3.40'}"
73721780,2026-08-14,ATP,Cincinnati,Bet365,Coleman Wong,Daniel Altmaier,double_faults,7.5,17.0000,,2026-08-14T09:30:33Z,2026-08-14T15:00:00Z,Team Total (Double Faults) Home,6,"{'hdp': 7.5, 'over': '17.00'}"
73721780,2026-08-14,ATP,Cincinnati,Bet365,Coleman Wong,Daniel Altmaier,double_faults,9.5,26.0000,,2026-08-14T09:30:33Z,2026-08-14T15:00:00Z,Team Total (Double Faults) Home,6,"{'hdp': 9.5, 'over': '26.00'}"
73721780,2026-08-14,ATP,Cincinnati,Bet365,Coleman Wong,Daniel Altmaier,match_double_faults,1.5,1.0100,,2026-08-14T09:30:33Z,2026-08-14T15:00:00Z,Totals (Double Faults),8,"{'hdp': 1.5, 'over': '1.01'}"
73721780,2026-08-14,ATP,Cincinnati,Bet365,Coleman Wong,Daniel Altmaier,match_double_faults,2.5,1.0600,,2026-08-14T09:30:33Z,2026-08-14T15:00:00Z,Totals (Double Faults),8,"{'hdp': 2.5, 'over': '1.06'}"
73721780,2026-08-14,ATP,Cincinnati,Bet365,Coleman Wong,Daniel Altmaier,match_double_faults,4.5,1.3600,,2026-08-14T09:30:33Z,2026-08-14T15:00:00Z,Totals (Double Faults),8,"{'hdp': 4.5, 'over': '1.36'}"
73721780,2026-08-14,ATP,Cincinnati,Bet365,Coleman Wong,Daniel Altmaier,match_double_faults,7.5,3.2500,,2026-08-14T09:30:33Z,2026-08-14T15:00:00Z,Totals (Double Faults),8,"{'hdp': 7.5, 'over': '3.25'}"
73721780,2026-08-14,ATP,Cincinnati,Bet365,Coleman Wong,Daniel Altmaier,match_double_faults,9.5,6.5000,,2026-08-14T09:30:33Z,2026-08-14T15:00:00Z,Totals (Double Faults),8,"{'hdp': 9.5, 'over': '6.50'}"
73721780,2026-08-14,ATP,Cincinnati,Bet365,Coleman Wong,Daniel Altmaier,match_double_faults,11.5,15.0000,,2026-08-14T09:30:33Z,2026-08-14T15:00:00Z,Totals (Double Faults),8,"{'hdp': 11.5, 'over': '15.00'}"
73721780,2026-08-14,ATP,Cincinnati,Bet365,Coleman Wong,Daniel Altmaier,match_double_faults,14.5,26.0000,,2026-08-14T09:30:33Z,2026-08-14T15:00:00Z,Totals (Double Faults),8,"{'hdp': 14.5, 'over': '26.00'}"
73721780,2026-08-14,ATP,Cincinnati,Bet365,Daniel Altmaier,Coleman Wong,aces,2.5,1.0500,,2026-08-14T09:30:33Z,2026-08-14T15:00:00Z,Team Total (Aces) Away,7,"{'hdp': 2.5, 'over': '1.05'}"
73721780,2026-08-14,ATP,Cincinnati,Bet365,Daniel Altmaier,Coleman Wong,aces,4.5,1.2000,,2026-08-14T09:30:33Z,2026-08-14T15:00:00Z,Team Total (Aces) Away,7,"{'hdp': 4.5, 'over': '1.20'}"
73721780,2026-08-14,ATP,Cincinnati,Bet365,Daniel Altmaier,Coleman Wong,aces,9.5,2.2500,,2026-08-14T09:30:33Z,2026-08-14T15:00:00Z,Team Total (Aces) Away,7,"{'hdp': 9.5, 'over': '2.25'}"
73721780,2026-08-14,ATP,Cincinnati,Bet365,Daniel Altmaier,Coleman Wong,aces,14.5,6.0000,,2026-08-14T09:30:33Z,2026-08-14T15:00:00Z,Team Total (Aces) Away,7,"{'hdp': 14.5, 'over': '6.00'}"
73721780,2026-08-14,ATP,Cincinnati,Bet365,Daniel Altmaier,Coleman Wong,aces,19.5,19.0000,,2026-08-14T09:30:33Z,2026-08-14T15:00:00Z,Team Total (Aces) Away,7,"{'hdp': 19.5, 'over': '19.00'}"
73721780,2026-08-14,ATP,Cincinnati,Bet365,Daniel Altmaier,Coleman Wong,aces,24.5,26.0000,,2026-08-14T09:30:33Z,2026-08-14T15:00:00Z,Team Total (Aces) Away,7,"{'hdp': 24.5, 'over': '26.00'}"
73721780,2026-08-14,ATP,Cincinnati,Bet365,Coleman Wong,Daniel Altmaier,match_aces,9.5,1.0800,,2026-08-14T09:30:33Z,2026-08-14T15:00:00Z,Totals (Aces),9,"{'hdp': 9.5, 'over': '1.08'}"
73721780,2026-08-14,ATP,Cincinnati,Bet365,Coleman Wong,Daniel Altmaier,match_aces,14.5,1.4000,,2026-08-14T09:30:33Z,2026-08-14T15:00:00Z,Totals (Aces),9,"{'hdp': 14.5, 'over': '1.40'}"
73721780,2026-08-14,ATP,Cincinnati,Bet365,Coleman Wong,Daniel Altmaier,match_aces,19.5,2.1000,,2026-08-14T09:30:33Z,2026-08-14T15:00:00Z,Totals (Aces),9,"{'hdp': 19.5, 'over': '2.10'}"
73721780,2026-08-14,ATP,Cincinnati,Bet365,Coleman Wong,Daniel Altmaier,match_aces,24.5,3.5000,,2026-08-14T09:30:33Z,2026-08-14T15:00:00Z,Totals (Aces),9,"{'hdp': 24.5, 'over': '3.50'}"
73721780,2026-08-14,ATP,Cincinnati,Bet365,Coleman Wong,Daniel Altmaier,match_aces,29.5,6.5000,,2026-08-14T09:30:33Z,2026-08-14T15:00:00Z,Totals (Aces),9,"{'hdp': 29.5, 'over': '6.50'}"
73721780,2026-08-14,ATP,Cincinnati,Bet365,Coleman Wong,Daniel Altmaier,match_aces,39.5,23.0000,,2026-08-14T09:30:33Z,2026-08-14T15:00:00Z,Totals (Aces),9,"{'hdp': 39.5, 'over': '23.00'}"
73721780,2026-08-14,ATP,Cincinnati,Bet365,Coleman Wong,Daniel Altmaier,match_aces,49.5,26.0000,,2026-08-14T09:30:33Z,2026-08-14T15:00:00Z,Totals (Aces),9,"{'hdp': 49.5, 'over': '26.00'}"
73721780,2026-08-14,ATP,Cincinnati,Bet365,Coleman Wong,Daniel Altmaier,aces,2.5,1.0200,,2026-08-14T09:30:33Z,2026-08-14T15:00:00Z,Team Total (Aces) Home,7,"{'hdp': 2.5, 'over': '1.02'}"
73721780,2026-08-14,ATP,Cincinnati,Bet365,Coleman Wong,Daniel Altmaier,aces,4.5,1.1200,,2026-08-14T09:30:33Z,2026-08-14T15:00:00Z,Team Total (Aces) Home,7,"{'hdp': 4.5, 'over': '1.12'}"
73721780,2026-08-14,ATP,Cincinnati,Bet365,Coleman Wong,Daniel Altmaier,aces,9.5,1.8300,,2026-08-14T09:30:33Z,2026-08-14T15:00:00Z,Team Total (Aces) Home,7,"{'hdp': 9.5, 'over': '1.83'}"
73721780,2026-08-14,ATP,Cincinnati,Bet365,Coleman Wong,Daniel Altmaier,aces,14.5,4.0000,,2026-08-14T09:30:33Z,2026-08-14T15:00:00Z,Team Total (Aces) Home,7,"{'hdp': 14.5, 'over': '4.00'}"
73721780,2026-08-14,ATP,Cincinnati,Bet365,Coleman Wong,Daniel Altmaier,aces,19.5,11.0000,,2026-08-14T09:30:33Z,2026-08-14T15:00:00Z,Team Total (Aces) Home,7,"{'hdp': 19.5, 'over': '11.00'}"
73721780,2026-08-14,ATP,Cincinnati,Bet365,Coleman Wong,Daniel Altmaier,aces,24.5,26.0000,,2026-08-14T09:30:33Z,2026-08-14T15:00:00Z,Team Total (Aces) Home,7,"{'hdp': 24.5, 'over': '26.00'}"
73721780,2026-08-14,ATP,Cincinnati,Bet365,Daniel Altmaier,Coleman Wong,double_faults,0.5,1.0600,,2026-08-14T09:30:33Z,2026-08-14T15:00:00Z,Team Total (Double Faults) Away,5,"{'hdp': 0.5, 'over': '1.06'}"
73721780,2026-08-14,ATP,Cincinnati,Bet365,Daniel Altmaier,Coleman Wong,double_faults,1.5,1.3000,,2026-08-14T09:30:33Z,2026-08-14T15:00:00Z,Team Total (Double Faults) Away,5,"{'hdp': 1.5, 'over': '1.30'}"
73721780,2026-08-14,ATP,Cincinnati,Bet365,Daniel Altmaier,Coleman Wong,double_faults,2.5,1.8300,,2026-08-14T09:30:33Z,2026-08-14T15:00:00Z,Team Total (Double Faults) Away,5,"{'hdp': 2.5, 'over': '1.83'}"
73721780,2026-08-14,ATP,Cincinnati,Bet365,Daniel Altmaier,Coleman Wong,double_faults,4.5,5.5000,,2026-08-14T09:30:33Z,2026-08-14T15:00:00Z,Team Total (Double Faults) Away,5,"{'hdp': 4.5, 'over': '5.50'}"
73721780,2026-08-14,ATP,Cincinnati,Bet365,Daniel Altmaier,Coleman Wong,double_faults,7.5,26.0000,,2026-08-14T09:30:33Z,2026-08-14T15:00:00Z,Team Total (Double Faults) Away,5,"{'hdp': 7.5, 'over': '26.00'}"
73722006,2026-08-14,WTA,Cincinnati,Bet365,Nikola Bartunkova,Alina Charaeva,double_faults,1.5,1.0400,,2026-08-14T09:30:33Z,2026-08-14T15:00:00Z,Team Total (Double Faults) Home,8,"{'hdp': 1.5, 'over': '1.04'}"
73722006,2026-08-14,WTA,Cincinnati,Bet365,Nikola Bartunkova,Alina Charaeva,double_faults,2.5,1.1100,,2026-08-14T09:30:33Z,2026-08-14T15:00:00Z,Team Total (Double Faults) Home,8,"{'hdp': 2.5, 'over': '1.11'}"
73722006,2026-08-14,WTA,Cincinnati,Bet365,Nikola Bartunkova,Alina Charaeva,double_faults,4.5,1.4400,,2026-08-14T09:30:33Z,2026-08-14T15:00:00Z,Team Total (Double Faults) Home,8,"{'hdp': 4.5, 'over': '1.44'}"
73722006,2026-08-14,WTA,Cincinnati,Bet365,Nikola Bartunkova,Alina Charaeva,double_faults,7.5,2.7500,,2026-08-14T09:30:33Z,2026-08-14T15:00:00Z,Team Total (Double Faults) Home,8,"{'hdp': 7.5, 'over': '2.75'}"
73722006,2026-08-14,WTA,Cincinnati,Bet365,Nikola Bartunkova,Alina Charaeva,double_faults,9.5,5.5000,,2026-08-14T09:30:33Z,2026-08-14T15:00:00Z,Team Total (Double Faults) Home,8,"{'hdp': 9.5, 'over': '5.50'}"
73722006,2026-08-14,WTA,Cincinnati,Bet365,Nikola Bartunkova,Alina Charaeva,double_faults,11.5,11.0000,,2026-08-14T09:30:33Z,2026-08-14T15:00:00Z,Team Total (Double Faults) Home,8,"{'hdp': 11.5, 'over': '11.00'}"
73722006,2026-08-14,WTA,Cincinnati,Bet365,Nikola Bartunkova,Alina Charaeva,double_faults,14.5,26.0000,,2026-08-14T09:30:33Z,2026-08-14T15:00:00Z,Team Total (Double Faults) Home,8,"{'hdp': 14.5, 'over': '26.00'}"
73722006,2026-08-14,WTA,Cincinnati,Bet365,Nikola Bartunkova,Alina Charaeva,aces,2.5,1.1200,,2026-08-14T09:30:33Z,2026-08-14T15:00:00Z,Team Total (Aces) Home,6,"{'hdp': 2.5, 'over': '1.12'}"
73722006,2026-08-14,WTA,Cincinnati,Bet365,Nikola Bartunkova,Alina Charaeva,aces,4.5,1.5000,,2026-08-14T09:30:33Z,2026-08-14T15:00:00Z,Team Total (Aces) Home,6,"{'hdp': 4.5, 'over': '1.50'}"
73722006,2026-08-14,WTA,Cincinnati,Bet365,Nikola Bartunkova,Alina Charaeva,aces,9.5,5.5000,,2026-08-14T09:30:33Z,2026-08-14T15:00:00Z,Team Total (Aces) Home,6,"{'hdp': 9.5, 'over': '5.50'}"
73722006,2026-08-14,WTA,Cincinnati,Bet365,Nikola Bartunkova,Alina Charaeva,aces,14.5,23.0000,,2026-08-14T09:30:33Z,2026-08-14T15:00:00Z,Team Total (Aces) Home,6,"{'hdp': 14.5, 'over': '23.00'}"
73722006,2026-08-14,WTA,Cincinnati,Bet365,Nikola Bartunkova,Alina Charaeva,aces,19.5,26.0000,,2026-08-14T09:30:33Z,2026-08-14T15:00:00Z,Team Total (Aces) Home,6,"{'hdp': 19.5, 'over': '26.00'}"
73722006,2026-08-14,WTA,Cincinnati,Bet365,Alina Charaeva,Nikola Bartunkova,double_faults,1.5,1.0200,,2026-08-14T09:30:33Z,2026-08-14T15:00:00Z,Team Total (Double Faults) Away,8,"{'hdp': 1.5, 'over': '1.02'}"
73722006,2026-08-14,WTA,Cincinnati,Bet365,Alina Charaeva,Nikola Bartunkova,double_faults,2.5,1.1000,,2026-08-14T09:30:33Z,2026-08-14T15:00:00Z,Team Total (Double Faults) Away,8,"{'hdp': 2.5, 'over': '1.10'}"
73722006,2026-08-14,WTA,Cincinnati,Bet365,Alina Charaeva,Nikola Bartunkova,double_faults,4.5,1.5000,,2026-08-14T09:30:33Z,2026-08-14T15:00:00Z,Team Total (Double Faults) Away,8,"{'hdp': 4.5, 'over': '1.50'}"
73722006,2026-08-14,WTA,Cincinnati,Bet365,Alina Charaeva,Nikola Bartunkova,double_faults,7.5,3.5000,,2026-08-14T09:30:33Z,2026-08-14T15:00:00Z,Team Total (Double Faults) Away,8,"{'hdp': 7.5, 'over': '3.50'}"
73722006,2026-08-14,WTA,Cincinnati,Bet365,Alina Charaeva,Nikola Bartunkova,double_faults,9.5,8.0000,,2026-08-14T09:30:33Z,2026-08-14T15:00:00Z,Team Total (Double Faults) Away,8,"{'hdp': 9.5, 'over': '8.00'}"
73722006,2026-08-14,WTA,Cincinnati,Bet365,Alina Charaeva,Nikola Bartunkova,double_faults,11.5,19.0000,,2026-08-14T09:30:33Z,2026-08-14T15:00:00Z,Team Total (Double Faults) Away,8,"{'hdp': 11.5, 'over': '19.00'}"
73722006,2026-08-14,WTA,Cincinnati,Bet365,Alina Charaeva,Nikola Bartunkova,double_faults,14.5,26.0000,,2026-08-14T09:30:33Z,2026-08-14T15:00:00Z,Team Total (Double Faults) Away,8,"{'hdp': 14.5, 'over': '26.00'}"
73722006,2026-08-14,WTA,Cincinnati,Bet365,Nikola Bartunkova,Alina Charaeva,match_double_faults,4.5,1.0200,,2026-08-14T09:30:33Z,2026-08-14T15:00:00Z,Totals (Double Faults),9,"{'hdp': 4.5, 'over': '1.02'}"
73722006,2026-08-14,WTA,Cincinnati,Bet365,Nikola Bartunkova,Alina Charaeva,match_double_faults,7.5,1.1600,,2026-08-14T09:30:33Z,2026-08-14T15:00:00Z,Totals (Double Faults),9,"{'hdp': 7.5, 'over': '1.16'}"
73722006,2026-08-14,WTA,Cincinnati,Bet365,Nikola Bartunkova,Alina Charaeva,match_double_faults,9.5,1.4000,,2026-08-14T09:30:33Z,2026-08-14T15:00:00Z,Totals (Double Faults),9,"{'hdp': 9.5, 'over': '1.40'}"
73722006,2026-08-14,WTA,Cincinnati,Bet365,Nikola Bartunkova,Alina Charaeva,match_double_faults,11.5,1.8300,,2026-08-14T09:30:33Z,2026-08-14T15:00:00Z,Totals (Double Faults),9,"{'hdp': 11.5, 'over': '1.83'}"
73722006,2026-08-14,WTA,Cincinnati,Bet365,Nikola Bartunkova,Alina Charaeva,match_double_faults,14.5,3.4000,,2026-08-14T09:30:33Z,2026-08-14T15:00:00Z,Totals (Double Faults),9,"{'hdp': 14.5, 'over': '3.40'}"
73722006,2026-08-14,WTA,Cincinnati,Bet365,Nikola Bartunkova,Alina Charaeva,match_double_faults,19.5,11.0000,,2026-08-14T09:30:33Z,2026-08-14T15:00:00Z,Totals (Double Faults),9,"{'hdp': 19.5, 'over': '11.00'}"
73722006,2026-08-14,WTA,Cincinnati,Bet365,Nikola Bartunkova,Alina Charaeva,match_double_faults,24.5,26.0000,,2026-08-14T09:30:33Z,2026-08-14T15:00:00Z,Totals (Double Faults),9,"{'hdp': 24.5, 'over': '26.00'}"
73722006,2026-08-14,WTA,Cincinnati,Bet365,Nikola Bartunkova,Alina Charaeva,match_aces,2.5,1.0100,,2026-08-14T09:30:33Z,2026-08-14T15:00:00Z,Totals (Aces),7,"{'hdp': 2.5, 'over': '1.01'}"
73722006,2026-08-14,WTA,Cincinnati,Bet365,Nikola Bartunkova,Alina Charaeva,match_aces,4.5,1.0800,,2026-08-14T09:30:33Z,2026-08-14T15:00:00Z,Totals (Aces),7,"{'hdp': 4.5, 'over': '1.08'}"
73722006,2026-08-14,WTA,Cincinnati,Bet365,Nikola Bartunkova,Alina Charaeva,match_aces,9.5,1.7200,,2026-08-14T09:30:33Z,2026-08-14T15:00:00Z,Totals (Aces),7,"{'hdp': 9.5, 'over': '1.72'}"
73722006,2026-08-14,WTA,Cincinnati,Bet365,Nikola Bartunkova,Alina Charaeva,match_aces,14.5,4.0000,,2026-08-14T09:30:33Z,2026-08-14T15:00:00Z,Totals (Aces),7,"{'hdp': 14.5, 'over': '4.00'}"
73722006,2026-08-14,WTA,Cincinnati,Bet365,Nikola Bartunkova,Alina Charaeva,match_aces,19.5,11.0000,,2026-08-14T09:30:33Z,2026-08-14T15:00:00Z,Totals (Aces),7,"{'hdp': 19.5, 'over': '11.00'}"
73722006,2026-08-14,WTA,Cincinnati,Bet365,Nikola Bartunkova,Alina Charaeva,match_aces,24.5,26.0000,,2026-08-14T09:30:33Z,2026-08-14T15:00:00Z,Totals (Aces),7,"{'hdp': 24.5, 'over': '26.00'}"
73722006,2026-08-14,WTA,Cincinnati,Bet365,Alina Charaeva,Nikola Bartunkova,aces,4.5,2.1000,,2026-08-14T09:30:33Z,2026-08-14T15:00:00Z,Team Total (Aces) Away,5,"{'hdp': 4.5, 'over': '2.10'}"
73722006,2026-08-14,WTA,Cincinnati,Bet365,Alina Charaeva,Nikola Bartunkova,aces,9.5,11.0000,,2026-08-14T09:30:33Z,2026-08-14T15:00:00Z,Team Total (Aces) Away,5,"{'hdp': 9.5, 'over': '11.00'}"
73722006,2026-08-14,WTA,Cincinnati,Bet365,Alina Charaeva,Nikola Bartunkova,aces,14.5,26.0000,,2026-08-14T09:30:33Z,2026-08-14T15:00:00Z,Team Total (Aces) Away,5,"{'hdp': 14.5, 'over': '26.00'}"
73722006,2026-08-14,WTA,Cincinnati,Bet365,Alina Charaeva,Nikola Bartunkova,aces,0.5,1.0200,,2026-08-14T09:30:33Z,2026-08-14T15:00:00Z,Team Total (Aces) Away,5,"{'hdp': 0.5, 'over': '1.02'}"
73722006,2026-08-14,WTA,Cincinnati,Bet365,Alina Charaeva,Nikola Bartunkova,aces,2.5,1.3000,,2026-08-14T09:30:33Z,2026-08-14T15:00:00Z,Team Total (Aces) Away,5,"{'hdp': 2.5, 'over': '1.30'}"
73722014,2026-08-14,WTA,Cincinnati,Bet365,Elisabetta Cocciaretto,Lucrezia Stefanini,double_faults,0.5,1.0100,,2026-08-14T09:30:33Z,2026-08-14T15:00:00Z,Team Total (Double Faults) Home,7,"{'hdp': 0.5, 'over': '1.01'}"
73722014,2026-08-14,WTA,Cincinnati,Bet365,Elisabetta Cocciaretto,Lucrezia Stefanini,double_faults,1.5,1.0800,,2026-08-14T09:30:33Z,2026-08-14T15:00:00Z,Team Total (Double Faults) Home,7,"{'hdp': 1.5, 'over': '1.08'}"
73722014,2026-08-14,WTA,Cincinnati,Bet365,Elisabetta Cocciaretto,Lucrezia Stefanini,double_faults,2.5,1.2500,,2026-08-14T09:30:33Z,2026-08-14T15:00:00Z,Team Total (Double Faults) Home,7,"{'hdp': 2.5, 'over': '1.25'}"
73722014,2026-08-14,WTA,Cincinnati,Bet365,Elisabetta Cocciaretto,Lucrezia Stefanini,double_faults,4.5,1.9000,,2026-08-14T09:30:33Z,2026-08-14T15:00:00Z,Team Total (Double Faults) Home,7,"{'hdp': 4.5, 'over': '1.90'}"
73722014,2026-08-14,WTA,Cincinnati,Bet365,Elisabetta Cocciaretto,Lucrezia Stefanini,double_faults,7.5,5.5000,,2026-08-14T09:30:33Z,2026-08-14T15:00:00Z,Team Total (Double Faults) Home,7,"{'hdp': 7.5, 'over': '5.50'}"
73722014,2026-08-14,WTA,Cincinnati,Bet365,Elisabetta Cocciaretto,Lucrezia Stefanini,double_faults,9.5,13.0000,,2026-08-14T09:30:33Z,2026-08-14T15:00:00Z,Team Total (Double Faults) Home,7,"{'hdp': 9.5, 'over': '13.00'}"
73722014,2026-08-14,WTA,Cincinnati,Bet365,Elisabetta Cocciaretto,Lucrezia Stefanini,double_faults,11.5,26.0000,,2026-08-14T09:30:33Z,2026-08-14T15:00:00Z,Team Total (Double Faults) Home,7,"{'hdp': 11.5, 'over': '26.00'}"
73722014,2026-08-14,WTA,Cincinnati,Bet365,Lucrezia Stefanini,Elisabetta Cocciaretto,aces,0.5,1.1200,,2026-08-14T09:30:33Z,2026-08-14T15:00:00Z,Team Total (Aces) Away,4,"{'hdp': 0.5, 'over': '1.12'}"
73722014,2026-08-14,WTA,Cincinnati,Bet365,Lucrezia Stefanini,Elisabetta Cocciaretto,aces,2.5,2.2000,,2026-08-14T09:30:33Z,2026-08-14T15:00:00Z,Team Total (Aces) Away,4,"{'hdp': 2.5, 'over': '2.20'}"
73722014,2026-08-14,WTA,Cincinnati,Bet365,Lucrezia Stefanini,Elisabetta Cocciaretto,aces,4.5,6.0000,,2026-08-14T09:30:33Z,2026-08-14T15:00:00Z,Team Total (Aces) Away,4,"{'hdp': 4.5, 'over': '6.00'}"
73722014,2026-08-14,WTA,Cincinnati,Bet365,Lucrezia Stefanini,Elisabetta Cocciaretto,aces,9.5,26.0000,,2026-08-14T09:30:33Z,2026-08-14T15:00:00Z,Team Total (Aces) Away,4,"{'hdp': 9.5, 'over': '26.00'}"
73722014,2026-08-14,WTA,Cincinnati,Bet365,Elisabetta Cocciaretto,Lucrezia Stefanini,aces,0.5,1.1100,,2026-08-14T09:30:33Z,2026-08-14T15:00:00Z,Team Total (Aces) Home,4,"{'hdp': 0.5, 'over': '1.11'}"
73722014,2026-08-14,WTA,Cincinnati,Bet365,Elisabetta Cocciaretto,Lucrezia Stefanini,aces,2.5,2.2000,,2026-08-14T09:30:33Z,2026-08-14T15:00:00Z,Team Total (Aces) Home,4,"{'hdp': 2.5, 'over': '2.20'}"
73722014,2026-08-14,WTA,Cincinnati,Bet365,Elisabetta Cocciaretto,Lucrezia Stefanini,aces,4.5,6.5000,,2026-08-14T09:30:33Z,2026-08-14T15:00:00Z,Team Total (Aces) Home,4,"{'hdp': 4.5, 'over': '6.50'}"
73722014,2026-08-14,WTA,Cincinnati,Bet365,Elisabetta Cocciaretto,Lucrezia Stefanini,aces,9.5,26.0000,,2026-08-14T09:30:33Z,2026-08-14T15:00:00Z,Team Total (Aces) Home,4,"{'hdp': 9.5, 'over': '26.00'}"
73722014,2026-08-14,WTA,Cincinnati,Bet365,Elisabetta Cocciaretto,Lucrezia Stefanini,match_aces,0.5,1.0100,,2026-08-14T09:30:33Z,2026-08-14T15:00:00Z,Totals (Aces),5,"{'hdp': 0.5, 'over': '1.01'}"
73722014,2026-08-14,WTA,Cincinnati,Bet365,Elisabetta Cocciaretto,Lucrezia Stefanini,match_aces,2.5,1.2200,,2026-08-14T09:30:33Z,2026-08-14T15:00:00Z,Totals (Aces),5,"{'hdp': 2.5, 'over': '1.22'}"
73722014,2026-08-14,WTA,Cincinnati,Bet365,Elisabetta Cocciaretto,Lucrezia Stefanini,match_aces,4.5,1.8300,,2026-08-14T09:30:33Z,2026-08-14T15:00:00Z,Totals (Aces),5,"{'hdp': 4.5, 'over': '1.83'}"
73722014,2026-08-14,WTA,Cincinnati,Bet365,Elisabetta Cocciaretto,Lucrezia Stefanini,match_aces,9.5,11.0000,,2026-08-14T09:30:33Z,2026-08-14T15:00:00Z,Totals (Aces),5,"{'hdp': 9.5, 'over': '11.00'}"
73722014,2026-08-14,WTA,Cincinnati,Bet365,Elisabetta Cocciaretto,Lucrezia Stefanini,match_aces,14.5,26.0000,,2026-08-14T09:30:33Z,2026-08-14T15:00:00Z,Totals (Aces),5,"{'hdp': 14.5, 'over': '26.00'}"
73722014,2026-08-14,WTA,Cincinnati,Bet365,Elisabetta Cocciaretto,Lucrezia Stefanini,match_double_faults,4.5,1.0700,,2026-08-14T09:30:33Z,2026-08-14T15:00:00Z,Totals (Double Faults),8,"{'hdp': 4.5, 'over': '1.07'}"
73722014,2026-08-14,WTA,Cincinnati,Bet365,Elisabetta Cocciaretto,Lucrezia Stefanini,match_double_faults,7.5,1.4400,,2026-08-14T09:30:33Z,2026-08-14T15:00:00Z,Totals (Double Faults),8,"{'hdp': 7.5, 'over': '1.44'}"
73722014,2026-08-14,WTA,Cincinnati,Bet365,Elisabetta Cocciaretto,Lucrezia Stefanini,match_double_faults,9.5,2.0000,,2026-08-14T09:30:33Z,2026-08-14T15:00:00Z,Totals (Double Faults),8,"{'hdp': 9.5, 'over': '2.00'}"
73722014,2026-08-14,WTA,Cincinnati,Bet365,Elisabetta Cocciaretto,Lucrezia Stefanini,match_double_faults,11.5,3.4000,,2026-08-14T09:30:33Z,2026-08-14T15:00:00Z,Totals (Double Faults),8,"{'hdp': 11.5, 'over': '3.40'}"
73722014,2026-08-14,WTA,Cincinnati,Bet365,Elisabetta Cocciaretto,Lucrezia Stefanini,match_double_faults,14.5,8.0000,,2026-08-14T09:30:33Z,2026-08-14T15:00:00Z,Totals (Double Faults),8,"{'hdp': 14.5, 'over': '8.00'}"
73722014,2026-08-14,WTA,Cincinnati,Bet365,Elisabetta Cocciaretto,Lucrezia Stefanini,match_double_faults,19.5,26.0000,,2026-08-14T09:30:33Z,2026-08-14T15:00:00Z,Totals (Double Faults),8,"{'hdp': 19.5, 'over': '26.00'}"
73722014,2026-08-14,WTA,Cincinnati,Bet365,Lucrezia Stefanini,Elisabetta Cocciaretto,double_faults,1.5,1.0600,,2026-08-14T09:30:33Z,2026-08-14T15:00:00Z,Team Total (Double Faults) Away,7,"{'hdp': 1.5, 'over': '1.06'}"
73722014,2026-08-14,WTA,Cincinnati,Bet365,Lucrezia Stefanini,Elisabetta Cocciaretto,double_faults,2.5,1.2000,,2026-08-14T09:30:33Z,2026-08-14T15:00:00Z,Team Total (Double Faults) Away,7,"{'hdp': 2.5, 'over': '1.20'}"
73722014,2026-08-14,WTA,Cincinnati,Bet365,Lucrezia Stefanini,Elisabetta Cocciaretto,double_faults,4.5,1.9000,,2026-08-14T09:30:33Z,2026-08-14T15:00:00Z,Team Total (Double Faults) Away,7,"{'hdp': 4.5, 'over': '1.90'}"
73722014,2026-08-14,WTA,Cincinnati,Bet365,Lucrezia Stefanini,Elisabetta Cocciaretto,double_faults,7.5,6.5000,,2026-08-14T09:30:33Z,2026-08-14T15:00:00Z,Team Total (Double Faults) Away,7,"{'hdp': 7.5, 'over': '6.50'}"
73722014,2026-08-14,WTA,Cincinnati,Bet365,Lucrezia Stefanini,Elisabetta Cocciaretto,double_faults,9.5,17.0000,,2026-08-14T09:30:33Z,2026-08-14T15:00:00Z,Team Total (Double Faults) Away,7,"{'hdp': 9.5, 'over': '17.00'}"
73722014,2026-08-14,WTA,Cincinnati,Bet365,Lucrezia Stefanini,Elisabetta Cocciaretto,double_faults,11.5,26.0000,,2026-08-14T09:30:33Z,2026-08-14T15:00:00Z,Team Total (Double Faults) Away,7,"{'hdp': 11.5, 'over': '26.00'}"
73667546,2026-08-14,ATP,Cincinnati,Bet365,Pablo Carreno Busta,Tomas Machac,aces,2.5,1.1000,,2026-08-14T09:30:33Z,2026-08-14T16:10:00Z,Team Total (Aces) Away,6,"{'hdp': 2.5, 'over': '1.10'}"
73667546,2026-08-14,ATP,Cincinnati,Bet365,Pablo Carreno Busta,Tomas Machac,aces,4.5,1.4000,,2026-08-14T09:30:33Z,2026-08-14T16:10:00Z,Team Total (Aces) Away,6,"{'hdp': 4.5, 'over': '1.40'}"
73667546,2026-08-14,ATP,Cincinnati,Bet365,Pablo Carreno Busta,Tomas Machac,aces,9.5,3.7500,,2026-08-14T09:30:33Z,2026-08-14T16:10:00Z,Team Total (Aces) Away,6,"{'hdp': 9.5, 'over': '3.75'}"
73667546,2026-08-14,ATP,Cincinnati,Bet365,Pablo Carreno Busta,Tomas Machac,aces,14.5,15.0000,,2026-08-14T09:30:33Z,2026-08-14T16:10:00Z,Team Total (Aces) Away,6,"{'hdp': 14.5, 'over': '15.00'}"
73667546,2026-08-14,ATP,Cincinnati,Bet365,Pablo Carreno Busta,Tomas Machac,aces,19.5,26.0000,,2026-08-14T09:30:33Z,2026-08-14T16:10:00Z,Team Total (Aces) Away,6,"{'hdp': 19.5, 'over': '26.00'}"
73667546,2026-08-14,ATP,Cincinnati,Bet365,Tomas Machac,Pablo Carreno Busta,aces,2.5,1.0800,,2026-08-14T09:30:33Z,2026-08-14T16:10:00Z,Team Total (Aces) Home,6,"{'hdp': 2.5, 'over': '1.08'}"
73667546,2026-08-14,ATP,Cincinnati,Bet365,Tomas Machac,Pablo Carreno Busta,aces,4.5,1.3000,,2026-08-14T09:30:33Z,2026-08-14T16:10:00Z,Team Total (Aces) Home,6,"{'hdp': 4.5, 'over': '1.30'}"
73667546,2026-08-14,ATP,Cincinnati,Bet365,Tomas Machac,Pablo Carreno Busta,aces,9.5,3.4000,,2026-08-14T09:30:33Z,2026-08-14T16:10:00Z,Team Total (Aces) Home,6,"{'hdp': 9.5, 'over': '3.40'}"
73667546,2026-08-14,ATP,Cincinnati,Bet365,Tomas Machac,Pablo Carreno Busta,aces,14.5,11.0000,,2026-08-14T09:30:33Z,2026-08-14T16:10:00Z,Team Total (Aces) Home,6,"{'hdp': 14.5, 'over': '11.00'}"
73667546,2026-08-14,ATP,Cincinnati,Bet365,Tomas Machac,Pablo Carreno Busta,aces,19.5,26.0000,,2026-08-14T09:30:33Z,2026-08-14T16:10:00Z,Team Total (Aces) Home,6,"{'hdp': 19.5, 'over': '26.00'}"
73667546,2026-08-14,ATP,Cincinnati,Bet365,Tomas Machac,Pablo Carreno Busta,match_aces,4.5,1.0300,,2026-08-14T09:30:33Z,2026-08-14T16:10:00Z,Totals (Aces),8,"{'hdp': 4.5, 'over': '1.03'}"
73667546,2026-08-14,ATP,Cincinnati,Bet365,Tomas Machac,Pablo Carreno Busta,match_aces,9.5,1.3000,,2026-08-14T09:30:33Z,2026-08-14T16:10:00Z,Totals (Aces),8,"{'hdp': 9.5, 'over': '1.30'}"
73667546,2026-08-14,ATP,Cincinnati,Bet365,Tomas Machac,Pablo Carreno Busta,match_aces,14.5,2.1000,,2026-08-14T09:30:33Z,2026-08-14T16:10:00Z,Totals (Aces),8,"{'hdp': 14.5, 'over': '2.10'}"
73667546,2026-08-14,ATP,Cincinnati,Bet365,Tomas Machac,Pablo Carreno Busta,match_aces,19.5,4.0000,,2026-08-14T09:30:33Z,2026-08-14T16:10:00Z,Totals (Aces),8,"{'hdp': 19.5, 'over': '4.00'}"
73667546,2026-08-14,ATP,Cincinnati,Bet365,Tomas Machac,Pablo Carreno Busta,match_aces,24.5,10.0000,,2026-08-14T09:30:33Z,2026-08-14T16:10:00Z,Totals (Aces),8,"{'hdp': 24.5, 'over': '10.00'}"
73667546,2026-08-14,ATP,Cincinnati,Bet365,Tomas Machac,Pablo Carreno Busta,match_aces,29.5,21.0000,,2026-08-14T09:30:33Z,2026-08-14T16:10:00Z,Totals (Aces),8,"{'hdp': 29.5, 'over': '21.00'}"
73667546,2026-08-14,ATP,Cincinnati,Bet365,Tomas Machac,Pablo Carreno Busta,match_aces,39.5,26.0000,,2026-08-14T09:30:33Z,2026-08-14T16:10:00Z,Totals (Aces),8,"{'hdp': 39.5, 'over': '26.00'}"
73667618,2026-08-14,WTA,Cincinnati,Bet365,Tamara Korpatsch,Maya Joint,aces,0.5,1.0300,,2026-08-14T09:30:33Z,2026-08-14T16:10:00Z,Team Total (Aces) Away,5,"{'hdp': 0.5, 'over': '1.03'}"
73667618,2026-08-14,WTA,Cincinnati,Bet365,Tamara Korpatsch,Maya Joint,aces,2.5,1.4000,,2026-08-14T09:30:33Z,2026-08-14T16:10:00Z,Team Total (Aces) Away,5,"{'hdp': 2.5, 'over': '1.40'}"
73667618,2026-08-14,WTA,Cincinnati,Bet365,Tamara Korpatsch,Maya Joint,aces,4.5,2.2500,,2026-08-14T09:30:33Z,2026-08-14T16:10:00Z,Team Total (Aces) Away,5,"{'hdp': 4.5, 'over': '2.25'}"
73667618,2026-08-14,WTA,Cincinnati,Bet365,Tamara Korpatsch,Maya Joint,aces,9.5,15.0000,,2026-08-14T09:30:33Z,2026-08-14T16:10:00Z,Team Total (Aces) Away,5,"{'hdp': 9.5, 'over': '15.00'}"
73667618,2026-08-14,WTA,Cincinnati,Bet365,Tamara Korpatsch,Maya Joint,aces,14.5,26.0000,,2026-08-14T09:30:33Z,2026-08-14T16:10:00Z,Team Total (Aces) Away,5,"{'hdp': 14.5, 'over': '26.00'}"
73667618,2026-08-14,WTA,Cincinnati,Bet365,Maya Joint,Tamara Korpatsch,aces,0.5,1.0700,,2026-08-14T09:30:33Z,2026-08-14T16:10:00Z,Team Total (Aces) Home,4,"{'hdp': 0.5, 'over': '1.07'}"
73667618,2026-08-14,WTA,Cincinnati,Bet365,Maya Joint,Tamara Korpatsch,aces,2.5,1.8300,,2026-08-14T09:30:33Z,2026-08-14T16:10:00Z,Team Total (Aces) Home,4,"{'hdp': 2.5, 'over': '1.83'}"
73667618,2026-08-14,WTA,Cincinnati,Bet365,Maya Joint,Tamara Korpatsch,aces,4.5,4.5000,,2026-08-14T09:30:33Z,2026-08-14T16:10:00Z,Team Total (Aces) Home,4,"{'hdp': 4.5, 'over': '4.50'}"
73667618,2026-08-14,WTA,Cincinnati,Bet365,Maya Joint,Tamara Korpatsch,aces,9.5,26.0000,,2026-08-14T09:30:33Z,2026-08-14T16:10:00Z,Team Total (Aces) Home,4,"{'hdp': 9.5, 'over': '26.00'}"
73667618,2026-08-14,WTA,Cincinnati,Bet365,Tamara Korpatsch,Maya Joint,double_faults,0.5,1.0100,,2026-08-14T09:30:33Z,2026-08-14T16:10:00Z,Team Total (Double Faults) Away,7,"{'hdp': 0.5, 'over': '1.01'}"
73667618,2026-08-14,WTA,Cincinnati,Bet365,Tamara Korpatsch,Maya Joint,double_faults,1.5,1.0600,,2026-08-14T09:30:33Z,2026-08-14T16:10:00Z,Team Total (Double Faults) Away,7,"{'hdp': 1.5, 'over': '1.06'}"
73667618,2026-08-14,WTA,Cincinnati,Bet365,Tamara Korpatsch,Maya Joint,double_faults,2.5,1.2000,,2026-08-14T09:30:33Z,2026-08-14T16:10:00Z,Team Total (Double Faults) Away,7,"{'hdp': 2.5, 'over': '1.20'}"
73667618,2026-08-14,WTA,Cincinnati,Bet365,Tamara Korpatsch,Maya Joint,double_faults,4.5,2.0000,,2026-08-14T09:30:33Z,2026-08-14T16:10:00Z,Team Total (Double Faults) Away,7,"{'hdp': 4.5, 'over': '2.00'}"
73667618,2026-08-14,WTA,Cincinnati,Bet365,Tamara Korpatsch,Maya Joint,double_faults,7.5,7.0000,,2026-08-14T09:30:33Z,2026-08-14T16:10:00Z,Team Total (Double Faults) Away,7,"{'hdp': 7.5, 'over': '7.00'}"
73667618,2026-08-14,WTA,Cincinnati,Bet365,Tamara Korpatsch,Maya Joint,double_faults,9.5,19.0000,,2026-08-14T09:30:33Z,2026-08-14T16:10:00Z,Team Total (Double Faults) Away,7,"{'hdp': 9.5, 'over': '19.00'}"
73667618,2026-08-14,WTA,Cincinnati,Bet365,Tamara Korpatsch,Maya Joint,double_faults,11.5,26.0000,,2026-08-14T09:30:33Z,2026-08-14T16:10:00Z,Team Total (Double Faults) Away,7,"{'hdp': 11.5, 'over': '26.00'}"
73667618,2026-08-14,WTA,Cincinnati,Bet365,Maya Joint,Tamara Korpatsch,double_faults,0.5,1.0200,,2026-08-14T09:30:33Z,2026-08-14T16:10:00Z,Team Total (Double Faults) Home,7,"{'hdp': 0.5, 'over': '1.02'}"
73667618,2026-08-14,WTA,Cincinnati,Bet365,Maya Joint,Tamara Korpatsch,double_faults,1.5,1.1000,,2026-08-14T09:30:33Z,2026-08-14T16:10:00Z,Team Total (Double Faults) Home,7,"{'hdp': 1.5, 'over': '1.10'}"
73667618,2026-08-14,WTA,Cincinnati,Bet365,Maya Joint,Tamara Korpatsch,double_faults,2.5,1.2800,,2026-08-14T09:30:33Z,2026-08-14T16:10:00Z,Team Total (Double Faults) Home,7,"{'hdp': 2.5, 'over': '1.28'}"
73667618,2026-08-14,WTA,Cincinnati,Bet365,Maya Joint,Tamara Korpatsch,double_faults,4.5,2.0000,,2026-08-14T09:30:33Z,2026-08-14T16:10:00Z,Team Total (Double Faults) Home,7,"{'hdp': 4.5, 'over': '2.00'}"
73667618,2026-08-14,WTA,Cincinnati,Bet365,Maya Joint,Tamara Korpatsch,double_faults,7.5,6.0000,,2026-08-14T09:30:33Z,2026-08-14T16:10:00Z,Team Total (Double Faults) Home,7,"{'hdp': 7.5, 'over': '6.00'}"
73667618,2026-08-14,WTA,Cincinnati,Bet365,Maya Joint,Tamara Korpatsch,double_faults,9.5,15.0000,,2026-08-14T09:30:33Z,2026-08-14T16:10:00Z,Team Total (Double Faults) Home,7,"{'hdp': 9.5, 'over': '15.00'}"
73667618,2026-08-14,WTA,Cincinnati,Bet365,Maya Joint,Tamara Korpatsch,double_faults,11.5,26.0000,,2026-08-14T09:30:33Z,2026-08-14T16:10:00Z,Team Total (Double Faults) Home,7,"{'hdp': 11.5, 'over': '26.00'}"
73667618,2026-08-14,WTA,Cincinnati,Bet365,Maya Joint,Tamara Korpatsch,match_aces,2.5,1.0800,,2026-08-14T09:30:33Z,2026-08-14T16:10:00Z,Totals (Aces),6,"{'hdp': 2.5, 'over': '1.08'}"
73667618,2026-08-14,WTA,Cincinnati,Bet365,Maya Joint,Tamara Korpatsch,match_aces,4.5,1.3300,,2026-08-14T09:30:33Z,2026-08-14T16:10:00Z,Totals (Aces),6,"{'hdp': 4.5, 'over': '1.33'}"
73667618,2026-08-14,WTA,Cincinnati,Bet365,Maya Joint,Tamara Korpatsch,match_aces,9.5,3.7500,,2026-08-14T09:30:33Z,2026-08-14T16:10:00Z,Totals (Aces),6,"{'hdp': 9.5, 'over': '3.75'}"
73667618,2026-08-14,WTA,Cincinnati,Bet365,Maya Joint,Tamara Korpatsch,match_aces,14.5,15.0000,,2026-08-14T09:30:33Z,2026-08-14T16:10:00Z,Totals (Aces),6,"{'hdp': 14.5, 'over': '15.00'}"
73667618,2026-08-14,WTA,Cincinnati,Bet365,Maya Joint,Tamara Korpatsch,match_aces,19.5,26.0000,,2026-08-14T09:30:33Z,2026-08-14T16:10:00Z,Totals (Aces),6,"{'hdp': 19.5, 'over': '26.00'}"
73667618,2026-08-14,WTA,Cincinnati,Bet365,Maya Joint,Tamara Korpatsch,match_double_faults,2.5,1.0100,,2026-08-14T09:30:33Z,2026-08-14T16:10:00Z,Totals (Double Faults),8,"{'hdp': 2.5, 'over': '1.01'}"
73667618,2026-08-14,WTA,Cincinnati,Bet365,Maya Joint,Tamara Korpatsch,match_double_faults,4.5,1.0800,,2026-08-14T09:30:33Z,2026-08-14T16:10:00Z,Totals (Double Faults),8,"{'hdp': 4.5, 'over': '1.08'}"
73667618,2026-08-14,WTA,Cincinnati,Bet365,Maya Joint,Tamara Korpatsch,match_double_faults,7.5,1.5000,,2026-08-14T09:30:33Z,2026-08-14T16:10:00Z,Totals (Double Faults),8,"{'hdp': 7.5, 'over': '1.50'}"
73667618,2026-08-14,WTA,Cincinnati,Bet365,Maya Joint,Tamara Korpatsch,match_double_faults,9.5,2.2000,,2026-08-14T09:30:33Z,2026-08-14T16:10:00Z,Totals (Double Faults),8,"{'hdp': 9.5, 'over': '2.20'}"
73667618,2026-08-14,WTA,Cincinnati,Bet365,Maya Joint,Tamara Korpatsch,match_double_faults,11.5,3.5000,,2026-08-14T09:30:33Z,2026-08-14T16:10:00Z,Totals (Double Faults),8,"{'hdp': 11.5, 'over': '3.50'}"
73667618,2026-08-14,WTA,Cincinnati,Bet365,Maya Joint,Tamara Korpatsch,match_double_faults,14.5,9.0000,,2026-08-14T09:30:33Z,2026-08-14T16:10:00Z,Totals (Double Faults),8,"{'hdp': 14.5, 'over': '9.00'}"
73667618,2026-08-14,WTA,Cincinnati,Bet365,Maya Joint,Tamara Korpatsch,match_double_faults,19.5,26.0000,,2026-08-14T09:30:33Z,2026-08-14T16:10:00Z,Totals (Double Faults),8,"{'hdp': 19.5, 'over': '26.00'}"
73721798,2026-08-14,ATP,Cincinnati,Bet365,Titouan Droguet,Matteo Berrettini,aces,2.5,1.0500,,2026-08-14T09:30:33Z,2026-08-14T16:10:00Z,Team Total (Aces) Home,7,"{'hdp': 2.5, 'over': '1.05'}"
73721798,2026-08-14,ATP,Cincinnati,Bet365,Titouan Droguet,Matteo Berrettini,aces,4.5,1.2000,,2026-08-14T09:30:33Z,2026-08-14T16:10:00Z,Team Total (Aces) Home,7,"{'hdp': 4.5, 'over': '1.20'}"
73721798,2026-08-14,ATP,Cincinnati,Bet365,Titouan Droguet,Matteo Berrettini,aces,9.5,2.3700,,2026-08-14T09:30:33Z,2026-08-14T16:10:00Z,Team Total (Aces) Home,7,"{'hdp': 9.5, 'over': '2.37'}"
73721798,2026-08-14,ATP,Cincinnati,Bet365,Titouan Droguet,Matteo Berrettini,aces,14.5,6.5000,,2026-08-14T09:30:33Z,2026-08-14T16:10:00Z,Team Total (Aces) Home,7,"{'hdp': 14.5, 'over': '6.50'}"
73721798,2026-08-14,ATP,Cincinnati,Bet365,Titouan Droguet,Matteo Berrettini,aces,19.5,19.0000,,2026-08-14T09:30:33Z,2026-08-14T16:10:00Z,Team Total (Aces) Home,7,"{'hdp': 19.5, 'over': '19.00'}"
73721798,2026-08-14,ATP,Cincinnati,Bet365,Titouan Droguet,Matteo Berrettini,aces,24.5,26.0000,,2026-08-14T09:30:33Z,2026-08-14T16:10:00Z,Team Total (Aces) Home,7,"{'hdp': 24.5, 'over': '26.00'}"
73721798,2026-08-14,ATP,Cincinnati,Bet365,Matteo Berrettini,Titouan Droguet,double_faults,7.5,26.0000,,2026-08-14T09:30:33Z,2026-08-14T16:10:00Z,Team Total (Double Faults) Away,5,"{'hdp': 7.5, 'over': '26.00'}"
73721798,2026-08-14,ATP,Cincinnati,Bet365,Matteo Berrettini,Titouan Droguet,double_faults,0.5,1.1800,,2026-08-14T09:30:33Z,2026-08-14T16:10:00Z,Team Total (Double Faults) Away,5,"{'hdp': 0.5, 'over': '1.18'}"
73721798,2026-08-14,ATP,Cincinnati,Bet365,Matteo Berrettini,Titouan Droguet,double_faults,1.5,1.8000,,2026-08-14T09:30:33Z,2026-08-14T16:10:00Z,Team Total (Double Faults) Away,5,"{'hdp': 1.5, 'over': '1.80'}"
73721798,2026-08-14,ATP,Cincinnati,Bet365,Matteo Berrettini,Titouan Droguet,double_faults,2.5,3.2500,,2026-08-14T09:30:33Z,2026-08-14T16:10:00Z,Team Total (Double Faults) Away,5,"{'hdp': 2.5, 'over': '3.25'}"
73721798,2026-08-14,ATP,Cincinnati,Bet365,Matteo Berrettini,Titouan Droguet,double_faults,4.5,13.0000,,2026-08-14T09:30:33Z,2026-08-14T16:10:00Z,Team Total (Double Faults) Away,5,"{'hdp': 4.5, 'over': '13.00'}"
73721798,2026-08-14,ATP,Cincinnati,Bet365,Titouan Droguet,Matteo Berrettini,double_faults,7.5,26.0000,,2026-08-14T09:30:33Z,2026-08-14T16:10:00Z,Team Total (Double Faults) Home,5,"{'hdp': 7.5, 'over': '26.00'}"
73721798,2026-08-14,ATP,Cincinnati,Bet365,Titouan Droguet,Matteo Berrettini,double_faults,0.5,1.0700,,2026-08-14T09:30:33Z,2026-08-14T16:10:00Z,Team Total (Double Faults) Home,5,"{'hdp': 0.5, 'over': '1.07'}"
73721798,2026-08-14,ATP,Cincinnati,Bet365,Titouan Droguet,Matteo Berrettini,double_faults,1.5,1.3300,,2026-08-14T09:30:33Z,2026-08-14T16:10:00Z,Team Total (Double Faults) Home,5,"{'hdp': 1.5, 'over': '1.33'}"
73721798,2026-08-14,ATP,Cincinnati,Bet365,Titouan Droguet,Matteo Berrettini,double_faults,2.5,1.9000,,2026-08-14T09:30:33Z,2026-08-14T16:10:00Z,Team Total (Double Faults) Home,5,"{'hdp': 2.5, 'over': '1.90'}"
73721798,2026-08-14,ATP,Cincinnati,Bet365,Titouan Droguet,Matteo Berrettini,double_faults,4.5,6.0000,,2026-08-14T09:30:33Z,2026-08-14T16:10:00Z,Team Total (Double Faults) Home,5,"{'hdp': 4.5, 'over': '6.00'}"
73721798,2026-08-14,ATP,Cincinnati,Bet365,Titouan Droguet,Matteo Berrettini,match_aces,4.5,1.0100,,2026-08-14T09:30:33Z,2026-08-14T16:10:00Z,Totals (Aces),8,"{'hdp': 4.5, 'over': '1.01'}"
73721798,2026-08-14,ATP,Cincinnati,Bet365,Titouan Droguet,Matteo Berrettini,match_aces,9.5,1.1400,,2026-08-14T09:30:33Z,2026-08-14T16:10:00Z,Totals (Aces),8,"{'hdp': 9.5, 'over': '1.14'}"
73721798,2026-08-14,ATP,Cincinnati,Bet365,Titouan Droguet,Matteo Berrettini,match_aces,14.5,1.5700,,2026-08-14T09:30:33Z,2026-08-14T16:10:00Z,Totals (Aces),8,"{'hdp': 14.5, 'over': '1.57'}"
73721798,2026-08-14,ATP,Cincinnati,Bet365,Titouan Droguet,Matteo Berrettini,match_aces,19.5,2.6200,,2026-08-14T09:30:33Z,2026-08-14T16:10:00Z,Totals (Aces),8,"{'hdp': 19.5, 'over': '2.62'}"
73721798,2026-08-14,ATP,Cincinnati,Bet365,Titouan Droguet,Matteo Berrettini,match_aces,24.5,5.0000,,2026-08-14T09:30:33Z,2026-08-14T16:10:00Z,Totals (Aces),8,"{'hdp': 24.5, 'over': '5.00'}"
73721798,2026-08-14,ATP,Cincinnati,Bet365,Titouan Droguet,Matteo Berrettini,match_aces,29.5,10.0000,,2026-08-14T09:30:33Z,2026-08-14T16:10:00Z,Totals (Aces),8,"{'hdp': 29.5, 'over': '10.00'}"
73721798,2026-08-14,ATP,Cincinnati,Bet365,Titouan Droguet,Matteo Berrettini,match_aces,39.5,26.0000,,2026-08-14T09:30:33Z,2026-08-14T16:10:00Z,Totals (Aces),8,"{'hdp': 39.5, 'over': '26.00'}"
73721798,2026-08-14,ATP,Cincinnati,Bet365,Matteo Berrettini,Titouan Droguet,aces,2.5,1.0500,,2026-08-14T09:30:33Z,2026-08-14T16:10:00Z,Team Total (Aces) Away,7,"{'hdp': 2.5, 'over': '1.05'}"
73721798,2026-08-14,ATP,Cincinnati,Bet365,Matteo Berrettini,Titouan Droguet,aces,4.5,1.2000,,2026-08-14T09:30:33Z,2026-08-14T16:10:00Z,Team Total (Aces) Away,7,"{'hdp': 4.5, 'over': '1.20'}"
73721798,2026-08-14,ATP,Cincinnati,Bet365,Matteo Berrettini,Titouan Droguet,aces,9.5,2.5000,,2026-08-14T09:30:33Z,2026-08-14T16:10:00Z,Team Total (Aces) Away,7,"{'hdp': 9.5, 'over': '2.50'}"
73721798,2026-08-14,ATP,Cincinnati,Bet365,Matteo Berrettini,Titouan Droguet,aces,14.5,7.0000,,2026-08-14T09:30:33Z,2026-08-14T16:10:00Z,Team Total (Aces) Away,7,"{'hdp': 14.5, 'over': '7.00'}"
73721798,2026-08-14,ATP,Cincinnati,Bet365,Matteo Berrettini,Titouan Droguet,aces,19.5,21.0000,,2026-08-14T09:30:33Z,2026-08-14T16:10:00Z,Team Total (Aces) Away,7,"{'hdp': 19.5, 'over': '21.00'}"
73721798,2026-08-14,ATP,Cincinnati,Bet365,Matteo Berrettini,Titouan Droguet,aces,24.5,26.0000,,2026-08-14T09:30:33Z,2026-08-14T16:10:00Z,Team Total (Aces) Away,7,"{'hdp': 24.5, 'over': '26.00'}"
73721798,2026-08-14,ATP,Cincinnati,Bet365,Titouan Droguet,Matteo Berrettini,match_double_faults,11.5,26.0000,,2026-08-14T09:30:33Z,2026-08-14T16:10:00Z,Totals (Double Faults),7,"{'hdp': 11.5, 'over': '26.00'}"
73721798,2026-08-14,ATP,Cincinnati,Bet365,Titouan Droguet,Matteo Berrettini,match_double_faults,1.5,1.0600,,2026-08-14T09:30:33Z,2026-08-14T16:10:00Z,Totals (Double Faults),7,"{'hdp': 1.5, 'over': '1.06'}"
73721798,2026-08-14,ATP,Cincinnati,Bet365,Titouan Droguet,Matteo Berrettini,match_double_faults,2.5,1.2000,,2026-08-14T09:30:33Z,2026-08-14T16:10:00Z,Totals (Double Faults),7,"{'hdp': 2.5, 'over': '1.20'}"
73721798,2026-08-14,ATP,Cincinnati,Bet365,Titouan Droguet,Matteo Berrettini,match_double_faults,4.5,2.0000,,2026-08-14T09:30:33Z,2026-08-14T16:10:00Z,Totals (Double Faults),7,"{'hdp': 4.5, 'over': '2.00'}"
73721798,2026-08-14,ATP,Cincinnati,Bet365,Titouan Droguet,Matteo Berrettini,match_double_faults,7.5,8.0000,,2026-08-14T09:30:33Z,2026-08-14T16:10:00Z,Totals (Double Faults),7,"{'hdp': 7.5, 'over': '8.00'}"
73721798,2026-08-14,ATP,Cincinnati,Bet365,Titouan Droguet,Matteo Berrettini,match_double_faults,9.5,21.0000,,2026-08-14T09:30:33Z,2026-08-14T16:10:00Z,Totals (Double Faults),7,"{'hdp': 9.5, 'over': '21.00'}"
73722008,2026-08-14,WTA,Cincinnati,Bet365,Peyton Stearns,Harriet Dart,aces,0.5,1.0100,,2026-08-14T09:30:33Z,2026-08-14T16:10:00Z,Team Total (Aces) Home,5,"{'hdp': 0.5, 'over': '1.01'}"
73722008,2026-08-14,WTA,Cincinnati,Bet365,Peyton Stearns,Harriet Dart,aces,2.5,1.2200,,2026-08-14T09:30:33Z,2026-08-14T16:10:00Z,Team Total (Aces) Home,5,"{'hdp': 2.5, 'over': '1.22'}"
73722008,2026-08-14,WTA,Cincinnati,Bet365,Peyton Stearns,Harriet Dart,aces,4.5,1.8300,,2026-08-14T09:30:33Z,2026-08-14T16:10:00Z,Team Total (Aces) Home,5,"{'hdp': 4.5, 'over': '1.83'}"
73722008,2026-08-14,WTA,Cincinnati,Bet365,Peyton Stearns,Harriet Dart,aces,9.5,10.0000,,2026-08-14T09:30:33Z,2026-08-14T16:10:00Z,Team Total (Aces) Home,5,"{'hdp': 9.5, 'over': '10.00'}"
73722008,2026-08-14,WTA,Cincinnati,Bet365,Peyton Stearns,Harriet Dart,aces,14.5,26.0000,,2026-08-14T09:30:33Z,2026-08-14T16:10:00Z,Team Total (Aces) Home,5,"{'hdp': 14.5, 'over': '26.00'}"
73722008,2026-08-14,WTA,Cincinnati,Bet365,Peyton Stearns,Harriet Dart,match_double_faults,4.5,1.0500,,2026-08-14T09:30:33Z,2026-08-14T16:10:00Z,Totals (Double Faults),9,"{'hdp': 4.5, 'over': '1.05'}"
73722008,2026-08-14,WTA,Cincinnati,Bet365,Peyton Stearns,Harriet Dart,match_double_faults,7.5,1.3300,,2026-08-14T09:30:33Z,2026-08-14T16:10:00Z,Totals (Double Faults),9,"{'hdp': 7.5, 'over': '1.33'}"
73722008,2026-08-14,WTA,Cincinnati,Bet365,Peyton Stearns,Harriet Dart,match_double_faults,9.5,1.8300,,2026-08-14T09:30:33Z,2026-08-14T16:10:00Z,Totals (Double Faults),9,"{'hdp': 9.5, 'over': '1.83'}"
73722008,2026-08-14,WTA,Cincinnati,Bet365,Peyton Stearns,Harriet Dart,match_double_faults,11.5,2.7500,,2026-08-14T09:30:33Z,2026-08-14T16:10:00Z,Totals (Double Faults),9,"{'hdp': 11.5, 'over': '2.75'}"
73722008,2026-08-14,WTA,Cincinnati,Bet365,Peyton Stearns,Harriet Dart,match_double_faults,14.5,6.0000,,2026-08-14T09:30:33Z,2026-08-14T16:10:00Z,Totals (Double Faults),9,"{'hdp': 14.5, 'over': '6.00'}"
73722008,2026-08-14,WTA,Cincinnati,Bet365,Peyton Stearns,Harriet Dart,match_double_faults,19.5,23.0000,,2026-08-14T09:30:33Z,2026-08-14T16:10:00Z,Totals (Double Faults),9,"{'hdp': 19.5, 'over': '23.00'}"
73722008,2026-08-14,WTA,Cincinnati,Bet365,Peyton Stearns,Harriet Dart,match_double_faults,24.5,26.0000,,2026-08-14T09:30:33Z,2026-08-14T16:10:00Z,Totals (Double Faults),9,"{'hdp': 24.5, 'over': '26.00'}"
73722008,2026-08-14,WTA,Cincinnati,Bet365,Harriet Dart,Peyton Stearns,aces,0.5,1.0300,,2026-08-14T09:30:33Z,2026-08-14T16:10:00Z,Team Total (Aces) Away,5,"{'hdp': 0.5, 'over': '1.03'}"
73722008,2026-08-14,WTA,Cincinnati,Bet365,Harriet Dart,Peyton Stearns,aces,2.5,1.3600,,2026-08-14T09:30:33Z,2026-08-14T16:10:00Z,Team Total (Aces) Away,5,"{'hdp': 2.5, 'over': '1.36'}"
73722008,2026-08-14,WTA,Cincinnati,Bet365,Harriet Dart,Peyton Stearns,aces,4.5,2.2000,,2026-08-14T09:30:33Z,2026-08-14T16:10:00Z,Team Total (Aces) Away,5,"{'hdp': 4.5, 'over': '2.20'}"
73722008,2026-08-14,WTA,Cincinnati,Bet365,Harriet Dart,Peyton Stearns,aces,9.5,13.0000,,2026-08-14T09:30:33Z,2026-08-14T16:10:00Z,Team Total (Aces) Away,5,"{'hdp': 9.5, 'over': '13.00'}"
73722008,2026-08-14,WTA,Cincinnati,Bet365,Harriet Dart,Peyton Stearns,aces,14.5,26.0000,,2026-08-14T09:30:33Z,2026-08-14T16:10:00Z,Team Total (Aces) Away,5,"{'hdp': 14.5, 'over': '26.00'}"
73722008,2026-08-14,WTA,Cincinnati,Bet365,Peyton Stearns,Harriet Dart,double_faults,0.5,1.0100,,2026-08-14T09:30:33Z,2026-08-14T16:10:00Z,Team Total (Double Faults) Home,8,"{'hdp': 0.5, 'over': '1.01'}"
73722008,2026-08-14,WTA,Cincinnati,Bet365,Peyton Stearns,Harriet Dart,double_faults,1.5,1.0800,,2026-08-14T09:30:33Z,2026-08-14T16:10:00Z,Team Total (Double Faults) Home,8,"{'hdp': 1.5, 'over': '1.08'}"
73722008,2026-08-14,WTA,Cincinnati,Bet365,Peyton Stearns,Harriet Dart,double_faults,2.5,1.2200,,2026-08-14T09:30:33Z,2026-08-14T16:10:00Z,Team Total (Double Faults) Home,8,"{'hdp': 2.5, 'over': '1.22'}"
73722008,2026-08-14,WTA,Cincinnati,Bet365,Peyton Stearns,Harriet Dart,double_faults,4.5,1.8300,,2026-08-14T09:30:33Z,2026-08-14T16:10:00Z,Team Total (Double Faults) Home,8,"{'hdp': 4.5, 'over': '1.83'}"
73722008,2026-08-14,WTA,Cincinnati,Bet365,Peyton Stearns,Harriet Dart,double_faults,7.5,5.0000,,2026-08-14T09:30:33Z,2026-08-14T16:10:00Z,Team Total (Double Faults) Home,8,"{'hdp': 7.5, 'over': '5.00'}"
73722008,2026-08-14,WTA,Cincinnati,Bet365,Peyton Stearns,Harriet Dart,double_faults,9.5,11.0000,,2026-08-14T09:30:33Z,2026-08-14T16:10:00Z,Team Total (Double Faults) Home,8,"{'hdp': 9.5, 'over': '11.00'}"
73722008,2026-08-14,WTA,Cincinnati,Bet365,Peyton Stearns,Harriet Dart,double_faults,11.5,23.0000,,2026-08-14T09:30:33Z,2026-08-14T16:10:00Z,Team Total (Double Faults) Home,8,"{'hdp': 11.5, 'over': '23.00'}"
73722008,2026-08-14,WTA,Cincinnati,Bet365,Peyton Stearns,Harriet Dart,double_faults,14.5,26.0000,,2026-08-14T09:30:33Z,2026-08-14T16:10:00Z,Team Total (Double Faults) Home,8,"{'hdp': 14.5, 'over': '26.00'}"
73722008,2026-08-14,WTA,Cincinnati,Bet365,Peyton Stearns,Harriet Dart,match_aces,2.5,1.0200,,2026-08-14T09:30:33Z,2026-08-14T16:10:00Z,Totals (Aces),7,"{'hdp': 2.5, 'over': '1.02'}"
73722008,2026-08-14,WTA,Cincinnati,Bet365,Peyton Stearns,Harriet Dart,match_aces,4.5,1.1400,,2026-08-14T09:30:33Z,2026-08-14T16:10:00Z,Totals (Aces),7,"{'hdp': 4.5, 'over': '1.14'}"
73722008,2026-08-14,WTA,Cincinnati,Bet365,Peyton Stearns,Harriet Dart,match_aces,9.5,2.1000,,2026-08-14T09:30:33Z,2026-08-14T16:10:00Z,Totals (Aces),7,"{'hdp': 9.5, 'over': '2.10'}"
73722008,2026-08-14,WTA,Cincinnati,Bet365,Peyton Stearns,Harriet Dart,match_aces,14.5,6.0000,,2026-08-14T09:30:33Z,2026-08-14T16:10:00Z,Totals (Aces),7,"{'hdp': 14.5, 'over': '6.00'}"
73722008,2026-08-14,WTA,Cincinnati,Bet365,Peyton Stearns,Harriet Dart,match_aces,19.5,19.0000,,2026-08-14T09:30:33Z,2026-08-14T16:10:00Z,Totals (Aces),7,"{'hdp': 19.5, 'over': '19.00'}"
73722008,2026-08-14,WTA,Cincinnati,Bet365,Peyton Stearns,Harriet Dart,match_aces,24.5,26.0000,,2026-08-14T09:30:33Z,2026-08-14T16:10:00Z,Totals (Aces),7,"{'hdp': 24.5, 'over': '26.00'}"
73722008,2026-08-14,WTA,Cincinnati,Bet365,Harriet Dart,Peyton Stearns,double_faults,1.5,1.0400,,2026-08-14T09:30:33Z,2026-08-14T16:10:00Z,Team Total (Double Faults) Away,7,"{'hdp': 1.5, 'over': '1.04'}"
73722008,2026-08-14,WTA,Cincinnati,Bet365,Harriet Dart,Peyton Stearns,double_faults,2.5,1.1400,,2026-08-14T09:30:33Z,2026-08-14T16:10:00Z,Team Total (Double Faults) Away,7,"{'hdp': 2.5, 'over': '1.14'}"
73722008,2026-08-14,WTA,Cincinnati,Bet365,Harriet Dart,Peyton Stearns,double_faults,4.5,1.7200,,2026-08-14T09:30:33Z,2026-08-14T16:10:00Z,Team Total (Double Faults) Away,7,"{'hdp': 4.5, 'over': '1.72'}"
73722008,2026-08-14,WTA,Cincinnati,Bet365,Harriet Dart,Peyton Stearns,double_faults,7.5,5.0000,,2026-08-14T09:30:33Z,2026-08-14T16:10:00Z,Team Total (Double Faults) Away,7,"{'hdp': 7.5, 'over': '5.00'}"
73722008,2026-08-14,WTA,Cincinnati,Bet365,Harriet Dart,Peyton Stearns,double_faults,9.5,11.0000,,2026-08-14T09:30:33Z,2026-08-14T16:10:00Z,Team Total (Double Faults) Away,7,"{'hdp': 9.5, 'over': '11.00'}"
73722008,2026-08-14,WTA,Cincinnati,Bet365,Harriet Dart,Peyton Stearns,double_faults,11.5,26.0000,,2026-08-14T09:30:33Z,2026-08-14T16:10:00Z,Team Total (Double Faults) Away,7,"{'hdp': 11.5, 'over': '26.00'}"
73667540,2026-08-14,ATP,Cincinnati,Bet365,Grigor Dimitrov,Sebastian Baez,aces,2.5,1.0200,,2026-08-14T09:30:33Z,2026-08-14T16:10:00Z,Team Total (Aces) Away,8,"{'hdp': 2.5, 'over': '1.02'}"
73667540,2026-08-14,ATP,Cincinnati,Bet365,Grigor Dimitrov,Sebastian Baez,aces,4.5,1.1000,,2026-08-14T09:30:33Z,2026-08-14T16:10:00Z,Team Total (Aces) Away,8,"{'hdp': 4.5, 'over': '1.10'}"
73667540,2026-08-14,ATP,Cincinnati,Bet365,Grigor Dimitrov,Sebastian Baez,aces,9.5,1.7200,,2026-08-14T09:30:33Z,2026-08-14T16:10:00Z,Team Total (Aces) Away,8,"{'hdp': 9.5, 'over': '1.72'}"
73667540,2026-08-14,ATP,Cincinnati,Bet365,Grigor Dimitrov,Sebastian Baez,aces,14.5,3.7500,,2026-08-14T09:30:33Z,2026-08-14T16:10:00Z,Team Total (Aces) Away,8,"{'hdp': 14.5, 'over': '3.75'}"
73667540,2026-08-14,ATP,Cincinnati,Bet365,Grigor Dimitrov,Sebastian Baez,aces,19.5,9.0000,,2026-08-14T09:30:33Z,2026-08-14T16:10:00Z,Team Total (Aces) Away,8,"{'hdp': 19.5, 'over': '9.00'}"
73667540,2026-08-14,ATP,Cincinnati,Bet365,Grigor Dimitrov,Sebastian Baez,aces,24.5,21.0000,,2026-08-14T09:30:33Z,2026-08-14T16:10:00Z,Team Total (Aces) Away,8,"{'hdp': 24.5, 'over': '21.00'}"
73667540,2026-08-14,ATP,Cincinnati,Bet365,Grigor Dimitrov,Sebastian Baez,aces,29.5,26.0000,,2026-08-14T09:30:33Z,2026-08-14T16:10:00Z,Team Total (Aces) Away,8,"{'hdp': 29.5, 'over': '26.00'}"
73667540,2026-08-14,ATP,Cincinnati,Bet365,Sebastian Baez,Grigor Dimitrov,aces,0.5,1.0100,,2026-08-14T09:30:33Z,2026-08-14T16:10:00Z,Team Total (Aces) Home,5,"{'hdp': 0.5, 'over': '1.01'}"
73667540,2026-08-14,ATP,Cincinnati,Bet365,Sebastian Baez,Grigor Dimitrov,aces,4.5,1.7200,,2026-08-14T09:30:33Z,2026-08-14T16:10:00Z,Team Total (Aces) Home,5,"{'hdp': 4.5, 'over': '1.72'}"
73667540,2026-08-14,ATP,Cincinnati,Bet365,Sebastian Baez,Grigor Dimitrov,aces,9.5,8.0000,,2026-08-14T09:30:33Z,2026-08-14T16:10:00Z,Team Total (Aces) Home,5,"{'hdp': 9.5, 'over': '8.00'}"
73667540,2026-08-14,ATP,Cincinnati,Bet365,Sebastian Baez,Grigor Dimitrov,aces,14.5,26.0000,,2026-08-14T09:30:33Z,2026-08-14T16:10:00Z,Team Total (Aces) Home,5,"{'hdp': 14.5, 'over': '26.00'}"
73667540,2026-08-14,ATP,Cincinnati,Bet365,Sebastian Baez,Grigor Dimitrov,aces,2.5,1.2200,,2026-08-14T09:30:33Z,2026-08-14T16:10:00Z,Team Total (Aces) Home,5,"{'hdp': 2.5, 'over': '1.22'}"
73667540,2026-08-14,ATP,Cincinnati,Bet365,Grigor Dimitrov,Sebastian Baez,double_faults,1.5,1.0500,,2026-08-14T09:30:33Z,2026-08-14T16:10:00Z,Team Total (Double Faults) Away,8,"{'hdp': 1.5, 'over': '1.05'}"
73667540,2026-08-14,ATP,Cincinnati,Bet365,Grigor Dimitrov,Sebastian Baez,double_faults,2.5,1.1400,,2026-08-14T09:30:33Z,2026-08-14T16:10:00Z,Team Total (Double Faults) Away,8,"{'hdp': 2.5, 'over': '1.14'}"
73667540,2026-08-14,ATP,Cincinnati,Bet365,Grigor Dimitrov,Sebastian Baez,double_faults,4.5,1.6100,,2026-08-14T09:30:33Z,2026-08-14T16:10:00Z,Team Total (Double Faults) Away,8,"{'hdp': 4.5, 'over': '1.61'}"
73667540,2026-08-14,ATP,Cincinnati,Bet365,Grigor Dimitrov,Sebastian Baez,double_faults,7.5,3.7500,,2026-08-14T09:30:33Z,2026-08-14T16:10:00Z,Team Total (Double Faults) Away,8,"{'hdp': 7.5, 'over': '3.75'}"
73667540,2026-08-14,ATP,Cincinnati,Bet365,Grigor Dimitrov,Sebastian Baez,double_faults,9.5,8.0000,,2026-08-14T09:30:33Z,2026-08-14T16:10:00Z,Team Total (Double Faults) Away,8,"{'hdp': 9.5, 'over': '8.00'}"
73667540,2026-08-14,ATP,Cincinnati,Bet365,Grigor Dimitrov,Sebastian Baez,double_faults,11.5,19.0000,,2026-08-14T09:30:33Z,2026-08-14T16:10:00Z,Team Total (Double Faults) Away,8,"{'hdp': 11.5, 'over': '19.00'}"
73667540,2026-08-14,ATP,Cincinnati,Bet365,Grigor Dimitrov,Sebastian Baez,double_faults,14.5,26.0000,,2026-08-14T09:30:33Z,2026-08-14T16:10:00Z,Team Total (Double Faults) Away,8,"{'hdp': 14.5, 'over': '26.00'}"
73667540,2026-08-14,ATP,Cincinnati,Bet365,Sebastian Baez,Grigor Dimitrov,double_faults,0.5,1.0800,,2026-08-14T09:30:33Z,2026-08-14T16:10:00Z,Team Total (Double Faults) Home,5,"{'hdp': 0.5, 'over': '1.08'}"
73667540,2026-08-14,ATP,Cincinnati,Bet365,Sebastian Baez,Grigor Dimitrov,double_faults,1.5,1.4000,,2026-08-14T09:30:33Z,2026-08-14T16:10:00Z,Team Total (Double Faults) Home,5,"{'hdp': 1.5, 'over': '1.40'}"
73667540,2026-08-14,ATP,Cincinnati,Bet365,Sebastian Baez,Grigor Dimitrov,double_faults,2.5,2.0000,,2026-08-14T09:30:33Z,2026-08-14T16:10:00Z,Team Total (Double Faults) Home,5,"{'hdp': 2.5, 'over': '2.00'}"
73667540,2026-08-14,ATP,Cincinnati,Bet365,Sebastian Baez,Grigor Dimitrov,double_faults,4.5,6.5000,,2026-08-14T09:30:33Z,2026-08-14T16:10:00Z,Team Total (Double Faults) Home,5,"{'hdp': 4.5, 'over': '6.50'}"
73667540,2026-08-14,ATP,Cincinnati,Bet365,Sebastian Baez,Grigor Dimitrov,double_faults,7.5,26.0000,,2026-08-14T09:30:33Z,2026-08-14T16:10:00Z,Team Total (Double Faults) Home,5,"{'hdp': 7.5, 'over': '26.00'}"
73667540,2026-08-14,ATP,Cincinnati,Bet365,Sebastian Baez,Grigor Dimitrov,match_aces,4.5,1.0100,,2026-08-14T09:30:33Z,2026-08-14T16:10:00Z,Totals (Aces),8,"{'hdp': 4.5, 'over': '1.01'}"
73667540,2026-08-14,ATP,Cincinnati,Bet365,Sebastian Baez,Grigor Dimitrov,match_aces,9.5,1.2000,,2026-08-14T09:30:33Z,2026-08-14T16:10:00Z,Totals (Aces),8,"{'hdp': 9.5, 'over': '1.20'}"
73667540,2026-08-14,ATP,Cincinnati,Bet365,Sebastian Baez,Grigor Dimitrov,match_aces,14.5,1.7200,,2026-08-14T09:30:33Z,2026-08-14T16:10:00Z,Totals (Aces),8,"{'hdp': 14.5, 'over': '1.72'}"
73667540,2026-08-14,ATP,Cincinnati,Bet365,Sebastian Baez,Grigor Dimitrov,match_aces,19.5,3.0000,,2026-08-14T09:30:33Z,2026-08-14T16:10:00Z,Totals (Aces),8,"{'hdp': 19.5, 'over': '3.00'}"
73667540,2026-08-14,ATP,Cincinnati,Bet365,Sebastian Baez,Grigor Dimitrov,match_aces,24.5,6.0000,,2026-08-14T09:30:33Z,2026-08-14T16:10:00Z,Totals (Aces),8,"{'hdp': 24.5, 'over': '6.00'}"
73667540,2026-08-14,ATP,Cincinnati,Bet365,Sebastian Baez,Grigor Dimitrov,match_aces,29.5,13.0000,,2026-08-14T09:30:33Z,2026-08-14T16:10:00Z,Totals (Aces),8,"{'hdp': 29.5, 'over': '13.00'}"
73667540,2026-08-14,ATP,Cincinnati,Bet365,Sebastian Baez,Grigor Dimitrov,match_aces,39.5,26.0000,,2026-08-14T09:30:33Z,2026-08-14T16:10:00Z,Totals (Aces),8,"{'hdp': 39.5, 'over': '26.00'}"
73667540,2026-08-14,ATP,Cincinnati,Bet365,Sebastian Baez,Grigor Dimitrov,match_double_faults,2.5,1.0200,,2026-08-14T09:30:33Z,2026-08-14T16:10:00Z,Totals (Double Faults),9,"{'hdp': 2.5, 'over': '1.02'}"
73667540,2026-08-14,ATP,Cincinnati,Bet365,Sebastian Baez,Grigor Dimitrov,match_double_faults,4.5,1.1400,,2026-08-14T09:30:33Z,2026-08-14T16:10:00Z,Totals (Double Faults),9,"{'hdp': 4.5, 'over': '1.14'}"
73667540,2026-08-14,ATP,Cincinnati,Bet365,Sebastian Baez,Grigor Dimitrov,match_double_faults,7.5,1.8000,,2026-08-14T09:30:33Z,2026-08-14T16:10:00Z,Totals (Double Faults),9,"{'hdp': 7.5, 'over': '1.80'}"
73667540,2026-08-14,ATP,Cincinnati,Bet365,Sebastian Baez,Grigor Dimitrov,match_double_faults,9.5,3.0000,,2026-08-14T09:30:33Z,2026-08-14T16:10:00Z,Totals (Double Faults),9,"{'hdp': 9.5, 'over': '3.00'}"
73667540,2026-08-14,ATP,Cincinnati,Bet365,Sebastian Baez,Grigor Dimitrov,match_double_faults,11.5,5.5000,,2026-08-14T09:30:33Z,2026-08-14T16:10:00Z,Totals (Double Faults),9,"{'hdp': 11.5, 'over': '5.50'}"
73667540,2026-08-14,ATP,Cincinnati,Bet365,Sebastian Baez,Grigor Dimitrov,match_double_faults,14.5,15.0000,,2026-08-14T09:30:33Z,2026-08-14T16:10:00Z,Totals (Double Faults),9,"{'hdp': 14.5, 'over': '15.00'}"
73667540,2026-08-14,ATP,Cincinnati,Bet365,Sebastian Baez,Grigor Dimitrov,match_double_faults,19.5,26.0000,,2026-08-14T09:30:33Z,2026-08-14T16:10:00Z,Totals (Double Faults),9,"{'hdp': 19.5, 'over': '26.00'}"
73721796,2026-08-14,ATP,Cincinnati,Bet365,Yannick Hanfmann,Luca Van Assche,match_aces,4.5,1.0100,,2026-08-14T09:30:33Z,2026-08-14T16:10:00Z,Totals (Aces),8,"{'hdp': 4.5, 'over': '1.01'}"
73721796,2026-08-14,ATP,Cincinnati,Bet365,Yannick Hanfmann,Luca Van Assche,match_aces,9.5,1.2000,,2026-08-14T09:30:33Z,2026-08-14T16:10:00Z,Totals (Aces),8,"{'hdp': 9.5, 'over': '1.20'}"
73721796,2026-08-14,ATP,Cincinnati,Bet365,Yannick Hanfmann,Luca Van Assche,match_aces,14.5,1.8000,,2026-08-14T09:30:33Z,2026-08-14T16:10:00Z,Totals (Aces),8,"{'hdp': 14.5, 'over': '1.80'}"
73721796,2026-08-14,ATP,Cincinnati,Bet365,Yannick Hanfmann,Luca Van Assche,match_aces,19.5,3.2500,,2026-08-14T09:30:33Z,2026-08-14T16:10:00Z,Totals (Aces),8,"{'hdp': 19.5, 'over': '3.25'}"
73721796,2026-08-14,ATP,Cincinnati,Bet365,Yannick Hanfmann,Luca Van Assche,match_aces,24.5,6.5000,,2026-08-14T09:30:33Z,2026-08-14T16:10:00Z,Totals (Aces),8,"{'hdp': 24.5, 'over': '6.50'}"
73721796,2026-08-14,ATP,Cincinnati,Bet365,Yannick Hanfmann,Luca Van Assche,match_aces,29.5,13.0000,,2026-08-14T09:30:33Z,2026-08-14T16:10:00Z,Totals (Aces),8,"{'hdp': 29.5, 'over': '13.00'}"
73721796,2026-08-14,ATP,Cincinnati,Bet365,Yannick Hanfmann,Luca Van Assche,match_aces,39.5,26.0000,,2026-08-14T09:30:33Z,2026-08-14T16:10:00Z,Totals (Aces),8,"{'hdp': 39.5, 'over': '26.00'}"
73721796,2026-08-14,ATP,Cincinnati,Bet365,Yannick Hanfmann,Luca Van Assche,match_double_faults,2.5,1.0100,,2026-08-14T09:30:33Z,2026-08-14T16:10:00Z,Totals (Double Faults),9,"{'hdp': 2.5, 'over': '1.01'}"
73721796,2026-08-14,ATP,Cincinnati,Bet365,Yannick Hanfmann,Luca Van Assche,match_double_faults,4.5,1.1200,,2026-08-14T09:30:33Z,2026-08-14T16:10:00Z,Totals (Double Faults),9,"{'hdp': 4.5, 'over': '1.12'}"
73721796,2026-08-14,ATP,Cincinnati,Bet365,Yannick Hanfmann,Luca Van Assche,match_double_faults,7.5,1.7200,,2026-08-14T09:30:33Z,2026-08-14T16:10:00Z,Totals (Double Faults),9,"{'hdp': 7.5, 'over': '1.72'}"
73721796,2026-08-14,ATP,Cincinnati,Bet365,Yannick Hanfmann,Luca Van Assche,match_double_faults,9.5,2.7500,,2026-08-14T09:30:33Z,2026-08-14T16:10:00Z,Totals (Double Faults),9,"{'hdp': 9.5, 'over': '2.75'}"
73721796,2026-08-14,ATP,Cincinnati,Bet365,Yannick Hanfmann,Luca Van Assche,match_double_faults,11.5,5.0000,,2026-08-14T09:30:33Z,2026-08-14T16:10:00Z,Totals (Double Faults),9,"{'hdp': 11.5, 'over': '5.00'}"
73721796,2026-08-14,ATP,Cincinnati,Bet365,Yannick Hanfmann,Luca Van Assche,match_double_faults,14.5,15.0000,,2026-08-14T09:30:33Z,2026-08-14T16:10:00Z,Totals (Double Faults),9,"{'hdp': 14.5, 'over': '15.00'}"
73721796,2026-08-14,ATP,Cincinnati,Bet365,Yannick Hanfmann,Luca Van Assche,match_double_faults,19.5,26.0000,,2026-08-14T09:30:33Z,2026-08-14T16:10:00Z,Totals (Double Faults),9,"{'hdp': 19.5, 'over': '26.00'}"
73721796,2026-08-14,ATP,Cincinnati,Bet365,Luca Van Assche,Yannick Hanfmann,double_faults,1.5,1.0300,,2026-08-14T09:30:33Z,2026-08-14T16:10:00Z,Team Total (Double Faults) Away,8,"{'hdp': 1.5, 'over': '1.03'}"
73721796,2026-08-14,ATP,Cincinnati,Bet365,Luca Van Assche,Yannick Hanfmann,double_faults,2.5,1.1200,,2026-08-14T09:30:33Z,2026-08-14T16:10:00Z,Team Total (Double Faults) Away,8,"{'hdp': 2.5, 'over': '1.12'}"
73721796,2026-08-14,ATP,Cincinnati,Bet365,Luca Van Assche,Yannick Hanfmann,double_faults,4.5,1.5700,,2026-08-14T09:30:33Z,2026-08-14T16:10:00Z,Team Total (Double Faults) Away,8,"{'hdp': 4.5, 'over': '1.57'}"
73721796,2026-08-14,ATP,Cincinnati,Bet365,Luca Van Assche,Yannick Hanfmann,double_faults,7.5,3.7500,,2026-08-14T09:30:33Z,2026-08-14T16:10:00Z,Team Total (Double Faults) Away,8,"{'hdp': 7.5, 'over': '3.75'}"
73721796,2026-08-14,ATP,Cincinnati,Bet365,Luca Van Assche,Yannick Hanfmann,double_faults,9.5,9.0000,,2026-08-14T09:30:33Z,2026-08-14T16:10:00Z,Team Total (Double Faults) Away,8,"{'hdp': 9.5, 'over': '9.00'}"
73721796,2026-08-14,ATP,Cincinnati,Bet365,Luca Van Assche,Yannick Hanfmann,double_faults,11.5,19.0000,,2026-08-14T09:30:33Z,2026-08-14T16:10:00Z,Team Total (Double Faults) Away,8,"{'hdp': 11.5, 'over': '19.00'}"
73721796,2026-08-14,ATP,Cincinnati,Bet365,Luca Van Assche,Yannick Hanfmann,double_faults,14.5,26.0000,,2026-08-14T09:30:33Z,2026-08-14T16:10:00Z,Team Total (Double Faults) Away,8,"{'hdp': 14.5, 'over': '26.00'}"
73721796,2026-08-14,ATP,Cincinnati,Bet365,Luca Van Assche,Yannick Hanfmann,aces,2.5,1.1200,,2026-08-14T09:30:33Z,2026-08-14T16:10:00Z,Team Total (Aces) Away,6,"{'hdp': 2.5, 'over': '1.12'}"
73721796,2026-08-14,ATP,Cincinnati,Bet365,Luca Van Assche,Yannick Hanfmann,aces,4.5,1.5000,,2026-08-14T09:30:33Z,2026-08-14T16:10:00Z,Team Total (Aces) Away,6,"{'hdp': 4.5, 'over': '1.50'}"
73721796,2026-08-14,ATP,Cincinnati,Bet365,Luca Van Assche,Yannick Hanfmann,aces,9.5,5.0000,,2026-08-14T09:30:33Z,2026-08-14T16:10:00Z,Team Total (Aces) Away,6,"{'hdp': 9.5, 'over': '5.00'}"
73721796,2026-08-14,ATP,Cincinnati,Bet365,Luca Van Assche,Yannick Hanfmann,aces,14.5,21.0000,,2026-08-14T09:30:33Z,2026-08-14T16:10:00Z,Team Total (Aces) Away,6,"{'hdp': 14.5, 'over': '21.00'}"
73721796,2026-08-14,ATP,Cincinnati,Bet365,Luca Van Assche,Yannick Hanfmann,aces,19.5,26.0000,,2026-08-14T09:30:33Z,2026-08-14T16:10:00Z,Team Total (Aces) Away,6,"{'hdp': 19.5, 'over': '26.00'}"
73721796,2026-08-14,ATP,Cincinnati,Bet365,Yannick Hanfmann,Luca Van Assche,double_faults,0.5,1.0700,,2026-08-14T09:30:33Z,2026-08-14T16:10:00Z,Team Total (Double Faults) Home,5,"{'hdp': 0.5, 'over': '1.07'}"
73721796,2026-08-14,ATP,Cincinnati,Bet365,Yannick Hanfmann,Luca Van Assche,double_faults,1.5,1.3300,,2026-08-14T09:30:33Z,2026-08-14T16:10:00Z,Team Total (Double Faults) Home,5,"{'hdp': 1.5, 'over': '1.33'}"
73721796,2026-08-14,ATP,Cincinnati,Bet365,Yannick Hanfmann,Luca Van Assche,double_faults,2.5,1.9000,,2026-08-14T09:30:33Z,2026-08-14T16:10:00Z,Team Total (Double Faults) Home,5,"{'hdp': 2.5, 'over': '1.90'}"
73721796,2026-08-14,ATP,Cincinnati,Bet365,Yannick Hanfmann,Luca Van Assche,double_faults,4.5,5.5000,,2026-08-14T09:30:33Z,2026-08-14T16:10:00Z,Team Total (Double Faults) Home,5,"{'hdp': 4.5, 'over': '5.50'}"
73721796,2026-08-14,ATP,Cincinnati,Bet365,Yannick Hanfmann,Luca Van Assche,double_faults,7.5,26.0000,,2026-08-14T09:30:33Z,2026-08-14T16:10:00Z,Team Total (Double Faults) Home,5,"{'hdp': 7.5, 'over': '26.00'}"
73721796,2026-08-14,ATP,Cincinnati,Bet365,Yannick Hanfmann,Luca Van Assche,aces,2.5,1.0300,,2026-08-14T09:30:33Z,2026-08-14T16:10:00Z,Team Total (Aces) Home,7,"{'hdp': 2.5, 'over': '1.03'}"
73721796,2026-08-14,ATP,Cincinnati,Bet365,Yannick Hanfmann,Luca Van Assche,aces,4.5,1.1400,,2026-08-14T09:30:33Z,2026-08-14T16:10:00Z,Team Total (Aces) Home,7,"{'hdp': 4.5, 'over': '1.14'}"
73721796,2026-08-14,ATP,Cincinnati,Bet365,Yannick Hanfmann,Luca Van Assche,aces,9.5,2.0000,,2026-08-14T09:30:33Z,2026-08-14T16:10:00Z,Team Total (Aces) Home,7,"{'hdp': 9.5, 'over': '2.00'}"
73721796,2026-08-14,ATP,Cincinnati,Bet365,Yannick Hanfmann,Luca Van Assche,aces,14.5,5.0000,,2026-08-14T09:30:33Z,2026-08-14T16:10:00Z,Team Total (Aces) Home,7,"{'hdp': 14.5, 'over': '5.00'}"
73721796,2026-08-14,ATP,Cincinnati,Bet365,Yannick Hanfmann,Luca Van Assche,aces,19.5,13.0000,,2026-08-14T09:30:33Z,2026-08-14T16:10:00Z,Team Total (Aces) Home,7,"{'hdp': 19.5, 'over': '13.00'}"
73721796,2026-08-14,ATP,Cincinnati,Bet365,Yannick Hanfmann,Luca Van Assche,aces,24.5,26.0000,,2026-08-14T09:30:33Z,2026-08-14T16:10:00Z,Team Total (Aces) Home,7,"{'hdp': 24.5, 'over': '26.00'}"
73722022,2026-08-14,WTA,Cincinnati,Bet365,Mananchaya Sawangkaew,Anna Blinkova,match_double_faults,4.5,1.0200,,2026-08-14T09:30:33Z,2026-08-14T16:10:00Z,Totals (Double Faults),9,"{'hdp': 4.5, 'over': '1.02'}"
73722022,2026-08-14,WTA,Cincinnati,Bet365,Mananchaya Sawangkaew,Anna Blinkova,match_double_faults,7.5,1.1800,,2026-08-14T09:30:33Z,2026-08-14T16:10:00Z,Totals (Double Faults),9,"{'hdp': 7.5, 'over': '1.18'}"
73722022,2026-08-14,WTA,Cincinnati,Bet365,Mananchaya Sawangkaew,Anna Blinkova,match_double_faults,9.5,1.4400,,2026-08-14T09:30:33Z,2026-08-14T16:10:00Z,Totals (Double Faults),9,"{'hdp': 9.5, 'over': '1.44'}"
73722022,2026-08-14,WTA,Cincinnati,Bet365,Mananchaya Sawangkaew,Anna Blinkova,match_double_faults,11.5,2.0000,,2026-08-14T09:30:33Z,2026-08-14T16:10:00Z,Totals (Double Faults),9,"{'hdp': 11.5, 'over': '2.00'}"
73722022,2026-08-14,WTA,Cincinnati,Bet365,Mananchaya Sawangkaew,Anna Blinkova,match_double_faults,14.5,3.7500,,2026-08-14T09:30:33Z,2026-08-14T16:10:00Z,Totals (Double Faults),9,"{'hdp': 14.5, 'over': '3.75'}"
73722022,2026-08-14,WTA,Cincinnati,Bet365,Mananchaya Sawangkaew,Anna Blinkova,match_double_faults,19.5,15.0000,,2026-08-14T09:30:33Z,2026-08-14T16:10:00Z,Totals (Double Faults),9,"{'hdp': 19.5, 'over': '15.00'}"
73722022,2026-08-14,WTA,Cincinnati,Bet365,Mananchaya Sawangkaew,Anna Blinkova,match_double_faults,24.5,26.0000,,2026-08-14T09:30:33Z,2026-08-14T16:10:00Z,Totals (Double Faults),9,"{'hdp': 24.5, 'over': '26.00'}"
73722022,2026-08-14,WTA,Cincinnati,Bet365,Anna Blinkova,Mananchaya Sawangkaew,aces,0.5,1.0400,,2026-08-14T09:30:33Z,2026-08-14T16:10:00Z,Team Total (Aces) Away,5,"{'hdp': 0.5, 'over': '1.04'}"
73722022,2026-08-14,WTA,Cincinnati,Bet365,Anna Blinkova,Mananchaya Sawangkaew,aces,2.5,1.5000,,2026-08-14T09:30:33Z,2026-08-14T16:10:00Z,Team Total (Aces) Away,5,"{'hdp': 2.5, 'over': '1.50'}"
73722022,2026-08-14,WTA,Cincinnati,Bet365,Anna Blinkova,Mananchaya Sawangkaew,aces,4.5,2.7500,,2026-08-14T09:30:33Z,2026-08-14T16:10:00Z,Team Total (Aces) Away,5,"{'hdp': 4.5, 'over': '2.75'}"
73722022,2026-08-14,WTA,Cincinnati,Bet365,Anna Blinkova,Mananchaya Sawangkaew,aces,9.5,21.0000,,2026-08-14T09:30:33Z,2026-08-14T16:10:00Z,Team Total (Aces) Away,5,"{'hdp': 9.5, 'over': '21.00'}"
73722022,2026-08-14,WTA,Cincinnati,Bet365,Anna Blinkova,Mananchaya Sawangkaew,aces,14.5,26.0000,,2026-08-14T09:30:33Z,2026-08-14T16:10:00Z,Team Total (Aces) Away,5,"{'hdp': 14.5, 'over': '26.00'}"
73722022,2026-08-14,WTA,Cincinnati,Bet365,Anna Blinkova,Mananchaya Sawangkaew,double_faults,1.5,1.0300,,2026-08-14T09:30:33Z,2026-08-14T16:10:00Z,Team Total (Double Faults) Away,8,"{'hdp': 1.5, 'over': '1.03'}"
73722022,2026-08-14,WTA,Cincinnati,Bet365,Anna Blinkova,Mananchaya Sawangkaew,double_faults,2.5,1.1200,,2026-08-14T09:30:33Z,2026-08-14T16:10:00Z,Team Total (Double Faults) Away,8,"{'hdp': 2.5, 'over': '1.12'}"
73722022,2026-08-14,WTA,Cincinnati,Bet365,Anna Blinkova,Mananchaya Sawangkaew,double_faults,4.5,1.5300,,2026-08-14T09:30:33Z,2026-08-14T16:10:00Z,Team Total (Double Faults) Away,8,"{'hdp': 4.5, 'over': '1.53'}"
73722022,2026-08-14,WTA,Cincinnati,Bet365,Anna Blinkova,Mananchaya Sawangkaew,double_faults,7.5,3.7500,,2026-08-14T09:30:33Z,2026-08-14T16:10:00Z,Team Total (Double Faults) Away,8,"{'hdp': 7.5, 'over': '3.75'}"
73722022,2026-08-14,WTA,Cincinnati,Bet365,Anna Blinkova,Mananchaya Sawangkaew,double_faults,9.5,8.0000,,2026-08-14T09:30:33Z,2026-08-14T16:10:00Z,Team Total (Double Faults) Away,8,"{'hdp': 9.5, 'over': '8.00'}"
73722022,2026-08-14,WTA,Cincinnati,Bet365,Anna Blinkova,Mananchaya Sawangkaew,double_faults,11.5,19.0000,,2026-08-14T09:30:33Z,2026-08-14T16:10:00Z,Team Total (Double Faults) Away,8,"{'hdp': 11.5, 'over': '19.00'}"
73722022,2026-08-14,WTA,Cincinnati,Bet365,Anna Blinkova,Mananchaya Sawangkaew,double_faults,14.5,26.0000,,2026-08-14T09:30:33Z,2026-08-14T16:10:00Z,Team Total (Double Faults) Away,8,"{'hdp': 14.5, 'over': '26.00'}"
73722022,2026-08-14,WTA,Cincinnati,Bet365,Mananchaya Sawangkaew,Anna Blinkova,double_faults,1.5,1.0300,,2026-08-14T09:30:33Z,2026-08-14T16:10:00Z,Team Total (Double Faults) Home,8,"{'hdp': 1.5, 'over': '1.03'}"
73722022,2026-08-14,WTA,Cincinnati,Bet365,Mananchaya Sawangkaew,Anna Blinkova,double_faults,2.5,1.1000,,2026-08-14T09:30:33Z,2026-08-14T16:10:00Z,Team Total (Double Faults) Home,8,"{'hdp': 2.5, 'over': '1.10'}"
73722022,2026-08-14,WTA,Cincinnati,Bet365,Mananchaya Sawangkaew,Anna Blinkova,double_faults,4.5,1.5000,,2026-08-14T09:30:33Z,2026-08-14T16:10:00Z,Team Total (Double Faults) Home,8,"{'hdp': 4.5, 'over': '1.50'}"
73722022,2026-08-14,WTA,Cincinnati,Bet365,Mananchaya Sawangkaew,Anna Blinkova,double_faults,7.5,3.4000,,2026-08-14T09:30:33Z,2026-08-14T16:10:00Z,Team Total (Double Faults) Home,8,"{'hdp': 7.5, 'over': '3.40'}"
73722022,2026-08-14,WTA,Cincinnati,Bet365,Mananchaya Sawangkaew,Anna Blinkova,double_faults,9.5,7.0000,,2026-08-14T09:30:33Z,2026-08-14T16:10:00Z,Team Total (Double Faults) Home,8,"{'hdp': 9.5, 'over': '7.00'}"
73722022,2026-08-14,WTA,Cincinnati,Bet365,Mananchaya Sawangkaew,Anna Blinkova,double_faults,11.5,15.0000,,2026-08-14T09:30:33Z,2026-08-14T16:10:00Z,Team Total (Double Faults) Home,8,"{'hdp': 11.5, 'over': '15.00'}"
73722022,2026-08-14,WTA,Cincinnati,Bet365,Mananchaya Sawangkaew,Anna Blinkova,double_faults,14.5,26.0000,,2026-08-14T09:30:33Z,2026-08-14T16:10:00Z,Team Total (Double Faults) Home,8,"{'hdp': 14.5, 'over': '26.00'}"
73722022,2026-08-14,WTA,Cincinnati,Bet365,Mananchaya Sawangkaew,Anna Blinkova,match_aces,2.5,1.0500,,2026-08-14T09:30:33Z,2026-08-14T16:10:00Z,Totals (Aces),6,"{'hdp': 2.5, 'over': '1.05'}"
73722022,2026-08-14,WTA,Cincinnati,Bet365,Mananchaya Sawangkaew,Anna Blinkova,match_aces,4.5,1.2200,,2026-08-14T09:30:33Z,2026-08-14T16:10:00Z,Totals (Aces),6,"{'hdp': 4.5, 'over': '1.22'}"
73722022,2026-08-14,WTA,Cincinnati,Bet365,Mananchaya Sawangkaew,Anna Blinkova,match_aces,9.5,2.7500,,2026-08-14T09:30:33Z,2026-08-14T16:10:00Z,Totals (Aces),6,"{'hdp': 9.5, 'over': '2.75'}"
73722022,2026-08-14,WTA,Cincinnati,Bet365,Mananchaya Sawangkaew,Anna Blinkova,match_aces,14.5,11.0000,,2026-08-14T09:30:33Z,2026-08-14T16:10:00Z,Totals (Aces),6,"{'hdp': 14.5, 'over': '11.00'}"
73722022,2026-08-14,WTA,Cincinnati,Bet365,Mananchaya Sawangkaew,Anna Blinkova,match_aces,19.5,26.0000,,2026-08-14T09:30:33Z,2026-08-14T16:10:00Z,Totals (Aces),6,"{'hdp': 19.5, 'over': '26.00'}"
73722022,2026-08-14,WTA,Cincinnati,Bet365,Mananchaya Sawangkaew,Anna Blinkova,aces,0.5,1.0200,,2026-08-14T09:30:33Z,2026-08-14T16:10:00Z,Team Total (Aces) Home,5,"{'hdp': 0.5, 'over': '1.02'}"
73722022,2026-08-14,WTA,Cincinnati,Bet365,Mananchaya Sawangkaew,Anna Blinkova,aces,2.5,1.3300,,2026-08-14T09:30:33Z,2026-08-14T16:10:00Z,Team Total (Aces) Home,5,"{'hdp': 2.5, 'over': '1.33'}"
73722022,2026-08-14,WTA,Cincinnati,Bet365,Mananchaya Sawangkaew,Anna Blinkova,aces,4.5,2.2500,,2026-08-14T09:30:33Z,2026-08-14T16:10:00Z,Team Total (Aces) Home,5,"{'hdp': 4.5, 'over': '2.25'}"
73722022,2026-08-14,WTA,Cincinnati,Bet365,Mananchaya Sawangkaew,Anna Blinkova,aces,9.5,17.0000,,2026-08-14T09:30:33Z,2026-08-14T16:10:00Z,Team Total (Aces) Home,5,"{'hdp': 9.5, 'over': '17.00'}"
73722022,2026-08-14,WTA,Cincinnati,Bet365,Mananchaya Sawangkaew,Anna Blinkova,aces,14.5,26.0000,,2026-08-14T09:30:33Z,2026-08-14T16:10:00Z,Team Total (Aces) Home,5,"{'hdp': 14.5, 'over': '26.00'}"
73722026,2026-08-14,WTA,Cincinnati,Bet365,Lilli Tagger,Talia Gibson,double_faults,0.5,1.0300,,2026-08-14T09:30:33Z,2026-08-14T16:10:00Z,Team Total (Double Faults) Home,6,"{'hdp': 0.5, 'over': '1.03'}"
73722026,2026-08-14,WTA,Cincinnati,Bet365,Lilli Tagger,Talia Gibson,double_faults,1.5,1.1400,,2026-08-14T09:30:33Z,2026-08-14T16:10:00Z,Team Total (Double Faults) Home,6,"{'hdp': 1.5, 'over': '1.14'}"
73722026,2026-08-14,WTA,Cincinnati,Bet365,Lilli Tagger,Talia Gibson,double_faults,2.5,1.4000,,2026-08-14T09:30:33Z,2026-08-14T16:10:00Z,Team Total (Double Faults) Home,6,"{'hdp': 2.5, 'over': '1.40'}"
73722026,2026-08-14,WTA,Cincinnati,Bet365,Lilli Tagger,Talia Gibson,double_faults,4.5,2.6200,,2026-08-14T09:30:33Z,2026-08-14T16:10:00Z,Team Total (Double Faults) Home,6,"{'hdp': 4.5, 'over': '2.62'}"
73722026,2026-08-14,WTA,Cincinnati,Bet365,Lilli Tagger,Talia Gibson,double_faults,7.5,10.0000,,2026-08-14T09:30:33Z,2026-08-14T16:10:00Z,Team Total (Double Faults) Home,6,"{'hdp': 7.5, 'over': '10.00'}"
73722026,2026-08-14,WTA,Cincinnati,Bet365,Lilli Tagger,Talia Gibson,double_faults,9.5,26.0000,,2026-08-14T09:30:33Z,2026-08-14T16:10:00Z,Team Total (Double Faults) Home,6,"{'hdp': 9.5, 'over': '26.00'}"
73722026,2026-08-14,WTA,Cincinnati,Bet365,Lilli Tagger,Talia Gibson,match_double_faults,4.5,1.0400,,2026-08-14T09:30:33Z,2026-08-14T16:10:00Z,Totals (Double Faults),9,"{'hdp': 4.5, 'over': '1.04'}"
73722026,2026-08-14,WTA,Cincinnati,Bet365,Lilli Tagger,Talia Gibson,match_double_faults,7.5,1.3000,,2026-08-14T09:30:33Z,2026-08-14T16:10:00Z,Totals (Double Faults),9,"{'hdp': 7.5, 'over': '1.30'}"
73722026,2026-08-14,WTA,Cincinnati,Bet365,Lilli Tagger,Talia Gibson,match_double_faults,9.5,1.7200,,2026-08-14T09:30:33Z,2026-08-14T16:10:00Z,Totals (Double Faults),9,"{'hdp': 9.5, 'over': '1.72'}"
73722026,2026-08-14,WTA,Cincinnati,Bet365,Lilli Tagger,Talia Gibson,match_double_faults,11.5,2.6200,,2026-08-14T09:30:33Z,2026-08-14T16:10:00Z,Totals (Double Faults),9,"{'hdp': 11.5, 'over': '2.62'}"
73722026,2026-08-14,WTA,Cincinnati,Bet365,Lilli Tagger,Talia Gibson,match_double_faults,14.5,5.5000,,2026-08-14T09:30:33Z,2026-08-14T16:10:00Z,Totals (Double Faults),9,"{'hdp': 14.5, 'over': '5.50'}"
73722026,2026-08-14,WTA,Cincinnati,Bet365,Lilli Tagger,Talia Gibson,match_double_faults,19.5,23.0000,,2026-08-14T09:30:33Z,2026-08-14T16:10:00Z,Totals (Double Faults),9,"{'hdp': 19.5, 'over': '23.00'}"
73722026,2026-08-14,WTA,Cincinnati,Bet365,Lilli Tagger,Talia Gibson,match_double_faults,24.5,26.0000,,2026-08-14T09:30:33Z,2026-08-14T16:10:00Z,Totals (Double Faults),9,"{'hdp': 24.5, 'over': '26.00'}"
73722026,2026-08-14,WTA,Cincinnati,Bet365,Talia Gibson,Lilli Tagger,aces,0.5,1.0100,,2026-08-14T09:30:33Z,2026-08-14T16:10:00Z,Team Total (Aces) Away,6,"{'hdp': 0.5, 'over': '1.01'}"
73722026,2026-08-14,WTA,Cincinnati,Bet365,Talia Gibson,Lilli Tagger,aces,2.5,1.1600,,2026-08-14T09:30:33Z,2026-08-14T16:10:00Z,Team Total (Aces) Away,6,"{'hdp': 2.5, 'over': '1.16'}"
73722026,2026-08-14,WTA,Cincinnati,Bet365,Talia Gibson,Lilli Tagger,aces,4.5,1.5700,,2026-08-14T09:30:33Z,2026-08-14T16:10:00Z,Team Total (Aces) Away,6,"{'hdp': 4.5, 'over': '1.57'}"
73722026,2026-08-14,WTA,Cincinnati,Bet365,Talia Gibson,Lilli Tagger,aces,9.5,5.5000,,2026-08-14T09:30:33Z,2026-08-14T16:10:00Z,Team Total (Aces) Away,6,"{'hdp': 9.5, 'over': '5.50'}"
73722026,2026-08-14,WTA,Cincinnati,Bet365,Talia Gibson,Lilli Tagger,aces,14.5,23.0000,,2026-08-14T09:30:33Z,2026-08-14T16:10:00Z,Team Total (Aces) Away,6,"{'hdp': 14.5, 'over': '23.00'}"
73722026,2026-08-14,WTA,Cincinnati,Bet365,Talia Gibson,Lilli Tagger,aces,19.5,26.0000,,2026-08-14T09:30:33Z,2026-08-14T16:10:00Z,Team Total (Aces) Away,6,"{'hdp': 19.5, 'over': '26.00'}"
73722026,2026-08-14,WTA,Cincinnati,Bet365,Talia Gibson,Lilli Tagger,double_faults,1.5,1.0200,,2026-08-14T09:30:33Z,2026-08-14T16:10:00Z,Team Total (Double Faults) Away,8,"{'hdp': 1.5, 'over': '1.02'}"
73722026,2026-08-14,WTA,Cincinnati,Bet365,Talia Gibson,Lilli Tagger,double_faults,2.5,1.0700,,2026-08-14T09:30:33Z,2026-08-14T16:10:00Z,Team Total (Double Faults) Away,8,"{'hdp': 2.5, 'over': '1.07'}"
73722026,2026-08-14,WTA,Cincinnati,Bet365,Talia Gibson,Lilli Tagger,double_faults,4.5,1.3600,,2026-08-14T09:30:33Z,2026-08-14T16:10:00Z,Team Total (Double Faults) Away,8,"{'hdp': 4.5, 'over': '1.36'}"
73722026,2026-08-14,WTA,Cincinnati,Bet365,Talia Gibson,Lilli Tagger,double_faults,7.5,2.7500,,2026-08-14T09:30:33Z,2026-08-14T16:10:00Z,Team Total (Double Faults) Away,8,"{'hdp': 7.5, 'over': '2.75'}"
73722026,2026-08-14,WTA,Cincinnati,Bet365,Talia Gibson,Lilli Tagger,double_faults,9.5,5.5000,,2026-08-14T09:30:33Z,2026-08-14T16:10:00Z,Team Total (Double Faults) Away,8,"{'hdp': 9.5, 'over': '5.50'}"
73722026,2026-08-14,WTA,Cincinnati,Bet365,Talia Gibson,Lilli Tagger,double_faults,11.5,13.0000,,2026-08-14T09:30:33Z,2026-08-14T16:10:00Z,Team Total (Double Faults) Away,8,"{'hdp': 11.5, 'over': '13.00'}"
73722026,2026-08-14,WTA,Cincinnati,Bet365,Talia Gibson,Lilli Tagger,double_faults,14.5,26.0000,,2026-08-14T09:30:33Z,2026-08-14T16:10:00Z,Team Total (Double Faults) Away,8,"{'hdp': 14.5, 'over': '26.00'}"
73722026,2026-08-14,WTA,Cincinnati,Bet365,Lilli Tagger,Talia Gibson,match_aces,4.5,1.0200,,2026-08-14T09:30:33Z,2026-08-14T16:10:00Z,Totals (Aces),8,"{'hdp': 4.5, 'over': '1.02'}"
73722026,2026-08-14,WTA,Cincinnati,Bet365,Lilli Tagger,Talia Gibson,match_aces,9.5,1.2200,,2026-08-14T09:30:33Z,2026-08-14T16:10:00Z,Totals (Aces),8,"{'hdp': 9.5, 'over': '1.22'}"
73722026,2026-08-14,WTA,Cincinnati,Bet365,Lilli Tagger,Talia Gibson,match_aces,14.5,1.8300,,2026-08-14T09:30:33Z,2026-08-14T16:10:00Z,Totals (Aces),8,"{'hdp': 14.5, 'over': '1.83'}"
73722026,2026-08-14,WTA,Cincinnati,Bet365,Lilli Tagger,Talia Gibson,match_aces,19.5,3.4000,,2026-08-14T09:30:33Z,2026-08-14T16:10:00Z,Totals (Aces),8,"{'hdp': 19.5, 'over': '3.40'}"
73722026,2026-08-14,WTA,Cincinnati,Bet365,Lilli Tagger,Talia Gibson,match_aces,24.5,6.5000,,2026-08-14T09:30:33Z,2026-08-14T16:10:00Z,Totals (Aces),8,"{'hdp': 24.5, 'over': '6.50'}"
73722026,2026-08-14,WTA,Cincinnati,Bet365,Lilli Tagger,Talia Gibson,match_aces,29.5,15.0000,,2026-08-14T09:30:33Z,2026-08-14T16:10:00Z,Totals (Aces),8,"{'hdp': 29.5, 'over': '15.00'}"
73722026,2026-08-14,WTA,Cincinnati,Bet365,Lilli Tagger,Talia Gibson,match_aces,39.5,26.0000,,2026-08-14T09:30:33Z,2026-08-14T16:10:00Z,Totals (Aces),8,"{'hdp': 39.5, 'over': '26.00'}"
73722026,2026-08-14,WTA,Cincinnati,Bet365,Lilli Tagger,Talia Gibson,aces,2.5,1.0300,,2026-08-14T09:30:33Z,2026-08-14T16:10:00Z,Team Total (Aces) Home,7,"{'hdp': 2.5, 'over': '1.03'}"
73722026,2026-08-14,WTA,Cincinnati,Bet365,Lilli Tagger,Talia Gibson,aces,4.5,1.1400,,2026-08-14T09:30:33Z,2026-08-14T16:10:00Z,Team Total (Aces) Home,7,"{'hdp': 4.5, 'over': '1.14'}"
73722026,2026-08-14,WTA,Cincinnati,Bet365,Lilli Tagger,Talia Gibson,aces,9.5,2.0000,,2026-08-14T09:30:33Z,2026-08-14T16:10:00Z,Team Total (Aces) Home,7,"{'hdp': 9.5, 'over': '2.00'}"
73722026,2026-08-14,WTA,Cincinnati,Bet365,Lilli Tagger,Talia Gibson,aces,14.5,4.5000,,2026-08-14T09:30:33Z,2026-08-14T16:10:00Z,Team Total (Aces) Home,7,"{'hdp': 14.5, 'over': '4.50'}"
73722026,2026-08-14,WTA,Cincinnati,Bet365,Lilli Tagger,Talia Gibson,aces,19.5,13.0000,,2026-08-14T09:30:33Z,2026-08-14T16:10:00Z,Team Total (Aces) Home,7,"{'hdp': 19.5, 'over': '13.00'}"
73722026,2026-08-14,WTA,Cincinnati,Bet365,Lilli Tagger,Talia Gibson,aces,24.5,26.0000,,2026-08-14T09:30:33Z,2026-08-14T16:10:00Z,Team Total (Aces) Home,7,"{'hdp': 24.5, 'over': '26.00'}"
73667614,2026-08-14,WTA,Cincinnati,Bet365,Elvina Kalieva,Oleksandra Oliynykova,aces,9.5,5.0000,,2026-08-14T09:30:33Z,2026-08-14T17:20:00Z,Team Total (Aces) Home,6,"{'hdp': 9.5, 'over': '5.00'}"
73667614,2026-08-14,WTA,Cincinnati,Bet365,Elvina Kalieva,Oleksandra Oliynykova,aces,14.5,21.0000,,2026-08-14T09:30:33Z,2026-08-14T17:20:00Z,Team Total (Aces) Home,6,"{'hdp': 14.5, 'over': '21.00'}"
73667614,2026-08-14,WTA,Cincinnati,Bet365,Elvina Kalieva,Oleksandra Oliynykova,aces,2.5,1.1200,,2026-08-14T09:30:33Z,2026-08-14T17:20:00Z,Team Total (Aces) Home,6,"{'hdp': 2.5, 'over': '1.12'}"
73667614,2026-08-14,WTA,Cincinnati,Bet365,Elvina Kalieva,Oleksandra Oliynykova,aces,4.5,1.5000,,2026-08-14T09:30:33Z,2026-08-14T17:20:00Z,Team Total (Aces) Home,6,"{'hdp': 4.5, 'over': '1.50'}"
73667614,2026-08-14,WTA,Cincinnati,Bet365,Elvina Kalieva,Oleksandra Oliynykova,aces,19.5,26.0000,,2026-08-14T09:30:33Z,2026-08-14T17:20:00Z,Team Total (Aces) Home,6,"{'hdp': 19.5, 'over': '26.00'}"
73667614,2026-08-14,WTA,Cincinnati,Bet365,Oleksandra Oliynykova,Elvina Kalieva,double_faults,1.5,1.0400,,2026-08-14T09:30:33Z,2026-08-14T17:20:00Z,Team Total (Double Faults) Away,8,"{'hdp': 1.5, 'over': '1.04'}"
73667614,2026-08-14,WTA,Cincinnati,Bet365,Oleksandra Oliynykova,Elvina Kalieva,double_faults,2.5,1.1200,,2026-08-14T09:30:33Z,2026-08-14T17:20:00Z,Team Total (Double Faults) Away,8,"{'hdp': 2.5, 'over': '1.12'}"
73667614,2026-08-14,WTA,Cincinnati,Bet365,Oleksandra Oliynykova,Elvina Kalieva,double_faults,4.5,1.6100,,2026-08-14T09:30:33Z,2026-08-14T17:20:00Z,Team Total (Double Faults) Away,8,"{'hdp': 4.5, 'over': '1.61'}"
73667614,2026-08-14,WTA,Cincinnati,Bet365,Oleksandra Oliynykova,Elvina Kalieva,double_faults,7.5,4.3300,,2026-08-14T09:30:33Z,2026-08-14T17:20:00Z,Team Total (Double Faults) Away,8,"{'hdp': 7.5, 'over': '4.33'}"
73667614,2026-08-14,WTA,Cincinnati,Bet365,Oleksandra Oliynykova,Elvina Kalieva,double_faults,9.5,10.0000,,2026-08-14T09:30:33Z,2026-08-14T17:20:00Z,Team Total (Double Faults) Away,8,"{'hdp': 9.5, 'over': '10.00'}"
73667614,2026-08-14,WTA,Cincinnati,Bet365,Oleksandra Oliynykova,Elvina Kalieva,double_faults,11.5,23.0000,,2026-08-14T09:30:33Z,2026-08-14T17:20:00Z,Team Total (Double Faults) Away,8,"{'hdp': 11.5, 'over': '23.00'}"
73667614,2026-08-14,WTA,Cincinnati,Bet365,Oleksandra Oliynykova,Elvina Kalieva,double_faults,14.5,26.0000,,2026-08-14T09:30:33Z,2026-08-14T17:20:00Z,Team Total (Double Faults) Away,8,"{'hdp': 14.5, 'over': '26.00'}"
73667614,2026-08-14,WTA,Cincinnati,Bet365,Elvina Kalieva,Oleksandra Oliynykova,double_faults,0.5,1.0100,,2026-08-14T09:30:33Z,2026-08-14T17:20:00Z,Team Total (Double Faults) Home,8,"{'hdp': 0.5, 'over': '1.01'}"
73667614,2026-08-14,WTA,Cincinnati,Bet365,Elvina Kalieva,Oleksandra Oliynykova,double_faults,1.5,1.0600,,2026-08-14T09:30:33Z,2026-08-14T17:20:00Z,Team Total (Double Faults) Home,8,"{'hdp': 1.5, 'over': '1.06'}"
73667614,2026-08-14,WTA,Cincinnati,Bet365,Elvina Kalieva,Oleksandra Oliynykova,double_faults,4.5,1.6600,,2026-08-14T09:30:33Z,2026-08-14T17:20:00Z,Team Total (Double Faults) Home,8,"{'hdp': 4.5, 'over': '1.66'}"
73667614,2026-08-14,WTA,Cincinnati,Bet365,Elvina Kalieva,Oleksandra Oliynykova,double_faults,9.5,8.0000,,2026-08-14T09:30:33Z,2026-08-14T17:20:00Z,Team Total (Double Faults) Home,8,"{'hdp': 9.5, 'over': '8.00'}"
73667614,2026-08-14,WTA,Cincinnati,Bet365,Elvina Kalieva,Oleksandra Oliynykova,double_faults,11.5,17.0000,,2026-08-14T09:30:33Z,2026-08-14T17:20:00Z,Team Total (Double Faults) Home,8,"{'hdp': 11.5, 'over': '17.00'}"
73667614,2026-08-14,WTA,Cincinnati,Bet365,Elvina Kalieva,Oleksandra Oliynykova,double_faults,14.5,26.0000,,2026-08-14T09:30:33Z,2026-08-14T17:20:00Z,Team Total (Double Faults) Home,8,"{'hdp': 14.5, 'over': '26.00'}"
73667614,2026-08-14,WTA,Cincinnati,Bet365,Elvina Kalieva,Oleksandra Oliynykova,double_faults,2.5,1.1600,,2026-08-14T09:30:33Z,2026-08-14T17:20:00Z,Team Total (Double Faults) Home,8,"{'hdp': 2.5, 'over': '1.16'}"
73667614,2026-08-14,WTA,Cincinnati,Bet365,Elvina Kalieva,Oleksandra Oliynykova,double_faults,7.5,3.7500,,2026-08-14T09:30:33Z,2026-08-14T17:20:00Z,Team Total (Double Faults) Home,8,"{'hdp': 7.5, 'over': '3.75'}"
73667614,2026-08-14,WTA,Cincinnati,Bet365,Elvina Kalieva,Oleksandra Oliynykova,match_double_faults,4.5,1.0400,,2026-08-14T09:30:33Z,2026-08-14T17:20:00Z,Totals (Double Faults),9,"{'hdp': 4.5, 'over': '1.04'}"
73667614,2026-08-14,WTA,Cincinnati,Bet365,Elvina Kalieva,Oleksandra Oliynykova,match_double_faults,11.5,2.3700,,2026-08-14T09:30:33Z,2026-08-14T17:20:00Z,Totals (Double Faults),9,"{'hdp': 11.5, 'over': '2.37'}"
73667614,2026-08-14,WTA,Cincinnati,Bet365,Elvina Kalieva,Oleksandra Oliynykova,match_double_faults,14.5,4.5000,,2026-08-14T09:30:33Z,2026-08-14T17:20:00Z,Totals (Double Faults),9,"{'hdp': 14.5, 'over': '4.50'}"
73667614,2026-08-14,WTA,Cincinnati,Bet365,Elvina Kalieva,Oleksandra Oliynykova,match_double_faults,19.5,19.0000,,2026-08-14T09:30:33Z,2026-08-14T17:20:00Z,Totals (Double Faults),9,"{'hdp': 19.5, 'over': '19.00'}"
73667614,2026-08-14,WTA,Cincinnati,Bet365,Elvina Kalieva,Oleksandra Oliynykova,match_double_faults,24.5,26.0000,,2026-08-14T09:30:33Z,2026-08-14T17:20:00Z,Totals (Double Faults),9,"{'hdp': 24.5, 'over': '26.00'}"
73667614,2026-08-14,WTA,Cincinnati,Bet365,Elvina Kalieva,Oleksandra Oliynykova,match_double_faults,7.5,1.2500,,2026-08-14T09:30:33Z,2026-08-14T17:20:00Z,Totals (Double Faults),9,"{'hdp': 7.5, 'over': '1.25'}"
73667614,2026-08-14,WTA,Cincinnati,Bet365,Elvina Kalieva,Oleksandra Oliynykova,match_double_faults,9.5,1.6100,,2026-08-14T09:30:33Z,2026-08-14T17:20:00Z,Totals (Double Faults),9,"{'hdp': 9.5, 'over': '1.61'}"
73667614,2026-08-14,WTA,Cincinnati,Bet365,Elvina Kalieva,Oleksandra Oliynykova,match_aces,2.5,1.0200,,2026-08-14T09:30:33Z,2026-08-14T17:20:00Z,Totals (Aces),7,"{'hdp': 2.5, 'over': '1.02'}"
73667614,2026-08-14,WTA,Cincinnati,Bet365,Elvina Kalieva,Oleksandra Oliynykova,match_aces,4.5,1.1400,,2026-08-14T09:30:33Z,2026-08-14T17:20:00Z,Totals (Aces),7,"{'hdp': 4.5, 'over': '1.14'}"
73667614,2026-08-14,WTA,Cincinnati,Bet365,Elvina Kalieva,Oleksandra Oliynykova,match_aces,9.5,2.2000,,2026-08-14T09:30:33Z,2026-08-14T17:20:00Z,Totals (Aces),7,"{'hdp': 9.5, 'over': '2.20'}"
73667614,2026-08-14,WTA,Cincinnati,Bet365,Elvina Kalieva,Oleksandra Oliynykova,match_aces,14.5,6.0000,,2026-08-14T09:30:33Z,2026-08-14T17:20:00Z,Totals (Aces),7,"{'hdp': 14.5, 'over': '6.00'}"
73667614,2026-08-14,WTA,Cincinnati,Bet365,Elvina Kalieva,Oleksandra Oliynykova,match_aces,19.5,19.0000,,2026-08-14T09:30:33Z,2026-08-14T17:20:00Z,Totals (Aces),7,"{'hdp': 19.5, 'over': '19.00'}"
73667614,2026-08-14,WTA,Cincinnati,Bet365,Elvina Kalieva,Oleksandra Oliynykova,match_aces,24.5,26.0000,,2026-08-14T09:30:33Z,2026-08-14T17:20:00Z,Totals (Aces),7,"{'hdp': 24.5, 'over': '26.00'}"
73667614,2026-08-14,WTA,Cincinnati,Bet365,Oleksandra Oliynykova,Elvina Kalieva,aces,0.5,1.0700,,2026-08-14T09:30:33Z,2026-08-14T17:20:00Z,Team Total (Aces) Away,4,"{'hdp': 0.5, 'over': '1.07'}"
73667614,2026-08-14,WTA,Cincinnati,Bet365,Oleksandra Oliynykova,Elvina Kalieva,aces,2.5,1.7200,,2026-08-14T09:30:33Z,2026-08-14T17:20:00Z,Team Total (Aces) Away,4,"{'hdp': 2.5, 'over': '1.72'}"
73667614,2026-08-14,WTA,Cincinnati,Bet365,Oleksandra Oliynykova,Elvina Kalieva,aces,4.5,3.7500,,2026-08-14T09:30:33Z,2026-08-14T17:20:00Z,Team Total (Aces) Away,4,"{'hdp': 4.5, 'over': '3.75'}"
73667614,2026-08-14,WTA,Cincinnati,Bet365,Oleksandra Oliynykova,Elvina Kalieva,aces,9.5,26.0000,,2026-08-14T09:30:33Z,2026-08-14T17:20:00Z,Team Total (Aces) Away,4,"{'hdp': 9.5, 'over': '26.00'}"
73721790,2026-08-14,ATP,Cincinnati,Bet365,Christopher O'Connell,Kamil Majchrzak,aces,2.5,1.0300,,2026-08-14T09:30:33Z,2026-08-14T17:20:00Z,Team Total (Aces) Home,8,"{'hdp': 2.5, 'over': '1.03'}"
73721790,2026-08-14,ATP,Cincinnati,Bet365,Christopher O'Connell,Kamil Majchrzak,aces,4.5,1.1400,,2026-08-14T09:30:33Z,2026-08-14T17:20:00Z,Team Total (Aces) Home,8,"{'hdp': 4.5, 'over': '1.14'}"
73721790,2026-08-14,ATP,Cincinnati,Bet365,Christopher O'Connell,Kamil Majchrzak,aces,9.5,1.8300,,2026-08-14T09:30:33Z,2026-08-14T17:20:00Z,Team Total (Aces) Home,8,"{'hdp': 9.5, 'over': '1.83'}"
73721790,2026-08-14,ATP,Cincinnati,Bet365,Christopher O'Connell,Kamil Majchrzak,aces,14.5,4.0000,,2026-08-14T09:30:33Z,2026-08-14T17:20:00Z,Team Total (Aces) Home,8,"{'hdp': 14.5, 'over': '4.00'}"
73721790,2026-08-14,ATP,Cincinnati,Bet365,Christopher O'Connell,Kamil Majchrzak,aces,19.5,10.0000,,2026-08-14T09:30:33Z,2026-08-14T17:20:00Z,Team Total (Aces) Home,8,"{'hdp': 19.5, 'over': '10.00'}"
73721790,2026-08-14,ATP,Cincinnati,Bet365,Christopher O'Connell,Kamil Majchrzak,aces,24.5,23.0000,,2026-08-14T09:30:33Z,2026-08-14T17:20:00Z,Team Total (Aces) Home,8,"{'hdp': 24.5, 'over': '23.00'}"
73721790,2026-08-14,ATP,Cincinnati,Bet365,Christopher O'Connell,Kamil Majchrzak,aces,29.5,26.0000,,2026-08-14T09:30:33Z,2026-08-14T17:20:00Z,Team Total (Aces) Home,8,"{'hdp': 29.5, 'over': '26.00'}"
73721790,2026-08-14,ATP,Cincinnati,Bet365,Kamil Majchrzak,Christopher O'Connell,aces,2.5,1.0500,,2026-08-14T09:30:33Z,2026-08-14T17:20:00Z,Team Total (Aces) Away,6,"{'hdp': 2.5, 'over': '1.05'}"
73721790,2026-08-14,ATP,Cincinnati,Bet365,Kamil Majchrzak,Christopher O'Connell,aces,4.5,1.2200,,2026-08-14T09:30:33Z,2026-08-14T17:20:00Z,Team Total (Aces) Away,6,"{'hdp': 4.5, 'over': '1.22'}"
73721790,2026-08-14,ATP,Cincinnati,Bet365,Kamil Majchrzak,Christopher O'Connell,aces,9.5,2.6200,,2026-08-14T09:30:33Z,2026-08-14T17:20:00Z,Team Total (Aces) Away,6,"{'hdp': 9.5, 'over': '2.62'}"
73721790,2026-08-14,ATP,Cincinnati,Bet365,Kamil Majchrzak,Christopher O'Connell,aces,14.5,8.0000,,2026-08-14T09:30:33Z,2026-08-14T17:20:00Z,Team Total (Aces) Away,6,"{'hdp': 14.5, 'over': '8.00'}"
73721790,2026-08-14,ATP,Cincinnati,Bet365,Kamil Majchrzak,Christopher O'Connell,aces,19.5,26.0000,,2026-08-14T09:30:33Z,2026-08-14T17:20:00Z,Team Total (Aces) Away,6,"{'hdp': 19.5, 'over': '26.00'}"
73721790,2026-08-14,ATP,Cincinnati,Bet365,Christopher O'Connell,Kamil Majchrzak,match_aces,24.5,3.7500,,2026-08-14T09:30:33Z,2026-08-14T17:20:00Z,Totals (Aces),8,"{'hdp': 24.5, 'over': '3.75'}"
73721790,2026-08-14,ATP,Cincinnati,Bet365,Christopher O'Connell,Kamil Majchrzak,match_aces,9.5,1.1100,,2026-08-14T09:30:33Z,2026-08-14T17:20:00Z,Totals (Aces),8,"{'hdp': 9.5, 'over': '1.11'}"
73721790,2026-08-14,ATP,Cincinnati,Bet365,Christopher O'Connell,Kamil Majchrzak,match_aces,14.5,1.4400,,2026-08-14T09:30:33Z,2026-08-14T17:20:00Z,Totals (Aces),8,"{'hdp': 14.5, 'over': '1.44'}"
73721790,2026-08-14,ATP,Cincinnati,Bet365,Christopher O'Connell,Kamil Majchrzak,match_aces,19.5,2.2000,,2026-08-14T09:30:33Z,2026-08-14T17:20:00Z,Totals (Aces),8,"{'hdp': 19.5, 'over': '2.20'}"
73721790,2026-08-14,ATP,Cincinnati,Bet365,Christopher O'Connell,Kamil Majchrzak,match_aces,29.5,8.0000,,2026-08-14T09:30:33Z,2026-08-14T17:20:00Z,Totals (Aces),8,"{'hdp': 29.5, 'over': '8.00'}"
73721790,2026-08-14,ATP,Cincinnati,Bet365,Christopher O'Connell,Kamil Majchrzak,match_aces,39.5,26.0000,,2026-08-14T09:30:33Z,2026-08-14T17:20:00Z,Totals (Aces),8,"{'hdp': 39.5, 'over': '26.00'}"
73721778,2026-08-14,ATP,Cincinnati,Bet365,Mark Lajal,Juan Manuel Cerundolo,match_aces,4.5,1.0300,,2026-08-14T09:30:33Z,2026-08-14T17:20:00Z,Totals (Aces),7,"{'hdp': 4.5, 'over': '1.03'}"
73721778,2026-08-14,ATP,Cincinnati,Bet365,Mark Lajal,Juan Manuel Cerundolo,match_aces,9.5,1.3600,,2026-08-14T09:30:33Z,2026-08-14T17:20:00Z,Totals (Aces),7,"{'hdp': 9.5, 'over': '1.36'}"
73721778,2026-08-14,ATP,Cincinnati,Bet365,Mark Lajal,Juan Manuel Cerundolo,match_aces,14.5,2.3700,,2026-08-14T09:30:33Z,2026-08-14T17:20:00Z,Totals (Aces),7,"{'hdp': 14.5, 'over': '2.37'}"
73721778,2026-08-14,ATP,Cincinnati,Bet365,Mark Lajal,Juan Manuel Cerundolo,match_aces,19.5,5.0000,,2026-08-14T09:30:33Z,2026-08-14T17:20:00Z,Totals (Aces),7,"{'hdp': 19.5, 'over': '5.00'}"
73721778,2026-08-14,ATP,Cincinnati,Bet365,Mark Lajal,Juan Manuel Cerundolo,match_aces,24.5,11.0000,,2026-08-14T09:30:33Z,2026-08-14T17:20:00Z,Totals (Aces),7,"{'hdp': 24.5, 'over': '11.00'}"
73721778,2026-08-14,ATP,Cincinnati,Bet365,Mark Lajal,Juan Manuel Cerundolo,match_aces,29.5,26.0000,,2026-08-14T09:30:33Z,2026-08-14T17:20:00Z,Totals (Aces),7,"{'hdp': 29.5, 'over': '26.00'}"
73721778,2026-08-14,ATP,Cincinnati,Bet365,Mark Lajal,Juan Manuel Cerundolo,match_double_faults,4.5,1.0600,,2026-08-14T09:30:33Z,2026-08-14T17:20:00Z,Totals (Double Faults),8,"{'hdp': 4.5, 'over': '1.06'}"
73721778,2026-08-14,ATP,Cincinnati,Bet365,Mark Lajal,Juan Manuel Cerundolo,match_double_faults,7.5,1.4000,,2026-08-14T09:30:33Z,2026-08-14T17:20:00Z,Totals (Double Faults),8,"{'hdp': 7.5, 'over': '1.40'}"
73721778,2026-08-14,ATP,Cincinnati,Bet365,Mark Lajal,Juan Manuel Cerundolo,match_double_faults,9.5,2.0000,,2026-08-14T09:30:33Z,2026-08-14T17:20:00Z,Totals (Double Faults),8,"{'hdp': 9.5, 'over': '2.00'}"
73721778,2026-08-14,ATP,Cincinnati,Bet365,Mark Lajal,Juan Manuel Cerundolo,match_double_faults,11.5,3.4000,,2026-08-14T09:30:33Z,2026-08-14T17:20:00Z,Totals (Double Faults),8,"{'hdp': 11.5, 'over': '3.40'}"
73721778,2026-08-14,ATP,Cincinnati,Bet365,Mark Lajal,Juan Manuel Cerundolo,match_double_faults,14.5,8.0000,,2026-08-14T09:30:33Z,2026-08-14T17:20:00Z,Totals (Double Faults),8,"{'hdp': 14.5, 'over': '8.00'}"
73721778,2026-08-14,ATP,Cincinnati,Bet365,Mark Lajal,Juan Manuel Cerundolo,match_double_faults,19.5,26.0000,,2026-08-14T09:30:33Z,2026-08-14T17:20:00Z,Totals (Double Faults),8,"{'hdp': 19.5, 'over': '26.00'}"
73721778,2026-08-14,ATP,Cincinnati,Bet365,Mark Lajal,Juan Manuel Cerundolo,aces,2.5,1.0700,,2026-08-14T09:30:33Z,2026-08-14T17:20:00Z,Team Total (Aces) Home,6,"{'hdp': 2.5, 'over': '1.07'}"
73721778,2026-08-14,ATP,Cincinnati,Bet365,Mark Lajal,Juan Manuel Cerundolo,aces,4.5,1.2800,,2026-08-14T09:30:33Z,2026-08-14T17:20:00Z,Team Total (Aces) Home,6,"{'hdp': 4.5, 'over': '1.28'}"
73721778,2026-08-14,ATP,Cincinnati,Bet365,Mark Lajal,Juan Manuel Cerundolo,aces,9.5,3.2500,,2026-08-14T09:30:33Z,2026-08-14T17:20:00Z,Team Total (Aces) Home,6,"{'hdp': 9.5, 'over': '3.25'}"
73721778,2026-08-14,ATP,Cincinnati,Bet365,Mark Lajal,Juan Manuel Cerundolo,aces,14.5,11.0000,,2026-08-14T09:30:33Z,2026-08-14T17:20:00Z,Team Total (Aces) Home,6,"{'hdp': 14.5, 'over': '11.00'}"
73721778,2026-08-14,ATP,Cincinnati,Bet365,Mark Lajal,Juan Manuel Cerundolo,aces,19.5,26.0000,,2026-08-14T09:30:33Z,2026-08-14T17:20:00Z,Team Total (Aces) Home,6,"{'hdp': 19.5, 'over': '26.00'}"
73721778,2026-08-14,ATP,Cincinnati,Bet365,Juan Manuel Cerundolo,Mark Lajal,aces,0.5,1.0100,,2026-08-14T09:30:33Z,2026-08-14T17:20:00Z,Team Total (Aces) Away,5,"{'hdp': 0.5, 'over': '1.01'}"
73721778,2026-08-14,ATP,Cincinnati,Bet365,Juan Manuel Cerundolo,Mark Lajal,aces,2.5,1.1400,,2026-08-14T09:30:33Z,2026-08-14T17:20:00Z,Team Total (Aces) Away,5,"{'hdp': 2.5, 'over': '1.14'}"
73721778,2026-08-14,ATP,Cincinnati,Bet365,Juan Manuel Cerundolo,Mark Lajal,aces,4.5,1.5700,,2026-08-14T09:30:33Z,2026-08-14T17:20:00Z,Team Total (Aces) Away,5,"{'hdp': 4.5, 'over': '1.57'}"
73721778,2026-08-14,ATP,Cincinnati,Bet365,Juan Manuel Cerundolo,Mark Lajal,aces,9.5,5.5000,,2026-08-14T09:30:33Z,2026-08-14T17:20:00Z,Team Total (Aces) Away,5,"{'hdp': 9.5, 'over': '5.50'}"
73721778,2026-08-14,ATP,Cincinnati,Bet365,Juan Manuel Cerundolo,Mark Lajal,aces,14.5,26.0000,,2026-08-14T09:30:33Z,2026-08-14T17:20:00Z,Team Total (Aces) Away,5,"{'hdp': 14.5, 'over': '26.00'}"
73721778,2026-08-14,ATP,Cincinnati,Bet365,Juan Manuel Cerundolo,Mark Lajal,double_faults,0.5,1.0100,,2026-08-14T09:30:33Z,2026-08-14T17:20:00Z,Team Total (Double Faults) Away,7,"{'hdp': 0.5, 'over': '1.01'}"
73721778,2026-08-14,ATP,Cincinnati,Bet365,Juan Manuel Cerundolo,Mark Lajal,double_faults,1.5,1.1000,,2026-08-14T09:30:33Z,2026-08-14T17:20:00Z,Team Total (Double Faults) Away,7,"{'hdp': 1.5, 'over': '1.10'}"
73721778,2026-08-14,ATP,Cincinnati,Bet365,Juan Manuel Cerundolo,Mark Lajal,double_faults,2.5,1.2800,,2026-08-14T09:30:33Z,2026-08-14T17:20:00Z,Team Total (Double Faults) Away,7,"{'hdp': 2.5, 'over': '1.28'}"
73721778,2026-08-14,ATP,Cincinnati,Bet365,Juan Manuel Cerundolo,Mark Lajal,double_faults,4.5,2.2000,,2026-08-14T09:30:33Z,2026-08-14T17:20:00Z,Team Total (Double Faults) Away,7,"{'hdp': 4.5, 'over': '2.20'}"
73721778,2026-08-14,ATP,Cincinnati,Bet365,Juan Manuel Cerundolo,Mark Lajal,double_faults,7.5,8.0000,,2026-08-14T09:30:33Z,2026-08-14T17:20:00Z,Team Total (Double Faults) Away,7,"{'hdp': 7.5, 'over': '8.00'}"
73721778,2026-08-14,ATP,Cincinnati,Bet365,Juan Manuel Cerundolo,Mark Lajal,double_faults,9.5,21.0000,,2026-08-14T09:30:33Z,2026-08-14T17:20:00Z,Team Total (Double Faults) Away,7,"{'hdp': 9.5, 'over': '21.00'}"
73721778,2026-08-14,ATP,Cincinnati,Bet365,Juan Manuel Cerundolo,Mark Lajal,double_faults,11.5,26.0000,,2026-08-14T09:30:33Z,2026-08-14T17:20:00Z,Team Total (Double Faults) Away,7,"{'hdp': 11.5, 'over': '26.00'}"
73721778,2026-08-14,ATP,Cincinnati,Bet365,Mark Lajal,Juan Manuel Cerundolo,double_faults,1.5,1.0500,,2026-08-14T09:30:33Z,2026-08-14T17:20:00Z,Team Total (Double Faults) Home,8,"{'hdp': 1.5, 'over': '1.05'}"
73721778,2026-08-14,ATP,Cincinnati,Bet365,Mark Lajal,Juan Manuel Cerundolo,double_faults,2.5,1.1400,,2026-08-14T09:30:33Z,2026-08-14T17:20:00Z,Team Total (Double Faults) Home,8,"{'hdp': 2.5, 'over': '1.14'}"
73721778,2026-08-14,ATP,Cincinnati,Bet365,Mark Lajal,Juan Manuel Cerundolo,double_faults,4.5,1.6600,,2026-08-14T09:30:33Z,2026-08-14T17:20:00Z,Team Total (Double Faults) Home,8,"{'hdp': 4.5, 'over': '1.66'}"
73721778,2026-08-14,ATP,Cincinnati,Bet365,Mark Lajal,Juan Manuel Cerundolo,double_faults,7.5,4.5000,,2026-08-14T09:30:33Z,2026-08-14T17:20:00Z,Team Total (Double Faults) Home,8,"{'hdp': 7.5, 'over': '4.50'}"
73721778,2026-08-14,ATP,Cincinnati,Bet365,Mark Lajal,Juan Manuel Cerundolo,double_faults,9.5,11.0000,,2026-08-14T09:30:33Z,2026-08-14T17:20:00Z,Team Total (Double Faults) Home,8,"{'hdp': 9.5, 'over': '11.00'}"
73721778,2026-08-14,ATP,Cincinnati,Bet365,Mark Lajal,Juan Manuel Cerundolo,double_faults,11.5,23.0000,,2026-08-14T09:30:33Z,2026-08-14T17:20:00Z,Team Total (Double Faults) Home,8,"{'hdp': 11.5, 'over': '23.00'}"
73721778,2026-08-14,ATP,Cincinnati,Bet365,Mark Lajal,Juan Manuel Cerundolo,double_faults,14.5,26.0000,,2026-08-14T09:30:33Z,2026-08-14T17:20:00Z,Team Total (Double Faults) Home,8,"{'hdp': 14.5, 'over': '26.00'}"
73722024,2026-08-14,WTA,Cincinnati,Bet365,Xinyu Wang,Hanne Vandewinkel,match_double_faults,4.5,1.0100,,2026-08-14T09:30:33Z,2026-08-14T17:20:00Z,Totals (Double Faults),8,"{'hdp': 4.5, 'over': '1.01'}"
73722024,2026-08-14,WTA,Cincinnati,Bet365,Xinyu Wang,Hanne Vandewinkel,match_double_faults,7.5,1.1000,,2026-08-14T09:30:33Z,2026-08-14T17:20:00Z,Totals (Double Faults),8,"{'hdp': 7.5, 'over': '1.10'}"
73722024,2026-08-14,WTA,Cincinnati,Bet365,Xinyu Wang,Hanne Vandewinkel,match_double_faults,9.5,1.2500,,2026-08-14T09:30:33Z,2026-08-14T17:20:00Z,Totals (Double Faults),8,"{'hdp': 9.5, 'over': '1.25'}"
73722024,2026-08-14,WTA,Cincinnati,Bet365,Xinyu Wang,Hanne Vandewinkel,match_double_faults,11.5,1.5700,,2026-08-14T09:30:33Z,2026-08-14T17:20:00Z,Totals (Double Faults),8,"{'hdp': 11.5, 'over': '1.57'}"
73722024,2026-08-14,WTA,Cincinnati,Bet365,Xinyu Wang,Hanne Vandewinkel,match_double_faults,14.5,2.5000,,2026-08-14T09:30:33Z,2026-08-14T17:20:00Z,Totals (Double Faults),8,"{'hdp': 14.5, 'over': '2.50'}"
73722024,2026-08-14,WTA,Cincinnati,Bet365,Xinyu Wang,Hanne Vandewinkel,match_double_faults,19.5,7.0000,,2026-08-14T09:30:33Z,2026-08-14T17:20:00Z,Totals (Double Faults),8,"{'hdp': 19.5, 'over': '7.00'}"
73722024,2026-08-14,WTA,Cincinnati,Bet365,Xinyu Wang,Hanne Vandewinkel,match_double_faults,24.5,23.0000,,2026-08-14T09:30:33Z,2026-08-14T17:20:00Z,Totals (Double Faults),8,"{'hdp': 24.5, 'over': '23.00'}"
73722024,2026-08-14,WTA,Cincinnati,Bet365,Xinyu Wang,Hanne Vandewinkel,double_faults,1.5,1.0300,,2026-08-14T09:30:33Z,2026-08-14T17:20:00Z,Team Total (Double Faults) Home,8,"{'hdp': 1.5, 'over': '1.03'}"
73722024,2026-08-14,WTA,Cincinnati,Bet365,Xinyu Wang,Hanne Vandewinkel,double_faults,2.5,1.1100,,2026-08-14T09:30:33Z,2026-08-14T17:20:00Z,Team Total (Double Faults) Home,8,"{'hdp': 2.5, 'over': '1.11'}"
73722024,2026-08-14,WTA,Cincinnati,Bet365,Xinyu Wang,Hanne Vandewinkel,double_faults,4.5,1.5000,,2026-08-14T09:30:33Z,2026-08-14T17:20:00Z,Team Total (Double Faults) Home,8,"{'hdp': 4.5, 'over': '1.50'}"
73722024,2026-08-14,WTA,Cincinnati,Bet365,Xinyu Wang,Hanne Vandewinkel,double_faults,7.5,3.5000,,2026-08-14T09:30:33Z,2026-08-14T17:20:00Z,Team Total (Double Faults) Home,8,"{'hdp': 7.5, 'over': '3.50'}"
73722024,2026-08-14,WTA,Cincinnati,Bet365,Xinyu Wang,Hanne Vandewinkel,double_faults,9.5,8.0000,,2026-08-14T09:30:33Z,2026-08-14T17:20:00Z,Team Total (Double Faults) Home,8,"{'hdp': 9.5, 'over': '8.00'}"
73722024,2026-08-14,WTA,Cincinnati,Bet365,Xinyu Wang,Hanne Vandewinkel,double_faults,11.5,17.0000,,2026-08-14T09:30:33Z,2026-08-14T17:20:00Z,Team Total (Double Faults) Home,8,"{'hdp': 11.5, 'over': '17.00'}"
73722024,2026-08-14,WTA,Cincinnati,Bet365,Xinyu Wang,Hanne Vandewinkel,double_faults,14.5,26.0000,,2026-08-14T09:30:33Z,2026-08-14T17:20:00Z,Team Total (Double Faults) Home,8,"{'hdp': 14.5, 'over': '26.00'}"
73722024,2026-08-14,WTA,Cincinnati,Bet365,Hanne Vandewinkel,Xinyu Wang,aces,0.5,1.0100,,2026-08-14T09:30:33Z,2026-08-14T17:20:00Z,Team Total (Aces) Away,5,"{'hdp': 0.5, 'over': '1.01'}"
73722024,2026-08-14,WTA,Cincinnati,Bet365,Hanne Vandewinkel,Xinyu Wang,aces,2.5,1.1600,,2026-08-14T09:30:33Z,2026-08-14T17:20:00Z,Team Total (Aces) Away,5,"{'hdp': 2.5, 'over': '1.16'}"
73722024,2026-08-14,WTA,Cincinnati,Bet365,Hanne Vandewinkel,Xinyu Wang,aces,4.5,1.5700,,2026-08-14T09:30:33Z,2026-08-14T17:20:00Z,Team Total (Aces) Away,5,"{'hdp': 4.5, 'over': '1.57'}"
73722024,2026-08-14,WTA,Cincinnati,Bet365,Hanne Vandewinkel,Xinyu Wang,aces,9.5,6.0000,,2026-08-14T09:30:33Z,2026-08-14T17:20:00Z,Team Total (Aces) Away,5,"{'hdp': 9.5, 'over': '6.00'}"
73722024,2026-08-14,WTA,Cincinnati,Bet365,Hanne Vandewinkel,Xinyu Wang,aces,14.5,26.0000,,2026-08-14T09:30:33Z,2026-08-14T17:20:00Z,Team Total (Aces) Away,5,"{'hdp': 14.5, 'over': '26.00'}"
73722024,2026-08-14,WTA,Cincinnati,Bet365,Xinyu Wang,Hanne Vandewinkel,aces,0.5,1.0200,,2026-08-14T09:30:33Z,2026-08-14T17:20:00Z,Team Total (Aces) Home,5,"{'hdp': 0.5, 'over': '1.02'}"
73722024,2026-08-14,WTA,Cincinnati,Bet365,Xinyu Wang,Hanne Vandewinkel,aces,2.5,1.2800,,2026-08-14T09:30:33Z,2026-08-14T17:20:00Z,Team Total (Aces) Home,5,"{'hdp': 2.5, 'over': '1.28'}"
73722024,2026-08-14,WTA,Cincinnati,Bet365,Xinyu Wang,Hanne Vandewinkel,aces,4.5,1.9000,,2026-08-14T09:30:33Z,2026-08-14T17:20:00Z,Team Total (Aces) Home,5,"{'hdp': 4.5, 'over': '1.90'}"
73722024,2026-08-14,WTA,Cincinnati,Bet365,Xinyu Wang,Hanne Vandewinkel,aces,9.5,10.0000,,2026-08-14T09:30:33Z,2026-08-14T17:20:00Z,Team Total (Aces) Home,5,"{'hdp': 9.5, 'over': '10.00'}"
73722024,2026-08-14,WTA,Cincinnati,Bet365,Xinyu Wang,Hanne Vandewinkel,aces,14.5,26.0000,,2026-08-14T09:30:33Z,2026-08-14T17:20:00Z,Team Total (Aces) Home,5,"{'hdp': 14.5, 'over': '26.00'}"
73722024,2026-08-14,WTA,Cincinnati,Bet365,Hanne Vandewinkel,Xinyu Wang,double_faults,1.5,1.0100,,2026-08-14T09:30:33Z,2026-08-14T17:20:00Z,Team Total (Double Faults) Away,9,"{'hdp': 1.5, 'over': '1.01'}"
73722024,2026-08-14,WTA,Cincinnati,Bet365,Hanne Vandewinkel,Xinyu Wang,double_faults,2.5,1.0500,,2026-08-14T09:30:33Z,2026-08-14T17:20:00Z,Team Total (Double Faults) Away,9,"{'hdp': 2.5, 'over': '1.05'}"
73722024,2026-08-14,WTA,Cincinnati,Bet365,Hanne Vandewinkel,Xinyu Wang,double_faults,4.5,1.2200,,2026-08-14T09:30:33Z,2026-08-14T17:20:00Z,Team Total (Double Faults) Away,9,"{'hdp': 4.5, 'over': '1.22'}"
73722024,2026-08-14,WTA,Cincinnati,Bet365,Hanne Vandewinkel,Xinyu Wang,double_faults,7.5,2.0000,,2026-08-14T09:30:33Z,2026-08-14T17:20:00Z,Team Total (Double Faults) Away,9,"{'hdp': 7.5, 'over': '2.00'}"
73722024,2026-08-14,WTA,Cincinnati,Bet365,Hanne Vandewinkel,Xinyu Wang,double_faults,9.5,3.2500,,2026-08-14T09:30:33Z,2026-08-14T17:20:00Z,Team Total (Double Faults) Away,9,"{'hdp': 9.5, 'over': '3.25'}"
73722024,2026-08-14,WTA,Cincinnati,Bet365,Hanne Vandewinkel,Xinyu Wang,double_faults,11.5,5.5000,,2026-08-14T09:30:33Z,2026-08-14T17:20:00Z,Team Total (Double Faults) Away,9,"{'hdp': 11.5, 'over': '5.50'}"
73722024,2026-08-14,WTA,Cincinnati,Bet365,Hanne Vandewinkel,Xinyu Wang,double_faults,14.5,15.0000,,2026-08-14T09:30:33Z,2026-08-14T17:20:00Z,Team Total (Double Faults) Away,9,"{'hdp': 14.5, 'over': '15.00'}"
73722024,2026-08-14,WTA,Cincinnati,Bet365,Hanne Vandewinkel,Xinyu Wang,double_faults,19.5,26.0000,,2026-08-14T09:30:33Z,2026-08-14T17:20:00Z,Team Total (Double Faults) Away,9,"{'hdp': 19.5, 'over': '26.00'}"
73722024,2026-08-14,WTA,Cincinnati,Bet365,Xinyu Wang,Hanne Vandewinkel,match_aces,2.5,1.0100,,2026-08-14T09:30:33Z,2026-08-14T17:20:00Z,Totals (Aces),7,"{'hdp': 2.5, 'over': '1.01'}"
73722024,2026-08-14,WTA,Cincinnati,Bet365,Xinyu Wang,Hanne Vandewinkel,match_aces,4.5,1.0800,,2026-08-14T09:30:33Z,2026-08-14T17:20:00Z,Totals (Aces),7,"{'hdp': 4.5, 'over': '1.08'}"
73722024,2026-08-14,WTA,Cincinnati,Bet365,Xinyu Wang,Hanne Vandewinkel,match_aces,9.5,1.8000,,2026-08-14T09:30:33Z,2026-08-14T17:20:00Z,Totals (Aces),7,"{'hdp': 9.5, 'over': '1.80'}"
73722024,2026-08-14,WTA,Cincinnati,Bet365,Xinyu Wang,Hanne Vandewinkel,match_aces,14.5,4.0000,,2026-08-14T09:30:33Z,2026-08-14T17:20:00Z,Totals (Aces),7,"{'hdp': 14.5, 'over': '4.00'}"
73722024,2026-08-14,WTA,Cincinnati,Bet365,Xinyu Wang,Hanne Vandewinkel,match_aces,19.5,11.0000,,2026-08-14T09:30:33Z,2026-08-14T17:20:00Z,Totals (Aces),7,"{'hdp': 19.5, 'over': '11.00'}"
73722024,2026-08-14,WTA,Cincinnati,Bet365,Xinyu Wang,Hanne Vandewinkel,match_aces,24.5,26.0000,,2026-08-14T09:30:33Z,2026-08-14T17:20:00Z,Totals (Aces),7,"{'hdp': 24.5, 'over': '26.00'}"
73667538,2026-08-14,ATP,Cincinnati,Bet365,Lorenzo Sonego,Juncheng Shang,double_faults,0.5,1.0600,,2026-08-14T09:30:33Z,2026-08-14T17:20:00Z,Team Total (Double Faults) Away,5,"{'hdp': 0.5, 'over': '1.06'}"
73667538,2026-08-14,ATP,Cincinnati,Bet365,Lorenzo Sonego,Juncheng Shang,double_faults,1.5,1.3000,,2026-08-14T09:30:33Z,2026-08-14T17:20:00Z,Team Total (Double Faults) Away,5,"{'hdp': 1.5, 'over': '1.30'}"
73667538,2026-08-14,ATP,Cincinnati,Bet365,Lorenzo Sonego,Juncheng Shang,double_faults,2.5,1.8300,,2026-08-14T09:30:33Z,2026-08-14T17:20:00Z,Team Total (Double Faults) Away,5,"{'hdp': 2.5, 'over': '1.83'}"
73667538,2026-08-14,ATP,Cincinnati,Bet365,Lorenzo Sonego,Juncheng Shang,double_faults,4.5,5.5000,,2026-08-14T09:30:33Z,2026-08-14T17:20:00Z,Team Total (Double Faults) Away,5,"{'hdp': 4.5, 'over': '5.50'}"
73667538,2026-08-14,ATP,Cincinnati,Bet365,Lorenzo Sonego,Juncheng Shang,double_faults,7.5,26.0000,,2026-08-14T09:30:33Z,2026-08-14T17:20:00Z,Team Total (Double Faults) Away,5,"{'hdp': 7.5, 'over': '26.00'}"
73667538,2026-08-14,ATP,Cincinnati,Bet365,Lorenzo Sonego,Juncheng Shang,aces,2.5,1.0300,,2026-08-14T09:30:33Z,2026-08-14T17:20:00Z,Team Total (Aces) Away,8,"{'hdp': 2.5, 'over': '1.03'}"
73667538,2026-08-14,ATP,Cincinnati,Bet365,Lorenzo Sonego,Juncheng Shang,aces,4.5,1.1200,,2026-08-14T09:30:33Z,2026-08-14T17:20:00Z,Team Total (Aces) Away,8,"{'hdp': 4.5, 'over': '1.12'}"
73667538,2026-08-14,ATP,Cincinnati,Bet365,Lorenzo Sonego,Juncheng Shang,aces,9.5,1.8000,,2026-08-14T09:30:33Z,2026-08-14T17:20:00Z,Team Total (Aces) Away,8,"{'hdp': 9.5, 'over': '1.80'}"
73667538,2026-08-14,ATP,Cincinnati,Bet365,Lorenzo Sonego,Juncheng Shang,aces,14.5,3.7500,,2026-08-14T09:30:33Z,2026-08-14T17:20:00Z,Team Total (Aces) Away,8,"{'hdp': 14.5, 'over': '3.75'}"
73667538,2026-08-14,ATP,Cincinnati,Bet365,Lorenzo Sonego,Juncheng Shang,aces,19.5,9.0000,,2026-08-14T09:30:33Z,2026-08-14T17:20:00Z,Team Total (Aces) Away,8,"{'hdp': 19.5, 'over': '9.00'}"
73667538,2026-08-14,ATP,Cincinnati,Bet365,Lorenzo Sonego,Juncheng Shang,aces,24.5,21.0000,,2026-08-14T09:30:33Z,2026-08-14T17:20:00Z,Team Total (Aces) Away,8,"{'hdp': 24.5, 'over': '21.00'}"
73667538,2026-08-14,ATP,Cincinnati,Bet365,Lorenzo Sonego,Juncheng Shang,aces,29.5,26.0000,,2026-08-14T09:30:33Z,2026-08-14T17:20:00Z,Team Total (Aces) Away,8,"{'hdp': 29.5, 'over': '26.00'}"
73667538,2026-08-14,ATP,Cincinnati,Bet365,Juncheng Shang,Lorenzo Sonego,aces,0.5,1.0100,,2026-08-14T09:30:33Z,2026-08-14T17:20:00Z,Team Total (Aces) Home,5,"{'hdp': 0.5, 'over': '1.01'}"
73667538,2026-08-14,ATP,Cincinnati,Bet365,Juncheng Shang,Lorenzo Sonego,aces,2.5,1.1600,,2026-08-14T09:30:33Z,2026-08-14T17:20:00Z,Team Total (Aces) Home,5,"{'hdp': 2.5, 'over': '1.16'}"
73667538,2026-08-14,ATP,Cincinnati,Bet365,Juncheng Shang,Lorenzo Sonego,aces,4.5,1.6600,,2026-08-14T09:30:33Z,2026-08-14T17:20:00Z,Team Total (Aces) Home,5,"{'hdp': 4.5, 'over': '1.66'}"
73667538,2026-08-14,ATP,Cincinnati,Bet365,Juncheng Shang,Lorenzo Sonego,aces,9.5,7.0000,,2026-08-14T09:30:33Z,2026-08-14T17:20:00Z,Team Total (Aces) Home,5,"{'hdp': 9.5, 'over': '7.00'}"
73667538,2026-08-14,ATP,Cincinnati,Bet365,Juncheng Shang,Lorenzo Sonego,aces,14.5,26.0000,,2026-08-14T09:30:33Z,2026-08-14T17:20:00Z,Team Total (Aces) Home,5,"{'hdp': 14.5, 'over': '26.00'}"
73667538,2026-08-14,ATP,Cincinnati,Bet365,Juncheng Shang,Lorenzo Sonego,match_double_faults,1.5,1.0200,,2026-08-14T09:30:33Z,2026-08-14T17:20:00Z,Totals (Double Faults),8,"{'hdp': 1.5, 'over': '1.02'}"
73667538,2026-08-14,ATP,Cincinnati,Bet365,Juncheng Shang,Lorenzo Sonego,match_double_faults,2.5,1.0800,,2026-08-14T09:30:33Z,2026-08-14T17:20:00Z,Totals (Double Faults),8,"{'hdp': 2.5, 'over': '1.08'}"
73667538,2026-08-14,ATP,Cincinnati,Bet365,Juncheng Shang,Lorenzo Sonego,match_double_faults,4.5,1.4400,,2026-08-14T09:30:33Z,2026-08-14T17:20:00Z,Totals (Double Faults),8,"{'hdp': 4.5, 'over': '1.44'}"
73667538,2026-08-14,ATP,Cincinnati,Bet365,Juncheng Shang,Lorenzo Sonego,match_double_faults,7.5,3.5000,,2026-08-14T09:30:33Z,2026-08-14T17:20:00Z,Totals (Double Faults),8,"{'hdp': 7.5, 'over': '3.50'}"
73667538,2026-08-14,ATP,Cincinnati,Bet365,Juncheng Shang,Lorenzo Sonego,match_double_faults,9.5,8.0000,,2026-08-14T09:30:33Z,2026-08-14T17:20:00Z,Totals (Double Faults),8,"{'hdp': 9.5, 'over': '8.00'}"
73667538,2026-08-14,ATP,Cincinnati,Bet365,Juncheng Shang,Lorenzo Sonego,match_double_faults,11.5,19.0000,,2026-08-14T09:30:33Z,2026-08-14T17:20:00Z,Totals (Double Faults),8,"{'hdp': 11.5, 'over': '19.00'}"
73667538,2026-08-14,ATP,Cincinnati,Bet365,Juncheng Shang,Lorenzo Sonego,match_double_faults,14.5,26.0000,,2026-08-14T09:30:33Z,2026-08-14T17:20:00Z,Totals (Double Faults),8,"{'hdp': 14.5, 'over': '26.00'}"
73667538,2026-08-14,ATP,Cincinnati,Bet365,Juncheng Shang,Lorenzo Sonego,double_faults,0.5,1.0500,,2026-08-14T09:30:33Z,2026-08-14T17:20:00Z,Team Total (Double Faults) Home,6,"{'hdp': 0.5, 'over': '1.05'}"
73667538,2026-08-14,ATP,Cincinnati,Bet365,Juncheng Shang,Lorenzo Sonego,double_faults,1.5,1.2500,,2026-08-14T09:30:33Z,2026-08-14T17:20:00Z,Team Total (Double Faults) Home,6,"{'hdp': 1.5, 'over': '1.25'}"
73667538,2026-08-14,ATP,Cincinnati,Bet365,Juncheng Shang,Lorenzo Sonego,double_faults,2.5,1.6600,,2026-08-14T09:30:33Z,2026-08-14T17:20:00Z,Team Total (Double Faults) Home,6,"{'hdp': 2.5, 'over': '1.66'}"
73667538,2026-08-14,ATP,Cincinnati,Bet365,Juncheng Shang,Lorenzo Sonego,double_faults,4.5,4.0000,,2026-08-14T09:30:33Z,2026-08-14T17:20:00Z,Team Total (Double Faults) Home,6,"{'hdp': 4.5, 'over': '4.00'}"
73667538,2026-08-14,ATP,Cincinnati,Bet365,Juncheng Shang,Lorenzo Sonego,double_faults,7.5,21.0000,,2026-08-14T09:30:33Z,2026-08-14T17:20:00Z,Team Total (Double Faults) Home,6,"{'hdp': 7.5, 'over': '21.00'}"
73667538,2026-08-14,ATP,Cincinnati,Bet365,Juncheng Shang,Lorenzo Sonego,double_faults,9.5,26.0000,,2026-08-14T09:30:33Z,2026-08-14T17:20:00Z,Team Total (Double Faults) Home,6,"{'hdp': 9.5, 'over': '26.00'}"
73667538,2026-08-14,ATP,Cincinnati,Bet365,Juncheng Shang,Lorenzo Sonego,match_aces,4.5,1.0100,,2026-08-14T09:30:33Z,2026-08-14T17:20:00Z,Totals (Aces),8,"{'hdp': 4.5, 'over': '1.01'}"
73667538,2026-08-14,ATP,Cincinnati,Bet365,Juncheng Shang,Lorenzo Sonego,match_aces,9.5,1.2000,,2026-08-14T09:30:33Z,2026-08-14T17:20:00Z,Totals (Aces),8,"{'hdp': 9.5, 'over': '1.20'}"
73667538,2026-08-14,ATP,Cincinnati,Bet365,Juncheng Shang,Lorenzo Sonego,match_aces,14.5,1.7200,,2026-08-14T09:30:33Z,2026-08-14T17:20:00Z,Totals (Aces),8,"{'hdp': 14.5, 'over': '1.72'}"
73667538,2026-08-14,ATP,Cincinnati,Bet365,Juncheng Shang,Lorenzo Sonego,match_aces,19.5,3.0000,,2026-08-14T09:30:33Z,2026-08-14T17:20:00Z,Totals (Aces),8,"{'hdp': 19.5, 'over': '3.00'}"
73667538,2026-08-14,ATP,Cincinnati,Bet365,Juncheng Shang,Lorenzo Sonego,match_aces,24.5,5.5000,,2026-08-14T09:30:33Z,2026-08-14T17:20:00Z,Totals (Aces),8,"{'hdp': 24.5, 'over': '5.50'}"
73667538,2026-08-14,ATP,Cincinnati,Bet365,Juncheng Shang,Lorenzo Sonego,match_aces,29.5,11.0000,,2026-08-14T09:30:33Z,2026-08-14T17:20:00Z,Totals (Aces),8,"{'hdp': 29.5, 'over': '11.00'}"
73667538,2026-08-14,ATP,Cincinnati,Bet365,Juncheng Shang,Lorenzo Sonego,match_aces,39.5,26.0000,,2026-08-14T09:30:33Z,2026-08-14T17:20:00Z,Totals (Aces),8,"{'hdp': 39.5, 'over': '26.00'}"
73667552,2026-08-14,ATP,Cincinnati,Bet365,Alex Michelsen,Jesper De Jong,match_double_faults,2.5,1.0100,,2026-08-14T09:30:33Z,2026-08-14T17:20:00Z,Totals (Double Faults),9,"{'hdp': 2.5, 'over': '1.01'}"
73667552,2026-08-14,ATP,Cincinnati,Bet365,Alex Michelsen,Jesper De Jong,match_double_faults,4.5,1.1200,,2026-08-14T09:30:33Z,2026-08-14T17:20:00Z,Totals (Double Faults),9,"{'hdp': 4.5, 'over': '1.12'}"
73667552,2026-08-14,ATP,Cincinnati,Bet365,Alex Michelsen,Jesper De Jong,match_double_faults,7.5,1.7200,,2026-08-14T09:30:33Z,2026-08-14T17:20:00Z,Totals (Double Faults),9,"{'hdp': 7.5, 'over': '1.72'}"
73667552,2026-08-14,ATP,Cincinnati,Bet365,Alex Michelsen,Jesper De Jong,match_double_faults,9.5,2.7500,,2026-08-14T09:30:33Z,2026-08-14T17:20:00Z,Totals (Double Faults),9,"{'hdp': 9.5, 'over': '2.75'}"
73667552,2026-08-14,ATP,Cincinnati,Bet365,Alex Michelsen,Jesper De Jong,match_double_faults,11.5,5.0000,,2026-08-14T09:30:33Z,2026-08-14T17:20:00Z,Totals (Double Faults),9,"{'hdp': 11.5, 'over': '5.00'}"
73667552,2026-08-14,ATP,Cincinnati,Bet365,Alex Michelsen,Jesper De Jong,match_double_faults,14.5,15.0000,,2026-08-14T09:30:33Z,2026-08-14T17:20:00Z,Totals (Double Faults),9,"{'hdp': 14.5, 'over': '15.00'}"
73667552,2026-08-14,ATP,Cincinnati,Bet365,Alex Michelsen,Jesper De Jong,match_double_faults,19.5,26.0000,,2026-08-14T09:30:33Z,2026-08-14T17:20:00Z,Totals (Double Faults),9,"{'hdp': 19.5, 'over': '26.00'}"
73667552,2026-08-14,ATP,Cincinnati,Bet365,Alex Michelsen,Jesper De Jong,aces,2.5,1.0700,,2026-08-14T09:30:33Z,2026-08-14T17:20:00Z,Team Total (Aces) Home,6,"{'hdp': 2.5, 'over': '1.07'}"
73667552,2026-08-14,ATP,Cincinnati,Bet365,Alex Michelsen,Jesper De Jong,aces,4.5,1.2800,,2026-08-14T09:30:33Z,2026-08-14T17:20:00Z,Team Total (Aces) Home,6,"{'hdp': 4.5, 'over': '1.28'}"
73667552,2026-08-14,ATP,Cincinnati,Bet365,Alex Michelsen,Jesper De Jong,aces,9.5,3.4000,,2026-08-14T09:30:33Z,2026-08-14T17:20:00Z,Team Total (Aces) Home,6,"{'hdp': 9.5, 'over': '3.40'}"
73667552,2026-08-14,ATP,Cincinnati,Bet365,Alex Michelsen,Jesper De Jong,aces,14.5,13.0000,,2026-08-14T09:30:33Z,2026-08-14T17:20:00Z,Team Total (Aces) Home,6,"{'hdp': 14.5, 'over': '13.00'}"
73667552,2026-08-14,ATP,Cincinnati,Bet365,Alex Michelsen,Jesper De Jong,aces,19.5,26.0000,,2026-08-14T09:30:33Z,2026-08-14T17:20:00Z,Team Total (Aces) Home,6,"{'hdp': 19.5, 'over': '26.00'}"
73667552,2026-08-14,ATP,Cincinnati,Bet365,Jesper De Jong,Alex Michelsen,double_faults,1.5,1.0400,,2026-08-14T09:30:33Z,2026-08-14T17:20:00Z,Team Total (Double Faults) Away,7,"{'hdp': 1.5, 'over': '1.04'}"
73667552,2026-08-14,ATP,Cincinnati,Bet365,Jesper De Jong,Alex Michelsen,double_faults,2.5,1.1200,,2026-08-14T09:30:33Z,2026-08-14T17:20:00Z,Team Total (Double Faults) Away,7,"{'hdp': 2.5, 'over': '1.12'}"
73667552,2026-08-14,ATP,Cincinnati,Bet365,Jesper De Jong,Alex Michelsen,double_faults,4.5,1.6600,,2026-08-14T09:30:33Z,2026-08-14T17:20:00Z,Team Total (Double Faults) Away,7,"{'hdp': 4.5, 'over': '1.66'}"
73667552,2026-08-14,ATP,Cincinnati,Bet365,Jesper De Jong,Alex Michelsen,double_faults,7.5,5.0000,,2026-08-14T09:30:33Z,2026-08-14T17:20:00Z,Team Total (Double Faults) Away,7,"{'hdp': 7.5, 'over': '5.00'}"
73667552,2026-08-14,ATP,Cincinnati,Bet365,Jesper De Jong,Alex Michelsen,double_faults,9.5,13.0000,,2026-08-14T09:30:33Z,2026-08-14T17:20:00Z,Team Total (Double Faults) Away,7,"{'hdp': 9.5, 'over': '13.00'}"
73667552,2026-08-14,ATP,Cincinnati,Bet365,Jesper De Jong,Alex Michelsen,double_faults,11.5,26.0000,,2026-08-14T09:30:33Z,2026-08-14T17:20:00Z,Team Total (Double Faults) Away,7,"{'hdp': 11.5, 'over': '26.00'}"
73667552,2026-08-14,ATP,Cincinnati,Bet365,Jesper De Jong,Alex Michelsen,aces,2.5,1.0500,,2026-08-14T09:30:33Z,2026-08-14T17:20:00Z,Team Total (Aces) Away,8,"{'hdp': 2.5, 'over': '1.05'}"
73667552,2026-08-14,ATP,Cincinnati,Bet365,Jesper De Jong,Alex Michelsen,aces,4.5,1.1800,,2026-08-14T09:30:33Z,2026-08-14T17:20:00Z,Team Total (Aces) Away,8,"{'hdp': 4.5, 'over': '1.18'}"
73667552,2026-08-14,ATP,Cincinnati,Bet365,Jesper De Jong,Alex Michelsen,aces,9.5,2.0000,,2026-08-14T09:30:33Z,2026-08-14T17:20:00Z,Team Total (Aces) Away,8,"{'hdp': 9.5, 'over': '2.00'}"
73667552,2026-08-14,ATP,Cincinnati,Bet365,Jesper De Jong,Alex Michelsen,aces,14.5,4.3300,,2026-08-14T09:30:33Z,2026-08-14T17:20:00Z,Team Total (Aces) Away,8,"{'hdp': 14.5, 'over': '4.33'}"
73667552,2026-08-14,ATP,Cincinnati,Bet365,Jesper De Jong,Alex Michelsen,aces,19.5,10.0000,,2026-08-14T09:30:33Z,2026-08-14T17:20:00Z,Team Total (Aces) Away,8,"{'hdp': 19.5, 'over': '10.00'}"
73667552,2026-08-14,ATP,Cincinnati,Bet365,Jesper De Jong,Alex Michelsen,aces,24.5,23.0000,,2026-08-14T09:30:33Z,2026-08-14T17:20:00Z,Team Total (Aces) Away,8,"{'hdp': 24.5, 'over': '23.00'}"
73667552,2026-08-14,ATP,Cincinnati,Bet365,Jesper De Jong,Alex Michelsen,aces,29.5,26.0000,,2026-08-14T09:30:33Z,2026-08-14T17:20:00Z,Team Total (Aces) Away,8,"{'hdp': 29.5, 'over': '26.00'}"
73667552,2026-08-14,ATP,Cincinnati,Bet365,Alex Michelsen,Jesper De Jong,double_faults,0.5,1.0700,,2026-08-14T09:30:33Z,2026-08-14T17:20:00Z,Team Total (Double Faults) Home,6,"{'hdp': 0.5, 'over': '1.07'}"
73667552,2026-08-14,ATP,Cincinnati,Bet365,Alex Michelsen,Jesper De Jong,double_faults,1.5,1.3000,,2026-08-14T09:30:33Z,2026-08-14T17:20:00Z,Team Total (Double Faults) Home,6,"{'hdp': 1.5, 'over': '1.30'}"
73667552,2026-08-14,ATP,Cincinnati,Bet365,Alex Michelsen,Jesper De Jong,double_faults,2.5,1.7200,,2026-08-14T09:30:33Z,2026-08-14T17:20:00Z,Team Total (Double Faults) Home,6,"{'hdp': 2.5, 'over': '1.72'}"
73667552,2026-08-14,ATP,Cincinnati,Bet365,Alex Michelsen,Jesper De Jong,double_faults,4.5,4.0000,,2026-08-14T09:30:33Z,2026-08-14T17:20:00Z,Team Total (Double Faults) Home,6,"{'hdp': 4.5, 'over': '4.00'}"
73667552,2026-08-14,ATP,Cincinnati,Bet365,Alex Michelsen,Jesper De Jong,double_faults,7.5,19.0000,,2026-08-14T09:30:33Z,2026-08-14T17:20:00Z,Team Total (Double Faults) Home,6,"{'hdp': 7.5, 'over': '19.00'}"
73667552,2026-08-14,ATP,Cincinnati,Bet365,Alex Michelsen,Jesper De Jong,double_faults,9.5,26.0000,,2026-08-14T09:30:33Z,2026-08-14T17:20:00Z,Team Total (Double Faults) Home,6,"{'hdp': 9.5, 'over': '26.00'}"
73667552,2026-08-14,ATP,Cincinnati,Bet365,Alex Michelsen,Jesper De Jong,match_aces,4.5,1.0100,,2026-08-14T09:30:33Z,2026-08-14T17:20:00Z,Totals (Aces),8,"{'hdp': 4.5, 'over': '1.01'}"
73667552,2026-08-14,ATP,Cincinnati,Bet365,Alex Michelsen,Jesper De Jong,match_aces,9.5,1.1600,,2026-08-14T09:30:33Z,2026-08-14T17:20:00Z,Totals (Aces),8,"{'hdp': 9.5, 'over': '1.16'}"
73667552,2026-08-14,ATP,Cincinnati,Bet365,Alex Michelsen,Jesper De Jong,match_aces,14.5,1.6100,,2026-08-14T09:30:33Z,2026-08-14T17:20:00Z,Totals (Aces),8,"{'hdp': 14.5, 'over': '1.61'}"
73667552,2026-08-14,ATP,Cincinnati,Bet365,Alex Michelsen,Jesper De Jong,match_aces,19.5,2.6200,,2026-08-14T09:30:33Z,2026-08-14T17:20:00Z,Totals (Aces),8,"{'hdp': 19.5, 'over': '2.62'}"
73667552,2026-08-14,ATP,Cincinnati,Bet365,Alex Michelsen,Jesper De Jong,match_aces,24.5,4.5000,,2026-08-14T09:30:33Z,2026-08-14T17:20:00Z,Totals (Aces),8,"{'hdp': 24.5, 'over': '4.50'}"
73667552,2026-08-14,ATP,Cincinnati,Bet365,Alex Michelsen,Jesper De Jong,match_aces,29.5,9.0000,,2026-08-14T09:30:33Z,2026-08-14T17:20:00Z,Totals (Aces),8,"{'hdp': 29.5, 'over': '9.00'}"
73667552,2026-08-14,ATP,Cincinnati,Bet365,Alex Michelsen,Jesper De Jong,match_aces,39.5,26.0000,,2026-08-14T09:30:33Z,2026-08-14T17:20:00Z,Totals (Aces),8,"{'hdp': 39.5, 'over': '26.00'}"
73667550,2026-08-14,ATP,Cincinnati,Bet365,Daniel Merida,Marin Cilic,aces,2.5,1.0600,,2026-08-14T09:30:33Z,2026-08-14T18:30:00Z,Team Total (Aces) Home,6,"{'hdp': 2.5, 'over': '1.06'}"
73667550,2026-08-14,ATP,Cincinnati,Bet365,Daniel Merida,Marin Cilic,aces,4.5,1.2800,,2026-08-14T09:30:33Z,2026-08-14T18:30:00Z,Team Total (Aces) Home,6,"{'hdp': 4.5, 'over': '1.28'}"
73667550,2026-08-14,ATP,Cincinnati,Bet365,Daniel Merida,Marin Cilic,aces,9.5,3.0000,,2026-08-14T09:30:33Z,2026-08-14T18:30:00Z,Team Total (Aces) Home,6,"{'hdp': 9.5, 'over': '3.00'}"
73667550,2026-08-14,ATP,Cincinnati,Bet365,Daniel Merida,Marin Cilic,aces,14.5,10.0000,,2026-08-14T09:30:33Z,2026-08-14T18:30:00Z,Team Total (Aces) Home,6,"{'hdp': 14.5, 'over': '10.00'}"
73667550,2026-08-14,ATP,Cincinnati,Bet365,Daniel Merida,Marin Cilic,aces,19.5,26.0000,,2026-08-14T09:30:33Z,2026-08-14T18:30:00Z,Team Total (Aces) Home,6,"{'hdp': 19.5, 'over': '26.00'}"
73667550,2026-08-14,ATP,Cincinnati,Bet365,Marin Cilic,Daniel Merida,double_faults,0.5,1.0100,,2026-08-14T09:30:33Z,2026-08-14T18:30:00Z,Team Total (Double Faults) Away,7,"{'hdp': 0.5, 'over': '1.01'}"
73667550,2026-08-14,ATP,Cincinnati,Bet365,Marin Cilic,Daniel Merida,double_faults,1.5,1.0800,,2026-08-14T09:30:33Z,2026-08-14T18:30:00Z,Team Total (Double Faults) Away,7,"{'hdp': 1.5, 'over': '1.08'}"
73667550,2026-08-14,ATP,Cincinnati,Bet365,Marin Cilic,Daniel Merida,double_faults,2.5,1.2500,,2026-08-14T09:30:33Z,2026-08-14T18:30:00Z,Team Total (Double Faults) Away,7,"{'hdp': 2.5, 'over': '1.25'}"
73667550,2026-08-14,ATP,Cincinnati,Bet365,Marin Cilic,Daniel Merida,double_faults,4.5,2.1000,,2026-08-14T09:30:33Z,2026-08-14T18:30:00Z,Team Total (Double Faults) Away,7,"{'hdp': 4.5, 'over': '2.10'}"
73667550,2026-08-14,ATP,Cincinnati,Bet365,Marin Cilic,Daniel Merida,double_faults,7.5,7.0000,,2026-08-14T09:30:33Z,2026-08-14T18:30:00Z,Team Total (Double Faults) Away,7,"{'hdp': 7.5, 'over': '7.00'}"
73667550,2026-08-14,ATP,Cincinnati,Bet365,Marin Cilic,Daniel Merida,double_faults,9.5,19.0000,,2026-08-14T09:30:33Z,2026-08-14T18:30:00Z,Team Total (Double Faults) Away,7,"{'hdp': 9.5, 'over': '19.00'}"
73667550,2026-08-14,ATP,Cincinnati,Bet365,Marin Cilic,Daniel Merida,double_faults,11.5,26.0000,,2026-08-14T09:30:33Z,2026-08-14T18:30:00Z,Team Total (Double Faults) Away,7,"{'hdp': 11.5, 'over': '26.00'}"
73667550,2026-08-14,ATP,Cincinnati,Bet365,Daniel Merida,Marin Cilic,double_faults,0.5,1.0300,,2026-08-14T09:30:33Z,2026-08-14T18:30:00Z,Team Total (Double Faults) Home,6,"{'hdp': 0.5, 'over': '1.03'}"
73667550,2026-08-14,ATP,Cincinnati,Bet365,Daniel Merida,Marin Cilic,double_faults,1.5,1.1600,,2026-08-14T09:30:33Z,2026-08-14T18:30:00Z,Team Total (Double Faults) Home,6,"{'hdp': 1.5, 'over': '1.16'}"
73667550,2026-08-14,ATP,Cincinnati,Bet365,Daniel Merida,Marin Cilic,double_faults,2.5,1.4400,,2026-08-14T09:30:33Z,2026-08-14T18:30:00Z,Team Total (Double Faults) Home,6,"{'hdp': 2.5, 'over': '1.44'}"
73667550,2026-08-14,ATP,Cincinnati,Bet365,Daniel Merida,Marin Cilic,double_faults,4.5,3.0000,,2026-08-14T09:30:33Z,2026-08-14T18:30:00Z,Team Total (Double Faults) Home,6,"{'hdp': 4.5, 'over': '3.00'}"
73667550,2026-08-14,ATP,Cincinnati,Bet365,Daniel Merida,Marin Cilic,double_faults,7.5,15.0000,,2026-08-14T09:30:33Z,2026-08-14T18:30:00Z,Team Total (Double Faults) Home,6,"{'hdp': 7.5, 'over': '15.00'}"
73667550,2026-08-14,ATP,Cincinnati,Bet365,Daniel Merida,Marin Cilic,double_faults,9.5,26.0000,,2026-08-14T09:30:33Z,2026-08-14T18:30:00Z,Team Total (Double Faults) Home,6,"{'hdp': 9.5, 'over': '26.00'}"
73667550,2026-08-14,ATP,Cincinnati,Bet365,Marin Cilic,Daniel Merida,aces,2.5,1.0400,,2026-08-14T09:30:33Z,2026-08-14T18:30:00Z,Team Total (Aces) Away,7,"{'hdp': 2.5, 'over': '1.04'}"
73667550,2026-08-14,ATP,Cincinnati,Bet365,Marin Cilic,Daniel Merida,aces,4.5,1.1800,,2026-08-14T09:30:33Z,2026-08-14T18:30:00Z,Team Total (Aces) Away,7,"{'hdp': 4.5, 'over': '1.18'}"
73667550,2026-08-14,ATP,Cincinnati,Bet365,Marin Cilic,Daniel Merida,aces,9.5,2.2500,,2026-08-14T09:30:33Z,2026-08-14T18:30:00Z,Team Total (Aces) Away,7,"{'hdp': 9.5, 'over': '2.25'}"
73667550,2026-08-14,ATP,Cincinnati,Bet365,Marin Cilic,Daniel Merida,aces,14.5,6.0000,,2026-08-14T09:30:33Z,2026-08-14T18:30:00Z,Team Total (Aces) Away,7,"{'hdp': 14.5, 'over': '6.00'}"
73667550,2026-08-14,ATP,Cincinnati,Bet365,Marin Cilic,Daniel Merida,aces,19.5,17.0000,,2026-08-14T09:30:33Z,2026-08-14T18:30:00Z,Team Total (Aces) Away,7,"{'hdp': 19.5, 'over': '17.00'}"
73667550,2026-08-14,ATP,Cincinnati,Bet365,Marin Cilic,Daniel Merida,aces,24.5,26.0000,,2026-08-14T09:30:33Z,2026-08-14T18:30:00Z,Team Total (Aces) Away,7,"{'hdp': 24.5, 'over': '26.00'}"
73667550,2026-08-14,ATP,Cincinnati,Bet365,Daniel Merida,Marin Cilic,match_aces,4.5,1.0100,,2026-08-14T09:30:33Z,2026-08-14T18:30:00Z,Totals (Aces),8,"{'hdp': 4.5, 'over': '1.01'}"
73667550,2026-08-14,ATP,Cincinnati,Bet365,Daniel Merida,Marin Cilic,match_aces,9.5,1.1600,,2026-08-14T09:30:33Z,2026-08-14T18:30:00Z,Totals (Aces),8,"{'hdp': 9.5, 'over': '1.16'}"
73667550,2026-08-14,ATP,Cincinnati,Bet365,Daniel Merida,Marin Cilic,match_aces,14.5,1.6100,,2026-08-14T09:30:33Z,2026-08-14T18:30:00Z,Totals (Aces),8,"{'hdp': 14.5, 'over': '1.61'}"
73667550,2026-08-14,ATP,Cincinnati,Bet365,Daniel Merida,Marin Cilic,match_aces,19.5,2.7500,,2026-08-14T09:30:33Z,2026-08-14T18:30:00Z,Totals (Aces),8,"{'hdp': 19.5, 'over': '2.75'}"
73667550,2026-08-14,ATP,Cincinnati,Bet365,Daniel Merida,Marin Cilic,match_aces,24.5,5.5000,,2026-08-14T09:30:33Z,2026-08-14T18:30:00Z,Totals (Aces),8,"{'hdp': 24.5, 'over': '5.50'}"
73667550,2026-08-14,ATP,Cincinnati,Bet365,Daniel Merida,Marin Cilic,match_aces,29.5,11.0000,,2026-08-14T09:30:33Z,2026-08-14T18:30:00Z,Totals (Aces),8,"{'hdp': 29.5, 'over': '11.00'}"
73667550,2026-08-14,ATP,Cincinnati,Bet365,Daniel Merida,Marin Cilic,match_aces,39.5,26.0000,,2026-08-14T09:30:33Z,2026-08-14T18:30:00Z,Totals (Aces),8,"{'hdp': 39.5, 'over': '26.00'}"
73667550,2026-08-14,ATP,Cincinnati,Bet365,Daniel Merida,Marin Cilic,match_double_faults,2.5,1.0100,,2026-08-14T09:30:33Z,2026-08-14T18:30:00Z,Totals (Double Faults),9,"{'hdp': 2.5, 'over': '1.01'}"
73667550,2026-08-14,ATP,Cincinnati,Bet365,Daniel Merida,Marin Cilic,match_double_faults,4.5,1.1200,,2026-08-14T09:30:33Z,2026-08-14T18:30:00Z,Totals (Double Faults),9,"{'hdp': 4.5, 'over': '1.12'}"
73667550,2026-08-14,ATP,Cincinnati,Bet365,Daniel Merida,Marin Cilic,match_double_faults,7.5,1.8000,,2026-08-14T09:30:33Z,2026-08-14T18:30:00Z,Totals (Double Faults),9,"{'hdp': 7.5, 'over': '1.80'}"
73667550,2026-08-14,ATP,Cincinnati,Bet365,Daniel Merida,Marin Cilic,match_double_faults,9.5,3.0000,,2026-08-14T09:30:33Z,2026-08-14T18:30:00Z,Totals (Double Faults),9,"{'hdp': 9.5, 'over': '3.00'}"
73667550,2026-08-14,ATP,Cincinnati,Bet365,Daniel Merida,Marin Cilic,match_double_faults,11.5,5.5000,,2026-08-14T09:30:33Z,2026-08-14T18:30:00Z,Totals (Double Faults),9,"{'hdp': 11.5, 'over': '5.50'}"
73667550,2026-08-14,ATP,Cincinnati,Bet365,Daniel Merida,Marin Cilic,match_double_faults,14.5,17.0000,,2026-08-14T09:30:33Z,2026-08-14T18:30:00Z,Totals (Double Faults),9,"{'hdp': 14.5, 'over': '17.00'}"
73667550,2026-08-14,ATP,Cincinnati,Bet365,Daniel Merida,Marin Cilic,match_double_faults,19.5,26.0000,,2026-08-14T09:30:33Z,2026-08-14T18:30:00Z,Totals (Double Faults),9,"{'hdp': 19.5, 'over': '26.00'}"
73721788,2026-08-14,ATP,Cincinnati,Bet365,Hamad Medjedovic,Marco Trungelliti,match_double_faults,4.5,1.0500,,2026-08-14T09:30:33Z,2026-08-14T18:30:00Z,Totals (Double Faults),8,"{'hdp': 4.5, 'over': '1.05'}"
73721788,2026-08-14,ATP,Cincinnati,Bet365,Hamad Medjedovic,Marco Trungelliti,match_double_faults,7.5,1.3300,,2026-08-14T09:30:33Z,2026-08-14T18:30:00Z,Totals (Double Faults),8,"{'hdp': 7.5, 'over': '1.33'}"
73721788,2026-08-14,ATP,Cincinnati,Bet365,Hamad Medjedovic,Marco Trungelliti,match_double_faults,9.5,1.8000,,2026-08-14T09:30:33Z,2026-08-14T18:30:00Z,Totals (Double Faults),8,"{'hdp': 9.5, 'over': '1.80'}"
73721788,2026-08-14,ATP,Cincinnati,Bet365,Hamad Medjedovic,Marco Trungelliti,match_double_faults,14.5,6.0000,,2026-08-14T09:30:33Z,2026-08-14T18:30:00Z,Totals (Double Faults),8,"{'hdp': 14.5, 'over': '6.00'}"
73721788,2026-08-14,ATP,Cincinnati,Bet365,Hamad Medjedovic,Marco Trungelliti,match_double_faults,19.5,26.0000,,2026-08-14T09:30:33Z,2026-08-14T18:30:00Z,Totals (Double Faults),8,"{'hdp': 19.5, 'over': '26.00'}"
73721788,2026-08-14,ATP,Cincinnati,Bet365,Hamad Medjedovic,Marco Trungelliti,match_double_faults,11.5,2.7500,,2026-08-14T09:30:33Z,2026-08-14T18:30:00Z,Totals (Double Faults),8,"{'hdp': 11.5, 'over': '2.75'}"
73721788,2026-08-14,ATP,Cincinnati,Bet365,Hamad Medjedovic,Marco Trungelliti,double_faults,0.5,1.0100,,2026-08-14T09:30:33Z,2026-08-14T18:30:00Z,Team Total (Double Faults) Home,7,"{'hdp': 0.5, 'over': '1.01'}"
73721788,2026-08-14,ATP,Cincinnati,Bet365,Hamad Medjedovic,Marco Trungelliti,double_faults,1.5,1.1000,,2026-08-14T09:30:33Z,2026-08-14T18:30:00Z,Team Total (Double Faults) Home,7,"{'hdp': 1.5, 'over': '1.10'}"
73721788,2026-08-14,ATP,Cincinnati,Bet365,Hamad Medjedovic,Marco Trungelliti,double_faults,2.5,1.2800,,2026-08-14T09:30:33Z,2026-08-14T18:30:00Z,Team Total (Double Faults) Home,7,"{'hdp': 2.5, 'over': '1.28'}"
73721788,2026-08-14,ATP,Cincinnati,Bet365,Hamad Medjedovic,Marco Trungelliti,double_faults,4.5,2.1000,,2026-08-14T09:30:33Z,2026-08-14T18:30:00Z,Team Total (Double Faults) Home,7,"{'hdp': 4.5, 'over': '2.10'}"
73721788,2026-08-14,ATP,Cincinnati,Bet365,Hamad Medjedovic,Marco Trungelliti,double_faults,7.5,6.5000,,2026-08-14T09:30:33Z,2026-08-14T18:30:00Z,Team Total (Double Faults) Home,7,"{'hdp': 7.5, 'over': '6.50'}"
73721788,2026-08-14,ATP,Cincinnati,Bet365,Hamad Medjedovic,Marco Trungelliti,double_faults,9.5,15.0000,,2026-08-14T09:30:33Z,2026-08-14T18:30:00Z,Team Total (Double Faults) Home,7,"{'hdp': 9.5, 'over': '15.00'}"
73721788,2026-08-14,ATP,Cincinnati,Bet365,Hamad Medjedovic,Marco Trungelliti,double_faults,11.5,26.0000,,2026-08-14T09:30:33Z,2026-08-14T18:30:00Z,Team Total (Double Faults) Home,7,"{'hdp': 11.5, 'over': '26.00'}"
73721788,2026-08-14,ATP,Cincinnati,Bet365,Hamad Medjedovic,Marco Trungelliti,match_aces,4.5,1.0100,,2026-08-14T09:30:33Z,2026-08-14T18:30:00Z,Totals (Aces),8,"{'hdp': 4.5, 'over': '1.01'}"
73721788,2026-08-14,ATP,Cincinnati,Bet365,Hamad Medjedovic,Marco Trungelliti,match_aces,9.5,1.1400,,2026-08-14T09:30:33Z,2026-08-14T18:30:00Z,Totals (Aces),8,"{'hdp': 9.5, 'over': '1.14'}"
73721788,2026-08-14,ATP,Cincinnati,Bet365,Hamad Medjedovic,Marco Trungelliti,match_aces,14.5,1.5700,,2026-08-14T09:30:33Z,2026-08-14T18:30:00Z,Totals (Aces),8,"{'hdp': 14.5, 'over': '1.57'}"
73721788,2026-08-14,ATP,Cincinnati,Bet365,Hamad Medjedovic,Marco Trungelliti,match_aces,19.5,2.6200,,2026-08-14T09:30:33Z,2026-08-14T18:30:00Z,Totals (Aces),8,"{'hdp': 19.5, 'over': '2.62'}"
73721788,2026-08-14,ATP,Cincinnati,Bet365,Hamad Medjedovic,Marco Trungelliti,match_aces,24.5,4.5000,,2026-08-14T09:30:33Z,2026-08-14T18:30:00Z,Totals (Aces),8,"{'hdp': 24.5, 'over': '4.50'}"
73721788,2026-08-14,ATP,Cincinnati,Bet365,Hamad Medjedovic,Marco Trungelliti,match_aces,29.5,10.0000,,2026-08-14T09:30:33Z,2026-08-14T18:30:00Z,Totals (Aces),8,"{'hdp': 29.5, 'over': '10.00'}"
73721788,2026-08-14,ATP,Cincinnati,Bet365,Hamad Medjedovic,Marco Trungelliti,match_aces,39.5,26.0000,,2026-08-14T09:30:33Z,2026-08-14T18:30:00Z,Totals (Aces),8,"{'hdp': 39.5, 'over': '26.00'}"
73721788,2026-08-14,ATP,Cincinnati,Bet365,Hamad Medjedovic,Marco Trungelliti,aces,2.5,1.0300,,2026-08-14T09:30:33Z,2026-08-14T18:30:00Z,Team Total (Aces) Home,7,"{'hdp': 2.5, 'over': '1.03'}"
73721788,2026-08-14,ATP,Cincinnati,Bet365,Hamad Medjedovic,Marco Trungelliti,aces,4.5,1.1400,,2026-08-14T09:30:33Z,2026-08-14T18:30:00Z,Team Total (Aces) Home,7,"{'hdp': 4.5, 'over': '1.14'}"
73721788,2026-08-14,ATP,Cincinnati,Bet365,Hamad Medjedovic,Marco Trungelliti,aces,9.5,2.1000,,2026-08-14T09:30:33Z,2026-08-14T18:30:00Z,Team Total (Aces) Home,7,"{'hdp': 9.5, 'over': '2.10'}"
73721788,2026-08-14,ATP,Cincinnati,Bet365,Hamad Medjedovic,Marco Trungelliti,aces,14.5,5.5000,,2026-08-14T09:30:33Z,2026-08-14T18:30:00Z,Team Total (Aces) Home,7,"{'hdp': 14.5, 'over': '5.50'}"
73721788,2026-08-14,ATP,Cincinnati,Bet365,Hamad Medjedovic,Marco Trungelliti,aces,19.5,15.0000,,2026-08-14T09:30:33Z,2026-08-14T18:30:00Z,Team Total (Aces) Home,7,"{'hdp': 19.5, 'over': '15.00'}"
73721788,2026-08-14,ATP,Cincinnati,Bet365,Hamad Medjedovic,Marco Trungelliti,aces,24.5,26.0000,,2026-08-14T09:30:33Z,2026-08-14T18:30:00Z,Team Total (Aces) Home,7,"{'hdp': 24.5, 'over': '26.00'}"
73721788,2026-08-14,ATP,Cincinnati,Bet365,Marco Trungelliti,Hamad Medjedovic,aces,2.5,1.0800,,2026-08-14T09:30:33Z,2026-08-14T18:30:00Z,Team Total (Aces) Away,6,"{'hdp': 2.5, 'over': '1.08'}"
73721788,2026-08-14,ATP,Cincinnati,Bet365,Marco Trungelliti,Hamad Medjedovic,aces,4.5,1.2800,,2026-08-14T09:30:33Z,2026-08-14T18:30:00Z,Team Total (Aces) Away,6,"{'hdp': 4.5, 'over': '1.28'}"
73721788,2026-08-14,ATP,Cincinnati,Bet365,Marco Trungelliti,Hamad Medjedovic,aces,9.5,3.0000,,2026-08-14T09:30:33Z,2026-08-14T18:30:00Z,Team Total (Aces) Away,6,"{'hdp': 9.5, 'over': '3.00'}"
73721788,2026-08-14,ATP,Cincinnati,Bet365,Marco Trungelliti,Hamad Medjedovic,aces,14.5,9.0000,,2026-08-14T09:30:33Z,2026-08-14T18:30:00Z,Team Total (Aces) Away,6,"{'hdp': 14.5, 'over': '9.00'}"
73721788,2026-08-14,ATP,Cincinnati,Bet365,Marco Trungelliti,Hamad Medjedovic,aces,19.5,26.0000,,2026-08-14T09:30:33Z,2026-08-14T18:30:00Z,Team Total (Aces) Away,6,"{'hdp': 19.5, 'over': '26.00'}"
73721788,2026-08-14,ATP,Cincinnati,Bet365,Marco Trungelliti,Hamad Medjedovic,double_faults,1.5,1.0300,,2026-08-14T09:30:33Z,2026-08-14T18:30:00Z,Team Total (Double Faults) Away,8,"{'hdp': 1.5, 'over': '1.03'}"
73721788,2026-08-14,ATP,Cincinnati,Bet365,Marco Trungelliti,Hamad Medjedovic,double_faults,4.5,1.5300,,2026-08-14T09:30:33Z,2026-08-14T18:30:00Z,Team Total (Double Faults) Away,8,"{'hdp': 4.5, 'over': '1.53'}"
73721788,2026-08-14,ATP,Cincinnati,Bet365,Marco Trungelliti,Hamad Medjedovic,double_faults,7.5,3.7500,,2026-08-14T09:30:33Z,2026-08-14T18:30:00Z,Team Total (Double Faults) Away,8,"{'hdp': 7.5, 'over': '3.75'}"
73721788,2026-08-14,ATP,Cincinnati,Bet365,Marco Trungelliti,Hamad Medjedovic,double_faults,9.5,9.0000,,2026-08-14T09:30:33Z,2026-08-14T18:30:00Z,Team Total (Double Faults) Away,8,"{'hdp': 9.5, 'over': '9.00'}"
73721788,2026-08-14,ATP,Cincinnati,Bet365,Marco Trungelliti,Hamad Medjedovic,double_faults,14.5,26.0000,,2026-08-14T09:30:33Z,2026-08-14T18:30:00Z,Team Total (Double Faults) Away,8,"{'hdp': 14.5, 'over': '26.00'}"
73721788,2026-08-14,ATP,Cincinnati,Bet365,Marco Trungelliti,Hamad Medjedovic,double_faults,2.5,1.1100,,2026-08-14T09:30:33Z,2026-08-14T18:30:00Z,Team Total (Double Faults) Away,8,"{'hdp': 2.5, 'over': '1.11'}"
73721788,2026-08-14,ATP,Cincinnati,Bet365,Marco Trungelliti,Hamad Medjedovic,double_faults,11.5,21.0000,,2026-08-14T09:30:33Z,2026-08-14T18:30:00Z,Team Total (Double Faults) Away,8,"{'hdp': 11.5, 'over': '21.00'}"
73721782,2026-08-14,ATP,Cincinnati,Bet365,Michael Zheng,Fabian Marozsan,aces,2.5,1.1100,,2026-08-14T09:30:33Z,2026-08-14T18:30:00Z,Team Total (Aces) Away,6,"{'hdp': 2.5, 'over': '1.11'}"
73721782,2026-08-14,ATP,Cincinnati,Bet365,Michael Zheng,Fabian Marozsan,aces,4.5,1.4000,,2026-08-14T09:30:33Z,2026-08-14T18:30:00Z,Team Total (Aces) Away,6,"{'hdp': 4.5, 'over': '1.40'}"
73721782,2026-08-14,ATP,Cincinnati,Bet365,Michael Zheng,Fabian Marozsan,aces,9.5,4.0000,,2026-08-14T09:30:33Z,2026-08-14T18:30:00Z,Team Total (Aces) Away,6,"{'hdp': 9.5, 'over': '4.00'}"
73721782,2026-08-14,ATP,Cincinnati,Bet365,Michael Zheng,Fabian Marozsan,aces,14.5,17.0000,,2026-08-14T09:30:33Z,2026-08-14T18:30:00Z,Team Total (Aces) Away,6,"{'hdp': 14.5, 'over': '17.00'}"
73721782,2026-08-14,ATP,Cincinnati,Bet365,Michael Zheng,Fabian Marozsan,aces,19.5,26.0000,,2026-08-14T09:30:33Z,2026-08-14T18:30:00Z,Team Total (Aces) Away,6,"{'hdp': 19.5, 'over': '26.00'}"
73721782,2026-08-14,ATP,Cincinnati,Bet365,Fabian Marozsan,Michael Zheng,match_aces,2.5,1.0100,,2026-08-14T09:30:33Z,2026-08-14T18:30:00Z,Totals (Aces),8,"{'hdp': 2.5, 'over': '1.01'}"
73721782,2026-08-14,ATP,Cincinnati,Bet365,Fabian Marozsan,Michael Zheng,match_aces,4.5,1.0600,,2026-08-14T09:30:33Z,2026-08-14T18:30:00Z,Totals (Aces),8,"{'hdp': 4.5, 'over': '1.06'}"
73721782,2026-08-14,ATP,Cincinnati,Bet365,Fabian Marozsan,Michael Zheng,match_aces,9.5,1.5700,,2026-08-14T09:30:33Z,2026-08-14T18:30:00Z,Totals (Aces),8,"{'hdp': 9.5, 'over': '1.57'}"
73721782,2026-08-14,ATP,Cincinnati,Bet365,Fabian Marozsan,Michael Zheng,match_aces,14.5,3.2500,,2026-08-14T09:30:33Z,2026-08-14T18:30:00Z,Totals (Aces),8,"{'hdp': 14.5, 'over': '3.25'}"
73721782,2026-08-14,ATP,Cincinnati,Bet365,Fabian Marozsan,Michael Zheng,match_aces,19.5,8.0000,,2026-08-14T09:30:33Z,2026-08-14T18:30:00Z,Totals (Aces),8,"{'hdp': 19.5, 'over': '8.00'}"
73721782,2026-08-14,ATP,Cincinnati,Bet365,Fabian Marozsan,Michael Zheng,match_aces,24.5,21.0000,,2026-08-14T09:30:33Z,2026-08-14T18:30:00Z,Totals (Aces),8,"{'hdp': 24.5, 'over': '21.00'}"
73721782,2026-08-14,ATP,Cincinnati,Bet365,Fabian Marozsan,Michael Zheng,match_aces,29.5,26.0000,,2026-08-14T09:30:33Z,2026-08-14T18:30:00Z,Totals (Aces),8,"{'hdp': 29.5, 'over': '26.00'}"
73721782,2026-08-14,ATP,Cincinnati,Bet365,Fabian Marozsan,Michael Zheng,aces,0.5,1.0100,,2026-08-14T09:30:33Z,2026-08-14T18:30:00Z,Team Total (Aces) Home,5,"{'hdp': 0.5, 'over': '1.01'}"
73721782,2026-08-14,ATP,Cincinnati,Bet365,Fabian Marozsan,Michael Zheng,aces,2.5,1.2200,,2026-08-14T09:30:33Z,2026-08-14T18:30:00Z,Team Total (Aces) Home,5,"{'hdp': 2.5, 'over': '1.22'}"
73721782,2026-08-14,ATP,Cincinnati,Bet365,Fabian Marozsan,Michael Zheng,aces,4.5,1.8300,,2026-08-14T09:30:33Z,2026-08-14T18:30:00Z,Team Total (Aces) Home,5,"{'hdp': 4.5, 'over': '1.83'}"
73721782,2026-08-14,ATP,Cincinnati,Bet365,Fabian Marozsan,Michael Zheng,aces,9.5,10.0000,,2026-08-14T09:30:33Z,2026-08-14T18:30:00Z,Team Total (Aces) Home,5,"{'hdp': 9.5, 'over': '10.00'}"
73721782,2026-08-14,ATP,Cincinnati,Bet365,Fabian Marozsan,Michael Zheng,aces,14.5,26.0000,,2026-08-14T09:30:33Z,2026-08-14T18:30:00Z,Team Total (Aces) Home,5,"{'hdp': 14.5, 'over': '26.00'}"
73721784,2026-08-14,ATP,Cincinnati,Bet365,Nicolas Mejia,Adam Walton,aces,2.5,1.1200,,2026-08-14T09:30:33Z,2026-08-14T18:30:00Z,Team Total (Aces) Away,6,"{'hdp': 2.5, 'over': '1.12'}"
73721784,2026-08-14,ATP,Cincinnati,Bet365,Nicolas Mejia,Adam Walton,aces,4.5,1.4400,,2026-08-14T09:30:33Z,2026-08-14T18:30:00Z,Team Total (Aces) Away,6,"{'hdp': 4.5, 'over': '1.44'}"
73721784,2026-08-14,ATP,Cincinnati,Bet365,Nicolas Mejia,Adam Walton,aces,9.5,4.3300,,2026-08-14T09:30:33Z,2026-08-14T18:30:00Z,Team Total (Aces) Away,6,"{'hdp': 9.5, 'over': '4.33'}"
73721784,2026-08-14,ATP,Cincinnati,Bet365,Nicolas Mejia,Adam Walton,aces,19.5,26.0000,,2026-08-14T09:30:33Z,2026-08-14T18:30:00Z,Team Total (Aces) Away,6,"{'hdp': 19.5, 'over': '26.00'}"
73721784,2026-08-14,ATP,Cincinnati,Bet365,Nicolas Mejia,Adam Walton,aces,14.5,17.0000,,2026-08-14T09:30:33Z,2026-08-14T18:30:00Z,Team Total (Aces) Away,6,"{'hdp': 14.5, 'over': '17.00'}"
73721784,2026-08-14,ATP,Cincinnati,Bet365,Adam Walton,Nicolas Mejia,aces,2.5,1.0600,,2026-08-14T09:30:33Z,2026-08-14T18:30:00Z,Team Total (Aces) Home,6,"{'hdp': 2.5, 'over': '1.06'}"
73721784,2026-08-14,ATP,Cincinnati,Bet365,Adam Walton,Nicolas Mejia,aces,4.5,1.2500,,2026-08-14T09:30:33Z,2026-08-14T18:30:00Z,Team Total (Aces) Home,6,"{'hdp': 4.5, 'over': '1.25'}"
73721784,2026-08-14,ATP,Cincinnati,Bet365,Adam Walton,Nicolas Mejia,aces,9.5,3.0000,,2026-08-14T09:30:33Z,2026-08-14T18:30:00Z,Team Total (Aces) Home,6,"{'hdp': 9.5, 'over': '3.00'}"
73721784,2026-08-14,ATP,Cincinnati,Bet365,Adam Walton,Nicolas Mejia,aces,14.5,10.0000,,2026-08-14T09:30:33Z,2026-08-14T18:30:00Z,Team Total (Aces) Home,6,"{'hdp': 14.5, 'over': '10.00'}"
73721784,2026-08-14,ATP,Cincinnati,Bet365,Adam Walton,Nicolas Mejia,aces,19.5,26.0000,,2026-08-14T09:30:33Z,2026-08-14T18:30:00Z,Team Total (Aces) Home,6,"{'hdp': 19.5, 'over': '26.00'}"
73721784,2026-08-14,ATP,Cincinnati,Bet365,Adam Walton,Nicolas Mejia,match_aces,9.5,1.3000,,2026-08-14T09:30:33Z,2026-08-14T18:30:00Z,Totals (Aces),8,"{'hdp': 9.5, 'over': '1.30'}"
73721784,2026-08-14,ATP,Cincinnati,Bet365,Adam Walton,Nicolas Mejia,match_aces,14.5,2.1000,,2026-08-14T09:30:33Z,2026-08-14T18:30:00Z,Totals (Aces),8,"{'hdp': 14.5, 'over': '2.10'}"
73721784,2026-08-14,ATP,Cincinnati,Bet365,Adam Walton,Nicolas Mejia,match_aces,19.5,4.0000,,2026-08-14T09:30:33Z,2026-08-14T18:30:00Z,Totals (Aces),8,"{'hdp': 19.5, 'over': '4.00'}"
73721784,2026-08-14,ATP,Cincinnati,Bet365,Adam Walton,Nicolas Mejia,match_aces,39.5,26.0000,,2026-08-14T09:30:33Z,2026-08-14T18:30:00Z,Totals (Aces),8,"{'hdp': 39.5, 'over': '26.00'}"
73721784,2026-08-14,ATP,Cincinnati,Bet365,Adam Walton,Nicolas Mejia,match_aces,4.5,1.0200,,2026-08-14T09:30:33Z,2026-08-14T18:30:00Z,Totals (Aces),8,"{'hdp': 4.5, 'over': '1.02'}"
73721784,2026-08-14,ATP,Cincinnati,Bet365,Adam Walton,Nicolas Mejia,match_aces,24.5,9.0000,,2026-08-14T09:30:33Z,2026-08-14T18:30:00Z,Totals (Aces),8,"{'hdp': 24.5, 'over': '9.00'}"
73721784,2026-08-14,ATP,Cincinnati,Bet365,Adam Walton,Nicolas Mejia,match_aces,29.5,19.0000,,2026-08-14T09:30:33Z,2026-08-14T18:30:00Z,Totals (Aces),8,"{'hdp': 29.5, 'over': '19.00'}"
73722010,2026-08-14,WTA,Cincinnati,Bet365,Sinja Kraus,Sloane Stephens,aces,0.5,1.0500,,2026-08-14T09:30:33Z,2026-08-14T23:00:00Z,Team Total (Aces) Away,4,"{'hdp': 0.5, 'over': '1.05'}"
73722010,2026-08-14,WTA,Cincinnati,Bet365,Sinja Kraus,Sloane Stephens,aces,2.5,1.5700,,2026-08-14T09:30:33Z,2026-08-14T23:00:00Z,Team Total (Aces) Away,4,"{'hdp': 2.5, 'over': '1.57'}"
73722010,2026-08-14,WTA,Cincinnati,Bet365,Sinja Kraus,Sloane Stephens,aces,4.5,3.4000,,2026-08-14T09:30:33Z,2026-08-14T23:00:00Z,Team Total (Aces) Away,4,"{'hdp': 4.5, 'over': '3.40'}"
73722010,2026-08-14,WTA,Cincinnati,Bet365,Sinja Kraus,Sloane Stephens,aces,9.5,26.0000,,2026-08-14T09:30:33Z,2026-08-14T23:00:00Z,Team Total (Aces) Away,4,"{'hdp': 9.5, 'over': '26.00'}"
73722010,2026-08-14,WTA,Cincinnati,Bet365,Sinja Kraus,Sloane Stephens,double_faults,0.5,1.0100,,2026-08-14T09:30:33Z,2026-08-14T23:00:00Z,Team Total (Double Faults) Away,7,"{'hdp': 0.5, 'over': '1.01'}"
73722010,2026-08-14,WTA,Cincinnati,Bet365,Sinja Kraus,Sloane Stephens,double_faults,1.5,1.1000,,2026-08-14T09:30:33Z,2026-08-14T23:00:00Z,Team Total (Double Faults) Away,7,"{'hdp': 1.5, 'over': '1.10'}"
73722010,2026-08-14,WTA,Cincinnati,Bet365,Sinja Kraus,Sloane Stephens,double_faults,2.5,1.2800,,2026-08-14T09:30:33Z,2026-08-14T23:00:00Z,Team Total (Double Faults) Away,7,"{'hdp': 2.5, 'over': '1.28'}"
73722010,2026-08-14,WTA,Cincinnati,Bet365,Sinja Kraus,Sloane Stephens,double_faults,4.5,2.2000,,2026-08-14T09:30:33Z,2026-08-14T23:00:00Z,Team Total (Double Faults) Away,7,"{'hdp': 4.5, 'over': '2.20'}"
73722010,2026-08-14,WTA,Cincinnati,Bet365,Sinja Kraus,Sloane Stephens,double_faults,7.5,8.0000,,2026-08-14T09:30:33Z,2026-08-14T23:00:00Z,Team Total (Double Faults) Away,7,"{'hdp': 7.5, 'over': '8.00'}"
73722010,2026-08-14,WTA,Cincinnati,Bet365,Sinja Kraus,Sloane Stephens,double_faults,9.5,19.0000,,2026-08-14T09:30:33Z,2026-08-14T23:00:00Z,Team Total (Double Faults) Away,7,"{'hdp': 9.5, 'over': '19.00'}"
73722010,2026-08-14,WTA,Cincinnati,Bet365,Sinja Kraus,Sloane Stephens,double_faults,11.5,26.0000,,2026-08-14T09:30:33Z,2026-08-14T23:00:00Z,Team Total (Double Faults) Away,7,"{'hdp': 11.5, 'over': '26.00'}"
73722010,2026-08-14,WTA,Cincinnati,Bet365,Sloane Stephens,Sinja Kraus,double_faults,0.5,1.0100,,2026-08-14T09:30:33Z,2026-08-14T23:00:00Z,Team Total (Double Faults) Home,7,"{'hdp': 0.5, 'over': '1.01'}"
73722010,2026-08-14,WTA,Cincinnati,Bet365,Sloane Stephens,Sinja Kraus,double_faults,1.5,1.1000,,2026-08-14T09:30:33Z,2026-08-14T23:00:00Z,Team Total (Double Faults) Home,7,"{'hdp': 1.5, 'over': '1.10'}"
73722010,2026-08-14,WTA,Cincinnati,Bet365,Sloane Stephens,Sinja Kraus,double_faults,2.5,1.3000,,2026-08-14T09:30:33Z,2026-08-14T23:00:00Z,Team Total (Double Faults) Home,7,"{'hdp': 2.5, 'over': '1.30'}"
73722010,2026-08-14,WTA,Cincinnati,Bet365,Sloane Stephens,Sinja Kraus,double_faults,4.5,2.3700,,2026-08-14T09:30:33Z,2026-08-14T23:00:00Z,Team Total (Double Faults) Home,7,"{'hdp': 4.5, 'over': '2.37'}"
73722010,2026-08-14,WTA,Cincinnati,Bet365,Sloane Stephens,Sinja Kraus,double_faults,7.5,9.0000,,2026-08-14T09:30:33Z,2026-08-14T23:00:00Z,Team Total (Double Faults) Home,7,"{'hdp': 7.5, 'over': '9.00'}"
73722010,2026-08-14,WTA,Cincinnati,Bet365,Sloane Stephens,Sinja Kraus,double_faults,9.5,23.0000,,2026-08-14T09:30:33Z,2026-08-14T23:00:00Z,Team Total (Double Faults) Home,7,"{'hdp': 9.5, 'over': '23.00'}"
73722010,2026-08-14,WTA,Cincinnati,Bet365,Sloane Stephens,Sinja Kraus,double_faults,11.5,26.0000,,2026-08-14T09:30:33Z,2026-08-14T23:00:00Z,Team Total (Double Faults) Home,7,"{'hdp': 11.5, 'over': '26.00'}"
73722010,2026-08-14,WTA,Cincinnati,Bet365,Sloane Stephens,Sinja Kraus,aces,0.5,1.0400,,2026-08-14T09:30:33Z,2026-08-14T23:00:00Z,Team Total (Aces) Home,5,"{'hdp': 0.5, 'over': '1.04'}"
73722010,2026-08-14,WTA,Cincinnati,Bet365,Sloane Stephens,Sinja Kraus,aces,2.5,1.5000,,2026-08-14T09:30:33Z,2026-08-14T23:00:00Z,Team Total (Aces) Home,5,"{'hdp': 2.5, 'over': '1.50'}"
73722010,2026-08-14,WTA,Cincinnati,Bet365,Sloane Stephens,Sinja Kraus,aces,4.5,2.7500,,2026-08-14T09:30:33Z,2026-08-14T23:00:00Z,Team Total (Aces) Home,5,"{'hdp': 4.5, 'over': '2.75'}"
73722010,2026-08-14,WTA,Cincinnati,Bet365,Sloane Stephens,Sinja Kraus,aces,9.5,23.0000,,2026-08-14T09:30:33Z,2026-08-14T23:00:00Z,Team Total (Aces) Home,5,"{'hdp': 9.5, 'over': '23.00'}"
73722010,2026-08-14,WTA,Cincinnati,Bet365,Sloane Stephens,Sinja Kraus,aces,14.5,26.0000,,2026-08-14T09:30:33Z,2026-08-14T23:00:00Z,Team Total (Aces) Home,5,"{'hdp': 14.5, 'over': '26.00'}"
73722010,2026-08-14,WTA,Cincinnati,Bet365,Sloane Stephens,Sinja Kraus,match_aces,2.5,1.0700,,2026-08-14T09:30:33Z,2026-08-14T23:00:00Z,Totals (Aces),6,"{'hdp': 2.5, 'over': '1.07'}"
73722010,2026-08-14,WTA,Cincinnati,Bet365,Sloane Stephens,Sinja Kraus,match_aces,4.5,1.3300,,2026-08-14T09:30:33Z,2026-08-14T23:00:00Z,Totals (Aces),6,"{'hdp': 4.5, 'over': '1.33'}"
73722010,2026-08-14,WTA,Cincinnati,Bet365,Sloane Stephens,Sinja Kraus,match_aces,9.5,3.7500,,2026-08-14T09:30:33Z,2026-08-14T23:00:00Z,Totals (Aces),6,"{'hdp': 9.5, 'over': '3.75'}"
73722010,2026-08-14,WTA,Cincinnati,Bet365,Sloane Stephens,Sinja Kraus,match_aces,14.5,17.0000,,2026-08-14T09:30:33Z,2026-08-14T23:00:00Z,Totals (Aces),6,"{'hdp': 14.5, 'over': '17.00'}"
73722010,2026-08-14,WTA,Cincinnati,Bet365,Sloane Stephens,Sinja Kraus,match_aces,19.5,26.0000,,2026-08-14T09:30:33Z,2026-08-14T23:00:00Z,Totals (Aces),6,"{'hdp': 19.5, 'over': '26.00'}"
73722010,2026-08-14,WTA,Cincinnati,Bet365,Sloane Stephens,Sinja Kraus,match_double_faults,2.5,1.0100,,2026-08-14T09:30:33Z,2026-08-14T23:00:00Z,Totals (Double Faults),9,"{'hdp': 2.5, 'over': '1.01'}"
73722010,2026-08-14,WTA,Cincinnati,Bet365,Sloane Stephens,Sinja Kraus,match_double_faults,4.5,1.1100,,2026-08-14T09:30:33Z,2026-08-14T23:00:00Z,Totals (Double Faults),9,"{'hdp': 4.5, 'over': '1.11'}"
73722010,2026-08-14,WTA,Cincinnati,Bet365,Sloane Stephens,Sinja Kraus,match_double_faults,7.5,1.6600,,2026-08-14T09:30:33Z,2026-08-14T23:00:00Z,Totals (Double Faults),9,"{'hdp': 7.5, 'over': '1.66'}"
73722010,2026-08-14,WTA,Cincinnati,Bet365,Sloane Stephens,Sinja Kraus,match_double_faults,9.5,2.6200,,2026-08-14T09:30:33Z,2026-08-14T23:00:00Z,Totals (Double Faults),9,"{'hdp': 9.5, 'over': '2.62'}"
73722010,2026-08-14,WTA,Cincinnati,Bet365,Sloane Stephens,Sinja Kraus,match_double_faults,11.5,4.5000,,2026-08-14T09:30:33Z,2026-08-14T23:00:00Z,Totals (Double Faults),9,"{'hdp': 11.5, 'over': '4.50'}"
73722010,2026-08-14,WTA,Cincinnati,Bet365,Sloane Stephens,Sinja Kraus,match_double_faults,14.5,13.0000,,2026-08-14T09:30:33Z,2026-08-14T23:00:00Z,Totals (Double Faults),9,"{'hdp': 14.5, 'over': '13.00'}"
73722010,2026-08-14,WTA,Cincinnati,Bet365,Sloane Stephens,Sinja Kraus,match_double_faults,19.5,26.0000,,2026-08-14T09:30:33Z,2026-08-14T23:00:00Z,Totals (Double Faults),9,"{'hdp': 19.5, 'over': '26.00'}"
73667542,2026-08-15,ATP,Cincinnati,Bet365,Karen Khachanov,Aleksandar Kovacevic,aces,2.5,1.0100,,2026-08-14T09:30:33Z,2026-08-15T00:10:00Z,Team Total (Aces) Away,8,"{'hdp': 2.5, 'over': '1.01'}"
73667542,2026-08-15,ATP,Cincinnati,Bet365,Karen Khachanov,Aleksandar Kovacevic,aces,4.5,1.0800,,2026-08-14T09:30:33Z,2026-08-15T00:10:00Z,Team Total (Aces) Away,8,"{'hdp': 4.5, 'over': '1.08'}"
73667542,2026-08-15,ATP,Cincinnati,Bet365,Karen Khachanov,Aleksandar Kovacevic,aces,9.5,1.6600,,2026-08-14T09:30:33Z,2026-08-15T00:10:00Z,Team Total (Aces) Away,8,"{'hdp': 9.5, 'over': '1.66'}"
73667542,2026-08-15,ATP,Cincinnati,Bet365,Karen Khachanov,Aleksandar Kovacevic,aces,14.5,3.4000,,2026-08-14T09:30:33Z,2026-08-15T00:10:00Z,Team Total (Aces) Away,8,"{'hdp': 14.5, 'over': '3.40'}"
73667542,2026-08-15,ATP,Cincinnati,Bet365,Karen Khachanov,Aleksandar Kovacevic,aces,19.5,8.0000,,2026-08-14T09:30:33Z,2026-08-15T00:10:00Z,Team Total (Aces) Away,8,"{'hdp': 19.5, 'over': '8.00'}"
73667542,2026-08-15,ATP,Cincinnati,Bet365,Karen Khachanov,Aleksandar Kovacevic,aces,24.5,19.0000,,2026-08-14T09:30:33Z,2026-08-15T00:10:00Z,Team Total (Aces) Away,8,"{'hdp': 24.5, 'over': '19.00'}"
73667542,2026-08-15,ATP,Cincinnati,Bet365,Karen Khachanov,Aleksandar Kovacevic,aces,29.5,26.0000,,2026-08-14T09:30:33Z,2026-08-15T00:10:00Z,Team Total (Aces) Away,8,"{'hdp': 29.5, 'over': '26.00'}"
73667542,2026-08-15,ATP,Cincinnati,Bet365,Aleksandar Kovacevic,Karen Khachanov,match_double_faults,2.5,1.0300,,2026-08-14T09:30:33Z,2026-08-15T00:10:00Z,Totals (Double Faults),8,"{'hdp': 2.5, 'over': '1.03'}"
73667542,2026-08-15,ATP,Cincinnati,Bet365,Aleksandar Kovacevic,Karen Khachanov,match_double_faults,4.5,1.2200,,2026-08-14T09:30:33Z,2026-08-15T00:10:00Z,Totals (Double Faults),8,"{'hdp': 4.5, 'over': '1.22'}"
73667542,2026-08-15,ATP,Cincinnati,Bet365,Aleksandar Kovacevic,Karen Khachanov,match_double_faults,7.5,2.2500,,2026-08-14T09:30:33Z,2026-08-15T00:10:00Z,Totals (Double Faults),8,"{'hdp': 7.5, 'over': '2.25'}"
73667542,2026-08-15,ATP,Cincinnati,Bet365,Aleksandar Kovacevic,Karen Khachanov,match_double_faults,9.5,4.3300,,2026-08-14T09:30:33Z,2026-08-15T00:10:00Z,Totals (Double Faults),8,"{'hdp': 9.5, 'over': '4.33'}"
73667542,2026-08-15,ATP,Cincinnati,Bet365,Aleksandar Kovacevic,Karen Khachanov,match_double_faults,11.5,10.0000,,2026-08-14T09:30:33Z,2026-08-15T00:10:00Z,Totals (Double Faults),8,"{'hdp': 11.5, 'over': '10.00'}"
73667542,2026-08-15,ATP,Cincinnati,Bet365,Aleksandar Kovacevic,Karen Khachanov,match_double_faults,14.5,26.0000,,2026-08-14T09:30:33Z,2026-08-15T00:10:00Z,Totals (Double Faults),8,"{'hdp': 14.5, 'over': '26.00'}"
73667542,2026-08-15,ATP,Cincinnati,Bet365,Aleksandar Kovacevic,Karen Khachanov,match_aces,9.5,1.0200,,2026-08-14T09:30:33Z,2026-08-15T00:10:00Z,Totals (Aces),8,"{'hdp': 9.5, 'over': '1.02'}"
73667542,2026-08-15,ATP,Cincinnati,Bet365,Aleksandar Kovacevic,Karen Khachanov,match_aces,14.5,1.1200,,2026-08-14T09:30:33Z,2026-08-15T00:10:00Z,Totals (Aces),8,"{'hdp': 14.5, 'over': '1.12'}"
73667542,2026-08-15,ATP,Cincinnati,Bet365,Aleksandar Kovacevic,Karen Khachanov,match_aces,19.5,1.4000,,2026-08-14T09:30:33Z,2026-08-15T00:10:00Z,Totals (Aces),8,"{'hdp': 19.5, 'over': '1.40'}"
73667542,2026-08-15,ATP,Cincinnati,Bet365,Aleksandar Kovacevic,Karen Khachanov,match_aces,24.5,1.9000,,2026-08-14T09:30:33Z,2026-08-15T00:10:00Z,Totals (Aces),8,"{'hdp': 24.5, 'over': '1.90'}"
73667542,2026-08-15,ATP,Cincinnati,Bet365,Aleksandar Kovacevic,Karen Khachanov,match_aces,29.5,3.0000,,2026-08-14T09:30:33Z,2026-08-15T00:10:00Z,Totals (Aces),8,"{'hdp': 29.5, 'over': '3.00'}"
73667542,2026-08-15,ATP,Cincinnati,Bet365,Aleksandar Kovacevic,Karen Khachanov,match_aces,39.5,8.0000,,2026-08-14T09:30:33Z,2026-08-15T00:10:00Z,Totals (Aces),8,"{'hdp': 39.5, 'over': '8.00'}"
73667542,2026-08-15,ATP,Cincinnati,Bet365,Aleksandar Kovacevic,Karen Khachanov,match_aces,49.5,23.0000,,2026-08-14T09:30:33Z,2026-08-15T00:10:00Z,Totals (Aces),8,"{'hdp': 49.5, 'over': '23.00'}"
73667542,2026-08-15,ATP,Cincinnati,Bet365,Aleksandar Kovacevic,Karen Khachanov,aces,4.5,1.0600,,2026-08-14T09:30:33Z,2026-08-15T00:10:00Z,Team Total (Aces) Home,9,"{'hdp': 4.5, 'over': '1.06'}"
73667542,2026-08-15,ATP,Cincinnati,Bet365,Aleksandar Kovacevic,Karen Khachanov,aces,9.5,1.4400,,2026-08-14T09:30:33Z,2026-08-15T00:10:00Z,Team Total (Aces) Home,9,"{'hdp': 9.5, 'over': '1.44'}"
73667542,2026-08-15,ATP,Cincinnati,Bet365,Aleksandar Kovacevic,Karen Khachanov,aces,14.5,2.2500,,2026-08-14T09:30:33Z,2026-08-15T00:10:00Z,Team Total (Aces) Home,9,"{'hdp': 14.5, 'over': '2.25'}"
73667542,2026-08-15,ATP,Cincinnati,Bet365,Aleksandar Kovacevic,Karen Khachanov,aces,19.5,4.3300,,2026-08-14T09:30:33Z,2026-08-15T00:10:00Z,Team Total (Aces) Home,9,"{'hdp': 19.5, 'over': '4.33'}"
73667542,2026-08-15,ATP,Cincinnati,Bet365,Aleksandar Kovacevic,Karen Khachanov,aces,24.5,9.0000,,2026-08-14T09:30:33Z,2026-08-15T00:10:00Z,Team Total (Aces) Home,9,"{'hdp': 24.5, 'over': '9.00'}"
73667542,2026-08-15,ATP,Cincinnati,Bet365,Aleksandar Kovacevic,Karen Khachanov,aces,29.5,17.0000,,2026-08-14T09:30:33Z,2026-08-15T00:10:00Z,Team Total (Aces) Home,9,"{'hdp': 29.5, 'over': '17.00'}"
73667542,2026-08-15,ATP,Cincinnati,Bet365,Aleksandar Kovacevic,Karen Khachanov,aces,39.5,26.0000,,2026-08-14T09:30:33Z,2026-08-15T00:10:00Z,Team Total (Aces) Home,9,"{'hdp': 39.5, 'over': '26.00'}"
73667542,2026-08-15,ATP,Cincinnati,Bet365,Aleksandar Kovacevic,Karen Khachanov,aces,2.5,1.0100,,2026-08-14T09:30:33Z,2026-08-15T00:10:00Z,Team Total (Aces) Home,9,"{'hdp': 2.5, 'over': '1.01'}"
73667542,2026-08-15,ATP,Cincinnati,Bet365,Karen Khachanov,Aleksandar Kovacevic,double_faults,0.5,1.1400,,2026-08-14T09:30:33Z,2026-08-15T00:10:00Z,Team Total (Double Faults) Away,5,"{'hdp': 0.5, 'over': '1.14'}"
73667542,2026-08-15,ATP,Cincinnati,Bet365,Karen Khachanov,Aleksandar Kovacevic,double_faults,1.5,1.5700,,2026-08-14T09:30:33Z,2026-08-15T00:10:00Z,Team Total (Double Faults) Away,5,"{'hdp': 1.5, 'over': '1.57'}"
73667542,2026-08-15,ATP,Cincinnati,Bet365,Karen Khachanov,Aleksandar Kovacevic,double_faults,2.5,2.5000,,2026-08-14T09:30:33Z,2026-08-15T00:10:00Z,Team Total (Double Faults) Away,5,"{'hdp': 2.5, 'over': '2.50'}"
73667542,2026-08-15,ATP,Cincinnati,Bet365,Karen Khachanov,Aleksandar Kovacevic,double_faults,4.5,9.0000,,2026-08-14T09:30:33Z,2026-08-15T00:10:00Z,Team Total (Double Faults) Away,5,"{'hdp': 4.5, 'over': '9.00'}"
73667542,2026-08-15,ATP,Cincinnati,Bet365,Karen Khachanov,Aleksandar Kovacevic,double_faults,7.5,26.0000,,2026-08-14T09:30:33Z,2026-08-15T00:10:00Z,Team Total (Double Faults) Away,5,"{'hdp': 7.5, 'over': '26.00'}"
73667542,2026-08-15,ATP,Cincinnati,Bet365,Aleksandar Kovacevic,Karen Khachanov,double_faults,1.5,1.0500,,2026-08-14T09:30:33Z,2026-08-15T00:10:00Z,Team Total (Double Faults) Home,7,"{'hdp': 1.5, 'over': '1.05'}"
73667542,2026-08-15,ATP,Cincinnati,Bet365,Aleksandar Kovacevic,Karen Khachanov,double_faults,2.5,1.1800,,2026-08-14T09:30:33Z,2026-08-15T00:10:00Z,Team Total (Double Faults) Home,7,"{'hdp': 2.5, 'over': '1.18'}"
73667542,2026-08-15,ATP,Cincinnati,Bet365,Aleksandar Kovacevic,Karen Khachanov,double_faults,4.5,1.8300,,2026-08-14T09:30:33Z,2026-08-15T00:10:00Z,Team Total (Double Faults) Home,7,"{'hdp': 4.5, 'over': '1.83'}"
73667542,2026-08-15,ATP,Cincinnati,Bet365,Aleksandar Kovacevic,Karen Khachanov,double_faults,7.5,6.0000,,2026-08-14T09:30:33Z,2026-08-15T00:10:00Z,Team Total (Double Faults) Home,7,"{'hdp': 7.5, 'over': '6.00'}"
73667542,2026-08-15,ATP,Cincinnati,Bet365,Aleksandar Kovacevic,Karen Khachanov,double_faults,9.5,15.0000,,2026-08-14T09:30:33Z,2026-08-15T00:10:00Z,Team Total (Double Faults) Home,7,"{'hdp': 9.5, 'over': '15.00'}"
73667542,2026-08-15,ATP,Cincinnati,Bet365,Aleksandar Kovacevic,Karen Khachanov,double_faults,11.5,26.0000,,2026-08-14T09:30:33Z,2026-08-15T00:10:00Z,Team Total (Double Faults) Home,7,"{'hdp': 11.5, 'over': '26.00'}"
73722018,2026-08-14,WTA,Cincinnati,Bet365,Mary Stoiana,Tereza Valentova,match_aces,2.5,1.0800,,2026-08-14T09:30:33Z,2026-08-14T18:30:00Z,Totals (Aces),6,"{'hdp': 2.5, 'over': '1.08'}"
73722018,2026-08-14,WTA,Cincinnati,Bet365,Mary Stoiana,Tereza Valentova,match_aces,14.5,19.0000,,2026-08-14T09:30:33Z,2026-08-14T18:30:00Z,Totals (Aces),6,"{'hdp': 14.5, 'over': '19.00'}"
73722018,2026-08-14,WTA,Cincinnati,Bet365,Mary Stoiana,Tereza Valentova,match_aces,19.5,26.0000,,2026-08-14T09:30:33Z,2026-08-14T18:30:00Z,Totals (Aces),6,"{'hdp': 19.5, 'over': '26.00'}"
73722018,2026-08-14,WTA,Cincinnati,Bet365,Mary Stoiana,Tereza Valentova,match_aces,4.5,1.4000,,2026-08-14T09:30:33Z,2026-08-14T18:30:00Z,Totals (Aces),6,"{'hdp': 4.5, 'over': '1.40'}"
73722018,2026-08-14,WTA,Cincinnati,Bet365,Mary Stoiana,Tereza Valentova,match_aces,9.5,4.3300,,2026-08-14T09:30:33Z,2026-08-14T18:30:00Z,Totals (Aces),6,"{'hdp': 9.5, 'over': '4.33'}"
73722018,2026-08-14,WTA,Cincinnati,Bet365,Tereza Valentova,Mary Stoiana,aces,0.5,1.0400,,2026-08-14T09:30:33Z,2026-08-14T18:30:00Z,Team Total (Aces) Away,4,"{'hdp': 0.5, 'over': '1.04'}"
73722018,2026-08-14,WTA,Cincinnati,Bet365,Tereza Valentova,Mary Stoiana,aces,2.5,1.5000,,2026-08-14T09:30:33Z,2026-08-14T18:30:00Z,Team Total (Aces) Away,4,"{'hdp': 2.5, 'over': '1.50'}"
73722018,2026-08-14,WTA,Cincinnati,Bet365,Tereza Valentova,Mary Stoiana,aces,4.5,3.0000,,2026-08-14T09:30:33Z,2026-08-14T18:30:00Z,Team Total (Aces) Away,4,"{'hdp': 4.5, 'over': '3.00'}"
73722018,2026-08-14,WTA,Cincinnati,Bet365,Tereza Valentova,Mary Stoiana,aces,9.5,26.0000,,2026-08-14T09:30:33Z,2026-08-14T18:30:00Z,Team Total (Aces) Away,4,"{'hdp': 9.5, 'over': '26.00'}"
73722018,2026-08-14,WTA,Cincinnati,Bet365,Mary Stoiana,Tereza Valentova,aces,9.5,26.0000,,2026-08-14T09:30:33Z,2026-08-14T18:30:00Z,Team Total (Aces) Home,4,"{'hdp': 9.5, 'over': '26.00'}"
73722018,2026-08-14,WTA,Cincinnati,Bet365,Mary Stoiana,Tereza Valentova,aces,0.5,1.0800,,2026-08-14T09:30:33Z,2026-08-14T18:30:00Z,Team Total (Aces) Home,4,"{'hdp': 0.5, 'over': '1.08'}"
73722018,2026-08-14,WTA,Cincinnati,Bet365,Mary Stoiana,Tereza Valentova,aces,2.5,1.8000,,2026-08-14T09:30:33Z,2026-08-14T18:30:00Z,Team Total (Aces) Home,4,"{'hdp': 2.5, 'over': '1.80'}"
73722018,2026-08-14,WTA,Cincinnati,Bet365,Mary Stoiana,Tereza Valentova,aces,4.5,4.0000,,2026-08-14T09:30:33Z,2026-08-14T18:30:00Z,Team Total (Aces) Home,4,"{'hdp': 4.5, 'over': '4.00'}"
73722020,2026-08-14,WTA,Cincinnati,Bet365,Xiyu Wang,Maria Timofeeva,aces,0.5,1.1100,,2026-08-14T09:30:33Z,2026-08-14T18:30:00Z,Team Total (Aces) Away,4,"{'hdp': 0.5, 'over': '1.11'}"
73722020,2026-08-14,WTA,Cincinnati,Bet365,Xiyu Wang,Maria Timofeeva,aces,2.5,2.2500,,2026-08-14T09:30:33Z,2026-08-14T18:30:00Z,Team Total (Aces) Away,4,"{'hdp': 2.5, 'over': '2.25'}"
73722020,2026-08-14,WTA,Cincinnati,Bet365,Xiyu Wang,Maria Timofeeva,aces,4.5,7.0000,,2026-08-14T09:30:33Z,2026-08-14T18:30:00Z,Team Total (Aces) Away,4,"{'hdp': 4.5, 'over': '7.00'}"
73722020,2026-08-14,WTA,Cincinnati,Bet365,Xiyu Wang,Maria Timofeeva,aces,9.5,26.0000,,2026-08-14T09:30:33Z,2026-08-14T18:30:00Z,Team Total (Aces) Away,4,"{'hdp': 9.5, 'over': '26.00'}"
73722020,2026-08-14,WTA,Cincinnati,Bet365,Maria Timofeeva,Xiyu Wang,aces,0.5,1.1000,,2026-08-14T09:30:33Z,2026-08-14T18:30:00Z,Team Total (Aces) Home,4,"{'hdp': 0.5, 'over': '1.10'}"
73722020,2026-08-14,WTA,Cincinnati,Bet365,Maria Timofeeva,Xiyu Wang,aces,2.5,1.9000,,2026-08-14T09:30:33Z,2026-08-14T18:30:00Z,Team Total (Aces) Home,4,"{'hdp': 2.5, 'over': '1.90'}"
73722020,2026-08-14,WTA,Cincinnati,Bet365,Maria Timofeeva,Xiyu Wang,aces,4.5,5.0000,,2026-08-14T09:30:33Z,2026-08-14T18:30:00Z,Team Total (Aces) Home,4,"{'hdp': 4.5, 'over': '5.00'}"
73722020,2026-08-14,WTA,Cincinnati,Bet365,Maria Timofeeva,Xiyu Wang,aces,9.5,26.0000,,2026-08-14T09:30:33Z,2026-08-14T18:30:00Z,Team Total (Aces) Home,4,"{'hdp': 9.5, 'over': '26.00'}"
73722020,2026-08-14,WTA,Cincinnati,Bet365,Maria Timofeeva,Xiyu Wang,match_aces,0.5,1.0100,,2026-08-14T09:30:33Z,2026-08-14T18:30:00Z,Totals (Aces),5,"{'hdp': 0.5, 'over': '1.01'}"
73722020,2026-08-14,WTA,Cincinnati,Bet365,Maria Timofeeva,Xiyu Wang,match_aces,2.5,1.2000,,2026-08-14T09:30:33Z,2026-08-14T18:30:00Z,Totals (Aces),5,"{'hdp': 2.5, 'over': '1.20'}"
73722020,2026-08-14,WTA,Cincinnati,Bet365,Maria Timofeeva,Xiyu Wang,match_aces,4.5,1.8000,,2026-08-14T09:30:33Z,2026-08-14T18:30:00Z,Totals (Aces),5,"{'hdp': 4.5, 'over': '1.80'}"
73722020,2026-08-14,WTA,Cincinnati,Bet365,Maria Timofeeva,Xiyu Wang,match_aces,9.5,10.0000,,2026-08-14T09:30:33Z,2026-08-14T18:30:00Z,Totals (Aces),5,"{'hdp': 9.5, 'over': '10.00'}"
73722020,2026-08-14,WTA,Cincinnati,Bet365,Maria Timofeeva,Xiyu Wang,match_aces,14.5,26.0000,,2026-08-14T09:30:33Z,2026-08-14T18:30:00Z,Totals (Aces),5,"{'hdp': 14.5, 'over': '26.00'}"
73721786,2026-08-14,ATP,Cincinnati,Bet365,Jenson Brooksby,Jaime Faria,double_faults,0.5,1.2500,,2026-08-14T09:30:33Z,2026-08-14T23:00:00Z,Team Total (Double Faults) Away,5,"{'hdp': 0.5, 'over': '1.25'}"
73721786,2026-08-14,ATP,Cincinnati,Bet365,Jenson Brooksby,Jaime Faria,double_faults,1.5,2.0000,,2026-08-14T09:30:33Z,2026-08-14T23:00:00Z,Team Total (Double Faults) Away,5,"{'hdp': 1.5, 'over': '2.00'}"
73721786,2026-08-14,ATP,Cincinnati,Bet365,Jenson Brooksby,Jaime Faria,double_faults,2.5,3.7500,,2026-08-14T09:30:33Z,2026-08-14T23:00:00Z,Team Total (Double Faults) Away,5,"{'hdp': 2.5, 'over': '3.75'}"
73721786,2026-08-14,ATP,Cincinnati,Bet365,Jenson Brooksby,Jaime Faria,double_faults,4.5,19.0000,,2026-08-14T09:30:33Z,2026-08-14T23:00:00Z,Team Total (Double Faults) Away,5,"{'hdp': 4.5, 'over': '19.00'}"
73721786,2026-08-14,ATP,Cincinnati,Bet365,Jenson Brooksby,Jaime Faria,double_faults,7.5,26.0000,,2026-08-14T09:30:33Z,2026-08-14T23:00:00Z,Team Total (Double Faults) Away,5,"{'hdp': 7.5, 'over': '26.00'}"
73721786,2026-08-14,ATP,Cincinnati,Bet365,Jaime Faria,Jenson Brooksby,match_aces,4.5,1.0400,,2026-08-14T09:30:33Z,2026-08-14T23:00:00Z,Totals (Aces),8,"{'hdp': 4.5, 'over': '1.04'}"
73721786,2026-08-14,ATP,Cincinnati,Bet365,Jaime Faria,Jenson Brooksby,match_aces,9.5,1.4000,,2026-08-14T09:30:33Z,2026-08-14T23:00:00Z,Totals (Aces),8,"{'hdp': 9.5, 'over': '1.40'}"
73721786,2026-08-14,ATP,Cincinnati,Bet365,Jaime Faria,Jenson Brooksby,match_aces,14.5,2.5000,,2026-08-14T09:30:33Z,2026-08-14T23:00:00Z,Totals (Aces),8,"{'hdp': 14.5, 'over': '2.50'}"
73721786,2026-08-14,ATP,Cincinnati,Bet365,Jaime Faria,Jenson Brooksby,match_aces,19.5,5.5000,,2026-08-14T09:30:33Z,2026-08-14T23:00:00Z,Totals (Aces),8,"{'hdp': 19.5, 'over': '5.50'}"
73721786,2026-08-14,ATP,Cincinnati,Bet365,Jaime Faria,Jenson Brooksby,match_aces,24.5,13.0000,,2026-08-14T09:30:33Z,2026-08-14T23:00:00Z,Totals (Aces),8,"{'hdp': 24.5, 'over': '13.00'}"
73721786,2026-08-14,ATP,Cincinnati,Bet365,Jaime Faria,Jenson Brooksby,match_aces,29.5,26.0000,,2026-08-14T09:30:33Z,2026-08-14T23:00:00Z,Totals (Aces),8,"{'hdp': 29.5, 'over': '26.00'}"
73721786,2026-08-14,ATP,Cincinnati,Bet365,Jaime Faria,Jenson Brooksby,aces,2.5,1.0700,,2026-08-14T09:30:33Z,2026-08-14T23:00:00Z,Team Total (Aces) Home,6,"{'hdp': 2.5, 'over': '1.07'}"
73721786,2026-08-14,ATP,Cincinnati,Bet365,Jaime Faria,Jenson Brooksby,aces,4.5,1.2500,,2026-08-14T09:30:33Z,2026-08-14T23:00:00Z,Team Total (Aces) Home,6,"{'hdp': 4.5, 'over': '1.25'}"
73721786,2026-08-14,ATP,Cincinnati,Bet365,Jaime Faria,Jenson Brooksby,aces,9.5,2.7500,,2026-08-14T09:30:33Z,2026-08-14T23:00:00Z,Team Total (Aces) Home,6,"{'hdp': 9.5, 'over': '2.75'}"
73721786,2026-08-14,ATP,Cincinnati,Bet365,Jaime Faria,Jenson Brooksby,aces,14.5,9.0000,,2026-08-14T09:30:33Z,2026-08-14T23:00:00Z,Team Total (Aces) Home,6,"{'hdp': 14.5, 'over': '9.00'}"
73721786,2026-08-14,ATP,Cincinnati,Bet365,Jaime Faria,Jenson Brooksby,aces,19.5,26.0000,,2026-08-14T09:30:33Z,2026-08-14T23:00:00Z,Team Total (Aces) Home,6,"{'hdp': 19.5, 'over': '26.00'}"
73721786,2026-08-14,ATP,Cincinnati,Bet365,Jaime Faria,Jenson Brooksby,match_double_faults,2.5,1.0200,,2026-08-14T09:30:33Z,2026-08-14T23:00:00Z,Totals (Double Faults),9,"{'hdp': 2.5, 'over': '1.02'}"
73721786,2026-08-14,ATP,Cincinnati,Bet365,Jaime Faria,Jenson Brooksby,match_double_faults,4.5,1.1400,,2026-08-14T09:30:33Z,2026-08-14T23:00:00Z,Totals (Double Faults),9,"{'hdp': 4.5, 'over': '1.14'}"
73721786,2026-08-14,ATP,Cincinnati,Bet365,Jaime Faria,Jenson Brooksby,match_double_faults,7.5,1.8000,,2026-08-14T09:30:33Z,2026-08-14T23:00:00Z,Totals (Double Faults),9,"{'hdp': 7.5, 'over': '1.80'}"
73721786,2026-08-14,ATP,Cincinnati,Bet365,Jaime Faria,Jenson Brooksby,match_double_faults,9.5,3.0000,,2026-08-14T09:30:33Z,2026-08-14T23:00:00Z,Totals (Double Faults),9,"{'hdp': 9.5, 'over': '3.00'}"
73721786,2026-08-14,ATP,Cincinnati,Bet365,Jaime Faria,Jenson Brooksby,match_double_faults,11.5,5.5000,,2026-08-14T09:30:33Z,2026-08-14T23:00:00Z,Totals (Double Faults),9,"{'hdp': 11.5, 'over': '5.50'}"
73721786,2026-08-14,ATP,Cincinnati,Bet365,Jaime Faria,Jenson Brooksby,match_double_faults,14.5,15.0000,,2026-08-14T09:30:33Z,2026-08-14T23:00:00Z,Totals (Double Faults),9,"{'hdp': 14.5, 'over': '15.00'}"
73721786,2026-08-14,ATP,Cincinnati,Bet365,Jaime Faria,Jenson Brooksby,match_double_faults,19.5,26.0000,,2026-08-14T09:30:33Z,2026-08-14T23:00:00Z,Totals (Double Faults),9,"{'hdp': 19.5, 'over': '26.00'}"
73721786,2026-08-14,ATP,Cincinnati,Bet365,Jenson Brooksby,Jaime Faria,aces,0.5,1.0100,,2026-08-14T09:30:33Z,2026-08-14T23:00:00Z,Team Total (Aces) Away,5,"{'hdp': 0.5, 'over': '1.01'}"
73721786,2026-08-14,ATP,Cincinnati,Bet365,Jenson Brooksby,Jaime Faria,aces,2.5,1.2200,,2026-08-14T09:30:33Z,2026-08-14T23:00:00Z,Team Total (Aces) Away,5,"{'hdp': 2.5, 'over': '1.22'}"
73721786,2026-08-14,ATP,Cincinnati,Bet365,Jenson Brooksby,Jaime Faria,aces,4.5,1.8300,,2026-08-14T09:30:33Z,2026-08-14T23:00:00Z,Team Total (Aces) Away,5,"{'hdp': 4.5, 'over': '1.83'}"
73721786,2026-08-14,ATP,Cincinnati,Bet365,Jenson Brooksby,Jaime Faria,aces,9.5,9.0000,,2026-08-14T09:30:33Z,2026-08-14T23:00:00Z,Team Total (Aces) Away,5,"{'hdp': 9.5, 'over': '9.00'}"
73721786,2026-08-14,ATP,Cincinnati,Bet365,Jenson Brooksby,Jaime Faria,aces,14.5,26.0000,,2026-08-14T09:30:33Z,2026-08-14T23:00:00Z,Team Total (Aces) Away,5,"{'hdp': 14.5, 'over': '26.00'}"
73721786,2026-08-14,ATP,Cincinnati,Bet365,Jaime Faria,Jenson Brooksby,double_faults,1.5,1.0200,,2026-08-14T09:30:33Z,2026-08-14T23:00:00Z,Team Total (Double Faults) Home,8,"{'hdp': 1.5, 'over': '1.02'}"
73721786,2026-08-14,ATP,Cincinnati,Bet365,Jaime Faria,Jenson Brooksby,double_faults,2.5,1.0700,,2026-08-14T09:30:33Z,2026-08-14T23:00:00Z,Team Total (Double Faults) Home,8,"{'hdp': 2.5, 'over': '1.07'}"
73721786,2026-08-14,ATP,Cincinnati,Bet365,Jaime Faria,Jenson Brooksby,double_faults,4.5,1.3600,,2026-08-14T09:30:33Z,2026-08-14T23:00:00Z,Team Total (Double Faults) Home,8,"{'hdp': 4.5, 'over': '1.36'}"
73721786,2026-08-14,ATP,Cincinnati,Bet365,Jaime Faria,Jenson Brooksby,double_faults,7.5,2.7500,,2026-08-14T09:30:33Z,2026-08-14T23:00:00Z,Team Total (Double Faults) Home,8,"{'hdp': 7.5, 'over': '2.75'}"
73721786,2026-08-14,ATP,Cincinnati,Bet365,Jaime Faria,Jenson Brooksby,double_faults,9.5,5.5000,,2026-08-14T09:30:33Z,2026-08-14T23:00:00Z,Team Total (Double Faults) Home,8,"{'hdp': 9.5, 'over': '5.50'}"
73721786,2026-08-14,ATP,Cincinnati,Bet365,Jaime Faria,Jenson Brooksby,double_faults,11.5,11.0000,,2026-08-14T09:30:33Z,2026-08-14T23:00:00Z,Team Total (Double Faults) Home,8,"{'hdp': 11.5, 'over': '11.00'}"
73721786,2026-08-14,ATP,Cincinnati,Bet365,Jaime Faria,Jenson Brooksby,double_faults,14.5,26.0000,,2026-08-14T09:30:33Z,2026-08-14T23:00:00Z,Team Total (Double Faults) Home,8,"{'hdp': 14.5, 'over': '26.00'}"
73667622,2026-08-15,WTA,Cincinnati,Bet365,Katerina Siniakova,Maria Timofeeva,double_faults,1.5,1.0200,,2026-08-14T09:30:33Z,2026-08-15T14:00:00Z,Team Total (Double Faults) Away,9,"{'hdp': 1.5, 'over': '1.02'}"
73667622,2026-08-15,WTA,Cincinnati,Bet365,Katerina Siniakova,Maria Timofeeva,double_faults,2.5,1.0700,,2026-08-14T09:30:33Z,2026-08-15T14:00:00Z,Team Total (Double Faults) Away,9,"{'hdp': 2.5, 'over': '1.07'}"
73667622,2026-08-15,WTA,Cincinnati,Bet365,Katerina Siniakova,Maria Timofeeva,double_faults,4.5,1.3000,,2026-08-14T09:30:33Z,2026-08-15T14:00:00Z,Team Total (Double Faults) Away,9,"{'hdp': 4.5, 'over': '1.30'}"
73667622,2026-08-15,WTA,Cincinnati,Bet365,Katerina Siniakova,Maria Timofeeva,double_faults,7.5,2.2500,,2026-08-14T09:30:33Z,2026-08-15T14:00:00Z,Team Total (Double Faults) Away,9,"{'hdp': 7.5, 'over': '2.25'}"
73667622,2026-08-15,WTA,Cincinnati,Bet365,Katerina Siniakova,Maria Timofeeva,double_faults,9.5,3.7500,,2026-08-14T09:30:33Z,2026-08-15T14:00:00Z,Team Total (Double Faults) Away,9,"{'hdp': 9.5, 'over': '3.75'}"
73667622,2026-08-15,WTA,Cincinnati,Bet365,Katerina Siniakova,Maria Timofeeva,double_faults,11.5,7.0000,,2026-08-14T09:30:33Z,2026-08-15T14:00:00Z,Team Total (Double Faults) Away,9,"{'hdp': 11.5, 'over': '7.00'}"
73667622,2026-08-15,WTA,Cincinnati,Bet365,Katerina Siniakova,Maria Timofeeva,double_faults,14.5,19.0000,,2026-08-14T09:30:33Z,2026-08-15T14:00:00Z,Team Total (Double Faults) Away,9,"{'hdp': 14.5, 'over': '19.00'}"
73667622,2026-08-15,WTA,Cincinnati,Bet365,Katerina Siniakova,Maria Timofeeva,double_faults,19.5,26.0000,,2026-08-14T09:30:33Z,2026-08-15T14:00:00Z,Team Total (Double Faults) Away,9,"{'hdp': 19.5, 'over': '26.00'}"
73667622,2026-08-15,WTA,Cincinnati,Bet365,Maria Timofeeva,Katerina Siniakova,double_faults,0.5,1.0100,,2026-08-14T09:30:33Z,2026-08-15T14:00:00Z,Team Total (Double Faults) Home,7,"{'hdp': 0.5, 'over': '1.01'}"
73667622,2026-08-15,WTA,Cincinnati,Bet365,Maria Timofeeva,Katerina Siniakova,double_faults,1.5,1.0800,,2026-08-14T09:30:33Z,2026-08-15T14:00:00Z,Team Total (Double Faults) Home,7,"{'hdp': 1.5, 'over': '1.08'}"
73667622,2026-08-15,WTA,Cincinnati,Bet365,Maria Timofeeva,Katerina Siniakova,double_faults,2.5,1.2800,,2026-08-14T09:30:33Z,2026-08-15T14:00:00Z,Team Total (Double Faults) Home,7,"{'hdp': 2.5, 'over': '1.28'}"
73667622,2026-08-15,WTA,Cincinnati,Bet365,Maria Timofeeva,Katerina Siniakova,double_faults,4.5,2.2500,,2026-08-14T09:30:33Z,2026-08-15T14:00:00Z,Team Total (Double Faults) Home,7,"{'hdp': 4.5, 'over': '2.25'}"
73667622,2026-08-15,WTA,Cincinnati,Bet365,Maria Timofeeva,Katerina Siniakova,double_faults,7.5,9.0000,,2026-08-14T09:30:33Z,2026-08-15T14:00:00Z,Team Total (Double Faults) Home,7,"{'hdp': 7.5, 'over': '9.00'}"
73667622,2026-08-15,WTA,Cincinnati,Bet365,Maria Timofeeva,Katerina Siniakova,double_faults,9.5,23.0000,,2026-08-14T09:30:33Z,2026-08-15T14:00:00Z,Team Total (Double Faults) Home,7,"{'hdp': 9.5, 'over': '23.00'}"
73667622,2026-08-15,WTA,Cincinnati,Bet365,Maria Timofeeva,Katerina Siniakova,double_faults,11.5,26.0000,,2026-08-14T09:30:33Z,2026-08-15T14:00:00Z,Team Total (Double Faults) Home,7,"{'hdp': 11.5, 'over': '26.00'}"
73667622,2026-08-15,WTA,Cincinnati,Bet365,Maria Timofeeva,Katerina Siniakova,match_double_faults,4.5,1.0300,,2026-08-14T09:30:33Z,2026-08-15T14:00:00Z,Totals (Double Faults),9,"{'hdp': 4.5, 'over': '1.03'}"
73667622,2026-08-15,WTA,Cincinnati,Bet365,Maria Timofeeva,Katerina Siniakova,match_double_faults,7.5,1.2200,,2026-08-14T09:30:33Z,2026-08-15T14:00:00Z,Totals (Double Faults),9,"{'hdp': 7.5, 'over': '1.22'}"
73667622,2026-08-15,WTA,Cincinnati,Bet365,Maria Timofeeva,Katerina Siniakova,match_double_faults,9.5,1.5700,,2026-08-14T09:30:33Z,2026-08-15T14:00:00Z,Totals (Double Faults),9,"{'hdp': 9.5, 'over': '1.57'}"
73667622,2026-08-15,WTA,Cincinnati,Bet365,Maria Timofeeva,Katerina Siniakova,match_double_faults,11.5,2.1000,,2026-08-14T09:30:33Z,2026-08-15T14:00:00Z,Totals (Double Faults),9,"{'hdp': 11.5, 'over': '2.10'}"
73667622,2026-08-15,WTA,Cincinnati,Bet365,Maria Timofeeva,Katerina Siniakova,match_double_faults,14.5,4.0000,,2026-08-14T09:30:33Z,2026-08-15T14:00:00Z,Totals (Double Faults),9,"{'hdp': 14.5, 'over': '4.00'}"
73667622,2026-08-15,WTA,Cincinnati,Bet365,Maria Timofeeva,Katerina Siniakova,match_double_faults,19.5,15.0000,,2026-08-14T09:30:33Z,2026-08-15T14:00:00Z,Totals (Double Faults),9,"{'hdp': 19.5, 'over': '15.00'}"
73667622,2026-08-15,WTA,Cincinnati,Bet365,Maria Timofeeva,Katerina Siniakova,match_double_faults,24.5,26.0000,,2026-08-14T09:30:33Z,2026-08-15T14:00:00Z,Totals (Double Faults),9,"{'hdp': 24.5, 'over': '26.00'}"
73466952,2026-08-15,WTA,Cincinnati,Bet365,Katie Boulter,Linda Noskova,double_faults,2.5,1.0100,,2026-08-14T09:30:33Z,2026-08-15T15:00:00Z,Team Total (Double Faults) Away,9,"{'hdp': 2.5, 'over': '1.01'}"
73466952,2026-08-15,WTA,Cincinnati,Bet365,Katie Boulter,Linda Noskova,double_faults,4.5,1.1000,,2026-08-14T09:30:33Z,2026-08-15T15:00:00Z,Team Total (Double Faults) Away,9,"{'hdp': 4.5, 'over': '1.10'}"
73466952,2026-08-15,WTA,Cincinnati,Bet365,Katie Boulter,Linda Noskova,double_faults,7.5,1.5300,,2026-08-14T09:30:33Z,2026-08-15T15:00:00Z,Team Total (Double Faults) Away,9,"{'hdp': 7.5, 'over': '1.53'}"
73466952,2026-08-15,WTA,Cincinnati,Bet365,Katie Boulter,Linda Noskova,double_faults,9.5,2.2500,,2026-08-14T09:30:33Z,2026-08-15T15:00:00Z,Team Total (Double Faults) Away,9,"{'hdp': 9.5, 'over': '2.25'}"
73466952,2026-08-15,WTA,Cincinnati,Bet365,Katie Boulter,Linda Noskova,double_faults,11.5,3.7500,,2026-08-14T09:30:33Z,2026-08-15T15:00:00Z,Team Total (Double Faults) Away,9,"{'hdp': 11.5, 'over': '3.75'}"
73466952,2026-08-15,WTA,Cincinnati,Bet365,Katie Boulter,Linda Noskova,double_faults,14.5,10.0000,,2026-08-14T09:30:33Z,2026-08-15T15:00:00Z,Team Total (Double Faults) Away,9,"{'hdp': 14.5, 'over': '10.00'}"
73466952,2026-08-15,WTA,Cincinnati,Bet365,Katie Boulter,Linda Noskova,double_faults,19.5,26.0000,,2026-08-14T09:30:33Z,2026-08-15T15:00:00Z,Team Total (Double Faults) Away,9,"{'hdp': 19.5, 'over': '26.00'}"
73466952,2026-08-15,WTA,Cincinnati,Bet365,Linda Noskova,Katie Boulter,double_faults,1.5,1.0300,,2026-08-14T09:30:33Z,2026-08-15T15:00:00Z,Team Total (Double Faults) Home,9,"{'hdp': 1.5, 'over': '1.03'}"
73466952,2026-08-15,WTA,Cincinnati,Bet365,Linda Noskova,Katie Boulter,double_faults,2.5,1.1000,,2026-08-14T09:30:33Z,2026-08-15T15:00:00Z,Team Total (Double Faults) Home,9,"{'hdp': 2.5, 'over': '1.10'}"
73466952,2026-08-15,WTA,Cincinnati,Bet365,Linda Noskova,Katie Boulter,double_faults,4.5,1.4000,,2026-08-14T09:30:33Z,2026-08-15T15:00:00Z,Team Total (Double Faults) Home,9,"{'hdp': 4.5, 'over': '1.40'}"
73466952,2026-08-15,WTA,Cincinnati,Bet365,Linda Noskova,Katie Boulter,double_faults,7.5,2.5000,,2026-08-14T09:30:33Z,2026-08-15T15:00:00Z,Team Total (Double Faults) Home,9,"{'hdp': 7.5, 'over': '2.50'}"
73466952,2026-08-15,WTA,Cincinnati,Bet365,Linda Noskova,Katie Boulter,double_faults,9.5,4.0000,,2026-08-14T09:30:33Z,2026-08-15T15:00:00Z,Team Total (Double Faults) Home,9,"{'hdp': 9.5, 'over': '4.00'}"
73466952,2026-08-15,WTA,Cincinnati,Bet365,Linda Noskova,Katie Boulter,double_faults,11.5,7.0000,,2026-08-14T09:30:33Z,2026-08-15T15:00:00Z,Team Total (Double Faults) Home,9,"{'hdp': 11.5, 'over': '7.00'}"
73466952,2026-08-15,WTA,Cincinnati,Bet365,Linda Noskova,Katie Boulter,double_faults,14.5,17.0000,,2026-08-14T09:30:33Z,2026-08-15T15:00:00Z,Team Total (Double Faults) Home,9,"{'hdp': 14.5, 'over': '17.00'}"
73466952,2026-08-15,WTA,Cincinnati,Bet365,Linda Noskova,Katie Boulter,double_faults,19.5,26.0000,,2026-08-14T09:30:33Z,2026-08-15T15:00:00Z,Team Total (Double Faults) Home,9,"{'hdp': 19.5, 'over': '26.00'}"
73466952,2026-08-15,WTA,Cincinnati,Bet365,Linda Noskova,Katie Boulter,match_double_faults,7.5,1.0400,,2026-08-14T09:30:33Z,2026-08-15T15:00:00Z,Totals (Double Faults),8,"{'hdp': 7.5, 'over': '1.04'}"
73466952,2026-08-15,WTA,Cincinnati,Bet365,Linda Noskova,Katie Boulter,match_double_faults,9.5,1.1200,,2026-08-14T09:30:33Z,2026-08-15T15:00:00Z,Totals (Double Faults),8,"{'hdp': 9.5, 'over': '1.12'}"
73466952,2026-08-15,WTA,Cincinnati,Bet365,Linda Noskova,Katie Boulter,match_double_faults,11.5,1.2800,,2026-08-14T09:30:33Z,2026-08-15T15:00:00Z,Totals (Double Faults),8,"{'hdp': 11.5, 'over': '1.28'}"
73466952,2026-08-15,WTA,Cincinnati,Bet365,Linda Noskova,Katie Boulter,match_double_faults,14.5,1.7200,,2026-08-14T09:30:33Z,2026-08-15T15:00:00Z,Totals (Double Faults),8,"{'hdp': 14.5, 'over': '1.72'}"
73466952,2026-08-15,WTA,Cincinnati,Bet365,Linda Noskova,Katie Boulter,match_double_faults,19.5,3.7500,,2026-08-14T09:30:33Z,2026-08-15T15:00:00Z,Totals (Double Faults),8,"{'hdp': 19.5, 'over': '3.75'}"
73466952,2026-08-15,WTA,Cincinnati,Bet365,Linda Noskova,Katie Boulter,match_double_faults,24.5,10.0000,,2026-08-14T09:30:33Z,2026-08-15T15:00:00Z,Totals (Double Faults),8,"{'hdp': 24.5, 'over': '10.00'}"
73466956,2026-08-15,WTA,Cincinnati,Bet365,Elena-Gabriela Ruse,Alexandra Eala,double_faults,1.5,1.0100,,2026-08-14T09:30:33Z,2026-08-15T15:00:00Z,Team Total (Double Faults) Away,9,"{'hdp': 1.5, 'over': '1.01'}"
73466956,2026-08-15,WTA,Cincinnati,Bet365,Elena-Gabriela Ruse,Alexandra Eala,double_faults,2.5,1.0400,,2026-08-14T09:30:33Z,2026-08-15T15:00:00Z,Team Total (Double Faults) Away,9,"{'hdp': 2.5, 'over': '1.04'}"
73466956,2026-08-15,WTA,Cincinnati,Bet365,Elena-Gabriela Ruse,Alexandra Eala,double_faults,4.5,1.2500,,2026-08-14T09:30:33Z,2026-08-15T15:00:00Z,Team Total (Double Faults) Away,9,"{'hdp': 4.5, 'over': '1.25'}"
73466956,2026-08-15,WTA,Cincinnati,Bet365,Elena-Gabriela Ruse,Alexandra Eala,double_faults,7.5,2.2500,,2026-08-14T09:30:33Z,2026-08-15T15:00:00Z,Team Total (Double Faults) Away,9,"{'hdp': 7.5, 'over': '2.25'}"
73466956,2026-08-15,WTA,Cincinnati,Bet365,Elena-Gabriela Ruse,Alexandra Eala,double_faults,9.5,4.0000,,2026-08-14T09:30:33Z,2026-08-15T15:00:00Z,Team Total (Double Faults) Away,9,"{'hdp': 9.5, 'over': '4.00'}"
73466956,2026-08-15,WTA,Cincinnati,Bet365,Elena-Gabriela Ruse,Alexandra Eala,double_faults,11.5,8.0000,,2026-08-14T09:30:33Z,2026-08-15T15:00:00Z,Team Total (Double Faults) Away,9,"{'hdp': 11.5, 'over': '8.00'}"
73466956,2026-08-15,WTA,Cincinnati,Bet365,Elena-Gabriela Ruse,Alexandra Eala,double_faults,14.5,23.0000,,2026-08-14T09:30:33Z,2026-08-15T15:00:00Z,Team Total (Double Faults) Away,9,"{'hdp': 14.5, 'over': '23.00'}"
73466956,2026-08-15,WTA,Cincinnati,Bet365,Elena-Gabriela Ruse,Alexandra Eala,double_faults,19.5,26.0000,,2026-08-14T09:30:33Z,2026-08-15T15:00:00Z,Team Total (Double Faults) Away,9,"{'hdp': 19.5, 'over': '26.00'}"
73466956,2026-08-15,WTA,Cincinnati,Bet365,Alexandra Eala,Elena-Gabriela Ruse,double_faults,0.5,1.0400,,2026-08-14T09:30:33Z,2026-08-15T15:00:00Z,Team Total (Double Faults) Home,6,"{'hdp': 0.5, 'over': '1.04'}"
73466956,2026-08-15,WTA,Cincinnati,Bet365,Alexandra Eala,Elena-Gabriela Ruse,double_faults,1.5,1.2000,,2026-08-14T09:30:33Z,2026-08-15T15:00:00Z,Team Total (Double Faults) Home,6,"{'hdp': 1.5, 'over': '1.20'}"
73466956,2026-08-15,WTA,Cincinnati,Bet365,Alexandra Eala,Elena-Gabriela Ruse,double_faults,2.5,1.5300,,2026-08-14T09:30:33Z,2026-08-15T15:00:00Z,Team Total (Double Faults) Home,6,"{'hdp': 2.5, 'over': '1.53'}"
73466956,2026-08-15,WTA,Cincinnati,Bet365,Alexandra Eala,Elena-Gabriela Ruse,double_faults,4.5,3.4000,,2026-08-14T09:30:33Z,2026-08-15T15:00:00Z,Team Total (Double Faults) Home,6,"{'hdp': 4.5, 'over': '3.40'}"
73466956,2026-08-15,WTA,Cincinnati,Bet365,Alexandra Eala,Elena-Gabriela Ruse,double_faults,7.5,15.0000,,2026-08-14T09:30:33Z,2026-08-15T15:00:00Z,Team Total (Double Faults) Home,6,"{'hdp': 7.5, 'over': '15.00'}"
73466956,2026-08-15,WTA,Cincinnati,Bet365,Alexandra Eala,Elena-Gabriela Ruse,double_faults,9.5,26.0000,,2026-08-14T09:30:33Z,2026-08-15T15:00:00Z,Team Total (Double Faults) Home,6,"{'hdp': 9.5, 'over': '26.00'}"
73466956,2026-08-15,WTA,Cincinnati,Bet365,Alexandra Eala,Elena-Gabriela Ruse,match_double_faults,4.5,1.0400,,2026-08-14T09:30:33Z,2026-08-15T15:00:00Z,Totals (Double Faults),9,"{'hdp': 4.5, 'over': '1.04'}"
73466956,2026-08-15,WTA,Cincinnati,Bet365,Alexandra Eala,Elena-Gabriela Ruse,match_double_faults,7.5,1.2800,,2026-08-14T09:30:33Z,2026-08-15T15:00:00Z,Totals (Double Faults),9,"{'hdp': 7.5, 'over': '1.28'}"
73466956,2026-08-15,WTA,Cincinnati,Bet365,Alexandra Eala,Elena-Gabriela Ruse,match_double_faults,9.5,1.7200,,2026-08-14T09:30:33Z,2026-08-15T15:00:00Z,Totals (Double Faults),9,"{'hdp': 9.5, 'over': '1.72'}"
73466956,2026-08-15,WTA,Cincinnati,Bet365,Alexandra Eala,Elena-Gabriela Ruse,match_double_faults,11.5,2.5000,,2026-08-14T09:30:33Z,2026-08-15T15:00:00Z,Totals (Double Faults),9,"{'hdp': 11.5, 'over': '2.50'}"
73466956,2026-08-15,WTA,Cincinnati,Bet365,Alexandra Eala,Elena-Gabriela Ruse,match_double_faults,14.5,5.5000,,2026-08-14T09:30:33Z,2026-08-15T15:00:00Z,Totals (Double Faults),9,"{'hdp': 14.5, 'over': '5.50'}"
73466956,2026-08-15,WTA,Cincinnati,Bet365,Alexandra Eala,Elena-Gabriela Ruse,match_double_faults,19.5,21.0000,,2026-08-14T09:30:33Z,2026-08-15T15:00:00Z,Totals (Double Faults),9,"{'hdp': 19.5, 'over': '21.00'}"
73466956,2026-08-15,WTA,Cincinnati,Bet365,Alexandra Eala,Elena-Gabriela Ruse,match_double_faults,24.5,26.0000,,2026-08-14T09:30:33Z,2026-08-15T15:00:00Z,Totals (Double Faults),9,"{'hdp': 24.5, 'over': '26.00'}"
73467028,2026-08-15,WTA,Cincinnati,Bet365,Simona Waltert,Jessica Pegula,match_aces,2.5,1.0400,,2026-08-14T09:30:33Z,2026-08-15T15:00:00Z,Totals (Aces),6,"{'hdp': 2.5, 'over': '1.04'}"
73467028,2026-08-15,WTA,Cincinnati,Bet365,Simona Waltert,Jessica Pegula,match_aces,4.5,1.2000,,2026-08-14T09:30:33Z,2026-08-15T15:00:00Z,Totals (Aces),6,"{'hdp': 4.5, 'over': '1.20'}"
73467028,2026-08-15,WTA,Cincinnati,Bet365,Simona Waltert,Jessica Pegula,match_aces,9.5,2.6200,,2026-08-14T09:30:33Z,2026-08-15T15:00:00Z,Totals (Aces),6,"{'hdp': 9.5, 'over': '2.62'}"
73467028,2026-08-15,WTA,Cincinnati,Bet365,Simona Waltert,Jessica Pegula,match_aces,14.5,8.0000,,2026-08-14T09:30:33Z,2026-08-15T15:00:00Z,Totals (Aces),6,"{'hdp': 14.5, 'over': '8.00'}"
73467028,2026-08-15,WTA,Cincinnati,Bet365,Simona Waltert,Jessica Pegula,match_aces,19.5,26.0000,,2026-08-14T09:30:33Z,2026-08-15T15:00:00Z,Totals (Aces),6,"{'hdp': 19.5, 'over': '26.00'}"
73467028,2026-08-15,WTA,Cincinnati,Bet365,Simona Waltert,Jessica Pegula,aces,0.5,1.0500,,2026-08-14T09:30:33Z,2026-08-15T15:00:00Z,Team Total (Aces) Home,5,"{'hdp': 0.5, 'over': '1.05'}"
73467028,2026-08-15,WTA,Cincinnati,Bet365,Simona Waltert,Jessica Pegula,aces,2.5,1.5000,,2026-08-14T09:30:33Z,2026-08-15T15:00:00Z,Team Total (Aces) Home,5,"{'hdp': 2.5, 'over': '1.50'}"
73467028,2026-08-15,WTA,Cincinnati,Bet365,Simona Waltert,Jessica Pegula,aces,4.5,2.6200,,2026-08-14T09:30:33Z,2026-08-15T15:00:00Z,Team Total (Aces) Home,5,"{'hdp': 4.5, 'over': '2.62'}"
73467028,2026-08-15,WTA,Cincinnati,Bet365,Simona Waltert,Jessica Pegula,aces,9.5,17.0000,,2026-08-14T09:30:33Z,2026-08-15T15:00:00Z,Team Total (Aces) Home,5,"{'hdp': 9.5, 'over': '17.00'}"
73467028,2026-08-15,WTA,Cincinnati,Bet365,Simona Waltert,Jessica Pegula,aces,14.5,26.0000,,2026-08-14T09:30:33Z,2026-08-15T15:00:00Z,Team Total (Aces) Home,5,"{'hdp': 14.5, 'over': '26.00'}"
73467028,2026-08-15,WTA,Cincinnati,Bet365,Simona Waltert,Jessica Pegula,match_double_faults,4.5,1.0800,,2026-08-14T09:30:33Z,2026-08-15T15:00:00Z,Totals (Double Faults),8,"{'hdp': 4.5, 'over': '1.08'}"
73467028,2026-08-15,WTA,Cincinnati,Bet365,Simona Waltert,Jessica Pegula,match_double_faults,7.5,1.5700,,2026-08-14T09:30:33Z,2026-08-15T15:00:00Z,Totals (Double Faults),8,"{'hdp': 7.5, 'over': '1.57'}"
73467028,2026-08-15,WTA,Cincinnati,Bet365,Simona Waltert,Jessica Pegula,match_double_faults,9.5,2.3700,,2026-08-14T09:30:33Z,2026-08-15T15:00:00Z,Totals (Double Faults),8,"{'hdp': 9.5, 'over': '2.37'}"
73467028,2026-08-15,WTA,Cincinnati,Bet365,Simona Waltert,Jessica Pegula,match_double_faults,11.5,4.0000,,2026-08-14T09:30:33Z,2026-08-15T15:00:00Z,Totals (Double Faults),8,"{'hdp': 11.5, 'over': '4.00'}"
73467028,2026-08-15,WTA,Cincinnati,Bet365,Simona Waltert,Jessica Pegula,match_double_faults,14.5,11.0000,,2026-08-14T09:30:33Z,2026-08-15T15:00:00Z,Totals (Double Faults),8,"{'hdp': 14.5, 'over': '11.00'}"
73467028,2026-08-15,WTA,Cincinnati,Bet365,Simona Waltert,Jessica Pegula,match_double_faults,19.5,26.0000,,2026-08-14T09:30:33Z,2026-08-15T15:00:00Z,Totals (Double Faults),8,"{'hdp': 19.5, 'over': '26.00'}"
73467028,2026-08-15,WTA,Cincinnati,Bet365,Jessica Pegula,Simona Waltert,aces,0.5,1.0100,,2026-08-14T09:30:33Z,2026-08-15T15:00:00Z,Team Total (Aces) Away,5,"{'hdp': 0.5, 'over': '1.01'}"
73467028,2026-08-15,WTA,Cincinnati,Bet365,Jessica Pegula,Simona Waltert,aces,2.5,1.2500,,2026-08-14T09:30:33Z,2026-08-15T15:00:00Z,Team Total (Aces) Away,5,"{'hdp': 2.5, 'over': '1.25'}"
73467028,2026-08-15,WTA,Cincinnati,Bet365,Jessica Pegula,Simona Waltert,aces,4.5,2.0000,,2026-08-14T09:30:33Z,2026-08-15T15:00:00Z,Team Total (Aces) Away,5,"{'hdp': 4.5, 'over': '2.00'}"
73467028,2026-08-15,WTA,Cincinnati,Bet365,Jessica Pegula,Simona Waltert,aces,9.5,13.0000,,2026-08-14T09:30:33Z,2026-08-15T15:00:00Z,Team Total (Aces) Away,5,"{'hdp': 9.5, 'over': '13.00'}"
73467028,2026-08-15,WTA,Cincinnati,Bet365,Jessica Pegula,Simona Waltert,aces,14.5,26.0000,,2026-08-14T09:30:33Z,2026-08-15T15:00:00Z,Team Total (Aces) Away,5,"{'hdp': 14.5, 'over': '26.00'}"
73467028,2026-08-15,WTA,Cincinnati,Bet365,Jessica Pegula,Simona Waltert,double_faults,0.5,1.1200,,2026-08-14T09:30:33Z,2026-08-15T15:00:00Z,Team Total (Double Faults) Away,5,"{'hdp': 0.5, 'over': '1.12'}"
73467028,2026-08-15,WTA,Cincinnati,Bet365,Jessica Pegula,Simona Waltert,double_faults,1.5,1.5300,,2026-08-14T09:30:33Z,2026-08-15T15:00:00Z,Team Total (Double Faults) Away,5,"{'hdp': 1.5, 'over': '1.53'}"
73467028,2026-08-15,WTA,Cincinnati,Bet365,Jessica Pegula,Simona Waltert,double_faults,2.5,2.2500,,2026-08-14T09:30:33Z,2026-08-15T15:00:00Z,Team Total (Double Faults) Away,5,"{'hdp': 2.5, 'over': '2.25'}"
73467028,2026-08-15,WTA,Cincinnati,Bet365,Jessica Pegula,Simona Waltert,double_faults,4.5,6.5000,,2026-08-14T09:30:33Z,2026-08-15T15:00:00Z,Team Total (Double Faults) Away,5,"{'hdp': 4.5, 'over': '6.50'}"
73467028,2026-08-15,WTA,Cincinnati,Bet365,Jessica Pegula,Simona Waltert,double_faults,7.5,26.0000,,2026-08-14T09:30:33Z,2026-08-15T15:00:00Z,Team Total (Double Faults) Away,5,"{'hdp': 7.5, 'over': '26.00'}"
73467028,2026-08-15,WTA,Cincinnati,Bet365,Simona Waltert,Jessica Pegula,double_faults,1.5,1.0100,,2026-08-14T09:30:33Z,2026-08-15T15:00:00Z,Team Total (Double Faults) Home,8,"{'hdp': 1.5, 'over': '1.01'}"
73467028,2026-08-15,WTA,Cincinnati,Bet365,Simona Waltert,Jessica Pegula,double_faults,2.5,1.0500,,2026-08-14T09:30:33Z,2026-08-15T15:00:00Z,Team Total (Double Faults) Home,8,"{'hdp': 2.5, 'over': '1.05'}"
73467028,2026-08-15,WTA,Cincinnati,Bet365,Simona Waltert,Jessica Pegula,double_faults,4.5,1.3000,,2026-08-14T09:30:33Z,2026-08-15T15:00:00Z,Team Total (Double Faults) Home,8,"{'hdp': 4.5, 'over': '1.30'}"
73467028,2026-08-15,WTA,Cincinnati,Bet365,Simona Waltert,Jessica Pegula,double_faults,7.5,2.7500,,2026-08-14T09:30:33Z,2026-08-15T15:00:00Z,Team Total (Double Faults) Home,8,"{'hdp': 7.5, 'over': '2.75'}"
73467028,2026-08-15,WTA,Cincinnati,Bet365,Simona Waltert,Jessica Pegula,double_faults,9.5,6.0000,,2026-08-14T09:30:33Z,2026-08-15T15:00:00Z,Team Total (Double Faults) Home,8,"{'hdp': 9.5, 'over': '6.00'}"
73467028,2026-08-15,WTA,Cincinnati,Bet365,Simona Waltert,Jessica Pegula,double_faults,11.5,15.0000,,2026-08-14T09:30:33Z,2026-08-15T15:00:00Z,Team Total (Double Faults) Home,8,"{'hdp': 11.5, 'over': '15.00'}"
73467028,2026-08-15,WTA,Cincinnati,Bet365,Simona Waltert,Jessica Pegula,double_faults,14.5,26.0000,,2026-08-14T09:30:33Z,2026-08-15T15:00:00Z,Team Total (Double Faults) Home,8,"{'hdp': 14.5, 'over': '26.00'}"
73467032,2026-08-15,WTA,Cincinnati,Bet365,Kamilla Rakhimova,Maria Sakkari,match_double_faults,4.5,1.0800,,2026-08-14T09:30:33Z,2026-08-15T15:00:00Z,Totals (Double Faults),8,"{'hdp': 4.5, 'over': '1.08'}"
73467032,2026-08-15,WTA,Cincinnati,Bet365,Kamilla Rakhimova,Maria Sakkari,match_double_faults,7.5,1.5000,,2026-08-14T09:30:33Z,2026-08-15T15:00:00Z,Totals (Double Faults),8,"{'hdp': 7.5, 'over': '1.50'}"
73467032,2026-08-15,WTA,Cincinnati,Bet365,Kamilla Rakhimova,Maria Sakkari,match_double_faults,9.5,2.2000,,2026-08-14T09:30:33Z,2026-08-15T15:00:00Z,Totals (Double Faults),8,"{'hdp': 9.5, 'over': '2.20'}"
73467032,2026-08-15,WTA,Cincinnati,Bet365,Kamilla Rakhimova,Maria Sakkari,match_double_faults,11.5,3.7500,,2026-08-14T09:30:33Z,2026-08-15T15:00:00Z,Totals (Double Faults),8,"{'hdp': 11.5, 'over': '3.75'}"
73467032,2026-08-15,WTA,Cincinnati,Bet365,Kamilla Rakhimova,Maria Sakkari,match_double_faults,14.5,10.0000,,2026-08-14T09:30:33Z,2026-08-15T15:00:00Z,Totals (Double Faults),8,"{'hdp': 14.5, 'over': '10.00'}"
73467032,2026-08-15,WTA,Cincinnati,Bet365,Kamilla Rakhimova,Maria Sakkari,match_double_faults,19.5,26.0000,,2026-08-14T09:30:33Z,2026-08-15T15:00:00Z,Totals (Double Faults),8,"{'hdp': 19.5, 'over': '26.00'}"
73467032,2026-08-15,WTA,Cincinnati,Bet365,Maria Sakkari,Kamilla Rakhimova,aces,2.5,1.1000,,2026-08-14T09:30:33Z,2026-08-15T15:00:00Z,Team Total (Aces) Away,6,"{'hdp': 2.5, 'over': '1.10'}"
73467032,2026-08-15,WTA,Cincinnati,Bet365,Maria Sakkari,Kamilla Rakhimova,aces,4.5,1.4000,,2026-08-14T09:30:33Z,2026-08-15T15:00:00Z,Team Total (Aces) Away,6,"{'hdp': 4.5, 'over': '1.40'}"
73467032,2026-08-15,WTA,Cincinnati,Bet365,Maria Sakkari,Kamilla Rakhimova,aces,9.5,4.3300,,2026-08-14T09:30:33Z,2026-08-15T15:00:00Z,Team Total (Aces) Away,6,"{'hdp': 9.5, 'over': '4.33'}"
73467032,2026-08-15,WTA,Cincinnati,Bet365,Maria Sakkari,Kamilla Rakhimova,aces,14.5,19.0000,,2026-08-14T09:30:33Z,2026-08-15T15:00:00Z,Team Total (Aces) Away,6,"{'hdp': 14.5, 'over': '19.00'}"
73467032,2026-08-15,WTA,Cincinnati,Bet365,Maria Sakkari,Kamilla Rakhimova,aces,19.5,26.0000,,2026-08-14T09:30:33Z,2026-08-15T15:00:00Z,Team Total (Aces) Away,6,"{'hdp': 19.5, 'over': '26.00'}"
73467032,2026-08-15,WTA,Cincinnati,Bet365,Kamilla Rakhimova,Maria Sakkari,double_faults,1.5,1.0200,,2026-08-14T09:30:33Z,2026-08-15T15:00:00Z,Team Total (Double Faults) Home,8,"{'hdp': 1.5, 'over': '1.02'}"
73467032,2026-08-15,WTA,Cincinnati,Bet365,Kamilla Rakhimova,Maria Sakkari,double_faults,2.5,1.1000,,2026-08-14T09:30:33Z,2026-08-15T15:00:00Z,Team Total (Double Faults) Home,8,"{'hdp': 2.5, 'over': '1.10'}"
73467032,2026-08-15,WTA,Cincinnati,Bet365,Kamilla Rakhimova,Maria Sakkari,double_faults,4.5,1.5000,,2026-08-14T09:30:33Z,2026-08-15T15:00:00Z,Team Total (Double Faults) Home,8,"{'hdp': 4.5, 'over': '1.50'}"
73467032,2026-08-15,WTA,Cincinnati,Bet365,Kamilla Rakhimova,Maria Sakkari,double_faults,7.5,3.5000,,2026-08-14T09:30:33Z,2026-08-15T15:00:00Z,Team Total (Double Faults) Home,8,"{'hdp': 7.5, 'over': '3.50'}"
73467032,2026-08-15,WTA,Cincinnati,Bet365,Kamilla Rakhimova,Maria Sakkari,double_faults,9.5,8.0000,,2026-08-14T09:30:33Z,2026-08-15T15:00:00Z,Team Total (Double Faults) Home,8,"{'hdp': 9.5, 'over': '8.00'}"
73467032,2026-08-15,WTA,Cincinnati,Bet365,Kamilla Rakhimova,Maria Sakkari,double_faults,11.5,19.0000,,2026-08-14T09:30:33Z,2026-08-15T15:00:00Z,Team Total (Double Faults) Home,8,"{'hdp': 11.5, 'over': '19.00'}"
73467032,2026-08-15,WTA,Cincinnati,Bet365,Kamilla Rakhimova,Maria Sakkari,double_faults,14.5,26.0000,,2026-08-14T09:30:33Z,2026-08-15T15:00:00Z,Team Total (Double Faults) Home,8,"{'hdp': 14.5, 'over': '26.00'}"
73467032,2026-08-15,WTA,Cincinnati,Bet365,Kamilla Rakhimova,Maria Sakkari,match_aces,2.5,1.0100,,2026-08-14T09:30:33Z,2026-08-15T15:00:00Z,Totals (Aces),8,"{'hdp': 2.5, 'over': '1.01'}"
73467032,2026-08-15,WTA,Cincinnati,Bet365,Kamilla Rakhimova,Maria Sakkari,match_aces,4.5,1.0700,,2026-08-14T09:30:33Z,2026-08-15T15:00:00Z,Totals (Aces),8,"{'hdp': 4.5, 'over': '1.07'}"
73467032,2026-08-15,WTA,Cincinnati,Bet365,Kamilla Rakhimova,Maria Sakkari,match_aces,9.5,1.6600,,2026-08-14T09:30:33Z,2026-08-15T15:00:00Z,Totals (Aces),8,"{'hdp': 9.5, 'over': '1.66'}"
73467032,2026-08-15,WTA,Cincinnati,Bet365,Kamilla Rakhimova,Maria Sakkari,match_aces,14.5,3.5000,,2026-08-14T09:30:33Z,2026-08-15T15:00:00Z,Totals (Aces),8,"{'hdp': 14.5, 'over': '3.50'}"
73467032,2026-08-15,WTA,Cincinnati,Bet365,Kamilla Rakhimova,Maria Sakkari,match_aces,19.5,10.0000,,2026-08-14T09:30:33Z,2026-08-15T15:00:00Z,Totals (Aces),8,"{'hdp': 19.5, 'over': '10.00'}"
73467032,2026-08-15,WTA,Cincinnati,Bet365,Kamilla Rakhimova,Maria Sakkari,match_aces,24.5,23.0000,,2026-08-14T09:30:33Z,2026-08-15T15:00:00Z,Totals (Aces),8,"{'hdp': 24.5, 'over': '23.00'}"
73467032,2026-08-15,WTA,Cincinnati,Bet365,Kamilla Rakhimova,Maria Sakkari,match_aces,29.5,26.0000,,2026-08-14T09:30:33Z,2026-08-15T15:00:00Z,Totals (Aces),8,"{'hdp': 29.5, 'over': '26.00'}"
73467032,2026-08-15,WTA,Cincinnati,Bet365,Kamilla Rakhimova,Maria Sakkari,aces,0.5,1.0200,,2026-08-14T09:30:33Z,2026-08-15T15:00:00Z,Team Total (Aces) Home,5,"{'hdp': 0.5, 'over': '1.02'}"
73467032,2026-08-15,WTA,Cincinnati,Bet365,Kamilla Rakhimova,Maria Sakkari,aces,2.5,1.3000,,2026-08-14T09:30:33Z,2026-08-15T15:00:00Z,Team Total (Aces) Home,5,"{'hdp': 2.5, 'over': '1.30'}"
73467032,2026-08-15,WTA,Cincinnati,Bet365,Kamilla Rakhimova,Maria Sakkari,aces,4.5,2.0000,,2026-08-14T09:30:33Z,2026-08-15T15:00:00Z,Team Total (Aces) Home,5,"{'hdp': 4.5, 'over': '2.00'}"
73467032,2026-08-15,WTA,Cincinnati,Bet365,Kamilla Rakhimova,Maria Sakkari,aces,9.5,11.0000,,2026-08-14T09:30:33Z,2026-08-15T15:00:00Z,Team Total (Aces) Home,5,"{'hdp': 9.5, 'over': '11.00'}"
73467032,2026-08-15,WTA,Cincinnati,Bet365,Kamilla Rakhimova,Maria Sakkari,aces,14.5,26.0000,,2026-08-14T09:30:33Z,2026-08-15T15:00:00Z,Team Total (Aces) Home,5,"{'hdp': 14.5, 'over': '26.00'}"
73467032,2026-08-15,WTA,Cincinnati,Bet365,Maria Sakkari,Kamilla Rakhimova,double_faults,0.5,1.0500,,2026-08-14T09:30:33Z,2026-08-15T15:00:00Z,Team Total (Double Faults) Away,6,"{'hdp': 0.5, 'over': '1.05'}"
73467032,2026-08-15,WTA,Cincinnati,Bet365,Maria Sakkari,Kamilla Rakhimova,double_faults,1.5,1.2200,,2026-08-14T09:30:33Z,2026-08-15T15:00:00Z,Team Total (Double Faults) Away,6,"{'hdp': 1.5, 'over': '1.22'}"
73467032,2026-08-15,WTA,Cincinnati,Bet365,Maria Sakkari,Kamilla Rakhimova,double_faults,2.5,1.5700,,2026-08-14T09:30:33Z,2026-08-15T15:00:00Z,Team Total (Double Faults) Away,6,"{'hdp': 2.5, 'over': '1.57'}"
73467032,2026-08-15,WTA,Cincinnati,Bet365,Maria Sakkari,Kamilla Rakhimova,double_faults,4.5,3.5000,,2026-08-14T09:30:33Z,2026-08-15T15:00:00Z,Team Total (Double Faults) Away,6,"{'hdp': 4.5, 'over': '3.50'}"
73467032,2026-08-15,WTA,Cincinnati,Bet365,Maria Sakkari,Kamilla Rakhimova,double_faults,7.5,15.0000,,2026-08-14T09:30:33Z,2026-08-15T15:00:00Z,Team Total (Double Faults) Away,6,"{'hdp': 7.5, 'over': '15.00'}"
73467032,2026-08-15,WTA,Cincinnati,Bet365,Maria Sakkari,Kamilla Rakhimova,double_faults,9.5,26.0000,,2026-08-14T09:30:33Z,2026-08-15T15:00:00Z,Team Total (Double Faults) Away,6,"{'hdp': 9.5, 'over': '26.00'}"
73467034,2026-08-15,WTA,Cincinnati,Bet365,Elise Mertens,Diane Parry,aces,2.5,1.0500,,2026-08-14T09:30:33Z,2026-08-15T15:00:00Z,Team Total (Aces) Home,6,"{'hdp': 2.5, 'over': '1.05'}"
73467034,2026-08-15,WTA,Cincinnati,Bet365,Elise Mertens,Diane Parry,aces,4.5,1.2200,,2026-08-14T09:30:33Z,2026-08-15T15:00:00Z,Team Total (Aces) Home,6,"{'hdp': 4.5, 'over': '1.22'}"
73467034,2026-08-15,WTA,Cincinnati,Bet365,Elise Mertens,Diane Parry,aces,9.5,2.6200,,2026-08-14T09:30:33Z,2026-08-15T15:00:00Z,Team Total (Aces) Home,6,"{'hdp': 9.5, 'over': '2.62'}"
73467034,2026-08-15,WTA,Cincinnati,Bet365,Elise Mertens,Diane Parry,aces,14.5,8.0000,,2026-08-14T09:30:33Z,2026-08-15T15:00:00Z,Team Total (Aces) Home,6,"{'hdp': 14.5, 'over': '8.00'}"
73467034,2026-08-15,WTA,Cincinnati,Bet365,Elise Mertens,Diane Parry,aces,19.5,26.0000,,2026-08-14T09:30:33Z,2026-08-15T15:00:00Z,Team Total (Aces) Home,6,"{'hdp': 19.5, 'over': '26.00'}"
73467034,2026-08-15,WTA,Cincinnati,Bet365,Diane Parry,Elise Mertens,double_faults,1.5,1.0500,,2026-08-14T09:30:33Z,2026-08-15T15:00:00Z,Team Total (Double Faults) Away,7,"{'hdp': 1.5, 'over': '1.05'}"
73467034,2026-08-15,WTA,Cincinnati,Bet365,Diane Parry,Elise Mertens,double_faults,2.5,1.1800,,2026-08-14T09:30:33Z,2026-08-15T15:00:00Z,Team Total (Double Faults) Away,7,"{'hdp': 2.5, 'over': '1.18'}"
73467034,2026-08-15,WTA,Cincinnati,Bet365,Diane Parry,Elise Mertens,double_faults,4.5,1.9000,,2026-08-14T09:30:33Z,2026-08-15T15:00:00Z,Team Total (Double Faults) Away,7,"{'hdp': 4.5, 'over': '1.90'}"
73467034,2026-08-15,WTA,Cincinnati,Bet365,Diane Parry,Elise Mertens,double_faults,7.5,6.5000,,2026-08-14T09:30:33Z,2026-08-15T15:00:00Z,Team Total (Double Faults) Away,7,"{'hdp': 7.5, 'over': '6.50'}"
73467034,2026-08-15,WTA,Cincinnati,Bet365,Diane Parry,Elise Mertens,double_faults,9.5,17.0000,,2026-08-14T09:30:33Z,2026-08-15T15:00:00Z,Team Total (Double Faults) Away,7,"{'hdp': 9.5, 'over': '17.00'}"
73467034,2026-08-15,WTA,Cincinnati,Bet365,Diane Parry,Elise Mertens,double_faults,11.5,26.0000,,2026-08-14T09:30:33Z,2026-08-15T15:00:00Z,Team Total (Double Faults) Away,7,"{'hdp': 11.5, 'over': '26.00'}"
73467034,2026-08-15,WTA,Cincinnati,Bet365,Elise Mertens,Diane Parry,double_faults,1.5,1.0400,,2026-08-14T09:30:33Z,2026-08-15T15:00:00Z,Team Total (Double Faults) Home,9,"{'hdp': 1.5, 'over': '1.04'}"
73467034,2026-08-15,WTA,Cincinnati,Bet365,Elise Mertens,Diane Parry,double_faults,2.5,1.1200,,2026-08-14T09:30:33Z,2026-08-15T15:00:00Z,Team Total (Double Faults) Home,9,"{'hdp': 2.5, 'over': '1.12'}"
73467034,2026-08-15,WTA,Cincinnati,Bet365,Elise Mertens,Diane Parry,double_faults,4.5,1.5000,,2026-08-14T09:30:33Z,2026-08-15T15:00:00Z,Team Total (Double Faults) Home,9,"{'hdp': 4.5, 'over': '1.50'}"
73467034,2026-08-15,WTA,Cincinnati,Bet365,Elise Mertens,Diane Parry,double_faults,7.5,2.7500,,2026-08-14T09:30:33Z,2026-08-15T15:00:00Z,Team Total (Double Faults) Home,9,"{'hdp': 7.5, 'over': '2.75'}"
73467034,2026-08-15,WTA,Cincinnati,Bet365,Elise Mertens,Diane Parry,double_faults,9.5,5.0000,,2026-08-14T09:30:33Z,2026-08-15T15:00:00Z,Team Total (Double Faults) Home,9,"{'hdp': 9.5, 'over': '5.00'}"
73467034,2026-08-15,WTA,Cincinnati,Bet365,Elise Mertens,Diane Parry,double_faults,11.5,10.0000,,2026-08-14T09:30:33Z,2026-08-15T15:00:00Z,Team Total (Double Faults) Home,9,"{'hdp': 11.5, 'over': '10.00'}"
73467034,2026-08-15,WTA,Cincinnati,Bet365,Elise Mertens,Diane Parry,double_faults,14.5,23.0000,,2026-08-14T09:30:33Z,2026-08-15T15:00:00Z,Team Total (Double Faults) Home,9,"{'hdp': 14.5, 'over': '23.00'}"
73467034,2026-08-15,WTA,Cincinnati,Bet365,Elise Mertens,Diane Parry,double_faults,19.5,26.0000,,2026-08-14T09:30:33Z,2026-08-15T15:00:00Z,Team Total (Double Faults) Home,9,"{'hdp': 19.5, 'over': '26.00'}"
73467034,2026-08-15,WTA,Cincinnati,Bet365,Elise Mertens,Diane Parry,match_aces,4.5,1.0300,,2026-08-14T09:30:33Z,2026-08-15T15:00:00Z,Totals (Aces),8,"{'hdp': 4.5, 'over': '1.03'}"
73467034,2026-08-15,WTA,Cincinnati,Bet365,Elise Mertens,Diane Parry,match_aces,9.5,1.3600,,2026-08-14T09:30:33Z,2026-08-15T15:00:00Z,Totals (Aces),8,"{'hdp': 9.5, 'over': '1.36'}"
73467034,2026-08-15,WTA,Cincinnati,Bet365,Elise Mertens,Diane Parry,match_aces,14.5,2.2500,,2026-08-14T09:30:33Z,2026-08-15T15:00:00Z,Totals (Aces),8,"{'hdp': 14.5, 'over': '2.25'}"
73467034,2026-08-15,WTA,Cincinnati,Bet365,Elise Mertens,Diane Parry,match_aces,19.5,4.5000,,2026-08-14T09:30:33Z,2026-08-15T15:00:00Z,Totals (Aces),8,"{'hdp': 19.5, 'over': '4.50'}"
73467034,2026-08-15,WTA,Cincinnati,Bet365,Elise Mertens,Diane Parry,match_aces,24.5,11.0000,,2026-08-14T09:30:33Z,2026-08-15T15:00:00Z,Totals (Aces),8,"{'hdp': 24.5, 'over': '11.00'}"
73467034,2026-08-15,WTA,Cincinnati,Bet365,Elise Mertens,Diane Parry,match_aces,29.5,23.0000,,2026-08-14T09:30:33Z,2026-08-15T15:00:00Z,Totals (Aces),8,"{'hdp': 29.5, 'over': '23.00'}"
73467034,2026-08-15,WTA,Cincinnati,Bet365,Elise Mertens,Diane Parry,match_aces,39.5,26.0000,,2026-08-14T09:30:33Z,2026-08-15T15:00:00Z,Totals (Aces),8,"{'hdp': 39.5, 'over': '26.00'}"
73467034,2026-08-15,WTA,Cincinnati,Bet365,Elise Mertens,Diane Parry,match_double_faults,4.5,1.0400,,2026-08-14T09:30:33Z,2026-08-15T15:00:00Z,Totals (Double Faults),9,"{'hdp': 4.5, 'over': '1.04'}"
73467034,2026-08-15,WTA,Cincinnati,Bet365,Elise Mertens,Diane Parry,match_double_faults,7.5,1.2500,,2026-08-14T09:30:33Z,2026-08-15T15:00:00Z,Totals (Double Faults),9,"{'hdp': 7.5, 'over': '1.25'}"
73467034,2026-08-15,WTA,Cincinnati,Bet365,Elise Mertens,Diane Parry,match_double_faults,9.5,1.6100,,2026-08-14T09:30:33Z,2026-08-15T15:00:00Z,Totals (Double Faults),9,"{'hdp': 9.5, 'over': '1.61'}"
73467034,2026-08-15,WTA,Cincinnati,Bet365,Elise Mertens,Diane Parry,match_double_faults,11.5,2.2500,,2026-08-14T09:30:33Z,2026-08-15T15:00:00Z,Totals (Double Faults),9,"{'hdp': 11.5, 'over': '2.25'}"
73467034,2026-08-15,WTA,Cincinnati,Bet365,Elise Mertens,Diane Parry,match_double_faults,14.5,4.3300,,2026-08-14T09:30:33Z,2026-08-15T15:00:00Z,Totals (Double Faults),9,"{'hdp': 14.5, 'over': '4.33'}"
73467034,2026-08-15,WTA,Cincinnati,Bet365,Elise Mertens,Diane Parry,match_double_faults,19.5,17.0000,,2026-08-14T09:30:33Z,2026-08-15T15:00:00Z,Totals (Double Faults),9,"{'hdp': 19.5, 'over': '17.00'}"
73467034,2026-08-15,WTA,Cincinnati,Bet365,Elise Mertens,Diane Parry,match_double_faults,24.5,26.0000,,2026-08-14T09:30:33Z,2026-08-15T15:00:00Z,Totals (Double Faults),9,"{'hdp': 24.5, 'over': '26.00'}"
73467034,2026-08-15,WTA,Cincinnati,Bet365,Diane Parry,Elise Mertens,aces,0.5,1.0100,,2026-08-14T09:30:33Z,2026-08-15T15:00:00Z,Team Total (Aces) Away,5,"{'hdp': 0.5, 'over': '1.01'}"
73467034,2026-08-15,WTA,Cincinnati,Bet365,Diane Parry,Elise Mertens,aces,2.5,1.2200,,2026-08-14T09:30:33Z,2026-08-15T15:00:00Z,Team Total (Aces) Away,5,"{'hdp': 2.5, 'over': '1.22'}"
73467034,2026-08-15,WTA,Cincinnati,Bet365,Diane Parry,Elise Mertens,aces,4.5,1.7200,,2026-08-14T09:30:33Z,2026-08-15T15:00:00Z,Team Total (Aces) Away,5,"{'hdp': 4.5, 'over': '1.72'}"
73467034,2026-08-15,WTA,Cincinnati,Bet365,Diane Parry,Elise Mertens,aces,9.5,7.0000,,2026-08-14T09:30:33Z,2026-08-15T15:00:00Z,Team Total (Aces) Away,5,"{'hdp': 9.5, 'over': '7.00'}"
73467034,2026-08-15,WTA,Cincinnati,Bet365,Diane Parry,Elise Mertens,aces,14.5,26.0000,,2026-08-14T09:30:33Z,2026-08-15T15:00:00Z,Team Total (Aces) Away,5,"{'hdp': 14.5, 'over': '26.00'}"
