compared_at,captured_at,match_date,kickoff,bookmaker,competition,home_team,away_team,is_home,player_id,player_name,canonical_player_name,player_team,opponent,position,position_group,odds_decimal,implied_prob,model_p_atgs,model_fair_odds_atgs,model_lambda,team_expected_npxg,team_share,non_pen_lambda,penalty_lambda,penalty_dependency_share,penalty_dependent,penalty_share,baseline_penalty_share,baseline_penalty_sample,baseline_penalty_source,career_player_penalties,career_team_penalties,career_penalty_share,penalty_evidence_share,penalty_evidence_sample,penalty_evidence_source,penalty_evidence_note,is_penalty_taker,penalty_role,penalty_share_prior,penalty_share_prior_weight,penalty_hierarchy_boost_xg,penalty_transfer,penalty_transfer_from,penalty_transfer_level,lineup_state,lineup_status,lineup_source,lineup_input,lineup_match_name,trust_tier,fixture_corruption_score,fixture_corruption_flags,minutes_estimate,usual_position,usual_position_score,usual_position_share_10,usual_position_matches_10,today_position_group,today_position_score,today_formation,position_change_score,position_upgrade,expected_minutes,recent_matches_8,recent_npxg_8,recent_np_goals_8,recent_npxg_per90_8,finishing_luck_8,last_fixture_avg_xga_3,next_opponent_xga,fixture_swing_3,attack_factor,opp_factor,ev,edge_pct,method,resolver_source,historical_minutes,signal_confidence,legacy_public_action,public_action,public_policy_reason,recommended_stake_units,recommended_stake_band,recommended_stake_label,shadow_action,confidence_reason,team_lineup_status,source,notes
2026-04-18T12:29:57Z,2026-04-10T16:31:43Z,2026-04-10,,Bet365,France - Ligue 1,Paris FC,AS Monaco,1,7908,Marshall Munetsi,Marshall Munetsi,Paris FC,AS Monaco,AMC,AMC,4.5,0.222222,0.24339,4.1086,0.2789,1.2532,0.2226,0.2789,0.0,0.0,0,0.0,0.0,1.01,recent_long,0.0,6.0,0.0,0.0,0.0,,,0,none,0.0,0.0,0.0,0,,,unknown,unknown,none,none,,T2,1.0,no_lineup_payload,72.8,MC,3,0.7143,7,,,,,0,72.8,8,3.2574,4.0,0.4559,0.7426,1.4857,1.3,0.875,0.9589,1.0,0.095254,9.526,model,history,4571.0,medium,surface_with_caveat,no_action,,0.0,,,no_action,"history_resolver,no_xi_yet,fixture_t2",,odds_api_io,event_id=61526508;market=Anytime Goalscorer
2026-04-18T12:29:57Z,2026-04-10T16:31:43Z,2026-04-10,,Bet365,France - Ligue 1,Paris FC,AS Monaco,1,13800,Samir Chergui,Samir Chergui,Paris FC,AS Monaco,Sub,Sub,10.0,0.1,0.108312,9.2326,0.1146,1.2532,0.0915,0.1146,0.0,0.0,0,0.0,0.0,0.54,recent_long,0.0,1.0,0.0,0.0,0.0,,,0,none,0.0,0.0,0.0,0,,,unknown,unknown,none,none,,T2,1.0,no_lineup_payload,72.2,DR,1,0.5,8,,,,,0,72.2,8,1.6662,1.0,0.2814,-0.6662,1.4485,1.3,0.8975,0.9589,1.0,0.083124,8.312,model,history,977.0,medium,surface_with_caveat,no_action,,0.0,,,no_action,"history_resolver,no_xi_yet,fixture_t2",,odds_api_io,event_id=61526508;market=Anytime Goalscorer
2026-04-18T12:29:57Z,2026-04-10T16:31:43Z,2026-04-10,,Bet365,France - Ligue 1,Paris FC,AS Monaco,1,9656,Ilan Kebbal,Ilan Kebbal,Paris FC,AS Monaco,Sub,Sub,3.6,0.277778,0.115392,8.6661,0.1226,1.2532,0.0502,0.0629,0.0597,0.487,1,0.6228,0.9474,1.87,recent_long,3.0,4.0,0.75,0.0,0.0,,,1,primary,0.42,3.0,0.0093,0,,,unknown,unknown,none,none,,T2,1.0,no_lineup_payload,78.4,MR,3,0.7778,9,,,,,0,78.4,8,0.5204,1.0,0.0798,0.4796,1.4827,1.3,0.8768,0.9589,1.0,-0.584588,-58.459,model,history,2003.0,medium,monitor,no_action,,0.0,,,no_action,"history_resolver,no_xi_yet,fixture_t2",,odds_api_io,event_id=61526508;market=Anytime Goalscorer
2026-04-18T12:29:57Z,2026-04-10T16:31:43Z,2026-04-10,,Bet365,France - Ligue 1,Paris FC,AS Monaco,1,12317,Nhoa Sangui,Nhoa Sangui,Paris FC,AS Monaco,DL,DL,11.0,0.090909,0.036965,27.0529,0.0377,1.2532,0.0301,0.0377,0.0,0.0,0,0.0,0.0,2.02,recent_long,0.0,6.0,0.0,0.0,0.0,,,0,none,0.0,0.0,0.0,0,,,unknown,unknown,none,none,,T2,1.0,no_lineup_payload,72.6,DL,1,0.8889,9,,,,,0,72.6,8,0.4273,0.0,0.0602,-0.4273,1.4857,1.3,0.875,0.9589,1.0,-0.593389,-59.339,model,history,2442.0,medium,monitor,no_action,,0.0,,,no_action,"history_resolver,no_xi_yet,fixture_t2",,odds_api_io,event_id=61526508;market=Anytime Goalscorer
2026-04-18T12:29:57Z,2026-04-10T16:31:43Z,2026-04-10,,Bet365,France - Ligue 1,Paris FC,AS Monaco,1,5661,Jonathan Ikone,Jonathan Ikone,Paris FC,AS Monaco,AMR,AMR,4.5,0.222222,0.082247,12.1585,0.0858,1.2532,0.0685,0.0858,0.0,0.0,0,0.0,0.0,2.05,recent_long,0.0,4.0,0.0,0.0,0.0,,,0,none,0.0,0.0,0.0,0,,,unknown,unknown,none,none,,T2,1.0,no_lineup_payload,52.1,FWR,5,0.4286,7,,,,,0,52.1,8,1.6482,1.0,0.3027,-0.6482,1.4857,1.3,0.875,0.9589,1.0,-0.629888,-62.989,model,history,789.0,medium,monitor,no_action,,0.0,,,no_action,"history_resolver,no_xi_yet,fixture_t2",,odds_api_io,event_id=61526508;market=Anytime Goalscorer
2026-04-18T12:29:57Z,2026-04-10T16:31:43Z,2026-04-10,,Bet365,France - Ligue 1,Paris FC,AS Monaco,1,5619,Pierre Lees-Melou,Pierre Lees-Melou,Paris FC,AS Monaco,M S,M S,5.5,0.181818,0.062128,16.0959,0.0641,1.2532,0.0512,0.0641,0.0,0.0,0,0.0,0.0,1.55,recent_long,0.0,7.0,0.0,0.0,0.0,,,0,none,0.0,0.0,0.0,0,,,unknown,unknown,none,none,,T2,1.0,no_lineup_payload,82.9,MC,3,0.7,10,,,,,0,82.9,8,0.4785,1.0,0.0604,0.5215,1.6002,1.3,0.8124,0.9589,1.0,-0.658299,-65.83,model,live_roster,4046.0,medium,monitor,no_action,,0.0,,,no_action,"live_roster_resolver,fixture_t2",,odds_api_io,event_id=61526508;market=Anytime Goalscorer
2026-04-18T12:29:57Z,2026-04-10T16:31:43Z,2026-04-10,,Bet365,France - Ligue 1,Paris FC,AS Monaco,1,3239,Hamari Traore,Hamari Traore,Paris FC,AS Monaco,Sub,Sub,17.0,0.058824,0.015733,63.56,0.0159,1.2532,0.0127,0.0159,0.0,0.0,0,0.0,0.0,1.27,recent_long,0.0,2.0,0.0,0.0,0.0,,,0,none,0.0,0.0,0.0,0,,,unknown,unknown,none,none,,T2,1.0,no_lineup_payload,73.1,DR,1,1.0,9,,,,,0,73.1,8,0.021,0.0,0.0033,-0.021,1.6828,1.3,0.7725,0.9589,1.0,-0.732536,-73.254,model,history,895.0,medium,monitor,no_action,,0.0,,,no_action,"history_resolver,no_xi_yet,fixture_t2",,odds_api_io,event_id=61526508;market=Anytime Goalscorer
2026-04-18T12:29:57Z,2026-04-10T16:31:43Z,2026-04-10,,Bet365,France - Ligue 1,Paris FC,AS Monaco,1,10169,Diego Coppola,Diego Coppola,Paris FC,AS Monaco,DC,DC,11.0,0.090909,0.021365,46.8055,0.0216,1.2532,0.0172,0.0216,0.0,0.0,0,0.0,0.0,0.0,none,0.0,0.0,0.0,0.0,0.0,,,0,none,0.0,0.0,0.0,0,,,unknown,unknown,none,none,,T2,1.0,no_lineup_payload,90.0,DC,1,1.0,7,,,,,0,90.0,7,0.23,0.0,0.0329,-0.23,1.4857,1.3,0.875,0.9589,1.0,-0.764985,-76.498,model,history,630.0,medium,monitor,no_action,,0.0,,,no_action,"history_resolver,no_xi_yet,fixture_t2",,odds_api_io,event_id=61526508;market=Anytime Goalscorer
2026-04-18T12:29:57Z,2026-04-10T16:31:43Z,2026-04-10,,Bet365,France - Ligue 1,Paris FC,AS Monaco,1,13801,Alimani Gory,Alimani Gory,Paris FC,AS Monaco,Sub,Sub,4.5,0.222222,0.050347,19.862,0.0517,1.2532,0.0412,0.0517,0.0,0.0,0,0.0,0.0,1.77,recent_long,0.0,3.0,0.0,0.0,0.0,,,0,none,0.0,0.0,0.0,0,,,unknown,unknown,none,none,,T2,1.0,no_lineup_payload,40.7,ML,3,0.5,6,,,,,0,40.7,8,0.6749,1.0,0.1761,0.3251,1.4766,1.3,0.8804,0.9589,1.0,-0.773437,-77.344,model,history,736.0,medium,monitor,no_action,,0.0,,,no_action,"history_resolver,no_xi_yet,fixture_t2",,odds_api_io,event_id=61526508;market=Anytime Goalscorer
2026-04-18T12:29:57Z,2026-04-10T16:31:43Z,2026-04-10,,Bet365,France - Ligue 1,Paris FC,AS Monaco,1,7169,Moses Simon,Moses Simon,Paris FC,AS Monaco,AML,AML,4.333,0.230787,0.05217,19.1682,0.0536,1.2532,0.0397,0.0497,0.0039,0.072,0,0.0481,0.0481,2.0,recent_long,5.0,11.0,0.4545,0.0,0.0,,,0,none,0.0,0.0,0.0017,0,,,unknown,unknown,none,none,,T2,1.0,no_lineup_payload,65.6,ML,3,0.375,8,,,,,0,65.6,8,0.4364,0.0,0.0808,-0.4364,1.4857,1.3,0.875,0.9589,1.0,-0.773948,-77.395,model,history,6206.0,medium,monitor,no_action,,0.0,,,no_action,"history_resolver,no_xi_yet,fixture_t2",,odds_api_io,event_id=61526508;market=Anytime Goalscorer
2026-04-18T12:29:57Z,2026-04-10T16:31:43Z,2026-04-10,,Bet365,France - Ligue 1,Paris FC,AS Monaco,1,6332,Willem Geubbels,Willem Geubbels,Paris FC,AS Monaco,Sub,Sub,3.5,0.285714,0.064286,15.5556,0.0664,1.2532,0.0469,0.0588,0.0076,0.1145,0,0.1681,0.2719,3.12,recent_long,1.0,5.0,0.2,0.0,0.0,,,1,tertiary,0.06,3.0,0.0,0,,,unknown,unknown,none,none,,T2,1.0,no_lineup_payload,37.0,FW,5,1.0,3,,,,,0,37.0,8,1.0183,1.0,0.3015,-0.0183,1.3152,1.3,0.9884,0.9589,1.0,-0.775001,-77.5,model,history,796.0,medium,monitor,no_action,,0.0,,,no_action,"history_resolver,no_xi_yet,fixture_t2",,odds_api_io,event_id=61526508;market=Anytime Goalscorer
2026-04-18T12:29:57Z,2026-04-10T16:31:43Z,2026-04-10,,Bet365,France - Ligue 1,Paris FC,AS Monaco,1,13805,Adama Camara,Adama Camara,Paris FC,AS Monaco,DR,DR,6.0,0.166667,0.03735,26.774,0.0381,1.2532,0.0304,0.0381,0.0,0.0,0,0.0,0.0,2.3,recent_long,0.0,5.0,0.0,0.0,0.0,,,0,none,0.0,0.0,0.0,0,,,unknown,unknown,none,none,,T2,1.0,no_lineup_payload,84.4,MC,3,0.5,10,,,,,0,84.4,8,0.1207,0.0,0.0166,-0.1207,1.4857,1.3,0.875,0.9589,1.0,-0.775902,-77.59,model,history,1929.0,medium,monitor,no_action,,0.0,,,no_action,"history_resolver,no_xi_yet,fixture_t2",,odds_api_io,event_id=61526508;market=Anytime Goalscorer
2026-04-18T12:29:57Z,2026-04-10T16:31:43Z,2026-04-10,,Bet365,France - Ligue 1,Paris FC,AS Monaco,1,5696,Vincent Marchetti,Vincent Marchetti,Paris FC,AS Monaco,Sub,Sub,6.0,0.166667,0.028054,35.6455,0.0285,1.2532,0.0227,0.0285,0.0,0.0,0,0.0,0.0,1.63,recent_long,0.0,3.0,0.0,0.0,0.0,,,0,none,0.0,0.0,0.0,0,,,unknown,unknown,none,none,,T2,1.0,no_lineup_payload,31.1,MC,3,1.0,4,,,,,0,31.1,8,0.1474,0.0,0.0733,-0.1474,1.4545,1.3,0.8938,0.9589,1.0,-0.831676,-83.168,model,history,751.0,medium,monitor,no_action,,0.0,,,no_action,"history_resolver,no_xi_yet,fixture_t2",,odds_api_io,event_id=61526508;market=Anytime Goalscorer
2026-04-18T12:29:57Z,2026-04-10T16:31:43Z,2026-04-10,,Bet365,France - Ligue 1,Paris FC,AS Monaco,1,13805,Lamine Camara,Lamine Camara,Paris FC,AS Monaco,DR,DR,4.5,0.222222,0.03735,26.774,0.0381,1.2532,0.0304,0.0381,0.0,0.0,0,0.0,0.0,2.3,recent_long,0.0,5.0,0.0,0.0,0.0,,,0,none,0.0,0.0,0.0,0,,,unknown,unknown,none,none,,T2,1.0,no_lineup_payload,84.4,MC,3,0.5,10,,,,,0,84.4,8,0.1207,0.0,0.0166,-0.1207,1.4857,1.3,0.875,0.9589,1.0,-0.831926,-83.193,model,history,1929.0,medium,monitor,no_action,,0.0,,,no_action,"history_resolver,no_xi_yet,fixture_t2",,odds_api_io,event_id=61526508;market=Anytime Goalscorer
2026-04-18T12:29:57Z,2026-04-10T16:31:43Z,2026-04-10,,Bet365,France - Ligue 1,Paris FC,AS Monaco,1,1209,Ciro Immobile,Ciro Immobile,Paris FC,AS Monaco,FW,FW,2.375,0.421053,0.070444,14.1957,0.073,1.2532,0.0583,0.073,0.0,0.0,0,0.0,0.0,0.0,none,0.0,0.0,0.0,0.0,0.0,,,0,none,0.0,0.0,0.0,0,,,unknown,unknown,none,none,,T2,1.0,no_lineup_payload,66.8,FW,5,1.0,6,,,,,0,66.8,7,1.064,1.0,0.2024,-0.064,1.4576,1.3,0.8919,0.9589,1.0,-0.832696,-83.27,model,history,473.0,low,suppress,no_action,,0.0,,,no_action,"history_lt_500,fixture_t2",,odds_api_io,event_id=61526508;market=Anytime Goalscorer
2026-04-18T12:29:57Z,2026-04-10T16:31:43Z,2026-04-10,,Bet365,France - Ligue 1,Paris FC,AS Monaco,1,10620,Luca Koleosho,Luca Koleosho,Paris FC,AS Monaco,Sub,Sub,5.5,0.181818,0.027874,35.8764,0.0283,1.2532,0.0226,0.0283,0.0,0.0,0,0.0,0.0,0.65,recent_long,0.0,1.0,0.0,0.0,0.0,,,0,none,0.0,0.0,0.0,0,,,unknown,unknown,none,none,,T2,1.0,no_lineup_payload,24.8,AMC,4,1.0,1,,,,,0,24.8,8,0.8807,0.0,0.3811,-0.8807,1.4857,1.3,0.875,0.9589,1.0,-0.846696,-84.67,model,history,255.0,low,suppress,no_action,,0.0,,,no_action,"history_lt_500,fixture_t2",,odds_api_io,event_id=61526508;market=Anytime Goalscorer
2026-04-18T12:29:57Z,2026-04-10T16:31:43Z,2026-04-10,,Bet365,France - Ligue 1,Paris FC,AS Monaco,1,8690,Jean-Philippe Krasso,Jean-Philippe Krasso,Paris FC,AS Monaco,Sub,Sub,2.375,0.421053,0.060083,16.6435,0.062,1.2532,0.0447,0.0561,0.0059,0.0953,0,0.114,0.0526,1.76,recent_long,1.0,4.0,0.25,0.0,0.0,,,1,secondary,0.15,3.0,0.0044,0,,,unknown,unknown,none,none,,T2,1.0,no_lineup_payload,42.4,FW,5,1.0,4,,,,,0,42.4,8,0.885,0.0,0.2918,-0.885,1.4777,1.3,0.8798,0.9589,1.0,-0.857302,-85.73,model,history,1082.0,medium,monitor,no_action,,0.0,,,no_action,"history_resolver,no_xi_yet,fixture_t2",,odds_api_io,event_id=61526508;market=Anytime Goalscorer
2026-04-18T12:29:57Z,2026-04-10T16:31:43Z,2026-04-10,,Bet365,France - Ligue 1,Paris FC,AS Monaco,1,13871,Otavio da Silva,Otavio da Silva,Paris FC,AS Monaco,Sub,Sub,13.0,0.076923,0.007996,99.0,0.008,1.2532,0.0064,0.008,0.0,0.0,0,0.0,0.0,2.63,recent_long,0.0,5.0,0.0,0.0,0.0,,,0,none,0.0,0.0,0.0,0,,,unknown,unknown,none,none,,T2,1.0,no_lineup_payload,78.3,DC,1,1.0,9,,,,,0,78.3,8,0.0658,0.0,0.0096,-0.0658,1.3858,1.3,0.9381,0.9589,1.0,-0.896047,-89.605,model,history,1732.0,medium,monitor,no_action,,0.0,,,no_action,"history_resolver,no_xi_yet,fixture_t2",,odds_api_io,event_id=61526508;market=Anytime Goalscorer
2026-04-18T12:29:57Z,2026-04-10T16:31:43Z,2026-04-10,,Bet365,France - Ligue 1,Paris FC,AS Monaco,1,10270,Lohann Doucet,Lohann Doucet,Paris FC,AS Monaco,Sub,Sub,7.0,0.142857,0.013685,73.0722,0.0138,1.2532,0.011,0.0138,0.0,0.0,0,0.0,0.0,1.0,recent_long,0.0,1.0,0.0,0.0,0.0,,,0,none,0.0,0.0,0.0,0,,,unknown,unknown,none,none,,T2,1.0,no_lineup_payload,21.7,MC,3,1.0,1,,,,,0,21.7,5,0.6115,1.0,0.4828,0.3885,1.4243,1.3,0.9127,0.9589,1.0,-0.904204,-90.42,model,history,114.0,low,suppress,no_action,,0.0,,,no_action,"history_lt_500,fixture_t2",,odds_api_io,event_id=61526508;market=Anytime Goalscorer
2026-04-18T12:29:57Z,2026-04-10T16:31:43Z,2026-04-10,,Bet365,France - Ligue 1,Paris FC,AS Monaco,1,3786,Mathieu Cafaro,Mathieu Cafaro,Paris FC,AS Monaco,Sub,Sub,4.5,0.222222,0.018268,54.7391,0.0184,1.2532,0.0147,0.0184,0.0,0.0,0,0.0,0.0,3.93,recent_long,0.0,6.0,0.0,0.0,0.0,,,0,none,0.0,0.0,0.0,0,,,unknown,unknown,none,none,,T2,1.0,no_lineup_payload,21.1,FWL,5,1.0,1,,,,,0,21.1,8,0.0758,0.0,0.0578,-0.0758,1.3175,1.3,0.9867,0.9589,1.0,-0.917792,-91.779,model,history,861.0,medium,monitor,no_action,,0.0,,,no_action,"history_resolver,no_xi_yet,fixture_t2",,odds_api_io,event_id=61526508;market=Anytime Goalscorer
2026-04-18T12:29:57Z,2026-04-10T16:31:43Z,2026-04-10,,Bet365,France - Ligue 1,Paris FC,AS Monaco,1,8647,Thibault De Smet,Thibault De Smet,Paris FC,AS Monaco,DL,DL,11.0,0.090909,0.006181,99.0,0.0062,1.2532,0.0049,0.0062,0.0,0.0,0,0.0,0.0,2.67,recent_long,0.0,7.0,0.0,0.0,0.0,,,0,none,0.0,0.0,0.0,0,,,unknown,unknown,none,none,,T2,1.0,no_lineup_payload,64.4,DL,1,1.0,7,,,,,0,64.4,8,0.0485,0.0,0.009,-0.0485,1.3194,1.3,0.9853,0.9589,1.0,-0.932004,-93.2,model,history,3096.0,medium,monitor,no_action,,0.0,,,no_action,"history_resolver,no_xi_yet,fixture_t2",,odds_api_io,event_id=61526508;market=Anytime Goalscorer
2026-04-18T12:29:57Z,2026-04-10T16:31:43Z,2026-04-10,,Bet365,France - Ligue 1,Paris FC,AS Monaco,1,3772,Maxime Lopez,Maxime Lopez,Paris FC,AS Monaco,DMC,DMC,11.0,0.090909,0.005399,99.0,0.0054,1.2532,0.0043,0.0054,0.0,0.0,0,0.0,0.0,2.24,recent_long,0.0,4.0,0.0,0.0,0.0,,,0,none,0.0,0.0,0.0,0,,,unknown,unknown,none,none,,T2,1.0,no_lineup_payload,80.1,MC,3,0.8889,9,,,,,0,80.1,8,0.0581,0.0,0.0088,-0.0581,1.3524,1.3,0.9612,0.9589,1.0,-0.940613,-94.061,model,history,1766.0,medium,monitor,no_action,,0.0,,,no_action,"history_resolver,no_xi_yet,fixture_t2",,odds_api_io,event_id=61526508;market=Anytime Goalscorer
2026-04-18T12:29:57Z,2026-04-10T16:31:43Z,2026-04-10,,Bet365,France - Ligue 1,Paris FC,AS Monaco,1,9563,Mamadou Mbow,Mamadou Mbow,Paris FC,AS Monaco,DC,DC,9.0,0.111111,0.006092,99.0,0.0061,1.2532,0.0049,0.0061,0.0,0.0,0,0.0,0.0,2.04,recent_long,0.0,5.0,0.0,0.0,0.0,,,0,none,0.0,0.0,0.0,0,,,unknown,unknown,none,none,,T2,1.0,no_lineup_payload,84.8,DC,1,1.0,9,,,,,0,84.8,8,0.069,0.0,0.0097,-0.069,1.4857,1.3,0.875,0.9589,1.0,-0.945172,-94.517,model,history,2351.0,medium,monitor,no_action,,0.0,,,no_action,"history_resolver,no_xi_yet,fixture_t2",,odds_api_io,event_id=61526508;market=Anytime Goalscorer
2026-04-18T12:29:57Z,2026-04-10T16:31:43Z,2026-04-10,,Bet365,France - Ligue 1,Paris FC,AS Monaco,1,3772,Julien Lopez,Julien Lopez,Paris FC,AS Monaco,DMC,DMC,5.5,0.181818,0.005399,99.0,0.0054,1.2532,0.0043,0.0054,0.0,0.0,0,0.0,0.0,2.24,recent_long,0.0,4.0,0.0,0.0,0.0,,,0,none,0.0,0.0,0.0,0,,,unknown,unknown,none,none,,T2,1.0,no_lineup_payload,80.1,MC,3,0.8889,9,,,,,0,80.1,8,0.0581,0.0,0.0088,-0.0581,1.3524,1.3,0.9612,0.9589,1.0,-0.970306,-97.031,model,history,1766.0,medium,monitor,no_action,,0.0,,,no_action,"history_resolver,no_xi_yet,fixture_t2",,odds_api_io,event_id=61526508;market=Anytime Goalscorer
2026-04-18T12:29:57Z,2026-04-10T16:31:43Z,2026-04-10,,Bet365,France - Ligue 1,Paris FC,AS Monaco,1,2063,Timothee Kolodziejczak,Timothee Kolodziejczak,Paris FC,AS Monaco,DC,DC,10.0,0.1,0.002404,99.0,0.0024,1.2532,0.0019,0.0024,0.0,0.0,0,0.0,0.0,1.62,recent_long,0.0,2.0,0.0,0.0,0.0,,,0,none,0.0,0.0,0.0,0,,,unknown,unknown,none,none,,T2,1.0,no_lineup_payload,64.8,DC,1,1.0,6,,,,,0,64.8,8,0.0428,0.0,0.0068,-0.0428,1.3147,1.3,0.9888,0.9589,1.0,-0.97596,-97.596,model,history,660.0,medium,monitor,no_action,,0.0,,,no_action,"history_resolver,no_xi_yet,fixture_t2",,odds_api_io,event_id=61526508;market=Anytime Goalscorer
2026-04-18T12:29:57Z,2026-04-10T16:31:43Z,2026-04-10,,Bet365,France - Ligue 1,Paris FC,AS Monaco,1,13804,Tuomas Ollila,Tuomas Ollila,Paris FC,AS Monaco,Sub,Sub,7.0,0.142857,0.001808,99.0,0.0018,1.2532,0.0014,0.0018,0.0,0.0,0,0.0,0.0,2.56,recent_long,0.0,3.0,0.0,0.0,0.0,,,0,none,0.0,0.0,0.0,0,,,unknown,unknown,none,none,,T2,1.0,no_lineup_payload,31.2,DL,1,1.0,3,,,,,0,31.2,8,0.0558,0.0,0.018,-0.0558,1.1428,1.3,1.1376,0.9589,1.0,-0.987341,-98.734,model,history,294.0,low,suppress,no_action,,0.0,,,no_action,"history_lt_500,fixture_t2",,odds_api_io,event_id=61526508;market=Anytime Goalscorer
2026-04-18T12:29:57Z,2026-04-10T16:31:43Z,2026-04-10,,Bet365,France - Ligue 1,Paris FC,AS Monaco,1,13577,Rudy Matondo,Rudy Matondo,Paris FC,AS Monaco,D M S,D M S,8.0,0.125,0.001,99.0,0.001,1.2532,0.0,0.0,0.0,0.0,0,0.0,0.0,0.0,none,0.0,0.0,0.0,0.0,0.0,,,0,none,0.0,0.0,0.0,0,,,unknown,unknown,none,none,,T2,1.0,no_lineup_payload,43.4,,,0.0,0,,,,,0,43.4,0,0.0,0.0,0.0,0.0,,1.3,,0.9589,1.0,-0.992004,-99.2,fallback,live_roster,0.0,low,suppress,no_action,,0.0,,,no_action,"fallback_method,fixture_t2",,odds_api_io,event_id=61526508;market=Anytime Goalscorer
2026-04-18T12:29:57Z,2026-04-10T16:31:43Z,2026-04-10,,Bet365,France - Ligue 1,Paris FC,AS Monaco,1,5762,Pierre-Yves Hamel,Pierre-Yves Hamel,Paris FC,AS Monaco,F S,F S,3.5,0.285714,0.001,99.0,0.001,1.2532,0.0,0.0,0.0,0.0,0,0.0,0.0,0.0,none,0.0,0.0,0.0,0.0,0.0,,,0,none,0.0,0.0,0.0,0,,,unknown,unknown,none,none,,T2,1.0,no_lineup_payload,39.0,,,0.0,0,,,,,0,39.0,0,0.0,0.0,0.0,0.0,,1.3,,0.9589,1.0,-0.996502,-99.65,fallback,live_roster,0.0,low,suppress,no_action,,0.0,,,no_action,"fallback_method,fixture_t2",,odds_api_io,event_id=61526508;market=Anytime Goalscorer
2026-04-18T12:29:57Z,2026-04-10T16:31:43Z,2026-04-10,,Bet365,France - Ligue 1,Paris FC,AS Monaco,1,14320,Mohamed Benoit-Dao,Mohamed Benoit-Dao,Paris FC,AS Monaco,S,S,3.0,0.333333,0.001,99.0,0.001,1.2532,0.0,0.0,0.0,0.0,0,0.0,0.0,0.0,none,0.0,0.0,0.0,0.0,0.0,,,0,none,0.0,0.0,0.0,0,,,unknown,unknown,none,none,,T2,1.0,no_lineup_payload,5.0,,,0.0,0,,,,,0,5.0,0,0.0,0.0,0.0,0.0,,1.3,,0.9589,1.0,-0.997001,-99.7,fallback,live_roster,0.0,low,suppress,no_action,,0.0,,,no_action,"fallback_method,fixture_t2",,odds_api_io,event_id=61526508;market=Anytime Goalscorer
2026-04-18T12:29:57Z,2026-04-10T16:31:43Z,2026-04-10,,Bet365,France - Ligue 1,Paris FC,AS Monaco,1,13802,Nouha Dicko,Nouha Dicko,Paris FC,AS Monaco,S,S,3.0,0.333333,0.001,99.0,0.001,1.2532,0.0,0.0,0.0,0.0,0,0.0,0.0,0.0,none,0.0,0.0,0.0,0.0,0.0,,,0,none,0.0,0.0,0.0,0,,,unknown,unknown,none,none,,T2,1.0,no_lineup_payload,6.4,,,0.0,0,,,,,0,6.4,0,0.0,0.0,0.0,0.0,,1.3,,0.9589,1.0,-0.997001,-99.7,fallback,live_roster,0.0,low,suppress,no_action,,0.0,,,no_action,"fallback_method,fixture_t2",,odds_api_io,event_id=61526508;market=Anytime Goalscorer
2026-04-18T12:29:57Z,2026-04-11T16:32:16Z,2026-04-11,,Bet365,France - Ligue 1,AJ Auxerre,FC Nantes,1,10815,Lassine Sinayoko,Lassine Sinayoko,Auxerre,FC Nantes,FW,FW,2.75,0.363636,0.382296,2.6158,0.4817,1.2659,0.3301,0.4179,0.0638,0.1325,0,0.6428,0.9558,2.13,recent_long,5.0,10.0,0.5,0.0,0.0,,,1,primary,0.42,3.0,0.0081,0,,,unknown,unknown,none,none,,T2,1.0,no_lineup_payload,89.4,FW,5,0.7,10,,,,,0,89.4,8,4.9132,1.0,0.6141,-3.9132,1.5442,1.3,0.8419,0.9687,1.0,0.051314,5.131,model,history,4587.0,medium,monitor,no_action,,0.0,,,no_action,"history_resolver,no_xi_yet,fixture_t2",,odds_api_io,event_id=61526512;market=Anytime Goalscorer
2026-04-18T12:29:57Z,2026-04-11T18:46:40Z,2026-04-11,,Bet365,France - Ligue 1,Stade Rennais FC,Angers SCO,0,13335,Goduine Koyalipou,Goduine Koyalipou,Angers,Stade Rennais FC,FW,FW,4.75,0.210526,0.177798,5.6244,0.1958,0.9051,0.2163,0.1958,0.0,0.0,0,0.0,0.0,1.27,recent_long,0.0,3.0,0.0,0.0,0.0,,,0,none,0.0,0.0,0.0,0,,,unknown,unknown,none,none,,T2,1.0,no_lineup_payload,67.1,FW,5,1.0,9,,,,,0,67.1,8,1.9312,0.0,0.3012,-1.9312,1.5716,1.3,0.8272,0.8078,1.0,-0.155458,-15.546,model,history,1404.0,medium,monitor,no_action,,0.0,,,no_action,"history_resolver,no_xi_yet,fixture_t2",,odds_api_io,event_id=61526498;market=Anytime Goalscorer
2026-04-18T12:29:57Z,2026-04-11T16:32:16Z,2026-04-11,,Bet365,France - Ligue 1,AJ Auxerre,FC Nantes,1,8703,Sinaly Diomande,Sinaly Diomande,Auxerre,FC Nantes,DC,DC,11.0,0.090909,0.076573,13.0595,0.0797,1.2659,0.0629,0.0797,0.0,0.0,0,0.0,0.0,1.85,recent_long,0.0,8.0,0.0,0.0,0.0,,,0,none,0.0,0.0,0.0,0,,,unknown,unknown,none,none,,T2,1.0,no_lineup_payload,89.8,DC,1,1.0,10,,,,,0,89.8,8,0.4976,0.0,0.0622,-0.4976,1.6383,1.3,0.7935,0.9687,1.0,-0.1577,-15.77,model,history,4435.0,medium,monitor,no_action,,0.0,,,no_action,"history_resolver,no_xi_yet,fixture_t2",,odds_api_io,event_id=61526512;market=Anytime Goalscorer
2026-04-18T12:29:57Z,2026-04-11T18:46:40Z,2026-04-11,,Bet365,France - Ligue 1,Stade Rennais FC,Angers SCO,0,14131,Mohamed Amine Sbai,Mohamed Amine Sbai,Angers,Stade Rennais FC,FW,FW,7.5,0.133333,0.099327,10.0678,0.1046,0.9051,0.11,0.0996,0.005,0.0482,0,0.15,0.0,0.0,none,0.0,0.0,0.0,0.0,0.0,,,1,secondary,0.15,3.0,0.005,0,,,unknown,unknown,none,none,,T2,1.0,no_lineup_payload,78.3,AML,4,0.6667,9,,,,,0,78.3,8,1.1539,1.0,0.1672,-0.1539,1.4881,1.3,0.8736,0.8078,1.0,-0.255048,-25.505,model,history,1480.0,medium,monitor,no_action,,0.0,,,no_action,"history_resolver,no_xi_yet,fixture_t2",,odds_api_io,event_id=61526498;market=Anytime Goalscorer
2026-04-18T12:29:57Z,2026-04-11T16:32:16Z,2026-04-11,,Bet365,France - Ligue 1,AJ Auxerre,FC Nantes,1,13888,Danny Namaso,Danny Namaso,Auxerre,FC Nantes,AMC,AMC,3.2,0.3125,0.215188,4.6471,0.2423,1.2659,0.1914,0.2423,0.0,0.0,0,0.0,0.0,1.84,recent_long,0.0,4.0,0.0,0.0,0.0,,,0,none,0.0,0.0,0.0,0,,,unknown,unknown,none,none,,T2,1.0,no_lineup_payload,89.7,FW,5,0.4,10,,,,,0,89.7,8,1.9209,1.0,0.2415,-0.9209,1.6383,1.3,0.7935,0.9687,1.0,-0.311398,-31.14,model,history,2074.0,medium,monitor,no_action,,0.0,,,no_action,"history_resolver,no_xi_yet,fixture_t2",,odds_api_io,event_id=61526512;market=Anytime Goalscorer
2026-04-18T12:29:57Z,2026-04-11T16:32:16Z,2026-04-11,,Bet365,France - Ligue 1,AJ Auxerre,FC Nantes,1,14408,Bryan Okoh,Bryan Okoh,Auxerre,FC Nantes,DC,DC,11.0,0.090909,0.061921,16.1497,0.0639,1.2659,0.0505,0.0639,0.0,0.0,0,0.0,0.0,0.0,none,0.0,0.0,0.0,0.0,0.0,,,0,none,0.0,0.0,0.0,0,,,unknown,unknown,none,none,,T2,1.0,no_lineup_payload,81.3,DC,1,1.0,7,,,,,0,81.3,8,0.8822,2.0,0.1254,1.1178,1.6383,1.3,0.7935,0.9687,1.0,-0.318872,-31.887,model,history,633.0,medium,monitor,no_action,,0.0,,,no_action,"history_resolver,no_xi_yet,fixture_t2",,odds_api_io,event_id=61526512;market=Anytime Goalscorer
2026-04-18T12:29:57Z,2026-04-11T18:46:40Z,2026-04-11,,Bet365,France - Ligue 1,Stade Rennais FC,Angers SCO,0,10517,Yassin Belkhdim,Yassin Belkhdim,Angers,Stade Rennais FC,MC,MC,8.0,0.125,0.07289,13.7194,0.0757,0.9051,0.0836,0.0757,0.0,0.0,0,0.0,0.0,0.22,recent_long,0.0,6.0,0.0,0.0,0.0,,,0,none,0.0,0.0,0.0,0,,,unknown,unknown,none,none,,T2,1.0,no_lineup_payload,79.5,AMR,4,0.5,10,,,,,0,79.5,8,0.7683,0.0,0.1119,-0.7683,1.3889,1.3,0.936,0.8078,1.0,-0.416883,-41.688,model,history,3704.0,medium,monitor,no_action,,0.0,,,no_action,"history_resolver,no_xi_yet,fixture_t2",,odds_api_io,event_id=61526498;market=Anytime Goalscorer
2026-04-18T12:29:57Z,2026-04-11T16:32:16Z,2026-04-11,,Bet365,France - Ligue 1,AJ Auxerre,FC Nantes,1,7081,Francisco Sierralta,Francisco Sierralta,Auxerre,FC Nantes,DC,DC,11.0,0.090909,0.047381,21.1054,0.0485,1.2659,0.0383,0.0485,0.0,0.0,0,0.0,0.0,1.4,recent_long,0.0,2.0,0.0,0.0,0.0,,,0,none,0.0,0.0,0.0,0,,,unknown,unknown,none,none,,T2,1.0,no_lineup_payload,86.8,DC,1,1.0,9,,,,,0,86.8,8,0.7253,1.0,0.0947,0.2747,1.7651,1.3,0.7365,0.9687,1.0,-0.478807,-47.881,model,history,869.0,medium,monitor,no_action,,0.0,,,no_action,"history_resolver,no_xi_yet,fixture_t2",,odds_api_io,event_id=61526512;market=Anytime Goalscorer
2026-04-18T12:29:57Z,2026-04-11T18:46:40Z,2026-04-11,,Bet365,France - Ligue 1,Stade Rennais FC,Angers SCO,0,10295,Louis Mouton,Louis Mouton,Angers,Stade Rennais FC,Sub,Sub,8.0,0.125,0.048457,20.637,0.0497,0.9051,0.0549,0.0497,0.0,0.0,0,0.0,0.0,0.11,recent_long,0.0,2.0,0.0,0.0,0.0,,,0,none,0.0,0.0,0.0,0,,,unknown,unknown,none,none,,T2,1.0,no_lineup_payload,60.5,AMC,4,0.8571,7,,,,,0,60.5,8,0.5619,0.0,0.1249,-0.5619,1.4881,1.3,0.8736,0.8078,1.0,-0.612348,-61.235,model,history,2810.0,medium,monitor,no_action,,0.0,,,no_action,"history_resolver,no_xi_yet,fixture_t2",,odds_api_io,event_id=61526498;market=Anytime Goalscorer
2026-04-18T12:29:57Z,2026-04-11T18:46:40Z,2026-04-11,,Bet365,France - Ligue 1,Stade Rennais FC,Angers SCO,0,12850,Esteban Lepaul,Esteban Lepaul,Angers,Stade Rennais FC,FW,FW,1.833,0.545554,0.211014,4.739,0.237,0.9051,0.2619,0.237,0.0,0.0,0,0.0,0.0,0.67,recent_long,0.0,3.0,0.0,0.0,0.0,,,0,none,0.0,0.0,0.0,0,,,unknown,unknown,none,none,,T2,1.0,no_lineup_payload,85.9,FW,5,1.0,10,,,,,0,85.9,8,2.909,4.0,0.3703,1.091,1.7525,1.3,0.7418,0.8078,1.0,-0.613212,-61.321,model,history,1638.0,medium,monitor,no_action,,0.0,,,no_action,"history_resolver,no_xi_yet,fixture_t2",,odds_api_io,event_id=61526498;market=Anytime Goalscorer
2026-04-18T12:29:57Z,2026-04-11T16:32:16Z,2026-04-11,,Bet365,France - Ligue 1,AJ Auxerre,FC Nantes,1,13793,Lamine Sy,Lamine Sy,Auxerre,FC Nantes,DR,DR,8.5,0.117647,0.044364,22.5409,0.0454,1.2659,0.0358,0.0454,0.0,0.0,0,0.0,0.0,1.4,recent_long,0.0,3.0,0.0,0.0,0.0,,,0,none,0.0,0.0,0.0,0,,,unknown,unknown,none,none,,T2,1.0,no_lineup_payload,75.2,DR,1,1.0,9,,,,,0,75.2,8,0.6832,0.0,0.1069,-0.6832,1.6383,1.3,0.7935,0.9687,1.0,-0.622907,-62.291,model,history,1220.0,medium,monitor,no_action,,0.0,,,no_action,"history_resolver,no_xi_yet,fixture_t2",,odds_api_io,event_id=61526512;market=Anytime Goalscorer
2026-04-18T12:29:57Z,2026-04-11T16:32:16Z,2026-04-11,,Bet365,France - Ligue 1,AJ Auxerre,FC Nantes,1,9092,Marvin Senaya,Marvin Senaya,Auxerre,FC Nantes,Sub,Sub,9.5,0.105263,0.037549,26.6318,0.0383,1.2659,0.0302,0.0383,0.0,0.0,0,0.0,0.0,1.03,recent_long,0.0,5.0,0.0,0.0,0.0,,,0,none,0.0,0.0,0.0,0,,,unknown,unknown,none,none,,T2,1.0,no_lineup_payload,70.5,DC,1,0.5714,7,,,,,0,70.5,8,0.5031,1.0,0.092,0.4969,1.483,1.3,0.8766,0.9687,1.0,-0.643283,-64.328,model,history,3872.0,medium,monitor,no_action,,0.0,,,no_action,"history_resolver,no_xi_yet,fixture_t2",,odds_api_io,event_id=61526512;market=Anytime Goalscorer
2026-04-18T12:29:57Z,2026-04-11T16:32:16Z,2026-04-11,,Bet365,France - Ligue 1,AJ Auxerre,FC Nantes,1,11962,Oussama El Azzouzi,Oussama El Azzouzi,Auxerre,FC Nantes,MC,MC,8.0,0.125,0.040776,24.5244,0.0416,1.2659,0.0329,0.0416,0.0,0.0,0,0.0,0.0,2.87,recent_long,0.0,4.0,0.0,0.0,0.0,,,0,none,0.0,0.0,0.0,0,,,unknown,unknown,none,none,,T2,1.0,no_lineup_payload,77.6,MC,3,0.9,10,,,,,0,77.6,8,0.6847,1.0,0.0967,0.3153,1.1323,1.3,1.1481,0.9687,1.0,-0.673794,-67.379,model,history,821.0,medium,monitor,no_action,,0.0,,,no_action,"history_resolver,no_xi_yet,fixture_t2",,odds_api_io,event_id=61526512;market=Anytime Goalscorer
2026-04-18T12:29:57Z,2026-04-11T18:46:40Z,2026-04-11,,Bet365,France - Ligue 1,Stade Rennais FC,Angers SCO,0,6895,Jordan Lefort,Jordan Lefort,Angers,Stade Rennais FC,DC,DC,17.0,0.058824,0.017231,58.0364,0.0174,0.9051,0.0192,0.0174,0.0,0.0,0,0.0,0.0,0.18,recent_long,0.0,6.0,0.0,0.0,0.0,,,0,none,0.0,0.0,0.0,0,,,unknown,unknown,none,none,,T2,1.0,no_lineup_payload,90.0,DC,1,1.0,10,,,,,0,90.0,8,0.2563,0.0,0.032,-0.2563,1.4881,1.3,0.8736,0.8078,1.0,-0.70708,-70.708,model,history,5580.0,medium,monitor,no_action,,0.0,,,no_action,"history_resolver,no_xi_yet,fixture_t2",,odds_api_io,event_id=61526498;market=Anytime Goalscorer
2026-04-18T12:29:57Z,2026-04-11T18:46:40Z,2026-04-11,,Bet365,France - Ligue 1,Stade Rennais FC,Angers SCO,0,12851,Emmanuel Biumla,Emmanuel Biumla,Angers,Stade Rennais FC,Sub,Sub,13.0,0.076923,0.020654,48.4171,0.0209,0.9051,0.0231,0.0209,0.0,0.0,0,0.0,0.0,1.08,recent_long,0.0,3.0,0.0,0.0,0.0,,,0,none,0.0,0.0,0.0,0,,,unknown,unknown,none,none,,T2,1.0,no_lineup_payload,65.1,DC,1,1.0,6,,,,,0,65.1,8,0.0,0.0,0.0,0.0,1.6046,1.3,0.8102,0.8078,1.0,-0.7315,-73.15,model,history,1570.0,medium,monitor,no_action,,0.0,,,no_action,"history_resolver,no_xi_yet,fixture_t2",,odds_api_io,event_id=61526498;market=Anytime Goalscorer
2026-04-18T12:29:57Z,2026-04-11T18:46:40Z,2026-04-11,,Bet365,France - Ligue 1,Stade Rennais FC,Angers SCO,0,10790,Branco van den Boomen,Branco van den Boomen,Angers,Stade Rennais FC,MC,MC,9.0,0.111111,0.02554,39.1545,0.0259,0.9051,0.0123,0.0112,0.0147,0.569,1,0.42,0.0,0.0,none,0.0,0.0,0.0,0.0,0.0,,,1,primary,0.42,3.0,0.0147,0,,,unknown,unknown,none,none,,T2,1.0,no_lineup_payload,81.6,DMC,2,0.625,8,,,,,0,81.6,8,0.273,0.0,0.0356,-0.273,1.4881,1.3,0.8736,0.8078,1.0,-0.770142,-77.014,model,history,718.0,medium,monitor,no_action,,0.0,,,no_action,"history_resolver,no_xi_yet,fixture_t2",,odds_api_io,event_id=61526498;market=Anytime Goalscorer
2026-04-18T12:29:57Z,2026-04-11T18:46:40Z,2026-04-11,,Bet365,France - Ligue 1,Stade Rennais FC,Angers SCO,0,10243,Jacques Ekomie,Jacques Ekomie,Angers,Stade Rennais FC,DL,DL,13.0,0.076923,0.016703,59.8694,0.0168,0.9051,0.0186,0.0168,0.0,0.0,0,0.0,0.0,0.0,none,0.0,1.0,0.0,0.0,0.0,,,0,none,0.0,0.0,0.0,0,,,unknown,unknown,none,none,,T2,1.0,no_lineup_payload,74.0,DL,1,0.875,8,,,,,0,74.0,8,0.1408,0.0,0.022,-0.1408,1.4693,1.3,0.8848,0.8078,1.0,-0.782861,-78.286,model,history,2442.0,medium,monitor,no_action,,0.0,,,no_action,"history_resolver,no_xi_yet,fixture_t2",,odds_api_io,event_id=61526498;market=Anytime Goalscorer
2026-04-18T12:29:57Z,2026-04-11T16:32:16Z,2026-04-11,,Bet365,France - Ligue 1,AJ Auxerre,FC Nantes,1,6420,Romain Faivre,Romain Faivre,Auxerre,FC Nantes,AMR,AMR,4.75,0.210526,0.040688,24.577,0.0415,1.2659,0.0309,0.0391,0.0024,0.0586,0,0.0455,0.0455,1.91,recent_long,1.0,7.0,0.1429,0.0,0.0,,,0,none,0.0,0.0,0.0011,0,,,unknown,unknown,none,none,,T2,1.0,no_lineup_payload,48.2,FWR,5,0.6,5,,,,,0,48.2,8,0.4151,0.0,0.108,-0.4151,1.6383,1.3,0.7935,0.9687,1.0,-0.80673,-80.673,model,history,2698.0,medium,monitor,no_action,,0.0,,,no_action,"history_resolver,no_xi_yet,fixture_t2",,odds_api_io,event_id=61526512;market=Anytime Goalscorer
2026-04-18T12:29:57Z,2026-04-11T18:46:40Z,2026-04-11,,Bet365,France - Ligue 1,Stade Rennais FC,Angers SCO,0,11016,Ousmane Camara,Ousmane Camara,Angers,Stade Rennais FC,DC,DC,17.0,0.058824,0.010743,93.0845,0.0108,0.9051,0.0119,0.0108,0.0,0.0,0,0.0,0.0,0.0,none,0.0,0.0,0.0,0.0,0.0,,,0,none,0.0,0.0,0.0,0,,,unknown,unknown,none,none,,T2,1.0,no_lineup_payload,90.0,DC,1,1.0,10,,,,,0,90.0,8,0.1799,0.0,0.0225,-0.1799,1.4881,1.3,0.8736,0.8078,1.0,-0.81737,-81.737,model,history,2570.0,medium,monitor,no_action,,0.0,,,no_action,"history_resolver,no_xi_yet,fixture_t2",,odds_api_io,event_id=61526498;market=Anytime Goalscorer
2026-04-18T12:29:57Z,2026-04-11T18:46:40Z,2026-04-11,,Bet365,France - Ligue 1,Stade Rennais FC,Angers SCO,0,11294,Lilian Raolisoa,Lilian Raolisoa,Angers,Stade Rennais FC,DR,DR,9.0,0.111111,0.016985,58.8743,0.0171,0.9051,0.0189,0.0171,0.0,0.0,0,0.0,0.0,0.22,recent_long,0.0,4.0,0.0,0.0,0.0,,,0,none,0.0,0.0,0.0,0,,,unknown,unknown,none,none,,T2,1.0,no_lineup_payload,55.2,DR,1,0.3333,6,,,,,0,55.2,8,0.1977,1.0,0.0294,0.8023,1.4881,1.3,0.8736,0.8078,1.0,-0.847132,-84.713,model,history,2760.0,medium,monitor,no_action,,0.0,,,no_action,"history_resolver,no_xi_yet,fixture_t2",,odds_api_io,event_id=61526498;market=Anytime Goalscorer
2026-04-18T12:29:57Z,2026-04-11T16:32:16Z,2026-04-11,,Bet365,France - Ligue 1,AJ Auxerre,FC Nantes,1,10818,Kevin Danois,Kevin Danois,Auxerre,FC Nantes,DMC,DMC,4.75,0.210526,0.032119,31.1341,0.0326,1.2659,0.0258,0.0326,0.0,0.0,0,0.0,0.0,1.97,recent_long,0.0,9.0,0.0,0.0,0.0,,,0,none,0.0,0.0,0.0,0,,,unknown,unknown,none,none,,T2,1.0,no_lineup_payload,89.3,MC,3,0.9,10,,,,,0,89.3,8,0.2252,1.0,0.0282,0.7748,1.6383,1.3,0.7935,0.9687,1.0,-0.847434,-84.743,model,history,3779.0,medium,monitor,no_action,,0.0,,,no_action,"history_resolver,no_xi_yet,fixture_t2",,odds_api_io,event_id=61526512;market=Anytime Goalscorer
2026-04-18T12:29:57Z,2026-04-11T16:32:16Z,2026-04-11,,Bet365,France - Ligue 1,AJ Auxerre,FC Nantes,1,11789,Josue Casimir,Josue Casimir,Auxerre,FC Nantes,Sub,Sub,4.0,0.25,0.032566,30.7065,0.0331,1.2659,0.023,0.0292,0.004,0.1195,0,0.0867,0.0218,2.93,recent_long,1.0,21.0,0.0476,0.0,0.0,,,1,secondary,0.15,3.0,0.0033,0,,,unknown,unknown,none,none,,T2,1.0,no_lineup_payload,41.1,MR,3,0.75,4,,,,,0,41.1,8,0.7641,1.0,0.1786,0.2359,1.6383,1.3,0.7935,0.9687,1.0,-0.869734,-86.973,model,history,5528.0,medium,monitor,no_action,,0.0,,,no_action,"history_resolver,no_xi_yet,fixture_t2",,odds_api_io,event_id=61526512;market=Anytime Goalscorer
2026-04-18T12:29:57Z,2026-04-11T16:32:16Z,2026-04-11,,Bet365,France - Ligue 1,AJ Auxerre,FC Nantes,1,13407,Fredrik Oppegard,Fredrik Oppegard,Auxerre,FC Nantes,AML,AML,7.0,0.142857,0.017665,56.6088,0.0178,1.2659,0.0141,0.0178,0.0,0.0,0,0.0,0.0,2.39,recent_long,0.0,6.0,0.0,0.0,0.0,,,0,none,0.0,0.0,0.0,0,,,unknown,unknown,none,none,,T2,1.0,no_lineup_payload,59.9,DL,1,0.5,8,,,,,0,59.9,8,0.3027,0.0,0.0546,-0.3027,1.6383,1.3,0.7935,0.9687,1.0,-0.876344,-87.634,model,history,1301.0,medium,monitor,no_action,,0.0,,,no_action,"history_resolver,no_xi_yet,fixture_t2",,odds_api_io,event_id=61526512;market=Anytime Goalscorer
2026-04-18T12:29:57Z,2026-04-11T18:46:40Z,2026-04-11,,Bet365,France - Ligue 1,Stade Rennais FC,Angers SCO,0,5732,Abdoulaye Bamba,Abdoulaye Bamba,Angers,Stade Rennais FC,Sub,Sub,41.0,0.02439,0.002567,99.0,0.0026,0.9051,0.0028,0.0026,0.0,0.0,0,0.0,0.0,1.71,recent_long,0.0,4.0,0.0,0.0,0.0,,,0,none,0.0,0.0,0.0,0,,,unknown,unknown,none,none,,T2,1.0,no_lineup_payload,70.0,DC,1,1.0,8,,,,,0,70.0,8,0.0699,0.0,0.0115,-0.0699,1.4534,1.3,0.8944,0.8078,1.0,-0.894757,-89.476,model,history,1602.0,medium,monitor,no_action,,0.0,,,no_action,"history_resolver,no_xi_yet,fixture_t2",,odds_api_io,event_id=61526498;market=Anytime Goalscorer
2026-04-18T12:29:57Z,2026-04-11T18:46:40Z,2026-04-11,,Bet365,France - Ligue 1,Stade Rennais FC,Angers SCO,0,13604,Prosper Peter,Prosper Peter,Angers,Stade Rennais FC,Sub,Sub,6.0,0.166667,0.017218,58.0803,0.0174,0.9051,0.0192,0.0174,0.0,0.0,0,0.0,0.0,0.0,none,0.0,0.0,0.0,0.0,0.0,,,0,none,0.0,0.0,0.0,0,,,unknown,unknown,none,none,,T2,1.0,no_lineup_payload,29.3,FW,5,1.0,3,,,,,0,29.3,8,0.4963,0.0,0.1667,-0.4963,1.5684,1.3,0.8289,0.8078,1.0,-0.896695,-89.669,model,history,963.0,medium,monitor,no_action,,0.0,,,no_action,"history_resolver,no_xi_yet,fixture_t2",,odds_api_io,event_id=61526498;market=Anytime Goalscorer
2026-04-18T12:29:57Z,2026-04-11T18:46:40Z,2026-04-11,,Bet365,France - Ligue 1,Stade Rennais FC,Angers SCO,0,14132,Djibirin Harouna,Djibirin Harouna,Angers,Stade Rennais FC,Sub,Sub,9.0,0.111111,0.011044,90.5467,0.0111,0.9051,0.0123,0.0111,0.0,0.0,0,0.0,0.0,0.0,none,0.0,0.0,0.0,0.0,0.0,,,0,none,0.0,0.0,0.0,0,,,unknown,unknown,none,none,,T2,1.0,no_lineup_payload,19.6,AMR,4,1.0,1,,,,,0,19.6,8,0.5685,1.0,0.2827,0.4315,1.4507,1.3,0.8961,0.8078,1.0,-0.900604,-90.06,model,history,286.0,low,suppress,no_action,,0.0,,,no_action,"history_lt_500,fixture_t2",,odds_api_io,event_id=61526498;market=Anytime Goalscorer
2026-04-18T12:29:57Z,2026-04-11T18:46:40Z,2026-04-11,,Bet365,France - Ligue 1,Stade Rennais FC,Angers SCO,0,13612,Lanroy Machine,Lanroy Machine,Angers,Stade Rennais FC,FW,FW,6.0,0.166667,0.01576,63.4513,0.0159,0.9051,0.0176,0.0159,0.0,0.0,0,0.0,0.0,0.0,none,0.0,0.0,0.0,0.0,0.0,,,0,none,0.0,0.0,0.0,0,,,unknown,unknown,none,none,,T2,1.0,no_lineup_payload,23.6,FW,5,1.0,2,,,,,0,23.6,8,0.4386,1.0,0.1862,0.5614,1.3889,1.3,0.936,0.8078,1.0,-0.905439,-90.544,model,history,329.0,low,suppress,no_action,,0.0,,,no_action,"history_lt_500,fixture_t2",,odds_api_io,event_id=61526498;market=Anytime Goalscorer
2026-04-18T12:29:57Z,2026-04-11T18:46:40Z,2026-04-11,,Bet365,France - Ligue 1,Stade Rennais FC,Angers SCO,0,5756,Carlens Arcus,Carlens Arcus,Angers,Stade Rennais FC,DC,DC,13.0,0.076923,0.006747,99.0,0.0068,0.9051,0.0075,0.0068,0.0,0.0,0,0.0,0.0,0.0,none,0.0,4.0,0.0,0.0,0.0,,,0,none,0.0,0.0,0.0,0,,,unknown,unknown,none,none,,T2,1.0,no_lineup_payload,80.7,DR,1,0.7,10,,,,,0,80.7,8,0.1006,0.0,0.0139,-0.1006,1.5716,1.3,0.8272,0.8078,1.0,-0.912295,-91.229,model,history,4105.0,medium,monitor,no_action,,0.0,,,no_action,"history_resolver,no_xi_yet,fixture_t2",,odds_api_io,event_id=61526498;market=Anytime Goalscorer
2026-04-18T12:29:57Z,2026-04-11T16:32:16Z,2026-04-11,,Bet365,France - Ligue 1,AJ Auxerre,FC Nantes,1,8970,Sekou Mara,Sekou Mara,Auxerre,FC Nantes,Sub,Sub,3.2,0.3125,0.020902,47.8426,0.0211,1.2659,0.0167,0.0211,0.0,0.0,0,0.0,0.0,1.98,recent_long,0.0,6.0,0.0,0.0,0.0,,,0,none,0.0,0.0,0.0,0,,,unknown,unknown,none,none,,T2,1.0,no_lineup_payload,35.1,FW,5,1.0,4,,,,,0,35.1,8,0.3412,0.0,0.1442,-0.3412,1.6443,1.3,0.7906,0.9687,1.0,-0.933114,-93.311,model,history,1672.0,medium,monitor,no_action,,0.0,,,no_action,"history_resolver,no_xi_yet,fixture_t2",,odds_api_io,event_id=61526512;market=Anytime Goalscorer
2026-04-18T12:29:57Z,2026-04-11T16:32:16Z,2026-04-11,,Bet365,France - Ligue 1,AJ Auxerre,FC Nantes,1,12824,Clement Akpa,Clement Akpa,Auxerre,FC Nantes,Sub,Sub,11.0,0.090909,0.005093,99.0,0.0051,1.2659,0.004,0.0051,0.0,0.0,0,0.0,0.0,2.56,recent_long,0.0,10.0,0.0,0.0,0.0,,,0,none,0.0,0.0,0.0,0,,,unknown,unknown,none,none,,T2,1.0,no_lineup_payload,76.6,DC,1,0.7778,9,,,,,0,76.6,8,0.0436,0.0,0.0066,-0.0436,1.6043,1.3,0.8103,0.9687,1.0,-0.943982,-94.398,model,history,4332.0,medium,monitor,no_action,,0.0,,,no_action,"history_resolver,no_xi_yet,fixture_t2",,odds_api_io,event_id=61526512;market=Anytime Goalscorer
2026-04-18T12:29:57Z,2026-04-11T18:46:40Z,2026-04-11,,Bet365,France - Ligue 1,Stade Rennais FC,Angers SCO,0,7732,Haris Belkebla,Haris Belkebla,Angers,Stade Rennais FC,MC,MC,13.0,0.076923,0.003479,99.0,0.0035,0.9051,0.0039,0.0035,0.0,0.0,0,0.0,0.0,0.31,recent_long,0.0,4.0,0.0,0.0,0.0,,,0,none,0.0,0.0,0.0,0,,,unknown,unknown,none,none,,T2,1.0,no_lineup_payload,85.2,DMC,2,0.6,10,,,,,0,85.2,8,0.0479,0.0,0.0066,-0.0479,1.4881,1.3,0.8736,0.8078,1.0,-0.954768,-95.477,model,history,4146.0,medium,monitor,no_action,,0.0,,,no_action,"history_resolver,no_xi_yet,fixture_t2",,odds_api_io,event_id=61526498;market=Anytime Goalscorer
2026-04-18T12:29:57Z,2026-04-11T18:46:40Z,2026-04-11,,Bet365,France - Ligue 1,Stade Rennais FC,Angers SCO,0,11016,Mahdi Camara,Mahdi Camara,Angers,Stade Rennais FC,DC,DC,4.0,0.25,0.010743,93.0845,0.0108,0.9051,0.0119,0.0108,0.0,0.0,0,0.0,0.0,0.0,none,0.0,0.0,0.0,0.0,0.0,,,0,none,0.0,0.0,0.0,0,,,unknown,unknown,none,none,,T2,1.0,no_lineup_payload,90.0,DC,1,1.0,10,,,,,0,90.0,8,0.1799,0.0,0.0225,-0.1799,1.4881,1.3,0.8736,0.8078,1.0,-0.957028,-95.703,model,history,2570.0,medium,monitor,no_action,,0.0,,,no_action,"history_resolver,no_xi_yet,fixture_t2",,odds_api_io,event_id=61526498;market=Anytime Goalscorer
2026-04-18T12:29:57Z,2026-04-11T16:32:16Z,2026-04-11,,Bet365,France - Ligue 1,AJ Auxerre,FC Nantes,1,9274,Naouirou Ahamada,Naouirou Ahamada,Auxerre,FC Nantes,Sub,Sub,4.75,0.210526,0.008135,99.0,0.0082,1.2659,0.0065,0.0082,0.0,0.0,0,0.0,0.0,0.0,none,0.0,0.0,0.0,0.0,0.0,,,0,none,0.0,0.0,0.0,0,,,unknown,unknown,none,none,,T2,1.0,no_lineup_payload,38.5,MC,3,0.8,5,,,,,0,38.5,8,0.1869,0.0,0.0568,-0.1869,1.477,1.3,0.8801,0.9687,1.0,-0.96136,-96.136,model,history,373.0,low,suppress,no_action,,0.0,,,no_action,"history_lt_500,fixture_t2",,odds_api_io,event_id=61526512;market=Anytime Goalscorer
2026-04-18T12:29:57Z,2026-04-11T18:46:40Z,2026-04-11,,Bet365,France - Ligue 1,Stade Rennais FC,Angers SCO,0,3495,Pierrick Capelle,Pierrick Capelle,Angers,Stade Rennais FC,Sub,Sub,9.0,0.111111,0.003565,99.0,0.0036,0.9051,0.0039,0.0036,0.0,0.0,0,0.0,0.0,1.7,recent_long,0.0,5.0,0.0,0.0,0.0,,,0,none,0.0,0.0,0.0,0,,,unknown,unknown,none,none,,T2,1.0,no_lineup_payload,25.6,MC,3,1.0,1,,,,,0,25.6,8,0.1667,0.0,0.0811,-0.1667,1.4881,1.3,0.8736,0.8078,1.0,-0.967919,-96.792,model,history,681.0,medium,monitor,no_action,,0.0,,,no_action,"history_resolver,no_xi_yet,fixture_t2",,odds_api_io,event_id=61526498;market=Anytime Goalscorer
2026-04-18T12:29:57Z,2026-04-11T16:32:16Z,2026-04-11,,Bet365,France - Ligue 1,AJ Auxerre,FC Nantes,1,9807,Gideon Mensah,Gideon Mensah,Auxerre,FC Nantes,DL,DL,21.0,0.047619,0.001,99.0,0.001,1.2659,0.0,0.0,0.0,0.0,0,0.0,0.0,2.41,recent_long,0.0,10.0,0.0,0.0,0.0,,,0,none,0.0,0.0,0.0,0,,,unknown,unknown,none,none,,T2,1.0,no_lineup_payload,72.6,DL,1,1.0,8,,,,,0,72.6,8,0.0,0.0,0.0,0.0,1.5442,1.3,0.8419,0.9687,1.0,-0.97901,-97.901,model,history,4115.0,medium,monitor,no_action,,0.0,,,no_action,"history_resolver,no_xi_yet,fixture_t2",,odds_api_io,event_id=61526512;market=Anytime Goalscorer
2026-04-18T12:29:57Z,2026-04-11T18:46:40Z,2026-04-11,,Bet365,France - Ligue 1,Stade Rennais FC,Angers SCO,0,13158,Marius Courcoul,Marius Courcoul,Angers,Stade Rennais FC,Sub,Sub,17.0,0.058824,0.001,99.0,0.001,0.9051,0.0006,0.0006,0.0,0.0,0,0.0,0.0,0.43,recent_long,0.0,2.0,0.0,0.0,0.0,,,0,none,0.0,0.0,0.0,0,,,unknown,unknown,none,none,,T2,1.0,no_lineup_payload,19.4,DMC,2,1.0,2,,,,,0,19.4,8,0.0531,0.0,0.0213,-0.0531,1.3314,1.3,0.9764,0.8078,1.0,-0.983008,-98.301,model,history,632.0,medium,monitor,no_action,,0.0,,,no_action,"history_resolver,no_xi_yet,fixture_t2",,odds_api_io,event_id=61526498;market=Anytime Goalscorer
2026-04-18T12:29:57Z,2026-04-11T18:46:40Z,2026-04-11,,Bet365,France - Ligue 1,Stade Rennais FC,Angers SCO,0,13159,Marius Louer,Marius Louer,Angers,Stade Rennais FC,DC,DC,17.0,0.058824,0.001,99.0,0.001,0.9051,0.0,0.0,0.0,0.0,0,0.0,0.0,0.0,none,0.0,0.0,0.0,0.0,0.0,,,0,none,0.0,0.0,0.0,0,,,unknown,unknown,none,none,,T2,1.0,no_lineup_payload,41.5,DR,1,0.5,2,,,,,0,41.5,5,0.0,0.0,0.0,0.0,1.3484,1.3,0.9641,0.8078,1.0,-0.983008,-98.301,model,history,192.0,low,suppress,no_action,,0.0,,,no_action,"history_lt_500,fixture_t2",,odds_api_io,event_id=61526498;market=Anytime Goalscorer
2026-04-18T12:29:57Z,2026-04-11T16:32:16Z,2026-04-11,,Bet365,France - Ligue 1,AJ Auxerre,FC Nantes,1,6333,Elisha Owusu,Elisha Owusu,Auxerre,FC Nantes,DMC,DMC,7.0,0.142857,0.002182,99.0,0.0022,1.2659,0.0017,0.0022,0.0,0.0,0,0.0,0.0,0.96,recent_long,0.0,6.0,0.0,0.0,0.0,,,0,none,0.0,0.0,0.0,0,,,unknown,unknown,none,none,,T2,1.0,no_lineup_payload,79.3,MC,3,0.8889,9,,,,,0,79.3,8,0.0268,0.0,0.0033,-0.0268,1.6383,1.3,0.7935,0.9687,1.0,-0.984725,-98.472,model,history,4210.0,medium,monitor,no_action,,0.0,,,no_action,"history_resolver,no_xi_yet,fixture_t2",,odds_api_io,event_id=61526512;market=Anytime Goalscorer
2026-04-18T12:29:57Z,2026-04-11T18:46:40Z,2026-04-11,,Bet365,France - Ligue 1,Stade Rennais FC,Angers SCO,0,14160,Dan Sinate,Dan Sinaté,Angers,Stade Rennais FC,S,S,13.0,0.076923,0.001,99.0,0.001,0.9051,0.0,0.0,0.0,0.0,0,0.0,0.0,0.0,none,0.0,0.0,0.0,0.0,0.0,,,0,none,0.0,0.0,0.0,0,,,unknown,unknown,none,none,,T2,1.0,no_lineup_payload,8.3,,,0.0,0,,,,,0,8.3,0,0.0,0.0,0.0,0.0,,1.3,,0.8078,1.0,-0.987006,-98.701,fallback,live_roster,0.0,low,suppress,no_action,,0.0,,,no_action,"fallback_method,fixture_t2",,odds_api_io,event_id=61526498;market=Anytime Goalscorer
2026-04-18T12:29:57Z,2026-04-11T18:46:40Z,2026-04-11,,Bet365,France - Ligue 1,Stade Rennais FC,Angers SCO,0,12848,Florent Hanin,Florent Hanin,Angers,Stade Rennais FC,Sub,Sub,13.0,0.076923,0.001,99.0,0.001,0.9051,0.0008,0.0007,0.0,0.0,0,0.0,0.0,0.29,recent_long,0.0,6.0,0.0,0.0,0.0,,,0,none,0.0,0.0,0.0,0,,,unknown,unknown,none,none,,T2,1.0,no_lineup_payload,37.8,DML,2,0.5,4,,,,,0,37.8,8,0.0,0.0,0.0,0.0,1.4881,1.3,0.8736,0.8078,1.0,-0.987006,-98.701,model,history,3471.0,medium,monitor,no_action,,0.0,,,no_action,"history_resolver,no_xi_yet,fixture_t2",,odds_api_io,event_id=61526498;market=Anytime Goalscorer
2026-04-18T12:29:57Z,2026-04-11T16:32:16Z,2026-04-11,,Bet365,France - Ligue 1,AJ Auxerre,FC Nantes,1,12826,Lasso Coulibaly,Lasso Coulibaly,Auxerre,FC Nantes,Sub,Sub,3.2,0.3125,0.003994,99.0,0.004,1.2659,0.0032,0.004,0.0,0.0,0,0.0,0.0,1.84,recent_long,0.0,3.0,0.0,0.0,0.0,,,0,none,0.0,0.0,0.0,0,,,unknown,unknown,none,none,,T2,1.0,no_lineup_payload,18.2,MR,3,1.0,1,,,,,0,18.2,8,0.2644,0.0,0.1526,-0.2644,1.4822,1.3,0.8771,0.9687,1.0,-0.987219,-98.722,model,history,248.0,low,suppress,no_action,,0.0,,,no_action,"history_lt_500,fixture_t2",,odds_api_io,event_id=61526512;market=Anytime Goalscorer
2026-04-18T12:29:57Z,2026-04-11T16:32:16Z,2026-04-11,,Bet365,France - Ligue 1,AJ Auxerre,FC Nantes,1,13596,Telli Siwe,Telli Siwe,Auxerre,FC Nantes,DC,DC,8.5,0.117647,0.001298,99.0,0.0013,1.2659,0.001,0.0013,0.0,0.0,0,0.0,0.0,0.0,none,0.0,0.0,0.0,0.0,0.0,,,0,none,0.0,0.0,0.0,0,,,unknown,unknown,none,none,,T2,1.0,no_lineup_payload,75.8,DC,1,1.0,3,,,,,0,75.8,3,0.0186,0.0,0.0073,-0.0186,1.2663,1.3,1.0266,0.9687,1.0,-0.988968,-98.897,fallback,history,230.0,low,suppress,no_action,,0.0,,,no_action,"fallback_method,fixture_t2",,odds_api_io,event_id=61526512;market=Anytime Goalscorer
2026-04-18T12:29:57Z,2026-04-11T16:32:16Z,2026-04-11,,Bet365,France - Ligue 1,AJ Auxerre,FC Nantes,1,1326,Assane Diousse,Assane Diousse,Auxerre,FC Nantes,Sub,Sub,8.0,0.125,0.001038,99.0,0.001,1.2659,0.0008,0.001,0.0,0.0,0,0.0,0.0,3.09,recent_long,0.0,6.0,0.0,0.0,0.0,,,0,none,0.0,0.0,0.0,0,,,unknown,unknown,none,none,,T2,1.0,no_lineup_payload,12.1,MC,3,1.0,1,,,,,0,12.1,8,0.0374,0.0,0.0659,-0.0374,1.5088,1.3,0.8616,0.9687,1.0,-0.991692,-99.169,model,history,832.0,medium,monitor,no_action,,0.0,,,no_action,"history_resolver,no_xi_yet,fixture_t2",,odds_api_io,event_id=61526512;market=Anytime Goalscorer
2026-04-18T12:29:57Z,2026-04-11T18:46:40Z,2026-04-11,,Bet365,France - Ligue 1,Stade Rennais FC,Angers SCO,0,11494,Justin-Noel Kalumba,Justin-Noel Kalumba,Angers,Stade Rennais FC,FWL,FWL,8.0,0.125,0.001,99.0,0.001,0.9051,0.0007,0.0007,0.0,0.0,0,0.0,0.0,0.0,none,0.0,0.0,0.0,0.0,0.0,,,0,none,0.0,0.0,0.0,0,,,unknown,unknown,none,none,,T2,1.0,no_lineup_payload,57.6,FWL,5,0.6667,3,,,,,0,57.6,4,0.0164,0.0,0.0066,-0.0164,1.6426,1.3,0.7915,0.8078,1.0,-0.992004,-99.2,model,history,224.0,low,suppress,no_action,,0.0,,,no_action,"history_lt_500,fixture_t2",,odds_api_io,event_id=61526498;market=Anytime Goalscorer
2026-04-18T12:29:57Z,2026-04-11T16:32:16Z,2026-04-11,,Bet365,France - Ligue 1,AJ Auxerre,FC Nantes,1,14228,Mamoudou Cissokho,Mamoudou Cissokho,Auxerre,FC Nantes,S,S,7.0,0.142857,0.001,99.0,0.001,1.2659,0.0,0.0,0.0,0.0,0,0.0,0.0,0.0,none,0.0,0.0,0.0,0.0,0.0,,,0,none,0.0,0.0,0.0,0,,,unknown,unknown,none,none,,T2,1.0,no_lineup_payload,5.0,,,0.0,0,,,,,0,5.0,0,0.0,0.0,0.0,0.0,,1.3,,0.9687,1.0,-0.993003,-99.3,fallback,live_roster,0.0,low,suppress,no_action,,0.0,,,no_action,"fallback_method,fixture_t2",,odds_api_io,event_id=61526512;market=Anytime Goalscorer
2026-04-18T12:29:57Z,2026-04-11T16:32:16Z,2026-04-11,,Bet365,France - Ligue 1,AJ Auxerre,FC Nantes,1,14103,Tidiane Devernois,Tidiane Devernois,Auxerre,FC Nantes,S,S,4.75,0.210526,0.001,99.0,0.001,1.2659,0.0,0.0,0.0,0.0,0,0.0,0.0,0.0,none,0.0,0.0,0.0,0.0,0.0,,,0,none,0.0,0.0,0.0,0,,,unknown,unknown,none,none,,T2,1.0,no_lineup_payload,5.0,,,0.0,0,,,,,0,5.0,0,0.0,0.0,0.0,0.0,,1.3,,0.9687,1.0,-0.995252,-99.525,fallback,live_roster,0.0,low,suppress,no_action,,0.0,,,no_action,"fallback_method,fixture_t2",,odds_api_io,event_id=61526512;market=Anytime Goalscorer
2026-04-18T12:29:57Z,2026-04-11T16:32:16Z,2026-04-11,,Bet365,France - Ligue 1,AJ Auxerre,FC Nantes,1,14163,Yvan Zaddy,Yvan Zaddy,Auxerre,FC Nantes,S,S,3.2,0.3125,0.001,99.0,0.001,1.2659,0.0,0.0,0.0,0.0,0,0.0,0.0,0.0,none,0.0,0.0,0.0,0.0,0.0,,,0,none,0.0,0.0,0.0,0,,,unknown,unknown,none,none,,T2,1.0,no_lineup_payload,5.0,,,0.0,0,,,,,0,5.0,0,0.0,0.0,0.0,0.0,,1.3,,0.9687,1.0,-0.996802,-99.68,fallback,live_roster,0.0,low,suppress,no_action,,0.0,,,no_action,"fallback_method,fixture_t2",,odds_api_io,event_id=61526512;market=Anytime Goalscorer
2026-04-18T12:29:57Z,2026-04-11T16:32:16Z,2026-04-11,,Bet365,France - Ligue 1,AJ Auxerre,FC Nantes,1,14081,Ryan Rodin,Ryan Rodin,Auxerre,FC Nantes,S,S,2.75,0.363636,0.001,99.0,0.001,1.2659,0.0,0.0,0.0,0.0,0,0.0,0.0,0.0,none,0.0,0.0,0.0,0.0,0.0,,,0,none,0.0,0.0,0.0,0,,,unknown,unknown,none,none,,T2,1.0,no_lineup_payload,5.3,,,0.0,0,,,,,0,5.3,0,0.0,0.0,0.0,0.0,,1.3,,0.9687,1.0,-0.997251,-99.725,fallback,live_roster,0.0,low,suppress,no_action,,0.0,,,no_action,"fallback_method,fixture_t2",,odds_api_io,event_id=61526512;market=Anytime Goalscorer
2026-04-18T12:29:57Z,2026-04-12T14:37:46Z,2026-04-12,,Bet365,France - Ligue 1,Toulouse FC,Lille OSC,1,9220,Charlie Cresswell,Charlie Cresswell,Toulouse,Lille OSC,DC,DC,12.0,0.083333,0.099532,10.047,0.1048,1.308,0.0802,0.1048,0.0,0.0,0,0.0,0.0,2.91,recent_long,0.0,11.0,0.0,0.0,0.0,,,0,none,0.0,0.0,0.0,0,,,unknown,unknown,none,none,,T2,1.0,no_lineup_payload,90.0,DC,1,1.0,10,,,,,0,90.0,8,0.6358,0.0,0.0795,-0.6358,1.6122,1.3,0.8063,1.0009,1.0,0.194388,19.439,model,history,4761.0,medium,surface_with_caveat,no_action,,0.0,,,no_action,"history_resolver,no_xi_yet,fixture_t2",,odds_api_io,event_id=61526510;market=Anytime Goalscorer
2026-04-18T12:29:57Z,2026-04-12T18:27:43Z,2026-04-12,,Bet365,France - Ligue 1,Olympique Lyon,FC Lorient,0,9345,Ahmadou Dieng,Ahmadou Dieng,Lorient,Olympique Lyon,FW,FW,4.0,0.25,0.253183,3.9497,0.2919,1.1098,0.2218,0.2462,0.0458,0.1568,0,0.5942,0.8509,2.04,recent_long,2.0,8.0,0.25,0.0,0.0,,,1,primary,0.42,3.0,0.008,0,,,unknown,unknown,none,none,,T2,1.0,no_lineup_payload,57.5,FW,5,1.0,9,,,,,0,57.5,8,2.8371,4.0,0.4685,1.1629,1.3138,1.3,0.9895,0.9906,1.0,0.012732,1.273,model,history,1865.0,medium,monitor,no_action,,0.0,,,no_action,"history_resolver,no_xi_yet,fixture_t2",,odds_api_io,event_id=61526496;market=Anytime Goalscorer
2026-04-18T12:29:57Z,2026-04-12T14:37:46Z,2026-04-12,,Bet365,France - Ligue 1,Toulouse FC,Lille OSC,1,12045,Aron Donnum,Aron Donnum,Toulouse,Lille OSC,AMC,AMC,6.5,0.153846,0.141268,7.0787,0.1523,1.308,0.0742,0.0971,0.0552,0.3625,0,0.6023,0.8843,1.94,recent_long,3.0,16.0,0.1875,0.0,0.0,,,1,primary,0.42,3.0,0.0095,0,,,unknown,unknown,none,none,,T2,1.0,no_lineup_payload,88.4,AMC,4,0.4,10,,,,,0,88.4,8,1.0356,1.0,0.1324,-0.0356,1.3479,1.3,0.9644,1.0009,1.0,-0.081757,-8.176,model,history,6387.0,medium,monitor,no_action,,0.0,,,no_action,"history_resolver,no_xi_yet,fixture_t2",,odds_api_io,event_id=61526510;market=Anytime Goalscorer
2026-04-18T12:29:57Z,2026-04-12T18:27:43Z,2026-04-12,,Bet365,France - Ligue 1,Olympique Lyon,FC Lorient,0,10347,Pablo Pagis,Pablo Pagis,Lorient,Olympique Lyon,AMC,AMC,4.5,0.222222,0.187664,5.3287,0.2078,1.1098,0.1717,0.1906,0.0172,0.083,0,0.1881,0.242,2.12,recent_long,1.0,4.0,0.25,0.0,0.0,,,1,secondary,0.15,3.0,0.0042,0,,,unknown,unknown,none,none,,T2,1.0,no_lineup_payload,68.4,AMC,4,0.8889,9,,,,,0,68.4,8,1.9782,3.0,0.3174,1.0218,1.6462,1.3,0.7897,0.9906,1.0,-0.155513,-15.551,model,history,1549.0,medium,monitor,no_action,,0.0,,,no_action,"history_resolver,no_xi_yet,fixture_t2",,odds_api_io,event_id=61526496;market=Anytime Goalscorer
2026-04-18T12:29:57Z,2026-04-12T14:37:46Z,2026-04-12,,Bet365,France - Ligue 1,OGC Nice,Le Havre AC,1,11515,Tom Louchet,Tom Louchet,Nice,Le Havre AC,AMR,AMR,5.5,0.181818,0.127502,7.843,0.1364,1.3566,0.1005,0.1364,0.0,0.0,0,0.0,0.0,1.47,recent_long,0.0,12.0,0.0,0.0,0.0,,,0,none,0.0,0.0,0.0,0,,,unknown,unknown,none,none,,T2,1.0,no_lineup_payload,59.8,AML,4,0.7143,7,,,,,0,59.8,8,2.3756,2.0,0.4234,-0.3756,1.48,1.3,0.8784,1.0381,1.0,-0.298741,-29.874,model,history,2327.0,medium,monitor,no_action,,0.0,,,no_action,"history_resolver,no_xi_yet,fixture_t2",,odds_api_io,event_id=61526500;market=Anytime Goalscorer
2026-04-18T12:29:57Z,2026-04-12T14:37:46Z,2026-04-12,,Bet365,France - Ligue 1,OGC Nice,Le Havre AC,1,9514,Antoine Mendy,Antoine Mendy,Nice,Le Havre AC,DC,DC,9.5,0.105263,0.070658,14.1526,0.0733,1.3566,0.054,0.0733,0.0,0.0,0,0.0,0.0,1.62,recent_long,0.0,9.0,0.0,0.0,0.0,,,0,none,0.0,0.0,0.0,0,,,unknown,unknown,none,none,,T2,1.0,no_lineup_payload,80.2,DC,1,0.8889,9,,,,,0,80.2,8,0.9702,1.0,0.1465,0.0298,1.2658,1.3,1.027,1.0381,1.0,-0.328745,-32.874,model,history,2784.0,medium,monitor,no_action,,0.0,,,no_action,"history_resolver,no_xi_yet,fixture_t2",,odds_api_io,event_id=61526500;market=Anytime Goalscorer
2026-04-18T12:29:57Z,2026-04-12T14:37:46Z,2026-04-12,,Bet365,France - Ligue 1,Toulouse FC,Lille OSC,1,3357,Djibril Sidibe,Djibril Sidibe,Toulouse,Lille OSC,DMR,DMR,8.0,0.125,0.078208,12.7865,0.0814,1.308,0.0329,0.043,0.0384,0.4716,1,0.4349,0.8122,2.27,recent_long,2.0,11.0,0.1818,0.0,0.0,,,1,secondary,0.15,3.0,0.0,0,,,unknown,unknown,none,none,,T2,1.0,no_lineup_payload,85.2,DC,1,0.5,10,,,,,0,85.2,8,0.6867,1.0,0.0869,0.3133,1.3479,1.3,0.9644,1.0009,1.0,-0.374339,-37.434,model,history,4199.0,medium,monitor,no_action,,0.0,,,no_action,"history_resolver,no_xi_yet,fixture_t2",,odds_api_io,event_id=61526510;market=Anytime Goalscorer
2026-04-18T12:29:57Z,2026-04-12T18:27:43Z,2026-04-12,,Bet365,France - Ligue 1,Olympique Lyon,FC Lorient,0,3536,Jean-Victor Makengo,Jean-Victor Makengo,Lorient,Olympique Lyon,AMC,AMC,7.0,0.142857,0.087306,11.454,0.0914,1.1098,0.0823,0.0914,0.0,0.0,0,0.0,0.0,1.76,recent_long,0.0,4.0,0.0,0.0,0.0,,,0,none,0.0,0.0,0.0,0,,,unknown,unknown,none,none,,T2,1.0,no_lineup_payload,68.9,AMC,4,0.8889,9,,,,,0,68.9,8,1.2295,1.0,0.2027,-0.2295,1.3138,1.3,0.9895,0.9906,1.0,-0.388858,-38.886,model,history,1924.0,medium,monitor,no_action,,0.0,,,no_action,"history_resolver,no_xi_yet,fixture_t2",,odds_api_io,event_id=61526496;market=Anytime Goalscorer
2026-04-18T12:29:57Z,2026-04-12T14:37:46Z,2026-04-12,,Bet365,France - Ligue 1,Toulouse FC,Lille OSC,1,14358,Pape Diop,Pape Diop,Toulouse,Lille OSC,MC,MC,6.5,0.153846,0.094009,10.6372,0.0987,1.308,0.0755,0.0987,0.0,0.0,0,0.0,0.0,0.0,none,0.0,0.0,0.0,0.0,0.0,,,0,none,0.0,0.0,0.0,0,,,unknown,unknown,none,none,,T2,1.0,no_lineup_payload,88.6,MC,3,1.0,10,,,,,0,88.6,8,1.2388,0.0,0.1577,-1.2388,1.3479,1.3,0.9644,1.0009,1.0,-0.38894,-38.894,model,history,972.0,medium,monitor,no_action,,0.0,,,no_action,"history_resolver,no_xi_yet,fixture_t2",,odds_api_io,event_id=61526510;market=Anytime Goalscorer
2026-04-18T12:29:57Z,2026-04-12T14:37:46Z,2026-04-12,,Bet365,France - Ligue 1,Toulouse FC,Lille OSC,1,6874,Yann Gboho,Yann Gboho,Toulouse,Lille OSC,AMC,AMC,3.75,0.266667,0.162229,6.1641,0.177,1.308,0.1353,0.177,0.0,0.0,0,0.0,0.0,2.28,recent_long,0.0,16.0,0.0,0.0,0.0,,,0,none,0.0,0.0,0.0,0,,,unknown,unknown,none,none,,T2,1.0,no_lineup_payload,89.8,AMC,4,0.8,10,,,,,0,89.8,8,1.8477,2.0,0.231,0.1523,1.3479,1.3,0.9644,1.0009,1.0,-0.391642,-39.164,model,history,5930.0,medium,monitor,no_action,,0.0,,,no_action,"history_resolver,no_xi_yet,fixture_t2",,odds_api_io,event_id=61526510;market=Anytime Goalscorer
2026-04-18T12:29:57Z,2026-04-12T14:37:46Z,2026-04-12,,Bet365,France - Ligue 1,OGC Nice,Le Havre AC,1,13750,Kojo Oppong,Kojo Oppong,Nice,Le Havre AC,DC,DC,9.5,0.105263,0.063372,15.7799,0.0655,1.3566,0.0483,0.0655,0.0,0.0,0,0.0,0.0,0.82,recent_long,0.0,2.0,0.0,0.0,0.0,,,0,none,0.0,0.0,0.0,0,,,unknown,unknown,none,none,,T2,1.0,no_lineup_payload,79.7,DC,1,1.0,10,,,,,0,79.7,8,0.569,0.0,0.0791,-0.569,1.5975,1.3,0.8138,1.0381,1.0,-0.397967,-39.797,model,history,1900.0,medium,monitor,no_action,,0.0,,,no_action,"history_resolver,no_xi_yet,fixture_t2",,odds_api_io,event_id=61526500;market=Anytime Goalscorer
2026-04-18T12:29:57Z,2026-04-12T14:37:46Z,2026-04-12,,Bet365,France - Ligue 1,Toulouse FC,Lille OSC,1,14082,Emersonn Silva,Emersonn Silva,Toulouse,Lille OSC,FW,FW,4.0,0.25,0.147379,6.7852,0.1594,1.308,0.1219,0.1594,0.0,0.0,0,0.0,0.0,2.22,recent_long,0.0,6.0,0.0,0.0,0.0,,,0,none,0.0,0.0,0.0,0,,,unknown,unknown,none,none,,T2,1.0,no_lineup_payload,59.6,FW,5,1.0,7,,,,,0,59.6,8,1.3166,1.0,0.2835,-0.3166,1.3479,1.3,0.9644,1.0009,1.0,-0.410485,-41.049,model,history,1310.0,medium,monitor,no_action,,0.0,,,no_action,"history_resolver,no_xi_yet,fixture_t2",,odds_api_io,event_id=61526510;market=Anytime Goalscorer
2026-04-18T12:29:57Z,2026-04-12T14:37:46Z,2026-04-12,,Bet365,France - Ligue 1,OGC Nice,Le Havre AC,1,8685,Mohamed-Ali Cho,Mohamed-Ali Cho,Nice,Le Havre AC,Sub,Sub,3.75,0.266667,0.156233,6.4007,0.1699,1.3566,0.1252,0.1699,0.0,0.0,0,0.0,0.0,0.88,recent_long,0.0,10.0,0.0,0.0,0.0,,,0,none,0.0,0.0,0.0,0,,,unknown,unknown,none,none,,T2,1.0,no_lineup_payload,73.9,AMR,4,0.75,8,,,,,0,73.9,8,2.1433,2.0,0.3495,-0.1433,1.5713,1.3,0.8273,1.0381,1.0,-0.414125,-41.413,model,history,3829.0,medium,monitor,no_action,,0.0,,,no_action,"history_resolver,no_xi_yet,fixture_t2",,odds_api_io,event_id=61526500;market=Anytime Goalscorer
2026-04-18T12:29:57Z,2026-04-12T14:37:46Z,2026-04-12,,Bet365,France - Ligue 1,Toulouse FC,Lille OSC,1,10193,Frank Magri,Frank Magri,Toulouse,Lille OSC,FW,FW,3.75,0.266667,0.14747,6.781,0.1595,1.308,0.1168,0.1527,0.0068,0.0427,0,0.0892,0.1078,4.71,recent_long,1.0,18.0,0.0556,0.0,0.0,,,1,tertiary,0.06,3.0,0.0006,0,,,unknown,unknown,none,none,,T2,1.0,no_lineup_payload,73.7,AMC,4,0.6667,9,,,,,0,73.7,8,1.0315,1.0,0.164,-0.0315,1.6948,1.3,0.767,1.0009,1.0,-0.446986,-44.699,model,history,4234.0,medium,monitor,no_action,,0.0,,,no_action,"history_resolver,no_xi_yet,fixture_t2",,odds_api_io,event_id=61526510;market=Anytime Goalscorer
2026-04-18T12:29:57Z,2026-04-12T18:27:43Z,2026-04-12,,Bet365,France - Ligue 1,Olympique Lyon,FC Lorient,0,13975,Noah Cadiou,Noah Cadiou,Lorient,Olympique Lyon,MC,MC,7.5,0.133333,0.069038,14.4849,0.0715,1.1098,0.0645,0.0715,0.0,0.0,0,0.0,0.0,2.1,recent_long,0.0,5.0,0.0,0.0,0.0,,,0,none,0.0,0.0,0.0,0,,,unknown,unknown,none,none,,T2,1.0,no_lineup_payload,77.4,MC,3,1.0,10,,,,,0,77.4,8,0.8443,1.0,0.1055,0.1557,1.3138,1.3,0.9895,0.9906,1.0,-0.482218,-48.222,model,history,1311.0,medium,monitor,no_action,,0.0,,,no_action,"history_resolver,no_xi_yet,fixture_t2",,odds_api_io,event_id=61526496;market=Anytime Goalscorer
2026-04-18T12:29:57Z,2026-04-12T14:37:46Z,2026-04-12,,Bet365,France - Ligue 1,Toulouse FC,Lille OSC,1,13756,Santiago Hidalgo,Santiago Hidalgo,Toulouse,Lille OSC,FWR,FWR,4.0,0.25,0.128961,7.7543,0.1381,1.308,0.1056,0.1381,0.0,0.0,0,0.0,0.0,1.92,recent_long,0.0,5.0,0.0,0.0,0.0,,,0,none,0.0,0.0,0.0,0,,,unknown,unknown,none,none,,T2,1.0,no_lineup_payload,60.7,FWR,5,0.375,8,,,,,0,60.7,8,1.4366,0.0,0.2173,-1.4366,1.6092,1.3,0.8079,1.0009,1.0,-0.484157,-48.416,model,history,988.0,medium,monitor,no_action,,0.0,,,no_action,"history_resolver,no_xi_yet,fixture_t2",,odds_api_io,event_id=61526510;market=Anytime Goalscorer
2026-04-18T12:29:57Z,2026-04-12T14:37:46Z,2026-04-12,,Bet365,France - Ligue 1,OGC Nice,Le Havre AC,1,9182,Elye Wahi,Elye Wahi,Nice,Le Havre AC,FW,FW,2.875,0.347826,0.16845,5.9365,0.1845,1.3566,0.1351,0.1832,0.0012,0.0068,0,0.0401,0.0401,2.04,recent_long,1.0,5.0,0.2,0.0,0.0,,,0,none,0.0,0.0,0.0005,0,,,unknown,unknown,none,none,,T2,1.0,no_lineup_payload,52.0,FW,5,1.0,7,,,,,0,52.0,8,1.8101,3.0,0.3115,1.1899,1.2658,1.3,1.027,1.0381,1.0,-0.515707,-51.571,model,history,1150.0,medium,monitor,no_action,,0.0,,,no_action,"history_resolver,no_xi_yet,fixture_t2",,odds_api_io,event_id=61526500;market=Anytime Goalscorer
2026-04-18T12:29:57Z,2026-04-12T18:27:43Z,2026-04-12,,Bet365,France - Ligue 1,Olympique Lyon,FC Lorient,0,13904,Abdoulaye Faye,Abdoulaye Faye,Lorient,Olympique Lyon,DC,DC,12.0,0.083333,0.036897,27.1026,0.0376,1.1098,0.0339,0.0376,0.0,0.0,0,0.0,0.0,0.57,recent_long,0.0,1.0,0.0,0.0,0.0,,,0,none,0.0,0.0,0.0,0,,,unknown,unknown,none,none,,T2,1.0,no_lineup_payload,85.8,DC,1,1.0,10,,,,,0,85.8,8,0.4256,0.0,0.0539,-0.4256,1.3138,1.3,0.9895,0.9906,1.0,-0.557238,-55.724,model,history,929.0,medium,monitor,no_action,,0.0,,,no_action,"history_resolver,no_xi_yet,fixture_t2",,odds_api_io,event_id=61526496;market=Anytime Goalscorer
2026-04-18T12:29:57Z,2026-04-12T18:27:43Z,2026-04-12,,Bet365,France - Ligue 1,Olympique Lyon,FC Lorient,0,9873,Montassar Talbi,Montassar Talbi,Lorient,Olympique Lyon,DC,DC,15.0,0.066667,0.028897,34.6057,0.0293,1.1098,0.0264,0.0293,0.0,0.0,0,0.0,0.0,2.39,recent_long,0.0,6.0,0.0,0.0,0.0,,,0,none,0.0,0.0,0.0,0,,,unknown,unknown,none,none,,T2,1.0,no_lineup_payload,90.0,DC,1,1.0,10,,,,,0,90.0,8,0.3068,0.0,0.0384,-0.3068,1.3189,1.3,0.9857,0.9906,1.0,-0.566545,-56.655,model,history,4544.0,medium,monitor,no_action,,0.0,,,no_action,"history_resolver,no_xi_yet,fixture_t2",,odds_api_io,event_id=61526496;market=Anytime Goalscorer
2026-04-18T12:29:57Z,2026-04-12T18:27:43Z,2026-04-12,,Bet365,France - Ligue 1,Olympique Lyon,FC Lorient,0,10844,Darlin Yongwa,Darlin Yongwa,Lorient,Olympique Lyon,DC,DC,12.0,0.083333,0.03136,31.8874,0.0319,1.1098,0.0287,0.0319,0.0,0.0,0,0.0,0.0,2.96,recent_long,0.0,6.0,0.0,0.0,0.0,,,0,none,0.0,0.0,0.0,0,,,unknown,unknown,none,none,,T2,1.0,no_lineup_payload,72.0,DC,1,0.875,8,,,,,0,72.0,8,0.2587,0.0,0.0404,-0.2587,1.2303,1.3,1.0566,0.9906,1.0,-0.623676,-62.367,model,history,2310.0,medium,monitor,no_action,,0.0,,,no_action,"history_resolver,no_xi_yet,fixture_t2",,odds_api_io,event_id=61526496;market=Anytime Goalscorer
2026-04-18T12:29:57Z,2026-04-12T14:37:46Z,2026-04-12,,Bet365,France - Ligue 1,OGC Nice,Le Havre AC,1,3696,Morgan Sanson,Morgan Sanson,Nice,Le Havre AC,DMC,DMC,5.0,0.2,0.072035,13.8822,0.0748,1.3566,0.0551,0.0748,0.0,0.0,0,0.0,0.0,1.02,recent_long,0.0,9.0,0.0,0.0,0.0,,,0,none,0.0,0.0,0.0,0,,,unknown,unknown,none,none,,T2,1.0,no_lineup_payload,79.3,DMC,2,0.5,10,,,,,0,79.3,8,0.6269,0.0,0.082,-0.6269,1.2658,1.3,1.027,1.0381,1.0,-0.639826,-63.983,model,history,3627.0,medium,monitor,no_action,,0.0,,,no_action,"history_resolver,no_xi_yet,fixture_t2",,odds_api_io,event_id=61526500;market=Anytime Goalscorer
2026-04-18T12:29:57Z,2026-04-12T14:37:46Z,2026-04-12,,Bet365,France - Ligue 1,Toulouse FC,Lille OSC,1,11777,Cristian Casseres Jr,Cristian Casseres Jr,Toulouse,Lille OSC,MC,MC,9.5,0.105263,0.037365,26.7628,0.0381,1.308,0.0273,0.0357,0.0024,0.0632,0,0.028,0.028,2.58,recent_long,1.0,20.0,0.05,0.0,0.0,,,0,none,0.0,0.0,0.0009,0,,,unknown,unknown,none,none,,T2,1.0,no_lineup_payload,82.8,MC,3,1.0,9,,,,,0,82.8,8,0.2433,0.0,0.0325,-0.2433,1.2972,1.3,1.0021,1.0009,1.0,-0.645029,-64.503,model,history,6759.0,medium,monitor,no_action,,0.0,,,no_action,"history_resolver,no_xi_yet,fixture_t2",,odds_api_io,event_id=61526510;market=Anytime Goalscorer
2026-04-18T12:29:57Z,2026-04-12T18:27:43Z,2026-04-12,,Bet365,France - Ligue 1,Olympique Lyon,FC Lorient,0,9699,Bamo Meite,Bamo Meite,Lorient,Olympique Lyon,DC,DC,12.0,0.083333,0.028755,34.7764,0.0292,1.1098,0.0263,0.0292,0.0,0.0,0,0.0,0.0,1.18,recent_long,0.0,2.0,0.0,0.0,0.0,,,0,none,0.0,0.0,0.0,0,,,unknown,unknown,none,none,,T2,1.0,no_lineup_payload,77.5,DC,1,1.0,8,,,,,0,77.5,8,0.1036,0.0,0.0165,-0.1036,1.3189,1.3,0.9857,0.9906,1.0,-0.654938,-65.494,model,history,1695.0,medium,monitor,no_action,,0.0,,,no_action,"history_resolver,no_xi_yet,fixture_t2",,odds_api_io,event_id=61526496;market=Anytime Goalscorer
2026-04-18T12:29:57Z,2026-04-12T14:37:46Z,2026-04-12,,Bet365,France - Ligue 1,OGC Nice,Le Havre AC,1,8190,Melvin Bard,Melvin Bard,Nice,Le Havre AC,DL,DL,8.0,0.125,0.043103,23.2001,0.0441,1.3566,0.0325,0.0441,0.0,0.0,0,0.0,0.0,1.33,recent_long,0.0,13.0,0.0,0.0,0.0,,,0,none,0.0,0.0,0.0,0,,,unknown,unknown,none,none,,T2,1.0,no_lineup_payload,81.8,DL,1,0.6667,9,,,,,0,81.8,8,0.5357,1.0,0.0762,0.4643,1.2658,1.3,1.027,1.0381,1.0,-0.655174,-65.517,model,history,6615.0,medium,monitor,no_action,,0.0,,,no_action,"history_resolver,no_xi_yet,fixture_t2",,odds_api_io,event_id=61526500;market=Anytime Goalscorer
2026-04-18T12:29:57Z,2026-04-12T14:37:46Z,2026-04-12,,Bet365,France - Ligue 1,OGC Nice,Le Havre AC,1,13100,Thierno Bah,Thierno Bah,Nice,Le Havre AC,DC,DC,11.0,0.090909,0.029815,33.54,0.0303,1.3566,0.0223,0.0303,0.0,0.0,0,0.0,0.0,0.42,recent_long,0.0,1.0,0.0,0.0,0.0,,,0,none,0.0,0.0,0.0,0,,,unknown,unknown,none,none,,T2,1.0,no_lineup_payload,69.9,DC,1,1.0,8,,,,,0,69.9,8,0.0892,0.0,0.0156,-0.0892,1.2658,1.3,1.027,1.0381,1.0,-0.672034,-67.203,model,history,2271.0,medium,monitor,no_action,,0.0,,,no_action,"history_resolver,no_xi_yet,fixture_t2",,odds_api_io,event_id=61526500;market=Anytime Goalscorer
2026-04-18T12:29:57Z,2026-04-12T18:27:43Z,2026-04-12,,Bet365,France - Ligue 1,Olympique Lyon,FC Lorient,0,9929,Theo Le Bris,Theo Le Bris,Lorient,Olympique Lyon,DMR,DMR,6.5,0.153846,0.048937,20.4344,0.0502,1.1098,0.0452,0.0502,0.0,0.0,0,0.0,0.0,1.98,recent_long,0.0,5.0,0.0,0.0,0.0,,,0,none,0.0,0.0,0.0,0,,,unknown,unknown,none,none,,T2,1.0,no_lineup_payload,81.2,DMR,2,1.0,9,,,,,0,81.2,8,0.6823,0.0,0.0979,-0.6823,1.3138,1.3,0.9895,0.9906,1.0,-0.681909,-68.191,model,history,3391.0,medium,monitor,no_action,,0.0,,,no_action,"history_resolver,no_xi_yet,fixture_t2",,odds_api_io,event_id=61526496;market=Anytime Goalscorer
2026-04-18T12:29:57Z,2026-04-12T14:37:46Z,2026-04-12,,Bet365,France - Ligue 1,OGC Nice,Le Havre AC,1,6846,Sofiane Diop,Sofiane Diop,Nice,Le Havre AC,AML,AML,2.75,0.363636,0.109,9.1743,0.1154,1.3566,0.0739,0.1002,0.0152,0.1318,0,0.3618,0.1895,1.01,recent_long,2.0,9.0,0.2222,0.0,0.0,,,1,primary,0.42,3.0,0.012,0,,,unknown,unknown,none,none,,T2,1.0,no_lineup_payload,70.2,AMC,4,0.5556,9,,,,,0,70.2,8,0.5245,0.0,0.0889,-0.5245,1.2658,1.3,1.027,1.0381,1.0,-0.700251,-70.025,model,history,3323.0,medium,monitor,no_action,,0.0,,,no_action,"history_resolver,no_xi_yet,fixture_t2",,odds_api_io,event_id=61526500;market=Anytime Goalscorer
2026-04-18T12:29:57Z,2026-04-12T14:37:46Z,2026-04-12,,Bet365,France - Ligue 1,Toulouse FC,Lille OSC,1,10788,Rasmus Nicolaisen,Rasmus Nicolaisen,Toulouse,Lille OSC,DC,DC,12.0,0.083333,0.024231,41.2698,0.0245,1.308,0.0188,0.0245,0.0,0.0,0,0.0,0.0,2.48,recent_long,0.0,17.0,0.0,0.0,0.0,,,0,none,0.0,0.0,0.0,0,,,unknown,unknown,none,none,,T2,1.0,no_lineup_payload,85.0,DC,1,1.0,10,,,,,0,85.0,8,0.1601,1.0,0.0206,0.8399,1.3479,1.3,0.9644,1.0009,1.0,-0.70923,-70.923,model,history,5687.0,medium,monitor,no_action,,0.0,,,no_action,"history_resolver,no_xi_yet,fixture_t2",,odds_api_io,event_id=61526510;market=Anytime Goalscorer
2026-04-18T12:29:57Z,2026-04-12T14:37:46Z,2026-04-12,,Bet365,France - Ligue 1,OGC Nice,Le Havre AC,1,13100,Juma Bah,Juma Bah,Nice,Le Havre AC,DC,DC,9.5,0.105263,0.029815,33.54,0.0303,1.3566,0.0223,0.0303,0.0,0.0,0,0.0,0.0,0.42,recent_long,0.0,1.0,0.0,0.0,0.0,,,0,none,0.0,0.0,0.0,0,,,unknown,unknown,none,none,,T2,1.0,no_lineup_payload,69.9,DC,1,1.0,8,,,,,0,69.9,8,0.0892,0.0,0.0156,-0.0892,1.2658,1.3,1.027,1.0381,1.0,-0.716756,-71.676,model,history,2271.0,medium,monitor,no_action,,0.0,,,no_action,"history_resolver,no_xi_yet,fixture_t2",,odds_api_io,event_id=61526500;market=Anytime Goalscorer
2026-04-18T12:29:57Z,2026-04-12T14:37:46Z,2026-04-12,,Bet365,France - Ligue 1,OGC Nice,Le Havre AC,1,8697,Jonathan Clauss,Jonathan Clauss,Nice,Le Havre AC,DR,DR,6.5,0.153846,0.041321,24.2006,0.0422,1.3566,0.0265,0.0359,0.0063,0.1484,0,0.121,0.0,0.72,recent_long,0.0,8.0,0.0,0.0,0.0,,,1,secondary,0.15,3.0,0.0063,0,,,unknown,unknown,none,none,,T2,1.0,no_lineup_payload,86.4,DR,1,0.7778,9,,,,,0,86.4,8,0.3293,0.0,0.0444,-0.3293,1.2658,1.3,1.027,1.0381,1.0,-0.731412,-73.141,model,history,6521.0,medium,monitor,no_action,,0.0,,,no_action,"history_resolver,no_xi_yet,fixture_t2",,odds_api_io,event_id=61526500;market=Anytime Goalscorer
2026-04-18T12:29:57Z,2026-04-12T14:37:46Z,2026-04-12,,Bet365,France - Ligue 1,Toulouse FC,Lille OSC,1,11291,Warren Kamanzi,Warren Kamanzi,Toulouse,Lille OSC,Sub,Sub,12.0,0.083333,0.020707,48.2923,0.0209,1.308,0.016,0.0209,0.0,0.0,0,0.0,0.0,2.93,recent_long,0.0,15.0,0.0,0.0,0.0,,,0,none,0.0,0.0,0.0,0,,,unknown,unknown,none,none,,T2,1.0,no_lineup_payload,40.2,DMR,2,0.75,4,,,,,0,40.2,8,0.4394,0.0,0.1001,-0.4394,1.3479,1.3,0.9644,1.0009,1.0,-0.751513,-75.151,model,history,2852.0,medium,monitor,no_action,,0.0,,,no_action,"history_resolver,no_xi_yet,fixture_t2",,odds_api_io,event_id=61526510;market=Anytime Goalscorer
2026-04-18T12:29:57Z,2026-04-12T18:27:43Z,2026-04-12,,Bet365,France - Ligue 1,Olympique Lyon,FC Lorient,0,12049,Tosin Aiyegun,Tosin Aiyegun,Lorient,Olympique Lyon,Sub,Sub,4.5,0.222222,0.053517,18.6856,0.055,1.1098,0.0444,0.0493,0.0057,0.1035,0,0.1253,0.1924,2.92,recent_long,1.0,6.0,0.1667,0.0,0.0,,,1,tertiary,0.06,3.0,0.0,0,,,unknown,unknown,none,none,,T2,1.0,no_lineup_payload,33.9,FW,5,0.6667,3,,,,,0,33.9,8,1.1591,1.0,0.6173,-0.1591,1.3138,1.3,0.9895,0.9906,1.0,-0.759173,-75.917,model,history,1806.0,medium,monitor,no_action,,0.0,,,no_action,"history_resolver,no_xi_yet,fixture_t2",,odds_api_io,event_id=61526496;market=Anytime Goalscorer
2026-04-18T12:29:57Z,2026-04-12T14:37:46Z,2026-04-12,,Bet365,France - Ligue 1,OGC Nice,Le Havre AC,1,5962,Tanguy Ndombele,Tanguy Ndombele,Nice,Le Havre AC,Sub,Sub,6.5,0.153846,0.036328,27.527,0.037,1.3566,0.0273,0.037,0.0,0.0,0,0.0,0.0,1.22,recent_long,0.0,3.0,0.0,0.0,0.0,,,0,none,0.0,0.0,0.0,0,,,unknown,unknown,none,none,,T2,1.0,no_lineup_payload,38.5,MC,3,1.0,2,,,,,0,38.5,8,0.2509,0.0,0.1195,-0.2509,1.6822,1.3,0.7728,1.0381,1.0,-0.763868,-76.387,model,history,1341.0,medium,monitor,no_action,,0.0,,,no_action,"history_resolver,no_xi_yet,fixture_t2",,odds_api_io,event_id=61526500;market=Anytime Goalscorer
2026-04-18T12:29:57Z,2026-04-12T18:27:43Z,2026-04-12,,Bet365,France - Ligue 1,Olympique Lyon,FC Lorient,0,13794,Kan Kouassi,Kan Kouassi,Lorient,Olympique Lyon,DML,DML,12.0,0.083333,0.01938,51.5984,0.0196,1.1098,0.0176,0.0196,0.0,0.0,0,0.0,0.0,2.19,recent_long,0.0,5.0,0.0,0.0,0.0,,,0,none,0.0,0.0,0.0,0,,,unknown,unknown,none,none,,T2,1.0,no_lineup_payload,84.6,DML,2,0.9,10,,,,,0,84.6,8,0.0961,1.0,0.0134,0.9039,1.3138,1.3,0.9895,0.9906,1.0,-0.767435,-76.743,model,history,2207.0,medium,monitor,no_action,,0.0,,,no_action,"history_resolver,no_xi_yet,fixture_t2",,odds_api_io,event_id=61526496;market=Anytime Goalscorer
2026-04-18T12:29:57Z,2026-04-12T18:27:43Z,2026-04-12,,Bet365,France - Ligue 1,Olympique Lyon,FC Lorient,0,12381,Panos Katseris,Panos Katseris,Lorient,Olympique Lyon,Sub,Sub,7.0,0.142857,0.031991,31.2584,0.0325,1.1098,0.0293,0.0325,0.0,0.0,0,0.0,0.0,1.92,recent_long,0.0,3.0,0.0,0.0,0.0,,,0,none,0.0,0.0,0.0,0,,,unknown,unknown,none,none,,T2,1.0,no_lineup_payload,33.3,DMR,2,0.6667,3,,,,,0,33.3,8,0.0528,0.0,0.0393,-0.0528,1.3138,1.3,0.9895,0.9906,1.0,-0.77606,-77.606,model,history,1290.0,medium,monitor,no_action,,0.0,,,no_action,"history_resolver,no_xi_yet,fixture_t2",,odds_api_io,event_id=61526496;market=Anytime Goalscorer
2026-04-18T12:29:57Z,2026-04-12T14:37:46Z,2026-04-12,,Bet365,France - Ligue 1,Toulouse FC,Lille OSC,1,12841,Dayann Methalie,Dayann Methalie,Toulouse,Lille OSC,DML,DML,12.0,0.083333,0.016681,59.9469,0.0168,1.308,0.0129,0.0168,0.0,0.0,0,0.0,0.0,3.15,recent_long,0.0,7.0,0.0,0.0,0.0,,,0,none,0.0,0.0,0.0,0,,,unknown,unknown,none,none,,T2,1.0,no_lineup_payload,70.8,DML,2,1.0,8,,,,,0,70.8,8,0.0362,0.0,0.0062,-0.0362,1.3904,1.3,0.935,1.0009,1.0,-0.799823,-79.982,model,history,1561.0,medium,monitor,no_action,,0.0,,,no_action,"history_resolver,no_xi_yet,fixture_t2",,odds_api_io,event_id=61526510;market=Anytime Goalscorer
2026-04-18T12:29:57Z,2026-04-12T14:37:46Z,2026-04-12,,Bet365,France - Ligue 1,Toulouse FC,Lille OSC,1,12842,Mark McKenzie,Mark McKenzie,Toulouse,Lille OSC,DC,DC,15.0,0.066667,0.013129,76.1701,0.0132,1.308,0.0101,0.0132,0.0,0.0,0,0.0,0.0,2.68,recent_long,0.0,10.0,0.0,0.0,0.0,,,0,none,0.0,0.0,0.0,0,,,unknown,unknown,none,none,,T2,1.0,no_lineup_payload,84.1,DC,1,1.0,9,,,,,0,84.1,8,0.084,0.0,0.0118,-0.084,1.3479,1.3,0.9644,1.0009,1.0,-0.803072,-80.307,model,history,4592.0,medium,monitor,no_action,,0.0,,,no_action,"history_resolver,no_xi_yet,fixture_t2",,odds_api_io,event_id=61526510;market=Anytime Goalscorer
2026-04-18T12:29:57Z,2026-04-12T18:27:43Z,2026-04-12,,Bet365,France - Ligue 1,Olympique Lyon,FC Lorient,0,12383,Mohamed Bamba,Mohamed Bamba,Lorient,Olympique Lyon,Sub,Sub,5.0,0.2,0.038785,25.7834,0.0396,1.1098,0.024,0.0267,0.0129,0.326,0,0.308,0.308,2.63,recent_long,2.0,5.0,0.4,0.0,0.0,,,0,none,0.0,0.0,0.0047,0,,,unknown,unknown,none,none,,T2,1.0,no_lineup_payload,31.2,FW,5,1.0,2,,,,,0,31.2,8,0.2897,0.0,0.161,-0.2897,1.6412,1.3,0.7921,0.9906,1.0,-0.806077,-80.608,model,history,1827.0,medium,monitor,no_action,,0.0,,,no_action,"history_resolver,no_xi_yet,fixture_t2",,odds_api_io,event_id=61526496;market=Anytime Goalscorer
2026-04-18T12:29:57Z,2026-04-12T14:37:46Z,2026-04-12,,Bet365,France - Ligue 1,OGC Nice,Le Havre AC,1,14379,Kail Boudache,Kail Boudache,Nice,Le Havre AC,Sub,Sub,2.875,0.347826,0.067393,14.8383,0.0698,1.3566,0.0514,0.0698,0.0,0.0,0,0.0,0.0,0.0,none,0.0,0.0,0.0,0.0,0.0,,,0,none,0.0,0.0,0.0,0,,,unknown,unknown,none,none,,T2,1.0,no_lineup_payload,39.1,AMC,4,1.0,1,,,,,0,39.1,8,2.2887,1.0,0.6358,-1.2887,1.2658,1.3,1.027,1.0381,1.0,-0.806245,-80.624,model,history,364.0,low,suppress,no_action,,0.0,,,no_action,"history_lt_500,fixture_t2",,odds_api_io,event_id=61526500;market=Anytime Goalscorer
2026-04-18T12:29:57Z,2026-04-12T14:37:46Z,2026-04-12,,Bet365,France - Ligue 1,OGC Nice,Le Havre AC,1,8768,Omoruyi Kevin Carlos,Omoruyi Kevin Carlos,Nice,Le Havre AC,Sub,Sub,2.75,0.363636,0.068977,14.4976,0.0715,1.3566,0.0527,0.0715,0.0,0.0,0,0.0,0.0,0.48,recent_long,0.0,1.0,0.0,0.0,0.0,,,0,none,0.0,0.0,0.0,0,,,unknown,unknown,none,none,,T2,1.0,no_lineup_payload,39.3,FW,5,1.0,3,,,,,0,39.3,8,0.9265,0.0,0.3088,-0.9265,1.3488,1.3,0.9638,1.0381,1.0,-0.810313,-81.031,model,history,828.0,medium,monitor,no_action,,0.0,,,no_action,"history_resolver,no_xi_yet,fixture_t2",,odds_api_io,event_id=61526500;market=Anytime Goalscorer
2026-04-18T12:29:57Z,2026-04-12T14:37:46Z,2026-04-12,,Bet365,France - Ligue 1,OGC Nice,Le Havre AC,1,8050,Hicham Boudaoui,Hicham Boudaoui,Nice,Le Havre AC,DMC,DMC,4.333,0.230787,0.040884,24.4593,0.0417,1.3566,0.0308,0.0417,0.0,0.0,0,0.0,0.0,1.71,recent_long,0.0,13.0,0.0,0.0,0.0,,,0,none,0.0,0.0,0.0,0,,,unknown,unknown,none,none,,T2,1.0,no_lineup_payload,59.6,MC,3,0.6667,6,,,,,0,59.6,8,0.6074,0.0,0.1248,-0.6074,1.2658,1.3,1.027,1.0381,1.0,-0.822848,-82.285,model,history,5354.0,medium,monitor,no_action,,0.0,,,no_action,"history_resolver,no_xi_yet,fixture_t2",,odds_api_io,event_id=61526500;market=Anytime Goalscorer
2026-04-18T12:29:57Z,2026-04-12T18:27:43Z,2026-04-12,,Bet365,France - Ligue 1,Olympique Lyon,FC Lorient,0,4882,Laurent Abergel,Laurent Abergel,Lorient,Olympique Lyon,MC,MC,8.5,0.117647,0.017445,57.3241,0.0176,1.1098,0.0159,0.0176,0.0,0.0,0,0.0,0.0,2.87,recent_long,0.0,6.0,0.0,0.0,0.0,,,0,none,0.0,0.0,0.0,0,,,unknown,unknown,none,none,,T2,1.0,no_lineup_payload,86.0,MC,3,1.0,10,,,,,0,86.0,8,0.1158,0.0,0.0151,-0.1158,1.5936,1.3,0.8158,0.9906,1.0,-0.85172,-85.172,model,history,4867.0,medium,monitor,no_action,,0.0,,,no_action,"history_resolver,no_xi_yet,fixture_t2",,odds_api_io,event_id=61526496;market=Anytime Goalscorer
2026-04-18T12:29:57Z,2026-04-12T18:27:43Z,2026-04-12,,Bet365,France - Ligue 1,Olympique Lyon,FC Lorient,0,10074,Sambou Soumano,Sambou Soumano,Lorient,Olympique Lyon,Sub,Sub,3.75,0.266667,0.038317,26.0983,0.0391,1.1098,0.0341,0.0379,0.0012,0.0307,0,0.0331,0.0331,2.06,recent_long,1.0,5.0,0.2,0.0,0.0,,,0,none,0.0,0.0,0.0005,0,,,unknown,unknown,none,none,,T2,1.0,no_lineup_payload,27.1,,,0.0,0,,,,,0,27.1,8,0.132,0.0,0.1176,-0.132,1.3138,1.3,0.9895,0.9906,1.0,-0.856313,-85.631,model,history,865.0,medium,monitor,no_action,,0.0,,,no_action,"history_resolver,no_xi_yet,fixture_t2",,odds_api_io,event_id=61526496;market=Anytime Goalscorer
2026-04-18T12:29:57Z,2026-04-12T14:37:46Z,2026-04-12,,Bet365,France - Ligue 1,OGC Nice,Le Havre AC,1,13070,Ali Abdi,Ali Abdi,Nice,Le Havre AC,Sub,Sub,6.5,0.153846,0.021784,45.9057,0.022,1.3566,0.0162,0.022,0.0,0.0,0,0.0,0.0,1.2,recent_long,0.0,6.0,0.0,0.0,0.0,,,0,none,0.0,0.0,0.0,0,,,unknown,unknown,none,none,,T2,1.0,no_lineup_payload,55.1,DL,1,0.8333,6,,,,,0,55.1,8,0.5165,1.0,0.0956,0.4835,1.2142,1.3,1.0706,1.0381,1.0,-0.858405,-85.841,model,history,2339.0,medium,monitor,no_action,,0.0,,,no_action,"history_resolver,no_xi_yet,fixture_t2",,odds_api_io,event_id=61526500;market=Anytime Goalscorer
2026-04-18T12:29:57Z,2026-04-12T18:27:43Z,2026-04-12,,Bet365,France - Ligue 1,Olympique Lyon,FC Lorient,0,12328,Arthur Avom,Arthur Avom,Lorient,Olympique Lyon,MC,MC,8.5,0.117647,0.01539,64.9757,0.0155,1.1098,0.014,0.0155,0.0,0.0,0,0.0,0.0,1.5,recent_long,0.0,4.0,0.0,0.0,0.0,,,0,none,0.0,0.0,0.0,0,,,unknown,unknown,none,none,,T2,1.0,no_lineup_payload,67.3,MC,3,1.0,6,,,,,0,67.3,8,0.1352,1.0,0.0244,0.8648,1.3138,1.3,0.9895,0.9906,1.0,-0.869182,-86.918,model,history,1792.0,medium,monitor,no_action,,0.0,,,no_action,"history_resolver,no_xi_yet,fixture_t2",,odds_api_io,event_id=61526496;market=Anytime Goalscorer
2026-04-18T12:29:57Z,2026-04-12T18:27:43Z,2026-04-12,,Bet365,France - Ligue 1,Olympique Lyon,FC Lorient,0,12382,Nathaniel Adjei,Nathaniel Adjei,Lorient,Olympique Lyon,DC,DC,19.0,0.052632,0.00636,99.0,0.0064,1.1098,0.0057,0.0064,0.0,0.0,0,0.0,0.0,0.0,none,0.0,0.0,0.0,0.0,0.0,,,0,none,0.0,0.0,0.0,0,,,unknown,unknown,none,none,,T2,1.0,no_lineup_payload,52.0,DC,1,1.0,4,,,,,0,52.0,8,0.0,0.0,0.0,0.0,1.2113,1.3,1.0732,0.9906,1.0,-0.879162,-87.916,model,history,1545.0,medium,monitor,no_action,,0.0,,,no_action,"history_resolver,no_xi_yet,fixture_t2",,odds_api_io,event_id=61526496;market=Anytime Goalscorer
2026-04-18T12:29:57Z,2026-04-12T14:37:46Z,2026-04-12,,Bet365,France - Ligue 1,OGC Nice,Le Havre AC,1,148,Dante,Dante,Nice,Le Havre AC,Sub,Sub,12.0,0.083333,0.008414,99.0,0.0085,1.3566,0.0062,0.0085,0.0,0.0,0,0.0,0.0,1.49,recent_long,0.0,12.0,0.0,0.0,0.0,,,0,none,0.0,0.0,0.0,0,,,unknown,unknown,none,none,,T2,1.0,no_lineup_payload,68.4,DC,1,1.0,7,,,,,0,68.4,8,0.0857,0.0,0.0125,-0.0857,1.2658,1.3,1.027,1.0381,1.0,-0.899027,-89.903,model,history,5576.0,medium,monitor,no_action,,0.0,,,no_action,"history_resolver,no_xi_yet,fixture_t2",,odds_api_io,event_id=61526500;market=Anytime Goalscorer
2026-04-18T12:29:57Z,2026-04-12T18:27:43Z,2026-04-12,,Bet365,France - Ligue 1,Olympique Lyon,FC Lorient,0,13795,Karim Dermane,Karim Dermane,Lorient,Olympique Lyon,Sub,Sub,6.5,0.153846,0.015498,64.5237,0.0156,1.1098,0.0141,0.0156,0.0,0.0,0,0.0,0.0,2.0,recent_long,0.0,5.0,0.0,0.0,0.0,,,0,none,0.0,0.0,0.0,0,,,unknown,unknown,none,none,,T2,1.0,no_lineup_payload,40.6,AMC,4,0.8,5,,,,,0,40.6,8,0.2559,0.0,0.0613,-0.2559,1.3138,1.3,0.9895,0.9906,1.0,-0.899262,-89.926,model,history,1263.0,medium,monitor,no_action,,0.0,,,no_action,"history_resolver,no_xi_yet,fixture_t2",,odds_api_io,event_id=61526496;market=Anytime Goalscorer
2026-04-18T12:29:57Z,2026-04-12T14:37:46Z,2026-04-12,,Bet365,France - Ligue 1,Toulouse FC,Lille OSC,1,13755,Mario Sauer,Mario Sauer,Toulouse,Lille OSC,Sub,Sub,6.5,0.153846,0.015471,64.6353,0.0156,1.308,0.0119,0.0156,0.0,0.0,0,0.0,0.0,2.46,recent_long,0.0,6.0,0.0,0.0,0.0,,,0,none,0.0,0.0,0.0,0,,,unknown,unknown,none,none,,T2,1.0,no_lineup_payload,14.6,,,0.0,0,,,,,0,14.6,8,1.0373,1.0,1.1669,-0.0373,1.3479,1.3,0.9644,1.0009,1.0,-0.899436,-89.944,model,history,585.0,medium,monitor,no_action,,0.0,,,no_action,"history_resolver,no_xi_yet,fixture_t2",,odds_api_io,event_id=61526510;market=Anytime Goalscorer
2026-04-18T12:29:57Z,2026-04-12T14:37:46Z,2026-04-12,,Bet365,France - Ligue 1,OGC Nice,Le Havre AC,1,13751,Isak Jansson,Isak Jansson,Nice,Le Havre AC,AMC,AMC,4.0,0.25,0.023182,43.1362,0.0235,1.3566,0.0173,0.0235,0.0,0.0,0,0.0,0.0,0.54,recent_long,0.0,1.0,0.0,0.0,0.0,,,0,none,0.0,0.0,0.0,0,,,unknown,unknown,none,none,,T2,1.0,no_lineup_payload,29.4,FWL,5,0.5,4,,,,,0,29.4,8,0.4874,0.0,0.1899,-0.4874,1.3141,1.3,0.9893,1.0381,1.0,-0.90727,-90.727,model,history,576.0,medium,monitor,no_action,,0.0,,,no_action,"history_resolver,no_xi_yet,fixture_t2",,odds_api_io,event_id=61526500;market=Anytime Goalscorer
2026-04-18T12:29:57Z,2026-04-12T14:37:46Z,2026-04-12,,Bet365,France - Ligue 1,OGC Nice,Le Havre AC,1,14032,Tiago Gouveia,Tiago Gouveia,Nice,Le Havre AC,Sub,Sub,3.75,0.266667,0.024449,40.9021,0.0248,1.3566,0.0182,0.0248,0.0,0.0,0,0.0,0.0,0.57,recent_long,0.0,1.0,0.0,0.0,0.0,,,0,none,0.0,0.0,0.0,0,,,unknown,unknown,none,none,,T2,1.0,no_lineup_payload,34.6,MR,3,0.75,4,,,,,0,34.6,8,0.6314,0.0,0.2514,-0.6314,1.7109,1.3,0.7598,1.0381,1.0,-0.908318,-90.832,model,history,506.0,medium,monitor,no_action,,0.0,,,no_action,"history_resolver,no_xi_yet,fixture_t2",,odds_api_io,event_id=61526500;market=Anytime Goalscorer
2026-04-18T12:29:57Z,2026-04-12T14:37:46Z,2026-04-12,,Bet365,France - Ligue 1,Toulouse FC,Lille OSC,1,13918,Julien Vignolo,Julien Vignolo,Toulouse,Lille OSC,Sub,Sub,3.75,0.266667,0.021828,45.8133,0.0221,1.308,0.0169,0.0221,0.0,0.0,0,0.0,0.0,1.12,recent_long,0.0,2.0,0.0,0.0,0.0,,,0,none,0.0,0.0,0.0,0,,,unknown,unknown,none,none,,T2,1.0,no_lineup_payload,14.3,AMC,4,1.0,1,,,,,0,14.3,8,1.6875,2.0,1.1167,0.3125,1.683,1.3,0.7724,1.0009,1.0,-0.918146,-91.815,model,history,153.0,low,suppress,no_action,,0.0,,,no_action,"history_lt_500,fixture_t2",,odds_api_io,event_id=61526510;market=Anytime Goalscorer
2026-04-18T12:29:57Z,2026-04-12T14:37:46Z,2026-04-12,,Bet365,France - Ligue 1,Toulouse FC,Lille OSC,1,12330,Noah Edjouma,Noah Edjouma,Toulouse,Lille OSC,AMC,AMC,4.0,0.25,0.017492,57.1684,0.0176,1.308,0.0135,0.0176,0.0,0.0,0,0.0,0.0,0.65,recent_long,0.0,1.0,0.0,0.0,0.0,,,0,none,0.0,0.0,0.0,0,,,unknown,unknown,none,none,,T2,1.0,no_lineup_payload,13.8,AMC,4,1.0,1,,,,,0,13.8,8,1.285,1.0,1.0809,-0.285,1.7753,1.3,0.7323,1.0009,1.0,-0.930031,-93.003,model,history,133.0,low,suppress,no_action,,0.0,,,no_action,"history_lt_500,fixture_t2",,odds_api_io,event_id=61526510;market=Anytime Goalscorer
2026-04-18T12:29:57Z,2026-04-12T14:37:46Z,2026-04-12,,Bet365,France - Ligue 1,Toulouse FC,Lille OSC,1,14435,Jacen Russell-Rowe,Jacen Russell-Rowe,Toulouse,Lille OSC,Sub,Sub,4.0,0.25,0.016619,60.1719,0.0168,1.308,0.0128,0.0168,0.0,0.0,0,0.0,0.0,0.0,none,0.0,0.0,0.0,0.0,0.0,,,0,none,0.0,0.0,0.0,0,,,unknown,unknown,none,none,,T2,1.0,no_lineup_payload,28.4,FW,5,1.0,2,,,,,0,28.4,8,0.7513,0.0,0.3102,-0.7513,1.3479,1.3,0.9644,1.0009,1.0,-0.933524,-93.352,model,history,218.0,low,suppress,no_action,,0.0,,,no_action,"history_lt_500,fixture_t2",,odds_api_io,event_id=61526510;market=Anytime Goalscorer
2026-04-18T12:29:57Z,2026-04-12T14:37:46Z,2026-04-12,,Bet365,France - Ligue 1,Toulouse FC,Lille OSC,1,13757,Alexis Vossah,Alexis Vossah,Toulouse,Lille OSC,MC,MC,7.0,0.142857,0.009216,99.0,0.0093,1.308,0.0071,0.0093,0.0,0.0,0,0.0,0.0,2.08,recent_long,0.0,4.0,0.0,0.0,0.0,,,0,none,0.0,0.0,0.0,0,,,unknown,unknown,none,none,,T2,1.0,no_lineup_payload,48.4,MC,3,1.0,8,,,,,0,48.4,8,0.0189,0.0,0.0036,-0.0189,1.7024,1.3,0.7636,1.0009,1.0,-0.935487,-93.549,model,history,759.0,medium,monitor,no_action,,0.0,,,no_action,"history_resolver,no_xi_yet,fixture_t2",,odds_api_io,event_id=61526510;market=Anytime Goalscorer
2026-04-18T12:29:57Z,2026-04-12T14:37:46Z,2026-04-12,,Bet365,France - Ligue 1,Toulouse FC,Lille OSC,1,14049,Abu Francis,Abu Francis,Toulouse,Lille OSC,MC,MC,4.75,0.210526,0.01057,94.6093,0.0106,1.308,0.0081,0.0106,0.0,0.0,0,0.0,0.0,4.19,recent_long,0.0,5.0,0.0,0.0,0.0,,,0,none,0.0,0.0,0.0,0,,,unknown,unknown,none,none,,T2,1.0,no_lineup_payload,68.1,MC,3,1.0,7,,,,,0,68.1,8,0.1765,0.0,0.0291,-0.1765,1.6898,1.3,0.7693,1.0009,1.0,-0.949794,-94.979,model,history,546.0,medium,monitor,no_action,,0.0,,,no_action,"history_resolver,no_xi_yet,fixture_t2",,odds_api_io,event_id=61526510;market=Anytime Goalscorer
2026-04-18T12:29:57Z,2026-04-12T14:37:46Z,2026-04-12,,Bet365,France - Ligue 1,OGC Nice,Le Havre AC,1,12969,Moise Bombito,Moise Bombito,Nice,Le Havre AC,DC,DC,9.5,0.105263,0.004287,99.0,0.0043,1.3566,0.0032,0.0043,0.0,0.0,0,0.0,0.0,3.3,recent_long,0.0,6.0,0.0,0.0,0.0,,,0,none,0.0,0.0,0.0,0,,,unknown,unknown,none,none,,T2,1.0,no_lineup_payload,77.4,DC,1,1.0,10,,,,,0,77.4,8,0.0496,0.0,0.0071,-0.0496,1.696,1.3,0.7665,1.0381,1.0,-0.959272,-95.927,model,history,2351.0,medium,monitor,no_action,,0.0,,,no_action,"history_resolver,no_xi_yet,fixture_t2",,odds_api_io,event_id=61526500;market=Anytime Goalscorer
2026-04-18T12:29:57Z,2026-04-12T14:37:46Z,2026-04-12,,Bet365,France - Ligue 1,Toulouse FC,Lille OSC,1,13758,Seny Koumbassa,Seny Koumbassa,Toulouse,Lille OSC,DC,DC,12.0,0.083333,0.002479,99.0,0.0025,1.308,0.0019,0.0025,0.0,0.0,0,0.0,0.0,0.73,recent_long,0.0,1.0,0.0,0.0,0.0,,,0,none,0.0,0.0,0.0,0,,,unknown,unknown,none,none,,T2,1.0,no_lineup_payload,44.7,DC,1,1.0,2,,,,,0,44.7,6,0.0589,0.0,0.0211,-0.0589,1.3479,1.3,0.9644,1.0009,1.0,-0.970251,-97.025,model,history,251.0,low,suppress,no_action,,0.0,,,no_action,"history_lt_500,fixture_t2",,odds_api_io,event_id=61526510;market=Anytime Goalscorer
2026-04-18T12:29:57Z,2026-04-12T14:37:46Z,2026-04-12,,Bet365,France - Ligue 1,OGC Nice,Le Havre AC,1,14031,Charles Vanhoutte,Charles Vanhoutte,Nice,Le Havre AC,Sub,Sub,6.5,0.153846,0.002284,99.0,0.0023,1.3566,0.0017,0.0023,0.0,0.0,0,0.0,0.0,0.72,recent_long,0.0,2.0,0.0,0.0,0.0,,,0,none,0.0,0.0,0.0,0,,,unknown,unknown,none,none,,T2,1.0,no_lineup_payload,72.2,DMC,2,0.875,8,,,,,0,72.2,8,0.0468,0.0,0.0067,-0.0468,1.48,1.3,0.8784,1.0381,1.0,-0.985156,-98.516,model,history,1673.0,medium,monitor,no_action,,0.0,,,no_action,"history_resolver,no_xi_yet,fixture_t2",,odds_api_io,event_id=61526500;market=Anytime Goalscorer
2026-04-18T12:29:57Z,2026-04-12T18:27:43Z,2026-04-12,,Bet365,France - Ligue 1,Olympique Lyon,FC Lorient,0,10854,Souleymane Toure,Souleymane Toure,Lorient,Olympique Lyon,DC,DC,12.0,0.083333,0.001,99.0,0.001,1.1098,0.0,0.0,0.0,0.0,0,0.0,0.0,0.0,none,0.0,0.0,0.0,0.0,0.0,,,0,none,0.0,0.0,0.0,0,,,unknown,unknown,none,none,,T2,1.0,no_lineup_payload,62.0,DC,1,1.0,10,,,,,0,62.0,8,0.2021,0.0,0.0258,-0.2021,1.3106,1.3,0.9919,0.9906,1.0,-0.988006,-98.801,fallback,history,2052.0,low,suppress,no_action,,0.0,,,no_action,"fallback_method,fixture_t2,stale_history",,odds_api_io,event_id=61526496;market=Anytime Goalscorer
2026-04-18T12:29:57Z,2026-04-12T14:37:46Z,2026-04-12,,Bet365,France - Ligue 1,OGC Nice,Le Havre AC,1,13752,Gabin Bernardeau,Gabin Bernardeau,Nice,Le Havre AC,Sub,Sub,5.0,0.2,0.002198,99.0,0.0022,1.3566,0.0016,0.0022,0.0,0.0,0,0.0,0.0,0.0,none,0.0,0.0,0.0,0.0,0.0,,,0,none,0.0,0.0,0.0,0,,,unknown,unknown,none,none,,T2,1.0,no_lineup_payload,22.5,AMR,4,1.0,1,,,,,0,22.5,4,0.0967,0.0,0.0967,-0.0967,1.5689,1.3,0.8286,1.0381,1.0,-0.989012,-98.901,model,history,90.0,low,suppress,no_action,,0.0,,,no_action,"history_lt_500,fixture_t2",,odds_api_io,event_id=61526500;market=Anytime Goalscorer
2026-04-18T12:29:57Z,2026-04-12T14:37:46Z,2026-04-12,,Bet365,France - Ligue 1,OGC Nice,Le Havre AC,1,13042,Mohamed Abdelmonem,Mohamed Abdelmonem,Nice,Le Havre AC,DC,DC,9.5,0.105263,0.001,99.0,0.001,1.3566,0.0,0.0,0.0,0.0,0,0.0,0.0,0.83,recent_long,0.0,1.0,0.0,0.0,0.0,,,0,none,0.0,0.0,0.0,0,,,unknown,unknown,none,none,,T2,1.0,no_lineup_payload,72.3,DC,1,1.0,9,,,,,0,72.3,8,0.0,0.0,0.0,0.0,1.7541,1.3,0.7411,1.0381,1.0,-0.990505,-99.05,model,history,857.0,medium,monitor,no_action,,0.0,,,no_action,"history_resolver,no_xi_yet,fixture_t2",,odds_api_io,event_id=61526500;market=Anytime Goalscorer
2026-04-18T12:29:57Z,2026-04-12T18:27:43Z,2026-04-12,,Bet365,France - Ligue 1,Olympique Lyon,FC Lorient,0,5974,Noham Kamara,Bingourou Kamara,Lorient,Olympique Lyon,GK,GK,8.5,0.117647,0.001,99.0,0.001,1.1098,0.0,0.0,0.0,0.0,0,0.0,0.0,0.0,none,0.0,0.0,0.0,0.0,0.0,,,0,none,0.0,0.0,0.0,0,,,unknown,unknown,none,none,,T2,1.0,no_lineup_payload,80.0,,,0.0,0,,,,,0,80.0,0,0.0,0.0,0.0,0.0,,1.3,,0.9906,1.0,-0.991504,-99.15,fallback,live_roster,0.0,low,suppress,no_action,,0.0,,,no_action,"fallback_method,fixture_t2",,odds_api_io,event_id=61526496;market=Anytime Goalscorer
2026-04-18T12:29:57Z,2026-04-12T14:37:46Z,2026-04-12,,Bet365,France - Ligue 1,OGC Nice,Le Havre AC,1,14165,Brad Hamilton Mantsounga,Brad Hamilton Mantsounga,Nice,Le Havre AC,DC,DC,8.0,0.125,0.001,99.0,0.001,1.3566,0.0,0.0,0.0,0.0,0,0.0,0.0,0.0,none,0.0,0.0,0.0,0.0,0.0,,,0,none,0.0,0.0,0.0,0,,,unknown,unknown,none,none,,T2,1.0,no_lineup_payload,90.0,DC,1,1.0,1,,,,,0,90.0,1,0.0,0.0,0.0,0.0,1.3034,1.3,0.9974,1.0381,1.0,-0.992004,-99.2,fallback,history,90.0,low,suppress,no_action,,0.0,,,no_action,"fallback_method,fixture_t2",,odds_api_io,event_id=61526500;market=Anytime Goalscorer
2026-04-18T12:29:57Z,2026-04-12T14:37:46Z,2026-04-12,,Bet365,France - Ligue 1,Toulouse FC,Lille OSC,1,5352,Niklas Schmidt,Niklas Schmidt,Toulouse,Lille OSC,Sub,Sub,8.0,0.125,0.001,99.0,0.001,1.308,0.0,0.0,0.0,0.0,0,0.0,0.0,0.0,none,0.0,0.0,0.0,0.0,0.0,,,0,none,0.0,0.0,0.0,0,,,unknown,unknown,none,none,,T2,1.0,no_lineup_payload,62.0,MC,3,1.0,3,,,,,0,62.0,8,0.0938,0.0,0.0722,-0.0938,1.668,1.3,0.7794,1.0009,1.0,-0.992004,-99.2,fallback,history,1445.0,low,suppress,no_action,,0.0,,,no_action,"fallback_method,fixture_t2,stale_history",,odds_api_io,event_id=61526510;market=Anytime Goalscorer
2026-04-18T12:29:57Z,2026-04-12T14:37:46Z,2026-04-12,,Bet365,France - Ligue 1,OGC Nice,Le Havre AC,1,9642,Salis Abdul Samed,Salis Abdul Samed,Nice,Le Havre AC,DMC,DMC,8.0,0.125,0.001,99.0,0.001,1.3566,0.0,0.0,0.0,0.0,0,0.0,0.0,1.7,recent_long,0.0,5.0,0.0,0.0,0.0,,,0,none,0.0,0.0,0.0,0,,,unknown,unknown,none,none,,T2,1.0,no_lineup_payload,45.9,MC,3,0.6667,6,,,,,0,45.9,8,0.0,0.0,0.0,0.0,1.5454,1.3,0.8412,1.0381,1.0,-0.992004,-99.2,model,history,2194.0,medium,monitor,no_action,,0.0,,,no_action,"history_resolver,no_xi_yet,fixture_t2",,odds_api_io,event_id=61526500;market=Anytime Goalscorer
2026-04-18T12:29:57Z,2026-04-12T18:27:43Z,2026-04-12,,Bet365,France - Ligue 1,Olympique Lyon,FC Lorient,0,14514,Daniel Semedo,Daniel Semedo,Lorient,Olympique Lyon,S,S,7.0,0.142857,0.001,99.0,0.001,1.1098,0.0,0.0,0.0,0.0,0,0.0,0.0,0.0,none,0.0,0.0,0.0,0.0,0.0,,,0,none,0.0,0.0,0.0,0,,,unknown,unknown,none,none,,T2,1.0,no_lineup_payload,7.0,,,0.0,0,,,,,0,7.0,0,0.0,0.0,0.0,0.0,,1.3,,0.9906,1.0,-0.993003,-99.3,fallback,live_roster,0.0,low,suppress,no_action,,0.0,,,no_action,"fallback_method,fixture_t2",,odds_api_io,event_id=61526496;market=Anytime Goalscorer
2026-04-18T12:29:57Z,2026-04-12T18:27:43Z,2026-04-12,,Bet365,France - Ligue 1,Olympique Lyon,FC Lorient,0,14011,Martin Bley,Martin Bley,Lorient,Olympique Lyon,S,S,7.0,0.142857,0.001,99.0,0.001,1.1098,0.0,0.0,0.0,0.0,0,0.0,0.0,0.0,none,0.0,0.0,0.0,0.0,0.0,,,0,none,0.0,0.0,0.0,0,,,unknown,unknown,none,none,,T2,1.0,no_lineup_payload,5.0,,,0.0,0,,,,,0,5.0,0,0.0,0.0,0.0,0.0,,1.3,,0.9906,1.0,-0.993003,-99.3,fallback,live_roster,0.0,low,suppress,no_action,,0.0,,,no_action,"fallback_method,fixture_t2",,odds_api_io,event_id=61526496;market=Anytime Goalscorer
2026-04-18T12:29:57Z,2026-04-12T14:37:46Z,2026-04-12,,Bet365,France - Ligue 1,OGC Nice,Le Havre AC,1,13753,Djibril Coulibaly,Djibril Coulibaly,Nice,Le Havre AC,S,S,6.5,0.153846,0.001,99.0,0.001,1.3566,0.0,0.0,0.0,0.0,0,0.0,0.0,0.0,none,0.0,0.0,0.0,0.0,0.0,,,0,none,0.0,0.0,0.0,0,,,unknown,unknown,none,none,,T2,1.0,no_lineup_payload,5.0,,,0.0,0,,,,,0,5.0,0,0.0,0.0,0.0,0.0,,1.3,,1.0381,1.0,-0.993503,-99.35,fallback,live_roster,0.0,low,suppress,no_action,,0.0,,,no_action,"fallback_method,fixture_t2",,odds_api_io,event_id=61526500;market=Anytime Goalscorer
2026-04-18T12:29:57Z,2026-04-12T14:37:46Z,2026-04-12,,Bet365,France - Ligue 1,Toulouse FC,Lille OSC,1,12598,Rafik Messali,Rafik Messali,Toulouse,Lille OSC,DMR,DMR,6.5,0.153846,0.001,99.0,0.001,1.308,0.0005,0.0006,0.0,0.0,0,0.0,0.0,1.54,recent_long,0.0,3.0,0.0,0.0,0.0,,,0,none,0.0,0.0,0.0,0,,,unknown,unknown,none,none,,T2,1.0,no_lineup_payload,42.6,DMR,2,0.8,5,,,,,0,42.6,8,0.0,0.0,0.0,0.0,1.5825,1.3,0.8215,1.0009,1.0,-0.993503,-99.35,model,history,942.0,medium,monitor,no_action,,0.0,,,no_action,"history_resolver,no_xi_yet,fixture_t2",,odds_api_io,event_id=61526510;market=Anytime Goalscorer
2026-04-18T12:29:57Z,2026-04-12T14:37:46Z,2026-04-12,,Bet365,France - Ligue 1,Toulouse FC,Lille OSC,1,13608,Ilyas Azizi,Ilyas Azizi,Toulouse,Lille OSC,S,S,4.75,0.210526,0.001,99.0,0.001,1.308,0.0,0.0,0.0,0.0,0,0.0,0.0,0.0,none,0.0,0.0,0.0,0.0,0.0,,,0,none,0.0,0.0,0.0,0,,,unknown,unknown,none,none,,T2,1.0,no_lineup_payload,6.0,,,0.0,0,,,,,0,6.0,0,0.0,0.0,0.0,0.0,,1.3,,1.0009,1.0,-0.995252,-99.525,fallback,live_roster,0.0,low,suppress,no_action,,0.0,,,no_action,"fallback_method,fixture_t2",,odds_api_io,event_id=61526510;market=Anytime Goalscorer
2026-04-18T12:29:57Z,2026-04-12T14:37:46Z,2026-04-12,,Bet365,France - Ligue 1,OGC Nice,Le Havre AC,1,14242,Zoumana Diallo,Zoumana Diallo,Nice,Le Havre AC,S,S,1.952,0.512295,0.001,99.0,0.001,1.3566,0.0,0.0,0.0,0.0,0,0.0,0.0,0.0,none,0.0,0.0,0.0,0.0,0.0,,,0,none,0.0,0.0,0.0,0,,,unknown,unknown,none,none,,T2,1.0,no_lineup_payload,7.0,,,0.0,0,,,,,0,7.0,0,0.0,0.0,0.0,0.0,,1.3,,1.0381,1.0,-0.998049,-99.805,fallback,live_roster,0.0,low,suppress,no_action,,0.0,,,no_action,"fallback_method,fixture_t2",,odds_api_io,event_id=61526500;market=Anytime Goalscorer
2026-04-18T12:29:57Z,2026-04-17T16:43:53Z,2026-04-17,,Bet365,France - Ligue 1,Racing Club De Lens,Toulouse FC,0,9220,Charlie Cresswell,Charlie Cresswell,Toulouse,Racing Club De Lens,DC,DC,13.0,0.076923,0.091197,10.9653,0.0956,1.1751,0.0814,0.0956,0.0,0.0,0,0.0,0.0,2.91,recent_long,0.0,11.0,0.0,0.0,0.0,,,0,none,0.0,0.0,0.0,0,,,unknown,unknown,none,none,,T2,1.0,no_lineup_payload,90.0,DC,1,1.0,10,,,,,0,90.0,8,0.6358,0.0,0.0795,-0.6358,1.6122,1.3872,0.8605,1.0009,1.0479,0.185556,18.556,model,history,4761.0,medium,surface_with_caveat,no_action,,0.0,,,no_action,"history_resolver,no_xi_yet,fixture_t2",,odds_api_io,event_id=61526522;market=Anytime Goalscorer
2026-04-18T12:29:57Z,2026-04-17T16:43:53Z,2026-04-17,,Bet365,France - Ligue 1,Racing Club De Lens,Toulouse FC,0,12045,Aron Donnum,Aron Donnum,Toulouse,Racing Club De Lens,AMC,AMC,7.5,0.133333,0.133909,7.4678,0.1438,1.1751,0.0754,0.0886,0.0552,0.384,0,0.6023,0.8843,1.94,recent_long,3.0,16.0,0.1875,0.0,0.0,,,1,primary,0.42,3.0,0.0095,0,,,unknown,unknown,none,none,,T2,1.0,no_lineup_payload,88.4,AMC,4,0.4,10,,,,,0,88.4,8,1.0356,1.0,0.1324,-0.0356,1.3479,1.3872,1.0292,1.0009,1.0479,0.004314,0.432,model,history,6387.0,medium,monitor,no_action,,0.0,,,no_action,"history_resolver,no_xi_yet,fixture_t2",,odds_api_io,event_id=61526522;market=Anytime Goalscorer
2026-04-18T12:29:57Z,2026-04-17T16:43:53Z,2026-04-17,,Bet365,France - Ligue 1,Racing Club De Lens,Toulouse FC,1,13732,Samson Baidoo,Samson Baidoo,Lens,Toulouse FC,DC,DC,9.0,0.111111,0.109646,9.1202,0.1161,1.8025,0.0644,0.1161,0.0,0.0,0,0.0,0.0,1.42,recent_long,0.0,3.0,0.0,0.0,0.0,,,0,none,0.0,0.0,0.0,0,,,unknown,unknown,none,none,,T2,1.0,no_lineup_payload,87.4,DC,1,1.0,10,,,,,0,87.4,8,0.9917,0.0,0.1288,-0.9917,1.4348,1.1628,0.8104,1.4918,0.9246,-0.013183,-1.318,model,history,1544.0,medium,monitor,no_action,,0.0,,,no_action,"history_resolver,no_xi_yet,fixture_t2",,odds_api_io,event_id=61526522;market=Anytime Goalscorer
2026-04-18T12:29:57Z,2026-04-17T16:43:53Z,2026-04-17,,Bet365,France - Ligue 1,Racing Club De Lens,Toulouse FC,1,5745,Matthieu Udol,Matthieu Udol,Lens,Toulouse FC,DML,DML,6.5,0.153846,0.136944,7.3022,0.1473,1.8025,0.0817,0.1473,0.0,0.0,0,0.0,0.0,2.09,recent_long,0.0,11.0,0.0,0.0,0.0,,,0,none,0.0,0.0,0.0,0,,,unknown,unknown,none,none,,T2,1.0,no_lineup_payload,90.0,DML,2,0.9,10,,,,,0,90.0,8,1.839,1.0,0.2299,-0.839,1.3539,1.1628,0.8589,1.4918,0.9246,-0.109861,-10.986,model,history,5213.0,medium,monitor,no_action,,0.0,,,no_action,"history_resolver,no_xi_yet,fixture_t2",,odds_api_io,event_id=61526522;market=Anytime Goalscorer
2026-04-18T12:29:57Z,2026-04-17T16:43:53Z,2026-04-17,,Bet365,France - Ligue 1,Racing Club De Lens,Toulouse FC,0,14082,Emersonn Silva,Emersonn Silva,Toulouse,Racing Club De Lens,FW,FW,5.5,0.181818,0.135347,7.3884,0.1454,1.1751,0.1238,0.1454,0.0,0.0,0,0.0,0.0,2.22,recent_long,0.0,6.0,0.0,0.0,0.0,,,0,none,0.0,0.0,0.0,0,,,unknown,unknown,none,none,,T2,1.0,no_lineup_payload,59.6,FW,5,1.0,7,,,,,0,59.6,8,1.3166,1.0,0.2835,-0.3166,1.3479,1.3872,1.0292,1.0009,1.0479,-0.255593,-25.559,model,history,1310.0,medium,monitor,no_action,,0.0,,,no_action,"history_resolver,no_xi_yet,fixture_t2",,odds_api_io,event_id=61526522;market=Anytime Goalscorer
2026-04-18T12:29:57Z,2026-04-17T16:43:53Z,2026-04-17,,Bet365,France - Ligue 1,Racing Club De Lens,Toulouse FC,0,6874,Yann Gboho,Yann Gboho,Toulouse,Racing Club De Lens,AMC,AMC,4.75,0.210526,0.149093,6.7072,0.1615,1.1751,0.1374,0.1615,0.0,0.0,0,0.0,0.0,2.28,recent_long,0.0,16.0,0.0,0.0,0.0,,,0,none,0.0,0.0,0.0,0,,,unknown,unknown,none,none,,T2,1.0,no_lineup_payload,89.8,AMC,4,0.8,10,,,,,0,89.8,8,1.8477,2.0,0.231,0.1523,1.3479,1.3872,1.0292,1.0009,1.0479,-0.291807,-29.181,model,history,5930.0,medium,monitor,no_action,,0.0,,,no_action,"history_resolver,no_xi_yet,fixture_t2",,odds_api_io,event_id=61526522;market=Anytime Goalscorer
2026-04-18T12:29:57Z,2026-04-17T16:43:53Z,2026-04-17,,Bet365,France - Ligue 1,Racing Club De Lens,Toulouse FC,0,3357,Djibril Sidibe,Djibril Sidibe,Toulouse,Racing Club De Lens,DMR,DMR,9.0,0.111111,0.074715,13.3843,0.0777,1.1751,0.0334,0.0393,0.0384,0.4945,1,0.4349,0.8122,2.27,recent_long,2.0,11.0,0.1818,0.0,0.0,,,1,secondary,0.15,3.0,0.0,0,,,unknown,unknown,none,none,,T2,1.0,no_lineup_payload,85.2,DC,1,0.5,10,,,,,0,85.2,8,0.6867,1.0,0.0869,0.3133,1.3479,1.3872,1.0292,1.0009,1.0479,-0.327568,-32.757,model,history,4199.0,medium,monitor,no_action,,0.0,,,no_action,"history_resolver,no_xi_yet,fixture_t2",,odds_api_io,event_id=61526522;market=Anytime Goalscorer
2026-04-18T12:29:57Z,2026-04-17T16:43:53Z,2026-04-17,,Bet365,France - Ligue 1,Racing Club De Lens,Toulouse FC,1,942,Florian Thauvin,Florian Thauvin,Lens,Toulouse FC,AMC,AMC,2.5,0.4,0.261708,3.821,0.3034,1.8025,0.1423,0.2565,0.0469,0.1547,0,0.5975,0.9103,1.7,recent_long,3.0,5.0,0.6,0.0,0.0,,,1,primary,0.42,3.0,0.0089,0,,,unknown,unknown,none,none,,T2,1.0,no_lineup_payload,83.1,AMC,4,1.0,10,,,,,0,83.1,8,2.6597,3.0,0.3616,0.3403,1.3539,1.1628,0.8589,1.4918,0.9246,-0.345729,-34.573,model,history,2276.0,medium,monitor,no_action,,0.0,,,no_action,"history_resolver,no_xi_yet,fixture_t2",,odds_api_io,event_id=61526522;market=Anytime Goalscorer
2026-04-18T12:29:57Z,2026-04-17T16:43:53Z,2026-04-17,,Bet365,France - Ligue 1,Racing Club De Lens,Toulouse FC,0,14358,Pape Diop,Pape Diop,Toulouse,Racing Club De Lens,MC,MC,7.5,0.133333,0.086114,11.6126,0.09,1.1751,0.0766,0.09,0.0,0.0,0,0.0,0.0,0.0,none,0.0,0.0,0.0,0.0,0.0,,,0,none,0.0,0.0,0.0,0,,,unknown,unknown,none,none,,T2,1.0,no_lineup_payload,88.6,MC,3,1.0,10,,,,,0,88.6,8,1.2388,0.0,0.1577,-1.2388,1.3479,1.3872,1.0292,1.0009,1.0479,-0.354147,-35.415,model,history,972.0,medium,monitor,no_action,,0.0,,,no_action,"history_resolver,no_xi_yet,fixture_t2",,odds_api_io,event_id=61526522;market=Anytime Goalscorer
2026-04-18T12:29:57Z,2026-04-17T16:43:53Z,2026-04-17,,Bet365,France - Ligue 1,Racing Club De Lens,Toulouse FC,0,10193,Frank Magri,Frank Magri,Toulouse,Racing Club De Lens,FW,FW,4.75,0.210526,0.135949,7.3557,0.1461,1.1751,0.1185,0.1393,0.0068,0.0467,0,0.0892,0.1078,4.71,recent_long,1.0,18.0,0.0556,0.0,0.0,,,1,tertiary,0.06,3.0,0.0006,0,,,unknown,unknown,none,none,,T2,1.0,no_lineup_payload,73.7,AMC,4,0.6667,9,,,,,0,73.7,8,1.0315,1.0,0.164,-0.0315,1.6948,1.3872,0.8185,1.0009,1.0479,-0.354241,-35.424,model,history,4234.0,medium,monitor,no_action,,0.0,,,no_action,"history_resolver,no_xi_yet,fixture_t2",,odds_api_io,event_id=61526522;market=Anytime Goalscorer
2026-04-18T12:29:57Z,2026-04-17T16:43:53Z,2026-04-17,,Bet365,France - Ligue 1,Racing Club De Lens,Toulouse FC,1,3697,Odsonne Edouard,Odsonne Edouard,Lens,Toulouse FC,FW,FW,1.833,0.545554,0.313914,3.1856,0.3768,1.8025,0.2042,0.368,0.0087,0.0232,0,0.1268,0.0742,1.33,recent_long,1.0,3.0,0.3333,0.0,0.0,,,1,secondary,0.15,3.0,0.0063,0,,,unknown,unknown,none,none,,T2,1.0,no_lineup_payload,73.0,FW,5,1.0,10,,,,,0,73.0,8,5.448,5.0,0.841,-0.448,1.3539,1.1628,0.8589,1.4918,0.9246,-0.424596,-42.46,model,history,1622.0,medium,monitor,no_action,,0.0,,,no_action,"history_resolver,no_xi_yet,fixture_t2",,odds_api_io,event_id=61526522;market=Anytime Goalscorer
2026-04-18T12:29:57Z,2026-04-17T16:43:53Z,2026-04-17,,Bet365,France - Ligue 1,Racing Club De Lens,Toulouse FC,0,13756,Santiago Hidalgo,Santiago Hidalgo,Toulouse,Racing Club De Lens,FWR,FWR,4.75,0.210526,0.118326,8.4512,0.1259,1.1751,0.1072,0.1259,0.0,0.0,0,0.0,0.0,1.92,recent_long,0.0,5.0,0.0,0.0,0.0,,,0,none,0.0,0.0,0.0,0,,,unknown,unknown,none,none,,T2,1.0,no_lineup_payload,60.7,FWR,5,0.375,8,,,,,0,60.7,8,1.4366,0.0,0.2173,-1.4366,1.6092,1.3872,0.8621,1.0009,1.0479,-0.43795,-43.795,model,history,988.0,medium,monitor,no_action,,0.0,,,no_action,"history_resolver,no_xi_yet,fixture_t2",,odds_api_io,event_id=61526522;market=Anytime Goalscorer
2026-04-18T12:29:57Z,2026-04-17T16:43:53Z,2026-04-17,,Bet365,France - Ligue 1,Racing Club De Lens,Toulouse FC,1,3549,Adrien Thomasson,Adrien Thomasson,Lens,Toulouse FC,MC,MC,4.0,0.25,0.125749,7.9524,0.1344,1.8025,0.0746,0.1344,0.0,0.0,0,0.0,0.0,2.12,recent_long,0.0,15.0,0.0,0.0,0.0,,,0,none,0.0,0.0,0.0,0,,,unknown,unknown,none,none,,T2,1.0,no_lineup_payload,83.2,MC,3,1.0,10,,,,,0,83.2,8,0.3952,0.0,0.0531,-0.3952,1.3539,1.1628,0.8589,1.4918,0.9246,-0.497005,-49.7,model,history,6158.0,medium,monitor,no_action,,0.0,,,no_action,"history_resolver,no_xi_yet,fixture_t2",,odds_api_io,event_id=61526522;market=Anytime Goalscorer
2026-04-18T12:29:57Z,2026-04-17T16:43:53Z,2026-04-17,,Bet365,France - Ligue 1,Racing Club De Lens,Toulouse FC,1,11142,Pierre Ganiou,Pierre Ganiou,Lens,Toulouse FC,DC,DC,8.0,0.125,0.062657,15.9599,0.0647,1.8025,0.0359,0.0647,0.0,0.0,0,0.0,0.0,0.69,recent_long,0.0,1.0,0.0,0.0,0.0,,,0,none,0.0,0.0,0.0,0,,,unknown,unknown,none,none,,T2,1.0,no_lineup_payload,90.0,DC,1,1.0,10,,,,,0,90.0,8,0.196,0.0,0.0245,-0.196,1.3539,1.1628,0.8589,1.4918,0.9246,-0.498745,-49.874,model,history,1516.0,medium,monitor,no_action,,0.0,,,no_action,"history_resolver,no_xi_yet,fixture_t2",,odds_api_io,event_id=61526522;market=Anytime Goalscorer
2026-04-18T12:29:57Z,2026-04-17T16:43:53Z,2026-04-17,,Bet365,France - Ligue 1,Racing Club De Lens,Toulouse FC,1,3799,Wesley Said,Wesley Said,Lens,Toulouse FC,AMC,AMC,1.909,0.523834,0.232267,4.3054,0.2643,1.8025,0.1449,0.2611,0.0032,0.0121,0,0.0457,0.0294,2.62,recent_long,1.0,12.0,0.0833,0.0,0.0,,,1,tertiary,0.06,3.0,0.0019,0,,,unknown,unknown,none,none,,T2,1.0,no_lineup_payload,74.1,AMC,4,1.0,10,,,,,0,74.1,8,2.8085,4.0,0.4248,1.1915,1.3355,1.1628,0.8707,1.4918,0.9246,-0.556603,-55.66,model,history,3629.0,medium,monitor,no_action,,0.0,,,no_action,"history_resolver,no_xi_yet,fixture_t2",,odds_api_io,event_id=61526522;market=Anytime Goalscorer
2026-04-18T12:29:57Z,2026-04-17T16:43:53Z,2026-04-17,,Bet365,France - Ligue 1,Racing Club De Lens,Toulouse FC,0,11777,Cristian Casseres Jr,Cristian Casseres Jr,Toulouse,Racing Club De Lens,MC,MC,12.0,0.083333,0.034342,29.1186,0.0349,1.1751,0.0277,0.0325,0.0024,0.0689,0,0.028,0.028,2.58,recent_long,1.0,20.0,0.05,0.0,0.0,,,0,none,0.0,0.0,0.0009,0,,,unknown,unknown,none,none,,T2,1.0,no_lineup_payload,82.8,MC,3,1.0,9,,,,,0,82.8,8,0.2433,0.0,0.0325,-0.2433,1.2972,1.3872,1.0694,1.0009,1.0479,-0.587893,-58.789,model,history,6759.0,medium,monitor,no_action,,0.0,,,no_action,"history_resolver,no_xi_yet,fixture_t2",,odds_api_io,event_id=61526522;market=Anytime Goalscorer
2026-04-18T12:29:57Z,2026-04-17T16:43:53Z,2026-04-17,,Bet365,France - Ligue 1,Racing Club De Lens,Toulouse FC,1,13917,Mamadou Sangare,Mamadou Sangare,Lens,Toulouse FC,MC,MC,4.333,0.230787,0.079039,12.652,0.0823,1.8025,0.0457,0.0823,0.0,0.0,0,0.0,0.0,1.88,recent_long,0.0,5.0,0.0,0.0,0.0,,,0,none,0.0,0.0,0.0,0,,,unknown,unknown,none,none,,T2,1.0,no_lineup_payload,77.5,MC,3,1.0,9,,,,,0,77.5,8,0.6015,2.0,0.0862,1.3985,1.3539,1.1628,0.8589,1.4918,0.9246,-0.657524,-65.752,model,history,1987.0,medium,monitor,no_action,,0.0,,,no_action,"history_resolver,no_xi_yet,fixture_t2",,odds_api_io,event_id=61526522;market=Anytime Goalscorer
2026-04-18T12:29:57Z,2026-04-17T16:43:53Z,2026-04-17,,Bet365,France - Ligue 1,Racing Club De Lens,Toulouse FC,1,5648,Malang Sarr,Malang Sarr,Lens,Toulouse FC,DC,DC,8.0,0.125,0.038389,26.0494,0.0391,1.8025,0.0217,0.0391,0.0,0.0,0,0.0,0.0,2.13,recent_long,0.0,8.0,0.0,0.0,0.0,,,0,none,0.0,0.0,0.0,0,,,unknown,unknown,none,none,,T2,1.0,no_lineup_payload,90.0,DC,1,1.0,10,,,,,0,90.0,8,0.2734,0.0,0.0342,-0.2734,1.3539,1.1628,0.8589,1.4918,0.9246,-0.692891,-69.289,model,history,3808.0,medium,monitor,no_action,,0.0,,,no_action,"history_resolver,no_xi_yet,fixture_t2",,odds_api_io,event_id=61526522;market=Anytime Goalscorer
2026-04-18T12:29:57Z,2026-04-17T16:43:53Z,2026-04-17,,Bet365,France - Ligue 1,Racing Club De Lens,Toulouse FC,0,10788,Rasmus Nicolaisen,Rasmus Nicolaisen,Toulouse,Racing Club De Lens,DC,DC,13.0,0.076923,0.022125,45.198,0.0224,1.1751,0.019,0.0224,0.0,0.0,0,0.0,0.0,2.48,recent_long,0.0,17.0,0.0,0.0,0.0,,,0,none,0.0,0.0,0.0,0,,,unknown,unknown,none,none,,T2,1.0,no_lineup_payload,85.0,DC,1,1.0,10,,,,,0,85.0,8,0.1601,1.0,0.0206,0.8399,1.3479,1.3872,1.0292,1.0009,1.0479,-0.712376,-71.238,model,history,5687.0,medium,monitor,no_action,,0.0,,,no_action,"history_resolver,no_xi_yet,fixture_t2",,odds_api_io,event_id=61526522;market=Anytime Goalscorer
2026-04-18T12:29:57Z,2026-04-17T16:43:53Z,2026-04-17,,Bet365,France - Ligue 1,Racing Club De Lens,Toulouse FC,1,6006,Ruben Aguilar,Ruben Aguilar,Lens,Toulouse FC,Sub,Sub,6.0,0.166667,0.045334,22.0584,0.0464,1.8025,0.0257,0.0464,0.0,0.0,0,0.0,0.0,2.27,recent_long,0.0,11.0,0.0,0.0,0.0,,,0,none,0.0,0.0,0.0,0,,,unknown,unknown,none,none,,T2,1.0,no_lineup_payload,68.5,DMR,2,0.875,8,,,,,0,68.5,8,0.81,2.0,0.1394,1.19,1.5067,1.1628,0.7717,1.4918,0.9246,-0.727995,-72.8,model,history,4619.0,medium,monitor,no_action,,0.0,,,no_action,"history_resolver,no_xi_yet,fixture_t2",,odds_api_io,event_id=61526522;market=Anytime Goalscorer
2026-04-18T12:29:57Z,2026-04-17T16:43:53Z,2026-04-17,,Bet365,France - Ligue 1,Racing Club De Lens,Toulouse FC,0,11291,Warren Kamanzi,Warren Kamanzi,Toulouse,Racing Club De Lens,Sub,Sub,13.0,0.076923,0.018905,52.8973,0.0191,1.1751,0.0162,0.0191,0.0,0.0,0,0.0,0.0,2.93,recent_long,0.0,15.0,0.0,0.0,0.0,,,0,none,0.0,0.0,0.0,0,,,unknown,unknown,none,none,,T2,1.0,no_lineup_payload,40.2,DMR,2,0.75,4,,,,,0,40.2,8,0.4394,0.0,0.1001,-0.4394,1.3479,1.3872,1.0292,1.0009,1.0479,-0.754241,-75.424,model,history,2852.0,medium,monitor,no_action,,0.0,,,no_action,"history_resolver,no_xi_yet,fixture_t2",,odds_api_io,event_id=61526522;market=Anytime Goalscorer
2026-04-18T12:29:57Z,2026-04-17T16:43:53Z,2026-04-17,,Bet365,France - Ligue 1,Racing Club De Lens,Toulouse FC,0,12842,Mark McKenzie,Mark McKenzie,Toulouse,Racing Club De Lens,DC,DC,17.0,0.058824,0.011982,83.4614,0.0121,1.1751,0.0103,0.0121,0.0,0.0,0,0.0,0.0,2.68,recent_long,0.0,10.0,0.0,0.0,0.0,,,0,none,0.0,0.0,0.0,0,,,unknown,unknown,none,none,,T2,1.0,no_lineup_payload,84.1,DC,1,1.0,9,,,,,0,84.1,8,0.084,0.0,0.0118,-0.084,1.3479,1.3872,1.0292,1.0009,1.0479,-0.796313,-79.631,model,history,4592.0,medium,monitor,no_action,,0.0,,,no_action,"history_resolver,no_xi_yet,fixture_t2",,odds_api_io,event_id=61526522;market=Anytime Goalscorer
2026-04-18T12:29:57Z,2026-04-17T16:43:53Z,2026-04-17,,Bet365,France - Ligue 1,Racing Club De Lens,Toulouse FC,0,12841,Dayann Methalie,Dayann Methalie,Toulouse,Racing Club De Lens,DML,DML,13.0,0.076923,0.015227,65.675,0.0153,1.1751,0.0131,0.0153,0.0,0.0,0,0.0,0.0,3.15,recent_long,0.0,7.0,0.0,0.0,0.0,,,0,none,0.0,0.0,0.0,0,,,unknown,unknown,none,none,,T2,1.0,no_lineup_payload,70.8,DML,2,1.0,8,,,,,0,70.8,8,0.0362,0.0,0.0062,-0.0362,1.3904,1.3872,0.9977,1.0009,1.0479,-0.802055,-80.206,model,history,1561.0,medium,monitor,no_action,,0.0,,,no_action,"history_resolver,no_xi_yet,fixture_t2",,odds_api_io,event_id=61526522;market=Anytime Goalscorer
2026-04-18T12:29:57Z,2026-04-17T16:43:53Z,2026-04-17,,Bet365,France - Ligue 1,Racing Club De Lens,Toulouse FC,0,13755,Mario Sauer,Mario Sauer,Toulouse,Racing Club De Lens,Sub,Sub,7.5,0.133333,0.014121,70.8151,0.0142,1.1751,0.0121,0.0142,0.0,0.0,0,0.0,0.0,2.46,recent_long,0.0,6.0,0.0,0.0,0.0,,,0,none,0.0,0.0,0.0,0,,,unknown,unknown,none,none,,T2,1.0,no_lineup_payload,14.6,,,0.0,0,,,,,0,14.6,8,1.0373,1.0,1.1669,-0.0373,1.3479,1.3872,1.0292,1.0009,1.0479,-0.89409,-89.409,model,history,585.0,medium,monitor,no_action,,0.0,,,no_action,"history_resolver,no_xi_yet,fixture_t2",,odds_api_io,event_id=61526522;market=Anytime Goalscorer
2026-04-18T12:29:57Z,2026-04-17T16:43:53Z,2026-04-17,,Bet365,France - Ligue 1,Racing Club De Lens,Toulouse FC,0,13918,Julien Vignolo,Julien Vignolo,Toulouse,Racing Club De Lens,Sub,Sub,4.75,0.210526,0.019929,50.1793,0.0201,1.1751,0.0171,0.0201,0.0,0.0,0,0.0,0.0,1.12,recent_long,0.0,2.0,0.0,0.0,0.0,,,0,none,0.0,0.0,0.0,0,,,unknown,unknown,none,none,,T2,1.0,no_lineup_payload,14.3,AMC,4,1.0,1,,,,,0,14.3,8,1.6875,2.0,1.1167,0.3125,1.683,1.3872,0.8243,1.0009,1.0479,-0.905339,-90.534,model,history,153.0,low,suppress,no_action,,0.0,,,no_action,"history_lt_500,fixture_t2",,odds_api_io,event_id=61526522;market=Anytime Goalscorer
2026-04-18T12:29:57Z,2026-04-17T16:43:53Z,2026-04-17,,Bet365,France - Ligue 1,Racing Club De Lens,Toulouse FC,1,13053,Saud Abdulhamid,Saud Abdulhamid,Lens,Toulouse FC,DMR,DMR,8.0,0.125,0.011121,89.9189,0.0112,1.8025,0.0062,0.0112,0.0,0.0,0,0.0,0.0,1.81,recent_long,0.0,4.0,0.0,0.0,0.0,,,0,none,0.0,0.0,0.0,0,,,unknown,unknown,none,none,,T2,1.0,no_lineup_payload,69.9,DMR,2,1.0,9,,,,,0,69.9,8,0.1613,1.0,0.0225,0.8387,1.3539,1.1628,0.8589,1.4918,0.9246,-0.911031,-91.103,model,history,1072.0,medium,monitor,no_action,,0.0,,,no_action,"history_resolver,no_xi_yet,fixture_t2",,odds_api_io,event_id=61526522;market=Anytime Goalscorer
2026-04-18T12:29:57Z,2026-04-17T16:43:53Z,2026-04-17,,Bet365,France - Ligue 1,Racing Club De Lens,Toulouse FC,1,7206,Jonathan Gradit,Jonathan Gradit,Lens,Toulouse FC,DC,DC,8.0,0.125,0.010809,92.5179,0.0109,1.8025,0.006,0.0109,0.0,0.0,0,0.0,0.0,4.55,recent_long,0.0,15.0,0.0,0.0,0.0,,,0,none,0.0,0.0,0.0,0,,,unknown,unknown,none,none,,T2,1.0,no_lineup_payload,90.0,DC,1,1.0,10,,,,,0,90.0,8,0.1059,0.0,0.0132,-0.1059,1.8115,1.1628,0.6419,1.4918,0.9246,-0.91353,-91.353,model,history,5080.0,medium,monitor,no_action,,0.0,,,no_action,"history_resolver,no_xi_yet,fixture_t2",,odds_api_io,event_id=61526522;market=Anytime Goalscorer
2026-04-18T12:29:57Z,2026-04-17T16:43:53Z,2026-04-17,,Bet365,France - Ligue 1,Racing Club De Lens,Toulouse FC,0,14435,Jacen Russell-Rowe,Jacen Russell-Rowe,Toulouse,Racing Club De Lens,Sub,Sub,5.5,0.181818,0.01517,65.9216,0.0153,1.1751,0.013,0.0153,0.0,0.0,0,0.0,0.0,0.0,none,0.0,0.0,0.0,0.0,0.0,,,0,none,0.0,0.0,0.0,0,,,unknown,unknown,none,none,,T2,1.0,no_lineup_payload,28.4,FW,5,1.0,2,,,,,0,28.4,8,0.7513,0.0,0.3102,-0.7513,1.3479,1.3872,1.0292,1.0009,1.0479,-0.916568,-91.657,model,history,218.0,low,suppress,no_action,,0.0,,,no_action,"history_lt_500,fixture_t2",,odds_api_io,event_id=61526522;market=Anytime Goalscorer
2026-04-18T12:29:57Z,2026-04-17T16:43:53Z,2026-04-17,,Bet365,France - Ligue 1,Racing Club De Lens,Toulouse FC,0,13757,Alexis Vossah,Alexis Vossah,Toulouse,Racing Club De Lens,MC,MC,8.0,0.125,0.00841,99.0,0.0084,1.1751,0.0072,0.0084,0.0,0.0,0,0.0,0.0,2.08,recent_long,0.0,4.0,0.0,0.0,0.0,,,0,none,0.0,0.0,0.0,0,,,unknown,unknown,none,none,,T2,1.0,no_lineup_payload,48.4,MC,3,1.0,8,,,,,0,48.4,8,0.0189,0.0,0.0036,-0.0189,1.7024,1.3872,0.8149,1.0009,1.0479,-0.932723,-93.272,model,history,759.0,medium,monitor,no_action,,0.0,,,no_action,"history_resolver,no_xi_yet,fixture_t2",,odds_api_io,event_id=61526522;market=Anytime Goalscorer
2026-04-18T12:29:57Z,2026-04-17T16:43:53Z,2026-04-17,,Bet365,France - Ligue 1,Racing Club De Lens,Toulouse FC,1,13506,Rayan Fofana,Rayan Fofana,Lens,Toulouse FC,Sub,Sub,2.2,0.454545,0.027788,35.9864,0.0282,1.8025,0.0156,0.0282,0.0,0.0,0,0.0,0.0,1.69,recent_long,0.0,4.0,0.0,0.0,0.0,,,0,none,0.0,0.0,0.0,0,,,unknown,unknown,none,none,,T2,1.0,no_lineup_payload,16.2,FW,5,1.0,1,,,,,0,16.2,8,1.8063,3.0,1.6421,1.1937,1.3539,1.1628,0.8589,1.4918,0.9246,-0.938866,-93.887,model,history,652.0,medium,monitor,no_action,,0.0,,,no_action,"history_resolver,no_xi_yet,fixture_t2",,odds_api_io,event_id=61526522;market=Anytime Goalscorer
2026-04-18T12:29:57Z,2026-04-17T16:43:53Z,2026-04-17,,Bet365,France - Ligue 1,Racing Club De Lens,Toulouse FC,0,14049,Abu Francis,Abu Francis,Toulouse,Racing Club De Lens,MC,MC,6.0,0.166667,0.009645,99.0,0.0097,1.1751,0.0082,0.0097,0.0,0.0,0,0.0,0.0,4.19,recent_long,0.0,5.0,0.0,0.0,0.0,,,0,none,0.0,0.0,0.0,0,,,unknown,unknown,none,none,,T2,1.0,no_lineup_payload,68.1,MC,3,1.0,7,,,,,0,68.1,8,0.1765,0.0,0.0291,-0.1765,1.6898,1.3872,0.821,1.0009,1.0479,-0.942128,-94.213,model,history,546.0,medium,monitor,no_action,,0.0,,,no_action,"history_resolver,no_xi_yet,fixture_t2",,odds_api_io,event_id=61526522;market=Anytime Goalscorer
2026-04-18T12:29:57Z,2026-04-17T16:43:53Z,2026-04-17,,Bet365,France - Ligue 1,Racing Club De Lens,Toulouse FC,1,13432,Nidel Celik,Nidel Celik,Lens,Toulouse FC,DC,DC,7.5,0.133333,0.007646,99.0,0.0077,1.8025,0.0043,0.0077,0.0,0.0,0,0.0,0.0,0.69,recent_long,0.0,1.0,0.0,0.0,0.0,,,0,none,0.0,0.0,0.0,0,,,unknown,unknown,none,none,,T2,1.0,no_lineup_payload,77.3,DC,1,1.0,7,,,,,0,77.3,7,0.1184,0.0,0.0195,-0.1184,1.3539,1.1628,0.8589,1.4918,0.9246,-0.942654,-94.265,model,history,547.0,medium,monitor,no_action,,0.0,,,no_action,"history_resolver,no_xi_yet,fixture_t2",,odds_api_io,event_id=61526522;market=Anytime Goalscorer
2026-04-18T12:29:57Z,2026-04-17T16:43:53Z,2026-04-17,,Bet365,France - Ligue 1,Racing Club De Lens,Toulouse FC,1,13733,Andrija Bulatovic,Andrija Bulatovic,Lens,Toulouse FC,Sub,Sub,4.0,0.25,0.01158,86.3568,0.0116,1.8025,0.0065,0.0116,0.0,0.0,0,0.0,0.0,1.15,recent_long,0.0,2.0,0.0,0.0,0.0,,,0,none,0.0,0.0,0.0,0,,,unknown,unknown,none,none,,T2,1.0,no_lineup_payload,35.6,MC,3,1.0,3,,,,,0,35.6,8,0.2442,0.0,0.0728,-0.2442,1.3539,1.1628,0.8589,1.4918,0.9246,-0.953681,-95.368,model,history,536.0,medium,monitor,no_action,,0.0,,,no_action,"history_resolver,no_xi_yet,fixture_t2",,odds_api_io,event_id=61526522;market=Anytime Goalscorer
2026-04-18T12:29:57Z,2026-04-17T16:43:53Z,2026-04-17,,Bet365,France - Ligue 1,Racing Club De Lens,Toulouse FC,1,7501,Amadou Haidara,Amadou Haidara,Lens,Toulouse FC,Sub,Sub,6.5,0.153846,0.006108,99.0,0.0061,1.8025,0.0034,0.0061,0.0,0.0,0,0.0,0.0,0.0,none,0.0,0.0,0.0,0.0,0.0,,,0,none,0.0,0.0,0.0,0,,,unknown,unknown,none,none,,T2,1.0,no_lineup_payload,21.8,,,0.0,0,,,,,0,21.8,5,0.357,1.0,0.3003,0.643,1.4364,1.1628,0.8095,1.4918,0.9246,-0.960301,-96.03,model,history,107.0,low,suppress,no_action,,0.0,,,no_action,"history_lt_500,fixture_t2",,odds_api_io,event_id=61526522;market=Anytime Goalscorer
2026-04-18T12:29:57Z,2026-04-17T16:43:53Z,2026-04-17,,Bet365,France - Ligue 1,Racing Club De Lens,Toulouse FC,1,11046,Abdallah Sima,Abdallah Sima,Lens,Toulouse FC,Sub,Sub,2.5,0.4,0.014854,67.3236,0.015,1.8025,0.0083,0.015,0.0,0.0,0,0.0,0.0,2.11,recent_long,0.0,9.0,0.0,0.0,0.0,,,0,none,0.0,0.0,0.0,0,,,unknown,unknown,none,none,,T2,1.0,no_lineup_payload,29.3,AMC,4,1.0,2,,,,,0,29.3,8,0.4626,0.0,0.1646,-0.4626,1.5885,1.1628,0.732,1.4918,0.9246,-0.962866,-96.287,model,history,1657.0,medium,monitor,no_action,,0.0,,,no_action,"history_resolver,no_xi_yet,fixture_t2",,odds_api_io,event_id=61526522;market=Anytime Goalscorer
2026-04-18T12:29:57Z,2026-04-17T16:43:53Z,2026-04-17,,Bet365,France - Ligue 1,Racing Club De Lens,Toulouse FC,1,13141,Kyllian Antonio,Kyllian Antonio,Lens,Toulouse FC,Sub,Sub,8.0,0.125,0.004348,99.0,0.0044,1.8025,0.0024,0.0044,0.0,0.0,0,0.0,0.0,0.0,none,0.0,0.0,0.0,0.0,0.0,,,0,none,0.0,0.0,0.0,0,,,unknown,unknown,none,none,,T2,1.0,no_lineup_payload,51.8,DC,1,0.6667,3,,,,,0,51.8,5,0.1037,0.0,0.0358,-0.1037,1.7355,1.1628,0.67,1.4918,0.9246,-0.965213,-96.521,model,history,261.0,low,suppress,no_action,,0.0,,,no_action,"history_lt_500,fixture_t2",,odds_api_io,event_id=61526522;market=Anytime Goalscorer
2026-04-18T12:29:57Z,2026-04-17T16:43:53Z,2026-04-17,,Bet365,France - Ligue 1,Racing Club De Lens,Toulouse FC,0,13758,Seny Koumbassa,Seny Koumbassa,Toulouse,Racing Club De Lens,DC,DC,13.0,0.076923,0.002261,99.0,0.0023,1.1751,0.0019,0.0023,0.0,0.0,0,0.0,0.0,0.73,recent_long,0.0,1.0,0.0,0.0,0.0,,,0,none,0.0,0.0,0.0,0,,,unknown,unknown,none,none,,T2,1.0,no_lineup_payload,44.7,DC,1,1.0,2,,,,,0,44.7,6,0.0589,0.0,0.0211,-0.0589,1.3479,1.3872,1.0292,1.0009,1.0479,-0.970601,-97.06,model,history,251.0,low,suppress,no_action,,0.0,,,no_action,"history_lt_500,fixture_t2",,odds_api_io,event_id=61526522;market=Anytime Goalscorer
2026-04-18T12:29:57Z,2026-04-17T16:43:53Z,2026-04-17,,Bet365,France - Ligue 1,Racing Club De Lens,Toulouse FC,1,101,Allan Saint-Maximin,Allan Saint-Maximin,Lens,Toulouse FC,Sub,Sub,2.5,0.4,0.005125,99.0,0.0051,1.8025,0.0029,0.0051,0.0,0.0,0,0.0,0.0,0.78,recent_long,0.0,1.0,0.0,0.0,0.0,,,0,none,0.0,0.0,0.0,0,,,unknown,unknown,none,none,,T2,1.0,no_lineup_payload,32.6,AMC,4,1.0,1,,,,,0,32.6,6,0.2179,1.0,0.0995,0.7821,1.3134,1.1628,0.8853,1.4918,0.9246,-0.987187,-98.719,model,history,197.0,low,suppress,no_action,,0.0,,,no_action,"history_lt_500,fixture_t2",,odds_api_io,event_id=61526522;market=Anytime Goalscorer
2026-04-18T12:29:57Z,2026-04-17T16:43:53Z,2026-04-17,,Bet365,France - Ligue 1,Racing Club De Lens,Toulouse FC,1,3348,Florian Sotoca,Florian Sotoca,Lens,Toulouse FC,Sub,Sub,2.05,0.487805,0.006118,99.0,0.0061,1.8025,0.0034,0.0061,0.0,0.0,0,0.0,0.0,1.54,recent_long,4.0,14.0,0.2857,0.0,0.0,,,0,none,0.0,0.0,0.0,0,,,unknown,unknown,none,none,,T2,1.0,no_lineup_payload,13.3,AMC,4,1.0,1,,,,,0,13.3,8,0.5142,0.0,0.356,-0.5142,1.4923,1.1628,0.7792,1.4918,0.9246,-0.987458,-98.746,model,history,4612.0,medium,monitor,no_action,,0.0,,,no_action,"history_resolver,no_xi_yet,fixture_t2",,odds_api_io,event_id=61526522;market=Anytime Goalscorer
2026-04-18T12:29:57Z,2026-04-17T16:43:53Z,2026-04-17,,Bet365,France - Ligue 1,Racing Club De Lens,Toulouse FC,0,5352,Niklas Schmidt,Niklas Schmidt,Toulouse,Racing Club De Lens,Sub,Sub,9.0,0.111111,0.001,99.0,0.001,1.1751,0.0,0.0,0.0,0.0,0,0.0,0.0,0.0,none,0.0,0.0,0.0,0.0,0.0,,,0,none,0.0,0.0,0.0,0,,,unknown,unknown,none,none,,T2,1.0,no_lineup_payload,62.0,MC,3,1.0,3,,,,,0,62.0,8,0.0938,0.0,0.0722,-0.0938,1.668,1.3872,0.8317,1.0009,1.0479,-0.991004,-99.1,fallback,history,1445.0,low,suppress,no_action,,0.0,,,no_action,"fallback_method,fixture_t2,stale_history",,odds_api_io,event_id=61526522;market=Anytime Goalscorer
2026-04-18T12:29:57Z,2026-04-17T16:43:53Z,2026-04-17,,Bet365,France - Ligue 1,Racing Club De Lens,Toulouse FC,0,12598,Rafik Messali,Rafik Messali,Toulouse,Racing Club De Lens,DMR,DMR,7.5,0.133333,0.001,99.0,0.001,1.1751,0.0005,0.0006,0.0,0.0,0,0.0,0.0,1.54,recent_long,0.0,3.0,0.0,0.0,0.0,,,0,none,0.0,0.0,0.0,0,,,unknown,unknown,none,none,,T2,1.0,no_lineup_payload,42.6,DMR,2,0.8,5,,,,,0,42.6,8,0.0,0.0,0.0,0.0,1.5825,1.3872,0.8766,1.0009,1.0479,-0.992504,-99.25,model,history,942.0,medium,monitor,no_action,,0.0,,,no_action,"history_resolver,no_xi_yet,fixture_t2",,odds_api_io,event_id=61526522;market=Anytime Goalscorer
2026-04-18T12:29:57Z,2026-04-17T16:43:53Z,2026-04-17,,Bet365,France - Ligue 1,Racing Club De Lens,Toulouse FC,1,1760,Arthur Masuaku,Arthur Masuaku,Lens,Toulouse FC,D S,D S,6.5,0.153846,0.001,99.0,0.001,1.8025,0.0,0.0,0.0,0.0,0,0.0,0.0,0.0,none,0.0,0.0,0.0,0.0,0.0,,,0,none,0.0,0.0,0.0,0,,,unknown,unknown,none,none,,T2,1.0,no_lineup_payload,45.5,,,0.0,0,,,,,0,45.5,0,0.0,0.0,0.0,0.0,,1.1628,,1.4918,0.9246,-0.993503,-99.35,fallback,live_roster,0.0,low,suppress,no_action,,0.0,,,no_action,"fallback_method,fixture_t2",,odds_api_io,event_id=61526522;market=Anytime Goalscorer
2026-04-18T12:29:57Z,2026-04-17T16:43:53Z,2026-04-17,,Bet365,France - Ligue 1,Racing Club De Lens,Toulouse FC,0,13608,Ilyas Azizi,Ilyas Azizi,Toulouse,Racing Club De Lens,S,S,5.5,0.181818,0.001,99.0,0.001,1.1751,0.0,0.0,0.0,0.0,0,0.0,0.0,0.0,none,0.0,0.0,0.0,0.0,0.0,,,0,none,0.0,0.0,0.0,0,,,unknown,unknown,none,none,,T2,1.0,no_lineup_payload,6.0,,,0.0,0,,,,,0,6.0,0,0.0,0.0,0.0,0.0,,1.3872,,1.0009,1.0479,-0.994503,-99.45,fallback,live_roster,0.0,low,suppress,no_action,,0.0,,,no_action,"fallback_method,fixture_t2",,odds_api_io,event_id=61526522;market=Anytime Goalscorer
2026-04-18T12:29:57Z,2026-04-17T16:43:53Z,2026-04-17,,Bet365,France - Ligue 1,Racing Club De Lens,Toulouse FC,1,11952,Fode Sylla,Fodé Sylla,Lens,Toulouse FC,M S,M S,4.75,0.210526,0.001,99.0,0.001,1.8025,0.0,0.0,0.0,0.0,0,0.0,0.0,0.0,none,0.0,0.0,0.0,0.0,0.0,,,0,none,0.0,0.0,0.0,0,,,unknown,unknown,none,none,,T2,1.0,no_lineup_payload,23.3,,,0.0,0,,,,,0,23.3,0,0.0,0.0,0.0,0.0,,1.1628,,1.4918,0.9246,-0.995252,-99.525,fallback,live_roster,0.0,low,suppress,no_action,,0.0,,,no_action,"fallback_method,fixture_t2",,odds_api_io,event_id=61526522;market=Anytime Goalscorer
2026-04-18T12:29:57Z,2026-04-17T16:43:53Z,2026-04-17,,Bet365,France - Ligue 1,Racing Club De Lens,Toulouse FC,1,12344,Anthony Bermont,Anthony Bermont,Lens,Toulouse FC,S,S,3.2,0.3125,0.001,99.0,0.001,1.8025,0.0,0.0,0.0,0.0,0,0.0,0.0,0.0,none,0.0,0.0,0.0,0.0,0.0,,,0,none,0.0,0.0,0.0,0,,,unknown,unknown,none,none,,T2,1.0,no_lineup_payload,6.4,,,0.0,0,,,,,0,6.4,0,0.0,0.0,0.0,0.0,,1.1628,,1.4918,0.9246,-0.996802,-99.68,fallback,live_roster,0.0,low,suppress,no_action,,0.0,,,no_action,"fallback_method,fixture_t2",,odds_api_io,event_id=61526522;market=Anytime Goalscorer
2026-04-18T12:29:57Z,2026-04-17T16:43:53Z,2026-04-17,,Bet365,France - Ligue 1,Racing Club De Lens,Toulouse FC,1,14357,Erawan Garnier,Erawan Garnier,Lens,Toulouse FC,S,S,2.2,0.454545,0.001,99.0,0.001,1.8025,0.0,0.0,0.0,0.0,0,0.0,0.0,0.0,none,0.0,0.0,0.0,0.0,0.0,,,0,none,0.0,0.0,0.0,0,,,unknown,unknown,none,none,,T2,1.0,no_lineup_payload,5.0,,,0.0,0,,,,,0,5.0,0,0.0,0.0,0.0,0.0,,1.1628,,1.4918,0.9246,-0.997801,-99.78,fallback,live_roster,0.0,low,suppress,no_action,,0.0,,,no_action,"fallback_method,fixture_t2",,odds_api_io,event_id=61526522;market=Anytime Goalscorer
2026-04-18T12:29:57Z,2026-04-18T12:29:26Z,2026-04-18,,Bet365,France - Ligue 1,Lille OSC,OGC Nice,0,9514,Antoine Mendy,Antoine Mendy,Nice,Lille OSC,DC,DC,19.0,0.052632,0.056858,17.5877,0.0585,1.163,0.0503,0.0585,0.0,0.0,0,0.0,0.0,1.62,recent_long,0.0,9.0,0.0,0.0,0.0,,,0,none,0.0,0.0,0.0,0,,,unknown,unknown,none,none,,T2,1.0,no_lineup_payload,80.2,DC,1,0.8889,9,,,,,0,80.2,8,0.9702,1.0,0.1465,0.0298,1.2658,1.3,1.027,1.0381,1.0,0.080302,8.029,model,history,2784.0,medium,surface_with_caveat,no_action,,0.0,,,no_action,"history_resolver,no_xi_yet,fixture_t2",,odds_api_io,event_id=61526530;market=Anytime Goalscorer
2026-04-18T12:29:57Z,2026-04-18T12:29:26Z,2026-04-18,,Bet365,France - Ligue 1,Angers SCO,Le Havre AC,1,13335,Goduine Koyalipou,Goduine Koyalipou,Angers,Le Havre AC,FW,FW,3.6,0.277778,0.275339,3.6319,0.3221,1.0557,0.3051,0.3221,0.0,0.0,0,0.0,0.0,1.27,recent_long,0.0,3.0,0.0,0.0,0.0,,,0,none,0.0,0.0,0.0,0,,,unknown,unknown,none,none,,T2,1.0,no_lineup_payload,67.1,FW,5,1.0,9,,,,,0,67.1,8,1.9312,0.0,0.3012,-1.9312,1.5716,1.3,0.8272,0.8078,1.0,-0.00878,-0.878,model,history,1404.0,medium,monitor,no_action,,0.0,,,no_action,"history_resolver,no_xi_yet,fixture_t2",,odds_api_io,event_id=61526524;market=Anytime Goalscorer
2026-04-18T12:29:57Z,2026-04-18T12:29:26Z,2026-04-18,,Bet365,France - Ligue 1,Lille OSC,OGC Nice,0,13750,Kojo Oppong,Kojo Oppong,Nice,Lille OSC,DC,DC,19.0,0.052632,0.050955,19.625,0.0523,1.163,0.045,0.0523,0.0,0.0,0,0.0,0.0,0.82,recent_long,0.0,2.0,0.0,0.0,0.0,,,0,none,0.0,0.0,0.0,0,,,unknown,unknown,none,none,,T2,1.0,no_lineup_payload,79.7,DC,1,1.0,10,,,,,0,79.7,8,0.569,0.0,0.0791,-0.569,1.5975,1.3,0.8138,1.0381,1.0,-0.031846,-3.185,model,history,1900.0,medium,monitor,no_action,,0.0,,,no_action,"history_resolver,no_xi_yet,fixture_t2",,odds_api_io,event_id=61526530;market=Anytime Goalscorer
2026-04-18T12:29:57Z,2026-04-18T12:29:26Z,2026-04-18,,Bet365,France - Ligue 1,FC Lorient,Olympique Marseille,1,9345,Ahmadou Dieng,Ahmadou Dieng,Lorient,Olympique Marseille,FW,FW,3.2,0.3125,0.283156,3.5316,0.3329,1.2945,0.2218,0.2871,0.0458,0.1375,0,0.5942,0.8509,2.04,recent_long,2.0,8.0,0.25,0.0,0.0,,,1,primary,0.42,3.0,0.008,0,,,unknown,unknown,none,none,,T2,1.0,no_lineup_payload,57.5,FW,5,1.0,9,,,,,0,57.5,8,2.8371,4.0,0.4685,1.1629,1.3138,1.3,0.9895,0.9906,1.0,-0.093901,-9.39,model,history,1865.0,medium,monitor,no_action,,0.0,,,no_action,"history_resolver,no_xi_yet,fixture_t2",,odds_api_io,event_id=61526516;market=Anytime Goalscorer
2026-04-18T12:29:57Z,2026-04-18T12:29:26Z,2026-04-18,,Bet365,France - Ligue 1,Lille OSC,OGC Nice,0,11515,Tom Louchet,Tom Louchet,Nice,Lille OSC,AMR,AMR,8.5,0.117647,0.103232,9.6869,0.109,1.163,0.0937,0.109,0.0,0.0,0,0.0,0.0,1.47,recent_long,0.0,12.0,0.0,0.0,0.0,,,0,none,0.0,0.0,0.0,0,,,unknown,unknown,none,none,,T2,1.0,no_lineup_payload,59.8,AML,4,0.7143,7,,,,,0,59.8,8,2.3756,2.0,0.4234,-0.3756,1.48,1.3,0.8784,1.0381,1.0,-0.122529,-12.253,model,history,2327.0,medium,monitor,no_action,,0.0,,,no_action,"history_resolver,no_xi_yet,fixture_t2",,odds_api_io,event_id=61526530;market=Anytime Goalscorer
2026-04-18T12:29:57Z,2026-04-18T12:29:26Z,2026-04-18,,Bet365,France - Ligue 1,Angers SCO,Le Havre AC,1,14131,Mohamed Amine Sbai,Mohamed Amine Sbai,Angers,Le Havre AC,FW,FW,5.5,0.181818,0.155357,6.4368,0.1688,1.0557,0.1552,0.1638,0.005,0.0299,0,0.15,0.0,0.0,none,0.0,0.0,0.0,0.0,0.0,,,1,secondary,0.15,3.0,0.005,0,,,unknown,unknown,none,none,,T2,1.0,no_lineup_payload,78.3,AML,4,0.6667,9,,,,,0,78.3,8,1.1539,1.0,0.1672,-0.1539,1.4881,1.3,0.8736,0.8078,1.0,-0.145535,-14.553,model,history,1480.0,medium,monitor,no_action,,0.0,,,no_action,"history_resolver,no_xi_yet,fixture_t2",,odds_api_io,event_id=61526524;market=Anytime Goalscorer
2026-04-18T12:29:57Z,2026-04-18T12:29:26Z,2026-04-18,,Bet365,France - Ligue 1,Lille OSC,OGC Nice,0,11339,Youssouf Ndayishimiye,Youssouf Ndayishimiye,Nice,Lille OSC,DC,DC,12.0,0.083333,0.068926,14.5082,0.0714,1.163,0.0614,0.0714,0.0,0.0,0,0.0,0.0,2.53,recent_long,0.0,8.0,0.0,0.0,0.0,,,0,none,0.0,0.0,0.0,0,,,unknown,unknown,none,none,,T2,1.0,no_lineup_payload,90.0,DC,1,1.0,10,,,,,0,90.0,8,0.9202,2.0,0.115,1.0798,1.5344,1.3,0.8472,1.0381,1.0,-0.172883,-17.288,model,history,3652.0,medium,monitor,no_action,,0.0,,,no_action,"history_resolver,no_xi_yet,fixture_t2",,odds_api_io,event_id=61526530;market=Anytime Goalscorer
2026-04-18T12:29:57Z,2026-04-18T12:29:26Z,2026-04-18,,Bet365,France - Ligue 1,Lille OSC,OGC Nice,0,8685,Mohamed-Ali Cho,Mohamed-Ali Cho,Nice,Lille OSC,Sub,Sub,6.0,0.166667,0.126902,7.8801,0.1357,1.163,0.1167,0.1357,0.0,0.0,0,0.0,0.0,0.88,recent_long,0.0,10.0,0.0,0.0,0.0,,,0,none,0.0,0.0,0.0,0,,,unknown,unknown,none,none,,T2,1.0,no_lineup_payload,73.9,AMR,4,0.75,8,,,,,0,73.9,8,2.1433,2.0,0.3495,-0.1433,1.5713,1.3,0.8273,1.0381,1.0,-0.23859,-23.859,model,history,3829.0,medium,monitor,no_action,,0.0,,,no_action,"history_resolver,no_xi_yet,fixture_t2",,odds_api_io,event_id=61526530;market=Anytime Goalscorer
2026-04-18T12:29:57Z,2026-04-18T12:29:26Z,2026-04-18,,Bet365,France - Ligue 1,Angers SCO,Le Havre AC,1,10517,Yassin Belkhdim,Yassin Belkhdim,Angers,Le Havre AC,MC,MC,6.5,0.153846,0.117063,8.5424,0.1245,1.0557,0.1179,0.1245,0.0,0.0,0,0.0,0.0,0.22,recent_long,0.0,6.0,0.0,0.0,0.0,,,0,none,0.0,0.0,0.0,0,,,unknown,unknown,none,none,,T2,1.0,no_lineup_payload,79.5,AMR,4,0.5,10,,,,,0,79.5,8,0.7683,0.0,0.1119,-0.7683,1.3889,1.3,0.936,0.8078,1.0,-0.239088,-23.909,model,history,3704.0,medium,monitor,no_action,,0.0,,,no_action,"history_resolver,no_xi_yet,fixture_t2",,odds_api_io,event_id=61526524;market=Anytime Goalscorer
2026-04-18T12:29:57Z,2026-04-18T12:29:26Z,2026-04-18,,Bet365,France - Ligue 1,FC Lorient,Olympique Marseille,1,10347,Pablo Pagis,Pablo Pagis,Lorient,Olympique Marseille,AMC,AMC,3.5,0.285714,0.213023,4.6943,0.2396,1.2945,0.1717,0.2223,0.0172,0.072,0,0.1881,0.242,2.12,recent_long,1.0,4.0,0.25,0.0,0.0,,,1,secondary,0.15,3.0,0.0042,0,,,unknown,unknown,none,none,,T2,1.0,no_lineup_payload,68.4,AMC,4,0.8889,9,,,,,0,68.4,8,1.9782,3.0,0.3174,1.0218,1.6462,1.3,0.7897,0.9906,1.0,-0.25442,-25.442,model,history,1549.0,medium,monitor,no_action,,0.0,,,no_action,"history_resolver,no_xi_yet,fixture_t2",,odds_api_io,event_id=61526516;market=Anytime Goalscorer
2026-04-18T12:29:57Z,2026-04-18T12:29:26Z,2026-04-18,,Bet365,France - Ligue 1,Lille OSC,OGC Nice,0,9182,Elye Wahi,Elye Wahi,Nice,Lille OSC,FW,FW,4.5,0.222222,0.137231,7.287,0.1476,1.163,0.1258,0.1464,0.0012,0.0085,0,0.0401,0.0401,2.04,recent_long,1.0,5.0,0.2,0.0,0.0,,,0,none,0.0,0.0,0.0005,0,,,unknown,unknown,none,none,,T2,1.0,no_lineup_payload,52.0,FW,5,1.0,7,,,,,0,52.0,8,1.8101,3.0,0.3115,1.1899,1.2658,1.3,1.027,1.0381,1.0,-0.382458,-38.246,model,history,1150.0,medium,monitor,no_action,,0.0,,,no_action,"history_resolver,no_xi_yet,fixture_t2",,odds_api_io,event_id=61526530;market=Anytime Goalscorer
2026-04-18T12:29:57Z,2026-04-18T12:29:26Z,2026-04-18,,Bet365,France - Ligue 1,FC Lorient,Olympique Marseille,1,3536,Jean-Victor Makengo,Jean-Victor Makengo,Lorient,Olympique Marseille,AMC,AMC,5.5,0.181818,0.101075,9.8936,0.1066,1.2945,0.0823,0.1066,0.0,0.0,0,0.0,0.0,1.76,recent_long,0.0,4.0,0.0,0.0,0.0,,,0,none,0.0,0.0,0.0,0,,,unknown,unknown,none,none,,T2,1.0,no_lineup_payload,68.9,AMC,4,0.8889,9,,,,,0,68.9,8,1.2295,1.0,0.2027,-0.2295,1.3138,1.3,0.9895,0.9906,1.0,-0.444086,-44.409,model,history,1924.0,medium,monitor,no_action,,0.0,,,no_action,"history_resolver,no_xi_yet,fixture_t2",,odds_api_io,event_id=61526516;market=Anytime Goalscorer
2026-04-18T12:29:57Z,2026-04-18T12:29:26Z,2026-04-18,,Bet365,France - Ligue 1,FC Lorient,Olympique Marseille,1,13975,Noah Cadiou,Noah Cadiou,Lorient,Olympique Marseille,MC,MC,6.5,0.153846,0.080054,12.4916,0.0834,1.2945,0.0645,0.0834,0.0,0.0,0,0.0,0.0,2.1,recent_long,0.0,5.0,0.0,0.0,0.0,,,0,none,0.0,0.0,0.0,0,,,unknown,unknown,none,none,,T2,1.0,no_lineup_payload,77.4,MC,3,1.0,10,,,,,0,77.4,8,0.8443,1.0,0.1055,0.1557,1.3138,1.3,0.9895,0.9906,1.0,-0.479651,-47.965,model,history,1311.0,medium,monitor,no_action,,0.0,,,no_action,"history_resolver,no_xi_yet,fixture_t2",,odds_api_io,event_id=61526516;market=Anytime Goalscorer
2026-04-18T12:29:57Z,2026-04-18T12:29:26Z,2026-04-18,,Bet365,France - Ligue 1,Angers SCO,Le Havre AC,1,10295,Louis Mouton,Louis Mouton,Angers,Le Havre AC,Sub,Sub,6.5,0.153846,0.078461,12.7453,0.0817,1.0557,0.0774,0.0817,0.0,0.0,0,0.0,0.0,0.11,recent_long,0.0,2.0,0.0,0.0,0.0,,,0,none,0.0,0.0,0.0,0,,,unknown,unknown,none,none,,T2,1.0,no_lineup_payload,60.5,AMC,4,0.8571,7,,,,,0,60.5,8,0.5619,0.0,0.1249,-0.5619,1.4881,1.3,0.8736,0.8078,1.0,-0.490007,-49.001,model,history,2810.0,medium,monitor,no_action,,0.0,,,no_action,"history_resolver,no_xi_yet,fixture_t2",,odds_api_io,event_id=61526524;market=Anytime Goalscorer
2026-04-18T12:29:57Z,2026-04-18T12:29:26Z,2026-04-18,,Bet365,France - Ligue 1,Lille OSC,OGC Nice,0,13100,Juma Bah,Juma Bah,Nice,Lille OSC,DC,DC,19.0,0.052632,0.02389,41.8587,0.0242,1.163,0.0208,0.0242,0.0,0.0,0,0.0,0.0,0.42,recent_long,0.0,1.0,0.0,0.0,0.0,,,0,none,0.0,0.0,0.0,0,,,unknown,unknown,none,none,,T2,1.0,no_lineup_payload,69.9,DC,1,1.0,8,,,,,0,69.9,8,0.0892,0.0,0.0156,-0.0892,1.2658,1.3,1.027,1.0381,1.0,-0.546092,-54.61,model,history,2271.0,medium,monitor,no_action,,0.0,,,no_action,"history_resolver,no_xi_yet,fixture_t2",,odds_api_io,event_id=61526530;market=Anytime Goalscorer
2026-04-18T12:29:57Z,2026-04-18T12:29:26Z,2026-04-18,,Bet365,France - Ligue 1,Lille OSC,OGC Nice,0,3696,Morgan Sanson,Morgan Sanson,Nice,Lille OSC,DMC,DMC,7.5,0.133333,0.057974,17.2491,0.0597,1.163,0.0514,0.0597,0.0,0.0,0,0.0,0.0,1.02,recent_long,0.0,9.0,0.0,0.0,0.0,,,0,none,0.0,0.0,0.0,0,,,unknown,unknown,none,none,,T2,1.0,no_lineup_payload,79.3,DMC,2,0.5,10,,,,,0,79.3,8,0.6269,0.0,0.082,-0.6269,1.2658,1.3,1.027,1.0381,1.0,-0.565195,-56.519,model,history,3627.0,medium,monitor,no_action,,0.0,,,no_action,"history_resolver,no_xi_yet,fixture_t2",,odds_api_io,event_id=61526530;market=Anytime Goalscorer
2026-04-18T12:29:57Z,2026-04-18T12:29:26Z,2026-04-18,,Bet365,France - Ligue 1,Angers SCO,Le Havre AC,1,6895,Jordan Lefort,Jordan Lefort,Angers,Le Havre AC,DC,DC,15.0,0.066667,0.028187,35.4769,0.0286,1.0557,0.0271,0.0286,0.0,0.0,0,0.0,0.0,0.18,recent_long,0.0,6.0,0.0,0.0,0.0,,,0,none,0.0,0.0,0.0,0,,,unknown,unknown,none,none,,T2,1.0,no_lineup_payload,90.0,DC,1,1.0,10,,,,,0,90.0,8,0.2563,0.0,0.032,-0.2563,1.4881,1.3,0.8736,0.8078,1.0,-0.57719,-57.719,model,history,5580.0,medium,monitor,no_action,,0.0,,,no_action,"history_resolver,no_xi_yet,fixture_t2",,odds_api_io,event_id=61526524;market=Anytime Goalscorer
2026-04-18T12:29:57Z,2026-04-18T12:29:26Z,2026-04-18,,Bet365,France - Ligue 1,Lille OSC,OGC Nice,0,8190,Melvin Bard,Melvin Bard,Nice,Lille OSC,DL,DL,12.0,0.083333,0.034585,28.9145,0.0352,1.163,0.0303,0.0352,0.0,0.0,0,0.0,0.0,1.33,recent_long,0.0,13.0,0.0,0.0,0.0,,,0,none,0.0,0.0,0.0,0,,,unknown,unknown,none,none,,T2,1.0,no_lineup_payload,81.8,DL,1,0.6667,9,,,,,0,81.8,8,0.5357,1.0,0.0762,0.4643,1.2658,1.3,1.027,1.0381,1.0,-0.584984,-58.498,model,history,6615.0,medium,monitor,no_action,,0.0,,,no_action,"history_resolver,no_xi_yet,fixture_t2",,odds_api_io,event_id=61526530;market=Anytime Goalscorer
2026-04-18T12:29:57Z,2026-04-18T12:29:26Z,2026-04-18,,Bet365,France - Ligue 1,FC Lorient,Olympique Marseille,1,13904,Abdoulaye Faye,Abdoulaye Faye,Lorient,Olympique Marseille,DC,DC,9.5,0.105263,0.042903,23.3084,0.0439,1.2945,0.0339,0.0439,0.0,0.0,0,0.0,0.0,0.57,recent_long,0.0,1.0,0.0,0.0,0.0,,,0,none,0.0,0.0,0.0,0,,,unknown,unknown,none,none,,T2,1.0,no_lineup_payload,85.8,DC,1,1.0,10,,,,,0,85.8,8,0.4256,0.0,0.0539,-0.4256,1.3138,1.3,0.9895,0.9906,1.0,-0.592422,-59.242,model,history,929.0,medium,monitor,no_action,,0.0,,,no_action,"history_resolver,no_xi_yet,fixture_t2",,odds_api_io,event_id=61526516;market=Anytime Goalscorer
2026-04-18T12:29:57Z,2026-04-18T12:29:26Z,2026-04-18,,Bet365,France - Ligue 1,FC Lorient,Olympique Marseille,1,9873,Montassar Talbi,Montassar Talbi,Lorient,Olympique Marseille,DC,DC,11.0,0.090909,0.033624,29.7409,0.0342,1.2945,0.0264,0.0342,0.0,0.0,0,0.0,0.0,2.39,recent_long,0.0,6.0,0.0,0.0,0.0,,,0,none,0.0,0.0,0.0,0,,,unknown,unknown,none,none,,T2,1.0,no_lineup_payload,90.0,DC,1,1.0,10,,,,,0,90.0,8,0.3068,0.0,0.0384,-0.3068,1.3189,1.3,0.9857,0.9906,1.0,-0.630139,-63.014,model,history,4544.0,medium,monitor,no_action,,0.0,,,no_action,"history_resolver,no_xi_yet,fixture_t2",,odds_api_io,event_id=61526516;market=Anytime Goalscorer
2026-04-18T12:29:57Z,2026-04-18T12:29:26Z,2026-04-18,,Bet365,France - Ligue 1,Lille OSC,OGC Nice,0,6846,Sofiane Diop,Sofiane Diop,Nice,Lille OSC,AML,AML,4.0,0.25,0.090859,11.006,0.0953,1.163,0.0688,0.08,0.0152,0.1597,0,0.3618,0.1895,1.01,recent_long,2.0,9.0,0.2222,0.0,0.0,,,1,primary,0.42,3.0,0.012,0,,,unknown,unknown,none,none,,T2,1.0,no_lineup_payload,70.2,AMC,4,0.5556,9,,,,,0,70.2,8,0.5245,0.0,0.0889,-0.5245,1.2658,1.3,1.027,1.0381,1.0,-0.636563,-63.656,model,history,3323.0,medium,monitor,no_action,,0.0,,,no_action,"history_resolver,no_xi_yet,fixture_t2",,odds_api_io,event_id=61526530;market=Anytime Goalscorer
2026-04-18T12:29:57Z,2026-04-18T12:29:26Z,2026-04-18,,Bet365,France - Ligue 1,FC Lorient,Olympique Marseille,1,10844,Darlin Yongwa,Darlin Yongwa,Lorient,Olympique Marseille,DC,DC,9.5,0.105263,0.036482,27.4104,0.0372,1.2945,0.0287,0.0372,0.0,0.0,0,0.0,0.0,2.96,recent_long,0.0,6.0,0.0,0.0,0.0,,,0,none,0.0,0.0,0.0,0,,,unknown,unknown,none,none,,T2,1.0,no_lineup_payload,72.0,DC,1,0.875,8,,,,,0,72.0,8,0.2587,0.0,0.0404,-0.2587,1.2303,1.3,1.0566,0.9906,1.0,-0.653417,-65.342,model,history,2310.0,medium,monitor,no_action,,0.0,,,no_action,"history_resolver,no_xi_yet,fixture_t2",,odds_api_io,event_id=61526516;market=Anytime Goalscorer
2026-04-18T12:29:57Z,2026-04-18T12:29:26Z,2026-04-18,,Bet365,France - Ligue 1,Lille OSC,OGC Nice,0,8697,Jonathan Clauss,Jonathan Clauss,Nice,Lille OSC,DR,DR,10.0,0.1,0.034366,29.0987,0.035,1.163,0.0247,0.0287,0.0063,0.1791,0,0.121,0.0,0.72,recent_long,0.0,8.0,0.0,0.0,0.0,,,1,secondary,0.15,3.0,0.0063,0,,,unknown,unknown,none,none,,T2,1.0,no_lineup_payload,86.4,DR,1,0.7778,9,,,,,0,86.4,8,0.3293,0.0,0.0444,-0.3293,1.2658,1.3,1.027,1.0381,1.0,-0.656342,-65.634,model,history,6521.0,medium,monitor,no_action,,0.0,,,no_action,"history_resolver,no_xi_yet,fixture_t2",,odds_api_io,event_id=61526530;market=Anytime Goalscorer
2026-04-18T12:29:57Z,2026-04-18T12:29:26Z,2026-04-18,,Bet365,France - Ligue 1,Angers SCO,Le Havre AC,1,12851,Emmanuel Biumla,Emmanuel Biumla,Angers,Le Havre AC,Sub,Sub,10.0,0.1,0.03375,29.6298,0.0343,1.0557,0.0325,0.0343,0.0,0.0,0,0.0,0.0,1.08,recent_long,0.0,3.0,0.0,0.0,0.0,,,0,none,0.0,0.0,0.0,0,,,unknown,unknown,none,none,,T2,1.0,no_lineup_payload,65.1,DC,1,1.0,6,,,,,0,65.1,8,0.0,0.0,0.0,0.0,1.6046,1.3,0.8102,0.8078,1.0,-0.662502,-66.25,model,history,1570.0,medium,monitor,no_action,,0.0,,,no_action,"history_resolver,no_xi_yet,fixture_t2",,odds_api_io,event_id=61526524;market=Anytime Goalscorer
2026-04-18T12:29:57Z,2026-04-18T12:29:26Z,2026-04-18,,Bet365,France - Ligue 1,Angers SCO,Le Havre AC,1,10243,Jacques Ekomie,Jacques Ekomie,Angers,Le Havre AC,DL,DL,12.0,0.083333,0.027329,36.5911,0.0277,1.0557,0.0262,0.0277,0.0,0.0,0,0.0,0.0,0.0,none,0.0,1.0,0.0,0.0,0.0,,,0,none,0.0,0.0,0.0,0,,,unknown,unknown,none,none,,T2,1.0,no_lineup_payload,74.0,DL,1,0.875,8,,,,,0,74.0,8,0.1408,0.0,0.022,-0.1408,1.4693,1.3,0.8848,0.8078,1.0,-0.672052,-67.205,model,history,2442.0,medium,monitor,no_action,,0.0,,,no_action,"history_resolver,no_xi_yet,fixture_t2",,odds_api_io,event_id=61526524;market=Anytime Goalscorer
2026-04-18T12:29:57Z,2026-04-18T12:29:26Z,2026-04-18,,Bet365,France - Ligue 1,FC Lorient,Olympique Marseille,1,9699,Bamo Meite,Bamo Meite,Lorient,Olympique Marseille,DC,DC,9.5,0.105263,0.033459,29.8872,0.034,1.2945,0.0263,0.034,0.0,0.0,0,0.0,0.0,1.18,recent_long,0.0,2.0,0.0,0.0,0.0,,,0,none,0.0,0.0,0.0,0,,,unknown,unknown,none,none,,T2,1.0,no_lineup_payload,77.5,DC,1,1.0,8,,,,,0,77.5,8,0.1036,0.0,0.0165,-0.1036,1.3189,1.3,0.9857,0.9906,1.0,-0.682139,-68.214,model,history,1695.0,medium,monitor,no_action,,0.0,,,no_action,"history_resolver,no_xi_yet,fixture_t2",,odds_api_io,event_id=61526516;market=Anytime Goalscorer
2026-04-18T12:29:57Z,2026-04-18T12:29:26Z,2026-04-18,,Bet365,France - Ligue 1,Lille OSC,OGC Nice,0,5962,Tanguy Ndombele,Tanguy Ndombele,Nice,Lille OSC,Sub,Sub,10.0,0.1,0.029128,34.3312,0.0296,1.163,0.0254,0.0296,0.0,0.0,0,0.0,0.0,1.22,recent_long,0.0,3.0,0.0,0.0,0.0,,,0,none,0.0,0.0,0.0,0,,,unknown,unknown,none,none,,T2,1.0,no_lineup_payload,38.5,MC,3,1.0,2,,,,,0,38.5,8,0.2509,0.0,0.1195,-0.2509,1.6822,1.3,0.7728,1.0381,1.0,-0.70872,-70.872,model,history,1341.0,medium,monitor,no_action,,0.0,,,no_action,"history_resolver,no_xi_yet,fixture_t2",,odds_api_io,event_id=61526530;market=Anytime Goalscorer
2026-04-18T12:29:57Z,2026-04-18T12:29:26Z,2026-04-18,,Bet365,France - Ligue 1,FC Lorient,Olympique Marseille,1,9929,Theo Le Bris,Theo Le Bris,Lorient,Olympique Marseille,DMR,DMR,5.0,0.2,0.056845,17.5918,0.0585,1.2945,0.0452,0.0585,0.0,0.0,0,0.0,0.0,1.98,recent_long,0.0,5.0,0.0,0.0,0.0,,,0,none,0.0,0.0,0.0,0,,,unknown,unknown,none,none,,T2,1.0,no_lineup_payload,81.2,DMR,2,1.0,9,,,,,0,81.2,8,0.6823,0.0,0.0979,-0.6823,1.3138,1.3,0.9895,0.9906,1.0,-0.715777,-71.578,model,history,3391.0,medium,monitor,no_action,,0.0,,,no_action,"history_resolver,no_xi_yet,fixture_t2",,odds_api_io,event_id=61526516;market=Anytime Goalscorer
2026-04-18T12:29:57Z,2026-04-18T12:29:26Z,2026-04-18,,Bet365,France - Ligue 1,Angers SCO,Le Havre AC,1,11016,Ousmane Camara,Ousmane Camara,Angers,Le Havre AC,DC,DC,15.0,0.066667,0.017611,56.7815,0.0178,1.0557,0.0168,0.0178,0.0,0.0,0,0.0,0.0,0.0,none,0.0,0.0,0.0,0.0,0.0,,,0,none,0.0,0.0,0.0,0,,,unknown,unknown,none,none,,T2,1.0,no_lineup_payload,90.0,DC,1,1.0,10,,,,,0,90.0,8,0.1799,0.0,0.0225,-0.1799,1.4881,1.3,0.8736,0.8078,1.0,-0.735829,-73.583,model,history,2570.0,medium,monitor,no_action,,0.0,,,no_action,"history_resolver,no_xi_yet,fixture_t2",,odds_api_io,event_id=61526524;market=Anytime Goalscorer
2026-04-18T12:29:57Z,2026-04-18T12:29:26Z,2026-04-18,,Bet365,France - Ligue 1,Lille OSC,OGC Nice,0,14379,Kail Boudache,Kail Boudache,Nice,Lille OSC,Sub,Sub,4.5,0.222222,0.054212,18.4462,0.0557,1.163,0.0479,0.0557,0.0,0.0,0,0.0,0.0,0.0,none,0.0,0.0,0.0,0.0,0.0,,,0,none,0.0,0.0,0.0,0,,,unknown,unknown,none,none,,T2,1.0,no_lineup_payload,39.1,AMC,4,1.0,1,,,,,0,39.1,8,2.2887,1.0,0.6358,-1.2887,1.2658,1.3,1.027,1.0381,1.0,-0.756047,-75.605,model,history,364.0,low,suppress,no_action,,0.0,,,no_action,"history_lt_500,fixture_t2",,odds_api_io,event_id=61526530;market=Anytime Goalscorer
2026-04-18T12:29:57Z,2026-04-18T12:29:26Z,2026-04-18,,Bet365,France - Ligue 1,Angers SCO,Le Havre AC,1,10790,Branco van den Boomen,Branco van den Boomen,Angers,Le Havre AC,MC,MC,7.5,0.133333,0.032524,30.7467,0.0331,1.0557,0.0174,0.0183,0.0147,0.4452,1,0.42,0.0,0.0,none,0.0,0.0,0.0,0.0,0.0,,,1,primary,0.42,3.0,0.0147,0,,,unknown,unknown,none,none,,T2,1.0,no_lineup_payload,81.6,DMC,2,0.625,8,,,,,0,81.6,8,0.273,0.0,0.0356,-0.273,1.4881,1.3,0.8736,0.8078,1.0,-0.756071,-75.607,model,history,718.0,medium,monitor,no_action,,0.0,,,no_action,"history_resolver,no_xi_yet,fixture_t2",,odds_api_io,event_id=61526524;market=Anytime Goalscorer
2026-04-18T12:29:57Z,2026-04-18T12:29:26Z,2026-04-18,,Bet365,France - Ligue 1,Lille OSC,OGC Nice,0,8050,Hicham Boudaoui,Hicham Boudaoui,Nice,Lille OSC,DMC,DMC,7.0,0.142857,0.032797,30.4909,0.0333,1.163,0.0287,0.0333,0.0,0.0,0,0.0,0.0,1.71,recent_long,0.0,13.0,0.0,0.0,0.0,,,0,none,0.0,0.0,0.0,0,,,unknown,unknown,none,none,,T2,1.0,no_lineup_payload,59.6,MC,3,0.6667,6,,,,,0,59.6,8,0.6074,0.0,0.1248,-0.6074,1.2658,1.3,1.027,1.0381,1.0,-0.770423,-77.042,model,history,5354.0,medium,monitor,no_action,,0.0,,,no_action,"history_resolver,no_xi_yet,fixture_t2",,odds_api_io,event_id=61526530;market=Anytime Goalscorer
2026-04-18T12:29:57Z,2026-04-18T12:29:26Z,2026-04-18,,Bet365,France - Ligue 1,Lille OSC,OGC Nice,0,8768,Omoruyi Kevin Carlos,Omoruyi Kevin Carlos,Nice,Lille OSC,Sub,Sub,4.0,0.25,0.055495,18.0196,0.0571,1.163,0.0491,0.0571,0.0,0.0,0,0.0,0.0,0.48,recent_long,0.0,1.0,0.0,0.0,0.0,,,0,none,0.0,0.0,0.0,0,,,unknown,unknown,none,none,,T2,1.0,no_lineup_payload,39.3,FW,5,1.0,3,,,,,0,39.3,8,0.9265,0.0,0.3088,-0.9265,1.3488,1.3,0.9638,1.0381,1.0,-0.77802,-77.802,model,history,828.0,medium,monitor,no_action,,0.0,,,no_action,"history_resolver,no_xi_yet,fixture_t2",,odds_api_io,event_id=61526530;market=Anytime Goalscorer
2026-04-18T12:29:57Z,2026-04-18T12:29:26Z,2026-04-18,,Bet365,France - Ligue 1,FC Lorient,Olympique Marseille,1,13794,Kan Kouassi,Kan Kouassi,Lorient,Olympique Marseille,DML,DML,9.5,0.105263,0.022569,44.3091,0.0228,1.2945,0.0176,0.0228,0.0,0.0,0,0.0,0.0,2.19,recent_long,0.0,5.0,0.0,0.0,0.0,,,0,none,0.0,0.0,0.0,0,,,unknown,unknown,none,none,,T2,1.0,no_lineup_payload,84.6,DML,2,0.9,10,,,,,0,84.6,8,0.0961,1.0,0.0134,0.9039,1.3138,1.3,0.9895,0.9906,1.0,-0.785597,-78.56,model,history,2207.0,medium,monitor,no_action,,0.0,,,no_action,"history_resolver,no_xi_yet,fixture_t2",,odds_api_io,event_id=61526516;market=Anytime Goalscorer
2026-04-18T12:29:57Z,2026-04-18T12:29:26Z,2026-04-18,,Bet365,France - Ligue 1,FC Lorient,Olympique Marseille,1,12049,Tosin Aiyegun,Tosin Aiyegun,Lorient,Olympique Marseille,Sub,Sub,3.5,0.285714,0.061251,16.3262,0.0632,1.2945,0.0444,0.0575,0.0057,0.0901,0,0.1253,0.1924,2.92,recent_long,1.0,6.0,0.1667,0.0,0.0,,,1,tertiary,0.06,3.0,0.0,0,,,unknown,unknown,none,none,,T2,1.0,no_lineup_payload,33.9,FW,5,0.6667,3,,,,,0,33.9,8,1.1591,1.0,0.6173,-0.1591,1.3138,1.3,0.9895,0.9906,1.0,-0.785621,-78.562,model,history,1806.0,medium,monitor,no_action,,0.0,,,no_action,"history_resolver,no_xi_yet,fixture_t2",,odds_api_io,event_id=61526516;market=Anytime Goalscorer
2026-04-18T12:29:57Z,2026-04-18T12:29:26Z,2026-04-18,,Bet365,France - Ligue 1,Angers SCO,Le Havre AC,1,11294,Lilian Raolisoa,Lilian Raolisoa,Angers,Le Havre AC,DR,DR,7.5,0.133333,0.027788,35.9862,0.0282,1.0557,0.0267,0.0282,0.0,0.0,0,0.0,0.0,0.22,recent_long,0.0,4.0,0.0,0.0,0.0,,,0,none,0.0,0.0,0.0,0,,,unknown,unknown,none,none,,T2,1.0,no_lineup_payload,55.2,DR,1,0.3333,6,,,,,0,55.2,8,0.1977,1.0,0.0294,0.8023,1.4881,1.3,0.8736,0.8078,1.0,-0.791587,-79.159,model,history,2760.0,medium,monitor,no_action,,0.0,,,no_action,"history_resolver,no_xi_yet,fixture_t2",,odds_api_io,event_id=61526524;market=Anytime Goalscorer
2026-04-18T12:29:57Z,2026-04-18T12:29:26Z,2026-04-18,,Bet365,France - Ligue 1,FC Lorient,Olympique Marseille,1,12381,Panos Katseris,Panos Katseris,Lorient,Olympique Marseille,Sub,Sub,5.5,0.181818,0.037215,26.8712,0.0379,1.2945,0.0293,0.0379,0.0,0.0,0,0.0,0.0,1.92,recent_long,0.0,3.0,0.0,0.0,0.0,,,0,none,0.0,0.0,0.0,0,,,unknown,unknown,none,none,,T2,1.0,no_lineup_payload,33.3,DMR,2,0.6667,3,,,,,0,33.3,8,0.0528,0.0,0.0393,-0.0528,1.3138,1.3,0.9895,0.9906,1.0,-0.79532,-79.532,model,history,1290.0,medium,monitor,no_action,,0.0,,,no_action,"history_resolver,no_xi_yet,fixture_t2",,odds_api_io,event_id=61526516;market=Anytime Goalscorer
2026-04-18T12:29:57Z,2026-04-18T12:29:26Z,2026-04-18,,Bet365,France - Ligue 1,Lille OSC,OGC Nice,0,13070,Ali Abdi,Ali Abdi,Nice,Lille OSC,Sub,Sub,10.0,0.1,0.01744,57.3384,0.0176,1.163,0.0151,0.0176,0.0,0.0,0,0.0,0.0,1.2,recent_long,0.0,6.0,0.0,0.0,0.0,,,0,none,0.0,0.0,0.0,0,,,unknown,unknown,none,none,,T2,1.0,no_lineup_payload,55.1,DL,1,0.8333,6,,,,,0,55.1,8,0.5165,1.0,0.0956,0.4835,1.2142,1.3,1.0706,1.0381,1.0,-0.825597,-82.56,model,history,2339.0,medium,monitor,no_action,,0.0,,,no_action,"history_resolver,no_xi_yet,fixture_t2",,odds_api_io,event_id=61526530;market=Anytime Goalscorer
2026-04-18T12:29:57Z,2026-04-18T12:29:26Z,2026-04-18,,Bet365,France - Ligue 1,FC Lorient,Olympique Marseille,1,12383,Mohamed Bamba,Mohamed Bamba,Lorient,Olympique Marseille,Sub,Sub,3.75,0.266667,0.04304,23.2343,0.044,1.2945,0.024,0.0311,0.0129,0.2931,0,0.308,0.308,2.63,recent_long,2.0,5.0,0.4,0.0,0.0,,,0,none,0.0,0.0,0.0047,0,,,unknown,unknown,none,none,,T2,1.0,no_lineup_payload,31.2,FW,5,1.0,2,,,,,0,31.2,8,0.2897,0.0,0.161,-0.2897,1.6412,1.3,0.7921,0.9906,1.0,-0.8386,-83.86,model,history,1827.0,medium,monitor,no_action,,0.0,,,no_action,"history_resolver,no_xi_yet,fixture_t2",,odds_api_io,event_id=61526516;market=Anytime Goalscorer
2026-04-18T12:29:57Z,2026-04-18T12:29:26Z,2026-04-18,,Bet365,France - Ligue 1,Lille OSC,OGC Nice,0,148,Dante,Dante,Nice,Lille OSC,Sub,Sub,23.0,0.043478,0.006728,99.0,0.0068,1.163,0.0058,0.0068,0.0,0.0,0,0.0,0.0,1.49,recent_long,0.0,12.0,0.0,0.0,0.0,,,0,none,0.0,0.0,0.0,0,,,unknown,unknown,none,none,,T2,1.0,no_lineup_payload,68.4,DC,1,1.0,7,,,,,0,68.4,8,0.0857,0.0,0.0125,-0.0857,1.2658,1.3,1.027,1.0381,1.0,-0.845267,-84.527,model,history,5576.0,medium,monitor,no_action,,0.0,,,no_action,"history_resolver,no_xi_yet,fixture_t2",,odds_api_io,event_id=61526530;market=Anytime Goalscorer
2026-04-18T12:29:57Z,2026-04-18T12:29:26Z,2026-04-18,,Bet365,France - Ligue 1,FC Lorient,Olympique Marseille,1,4882,Laurent Abergel,Laurent Abergel,Lorient,Olympique Marseille,MC,MC,7.0,0.142857,0.020318,49.218,0.0205,1.2945,0.0159,0.0205,0.0,0.0,0,0.0,0.0,2.87,recent_long,0.0,6.0,0.0,0.0,0.0,,,0,none,0.0,0.0,0.0,0,,,unknown,unknown,none,none,,T2,1.0,no_lineup_payload,86.0,MC,3,1.0,10,,,,,0,86.0,8,0.1158,0.0,0.0151,-0.1158,1.5936,1.3,0.8158,0.9906,1.0,-0.857775,-85.778,model,history,4867.0,medium,monitor,no_action,,0.0,,,no_action,"history_resolver,no_xi_yet,fixture_t2",,odds_api_io,event_id=61526516;market=Anytime Goalscorer
2026-04-18T12:29:57Z,2026-04-18T12:29:26Z,2026-04-18,,Bet365,France - Ligue 1,Angers SCO,Le Havre AC,1,14132,Djibirin Harouna,Djibirin Harouna,Angers,Le Havre AC,Sub,Sub,7.5,0.133333,0.018103,55.2388,0.0183,1.0557,0.0173,0.0183,0.0,0.0,0,0.0,0.0,0.0,none,0.0,0.0,0.0,0.0,0.0,,,0,none,0.0,0.0,0.0,0,,,unknown,unknown,none,none,,T2,1.0,no_lineup_payload,19.6,AMR,4,1.0,1,,,,,0,19.6,8,0.5685,1.0,0.2827,0.4315,1.4507,1.3,0.8961,0.8078,1.0,-0.864226,-86.423,model,history,286.0,low,suppress,no_action,,0.0,,,no_action,"history_lt_500,fixture_t2",,odds_api_io,event_id=61526524;market=Anytime Goalscorer
2026-04-18T12:29:57Z,2026-04-18T12:29:26Z,2026-04-18,,Bet365,France - Ligue 1,Angers SCO,Le Havre AC,1,5756,Carlens Arcus,Carlens Arcus,Angers,Le Havre AC,DC,DC,12.0,0.083333,0.011074,90.2993,0.0111,1.0557,0.0105,0.0111,0.0,0.0,0,0.0,0.0,0.0,none,0.0,4.0,0.0,0.0,0.0,,,0,none,0.0,0.0,0.0,0,,,unknown,unknown,none,none,,T2,1.0,no_lineup_payload,80.7,DR,1,0.7,10,,,,,0,80.7,8,0.1006,0.0,0.0139,-0.1006,1.5716,1.3,0.8272,0.8078,1.0,-0.867109,-86.711,model,history,4105.0,medium,monitor,no_action,,0.0,,,no_action,"history_resolver,no_xi_yet,fixture_t2",,odds_api_io,event_id=61526524;market=Anytime Goalscorer
2026-04-18T12:29:57Z,2026-04-18T12:29:26Z,2026-04-18,,Bet365,France - Ligue 1,Lille OSC,OGC Nice,0,13751,Isak Jansson,Isak Jansson,Nice,Lille OSC,AMC,AMC,7.0,0.142857,0.018563,53.8715,0.0187,1.163,0.0161,0.0187,0.0,0.0,0,0.0,0.0,0.54,recent_long,0.0,1.0,0.0,0.0,0.0,,,0,none,0.0,0.0,0.0,0,,,unknown,unknown,none,none,,T2,1.0,no_lineup_payload,29.4,FWL,5,0.5,4,,,,,0,29.4,8,0.4874,0.0,0.1899,-0.4874,1.3141,1.3,0.9893,1.0381,1.0,-0.870061,-87.006,model,history,576.0,medium,monitor,no_action,,0.0,,,no_action,"history_resolver,no_xi_yet,fixture_t2",,odds_api_io,event_id=61526530;market=Anytime Goalscorer
2026-04-18T12:29:57Z,2026-04-18T12:29:26Z,2026-04-18,,Bet365,France - Ligue 1,FC Lorient,Olympique Marseille,1,10074,Sambou Soumano,Sambou Soumano,Lorient,Olympique Marseille,Sub,Sub,2.875,0.347826,0.044358,22.5439,0.0454,1.2945,0.0341,0.0442,0.0012,0.0264,0,0.0331,0.0331,2.06,recent_long,1.0,5.0,0.2,0.0,0.0,,,0,none,0.0,0.0,0.0005,0,,,unknown,unknown,none,none,,T2,1.0,no_lineup_payload,27.1,,,0.0,0,,,,,0,27.1,8,0.132,0.0,0.1176,-0.132,1.3138,1.3,0.9895,0.9906,1.0,-0.872471,-87.247,model,history,865.0,medium,monitor,no_action,,0.0,,,no_action,"history_resolver,no_xi_yet,fixture_t2",,odds_api_io,event_id=61526516;market=Anytime Goalscorer
2026-04-18T12:29:57Z,2026-04-18T12:29:26Z,2026-04-18,,Bet365,France - Ligue 1,Angers SCO,Le Havre AC,1,13604,Prosper Peter,Prosper Peter,Angers,Le Havre AC,Sub,Sub,4.5,0.222222,0.028166,35.5036,0.0286,1.0557,0.0271,0.0286,0.0,0.0,0,0.0,0.0,0.0,none,0.0,0.0,0.0,0.0,0.0,,,0,none,0.0,0.0,0.0,0,,,unknown,unknown,none,none,,T2,1.0,no_lineup_payload,29.3,FW,5,1.0,3,,,,,0,29.3,8,0.4963,0.0,0.1667,-0.4963,1.5684,1.3,0.8289,0.8078,1.0,-0.873252,-87.325,model,history,963.0,medium,monitor,no_action,,0.0,,,no_action,"history_resolver,no_xi_yet,fixture_t2",,odds_api_io,event_id=61526524;market=Anytime Goalscorer
2026-04-18T12:29:57Z,2026-04-18T12:29:26Z,2026-04-18,,Bet365,France - Ligue 1,FC Lorient,Olympique Marseille,1,12328,Arthur Avom,Arthur Avom,Lorient,Olympique Marseille,MC,MC,7.0,0.142857,0.017928,55.778,0.0181,1.2945,0.014,0.0181,0.0,0.0,0,0.0,0.0,1.5,recent_long,0.0,4.0,0.0,0.0,0.0,,,0,none,0.0,0.0,0.0,0,,,unknown,unknown,none,none,,T2,1.0,no_lineup_payload,67.3,MC,3,1.0,6,,,,,0,67.3,8,0.1352,1.0,0.0244,0.8648,1.3138,1.3,0.9895,0.9906,1.0,-0.874502,-87.45,model,history,1792.0,medium,monitor,no_action,,0.0,,,no_action,"history_resolver,no_xi_yet,fixture_t2",,odds_api_io,event_id=61526516;market=Anytime Goalscorer
2026-04-18T12:29:57Z,2026-04-18T12:29:26Z,2026-04-18,,Bet365,France - Ligue 1,Lille OSC,OGC Nice,0,14032,Tiago Gouveia,Tiago Gouveia,Nice,Lille OSC,Sub,Sub,6.0,0.166667,0.019579,51.0748,0.0198,1.163,0.017,0.0198,0.0,0.0,0,0.0,0.0,0.57,recent_long,0.0,1.0,0.0,0.0,0.0,,,0,none,0.0,0.0,0.0,0,,,unknown,unknown,none,none,,T2,1.0,no_lineup_payload,34.6,MR,3,0.75,4,,,,,0,34.6,8,0.6314,0.0,0.2514,-0.6314,1.7109,1.3,0.7598,1.0381,1.0,-0.882525,-88.253,model,history,506.0,medium,monitor,no_action,,0.0,,,no_action,"history_resolver,no_xi_yet,fixture_t2",,odds_api_io,event_id=61526530;market=Anytime Goalscorer
2026-04-18T12:29:57Z,2026-04-18T12:29:26Z,2026-04-18,,Bet365,France - Ligue 1,Angers SCO,Le Havre AC,1,13612,Lanroy Machine,Lanroy Machine,Angers,Le Havre AC,FW,FW,4.5,0.222222,0.025794,38.7684,0.0261,1.0557,0.0248,0.0261,0.0,0.0,0,0.0,0.0,0.0,none,0.0,0.0,0.0,0.0,0.0,,,0,none,0.0,0.0,0.0,0,,,unknown,unknown,none,none,,T2,1.0,no_lineup_payload,23.6,FW,5,1.0,2,,,,,0,23.6,8,0.4386,1.0,0.1862,0.5614,1.3889,1.3,0.936,0.8078,1.0,-0.883926,-88.393,model,history,329.0,low,suppress,no_action,,0.0,,,no_action,"history_lt_500,fixture_t2",,odds_api_io,event_id=61526524;market=Anytime Goalscorer
2026-04-18T12:29:57Z,2026-04-18T12:29:26Z,2026-04-18,,Bet365,France - Ligue 1,Angers SCO,Le Havre AC,1,5732,Abdoulaye Bamba,Abdoulaye Bamba,Angers,Le Havre AC,Sub,Sub,26.0,0.038462,0.004219,99.0,0.0042,1.0557,0.004,0.0042,0.0,0.0,0,0.0,0.0,1.71,recent_long,0.0,4.0,0.0,0.0,0.0,,,0,none,0.0,0.0,0.0,0,,,unknown,unknown,none,none,,T2,1.0,no_lineup_payload,70.0,DC,1,1.0,8,,,,,0,70.0,8,0.0699,0.0,0.0115,-0.0699,1.4534,1.3,0.8944,0.8078,1.0,-0.890301,-89.03,model,history,1602.0,medium,monitor,no_action,,0.0,,,no_action,"history_resolver,no_xi_yet,fixture_t2",,odds_api_io,event_id=61526524;market=Anytime Goalscorer
2026-04-18T12:29:57Z,2026-04-18T12:29:26Z,2026-04-18,,Bet365,France - Ligue 1,FC Lorient,Olympique Marseille,1,12382,Nathaniel Adjei,Nathaniel Adjei,Lorient,Olympique Marseille,DC,DC,13.0,0.076923,0.007414,99.0,0.0074,1.2945,0.0057,0.0074,0.0,0.0,0,0.0,0.0,0.0,none,0.0,0.0,0.0,0.0,0.0,,,0,none,0.0,0.0,0.0,0,,,unknown,unknown,none,none,,T2,1.0,no_lineup_payload,52.0,DC,1,1.0,4,,,,,0,52.0,8,0.0,0.0,0.0,0.0,1.2113,1.3,1.0732,0.9906,1.0,-0.903615,-90.361,model,history,1545.0,medium,monitor,no_action,,0.0,,,no_action,"history_resolver,no_xi_yet,fixture_t2",,odds_api_io,event_id=61526516;market=Anytime Goalscorer
2026-04-18T12:29:57Z,2026-04-18T12:29:26Z,2026-04-18,,Bet365,France - Ligue 1,FC Lorient,Olympique Marseille,1,13795,Karim Dermane,Karim Dermane,Lorient,Olympique Marseille,Sub,Sub,5.0,0.2,0.018054,55.3904,0.0182,1.2945,0.0141,0.0182,0.0,0.0,0,0.0,0.0,2.0,recent_long,0.0,5.0,0.0,0.0,0.0,,,0,none,0.0,0.0,0.0,0,,,unknown,unknown,none,none,,T2,1.0,no_lineup_payload,40.6,AMC,4,0.8,5,,,,,0,40.6,8,0.2559,0.0,0.0613,-0.2559,1.3138,1.3,0.9895,0.9906,1.0,-0.909732,-90.973,model,history,1263.0,medium,monitor,no_action,,0.0,,,no_action,"history_resolver,no_xi_yet,fixture_t2",,odds_api_io,event_id=61526516;market=Anytime Goalscorer
2026-04-18T12:29:57Z,2026-04-18T12:29:26Z,2026-04-18,,Bet365,France - Ligue 1,Lille OSC,OGC Nice,0,12969,Moise Bombito,Moise Bombito,Nice,Lille OSC,DC,DC,19.0,0.052632,0.003426,99.0,0.0034,1.163,0.003,0.0034,0.0,0.0,0,0.0,0.0,3.3,recent_long,0.0,6.0,0.0,0.0,0.0,,,0,none,0.0,0.0,0.0,0,,,unknown,unknown,none,none,,T2,1.0,no_lineup_payload,77.4,DC,1,1.0,10,,,,,0,77.4,8,0.0496,0.0,0.0071,-0.0496,1.696,1.3,0.7665,1.0381,1.0,-0.934902,-93.49,model,history,2351.0,medium,monitor,no_action,,0.0,,,no_action,"history_resolver,no_xi_yet,fixture_t2",,odds_api_io,event_id=61526530;market=Anytime Goalscorer
2026-04-18T12:29:57Z,2026-04-18T12:29:26Z,2026-04-18,,Bet365,France - Ligue 1,Angers SCO,Le Havre AC,1,7732,Haris Belkebla,Haris Belkebla,Angers,Le Havre AC,MC,MC,10.0,0.1,0.005717,99.0,0.0057,1.0557,0.0054,0.0057,0.0,0.0,0,0.0,0.0,0.31,recent_long,0.0,4.0,0.0,0.0,0.0,,,0,none,0.0,0.0,0.0,0,,,unknown,unknown,none,none,,T2,1.0,no_lineup_payload,85.2,DMC,2,0.6,10,,,,,0,85.2,8,0.0479,0.0,0.0066,-0.0479,1.4881,1.3,0.8736,0.8078,1.0,-0.942826,-94.283,model,history,4146.0,medium,monitor,no_action,,0.0,,,no_action,"history_resolver,no_xi_yet,fixture_t2",,odds_api_io,event_id=61526524;market=Anytime Goalscorer
2026-04-18T12:29:57Z,2026-04-18T12:29:26Z,2026-04-18,,Bet365,France - Ligue 1,Angers SCO,Le Havre AC,1,3495,Pierrick Capelle,Pierrick Capelle,Angers,Le Havre AC,Sub,Sub,7.5,0.133333,0.005857,99.0,0.0059,1.0557,0.0056,0.0059,0.0,0.0,0,0.0,0.0,1.7,recent_long,0.0,5.0,0.0,0.0,0.0,,,0,none,0.0,0.0,0.0,0,,,unknown,unknown,none,none,,T2,1.0,no_lineup_payload,25.6,MC,3,1.0,1,,,,,0,25.6,8,0.1667,0.0,0.0811,-0.1667,1.4881,1.3,0.8736,0.8078,1.0,-0.956071,-95.607,model,history,681.0,medium,monitor,no_action,,0.0,,,no_action,"history_resolver,no_xi_yet,fixture_t2",,odds_api_io,event_id=61526524;market=Anytime Goalscorer
2026-04-18T12:29:57Z,2026-04-18T12:29:26Z,2026-04-18,,Bet365,France - Ligue 1,Lille OSC,OGC Nice,0,13042,Mohamed Abdelmonem,Mohamed Abdelmonem,Nice,Lille OSC,DC,DC,19.0,0.052632,0.001,99.0,0.001,1.163,0.0,0.0,0.0,0.0,0,0.0,0.0,0.83,recent_long,0.0,1.0,0.0,0.0,0.0,,,0,none,0.0,0.0,0.0,0,,,unknown,unknown,none,none,,T2,1.0,no_lineup_payload,72.3,DC,1,1.0,9,,,,,0,72.3,8,0.0,0.0,0.0,0.0,1.7541,1.3,0.7411,1.0381,1.0,-0.981009,-98.101,model,history,857.0,medium,monitor,no_action,,0.0,,,no_action,"history_resolver,no_xi_yet,fixture_t2",,odds_api_io,event_id=61526530;market=Anytime Goalscorer
2026-04-18T12:29:57Z,2026-04-18T12:29:26Z,2026-04-18,,Bet365,France - Ligue 1,Lille OSC,OGC Nice,0,14031,Charles Vanhoutte,Charles Vanhoutte,Nice,Lille OSC,Sub,Sub,10.0,0.1,0.001825,99.0,0.0018,1.163,0.0016,0.0018,0.0,0.0,0,0.0,0.0,0.72,recent_long,0.0,2.0,0.0,0.0,0.0,,,0,none,0.0,0.0,0.0,0,,,unknown,unknown,none,none,,T2,1.0,no_lineup_payload,72.2,DMC,2,0.875,8,,,,,0,72.2,8,0.0468,0.0,0.0067,-0.0468,1.48,1.3,0.8784,1.0381,1.0,-0.981753,-98.175,model,history,1673.0,medium,monitor,no_action,,0.0,,,no_action,"history_resolver,no_xi_yet,fixture_t2",,odds_api_io,event_id=61526530;market=Anytime Goalscorer
2026-04-18T12:29:57Z,2026-04-18T12:29:26Z,2026-04-18,,Bet365,France - Ligue 1,Angers SCO,Le Havre AC,1,13158,Marius Courcoul,Marius Courcoul,Angers,Le Havre AC,Sub,Sub,15.0,0.066667,0.001,99.0,0.001,1.0557,0.0009,0.0009,0.0,0.0,0,0.0,0.0,0.43,recent_long,0.0,2.0,0.0,0.0,0.0,,,0,none,0.0,0.0,0.0,0,,,unknown,unknown,none,none,,T2,1.0,no_lineup_payload,19.4,DMC,2,1.0,2,,,,,0,19.4,8,0.0531,0.0,0.0213,-0.0531,1.3314,1.3,0.9764,0.8078,1.0,-0.985007,-98.501,model,history,632.0,medium,monitor,no_action,,0.0,,,no_action,"history_resolver,no_xi_yet,fixture_t2",,odds_api_io,event_id=61526524;market=Anytime Goalscorer
2026-04-18T12:29:57Z,2026-04-18T12:29:26Z,2026-04-18,,Bet365,France - Ligue 1,Angers SCO,Le Havre AC,1,13159,Marius Louer,Marius Louer,Angers,Le Havre AC,DC,DC,15.0,0.066667,0.001,99.0,0.001,1.0557,0.0,0.0,0.0,0.0,0,0.0,0.0,0.0,none,0.0,0.0,0.0,0.0,0.0,,,0,none,0.0,0.0,0.0,0,,,unknown,unknown,none,none,,T2,1.0,no_lineup_payload,41.5,DR,1,0.5,2,,,,,0,41.5,5,0.0,0.0,0.0,0.0,1.3484,1.3,0.9641,0.8078,1.0,-0.985007,-98.501,model,history,192.0,low,suppress,no_action,,0.0,,,no_action,"history_lt_500,fixture_t2",,odds_api_io,event_id=61526524;market=Anytime Goalscorer
2026-04-18T12:29:57Z,2026-04-18T12:29:26Z,2026-04-18,,Bet365,France - Ligue 1,Angers SCO,Le Havre AC,1,12848,Florent Hanin,Florent Hanin,Angers,Le Havre AC,Sub,Sub,12.0,0.083333,0.001157,99.0,0.0012,1.0557,0.0011,0.0012,0.0,0.0,0,0.0,0.0,0.29,recent_long,0.0,6.0,0.0,0.0,0.0,,,0,none,0.0,0.0,0.0,0,,,unknown,unknown,none,none,,T2,1.0,no_lineup_payload,37.8,DML,2,0.5,4,,,,,0,37.8,8,0.0,0.0,0.0,0.0,1.4881,1.3,0.8736,0.8078,1.0,-0.986119,-98.612,model,history,3471.0,medium,monitor,no_action,,0.0,,,no_action,"history_resolver,no_xi_yet,fixture_t2",,odds_api_io,event_id=61526524;market=Anytime Goalscorer
2026-04-18T12:29:57Z,2026-04-18T12:29:26Z,2026-04-18,,Bet365,France - Ligue 1,Lille OSC,OGC Nice,0,13752,Gabin Bernardeau,Gabin Bernardeau,Nice,Lille OSC,Sub,Sub,7.5,0.133333,0.001756,99.0,0.0018,1.163,0.0015,0.0018,0.0,0.0,0,0.0,0.0,0.0,none,0.0,0.0,0.0,0.0,0.0,,,0,none,0.0,0.0,0.0,0,,,unknown,unknown,none,none,,T2,1.0,no_lineup_payload,22.5,AMR,4,1.0,1,,,,,0,22.5,4,0.0967,0.0,0.0967,-0.0967,1.5689,1.3,0.8286,1.0381,1.0,-0.98683,-98.683,model,history,90.0,low,suppress,no_action,,0.0,,,no_action,"history_lt_500,fixture_t2",,odds_api_io,event_id=61526530;market=Anytime Goalscorer
2026-04-18T12:29:57Z,2026-04-18T12:29:26Z,2026-04-18,,Bet365,France - Ligue 1,Lille OSC,OGC Nice,0,14165,Brad Hamilton Mantsounga,Brad Hamilton Mantsounga,Nice,Lille OSC,DC,DC,12.0,0.083333,0.001,99.0,0.001,1.163,0.0,0.0,0.0,0.0,0,0.0,0.0,0.0,none,0.0,0.0,0.0,0.0,0.0,,,0,none,0.0,0.0,0.0,0,,,unknown,unknown,none,none,,T2,1.0,no_lineup_payload,90.0,DC,1,1.0,1,,,,,0,90.0,1,0.0,0.0,0.0,0.0,1.3034,1.3,0.9974,1.0381,1.0,-0.988006,-98.801,fallback,history,90.0,low,suppress,no_action,,0.0,,,no_action,"fallback_method,fixture_t2",,odds_api_io,event_id=61526530;market=Anytime Goalscorer
2026-04-18T12:29:57Z,2026-04-18T12:29:26Z,2026-04-18,,Bet365,France - Ligue 1,Lille OSC,OGC Nice,0,9642,Salis Abdul Samed,Salis Abdul Samed,Nice,Lille OSC,DMC,DMC,12.0,0.083333,0.001,99.0,0.001,1.163,0.0,0.0,0.0,0.0,0,0.0,0.0,1.7,recent_long,0.0,5.0,0.0,0.0,0.0,,,0,none,0.0,0.0,0.0,0,,,unknown,unknown,none,none,,T2,1.0,no_lineup_payload,45.9,MC,3,0.6667,6,,,,,0,45.9,8,0.0,0.0,0.0,0.0,1.5454,1.3,0.8412,1.0381,1.0,-0.988006,-98.801,model,history,2194.0,medium,monitor,no_action,,0.0,,,no_action,"history_resolver,no_xi_yet,fixture_t2",,odds_api_io,event_id=61526530;market=Anytime Goalscorer
2026-04-18T12:29:57Z,2026-04-18T12:29:26Z,2026-04-18,,Bet365,France - Ligue 1,Angers SCO,Le Havre AC,1,14160,Dan Sinate,Dan Sinaté,Angers,Le Havre AC,S,S,10.0,0.1,0.001,99.0,0.001,1.0557,0.0,0.0,0.0,0.0,0,0.0,0.0,0.0,none,0.0,0.0,0.0,0.0,0.0,,,0,none,0.0,0.0,0.0,0,,,unknown,unknown,none,none,,T2,1.0,no_lineup_payload,8.3,,,0.0,0,,,,,0,8.3,0,0.0,0.0,0.0,0.0,,1.3,,0.8078,1.0,-0.990005,-99.0,fallback,live_roster,0.0,low,suppress,no_action,,0.0,,,no_action,"fallback_method,fixture_t2",,odds_api_io,event_id=61526524;market=Anytime Goalscorer
2026-04-18T12:29:57Z,2026-04-18T12:29:26Z,2026-04-18,,Bet365,France - Ligue 1,Lille OSC,OGC Nice,0,13753,Djibril Coulibaly,Djibril Coulibaly,Nice,Lille OSC,S,S,10.0,0.1,0.001,99.0,0.001,1.163,0.0,0.0,0.0,0.0,0,0.0,0.0,0.0,none,0.0,0.0,0.0,0.0,0.0,,,0,none,0.0,0.0,0.0,0,,,unknown,unknown,none,none,,T2,1.0,no_lineup_payload,5.0,,,0.0,0,,,,,0,5.0,0,0.0,0.0,0.0,0.0,,1.3,,1.0381,1.0,-0.990005,-99.0,fallback,live_roster,0.0,low,suppress,no_action,,0.0,,,no_action,"fallback_method,fixture_t2",,odds_api_io,event_id=61526530;market=Anytime Goalscorer
2026-04-18T12:29:57Z,2026-04-18T12:29:26Z,2026-04-18,,Bet365,France - Ligue 1,FC Lorient,Olympique Marseille,1,10854,Souleymane Toure,Souleymane Toure,Lorient,Olympique Marseille,DC,DC,9.5,0.105263,0.001,99.0,0.001,1.2945,0.0,0.0,0.0,0.0,0,0.0,0.0,0.0,none,0.0,0.0,0.0,0.0,0.0,,,0,none,0.0,0.0,0.0,0,,,unknown,unknown,none,none,,T2,1.0,no_lineup_payload,62.0,DC,1,1.0,10,,,,,0,62.0,8,0.2021,0.0,0.0258,-0.2021,1.3106,1.3,0.9919,0.9906,1.0,-0.990505,-99.05,fallback,history,2052.0,low,suppress,no_action,,0.0,,,no_action,"fallback_method,fixture_t2,stale_history",,odds_api_io,event_id=61526516;market=Anytime Goalscorer
2026-04-18T12:29:57Z,2026-04-18T12:29:26Z,2026-04-18,,Bet365,France - Ligue 1,Angers SCO,Le Havre AC,1,11494,Justin-Noel Kalumba,Justin-Noel Kalumba,Angers,Le Havre AC,FWL,FWL,6.5,0.153846,0.001081,99.0,0.0011,1.0557,0.001,0.0011,0.0,0.0,0,0.0,0.0,0.0,none,0.0,0.0,0.0,0.0,0.0,,,0,none,0.0,0.0,0.0,0,,,unknown,unknown,none,none,,T2,1.0,no_lineup_payload,57.6,FWL,5,0.6667,3,,,,,0,57.6,4,0.0164,0.0,0.0066,-0.0164,1.6426,1.3,0.7915,0.8078,1.0,-0.992974,-99.297,model,history,224.0,low,suppress,no_action,,0.0,,,no_action,"history_lt_500,fixture_t2",,odds_api_io,event_id=61526524;market=Anytime Goalscorer
2026-04-18T12:29:57Z,2026-04-18T12:29:26Z,2026-04-18,,Bet365,France - Ligue 1,FC Lorient,Olympique Marseille,1,14514,Daniel Semedo,Daniel Semedo,Lorient,Olympique Marseille,S,S,5.5,0.181818,0.001,99.0,0.001,1.2945,0.0,0.0,0.0,0.0,0,0.0,0.0,0.0,none,0.0,0.0,0.0,0.0,0.0,,,0,none,0.0,0.0,0.0,0,,,unknown,unknown,none,none,,T2,1.0,no_lineup_payload,7.0,,,0.0,0,,,,,0,7.0,0,0.0,0.0,0.0,0.0,,1.3,,0.9906,1.0,-0.994503,-99.45,fallback,live_roster,0.0,low,suppress,no_action,,0.0,,,no_action,"fallback_method,fixture_t2",,odds_api_io,event_id=61526516;market=Anytime Goalscorer
2026-04-18T12:29:57Z,2026-04-18T12:29:26Z,2026-04-18,,Bet365,France - Ligue 1,FC Lorient,Olympique Marseille,1,14011,Martin Bley,Martin Bley,Lorient,Olympique Marseille,S,S,5.5,0.181818,0.001,99.0,0.001,1.2945,0.0,0.0,0.0,0.0,0,0.0,0.0,0.0,none,0.0,0.0,0.0,0.0,0.0,,,0,none,0.0,0.0,0.0,0,,,unknown,unknown,none,none,,T2,1.0,no_lineup_payload,5.0,,,0.0,0,,,,,0,5.0,0,0.0,0.0,0.0,0.0,,1.3,,0.9906,1.0,-0.994503,-99.45,fallback,live_roster,0.0,low,suppress,no_action,,0.0,,,no_action,"fallback_method,fixture_t2",,odds_api_io,event_id=61526516;market=Anytime Goalscorer
2026-04-18T12:29:57Z,2026-04-18T12:29:26Z,2026-04-18,,Bet365,France - Ligue 1,Angers SCO,Le Havre AC,1,6015,Enzo Koffi,Kouakou Herve Koffi,Angers,Le Havre AC,GK,GK,5.0,0.2,0.001,99.0,0.001,1.0557,0.0,0.0,0.0,0.0,0,0.0,0.0,0.0,none,0.0,0.0,0.0,0.0,0.0,,,0,none,0.0,0.0,0.0,0,,,unknown,unknown,none,none,,T2,1.0,no_lineup_payload,80.0,,,0.0,0,,,,,0,80.0,0,0.0,0.0,0.0,0.0,,1.3,,0.8078,1.0,-0.995002,-99.5,fallback,live_roster,0.0,low,suppress,no_action,,0.0,,,no_action,"fallback_method,fixture_t2",,odds_api_io,event_id=61526524;market=Anytime Goalscorer
2026-04-18T12:29:57Z,2026-04-18T12:29:26Z,2026-04-18,,Bet365,France - Ligue 1,Lille OSC,OGC Nice,0,14242,Zoumana Diallo,Zoumana Diallo,Nice,Lille OSC,S,S,3.0,0.333333,0.001,99.0,0.001,1.163,0.0,0.0,0.0,0.0,0,0.0,0.0,0.0,none,0.0,0.0,0.0,0.0,0.0,,,0,none,0.0,0.0,0.0,0,,,unknown,unknown,none,none,,T2,1.0,no_lineup_payload,7.0,,,0.0,0,,,,,0,7.0,0,0.0,0.0,0.0,0.0,,1.3,,1.0381,1.0,-0.997001,-99.7,fallback,live_roster,0.0,low,suppress,no_action,,0.0,,,no_action,"fallback_method,fixture_t2",,odds_api_io,event_id=61526530;market=Anytime Goalscorer
2026-04-18T12:29:57Z,2026-04-18T12:29:26Z,2026-04-19,,Bet365,France - Ligue 1,AS Monaco,AJ Auxerre,0,10815,Lassine Sinayoko,Lassine Sinayoko,Auxerre,AS Monaco,FW,FW,4.0,0.25,0.344349,2.904,0.4221,1.0853,0.3301,0.3583,0.0638,0.1512,0,0.6428,0.9558,2.13,recent_long,5.0,10.0,0.5,0.0,0.0,,,1,primary,0.42,3.0,0.0081,0,,,unknown,unknown,none,none,,T2,1.0,no_lineup_payload,89.4,FW,5,0.7,10,,,,,0,89.4,8,4.9132,1.0,0.6141,-3.9132,1.5442,1.3,0.8419,0.9687,1.0,0.377396,37.74,model,history,4587.0,medium,surface_with_caveat,no_action,,0.0,,,no_action,"history_resolver,no_xi_yet,fixture_t2",,odds_api_io,event_id=61526526;market=Anytime Goalscorer
2026-04-18T12:29:57Z,2026-04-18T12:29:26Z,2026-04-19,,Bet365,France - Ligue 1,AS Monaco,AJ Auxerre,0,8703,Sinaly Diomande,Sinaly Diomande,Auxerre,AS Monaco,DC,DC,15.0,0.066667,0.066018,15.1473,0.0683,1.0853,0.0629,0.0683,0.0,0.0,0,0.0,0.0,1.85,recent_long,0.0,8.0,0.0,0.0,0.0,,,0,none,0.0,0.0,0.0,0,,,unknown,unknown,none,none,,T2,1.0,no_lineup_payload,89.8,DC,1,1.0,10,,,,,0,89.8,8,0.4976,0.0,0.0622,-0.4976,1.6383,1.3,0.7935,0.9687,1.0,-0.009726,-0.973,model,history,4435.0,medium,monitor,no_action,,0.0,,,no_action,"history_resolver,no_xi_yet,fixture_t2",,odds_api_io,event_id=61526526;market=Anytime Goalscorer
2026-04-18T12:29:57Z,2026-04-18T12:29:26Z,2026-04-19,,Bet365,France - Ligue 1,FC Nantes,Stade Brest 29,0,10100,Kamory Doumbia,Kamory Doumbia,Brest,FC Nantes,AMC,AMC,5.5,0.181818,0.179523,5.5703,0.1979,1.1287,0.1753,0.1979,0.0,0.0,0,0.0,0.0,3.72,recent_long,0.0,15.0,0.0,0.0,0.0,,,0,none,0.0,0.0,0.0,0,,,unknown,unknown,none,none,,T2,1.0,no_lineup_payload,77.5,AMC,4,1.0,9,,,,,0,77.5,8,2.2337,1.0,0.329,-1.2337,1.6762,1.3,0.7756,1.0074,1.0,-0.012622,-1.262,model,history,3721.0,medium,monitor,no_action,,0.0,,,no_action,"history_resolver,no_xi_yet,fixture_t2",,odds_api_io,event_id=61526528;market=Anytime Goalscorer
2026-04-18T12:29:57Z,2026-04-18T12:29:26Z,2026-04-19,,Bet365,France - Ligue 1,AS Monaco,AJ Auxerre,0,13888,Danny Namaso,Danny Namaso,Auxerre,AS Monaco,AMC,AMC,4.5,0.222222,0.187584,5.3309,0.2077,1.0853,0.1914,0.2077,0.0,0.0,0,0.0,0.0,1.84,recent_long,0.0,4.0,0.0,0.0,0.0,,,0,none,0.0,0.0,0.0,0,,,unknown,unknown,none,none,,T2,1.0,no_lineup_payload,89.7,FW,5,0.4,10,,,,,0,89.7,8,1.9209,1.0,0.2415,-0.9209,1.6383,1.3,0.7935,0.9687,1.0,-0.155872,-15.587,model,history,2074.0,medium,monitor,no_action,,0.0,,,no_action,"history_resolver,no_xi_yet,fixture_t2",,odds_api_io,event_id=61526526;market=Anytime Goalscorer
2026-04-18T12:29:57Z,2026-04-18T12:29:26Z,2026-04-19,,Bet365,France - Ligue 1,FC Metz,Paris FC,0,7908,Marshall Munetsi,Marshall Munetsi,Paris FC,FC Metz,AMC,AMC,4.0,0.25,0.204024,4.9014,0.2282,1.1788,0.1936,0.2282,0.0,0.0,0,0.0,0.0,0.95,recent_long,0.0,6.0,0.0,0.0,0.0,,,0,none,0.0,0.0,0.0,0,,,unknown,unknown,none,none,,T2,1.0,no_lineup_payload,73.8,MC,3,0.625,8,,,,,0,73.8,8,3.4928,4.0,0.4562,0.5072,1.5301,1.3,0.8496,1.0521,1.0,-0.183903,-18.39,model,history,4661.0,medium,monitor,no_action,,0.0,,,no_action,"history_resolver,no_xi_yet,fixture_t2",,odds_api_io,event_id=61526520;market=Anytime Goalscorer
2026-04-18T12:29:57Z,2026-04-18T12:29:26Z,2026-04-19,,Bet365,France - Ligue 1,AS Monaco,AJ Auxerre,0,14408,Bryan Okoh,Bryan Okoh,Auxerre,AS Monaco,DC,DC,15.0,0.066667,0.053327,18.7522,0.0548,1.0853,0.0505,0.0548,0.0,0.0,0,0.0,0.0,0.0,none,0.0,0.0,0.0,0.0,0.0,,,0,none,0.0,0.0,0.0,0,,,unknown,unknown,none,none,,T2,1.0,no_lineup_payload,81.3,DC,1,1.0,7,,,,,0,81.3,8,0.8822,2.0,0.1254,1.1178,1.6383,1.3,0.7935,0.9687,1.0,-0.200092,-20.01,model,history,633.0,medium,monitor,no_action,,0.0,,,no_action,"history_resolver,no_xi_yet,fixture_t2",,odds_api_io,event_id=61526526;market=Anytime Goalscorer
2026-04-18T12:29:57Z,2026-04-18T12:29:26Z,2026-04-19,,Bet365,France - Ligue 1,FC Metz,Paris FC,0,13800,Samir Chergui,Samir Chergui,Paris FC,FC Metz,Sub,Sub,8.5,0.117647,0.091989,10.8709,0.0965,1.1788,0.0819,0.0965,0.0,0.0,0,0.0,0.0,0.54,recent_long,0.0,1.0,0.0,0.0,0.0,,,0,none,0.0,0.0,0.0,0,,,unknown,unknown,none,none,,T2,1.0,no_lineup_payload,72.2,DR,1,0.5,8,,,,,0,72.2,8,1.6662,1.0,0.2814,-0.6662,1.4485,1.3,0.8975,1.0521,1.0,-0.218094,-21.809,model,history,977.0,medium,monitor,no_action,,0.0,,,no_action,"history_resolver,no_xi_yet,fixture_t2",,odds_api_io,event_id=61526520;market=Anytime Goalscorer
2026-04-18T12:29:57Z,2026-04-18T12:29:26Z,2026-04-19,,Bet365,France - Ligue 1,FC Nantes,Stade Brest 29,0,6905,Ludovic Ajorque,Ludovic Ajorque,Brest,FC Nantes,FW,FW,3.1,0.322581,0.245312,4.0764,0.2815,1.1287,0.2494,0.2815,0.0,0.0,0,0.0,0.0,3.35,recent_long,1.0,17.0,0.0588,0.0,0.0,,,0,none,0.0,0.0,0.0,0,,,unknown,unknown,none,none,,T2,1.0,no_lineup_payload,87.7,FW,5,1.0,10,,,,,0,87.7,8,2.6263,5.0,0.3283,2.3737,1.5448,1.3,0.8415,1.0074,1.0,-0.239534,-23.954,model,history,4827.0,medium,monitor,no_action,,0.0,,,no_action,"history_resolver,no_xi_yet,fixture_t2",,odds_api_io,event_id=61526528;market=Anytime Goalscorer
2026-04-18T12:29:57Z,2026-04-18T12:29:26Z,2026-04-19,,Bet365,France - Ligue 1,FC Nantes,Stade Brest 29,0,3721,Romain Del Castillo,Romain Del Castillo,Brest,FC Nantes,AMR,AMR,4.333,0.230787,0.14264,7.0106,0.1539,1.1287,0.0547,0.0618,0.0921,0.5986,1,0.7139,1.0,3.08,recent_long,15.0,19.0,0.7895,0.0,0.0,,,1,primary,0.42,3.0,0.0053,0,,,unknown,unknown,none,none,,T2,1.0,no_lineup_payload,84.4,AMR,4,1.0,10,,,,,0,84.4,8,0.9424,1.0,0.1196,0.0576,1.3691,1.3,0.9495,1.0074,1.0,-0.38194,-38.194,model,history,5999.0,medium,monitor,no_action,,0.0,,,no_action,"history_resolver,no_xi_yet,fixture_t2",,odds_api_io,event_id=61526528;market=Anytime Goalscorer
2026-04-18T12:29:57Z,2026-04-18T12:29:26Z,2026-04-19,,Bet365,France - Ligue 1,AS Monaco,AJ Auxerre,0,7081,Francisco Sierralta,Francisco Sierralta,Auxerre,AS Monaco,DC,DC,15.0,0.066667,0.040762,24.5329,0.0416,1.0853,0.0383,0.0416,0.0,0.0,0,0.0,0.0,1.4,recent_long,0.0,2.0,0.0,0.0,0.0,,,0,none,0.0,0.0,0.0,0,,,unknown,unknown,none,none,,T2,1.0,no_lineup_payload,86.8,DC,1,1.0,9,,,,,0,86.8,8,0.7253,1.0,0.0947,0.2747,1.7651,1.3,0.7365,0.9687,1.0,-0.388577,-38.858,model,history,869.0,medium,monitor,no_action,,0.0,,,no_action,"history_resolver,no_xi_yet,fixture_t2",,odds_api_io,event_id=61526526;market=Anytime Goalscorer
2026-04-18T12:29:57Z,2026-04-18T12:29:26Z,2026-04-19,,Bet365,France - Ligue 1,Paris Saint-Germain,Olympique Lyon,1,10786,Warren Zaire Emery,Warren Zaire Emery,Paris Saint Germain,Olympique Lyon,MC,MC,5.5,0.181818,0.107666,9.288,0.1139,2.2218,0.0513,0.1139,0.0,0.0,0,0.0,0.0,3.23,recent_long,0.0,20.0,0.0,0.0,0.0,,,0,none,0.0,0.0,0.0,0,,,unknown,unknown,none,none,,T2,1.0,no_lineup_payload,88.0,MC,3,0.6,10,,,,,0,88.0,8,1.2906,1.0,0.1664,-0.2906,1.3873,1.3,0.9371,1.7002,1.0,-0.407836,-40.783,model,history,6238.0,medium,monitor,no_action,,0.0,,,no_action,"history_resolver,no_xi_yet,fixture_t2",,odds_api_io,event_id=61526532;market=Anytime Goalscorer
2026-04-18T12:29:57Z,2026-04-18T12:29:26Z,2026-04-19,,Bet365,France - Ligue 1,Paris Saint-Germain,Olympique Lyon,1,12734,Joao Neves,Joao Neves,Paris Saint Germain,Olympique Lyon,Sub,Sub,4.75,0.210526,0.123039,8.1275,0.1313,2.2218,0.0591,0.1313,0.0,0.0,0,0.0,0.0,2.14,recent_long,0.0,8.0,0.0,0.0,0.0,,,0,none,0.0,0.0,0.0,0,,,unknown,unknown,none,none,,T2,1.0,no_lineup_payload,67.6,MC,3,1.0,8,,,,,0,67.6,8,1.3608,0.0,0.2156,-1.3608,1.5098,1.3,0.8611,1.7002,1.0,-0.415564,-41.556,model,history,2909.0,medium,monitor,no_action,,0.0,,,no_action,"history_resolver,no_xi_yet,fixture_t2",,odds_api_io,event_id=61526532;market=Anytime Goalscorer
2026-04-18T12:29:57Z,2026-04-18T12:29:26Z,2026-04-19,,Bet365,France - Ligue 1,Paris Saint-Germain,Olympique Lyon,1,10016,Bradley Barcola,Bradley Barcola,Paris Saint Germain,Olympique Lyon,FW,FW,2.2,0.454545,0.259606,3.852,0.3006,2.2218,0.1353,0.3006,0.0,0.0,0,0.0,0.0,3.0,recent_long,0.0,12.0,0.0,0.0,0.0,,,0,none,0.0,0.0,0.0,0,,,unknown,unknown,none,none,,T2,1.0,no_lineup_payload,60.0,FWL,5,0.6667,6,,,,,0,60.0,8,4.5421,5.0,0.7742,0.4579,1.6119,1.3,0.8065,1.7002,1.0,-0.428867,-42.887,model,history,3563.0,medium,monitor,no_action,,0.0,,,no_action,"history_resolver,no_xi_yet,fixture_t2",,odds_api_io,event_id=61526532;market=Anytime Goalscorer
2026-04-18T12:29:57Z,2026-04-18T12:29:26Z,2026-04-19,,Bet365,France - Ligue 1,FC Metz,Paris FC,0,3772,Maxime Lopez,Maxime Lopez,Paris FC,FC Metz,DMC,DMC,11.0,0.090909,0.051808,19.3021,0.0532,1.1788,0.0451,0.0532,0.0,0.0,0,0.0,0.0,2.11,recent_long,0.0,4.0,0.0,0.0,0.0,,,0,none,0.0,0.0,0.0,0,,,unknown,unknown,none,none,,T2,1.0,no_lineup_payload,78.8,MC,3,0.7778,9,,,,,0,78.8,8,0.7232,0.0,0.113,-0.7232,1.3205,1.3,0.9845,1.0521,1.0,-0.430114,-43.011,model,history,1836.0,medium,monitor,no_action,,0.0,,,no_action,"history_resolver,no_xi_yet,fixture_t2",,odds_api_io,event_id=61526520;market=Anytime Goalscorer
2026-04-18T12:29:57Z,2026-04-18T12:29:26Z,2026-04-19,,Bet365,France - Ligue 1,Paris Saint-Germain,Olympique Lyon,1,10431,Desire Doue,Desire Doue,Paris Saint Germain,Olympique Lyon,MC,MC,2.05,0.487805,0.258353,3.8707,0.2989,2.2218,0.1245,0.2767,0.0222,0.0742,0,0.2514,0.2514,4.42,recent_long,1.0,23.0,0.0435,0.0,0.0,,,0,none,0.0,0.0,0.0056,0,,,unknown,unknown,none,none,,T2,1.0,no_lineup_payload,58.7,FWR,5,0.8571,7,,,,,0,58.7,8,4.4718,2.0,0.8455,-2.4718,1.3873,1.3,0.9371,1.7002,1.0,-0.470376,-47.038,model,history,4359.0,medium,monitor,no_action,,0.0,,,no_action,"history_resolver,no_xi_yet,fixture_t2",,odds_api_io,event_id=61526532;market=Anytime Goalscorer
2026-04-18T12:29:57Z,2026-04-18T12:29:26Z,2026-04-19,,Bet365,France - Ligue 1,FC Nantes,Stade Brest 29,0,13968,Daouda Guindo,Daouda Guindo,Brest,FC Nantes,DL,DL,11.0,0.090909,0.047877,20.8869,0.0491,1.1287,0.0435,0.0491,0.0,0.0,0,0.0,0.0,2.74,recent_long,0.0,6.0,0.0,0.0,0.0,,,0,none,0.0,0.0,0.0,0,,,unknown,unknown,none,none,,T2,1.0,no_lineup_payload,77.3,DL,1,1.0,9,,,,,0,77.3,8,0.4517,0.0,0.0633,-0.4517,1.5005,1.3,0.8664,1.0074,1.0,-0.473355,-47.335,model,history,1266.0,medium,monitor,no_action,,0.0,,,no_action,"history_resolver,no_xi_yet,fixture_t2",,odds_api_io,event_id=61526528;market=Anytime Goalscorer
2026-04-18T12:29:57Z,2026-04-18T12:29:26Z,2026-04-19,,Bet365,France - Ligue 1,Paris Saint-Germain,Olympique Lyon,1,9961,Nuno Mendes,Nuno Mendes,Paris Saint Germain,Olympique Lyon,Sub,Sub,3.6,0.277778,0.142505,7.0173,0.1537,2.2218,0.0585,0.1299,0.0238,0.155,0,0.2344,0.3612,4.13,recent_long,1.0,11.0,0.0909,0.0,0.0,,,1,tertiary,0.06,3.0,0.0,0,,,unknown,unknown,none,none,,T2,1.0,no_lineup_payload,67.6,DL,1,0.875,8,,,,,0,67.6,8,1.5737,1.0,0.2455,-0.5737,1.3873,1.3,0.9371,1.7002,1.0,-0.486982,-48.698,model,history,3176.0,medium,monitor,no_action,,0.0,,,no_action,"history_resolver,no_xi_yet,fixture_t2",,odds_api_io,event_id=61526532;market=Anytime Goalscorer
2026-04-18T12:29:57Z,2026-04-18T12:29:26Z,2026-04-19,,Bet365,France - Ligue 1,FC Metz,Paris FC,0,5661,Jonathan Ikone,Jonathan Ikone,Paris FC,FC Metz,AMR,AMR,4.0,0.25,0.125332,7.9788,0.1339,1.1788,0.1136,0.1339,0.0,0.0,0,0.0,0.0,1.92,recent_long,0.0,4.0,0.0,0.0,0.0,,,0,none,0.0,0.0,0.0,0,,,unknown,unknown,none,none,,T2,1.0,no_lineup_payload,55.1,FWR,5,0.4286,7,,,,,0,55.1,8,2.4277,2.0,0.4069,-0.4277,1.5301,1.3,0.8496,1.0521,1.0,-0.498673,-49.867,model,history,859.0,medium,monitor,no_action,,0.0,,,no_action,"history_resolver,no_xi_yet,fixture_t2",,odds_api_io,event_id=61526520;market=Anytime Goalscorer
2026-04-18T12:29:57Z,2026-04-18T12:29:26Z,2026-04-19,,Bet365,France - Ligue 1,AS Monaco,AJ Auxerre,0,9092,Marvin Senaya,Marvin Senaya,Auxerre,AS Monaco,Sub,Sub,15.0,0.066667,0.03228,30.9791,0.0328,1.0853,0.0302,0.0328,0.0,0.0,0,0.0,0.0,1.03,recent_long,0.0,5.0,0.0,0.0,0.0,,,0,none,0.0,0.0,0.0,0,,,unknown,unknown,none,none,,T2,1.0,no_lineup_payload,70.5,DC,1,0.5714,7,,,,,0,70.5,8,0.5031,1.0,0.092,0.4969,1.483,1.3,0.8766,0.9687,1.0,-0.515803,-51.581,model,history,3872.0,medium,monitor,no_action,,0.0,,,no_action,"history_resolver,no_xi_yet,fixture_t2",,odds_api_io,event_id=61526526;market=Anytime Goalscorer
2026-04-18T12:29:57Z,2026-04-18T12:29:26Z,2026-04-19,,Bet365,France - Ligue 1,Paris Saint-Germain,Olympique Lyon,1,5197,Achraf Hakimi,Achraf Hakimi,Paris Saint Germain,Olympique Lyon,DR,DR,3.6,0.277778,0.127969,7.8144,0.1369,2.2218,0.0616,0.1369,0.0,0.0,0,0.0,0.0,3.27,recent_long,0.0,16.0,0.0,0.0,0.0,,,0,none,0.0,0.0,0.0,0,,,unknown,unknown,none,none,,T2,1.0,no_lineup_payload,81.3,DR,1,1.0,8,,,,,0,81.3,8,1.6902,2.0,0.2142,0.3098,1.3459,1.3,0.9659,1.7002,1.0,-0.539312,-53.931,model,history,5191.0,medium,monitor,no_action,,0.0,,,no_action,"history_resolver,no_xi_yet,fixture_t2",,odds_api_io,event_id=61526532;market=Anytime Goalscorer
2026-04-18T12:29:57Z,2026-04-18T12:29:26Z,2026-04-19,,Bet365,France - Ligue 1,AS Monaco,AJ Auxerre,0,13793,Lamine Sy,Lamine Sy,Auxerre,AS Monaco,DR,DR,12.0,0.083333,0.038157,26.2073,0.0389,1.0853,0.0358,0.0389,0.0,0.0,0,0.0,0.0,1.4,recent_long,0.0,3.0,0.0,0.0,0.0,,,0,none,0.0,0.0,0.0,0,,,unknown,unknown,none,none,,T2,1.0,no_lineup_payload,75.2,DR,1,1.0,9,,,,,0,75.2,8,0.6832,0.0,0.1069,-0.6832,1.6383,1.3,0.7935,0.9687,1.0,-0.542112,-54.211,model,history,1220.0,medium,monitor,no_action,,0.0,,,no_action,"history_resolver,no_xi_yet,fixture_t2",,odds_api_io,event_id=61526526;market=Anytime Goalscorer
2026-04-18T12:29:57Z,2026-04-18T12:29:26Z,2026-04-19,,Bet365,France - Ligue 1,FC Nantes,Stade Brest 29,0,7562,Eric Ebimbe,Eric Ebimbe,Brest,FC Nantes,AMC,AMC,4.75,0.210526,0.095576,10.4629,0.1005,1.1287,0.089,0.1005,0.0,0.0,0,0.0,0.0,1.91,recent_long,0.0,5.0,0.0,0.0,0.0,,,0,none,0.0,0.0,0.0,0,,,unknown,unknown,none,none,,T2,1.0,no_lineup_payload,42.9,AML,4,0.7143,7,,,,,0,42.9,8,2.215,2.0,0.4127,-0.215,1.3691,1.3,0.9495,1.0074,1.0,-0.546015,-54.601,model,history,838.0,medium,monitor,no_action,,0.0,,,no_action,"history_resolver,no_xi_yet,fixture_t2",,odds_api_io,event_id=61526528;market=Anytime Goalscorer
2026-04-18T12:29:57Z,2026-04-18T12:29:26Z,2026-04-19,,Bet365,France - Ligue 1,AS Monaco,AJ Auxerre,0,11962,Oussama El Azzouzi,Oussama El Azzouzi,Auxerre,AS Monaco,MC,MC,12.0,0.083333,0.035062,28.521,0.0357,1.0853,0.0329,0.0357,0.0,0.0,0,0.0,0.0,2.87,recent_long,0.0,4.0,0.0,0.0,0.0,,,0,none,0.0,0.0,0.0,0,,,unknown,unknown,none,none,,T2,1.0,no_lineup_payload,77.6,MC,3,0.9,10,,,,,0,77.6,8,0.6847,1.0,0.0967,0.3153,1.1323,1.3,1.1481,0.9687,1.0,-0.579257,-57.926,model,history,821.0,medium,monitor,no_action,,0.0,,,no_action,"history_resolver,no_xi_yet,fixture_t2",,odds_api_io,event_id=61526526;market=Anytime Goalscorer
2026-04-18T12:29:57Z,2026-04-18T12:29:26Z,2026-04-19,,Bet365,France - Ligue 1,FC Nantes,Stade Brest 29,0,11065,Remy Labeau Lascary,Remy Labeau Lascary,Brest,FC Nantes,AML,AML,3.75,0.266667,0.098253,10.1779,0.1034,1.1287,0.0916,0.1034,0.0,0.0,0,0.0,0.0,3.06,recent_long,0.0,9.0,0.0,0.0,0.0,,,0,none,0.0,0.0,0.0,0,,,unknown,unknown,none,none,,T2,1.0,no_lineup_payload,50.8,AML,4,0.6667,6,,,,,0,50.8,8,1.9058,3.0,0.4353,1.0942,1.3691,1.3,0.9495,1.0074,1.0,-0.631553,-63.155,model,history,1587.0,medium,monitor,no_action,,0.0,,,no_action,"history_resolver,no_xi_yet,fixture_t2",,odds_api_io,event_id=61526528;market=Anytime Goalscorer
2026-04-18T12:29:57Z,2026-04-18T12:29:26Z,2026-04-19,,Bet365,France - Ligue 1,Paris Saint-Germain,Olympique Lyon,1,7453,Khvicha Kvaratskhelia,Khvicha Kvaratskhelia,Paris Saint Germain,Olympique Lyon,FWL,FWL,2.05,0.487805,0.170039,5.881,0.1864,2.2218,0.0839,0.1864,0.0,0.0,0,0.0,0.0,3.08,recent_long,0.0,7.0,0.0,0.0,0.0,,,0,none,0.0,0.0,0.0,0,,,unknown,unknown,none,none,,T2,1.0,no_lineup_payload,59.3,FWL,5,0.7143,7,,,,,0,59.3,8,2.5246,1.0,0.4675,-1.5246,1.3873,1.3,0.9371,1.7002,1.0,-0.65142,-65.142,model,history,2154.0,medium,monitor,no_action,,0.0,,,no_action,"history_resolver,no_xi_yet,fixture_t2",,odds_api_io,event_id=61526532;market=Anytime Goalscorer
2026-04-18T12:29:57Z,2026-04-18T12:29:26Z,2026-04-19,,Bet365,France - Ligue 1,FC Metz,Paris FC,0,12317,Nhoa Sangui,Nhoa Sangui,Paris FC,FC Metz,DL,DL,11.0,0.090909,0.031037,32.2193,0.0315,1.1788,0.0267,0.0315,0.0,0.0,0,0.0,0.0,1.9,recent_long,0.0,6.0,0.0,0.0,0.0,,,0,none,0.0,0.0,0.0,0,,,unknown,unknown,none,none,,T2,1.0,no_lineup_payload,76.8,DL,1,0.8889,9,,,,,0,76.8,8,0.4273,0.0,0.0602,-0.4273,1.5301,1.3,0.8496,1.0521,1.0,-0.65859,-65.859,model,history,2532.0,medium,monitor,no_action,,0.0,,,no_action,"history_resolver,no_xi_yet,fixture_t2",,odds_api_io,event_id=61526520;market=Anytime Goalscorer
2026-04-18T12:29:57Z,2026-04-18T12:29:26Z,2026-04-19,,Bet365,France - Ligue 1,FC Metz,Paris FC,0,9656,Ilan Kebbal,Ilan Kebbal,Paris FC,FC Metz,Sub,Sub,3.0,0.333333,0.104464,9.5727,0.1103,1.1788,0.0449,0.0529,0.0574,0.5201,1,0.6228,0.9474,1.87,recent_long,3.0,4.0,0.75,0.0,0.0,,,1,primary,0.42,3.0,0.0089,0,,,unknown,unknown,none,none,,T2,1.0,no_lineup_payload,78.4,MR,3,0.7778,9,,,,,0,78.4,8,0.5204,1.0,0.0798,0.4796,1.4827,1.3,0.8768,1.0521,1.0,-0.686607,-68.661,model,history,2003.0,medium,monitor,no_action,,0.0,,,no_action,"history_resolver,no_xi_yet,fixture_t2",,odds_api_io,event_id=61526520;market=Anytime Goalscorer
2026-04-18T12:29:57Z,2026-04-18T12:29:26Z,2026-04-19,,Bet365,France - Ligue 1,Paris Saint-Germain,Olympique Lyon,1,3226,Ousmane Dembele,Ousmane Dembele,Paris Saint Germain,Olympique Lyon,FW,FW,1.727,0.579039,0.170723,5.8575,0.1872,2.2218,0.0679,0.1509,0.0363,0.1938,0,0.4772,0.5327,3.09,recent_long,4.0,18.0,0.2222,0.0,0.0,,,1,primary,0.42,3.0,0.009,0,,,unknown,unknown,none,none,,T2,1.0,no_lineup_payload,50.6,FW,5,1.0,5,,,,,0,50.6,8,3.0503,7.0,0.6521,3.9497,1.3873,1.3,0.9371,1.7002,1.0,-0.705162,-70.516,model,history,4099.0,medium,monitor,no_action,,0.0,,,no_action,"history_resolver,no_xi_yet,fixture_t2",,odds_api_io,event_id=61526532;market=Anytime Goalscorer
2026-04-18T12:29:57Z,2026-04-18T12:29:26Z,2026-04-19,,Bet365,France - Ligue 1,Paris Saint-Germain,Olympique Lyon,1,2447,Fabian Ruiz,Fabian Ruiz,Paris Saint Germain,Olympique Lyon,MC,MC,3.6,0.277778,0.079216,12.6236,0.0825,2.2218,0.0371,0.0825,0.0,0.0,0,0.0,0.0,2.71,recent_long,0.0,15.0,0.0,0.0,0.0,,,0,none,0.0,0.0,0.0,0,,,unknown,unknown,none,none,,T2,1.0,no_lineup_payload,61.3,MC,3,1.0,6,,,,,0,61.3,8,0.6814,0.0,0.1351,-0.6814,1.7071,1.3,0.7615,1.7002,1.0,-0.714821,-71.482,model,history,3905.0,medium,monitor,no_action,,0.0,,,no_action,"history_resolver,no_xi_yet,fixture_t2",,odds_api_io,event_id=61526532;market=Anytime Goalscorer
2026-04-18T12:29:57Z,2026-04-18T12:29:26Z,2026-04-19,,Bet365,France - Ligue 1,Paris Saint-Germain,Olympique Lyon,1,12345,Senny Mayulu,Senny Mayulu,Paris Saint Germain,Olympique Lyon,MC,MC,2.3,0.434783,0.123516,8.0961,0.1318,2.2218,0.0593,0.1318,0.0,0.0,0,0.0,0.0,2.26,recent_long,0.0,6.0,0.0,0.0,0.0,,,0,none,0.0,0.0,0.0,0,,,unknown,unknown,none,none,,T2,1.0,no_lineup_payload,67.6,MC,3,0.6667,9,,,,,0,67.6,8,1.3666,2.0,0.2361,0.6334,1.4601,1.3,0.8903,1.7002,1.0,-0.715913,-71.591,model,history,2344.0,medium,monitor,no_action,,0.0,,,no_action,"history_resolver,no_xi_yet,fixture_t2",,odds_api_io,event_id=61526532;market=Anytime Goalscorer
2026-04-18T12:29:57Z,2026-04-18T12:29:26Z,2026-04-19,,Bet365,France - Ligue 1,FC Nantes,Stade Brest 29,0,7747,Mama Balde,Mama Balde,Brest,FC Nantes,Sub,Sub,4.0,0.25,0.069795,14.3278,0.0723,1.1287,0.0641,0.0723,0.0,0.0,0,0.0,0.0,3.66,recent_long,0.0,7.0,0.0,0.0,0.0,,,0,none,0.0,0.0,0.0,0,,,unknown,unknown,none,none,,T2,1.0,no_lineup_payload,40.9,FW,5,0.5,4,,,,,0,40.9,8,0.8034,1.0,0.2317,0.1966,1.5655,1.3,0.8304,1.0074,1.0,-0.720822,-72.082,model,history,1190.0,medium,monitor,no_action,,0.0,,,no_action,"history_resolver,no_xi_yet,fixture_t2",,odds_api_io,event_id=61526528;market=Anytime Goalscorer
2026-04-18T12:29:57Z,2026-04-18T12:29:26Z,2026-04-19,,Bet365,France - Ligue 1,FC Nantes,Stade Brest 29,0,10467,Soumaila Coulibaly,Soumaila Coulibaly,Brest,FC Nantes,Sub,Sub,13.0,0.076923,0.019645,50.9042,0.0198,1.1287,0.0176,0.0198,0.0,0.0,0,0.0,0.0,3.96,recent_long,0.0,8.0,0.0,0.0,0.0,,,0,none,0.0,0.0,0.0,0,,,unknown,unknown,none,none,,T2,1.0,no_lineup_payload,78.6,DC,1,1.0,9,,,,,0,78.6,8,0.1759,0.0,0.0254,-0.1759,1.5441,1.3,0.8419,1.0074,1.0,-0.744618,-74.462,model,history,1598.0,medium,monitor,no_action,,0.0,,,no_action,"history_resolver,no_xi_yet,fixture_t2",,odds_api_io,event_id=61526528;market=Anytime Goalscorer
2026-04-18T12:29:57Z,2026-04-18T12:29:26Z,2026-04-19,,Bet365,France - Ligue 1,FC Nantes,Stade Brest 29,0,7739,Joris Chotard,Joris Chotard,Brest,FC Nantes,DMC,DMC,8.5,0.117647,0.029164,34.2887,0.0296,1.1287,0.0262,0.0296,0.0,0.0,0,0.0,0.0,2.9,recent_long,0.0,15.0,0.0,0.0,0.0,,,0,none,0.0,0.0,0.0,0,,,unknown,unknown,none,none,,T2,1.0,no_lineup_payload,89.0,DMC,2,1.0,10,,,,,0,89.0,8,0.0125,0.0,0.0016,-0.0125,1.3691,1.3,0.9495,1.0074,1.0,-0.752105,-75.211,model,history,6866.0,medium,monitor,no_action,,0.0,,,no_action,"history_resolver,no_xi_yet,fixture_t2",,odds_api_io,event_id=61526528;market=Anytime Goalscorer
2026-04-18T12:29:57Z,2026-04-18T12:29:26Z,2026-04-19,,Bet365,France - Ligue 1,AS Monaco,AJ Auxerre,0,6420,Romain Faivre,Romain Faivre,Auxerre,AS Monaco,AMR,AMR,7.0,0.142857,0.035321,28.3114,0.036,1.0853,0.0309,0.0335,0.0024,0.0676,0,0.0455,0.0455,1.91,recent_long,1.0,7.0,0.1429,0.0,0.0,,,0,none,0.0,0.0,0.0011,0,,,unknown,unknown,none,none,,T2,1.0,no_lineup_payload,48.2,FWR,5,0.6,5,,,,,0,48.2,8,0.4151,0.0,0.108,-0.4151,1.6383,1.3,0.7935,0.9687,1.0,-0.75275,-75.275,model,history,2698.0,medium,monitor,no_action,,0.0,,,no_action,"history_resolver,no_xi_yet,fixture_t2",,odds_api_io,event_id=61526526;market=Anytime Goalscorer
2026-04-18T12:29:57Z,2026-04-18T12:29:26Z,2026-04-19,,Bet365,France - Ligue 1,FC Nantes,Stade Brest 29,0,14052,Pathe Mboup,Pathe Mboup,Brest,FC Nantes,Sub,Sub,4.75,0.210526,0.049164,20.34,0.0504,1.1287,0.0447,0.0504,0.0,0.0,0,0.0,0.0,3.28,recent_long,0.0,8.0,0.0,0.0,0.0,,,0,none,0.0,0.0,0.0,0,,,unknown,unknown,none,none,,T2,1.0,no_lineup_payload,32.9,,,0.0,0,,,,,0,32.9,8,1.1576,0.0,0.7953,-1.1576,1.3691,1.3,0.9495,1.0074,1.0,-0.766469,-76.647,model,history,920.0,medium,monitor,no_action,,0.0,,,no_action,"history_resolver,no_xi_yet,fixture_t2",,odds_api_io,event_id=61526528;market=Anytime Goalscorer
2026-04-18T12:29:57Z,2026-04-18T12:29:26Z,2026-04-19,,Bet365,France - Ligue 1,FC Metz,Paris FC,0,5619,Pierre Lees-Melou,Pierre Lees-Melou,Paris FC,FC Metz,M S,M S,4.333,0.230787,0.05256,19.0259,0.054,1.1788,0.0458,0.054,0.0,0.0,0,0.0,0.0,1.55,recent_long,0.0,7.0,0.0,0.0,0.0,,,0,none,0.0,0.0,0.0,0,,,unknown,unknown,none,none,,T2,1.0,no_lineup_payload,82.9,MC,3,0.7,10,,,,,0,82.9,8,0.4785,1.0,0.0604,0.5215,1.6002,1.3,0.8124,1.0521,1.0,-0.772258,-77.226,model,live_roster,4046.0,medium,monitor,no_action,,0.0,,,no_action,"live_roster_resolver,fixture_t2",,odds_api_io,event_id=61526520;market=Anytime Goalscorer
2026-04-18T12:29:57Z,2026-04-18T12:29:26Z,2026-04-19,,Bet365,France - Ligue 1,FC Metz,Paris FC,0,3772,Julien Lopez,Julien Lopez,Paris FC,FC Metz,DMC,DMC,4.333,0.230787,0.051808,19.3021,0.0532,1.1788,0.0451,0.0532,0.0,0.0,0,0.0,0.0,2.11,recent_long,0.0,4.0,0.0,0.0,0.0,,,0,none,0.0,0.0,0.0,0,,,unknown,unknown,none,none,,T2,1.0,no_lineup_payload,78.8,MC,3,0.7778,9,,,,,0,78.8,8,0.7232,0.0,0.113,-0.7232,1.3205,1.3,0.9845,1.0521,1.0,-0.775517,-77.552,model,history,1836.0,medium,monitor,no_action,,0.0,,,no_action,"history_resolver,no_xi_yet,fixture_t2",,odds_api_io,event_id=61526520;market=Anytime Goalscorer
2026-04-18T12:29:57Z,2026-04-18T12:29:26Z,2026-04-19,,Bet365,France - Ligue 1,Paris Saint-Germain,Olympique Lyon,1,3297,Marquinhos,Marquinhos,Paris Saint Germain,Olympique Lyon,DC,DC,6.5,0.153846,0.032097,31.1558,0.0326,2.2218,0.0147,0.0326,0.0,0.0,0,0.0,0.0,1.81,recent_long,0.0,11.0,0.0,0.0,0.0,,,0,none,0.0,0.0,0.0,0,,,unknown,unknown,none,none,,T2,1.0,no_lineup_payload,73.5,DC,1,0.8571,7,,,,,0,73.5,8,0.0274,0.0,0.0043,-0.0274,1.343,1.3,0.968,1.7002,1.0,-0.791371,-79.137,model,history,4037.0,medium,monitor,no_action,,0.0,,,no_action,"history_resolver,no_xi_yet,fixture_t2",,odds_api_io,event_id=61526532;market=Anytime Goalscorer
2026-04-18T12:29:57Z,2026-04-18T12:29:26Z,2026-04-19,,Bet365,France - Ligue 1,AS Monaco,AJ Auxerre,0,10818,Kevin Danois,Kevin Danois,Auxerre,AS Monaco,DMC,DMC,7.0,0.142857,0.027601,36.2307,0.028,1.0853,0.0258,0.028,0.0,0.0,0,0.0,0.0,1.97,recent_long,0.0,9.0,0.0,0.0,0.0,,,0,none,0.0,0.0,0.0,0,,,unknown,unknown,none,none,,T2,1.0,no_lineup_payload,89.3,MC,3,0.9,10,,,,,0,89.3,8,0.2252,1.0,0.0282,0.7748,1.6383,1.3,0.7935,0.9687,1.0,-0.806794,-80.679,model,history,3779.0,medium,monitor,no_action,,0.0,,,no_action,"history_resolver,no_xi_yet,fixture_t2",,odds_api_io,event_id=61526526;market=Anytime Goalscorer
2026-04-18T12:29:57Z,2026-04-18T12:29:26Z,2026-04-19,,Bet365,France - Ligue 1,FC Metz,Paris FC,0,1209,Ciro Immobile,Ciro Immobile,Paris FC,FC Metz,FW,FW,2.1,0.47619,0.08879,11.2626,0.093,1.1788,0.0789,0.093,0.0,0.0,0,0.0,0.0,0.0,none,0.0,0.0,0.0,0.0,0.0,,,0,none,0.0,0.0,0.0,0,,,unknown,unknown,none,none,,T2,1.0,no_lineup_payload,68.8,FW,5,1.0,7,,,,,0,68.8,8,1.5836,2.0,0.2577,0.4164,1.511,1.3,0.8603,1.0521,1.0,-0.813542,-81.354,model,history,553.0,medium,monitor,no_action,,0.0,,,no_action,"history_resolver,no_xi_yet,fixture_t2",,odds_api_io,event_id=61526520;market=Anytime Goalscorer
2026-04-18T12:29:57Z,2026-04-18T12:29:26Z,2026-04-19,,Bet365,France - Ligue 1,FC Metz,Paris FC,0,10169,Diego Coppola,Diego Coppola,Paris FC,FC Metz,DC,DC,11.0,0.090909,0.016943,59.0208,0.0171,1.1788,0.0145,0.0171,0.0,0.0,0,0.0,0.0,0.0,none,0.0,0.0,0.0,0.0,0.0,,,0,none,0.0,0.0,0.0,0,,,unknown,unknown,none,none,,T2,1.0,no_lineup_payload,90.0,DC,1,1.0,8,,,,,0,90.0,8,0.23,0.0,0.0287,-0.23,1.5301,1.3,0.8496,1.0521,1.0,-0.813625,-81.362,model,history,720.0,medium,monitor,no_action,,0.0,,,no_action,"history_resolver,no_xi_yet,fixture_t2",,odds_api_io,event_id=61526520;market=Anytime Goalscorer
2026-04-18T12:29:57Z,2026-04-18T12:29:26Z,2026-04-19,,Bet365,France - Ligue 1,FC Nantes,Stade Brest 29,0,11061,Junior Diaz,Junior Diaz,Brest,FC Nantes,DC,DC,13.0,0.076923,0.013675,73.1262,0.0138,1.1287,0.0122,0.0138,0.0,0.0,0,0.0,0.0,2.62,recent_long,0.0,5.0,0.0,0.0,0.0,,,0,none,0.0,0.0,0.0,0,,,unknown,unknown,none,none,,T2,1.0,no_lineup_payload,84.6,DC,1,1.0,9,,,,,0,84.6,8,0.1587,0.0,0.0201,-0.1587,1.3691,1.3,0.9495,1.0074,1.0,-0.822225,-82.222,model,history,1366.0,medium,monitor,no_action,,0.0,,,no_action,"history_resolver,no_xi_yet,fixture_t2",,odds_api_io,event_id=61526528;market=Anytime Goalscorer
2026-04-18T12:29:57Z,2026-04-18T12:29:26Z,2026-04-19,,Bet365,France - Ligue 1,FC Metz,Paris FC,0,3239,Hamari Traore,Hamari Traore,Paris FC,FC Metz,Sub,Sub,15.0,0.066667,0.011492,87.0177,0.0116,1.1788,0.0098,0.0116,0.0,0.0,0,0.0,0.0,1.2,recent_long,0.0,2.0,0.0,0.0,0.0,,,0,none,0.0,0.0,0.0,0,,,unknown,unknown,none,none,,T2,1.0,no_lineup_payload,67.3,DR,1,1.0,8,,,,,0,67.3,8,0.021,0.0,0.0035,-0.021,1.5649,1.3,0.8307,1.0521,1.0,-0.827621,-82.762,model,history,915.0,medium,monitor,no_action,,0.0,,,no_action,"history_resolver,no_xi_yet,fixture_t2",,odds_api_io,event_id=61526520;market=Anytime Goalscorer
2026-04-18T12:29:57Z,2026-04-18T12:29:26Z,2026-04-19,,Bet365,France - Ligue 1,Paris Saint-Germain,Olympique Lyon,1,11486,Illia Zabarnyi,Illia Zabarnyi,Paris Saint Germain,Olympique Lyon,DC,DC,10.0,0.1,0.017235,58.0227,0.0174,2.2218,0.0078,0.0174,0.0,0.0,0,0.0,0.0,2.75,recent_long,0.0,5.0,0.0,0.0,0.0,,,0,none,0.0,0.0,0.0,0,,,unknown,unknown,none,none,,T2,1.0,no_lineup_payload,86.1,DC,1,1.0,9,,,,,0,86.1,8,0.2186,0.0,0.0292,-0.2186,1.3873,1.3,0.9371,1.7002,1.0,-0.827654,-82.765,model,history,1847.0,medium,monitor,no_action,,0.0,,,no_action,"history_resolver,no_xi_yet,fixture_t2",,odds_api_io,event_id=61526532;market=Anytime Goalscorer
2026-04-18T12:29:57Z,2026-04-18T12:29:26Z,2026-04-19,,Bet365,France - Ligue 1,AS Monaco,AJ Auxerre,0,11789,Josue Casimir,Josue Casimir,Auxerre,AS Monaco,Sub,Sub,6.0,0.166667,0.028534,35.0454,0.0289,1.0853,0.023,0.025,0.004,0.1366,0,0.0867,0.0218,2.93,recent_long,1.0,21.0,0.0476,0.0,0.0,,,1,secondary,0.15,3.0,0.0033,0,,,unknown,unknown,none,none,,T2,1.0,no_lineup_payload,41.1,MR,3,0.75,4,,,,,0,41.1,8,0.7641,1.0,0.1786,0.2359,1.6383,1.3,0.7935,0.9687,1.0,-0.828794,-82.879,model,history,5528.0,medium,monitor,no_action,,0.0,,,no_action,"history_resolver,no_xi_yet,fixture_t2",,odds_api_io,event_id=61526526;market=Anytime Goalscorer
2026-04-18T12:29:57Z,2026-04-18T12:29:26Z,2026-04-19,,Bet365,France - Ligue 1,Paris Saint-Germain,Olympique Lyon,1,7313,Kang-In Lee,Kang-In Lee,Paris Saint Germain,Olympique Lyon,FWR,FWR,2.75,0.363636,0.062058,16.1138,0.0641,2.2218,0.0288,0.0641,0.0,0.0,0,0.0,0.0,2.93,recent_long,0.0,15.0,0.0,0.0,0.0,,,0,none,0.0,0.0,0.0,0,,,unknown,unknown,none,none,,T2,1.0,no_lineup_payload,54.8,FWR,5,0.5,6,,,,,0,54.8,8,0.7382,1.0,0.1882,0.2618,1.3873,1.3,0.9371,1.7002,1.0,-0.829339,-82.934,model,history,4379.0,medium,monitor,no_action,,0.0,,,no_action,"history_resolver,no_xi_yet,fixture_t2",,odds_api_io,event_id=61526532;market=Anytime Goalscorer
2026-04-18T12:29:57Z,2026-04-18T12:29:26Z,2026-04-19,,Bet365,France - Ligue 1,Paris Saint-Germain,Olympique Lyon,1,11910,Willian Pacho,Willian Pacho,Paris Saint Germain,Olympique Lyon,DC,DC,6.5,0.153846,0.026029,38.4181,0.0264,2.2218,0.0119,0.0264,0.0,0.0,0,0.0,0.0,3.89,recent_long,0.0,12.0,0.0,0.0,0.0,,,0,none,0.0,0.0,0.0,0,,,unknown,unknown,none,none,,T2,1.0,no_lineup_payload,86.8,DC,1,1.0,10,,,,,0,86.8,8,0.2362,0.0,0.0295,-0.2362,1.3873,1.3,0.9371,1.7002,1.0,-0.830809,-83.081,model,history,3767.0,medium,monitor,no_action,,0.0,,,no_action,"history_resolver,no_xi_yet,fixture_t2",,odds_api_io,event_id=61526532;market=Anytime Goalscorer
2026-04-18T12:29:57Z,2026-04-18T12:29:26Z,2026-04-19,,Bet365,France - Ligue 1,FC Metz,Paris FC,0,7169,Moses Simon,Moses Simon,Paris FC,FC Metz,AML,AML,3.6,0.277778,0.042397,23.5864,0.0433,1.1788,0.0335,0.0395,0.0038,0.0885,0,0.0481,0.0481,1.88,recent_long,5.0,11.0,0.4545,0.0,0.0,,,0,none,0.0,0.0,0.0017,0,,,unknown,unknown,none,none,,T2,1.0,no_lineup_payload,67.8,FWL,5,0.375,8,,,,,0,67.8,8,0.4239,0.0,0.0744,-0.4239,1.5301,1.3,0.8496,1.0521,1.0,-0.84737,-84.737,model,history,6296.0,medium,monitor,no_action,,0.0,,,no_action,"history_resolver,no_xi_yet,fixture_t2",,odds_api_io,event_id=61526520;market=Anytime Goalscorer
2026-04-18T12:29:57Z,2026-04-18T12:29:26Z,2026-04-19,,Bet365,France - Ligue 1,AS Monaco,AJ Auxerre,0,13407,Fredrik Oppegard,Fredrik Oppegard,Auxerre,AS Monaco,AML,AML,10.0,0.1,0.015164,65.9448,0.0153,1.0853,0.0141,0.0153,0.0,0.0,0,0.0,0.0,2.39,recent_long,0.0,6.0,0.0,0.0,0.0,,,0,none,0.0,0.0,0.0,0,,,unknown,unknown,none,none,,T2,1.0,no_lineup_payload,59.9,DL,1,0.5,8,,,,,0,59.9,8,0.3027,0.0,0.0546,-0.3027,1.6383,1.3,0.7935,0.9687,1.0,-0.848358,-84.836,model,history,1301.0,medium,monitor,no_action,,0.0,,,no_action,"history_resolver,no_xi_yet,fixture_t2",,odds_api_io,event_id=61526526;market=Anytime Goalscorer
2026-04-18T12:29:57Z,2026-04-18T12:29:26Z,2026-04-19,,Bet365,France - Ligue 1,Paris Saint-Germain,Olympique Lyon,1,12733,Ibrahim Mbaye,Ibrahim Mbaye,Paris Saint Germain,Olympique Lyon,Sub,Sub,2.2,0.454545,0.067976,14.7111,0.0704,2.2218,0.0317,0.0704,0.0,0.0,0,0.0,0.0,4.29,recent_long,0.0,9.0,0.0,0.0,0.0,,,0,none,0.0,0.0,0.0,0,,,unknown,unknown,none,none,,T2,1.0,no_lineup_payload,43.7,FWL,5,0.5,4,,,,,0,43.7,8,1.2109,1.0,0.3758,-0.2109,1.7462,1.3,0.7445,1.7002,1.0,-0.850453,-85.045,model,history,1153.0,medium,monitor,no_action,,0.0,,,no_action,"history_resolver,no_xi_yet,fixture_t2",,odds_api_io,event_id=61526532;market=Anytime Goalscorer
2026-04-18T12:29:57Z,2026-04-18T12:29:26Z,2026-04-19,,Bet365,France - Ligue 1,FC Metz,Paris FC,0,13805,Adama Camara,Adama Camara,Paris FC,FC Metz,DR,DR,5.0,0.2,0.029125,34.3352,0.0296,1.1788,0.0251,0.0296,0.0,0.0,0,0.0,0.0,2.17,recent_long,0.0,5.0,0.0,0.0,0.0,,,0,none,0.0,0.0,0.0,0,,,unknown,unknown,none,none,,T2,1.0,no_lineup_payload,82.9,DR,1,0.6,10,,,,,0,82.9,8,0.043,0.0,0.0061,-0.043,1.5301,1.3,0.8496,1.0521,1.0,-0.854377,-85.438,model,history,1999.0,medium,monitor,no_action,,0.0,,,no_action,"history_resolver,no_xi_yet,fixture_t2",,odds_api_io,event_id=61526520;market=Anytime Goalscorer
2026-04-18T12:29:57Z,2026-04-18T12:29:26Z,2026-04-19,,Bet365,France - Ligue 1,FC Metz,Paris FC,0,13801,Alimani Gory,Alimani Gory,Paris FC,FC Metz,Sub,Sub,4.0,0.25,0.036292,27.5539,0.037,1.1788,0.0314,0.037,0.0,0.0,0,0.0,0.0,1.66,recent_long,0.0,3.0,0.0,0.0,0.0,,,0,none,0.0,0.0,0.0,0,,,unknown,unknown,none,none,,T2,1.0,no_lineup_payload,37.8,DR,1,0.6,5,,,,,0,37.8,8,0.7267,1.0,0.2224,0.2733,1.5301,1.3,0.8496,1.0521,1.0,-0.85483,-85.483,model,history,746.0,medium,monitor,no_action,,0.0,,,no_action,"history_resolver,no_xi_yet,fixture_t2",,odds_api_io,event_id=61526520;market=Anytime Goalscorer
2026-04-18T12:29:57Z,2026-04-18T12:29:26Z,2026-04-19,,Bet365,France - Ligue 1,Paris Saint-Germain,Olympique Lyon,1,11767,Goncalo Ramos,Goncalo Ramos,Paris Saint Germain,Olympique Lyon,Sub,Sub,1.833,0.545554,0.074731,13.3814,0.0777,2.2218,0.0331,0.0735,0.0042,0.0537,0,0.1041,0.1041,2.59,recent_long,5.0,19.0,0.2632,0.0,0.0,,,0,none,0.0,0.0,0.0015,0,,,unknown,unknown,none,none,,T2,1.0,no_lineup_payload,26.6,FW,5,1.0,3,,,,,0,26.6,8,2.0627,2.0,0.8634,-0.0627,1.3873,1.3,0.9371,1.7002,1.0,-0.863019,-86.302,model,history,3483.0,medium,monitor,no_action,,0.0,,,no_action,"history_resolver,no_xi_yet,fixture_t2",,odds_api_io,event_id=61526532;market=Anytime Goalscorer
2026-04-18T12:29:57Z,2026-04-18T12:29:26Z,2026-04-19,,Bet365,France - Ligue 1,FC Nantes,Stade Brest 29,0,7736,Brendan Chardonnet,Brendan Chardonnet,Brest,FC Nantes,DC,DC,11.0,0.090909,0.012411,80.5754,0.0125,1.1287,0.0111,0.0125,0.0,0.0,0,0.0,0.0,2.96,recent_long,0.0,20.0,0.0,0.0,0.0,,,0,none,0.0,0.0,0.0,0,,,unknown,unknown,none,none,,T2,1.0,no_lineup_payload,88.2,DC,1,1.0,10,,,,,0,88.2,8,0.1329,0.0,0.0166,-0.1329,1.5448,1.3,0.8415,1.0074,1.0,-0.863482,-86.348,model,history,7587.0,medium,monitor,no_action,,0.0,,,no_action,"history_resolver,no_xi_yet,fixture_t2",,odds_api_io,event_id=61526528;market=Anytime Goalscorer
2026-04-18T12:29:57Z,2026-04-18T12:29:26Z,2026-04-19,,Bet365,France - Ligue 1,FC Metz,Paris FC,0,10620,Luca Koleosho,Luca Koleosho,Paris FC,FC Metz,Sub,Sub,4.5,0.222222,0.028451,35.148,0.0289,1.1788,0.0245,0.0289,0.0,0.0,0,0.0,0.0,0.61,recent_long,0.0,1.0,0.0,0.0,0.0,,,0,none,0.0,0.0,0.0,0,,,unknown,unknown,none,none,,T2,1.0,no_lineup_payload,24.2,AMC,4,1.0,1,,,,,0,24.2,8,1.1472,1.0,0.5036,-0.1472,1.5301,1.3,0.8496,1.0521,1.0,-0.87197,-87.197,model,history,275.0,low,suppress,no_action,,0.0,,,no_action,"history_lt_500,fixture_t2",,odds_api_io,event_id=61526520;market=Anytime Goalscorer
2026-04-18T12:29:57Z,2026-04-18T12:29:26Z,2026-04-19,,Bet365,France - Ligue 1,Paris Saint-Germain,Olympique Lyon,1,12346,Lucas Beraldo,Lucas Beraldo,Paris Saint Germain,Olympique Lyon,MC,MC,8.0,0.125,0.015993,62.5288,0.0161,2.2218,0.0073,0.0161,0.0,0.0,0,0.0,0.0,4.35,recent_long,0.0,14.0,0.0,0.0,0.0,,,0,none,0.0,0.0,0.0,0,,,unknown,unknown,none,none,,T2,1.0,no_lineup_payload,70.1,DC,1,0.875,8,,,,,0,70.1,8,0.0476,0.0,0.0083,-0.0476,1.5689,1.3,0.8286,1.7002,1.0,-0.872059,-87.206,model,history,3978.0,medium,monitor,no_action,,0.0,,,no_action,"history_resolver,no_xi_yet,fixture_t2",,odds_api_io,event_id=61526532;market=Anytime Goalscorer
2026-04-18T12:29:57Z,2026-04-18T12:29:26Z,2026-04-19,,Bet365,France - Ligue 1,FC Metz,Paris FC,0,5696,Vincent Marchetti,Vincent Marchetti,Paris FC,FC Metz,Sub,Sub,5.0,0.2,0.023668,42.2517,0.024,1.1788,0.0203,0.024,0.0,0.0,0,0.0,0.0,1.63,recent_long,0.0,3.0,0.0,0.0,0.0,,,0,none,0.0,0.0,0.0,0,,,unknown,unknown,none,none,,T2,1.0,no_lineup_payload,31.1,MC,3,1.0,4,,,,,0,31.1,8,0.1474,0.0,0.0733,-0.1474,1.4545,1.3,0.8938,1.0521,1.0,-0.881661,-88.166,model,history,751.0,medium,monitor,no_action,,0.0,,,no_action,"history_resolver,no_xi_yet,fixture_t2",,odds_api_io,event_id=61526520;market=Anytime Goalscorer
2026-04-18T12:29:57Z,2026-04-18T12:29:26Z,2026-04-19,,Bet365,France - Ligue 1,FC Metz,Paris FC,0,6332,Willem Geubbels,Willem Geubbels,Paris FC,FC Metz,Sub,Sub,2.875,0.347826,0.04105,24.3603,0.0419,1.1788,0.0301,0.0355,0.0064,0.153,0,0.1648,0.2719,2.94,recent_long,1.0,5.0,0.2,0.0,0.0,,,1,tertiary,0.06,3.0,0.0,0,,,unknown,unknown,none,none,,T2,1.0,no_lineup_payload,33.1,FW,5,1.0,3,,,,,0,33.1,8,0.5124,0.0,0.1898,-0.5124,1.3782,1.3,0.9432,1.0521,1.0,-0.88198,-88.198,model,history,797.0,medium,monitor,no_action,,0.0,,,no_action,"history_resolver,no_xi_yet,fixture_t2",,odds_api_io,event_id=61526520;market=Anytime Goalscorer
2026-04-18T12:29:57Z,2026-04-18T12:29:26Z,2026-04-19,,Bet365,France - Ligue 1,FC Nantes,Stade Brest 29,0,12258,Luc Zogbe,Luc Zogbe,Brest,FC Nantes,Sub,Sub,17.0,0.058824,0.006777,99.0,0.0068,1.1287,0.006,0.0068,0.0,0.0,0,0.0,0.0,3.1,recent_long,0.0,6.0,0.0,0.0,0.0,,,0,none,0.0,0.0,0.0,0,,,unknown,unknown,none,none,,T2,1.0,no_lineup_payload,38.3,DL,1,0.6667,3,,,,,0,38.3,8,0.1049,0.0,0.0638,-0.1049,1.5331,1.3,0.848,1.0074,1.0,-0.884799,-88.48,model,history,716.0,medium,monitor,no_action,,0.0,,,no_action,"history_resolver,no_xi_yet,fixture_t2",,odds_api_io,event_id=61526528;market=Anytime Goalscorer
2026-04-18T12:29:57Z,2026-04-18T12:29:26Z,2026-04-19,,Bet365,France - Ligue 1,FC Metz,Paris FC,0,8690,Jean-Philippe Krasso,Jean-Philippe Krasso,Paris FC,FC Metz,Sub,Sub,2.1,0.47619,0.05149,19.4211,0.0529,1.1788,0.04,0.0472,0.0057,0.1074,0,0.114,0.0526,1.76,recent_long,1.0,4.0,0.25,0.0,0.0,,,1,secondary,0.15,3.0,0.0043,0,,,unknown,unknown,none,none,,T2,1.0,no_lineup_payload,42.4,FW,5,1.0,4,,,,,0,42.4,8,0.885,0.0,0.2918,-0.885,1.4777,1.3,0.8798,1.0521,1.0,-0.89187,-89.187,model,history,1082.0,medium,monitor,no_action,,0.0,,,no_action,"history_resolver,no_xi_yet,fixture_t2",,odds_api_io,event_id=61526520;market=Anytime Goalscorer
2026-04-18T12:29:57Z,2026-04-18T12:29:26Z,2026-04-19,,Bet365,France - Ligue 1,FC Metz,Paris FC,0,3239,Boubacar Traore,Boubacar Traore,Paris FC,FC Metz,Sub,Sub,8.5,0.117647,0.011492,87.0177,0.0116,1.1788,0.0098,0.0116,0.0,0.0,0,0.0,0.0,1.2,recent_long,0.0,2.0,0.0,0.0,0.0,,,0,none,0.0,0.0,0.0,0,,,unknown,unknown,none,none,,T2,1.0,no_lineup_payload,67.3,DR,1,1.0,8,,,,,0,67.3,8,0.021,0.0,0.0035,-0.021,1.5649,1.3,0.8307,1.0521,1.0,-0.902319,-90.232,model,history,915.0,medium,monitor,no_action,,0.0,,,no_action,"history_resolver,no_xi_yet,fixture_t2",,odds_api_io,event_id=61526520;market=Anytime Goalscorer
2026-04-18T12:29:57Z,2026-04-18T12:29:26Z,2026-04-19,,Bet365,France - Ligue 1,Paris Saint-Germain,Olympique Lyon,1,8777,Vitinha,Vitinha,Paris Saint Germain,Olympique Lyon,Sub,Sub,3.6,0.277778,0.025443,39.3029,0.0258,2.2218,0.0076,0.0168,0.0089,0.3472,0,0.0772,0.0,2.83,recent_long,2.0,20.0,0.1,0.0,0.0,,,1,secondary,0.15,3.0,0.0089,0,,,unknown,unknown,none,none,,T2,1.0,no_lineup_payload,77.1,MC,3,1.0,8,,,,,0,77.1,8,0.1213,0.0,0.0187,-0.1213,1.3873,1.3,0.9371,1.7002,1.0,-0.908404,-90.84,model,history,6120.0,medium,monitor,no_action,,0.0,,,no_action,"history_resolver,no_xi_yet,fixture_t2",,odds_api_io,event_id=61526532;market=Anytime Goalscorer
2026-04-18T12:29:57Z,2026-04-18T12:29:26Z,2026-04-19,,Bet365,France - Ligue 1,Paris Saint-Germain,Olympique Lyon,1,13749,Dro Fernandez,Dro Fernandez,Paris Saint Germain,Olympique Lyon,Sub,Sub,3.0,0.333333,0.030276,33.0294,0.0307,2.2218,0.0138,0.0307,0.0,0.0,0,0.0,0.0,1.88,recent_long,0.0,2.0,0.0,0.0,0.0,,,0,none,0.0,0.0,0.0,0,,,unknown,unknown,none,none,,T2,1.0,no_lineup_payload,39.9,MC,3,1.0,3,,,,,0,39.9,6,0.8377,1.0,0.3194,0.1623,1.5646,1.3,0.8309,1.7002,1.0,-0.909172,-90.917,model,history,236.0,low,suppress,no_action,,0.0,,,no_action,"history_lt_500,fixture_t2",,odds_api_io,event_id=61526532;market=Anytime Goalscorer
2026-04-18T12:29:57Z,2026-04-18T12:29:26Z,2026-04-19,,Bet365,France - Ligue 1,AS Monaco,AJ Auxerre,0,8970,Sekou Mara,Sekou Mara,Auxerre,AS Monaco,Sub,Sub,4.75,0.210526,0.017947,55.7198,0.0181,1.0853,0.0167,0.0181,0.0,0.0,0,0.0,0.0,1.98,recent_long,0.0,6.0,0.0,0.0,0.0,,,0,none,0.0,0.0,0.0,0,,,unknown,unknown,none,none,,T2,1.0,no_lineup_payload,35.1,FW,5,1.0,4,,,,,0,35.1,8,0.3412,0.0,0.1442,-0.3412,1.6443,1.3,0.7906,0.9687,1.0,-0.914752,-91.475,model,history,1672.0,medium,monitor,no_action,,0.0,,,no_action,"history_resolver,no_xi_yet,fixture_t2",,odds_api_io,event_id=61526526;market=Anytime Goalscorer
2026-04-18T12:29:57Z,2026-04-18T12:29:26Z,2026-04-19,,Bet365,France - Ligue 1,FC Metz,Paris FC,0,13871,Otavio da Silva,Otavio da Silva,Paris FC,FC Metz,Sub,Sub,12.0,0.083333,0.006735,99.0,0.0068,1.1788,0.0057,0.0068,0.0,0.0,0,0.0,0.0,2.63,recent_long,0.0,5.0,0.0,0.0,0.0,,,0,none,0.0,0.0,0.0,0,,,unknown,unknown,none,none,,T2,1.0,no_lineup_payload,78.3,DC,1,1.0,9,,,,,0,78.3,8,0.0658,0.0,0.0096,-0.0658,1.3858,1.3,0.9381,1.0521,1.0,-0.919176,-91.918,model,history,1732.0,medium,monitor,no_action,,0.0,,,no_action,"history_resolver,no_xi_yet,fixture_t2",,odds_api_io,event_id=61526520;market=Anytime Goalscorer
2026-04-18T12:29:57Z,2026-04-18T12:29:26Z,2026-04-19,,Bet365,France - Ligue 1,FC Metz,Paris FC,0,10270,Lohann Doucet,Lohann Doucet,Paris FC,FC Metz,Sub,Sub,6.5,0.153846,0.011532,86.7145,0.0116,1.1788,0.0098,0.0116,0.0,0.0,0,0.0,0.0,1.0,recent_long,0.0,1.0,0.0,0.0,0.0,,,0,none,0.0,0.0,0.0,0,,,unknown,unknown,none,none,,T2,1.0,no_lineup_payload,21.7,MC,3,1.0,1,,,,,0,21.7,5,0.6115,1.0,0.4828,0.3885,1.4243,1.3,0.9127,1.0521,1.0,-0.925041,-92.504,model,history,114.0,low,suppress,no_action,,0.0,,,no_action,"history_lt_500,fixture_t2",,odds_api_io,event_id=61526520;market=Anytime Goalscorer
2026-04-18T12:29:57Z,2026-04-18T12:29:26Z,2026-04-19,,Bet365,France - Ligue 1,FC Nantes,Stade Brest 29,0,5742,Hugo Magnetti,Hugo Magnetti,Brest,FC Nantes,DMC,DMC,8.5,0.117647,0.008236,99.0,0.0083,1.1287,0.0073,0.0083,0.0,0.0,0,0.0,0.0,2.78,recent_long,0.0,18.0,0.0,0.0,0.0,,,0,none,0.0,0.0,0.0,0,,,unknown,unknown,none,none,,T2,1.0,no_lineup_payload,88.1,DMC,2,1.0,10,,,,,0,88.1,8,0.047,0.0,0.0059,-0.047,1.3691,1.3,0.9495,1.0074,1.0,-0.929998,-93.0,model,history,7023.0,medium,monitor,no_action,,0.0,,,no_action,"history_resolver,no_xi_yet,fixture_t2",,odds_api_io,event_id=61526528;market=Anytime Goalscorer
2026-04-18T12:29:57Z,2026-04-18T12:29:26Z,2026-04-19,,Bet365,France - Ligue 1,Paris Saint-Germain,Olympique Lyon,1,2276,Lucas Hernandez,Lucas Hernandez,Paris Saint Germain,Olympique Lyon,DL,DL,6.5,0.153846,0.010509,95.1521,0.0106,2.2218,0.0048,0.0106,0.0,0.0,0,0.0,0.0,3.05,recent_long,0.0,16.0,0.0,0.0,0.0,,,0,none,0.0,0.0,0.0,0,,,unknown,unknown,none,none,,T2,1.0,no_lineup_payload,68.9,DL,1,1.0,7,,,,,0,68.9,8,0.1269,0.0,0.0241,-0.1269,1.4802,1.3,0.8782,1.7002,1.0,-0.931688,-93.169,model,history,4146.0,medium,monitor,no_action,,0.0,,,no_action,"history_resolver,no_xi_yet,fixture_t2",,odds_api_io,event_id=61526532;market=Anytime Goalscorer
2026-04-18T12:29:57Z,2026-04-18T12:29:26Z,2026-04-19,,Bet365,France - Ligue 1,AS Monaco,AJ Auxerre,0,12824,Clement Akpa,Clement Akpa,Auxerre,AS Monaco,Sub,Sub,15.0,0.066667,0.004368,99.0,0.0044,1.0853,0.004,0.0044,0.0,0.0,0,0.0,0.0,2.56,recent_long,0.0,10.0,0.0,0.0,0.0,,,0,none,0.0,0.0,0.0,0,,,unknown,unknown,none,none,,T2,1.0,no_lineup_payload,76.6,DC,1,0.7778,9,,,,,0,76.6,8,0.0436,0.0,0.0066,-0.0436,1.6043,1.3,0.8103,0.9687,1.0,-0.934486,-93.449,model,history,4332.0,medium,monitor,no_action,,0.0,,,no_action,"history_resolver,no_xi_yet,fixture_t2",,odds_api_io,event_id=61526526;market=Anytime Goalscorer
2026-04-18T12:29:57Z,2026-04-18T12:29:26Z,2026-04-19,,Bet365,France - Ligue 1,FC Metz,Paris FC,0,3786,Mathieu Cafaro,Mathieu Cafaro,Paris FC,FC Metz,Sub,Sub,4.0,0.25,0.0154,64.9349,0.0155,1.1788,0.0132,0.0155,0.0,0.0,0,0.0,0.0,3.93,recent_long,0.0,6.0,0.0,0.0,0.0,,,0,none,0.0,0.0,0.0,0,,,unknown,unknown,none,none,,T2,1.0,no_lineup_payload,21.1,FWL,5,1.0,1,,,,,0,21.1,8,0.0758,0.0,0.0578,-0.0758,1.3175,1.3,0.9867,1.0521,1.0,-0.9384,-93.84,model,history,861.0,medium,monitor,no_action,,0.0,,,no_action,"history_resolver,no_xi_yet,fixture_t2",,odds_api_io,event_id=61526520;market=Anytime Goalscorer
2026-04-18T12:29:57Z,2026-04-18T12:29:26Z,2026-04-19,,Bet365,France - Ligue 1,FC Metz,Paris FC,0,8647,Thibault De Smet,Thibault De Smet,Paris FC,FC Metz,DL,DL,11.0,0.090909,0.005206,99.0,0.0052,1.1788,0.0044,0.0052,0.0,0.0,0,0.0,0.0,2.67,recent_long,0.0,7.0,0.0,0.0,0.0,,,0,none,0.0,0.0,0.0,0,,,unknown,unknown,none,none,,T2,1.0,no_lineup_payload,64.4,DL,1,1.0,7,,,,,0,64.4,8,0.0485,0.0,0.009,-0.0485,1.3194,1.3,0.9853,1.0521,1.0,-0.942735,-94.274,model,history,3096.0,medium,monitor,no_action,,0.0,,,no_action,"history_resolver,no_xi_yet,fixture_t2",,odds_api_io,event_id=61526520;market=Anytime Goalscorer
2026-04-18T12:29:57Z,2026-04-18T12:29:26Z,2026-04-19,,Bet365,France - Ligue 1,AS Monaco,AJ Auxerre,0,9274,Naouirou Ahamada,Naouirou Ahamada,Auxerre,AS Monaco,Sub,Sub,7.0,0.142857,0.006978,99.0,0.007,1.0853,0.0065,0.007,0.0,0.0,0,0.0,0.0,0.0,none,0.0,0.0,0.0,0.0,0.0,,,0,none,0.0,0.0,0.0,0,,,unknown,unknown,none,none,,T2,1.0,no_lineup_payload,38.5,MC,3,0.8,5,,,,,0,38.5,8,0.1869,0.0,0.0568,-0.1869,1.477,1.3,0.8801,0.9687,1.0,-0.951152,-95.115,model,history,373.0,low,suppress,no_action,,0.0,,,no_action,"history_lt_500,fixture_t2",,odds_api_io,event_id=61526526;market=Anytime Goalscorer
2026-04-18T12:29:57Z,2026-04-18T12:29:26Z,2026-04-19,,Bet365,France - Ligue 1,FC Nantes,Stade Brest 29,0,5975,Kenny Lala,Kenny Lala,Brest,FC Nantes,DR,DR,6.5,0.153846,0.006072,99.0,0.0061,1.1287,0.0042,0.0047,0.0014,0.2308,0,0.0102,0.0102,3.16,recent_long,3.0,21.0,0.1429,0.0,0.0,,,0,none,0.0,0.0,0.0005,0,,,unknown,unknown,none,none,,T2,1.0,no_lineup_payload,89.7,DR,1,1.0,10,,,,,0,89.7,8,0.0502,0.0,0.0063,-0.0502,1.3691,1.3,0.9495,1.0074,1.0,-0.960534,-96.053,model,history,8069.0,medium,monitor,no_action,,0.0,,,no_action,"history_resolver,no_xi_yet,fixture_t2",,odds_api_io,event_id=61526528;market=Anytime Goalscorer
2026-04-18T12:29:57Z,2026-04-18T12:29:26Z,2026-04-19,,Bet365,France - Ligue 1,FC Metz,Paris FC,0,9563,Mamadou Mbow,Mamadou Mbow,Paris FC,FC Metz,DC,DC,8.0,0.125,0.004841,99.0,0.0049,1.1788,0.0041,0.0049,0.0,0.0,0,0.0,0.0,1.91,recent_long,0.0,5.0,0.0,0.0,0.0,,,0,none,0.0,0.0,0.0,0,,,unknown,unknown,none,none,,T2,1.0,no_lineup_payload,85.1,DC,1,1.0,9,,,,,0,85.1,8,0.069,0.0,0.0097,-0.069,1.5301,1.3,0.8496,1.0521,1.0,-0.961271,-96.127,model,history,2441.0,medium,monitor,no_action,,0.0,,,no_action,"history_resolver,no_xi_yet,fixture_t2",,odds_api_io,event_id=61526520;market=Anytime Goalscorer
2026-04-18T12:29:57Z,2026-04-18T12:29:26Z,2026-04-19,,Bet365,France - Ligue 1,AS Monaco,AJ Auxerre,0,9807,Gideon Mensah,Gideon Mensah,Auxerre,AS Monaco,DL,DL,26.0,0.038462,0.001,99.0,0.001,1.0853,0.0,0.0,0.0,0.0,0,0.0,0.0,2.41,recent_long,0.0,10.0,0.0,0.0,0.0,,,0,none,0.0,0.0,0.0,0,,,unknown,unknown,none,none,,T2,1.0,no_lineup_payload,72.6,DL,1,1.0,8,,,,,0,72.6,8,0.0,0.0,0.0,0.0,1.5442,1.3,0.8419,0.9687,1.0,-0.974013,-97.401,model,history,4115.0,medium,monitor,no_action,,0.0,,,no_action,"history_resolver,no_xi_yet,fixture_t2",,odds_api_io,event_id=61526526;market=Anytime Goalscorer
2026-04-18T12:29:57Z,2026-04-18T12:29:26Z,2026-04-19,,Bet365,France - Ligue 1,FC Nantes,Stade Brest 29,0,3743,Lucas Tousart,Lucas Tousart,Brest,FC Nantes,AMC,AMC,9.5,0.105263,0.002283,99.0,0.0023,1.1287,0.002,0.0023,0.0,0.0,0,0.0,0.0,2.05,recent_long,0.0,5.0,0.0,0.0,0.0,,,0,none,0.0,0.0,0.0,0,,,unknown,unknown,none,none,,T2,1.0,no_lineup_payload,22.6,AMC,4,1.0,3,,,,,0,22.6,8,0.0537,0.0,0.0329,-0.0537,1.4789,1.3,0.879,1.0074,1.0,-0.978307,-97.831,model,history,507.0,medium,monitor,no_action,,0.0,,,no_action,"history_resolver,no_xi_yet,fixture_t2",,odds_api_io,event_id=61526528;market=Anytime Goalscorer
2026-04-18T12:29:57Z,2026-04-18T12:29:26Z,2026-04-19,,Bet365,France - Ligue 1,AS Monaco,AJ Auxerre,0,6333,Elisha Owusu,Elisha Owusu,Auxerre,AS Monaco,DMC,DMC,10.0,0.1,0.001871,99.0,0.0019,1.0853,0.0017,0.0019,0.0,0.0,0,0.0,0.0,0.96,recent_long,0.0,6.0,0.0,0.0,0.0,,,0,none,0.0,0.0,0.0,0,,,unknown,unknown,none,none,,T2,1.0,no_lineup_payload,79.3,MC,3,0.8889,9,,,,,0,79.3,8,0.0268,0.0,0.0033,-0.0268,1.6383,1.3,0.7935,0.9687,1.0,-0.981288,-98.129,model,history,4210.0,medium,monitor,no_action,,0.0,,,no_action,"history_resolver,no_xi_yet,fixture_t2",,odds_api_io,event_id=61526526;market=Anytime Goalscorer
2026-04-18T12:29:57Z,2026-04-18T12:29:26Z,2026-04-19,,Bet365,France - Ligue 1,FC Metz,Paris FC,0,2063,Timothee Kolodziejczak,Timothee Kolodziejczak,Paris FC,FC Metz,DC,DC,8.5,0.117647,0.002024,99.0,0.002,1.1788,0.0017,0.002,0.0,0.0,0,0.0,0.0,1.62,recent_long,0.0,2.0,0.0,0.0,0.0,,,0,none,0.0,0.0,0.0,0,,,unknown,unknown,none,none,,T2,1.0,no_lineup_payload,64.8,DC,1,1.0,6,,,,,0,64.8,8,0.0428,0.0,0.0068,-0.0428,1.3147,1.3,0.9888,1.0521,1.0,-0.982796,-98.28,model,history,660.0,medium,monitor,no_action,,0.0,,,no_action,"history_resolver,no_xi_yet,fixture_t2",,odds_api_io,event_id=61526520;market=Anytime Goalscorer
2026-04-18T12:29:57Z,2026-04-18T12:29:26Z,2026-04-19,,Bet365,France - Ligue 1,AS Monaco,AJ Auxerre,0,12826,Lasso Coulibaly,Lasso Coulibaly,Auxerre,AS Monaco,Sub,Sub,4.75,0.210526,0.003425,99.0,0.0034,1.0853,0.0032,0.0034,0.0,0.0,0,0.0,0.0,1.84,recent_long,0.0,3.0,0.0,0.0,0.0,,,0,none,0.0,0.0,0.0,0,,,unknown,unknown,none,none,,T2,1.0,no_lineup_payload,18.2,MR,3,1.0,1,,,,,0,18.2,8,0.2644,0.0,0.1526,-0.2644,1.4822,1.3,0.8771,0.9687,1.0,-0.98373,-98.373,model,history,248.0,low,suppress,no_action,,0.0,,,no_action,"history_lt_500,fixture_t2",,odds_api_io,event_id=61526526;market=Anytime Goalscorer
2026-04-18T12:29:57Z,2026-04-18T12:29:26Z,2026-04-19,,Bet365,France - Ligue 1,AS Monaco,AJ Auxerre,0,12826,Mamadou Coulibaly,Mamadou Coulibaly,Auxerre,AS Monaco,Sub,Sub,4.0,0.25,0.003425,99.0,0.0034,1.0853,0.0032,0.0034,0.0,0.0,0,0.0,0.0,1.84,recent_long,0.0,3.0,0.0,0.0,0.0,,,0,none,0.0,0.0,0.0,0,,,unknown,unknown,none,none,,T2,1.0,no_lineup_payload,18.2,MR,3,1.0,1,,,,,0,18.2,8,0.2644,0.0,0.1526,-0.2644,1.4822,1.3,0.8771,0.9687,1.0,-0.986299,-98.63,model,history,248.0,low,suppress,no_action,,0.0,,,no_action,"history_lt_500,fixture_t2",,odds_api_io,event_id=61526526;market=Anytime Goalscorer
2026-04-18T12:29:57Z,2026-04-18T12:29:26Z,2026-04-19,,Bet365,France - Ligue 1,FC Nantes,Stade Brest 29,0,9659,Bradley Locko,Bradley Locko,Brest,FC Nantes,DL,DL,13.0,0.076923,0.00103,99.0,0.001,1.1287,0.0009,0.001,0.0,0.0,0,0.0,0.0,1.91,recent_long,0.0,8.0,0.0,0.0,0.0,,,0,none,0.0,0.0,0.0,0,,,unknown,unknown,none,none,,T2,1.0,no_lineup_payload,54.6,DL,1,1.0,5,,,,,0,54.6,8,0.0,0.0,0.0,0.0,1.5397,1.3,0.8443,1.0074,1.0,-0.986612,-98.661,model,history,4333.0,medium,monitor,no_action,,0.0,,,no_action,"history_resolver,no_xi_yet,fixture_t2",,odds_api_io,event_id=61526528;market=Anytime Goalscorer
2026-04-18T12:29:57Z,2026-04-18T12:29:26Z,2026-04-19,,Bet365,France - Ligue 1,AS Monaco,AJ Auxerre,0,13596,Telli Siwe,Telli Siwe,Auxerre,AS Monaco,DC,DC,12.0,0.083333,0.001113,99.0,0.0011,1.0853,0.001,0.0011,0.0,0.0,0,0.0,0.0,0.0,none,0.0,0.0,0.0,0.0,0.0,,,0,none,0.0,0.0,0.0,0,,,unknown,unknown,none,none,,T2,1.0,no_lineup_payload,75.8,DC,1,1.0,3,,,,,0,75.8,3,0.0186,0.0,0.0073,-0.0186,1.2663,1.3,1.0266,0.9687,1.0,-0.986647,-98.665,fallback,history,230.0,low,suppress,no_action,,0.0,,,no_action,"fallback_method,fixture_t2",,odds_api_io,event_id=61526526;market=Anytime Goalscorer
2026-04-18T12:29:57Z,2026-04-18T12:29:26Z,2026-04-19,,Bet365,France - Ligue 1,FC Nantes,Stade Brest 29,0,13388,Justin Bourgault,Justin Bourgault,Brest,FC Nantes,DL,DL,13.0,0.076923,0.001,99.0,0.001,1.1287,0.0,0.0,0.0,0.0,0,0.0,0.0,0.0,none,0.0,0.0,0.0,0.0,0.0,,,0,none,0.0,0.0,0.0,0,,,unknown,unknown,none,none,,T2,1.0,no_lineup_payload,62.0,DL,1,1.0,2,,,,,0,62.0,2,0.0509,1.0,0.0347,0.9491,1.5973,1.3,0.8139,1.0074,1.0,-0.987006,-98.701,fallback,history,132.0,low,suppress,no_action,,0.0,,,no_action,"fallback_method,fixture_t2,stale_history",,odds_api_io,event_id=61526528;market=Anytime Goalscorer
2026-04-18T12:29:57Z,2026-04-18T12:29:26Z,2026-04-19,,Bet365,France - Ligue 1,AS Monaco,AJ Auxerre,0,1326,Assane Diousse,Assane Diousse,Auxerre,AS Monaco,Sub,Sub,12.0,0.083333,0.001,99.0,0.001,1.0853,0.0008,0.0009,0.0,0.0,0,0.0,0.0,3.09,recent_long,0.0,6.0,0.0,0.0,0.0,,,0,none,0.0,0.0,0.0,0,,,unknown,unknown,none,none,,T2,1.0,no_lineup_payload,12.1,MC,3,1.0,1,,,,,0,12.1,8,0.0374,0.0,0.0659,-0.0374,1.5088,1.3,0.8616,0.9687,1.0,-0.988006,-98.801,model,history,832.0,medium,monitor,no_action,,0.0,,,no_action,"history_resolver,no_xi_yet,fixture_t2",,odds_api_io,event_id=61526526;market=Anytime Goalscorer
2026-04-18T12:29:57Z,2026-04-18T12:29:26Z,2026-04-19,,Bet365,France - Ligue 1,FC Nantes,Stade Brest 29,0,13283,Raphael Le Guen,Raphaël Le Guen,Brest,FC Nantes,S,S,11.0,0.090909,0.001,99.0,0.001,1.1287,0.0,0.0,0.0,0.0,0,0.0,0.0,0.0,none,0.0,0.0,0.0,0.0,0.0,,,0,none,0.0,0.0,0.0,0,,,unknown,unknown,none,none,,T2,1.0,no_lineup_payload,5.0,,,0.0,0,,,,,0,5.0,0,0.0,0.0,0.0,0.0,,1.3,,1.0074,1.0,-0.989005,-98.901,fallback,live_roster,0.0,low,suppress,no_action,,0.0,,,no_action,"fallback_method,fixture_t2",,odds_api_io,event_id=61526528;market=Anytime Goalscorer
2026-04-18T12:29:57Z,2026-04-18T12:29:26Z,2026-04-19,,Bet365,France - Ligue 1,AS Monaco,AJ Auxerre,0,14228,Mamoudou Cissokho,Mamoudou Cissokho,Auxerre,AS Monaco,S,S,10.0,0.1,0.001,99.0,0.001,1.0853,0.0,0.0,0.0,0.0,0,0.0,0.0,0.0,none,0.0,0.0,0.0,0.0,0.0,,,0,none,0.0,0.0,0.0,0,,,unknown,unknown,none,none,,T2,1.0,no_lineup_payload,5.0,,,0.0,0,,,,,0,5.0,0,0.0,0.0,0.0,0.0,,1.3,,0.9687,1.0,-0.990005,-99.0,fallback,live_roster,0.0,low,suppress,no_action,,0.0,,,no_action,"fallback_method,fixture_t2",,odds_api_io,event_id=61526526;market=Anytime Goalscorer
2026-04-18T12:29:57Z,2026-04-18T12:29:26Z,2026-04-19,,Bet365,France - Ligue 1,FC Metz,Paris FC,0,13804,Tuomas Ollila,Tuomas Ollila,Paris FC,FC Metz,Sub,Sub,6.5,0.153846,0.001522,99.0,0.0015,1.1788,0.0013,0.0015,0.0,0.0,0,0.0,0.0,2.56,recent_long,0.0,3.0,0.0,0.0,0.0,,,0,none,0.0,0.0,0.0,0,,,unknown,unknown,none,none,,T2,1.0,no_lineup_payload,31.2,DL,1,1.0,3,,,,,0,31.2,8,0.0558,0.0,0.018,-0.0558,1.1428,1.3,1.1376,1.0521,1.0,-0.990104,-99.01,model,history,294.0,low,suppress,no_action,,0.0,,,no_action,"history_lt_500,fixture_t2",,odds_api_io,event_id=61526520;market=Anytime Goalscorer
2026-04-18T12:29:57Z,2026-04-18T12:29:26Z,2026-04-19,,Bet365,France - Ligue 1,FC Nantes,Stade Brest 29,0,13552,Hamidou Makalou,Hamidou Makalou,Brest,FC Nantes,Sub,Sub,8.5,0.117647,0.001,99.0,0.001,1.1287,0.0002,0.0003,0.0,0.0,0,0.0,0.0,1.34,recent_long,0.0,2.0,0.0,0.0,0.0,,,0,none,0.0,0.0,0.0,0,,,unknown,unknown,none,none,,T2,1.0,no_lineup_payload,10.8,MC,3,1.0,1,,,,,0,10.8,8,0.0,0.0,0.0,0.0,1.4766,1.3,0.8804,1.0074,1.0,-0.991504,-99.15,model,history,143.0,low,suppress,no_action,,0.0,,,no_action,"history_lt_500,fixture_t2",,odds_api_io,event_id=61526528;market=Anytime Goalscorer
2026-04-18T12:29:57Z,2026-04-18T12:29:26Z,2026-04-19,,Bet365,France - Ligue 1,FC Metz,Paris FC,0,13577,Rudy Matondo,Rudy Matondo,Paris FC,FC Metz,D M S,D M S,7.0,0.142857,0.001,99.0,0.001,1.1788,0.0,0.0,0.0,0.0,0,0.0,0.0,0.0,none,0.0,0.0,0.0,0.0,0.0,,,0,none,0.0,0.0,0.0,0,,,unknown,unknown,none,none,,T2,1.0,no_lineup_payload,43.4,,,0.0,0,,,,,0,43.4,0,0.0,0.0,0.0,0.0,,1.3,,1.0521,1.0,-0.993003,-99.3,fallback,live_roster,0.0,low,suppress,no_action,,0.0,,,no_action,"fallback_method,fixture_t2",,odds_api_io,event_id=61526520;market=Anytime Goalscorer
2026-04-18T12:29:57Z,2026-04-18T12:29:26Z,2026-04-19,,Bet365,France - Ligue 1,AS Monaco,AJ Auxerre,0,14103,Tidiane Devernois,Tidiane Devernois,Auxerre,AS Monaco,S,S,7.0,0.142857,0.001,99.0,0.001,1.0853,0.0,0.0,0.0,0.0,0,0.0,0.0,0.0,none,0.0,0.0,0.0,0.0,0.0,,,0,none,0.0,0.0,0.0,0,,,unknown,unknown,none,none,,T2,1.0,no_lineup_payload,5.0,,,0.0,0,,,,,0,5.0,0,0.0,0.0,0.0,0.0,,1.3,,0.9687,1.0,-0.993003,-99.3,fallback,live_roster,0.0,low,suppress,no_action,,0.0,,,no_action,"fallback_method,fixture_t2",,odds_api_io,event_id=61526526;market=Anytime Goalscorer
2026-04-18T12:29:57Z,2026-04-18T12:29:26Z,2026-04-19,,Bet365,France - Ligue 1,AS Monaco,AJ Auxerre,0,14163,Yvan Zaddy,Yvan Zaddy,Auxerre,AS Monaco,S,S,4.5,0.222222,0.001,99.0,0.001,1.0853,0.0,0.0,0.0,0.0,0,0.0,0.0,0.0,none,0.0,0.0,0.0,0.0,0.0,,,0,none,0.0,0.0,0.0,0,,,unknown,unknown,none,none,,T2,1.0,no_lineup_payload,5.0,,,0.0,0,,,,,0,5.0,0,0.0,0.0,0.0,0.0,,1.3,,0.9687,1.0,-0.995502,-99.55,fallback,live_roster,0.0,low,suppress,no_action,,0.0,,,no_action,"fallback_method,fixture_t2",,odds_api_io,event_id=61526526;market=Anytime Goalscorer
2026-04-18T12:29:57Z,2026-04-18T12:29:26Z,2026-04-19,,Bet365,France - Ligue 1,AS Monaco,AJ Auxerre,0,14081,Ryan Rodin,Ryan Rodin,Auxerre,AS Monaco,S,S,4.0,0.25,0.001,99.0,0.001,1.0853,0.0,0.0,0.0,0.0,0,0.0,0.0,0.0,none,0.0,0.0,0.0,0.0,0.0,,,0,none,0.0,0.0,0.0,0,,,unknown,unknown,none,none,,T2,1.0,no_lineup_payload,5.3,,,0.0,0,,,,,0,5.3,0,0.0,0.0,0.0,0.0,,1.3,,0.9687,1.0,-0.996002,-99.6,fallback,live_roster,0.0,low,suppress,no_action,,0.0,,,no_action,"fallback_method,fixture_t2",,odds_api_io,event_id=61526526;market=Anytime Goalscorer
2026-04-18T12:29:57Z,2026-04-18T12:29:26Z,2026-04-19,,Bet365,France - Ligue 1,FC Nantes,Stade Brest 29,0,13024,Saliou Diop,Serigne Diop,Brest,FC Nantes,S,S,3.25,0.307692,0.001,99.0,0.001,1.1287,0.0,0.0,0.0,0.0,0,0.0,0.0,0.0,none,0.0,0.0,0.0,0.0,0.0,,,0,none,0.0,0.0,0.0,0,,,unknown,unknown,none,none,,T2,1.0,no_lineup_payload,5.0,,,0.0,0,,,,,0,5.0,0,0.0,0.0,0.0,0.0,,1.3,,1.0074,1.0,-0.996752,-99.675,fallback,live_roster,0.0,low,suppress,no_action,,0.0,,,no_action,"fallback_method,fixture_t2",,odds_api_io,event_id=61526528;market=Anytime Goalscorer
2026-04-18T12:29:57Z,2026-04-18T12:29:26Z,2026-04-19,,Bet365,France - Ligue 1,FC Metz,Paris FC,0,5762,Pierre-Yves Hamel,Pierre-Yves Hamel,Paris FC,FC Metz,F S,F S,2.875,0.347826,0.001,99.0,0.001,1.1788,0.0,0.0,0.0,0.0,0,0.0,0.0,0.0,none,0.0,0.0,0.0,0.0,0.0,,,0,none,0.0,0.0,0.0,0,,,unknown,unknown,none,none,,T2,1.0,no_lineup_payload,39.0,,,0.0,0,,,,,0,39.0,0,0.0,0.0,0.0,0.0,,1.3,,1.0521,1.0,-0.997126,-99.713,fallback,live_roster,0.0,low,suppress,no_action,,0.0,,,no_action,"fallback_method,fixture_t2",,odds_api_io,event_id=61526520;market=Anytime Goalscorer
2026-04-18T12:29:57Z,2026-04-18T12:29:26Z,2026-04-19,,Bet365,France - Ligue 1,FC Metz,Paris FC,0,14320,Mohamed Benoit-Dao,Mohamed Benoit-Dao,Paris FC,FC Metz,S,S,2.5,0.4,0.001,99.0,0.001,1.1788,0.0,0.0,0.0,0.0,0,0.0,0.0,0.0,none,0.0,0.0,0.0,0.0,0.0,,,0,none,0.0,0.0,0.0,0,,,unknown,unknown,none,none,,T2,1.0,no_lineup_payload,5.0,,,0.0,0,,,,,0,5.0,0,0.0,0.0,0.0,0.0,,1.3,,1.0521,1.0,-0.997501,-99.75,fallback,live_roster,0.0,low,suppress,no_action,,0.0,,,no_action,"fallback_method,fixture_t2",,odds_api_io,event_id=61526520;market=Anytime Goalscorer
2026-04-18T12:29:57Z,2026-04-18T12:29:26Z,2026-04-19,,Bet365,France - Ligue 1,FC Metz,Paris FC,0,13802,Nouha Dicko,Nouha Dicko,Paris FC,FC Metz,S,S,2.5,0.4,0.001,99.0,0.001,1.1788,0.0,0.0,0.0,0.0,0,0.0,0.0,0.0,none,0.0,0.0,0.0,0.0,0.0,,,0,none,0.0,0.0,0.0,0,,,unknown,unknown,none,none,,T2,1.0,no_lineup_payload,6.4,,,0.0,0,,,,,0,6.4,0,0.0,0.0,0.0,0.0,,1.3,,1.0521,1.0,-0.997501,-99.75,fallback,live_roster,0.0,low,suppress,no_action,,0.0,,,no_action,"fallback_method,fixture_t2",,odds_api_io,event_id=61526520;market=Anytime Goalscorer
