tree
version=v4
num_class=3
num_tree_per_iteration=3
label_index=0
max_feature_idx=57
objective=multiclass num_class:3
feature_names=surface best_of surface_prior_ace_rate venue_ace_factor expected_match_games incumbent_aces_diff incumbent_aces_sum expected_service_points_diff expected_service_points_sum opponent_return_factor_diff opponent_return_factor_sum player_ace_rate_blend_diff player_ace_rate_blend_sum player_l12m_ace_rate_diff player_l12m_ace_rate_sum player_l24m_ace_rate_diff player_l24m_ace_rate_sum player_career4y_ace_rate_diff player_career4y_ace_rate_sum opponent_aces_allowed_blend_diff opponent_aces_allowed_blend_sum opponent_l12m_aces_allowed_rate_diff opponent_l12m_aces_allowed_rate_sum opponent_l24m_aces_allowed_rate_diff opponent_l24m_aces_allowed_rate_sum opponent_career4y_aces_allowed_rate_diff opponent_career4y_aces_allowed_rate_sum player_svpt_per_svg_blend_diff player_svpt_per_svg_blend_sum player_l12m_first_win_pct_diff player_l12m_first_win_pct_sum player_l12m_second_win_pct_diff player_l12m_second_win_pct_sum player_rank_diff player_rank_sum player_age_diff player_age_sum player_height_diff player_height_sum player_activity_days_since_match_all_diff player_activity_days_since_match_all_sum player_activity_days_since_surface_match_diff player_activity_days_since_surface_match_sum player_activity_matches_l90d_all_diff player_activity_matches_l90d_all_sum player_activity_matches_l365d_all_diff player_activity_matches_l365d_all_sum player_activity_lower_matches_l90d_diff player_activity_lower_matches_l90d_sum player_activity_lower_matches_l365d_diff player_activity_lower_matches_l365d_sum player_activity_lower_share_l365d_diff player_activity_lower_share_l365d_sum player_activity_rank_log_change_90d_diff player_activity_rank_log_change_90d_sum player_activity_rank_log_change_365d_diff player_activity_rank_log_change_365d_sum incumbent_aces_abs_diff
feature_infos=-1:1:0 [3:5] [0.049189468843412201:0.086608888422244498] [0.87599952567825023:1.2689317407813034] [22.649239543726235:38.5] [-20.571571945871231:20.571571945871231] [1.9261575192265623:40.235318493675663] [-15.420762639461188:15.420762639461188] [137.46451618515732:253.90990923145131] [-0.26118598318514091:0.26118598318514091] [1.8128970904429531:2.4163062005557689] [-0.19068660075899241:0.19068660075899241] [0.027796103120329499:0.3864302145712476] [-0.2352959272292543:0.2352959272292543] [0.022595854801658499:0.42672779272139733] [-0.23777836324903059:0.23777836324903059] [0.021362662439360001:0.4158862653422471] [-0.21665411207097229:0.21665411207097229] [0.0236513205678795:0.40486980420225221] [-0.081205521044968504:0.081205521044968504] [0.039962267093017097:0.2438347153789599] [-0.20177607865279679:0.20177607865279679] [0.024948742263674301:0.31486238283735452] [-0.18347186270615559:0.18347186270615559] [0.024948742263674301:0.31370198822916812] [-0.18347186270615559:0.18347186270615559] [0.024948742263674301:0.31370198822916812] [-1.0951488742934741:1.0951488742934741] [11.867127058325323:13.81326683596977] [-0.29992283950617288:0.29992283950617288] [0.97482211275314723:1.6281626255340398] [-0.40251256281407027:0.40251256281407027] [0.60251256281407028:1.2619354838709678] [-1791:1791] [3:1905] [-21.300000000000001:21.300000000000001] [37:76.099999999999994] [-191:191] [170:414] [-1453:1453] [10:1810] [-1453:1453] [10:2920] [-31:31] [0:56] [-95:95] [1:183] [-32:32] [0:52] [-84:84] [0:152] [-1:1] [0:2] [-5.5309160766330008:5.5309160766330008] [-2.226035330907457:5.6015336438469543] [-6.5505132808745383:6.5505132808745383] [-3.6641415916310258:5.5918750011712905] [-20.571571945871231:20.571571945871231]
tree_sizes=1741 1685 1751 1746 1735 1771 1767 1737 1762 1770 1752 1777 1767 1753 1766 1746 1747 1778 1779 1724 1770 1759 1757 1787 1780 1755 1786 1764 1740 1792 1762 1746 1774 1766 1746 1786 1789 1755 1775 1789 1758 1789 1777 1758 1783 1795 1738 1790 1794 1743 1786 1783 1740 1787 1761 1764 1798 1790 1742 1785 1783 1732 1782 1786 1760 1787 1786 1756 1777 1791 1703 1786 1792 1745 1791 1792 1765 1789 1791 1762 1772 1791 1712 1773 1762 1737 1778 1731 1767 1791 1770 1767 1761 1776 1741 1792 1791 1730 1784 1788 1728 1801 1790 1742 1779 1786 1761 1764 1786 1743 1779 1794 1767 1783 1790 1766 1799 1746 1762 1773 1783 1769 1793 1791 1765 1768 1754 1701 1792 1790 1767 1794 1766 1758 1764 1793 1752 1786 1781 1745 1786 1757 1726 1774 1783 1741 1790 1792 1749 1797 1799 1754 1786 1793 1729 1778 1757 1759 1757 1769 1717 1795 1792 1764 1777 1791 1771 1792 1767 1765 1783 1790 1763 1792 1785 1765 1774 1793 1727 1783 1790 1771 1787 1783 1764 1789 1784 1735 1764 1775 1759 1776 1789 1765 1783 1790 1770 1783 1779 1762 1793 1777 1727 1788 1782 1751 1785 1776 1764 1780 1789 1733 1787 1784 1762 1785 1781 1730 1784 1771 1753 1788 1780 1761 1795 1771 1745 1789 1789 1760 1784 1800 1771 1789 1758 1737 1783 1787 1754 1788 1788 1747 1783 1784 1727 1773 1782 1740 1783 1789 1755 1783 1788 1750 1775 1787 1724 1786 1753 1743 1790 1785 1769 1795 1786 1753 1791 1728 1753 1795 1786 1760 1784 1773 1758 1788 1771 1766 1786 1796 1750 1774 1756 1756 1787 1766 1744 1750 1766 1763 1747 1745 1762 1785 1757 1753 1785 1792 1752 1778 1790 1713 1794 1778 1747 1776 1783 1730 1787 1771 1750 1780 1785 1761 1787 1768 1737 1793 1785 1721 1793 1746 1754 1792 1760 1738 1798 1784 1764 1786 1800 1715 1763 1782 1754 1779 1783 1750 1784 1785 1726 1793 1800 1760 1797 1763 1758 1769 1786 1762 1793 1793 1734 1792 1790 1753 1773 1764 1768 1776 1782 1737 1789 1787 1765 1769 1788 1750 1795 1777 1760 1772 1794 1771 1777 1780 1743 1787 1779 1761 1788 1778 1728 1783 1764 1754 1776 1775 1760 1787 1764 1731 1775 1764 1748 1773 1782 1719 1778 1783 1758 1783 1766 1744 1785 1745 1730 1766 1778 1753 1763 1766 1723 1785 1761 1713 1742 1781 1734 1784 1783 1726 1787 1777 1751 1761 1778 1761 1778 1780 1685 1751 1778 1730 1789

Tree=0
num_leaves=15
num_cat=0
split_feature=13 11 11 23 25 25 25 23 25 37 6 11 57 11
split_gain=754.671 166.393 116.133 103.089 97.5953 23.4675 23.406 23.052 20.4663 16.2288 15.7001 14.5028 14.015 12.3922
threshold=0.0019391024951540502 0.035708053290708558 -0.03313171846882669 -0.0060463205726378495 0.014587358497007452 0.018790175584308854 -0.018795888495278947 -0.0076916624766641987 0.005060218105694101 -2.4999999999999996 13.000584513938071 0.052257707823645305 0.81092857091808102 -0.016654432959826344
decision_type=2 2 2 2 2 2 2 2 2 2 2 2 2 2
left_child=2 3 8 9 6 -5 -4 11 -1 -2 13 -3 -8 -6
right_child=1 7 4 5 10 -7 12 -9 -10 -11 -12 -13 -14 -15
leaf_value=-0.80783527078802075 -0.79409668779247178 -0.77533192999909462 -0.8011834898991208 -0.77556048935551425 -0.78990832472484895 -0.76554473259849976 -0.78956121120712475 -0.75737760483421079 -0.79806292524964217 -0.78398658329596549 -0.77240896764112954 -0.76208343845714366 -0.79798319274909435 -0.77836225581737872
leaf_weight=360.99394500255585 129.88338845968246 124.67316657304764 267.20995104312897 424.26092505455017 98.249898433685303 250.46280926465988 453.28930413722992 352.4342947602272 291.02810823917389 357.64451664686203 122.81237304210663 117.2299924492836 183.10208344459534 126.53396010398865
leaf_count=970 349 335 718 1140 264 673 1218 947 782 961 330 315 492 340
internal_value=-0.784216 -0.772416 -0.795109 -0.777996 -0.790578 -0.771696 -0.794901 -0.761691 -0.80365 -0.786702 -0.779419 -0.768492 -0.792112 -0.783532
internal_weight=3659.81 1756.59 1903.22 1162.25 1251.2 674.724 903.601 594.337 652.022 487.528 347.596 241.903 636.391 224.784
internal_count=9834 4720 5114 3123 3362 1813 2428 1597 1752 1310 934 650 1710 604
is_linear=0
shrinkage=1


Tree=1
num_leaves=15
num_cat=0
split_feature=6 5 5 56 6 30 12 44 52 52 48 6 14 54
split_gain=85.3863 20.1391 29.3935 18.9008 15.2778 9.42283 8.61196 10.1243 8.18108 9.35623 13.028 11.2976 8.10104 7.65915
threshold=8.3503252627319124 3.3769211481995831 -3.3056450024191064 0.82253623547044319 4.5578703544601442 1.5090362260485526 0.092527339593794458 36.500000000000007 0.34722964943553181 0.08713471133285812 5.5000000000000009 11.510161403816968 0.086613041091925219 -0.28935989615049607
decision_type=2 2 2 2 2 2 2 2 2 2 2 2 2 2
left_child=3 2 -2 4 -1 8 12 -8 9 11 -11 -4 -6 -13
right_child=1 -3 5 -5 6 -7 7 -9 -10 10 -12 13 -14 -15
leaf_value=-2.4097266588278856 -2.4535751325551871 -2.4537828780724782 -2.431211644167238 -2.4458779775322879 -2.432196207725168 -2.4481793395542457 -2.4210627134950999 -2.4415056078012563 -2.4422322598465693 -2.4254864739116777 -2.4458038882100883 -2.4349608391615352 -2.448301281166787 -2.4511592168226808
leaf_weight=27.41650179028511 139.10894604027271 135.65208277106285 43.151189774274826 32.661397784948349 94.16972354054451 92.8584995418787 83.679931551218033 15.257879257202147 318.62743167579174 73.190139561891556 21.575594887137413 20.02596652507782 18.595540344715118 56.263429760932922
leaf_count=230 1167 1138 362 274 790 779 702 128 2673 614 181 168 156 472
internal_value=-2.44133 -2.44505 -2.44339 -2.42918 -2.42675 -2.44109 -2.42975 -2.42431 -2.43975 -2.43602 -2.43036 -2.44097 -2.43525 -2.44647
internal_weight=1172.23 900.453 764.801 271.781 239.12 625.692 211.703 98.9378 532.834 214.206 94.7657 119.441 112.765 76.2894
internal_count=9834 7554 6416 2280 2006 5249 1776 830 4470 1797 795 1002 946 640
is_linear=0
shrinkage=1


Tree=2
num_leaves=15
num_cat=0
split_feature=5 5 11 21 21 19 21 11 37 51 17 19 37 57
split_gain=778.891 153.811 111.423 98.1956 86.2202 31.1355 23.2 21.2365 20.3768 15.7134 14.8965 14.708 12.9984 12.6008
threshold=-0.70469611388715869 1.9221490341828835 -0.036930603181147499 -0.0058230157847948992 0.0061911079690230011 -0.0071286258543985992 0.0070481319755968013 0.017448020673611755 -1.0000000180025095e-35 -0.15499223729114486 0.059890389712056305 -0.021360418142815248 -1.0000000180025095e-35 -0.64022133180951346
decision_type=2 2 2 2 2 2 2 2 2 2 2 2 2 2
left_child=2 3 6 7 9 10 -1 11 -5 -4 -3 -2 -7 -10
right_child=1 5 4 8 -6 12 -8 -9 13 -11 -12 -13 -14 -15
leaf_value=-0.75689915877246527 -0.77116118987423732 -0.79101006286824427 -0.77640503968013874 -0.78774626875191811 -0.78517587373942577 -0.79191713816790688 -0.76834263065892161 -0.78811756077754702 -0.80292152487743396 -0.76636898824232891 -0.80281632983821738 -0.78115223133691658 -0.80675635613921348 -0.79380425465252447
leaf_weight=335.68715298175812 155.19018048048019 220.31795406341553 163.37767201662064 256.78950726985931 352.80645346641541 52.84653627872467 230.36623913049698 143.65326058864594 149.97995859384537 365.08769077062607 107.18170738220215 247.85769832134247 490.87733346223831 387.78937184810638
leaf_count=902 417 592 439 690 948 142 619 386 403 981 288 666 1319 1042
internal_value=-0.784216 -0.793537 -0.769984 -0.788174 -0.775667 -0.801695 -0.761333 -0.780073 -0.79377 -0.769323 -0.795171 -0.777131 -0.805443 -0.796542
internal_weight=3659.81 2212.48 1447.33 1341.26 881.272 871.224 566.053 546.701 794.559 528.465 327.5 403.048 543.724 537.769
internal_count=9834 5945 3889 3604 2368 2341 1521 1469 2135 1420 880 1083 1461 1445
is_linear=0
shrinkage=1


Tree=3
num_leaves=15
num_cat=0
split_feature=5 5 11 21 21 33 19 19 11 25 33 19 29 37
split_gain=737.409 144.985 104.907 94.8859 84.1341 29.4769 28.8938 21.2283 20.359 17.4778 16.0503 14.4237 13.7077 12.9877
threshold=0.69535847144067164 -1.9225926003210299 0.036930603181147513 0.0056782091684678508 -0.0062800009109677491 -2.4999999999999996 0.0071067442824830507 -0.0029009888728488997 -0.017448020673611748 -0.017863183170440496 15.500000000000002 0.021357539656434801 -0.049946948085621341 1.0000000180025095e-35
decision_type=2 2 2 2 2 2 2 2 2 2 2 2 2 2
left_child=1 6 4 5 -2 9 13 -4 -5 -3 -6 -10 -8 -1
right_child=2 3 7 8 10 -7 12 -9 11 -11 -12 -13 -14 -15
leaf_value=-0.021983863664462963 -0.0011119021347009163 -0.011295737894933733 0.016183343492390753 -0.003823594013187619 0.018002089274964082 -0.013946346198661747 -0.015397759949211387 0.026993259408625354 0.0029606360216899372 0 0.008422460920289877 0.01284246883305741 -0.004647285671851434 -0.0072192012626978068
leaf_weight=488.33186393976212 352.82094502449036 128.8713583946228 264.84605103731155 144.3586662709713 330.7454217672348 421.01737412810326 179.00201609730721 302.88081356883049 250.21494945883751 237.2605567574501 203.19590139389038 154.63788211345673 148.25924324989319 52.678476929664612
leaf_count=1317 948 347 710 388 887 1133 482 811 672 638 545 415 399 142
internal_value=0 -0.00910813 0.0137908 -0.0038904 0.00829793 -0.00944025 -0.0170419 0.0221794 0.00403214 -0.00407323 0.0145148 0.00690673 -0.0107459 -0.0206713
internal_weight=3659.12 2204.63 1454.49 1336.36 886.762 787.149 868.272 567.727 549.211 366.132 533.941 404.853 327.261 541.01
internal_count=9834 5933 3901 3593 2380 2118 2340 1521 1475 985 1432 1087 881 1459
is_linear=0
shrinkage=0.025


Tree=4
num_leaves=15
num_cat=0
split_feature=18 57 57 10 38 22 32 34 8 42 32 30 10 26
split_gain=65.6561 20.0154 28.5542 14.9515 11.8526 12.4708 15.2616 11.2041 14.4233 9.65624 9.54068 11.2082 11.1385 11.2209
threshold=0.09844691862713377 3.3769211481995831 -3.3056450024191064 1.9327454726759428 377.00000000000006 0.094727036711359666 1.0099907044905592 115.50000000000001 147.47417083556698 41.000000000000007 0.98111387797470606 1.5080644208925704 2.0655466954089814 0.14831315580347512
decision_type=2 2 2 2 2 2 2 2 2 2 2 2 2 2
left_child=4 2 -2 -4 5 6 9 -7 -9 -1 -5 12 -12 -14
right_child=1 -3 3 10 -6 7 -8 8 -10 -11 11 -13 13 -15
leaf_value=-0.00050350474198172443 -0.011626195568069292 -0.011827241464197924 0.021770668815197056 -0.005772539698048253 -0.0038864803724894849 -0.0059667239925943402 0.026196085235735092 -0.0064418631282643721 0.017011523144128363 0.020654404934504909 -0.0022992137548258963 -0.006521295483740904 0.013083446970290147 0.0023651364280819079
leaf_weight=35.318263679742813 137.4286352917552 134.10185286402702 15.387163452804087 134.46863479167223 23.954460792243481 28.837366245687008 68.446219652891159 17.520050004124641 56.403447039425373 14.686245255172251 140.08525569736958 81.679638728499413 92.828429393470287 190.94674455374479
leaf_count=294 1166 1138 128 1127 200 240 568 146 470 122 1170 689 777 1599
internal_value=0 -0.00305047 -0.00146977 0.000693951 0.011374 0.0131864 0.0187144 0.00600957 0.0110803 0.00656868 0 0.00160522 0.0032873 0.0061237
internal_weight=1172.09 926.926 792.825 655.396 245.166 221.212 118.451 102.761 73.9235 50.0045 640.009 505.54 423.86 283.775
internal_count=9834 7794 6656 5490 2040 1840 984 856 616 416 5362 4235 3546 2376
is_linear=0
shrinkage=0.025


Tree=5
num_leaves=15
num_cat=0
split_feature=5 11 11 21 19 33 11 33 21 19 51 21 15 25
split_gain=734.271 135.864 116.587 99.6098 86.7724 24.5989 23.5865 21.9541 21.7488 20.8858 14.8857 13.5051 12.7307 12.3192
threshold=-0.29921152830357961 -0.036930603181147499 0.033131718468826704 0.003912363437757701 -0.0033418557900518997 2.5000000000000004 0.017448020673611755 -10.499999999999998 0.0070481319755968013 -0.0071286258543985992 -0.23066239316239312 0.028464142616166904 -0.018746705573094147 0.014587358497007452
decision_type=2 2 2 2 2 2 2 2 2 2 2 2 2 2
left_child=1 8 4 7 6 -6 -2 12 -1 -4 -5 -7 -3 -12
right_child=2 3 9 10 5 11 -8 -9 -10 -11 13 -13 -14 -15
leaf_value=0.026440016747883929 0.0054078073673996894 0.013062902220712281 -0.01266409617208337 -0.0095854444870444692 -0.015596729098639826 -0.0032036059893845205 -0.004719441368552001 0.017491486177998627 0.015364555900469394 -0.022648503592096022 0.006201846705918692 -0.014737862084876353 0.0017365274234120189 -0.0030190679411668982
leaf_weight=336.89059749245644 348.18746212124825 126.76920837163925 256.61089071631432 107.91195085644722 416.37222692370415 260.46941620111465 235.81985679268837 367.28367355465889 230.89995339512825 394.38696438074112 149.31827399134636 85.016899794340134 131.53915998339653 211.67915835976601
leaf_count=902 935 340 691 290 1121 701 634 985 619 1064 401 229 353 569
internal_value=0 0.0122533 -0.0102076 0.00701751 -0.00594116 -0.0114743 0.00127067 0.0135114 0.0221531 -0.0188775 -0.00164466 -0.00628303 0.00753258 0.000759265
internal_weight=3659.16 1662.29 1996.86 1094.5 1345.87 761.859 584.007 625.592 567.791 650.998 468.909 345.486 258.308 360.997
internal_count=9834 4459 5375 2938 3620 2051 1569 1678 1521 1755 1260 930 693 970
is_linear=0
shrinkage=0.025


Tree=6
num_leaves=15
num_cat=0
split_feature=5 5 5 21 21 33 19 15 23 33 33 29 37 23
split_gain=695.243 137.01 99.019 89.4833 82.0358 27.9742 27.3356 19.458 18.0388 16.8545 16.6077 13.1982 12.5963 11.3789
threshold=0.69535847144067164 -1.9225926003210299 3.7951902441914229 0.0056782091684678508 -0.0038159083426214497 -2.4999999999999996 0.0071067442824830507 -0.0088998877641668986 -0.017483550977078797 -28.499999999999996 13.500000000000002 -0.049946948085621341 1.0000000180025095e-35 0.016653894374945553
decision_type=2 2 2 2 2 2 2 2 2 2 2 2 2 2
left_child=1 6 4 5 9 8 12 -5 -3 -2 -6 -8 -1 -9
right_child=2 3 -4 7 10 -7 11 13 -10 -11 -12 -13 -14 -15
leaf_value=-0.021429054518557016 0.0079445149083249809 -0.011164778413300989 0.024830491617228723 -0.0005167143330192086 0.019100828649431262 -0.013586146851803642 -0.015030801637371988 0.0027679946869683292 0.00015417938203746216 -0.0014028782376769126 0.0097659800869875912 -0.0044745074653117067 -0.0068977209637851771 0.013591500606099783
leaf_weight=486.08643606305122 184.83507111668587 132.00391879677773 355.4563176035881 288.12416365742683 375.64665752649307 419.9868657886982 178.52793774008751 122.21150654554367 233.85190013051033 318.50912594795227 222.16310626268387 148.08948713541031 52.549470186233521 139.20112815499306
leaf_count=1317 496 356 950 774 1005 1133 482 328 629 855 595 399 142 373
internal_value=0 -0.0088615 0.0133714 -0.00379083 0.00955422 -0.00918859 -0.0165918 0.00389617 -0.00395785 0.00202482 0.015783 -0.0104596 -0.0201338 0.00877222
internal_weight=3657.24 2200.63 1456.61 1335.38 1101.15 785.843 865.253 549.537 365.856 503.344 597.81 326.617 538.636 261.413
internal_count=9834 5933 3901 3593 2951 2118 2340 1475 985 1351 1600 881 1459 701
is_linear=0
shrinkage=0.025


Tree=7
num_leaves=15
num_cat=0
split_feature=6 5 5 56 6 8 8 56 12 14 3 52 34 46
split_gain=79.387 19.2908 27.9323 17.8485 13.8649 9.58724 12.7735 11.2348 14.3601 8.75561 8.43891 6.30538 7.43614 9.42367
threshold=8.3503252627319124 3.3769211481995831 -3.3056450024191064 0.82253623547044319 4.7523759419866929 148.95991706694502 146.06399331834524 0.2571999666566902 0.092527339593794458 0.094105991200296571 0.97545003297692967 0.36242408906882589 30.500000000000004 116.50000000000001
decision_type=2 2 2 2 2 2 2 2 2 2 2 2 2 2
left_child=3 2 -2 4 -1 6 9 8 -7 -6 -10 12 -4 -14
right_child=1 -3 11 -5 5 7 -8 -9 10 -11 -12 -13 13 -15
leaf_value=0.028854167706054118 -0.012067742354217016 -0.012278363819210573 -0.0047393002487900416 -0.0045976389905088445 0.0014782059750922498 0.0017732305493238056 -0.0024377509379381827 0.034815455623142026 0.033020177490427356 0.022378733515405633 0.0047071936306151644 -0.0020266572027042989 0.0015067663155144918 0.012741600955756849
leaf_weight=32.440623000264168 135.94801591336727 132.53574421256781 55.409455582499504 32.782398074865341 26.185161717236042 50.651298999786377 59.127894401550293 15.08024790138006 17.732396654784679 27.372014492750168 15.282810613512991 341.04420063644648 165.28025782108307 64.861774452030659
leaf_count=262 1167 1138 466 274 216 418 488 124 146 226 126 2860 1382 541
internal_value=0 -0.00361693 -0.00200876 0.0115912 0.0139165 0.0108954 0.00521914 0.0165681 0.0112194 0.0135857 0.0229146 0.000212338 0.00296135 0.00498305
internal_weight=1171.73 895.079 762.544 276.655 243.872 211.432 112.685 98.7468 83.6665 53.5572 33.0152 626.596 285.551 230.142
internal_count=9834 7554 6416 2280 2006 1744 930 814 690 442 272 5249 2389 1923
is_linear=0
shrinkage=0.025


Tree=8
num_leaves=15
num_cat=0
split_feature=17 11 21 25 11 17 25 33 15 23 33 33 11 25
split_gain=676.158 139.31 104.661 97.3162 60.06 44.4167 44.0107 23.493 20.7763 17.3489 13.144 13.1005 13.003 12.3699
threshold=-0.0096538430021334987 0.017448020673611755 0.0070481319755968013 -0.0087680047862521478 -0.036930603181147499 -0.04403837195651749 -0.013816024400535599 2.5000000000000004 0.062956791030507261 0.016653894374945553 4.5000000000000009 -9.4999999999999982 0.035708053290708558 -0.026537903426433546
decision_type=2 2 2 2 2 2 2 2 2 2 2 2 2 2
left_child=2 3 5 10 -4 -1 8 -5 -3 -9 13 -7 -8 -2
right_child=1 6 4 7 -6 11 12 9 -10 -11 -12 -13 -14 -15
leaf_value=0.02636443318443938 0.01079152373068951 -0.0038862113112867261 0.014906657591873007 -0.012125139966470673 -0.0011265690824632227 0.0087467949333018685 -0.014196962973146194 0.0015886089956161588 -0.018450068509831549 -0.010446488653816744 0.012544475048011972 0.017337733673843662 -0.021619226225569162 -0.0016960056064286657
leaf_weight=312.95581743121147 73.871224820613861 277.41443341970444 231.30200469493866 372.09117984771729 373.90173986554146 217.21853107213974 360.52099207043648 202.36232876777649 78.06487962603569 110.49774414300919 183.54072132706642 330.67592969536781 409.16209214925766 123.69740518927574
leaf_count=836 198 747 619 1003 1005 582 973 544 211 298 492 885 1109 332
internal_value=0 -0.00878764 0.0131143 -0.00226542 0.00503211 0.0187056 -0.0149078 -0.00789826 -0.0073654 -0.00268083 0.00776467 0.0140869 -0.018289 0.00300081
internal_weight=3657.28 2191.22 1466.05 1066.06 605.204 860.85 1125.16 684.951 355.479 312.86 381.109 547.894 769.683 197.569
internal_count=9834 5907 3927 2867 1624 2303 3040 1845 958 842 1022 1467 2082 530
is_linear=0
shrinkage=0.025


Tree=9
num_leaves=15
num_cat=0
split_feature=17 11 11 25 21 25 25 15 33 21 37 51 17 33
split_gain=638.157 129.799 101.75 93.2256 83.3811 42.3416 22.1171 20.9058 20.4962 19.042 15.9805 13.0352 13.0323 11.3739
threshold=0.009147942482486451 -0.017448020673611748 0.036930603181147513 0.010219842325961551 -0.0038159083426214497 0.013811022464139702 -0.016629686917240694 -0.063631378103105235 3.5000000000000004 -0.0071025290641728491 2.5000000000000004 0.22727272727272727 0.074916366975457269 -4.4999999999999991
decision_type=2 2 2 2 2 2 2 2 2 2 2 2 2 2
left_child=1 5 4 6 11 10 -3 -7 -8 12 -1 -2 -4 -5
right_child=2 3 9 13 -6 7 8 -9 -10 -11 -12 -13 -14 -15
leaf_value=-0.01904643467752562 0.0015723032915240011 -0.013491808544458504 0.010308416370663723 0.012761593423919214 0.014312839447471261 -0.018502154272047527 0.0011794558695193066 -0.0037338211788176551 -0.0093494417459783746 0.024893786680895001 -0.0055919991504323066 -0.0087435874040610508 0.024903277419481055 0.0034076917024260748
leaf_weight=694.80684185028076 333.91329282522202 249.51654532551765 173.53047034144402 170.99672168493271 490.22208487987518 75.334735840559006 224.35545152425766 280.02879968285561 223.50944513082504 338.07900285720825 71.348483383655548 93.370742738246918 57.689832776784897 177.5641323029995
leaf_count=1888 897 675 464 458 1311 204 603 755 603 902 193 251 154 476
internal_value=0 -0.00864829 0.0125874 -0.00226624 0.00732873 -0.0145416 -0.00754549 -0.00714726 -0.00406506 0.0208812 -0.0178703 -0.000699167 0.0145057 0.00818281
internal_weight=3654.27 2167.46 1486.81 1045.94 917.506 1121.52 697.381 355.364 447.865 569.299 766.155 427.284 231.22 348.561
internal_count=9834 5855 3979 2815 2459 3040 1881 959 1206 1520 2081 1148 618 934
is_linear=0
shrinkage=0.025


Tree=10
num_leaves=15
num_cat=0
split_feature=12 57 57 12 10 12 30 3 32 46 10 30 28 26
split_gain=67.9664 18.5908 26.7724 12.7062 16.611 14.4791 11.7554 12.011 11.4428 9.91268 9.46689 9.27812 8.78559 8.6445
threshold=0.10550235225321976 3.3769211481995831 -3.3858879718406665 0.070105252498854562 1.9347676852218401 0.092527339593794458 1.3407108863493222 0.98055512408325696 0.99158485778956285 101.50000000000001 2.0129057542651103 1.5090362260485526 12.97374384908831 0.14831315580347512
decision_type=2 2 2 2 2 2 2 2 2 2 2 2 2 2
left_child=3 2 -2 8 -5 9 -7 -8 -1 12 -9 13 -6 -4
right_child=1 -3 11 4 5 6 7 10 -10 -11 -12 -13 -14 -15
leaf_value=0.00128074768676351 -0.011937387992291104 -0.011966246376516228 0.0048308194898319745 0.021777616789904284 -0.0043342900196067938 -0.0025408243910387974 0.028676108178467524 -0.0063308345704960805 0.028026602743917019 -0.0098360093287252776 0.015119554788514317 -0.0067490481233551773 0.014718225960128554 -0.0014200979013199435
leaf_weight=16.253196358680725 129.49098140746355 130.1298408433795 264.09679078310728 37.826987981796265 24.858241401612759 24.603593476116657 25.141519516706467 17.305084489285946 38.485252074897289 50.226179458200932 23.931914485991001 92.180706657469273 24.277698203921318 272.07252410799265
leaf_count=132 1125 1131 2200 310 206 202 204 144 308 416 198 782 200 2276
internal_value=3.60872e-07 -0.00338405 -0.00180884 0.0105842 0.00751087 0.00406282 0.0110474 0.0162594 0.0212755 -0.00231601 0.00586604 0.000316745 0.00510754 0.00162886
internal_weight=1170.88 887.971 757.841 282.91 228.171 190.344 90.9821 66.3785 54.7384 99.3621 41.237 628.35 49.1359 536.169
internal_count=9834 7514 6383 2320 1880 1570 748 546 440 822 342 5258 406 4476
is_linear=0
shrinkage=0.025


Tree=11
num_leaves=15
num_cat=0
split_feature=17 17 21 21 11 11 33 23 15 23 33 17 15 51
split_gain=637.762 132.266 101.473 99.1028 56.9919 42.0192 30.64 24.3115 21.746 19.3505 13.5384 12.0877 11.9379 11.7058
threshold=-0.0096538430021334987 0.033949374021242658 -0.0058230157847948992 0.0070481319755968013 -0.036930603181147499 -0.040575335466192845 2.5000000000000004 -0.0076916624766641987 0.0092130949376037011 0.018423590105424954 -11.499999999999998 -0.076827728555550132 0.069539296116370261 -0.22345310740619662
decision_type=2 2 2 2 2 2 2 2 2 2 2 2 2 2
left_child=3 2 8 5 11 -1 -4 12 -2 -8 -7 -5 -3 -6
right_child=1 7 6 4 13 10 9 -9 -10 -11 -12 -13 -14 -15
leaf_value=0.025966885041452253 0.008492637828651518 -0.0078263364978419497 -0.014107877771355566 0.025028846649127051 -0.0092869898311974033 0.0084329877094758265 -0.00027525725853571914 -0.021272877703359862 -0.00083191474918024074 -0.011930480793059712 0.017022394332414783 0.010559027768263382 -0.019870260786693104 0.0011441055148984365
leaf_weight=294.64458701014519 286.30213490128517 218.74530425667763 462.84283435344696 53.523605763912201 81.052393227815628 218.18395575881004 258.1101353764534 423.36993631720543 326.27960908412933 134.9279710650444 349.14339491724968 178.08961015939713 76.210048735141754 292.87185952067375
leaf_count=786 767 591 1252 143 218 584 695 1153 877 365 933 476 207 787
internal_value=0 -0.00855293 -0.00420355 0.0127204 0.00485581 0.0181567 -0.00974827 -0.0173192 0.00351909 -0.00443885 0.0138653 0.0144668 -0.0113009 -0.00114369
internal_weight=3654.3 2186.79 1468.46 1467.51 605.537 861.972 855.881 718.325 612.582 393.038 567.327 231.613 294.955 373.924
internal_count=9834 5907 3956 3927 1624 2303 2312 1951 1644 1060 1517 619 798 1005
is_linear=0
shrinkage=0.025


Tree=12
num_leaves=15
num_cat=0
split_feature=5 5 5 23 19 19 23 57 51 17 55 17 17 17
split_gain=619.149 123.142 88.8853 75.3563 72.0198 28.3691 24.9905 21.1369 16.4763 14.571 13.0528 12.5297 12.5165 12.374
threshold=0.69535847144067164 -1.9225926003210299 3.7951902441914229 0.017279060527681151 -0.0039380325446031995 -0.012924773054550547 0.0099605361753956016 0.84277740265379009 0.22727272727272727 -0.0046942010038770491 -0.38278653326534123 0.018655369845049456 -0.070271906861359826 0.036058910320779951
decision_type=2 2 2 2 2 2 2 2 2 2 2 2 2 2
left_child=1 6 4 5 8 -3 -1 10 13 -5 -7 -6 -8 -2
right_child=2 3 -4 9 11 7 12 -9 -10 -11 -12 -13 -14 -15
leaf_value=-0.018993699034228179 0.00074579510484749532 -0.012768401786554341 0.023436638005532629 0.0027984645920808948 0.008824498311766911 0.0034293640589996687 -0.019226047848729815 -0.013332245696824242 -0.0064437677074535051 0.014252422426917958 -0.0044930330655437653 0.017285959274655663 -0.006525181166882262 0.010090775753374449
leaf_weight=554.65274068713188 246.17747187614441 341.86038970947266 356.15867838263512 207.60036385059357 193.44464164972305 192.16562053561211 64.678346514701843 116.40029036998749 109.85772836208344 108.11087167263031 366.76136919856071 413.1476988196373 239.04283684492111 140.1788477897644
leaf_count=1517 661 927 950 557 517 517 176 315 295 289 988 1103 647 375
internal_value=0 -0.00839898 0.0125896 -0.00359483 0.00897398 -0.00691319 -0.015766 -0.00384039 0.00181994 0.00695971 -0.00171863 0.0147226 -0.00957843 0.00428585
internal_weight=3650.24 2191.27 1458.97 1332.9 1102.81 1017.19 858.374 675.327 496.214 315.711 558.927 606.592 303.721 386.356
internal_count=9834 5933 3901 3593 2951 2747 2340 1820 1331 846 1505 1620 823 1036
is_linear=0
shrinkage=0.025


Tree=13
num_leaves=15
num_cat=0
split_feature=6 5 5 56 6 30 54 34 28 52 6 14 42 56
split_gain=74.0686 18.4464 26.4686 16.9319 12.2126 8.60696 8.54452 9.02082 9.53949 10.9548 21.2059 12.754 8.04116 13.5916
threshold=8.3503252627319124 3.3769211481995831 -3.3858879718406665 0.82253623547044319 4.5578703544601442 1.5090362260485526 0.73048514356719274 170.50000000000003 12.707121186472998 0.12262799856784816 10.624742763033881 0.18233556293142347 29.500000000000004 -0.8179725042925311
decision_type=2 2 2 2 2 2 2 2 2 2 2 2 2 2
left_child=3 2 -2 4 -1 6 7 8 9 -4 -11 -12 -6 -14
right_child=1 -3 5 -5 12 -7 -8 -9 -10 10 11 -13 13 -15
leaf_value=0.028081101694051442 -0.012059009404147274 -0.012093311928823507 -8.3011133156607765e-05 -0.0046326161663844496 0.0059765288064115808 -0.0066785732319958047 0.014548263531193727 -0.0048078166320197954 -0.00093491345674220547 -0.0061349078212514967 0.026528967567227047 0.0038609460854244163 0.028178609857870393 0.007038190844722363
leaf_weight=29.772161416709423 128.5835975036025 129.3231895416975 75.614892907440662 32.8660007417202 129.48567185550928 91.670534335076809 24.447887524962425 133.74065911769867 206.53363133966923 25.19242724776268 44.470962822437286 29.620207905769348 34.063547752797604 54.794548094272614
leaf_count=230 1132 1138 629 274 1056 782 204 1120 1723 210 370 246 276 444
internal_value=1.12604e-05 -0.00350946 -0.00194638 0.0111069 0.0133409 0.000152681 0.00140974 0.000604329 0.00260433 0.00683252 0.0120906 0.0185998 0.0106354 0.0164781
internal_weight=1170.18 889.198 759.875 280.982 248.116 631.291 539.621 515.173 381.432 174.898 99.2836 74.0912 218.344 88.8581
internal_count=9834 7554 6416 2280 2006 5284 4502 4298 3178 1455 826 616 1776 720
is_linear=0
shrinkage=0.025


Tree=14
num_leaves=15
num_cat=0
split_feature=5 5 5 19 25 23 33 23 15 51 15 33 51 19
split_gain=617.831 123.921 90.6092 68.3074 67.5888 40.3326 32.768 19.6871 17.7738 15.1971 14.7459 12.6912 12.5074 9.38036
threshold=-0.70469611388715869 1.2188084392338301 -3.6020334012240642 0.0015154795381028001 -0.016629686917240694 -0.010283239357704298 2.5000000000000004 0.017483550977078804 0.062956791030507261 -0.23066239316239312 0.050758440274052803 6.5000000000000009 -0.34992378048780476 0.025230418341374555
decision_type=2 2 2 2 2 2 2 2 2 2 2 2 2 2
left_child=2 4 13 11 -2 8 -6 -8 12 -5 -7 -4 -3 -1
right_child=1 5 3 9 6 10 7 -9 -10 -11 -12 -13 -14 -15
leaf_value=0.024357006863591962 0.0094855647057847572 -0.013731408927031084 0.010515019100089446 -0.0058537134230545037 -0.010316939557708474 -0.014428123118041683 0.0035081771451231287 -0.0092099838405658371 -0.017032424023687331 0.0043685056689307502 -0.022630429494508469 0.018933758802299944 -0.0017488472456584315 0.0098971368417970027
leaf_weight=347.12791246175766 240.16750061511993 67.041974365711212 272.77202516794205 110.19373229146004 413.51534017920494 503.87117832899094 265.1285785138607 100.86517059803009 90.560291975736618 408.5170873105526 254.81514465808868 268.27586781978607 259.87818518280983 47.548555642366409
leaf_count=926 643 181 729 296 1118 1371 712 273 247 1095 699 716 701 127
internal_value=0 -0.00837019 0.0126069 0.00868935 -0.00194657 -0.0138862 -0.00553869 -6.35484e-06 -0.00740885 0.00211403 -0.0173458 0.0148703 -0.00445128 0.0228231
internal_weight=3650.28 2195.84 1454.44 1059.76 1019.68 1176.17 779.509 365.994 417.48 518.711 758.686 541.048 326.92 394.676
internal_count=9834 5945 3889 2836 2746 3199 2103 985 1129 1391 2070 1445 882 1053
is_linear=0
shrinkage=0.025


Tree=15
num_leaves=15
num_cat=0
split_feature=5 17 5 25 19 33 19 25 51 17 6 33 17 51
split_gain=583.924 117.662 84.0385 83.6739 68.3025 39.9129 20.7257 19.5207 15.8061 13.5121 15.4074 13.4291 11.8042 11.4399
threshold=0.69535847144067164 -0.033982554512500839 3.7951902441914229 0.014336914249879802 -0.0039380325446031995 -2.4999999999999996 0.0071067442824830507 -0.017863183170440496 0.22727272727272727 -0.0046942010038770491 12.157768189350078 10.500000000000002 0.036058910320779951 -0.23066239316239312
decision_type=2 2 2 2 2 2 2 2 2 2 2 2 2 2
left_child=1 6 4 5 8 7 -1 -3 12 10 -5 -6 -2 -8
right_child=2 3 -4 9 11 -7 13 -9 -10 -11 -12 -13 -14 -15
leaf_value=-0.020116757028053437 0.00069014893350563262 -0.009739818058614862 0.02276669280584398 -0.0024819294312718536 0.017271395215178453 -0.012109059580376974 0 0.00081292708944125265 -0.0063613318794851804 0.012138594096217679 0.0097337078737276417 0.0089033466362905614 0.0098158132278626051 -0.013064513357452493
leaf_weight=425.68794396519661 246.23040556907654 151.9291435778141 356.06444707512856 159.77731755375862 381.17726522684097 582.82160431146622 50.838143318891525 349.0699028968811 109.80017712712288 131.73671445250511 99.513113856315613 225.77267944812775 140.28534609079361 234.64586475491524
leaf_count=1173 661 413 950 429 1017 1583 138 940 295 352 267 603 375 638
internal_value=0 -0.00817463 0.0122164 -0.00409871 0.00870158 -0.00767674 -0.0165048 -0.00240243 0.00173383 0.0057272 0.00220717 0.0142977 0.00414921 -0.0107794
internal_weight=3645.35 2186.02 1459.33 1474.85 1103.27 1083.82 711.172 500.999 496.316 391.027 259.29 606.95 386.516 285.484
internal_count=9834 5933 3901 3984 2951 2936 1949 1353 1331 1048 696 1620 1036 776
is_linear=0
shrinkage=0.025


Tree=16
num_leaves=15
num_cat=0
split_feature=6 5 5 6 10 40 12 12 40 30 54 34 28 6
split_gain=71.2099 18.0178 25.7285 11.3095 9.39424 13.774 11.3497 10.7631 8.86665 8.36623 8.21055 8.75272 9.23322 7.38331
threshold=8.3503252627319124 3.3769211481995831 -3.3858879718406665 4.7523759419866929 1.9642529179252095 27.000000000000004 0.09098993529151421 0.097889620631630564 17.500000000000004 1.5090362260485526 0.73048514356719274 170.50000000000003 12.872152216698478 9.0570604377188424
decision_type=2 2 2 2 2 2 2 2 2 2 2 2 2 2
left_child=3 2 -2 -1 5 -5 -6 -8 -9 10 11 12 13 -4
right_child=1 -3 9 4 6 -7 7 8 -10 -11 -12 -13 -14 -15
leaf_value=0.022725800245274447 -0.011956112435116829 -0.011993589629601266 -0.0077042488722916681 0.0033459613019164143 -0.0024410920731445908 0.025011448768761869 0.022090943733001508 0.014829343481149735 -0.003337074526538419 -0.0066077827930084241 0.014194680240922901 -0.0047535417716978723 -0.0033244063638250749 0.006281457683656325
leaf_weight=41.57605879753828 126.8600699454546 127.63616927713156 20.202015459537506 39.614388801157475 74.855075567960739 39.203533232212067 27.567143850028515 21.1293720677495 39.446880534291267 91.162630379199982 24.750205025076866 133.25203612446785 109.88148330152035 252.18415635824203
leaf_count=320 1132 1138 168 322 614 314 222 170 318 782 204 1120 918 2092
internal_value=2.45243e-05 -0.00344945 -0.0019094 0.0108429 0.00827958 0.0152697 0.00439685 0.0102916 0.0032658 0.000147859 0.00138376 0.000590236 0.00255486 0.00503388
internal_weight=1169.32 885.929 758.293 283.392 241.816 78.8179 162.998 88.1434 60.5763 631.433 540.27 515.52 382.268 272.386
internal_count=9834 7554 6416 2280 1960 636 1324 710 488 5284 4502 4298 3178 2260
is_linear=0
shrinkage=0.025


Tree=17
num_leaves=15
num_cat=0
split_feature=5 11 17 21 25 33 23 33 21 21 17 6 11 51
split_gain=583.206 106.583 97.8767 76.5399 71.7664 32.3593 22.332 19.4518 17.5965 17.4956 14.0555 13.6462 13.267 11.5421
threshold=-0.35010430527199271 -0.036930603181147499 0.033949374021242658 0.003912363437757701 -0.014054970658154897 2.5000000000000004 -0.0076916624766641987 -10.499999999999998 0.028464142616166904 0.0070481319755968013 -0.018681777864463647 12.075917094969027 0.017215913645206003 -0.31564121571534465
decision_type=2 2 2 2 2 2 2 2 2 2 2 2 2 2
left_child=1 9 4 7 11 -6 -4 10 -7 -1 -3 12 -2 -5
right_child=2 3 6 13 5 8 -8 -9 -10 -11 -12 -13 -14 -15
leaf_value=0.023597624494188212 0.0053240031331223125 0.012058901689227278 -0.010695165053444901 -0.0092474226165171862 -0.012710005211819326 -0.00080762864954490334 -0.020295629575785644 0.015841050248817098 -0.013517040624842836 0.013658100415859454 0.00019510634933870815 0.010900466754887463 -0.007351824969558796 0.00052566985770833088
leaf_weight=338.07425481081009 137.52392381429672 128.43743669986725 293.29199910163879 88.708180755376816 510.09221690893173 358.49537855386734 417.92159208655357 357.8500392138958 80.830104261636734 231.95270985364914 125.81250995397568 133.11809524893761 75.398740381002426 367.91725066304207
leaf_count=902 368 343 798 239 1386 967 1152 955 220 619 337 357 203 988
internal_value=-1.90186e-06 0.0110382 -0.00903529 0.00629773 -0.00488466 -0.00843505 -0.0164738 0.0120443 -0.00332805 0.0197505 0.00640166 0.0047666 0.000654913 -0.00139838
internal_weight=3645.42 1638.75 2006.67 1068.73 1295.46 949.418 711.214 612.1 439.325 570.027 254.25 346.041 212.923 456.625
internal_count=9834 4383 5451 2862 3501 2573 1950 1635 1187 1521 680 928 571 1227
is_linear=0
shrinkage=0.025


Tree=18
num_leaves=15
num_cat=0
split_feature=5 11 17 25 19 33 33 23 11 19 25 17 19 17
split_gain=551.281 103.307 91.2313 71.788 68.9586 25.3212 21.3041 20.119 19.0653 16.8813 15.4174 12.7386 12.5987 10.9103
threshold=0.3085426123067796 0.036930603181147513 -0.034926904785864389 -0.014592393965839548 0.0031425250412902002 -1.4999999999999998 1.0000000180025095e-35 0.0079320469996332511 -0.017448020673611748 -0.0029009888728488997 0.018790175584308854 0.074916366975457269 -0.032584009830151792 -0.070271906861359826
decision_type=2 2 2 2 2 2 2 2 2 2 2 2 2 2
left_child=2 3 7 -2 6 -5 12 -1 -6 11 -7 -3 -4 -9
right_child=1 9 4 5 8 10 -8 13 -10 -11 -12 -13 -14 -15
leaf_value=-0.019872257887029839 -0.0045517965795090678 0.010054130780723182 -0.016354356741517747 0.01414627254889325 -0.0042176454676716556 0.0015492184907337832 -0.014138389975284918 -0.019078474998302793 0.0051406168084827163 0.02348622890615017 0.012385387108969692 0.023516677349470216 -0.0030200257859927691 -0.0072417313980073922
leaf_weight=410.0814294219017 289.43339830636978 199.67781242728233 50.182471662759781 415.68834096193314 212.42986732721329 268.65916037559509 377.90061566233635 71.012085914611816 353.17056918144226 303.58578336238861 118.8120111823082 66.318169444799423 290.65003132820129 211.95208549499512
leaf_count=1138 779 533 137 1110 573 720 1033 195 947 811 317 177 787 577
internal_value=-1.02814e-06 0.0105873 -0.00891841 0.00600713 -0.00491321 0.0098478 -0.0100299 -0.0162166 0.00157584 0.019201 0.00505112 0.0138748 -0.00526366 -0.0105788
internal_weight=3639.55 1662.17 1977.38 1092.59 1284.33 803.16 718.733 693.046 565.6 569.582 387.471 265.996 340.833 282.964
internal_count=9834 4447 5387 2926 3477 2147 1957 1910 1520 1521 1037 710 924 772
is_linear=0
shrinkage=0.025


Tree=19
num_leaves=15
num_cat=0
split_feature=6 57 57 32 22 30 50 14 52 6 32 32 44 55
split_gain=68.4129 17.5524 25.088 10.9899 10.7822 8.08025 8.02424 8.05637 9.32777 11.0741 8.56659 7.80084 7.87401 8.29568
threshold=8.3503252627319124 3.3769211481995831 -3.3056450024191064 0.94350813417772594 0.068755530463072353 1.5090362260485526 33.500000000000007 0.12751896674551136 0.090230664857530521 11.510161403816968 0.97495693609139 1.0806257105437347 32.500000000000007 -1.0310896317021181
decision_type=2 2 2 2 2 2 2 2 2 2 2 2 2 2
left_child=3 2 -2 -1 -5 6 7 -4 9 -9 -10 12 13 -6
right_child=1 -3 5 4 11 -7 -8 8 10 -11 -12 -13 -14 -15
leaf_value=-0.0013472452443088864 -0.011681078895195363 -0.011886443551714568 -0.0024941547753973732 0.02564545539934773 0 -0.0064860244753237586 -0.0023354090381682521 0.013114164441168625 -0.0032814483238333934 -0.0049860294125100455 0.012371925617863676 -0.0029030738530983939 0.0025785170225150465 0.016961529700279077
leaf_weight=37.211307056248188 129.36397936195135 125.8559569939971 84.747080132365227 32.839707665145397 19.652123615145683 90.251920066773891 207.9536279514432 24.179616652429104 21.125225245952606 71.544619396328926 127.61031333357096 21.977238200604916 55.513430155813694 118.61214388906956
leaf_count=302 1167 1138 704 256 158 779 1741 199 177 598 1051 176 444 944
internal_value=3.78666e-05 -0.00338877 -0.001874 0.0105824 0.012458 0.00018492 0.00140134 0.0038362 0.00613698 0 0.00995161 0.00980213 0.0114056 0.0145616
internal_weight=1168.44 882.632 756.776 285.806 248.595 627.412 537.16 329.207 244.46 95.7242 148.736 215.755 193.778 138.264
internal_count=9834 7554 6416 2280 1978 5249 4470 2729 2025 797 1228 1722 1546 1102
is_linear=0
shrinkage=0.025


Tree=20
num_leaves=15
num_cat=0
split_feature=5 5 5 21 21 33 19 23 11 17 33 29 37 19
split_gain=551.201 111.614 82.2885 72.2244 64.7184 24.6772 23.8124 16.0697 15.9801 14.3728 14.3324 13.0161 12.6322 12.2267
threshold=-0.70469611388715869 1.9221490341828835 -3.6020334012240642 -0.0058230157847948992 0.003912363437757701 2.5000000000000004 -0.0071286258543985992 0.017483550977078804 0.017448020673611755 -0.018681777864463647 28.500000000000004 0.050029159816499108 -1.0000000180025095e-35 -0.011679629833989449
decision_type=2 2 2 2 2 2 2 2 2 2 2 2 2 2
left_child=2 3 -1 8 9 -5 11 -7 -2 -4 -6 -3 -8 -11
right_child=1 6 4 5 10 7 12 -9 -10 13 -12 -13 -14 -15
leaf_value=0.021632242714699924 0.0060810196841386459 -0.0033695349604249986 0.016637047318822755 -0.012361433578400954 -0.0019113121634192353 0.00050886508013757079 -0.0052727944905669091 -0.010176887815649953 -0.0034437061017846601 0.012777645233747692 0.0068581725046159437 -0.013813583233938949 -0.019641203707053044 0
leaf_weight=394.30332976579666 404.48781126737595 146.94357413053513 385.63859239220619 419.41957038640976 304.11252629756927 235.72496855258942 51.685119926929474 131.19911399483681 143.22469395399094 111.29375231266022 179.96034324169159 176.08112108707428 476.25271174311638 79.316939413547516
leaf_count=1053 1083 399 1029 1143 816 635 142 357 386 297 482 481 1319 212
internal_value=-4.30415e-06 -0.00794285 0.0118896 -0.00338325 0.00815854 -0.00822654 -0.0150002 -0.00333021 0.00353649 0.0137872 0.00133452 -0.00926259 -0.0183441 0.00761576
internal_weight=3639.64 2185.02 1454.63 1334.06 1060.32 786.344 850.963 366.924 547.713 576.249 484.073 323.025 527.938 190.611
internal_count=9834 5945 3889 3604 2836 2135 2341 992 1469 1538 1298 880 1461 509
is_linear=0
shrinkage=0.025


Tree=21
num_leaves=15
num_cat=0
split_feature=5 17 21 5 21 33 23 11 33 23 17 19 51 17
split_gain=521.666 105.694 76.8959 76.4775 65.1527 32.5027 20.7178 18.3831 16.7756 15.9714 14.4295 11.386 10.9184 9.36853
threshold=0.69535847144067164 -0.033982554512500839 0.0056782091684678508 3.7951902441914229 -0.0062800009109677491 -2.4999999999999996 0.0079320469996332511 -0.017448020673611748 13.500000000000002 -0.018423590105424947 0.036058910320779951 0.021093295515184202 -0.23066239316239312 0.018655369845049456
decision_type=2 2 2 2 2 2 2 2 2 2 2 2 2 2
left_child=1 6 5 4 10 9 -1 -4 -6 -3 -2 -9 -8 -10
right_child=3 2 7 -5 8 -7 12 11 13 -11 -12 -13 -14 -15
leaf_value=-0.019403453890524655 -0.0022340899511301871 -0.0098167083774555047 -0.0033750203402094798 0.021617190231647265 0.016486916830401221 -0.013084392945614157 0 0.0023657789186245686 0.00032684639388246554 0.00030148591486140055 0.0068772302160844852 0.011063974732773979 -0.012327335387030146 0.011092001493715071
leaf_weight=414.020722001791 299.97845587134361 145.32787829637527 185.81531602144241 355.10135740041733 403.57406607270241 467.82811138033867 51.708383947610855 246.535878688097 81.176175892353058 263.87750166654587 162.4662259221077 161.69231155514717 237.7478991150856 156.18645998835564
leaf_count=1157 806 397 501 950 1077 1281 141 661 217 712 434 432 651 417
internal_value=-2.7154e-06 -0.00776158 -0.0039029 0.0115354 0.00818538 -0.00859529 -0.0157109 0.00299703 0.0133174 -0.00330672 0.000952743 0.00596367 -0.0101046 0.00759625
internal_weight=3633.04 2174.55 1471.08 1458.48 1103.38 877.033 703.477 594.044 640.937 409.205 462.445 408.228 289.456 237.363
internal_count=9834 5933 3984 3901 2951 2390 1949 1594 1711 1109 1240 1093 792 634
is_linear=0
shrinkage=0.025


Tree=22
num_leaves=15
num_cat=0
split_feature=6 57 57 56 10 34 22 2 30 56 34 32 18 52
split_gain=65.7178 17.1237 24.3753 15.8001 14.2477 11.6565 13.0697 8.85492 7.87505 7.90125 12.19 10.6082 9.10625 8.43914
threshold=8.3503252627319124 3.3769211481995831 -3.3858879718406665 0.82253623547044319 1.9626754775558803 116.50000000000001 0.096262139996845561 0.050581914236343763 1.5090362260485526 1.3401577874656272 172.50000000000003 0.96793981481481495 0.11354272093757621 0.090230664857530521
decision_type=2 2 2 2 2 2 2 2 2 2 2 2 2 2
left_child=3 2 -2 4 -1 -6 -7 -8 9 10 11 -4 -13 -14
right_child=1 -3 8 -5 5 6 7 -9 -10 -11 -12 12 13 -15
leaf_value=0.02050164269878918 -0.011759319627246412 -0.011783730691251711 -0.0082947121717551076 -0.0047803470841663552 -0.0025077758788554574 0.0020448522316166046 0.0010912587898895586 0.024289518843913806 -0.0064550042925379334 0.013026461788899518 -0.0060085885895817563 -0.0050412209021724608 -0.0002638278958915877 0.0086824602294548539
leaf_weight=89.187747187912464 123.65243699401617 124.18325293064117 41.830766886472702 33.225436113774776 46.540735602378845 57.041040167212486 16.415603630244732 45.79683605581522 90.080874428153038 29.063341058790684 127.05809161812067 49.141348242759705 87.515002064406872 206.89510436356068
leaf_count=688 1132 1138 352 274 372 452 130 364 782 241 1071 409 727 1702
internal_value=4.9829e-05 -0.00332947 -0.0018381 0.0103275 0.0124463 0.0074933 0.0115415 0.0190768 0.00014212 0.00133433 0.000503428 0.0027639 0.00428179 0.00597963
internal_weight=1167.63 879.42 755.237 288.207 254.982 165.794 119.253 62.2124 631.585 541.504 512.44 385.382 343.551 294.41
internal_count=9834 7554 6416 2280 2006 1318 946 494 5284 4502 4261 3190 2838 2429
is_linear=0
shrinkage=0.025


Tree=23
num_leaves=15
num_cat=0
split_feature=5 11 17 21 19 33 19 33 11 19 13 17 19 51
split_gain=520.544 96.0076 88.6238 69.6086 65.6686 20.7619 19.5835 18.0404 16.6485 16.3482 13.0257 12.8716 12.8036 11.0954
threshold=-0.35010430527199271 -0.036930603181147499 0.033949374021242658 0.003912363437757701 -0.0033418557900518997 1.0000000180025095e-35 -0.0071286258543985992 -10.499999999999998 0.017448020673611755 0.0029538635858879004 -0.075631601288805986 -0.018681777864463647 0.031858610893316056 0.23670062252405202
decision_type=2 2 2 2 2 2 2 2 2 2 2 2 2 2
left_child=1 9 4 7 8 -6 13 11 -2 -1 -11 -3 -7 -4
right_child=2 3 6 -5 5 12 -8 -9 -10 10 -12 -13 -14 -15
leaf_value=0.022901385706300827 0.0049651489414341519 0.01137433107893074 -0.012367210232429421 -0.0014216067948621314 -0.013598986061581358 -0.0025898919045186427 -0.019235185215394579 0.015049999284012737 -0.0038806978770062235 0.022705547638581181 0.009445405346657991 2.7135273591704068e-05 -0.015495683018398383 0.0001395191400699059
leaf_weight=303.70953258872032 360.94419330358505 128.53838974237442 233.72127035260201 456.52922177314758 382.12846851348877 291.47798094153404 420.46815297007561 357.95170769095421 201.60291460156441 71.166128814220428 194.12213814258575 125.84789961576462 55.436968415975571 49.487144112586975
leaf_count=813 967 343 640 1227 1048 790 1175 955 544 190 518 337 152 135
internal_value=-6.47372e-06 0.010414 -0.00857755 0.00591672 -0.00463038 -0.00956199 -0.0157035 0.0113955 0.00174471 0.0186936 0.0134493 0.00596585 -0.00491414 -0.0101306
internal_weight=3633.13 1637.87 1995.27 1068.87 1291.59 729.043 703.677 612.338 562.547 568.998 265.288 254.386 346.915 283.208
internal_count=9834 4383 5451 2862 3501 1990 1950 1635 1511 1521 708 680 942 775
is_linear=0
shrinkage=0.025


Tree=24
num_leaves=15
num_cat=0
split_feature=5 37 5 19 5 23 19 33 51 19 29 33 17 23
split_gain=492.629 102.232 72.8383 59.2528 40.8034 40.1014 28.8198 18.7685 14.7357 12.7475 11.9247 11.5307 9.85487 9.62557
threshold=0.69535847144067164 -1.0000000180025095e-35 3.7951902441914229 -0.0039380325446031995 -1.9225926003210299 0.014457767332001803 0.0044326493404905501 -3.4999999999999996 0.22727272727272727 0.0072915062386856517 -0.0083633523682776472 10.500000000000002 0.036058910320779951 -0.017279060527681144
decision_type=2 2 2 2 2 2 2 2 2 2 2 2 2 2
left_child=1 4 3 8 9 7 -6 13 12 -1 -7 -5 -2 -3
right_child=2 5 -4 11 6 10 -8 -9 -10 -11 -12 -13 -14 -15
leaf_value=-0.018959441573829745 0.00061421842605404462 -0.0072199115482785518 0.021059839681423068 0.015913751815933363 -0.011294829166523102 0.0023872875167192543 -0.00036496200319121724 -0.0090330770100503499 -0.0063671595583698727 -0.010989669849292059 0.013270472765002662 0.0081451517754123695 0.0089586855677508872 0.0027690253739433217
leaf_weight=429.96188554167747 246.22743710875511 78.442392081022263 354.27718991041183 380.85303971171379 407.79227119684219 158.36412262916565 245.70158666372299 279.62111762166023 109.74393811821938 244.6501008272171 111.40233141183853 225.81319063901901 140.49143987894058 212.32890743017197
leaf_count=1209 661 215 950 1017 1115 426 660 766 295 671 298 603 375 573
internal_value=-4.75024e-06 -0.00756055 0.0112068 0.00793906 -0.0118664 -0.000694486 -0.00725734 -0.00446941 0.00145001 -0.0162081 0.00713228 0.0131532 0.00378517 0
internal_weight=3625.67 2168.26 1457.41 1103.13 1328.11 840.159 653.494 570.392 496.463 674.612 269.766 606.666 386.719 290.771
internal_count=9834 5933 3901 2951 3655 2278 1775 1554 1331 1880 724 1620 1036 788
is_linear=0
shrinkage=0.025


Tree=25
num_leaves=15
num_cat=0
split_feature=6 5 5 56 10 34 22 2 30 32 38 6 44 26
split_gain=63.1458 16.7129 23.6508 15.1091 13.2718 11.1903 12.3534 8.26621 7.60949 7.24794 10.281 9.50658 7.46706 13.8772
threshold=8.3503252627319124 3.3769211481995831 -3.3056450024191064 0.82253623547044319 1.9626754775558803 116.50000000000001 0.096262139996845561 0.050581914236343763 1.5090362260485526 1.0560037826281146 367.00000000000006 10.509338690399259 29.500000000000004 0.14797458105153424
decision_type=2 2 2 2 2 2 2 2 2 2 2 2 2 2
left_child=3 2 -2 4 -1 -6 -7 -8 9 12 -11 -12 13 -4
right_child=1 -3 8 -5 5 6 7 -9 -10 10 11 -13 -14 -15
leaf_value=0.019842018031744367 -0.011469394612220431 -0.011682306241251082 0.0088079749476649774 -0.0047202819450269523 -0.0024757796948131489 0.002008945045403361 0.0010678776693279644 0.023490156809667262 -0.0063402372779701082 -0.0053672238108017842 -0.00063008428457790751 0.016010739504448059 -0.004463908603594257 -0.0024313448960327495
leaf_weight=90.720902122557163 125.94745910912752 122.56206062436104 113.72044843435287 33.077395558357239 46.44827089458704 57.139617428183556 16.438724771142006 46.719628468155861 89.235804826021194 27.247766815125942 27.083057291805744 61.062721289694309 155.49801278859377 153.88032840937376
leaf_count=688 1167 1138 941 274 372 452 130 364 779 226 224 502 1294 1283
internal_value=6.19521e-05 -0.00327065 -0.00180183 0.0100825 0.0121331 0.0073379 0.0112742 0.0185274 0.000173669 0.00134751 0.00676462 0.01087 -0.000133274 0.00232719
internal_weight=1166.78 876.238 753.676 290.545 257.467 166.746 120.298 63.1584 627.728 538.492 115.394 88.1458 423.099 267.601
internal_count=9834 7554 6416 2280 2006 1318 946 494 5249 4470 952 726 3518 2224
is_linear=0
shrinkage=0.025


Tree=26
num_leaves=15
num_cat=0
split_feature=13 11 21 21 17 37 33 19 19 13 13 17 18 13
split_gain=485.441 114.328 80.9018 70.4373 40.7932 32.4056 23.1413 18.9378 16.9943 16.94 14.4324 13.6918 11.6803 11.0872
threshold=0.00028070733625715005 -0.035708053290708544 0.0061911079690230011 -0.0071025290641728491 0.036058910320779951 -2.4999999999999996 1.0000000180025095e-35 0.0029538635858879004 -0.022685037659836295 0.020471838273298102 -0.075631601288805986 -0.010447189946154097 0.16517131444031083 0.019233889684472604
decision_type=2 2 2 2 2 2 2 2 2 2 2 2 2 2
left_child=1 7 6 4 12 -5 8 -1 -3 -7 -9 -10 13 -2
right_child=3 2 -4 5 -6 9 -8 10 11 -11 -12 -13 -14 -15
leaf_value=0.022290723382489476 0.0027801416068318793 0.014767051463422921 -0.0029819454232423923 -0.0031189865177353865 -0.010831153408170811 -0.01043222023273223 0.014074515831434195 0.022257460739579543 0.0061397172796204503 -0.018160819791218703 0.0086508761788686422 -0.0052025315759008624 0.0074395677188213438 -0.006408701698961722
leaf_weight=317.44683825969696 179.24178004264832 80.210447609424591 513.38978773355484 168.76950797438622 271.36605834960938 330.85185062885284 389.20185399055481 71.445628196001053 168.452108502388 553.31724378466606 207.55139827728271 101.39602419734001 132.24357825517654 140.89569562673569
leaf_count=852 480 214 1385 461 747 905 1039 191 450 1548 554 273 355 380
internal_value=-8.35852e-06 0.00893964 0.0045896 -0.00933401 -0.00325231 -0.0134556 0.00986607 0.0179199 0.00498432 -0.0153719 0.0125538 0.00176977 0.00130799 -0.00122343
internal_weight=3625.78 1849.09 1252.65 1776.69 723.747 1052.94 739.26 596.444 350.059 884.169 278.997 269.848 452.381 320.137
internal_count=9834 4958 3361 4876 1962 2914 1976 1597 937 2453 745 723 1215 860
is_linear=0
shrinkage=0.025


Tree=27
num_leaves=15
num_cat=0
split_feature=5 11 11 21 25 33 33 19 19 19 17 17 29 51
split_gain=465.245 89.2372 78.9145 66.1931 60.1766 28.3444 17.0426 16.4539 15.2876 15.0193 12.3223 12.1174 11.8969 11.7946
threshold=0.3085426123067796 0.036930603181147513 -0.03313171846882669 -0.0038159083426214497 0.014336914249879802 -2.4999999999999996 10.500000000000002 0.026223075370021703 -0.0029009888728488997 -0.032584009830151792 0.018655369845049456 0.074916366975457269 -0.013748092638233548 0.31285474716202283
decision_type=2 2 2 2 2 2 2 2 2 2 2 2 2 2
left_child=2 3 7 13 5 9 -5 -1 11 -4 -8 -3 -6 -2
right_child=1 8 4 6 12 -7 10 -9 -10 -11 -12 -13 -14 -15
leaf_value=-0.017225747452151812 0.00032896355803819881 0.0090103208853536641 -0.015747380654762461 0.01425520752077632 -0.00021018901900540229 -0.011936897502695484 0 -0.0047601153079115839 0.021834079643658921 -0.0015020184521117215 0.010857839891436741 0.022070451380402395 0.0087011198231996718 -0.0094124645094179182
leaf_weight=537.41911679506302 376.17157131433487 199.51651212573051 48.546958029270172 366.61690670251846 195.48595720529556 524.32065859436989 129.65818560123444 87.314312547445297 301.23177701234818 400.56221607327461 128.12651395797729 65.959367364645004 165.49469715356827 91.438794404268265
leaf_count=1515 1011 533 134 979 525 1444 347 240 811 1086 342 177 443 247
internal_value=-7.69492e-06 0.00971294 -0.00825422 0.00545978 -0.0047629 -0.00799325 0.0107591 -0.0155748 0.0177454 -0.00325337 0.00551519 0.0126956 0.00387003 -0.00160245
internal_weight=3617.86 1658.72 1959.14 1092.01 1334.41 973.43 624.402 624.733 566.708 449.109 257.785 265.476 360.981 467.61
internal_count=9834 4447 5387 2926 3632 2664 1668 1755 1521 1220 689 710 968 1258
is_linear=0
shrinkage=0.025


Tree=28
num_leaves=15
num_cat=0
split_feature=6 5 5 6 8 8 14 18 54 50 3 54 3 26
split_gain=60.5428 16.2826 22.9747 10.2198 7.99348 8.69306 8.69643 8.60719 7.49928 6.20601 8.72707 7.39769 9.42136 8.44972
threshold=8.3503252627319124 3.3769211481995831 -3.3858879718406665 4.7523759419866929 148.95991706694502 146.06399331834524 0.094105991200296571 0.083273788420051162 -0.027398974188114145 33.500000000000007 0.94581863514829989 -0.39370580113841042 1.0152087946589063 0.14831315580347512
decision_type=2 2 2 2 2 2 2 2 2 2 2 2 2 2
left_child=3 2 -2 -1 5 6 -5 8 -6 11 -11 12 -4 -13
right_child=1 -3 9 4 7 -7 -8 -9 -10 10 -12 13 -14 -15
leaf_value=0.020840636193699354 -0.011545631364638691 -0.011573998548168879 -0.009232553462274239 0 -0.002701484498819354 -0.0028852459103558816 0.017601152537508331 0.018864395672274097 0.013647590849595005 0.011543953765444525 -0.0047154251778305477 0.0078684694363296195 0.0074376588640864471 -4.9571434615449143e-05
leaf_weight=43.681113727390766 120.29581089317799 120.86308314651251 63.255341373383999 30.680718220770359 34.32269099354744 70.373353220522404 31.572482243180275 57.147610411047935 25.179842159152031 17.360019221901894 206.75014525651932 156.22349043935537 24.818577222526073 163.33855798095465
leaf_count=320 1132 1138 530 242 270 560 246 444 198 146 1740 1294 208 1366
internal_value=7.50449e-05 -0.00320864 -0.00176363 0.00983276 0.00743364 0.00281321 0.00936229 0.0121498 0.00435103 0.000135812 -0.00312238 0.00200382 -0.00411921 0.00380586
internal_weight=1165.86 872.905 752.042 292.958 249.277 132.627 62.2532 116.65 59.5025 631.746 224.11 407.636 88.0739 319.562
internal_count=9834 7554 6416 2280 1960 1048 488 912 468 5284 1886 3398 738 2660
is_linear=0
shrinkage=0.025


Tree=29
num_leaves=15
num_cat=0
split_feature=13 11 21 21 17 37 33 19 19 13 17 25 11 18
split_gain=459.046 108.743 76.6622 67.2135 38.2955 31.2526 22.1471 18.0858 16.2835 13.989 13.0738 12.096 11.8438 11.2759
threshold=0.00028070733625715005 -0.035708053290708544 0.0061911079690230011 -0.0071025290641728491 0.036058910320779951 1.0000000180025095e-35 1.0000000180025095e-35 0.0029538635858879004 -0.022685037659836295 -0.075631601288805986 -0.010447189946154097 0.017538634899420955 0.038258488535949757 0.16517131444031083
decision_type=2 2 2 2 2 2 2 2 2 2 2 2 2 2
left_child=1 7 6 4 13 -5 8 -1 -3 -9 -10 -4 -7 -2
right_child=3 2 11 5 -6 12 -8 9 10 -11 -12 -13 -14 -15
leaf_value=0.021742059898970795 -0.001232680667539213 0.014384430255520025 0.0013015368482626848 -0.0063798161595692892 -0.010520861219251528 -0.013151535879664897 0.013702884164093085 0.02177241074415201 0.0059346545440151178 0.0083775002488704411 -0.0051498912822344322 -0.0063011046104957729 -0.020587774700771205 0.0072779177966432896
leaf_weight=316.37739169597626 320.06611683964729 80.199216663837433 226.05778592824936 321.60169273614883 270.27443638443947 459.95620411634445 389.09014123678207 71.311015546321869 168.47551301121712 207.49729540944099 101.35249415040016 287.0649890601635 266.32220405340195 132.30597499012947
leaf_count=852 860 214 608 884 747 1271 1039 191 450 554 273 777 759 355
internal_value=-9.65782e-06 0.00868969 0.00444857 -0.00909983 -0.00315747 -0.0131396 0.00958522 0.0174597 0.00480908 0.0122148 0.00166218 -0.00292325 -0.0160347 0.00125412
internal_weight=3617.95 1847.43 1252.24 1770.53 722.647 1047.88 739.117 595.186 350.027 278.808 269.828 513.123 726.278 452.372
internal_count=9834 4958 3361 4876 1962 2914 1976 1597 937 745 723 1385 2030 1215
is_linear=0
shrinkage=0.025


Tree=30
num_leaves=15
num_cat=0
split_feature=5 5 5 21 25 25 33 15 33 25 15 33 51 30
split_gain=439.915 91.8902 66.7915 56.3464 52.0149 30.6451 25.0697 17.2375 15.1319 12.9301 12.6359 12.3878 12.1759 8.2324
threshold=0.69535847144067164 -1.2193044181360286 3.7951902441914229 -0.0062800009109677491 0.016621134079481955 0.013811022464139702 -2.4999999999999996 -0.063631378103105235 13.500000000000002 -0.017863183170440496 -0.051055882135887846 -28.499999999999996 0.3493019697838976 1.5138740922832745
decision_type=2 2 2 2 2 2 2 2 2 2 2 2 2 2
left_child=1 5 3 11 6 10 9 -7 -5 -3 -1 -2 -9 -12
right_child=2 4 -4 8 -6 7 -8 12 -10 -11 13 -13 -14 -15
leaf_value=-0.019502683548218814 0.0060401925094514053 -0.0076824560033810878 0.020057980107267226 0.015253815054342602 0.00837787393908738 -0.01603318846335559 -0.0090543412155687907 0.00022911741717759109 0.0068197706539424238 0.0027917834997536789 -0.013165361125529216 -0.0023212714550699702 -0.012268542354770359 -0.0018445143983797378
leaf_weight=264.02408969402313 170.28724825382233 95.952487170696259 352.04886415600777 402.4523933827877 239.8972145318985 72.573740720748901 406.19208198785782 216.2717307806015 237.26963543891907 267.3981586098671 485.13391226530075 292.06620198488235 56.504045128822327 51.359646022319794
leaf_count=757 456 263 950 1077 641 203 1113 587 634 718 1354 784 154 143
internal_value=-1.0845e-05 -0.00718069 0.0105874 0.00746257 -0.00163779 -0.0120136 -0.00482628 -0.00555908 0.0122416 0 -0.0147153 0.000736482 -0.00244394 -0.0121548
internal_weight=3609.43 2155.31 1454.12 1102.08 1009.44 1145.87 769.543 345.35 639.722 363.351 800.518 462.353 272.776 536.494
internal_count=9834 5933 3901 2951 2735 3198 2094 944 1711 981 2254 1240 741 1497
is_linear=0
shrinkage=0.025


Tree=31
num_leaves=15
num_cat=0
split_feature=6 5 5 56 10 34 6 12 32 38 32 32 42 54
split_gain=58.1759 15.8952 22.3472 14.3305 12.274 10.6954 11.7602 19.0984 7.61399 10.873 6.73882 12.5843 7.83535 5.96973
threshold=8.3503252627319124 3.3769211481995831 -3.3858879718406665 0.82253623547044319 1.9626754775558803 116.50000000000001 6.5844150189298789 0.070105252498854562 0.96448540980200081 367.00000000000006 1.0063332344855158 1.0579894010683721 20.500000000000004 0.24410188738434749
decision_type=2 2 2 2 2 2 2 2 2 2 2 2 2 2
left_child=3 2 -2 4 10 -6 7 -7 -8 -10 -1 12 -12 -4
right_child=1 -3 13 -5 5 6 8 -9 9 -11 11 -13 -14 -15
leaf_value=0.0055934386072922643 -0.011441326942153008 -0.011469771926581456 -0.0011064447940289811 -0.0047709300238621861 -0.0025786363283399703 0.021219870569918548 0.00097582270394514978 -0.0070970332485272465 0.0046673005016691273 0.031396127266581295 0.01167081467359078 0.0052694103017023649 0.040011529526472717 0.0046933577289216275
leaf_weight=26.864756271243095 118.7046674489975 119.26026559621096 494.36014126241207 33.200232170522213 46.741922296583652 16.824593290686607 16.503449119627476 40.882612153887749 19.542911916971207 28.449721567332745 18.753748252987862 23.048362329602242 24.330398939549923 137.20582541823387
leaf_count=202 1132 1138 4143 274 372 124 128 326 150 218 138 170 178 1141
internal_value=9.29083e-05 -0.00314531 -0.00172182 0.00960992 0.0115815 0.00698372 0.0107954 0.00179381 0.0177812 0.0224511 0.0188966 0.0231762 0.0306916 0.00014124
internal_weight=1164.67 869.531 750.271 295.143 261.942 168.945 122.203 57.7072 64.4961 47.9926 92.9973 66.1325 43.0841 631.566
internal_count=9834 7554 6416 2280 2006 1318 946 450 496 368 688 486 316 5284
is_linear=0
shrinkage=0.025


Tree=32
num_leaves=15
num_cat=0
split_feature=5 5 5 25 21 33 25 23 33 29 33 57 11 19
split_gain=442.346 90.4745 68.9363 59.6213 54.7924 27.1529 20.8807 17.3051 14.1558 12.6665 12.092 11.6913 11.2806 8.7918
threshold=-0.70469611388715869 1.9221490341828835 -3.816330455861968 -0.016629686917240694 0.003912363437757701 2.5000000000000004 -0.032747413441174496 0.017483550977078804 28.500000000000004 0.042164921687141706 -13.499999999999998 -0.84714096762283686 0.016654432959826351 -0.0099641612165332991
decision_type=2 2 2 2 2 2 2 2 2 2 2 2 2 2
left_child=2 3 -1 12 10 -5 -3 11 -6 13 -4 -7 -2 -8
right_child=1 6 4 5 8 7 9 -9 -10 -11 -12 -13 -14 -15
leaf_value=0.020346283303568614 0.0091479194190744878 -0.0015870298725731197 0.0074707990067455462 -0.009975913217973819 -0.001807735162718648 -0.0086433523317365115 -0.0024839610726094994 -0.00922644399960495 0.0067639643620814307 -0.01782870464228482 0.015396433446113545 0.0034269240980869652 -0.00060107983165623294 -0.012950783508814201
leaf_weight=347.16890797019005 225.42586553096771 86.740532070398331 223.24142092466354 531.13955608010292 318.51998800039291 55.130574971437454 75.456322133541107 130.38565000891685 184.80443224310875 442.24492931365967 375.70337644219398 283.55952394008636 101.6930778324604 228.30550661683083
leaf_count=936 602 239 597 1458 855 150 206 358 495 1252 1006 762 274 644
internal_value=-1.23042e-05 -0.00718237 0.0106439 -0.00308457 0.00748744 -0.00612154 -0.0136267 -0.00164528 0.00132591 -0.0149734 0.0125701 0.00129227 0.0060785 -0.0105141
internal_weight=3609.52 2160.08 1449.44 1327.33 1102.27 1000.22 832.747 469.076 503.324 746.007 598.945 338.69 327.119 303.762
internal_count=9834 5945 3889 3604 2953 2728 2341 1270 1350 2102 1603 912 876 850
is_linear=0
shrinkage=0.025


Tree=33
num_leaves=15
num_cat=0
split_feature=5 11 37 21 21 25 13 33 11 19 33 17 17 51
split_gain=415.533 81.4563 74.0284 60.3444 36.7751 27.7589 26.7545 15.8193 14.6876 14.3125 13.8526 11.5952 11.5399 11.2499
threshold=0.3085426123067796 0.036930603181147513 -1.0000000180025095e-35 -0.0038159083426214497 0.0070481319755968013 0.017538634899420955 -0.019568331076781045 10.500000000000002 -0.040575335466192845 -0.0014820264964910499 -4.4999999999999991 0.074916366975457269 0.018655369845049456 0.31285474716202283
decision_type=2 2 2 2 2 2 2 2 2 2 2 2 2 2
left_child=2 3 4 13 8 10 -6 -5 -1 11 -4 -3 -9 -2
right_child=1 9 5 7 6 -7 -8 12 -10 -11 -12 -13 -14 -15
leaf_value=-0.020205392731271032 0.00025731688119295942 0.0087065111300643275 -0.00019253682569140204 0.013549340966146475 -0.0093304712027768074 0.0065281076600949232 0.0040443771345155498 0 -0.01217342773326948 0.021045541084928815 -0.008530510352509733 0.021203903339612862 0.010302775119262314 -0.0092599820236179391
leaf_weight=242.38282403349876 376.10137650370598 209.17710953950882 255.32589849829674 365.99813655018806 334.61188831925392 196.12944367527962 122.67351225018501 129.65286648273468 543.91065776348114 285.49537369608879 250.92320355772972 68.853264182806015 128.05180734395981 91.286577999591827
leaf_count=705 1011 560 695 979 922 527 329 347 1514 775 695 186 342 247
internal_value=-1.47785e-05 0.00917379 -0.00784397 0.0051142 -0.0114995 -0.00130098 -0.00568346 0.0101784 -0.014793 0.0168758 -0.00441718 0.0122097 0.00512892 -0.00162694
internal_weight=3600.57 1654.62 1945.96 1091.09 1243.58 702.379 457.285 623.703 786.293 563.526 506.249 278.03 257.705 467.388
internal_count=9834 4447 5387 2926 3470 1917 1251 1668 2219 1521 1390 746 689 1258
is_linear=0
shrinkage=0.025


Tree=34
num_leaves=15
num_cat=0
split_feature=6 5 5 56 6 42 56 56 24 38 8 32 42 20
split_gain=56.1148 15.4879 21.8644 13.7837 9.42068 7.3345 12.4894 12.4087 10.2912 11.6544 8.00038 10.131 7.86037 7.6821
threshold=8.3503252627319124 3.2853909680430351 -3.3056450024191064 0.82253623547044319 4.5578703544601442 29.500000000000004 -1.359809826392514 -0.8179725042925311 0.092094749984531474 367.00000000000006 147.68810000318152 1.0099907044905592 290.50000000000006 0.10365497885120996
decision_type=2 2 2 2 2 2 2 2 2 2 2 2 2 2
left_child=3 2 -2 4 -1 6 -6 -7 10 -10 -8 -12 13 -9
right_child=1 -3 -4 -5 5 7 8 12 9 -11 11 -13 -14 -15
leaf_value=0.023661315458522517 -0.01115338935676911 -0.011197037138794637 0.00022525789785091395 -0.0047097782984003404 -0.010426505724401111 0.025074574720899204 -0.010193644720411765 0.019690904501886687 0.00010580781522369408 0.02381577085094318 -0.004584831192018534 0.018613303448169288 -0.0064051169091661076 -2.1840757665065989e-05
leaf_weight=33.21688087284565 121.08332718908787 121.86461633443832 623.24087851494551 33.049474589526653 22.212445758283138 36.714510723948479 21.442412465810776 22.966661751270294 22.913712538778782 33.271097436547279 17.936156176030636 18.391668066382408 17.192570716142654 17.683186292648315
leaf_count=230 1167 1174 5213 274 174 276 168 174 178 256 140 140 132 138
internal_value=0.000115737 -0.00308228 -0.00165448 0.00942231 0.0113395 0.00899522 0.00472043 0.0143538 0.00819723 0.0153536 0.000170355 0.00738577 0.00569754 0.0115048
internal_weight=1163.18 866.189 744.324 296.991 263.941 230.724 136.167 94.5569 113.955 56.1848 57.7702 36.3278 57.8424 40.6498
internal_count=9834 7554 6380 2280 2006 1776 1056 720 882 434 448 280 444 312
is_linear=0
shrinkage=0.025


Tree=35
num_leaves=15
num_cat=0
split_feature=5 37 5 21 21 23 13 13 37 37 17 25 35 11
split_gain=417.686 91.36 65.6066 52.3046 36.1262 36.0659 26.5608 18.8298 13.4269 11.8631 11.1353 9.07954 8.56507 7.86301
threshold=-0.70469611388715869 1.0000000180025095e-35 -3.816330455861968 0.003912363437757701 -0.0071025290641728491 -0.014457767332001799 0.019561672137660302 0.020471838273298102 -1.0000000180025095e-35 -8.9999999999999982 0.012957901774571302 0.016621134079481955 -3.6999999999999971 0.017448020673611755
decision_type=2 2 2 2 2 2 2 2 2 2 2 2 2 2
left_child=2 5 -1 8 6 13 -3 12 -4 -5 11 -7 -6 -2
right_child=1 4 3 9 7 10 -8 -9 -10 -11 -12 -13 -14 -15
leaf_value=0.019830284735257799 0.010071225973271793 0.0033486454046852267 0.014760671909860315 0.0083653638309693201 -0.014905138987962528 0.0012505591104420726 -0.0092904343114910692 -0.01762127853888484 0.006089622155414082 -0.00074128756772366992 -0.0085424257048250813 -0.0073361562351481257 -0.0063160551643877518 0.00090951046909715965
leaf_weight=345.80595764517784 171.50637501478195 143.29109388589859 416.19569644331932 109.10169416666031 126.95348459482193 250.52428966760635 333.7612838447094 475.19202288985252 182.07994985580444 394.21660998463631 215.41455021500587 103.58991611003876 234.29726600646973 98.72811558842659
leaf_count=936 458 384 1116 292 350 676 921 1360 487 1058 599 285 644 268
internal_value=-1.57854e-05 -0.00699798 0.0103426 0.00726549 -0.0111039 -0.000518467 -0.00544685 -0.0142491 0.0122355 0.0012464 -0.00410764 -0.00125889 -0.00956503 0.00689222
internal_weight=3600.66 2153.26 1447.4 1101.59 1313.5 839.763 477.052 836.443 598.276 503.318 569.529 354.114 361.251 270.234
internal_count=9834 5945 3889 2953 3659 2286 1305 2354 1603 1350 1560 961 994 726
is_linear=0
shrinkage=0.025


Tree=36
num_leaves=15
num_cat=0
split_feature=13 11 25 37 21 19 33 25 29 19 17 11 37 51
split_gain=389.858 95.1151 67.0378 57.1218 32.3864 27.8689 23.8826 22.9906 19.6786 16.8261 12.9089 11.0696 9.76589 9.33235
threshold=-0.00056455541425719984 0.035708053290708558 -0.014592393965839548 -1.0000000180025095e-35 0.0070481319755968013 0.014679669269007252 -10.499999999999998 0.017853700553829854 -0.049946948085621341 -0.0029009888728488997 0.074916366975457269 -0.040575335466192845 -2.4999999999999996 -0.31564121571534465
decision_type=2 2 2 2 2 2 2 2 2 2 2 2 2 2
left_child=3 2 -2 4 11 6 -4 13 -6 10 -3 -1 -7 -5
right_child=1 9 5 7 8 12 -8 -9 -10 -11 -12 -13 -14 -15
leaf_value=-0.019834368784484798 -0.0051511410422292458 0.0076690749230641916 0.0096962584536996396 0.00045098146218268734 -0.012197759508206044 0.0032954697437045655 -0.0001394934912230168 0.0052106377731345188 -0.0013905744982345332 0.020362442043955317 0.020822132717986889 -0.012446224980626898 0.015861685997993698 -0.007664712021413095
leaf_weight=239.85903733968735 352.37800198793411 212.51807054877281 278.00436305999756 115.79288229346275 188.95513164997101 55.397875279188156 328.16353473067284 177.46249097585678 246.8021394610405 311.78625950217247 65.675473272800446 467.17142829298973 249.56827408075333 301.7964009642601
leaf_count=705 956 569 744 317 525 148 882 477 671 850 178 1310 668 834
internal_value=-1.7152e-05 0.00794136 0.00401543 -0.00851807 -0.011783 0.00759663 0.00437295 -0.00216029 -0.00621877 0.0162028 0.0111753 -0.0151094 0.0137496 -0.00537645
internal_weight=3591.33 1853.49 1263.51 1737.84 1142.79 911.134 606.168 595.052 435.757 589.98 278.194 707.03 304.966 417.589
internal_count=9834 4995 3398 4839 3211 2442 1626 1628 1196 1597 747 2015 816 1151
is_linear=0
shrinkage=0.025


Tree=37
num_leaves=15
num_cat=0
split_feature=6 5 5 56 6 12 8 8 12 50 3 54 3 26
split_gain=53.89 15.0935 21.0737 13.2136 8.82915 7.12232 13.6939 14.0866 6.45771 6.00543 8.49318 7.08759 9.18292 8.07605
threshold=8.3503252627319124 3.3769211481995831 -3.3858879718406665 0.82253623547044319 4.5578703544601442 0.092527339593794458 149.25858885493571 146.06399331834524 0.10063290903026666 33.500000000000007 0.94581863514829989 -0.39370580113841042 1.0152087946589063 0.14831315580347512
decision_type=2 2 2 2 2 2 2 2 2 2 2 2 2 2
left_child=3 2 -2 4 -1 -6 7 -7 -9 11 -11 12 -4 -13
right_child=1 -3 9 -5 5 6 -8 8 -10 10 -12 13 -14 -15
leaf_value=0.022914985950121997 -0.011224212170980191 -0.011251523812222247 -0.0091298586610400311 -0.0046520118388840501 0.0040810518022185256 0.016716915874717943 0.024567542556690872 0.0046228355153545998 -0.013429531904978656 0.011347639453305709 -0.004648157197200741 0.0076911328222651499 0.0073251049354005728 -3.5356891602195115e-05
leaf_weight=33.861319646239281 115.4916522949934 116.00151529163122 62.617252320051193 32.908011563122272 122.35352301597595 32.420603208243847 39.494139827787876 19.585883036255836 18.488356359302998 17.498829588294029 205.82479123026133 157.24211835116148 24.939912661910057 163.21574785560369
leaf_count=230 1132 1138 530 274 946 244 292 150 144 146 1740 1294 208 1366
internal_value=0.000133789 -0.00301862 -0.00164027 0.00920971 0.0110696 0.00879162 0.013409 0.00561331 -0.0041041 0.000148061 -0.00306424 0.00198263 -0.00403019 0.00373897
internal_weight=1161.94 862.832 746.83 299.112 266.204 232.343 109.989 70.4948 38.0742 631.339 223.324 408.015 87.5572 320.458
internal_count=9834 7554 6416 2280 2006 1776 830 538 294 5284 1886 3398 738 2660
is_linear=0
shrinkage=0.025


Tree=38
num_leaves=15
num_cat=0
split_feature=5 17 5 25 21 33 23 23 33 17 57 6 19 17
split_gain=395.057 83.4205 62.731 60.4865 49.897 33.4726 18.3819 17.0005 13.4352 13.2761 11.9446 11.8882 11.1572 10.8632
threshold=-0.70469611388715869 0.033949374021242658 -3.816330455861968 -0.017863183170440496 0.003912363437757701 2.5000000000000004 -0.0076916624766641987 0.018423590105424954 28.500000000000004 -0.018681777864463647 -0.50798102072775764 13.000584513938071 -0.011679629833989449 0.0048195909500524511
decision_type=2 2 2 2 2 2 2 2 2 2 2 2 2 2
left_child=2 3 -1 11 9 -5 -3 10 -6 -4 -7 13 -11 -2
right_child=1 6 4 5 8 7 -8 -9 -10 12 -12 -13 -14 -15
leaf_value=0.019360406190232084 0.010103405124063339 -0.0087655525582103315 0.014508343404935268 -0.010100268324295716 -0.0018769075368723612 -0.0054186242585290839 -0.01759475936516201 -0.008661411728695419 0.0064749848034622581 0.010960253771127705 0.0040461542118981784 0.012726129448402552 -0.00088583384561395347 -0.0014537434684003883
leaf_weight=344.31467372179031 70.815819680690765 286.21884000301361 407.10581406950951 609.36089739203453 318.46372133493423 112.10439866781235 396.61332887411118 144.11319327354431 184.83310517668724 111.09015211462975 276.8093866109848 107.23015376925468 79.297377526760101 143.08227157592773
leaf_count=936 189 798 1094 1685 855 305 1153 399 495 297 745 287 212 384
internal_value=-1.93078e-05 -0.00682411 0.010059 -0.00341301 0.00705263 -0.00611479 -0.0140208 -0.00146058 0.00117462 0.0119116 0.00122032 0.0060681 0.00600194 0.00240169
internal_weight=3591.45 2146.35 1445.1 1463.52 1100.79 1142.39 682.832 533.027 503.297 597.493 388.914 321.128 190.388 213.898
internal_count=9834 5945 3889 3994 2953 3134 1951 1449 1350 1603 1050 860 509 573
is_linear=0
shrinkage=0.025


Tree=39
num_leaves=15
num_cat=0
split_feature=5 37 5 21 21 23 29 29 33 37 33 29 57 15
split_gain=372.342 83.7177 59.3532 49.6345 33.687 31.5886 22.8719 17.0281 15.424 15.0067 12.9293 10.4845 8.97807 8.23044
threshold=0.69535847144067164 -1.0000000180025095e-35 4.0522086726853024 -0.0062800009109677491 0.0070481319755968013 0.014457767332001803 -0.049946948085621341 -0.030170843028644697 -3.4999999999999996 1.0000000180025095e-35 -37.499999999999993 -0.0083633523682776472 1.2401695025426809 0.025113487310094704
decision_type=2 2 2 2 2 2 2 2 2 2 2 2 2 2
left_child=1 4 3 10 7 8 -6 -1 -3 -5 13 -7 -8 -2
right_child=2 5 -4 9 6 11 12 -9 -10 -11 -12 -13 -14 -15
leaf_value=-0.017592879520625156 -0.00062834891846370563 0.00014244555490788578 0.019512638006097493 0.0053878493538148187 -0.011768024237445204 0.0020405833167827193 0.0016502118865473392 -0.0099139580449796559 -0.0079980713930028358 0.014009585795996527 -0.0018241432993171985 0.012244771990906442 -0.0088543913346573397 0.011053720072257746
leaf_weight=392.49733766913414 52.869344264268875 289.32579010725021 305.6096408367157 201.2042161822319 190.41417193412781 158.29401108622551 226.92259249091148 430.47881481051445 275.7439820766449 457.43652269244194 332.86777776479721 111.40896990895271 59.711061596870422 96.854102969169617
leaf_count=1139 142 788 836 539 531 426 614 1207 766 1231 894 298 164 259
internal_value=-1.99809e-05 -0.00665727 0.00974524 0.00703411 -0.0106131 -0.000440439 -0.00516524 -0.0136905 -0.00382144 0.0114739 0.00086791 0.00649289 -0.000566655 0.00688005
internal_weight=3581.64 2134.8 1446.84 1141.23 1300.02 834.773 477.048 822.976 565.07 658.641 482.591 269.703 286.634 149.723
internal_count=9834 5933 3901 3065 3655 2278 1309 2346 1554 1770 1295 724 778 401
is_linear=0
shrinkage=0.025


Tree=40
num_leaves=15
num_cat=0
split_feature=6 5 5 56 10 36 32 34 6 12 30 54 34 28
split_gain=51.7067 14.7189 20.4421 12.6818 11.2227 10.9757 10.8312 10.1501 11.1216 17.6846 7.39446 7.65161 7.94487 8.69771
threshold=8.3503252627319124 3.3769211481995831 -3.3858879718406665 0.82253623547044319 1.9626754775558803 49.350000000000009 1.0099907044905592 116.50000000000001 6.5844150189298789 0.070105252498854562 1.5090362260485526 0.73048514356719274 170.50000000000003 12.707121186472998
decision_type=2 2 2 2 2 2 2 2 2 2 2 2 2 2
left_child=3 2 -2 4 5 -1 -7 -6 9 -9 11 12 13 -4
right_child=1 -3 10 -5 7 6 -8 8 -10 -11 -12 -13 -14 -15
leaf_value=0.0049177935827484833 -0.011110586341268375 -0.011142901414671629 0.006381571734630425 -0.0046010404495235883 -0.0027999129776414967 0.0063576337373098743 0.031623036006769703 0.019764094537496904 0.016797560423729319 -0.0071532440319168949 -0.0062837905788183743 0.013547516369712959 -0.0045954948771276339 -0.00099474640004328899
leaf_weight=36.155943743884563 113.86060348898172 114.42823175340891 177.92437287420034 32.783703528344631 47.38169289380312 21.806461773812771 38.122864842414856 17.602073527872562 66.311036705970764 41.071382477879524 88.886646643280983 25.316965661942959 131.83225055783987 207.16433227062225
leaf_count=260 1132 1138 1455 274 372 160 268 124 496 326 782 204 1120 1723
internal_value=0.000152569 -0.00295362 -0.00159653 0.00899959 0.0108057 0.0176732 0.0240123 0.00644619 0.0101166 0.00144722 0.000154434 0.00130328 0.000531658 0.00238739
internal_weight=1160.65 859.413 744.985 301.235 268.451 96.0853 59.9293 172.366 124.984 58.6735 631.125 542.238 516.921 385.089
internal_count=9834 7554 6416 2280 2006 688 428 1318 946 450 5284 4502 4298 3178
is_linear=0
shrinkage=0.025


Tree=41
num_leaves=15
num_cat=0
split_feature=5 37 5 21 21 23 13 13 51 37 51 9 5 35
split_gain=373.583 84.4652 60.0333 47.5258 33.2469 32.687 24.4906 17.3225 12.8396 12.2488 10.8172 8.65014 8.57905 8.36663
threshold=-0.70469611388715869 1.0000000180025095e-35 -3.816330455861968 0.003912363437757701 -0.0071025290641728491 -0.014457767332001799 0.019561672137660302 0.020471838273298102 -0.23066239316239312 -1.0000000180025095e-35 0.31840463458110524 0.025715443268084903 0.35853661637285611 -3.6999999999999971
decision_type=2 2 2 2 2 2 2 2 2 2 2 2 2 2
left_child=2 5 -1 9 6 -2 -3 13 -5 -4 12 -10 -7 -6
right_child=1 4 3 8 7 10 -8 -9 11 -11 -12 -13 -14 -15
leaf_value=0.018908733529794629 0.0066290316729656299 0.0032414413737013761 0.014011730610238691 -0.0064951822759392571 -0.014451663163521087 -0.0016556260064055164 -0.0089023024954769017 -0.016942189505529857 -0.00070270281061002987 0.0057173537286981562 0.0016780435815069055 0.00650777843082119 -0.0091122552311518282 -0.0059616861339932678
leaf_weight=342.66518560051918 270.12826958298683 143.25958669185638 414.67026144266129 102.84241911768913 126.07502973079681 183.14326721429825 331.84745833277702 467.50837850570679 183.13384014368057 181.8867367208004 152.42605900764465 217.29401504993439 231.68312346935272 233.17752352356911
leaf_count=936 726 384 1116 277 350 497 921 1360 491 487 417 582 646 644
internal_value=-2.26326e-05 -0.00665402 0.0097836 0.00684522 -0.0106267 -0.000421674 -0.00519289 -0.0136692 0.00110961 0.0115929 -0.00385152 0.00318044 -0.00593867 -0.00916724
internal_weight=3581.74 2139.25 1442.49 1099.83 1301.87 837.381 475.107 826.761 503.27 596.557 567.252 400.428 414.826 359.253
internal_count=9834 5945 3889 2953 3659 2286 1305 2354 1350 1603 1560 1073 1143 994
is_linear=0
shrinkage=0.025


Tree=42
num_leaves=15
num_cat=0
split_feature=5 17 5 25 19 33 23 23 6 17 33 33 57 51
split_gain=351.778 78.0234 57.1658 55.0589 44.916 29.3651 16.5813 14.3705 12.684 11.9111 11.5963 10.9848 10.8809 10.2625
threshold=0.69535847144067164 -0.033982554512500839 3.7951902441914229 0.014336914249879802 -0.0014820264964910499 -2.4999999999999996 0.0079320469996332511 -0.031739863401443691 13.000584513938071 -0.0046942010038770491 67.500000000000014 -6.4999999999999991 0.52184516210361898 -0.23066239316239312
decision_type=2 2 2 2 2 2 2 2 2 2 2 2 2 2
left_child=1 6 4 5 10 7 -1 -3 9 -5 -2 -6 -9 -8
right_child=2 3 -4 8 11 -7 13 12 -10 -11 -12 -13 -14 -15
leaf_value=-0.016925775569410016 0.0028718288199773784 -0.012053955139150798 0.018328763836212281 -0.0023103683003004392 0.015206279344425833 -0.010006743651958208 0.0011932102167795068 0.0027968150213737142 0.011135328341191207 0.0085355591880094915 -0.0075204752002700839 0.0076580998470554829 -0.0056378270595917306 -0.010663264880557518
leaf_weight=391.11113685369492 467.23461022973061 65.696942627429962 345.82462286949158 172.35149496793747 276.32096946239471 567.28081154823303 50.789990574121475 294.78994488716125 126.59384459257126 92.094950526952744 72.47247526049614 282.14180710911751 135.21477237343788 231.92657735943794
leaf_count=1157 1253 184 950 463 746 1583 141 798 339 246 195 757 371 651
internal_value=-2.24603e-05 -0.00648703 0.00947591 -0.00318469 0.00659495 -0.00613858 -0.0135002 -0.0016062 0.00475798 0.0014623 0.00137422 0.011539 5.27589e-05 -0.00846264
internal_weight=3571.84 2127.85 1443.99 1454.02 1098.17 1062.98 673.828 495.702 391.04 264.446 539.707 558.463 430.005 282.717
internal_count=9834 5933 3901 3984 2951 2936 1949 1353 1048 709 1448 1503 1169 792
is_linear=0
shrinkage=0.025


Tree=43
num_leaves=15
num_cat=0
split_feature=6 5 5 56 6 30 50 14 6 20 26 32 30 40
split_gain=49.6087 14.3268 19.9207 12.1758 7.98679 7.09048 7.12837 7.72459 7.00198 10.6671 9.93153 7.74192 6.85032 8.14539
threshold=8.3503252627319124 3.2853909680430351 -3.3056450024191064 0.82253623547044319 4.5578703544601442 1.5090362260485526 33.500000000000007 0.12751896674551136 12.822159433296084 0.17127554602352332 0.14797458105153424 1.0603502567412175 1.3701561563872167 24.500000000000004
decision_type=2 2 2 2 2 2 2 2 2 2 2 2 2 2
left_child=3 2 -2 4 -1 6 7 -4 9 10 -9 -10 -8 -14
right_child=1 -3 5 -5 -6 -7 12 8 11 -11 -12 -13 13 -15
leaf_value=0.021667680199597396 -0.010810725238525436 -0.010866166886682287 -0.0025451965090970002 -0.0045510057316343012 0.0083795364439969971 -0.0061109329149610109 0.0069252899416794092 0.010602643641442717 -0.0012389091719739627 0.023153060833812647 -0.0064516480126116816 0.012748946692010737 0.00084757838103843549 -0.0096792801675583701
leaf_weight=34.98258900642395 116.11550011485815 117.0045128390193 84.966437436640263 32.662220343947411 235.67395216971636 87.610840804874897 35.383405275642872 59.485691897571087 107.35808968544006 26.754088588058949 25.948164328932762 26.108946062624454 84.877119734883308 84.439478926360607
leaf_count=230 1167 1174 702 274 1776 775 300 478 884 219 214 212 716 713
internal_value=0.000170455 -0.00288971 -0.00152876 0.00879501 0.0105496 0.000233903 0.00136551 0.00364303 0.00589121 0.0104043 0.00507611 0.00167841 -0.00219297 -0.00438588
internal_weight=1159.37 856.052 739.048 303.319 270.657 622.932 535.321 330.621 245.655 112.188 85.4339 133.467 204.7 169.317
internal_count=9834 7554 6380 2280 2006 5213 4438 2709 2007 911 692 1096 1729 1429
is_linear=0
shrinkage=0.025


Tree=44
num_leaves=15
num_cat=0
split_feature=5 37 5 19 11 19 19 51 18 29 11 19 55 37
split_gain=353.785 80.119 57.6454 44.461 31.4832 26.7964 25.8246 14.4313 12.4609 12.3285 11.6581 10.3109 10.1157 9.8756
threshold=-0.70469611388715869 1.0000000180025095e-35 -3.816330455861968 0.0040273786679294009 0.034474240386206556 -0.020706694185535845 -0.0012900964063739999 -0.23066239316239312 0.17767752044821802 0.0087952585829276526 0.020636950151067406 0.012396988758347952 -0.10833310518487364 -11.499999999999998
decision_type=2 2 2 2 2 2 2 2 2 2 2 2 2 2
left_child=2 5 -1 13 6 9 8 -5 -3 -2 11 12 -7 -4
right_child=1 4 3 7 -6 10 -8 -9 -10 -11 -12 -13 -14 -15
leaf_value=0.018491157307122048 0.015890322714568195 -0.0043121779724712437 0.018458055625302127 -0.0067297010123247613 -0.015441564890121065 -0.0033181337861966256 -0.01115353394148123 0.0033375047880826281 0.0073734813728170553 0.002173348652789198 -0.0087701025407555377 -0.0063655975229034963 0.0049568679402198414 0.00942976632188329
leaf_weight=340.96771019697189 70.216225385665894 290.38937610387802 104.72529938817024 109.50108397006989 486.91358920931816 155.66543379426003 453.54658862948418 385.458381742239 64.761666089296341 105.27933132648468 150.81170901656151 147.33755967020988 207.36908438801765 499.04905480146408
leaf_count=936 188 787 283 295 1423 422 1274 1033 175 284 425 408 559 1342
internal_value=-2.60375e-05 -0.00649255 0.0095233 0.00664651 -0.0103757 -0.000423846 -0.00721865 0.00101528 -0.0020391 0.00808821 -0.00276444 -0.000873434 0.00134383 0.0111755
internal_weight=3571.99 2132.29 1439.7 1098.73 1295.61 836.679 808.698 494.959 355.151 175.496 661.184 510.372 363.035 603.774
internal_count=9834 5945 3889 2953 3659 2286 2236 1328 962 472 1814 1389 981 1625
is_linear=0
shrinkage=0.025


Tree=45
num_leaves=15
num_cat=0
split_feature=5 37 5 21 21 23 13 13 37 17 51 29 35 5
split_gain=332.524 77.0684 54.8736 45.4613 31.2511 28.8169 23.3162 16.3876 13.8987 11.9331 10.1186 9.77136 8.29206 8.01667
threshold=0.69535847144067164 -1.0000000180025095e-35 4.0522086726853024 -0.0062800009109677491 0.0070481319755968013 0.014457767332001803 -0.019568331076781045 -0.020472393154076646 1.0000000180025095e-35 0.036058910320779951 -0.31564121571534465 -0.0083633523682776472 4.3000000000000034 -0.38120666120149144
decision_type=2 2 2 2 2 2 2 2 2 2 2 2 2 2
left_child=1 4 3 9 7 10 -6 -1 -5 -2 -3 -7 -9 -12
right_child=2 5 -4 8 6 11 -8 12 -10 -11 13 -13 -14 -15
leaf_value=-0.016356407239265885 -0.0022744468481284978 0.0017409364784756369 0.018667087142537727 0.0050177083278553644 -0.0085195592701756782 0.0019554538747245972 0.0033218473191502611 -0.0057842536248103038 0.013322138950343971 0.0057293357177267109 -0.0087108237052251295 0.011817022675014145 -0.014478405011254842 -0.0014681002687123006
leaf_weight=457.9690800011158 300.76090937852859 152.29206365346909 302.24297952651978 200.91900968551636 331.43287345767021 158.17211329936981 143.52416774630547 243.90865820646286 455.40460121631622 181.62805068492889 229.74938541650772 111.33883735537529 111.21573892235756 181.02955895662308
leaf_count=1356 809 417 836 539 924 426 385 679 1231 486 644 298 311 493
internal_value=-2.58178e-05 -0.00632426 0.00921603 0.00661498 -0.0101448 -0.000358509 -0.00489187 -0.013134 0.0108749 0.000715687 -0.00359838 0.00626151 -0.00873967 -0.00563514
internal_weight=3561.59 2120.63 1440.96 1138.71 1288.05 832.582 474.957 813.093 656.324 482.389 563.071 269.511 355.124 410.779
internal_count=9834 5933 3901 3065 3655 2278 1309 2346 1770 1295 1554 724 990 1137
is_linear=0
shrinkage=0.025


Tree=46
num_leaves=15
num_cat=0
split_feature=12 5 5 38 24 15 44 15 52 22 52 54 52 16
split_gain=44.1183 13.5343 18.5864 10.5153 8.22094 7.40435 10.1973 15.4078 8.38999 9.59752 15.358 6.09451 5.72071 5.78647
threshold=0.10550235225321976 3.3769211481995831 -3.3858879718406665 377.00000000000006 0.063876891513632003 0.028539589198457654 31.500000000000004 -0.028555103463307897 1.160139911982154 0.097023947680678554 0.43033154121863798 0.18620992287059887 0.98477528912311529 0.13876660903021351
decision_type=2 2 2 2 2 2 2 2 2 2 2 2 2 2
left_child=3 2 -2 4 -1 6 7 -6 9 11 -11 -9 -4 -14
right_child=1 -3 12 -5 5 -7 -8 8 -10 10 -12 -13 13 -15
leaf_value=0.022767804261046382 -0.010654698091170166 -0.010694928458369826 0.0013683213142700978 -0.003471296028003789 -0.0040169601838834414 -0.0019551289996850348 0.001202956516383721 0.033246982609649756 0 -0.0025462622307323656 0.022561076571099598 0.0090193563777309273 0.00045230415990580301 -0.010293037081081835
leaf_weight=26.822599701583385 110.38386560231447 111.01158157736063 519.9688011482358 36.29178000241518 22.188479907810688 33.964851893484592 67.052882194519043 34.881878778338432 16.09362456202507 27.546818539500237 23.442785672843456 17.419552378356457 57.287639498710632 53.782428540289402
leaf_count=190 1125 1131 4319 284 172 264 514 252 122 214 178 130 479 460
internal_value=0.000187697 -0.00271585 -0.00142403 0.00827789 0.0099861 0.00804064 0.00979268 0.0135106 0.0169998 0.0195029 0.0095344 0.0271051 0.000222391 -0.00475469
internal_weight=1158.14 852.434 741.423 305.705 269.413 242.591 208.626 141.573 119.385 103.291 50.9896 52.3014 631.039 111.07
internal_count=9834 7514 6383 2320 2036 1846 1582 1068 896 774 392 382 5258 939
is_linear=0
shrinkage=0.025


Tree=47
num_leaves=15
num_cat=0
split_feature=17 37 21 25 19 17 29 17 33 13 37 55 17 3
split_gain=332.3 74.6454 57.4151 35.9665 31.5144 30.9212 27.3572 25.7417 14.7364 12.6896 10.8104 10.4108 10.3477 9.45092
threshold=-0.0096538430021334987 1.0000000180025095e-35 0.0070481319755968013 -0.017863183170440496 -0.0012900964063739999 -0.036069798295387388 0.049244397291627252 -0.04403837195651749 35.500000000000007 0.015199978312642151 1.0000000180025095e-35 1.0000000180025095e-35 -0.076827728555550132 0.95203928454038989
decision_type=2 2 2 2 2 2 2 2 2 2 2 2 2 2
left_child=2 3 7 -2 6 12 11 -1 -5 -6 -9 -3 -4 -14
right_child=1 4 5 8 9 -7 -8 10 -10 -11 -12 -13 13 -15
leaf_value=0.019327482748482002 0.0075669881996513443 -0.0056718564834498499 0.018840176458906715 -0.0065173314159798369 -0.0085840777526660292 -0.002021075961606261 -0.012321218362718225 0.011676956157649191 0.0018617119576713312 -0.016379919262536548 0.0025943388659726962 0.0026161283226151144 -0.0024128694401020913 0.0091756833720914571
leaf_weight=301.35042613744736 240.27560991048813 178.35386475920677 54.653303384780884 398.75111013650894 236.14364212751389 323.54846647381783 237.7155179977417 431.3911834359169 185.65390625596046 447.63193807005882 114.24548891186714 187.24027705192566 51.923728883266449 172.89204928278923
leaf_count=836 646 489 149 1103 657 872 673 1161 507 1322 306 510 139 464
internal_value=-2.83833e-05 -0.00635738 0.00916207 -0.000446484 -0.010109 0.0031739 -0.00579899 0.0133524 -0.00381985 -0.0138058 0.00986146 -0.00138165 0.00920596 0.00639613
internal_weight=3561.77 2111.77 1450 824.681 1287.09 603.018 603.31 846.987 584.405 683.776 545.637 365.594 279.469 224.816
internal_count=9834 5907 3927 2256 3651 1624 1672 2303 1610 1979 1467 999 752 603
is_linear=0
shrinkage=0.025


Tree=48
num_leaves=15
num_cat=0
split_feature=5 37 11 21 21 23 13 29 33 33 23 29 19 33
split_gain=314.733 73.3441 52.8798 43.6803 29.8096 27.606 22.2441 16.0148 15.0861 14.2697 9.85549 9.38661 9.33248 8.50241
threshold=0.69535847144067164 -1.0000000180025095e-35 0.045154815290924209 -0.0062800009109677491 0.0070481319755968013 0.014457767332001803 -0.019568331076781045 -0.030170843028644697 13.500000000000002 13.500000000000002 -0.015762542853567547 -0.0083633523682776472 -0.025258534143811944 -28.499999999999996
decision_type=2 2 2 2 2 2 2 2 2 2 2 2 2 2
left_child=1 4 3 13 7 9 -6 -1 -5 10 -3 -7 -4 -2
right_child=2 5 12 8 6 11 -8 -9 -10 -11 -12 -13 -14 -15
leaf_value=-0.016678241564573051 0.0042239697110966019 -0.0066397492471885729 0.0056731130948912602 0.013223046874221753 -0.0083296465684028678 0.0019042312051980306 0.0032382212381061176 -0.0091786692325842821 0.004809300158510217 -0.0087041142604779038 0.0022393287217421487 0.011574572577367414 0.018268033755185181 -0.0029899177384967741
leaf_weight=382.74695381522179 158.60015651583672 107.03706809878349 54.244759410619736 382.32377716898918 330.4780378639698 158.15875044465065 143.55340248346329 424.92425110936165 233.18393024802208 204.99741530418396 250.2935733795166 111.29820305109024 344.19179773330688 265.10317429900169
leaf_count=1139 425 299 147 1035 924 426 385 1207 626 574 681 298 955 713
internal_value=-2.92424e-05 -0.00616935 0.00897011 0.00591409 -0.00991016 -0.00035046 -0.00477707 -0.0128441 0.0101402 -0.00352539 -0.000406291 0.00612771 0.0167068 -0.000213537
internal_weight=3551.14 2113.49 1437.65 1039.21 1281.7 831.785 474.031 807.671 615.508 562.328 357.331 269.457 398.437 423.703
internal_count=9834 5933 3901 2799 3655 2278 1309 2346 1661 1554 980 724 1102 1138
is_linear=0
shrinkage=0.025


Tree=49
num_leaves=15
num_cat=0
split_feature=6 5 5 6 40 4 8 14 50 54 4 38 30 50
split_gain=45.7975 13.5592 18.7182 7.52547 8.17009 8.69818 8.5614 10.9326 9.02101 11.7637 8.06716 10.8177 6.9188 6.65195
threshold=8.3503252627319124 3.2853909680430351 -3.3858879718406665 4.7523759419866929 29.500000000000004 22.872027685781269 148.95991706694502 0.071268150986363618 29.500000000000004 -0.087011376989629435 23.412702610606196 367.00000000000006 1.5090362260485526 33.500000000000007
decision_type=2 2 2 2 2 2 2 2 2 2 2 2 2 2
left_child=3 2 -2 -1 6 -6 8 -8 -5 -10 11 -9 13 -4
right_child=1 -3 12 4 5 -7 7 10 9 -11 -12 -13 -14 -15
leaf_value=0.017488623919267463 -0.01076701987047619 -0.010640236053415502 0.0035013046958732169 -0.0076914288498728008 0.00052417768801983568 0.021352283598337143 -0.0035326874379632426 0.0030632040806537271 0.016316287157159021 -0.0055660899627994719 0.0028892770422935385 0.032025447038088441 -0.0060743726329544933 -0.0021188761244109
leaf_weight=47.871359132230282 109.13077829033136 113.85096590220928 333.85087902843952 57.103232346475124 22.18210905790329 35.542848832905293 26.282972417771816 16.687393076717854 27.098678804934025 23.53226850181818 30.873895525932312 20.055086866021156 87.407635666429996 205.37849383056164
leaf_count=320 1132 1174 2728 442 166 262 200 126 204 182 232 146 778 1742
internal_value=0.000206299 -0.00276628 -0.00145054 0.00841945 0.00635181 0.014427 0.00362587 0.00896841 -0.00100009 0.00611023 0.0140806 0.021413 0.000204763 0.00131499
internal_weight=1156.85 849.619 735.768 307.23 259.358 57.725 201.634 93.8993 107.734 50.6309 67.6164 36.7425 626.637 539.229
internal_count=9834 7554 6380 2280 1960 428 1532 704 828 386 504 272 5248 4470
is_linear=0
shrinkage=0.025


Tree=50
num_leaves=15
num_cat=0
split_feature=5 37 5 21 21 23 29 29 33 33 17 19 29 37
split_gain=316.286 72.9313 53.4328 41.6079 29.8428 28.8134 20.8944 16.0744 15.2949 12.257 12.1602 10.561 9.6568 8.48019
threshold=-0.70469611388715869 1.0000000180025095e-35 -3.816330455861968 0.003912363437757701 -0.0071025290641728491 -0.014457767332001799 0.050029159816499108 0.019718402193709701 3.5000000000000004 34.500000000000007 -0.018681777864463647 -0.011679629833989449 0.0080423237162087022 2.5000000000000004
decision_type=2 2 2 2 2 2 2 2 2 2 2 2 2 2
left_child=2 5 -1 10 6 12 -3 -6 -7 13 -4 -12 -2 -5
right_child=1 4 3 9 7 8 -8 -9 -10 -11 11 -13 -14 -15
leaf_value=0.017703159097913975 0.011828771618786059 -0.00034781305662408247 0.013202550680673206 3.3094768973306985e-05 -0.0084625370549166554 -0.0077777556674214626 -0.011121018714809257 -0.016006281451197639 0.00033132860141476888 0.0064100263611670443 0.0099368659727367675 -0.0015919104190869173 0.0020092784144095303 -0.0098857383023152924
leaf_weight=337.19548398256302 109.75353291630745 284.64654156565666 403.3489211499691 277.94708797335625 353.69497004151344 275.51307758688927 187.07281687855721 457.80033719539642 289.28383523225784 164.57764449715614 110.63732501864433 79.193953603506088 160.25733086466789 60.39778995513916
leaf_count=936 294 776 1094 746 1001 769 529 1353 791 441 297 212 432 163
internal_value=-3.11273e-05 -0.00617035 0.00901349 0.00624932 -0.00990128 -0.000380821 -0.00474449 -0.0128209 -0.00361402 0.000885678 0.0107096 0.00508154 0.00623409 -0.00178288
internal_weight=3551.32 2118.02 1433.3 1096.1 1283.21 834.808 471.719 811.495 564.797 502.923 593.18 189.831 270.011 338.345
internal_count=9834 5945 3889 2953 3659 2286 1305 2354 1560 1350 1603 509 726 909
is_linear=0
shrinkage=0.025


Tree=51
num_leaves=15
num_cat=0
split_feature=13 11 25 11 25 25 35 21 42 25 17 37 29 35
split_gain=298.725 76.2915 54.3272 46.7324 38.2254 20.9808 13.9974 13.3019 11.928 11.2145 10.5245 8.58413 8.2287 7.5737
threshold=-0.00056455541425719984 0.035708053290708558 0.0096396489742496018 -0.033792524443328691 0.014587358497007452 -0.017863183170440496 1.6499999999999988 -0.0071025290641728491 119.50000000000001 0.0048166039038578011 0.074916366975457269 4.0000000000000009 -0.014246698407464049 4.9000000000000012
decision_type=2 2 2 2 2 2 2 2 2 2 2 2 2 2
left_child=3 2 5 9 6 -2 11 10 -4 -1 -3 -5 -7 -14
right_child=1 7 8 4 -6 12 -8 -9 -10 -11 -12 -13 13 -15
leaf_value=-0.016758652065528533 -0.0056073528037809475 0.0059739915604604052 0.012618951733006143 -0.0058650463619270531 0.0025525505406665916 -0.002944186928500717 -0.011248699155484919 0.017759012955115363 0.0011717420851642235 -0.0091036020805152357 0.018728792255585883 0.0033756475268929744 0.006008643474104701 -0.0019272065968571244
leaf_weight=308.68356162309647 292.70820897817612 183.56849971413612 347.95295679569244 379.31606349349022 328.89811539649963 119.55836945772171 351.33968785405159 339.05680242180824 74.998090922832489 268.01759606599808 55.631885468959808 68.05807814002037 334.32741475105286 88.362469404935837
leaf_count=946 799 494 937 1065 884 323 990 949 202 767 154 187 899 238
internal_value=-3.19096e-05 0.00694816 0.00344089 -0.00756493 -0.00453684 -0.000240619 -0.00748497 0.0144399 0.0106849 -0.0133528 0.00936554 -0.00438224 0.00263545 0.00428808
internal_weight=3540.48 1836.16 1257.91 1704.31 1127.61 834.956 798.714 578.257 422.951 576.701 239.2 447.374 542.248 422.69
internal_count=9834 4995 3398 4839 3126 2259 2242 1597 1139 1713 648 1252 1460 1137
is_linear=0
shrinkage=0.025


Tree=52
num_leaves=15
num_cat=0
split_feature=12 5 5 38 24 15 44 15 52 22 50 30 54 28
split_gain=40.7543 12.7516 17.3831 10.0148 7.56757 6.96424 9.59666 14.4776 7.91845 8.81635 17.7783 6.90146 7.77608 9.23484
threshold=0.10550235225321976 3.3769211481995831 -3.3858879718406665 377.00000000000006 0.063876891513632003 0.028539589198457654 31.500000000000004 -0.028555103463307897 1.160139911982154 0.097023947680678554 8.5000000000000018 1.5090362260485526 0.73048514356719274 12.730102886123914
decision_type=2 2 2 2 2 2 2 2 2 2 2 2 2 2
left_child=3 2 -2 4 -1 6 7 -6 9 -9 -11 12 13 -4
right_child=1 -3 11 -5 5 -7 -8 8 -10 10 -12 -13 -14 -15
leaf_value=0.021712328714262236 -0.010416918787879134 -0.010457589541721326 0.0040233300296157 -0.0035085720986322622 -0.0040166779674946501 -0.0019640222980844444 0.001077235239263034 0.025867091191870369 0 -0.0065527694251710823 0.020483503330686451 -0.0060546172468778419 0.01370104517799736 -0.0025760638454135907
leaf_weight=27.601120442152023 107.30382914096117 107.90838845819235 248.65770722925663 36.377117238938808 22.182572446763515 33.977634616196156 67.457232601940632 53.80685993283987 16.226162038743496 21.636698268353939 30.069019123911858 87.331185415387154 25.16426919400692 269.82381247729063
leaf_count=190 1125 1131 2031 284 172 264 514 382 122 166 226 782 202 2243
internal_value=0.000224803 -0.00259493 -0.00134945 0.00793633 0.00958722 0.00771697 0.00939808 0.0129632 0.0162908 0.0186852 0.00914885 0.000223022 0.00132302 0.00054937
internal_weight=1155.52 846.189 738.281 309.334 272.957 245.356 211.379 143.921 121.739 105.513 51.7057 630.977 543.646 518.482
internal_count=9834 7514 6383 2320 2036 1846 1582 1068 896 774 392 5258 4476 4274
is_linear=0
shrinkage=0.025


Tree=53
num_leaves=15
num_cat=0
split_feature=5 37 5 19 11 25 19 37 18 51 5 19 51 7
split_gain=299.403 69.5924 51.4209 39.0185 28.6169 26.754 22.4659 14.7001 11.9161 10.2274 9.37947 8.97086 8.28199 8.21103
threshold=-0.70469611388715869 1.0000000180025095e-35 -3.816330455861968 0.0015154795381028001 0.034474240386206556 -0.017542417503755948 -0.0012900964063739999 -8.9999999999999982 0.17767752044821802 0.31840463458110524 0.35853661637285611 -0.0073379450511867486 -0.12473328591749638 1.0373163371640359
decision_type=2 2 2 2 2 2 2 2 2 2 2 2 2 2
left_child=2 5 -1 12 6 -2 8 -5 -3 10 13 -6 -4 -7
right_child=1 4 3 7 11 9 -8 -9 -10 -11 -12 -13 -14 -15
leaf_value=0.01732773638494238 0.0067665299430598614 -0.0040697442264286217 0.0054719930524353031 0.0086828255574299493 -0.0095817480774086083 -0.0048124485854013788 -0.010375113330911854 -0.0010031577925145281 0.0073661487915913943 0.0020866750183670744 -0.0083439523674663906 -0.017545323814990649 0.012731103406915285 0.005424042244809699
leaf_weight=335.19975838065147 230.13673627376556 289.57474893331528 165.17704999446869 121.54069495201111 188.31056982278824 124.55405870079994 447.26238149404526 417.22105723619461 64.707595556974411 160.82454279065132 245.55517810583115 287.19241067767143 390.72173130512238 72.711510270833969
leaf_count=936 619 787 445 326 540 339 1274 1121 175 441 690 883 1061 197
internal_value=-3.46209e-05 -0.00601986 0.00877385 0.00606492 -0.0096771 -0.000364219 -0.0066675 0.0011957 -0.00183802 -0.00315711 -0.00511942 -0.0145761 0.0106867 -0.000874898
internal_weight=3540.69 2110.83 1429.86 1094.66 1277.05 833.782 801.545 538.762 354.282 603.645 442.821 475.503 555.899 197.266
internal_count=9834 5945 3889 2953 3659 2286 2236 1447 962 1667 1226 1423 1506 536
is_linear=0
shrinkage=0.025


Tree=54
num_leaves=15
num_cat=0
split_feature=17 11 21 21 11 25 17 35 15 21 51 17 51 51
split_gain=284.045 69.5072 51.6009 44.7837 26.0166 23.4101 20.3645 14.7382 12.7987 12.4569 9.67044 9.59183 9.20961 8.8272
threshold=0.011692184126606752 -0.017448020673611748 -0.0071025290641728491 0.0056782091684678508 0.036930603181147513 0.013811022464139702 0.044004482241337559 4.3000000000000034 -0.06894574563686183 0.026989698541871155 0.3493019697838976 0.074916366975457269 -0.3566536203522504 -0.15499223729114486
decision_type=2 2 2 2 2 2 2 2 2 2 2 2 2 2
left_child=1 5 4 7 -2 13 -4 -3 -7 12 -10 -6 -5 -1
right_child=2 3 6 9 11 8 -8 -9 10 -11 -12 -13 -14 -15
leaf_value=-0.0074657301907150629 -0.0013101940964258211 -0.0030146531684700517 0.0095915822060343853 0.0099541852919688041 0.0060105850910476804 -0.015279362175973197 0.018247821088781684 -0.011437111283913346 0 0.010250500200006916 -0.010950289371110594 0.018387829629971625 -0.00062992223776792925 -0.014667199504445212
leaf_weight=176.01242595911026 342.58809822797775 470.57869517803192 505.60465514659882 58.995048850774765 172.13407960534096 55.946613937616348 296.27161538600922 185.07427084445953 229.0667827129364 157.12767016887665 59.779615730047226 55.318145394325256 241.51433134078979 523.5905544757843
leaf_count=517 923 1303 1367 158 464 165 837 518 628 421 166 154 649 1564
internal_value=-3.47329e-05 -0.00569256 0.00883383 -0.00130913 0.0029883 -0.0103128 0.0129141 -0.00549851 -0.00476825 0.00463349 -0.00242193 0.00945914 0.00149499 -0.0129567
internal_weight=3529.6 2157.69 1371.92 1113.29 570.04 1044.4 801.876 655.653 344.793 457.637 288.846 227.452 300.509 699.603
internal_count=9834 6089 3745 3049 1541 3040 2204 1821 959 1228 794 618 807 2081
is_linear=0
shrinkage=0.025


Tree=55
num_leaves=15
num_cat=0
split_feature=12 26 24 38 24 38 24 46 18 8 12 8 10 14
split_gain=39.1278 10.1072 10.3399 10.1385 16.5785 9.63428 7.12084 7.06242 8.45222 7.56239 7.02559 6.87711 7.09679 6.71612
threshold=0.10550235225321976 0.14831315580347512 0.14637968827237954 385.00000000000006 0.16341201386145468 377.00000000000006 0.063876891513632003 153.50000000000003 0.14222387428880567 149.82431698934948 0.19136371952186756 144.90910039689678 2.1133610364037954 0.11464744903734027
decision_type=2 2 2 2 2 2 2 2 2 2 2 2 2 2
left_child=5 2 7 10 -5 6 -1 8 9 -2 11 12 -3 -11
right_child=1 3 -4 4 -6 -7 -8 -9 -10 13 -12 -13 -14 -15
leaf_value=0.021065572878617055 -0.0021170796643828079 -0.0040093926096402485 0.014562013589400012 -0.0081424940982684664 0.017301623827500966 -0.0034681131568798894 0.007553469578699787 0.013899755089033293 -0.0049515008304393347 -0.0029565430691957124 -0.012927194583353604 -0.0058610630877977046 0.016448414500266292 0.01262782520777728
leaf_weight=28.096962720155716 88.617055378854275 17.235336467623714 24.520442232489586 26.752298042178154 26.502856701612473 36.278333581984043 246.77567670494318 14.188234284520147 204.68383678048849 18.880936861038208 85.218738220632076 268.50018168240786 14.196767173707483 53.789820283651352
leaf_count=190 728 148 222 252 246 284 1846 124 1864 158 796 2400 120 456
internal_value=0.000242912 -0.00253422 0.000261001 -0.00514464 0.004489 0.0077679 0.00937564 -0.000773575 -0.00158951 0.00254732 -0.00658122 -0.00451377 0.00553375 0.00832723
internal_weight=1154.24 843.087 404.68 438.406 53.2552 311.151 274.873 380.16 365.972 161.288 385.151 299.932 31.4321 72.6708
internal_count=9834 7514 3552 3962 498 2320 2036 3330 3206 1342 3464 2668 268 614
is_linear=0
shrinkage=0.025


Tree=56
num_leaves=15
num_cat=0
split_feature=13 11 21 37 23 19 11 5 17 19 19 49 24 51
split_gain=283.228 72.7136 51.7358 44.9825 31.2748 16.6179 15.722 14.6836 12.3371 12.1995 10.7122 10.6604 10.3056 9.26626
threshold=0.00028070733625715005 -0.035708053290708544 0.0061911079690230011 9.0000000000000018 -0.0069073310105171488 -0.020706694185535845 0.017448020673611755 -5.2125823043413932 -0.018681777864463647 0.0029538635858879004 0.020395466930561556 1.0000000180025095e-35 0.081380907714909703 -0.21020403627311515
decision_type=2 2 2 2 2 2 2 2 2 2 2 2 2 2
left_child=1 7 5 4 6 -3 -2 -1 -7 -9 11 -6 -5 -4
right_child=3 2 13 12 10 8 -8 9 -10 -11 -12 -13 -14 -15
leaf_value=0.020725613998037174 0.0044806225342811654 0.013624650998454358 -0.0088221136473832767 -0.0027194061992714923 -0.009352641450288619 0.0096165328486740864 -0.0039675444276436071 0.015633899129557993 0.0017302843750770043 0.0064908791041221985 -0.013564265217597985 -0.0017833347791547883 -0.015163266483307517 -0.00077787002103054694
leaf_weight=164.40187102556229 238.35622361302376 206.88873836398125 114.58190789818764 54.352640450000763 284.79469648003578 216.70522281527519 311.06486293673515 204.14924290776253 309.68873253464699 206.95925661921501 183.64933770895004 214.64715355634689 423.74228858947754 395.82965004444122
leaf_count=464 639 559 313 156 823 585 861 574 832 559 537 605 1255 1072
internal_value=-3.78593e-05 0.00681298 0.00336086 -0.00733681 -0.00474707 0.00760338 -0.000250016 0.0141368 0.00508387 0.0112245 -0.00829968 -0.00619903 -0.0138431 -0.00270029
internal_weight=3529.81 1819.2 1243.69 1710.61 1232.51 733.283 549.421 575.51 526.394 411.108 683.091 499.442 478.095 510.412
internal_count=9834 4958 3361 4876 3465 1976 1500 1597 1417 1133 1965 1428 1411 1385
is_linear=0
shrinkage=0.025


Tree=57
num_leaves=15
num_cat=0
split_feature=17 37 19 25 11 17 19 11 51 33 16 17 33 19
split_gain=268.913 66.0238 49.166 30.4732 28.1297 28.0243 19.9737 15.7974 12.3932 11.8663 11.7176 9.97789 9.56257 8.80069
threshold=0.011692184126606752 -1.0000000180025095e-35 -0.0029009888728488997 0.018790175584308854 -0.03313171846882669 0.03988900084048936 -0.00040025233954904993 0.040511445238492309 0.22727272727272727 -4.4999999999999991 0.17795307931888824 0.074916366975457269 37.500000000000007 0.0072915062386856517
decision_type=2 2 2 2 2 2 2 2 2 2 2 2 2 2
left_child=1 4 5 9 13 8 -6 -4 -2 -3 -8 -7 -5 -1
right_child=2 3 7 12 6 11 10 -9 -10 -11 -12 -13 -14 -15
leaf_value=-0.016827025475882926 0.0016716655774212661 0.00023627239871580084 0.010099225223987242 0.0098138104185094225 -0.0099219772304469569 0.0064513360552091786 -0.0041169205654189639 0.018416181787141672 -0.0087051732520052379 -0.0065471809857029278 0.0065129151373214513 0.018078466839309203 -0.0019808202972077167 -0.0090909525489249448
leaf_weight=291.95709428191185 291.11759069561958 316.0433212518692 465.17507880926132 189.77624246478081 414.51097565889359 209.32651680707932 309.33184853196144 248.11797377467155 89.412684351205826 309.40193137526512 75.559069097042084 65.283042818307877 48.953604012727737 194.65182176232338
leaf_count=917 783 865 1262 511 1188 566 843 709 242 867 205 183 132 561
internal_value=-3.842e-05 -0.00555483 0.00859984 -0.000175992 -0.00913526 0.00356202 -0.00613099 0.0131351 -0.000782997 -0.0031051 -0.00190926 0.00957872 0.00730163 -0.0139073
internal_weight=3518.62 2150.19 1368.43 864.175 1286.01 655.14 799.402 713.293 380.53 625.445 384.891 274.61 238.73 486.609
internal_count=9834 6089 3745 2375 3714 1774 2236 1971 1025 1732 1048 749 643 1478
is_linear=0
shrinkage=0.025


Tree=58
num_leaves=15
num_cat=0
split_feature=12 5 5 38 30 54 34 28 4 50 38 30 10 10
split_gain=37.4854 12.2909 16.6539 9.25994 6.65335 7.5043 9.17007 9.93409 12.1703 11.4925 9.53204 7.58531 7.64685 7.51828
threshold=0.10550235225321976 3.3769211481995831 -3.3858879718406665 377.00000000000006 1.5080644208925704 0.73048514356719274 170.50000000000003 12.872152216698478 23.285199548337236 5.5000000000000009 377.00000000000006 1.4425102172222808 2.1444748981503632 2.0834001201193906
decision_type=2 2 2 2 2 2 2 2 2 2 2 2 2 2
left_child=3 2 -2 -1 5 6 7 8 13 10 -10 -11 -13 -4
right_child=1 -3 4 -5 -6 -7 -8 -9 9 11 -12 12 -14 -15
leaf_value=0.009161937251628503 -0.010232415275632161 -0.010274917538557124 -0.0062001737677007847 -0.003428316531193579 -0.0057975794232045241 0.013499009269850771 -0.0049987219814672046 -0.0038034575071993408 -0.011278246090217926 0.0060660823639341827 0.011004109061003726 0.032510479784331532 0.005360621841283976 0.0044315956145207329
leaf_weight=276.84769074618816 105.00466913729906 105.60928607732058 58.089634627103806 36.181577697396278 89.548064969480038 25.343260064721107 128.39974917471409 103.22044456005096 18.595233969390392 34.649126745760441 19.413498416543007 22.857131749391556 14.707052193582056 114.44332422316074
leaf_count=2036 1125 1131 466 284 808 202 1092 860 150 284 156 184 120 936
internal_value=0.000262962 -0.0024697 -0.00125137 0.00759706 0.000276719 0.0013744 0.000604687 0.00257276 0.00501294 0.0113202 0 0.0168599 0.0243465 0.00063739
internal_weight=1152.91 839.88 734.271 313.029 629.267 539.718 514.375 385.975 282.755 110.222 38.0087 72.2133 37.5642 172.533
internal_count=9834 7514 6383 2320 5258 4450 4248 3156 2296 894 306 588 304 1402
is_linear=0
shrinkage=0.025


Tree=59
num_leaves=15
num_cat=0
split_feature=13 11 25 11 25 33 25 33 19 19 19 42 13 51
split_gain=267.986 69.7325 52.0647 42.9994 35.3699 17.9791 17.6634 18.6469 13.9521 13.9261 13.3353 12.28 11.3121 9.79012
threshold=0.00028070733625715005 -0.035708053290708544 -0.0096490515327069485 0.033792524443328704 -0.014592393965839548 -1.4999999999999998 0.017853700553829854 10.500000000000002 0.022673256398042303 0.0018123872380026503 -0.026277010573899248 119.50000000000001 -0.075631601288805986 -0.12473328591749638
decision_type=2 2 2 2 2 2 2 2 2 2 2 2 2 2
left_child=1 9 11 4 -2 -6 7 -4 -7 -1 -5 13 -11 -3
right_child=3 2 6 10 5 8 -8 -9 -10 12 -12 -13 -14 -15
leaf_value=0.01783751804547334 0.0025009895636210625 0.0053825242832904081 -0.0019472016143845261 -0.002816870207618177 -0.010726226104281963 -0.00066962563591894605 -0.0053315968765066763 0.0072842804329015555 -0.012623502670423038 0.017964360401318678 -0.01434895610593508 0.00078242324727165766 0.0060892358431689801 0.015276128704021881
leaf_weight=288.66912150382996 331.72629573941231 107.08430671691895 289.96982154250145 81.448913633823395 415.92814290523529 315.98060542345047 288.82874205708504 246.38671860098839 72.479934751987457 71.276537328958511 486.12279841303825 74.774324327707291 212.78236615657806 235.353709846735
leaf_count=822 892 288 783 232 1191 871 789 662 209 199 1481 202 576 637
internal_value=-4.08956e-05 0.0066272 0.00324886 -0.00715839 -0.00428601 -0.00711398 -0.000373134 0.00227541 -0.00309562 0.0138209 -0.0127768 0.0103914 0.00941465 0.0123762
internal_weight=3518.81 1815.13 1242.4 1703.69 1136.11 804.389 825.185 536.357 388.461 572.728 567.572 417.212 284.059 342.438
internal_count=9834 4958 3361 4876 3163 2271 2234 1445 1080 1597 1713 1127 775 925
is_linear=0
shrinkage=0.025


Tree=60
num_leaves=15
num_cat=0
split_feature=17 11 21 21 17 37 25 37 33 33 21 29 33 26
split_gain=254.593 63.6826 47.9457 40.7438 28.772 21.4027 18.0973 14.2415 13.2025 11.9174 11.5858 11.5511 10.5407 9.47671
threshold=0.011692184126606752 -0.017448020673611748 -0.0044887202255218493 0.0056782091684678508 0.03988900084048936 2.5000000000000004 0.033194507059910956 10.500000000000002 -2.4999999999999996 74.500000000000014 0.026989698541871155 -0.057050603696389098 -67.499999999999986 0.088285704276868965
decision_type=2 2 2 2 2 2 2 2 2 2 2 2 2 2
left_child=1 5 4 8 9 6 11 -4 -3 -2 12 -1 -5 -13
right_child=2 3 7 10 -6 -7 -8 -9 -10 -11 -12 13 -14 -15
leaf_value=-0.01609026446005913 0.00038152195118509917 -0.001312839803519209 0.010142292911604307 0.011514823629810019 0.0094722899410324343 1.2000864551774535e-05 -0.0002866654606624243 0.01826326899835358 -0.0085499395818484578 -0.01276390429545252 0.0098613484187734662 -0.0007271720383648986 -0.00062563254743324727 -0.010989205296184997
leaf_weight=334.08035930991173 320.52171611785889 305.70063439011574 522.79001879692078 48.504166483879089 259.31488287448883 116.38226071000099 91.268740922212601 217.62910374999046 347.24189421534538 44.241757035255432 156.89105376601219 71.798580974340439 251.81438678503036 419.04994401335716
leaf_count=1019 863 838 1438 130 709 325 256 615 983 120 421 205 677 1235
internal_value=-4.19204e-05 -0.00541991 0.00837408 -0.00122644 0.00317821 -0.00987669 -0.0111532 0.0126693 -0.00523533 -0.0012963 0.00443929 -0.0123164 0.00140974 -0.00956102
internal_weight=3507.23 2142.73 1364.5 1110.15 624.078 1032.58 916.198 740.419 652.943 364.763 457.21 824.929 300.319 490.849
internal_count=9834 6089 3745 3049 1692 3040 2715 2053 1821 983 1228 2459 807 1440
is_linear=0
shrinkage=0.025


Tree=61
num_leaves=15
num_cat=0
split_feature=6 57 57 56 32 56 22 12 6 38 30 32 16 44
split_gain=39.3876 12.3328 16.8509 11.1967 7.0192 8.78162 10.023 9.1779 15.2817 14.5881 6.21 7.09896 10.1111 6.53887
threshold=8.3503252627319124 3.2853909680430351 -3.3056450024191064 0.82253623547044319 0.95749716133873386 0.3156224474005056 0.066979823587157358 0.095576374249119661 4.429801546886404 367.00000000000006 1.5080644208925704 1.0560037826281146 0.14338523068421419 29.500000000000004
decision_type=2 2 2 2 2 2 2 2 2 2 2 2 2 2
left_child=3 2 -2 4 -1 6 -6 8 -8 -9 11 13 -13 -4
right_child=1 -3 10 -5 5 -7 7 9 -10 -11 -12 12 -14 -15
leaf_value=0 -0.010185005614436131 -0.010233781571310231 0.00217549143190325 -0.0048588150279966387 0.022316598876053338 0.023308261309863364 0.018948356001770167 -0.0036803009142012235 -0.0032174579370412302 0.019692590837449932 -0.0056221151582588847 -0.00066239444968849669 0.013412042798963126 -0.0042252905735474331
leaf_weight=44.93995663523674 107.794328302145 108.49371516704559 264.59105804562569 33.401653870940208 25.807795099914074 31.154019445180893 19.223043277859688 19.785826832056046 90.788257583975792 48.99187196791172 88.287417821586132 55.460151053965092 60.072957322001457 152.8534120246768
leaf_count=330 1167 1174 2193 274 168 218 118 148 672 352 801 456 483 1280
internal_value=0.000280824 -0.00253103 -0.0012888 0.00777937 0.00942951 0.0111236 0.00863724 0.00597322 0.00109374 0.0128361 0.000283836 0.00135178 0.00670117 -0.000131339
internal_weight=1151.65 837.553 729.059 314.092 280.691 235.751 204.597 178.789 110.011 68.7777 621.265 532.978 115.533 417.444
internal_count=9834 7554 6380 2280 2006 1676 1458 1290 790 500 5213 4412 939 3473
is_linear=0
shrinkage=0.025


Tree=62
num_leaves=15
num_cat=0
split_feature=5 11 5 21 21 25 33 33 15 33 51 51 23 19
split_gain=254.649 58.6868 45.9281 38.7562 34.8169 22.5255 16.7453 11.2942 11.2347 10.8744 9.77009 8.82207 8.53608 8.02833
threshold=-0.70469611388715869 0.017448020673611755 -3.816330455861968 -0.0058230157847948992 0.003912363437757701 -0.013816024400535599 2.5000000000000004 92.500000000000014 0.067887678231918061 -13.499999999999998 -0.34992378048780476 0.15523326572008117 0.017017496672078452 -0.021097264274393946
decision_type=2 2 2 2 2 2 2 2 2 2 2 2 2 2
left_child=2 3 -1 13 9 8 -5 -6 10 -4 -3 -7 -8 -2
right_child=1 5 4 6 7 11 12 -9 -10 -11 -12 -13 -14 -15
leaf_value=0.016284413902828553 0.0088303491125131146 -0.010903699389650299 0.0049211608232503602 -0.0089462509492181461 -0.00061345081648292454 -0.014143598339298725 0.0024197334311922484 0.011185584952834379 -0.013981124679524046 0.012343433683124537 0.00018426821226745759 -0.0069443615723940953 -0.006007894792723522 0.0015273683748509197
leaf_weight=328.69855770468712 162.07224455475807 57.096639543771744 220.67133459448814 344.90018993616104 450.35318040847778 517.28280213475227 185.85002487897873 51.772148430347443 58.394970118999481 366.9375547170639 227.00297573208809 173.59054255485535 117.40109866857529 245.40899640321732
leaf_count=936 434 159 597 978 1211 1567 502 139 176 1006 624 516 330 659
internal_value=-4.34399e-05 -0.00559642 0.0081081 -0.00141056 0.00555591 -0.00982101 -0.00521144 0.000652093 -0.00437608 0.00966329 -0.00210769 -0.0124335 -0.000806377 0.00456451
internal_weight=3507.43 2089 1418.43 1055.63 1089.73 1033.37 648.151 502.125 342.495 587.609 284.1 690.873 303.251 407.481
internal_count=9834 5945 3889 2903 2953 3042 1810 1350 959 1603 783 2083 832 1093
is_linear=0
shrinkage=0.025


Tree=63
num_leaves=15
num_cat=0
split_feature=13 11 25 11 25 25 33 33 19 19 19 6 42 17
split_gain=240.761 63.773 46.2542 39.3447 31.6607 17.7941 17.6908 16.3566 13.6892 12.8314 12.305 11.6953 11.628 11.1831
threshold=-0.00056455541425719984 0.035708053290708558 0.0096396489742496018 -0.033792524443328691 0.014587358497007452 -0.017863183170440496 -10.499999999999998 1.5000000000000002 -0.0029009888728488997 -0.022685037659836295 0.026223075370021703 13.000584513938071 119.50000000000001 0.074916366975457269
decision_type=2 2 2 2 2 2 2 2 2 2 2 2 2 2
left_child=3 2 5 10 7 -2 -7 9 13 -5 -1 -6 -4 -3
right_child=1 8 12 4 11 6 -8 -9 -10 -11 -12 -13 -14 -15
leaf_value=-0.013825953861601278 -0.0053095756822153966 0.0054827928340980756 0.011662827138622434 -0.012159743265353596 -0.0011141031113775261 0.0071215299649601688 -0.0018266682230558243 -0.010301113811882498 0.017034293981165988 -0.00059781363024375865 -0.002706790152217497 0.0084857315800983425 0.00040621122368573299 0.017783685139449324
leaf_weight=477.61476591229439 291.52152398228645 209.64001870155334 345.47163882851601 71.207898825407028 210.54176357388496 250.09822776913643 290.83676847815514 407.11986544728279 294.54764586687088 310.70161390304565 81.258637219667435 118.06954878568649 74.581608772277832 62.64362370967865
leaf_count=1481 799 569 937 207 567 673 787 1176 850 859 232 317 202 178
internal_value=-4.52795e-05 0.00623736 0.00303911 -0.0068763 -0.00410327 -0.00035597 0.00229202 -0.00681422 0.0131724 -0.00294746 -0.0122919 0.00233565 0.00975129 0.00867263
internal_weight=3495.86 1819.34 1252.51 1676.51 1117.64 832.457 540.935 789.029 566.831 381.91 558.873 328.611 420.053 272.284
internal_count=9834 4995 3398 4839 3126 2259 1460 2242 1597 1066 1713 884 1139 747
is_linear=0
shrinkage=0.025


Tree=64
num_leaves=15
num_cat=0
split_feature=12 11 5 38 26 24 38 24 4 30 34 38 26 12
split_gain=34.8669 11.7243 15.5167 8.80989 7.24582 18.8665 16.2264 22.8835 8.57068 11.9152 8.32867 9.32007 7.59944 7.23342
threshold=0.10550235225321976 0.045154815290924209 -3.3858879718406665 377.00000000000006 0.14831315580347512 0.14637968827237954 385.00000000000006 0.16341201386145468 23.262312543730253 1.3912098729538833 164.50000000000003 380.00000000000006 0.2087861026566448 0.11902345933903395
decision_type=2 2 2 2 2 2 2 2 2 2 2 2 2 2
left_child=3 2 -2 -1 5 8 12 -8 9 13 11 -10 -6 -4
right_child=1 -3 4 -5 6 -7 7 -9 10 -11 -12 -13 -14 -15
leaf_value=0.0088389530177299825 -0.010001616860778301 -0.010263023702047902 0.019543049481928577 -0.0034232184154440442 -0.005537495310842331 0.025297208659472242 -0.006208535228731259 0.029869343701032072 0.015167213176354506 -0.0067478480479665334 -0.0047935010285601277 0.0004486660058323426 0.008758188408380406 -0.00094235976031949306
leaf_weight=279.84702255576849 102.23198010772467 98.730893850326538 15.213293977081774 36.16304711997509 269.99771700054407 17.168379284441471 17.221996925771236 17.146915622055531 58.905319012701511 115.51978557556868 31.567108362913132 53.246405862271786 19.670374684035778 17.570099763572216
leaf_count=2036 1125 1061 120 284 2308 142 152 143 478 958 271 443 167 146
internal_value=0.000301241 -0.00235804 -0.00120095 0.00732637 0.000247937 0.00299635 -0.00230425 0.0126635 0.0011973 -0.0028668 0.00551453 0.00871006 -0.00434974 0.00923052
internal_weight=1150.2 834.19 735.459 316.01 633.227 309.19 324.037 34.3689 292.022 148.303 143.719 112.152 289.668 32.7834
internal_count=9834 7514 6453 2320 5328 2558 2770 295 2416 1224 1192 921 2475 266
is_linear=0
shrinkage=0.025


Tree=65
num_leaves=15
num_cat=0
split_feature=17 37 21 23 5 11 11 21 23 19 51 51 35 17
split_gain=241.755 60.2047 46.5596 27.93 24.7471 23.9194 20.0389 15.7756 9.54565 9.03234 8.79864 8.61659 8.52839 8.3951
threshold=-0.010447189946154097 1.0000000180025095e-35 0.0070481319755968013 -0.018802152268011896 1.9221490341828835 -0.036930603181147499 -0.043770231612286388 -0.0058230157847948992 -0.0099624384826013986 -0.0024798739641371495 -0.22345310740619662 0.31840463458110524 -3.4999999999999978 -0.076827728555550132
decision_type=2 2 2 2 2 2 2 2 2 2 2 2 2 2
left_child=2 3 6 -2 7 13 -1 -3 -6 -8 -7 -5 -9 -4
right_child=1 4 5 11 8 10 9 12 -10 -11 -12 -13 -14 -15
leaf_value=0.017977865973151479 0.0071075163416059774 -0.00026955132135446147 0.017635192583516299 -0.004821545312707667 -0.0077714273573797014 -0.008590912599830745 0.011018113385517607 -0.013362477949901634 -0.014900277473227192 0.0035547393608230658 0.00059511372999630037 0.0017915134969619256 -0.0052903055181867196 0.0057187254654958702
leaf_weight=243.15008819103241 230.28200998902321 250.25810551643372 50.83040189743042 444.64624655246735 221.61197334527969 77.970656365156174 411.42473146319389 141.7837065756321 395.29646092653275 157.07153022289276 283.5640330016613 160.03525075316429 252.32428070902824 175.75155743956566
leaf_count=707 621 675 143 1241 640 212 1125 408 1240 425 763 441 717 476
internal_value=-4.698e-05 -0.00542166 0.00797482 -0.000178646 -0.00885839 0.00253269 0.0118479 -0.00529982 -0.0124626 0.0090486 -0.00140796 -0.00302999 -0.008388 0.008823
internal_weight=3496 2096.24 1399.76 834.964 1261.27 588.117 811.646 644.366 616.908 568.496 361.535 604.681 394.108 226.582
internal_count=9834 5983 3851 2303 3680 1594 2257 1800 1880 1550 975 1682 1125 619
is_linear=0
shrinkage=0.025


Tree=66
num_leaves=15
num_cat=0
split_feature=13 5 21 37 25 33 33 19 33 24 56 15 25 37
split_gain=228.008 59.7506 43.7485 40.0021 28.0742 19.4747 14.5445 14.4851 11.5392 10.3407 9.20765 9.05611 10.8004 8.21922
threshold=-0.00056455541425719984 3.7951902441914229 -0.0062800009109677491 -8.9999999999999982 0.017853700553829854 13.500000000000002 11.500000000000002 -0.022685037659836295 -37.499999999999993 0.081380907714909703 0.3156224474005056 0.032417231994733155 0.0096396489742496018 -2.4999999999999996
decision_type=2 2 2 2 2 2 2 2 2 2 2 2 2 2
left_child=3 2 8 9 6 -4 7 -5 10 -1 -2 12 -7 -10
right_child=1 -3 5 4 -6 11 -8 -9 13 -11 -12 -13 -14 -15
leaf_value=-0.0018393820025265227 0.0070141927806650246 0.015662473830385354 0.010480950644629819 -0.012668273759656372 0.001940901088452773 -0.0052846951812036864 -0.010195041333814199 -0.0014656360147985463 -0.0091505353269991443 -0.014287809251760278 -0.0052921648651432932 0.010204836466186406 0.0049181822959963794 -0.0012169650164038114
leaf_weight=53.364730626344681 145.94715848565102 328.81439962983131 534.14315551519394 85.324580132961273 325.6585845053196 114.47369256615639 388.71969643235207 405.64951518177986 108.66609239578247 410.73902502655983 44.381107181310654 69.220864653587341 136.36818355321884 332.82335683703423
leaf_count=156 394 949 1462 254 887 309 1143 1147 301 1252 120 191 367 902
internal_value=-4.84557e-05 0.00607011 0.00388542 -0.00671304 -0.00424945 0.00756168 -0.00656737 -0.00357099 -0.0010659 -0.0129446 0.00395457 0.0025266 0.000152018 -0.00330629
internal_weight=3484.29 1814.84 1486.02 1669.46 1205.35 854.206 879.694 490.974 631.818 464.104 190.328 320.063 250.842 441.489
internal_count=9834 4995 4046 4839 3431 2329 2544 1401 1717 1408 514 867 676 1203
is_linear=0
shrinkage=0.025


Tree=67
num_leaves=15
num_cat=0
split_feature=6 5 5 32 22 30 8 56 12 28 30 50 14 52
split_gain=36.4705 11.6536 15.5929 8.53934 7.26503 6.06001 6.02501 8.47025 10.2601 8.43463 11.4125 5.54214 8.4955 8.99222
threshold=8.4047707431405421 3.3769211481995831 -3.3858879718406665 0.94350813417772594 0.068755530463072353 1.5090362260485526 148.85100903651673 0.3156224474005056 0.09357904882107701 12.739407406140451 1.40922256741038 33.500000000000007 0.12751896674551136 0.090230664857530521
decision_type=2 2 2 2 2 2 2 2 2 2 2 2 2 2
left_child=3 2 -2 -1 -5 11 9 8 -8 10 -6 12 -4 -14
right_child=1 -3 5 4 6 -7 7 -9 -10 -11 -12 -13 13 -15
leaf_value=-0.0026315014031564545 -0.010123678873346593 -0.010185731537607524 -0.0033662305693790578 0.0188649078643221 0.017822755623637217 -0.0057408302052564548 -0.00052923335622720208 0.023086984352524736 0.016152622923562069 -0.0019749641681083593 -0.0043945603484512458 -0.0018979068089448794 -0.00016308265734649318 0.0092246543647696699
leaf_weight=40.224144488573074 101.02506581693888 101.83646146953106 83.123802378773689 39.218892328441143 35.277038112282753 85.268810287117958 51.217948131263256 25.419449009001255 32.850445002317429 80.396191246807575 17.548692636191845 204.13741429895163 97.872742988169193 153.40704073756933
leaf_count=304 1131 1137 683 256 254 782 366 186 230 590 134 1740 803 1238
internal_value=0.000320951 -0.00243953 -0.00125464 0.00741001 0.0089507 0.000211013 0.00689931 0.0112145 0.00624948 0.00289463 0.010268 0.00124352 0.00323458 0.00553876
internal_weight=1148.82 826.671 724.835 322.153 281.929 623.81 242.71 109.488 84.0684 133.222 52.8257 538.541 334.404 251.28
internal_count=9834 7514 6377 2320 2016 5246 1760 782 596 978 388 4464 2724 2041
is_linear=0
shrinkage=0.025


Tree=68
num_leaves=15
num_cat=0
split_feature=17 17 21 25 33 17 11 19 23 51 29 33 3 17
split_gain=228.878 55.3536 44.6577 44.4363 24.8919 22.6959 19.3891 14.4169 14.3162 10.0636 10.032 9.52911 8.94169 7.75673
threshold=-0.010447189946154097 0.033949374021242658 0.0070481319755968013 -0.017863183170440496 -2.4999999999999996 -0.036069798295387388 -0.043770231612286388 0.032979586412643556 -0.0076916624766641987 0.23670062252405202 0.015292671580030401 -11.499999999999998 0.95203928454038989 0.0048195909500524511
decision_type=2 2 2 2 2 2 2 2 2 2 2 2 2 2
left_child=2 3 6 13 10 12 -1 -6 9 -3 -5 -8 -4 -2
right_child=1 8 5 4 7 -7 11 -9 -10 -11 -12 -13 -14 -15
leaf_value=0.01763163580759344 0.01008229496339403 -0.0089581289309840738 -0.00043342000584050441 -0.004610397368045329 8.4183208023438485e-05 -0.0021150412803897182 0.0044189370830756232 -0.013321202436672475 -0.01475326752815298 0.0029758127325114833 -0.011765786249937817 0.011442651896459316 0.009975783974716575 0.0021193980743922721
leaf_weight=240.96501338481903 125.60263842344284 227.19940808415413 60.975316613912582 241.49326601624489 504.63436660170555 311.74832189083099 220.39593380689621 50.248721450567245 361.74997460842133 48.365280270576477 310.15727522969246 346.8136842250824 214.62897992134094 219.44705346226692
leaf_count=707 338 660 165 684 1387 842 597 146 1153 138 888 953 587 589
internal_value=-5.05082e-05 -0.0052902 0.00776557 -0.002554 -0.00500442 0.0024351 0.01157 -0.00119324 -0.011415 -0.00675875 -0.00874787 0.00881966 0.00761705 0.00519203
internal_weight=3484.43 2088.9 1395.53 1451.58 1106.53 587.353 808.175 554.883 637.315 275.565 551.651 567.21 275.604 345.05
internal_count=9834 5983 3851 4032 3105 1594 2257 1533 1951 798 1572 1550 752 927
is_linear=0
shrinkage=0.025


Tree=69
num_leaves=15
num_cat=0
split_feature=5 37 37 23 11 23 23 5 12 15 51 51 29 51
split_gain=216.138 56.6529 42.7072 27.2134 22.1354 20.7543 17.8127 13.31 12.8011 10.0602 10.0288 9.96617 9.32014 7.83438
threshold=0.69535847144067164 -1.0000000180025095e-35 11.500000000000002 -0.0024548548358286496 -0.034474240386206542 0.019968708478139804 -0.018802152268011896 4.1623550991783729 0.17883817846350672 0.034855702749363907 -0.32231789150295082 0.15523326572008117 -0.0091843566721093988 -0.34992378048780476
decision_type=2 2 2 2 2 2 2 2 2 2 2 2 2 2
left_child=1 4 3 7 -1 10 -6 13 -8 11 -3 -5 -7 -2
right_child=2 5 -4 9 6 12 8 -9 -10 -11 -12 -13 -14 -15
leaf_value=-0.013029785625341801 0.0057392450862398144 0.0026994913906741784 0.01564569388519986 0.0087761329161050328 -0.012325974060879324 0.0018698430570312321 -0.0054647044612933038 0.011173825944468781 0.003542790958598939 0.013322092659179758 -0.0043125709138657747 -0.00024684033371106281 0.013055706098723394 -0.0020570030706527072
leaf_weight=451.94820675253868 96.131394475698471 167.84609910845757 309.77881696820259 239.88507249951363 200.73044994473457 118.09583175182343 469.65210646390915 65.794984936714172 117.20988723635674 212.60107186436653 454.91612580418587 103.18695646524429 81.991998851299286 383.10723745822906
leaf_count=1423 259 463 879 654 595 319 1309 186 328 611 1275 278 221 1034
internal_value=-5.23718e-05 -0.00521263 0.00746698 0.00508224 -0.00857797 -9.16984e-05 -0.00592574 0.00104199 -0.00360873 0.00895592 -0.00237642 0.00602588 0.00678203 -0.000398398
internal_weight=3472.88 2062.39 1410.49 1100.71 1239.54 822.85 787.592 545.034 586.862 555.673 622.762 343.072 200.088 479.239
internal_count=9834 5933 3901 3022 3655 2278 2232 1479 1637 1543 1738 932 540 1293
is_linear=0
shrinkage=0.025


Tree=70
num_leaves=15
num_cat=0
split_feature=6 5 5 56 32 56 3 4 22 34 42 52 14 6
split_gain=35.1215 11.4216 15.2707 10.6817 6.51538 8.06388 9.45945 7.7142 11.86 8.37539 5.81125 5.74631 7.08102 6.85931
threshold=8.3503252627319124 3.2853909680430351 -3.3056450024191064 0.82253623547044319 0.95749716133873386 0.3156224474005056 0.98055512408325696 22.764598089426467 0.11469323640513356 135.50000000000003 20.500000000000004 0.36242408906882589 0.19646863732428874 10.328351792226099
decision_type=2 2 2 2 2 2 2 2 2 2 2 2 2 2
left_child=3 2 -2 4 -1 6 7 9 10 -6 -9 -4 13 -13
right_child=1 -3 11 -5 5 -7 -8 8 -10 -11 -12 12 -14 -15
leaf_value=0 -0.0098302971753720658 -0.0099135960668453732 0.0029134610174363367 -0.0049529206413779538 -0.0075819222992361997 0.022050373638582522 0.0014671209531507852 0.007278491714160772 0 0.012019972690976689 0.028071217487949197 -0.0052667792210665011 -0.0090972120626279501 0.0028583955386458355
leaf_weight=45.225006654858589 103.48404628038406 104.54170294106007 285.83193531632423 33.630574442446232 19.14479935914278 32.197325266897678 87.87153484672308 20.693755581974983 17.228006325662136 24.820587128400803 38.108110949397087 96.316093191504478 62.733862243592739 175.73286589980125
leaf_count=330 1167 1174 2375 274 134 218 626 142 128 168 260 810 548 1480
internal_value=0.000338259 -0.00235503 -0.00116897 0.00734167 0.00893746 0.0105468 0.00817147 0.0126259 0.0173122 0.00307112 0.0222895 0.000302318 -0.00186352 0
internal_weight=1147.56 828.641 724.099 318.92 285.289 240.064 207.867 119.995 76.0299 43.9654 58.8019 620.615 334.783 272.049
internal_count=9834 7554 6380 2280 2006 1676 1458 832 530 302 402 5213 2838 2290
is_linear=0
shrinkage=0.025


Tree=71
num_leaves=15
num_cat=0
split_feature=5 11 5 19 19 19 33 33 15 51 33 23 33 9
split_gain=215.887 51.6748 41.3602 33.754 30.3919 18.4777 14.6144 13.1505 11.8933 10.3442 9.12929 8.57939 8.41602 7.54375
threshold=-0.70469611388715869 0.017448020673611755 -3.816330455861968 -0.0035450263165180498 0.0015154795381028001 -0.00040025233954904993 -37.499999999999993 2.5000000000000004 0.069539296116370261 -0.23066239316239312 6.5000000000000009 -0.019968708478139797 44.500000000000007 0.025018743459059255
decision_type=2 2 2 2 2 2 2 2 2 2 2 2 2 2
left_child=2 3 -1 11 10 6 -3 -5 -8 -6 -4 -2 -13 -11
right_child=1 5 4 7 9 -7 8 -9 -10 13 -12 12 -14 -15
leaf_value=0.015336586052228094 0.0078132360987940037 -0.012054867669028892 0.0056944805254217946 -0.0084755244941192489 -0.0056317667482625039 -0.012951043892018801 -0.0011380603902305453 -0.0010068561812126044 -0.013274809128043824 -0.00089018968812405893 0.012567152803438709 -0.001918941413393542 0.0083158287963983196 0.0056747919829258659
leaf_weight=321.74950507283211 194.26742541790009 168.60406544804573 279.11440822482109 326.32711198925972 115.60660648345947 461.16421943902969 330.00405395030975 283.23829627037048 56.307500928640366 192.86422401666641 268.21764430403709 184.07273522019386 62.768678694963455 228.6449228823185
leaf_count=936 521 489 761 936 313 1451 926 781 176 519 745 497 168 615
internal_value=-5.2537e-05 -0.00519652 0.00748173 -0.00127002 0.0050686 -0.00920612 -0.00596139 -0.00508227 -0.00311798 0.000775704 0.00919094 0.00393997 0.000697793 0.00263711
internal_weight=3472.95 2066.75 1406.2 1050.67 1084.45 1016.08 554.916 609.565 386.312 537.116 547.332 441.109 246.841 421.509
internal_count=9834 5945 3889 2903 2953 3042 1591 1717 1102 1447 1506 1186 665 1134
is_linear=0
shrinkage=0.025


Tree=72
num_leaves=15
num_cat=0
split_feature=37 13 5 23 19 19 25 15 5 11 19 35 55 33
split_gain=206.785 58.7148 51.2443 29.6239 20.5391 15.6884 15.0451 13.5701 12.6518 11.7376 10.1952 10.1171 9.71775 8.68157
threshold=1.0000000180025095e-35 -0.019568331076781045 2.2983424271680675 -0.014457767332001799 0.00041735769757295001 0.0013473481523594002 0.025628518912386555 0.021630395369626604 5.2885208323790431 -0.0082133605419607483 -0.0029009888728488997 5.9500000000000002 0.17415334713410766 37.500000000000007
decision_type=2 2 2 2 2 2 2 2 2 2 2 2 2 2
left_child=1 5 4 -3 12 -1 7 11 10 -6 -4 -5 -2 -7
right_child=2 3 8 6 9 13 -8 -9 -10 -11 -12 -13 -14 -15
leaf_value=-0.014065600660622141 0.0024468138744344822 -0.0076413212457303635 0.0054124370101747924 -0.00070216634637845657 0.00040028829947381055 -0.0042874848568428573 0.0088710225946906449 0.0069373578936967328 0.019309482557494307 0.0088785060602979918 0.01365433395664627 -0.010777408288215433 -0.0047750689203847523 -0.012089260539427299
leaf_weight=408.17507725954056 263.04939392209053 339.04789307713509 192.08854711055756 399.66603061556816 148.96980854868889 299.79239910840988 127.70949831604958 118.09877613186836 143.30700108408928 374.03876939415932 236.95595163106918 70.605084747076035 199.08538708090782 140.9309638440609
leaf_count=1308 723 960 525 1092 407 863 346 323 425 1017 686 196 551 412
internal_value=-5.38763e-05 -0.00558099 0.00668321 -0.00160047 0.00316447 -0.0104609 0.00125822 -0.000412878 0.0126166 0.00653764 0.0101268 -0.0023649 -0.00062863 -0.00694599
internal_weight=3461.52 1904.03 1557.49 1055.13 985.143 848.898 716.079 588.37 572.351 523.009 429.044 470.271 462.135 440.723
internal_count=9834 5500 4334 2917 2698 2583 1957 1611 1636 1424 1211 1288 1274 1275
is_linear=0
shrinkage=0.025


Tree=73
num_leaves=15
num_cat=0
split_feature=10 12 11 11 8 2 8 54 4 2 46 50 52 34
split_gain=31.5865 15.2355 12.1013 14.9686 8.04562 7.16616 13.9248 6.41206 6.20185 15.9099 7.34054 7.33019 12.2057 9.57395
threshold=1.9626754775558803 0.067174253862086863 0.045154815290924209 -0.045332303327532845 152.2854342625109 0.050926107076628355 148.70054918141562 -0.13645598927894073 23.113508186779871 0.085247010620117858 49.500000000000007 8.5000000000000018 0.35735930735930738 80.500000000000014
decision_type=2 2 2 2 2 2 2 2 2 2 2 2 2 2
left_child=4 -2 3 -3 5 6 7 -1 9 10 -5 -10 13 -13
right_child=1 2 -4 8 -6 -7 -8 -9 11 -11 -12 12 -14 -15
leaf_value=0.011133224971208364 0.017210774887330957 -0.010049394724898422 -0.010121116347959943 0.015286628050255947 0.00037896817969708391 0.024263211011398552 0.021404632775794515 -0.0050242632532231761 -0.0051680030541732206 0.023636696931687386 -0.00013191892653088817 0.018793203395041355 -0.001121164236998752 0
leaf_weight=19.01985426992178 21.872558668255806 93.163540422916412 94.071456179022789 16.271019294857979 40.900702632963657 30.364764310419559 29.067825742065907 36.554979987442493 179.52946604043245 18.04386480897665 176.42820677161217 33.143982507288456 325.65943866968155 32.221174709498882
leaf_count=130 144 1037 1046 128 312 220 200 258 1519 150 1391 270 2766 263
internal_value=0.000355265 -0.00128519 -0.00181481 -0.000840362 0.0106477 0.0139234 0.00878872 0.000555268 0.000282869 0.00392091 0.00139722 -0.00103985 0.000833681 0.0103159
internal_weight=1146.31 990.405 968.532 874.461 155.908 115.007 84.6427 55.5748 781.297 210.743 192.699 570.554 391.025 65.3652
internal_count=9834 8714 8570 7524 1120 808 588 388 6487 1669 1519 4818 3299 533
is_linear=0
shrinkage=0.025


Tree=74
num_leaves=15
num_cat=0
split_feature=37 11 29 19 19 19 19 29 55 15 19 33 17 29
split_gain=206.525 56.7557 52.1051 31.4015 28.1915 16.7993 13.5171 12.5927 11.7796 11.5884 12.2307 11.198 9.07049 8.36994
threshold=-1.0000000180025095e-35 0.017215913645206003 -0.044576098899739791 0.00019650869795800004 0.012921406856573102 -0.0071286258543985992 -0.021097264274393946 -0.0056649249919020492 -0.17754563130654533 -0.072513431225683225 0.024440774684538705 -5.4999999999999991 -0.020088032125637745 0.050029159816499108
decision_type=2 2 2 2 2 2 2 2 2 2 2 2 2 2
left_child=2 4 9 7 6 13 -2 -4 -5 -1 -11 -8 -13 -3
right_child=1 5 3 8 -6 -7 11 -9 -10 10 -12 12 -14 -15
leaf_value=0.019824043832864499 0.0081310227178285639 -0.0019264705223927395 0.011711285542001529 -0.0063333748089708965 -0.0075852435440013789 -0.01324271428481253 -0.0039214111015541788 0.0038945624852570978 0.0017721166549384991 0.012153919626277704 -9.6298047266445151e-06 0.010803037577637144 0.00033406819727473938 -0.0097711832186735265
leaf_weight=126.41706103086472 136.60978001356125 184.97817370295525 225.8753761947155 190.39220756292343 328.4005386531353 509.02781385183334 289.18134143948555 342.29535385966301 251.8914700448513 365.45796236395836 55.27185446023941 65.63572484254837 214.9618943631649 175.21618145704269
leaf_count=374 370 516 627 528 928 1615 798 937 695 1023 150 180 581 512
internal_value=-5.69021e-05 -0.00558067 0.00667561 0.00324895 -0.0015816 -0.0102766 0.00120804 0.00712076 -0.001693 0.0128719 0.0105159 -0.000464602 0.0030167 -0.00589251
internal_weight=3461.61 1904.01 1557.6 1010.45 1034.79 869.222 706.389 568.171 442.284 547.147 420.73 569.779 280.598 360.194
internal_count=9834 5500 4334 2787 2857 2643 1929 1564 1223 1547 1173 1559 761 1028
is_linear=0
shrinkage=0.025


Tree=75
num_leaves=15
num_cat=0
split_feature=17 37 19 23 5 17 51 35 17 19 29 5 46 25
split_gain=196.498 51.6934 38.8528 23.8239 22.0108 21.9329 15.9151 13.1899 12.8113 9.29557 8.87967 8.84838 8.49522 8.39858
threshold=0.011692184126606752 -1.0000000180025095e-35 -0.0029009888728488997 0.018802152268011903 -1.9225926003210299 0.074916366975457269 0.22727272727272727 2.0499999999999994 0.034909204839633952 -0.024487390326547596 -0.0083633523682776472 -5.2125823043413932 100.50000000000001 0.0096396489742496018
decision_type=2 2 2 2 2 2 2 2 2 2 2 2 2 2
left_child=1 4 5 -3 11 6 9 -6 -4 12 -5 -1 -2 -13
right_child=2 3 8 10 7 -7 -8 -9 -10 -11 -12 13 -14 -15
leaf_value=-0.017642139117245634 0.0065903183593626919 -0.0026708136571403315 0.0077365687355073045 0.0020875647545092343 -0.0018410070374690315 0.01640105013349968 -0.0064563713280516022 -0.0092493527646151583 0.014977427248588025 0.0057810583624269656 0.012132420177966053 -0.012264586377086214 -0.0059726650976938541 -0.0048358658427452442
leaf_weight=130.37235701084137 44.396086186170578 619.74232831597328 345.36725544929504 137.5571563243866 402.67978662252426 62.844489932060242 123.26530155539513 249.10485082864761 349.01707553863525 322.90463626384735 99.388264834880829 293.02967339754105 96.021746248006821 174.50396716594696
leaf_count=435 120 1734 944 372 1126 183 335 709 1027 876 269 941 260 503
internal_value=-5.83361e-05 -0.00482711 0.00738818 -6.32372e-05 -0.00805965 0.00290694 0.00129258 -0.00475932 0.0114928 0.00345446 0.00656793 -0.0115466 -0.00173867 -0.00962528
internal_weight=3450.19 2106.38 1343.82 856.688 1249.69 649.432 586.588 651.785 694.384 463.322 236.945 597.906 140.418 467.534
internal_count=9834 6089 3745 2375 3714 1774 1591 1835 1971 1256 641 1879 380 1444
is_linear=0
shrinkage=0.025


Tree=76
num_leaves=15
num_cat=0
split_feature=6 5 5 56 10 36 52 2 26 2 30 48 26 24
split_gain=32.8088 10.704 14.2014 7.13699 8.93284 9.51817 8.25978 11.2555 11.0839 6.82515 5.86425 5.73064 6.55952 14.8631
threshold=8.4047707431405421 3.3769211481995831 -3.3858879718406665 0.82253623547044319 1.9626754775558803 49.350000000000009 0.20188299524082762 0.051234004046295106 0.094884424901425721 0.085113025620946609 1.5090362260485526 21.500000000000004 0.14831315580347512 0.14602436996085241
decision_type=2 2 2 2 2 2 2 2 2 2 2 2 2 2
left_child=3 2 -2 4 5 -1 -6 8 -8 -9 11 12 13 -4
right_child=1 -3 10 -5 6 -7 7 9 -10 -11 -12 -13 -14 -15
leaf_value=0.0030039650574027587 -0.009791393083136514 -0.0098507377153716907 0.0028778687881254542 -0.0028192963858702236 -0.0047112140900091087 0.019615116425261224 -0.0049710939297063148 0.023817449648310941 0.010895529391508459 0.0021068846478484249 -0.0056479651041179586 -0.0070695587367032922 -0.00075491092725915522 0.025215864500064161
leaf_weight=39.356183663010597 97.207452930510044 97.936845064163208 233.94426167011261 34.770685397088528 39.694493688642979 66.891294330358505 54.963671274483204 28.398822471499443 44.718218021094799 17.580467976629734 84.670609526336193 41.361924231052399 247.22218788415194 16.02461364120245
leaf_count=260 1131 1137 1904 284 296 434 398 202 320 126 782 359 2075 126
internal_value=0.000379048 -0.00227307 -0.00114769 0.00703852 0.00832596 0.0140983 0.00460246 0.00737861 0.00208843 0.0170275 0.000227919 0.00124117 0.00204583 0.00487434
internal_weight=1144.74 818.368 720.431 326.374 291.603 106.247 185.356 145.661 99.6819 45.9793 623.224 538.553 497.191 249.969
internal_count=9834 7514 6377 2320 2036 694 1342 1046 718 328 5246 4464 4105 2030
is_linear=0
shrinkage=0.025


Tree=77
num_leaves=15
num_cat=0
split_feature=17 37 19 25 29 19 13 33 33 37 33 35 23 55
split_gain=196.818 62.6184 34.6488 27.1086 23.3291 24.8447 20.367 14.3419 11.5186 8.79608 8.66189 8.6392 8.3787 7.7943
threshold=-0.017510133632581547 1.0000000180025095e-35 0.0029538635858879004 -0.018795888495278947 0.048509440405866001 -0.00018323925612719996 -0.075631601288805986 37.500000000000007 4.5000000000000009 -11.499999999999998 -37.499999999999993 -5.299999999999998 0.015762542853567554 1.0000000180025095e-35
decision_type=2 2 2 2 2 2 2 2 2 2 2 2 2 2
left_child=2 3 9 10 5 13 -4 -8 -5 -1 -2 -10 -13 -3
right_child=1 4 6 8 -6 -7 7 -9 11 -11 -12 12 -14 -15
leaf_value=0.01759254408627102 -0.0011592556787762746 -0.004293747655860789 0.016102966038590315 -0.0053262070691330642 -0.012548471472303917 -0.0093947725593589264 -0.00095966722861257634 0.0080940508973017557 -0.0071699059428524288 0.010190751030260082 0.0093509120849166547 0.0049982799247869202 -0.0043499990100438844 0.0025606724983012336
leaf_weight=173.45612335205078 56.563798010349274 198.00275593996048 68.282680958509445 352.46919897198677 449.59662443399429 447.25054252147675 340.80675613880157 152.95683878660202 61.865920692682266 421.78882238268852 214.31925550103188 236.61314952373505 72.701711148023605 203.70651438832283
leaf_count=509 153 552 197 995 1398 1337 923 415 171 1193 581 644 205 561
internal_value=-6.05561e-05 -0.00430782 0.00831592 0.00039092 -0.00791335 -0.00537028 0.00375052 0.00184787 -0.00211175 0.0125179 0.0070844 0.00090442 0.00268727 -0.000767658
internal_weight=3450.38 2293.09 1157.29 994.533 1298.56 848.96 562.046 493.764 723.65 595.245 270.883 371.181 309.315 401.709
internal_count=9834 6597 3237 2749 3848 2450 1535 1338 2015 1702 734 1020 849 1113
is_linear=0
shrinkage=0.025


Tree=78
num_leaves=15
num_cat=0
split_feature=17 37 21 25 29 17 17 51 51 11 24 23 33 56
split_gain=186.648 49.7388 38.2362 33.9482 23.3139 18.8158 16.7405 13.2884 12.6335 11.2854 9.28436 9.2 8.59713 7.37228
threshold=0.011692184126606752 -8.9999999999999982 -0.0071025290641728491 0.017853700553829854 -0.014812162198587348 0.074916366975457269 0.044004482241337559 -0.15499223729114486 0.21074561403508765 -0.031986647576853246 0.081380907714909703 -0.016653894374945546 -1.4999999999999998 -0.16596819531681761
decision_type=2 2 2 2 2 2 2 2 2 2 2 2 2 2
left_child=1 10 5 4 7 8 12 -3 -2 -5 -1 13 -4 -6
right_child=2 3 6 9 11 -7 -8 -9 -10 -11 -12 -13 -14 -15
leaf_value=-0.0016108629434095285 0.0025658256464080667 -0.0010631926313416995 0.011047258385876488 -0.0038739552667858661 -0.00068917529616116567 0.015455810683412358 0.015804021341457607 -0.010297324544066989 -0.0071049365934792085 0.005610893292578226 -0.012933132865805101 0.00079761596231259875 0.0041271493982833135 -0.011038057004657846
leaf_weight=57.963004529476166 408.78184598684311 133.18446889519691 255.54621729254723 95.061218500137329 94.970730185508728 54.786252796649933 278.84547618031502 453.30459231138229 100.61022534966469 331.96795183420181 431.33820337057114 417.14084303379059 241.11875694990158 84.489564329385757
leaf_count=171 1107 386 710 270 276 160 837 1351 274 895 1344 1150 657 246
internal_value=-6.16771e-05 -0.00471759 0.00720641 -0.00255904 -0.00474392 0.00217047 0.0108006 -0.00826935 0.000556653 0.0034212 -0.0116723 -0.00119678 0.00781217 -0.00586407
internal_weight=3439.11 2099.42 1339.69 1610.12 1183.09 564.178 775.51 586.489 509.392 427.029 489.301 596.601 496.665 179.46
internal_count=9834 6089 3745 4574 3409 1541 2204 1737 1381 1165 1515 1672 1367 522
is_linear=0
shrinkage=0.025


Tree=79
num_leaves=15
num_cat=0
split_feature=10 12 5 5 44 32 10 16 26 38 12 8 3 14
split_gain=29.2959 14.4534 10.9469 13.7232 8.3257 9.98896 10.1899 10.5276 9.442 10.1195 8.87049 8.3581 11.105 11.3649
threshold=1.9626754775558803 0.067174253862086863 3.3769211481995831 -3.3056450024191064 29.500000000000004 1.067787843806465 2.0417142183024617 0.16571145226758538 0.14831315580347512 385.00000000000006 0.10124646529926791 149.30917498674481 1.0037142578415554 0.11464744903734027
decision_type=2 2 2 2 2 2 2 2 2 2 2 2 2 2
left_child=-1 -2 3 -3 8 -6 -7 -8 11 10 -10 -5 13 -13
right_child=1 2 -4 4 5 6 7 -9 9 -11 -12 12 -14 -15
leaf_value=0.010232265142941194 0.016689312442359657 -0.0092765362765910974 -0.0095077520648734759 0.0017498103311047548 -0.0053261300565030402 -0.0067202766254033271 0.025313196497532615 -0.00011903422724028534 0.012287237801464969 0.012931328426324546 -0.0043444981784989444 0.0033752731899903479 -0.00098285271938923112 0.025362677589573425
leaf_weight=157.98988145589828 22.236532390117645 99.667772628366947 96.656973861157894 144.91074222326279 227.24731728434563 17.916368253529072 17.123873449862003 15.219679124653338 16.65888599306345 23.586691327393055 210.17212141305208 30.002931289374828 27.544166155159473 36.548320814967155
leaf_count=1120 144 1155 1127 1161 1873 144 136 131 124 201 1785 222 217 294
internal_value=0.000395908 -0.00119947 -0.00172229 -0.000775691 0.000349594 -0.00303838 0.00639912 0.0142627 0.00233247 -0.000974964 -0.00277654 0.00584924 0.0115034 0.0167282
internal_weight=1143.48 985.492 963.256 866.599 766.931 277.507 50.2599 32.3436 489.424 250.418 226.831 239.006 94.0954 66.5513
internal_count=9834 8714 8570 7443 6288 2284 411 267 4004 2110 1909 1894 733 516
is_linear=0
shrinkage=0.025


Tree=80
num_leaves=15
num_cat=0
split_feature=17 37 19 25 29 19 11 51 33 36 11 33 55 44
split_gain=186.628 59.6633 33.3398 25.9726 22.479 23.7515 18.4511 13.0061 11.0598 10.1128 8.98838 8.35892 7.53966 7.37089
threshold=-0.017510133632581547 1.0000000180025095e-35 0.0029538635858879004 -0.018795888495278947 0.048509440405866001 -0.00018323925612719996 -0.051804817473806393 0.3493019697838976 4.5000000000000009 58.250000000000007 -0.040575335466192845 -37.499999999999993 1.0000000180025095e-35 37.500000000000007
decision_type=2 2 2 2 2 2 2 2 2 2 2 2 2 2
left_child=2 3 10 11 5 12 -4 -8 -5 -10 -1 -2 -3 -7
right_child=1 4 6 8 -6 13 7 -9 9 -11 -12 -13 -14 -15
leaf_value=0.016308524467160856 -0.0011578548825029297 -0.0042128303692252336 0.011693729956872337 -0.0052248122063720814 -0.012307409398477511 -0.010328096797989895 -0.0012238426023355323 0.0090739151792554318 0.0029296609553773516 -0.0073366637965106346 0.0093507583216290661 0.0091621377782970213 0.0025307734538215082 0
leaf_weight=233.06260180473328 56.54750257730484 197.7723553776741 130.57910016179085 351.82973918318748 446.12858644127846 394.35128730535507 337.6068788766861 93.018785357475281 301.99522972106934 68.920589953660965 358.95818796753883 214.15452122688293 203.68294197320938 50.603373616933823
leaf_count=707 153 552 373 995 1398 1186 911 251 829 191 995 581 561 151
internal_value=-6.30829e-05 -0.00420498 0.00810833 0.000379944 -0.00773611 -0.00523917 0.00363039 0.00102179 -0.0020712 0.00088334 0.0122454 0.00693379 -0.000740835 -0.00918884
internal_weight=3439.21 2285.99 1153.23 993.448 1292.54 846.41 561.205 430.626 722.746 370.916 592.021 270.702 401.455 444.955
internal_count=9834 6597 3237 2749 3848 2450 1535 1162 2015 1020 1702 734 1113 1337
is_linear=0
shrinkage=0.025


Tree=81
num_leaves=15
num_cat=0
split_feature=37 13 29 23 21 23 25 5 29 35 21 15 51 35
split_gain=177.963 51.6297 46.9949 26.334 25.337 14.1204 13.742 13.5695 13.1681 12.4337 9.3646 9.24988 7.94259 7.62266
threshold=1.0000000180025095e-35 -0.019568331076781045 0.044753766128222155 -0.014457767332001799 -0.0029305651374119997 0.0043630037724225511 0.025628518912386555 5.2885208323790431 -0.0091843566721093988 5.9500000000000002 -0.0062800009109677491 0.021630395369626604 -0.23497610616426581 -2.0999999999999992
decision_type=2 2 2 2 2 2 2 2 2 2 2 2 2 2
left_child=1 5 4 -3 13 -1 9 10 -6 11 -4 -5 -7 -2
right_child=2 3 7 6 8 12 -8 -9 -10 -11 -12 -13 -14 -15
leaf_value=-0.013029646963307124 0.0031520872274494907 -0.0072180923909148853 0.0051562891075135732 -0.00061438075126240166 0.0018518208829103003 0.0006551487991329789 0.0084861953716916169 0.02015403468093302 0.0094019329450835375 -0.00900549355357908 0.013121093745001401 0.0075872359962572316 -0.0079268470339974879 -0.0041974440296350815
leaf_weight=435.45673516392708 120.42624399065971 336.43570157885551 186.02149882912636 398.76878854632378 269.48485323786736 77.494438648223877 127.2682044506073 111.29911944270134 340.69657921791077 84.721795439720154 240.14621835947037 103.01539725065231 320.17085608839989 276.51404473185539
leaf_count=1426 334 960 509 1092 741 220 346 340 951 236 692 283 937 767
internal_value=-6.50861e-05 -0.00522477 0.0062066 -0.00149599 0.00296133 -0.00985838 0.00119778 0.0121582 0.00615024 -0.000399858 0.00980256 0.00107831 -0.00620499 -0.00189403
internal_weight=3427.92 1883.33 1544.59 1050.21 1007.12 833.122 713.774 537.467 610.181 586.506 426.168 501.784 397.665 396.94
internal_count=9834 5500 4334 2917 2793 2583 1957 1541 1692 1611 1201 1375 1157 1101
is_linear=0
shrinkage=0.025


Tree=82
num_leaves=15
num_cat=0
split_feature=6 5 5 56 32 56 3 4 22 34 42 50 3 54
split_gain=30.4415 10.2043 13.5357 9.88699 6.08777 7.57244 8.93073 7.29846 10.7089 8.06387 5.38919 5.18083 8.38521 6.57951
threshold=8.3503252627319124 3.2853909680430351 -3.3858879718406665 0.82253623547044319 0.95749716133873386 0.3156224474005056 0.98055512408325696 22.764598089426467 0.11469323640513356 135.50000000000003 20.500000000000004 33.500000000000007 0.94581863514829989 -0.64372426324162901
decision_type=2 2 2 2 2 2 2 2 2 2 2 2 2 2
left_child=3 2 -2 4 -1 6 7 9 10 -6 -9 13 -13 -4
right_child=1 -3 11 -5 5 -7 -8 8 -10 -11 -12 12 -14 -15
leaf_value=0 -0.0095790711930357521 -0.0094705296450515418 -0.0068612180712413155 -0.0049624679212609641 -0.0076999353197677659 0.020861248414730124 0.0011614317008794776 0.0067506471487841615 0 0.011421563449512577 0.026420439834630299 0.011644666158578478 -0.0043487049968450103 0.0031214255727668727
leaf_weight=45.723888732492924 94.897165358066559 99.43778920173645 40.413912951946259 33.645303502678871 19.341263517737389 33.229741051793098 89.103708736598492 21.168531186878681 17.273714870214462 25.35074595361948 39.58296575397253 17.283692717552185 199.95320673286915 365.74341317266226
leaf_count=330 1132 1174 347 274 134 218 626 142 128 168 260 146 1727 3028
internal_value=0.00041435 -0.00213575 -0.00102734 0.00685285 0.0083653 0.00989902 0.00762259 0.0118891 0.0163711 0.00270118 0.0209814 0.000300541 -0.0027304 0.00199596
internal_weight=1142.15 817.729 718.291 324.42 290.775 245.051 211.821 122.717 78.0252 44.692 60.7515 623.394 217.237 406.157
internal_count=9834 7554 6380 2280 2006 1676 1458 832 530 302 402 5248 1873 3375
is_linear=0
shrinkage=0.025


Tree=83
num_leaves=15
num_cat=0
split_feature=37 13 29 19 23 5 21 21 15 29 55 19 51 35
split_gain=177.767 52.012 47.4772 27.9613 26.2666 13.9677 13.9199 13.6976 14.0941 11.655 11.2305 11.223 8.83196 8.74562
threshold=-1.0000000180025095e-35 0.019561672137660302 -0.044576098899739791 0.00019650869795800004 0.014457767332001803 -5.2125823043413932 -0.0062800009109677491 -0.027017293613646097 -0.021640690284690244 -0.0071682581867592498 -0.17754563130654533 0.024440774684538705 0.23670062252405202 -5.9999999999999973
decision_type=2 2 2 2 2 2 2 2 2 2 2 2 2 2
left_child=2 4 5 9 7 -1 12 -2 -9 -4 -5 -7 -3 -10
right_child=1 6 3 10 -6 11 -8 8 13 -11 -12 -13 -14 -15
leaf_value=0.020203029317081667 0.0088507280449025196 -0.0077814927079837759 0.011192628118114924 -0.0062733489592645105 -0.0071991941367318575 0.0113848300414158 -0.01284030241431558 0.0071089136410722566 -0.010011175286709063 0.0035972407095033994 0.0016516325338604726 0 0.001965757444767984 -0.00073714085319427365
leaf_weight=112.78310376405716 116.98079967498779 308.97411820292473 214.5705329477787 189.65410488843918 336.02887088060379 367.32855907082558 459.96374681591988 120.4719260931015 72.515625238418579 350.00509583950043 251.17753088474274 59.407937586307526 64.403148263692856 403.69762742519379
leaf_count=345 318 899 602 528 959 1040 1504 331 202 962 695 162 181 1106
internal_value=-6.60904e-05 -0.00522388 0.00620093 0.00293108 -0.00147989 0.0121656 -0.00987311 0.0012096 -0.000308004 0.00660072 -0.00173389 0.00977406 -0.00603038 -0.00229065
internal_weight=3427.96 1883.04 1544.93 1005.41 1049.69 539.52 833.341 713.666 596.685 564.576 440.832 426.736 373.377 476.213
internal_count=9834 5500 4334 2787 2916 1547 2584 1957 1639 1564 1223 1202 1080 1308
is_linear=0
shrinkage=0.025


Tree=84
num_leaves=15
num_cat=0
split_feature=17 37 37 23 23 29 19 33 33 36 51 55 29 44
split_gain=169.64 52.922 30.5851 24.2152 21.584 21.177 23.6262 13.26 10.8708 9.50859 8.45798 7.87229 7.68283 7.31965
threshold=0.016974955034728356 -1.0000000180025095e-35 11.500000000000002 0.019067256055183904 -0.013827532068550948 -0.049135504905939091 0.00019650869795800004 -4.4999999999999991 -4.4999999999999991 58.250000000000007 -0.34992378048780476 -1.0000000180025095e-35 -0.0083633523682776472 37.500000000000007
decision_type=2 2 2 2 2 2 2 2 2 2 2 2 2 2
left_child=1 5 4 8 10 -1 13 -6 9 -3 -2 -8 -5 -7
right_child=2 3 -4 12 7 6 11 -9 -10 -11 -12 -13 -14 -15
leaf_value=-0.011928988115123679 0.0078449988760047034 0.0028436503491429382 0.014771476346490351 0.0025310161084317198 0.01180810044858561 -0.010088996547870155 0.0028148872231344361 0.0039294704737561888 -0.0052336004520173686 -0.0071214248922422578 -0.0022622804545343921 -0.0040753382303623615 0.011446091856944068 0
leaf_weight=433.08222323656082 60.366258680820465 300.93275034427643 285.93024694919586 145.52868747711182 294.02044466137886 393.06609481573105 203.9165413081646 277.23524883389473 345.80711653828621 68.776308625936508 242.13408213853836 198.4834845662117 116.87550443410873 50.532006174325943
leaf_count=1378 164 827 837 394 842 1193 564 776 983 191 658 556 319 152
internal_value=-6.77741e-05 -0.0040663 0.00767681 0.000289523 0.00525585 -0.00740418 -0.00500199 0.00809519 -0.00206992 0.000852857 -6.92304e-05 -0.000530652 0.00673508 -0.00895121
internal_weight=3416.69 2257 1159.69 977.92 873.756 1279.08 845.998 571.256 715.516 369.709 302.5 402.4 262.404 443.598
internal_count=9834 6557 3277 2714 2440 3843 2465 1618 2001 1018 822 1120 713 1345
is_linear=0
shrinkage=0.025


Tree=85
num_leaves=15
num_cat=0
split_feature=10 12 11 11 30 8 30 30 24 8 54 54 30 44
split_gain=27.4645 13.6588 10.857 13.3587 7.92322 9.4077 9.40456 8.35935 8.39851 7.39673 7.35282 12.0108 6.99849 8.07035
threshold=1.9626754775558803 0.067174253862086863 0.045154815290924209 -0.045332303327532845 1.5080644208925704 143.98857183730834 1.4671936210352043 1.4693809600323957 0.18559453282965396 152.2854342625109 -0.60708920410050971 0.056862767257064704 1.4552575966816295 29.500000000000004
decision_type=2 2 2 2 2 2 2 2 2 2 2 2 2 2
left_child=9 -2 3 -3 5 6 -5 12 10 -1 -9 -12 13 -7
right_child=1 2 -4 4 -6 7 -8 8 -10 -11 11 -13 -14 -15
leaf_value=0.012974441157340902 0.01613325708704166 -0.0096469795331068572 -0.0097067376987234038 0.020008172452102933 -0.0066730873733345242 0.0024830741278249594 -0.001492530399598381 -0.0058962272008610574 -0.0079994509350645397 0.00011930120548018769 0.018300794537232976 0 -0.0095110319961098592 -0.0041146336408527428
leaf_weight=118.2688378021121 22.632467731833458 88.907199315726757 89.618606559932232 26.638830922544003 84.066479049623013 307.62067396193743 16.804790839552879 12.519197076559065 16.065137900412083 41.443160466849804 55.562252573668957 33.463577337563038 48.215216621756554 179.07674837112427
leaf_count=808 144 1037 1046 206 785 2495 139 107 135 312 464 278 406 1472
internal_value=0.000431486 -0.00112599 -0.00164105 -0.000729806 0.000309686 0.00123039 0.0118796 0.000398422 0.00631474 0.00989536 0.00908311 0.011657 -0.000902516 0
internal_weight=1140.9 981.191 958.559 868.94 780.033 695.966 43.4436 652.523 117.61 159.712 101.545 89.0258 534.913 486.697
internal_count=9834 8714 8570 7524 6487 5702 345 5357 984 1120 849 742 4373 3967
is_linear=0
shrinkage=0.025


Tree=86
num_leaves=15
num_cat=0
split_feature=13 11 19 37 19 33 19 15 33 19 51 42 35 14
split_gain=169.407 49.7067 39.144 32.099 22.1721 21.6902 15.0277 12.4038 12.2055 11.9522 10.3701 11.5459 9.04807 8.69894
threshold=0.0019391024951540502 -0.035708053290708544 -0.012924773054550547 11.500000000000002 0.020001600656787404 -3.4999999999999996 0.012680574621247701 -0.076650810768733438 -35.499999999999993 0.0018123872380026503 -0.12473328591749638 105.50000000000001 3.649999999999999 0.096175367903026318
decision_type=2 2 2 2 2 2 2 2 2 2 2 2 2 2
left_child=1 7 10 4 5 12 8 -1 13 -9 -3 -12 -2 -4
right_child=3 2 6 -5 -6 -7 -8 9 -10 -11 11 -13 -14 -15
leaf_value=0.018513688929507669 -0.008271293421258161 0.002708773253233107 -0.011166947158012721 -0.013589253098251458 -0.011849346227751467 0.00064696104463846408 -0.0042045823187070609 0.013416967841407092 0.0043697171267201287 0.004615183175585724 0.01537022038629611 0.00056480868862042271 -0.00084915465007795801 0.00066278998528394091
leaf_weight=125.17486217617989 401.41812252998352 105.48088243603706 55.391355574131012 287.28873518109322 202.83873364329338 545.29719778895378 361.45071262121201 202.74605721235275 437.07804042100906 217.21702021360397 183.61879858374596 44.661348789930344 149.47097554802895 97.617473065853119
leaf_count=384 1186 287 151 924 636 1541 996 613 1186 600 509 123 433 265
internal_value=-6.94206e-05 0.00509903 0.00237235 -0.00604626 -0.00431319 -0.00284852 -0.00019904 0.0114024 0.00222721 0.00903112 0.0096718 0.012655 -0.00632819 -0.00367937
internal_weight=3416.75 1830.44 1285.3 1586.31 1299.03 1096.19 951.538 545.138 590.087 419.963 333.761 228.28 550.889 153.009
internal_count=9834 5114 3517 4720 3796 3160 2598 1597 1602 1213 919 632 1619 416
is_linear=0
shrinkage=0.025


Tree=87
num_leaves=15
num_cat=0
split_feature=17 11 19 5 21 35 5 25 33 33 44 51 30 51
split_gain=160.964 49.7242 36.6115 28.8604 23.0178 17.1493 16.357 15.4702 13.6482 10.9124 8.96741 8.85488 8.7425 8.6113
threshold=0.016974955034728356 -0.017448020673611748 0.014679669269007252 4.0522086726853024 -0.0038159083426214497 3.4999999999999987 -5.2125823043413932 0.013811022464139702 -37.499999999999993 -4.4999999999999991 16.500000000000004 -0.15499223729114486 1.5178827851443191 0.41669493441881506
decision_type=2 2 2 2 2 2 2 2 2 2 2 2 2 2
left_child=1 6 5 4 8 9 -1 11 -2 10 -3 -8 -13 -9
right_child=3 2 -4 -5 -6 -7 7 13 -10 -11 -12 12 -14 -15
leaf_value=-0.016316262642011792 0.0075301314417205133 0.011231247051497716 0.0066026199646454786 0.01457565786356084 0.009208107879320011 -0.008065289669220049 -0.0034249516889635605 0 -0.0018123409215634939 -0.0039360344848206504 0.00036019363661402557 -0.012317334745265392 0 -0.010535459076636498
leaf_weight=134.86378982663155 136.45542937517166 54.63928034901619 316.82710525393486 273.71249359846115 440.33652365207672 297.99520844221115 140.97627431154251 243.99688836932182 305.42325082421303 336.79125493764877 260.26237884163857 369.12199586629868 39.517032027244568 54.78790670633316
leaf_count=468 370 150 858 835 1246 844 432 681 826 954 710 1179 124 157
internal_value=-6.99715e-05 -0.00397128 -0.00066753 0.007486 0.00518847 -0.003141 -0.00817655 -0.00676533 0.00106871 -0.000806972 0.00247066 -0.00925198 -0.0111361 -0.00203185
internal_weight=3405.71 2249.78 1266.52 1155.93 882.215 949.688 983.264 848.4 441.879 651.693 314.902 549.615 408.639 298.785
internal_count=9834 6557 3516 3277 2442 2658 3041 2573 1196 1814 860 1735 1303 838
is_linear=0
shrinkage=0.025


Tree=88
num_leaves=15
num_cat=0
split_feature=6 5 5 56 10 2 22 28 54 34 16 50 28 30
split_gain=28.3026 9.68586 12.6329 9.51545 7.17301 8.75249 11.1264 7.85257 5.63277 6.51776 7.56355 6.61824 5.29378 6.77597
threshold=8.3503252627319124 3.3769211481995831 -3.3858879718406665 0.82253623547044319 1.9642529179252095 0.051173526150697653 0.1601925676803149 12.784492233539671 0.97607377082320868 170.50000000000003 0.10480282870167791 77.500000000000014 12.872152216698478 1.5080644208925704
decision_type=2 2 2 2 2 2 2 2 2 2 2 2 2 2
left_child=3 2 -2 4 -1 7 -7 -6 9 11 -11 12 13 -4
right_child=1 -3 8 -5 5 6 -8 -9 -10 10 -12 -13 -14 -15
leaf_value=0.013075908740194195 -0.0093583690576884114 -0.0094270332597028994 0.0039629285380003657 -0.0049698310438345515 0.0098214984233914084 0.019229413274921787 -0.0012834973654885036 -0.0035371947521276323 0.013582435813303774 0.0082771974358983071 -0.0070006217943181948 0.014254829163918495 -0.0041371138537120598 -0.0043205710176203371
leaf_weight=112.59974543750286 92.57324930280447 93.339651577174664 271.4962340593338 33.659073799848557 34.262824058532715 38.986675292253494 22.065188460052013 85.589295141398907 14.317596830427645 18.213573910295963 125.99551250040531 18.584422722458839 105.7855861634016 72.442858904600143
leaf_count=714 1132 1138 2198 274 244 272 162 614 116 152 1100 159 885 674
internal_value=0.000443855 -0.0020345 -0.000982396 0.00661387 0.00808704 0.00457918 0.0119013 0.000321883 0.000279297 -9.86367e-05 -0.00469078 0.00129724 0.000555951 0.00210964
internal_weight=1139.91 812.749 719.409 327.163 293.504 180.904 61.0519 119.852 626.836 612.518 144.209 468.309 449.725 343.939
internal_count=9834 7554 6416 2280 2006 1292 434 858 5284 5168 1252 3916 3757 2872
is_linear=0
shrinkage=0.025


Tree=89
num_leaves=15
num_cat=0
split_feature=17 37 19 25 5 13 25 29 37 30 25 30 29 56
split_gain=161.425 51.5221 29.9966 22.9988 21.2505 17.8794 17.3518 9.13029 8.46554 8.39611 7.78231 8.88005 8.81201 7.71492
threshold=-0.017510133632581547 1.0000000180025095e-35 0.0029538635858879004 -0.018795888495278947 4.0522086726853024 -0.075631601288805986 -0.010221724541204649 0.047847307126915463 -11.499999999999998 1.4987467627375037 0.033194507059910956 1.5138740922832745 -1.0000000180025095e-35 -0.69288669605288156
decision_type=2 2 2 2 2 2 2 2 2 2 2 2 2 2
left_child=2 3 8 13 6 -4 7 -3 -1 -7 11 12 -8 -2
right_child=1 4 5 -5 -6 9 10 -9 -10 -11 -12 -13 -14 -15
leaf_value=0.016559691406889187 0.00052326492382928755 0.0015018840972701186 0.015061570482827125 -0.0019932526547038155 -0.014353214595150874 0.0028459571352071581 -0.0028439012288722166 -0.0068417511848096 0.0092649540185044763 -0.0066024585208334825 -0.014471261058473562 0.0023826006203440109 -0.0099683162310675189 0.0096022232079290993
leaf_weight=168.13571527600288 97.113507866859436 246.16796559095383 66.377519845962524 720.00302240252495 219.63248747587204 430.0207711160183 178.5725554227829 115.05233025550842 414.50336465239525 61.976991146802902 104.31345373392105 54.581285923719406 356.52125602960587 172.73150241374969
leaf_count=509 264 671 197 2015 756 1169 511 328 1193 169 328 162 1092 470
internal_value=-7.16927e-05 -0.0039407 0.00756941 0.000316567 -0.00725411 0.00332087 -0.00569219 -0.00114451 0.0115356 0.00155099 -0.00799836 -0.00669922 -0.00768537 0.00649475
internal_weight=3405.7 2264.69 1141.01 989.848 1274.84 558.375 1055.21 361.22 582.639 491.998 693.989 589.675 535.094 269.845
internal_count=9834 6597 3237 2749 3848 1535 3092 999 1702 1338 2093 1765 1603 734
is_linear=0
shrinkage=0.025


Tree=90
num_leaves=15
num_cat=0
split_feature=37 13 29 19 23 19 21 15 10 29 55 56 19 13
split_gain=153.989 45.2447 42.5312 24.4764 23.4433 13.0838 12.4526 12.2187 10.9587 10.8939 10.4511 8.40182 8.26877 8.32693
threshold=1.0000000180025095e-35 -0.019568331076781045 0.044753766128222155 -0.00018323925612719996 -0.014457767332001799 0.0013473481523594002 0.026989698541871155 0.021630395369626604 1.9455088456024452 0.0068818778854682515 0.17415334713410766 -0.635783047729232 -0.024487390326547596 0.014638654915247453
decision_type=2 2 2 2 2 2 2 2 2 2 2 2 2 2
left_child=1 5 3 10 -3 -1 7 -6 -4 11 -2 -5 -10 -14
right_child=2 4 8 9 6 -7 -8 -9 12 -11 -12 -13 13 -15
leaf_value=-0.012706718891338516 0.0016062639879201547 -0.0068392284382241195 0 -0.0015798864877153214 -0.0021691591660146156 -0.0060766097882810448 0.008425995600907378 0.0066030051235556556 0.0034447495660671411 0.010568781783887583 -0.0060403682054933454 0.00623216357179704 0.0039301785673531266 0.01538549195980296
leaf_weight=385.92306950688362 250.38700577616692 333.81393903493881 50.595517605543137 131.37142217159271 475.19600057601929 431.7487199306488 116.52236929535866 119.75451681017876 64.354278564453125 214.62201151251793 189.81991258263588 215.4454759657383 56.012349933385849 358.70824420452118
leaf_count=1308 695 960 140 363 1308 1275 318 331 180 609 531 595 153 1068
internal_value=-7.32157e-05 -0.00490238 0.00578238 0.00269506 -0.00141499 -0.00929447 0.00112507 -0.000321471 0.0114942 0.00614283 -0.00166566 0.00322156 0.012652 0.0139631
internal_weight=3394.27 1862.96 1531.32 1001.65 1045.29 817.672 711.473 594.951 529.67 561.439 440.207 346.817 479.075 414.721
internal_count=9834 5500 4334 2793 2917 2583 1957 1639 1541 1567 1226 958 1401 1221
is_linear=0
shrinkage=0.025


Tree=91
num_leaves=15
num_cat=0
split_feature=6 11 11 56 10 36 42 12 12 12 26 24 38 24
split_gain=27.1479 9.37467 11.954 6.26203 7.16446 7.69572 7.30508 6.48452 10.5384 10.1039 6.24194 17.8881 13.5993 21.0183
threshold=8.4047707431405421 0.045154815290924209 -0.045332303327532845 0.82253623547044319 1.9642529179252095 49.350000000000009 220.50000000000003 0.067174253862086863 0.09098993529151421 0.099685036207398256 0.14831315580347512 0.14637968827237954 385.00000000000006 0.16341201386145468
decision_type=2 2 2 2 2 2 2 2 2 2 2 2 2 2
left_child=3 2 -2 4 5 -1 7 -6 -9 -10 11 -4 -12 -14
right_child=1 -3 10 -5 6 -7 -8 8 9 -11 12 -13 13 -15
leaf_value=0.0027814540632215053 -0.0095259833541378753 -0.0096014007557848439 0.00094071448932889689 -0.0027976037179626859 0.019051224515015498 0.017294305724374123 -0.0067843276029512 -0.0036138952500446757 0.019514229433498505 0.0013797435338875469 -0.0041442767820550333 0.024083442130077456 -0.0063039477996357342 0.028221571422565057
leaf_weight=41.927435770630836 85.114752449095249 85.956909082829952 297.63441071659327 34.710386775434017 17.81684248149395 72.609217390418053 26.057250380516052 59.929200053215027 32.114681623876095 48.390581034123898 284.34957491606474 17.777402110397816 17.449034161865711 16.840712055563927
leaf_count=268 1033 1043 2505 284 108 452 186 450 224 348 2493 144 158 138
internal_value=0.000460025 -0.00200313 -0.00100041 0.0064211 0.00760253 0.0125294 0.00415865 0.00626624 0.0038731 0.00962432 0.000170515 0.00267859 -0.00223793 0.0114498
internal_weight=1138.68 805.123 719.166 333.556 298.845 114.537 184.309 158.251 140.434 80.5053 634.051 315.412 318.639 34.2897
internal_count=9834 7514 6471 2320 2036 720 1316 1130 1022 572 5438 2649 2789 296
is_linear=0
shrinkage=0.025


Tree=92
num_leaves=15
num_cat=0
split_feature=17 11 25 5 21 33 19 33 19 29 6 17 43 23
split_gain=152.902 39.4423 34.7408 33.5349 26.6356 20.3406 11.8619 10.8182 10.7215 9.39098 8.41507 8.09008 7.82925 6.65021
threshold=-0.0096538430021334987 0.033131718468826704 -0.017863183170440496 -4.112129782558867 0.003912363437757701 -2.4999999999999996 -0.026277010573899248 37.500000000000007 0.020395466930561556 0.015292671580030401 14.162998340651958 0.0048195909500524511 7.5000000000000009 0.021732931359158603
decision_type=2 2 2 2 2 2 2 2 2 2 2 2 2 2
left_child=3 2 10 -1 12 9 -3 -6 -7 -4 11 -2 -5 -9
right_child=1 6 5 4 7 8 -8 13 -10 -11 -12 -13 -14 -15
leaf_value=0.014243303701946925 0.0079772605714155589 -0.0010862575504078501 -0.0038682738964952732 0.0090381125809769723 -0.00195482033322448 0.00061181157428129122 -0.011848877081822227 0.0096648744572536416 -0.0079328648803933446 -0.01075839010372303 0.010318929698754834 -0.0012092499587399864 -0.00035230247468568375 0
leaf_weight=265.34831929206848 82.91778376698494 81.662282854318619 238.09357351064682 516.03452369570732 380.69058269262314 446.07693731784821 454.4912069439888 96.816556006669998 109.17169106006622 316.28019905090332 101.39404240250587 174.8270888030529 56.001232922077179 74.55057892203331
leaf_count=818 225 240 690 1453 1033 1231 1514 263 325 936 274 472 158 202
internal_value=-7.42025e-05 -0.00449441 -0.00233741 0.00627931 0.00432248 -0.00453207 -0.010281 0.000346114 -0.0010794 -0.00790493 0.00434384 0.00174651 0.0080804 0.00550988
internal_weight=3394.36 2004.91 1468.76 1389.44 1124.09 1109.62 536.153 552.058 555.249 554.374 359.139 257.745 572.036 171.367
internal_count=9834 5907 4153 3927 3109 3182 1754 1498 1556 1626 971 697 1611 465
is_linear=0
shrinkage=0.025


Tree=93
num_leaves=15
num_cat=0
split_feature=11 11 25 5 25 5 25 35 33 33 40 33 16 42
split_gain=145.232 47.8343 35.8696 24.3684 19.9014 15.8543 14.0919 13.8295 11.3986 10.578 8.23165 8.20001 8.02502 7.46243
threshold=0.017448020673611755 -0.017448020673611748 0.010219842325961551 5.2885208323790431 -0.013816024400535599 -5.2125823043413932 0.013811022464139702 4.700000000000002 25.500000000000004 -19.499999999999996 55.000000000000007 7.5000000000000009 0.20347249561658695 199.50000000000003
decision_type=2 2 2 2 2 2 2 2 2 2 2 2 2 2
left_child=1 5 7 4 -2 -1 11 8 -3 -6 -11 -7 -13 -4
right_child=3 2 13 -5 9 6 -8 -9 -10 10 -12 12 -14 -15
leaf_value=-0.015903895014291104 0.00066300149947392812 0.00069187552755537081 0.0062586443114627105 0.017038175891043499 0.012427217793799964 -0.0054027037596566033 -0.0018939265514712094 -0.0086852083486571394 -0.0062343645588839123 0.0068859304963218701 -0.0042330031378874583 -0.013626575827054045 -0.00027729615184224083 -0.0033601302147064031
leaf_weight=131.67583128809929 308.48774233460426 447.17121070623398 407.57407137751579 145.06596717238426 260.627775400877 271.24876797199249 298.06161335110664 229.9194353222847 213.11495420336723 305.96379688382149 41.711079269647598 235.10651594400406 36.483906507492065 50.68134143948555
leaf_count=468 838 1240 1107 456 759 844 838 657 609 869 120 772 120 137
internal_value=-7.56965e-05 -0.0035858 -0.000511451 0.00755421 0.00594214 -0.00779834 -0.00641304 -0.00344869 -0.00153612 0.00855134 0.00543999 -0.00880883 -0.0119611 0.00511609
internal_weight=3382.89 2321.04 1348.46 1061.86 916.79 972.577 840.901 890.206 660.286 608.303 347.675 542.839 271.59 458.255
internal_count=9834 6792 3750 3042 2586 3042 2574 2506 1849 1748 989 1736 892 1244
is_linear=0
shrinkage=0.025


Tree=94
num_leaves=15
num_cat=0
split_feature=6 5 5 32 22 8 56 12 10 34 50 3 56 14
split_gain=26.0834 9.1009 11.8896 7.2326 6.25823 5.83077 8.16688 9.79318 5.56761 5.35498 9.00151 10.5367 7.70208 7.3198
threshold=8.4047707431405421 3.2853909680430351 -3.3858879718406665 0.94350813417772594 0.068755530463072353 148.85100903651673 0.3156224474005056 0.09357904882107701 1.9387324394449632 172.50000000000003 28.500000000000004 0.98614703673058057 0.086373532990686216 0.11655857467802656
decision_type=2 2 2 2 2 2 2 2 2 2 2 2 2 2
left_child=3 2 -2 -1 -5 -6 7 -7 -4 13 11 -11 -13 -10
right_child=1 -3 8 4 5 6 -8 -9 9 10 -12 12 -14 -15
leaf_value=-0.0028530355666583924 -0.0091320133620025248 -0.0090419279421522693 0.013561491595128879 0.016568577779107262 0.0020133836295486646 -0.0012146429972690639 0.021266255688663561 0.014784133279163706 -0.0069255925205683605 -0.0098406555726154137 -0.0093292244425107577 0 0.020104428433904746 0.0024581285908366933
leaf_weight=40.745358556509018 90.276670679450035 94.860624827444553 14.267184823751448 41.818079128861427 138.33761677891016 53.070504382252693 26.696955747902393 34.26517328619957 53.711051940917969 20.761673502624035 84.472197219729424 22.475936651229858 18.215995937585831 403.33025883883238
leaf_count=304 1131 1173 108 256 978 366 186 230 449 178 747 192 151 3385
internal_value=0.000478835 -0.00194564 -0.000902335 0.00630368 0.00768193 0.00581899 0.00994721 0.00525221 0.000324868 -5.61668e-05 -0.00418263 0.00268517 0.0100007 0.00123824
internal_weight=1137.31 802.372 707.511 334.934 294.188 252.37 114.033 87.3357 617.234 602.967 145.926 61.4536 40.6919 457.041
internal_count=9834 7514 6341 2320 2016 1760 782 596 5210 5102 1268 521 343 3834
is_linear=0
shrinkage=0.025


Tree=95
num_leaves=15
num_cat=0
split_feature=37 13 17 23 21 33 19 21 15 5 35 35 51 47
split_gain=147.19 43.5742 39.0493 22.431 20.5855 13.609 12.5625 12.3198 11.9908 11.3027 8.26901 7.91526 7.90973 7.06236
threshold=-1.0000000180025095e-35 0.019561672137660302 -0.036069798295387388 0.014457767332001803 0.0036865125203020504 -13.499999999999998 -0.0012900964063739999 -0.027017293613646097 -0.021640690284690244 -5.2125823043413932 -5.9999999999999973 -1.2999999999999987 0.23670062252405202 1.0000000180025095e-35
decision_type=2 2 2 2 2 2 2 2 2 2 2 2 2 2
left_child=2 3 9 7 5 -4 12 -2 -9 -1 -10 -7 -3 -6
right_child=1 6 4 -5 13 11 -8 8 10 -11 -12 -13 -14 -15
leaf_value=0.017614867093609442 0.0083649953874969044 -0.0076143613205853864 0.00055767161003557905 -0.0067055337708653382 -0.0046985713292482384 0.0027611589992845623 -0.012499174157982091 0.006521582097234308 -0.0097045997239094753 0.0086805981825819594 -0.00066209929047376709 0.010786375235180036 0.00068299342602222998 0.0019271988712477686
leaf_weight=136.41055923700333 116.34932175278664 347.95211663842201 228.06667336821556 332.413060516119 216.34599176049232 126.00976839661598 382.6960189640522 119.56548175215721 72.045587450265884 378.3472852408886 402.38374719023705 268.09003192186356 82.409759134054184 173.86228886246681
leaf_count=433 318 1039 627 959 603 348 1308 331 202 1103 1106 741 237 479
internal_value=-7.8373e-05 -0.00481036 0.00565269 -0.0013863 0.00274438 0.00556051 -0.00913589 0.00109741 -0.000342342 0.011243 -0.0021743 0.00834977 -0.00597849 -0.00169608
internal_weight=3382.95 1855.82 1527.13 1042.76 1012.37 622.166 813.058 710.344 593.995 514.758 474.429 394.1 430.362 390.208
internal_count=9834 5500 4334 2916 2798 1716 2584 1957 1639 1536 1308 1089 1276 1082
is_linear=0
shrinkage=0.025


Tree=96
num_leaves=15
num_cat=0
split_feature=37 29 11 23 19 19 5 29 19 19 35 30 51 56
split_gain=140.319 39.6097 39.5544 23.1159 22.6156 13.0362 12.7683 10.1965 10.1743 10.1369 9.81968 8.47392 8.287 8.09615
threshold=1.0000000180025095e-35 0.044753766128222155 -0.017215913645205996 -0.014457767332001799 -0.00018323925612719996 0.0071067442824830507 5.2885208323790431 0.0068818778854682515 -0.024487390326547596 0.021093295515184202 5.9500000000000002 1.5187402019036955 -0.11085447540794899 -0.635783047729232
decision_type=2 2 2 2 2 2 2 2 2 2 2 2 2 2
left_child=2 4 5 -4 -2 11 8 13 -3 10 12 -1 -5 -6
right_child=1 6 3 9 7 -7 -8 -9 -10 -11 -12 -13 -14 -15
leaf_value=-0.012584244457591875 -0.001648975916345434 -0.00041982302961768021 -0.0068133971324532312 0.0063048831550325873 -0.0016727002518785155 -0.0048896383134326357 0.019003688183718503 0.010169350355526787 0.010363868508261959 0.0071965698139093391 -0.0079366520818940842 -0.00057717910845178513 -0.00091315446130508691 0.0060042710879276888
leaf_weight=429.224096596241 439.02362644672394 58.691283464431763 327.27910286188126 132.2899551987648 131.09702131152153 352.62250795960426 105.80501794815063 213.05583545565605 359.74446389079094 135.20269319415092 84.124970853328705 45.474310398101807 343.20550778508186 214.83277636766434
leaf_count=1459 1226 161 944 361 363 1030 340 609 1040 370 236 154 946 595
internal_value=-8.00007e-05 0.00552412 -0.00470866 -0.00137736 0.00254493 -0.00876124 0.0110708 0.00586854 0.00880517 0.00117781 -0.000282884 -0.0115041 0.00108769 0.00304131
internal_weight=3371.67 1522.25 1849.42 1022.1 998.009 827.321 524.241 558.986 418.436 694.823 559.62 474.698 475.495 345.93
internal_count=9834 4334 5500 2857 2793 2643 1541 1567 1201 1913 1543 1613 1307 958
is_linear=0
shrinkage=0.025


Tree=97
num_leaves=15
num_cat=0
split_feature=6 11 5 56 10 36 34 22 2 6 30 56 34 14
split_gain=25.1018 8.96574 11.4104 8.87455 6.28096 8.86455 8.33537 11.1037 7.18786 5.71208 5.2247 5.82326 10.1204 10.2434
threshold=8.3503252627319124 0.045154815290924209 -3.3858879718406665 0.82253623547044319 1.9626754775558803 49.350000000000009 116.50000000000001 0.096262139996845561 0.050581914236343763 6.5844150189298789 1.5090362260485526 1.3401577874656272 172.50000000000003 0.11655857467802656
decision_type=2 2 2 2 2 2 2 2 2 2 2 2 2 2
left_child=3 2 -2 4 5 -1 -6 9 -9 -8 11 12 13 -4
right_child=1 -3 10 -5 6 -7 7 8 -10 -11 -12 -13 -14 -15
leaf_value=0.0020598587216378245 -0.0090233497038514892 -0.0093914361524429918 -0.0062615246983470279 -0.0049406026740684093 -0.0036998816661746071 0.017546005237809349 -0.006641528008888108 0 0.018333461777945891 0.007239978086308739 -0.0053479973090875422 0.011195934546713207 -0.0055255923971174112 0.0043007739736902811
leaf_weight=41.096112117171288 89.222192265093327 83.924011841416359 62.953505992889404 33.579389356076717 50.091179274022579 70.54837404936552 33.90797683596611 18.356917023658752 53.45108176022768 30.36669148504734 82.739673160016537 29.441037073731422 124.6871288344264 331.74534790962934
leaf_count=260 1132 1043 529 274 372 428 242 130 364 210 779 242 1100 2729
internal_value=0.000494968 -0.00186829 -0.000899238 0.00625032 0.00765541 0.0123926 0.00443406 0.00763033 0.0140462 0 0.000271052 0.00120394 0.000488523 0.00249631
internal_weight=1136.11 804.713 720.789 331.398 297.818 111.644 186.174 136.083 71.808 64.2747 631.567 548.827 519.386 394.699
internal_count=9834 7554 6511 2280 2006 688 1318 946 494 452 5379 4600 4358 3258
is_linear=0
shrinkage=0.025


Tree=98
num_leaves=15
num_cat=0
split_feature=11 11 25 5 25 5 35 25 33 33 51 51 30 51
split_gain=137.865 45.3832 34.2355 23.8529 19.3642 15.5276 14.1912 13.3327 10.7262 10.4409 9.08742 9.0441 8.6807 7.97747
threshold=-0.017448020673611748 0.017448020673611755 -0.010221724541204649 -5.2125823043413932 0.013811022464139702 5.2885208323790431 -4.8500000000000005 -0.013816024400535599 -3.4999999999999996 19.500000000000004 0.49148629148629147 0.15523326572008117 1.5178827851443191 -0.34992378048780476
decision_type=2 2 2 2 2 2 2 2 2 2 2 2 2 2
left_child=3 2 -2 -1 9 7 -4 13 -8 -5 -6 12 -9 -3
right_child=1 5 6 4 10 -7 8 11 -10 -11 -12 -13 -14 -15
leaf_value=0.016690828374190819 0.0049887462142181628 -0.0096615848484893838 -0.0087921839947438952 0.0052513912155291859 -0.0013243070271774949 -0.015790434438002359 -0.0048353405285286415 -0.011696405468570941 0.0014437136506156422 0.012217866679204777 0.0097089172657949755 -0.002741518229897065 0.00010053828400114524 0.00014696319606568621
leaf_weight=146.61203321814537 457.80305978655815 59.605849146842957 223.02491158246994 344.46769741177559 257.02262136340141 127.32502174377441 312.87505060434341 363.91464737057686 353.21986693143845 258.11572280526161 51.424316108226776 139.62229633331299 38.816075384616852 237.80730077624321
leaf_count=468 1243 172 638 982 698 456 897 1188 972 754 140 436 124 666
internal_value=-7.98652e-05 -0.00350405 -0.000511048 0.00736961 0.00575933 -0.00762278 -0.00338288 -0.00626868 -0.00148245 0.00835261 0.000560926 -0.00859967 -0.0105108 -0.00186338
internal_weight=3371.66 2314.01 1346.92 1057.64 911.03 967.091 889.12 839.766 666.095 602.583 308.447 542.353 402.731 297.413
internal_count=9834 6792 3750 3042 2574 3042 2507 2586 1869 1736 838 1748 1312 838
is_linear=0
shrinkage=0.025


Tree=99
num_leaves=15
num_cat=0
split_feature=37 29 29 19 21 23 5 55 19 29 51 37 15 56
split_gain=133.635 37.9381 35.2987 21.6118 18.7699 18.2949 12.409 9.98388 9.78635 9.78624 9.7536 8.91828 8.64889 7.82004
threshold=1.0000000180025095e-35 0.044753766128222155 -0.014812162198587348 -0.00018323925612719996 0.0061911079690230011 -0.014457767332001799 5.2885208323790431 0.17415334713410766 -0.024487390326547596 0.0068818778854682515 -0.15098489459414596 -10.499999999999998 -0.06894574563686183 -0.635783047729232
decision_type=2 2 2 2 2 2 2 2 2 2 2 2 2 2
left_child=2 3 4 7 10 -4 8 -2 -3 13 -1 -7 -6 -5
right_child=1 6 5 9 12 11 -8 -9 -10 -11 -12 -13 -14 -15
leaf_value=-0.0039086559090534892 0.0015787322326798843 -0.00042705735847912188 -0.0060846857544038886 -0.0016698827535923909 -0.012274569345489643 -0.0072690260535210787 0.01872036827077796 -0.005908282498503642 0.010145846817202353 0.0099557074285979985 -0.012927669242770607 0.002466320119960778 -0.0021898087395072624 0.0058765532210164166
leaf_weight=108.44553244113922 249.59472861886024 58.666775643825531 297.65926593542099 131.00849509239197 61.006120681762695 60.007510095834732 104.33611330389977 188.97435265779495 358.34388747811317 212.28370088338852 414.73852413892746 547.64521816372871 353.30193716287613 214.58838593959808
leaf_count=346 695 161 873 363 205 178 340 531 1040 609 1379 1521 998 595
internal_value=-8.23461e-05 0.00539366 -0.0046085 0.00247881 -0.0079995 -0.00104484 0.0108409 -0.00162121 0.00861173 0.00573215 -0.0111602 0.00141264 -0.00386305 0.00296153
internal_weight=3360.6 1517.8 1842.8 996.45 937.492 905.312 521.347 438.569 417.011 557.881 523.184 607.653 414.308 345.597
internal_count=9834 4334 5500 2793 2928 2572 1541 1226 1201 1567 1725 1699 1203 958
is_linear=0
shrinkage=0.025


Tree=100
num_leaves=15
num_cat=0
split_feature=6 11 5 56 10 2 22 28 36 42 40 26 24 38
split_gain=24.1643 8.66565 10.9404 5.77596 6.35146 7.8646 10.3698 7.16258 6.80526 5.22539 5.20238 5.11954 17.1058 12.82
threshold=8.4047707431405421 0.045154815290924209 -3.3858879718406665 0.82253623547044319 1.9642529179252095 0.051173526150697653 0.1601925676803149 12.784492233539671 49.350000000000009 55.000000000000007 27.000000000000004 0.14831315580347512 0.14637968827237954 385.00000000000006
decision_type=2 2 2 2 2 2 2 2 2 2 2 2 2 2
left_child=3 2 -2 4 8 7 -7 -6 10 -9 -1 12 -4 -13
right_child=1 -3 11 -5 5 6 -8 9 -10 -11 -12 13 -14 -15
leaf_value=-0.0048841614383401261 -0.0088965177460154678 -0.009283496151816539 0.00080823855844170387 -0.0027672300239122965 0.0088783004225176636 0.017662058910542358 -0.0017419728163822824 0 0.016181806830404804 -0.012687554016213907 0.010647454910580716 -0.0038237196453378957 0.023245910651132025 0.011310213645265124
leaf_weight=21.331752888858318 87.997025579214096 82.913542509078979 294.29290316998959 34.636629238724709 35.579231970012188 40.801509439945221 22.768472515046597 63.460547618567944 74.841960929334164 23.227258890867233 20.947146341204643 279.59179566055536 18.214408881962299 34.440442778170109
leaf_count=138 1131 1043 2457 284 252 278 166 454 452 166 130 2446 144 293
internal_value=0.000508256 -0.0018432 -0.000886583 0.00608156 0.00720291 0.00394862 0.0107274 0 0.0117887 -0.00373343 0.00259445 0.000260349 0.00254023 -0.00193435
internal_weight=1135.04 797.45 714.537 337.595 302.958 185.837 63.57 122.267 117.121 86.6878 42.2789 626.54 312.507 314.032
internal_count=9834 7514 6471 2320 2036 1316 444 872 720 620 268 5340 2601 2739
is_linear=0
shrinkage=0.025


Tree=101
num_leaves=15
num_cat=0
split_feature=37 29 17 19 23 21 19 15 57 55 29 15 21 33
split_gain=134.22 39.6037 36.5324 22.1906 21.2979 13.8374 11.3244 10.598 11.9481 10.2818 10.2044 9.64235 10.1188 9.4863
threshold=-1.0000000180025095e-35 -0.044576098899739791 0.021110738276015603 0.00019650869795800004 0.014457767332001803 -0.0062800009109677491 -0.021097264274393946 -0.021640690284690244 -0.64022133180951346 -0.17754563130654533 -0.0071682581867592498 -0.072513431225683225 0.0061911079690230011 -36.499999999999993
decision_type=2 2 2 2 2 2 2 2 2 2 2 2 2 2
left_child=1 11 4 10 6 13 -2 -8 -9 -5 -3 -1 -13 -4
right_child=2 3 5 9 -6 -7 7 8 -10 -11 -12 12 -14 -15
leaf_value=0.017574055918378965 0.0071049439371075442 0.010058405103090929 -0.010732177913311991 -0.0061075537411561529 -0.0067313536300399315 -0.011769140471120388 0.0059152815994765731 -0.0091897015770141238 -7.1241193886881386e-06 0.001502021341211821 0.0029104172947089311 0.012262577345741403 0.0039187753550606842 -0.0018322984213806168
leaf_weight=115.75781458616257 139.74601325392723 210.14687693119049 111.79747074842453 187.93381899595261 334.64052245020866 427.98997789621353 114.90829381346703 115.37225022912025 356.06452140212059 249.40020099282265 346.90957269072533 232.2341051697731 175.78013315796852 241.86297336220741
leaf_count=374 383 602 338 528 972 1476 319 325 980 695 962 690 483 707
internal_value=-8.23908e-05 0.00540438 -0.00461953 0.00241847 -0.00155508 -0.00871002 0.000826089 -0.000675521 -0.00237966 -0.00174357 0.00571693 0.0109494 0.0088194 -0.00482578
internal_weight=3360.54 1518.16 1842.38 994.39 1060.73 781.65 726.091 586.345 471.437 437.334 557.056 523.772 408.014 353.66
internal_count=9834 4334 5500 2787 2979 2521 2007 1624 1305 1223 1564 1547 1173 1045
is_linear=0
shrinkage=0.025


Tree=102
num_leaves=15
num_cat=0
split_feature=37 17 17 23 19 19 19 33 5 56 15 35 35 5
split_gain=126.587 34.9517 34.8821 20.4174 17.4852 12.1969 11.0688 10.8569 10.6231 10.5922 10.3945 9.11127 8.38135 8.27234
threshold=1.0000000180025095e-35 -0.021129380139550947 0.036058910320779951 -0.014457767332001799 0.00041735769757295001 0.024816061242145554 0.021093295515184202 -2.4999999999999996 5.2885208323790431 -0.58336336283197199 0.021630395369626604 -2.0499999999999985 0.40000000000000041 -5.2125823043413932
decision_type=2 2 2 2 2 2 2 2 2 2 2 2 2 2
left_child=1 5 4 -3 11 13 10 -6 -4 -9 12 -2 -5 -1
right_child=2 3 8 6 7 -7 -8 9 -10 -11 -12 -13 -14 -15
leaf_value=-0.016561943020385255 0.0039732257707749226 -0.0065791001281725646 0.0081453660350678126 0.00066349226882814628 0.0087458305920587055 -0.00066558225613401836 0.0070341394924991543 -0.0049085825992769665 0.016960863460202379 0.0054274948944714671 0.005869077126804647 -0.003465406616911906 -0.0058940337016702123 -0.0083719090341924634
leaf_weight=104.1457539498806 145.00359743833542 334.20907497406006 376.76836827397346 253.34507745504379 294.97736221551895 113.33092206716537 139.6305892765522 92.351524263620377 129.2308241724968 160.86808505654335 114.83492136001587 314.24841305613518 218.1170708835125 558.83813881874084
leaf_count=394 402 973 1114 696 822 329 383 254 423 443 319 876 609 1797
internal_value=-8.63115e-05 -0.00449998 0.00525005 -0.00150654 0.00250444 -0.00852003 0.000823642 0.00550607 0.0105897 0.00153896 -0.000660124 -0.0010454 -0.00234782 -0.00981022
internal_weight=3349.9 1836.45 1513.45 1060.14 1007.45 776.315 725.928 548.197 505.999 253.22 586.297 459.252 471.462 662.984
internal_count=9834 5500 4334 2980 2797 2520 2007 1519 1537 697 1624 1278 1305 2191
is_linear=0
shrinkage=0.025


Tree=103
num_leaves=15
num_cat=0
split_feature=22 44 2 46 8 5 5 34 34 16 30 44 8 3
split_gain=22.6129 15.317 10.8424 9.61108 12.2775 8.93065 11.636 8.09676 11.1524 8.91959 14.0154 7.87642 7.7661 11.0688
threshold=0.11469323640513356 32.500000000000007 0.051359879418640959 116.50000000000001 156.10519307386636 3.2191287669656137 -3.230430790712008 170.50000000000003 149.50000000000003 0.16125197715411232 1.4679495075244895 28.500000000000004 145.17081966743217 0.99702889540071149
decision_type=2 2 2 2 2 2 2 2 2 2 2 2 2 2
left_child=1 2 3 4 -1 6 -2 8 9 10 12 -10 -8 -14
right_child=5 -3 -4 -5 -6 -7 7 -9 11 -11 -12 -13 13 -15
leaf_value=0.012838700271779037 -0.0096434316698052053 -0.0011393354820683423 0.019292272659107899 -0.00088990853935632481 -0.0053770525528281455 -0.0097200828503465325 0.015776657018817291 -0.0047367195633447557 0.020911359855951023 -0.0032346727863194358 0.021826001685152814 0 -0.0065135686731577274 0.0068559252989532221
leaf_weight=120.70443607121706 80.685781635344028 148.5669012144208 47.035601273179054 77.299460299313068 23.246398292481899 81.444675616919994 15.947807885706423 143.96225494891405 25.975485153496265 186.03723576664925 20.292237237095833 16.687036439776421 80.870284043252468 65.080239489674568
leaf_count=868 1021 1164 378 554 196 1025 122 1221 209 1596 162 136 654 528
internal_value=0.000524494 0.00513848 0.00866362 0.00591716 0.00964747 -0.00214045 -0.00106179 0.000216461 0.00204809 0.000497591 0.00442681 0.0134501 0.00150768 -0.000356786
internal_weight=1133.84 416.853 268.286 221.25 143.951 716.983 635.538 554.853 410.89 368.228 182.191 42.6625 161.898 145.951
internal_count=9834 3160 1996 1618 1064 6674 5649 4628 3407 3062 1466 345 1304 1182
is_linear=0
shrinkage=0.025


Tree=104
num_leaves=15
num_cat=0
split_feature=37 29 13 19 23 19 10 21 15 55 29 35 51 19
split_gain=127.175 38.0543 38.0172 21.1371 19.6703 11.5087 11.2424 11.1633 10.4611 9.9458 9.73264 7.74866 7.46382 7.13242
threshold=-1.0000000180025095e-35 -0.044576098899739791 0.019561672137660302 0.00019650869795800004 0.014457767332001803 -0.0012900964063739999 1.9455088456024452 -0.027017293613646097 -0.021640690284690244 -0.17754563130654533 -0.0071682581867592498 -5.9999999999999973 0.23670062252405202 0.024440774684538705
decision_type=2 2 2 2 2 2 2 2 2 2 2 2 2 2
left_child=1 6 4 10 7 12 -1 -2 -9 -5 -3 -10 -4 -8
right_child=2 3 5 9 -6 -7 13 8 11 -11 -12 -13 -14 -15
leaf_value=0 0.0079438756904530207 0.0098123097650725036 -0.0071807452866178402 -0.0060188548846627048 -0.0063185435388947294 -0.011878041758548062 0.013159263486675591 0.0060670783228626854 -0.0093835332523518299 0.0014668725292650998 0.0028203333890252473 -0.00060845734587998347 0.00089568188855370626 0.003305239204124585
leaf_weight=50.959347903728485 115.8619222342968 209.32868191599846 343.8992977142334 187.73791587352753 329.83441141247749 372.04947513341904 405.74673002958298 118.87414607405663 71.640768110752106 249.33810326457024 346.72221240401268 401.58000934123993 81.982451111078262 64.17001748085022
leaf_count=142 318 602 1039 528 959 1308 1224 331 202 695 962 1106 237 181
internal_value=-8.4283e-05 0.00526257 -0.00450997 0.00233743 -0.00131431 -0.00860106 0.010717 0.00101004 -0.000360066 -0.00172364 0.00556105 -0.00207341 -0.00557566 0.0119152
internal_weight=3349.73 1514 1835.72 993.127 1037.79 797.931 520.876 707.957 592.095 437.076 556.051 473.221 425.882 469.917
internal_count=9834 4334 5500 2787 2916 2584 1547 1957 1639 1223 1564 1308 1276 1405
is_linear=0
shrinkage=0.025


Tree=105
num_leaves=15
num_cat=0
split_feature=17 37 23 37 33 23 57 35 51 15 20 29 56 10
split_gain=120.375 40.8127 26.485 25.2717 21.8805 16.8583 11.8925 11.8399 10.8042 8.24923 8.23169 7.96414 7.57616 7.49584
threshold=0.017497518846694603 -8.9999999999999982 -0.016653894374945546 11.500000000000002 3.5000000000000004 -0.0019565254354506497 0.52184516210361898 -3.4999999999999978 -0.34992378048780476 -0.022609581974857195 0.092390932057190553 0.023934095378112755 -0.47242169579667376 2.0720301780701087
decision_type=2 2 2 2 2 2 2 2 2 2 2 2 2 2
left_child=1 10 11 5 6 8 -4 9 -2 -6 -1 -3 -11 -10
right_child=3 2 4 -5 7 -7 -8 -9 13 12 -12 -13 -14 -15
leaf_value=-0.0027289178526645023 0.0086498998589416235 -0.0096590487833790283 0.0049699517250426555 0.013199397283281664 -0.005267225459788194 0.0082107767721680235 -0.0018086290363057815 -0.0055683508139928815 -0.0046672330323246887 -0.000977206383860062 -0.011653272788950479 -0.00046147334272257537 0.01048701631202726 0.0023325016764481816
leaf_weight=91.581734240055084 89.091594785451889 278.92744229733944 507.95725449919701 272.05638164281845 64.211940422654152 382.76656594872475 226.56497678160667 464.51498380303383 168.45517492294312 59.59130385518074 375.00299768149853 82.214708387851715 71.776226580142975 204.332409709692
leaf_count=282 246 876 1408 833 194 1131 641 1348 460 164 1248 238 197 568
internal_value=-8.89665e-05 -0.0034597 -0.00168342 0.00658235 -9.38735e-05 0.00435647 0.00284719 -0.00340094 0.00105508 0.00163267 -0.0100021 -0.00766838 0.0052581 -0.00078427
internal_weight=3339.05 2222.34 1755.76 1116.7 1394.62 844.646 734.522 660.094 461.879 195.579 466.585 361.142 131.368 372.788
internal_count=9834 6596 5066 3238 3952 2405 2049 1903 1274 555 1530 1114 361 1028
is_linear=0
shrinkage=0.025


Tree=106
num_leaves=15
num_cat=0
split_feature=6 11 11 32 30 12 38 6 32 8 8 32 54 38
split_gain=22.5828 8.19559 10.3666 6.82614 6.09227 6.15989 11.1512 10.5763 10.0489 8.73218 9.42072 6.08993 9.65755 10.0413
threshold=8.4047707431405421 0.045154815290924209 -0.045332303327532845 0.94350813417772594 1.2657668179123511 0.091571980468980421 367.00000000000006 5.6147843479459789 1.0063332344855158 149.25858885493571 146.06399331834524 1.0579894010683721 -0.61754266862776597 367.00000000000006
decision_type=2 2 2 2 2 2 2 2 2 2 2 2 2 2
left_child=3 2 -2 -1 -5 7 -7 8 -6 10 -8 -4 -13 -14
right_child=1 -3 11 4 5 6 9 -9 -10 -11 -12 12 13 -15
leaf_value=-0.0029592880702104044 -0.0090111032477871184 -0.0090721905161742691 -0.0010430900069590833 0.020229781216949846 -0.0043554149477358301 -0.0014119746371687499 0.016129473161119255 -0.0044785969852260982 0.013192121309893792 0.024826028612444595 -0.0021450810148020681 -0.010534149041508655 -0.0056570436770291338 0.010792601131181124
leaf_weight=40.998044371604919 80.329936482012272 80.983635105192661 490.43596313893795 18.430443644523621 23.75659841299057 33.810435071587563 29.882513865828514 70.46881391108036 62.197248011827469 30.821312010288239 29.418478682637215 16.648588068783283 24.134113796055317 100.43580669909716
leaf_count=304 1033 1043 4234 116 154 244 202 510 384 196 210 146 210 848
internal_value=0.00053941 -0.00174906 -0.000823779 0.00590054 0.00722724 0.00594536 0.0100697 0.00231215 0.00809452 0.0144877 0.00721305 0.000240758 0.0047536 0.00731739
internal_weight=1132.75 792.968 711.984 339.784 298.786 280.355 123.933 156.423 85.9538 90.1223 59.301 631.654 141.219 124.57
internal_count=9834 7514 6471 2320 2016 1900 852 1048 538 608 412 5438 1204 1058
is_linear=0
shrinkage=0.025


Tree=107
num_leaves=15
num_cat=0
split_feature=13 11 19 37 19 33 33 5 23 51 42 20 16 35
split_gain=120.608 37.6179 30.9668 26.4707 18.1569 17.9149 11.8919 11.4513 11.3719 9.8136 11.3497 8.62873 8.28246 8.29531
threshold=0.0019391024951540502 -0.035708053290708544 -0.012924773054550547 11.500000000000002 0.020001600656787404 -3.4999999999999996 5.5000000000000009 -5.2125823043413932 0.017483550977078804 -0.12473328591749638 105.50000000000001 0.092390932057190553 0.21638289960755572 4.4000000000000012
decision_type=2 2 2 2 2 2 2 2 2 2 2 2 2 2
left_child=1 7 9 4 5 12 -4 -1 -8 -3 -11 -5 13 -2
right_child=3 2 6 11 -6 -7 8 -9 -10 10 -12 -13 -14 -15
leaf_value=0.016146222913678378 -0.0082522189456965163 0.0017654038546640644 -0.0030655695797617306 -0.0022338574664088257 -0.010622755618915963 0.00086088892583925918 0.0051511019930715884 0.0073874148748744543 -0.0032088507797547391 0.014141805841444074 0 -0.014426110080300104 0.0039899489752669047 -0.00030266246314066767
leaf_weight=141.04716205596924 379.06411424279213 104.4166125357151 487.44913953542709 51.734334141016006 194.04132065176964 539.51088979840279 316.08623367547989 382.19372650980949 140.96133661270142 179.77843099832535 43.984044045209885 219.72711470723152 45.641545087099075 113.2506582736969
leaf_count=464 1142 287 1347 164 636 1541 863 1133 388 509 123 760 145 332
internal_value=-8.70864e-05 0.00430402 0.00194315 -0.00521159 -0.00364174 -0.00231818 -0.000341294 0.00992629 0.00251182 0.00849925 0.011425 -0.0122754 -0.00553104 -0.00649522
internal_weight=3338.89 1795.92 1272.68 1542.97 1271.51 1077.47 944.497 523.241 457.048 328.179 223.762 271.461 537.956 492.315
internal_count=9834 5114 3517 4720 3796 3160 2598 1597 1251 919 632 924 1619 1474
is_linear=0
shrinkage=0.025


Tree=108
num_leaves=15
num_cat=0
split_feature=37 13 5 23 21 23 21 51 56 15 37 35 13 51
split_gain=114.955 34.9569 32.6542 18.065 17.1388 11.0601 10.4848 10.2609 10.5923 9.87148 9.10634 9.98059 7.72304 7.36464
threshold=1.0000000180025095e-35 -0.019568331076781045 4.0522086726853024 -0.014457767332001799 -0.0029305651374119997 0.0043630037724225511 0.026989698541871155 0.12508064516129033 -0.3326679535818155 0.021630395369626604 10.500000000000002 -2.0999999999999992 -0.00027912064865279993 0.44288010286081647
decision_type=2 2 2 2 2 2 2 2 2 2 2 2 2 2
left_child=1 5 4 -3 10 -1 9 12 -9 -5 11 -2 -6 -7
right_child=2 3 -4 6 7 13 -8 8 -10 -11 -12 -13 -14 -15
leaf_value=-0.011219134767823075 0.0040757682326596394 -0.0060613802720885348 0.013580397563948538 -0.0020188090662740812 0.0030883067664343572 -0.0031448071780393948 0.0077017666154622693 -0.0043161288138849176 0.0067098680693959585 0.005897021049027746 0.0064695265702749598 -0.0039968517121442898 0.0099243149347013285 -0.012066860120937724
leaf_weight=402.50641439855099 129.97496286034584 328.36171728372574 231.71835473179817 472.77387318015099 172.23570516705513 313.31646150350571 115.58429470658302 105.2756367623806 101.08647736907005 118.56690609455109 105.28944039344788 312.43708366155624 346.79166913032532 72.743214517831802
leaf_count=1426 361 960 757 1308 471 933 318 293 284 331 291 871 1006 224
internal_value=-9.13913e-05 -0.00431353 0.00500668 -0.00125233 0.00337958 -0.00826778 0.000973213 0.0058866 0.000997636 -0.000353586 0 -0.0015503 0.00775465 -0.00502266
internal_weight=3328.66 1823.85 1504.81 1035.29 1273.09 788.566 706.925 725.389 206.362 591.341 547.701 442.412 519.027 386.06
internal_count=9834 5500 4334 2917 3577 2583 1957 2054 577 1639 1523 1232 1477 1157
is_linear=0
shrinkage=0.025


Tree=109
num_leaves=15
num_cat=0
split_feature=6 56 5 5 10 34 22 36 54 34 12 28 28 52
split_gain=21.7743 8.18608 8.04427 10.1462 5.55377 7.94611 10.7236 7.82606 5.48728 5.75703 8.44459 6.3337 5.63072 8.71006
threshold=8.3503252627319124 0.82253623547044319 3.3769211481995831 -3.3858879718406665 1.9626754775558803 116.50000000000001 0.096262139996845561 49.350000000000009 0.97607377082320868 170.50000000000003 0.12083004183214792 13.003302420476635 12.872152216698478 0.79763783670033683
decision_type=2 2 2 2 2 2 2 2 2 2 2 2 2 2
left_child=1 4 3 -2 7 -6 -7 -1 9 12 -11 -12 13 -5
right_child=2 -3 -4 8 5 6 -8 -9 -10 10 11 -13 -14 -15
leaf_value=0.0018609825079552193 -0.0085896731444496891 -0.0049000802567544521 -0.0086987707753629281 0.0011351220225324678 -0.003772993927669656 0 0.013499602235226725 0.016320813866131916 0.013449268786900915 0.0061110762663868917 -0.010547317552569234 0.0031116266454205895 -0.0033722266609125945 0.012284815300542776
leaf_weight=41.471107713878155 85.167186930775642 33.471439458429813 86.188870996236801 307.16718111932278 50.31035889685154 64.924246326088905 72.991017237305641 72.914247073233128 14.390821844339369 30.582176208496094 89.184315100312233 21.57786301523447 113.57598730921745 47.899633683264256
leaf_count=260 1132 274 1138 2558 372 452 494 428 116 262 800 190 956 402
internal_value=0.000550758 0.00585477 -0.00168077 -0.000738393 0.00718593 0.00415248 0.0072494 0.0115852 0.000352556 -2.26039e-05 -0.00439543 -0.00765096 0.00127595 0.00285839
internal_weight=1131.82 336.082 795.734 709.545 302.611 188.226 137.915 114.385 624.378 609.987 141.344 110.762 468.643 355.067
internal_count=9834 2280 7554 6416 2006 1318 946 688 5284 5168 1252 990 3916 2960
is_linear=0
shrinkage=0.025


Tree=110
num_leaves=15
num_cat=0
split_feature=37 29 13 23 23 5 23 29 17 55 23 35 30 10
split_gain=115.569 35.6547 34.7106 18.2119 15.9031 11.8628 10.7582 10.5455 9.00186 8.67734 8.3702 8.34695 8.03517 8.03149
threshold=-1.0000000180025095e-35 -0.044576098899739791 0.019561672137660302 0.014457767332001803 0.007363824442476301 -5.2125823043413932 -0.0099624384826013986 0.00063813769469630015 -0.020663186261080095 -1.0000000180025095e-35 -0.021237315165617745 -5.9999999999999973 1.5187402019036955 1.9455088456024452
decision_type=2 2 2 2 2 2 2 2 2 2 2 2 2 2
left_child=1 5 3 8 7 -1 -4 -3 -2 -6 -10 -12 -8 -7
right_child=2 4 6 -5 9 13 12 -9 10 -11 11 -13 -14 -15
leaf_value=0.018120019062958258 0.0062945310183178636 0.0077017621067037899 -0.0044572328134896136 -0.0061011507604060815 -0.006159350276447091 -0.00078819729052159802 -0.011717930290607737 0.0012861817768744883 0.0050585260556717838 0.0018001328654573615 -0.0099765612612264 -0.00055252066414701411 0 0.0094317725720100588
leaf_weight=101.97654828429222 150.45673689246178 316.02394270896912 316.73146402835846 328.19699972867966 168.14979580044746 49.290809243917465 428.6810328066349 346.51973456144333 124.24400106072426 158.98266294598579 66.896732985973358 364.74073165655136 43.073381215333939 364.43777111172676
leaf_count=345 423 904 938 959 474 137 1496 965 336 444 190 1008 150 1065
internal_value=-8.89311e-05 0.00502082 -0.00432423 -0.00127186 0.00218993 0.0103323 -0.00826435 0.00441854 0.000964014 -0.00224699 -0.00047744 -0.00216787 -0.0106944 0.00815961
internal_weight=3328.4 1505.38 1823.02 1034.54 989.676 515.705 788.486 662.544 706.338 327.132 555.881 431.637 471.754 413.729
internal_count=9834 4334 5500 2916 2787 1547 2584 1869 1957 918 1534 1198 1646 1202
is_linear=0
shrinkage=0.025


Tree=111
num_leaves=15
num_cat=0
split_feature=37 29 11 19 23 25 10 29 55 25 35 29 51 56
split_gain=108.838 34.3058 32.0053 19.3114 18.7426 11.7432 10.6891 9.89576 8.6942 8.59533 8.76926 8.55093 7.83158 7.25077
threshold=1.0000000180025095e-35 0.048509440405866001 -0.017215913645205996 -0.00018323925612719996 -0.014457767332001799 0.033194507059910956 1.947964168156856 0.0068818778854682515 0.17415334713410766 0.025628518912386555 5.9500000000000002 -0.056085648344077692 -0.11085447540794899 -0.635783047729232
decision_type=2 2 2 2 2 2 2 2 2 2 2 2 2 2
left_child=2 3 5 8 -4 11 -3 13 -2 10 12 -1 -6 -5
right_child=1 6 4 7 9 -7 -8 -9 -10 -11 -12 -13 -14 -15
leaf_value=-0.01244336242273884 0.0014318525102616118 -0.00028162930580845612 -0.0061526186424799454 -0.0019831709121007225 0.0061879791505392674 0.00056418402318600045 0.011705560825504989 0.0093383643726309504 -0.0053970552432306314 0.0069702965107586827 -0.0074110391589612386 -0.0064913556612124909 -0.00080856644593151842 0.0053042433005861681
leaf_weight=285.68672357499599 259.280089199543 47.364382535219193 322.86328020691872 130.42266774177551 131.80094921588898 84.889787197113037 422.22969022393227 228.88541501760483 199.01968109607697 121.87091475725174 84.63733646273613 432.56479048728943 353.10635653138161 213.25519296526909
leaf_count=1010 725 133 944 363 361 248 1288 668 562 336 239 1385 977 595
internal_value=-9.33774e-05 0.00487343 -0.0042098 0.00226915 -0.00121677 -0.00792781 0.0104536 0.00532101 -0.00150593 0.0010798 -0.000186821 -0.00896301 0.00108586 0.00247825
internal_weight=3317.88 1500.46 1817.42 1030.86 1014.28 803.141 469.594 572.563 458.3 691.416 569.545 718.252 484.907 343.678
internal_count=9834 4334 5500 2913 2857 2643 1421 1626 1287 1913 1577 2395 1338 958
is_linear=0
shrinkage=0.025


Tree=112
num_leaves=15
num_cat=0
split_feature=6 56 11 11 32 54 14 38 32 24 14 28 48 48
split_gain=20.8829 7.88927 7.78447 9.73555 6.23525 10.0405 8.0946 8.04648 6.60072 9.92428 11.9182 6.66285 5.97786 8.31377
threshold=8.3503252627319124 0.82253623547044319 0.045154815290924209 -0.045332303327532845 1.0579894010683721 -0.61754266862776597 0.19495634696036171 367.00000000000006 1.0748155805412174 0.15310343189399753 0.15154788997265417 12.664982908514215 15.500000000000002 13.500000000000002
decision_type=2 2 2 2 2 2 2 2 2 2 2 2 2 2
left_child=1 -1 3 -2 6 -6 12 -7 11 10 -10 -9 13 -5
right_child=2 -3 -4 4 5 7 -8 8 9 -11 -12 -13 -14 -15
leaf_value=0.0070411394975710591 -0.0087829607200271605 -0.0048359737121291546 -0.0088555193924392539 0.00089395918832339708 -0.010653369415176738 -0.0041164428936238577 -0.0069354925280630496 0.024325885792880027 -0.0014905743717630788 -0.0063802327424632745 0.025135764529992284 0.0018251687390970625 -0.0058790375228384012 0.016508062871965382
leaf_weight=304.1191278770566 78.356121882796288 33.311648435890675 79.080490916967392 300.99410661309958 17.010138653218746 24.503685437142849 107.84909419715405 27.053910315036774 16.655845284461975 26.002188876271248 16.084008753299713 15.668163128197191 65.586640730500221 18.498735539615154
leaf_count=2006 1033 274 1043 2540 150 214 972 227 129 232 134 128 592 160
internal_value=0.000563332 0.00574211 -0.0016302 -0.000739482 0.000273412 0.00480756 -0.00102661 0.00741323 0.010495 0.0039202 0.0125248 0.0176535 0.00063188 0.0021155
internal_weight=1130.77 337.431 793.343 714.263 635.907 142.978 492.929 125.968 101.464 58.742 32.7399 42.7221 385.079 319.493
internal_count=9834 2280 7554 6511 5478 1214 4264 1064 850 495 263 355 3292 2700
is_linear=0
shrinkage=0.025


Tree=113
num_leaves=15
num_cat=0
split_feature=37 29 13 19 23 5 19 21 15 55 19 29 51 33
split_gain=109.412 34.3937 33.2006 18.918 17.3973 11.7206 10.6747 10.135 9.36809 9.23908 9.20247 8.93362 7.30491 7.21102
threshold=-1.0000000180025095e-35 -0.044576098899739791 0.019561672137660302 0.00019650869795800004 0.014457767332001803 -5.2125823043413932 -0.0012900964063739999 -0.027017293613646097 -0.021640690284690244 -0.17754563130654533 0.024440774684538705 -0.0071682581867592498 -0.28031953522149594 -36.499999999999993
decision_type=2 2 2 2 2 2 2 2 2 2 2 2 2 2
left_child=1 5 4 11 7 -1 13 -2 -9 -5 12 -3 -7 -4
right_child=2 3 6 9 -6 10 -8 8 -10 -11 -12 -13 -14 -15
leaf_value=0.017905670591508105 0.0075702744674285205 0.0092675358632686566 -0.0099441317443773481 -0.0058862745534055232 -0.0059647330492450697 0 -0.011299328744366047 0.0057381273949189057 -0.0019810716424618698 0.0013378323821821407 -0.00075575777870223271 0.0025452474929919984 0.010772348575209197 -0.0027369656960673835
leaf_weight=100.70516553521156 115.34231024980545 207.08523452281952 133.95407930016518 186.91476038098335 327.29908221960068 41.705779314041138 362.05346350371838 118.27526661753654 471.98317295312881 248.6931614279747 58.790000915527344 345.51196846365929 311.77485764026642 287.57783770561218
leaf_count=345 318 602 416 528 959 120 1308 331 1308 695 162 962 920 860
internal_value=-9.16543e-05 0.00488593 -0.00422108 0.0021067 -0.00123675 0.0101196 -0.00809045 0.000947727 -0.000357103 -0.00173684 0.00796603 0.00516977 0.00947666 -0.00517559
internal_weight=3317.67 1501.18 1816.49 988.205 1032.9 512.976 783.585 705.601 590.258 435.608 412.271 552.597 353.481 421.532
internal_count=9834 4334 5500 2787 2916 1547 2584 1957 1639 1223 1202 1564 1040 1276
is_linear=0
shrinkage=0.025


Tree=114
num_leaves=15
num_cat=0
split_feature=17 17 25 5 19 33 23 35 51 23 29 6 10 56
split_gain=104.247 33.9462 27.9983 22.2044 19.3523 17.1528 11.9955 11.0404 10.6742 9.93708 9.4536 7.93255 9.74717 7.71097
threshold=0.017497518846694603 -0.033982554512500839 0.017853700553829854 5.2885208323790431 -0.0029009888728488997 2.5000000000000004 -0.033523300565690792 -0.45000000000000101 -0.34992378048780476 0.028079559605764103 -0.014812162198587348 14.162998340651958 2.1175956912822902 -0.78706170625195793
decision_type=2 2 2 2 2 2 2 2 2 2 2 2 2 2
left_child=1 9 5 4 8 6 -3 -8 -2 -1 -7 12 -4 -9
right_child=3 2 11 -5 -6 10 7 13 -10 -11 -12 -13 -14 -15
leaf_value=-0.0099813910636991892 0.0080588100154557977 -0.010216330955794037 0.0046717576432818344 0.015552366839821178 0.0083038469376168263 -0.0091588267537782552 0.0043145171534919634 0.0024070409985459847 -0.00071135732013113094 -0.00095226282263251652 -0.0026748995405634006 0.0098436778171679274 -0.0057655655083589195 -0.0057470113886530314
leaf_weight=471.4337535649538 105.24241068959236 63.775862693786621 208.12195825576782 135.47224494814873 477.06359753012657 323.15881416201591 283.84202787280083 111.00111064314842 387.17278638482094 99.475308865308762 279.77130898833275 114.08655661344528 69.501112908124924 178.3468065559864
leaf_count=1654 291 194 568 456 1428 971 786 310 1063 296 813 312 190 502
internal_value=-9.59029e-05 -0.00324563 -0.0013808 0.00614631 0.00473323 -0.00323174 -0.000320733 0.000815886 0.00117497 -0.00847349 -0.00623803 0.00438195 0.00191461 -0.00254623
internal_weight=3307.47 2202.51 1631.61 1104.95 969.479 1239.9 636.966 573.19 492.415 570.909 602.93 391.71 277.623 289.348
internal_count=9834 6596 4646 3238 2782 3576 1792 1598 1354 1950 1784 1070 758 812
is_linear=0
shrinkage=0.025


Tree=115
num_leaves=15
num_cat=0
split_feature=22 44 2 2 26 6 32 38 34 26 2 2 34 10
split_gain=20.1383 14.4784 10.66 9.25179 9.52944 8.0798 11.8194 8.84193 7.29609 7.13836 7.08317 6.69481 8.41916 9.51344
threshold=0.11469323640513356 32.500000000000007 0.051359879418640959 0.049926510613795508 0.089856267806282406 13.176660910109792 1.0603502567412175 385.00000000000006 139.50000000000003 0.063795489785234458 0.050726605541079807 0.085491567263673421 60.500000000000007 2.1576850455494263
decision_type=2 2 2 2 2 2 2 2 2 2 2 2 2 2
left_child=1 2 3 -1 9 10 -7 -8 -6 -5 -2 12 -12 -14
right_child=5 -3 -4 4 8 6 7 -9 -10 -11 11 -13 13 -15
leaf_value=0.014967568897897382 -0.0097720805875375991 -0.0012057992618497368 0.018740096894317562 0.0098348823186468412 0.00056975681873764684 -0.0070540093675913454 -0.0011164290224473447 0.016834278664764637 0.017255633349021551 -0.0051096836601367233 -0.0061023750385729922 -0.0028372727301062221 0.0094383759000218493 -0.0041143043382497434
leaf_weight=47.291410557925701 31.514719173312187 148.96503289043903 47.734179109334946 19.850237883627415 35.062687709927559 274.69872064143419 54.815772019326687 18.325232297182083 33.118174381554127 88.467488490045071 33.354017026722431 116.26622624695301 145.12310112267733 35.282528087496758
leaf_count=330 248 1164 378 122 270 2808 534 180 248 648 294 1040 1240 330
internal_value=0.000574327 0.00489474 0.00829334 0.00559493 0.00260271 -0.00196796 -0.00466816 0.00385052 0.00964158 -0.00183722 0.000589956 0.00178514 0.00442098 0.00661352
internal_weight=1129.87 420.489 271.524 223.79 176.499 709.38 347.84 73.141 68.1809 108.318 361.541 330.026 213.76 180.406
internal_count=9834 3160 1996 1618 1288 6674 3522 714 518 770 3152 2904 1864 1570
is_linear=0
shrinkage=0.025


Tree=116
num_leaves=15
num_cat=0
split_feature=37 29 11 19 23 19 10 41 29 29 25 35 56 53
split_gain=103.553 32.9597 30.4716 18.0993 18.0494 11.5508 10.3858 8.97053 9.24507 8.68529 8.23505 8.77451 8.06429 7.79896
threshold=-1.0000000180025095e-35 -0.044576098899739791 0.017215913645206003 0.00019650869795800004 0.014457767332001803 -0.024849966364537148 1.947964168156856 101.50000000000001 0.056188570050356511 -0.0071682581867592498 -0.025630194762012098 -5.9999999999999973 -0.635783047729232 0.132142710944506
decision_type=2 2 2 2 2 2 2 2 2 2 2 2 2 2
left_child=1 6 4 9 10 -4 -1 8 -7 -3 -2 -12 -11 -5
right_child=2 3 5 13 -6 7 -8 -9 -10 12 11 -13 -14 -15
leaf_value=-0.00023953385162460138 0.0068293411652253985 0.009083930425628356 -0.00018040515472661644 -0.0041518080290473165 -0.0060486785660616811 -0.0069771579769412929 0.011085826552555666 0.0022839694351940161 -0.013520404476834015 -0.0022600921232622702 -0.0074229648770688167 0.0010906570721043887 0.0054197805852601727 0.0027491004853629234
leaf_weight=51.752156466245651 121.61732256412506 206.38747429847717 114.66054165363312 285.94540679454803 321.90150919556618 392.96958114206791 458.27826026082039 36.382487311959267 254.23884931206703 130.74346435070038 84.316250294446945 484.08158412575722 214.53716424107552 149.33871322870255
leaf_count=145 336 602 336 804 944 1274 1402 120 913 364 239 1338 598 419
internal_value=-9.33264e-05 0.00475495 -0.00411861 0.00203601 -0.00119693 -0.00776069 0.00989695 -0.0089853 -0.00966978 0.00503582 0.00105773 -0.000182371 0.00244961 -0.00172311
internal_weight=3307.15 1496.98 1810.17 986.952 1011.92 798.251 510.03 683.591 647.208 551.668 690.015 568.398 345.281 435.284
internal_count=9834 4334 5500 2787 2857 2643 1547 2307 2187 1564 1913 1577 962 1223
is_linear=0
shrinkage=0.025


Tree=117
num_leaves=15
num_cat=0
split_feature=13 5 19 37 19 33 37 33 42 51 35 52 20 7
split_gain=99.1594 33.5801 25.3345 25.0209 16.9041 16.8813 15.1435 11.8937 8.59191 10.8936 7.99064 9.02772 7.53209 6.81984
threshold=-0.00056455541425719984 4.0522086726853024 0.014679669269007252 -11.499999999999998 -0.020401578078627997 37.500000000000007 10.500000000000002 -28.499999999999996 153.00000000000003 0.11952380952380946 0.90000000000000047 0.451517094017094 0.092390932057190553 -1.0686297237225657
decision_type=2 2 2 2 2 2 2 2 2 2 2 2 2 2
left_child=3 2 6 12 -5 10 7 -2 9 -4 -6 13 -1 -12
right_child=1 -3 8 4 5 -7 -8 -9 -10 -11 11 -13 -14 -15
leaf_value=-0.0022229694344904362 0.0033221040876915994 0.012376949007017267 0.013212811675599382 -0.010026867960871943 0.0019313752317231909 -0.0068099429505041392 0.0077833232833030511 -0.0024149993739506661 -0.0013354925732393032 0.0022641718437475082 0 0.00048032979631980143 -0.013689241504423478 -0.011904711794846892
leaf_weight=51.927714318037033 338.39686274528503 252.15183806419373 203.15413317084312 188.93776397407055 497.42555034160614 313.92038503289223 158.28109464049339 649.45622083544731 42.550080120563507 89.587085664272308 42.122571498155594 168.8090041577816 213.77063862979412 86.620256021618843
leaf_count=166 940 835 594 632 1444 961 449 1801 122 254 121 492 763 260
internal_value=-9.81498e-05 0.00400608 0.00252762 -0.00466294 -0.0031797 -0.00195084 0.000722034 -0.000417696 0.00852493 0.0100405 0 -0.00321127 -0.0116231 -0.00807567
internal_weight=3297.11 1733.58 1481.43 1563.53 1297.84 1108.9 1146.13 987.853 335.291 292.741 794.977 297.552 265.698 128.743
internal_count=9834 4995 4160 4839 3910 3278 3190 2741 970 848 2317 873 929 381
is_linear=0
shrinkage=0.025


Tree=118
num_leaves=15
num_cat=0
split_feature=10 12 32 36 5 5 44 32 10 16 22 4 54 4
split_gain=19.6589 11.3227 7.46996 8.89033 7.46387 8.91358 7.75521 9.3235 9.88522 10.009 8.54789 11.2659 8.89155 8.14715
threshold=1.9626754775558803 0.067174253862086863 1.0099907044905592 48.750000000000007 3.3769211481995831 -3.3056450024191064 29.500000000000004 1.067787843806465 2.0417142183024617 0.16571145226758538 0.12329751925186526 22.867023697951538 0.37177438806831159 23.038992358727231
decision_type=2 2 2 2 2 2 2 2 2 2 2 2 2 2
left_child=2 -2 -1 -4 5 -3 10 -8 -9 -10 11 -7 -13 -12
right_child=1 4 3 -5 -6 6 7 8 9 -11 13 12 -14 -15
leaf_value=0.00035714834877514484 0.014608408961253158 -0.007909306571932867 0.00085689808485883061 0.016647585060992395 -0.0081865963474601709 -0.00064112459451740739 -0.0051981515075585948 -0.0067953618475134385 0.024408196945966024 -0.00020380974643689428 0.01231678711769107 0.0067401971517660839 0.026544635295995198 -0.00098837534324145901
leaf_weight=56.027953661978245 23.767190165817738 86.447905071079731 36.397362269461155 75.382229223847389 83.911027744412422 57.298058167099953 225.00420670956373 18.024727076292038 17.556828260421753 15.292136721312998 26.436959005892277 59.046634383499622 19.801445066928864 328.53370241820812
leaf_count=390 144 1155 238 492 1127 424 1873 144 136 131 207 449 150 2774
internal_value=0.000587805 -0.000780348 0.00836445 0.0119768 -0.00127251 -0.000519865 0.000326447 -0.00295724 0.0060847 0.0137768 0.00223261 0.00743975 0.0132982 9.04125e-05
internal_weight=1128.93 961.121 167.808 111.78 937.354 853.443 766.995 275.878 50.8737 32.849 491.117 136.146 78.8481 354.971
internal_count=9834 8714 1120 730 8570 7443 6288 2284 411 267 4004 1023 599 2981
is_linear=0
shrinkage=0.025


Tree=119
num_leaves=15
num_cat=0
split_feature=17 37 25 37 29 19 35 51 51 56 24 35 17 17
split_gain=99.4272 35.7656 24.2302 23.9648 20.4494 15.7606 14.1031 11.9873 11.3292 11.2301 9.10884 8.00317 8.84553 7.32811
threshold=-0.017510133632581547 9.0000000000000018 -0.032747413441174496 -11.499999999999998 0.013958894902521002 0.0018123872380026503 0.90000000000000047 0.15523326572008117 0.35553751803751804 0.074064758809413808 0.081380907714909703 3.649999999999999 0.018655369845049456 -0.053923137734350444
decision_type=2 2 2 2 2 2 2 2 2 2 2 2 2 2
left_child=3 2 9 -1 6 -5 -4 11 13 -2 -3 -6 -13 -7
right_child=1 10 4 5 7 8 -8 -9 -10 -11 -12 12 -14 -15
leaf_value=0.012535163067234631 0.0022340057526638608 0 -0.0028030467674387723 0.0075365072796937634 -0.0091009945252343519 0.0052710591550720236 0.0037914457525086696 0.00024340545923547905 0.0085000389219008661 0.015318259960976452 -0.010684171245213326 0.0033854402851231087 -0.0078719740741553627 -0.0031789693181476595
leaf_weight=265.66848331689835 134.03085470199585 54.838532447814941 442.79482290148735 384.28130254149437 414.12165011465549 75.777131408452988 364.68648219108582 164.42355677485466 86.535828232765198 59.697614759206772 399.98814631998539 79.751161217689514 81.999392807483673 288.34695899486542
leaf_count=833 372 171 1261 1157 1280 223 1019 487 240 166 1359 221 261 784
internal_value=-9.61335e-05 -0.00317554 -0.00151618 0.00601297 -0.00257581 0.00384565 0.000149488 -0.00556306 0.000595396 0.00667569 -0.0093892 -0.00725179 -0.0022365 -0.00130514
internal_weight=3296.94 2196.33 1741.51 1100.61 1547.78 834.941 807.481 740.296 450.66 193.728 454.827 575.872 161.751 364.124
internal_count=9834 6597 5067 3237 4529 2404 2280 2249 1247 538 1530 1762 482 1007
is_linear=0
shrinkage=0.025


Tree=120
num_leaves=15
num_cat=0
split_feature=37 5 17 23 21 33 21 9 51 19 33 35 37 56
split_gain=94.4274 28.7828 26.885 16.4142 14.8602 12.4002 11.9092 10.1615 10.0913 9.07556 9.07364 8.84895 8.78755 6.68656
threshold=1.0000000180025095e-35 4.0522086726853024 -0.021129380139550947 -0.014457767332001799 -0.0029305651374119997 13.500000000000002 0.0041618705690244012 -0.025018743459059248 0.41669493441881506 0.021093295515184202 -19.499999999999996 5.9500000000000002 9.0000000000000018 0.3156224474005056
decision_type=2 2 2 2 2 2 2 2 2 2 2 2 2 2
left_child=2 4 6 13 7 -6 -1 10 -8 11 -2 -5 -9 -4
right_child=1 -3 3 9 5 -7 8 12 -10 -11 -12 -13 -14 -15
leaf_value=-0.010686128732998745 0.0083238456888994894 0.01274819498837514 -0.0038139421626733508 0.00069311659852934037 0.0078279759569713989 0.00086723273084522332 -0.0018904795136160852 -0.0063779166942853141 -0.012197134380874204 0.006401671729889551 -0.00042700886733627961 -0.007656458023867301 0.004002922278700311 -0.012785324925333698
leaf_weight=382.09803202748299 116.58267194032669 223.70541262626648 260.3351294696331 493.8615670800209 459.3547640144825 259.23436406254768 293.96939148008823 191.3449090719223 73.359852910041809 138.43394687771797 175.6051359474659 88.752515494823456 61.869482666254044 68.695139676332474
leaf_count=1404 325 757 767 1370 1324 730 883 537 233 383 490 254 171 206
internal_value=-0.000101922 0.00454212 -0.00395707 -0.00133451 0.00302557 0.00537475 -0.0075654 -4.48449e-05 -0.00415213 0.000752256 0.00306175 -0.000590597 -0.00371628 -0.00592518
internal_weight=3287.2 1487.7 1799.51 1050.08 1263.99 718.589 749.427 545.402 367.329 721.048 292.188 582.614 253.214 329.03
internal_count=9834 4334 5500 2980 3577 2054 2520 1523 1116 2007 815 1624 708 973
is_linear=0
shrinkage=0.025


Tree=121
num_leaves=15
num_cat=0
split_feature=10 12 5 5 44 30 28 12 56 30 20 10 22 26
split_gain=18.8951 10.8861 7.20459 8.60067 7.57699 8.55711 6.09022 10.3219 5.57736 5.5924 7.06691 5.03205 13.0164 7.7454
threshold=1.9626754775558803 0.067174253862086863 3.3769211481995831 -3.3056450024191064 32.500000000000007 1.5080644208925704 12.66740321399716 0.15386387412574518 0.79187445945884305 1.3931508670841934 0.090541037111462205 2.0670468250328655 0.12276761405889546 0.089856267806282406
decision_type=2 2 2 2 2 2 2 2 2 2 2 2 2 2
left_child=8 -2 3 -3 5 11 7 -6 9 -1 -11 12 13 -5
right_child=1 2 -4 4 6 -7 -8 -9 -10 10 -12 -13 -14 -15
leaf_value=0.012895794354051672 0.014271935892242247 -0.0077959209694751412 -0.0080665849050284653 -0.00183185832198331 0.012292631656832928 -0.0063866635535088992 -0.0075292245635524601 -0.0059142360176493488 -0.0019419245994216263 -0.0070305054989639945 0.011955162700949033 0.0047492158638915549 -0.0086845731896083717 0.0099593472718719836
leaf_weight=106.32075947523117 24.030434414744377 85.492092728614807 82.898100659251213 58.827345602214336 28.09555247426033 64.877782762050629 112.50653256475925 41.069006204605103 23.387789376080036 22.221452988684177 16.799984313547611 324.86960580199957 69.036119200289249 67.441410392522812
leaf_count=646 144 1155 1127 440 220 614 937 361 188 160 126 2660 558 498
internal_value=0.000601165 -0.000745366 -0.00123172 -0.000494535 0.000332432 0.00174885 -0.00401972 0.00147467 0.00820057 0.0100092 0.00100501 0.00286228 -0.000191836 0.00441496
internal_weight=1127.87 959.144 935.114 852.215 766.723 585.052 181.671 69.1646 168.73 145.342 39.0214 520.174 195.305 126.269
internal_count=9834 8714 8570 7443 6288 4770 1518 581 1120 932 286 4156 1496 938
is_linear=0
shrinkage=0.025


Tree=122
num_leaves=15
num_cat=0
split_feature=37 29 13 21 23 5 5 21 29 10 35 41 10 51
split_gain=94.4785 30.7443 28.9968 15.4565 15.3908 11.6142 10.1742 9.11482 9.03395 9.01156 8.57567 8.0551 7.34471 7.01929
threshold=-1.0000000180025095e-35 -0.044576098899739791 0.019561672137660302 0.0029908379896848507 0.014457767332001803 -5.2125823043413932 5.2885208323790431 -0.027017293613646097 0.0087952585829276526 2.2041676046745651 -5.9999999999999973 120.00000000000001 1.9455088456024452 0.11039933343064266
decision_type=2 2 2 2 2 2 2 2 2 2 2 2 2 2
left_child=1 5 4 8 7 -1 9 -2 -3 11 -9 -4 -7 -12
right_child=2 3 6 -5 -6 12 -8 10 -10 -11 13 -13 -14 -15
leaf_value=0.017392258092768023 0.0071809049117639249 0.0072134532592885124 -0.0079826506498664931 -0.0018992038042519614 -0.0056362577814637336 -0.0011244673698281333 -0.014754513345593412 -0.0074895843518416414 0.00090156149771362698 0.0024809635277932359 -0.00093633906368718758 0.0031170637365654941 0.0086479808782723155 0.0054993468164907747
leaf_weight=97.539654940366745 114.77497053146362 327.5553050339222 562.03419728577137 388.69811388850212 324.85951754450798 49.054858922958374 109.88731056451797 85.06399530172348 267.25791829824448 59.937727525830269 361.55613684654236 38.089043855667114 358.6202247440815 142.04621294140816
leaf_count=345 318 948 1831 1094 959 137 436 242 745 197 1006 120 1065 391
internal_value=-9.73572e-05 0.00454488 -0.00395636 0.00191866 -0.00116925 0.0095395 -0.00761486 0.000883613 0.00445027 -0.00628667 -0.000352226 -0.00721692 0.00741212 0.000865976
internal_weight=3286.98 1488.73 1798.25 983.511 1028.3 505.215 769.948 703.441 594.813 660.061 588.666 600.123 407.675 503.602
internal_count=9834 4334 5500 2787 2916 1547 2584 1957 1693 2148 1639 1951 1202 1397
is_linear=0
shrinkage=0.025


Tree=123
num_leaves=15
num_cat=0
split_feature=17 17 35 21 17 23 33 51 23 23 33 33 46 18
split_gain=90.229 30.0255 25.5744 21.2969 12.8659 12.2798 10.9708 10.5024 9.41671 8.34371 8.69464 7.98525 7.35591 6.57171
threshold=0.017497518846694603 -0.033982554512500839 -0.90000000000000024 -0.0038159083426214497 0.074916366975457269 0.032689898008769556 -37.499999999999993 -0.011775178844144248 0.028079559605764103 -0.034074232294498991 2.5000000000000004 -1.4999999999999998 115.50000000000001 0.21424131473928545
decision_type=2 2 2 2 2 2 2 2 2 2 2 2 2 2
left_child=1 8 9 4 6 7 -2 12 -1 -3 -11 13 -4 -5
right_child=3 2 5 11 -6 -7 -8 -9 -10 10 -12 -13 -14 -15
leaf_value=-0.0095083230028839508 0.006202157148796357 -0.0088603537239012476 -0.0049535720723288892 0.013290858428461262 0.013007777557180989 0.0057426158405621238 -0.0018500432387013131 -0.0075944573439885857 -0.00068957141345959982 0.0052138844496271543 -0.00025971869258985367 0.0054787382160830225 0.0020378800668827725 0.0012918993950547946
leaf_weight=461.50212550163269 148.57024616003036 35.399497389793396 200.23021951317787 269.13000506162643 54.968177318572998 65.544505000114441 329.77063715457916 449.82604172825813 98.743875950574875 389.10421454906464 319.82661728560925 252.61398813128471 163.59615588188171 38.367040783166885
leaf_count=1654 414 109 574 854 180 180 907 1327 296 1077 913 756 466 127
internal_value=-0.00010443 -0.0030459 -0.0012954 0.00573463 0.00206792 -0.0041813 0.000637493 -0.00504146 -0.00801809 0.00208519 0.00272498 0.00913245 -0.00175704 0.0119183
internal_weight=3277.19 2183.77 1623.53 1093.42 533.309 879.197 478.341 813.652 560.246 744.33 708.931 560.111 363.826 307.497
internal_count=9834 6596 4646 3238 1501 2547 1321 2367 1950 2099 1990 1737 1040 981
is_linear=0
shrinkage=0.025


Tree=124
num_leaves=15
num_cat=0
split_feature=10 12 11 11 32 36 40 14 44 32 54 8 36 36
split_gain=18.112 10.4995 7.58631 9.08533 7.07756 8.39013 5.67704 10.5577 5.53423 9.50753 7.25391 8.77454 8.26986 15.8622
threshold=1.9626754775558803 0.067174253862086863 0.045154815290924209 -0.045332303327532845 1.0099907044905592 48.750000000000007 34.000000000000007 0.084674265315322253 32.500000000000007 1.0660324896727829 -0.45226476580851194 228.98520374514348 49.250000000000007 48.550000000000004
decision_type=2 2 2 2 2 2 2 2 2 2 2 2 2 2
left_child=4 -2 3 -3 -1 -6 7 -7 10 -10 -5 12 13 -12
right_child=1 2 -4 8 5 6 -8 -9 9 -11 11 -13 -14 -15
leaf_value=0.00024383239831292497 0.0139710552827738 -0.0083734954189891107 -0.008435745296282977 -0.0048934631131580496 0.00072305421379063265 0.031152135871463649 0.0031867159087241616 0.0068460434372134343 -0.0062834751592206186 0.0070310801445678242 0.0038985461390399698 -0.0070299220312095047 0.0019047904848926514 0.027517395101854344
leaf_weight=56.332496836781502 24.269153192639351 77.297293271869421 77.883546240627766 85.813891246914864 36.633627504110336 25.055285677313805 22.813919052481651 28.891159772872925 146.6761173158884 36.994464740157127 78.880532555282116 45.898969851434231 363.2523979768157 20.392034992575645
leaf_count=390 144 1037 1046 733 238 140 146 206 1258 301 649 424 2960 162
internal_value=0.00060932 -0.000714077 -0.00119511 -0.000461441 0.00802397 0.0115043 0.015985 0.0202439 0.000341268 -0.00335392 0.00154357 0.00271581 0.00380125 0.0100768
internal_weight=1127.08 957.358 933.089 855.206 169.726 113.394 76.7604 53.9464 777.908 183.671 594.238 508.424 462.525 99.2726
internal_count=9834 8714 8570 7524 1120 730 492 346 6487 1559 4928 4195 3771 811
is_linear=0
shrinkage=0.025


Tree=125
num_leaves=15
num_cat=0
split_feature=17 37 37 23 33 19 51 35 35 24 48 17 15 56
split_gain=90.2479 32.7946 22.3916 21.1894 17.545 14.5146 10.6385 10.3966 10.0736 8.82845 7.21188 6.87599 6.55305 7.54617
threshold=-0.017510133632581547 9.0000000000000018 -11.499999999999998 0.016653894374945553 -2.4999999999999996 0.0018123872380026503 0.35553751803751804 3.4999999999999987 -3.7000000000000006 0.081380907714909703 18.500000000000004 -0.053923137734350444 0.022592322018555506 -0.47242169579667376
decision_type=2 2 2 2 2 2 2 2 2 2 2 2 2 2
left_child=2 3 -1 4 7 10 11 -2 -6 -3 -4 -7 13 -9
right_child=1 9 5 -5 8 6 -8 12 -10 -11 -12 -13 -14 -15
leaf_value=0.012099526434560956 -0.0050071687853816965 0 0.0083997027860396364 -0.0068787213591280901 -0.0031151384800061138 0.0050738337457990014 0.008207507037602764 -0.0011852118313126925 0.0041399362243084914 -0.010324423951834222 -0.0020753701951062068 -0.0031230751346916536 -0.004379882071236017 0.010145889168532488
leaf_weight=261.92598220705986 465.58819606900215 54.531764313578606 340.70840966701508 352.44716916978359 142.74620489776134 75.413334488868713 86.235857456922531 61.598432511091232 575.19855523109436 394.2775369733572 40.437445163726807 288.09199815988541 65.542035341262817 72.228591948747635
leaf_count=833 1369 171 1036 1114 402 223 240 170 1612 1359 121 784 201 199
internal_value=-9.81251e-05 -0.00303895 0.00574388 -0.00145241 -3.1649e-05 0.00365004 0.000531015 -0.00296386 0.00265129 -0.00903472 0.00721113 -0.00130892 0.00169132 0.00489544
internal_weight=3276.97 2184.16 1092.81 1735.35 1382.9 830.887 449.741 664.957 717.945 448.809 381.146 363.505 199.369 133.827
internal_count=9834 6597 3237 5067 3953 2404 1247 1939 2014 1530 1157 1007 570 369
is_linear=0
shrinkage=0.025


Tree=126
num_leaves=15
num_cat=0
split_feature=13 5 19 37 19 33 37 33 20 35 52 51 18 7
split_gain=85.8435 30.1455 23.0251 22.5404 15.4114 15.5235 13.5202 10.601 7.4874 7.35725 8.73169 6.71659 6.68021 6.6433
threshold=-0.00056455541425719984 4.0522086726853024 0.014679669269007252 -11.499999999999998 -0.020401578078627997 37.500000000000007 10.500000000000002 -28.499999999999996 0.092390932057190553 0.90000000000000047 0.451517094017094 0.11952380952380946 0.18512442296924361 -1.0686297237225657
decision_type=2 2 2 2 2 2 2 2 2 2 2 2 2 2
left_child=3 2 6 8 -5 9 7 12 -1 -6 13 -4 -2 -11
right_child=1 -3 11 4 5 -7 -8 -9 -10 10 -12 -13 -14 -15
leaf_value=-0.0017226737556937503 0.0046783246170274484 0.011766444962142337 0.010426228520205173 -0.0095752883767638158 0.0019220239879653473 -0.0064887903231929684 0.0073088130651111638 -0.0023531060926795591 -0.013169319246800329 0 0.00060848696734487357 0.0022276552114303869 -0.0043143820017406747 -0.011634899620117718
leaf_weight=51.167870819568634 281.19418504834175 245.82027798891068 231.14517316222191 185.61712987720966 495.76476459205151 310.92320267856121 157.15386438369751 647.89415004849434 207.91387903690338 41.947641804814339 168.06239065527916 100.93815043568611 56.039942473173141 85.82195733487606
leaf_count=166 782 835 683 632 1444 961 449 1801 763 121 492 287 158 260
internal_value=-0.000106676 0.00372351 0.00233038 -0.00437943 -0.00297504 -0.00180306 0.0006096 -0.000465363 -0.0110787 3.51927e-05 -0.00302311 0.00807841 0.00306971 -0.00783126
internal_weight=3267.4 1720.19 1474.37 1547.22 1288.14 1102.52 1142.28 985.128 259.082 791.597 295.832 332.083 337.234 127.77
internal_count=9834 4995 4160 4839 3910 3278 3190 2741 929 2317 873 970 940 381
is_linear=0
shrinkage=0.025


Tree=127
num_leaves=15
num_cat=0
split_feature=22 44 54 22 24 5 5 34 34 16 16 52 46 44
split_gain=17.8701 13.1626 10.6978 11.9951 8.80505 7.43166 9.50549 7.766 10.4787 8.29038 10.1939 10.0809 7.65529 7.29816
threshold=0.11469323640513356 32.500000000000007 -0.27017260477431754 0.086877989945257264 0.086140927205624912 3.2191287669656137 -3.230430790712008 170.50000000000003 149.50000000000003 0.16125197715411232 0.1399926738031981 0.12262799856784816 102.50000000000001 28.500000000000004
decision_type=2 2 2 2 2 2 2 2 2 2 2 2 2 2
left_child=1 2 3 -1 -4 6 -2 8 9 10 -8 -12 -9 -10
right_child=5 -3 4 -5 -6 -7 7 12 13 -11 11 -13 -14 -15
leaf_value=0.02623227522952017 -0.0089300265522148457 -0.0011709673471764848 -0.00034292653032402467 0.003327709924412853 0.009504446446081902 -0.0090061237964845029 0 0 0.020123832042204335 -0.0030687244140493869 -0.00046060099503057869 0.01946597150918241 -0.011773502485529974 0
leaf_weight=32.994357839226723 74.36882684007287 148.55891838669777 101.21014659106731 30.086590200662613 111.08341880887747 75.01392824202776 124.06239832192659 90.513141416013241 26.569817654788494 184.10289856791496 21.10252782702446 37.706781215965748 51.950056992471218 16.630036383867264
leaf_count=214 1021 1164 700 244 838 1025 994 761 209 1596 172 300 460 136
internal_value=0.000624283 0.00466392 0.00786563 0.0167218 0.00479483 -0.00179553 -0.000828884 0.000286755 0.0020764 0.000557812 0.00432634 0.0124481 -0.00459209 0.0130618
internal_weight=1125.95 423.933 275.375 63.0809 212.294 702.02 627.006 552.638 410.174 366.975 182.872 58.8093 142.463 43.1999
internal_count=9834 3160 1996 458 1538 6674 5649 4628 3407 3062 1466 472 1221 345
is_linear=0
shrinkage=0.025


Tree=128
num_leaves=15
num_cat=0
split_feature=13 19 17 37 19 25 42 20 15 56 29 17 14 57
split_gain=86.0944 30.6578 25.8063 21.3282 14.8518 11.3476 8.72817 8.56665 8.28904 8.13116 9.07415 8.02349 9.81639 7.61785
threshold=0.0019391024951540502 -0.014681373317160499 -0.036069798295387388 11.500000000000002 0.020001600656787404 0.017853700553829854 178.50000000000003 0.092390932057190553 -0.076650810768733438 -0.43447093621443028 -0.010887329555162698 0.044652593231689401 0.18597094312841933 0.81092857091808102
decision_type=2 2 2 2 2 2 2 2 2 2 2 2 2 2
left_child=1 6 8 4 11 13 9 -5 -3 10 -1 12 -2 -4
right_child=3 2 5 7 -6 -7 -8 -9 -10 -11 -12 -13 -14 -15
leaf_value=0.010280539666257631 -0.0021817127092537371 0.013986639950046523 -0.00049500196853905117 -0.0010588931950360999 -0.0095483905553280287 -0.0049324070684331756 -0.00079590881435070082 -0.013250479165526277 0.0048449208894601773 0.013947427807911684 -0.0015789844523829721 -0.0063528543517202248 0.0043293896821384684 0.0055396325670232244
leaf_weight=99.922944933176041 684.23610134422779 79.185873299837112 462.00796410441399 50.027087345719337 185.9787572324276 267.30836510658264 40.880449444055557 206.5410029143095 364.22369652986526 217.326819896698 58.242804676294327 200.64549975097179 176.77453875541687 173.86552318930626
leaf_count=313 1968 271 1266 164 636 755 122 760 1077 664 165 683 509 481
internal_value=-0.000101446 0.00363472 0.00176302 -0.00449443 -0.00309086 -0.000642444 0.00953591 -0.0110346 0.00667099 0.0107221 0.00584562 -0.00189675 -0.000798769 0.00114637
internal_weight=3267.17 1762.96 1346.59 1504.2 1247.63 903.182 416.373 256.568 443.41 375.493 158.166 1061.66 861.011 635.873
internal_count=9834 5114 3850 4720 3796 2502 1264 924 1348 1142 478 3160 2477 1747
is_linear=0
shrinkage=0.025


Tree=129
num_leaves=15
num_cat=0
split_feature=37 29 29 19 21 23 10 51 29 55 56 44 17 56
split_gain=82.3955 29.0109 23.623 15.9893 14.6987 12.8095 9.72735 8.92736 8.72057 8.08546 7.42446 8.56943 7.28249 7.00212
threshold=1.0000000180025095e-35 0.048509440405866001 -0.014812162198587348 -0.00018323925612719996 0.0070481319755968013 -0.014457767332001799 1.947964168156856 -0.15098489459414596 0.0068818778854682515 0.17415334713410766 0.46751220599071491 16.500000000000004 -0.024059456942672697 -0.635783047729232
decision_type=2 2 2 2 2 2 2 2 2 2 2 2 2 2
left_child=2 3 4 9 7 10 -3 -1 13 -2 11 -4 -7 -5
right_child=1 6 5 8 -6 12 -8 -9 -10 -11 -12 -13 -14 -15
leaf_value=-0.0024931895223513165 0.0012522587247848389 -0.00075309136634932891 0.0066452570346456664 -0.0024052414774846306 -0.0028093509174440816 -0.0044091294833047716 0.010699664795986599 -0.011153216855636602 0.0084706671762034176 -0.0053540152638084978 -0.013364342660444643 -0.0051820924315727941 0.0025720010493976912 0.0047921362815900714
leaf_weight=105.18862865865231 257.4240879714489 46.947582840919495 41.10719496011734 129.50227788090706 389.65205684304237 108.2827919870615 408.58716157078743 396.92958028614521 224.04719012975693 197.33076676726341 52.019682452082634 197.09333722293377 492.17812421917915 211.2887487411499
leaf_count=354 725 133 123 363 1159 331 1288 1415 668 562 160 590 1368 595
internal_value=-0.00010889 0.004246 -0.00372871 0.00185293 -0.00659728 -0.00080792 0.00946969 -0.0094308 0.00465598 -0.00158706 -0.00509079 -0.00294355 0.00124577 0.00198957
internal_weight=3257.58 1475.13 1782.45 1019.59 891.77 890.681 455.535 502.118 564.838 454.755 290.22 238.201 600.461 340.791
internal_count=9834 4334 5500 2913 2928 2572 1421 1769 1626 1287 873 713 1699 958
is_linear=0
shrinkage=0.025


Tree=130
num_leaves=15
num_cat=0
split_feature=22 44 54 42 24 5 5 34 30 50 22 42 54 30
split_gain=17.2317 12.6697 10.2067 13.818 8.49088 7.21476 9.19875 7.56987 10.0671 10.2031 12.0185 16.1019 14.4115 12.7002
threshold=0.11469323640513356 32.500000000000007 -0.27017260477431754 34.000000000000007 0.084255129459195166 3.2191287669656137 -3.230430790712008 170.50000000000003 1.5080644208925704 8.5000000000000018 0.17090244389643447 27.000000000000004 -0.27017260477431754 1.4719942928821603
decision_type=2 2 2 2 2 2 2 2 2 2 2 2 2 2
left_child=1 2 3 -1 -4 6 -2 8 9 -8 11 12 -11 -13
right_child=5 -3 4 -5 -6 -7 7 -9 -10 10 -12 13 -14 -15
leaf_value=0.0043884706730482814 -0.0088196860855652478 -0.0011411233833195165 -0.00086044245093525463 0.028612999699946479 0.0088842725244264505 -0.0088971442243744783 -0.0014183896355434457 -0.0045352429283353288 -0.0062613743211235792 0.0041919427587063813 -0.00068859088323274399 -0.0025125361927105217 0.030020330620033273 0.019534260102346511
leaf_weight=36.835094168782234 73.470866598188877 148.31866366788745 90.321573220193386 26.950311832129955 122.65940267592669 74.111605800688267 131.64205198734999 141.91775866597891 68.457807809114456 26.794106729328632 72.537283964455128 58.96642629802227 35.580007925629616 16.542431406676769
leaf_count=270 1021 1164 620 188 918 1025 1057 1221 654 218 600 468 278 132
internal_value=0.000634597 0.00459205 0.00771891 0.016323 0.00471207 -0.00174862 -0.000798759 0.000292668 0.00205634 0.00385925 0.00723335 0.0114541 0.0204308 0.00292014
internal_weight=1125.11 425.085 276.766 63.7854 212.981 700.02 625.909 552.438 410.52 342.062 210.42 137.883 62.3741 75.5089
internal_count=9834 3160 1996 458 1538 6674 5649 4628 3407 2753 1696 1096 496 600
is_linear=0
shrinkage=0.025


Tree=131
num_leaves=15
num_cat=0
split_feature=17 17 5 25 19 33 33 19 29 34 25 55 6 56
split_gain=81.5564 23.8828 23.7141 20.2432 16.8539 13.0356 13.0071 10.4868 8.83963 8.56999 8.32022 7.72065 7.17944 7.0728
threshold=-0.0096538430021334987 0.044652593231689401 -5.2125823043413932 -0.017863183170440496 -0.0026410821151120994 -2.4999999999999996 -74.499999999999986 0.032979586412643556 0.015292671580030401 107.50000000000001 -0.027910422141205395 -0.75742737051119591 14.208970214048451 0.45282616683454979
decision_type=2 2 2 2 2 2 2 2 2 2 2 2 2 2
left_child=2 3 -1 12 13 8 -6 -7 -5 11 -3 -8 -2 -4
right_child=1 10 4 5 6 7 9 -9 -10 -11 -12 -13 -14 -15
leaf_value=0.014570815819118727 0.00057233862279284565 -0.00043433702444265062 0.0052230036926342238 -0.0023575151229615465 -0.0079163158568079251 8.2202158566397138e-05 -0.007257925283198673 -0.011308221792222429 -0.0088705853171505613 0.0051821585377526463 -0.010750680146457338 0.0015599746714815791 0.0080799855123258671 0.012871098981793056
leaf_weight=131.77082380652428 279.65040174126625 64.463183611631393 375.03320547938347 235.14219868183136 83.955938547849655 529.84718342125416 76.634921073913574 50.375713974237442 343.93338768184185 312.76222234964371 308.23570618033409 248.00357177853584 111.75523993372917 105.76303526759148
leaf_count=468 767 203 1123 704 232 1511 214 163 1087 875 1165 692 307 323
internal_value=-0.000103269 -0.00340177 0.00462916 -0.00200059 0.00346288 -0.00366626 0.000990794 -0.000952176 -0.00631148 0.0022554 -0.00906189 -0.000524274 0.00285389 0.00707201
internal_weight=3257.33 1923.4 1333.92 1550.7 1202.15 1159.3 721.357 580.223 579.076 637.401 372.699 324.638 391.406 480.796
internal_count=9834 5907 3927 4539 3459 3465 2013 1674 1791 1781 1368 906 1074 1446
is_linear=0
shrinkage=0.025


Tree=132
num_leaves=15
num_cat=0
split_feature=37 29 13 19 19 21 5 33 29 19 55 19 44 56
split_gain=78.5123 27.773 25.0122 15.3264 13.4981 10.5571 9.71158 9.078 8.33228 7.84242 7.82294 7.25662 6.8077 6.76185
threshold=1.0000000180025095e-35 0.048509440405866001 -0.020472393154076646 -0.00018323925612719996 -0.012924773054550547 0.0083584177915762021 5.2885208323790431 56.500000000000007 0.0068818778854682515 -0.024487390326547596 0.17415334713410766 0.0025502386629221003 16.500000000000004 -0.635783047729232
decision_type=2 2 2 2 2 2 2 2 2 2 2 2 2 2
left_child=2 3 5 10 12 -1 9 -6 13 -3 -2 -9 -4 -5
right_child=1 6 4 8 7 -7 -8 11 -10 -11 -12 -13 -14 -15
leaf_value=-0.0098563044949819146 0.0012278926755507407 -0.0010573502590829696 0.0021195044742059964 -0.0023719969518884898 0.0022275988139467263 -0.0035988695830204663 0.01680490307066073 -0.010762534071993251 0.0082911010525655981 0.0087016054344910467 -0.0052728705973725722 0 -0.0070087995517725881 0.0047018196476656029
leaf_weight=410.87067314982414 257.22941592335701 55.02351638674736 55.674235165119171 129.45870086550713 570.50210511684418 325.33043351769447 88.832379996776581 62.10593768954277 223.1691677570343 309.22680330276489 197.05248606204987 86.701557844877243 265.82797904312611 211.04896104335785
leaf_count=1540 725 153 164 363 1590 987 326 182 668 942 562 240 797 595
internal_value=-0.000111624 0.00414481 -0.00365094 0.00180384 -0.00111709 -0.00716778 0.00927268 0.000761161 0.00455208 0.00716536 -0.0015642 -0.00458802 -0.00534324 0.00194464
internal_weight=3248.05 1471.04 1777.01 1017.96 1040.81 736.201 453.083 719.31 563.677 364.25 454.282 148.807 321.502 340.508
internal_count=9834 4334 5500 2913 2973 2527 1421 2012 1626 1095 1287 422 961 958
is_linear=0
shrinkage=0.025


Tree=133
num_leaves=15
num_cat=0
split_feature=10 12 11 11 32 36 14 18 8 14 56 32 14 36
split_gain=16.8325 9.78467 6.99231 8.25819 6.67702 7.95561 5.17801 8.884 7.43957 10.8246 9.44118 9.23735 9.1024 8.03266
threshold=1.9626754775558803 0.067174253862086863 0.045154815290924209 -0.045332303327532845 1.0099907044905592 48.750000000000007 0.080624019122911214 0.097442537026813505 146.03514078444644 0.11464744903734027 -1.7766665578834937 1.0660324896727829 0.19429381135115853 55.350000000000009
decision_type=2 2 2 2 2 2 2 2 2 2 2 2 2 2
left_child=4 -2 3 -3 -1 -6 -5 -8 10 -10 -9 12 13 -12
right_child=1 2 -4 6 5 -7 7 8 9 -11 11 -13 -14 -15
leaf_value=0.00018995021126999871 0.013426672074531694 -0.0080764725791497259 -0.0081628713270100808 -0.0062758567739005598 0.00061807554444901153 0.015420877141880979 0.0083482205927697742 -0.0098004560265260911 -0.010096675462456173 0 0.013339806534971322 0.016402770905084282 -0.0069668266756037116 -0.0014381757424529564
leaf_weight=56.466810688376427 24.708076290786266 74.955560132861137 75.693234100937843 61.685408130288124 36.818957313895226 77.947654902935028 84.728266544640064 20.393604576587677 75.275723807513714 378.28792732954025 47.475385867059231 38.592423588037491 36.785824306309223 34.428333334624767
leaf_count=390 144 1037 1046 464 238 492 630 169 606 3304 377 314 341 282
internal_value=0.000645194 -0.000639939 -0.00111105 -0.000411913 0.00775476 0.0111047 0.000341785 0.000986184 -2.05339e-05 -0.00175859 0.00420614 0.00642233 0.00244315 0.00711485
internal_weight=1124.24 953.01 928.302 852.608 171.233 114.767 777.653 715.967 631.239 453.564 177.676 157.282 118.69 81.9037
internal_count=9834 8714 8570 7524 1120 730 6487 6023 5393 3910 1483 1314 1000 659
is_linear=0
shrinkage=0.025


Tree=134
num_leaves=15
num_cat=0
split_feature=37 5 11 23 21 33 56 19 9 41 33 33 37 5
split_gain=79.0082 24.9362 23.1819 14.6102 13.6387 11.7302 10.5692 10.3695 10.0398 8.57232 8.61259 8.09227 7.81035 7.73663
threshold=-1.0000000180025095e-35 -4.112129782558867 0.017215913645206003 0.014457767332001803 0.0036865125203020504 1.5000000000000002 -0.34175917569118303 -0.024849966364537148 0.025018743459059255 101.50000000000001 -34.499999999999993 19.500000000000004 -8.9999999999999982 5.2885208323790431
decision_type=2 2 2 2 2 2 2 2 2 2 2 2 2 2
left_child=1 -1 3 -2 5 6 -3 -4 12 10 -9 -10 -6 -12
right_child=2 4 7 -5 8 -7 -8 9 11 -11 13 -13 -14 -15
leaf_value=0.012037753994061498 0.00091550178653039516 -0.0030797609454347643 0 -0.0055122873829175556 0.0035328007941043283 0.0078264556711442647 0.0056776374504580599 -0.012942803267409271 -0.00044730747362954561 0.0029848918485871076 -0.0048441837300093439 0.0079344662101967067 -0.0065105755657063336 -0.015390079461310402
leaf_weight=211.83751571178436 685.70023447275162 161.25275757908821 113.1796186119318 317.41001287102699 57.861818730831146 402.30628192424774 170.40534254908562 216.70452612638474 171.53599581122398 35.559797778725624 356.54360064864159 112.4582661986351 184.51703497767448 50.494613438844681
leaf_count=743 1913 455 336 944 160 1174 488 793 480 120 1182 315 519 212
internal_value=-0.000104669 0.00416206 -0.00365808 -0.00111087 0.00277622 0.00496862 0.00136301 -0.0069052 -0.00025177 -0.00809701 -0.00878726 0.00286512 -0.00398897 -0.006384
internal_weight=3247.77 1472.18 1775.59 1003.11 1260.34 733.964 331.658 772.482 526.373 659.303 623.743 283.994 242.379 407.038
internal_count=9834 4334 5500 2857 3591 2117 943 2643 1474 2307 2187 795 679 1394
is_linear=0
shrinkage=0.025


Tree=135
num_leaves=15
num_cat=0
split_feature=17 37 25 37 35 19 51 17 56 51 29 24 17 9
split_gain=74.8339 28.7193 21.1829 19.4708 16.8663 12.3614 11.7132 11.4252 10.4357 8.42393 8.46355 8.23807 8.06995 7.09966
threshold=0.017497518846694603 -8.9999999999999982 0.032603960168680307 11.500000000000002 -2.0499999999999985 0.00041735769757295001 -0.3566536203522504 -0.037343155185250047 0.074064758809413808 -0.038991025137411546 -0.012693402053100647 0.081380907714909703 0.053643955450438159 0.033238913784035005
decision_type=2 2 2 2 2 2 2 2 2 2 2 2 2 2
left_child=1 11 4 5 7 6 -2 -3 13 -6 -11 -1 -8 -4
right_child=3 2 8 -5 9 -7 12 -9 -10 10 -12 -13 -14 -15
leaf_value=0.00018750530354133034 0.00851824646561492 -0.0074080399484932075 0.0090016865541868284 0.011264432112816501 -0.0014792924771213961 0.006922432704182426 -0.0031096212022386624 0.0025585846721081469 0.014632356728416205 -0.0090013879020342438 -0.0025538253349388718 -0.0097619046812338194 0.0053735450197484437 -0.0022432308231491341
leaf_weight=54.160780414938927 91.011305332183838 78.597391694784164 51.481723725795746 254.82674539089203 405.00540886819363 339.42154881358147 309.0499050617218 484.31133382022381 59.879907965660095 318.99278132617474 240.06244118511677 384.39754141867161 83.99788111448288 83.23185208439827
leaf_count=171 256 270 143 833 1181 1049 846 1364 168 1013 694 1359 254 233
internal_value=-0.000112804 -0.00280419 -0.00132126 0.0052437 -0.00232779 0.00329367 0.000653307 0.00106998 0.00631209 -0.0043328 -0.00632426 -0.00848855 -0.00118916 0.00204351
internal_weight=3238.43 2160.12 1721.56 1078.31 1526.97 823.481 484.059 562.909 194.593 964.061 559.055 438.558 393.048 134.714
internal_count=9834 6596 5066 3238 4522 2405 1356 1634 544 2888 1707 1530 1100 376
is_linear=0
shrinkage=0.025


Tree=136
num_leaves=15
num_cat=0
split_feature=10 12 11 11 32 32 14 12 28 28 8 56 32 14
split_gain=16.215 9.43908 6.77251 7.96586 6.36057 7.69929 5.03955 7.73544 6.66717 5.71774 5.51267 8.72234 9.05176 8.50185
threshold=1.9626754775558803 0.067174253862086863 0.045154815290924209 -0.045332303327532845 1.0099907044905592 1.0685503963870444 0.080624019122911214 0.097889620631630564 12.956049892924751 12.776439842618208 146.03514078444644 -1.7766665578834937 1.0660324896727829 0.11464744903734027
decision_type=2 2 2 2 2 2 2 2 2 2 2 2 2 2
left_child=4 -2 3 -3 -1 -6 -5 8 9 -8 11 -9 -13 -12
right_child=1 2 -4 6 5 -7 7 10 -10 -11 13 12 -14 -15
leaf_value=0.0002033523427058695 0.013149025502533031 -0.0079636182577059404 -0.0080555298165271433 -0.0062010206153490302 0.014762239573687032 0 0.010046613571094713 -0.009730556044879185 0.015950523349466086 -0.007580303512105438 -0.0080795181878411376 0.0019619802625432331 0.015607919675863328 0.00027305451132905137
leaf_weight=56.42709618806839 24.937065720558167 74.102960225194693 74.867644172161818 61.343660794198513 82.389618575572968 33.24346536397934 16.548508413136005 20.226103939116001 33.084756061434746 19.359861575067043 88.68290014564991 119.12882601469755 39.580406919121742 379.54353777319193
leaf_count=390 144 1037 1046 464 508 222 120 169 240 144 716 1002 318 3314
internal_value=0.000653973 -0.000611456 -0.00107727 -0.000391159 0.00761203 0.0108618 0.000344893 0.000979369 0.00864008 0.000167066 6.43557e-05 0.00377242 0.0058906 -0.00132476
internal_weight=1123.47 951.406 926.469 851.602 172.06 115.633 777.499 716.155 68.9931 35.9084 647.162 178.935 158.709 468.226
internal_count=9834 8714 8570 7524 1120 730 6487 6023 504 264 5519 1489 1320 4030
is_linear=0
shrinkage=0.025


Tree=137
num_leaves=15
num_cat=0
split_feature=11 17 25 5 33 41 25 23 35 4 23 33 29 56
split_gain=74.6617 26.7232 22.6929 18.2803 15.1961 12.6069 11.6876 11.6798 9.47819 9.32914 9.01113 8.19601 7.37169 6.88545
threshold=-0.017448020673611748 0.033949374021242658 -0.017863183170440496 -5.2125823043413932 -2.4999999999999996 -129.49999999999997 0.013811022464139702 0.033299894055595601 0.3499999999999997 23.446176873175105 -0.028156906634217899 19.500000000000004 0.015292671580030401 -0.78706170625195793
decision_type=2 2 2 2 2 2 2 2 2 2 2 2 2 2
left_child=3 2 9 -1 12 -5 11 8 13 -2 -3 -7 -4 -6
right_child=1 10 4 5 7 6 -8 -9 -10 -11 -12 -13 -14 -15
leaf_value=0.014218755723915448 0.0015802544285696792 -0.0002273415251411776 -0.0024988253729321128 -0.0078780304092615668 0.0026040916838480197 0.0041372626526902699 0.00065749404517819311 -0.0096133806174636058 0.004213858799804039 0.010221924625818736 -0.0089212905714078222 0.010614458922008416 -0.0081751601695175345 -0.0050095851681937441
leaf_weight=129.17694522440434 299.6811518073082 96.519717887043953 295.09785312414169 45.669270992279053 113.52408331632614 315.51071724295616 286.47654840350151 66.798910528421402 296.21125796437263 106.76730328798294 450.49779853224754 231.58698871731758 320.7801833152771 183.92148071527481
leaf_count=468 826 293 866 131 318 936 788 207 824 295 1658 719 984 521
internal_value=-0.000107028 -0.00266677 -0.00108011 0.00551358 -0.00272914 0.00413319 0.00486412 -5.07009e-05 0.00105485 0.00400767 -0.00744851 0.00699565 -0.00553764 -0.00202605
internal_weight=3238.22 2229.8 1682.78 1008.42 1276.33 879.244 833.574 660.456 593.657 406.448 547.018 547.098 615.878 297.446
internal_count=9834 6792 4841 3042 3720 2574 2443 1870 1663 1121 1951 1655 1850 839
is_linear=0
shrinkage=0.025


Tree=138
num_leaves=15
num_cat=0
split_feature=37 5 11 23 35 23 37 5 51 43 21 12 5 27
split_gain=71.2883 23.4621 21.5133 13.81 12.6199 12.4132 11.1045 9.44948 9.33273 9.65727 8.34231 8.16889 7.60541 7.2358
threshold=1.0000000180025095e-35 4.0522086726853024 -0.017215913645205996 -0.014457767332001799 -2.0499999999999985 0.039820086090030009 10.500000000000002 -5.392071789752424 0.44288010286081647 9.5000000000000018 -0.014063939052952498 0.17574867658563442 -1.2193044181360286 -0.091634551288080887
decision_type=2 2 2 2 2 2 2 2 2 2 2 2 2 2
left_child=2 4 7 -4 12 6 -6 -1 9 10 -9 -12 -2 -3
right_child=1 13 3 -5 5 -7 -8 8 -10 -11 11 -13 -14 -15
leaf_value=-0.014039473756501251 -0.0020888584662121287 0.015752247371726934 -0.0053373542221008697 0.0009206338100030512 -0.0016896052566022547 0.013109576985523378 0.0058657910664907985 -0.010308963729255213 -0.011960463560539253 0.0073936815312187201 -0.0052993117055997107 0.0023913320792937282 0.0070662751741205499 0.0055166784926545974
leaf_weight=95.731627345085144 58.842118859291077 118.4724894464016 316.19531500339508 685.18164330720901 596.7515717446804 41.831327229738235 147.16412091255188 131.8466881364584 114.03496731817722 37.239890873432159 268.23551090061665 117.49697710573673 406.21923327445984 93.53408145904541
leaf_count=412 168 427 944 1913 1695 124 428 496 398 116 839 382 1162 330
internal_value=-0.000114284 0.00395197 -0.00349828 -0.00104725 0.0025977 0.000619388 -0.000132404 -0.00664825 -0.00545694 -0.00398069 -0.00490983 -0.00289208 0.00584484 0.0115828
internal_weight=3228.78 1462.81 1765.96 1001.38 1250.81 785.747 743.916 764.586 668.854 554.819 517.579 385.732 465.061 212.007
internal_count=9834 4334 5500 2857 3577 2247 2123 2643 2231 1833 1717 1221 1330 757
is_linear=0
shrinkage=0.025


Tree=139
num_leaves=15
num_cat=0
split_feature=22 44 2 46 8 4 6 38 24 36 2 46 3 26
split_gain=15.7539 12.1935 10.2842 8.90634 10.6041 8.65633 6.93027 9.95339 13.152 8.12027 7.23867 6.92568 7.23753 7.84957
threshold=0.11469323640513356 32.500000000000007 0.051359879418640959 116.50000000000001 156.10519307386636 22.867023697951538 13.176660910109792 385.00000000000006 0.16620598823237417 50.350000000000009 0.050726605541079807 135.50000000000003 1.0152087946589063 0.14831315580347512
decision_type=2 2 2 2 2 2 2 2 2 2 2 2 2 2
left_child=1 2 3 4 5 -1 10 11 9 -9 -2 12 -8 -14
right_child=6 -3 -4 -5 -6 -7 7 8 -10 -11 -12 -13 13 -15
leaf_value=0.0047692600020253512 -0.0097572367285554528 -0.001193621499420424 0.017541157626763969 -0.0015524580926938019 -0.0054830455767043524 0.018814982971055272 -0.01085332277306536 0.0088189637866210677 0.018462216693183681 -0.008562296933256202 0.0019391793173055138 0.0021288224564321614 0.01410878969045342 -0.0060320572174196556
leaf_weight=73.969535663723946 31.41009159013629 148.64831721037626 49.319185487926006 79.82474834471941 23.372711051255465 52.469703339040279 165.67986257374287 19.808688528835773 20.038519624620676 44.064790315926075 327.31354267522693 40.364739954471588 12.549151580780743 33.825249746441841
leaf_count=504 248 1164 378 554 196 364 1774 212 206 446 2904 410 124 350
internal_value=0.00066307 0.00442688 0.00747822 0.00488271 0.00841246 0.0112822 -0.00163183 -0.00419394 0.00293488 -0.00256006 0.000726248 -0.00667188 -0.00847273 0
internal_weight=1122.66 427.604 278.956 229.637 149.812 126.439 695.055 336.331 83.912 63.8735 358.724 252.419 212.054 46.3744
internal_count=9834 3160 1996 1618 1064 868 6674 3522 864 658 3152 2658 2248 474
is_linear=0
shrinkage=0.025


Tree=140
num_leaves=15
num_cat=0
split_feature=37 5 13 25 35 25 37 21 33 56 33 25 27 33
split_gain=71.7693 23.2139 22.3548 13.0073 12.9894 13.8767 12.0082 9.38146 9.32822 9.87894 9.11998 8.04755 7.77269 6.85424
threshold=-1.0000000180025095e-35 -4.112129782558867 0.019561672137660302 -0.025630194762012098 2.0499999999999994 -0.034017221167281342 -10.499999999999998 0.018262080440260155 4.5000000000000009 -0.59168721482738007 -55.499999999999993 0.032603960168680307 0.09168592681550386 97.500000000000014
decision_type=2 2 2 2 2 2 2 2 2 2 2 2 2 2
left_child=1 12 3 -2 5 -3 -7 13 9 -6 -5 -12 -1 -4
right_child=2 4 7 10 8 6 -8 -9 -10 -11 11 -13 -14 -15
leaf_value=0.0053993495946425942 0.0063271292733442525 0.011208918257379713 -0.006008232421360532 -0.0070966272267020906 -0.0051933633427490395 0.0059730394839345264 -0.002003413242695071 -0.012243220884257229 0.0089837505217736004 0.0058846213183122286 0.00020264931510076759 -0.0074353053081392855 0.016025438565977681 0.003169261289261838
leaf_weight=92.690722391009331 123.82709649205208 65.759819805622101 536.49450063705444 180.6916444003582 74.483583301305771 142.28699657320976 580.20595452189445 159.3768874257803 265.38715323805809 127.89778739213943 620.73838174343109 94.119859278202057 115.25472068786621 49.334191918373108
leaf_count=327 346 196 1793 527 211 411 1645 633 762 366 1758 285 416 158
internal_value=-0.000109214 0.00396771 -0.00350737 -0.00106197 0.00263583 0.000630925 -0.000367919 -0.00678978 0.00591908 0.00166006 -0.00214088 -0.000812911 0.0116443 -0.00517278
internal_weight=3228.55 1463.97 1764.58 1019.38 1256.02 788.253 722.493 745.206 467.769 202.381 895.55 714.858 207.945 585.829
internal_count=9834 4334 5500 2916 3591 2252 2056 2584 1339 577 2570 2043 743 1951
is_linear=0
shrinkage=0.025


Tree=141
num_leaves=15
num_cat=0
split_feature=11 37 25 5 29 51 19 51 35 35 24 17 42 33
split_gain=68.1785 27.3409 19.5444 17.2877 16.4166 12.2005 12.3396 11.7369 11.3817 8.29093 8.1028 6.48851 6.35719 6.29979
threshold=0.017448020673611755 -8.9999999999999982 0.032603960168680307 5.2885208323790431 -0.014812162198587348 -0.44752243872740993 0.00019650869795800004 -0.15499223729114486 -1.5499999999999987 -5.8499999999999988 0.081380907714909703 -0.018681777864463647 65.000000000000014 52.500000000000007
decision_type=2 2 2 2 2 2 2 2 2 2 2 2 2 2
left_child=1 10 4 5 7 -2 13 -3 -6 11 -1 -9 -8 -7
right_child=3 2 -4 -5 8 6 12 9 -10 -11 -12 -13 -14 -15
leaf_value=0.00035635692866806877 0.010585643642555473 0.00087709830468150885 0.0060287192568226839 0.013929663401491755 0.0037321343812382053 0.0012407023492521539 0.0082586781077115725 -0.0064134486618951094 -0.0021151984553661549 -0.00799441931500036 -0.0094201500769942603 0.0056834379855742155 0 -0.006428035155720835
leaf_weight=55.310984566807747 142.39939704537392 162.96540877223015 202.22299191355705 123.98956236243248 341.93207859992981 345.85984140634537 237.7775819003582 47.963011115789413 512.79832138121128 460.04796554148197 382.37032598257065 53.103421568870544 73.830133587121964 77.496101200580597
leaf_count=175 430 489 568 456 961 969 745 157 1472 1455 1368 147 228 214
internal_value=-0.000116393 -0.00256718 -0.00116519 0.00527478 -0.00211854 0.00395133 0.00256931 -0.00487589 0.00020303 -0.00658389 -0.00813812 0 0.00630487 -0.000163358
internal_weight=3220.07 2218.71 1781.03 1001.35 1578.81 877.363 734.964 724.08 854.73 561.114 437.681 101.066 311.608 423.356
internal_count=9834 6792 5249 3042 4681 2586 2156 2248 2433 1759 1543 304 973 1183
is_linear=0
shrinkage=0.025


Tree=142
num_leaves=15
num_cat=0
split_feature=6 46 26 56 44 13 13 56 8 20 46 4 22 34
split_gain=15.3266 7.20051 7.29996 7.14455 6.97412 6.91691 8.81315 8.63992 8.00697 6.96516 6.89472 8.13797 7.70316 6.74864
threshold=8.3503252627319124 150.50000000000003 0.068034505766656816 0.82253623547044319 33.500000000000007 0.049095581440803802 -0.049280588027475293 1.3401577874656272 145.90032429200812 0.17685314045088454 121.50000000000001 23.084945373742364 0.14824885868364843 189.50000000000003
decision_type=2 2 2 2 2 2 2 2 2 2 2 2 2 2
left_child=3 2 -2 -1 -3 6 -4 8 9 10 11 -8 -12 -9
right_child=1 4 5 -5 -6 -7 7 13 -10 -11 12 -13 -14 -15
leaf_value=0.0062380973911194352 0.013950913458817103 0.020199709839678916 -0.0090729211105450413 -0.0049855181963224526 0 -0.0091625875671430476 0.0050634823744460586 0 -0.0027753084837900438 0.014645910342733288 0.017975114059747718 -0.010949981305554619 -0.0010688549965705075 0.020896740242328807
leaf_weight=312.5268187224865 12.561906851828097 13.640471316874025 75.435941580682993 33.649451300501823 20.427694849669933 76.263245571404696 29.947880476713181 14.748448155820371 410.27548710629344 25.861695878207684 20.241920359432697 38.487842235714197 22.137041084468365 15.81654818356037
leaf_count=2006 106 124 1045 274 194 1053 252 130 3601 220 168 337 192 132
internal_value=0.000670892 -0.00125757 -0.00182535 0.00502049 0.00911655 -0.00222433 -0.00131249 -0.000186717 -0.000996522 0.00407609 0.00086766 -0.00373433 0.00843667 0.0117044
internal_weight=1122.02 775.846 741.778 346.176 34.0682 729.216 652.953 577.517 546.952 136.676 110.815 68.4357 42.379 30.565
internal_count=9834 7554 7236 2280 318 7130 6077 5032 4770 1169 949 589 360 262
is_linear=0
shrinkage=0.025


Tree=143
num_leaves=15
num_cat=0
split_feature=37 29 11 19 23 5 10 5 29 41 19 55 51 56
split_gain=67.9944 25.743 20.241 15.1796 13.2587 9.56519 8.98542 8.97314 8.29465 8.12075 7.60706 7.46548 7.44675 7.22628
threshold=-1.0000000180025095e-35 -0.049135504905939091 0.017215913645206003 0.00019650869795800004 0.014457767332001803 5.2885208323790431 2.2041676046745651 -5.2125823043413932 -0.0071682581867592498 115.50000000000001 -0.024849966364537148 -1.0000000180025095e-35 0.15523326572008117 -0.635783047729232
decision_type=2 2 2 2 2 2 2 2 2 2 2 2 2 2
left_child=1 7 4 8 -2 6 9 -1 -3 10 -4 -5 -12 -10
right_child=2 3 5 11 -6 -7 -8 -9 13 -11 12 -13 -14 -15
leaf_value=0.016263719790575597 0.00088363576507296789 0.0080965390146263867 0 -0.0048890067227569502 -0.0052543076687959671 -0.013683104402914932 0.0031304299815824057 0.0068387379444616635 -0.0026902533735564528 0.0042476487207585368 -0.0099932943643534396 0.0013921697137614618 -0.0022829814847986022 0.0046266837830169312
leaf_weight=85.786084488034248 684.02787020802498 223.368208527565 81.947386175394058 227.68561342358589 315.40113425254822 101.25605502724648 64.985535636544228 354.26857629418373 129.52930364012718 37.089256852865219 358.89288404583931 228.12883281707764 115.82456092536449 211.56352192163467
leaf_count=329 1913 676 236 650 944 436 218 1072 364 120 1257 645 376 598
internal_value=-0.000110314 0.00386224 -0.00342332 0.00163468 -0.00104501 -0.00649096 -0.00525303 0.00889433 0.00437088 -0.00623083 -0.00700509 -0.00171012 -0.0082076 0.00177713
internal_weight=3219.75 1460.33 1759.42 1020.28 999.429 759.996 658.74 440.055 564.461 593.754 556.665 455.814 474.717 341.093
internal_count=9834 4334 5500 2933 2857 2643 2207 1401 1638 1989 1869 1295 1633 962
is_linear=0
shrinkage=0.025


Tree=144
num_leaves=15
num_cat=0
split_feature=17 37 25 37 33 29 25 56 33 36 33 12 25 51
split_gain=64.5001 25.3432 19.5075 18.0658 14.1241 11.8538 10.8825 10.1888 9.86822 9.25463 8.46873 8.41092 7.75569 7.32176
threshold=0.017497518846694603 -11.499999999999998 0.017853700553829854 11.500000000000002 2.5000000000000004 -0.014812162198587348 -0.013816024400535599 0.26575443989599989 53.500000000000007 57.850000000000009 -4.4999999999999991 0.20827807511788368 0.033194507059910956 -0.34992378048780476
decision_type=2 2 2 2 2 2 2 2 2 2 2 2 2 2
left_child=1 -1 4 6 9 -6 13 8 -4 -3 11 -8 -9 -2
right_child=3 2 7 -5 5 -7 10 12 -10 -11 -12 -13 -14 -15
leaf_value=-0.0097940172509712528 0.0067203431442922918 0.00094467753711757166 0.0026478440419969969 0.010743346522971186 -0.0083320980826914175 -0.0014174439188661945 0.010094514997782238 0.0021959419395537567 -0.0073108849822306173 -0.0057499694662168878 0.0017460870739816779 -0.001885729289894683 0.016366620564470941 -0.0027738636189879387
leaf_weight=265.86374482512474 58.530085891485214 546.51762519776821 316.34185965359211 249.91327422857285 409.689258903265 266.73242583870888 227.25829489529133 56.227858707308769 71.605531468987465 162.41464202105999 255.58617660403252 37.779756367206573 48.189677327871323 238.18614992499352
leaf_count=982 163 1594 885 833 1360 788 706 157 203 491 753 124 136 659
internal_value=-0.000117915 -0.00262455 -0.00157284 0.00488212 -0.00309779 -0.00567255 0.00300514 0.00265559 0.000676449 -0.000583561 0.00517265 0.00829092 0.00941337 -0.00073785
internal_weight=3210.84 2143.58 1877.72 1067.25 1385.35 676.422 817.34 492.365 387.947 708.932 520.624 265.038 104.418 296.716
internal_count=9834 6596 5614 3238 4233 2148 2405 1381 1088 2085 1583 830 293 822
is_linear=0
shrinkage=0.025


Tree=145
num_leaves=15
num_cat=0
split_feature=26 38 24 6 24 46 6 10 52 46 12 36 10 32
split_gain=14.9702 9.43773 15.6617 11.2529 11.0391 10.9166 10.6508 15.1332 17.2867 9.22379 10.0394 11.2257 7.53881 14.3494
threshold=0.14831315580347512 385.00000000000006 0.16341201386145468 14.626881797246153 0.16659032199753182 135.50000000000003 10.328351792226099 2.1614723245241243 0.090230664857530521 51.500000000000007 0.070105252498854562 51.050000000000004 2.1175956912822902 1.0180434496610968
decision_type=2 2 2 2 2 2 2 2 2 2 2 2 2 2
left_child=9 3 -3 4 -2 -5 -6 8 -8 -1 -11 12 -12 -14
right_child=1 2 -4 5 6 -7 7 -9 -10 10 11 -13 13 -15
leaf_value=0.015838566801349173 -0.0077539653043597577 -0.0066920833186933501 0.019193498085841629 -0.013921505511998229 -0.0053777869151116434 0.0044647127770993458 -0.0045080008762466523 -0.0045312300052846458 0.021667429554055002 0.010785689194659137 0.0027073964330622323 -0.0016901315038016303 0 0.026331916626724058
leaf_weight=28.824566695839167 97.012598108500242 22.981165241450071 24.858616571873426 99.064816974103451 58.198035933077335 20.146232344210148 18.265116699039936 36.893082242459059 48.092946104705334 71.869149677455425 193.88046039640903 353.99337338656187 24.841884132474661 22.289168111979961
leaf_count=214 886 252 246 1106 502 208 182 386 446 410 1580 2950 260 206
internal_value=0.000680184 -0.00296348 0.00682893 -0.00434223 -0.00123428 -0.0105584 0.00264835 0.0074427 0.0143012 0.00294969 0.00224166 0.0010867 0.00521834 0.0138176
internal_weight=1121.21 425.513 47.8398 377.673 258.462 119.211 161.449 103.251 66.3581 695.699 666.874 595.005 241.012 47.1311
internal_count=9834 4214 498 3716 2402 1314 1516 1014 628 5620 5406 4996 2046 466
is_linear=0
shrinkage=0.025


Tree=146
num_leaves=15
num_cat=0
split_feature=17 37 37 23 29 19 51 51 35 20 50 48 30 30
split_gain=64.9214 25.3434 18.8501 16.6485 13.3244 11.7448 11.7261 9.85999 9.46099 7.89975 7.02578 6.95202 6.59635 6.39038
threshold=-0.017510133632581547 9.0000000000000018 -11.499999999999998 -0.027342890617896295 0.013958894902521002 0.0018123872380026503 0.15523326572008117 0.35553751803751804 0.90000000000000047 0.092390932057190553 55.500000000000007 18.500000000000004 1.5138740922832745 1.3725165600706988
decision_type=2 2 2 2 2 2 2 2 2 2 2 2 2 2
left_child=2 3 -1 -2 8 11 -6 -7 10 -3 13 12 -4 -5
right_child=1 9 5 4 6 7 -8 -9 -10 -11 -12 -13 -14 -15
leaf_value=0.010881358619831685 0.0042955927537687245 -0.00090600127520560161 0.0088732350503203262 -0.0099343907781847315 -0.006666291429122658 -0.0015892899308395964 0.0011008048018858107 0.0076275653540560156 0.0029736750237504494 -0.0097213238027058675 0.0028038232088920022 -0.0029173701107288847 -0.00063620511161231643 -0.0019649112903694348
leaf_weight=250.36126720905304 276.66870452463627 86.926275864243507 283.58544498682022 90.74033311009407 519.51697374880314 360.76227647066116 149.61022581160069 85.301495254039764 344.37729571759701 343.13589541614056 104.89755353331566 39.626365900039673 47.658933207392693 227.50312286615372
leaf_count=833 776 282 886 259 1648 1007 453 240 969 1248 302 121 150 660
internal_value=-0.000112522 -0.00262756 0.00490364 -0.00123805 -0.00233226 0.00298621 -0.00489728 0.000182853 -4.6474e-05 -0.00802788 -0.00256887 0.00624415 0.00744157 -0.0044331
internal_weight=3210.67 2143.38 1067.3 1713.31 1436.65 816.935 669.127 446.064 767.518 430.062 423.141 370.871 331.244 318.243
internal_count=9834 6597 3237 5067 4291 2404 2101 1247 2190 1530 1221 1157 1036 919
is_linear=0
shrinkage=0.025


Tree=147
num_leaves=15
num_cat=0
split_feature=37 5 11 33 23 25 10 37 25 30 26 33 25 33
split_gain=61.8086 21.5092 18.9945 13.1449 12.6511 11.2767 10.8932 10.4519 9.23203 8.02742 6.41999 6.17168 6.08089 6.30786
threshold=1.0000000180025095e-35 5.2885208323790431 -0.017215913645205996 -40.499999999999993 -0.014457767332001799 -0.024484826600485499 1.9712695449421387 11.500000000000002 0.033194507059910956 1.5169708817401297 0.088285704276868965 1.5000000000000002 0.025628518912386555 51.500000000000007
decision_type=2 2 2 2 2 2 2 2 2 2 2 2 2 2
left_child=2 3 8 5 -4 -2 -5 -8 9 10 11 -1 13 -6
right_child=1 -3 4 6 12 -7 7 -9 -10 -11 -12 -13 -14 -15
leaf_value=0.0034476543199744181 -0.0028974168574404558 0.014060450638232944 -0.0051046260000409578 -0.0049801124216884551 0.0012401414371497515 0.008347624179967204 0.00098197328473121205 0.0088233096823353962 0.0012692318530127995 0.00054263782217821679 -0.0093982682017975452 -0.0077476938361414659 0.0058975493384464369 -0.0049522334154764982
leaf_weight=52.616780087351799 60.364251405000687 111.31015372276306 314.28232955932617 147.50444301962852 434.69433495402336 335.69628202915192 672.51913803815842 124.18181574344635 83.051083952188492 67.633158072829247 491.84801116585732 57.8557218760252 119.84447926282883 128.79066720604897
leaf_count=163 172 425 944 418 1210 997 1939 383 248 241 1794 197 336 367
internal_value=-0.000119072 0.00368029 -0.00328517 0.00275057 -0.000983252 0.00655666 0.00110158 0.00228279 -0.00627527 -0.00725004 -0.00816349 -0.00228058 0.000899274 -0.000162325
internal_weight=3202.19 1451.58 1750.62 1340.27 997.612 396.061 944.205 796.701 753.005 669.954 602.321 110.473 683.329 563.485
internal_count=9834 4334 5500 3909 2857 1169 2740 2322 2643 2395 2154 360 1913 1577
is_linear=0
shrinkage=0.025


Tree=148
num_leaves=15
num_cat=0
split_feature=10 4 4 42 8 50 50 48 34 20 22 38 42 8
split_gain=14.6617 8.00571 19.5762 12.8267 8.14341 7.54022 9.1829 10.6605 9.35763 10.9929 18.913 12.4163 8.59484 6.65243
threshold=1.9626754775558803 23.038992358727231 22.860028938325204 280.50000000000006 145.74256752254226 8.5000000000000018 23.500000000000004 7.5000000000000009 170.50000000000003 0.14207362608270263 0.11824179508410117 377.00000000000006 29.500000000000004 149.00750051570614
decision_type=2 2 2 2 2 2 2 2 2 2 2 2 2 2
left_child=-1 2 -2 4 -4 -3 7 12 9 10 -8 -12 -7 -6
right_child=1 5 3 -5 13 6 8 -9 -10 -11 11 -13 -14 -15
leaf_value=0.0072586848231615516 -0.0016055133853750182 -0.0050608114535608713 0.032162311992157765 -0.003257951082663667 -0.0012808944985540304 0.0030096451259911459 -0.0032127226488530393 -0.0034280436739633768 -0.0076427479955185748 -0.0029270187864872004 0.030289614043957438 0.00015141017531054848 0.019494787046769088 0.018501150102158768
leaf_weight=174.08683090656996 134.23663021251559 267.89547365903854 18.989860635250807 15.839440293610094 16.315820701420311 52.145545814186335 39.145269647240639 46.852358292788267 116.45033100992441 150.74866814911366 22.067783299833536 15.040088120847939 35.08267131075263 15.605144113302229
leaf_count=1120 1018 2610 150 124 132 474 338 448 1178 1476 190 152 312 112
internal_value=0.000689055 -0.000524904 0.00380628 0.0143915 0.02013 -0.0017436 9.86995e-05 0.0055769 -0.00201753 0.000862929 0.0083822 0.0201365 0.0106084 0.00890864
internal_weight=1120.5 946.415 200.987 66.7503 50.9108 745.428 477.533 134.081 343.452 227.002 76.2531 37.1079 87.2282 31.921
internal_count=9834 8714 1536 518 394 7178 4568 1234 3334 2156 680 342 786 244
is_linear=0
shrinkage=0.025


Tree=149
num_leaves=15
num_cat=0
split_feature=37 29 13 19 25 23 5 21 29 33 55 56 30 40
split_gain=61.9365 24.0861 19.5292 14.2757 11.8349 10.0952 8.864 8.56511 7.69575 7.68515 7.19626 6.95046 6.93433 6.57437
threshold=-1.0000000180025095e-35 -0.049135504905939091 0.020471838273298102 0.00019650869795800004 0.032603960168680307 -0.0042729451118196484 -5.2125823043413932 -0.027017293613646097 -0.0071682581867592498 -51.499999999999993 -1.0000000180025095e-35 -0.635783047729232 1.5187402019036955 25.500000000000004
decision_type=2 2 2 2 2 2 2 2 2 2 2 2 2 2
left_child=1 6 4 8 7 -4 -1 -2 -3 -9 -5 -10 -7 -11
right_child=2 3 5 10 -6 12 -8 9 11 13 -12 -13 -14 -15
leaf_value=0.015976668841942644 0.0061715618069196074 0.007799040906574713 -0.003368686374691099 -0.0048374671181126766 -0.008345766525185979 -0.010637437144240505 0.0065484312631025974 -0.0055594039112186423 -0.0026888615819719189 -0.0022675952971461617 0.0013337112895953785 0.0044937000872248998 0.00059318034298998354 0.0028052730278195284
leaf_weight=83.907430469989777 114.5145206451416 221.72707670927048 365.4001346975565 227.15760824084282 117.6050333827734 317.0358592569828 351.86889582872391 174.90462045371532 129.33083295822144 308.55384829640388 227.72900724411011 211.02374577522278 33.220319017767906 318.09876284003258
leaf_count=329 321 676 1145 650 363 1253 1072 510 364 877 645 598 129 902
internal_value=-0.000114948 0.0036855 -0.00328681 0.0015315 -0.00104983 -0.00645346 0.00858117 -4.58207e-05 0.00419305 -0.000997816 -0.00171273 0.00169261 -0.00950853 0.000269716
internal_weight=3202.08 1452.74 1749.33 1016.97 1033.68 715.656 435.776 916.072 562.082 801.557 454.887 340.355 350.256 626.653
internal_count=9834 4334 5500 2933 2973 2527 1401 2610 1638 2289 1295 962 1382 1779
is_linear=0
shrinkage=0.025


Tree=150
num_leaves=15
num_cat=0
split_feature=11 37 19 15 21 35 51 29 30 24 17 31 42 50
split_gain=58.972 24.1095 15.7501 15.6187 13.2331 11.5263 11.403 8.09234 7.94586 7.82181 7.44549 7.23582 6.78943 6.44531
threshold=0.017448020673611755 -8.9999999999999982 -0.019617773762244346 0.077334167355879266 -0.012009141291143898 -3.4999999999999978 0.088374138010829759 0.023934095378112755 1.4956516099666046 0.081380907714909703 -0.030262430493062396 -0.076269351062534282 192.50000000000003 15.500000000000002
decision_type=2 2 2 2 2 2 2 2 2 2 2 2 2 2
left_child=1 9 7 4 -2 10 13 -3 11 -1 -4 -6 -13 -7
right_child=3 2 5 -5 8 6 -8 -9 -10 -11 -12 12 -14 -15
leaf_value=0.00066298904795472299 -0.00010694165954809395 -0.0090885552773260318 -0.0028297203541592418 0.014124919495080636 -0.0021768911603579069 -0.002145265075124512 -0.0053042500321579221 0.00051405111849640568 -0.00038082826258038142 -0.0089737311012985776 0.0047323439978503986 0.0093866905412098162 -0.00061972294739066805 0.0026241842637637677
leaf_weight=54.81938536465168 331.88463169336319 200.78913868963718 95.498205497860909 100.75973473489285 38.896353140473366 343.69887201488018 337.34919682145119 67.538281783461571 90.881796360015869 374.90764628350735 375.28962197899818 386.98473764955997 41.65015509724617 352.59695528447628
leaf_count=175 920 676 305 380 121 1003 1013 200 284 1368 1045 1210 127 1007
internal_value=-0.000120857 -0.00240674 -0.00109313 0.00492068 0.003778 -7.30589e-05 -0.00156507 -0.00661491 0.00611178 -0.0076934 0.00313224 0.00741744 0.00836079 0.000235776
internal_weight=3193.54 2202.49 1772.76 991.057 890.298 1504.43 1033.65 268.327 558.413 429.727 470.788 467.531 428.635 696.296
internal_count=9834 6792 5249 3042 2662 4373 3023 876 1742 1543 1350 1458 1337 2010
is_linear=0
shrinkage=0.025


Tree=151
num_leaves=15
num_cat=0
split_feature=22 44 2 46 6 38 22 38 2 46 3 22 2 34
split_gain=13.9714 11.6183 9.92706 8.55354 6.46806 9.53303 7.45359 12.8214 7.18645 6.59902 7.16585 7.32042 6.28889 8.33711
threshold=0.11469323640513356 32.500000000000007 0.051359879418640959 116.50000000000001 13.176660910109792 385.00000000000006 0.16465687508675395 388.50000000000006 0.050726605541079807 135.50000000000003 1.0152087946589063 0.15118615190538748 0.085491567263673421 60.500000000000007
decision_type=2 2 2 2 2 2 2 2 2 2 2 2 2 2
left_child=1 2 3 -1 8 9 7 -7 -2 10 -6 -12 13 -10
right_child=4 -3 -4 -5 5 6 -8 -9 12 -11 11 -13 -14 -15
leaf_value=0.0080759602096711312 -0.00968847232720128 -0.00126206271043898 0.016981516741849452 -0.0016532353412760147 -0.01065281827675435 0.011807436075259151 0.012997928906125313 -0.010514488560985677 -0.0059875841361855713 0.0021133574519136278 0.01363470429221382 -0.0057633133131599137 -0.0025294911821236768 0.0067273623885659153
leaf_weight=151.46795592084527 31.160282496362925 149.09161288663745 50.088997449725866 80.201145477592945 161.61339989677072 20.653425473719835 26.023944582790136 36.999272108078003 32.936938371509314 40.380731869488955 12.826457131654022 32.970812022686005 113.93609543517232 179.38796938955784
leaf_count=1064 248 1164 378 554 1774 218 262 384 294 410 130 344 1040 1570
internal_value=0.000698538 0.00421887 0.00717771 0.00463842 -0.00148168 -0.00398323 0.00298328 -0.00181476 0.000792195 -0.00644712 -0.00824197 0 0.00199977 0.00454754
internal_weight=1119.74 430.85 281.758 231.669 688.889 331.468 83.6766 57.6527 357.421 247.791 207.411 45.7973 326.261 212.325
internal_count=9834 3160 1996 1618 6674 3522 864 602 3152 2658 2248 474 2904 1864
is_linear=0
shrinkage=0.025


Tree=152
num_leaves=15
num_cat=0
split_feature=17 37 25 37 35 17 23 56 24 9 49 29 35 56
split_gain=59.163 23.1326 18.1642 17.6575 15.3932 10.7046 10.4696 10.3427 8.03703 7.18442 7.08016 11.7425 7.43408 6.54744
threshold=-0.017510133632581547 9.0000000000000018 -0.032747413441174496 -11.499999999999998 2.0499999999999994 0.037317757961153608 0.0019904468962754006 0.074064758809413808 0.081380907714909703 -0.033131121867565345 4.5000000000000009 0.011170705344131502 -3.7000000000000006 0.3044153236039282
decision_type=2 2 2 2 2 2 2 2 2 2 2 2 2 2
left_child=3 2 7 -1 10 -6 13 9 -3 -2 11 -4 -12 -5
right_child=1 8 4 6 5 -7 -8 -9 -10 -11 12 -13 -14 -15
leaf_value=0.01051644594786221 -0.0026282669694098668 0.00089070144745636627 -0.0015949816555264175 0.0037962535030476446 0.0025585090884005643 -0.007130877757982804 0.00022584734098078779 0.01428484028617205 -0.0090121762557307927 0.0087965583415764003 -0.0050186531492085297 -0.0087193633224780971 0.0022059665701662161 0.011870401670636188
leaf_weight=247.08206187188625 82.525564104318619 53.080450773239136 268.68811166286469 273.11016273498535 482.74343380331993 77.720378145575523 451.89490514993668 58.632777631282806 371.59454165399075 50.203485161066055 158.69045475125313 343.27851761877537 185.67326655983925 88.487585574388504
leaf_count=833 232 171 779 854 1365 272 1270 166 1359 140 473 1101 539 280
internal_value=-0.000116966 -0.00252303 -0.00119756 0.00468734 -0.00212982 0.00111948 0.00283289 0.0059306 -0.00772026 0.00167401 -0.00405603 -0.00567015 -0.00107592 0.00597525
internal_weight=3193.41 2132.83 1708.16 1060.57 1516.79 560.464 813.493 191.362 424.675 132.729 956.33 611.967 344.364 361.598
internal_count=9834 6597 5067 3237 4529 1637 2404 538 1530 372 2892 1880 1012 1134
is_linear=0
shrinkage=0.025


Tree=153
num_leaves=15
num_cat=0
split_feature=37 29 13 21 23 23 5 29 30 10 21 35 56 43
split_gain=56.0772 23.2079 18.7497 12.1601 11.1161 9.73388 8.83578 7.58107 6.68027 6.57982 6.53455 6.39496 6.21659 6.69004
threshold=1.0000000180025095e-35 0.048509440405866001 -0.020472393154076646 -0.0029305651374119997 -0.014457767332001799 0.0043630037724225511 5.2885208323790431 -0.0091843566721093988 1.5187402019036955 1.947964168156856 0.026989698541871155 5.9500000000000002 0.3743093953477144 5.5000000000000009
decision_type=2 2 2 2 2 2 2 2 2 2 2 2 2 2
left_child=2 3 5 -2 12 8 9 -5 -1 -3 11 -6 13 -4
right_child=1 6 4 7 10 -7 -8 -9 -10 -11 -12 -13 -14 -15
leaf_value=-0.010397179459753608 -0.00192407464668443 -0.0020264909357769019 -0.004708900828078004 0.00032182342516185402 0.00078072085729509824 -0.0032265423067227767 0.015751672563437437 0.0060769948593894698 0.0006179887920631646 0.007595232768195361 0.0061147919018061155 -0.0063856179904160388 -0.011565368501528742 0.0053181918589007881
leaf_weight=314.10775953531265 405.51425576210022 44.990869879722595 212.36702911555767 262.66228160262108 508.16792541742325 362.44935990869999 82.092266485095024 338.40800327062607 33.210462093353271 310.89084070920944 114.31928119063377 86.367005974054337 64.63183656334877 44.896292418241501
leaf_count=1258 1157 128 643 741 1424 1139 326 1015 130 967 321 250 203 132
internal_value=-0.000123359 0.00350312 -0.00314892 0.00136733 -0.000957472 -0.00626749 0.00828448 0.00362669 -0.00927913 0.00629835 0.000766009 -0.000263194 -0.00478294 -0.00279567
internal_weight=3185.08 1444.56 1740.52 1006.58 1030.75 709.768 437.974 601.07 347.318 355.882 708.854 594.535 321.895 257.263
internal_count=9834 4334 5500 2913 2973 2527 1421 1756 1388 1095 1995 1674 978 775
is_linear=0
shrinkage=0.025


Tree=154
num_leaves=15
num_cat=0
split_feature=10 26 24 26 24 42 30 14 6 34 34 28 44 36
split_gain=13.8214 7.1528 9.14613 11.9879 7.90586 7.54659 7.63055 8.89392 15.2333 7.44141 6.91604 10.4382 11.6601 7.73773
threshold=1.9626754775558803 0.14831315580347512 0.16659032199753182 0.17183948783012357 0.14637968827237954 34.000000000000007 1.4711739891290359 0.12218004199419726 11.771476071668307 79.500000000000014 123.50000000000001 12.990966245451153 34.500000000000007 51.050000000000004
decision_type=2 2 2 2 2 2 2 2 2 2 2 2 2 2
left_child=-1 4 -3 9 10 -5 7 -7 -9 -4 13 -12 -13 -2
right_child=1 2 3 5 -6 6 -8 8 -10 -11 11 12 -14 -15
leaf_value=0.0070566332639558863 0.0027697760329186503 -0.0074784213950421542 0.021495038643346887 -0.0066725098091533477 0.013949947189767149 -0.0046013495096113993 -0.0077249987480554304 0.02898349396445964 0.00021232578184640297 0.001258843671675231 0 0.015080526651516744 -0.0051155071764483057 -0.0062082926722713426
leaf_weight=175.29594523459673 95.513525225222111 161.59104449301958 18.069724358618259 119.09563091024756 24.970300931483507 21.860055536031723 25.542335398495197 16.519182674586773 28.746344950050116 29.442627876996994 180.08728963509202 66.677399888634682 18.83867808803916 136.9537160359323
leaf_count=1120 862 1624 166 1200 232 196 258 152 310 302 1538 508 156 1210
internal_value=0.000704556 -0.000479728 -0.00290769 0 0.00143563 -0.00256821 0.00252216 0.0070332 0.013048 0.0107449 0.000626132 0.00339197 0.0103185 -0.00243356
internal_weight=1119.2 943.908 420.867 259.276 523.041 211.764 92.6679 67.1256 45.2655 47.5124 498.071 265.603 85.5161 232.467
internal_count=9834 8714 4208 2584 4506 2116 916 658 462 468 4274 2202 664 2072
is_linear=0
shrinkage=0.025


Tree=155
num_leaves=15
num_cat=0
split_feature=11 37 5 23 33 34 33 19 10 57 33 35 37 51
split_gain=56.418 22.9611 16.3137 15.8493 13.9955 12.1543 10.7215 10.817 9.46707 8.92215 7.42337 7.37856 7.36213 7.77613
threshold=-0.017448020673611748 9.0000000000000018 -5.2125823043413932 0.016653894374945553 -3.4999999999999996 19.500000000000004 -122.49999999999999 -0.015845139330644294 2.2041676046745651 -0.48408614090624263 90.500000000000014 3.4999999999999987 -11.499999999999998 0.40357256778309408
decision_type=2 2 2 2 2 2 2 2 2 2 2 2 2 2
left_child=2 3 -1 4 11 -4 -7 -8 12 -6 -3 -2 -9 -14
right_child=1 10 5 -5 9 6 7 8 -10 -11 -12 -13 13 -15
leaf_value=0.013286747719090995 -0.0042483738311369099 -0.008577893898637258 -0.0094000589772842615 -0.0057082612161572762 -0.0013776679149506896 -0.0066368135352376598 0.010869803653170002 0.010378733599263197 -0.0055859093343571869 0.0043426657329383453 0.0022163496132437907 0.0014247302090976556 0.0011933869494299967 0.0093250554626068908
leaf_weight=121.98859038949013 461.54609875380993 388.41659972071648 37.526102662086487 361.45247054100037 244.16252149641514 47.488215327262878 153.07582461833954 103.44060133397579 59.906208887696266 506.80316187441349 38.315779954195023 195.73776657879353 374.55532214045525 90.484441876411438
leaf_count=468 1382 1410 109 1172 701 136 502 318 174 1427 133 567 1069 266
internal_value=-0.000117101 -0.00235629 0.00482018 -0.00107542 0.000111984 0.00353012 0.00419829 0.00492652 0.00336488 0.00245292 -0.00753634 -0.00252319 0.00439218 0.00291115
internal_weight=3184.9 2196.43 988.465 1769.7 1408.25 866.477 828.951 781.462 628.387 750.966 426.732 657.284 568.48 465.04
internal_count=9834 6792 3042 5249 4077 2574 2465 2329 1827 2128 1543 1949 1653 1335
is_linear=0
shrinkage=0.025


Tree=156
num_leaves=15
num_cat=0
split_feature=17 37 19 21 33 17 35 33 37 48 29 16 35 48
split_gain=53.7986 21.5592 16.623 16.4959 15.5907 9.98851 9.85569 8.77579 7.28782 7.79424 6.84348 6.7787 7.25218 6.44809
threshold=0.017497518846694603 -11.499999999999998 -0.020005474037913248 -0.0038159083426214497 37.500000000000007 0.074916366975457269 0.79999999999999905 -37.499999999999993 10.500000000000002 18.500000000000004 0.023934095378112755 0.21321936102515052 -5.299999999999998 17.500000000000004
decision_type=2 2 2 2 2 2 2 2 2 2 2 2 2 2
left_child=1 -1 10 5 6 7 -4 -2 9 -5 -3 12 -6 -8
right_child=3 2 4 8 11 -7 13 -9 -10 -11 -12 -13 -14 -15
leaf_value=-0.0091481699439045494 0.005058569890894607 -0.009146977705875324 0.0028180465582925405 0.0067480806879132039 0.0006946762388137976 0.011268371581500729 -0.0031991352405758098 -0.0022173025352337119 0.012158676687614636 -0.0037806293096260147 0 0.0046708963203161979 -0.0073828554041864645 0.0049945566883645882
leaf_weight=257.87795941531658 145.6754112392664 214.14551816880703 728.00450906157494 328.92511872947216 81.855372786521912 50.534221440553665 373.00193098187447 326.38450390100479 158.60459168255329 44.123844414949417 64.725707948207855 38.380524560809135 299.52302211523056 64.74233877658844
leaf_count=982 414 748 2106 1031 245 180 1092 907 572 134 194 123 920 186
internal_value=-0.000125119 -0.00242477 -0.00145945 0.0044702 -0.000443628 0.00123808 0.00102899 5.07776e-06 0.00755953 0.0054031 -0.00703725 -0.0045562 -0.00559791 -0.0018881
internal_weight=3176.5 2122.26 1864.38 1054.25 1585.51 522.594 1165.75 472.06 531.654 373.049 278.871 419.759 381.378 437.744
internal_count=9834 6596 5614 3238 4672 1501 3384 1321 1737 1165 942 1288 1165 1278
is_linear=0
shrinkage=0.025


Tree=157
num_leaves=15
num_cat=0
split_feature=26 38 24 6 46 24 6 10 52 46 12 36 22 10
split_gain=13.2715 9.03364 14.8173 10.8666 10.7524 10.5875 10.3557 14.3476 16.421 8.62272 9.09946 10.5774 7.43186 11.314
threshold=0.14831315580347512 385.00000000000006 0.16341201386145468 14.626881797246153 135.50000000000003 0.16659032199753182 10.328351792226099 2.1614723245241243 0.090230664857530521 51.500000000000007 0.070105252498854562 51.050000000000004 0.065672441732451958 2.1175956912822902
decision_type=2 2 2 2 2 2 2 2 2 2 2 2 2 2
left_child=9 3 -3 5 -5 -2 -7 8 -8 -1 -11 12 -12 -14
right_child=1 2 -4 4 -6 6 7 -9 -10 10 11 -13 13 -15
leaf_value=0.015185658544926798 -0.0075386554329610559 -0.0065128977879249433 0.018673588502191651 -0.013758087403786035 0.0045592543881424509 -0.0052473673153820618 -0.0044054527608210423 -0.0043482325888304215 0.021106772951750837 0.010205743854889879 0.0179112053823338 -0.0016663513953352465 9.0018142561992245e-05 0.013472095265595141
leaf_weight=29.41998352855444 95.21366911008954 22.576767418533564 25.248724058270454 95.874763928353786 20.043345209211111 57.632801007479429 18.101000335067511 36.369069404900074 48.805165845900774 73.183163926005363 21.249620832502842 353.31974916532636 173.83680535852909 47.652467485517263
leaf_count=214 886 252 246 1106 208 502 182 386 446 410 138 2950 1442 466
internal_value=0.000712551 -0.0027504 0.00681958 -0.00412104 -0.0103265 -0.00107281 0.00271442 0.00742553 0.0140305 0.00283392 0.00214527 0.00103736 0.00502787 0.00331335
internal_weight=1118.53 419.865 47.8255 372.04 115.918 256.122 160.908 103.275 66.9062 698.662 669.242 596.059 242.739 221.489
internal_count=9834 4214 498 3716 1314 2402 1516 1014 628 5620 5406 4996 2046 1908
is_linear=0
shrinkage=0.025


Tree=158
num_leaves=15
num_cat=0
split_feature=13 5 23 37 42 33 33 23 20 51 43 56 6 27
split_gain=53.7651 22.6444 18.615 15.5102 11.7203 11.2558 10.8105 10.2995 8.33277 8.2305 6.82604 6.52871 6.49578 6.48708
threshold=0.0019391024951540502 -5.2125823043413932 -0.014457767332001799 11.500000000000002 192.50000000000003 -37.499999999999993 28.500000000000004 0.033299894055595601 0.092390932057190553 -0.12473328591749638 -9.4999999999999982 -0.40499847251666504 16.170658004452662 0.048648263310650162
decision_type=2 2 2 2 2 2 2 2 2 2 2 2 2 2
left_child=1 13 4 5 9 -2 -4 10 -5 11 -7 -3 -8 -1
right_child=3 2 6 8 -6 7 12 -9 -10 -11 -12 -13 -14 -15
leaf_value=0.0040637821580615406 -0.0063162364656208633 -0.0043669411173957616 -0.0012745519939608167 0 -0.004657883770556006 0.0074301845786506884 0.0050448513562305029 -0.010254722505640567 -0.011776551241675605 0.010677567033222079 -0.00082563574597194255 0.0073320945540565514 -0.0031242028927751801 0.017463738248949534
leaf_weight=44.153318747878075 338.81407265365124 47.480076223611832 780.37832595407963 47.918923735618591 44.735978379845619 63.118682786822319 351.80358707904816 63.347642377018929 189.56262184679508 249.02469265460968 752.6365430355072 60.880104422569275 65.82333779335022 76.607985690236092
leaf_count=166 1112 138 2222 164 133 187 1008 228 760 772 2269 180 193 302
internal_value=-0.000118664 0.0028607 0.00203243 -0.00365636 0.00665543 -0.00246697 0.000438692 -0.000927815 -0.0094764 0.0081853 -0.000115013 0.00201889 0.00367642 0.0131195
internal_weight=3176.29 1720.89 1600.13 1455.4 402.121 1217.92 1198.01 879.103 237.482 357.385 815.755 108.36 417.627 120.761
internal_count=9834 5114 4646 4720 1223 3796 3423 2684 924 1090 2456 318 1201 468
is_linear=0
shrinkage=0.025


Tree=159
num_leaves=15
num_cat=0
split_feature=11 25 33 15 21 19 11 33 4 13 14 40 57 13
split_gain=51.2364 19.6359 15.4659 14.7353 12.0838 11.1553 9.82429 8.01879 7.82867 7.46609 7.20217 6.99793 6.87846 7.69867
threshold=0.017448020673611755 0.017853700553829854 -2.4999999999999996 0.077334167355879266 -0.012009141291143898 -0.032584009830151792 -0.031986647576853246 -19.499999999999996 23.446176873175105 -0.025441902921867644 0.20744496251409619 48.000000000000007 0.52184516210361898 -0.045273369921600991
decision_type=2 2 2 2 2 2 2 2 2 2 2 2 2 2
left_child=1 2 5 4 -2 -1 -3 -6 -8 10 -4 -9 13 -7
right_child=3 6 9 -5 7 12 8 11 -10 -11 -12 -13 -14 -15
leaf_value=-0.010413384572550605 -0.00021393186376292739 -0.0037834747034096172 -0.010747543691002164 0.013667365424930406 0.0093603312168672771 -0.0074729788588201521 0.0015071083967472417 0.0045132585447842629 0.0093671573738472996 -0.0040958619110386171 0 -0.0057151463334639404 -0.0032983441372745172 0.0029769073861148775
leaf_weight=66.514754548668861 331.14897501468658 141.2871618270874 257.45028242468834 97.859531983733177 227.30870527029037 43.569582343101501 309.4031637609005 282.72927756607533 108.1662406027317 562.89076466858387 44.242274731397629 42.531510308384895 252.78190177679062 400.54636013507843
leaf_count=230 920 447 1008 380 749 168 859 862 301 1694 178 131 778 1129
internal_value=-0.000125927 -0.00226291 -0.00365302 0.00459704 0.00349326 -0.00100942 0.00173876 0.00574177 0.00368906 -0.00593931 -0.0091744 0.00303381 -8.46125e-06 0.00182428
internal_weight=3168.43 2186.85 1628 981.578 883.718 763.413 558.857 552.569 417.569 864.583 301.693 325.261 696.898 444.116
internal_count=9834 6792 5185 3042 2662 2305 1607 1742 1160 2880 1186 993 2075 1297
is_linear=0
shrinkage=0.025


Tree=160
num_leaves=15
num_cat=0
split_feature=10 12 32 32 11 11 44 14 32 12 28 16 14 8
split_gain=12.9415 7.96634 5.92643 7.08911 5.91791 6.89943 5.28629 6.62057 7.30832 8.09726 9.18104 6.29915 4.82627 8.22863
threshold=1.9626754775558803 0.067174253862086863 1.0099907044905592 1.0763819351742139 0.045154815290924209 -0.045332303327532845 10.500000000000002 0.083194250387559773 0.96024888415390397 0.097889620631630564 12.956049892924751 0.1297049838439828 0.11464744903734027 146.06399331834524
decision_type=2 2 2 2 2 2 2 2 2 2 2 2 2 2
left_child=2 -2 -1 -4 5 -3 11 -8 -9 10 -10 -7 13 -11
right_child=1 4 3 -5 -6 6 7 8 9 12 -12 -13 -14 -15
leaf_value=0 0.012001099441982667 -0.0074723854165017201 0.013023520266629672 -0.00066416939108980251 -0.0075593466753886666 0.017513856753392006 -0.0072826293737746463 -0.0060327080396361324 0 0.0075144083790290835 0.021438553252225143 0 0.0018109790227582431 -0.0088751432987618627
leaf_weight=57.558572292327881 25.909925863146782 70.517944436520338 92.954362891614437 26.093587569892406 71.185406997799873 19.055556669831276 67.754208043217659 82.254996255040169 26.077396973967552 20.471215657889843 21.563242189586163 29.701778642833233 441.66294580325484 65.134573858231306
leaf_count=390 144 1037 558 172 1046 148 516 719 190 146 150 264 3822 532
internal_value=0.000719628 -0.000432086 0.00683866 0.009916 -0.000874457 -0.000240133 0.000430705 -9.55685e-05 0.000657065 0.00170107 0.011087 0.00800145 0.000709874 -0.00448154
internal_weight=1117.9 941.289 176.607 119.048 915.379 844.194 773.676 724.919 657.164 574.909 47.6406 48.7573 527.269 85.6058
internal_count=9834 8714 1120 730 8570 7524 6487 6075 5559 4840 340 412 4500 678
is_linear=0
shrinkage=0.025


Tree=161
num_leaves=15
num_cat=0
split_feature=37 29 13 25 25 21 21 33 8 37 43 21 56 9
split_gain=51.6138 21.9936 16.4613 11.0083 10.9793 9.12709 7.48319 6.83826 6.6991 7.41522 6.91983 6.28579 5.90931 5.76754
threshold=-1.0000000180025095e-35 -0.057899995096975944 0.020471838273298102 -0.040864698014895347 0.032603960168680307 -0.0083819251505990993 -0.027017293613646097 -51.499999999999993 230.50507901638144 -11.499999999999998 2.5000000000000004 0.0061911079690230011 0.56965539518994779 -0.014315227235393498
decision_type=2 2 2 2 2 2 2 2 2 2 2 2 2 2
left_child=1 11 4 -3 6 12 -2 -8 9 10 -5 -1 13 -4
right_child=2 3 5 8 -6 -7 7 -9 -10 -11 -12 -13 -14 -15
leaf_value=0.011984222590623607 0.0058161900170750737 0.010291930870733015 -0.0062290560770936467 0.0091981930003733111 -0.0080443604445546348 -0.0085750260035374112 -0.0052281393454837143 0.00028700899387064594 0.0077656090618916547 -0.00076255164856462278 -0.0012476214471652711 0.0046718612060304291 0.0055831135700617424 0.0015255516343441954
leaf_weight=187.90260909497738 113.7593104839325 79.142221391201019 200.19979101419449 94.757680684328079 116.41007043421268 385.39135229587555 173.60183280706406 624.73098416626453 75.18395908176899 784.34594728052616 57.675313144922256 159.30441056191921 40.245420396327972 75.7447439879179
leaf_count=670 321 241 630 294 363 1541 510 1779 224 2248 176 481 126 230
internal_value=-0.000120832 0.00336416 -0.00303385 0.0015748 -0.000981088 -0.00597953 -1.34012e-05 -0.000906246 0.000821225 0.000199068 0.00517296 0.00881412 -0.00265391 -0.00402222
internal_weight=3168.4 1438.31 1730.08 1091.11 1028.5 701.581 912.092 798.333 1011.96 936.779 152.433 347.207 316.19 275.945
internal_count=9834 4334 5500 3183 2973 2527 2610 2289 2942 2718 470 1151 986 860
is_linear=0
shrinkage=0.025


Tree=162
num_leaves=15
num_cat=0
split_feature=13 19 11 5 33 19 33 51 23 43 30 9 25 29
split_gain=48.6303 21.2973 15.9473 14.3903 12.5905 11.14 8.64033 8.43155 8.10405 8.00753 8.08574 7.61856 7.48388 7.15482
threshold=-0.00056455541425719984 0.014679669269007252 0.033792524443328704 -5.2125823043413932 34.500000000000007 -0.020401578078627997 -4.4999999999999991 0.11952380952380946 -0.018423590105424947 8.5000000000000018 1.496732807696765 0.014021208996434852 0.032603960168680307 -0.013240665849478099
decision_type=2 2 2 2 2 2 2 2 2 2 2 2 2 2
left_child=3 2 6 -1 5 -5 8 -3 -2 10 -7 -9 13 -6
right_child=1 7 -4 4 12 9 -8 11 -10 -11 -12 -13 -14 -15
leaf_value=-0.012340375115686142 -0.0033211641310779728 0.010345133636311812 0.0053841443861815576 -0.0075034791147730335 -0.0094902925972883273 -0.0020453957662639327 -0.0030458585597803668 0.0077886690749998377 0.0040068653280253049 0.0072038182312167357 0.0046260173444694951 -0.0043624666041875348 0.002565388674248964 -0.0012084592259811108
leaf_weight=101.81868736445904 126.21537435054779 268.50625444948673 391.57704570889473 138.93707419931889 278.56949032843113 612.8750811368227 453.23968747258186 62.262810796499252 313.34312924742699 82.164199948310852 132.84734202921391 54.982379749417305 46.365017026662827 96.177760630846024
leaf_count=468 351 876 1259 502 962 1831 1274 193 876 244 400 166 131 301
internal_value=-0.000128639 0.00278841 0.00120544 -0.00341398 -0.00269925 -0.00108377 -0.000619252 0.00791213 0.00183276 2.16137e-06 -0.000800715 0.0019405 -0.00629331 -0.00747452
internal_weight=3159.88 1670.13 1284.38 1489.75 1387.94 966.824 892.798 385.751 439.559 827.887 745.722 117.245 421.112 374.747
internal_count=9834 4995 3760 4839 4371 2977 2501 1235 1227 2475 2231 359 1394 1263
is_linear=0
shrinkage=0.025


Tree=163
num_leaves=15
num_cat=0
split_feature=26 38 24 6 46 24 56 46 12 36 6 10 52 16
split_gain=12.639 8.83553 14.3132 10.6455 10.6028 10.3094 10.6665 8.17488 8.41121 10.2213 7.67727 10.3606 15.1826 7.4862
threshold=0.14831315580347512 385.00000000000006 0.16341201386145468 14.626881797246153 135.50000000000003 0.16659032199753182 0.59272555899550927 51.500000000000007 0.070105252498854562 51.050000000000004 10.432700508092344 2.1576850455494263 0.090230664857530521 0.078471344764597703
decision_type=2 2 2 2 2 2 2 2 2 2 2 2 2 2
left_child=7 3 -3 5 -5 -2 10 -1 -9 -10 -7 12 -12 -11
right_child=1 2 -4 4 -6 6 -8 8 9 13 11 -13 -14 -15
leaf_value=0.014749888133720628 -0.0074372667121399647 -0.006413784617746829 0.018336763812034078 -0.013677927768185202 0.0045220894596965967 -0.0077751260829313079 0.015875040697963815 0.0098203943126385536 0.0049570059632971725 -0.011912722839879847 -0.0074444253505747786 -0.0058411779903202662 0.018908653132479053 -0.00026217034292022964
leaf_weight=29.827644228935242 94.376657135784626 22.355947084724903 25.507591269910336 94.335041802376509 20.078252714127302 49.03483958914876 26.26431243494153 74.077519625425339 243.35594763979316 34.433766260743141 15.310651306062935 33.159538816660643 37.155476659536362 317.92425809800625
leaf_count=214 886 252 246 1106 208 432 246 410 2046 246 154 348 336 2704
internal_value=0.000726901 -0.00266513 0.00679023 -0.00403022 -0.0102191 -0.00101763 0.00270725 0.00279151 0.00211658 0.00104322 -0.0001584 0.00411589 0.0108047 -0.00162141
internal_weight=1117.2 417.578 47.8635 369.715 114.413 255.301 160.925 699.619 669.791 595.714 134.661 85.6257 52.4661 352.358
internal_count=9834 4214 498 3716 1314 2402 1516 5620 5406 4996 1270 838 490 2950
is_linear=0
shrinkage=0.025


Tree=164
num_leaves=15
num_cat=0
split_feature=11 37 25 5 29 41 51 51 35 25 24 27 35 53
split_gain=49.2364 20.3121 15.8377 15.3573 13.5938 11.9013 10.2084 10.1972 9.87236 8.53543 7.75395 6.48062 6.4372 5.94514
threshold=-0.017448020673611748 9.0000000000000018 -0.032747413441174496 -5.2125823043413932 0.013958894902521002 -129.49999999999997 0.40357256778309408 0.15523326572008117 1.7000000000000013 0.013811022464139702 0.081380907714909703 0.048648263310650162 5.8500000000000005 0.11144276004549945
decision_type=2 2 2 2 2 2 2 2 2 2 2 2 2 2
left_child=3 2 13 11 8 -5 9 12 -4 -7 -3 -1 -6 -2
right_child=1 10 4 5 7 6 -8 -9 -10 -11 -12 -13 -14 -15
leaf_value=0.0038029045313636533 0.0011870279909977828 0.001218857671040089 -0.0018762255045123221 -0.0084684952675699188 -0.0072293013793006582 0.0046439450825320394 0.0099342674550471945 0.00094061752274348298 0.0036359646432903405 -0.0011848632645745235 -0.008441198771966571 0.017230943502437115 -5.47272008383184e-06 0.010127836359835385
leaf_weight=43.6644147336483 108.17049154639244 53.922610759735107 510.6361795514822 45.052208095788956 458.24034535884857 437.45656073093414 146.3453443646431 164.63148583471775 328.81041097640991 231.64638689160347 365.41895017027855 74.995234027504921 100.84272807836533 90.107038795948029
leaf_count=166 306 175 1476 131 1477 1350 453 499 928 640 1368 302 307 256
internal_value=-0.000121203 -0.00221937 -0.00101678 0.00451395 -0.00187714 0.00326862 0.0039952 -0.00437747 0.000262033 0.00259508 -0.00714038 0.0128454 -0.00598225 0.00552233
internal_weight=3159.94 2180.78 1761.44 979.16 1563.16 860.501 815.448 723.715 839.447 669.103 419.342 118.66 559.083 198.278
internal_count=9834 6792 5249 3042 4687 2574 2443 2283 2404 1990 1543 468 1784 562
is_linear=0
shrinkage=0.025


Tree=165
num_leaves=15
num_cat=0
split_feature=37 29 13 19 25 23 5 21 55 33 56 30 51 54
split_gain=47.2379 20.8188 15.7331 11.5532 10.8508 8.92116 8.51904 7.28525 7.01683 6.58468 11.4953 6.42796 6.39942 7.1357
threshold=1.0000000180025095e-35 0.048509440405866001 -0.020472393154076646 -0.00018323925612719996 -0.032747413441174496 0.0043630037724225511 5.2885208323790431 0.026989698541871155 0.17415334713410766 -4.4999999999999991 -0.58336336283197199 1.5187402019036955 -0.11085447540794899 -0.47073046143305947
decision_type=2 2 2 2 2 2 2 2 2 2 2 2 2 2
left_child=2 3 5 8 -4 11 -3 12 -2 -5 -11 -1 -6 -14
right_child=1 6 4 9 7 -7 -8 -9 -10 10 -12 -13 13 -15
leaf_value=-0.0098758191297844636 0.00091437730166867319 0.0058522863399359526 -0.0080085379388232774 0.0063837273182740187 0.0025416308432207116 -0.0029042931950051835 0.015260698377258339 0.0057928610560182593 -0.0052703706074497814 -0.00557979614446448 0.0046806005556793177 0.00098046474685129035 0.0028983280185578969 -0.0037890073779693009
leaf_weight=304.79826389253139 254.32725159823895 351.37132075428963 114.22756692767143 269.86375711858273 234.49485692381859 358.71452969312668 78.840360909700394 113.67763170599937 194.50299197435379 102.81948424875736 178.23251691460609 32.706534013152122 119.99904370307922 443.0942081362009
leaf_count=1258 725 1095 359 803 661 1139 326 321 562 297 526 130 346 1286
internal_value=-0.000130412 0.00321361 -0.00292351 0.0011907 -0.000916252 -0.00581683 0.00778943 0 -0.00173927 0.00361688 0.000807642 -0.00875182 -0.000843317 -0.00230692
internal_weight=3151.67 1429.96 1721.71 999.746 1025.49 696.219 430.212 911.266 448.83 550.916 281.052 337.505 797.588 563.093
internal_count=9834 4334 5500 2913 2973 2527 1421 2614 1287 1626 823 1388 2293 1632
is_linear=0
shrinkage=0.025


Tree=166
num_leaves=15
num_cat=0
split_feature=6 46 30 10 32 11 11 14 54 3 6 54 56 26
split_gain=12.2882 6.91736 7.63654 7.19692 5.61179 5.50832 6.82181 7.84325 7.08951 9.58998 8.93935 12.4603 9.85248 8.66593
threshold=8.4047707431405421 150.50000000000003 1.4693809600323957 1.9387324394449632 0.94350813417772594 0.045154815290924209 -0.045332303327532845 0.1180732427013786 -0.39370580113841042 1.0152087946589063 11.844606709671494 -0.28026594028257096 -0.52938170592511946 0.17289299777516243
decision_type=2 2 2 2 2 2 2 2 2 2 2 2 2 2
left_child=4 3 -3 -2 -1 6 -5 -8 9 -9 13 12 -12 -10
right_child=1 2 -4 5 -6 -7 7 8 10 -11 11 -13 -14 -15
leaf_value=-0.0033765765126150234 0.012505755012064662 -0.00079787918985946185 0.020006163564532879 -0.0086961092944137595 0.0057105646811034987 -0.0087808438661904596 -0.0069624054098754058 -0.008570734345353553 0.0035076582655371143 0.0071693788714607895 -0.00029507814032146538 -0.0023291453808166498 0.024297602674467563 0.019056213478090632
leaf_weight=41.999194249510765 16.510464005172253 18.995508011430502 15.018932919949291 64.511870212852955 314.57390657812357 65.193455446511507 89.72364865988493 85.511736650019884 94.091519318521023 27.096777737140656 15.417138714343311 222.72293436154723 16.52708975225687 28.84092853218317
leaf_count=304 128 182 134 990 2016 999 788 789 769 233 137 1987 144 234
internal_value=0.000730761 -0.001041 0.00913396 -0.00161101 0.0045392 -0.00205964 -0.00127884 -0.000343717 0.000875295 -0.00442687 0.00255905 -5.14805e-05 0.0133182 0.0079531
internal_weight=1116.74 760.162 34.0144 726.148 356.573 709.637 644.444 579.932 490.208 112.609 377.6 254.667 31.9442 122.932
internal_count=9834 7514 316 7198 2320 7070 6071 5081 4293 1022 3271 2268 281 1003
is_linear=0
shrinkage=0.025


Tree=167
num_leaves=15
num_cat=0
split_feature=37 29 15 19 35 25 33 56 43 10 33 56 16 35
split_gain=47.2841 20.5694 15.4598 12.9294 10.8075 10.7529 10.0166 9.61936 7.41762 7.40985 7.30106 7.38456 6.91395 6.68752
threshold=-1.0000000180025095e-35 -0.057899995096975944 0.069539296116370261 0.014679669269007252 2.0499999999999994 -0.034017221167281342 -34.499999999999993 0.3156224474005056 -5.4999999999999991 1.9536991942466255 4.5000000000000009 -0.70793855614727297 0.19931936255948143 -4.8500000000000005
decision_type=2 2 2 2 2 2 2 2 2 2 2 2 2 2
left_child=1 9 3 6 5 -3 12 8 -5 -1 11 -6 -2 -8
right_child=2 4 -4 7 10 -7 13 -9 -10 -11 -12 -13 -14 -15
leaf_value=-0.00051452680819465623 -0.0056608235418738884 0.0093018138302172083 -0.011639359989410885 0.0042075211877489627 -0.0054834834144179348 -0.0014921679922113727 -0.0045951310724501862 -0.012954602084666457 -0.0055000775451905914 0.0099127259271410556 0.0077087781980598683 0.004409349210770349 0.0032266898822331234 0.0016289288120435225
leaf_weight=43.724099025130272 324.15602065622807 58.417016252875328 114.89920392632484 53.533431187272072 65.815223053097725 610.28371062874794 121.52698074281216 95.16651676595211 260.29891468584538 299.75353272259235 221.0904201567173 132.15534467995167 58.403956100344658 692.46898201107979
leaf_count=127 1015 179 520 175 192 1774 367 337 872 1024 648 390 180 2034
internal_value=-0.000121346 0.0032216 -0.0029181 -0.00224425 0.00149266 -0.000450071 -0.000897994 -0.00606403 -0.00372573 0.00852528 0.0046204 0.000943249 -0.00421537 0.000646791
internal_weight=3151.69 1431.24 1720.45 1605.55 1087.76 668.701 1196.56 408.999 313.832 343.478 419.061 197.971 382.56 813.996
internal_count=9834 4334 5500 4980 3183 1953 3596 1384 1047 1151 1230 582 1195 2401
is_linear=0
shrinkage=0.025


Tree=168
num_leaves=15
num_cat=0
split_feature=11 17 25 5 34 33 43 23 40 4 25 31 47 25
split_gain=44.7549 17.8858 15.3871 14.3825 12.155 10.3261 10.027 9.62875 8.78847 7.98233 7.33268 7.04269 8.42077 6.82104
threshold=0.017448020673611755 -0.044693693009708997 0.017853700553829854 5.2885208323790431 19.500000000000004 4.5000000000000009 -10.499999999999998 -0.037710054646865047 55.000000000000007 23.446176873175105 -0.013816024400535599 -0.011989184779812199 1.0000000180025095e-35 0.027848362737860302
decision_type=2 2 2 2 2 2 2 2 2 2 2 2 2 2
left_child=1 13 5 4 -2 7 -6 -3 -9 11 -8 -4 -13 -1
right_child=3 2 9 -5 6 -7 10 8 -10 -11 -12 12 -14 -15
leaf_value=-0.0090118592935501448 -0.0098820011367943376 -0.010197435112005592 -0.0031021563943355937 0.012556345084109757 -0.0063118864203013797 -0.0047516588051942504 0.0010354284462302881 -0.0005627819940665019 0.008270868909876444 0.0083016893438279463 0.0063009742999279228 0.007366347891411296 -0.0036763598673428045 0
leaf_weight=278.31347428262234 37.098821431398392 52.631205797195435 153.16684919595718 113.67630232870579 51.09502150118351 646.39093011617661 266.52260267734528 598.22489778697491 74.338557541370392 116.93664181232452 503.93180869519711 133.42798295617104 55.658385425806046 62.453700199723244
leaf_count=1162 109 174 428 456 150 2033 741 1723 213 327 1586 374 155 203
internal_value=-0.000130455 -0.00213354 -0.00112913 0.00430559 0.00311796 -0.00246346 0.00379148 -0.000371101 0.000430535 0.00278621 0.00453013 0.000737353 0.0039761 -0.00736308
internal_weight=3143.87 2171.54 1830.78 972.325 858.648 1371.59 821.549 725.195 672.563 459.19 770.454 342.253 189.086 340.767
internal_count=9834 6792 5427 3042 2586 4143 2477 2110 1936 1284 2327 957 529 1365
is_linear=0
shrinkage=0.025


Tree=169
num_leaves=15
num_cat=0
split_feature=26 32 32 24 20 6 26 50 10 32 46 12 36 10
split_gain=11.9919 8.28004 9.54956 9.43384 10.2388 10.3909 9.41091 8.39291 8.63958 12.5047 7.81253 7.86764 9.85433 7.28255
threshold=0.14831315580347512 0.98111387797470606 0.98698872015883232 0.16453996342540608 0.17909138849098377 10.21880318631406 0.2087861026566448 2.5000000000000004 2.1661310502643789 1.0400169373557842 51.500000000000007 0.070105252498854562 51.050000000000004 2.1175956912822902
decision_type=2 2 2 2 2 2 2 2 2 2 2 2 2 2
left_child=10 -2 -3 -4 5 -5 -6 -7 9 -9 -1 -12 13 -13
right_child=1 2 3 4 6 7 -8 8 -10 -11 11 12 -14 -15
leaf_value=0.014372856590902705 -0.0097881937780487892 0.017128775930032442 -0.0078323353684585564 -0.0084047891763168389 -0.0070289495875795367 -0.0011956811609291128 0.0090903414747481662 0.031534607177239521 0.00036587823784314143 0.0015896893484522645 0.0094908528885747842 0.0024178106348236154 -0.0015879070037693893 0.013228115333724495
leaf_weight=30.188126761466265 76.073252540081739 12.466208592057226 104.10734528303146 16.955218955874443 100.17649402841926 22.638250231742859 23.129284631460905 23.479154758155346 20.23569268733263 16.023252490907907 74.861288234591484 196.14389181509614 351.62641464546323 48.023955136537552
leaf_count=214 818 124 1064 150 1000 238 236 224 208 152 410 1580 2950 466
internal_value=0.000736563 -0.00258009 -0.000772227 -0.00177843 0.00105247 0.00693134 -0.00357408 0.0106744 0.0153037 0.0214932 0.00274161 0.00207857 0.00103437 0.00486714
internal_weight=1116.13 415.284 339.211 326.745 222.637 99.3316 123.306 82.3764 59.7381 39.5024 700.844 670.656 595.794 244.168
internal_count=9834 4214 3396 3272 2208 972 1236 822 584 376 5620 5406 4996 2046
is_linear=0
shrinkage=0.025


Tree=170
num_leaves=15
num_cat=0
split_feature=17 19 5 33 19 57 17 33 34 52 28 29 29 56
split_gain=44.9489 18.446 15.3072 14.7237 11.9387 10.403 9.56435 8.51098 7.60321 7.25088 10.2283 7.04637 6.66574 6.57161
threshold=-0.017510133632581547 0.020001600656787404 -5.2125823043413932 -37.499999999999993 0.0029538635858879004 -0.59198297664503297 0.053643955450438159 92.500000000000014 248.50000000000003 0.91665469004503219 12.977557016535057 0.015292671580030401 0.042164921687141706 0.35821968639770246
decision_type=2 2 2 2 2 2 2 2 2 2 2 2 2 2
left_child=2 3 -1 12 13 9 -7 -6 11 10 -5 -3 -2 -4
right_child=1 8 4 5 7 6 -8 -9 -10 -11 -12 -13 -14 -15
leaf_value=0.012535846131933965 -0.0021036638834314655 -0.0048515957109111192 0.0039839761944387786 -0.0024630876335457815 -0.00097738940461628877 0.0025175882480202188 -0.0060608980942445274 0.009271075283674329 0.002148503910975672 0.0023667150844487068 -0.013922344655419604 -0.013183610294740447 -0.0081897887447246447 0.011407964138356664
leaf_weight=116.32526744902134 272.6024164557457 156.18423600494862 339.47988893091679 219.92247207462788 429.5685016810894 821.50678613781929 83.919116392731667 52.212738901376724 38.031096860766411 97.984379410743713 62.094984918832779 136.98995669186115 213.1154053658247 104.16158257424831
leaf_count=468 814 505 1078 679 1199 2342 326 150 129 299 196 560 747 342
internal_value=-0.000123844 -0.0022347 0.00410252 -0.00119518 0.00295392 0.000191786 0.00166611 0.000165744 -0.00761882 -0.00323216 -0.00527189 -0.00898448 -0.00488122 0.00589047
internal_weight=3144.1 2102.35 1041.75 1771.15 925.423 1285.43 905.426 481.781 331.205 380.002 282.017 293.174 485.718 443.641
internal_count=9834 6597 3237 5403 2769 3842 2668 1349 1194 1174 875 1065 1561 1420
is_linear=0
shrinkage=0.025


Tree=171
num_leaves=15
num_cat=0
split_feature=37 29 37 23 23 35 33 16 10 56 54 23 15 56
split_gain=43.1738 19.5893 14.5823 11.1827 11.0874 11.2698 8.62343 8.99038 8.05513 7.09607 6.00432 5.88196 7.79915 5.81932
threshold=1.0000000180025095e-35 0.059405765735391858 -11.499999999999998 -0.018802152268011896 0.039820086090030009 -3.4999999999999978 3.5000000000000004 0.21534172778655605 1.9536991942466255 0.3156224474005056 -0.56290389949684638 0.027326207517962654 -0.027896731870964947 -0.34175917569118303
decision_type=2 2 2 2 2 2 2 2 2 2 2 2 2 2
left_child=2 4 -1 9 5 13 -5 10 -3 -4 -8 12 -12 -2
right_child=1 8 3 6 -6 -7 7 -9 -10 -11 11 -13 -14 -15
leaf_value=-0.0082739924188202571 0.0011587519593214254 -0.0012402579230089104 -0.0036374514438820673 0.0015847683268960635 0.009883817735524587 -0.001029281242242952 0.0021846665739292744 0.005987639354153953 0.0098433629267726617 -0.012805809423041298 -0.012404025026137633 0.00086806616704748112 -0.0038531987518206539 0.0084240262873162344
leaf_weight=256.78637182712555 155.02805498242378 41.861005425453186 248.39077125489712 555.0945013910532 84.173691600561142 715.4813789576292 79.363768115639687 59.299827203154564 289.03828367590904 70.633802503347397 95.801317542791367 79.702211156487465 267.63343934714794 137.49869507551193
leaf_count=1001 454 122 824 1620 260 2094 245 193 999 251 354 229 783 405
internal_value=-0.000132073 0.00307185 -0.00280995 -0.0018041 0.0014133 0.000635995 -0.000608983 -0.00274031 0.00836919 -0.00591081 -0.00382562 -0.00497019 -0.00631279 0.00474191
internal_weight=3135.79 1423.08 1712.71 1455.92 1092.18 1008.01 1136.9 581.801 330.899 319.025 522.501 443.137 363.435 292.527
internal_count=9834 4334 5500 4499 3213 2953 3424 1804 1121 1075 1611 1366 1137 859
is_linear=0
shrinkage=0.025


Tree=172
num_leaves=15
num_cat=0
split_feature=10 12 30 11 11 10 34 34 46 24 42 4 6 3
split_gain=11.5733 7.07111 5.4505 5.84999 6.79751 6.75105 7.03526 10.0648 9.23891 9.97983 7.90524 10.2435 9.77149 10.5738
threshold=1.9626754775558803 0.067174253862086863 1.5080644208925704 0.045154815290924209 -0.045332303327532845 2.0670468250328655 170.50000000000003 149.50000000000003 111.50000000000001 0.18099995376190017 27.000000000000004 23.285199548337236 14.686754739990755 0.99702889540071149
decision_type=2 2 2 2 2 2 2 2 2 2 2 2 2 2
left_child=-1 -2 3 4 -3 -6 7 8 -7 10 12 -12 13 -10
right_child=1 2 -4 -5 5 6 -8 -9 9 -11 11 -13 -14 -15
leaf_value=0.0064898711657932059 0.011226381255994358 -0.0073258103607116909 -0.006080321201716244 -0.0074045575242722098 -0.0015988940961995633 -0.0023888099928823445 -0.0017887896465102573 0.01699749779093308 0.0080648689464531478 -0.0048614898990667942 -0.0039982617617610764 0.01408371513634106 0.0017947923152099193 0.037861486422358842
leaf_weight=178.71261074021459 26.598882853984833 57.27714005485177 102.09638544544578 57.779488924890757 286.28508303314447 99.578362509608269 111.43213357031345 36.475989036262035 22.077304504811764 29.817961737513542 41.409098647534847 27.852217383682728 23.20687660574913 14.860132355242966
leaf_count=1120 144 860 1140 868 2254 839 983 300 176 260 339 229 200 122
internal_value=0.000744965 -0.000353139 -0.000778353 -4.44355e-05 0.000534544 0.00126785 0.00334141 0.00535825 0.00333195 0.00702574 0.0100298 0.00339511 0.0164394 0.0237332
internal_weight=1115.46 936.747 910.148 808.052 750.272 692.995 406.71 295.278 258.802 159.224 129.406 69.2613 60.1443 36.9374
internal_count=9834 8714 8570 7430 6562 5702 3448 2465 2165 1326 1066 568 498 298
is_linear=0
shrinkage=0.025


Tree=173
num_leaves=15
num_cat=0
split_feature=37 29 37 19 35 41 29 51 19 5 33 29 21 29
split_gain=43.1869 19.3824 14.1824 11.0466 10.2867 9.08229 8.21724 8.96096 7.94311 7.21586 6.97019 6.66699 6.62186 6.34783
threshold=-1.0000000180025095e-35 -0.057899995096975944 11.500000000000002 0.020001600656787404 2.0499999999999994 108.50000000000001 0.044753766128222155 0.029841339520883001 0.00019650869795800004 -5.2125823043413932 4.5000000000000009 0.0058416275103970504 -0.032146124581536838 -0.012693402053100647
decision_type=2 2 2 2 2 2 2 2 2 2 2 2 2 2
left_child=1 9 3 5 8 6 12 -8 13 -1 -6 -5 -2 -3
right_child=2 4 -4 11 10 -7 7 -9 -10 -11 -12 -13 -14 -15
leaf_value=0.015428836826792545 0.0060073962315333974 0.0064090190820721349 -0.008203674256724712 -0.0026148337333698661 0.00085922480757748797 0.0078148250981693156 -0.0073044405441675805 0.0027334588116679111 -0.0031660726394896798 0.0060277541609920493 0.0074811769119745661 -0.010903155224315177 -0.0008536327251098708 -0.00052446249413109407
leaf_weight=70.845790609717369 94.706540107727051 130.51811927556992 256.10925894975662 154.27020542323589 197.35148559510708 67.07440422475338 222.49770812690258 66.399352446198463 341.8411068469286 269.17174622416496 220.1684875190258 113.85263060033321 736.7091860473156 194.55923536419868
leaf_count=304 269 413 1001 468 582 201 760 215 985 847 648 437 2149 555
internal_value=-0.000125719 0.00307599 -0.00280603 -0.00181432 0.00139902 -0.000744304 -0.00131141 -0.00490504 -0.000497452 0.00825422 0.00445752 -0.006361 -1.09641e-05 0.0022385
internal_weight=3136.08 1424.46 1711.62 1455.51 1084.44 1187.39 1120.31 288.897 666.918 340.018 417.52 268.123 831.416 325.077
internal_count=9834 4334 5500 4499 3183 3594 3393 975 1953 1151 1230 905 2418 968
is_linear=0
shrinkage=0.025


Tree=174
num_leaves=15
num_cat=0
split_feature=17 5 37 33 21 19 16 33 43 43 23 29 36 3
split_gain=40.9608 16.4722 15.581 13.1376 11.4385 11.1492 9.11922 7.15667 6.51332 6.4611 8.45503 7.17277 6.40555 5.95824
threshold=0.009147942482486451 5.2885208323790431 -11.499999999999998 1.5000000000000002 -0.0038159083426214497 -0.032584009830151792 0.21444022714854713 72.500000000000014 -7.4999999999999991 -2.4999999999999996 0.028079559605764103 -0.014812162198587348 52.650000000000013 0.99062684618681718
decision_type=2 2 2 2 2 2 2 2 2 2 2 2 2 2
left_child=2 4 -1 5 7 -4 9 13 -6 -5 11 -11 -13 -2
right_child=1 -3 3 6 8 -7 -8 -9 -10 10 -12 12 -14 -15
leaf_value=-0.0083876172282231955 -0.0017843148163419493 0.012276215606031534 -0.010522726434800428 -0.0078196769287619799 -0.0026216955291667489 0.001423466251182069 0.0040815014446271515 -0.007405399860646914 0.005650790610853342 -0.0068149656747879261 0.0046336717524194963 0.0067364211052370034 -0.0041868714513922291 0.0034760015145779786
leaf_weight=244.14478974044323 253.39340990781784 111.61767743527889 46.96259631216526 273.49871863424778 59.559568300843239 750.20257648825645 74.007373347878456 69.094097137451172 534.7738853096962 242.43165597319603 72.901607096195221 53.338306978344917 73.090783327817917 269.44839438796043
leaf_count=970 713 456 167 883 186 2191 248 194 1671 812 206 159 219 759
internal_value=-0.000133813 0.00324798 -0.00254745 -0.00160944 0.00232955 0.000627324 -0.00388979 -9.34247e-05 0.00476512 -0.00477188 -0.00276262 -0.00433371 0.000312224 0.000886493
internal_weight=3128.47 1297.89 1830.58 1586.43 1186.27 797.165 789.268 591.936 594.333 715.261 441.762 368.861 126.429 522.842
internal_count=9834 3979 5855 4885 3523 2358 2527 1666 1857 2279 1396 1190 378 1472
is_linear=0
shrinkage=0.025


Tree=175
num_leaves=15
num_cat=0
split_feature=26 38 24 6 46 24 56 46 38 6 10 52 26 12
split_gain=11.3781 8.76217 13.7062 10.307 10.4515 9.93433 10.1937 7.53339 7.63982 7.47334 9.84161 14.3693 7.44716 5.9465
threshold=0.14831315580347512 385.00000000000006 0.16341201386145468 14.626881797246153 135.50000000000003 0.16659032199753182 0.59272555899550927 51.500000000000007 388.50000000000006 10.432700508092344 2.1576850455494263 0.090230664857530521 0.064598645689242964 0.070105252498854562
decision_type=2 2 2 2 2 2 2 2 2 2 2 2 2 2
left_child=7 3 -3 5 -5 -2 9 -1 12 -7 11 -11 -9 -14
right_child=1 2 -4 4 -6 6 -8 8 -10 10 -12 -13 13 -15
leaf_value=0.014072259817608608 -0.0072710089185927061 -0.0061765246863314544 0.018133731044631545 -0.013546106511634912 0.0045757382129359217 -0.0076577696181722929 0.015529651281920279 0.011894461310606378 -0.0065934817792609917 -0.0073228824900184626 -0.005680875588852486 0.018329463128755229 0.0091108622923747728 0.00097912535534981681
leaf_weight=30.479429308325052 93.017037969082594 21.848229385912418 25.655527457594872 91.859510451555252 20.014138132333755 48.499692976474762 26.553656488656998 48.479823656380177 52.330060336738825 15.100612096488474 32.689069725573063 37.778327468782663 60.278008289635181 510.33713958784938
leaf_count=214 886 252 246 1106 208 432 246 292 482 154 348 336 332 4300
internal_value=0.000749706 -0.00249295 0.00695322 -0.00386536 -0.0100332 -0.00090687 0.00273595 0.00269726 0.00204373 -8.54683e-05 0.00411627 0.0105722 0.00286083 0.00195325
internal_weight=1114.92 413.016 47.5038 365.512 111.874 253.638 160.621 701.904 671.425 134.068 85.568 52.8789 619.095 570.615
internal_count=9834 4214 498 3716 1314 2402 1516 5620 5406 1270 838 490 4924 4632
is_linear=0
shrinkage=0.025


Tree=176
num_leaves=15
num_cat=0
split_feature=11 19 33 15 41 57 19 17 29 33 52 52 16 15
split_gain=41.2344 16.9482 14.6167 13.9218 10.8436 10.6868 10.5277 9.21877 7.98934 7.38949 7.19213 6.97772 6.7966 7.25185
threshold=-0.017448020673611748 0.020001600656787404 -37.499999999999993 -0.076650810768733438 -129.49999999999997 -0.5619287873108546 -0.00018323925612719996 0.053643955450438159 -0.021972194495802799 37.500000000000007 0.94332857045655583 0.95275052563726148 0.21534172778655605 0.029994877454376602
decision_type=2 2 2 2 2 2 2 2 2 2 2 2 2 2
left_child=3 2 12 -1 -5 10 -6 -7 -3 -8 -4 -10 13 -2
right_child=1 8 5 4 6 7 9 -9 11 -11 -12 -13 -14 -15
leaf_value=0.013036929291753386 -0.0033447346525132165 0 -0.0049542623868263922 -0.0084925591184364605 0.0070103308617420826 0.0026176880466941138 -0.00075655935983835916 -0.005831084581048137 -0.011135589180547795 0.0058734977705913486 0.0026044632412709086 -1.8870332966512595e-05 0.0038537276944878699 -0.010428163275773568
leaf_weight=95.883927449584007 317.45170231163502 80.04686564207077 305.01307217776775 42.159502401947975 350.32132552564144 835.05567885935307 334.13355219364166 83.029438331723213 212.61239929497242 144.62118083238602 97.115735173225403 47.546967476606369 45.874817535281181 137.83541177213192
leaf_count=390 932 245 947 123 1167 2384 942 326 816 420 294 169 155 524
internal_value=-0.000126149 -0.00205308 -0.00107108 0.00414338 0.00306726 0.000294871 0.00373245 0.00179907 -0.00714636 0.00123456 -0.00305783 -0.00923684 -0.00468619 -0.0056335
internal_weight=3128.7 2161.58 1821.38 967.119 871.236 1320.21 829.076 918.085 340.206 478.755 402.129 260.159 501.162 455.287
internal_count=9834 6792 5562 3042 2652 3951 2529 2710 1230 1362 1241 985 1611 1456
is_linear=0
shrinkage=0.025


Tree=177
num_leaves=15
num_cat=0
split_feature=17 25 21 33 35 29 19 42 17 17 40 29 33 13
split_gain=39.0722 17.1344 15.5603 14.8584 12.3562 10.858 10.7467 8.50998 8.45445 8.38274 7.02841 7.89727 6.58475 5.9314
threshold=0.021110738276015603 -0.033421422680923692 -0.0038159083426214497 2.5000000000000004 3.7000000000000015 -0.030170843028644697 0.024440774684538705 29.500000000000004 -0.033982554512500839 0.074916366975457269 65.500000000000014 0.029182502690066305 -37.499999999999993 -0.028189824305074097
decision_type=2 2 2 2 2 2 2 2 2 2 2 2 2 2
left_child=1 -1 9 4 8 6 -5 -7 -3 12 11 13 -2 -10
right_child=2 3 -4 5 -6 7 -8 -9 10 -11 -12 -13 -14 -15
leaf_value=-0.0095023631122553159 0.0042344631291605477 -0.0026052605665138166 0.007431984517797089 -0.0078536574023461668 -0.0042743313168902529 0.001842140143954223 0.0014753406917398166 -0.0046019707025596749 0.0083114921923490275 0.010264839518714382 0.011930136285817704 0.0073387814734327018 -0.0024068719780524677 -0.00029504108636959183
leaf_weight=169.29182289540768 131.19823874533176 166.52913393080235 455.26540042459965 399.57313831150532 225.78492483496666 295.88946881890297 88.29295514523983 215.15333035588264 52.052546739578247 47.927458271384239 54.540060073137283 159.6733680665493 288.26259113848209 371.38360351324081
leaf_count=633 379 583 1561 1426 682 884 261 638 151 180 154 449 806 1047
internal_value=-0.000134777 -0.00195453 0.00416088 -0.00129062 0.000795812 -0.00346007 -0.00611675 -0.000840742 0.00226784 0.000876763 0.00358977 0.00267237 -0.000245297 0.00078925
internal_weight=3120.82 2198.16 922.654 2028.87 1029.96 998.909 487.866 511.043 804.179 467.388 637.65 583.11 419.461 423.436
internal_count=9834 6908 2926 6275 3066 3209 1687 1522 2384 1365 1801 1647 1185 1198
is_linear=0
shrinkage=0.025


Tree=178
num_leaves=15
num_cat=0
split_feature=4 2 32 56 8 8 10 34 46 3 52 8 57 57
split_gain=10.8706 15.4602 7.40695 9.05682 11.155 6.6974 6.63195 8.95169 6.36417 7.78022 6.9061 7.50483 6.73368 8.19826
threshold=23.038992358727231 0.051359879418640959 1.0317063119279892 0.34575560572385738 145.74256752254226 144.23635049653328 2.0373733209041389 259.50000000000006 137.50000000000003 0.95075025199944496 0.91097489575598323 146.66152863474903 -3.460378589175888 3.3769211481995831
decision_type=2 2 2 2 2 2 2 2 2 2 2 2 2 2
left_child=1 2 6 4 5 -4 7 -1 12 -10 11 -11 -2 -14
right_child=8 -3 3 -5 -6 -7 -8 -9 9 10 -12 -13 13 -15
leaf_value=-0.0022749734859356299 -0.0094614292681151329 0.014972966510997401 0 0.020889092744448872 -0.0077467887244002795 0.018551779199044816 -0.011140431664116341 0.013987288147249893 0.018619432476623371 -0.0037666545374659224 -0.0071138631781066074 0.012399751935758013 7.5326734052171657e-05 -0.0091227433387849593
leaf_weight=97.744729459285736 58.815830375999212 66.555575624108315 19.26570426300168 17.997879259288311 32.323829397559166 22.005573309957981 31.390993814915419 21.379249691963196 15.697075650095938 23.789259437471628 32.620038252323866 39.573521081358194 573.17015685513616 62.06743199378252
leaf_count=654 925 492 136 118 214 138 254 140 130 218 312 374 4764 965
internal_value=0.000753625 0.00471421 0.001547 0.00701351 0.00218908 0.0105074 -0.00173732 0.000888085 -0.000752493 0.00460238 0.00125405 0.00613289 -0.00167666 -0.000848571
internal_weight=1114.4 308.664 242.108 91.593 73.5951 41.2713 150.515 119.124 805.733 111.68 95.9828 63.3628 694.053 635.238
internal_count=9834 2146 1654 606 488 274 1048 794 7688 1034 904 592 6654 5729
is_linear=0
shrinkage=0.025


Tree=179
num_leaves=15
num_cat=0
split_feature=37 29 15 19 23 35 33 19 10 13 6 44 52 56
split_gain=39.3836 18.2879 13.7266 11.7386 10.4672 10.8256 9.67467 8.35034 7.59074 6.64025 6.60765 6.43034 7.47473 6.03978
threshold=-1.0000000180025095e-35 -0.059383901615434845 0.069539296116370261 -0.032030029397716042 -0.041116152890384387 3.4999999999999987 -51.499999999999993 0.016133494835869604 1.947964168156856 0.025909432175860003 10.26823996921765 16.500000000000004 1.0761973875181423 -0.34175917569118303
decision_type=2 2 2 2 2 2 2 2 2 2 2 2 2 2
left_child=1 8 3 10 -3 -6 -5 9 -1 -8 -2 -9 -13 -7
right_child=2 4 -4 6 5 13 7 11 -10 -11 -12 12 -14 -15
leaf_value=-0.0018519698147875545 -0.0013321418732585089 0.010032352362738842 -0.011084984877681529 -0.0064296447096846001 -0.001015065072400467 0.00099889127292049048 0.0011720624078443685 0.0026092503302408056 0.0094366298672047873 -0.0035965449424360031 0.010119218074690134 -0.0086227560607315384 0.0027530367185036623 0.0083304521224055877
leaf_weight=36.788175791501999 47.237976282835007 75.570944592356682 110.26898229122162 332.26043070852757 718.23780220746994 156.971773609519 593.6524433940649 48.51423317193985 290.85122466087341 256.38443012535572 68.553952559828758 209.20029006898403 37.201121166348457 139.45383708178997
leaf_count=107 134 236 520 1096 2104 460 1686 166 1015 861 200 715 122 412
internal_value=-0.000127095 0.00293687 -0.00269342 -0.00206404 0.00133701 0.000618856 -0.0026805 -0.00154755 0.00808518 -0.000249607 0.00537884 -0.00513872 -0.00678523 0.00461194
internal_weight=3121.15 1417.87 1703.27 1593 1090.23 1014.66 1477.21 1144.95 327.639 850.037 115.792 294.916 246.401 296.426
internal_count=9834 4334 5500 4980 3212 2976 4646 3550 1122 2547 334 1003 837 872
is_linear=0
shrinkage=0.025


Tree=180
num_leaves=15
num_cat=0
split_feature=17 25 21 33 35 29 19 51 42 17 10 17 14 29
split_gain=37.1536 16.4242 15.0205 14.1804 11.8393 10.4153 10.401 8.522 8.22072 8.10465 6.61876 5.90066 6.71949 5.76448
threshold=0.021110738276015603 -0.033421422680923692 -0.0038159083426214497 2.5000000000000004 3.7000000000000015 -0.030170843028644697 0.024440774684538705 -0.44752243872740993 29.500000000000004 -0.033982554512500839 2.040479043352688 0.03988900084048936 0.14361127596179049 0.029182502690066305
decision_type=2 2 2 2 2 2 2 2 2 2 2 2 2 2
left_child=1 -1 7 4 9 6 -5 -2 -7 -3 -9 12 -12 -11
right_child=2 3 -4 5 -6 8 -8 10 -10 13 11 -13 -14 -15
leaf_value=-0.009329646534212005 0.0078679571007988693 -0.0025568833593308028 0.0072859018010306802 -0.007710698944219975 -0.0041902204056727356 0.0018150961999664377 0.0014702250744290215 -0.0053865519035298428 -0.0045203084437660931 0.0019466318963291382 0.0048878691487657874 0.0050385953295278788 -0.0066526139806269875 0.0073990677591432704
leaf_weight=168.03254219889641 83.18266399204731 166.23405690491199 452.92374396324158 397.57758320868015 225.44846995174885 295.90496946871281 88.227253630757332 124.02003958821297 214.89825530350208 464.41942006349564 43.811752408742905 136.7007213383913 78.886713206768036 173.02393117547035
leaf_count=633 254 583 1561 1426 682 884 261 347 638 1314 120 427 217 487
internal_value=-0.000135328 -0.00191094 0.00406124 -0.0012618 0.000776059 -0.00338448 -0.00599442 0.000834043 -0.000819763 0.00221741 -0.000709236 0.00149203 -0.00230606 0.00351159
internal_weight=3113.29 2193.77 919.526 2025.73 1029.13 996.608 485.805 466.602 510.803 803.677 383.419 259.399 122.698 637.443
internal_count=9834 6908 2926 6275 3066 3209 1687 1365 1522 2384 1111 764 337 1801
is_linear=0
shrinkage=0.025


Tree=181
num_leaves=15
num_cat=0
split_feature=6 46 30 10 32 11 11 18 30 32 10 12 44 12
split_gain=10.5065 6.5081 7.34364 6.68669 5.26549 5.02432 6.17395 5.48201 6.36029 8.3084 9.7864 5.55627 7.57545 5.21736
threshold=8.4047707431405421 150.50000000000003 1.4693809600323957 1.9387324394449632 0.94350813417772594 0.045154815290924209 -0.045332303327532845 0.12037758030969531 1.5080644208925704 1.0566720506667175 2.1800841877771844 0.15307585823636446 28.500000000000004 0.18998230131431068
decision_type=2 2 2 2 2 2 2 2 2 2 2 2 2 2
left_child=4 3 -3 -2 -1 6 -5 -8 9 13 11 12 -11 -9
right_child=1 2 -4 5 -6 -7 7 8 -10 10 -12 -13 -14 -15
leaf_value=-0.0034063612151270955 0.012050836391755171 -0.00080587660893597876 0.019506056206636313 -0.0083518454719792006 0.005376627310838919 -0.0084408567731778187 -0.0050931419815124189 0.0019609027015269932 -0.0054160993505418678 -0.0010708803661520119 0.024742597330069727 -0.0030424801551067445 0.01970476558210173 -0.0059014241714696464
leaf_weight=42.056795656681061 16.805200457572937 19.000495225191116 15.268226020038126 62.079617612063885 318.23556941002607 62.750306818634272 114.2490948587656 245.32086036726832 75.728756219148636 16.215835645794868 15.103861846029757 31.931985650211573 17.690993368625641 61.490267179906368
leaf_count=304 128 182 134 990 2016 999 1001 2106 757 134 126 261 137 559
internal_value=0.000757543 -0.000896331 0.00893871 -0.00145783 0.00425036 -0.00189916 -0.00115832 -0.000277421 0.000897986 0.00224804 0.00912769 0.00369905 0.0102656 0.000235616
internal_weight=1113.93 753.636 34.2687 719.367 360.292 702.562 639.811 577.732 463.483 387.754 80.9427 65.8388 33.9068 306.811
internal_count=9834 7514 316 7198 2320 7070 6071 5081 4080 3323 658 532 271 2665
is_linear=0
shrinkage=0.025


Tree=182
num_leaves=15
num_cat=0
split_feature=11 37 5 33 19 41 34 51 10 16 21 23 29 19
split_gain=37.8014 16.9566 13.454 13.0252 13.7085 11.0803 10.2446 8.16043 8.81979 8.01783 7.71173 7.20662 9.15621 6.77235
threshold=-0.017448020673611748 11.500000000000002 -5.2125823043413932 -2.4999999999999996 0.031858610893316056 -129.49999999999997 20.500000000000004 -0.33023331490312607 2.2061120631432809 0.21444022714854713 0.012527831836537502 -0.017483550977078797 0.015292671580030401 -0.04221285521323509
decision_type=2 2 2 2 2 2 2 2 2 2 2 2 2 2
left_child=2 3 -1 9 13 -4 -7 -8 10 11 -9 -2 -13 -5
right_child=1 -3 5 4 -6 6 7 8 -10 -11 -12 12 -14 -15
leaf_value=0.011997444830790589 -0.00012168404970220423 -0.0080947953629770582 -0.0085312367864607396 0.01098643157914595 -0.0098221233521418733 -0.0079149100608794272 -0.0010079797198220806 0.0088101803076758457 -0.0031383361667118772 0.0037267659896771371 0.0025540497696429458 -0.0016393981114462539 -0.008038470037165981 0.0011116646341019375
leaf_weight=112.20257911086082 226.00581710040569 246.64634518325329 44.795566558837891 41.715177267789841 64.785736992955208 40.272547870874405 142.55778041481972 340.50468511879444 60.555455595254898 84.592740520834923 220.70205333828926 251.61545920372009 355.8155462294817 881.04316529631615
leaf_count=468 641 987 131 120 221 118 417 1104 187 279 617 754 1224 2566
internal_value=-0.000128461 -0.00197688 0.00397162 -0.00115282 0.000818877 0.00281815 0.00352969 0.00421274 0.00544812 -0.00329385 0.00643831 -0.00405422 -0.00546364 0.00164182
internal_weight=3113.81 2152.22 961.591 1905.57 987.544 849.388 804.593 764.32 621.762 918.03 561.207 833.437 607.431 922.758
internal_count=9834 6792 3042 5805 2907 2574 2443 2325 1908 2898 1721 2619 1978 2686
is_linear=0
shrinkage=0.025


Tree=183
num_leaves=15
num_cat=0
split_feature=37 29 5 23 25 56 43 19 33 8 43 56 17 19
split_gain=36.3614 17.5816 12.8523 10.5459 10.2523 9.85046 8.93101 8.6609 8.43509 7.16662 6.70867 7.16469 9.56208 6.71498
threshold=1.0000000180025095e-35 0.067006231978148104 -5.2125823043413932 -0.014457767332001799 0.04050585764098636 0.46751220599071491 5.5000000000000009 -0.024487390326547596 56.500000000000007 230.50507901638144 -1.4999999999999998 -0.69553662576454112 0.020053974760406806 0.024816061242145554
decision_type=2 2 2 2 2 2 2 2 2 2 2 2 2 2
left_child=2 4 -1 5 9 6 -4 -3 10 -2 -5 -12 13 -13
right_child=1 7 3 8 -6 -7 -8 -9 -10 -11 11 12 -14 -15
leaf_value=-0.011691790036969239 8.4094107989968799e-05 -0.00082368102866948057 -0.0051677257522240094 -0.0024457800003112769 0.0096478005008177273 -0.012766826603025137 0.0047799423416547276 0.010514723615747202 -0.0048708685483244895 0.0077932150921665323 0.0051621425576130996 -0.004018298113373721 0.0097061274186376906 0.0051097746733328054
leaf_weight=88.387668430805206 979.8894152790308 45.849746093153954 292.36133681237698 338.65234650671482 82.843359902501106 86.721213713288307 62.917492985725403 223.8599558621645 243.34202389419079 77.343577176332474 244.7558907866478 236.80563816428185 44.805734425783157 57.025111854076385
leaf_count=447 2896 139 990 1023 264 318 206 799 777 236 732 712 133 162
internal_value=-0.000135184 0.00281778 -0.0026059 -0.00205607 0.00141653 -0.00533116 -0.00329478 0.00851632 -0.000775091 0.000705631 0.000299323 0.00194255 -0.000352966 -0.00210726
internal_weight=3105.56 1409.79 1695.77 1607.39 1140.08 442 355.279 269.71 1165.39 1057.23 922.045 583.392 338.636 293.831
internal_count=9834 4334 5500 5053 3396 1514 1196 938 3539 3132 2762 1739 1007 874
is_linear=0
shrinkage=0.025


Tree=184
num_leaves=15
num_cat=0
split_feature=26 32 32 24 20 10 26 52 10 32 46 26 12 30
split_gain=10.5713 8.12558 9.22064 9.10448 9.79229 10.096 9.22354 7.96194 9.47284 7.90433 7.14523 6.78804 7.67507 7.87207
threshold=0.14831315580347512 0.98111387797470606 0.98698872015883232 0.16453996342540608 0.17909138849098377 2.0739553994930673 0.2087861026566448 0.062019230769230757 2.1593395349258055 1.0261901169715004 51.500000000000007 0.063795489785234458 0.070105252498854562 1.3086397611928773
decision_type=2 2 2 2 2 2 2 2 2 2 2 2 2 2
left_child=10 -2 -3 -4 5 -5 -6 -7 9 -9 -1 -12 -13 -14
right_child=1 2 3 4 6 7 -8 8 -10 -11 11 12 13 -15
leaf_value=0.01364437548110909 -0.0095970395744803278 0.016961024149734445 -0.0076176663155839222 -0.0094967530039710268 -0.0068574032439119338 -0.0025809632461414075 0.0091419958690335066 0.033697243073125341 0.0011998933731494042 0.0080421541616818217 0.010906799064781411 0.0091331215369643403 -0.010006462253443024 0.0010934497787357176
leaf_weight=30.894368682056665 74.392752405256033 12.539924737066029 102.04184503853321 14.201378364115952 98.642268903553486 18.604322761297226 23.058389067649841 15.527893777936695 26.889311540871859 24.121436823159456 45.226411908864975 63.589860655367374 38.071535889059305 525.65413162857294
leaf_count=214 818 124 1064 136 1000 196 236 144 272 224 272 346 294 4494
internal_value=0.000760086 -0.00238093 -0.000590668 -0.0015962 0.00117993 0.00690908 -0.00338757 0.0102978 0.0141769 0.0212978 0.0026301 0.00199028 0.00122674 0.000218471
internal_weight=1113.46 410.02 335.627 323.087 221.045 99.3443 121.701 85.143 66.5386 39.6493 703.436 672.542 627.316 563.726
internal_count=9834 4214 3396 3272 2208 972 1236 836 640 368 5620 5406 5134 4788
is_linear=0
shrinkage=0.025


Tree=185
num_leaves=15
num_cat=0
split_feature=37 15 15 19 33 10 33 37 19 21 6 44 52 43
split_gain=36.2107 14.8683 12.9759 10.8241 10.6389 10.1175 9.02029 8.32947 7.8197 7.04414 6.40879 6.26801 7.25039 6.17625
threshold=-1.0000000180025095e-35 -0.076650810768733438 0.069539296116370261 -0.032030029397716042 40.500000000000007 1.9712695449421387 -51.499999999999993 -11.499999999999998 0.016133494835869604 0.0014398207949562504 10.26823996921765 16.500000000000004 1.0761973875181423 1.0000000180025095e-35
decision_type=2 2 2 2 2 2 2 2 2 2 2 2 2 2
left_child=1 -1 3 10 5 -3 -5 -7 13 -6 -2 -10 -13 -8
right_child=2 4 -4 6 9 7 8 -9 11 -11 -12 12 -14 -15
leaf_value=0.01252355764672884 -0.0014389170836154042 -0.0053045505575590925 -0.010833065488274791 -0.0062165596652798841 0.0087661955282541896 0.0076893513585303804 0.0016163121049112467 0.00059578324535160742 0.0026792895522028816 0.0018461706647725517 0.009843779910242538 -0.0084320387556043024 0.002782024612065608 -0.0026515587476438453
leaf_weight=88.339561760425568 47.144346356391907 145.29230186343193 108.26162384450436 329.96474964916706 202.03853738307953 120.21618463099003 476.21890036761761 664.29822957515717 48.340663611888885 191.28341169655323 68.387608215212822 207.58352021872997 37.100756287574768 371.62512940168381
leaf_count=374 134 416 520 1096 648 387 1423 1952 166 557 200 715 122 1124
internal_value=-0.000130058 0.00281377 -0.00259777 -0.00198777 0.00210196 0.000603713 -0.00258203 0.00175625 -0.00148648 0.00552898 0.00516361 -0.00497432 -0.0066099 -0.000229636
internal_weight=3106.1 1411.47 1694.63 1586.37 1323.13 929.807 1470.83 784.514 1140.87 393.322 115.532 293.025 244.684 847.844
internal_count=9834 4334 5500 4980 3960 2755 4646 2339 3550 1205 334 1003 837 2547
is_linear=0
shrinkage=0.025


Tree=186
num_leaves=15
num_cat=0
split_feature=17 19 33 35 46 52 17 5 29 36 36 25 29 52
split_gain=34.2648 19.71 14.9982 11.8423 11.8005 9.48801 9.10524 8.73681 8.34681 8.57893 7.29751 7.25536 6.76042 6.74224
threshold=0.036058910320779951 -0.020005474037913248 37.500000000000007 0.84999999999999976 51.500000000000007 0.91097489575598323 -0.033365622435902388 5.2885208323790431 -0.021972194495802799 48.250000000000007 52.750000000000007 0.027045771187812904 -0.029052929825890045 1.2104886484783874
decision_type=2 2 2 2 2 2 2 2 2 2 2 2 2 2
left_child=1 8 3 6 -4 -5 -3 10 -1 -10 -2 12 -6 -8
right_child=7 2 4 5 11 -7 13 -9 9 -11 -12 -13 -14 -15
leaf_value=-0.011554158225293246 0.00061315170800104607 -0.0020501663111162824 -0.016690981115514859 -0.0037854709734050657 -0.0071146899556770371 0.003227065680620444 0.0046185067676792401 0.011933108353367885 0.0059377372489875964 -0.0055143232604384883 0.0072590681033733164 0.0035126936948482249 -0.00090583697372328183 -0.0030216320665834052
leaf_weight=129.21617771685123 229.4752898812294 197.7479500323534 36.980540379881859 431.79833264648914 220.9001637250185 158.65058666467667 698.22474831342697 107.26079204678535 42.505014315247536 248.00368084013462 199.07816953957081 89.621187016367912 236.67292650043964 72.938148990273476
leaf_count=554 736 700 115 1300 783 471 1997 454 128 783 644 263 699 207
internal_value=-0.000136003 -0.00134798 -0.000359846 0.000908554 -0.00376704 -0.00184798 0.0026149 0.00557457 -0.00627189 -0.00368203 0.00380619 -0.00270512 -0.0040018 0.00384887
internal_weight=3099.07 2563.26 2143.53 1559.36 584.175 590.449 968.911 535.814 419.725 290.509 428.553 547.194 457.573 771.163
internal_count=9834 8000 6535 4675 1860 1771 2904 1834 1465 911 1380 1745 1482 2204
is_linear=0
shrinkage=0.025


Tree=187
num_leaves=15
num_cat=0
split_feature=26 38 24 46 4 38 4 32 2 54 14 46 50 38
split_gain=10.1509 8.67874 13.1321 7.11348 9.32068 8.61254 6.92572 7.5774 7.27619 8.97976 6.87163 6.84154 6.68555 6.48063
threshold=0.14831315580347512 385.00000000000006 0.16341201386145468 135.50000000000003 23.283765688233188 375.00000000000006 23.268263450817102 0.97800674815380695 0.084559613513234363 -0.44745081084633836 0.22181656668348224 51.500000000000007 3.5000000000000004 388.50000000000006
decision_type=2 2 2 2 2 2 2 2 2 2 2 2 2 2
left_child=10 3 -3 5 -5 6 7 -2 -9 -10 11 -1 -11 -13
right_child=1 2 -4 4 -6 -7 -8 8 9 12 -12 13 -14 -15
leaf_value=0.014100848777154918 -0.011021439083652744 -0.0059449371336992591 0.017938799005714396 -0.0046810602269085275 0.015085809367423309 -0.01089716466507294 -0.0073074963060795906 -0.0053821571597282743 -0.005811655456036775 0 -0.0074293189318239685 0.0031932433171077859 0.017656309582934196 -0.0069356575083207766
leaf_weight=30.344716727733612 18.525447718799114 21.36443081125617 25.798111289739609 25.96703253313899 22.591852091252804 103.60161981359124 84.857433121651411 27.542196404188871 16.442146569490433 19.078611981123686 34.372968979179859 603.57728237658739 42.793209128081799 36.163516376167536
leaf_count=204 190 252 246 256 224 1172 882 266 150 180 378 4714 396 324
internal_value=0.000763253 -0.00232222 0.00710752 -0.00370123 0.00459843 -0.00512023 -0.0019556 0.00164372 0.00448284 0.00836712 0.00259172 0.00319401 0.0126617 0.00253255
internal_weight=1113.02 408.562 47.1625 361.4 48.5589 312.841 209.239 124.382 105.856 78.314 704.458 670.086 61.8718 639.741
internal_count=9834 4214 498 3716 480 3236 2064 1182 992 726 5620 5242 576 5038
is_linear=0
shrinkage=0.025


Tree=188
num_leaves=15
num_cat=0
split_feature=17 37 37 25 56 33 41 23 9 23 52 20 38 20
split_gain=34.8045 15.498 13.2629 12.6342 12.4244 9.67714 9.59705 8.69517 8.40648 7.62589 6.34435 6.23969 5.90989 7.01063
threshold=-0.017510133632581547 11.500000000000002 -11.499999999999998 -0.032747413441174496 0.074064758809413808 -34.499999999999993 -115.49999999999999 -0.0030164841185346997 -0.033131121867565345 0.018423590105424954 0.94921803964357154 0.092390932057190553 382.50000000000006 0.095452871455428009
decision_type=2 2 2 2 2 2 2 2 2 2 2 2 2 2
left_child=2 3 12 4 8 -5 -4 -8 -2 -7 -11 -3 13 -1
right_child=1 11 6 5 -6 9 7 -9 -10 10 -12 -13 -14 -15
leaf_value=0.0011147609671668488 -0.0041099335476945231 0 -0.008767423969057447 -0.0050279975255223845 0.013707775201714685 0.00030411282801177269 0.006258707846703019 0.00061717868678228557 0.0080164682932102726 -0.0066140331159530224 0.0029025596464405923 -0.0098925011173700839 0.00085066620917778862 0.01367329502445614
leaf_weight=41.292387202382088 89.982928857207298 49.766303658485413 42.673707947134972 452.13647231459618 59.618892922997475 934.98744867742062 271.76809157431126 479.33414669334888 51.972558379173279 195.73064951598644 48.77295409142971 192.28934194147587 52.446464061737061 136.75555728375912
leaf_count=128 258 174 125 1482 173 2730 899 1380 147 665 160 808 189 516
internal_value=-0.000130831 -0.00199882 0.00362091 -0.00118706 0.00460912 -0.0019303 0.00201953 0.00271938 0.000281345 -0.000705533 -0.00459536 -0.00789705 0.00886959 0.0110073
internal_weight=3099.53 2075.26 1024.27 1833.2 201.574 1631.63 793.776 751.102 141.955 1179.49 244.504 242.056 230.494 178.048
internal_count=9834 6597 3237 5615 578 5037 2404 2279 405 3555 825 982 833 644
is_linear=0
shrinkage=0.025


Tree=189
num_leaves=15
num_cat=0
split_feature=37 15 25 17 25 35 19 51 43 51 34 35 17 34
split_gain=33.2794 13.6357 12.0591 10.0765 10.0621 11.6389 8.16727 9.55081 9.237 8.09402 7.44078 7.3215 6.31433 6.16548
threshold=1.0000000180025095e-35 0.077334167355879266 -0.032747413441174496 -0.088853805663273874 0.04050585764098636 -3.4999999999999978 0.024440774684538705 -0.11349615508246179 -1.0000000180025095e-35 0.14012987012987019 50.500000000000007 4.8000000000000034 0.018655369845049456 93.500000000000014
decision_type=2 2 2 2 2 2 2 2 2 2 2 2 2 2
left_child=2 4 -1 -4 5 -2 7 11 -9 10 -7 -5 -11 -10
right_child=1 -3 3 6 -6 9 -8 8 13 12 -12 -13 -14 -15
leaf_value=-0.0088177888404692845 0.0052355592416174074 0.012214701917622658 -0.013473333749101852 0.0033191148143663532 0.0099718522304561713 -0.0035936779768112668 0.0031744880407816398 -0.0064045138045308583 0.0020952603789521056 -0.008994424685515548 0.0025356611124723407 -0.004679614902564546 0 -0.0033870219088691592
leaf_weight=167.34437443315983 347.26749336719513 84.302230998873711 40.180673778057098 272.44889958202839 88.647005185484886 153.05403828620911 202.28204083442688 390.88634788990021 199.58922518789768 95.516927137970924 538.40125384926796 89.810088634490967 97.025940150022507 325.47745154798031
leaf_count=631 1046 364 201 822 289 453 590 1293 638 277 1613 285 292 1040
internal_value=-0.000137145 0.00269268 -0.00250696 -0.00176947 0.00202184 0.00139123 -0.00139072 -0.00214222 -0.00350303 -0.000111799 0.00112697 0.00123131 -0.00460293 -0.00125582
internal_weight=3092.23 1404.21 1688.02 1520.67 1319.91 1231.27 1480.49 1278.21 915.953 883.998 691.455 362.259 192.543 525.067
internal_count=9834 4334 5500 4869 3970 3681 4668 4078 2971 2635 2066 1107 569 1678
is_linear=0
shrinkage=0.025


Tree=190
num_leaves=15
num_cat=0
split_feature=26 38 24 6 46 24 6 22 12 42 14 44 32 28
split_gain=9.7796 8.41854 12.6167 9.99168 10.1325 9.5431 9.67316 13.4561 12.216 8.95469 6.66748 6.65944 8.10961 6.34975
threshold=0.14831315580347512 385.00000000000006 0.16341201386145468 14.626881797246153 135.50000000000003 0.16659032199753182 10.328351792226099 0.16836490597659612 0.15419438627886475 38.500000000000007 0.22181656668348224 32.500000000000007 1.067787843806465 12.659263052298508
decision_type=2 2 2 2 2 2 2 2 2 2 2 2 2 2
left_child=10 3 -3 5 -5 -2 -7 -8 9 -9 11 -1 -13 -14
right_child=1 2 -4 4 -6 6 7 8 -10 -11 -12 12 13 -15
leaf_value=0.004777031811441769 -0.007049352838428842 -0.0058769248614479117 0.017494098933715466 -0.013374528517702955 0.0044908426783692931 -0.0049694446672966224 0.027412053473382783 0.00022947298218054771 -0.0049397000950138336 0.02344222107913118 -0.0073516093985720194 -0.0030165936050265776 -0.00049734917868786551 0.01779161974695917
leaf_weight=467.64305105805397 91.260794151574373 21.228241600096226 26.159111864864826 88.765208829194307 20.094116643071175 56.405070804059505 12.871346071362494 23.08619349449873 49.304966486990452 18.171582072973251 34.116106774657965 166.90436900034547 18.157141204923391 18.763661421835423
leaf_count=3598 886 252 246 1106 208 502 120 230 490 174 378 1366 144 134
internal_value=0.000760437 -0.00227444 0.00698564 -0.00364101 -0.00980483 -0.000731929 0.00282778 0.00734343 0.00294454 0.0124225 0.00255139 0.00314212 -0.000513773 0.00921444
internal_weight=1112.93 407.347 47.3874 359.959 108.859 251.1 159.839 103.434 90.5627 41.2578 705.584 671.468 203.825 36.9208
internal_count=9834 4214 498 3716 1314 2402 1516 1014 894 404 5620 5242 1644 278
is_linear=0
shrinkage=0.025


Tree=191
num_leaves=15
num_cat=0
split_feature=17 5 19 33 21 5 57 43 27 20 54 34 55 31
split_gain=33.2395 14.6662 13.6524 11.744 10.1357 8.00067 7.77876 7.34659 7.11404 6.78146 6.62569 6.22463 5.54764 6.18438
threshold=-0.0096538430021334987 -5.2125823043413932 0.020395466930561556 -37.499999999999993 0.0061911079690230011 5.2885208323790431 -0.5619287873108546 -1.0000000180025095e-35 0.065711283884424224 0.15836968029246781 -0.031048307593522898 248.50000000000003 -0.036449238340613144 -0.04604752269371009
decision_type=2 2 2 2 2 2 2 2 2 2 2 2 2 2
left_child=1 8 3 -2 7 6 9 -3 -1 -5 -11 -4 13 -6
right_child=2 4 11 5 12 -7 -8 -9 -10 10 -12 -13 -14 -15
leaf_value=0.0027932171051250169 -0.0048589990720109199 0.0069393909788567094 -0.0088111742661048913 -0.0053071653079951563 0.0040382870246902904 -0.0098977696975409736 0.0018014571833710462 0.0013543937020196141 0.016736099575639134 0.008483767056011832 -0.0036895400356460116 0.0021840663085221854 0.0019961674572562759 -0.0050276952090305181
leaf_weight=44.975212052464485 428.01935136318207 313.86831726133823 239.5767876803875 215.78072500228882 53.436481297016144 43.999319478869438 769.4922388792038 303.69598332047462 64.109264552593231 50.193130865693092 49.135751515626907 31.009862378239632 279.75528898835182 205.51926702260971
leaf_count=184 1429 996 935 669 151 205 2251 949 284 154 154 110 787 576
internal_value=-0.000129245 0.00297005 -0.00229143 -0.00135886 0.00208979 0 0.000428601 0.00426598 0.011581 -0.00282157 0.00233406 -0.00744361 -0.000375244 -0.00302113
internal_weight=3092.57 1265.36 1827.21 1556.62 1156.28 1128.6 1084.6 617.564 109.084 315.11 99.3289 270.587 538.711 258.956
internal_count=9834 3927 5907 4862 3459 3433 3228 1945 468 977 308 1045 1514 727
is_linear=0
shrinkage=0.025


Tree=192
num_leaves=15
num_cat=0
split_feature=17 37 41 19 25 56 33 57 29 17 9 44 55 52
split_gain=31.8614 15.5231 12.9257 12.724 12.4557 12.2652 10.4896 10.4022 9.00622 7.61214 7.60271 7.54125 7.00975 6.66341
threshold=0.021110738276015603 -11.499999999999998 129.50000000000003 0.00041735769757295001 0.032603960168680307 0.074064758809413808 34.500000000000007 0.024968101963135102 -0.029052929825890045 0.077618662101002003 0.033238913784035005 37.500000000000007 -1.4596855869987329 0.96457516339869287
decision_type=2 2 2 2 2 2 2 2 2 2 2 2 2 2
left_child=1 -1 3 9 6 10 7 12 -8 -2 -6 -5 -3 -9
right_child=2 4 -4 11 5 -7 8 13 -10 -11 -12 -13 -14 -15
leaf_value=-0.0077224791051518048 0.00071272344160505739 -0.0047498041863542608 -0.0084723999942934603 0.0091871373081286178 0.0076297557527442959 0.013342315768313235 -0.0083709677101874436 -0.0044046479769257584 -0.0013324386898715531 0.011175028357090493 -0.003693023779594603 -0.0022049364690974135 0.0026604182453671887 0.0016476826633233359
leaf_weight=240.86944301426411 454.55492977797985 85.902677372097969 45.165112137794495 330.67440471053123 53.686473235487938 63.748768091201782 232.3583177626133 450.30735823512077 241.26951743662357 44.158068180084229 94.397276595234871 34.94893778860569 572.31751152873039 141.55619648098946
leaf_count=985 1310 264 136 1185 152 186 819 1379 730 178 272 117 1698 423
internal_value=-0.000138476 -0.00178814 0.00376999 0.00448351 -0.00101876 0.00460242 -0.00173535 -0.000505826 -0.0048891 0.00179046 0.000363768 0.00801569 0.00162712 -0.00291355
internal_weight=3085.91 2176.41 909.501 864.336 1935.54 211.833 1723.71 1250.08 473.628 498.713 148.084 365.623 658.22 591.864
internal_count=9834 6908 2926 2790 5923 610 5313 3764 1549 1488 424 1302 1962 1802
is_linear=0
shrinkage=0.025


Tree=193
num_leaves=15
num_cat=0
split_feature=10 12 8 2 8 54 44 46 4 4 52 52 36 18
split_gain=9.40968 5.99575 4.93161 7.58476 11.6119 5.20956 4.91574 9.30943 7.9642 19.9468 7.16963 8.33222 8.75064 7.3855
threshold=1.9626754775558803 0.067174253862086863 152.2854342625109 0.050926107076628355 148.70054918141562 -0.13645598927894073 32.500000000000007 150.50000000000003 23.038992358727231 22.860028938325204 0.095259700976579306 0.36242408906882589 54.150000000000013 0.095205913700057862
decision_type=2 2 2 2 2 2 2 2 2 2 2 2 2 2
left_child=2 -2 3 4 5 -1 7 8 9 -3 -10 12 -12 -13
right_child=1 6 -4 -5 -6 -7 -8 -9 10 -11 11 13 -14 -15
leaf_value=0.006157302705648039 0.01026965886886174 -0.0020935191543368929 -0.0007215170554513194 0.017497588371812856 0.014623560902462885 -0.0072472721439641582 -0.0039834237305982189 0.017897166140496048 -0.0059836650149908167 0.016945022312951977 0.012563986623138122 0.0085141037492886453 -0.00058651559065705681 -0.0035187142421558553
leaf_weight=23.086245462298393 27.480608731508255 83.838361423462629 45.527865212410688 36.25328079238534 35.193700298666954 42.484662756323814 207.31022182106972 13.3930207490921 153.15555418282747 50.211449604481459 55.496175494045019 30.707110252231359 58.261047355830669 250.22483543306589
leaf_count=130 144 632 312 220 200 258 1968 116 1566 388 526 232 556 2586
internal_value=0.000761547 -0.000241508 0.00587565 0.00819199 0.00393871 -0.00207166 -0.000643891 0.000337473 -9.87853e-05 0.0052109 -0.00147859 0.000260003 0.00587728 -0.00199016
internal_weight=1112.62 930.078 182.546 137.018 100.765 65.5709 902.598 695.288 681.895 134.05 547.845 394.689 113.757 280.932
internal_count=9834 8714 1120 808 588 388 8570 6602 6486 1020 5466 3900 1082 2818
is_linear=0
shrinkage=0.025


Tree=194
num_leaves=15
num_cat=0
split_feature=17 25 33 29 35 17 14 40 5 17 36 27 43 15
split_gain=32.1368 19.1045 15.7291 9.71891 9.5451 9.22795 8.85715 8.84324 8.27588 8.26398 7.28416 6.56175 6.34127 6.51483
threshold=-0.036069798295387388 0.031993605724577608 -2.4999999999999996 0.10487320901186865 -0.84999999999999953 0.036058910320779951 0.18597094312841933 36.500000000000007 -5.2125823043413932 0.020053974760406806 52.750000000000007 0.065711283884424224 8.5000000000000018 -0.026057249603677595
decision_type=2 2 2 2 2 2 2 2 2 2 2 2 2 2
left_child=8 2 3 6 12 -6 9 -8 11 -2 -10 -1 13 -4
right_child=1 -3 4 -5 5 -7 7 -9 10 -11 -12 -13 -14 -15
leaf_value=0.0029917503125442163 -0.0015702188477743002 -0.0082345194916332767 0.0062350155449385283 -0.011545538220709604 0.0044575562818522201 -0.002906457292383167 0.0050504530784924347 -0.0053607017686133343 0.00049214382008150174 -0.0070627244079975744 0.0071562289652802166 0.016600888309720226 0.0063080613177363565 -0.0035405360698061127
leaf_weight=44.237294137477875 577.51308287680149 222.10746189951897 41.741575956344604 69.434661254286766 601.74810229241848 121.02863168716431 174.14749118685722 64.791587382555008 227.96139526367188 252.2010782957077 196.65775512158871 63.188279271125793 52.956624031066895 376.41800579428673
leaf_count=182 1673 806 122 269 1726 436 562 212 730 912 637 284 161 1122
internal_value=-0.00012879 -0.00130326 -0.000616195 -0.00272066 0.00137203 0.00317861 -0.00207289 0.00207283 0.00542236 -0.00330198 0.0036841 0.0116014 -0.00135134 -0.0024435
internal_weight=3086.13 2554.09 2331.98 1138.09 1193.89 722.777 1068.65 238.939 532.045 829.714 424.619 107.426 471.116 418.16
internal_count=9834 8001 7195 3628 3567 2162 3359 774 1833 2585 1367 466 1405 1244
is_linear=0
shrinkage=0.025


Tree=195
num_leaves=15
num_cat=0
split_feature=37 5 5 35 19 19 56 43 47 56 51 51 43 54
split_gain=30.6538 14.5453 11.3911 10.1926 9.65443 9.072 8.39558 7.91441 7.55783 8.34154 7.41299 7.20108 6.91542 6.68194
threshold=1.0000000180025095e-35 5.2885208323790431 -5.392071789752424 -3.4999999999999978 0.037207008293156159 -0.014681373317160499 0.3156224474005056 -1.0000000180025095e-35 11.500000000000002 -0.69553662576454112 -0.34166692996480225 -0.11085447540794899 5.5000000000000009 -0.11122563511022424
decision_type=2 2 2 2 2 2 2 2 2 2 2 2 2 2
left_child=2 3 -1 13 10 6 12 11 9 -9 -5 -7 -4 -2
right_child=1 -3 5 4 -6 7 -8 8 -10 -11 -12 -13 -14 -15
leaf_value=-0.011564780403528785 0.0017038787949082241 0.011813415674669907 -0.0047680338909091811 0.0034843717924395896 0.010998656274517101 0.0009257992663047062 -0.011824987209087085 0.0056711835798989862 -0.0055424728510149067 -0.00035420678408872974 -0.0016240152845488423 -0.0050622475417662367 0.0047076949520334539 0.0085615547337089277
leaf_weight=77.286661475896835 188.8982991874218 95.237672299146652 253.85521002113819 239.34402661025524 45.785969123244286 178.48314927518368 89.786639273166656 233.01182143390179 88.820562154054642 342.93335683643818 639.28678834438324 364.06432956457138 52.366620808839798 190.0038301050663
leaf_count=412 563 425 877 722 147 530 337 702 277 1041 1893 1151 173 584
internal_value=-0.000139683 0.00258108 -0.0024196 0.00184477 0.000391247 -0.00192864 -0.00519943 -0.000818152 0.000980299 0.0020683 -0.000192327 -0.00305622 -0.00301767 0.00527456
internal_weight=3079.16 1398.56 1680.61 1303.32 924.417 1603.32 396.008 1207.31 664.766 575.945 878.631 542.547 306.222 378.902
internal_count=9834 4334 5500 3909 2762 5088 1387 3701 2020 1743 2615 1681 1050 1147
is_linear=0
shrinkage=0.025


Tree=196
num_leaves=15
num_cat=0
split_feature=10 12 31 31 44 6 14 18 12 38 44 36 54 34
split_gain=9.0351 5.76887 5.60597 8.36965 4.83349 11.1129 4.96155 5.93642 6.92253 5.85186 4.73701 4.31213 4.10083 5.49857
threshold=1.9626754775558803 0.067174253862086863 0.06313892019253807 -0.063577922833893241 10.500000000000002 11.421530219627867 0.080624019122911214 0.097442537026813505 0.091571980468980421 364.50000000000006 26.500000000000004 51.250000000000007 0.97607377082320868 170.50000000000003
decision_type=2 2 2 2 2 2 2 2 2 2 2 2 2 2
left_child=2 -2 3 -1 5 -3 -6 8 -8 -9 -10 -7 13 -11
right_child=1 4 -4 -5 6 11 7 9 10 12 -12 -13 -14 -15
leaf_value=0.016748290805944591 0.010057971529225706 0.018700861310590119 0.016913726659461985 0.001057416601789096 -0.0079242712245589098 0.0068099785256805646 -0.0028795734607962279 -0.0085431220612550655 0.018192230781332887 0.00024374460677966336 0.0019953479273207677 -0.0084683098550594523 0.011266265062429191 -0.0053464829726708627
leaf_weight=21.228621248155832 27.682087078690529 20.905891723930836 21.117517575621605 140.89968015998602 57.838485360145569 13.732531141489742 31.275344271212816 59.564950779080391 23.835405725985765 497.87667784839869 27.36555078625679 22.7527433373034 12.50830305367708 133.50737751275301
leaf_count=130 144 158 130 860 438 150 240 618 166 4846 202 246 126 1380
internal_value=0.000765829 -0.000219314 0.00576537 0.00370112 -0.000616358 0.00604271 -0.00113167 -0.000553249 0.00554097 -0.00133711 0.0109279 -0.00198747 -0.000571282 -0.000931755
internal_weight=1112.09 928.845 183.246 162.128 901.163 57.3912 843.772 785.934 82.4763 703.457 51.201 36.4853 643.892 631.384
internal_count=9834 8714 1120 990 8570 554 8016 7578 608 6970 368 396 6352 6226
is_linear=0
shrinkage=0.025


Tree=197
num_leaves=15
num_cat=0
split_feature=17 25 29 35 51 43 25 5 36 51 29 27 19 4
split_gain=30.7322 18.2267 14.7612 13.3385 11.2536 9.64815 9.45551 8.11772 7.07487 6.88299 8.35543 6.49991 6.31973 5.55593
threshold=-0.036069798295387388 0.031993605724577608 0.013958894902521002 1.5499999999999992 0.23259219536341888 -1.0000000180025095e-35 -0.033421422680923692 -5.2125823043413932 52.750000000000007 -0.13340108401084003 -0.043536287112824444 0.065711283884424224 -0.01151799854376835 23.166812108471145
decision_type=2 2 2 2 2 2 2 2 2 2 2 2 2 2
left_child=7 2 3 12 5 6 -4 11 -9 -5 -11 -1 -2 -3
right_child=1 13 4 9 -6 -7 -8 8 -10 10 -12 -13 -14 -15
leaf_value=0.0028957422136133603 0.0028809632823197807 -0.0022482985225332603 0.0073568303539469681 -7.7070822528613626e-05 0.0026090318930985516 -0.0066753826251780297 -0.0028445116704790803 0.00044522201084263522 0.007020720102157949 0.012587370410937727 0.0036726534431909923 0.016476649788115114 -0.0023006997826981561 -0.011059483378024983
leaf_weight=44.045513570308685 191.55365474522114 80.717056676745415 60.851154580712318 153.01813372969627 188.7280505746603 427.05609367787838 379.94502507150173 227.66283918917179 195.9191090464592 90.676796421408653 281.4045756906271 62.342204466462135 555.46970534324646 140.06411236524582
leaf_count=182 556 285 182 441 591 1447 1274 730 637 267 815 284 1622 521
internal_value=-0.000129584 -0.00127833 -0.0006078 0.0011908 -0.00279227 -0.00400373 -0.00131344 0.00531017 0.00359134 0.00423318 0.00604958 0.0114608 -0.00092844 -0.00806999
internal_weight=3079.45 2549.48 2328.7 1272.12 1056.58 867.852 440.796 529.97 423.582 525.1 372.081 106.388 747.023 220.781
internal_count=9834 8001 7195 3701 3494 2903 1456 1833 1367 1523 1082 466 2178 806
is_linear=0
shrinkage=0.025


Tree=198
num_leaves=15
num_cat=0
split_feature=11 37 25 56 41 34 35 9 19 57 56 50 51 51
split_gain=29.4372 14.2004 11.1292 13.5608 11.1042 11.5014 9.81573 9.32202 8.88179 8.08496 8.04747 7.74058 7.2904 6.97232
threshold=0.017448020673611755 -11.499999999999998 0.033194507059910956 0.074064758809413808 129.50000000000003 19.500000000000004 -0.90000000000000024 0.032763775441255208 0.00041735769757295001 -1.0785017368787215 -1.0058686282981819 1.0000000180025095e-35 0.22727272727272727 -0.038991025137411546
decision_type=2 2 2 2 2 2 2 2 2 2 2 2 2 2
left_child=1 -1 6 7 5 -2 9 -4 12 10 -3 -11 -7 -8
right_child=4 2 3 -5 -6 8 13 -9 -10 11 -12 -13 -14 -15
leaf_value=-0.0074762934304148211 -0.0082864858613359745 0.0030220755439635482 0.0080121289052620982 0.013814989822495502 -0.0077085932438826776 0.0041577743279462278 -0.00079802235429517188 -0.0047328869853654337 0.0077839904124176393 0.010789506097938873 -0.0050282245888115225 0.0012023609942133186 -0.0028552314436922177 -0.0052598528793009885
leaf_weight=238.80194155871868 38.455175161361694 107.15542936325073 52.547636926174164 60.495534241199493 46.267865806818008 386.94727130234241 394.23092798888683 90.1792181879282 360.92911472916603 59.29852220416069 232.60265354812145 352.93888953328133 113.05507719516754 539.3253078609705
leaf_count=987 116 344 150 177 139 1165 1189 260 1295 170 761 998 327 1756
internal_value=-0.000141309 -0.00177983 -0.00102858 0.00439639 0.00350879 0.00415293 -0.00170851 0 0.00478207 0.000387511 -0.00240974 0.00275412 0.00251 -0.00341659
internal_weight=3073.23 2127.58 1888.77 203.222 945.655 899.387 1685.55 142.727 860.931 751.995 339.758 412.237 500.002 933.556
internal_count=9834 6792 5805 587 3042 2903 5218 410 2787 2273 1105 1168 1492 2945
is_linear=0
shrinkage=0.025


Tree=199
num_leaves=15
num_cat=0
split_feature=26 38 26 6 46 20 22 26 10 12 52 16 46 38
split_gain=9.01592 8.24245 11.774 9.76295 10.0027 6.69219 9.41276 9.23505 10.2653 13.7728 8.47707 6.8115 6.35489 6.95833
threshold=0.14831315580347512 385.00000000000006 0.16334617780546293 14.626881797246153 135.50000000000003 0.15378263037942039 0.15685917603429222 0.16475986207322754 2.1593395349258055 0.12750572444234523 0.090230664857530521 0.098553439973899523 51.500000000000007 388.50000000000006
decision_type=2 2 2 2 2 2 2 2 2 2 2 2 2 2
left_child=12 3 -3 5 -5 -2 -7 -8 9 11 -11 -9 -1 -14
right_child=1 2 -4 4 -6 6 7 8 -10 10 -12 -13 13 -15
leaf_value=0.012740587581724137 -0.012235578709428801 -0.0056459929172888732 0.016970107955063832 -0.013275335706953446 0.0045055006697796935 0.014823892097089134 -0.010615475473010005 0.006546730429620235 -0.00667621795123584 -0.0006397240764106733 0.017377894730586999 -0.012484482693587512 0.0026441495826887134 -0.0064282444712805177
leaf_weight=31.810637921094894 22.995282415300608 20.701732896268368 26.623751003295183 87.080743245780468 20.075665306299925 21.249153394252062 43.897509224712849 13.654269453138111 53.455295477062464 18.805836640298367 51.497316133230925 24.375372793525457 623.85786479711533 51.578795365989208
leaf_count=214 222 244 254 1106 208 204 430 106 560 188 460 232 4924 482
internal_value=0.000769628 -0.00215839 0.00700513 -0.00352185 -0.00966886 -0.00065034 0.000654268 -0.00100798 0.00168899 0.00614971 0.0125038 -0.00510373 0.0024824 0.00187246
internal_weight=1111.66 404.412 47.3255 357.086 107.156 249.93 226.935 205.686 161.788 108.333 70.3032 38.0296 707.247 675.437
internal_count=9834 4214 498 3716 1314 2402 2180 1976 1546 986 648 338 5620 5406
is_linear=0
shrinkage=0.025


Tree=200
num_leaves=15
num_cat=0
split_feature=11 37 15 25 41 34 19 33 19 56 29 31 33 12
split_gain=29.5843 14.2385 11.7072 11.3778 9.67252 9.56415 8.54765 8.29037 9.37406 8.02554 7.85396 7.37493 6.98246 7.56431
threshold=-0.017448020673611748 11.500000000000002 -0.076650810768733438 -0.017863183170440496 -129.49999999999997 19.500000000000004 -0.00040025233954904993 -3.4999999999999996 0.031858610893316056 0.26575443989599989 0.015292671580030401 0.0118369939966358 -52.499999999999993 0.17959320859702982
decision_type=2 2 2 2 2 2 2 2 2 2 2 2 2 2
left_child=2 3 -1 9 -4 -6 -7 10 -9 11 -5 -2 -8 -14
right_child=1 -3 4 7 5 6 12 8 -10 -11 -12 -13 13 -15
leaf_value=0.011997050356259699 0.0035931552130824525 -0.0074758972975599892 -0.0083765244974828099 -0.00084694917901904042 -0.0082440821079232795 0.006930692855187515 -0.0052815262158770349 0.00054025798003642619 -0.009092210999006976 0.0081103925394455899 -0.0065281377268568688 -0.0031716551738321004 0.004940264567999883 -0.0029372949448345374
leaf_weight=88.982204258441925 212.86745105683804 238.85716882348061 41.966516762971878 271.42189361155033 37.448111593723297 322.98172274231911 71.744354337453842 670.16724751889706 64.441976964473724 106.43910862505436 382.40159995853901 180.6999441832304 287.95624457299709 94.938382387161255
leaf_count=390 607 987 123 820 111 1111 202 1975 226 308 1352 517 828 277
internal_value=-0.000129756 -0.00177279 0.00352853 -0.0010204 0.00255579 0.00319681 0.00382886 -0.00219224 -0.000326681 0.00217358 -0.00423198 0.000423656 0.00151947 0.0029099
internal_weight=3073.31 2127.3 946.018 1888.44 857.035 815.069 777.621 1388.43 734.609 500.007 653.823 393.567 454.639 382.895
internal_count=9834 6792 3042 5805 2652 2529 2418 4373 2201 1432 2172 1124 1307 1105
is_linear=0
shrinkage=0.025


Tree=201
num_leaves=15
num_cat=0
split_feature=17 25 33 46 37 35 23 29 5 36 27 48 56 4
split_gain=28.5817 17.4795 14.1371 10.5125 9.92665 9.41925 8.68875 10.4593 7.97192 7.032 6.65735 6.12824 6.08389 6.04398
threshold=0.036058910320779951 -0.032747413441174496 2.5000000000000004 51.500000000000007 -10.499999999999998 0.84999999999999976 0.032689898008769556 -0.014812162198587348 5.2885208323790431 52.750000000000007 -0.066461690424536937 18.500000000000004 -0.15370572117904421 22.991241801746401
decision_type=2 2 2 2 2 2 2 2 2 2 2 2 2 2
left_child=1 13 4 -4 -3 -6 7 -5 9 -2 -10 -7 -8 -1
right_child=8 2 3 6 5 11 12 -9 10 -11 -12 -13 -14 -15
leaf_value=0.00031962452433884092 0.00030612673398380878 -0.0061132906211782074 -0.013631964034883041 -0.0050914861916452657 0.003852352181522402 -0.0021133411526375657 -0.00060120605625574005 7.2034358055673742e-05 0.016401135585314197 0.0068528382026879428 0.002486890116420698 0.0059535093837860846 0.010221547117649055 -0.010100855557809211
leaf_weight=37.355580493807793 227.33127596974373 97.766835778951645 47.565963268280029 550.96385312080383 661.10009388625622 373.01196521520615 65.696361213922501 421.54764761030674 60.88998156785965 196.28026281297207 41.991138190031052 63.879072248935699 51.566155195236206 169.41084709763527
leaf_count=119 736 367 149 1921 1940 1092 192 1234 276 644 178 188 154 644
internal_value=-0.000140653 -0.00124957 -0.000612391 -0.00260942 0.00126921 0.00197396 -0.00204541 -0.0028388 0.0051233 0.00344243 0.0113322 -0.000823271 0.004177 -0.00813708
internal_weight=3066.36 2539.86 2333.1 1137.34 1195.76 1097.99 1089.77 972.512 526.493 423.612 102.881 436.891 117.263 206.766
internal_count=9834 8000 7237 3650 3587 3220 3501 3155 1834 1380 454 1280 346 763
is_linear=0
shrinkage=0.025


Tree=202
num_leaves=15
num_cat=0
split_feature=26 38 24 6 24 56 6 6 56 24 38 26 56 56
split_gain=8.65583 7.99961 11.7699 9.56613 9.2213 9.85858 7.12091 9.11914 9.00171 6.3799 7.78117 6.47129 6.88531 5.62305
threshold=0.14831315580347512 385.00000000000006 0.16341201386145468 14.626881797246153 0.16659032199753182 0.59272555899550927 10.432700508092344 13.046932326325324 -0.15370572117904421 0.14675152852038861 388.50000000000006 0.063795489785234458 -0.44613397192768528 -1.5532144673676658
decision_type=2 2 2 2 2 2 2 2 2 2 2 2 2 2
left_child=9 3 -3 4 -2 6 -6 8 -8 10 11 12 -1 -13
right_child=1 2 -4 -5 5 -7 7 -9 -10 -11 -12 13 -14 -15
leaf_value=0.019525983070162581 -0.0068881060786369144 -0.0056894730812026006 0.016875547379923032 -0.0095792806141743285 -0.0074332322969889097 0.01541349419740709 0.017515957057365705 -0.0054426336769745603 -0.0017163166829766133 0.014726294853646519 -0.0069970911789970867 -0.0040127086847211307 0 0.0028962867823938733
leaf_weight=23.602315999567509 90.01873405277729 20.856172733008862 26.666141714900732 106.07164360582829 47.484508033841848 26.629904311150312 33.164163880050182 31.881737928837538 20.308858849108219 21.204480905085802 50.089399561285973 78.632104437798262 22.253165856003761 512.55580200254917
leaf_count=128 886 252 246 1314 432 246 308 330 200 198 474 638 138 4044
internal_value=0.000769201 -0.0021062 0.00689755 -0.0034579 -0.000620034 0.00286806 0 0.00414267 0.0102619 0.0024438 0.001925 0.0027145 0.0113936 0.00190946
internal_weight=1111.42 403.082 47.5223 355.56 249.488 159.469 132.839 85.3548 53.473 708.337 687.133 637.043 45.8555 591.188
internal_count=9834 4214 498 3716 2402 1516 1270 838 508 5620 5422 4948 266 4682
is_linear=0
shrinkage=0.025


Tree=203
num_leaves=15
num_cat=0
split_feature=37 5 15 35 23 23 56 43 16 51 46 51 43 54
split_gain=28.3746 13.4664 11.0401 9.6777 10.6033 9.28123 9.48657 8.6065 7.27253 7.08608 7.03407 6.9252 6.92794 6.69287
threshold=-1.0000000180025095e-35 -5.2125823043413932 0.069539296116370261 3.4999999999999987 -0.041116152890384387 0.014457767332001803 0.46751220599071491 -5.4999999999999991 0.19309856474274803 0.34148334130400138 71.500000000000014 -0.49970963995354234 3.5000000000000004 -0.11122563511022424
decision_type=2 2 2 2 2 2 2 2 2 2 2 2 2 2
left_child=1 -1 5 4 -3 8 7 -7 11 -6 -9 -2 -13 -5
right_child=2 3 -4 13 9 6 -8 10 -10 -11 -12 12 -14 -15
leaf_value=0.011401827264118043 -0.0062557793382350584 0.011599221672162098 -0.010132774140482475 0.001558950537008571 -0.0016431502253981397 0.0050687633087312858 -0.012241830146765434 0.0048268512121546325 0.0038088114071209776 0.0033571211961237824 -0.0062471602320685118 0.00095706983166657801 -0.0041719423826917052 0.0084270691042337958
leaf_weight=94.662602975964546 153.58360742032528 44.770617797970772 102.69413393735886 188.11433379352093 638.92850966751575 62.545804664492607 84.582039058208466 35.304633140563965 190.26740317046642 238.39241240918636 251.55068448185921 567.83907553553581 224.20064273476601 188.95847623050213
leaf_count=435 484 145 520 560 1893 209 315 118 584 719 876 1703 691 582
internal_value=-0.000130806 0.0024901 -0.00233074 0.00178036 0.000362776 -0.00177394 -0.00486908 -0.00286623 -0.000553333 -0.000244779 -0.00473923 -0.00147275 -0.000480484 0.00513137
internal_weight=3066.39 1393.83 1672.57 1299.16 922.092 1569.87 433.983 349.401 1135.89 877.321 286.855 945.623 792.04 377.073
internal_count=9834 4334 5500 3899 2757 4980 1518 1203 3462 2612 994 2878 2394 1142
is_linear=0
shrinkage=0.025


Tree=204
num_leaves=15
num_cat=0
split_feature=17 19 33 46 35 50 50 17 5 34 29 16 11 35
split_gain=27.3905 16.774 12.2954 11.5803 9.21109 10.0665 8.10037 8.44105 7.73745 7.66617 7.85379 7.14077 8.03216 10.448
threshold=0.036058910320779951 -0.020005474037913248 36.500000000000007 51.500000000000007 0.84999999999999976 61.500000000000007 66.500000000000014 -0.033982554512500839 5.2885208323790431 240.50000000000003 -0.014812162198587348 0.21638289960755572 -0.020986939926923697 -5.8499999999999988
decision_type=2 2 2 2 2 2 2 2 2 2 2 2 2 2
left_child=1 9 4 -4 6 -6 7 -3 -2 10 -1 12 -5 -14
right_child=8 2 3 11 5 -7 -8 -9 -10 -11 -12 -13 13 -15
leaf_value=-0.011974109756867796 0.0033695102556655213 -0.0015520597883142994 -0.016209181105787462 -0.0079830270956991727 -0.0032771566544927094 0.0047659137304360572 -0.0031445803938385851 0.0045903192695780481 0.011176739909641808 0.0027184994260318895 -0.003990615009252828 0.0062301041393446124 0.0080541999584233716 -0.003086854948722286
leaf_weight=132.14298112690449 422.74545536935329 167.71741263568401 36.746558293700218 152.92978990077972 464.78222815692425 115.9857135862112 134.64992196857929 655.05634944140911 101.78376376628876 50.732270926237106 228.50518277287483 48.476063892245293 58.46939979493618 289.61399188637733
leaf_count=580 1380 605 116 594 1407 347 400 1885 454 169 716 164 166 851
internal_value=-0.000140438 -0.0012261 -0.000313601 -0.00338699 0.000848708 -0.00160122 0.00236139 0.00330622 0.00502293 -0.00581796 -0.00710791 -0.002346 -0.00327856 -0.00105707
internal_weight=3060.34 2535.81 2124.43 586.236 1538.19 580.768 957.424 822.774 524.529 411.38 360.648 549.489 501.013 348.083
internal_count=9834 8000 6535 1891 4644 1754 2890 2490 1834 1465 1296 1775 1611 1017
is_linear=0
shrinkage=0.025


Tree=205
num_leaves=15
num_cat=0
split_feature=4 4 44 30 46 26 24 12 46 30 38 18 6 24
split_gain=8.38632 13.4858 12.1799 8.44202 7.24524 6.99919 6.98919 8.15706 8.74276 7.42535 5.54073 15.3434 8.26289 6.56684
threshold=23.038992358727231 22.867023697951538 30.500000000000004 1.3912098729538833 70.500000000000014 0.063795489785234458 0.083337026309253867 0.10668189587905591 150.50000000000003 1.4693809600323957 370.50000000000006 0.080938606926984263 4.7523759419866929 0.086140927205624912
decision_type=2 2 2 2 2 2 2 2 2 2 2 2 2 2
left_child=1 3 4 10 -3 -2 -7 -8 -9 -10 12 -12 -1 -13
right_child=5 2 -4 -5 -6 6 7 8 9 -11 11 13 -14 -15
leaf_value=0.0083320930278463125 0.013139522826041536 0.0036240135537602678 -0.002046326629989487 -0.0065155590198292344 0.023548728092911222 -0.0092121719594389206 0.0062024957987180211 -0.0021052983393421818 -0.00048251050136508336 0.021056921357946581 -0.007587585235502738 0.0026692495145624528 -0.0055967208855243955 0.023787328487652283
leaf_weight=39.972652077674866 17.384424403309822 22.264789685606956 23.013619866222143 63.029333330690861 41.120174925774336 54.931736323982477 98.078574296087027 596.27645982801914 15.729030746966602 14.449445299804209 18.731054067611694 18.983899109065533 60.195346176624298 27.096458554267883
leaf_count=198 116 152 170 504 278 412 726 6158 152 124 126 126 400 192
internal_value=0.000767412 0.00420024 0.0123367 0.000811273 0.0176922 -0.000573623 -0.000993135 -0.00027686 -0.00137195 0.0106469 0.00386684 0.00927422 0 0.0166895
internal_weight=1111.26 314.407 86.3986 228.009 63.385 796.85 779.465 724.534 626.455 30.1785 164.979 64.8114 100.168 46.0804
internal_count=9834 2146 600 1546 430 7688 7572 7160 6434 276 1042 444 598 318
is_linear=0
shrinkage=0.025


Tree=206
num_leaves=15
num_cat=0
split_feature=17 25 33 46 37 25 56 35 17 43 46 49 54 43
split_gain=27.5124 16.5879 13.4583 10.3304 9.41123 9.0561 9.30457 8.56897 7.73987 6.73366 6.66163 6.44464 6.45757 5.65218
threshold=-0.036069798295387388 0.031993605724577608 -2.4999999999999996 51.500000000000007 10.500000000000002 -0.026537903426433546 -0.16596819531681761 -0.84999999999999953 -0.088853805663273874 8.5000000000000018 136.50000000000003 14.500000000000002 -0.67666636854184803 -4.4999999999999991
decision_type=2 2 2 2 2 2 2 2 2 2 2 2 2 2
left_child=8 2 3 -2 7 6 -5 9 -1 13 -10 12 -7 -4
right_child=1 -3 4 5 -6 11 -8 -9 10 -11 -12 -13 -14 -15
leaf_value=0.014043706187872845 -0.01352051768692788 -0.0077452645700100617 0.0031726209269751907 -0.0016826299053936539 -0.0059640356986157541 0.0027798421723821691 0.0096090870758485936 0.0037418930323617513 0.0050601614476833388 0.00767019831360075 -0.0032682242324837936 0.0039706168980697936 -0.0043361364560061746 -0.0036330889609801314
leaf_weight=51.394117891788483 46.997440367937088 217.71615563333035 94.540670573711395 98.639686971902847 96.715319991111755 81.1474329829216 73.788597717881203 658.11557829380035 410.07127656042576 46.695954203605652 62.845116719603539 69.314645648002625 759.76050823926926 292.77131266891956
leaf_count=234 147 806 278 289 365 269 220 1932 1391 137 208 221 2482 855
internal_value=-0.000130855 -0.0012186 -0.000579612 -0.00253549 0.00126078 -0.00197568 0.00314324 0.00194764 0.00504539 -0.000727792 0.00387849 -0.00298458 -0.00360752 -0.00188887
internal_weight=3060.51 2536.2 2318.49 1129.65 1188.84 1082.65 172.428 1092.12 524.311 434.008 472.916 910.223 840.908 387.312
internal_count=9834 8001 7195 3628 3567 3481 509 3202 1833 1270 1599 2972 2751 1133
is_linear=0
shrinkage=0.025


Tree=207
num_leaves=15
num_cat=0
split_feature=17 25 33 37 29 14 40 17 5 19 57 29 36 27
split_gain=26.3359 16.274 12.925 9.34248 8.54323 8.14369 8.50333 8.4062 7.57108 7.20074 7.52993 6.95788 6.83602 6.69943
threshold=0.036058910320779951 -0.032747413441174496 2.5000000000000004 -10.499999999999998 -0.10393794016667744 0.18597094312841933 36.500000000000007 -0.020088032125637745 5.2885208323790431 0.042504554883953508 0.024968101963135102 0.027060272265632304 52.750000000000007 -0.066461690424536937
decision_type=2 2 2 2 2 2 2 2 2 2 2 2 2 2
left_child=1 -1 3 -3 -4 7 -7 -6 12 10 11 -5 -2 -10
right_child=8 2 4 9 5 6 -8 -9 13 -11 -12 -13 -14 -15
leaf_value=-0.0078883477558599601 0.00020444395251804632 -0.0059775522694215932 -0.010791692756077095 0.0014233361843640118 -0.0069104019319762627 0.0049964492816131287 -0.0052275703570262167 -0.0013487441890102099 0.016184863128212407 0.011082500306721671 -0.00077027827020499662 0.0075960590280719194 0.0066684514845209101 0.0021828224656977582
leaf_weight=204.62909184396267 226.6950856000185 97.1369988322258 69.26193955540657 380.46727135777473 247.81040705740452 174.0257266163826 64.465110257267952 577.56085301935673 59.467491403222084 46.676461607217789 500.07145355641842 169.39923693239689 195.21683558821678 41.426333785057068
leaf_count=763 736 367 276 1120 911 567 214 1682 276 140 1468 492 644 178
internal_value=-0.000141423 -0.00120635 -0.000592345 0.00120669 -0.00250658 -0.00189584 0.00207958 -0.00308025 0.0049303 0.00189 0.00140705 0.00342136 0.00329694 0.0110463
internal_weight=3054.31 2531.5 2326.88 1193.75 1133.12 1063.86 238.491 825.371 522.806 1096.61 1049.94 549.867 421.912 100.894
internal_count=9834 8000 7237 3587 3650 3374 781 2593 1834 3220 3080 1612 1380 454
is_linear=0
shrinkage=0.025


Tree=208
num_leaves=15
num_cat=0
split_feature=26 38 26 6 46 20 22 26 10 12 52 16 14 46
split_gain=8.23525 7.84074 10.9437 9.33747 9.864 6.54892 9.19885 8.88153 9.8836 13.1477 8.01938 6.6047 6.12513 5.91947
threshold=0.14831315580347512 385.00000000000006 0.16334617780546293 14.626881797246153 135.50000000000003 0.15378263037942039 0.15685917603429222 0.16475986207322754 2.1593395349258055 0.12750572444234523 0.090230664857530521 0.098553439973899523 0.22181656668348224 51.500000000000007
decision_type=2 2 2 2 2 2 2 2 2 2 2 2 2 2
left_child=12 3 -3 5 -5 -2 -7 -8 9 11 -11 -9 13 -1
right_child=1 2 -4 4 -6 6 7 8 -10 10 -12 -13 -14 -15
leaf_value=0.012946718632497564 -0.012137991331458627 -0.0054771761102328535 0.016301291763495721 -0.013138024962481447 0.0045738897358384139 0.014660568940192032 -0.010473894465805392 0.0063422938608192056 -0.006586280919203007 -0.00062181630234390986 0.016846607940399959 -0.012392810068538573 -0.0071674738200700142 0.0023363720781086287
leaf_weight=31.485836245119572 22.627314608544111 20.377665869891644 27.19169107824564 84.859475888311863 20.000675216317177 21.370082676410675 43.136126738041639 13.794053871184586 53.030440360307693 18.779708750545979 52.294635649770498 24.003784608095884 33.502716340124607 644.45431544259191
leaf_count=204 222 244 254 1106 208 204 430 106 560 188 460 232 378 5038
internal_value=0.000769229 -0.00204293 0.00686271 -0.00338858 -0.00947774 -0.00059017 0.000693213 -0.000957846 0.00166557 0.00601721 0.0121649 -0.00502925 0.00239875 0.00295876
internal_weight=1110.91 401.466 47.5694 353.896 104.86 249.036 226.409 205.039 161.903 108.872 71.0743 37.7978 709.443 675.94
internal_count=9834 4214 498 3716 1314 2402 2180 1976 1546 986 648 338 5620 5242
is_linear=0
shrinkage=0.025


Tree=209
num_leaves=15
num_cat=0
split_feature=13 19 15 37 41 19 51 42 20 54 33 9 37 2
split_gain=26.321 15.3836 10.544 9.7357 10.0636 8.50396 7.80581 9.28119 7.61533 7.25349 6.59892 6.24814 6.02208 5.68872
threshold=0.0019391024951540502 -0.014681373317160499 -0.076650810768733438 11.500000000000002 108.50000000000001 0.033548523222810205 -0.12473328591749638 142.50000000000003 0.092390932057190553 0.49511583015098887 -37.499999999999993 0.011274685381270801 -10.499999999999998 0.084649407793639914
decision_type=2 2 2 2 2 2 2 2 2 2 2 2 2 2
left_child=1 6 -3 4 5 10 11 -8 -5 12 -2 -1 -4 -12
right_child=3 2 9 8 -6 -7 7 -9 -10 -11 13 -13 -14 -15
leaf_value=-0.0034023510684785606 -0.00498210665025795 0.010217091053146376 0.0050173128872709818 0.00097280463739562095 0.0073466949542499082 -0.011078808787789727 0.010702785279761578 -0.002005173908003918 -0.0099564059631277301 -0.0061835685164876785 -0.0027896854552730854 0.0081135713130047072 -4.5173369522392065e-05 0.001476835277502934
leaf_weight=73.583093702793121 282.07231295108795 63.299166396260262 166.48652075231075 45.423268690705299 65.71036322414875 61.465156868100166 222.51790921390057 37.177101403474808 168.45464809238911 99.360461637377739 359.57622601091862 41.397179812192917 958.25313203036785 409.65517866611481
leaf_count=230 967 271 522 164 205 253 777 123 760 293 1086 134 2764 1285
internal_value=-0.000130982 0.0019819 0.000653348 -0.00266911 -0.00173367 -0.00232271 0.00641228 0.00878559 -0.00755185 9.89082e-05 -0.0017371 0.000700778 0.000700947 -0.00049039
internal_weight=3054.43 1662.07 1287.4 1392.36 1178.48 1112.77 374.675 259.695 213.878 1224.1 1051.3 114.98 1124.74 769.231
internal_count=9834 5114 3850 4720 3796 3591 1264 900 924 3579 3338 364 3286 2371
is_linear=0
shrinkage=0.025


Tree=210
num_leaves=15
num_cat=0
split_feature=29 15 23 41 21 47 46 15 21 37 44 22 25 50
split_gain=25.2956 15.7646 13.1092 10.5705 11.0895 9.04027 8.557 7.92167 6.92827 6.90698 8.28745 10.1991 9.76719 6.78013
threshold=-1.0000000180025095e-35 0.077334167355879266 0.015762542853567554 -123.49999999999999 -0.0093141110226274988 4.5000000000000009 71.500000000000014 -0.076650810768733438 0.040923127667028755 10.500000000000002 16.500000000000004 0.13140983822404168 -0.032747413441174496 79.500000000000014
decision_type=2 2 2 2 2 2 2 2 2 2 2 2 2 2
left_child=3 2 9 -1 6 -4 -5 -6 -9 10 11 -2 -12 -8
right_child=1 -3 5 4 7 -7 13 8 -10 -11 12 -13 -14 -15
leaf_value=0.0058060978413485842 -0.0036693893256917395 0.012514202474632589 0.0075222751461824673 0.0025531055059278742 -0.011451649861208019 -0.0033685040111335997 -0.0091554302605348255 -0.0018100039566498064 0.0049251779422318284 0.004893929388159554 -0.0082351695221726025 0.0086637224396569051 -0.00051122651498861484 0.0017414534838151967
leaf_weight=83.470594465732574 58.444037333130836 80.730460077524185 281.92280386388302 49.470550239086151 43.922141566872597 50.646391823887825 310.1307534724474 846.69002982974052 101.19039191305637 160.58655706048012 116.3573484569788 111.71465224027634 718.39265313744545 34.379266306757927
leaf_count=268 169 367 922 181 222 156 1204 2618 295 511 354 335 2114 118
internal_value=-0.000140642 0.00204462 0.00142403 -0.00250475 -0.00304239 0.00576435 -0.00658556 -0.00158386 -0.00104269 0.000144841 -0.000609791 0.00430114 -0.00166027 -0.00798713
internal_weight=3048.05 1578.79 1498.06 1469.25 1385.78 332.569 393.981 991.803 947.88 1165.5 1004.91 170.159 834.75 344.51
internal_count=9834 4928 4561 4906 4638 1078 1503 3135 2913 3483 2972 504 2468 1322
is_linear=0
shrinkage=0.025


Tree=211
num_leaves=15
num_cat=0
split_feature=4 2 32 56 8 8 34 22 4 46 36 44 56 34
split_gain=7.86254 14.6981 6.84264 8.53617 10.5217 6.0946 5.82524 6.024 5.69988 8.48728 6.97546 6.72507 9.39573 6.36527
threshold=23.038992358727231 0.051359879418640959 1.0317063119279892 0.34575560572385738 145.74256752254226 144.23635049653328 288.50000000000006 0.083169536980855316 23.255572775631958 132.50000000000003 55.45000000000001 28.500000000000004 -1.4221315901214 146.50000000000003
decision_type=2 2 2 2 2 2 2 2 2 2 2 2 2 2
left_child=1 2 6 4 5 -4 7 -1 13 -10 11 12 -11 -2
right_child=8 -3 3 -5 -6 -7 -8 -9 9 10 -12 -13 -14 -15
leaf_value=0.001585151763726565 -0.0062179170628325637 0.013920148943348191 0 0.019418535017832264 -0.0079611873482869008 0.017130072516830332 0.0084872626254424693 -0.0086518034488396994 -0.00079237831239285588 -6.6949904365152087e-05 -0.0036022402083182173 0.0027650270547979129 0.023239085628836195 0.0017580914643092783
leaf_weight=55.857497427612543 177.01017022132874 68.584746427834034 19.552519522607327 18.778620544821024 32.834278933703899 22.940749488770962 21.171830758452415 76.065036006271839 407.22088123857975 12.511652085930107 26.993167012929916 54.834587767720222 30.292958054691553 86.156622432172298
leaf_count=346 1796 492 136 118 214 138 140 562 3886 130 260 476 280 860
internal_value=0.000766077 0.00407964 0.00102846 0.00622708 0.00162331 0.00961404 -0.00210484 -0.00423517 -0.000536107 0.000917506 0.00651227 0.00959134 0.0166094 -0.00352938
internal_weight=1110.81 315.785 247.201 94.1062 75.3275 42.4933 153.094 131.923 795.02 531.853 124.632 97.6392 42.8046 263.167
internal_count=9834 2146 1654 606 488 274 1048 908 7688 5032 1146 886 410 2656
is_linear=0
shrinkage=0.025


Tree=212
num_leaves=15
num_cat=0
split_feature=29 15 23 5 35 52 2 43 47 6 37 44 25 20
split_gain=25.3639 15.899 13.0841 10.1524 9.51311 10.4372 9.89384 9.40847 8.79797 8.3209 7.08338 8.23164 9.68338 8.62788
threshold=1.0000000180025095e-35 -0.076650810768733438 -0.015762542853567547 5.2885208323790431 -3.6999999999999971 1.0664750218655143 0.050478521951968808 1.0000000180025095e-35 -4.4999999999999991 12.944370626024943 -10.499999999999998 16.500000000000004 0.031993605724577608 0.14294256597411578
decision_type=2 2 2 2 2 2 2 2 2 2 2 2 2 2
left_child=1 -1 8 4 5 -2 -6 9 -3 -8 -4 13 -13 -12
right_child=3 2 10 -5 6 -7 7 -9 -10 -11 11 12 -14 -15
leaf_value=0.012457527222469117 -0.0075257557569651584 -0.003225261375206739 0.0049730300843608697 -0.010967846997503809 0.0054438256891744391 0.0030720594516994168 -0.0022763071793248592 -0.0046431337789146409 0.0075141925167286714 0.0040184663539564241 -0.0021885505411616264 -0.00049168083464338303 -0.0080731332749527287 0.0088179015338126342
leaf_weight=82.512740075588226 288.31879460811615 50.7084651440382 159.77434028685093 79.902858555316925 134.83259007334709 65.713602915406227 290.18028344213963 381.27544797956944 280.66843074560165 229.43089684844017 68.713199570775032 714.436135455966 120.62853834033012 101.14057883620262
leaf_count=377 982 156 506 435 409 206 902 1238 918 734 199 2100 368 304
internal_value=-0.000131142 0.00205747 0.00142764 -0.00249793 -0.00195546 -0.00547363 -0.00070833 -0.00168166 0.00577297 0.000467264 0.000150545 -0.000612264 -0.00165814 0.00428708
internal_weight=3048.24 1578.58 1496.07 1469.65 1389.75 354.032 1035.72 900.887 331.377 519.611 1164.69 1004.92 835.065 169.854
internal_count=9834 4928 4551 4906 4471 1188 3283 2874 1074 1636 3477 2971 2468 503
is_linear=0
shrinkage=0.025


Tree=213
num_leaves=15
num_cat=0
split_feature=13 15 19 25 30 41 54 7 15 49 53 16 54 33
split_gain=24.0328 13.5544 12.2404 9.26324 7.93675 7.7045 7.45354 7.25139 5.98242 5.53729 7.43338 5.4877 9.36381 8.25132
threshold=-0.00056455541425719984 0.077334167355879266 0.014679669269007252 -0.033421422680923692 1.496732807696765 -101.49999999999999 0.49511583015098887 1.3124664045769239 -0.070465224615539626 -14.499999999999998 -0.73960884292407114 0.18494154416694206 0.15956248430898379 70.500000000000014
decision_type=2 2 2 2 2 2 2 2 2 2 2 2 2 2
left_child=3 2 6 -1 5 -5 11 -4 -7 -10 -11 13 -13 -2
right_child=1 -3 7 4 -6 8 -8 -9 9 10 -12 12 -14 -15
leaf_value=-0.0094668076783977345 0.0026337970998607614 0.011539885900393981 0.0076923680577113311 0.0047629404762985338 0.0024524921185586621 -0.011103970167409671 -0.0063382977557157952 -0.00025647299661389275 0.00047786788322259373 0.0048998922206567232 -0.0045256863142841544 -0.0051214967458414725 0.0075112656017567534 -0.0044275044226010319
leaf_weight=107.27958101034164 759.4758924394846 82.711995869874954 248.88741399347782 72.683950066566467 210.96508760750294 55.805318683385849 95.76942566037178 91.211065411567688 232.48996976017952 49.94052067399025 698.87131743133068 183.6452871710062 39.57764358818531 112.73669169843197
leaf_count=474 2219 379 830 232 707 289 283 291 703 157 2277 548 120 325
internal_value=-0.000140654 0.00193802 0.00136724 -0.00250605 -0.00188823 -0.0027431 0.000143935 0.00551529 -0.00331347 -0.00279104 -0.00383557 0.000759593 -0.00265666 0.00167256
internal_weight=3042.05 1614.02 1531.3 1428.04 1320.76 1109.79 1191.2 340.098 1037.11 981.302 748.812 1095.44 223.223 872.213
internal_count=9834 4995 4616 4839 4365 3658 3495 1121 3426 3137 2434 3212 668 2544
is_linear=0
shrinkage=0.025


Tree=214
num_leaves=15
num_cat=0
split_feature=26 32 32 24 26 24 30 2 56 3 8 8 32 36
split_gain=7.79168 8.00107 8.71172 8.31352 13.0689 6.26615 7.14901 6.4622 8.24752 9.41028 6.63524 10.4243 5.75726 8.96397
threshold=0.14831315580347512 0.98111387797470606 0.98698872015883232 0.16659032199753182 0.17183948783012357 0.14637968827237954 1.3931508670841934 0.051359879418640959 -0.43447093621443028 0.96754232701624521 145.22967994054849 148.10346043707443 1.00384199449431 50.350000000000009
decision_type=2 2 2 2 2 2 2 2 2 2 2 2 2 2
left_child=5 -2 -3 -4 -5 6 7 10 9 -9 -1 -12 -13 -14
right_child=1 2 3 4 -6 -7 -8 8 -10 -11 11 12 13 -15
leaf_value=0.011787572084965831 -0.0092600851112171912 0.016850801483958486 -0.0066185385919635608 0.013845530859718095 -0.0013550361502206914 0.013649826717297461 -0.00073527001533777022 0.030173945435270595 0.00093945176306189059 0.0031870540707440703 -0.0067625939585795299 -0.00056033940616812808 -0.0023324578794490522 0.013259269452683542
leaf_weight=35.63456504419446 71.583779867738485 12.579244028776882 110.63839812576771 39.083634503185749 165.85407494753599 25.181820306926966 336.40714524313807 16.638490244746208 33.937907993793488 18.753054533153772 73.507954023778439 78.182439874857664 29.039778254926205 63.475522585213184
leaf_count=208 818 124 1204 364 1704 232 3020 100 262 160 476 560 184 418
internal_value=0.000767987 -0.00197524 -0.00019596 -0.00120567 0.00168549 0.00234876 0.00180164 0.00429228 0.0109674 0.0186579 0.00238728 0.000706289 0.00416584 0.00824013
internal_weight=1110.5 399.739 328.155 315.576 204.938 710.759 685.577 349.17 69.3295 35.3915 279.84 244.206 170.698 92.5153
internal_count=9834 4214 3396 3272 2068 5620 5388 2368 522 260 1846 1638 1162 602
is_linear=0
shrinkage=0.025


Tree=215
num_leaves=15
num_cat=0
split_feature=37 29 15 23 56 43 23 35 16 51 43 10 17 35
split_gain=24.4049 13.96 9.54166 8.29942 9.22539 8.15353 7.96246 8.66901 6.97886 6.47426 6.55056 6.43303 5.95464 6.18729
threshold=-1.0000000180025095e-35 -0.059383901615434845 0.069539296116370261 0.014457767332001803 0.46751220599071491 -5.4999999999999991 -0.041116152890384387 3.4999999999999987 0.19309856474274803 -0.49970963995354234 3.5000000000000004 1.947964168156856 -0.020663186261080095 -7.1999999999999966
decision_type=2 2 2 2 2 2 2 2 2 2 2 2 2 2
left_child=1 11 3 8 5 -5 -3 -8 9 -2 12 -1 -11 -14
right_child=2 6 -4 4 -6 -7 7 -9 -10 10 -12 -13 13 -15
leaf_value=-0.0021762901377095061 -0.0060561607209989425 0.008658877442439537 -0.0095892975774984276 0.0050873990184493838 -0.011939700450231835 -0.0044791084317140246 -0.0011792758464775717 0.0039024166815018746 0.0037664308550484451 0.0076200793711082128 -0.0040556528678787262 0.0082450986010719866 -0.0086422547904955304 0.00085154067135794333
leaf_weight=36.361838445067406 152.63452382385731 72.235020816326141 98.584145814180374 62.34589496254921 83.157555490732193 283.97405588626862 708.35785043239594 291.10826271772385 189.64183908700943 67.844626411795616 223.00439926981926 275.06392008066177 42.303241431713104 455.67394185066223
leaf_count=107 484 236 520 209 315 994 2104 872 584 204 691 1015 138 1361
internal_value=-0.000132284 0.00230685 -0.00218146 -0.0016684 -0.00461314 -0.00263785 0.00091303 0.000288006 -0.000512897 -0.00141666 -0.000454947 0.00693414 0.000943478 0
internal_weight=3042.29 1383.13 1659.16 1560.58 429.478 346.32 1071.7 999.466 1131.1 941.461 788.826 311.426 565.822 497.977
internal_count=9834 4334 5500 4980 1518 1203 3212 2976 3462 2878 2394 1122 1703 1499
is_linear=0
shrinkage=0.025


Tree=216
num_leaves=15
num_cat=0
split_feature=17 25 33 46 37 35 23 29 43 5 36 43 4 56
split_gain=23.4351 14.7726 11.8213 9.95171 8.49532 8.3907 7.65021 9.24065 7.00761 6.90316 6.60024 6.12738 5.7662 5.76558
threshold=0.036058910320779951 -0.032747413441174496 2.5000000000000004 51.500000000000007 -10.499999999999998 0.84999999999999976 0.032689898008769556 -0.014812162198587348 -8.4999999999999982 5.2885208323790431 52.750000000000007 4.5000000000000009 22.991241801746401 -0.15370572117904421
decision_type=2 2 2 2 2 2 2 2 2 2 2 2 2 2
left_child=1 12 4 -4 -3 -6 7 -5 -7 10 -2 -10 -1 -8
right_child=9 2 3 6 5 8 13 -9 11 -11 -12 -13 -14 -15
leaf_value=0.00069109420904868608 7.6507807221655748e-05 -0.0057260265221494439 -0.013174102488685153 -0.0047356157694006477 0.0035893392093888942 0.0077503507904486575 -0.00063899721841680556 0.00013271004554974691 -0.0038159094706294427 0.010613176423709158 0.0064419152220491459 0.0032572390962623946 -0.009526037595564401 0.0099278961671905933
leaf_weight=36.946697100996971 225.716348066926 96.076324999332428 47.012835294008255 543.77622754871845 658.18486003577709 46.572706803679466 65.357669770717621 420.34159260988235 294.01890371739864 97.846810504794121 193.70551569759846 94.990856140851974 164.68622969090939 51.04373736679554
leaf_count=119 736 367 149 1921 1940 137 192 1234 863 454 644 280 644 154
internal_value=-0.000140846 -0.00114603 -0.00056198 -0.00239828 0.00115999 0.00181091 -0.00184788 -0.00259756 -0.000829875 0.00467044 0.00311646 -0.00200588 -0.00756147 0.00400686
internal_weight=3036.28 2519.01 2317.38 1127.53 1189.84 1093.77 1080.52 964.118 435.582 517.269 419.422 389.01 201.633 116.401
internal_count=9834 8000 7237 3650 3587 3220 3501 3155 1280 1834 1380 1143 763 346
is_linear=0
shrinkage=0.025


Tree=217
num_leaves=15
num_cat=0
split_feature=10 30 36 38 8 30 30 50 30 16 54 54 46 46
split_gain=7.75499 5.19143 6.70877 10.3268 6.42759 9.13833 6.79239 9.47565 8.61084 8.52533 7.44445 6.84805 10.9508 10.4918
threshold=1.9626754775558803 1.5080644208925704 51.350000000000009 383.50000000000006 143.98857183730834 1.4665018389741624 1.4693809600323957 18.500000000000004 1.4552575966816295 0.17074644621115984 0.033126701420516755 0.29281891880662125 94.500000000000014 72.500000000000014
decision_type=2 2 2 2 2 2 2 2 2 2 2 2 2 2
left_child=-1 4 3 -3 5 -2 8 10 11 -9 -8 -6 13 -13
right_child=1 2 -4 -5 6 -7 7 9 -10 -11 -12 12 -14 -15
leaf_value=0.0053646166408038458 0.015904390948190145 -0.008439329790713327 -0.010924166016062461 0.013736668043630156 -0.0016040737292747258 -0.003486493770592923 0.0053593897098646271 0.024670041771178267 -0.0099818017386401024 0.0040515888543826177 -0.0089745874556781124 0 -0.0020080807024675036 0.021945992477352409
leaf_weight=185.76209176331758 32.995050821453333 23.06611929833889 55.033539138734341 19.161677792668343 463.82286356762052 19.810440186411142 46.54424050450325 17.509865548461676 58.52355545014143 43.070763006806374 34.841812256723642 23.8616155795753 57.332498110830784 28.74638045579195
leaf_count=1120 244 262 664 214 4154 184 458 166 608 446 354 196 526 238
internal_value=0.000771451 -0.00014864 -0.00548374 0.00148306 0.0004779 0.00852491 -9.0017e-05 0.00472055 -0.00123792 0.0118188 -0.000651936 -0.000224324 0.0051957 0.0129733
internal_weight=1110.08 924.32 97.2613 42.2278 827.059 52.8055 774.254 141.967 632.287 60.5806 81.3861 573.763 109.94 52.608
internal_count=9834 8714 1140 476 7574 428 7146 1424 5722 612 812 5114 960 434
is_linear=0
shrinkage=0.025


Tree=218
num_leaves=15
num_cat=0
split_feature=17 37 33 21 16 36 17 29 42 21 46 8 44 54
split_gain=23.5093 12.8793 10.7075 9.85561 8.10765 7.49966 7.34221 6.40832 8.11113 6.79605 6.36291 6.08501 5.24989 5.6461
threshold=-0.036069798295387388 11.500000000000002 -2.4999999999999996 0.027460400139450305 0.21444022714854713 51.45000000000001 -0.088853805663273874 0.029182502690066305 29.500000000000004 -0.027463210284564898 136.50000000000003 153.08697995669584 27.500000000000004 -0.57955091933175129
decision_type=2 2 2 2 2 2 2 2 2 2 2 2 2 2
left_child=6 2 4 11 7 -5 -1 8 -2 -9 -8 12 -4 -14
right_child=1 -3 3 5 -6 -7 10 9 -10 -11 -12 -13 13 -15
leaf_value=0.013604811887014687 0.0011542347051333268 -0.0066687485714621289 -0.0010294371105329656 0.0020214457158724323 0.0040274333868790561 -0.0091757638254506106 0.0047244917559722543 0.00074283005273633384 -0.0047087273066277373 -0.0070971776428768833 -0.0034414044754211095 0.0053590259126406123 -0.0025512523529908106 0.004585493253755092
leaf_weight=49.433941021561623 336.70816111564636 234.2744504660368 424.24649046361446 53.833900392055511 105.11384254693985 90.383697733283043 405.2476802021265 79.410839512944221 249.30391064286232 321.95640578866005 62.439818978309631 245.56127622723579 81.467943146824837 297.13231801986694
leaf_count=234 1006 995 1244 168 345 302 1391 232 738 1132 208 728 239 872
internal_value=-0.000133776 -0.0011403 -0.000549276 0.00107247 -0.00233926 -0.00490082 0.00468605 -0.00305911 -0.00131645 -0.00549445 0.00355652 0.00193724 0.000833007 0.00297139
internal_weight=3036.51 2519.39 2285.12 1192.63 1092.49 144.218 517.121 987.379 586.012 401.367 467.687 1048.41 802.847 378.6
internal_count=9834 8001 7006 3553 3453 470 1833 3108 1744 1364 1599 3083 2355 1111
is_linear=0
shrinkage=0.025


Tree=219
num_leaves=15
num_cat=0
split_feature=17 19 29 35 10 33 29 36 17 50 46 17 35 8
split_gain=22.4304 14.2598 10.4837 8.66043 10.7031 8.31891 6.9426 8.06397 6.82411 6.8074 6.73312 6.59726 6.33872 5.62639
threshold=0.036058910320779951 -0.020005474037913248 -0.091491901166921338 0.90000000000000047 1.9347676852218401 37.500000000000007 -0.021972194495802799 48.250000000000007 0.089703860675065514 66.500000000000014 136.50000000000003 -0.030262430493062396 -5.8499999999999988 146.70198584505849
decision_type=2 2 2 2 2 2 2 2 2 2 2 2 2 2
left_child=1 6 -3 5 -5 9 -1 -8 10 -4 -2 -7 -13 -14
right_child=8 2 3 4 -6 11 7 -9 -10 -11 -12 12 13 -15
leaf_value=-0.010432713851222538 0.004694106257201955 -0.006954951367357784 0.0035545961180321693 -0.011668906278566675 -0.00093440287738542265 -0.0092182644357054581 0.0062967823250305484 -0.0048697120246613901 0.013320335614669099 -0.0024522296973356291 -0.0037325799800001151 0.0061749871484103264 -0.010201600729061252 3.9039478160985914e-05
leaf_weight=119.66806878149509 405.52126027643681 132.77746467292309 788.72163669764996 59.115837574005127 731.83900728821754 59.999645292758942 42.096513241529465 242.49232348799706 47.91498376429081 129.75788868963718 62.08261114358902 64.021989226341248 41.565449953079224 102.89715683460236
leaf_count=554 1397 513 2377 172 2249 234 128 783 228 383 209 185 120 302
internal_value=-0.00014021 -0.00112387 -0.000282556 0.000169161 -0.00183637 0.00152865 -0.00539829 -0.00305143 0.00457521 0.00267023 0.00349476 -0.00226267 0 -0.00298289
internal_weight=3030.47 2514.95 2110.7 1977.92 790.955 1186.96 404.257 284.589 515.519 918.48 467.604 268.484 208.485 144.463
internal_count=9834 8000 6535 6022 2421 3601 1465 911 1834 2760 1606 841 607 422
is_linear=0
shrinkage=0.025


Tree=220
num_leaves=15
num_cat=0
split_feature=10 31 31 12 44 46 4 4 50 10 18 34 54 22
split_gain=7.43964 5.34212 7.96044 5.07104 4.82267 8.63565 6.5231 17.9525 6.46105 8.3754 10.9533 12.9399 7.61634 7.2924
threshold=1.9626754775558803 0.06313892019253807 -0.063577922833893241 0.067174253862086863 32.500000000000007 150.50000000000003 23.038992358727231 22.860028938325204 8.5000000000000018 2.0655466954089814 0.091460838758168558 77.500000000000014 -0.20308454280497917 0.10406296169993247
decision_type=2 2 2 2 2 2 2 2 2 2 2 2 2 2
left_child=1 2 -1 -2 5 6 7 -5 13 -10 -11 12 -12 -8
right_child=3 -3 -4 4 -6 -7 8 -9 9 10 11 -13 -14 -15
leaf_value=0.01581634481080443 0.00941009649024044 0.015972190040312553 0.00071238755603505316 -0.0021747082248685544 -0.0038421655267730209 0.017209938094066346 0.0078604680861104077 0.015685911811083999 -0.0068984518840258307 0.020419215047341944 0.00058254451580616237 -0.0013485905537119743 0.021473032950735261 -0.0061774761286582554
leaf_weight=21.839134331792593 28.300863415002823 21.729481153190136 142.89977721497416 84.141183990985155 205.21259984001517 13.722615651786326 20.366376560181379 52.037610594183207 62.018868889659643 15.904156126081942 22.556089229881763 202.2014717310667 23.00621085613966 193.98576809465885
leaf_count=130 144 130 860 632 1968 116 172 388 554 114 236 2140 202 2048
internal_value=0.000769748 0.00525824 0.0032689 -0.000133101 -0.000513183 0.00046152 0 0.00478706 -0.0012427 0.000914826 0.00293987 0.00133722 0.0127057 -0.00458094
internal_weight=1109.92 186.468 164.739 923.454 895.153 689.94 676.218 136.179 540.039 325.687 263.668 247.764 45.5623 214.352
internal_count=9834 1120 990 8714 8570 6602 6486 1020 5466 3246 2692 2578 438 2220
is_linear=0
shrinkage=0.025


Tree=221
num_leaves=15
num_cat=0
split_feature=17 25 29 35 51 43 44 51 17 6 32 32 7 32
split_gain=22.5199 14.4745 11.327 10.3708 9.67191 12.4774 7.46012 8.09858 7.21446 7.12372 6.76844 6.46137 6.27541 6.19412
threshold=-0.036069798295387388 0.031993605724577608 0.092278287586916613 -3.6999999999999971 0.14695708472068073 1.0000000180025095e-35 24.500000000000004 -0.30997319723305561 -0.088853805663273874 13.000584513938071 1.0476558830802263 0.96157947231086338 -3.6908681130864234 0.97247427534391562
decision_type=2 2 2 2 2 2 2 2 2 2 2 2 2 2
left_child=8 2 3 6 5 9 -2 -8 -1 12 -11 -3 -5 -14
right_child=1 11 -4 4 -6 -7 7 -9 -10 10 -12 -13 13 -15
leaf_value=0.01347823915479065 -0.0063908541232474388 0.0021709462831383283 -0.0073832406507644945 -0.0088042076579770857 0.0039997366064509045 -0.0035723455195393753 -0.0091669248168744881 0.0014085683779272466 0.0034740442229079676 0.0074440601536701293 -0.00059327846086641939 -0.0091080534729163689 -0.0053419493054776661 0.0022828889538259985
leaf_weight=48.881275027990341 233.43219147622585 32.14138375222683 136.29973436892033 42.713619276881218 453.55506351590157 442.95140364766121 49.667562931776047 252.10443775355816 466.52543193101883 189.87581904232502 89.308577552437782 181.08916437625885 76.830667480826378 335.3609255105257
leaf_count=234 743 115 537 132 1351 1382 163 779 1599 602 281 691 230 995
internal_value=-0.000134269 -0.00111967 -0.00052345 -6.42164e-05 0.000916099 -0.000262877 -0.00307804 -0.00037156 0.00459126 0.0017109 0.00481981 -0.00728256 -0.000174405 0.000754739
internal_weight=3030.74 2515.33 2302.1 2165.8 1630.6 1177.04 535.204 301.772 515.407 734.09 279.184 213.231 454.905 412.192
internal_count=9834 8001 7195 6658 4973 3622 1685 942 1833 2240 883 806 1357 1225
is_linear=0
shrinkage=0.025


Tree=222
num_leaves=15
num_cat=0
split_feature=37 5 25 35 25 13 41 56 7 51 44 10 7 55
split_gain=21.9619 11.2328 9.16178 8.4852 9.66031 7.86445 7.03638 6.12685 6.34969 6.10576 5.90767 5.21276 5.13861 5.01629
threshold=1.0000000180025095e-35 5.2885208323790431 -0.032747413441174496 -3.4999999999999978 0.04050585764098636 -0.020472393154076646 -60.499999999999993 -0.34175917569118303 -0.32369030708890978 -0.34166692996480225 17.500000000000004 2.1901845987479072 -1.1795115466354671 -0.30143620610513727
decision_type=2 2 2 2 2 2 2 2 2 2 2 2 2 2
left_child=2 3 10 7 9 6 -4 8 -2 -5 -1 -8 -3 -13
right_child=1 12 5 4 -6 -7 11 -9 -10 -11 -12 13 -14 -15
leaf_value=0.00021653570065319455 0.0060709540136030058 0.015766988966555245 0.0056957606958345309 0.0029720050735385964 0.010712604396114409 7.9827457338511347e-06 -0.0054369798737906637 0.007895600728749624 -0.002836109363345031 -0.0016880168716523006 -0.010384885942164811 -0.005878447375551198 0.0024770886573523246 0.0059346276661974614
leaf_weight=38.102398306131363 88.778662666678429 49.02463398873806 40.159173682332039 236.01489016413689 46.865016862750053 895.52621829509735 473.64299285411835 185.15390691161156 98.897597134113312 631.97166287899017 120.25282564759254 31.444900751113892 38.365844249725342 51.109611764550209
leaf_count=156 273 246 141 719 157 2614 1784 582 292 1886 475 131 179 199
internal_value=-0.000141459 0.00217884 -0.00209071 0.00154541 0.000213826 -0.00144916 -0.00366073 0.00470063 0.00129575 -0.000382505 -0.00775245 -0.00442558 0.0106529 0.00107076
internal_weight=3025.31 1375.07 1650.24 1287.68 914.852 1491.88 596.357 372.83 187.676 867.987 158.355 556.198 87.3905 82.5545
internal_count=9834 4334 5500 3909 2762 4869 2255 1147 565 2605 631 2114 425 330
is_linear=0
shrinkage=0.025


Tree=223
num_leaves=15
num_cat=0
split_feature=26 32 32 24 26 26 10 6 24 6 2 56 8 8
split_gain=7.23657 7.87419 8.3852 8.11721 9.18077 10.6325 10.4942 6.35522 6.14895 6.60075 7.33595 6.43493 6.08336 13.0971
threshold=0.14831315580347512 0.98111387797470606 0.98698872015883232 0.16453996342540608 0.18399381248859348 0.2087861026566448 2.0739553994930673 9.1963805419479616 0.14637968827237954 9.5714527561218787 0.051359879418640959 -0.43447093621443028 148.10346043707443 146.15341487693362
decision_type=2 2 2 2 2 2 2 2 2 2 2 2 2 2
left_child=8 -2 -3 7 6 -6 -5 -4 9 10 12 -12 13 -1
right_child=1 2 3 4 5 -7 -8 -9 -10 -11 11 -13 -14 -15
leaf_value=0.0042521184154384424 -0.0091497328914580452 0.016533616403234582 0.0073151422673107848 -0.010213656493500145 -0.0091386977095771951 0.0086365859701982451 0.0088586419075943387 -0.0094592158046712879 0.013453007361386339 -0.0010784645116133965 0.017058285247407195 0.0010615122385624883 0.0051666973095232964 -0.010206642426605883
leaf_weight=91.418250359594822 70.714912164956331 12.728511415421961 11.202884681522844 15.975924555212258 69.523223921656609 23.558942995965481 108.27205292135477 85.39190686866641 25.35159107670188 285.51617605239153 39.756889458745718 30.782767333090305 179.14607538282871 60.060552455484867
leaf_count=566 818 124 94 156 738 244 1070 970 232 2798 258 202 1160 404
internal_value=0.000773927 -0.00187978 -0.000116361 -0.00111847 0.00148339 -0.00417398 0.00591263 -0.00700341 0.00229254 0.0017501 0.00381328 0.0109407 0.00207779 -0.00146389
internal_weight=1109.4 397.368 326.653 313.925 217.33 93.0822 124.248 96.5948 712.032 686.681 401.165 70.5397 330.625 151.479
internal_count=9834 4214 3396 3272 2208 982 1226 1064 5620 5388 2590 460 2130 970
is_linear=0
shrinkage=0.025


Tree=224
num_leaves=15
num_cat=0
split_feature=37 29 23 56 35 23 29 43 19 46 56 40 3 31
split_gain=21.817 12.7614 8.668 9.49938 7.94775 8.78137 6.8616 6.56919 6.49053 6.10841 6.0113 5.75748 5.69656 5.23447
threshold=-1.0000000180025095e-35 -0.070020033660985428 0.014457767332001803 0.46751220599071491 3.4999999999999987 -0.041116152890384387 0.049244397291627252 -5.4999999999999991 0.024440774684538705 71.500000000000014 -0.34175917569118303 48.000000000000007 0.99062684618681718 -0.013649078703746398
decision_type=2 2 2 2 2 2 2 2 2 2 2 2 2 2
left_child=1 8 6 7 5 -3 -2 -4 -1 -9 13 -7 -8 -6
right_child=2 4 3 -5 10 11 12 9 -10 -11 -12 -13 -14 -15
leaf_value=0.0093353350597390437 0.00017476797548626302 0.010258201039425555 0.0036519031060695886 -0.012227722530397007 0.0061288552107233232 -3.8584886653170401e-05 -0.00044080553037122334 0.0040773727637850874 -0.00087474340274519872 -0.006051972405277866 0.0076106610501423082 -0.006317677819808562 -0.0073277880583594319 -0.0024777679297314599
leaf_weight=193.43623599410057 884.06501926481724 41.180298522114754 66.491485923528671 88.959119513630867 66.737127840518951 659.36102245748043 154.48443813621998 36.665404066443443 41.988303512334824 259.52709867060184 164.11826899647713 102.54457280039787 159.52345205843449 106.48262947797775
leaf_count=742 2644 137 237 361 202 1981 566 128 131 955 512 308 609 321
internal_value=-0.000134892 0.00217661 -0.00207852 -0.00502329 0.00104258 -0.000286281 -0.000931377 -0.00304595 0.00743005 -0.00466819 0.00423716 -0.000951964 -0.00407794 0.000776785
internal_weight=3025.56 1375.85 1649.72 451.643 1140.42 803.086 1198.07 362.684 235.425 296.193 337.338 761.906 314.008 173.22
internal_count=9834 4334 5500 1681 3461 2426 3819 1320 873 1083 1035 2289 1175 523
is_linear=0
shrinkage=0.025


Tree=225
num_leaves=15
num_cat=0
split_feature=11 37 34 25 56 9 51 43 35 15 26 25 50 53
split_gain=20.8832 10.7852 9.97192 8.50332 12.4159 9.08882 8.23231 8.76256 7.73358 7.19218 6.18177 6.1446 5.89275 6.34197
threshold=0.017448020673611755 -11.499999999999998 19.500000000000004 0.033194507059910956 0.074064758809413808 0.032763775441255208 0.22727272727272727 1.0000000180025095e-35 -0.90000000000000024 -0.039604566680711842 0.094884424901425721 -0.032171122964072991 1.0000000180025095e-35 -0.73960884292407114
decision_type=2 2 2 2 2 2 2 2 2 2 2 2 2 2
left_child=1 -1 -2 8 5 -5 7 11 9 -3 -9 -4 -11 -14
right_child=2 3 6 4 -6 -7 -8 10 -10 12 -12 -13 13 -15
leaf_value=-0.006614592908949949 -0.0086005117115304074 -0.0055549176357598193 -0.005246052769612413 0.007631341783709506 0.013000212876621942 -0.0050013315912896157 -0.00066237583761014215 0 -0.0030075784563196881 0.0068670258068883328 0.0098392893608009787 0.0035760566613466278 0.0092190418987450323 -0.0004497442344488132
leaf_weight=228.4018841534853 38.582220748066902 102.61911021173 51.029015377163887 52.052170053124428 59.317296639084816 89.302161142230034 210.34218353033066 48.791332855820656 920.10357157886028 99.236079499125481 237.59951229393482 339.77344916760921 41.063016951084137 502.00257837772369
leaf_count=987 117 405 150 150 177 260 657 153 2945 292 834 1131 117 1459
internal_value=-0.000140133 -0.00153003 0.00296713 -0.000878188 0.00388914 -7.68803e-05 0.00354336 0.00488163 -0.00147765 0.00038619 0.00820622 0.00230923 0.00140959 0.000313166
internal_weight=3020.22 2094.1 926.118 1865.7 200.672 141.354 887.535 677.193 1665.02 744.921 286.391 390.802 642.302 543.066
internal_count=9834 6792 3042 5805 587 410 2925 2268 5218 2273 987 1281 1868 1576
is_linear=0
shrinkage=0.025


Tree=226
num_leaves=15
num_cat=0
split_feature=10 56 32 38 56 4 48 34 34 6 44 8 10 50
split_gain=7.01297 5.56063 8.22824 9.46953 9.2561 9.20567 11.3359 13.0336 11.1707 8.78016 7.45646 6.81195 8.41208 7.25478
threshold=1.9347676852218401 -1.3875453774166651 1.0486230314185072 367.00000000000006 1.0000000180025095e-35 23.038992358727231 9.5000000000000018 17.500000000000004 158.50000000000003 14.162998340651958 32.500000000000007 148.60535434868527 2.1593395349258055 75.500000000000014
decision_type=2 2 2 2 2 2 2 2 2 2 2 2 2 2
left_child=-1 -2 9 4 -4 -5 7 -7 -8 10 11 13 -13 -3
right_child=1 2 3 5 -6 6 8 -9 -10 -11 -12 12 -14 -15
leaf_value=0.0067390824479754479 -0.0039785928647851658 -0.0023658921608088451 -0.010688727382252197 0.019904844858699516 0.0080812123948092226 0.019352946190033516 0.031044604305447213 -0.0033429917333586585 0 -0.0053285596789574676 -0.0043942113461526554 0.008644669044663645 -0.0052026501966223725 0.013291549728854555
leaf_weight=106.00162600725889 167.1780269742012 153.80605870485306 35.521947056055069 30.295357625931501 21.751983884721994 14.032159298658369 12.542590718716385 87.124690789729357 13.290526520460842 166.75384965538979 103.11842794343829 154.76719178631902 27.221592303365469 15.812065508216618
leaf_count=600 1560 1274 300 226 172 126 114 876 134 1950 902 1206 278 116
internal_value=0.000773002 8.75249e-05 0.000949148 0.00512009 -0.00308218 0.00826385 0.00464849 0.000333057 0.0179417 -0.000480291 0.00128187 0.00305491 0.00635598 -0.000424317
internal_weight=1109.22 1003.22 836.038 214.559 57.2739 157.285 126.99 101.157 25.8331 621.479 454.725 351.607 181.989 169.618
internal_count=9834 9234 7674 1948 472 1476 1250 1002 248 5726 3776 2874 1484 1390
is_linear=0
shrinkage=0.025


Tree=227
num_leaves=15
num_cat=0
split_feature=17 5 19 29 21 27 41 19 56 34 30 53 38 55
split_gain=20.8119 10.8128 9.43484 8.38996 7.68129 7.48336 7.43534 7.45623 6.13301 5.83547 5.76395 5.61824 5.57228 5.18761
threshold=-0.0096538430021334987 -5.2125823043413932 0.020395466930561556 0.092278287586916613 0.0061911079690230011 0.048648263310650162 108.50000000000001 -0.039680312572874944 0.70067120833699859 248.50000000000003 1.496732807696765 -1.0000000180025095e-35 369.50000000000006 -0.20321360599134397
decision_type=2 2 2 2 2 2 2 2 2 2 2 2 2 2
left_child=1 5 3 6 8 -1 7 -2 11 -4 -9 -3 13 -6
right_child=2 4 9 -5 12 -7 -8 10 -10 -11 -12 -13 -14 -15
leaf_value=0.00049929914705293952 0.0066817468973072273 0.0053636371448751614 -0.0076798701828623946 -0.0072954652191624149 -0.001573444306055694 0.015253759767418211 0.0067032488805244921 -0.0022107119608153164 0.0096224732119297423 0.0031023098382557969 0.002260171783500037 3.6194869859554733e-05 -0.0022658186285979256 0.0070033395904075986
leaf_weight=37.809430509805679 68.873740062117577 220.18480868637562 225.82186095416546 120.85996633768082 70.836780995130539 60.748650044202805 78.014923974871635 1054.7471186071634 86.315758153796196 29.966710358858109 207.65128538012505 296.10967439413071 370.43314307928085 92.160959005355835
leaf_count=166 200 706 935 480 200 302 237 3279 292 110 666 947 1053 261
internal_value=-0.000136293 0.00234523 -0.00186746 -0.00109455 0.0016063 0.0101324 -0.000521176 -0.000986746 0.00353416 -0.00628557 -0.00144956 0.00238581 -0.000537743 0.00319127
internal_weight=3020.53 1234.6 1785.94 1530.15 1136.04 98.5581 1409.29 1331.27 602.61 255.789 1262.4 516.294 533.431 162.998
internal_count=9834 3927 5907 4862 3459 468 4382 4145 1945 1045 3945 1653 1514 461
is_linear=0
shrinkage=0.025


Tree=228
num_leaves=15
num_cat=0
split_feature=37 29 5 19 43 56 35 23 19 17 47 56 35 14
split_gain=20.1676 13.1642 8.43557 8.07193 7.6929 7.51484 7.49629 8.58749 7.18243 7.90579 6.7711 6.63896 7.31771 6.09204
threshold=1.0000000180025095e-35 0.067006231978148104 -5.392071789752424 -0.024487390326547596 -1.4999999999999998 -0.69553662576454112 -3.4999999999999978 0.039820086090030009 0.024816061242145554 0.016974955034728356 11.500000000000002 -1.0433734685793012 2.2999999999999994 0.08976021720219142
decision_type=2 2 2 2 2 2 2 2 2 2 2 2 2 2
left_child=2 6 -1 -3 13 10 -2 -8 9 -7 11 12 -6 -4
right_child=1 3 4 -5 5 8 7 -9 -10 -11 -12 -13 -14 -15
leaf_value=-0.010324578143450627 0.0040057953409360402 -0.0018849174246825214 0.0012166757586151945 0.0092154104118184078 0.0041207516584725809 -0.0046352217233946846 -0.0011250100927730456 0.0096242383642263767 0.0047692097832341355 0.0031836977305559296 -0.006269070284910804 0.0090470481099620883 -0.0054778498832241812 -0.0049043114147465363
leaf_weight=69.183742359280586 331.78953279554844 44.350034415721893 116.61612005531788 209.46094769239426 165.18875551223755 402.68609167635441 740.71354942023754 44.327408760786057 78.022844076156616 93.095632269978523 41.103119105100632 101.18780411779881 63.851762801408768 513.26673221588135
leaf_count=412 1022 139 364 799 508 1347 2226 148 229 267 137 317 205 1714
internal_value=-0.000141431 0.00208502 -0.0020133 0.00718024 -0.00160088 -0.000142766 0.000877952 -0.00042934 -0.00195481 -0.00309997 0.00257966 0.00383271 0.00127818 -0.00373104
internal_weight=3014.84 1370.64 1644.2 253.811 1575.02 945.136 1116.83 785.041 573.805 495.782 371.331 330.228 229.041 629.883
internal_count=9834 4334 5500 938 5088 3010 3396 2374 1843 1614 1167 1030 713 2078
is_linear=0
shrinkage=0.025


Tree=229
num_leaves=15
num_cat=0
split_feature=4 2 32 30 54 44 52 4 46 36 44 54 34 52
split_gain=6.52593 13.7504 6.68848 12.0125 6.41341 10.9007 11.4967 5.22871 8.02464 6.56667 6.32853 6.34483 6.23976 9.17601
threshold=23.038992358727231 0.051614384952193761 1.0278297302556123 1.3904773158430059 -0.079470554074945646 32.500000000000007 0.95538971807628525 23.255572775631958 132.50000000000003 55.45000000000001 28.500000000000004 -0.14638362120407203 146.50000000000003 0.43033154121863798
decision_type=2 2 2 2 2 2 2 2 2 2 2 2 2 2
left_child=1 2 4 -4 5 6 -1 12 -9 10 11 -10 -2 -14
right_child=7 -3 3 -5 -6 -7 -8 8 9 -11 -12 -13 13 -15
leaf_value=-0.00042120431774553946 -0.0060122148326113047 0.01601190643369595 0.011838957746613478 -0.0041379851929878725 -0.0058152139575490397 -0.0096282748526813899 0.022331233645275519 -0.00070659293458985952 0.024339590972501216 -0.0034730863160164155 0.0026952605072767932 0.0033976736473213445 0.013883612356770679 -0.002936675530846939
leaf_weight=25.277073204517365 174.11634364724159 44.129608545452356 73.662150550633669 40.787451967597008 95.407565128058195 19.354848016053438 20.721734911203384 404.95637392997742 22.371074397116899 26.723800469189882 54.975229181349277 21.082111950963736 23.506883192807436 61.871269833296537
leaf_count=160 1796 322 420 306 656 154 128 3886 214 260 476 196 228 632
internal_value=0.000772801 0.00376681 0.00146343 0.00600094 -0.00169968 0.00393938 0.0105227 -0.000422689 0.000965442 0.00638705 0.00934432 0.0160943 -0.0033176 0.00192966
internal_weight=1108.94 319.34 275.211 114.45 160.761 65.3537 45.9988 789.603 530.109 125.152 98.4284 43.4532 259.494 85.3782
internal_count=9834 2146 1824 726 1098 442 288 7688 5032 1146 886 410 2656 860
is_linear=0
shrinkage=0.025


Tree=230
num_leaves=15
num_cat=0
split_feature=29 19 37 51 19 52 9 36 43 44 25 27 20 55
split_gain=19.9726 15.3801 11.8597 11.1952 10.9887 12.3854 8.76712 8.94069 7.55364 7.52399 8.11347 7.77688 6.79686 6.77234
threshold=1.0000000180025095e-35 -0.020005474037913248 -11.499999999999998 -0.25527037617554854 0.020001600656787404 0.95275052563726148 -0.017578369906103897 62.95000000000001 -1.0000000180025095e-35 16.500000000000004 0.031993605724577608 0.14486707612916569 0.095452871455428009 -0.1541506798272583
decision_type=2 2 2 2 2 2 2 2 2 2 2 2 2 2
left_child=1 3 12 -1 6 -6 -2 8 -8 11 -11 13 -3 -4
right_child=4 2 9 -5 5 -7 7 -9 -10 10 -12 -13 -14 -15
leaf_value=-0.0027706085768499132 -0.0034674682833736831 -0.00049032570376084095 -0.0075701604730659417 0.010182038530004317 -0.010832573440144322 0.0033698009190786132 0.0045051173212971368 -0.010107552736301394 -0.0010386925702837084 -0.00020260590167102061 -0.0069584077310552855 0.010196585802865523 0.0096666346952906049 0.0043213555591339872
leaf_weight=46.846154108643532 611.43611890077591 52.667772695422173 41.079884812235832 194.51400178670883 158.54442258179188 44.367436066269875 277.91026765108109 39.191106036305428 321.21203361451626 820.06746380031109 125.25580103695393 75.231405541300774 126.50994358956814 80.251551702618599
leaf_count=154 2019 163 129 698 687 161 873 130 1036 2453 388 227 475 241
internal_value=-0.000135347 0.00181503 0.000721762 0.00756134 -0.00224927 -0.00760057 -0.00133367 0.000682476 0.00150749 -0.00020567 -0.00115596 0.00415581 0.00661308 0
internal_weight=3015.09 1562.42 1321.06 241.36 1452.66 202.912 1249.75 638.313 599.122 1141.89 945.323 196.563 179.178 121.331
internal_count=9834 4928 4076 852 4906 848 4058 2039 1909 3438 2841 597 638 370
is_linear=0
shrinkage=0.025


Tree=231
num_leaves=15
num_cat=0
split_feature=37 37 19 51 29 21 41 20 38 19 56 23 20 56
split_gain=19.3953 12.0087 10.5741 8.65945 10.151 7.16875 6.86122 6.32826 8.23044 5.90348 6.07665 5.72936 5.35396 4.79171
threshold=11.500000000000002 -11.499999999999998 0.042504554883953508 -0.12473328591749638 -0.012693402053100647 -0.015489816901657698 32.000000000000007 0.092390932057190553 382.50000000000006 -0.027841389573458646 -0.44613397192768528 -0.015017465755327948 0.092390932057190553 -0.24126002879721473
decision_type=2 2 2 2 2 2 2 2 2 2 2 2 2 2
left_child=1 12 3 9 5 -5 11 -2 -9 10 -3 -6 -1 -13
right_child=7 2 -4 4 6 -7 -8 8 -10 -11 -12 13 -14 -15
leaf_value=0.00066730830291282213 -0.00078704083158952698 0.0015901300062914775 0.0081400397840347642 -0.0089972884244022902 -0.0021059135317565204 -0.0025282352118901944 -0.0064886068485085413 0.010572041080072836 -0.00067920815878188786 0.0023859545063932984 -0.011173192738403673 7.4102799637366999e-05 -0.0081234494421431446 0.0047015876996451883
leaf_weight=48.777894884347916 57.916525334119797 41.883487373590469 84.733580157160759 135.34941536188126 276.27570149302483 583.85815826058388 84.311458766460419 169.60147419571877 46.903243467211723 679.13253243267536 38.459279119968414 320.27710820734501 182.1287978515029 260.11142241954803
leaf_count=177 177 130 266 542 838 1861 246 643 181 2069 130 963 824 787
internal_value=-0.000140724 -0.000788369 -0.000269436 -0.000590415 -0.00160813 -0.0038339 7.79082e-05 0.00612381 0.00806141 0.00159754 -0.00452327 0.000787089 -0.00618569 0.00221314
internal_weight=3009.72 2735.3 2504.39 2419.66 1660.18 719.208 940.976 274.421 216.505 759.475 80.3428 856.664 230.907 580.389
internal_count=9834 8833 7832 7566 5237 2403 2834 1001 824 2329 260 2588 1001 1750
is_linear=0
shrinkage=0.025


Tree=232
num_leaves=15
num_cat=0
split_feature=10 31 31 44 6 32 10 52 2 56 24 12 2 10
split_gain=6.63359 5.1483 7.64766 4.84081 10.5148 5.62239 8.46583 8.24217 7.81945 8.2813 6.94861 6.68278 6.54561 9.30134
threshold=1.9626754775558803 0.06313892019253807 -0.063577922833893241 10.500000000000002 11.421530219627867 1.0579894010683721 2.1167215534751453 0.090230664857530521 0.084210259066428261 -0.19707835632271251 0.11211249453533427 0.19435319511571894 0.051359879418640959 2.1576850455494263
decision_type=2 2 2 2 2 2 2 2 2 2 2 2 2 2
left_child=1 2 -1 4 -2 7 8 10 9 -7 -5 12 -9 -14
right_child=3 -3 -4 5 -6 6 -8 11 -10 -11 -12 -13 13 -15
leaf_value=0.015236264074833587 0.018314678386793043 0.015411974954978031 0.00054428998843613307 0.0027573414028692462 -0.0015659268948261772 -0.0028686794611777052 0.0095321880715590456 -0.0028763274308647659 -0.007096608574942008 0.015327510107583174 -0.011152299946547515 -0.0068062570151047252 0.0057183318715665387 -0.0037714413317834691
leaf_weight=22.231503248214722 22.420768596231937 22.103619486093521 143.88534559682012 24.206680241972208 35.437962092459202 28.023546356707811 72.984270844608545 186.79882153868675 59.445344604551792 23.367127038538456 84.158777873963118 82.074572816491127 217.98355025798082 83.559711452573538
leaf_count=130 162 130 860 212 396 230 736 1462 560 176 898 992 1998 892
internal_value=0.00077365 0.00498738 0.00304437 -8.3271e-05 0.00658428 -0.000594678 0.00318335 -0.00167016 -0.00101247 0.00558716 -0.00784007 -0.000396638 0.000688001 0.00298847
internal_weight=1108.68 188.22 166.117 920.461 57.8587 862.602 183.82 678.782 110.836 51.3907 108.365 570.417 488.342 301.543
internal_count=9834 1120 990 8714 558 8156 1702 6454 966 406 1110 5344 4352 2890
is_linear=0
shrinkage=0.025


Tree=233
num_leaves=15
num_cat=0
split_feature=17 25 33 46 35 25 29 17 11 46 49 4 52 41
split_gain=19.3133 12.6989 10.231 10.0783 7.45739 7.29902 7.40504 6.93334 6.83386 6.09452 5.97991 5.63592 5.6007 6.64789
threshold=-0.036069798295387388 0.031993605724577608 -2.4999999999999996 51.500000000000007 -0.84999999999999953 -0.026537903426433546 0.10487320901186865 -0.088853805663273874 0.00082531451555105005 136.50000000000003 14.500000000000002 23.166812108471145 0.94332857045655583 -1.0000000180025095e-35
decision_type=2 2 2 2 2 2 2 2 2 2 2 2 2 2
left_child=7 2 3 -2 12 -5 10 -1 -6 -9 -7 -3 -4 -14
right_child=1 11 4 5 8 6 -8 9 -10 -11 -12 -13 13 -15
leaf_value=0.013115700673466808 -0.01311965629295035 -0.0010350832237780497 -0.0031040161222402186 0.0029571346536096522 0.005445640741617578 -0.0025971075832368559 -0.011809823621239736 0.0043388492043239107 0.00045594580313907659 -0.0036879120852704381 0.0049254345905329414 -0.0099483843235016918 0.010600117241242123 -0.00069371427717366619
leaf_weight=47.194107353687286 46.309960678219795 77.300700336694717 327.59111393988132 170.40745222568512 316.13529662787914 783.98076359927654 47.415616884827614 399.69681720435619 396.57168637216091 61.934005662798882 65.416815131902695 132.17327016592026 41.2708690315485 96.513963267207146
leaf_count=234 147 285 992 509 933 2556 206 1391 1229 208 210 521 123 290
internal_value=-0.000136772 -0.00104984 -0.00049253 -0.00221337 0.00111536 -0.00165782 -0.00257399 0.00426922 0.00272658 0.0031804 -0.00196306 -0.00687655 -0.00130175 0.00276679
internal_weight=3009.91 2501.09 2291.61 1113.53 1178.08 1067.22 896.813 508.825 712.707 461.631 849.398 209.474 465.376 137.785
internal_count=9834 8001 7195 3628 3567 3481 2972 1833 2162 1599 2766 806 1405 413
is_linear=0
shrinkage=0.025


Tree=234
num_leaves=15
num_cat=0
split_feature=17 25 33 46 35 10 17 46 23 29 4 15 42 30
split_gain=19.0066 12.6864 9.90832 9.75487 7.67497 7.6809 6.60827 6.33298 6.16183 8.01288 5.71732 5.563 5.45435 5.41478
threshold=0.036058910320779951 -0.032747413441174496 2.5000000000000004 51.500000000000007 3.7000000000000015 2.1243656330752771 0.089703860675065514 136.50000000000003 0.032689898008769556 -0.014812162198587348 23.154120966805948 0.015651018091091904 34.000000000000007 1.4511820835565234
decision_type=2 2 2 2 2 2 2 2 2 2 2 2 2 2
left_child=1 10 4 -4 -3 11 7 -2 9 -5 -1 -6 -11 -14
right_child=6 2 3 8 5 -7 -8 -9 -10 12 -12 -13 13 -15
leaf_value=-0.00075511658294477536 0.0043517905445535658 0.0021648635684753956 -0.012910342311238228 -0.0043430771781715867 -0.0022676696503227908 -0.008809562820743461 0.012960830167888199 -0.003842280654606896 0.0036187608719637368 0.0026019795140346941 -0.01011112544512149 0.0073423013828464549 0 -0.0092008808280179544
leaf_weight=68.853895179927349 400.39413504302502 918.39188933372498 46.508978314697742 535.8407891318202 137.71879367530346 80.414346650242805 46.290504559874535 61.779308870434761 115.24840827286243 248.61921282112598 128.17145156860352 45.944522440433502 115.06056885421276 55.175065144896507
leaf_count=255 1397 2781 149 1921 419 255 228 209 346 733 508 132 338 163
internal_value=-0.000140955 -0.00104823 -0.000507518 -0.00219915 0.00107116 -0.00260911 0.00423082 0.00317357 -0.00165241 -0.00233032 -0.00706486 0.000134689 0.00020647 -0.00312379
internal_weight=3004.41 2495.95 2298.92 1116.45 1182.47 264.078 508.464 462.173 1069.94 954.696 197.025 183.663 418.855 170.236
internal_count=9834 8000 7237 3650 3587 806 1834 1606 3501 3155 763 551 1234 501
is_linear=0
shrinkage=0.025


Tree=235
num_leaves=15
num_cat=0
split_feature=26 56 56 8 34 28 54 34 54 54 34 8 34 8
split_gain=6.64169 7.16178 5.30275 8.02426 5.38269 9.61157 12.9591 6.06818 5.57659 15.2707 9.31641 7.59275 9.50139 6.51857
threshold=0.063795489785234458 -0.44613397192768528 -1.5532144673676658 228.98520374514348 45.500000000000007 12.489997262665467 0.086449671774867023 26.500000000000004 -0.39370580113841042 -0.26572984022419555 195.50000000000003 146.15341487693362 111.50000000000001 148.04906444660944
decision_type=2 2 2 2 2 2 2 2 2 2 2 2 2 2
left_child=1 -1 -2 4 5 -4 7 -7 11 10 -10 12 -6 -11
right_child=2 -3 3 -5 8 6 -8 -9 9 13 -12 -13 -14 -15
leaf_value=0.017506101325005356 -0.0041010434304360518 0 -0.0021829700210142518 -0.0066791746755251432 0.01678125915594432 0.0040173898150063217 -0.0010475908545675905 0.026987502188525126 0.0052188418977720261 -0.0022738587156089993 0.026093972664203286 -0.0068793013860893627 -0.0048330652097572022 0.0032080694809002749
leaf_weight=24.992255643010139 140.01142327859998 24.276702776551247 39.664344966411591 71.331292327493429 18.109624519944191 15.664176750928162 24.67348350957036 26.07158150151372 48.335270199924707 257.45494442433119 18.859114494174719 105.08731507882476 21.961931426078081 271.93617299944162
leaf_count=130 1294 150 388 818 156 126 212 228 410 2234 152 972 202 2362
internal_value=0.000774239 0.00932147 0.000311226 0.00102894 0.00174213 0.0069141 0.01247 0.0202535 0.000927692 0.00202394 0.0128255 -0.00332863 0.00515846 0.00049897
internal_weight=1108.43 49.269 1059.16 919.149 847.818 106.074 66.4092 41.7358 741.744 596.586 67.1944 145.159 40.0716 529.391
internal_count=9834 280 9554 8260 7442 954 566 354 6488 5158 562 1330 358 4596
is_linear=0
shrinkage=0.025


Tree=236
num_leaves=15
num_cat=0
split_feature=17 25 33 46 35 10 25 56 17 32 18 46 10 11
split_gain=18.4524 12.1754 9.74605 9.80456 7.23262 7.50378 6.91623 8.73266 6.80633 6.32998 6.00853 5.91712 5.62397 7.4613
threshold=-0.036069798295387388 0.031993605724577608 -2.4999999999999996 51.500000000000007 -3.7000000000000006 2.1243656330752771 -0.026537903426433546 -0.16596819531681761 -0.088853805663273874 0.96024888415390397 0.22775038468764922 136.50000000000003 2.1249092450238254 0.020636950151067406
decision_type=2 2 2 2 2 2 2 2 2 2 2 2 2 2
left_child=8 2 3 -2 5 -4 7 -5 -1 -3 -6 -10 13 -8
right_child=1 9 4 6 10 -7 12 -9 11 -11 -12 -13 -14 -15
leaf_value=0.012989856802882883 -0.012939983639509104 0.0027850412729773489 0.00018403797206849917 -0.0018052714777193135 0.0027059160081323455 -0.00874164711684987 -0.0021447533726272972 0.0092009282721536058 0.00424628471689512 -0.0085647896194041648 -0.0051055633127134918 -0.0036618225041759214 0.00030403509305811717 -0.0086232217528582917
leaf_weight=46.642725542187691 46.150981858372688 30.688881918787956 183.01091270148754 97.685456037521362 856.23630791902542 78.209587961435318 457.64053925871849 72.620542779564857 398.52522699534893 177.73306213319302 59.677082270383835 61.94840794801712 285.40923085808754 152.33628237247467
leaf_count=234 147 112 549 289 2570 247 1355 220 1391 694 201 208 987 630
internal_value=-0.000137188 -0.00102982 -0.000484467 -0.00216574 0.00108485 -0.0025084 -0.00161755 0.00287387 0.0041771 -0.00675036 0.00214485 0.00310078 -0.00251081 -0.0038603
internal_weight=3004.52 2497.4 2288.98 1111.84 1177.13 261.221 1065.69 170.306 507.116 208.422 915.913 460.474 895.386 609.977
internal_count=9834 8001 7195 3628 3567 796 3481 509 1833 806 2771 1599 2972 1985
is_linear=0
shrinkage=0.025


Tree=237
num_leaves=15
num_cat=0
split_feature=37 37 19 43 47 6 35 56 23 41 29 51 10 13
split_gain=18.2386 11.2473 9.9522 9.02462 8.77857 8.18273 10.9559 7.98353 8.121 7.1616 6.47912 6.4165 5.87764 7.47175
threshold=11.500000000000002 -11.499999999999998 0.042504554883953508 1.0000000180025095e-35 -5.4999999999999991 8.4047707431405421 -0.79999999999999882 0.10810111135216401 0.021732931359158603 1.0000000180025095e-35 -0.0062195818113527498 -0.43939393939393939 2.0876227862385255 0.046504944592354706
decision_type=2 2 2 2 2 2 2 2 2 2 2 2 2 2
left_child=1 -1 3 4 9 6 -5 12 -9 -3 -6 -11 -7 -14
right_child=-2 2 -4 5 10 7 -8 8 -10 11 -12 -13 13 -15
leaf_value=-0.0060169075815040742 0.0059539154603490685 -0.0015089406038641831 0.0079117277221166706 0.002067470610452407 -0.005528872630487112 0.0068577723913110945 -0.0073425858779133744 -0.0041291041118860046 0.0075616514431519084 0.0094724814586943235 -0.0012702654421046019 -0.0012289631331471535 0.00025404769984263597 0.010493144117537276
leaf_weight=228.90415179729462 272.61518667638302 208.7594091296196 84.267000675201416 151.53448520600796 431.57929030060768 236.67736938595772 143.74928383529186 176.73658949136734 40.847673952579498 90.06030261516571 504.84344138205051 47.800937309861183 333.44039940834045 47.532585114240646
leaf_count=1001 1001 640 266 442 1458 723 433 572 131 275 1516 146 1050 180
internal_value=-0.000141247 -0.000769568 -0.000267647 -0.000579324 -0.00201733 0.00103238 -0.00247624 0.0023099 -0.00170149 0.00131681 -0.00327847 0.0056738 0.00376548 0.0017157
internal_weight=2999.35 2726.73 2497.83 2413.56 1283.04 1130.52 295.284 835.235 217.584 346.621 936.423 137.861 617.65 380.973
internal_count=9834 8833 7832 7566 4035 3531 875 2656 703 1061 2974 421 1953 1230
is_linear=0
shrinkage=0.025


Tree=238
num_leaves=15
num_cat=0
split_feature=26 32 32 24 26 24 16 26 24 16 40 56 54 12
split_gain=6.56191 7.74793 7.9872 7.93161 12.3367 6.03274 5.92772 5.42324 10.3448 5.40047 5.16219 5.11512 6.77511 6.27064
threshold=0.14831315580347512 0.98111387797470606 0.98698872015883232 0.16659032199753182 0.17183948783012357 0.14637968827237954 0.22384990126627249 0.2087861026566448 0.19289394726272183 0.16125197715411232 49.500000000000007 -0.80753605992733613 -0.23098300637036873 0.17159239320435557
decision_type=2 2 2 2 2 2 2 2 2 2 2 2 2 2
left_child=5 -2 -3 9 -5 6 -1 8 11 -4 -11 -6 -13 -14
right_child=1 2 3 4 7 -7 -8 -9 -10 10 -12 12 13 -15
leaf_value=0.0021850058273276346 -0.009023956792611294 0.016146530386434488 0 0.013545668284930007 -0.0072582768911923544 0.013230318281102266 -0.0090652664184497234 0.0085800649878270113 -0.013933566541799312 -0.014666789125368375 0.0016938516647932362 0.015310691282266725 0.0058147077349786913 -0.0098440841134368514
leaf_weight=663.189995508641 69.728009287267923 12.912183579057453 50.398357804864645 39.452745515853167 28.779755871742964 25.539956361055374 25.006157543510199 23.600009310990572 35.875220235437155 46.845136284828186 11.064035728573797 19.323774013668299 35.017080381512642 21.482213292270899
leaf_count=5094 818 124 498 364 300 232 294 244 402 572 134 190 320 248
internal_value=0.000774705 -0.00176386 -1.60213e-05 -0.00100841 0.00180894 0.00221505 0.00167771 -0.00118243 -0.00323287 -0.00636959 -0.0112574 0.000677222 0.00426126 -4.88706e-05
internal_weight=1108.21 394.479 324.751 311.838 203.531 713.736 688.196 164.078 140.478 108.308 57.9092 104.603 75.8231 56.4993
internal_count=9834 4214 3396 3272 2068 5620 5388 1704 1460 1204 706 1058 758 568
is_linear=0
shrinkage=0.025


Tree=239
num_leaves=15
num_cat=0
split_feature=37 29 5 43 56 35 25 47 56 35 19 17 21 14
split_gain=17.9732 11.5349 7.91232 7.55258 8.52442 7.24997 8.13435 6.96928 6.79124 7.27814 6.59622 7.82532 6.11264 6.10421
threshold=-1.0000000180025095e-35 -0.070020033660985428 5.2885208323790431 1.5000000000000002 -0.69553662576454112 3.4999999999999987 -0.040101122478347191 -11.499999999999998 -1.0433734685793012 -2.2999999999999985 -0.024849966364537148 -0.016979591487681647 0.0083584177915762021 0.08976021720219142
decision_type=2 2 2 2 2 2 2 2 2 2 2 2 2 2
left_child=1 12 3 4 7 6 -3 -2 9 -9 -6 -12 -1 -5
right_child=2 5 -4 13 10 -7 -8 8 -10 -11 11 -13 -14 -15
leaf_value=0.01068071364326329 -0.0061267198996782461 0.0094066777061434653 -0.009763908251060896 0.0013382126144828052 0.0044769298054632371 0.0039588996270740699 -0.0010452162393055125 -0.0052247409424664697 0.0094521945253502396 0.0043703799359860905 0.0031676855763341882 -0.0046227195777191277 0.002096775449527237 -0.0048044907601679015
leaf_weight=126.0237026065588 40.966616630554199 44.381981015205383 72.711657658219337 116.22617933154106 77.36080664396286 334.5791489481926 754.14829809963703 63.324448958039284 100.0280430316925 164.39721819758415 92.887183919548988 399.78890678286552 104.82596388459206 507.78569334745407
leaf_count=531 137 152 436 364 228 1035 2274 204 314 508 267 1340 342 1702
internal_value=-0.000137482 0.00196873 -0.00190991 -0.00149857 -5.08106e-05 0.000892187 -0.000378273 0.00286173 0.00413554 0.00153983 -0.0019867 -0.00308665 0.00701594 -0.00361909
internal_weight=2999.44 1363.96 1635.48 1562.77 938.753 1133.11 798.53 368.716 327.75 227.722 570.037 492.676 230.85 624.012
internal_count=9834 4334 5500 5064 2998 3461 2426 1163 1026 712 1835 1607 873 2066
is_linear=0
shrinkage=0.025


Tree=240
num_leaves=15
num_cat=0
split_feature=17 25 33 46 35 16 16 17 46 17 23 40 44 31
split_gain=17.5905 11.9729 9.1647 9.52946 7.28454 7.20979 6.86545 6.41198 6.14383 6.00303 7.78042 7.60883 5.55221 5.37433
threshold=0.036058910320779951 -0.032747413441174496 2.5000000000000004 51.500000000000007 3.7000000000000015 0.21638289960755572 0.23965583000258942 0.089703860675065514 136.50000000000003 -0.017510133632581547 0.021732931359158603 55.000000000000007 24.500000000000004 -0.023263957509109846
decision_type=2 2 2 2 2 2 2 2 2 2 2 2 2 2
left_child=1 -1 4 -4 6 9 -3 8 -2 10 -5 -11 -6 -14
right_child=7 2 3 5 12 -7 -8 -9 -10 11 -12 -13 13 -15
leaf_value=-0.0068827917583650618 0.00420654754174145 0.0025969578981948202 -0.012728472611524298 -0.0070896196495535517 -0.0067326817694120002 0.0047186877672426228 -0.0072307103670478465 0.012751729964199246 -0.0038722897994283717 0.00018936709863347256 0.00095103519996808281 -0.0088857538762185852 0.0078316161593987247 -0.0022663211156939938
leaf_weight=195.50949863344431 398.33036996424198 876.2774126380682 46.275763511657715 256.58152066916227 109.84984021633863 95.934406153857708 40.833070561289787 45.420532748103142 61.664965778589249 558.46941746771336 96.803532317280769 58.833776265382767 40.23504938185215 113.36848573386669
leaf_count=763 1397 2640 149 1066 336 332 141 228 209 1641 293 169 121 349
internal_value=-0.000141106 -0.00101431 -0.000489283 -0.00211968 0.00102904 -0.00157884 0.00209545 0.00407791 0.00303978 -0.00224785 -0.00483473 -0.000699834 -0.00256002 0.000384623
internal_weight=2994.39 2488.97 2293.46 1112.9 1180.56 1066.62 917.11 505.416 459.995 970.688 353.385 617.303 263.453 153.604
internal_count=9834 8000 7237 3650 3587 3501 2781 1834 1606 3169 1359 1810 806 470
is_linear=0
shrinkage=0.025


Tree=241
num_leaves=15
num_cat=0
split_feature=26 56 4 4 42 24 12 46 30 8 28 14 12 30
split_gain=6.34459 6.8718 5.66506 13.9815 10.1479 7.52341 6.84032 7.81685 6.8641 6.73484 13.3556 5.43685 6.42221 7.33846
threshold=0.063795489785234458 -0.44613397192768528 23.038992358727231 22.860028938325204 290.50000000000006 0.083337026309253867 0.10668189587905591 150.50000000000003 1.4693809600323957 145.74256752254226 12.931218245875547 0.11655857467802656 0.15386387412574518 1.4425102172222808
decision_type=2 2 2 2 2 2 2 2 2 2 2 2 2 2
left_child=1 -1 3 -2 9 -4 -7 11 -9 -5 -11 -8 13 -13
right_child=2 -3 5 4 -6 6 7 8 -10 10 -12 12 -14 -15
leaf_value=0.017051951191193026 -0.00038938625443582443 0 -0.0092745722347909974 0.025553050334645656 -0.0027783253026124732 0.0058570470155343999 -0.0089135056104249263 -0.00048987821036149321 0.020047359704694918 -0.0061853643123655818 0.018238233142621879 -0.00035617943506232978 -0.0029131085370795386 0.010163038067901017
leaf_weight=25.316419839859009 197.80313949659467 24.31208922713995 55.159519825130701 24.561475310474634 20.840680919587612 99.272300593554974 55.745602618902922 15.723949935287239 14.92436547577381 19.963024813681841 26.034284196794033 127.77014684304595 347.44642344489694 53.345278456807137
leaf_count=130 1370 150 412 170 142 726 518 152 124 140 160 1256 3926 458
internal_value=0.000770476 0.00909639 0.000315709 0.00328423 0.0111017 -0.000781835 -3.12685e-05 -0.00106172 0.0102187 0.0154448 0.00758089 -0.0017775 -0.000901563 0.00279759
internal_weight=1108.22 49.6285 1058.59 289.203 91.3995 769.388 714.228 614.956 30.6483 70.5588 45.9973 584.307 528.562 181.115
internal_count=9834 280 9554 1982 612 7572 7160 6434 276 470 300 6158 5640 1714
is_linear=0
shrinkage=0.025


Tree=242
num_leaves=15
num_cat=0
split_feature=37 29 51 25 21 9 56 39 20 38 48 2 53 31
split_gain=17.2067 11.5093 10.5794 8.34899 7.94428 10.9834 7.00712 6.39442 6.17897 8.06659 5.69617 5.53113 5.43004 5.32011
threshold=-11.499999999999998 0.013958894902521002 0.23259219536341888 -0.015742050230265394 0.015156038328731603 -0.017578369906103897 0.34575560572385738 27.000000000000004 0.092390932057190553 382.50000000000006 18.500000000000004 0.084977440149209701 0.43067841196416073 -0.0039922728293542995
decision_type=2 2 2 2 2 2 2 2 2 2 2 2 2 2
left_child=8 3 4 10 5 6 -3 12 -1 -10 13 -7 -5 -2
right_child=1 2 -4 7 -6 11 -8 -9 9 -11 -12 -13 -14 -15
leaf_value=-0.0010180697660382239 0.0083403777855890308 -0.007186686904511819 0.0024258011129963102 -3.2034148982583593e-05 -0.008618505023413315 -0.0018807751809889713 0.0013398337168708204 0.0078054247222808584 0.01025933711029333 -0.00092905595380510784 -0.0044223301958633294 0.004432874290824387 -0.00465263202494395 0.0017665531145688888
leaf_weight=57.710104167461395 153.45916610956192 306.71148385107517 196.03308099508286 1011.5055921375751 176.69339269399643 221.26278093457222 67.08093173801899 51.395874246954918 166.82672956585884 46.409648030996323 39.36256068944931 134.08436194062233 186.18104220926762 179.88176316022873
leaf_count=177 488 1045 644 3071 782 713 233 156 643 181 120 446 564 571
internal_value=-0.00013651 -0.000746046 -0.00271565 0.000581 -0.00386298 -0.00262566 -0.00559303 -0.000384236 0.00580266 0.0077442 0.00384436 0.00046065 -0.000787452 0.00494535
internal_weight=2994.6 2723.65 1101.87 1621.79 905.833 729.14 373.792 1249.08 270.946 213.236 372.703 355.347 1197.69 333.341
internal_count=9834 8833 3863 4970 3219 2437 1278 3791 1001 824 1179 1159 3635 1059
is_linear=0
shrinkage=0.025


Tree=243
num_leaves=15
num_cat=0
split_feature=17 25 33 46 35 16 43 17 43 44 10 46 57 17
split_gain=16.8058 11.5214 8.76269 9.26866 7.10329 6.97415 6.37801 6.3062 6.29295 6.87705 6.04399 5.95235 5.89132 5.80389
threshold=0.036058910320779951 -0.032747413441174496 2.5000000000000004 51.500000000000007 0.84999999999999976 0.21638289960755572 -8.4999999999999982 0.089703860675065514 2.5000000000000004 27.500000000000004 1.9300003297562009 136.50000000000003 -3.3858879718406665 -0.021129380139550947
decision_type=2 2 2 2 2 2 2 2 2 2 2 2 2 2
left_child=1 -1 4 -4 10 13 -6 11 9 -8 -3 -2 -12 -5
right_child=7 2 3 5 6 -7 8 -9 -10 -11 12 -13 -14 -15
leaf_value=-0.0067664938937695169 0.0041138372208780775 0.010893371374022767 -0.012555889316242139 -0.0050025045219756524 0.0063937563049144153 0.0046484240809164861 -0.008389160507052091 0.012632114781854088 0.0014549401550403298 -0.00011565491851348591 -0.0053606698520972974 -0.0038363189477024448 0.002633629406129981 -0.00081183312467115413
leaf_weight=194.58179314434528 397.2540347725153 47.18769446015358 46.117883741855621 311.30446182191372 52.101233065128326 95.958496958017349 142.89664641022682 44.937902733683586 151.86330307275057 120.24756589531898 57.130123324692249 61.691767618060112 608.5114885866642 657.87790285050869
leaf_count=763 1397 135 149 1227 161 332 437 228 460 359 237 209 1798 1942
internal_value=-0.000141711 -0.000995334 -0.000480659 -0.00207657 0.00100369 -0.00154294 -0.00134905 0.00398869 -0.00244516 -0.00477435 0.00257889 0.00296146 0.00187537 -0.00220232
internal_weight=2989.66 2485.78 2291.2 1111.26 1179.94 1065.14 467.109 503.884 415.008 263.144 712.829 458.946 665.642 969.182
internal_count=9834 8000 7237 3650 3587 3501 1417 1834 1256 796 2170 1606 2035 3169
is_linear=0
shrinkage=0.025


Tree=244
num_leaves=15
num_cat=0
split_feature=26 38 24 6 24 56 6 12 56 24 24 38 26 56
split_gain=6.20309 8.00778 10.5305 8.75363 8.53438 9.44334 7.05564 8.5883 9.2143 6.54424 5.8567 6.89 5.0045 5.83568
threshold=0.14831315580347512 385.00000000000006 0.16341201386145468 14.626881797246153 0.16659032199753182 0.59272555899550927 10.432700508092344 0.15386387412574518 -0.24970130205025848 0.17297764782169764 0.14675152852038861 388.50000000000006 0.063795489785234458 -0.44613397192768528
decision_type=2 2 2 2 2 2 2 2 2 2 2 2 2 2
left_child=10 3 -3 4 -2 6 -6 8 -8 -9 11 12 13 -1
right_child=1 2 -4 -5 5 -7 7 9 -10 -11 -12 -13 -14 -15
leaf_value=0.017076500467759638 -0.0065387474690346455 -0.0050099846363072971 0.016606751598815962 -0.0091161955609805456 -0.0073338902578846928 0.015176950419671174 0.021594122342415759 0.0098453637515175663 -0.0014850860937766588 -0.0079256164630237252 0.013760948704944438 -0.0068035360196811298 0.0016788642498100925 0
leaf_weight=25.249331258237362 87.350108560174704 19.583605758845806 26.8448192961514 100.62918611243367 46.962843142449856 26.799423098564148 21.690321143716574 13.384075358510016 13.985015906393526 35.785443656146526 21.916462369263172 49.18340178579092 595.85741307213902 22.821243815124035
leaf_count=128 886 252 246 1314 432 246 202 130 142 364 198 474 4682 138
internal_value=0.000768908 -0.00170516 0.00740205 -0.00308418 -0.0003842 0.00294875 0 0.00423962 0.0128618 -0.00216454 0.0021659 0.00166751 0.0024005 0.00987348
internal_weight=1108.04 393.015 46.4284 346.586 245.957 158.607 131.808 84.8449 35.6753 49.1695 715.028 693.111 643.928 48.0706
internal_count=9834 4214 498 3716 2402 1516 1270 838 344 494 5620 5422 4948 266
is_linear=0
shrinkage=0.025


Tree=245
num_leaves=15
num_cat=0
split_feature=17 19 29 35 10 46 33 50 17 29 17 35 8 46
split_gain=16.6616 11.3254 9.11141 7.74983 10.6784 6.96566 6.79711 7.02144 6.68915 6.56752 5.7279 5.76782 6.04208 5.70163
threshold=-0.036069798295387388 0.020001600656787404 0.092278287586916613 -0.90000000000000024 1.9347676852218401 66.500000000000014 -37.499999999999993 66.500000000000014 -0.088853805663273874 0.021972194495802806 0.030254035980796803 5.8500000000000005 146.70198584505849 136.50000000000003
decision_type=2 2 2 2 2 2 2 2 2 2 2 2 2 2
left_child=8 2 3 4 -2 -3 10 -8 -1 -7 11 12 -5 -10
right_child=1 5 -4 6 -6 9 7 -9 13 -11 -12 -13 -14 -15
leaf_value=0.01278915789781912 -0.011519093601492529 0.0047053673342073573 -0.0066379031628602996 -0.010226171998858762 -0.0008169506133612588 -0.0034828433669662237 0.0034073715800997982 -0.0027153219979898194 0.0040502998872289165 -0.011162819168044548 -0.0084877371339153532 0.0060559066186430741 0.00042074923917196695 -0.0037258671410845354
leaf_weight=45.730806782841682 59.342870846390724 36.655399948358536 125.42052568495274 41.361648127436638 726.38084402680397 253.6880176961422 783.64387314021587 129.02265952527523 395.59266790747643 105.57661171257496 59.219292625784874 63.545078217983246 102.98541490733624 61.754051268100739
leaf_count=234 174 132 500 120 2251 825 2382 383 1391 510 236 184 304 208
internal_value=-0.000135713 -0.000984837 -0.000233666 0.000178114 -0.00172459 -0.00483716 0.00146833 0.00250449 0.0039809 -0.00593062 -0.00196111 0 -0.00270288 0.0029173
internal_weight=2989.92 2486.84 2090.92 1965.5 785.724 395.92 1179.78 912.667 503.078 359.265 267.111 207.892 144.347 457.347
internal_count=9834 8001 6534 6034 2425 1467 3609 2765 1833 1335 844 608 424 1599
is_linear=0
shrinkage=0.025


Tree=246
num_leaves=15
num_cat=0
split_feature=37 37 19 43 47 6 35 54 51 20 38 29 52 28
split_gain=16.7189 10.0681 9.47375 8.43126 8.09557 7.77205 10.3968 7.38314 7.08632 5.99147 8.15061 5.96293 5.7567 5.93668
threshold=11.500000000000002 -11.499999999999998 0.042504554883953508 1.0000000180025095e-35 -5.4999999999999991 8.4047707431405421 -0.79999999999999882 -0.53268293738211014 0.40357256778309408 0.092390932057190553 382.50000000000006 -0.0062195818113527498 0.60011792452830193 12.480717437783934
decision_type=2 2 2 2 2 2 2 2 2 2 2 2 2 2
left_child=1 -1 3 4 7 6 -5 -3 12 -2 -11 -6 13 -7
right_child=9 2 -4 5 11 8 -8 -9 -10 10 -12 -13 -14 -15
leaf_value=-0.0057420991556908045 -0.00099316027510614109 -0.0055818179154004674 0.0077321389003799264 0.0019881446442636219 -0.005347777366320367 0.0069572477743849257 -0.0071872039214341751 0.0031551959637779446 -0.00211984851712364 0.010172425498061369 -0.0010980999191773477 -0.001248846628920562 0.0069153597076537319 0.00012565573526224157
leaf_weight=225.87382654845715 57.586738526821136 70.93371707201004 83.815749540925026 151.34029547870159 429.04738799482584 100.74129071831703 143.21494311094284 274.83065605163574 173.90884073078632 166.29054909944534 46.149184539914131 503.58402881026268 203.97458256781101 353.54733342677355
leaf_count=1001 177 217 266 442 1458 316 433 844 558 643 181 1516 647 1135
internal_value=-0.000140455 -0.00074235 -0.00026799 -0.000572621 -0.0019653 0.00098714 -0.00243502 0.0012375 0.00223562 0.0057235 0.00764016 -0.00317964 0.0034313 0.00175428
internal_weight=2984.84 2714.81 2488.94 2405.12 1278.4 1126.73 294.555 345.764 832.172 270.026 212.44 932.631 658.263 454.289
internal_count=9834 8833 7832 7566 4035 3531 875 1061 2656 1001 824 2974 2098 1451
is_linear=0
shrinkage=0.025


Tree=247
num_leaves=15
num_cat=0
split_feature=26 38 24 12 56 20 24 38 26 14 54 28 4 22
split_gain=5.98104 7.79032 10.1442 7.28804 6.01866 5.82378 5.65905 6.25775 4.90824 6.03408 5.06015 4.85539 7.37877 4.00136
threshold=0.14831315580347512 385.00000000000006 0.16341201386145468 0.19136371952186756 0.59272555899550927 0.16772993810690517 0.14637968827237954 388.50000000000006 0.063795489785234458 0.076651414268824811 -0.94502513858525916 12.627132637640939 23.160471127062362 0.11174376311237846
decision_type=2 2 2 2 2 2 2 2 2 2 2 2 2 2
left_child=6 3 -3 4 11 -6 7 8 9 -1 -10 12 -2 -9
right_child=1 2 -4 -5 5 -7 -8 13 10 -11 -12 -13 -14 -15
leaf_value=0 0.012212444856055535 -0.0049422479683618953 0.016249638916375386 -0.010632944197305504 -0.00514623262366841 0.012549585587033016 0.012727406361024313 0.00029269681464536495 -0.0094784783810766618 0.016844245530966567 0.0020805370996549275 -0.0051743639767703013 -0.0029612570071457923 -0.012548159028782147
leaf_weight=22.439210258424282 24.971021365374327 19.46358086168766 27.150617834180593 60.178148377686739 11.746638700366018 29.556698646396399 25.993373841047287 22.714370962232351 19.131128810346127 25.920194983482361 574.311757363379 166.82531873881817 52.147367902100086 25.302197601646185
leaf_count=108 222 252 246 796 130 288 232 196 168 158 4490 1752 528 268
internal_value=0.000767571 -0.0016656 0.0072951 -0.003033 -0.00118797 0.00696473 0.00213718 0.00161342 0.00230853 0.00968168 0.00159005 -0.00278093 0.002092 -0.00654748
internal_weight=1107.85 392.039 46.6142 345.425 285.247 41.3033 715.812 689.819 641.802 48.3594 593.443 243.944 77.1184 48.0166
internal_count=9834 4214 498 3716 2920 418 5620 5388 4924 266 4658 2502 750 464
is_linear=0
shrinkage=0.025


Tree=248
num_leaves=15
num_cat=0
split_feature=37 37 19 43 56 6 44 47 21 41 9 13 52 38
split_gain=16.1552 10.7149 9.03542 8.52402 8.78415 9.05991 8.42992 8.17814 7.71627 7.21089 8.36677 7.07796 6.77798 6.48525
threshold=-11.499999999999998 11.500000000000002 -0.04221285521323509 -1.0000000180025095e-35 -0.35580989181984096 7.9957197637245452 24.500000000000004 5.5000000000000009 0.00070155884700550016 -1.0000000180025095e-35 0.045476655462860859 -0.0048503189543859992 0.66649763353617308 373.50000000000006
decision_type=2 2 2 2 2 2 2 2 2 2 2 2 2 2
left_child=-1 2 -2 4 5 -4 11 -5 13 -9 12 -6 -11 -8
right_child=1 -3 3 7 6 -7 8 9 -10 10 -12 -13 -14 -15
leaf_value=0.0056373202185930902 0.0074551180388706968 -0.0058712069059160196 -0.0025468131126872352 -0.003162603411991738 0.0063975236210015596 0.0047572073171265293 -0.0053501966669400255 0.0056588362318080732 -0.0083831679506485481 0.0023672868840027856 0.0068645594775372512 -0.0017675204897182617 -0.0080147785068993855 0.0049184420430496388
leaf_weight=269.15742158889771 86.510379582643509 226.97514478862286 128.8007520288229 931.66250628978014 116.72356779873371 464.4746233522892 70.795514822006226 137.44927361607552 136.62540808320045 53.160436719655991 48.7452662140131 135.20176368206739 105.94165588915348 72.866232216358185
leaf_count=1001 274 1001 378 2971 365 1464 209 421 444 165 152 436 323 230
internal_value=-0.000136871 -0.000727607 -0.000237692 -0.000539997 0.00102941 0.00312168 -0.00126373 -0.00194136 -0.00424067 0.00128047 -0.0015624 0.00196913 -0.00442706 0
internal_weight=2985.09 2715.93 2488.96 2402.45 1125.49 593.275 532.212 1276.96 280.287 345.297 207.847 251.925 159.102 143.662
internal_count=9834 8833 7832 7558 3526 1842 1684 4032 883 1061 640 801 488 439
is_linear=0
shrinkage=0.025


Tree=249
num_leaves=15
num_cat=0
split_feature=37 25 51 29 35 56 5 46 24 38 46 43 45 55
split_gain=15.8536 9.80651 10.071 10.6488 8.28736 8.16049 6.87686 6.46779 5.04141 7.67742 4.85572 6.03057 4.67452 4.50908
threshold=11.500000000000002 -0.032747413441174496 -0.13995670995670997 -0.042828418273875443 3.649999999999999 0.2571999666566902 3.7951902441914229 97.500000000000014 0.092094749984531474 382.50000000000006 120.50000000000001 -1.0000000180025095e-35 19.500000000000004 0.81800927128873091
decision_type=2 2 2 2 2 2 2 2 2 2 2 2 2 2
left_child=1 5 4 10 -3 7 -5 -1 -2 -10 11 13 -13 -4
right_child=8 2 3 6 -6 -7 -8 -9 9 -11 -12 12 -14 -15
leaf_value=0.0037293576730516123 -0.00061354237087238729 0.0039633597385630021 -0.013631920855719541 -0.00059818672321763737 -0.0017244313944593016 -0.013062333218396286 0.0069566155959258765 -0.0057902461099802547 0.0097876051494199968 -0.0011415827225155612 -0.00096913754059429428 -0.00042736656455894911 -0.010747231798724756 -0.0014383917778451041
leaf_weight=61.077903024852276 56.629746481776237 509.36587545275688 88.750488363206387 1220.7654403448105 221.89348639547825 61.562605991959572 75.111161813139915 122.89266889542341 166.15971332788467 46.092042878270149 162.70733101665974 123.54660233110189 32.751234345138073 31.394829675555229
leaf_count=210 175 1586 352 3686 701 257 294 445 645 181 599 452 129 122
internal_value=-0.000139524 -0.000725364 -0.000235553 -0.00128129 0.00220351 -0.00544265 -0.000116025 -0.00248241 0.00558309 0.00732753 -0.00462352 -0.00663014 -0.00301094 -0.0108302
internal_weight=2980.7 2711.82 2466.29 1735.03 731.259 245.533 1295.88 183.971 268.882 212.252 439.15 276.443 156.298 120.145
internal_count=9834 8833 7921 5634 2287 912 3980 655 1001 826 1654 1055 581 474
is_linear=0
shrinkage=0.025


Tree=250
num_leaves=15
num_cat=0
split_feature=10 12 12 32 12 44 11 11 20 8 30 38 40 32
split_gain=5.85068 7.72922 5.84225 11.3268 4.71668 4.53608 4.49684 5.11111 5.4089 5.47367 4.94481 5.21061 9.18487 14.4333
threshold=1.9347676852218401 0.070105252498854562 0.07215925354340641 1.048242387407269 0.075282210147244413 25.500000000000004 0.045154815290924209 -0.045332303327532845 0.085808773475826314 142.86796221202778 1.5080644208925704 370.50000000000006 27.000000000000004 1.0603502567412175
decision_type=2 2 2 2 2 2 2 2 2 2 2 2 2 2
left_child=2 5 -1 -4 -3 -2 7 -6 -9 -10 11 -11 13 -13
right_child=1 4 3 -5 6 -7 -8 8 9 10 -12 12 -14 -15
leaf_value=-0.0010800717131046198 0 -0.010707846646661294 0.018794371970879187 -9.2374148183796783e-05 -0.0060876665972041527 0.014966065827460313 -0.0062006238151297004 -0.0047186149214738429 0.011661834881310531 -0.00092114939205428434 -0.0049882153350154163 0.0038147772538790247 -0.00013236711600209049 0.0212401599269115
leaf_weight=38.30594901740551 24.315581649541855 21.945383600890636 37.364131167531013 32.388419836759567 63.850518964231014 28.646173574030399 64.555411204695702 85.179605081677437 28.741159580647945 233.12941680848598 65.632364485412836 162.25087980180979 187.41996093839407 34.232306182384491
leaf_count=190 128 152 218 192 1064 146 1074 608 240 1939 693 1356 1579 255
internal_value=0.000760283 0.000124572 0.00615593 0.0102706 -0.000390592 0.00900596 -6.268e-05 0.000402104 0.000988209 0.00173457 0.00119851 0.00193157 0.00371778 0.00742655
internal_weight=1107.96 999.899 108.059 69.7526 946.937 52.9618 924.992 860.436 796.586 711.406 682.665 617.033 383.903 196.483
internal_count=9834 9234 600 410 8960 274 8808 7734 6670 6062 5822 5129 3190 1611
is_linear=0
shrinkage=0.025


Tree=251
num_leaves=15
num_cat=0
split_feature=17 19 29 35 51 43 41 34 29 17 44 14 24 36
split_gain=15.4851 10.8034 8.5945 7.35016 7.63961 9.9106 7.39212 6.79611 6.76548 6.57027 6.22903 6.52917 6.48112 5.71927
threshold=-0.036069798295387388 0.020001600656787404 0.092278287586916613 -3.6999999999999971 0.42841000807102497 -1.0000000180025095e-35 -1.0000000180025095e-35 240.50000000000003 0.019718402193709701 -0.088853805663273874 20.500000000000004 0.08976021720219142 0.15192666507753239 52.750000000000007
decision_type=2 2 2 2 2 2 2 2 2 2 2 2 2 2
left_child=9 2 3 -2 5 10 -6 8 -3 -1 12 -12 -5 -11
right_child=1 7 -4 4 6 -7 -8 -9 -10 13 11 -13 -14 -15
leaf_value=0.012630615334755908 -0.0025765542580719917 -0.0033779717361356759 -0.006465320602486827 0.010769326144964399 0.011010196737589878 -0.002032633117566531 0.0012073494997283764 0.0033053765727631304 -0.01122953272558804 7.4719834965338448e-05 -0.0045495588456927792 0.0022974206182634778 0.00090699537902201057 0.0057674986278923668
leaf_weight=45.044407397508621 454.40462757647038 237.58494079113007 124.45260064303875 92.202325537800789 83.285851284861565 600.68483383953571 123.4257668107748 50.127925232052803 106.18336620181799 245.05267903208733 103.10737392306328 419.89217859506607 85.17391163110733 210.37346985936165
leaf_count=234 1426 775 500 277 248 1850 368 170 522 845 303 1296 266 754
internal_value=-0.000135494 -0.000954537 -0.000220767 0.000178016 0.00103047 0.000292307 0.00544183 -0.00472745 -0.00600107 0.00384383 0.00232203 0.000869916 0.00632534 0.00279274
internal_weight=2981 2480.53 2086.63 1962.18 1507.77 1301.06 206.712 393.896 343.768 500.471 700.376 523 177.376 455.426
internal_count=9834 8001 6534 6034 4608 3992 616 1467 1297 1833 2142 1599 543 1599
is_linear=0
shrinkage=0.025


Tree=252
num_leaves=15
num_cat=0
split_feature=17 19 29 34 35 10 9 52 10 51 29 17 45 46
split_gain=15.1275 10.8121 8.43159 6.98047 6.90395 11.0691 7.67063 8.33284 7.99924 6.78638 6.33128 6.15394 5.92964 5.75827
threshold=0.036058910320779951 -0.020005474037913248 -0.10393794016667744 240.50000000000003 0.90000000000000047 1.9347676852218401 0.013342690392339202 0.97614030756615044 1.9693587229288891 -0.42447242527887685 -0.014812162198587348 0.089703860675065514 13.500000000000002 136.50000000000003
decision_type=2 2 2 2 2 2 2 2 2 2 2 2 2 2
left_child=1 3 -3 10 6 -6 7 -4 -8 -10 -1 13 -11 -2
right_child=11 2 4 -5 5 -7 8 -9 9 12 -12 -13 -14 -15
leaf_value=-0.010640873099149656 0.0039251202029196687 -0.0075384779515712654 0.004900773747717399 0.003480323412913499 -0.011551061924520226 -0.0007509728297285139 0.0055016870063509951 -0.002100417978042707 0.0051553302309419735 -0.0051766282485671529 -0.0032369198860879322 0.012410910636268738 0.0008479327279358027 -0.0039095246831300449
leaf_weight=120.22248283773661 394.31382186710835 89.009538941085339 464.91587422788143 49.300769619643688 60.430933997035027 737.68686807155609 102.87659892439842 128.52469082176685 65.052085727453232 291.67261220514774 222.93092520534992 43.982774019241333 143.88276238739491 61.479598715901375
leaf_count=580 1397 358 1417 169 179 2312 305 379 197 930 716 228 458 209
internal_value=-0.000141054 -0.000951395 -0.000217613 -0.00473334 0.000114539 -0.00166667 0.00132506 0.00333783 -0.0006243 -0.00197461 -0.00601824 0.0037945 -0.00314267 0.00278314
internal_weight=2976.28 2476.51 2084.05 392.454 1995.04 798.118 1196.92 593.441 603.484 500.607 343.153 499.776 435.555 455.793
internal_count=9834 8000 6535 1465 6177 2491 3686 1796 1890 1585 1296 1834 1388 1606
is_linear=0
shrinkage=0.025


Tree=253
num_leaves=15
num_cat=0
split_feature=26 32 32 24 38 6 12 52 24 54 6 18 24 38
split_gain=5.65502 7.5543 7.72509 7.5097 12.0697 8.18753 7.59409 6.72109 6.51271 6.61969 6.07142 5.93338 5.49676 6.057
threshold=0.14831315580347512 0.98111387797470606 0.98698872015883232 0.16453996342540608 385.00000000000006 14.581538375615581 0.12750572444234523 0.090230664857530521 0.17549458320796121 0.089769986700637558 9.1963805419479616 0.09844691862713377 0.14637968827237954 388.50000000000006
decision_type=2 2 2 2 2 2 2 2 2 2 2 2 2 2
left_child=12 -2 -3 10 5 6 11 -8 -9 -10 -4 -5 13 -1
right_child=1 2 3 4 -6 -7 7 8 9 -11 -12 -13 -14 -15
leaf_value=0.0022481515166699454 -0.0088524071103335527 0.015960179402742251 0.0072666887310081536 0.0042125290302173534 0.017308657968651591 -0.0080330197875867031 -0.0029597781861311644 0.01942403513077082 0.011298492642209577 -0.0066450741431552567 -0.0091405935277006651 -0.012480729605604084 0.012482195292079104 -0.0064840435033168102
leaf_weight=643.22466571629047 68.431595906615257 12.998638138175009 11.217436071485279 17.701578114181757 21.956090766936541 57.875882785767317 25.817066129297018 27.157461106777191 22.591714091598988 17.921195983886719 82.433485485613346 24.66536371037364 26.215444974601269 47.743486620485783
leaf_count=4924 818 124 94 136 192 736 274 236 218 168 970 248 232 464
internal_value=0.00075524 -0.00161561 0 -0.00088002 0.00160737 -0.000437024 0.00279177 0.00678104 0.0107893 0.00295371 -0.00665323 -0.0052698 0.00208389 0.00156662
internal_weight=1107.95 390.768 322.336 309.337 215.686 193.73 135.854 93.4874 67.6704 40.5129 93.6509 42.3669 717.184 690.968
internal_count=9834 4214 3396 3272 2208 2016 1280 896 622 386 1064 384 5620 5388
is_linear=0
shrinkage=0.025


Tree=254
num_leaves=15
num_cat=0
split_feature=37 37 25 51 43 4 20 38 9 23 10 30 30 10
split_gain=14.968 9.70955 8.26956 8.2051 6.17104 5.89737 5.84792 7.94958 5.284 8.00452 6.03711 7.7314 5.92876 5.55812
threshold=-11.499999999999998 11.500000000000002 -0.033421422680923692 -0.099074308367071484 -5.4999999999999991 23.183473596141543 0.092390932057190553 382.50000000000006 0.017428178080789204 0.019554315812457854 1.9693587229288891 1.4671936210352043 1.5069568233395474 2.0314525300841777
decision_type=2 2 2 2 2 2 2 2 2 2 2 2 2 2
left_child=6 2 5 -4 -5 -2 -1 -8 9 -6 -10 13 -13 -12
right_child=1 -3 3 4 8 -7 7 -9 10 -11 11 12 -14 -15
leaf_value=-0.0011818739340228191 -0.00034438944039705288 -0.0056255357526680894 -0.0029233605376195407 0.0039192307838996866 -0.00050352278797829227 0.0074468714126872436 0.009887590881831429 -0.0012749180296957657 -0.0050529933220371118 -0.0073228115917300081 0.011852239998192326 -0.006274237486458588 0.0031399601932532682 0.0030475918383013434
leaf_weight=57.456807315349579 95.412866577506065 224.5454041659832 712.05755819380283 243.60152690112591 651.4818069934845 136.37414988875389 164.04759238660336 45.848224148154259 67.649299204349518 126.66284243762493 57.09759396314621 82.058807209134102 72.42272162437439 239.80232380330563
leaf_count=177 290 1001 2298 752 1993 438 643 181 200 432 172 275 229 753
internal_value=-0.000132491 -0.000701083 -0.000235594 -0.000710749 0.000301767 0.00419455 0.00544452 0.00736006 -0.000370812 -0.00168512 0.00154921 0.00263799 -0.00174392 0.0049919
internal_weight=2976.52 2709.17 2484.62 2252.83 1540.78 231.787 267.353 209.896 1297.18 778.145 519.031 451.381 154.482 296.9
internal_count=9834 8833 7832 7104 4806 728 1001 824 4054 2425 1629 1429 504 925
is_linear=0
shrinkage=0.025


Tree=255
num_leaves=15
num_cat=0
split_feature=17 41 34 21 35 5 51 43 6 55 9 25 48 29
split_gain=14.5406 10.9967 10.7972 8.95414 8.33038 8.29688 7.60295 9.24852 8.5864 7.06545 6.17352 8.59814 6.12641 5.96345
threshold=0.021110738276015603 129.50000000000003 19.500000000000004 -0.0036203623880660999 4.700000000000002 -5.392071789752424 -0.15499223729114486 -1.0000000180025095e-35 13.000584513938071 0.87987884501505886 0.073264176103347609 -0.019206971733341998 18.500000000000004 -0.011475124479927198
decision_type=2 2 2 2 2 2 2 2 2 2 2 2 2 2
left_child=4 2 -2 -4 5 -1 -7 13 -9 -6 11 -10 -5 -8
right_child=1 -3 3 12 9 6 7 8 10 -11 -12 -13 -14 -15
leaf_value=-0.0097419438735103572 -0.0091981518674822214 -0.0088249500960731284 0.0012266750009837055 0.0078246791204038737 -0.00647085748157393 0.0026781644372750458 -0.006237117583317249 -0.0014381768141006695 -0.003472685508573028 0.00045276883460546063 -0.0028159854828703748 0.0085862603250616669 -0.0013326566961604377 -0.00038752660020091096
leaf_weight=53.24920566380024 35.658036217093468 44.210564240813255 407.60893608629704 334.71685133874416 296.89346063137054 434.65717281401157 274.03907895833254 462.35991337895393 40.587435513734818 122.31098943948746 54.975081130862236 169.30285301804543 45.984177961945534 195.54275217652321
leaf_count=325 110 136 1243 1277 1024 1298 951 1428 155 437 175 523 160 592
internal_value=-0.000140606 0.00256317 0.00325391 0.0039031 -0.0012716 -0.000465072 -0.000118168 -0.00116146 0.000576685 -0.0044103 0.00414803 0.00611149 0.00665083 -0.00388366
internal_weight=2972.1 868.179 823.968 788.31 2103.92 1684.71 1631.46 1196.81 727.225 419.204 264.865 209.89 380.701 469.582
internal_count=9834 2926 2790 2680 6908 5447 5122 3824 2281 1461 853 678 1437 1543
is_linear=0
shrinkage=0.025


Tree=256
num_leaves=15
num_cat=0
split_feature=26 4 4 44 26 52 28 22 44 46 4 54 2 32
split_gain=5.49677 4.991 13.436 7.70139 7.36917 6.60715 11.0487 6.40953 9.22629 6.48256 8.78185 10.872 6.4397 8.38608
threshold=0.063795489785234458 23.038992358727231 22.860028938325204 30.500000000000004 0.083076920735650719 0.47343584185689447 12.741109998536027 0.12276761405889546 28.500000000000004 132.50000000000003 23.278265024453813 -0.12899212019110276 0.085340437826477364 1.0337045144716188
decision_type=2 2 2 2 2 2 2 2 2 2 2 2 2 2
left_child=-1 2 -2 5 -3 6 -4 8 12 -9 -11 -12 13 -6
right_child=1 4 3 -5 7 -7 -8 9 -10 10 11 -13 -14 -15
leaf_value=0.0084229065186289444 -0.00050173771012021354 -0.0091577095045731523 0.01968830634494648 -0.0011991440171792284 0.021090913800877381 0.026117095550818273 -0.0016045786255684297 -0.0026812250284784494 -0.00080696879804960104 -0.0033400202719898915 0.017347379990872588 -0.0027995985099324473 -0.00061050843328031045 0
leaf_weight=50.733004845678806 198.77710614725947 54.595438744872808 21.247344721108675 21.529354315251112 35.567685026675463 19.525406882166862 30.167640641331673 440.63621050864458 89.346420593559742 50.03847922757268 38.959390889853239 21.991401717066765 18.509007908403873 16.267711706459522
leaf_count=280 1370 412 144 156 278 112 200 4732 770 498 362 216 174 130
internal_value=0.000751567 0.000321965 0.00309476 0.0107116 -0.000713227 0.0144965 0.00771668 0 0.00432682 -0.00128752 0.00390713 0.010038 0.0108 0.0150096
internal_weight=1107.89 1057.16 291.247 92.4697 765.912 70.9404 51.415 711.316 159.691 551.625 110.989 60.9508 70.3444 51.8354
internal_count=9834 9554 1982 612 7572 456 344 7160 1352 5808 1076 578 582 408
is_linear=0
shrinkage=0.025


Tree=257
num_leaves=15
num_cat=0
split_feature=37 29 15 23 30 10 35 25 34 9 17 43 46 32
split_gain=14.4733 10.3012 6.7913 7.19874 7.37222 6.58798 6.50056 7.29045 5.2704 6.15591 5.00601 4.78169 5.38561 4.66032
threshold=-1.0000000180025095e-35 -0.070020033660985428 0.085981943516925063 0.014457767332001803 1.5100417096347796 1.9536991942466255 3.4999999999999987 -0.040101122478347191 130.50000000000003 0.015565344857560901 -0.021561322446527347 -5.4999999999999991 71.500000000000014 0.9547920830685056
decision_type=2 2 2 2 2 2 2 2 2 2 2 2 2 2
left_child=1 5 3 4 10 -1 7 -3 -9 -10 -2 -5 -13 -8
right_child=2 6 -4 11 -6 -7 13 8 9 -11 -12 12 -14 -15
leaf_value=-0.0025120454943792832 0.0035493466943556993 0.0088948466548651635 -0.01123716505570559 0.0011170787570473418 0.0055467756223453015 0.0084223739314414209 -0.0035682634777505964 -0.0028948863800929109 -0.0019082340082375458 0.0048772785115464568 -0.001710864270096318 0.0023359365669404454 -0.0065739762924159149 0.0048140288154663495
leaf_weight=35.405648425221443 121.66479283571243 43.44668273627758 41.511701472103596 77.60709385573864 112.07898600399494 190.86566911637783 40.983030557632446 430.50498305261135 167.11255775392056 152.81120193004608 916.23347754776478 41.937770359218121 309.17162950336933 290.98405973613262
leaf_count=106 368 152 264 274 347 767 126 1306 498 470 2911 154 1182 909
internal_value=-0.000131936 0.00176507 -0.00173099 -0.00143055 -0.000369806 0.006586 0.000749214 -0.000455082 -0.00108479 0.00128109 -0.00105622 -0.00418115 -0.00542169 0.00366741
internal_weight=2972.32 1352.11 1620.21 1578.69 1149.98 226.271 1125.84 793.875 750.429 319.924 1037.9 428.716 351.109 331.967
internal_count=9834 4334 5500 5236 3626 873 3461 2426 2274 968 3279 1610 1336 1035
is_linear=0
shrinkage=0.025


Tree=258
num_leaves=15
num_cat=0
split_feature=37 5 25 51 35 51 43 35 3 4 42 20 38 7
split_gain=14.3572 9.00426 8.56677 7.97685 7.84762 6.46741 6.50426 8.20721 6.57632 6.38599 6.33832 5.55165 7.83535 5.16898
threshold=11.500000000000002 -5.392071789752424 0.033194507059910956 0.14012987012987019 3.649999999999999 -0.54537220026350453 1.0000000180025095e-35 -2.0999999999999992 0.9933398457582896 23.183473596141543 60.500000000000007 0.092390932057190553 382.50000000000006 1.0373163371640359
decision_type=2 2 2 2 2 2 2 2 2 2 2 2 2 2
left_child=1 -1 3 4 5 10 7 -7 -8 -4 -3 -2 -13 -10
right_child=11 2 9 -5 -6 6 8 -9 13 -11 -12 12 -14 -15
leaf_value=-0.0093292996457264108 -0.0011175774462568607 0.0024094030054983805 -0.00065626155123130463 -0.0031346046479164519 -0.0026020739979048428 0.0019471054801138623 -0.00042413366646586105 -0.00419313203144751 0.0075931444283570768 0.0072905131288586436 0.013772912801715907 0.0097257694471551154 -0.0013708006504168776 0
leaf_weight=68.81530050188303 57.382563278079033 128.73222123086452 99.963741317391396 705.30034022778273 495.81701147556305 230.92015196382999 236.95433278381824 306.95347341895103 172.42365276813507 142.38950118422508 40.464823618531227 163.1188095510006 45.692288309335709 72.420992851257324
leaf_count=429 177 394 304 2321 1602 723 736 979 543 455 122 643 181 225
internal_value=-0.00014209 -0.000699598 -0.00044726 -0.000912421 9.63119e-06 0.00112612 0.000337707 -0.0015173 0.00245428 0.00396462 0.00558791 0.00533153 0.00720541 0.00529273
internal_weight=2967.35 2701.16 2632.34 2389.99 1684.69 1188.87 1019.67 537.874 481.799 242.353 169.197 266.194 208.811 244.845
internal_count=9834 8833 8404 7645 5324 3722 3206 1702 1504 759 516 1001 824 768
is_linear=0
shrinkage=0.025


Tree=259
num_leaves=15
num_cat=0
split_feature=10 12 50 12 32 12 56 34 34 34 24 4 34 6
split_gain=5.38395 7.28212 7.43754 5.58936 10.6873 4.67192 4.49683 7.72087 6.36779 6.11666 5.76887 5.66617 8.74772 4.32375
threshold=1.9347676852218401 0.070105252498854562 23.500000000000004 0.07215925354340641 1.048242387407269 0.075282210147244413 -1.3875453774166651 17.500000000000004 30.500000000000004 45.500000000000007 0.15257350415249002 23.296265214589038 69.500000000000014 14.162998340651958
decision_type=2 2 2 2 2 2 2 2 2 2 2 2 2 2
left_child=3 2 -2 -1 -5 -3 11 -8 -9 10 -10 -7 -13 -11
right_child=1 5 -4 4 -6 6 7 8 9 13 -12 12 -14 -15
leaf_value=-0.001156933418301374 -0.00059359448816855617 -0.010658330202124578 0.016440898344836443 0.018082576525800202 -0.00015599024899692649 -0.0071762745142785831 0.014451764070563559 -0.010946253076404277 0 0.0013388622741272061 0.018126931096802471 0.013762920365897831 -0.0049212324172099101 -0.0031166958101850966
leaf_weight=38.430669993162155 24.85973446816206 21.813778258860111 28.592590615153313 38.078240640461445 32.482079617679119 104.48522685468197 19.881006330251694 25.263069149106741 23.69904762506485 495.4266116656363 18.797180712223053 20.469224713742733 33.973215907812119 181.46500357426703
leaf_count=190 132 152 142 218 192 986 176 266 224 4246 188 198 338 2186
internal_value=0.000749712 0.000135838 0.00871767 0.00590286 0.00990095 -0.000366446 -4.03177e-05 0.000733599 0.00024005 0.00074024 0.00941913 -0.00382462 0.00224982 9.36331e-05
internal_weight=1107.72 998.726 53.4523 108.991 70.5603 945.273 923.46 764.532 744.651 719.388 42.4962 158.928 54.4424 676.892
internal_count=9834 9234 274 600 410 8960 8808 7286 7110 6844 412 1522 536 6432
is_linear=0
shrinkage=0.025


Tree=260
num_leaves=15
num_cat=0
split_feature=17 25 29 35 25 17 29 51 41 46 50 53 43 6
split_gain=13.8513 10.3854 7.67397 7.91291 6.96676 6.35087 6.1755 10.5788 5.49265 5.90466 5.44204 8.86268 5.69153 5.66277
threshold=-0.036069798295387388 0.032603960168680307 0.092278287586916613 1.5499999999999992 -0.032747413441174496 -0.088853805663273874 -0.030170843028644697 -0.13995670995670997 -46.499999999999993 137.50000000000003 35.500000000000007 -0.13089293663646437 -4.4999999999999991 8.1894489452610113
decision_type=2 2 2 2 2 2 2 2 2 2 2 2 2 2
left_child=5 2 3 4 -2 -1 7 -5 -7 -10 12 -12 13 -6
right_child=1 -3 -4 6 10 8 -8 -9 9 -11 11 -13 -14 -15
leaf_value=0.012380442765807482 0.0047258234912205674 -0.0063766819171605545 -0.0061986419034181749 -0.00400871250522963 -0.0062765620683411603 -0.0059750361696776135 0.00065112122308847223 0.0093665566821869214 0.0046497933293025619 -0.0037929104165447406 0.0045483971314275113 -0.0026273052932885344 -0.0043487277692255844 0.0044984815265010393
leaf_weight=43.975546896457672 101.41068753600121 194.98799245804548 129.86278258264065 44.257662773132324 37.552468448877335 35.917255997657776 724.23634167015553 132.70174656808376 363.49438221752644 53.09059464931488 175.67764215171337 259.39387363195419 574.18784434348345 96.820292726159096
leaf_count=234 308 774 539 128 111 119 2247 399 1299 181 550 811 1829 305
internal_value=-0.000130148 -0.000905388 -0.000412766 -3.74648e-05 -0.00133815 0.00364911 0.00172938 0.00586577 0.0026199 0.00348231 -0.00191587 0.000232122 -0.0032622 0.00119072
internal_weight=2967.57 2471.09 2276.1 2146.24 1245.04 496.478 901.196 176.959 452.502 416.585 1143.63 435.072 708.561 134.373
internal_count=9834 8001 7227 6688 3914 1833 2774 527 1599 1480 3606 1361 2245 416
is_linear=0
shrinkage=0.025


Tree=261
num_leaves=15
num_cat=0
split_feature=37 25 51 29 56 35 5 46 20 46 53 30 54 21
split_gain=13.8034 8.78743 9.00418 9.41652 8.01782 7.40499 6.34137 6.15835 5.38767 4.71341 5.11111 4.2193 4.19318 3.84712
threshold=11.500000000000002 -0.032747413441174496 -0.13995670995670997 -0.042828418273875443 0.2571999666566902 3.649999999999999 3.7951902441914229 97.500000000000014 0.092390932057190553 120.50000000000001 0.14018668626940547 1.4749739719833601 -0.51567035871910305 0.0064969470393622013
decision_type=2 2 2 2 2 2 2 2 2 2 2 2 2 2
left_child=1 4 5 9 7 12 -5 -1 -2 13 -11 -10 -3 -4
right_child=8 2 3 6 -6 -7 -8 -9 11 10 -12 -13 -14 -15
leaf_value=0.003816837944895428 -0.0011094342036240021 -0.00076240771172099062 -0.0098099350429519845 -0.00058227814711440062 -0.012793154501420016 -0.0016302527856828784 0.0067125772259659395 -0.0055053926944726439 0.0093654014343489238 -0.0039906802570997026 0.0050522305462833124 0.0010156430365234473 0.004832385850058369 -0.0033420913231666134
leaf_weight=60.745731741189957 57.384398773312569 93.853141963481903 118.59625355899334 1217.4073573499918 60.447778388857841 221.08987164497375 74.174713656306267 121.6243110075593 146.25819538533688 107.85317467153072 53.655075818300247 61.664361715316772 413.85981659591198 154.60607393085957
leaf_count=210 177 294 538 3686 257 701 294 445 572 400 199 252 1292 517
internal_value=-0.000140978 -0.000687607 -0.000223603 -0.00121599 -0.00517904 0.00208522 -0.000119788 -0.00224783 0.00523512 -0.00437768 -0.000774868 0.0070885 0.00375205 -0.00636547
internal_weight=2963.22 2697.91 2455.1 1726.29 242.818 728.803 1291.58 182.37 265.307 434.711 161.508 207.923 507.713 273.202
internal_count=9834 8833 7921 5634 912 2287 3980 655 1001 1654 599 824 1586 1055
is_linear=0
shrinkage=0.025


Tree=262
num_leaves=15
num_cat=0
split_feature=26 56 56 8 44 34 28 54 44 54 22 54 50 32
split_gain=5.16324 6.23928 5.01446 7.4111 6.10256 6.95728 8.80822 11.8784 5.72196 8.3642 6.96407 10.3685 6.48299 6.28048
threshold=0.063795489785234458 -0.44613397192768528 -1.5532144673676658 228.98520374514348 10.500000000000002 45.500000000000007 12.489997262665467 0.086449671774867023 35.500000000000007 -0.57034006624328792 0.10514372356052781 -0.45851369007896314 8.5000000000000018 1.067787843806465
decision_type=2 2 2 2 2 2 2 2 2 2 2 2 2 2
left_child=1 -1 -2 4 -4 6 -6 -8 10 -10 -7 -12 -13 -11
right_child=2 -3 3 -5 5 8 7 -9 9 13 11 12 -14 -15
leaf_value=0.01559135573915916 -0.0039838766124543198 -0.00021519995707310817 0.0093629914600105758 -0.0064577850721180205 -0.0019354556734121023 0.0049602561700400937 0.019439726281068308 -0.00091814120667098656 0.0054980283954706036 -0.012809939134754832 -0.010727143693767243 -0.004218562764641341 0.0031098023996603296 0.0034816085237214947
leaf_weight=26.38935162872076 138.73149017617106 24.810173168778419 56.294685753062367 69.893813474103808 38.918627887964249 191.16086063161492 42.623942919075489 24.417966943234205 26.962512984871864 61.028880473226309 51.408364752307534 102.87463045306504 238.31676158122718 13.860033482313154
leaf_count=130 1294 150 486 818 382 1310 354 210 230 558 560 996 2252 104
internal_value=0.000745474 0.00814931 0.000326423 0.00102313 0.00170337 0.00107191 0.00688338 0.0121289 9.42161e-05 -0.00518881 0.00109467 -0.000763354 0.000798954 -0.00945266
internal_weight=1107.69 51.1995 1056.49 917.761 847.867 791.573 105.961 67.0419 685.612 101.851 583.761 392.6 341.191 74.8889
internal_count=9834 280 9554 8260 7442 6956 946 564 6010 892 5118 3808 3248 662
is_linear=0
shrinkage=0.025


Tree=263
num_leaves=15
num_cat=0
split_feature=17 17 41 21 19 56 57 56 21 43 34 22 35 53
split_gain=13.4299 8.52608 8.36788 7.48784 7.17585 9.19989 7.72775 6.99529 10.6237 6.41912 6.17841 6.28285 5.98738 7.17537
threshold=-0.0096538430021334987 -0.088853805663273874 108.50000000000001 0.0070481319755968013 -0.024487390326547596 0.074064758809413808 2.7904817190802036 0.41995261633994513 -0.0062800009109677491 -1.0000000180025095e-35 103.50000000000001 0.15568286302328929 -3.6999999999999971 -0.3686134408973209
decision_type=2 2 2 2 2 2 2 2 2 2 2 2 2 2
left_child=1 -1 4 9 5 10 7 12 -9 -3 -2 -12 13 -6
right_child=2 3 -4 -5 6 -7 -8 8 -10 -11 11 -13 -14 -15
leaf_value=0.012242076616701406 0.0033729112496629203 0.0057125304318424216 0.0052944597720326406 -0.00074063450887861806 0.0019638278857195615 0.0091723108245269063 -0.0082227028533741111 0.0013166650883927003 -0.0098691414523899238 0.00061225092214548318 0.00016762395207296158 -0.011850809473630224 5.5871092992269478e-05 -0.0064681722060093497
leaf_weight=43.408011019229889 90.39577928185463 321.57883293926716 98.927538447082043 527.06368537247181 80.163504704833031 70.700300663709641 139.79725433886051 74.515398174524307 146.18913505971432 317.94139260053635 51.575217917561531 44.240697354078293 742.09184381365776 214.71158454567194
leaf_count=234 266 1110 319 1523 291 216 656 221 557 1060 157 130 2331 763
internal_value=-0.000130051 0.0018822 -0.00153437 0.00142478 -0.0019725 0.00178323 -0.00268468 -0.00201918 -0.00603626 0.0032401 -0.00105798 -0.00544615 -0.00111534 -0.00409799
internal_weight=2963.3 1209.99 1753.31 1166.58 1654.38 256.912 1397.47 1257.67 220.705 639.52 186.212 95.8159 1036.97 294.875
internal_count=9834 3927 5907 3693 5588 769 4819 4163 778 2170 553 287 3385 1054
is_linear=0
shrinkage=0.025


Tree=264
num_leaves=15
num_cat=0
split_feature=37 33 37 25 46 31 5 12 41 51 37 21 56 20
split_gain=13.2683 8.47536 9.76736 8.17218 6.59445 6.70917 6.675 11.2645 7.8519 6.40467 6.02139 5.23607 7.47379 5.2255
threshold=11.500000000000002 -97.499999999999986 -11.499999999999998 -0.017863183170440496 48.500000000000007 -0.039808466984436346 -0.38120666120149144 0.18178615353692062 108.50000000000001 0.14012987012987019 -6.4999999999999991 0.0032155982301633507 -0.44613397192768528 0.092390932057190553
decision_type=2 2 2 2 2 2 2 2 2 2 2 2 2 2
left_child=1 11 -3 -4 -5 10 7 -7 9 -8 -6 12 -1 -2
right_child=13 2 3 4 5 6 8 -9 -10 -11 -12 -13 -14 -15
leaf_value=0.0076265083756088328 -0.0011021744933728923 -0.0063625617942571992 -0.0034678524629223727 -0.0087876914202898639 -0.0093648032130454369 -0.002895501148342825 0.0050246048215469956 0.0049698849368650421 -0.0069174961947590504 -6.3737571309416418e-05 -0.00093540437842059947 0.0077494720370404977 -0.0037794631037661093 0.0069712360460384079
leaf_weight=51.872005462646484 57.367826044559479 200.7819167599082 493.91821398586035 44.917318806052208 60.7626573741436 412.94865094125271 498.81722222268581 150.33210998028517 42.243744149804115 209.01903395354748 331.6507562994957 105.57037238776684 91.371022120118141 206.9900059401989
leaf_count=162 177 916 1672 140 214 1290 1549 496 123 615 1025 335 296 824
internal_value=-0.00014192 -0.000677859 -0.00113494 -0.00064311 0.000147194 0.000422081 0.00129164 -0.000727084 0.0028355 0.00349707 -0.00240495 0.00364979 0.00030021 0.00513849
internal_weight=2958.56 2694.21 2445.39 2244.61 1750.69 1705.77 1313.36 563.281 750.08 707.836 392.413 248.813 143.243 264.358
internal_count=9834 8833 8040 7124 5452 5312 4073 1786 2287 2164 1239 793 458 1001
is_linear=0
shrinkage=0.025


Tree=265
num_leaves=15
num_cat=0
split_feature=26 38 24 6 46 24 6 10 50 24 38 6 24 26
split_gain=5.0488 7.39822 9.35836 8.2111 9.6787 8.13504 9.11184 10.5325 10.0515 5.42048 5.82309 5.13291 4.57192 6.85272
threshold=0.14831315580347512 385.00000000000006 0.16341201386145468 14.626881797246153 135.50000000000003 0.16659032199753182 10.328351792226099 2.1614723245241243 4.5000000000000009 0.14637968827237954 388.50000000000006 7.9420531793493323 0.15843554434696047 0.15227583748914789
decision_type=2 2 2 2 2 2 2 2 2 2 2 2 2 2
left_child=9 3 -3 5 -5 12 11 8 -8 10 -1 -7 13 -2
right_child=1 2 -4 4 -6 6 7 -9 -10 -11 -12 -13 -14 -15
leaf_value=0.002144924076398162 -0.011268554548969675 -0.0047138349348352232 0.015652235725438165 -0.012686857568896474 0.005140743049983027 0.0060347347361484104 -0.0020049059349051125 -0.0033006893448767893 0.017883217270023132 0.012280955247478005 -0.0064336369249486623 -0.0091234526192813855 -0.012676066269148641 0.005796962584122353
leaf_weight=645.55235812440515 19.373560477048159 19.061209920793772 27.655838701874018 77.948465662077069 19.406393386423588 13.924765616655348 17.78233864530921 33.513786166906357 51.851184692233801 26.395556159317493 47.51461236178875 41.136014465242624 35.298868846148252 31.200065609067678
leaf_count=4924 204 252 246 1106 208 102 190 386 438 232 464 400 368 314
internal_value=0.000741905 -0.0015074 0.00720684 -0.0028587 -0.00881139 -0.0002548 0.00298496 0.00734076 0.0126753 0.00199195 0.00147912 -0.00469048 -0.00633454 -0.000716246
internal_weight=1107.62 388.152 46.717 341.435 97.3549 244.081 158.208 103.147 69.6335 719.463 693.067 55.0608 85.8725 50.5736
internal_count=9834 4214 498 3716 1314 2402 1516 1014 628 5620 5388 502 886 518
is_linear=0
shrinkage=0.025


Tree=266
num_leaves=15
num_cat=0
split_feature=29 19 51 41 21 46 9 51 56 15 36 43 50 41
split_gain=12.9477 12.1558 10.3525 8.88704 7.88516 7.99211 7.91499 7.9968 9.89924 7.52932 6.64542 6.98978 6.30997 5.98659
threshold=1.0000000180025095e-35 -0.020005474037913248 -0.25527037617554854 120.00000000000001 0.0093114209580635512 71.500000000000014 -0.023046478795752147 0.23259219536341888 0.34575560572385738 -0.085510884985563432 61.95000000000001 -1.0000000180025095e-35 79.500000000000014 -129.49999999999997
decision_type=2 2 2 2 2 2 2 2 2 2 2 2 2 2
left_child=1 2 -1 4 6 -6 7 8 -2 -3 11 -8 -7 -11
right_child=3 9 -4 -5 5 12 10 -9 -10 13 -12 -13 -14 -15
leaf_value=-0.0033043568560372698 -0.006912950936205366 0.010561718529925547 0.0092702801736778279 0.0058039555624898875 0.0035058600127039728 -0.0080502698944768403 0.0053414222465954803 0.0028822342315474982 0.0031285128882693014 -0.0066947990942498288 -0.0081688786765736522 -0.00076923215442710826 0.0025679051936251347 0.00055421003618345702
leaf_weight=45.90321783721447 314.55495551973581 39.7873325496912 186.53003744781017 82.557979300618172 47.54116877168417 291.7230192348361 205.81665071845055 92.828869000077248 69.052925281226635 70.584643945097923 38.659077271819115 247.32807769626379 33.427534535527229 1192.2708985954523
leaf_count=154 1054 208 698 269 181 1204 639 287 233 209 128 793 118 3659
internal_value=-0.000128179 0.0014531 0.00666433 -0.00185003 -0.00235965 -0.00544312 -0.00112522 -0.00341774 -0.00502407 0.000482201 0.00105739 0.00197964 -0.00686057 0.000104519
internal_weight=2958.57 1535.08 232.433 1423.49 1340.93 372.692 968.241 476.437 383.608 1302.64 491.804 453.145 325.151 1262.86
internal_count=9834 4928 852 4906 4637 1503 3134 1574 1287 4076 1560 1432 1322 3868
is_linear=0
shrinkage=0.025


Tree=267
num_leaves=15
num_cat=0
split_feature=17 25 35 25 29 51 2 43 6 55 31 17 52 4
split_gain=12.7867 9.31864 7.1923 7.9173 7.54382 10.5124 9.13349 9.15994 7.35352 6.52127 6.37149 5.92555 5.6525 5.62014
threshold=0.036058910320779951 -0.032747413441174496 -1.5499999999999987 0.032603960168680307 0.023934095378112755 0.14012987012987019 0.050478521951968808 -2.4999999999999996 13.122584549321695 0.16288160972040486 0.10208802627094461 0.089703860675065514 0.22474489795918368 23.154120966805948
decision_type=2 2 2 2 2 2 2 2 2 2 2 2 2 2
left_child=1 13 4 10 6 -6 -3 12 9 -9 -4 -2 -8 -1
right_child=11 2 3 -5 5 -7 7 8 -10 -11 -12 -13 -14 -15
leaf_value=0 0.0025125137977189175 0.0068328560207831486 -0.0026165639387376524 0.0045275734323961181 0.0084790963437313682 -0.0034399934327749467 0 0.00058555154065023445 0.0044248692441892414 -0.007479691619527446 0.0068737194363308676 0.012073546910560212 -0.0090458836318744584 -0.0092360909926019873
leaf_weight=66.770285323262215 450.82046316564083 99.87930054217577 1156.0432344079018 111.4699549973011 160.89018456637859 57.449949264526367 61.051488868892193 194.07346147298813 191.19548843801022 83.962289355695248 39.91694176197052 42.550486490130424 115.43097276240587 122.41686926782131
leaf_count=255 1606 299 3733 341 483 167 202 598 651 261 129 228 373 508
internal_value=-0.000142341 -0.000888456 -0.000426249 -0.00163961 0.00119366 0.00522419 0 -0.00111696 0.000673293 -0.0018508 -0.0022517 0.00350012 -0.00590206 -0.00615507
internal_weight=2953.92 2460.55 2271.36 1307.43 963.933 218.34 745.593 645.714 469.231 278.036 1195.96 493.371 176.482 189.187
internal_count=9834 8000 7237 4203 3034 650 2384 2085 1510 859 3862 1834 575 763
is_linear=0
shrinkage=0.025


Tree=268
num_leaves=15
num_cat=0
split_feature=10 14 30 36 56 56 4 38 4 20 36 54 36 30
split_gain=4.92945 5.36537 6.26807 7.01449 5.11077 6.03449 9.2047 5.97154 7.05871 6.39103 6.20422 9.92489 13.2998 8.34103
threshold=1.9347676852218401 0.063118217244901464 1.3931508670841934 52.45000000000001 -1.3875453774166651 -2.2170667000936963 23.255572775631958 355.50000000000006 36.495760198315331 0.14855709340185144 49.250000000000007 -0.47839934067590989 48.150000000000013 1.411192647276043
decision_type=2 2 2 2 2 2 2 2 2 2 2 2 2 2
left_child=1 -1 3 -3 5 6 -2 -6 10 -10 11 -9 -13 -14
right_child=4 2 -4 -5 7 -7 -8 8 9 -11 -12 12 13 -15
leaf_value=-0.002446218944177782 -0.0075365819184147198 0.020734558518291993 -3.5812812017404592e-05 0.001249749371307549 -0.009847506106967923 -0.0066658868771834788 0.01301112616258409 -0.0053373621473879074 0.0028579464448070442 -0.013349676350185056 0.00079117322692083016 0.0031749764733883922 0.0021642097023394737 0.027639929237914546
leaf_weight=30.122470945119858 19.503433920443058 30.04261177778244 27.216565527021885 22.570086419582367 25.251539807766676 120.85336627066135 24.344475407153368 30.808979492634535 19.666390478610992 32.015280209481716 592.88429314829409 90.483421210199594 14.979732543230055 26.874035324901342
leaf_count=146 180 156 168 130 212 1144 236 284 218 428 5352 810 116 254
internal_value=0.000736943 0.00564565 0.00895793 0.0136437 0.00014557 -0.00378189 0.00352385 0.00096991 0.00139736 -0.00703308 0.00204893 0.00631158 0.00930115 0.0202596
internal_weight=1107.62 109.952 79.8293 52.6127 997.665 164.701 43.8479 832.964 807.712 51.6817 756.03 163.146 132.337 41.8538
internal_count=9834 600 454 286 9234 1560 416 7674 7462 646 6816 1464 1180 370
is_linear=0
shrinkage=0.025


Tree=269
num_leaves=15
num_cat=0
split_feature=37 51 29 35 21 54 21 41 56 57 56 51 38 24
split_gain=12.9614 8.67054 10.2446 9.81839 5.87342 5.63853 5.46698 5.81718 5.72162 4.85701 4.80718 5.0391 4.69558 7.45092
threshold=-11.499999999999998 0.14012987012987019 0.042164921687141706 -3.6999999999999971 -0.0062800009109677491 -0.51567035871910305 0.017255062546427405 -21.999999999999996 0.46751220599071491 -3.3858879718406665 -0.21414481172246908 0.049826160389603809 382.50000000000006 0.092094749984531474
decision_type=2 2 2 2 2 2 2 2 2 2 2 2 2 2
left_child=12 2 6 -3 -4 -5 7 -2 -8 -9 -11 -12 13 -1
right_child=1 3 4 5 -6 -7 8 9 -10 10 11 -13 -14 -15
leaf_value=-0.0011888101271895571 -0.0048035788485457946 -0.0024194822898404504 -0.0019531859765746207 -0.0016988146279789161 -0.0077482410029573057 0.0046478278716945536 -0.0015306598680699791 0.008692777605083293 -0.0098443204522742061 -0.0009829200211960913 0.0036584549336350714 -0.0048322455006027274 -0.0011751701823174876 0.0092989023058880384
leaf_weight=49.953051894903183 114.06127022206783 258.04429932683706 250.68783813714981 99.523087173700333 219.85215087234974 441.32974749803543 290.56772361695766 44.675670892000198 62.131857767701149 508.90346078574657 358.02279861271381 42.92274996638298 51.562283784151077 161.81170144677162
leaf_count=155 340 834 835 314 1013 1394 955 177 215 1525 1101 130 201 645
internal_value=-0.000126311 -0.000655901 -0.00158348 0.00150575 -0.0047664 0.00342931 -0.000499185 0.000373795 -0.00318223 0.00104033 0.000591794 0.00263959 0.00510335 0.00673927
internal_weight=2954.05 2690.72 1891.83 798.897 470.54 540.853 1421.29 1068.59 352.7 954.525 909.849 400.946 263.327 211.765
internal_count=9834 8833 6291 2542 1848 1708 4443 3273 1170 2933 2756 1231 1001 800
is_linear=0
shrinkage=0.025


Tree=270
num_leaves=15
num_cat=0
split_feature=37 5 43 51 25 17 35 47 9 11 39 34 9 28
split_gain=12.5173 8.15879 7.74501 8.29035 7.66092 7.78538 6.9875 6.35573 6.15593 6.04006 5.95271 5.81359 5.42721 5.8667
threshold=11.500000000000002 -5.392071789752424 -1.0000000180025095e-35 -0.085960591133004888 0.033194507059910956 0.053643955450438159 1.0499999999999992 10.500000000000002 0.032763775441255208 -0.020986939926923697 -1.0000000180025095e-35 81.500000000000014 -0.070785834271291134 12.784492233539671
decision_type=2 2 2 2 2 2 2 2 2 2 2 2 2 2
left_child=1 -1 3 6 5 7 -3 -4 -6 11 -9 -5 -8 -14
right_child=-2 2 4 9 8 -7 12 10 -10 -11 -12 -13 13 -15
leaf_value=-0.0089906295252420859 0.0050041508134529254 0.0036653240531770216 0.00043284940609423524 -0.0022061789737925649 0.01284758406521992 0.0078882479842163119 0.0061189276524684123 -0.010083259785246912 0.0016508515368570194 -0.002191958158957993 -0.0003509098333192072 -0.011836671748577495 0.00049402897141834776 -0.0072810227398311337
leaf_weight=66.836105927824974 262.82215939462185 236.3862436413765 1029.6186331659555 82.485013425350189 51.427517831325531 72.420362398028374 35.315613999962807 69.578807935118675 84.8599753677845 542.92641733586788 95.740322977304459 92.900856368243694 103.33386062085629 123.24408462643623
leaf_count=429 1001 736 3224 325 170 283 111 225 262 1660 308 385 327 388
internal_value=-0.00013969 -0.000660455 -0.00042173 -0.00188413 0.00083023 0.000193496 0.000548838 -0.000282943 0.00635798 -0.00359853 -0.00476957 -0.00763268 -0.00218641 -0.00369305
internal_weight=2949.9 2687.07 2620.24 1216.59 1403.65 1267.36 498.28 1194.94 136.287 718.312 165.319 175.386 261.894 226.578
internal_count=9834 8833 8404 3932 4472 4040 1562 3757 432 2370 533 710 826 715
is_linear=0
shrinkage=0.025


Tree=271
num_leaves=15
num_cat=0
split_feature=26 44 32 46 4 4 22 8 52 54 46 2 24 24
split_gain=4.86605 4.74544 9.68564 8.84869 8.40142 15.4474 6.78746 8.57262 5.82592 10.174 7.36407 6.98355 5.89465 13.1699
threshold=0.063795489785234458 32.500000000000007 1.067787843806465 150.50000000000003 23.038992358727231 22.867023697951538 0.088391176954118869 146.03514078444644 0.095259700976579306 -0.40546510810816433 131.50000000000003 0.085767456957463961 0.091528901415735955 0.10083997204601236
decision_type=2 2 2 2 2 2 2 2 2 2 2 2 2 2
left_child=-1 3 -3 4 5 -2 -7 -8 11 10 -10 -6 -11 -14
right_child=1 2 -4 -5 8 6 7 -9 9 12 -12 -13 13 -15
leaf_value=0.0078930239978206619 0.00015815185490765263 -0.0050631863370491402 0.0063210985712788444 0.017209992133885986 -0.0064227011663918329 0.025500236703828078 0.017795166425064197 -0.001476679843610556 -0.01093239377156182 -0.0084258225044164369 0.0066383558505810668 0.0095706972515945607 0.025023981107954132 0.0023783140576220034
leaf_weight=51.623853996396065 148.88126163184643 206.57876409217715 53.734460262581706 16.448164038360119 148.98185963369906 20.73488699644804 19.982989247888327 27.589689042419195 60.449655398726463 21.074430219829082 13.747749935835598 13.576754268258808 12.523846060037611 291.74535671249032
leaf_count=280 976 1906 426 130 1540 104 144 202 680 160 130 132 94 2930
internal_value=0.00073284 0.000323715 -0.00254415 0.00130314 0.00082795 0.0049599 0.01436 0.00706549 -0.000754158 0.000824402 -0.00714755 -0.00469201 0.00279882 0.00378075
internal_weight=1107.67 1056.05 260.313 795.737 779.288 217.189 68.3076 47.5727 562.1 399.541 74.1974 162.559 325.344 304.269
internal_count=9834 9554 2332 7222 7092 1426 450 346 5666 3994 810 1672 3184 3024
is_linear=0
shrinkage=0.025


Tree=272
num_leaves=15
num_cat=0
split_feature=37 51 29 35 41 46 23 54 9 20 38 21 41 56
split_gain=12.4921 8.30818 9.76215 9.46478 5.72673 5.53228 7.13271 5.46525 5.37399 5.26467 7.57771 5.22212 5.61903 5.56866
threshold=-11.499999999999998 0.14012987012987019 0.042164921687141706 -3.6999999999999971 87.500000000000014 91.500000000000014 -0.033523300565690792 -0.51567035871910305 -0.014315227235393498 0.092390932057190553 382.50000000000006 0.017255062546427405 -21.999999999999996 0.46751220599071491
decision_type=2 2 2 2 2 2 2 2 2 2 2 2 2 2
left_child=9 2 11 -3 5 8 -7 -5 -4 -1 -11 12 -2 -13
right_child=1 3 4 7 -6 6 -8 -9 -10 10 -12 13 -14 -15
leaf_value=-0.001250962792478705 -0.004734690578774129 -0.0023858018618646516 -0.01478705319919099 -0.0016893253006008036 0.004740027441609309 0.0059309764610444094 -0.0049470091074504232 0.0045583333885930036 -0.0028223589331608026 0.009381950647454753 -0.0015799084899872529 -0.0014934973728854507 0.0010098937501975115 -0.0097082403359376439
leaf_weight=57.237307026982307 114.0291056483984 257.89755066484213 65.103416442871094 99.475435078144073 31.044229432940483 36.977665677666664 287.14177191257477 441.06898851692677 48.536123611032963 160.07187672704458 45.236977443099022 290.36319622397423 954.065274938941 61.897966086864471
leaf_count=177 340 834 265 314 114 113 1162 1394 194 643 181 955 2933 215
internal_value=-0.000127791 -0.000647742 -0.00155675 0.0014682 -0.00467099 -0.00544084 -0.00355877 0.00335782 -0.0102219 0.00501398 0.00686764 -0.000498541 0.000354105 -0.00312261
internal_weight=2950.15 2687.6 1889.16 798.442 468.803 437.759 324.119 540.544 113.64 262.546 205.309 1420.36 1068.09 352.261
internal_count=9834 8833 6291 2542 1848 1734 1275 1708 459 1001 824 4443 3273 1170
is_linear=0
shrinkage=0.025


Tree=273
num_leaves=15
num_cat=0
split_feature=5 43 27 51 29 11 26 35 27 37 52 25 6 56
split_gain=12.1726 9.45817 7.92675 7.70998 8.01239 7.30238 7.88094 6.89293 6.15902 6.04782 5.97085 6.74109 6.41497 5.82019
threshold=5.2885208323790431 1.0000000180025095e-35 -0.066461690424536937 -0.43115816267499707 -0.0083633523682776472 0.012886595849841552 0.098821638588391367 3.649999999999999 -0.10240762141024133 -2.4999999999999996 0.5518064892868374 0.025628518912386555 13.797062910310126 -0.69553662576454112
decision_type=2 2 2 2 2 2 2 2 2 2 2 2 2 2
left_child=1 3 -2 -1 8 7 -7 13 -5 -8 11 12 -6 -3
right_child=2 5 -4 4 10 6 9 -9 -10 -11 -12 -13 -14 -15
leaf_value=0.0016310896693183495 0.014815931415770811 0.0036213541723072703 0 0.0011371310192495067 0.0020421303550092352 -0.0019696429629814873 -0.0019684999896468673 -0.0044715758127428272 -0.0060341942951489735 0.0070168945495775389 -0.0040857089662055691 0.0088450586832545808 -0.0046713176024935866 -0.00089632612334103771
leaf_weight=313.2725425735116 50.016236439347267 289.85493987053633 37.296363055706024 80.532479166984558 246.74881279468536 106.36317427456379 48.75316533446312 182.89501935988665 467.39518637955189 282.72539182007313 222.20194812119007 52.909649595618248 131.81981427967548 432.9192783087492
leaf_count=988 276 919 180 279 742 323 140 637 1718 945 678 183 410 1416
internal_value=-0.000139124 -0.000435279 0.00878386 -0.00179305 -0.00270954 0.00107811 0.00371189 -0.00018111 -0.00493421 0.00561143 -0.000783524 0.000887076 -0.000260774 0.000893485
internal_weight=2945.7 2858.39 87.3126 1514.88 1201.61 1343.51 437.842 905.669 547.928 331.479 653.68 431.478 378.569 722.774
internal_count=9834 9378 456 4998 4010 4380 1408 2972 1997 1085 2013 1335 1152 2335
is_linear=0
shrinkage=0.025


Tree=274
num_leaves=15
num_cat=0
split_feature=26 32 32 24 38 6 12 52 16 24 54 6 24 38
split_gain=4.69284 7.3695 7.42883 7.21408 11.198 7.6397 7.17308 6.34628 6.25138 6.12123 6.4603 5.91587 5.25481 5.6136
threshold=0.14831315580347512 0.98111387797470606 0.98698872015883232 0.16453996342540608 385.00000000000006 14.581538375615581 0.12750572444234523 0.090230664857530521 0.098553439973899523 0.17549458320796121 0.089769986700637558 9.1963805419479616 0.14637968827237954 388.50000000000006
decision_type=2 2 2 2 2 2 2 2 2 2 2 2 2 2
left_child=12 -2 -3 11 5 6 8 -8 -5 -9 -11 -4 13 -1
right_child=1 2 3 4 -6 -7 7 9 -10 10 -12 -13 -14 -15
leaf_value=0.0020837879816952057 -0.0086652914578174717 0.015745991710213396 0.0072609918878401795 0.0048103221549067893 0.016690454073193858 -0.007755290611010982 -0.0028550720066913629 0.018798953260351033 -0.012467883007508444 0.011084201005707284 -0.0066254225643777118 -0.0089492055010896819 0.012029711949505063 -0.006360025492430252
leaf_weight=646.96365755796432 67.060801556333899 13.09740215167403 11.21057618409395 17.118180334568024 22.384328335523605 56.26874965056777 25.599586099386215 27.653748843818903 24.654856622219086 22.763321876525879 17.870737683027983 80.732967020943761 26.62894244492054 47.213554486632347
leaf_count=4924 818 124 94 132 192 736 274 236 252 218 168 970 232 464
internal_value=0.000736561 -0.00143771 0.000113101 -0.000717338 0.00171563 -0.000283333 0.00280363 0.00665098 -0.00509562 0.0105074 0.00287518 -0.00644228 0.00193848 0.00143236
internal_weight=1107.22 386.415 319.354 306.257 214.314 191.929 135.66 93.8874 41.773 68.2878 40.6341 91.9435 720.806 694.177
internal_count=9834 4214 3396 3272 2208 2016 1280 896 384 622 386 1064 5620 5388
is_linear=0
shrinkage=0.025


Tree=275
num_leaves=15
num_cat=0
split_feature=15 17 19 41 33 12 51 34 6 21 9 32 8 7
split_gain=12.2063 8.85308 7.93178 9.99844 9.46359 6.61619 5.28861 5.29113 6.31851 6.34694 5.91113 5.39607 5.24046 5.22956
threshold=-0.076650810768733438 0.010328949261645601 -0.00018323925612719996 -42.999999999999993 -74.499999999999986 0.1835254770411007 0.15523326572008117 18.500000000000004 12.911650777834719 0.019099607894049155 -0.089654503541478733 1.0609102328146343 148.31718388440146 -1.9539570214224324
decision_type=2 2 2 2 2 2 2 2 2 2 2 2 2 2
left_child=-1 2 3 -2 -4 -6 7 -3 -9 10 -10 -12 -8 -5
right_child=1 6 4 13 5 -7 12 8 9 -11 11 -13 -14 -15
leaf_value=0.009544249121359186 -0.0067027455966711755 0.0047790466479387846 -0.0073786435041569981 -0.00066592075517034972 0.001159299611415189 -0.0042322731877764272 0.0043653062133475759 -0.0058214245619464854 -0.0071001533140151556 -0.0081786358650679132 0.0045264113476251441 -0.0054311573425933797 -0.0022961763291770108 0.0042650275201642652
leaf_weight=74.127746276557446 62.845129415392876 40.782334640622139 117.30191904306412 159.07274736464024 688.09183120727539 173.88153859972954 126.57827189564705 419.29887568950653 42.89090870320797 56.799205966293812 169.58709512650967 35.751961387693882 159.72399374097586 619.31293681263924
leaf_count=390 191 134 357 483 2032 520 418 1525 169 298 642 134 542 1999
internal_value=-0.000130023 -0.000404572 0.000639662 0.00242098 -0.000869672 2.4713e-05 -0.00223078 -0.00331481 -0.00383444 -0.000972629 0.000706433 0.00258593 0.000587514 0.0032276
internal_weight=2946.05 2871.92 1820.51 841.231 979.275 861.973 1051.41 765.11 724.328 305.029 248.23 205.339 286.302 778.386
internal_count=9834 9444 5582 2673 2909 2552 3862 2902 2768 1243 945 776 960 2482
is_linear=0
shrinkage=0.025


Tree=276
num_leaves=15
num_cat=0
split_feature=5 33 37 27 19 39 51 54 56 29 19 6 11 44
split_gain=11.8208 9.90466 9.45919 7.81564 7.77107 8.05297 6.87782 5.93333 8.32976 5.93231 5.89356 5.79637 5.78867 5.70345
threshold=5.2885208323790431 -93.499999999999986 -11.499999999999998 -0.066461690424536937 -0.020005474037913248 43.000000000000007 0.11952380952380946 -0.51567035871910305 -0.3326679535818155 -0.014812162198587348 0.027148551005105305 11.892702290785753 -0.025118340462572046 16.500000000000004
decision_type=2 2 2 2 2 2 2 2 2 2 2 2 2 2
left_child=1 -1 -3 -2 9 6 -6 -8 11 -4 12 -9 -10 -11
right_child=3 2 4 -5 5 -7 7 8 10 13 -12 -13 -14 -15
leaf_value=0.0039380977981361386 0.014722727193740704 -0.0061306368528422145 -0.0088256107573913816 0 0.0014974915494079359 -0.010068315414266015 0.0031060210069240469 -0.0090622978836006427 -0.0099952552117356219 0.0055812909269143491 0.0085584022987276499 -0.0013251230000067048 0.00038144335792133452 -0.0033056573248470607
leaf_weight=284.74562302231789 49.449938580393791 197.20675326138735 99.93156173825264 37.260194078087807 1275.1176232919097 41.805693827569485 124.42099756002426 151.17869397997856 34.731149971485138 48.565864875912666 40.317384660243988 115.88448846340179 192.18398362398148 248.74897181987762
leaf_count=910 276 915 443 180 3982 131 394 460 150 151 127 377 574 764
internal_value=-0.000137422 -0.000428845 -0.000929083 0.00868506 -0.000474295 0.000158083 0.000417447 -0.00163112 -0.00279919 -0.00364435 0.000242205 -0.00588292 -0.00128025 -0.00170299
internal_weight=2941.55 2854.84 2570.09 86.7101 2372.89 1975.64 1933.83 658.717 534.296 397.246 267.233 267.063 226.915 297.315
internal_count=9834 9378 8468 456 7553 6195 6064 2082 1688 1358 851 837 724 915
is_linear=0
shrinkage=0.025


Tree=277
num_leaves=15
num_cat=0
split_feature=26 44 32 46 4 4 20 8 52 54 46 2 24 24
split_gain=4.616 4.63142 9.37342 8.52908 7.98609 14.8531 6.05198 7.22975 5.62969 9.89834 7.23355 6.80198 5.78844 12.5708
threshold=0.063795489785234458 32.500000000000007 1.067787843806465 150.50000000000003 23.038992358727231 22.867023697951538 0.095452871455428009 146.03514078444644 0.095259700976579306 -0.40546510810816433 131.50000000000003 0.085767456957463961 0.091528901415735955 0.10083997204601236
decision_type=2 2 2 2 2 2 2 2 2 2 2 2 2 2
left_child=-1 3 -3 4 5 -2 -7 -8 11 10 -10 -6 -11 -14
right_child=1 2 -4 -5 8 6 7 -9 9 12 -12 -13 13 -15
leaf_value=0.0076855140354567478 0.00012853774158044608 -0.0049977469621597494 0.0061838229979326916 0.016842769378547045 -0.0063292052894997706 0.022760959799619451 0.016086878718889541 -0.0024191433570656083 -0.010854210289579776 -0.008373039273419031 0.0065502258104379943 0.0094205440357396347 0.024346665306130975 0.0023623214500399243
leaf_weight=51.98688580095768 149.07139327377081 205.62678584083915 54.019628716632724 16.654465243220329 147.86569892242551 27.073403880000114 18.339382745325565 23.553420592099428 59.831338742747903 20.966142572462559 13.807530671358107 13.669393748044966 12.780490607023237 291.87059718370438
leaf_count=280 976 1906 426 130 1540 138 132 180 680 160 130 132 94 2930
internal_value=0.000733604 0.000332864 -0.00250407 0.00129993 0.000830348 0.00484765 0.0140119 0.00600056 -0.000716445 0.00083186 -0.00706393 -0.00460349 0.00277295 0.00374357
internal_weight=1107.12 1055.13 259.646 795.483 778.829 218.038 68.9662 41.8928 560.791 399.256 73.6389 161.535 325.617 304.651
internal_count=9834 9554 2332 7222 7092 1426 450 312 5666 3994 810 1672 3184 3024
is_linear=0
shrinkage=0.025


Tree=278
num_leaves=15
num_cat=0
split_feature=15 25 51 43 27 35 4 35 12 9 25 15 56 56
split_gain=11.8382 9.0746 8.823 9.04214 8.23705 7.14593 6.78567 6.48019 7.84822 5.8352 4.98982 4.84665 7.19898 4.77923
threshold=-0.076650810768733438 0.032603960168680307 0.14012987012987019 1.0000000180025095e-35 0.085851912483258172 -3.6999999999999971 23.173382621291655 1.1499999999999988 0.096076350070001024 -0.033131121867565345 -0.028438096376881997 0.040841536868884705 -0.66635792579361985 -0.063625560640310136
decision_type=2 2 2 2 2 2 2 2 2 2 2 2 2 2
left_child=-1 2 3 7 11 -4 -3 8 -2 -9 -11 12 -5 -8
right_child=1 6 5 4 -6 -7 13 9 -10 10 -12 -13 -14 -15
leaf_value=0.0094313360745280801 -0.0073700623579761705 5.308519847679311e-05 -0.0012105328274879107 -0.0073171373571988968 0.0008199484312048955 0.003841071659779296 -0.0040103325451658961 -0.0008864409761260043 7.2242764947178764e-05 0.011717468362091067 0.0029432956172058666 -0.01021594676092989 -0.00068209090650913002 -0.01383699028490672
leaf_weight=73.557243719696999 105.62841315567493 96.853112116456032 244.86983367800713 178.08922836184502 229.53114844858646 542.81989358365536 96.972176350653172 203.364736802876 411.85827767848969 46.5872662961483 314.37911379337311 85.803574994206429 255.43741086125374 56.208194307982922
leaf_count=390 324 347 784 546 720 1713 352 675 1365 153 1002 417 805 241
internal_value=-0.000130959 -0.00040086 2.80711e-05 -0.000914157 -0.00302134 0.00224141 -0.00490317 0.000528675 -0.00145501 0.00238841 0.00428864 -0.0047584 -0.00351707 -0.00809759
internal_weight=2941.96 2868.4 2618.37 1830.68 748.861 787.69 250.033 1081.82 517.487 564.331 360.966 519.33 433.527 153.18
internal_count=9834 9444 8504 6007 2488 2497 940 3519 1689 1830 1155 1768 1351 593
is_linear=0
shrinkage=0.025


Tree=279
num_leaves=15
num_cat=0
split_feature=37 25 29 19 41 9 9 19 47 19 23 43 35 36
split_gain=11.5164 7.68413 7.83181 7.60529 7.72604 7.00977 6.84681 5.86202 6.75691 6.49305 6.7234 6.27887 6.93714 5.5186
threshold=11.500000000000002 -0.032747413441174496 -0.10393794016667744 0.040032498264244709 -108.49999999999999 0.016821180485163203 -0.032651983669084096 0.00019650869795800004 -11.499999999999998 -0.0059976657035666989 -0.0076916624766641987 1.0000000180025095e-35 -3.4999999999999978 62.95000000000001
decision_type=2 2 2 2 2 2 2 2 2 2 2 2 2 2
left_child=1 6 -3 4 -4 7 -1 8 -6 10 -10 12 -9 -7
right_child=-2 2 3 -5 5 13 -8 11 9 -11 -12 -13 -14 -15
leaf_value=-0.00097354344315537351 0.0048167361570451254 -0.007224694799718526 0.0058307401586708413 0.0067416527991744262 0.0071476976988887444 -0.0028113250810110724 -0.0096986991837871191 0.0055573460294786733 -0.0011699594353149869 -0.0060133936170003593 0.0083815281610069257 0.0054022147661154521 -0.0026575788407522775 0.00472465776176164
leaf_weight=138.50651788711548 260.68382683396339 90.466788828372955 118.94053366035223 97.451240062713623 54.363894701004028 836.76843368262053 100.61569708585739 90.183911547064781 444.12457583099604 154.19957373291254 46.211455248296261 253.69616014510393 192.66330925375223 58.663154534995556
leaf_count=508 1001 385 376 316 166 2712 404 279 1450 497 146 801 599 194
internal_value=-0.00013744 -0.000637302 -0.000202685 7.21058e-05 -0.000220009 -0.000582311 -0.00487069 0.000622322 -0.000858421 -0.00162202 -0.000143796 0.00258741 0 -0.00226636
internal_weight=2937.54 2676.86 2437.73 2347.27 2249.82 2130.87 239.122 1235.44 698.899 644.536 490.336 536.543 282.847 895.432
internal_count=9834 8833 7921 7536 7220 6844 912 3938 2259 2093 1596 1679 878 2906
is_linear=0
shrinkage=0.025


Tree=280
num_leaves=15
num_cat=0
split_feature=10 12 50 12 32 12 12 30 14 22 2 12 34 32
split_gain=4.48006 6.71037 7.10495 5.1936 10.0138 4.76827 11.9086 6.30471 5.07771 8.95835 10.109 8.39158 8.31323 6.49747
threshold=1.9347676852218401 0.070105252498854562 23.500000000000004 0.07215925354340641 1.048242387407269 0.092527339593794458 0.097889620631630564 1.3532196481337417 0.11464744903734027 0.091424460267495511 0.085064041672193405 0.11605214137914187 115.50000000000001 1.0579894010683721
decision_type=2 2 2 2 2 2 2 2 2 2 2 2 2 2
left_child=3 2 -2 -1 -5 -3 7 -7 9 -8 12 -10 -11 -13
right_child=1 5 -4 4 -6 6 8 -9 11 10 -12 13 -14 -15
leaf_value=-0.0013663254185586355 -0.0007065096852214162 -0.0049755217010210191 0.015842042424574525 0.017015602818874879 -0.00043941776169170916 0 -0.015403778412867761 0.017827938159088157 0.012925233420807945 -0.0054156809179403452 -0.011974842106974009 -0.0015818897783328356 0.010861981914997133 0.0044308954532968512
leaf_weight=38.762592159211636 24.981717139482498 115.61853067576885 29.074013739824295 39.170062638819218 32.923522941768169 18.564744021743536 31.819632239639759 30.649194553494453 27.135466266423464 26.866260677576065 29.604944296181202 477.60985488630831 42.962650787085295 141.01361820101738
leaf_count=190 132 822 142 218 192 124 238 194 206 232 272 5152 330 1390
internal_value=0.000735147 0.000167032 0.00835854 0.00539567 0.0092085 -0.000318359 0.000329276 0.0116754 -0.000427441 -0.0048304 -0.000631948 0.0004593 0.00432175 -0.000146666
internal_weight=1106.76 995.901 54.0557 110.856 72.0936 941.845 826.226 49.2139 777.012 131.253 99.4339 645.759 69.8289 618.623
internal_count=9834 9234 274 600 410 8960 8138 318 7820 1072 834 6748 562 6542
is_linear=0
shrinkage=0.025


Tree=281
num_leaves=15
num_cat=0
split_feature=15 25 51 43 27 35 4 35 12 36 9 25 15 34
split_gain=11.4674 8.73407 8.33503 8.71934 7.97805 6.9027 6.60276 6.26284 7.59817 5.68986 7.418 5.77365 4.72013 4.67039
threshold=-0.076650810768733438 0.032603960168680307 0.14012987012987019 1.0000000180025095e-35 0.085851912483258172 -3.6999999999999971 23.173382621291655 1.1499999999999988 0.096076350070001024 63.750000000000007 -0.010972780133169949 -0.0089929678971582983 0.040841536868884705 110.50000000000001
decision_type=2 2 2 2 2 2 2 2 2 2 2 2 2 2
left_child=-1 2 3 7 12 -4 -3 8 -2 10 -9 -12 -5 -7
right_child=1 6 5 4 -6 13 -8 9 -10 -11 11 -13 -14 -15
leaf_value=0.0093161760154648939 -0.0072520590061381429 6.3740656019263919e-05 -0.0012162389724575981 -0.0034533796966481618 0.00081504759442498358 0.00064989482106630829 -0.0079810188201021384 0 7.5294647917342717e-05 -0.0061835227640769496 0.010470358000328209 0.002638515931914635 -0.010087732025886476 0.0055724344565993792
leaf_weight=72.958319708704948 105.44265204668045 96.781542636454105 244.75022381544113 433.18973970413208 229.42445304989815 208.43193968385458 152.55602291971445 258.31671477109194 411.60140455514193 38.699161805212498 105.58395153284073 161.28500989824533 85.081379398703575 333.90257099270821
leaf_count=390 324 347 784 1351 720 662 593 853 1365 127 333 517 417 1051
internal_value=-0.000131798 -0.000396912 2.35867e-05 -0.000892577 -0.00296386 0.00217586 -0.00482025 0.000524191 -0.00142626 0.00235338 0.00308197 0.00596464 -0.00467626 0.00374948
internal_weight=2938.01 2865.05 2615.71 1828.62 747.696 787.085 249.338 1080.93 517.044 563.885 525.186 266.869 518.271 542.335
internal_count=9834 9444 8504 6007 2488 2497 940 3519 1689 1830 1703 850 1768 1713
is_linear=0
shrinkage=0.025


Tree=282
num_leaves=15
num_cat=0
split_feature=15 15 19 33 30 42 33 51 8 43 14 56 46 8
split_gain=11.3492 8.1986 7.70812 8.31373 6.49666 6.39398 6.87609 5.73738 5.86404 5.0669 5.77094 6.65191 4.80063 4.4044
threshold=0.077334167355879266 -0.0097076088416702486 0.00019650869795800004 74.500000000000014 1.4825461737251049 65.000000000000014 -4.4999999999999991 -0.15499223729114486 148.31718388440146 -1.0000000180025095e-35 0.14289125026205493 -0.71816961529910917 143.50000000000003 147.27324276487019
decision_type=2 2 2 2 2 2 2 2 2 2 2 2 2 2
left_child=1 7 3 4 -3 12 -7 8 -1 -9 -11 13 -4 -12
right_child=-2 2 5 -5 -6 6 -8 9 -10 10 11 -13 -14 -15
leaf_value=0.0047008806760583301 0.0093570268587485125 0.0010949457593814973 0.0042989640071195937 -0.0070176706154195332 -0.0042898395789356305 0.0029968882538171223 -0.0060978274860687574 -0.0056579825679388936 -0.0022723765484138252 -0.0043618264348461661 0 -0.0021350398519877391 -0.0031716288073926715 0.0102599001909517
leaf_weight=130.0497625246644 71.461109414696693 683.14305864274502 579.09690417349339 115.41584493219852 170.81052754819393 97.892552077770233 96.882921323180199 322.49336715042591 161.6745925322175 217.96299814432859 37.402704246342182 140.65830189734697 51.707057505846024 57.479614950716496
leaf_count=429 380 2023 1864 352 510 328 289 1288 548 748 129 569 161 216
internal_value=-0.000135884 -0.000397476 0.000623625 -0.000868006 0 0.00239983 -0.00144115 -0.00213226 0.000778855 -0.00325664 -0.00145141 0.00117257 0.00362715 0.00618765
internal_weight=2934.13 2862.67 1794.95 969.369 853.954 825.579 194.775 1067.72 291.724 775.997 453.504 235.541 630.804 94.8823
internal_count=9834 9454 5527 2885 2533 2642 617 3927 977 2950 1662 914 2025 345
is_linear=0
shrinkage=0.025


Tree=283
num_leaves=15
num_cat=0
split_feature=26 56 56 8 36 48 56 56 36 46 3 30 8 48
split_gain=4.3604 5.86873 4.80563 6.76327 5.90738 7.73407 6.72242 8.8563 7.32155 6.45996 8.81459 6.19961 6.06182 14.9175
threshold=0.063795489785234458 -0.44613397192768528 -1.5532144673676658 229.4104847184382 50.850000000000009 16.500000000000004 -0.10536051565782634 0.71710320559262108 47.850000000000009 110.50000000000001 0.98838125874593619 1.5090362260485526 151.30527094453382 8.5000000000000018
decision_type=2 2 2 2 2 2 2 2 2 2 2 2 2 2
left_child=1 -1 -2 4 5 6 9 8 -8 10 -4 -6 13 -11
right_child=2 -3 3 -5 11 -7 7 -9 -10 12 -12 -13 -14 -15
leaf_value=0.014604846059969815 -0.0038963929576487106 -0.00053577917959438961 0.0058747360908333445 -0.0063785158261741486 0.00096866536395493657 -0.0041699525604610545 0.0035328773512501598 -0.0013127959233821917 0.022686541935014123 -0.0031172804959605938 -0.013031359466226584 -0.0083161247298641182 0.017968929124489712 0.020489519262240515
leaf_weight=27.138600170612335 137.77268456853926 25.228419288992882 24.077884873375297 65.206194009631872 531.52770434506238 45.152720445767045 25.234928928315639 19.650259029120207 38.913912480697036 60.773274201899767 26.327634213492274 43.93992274813354 18.756023589521646 17.116354119032621
leaf_count=130 1294 150 196 786 4484 398 222 196 336 530 248 560 162 142
internal_value=0.00072939 0.00746393 0.000337689 0.00101886 0.00164848 0.00462326 0.00650109 0.0120577 0.0163137 0.0028778 -0.00383386 0.000151129 0.00664062 0.00269177
internal_weight=1106.82 52.367 1054.45 916.677 851.471 276.003 230.85 83.7991 64.1488 147.051 50.4055 575.468 96.6457 77.8896
internal_count=9834 280 9554 8260 7474 2430 2032 754 558 1278 444 5044 834 672
is_linear=0
shrinkage=0.025


Tree=284
num_leaves=15
num_cat=0
split_feature=37 25 56 9 51 29 35 20 38 46 43 55 53 46
split_gain=11.1299 7.35614 8.29797 8.93053 7.47411 8.22927 6.72594 5.01666 7.44216 4.58456 5.10968 5.21672 4.8465 4.44267
threshold=-11.499999999999998 0.033194507059910956 0.2571999666566902 0.032763775441255208 0.14012987012987019 0.042164921687141706 -3.6999999999999971 0.092390932057190553 382.50000000000006 120.50000000000001 1.0000000180025095e-35 -0.78484541881885095 -0.16373963404710282 97.500000000000014
decision_type=2 2 2 2 2 2 2 2 2 2 2 2 2 2
left_child=7 4 3 -3 5 -2 -6 -1 -9 10 -7 -12 -11 -5
right_child=1 2 -4 13 6 9 -8 8 -10 12 11 -13 -14 -15
leaf_value=-0.0013596475263376129 -7.4912632819221331e-05 -0.0084807366577437024 -0.012700297664794476 0.009113458242447461 -0.0016364748127366893 -0.0026868825323414988 0.0035072559570203513 0.0090989723485433282 -0.0018107727243650007 0.0054980813820572948 -0.00052714330647296917 -0.013095787014324477 -0.0034830082687059664 -0.0009235433437948965
leaf_weight=57.020381301641464 1282.2472032606602 70.214574359357357 57.847873978316784 36.791417941451073 219.94338078796864 156.35591910034418 503.4746570661664 157.78730062395334 44.796261325478554 49.279766090214252 32.922526925802231 84.513187184929848 113.29518869519234 68.0971674695611
leaf_count=177 3977 270 252 123 703 592 1584 643 181 183 130 348 427 244
internal_value=-0.000131504 -0.000622493 -0.00482329 -0.00180185 -0.000202516 -0.0011086 0.00190857 0.00474937 0.00658061 -0.00405416 -0.00601087 -0.00994184 -0.00052865 0.00262408
internal_weight=2934.59 2674.98 232.951 175.103 2442.03 1718.61 723.418 259.604 202.584 436.367 273.792 117.436 162.575 104.889
internal_count=9834 8833 889 637 7944 5657 2287 1001 824 1680 1070 478 610 367
is_linear=0
shrinkage=0.025


Tree=285
num_leaves=15
num_cat=0
split_feature=5 33 37 27 39 25 51 21 9 6 17 55 50 21
split_gain=11.0058 9.24025 8.6571 7.71905 6.44096 6.12233 5.97798 5.62593 5.48146 5.4766 4.98852 4.80636 4.9871 4.80272
threshold=5.2885208323790431 -93.499999999999986 -11.499999999999998 -0.066461690424536937 53.500000000000007 -0.032747413441174496 0.11952380952380946 0.0032155982301633507 -0.091265804457450389 13.000584513938071 0.018655369845049456 0.44988707528397393 43.500000000000007 0.0083584177915762021
decision_type=2 2 2 2 2 2 2 2 2 2 2 2 2 2
left_child=1 7 13 -2 5 8 -7 10 -4 11 -1 -8 -13 -3
right_child=3 2 4 -5 -6 6 9 -9 -10 -11 -12 12 -14 -15
leaf_value=-0.0023025092261674202 0.014541885952306322 -0.0087190607268153707 0.0024092733815519606 0 -0.010033943855958384 0.0010489996477814434 -0.0016687231318216035 0.0078675290358612253 -0.0068086981615381407 0.0012304476269755565 0.0065241260869558452 -0.011042879065537265 -4.7568054073266377e-06 -0.00016373028228732576
leaf_weight=110.12428268045187 48.274669855833054 126.19646092504263 47.072822958230972 36.93081821501255 38.312912821769714 1424.4462401047349 345.06184485554695 118.47820329666138 148.21949462592602 239.68099164962769 55.400364086031914 80.166543185710907 43.13699559867382 68.792391337454319
leaf_count=353 276 645 156 180 126 4466 1078 383 535 797 174 255 140 270
internal_value=-0.000134553 -0.000414801 -0.000899296 0.00845033 -0.000464629 -0.000275242 0.000105585 0.00380776 -0.00445732 -0.00175136 0.000609794 -0.00332696 -0.00752678 -0.00590529
internal_weight=2930.3 2845.09 2561.09 85.2055 2366.1 2327.78 2132.49 284.003 195.292 708.046 165.525 468.365 123.304 194.989
internal_count=9834 9378 8468 456 7553 7427 6736 910 691 2270 527 1473 395 915
is_linear=0
shrinkage=0.025


Tree=286
num_leaves=15
num_cat=0
split_feature=44 22 46 36 24 8 2 2 13 13 38 38 30 20
split_gain=4.24699 8.22997 8.62528 10.3825 7.95075 8.37866 7.4544 14.1036 6.62962 8.3955 5.71003 14.4364 7.09956 6.62161
threshold=32.500000000000007 0.12276761405889546 132.50000000000003 54.95000000000001 0.13541354633610467 153.76677444871399 0.051614384952193761 0.08539662285001616 0.049095581440803802 -0.049280588027475293 385.00000000000006 375.00000000000006 1.4313666500040156 0.16311758030048887
decision_type=2 2 2 2 2 2 2 2 2 2 2 2 2 2
left_child=1 6 4 -4 -3 8 -1 -8 9 -6 11 -11 -13 -12
right_child=-2 2 3 -5 5 -7 7 -9 -10 10 13 12 -14 -15
leaf_value=0.0026998592478400247 -0.0018784240431567499 -0.0098085657140377421 0.013153308533346248 -0.0052575038723431874 -0.0092678044520726199 -0.0087338941663995841 0.021123058193340333 -0.0024667473608449334 -0.0092885958133374497 0.0071715947477467542 0 0.0050505784633436378 -0.010865148774820248 0.022837508840933735
leaf_weight=282.32782420516014 278.65306907147169 61.622858565300703 51.077673271298409 23.363315545022488 26.779376963153481 56.786858698353171 36.523004077374935 21.265382204204798 26.889264306053519 138.47837775200605 15.529078088700773 19.274671986699104 52.290411420166492 15.842546567320822
leaf_count=1834 2452 586 480 230 455 726 276 202 456 1184 150 170 521 112
internal_value=0.000727527 0.00164049 -0.000398496 0.00709315 -0.00187558 -0.000298272 0.00460149 0.012539 0.00136027 0.0026699 0.00425675 0.00246044 -0.00620214 0.0136047
internal_weight=1106.7 828.051 487.934 74.441 413.493 351.871 340.116 57.7884 295.084 268.194 241.415 210.043 71.5651 31.3716
internal_count=9834 7382 5070 710 4360 3774 2312 478 3048 2592 2137 1875 691 262
is_linear=0
shrinkage=0.025


Tree=287
num_leaves=15
num_cat=0
split_feature=5 43 27 51 29 25 9 10 51 52 25 34 2 56
split_gain=11.0983 8.56546 8.16863 7.413 7.93371 6.56266 8.64364 11.2445 6.80201 5.72503 6.0257 6.33018 9.2446 5.78023
threshold=-5.2125823043413932 -1.0000000180025095e-35 0.065711283884424224 0.42841000807102497 0.0087952585829276526 0.019196626223015604 -0.025708340295663549 1.9642529179252095 -0.39694211017740416 0.5518064892868374 -0.025630194762012098 102.50000000000001 0.084559613513234363 -0.22314355131420957
decision_type=2 2 2 2 2 2 2 2 2 2 2 2 2 2
left_child=2 5 -1 4 9 6 8 -8 -2 10 -3 12 -12 -13
right_child=1 3 -4 -5 -6 -7 7 -9 -10 -11 11 13 -14 -15
leaf_value=0 -0.0063737285818771736 0.0085299750481149256 0.014636875057561083 0.0016306145199620169 -0.0048480007698816227 -0.0026487921111621269 -0.0039333178076921089 0.0051422345799978387 0.00084498863938186903 -0.0039469444921212925 0.0029436009640667993 0.010833756418321525 -0.0065820230085302358 0
leaf_weight=37.762583643198013 98.828226625919342 51.873978704214096 49.142137162387371 315.16951858997345 541.65081479400396 238.78228083997965 94.090180948376656 542.4155495390296 362.13680712133646 221.13005299866199 102.79120974242687 45.655150279402733 144.45986804366112 85.047995835542679
leaf_count=184 334 180 284 997 1988 842 289 1734 1174 675 306 139 447 261
internal_value=-0.000132442 -0.000416416 0.0084059 -0.00171161 -0.00261886 0.00102733 0.00185823 0.00374149 -0.000700796 -0.000703099 0.000934436 -0.000140525 -0.00254292 0.0041461
internal_weight=2930.94 2844.03 86.9047 1507.78 1192.61 1336.25 1097.47 636.506 460.965 650.958 429.828 377.954 247.251 130.703
internal_count=9834 9366 468 4993 3996 4373 3531 2023 1508 2008 1333 1153 753 400
is_linear=0
shrinkage=0.025


Tree=288
num_leaves=15
num_cat=0
split_feature=15 15 19 41 33 18 51 8 43 14 56 54 27 9
split_gain=10.7045 7.64794 7.29849 8.1024 7.8057 5.64284 5.40172 5.66292 4.85716 5.52714 6.39821 4.76067 4.61296 5.28392
threshold=0.077334167355879266 -0.0097076088416702486 0.00019650869795800004 43.000000000000007 74.500000000000014 0.20680647196402238 -0.15499223729114486 148.31718388440146 -1.0000000180025095e-35 0.14289125026205493 -0.71816961529910917 -0.15061839770520302 0.17067423777943702 0.026707035849325555
decision_type=2 2 2 2 2 2 2 2 2 2 2 2 2 2
left_child=1 6 4 12 5 -3 7 -1 -8 -10 -11 -7 13 -4
right_child=-2 2 3 -5 -6 11 8 -9 9 10 -12 -13 -14 -15
leaf_value=0.004608771236624158 0.0091521925291593951 0.00067997361989556235 0.0058274140380600902 -0.0060199770860306402 -0.0068222622874901289 -0.011555789488208738 -0.0055198897682447569 -0.0022452510991487025 -0.0042475167811523015 0.0060868207837678281 -0.0020759587452703937 0 -0.00083492374403956033 0.00094638075630356505
leaf_weight=130.13772036880255 70.376851722598076 767.43038921058178 379.32954446971416 60.49033334851265 115.01567097008228 41.017862424254417 320.61431899666786 161.35226953774691 217.18770644813776 94.996654473245144 140.1941539272666 44.663570567965508 142.27966284751892 241.55835688114166
leaf_count=429 380 2271 1244 185 352 126 1288 548 748 345 569 136 435 778
internal_value=-0.000134251 -0.000387395 0.000598903 0.00232999 -0.000852579 0 -0.00206599 0.000756573 -0.00316051 -0.00139163 0.00117509 -0.00591215 0.00305925 0.00399111
internal_weight=2926.65 2856.27 1791.79 823.658 968.127 853.112 1064.48 291.49 772.993 452.379 235.191 85.6814 763.168 620.888
internal_count=9834 9454 5527 2642 2885 2533 3927 977 2950 1662 914 262 2457 2022
is_linear=0
shrinkage=0.025


Tree=289
num_leaves=15
num_cat=0
split_feature=26 32 32 24 38 6 12 52 16 6 24 54 24 8
split_gain=4.25004 7.16418 7.12974 7.00583 10.6465 7.27997 7.02314 6.13156 6.12495 5.74689 5.69561 6.295 5.1762 5.4022
threshold=0.14831315580347512 0.98111387797470606 0.98698872015883232 0.16453996342540608 385.00000000000006 14.581538375615581 0.12750572444234523 0.090230664857530521 0.098553439973899523 9.1963805419479616 0.17549458320796121 0.089769986700637558 0.14637968827237954 148.73740139201973
decision_type=2 2 2 2 2 2 2 2 2 2 2 2 2 2
left_child=12 -2 -3 9 5 6 8 -8 -5 -4 -9 -12 13 -1
right_child=1 2 3 4 -6 -7 7 10 -10 -11 11 -13 -14 -15
leaf_value=-0.00073042120042464116 -0.008536497869420458 0.015403204919112262 0.0071122759729494228 0.0046869686668623714 0.016245579109694479 -0.0075948639836871772 -0.0028019245555401641 0.018268064936880404 -0.012417632911642294 -0.0088356418665391286 0.010952191739362403 -0.0065396251012402639 0.011842834803415119 0.0036069741714122904
leaf_weight=356.78012198209763 66.14330212213099 13.265504688024519 11.290834702551363 17.214374050498009 22.687051214277744 55.365392910316586 25.482663445174694 28.090846356004477 24.420533034950495 79.734575463458896 22.870730150490999 17.718333445489407 26.795713283121586 338.9757341556251
leaf_count=2730 818 124 94 132 192 736 274 236 252 970 218 168 232 2658
internal_value=0.000719626 -0.00135609 0.000168377 -0.000651674 0.00174038 -0.000223847 0.00276679 0.00656268 -0.0050652 -0.00632978 0.0103309 0.00288833 0.00185968 0.00135776
internal_weight=1106.84 384.284 318.141 304.875 213.85 191.163 135.797 94.1626 41.6349 91.0254 68.6799 40.5891 722.552 695.756
internal_count=9834 4214 3396 3272 2208 2016 1280 896 384 1064 622 386 5620 5388
is_linear=0
shrinkage=0.025


Tree=290
num_leaves=15
num_cat=0
split_feature=5 33 37 27 19 46 56 29 19 11 23 46 53 43
split_gain=10.742 8.59573 8.82986 8.05373 7.05075 7.77461 6.367 5.83359 5.09552 5.00254 5.26863 4.94258 4.88854 7.95484
threshold=-5.2125823043413932 92.500000000000014 11.500000000000002 0.065711283884424224 0.020001600656787404 51.500000000000007 0.54856595174883782 0.019718402193709701 -0.048804862672607793 -0.017448020673611748 0.0049144758222930008 97.500000000000014 -0.081654650686470584 5.5000000000000009
decision_type=2 2 2 2 2 2 2 2 2 2 2 2 2 2
left_child=3 2 4 -1 5 -2 9 11 -7 -3 -11 -6 -10 -14
right_child=1 6 -4 -5 7 8 -8 -9 12 10 -12 -13 13 -15
leaf_value=0 -0.0078214501823752943 0.011569584752035634 -0.0059359064766616072 0.014541320204861187 0.0030851719890939034 0.0086832926445650511 -0.0029382774589242814 -0.0091251228519909824 0.0017962318448561691 0.0065251203377342543 -0.0021947334831591346 -0.0037070378307992773 0 -0.0066846699889223623
leaf_weight=37.704508498311043 68.048912599682808 61.527177676558495 195.00337153673172 48.539581120014191 86.778673008084297 41.401157170534134 63.718490600585938 85.648209117352962 766.08917534351349 98.841105200350285 65.335806645452976 222.65255908668041 964.15047446638346 121.83964775502682
leaf_count=184 214 210 914 284 268 140 218 391 2415 293 207 699 3012 385
internal_value=-0.000130113 -0.000408972 -0.000882001 0.00830103 -0.000441535 0.000162828 0.0036206 -0.00346916 0.000482784 0.00560415 0.00294489 -0.00170391 0.000263123 -0.000798737
internal_weight=2927.28 2841.03 2551.61 86.2441 2356.61 1961.53 289.423 395.079 1893.48 225.704 164.177 309.431 1852.08 1085.99
internal_count=9834 9366 8438 468 7524 6166 928 1358 5952 710 500 967 5812 3397
is_linear=0
shrinkage=0.025


Tree=291
num_leaves=15
num_cat=0
split_feature=5 33 37 7 39 25 51 35 56 37 44 21 35 35
split_gain=10.3899 8.72424 8.16845 6.20675 6.14516 5.81557 5.58493 5.60294 5.4931 5.25383 5.20127 4.69195 4.48762 4.41185
threshold=5.2885208323790431 -93.499999999999986 -11.499999999999998 -0.89255007255698604 53.500000000000007 -0.032747413441174496 0.11952380952380946 -3.6999999999999971 0.54856595174883782 -6.4999999999999991 16.500000000000004 0.0083584177915762021 -2.4500000000000024 -2.0999999999999992
decision_type=2 2 2 2 2 2 2 2 2 2 2 2 2 2
left_child=1 8 11 -2 5 10 13 9 -1 -8 -4 -3 -9 -7
right_child=3 2 4 -5 -6 6 7 12 -10 -11 -12 -13 -14 -15
leaf_value=0.0055583279093427947 0.013646450586224854 -0.0085578460468917622 0.0034051418669744427 0 -0.0098181204976483475 0.0029309099472729534 -0.0061932108852737252 -0.0096728551532554493 -0.0024393502065642577 0.003178731328933905 -0.0063365109024433978 -8.4404867054932437e-05 -0.0022174573683470707 0
leaf_weight=221.03968627750874 48.471142880618572 124.94211425632238 36.296796061098576 35.569745421409607 38.172012135386467 486.67627559602261 39.994616098701954 57.346154108643532 62.283859357237816 193.91239142417908 158.2517549097538 68.548733398318291 415.41541392356157 935.88125937432051
leaf_count=696 279 645 133 177 126 1525 134 181 214 596 558 270 1359 2941
internal_value=-0.000134197 -0.000405656 -0.00087714 0.00826233 -0.000455282 -0.000269996 0.000100769 -0.00169558 0.00370165 0.00137555 -0.00435395 -0.00575962 -0.00326589 0.00101345
internal_weight=2922.8 2838.76 2555.44 84.0409 2361.95 2323.77 2129.23 706.669 283.324 233.907 194.549 193.491 472.762 1422.56
internal_count=9834 9378 8468 456 7553 7427 6736 2270 910 730 691 915 1540 4466
is_linear=0
shrinkage=0.025


Tree=292
num_leaves=15
num_cat=0
split_feature=44 46 22 54 42 26 16 6 32 20 54 8 56 2
split_gain=4.15007 8.04573 9.19658 7.6851 11.6024 7.50812 7.42663 7.34677 6.98322 6.35397 5.9992 8.20198 6.33085 6.78866
threshold=32.500000000000007 150.50000000000003 0.11469323640513356 -0.27017260477431754 34.000000000000007 0.089856267806282406 0.080859029999916718 5.544082875423423 1.067787843806465 0.095452871455428009 -0.45226476580851194 228.98520374514348 -1.5691903561216973 0.050694137849905209
decision_type=2 2 2 2 2 2 2 2 2 2 2 2 2 2
left_child=1 2 3 4 -1 7 -7 -5 -2 -8 -4 12 -12 -14
right_child=8 -3 10 5 -6 6 9 -9 -10 -11 11 -13 13 -15
leaf_value=0.0012566080076130593 -0.0039006332016530568 0.016171617223109818 -0.0071580943360256069 0.005828243642982814 0.022241396717606294 -0.0025471942006002764 0.022963805174289826 -0.0059681621105709022 0.0055755430377479607 0.0054086531074826975 -0.0078250456076708972 -0.009771150847673285 -0.0099088718602654974 0.0034477828003706885
leaf_weight=37.460991572588682 222.91684493049979 18.380347147583961 74.673765417188406 45.892237514257431 30.01717920973897 28.710684232413769 18.101490743458271 84.953714642673731 55.406667057424784 53.55483815073967 35.430510081350803 40.220436707139015 19.927613262087107 341.11113733239472
leaf_count=254 2020 136 852 224 182 164 126 594 432 410 372 538 152 3378
internal_value=0.000716816 0.00161878 0.00116072 0.00462073 0.0118268 0.00220601 0.00722554 -0.00158449 -0.00186084 0.0113781 -0.00083706 0.000256029 0.00144455 0.00251698
internal_weight=1106.76 828.435 810.055 298.691 67.4782 231.213 100.367 130.846 278.324 71.6563 511.363 436.69 396.469 361.039
internal_count=9834 7382 7246 1954 436 1518 700 818 2452 536 5292 4440 3902 3530
is_linear=0
shrinkage=0.025


Tree=293
num_leaves=15
num_cat=0
split_feature=15 25 9 56 25 24 21 4 10 30 45 51 30 30
split_gain=10.4617 7.82846 7.57128 7.30055 7.17707 6.99008 6.65094 6.31524 5.98724 6.755 6.55778 5.91023 7.21089 5.74547
threshold=-0.076650810768733438 0.032603960168680307 -0.017086653771434295 0.70067120833699859 -0.010221724541204649 0.18956259250005056 -0.0062800009109677491 23.173382621291655 1.9712695449421387 1.4890008162056543 -27.499999999999996 -0.12473328591749638 1.4244470703466052 1.4719942928821603
decision_type=2 2 2 2 2 2 2 2 2 2 2 2 2 2
left_child=-1 2 3 8 5 -4 -5 -3 -2 10 -10 12 -6 -13
right_child=1 7 4 6 11 -7 -8 -9 9 -11 -12 13 -14 -15
leaf_value=0.0090005684956195927 0.0022242291221113964 0.000187975001376221 0.0050349265009165898 0.0079901268685415444 -0.0059137966098721552 -0.0046466139945363213 -0.002835729008943467 -0.007707391776810929 0.0030919496981716712 0.00097211376223178272 -0.0051829306518103978 0.0027159132305757784 0.0012201285930698521 -0.0021431170047626186
leaf_weight=71.187917627394199 143.83149464428425 96.16166290640831 382.94117167592049 83.660701423883438 184.90063839405775 46.341170519590378 51.388394832611084 150.73395740240812 59.428732119500637 181.36214400082827 582.45842080563307 532.43606822192669 154.35119979083538 202.33914053440094
leaf_count=390 434 347 1216 281 600 152 188 593 191 616 1955 1684 533 654
internal_value=-0.000129425 -0.00038139 1.59086e-05 -0.00154439 0.00117772 0.00389077 0.00373803 -0.00459034 -0.00232321 -0.00315651 -0.00436018 5.7156e-05 -0.00262484 0.00133862
internal_weight=2923.52 2852.33 2605.44 1102.13 1503.31 429.282 135.049 246.896 967.081 823.249 641.887 1074.03 339.252 734.775
internal_count=9834 9444 8504 3665 4839 1368 469 940 3196 2762 2146 3471 1133 2338
is_linear=0
shrinkage=0.025


Tree=294
num_leaves=15
num_cat=0
split_feature=15 25 9 56 25 46 43 24 4 51 36 34 38 17
split_gain=10.1813 7.70915 7.65827 7.7921 7.06258 6.96992 6.99495 6.26808 6.13815 6.09489 5.85213 5.5451 5.44449 5.40101
threshold=0.077334167355879266 -0.032747413441174496 0.016821180485163203 0.70067120833699859 0.010219842325961551 96.500000000000014 -1.4999999999999998 0.18956259250005056 23.173382621291655 0.43467853839037934 53.050000000000004 66.500000000000014 382.50000000000006 -0.0080454876446162983
decision_type=2 2 2 2 2 2 2 2 2 2 2 2 2 2
left_child=1 8 4 5 -3 -4 10 11 -1 12 -7 -6 -8 -5
right_child=-2 2 3 13 7 6 9 -9 -10 -11 -12 -13 -14 -15
leaf_value=0.00014648246869191725 0.0089790774918248658 7.1857997244170434e-05 -0.005950845890978872 -0.0010382257584929037 -0.00066643384344084551 -0.0075506574519742511 0.0036827977496150474 -0.0041479610159012538 -0.0076943489614681188 -0.005257073954175415 0 0.0064963065702379379 -0.0031258227716889162 0.0084276017715414729
leaf_weight=94.684356957674026 69.445440798997879 1074.5253674685955 248.29231949150562 64.252057649195194 77.62710177898407 145.96989067643881 301.28005687892437 46.74612657725811 148.14414639770985 81.045241519808769 105.3891813531518 302.21915912628174 88.49943520128727 71.486334979534149
leaf_count=344 380 3478 841 235 243 483 960 155 584 279 354 967 293 238
internal_value=-0.00013483 -0.000380986 9.94027e-06 -0.00155478 0.00118095 -0.00235822 -0.00105624 0.00388349 -0.00459488 0.000700591 -0.004394 0.0049779 0.00205356 0.0038916
internal_weight=2919.61 2850.16 2607.33 1106.21 1501.12 970.476 722.184 426.592 242.829 470.825 251.359 379.846 389.779 135.738
internal_count=9834 9454 8526 3683 4843 3210 2369 1365 928 1532 837 1210 1253 473
is_linear=0
shrinkage=0.025


Tree=295
num_leaves=15
num_cat=0
split_feature=26 56 56 8 44 34 34 46 40 34 54 44 54 22
split_gain=4.11582 5.56208 4.59245 6.23675 5.79347 7.37848 7.63371 7.95574 5.56473 5.18136 6.83633 5.09819 8.19379 5.86673
threshold=0.063795489785234458 -0.44613397192768528 -1.5532144673676658 229.4104847184382 10.500000000000002 45.500000000000007 39.500000000000007 144.50000000000003 119.50000000000001 30.500000000000004 0.029869454566166801 35.500000000000007 -0.57034006624328792 0.10514372356052781
decision_type=2 2 2 2 2 2 2 2 2 2 2 2 2 2
left_child=1 -1 -2 4 8 6 7 9 -4 -6 -11 13 -13 -7
right_child=2 -3 3 -5 5 11 -8 -9 -10 10 -12 12 -14 -15
leaf_value=0.014128876017715342 -0.0038206386880582782 -0.00054740560357541301 0.014041608299352724 -0.0061698506582468921 -0.0059063802022097552 0.004418989911557719 0.019201771966870625 0.017574846421717975 -0.00090353640695808087 0.016308161418082615 -0.0042816619624638681 0.005507896728404185 -0.0093201694497303499 -0.00079986138015102418
leaf_weight=27.5062340721488 137.01318152435124 25.238207660615444 38.072135630995035 64.043582065030932 44.240770149976015 194.98486026749015 20.482537604868412 13.493820283561943 18.839472111314535 15.55058800801635 13.78156043961644 26.92883376032114 73.810186974704266 392.77201629988849
leaf_count=130 1294 150 314 786 408 1316 172 112 174 144 120 230 664 3820
internal_value=0.000712879 0.00723401 0.000330331 0.000995017 0.00159495 0.000980135 0.00691455 0.00286659 0.00901708 -0.000459557 0.00669128 0 -0.00504699 0.000911957
internal_weight=1106.76 52.7444 1054.01 917 852.957 796.045 107.549 87.0667 56.9116 73.5729 29.3321 688.496 100.739 587.757
internal_count=9834 280 9554 8260 7474 6986 956 784 488 672 264 6030 894 5136
is_linear=0
shrinkage=0.025


Tree=296
num_leaves=15
num_cat=0
split_feature=5 43 27 51 29 25 11 56 26 12 39 27 33 53
split_gain=10.1688 8.10149 7.94719 6.84474 7.20357 6.10627 6.73659 10.1687 7.28491 5.75279 5.63779 8.51588 5.26214 5.09281
threshold=-5.2125823043413932 -1.0000000180025095e-35 0.065711283884424224 0.48089094449853947 0.0087952585829276526 -0.033421422680923692 -0.012886595849841549 -0.69553662576454112 0.098821638588391367 0.17959320859702982 -6.4999999999999991 0.018192756466762956 -46.499999999999993 0.07794604104789736
decision_type=2 2 2 2 2 2 2 2 2 2 2 2 2 2
left_child=2 5 -1 4 -3 -2 8 12 -7 -10 -5 -12 -8 -11
right_child=1 3 -4 10 -6 6 7 -9 9 13 11 -13 -14 -15
leaf_value=-1.6173934767785562e-05 0.0059234633998470274 -0.0006909284119327525 0.014400986513129302 0.0061103790437915632 -0.0045909180143646746 -0.0023792194275169699 -0.0037582627423207362 -0.0031742119473857997 0.0075539811260559022 0.0069082018650626969 0.0046290301807245344 -0.0063607994092965683 0.0041536439828705196 -0.0040764115991047201
leaf_weight=37.50050762295723 136.96085073053837 678.95640343427658 47.654122479259968 110.0862066373229 548.86943887174129 104.38755735754967 58.568144023418427 485.48072846233845 192.70324097573757 38.09711018204689 78.908081293106079 86.126223921775818 253.27912952005863 62.777640044689178
leaf_count=184 457 2100 284 345 2022 318 214 1643 615 126 250 276 801 199
internal_value=-0.000127583 -0.000398144 0.00812586 -0.0016601 -0.00246615 0.00100768 0.000401258 -0.000901123 0.00305144 0.00507365 0.00182778 -0.000977583 0.00255295 0
internal_weight=2920.36 2835.2 85.1546 1502.95 1227.83 1332.25 1195.29 797.328 397.966 293.578 275.121 165.034 311.847 100.875
internal_count=9834 9366 468 4993 4122 4373 3916 2658 1258 940 871 526 1015 325
is_linear=0
shrinkage=0.025


Tree=297
num_leaves=15
num_cat=0
split_feature=37 5 51 43 23 9 56 28 10 35 9 46 56 52
split_gain=9.88691 6.50428 6.25722 7.14456 7.05371 8.56631 7.19752 6.85688 6.53973 6.2259 6.33541 5.59538 5.03518 5.59622
threshold=11.500000000000002 -5.392071789752424 -0.3566536203522504 -1.0000000180025095e-35 -0.015762542853567547 0.025715443268084903 1.0000000180025095e-35 12.81025629919375 1.967990724083299 3.649999999999999 -0.042730945943647042 92.500000000000014 -0.44613397192768528 0.85004892367906082
decision_type=2 2 2 2 2 2 2 2 2 2 2 2 2 2
left_child=1 -1 9 12 6 8 -5 -7 -6 -3 -11 -9 13 -4
right_child=-2 2 3 4 5 7 -8 11 -10 10 -12 -13 -14 -15
leaf_value=-0.0082629942968807431 0.0044887766444673656 0.0043446881194927648 -0.0026040160257254745 -0.00016600117872565923 -0.0029481672808724978 0.0014390200287219001 -0.0088290345534173167 -0.011672534302835089 0.0045097219152102326 0.0061209513109650769 -0.0043327332662738858 -0.001816059049911898 -0.00076127917885952085 -0.0090330215940517301
leaf_weight=62.783188819885254 256.92399301379919 301.14800742268562 315.99392426013947 180.63919378817081 79.397552937269211 222.39610660821199 89.718328014016151 51.348598405718803 462.04828940331936 43.479815423488617 129.63955166935921 129.48548133671284 466.38844919204712 125.02507224678993
leaf_count=429 1001 940 1037 602 241 712 329 160 1465 140 406 407 1573 392
internal_value=-0.00013504 -0.000598698 -0.000388257 -0.000977059 0.000258694 0.00129802 -0.00323974 -0.00140787 0.00335338 0.00217729 -0.00146876 -0.00498813 -0.0026515 -0.00456347
internal_weight=2916.42 2659.49 2596.71 2122.44 1215.03 944.676 270.358 403.23 541.446 474.267 173.119 180.834 907.407 441.019
internal_count=9834 8833 8404 6918 3916 2985 931 1279 1706 1486 546 567 3002 1429
is_linear=0
shrinkage=0.025


Tree=298
num_leaves=15
num_cat=0
split_feature=24 26 28 8 8 46 34 8 46 36 44 2 52 32
split_gain=3.97184 11.1802 6.92092 4.82637 6.46823 7.09059 7.74866 6.36448 7.80349 7.29734 6.8865 7.66742 7.74279 10.3669
threshold=0.19289394726272183 0.2087861026566448 12.735653220219307 148.65009847889783 146.03514078444644 147.50000000000003 355.50000000000006 151.98442467114697 114.50000000000001 46.750000000000007 34.500000000000007 0.085113025620946609 0.2088849409775361 0.9761037761673691
decision_type=2 2 2 2 2 2 2 2 2 2 2 2 2 2
left_child=3 -2 -3 4 -1 6 -6 8 10 -9 11 12 -5 -14
right_child=1 2 -4 7 5 -7 -8 9 -10 -11 -12 -13 13 -15
leaf_value=0.0021511894984498963 -0.012426529058767786 0.016627382984593844 -0.0043422068252116372 0.0031786039977486171 -0.0057584865345584879 0.011235619984304387 0.0088858916653429508 0.0088182635917859326 0.0004872535407844541 -0.0017417961999554245 -0.0027471247296683185 0.0004784808604162531 0.0023711707653822022 0.028138633542569003
leaf_weight=273.20873507112265 42.885911878198385 14.067659180611374 14.207666696980594 27.163695957511663 231.18518376909196 14.037232697010039 19.26945872977376 45.009680308401585 105.87462802417576 217.4976927805692 18.185043931007385 30.660722985863686 16.974937189370394 36.463414140045643
leaf_count=2306 500 142 156 192 2064 114 162 404 918 2026 154 318 128 250
internal_value=0.000709244 -0.00474538 0.00627016 0.00112911 -0.000473629 -0.00326733 -0.00438204 0.00289743 0.00583991 0.000106363 0.00985093 0.0121546 0.0160167 0.0212845
internal_weight=1106.69 71.1612 28.2753 1035.53 537.701 264.492 250.455 497.83 235.322 262.507 129.448 111.263 80.602 53.4384
internal_count=9834 798 298 9036 4646 2340 2226 4390 1960 2430 1042 888 570 378
is_linear=0
shrinkage=0.025


Tree=299
num_leaves=15
num_cat=0
split_feature=15 25 51 29 35 4 41 46 23 56 34 41 28 15
split_gain=9.87937 7.5064 6.94771 7.62306 6.20192 6.14109 4.79311 5.25022 4.88069 4.71628 4.42216 4.36374 3.77052 5.68348
threshold=-0.076650810768733438 0.032603960168680307 0.14012987012987019 0.042164921687141706 -3.6999999999999971 23.173382621291655 57.000000000000007 91.500000000000014 -0.033523300565690792 -0.063625560640310136 110.50000000000001 -185.49999999999997 12.81405231513733 0.018367151453395954
decision_type=2 2 2 2 2 2 2 2 2 2 2 2 2 2
left_child=-1 2 3 11 -4 -3 7 -5 -9 -7 -6 -2 -12 -14
right_child=1 5 4 6 10 9 -8 8 -10 -11 12 -13 13 -15
leaf_value=0.0088061744877618187 -0.0077017460050720623 0.00020970973802588453 -0.0012307359125902531 -0.0093091434387938057 0.0004679498815879147 -0.0035507976224181358 0.0046944173544532005 0.0050670986011542487 -0.0038563986365585503 -0.013354149886940137 0.0079918391348592771 0.00035041065995629789 0.0051836459454452045 -0.0045499770260983346
leaf_weight=70.180613048374653 38.349973767995834 95.997776038944721 243.54426693171263 102.71161936968565 207.52436132729053 95.60093580186367 32.62170834094286 37.957543313503265 266.77049960196018 54.409274868667126 163.3956672847271 1339.1453794613481 122.58813612163067 46.207199566066265
leaf_count=390 113 347 784 409 662 352 116 117 1059 241 522 4193 376 153
internal_value=-0.000126268 -0.000370292 1.85684e-05 -0.000819916 0.00198885 -0.00449943 -0.00366573 -0.0044445 -0.0026003 -0.00758385 0.00348553 8.11087e-05 0.00526162 0.00232101
internal_weight=2917 2846.82 2600.82 1817.56 783.26 246.008 440.061 407.44 304.728 150.01 539.715 1377.5 332.191 168.795
internal_count=9834 9444 8504 6007 2497 940 1701 1585 1176 593 1713 4306 1051 529
is_linear=0
shrinkage=0.025


Tree=300
num_leaves=15
num_cat=0
split_feature=15 25 51 43 7 35 4 35 12 36 34 56 15 56
split_gain=9.73617 7.23025 6.89812 7.34931 8.76278 6.51651 5.95777 5.82786 7.09093 5.7706 5.3561 4.71415 6.81021 4.6741
threshold=0.077334167355879266 -0.032747413441174496 -0.13995670995670997 -1.0000000180025095e-35 -1.0944309984961078 3.649999999999999 23.173382621291655 -1.0999999999999994 0.096076350070001024 63.750000000000007 110.50000000000001 -0.35580989181984096 -0.040855795906233991 -0.063625560640310136
decision_type=2 2 2 2 2 2 2 2 2 2 2 2 2 2
left_child=1 6 5 4 -4 10 -1 9 -9 -5 -3 -6 -13 -8
right_child=-2 2 3 7 11 -7 13 8 -10 -11 -12 12 -14 -15
leaf_value=0.00020208605563350158 0.0088235761922617686 0.00021160129603656848 0.001340510007401814 0.0029547460825975745 -0.0067392703914181135 -0.0013379769329404064 -0.0034471945643688197 -0.0071031146784230077 2.4385406654223263e-05 -0.0063944088090690694 0.0054410166615787353 -0.010615496362868806 3.0066408697858101e-05 -0.013265538858495216
leaf_weight=94.486852407455444 68.667224042117596 208.66705872863531 219.5020589902997 526.84021284431219 278.11913608014584 244.17779789119959 93.25793781131506 103.84941218793392 405.04468753188848 38.568850494921207 332.97643361240625 39.768742613494396 205.08483858406544 54.077259808778763
leaf_count=344 380 666 695 1718 942 786 345 321 1356 128 1055 204 655 239
internal_value=-0.000136339 -0.000376518 1.70402e-06 -0.000835069 -0.0027439 0.00196094 -0.00446597 0.000467603 -0.00143643 0.00222271 0.00349249 -0.00450202 -0.00177674 -0.00753211
internal_weight=2913.09 2844.42 2602.6 1816.78 742.475 785.821 241.822 1074.3 508.894 565.409 541.643 522.973 244.854 147.335
internal_count=9834 9454 8526 6019 2496 2507 928 3523 1677 1846 1721 1801 859 584
is_linear=0
shrinkage=0.025


Tree=301
num_leaves=15
num_cat=0
split_feature=44 32 50 50 3 52 26 3 56 30 14 32 32 6
split_gain=3.93017 6.73124 6.61658 12.3562 8.76224 14.5356 8.14257 8.68409 8.108 7.89889 7.75898 7.45981 7.2055 6.83952
threshold=32.500000000000007 1.067787843806465 73.500000000000014 59.500000000000007 0.96183593932407152 1.3235432572725332 0.11339807160218786 0.98384573403168396 -0.91240303634796682 1.3350697759660346 0.14361127596179049 1.0592818067744125 1.0720778618157609 10.004507467813392
decision_type=2 2 2 2 2 2 2 2 2 2 2 2 2 2
left_child=2 -2 3 6 -4 8 10 -8 -6 -9 13 -11 -13 -1
right_child=1 -3 4 -5 5 -7 7 9 -10 11 -12 12 -14 -15
leaf_value=0.0050201823732056684 -0.0038203544452098622 0.0054742789357679908 0.018162414546254165 -0.0094187257302730115 0 -0.010250928710059041 -0.0049304260103248693 0.016969759931303962 0.02280889746956237 -0.0011802717264343707 0.016340496650929584 0.016609307162344215 0 -0.0083560190388817564
leaf_weight=184.86172078922391 221.74119672551751 55.619895700365305 28.781716916710138 62.214919799938798 14.672832049429418 27.75333558395505 153.95772584527731 16.573309451341629 15.845869764685629 208.01881198771298 31.522846344858408 28.242986580356956 35.200521824881434 21.517397381365299
leaf_count=1078 2020 432 186 548 134 260 1538 134 126 2244 304 258 390 182
internal_value=0.000708797 -0.00180401 0.00158509 0.00075815 0.00793889 0.00145795 0.00178787 -0.000176426 0.0127538 0.00232009 0.00546872 0.00104453 0.00825782 0.00334262
internal_weight=1106.53 277.361 829.164 742.11 87.0538 58.272 679.895 441.993 30.5187 288.036 237.902 271.462 63.4435 206.379
internal_count=9834 2452 7382 6676 706 520 6128 4564 260 3026 1564 2892 648 1260
is_linear=0
shrinkage=0.025


Tree=302
num_leaves=15
num_cat=0
split_feature=15 25 9 25 26 19 27 26 36 9 34 51 34 17
split_gain=9.49609 7.29843 7.16399 6.75529 6.87531 6.53456 6.42592 6.18046 8.98705 6.10454 5.49624 5.47504 5.529 4.58196
threshold=-0.076650810768733438 0.032603960168680307 -0.017086653771434295 -0.010221724541204649 0.17943044279758477 -0.039680312572874944 -0.31035182272512818 0.085860953762274053 62.45000000000001 0.032763775441255208 66.500000000000014 -0.12473328591749638 92.500000000000014 -0.0017631867939572998
decision_type=2 2 2 2 2 2 2 2 2 2 2 2 2 2
left_child=-1 2 5 4 10 -2 -7 -8 -9 -3 -4 12 13 -5
right_child=1 9 3 11 -6 6 7 8 -10 -11 -12 -13 -14 -15
leaf_value=0.0086719643361021833 0.0048424062229578914 -0.0089045919909867856 -0.00065998322130137637 -0.0025769411035840412 -0.0027690086185220937 -0.0086603465047395065 0.0028754517121217095 -0.0032062402767642447 0.0064643212543828909 -0.00078048280896058687 0.0067898342654552331 0.0012967538376821774 -0.0046168325318486228 0.0074228501918116281
leaf_weight=69.516334630548954 86.24678011983633 104.26289860159159 70.191265374422073 52.44479575753212 74.291919305920601 81.771140165627003 161.57669570297003 709.8349847048521 59.410404607653618 141.20694706588984 283.55540047585964 733.60049574077129 236.9668283239007 48.801356412470341
leaf_count=390 293 423 219 153 245 305 494 2374 199 517 904 2338 788 192
internal_value=-0.000125055 -0.000363686 1.95317e-05 0.00115098 0.00378733 -0.00150039 -0.00208634 -0.00143893 -0.00239015 -0.00443987 0.00525334 6.22116e-05 -0.00252261 0.00213022
internal_weight=2913.68 2844.16 2598.69 1499.85 428.039 1098.84 1012.59 930.822 769.245 245.47 353.747 1071.81 338.213 101.246
internal_count=9834 9444 8504 4839 1368 3665 3372 3067 2573 940 1123 3471 1133 345
is_linear=0
shrinkage=0.025


Tree=303
num_leaves=15
num_cat=0
split_feature=15 25 51 29 41 46 46 23 25 6 57 3 27 33
split_gain=9.44672 6.92909 6.588 7.10515 6.05113 5.82909 5.03393 5.33571 4.51355 6.24254 6.18079 5.27193 6.03419 4.37163
threshold=0.077334167355879266 -0.032747413441174496 -0.13995670995670997 -0.041975340407073243 -73.499999999999986 71.500000000000014 91.500000000000014 0.033299894055595601 0.010535151156888852 16.012663643173472 -0.64022133180951346 0.95127324282700798 -0.025672834730030094 -53.499999999999993
decision_type=2 2 2 2 2 2 2 2 2 2 2 2 2 2
left_child=1 5 8 4 -4 -1 -6 -8 9 10 -3 -12 13 -13
right_child=-2 2 3 -5 6 -7 7 -9 -10 -11 11 12 -14 -15
leaf_value=0.0037326168730474939 0.0087199321954500673 0.0063795386984851626 0.0063052531487835274 5.0347803041553127e-05 -0.0091752724003179055 -0.0061181598382307615 -0.0039213279101837396 0.0053444664499842131 0.0045143815716520083 -0.0052992834224110013 -0.0061835993579499324 0.0030687487018478858 0.0057358378096530188 -0.0058817935522928726
leaf_weight=38.972769908607006 68.162982851266861 123.69727741926908 29.635954760015011 1374.7671465501189 102.87797659635544 202.22111943364143 269.37016779929399 38.724056094884872 269.51288430392742 89.093047857284546 65.288402065634727 52.110789656639099 112.1613931581378 73.639766186475754
leaf_count=140 380 390 107 4309 413 788 1071 119 883 295 202 162 348 227
internal_value=-0.000136562 -0.000372694 0 -0.000820801 -0.00356509 -0.00438142 -0.0044042 -0.00261012 0.0019124 0.000475062 0.00178544 -8.07941e-05 0.00158384 -0.00200599
internal_weight=2910.24 2842.07 2600.88 1815.38 440.608 241.194 410.972 308.094 785.504 515.991 426.898 303.2 237.912 125.751
internal_count=9834 9454 8526 6019 1710 928 1603 1190 2507 1624 1329 939 737 389
is_linear=0
shrinkage=0.025


Tree=304
num_leaves=15
num_cat=0
split_feature=26 14 44 32 46 4 4 30 22 8 52 2 52 18
split_gain=3.89161 4.44322 4.09637 8.47557 7.61896 6.80475 13.9562 5.79954 5.6568 7.93068 5.56842 6.48437 6.25652 7.89551
threshold=0.063795489785234458 0.076651414268824811 32.500000000000007 1.067787843806465 150.50000000000003 23.038992358727231 22.867023697951538 1.4170782269373821 0.088391176954118869 146.03514078444644 0.095259700976579306 0.085767456957463961 0.36242408906882589 0.095205913700057862
decision_type=2 2 2 2 2 2 2 2 2 2 2 2 2 2
left_child=1 -1 4 -4 5 6 -2 -5 -8 -10 11 -7 -12 -14
right_child=2 -3 3 7 -6 10 8 -9 9 -11 12 -13 13 -15
leaf_value=-0.00029484247620540233 0 0.012779514562822863 -0.0047703338855501643 0.014852792404143795 0.015708885628034155 -0.0062406250884403554 0.02318838193953612 -0.00018761386795647874 0.016683378961100143 -0.0016517125073219818 0.0056765724233531871 0.0090497529056053645 0.008536080877021195 -0.0028656547694602377
leaf_weight=23.520334847271442 150.48542331159115 29.5588343963027 202.34015200659633 20.611793253570795 17.310213837772608 146.59513635374606 21.92644065618515 34.160880710929632 20.677752729505301 27.808797398582101 116.22221264615655 13.899414375424383 39.328419335186481 242.00762101449072
leaf_count=108 976 172 1906 138 130 1540 104 288 144 202 1116 132 272 2606
internal_value=0.000705919 0.00702896 0.000331981 -0.00235022 0.00123852 0.000786928 0.00446328 0.00582305 0.0132415 0.00652876 -0.000650622 -0.00453195 0.000890999 -0.00106325
internal_weight=1106.45 53.0792 1053.37 257.113 796.261 778.951 220.898 54.7727 70.413 48.4866 558.053 160.495 397.558 281.336
internal_count=9834 280 9554 2332 7222 7092 1426 426 450 346 5666 1672 3994 2878
is_linear=0
shrinkage=0.025


Tree=305
num_leaves=15
num_cat=0
split_feature=37 43 51 11 15 56 19 56 56 36 19 44 3 47
split_gain=9.2627 6.34334 7.32215 6.99849 6.44786 6.36748 5.79074 5.76114 5.54301 9.64628 8.29084 8.47406 6.28257 5.27772
threshold=-11.499999999999998 1.0000000180025095e-35 0.085637891520244466 0.020986939926923704 -0.053135720638827787 -0.69553662576454112 0.031858610893316056 -1.5004866978743461 -0.35580989181984096 58.45000000000001 -0.024849966364537148 24.500000000000004 0.99962498841264791 -11.499999999999998
decision_type=2 2 2 2 2 2 2 2 2 2 2 2 2 2
left_child=-1 4 3 5 -2 7 -4 -3 9 13 12 -12 -10 -6
right_child=1 2 6 -5 8 -7 -8 -9 10 -11 11 -13 -14 -15
leaf_value=0.0043675906063012663 0.0073095807933724055 0 0.0012800992616072667 -0.0076112279775596425 -0.0032032192107597983 0.00022600403044714115 -0.0077477427820190964 -0.0084702324303934408 0.010547026392630325 -0.0050211831532589943 0.00032650127147375324 -0.0057564677755208788 -0.0016757715081272791 0.0038182700212464485
leaf_weight=255.14952969551086 78.215097583830357 87.062512502074242 461.72859203070402 189.0640192553401 68.838235072791576 322.67351543903351 43.785785034298897 128.80663047730923 52.095344364643097 106.51158420741558 272.58510275930166 279.27282418310642 40.906918197870255 524.19649036973715
leaf_count=1001 319 262 1468 854 233 1005 160 391 171 345 900 934 133 1658
internal_value=-0.000123971 -0.000572288 -0.00188563 -0.00348634 0.000551213 -0.00193554 0.000380948 -0.00521171 0.000113869 0.00166657 -0.0015319 -0.00273099 0.00510454 0.00294146
internal_weight=2910.89 2655.74 1233.12 727.607 1422.62 538.543 505.514 215.869 1344.41 699.546 644.86 551.858 93.0023 593.035
internal_count=9834 8833 4140 2512 4693 1658 1628 653 4374 2236 2138 1834 304 1891
is_linear=0
shrinkage=0.025


Tree=306
num_leaves=15
num_cat=0
split_feature=15 19 9 19 26 10 10 36 30 10 51 43 30 35
split_gain=9.1514 6.83567 7.37959 8.39837 6.2368 6.79609 5.84673 7.80103 5.98184 6.61774 5.63432 5.61423 5.57448 5.46265
threshold=0.077334167355879266 0.042504554883953508 0.016821180485163203 0.00019650869795800004 0.19092708374506931 1.9327454726759428 1.9712695449421387 62.750000000000007 1.496732807696765 2.0820192120045324 0.5545991094136834 1.0000000180025095e-35 1.4834693245695043 0.3499999999999997
decision_type=2 2 2 2 2 2 2 2 2 2 2 2 2 2
left_child=1 2 3 10 5 -5 13 8 -8 -10 12 -7 -1 -4
right_child=-2 -3 6 4 -6 11 7 -9 9 -11 -12 -13 -14 -15
leaf_value=0.00061939848496010762 0.0086122145243383418 0.0060939409908795442 0.0054367912293364871 -0.0060927558266011626 -0.0051727278904820416 0.0015802383696405299 -0.0047077455476969548 0.0051011425323761643 0.0093119829130252438 -0.0021746581749337054 -0.0067059451557321395 0.0067272006641616606 -0.0040741190526094404 -0.0034157963293994379
leaf_weight=737.46305565536022 67.650347754359245 93.133214764297009 104.28169817477465 37.772484958171844 51.863326296210289 296.7278842702508 680.5739980340004 61.475695624947548 36.495582230389118 119.52100516110659 92.727238059043884 267.69930939376354 194.68495778739452 64.723026342689991
leaf_count=2460 380 320 316 114 168 945 2323 213 121 418 326 862 665 203
internal_value=-0.000135847 -0.000367858 -0.00060678 0.000414238 0.00262731 0.00337731 -0.00223102 -0.00304273 -0.00369763 0.000562771 -0.000979743 0.0041029 -0.000350702 0.00190214
internal_weight=2906.79 2839.14 2746.01 1678.94 654.063 602.2 1067.07 898.066 836.591 156.017 1024.88 564.427 932.148 169.005
internal_count=9834 9454 9134 5540 2089 1921 3594 3075 2862 539 3451 1807 3125 519
is_linear=0
shrinkage=0.025


Tree=307
num_leaves=15
num_cat=0
split_feature=24 26 8 52 2 4 4 32 48 44 36 8 36 44
split_gain=3.80926 10.984 4.68184 6.29003 6.18418 11.924 10.9461 10.6056 9.5525 7.14348 6.5902 6.12338 7.05696 6.949
threshold=0.19289394726272183 0.2087861026566448 148.65009847889783 1.6439589740234251 0.050926107076628355 23.038992358727231 23.283765688233188 1.0156461067806635 2.5000000000000004 15.500000000000002 56.650000000000013 151.98442467114697 46.750000000000007 34.500000000000007
decision_type=2 2 2 2 2 2 2 2 2 2 2 2 2 2
left_child=2 -2 3 4 9 8 -7 -8 -6 -1 -9 13 -13 -4
right_child=1 -3 11 -5 5 6 7 10 -10 -11 -12 12 -14 -15
leaf_value=0.0048734093355765505 -0.012346206755905162 0.006219722490446191 0.0077011647859501018 0.011244329198790898 0.020836687730749346 -0.0046175152928546789 -0.0080132210383468336 0.018372296106444745 0.0024449450329887632 -0.0079349898984508588 0 0.0086533230658118465 -0.0017099606113148717 -0.002943943883194476
leaf_weight=28.362150520086288 42.319416761398315 28.328509764745831 195.30878487043083 21.923734519630671 23.030513240024447 214.78416569717228 16.427813986316323 32.057121142745018 62.929248072206974 122.78134032711387 14.778491944074629 45.278144529089332 217.03805492445827 40.755283560603857
leaf_count=160 500 298 1608 156 164 2286 180 284 424 856 136 404 2026 352
internal_value=0.000707225 -0.00465209 0.00111751 -0.000462271 -0.00111184 0.00060441 -0.00186228 0.00677877 0.00852186 -0.00529229 0.0127219 0.0028573 0.000113711 0.00573669
internal_weight=1106.1 70.6479 1035.45 537.075 515.151 364.007 278.048 63.2634 85.9598 151.143 46.8356 498.38 262.316 236.064
internal_count=9834 798 9036 4646 4490 3474 2886 600 588 1016 420 4390 2430 1960
is_linear=0
shrinkage=0.025


Tree=308
num_leaves=15
num_cat=0
split_feature=15 25 17 43 30 41 56 30 53 46 46 51 41 43
split_gain=9.10242 7.69511 7.00995 6.24062 6.11649 5.68634 5.67671 5.49457 5.52103 5.07001 4.7966 4.63975 6.02361 5.33325
threshold=-0.089016316215498728 0.032603960168680307 -0.010447189946154097 11.500000000000002 1.5154691472305142 108.50000000000001 0.2571999666566902 1.496732807696765 0.041170444503225913 85.500000000000014 70.500000000000014 0.66538349861520607 -1.0000000180025095e-35 -2.4999999999999996
decision_type=2 2 2 2 2 2 2 2 2 2 2 2 2 2
left_child=-1 2 3 4 10 7 9 11 -9 -3 -2 13 -13 -4
right_child=1 6 5 -5 -6 -7 -8 8 -10 -11 -12 12 -14 -15
leaf_value=0.011147215066231205 -0.0021377691895102277 0.0047324019873554325 -8.5227478343419361e-05 -0.0070909906413234199 -0.0035515130295675542 0.0048443746502197932 -0.010853512767634634 0.0055053916540676144 -0.0018032613934922379 -0.0043944217685503292 0.0035451726076776834 0.0092604368788473199 -0.0018682159403358432 -0.0036755539508528945
leaf_weight=38.980267114937305 96.486477911472321 44.640393115580082 412.5716558098793 41.669849246740341 96.223040878772736 93.940503887832165 61.551653891801834 131.06042440980673 112.50436176359653 141.30451774597168 763.89449709653854 46.075658157467842 65.344440549612045 761.17241658270359
leaf_count=234 313 153 1350 128 311 298 271 440 385 526 2509 137 203 2576
internal_value=-0.000125408 -0.000306427 8.56172e-05 0.00173779 0.00218324 -0.000917663 -0.00447659 -0.00130268 0.00206053 -0.00200584 0.00287031 -0.00196497 0.00271916 -0.00244048
internal_weight=2907.42 2868.44 2620.94 998.274 956.604 1622.67 247.497 1528.73 243.565 185.945 860.381 1285.16 111.42 1173.74
internal_count=9834 9600 8650 3261 3133 5389 950 5091 825 679 2822 4266 340 3926
is_linear=0
shrinkage=0.025


Tree=309
num_leaves=15
num_cat=0
split_feature=5 33 37 19 31 21 15 23 8 36 21 29 35 52
split_gain=9.10369 7.68267 7.17994 6.03281 5.44877 5.28052 5.11272 4.8571 5.03048 4.90359 4.56684 4.51705 4.72517 5.48318
threshold=5.2885208323790431 -93.499999999999986 -11.499999999999998 -0.020005474037913248 0.045360852093751958 0.0032155982301633507 0.018738186374852053 -0.025225275700462346 145.74256752254226 55.250000000000007 0.0083584177915762021 -0.10393794016667744 -3.6999999999999971 1.0972885388431275
decision_type=2 2 2 2 2 2 2 2 2 2 2 2 2 2
left_child=1 5 10 4 7 6 -1 8 -4 -10 -3 -5 13 -13
right_child=-2 2 3 11 -6 -7 -8 -9 9 -11 -12 12 -14 -15
leaf_value=-0.0026284140064616671 0.007844230434105327 -0.0082432215402887168 -0.0091362299150348734 -0.0064642116484397473 0.0017897296799613543 0.0074303307860713085 0.0063004916559744996 -0.010713797151099597 0.0022749234262299145 -0.0061836041315143416 0 0.0034417322099557866 -0.00042230335985041158 -0.0031705009697548417
leaf_weight=108.16705004870892 81.444620080292225 122.33274907618761 55.743644379079342 57.661008819937706 92.429629109799862 117.11959083378315 56.421061128377914 67.574399836361408 115.40994969755411 60.477506302297115 67.822287403047085 455.11035245656967 1359.7923095598817 86.520861700177193
leaf_count=348 456 645 193 210 315 383 179 220 397 233 270 1443 4280 262
internal_value=-0.000134349 -0.000386873 -0.000831085 -0.000436006 -0.00325011 0.00347714 0.000380528 -0.004893 -0.00289874 -0.000585798 -0.0054507 0.000120667 0.000349898 0.00232041
internal_weight=2904.03 2822.58 2540.87 2350.72 391.635 281.708 164.588 299.206 231.631 175.887 190.155 1959.08 1901.42 541.631
internal_count=9834 9378 8468 7553 1358 910 527 1043 823 630 915 6195 5985 1705
is_linear=0
shrinkage=0.025


Tree=310
num_leaves=15
num_cat=0
split_feature=26 56 56 8 36 48 32 54 56 56 30 36 4 30
split_gain=3.71597 5.26332 4.47151 5.96782 5.57574 7.21946 7.94782 6.69183 6.59143 10.7618 5.82803 5.5163 5.23107 5.09176
threshold=0.063795489785234458 -0.44613397192768528 -1.5532144673676658 229.4104847184382 50.850000000000009 16.500000000000004 0.95120616651808143 -0.47839934067590989 -0.10536051565782634 0.71710320559262108 1.5090362260485526 51.850000000000009 23.285642618910654 1.4282972181190408
decision_type=2 2 2 2 2 2 2 2 2 2 2 2 2 2
left_child=1 -1 -2 4 5 6 -4 -8 13 -10 11 12 -6 -9
right_child=2 -3 3 -5 10 -7 7 8 9 -11 -12 -13 -14 -15
leaf_value=0.013517057224077637 -0.0037685456468369767 -0.0006631633435363435 -0.0065060744457915327 -0.0060514041011501887 -0.012399497703655865 -0.0040710963081639654 -0.0018766495728497201 0.010239304104057359 0.020638672165361048 -0.00081561054896886552 -0.0081621127473972509 0.0017343322812432634 0.0036505685371716473 0
leaf_weight=27.993411786854267 136.45412121154368 25.384965822100639 21.630746720358729 63.389949008822441 30.275850843638182 44.799681913107634 31.936578385531902 53.647490426898003 53.813185770064592 16.041094843298197 43.180541062727571 488.15864685550332 13.829950381070374 55.620301824063063
leaf_count=130 1294 150 198 786 264 398 290 380 456 160 560 4100 120 548
internal_value=0.000702721 0.00686596 0.000335618 0.000991058 0.00157581 0.00445524 0.00625311 0.00779677 0.00966139 0.0156526 0.000117812 0.00090577 -0.00699842 0.00509514
internal_weight=1106.16 53.3784 1052.78 916.324 852.934 277.489 232.689 211.059 179.122 69.8543 575.445 532.264 44.1058 109.268
internal_count=9834 280 9554 8260 7474 2430 2032 1834 1544 616 5044 4484 384 928
is_linear=0
shrinkage=0.025


Tree=311
num_leaves=15
num_cat=0
split_feature=5 27 33 19 46 29 56 33 29 6 19 9 30 24
split_gain=8.89825 7.92774 7.41206 6.97109 7.91507 6.98586 5.99678 5.5165 5.36092 5.14444 4.93618 5.52152 5.67708 5.47851
threshold=-5.2125823043413932 0.065711283884424224 92.500000000000014 0.020001600656787404 51.500000000000007 0.019718402193709701 0.54856595174883782 -44.499999999999993 0.10487320901186865 14.208970214048451 -0.048804862672607793 -0.017578369906103897 1.496732807696765 0.08679018236350132
decision_type=2 2 2 2 2 2 2 2 2 2 2 2 2 2
left_child=1 -1 3 4 7 9 -4 -2 10 -5 -6 12 13 -12
right_child=2 -3 6 5 8 -7 -8 -9 -10 -11 11 -13 -14 -15
leaf_value=-0.00043788084990020385 -0.014309546527543819 0.014125871529267794 0.0053107425528307467 0.00030969003591603761 0.0087022311108906 -0.0091839395899594219 -0.0030121057403752309 -0.00034675936604632778 -0.0064624778915706718 -0.0063157215562143322 0.0018702015558563351 0.0013153607855575606 0.0030091921187342021 -0.0034933426325134869
leaf_weight=36.757423005998135 36.367358706891537 45.879350267350674 224.21205267310143 223.0933823287487 38.268852442502975 105.96323949098587 63.079528383910656 38.042837075889111 70.040811233222485 99.372002989053726 141.86768707633018 1094.232177041471 142.7845112606883 544.6225044131279
leaf_count=184 121 284 710 705 132 557 218 124 300 331 433 3478 472 1785
internal_value=-0.00012545 0.00770716 -0.000376887 -0.000818088 -0.000210795 -0.00370909 0.00337753 -0.00795708 7.9456e-05 -0.00172093 0.000341568 0.000140135 -0.0013792 -0.00234327
internal_weight=2904.58 82.6368 2821.95 2534.66 2106.23 428.429 287.292 74.4102 2031.82 322.465 1961.78 1923.51 829.275 686.49
internal_count=9834 468 9366 8438 6845 1593 928 245 6600 1036 6300 6168 2690 2218
is_linear=0
shrinkage=0.025


Tree=312
num_leaves=15
num_cat=0
split_feature=5 27 33 19 46 33 29 21 52 6 29 19 33 32
split_gain=8.7917 7.61612 7.35574 6.74896 6.78968 7.81963 6.62715 5.12457 4.94036 4.85518 4.78201 4.75657 4.62746 4.07279
threshold=5.2885208323790431 -0.066461690424536937 -93.499999999999986 -0.020005474037913248 51.500000000000007 36.500000000000007 -0.021972194495802799 0.0032155982301633507 0.94921803964357154 14.208970214048451 -0.10393794016667744 0.042504554883953508 13.500000000000002 0.99081674034222633
decision_type=2 2 2 2 2 2 2 2 2 2 2 2 2 2
left_child=2 -2 7 6 5 -5 13 8 -1 12 -6 -12 -8 -4
right_child=1 -3 3 4 10 -7 9 -9 -10 -11 11 -13 -14 -15
leaf_value=-0.0039099335531189838 0.014045518229847231 -0.0003720916194729242 -0.00062909696499094771 0.00052180910827085238 -0.0060847253197627554 -0.014578453737684941 -0.0025995848945986658 0.0073003159238529437 0.0044877816245734265 -0.0061814620926889143 3.9463936203798789e-05 0.0064831878530335219 0.0045147783184252858 -0.012545942783078967
leaf_weight=78.164588704705238 45.137083306908607 35.713354676961899 30.65594057738781 35.734323523938656 71.159027360379696 38.368475787341595 136.65126232802868 116.8963748216629 86.211102858185768 102.92584383487701 1895.6029912978411 69.788862332701683 90.209958031773567 67.34593852609396
leaf_count=257 276 180 164 117 306 129 425 383 270 344 6086 236 295 366
internal_value=-0.0001332 0.00773499 -0.000380949 -0.000815871 -0.000219564 -0.00740795 -0.00366368 0.00340253 0.000349327 -0.00180868 4.72527e-05 0.000296832 0.000157928 -0.00927244
internal_weight=2900.57 80.8504 2819.71 2538.44 2110.65 74.1028 427.789 281.272 164.376 329.787 2036.55 1965.39 226.861 98.0019
internal_count=9834 456 9378 8468 6874 246 1594 910 527 1064 6628 6322 720 530
is_linear=0
shrinkage=0.025


Tree=313
num_leaves=15
num_cat=0
split_feature=24 24 8 8 8 46 34 2 8 46 36 46 50 46
split_gain=3.69469 8.55955 5.72366 4.51509 6.14718 6.8076 7.53577 6.06285 5.76622 7.36809 6.82805 6.07766 5.98323 9.3822
threshold=0.19289394726272183 0.20530765907788162 148.19070808267969 148.65009847889783 146.03514078444644 147.50000000000003 355.50000000000006 0.085572299049254813 151.98442467114697 114.50000000000001 46.750000000000007 138.50000000000003 59.500000000000007 133.50000000000003
decision_type=2 2 2 2 2 2 2 2 2 2 2 2 2 2
left_child=3 -2 -3 4 -1 6 7 -6 9 -5 -10 -11 13 -12
right_child=1 2 -4 8 5 -7 -8 -9 10 11 12 -13 -14 -15
leaf_value=0.0020970537648692875 -0.012626221278767122 0.01200741572898398 -0.0055851719928478021 0.0094516428798063941 -0.0076759984823586563 0.010942572896457727 0.0087510223642599944 0.0019107090998937858 0.0085063366700105347 -0.003105519509438126 -0.0019723139139583928 0.0093777813146861191 -0.010412853735965668 0.013999949463813485
leaf_weight=273.56662924215198 35.460046011954546 18.609072510153055 16.259996674954891 131.03714103251696 183.94017744623125 14.205931123346089 19.364080360159278 45.572005661204457 45.520967597141862 76.91676239669323 159.68055365793407 29.400535490363836 35.147919666022062 21.664631098508835
leaf_count=2306 418 182 198 1042 1596 114 162 468 404 674 1490 244 346 190
internal_value=0.000694588 -0.00459469 0.00350505 0.00109801 -0.000454416 -0.00319045 -0.00429526 -0.0056657 0.00280386 0.00558678 0.000131812 0.000388139 -0.00166846 0.000126119
internal_weight=1106.35 70.3291 34.8691 1036.02 536.649 263.082 248.876 229.512 499.369 237.354 262.014 106.317 216.493 181.345
internal_count=9834 798 380 9036 4646 2340 2226 2064 4390 1960 2430 918 2026 1680
is_linear=0
shrinkage=0.025


Tree=314
num_leaves=15
num_cat=0
split_feature=15 25 17 41 9 56 39 52 17 30 7 19 10 54
split_gain=8.72743 7.17676 6.59882 8.20458 6.45627 7.09685 6.13075 6.31161 7.07542 6.04873 5.96574 5.34718 4.43504 5.08784
threshold=-0.089016316215498728 0.032603960168680307 0.009147942482486451 -108.49999999999999 0.032763775441255208 0.074064758809413808 -6.4999999999999991 0.65751879699248128 -0.019176314340871397 1.5090362260485526 1.0676062982917716 0.0029538635858879004 2.1648870696375995 -0.035590497464108542
decision_type=2 2 2 2 2 2 2 2 2 2 2 2 2 2
left_child=-1 2 3 -2 -3 -6 7 8 -5 12 -10 -8 -4 -14
right_child=1 4 9 6 5 -7 11 -9 10 -11 -12 -13 13 -15
leaf_value=0.010991539740326279 -0.0061479846464902854 -0.0089311169540438745 -0.0030786154704171027 0.0061878000804530897 0.0027989386253931634 -0.0089040349405391135 0.0021304823722373915 0.0083512245252898836 -0.0097533394441863819 0.0035826976738048254 0.002558973923730458 -0.0011846427098035832 0.0056807863372192622 -0.0029973477942766722
leaf_weight=38.375144802033901 86.670328915119171 104.18224041908979 722.42381311953068 83.430077746510506 100.87367153167725 41.176834553480148 690.86200752109289 146.1103518307209 44.027324169874191 119.86644718796015 41.344426065683365 526.01524720340967 81.789189286530018 74.097344219684601
leaf_count=234 259 427 2552 306 355 168 2242 455 128 429 120 1562 309 288
internal_value=-0.00012384 -0.000300456 7.75386e-05 0.00107143 -0.00433839 -0.000610853 0.00151486 0.00460926 0.0010794 -0.00150637 -0.00370233 0.000678021 -0.00224554 0.00143547
internal_weight=2901.24 2862.87 2616.64 1618.46 246.233 142.051 1531.79 314.912 168.802 998.177 85.3718 1216.88 878.31 155.887
internal_count=9834 9600 8650 5072 950 523 4813 1009 554 3578 248 3804 3149 597
is_linear=0
shrinkage=0.025


Tree=315
num_leaves=15
num_cat=0
split_feature=37 25 56 9 29 5 38 20 9 56 24 12 37 21
split_gain=8.70551 5.67638 7.42081 8.42259 6.20775 5.19072 4.72414 7.40667 4.38935 5.11491 6.09517 5.68516 6.83583 5.46168
threshold=11.500000000000002 -0.032747413441174496 0.2571999666566902 -0.032651983669084096 -0.10393794016667744 3.7951902441914229 382.50000000000006 0.092390932057190553 0.016821180485163203 0.70067120833699859 0.08679018236350132 0.17411018753058441 -1.0000000180025095e-35 0.0061911079690230011
decision_type=2 2 2 2 2 2 2 2 2 2 2 2 2 2
left_child=1 2 3 -1 -3 8 7 -2 -6 10 -10 12 -12 -11
right_child=6 4 -4 -5 5 -7 -8 -9 9 13 11 -13 -14 -15
leaf_value=0.0028260215055122945 -0.0018708559235538179 -0.0065582288132923694 -0.011799134169650083 -0.0079309694271214263 0.00075702787698837478 0.0053297355578946215 -0.002161115521778046 0.008609342073717061 0.0023181593122097353 -0.0028453563020130169 -0.0077152468696386357 0 -0.0014749535146767246 0.0076453229679440465
leaf_weight=105.80953611433506 50.357347741723061 87.189370386302471 56.589859753847122 70.615181490778923 1252.5570126548409 106.11067248880863 49.647891953587532 153.77545509487391 146.55952014029026 45.615304730832577 235.58996095508337 239.50916659086943 228.76028046011925 68.695100486278534
leaf_count=377 157 385 257 278 3952 458 201 643 442 165 789 829 684 217
internal_value=-0.000132937 -0.000568648 -0.00425713 -0.00144165 -0.000193685 4.79887e-05 0.00423249 0.00592153 -0.000204948 -0.00147717 -0.00216486 -0.00314336 -0.00474272 0.0033057
internal_weight=2897.38 2643.6 233.015 176.425 2410.59 2323.4 253.781 204.133 2217.29 964.729 850.419 703.859 464.35 114.31
internal_count=9834 8833 912 655 7921 7536 1001 800 7078 3126 2744 2302 1473 382
is_linear=0
shrinkage=0.025


Tree=316
num_leaves=15
num_cat=0
split_feature=44 46 22 54 42 24 3 56 46 46 6 52 32 6
split_gain=3.64821 7.15298 7.93213 7.21583 10.829 8.03058 6.85705 7.03382 13.0075 12.0396 10.4927 8.08485 6.26988 6.02541
threshold=32.500000000000007 150.50000000000003 0.11469323640513356 -0.27017260477431754 34.000000000000007 0.084255129459195166 0.98384573403168396 0.41995261633994513 121.50000000000001 124.50000000000001 16.33295252447126 0.70295210370561001 1.067787843806465 10.624742763033881
decision_type=2 2 2 2 2 2 2 2 2 2 2 2 2 2
left_child=1 2 3 4 -1 -5 -4 8 -8 -10 11 -9 -2 -11
right_child=12 -3 6 5 -6 -7 7 10 9 13 -12 -13 -14 -15
leaf_value=0.0010155632836566608 -0.0037035571748418117 0.015054526204980734 -0.0047032095644881818 -0.0031557483920631362 0.021095844161699392 0.0059393450491112606 -0.0041824433729068843 0.021619577441776408 0.026426586843902408 -0.0095992544037996029 -0.0050019979751547931 0 0.0052416042648797487 0.0062210837797747245
leaf_weight=37.848021734505892 220.02180610410869 19.075891368091106 177.1785094756633 100.08456114307046 30.853250592947006 133.31165643781424 185.53385190665722 29.032616255804896 12.123590754345058 14.215593956410883 19.470478650182486 14.29886072129011 56.121532838791609 57.218173583969474
leaf_count=254 2020 136 1776 608 182 910 1972 260 116 128 274 138 432 628
internal_value=0.000690547 0.00153305 0.00109416 0.00428115 0.0111921 0.00194995 -0.000771698 0.00129155 -0.000426026 0.00739777 0.00850839 0.0149858 -0.00173579 0.0023237
internal_weight=1106.39 830.245 811.169 302.097 68.7013 233.396 509.072 331.893 269.091 83.5574 62.802 43.3315 276.143 71.4338
internal_count=9834 7382 7246 1954 436 1518 5292 3516 2844 872 672 398 2452 756
is_linear=0
shrinkage=0.025


Tree=317
num_leaves=15
num_cat=0
split_feature=15 25 9 9 19 27 24 36 27 21 36 13 55 31
split_gain=8.50087 6.8727 6.41487 6.28243 6.25043 6.25795 5.8999 8.38953 5.80619 5.46684 4.51462 4.20275 5.05436 5.01138
threshold=-0.089016316215498728 0.032603960168680307 -0.017086653771434295 0.032763775441255208 -0.039680312572874944 -0.31035182272512818 0.08679018236350132 62.45000000000001 0.36853423742546015 -0.040592352115797294 49.750000000000007 -0.024100654080762545 -0.35642612581963867 0.028297496478233403
decision_type=2 2 2 2 2 2 2 2 2 2 2 2 2 2
left_child=-1 2 4 -3 -2 -6 10 11 9 -4 -7 12 -8 -13
right_child=1 3 8 -5 5 6 7 -9 -10 -11 -12 13 -14 -15
leaf_value=0.010892923792931603 0.0048109219702327614 -0.0087959159801183923 0.0077042201816753548 -0.00057549799134894543 -0.0084587709946770864 0.0078912902029718776 0.0076682344205795897 0.0063215031140954996 0.0072465042559651336 0.00035710470924412352 -0.00017906581092507937 -0.0051309050507424084 -0.0027909086091812761 0.00011345278688387341
leaf_weight=38.019569173455238 86.912323608994484 103.72428555041552 62.133821591734886 141.83114625513554 81.001245774328709 62.240639954805374 42.52502217143774 58.960756093263626 87.232506409287453 1366.5608717426658 105.19161369651556 457.77414980530739 65.219569191336632 138.5476523861289
leaf_count=234 304 427 210 523 305 187 154 199 285 4458 326 1516 232 474
internal_value=-0.000122855 -0.000296783 7.27638e-05 -0.00425387 -0.00136833 -0.00194495 -0.00130898 -0.00225953 0.00113442 0.000719822 0.00281782 -0.0030529 0.0012724 -0.00388006
internal_weight=2897.88 2859.86 2614.3 245.555 1098.37 1011.46 930.459 763.027 1515.93 1428.69 167.432 704.066 107.745 596.322
internal_count=9834 9600 8650 950 3697 3393 3088 2575 4953 4668 513 2376 386 1990
is_linear=0
shrinkage=0.025


Tree=318
num_leaves=15
num_cat=0
split_feature=15 25 29 41 19 51 44 56 37 22 41 41 51 19
split_gain=8.49536 6.99281 5.99629 7.96531 6.93998 9.43434 6.69064 5.41303 5.39696 5.05285 5.04573 5.74673 5.36373 6.36267
threshold=0.089628504167452758 -0.032747413441174496 -1.0000000180025095e-35 -123.49999999999999 0.020001600656787404 0.25000000000000011 32.500000000000007 0.2571999666566902 -6.4999999999999991 0.14012522320888152 108.50000000000001 6.5000000000000009 -0.43115816267499707 -0.0069414341554688485
decision_type=2 2 2 2 2 2 2 2 2 2 2 2 2 2
left_child=1 7 3 -3 10 -6 -5 -1 -8 -10 11 -4 -13 -14
right_child=-2 2 4 6 5 -7 8 -9 9 -11 -12 12 13 -15
leaf_value=-0.0019010504580708064 0.010892627648275725 0.0063720624905247757 -0.00013038981201998439 -0.0027646475771365029 0.0079513778508499156 -0.0042985834038296858 -0.003487244270044201 -0.010668725206133226 0.00044256705903282382 0.0082339903962893694 -0.0058830269118537821 0.0094553095526529844 0.0072579639088052291 -0.0023645179709419809
leaf_weight=181.81619714945555 37.900217682123184 76.703997910022736 788.6706695780158 897.51138760149479 172.47804825007915 44.10604165494442 92.258442617952824 59.491240136325359 148.35458239912987 82.518739223480225 68.255031898617744 77.932387463748455 65.470419451594353 100.72438223659992
leaf_count=670 228 250 2449 3108 655 150 372 267 452 261 205 249 198 320
internal_value=-0.000134438 -0.000308273 6.14996e-05 -0.0011327 0.00125605 0.00530322 -0.00164876 -0.0043368 0.00136937 0.00344888 0.000416967 0.000883746 0.0041972 0.00138138
internal_weight=2894.19 2856.29 2614.98 1297.35 1317.64 216.584 1220.64 241.307 323.132 230.873 1101.05 1032.8 244.127 166.195
internal_count=9834 9606 8669 4443 4226 805 4193 937 1085 713 3421 3216 767 518
is_linear=0
shrinkage=0.025


Tree=319
num_leaves=15
num_cat=0
split_feature=26 56 56 8 44 40 44 40 18 4 12 12 6 38
split_gain=3.57345 5.01945 4.35605 5.69458 5.40556 5.20555 4.97669 8.56592 5.91603 4.51794 7.42989 7.35159 9.70532 9.5167
threshold=0.063795489785234458 -0.44613397192768528 -1.5532144673676658 228.98520374514348 10.500000000000002 119.50000000000001 13.500000000000002 65.500000000000014 0.14295457145509241 22.713328678222304 0.070105252498854562 0.091571980468980421 8.549744916583121 367.00000000000006
decision_type=2 2 2 2 2 2 2 2 2 2 2 2 2 2
left_child=1 -1 -2 4 5 -4 -6 9 -9 -8 -11 -12 13 -13
right_child=2 -3 3 -5 6 -7 7 8 -10 10 11 12 -14 -15
leaf_value=0.013172016867544526 -0.0037287530771325408 -0.00063609766565401072 0.013497418285137612 -0.0057697641626760898 -0.0067597532394310213 -0.00089447180550644148 -0.0064341338550021557 0 0.018913925793298859 0.010699271772946295 -0.005992506265474597 -0.0027436014529002122 0 0.012609363483178466
leaf_weight=28.269641794264317 136.06677860952914 25.343992330133915 38.667921971529722 65.902348620817065 43.098284859210253 18.810983389616013 44.461535099893808 13.86303226649761 23.67080794647336 44.474760428071022 85.343611791729927 30.477629937231541 429.19042654149234 78.598858043551445
leaf_count=130 1294 150 312 818 394 174 318 112 236 224 588 220 4378 486
internal_value=0.000689251 0.00672073 0.00032809 0.000974434 0.0015568 0.00869263 0.000957159 0.00147549 0.0124181 0.00078173 0.00134332 0.000556507 0.00168648 0.00816813
internal_weight=1106.24 53.6136 1052.63 916.56 850.658 57.4789 793.179 750.081 37.5338 712.547 668.085 623.611 538.267 109.076
internal_count=9834 280 9554 8260 7442 486 6956 6562 348 6214 5896 5672 5084 706
is_linear=0
shrinkage=0.025


Tree=320
num_leaves=15
num_cat=0
split_feature=15 43 25 51 41 29 27 56 11 23 33 41 27 9
split_gain=8.26194 6.70911 6.60262 6.23791 8.21576 7.64202 5.96619 6.12476 7.82598 7.61844 6.5214 6.84063 5.76941 5.42949
threshold=-0.089016316215498728 1.0000000180025095e-35 -0.033421422680923692 0.42841000807102497 -6.4999999999999991 0.0080423237162087022 0.37835871790126469 -0.35580989181984096 -0.015351401698275599 0.013187374997169552 -49.499999999999993 6.5000000000000009 0.020254075948682854 -0.071899537869938634
decision_type=2 2 2 2 2 2 2 2 2 2 2 2 2 2
left_child=-1 2 -2 5 -5 -3 7 10 9 -9 11 -4 -6 -7
right_child=1 3 6 4 12 13 -8 8 -10 -11 -12 -13 -14 -15
leaf_value=0.010786428290783209 0.0056511488380214595 -0.0005021851599093935 0.001156989561216401 0.0063957343352180583 0.002808947983427307 -0.011477888986804987 0.0066204211169489883 0.0057761613899161004 -0.0038074558844604887 -0.0045495617486855074 0.002625409884450021 -0.010356188092405643 -0.0060819778846060418 -0.0035955132835383818
leaf_weight=37.647811889648438 154.25071448087692 566.73406285792589 69.020369783043861 122.87159552425146 77.901598297059536 65.864915035665035 81.247481130063534 124.46111311018467 434.08077276498079 61.292745009064674 556.16912315785885 49.458533488214016 91.671002067625523 402.1008070781827
leaf_count=234 538 1792 238 395 248 249 262 437 1484 179 1790 177 301 1510
internal_value=-0.000121099 -0.000292153 0.000824314 -0.00159629 0.00155575 -0.00251441 0.000246505 -0.000158246 -0.00196147 0.002208 0.00146393 -0.00367141 -0.00189082 -0.00486741
internal_weight=2894.77 2857.12 1529.98 1327.14 292.444 1034.7 1375.73 1294.48 619.835 185.754 674.648 118.479 169.573 467.966
internal_count=9834 9600 5105 4495 944 3551 4567 4305 2100 616 2205 415 549 1759
is_linear=0
shrinkage=0.025


Tree=321
num_leaves=15
num_cat=0
split_feature=37 19 41 39 51 9 51 25 28 21 38 20 52 13
split_gain=8.18393 5.54272 5.9974 7.97179 9.09946 5.91332 6.5727 5.50052 5.09071 4.74615 4.62512 7.12223 4.54077 4.17162
threshold=11.500000000000002 0.042504554883953508 -108.49999999999999 -6.4999999999999991 0.43467853839037934 -0.071899537869938634 -0.34992378048780476 -0.024116177754034598 12.789855502612884 -0.016936304922099046 382.50000000000006 0.092390932057190553 0.96457516339869287 0.0084235369363751516
decision_type=2 2 2 2 2 2 2 2 2 2 2 2 2 2
left_child=1 2 -1 4 9 6 -5 12 -8 -4 11 -2 -7 -13
right_child=10 -3 3 5 -6 7 8 -9 -10 -11 -12 13 -14 -15
leaf_value=0.0041481250105164322 -0.0018359968115741713 0.0055877902562981559 -0.0061851224039898151 0.011133909963845969 -0.010004821979282966 -0.0062644202902455122 -0.0026131493521810412 -0.00028891240150105723 0.0054225706421895652 0 -0.0022167480161719927 0 0.0020762361618091763 0.010387645842994321
leaf_weight=139.07719756662846 50.363113820552826 82.822452291846275 107.46532344073057 48.077600590884686 114.06146159768105 178.98863640427589 101.96930081397295 1474.3561186045408 84.016413666307926 262.88244344294071 49.527806363999844 29.317913874983788 44.517853535711765 123.30639008432627
leaf_count=454 157 277 394 155 407 706 338 4810 277 860 201 85 155 558
internal_value=-0.000133174 -0.000555765 -0.000775168 -0.00107684 -0.003932 -0.000339736 0.00332185 -0.000867466 0.000932902 -0.0018867 0.00410996 0.00579002 -0.00448465 0.00844348
internal_weight=2890.75 2638.23 2555.41 2416.34 484.409 1931.93 234.063 1697.86 185.986 370.348 252.515 202.987 223.506 152.624
internal_count=9834 8833 8556 8102 1661 6441 770 5671 615 1254 1001 800 861 643
is_linear=0
shrinkage=0.025


Tree=322
num_leaves=15
num_cat=0
split_feature=24 26 28 44 34 52 52 50 34 6 56 44 6 50
split_gain=3.54673 10.6069 6.52976 4.20838 5.86176 9.0974 5.78038 5.10951 4.75092 10.5421 13.2756 11.8116 9.50622 8.05688
threshold=0.19289394726272183 0.2087861026566448 12.735653220219307 32.500000000000007 136.50000000000003 0.80392996239591741 0.99647596743615485 35.500000000000007 53.500000000000007 15.049534376922269 -0.79572590803215915 29.500000000000004 14.11198953703566 73.500000000000014
decision_type=2 2 2 2 2 2 2 2 2 2 2 2 2 2
left_child=3 -2 -3 8 5 7 -6 -5 9 11 -11 -1 13 -10
right_child=1 2 -4 4 6 -7 -8 -9 12 10 -12 -13 -14 -15
leaf_value=-0.0047887119227556819 -0.012212270383106093 0.016009077612177215 -0.0042804933848235808 0.0007533440069642216 -0.012740691280911588 0.013780403281587264 -0.00024180512038097639 -0.01082267917428084 0.0013772014566231143 0.031287678982653493 0.0014229642628928801 0.015372795314408411 -0.0044579231975311875 0.01037475441230145
leaf_weight=57.33733663149178 41.390765519812703 14.382580710574986 14.108175504952667 122.16739473864436 42.495664039626718 24.845389392226934 53.753725897520781 23.682888343930244 444.09789394401014 15.513718321919439 21.401686424389482 20.420287473127246 140.59072513133287 70.073799427598715
leaf_count=470 500 142 156 1020 400 212 506 218 3380 166 238 168 1758 500
internal_value=0.000683267 -0.00451422 0.00607645 0.00107772 -0.00155428 0.0011193 -0.00636384 -0.00125704 0.00202728 0.00665698 0.0168052 0.000812799 0.00113425 0.00273969
internal_weight=1106.26 69.8815 28.4908 1036.38 266.945 170.696 96.2494 145.85 769.435 114.673 36.9154 77.7576 654.762 514.172
internal_count=9834 798 298 9036 2356 1450 906 1238 6680 1042 404 638 5638 3880
is_linear=0
shrinkage=0.025


Tree=323
num_leaves=15
num_cat=0
split_feature=15 25 29 9 56 43 46 18 35 9 38 21 10 21
split_gain=8.04661 6.58436 6.0833 6.08033 6.77403 5.32532 6.61305 5.9213 7.76549 5.70727 8.19184 5.84504 5.4795 6.17073
threshold=-0.089016316215498728 0.032603960168680307 0.10487320901186865 0.032763775441255208 0.074064758809413808 -1.0000000180025095e-35 51.500000000000007 0.09844691862713377 1.1499999999999988 -0.010972780133169949 372.00000000000006 0.00095512962240490017 2.1183858505752409 0.0051464090643890013
decision_type=2 2 2 2 2 2 2 2 2 2 2 2 2 2
left_child=-1 2 5 -3 -5 7 -7 8 -2 12 -11 -12 -9 -14
right_child=1 3 -4 4 -6 6 -8 9 -10 10 11 -13 13 -15
leaf_value=0.010688103665930968 -0.0056649702893654718 -0.0086555477736076185 -0.0062477020873791802 0.0027718022045615156 -0.0087005017455137421 -0.0089880766863406122 -0.00036704632244934587 0.0029470615155860261 0.0023577335855042812 0.0091263925488620293 0.0053803021863071537 -0.0011474401431370155 -0.0051498839860201727 0.0046790536320752314
leaf_weight=37.303635656833649 141.49075880646706 103.06547027081251 86.489042021334171 100.70671855658293 40.782695427536964 53.747306108474731 1269.9644599556923 236.97363178431988 146.10963535308838 152.51009676605463 158.65708786249161 166.92515848577023 149.58741715550423 47.004932940006256
leaf_count=234 435 427 381 355 168 174 4162 777 440 504 526 553 524 174
internal_value=-0.000120377 -0.000288839 7.26366e-05 -0.00417023 -0.000548397 0.00031112 -0.000768411 0.00152168 -0.00153311 0.00251575 0.00438995 0.00199119 0.000365596 -0.00261802
internal_weight=2891.32 2854.01 2609.46 244.555 141.489 2522.97 1323.71 1199.26 287.6 911.658 478.092 325.582 433.566 196.592
internal_count=9834 9600 8650 950 523 8269 4336 3933 875 3058 1583 1079 1475 698
is_linear=0
shrinkage=0.025


Tree=324
num_leaves=15
num_cat=0
split_feature=15 25 9 10 43 53 21 35 36 10 6 9 4 29
split_gain=8.17132 6.59159 6.18452 6.02391 6.71318 6.70522 6.63603 5.84175 5.72605 5.98948 5.76812 5.72269 4.9923 4.86955
threshold=0.089628504167452758 -0.032747413441174496 0.016821180485163203 1.9693587229288891 1.0000000180025095e-35 1.0000000180025095e-35 -0.0090160265133035471 0.90000000000000047 62.350000000000009 1.9693587229288891 10.8768721307448 -0.071899537869938634 22.991241801746401 -0.043536287112824444
decision_type=2 2 2 2 2 2 2 2 2 2 2 2 2 2
left_child=1 11 3 7 5 13 -6 -3 9 -4 -10 -1 -13 -5
right_child=-2 2 8 4 6 -7 -8 -9 10 -11 -12 12 -14 -15
leaf_value=0.00082758631354701642 0.010749886608253635 0.0011084430845612933 0.0025129092450071845 -0.010359149318900215 0 0.002003925706604561 0.0056189092187943828 -0.0066284913030214554 -0.0015859394683670446 -0.0027250176016044444 0.010498672543491846 0.0013295509093170653 -0.0090869150499716285 -0.0012725880110069279
leaf_weight=82.564446866512299 37.382893890142441 118.55856359750032 152.99630967527628 42.47545088082552 194.17882292717695 439.01370937377214 388.44403589516878 109.36705583333969 41.347842335700989 861.36478623747826 44.069562748074532 30.140913799405098 127.55108871310949 218.6528438180685
leaf_count=297 228 368 468 161 642 1458 1280 341 131 2952 163 100 540 705
internal_value=-0.000131203 -0.000301218 5.73873e-05 0.0011033 0.0017809 8.98362e-05 0.00375247 -0.00255929 -0.00135518 -0.001902 0.00460819 -0.00422126 -0.0069626 -0.00301142
internal_weight=2888.11 2850.73 2610.47 1510.69 1282.76 700.142 582.623 227.926 1099.78 1014.36 85.4174 240.256 157.692 261.128
internal_count=9834 9606 8669 4955 4246 2324 1922 709 3714 3420 294 937 640 866
is_linear=0
shrinkage=0.025


Tree=325
num_leaves=15
num_cat=0
split_feature=24 24 8 8 8 46 34 2 56 8 46 36 44 14
split_gain=3.44317 8.28074 5.40465 4.40511 5.8866 6.56569 7.31424 5.98037 5.55695 5.42245 7.03831 6.61292 6.12321 7.44288
threshold=0.19289394726272183 0.20530765907788162 148.19070808267969 148.65009847889783 146.03514078444644 147.50000000000003 355.50000000000006 0.085572299049254813 0.90980285163094698 151.98442467114697 114.50000000000001 46.750000000000007 34.500000000000007 0.072457878184237309
decision_type=2 2 2 2 2 2 2 2 2 2 2 2 2 2
left_child=3 -2 -3 4 8 6 7 -6 -1 10 12 -11 13 -5
right_child=1 2 -4 9 5 -7 -8 -9 -10 11 -12 -13 -14 -15
leaf_value=0.0032670579629890139 -0.012488628990106738 0.011621348103260182 -0.0054566873537738427 0 -0.0076142600771833494 0.010651897947114576 0.0085547249075723416 0.0019109524234211591 -0.0079165446198715284 0.0083664030605920797 0.00034938916618472437 -0.0016303134485514108 -0.0026775589844006361 0.01474268506279377
leaf_weight=248.93371903710067 34.623928476125002 18.886428823694587 16.05155137181282 27.453529521822929 182.89339833706617 14.3772113956511 19.512381976470351 45.558234779164195 25.359960963949561 45.742056556046009 106.44526149705052 215.89544528350234 18.078895715996623 86.552710678428411
leaf_count=2064 418 182 198 142 1596 114 162 468 242 404 918 2026 154 746
internal_value=0.000677325 -0.00445439 0.00344837 0.00106535 -0.000468367 -0.0031531 -0.00424708 -0.00560739 0.00202035 0.00274872 0.00543738 0.000147765 0.00919304 0.0113189
internal_weight=1106.36 69.5619 34.938 1036.8 536.635 262.341 247.964 228.452 274.294 500.168 238.53 261.638 132.085 114.006
internal_count=9834 798 380 9036 4646 2340 2226 2064 2306 4390 1960 2430 1042 888
is_linear=0
shrinkage=0.025


Tree=326
num_leaves=15
num_cat=0
split_feature=15 19 9 19 56 12 33 9 27 24 56 26 10 18
split_gain=7.85325 6.29707 6.82409 7.34975 10.1161 6.20146 6.16732 6.12533 6.10895 6.12909 6.15104 6.01868 6.45001 5.70229
threshold=-0.089016316215498728 -0.039680312572874944 -0.017086653771434295 -0.00018323925612719996 0.3156224474005056 0.10295776303015987 -71.499999999999986 0.025715443268084903 -0.31035182272512818 0.08679018236350132 0.70067120833699859 0.18231370250391613 1.9327454726759428 0.097910249476558117
decision_type=2 2 2 2 2 2 2 2 2 2 2 2 2 2
left_child=-1 -2 8 11 6 -6 13 -8 -3 -10 -11 12 -4 -5
right_child=1 2 3 4 5 -7 7 -9 9 10 -12 -13 -14 -15
leaf_value=0.010598238494637487 0.0051969037076096767 -0.0084870935508781012 -0.0057572572571619393 -0.013131762196467792 0.0012178741601860444 -0.008239647877137499 -0.0018124371564095304 0.0028578486434506392 0.0026897005666399717 -0.0032725152799566192 0.0033508229200564254 -0.0035977472618986713 0.0041565803917718207 -9.0925351493044239e-05
leaf_weight=36.985020212829113 119.38672778010368 83.580779023468494 38.034073710441589 33.050111129879951 52.006156951189041 154.08022951334715 267.12904576957226 471.35938812792301 168.58237163722515 698.36878106743097 92.358251571655273 80.59149694442749 537.50686229765415 55.709554277360439
leaf_count=234 419 320 115 107 175 581 902 1537 517 2377 332 268 1744 206
internal_value=-0.000120319 -0.000286388 -0.000544161 0.000425444 -0.000870026 -0.00576228 0.000346004 0.00113404 -0.0021333 -0.00151266 -0.00245129 0.00249463 0.00341443 -0.00565472
internal_weight=2888.73 2851.74 2732.36 1689.47 1033.33 206.086 827.248 738.488 1042.89 959.309 790.727 656.132 575.541 88.7597
internal_count=9834 9600 9181 5635 3508 756 2752 2439 3546 3226 2709 2127 1859 313
is_linear=0
shrinkage=0.025


Tree=327
num_leaves=15
num_cat=0
split_feature=15 25 17 41 30 9 56 53 30 27 15 46 20 30
split_gain=7.96748 6.29846 5.84793 6.48296 5.56725 5.56567 6.95009 5.33762 5.20907 5.16887 9.30154 4.68849 5.00163 5.09901
threshold=0.089628504167452758 -0.032747413441174496 0.0099138116014574514 -108.49999999999999 1.496732807696765 -0.033131121867565345 0.074064758809413808 -0.04652001563489324 1.5128536396581878 -0.25916974097756501 -0.0034125704283413994 78.500000000000014 0.092390932057190553 1.3691513736342296
decision_type=2 2 2 2 2 2 2 2 2 2 2 2 2 2
left_child=1 5 3 -3 9 6 -1 -6 11 10 -5 -4 -13 -14
right_child=-2 2 8 4 7 -7 -8 -9 -10 -11 -12 12 13 -15
leaf_value=0.002813517562723941 0.010657319405812989 0.0053350102224849439 -0.001746038385836482 -0.0023433152139326827 -0.0017589011859819007 -0.0084468119212252144 -0.0089293467292721872 0.0054728869978777359 -0.0034591914502351776 -0.0025001557750532555 0.0110191569139213 -0.00055908137961620805 0.0094303682594313338 0.0029439617157833988
leaf_weight=98.12999089807272 37.056697741150856 92.351535819470882 146.73897711187601 78.594636276364326 109.27974556386471 101.62492240220308 39.883440479636192 131.36931703239679 107.32103225588799 1143.0394954234362 46.853562384843826 175.93751865625381 94.382488451898098 483.16731864959002
leaf_count=347 228 295 479 247 376 424 166 443 351 3860 134 517 311 1656
internal_value=-0.000129177 -0.00029668 5.34168e-05 -0.000874631 -0.0012875 -0.0041337 -0.000598697 0.00211817 0.00155027 -0.00195902 0.00268684 0.0021909 0.00299702 0.00411872
internal_weight=2885.73 2848.67 2609.04 1601.49 1509.14 239.638 138.013 240.649 1007.55 1268.49 125.448 900.226 753.487 577.55
internal_count=9834 9606 8669 5355 5060 937 513 819 3314 4241 381 2963 2484 1967
is_linear=0
shrinkage=0.025


Tree=328
num_leaves=15
num_cat=0
split_feature=10 14 30 56 38 56 56 34 34 6 34 6 42 34
split_gain=3.40429 4.94282 5.63688 5.48958 4.85593 5.43548 6.02761 5.96313 6.9647 5.14444 4.83328 5.37776 6.98367 6.8914
threshold=1.9347676852218401 0.063118217244901464 1.3931508670841934 -0.98489129263089759 355.50000000000006 -1.3875453774166651 -2.2170667000936963 17.500000000000004 30.500000000000004 14.784338055330403 45.500000000000007 8.549744916583121 290.50000000000006 96.500000000000014
decision_type=2 2 2 2 2 2 2 2 2 2 2 2 2 2
left_child=1 -1 3 -3 -2 6 9 -7 -9 -6 -10 12 13 -12
right_child=4 2 -4 -5 5 7 -8 8 10 -11 11 -13 -14 -15
leaf_value=-0.002965853633442568 -0.009176374838926922 0.020360082731841228 -0.00053398419332920935 0.0032675980650061147 -0.0018986419027005757 0.013307640565271801 -0.0065873476392439949 -0.010834355067044953 0.0091938368342183874 0.013970180106129335 -0.0053256944879118903 -0.00058788045183873682 -0.0076448354548578103 0.0072448997411699205
leaf_weight=30.819976434111595 28.348544152453542 23.791893325746059 27.856090292334557 30.945640288293362 29.141939006745815 20.688613250851631 115.57997922040522 24.777840293943882 42.71793413348496 14.232281874865292 25.788205601274967 485.22823609225452 22.769146583974361 183.89937654137611
leaf_count=146 242 114 168 172 258 176 1116 266 408 156 178 5140 144 1150
internal_value=0.000670626 0.00468595 0.00783295 0.0121977 0.000165882 0.000512049 -0.00360129 0.00137142 0.000943062 0.00369732 0.00142776 0.000870507 0.00396829 0.00549444
internal_weight=1106.59 113.414 82.5936 54.7375 993.172 964.824 158.954 805.869 785.181 43.3742 760.403 717.685 232.457 209.688
internal_count=9834 600 454 286 9234 8992 1530 7462 7286 414 7020 6612 1472 1328
is_linear=0
shrinkage=0.025


Tree=329
num_leaves=15
num_cat=0
split_feature=5 27 33 19 46 29 21 6 15 33 29 33 19 9
split_gain=7.66042 7.8919 6.75253 5.97491 7.4105 6.46624 5.17338 4.95162 4.81796 4.80828 4.73782 4.63872 4.37643 4.67155
threshold=-5.2125823043413932 0.065711283884424224 92.500000000000014 0.020001600656787404 51.500000000000007 0.019718402193709701 -0.0031276985268967996 14.208970214048451 -0.018369671145383949 -47.499999999999993 0.10487320901186865 -13.499999999999998 -0.048804862672607793 -0.017578369906103897
decision_type=2 2 2 2 2 2 2 2 2 2 2 2 2 2
left_child=1 -1 3 4 9 7 -4 11 -8 -2 12 -5 -6 -14
right_child=2 -3 6 5 10 -7 8 -9 -10 -11 -12 -13 13 -15
leaf_value=-0.00087964337748366438 -0.013820656914082661 0.013836453437683747 0.0071406088496065029 0.0047927117650273547 0.0082425695943523624 -0.0088103800313407681 0.0059212524792576779 -0.006092970845860037 -0.0026728903205242883 -0.00062410348793000368 -0.0061304333423406942 -0.0023763037630774204 -0.0012740598233544321 0.0012092535216531944
leaf_weight=35.955460213124752 35.332341775298119 44.006589002907276 118.11656151711941 89.0902269333601 37.68612451851368 103.26313892751932 57.662599638104439 98.615244686603546 110.14946451038122 38.456297531723976 68.856893770396709 133.12535680830479 825.58171898126602 1090.4269576817751
leaf_count=184 118 284 387 290 132 557 185 331 356 127 300 415 2690 3478
internal_value=-0.000120028 0.00726267 -0.000351819 -0.00077471 -0.00021131 -0.00346648 0.00323924 -0.00156095 0.000221392 -0.0077364 6.92987e-05 0.000430074 0.00031566 0.000125683
internal_weight=2886.32 79.962 2806.36 2520.43 2096.34 424.094 285.929 320.831 167.812 73.7886 2022.55 222.216 1953.69 1916.01
internal_count=9834 468 9366 8438 6845 1593 928 1036 541 245 6600 705 6300 6168
is_linear=0
shrinkage=0.025


Tree=330
num_leaves=15
num_cat=0
split_feature=15 43 17 25 56 55 21 33 29 51 41 56 56 27
split_gain=7.75103 6.19623 6.14625 6.07874 5.33145 7.89221 5.87956 4.55397 4.43684 4.32465 8.16433 6.3499 6.69391 6.34641
threshold=0.089628504167452758 -1.0000000180025095e-35 -0.046895253480776146 0.033194507059910956 0.10810111135216401 0.23221725228149667 -0.0009332451603981999 93.500000000000014 -0.085370685026334436 -0.47357679914070888 6.5000000000000009 -0.64838252314721001 -1.5883307358099312 -0.083701760447538687
decision_type=2 2 2 2 2 2 2 2 2 2 2 2 2 2
left_child=1 2 -1 4 7 -6 -7 8 -3 10 -4 12 13 -11
right_child=-2 3 9 -5 5 6 -8 -9 -10 11 -12 -13 -14 -15
leaf_value=-0.007003325961816834 0.010556156448195415 -0.0059771412917570725 -0.0018800801274006845 0.0053942367812854393 -0.0048759171867967452 -0.0021087478129496935 0.0079948367549432485 -0.0049749165866208216 0.0020673425357241818 0.0076949228220990849 0.0071184171122317431 -4.6283254367913076e-05 -0.0064963566442240751 -0.0035335409077452973
leaf_weight=114.18954266607761 36.709889084100723 38.817709922790527 139.7314782217145 155.35836864262819 248.3646055534482 70.016874179244041 60.831391736865044 62.778446592390537 888.54181329160929 43.769278347492218 103.61380986124277 579.18131897598505 258.13846484571695 82.441474795341492
leaf_count=609 228 174 441 544 854 253 204 216 2862 137 327 1906 817 262
internal_value=-0.000127326 -0.000292183 -0.00154883 0.000781786 0.000222574 -0.00225725 0.00252576 0.00120401 0.00167355 -0.000985356 0.00191689 -0.00175026 -0.00422023 0.000314744
internal_weight=2882.48 2845.77 1321.07 1524.71 1369.35 379.213 130.848 990.138 927.36 1206.88 243.345 963.531 384.349 126.211
internal_count=9834 9606 4499 5107 4563 1311 457 3252 3036 3890 768 3122 1216 399
is_linear=0
shrinkage=0.025


Tree=331
num_leaves=15
num_cat=0
split_feature=44 6 32 6 36 3 36 44 4 6 18 18 18 28
split_gain=3.40703 6.27027 5.36454 7.68237 7.40115 9.63285 6.92516 6.5334 6.32691 5.99905 7.78374 5.99758 5.88092 8.68588
threshold=10.500000000000002 11.421530219627867 1.0044898135296396 5.6147843479459789 63.750000000000007 0.9986426107972437 58.150000000000013 16.500000000000004 22.764598089426467 14.11198953703566 0.16517131444031083 0.13648358515710232 0.083273788420051162 13.190132999975507
decision_type=2 2 2 2 2 2 2 2 2 2 2 2 2 2
left_child=1 -1 6 8 12 -6 7 -2 -4 10 11 -9 -5 -14
right_child=2 -3 3 4 5 -7 -8 9 -10 -11 -12 -13 13 -15
leaf_value=0.012757283625375974 -0.010572206012298658 -0.0011361520264598145 0 -0.0087418381299471225 -0.0012844812308124964 0.02270141444665498 -0.0089147947566113554 0.0036205089064715147 0.014159769857186647 -0.0054417407081974083 0.018293502710472753 -0.0077334164336097426 0 0.017513888598592608
leaf_weight=34.402858562767506 29.459156475961208 34.290992930531502 34.304289259016514 40.938297249376774 16.315727597102523 15.911242067813872 70.715387560427189 147.10669850558043 46.354997284710407 60.485771356150508 14.658643163740633 30.223550114780664 518.25109395012259 13.264700312167404
leaf_count=212 308 396 176 282 142 130 682 1086 224 758 168 328 4850 92
internal_value=0.000664284 0.00587611 0.000268881 0.00157627 0.000534851 0.0113449 -0.00218852 -0.000288342 0.00860472 0.000996502 0.00323841 0.00138927 -0.00012338 0.000569114
internal_weight=1106.68 68.6939 1037.99 685.34 604.681 32.227 352.649 281.934 80.6593 252.475 191.989 177.33 572.454 531.516
internal_count=9834 608 9226 5896 5496 272 3330 2648 400 2340 1582 1414 5224 4942
is_linear=0
shrinkage=0.025


Tree=332
num_leaves=15
num_cat=0
split_feature=5 43 7 9 36 10 35 35 13 52 23 9 47 25
split_gain=7.42427 6.66101 6.3883 5.68584 5.80154 5.327 6.38696 5.20559 5.63639 5.55656 4.89146 6.5249 7.85282 4.89027
threshold=-5.2125823043413932 1.0000000180025095e-35 1.1802594645236371 0.011274685381270801 60.150000000000013 1.9693587229288891 0.40000000000000041 -3.6999999999999971 -0.011439817435741248 0.65751879699248128 0.015762542853567554 -0.033131121867565345 -5.4999999999999991 -0.033421422680923692
decision_type=2 2 2 2 2 2 2 2 2 2 2 2 2 2
left_child=2 7 -1 4 5 6 -3 8 9 -2 11 12 -9 -13
right_child=1 3 -4 -5 -6 -7 -8 10 -10 -11 -12 13 -14 -15
leaf_value=0 -0.0018244760505010281 -0.0051207279753315094 0.013464729181766716 0.00011804178940637827 0.0020000387274359713 -0.0050599312605980025 0.0077694308718997372 -0.0063565269543840418 -0.0044988320731713998 0.0085051511825566216 -0.0016657281423573156 0.011736899616126428 0.0018650656753369408 0.0032098917447980361
leaf_weight=38.481044337153435 76.928245276212692 40.348838418722153 40.972916796803474 589.63813389837742 106.39288112521172 521.31095384061337 44.382418498396873 92.099304646253586 204.64277755469084 46.874209553003311 224.03090230375528 45.148836642503738 280.74909797310829 531.11825124174356
leaf_count=202 240 128 266 1966 373 1786 138 312 735 150 782 157 910 1689
internal_value=-0.00011974 -0.000347635 0.00717039 -0.00165917 -0.00315548 -0.00411042 0.00140925 0.000774776 -0.00195362 0.00207078 0.00156491 0.00235841 -0.000156871 0.00401618
internal_weight=2883.12 2803.66 79.454 1302.07 712.435 606.042 84.7313 1501.59 328.445 123.802 1173.15 949.115 372.848 576.267
internal_count=9834 9366 468 4391 2425 2052 266 4975 1125 390 3850 3068 1222 1846
is_linear=0
shrinkage=0.025


Tree=333
num_leaves=15
num_cat=0
split_feature=15 39 39 19 9 23 25 47 48 16 44 56 41 42
split_gain=7.54434 6.05786 6.51214 7.39847 7.11318 7.01309 6.43291 6.34433 6.13895 6.09442 5.62992 5.60095 5.47506 5.25125
threshold=0.089628504167452758 -60.499999999999993 -6.4999999999999991 0.042504554883953508 -0.071899537869938634 -0.016653894374945546 -0.024858106311447397 13.500000000000002 16.500000000000004 0.18406327835648503 30.500000000000004 0.074064758809413808 -123.49999999999999 119.50000000000001
decision_type=2 2 2 2 2 2 2 2 2 2 2 2 2 2
left_child=1 -1 5 4 8 -3 9 12 10 -6 11 -4 -7 -8
right_child=-2 2 3 -5 6 7 13 -9 -10 -11 -12 -13 -14 -15
leaf_value=0.0091217564127771388 0.010455146582172059 -0.0073795023436493898 0.0069751369026173279 0.0078820235151135318 -0.0019653311879087791 0.0056031653167360482 0.00049878656899540296 -0.00958816205930039 0.012265231243120685 -0.011796737018092768 -0.0044070319549817825 -0.0025510418965646593 -0.0014804870948427681 -0.0035431706694473587
leaf_weight=36.88399338722229 36.3763148188591 147.4632829874754 123.48610943555832 70.674445733428001 168.86611656099558 78.867242433130741 1389.2932428196073 44.669627942144871 39.840893641114235 51.724597953259945 58.298627659678459 47.423507690429688 356.60142523050308 229.39500147104263
leaf_count=121 228 546 403 254 638 254 4591 149 126 215 197 166 1199 747
internal_value=-0.000127586 -0.00028986 -0.000438439 0.000198741 -6.50244e-05 -0.0026743 -0.000634891 -0.00111652 0.00367999 -0.00459181 0.00185098 0.00419234 -9.17755e-05 -6.77758e-05
internal_weight=2879.86 2843.49 2806.6 2179 2108.33 627.602 1839.28 480.138 269.049 220.591 229.208 170.91 435.469 1618.69
internal_count=9834 9606 9485 7337 7083 2148 6191 1602 892 853 766 569 1453 5338
is_linear=0
shrinkage=0.025


Tree=334
num_leaves=15
num_cat=0
split_feature=10 12 50 12 12 46 28 14 22 8 12 32 32 10
split_gain=3.22058 5.44571 6.78664 5.07236 10.4301 7.26276 6.55544 5.42187 8.74565 10.0625 7.41987 6.40898 5.67525 6.38572
threshold=1.9347676852218401 0.070105252498854562 23.500000000000004 0.092527339593794458 0.097889620631630564 101.50000000000001 12.97374384908831 0.11464744903734027 0.091424460267495511 146.66152863474903 0.11605214137914187 0.99081674034222633 1.0579894010683721 2.1167215534751453
decision_type=2 2 2 2 2 2 2 2 2 2 2 2 2 2
left_child=-1 2 -2 5 -5 6 -3 8 -6 -10 -9 -11 -12 -14
right_child=1 3 -4 4 7 -7 -8 10 9 11 12 -13 13 -15
leaf_value=0.0045565430141743983 -0.0012396999738779164 -0.006695598186419233 0.014692494990156469 0.010890084195186396 -0.015378850182645684 -0.011121561007301634 0.0085978857929856402 0.012197228050592659 0.011284340476094511 0.0034802097033847096 -0.0013429524841344202 -0.010650992880472651 -0.00050038537681976962 0.0096156903922878373
leaf_weight=113.8974175080657 25.605895675718784 29.343630593270063 29.994410291314125 50.39244332537055 31.5480369143188 56.581961706280708 30.048543252050877 27.750160425901413 25.32771623134613 25.392529990524054 470.26695419289172 48.955508708953857 74.541264019906521 67.041159672662616
leaf_count=600 132 206 142 318 238 416 200 206 176 218 5152 440 700 690
internal_value=0.000659435 0.000166693 0.00744572 -0.000275834 0.000397725 -0.00507129 0.000720464 -0.00032175 -0.00487247 -0.000732539 0.000603669 -0.00559443 0 0.00428376
internal_weight=1106.69 992.79 55.6003 937.19 821.216 115.974 59.3922 770.823 131.224 99.6758 639.6 74.348 611.849 141.582
internal_count=9834 9234 274 8960 8138 822 406 7820 1072 834 6748 658 6542 1390
is_linear=0
shrinkage=0.025


Tree=335
num_leaves=15
num_cat=0
split_feature=15 25 29 19 56 27 29 27 44 39 30 15 41 30
split_gain=7.3696 5.98773 5.54279 6.19356 5.14832 4.97558 5.77356 4.60515 5.45084 4.91708 4.07058 3.8871 5.25103 4.61256
threshold=-0.089016316215498728 0.032603960168680307 0.10487320901186865 -0.039680312572874944 0.2571999666566902 0.22279077428570823 0.021972194495802806 0.38846759730478514 30.500000000000004 -42.999999999999993 1.4438794159590034 -0.0097076088416702486 108.50000000000001 1.496732807696765
decision_type=2 2 2 2 2 2 2 2 2 2 2 2 2 2
left_child=-1 2 3 -2 5 6 10 9 -9 -5 -3 -11 13 -13
right_child=1 4 -4 7 -6 -7 -8 8 -10 11 -12 12 -14 -15
leaf_value=0.010370794793415751 0.0059611782870289363 0.0075985797222448944 -0.0060016370090029102 -0.0082289262472745803 -0.010171548286253652 -0.0089887126934105142 -0.007237133083379756 0.0077036268636116959 -0.0024176367424577749 0.0012171750893783572 -0.001620021900621474 -0.0019997443046375161 0.0052765582863550627 0.0019270440308660278
leaf_weight=36.151972703635693 110.04291554540396 61.252650529146194 85.455221973359585 42.317690990865231 59.368068404495716 39.44082422554493 37.452147707343102 93.856245473027229 42.432323329150677 872.17011268436909 45.27068218588829 1064.8990888223052 74.214258767664433 216.11444482207298
leaf_count=234 391 196 381 139 271 128 204 305 136 2808 151 3520 234 736
internal_value=-0.00011784 -0.000277893 6.6233e-05 0.000293733 -0.00399313 -0.00164376 0.000434666 1.23287e-05 0.00440147 -0.000249329 0.00355967 -6.84372e-05 -0.000915618 -0.00131292
internal_weight=2880.44 2844.29 2601.5 2516.05 242.784 183.416 143.975 2406 136.289 2269.72 106.523 2227.4 1355.23 1281.01
internal_count=9834 9600 8650 8269 950 679 551 7878 441 7437 347 7298 4490 4256
is_linear=0
shrinkage=0.025


Tree=336
num_leaves=15
num_cat=0
split_feature=15 43 17 25 56 55 53 55 19 50 42 29 12 36
split_gain=7.34335 5.83827 5.86335 5.74613 5.123 7.65395 5.73453 7.40052 5.1009 4.81533 4.63653 4.52309 4.42638 4.4006
threshold=0.089628504167452758 -1.0000000180025095e-35 -0.046895253480776146 0.033194507059910956 0.10810111135216401 0.23221725228149667 0.38153198412570499 0.60623029473567347 -0.0014820264964910499 26.500000000000004 142.50000000000003 -0.075224506403343383 0.11679031483548981 57.95000000000001
decision_type=2 2 2 2 2 2 2 2 2 2 2 2 2 2
left_child=1 2 -1 4 6 -6 7 10 -7 -8 11 -3 -5 -13
right_child=-2 3 -4 12 5 8 9 -9 -10 -11 -12 13 -14 -15
leaf_value=-0.0068599619190107784 0.010356589979949378 -0.0054187469800548701 -0.00095791189791826544 -0.00077795922744219761 -0.00480124067773402 -0.002089631910267857 0.0013240512212959932 -0.0042174983762983138 0.0072914255325056262 0.01322745884104861 -0.0031107341953600953 0.0040022739301202471 0.0079041634042088787 -0.0013817872755838493
leaf_weight=113.18246508389711 36.046926826238632 36.322531171143055 1205.2070375755429 45.548818856477737 247.98622635751963 65.586360484361649 54.441492542624474 161.08114770054817 65.017283454537392 38.576803758740425 102.75810394436121 489.10902041941881 109.27803658694029 106.92992016673088
leaf_count=609 228 161 3890 145 854 239 183 545 218 124 331 1556 399 352
internal_value=-0.000126342 -0.000286095 -0.00150749 0.000756572 0.000212571 -0.00222014 0.00117523 0.000514121 0.00249275 0.00693864 0.00160619 0.0024303 0.0052491 0.00299131
internal_weight=2877.07 2841.03 1318.39 1522.64 1367.81 378.59 989.219 896.201 130.604 93.0183 735.12 632.361 154.827 596.039
internal_count=9834 9606 4499 5107 4563 1311 3252 2945 457 307 2400 2069 544 1908
is_linear=0
shrinkage=0.025


Tree=337
num_leaves=15
num_cat=0
split_feature=44 46 22 54 42 24 38 32 54 6 42 44 32 54
split_gain=3.40923 6.62326 7.06358 6.7342 10.0618 7.73177 5.99356 8.80862 8.13382 7.8361 6.32931 6.5023 5.97221 5.6468
threshold=32.500000000000007 150.50000000000003 0.11469323640513356 -0.27017260477431754 34.000000000000007 0.084255129459195166 385.00000000000006 1.0603502567412175 -0.32790022257072898 16.590477797150808 27.000000000000004 22.500000000000004 1.067787843806465 -0.28611158968655614
decision_type=2 2 2 2 2 2 2 2 2 2 2 2 2 2
left_child=1 2 3 4 -1 -5 8 10 -4 13 -8 -12 -2 -10
right_child=12 -3 6 5 -6 -7 7 -9 9 -11 11 -13 -14 -15
leaf_value=0.00084222429601289316 -0.0036303807946272467 0.014358474905819346 -0.0080619495488532585 -0.0032280193719663045 0.020058436284838124 0.0056768239148678231 -0.0083720686013160611 0.021030761766525057 0.014930825113539371 -0.0092766965773970599 -0.00089638834191927731 0.019254625063923302 0.0050843655779239313 0.00052047932121054895
leaf_weight=38.098957601934671 218.77880534902215 19.523487128317356 96.352627396583557 100.32036746665835 31.629909079521894 134.46030136942863 22.297540608793497 13.117608830332754 13.487762231379746 44.10815673135221 19.116407403722409 11.430890284478663 56.44580708257854 287.51241835951805
leaf_count=254 2020 136 1070 608 182 910 254 132 126 650 210 120 432 2730
internal_value=0.000654639 0.00146779 0.00104124 0.00403139 0.0106523 0.00177961 -0.000726223 0.00595023 -0.00183527 0 0.000280338 0.00758856 -0.00169503 0.00148132
internal_weight=1106.68 831.456 811.933 304.51 69.7289 234.781 507.423 65.9624 441.461 345.108 52.8448 30.5473 275.225 301
internal_count=9834 7382 7246 1954 436 1518 5292 716 4576 3506 584 330 2452 2856
is_linear=0
shrinkage=0.025


Tree=338
num_leaves=15
num_cat=0
split_feature=37 51 41 25 56 29 9 19 38 20 33 17 8 9
split_gain=7.19406 5.29377 5.52081 5.28515 6.57435 6.52675 4.62076 5.88408 4.45071 7.26832 4.45068 4.36316 4.22088 4.00495
threshold=-11.499999999999998 0.35553751803751804 -178.49999999999997 0.017853700553829854 0.3044153236039282 0.10487320901186865 0.056956421003003958 -0.0037021584455879494 382.50000000000006 0.092390932057190553 84.500000000000014 -0.016979591487681647 148.85100903651673 0.071820037084859109
decision_type=2 2 2 2 2 2 2 2 2 2 2 2 2 2
left_child=8 2 -2 5 13 -4 7 10 9 -1 12 -9 -3 -5
right_child=1 6 3 4 -6 -7 -8 11 -10 -11 -12 -13 -14 -15
leaf_value=-0.0021640656527193779 -0.0081787109855085919 0.0054214739790935098 0.00019704204630522517 -0.003223504387932773 -0.0088469708235967941 -0.0072920191663348359 0.0071495639896286545 0.003317901862281804 -0.0023363919453422677 0.0082683777543122103 0.0091571920795072963 -0.0041321530613453563 -0.0037268528792472159 0.0024584295375401875
leaf_weight=49.985121726989746 61.691920056939125 58.061419241130352 1566.4815865755081 246.61092182248831 97.117580965161324 71.124221235513687 80.028593122959137 61.461252570152283 49.046391040086746 150.24888058006763 62.553760185837746 163.88174908608198 56.230644628405571 103.0021952688694
leaf_count=157 194 186 5078 929 418 313 261 188 201 643 198 541 182 345
internal_value=-0.000117474 -0.00051344 -0.00105293 -0.000810992 -0.00320763 -0.000134208 0.00182234 0.000626141 0.00388701 0.005553 0.00402699 -0.00196374 0.000743455 -0.00146795
internal_weight=2877.53 2628.25 2146.03 2084.34 446.731 1637.61 482.217 402.189 249.28 200.234 176.846 225.343 114.292 349.613
internal_count=9834 8833 7277 7083 1692 5391 1556 1295 1001 800 566 729 368 1274
is_linear=0
shrinkage=0.025


Tree=339
num_leaves=15
num_cat=0
split_feature=37 51 43 21 22 56 9 28 19 53 35 7 36 36
split_gain=7.19894 5.08105 5.89838 6.05601 6.98345 7.40667 6.05584 7.19608 5.86785 5.6932 5.42333 5.00325 6.252 6.87888
threshold=11.500000000000002 -0.3566536203522504 -1.0000000180025095e-35 -0.016936304922099046 0.19008791567243868 0.074064758809413808 0.025715443268084903 13.015762039196252 0.00019650869795800004 0.20384270214320713 4.200000000000002 -1.0944309984961078 60.550000000000004 47.150000000000013
decision_type=2 2 2 2 2 2 2 2 2 2 2 2 2 2
left_child=1 10 11 4 5 -4 8 9 -5 -8 -1 12 13 -3
right_child=-2 2 3 6 -6 -7 7 -9 -10 -11 -12 -13 -14 -15
leaf_value=0.0036299519315757438 0.0038780111395948268 0.0067191198255356042 -0.001669678966300741 -0.00040239570059233122 0.0058048262898493736 -0.011608263557217609 -0.0010907913911902608 -0.0075801917535249681 0.0047813139559430562 0.0071319044370539569 -0.0018976123607905558 -0.0037919547812728517 0.008390866234281159 -0.0035649080749590757
leaf_weight=323.34219714254141 249.4573514983058 45.144322976469994 157.29702872037888 212.93695224076509 38.519137650728226 68.375960022211075 273.64043612778187 83.297251671552658 334.79361911118031 59.429491996765137 157.12993174791336 633.28477642685175 43.504273369908333 194.22635346651077
leaf_count=1035 1001 139 545 698 153 267 916 270 1065 196 516 2259 145 629
internal_value=-0.000125919 -0.000522585 -0.00105076 6.33176e-05 -0.00323238 -0.00497566 0.00100425 -0.00121923 0.00273544 0.000386211 0.00176984 -0.00256378 0.000117047 -0.00142529
internal_weight=2874.38 2624.92 2144.45 1228.29 264.192 225.673 964.098 416.367 547.731 333.07 480.472 916.16 282.875 239.371
internal_count=9834 8833 7282 4110 965 812 3145 1382 1763 1112 1551 3172 913 768
is_linear=0
shrinkage=0.025


Tree=340
num_leaves=15
num_cat=0
split_feature=44 46 22 3 56 46 46 6 52 2 6 40 44 46
split_gain=3.30923 6.38662 6.76935 6.69858 6.72942 12.6075 11.4011 9.7508 7.56286 6.49847 5.9054 7.07554 9.22547 5.84215
threshold=32.500000000000007 150.50000000000003 0.11469323640513356 0.98384573403168396 0.41995261633994513 121.50000000000001 124.50000000000001 16.33295252447126 0.70295210370561001 0.051359879418640959 10.624742763033881 17.500000000000004 17.500000000000004 116.50000000000001
decision_type=2 2 2 2 2 2 2 2 2 2 2 2 2 2
left_child=1 2 9 -4 5 -5 -7 8 -6 13 -8 -12 -13 -1
right_child=-2 -3 3 4 7 6 10 -9 -10 -11 11 12 -14 -15
leaf_value=0.0047090141333452733 -0.0016640120262038109 0.01406097760877195 -0.0046057670568592423 -0.0040773287136113513 0.020832341999916126 0.02568793949963194 -0.009517891065025123 -0.004799389751656535 0 0.011551201073514348 -0.0066782274308925804 -0.0050261411258175591 0.01753710501006225 -0.0031240865800732697
leaf_weight=169.2273502163589 274.74083461984992 19.724515531212091 175.84847891889513 184.07999018393457 29.655930226668715 12.392784947529433 14.061986729502676 19.08524808101356 14.288117151707409 53.812471728771925 13.940704189240931 11.548441939055918 31.767419191077352 82.334605049341917
leaf_count=1064 2452 136 1776 1972 260 116 128 274 138 368 152 134 342 522
internal_value=0.0006528 0.00145331 0.0010323 -0.000700685 0.0013383 -0.000349928 0.00733259 0.00837705 0.0145161 0.00395314 0.00234149 0.00618616 0.0111065 0.00203693
internal_weight=1106.51 831.768 812.044 506.669 330.821 267.791 83.7113 63.0293 43.944 305.374 71.3186 57.2566 43.3159 251.562
internal_count=9834 7382 7246 5292 3516 2844 872 672 398 1954 756 628 476 1586
is_linear=0
shrinkage=0.025


Tree=341
num_leaves=15
num_cat=0
split_feature=15 43 25 51 41 29 27 27 56 11 23 33 41 7
split_gain=7.11898 5.75219 5.62532 5.604 7.77107 6.95231 5.61006 5.56927 5.7719 7.00401 7.0922 5.98245 6.53418 5.34139
threshold=-0.089016316215498728 1.0000000180025095e-35 -0.033421422680923692 0.42841000807102497 -6.4999999999999991 0.0080423237162087022 0.020254075948682854 0.37835871790126469 -0.35580989181984096 -0.015351401698275599 0.013187374997169552 -49.499999999999993 6.5000000000000009 1.2137558965170572
decision_type=2 2 2 2 2 2 2 2 2 2 2 2 2 2
left_child=-1 2 -2 5 -5 -3 -6 8 11 10 -10 12 -4 -7
right_child=1 3 7 4 6 13 -8 -9 9 -11 -12 -13 -14 -15
leaf_value=0.010246899443277096 0.0052461630618987672 -0.00043949232697317563 0.0011872957102917257 0.0062287053459345694 0.0027906355373145779 -0.0057560274403959943 -0.0059926712407141619 0.0064039582236955633 0.0055052694451713565 -0.0036745261277014423 -0.0044820917695039906 0.0025256174394769322 -0.010103969110870288 0.0013771141677623808
leaf_weight=35.714646339416504 152.33900307118893 564.45448741316795 68.746688947081566 122.15904428809881 77.593432769179344 393.0130440145731 91.272979006171227 80.747425936162472 123.23952431976795 431.17137749493122 61.095129460096359 554.19479128718376 48.881429016590118 70.084266901016235
leaf_count=234 538 1792 238 395 248 1509 301 262 437 1484 179 1790 177 250
internal_value=-0.000117382 -0.000274341 0.000761779 -0.00148632 0.00150525 -0.00236099 -0.0018488 0.000226938 -0.000164447 -0.00192258 0.00203211 0.00141168 -0.00352168 -0.00461992
internal_weight=2874.71 2838.99 1520.42 1318.58 291.025 1027.55 168.866 1368.08 1287.33 615.506 184.335 671.823 117.628 463.097
internal_count=9834 9600 5105 4495 944 3551 549 4567 4305 2100 616 2205 415 1759
is_linear=0
shrinkage=0.025


Tree=342
num_leaves=15
num_cat=0
split_feature=15 39 39 19 43 9 23 51 47 27 28 51 27 41
split_gain=7.08131 5.72184 6.27108 7.00207 7.00027 8.08329 6.68041 6.24481 6.0831 6.01325 5.79746 5.43319 6.00895 5.28813
threshold=0.089628504167452758 -60.499999999999993 -6.4999999999999991 0.042504554883953508 1.0000000180025095e-35 -0.033131121867565345 -0.016653894374945546 -0.49970963995354234 13.500000000000002 0.31314787354247203 12.81025629919375 -0.066660073839662382 0.15429994956155868 -123.49999999999999
decision_type=2 2 2 2 2 2 2 2 2 2 2 2 2 2
left_child=1 -1 6 4 5 7 -3 -4 13 11 -9 12 -7 -8
right_child=-2 2 3 -5 -6 9 8 10 -10 -11 -12 -13 -14 -15
leaf_value=0.0088742703992282564 0.010224512744713744 -0.007232290414095322 0.0082143625017228241 0.0076977477135211185 0.0015903357411549248 -0.00098820199737193457 0.0055019455420674615 -0.0029090128688151699 -0.0094145086294333147 -0.0096340425490368392 0.0037863629315024391 -0.003971203758471549 0.0084780081167249374 -0.001464978981201182
leaf_weight=36.785682089626789 35.603975981473923 146.65773211419582 67.967547208070755 70.183647841215134 901.38980913162231 304.99446834623814 78.742048799991608 174.99584063887596 44.487281203269958 69.033195160329342 141.50231049209833 399.97333437949419 43.278216846287251 355.75972007960081
leaf_count=121 228 546 224 254 3010 992 254 600 149 265 457 1388 147 1199
internal_value=-0.000125969 -0.000282492 -0.000427361 0.000198404 -5.76614e-05 -0.00131596 -0.00262507 0.00161884 -0.00110263 -0.0027284 1.89759e-05 -0.00199837 0.000220696 -9.72948e-05
internal_weight=2871.35 2835.75 2798.97 2173.32 2103.13 1201.74 625.647 384.466 478.989 817.279 316.498 748.246 348.273 434.502
internal_count=9834 9606 9485 7337 7083 4073 2148 1281 1602 2792 1057 2527 1139 1453
is_linear=0
shrinkage=0.025


Tree=343
num_leaves=15
num_cat=0
split_feature=44 30 44 26 54 34 10 46 24 36 4 34 36 10
split_gain=3.28964 5.22061 5.1901 4.28746 4.58878 6.61055 6.13492 8.08619 7.43739 7.89342 7.07819 9.82046 8.58912 7.53174
threshold=10.500000000000002 1.3992326081728257 14.500000000000002 0.064598645689242964 0.089769986700637558 279.50000000000006 1.9536991942466255 127.50000000000001 0.091528901415735955 55.050000000000004 23.285199548337236 212.50000000000003 60.250000000000007 2.0351746417948573
decision_type=2 2 2 2 2 2 2 2 2 2 2 2 2 2
left_child=1 -1 -2 -4 6 -6 7 -5 9 -8 -10 12 13 -12
right_child=2 -3 3 4 5 -7 8 -9 10 -11 11 -13 -14 -15
leaf_value=0.01213728949808276 -0.0058341820048889497 -0.00048171843978488896 0.0072119472065028728 0.01359216504960082 -0.0035229176336826085 0.0079958780129956285 -0.010754475696490712 -0.0027433592534789018 -0.00038029617449083201 0.0040383095705828816 -0.00048673828159012357 -0.010018952492215497 -0.0054182441540571585 0.013458269639077021
leaf_weight=33.744565473869443 74.783873105421662 35.17123306542635 56.192516021430492 49.298294469714165 265.73852935805917 29.361660059541464 60.056911624968052 23.40228683874011 286.0933655500412 28.211783658713102 26.419860735535622 15.759497558698056 19.723476339131594 102.51990001834929
leaf_count=236 718 372 298 266 2388 256 452 144 2856 192 224 194 206 1032
internal_value=0.000649027 0.005762 0.000259434 0.000786286 0.000323209 -0.0021794 0.00157939 0.00817386 0.00057662 -0.00579544 0.00192988 0.00598971 0.00812023 0.0105028
internal_weight=1106.48 68.9158 1037.56 962.778 906.586 295.1 611.485 72.7006 538.785 88.2687 450.516 164.423 148.663 128.94
internal_count=9834 608 9226 8508 8210 2644 5566 410 5156 644 4512 1656 1462 1256
is_linear=0
shrinkage=0.025


Tree=344
num_leaves=15
num_cat=0
split_feature=15 39 37 51 35 19 56 46 22 43 56 56 38 53
split_gain=6.9327 5.5411 5.64868 4.79671 5.90055 5.16953 7.04804 5.71092 4.60893 4.45413 5.47805 8.92301 5.86922 4.94557
threshold=-0.089016316215498728 -60.499999999999993 -11.499999999999998 0.35553751803751804 -4.0000000000000009 0.019610456385034752 0.10810111135216401 97.500000000000014 0.17422319123954669 -1.0000000180025095e-35 -0.44613397192768528 -1.5206314108501038 378.50000000000006 -0.074098435537884783
decision_type=2 2 2 2 2 2 2 2 2 2 2 2 2 2
left_child=-1 -2 -3 5 -5 9 7 -7 -8 13 11 12 -11 -4
right_child=1 2 3 4 -6 6 8 -9 -10 10 -12 -13 -14 -15
leaf_value=0.010150991086555344 -0.0094238354649662445 0.0036169840576042844 0.0039755774883727451 -0.0020060457104539788 0.0037676965396404847 0.0048367965507333625 -0.01230151983276929 -0.0035110704682123823 -0.00011722834580686754 -0.0020676899556866975 0.00019482586366326534 -0.006269443795773497 0.0086646285193343574 -0.00024416407340756372
leaf_weight=35.405406028032303 35.822225488722324 224.64560085535049 223.52405107021332 159.23896424472332 314.03530319035053 63.107153631746769 73.480399645864964 188.92557728290558 31.504745326936245 86.770289987325668 429.62321328371763 280.24084546416998 42.467426039278507 682.78719182312489
leaf_count=234 125 844 738 519 998 228 310 698 142 280 1440 922 143 2213
internal_value=-0.000116127 -0.000270734 -0.000128148 -0.00047085 0.00177212 -0.000990629 -0.00371853 -0.00127013 -0.00904402 -0.000409337 -0.0017262 -0.00378009 0.00146408 0.000785223
internal_weight=2871.58 2836.17 2800.35 2575.71 473.274 2102.43 357.018 252.033 104.985 1745.41 839.102 409.479 129.238 906.311
internal_count=9834 9600 9475 8631 1517 7114 1378 926 452 5736 2785 1345 423 2951
is_linear=0
shrinkage=0.025


Tree=345
num_leaves=15
num_cat=0
split_feature=5 27 33 37 56 35 51 54 11 21 17 46 52 35
split_gain=6.95463 7.57105 6.08513 5.55321 4.85711 4.49361 5.29035 5.13396 4.39016 4.38891 4.27523 5.21899 5.02376 4.14547
threshold=5.2885208323790431 -0.066461690424536937 -93.499999999999986 -11.499999999999998 0.54856595174883782 -3.6999999999999971 0.14012987012987019 -0.51567035871910305 0.017448020673611755 0.0083584177915762021 -0.022055533683638297 125.50000000000001 1.0761973875181423 1.8000000000000027
decision_type=2 2 2 2 2 2 2 2 2 2 2 2 2 2
left_child=2 -2 4 9 8 10 -7 -8 13 -4 11 -5 -12 -1
right_child=1 -3 3 5 -6 6 7 -9 -10 -11 12 -13 -14 -15
leaf_value=0.0055730996430708498 0.013597139177531413 -0.0010645888542739326 -0.0076780080700631255 -0.0052231141194249743 -0.0027232465803791695 -0.00016300507946152791 0.0018163441436816214 -0.0045120386516480423 0.010585040980558747 0 0.0037852806474540156 0.0044600859513841701 -0.0027666438105662674 -0.0022768722158138638
leaf_weight=96.764514833688736 42.33010771125555 34.472299434244633 117.69452387839556 104.94661379605532 60.622205525636673 1224.4902170449495 91.044378757476807 392.98254022747278 58.578795373439789 66.423018790781498 390.8683170825243 43.958135642111301 81.371873527765274 62.447161920368671
leaf_count=293 276 180 645 371 214 3936 299 1327 208 270 1232 148 240 195
internal_value=-0.000123581 0.00704786 -0.000342022 -0.000740262 0.00311508 -0.000393235 -0.00106312 -0.00326416 0.00487705 -0.00487256 0.0014032 -0.00215007 0.00258677 0.00236631
internal_weight=2868.99 76.8024 2792.19 2513.78 278.413 2329.66 1708.52 484.027 217.79 184.118 621.145 148.905 472.24 159.212
internal_count=9834 456 9378 8468 910 7553 5562 1626 696 915 1991 519 1472 488
is_linear=0
shrinkage=0.025


Tree=346
num_leaves=15
num_cat=0
split_feature=24 24 28 8 52 2 10 44 36 36 8 46 36 50
split_gain=3.21698 8.15535 6.62562 4.21403 5.68966 6.33491 9.44933 6.68033 6.26994 17.8116 5.18077 6.4975 6.36488 5.82477
threshold=0.19289394726272183 0.20530765907788162 12.735653220219307 148.65009847889783 1.6439589740234251 0.050926107076628355 1.966299811358492 15.500000000000002 48.45000000000001 49.050000000000004 151.98442467114697 114.50000000000001 46.750000000000007 59.500000000000007
decision_type=2 2 2 2 2 2 2 2 2 2 2 2 2 2
left_child=3 -2 -3 4 5 7 -7 -1 -8 -10 11 -5 -12 -14
right_child=1 2 -4 10 -6 6 8 -9 9 -11 12 -13 13 -15
leaf_value=0.0043856403887099328 -0.012400003276512214 0.012923581514745286 -0.0060322070326549798 0.0088592436406964483 0.010527952111132065 0.012860560924094475 -0.0071302507032934524 -0.0079190185072670529 0.025591120022431565 -0.00049560089387486845 0.0081473343231502609 0.0003615742755419935 0.0001271615638344792 -0.010322189249446929
leaf_weight=28.878965269774199 34.072879714891315 17.90135420113802 16.940161891281605 133.38055504858494 22.446413688361645 30.8435348123312 68.227019706740975 122.22862526401877 12.38999257609248 251.31665471754968 46.091038571670651 106.26237667351961 181.04351388663054 34.678036000579596
leaf_count=160 418 182 198 1042 156 176 678 856 116 2504 404 918 1680 346
internal_value=0.000640902 -0.00434129 0.00347928 0.00101495 -0.000486118 -0.0011122 0.000630381 -0.00534212 -0.000605841 0.0010904 0.00265872 0.0052778 0.000113747 -0.00163512
internal_weight=1106.7 68.9144 34.8415 1037.79 536.331 513.885 362.777 151.108 331.934 263.707 501.456 239.643 261.813 215.722
internal_count=9834 798 380 9036 4646 4490 3474 1016 3298 2620 4390 1960 2430 2026
is_linear=0
shrinkage=0.025


Tree=347
num_leaves=15
num_cat=0
split_feature=5 7 33 37 56 21 37 3 33 4 6 9 37 38
split_gain=6.57344 6.34695 5.96739 6.03534 5.51695 4.80013 4.70132 4.45696 3.9463 4.00157 4.51003 3.39386 3.29113 4.80418
threshold=-5.2125823043413932 1.1802594645236371 92.500000000000014 11.500000000000002 0.54856595174883782 -0.0083819251505990993 -7.4999999999999991 0.99527713179749999 -114.49999999999999 23.296265214589038 11.267141896103157 0.012694726055064501 -11.499999999999998 380.00000000000006
decision_type=2 2 2 2 2 2 2 2 2 2 2 2 2 2
left_child=1 -1 3 8 6 -5 -4 -8 9 10 -2 -9 13 -10
right_child=2 -3 4 5 -6 -7 7 11 12 -11 -12 -13 -14 -15
leaf_value=-5.794221816793086e-05 -0.0049567804726203457 0.013224664630754899 0.011543132187699635 4.8573761469432014e-05 -0.003110879610026842 -0.0079230421787359184 -0.00091984426420398623 0.00086037944166927546 0.0058405695476040779 -0.010112049894589683 0.0040917459134186063 0.011646938397546812 -0.00035506919638345525 -0.0029734754369722944
leaf_weight=37.837722852826118 83.100276090204716 39.659529775381088 49.083582744002342 66.182740867137909 62.10076604783535 119.15898104012012 91.831985838711262 41.759171180427074 122.54881574213505 44.019682288169861 49.515806503593922 39.391810856759548 1975.3868395164609 47.595840692520142
leaf_count=202 269 266 168 270 218 644 287 132 436 150 171 123 6332 166
internal_value=-0.000115623 0.00682599 -0.000329121 -0.000728032 0.00305616 -0.00501865 0.00492139 0.00263053 -0.00036479 -0.00390517 -0.00137069 0.00675859 -5.32934e-05 0.00321771
internal_weight=2869.17 77.4973 2791.68 2507.51 284.167 185.342 222.067 172.983 2322.17 176.636 132.616 81.151 2145.53 170.145
internal_count=9834 468 9366 8438 928 914 710 542 7524 590 440 255 6934 602
is_linear=0
shrinkage=0.025


Tree=348
num_leaves=15
num_cat=0
split_feature=15 19 43 14 33 44 23 35 53 53 28 30 32 34
split_gain=6.77159 5.40401 5.2181 4.54295 4.60244 4.78733 4.44162 4.815 4.68396 4.19245 6.98032 6.7644 5.68464 5.21816
threshold=0.089628504167452758 0.042504554883953508 1.0000000180025095e-35 0.08976021720219142 -57.499999999999993 17.500000000000004 -0.015762542853567547 6.200000000000002 0.090735193223828212 0.07794604104789736 12.893839685683743 1.4998438010596449 0.98488930392908924 67.500000000000014
decision_type=2 2 2 2 2 2 2 2 2 2 2 2 2 2
left_child=1 2 3 4 -1 -6 -4 8 -8 10 -5 12 -11 -13
right_child=-2 -3 6 9 5 -7 7 -9 -10 11 -12 13 -14 -15
leaf_value=0.0080007975527026723 0.010066846294250177 0.0054983276763384617 -0.0020125593973721813 -0.0056122892108153351 -0.0074531881008692586 0.0016635600846776561 0.00095811937464710957 -0.0037155132630469915 0.0051948032899278556 0.0023930513919814059 0.00052429604307092394 -2.5490236053368385e-05 -0.0034486521416771513 0.0098386316742351317
leaf_weight=48.232921794056892 35.066561885178089 92.174699291586876 288.65232272446156 382.08201263099909 40.384627819061279 166.51161213964224 680.55636598169804 93.375764660537243 220.85701300948858 129.34555450081825 154.02459142357111 66.403771132230759 414.4186016023159 53.816520184278488
leaf_count=141 228 333 1028 1327 127 523 2237 318 729 475 511 220 1450 187
internal_value=-0.000122921 -0.000275487 -0.000488594 -0.00151631 0.00143377 -0.000131858 0.000658639 0.00146492 0.00204667 -0.00216757 -0.00381448 -0.0007819 -0.00200438 0.00440707
internal_weight=2865.9 2830.84 2738.66 1455.22 255.129 206.896 1283.44 994.789 901.413 1200.09 536.107 663.984 543.764 120.22
internal_count=9834 9606 9273 4961 791 650 4312 3284 2966 4170 1838 2332 1925 407
is_linear=0
shrinkage=0.025


Tree=349
num_leaves=15
num_cat=0
split_feature=44 46 48 2 34 34 34 24 46 34 34 16 2 6
split_gain=3.21152 6.11323 6.3138 5.75376 5.28691 6.34964 6.03522 4.27117 5.3615 6.17141 10.1113 8.66337 10.3677 6.20778
threshold=32.500000000000007 150.50000000000003 13.500000000000002 0.085113025620946609 136.50000000000003 206.50000000000003 123.50000000000001 0.19289394726272183 52.500000000000007 53.500000000000007 26.500000000000004 0.20918685440014087 0.085434700111108514 14.11198953703566
decision_type=2 2 2 2 2 2 2 2 2 2 2 2 2 2
left_child=1 2 7 -4 6 -6 -2 8 -1 10 -10 12 -12 -11
right_child=4 -3 3 -5 5 -7 -8 -9 9 13 11 -13 -14 -15
leaf_value=0.0092240856519009966 -0.0006245451863610735 0.013700384427025534 0.0095840848125088047 -0.0021221945602925398 -0.011053851706575919 0.0010508789023683282 0.013626695118807179 -0.0064409919227891403 -0.005648036076662824 0.00033165685575082025 0.011855457666076642 0.025524608857599967 -0.007073949227584763 -0.0062068427030093649
leaf_weight=37.858564354479313 160.01203213073313 19.970283135771751 84.450213192030787 30.453499289229512 59.245006563141942 39.456634618341923 15.670565582811831 52.275794813409448 31.427261788398027 385.00428403168917 42.664281757548451 13.656734051182864 23.245033109560609 111.26008513756096
leaf_count=272 1374 136 628 340 578 364 136 620 286 2956 336 158 228 1422
internal_value=0.000638005 0.00142614 0.00101182 0.00631389 -0.00164584 -0.00615647 0.000850187 6.39229e-05 0.000674975 3.01847e-05 0.00526531 0.00995061 0.00479878 -0.00113166
internal_weight=1106.65 832.266 812.296 114.904 274.384 98.7016 175.683 697.392 645.116 607.258 110.993 79.566 65.9093 496.264
internal_count=9834 7382 7246 968 2452 942 1510 6278 5658 5386 1008 722 564 4378
is_linear=0
shrinkage=0.025


Tree=350
num_leaves=15
num_cat=0
split_feature=17 39 39 19 43 9 55 56 23 47 51 41 48 31
split_gain=6.63978 5.54424 6.72184 6.81524 6.89338 8.07869 6.57703 7.21034 6.56974 6.14127 5.78181 5.21916 4.95304 4.60066
threshold=-0.088853805663273874 57.000000000000007 6.5000000000000009 -0.039680312572874944 -1.0000000180025095e-35 0.033238913784035005 -0.82206020454642637 -0.64838252314721001 0.016653894374945553 -13.499999999999998 0.51121506211180134 120.00000000000001 9.5000000000000018 0.040553168022948206
decision_type=2 2 2 2 2 2 2 2 2 2 2 2 2 2
left_child=-1 2 3 -2 -5 6 7 -6 9 -4 -7 13 -9 -11
right_child=1 -3 8 4 5 10 -8 12 -10 11 -12 -13 -14 -15
leaf_value=0.009999486987987782 0.0068614848193661723 0.0087096708061081465 -0.0095267598233697934 0.0016041808767678209 -0.0042775433075523039 0.0001402270716473837 -0.0039908388071925567 0.0011365299175781259 -0.0072623167079359716 0.00010959652595451408 0.008218688893727526 0.0053913580816179725 0.012398735053324898 -0.0061459705422321001
leaf_weight=34.874922223389149 88.039127938449383 37.132843874394894 44.519055940210819 889.00817760080099 80.257930777966976 318.40652780979872 613.91016970574856 79.830194599926472 146.39364422112703 262.49413605034351 63.893181376159191 78.877722017467022 35.335303507745266 93.161356851458549
leaf_count=234 314 123 149 2975 280 1062 2088 280 545 878 212 254 120 320
internal_value=-0.000115406 -0.000266222 -0.000409784 0.000239664 -4.4319e-05 -0.00129662 -0.00271774 0.00115667 -0.00268539 -0.0011745 0.00164359 -0.000163277 0.00517219 -0.00152217
internal_weight=2866.13 2831.26 2794.13 2168.68 2080.64 1191.63 809.334 195.423 625.446 479.052 382.3 434.533 115.165 355.655
internal_count=9834 9600 9477 7331 7017 4042 2768 680 2146 1601 1274 1452 400 1198
is_linear=0
shrinkage=0.025


Tree=351
num_leaves=15
num_cat=0
split_feature=5 27 39 39 43 9 21 50 51 23 52 26 47 27
split_gain=6.60072 7.45646 6.01507 5.67069 6.73516 7.47019 6.4936 7.51783 6.33321 6.07468 5.76491 7.70112 5.74703 5.62736
threshold=5.2885208323790431 -0.066461690424536937 -60.499999999999993 -1.4999999999999998 1.0000000180025095e-35 -0.033131121867565345 -0.0038159083426214497 3.5000000000000004 -0.49970963995354234 -0.016653894374945546 0.65751879699248128 0.14868361440820457 13.500000000000002 0.23570708720198172
decision_type=2 2 2 2 2 2 2 2 2 2 2 2 2 2
left_child=2 -2 -1 9 5 8 13 -8 -5 -4 -6 -12 -11 -7
right_child=1 -3 3 4 10 6 7 -9 -10 12 11 -13 -14 -15
leaf_value=0.0091095256133699714 0.013473536540245998 -0.0011318246616414498 -0.0069453585374411701 0.0085760674872377672 0.00012339491170168385 -0.0037751527548273624 -0.005692650236847137 0.0010145327603608375 0.00017261382663470373 -0.00013602539902673314 0.0012326182841788842 0.0090211194232739343 -0.0090944716397818696 -0.014289695152241867
leaf_weight=36.276971317827702 41.634383156895638 34.345715083181858 147.26637937873602 65.39841752499342 557.25937580317259 267.05403529107571 134.70407485216856 397.82545851171017 309.19297277182341 440.54820264130831 222.40704896301031 128.7914392054081 45.679370775818825 35.71051836758852
leaf_count=118 276 180 552 212 1870 940 448 1298 1024 1459 707 438 153 159
internal_value=-0.000121998 0.00690043 -0.00033433 -0.000484191 0.000126789 -0.00108028 -0.00240439 -0.00067272 0.00179924 -0.0025514 0.00175885 0.00424554 -0.00111254 -0.00530856
internal_weight=2864.09 75.9801 2788.11 2751.84 2118.34 1209.89 835.294 532.53 374.591 633.494 908.458 351.198 486.228 302.765
internal_count=9834 456 9378 9260 7096 4081 2845 1746 1236 2164 3015 1145 1612 1099
is_linear=0
shrinkage=0.025


Tree=352
num_leaves=15
num_cat=0
split_feature=44 56 32 6 36 3 36 44 4 8 46 10 10 32
split_gain=3.16485 5.94256 5.1049 7.02057 7.10417 9.06054 6.71649 6.27092 5.8493 5.68506 6.44307 6.84183 8.9725 6.61147
threshold=10.500000000000002 0.086373532990686216 1.0044898135296396 5.6147843479459789 63.750000000000007 0.9986426107972437 58.150000000000013 16.500000000000004 22.764598089426467 142.86796221202778 150.50000000000003 2.0670468250328655 2.0932895406265977 1.0579894010683721
decision_type=2 2 2 2 2 2 2 2 2 2 2 2 2 2
left_child=1 -1 6 8 9 -6 7 -2 -4 -5 11 -11 -13 -14
right_child=2 -3 3 4 5 -7 -8 -9 -10 10 -12 12 13 -15
leaf_value=2.1220623708850019e-05 -0.010445443386220766 0.015485183937150836 0 0.0097748113676997227 -0.0012320102762035674 0.021928877458232708 -0.0088173035041653625 0.00096174830801478903 0.01347963068501571 -0.00460329773736067 0.010024437568368518 0.010221699939813245 -0.0038306952793200201 0.0050410415818207674
leaf_weight=48.883679376915097 28.952794298529625 20.317888872697949 34.394685640931129 28.777268029749393 16.240996710956097 16.264970604330301 69.973345471546054 252.5792576149106 47.171119928359985 235.43024991825223 26.967741344124079 49.75098810903728 160.39618345536292 70.689440462738276
leaf_count=424 308 184 176 238 142 130 682 2340 224 1836 212 464 1738 736
internal_value=0.00063128 0.00563594 0.00024809 0.00152173 0.00051946 0.0110688 -0.00215421 -0.000285921 0.00820213 -0.000127428 -0.000781954 -0.00148514 0.00107621 -0.000961637
internal_weight=1106.79 69.2016 1037.59 686.084 604.518 32.506 351.505 281.532 81.5658 572.012 543.235 516.267 280.837 231.086
internal_count=9834 608 9226 5896 5496 272 3330 2648 400 5224 4986 4774 2938 2474
is_linear=0
shrinkage=0.025


Tree=353
num_leaves=15
num_cat=0
split_feature=17 39 39 43 23 51 49 24 4 5 42 5 30 20
split_gain=6.48279 5.36515 6.53156 6.43409 6.33975 6.31442 5.98343 4.82868 7.26165 4.64583 5.29556 8.1065 5.03042 4.54379
threshold=-0.088853805663273874 57.000000000000007 6.5000000000000009 -1.0000000180025095e-35 0.016653894374945553 0.48089094449853947 -39.499999999999993 0.14921732035261617 23.084945373742364 0.35853661637285611 48.000000000000007 -1.5363014831083075 1.5114229613306216 0.16589632193476977
decision_type=2 2 2 2 2 2 2 2 2 2 2 2 2 2
left_child=-1 2 3 7 6 9 -4 -2 -9 10 13 -12 -11 -5
right_child=1 -3 4 5 -6 -7 -8 8 -10 12 11 -13 -14 -15
leaf_value=0.0099151123635779215 0.0003241795907576415 0.0085688565557387915 -0.0083429103442750931 0.0028139384322456037 -0.0071519656729119689 0.0026586526552468907 -2.6557333149956064e-05 -0.0057957549520515081 0.0052865375345287416 -0.0049090537890740639 -0.0097408460694848823 0.00064448507197154871 0.003286508718331953 -0.0027654792557497586
leaf_weight=34.603848047554493 571.35386249423027 37.111344173550606 58.135857664048672 298.36095158755779 146.02592222392559 236.93079619854689 420.73273556679487 35.381075717508793 324.37077278643847 357.17305660247803 78.009995363652706 97.492436945438385 46.437459215521812 122.15610712766647
leaf_count=234 1853 123 203 918 545 771 1398 127 1148 1401 251 284 178 400
internal_value=-0.000113906 -0.000262642 -0.000404048 0.000236035 -0.00264834 -0.000931254 -0.00116363 0.00180966 0.00406356 -0.00181601 -0.000358626 -0.0039752 -0.00387625 0.00112097
internal_weight=2864.28 2829.67 2792.56 2167.67 624.895 1236.56 478.869 931.106 359.752 999.63 596.019 175.502 403.611 420.517
internal_count=9834 9600 9477 7331 2146 4203 1601 3128 1275 3432 1853 535 1579 1318
is_linear=0
shrinkage=0.025


Tree=354
num_leaves=15
num_cat=0
split_feature=37 41 41 19 51 43 51 43 45 21 56 56 36 40
split_gain=6.41576 4.76515 6.78621 7.74948 6.87078 5.63652 5.12192 5.73257 7.00335 9.75225 6.57708 6.11559 6.25293 6.626
threshold=11.500000000000002 -108.49999999999999 -1.4999999999999998 0.042504554883953508 0.54432836757821157 -1.4999999999999998 -0.6503968253968252 1.0000000180025095e-35 -22.499999999999996 0.0061911079690230011 -0.35580989181984096 -1.1482159998599726 58.45000000000001 23.000000000000004
decision_type=2 2 2 2 2 2 2 2 2 2 2 2 2 2
left_child=1 -1 4 6 5 -3 -4 8 9 -8 11 -9 13 -13
right_child=-2 2 3 -5 -6 -7 7 10 -10 -11 -12 12 -14 -15
leaf_value=0.0037981702725624501 0.0036761886864111974 -0.0058736618575324692 0.0037791539228198439 0.0084647295028809945 -0.0092360460382212226 7.5260122144493421e-05 -0.0022390474404937128 -0.00014611845841635334 -0.0031943913810141555 0.0088354360213622751 -0.0016349124984685306 0.011577681550201981 -0.0023522081097999154 0.0011392017563056464
leaf_weight=145.43796586245298 247.14145479351282 138.7333082780242 162.69220647960901 59.156097121536732 95.139979004859924 297.51496350765228 120.84776749461889 195.08041243255138 752.05339515209198 75.339833751320839 356.36293511092663 108.04834188520908 40.655442953109741 67.632779113948345
leaf_count=478 1001 489 519 200 338 1005 456 630 2540 242 1221 354 137 224
internal_value=-0.000121169 -0.000495971 -0.000766162 -6.39827e-05 -0.0032558 -0.00180505 -0.000367558 -0.000785062 -0.00208789 0.0020034 0.000794738 0.00295366 0.00580198 0.00784023
internal_weight=2861.84 2614.7 2469.26 1937.87 531.388 436.248 1878.71 1716.02 948.241 196.188 767.78 411.417 216.337 175.681
internal_count=9834 8833 8355 6523 1832 1494 6323 5804 3238 698 2566 1345 715 578
is_linear=0
shrinkage=0.025


Tree=355
num_leaves=15
num_cat=0
split_feature=44 46 22 3 34 46 56 50 6 36 46 54 42 24
split_gain=3.12285 5.78145 6.18858 6.5036 6.55166 8.14205 13.1213 13.6319 11.2293 8.87515 8.7733 6.42079 9.36324 7.41412
threshold=32.500000000000007 150.50000000000003 0.11469323640513356 0.98384573403168396 579.00000000000011 121.50000000000001 0.050677954637541552 35.500000000000007 11.363377271603975 50.550000000000004 124.50000000000001 -0.27017260477431754 34.000000000000007 0.084255129459195166
decision_type=2 2 2 2 2 2 2 2 2 2 2 2 2 2
left_child=1 2 11 -4 5 6 -5 8 -8 -10 -7 12 -1 -13
right_child=-2 -3 3 4 -6 10 7 -9 9 -11 -12 13 -14 -15
leaf_value=0.00071946401026543635 -0.0016256218639798922 0.013272351323604728 -0.0045262346388524177 -0.0064838210982712183 0.016144323272419266 0.022093068637027858 0.022728240162594837 -0.012350113970187235 0.017315210914122414 -0.004989486433575609 0.0023244485889267323 -0.0033115657722527698 0.019150098610274308 0.005385552608100256
leaf_weight=38.295496389269829 274.03479809314013 20.267214149236679 174.82363563403487 146.56936872377992 12.805118924006818 13.943594032898543 24.271003469824791 15.188265977427362 10.918119477108119 30.664040748029947 76.19005311280489 100.65239585191011 32.336339544504881 135.81617646664381
leaf_count=254 2452 136 1776 1598 116 134 182 176 122 384 804 608 182 910
internal_value=0.000627867 0.00140455 0.00099856 -0.000662937 0.00134281 0.000427976 -0.00201675 0.00567902 0.0107682 0.00156026 0.00664585 0.00377969 0.010196 0.00158819
internal_weight=1106.78 832.741 812.474 505.373 330.55 317.744 227.611 81.0414 65.8532 41.5822 90.1336 307.1 70.6318 236.469
internal_count=9834 7382 7246 5292 3516 3400 2462 864 688 506 938 1954 436 1518
is_linear=0
shrinkage=0.025


Tree=356
num_leaves=15
num_cat=0
split_feature=5 27 39 39 25 41 49 17 57 39 40 14 5 30
split_gain=6.11697 7.63807 5.7132 5.87264 6.60324 5.83336 5.06663 4.53566 4.33942 4.2724 4.11555 5.22155 3.97202 7.39777
threshold=-5.2125823043413932 0.065711283884424224 57.000000000000007 1.5000000000000002 -0.045670563990796192 108.50000000000001 -39.499999999999993 0.019164155012151105 0.25254489252879547 -46.499999999999993 27.000000000000004 0.11400230920709072 0.35853661637285611 1.5100417096347796
decision_type=2 2 2 2 2 2 2 2 2 2 2 2 2 2
left_child=1 -1 3 4 -2 6 -5 8 10 -6 -8 -12 -11 -14
right_child=2 -3 -4 5 9 -7 7 -9 -10 12 11 -13 13 -15
leaf_value=-0.0013575398092581161 0.0072177464468851024 0.013370723782364771 0.0088629890823654373 -0.010247729528481084 -0.0069699008935641647 0.0025150660569676839 -0.0074464003799667297 -0.0065109455053489126 0.0022632511180510346 0.0010269700535452924 -0.0068979940544400421 0.0038196367497501113 -0.0021316764244135116 0.004928644880584785
leaf_weight=35.103912904858589 74.783714294433594 41.292622454464436 36.466728948056698 62.292539693415165 50.232059940695763 107.53976604342461 82.544520735740662 131.25191436707973 139.07792875170708 1159.3641078323126 40.266927823424339 71.051364853978157 731.11790387332439 99.70090065151453
leaf_count=184 257 284 119 223 171 347 260 554 435 3576 123 221 2710 370
internal_value=-0.000113591 0.00662833 -0.000318988 -0.000465727 0.000157312 -0.00256836 -0.00366764 -0.00263154 -0.000954515 -0.000106251 -0.00338753 0 7.14899e-05 -0.00123009
internal_weight=2862.09 76.3965 2785.69 2749.22 2115.2 634.025 526.485 464.193 332.941 2040.41 193.863 111.318 1990.18 830.819
internal_count=9834 468 9366 9247 7084 2163 1816 1593 1039 6827 604 344 6656 3080
is_linear=0
shrinkage=0.025


Tree=357
num_leaves=15
num_cat=0
split_feature=5 27 39 39 19 9 43 23 48 55 48 49 27 52
split_gain=6.31811 7.33117 5.67818 5.34311 6.36942 6.48957 7.91392 5.89456 5.79484 5.33166 5.41652 5.28268 4.84701 4.76724
threshold=5.2885208323790431 -0.066461690424536937 -60.499999999999993 -1.4999999999999998 0.042504554883953508 -0.071899537869938634 1.5000000000000002 -0.016653894374945546 16.500000000000004 0.81800927128873091 5.5000000000000009 39.500000000000007 0.32482662421383474 0.60011792452830193
decision_type=2 2 2 2 2 2 2 2 2 2 2 2 2 2
left_child=2 -2 -1 7 5 8 9 -4 -5 12 -11 -9 -7 -8
right_child=1 -3 3 4 -6 6 13 11 -10 10 -12 -13 -14 -15
leaf_value=0.0088480990087372695 0.013361060829664262 -0.0011638146093256017 -0.0068204692392025736 0.0017080693123873063 0.0075150729064010673 -0.0022625521681105131 -0.00026726064340686903 0 0.012010410650143482 -0.0017803587288690603 0.0054492568897308805 -0.0077008481547392819 -0.009082419892722805 0.0039496111597993096
leaf_weight=36.258665055036545 41.03891908377409 34.282007597386837 146.67880474030972 222.56199776381254 65.464734837412834 800.47797983884811 389.99791844934225 425.54637581855059 38.179092042148113 148.46859306097031 104.102155610919 60.071363747119904 70.588984824717045 275.52470823377371
leaf_count=118 276 180 552 740 230 2667 1297 1403 120 512 358 209 262 910
internal_value=-0.000120926 0.00677796 -0.000328361 -0.00047439 0.000118642 -0.000123112 -0.000674563 -0.00248299 0.00350827 -0.00196048 0.00115035 -0.00106575 -0.00289244 0.00145766
internal_weight=2859.24 75.3209 2783.92 2747.66 2115.37 2049.9 1789.16 632.297 260.741 1123.64 252.571 485.618 871.067 665.523
internal_count=9834 456 9378 9260 7096 6866 6006 2164 860 3799 870 1612 2929 2207
is_linear=0
shrinkage=0.025


Tree=358
num_leaves=15
num_cat=0
split_feature=44 56 44 40 16 54 34 30 38 46 32 11 11 10
split_gain=3.05752 5.54239 5.00712 5.03332 4.88398 9.48796 7.19035 4.73312 4.62791 4.74976 8.26068 4.70262 5.54666 6.28564
threshold=10.500000000000002 0.086373532990686216 17.500000000000004 65.500000000000014 0.19010799767824227 -0.068411130938223083 529.50000000000011 1.5090362260485526 390.00000000000006 142.50000000000003 0.9928729166700031 0.039620067525623706 -0.039724898538606897 2.0670468250328655
decision_type=2 2 2 2 2 2 2 2 2 2 2 2 2 2
left_child=1 -1 4 7 6 -6 -2 8 9 11 -11 12 -4 -14
right_child=2 -3 3 -5 5 -7 -8 -9 -10 10 -12 -13 13 -15
leaf_value=6.0041609211549951e-05 -0.0083820707600890231 0.014963692169355761 -0.0058839790618430724 0.010006065428002482 0.01850388435212361 -0.0061137606735882409 0.0079975609616885594 -0.0055851245979979735 -0.0087526215932701868 -0.005191279735353143 0.011924108076088786 -0.0059590664747624479 5.7453174740294652e-06 0.0053504082965508022
leaf_weight=48.76994401216507 108.69828929752111 20.671039858832955 52.284640956670046 32.493756087496877 11.77959298156202 17.336200583726168 14.034732379019259 65.485843194648623 22.86042683199048 18.94640195928514 57.105826584622264 52.650054316967726 352.44597332552075 230.94348233193159
leaf_count=424 972 184 761 308 142 216 102 814 224 178 432 763 2350 1964
internal_value=0.00062818 0.00553945 0.000250334 0.000997208 -0.00383724 0.00436541 -0.00607357 0.000568442 0.0011439 0.00152733 0.00729461 0.000806038 0.00144752 0.00219149
internal_weight=1106.51 69.441 1037.07 885.216 151.849 29.1158 122.733 852.723 787.237 764.376 76.0522 688.324 635.674 583.389
internal_count=9834 608 9226 7794 1432 358 1074 7486 6672 6448 610 5838 5075 4314
is_linear=0
shrinkage=0.025


Tree=359
num_leaves=15
num_cat=0
split_feature=17 35 19 43 6 49 4 28 52 54 8 47 38 36
split_gain=5.94729 5.04045 5.38386 4.73104 6.74977 6.42435 5.78101 4.96169 4.70993 4.55846 5.87607 4.41469 4.20405 4.1678
threshold=-0.076827728555550132 3.4000000000000008 -0.04221285521323509 -2.4999999999999996 8.5990676914797906 -18.499999999999996 22.764598089426467 13.230463559279789 0.65046531854751044 -0.21902601471956654 148.73740139201973 1.0000000180025095e-35 375.00000000000006 54.95000000000001
decision_type=2 2 2 2 2 2 2 2 2 2 2 2 2 2
left_child=-1 2 -2 4 -4 13 -5 -8 -7 10 11 -3 -12 -6
right_child=1 9 3 6 5 8 7 -9 -10 -11 12 -13 -14 -15
leaf_value=0.0072161617855247663 0.0065636361606755461 -0.0068863747298723776 -0.0035637525778944822 0.0022939612572708784 0.00043795379404552756 0.0019432527824515683 -0.0030248466312222922 0.0043662621018559847 0.0087813259198271567 0.0028417593355864715 0.0061769767395839156 0.0018822747272817164 -0.0018362908238565689 -0.009118949837720056
leaf_weight=62.29150677472353 51.57994606345892 113.89759622514248 167.31290642917156 159.2058844268322 76.501895993947983 235.57780650258064 1124.6788701862097 52.791824586689472 91.514225751161575 495.40889336913824 81.465017095208168 43.181350454688072 67.611337728798389 36.352065809071064
leaf_count=390 179 375 521 500 268 808 3884 175 315 1654 266 137 228 134
internal_value=-0.000114114 -0.000298868 -0.000978331 -0.0012076 0.000587256 0.00224439 -0.0020408 -0.00265526 0.00403511 0.00135726 -0.000971624 -0.0043379 0.00243877 -0.00268462
internal_weight=2859.37 2797.08 1995.52 1943.94 607.259 439.946 1336.68 1177.47 327.092 801.564 306.155 157.079 149.076 112.854
internal_count=9834 9444 6784 6605 2046 1525 4559 4059 1123 2660 1006 512 494 402
is_linear=0
shrinkage=0.025


Tree=360
num_leaves=15
num_cat=0
split_feature=5 27 39 39 19 9 43 23 48 47 55 48 44 56
split_gain=6.13227 7.21284 5.52238 5.18917 6.18509 6.29704 7.57863 5.69466 5.6278 5.4684 5.17403 5.24798 5.02448 5.41484
threshold=5.2885208323790431 -0.066461690424536937 -60.499999999999993 -1.4999999999999998 0.042504554883953508 -0.071899537869938634 1.5000000000000002 -0.016653894374945546 16.500000000000004 13.500000000000002 0.81800927128873091 5.5000000000000009 30.500000000000004 0.074064758809413808
decision_type=2 2 2 2 2 2 2 2 2 2 2 2 2 2
left_child=2 -2 -1 7 5 8 10 -4 12 -9 -7 -12 13 -5
right_child=1 -3 3 4 -6 6 -8 9 -10 -11 11 -13 -14 -15
leaf_value=0.0087270382308406811 0.013275504121322735 -0.0011579247734437373 -0.006719116123760859 0.0067334813029809844 0.0074133515971073942 -0.0028431073962137624 0.0014206637378847173 -0.00010232876481457562 0.01183795825558296 -0.0088581084345167177 -0.0017454073485270824 0.0053694838748515571 -0.0042688495337397415 -0.0027698100232733235
leaf_weight=36.242246977984905 40.600346989929676 34.286780834197998 146.30365132540464 119.49064130336046 65.304571077227592 870.48124121874571 665.47942444682121 439.96154902875423 38.156215235590935 45.45656768232584 148.37345252931118 104.15159407258034 57.079919837415218 45.940707840025425
leaf_count=118 276 180 552 385 230 2929 2207 1459 120 153 512 358 192 163
internal_value=-0.000119924 0.0066954 -0.000324004 -0.000468184 0.000116091 -0.000121774 -0.000665281 -0.00244865 0.00345556 -0.00105519 -0.00192437 0.00113926 0.00167969 0.00394387
internal_weight=2857.31 74.8871 2782.42 2746.18 2114.46 2049.15 1788.49 631.722 260.667 485.418 1123.01 252.525 222.511 165.431
internal_count=9834 456 9378 9260 7096 6866 6006 2164 860 1612 3799 870 740 548
is_linear=0
shrinkage=0.025


Tree=361
num_leaves=15
num_cat=0
split_feature=44 32 50 50 3 52 32 26 3 46 54 6 14 6
split_gain=3.06754 5.65814 5.58139 11.4876 7.69267 13.6617 6.43509 5.82264 7.91299 8.87173 12.6322 16.0401 7.84123 6.10585
threshold=32.500000000000007 1.067787843806465 73.500000000000014 59.500000000000007 0.96183593932407152 1.3235432572725332 0.9994503024308925 0.11339807160218786 0.98384573403168396 119.50000000000001 0.24410188738434749 11.363377271603975 0.14361127596179049 10.004507467813392
decision_type=2 2 2 2 2 2 2 2 2 2 2 2 2 2
left_child=2 -2 3 7 -4 6 -6 12 -9 10 -10 -12 13 -1
right_child=1 -3 4 -5 5 -7 -8 8 9 -11 11 -13 -14 -15
leaf_value=0.0041513504773232823 -0.0035168505476819295 0.0049568200915649065 0.016503241224680606 -0.0092820568886351346 0 -0.010301116475355317 0.020445815718188518 -0.0046741166325596313 -0.0043620739988890619 0.0095364808092229438 0.021303485408055711 -0.001737203051544252 0.015385900357935257 -0.0084425978558911163
leaf_weight=190.16889989003539 217.11423096805811 56.711154028773308 30.054785463958979 61.113779794424772 14.444853838533165 27.752391532063484 16.915120370686054 150.89417116902769 148.1587416883558 72.821839528158307 27.794252816587687 38.768988957628608 32.441687114536762 21.655189353972673
leaf_count=1078 2020 432 186 548 138 260 122 1538 1622 732 206 466 304 182
internal_value=0.000619459 -0.00161482 0.00138901 0.000621731 0.00715121 0.00109014 0.0118888 0.00160568 -7.21962e-05 0.00229591 -0.00020705 0.0083506 0.00465868 0.00258355
internal_weight=1106.81 273.825 832.985 743.818 89.1672 59.1124 31.36 682.704 438.438 287.544 214.722 66.5632 244.266 211.824
internal_count=9834 2452 7382 6676 706 520 260 6128 4564 3026 2294 672 1564 1260
is_linear=0
shrinkage=0.025


Tree=362
num_leaves=15
num_cat=0
split_feature=15 25 9 56 9 56 46 21 27 36 10 33 21 53
split_gain=6.09911 4.9597 5.80824 6.15393 4.9841 6.61453 6.40339 5.34314 5.01024 4.965 6.78108 4.63679 4.31967 4.82575
threshold=-0.089016316215498728 0.032603960168680307 0.032763775441255208 0.074064758809413808 -0.017086653771434295 0.70067120833699859 96.500000000000014 -0.0062800009109677491 0.36853423742546015 60.250000000000007 1.9712695449421387 90.500000000000014 -0.040592352115797294 -0.089618724778465539
decision_type=2 2 2 2 2 2 2 2 2 2 2 2 2 2
left_child=-1 4 -3 -4 5 6 11 -7 12 10 -8 -2 -6 -14
right_child=1 2 3 -5 8 7 9 -9 -10 -11 -12 -13 13 -15
leaf_value=0.0097029375876006921 -0.0068905840528977235 -0.0081005601269908741 0.0030249639599176396 -0.0080623023120393548 0.0068858561745533085 0.0076807185860429256 0.0044581921549809132 -0.0020785509690908394 0.0067168441962828611 0.0054052314126416543 -0.0025490728119087962 0.0021764826849371365 0.0020438759506036207 -0.00096152525712541207
leaf_weight=33.907501399517059 206.80976412445307 100.21908824145794 99.578329525887966 39.481765791773796 60.747589819133282 82.205543108284473 95.562704280018806 50.23513076454401 85.904174454510212 67.863051176071167 546.2840486317873 35.136174127459526 568.83410768210888 784.67229717224836
leaf_count=234 728 427 355 168 210 288 290 189 285 232 1856 114 1884 2574
internal_value=-0.000111954 -0.000255602 -0.00366226 -0.000119948 5.6632e-05 -0.00122142 -0.00197065 0.00385615 0.000997818 -0.000717905 -0.00144074 -0.00545519 0.00061038 0.000286017
internal_weight=2857.44 2823.53 239.279 139.06 2584.25 1084.1 951.656 132.441 1500.16 709.71 641.847 241.946 1414.25 1353.51
internal_count=9834 9600 950 523 8650 3697 3220 477 4953 2378 2146 842 4668 4458
is_linear=0
shrinkage=0.025


Tree=363
num_leaves=15
num_cat=0
split_feature=15 25 9 56 9 56 21 30 51 43 56 44 49 25
split_gain=6.07737 4.89569 5.37955 6.17016 5.27086 6.82796 5.24674 4.67004 6.74401 5.42234 5.05332 4.88274 4.69998 4.66699
threshold=0.085981943516925063 -0.032747413441174496 -0.033131121867565345 0.074064758809413808 0.016821180485163203 0.70067120833699859 0.0061911079690230011 1.4890008162056543 -0.68118686868686862 8.5000000000000018 -0.50013360258431472 30.500000000000004 13.500000000000002 0.010219842325961551
decision_type=2 2 2 2 2 2 2 2 2 2 2 2 2 2
left_child=1 2 3 -1 13 7 -7 8 -6 -10 11 -9 -11 -3
right_child=-2 4 -4 -5 5 6 -8 10 9 12 -12 -13 -14 -15
leaf_value=0.0029727651434017783 0.0089600959265112006 9.8605238943169648e-05 -0.0079813047560270949 -0.0082441228991436653 0.0043543031537015397 -0.0020057847190753019 0.0076560795189126972 0.00037521362731891757 -0.004447756813178317 0.0073757756820898301 -0.0031472136605640577 0.011598491402859847 -0.0036316225943663289 0.0032130832790916728
leaf_weight=97.196545585989952 40.190703317523003 1069.8900578022003 98.979497231543064 38.546836115419865 65.929828137159348 50.225835904479027 82.477840021252632 67.657992608845234 621.81350884586573 44.857135757803917 76.258773639798164 38.010981470346451 39.669228754937649 423.47644951939583
leaf_count=347 266 3527 423 165 202 191 288 234 2111 145 271 125 139 1400
internal_value=-0.000119453 -0.000273607 -0.00369214 -0.000214569 3.42408e-05 -0.00127685 0.00387765 -0.00203625 -0.00289288 -0.00363033 0.00144647 0.00497994 0.00201631 0.00100624
internal_weight=2855.18 2814.99 234.723 135.743 2580.27 1086.9 132.704 954.197 772.27 706.34 181.928 105.669 84.5264 1493.37
internal_count=9834 9568 935 512 8633 3706 479 3227 2597 2395 630 359 284 4927
is_linear=0
shrinkage=0.025


Tree=364
num_leaves=15
num_cat=0
split_feature=26 56 56 8 36 48 32 54 32 56 56 30 36 38
split_gain=2.99374 4.4887 4.15248 5.08229 4.94418 6.6187 7.37469 7.85521 6.95302 6.13391 8.54004 5.1879 5.04664 4.75253
threshold=0.063795489785234458 -0.44613397192768528 -1.5532144673676658 228.98520374514348 50.850000000000009 16.500000000000004 0.95120616651808143 -0.47839934067590989 1.001063352070815 -0.10536051565782634 0.6905922011784037 1.5090362260485526 51.850000000000009 355.50000000000006
decision_type=2 2 2 2 2 2 2 2 2 2 2 2 2 2
left_child=1 -1 -2 4 5 6 -4 -8 -9 -10 -11 12 -6 -14
right_child=2 -3 3 -5 11 -7 7 8 9 10 -12 -13 13 -15
leaf_value=0.012102834359156954 -0.0036923838213240301 -0.00080990819123764413 -0.0064404209457963159 -0.0055274031315486125 -0.0068184332769547539 -0.0040185239903942332 -0.0031663589885749417 0.019678594056217132 0.0019258933855557635 0.017983122365264143 -0.0020408614459829842 -0.0078645086270120543 -0.0093884953822444134 0.0021620138696446588
leaf_weight=29.089041091501713 135.46266715787351 25.538907587528229 21.436730807647109 64.504024606198072 43.250418800860643 44.497517641633749 31.628785649314523 31.935103809460998 92.433681726455688 41.587328460067511 14.368646794930099 41.727241728454828 17.796409923583269 471.5896552670747
leaf_count=130 1294 150 198 818 380 398 288 294 766 340 136 552 144 3946
internal_value=0.00061384 0.00608507 0.000278709 0.000909458 0.0014552 0.00416273 0.00587898 0.00735989 0.0093767 0.00642745 0.0126855 7.74822e-05 0.000813518 0.00160071
internal_weight=1106.85 54.6279 1052.22 916.756 852.252 277.888 233.39 211.954 180.325 148.39 55.956 574.364 532.636 489.386
internal_count=9834 280 9554 8260 7442 2420 2022 1824 1536 1242 476 5022 4470 4090
is_linear=0
shrinkage=0.025


Tree=365
num_leaves=15
num_cat=0
split_feature=37 41 41 51 19 43 43 9 25 36 32 24 51 42
split_gain=5.72839 4.51063 6.96371 7.0137 6.70538 4.98766 4.78228 5.35194 4.72926 4.40074 4.62547 4.3028 4.67967 4.73582
threshold=-11.499999999999998 108.50000000000001 1.5000000000000002 -0.59508740204942723 -0.039680312572874944 1.5000000000000002 -8.4999999999999982 0.071820037084859109 0.033194507059910956 52.45000000000001 1.0224787741904686 0.20920449082117712 0.74414953816947182 192.50000000000003
decision_type=2 2 2 2 2 2 2 2 2 2 2 2 2 2
left_child=-1 2 4 -4 -2 -5 -6 8 11 10 -9 12 13 -8
right_child=1 -3 3 5 6 -7 7 9 -10 -11 -12 -13 -14 -15
leaf_value=0.0034938189775207346 0.0070317489086595608 0.0037107637525097903 -0.0097291582973564744 0 0.0038670165495063667 -0.0056948770857607675 -0.00046438297616909385 0.011817290518780353 -0.0064119811349933626 -0.00041856944521946843 0.00086426584600736694 -0.0085109959257000378 0.0052888968205815493 -0.0058893982423507164
leaf_weight=244.97764053940773 75.555927708745003 145.60595538467169 84.2961400821805 306.30589661747217 148.6406249627471 140.20491150021553 1176.4577277600765 48.125818401575089 100.37357841432095 108.49059804528952 55.612221695482731 39.929382361471653 73.796501852571964 107.03330929577351
leaf_count=1001 254 478 300 1036 491 496 3932 159 424 363 181 139 233 347
internal_value=-0.000110418 -0.000464251 -0.00072802 -0.0032504 -1.62421e-05 -0.00187772 -0.000334294 -0.000724318 -0.00126432 0.00291253 0.0064852 -0.000855149 -0.000581163 -0.000957288
internal_weight=2855.41 2610.43 2464.82 530.807 1934.02 446.511 1858.46 1709.82 1497.59 212.229 103.738 1397.22 1357.29 1283.49
internal_count=9834 8833 8355 1832 6523 1532 6269 5778 5075 703 340 4651 4512 4279
is_linear=0
shrinkage=0.025


Tree=366
num_leaves=15
num_cat=0
split_feature=15 39 51 19 43 18 6 57 11 42 18 16 56 6
split_gain=5.91627 4.79043 4.58613 5.88688 5.70459 4.93781 5.20439 6.02943 4.63305 6.72602 5.05413 7.00763 4.60922 7.7313
threshold=0.085981943516925063 57.000000000000007 0.31840463458110524 0.042504554883953508 5.5000000000000009 0.20805959244802383 8.4047707431405421 -0.27497976132529084 -0.0021456162935812998 109.00000000000001 0.11411791730345167 0.16125197715411232 -0.69553662576454112 13.000584513938071
decision_type=2 2 2 2 2 2 2 2 2 2 2 2 2 2
left_child=1 2 3 4 8 6 7 -6 9 -1 -11 -12 13 -10
right_child=-2 -3 -4 -5 5 -7 -8 -9 12 10 11 -13 -14 -15
leaf_value=-0.0029362670154909811 0.0088713873829172948 -0.0088346400407671565 -0.0021676970009772774 0.0073389272677720418 0.0058328318283219719 -0.0038633928154673011 0.0062939178535209904 -0.005869231607906286 0.0012892743084480963 0.0085749329175768135 -0.0081234452637011824 0.0052980722245914331 0.0020558970350285162 -0.0058530576641380155
leaf_weight=664.49214001744986 39.896545335650444 35.313226602971554 553.20382768660784 68.246883206069469 45.208190858364105 49.493096247315407 215.4608628153801 55.147473350167274 238.35617996752262 54.501099497079849 39.465059101581573 47.742672346532345 599.52444896101952 146.88835436850786
leaf_count=2414 266 125 1944 253 139 179 732 168 724 179 142 186 1906 477
internal_value=-0.000116599 -0.000268459 -0.000134895 0.000363145 0.000114325 0.00294853 0.00413756 -0.00033376 -0.000456457 -0.00186435 0.00292036 -0.000615729 0.000674482 -0.00141003
internal_weight=2852.94 2813.04 2777.73 2224.53 2156.28 365.31 315.817 100.356 1790.97 806.201 141.709 87.2077 984.769 385.245
internal_count=9834 9568 9443 7499 7246 1218 1039 307 6028 2921 507 328 3107 1201
is_linear=0
shrinkage=0.025


Tree=367
num_leaves=15
num_cat=0
split_feature=24 24 28 8 8 46 34 2 56 8 34 46 32 38
split_gain=2.98087 8.01441 6.32645 4.1292 5.56874 7.21487 6.96509 5.99087 5.29205 4.88002 6.41327 6.74145 6.37388 9.64469
threshold=0.19289394726272183 0.20530765907788162 12.735653220219307 148.65009847889783 146.03514078444644 148.50000000000003 355.50000000000006 0.085572299049254813 0.90980285163094698 149.9449619947568 284.50000000000006 139.50000000000003 1.0099907044905592 377.00000000000006
decision_type=2 2 2 2 2 2 2 2 2 2 2 2 2 2
left_child=3 -2 -3 4 8 6 7 -6 -1 12 11 -11 -5 -14
right_child=1 2 -4 9 5 -7 -8 -9 -10 10 -12 -13 13 -15
leaf_value=0.0030990658960002985 -0.012301725588283043 0.012654035577247298 -0.0058811115238626734 0.00019835847325513187 -0.007620073744432198 0.011631823262105937 0.008127164590158718 0.0019208013969190198 -0.007851367924813623 -0.0013643678643517751 0.010898979873064808 0.0084899894663841603 0.017480257910154232 -0.0022484612564020539
leaf_weight=250.02591503039002 33.456921961158514 18.072660945355892 16.667789870873094 56.780338816344738 182.42331165634096 13.689477091655133 19.816008687019348 45.497944977134466 25.118635684251785 302.94208510406315 32.552015878260136 45.501909201964736 47.013900279998779 17.588221630081534
leaf_count=2064 418 182 198 502 1602 106 162 470 242 2722 284 400 326 156
internal_value=0.000604042 -0.00421538 0.00351107 0.000963014 -0.000522991 -0.00314198 -0.00427123 -0.00560783 0.00188785 0.00258895 0.00108264 0 0.00688927 0.0119742
internal_weight=1107.15 68.1974 34.7405 1038.95 536.571 261.427 247.737 227.921 275.145 502.378 380.996 348.444 121.382 64.6021
internal_count=9834 798 380 9036 4646 2340 2234 2072 2306 4390 3406 3122 984 482
is_linear=0
shrinkage=0.025


Tree=368
num_leaves=15
num_cat=0
split_feature=15 39 39 19 9 43 48 29 55 41 49 28 3 16
split_gain=5.90641 4.87757 5.97009 6.00969 6.29101 7.18269 6.00997 6.45074 5.55977 5.32132 5.49156 5.2225 5.27386 5.08342
threshold=-0.089016316215498728 57.000000000000007 6.5000000000000009 -0.039680312572874944 0.071820037084859109 -1.0000000180025095e-35 4.5000000000000009 0.011170705344131502 -0.82206020454642637 108.50000000000001 -39.499999999999993 12.789855502612884 0.99062684618681718 0.084012863088748405
decision_type=2 2 2 2 2 2 2 2 2 2 2 2 2 2
left_child=-1 2 3 -2 5 -5 7 -7 -8 10 -4 12 -6 -10
right_child=1 -3 9 4 11 6 8 -9 13 -11 -12 -13 -14 -15
leaf_value=0.0095938345278301154 0.0064732388211051588 0.0082020989118082571 -0.010607027889094039 0.0011842938048950147 -0.0044181931124367656 -0.0013030974329583287 0.0047143181058494146 -0.0072012681859604747 0.0039651094374946339 0.0022581873527785421 -0.0025418020343382559 0.0071958904206343337 0.0047664283701655341 -0.0028449478489658018
leaf_weight=33.550442226231098 87.202421367168427 36.780897170305252 59.439751446247101 787.48734781146049 71.8828479424119 281.10715215653181 111.80780222266912 212.84336894005537 78.762834191322327 109.19337663054466 453.39966388046741 122.05957467108965 74.069218270480633 333.63304989784956
leaf_count=234 315 122 216 2646 240 891 387 837 236 357 1573 405 248 1127
internal_value=-0.000109701 -0.000250789 -0.000385987 0.000226108 -3.95113e-05 -0.000584672 -0.00197641 -0.00394142 -5.78141e-05 -0.00253704 -0.00361826 0.0034852 8.07839e-05 -0.00145249
internal_weight=2853.22 2819.67 2782.89 2160.86 2073.65 1805.64 1018.15 493.951 524.204 622.033 512.839 268.012 145.952 412.396
internal_count=9834 9600 9478 7332 7017 6124 3478 1728 1750 2146 1789 893 488 1363
is_linear=0
shrinkage=0.025


Tree=369
num_leaves=15
num_cat=0
split_feature=15 39 39 19 9 43 23 48 55 29 35 31 52 47
split_gain=5.75982 4.67477 5.49612 5.70343 6.24665 6.54138 5.63778 5.50819 5.7513 5.4118 5.26253 7.38126 6.27483 5.51216
threshold=0.085981943516925063 -60.499999999999993 -6.4999999999999991 0.042504554883953508 -0.071899537869938634 1.0000000180025095e-35 -0.016653894374945546 4.5000000000000009 0.81800927128873091 -0.010887329555162698 3.4999999999999987 0.0094638180502886523 1.1898263888888891 3.5000000000000004
decision_type=2 2 2 2 2 2 2 2 2 2 2 2 2 2
left_child=1 -1 6 4 -4 7 -3 9 10 -6 12 -12 13 -9
right_child=-2 2 3 -5 5 -7 -8 8 -10 -11 11 -13 -14 -15
leaf_value=0.0080262232229780239 0.0087819421081404541 -0.0067391320725190109 0.0034903913316402589 0.0070255859732118817 -0.0067269576502962591 0.0010958374547341877 -0.0010596538581647056 0.0040440413182577448 0.0047587425237805006 -0.0013257320906527293 0 -0.012417492832724156 -0.0062190733350356228 -0.0052164447730527266
leaf_weight=36.591905489563942 39.595559902489185 144.38025592267513 265.69398221373558 68.70692615956068 217.2490912899375 797.42011625319719 475.17178485542536 193.04331787675619 112.86471823602915 279.33723060786724 56.919069781899452 52.225850507616997 67.53874034434557 43.839579716324806
leaf_count=121 266 546 883 253 852 2675 1596 628 391 883 190 178 216 156
internal_value=-0.000116423 -0.000266014 -0.000398618 0.000188715 -4.07633e-05 -0.000577982 -0.00246658 -0.00190599 -7.03311e-05 -0.00378203 -0.00148904 -0.00607357 0.000145441 0.00215446
internal_weight=2850.58 2810.98 2774.39 2154.84 2086.13 1820.44 619.552 1023.02 526.431 496.586 413.567 109.145 304.422 236.883
internal_count=9834 9568 9447 7305 7052 6169 2142 3494 1759 1735 1368 368 1000 784
is_linear=0
shrinkage=0.025


Tree=370
num_leaves=15
num_cat=0
split_feature=24 26 28 8 8 46 34 2 56 8 46 36 50 46
split_gain=2.89943 9.93809 5.7206 3.99538 5.36811 6.99874 6.7872 5.85788 5.14263 4.71003 6.26192 6.10011 5.69758 8.42612
threshold=0.19289394726272183 0.2087861026566448 12.735653220219307 148.65009847889783 146.03514078444644 148.50000000000003 355.50000000000006 0.085572299049254813 0.90980285163094698 151.98442467114697 114.50000000000001 46.750000000000007 59.500000000000007 133.50000000000003
decision_type=2 2 2 2 2 2 2 2 2 2 2 2 2 2
left_child=3 -2 -3 4 8 6 7 -6 -1 10 -5 -11 13 -13
right_child=1 2 -4 9 5 -7 -8 -9 -10 11 -12 12 -14 -15
leaf_value=0.003043219421332042 -0.011907552172154686 0.014982649571829945 -0.0039533297631517226 0.0085267725089664993 -0.007538855874354016 0.011402648806784011 0.0079927179086364108 0.0018928084498715352 -0.0077772854019362144 0.0079493678936233426 0.00022437094904770522 -0.0018883945687813283 -0.010244165200760484 0.013090717528157415
leaf_weight=250.59322308376431 39.340861150994897 14.914247017353775 13.66010116226971 134.70359832793474 181.29052351787686 13.819511804729698 19.928207008168101 45.560953864827752 24.93867919780314 46.410695048049092 106.86844891496003 158.47106836922467 34.307599831372499 22.348129957914352
leaf_count=2064 500 142 156 1042 1602 106 162 470 242 404 918 1490 346 190
internal_value=0.000600952 -0.00416089 0.00594497 0.000954516 -0.000507999 -0.0030869 -0.00420793 -0.0055368 0.00185357 0.00255189 0.00503431 0.000113747 -0.00160528 0.000130819
internal_weight=1107.16 67.9152 28.5743 1039.24 536.131 260.599 246.78 226.851 275.532 503.11 241.572 261.537 215.127 180.819
internal_count=9834 798 298 9036 4646 2340 2234 2072 2306 4390 1960 2430 2026 1680
is_linear=0
shrinkage=0.025


Tree=371
num_leaves=15
num_cat=0
split_feature=17 35 51 43 28 44 14 25 17 32 31 25 54 28
split_gain=5.43152 4.78088 4.85917 6.11432 6.88268 5.99737 6.03814 6.84416 6.71309 6.70087 5.66171 5.2846 4.22242 4.21739
threshold=-0.076827728555550132 3.649999999999999 -0.13995670995670997 -2.4999999999999996 13.011812196165819 20.500000000000004 0.11464744903734027 -0.032171122964072991 -0.012631887848259199 0.98943599198113519 -0.041273431954889445 0.033821235533655958 -0.21902601471956654 12.66740321399716
decision_type=2 2 2 2 2 2 2 2 2 2 2 2 2 2
left_child=-1 2 -2 4 13 10 8 -8 -7 -10 -5 -9 -3 -4
right_child=1 12 3 5 -6 6 7 11 9 -11 -12 -13 -14 -15
leaf_value=0.0069575513581937812 -0.002960742580870633 -0.00090836080003569859 0.00084760678698257968 0.0026245913729667134 -0.0041143178529276661 0.0079775301798742718 0.0077052186069477757 -0.0014209869399510798 0.0072229382590552477 -0.0034323396687052942 -0.005687491449587221 -0.0097167835661890259 0.0028406489143043491 0.0066305171552896698
leaf_weight=61.142223469913006 535.96372071653605 292.77322206646204 164.74221418052912 56.156299367547035 75.206786289811134 100.13452911376953 39.237298540771008 411.39374291151762 48.441361531615257 113.83263919502497 253.79518690705299 52.108631938695908 473.19243936240673 172.82703067362309
leaf_count=390 1898 966 552 199 241 298 135 1366 156 373 892 211 1586 571
internal_value=-0.00010886 -0.000284845 -0.000928598 -0.000172367 0.00237678 -0.00118071 0 -0.00158692 0.00305467 0 -0.00408439 -0.00250074 0.00137865 0.00393485
internal_weight=2850.95 2789.81 2023.84 1487.88 412.776 1075.1 765.148 502.74 262.409 162.274 309.951 463.502 765.966 337.569
internal_count=9834 9444 6892 4994 1364 3630 2539 1712 827 529 1091 1577 2552 1123
is_linear=0
shrinkage=0.025


Tree=372
num_leaves=15
num_cat=0
split_feature=37 38 20 41 39 51 19 43 56 56 36 28 9 21
split_gain=5.70168 4.59293 6.50427 4.47431 8.51258 6.71386 6.53199 5.2044 6.04914 5.83886 6.87527 5.39462 4.78271 6.45142
threshold=11.500000000000002 382.50000000000006 0.092390932057190553 -108.49999999999999 -1.4999999999999998 0.43467853839037934 0.042504554883953508 1.0000000180025095e-35 -0.35580989181984096 -1.1482159998599726 58.45000000000001 12.649140538128769 -0.025708340295663549 -0.0040658079697615491
decision_type=2 2 2 2 2 2 2 2 2 2 2 2 2 2
left_child=3 2 -2 -1 5 -5 7 12 9 -9 11 -11 -6 -14
right_child=1 -3 -4 4 6 -7 -8 8 -10 10 -12 -13 13 -15
leaf_value=0.0036964242010593105 -0.0020691889266242487 -0.0029061817253002793 0.0078170391020373989 -0.0018830041643950477 0.00081786239079785885 -0.0087634330978720084 0.0079739920155439039 0.00011108782000882145 -0.0010176605283424979 0.0015818417648806194 -0.0027489930634206155 0.011062855546170883 -0.0057852335884778566 -0.00072891273415850229
leaf_weight=144.99112059921026 49.889064595103264 48.022507585585117 146.84507235139608 389.72941696643829 378.85351893305779 117.92348080128431 57.467963322997093 210.85037168115377 377.08944249153137 65.56000491976738 39.592099070549011 121.32661458849907 252.35677682608366 447.7404071688652
leaf_count=478 157 201 643 1339 1266 431 198 678 1289 213 134 400 942 1465
internal_value=-0.000116317 0.00348063 0.00519695 -0.000470079 -0.000732953 -0.00359992 7.61135e-06 -0.000241382 0.00124687 0.00324542 0.00599003 0.00799507 -0.00138838 -0.00261507
internal_weight=2848.24 244.757 196.734 2603.48 2458.49 507.653 1950.84 1893.37 814.419 437.329 226.479 186.887 1078.95 700.097
internal_count=9834 1001 800 8833 8355 1770 6585 6387 2714 1425 747 613 3673 2407
is_linear=0
shrinkage=0.025


Tree=373
num_leaves=15
num_cat=0
split_feature=26 56 56 8 36 56 56 54 34 34 54 28 30 38
split_gain=2.85991 4.29182 4.0938 4.91623 4.70414 6.32555 8.30604 9.54263 5.34216 5.20793 6.54864 7.33494 11.0757 8.55712
threshold=0.063795489785234458 -0.44613397192768528 -1.5532144673676658 228.98520374514348 51.050000000000004 -0.10536051565782634 0.71710320559262108 -0.3388002284108228 168.50000000000003 244.50000000000003 0.056862767257064704 12.671127376040712 1.5090362260485526 370.50000000000006
decision_type=2 2 2 2 2 2 2 2 2 2 2 2 2 2
left_child=1 -1 -2 4 5 8 7 -7 -4 10 11 12 13 -6
right_child=2 -3 3 -5 9 6 -8 -9 -10 -11 -12 -13 -14 -15
leaf_value=0.011782950013844261 -0.0036773213910167996 -0.00080542670605059932 0.0033833744222500602 -0.0054538759255287339 -7.0105283288943526e-05 -0.0032808093502633621 -0.0032889649229798494 0.016156749125960705 -0.0062940902639215526 0.0055730611954103379 -0.0042884569310761896 -0.0014969938997696634 -0.0075657635975901472 0.016276311883370861
leaf_weight=29.359287850558758 135.29236717708409 25.52216612547636 140.50482799112797 64.127461863681674 25.685376616194844 15.664657300338147 22.862773925065994 68.220277782529593 41.388318873941898 86.066629439592361 205.6484300903976 172.12307628802955 20.708199348300695 54.010658510029316
leaf_count=130 1294 150 1202 818 218 142 228 556 384 720 1824 1428 266 474
internal_value=0.000597096 0.0059329 0.000268429 0.00089447 0.00142994 0.00399771 0.00871217 0.0122654 0.000938103 4.88957e-05 -0.000941037 0.00152659 0.00677224 0.0110197
internal_weight=1107.18 54.8815 1052.3 917.011 852.883 288.641 106.748 83.8849 181.893 564.242 478.176 272.527 100.404 79.696
internal_count=9834 280 9554 8260 7442 2512 926 698 1586 4930 4210 2386 958 692
is_linear=0
shrinkage=0.025


Tree=374
num_leaves=15
num_cat=0
split_feature=15 39 39 23 25 47 9 28 41 30 20 25 40 7
split_gain=5.39096 4.56816 5.81476 6.34836 6.10407 5.5003 5.38259 5.48466 5.01475 6.21274 4.92755 3.94341 4.25698 7.62748
threshold=-0.076650810768733438 57.000000000000007 1.5000000000000002 0.016653894374945553 -0.045670563990796192 -13.499999999999998 0.074255322573688609 12.795084210963504 22.000000000000004 1.4817102034177398 0.15063562746063552 0.032603960168680307 89.500000000000014 -0.57187837723995461
decision_type=2 2 2 2 2 2 2 2 2 2 2 2 2 2
left_child=-1 2 4 5 -2 -4 11 10 9 -7 -8 12 -6 -14
right_child=1 -3 3 -5 6 8 7 -9 -10 -11 -12 -13 13 -15
leaf_value=0.0069405906579982348 0.0069811450272780394 0.007917014283093049 -0.0088801660770628753 -0.0070247501385437483 8.4716486215725918e-05 -0.0040946474087710299 -0.0040488104737055356 0.0073589898273571366 0.003172392948453371 0.0050710604343995724 0.0053608805399968503 -0.0048030871220830391 -0.01339989120402792 0.0006984372851370097
leaf_weight=60.989302791655064 75.005318738520145 36.541337929666042 45.452694363892078 145.81642524898052 1591.6928971856833 222.98280183970928 77.449391208589077 110.95108612626791 168.93401571363211 51.347860813140869 55.131961368024349 121.39417028427124 36.527622282505035 48.402604833245277
leaf_count=390 265 121 153 551 5283 753 249 361 547 179 191 504 126 161
internal_value=-0.000107653 -0.000282961 -0.000415113 -0.00250722 0.00020474 -0.00105122 -4.84533e-05 0.00338717 -0.000102571 -0.00222949 0 -0.000535759 -0.000198559 -0.00549501
internal_weight=2848.62 2787.63 2751.09 634.534 2116.56 488.717 2041.55 243.532 443.265 274.331 132.581 1798.02 1676.62 84.9302
internal_count=9834 9444 9323 2183 7140 1632 6875 801 1479 932 440 6074 5570 287
is_linear=0
shrinkage=0.025


Tree=375
num_leaves=15
num_cat=0
split_feature=15 39 39 23 9 25 16 43 49 53 55 53 26 48
split_gain=5.59003 4.47945 5.15795 5.45653 5.2624 6.22733 5.76914 5.65592 6.04257 6.2666 5.41759 5.68129 5.28261 5.18146
threshold=0.085981943516925063 -60.499999999999993 -6.4999999999999991 -0.016653894374945546 -0.071899537869938634 -0.024858106311447397 0.18406327835648503 1.0000000180025095e-35 -18.499999999999996 0.3594197872158203 1.3697273553179861 0.56676523944538693 0.15099698151244215 16.500000000000004
decision_type=2 2 2 2 2 2 2 2 2 2 2 2 2 2
left_child=1 -1 3 -3 13 6 -6 8 9 12 11 -10 -7 -4
right_child=-2 2 4 -5 5 7 -8 -9 10 -11 -12 -13 -14 -15
leaf_value=0.0078585797050387193 0.0086857886335735598 -0.0066090585942384667 0.0017403423540222193 -0.0010132835940287821 -0.0016674706878867689 0.0022780159581318 -0.011335577435918209 0.0018726672331988666 -0.0021269348480105793 0.007073927079608593 0.0044939902153551328 -0.010262226315797799 -0.007123121291744622 0.0113933446478214
leaf_weight=36.547584131360054 39.248178519308567 143.84229262918234 226.76318692415953 474.57737477123737 166.2578554674983 103.21474149823189 50.103039734065533 736.30894954502583 565.38626364246011 95.910293608903885 59.840028502047062 57.780462682247162 51.01501540094614 39.265694655478001
leaf_count=121 266 546 762 1596 637 325 214 2443 1902 312 212 203 171 124
internal_value=-0.000114979 -0.000262159 -0.000392268 -0.00239751 0.000176651 -0.000278543 -0.00422474 0.000229041 -0.0010443 0.00220015 -0.00227621 -0.00299672 -0.000800647 0.00344126
internal_weight=2846.06 2806.81 2770.27 618.42 2151.85 1885.82 216.361 1669.46 933.147 250.14 683.007 623.167 154.23 266.029
internal_count=9834 9568 9447 2142 7305 6419 851 5568 3125 808 2317 2105 496 886
is_linear=0
shrinkage=0.025


Tree=376
num_leaves=15
num_cat=0
split_feature=44 32 32 50 50 3 52 56 22 32 34 34 8 8
split_gain=3.00912 5.37805 5.5529 5.36325 11.1177 7.23548 13.2629 7.98424 7.03552 6.7984 6.66931 9.70231 13.1649 10.8139
threshold=32.500000000000007 1.067787843806465 1.0798043866857741 73.500000000000014 59.500000000000007 0.96183593932407152 1.3235432572725332 -0.91240303634796682 0.12276761405889546 1.0826547449872488 54.500000000000007 118.50000000000001 148.70054918141562 145.93995817977543
decision_type=2 2 2 2 2 2 2 2 2 2 2 2 2 2
left_child=3 -2 -3 4 8 -5 7 -7 9 10 -1 -12 13 -13
right_child=1 2 -4 5 -6 6 -8 -9 -10 -11 11 12 -14 -15
leaf_value=0.015572317750536727 -0.0034884781839227457 0.014605752610170759 -0.00029620553830018396 0.015981747763767044 -0.0091932122441639088 -0.00050581027341534005 -0.01023269136385533 0.021555951935818884 -0.00048168412285006759 -0.0078930944498895629 -0.0028982081411171577 0.0091182557292043016 0.014773752559280054 -0.0090238034690582666
leaf_weight=34.272310715168715 216.60740126110613 17.815191391855478 39.364284010604024 30.487710263580084 60.532357754185796 15.208413051441314 27.497310481965542 16.402667310088873 406.76415319368243 19.149856232106686 78.467125775292516 35.632719345390797 72.698503887280822 36.51344532892108
leaf_count=242 2020 130 302 186 548 134 260 126 4288 136 534 214 462 252
internal_value=0.000588637 -0.00162483 0.00474581 0.00135077 0.000596817 0.006985 0.00107004 0.0116395 0.00156062 0.00460657 0.00576366 0.00384073 0.00763316 0
internal_weight=1107.41 273.787 57.1795 833.627 744.03 89.5961 59.1084 31.6111 683.498 276.734 257.584 223.312 144.845 72.1462
internal_count=9834 2452 432 7382 6676 706 520 260 6128 1840 1704 1462 928 466
is_linear=0
shrinkage=0.025


Tree=377
num_leaves=15
num_cat=0
split_feature=37 35 51 43 28 44 18 53 55 42 26 27 24 2
split_gain=5.24727 4.42854 7.14526 6.22969 6.04265 5.93266 8.15539 5.98157 5.2436 5.04591 5.18112 5.19263 4.93803 4.74498
threshold=-11.499999999999998 -3.6999999999999971 0.15523326572008117 1.0000000180025095e-35 12.994127566484853 20.500000000000004 0.09844691862713377 -0.20544397421480895 0.20147707612217622 32.500000000000007 0.14797458105153424 -0.014934514665703998 0.14208941030902042 0.050726605541079807
decision_type=2 2 2 2 2 2 2 2 2 2 2 2 2 2
left_child=-1 -2 3 5 -5 12 13 -8 -6 10 -9 -12 -3 -7
right_child=1 2 -4 4 8 6 7 9 -10 -11 11 -13 -14 -15
leaf_value=0.003354209433039726 -0.0021757409735935038 0.0079236867403902119 0.0027074353638011049 -0.0041481980084048719 0.0066556342868792449 -0.00021270924275949125 0.0070256248455183995 -0.0013381826335414789 -0.0036950294038932321 -0.0039794310642015341 0.0099025119917927635 -0.0001785044346539214 0.00056627141171127111 -0.0098593382169139907
leaf_weight=243.45193191617727 678.74321519583464 101.81564687937498 504.6206102669239 438.70399209111929 65.289517916738987 60.995988175272942 75.814667046070099 144.61704386770725 46.689321599900723 151.09906777739525 65.902438558638096 49.202850729227066 141.5560587644577 77.95330123603344
leaf_count=1001 2383 329 1634 1541 220 183 260 483 153 507 231 163 505 241
internal_value=-0.000105909 -0.000444921 0.000156688 -0.000738764 -0.00281409 0.000556402 -0.000702669 0.000790849 0.00215276 -0.000370264 0.00167051 0.0055571 0.00384248 -0.00595281
internal_weight=2846.46 2603 1924.26 1419.64 550.683 868.957 625.585 486.636 111.979 410.821 259.722 115.105 243.372 138.949
internal_count=9834 8833 6450 4816 1914 2902 2068 1644 373 1384 877 394 834 424
is_linear=0
shrinkage=0.025


Tree=378
num_leaves=15
num_cat=0
split_feature=15 25 9 56 9 56 46 7 36 10 21 28 33 36
split_gain=5.4511 4.38715 5.16855 6.00325 4.90026 6.58934 5.83652 5.42547 5.21681 6.94153 4.97187 4.32707 4.5983 4.30237
threshold=0.085981943516925063 -0.032747413441174496 -0.033131121867565345 0.074064758809413808 0.016821180485163203 0.70067120833699859 96.500000000000014 -4.4200242784139681 60.250000000000007 1.9712695449421387 0.0061911079690230011 12.549008922835773 -74.499999999999986 62.95000000000001
decision_type=2 2 2 2 2 2 2 2 2 2 2 2 2 2
left_child=1 2 3 -1 7 6 11 -3 9 -8 -7 -6 -13 -9
right_child=-2 4 -4 -5 5 10 8 13 -10 -11 -12 12 -14 -15
leaf_value=0.003041891546000763 0.00860312886586132 0.0065882565579678601 -0.0077345035024690232 -0.0080674295862678529 0.0021427706056117821 -0.0018911756261995611 0.004432006863820042 0.00092665363334259142 0.0054810428560281167 -0.0026477912772503252 0.0075277235295783083 0.00057001991156501114 -0.0084062453756885355 -0.0046029344308039987
leaf_weight=96.843746528029442 38.985846020281315 96.042574405670166 97.912874732166529 38.190550915896893 34.230564035475254 49.9624974578619 95.894278571009636 1305.1657264754176 68.139026373624802 545.11477127671242 82.050578288733959 37.659090429544449 169.76098508015275 88.293098457157612
leaf_count=347 266 319 423 165 123 191 292 4305 233 1856 288 123 600 303
internal_value=-0.000113631 -0.000258759 -0.00350758 -9.73983e-05 3.19865e-05 -0.0012345 -0.00198185 0.000970452 -0.000782116 -0.00152386 0.0038416 -0.00531401 -0.00668377 0.000543204
internal_weight=2844.25 2805.26 232.947 135.034 2572.31 1082.81 950.799 1489.5 709.148 641.009 132.013 241.651 207.42 1393.46
internal_count=9834 9568 935 512 8633 3706 3227 4927 2381 2148 479 846 723 4608
is_linear=0
shrinkage=0.025


Tree=379
num_leaves=15
num_cat=0
split_feature=44 32 44 6 26 4 12 12 4 36 36 48 34 26
split_gain=2.94594 5.3845 4.8401 4.62051 3.70845 4.42194 7.02369 8.16142 6.87356 10.8927 6.62639 6.57562 6.47454 6.41726
threshold=10.500000000000002 1.0290053368100638 14.500000000000002 11.510161403816968 0.064598645689242964 22.713328678222304 0.070105252498854562 0.091571980468980421 23.113508186779871 57.650000000000013 49.550000000000004 6.5000000000000009 207.50000000000003 0.091300883887778961
decision_type=2 2 2 2 2 2 2 2 2 2 2 2 2 2
left_child=1 3 -2 -1 -4 -6 -7 -8 9 10 -9 -11 -12 -10
right_child=2 -3 4 -5 5 6 7 8 13 11 12 -13 -14 -15
leaf_value=0.017222890252274276 -0.0057089266799376873 -0.002511626171223713 0.0066470099354891191 0.00018537960590769831 -0.0065982471552860668 0.0094200334905159278 -0.0062500204525542061 0.0094251761693939836 -0.0080003432428068406 0.027322080413912132 -0.0065206009046750446 0.0030110174298613778 0.0096737511785054166 0.00074827305961254822
leaf_weight=22.730930015444756 73.908541481941938 26.563160674646497 57.120640128850937 20.478898135945201 49.222136478871107 49.69444577395916 102.84575268253684 39.731292454525828 53.285816516727209 15.87055662460625 58.513500280678272 16.453509606420994 14.744951479136942 506.29337964020669
leaf_count=138 718 228 298 242 356 246 720 306 438 122 504 132 102 5284
internal_value=0.000582916 0.00539038 0.000211391 0.0105234 0.000718326 0.00028298 0.000742958 0.000123691 0.00112632 0.00587628 0.00168203 0.0176782 -0.00253185 -0.000104006
internal_weight=1107.46 69.773 1037.68 43.2098 963.776 906.655 857.433 807.739 704.893 145.314 112.99 32.3241 73.2585 559.579
internal_count=9834 608 9226 380 8508 8210 7854 7608 6888 1166 912 254 606 5722
is_linear=0
shrinkage=0.025


Tree=380
num_leaves=15
num_cat=0
split_feature=5 7 39 39 25 23 47 51 43 41 30 35 45 23
split_gain=5.19051 6.25452 5.03688 5.07525 5.63126 5.43575 5.3326 4.92613 5.28572 4.8514 5.90113 4.73565 4.68041 9.93227
threshold=-5.2125823043413932 1.1802594645236371 57.000000000000007 1.5000000000000002 -0.045670563990796192 0.016653894374945553 -13.499999999999998 0.54432836757821157 -1.0000000180025095e-35 22.000000000000004 1.4817102034177398 -4.6999999999999966 22.500000000000004 -0.014756821044555748
decision_type=2 2 2 2 2 2 2 2 2 2 2 2 2 2
left_child=1 -1 3 4 -2 6 -5 8 11 10 -8 -6 -10 -14
right_child=2 -3 -4 5 7 -7 9 -9 12 -11 -12 -13 13 -15
leaf_value=-0.00064331235393223567 0.0067120230312092636 0.012788906833882544 0.0083443185717767734 -0.0087548848254170673 -0.0034901724849275596 -0.0065834660827542987 -0.004024317530014942 0.0030956955630251806 -0.0027089719757392751 0.0031233922315204361 0.0050080630526061652 0.0017342556020594339 0.010676311424976439 -0.0016775515633460367
leaf_weight=36.687244094908237 73.730224259197712 37.36049959808588 36.294017270207405 45.236448533833027 121.59571964293718 145.30104959756136 220.55005022883415 256.32693298906088 773.12983483076096 168.69996018707752 49.887735567986965 683.06257585436106 49.739827670156956 146.98705577850342
leaf_count=202 257 266 119 153 427 551 742 827 2618 545 172 2254 158 543
internal_value=-0.000105175 0.00619786 -0.000293504 -0.000432309 0.000147132 -0.00239427 -0.0010321 -9.48278e-05 -0.000577148 -9.06716e-05 -0.00220668 0.000897212 -0.00182435 0.00150924
internal_weight=2844.59 74.0477 2770.54 2734.25 2104.57 629.675 484.374 2030.84 1774.52 439.138 270.438 804.658 969.857 196.727
internal_count=9834 468 9366 9247 7084 2163 1612 6827 6000 1459 914 2681 3319 701
is_linear=0
shrinkage=0.025


Tree=381
num_leaves=15
num_cat=0
split_feature=15 35 51 43 44 56 10 6 7 24 42 19 47 44
split_gain=5.32239 4.28742 6.96177 6.27098 6.2646 6.34896 5.72844 5.59138 5.00934 8.22262 4.85458 5.47698 4.68481 4.607
threshold=0.085981943516925063 3.649999999999999 -0.42447242527887685 1.0000000180025095e-35 20.500000000000004 -1.2809338454620642 1.9347676852218401 6.2941828372483455 -2.4493521604423516 0.13491880006799098 62.500000000000007 -0.0019797717138284993 -6.4999999999999991 24.500000000000004
decision_type=2 2 2 2 2 2 2 2 2 2 2 2 2 2
left_child=1 2 10 -4 5 -5 -3 -6 -7 -10 11 -1 -13 -8
right_child=-2 6 3 4 7 8 13 -9 9 -11 -12 12 -14 -15
leaf_value=-0.0024094909795796984 0.0085251023458194474 -0.0096122150498316253 -0.0018346132320002193 0.01338900515917902 -0.0059732673341457692 0.0097935289104697735 -0.0034911476200052902 0.00072555432566991497 0.0074262121588073195 -0.0034372462107702356 0.0096503972111372481 0.009130955436843894 -0.00050596718645911558 0.000565831829457572
leaf_weight=93.792223535478115 38.732082799077034 51.558729290962219 834.05182269960642 37.922433316707611 83.954476833343506 41.795148000121117 303.92558571696281 613.2656662389636 63.293312199413776 113.74563999474049 67.467469573020935 72.991485424339771 44.259573206305504 381.43745578080416
leaf_count=297 266 162 2875 128 252 146 1079 2068 206 414 220 242 150 1329
internal_value=-0.000113194 -0.000256406 0.000317829 -0.000245461 0.00112017 0.00442007 -0.00189171 -8.22585e-05 0.00248976 0.000406521 0.00396286 0.00184766 0.00541683 -0.00120929
internal_weight=2842.19 2803.46 2066.54 1788.03 953.977 256.757 736.922 697.22 218.834 177.039 278.511 211.043 117.251 685.363
internal_count=9834 9568 6998 6089 3214 894 2570 2320 766 620 909 689 392 2408
is_linear=0
shrinkage=0.025


Tree=382
num_leaves=15
num_cat=0
split_feature=44 32 32 50 50 22 54 32 32 34 34 8 8 32
split_gain=2.91357 5.21823 5.3277 5.19508 10.8001 6.81199 6.73795 7.79886 6.57531 6.39222 9.33679 12.5416 10.4767 9.64889
threshold=32.500000000000007 1.067787843806465 1.0798043866857741 73.500000000000014 59.500000000000007 0.12276761405889546 -0.11122563511022424 1.0104818934136721 1.0826547449872488 54.500000000000007 118.50000000000001 148.70054918141562 145.93995817977543 0.96299307587779637
decision_type=2 2 2 2 2 2 2 2 2 2 2 2 2 2
left_child=3 -2 -3 4 5 8 -5 -8 9 -1 -11 12 -12 -13
right_child=1 2 -4 6 -6 -7 7 -9 -10 10 11 13 -14 -15
leaf_value=0.015215055593480143 -0.0034430319243805799 0.014255741136760919 -0.00028644799263477803 0.012474785776228587 -0.0091040175411615902 -0.00047851504854781149 -0.010174428233655075 0.0097167333966405797 -0.0078055921409831315 -0.0028560227587627537 0.0089222545626319195 0 -0.0089382285875101424 0.019689585769571218
leaf_weight=34.636148216202855 215.97686477005482 18.029393773525953 39.340011481195688 50.751818591728806 60.023143444210291 406.64673609286547 21.229882704094052 17.952305186539888 18.997410245239735 78.261987065896392 35.865029904991388 21.012280732393265 36.241011757403612 52.453366719186306
leaf_count=242 2020 130 302 390 548 4288 192 124 136 534 214 144 252 318
internal_value=0.000580126 -0.00159956 0.00465934 0.00132953 0.000585919 0.00153226 0.00686413 -0.000426702 0.00452401 0.00565605 0.00376751 0.00747106 0 0.0143877
internal_weight=1107.42 273.346 57.3694 834.071 744.137 684.114 89.934 39.1822 277.467 258.47 223.834 145.572 72.106 73.4656
internal_count=9834 2452 432 7382 6676 6128 706 316 1840 1704 1462 928 466 462
is_linear=0
shrinkage=0.025


Tree=383
num_leaves=15
num_cat=0
split_feature=15 35 51 10 43 28 52 8 41 44 41 37 56 21
split_gain=5.05697 4.26366 6.64095 5.97742 5.91137 7.34481 7.05127 6.50066 5.89561 5.25315 5.0211 4.60393 5.71457 4.99084
threshold=-0.076650810768733438 -3.6999999999999971 0.42841000807102497 1.9347676852218401 2.5000000000000004 13.011812196165819 0.42368035190615833 146.87862818640488 -129.49999999999997 24.500000000000004 -5.4999999999999991 -10.499999999999998 -1.6093453969374905 0.0090112624887942524
decision_type=2 2 2 2 2 2 2 2 2 2 2 2 2 2
left_child=-1 3 4 -2 8 7 -7 -6 -3 -5 -4 -11 -13 -14
right_child=1 2 10 9 5 6 -8 -9 -10 11 -12 12 13 -15
leaf_value=0.006762971081089946 -0.0098196341900140486 -0.0081817644275892134 0.0079833132080491583 -0.0036635280655748152 -0.00017448580113866088 0.010890786967419762 -0.0018338848509455111 -0.0067293804861790806 0.00098191623799022301 0.0083033744169420109 0.00091134345718715489 0.0072483596439594546 0.0012306887932574063 -0.0051570258203434537
leaf_weight=60.20571456104517 51.207117006182671 40.100817307829857 108.32827109843493 300.77113656699657 170.5143928155303 39.826271690428257 60.017080321907997 233.37364763766527 1234.5506329834461 39.168718874454498 165.13642819225788 48.122662052512169 158.08776757866144 132.97986287623644
leaf_count=390 161 126 347 1066 589 130 200 825 4144 134 537 155 528 502
internal_value=-0.000104678 -0.000274127 0.000300045 -0.0019123 -0.000248203 -0.00253724 0.0032807 -0.00405913 0.000643246 -0.00121213 0.0038956 0.000693726 -0.000220237 -0.00164103
internal_weight=2842.39 2782.18 2051.85 730.337 1778.38 503.731 99.8434 403.888 1274.65 679.13 273.465 378.359 339.19 291.068
internal_count=9834 9444 6898 2546 6014 1744 330 1414 4270 2385 884 1319 1185 1030
is_linear=0
shrinkage=0.025


Tree=384
num_leaves=15
num_cat=0
split_feature=37 38 20 13 35 51 43 44 16 56 17 38 33 56
split_gain=5.2755 4.49037 6.27179 3.8369 3.77063 7.07091 5.8235 5.96146 7.17165 5.59509 9.21695 5.46708 7.39262 5.36663
threshold=11.500000000000002 382.50000000000006 0.092390932057190553 0.0084235369363751516 3.649999999999999 -0.15098489459414596 -1.0000000180025095e-35 20.500000000000004 0.10260549491599343 -0.66635792579361985 -0.040521103785158941 380.00000000000006 44.500000000000007 -1.1482159998599726
decision_type=2 2 2 2 2 2 2 2 2 2 2 2 2 2
left_child=4 2 -2 -4 5 -1 9 -8 -9 13 -11 -6 -13 -7
right_child=1 -3 3 -5 11 6 7 8 -10 10 -12 12 -14 -15
leaf_value=0.0026140529549602064 -0.0020599800604954306 -0.0029597359855852187 0 0.0096088049255624603 -0.0032939831654873377 -0.0022304045234233399 0.0037664460608913663 -0.0053148323894951447 0.00072902226276605562 -0.010986147159878536 0.00097720012729404738 -0.001047926724042118 0.010907662358026385 -0.010522717555601462
leaf_weight=512.75604024529457 49.818362347781658 47.866548471152782 29.01840253174305 116.63406457006931 520.9328384436667 129.62578944116831 241.03546096384525 159.52679888159037 462.04479515552521 41.51963897049427 282.2002670019865 120.83518813550472 37.519767589867115 89.079126033931971
leaf_count=1665 157 201 85 558 1817 448 827 488 1571 226 913 424 144 310
internal_value=-0.000111002 0.00335884 0.00506605 0.00765683 -0.000451552 0.000104285 -0.000799928 0.000452662 -0.000812272 -0.00282351 -0.000624907 -0.00204664 0.00187889 -0.00587934
internal_weight=2840.41 243.337 195.471 145.652 2597.08 1917.79 1405.03 862.607 621.572 542.425 323.72 679.288 158.355 218.705
internal_count=9834 1001 800 643 8833 6448 4783 2886 2059 1897 1139 2385 568 758
is_linear=0
shrinkage=0.025


Tree=385
num_leaves=15
num_cat=0
split_feature=44 32 44 6 10 32 32 10 10 32 4 4 2 2
split_gain=2.84165 5.20522 4.6968 4.37666 3.55232 6.45626 7.45437 4.84248 7.82363 7.9923 8.01474 9.26728 7.23395 7.83184
threshold=10.500000000000002 1.0290053368100638 14.500000000000002 11.510161403816968 1.9626754775558803 1.0099907044905592 1.081659379063687 2.0337521314880287 2.0373733209041389 1.0368545456572145 23.038992358727231 23.241528321136574 0.085179188973014158 0.085664623717732771
decision_type=2 2 2 2 2 2 2 2 2 2 2 2 2 2
left_child=1 3 -2 -1 5 -4 -7 -6 -9 -10 -11 -12 -13 -14
right_child=2 -3 4 -5 7 6 -8 8 9 10 11 12 13 -15
leaf_value=0.016774606739217286 -0.0056411203443945089 -0.0024900144360429132 -0.0027504083762285914 0.00018581832449598607 -0.0031959078347987787 0.0098342623509887657 -0.0044749436294312496 0.017155514955077753 -0.0017520857108133045 0.016514343824545908 -0.0048158830379302388 0.014518425471815559 -0.0061377019132751046 0.0082585645873750856
leaf_weight=23.030619237571955 73.539600512012839 26.518086671829224 56.393101140856743 20.473029291257262 214.10315836593509 102.20801517739892 23.048509493470192 13.642481051385401 338.8458315897733 24.97127279266715 67.282357221469283 39.574175892397761 37.702051987871528 46.232847986742854
leaf_count=138 718 228 352 242 1664 540 136 108 3598 184 714 406 386 420
internal_value=0.000571204 0.00528454 0.000205311 0.0103072 0.000703916 0.0038036 0.00693859 -3.61059e-06 0.00117294 0.000585354 0.00432599 0.00222206 0.00628877 0.0015294
internal_weight=1107.57 70.0217 1037.54 43.5036 964.004 181.65 125.257 782.354 568.251 554.609 215.763 190.791 123.509 83.9349
internal_count=9834 608 9226 380 8508 1028 676 7480 5816 5708 2110 1926 1212 806
is_linear=0
shrinkage=0.025


Tree=386
num_leaves=15
num_cat=0
split_feature=15 39 39 23 25 9 43 28 47 3 41 9 25 7
split_gain=4.91952 4.25109 5.38099 5.93309 5.65293 5.17496 5.5558 5.255 5.11629 4.73193 4.70662 3.9002 3.71605 4.7011
threshold=-0.076650810768733438 57.000000000000007 1.5000000000000002 0.016653894374945553 -0.045670563990796192 0.074255322573688609 -8.4999999999999982 12.795084210963504 -13.499999999999998 0.99062684618681718 22.000000000000004 -0.016328249898863546 0.033194507059910956 -1.884789357626566
decision_type=2 2 2 2 2 2 2 2 2 2 2 2 2 2
left_child=-1 2 4 8 -2 6 -6 9 -4 -7 11 -10 13 -8
right_child=1 -3 3 -5 5 7 12 -9 10 -11 -12 -13 -14 -15
leaf_value=0.0066859406125210118 0.0067401992269454803 0.0076475729932450904 -0.0085786708360790845 -0.006798844922567643 0.0040248659832791854 -0.0046946681649140112 -0.0031290208338571532 0.0072153436407338973 -0.0054849625048679004 0.0044239664861891589 0.0030828869492424741 0.00032332365560586987 -0.0053482352241487896 0.00012400965000087925
leaf_weight=59.904468111693859 74.499925792217255 36.449732825160027 45.172092005610466 144.85361786931753 146.77139679342508 65.162916913628578 352.35778294503689 110.81162310391665 118.48563082516193 67.098505564033985 168.71765854209661 155.17470778524876 108.65463675558567 1186.5210456028581
leaf_count=390 265 121 153 551 490 217 1251 361 415 223 547 517 456 3877
internal_value=-0.000103546 -0.000270522 -0.000398501 -0.00241482 0.000197755 -4.5154e-05 -0.000523765 0.0033264 -0.00100575 0 -8.93515e-05 -0.00215505 -0.000955062 -0.000612367
internal_weight=2840.64 2780.73 2744.28 632.404 2111.88 2037.38 1794.3 243.073 487.55 132.261 442.378 273.66 1647.53 1538.88
internal_count=9834 9444 9323 2183 7140 6875 6074 801 1632 440 1479 932 5584 5128
is_linear=0
shrinkage=0.025


Tree=387
num_leaves=15
num_cat=0
split_feature=15 39 39 19 9 43 23 28 3 32 51 46 45 23
split_gain=5.13561 4.31598 4.92505 5.82216 5.58614 5.56965 5.18244 5.13111 4.99798 4.22458 5.919 5.12762 4.07712 7.60069
threshold=0.085981943516925063 -60.499999999999993 -1.4999999999999998 0.042504554883953508 -0.071899537869938634 1.5000000000000002 -0.016035653486880047 12.789855502612884 0.99062684618681718 0.9994503024308925 0.41669493441881506 107.50000000000001 -22.499999999999996 0.014756821044555751
decision_type=2 2 2 2 2 2 2 2 2 2 2 2 2 2
left_child=1 -1 6 4 7 12 -3 8 -4 -8 11 -11 13 -6
right_child=-2 2 3 -5 5 -7 9 -9 -10 10 -12 -13 -14 -15
leaf_value=0.0077280671997078942 0.0084113085941262804 -0.0063105208768439967 -0.0045235883464007365 0.0072169836940114643 -0.0014543480582145888 0.0012209382481812865 -0.0041266203711718174 0.0070090636396328539 0.004513416887266232 0.0071760226111166475 -0.0050679944280705193 -5.9487128442538264e-05 -0.0023689546021941977 0.0086856320149802154
leaf_weight=36.451602414250374 38.348636403679848 150.43653362989426 70.22192470729351 66.227592818439007 153.23827346414328 670.8097725585103 167.99938875436783 120.08883726596832 72.781687155365944 91.216319255530834 76.597994267940521 149.80435866862535 914.59887164458632 59.073546849191189
leaf_count=121 266 571 235 247 563 2253 574 398 244 305 271 489 3106 191
internal_value=-0.000111687 -0.000252138 -0.000380216 0.000187432 -4.32936e-05 -0.000555816 -0.00230415 0.00331059 0 -0.00096042 0.000674801 0.00266742 -0.00163626 0.00138688
internal_weight=2837.9 2799.55 2763.1 2127.04 2060.81 1797.72 636.055 263.092 143.004 485.618 317.619 241.021 1126.91 212.312
internal_count=9834 9568 9447 7237 6990 6113 2210 877 479 1639 1065 794 3860 754
is_linear=0
shrinkage=0.025


Tree=388
num_leaves=15
num_cat=0
split_feature=44 32 32 50 50 22 54 32 32 4 42 42 24 56
split_gain=2.83891 5.03249 5.07286 5.01142 10.4802 6.46126 6.4459 7.56331 6.3493 6.82826 7.7957 12.661 7.85402 8.02542
threshold=32.500000000000007 1.067787843806465 1.0798043866857741 73.500000000000014 59.500000000000007 0.12276761405889546 -0.11122563511022424 1.0104818934136721 1.0826547449872488 22.867023697951538 41.000000000000007 290.50000000000006 0.091528901415735955 -0.10536051565782634
decision_type=2 2 2 2 2 2 2 2 2 2 2 2 2 2
left_child=3 -2 -3 4 5 8 -5 -8 9 -1 12 -12 -11 -14
right_child=1 2 -4 6 -6 -7 7 -9 -10 10 11 -13 13 -15
leaf_value=0.00026965634795563334 -0.0034032853765106129 0.013834859884921683 -0.00028985361134876785 0.012180719854559584 -0.0090119262117707207 -0.00045732470023308706 -0.010090233253550454 0.0095028828021363684 -0.0077339138659179435 -0.0047199987445436173 0.023195603946694735 0.00026513125496476598 -0.00018965359865520301 0.017717929042070809
leaf_weight=104.2324444539845 215.38729571737349 18.290990736335516 39.341798692941666 51.213126761838794 59.500653654336929 406.12875062972307 21.017957739531994 18.094068370759487 18.877475751563907 37.274241112172604 39.766474829986691 26.236127473413944 25.295910269021988 26.824664823710918
leaf_count=630 2020 130 302 390 548 4288 192 124 136 244 260 160 194 216
internal_value=0.000567858 -0.00158501 0.00454035 0.00130726 0.000574993 0.00150373 0.00673116 -0.000409572 0.00440921 0.00551604 0.00876108 0.0150933 0.00326911 0.00933326
internal_weight=1107.48 273.02 57.6328 834.462 744.137 684.636 90.3252 39.112 278.507 259.63 155.397 66.0026 89.3948 52.1206
internal_count=9834 2452 432 7382 6676 6128 706 316 1840 1704 1074 420 654 410
is_linear=0
shrinkage=0.025


Tree=389
num_leaves=15
num_cat=0
split_feature=5 27 39 39 25 9 43 55 27 56 50 52 9 26
split_gain=4.8299 7.50963 4.72464 4.75461 5.23271 5.37154 5.9036 5.33185 5.53575 5.33834 5.13345 4.63579 6.52016 7.72685
threshold=-5.2125823043413932 0.065711283884424224 57.000000000000007 1.5000000000000002 -0.045670563990796192 0.071820037084859109 -1.4999999999999998 -0.82206020454642637 -0.35884757427417385 -0.64838252314721001 55.500000000000007 0.60011792452830193 -0.068043232576475779 0.14868361440820457
decision_type=2 2 2 2 2 2 2 2 2 2 2 2 2 2
left_child=1 -1 3 4 -2 6 11 9 -9 -8 -5 -6 -13 -14
right_child=2 -3 -4 10 5 -7 7 8 -10 -11 -12 12 13 -15
leaf_value=-0.0019048350603565888 0.0064876518136150283 0.012956611673252542 0.0080898492444676333 -0.00093662947058547469 -0.00046080970661596795 0.0032160324992194936 -0.0026130590653058753 -0.010205494728239327 -0.0020627097828566678 0.0045662702665182405 -0.0062223456386872114 -0.0041865719382290527 0.0016523710101872171 0.011397500502962305
leaf_weight=34.156047239899635 73.333963446319103 38.947522886097431 36.215641960501671 472.93492870777845 384.6037730127573 259.95119601488113 106.23893722891808 53.634577557444572 807.63997808098793 143.11371014267206 155.01033563911915 46.404981270432472 142.86052859574556 83.170712865889072
leaf_count=184 257 284 119 1646 1286 860 365 203 2711 498 517 166 456 282
internal_value=-0.000101722 0.00601541 -0.000283037 -0.000417891 0.000142841 -8.97306e-05 -0.000597675 -0.00171561 -0.00265463 0.00141793 -0.00231977 0.00125295 0.00372711 0.00551547
internal_weight=2838.22 73.1036 2765.11 2728.9 2100.95 2027.62 1767.67 1110.63 861.275 249.353 627.945 657.04 272.436 226.031
internal_count=9834 468 9366 9247 7084 6827 5967 3777 2914 863 2163 2190 904 738
is_linear=0
shrinkage=0.025


Tree=390
num_leaves=15
num_cat=0
split_feature=37 38 26 41 39 52 19 31 43 56 56 36 28 11
split_gain=5.00548 4.36641 4.61985 4.26486 7.77263 6.45434 6.04823 4.69347 4.32335 5.81536 5.71076 6.65424 5.19771 4.71154
threshold=11.500000000000002 382.50000000000006 0.091952465186547608 -108.49999999999999 -1.4999999999999998 0.65046531854751044 0.042504554883953508 -0.062150555937100345 1.0000000180025095e-35 -0.35580989181984096 -1.1482159998599726 58.45000000000001 12.649140538128769 0.014978379608622852
decision_type=2 2 2 2 2 2 2 2 2 2 2 2 2 2
left_child=3 2 -2 -1 5 7 8 -5 -6 10 -10 12 -12 -11
right_child=1 -3 -4 4 6 -7 -8 -9 9 13 11 -13 -14 -15
leaf_value=0.0036315487720271823 -0.0010685796653002297 -0.0029477923707576887 0.0072058842384444474 -0.0083117654693561673 -0.0012792206602911188 -0.0065133903706437943 0.0077038971404392136 0.00054143527931859229 0 -0.002912585646793656 0.0014757324852456338 -0.0027944049576948413 0.010787444008451018 0.0031011661287931366
leaf_weight=144.6025357991457 50.292899690568447 47.851997263729572 144.26239043474197 38.634822003543377 1074.379299774766 229.25935873016715 57.007035836577415 237.0763662904501 210.47058618813753 267.83067093044519 65.417545229196548 39.509503714740276 121.21185530722141 108.28109315782785
leaf_count=478 160 201 640 137 3673 785 198 848 678 926 213 134 400 363
internal_value=-0.000109512 0.00327673 0.00496846 -0.000441308 -0.00069888 -0.00344615 8.89087e-06 -0.000736037 -0.000230097 0.00112556 0.00308811 0.00580189 0.00777762 -0.00109768
internal_weight=2836.09 242.407 194.555 2593.68 2449.08 504.971 1944.11 275.711 1887.1 812.721 436.609 226.139 186.629 376.112
internal_count=9834 1001 800 8833 8355 1770 6585 985 6387 2714 1425 747 613 1289
is_linear=0
shrinkage=0.025


Tree=391
num_leaves=15
num_cat=0
split_feature=56 3 3 34 34 8 38 8 8 44 50 50 50 56
split_gain=2.77344 8.38918 5.69832 6.88815 5.42675 5.19144 6.88757 4.64403 6.34669 4.80265 5.53032 12.6124 5.2141 4.81806
threshold=-1.404682783095051 0.97124424196261294 1.0177890505178298 69.500000000000014 38.500000000000007 149.69117667249159 369.50000000000006 228.98520374514348 222.90331833743633 35.500000000000007 73.500000000000014 83.500000000000014 67.500000000000014 -0.74345747963531872
decision_type=2 2 2 2 2 2 2 2 2 2 2 2 2 2
left_child=1 5 3 4 -3 6 -1 8 9 10 12 -12 -2 -13
right_child=7 2 -4 -5 -6 -7 -8 -9 -10 -11 11 13 -14 -15
leaf_value=0.01041699344100358 0.0015574892863096355 -0.010196994927929101 0.0022445846012575481 -0.014496772706947032 0.0069507967932317116 0.014667570421643746 -0.0080743714752781661 -0.0051219100819364406 0.011098184817415388 -0.0034516919858447355 0.019626964831536468 0.0075897414449154115 -0.010878156393899078 -0.0083670475045373692
leaf_weight=16.973858894780278 628.92422783747315 15.331617595627902 32.10495712980628 52.93692696467042 21.445290673524141 17.682021444663405 24.454006703570485 62.226759623736143 37.812450526282191 115.16834288835526 28.994289945811033 16.126366080716252 16.449314812198281 20.978175850585103
leaf_count=100 5388 142 304 552 220 124 200 794 350 1012 214 114 142 178
internal_value=0.000560724 -0.00218551 -0.00595431 -0.00911592 0 0.00505022 0 0.00113259 0.00163844 0.00111154 0.00190404 0.00858225 0.0011209 -0.000760416
internal_weight=1107.61 180.929 121.819 89.7138 36.7769 59.1099 41.4279 926.68 864.453 826.641 711.472 66.0988 645.374 37.1045
internal_count=9834 1642 1218 914 362 424 300 8192 7398 7048 6036 506 5530 292
is_linear=0
shrinkage=0.025


Tree=392
num_leaves=15
num_cat=0
split_feature=37 41 39 51 19 43 56 56 36 28 11 23 45 35
split_gain=4.7364 4.09176 8.09235 6.17268 5.88746 4.77886 7.03999 5.23366 6.4658 5.79822 4.50164 4.50474 4.48518 7.30998
threshold=-11.499999999999998 108.50000000000001 1.5000000000000002 -0.43115816267499707 -0.039680312572874944 -1.0000000180025095e-35 -0.35580989181984096 -1.1482159998599726 58.45000000000001 12.649140538128769 -0.014978379608622848 0.013187374997169552 22.500000000000004 3.649999999999999
decision_type=2 2 2 2 2 2 2 2 2 2 2 2 2 2
left_child=-1 2 4 -4 -2 6 7 -6 9 -9 11 -8 13 -7
right_child=1 -3 3 -5 5 12 10 8 -10 -11 -12 -13 -14 -15
leaf_value=0.0031980631865757901 0.0067615388882506164 0.0035601278679187626 -0.0084316093223575379 -0.0018210764825611931 0.00037711312635055295 -0.00344976372057125 0.0068358528526958895 0.0013213241575528506 -0.0025318479789608519 0.01113931149005192 -0.0030358698061908451 -0.0030212976505210507 0.0017899177280723624 0.0019097199169164165
leaf_weight=241.6519437879324 73.56135480850935 144.9776991084218 117.82726062089205 387.78250193223357 208.25989960134029 650.43063389509916 65.985540516674519 64.7895128428936 38.922550894320011 119.94446224719286 264.39003800600767 41.004320003092289 216.9996443092823 199.90530829131603
leaf_count=1001 252 478 433 1337 671 2216 237 211 133 397 916 122 774 656
internal_value=-0.000101264 -0.000423706 -0.000676422 -0.00347803 4.63968e-05 -0.000221664 0.00121447 0.00338332 0.00600379 0.00795329 -0.00125293 0.0028686 -0.00132646 -0.00215678
internal_weight=2836.43 2594.78 2449.8 505.61 1944.19 1870.63 803.296 431.916 223.657 184.734 371.38 106.99 1067.34 850.336
internal_count=9834 8833 8355 1770 6585 6333 2687 1412 741 608 1275 359 3646 2872
is_linear=0
shrinkage=0.025


Tree=393
num_leaves=15
num_cat=0
split_feature=15 39 39 50 33 9 19 51 9 56 10 48 55 50
split_gain=4.96458 4.17258 4.60323 5.07721 4.93369 4.89251 6.15327 5.35251 6.80582 7.48624 5.25746 4.93228 4.90667 4.97655
threshold=0.085981943516925063 -60.499999999999993 -6.4999999999999991 55.500000000000007 103.50000000000001 -0.071899537869938634 0.0031425250412902002 -0.27428831355900074 0.0086365250851104022 0.3044153236039282 2.0703159631350352 16.500000000000004 0.81800927128873091 17.500000000000004
decision_type=2 2 2 2 2 2 2 2 2 2 2 2 2 2
left_child=1 -1 3 4 -3 11 -7 10 -9 -10 -8 12 13 -4
right_child=-2 2 5 -5 -6 6 7 8 9 -11 -12 -13 -14 -15
leaf_value=0.0076030656346438496 0.0083053024575891667 0 0.0073133746623054319 -0.0061873452554594482 -0.0087612157041124204 -0.0017187934983106769 0.0086345168629532593 0.0031976620275081026 -0.0034213259659178954 0.0041125592227161693 0.00045629340170728081 0.011083839133927874 -0.0051897096880048231 -0.00061154225279668297
leaf_weight=36.411474205553532 37.997725747525692 423.56915637478232 96.723605662584305 152.04674483090639 39.920085117220879 934.7435954362154 99.806656278669834 275.64820470660925 363.00166103243828 99.13438992202282 106.59233228117228 39.159033305943012 44.534347169101238 84.798263795673847
leaf_count=121 266 1482 322 511 149 3298 311 893 1201 344 372 124 154 286
internal_value=-0.000108934 -0.000246826 -0.000373004 -0.0022721 -0.000882015 0.000164569 -0.000274813 0.00112992 8.9694e-05 -0.00172497 0.00463992 0.00331739 0.0016531 0.00356005
internal_weight=2834.09 2796.09 2759.68 615.536 463.489 2144.14 1878.93 944.183 737.784 462.136 206.399 265.215 226.056 181.522
internal_count=9834 9568 9447 2142 1631 7305 6419 3121 2438 1545 683 886 762 608
is_linear=0
shrinkage=0.025


Tree=394
num_leaves=15
num_cat=0
split_feature=44 56 44 16 32 40 12 18 48 12 56 12 28 52
split_gain=2.75818 5.35488 4.58427 4.84459 9.14489 4.69765 5.86184 8.93349 7.27127 4.81406 4.48641 4.20532 7.45206 5.12278
threshold=10.500000000000002 0.086373532990686216 17.500000000000004 0.19010799767824227 1.0387614052485088 65.500000000000014 0.16515107754007138 0.15727917897651164 7.5000000000000009 0.15386387412574518 1.3795937117545229 0.14743614923392354 12.762002007042776 1.2104886484783874
decision_type=2 2 2 2 2 2 2 2 2 2 2 2 2 2
left_child=1 -1 3 -2 -5 6 7 9 -9 11 -8 13 -13 -4
right_child=2 -3 5 4 -6 -7 10 8 -10 -11 -12 12 -14 -15
leaf_value=0 -0.0059803381782147173 0.01436232130215534 -0.00013697596473599802 -0.0049016467046047504 0.019754844904137304 0.0095435202270772318 -0.0039020276328705309 0.020556736219761482 -0.00036863556342099234 -0.0096134587183363783 0.0091701786071881133 0.019159669862122971 -0.0028056505006407583 0.0065249900834583128
leaf_weight=49.170508861541748 121.62723297812045 21.053261576220393 466.62531698122621 19.081666506826881 9.882499158382414 33.018341906368732 211.75934472493827 22.338790131732821 12.794661287218331 20.426710003986955 12.046031372621654 16.627866964787248 12.337017837911842 78.948433794081211
leaf_count=424 1074 184 3432 242 116 308 2484 222 146 234 144 144 136 544
internal_value=0.000554894 0.00519145 0.000193697 -0.00373615 0.00444473 0.000906181 0.000489478 0.0017476 0.0132168 0.00092416 -0.00290415 0.00142165 0.0100322 0.000832153
internal_weight=1107.74 70.2238 1037.51 150.591 28.9642 886.923 853.904 630.099 35.1335 594.965 223.805 574.539 28.9649 545.574
internal_count=9834 608 9226 1432 358 7794 7486 4858 368 4490 2628 4256 280 3976
is_linear=0
shrinkage=0.025


Tree=395
num_leaves=15
num_cat=0
split_feature=5 27 33 21 37 21 57 40 39 19 31 23 32 29
split_gain=4.62435 7.394 4.62218 4.61453 4.55876 4.50423 4.49784 8.06785 4.40747 3.9168 5.33764 5.18882 4.90815 5.0814
threshold=-5.2125823043413932 0.065711283884424224 92.500000000000014 -0.0031276985268967996 11.500000000000002 -0.0083819251505990993 -1.0424174136313178 25.500000000000004 -46.499999999999993 0.020001600656787404 -0.04604752269371009 0.025225275700462353 0.9761037761673691 -0.0067163058103085491
decision_type=2 2 2 2 2 2 2 2 2 2 2 2 2 2
left_child=1 -1 4 -4 8 -6 -5 -8 -2 -10 -11 -12 -13 -14
right_child=2 -3 3 6 5 -7 7 -9 9 10 11 12 13 -15
leaf_value=-0.0019294022754761644 -0.0077761573761714721 0.012857131479172383 0.006438766733063192 0.0051760831184817137 0.00049067622765652688 -0.0073248101404301104 -0.010305753889659956 0.0028555689454379807 0.00031100283687389907 0.0026314941438450872 -0.010172325630062984 0.0059549415491184886 -8.5499889646421245e-05 -0.0085549199369804266
leaf_weight=34.110331319272518 43.582155488431454 38.446007989346981 115.49684922397137 60.791517540812492 64.83855976164341 114.42429847642779 47.573832526803017 57.186451300978661 1882.9460799247026 88.314795151352882 65.361014902591705 33.153992496430874 113.19289316236973 74.985935375094414
leaf_count=184 146 284 387 211 270 644 151 179 6041 308 217 129 349 334
internal_value=-9.97322e-05 0.00590708 -0.000276962 0.00271687 -0.000630972 -0.0044257 0 -0.00309069 -0.000315615 -0.000143704 -0.00246666 -0.00414102 -0.0020641 -0.0037239
internal_weight=2834.4 72.5563 2761.85 281.049 2480.8 179.263 165.552 104.76 2301.54 2257.95 375.009 286.694 221.333 188.179
internal_count=9834 468 9366 928 8438 914 541 330 7524 7378 1337 1029 812 683
is_linear=0
shrinkage=0.025


Tree=396
num_leaves=15
num_cat=0
split_feature=5 39 51 35 8 33 33 9 19 56 30 56 46 10
split_gain=4.8506 4.51056 4.13895 4.2022 5.38037 5.03627 7.8453 4.05564 7.32149 7.12155 6.33078 5.84687 5.57837 5.19801
threshold=5.2885208323790431 -60.499999999999993 -0.3566536203522504 -4.6999999999999966 148.85100903651673 -79.499999999999986 -41.499999999999993 0.016821180485163203 0.00019650869795800004 0.13751062363924532 1.3597688338510114 0.32809573701875822 96.500000000000014 1.9414860054775607
decision_type=2 2 2 2 2 2 2 2 2 2 2 2 2 2
left_child=1 -1 3 -3 -5 -6 -7 8 9 -4 -11 12 -9 -10
right_child=-2 2 7 4 5 6 -8 11 13 10 -12 -13 -14 -15
leaf_value=0.0079158508272604462 0.0060844408734690185 0.0071148479049299388 -8.7756144701844885e-05 0.0031751176769042946 0.0023613230828097541 -0.011679516532837064 6.1630356519969259e-05 -0.0070345916140466137 -0.0058344615689815051 0.0026590219027805661 -0.0076039358098065933 0.0017300463776500172 -0.0018307105166261652 0.0028899004274213565
leaf_weight=35.973291605710983 71.580653965473175 69.058279976248741 577.43703132495284 238.08891350775957 81.426762893795967 58.314019106328487 71.606130659580231 180.83570207282901 40.203493475914001 41.021983414888382 168.85248592495918 174.71789468452334 511.40666942670941 511.31266541033983
leaf_count=118 456 226 1961 767 268 193 238 645 123 142 655 639 1750 1653
internal_value=-0.000107773 -0.000288105 -0.000419899 0.00156272 0.000585697 -0.00222178 -0.00526056 -0.000899723 -1.66301e-05 -0.00157855 -0.0054664 -0.00222688 -0.00326668 0.0021623
internal_weight=2831.84 2760.26 2724.28 518.494 449.436 211.347 129.92 2205.79 1338.83 787.312 209.874 866.96 692.242 551.516
internal_count=9834 9378 9260 1692 1466 699 431 7568 4534 2758 797 3034 2395 1776
is_linear=0
shrinkage=0.025


Tree=397
num_leaves=15
num_cat=0
split_feature=56 3 3 34 34 8 8 8 36 44 50 50 50 56
split_gain=2.70941 8.18106 5.57833 6.79024 5.29043 5.00401 4.4877 6.08256 5.72221 4.66416 5.26078 12.0022 5.12014 4.68742
threshold=-1.404682783095051 0.97124424196261294 1.0177890505178298 69.500000000000014 38.500000000000007 149.69117667249159 228.98520374514348 222.90331833743633 51.350000000000009 35.500000000000007 73.500000000000014 83.500000000000014 67.500000000000014 -0.74345747963531872
decision_type=2 2 2 2 2 2 2 2 2 2 2 2 2 2
left_child=1 5 3 4 -3 -1 7 9 -9 10 12 -12 -2 -13
right_child=6 2 -4 -5 -6 -7 -8 8 -10 -11 11 13 -14 -15
leaf_value=0 0.0015404121369956437 -0.010136610367270526 0.0021856079122291902 -0.014440333072683238 0.0068003073056875293 0.014349522518287375 -0.0050463604899068665 0.020264702471510181 0.00061244250341702068 -0.0034070669205985902 0.019031311282644858 0.0074192163882025987 -0.01081786452678473 -0.0083097310164361171
leaf_weight=41.414836663752794 629.32051680609584 15.212923256680368 32.197125487029552 52.316600892692804 21.589763255789876 17.87402213178575 61.862492185086012 16.029615443199873 22.130728710442781 114.84113606065512 29.48005385696888 16.238208459690213 16.319714890792966 20.855075256898999
leaf_count=300 5388 142 304 552 220 124 794 134 216 1012 214 114 142 178
internal_value=0.000553593 -0.00216312 -0.00590141 -0.00904961 0 0.00496133 0.00111843 0.0016144 0.0108381 0.0010962 0.00187588 0.00836796 0.00110888 -0.000766817
internal_weight=1107.68 180.605 121.316 89.1193 36.8027 59.2889 927.078 865.215 38.1603 827.055 712.214 66.5733 645.64 37.0933
internal_count=9834 1642 1218 914 362 424 8192 7398 350 7048 6036 506 5530 292
is_linear=0
shrinkage=0.025


Tree=398
num_leaves=15
num_cat=0
split_feature=15 35 41 39 52 43 47 28 52 6 54 52 38 56
split_gain=4.51789 3.94023 4.92304 5.20153 5.72306 5.23914 6.64599 5.07395 4.97486 4.84376 4.36992 5.35281 4.15726 4.10116
threshold=-0.076650810768733438 -3.6999999999999971 120.00000000000001 6.5000000000000009 0.098570571771291457 -1.0000000180025095e-35 4.5000000000000009 13.011812196165819 1.1898263888888891 12.911650777834719 -0.21902601471956654 1.0972885388431275 375.00000000000006 -0.43936665978384565
decision_type=2 2 2 2 2 2 2 2 2 2 2 2 2 2
left_child=-1 10 3 5 -5 13 7 -7 9 -8 12 -12 -2 -3
right_child=1 2 -4 4 -6 6 8 -9 -10 -11 11 -13 -14 -15
leaf_value=0.0064569568408392262 -0.0022235919839853156 0.0040707182866630848 0.0054680908566297802 0.0029239099685488355 -0.0042603358259181026 -0.0032801823648837035 0.0069653718353807044 0.0026523304247615571 -0.0037283518252055679 -0.00082950787932235858 -0.0045540526886462202 0.0028546459677472134 0.0036823340886355444 0.00023787539770782348
leaf_weight=58.903350815176964 151.16912726312876 361.07681030780077 103.7510367333889 81.975278202444315 294.94665149599314 479.5641431696713 139.73456709831953 102.03720504790545 53.603185243904591 66.367711246013641 376.6459473669529 64.657375909388065 134.8318597227335 362.87917222827673
leaf_count=390 510 1172 336 291 1019 1661 448 334 168 229 1355 213 468 1240
internal_value=-0.000100538 -0.000260187 0.000291904 0 -0.00261458 0.00063848 -0.000679569 -0.00218302 0.00257054 0.00437669 -0.00183877 -0.00339273 0.000490209 0.00219863
internal_weight=2832.14 2773.24 2045.94 1942.18 376.922 1565.26 841.307 581.601 259.705 206.102 727.304 441.303 286.001 723.956
internal_count=9834 9444 6898 6562 1310 5252 2840 1995 845 677 2546 1568 978 2412
is_linear=0
shrinkage=0.025


Tree=399
num_leaves=15
num_cat=0
split_feature=15 25 46 9 9 56 46 7 36 43 53 18 21 53
split_gain=4.76311 3.85756 5.04067 5.3168 4.40496 6.21867 5.33405 5.12327 5.06097 4.70844 5.43968 5.12354 4.61716 4.40897
threshold=0.085981943516925063 -0.032747413441174496 71.500000000000014 -0.09702418359047453 0.016821180485163203 0.70067120833699859 96.500000000000014 -4.4200242784139681 60.250000000000007 -1.4999999999999998 0.082117920373155864 0.12165602065227966 0.0061911079690230011 0.090735193223828212
decision_type=2 2 2 2 2 2 2 2 2 2 2 2 2 2
left_child=1 2 -1 -4 7 6 -6 -3 9 -8 -11 -12 -7 -9
right_child=-2 4 3 -5 5 12 8 13 -10 10 11 -13 -14 -15
leaf_value=0.0042902970842167683 0.0081758100409603414 0.006396493435684489 0.0027471094571969441 -0.0070281703130453642 -0.0050998840540966948 -0.0017547925050525812 -0.0044359287601431719 -0.00065642496556191923 0.0054260429764742277 -0.0016995322567935553 0.010796867572923908 2.2468282244428107e-06 0.0073365846138260197 0.0021793792661748768
leaf_weight=37.929868035018444 37.574270166456699 95.4704929292202 37.272371500730515 155.67209765315056 239.94994860514998 49.648425191640854 216.60261810570955 812.33561714738607 67.919939532876015 304.5234371945262 43.965284317731857 73.450298838317394 81.493248023092747 576.0943173840642
leaf_count=141 266 319 139 655 846 191 742 2688 233 1012 135 259 288 1920
internal_value=-0.000107013 -0.00024182 -0.00330228 -0.00499182 3.01866e-05 -0.00117324 -0.00190113 0.000921864 -0.000751332 -0.0014843 6.56508e-06 0.00452433 0.00377304 0.000505878
internal_weight=2829.9 2792.33 230.874 192.944 2561.45 1077.55 946.412 1483.9 706.462 638.542 421.939 117.416 131.142 1388.43
internal_count=9834 9568 935 794 8633 3706 3227 4927 2381 2148 1406 394 479 4608
is_linear=0
shrinkage=0.025


Tree=400
num_leaves=15
num_cat=0
split_feature=30 36 38 14 46 32 34 5 5 28 36 36 44 26
split_gain=2.72761 7.70073 6.4335 3.42386 3.4212 6.53326 4.47243 4.32115 4.79521 5.06068 10.8046 9.74055 7.76301 5.6174
threshold=1.5080644208925704 52.650000000000013 383.50000000000006 0.19495634696036171 142.50000000000003 0.9928729166700031 28.500000000000004 3.5162761946184875 -3.460378589175888 12.739407406140451 47.850000000000009 51.050000000000004 29.500000000000004 0.14694538073343086
decision_type=2 2 2 2 2 2 2 2 2 2 2 2 2 2
left_child=4 2 3 -2 6 -6 -1 8 -8 10 -10 -12 -11 -13
right_child=1 -3 -4 -5 5 -7 7 -9 9 12 11 13 -14 -15
leaf_value=-0.0079058021072916963 0.003461628265116513 -0.010966297991895774 0.01047382334437072 -0.012000999610438077 -0.0049538447067553502 0.009146433449873757 -0.0061797602807240519 -0.0063654339049592683 -0.0063429102645252249 0.0024524516401232769 0.014994728203296705 -0.00035575546805354999 -0.0039753640108583016 0.0078567636131468954
leaf_weight=32.936588197946548 9.6705222651362437 41.102304384112358 27.108938360586762 14.827285347506402 22.091840546578169 70.156559471040964 44.79997580498457 43.426678048446774 43.995388176292181 330.15463304892182 58.610433358699083 107.08742905035615 175.25974290072918 86.616438776254654
leaf_count=242 106 548 306 200 204 524 862 839 331 2372 429 766 1361 744
internal_value=0.000547407 -0.00339203 0.00263467 -0.00549747 0.000946552 0.00543151 0.000444456 0.000823872 0.00125725 0.00173955 0.0043078 0.00634926 0.000157426 0.00329603
internal_weight=1107.84 92.7091 51.6067 24.4978 1015.14 92.2484 922.887 889.951 846.524 801.724 296.31 252.314 505.414 193.704
internal_count=9834 1160 612 306 8674 728 7946 7704 6865 6003 2270 1939 3733 1510
is_linear=0
shrinkage=0.025


Tree=401
num_leaves=15
num_cat=0
split_feature=37 38 20 41 39 52 29 21 43 30 51 8 41 29
split_gain=4.44401 4.29891 6.75952 3.83426 7.61681 6.41009 4.62211 4.56863 5.27291 4.38439 4.11397 4.9106 4.45553 5.58966
threshold=-11.499999999999998 382.50000000000006 0.092390932057190553 108.50000000000001 1.5000000000000002 0.65046531854751044 0.03580796189441466 -0.041307536646758895 -8.4999999999999982 1.3949614428524135 0.54432836757821157 148.85100903651673 -19.999999999999996 0.061504120325842106
decision_type=2 2 2 2 2 2 2 2 2 2 2 2 2 2
left_child=1 2 -1 4 7 6 -6 9 -9 -2 12 -12 -10 -14
right_child=3 -3 -4 -5 5 -7 -8 8 10 -11 11 -13 13 -15
leaf_value=-0.0026467988616486297 -0.0017267314541871811 -0.0030966974647375434 0.0075067654375697446 0.0034454295523393568 0.0013750472610328875 -0.0064384589226714421 -0.0054511972929719293 0.0042525792814454549 -0.0042526459439500208 0.0081496586917246903 0.0057619023694552842 -0.0014760904587139206 7.4429379416876012e-05 -0.005184869230804713
leaf_weight=49.251712158322334 35.1222959831357 47.425883188843727 143.96376017481089 144.84614852815866 191.39019827544689 228.77498391270638 84.074908535927534 143.24554269015789 238.26115633919835 75.821603588759899 121.77020740509033 97.903825424611568 1091.8274246901274 136.60587081685662
leaf_count=157 115 201 643 478 633 785 352 475 813 260 386 326 3572 638
internal_value=-9.90408e-05 0.00310329 0.00479096 -0.000411657 -0.000656948 -0.0033789 -0.000679297 4.43476e-05 -0.000246977 0.00486777 -0.000655406 0.00246376 -0.00114635 -0.000508801
internal_weight=2830.29 240.641 193.215 2589.64 2444.8 504.24 275.465 1940.56 1829.61 110.944 1686.37 219.674 1466.69 1228.43
internal_count=9834 1001 800 8833 8355 1770 985 6585 6210 375 5735 712 5023 4210
is_linear=0
shrinkage=0.025


Tree=402
num_leaves=15
num_cat=0
split_feature=15 39 39 21 9 43 28 3 50 33 30 31 15 29
split_gain=4.6096 3.81336 4.45633 5.15808 5.0601 6.2822 5.04284 5.09414 5.02898 4.57258 4.43692 4.42749 4.75605 4.08603
threshold=0.085981943516925063 -60.499999999999993 -1.4999999999999998 0.040923127667028755 -0.071899537869938634 8.5000000000000018 12.789855502612884 0.99062684618681718 55.500000000000007 103.50000000000001 1.3949614428524135 -0.057277717091904941 -0.017389728029108598 -0.061517359357590444
decision_type=2 2 2 2 2 2 2 2 2 2 2 2 2 2
left_child=1 -1 8 4 6 13 7 -4 9 11 -5 -3 -13 -6
right_child=-2 2 3 10 5 -7 -8 -9 -10 -11 -12 12 -14 -15
leaf_value=0.0072737102688984027 0.008074981030086208 -0.0058028960191203157 -0.0048268516389309499 -0.0012380127400589327 -0.0047586886947834093 0.0043292363087217662 0.0067457953803781159 0.0043358468307189892 -0.0060112769163219162 -0.0083685350642536717 0.0079807264524485149 -0.0030414836246121565 0.0029537635897235997 -0.00063074952356301369
leaf_weight=36.334332592785358 37.257699497044086 65.063673846423626 69.181585036218166 41.697944723069668 166.85760303214192 139.53150417655706 119.32527632266283 72.42292095720768 157.84512411057949 40.457458380609751 88.64607260376215 112.95456994697452 257.38826616853476 1422.826453588903
leaf_count=121 266 226 232 143 782 469 396 243 534 152 322 470 828 4650
internal_value=-0.000103991 -0.000236382 -0.00035752 0.000182616 -0.000126008 -0.000630087 0.00306962 0 -0.00219132 -0.000822912 0.00491009 0 0.00104245 -0.00109327
internal_weight=2827.79 2790.53 2754.2 2120.49 1990.15 1729.22 260.93 141.605 633.709 475.864 130.344 435.407 370.343 1589.68
internal_count=9834 9568 9447 7237 6772 5901 871 475 2210 1676 465 1524 1298 5432
is_linear=0
shrinkage=0.025


Tree=403
num_leaves=15
num_cat=0
split_feature=24 24 28 8 32 6 6 54 12 18 34 10 46 40
split_gain=2.69908 7.74534 5.78071 3.83944 5.05544 5.56563 10.061 8.70747 5.307 8.19264 5.20985 4.9342 4.82596 6.50121
threshold=0.19289394726272183 0.20530765907788162 12.735653220219307 148.65009847889783 1.0509261219451822 15.049534376922269 12.118057436032105 0.26013797701002134 0.19587318422421637 0.18973828184251781 53.500000000000007 2.0612015753050899 122.50000000000001 27.000000000000004
decision_type=2 2 2 2 2 2 2 2 2 2 2 2 2 2
left_child=3 -2 -3 4 8 6 7 11 9 12 -10 -6 -1 -14
right_child=1 2 -4 -5 5 -7 -8 -9 10 -11 -12 -13 13 -15
leaf_value=-0.0041411132901063089 -0.012162361160390841 0.012053976978539925 -0.0056501236048561157 0.0024428651363308817 -0.0039339491808706049 0.011409829701245466 -0.010314458885499351 0.015715758446178018 0.0015224733165317085 0.014372423780546645 -0.013270759102159295 0.0080769646844861577 0.0081107355481984077 -0.0048052883749329558
leaf_weight=196.78515235707164 32.626241255551577 18.471924044191837 16.281545408070087 504.42196463234723 58.128695599734783 32.403387758880854 34.7248415928334 25.468629345297813 16.296251077204943 15.428650613874195 41.792736493051052 27.295901574194431 52.484231315553188 35.511982895433903
leaf_count=1608 418 182 198 4390 384 344 334 160 192 162 562 222 388 290
internal_value=0.00053803 -0.00407486 0.00346351 0.000878639 -0.000555344 0.00277766 0.000375819 0.00423964 -0.0022956 -0.000804162 -0.00893265 0 -0.00194646 0.00265137
internal_weight=1108.12 67.3797 34.7535 1040.74 536.32 178.021 145.618 110.893 358.299 300.21 58.089 85.4246 284.781 87.9962
internal_count=9834 798 380 9036 4646 1444 1100 766 3202 2448 754 606 2286 678
is_linear=0
shrinkage=0.025


Tree=404
num_leaves=15
num_cat=0
split_feature=35 51 42 39 39 17 46 30 3 54 52 27 42 32
split_gain=4.31948 6.42419 5.24978 5.33055 4.75572 4.28607 4.55877 4.66053 4.60426 3.98387 4.73219 3.90004 6.84834 6.15028
threshold=-3.6999999999999971 0.42841000807102497 62.500000000000007 -5.4999999999999991 46.500000000000007 0.024040352211994954 129.50000000000003 1.5216422772427223 1.0027141989081663 -0.21902601471956654 1.0972885388431275 0.083554905374489022 41.000000000000007 1.0560037826281146
decision_type=2 2 2 2 2 2 2 2 2 2 2 2 2 2
left_child=9 4 3 -3 5 11 7 -7 -8 -1 -11 12 -2 -13
right_child=1 2 -4 -5 -6 6 8 -9 -10 10 -12 13 -14 -15
leaf_value=0.00047013704105833618 0.00096155438809049538 0.0074041972994735991 0.0098684774896243884 -0.00079711846979619672 0.0083335789495738357 -0.0049162072093914553 0.0056587139524882871 0.0045809060436468457 -0.005038490317085172 -0.004277516523911294 0.0025943076076268895 0.00065116084732728594 -0.0037983424575713334 0.0074263893826243266
leaf_weight=290.93723054975271 542.65697094798088 66.611442163586617 67.634715847671032 144.55267413705587 36.057891748845577 293.34646157547832 68.596154987812042 29.561321809887886 31.588174894452095 386.10113793611526 66.327093340456486 420.35430020093918 280.26361403614283 103.49729721993208
leaf_count=1014 1728 222 229 483 124 1240 270 122 133 1420 221 1395 886 347
internal_value=-9.85882e-05 0.00047588 0.00397397 0.00178575 -5.98319e-05 -0.000267914 -0.00245578 -0.00391394 0.00196902 -0.00173547 -0.00319809 0.000407458 -0.000642485 0.00209457
internal_weight=2828.09 2084.72 278.799 211.164 1805.92 1769.86 423.092 322.908 100.184 743.365 452.428 1346.77 822.921 523.852
internal_count=9834 7179 934 705 6245 6121 1765 1362 403 2655 1641 4356 2614 1742
is_linear=0
shrinkage=0.025


Tree=405
num_leaves=15
num_cat=0
split_feature=5 27 33 21 56 11 5 19 46 33 29 6 33 32
split_gain=4.47464 7.17995 4.19738 4.36783 5.40941 6.70083 4.55199 3.80672 5.90167 6.41255 5.33497 4.49639 4.78721 4.30791
threshold=5.2885208323790431 -0.066461690424536937 -93.499999999999986 0.0032155982301633507 0.39212096119234824 0.017448020673611755 -1.0785017368787215 -0.020005474037913248 51.500000000000007 38.500000000000007 -0.021972194495802799 14.208970214048451 13.500000000000002 0.99081674034222633
decision_type=2 2 2 2 2 2 2 2 2 2 2 2 2 2
left_child=2 -2 3 4 5 6 -1 10 9 -9 13 12 -12 -4
right_child=1 -3 7 -5 -6 -7 -8 8 -10 -11 11 -13 -14 -15
leaf_value=0.0044242504570206906 0.012759683460059229 -0.0019865588302664522 0 0.0062658033070442836 -0.0077850142349502206 0.01029539355394421 -0.0065417144397141719 0.00020117158444428641 8.9663450706462601e-05 -0.013613565476838459 -0.002081444534042084 -0.0054591053757354546 0.0051948078088080805 -0.011566453118921141
leaf_weight=37.295548774302006 37.708441033959389 32.89342550188303 28.331209793686867 113.08112513273954 37.56133534014225 40.484413310885429 46.06750613451004 35.077505312860012 1997.2348511777818 36.716492343693972 134.23312230408192 99.650212131440639 88.189529970288277 61.138945713639259
leaf_count=130 276 180 164 383 131 135 131 118 6628 128 425 344 295 366
internal_value=-0.000104347 0.00588172 -0.000277182 0.00261143 0 0.00249393 -0.00138002 -0.000611493 -0.000159265 -0.00696471 -0.00279584 -0.00115265 0.00074441 -0.00807226
internal_weight=2825.66 70.6019 2755.06 274.49 161.409 123.847 83.3631 2480.57 2069.03 71.794 411.543 322.073 222.423 89.4702
internal_count=9834 456 9378 910 527 396 261 8468 6874 246 1594 1064 720 530
is_linear=0
shrinkage=0.025


Tree=406
num_leaves=15
num_cat=0
split_feature=44 54 12 24 44 46 24 38 22 26 6 12 34 36
split_gain=2.68095 4.85733 3.88269 3.50429 5.89872 4.79082 3.69792 10.3226 8.49829 8.06775 7.11336 6.92294 6.81375 4.37669
threshold=8.5000000000000018 1.0630426279229312 0.13599915155562056 0.18672917990842858 27.500000000000004 119.50000000000001 0.16659032199753182 385.00000000000006 0.16836490597659612 0.15730995177826648 12.075917094969027 0.12750572444234523 123.50000000000001 51.050000000000004
decision_type=2 2 2 2 2 2 2 2 2 2 2 2 2 2
left_child=2 3 -1 6 -5 -6 9 8 12 13 11 -10 -8 -2
right_child=1 -3 -4 4 5 -7 7 -9 10 -11 -12 -13 -14 -15
leaf_value=0.013178796178376024 0.0027804480849120774 0.011899934605057902 -3.9228419109334173e-07 -0.0094186709001439564 0.011731029460442905 -0.0057296634740437993 0.023039246469502915 0.019847209142340769 -0.0049291636573388373 -0.0083756609362148262 -0.0082214334054527827 0.013315964841539275 0 -0.0010122730262175376
leaf_weight=20.06728059053421 317.0498848259449 16.893774630501866 23.316148679703474 54.545362491160631 15.587591597810389 12.440931981429456 12.221532717347147 17.3490329682827 18.580376621335745 64.099397106096148 53.138826496899128 22.164557937532663 12.041353326290844 448.75937433727086
leaf_count=130 2528 158 250 632 186 150 116 128 170 758 666 182 132 3648
internal_value=0.000532723 0.000245553 0.00631095 0 -0.00478745 0.00352977 0.000434284 0.0041928 0.000978541 -0.000170843 -0.00235118 0.00482 0.0129173 0.000533355
internal_weight=1108.26 1064.87 43.3834 1047.98 82.5739 28.0285 965.404 135.496 118.147 829.909 93.8838 40.7449 24.2629 765.809
internal_count=9834 9454 380 9296 968 336 8328 1394 1266 6934 1018 352 248 6176
is_linear=0
shrinkage=0.025


Tree=407
num_leaves=15
num_cat=0
split_feature=15 39 39 23 47 19 9 43 28 20 32 9 11 32
split_gain=4.2638 3.74911 4.54041 5.62274 4.80553 4.78517 4.72048 5.3638 4.97758 4.61677 4.39183 4.94417 3.92223 4.08009
threshold=-0.076650810768733438 57.000000000000007 1.5000000000000002 0.016653894374945553 -13.499999999999998 -0.039680312572874944 0.074255322573688609 -8.4999999999999982 12.795084210963504 0.15063562746063552 0.9994503024308925 0.014021208996434852 0.035708053290708558 1.0456408391672789
decision_type=2 2 2 2 2 2 2 2 2 2 2 2 2 2
left_child=-1 2 5 4 -4 -2 7 -7 9 -8 11 -6 13 -12
right_child=1 -3 3 -5 10 6 8 -9 -10 -11 12 -13 -14 -15
leaf_value=0.0063057308302982163 0.0059234302141287255 0.0072001228105140289 -0.0082224633973365293 -0.0065180135237539018 -0.006740701305943269 0.0039586323231076701 -0.0039968837832274886 -0.00094645215881265831 0.0069579098590241313 0.005138504011963899 0.0058060416663892897 0.0022129582179589171 -0.0048598108337502572 -0.00035923786604701697
leaf_weight=58.278224959969521 81.883572719991207 36.259542241692543 44.775223284959793 143.3979305177927 96.914196401834488 146.05574626475573 76.962049432098866 1632.6594032943249 110.39645546674728 54.692475527524948 138.42553369700909 53.423473082482815 40.293018728494644 111.59778463095427
leaf_count=390 295 121 153 551 335 489 249 5556 360 191 434 176 182 352
internal_value=-9.63206e-05 -0.000251268 -0.000372294 -0.00223008 -0.000858894 0.000175414 -5.92056e-05 -0.000519697 0.00316556 0 0 -0.0034292 0.00176331 0.00300305
internal_weight=2826.01 2767.74 2731.48 628.827 485.429 2102.65 2020.77 1778.72 242.051 131.655 440.654 150.338 290.316 250.023
internal_count=9834 9444 9323 2183 1632 7140 6845 6045 800 440 1479 511 968 786
is_linear=0
shrinkage=0.025


Tree=408
num_leaves=15
num_cat=0
split_feature=15 35 51 7 42 39 40 54 52 21 9 28 41 11
split_gain=4.40234 3.72546 6.12776 5.18115 4.7605 5.46922 4.54754 4.86476 5.03638 4.2667 4.3384 4.09236 4.0762 4.00166
threshold=0.085981943516925063 3.649999999999999 -0.42447242527887685 -4.4200242784139681 62.500000000000007 6.5000000000000009 72.000000000000014 -0.21902601471956654 1.0972885388431275 0.020797404159729204 -0.010972780133169949 12.762002007042776 136.50000000000003 0.017448020673611755
decision_type=2 2 2 2 2 2 2 2 2 2 2 2 2 2
left_child=1 2 4 -4 5 13 7 -3 9 10 11 -9 -5 -1
right_child=-2 6 3 12 -6 -7 -8 8 -10 -11 -12 -13 -14 -15
leaf_value=-0.0035893942517613527 0.0079329519553424516 0.0014136010704909364 0.0049634675793664134 -0.00032256463186145314 0.0093710189537707708 0.007372644139238548 -0.0084314432591286303 -0.005651691592421992 0.0032992118195133134 0.0025599377266854804 -0.0081158325174877539 0.0022235447871934697 -0.0067641731420710789 0.0053218118319356827
leaf_weight=106.03939509764314 36.792287170886993 268.07747043669224 106.73183836787939 1611.3983216173947 67.031449504196644 65.872533142566681 55.039815559983253 79.426852911710739 62.108679741621017 44.903096221387386 151.59475886821747 71.068601593375206 59.618289165198803 37.827009208500385
leaf_count=326 266 915 346 5546 220 217 202 283 204 151 572 243 197 146
internal_value=-0.000104451 -0.000233539 0.000302485 -0.000226563 0.00373311 0.0016386 -0.00176332 -0.00112688 -0.00284895 -0.00405167 -0.00514152 -0.00182007 -0.000586797 -0.000978373
internal_weight=2823.53 2786.74 2054.52 1777.75 276.77 209.739 732.219 677.179 409.102 346.993 302.09 150.495 1671.02 143.866
internal_count=9834 9568 6998 6089 909 689 2570 2368 1453 1249 1098 526 5743 472
is_linear=0
shrinkage=0.025


Tree=409
num_leaves=15
num_cat=0
split_feature=30 44 32 32 30 36 6 16 18 14 24 48 12 26
split_gain=2.61921 3.11559 6.35473 4.44881 6.19888 6.81307 8.55008 8.87659 8.0021 6.70085 6.00317 5.90309 5.37475 5.33981
threshold=1.2487794257945228 8.5000000000000018 0.9884601021712337 1.0044898135296396 1.3213725849719395 61.45000000000001 14.626881797246153 0.16997851764253344 0.13760595935895772 0.091469026308724458 0.14325184636305519 17.500000000000004 0.070105252498854562 0.088813175073494857
decision_type=2 2 2 2 2 2 2 2 2 2 2 2 2 2
left_child=-1 2 -2 4 -3 6 7 8 9 -6 13 -8 -5 -11
right_child=1 3 -4 12 5 -7 11 -9 -10 10 -12 -13 -14 -15
leaf_value=0.0076584118116133394 0.017394843511777929 -0.0099040683137112465 -0.00023708393962767988 0.0083923852660917429 -0.0035905852268341368 -0.011568595021782493 -0.010188468725865934 0.01679626954602665 -0.0075781127526775242 0.0019337581874387139 -0.0015022277078302554 0.0072996183048474094 0.0004494686882870489 0.017184969342644817
leaf_weight=26.606168162077665 14.872706980444489 51.636028803884983 28.029638260602951 54.236588627099991 41.37464927136898 27.481526328250766 55.623818458989263 21.246280478313565 43.936409072950482 29.613163728266954 25.911401070654392 9.5167549531906825 639.61512034013867 38.507169170305133
leaf_count=160 132 370 240 246 278 296 748 252 488 222 258 130 5726 288
internal_value=0.000530031 0.00029724 0.00653103 0 -0.00229169 -0.000723695 0.000498474 0.00314535 0.000980831 0.00410704 0.00775678 -0.00693888 0.00116172 0.0114825
internal_weight=1108.21 1081.6 42.9023 1038.7 344.847 293.211 265.73 200.589 179.343 135.406 94.0317 65.1406 693.852 68.1203
internal_count=9834 9674 372 9302 3330 2960 2664 1786 1534 1046 768 878 5972 510
is_linear=0
shrinkage=0.025


Tree=410
num_leaves=15
num_cat=0
split_feature=5 27 39 39 23 25 9 43 55 27 48 47 48 55
split_gain=4.16688 7.27599 4.18623 3.98657 4.81034 4.64715 4.89652 5.15456 5.19263 5.25862 4.96576 4.52175 4.4576 4.36764
threshold=-5.2125823043413932 0.065711283884424224 57.000000000000007 1.5000000000000002 0.016035653486880054 -0.045670563990796192 0.071820037084859109 -1.4999999999999998 -0.82206020454642637 -0.35884757427417385 16.500000000000004 -13.499999999999998 5.5000000000000009 -0.82206020454642637
decision_type=2 2 2 2 2 2 2 2 2 2 2 2 2 2
left_child=1 -1 3 5 11 -2 7 -7 12 -10 13 -5 -9 -8
right_child=2 -3 -4 4 -6 6 10 8 9 -11 -12 -13 -14 -15
leaf_value=-0.0021031440664507402 0.0061344573808237105 0.012669006327743142 0.0076332213145520328 -0.0080059469658700123 -0.0060226715629938393 0.0011474081970895985 -0.005261667877195164 -0.0011958464934903779 -0.0099575246606793469 -0.0019823569574045135 0.010902430332889035 0 0.0053933841301286433 0.0031804183634515054
leaf_weight=33.808476559817791 72.518785573542118 37.45857086032629 36.04217790812254 44.238709188997746 148.09012730419636 654.97641672194004 42.041917949914932 146.18477742746472 53.061839710921049 804.37411867827177 38.358218006789684 432.01287887245417 102.11877305060625 178.61638700962067
leaf_count=184 257 284 119 152 567 2190 145 509 203 2711 121 1444 354 594
internal_value=-9.52986e-05 0.00565497 -0.000263225 -0.000391007 -0.00213786 0.0001222 -9.59393e-05 -0.000582438 -0.00163016 -0.00255975 0.00306484 -0.000827914 0.00146835 0.00138022
internal_weight=2823.9 71.267 2752.64 2716.59 624.342 2092.25 2019.73 1760.72 1105.74 857.436 259.017 476.252 248.304 220.658
internal_count=9834 468 9366 9247 2163 7084 6827 5967 3777 2914 860 1596 863 739
is_linear=0
shrinkage=0.025


Tree=411
num_leaves=15
num_cat=0
split_feature=15 39 39 19 9 43 23 48 44 56 21 47 25 16
split_gain=4.28923 3.70013 4.2239 5.27227 4.93814 4.96305 4.87303 4.56595 5.16326 4.98581 5.07153 4.50712 4.44806 6.07232
threshold=0.085981943516925063 -60.499999999999993 -1.4999999999999998 0.042504554883953508 -0.071899537869938634 7.5000000000000009 -0.016035653486880047 16.500000000000004 30.500000000000004 0.074064758809413808 -0.023927584226054194 13.500000000000002 -0.024858106311447397 0.18494154416694206
decision_type=2 2 2 2 2 2 2 2 2 2 2 2 2 2
left_child=1 -1 6 4 7 12 -3 8 9 10 -4 -8 13 -6
right_child=-2 2 3 -5 5 -7 11 -9 -10 -11 -12 -13 -14 -15
leaf_value=0.0071744082351428056 0.0078535712738902388 -0.0060413219594757789 0.012835580283520158 0.0069052866717251487 -0.0017619148610354702 0.0031777623645371025 0 0.010630041195493991 -0.0045192237752585355 -0.002667496399922642 0.0018813822294899852 -0.0079347147178596387 -0.00048326429988665952 -0.012328872782393176
leaf_weight=36.256377637386322 36.55292697250843 148.89697587490082 44.217135794460773 65.410367250442505 148.57035109773278 193.22645574063063 438.23700946569443 38.643925167620182 57.325375974178314 45.52575096487999 76.129763148725033 45.13545298576355 1404.0939476042986 43.462502337992191
leaf_count=121 266 571 146 247 582 654 1483 123 196 163 249 156 4686 191
internal_value=-0.000102836 -0.000230105 -0.000349694 0.00017626 -4.24329e-05 -0.000526158 -0.00213719 0.00311744 0.00150276 0.0038016 0.00645701 -0.000833843 -0.000998691 -0.00453257
internal_weight=2821.68 2785.13 2748.88 2116.61 2051.2 1789.35 632.269 261.842 223.198 165.873 120.347 483.372 1596.13 192.033
internal_count=9834 9568 9447 7237 6990 6113 2210 877 754 558 395 1639 5459 773
is_linear=0
shrinkage=0.025


Tree=412
num_leaves=15
num_cat=0
split_feature=56 3 3 8 8 8 36 48 24 26 24 22 50 4
split_gain=2.63545 7.87729 5.4299 4.8301 4.29072 5.87332 5.37277 4.39205 4.80391 4.10558 11.5246 5.8429 7.77545 5.33233
threshold=-1.404682783095051 0.97124424196261294 1.0177890505178298 149.69117667249159 228.98520374514348 222.90331833743633 51.350000000000009 12.500000000000002 0.13672278312770789 0.2087861026566448 0.19289394726272183 0.18187428930474289 7.5000000000000009 23.281419519561599
decision_type=2 2 2 2 2 2 2 2 2 2 2 2 2 2
left_child=1 3 -3 -1 5 9 -7 8 -6 10 11 -2 -13 -14
right_child=4 2 -4 -5 7 6 -8 -9 -10 -11 -12 12 13 -15
leaf_value=0 0.0006589518396462673 -0.0089762831099563841 0.0021010887604511245 0.013966804668008282 0.00050961951719559072 0.019628056158776552 0.0006055900511037892 0.0045457588166570931 -0.014344062676658926 0.010513236213411506 -0.013234985522747631 0.018785380777363053 -0.0056324252510084319 0.011927935655592494
leaf_weight=41.527803553268313 716.25377382338047 88.411994086578488 32.319361316040158 18.105787664651871 17.046316485852003 16.354199599474669 22.123222438618541 15.599737033247946 28.801252203062177 23.117654338479042 30.253397554159164 22.220686385408044 24.229115571826696 11.932887865230439
leaf_count=300 5870 914 304 124 168 134 216 190 436 226 368 214 264 106
internal_value=0.000524281 -0.00215743 -0.00584644 0.0047989 0.0010811 0.00156464 0.0105932 -0.0049659 -0.00882268 0.00105401 0.000688227 0.00134546 0.00865685 0.000299878
internal_weight=1108.3 180.365 120.731 59.6336 927.932 866.485 38.4774 61.4473 45.8476 828.008 804.89 774.636 58.3827 36.162
internal_count=9834 1642 1218 424 8192 7398 350 794 604 7048 6822 6454 584 370
is_linear=0
shrinkage=0.025


Tree=413
num_leaves=15
num_cat=0
split_feature=15 25 4 23 56 29 19 56 41 52 43 46 45 36
split_gain=4.04907 3.20919 5.76071 4.58123 4.04967 3.53731 3.5874 3.977 3.44179 3.66343 3.50996 4.59856 5.02106 8.38461
threshold=-0.076650810768733438 0.032603960168680307 23.173382621291655 0.030447061214768353 -0.063625560640310136 0.10487320901186865 -0.039680312572874944 0.10810111135216401 108.50000000000001 0.28326598249847373 -1.0000000180025095e-35 51.500000000000007 23.500000000000004 51.050000000000004
decision_type=2 2 2 2 2 2 2 2 2 2 2 2 2 2
left_child=-1 3 -3 5 -4 6 7 -2 10 -10 -8 -12 -13 -14
right_child=1 2 4 -5 -6 -7 8 -9 9 -11 11 12 13 -15
leaf_value=0.0061719784434695127 0.00035865888709785761 0.0015910285848392037 -0.0024588732763546877 0.007731252202349579 -0.011808649040316997 -0.0051418367557207675 0.0006526577620375707 0.01068660239645689 -0.00083667730107890061 0.007354193741650048 -0.0088838500284021474 -0.0017774659726912997 -0.0032384919533212601 0.006792564606229296
leaf_weight=57.716054573655128 67.900735452771187 91.415126837790012 91.186483088880777 42.180831387639046 48.63130247220397 80.144372038543224 1014.2435748949647 35.800736986100674 51.452144347131252 70.854593366384506 44.346383608877659 926.30345785617828 83.252868205308914 116.59297027438879
leaf_count=390 231 347 352 160 241 374 3344 142 165 227 145 3040 275 401
internal_value=-9.47979e-05 -0.000245577 -0.0030327 4.47048e-06 -0.00617896 -0.000131584 3.49283e-05 0.0044817 -0.000163401 0.00381454 -0.000405714 -0.00134294 -0.000985934 0.00251468
internal_weight=2822.02 2764.31 231.233 2533.07 139.818 2490.89 2410.75 103.701 2307.05 122.307 2184.74 1170.5 1126.15 199.846
internal_count=9834 9444 940 8504 593 8344 7970 373 7597 392 7205 3861 3716 676
is_linear=0
shrinkage=0.025


Tree=414
num_leaves=15
num_cat=0
split_feature=37 41 39 52 19 31 43 56 56 36 45 21 35 56
split_gain=4.2315 3.97931 7.00383 5.89749 5.46044 4.43243 3.8219 5.55123 5.57989 6.43573 4.79483 6.83132 6.22781 5.596
threshold=11.500000000000002 -108.49999999999999 -1.4999999999999998 0.65046531854751044 0.042504554883953508 -0.062150555937100345 1.0000000180025095e-35 -0.35580989181984096 -1.1482159998599726 58.45000000000001 -22.499999999999996 0.0061911079690230011 -3.6999999999999971 -1.2097029236935815
decision_type=2 2 2 2 2 2 2 2 2 2 2 2 2 2
left_child=1 -1 3 5 6 -3 10 8 -8 -10 11 -4 13 -12
right_child=-2 2 4 -5 -6 -7 7 -9 9 -11 12 -13 -14 -15
leaf_value=0.0035337013433397709 0.003030213248331701 -0.0080622781803447331 -0.001235169588820883 -0.00621782341350897 0.0073678700916055195 0.00056731633529392728 0 -0.001113660080286884 0.0076148037267722681 -0.0027949743551311862 0.0089536720138848856 0.0076452483004318273 -0.0032553196737793674 -0.00049970661562626984
leaf_weight=144.02545934170485 239.44224247336388 38.37665144354105 136.56578835099936 227.58149790763855 56.325103349983692 235.80792657658458 209.88692323118448 374.14788627624512 186.18058066442609 39.329749017953873 45.312148034572601 79.976702503859997 650.8022742420435 156.18349782377481
leaf_count=478 1001 137 518 785 198 848 678 1289 613 134 150 260 2229 516
internal_value=-0.000102006 -0.000407608 -0.000657587 -0.0032742 1.48308e-05 -0.000673749 -0.000211358 0.00106444 0.0029843 0.0056696 -0.00120139 0.00203036 -0.00205869 0.00167042
internal_weight=2819.94 2580.5 2436.48 501.766 1934.71 274.185 1878.39 809.545 435.397 225.51 1068.84 216.542 852.298 201.496
internal_count=9834 8833 8355 1770 6585 985 6387 2714 1425 747 3673 778 2895 666
is_linear=0
shrinkage=0.025


Tree=415
num_leaves=15
num_cat=0
split_feature=44 34 52 52 50 48 32 46 44 32 20 34 52 34
split_gain=2.58048 4.99253 8.30924 6.2938 5.33663 4.8495 7.85128 5.43046 4.69259 10.2365 4.77257 5.66742 10.2669 8.82244
threshold=32.500000000000007 136.50000000000003 0.80392996239591741 0.99647596743615485 35.500000000000007 13.500000000000002 0.9420924843697509 149.50000000000003 10.500000000000002 0.9959453827074588 0.18011019094950559 53.500000000000007 0.091608391608391612 26.500000000000004
decision_type=2 2 2 2 2 2 2 2 2 2 2 2 2 2
left_child=5 2 4 -3 -2 6 -1 8 9 -8 11 13 -13 -10
right_child=1 3 -4 -5 -6 -7 7 -9 10 -11 -12 12 -14 -15
leaf_value=-0.0084773609642864404 0.00068346487621070095 -0.012665077365459057 0.012832781956958826 0 -0.011002857834893874 0.0058150686503005145 0.019678317297047429 0.012976511844067307 -0.0046606652355887226 0 -0.0056397303979377452 -0.0091684347851820076 0.0012986317332643383 0.010446774615259028
leaf_weight=51.807028261944652 124.92544380761683 42.173586364835501 25.653985895216465 54.866457836702466 24.40383062325418 118.60598047450185 19.931898085400462 18.805689468979836 28.680543024092913 43.033236246556044 76.448993477970362 65.285643870010972 339.44857743009925 74.209348989650607
leaf_count=490 1058 416 220 526 232 984 164 124 256 372 896 594 2856 646
internal_value=0.000521362 -0.001535 0.000881467 -0.00596706 -0.00135896 0.00122513 0.000396974 0.00118276 0.000704763 0.00692226 0 0.000874736 -0.000420022 0.00598303
internal_weight=1108.28 272.023 174.983 97.04 149.329 836.257 717.651 665.844 647.038 62.9651 584.073 507.624 404.734 102.89
internal_count=9834 2452 1510 942 1290 7382 6398 5908 5784 536 5248 4352 3450 902
is_linear=0
shrinkage=0.025


Tree=416
num_leaves=15
num_cat=0
split_feature=35 51 43 44 56 14 7 22 35 36 23 52 29 9
split_gain=4.12266 6.13059 5.59999 6.01655 6.24636 5.8348 5.27457 6.05613 5.19553 4.46818 5.24537 8.75854 4.4667 5.25412
threshold=-3.6999999999999971 0.42841000807102497 -1.0000000180025095e-35 20.500000000000004 -1.2809338454620642 0.08976021720219142 2.9456045711345529 0.13510926790600503 1.1499999999999988 55.050000000000004 0.0043630037724225511 0.75020683949255385 0.013531659047912052 0.033238913784035005
decision_type=2 2 2 2 2 2 2 2 2 2 2 2 2 2
left_child=-1 2 3 4 -2 8 7 -6 -5 10 11 -3 -4 -14
right_child=1 9 12 5 6 -7 -8 -9 -10 -11 -12 -13 13 -15
leaf_value=-0.0016958849398729854 0.013364623427285905 -0.0019165158074940789 0 -0.011112505252890096 0.006585562598196263 0.0010869544675590958 0.011070848551168832 -0.0024880925567814277 -0.00044344114776712486 0.0087507006285027552 -0.0030671529779405901 0.011004925631480138 -0.005568215547830194 0.0011318399016122893
leaf_weight=741.49882675334811 37.870369955897331 55.33939902484417 494.49417536705732 45.118897333741188 66.150247223675251 577.53909543156624 33.167188331484795 121.73578432947397 79.583171889185905 80.427770517766476 79.02793425321579 63.303783617913723 252.93992219492793 92.106434270739555
leaf_count=2655 130 189 1615 141 217 1999 122 457 241 277 255 213 977 346
internal_value=-9.45957e-05 0.000467277 -5.65699e-05 0.00122905 0.00444721 0 0.00254709 0.000664818 -0.00477598 0.00388862 0.00161992 0.00494194 -0.0015566 -0.00371767
internal_weight=2820.3 2078.8 1800.71 961.165 258.924 702.241 221.053 187.886 124.702 278.099 197.671 118.643 839.541 345.046
internal_count=9834 7179 6245 3307 926 2381 796 674 382 934 657 402 2938 1323
is_linear=0
shrinkage=0.025


Tree=417
num_leaves=15
num_cat=0
split_feature=15 9 19 26 10 36 10 30 33 30 6 31 30 30
split_gain=4.13141 3.55276 5.65852 5.22386 5.94528 5.13184 5.89404 5.03902 6.35579 5.12962 5.03248 4.83509 4.12941 7.50495
threshold=0.085981943516925063 0.016821180485163203 0.00019650869795800004 0.19092708374506931 1.9327454726759428 62.350000000000009 1.9693587229288891 1.4825461737251049 72.500000000000014 1.5069568233395474 10.8768721307448 -0.06702810367359309 1.496732807696765 1.5069568233395474
decision_type=2 2 2 2 2 2 2 2 2 2 2 2 2 2
left_child=1 2 7 4 -4 6 -3 8 11 -9 -7 -1 -8 -14
right_child=-2 5 3 -5 -6 10 12 9 -10 -11 -12 -13 13 -15
leaf_value=0.0089619279867250573 0.0077398036404692522 0.0025459387123136262 -0.0059427179864071115 -0.0046150892717281861 0.0036344661479437873 -0.001478814791767021 -0.0034832085132757112 -0.0083380144311298362 -0.005427334614778262 -0.00028980114852552831 0.0096641650485624203 0.00050282260474876896 0.0098789858438154115 -0.0021317241604126339
leaf_weight=41.057215824723244 36.216986589133739 152.0002653747797 37.233760222792625 55.648879267275333 575.95253345370293 42.100365996360779 706.77596708387136 92.430355049669743 102.30749341472983 115.20857635885477 45.397728011012077 657.33846861869097 38.408483907580376 120.18260879069567
leaf_count=142 266 471 114 191 1912 138 2503 336 391 397 176 2230 138 429
internal_value=-0.000100735 -0.000225476 0.000488512 0.00227143 0.00296912 -0.00132915 -0.00185117 -0.000674802 0.000202812 -0.00410185 0.00424224 0.00109583 -0.00266243 0.000837313
internal_weight=2818.26 2782.04 1677.18 668.835 613.186 1104.87 1017.37 1008.34 800.703 207.639 87.4981 698.396 865.367 158.591
internal_count=9834 9568 5713 2217 2026 3855 3541 3496 2763 733 314 2372 3070 567
is_linear=0
shrinkage=0.025


Tree=418
num_leaves=15
num_cat=0
split_feature=54 44 32 32 36 6 16 18 12 48 26 10 5 5
split_gain=2.58541 3.92477 5.79105 3.67809 7.91621 6.69455 8.09728 7.02708 6.22654 6.15775 5.16986 6.91323 6.55618 9.42663
threshold=1.1778601093708039 8.5000000000000018 0.9884601021712337 1.0044898135296396 58.150000000000013 14.626881797246153 0.16997851764253344 0.13648358515710232 0.070105252498854562 17.500000000000004 0.063795489785234458 2.0670468250328655 -2.5898715827791832 2.200124447130825
decision_type=2 2 2 2 2 2 2 2 2 2 2 2 2 2
left_child=1 2 -1 4 5 6 7 -3 -5 -7 -10 -12 -13 -14
right_child=-2 3 -4 8 -6 9 -8 -9 10 -11 11 12 13 -15
leaf_value=0.017744741193101151 0.009414048839629735 0.00247483142723166 0 0.0085181823057403593 -0.0093471971702691527 -0.011050106837630103 0.015489873581727258 -0.0086956877121253835 0.011281212056495283 0.0069779353407552931 -0.0030022625236147864 -0.006132369524405698 0.0059818091302671038 -0.0047486074266157559
leaf_weight=14.653904665261505 15.246790029108523 168.07925341837108 26.543225727975368 58.897676080465317 68.837295053526759 48.664797347038984 19.276133753359318 39.088222341611981 20.680737867951393 9.6938506979495269 285.68098478205502 43.524870665743947 230.89285506680608 58.702543700113893
leaf_count=128 144 1224 230 264 690 662 228 430 96 130 2210 675 1914 809
internal_value=0.000514402 0.000325222 0.00745738 0 -0.00204841 -6.71844e-05 0.00181901 9.40981e-05 0.00106244 -0.00734657 0.000276198 -0.000138995 0.00225066 0.00367816
internal_weight=1108.46 1093.22 41.1971 1052.02 353.64 284.802 226.444 207.167 698.38 58.3586 639.482 618.801 333.12 289.595
internal_count=9834 9690 358 9332 3364 2674 1882 1654 5968 792 5704 5608 3398 2723
is_linear=0
shrinkage=0.025


Tree=419
num_leaves=15
num_cat=0
split_feature=15 9 21 22 42 36 10 6 51 34 30 31 46 35
split_gain=3.91864 3.66337 5.49349 9.1217 5.29224 4.89393 6.12491 5.46589 4.70595 6.96034 5.85743 4.74116 4.62277 4.32252
threshold=-0.076650810768733438 -0.017086653771434295 -0.0038159083426214497 0.17976850296195063 34.000000000000007 62.350000000000009 1.9693587229288891 10.8768721307448 -0.11349615508246179 92.500000000000014 1.4719942928821603 0.021693470055424453 93.500000000000014 -1.5499999999999987
decision_type=2 2 2 2 2 2 2 2 2 2 2 2 2 2
left_child=-1 5 3 12 -5 6 13 -7 9 -4 -10 -12 -3 -2
right_child=1 2 8 4 -6 7 -8 -9 10 -11 11 -13 -14 -15
leaf_value=0.0060883997316199291 -0.0035625405082596361 0.0078201607384795532 0.0023822287289262897 0.00029435012698836213 -0.010417879583889003 -0.0019110458226803872 -0.0027103174536150989 0.0097455212362093646 0.0018238400907116985 -0.0055762013380979414 -0.00064086283198285605 -0.0093532474290096267 0.0022110538606859536 0.0052633396175054085
leaf_weight=57.379693418741226 42.242154464125633 137.25676327943802 90.923620320856571 64.470780700445175 41.295137763023376 41.808410882949829 858.33246149495244 45.324879229068756 564.21501979604363 216.95668813958764 161.86778628081083 50.236548788845539 336.94010384380817 109.37103444337845
leaf_count=390 132 438 341 219 137 137 3036 175 1879 786 561 167 1100 336
internal_value=-9.32731e-05 -0.000241541 0.000486522 0.00244746 -0.00394389 -0.00136582 -0.00187816 0.00408093 -0.000545893 -0.00314549 0.000466617 -0.00298741 0.00395144 0.00260943
internal_weight=2818.62 2761.24 1664.16 579.963 105.766 1097.08 1009.95 87.1333 1084.2 307.88 776.319 212.104 474.197 151.613
internal_count=9834 9444 5628 1894 356 3816 3504 312 3734 1127 2607 728 1538 468
is_linear=0
shrinkage=0.025


Tree=420
num_leaves=15
num_cat=0
split_feature=37 38 20 41 39 52 21 43 31 51 8 30 32 33
split_gain=4.03691 4.24036 5.76744 3.85954 6.80022 5.64974 4.41375 4.66623 4.32701 3.77585 5.09429 3.76639 3.75277 6.1175
threshold=11.500000000000002 382.50000000000006 0.092390932057190553 -108.49999999999999 -1.4999999999999998 0.65046531854751044 0.040923127667028755 8.5000000000000018 -0.062150555937100345 -0.54537220026350453 148.85100903651673 1.3949614428524135 0.9994503024308925 -9.4999999999999982
decision_type=2 2 2 2 2 2 2 2 2 2 2 2 2 2
left_child=3 2 -2 -1 5 8 7 9 -5 10 -6 -8 13 -11
right_child=1 -3 -4 4 6 -7 11 -9 -10 12 -12 -13 -14 -15
leaf_value=0.003482951600397174 -0.0021592999693412899 -0.003199737292435556 0.0071935219672273933 -0.0079818164346401668 0.0057022779066178506 -0.0061116507188376055 -0.0012609909582898923 0.0039720841660036855 0.00054771104849755622 -0.0028151336018153736 -0.0017071664045616719 0.0077047341727437199 -0.001986695139926387 0.0030514576735270558
leaf_weight=143.95456865057349 49.551917761564255 47.252488672733307 141.97882095724344 38.325769029557705 121.2413431070745 227.09511097893119 36.732605159282684 142.07479057461023 235.6415444239974 175.71369313448668 96.783149093389511 77.691026382148266 1005.7321097888052 276.77531586587429
leaf_count=478 157 201 643 137 386 785 120 473 848 582 324 269 3415 1016
internal_value=-0.000100488 0.00296291 0.00465322 -0.000399123 -0.000645661 -0.00322589 1.69576e-05 -0.000275118 -0.000677557 -0.000660714 0.00233653 0.0046849 -0.00113238 0.000712787
internal_weight=2816.54 238.783 191.531 2577.76 2433.81 501.062 1932.74 1818.32 273.967 1676.25 218.024 114.424 1458.22 452.489
internal_count=9834 1001 800 8833 8355 1770 6585 6196 985 5723 710 389 5013 1598
is_linear=0
shrinkage=0.025


Tree=421
num_leaves=15
num_cat=0
split_feature=54 44 32 32 36 28 34 6 18 18 22 4 34 32
split_gain=2.50917 3.81279 5.57016 3.55854 7.74632 6.49276 7.93397 5.85581 6.35015 6.38922 5.64772 7.81049 6.14992 5.27226
threshold=1.1778601093708039 8.5000000000000018 0.9884601021712337 1.0044898135296396 59.050000000000004 13.075024972564899 123.50000000000001 14.11198953703566 0.16517131444031083 0.13760595935895772 0.090631967396701013 23.3267193023534 152.50000000000003 1.0085144498704839
decision_type=2 2 2 2 2 2 2 2 2 2 2 2 2 2
left_child=1 2 -1 4 7 13 -7 8 9 10 -3 12 -12 -5
right_child=-2 3 -4 5 -6 6 -8 -9 -10 -11 11 -13 -14 -15
leaf_value=0.017357343864356077 0.0092581222098727569 -0.0025947600979789238 0 0.0104874874778233 -0.01004322328955444 -0.0015215263492281608 0.014575621412216341 -0.0063569294387862286 0.014484741575869939 -0.0088164590340057119 -0.0065285686978801983 0.016653379425751295 0.0071349336073533998 -0.00027167757206683309
leaf_weight=14.849606567062436 15.350402053445576 74.394303198903799 26.534734005108476 24.758647872135043 57.227301076054573 27.070701902732253 40.618557188659906 70.265286810696125 16.90749385394156 34.301981335505843 29.790071399882436 26.399034019559622 43.628607857972383 606.26496685575694
leaf_count=128 144 498 230 230 578 186 260 948 190 378 254 194 324 5292
internal_value=0.000512084 0.000324886 0.00733986 0 -0.0020141 0.00104751 0.00813218 -0.000235836 0.00166019 0.000188367 0.00229741 0.00613191 0.00120931 0.000190286
internal_weight=1108.36 1093.01 41.3843 1051.63 352.914 698.713 67.6893 295.687 225.421 208.514 174.212 99.8177 73.4187 631.024
internal_count=9834 9690 358 9332 3364 5968 446 2786 1838 1648 1270 772 578 5522
is_linear=0
shrinkage=0.025


Tree=422
num_leaves=15
num_cat=0
split_feature=37 38 24 13 41 39 52 19 31 31 43 56 56 36
split_gain=3.93769 4.15535 5.64073 4.0505 3.53171 6.95965 6.07785 5.12665 4.48153 5.61915 3.88892 6.62943 5.17711 6.1888
threshold=-11.499999999999998 382.50000000000006 0.092094749984531474 -0.0079341457467435473 108.50000000000001 1.5000000000000002 0.65046531854751044 -0.039680312572874944 0.045360852093751958 0.013978822433145901 -1.0000000180025095e-35 -0.35580989181984096 -1.1482159998599726 58.45000000000001
decision_type=2 2 2 2 2 2 2 2 2 2 2 2 2 2
left_child=1 2 -1 -4 5 7 8 -2 9 -7 11 12 -9 -14
right_child=4 -3 3 -5 -6 6 -8 10 -10 -11 -12 -13 13 -15
leaf_value=-0.0022408963870822938 0.0063539261990394101 -0.0031670366768159863 0.0091173034748730144 -0.00052245461397820638 0.0033195993189051318 -0.001557253692840642 -0.0062235398005766537 0.0002142272645406263 -0.0063861838910516432 0.0069066699924937016 -0.0012037693445807697 -0.0013084416305618202 0.0077191057649097176 -0.002551257501277244
leaf_weight=48.182501688599586 72.573425501585007 47.18375737965107 114.72060711681843 28.41473887860775 144.33826107531786 147.73306019976735 227.21024861186743 207.62084903568029 60.40497100353241 65.750787608325481 1060.7932147569954 369.1151956692338 184.22589137405157 38.721701793372631
leaf_count=155 252 201 561 84 478 536 785 671 216 233 3646 1275 608 133
internal_value=-9.27013e-05 0.00293479 0.00460934 0.00708184 -0.000387549 -0.000623977 -0.00323464 4.64783e-05 -0.000598374 0.00103352 -0.000202532 0.00109378 0.00320193 0.00580883
internal_weight=2816.99 238.502 191.318 143.135 2578.49 2434.15 501.099 1933.05 273.889 213.484 1860.48 799.684 430.568 222.948
internal_count=9834 1001 800 645 8833 8355 1770 6585 985 769 6333 2687 1412 741
is_linear=0
shrinkage=0.025


Tree=423
num_leaves=15
num_cat=0
split_feature=15 39 39 23 49 9 25 16 28 20 40 7 22 23
split_gain=3.98913 3.51053 3.87869 4.69766 4.48106 4.34888 4.89774 5.56273 4.72226 4.55395 4.47424 5.59076 3.77529 3.83987
threshold=0.085981943516925063 -60.499999999999993 -6.4999999999999991 -0.016653894374945546 39.500000000000007 -0.071899537869938634 -0.024858106311447397 0.18406327835648503 12.789855502612884 0.15206321556769178 89.500000000000014 0.46730603775086627 0.15358160963702353 -0.033523300565690792
decision_type=2 2 2 2 2 2 2 2 2 2 2 2 2 2
left_child=1 -1 3 -3 -5 8 7 12 9 -4 -8 -12 -7 -14
right_child=-2 2 5 4 -6 6 10 -9 -10 -11 11 -13 13 -15
leaf_value=0.0069954515627956727 0.0076348965698759975 -0.0060368920411401558 -0.0034796555440932508 7.090523956837489e-05 -0.0071229561438320493 -0.004758058262237257 0.00050679289456927201 -0.010858203647381126 0.0066840244308969928 0.0053079250954028434 0.00026627371281153915 -0.011869125282229267 -0.0017274517520088851 0.0088223804934626695
leaf_weight=36.190290622413158 35.896701835095882 140.95223739370704 87.074650175869465 414.10184540227056 56.180512797087431 88.667671263217926 1573.4524855688214 48.65751863270998 120.21479453891516 56.452958777546883 45.025194346904755 37.168780826032162 44.434426829218864 30.596189357340336
leaf_count=121 266 546 284 1394 202 325 5284 214 401 201 154 130 196 116
internal_value=-9.96193e-05 -0.000222032 -0.000338911 -0.00208876 -0.000801775 0.000154837 -0.000259952 -0.00379402 0.00313586 0 0.000188338 -0.00530067 -0.00128649 0.00254462
internal_weight=2815.07 2779.17 2742.98 611.235 470.282 2131.74 1868 212.356 263.742 143.528 1655.65 82.194 163.698 75.0306
internal_count=9834 9568 9447 2142 1596 7305 6419 851 886 485 5568 284 637 312
is_linear=0
shrinkage=0.025


Tree=424
num_leaves=15
num_cat=0
split_feature=56 56 50 54 8 8 36 48 24 54 50 50 50 8
split_gain=2.56875 5.50384 9.08816 4.5915 4.12032 5.66592 5.0589 4.26726 4.75279 3.91472 3.47518 9.62259 6.2255 4.35265
threshold=-1.404682783095051 -2.2170667000936963 8.5000000000000018 0.15956248430898379 228.98520374514348 222.90331833743633 51.350000000000009 12.500000000000002 0.13672278312770789 -0.58661375657140125 73.500000000000014 83.500000000000014 67.500000000000014 147.33679358117863
decision_type=2 2 2 2 2 2 2 2 2 2 2 2 2 2
left_child=1 2 -1 -3 5 10 -7 8 -6 -4 12 -12 -2 -13
right_child=4 3 9 -5 7 6 -8 -9 -10 -11 11 13 -14 -15
leaf_value=-0.0099102316847111127 0.00086862185107806911 -0.0067219903131926677 0.01751168310291978 0.006385766483313517 0.00052760853885736286 0.019047504103202578 0.00060155095531667262 0.0044389637422296985 -0.014283677917216468 0.00064285628123011366 0.014857189787814241 0.0064452153038625894 -0.011846908368294693 -0.0068950606360712891
leaf_weight=14.140932828187941 721.92520273476839 114.54496936313808 18.615254707634445 13.43886651471257 17.017709216102958 16.655136037617922 22.115001566708088 15.684562688693402 28.331997393630445 19.311802877113227 35.23174318857491 20.850970145314932 19.751413298770785 30.75376751087606
leaf_count=122 6178 1076 150 110 168 134 216 190 436 184 266 142 178 284
internal_value=0.000508171 -0.00214185 0.00419641 -0.00496928 0.00105766 0.00153024 0.0103675 -0.00488638 -0.00872869 0.0105801 0.001027 0.00563851 0.000419453 -0.000970048
internal_weight=1108.37 180.052 52.068 127.984 928.318 867.283 38.7701 61.0343 45.3497 37.9271 828.513 86.8365 741.677 51.6047
internal_count=9834 1642 456 1186 8192 7398 350 794 604 334 7048 692 6356 426
is_linear=0
shrinkage=0.025


Tree=425
num_leaves=15
num_cat=0
split_feature=35 51 10 43 44 14 4 45 20 35 44 19 53 8
split_gain=3.8704 5.85878 5.57177 5.23089 5.85911 5.67853 5.16581 5.7998 6.69029 4.99793 4.69265 5.15808 6.64741 4.32964
threshold=-3.6999999999999971 0.42841000807102497 1.9347676852218401 -1.0000000180025095e-35 20.500000000000004 0.08976021720219142 23.3267193023534 -28.499999999999996 0.16974467283575592 1.1499999999999988 24.500000000000004 0.024816061242145554 -0.15834717309333432 145.12780990144336
decision_type=2 2 2 2 2 2 2 2 2 2 2 2 2 2
left_child=2 3 -1 4 6 9 7 -2 -9 -6 -4 12 -12 -3
right_child=1 13 10 -5 5 -7 -8 8 -10 -11 11 -13 -14 -15
leaf_value=-0.0092715286429314921 -0.0056178640520294998 0.011294561330802696 -0.0032727476258039251 -0.001511259294475739 -0.010972189048139493 0.0010431458550976577 0.010742349111082305 0.007681510171855541 -0.0028550793066034782 -0.00048480784454334961 0.0063216625900021006 -0.0051627603986383183 -0.00081685784117447278 0.0023006755194395628
leaf_weight=51.232703149318695 39.989636018872261 38.063089817762375 306.87995016947389 837.99555439129472 45.002932012081146 576.82795583456755 57.9551922082901 112.44396275281906 48.073750086128712 79.550343990325928 135.27297559380531 66.55010611563921 180.23960539698601 239.4147819802165
leaf_count=162 146 126 1127 2938 141 1999 222 384 174 241 473 273 620 808
internal_value=-9.2129e-05 0.000452417 -0.00164528 -5.96434e-05 0.00118305 0 0.00436175 0.00217935 0.00438392 -0.00474424 -0.000979413 0.000816529 0.00221659 0.003801
internal_weight=2815.49 2075.32 740.175 1797.84 959.844 701.381 258.463 200.507 160.518 124.553 688.943 382.063 315.513 277.478
internal_count=9834 7179 2655 6245 3307 2381 926 704 558 382 2493 1366 1093 934
is_linear=0
shrinkage=0.025


Tree=426
num_leaves=15
num_cat=0
split_feature=5 27 39 51 27 3 39 7 43 33 41 29 43 50
split_gain=3.91604 7.07647 3.88462 3.6209 5.9784 4.60475 4.07215 3.99616 5.10781 3.48242 3.25809 3.47074 5.86591 5.22838
threshold=5.2885208323790431 -0.066461690424536937 -60.499999999999993 -0.3566536203522504 -0.014934514665703998 0.95044347379154626 6.5000000000000009 -1.9539570214224324 -1.4999999999999998 -79.499999999999986 178.50000000000003 -0.0083633523682776472 -7.4999999999999991 8.5000000000000018
decision_type=2 2 2 2 2 2 2 2 2 2 2 2 2 2
left_child=2 -2 -1 4 6 -6 7 8 -4 -8 11 12 -5 -13
right_child=1 -3 3 10 5 -7 9 -9 -10 -11 -12 13 -14 -15
leaf_value=0.0073718037624917222 0.012535417445645314 -0.0022413645151972321 -0.0047365851638698419 -0.0075595000060161791 -0.0026980056867964559 0.0061335819161190885 0.008378645837192257 -0.0071466201056556407 0.0057794181823663596 -0.00035809569213148288 -0.0060850257631941537 0.0021966242972230187 -0.0010501525992755213 -0.0011810585587546368
leaf_weight=35.767517790198326 36.521407328546047 32.447061881422997 57.306311041116714 93.806114252656698 38.257347449660301 187.23597903549671 39.119439259171486 79.474433764815331 48.725641921162605 65.588201612234116 67.598524190485477 500.79100979119539 882.00870615243912 649.06042768061161
leaf_count=118 276 180 188 392 117 612 133 266 161 215 217 1629 3283 2047
internal_value=-9.79529e-05 0.00556393 -0.000259172 -0.000382534 0.00147578 0.00450072 -0.000826313 -0.00308821 0 0.00291123 -0.000833218 -0.000640584 -0.00173674 0.000271506
internal_weight=2813.71 68.9685 2744.74 2708.97 515.707 225.493 290.214 185.506 106.032 104.708 2193.26 2125.67 975.815 1149.85
internal_count=9834 456 9378 9260 1692 729 963 615 349 348 7568 7351 3675 3676
is_linear=0
shrinkage=0.025


Tree=427
num_leaves=15
num_cat=0
split_feature=30 36 50 54 7 27 44 44 56 54 44 36 6 18
split_gain=2.51256 7.44866 5.28339 3.63665 3.59635 7.53632 3.57238 5.55463 5.45289 4.61933 9.57365 8.68278 8.48148 7.63197
threshold=1.5080644208925704 52.650000000000013 19.500000000000004 1.0630426279229312 -1.1292609590637139 0.07094027264846757 10.500000000000002 17.500000000000004 0.086373532990686216 0.094210216967764118 20.500000000000004 54.45000000000001 11.476606230032324 0.12100146698171892
decision_type=2 2 2 2 2 2 2 2 2 2 2 2 2 2
left_child=3 2 4 6 -2 -6 8 -8 -1 10 11 -9 13 -11
right_child=1 -3 -4 -5 5 -7 7 9 -10 12 -12 -13 -14 -15
leaf_value=0.00071986325185169895 -0.0021762863253948976 -0.010839818759648115 -0.0073968116274189507 0.010897439148952578 0.022336600167858003 -0.00087763563605495207 -0.0044136122608216871 0.0193021822894501 0.016719591967253162 -0.0017172527186187407 0.0011318559206109243 -5.4865450627512516e-05 -0.0083501045912664044 0.009886527004360381
leaf_weight=46.421707240864635 10.214502431452273 40.320745706558228 15.576443677768109 17.511703168973327 13.901361368596556 11.975827921181915 132.37379261851311 31.765565338544548 16.380245784297585 124.65319558605552 506.83236002456397 19.683150913566351 77.930255170911551 42.920630151405931
leaf_count=386 123 548 196 148 152 141 1216 256 130 848 4310 160 850 370
internal_value=0.00050336 -0.00329199 0.00259374 0.000885739 0.00788925 0.0123811 0.000631935 0.000201828 0.00618692 0.00101543 0.00228593 0.0121048 -0.00176187 0.00131029
internal_weight=1108.46 91.9889 51.6681 1016.47 36.0917 25.8772 998.961 936.159 62.802 803.785 558.281 51.4487 245.504 167.574
internal_count=9834 1160 612 8674 416 293 8526 8010 516 6794 4726 416 2068 1218
is_linear=0
shrinkage=0.025


Tree=428
num_leaves=15
num_cat=0
split_feature=37 38 20 13 41 39 52 25 29 9 51 56 44 11
split_gain=3.78312 4.04191 6.28672 3.77131 3.4385 6.68193 5.84883 4.94037 4.33389 3.44553 5.00016 4.48767 4.38002 3.4295
threshold=-11.499999999999998 382.50000000000006 0.092390932057190553 -0.0079341457467435473 108.50000000000001 1.5000000000000002 0.65046531854751044 -0.045670563990796192 0.03580796189441466 0.071820037084859109 0.3493019697838976 0.074064758809413808 26.500000000000004 -0.027095331579773396
decision_type=2 2 2 2 2 2 2 2 2 2 2 2 2 2
left_child=1 2 -1 -4 5 7 8 -2 13 -9 11 12 -11 -7
right_child=4 -3 3 -5 -6 6 -8 9 -10 10 -12 -13 -14 -15
leaf_value=-0.0026125981753333635 0.0065835152397416778 -0.0031292993864930636 0.0091928217452168833 -7.9194118882226086e-05 0.003276861055797534 -0.0040677189758375892 -0.0061098875214984326 -0.0006043147965833003 -0.005239739736681381 0.0077095332300848168 0.0095999511364711423 -0.0050818979478981169 -0.00098829644818857528 0.0033579642070958962
leaf_weight=49.152464866638184 64.786052644252777 47.222554616630077 112.67821166664362 28.761906161904335 144.306675106287 45.439363270998001 226.79851557314396 1638.0601574964821 83.183766573667526 62.512529015541077 45.88944736123085 53.650806628167629 66.596254214644432 145.06805516779423
leaf_count=157 224 201 558 85 478 159 785 5594 352 206 152 194 215 474
internal_value=-9.20045e-05 0.00287965 0.00453822 0.00719831 -0.000381047 -0.000614633 -0.00317429 4.22013e-05 -0.000585989 -0.000188445 0.00263305 0.000541513 0.00316707 0.0014002
internal_weight=2814.11 237.815 190.593 141.44 2576.29 2431.98 500.49 1931.5 273.691 1866.71 228.649 182.76 129.109 190.507
internal_count=9834 1001 800 643 8833 8355 1770 6585 985 6361 767 615 421 633
is_linear=0
shrinkage=0.025


Tree=429
num_leaves=15
num_cat=0
split_feature=15 35 51 10 43 42 19 47 9 36 21 3 56 12
split_gain=3.82072 3.41831 5.64885 5.45189 4.90858 4.68537 5.03243 4.6294 4.37381 6.29927 5.21852 6.25655 5.79435 7.00962
threshold=0.085981943516925063 3.649999999999999 -0.42447242527887685 1.9347676852218401 1.0000000180025095e-35 62.500000000000007 -0.0019797717138284993 -6.4999999999999991 0.011274685381270801 62.95000000000001 -0.0009332451603981999 1.0177890505178298 0.074064758809413808 0.12995305113211303
decision_type=2 2 2 2 2 2 2 2 2 2 2 2 2 2
left_child=1 2 5 -3 -4 6 -1 -8 9 10 12 -12 13 -6
right_child=-2 3 4 -5 8 -7 7 -9 -10 -11 11 -13 -14 -15
leaf_value=-0.0025671394804904595 0.0075085986314161572 -0.009237015066346688 -0.0016268122673640971 -0.0010164219734105368 -0.0020782757921694226 0.00919530196014391 0.008707426765796061 -0.00091837926470071283 -0.0007645750137977703 -0.0065181537260940673 0.0083667323536195503 -0.0014097495815160641 -0.0046163848956369399 0.0077340758067265137
leaf_weight=93.017084117978811 35.508512958884239 51.119462698698044 825.3356637172401 677.82967239245772 73.513886816799641 66.756871350109577 72.088711626827717 43.786749377846718 443.40600180253386 37.222860395908356 173.23486999422312 46.04355476796627 76.226417861878872 96.816708374768496
leaf_count=297 266 162 2875 2408 226 220 242 150 1524 129 577 149 271 338
internal_value=-9.72249e-05 -0.00021681 0.000296906 -0.00168597 -0.000211199 0.00359752 0.00151859 0.0049757 0.000999031 0.00259494 0.00343771 0.00621676 0.000792314 0.00341803
internal_weight=2811.91 2776.4 2047.45 728.949 1771.8 275.649 208.893 115.875 946.464 503.058 465.835 219.278 246.557 170.331
internal_count=9834 9568 6998 2570 6089 909 689 392 3214 1690 1561 726 835 564
is_linear=0
shrinkage=0.025


Tree=430
num_leaves=15
num_cat=0
split_feature=44 34 52 52 48 46 46 3 20 52 8 38 38 18
split_gain=2.49047 4.92551 7.96155 6.14792 4.49829 5.67193 4.25708 5.38866 4.20259 4.32705 4.03876 4.88354 3.48698 9.28936
threshold=32.500000000000007 136.50000000000003 0.80392996239591741 0.99647596743615485 13.500000000000002 150.50000000000003 118.50000000000001 0.97676758275778719 0.074990119908594513 1.3235432572725332 149.45888160417311 370.50000000000006 385.00000000000006 0.16622481810748824
decision_type=2 2 2 2 2 2 2 2 2 2 2 2 2 2
left_child=4 2 6 -3 5 12 7 -2 -6 10 11 -10 -1 -14
right_child=1 3 -4 -5 8 -7 -8 -9 9 -11 -12 -13 13 -15
leaf_value=-0.00067150785846592704 0.014356729262109664 -0.012602717457971209 0.012512684259632804 0 0.015706007174939224 0.012280652578418504 -0.0046372647590133143 -0.00087316929114058129 0 -0.0033592574388375176 0 0.018313591054152863 -0.010170426953836936 0.0089776123174071451
leaf_weight=618.1504727602005 15.178801815956829 41.744493398815393 25.926774954423308 54.986056229099631 17.662656717002392 19.228563033044338 92.936774373054504 40.891352508217096 15.477697566151617 35.46137348935008 29.797273837029934 21.106083873659372 14.895569536834953 65.055135179311037
leaf_count=5472 130 416 220 526 88 120 810 350 126 318 262 190 118 688
internal_value=0.000499213 -0.00152241 0.000875038 -0.00593378 0.00119034 0.000388567 -0.00132804 0.00367824 0.00559333 0.00295255 0.00667373 0.0117113 0 0.00472723
internal_weight=1108.5 271.664 174.934 96.7305 836.835 717.33 149.007 56.0702 119.505 101.842 66.3811 36.5838 698.101 79.9507
internal_count=9834 2452 1510 942 7382 6398 1290 480 984 896 578 316 6278 806
is_linear=0
shrinkage=0.025


Tree=431
num_leaves=15
num_cat=0
split_feature=5 7 39 39 50 44 45 25 9 48 43 44 56 21
split_gain=3.70104 5.92007 3.88056 3.54842 4.52196 4.68715 4.30845 4.14253 4.56932 4.7361 4.66171 4.49934 4.89373 4.8243
threshold=-5.2125823043413932 1.1802594645236371 57.000000000000007 1.5000000000000002 55.500000000000007 14.500000000000002 -5.4999999999999991 -0.045670563990796192 0.071820037084859109 16.500000000000004 -8.4999999999999982 30.500000000000004 0.074064758809413808 0.024338015755173002
decision_type=2 2 2 2 2 2 2 2 2 2 2 2 2 2
left_child=1 -1 3 7 5 6 -5 -2 10 11 -9 12 13 -10
right_child=2 -3 -4 4 -6 -7 -8 8 9 -11 -12 -13 -14 -15
leaf_value=-0.0012355533290667894 0.0058171916517037008 0.012148969601562476 0.0073641475604896813 0 -0.0057045745209609987 0.00029013692095010061 -0.012022349859498077 0.0036364552150114486 0.0016423308240041399 0.01062424388428556 -0.00096538769492840449 -0.0043308146055782608 -0.0029694144249440661 0.012373370272408757
leaf_weight=35.533556655049324 71.751392126083374 34.324123151600361 35.918218567967415 33.896386668086052 153.24506948888302 398.87217540293932 35.361228413879871 143.86489152163267 74.887999452650547 38.272367879748344 1611.3584553450346 56.543778851628304 44.727958515286446 43.761730067431927
leaf_count=202 257 266 119 118 517 1398 130 478 242 121 5489 192 162 143
internal_value=-9.12215e-05 0.00537909 -0.0002492 -0.000372848 -0.00202513 -0.00072024 -0.00650364 0.000111232 -9.36298e-05 0.00296393 -0.000564742 0.00131313 0.00348554 0.00614275
internal_weight=2812.32 69.8577 2742.46 2706.54 621.375 468.13 69.2576 2085.17 2013.42 258.194 1755.22 219.921 163.378 118.65
internal_count=9834 468 9366 9247 2163 1646 248 7084 6827 860 5967 739 547 385
is_linear=0
shrinkage=0.025


Tree=432
num_leaves=15
num_cat=0
split_feature=37 45 41 41 51 5 21 30 35 52 56 4 13 51
split_gain=3.74274 3.76646 3.68372 4.5092 5.20959 4.5098 4.03981 5.23977 3.82165 4.57934 4.62941 4.76509 3.52204 3.513
threshold=11.500000000000002 13.500000000000002 -108.49999999999999 -1.4999999999999998 0.59726029715368745 -2.5078905641254905 0.040923127667028755 1.3949614428524135 2.0499999999999994 0.098570571771291457 -1.2097029236935815 23.268263450817102 0.025036836739321802 -0.6503968253968252
decision_type=2 2 2 2 2 2 2 2 2 2 2 2 2 2
left_child=2 12 -1 4 5 -4 13 -8 9 -7 -11 -12 -2 -5
right_child=1 -3 3 6 -6 8 7 -9 -10 10 11 -13 -14 -15
leaf_value=0.0034093867242547642 -0.0036168324216070361 0.0081062287420913346 -0.0070302906625433594 0.0031125388219411 -0.0083894062083169768 0.0073902335127399759 -0.0025253436990698677 0.0080139281452183703 -0.0033761231074084471 0.0065780832826015023 -0.0073043541520153342 0.0020131304789083732 0.0034492401831004828 -0.00071816504850782817
leaf_weight=143.76472926139832 62.429181829094887 59.182716213166714 71.452959474176168 158.19531796127558 80.795732449740171 59.383047342300415 38.256223477423191 77.480603158473969 147.56432054936886 37.943967722356319 65.914304286241531 57.128224246203899 115.97418142110109 1635.0106018595397
leaf_count=478 189 279 356 512 298 194 125 268 480 120 206 178 533 5618
internal_value=-9.73826e-05 0.00285947 -0.000385139 -0.000626526 -0.00267898 -0.0014901 -4.86377e-05 0.00436285 -0.000267319 0.00173219 -0.000364017 -0.00287335 0.000809085 -0.000358605
internal_weight=2810.48 237.586 2572.89 2429.13 520.183 439.387 1908.94 115.737 367.934 220.37 160.986 123.043 178.403 1793.21
internal_count=9834 1001 8833 8355 1832 1534 6523 393 1178 698 504 384 722 6130
is_linear=0
shrinkage=0.025


Tree=433
num_leaves=15
num_cat=0
split_feature=56 3 3 34 34 8 38 8 8 36 44 50 50 50
split_gain=2.51894 7.59242 5.29566 6.80532 5.16424 4.67492 6.58023 3.9363 5.53148 4.72526 4.28235 4.73683 10.8973 4.84382
threshold=-1.404682783095051 0.97124424196261294 1.0177890505178298 69.500000000000014 38.500000000000007 149.69117667249159 369.50000000000006 228.98520374514348 222.90331833743633 51.350000000000009 35.500000000000007 73.500000000000014 83.500000000000014 67.500000000000014
decision_type=2 2 2 2 2 2 2 2 2 2 2 2 2 2
left_child=1 5 3 4 -3 6 -1 8 10 -10 11 13 -13 -2
right_child=7 2 -4 -5 -6 -7 -8 -9 9 -11 -12 12 -14 -15
leaf_value=0.009973425248359466 0.0014283685499859782 -0.0099828352801511634 0.0020455769030016165 -0.014355642539567989 0.0068516388195790619 0.013640041174262705 -0.0080538972135567669 -0.0047927798636956571 0.018518850728017188 0.00065176954042869308 -0.0033294867827589865 0.017815320736877686 -0.00086480394785625738 -0.010681581480630545
leaf_weight=17.201095517724752 631.4518515355885 14.899775685742496 32.387279791757464 51.185092003084719 21.50978565402329 18.304554097354412 24.358089728280902 60.573940987698734 16.938745655119419 22.040631618350744 114.15701603703201 30.481332708150148 37.17180198431015 16.000276170670986
leaf_count=100 5388 142 304 552 220 124 200 794 134 216 1012 214 292 142
internal_value=0.000493003 -0.00213295 -0.00577776 -0.00889462 0 0.004669 0 0.00103693 0.00149739 0.0102072 0.000999303 0.00174337 0.00785432 0.00101122
internal_weight=1108.66 179.846 119.982 87.5947 36.4096 59.8637 41.5592 928.816 868.242 38.9794 829.262 715.105 67.6531 647.452
internal_count=9834 1642 1218 914 362 424 300 8192 7398 350 7048 6036 506 5530
is_linear=0
shrinkage=0.025


Tree=434
num_leaves=15
num_cat=0
split_feature=35 29 41 48 2 40 54 31 55 55 42 19 52 9
split_gain=3.71973 4.79062 5.80143 5.61981 4.40101 4.21556 4.11992 5.23307 5.32336 5.95299 4.10688 3.94999 3.49409 3.35731
threshold=-3.6999999999999971 -0.067154525743103391 120.00000000000001 14.500000000000002 0.050478521951968808 72.000000000000014 -0.23098300637036873 -0.0054845127104268488 0.16288160972040486 -0.46540727183734693 28.500000000000004 -0.048804862672607793 1.0972885388431275 0.019419641944894001
decision_type=2 2 2 2 2 2 2 2 2 2 2 2 2 2
left_child=4 3 11 -2 -1 6 7 10 9 -9 -6 -3 13 -8
right_child=1 2 -4 -5 5 -7 12 8 -10 -11 -12 -13 -14 -15
leaf_value=-0.0066667327596988514 0.0060040222792694317 0.0071330991158088377 0.0058919162711410138 -0.0031881874173894926 -0.0055678756973047442 -0.0073075919333521564 -0.0050709516542460174 0.0067733727524562394 0.012826122085645009 -0.0055230895399677668 0.0042072894742520442 -0.00050388777714435913 0.0032718203046079122 6.1320466478769731e-05
leaf_weight=90.440050110220909 172.27128504961729 38.121856808662415 94.754821203649044 46.921602092683315 63.273441813886166 52.372831128537655 182.95385597273707 55.795429177582264 39.671909540891647 34.970004990696907 37.265207629650831 1719.917685110122 60.511972092092037 121.70674968510866
leaf_count=297 716 144 307 165 225 203 688 201 131 124 135 5847 201 450
internal_value=-8.87301e-05 0.000445347 1.40891e-05 0.00389756 -0.00161277 -0.000824098 -0.00015688 0.00238026 0.00564098 0.00173374 -0.00168011 -0.000304345 -0.00183966 -0.00297208
internal_weight=2810.95 2071.99 1852.79 219.193 738.961 648.521 596.149 230.976 130.437 90.7654 100.539 1758.04 365.173 304.661
internal_count=9834 7179 6298 881 2655 2358 2155 816 456 325 360 5991 1339 1138
is_linear=0
shrinkage=0.025


end of trees

feature_importances:
player_activity_rank_log_change_365d_sum=277
opponent_aces_allowed_blend_diff=267
incumbent_aces_diff=240
player_rank_diff=232
opponent_career4y_aces_allowed_rate_diff=210
player_height_diff=209
player_career4y_ace_rate_diff=204
player_activity_lower_share_l365d_diff=197
player_l12m_first_win_pct_diff=192
opponent_l12m_aces_allowed_rate_diff=164
incumbent_aces_sum=158
player_age_diff=158
opponent_l24m_aces_allowed_rate_diff=156
player_activity_matches_l365d_all_sum=155
player_l12m_second_win_pct_sum=146
player_ace_rate_blend_diff=144
opponent_return_factor_sum=139
player_activity_matches_l90d_all_sum=136
player_rank_sum=128
player_l24m_ace_rate_diff=126
expected_service_points_sum=123
opponent_l24m_aces_allowed_rate_sum=122
player_l12m_first_win_pct_sum=122
player_activity_matches_l90d_all_diff=122
player_age_sum=114
player_ace_rate_blend_sum=106
opponent_return_factor_diff=104
opponent_career4y_aces_allowed_rate_sum=104
player_activity_lower_share_l365d_sum=102
player_height_sum=101
player_activity_rank_log_change_90d_sum=100
player_activity_days_since_surface_match_diff=83
expected_match_games=81
player_activity_lower_matches_l365d_sum=78
player_activity_days_since_match_all_diff=74
player_l12m_ace_rate_diff=71
opponent_l12m_aces_allowed_rate_sum=63
player_svpt_per_svg_blend_sum=63
player_svpt_per_svg_blend_diff=59
player_l12m_ace_rate_sum=57
player_activity_days_since_surface_match_sum=56
surface_prior_ace_rate=55
opponent_aces_allowed_blend_sum=54
venue_ace_factor=53
player_activity_rank_log_change_365d_diff=50
player_l24m_ace_rate_sum=47
player_activity_lower_matches_l90d_sum=42
player_career4y_ace_rate_sum=38
incumbent_aces_abs_diff=37
player_activity_days_since_match_all_sum=31
player_l12m_second_win_pct_diff=30
player_activity_lower_matches_l90d_diff=30
expected_service_points_diff=28
player_activity_rank_log_change_90d_diff=27
player_activity_lower_matches_l365d_diff=13
player_activity_matches_l365d_all_diff=12

parameters:
[boosting: gbdt]
[objective: multiclass]
[metric: multi_logloss]
[tree_learner: serial]
[device_type: cpu]
[data_sample_strategy: bagging]
[data: ]
[valid: ]
[num_iterations: 145]
[learning_rate: 0.025]
[num_leaves: 15]
[num_threads: 4]
[seed: 20260729]
[deterministic: 1]
[force_col_wise: 1]
[force_row_wise: 0]
[histogram_pool_size: -1]
[max_depth: -1]
[min_data_in_leaf: 120]
[min_sum_hessian_in_leaf: 0.001]
[bagging_fraction: 0.85]
[pos_bagging_fraction: 1]
[neg_bagging_fraction: 1]
[bagging_freq: 0]
[bagging_seed: 32043]
[bagging_by_query: 0]
[feature_fraction: 0.8]
[feature_fraction_bynode: 1]
[feature_fraction_seed: 20019]
[extra_trees: 0]
[extra_seed: 11383]
[early_stopping_round: 0]
[early_stopping_min_delta: 0]
[first_metric_only: 0]
[max_delta_step: 0]
[lambda_l1: 1]
[lambda_l2: 5]
[linear_lambda: 0]
[min_gain_to_split: 0]
[drop_rate: 0.1]
[max_drop: 50]
[skip_drop: 0.5]
[xgboost_dart_mode: 0]
[uniform_drop: 0]
[drop_seed: 18603]
[top_rate: 0.2]
[other_rate: 0.1]
[min_data_per_group: 100]
[max_cat_threshold: 32]
[cat_l2: 10]
[cat_smooth: 10]
[max_cat_to_onehot: 4]
[top_k: 20]
[monotone_constraints: ]
[monotone_constraints_method: basic]
[monotone_penalty: 0]
[feature_contri: ]
[forcedsplits_filename: ]
[refit_decay_rate: 0.9]
[cegb_tradeoff: 1]
[cegb_penalty_split: 0]
[cegb_penalty_feature_lazy: ]
[cegb_penalty_feature_coupled: ]
[path_smooth: 0]
[interaction_constraints: ]
[verbosity: -1]
[saved_feature_importance_type: 0]
[use_quantized_grad: 0]
[num_grad_quant_bins: 4]
[quant_train_renew_leaf: 0]
[stochastic_rounding: 1]
[linear_tree: 0]
[max_bin: 255]
[max_bin_by_feature: ]
[min_data_in_bin: 3]
[bin_construct_sample_cnt: 200000]
[data_random_seed: 4462]
[is_enable_sparse: 1]
[enable_bundle: 1]
[use_missing: 1]
[zero_as_missing: 0]
[feature_pre_filter: 1]
[pre_partition: 0]
[two_round: 0]
[header: 0]
[label_column: ]
[weight_column: ]
[group_column: ]
[ignore_column: ]
[categorical_feature: 0]
[forcedbins_filename: ]
[precise_float_parser: 0]
[parser_config_file: ]
[objective_seed: 2286]
[num_class: 3]
[is_unbalance: 0]
[scale_pos_weight: 1]
[sigmoid: 1]
[boost_from_average: 1]
[reg_sqrt: 0]
[alpha: 0.9]
[fair_c: 1]
[poisson_max_delta_step: 0.7]
[tweedie_variance_power: 1.5]
[lambdarank_truncation_level: 30]
[lambdarank_norm: 1]
[label_gain: ]
[lambdarank_position_bias_regularization: 0]
[eval_at: ]
[multi_error_top_k: 1]
[auc_mu_weights: ]
[num_machines: 1]
[local_listen_port: 12400]
[time_out: 120]
[machine_list_filename: ]
[machines: ]
[gpu_platform_id: -1]
[gpu_device_id: -1]
[gpu_use_dp: 0]
[num_gpu: 1]

end of parameters

pandas_categorical:[["Clay", "Hard"]]
