compared_at,captured_at,match_date,kickoff,bookmaker,competition,home_team,away_team,is_home,player_id,player_name,canonical_player_name,player_team,opponent,position,position_group,odds_decimal,implied_prob,model_p_atgs,model_fair_odds_atgs,model_lambda,team_expected_npxg,team_share,non_pen_lambda,base_non_pen_lambda,penalty_lambda,base_model_lambda,role_adjustment_factor,role_adjustment_reason,penalty_dependency_share,penalty_dependent,penalty_share,baseline_penalty_share,baseline_penalty_sample,baseline_penalty_source,career_player_penalties,career_team_penalties,career_penalty_share,penalty_evidence_share,penalty_evidence_sample,penalty_evidence_source,penalty_evidence_note,is_penalty_taker,penalty_role,penalty_share_prior,penalty_share_prior_weight,penalty_hierarchy_boost_xg,penalty_transfer,penalty_transfer_from,penalty_transfer_level,lineup_state,lineup_status,lineup_source,lineup_input,lineup_match_name,trust_tier,fixture_corruption_score,fixture_corruption_flags,minutes_estimate,usual_position,usual_position_score,usual_position_share_10,usual_position_matches_10,today_position_group,today_position_score,today_formation,position_change_score,position_upgrade,expected_minutes,recent_matches_8,recent_npxg_8,recent_np_goals_8,recent_npxg_per90_8,finishing_luck_8,last_fixture_avg_xga_3,next_opponent_xga,fixture_swing_3,attack_factor,opp_factor,ev,edge_pct,method,resolver_source,historical_minutes,signal_confidence,legacy_public_action,public_action,public_policy_reason,recommended_stake_units,recommended_stake_band,recommended_stake_label,shadow_action,confidence_reason,team_lineup_status,source,notes
2026-05-21T20:25:05Z,2026-05-21T20:24:45Z,2026-05-24,,Bet365,England - Premier League,West Ham United,Leeds United,0,7753,James Justin,James Justin,Leeds,West Ham United,DML,DML,12.0,0.083333,0.147278,6.7899,0.1593,1.4294,0.1115,0.1593,0.1593,0.0,0.1593,1.0,,0.0,0,0.0,0.0,3.64,recent_long,0.0,8.0,0.0,0.0,0.0,,,0,none,0.0,0.0,0.0,0,,,expected_starter,expected_starter,fotmob_expected,expected_xi,James Justin,T2,0.0,,87.4,DC,1,0.4,10,MID,3,3-4-2-1,2,0,87.4,8,1.3765,1.0,0.1721,-0.3765,1.6553,1.5434,0.9324,1.1254,1.1337,0.767342,76.735,model,history,4742.0,medium,surface_with_caveat,no_action,,0.0,,,shadow_track,"history_resolver,expected_xi,fixture_t2",FotMob Expected XI,odds_api_io,event_id=61301285;market=Anytime Goalscorer
2026-05-21T20:25:05Z,2026-05-21T20:24:45Z,2026-05-24,,Bet365,England - Premier League,Liverpool FC,Brentford FC,1,833,Virgil van Dijk,Virgil van Dijk,Liverpool,Brentford FC,DC,DC,8.5,0.117647,0.201474,4.9634,0.225,1.9542,0.1151,0.225,0.225,0.0,0.225,1.0,,0.0,0,0.0,0.0,0.53,recent_long,0.0,20.0,0.0,0.0,0.0,,,0,none,0.0,0.0,0.0,0,,,expected_starter,expected_starter,fotmob_expected,expected_xi,Virgil van Dijk,T2,0.0,,90.0,DC,1,1.0,10,DEF,1,4-2-3-1,0,0,90.0,8,1.4286,3.0,0.1786,1.5714,1.4806,1.6949,1.1447,1.2288,1.217,0.712528,71.253,model,history,9837.0,medium,surface_with_caveat,no_action,,0.0,,,shadow_track,"history_resolver,expected_xi,fixture_t2",FotMob Expected XI,odds_api_io,event_id=61301275;market=Anytime Goalscorer
2026-05-21T20:25:05Z,2026-05-21T20:24:45Z,2026-05-24,,Bet365,England - Premier League,Burnley FC,Wolverhampton Wanderers,0,9958,Yerson Mosquera,Yerson Mosquera,Wolverhampton Wanderers,Burnley FC,DR,DR,10.0,0.1,0.162418,6.1569,0.1772,1.2301,0.1441,0.1772,0.1772,0.0,0.1772,1.0,,0.0,0,0.0,0.0,1.04,recent_long,0.0,2.0,0.0,0.0,0.0,,,0,none,0.0,0.0,0.0,0,,,expected_starter,expected_starter,fotmob_expected,expected_xi,Yerson Mosquera,T2,0.0,,84.3,DC,1,0.8889,9,DEF,1,4-2-3-1,0,0,84.3,8,1.0604,0.0,0.1489,-1.0604,1.6295,2.0671,1.2685,0.8783,1.25,0.624184,62.418,model,history,2512.0,medium,surface_with_caveat,no_action,,0.0,,,shadow_track,"history_resolver,expected_xi,fixture_t2",FotMob Expected XI,odds_api_io,event_id=61301269;market=Anytime Goalscorer
2026-05-21T20:25:05Z,2026-05-21T20:24:45Z,2026-05-24,,Bet365,England - Premier League,Nottingham Forest,AFC Bournemouth,0,8640,Adrien Truffert,Adrien Truffert,Bournemouth,Nottingham Forest,DL,DL,11.0,0.090909,0.144259,6.932,0.1558,1.8709,0.0833,0.1558,0.1558,0.0,0.1558,1.0,,0.0,0,0.0,0.0,2.32,recent_long,0.0,4.0,0.0,0.0,0.0,,,0,none,0.0,0.0,0.0,0,,,expected_starter,expected_starter,fotmob_expected,expected_xi,Adrien Truffert,T2,0.0,,90.0,DL,1,1.0,10,DEF,1,4-2-3-1,0,0,90.0,8,1.6033,1.0,0.2004,-0.6033,1.5795,1.8408,1.1654,1.3359,1.25,0.58685,58.685,model,history,3211.0,medium,surface_with_caveat,no_action,,0.0,,,shadow_track,"history_resolver,expected_xi,fixture_t2",FotMob Expected XI,odds_api_io,event_id=61301279;market=Anytime Goalscorer
2026-05-21T20:25:05Z,2026-05-21T20:24:45Z,2026-05-24,,Bet365,England - Premier League,Sunderland AFC,Chelsea FC,1,5659,Nordi Mukiele,Nordi Mukiele,Sunderland,Chelsea FC,DC,DC,12.0,0.083333,0.130253,7.6774,0.1396,1.4247,0.098,0.1396,0.1396,0.0,0.1396,1.0,,0.0,0,0.0,0.0,1.61,recent_long,0.0,4.0,0.0,0.0,0.0,,,0,none,0.0,0.0,0.0,0,,,expected_starter,expected_starter,fotmob_expected,expected_xi,Nordi Mukiele,T2,0.0,,84.3,DR,1,0.7,10,DEF,1,4-2-3-1,0,0,84.3,8,1.0321,2.0,0.1458,0.9679,1.7028,1.5824,0.9293,0.9438,1.1552,0.56303,56.304,model,history,2703.0,medium,surface_with_caveat,no_action,,0.0,,,shadow_track,"history_resolver,expected_xi,fixture_t2",FotMob Expected XI,odds_api_io,event_id=61301281;market=Anytime Goalscorer
2026-05-21T20:25:05Z,2026-05-21T20:24:45Z,2026-05-24,,Bet365,England - Premier League,Fulham FC,Newcastle United,0,8378,Malick Thiaw,Malick Thiaw,Newcastle United,Fulham FC,DC,DC,10.0,0.1,0.142659,7.0097,0.1539,1.7296,0.089,0.1539,0.1539,0.0,0.1539,1.0,,0.0,0,0.0,0.0,2.11,recent_long,0.0,6.0,0.0,0.0,0.0,,,0,none,0.0,0.0,0.0,0,,,expected_starter,expected_starter,fotmob_expected,expected_xi,Malick Thiaw,T2,0.0,,86.3,DC,1,1.0,9,DEF,1,4-2-3-1,0,0,86.3,8,0.9438,0.0,0.1279,-0.9438,1.432,1.7964,1.2545,1.235,1.25,0.426586,42.659,model,history,2878.0,medium,surface_with_caveat,no_action,,0.0,,,shadow_track,"history_resolver,expected_xi,fixture_t2",FotMob Expected XI,odds_api_io,event_id=61301273;market=Anytime Goalscorer
2026-05-21T20:25:05Z,2026-05-21T20:24:45Z,2026-05-24,,Bet365,England - Premier League,West Ham United,Leeds United,0,5555,Dominic Calvert-Lewin,Dominic Calvert-Lewin,Leeds,West Ham United,FW,FW,2.75,0.363636,0.501525,1.9939,0.6962,1.4294,0.3854,0.551,0.551,0.1452,0.6962,1.0,,0.2086,0,0.8228,0.9701,3.37,recent_long,7.0,10.0,0.7,0.0,0.0,,,1,primary,0.74,6.0,0.0267,0,,,expected_starter,expected_starter,fotmob_expected,expected_xi,Dominic Calvert-Lewin,T2,0.0,,89.9,FW,5,1.0,10,FW,5,3-4-2-1,0,0,89.9,8,3.545,2.0,0.4431,-1.545,1.6553,1.5434,0.9324,1.1254,1.1337,0.379193,37.919,model,history,6520.0,medium,surface_with_caveat,no_action,,0.0,,,shadow_track,"history_resolver,expected_xi,fixture_t2",FotMob Expected XI,odds_api_io,event_id=61301285;market=Anytime Goalscorer
2026-05-21T20:25:05Z,2026-05-21T20:24:45Z,2026-05-24,,Bet365,England - Premier League,Sunderland AFC,Chelsea FC,1,13716,Noah Sadiki,Noah Sadiki,Sunderland,Chelsea FC,DMC,DMC,11.0,0.090909,0.124918,8.0053,0.1334,1.4247,0.0937,0.1334,0.1334,0.0,0.1334,1.0,,0.0,0,0.0,0.0,1.62,recent_long,0.0,4.0,0.0,0.0,0.0,,,0,none,0.0,0.0,0.0,0,,,expected_starter,expected_starter,fotmob_expected,expected_xi,Noah Sadiki,T2,0.0,,87.2,DMC,2,0.8,10,DMC,2,4-2-3-1,0,0,87.2,8,1.2348,0.0,0.1597,-1.2348,1.7028,1.5824,0.9293,0.9438,1.1552,0.374093,37.409,model,history,2824.0,medium,surface_with_caveat,no_action,,0.0,,,shadow_track,"history_resolver,expected_xi,fixture_t2",FotMob Expected XI,odds_api_io,event_id=61301281;market=Anytime Goalscorer
2026-05-21T20:25:05Z,2026-05-21T20:24:45Z,2026-05-24,,Bet365,England - Premier League,Nottingham Forest,AFC Bournemouth,1,13068,Felipe Morato,Felipe Morato,Nottingham Forest,AFC Bournemouth,DC,DC,13.0,0.076923,0.100629,9.9375,0.1061,1.5951,0.0665,0.1061,0.1061,0.0,0.1061,1.0,,0.0,0,0.0,0.0,2.01,recent_long,0.0,6.0,0.0,0.0,0.0,,,0,none,0.0,0.0,0.0,0,,,expected_starter,expected_starter,fotmob_expected,expected_xi,Morato,T2,0.0,,78.0,DC,1,1.0,5,DEF,1,4-4-2,0,0,78.0,8,1.8593,1.0,0.3422,-0.8593,1.5979,1.5281,0.9563,1.0847,1.1253,0.308177,30.818,model,history,2095.0,medium,surface_with_caveat,no_action,,0.0,,,shadow_track,"history_resolver,expected_xi,fixture_t2",FotMob Expected XI,odds_api_io,event_id=61301279;market=Anytime Goalscorer
2026-05-21T20:25:05Z,2026-05-21T20:24:45Z,2026-05-24,,Bet365,England - Premier League,Manchester City,Aston Villa,0,1024,Tyrone Mings,Tyrone Mings,Aston Villa,Manchester City,DC,DC,19.0,0.052632,0.067676,14.7764,0.0701,1.3099,0.0535,0.0701,0.0701,0.0,0.0701,1.0,,0.0,0,0.0,0.0,1.0,recent_long,0.0,4.0,0.0,0.0,0.0,,,0,none,0.0,0.0,0.0,0,,,unknown,unknown,fotmob_expected,expected_xi,,T2,0.0,,78.1,DC,1,1.0,8,,,,,0,78.1,8,1.2337,0.0,0.1542,-1.2337,1.7993,1.1747,0.6529,1.2556,0.9312,0.285837,28.583,model,history,2361.0,medium,surface_with_caveat,no_action,,0.0,,,no_action,"history_resolver,no_xi_yet,fixture_t2",FotMob Expected XI,odds_api_io,event_id=61301277;market=Anytime Goalscorer
2026-05-21T20:25:05Z,2026-05-21T20:24:45Z,2026-05-24,,Bet365,England - Premier League,Tottenham Hotspur,Everton FC,0,1665,James Tarkowski,James Tarkowski,Everton,Tottenham Hotspur,DC,DC,12.0,0.083333,0.103467,9.6649,0.1092,1.4729,0.0742,0.1092,0.1092,0.0,0.1092,1.0,,0.0,0,0.0,0.0,0.8,recent_long,0.0,7.0,0.0,0.0,0.0,,,0,none,0.0,0.0,0.0,0,,,expected_starter,expected_starter,fotmob_expected,expected_xi,James Tarkowski,T2,0.0,,90.0,DC,1,1.0,10,DEF,1,4-2-3-1,0,0,90.0,8,0.8518,2.0,0.1065,1.1482,1.5013,1.59,1.059,1.134,1.1593,0.241601,24.161,model,history,9586.0,medium,surface_with_caveat,no_action,,0.0,,,shadow_track,"history_resolver,expected_xi,fixture_t2",FotMob Expected XI,odds_api_io,event_id=61301283;market=Anytime Goalscorer
2026-05-21T20:25:05Z,2026-05-21T20:24:45Z,2026-05-24,,Bet365,England - Premier League,Nottingham Forest,AFC Bournemouth,0,10741,Marcus Tavernier,Marcus Tavernier,Bournemouth,Nottingham Forest,AML,AML,4.0,0.25,0.303263,3.2975,0.3613,1.8709,0.1766,0.3303,0.3303,0.031,0.3613,1.0,,0.0858,0,0.2698,0.2698,2.5,recent_long,2.0,11.0,0.1818,0.0,0.0,,,1,secondary,0.0,0.0,0.0116,0,,,expected_starter,expected_starter,fotmob_expected,expected_xi,Marcus Tavernier,T2,0.0,,84.0,AML,4,0.6667,9,AM,4,4-2-3-1,0,0,84.0,8,3.862,1.0,0.4861,-2.862,1.5795,1.8408,1.1654,1.3359,1.25,0.213054,21.305,model,history,6692.0,medium,surface_with_caveat,no_action,,0.0,,,shadow_track,"history_resolver,expected_xi,fixture_t2",FotMob Expected XI,odds_api_io,event_id=61301279;market=Anytime Goalscorer
2026-05-21T20:25:05Z,2026-05-21T20:24:45Z,2026-05-24,,Bet365,England - Premier League,Manchester City,Aston Villa,0,8865,Ollie Watkins,Ollie Watkins,Aston Villa,Manchester City,FW,FW,3.6,0.277778,0.331727,3.0145,0.4031,1.3099,0.2992,0.3919,0.3919,0.0111,0.4031,1.0,,0.0276,0,0.4811,0.2222,6.0,career,2.0,9.0,0.2222,0.0,0.0,,,1,primary,0.74,6.0,0.007,0,,,expected_starter,expected_starter,fotmob_expected,expected_xi,Ollie Watkins,T2,0.0,,80.5,FW,5,1.0,9,FW,5,4-2-3-1,0,0,80.5,8,5.9138,6.0,0.8668,0.0862,1.7469,1.1747,0.6724,1.2556,0.9312,0.194216,19.421,model,history,8734.0,medium,surface_with_caveat,no_action,,0.0,,,shadow_track,"history_resolver,expected_xi,fixture_t2",FotMob Expected XI,odds_api_io,event_id=61301277;market=Anytime Goalscorer
2026-05-21T20:25:05Z,2026-05-21T20:24:45Z,2026-05-24,,Bet365,England - Premier League,Fulham FC,Newcastle United,1,8285,Sander Berge,Sander Berge,Fulham,Newcastle United,DMC,DMC,12.0,0.083333,0.095735,10.4455,0.1006,1.6275,0.0618,0.1006,0.1006,0.0,0.1006,1.0,,0.0,0,0.0,0.0,3.37,recent_long,0.0,10.0,0.0,0.0,0.0,,,0,none,0.0,0.0,0.0,0,,,expected_starter,expected_starter,fotmob_expected,expected_xi,Sander Berge,T2,0.0,,80.9,DMC,2,1.0,10,DMC,2,4-2-3-1,0,0,80.9,8,0.508,0.0,0.0689,-0.508,1.596,1.8486,1.1583,0.9963,1.25,0.148819,14.882,model,history,8107.0,medium,surface_with_caveat,no_action,,0.0,,,shadow_track,"history_resolver,expected_xi,fixture_t2",FotMob Expected XI,odds_api_io,event_id=61301273;market=Anytime Goalscorer
2026-05-21T20:25:05Z,2026-05-21T20:24:45Z,2026-05-24,,Bet365,England - Premier League,Sunderland AFC,Chelsea FC,0,10805,Levi Colwill,Levi Colwill,Chelsea,Sunderland AFC,DC,DC,12.0,0.083333,0.095035,10.5224,0.0999,1.6965,0.0589,0.0999,0.0999,0.0,0.0999,1.0,,0.0,0,0.0,0.0,2.81,recent_long,0.0,9.0,0.0,0.0,0.0,,,0,none,0.0,0.0,0.0,0,,,unknown,unknown,fotmob_expected,expected_xi,,T2,0.0,,84.6,DC,1,1.0,9,,,,,0,84.6,8,0.6716,1.0,0.0916,0.3284,1.5678,1.6978,1.0829,1.2426,1.2186,0.140424,14.043,model,history,5083.0,medium,surface_with_caveat,no_action,,0.0,,,no_action,"history_resolver,no_xi_yet,fixture_t2",FotMob Expected XI,odds_api_io,event_id=61301281;market=Anytime Goalscorer
2026-05-21T20:25:05Z,2026-05-21T20:24:45Z,2026-05-24,,Bet365,England - Premier League,Sunderland AFC,Chelsea FC,0,11356,Enzo Fernandez,Enzo Fernandez,Chelsea,Sunderland AFC,AMC,AMC,3.75,0.266667,0.288248,3.4692,0.34,1.6965,0.1842,0.3126,0.3126,0.0275,0.34,1.0,,0.0808,0,0.14,0.14,4.13,recent_long,4.0,15.0,0.2667,0.0,0.0,,,1,secondary,0.0,0.0,0.0073,0,,,expected_starter,expected_starter,fotmob_expected,expected_xi,Enzo Fernández,T2,0.0,,89.1,AMC,4,0.6,10,AM,4,4-2-3-1,0,0,89.1,8,1.8225,1.0,0.2285,-0.8225,1.448,1.6978,1.1725,1.2426,1.2186,0.08093,8.093,model,history,8147.0,medium,surface_with_caveat,no_action,,0.0,,,shadow_track,"history_resolver,expected_xi,fixture_t2",FotMob Expected XI,odds_api_io,event_id=61301281;market=Anytime Goalscorer
2026-05-21T20:25:05Z,2026-05-21T20:24:45Z,2026-05-24,,Bet365,England - Premier League,Manchester City,Aston Villa,0,6221,Pau Torres,Pau Torres,Aston Villa,Manchester City,DC,DC,19.0,0.052632,0.056459,17.712,0.0581,1.3099,0.0444,0.0581,0.0581,0.0,0.0581,1.0,,0.0,0,0.0,0.0,0.34,recent_long,0.0,6.0,0.0,0.0,0.0,,,0,none,0.0,0.0,0.0,0,,,expected_starter,expected_starter,fotmob_expected,expected_xi,Pau Torres,T2,0.0,,88.6,DC,1,1.0,10,DEF,1,4-2-3-1,0,0,88.6,8,0.7045,0.0,0.0894,-0.7045,1.634,1.1747,0.7189,1.2556,0.9312,0.072717,7.271,model,history,6143.0,medium,monitor,no_action,,0.0,,,shadow_track,"history_resolver,expected_xi,fixture_t2",FotMob Expected XI,odds_api_io,event_id=61301277;market=Anytime Goalscorer
2026-05-21T20:25:05Z,2026-05-21T20:24:45Z,2026-05-24,,Bet365,England - Premier League,Sunderland AFC,Chelsea FC,1,13713,Trai Hume,Trai Hume,Sunderland,Chelsea FC,AMR,AMR,11.0,0.090909,0.09723,10.2849,0.1023,1.4247,0.0718,0.1023,0.1023,0.0,0.1023,1.0,,0.0,0,0.0,0.0,1.87,recent_long,0.0,5.0,0.0,0.0,0.0,,,0,none,0.0,0.0,0.0,0,,,expected_starter,expected_starter,fotmob_expected,expected_xi,Trai Hume,T2,0.0,,78.0,DL,1,0.625,8,AM,4,4-2-3-1,3,0,78.0,8,0.6193,1.0,0.1028,0.3807,1.7028,1.5824,0.9293,0.9438,1.1552,0.069526,6.953,model,history,2951.0,medium,monitor,no_action,,0.0,,,shadow_track,"history_resolver,expected_xi,fixture_t2",FotMob Expected XI,odds_api_io,event_id=61301281;market=Anytime Goalscorer
2026-05-21T20:25:05Z,2026-05-21T20:24:45Z,2026-05-24,,Bet365,England - Premier League,Manchester City,Aston Villa,0,9667,Amadou Onana,Amadou Onana,Aston Villa,Manchester City,DMC,DMC,9.5,0.105263,0.111416,8.9754,0.1181,1.3099,0.0902,0.1181,0.1181,0.0,0.1181,1.0,,0.0,0,0.0,0.0,0.42,recent_long,0.0,6.0,0.0,0.0,0.0,,,0,none,0.0,0.0,0.0,0,,,unknown,unknown,fotmob_expected,expected_xi,,T2,0.0,,80.7,DMC,2,1.0,10,,,,,0,80.7,8,2.0332,0.0,0.2691,-2.0332,1.6671,1.1747,0.7046,1.2556,0.9312,0.058453,5.845,model,history,5522.0,medium,monitor,no_action,,0.0,,,no_action,"history_resolver,no_xi_yet,fixture_t2",FotMob Expected XI,odds_api_io,event_id=61301277;market=Anytime Goalscorer
2026-05-21T20:25:05Z,2026-05-21T20:24:45Z,2026-05-24,,Bet365,England - Premier League,Tottenham Hotspur,Everton FC,0,9983,Beto,Beto,Everton,Tottenham Hotspur,FW,FW,3.25,0.307692,0.318978,3.135,0.3842,1.4729,0.2608,0.3842,0.3842,0.0,0.3842,1.0,,0.0,0,0.0,0.0,0.7,recent_long,1.0,7.0,0.1429,0.0,0.0,,,1,secondary,0.0,0.0,0.0,0,,,expected_starter,expected_starter,fotmob_expected,expected_xi,Beto,T2,0.0,,78.0,FW,5,1.0,9,FW,5,4-2-3-1,0,0,78.0,8,4.0588,5.0,0.5969,0.9412,1.5013,1.59,1.059,1.134,1.1593,0.036677,3.668,model,history,3969.0,medium,monitor,no_action,,0.0,,,no_action,"history_resolver,expected_xi,fixture_t2",FotMob Expected XI,odds_api_io,event_id=61301283;market=Anytime Goalscorer
2026-05-21T20:25:05Z,2026-05-21T20:24:45Z,2026-05-24,,Bet365,England - Premier League,Fulham FC,Newcastle United,1,8940,Antonee Robinson,Antonee Robinson,Fulham,Newcastle United,DL,DL,13.0,0.076923,0.078717,12.7038,0.082,1.6275,0.005,0.0081,0.0081,0.0739,0.082,1.0,,0.9013,1,0.5675,0.5675,3.84,recent_long+review_events,1.0,10.0,0.1,1.0,1.0,review_events,,0,none,0.0,0.0,0.0208,0,,,expected_starter,expected_starter,fotmob_expected,expected_xi,Antonee Robinson,T2,0.0,,78.0,DL,1,1.0,8,DEF,1,4-2-3-1,0,0,78.0,8,0.0638,0.0,0.0113,-0.0638,1.5466,1.8486,1.1953,0.9963,1.25,0.023319,2.332,model,history,7850.0,medium,monitor,no_action,,0.0,,,no_action,"history_resolver,expected_xi,fixture_t2",FotMob Expected XI,odds_api_io,event_id=61301273;market=Anytime Goalscorer
2026-05-21T20:25:05Z,2026-05-21T20:24:45Z,2026-05-24,,Bet365,England - Premier League,Nottingham Forest,AFC Bournemouth,1,6857,Morgan Gibbs-White,Morgan Gibbs-White,Nottingham Forest,AFC Bournemouth,ML,ML,3.1,0.322581,0.321275,3.1126,0.3875,1.5951,0.2294,0.3659,0.3659,0.0217,0.3875,1.0,,0.0559,0,0.2838,0.2838,1.55,recent_long,2.0,7.0,0.2857,0.0,0.0,,,1,secondary,0.0,0.0,0.0107,0,,,expected_starter,expected_starter,fotmob_expected,expected_xi,Morgan Gibbs-White,T2,0.0,,81.6,AMC,4,0.5556,9,MID,3,4-4-2,-1,0,81.6,8,3.3191,7.0,0.4712,3.6809,1.5558,1.5281,0.9822,1.0847,1.1253,-0.004048,-0.405,model,history,9097.0,medium,monitor,no_action,,0.0,,,no_action,"history_resolver,expected_xi,fixture_t2",FotMob Expected XI,odds_api_io,event_id=61301279;market=Anytime Goalscorer
2026-05-21T20:25:05Z,2026-05-21T20:24:45Z,2026-05-24,,Bet365,England - Premier League,Brighton & Hove Albion,Manchester United,1,11269,Jack Hinshelwood,Jack Hinshelwood,Brighton,Manchester United,AMC,AMC,3.75,0.266667,0.263184,3.7996,0.3054,1.6264,0.1878,0.3054,0.3054,0.0,0.3054,1.0,,0.0,0,0.0,0.0,2.09,recent_long,0.0,13.0,0.0,0.0,0.0,,,0,none,0.0,0.0,0.0,0,,,expected_starter,expected_starter,fotmob_expected,expected_xi,Jack Hinshelwood,T2,0.0,,78.8,AMC,4,1.0,10,AM,4,4-2-3-1,0,0,78.8,8,3.417,3.0,0.4463,-0.417,1.742,1.3153,0.7551,1.2342,1.0084,-0.013061,-1.306,model,history,4443.0,medium,monitor,no_action,,0.0,,,no_action,"history_resolver,expected_xi,fixture_t2",FotMob Expected XI,odds_api_io,event_id=61301267;market=Anytime Goalscorer
2026-05-21T20:25:05Z,2026-05-21T20:24:45Z,2026-05-24,,Bet365,England - Premier League,Crystal Palace,Arsenal FC,1,13091,Jaydee Canvot,Jaydee Canvot,Crystal Palace,Arsenal FC,DC,DC,15.0,0.066667,0.065784,15.2012,0.068,1.4526,0.0468,0.068,0.068,0.0,0.068,1.0,,0.0,0,0.0,0.0,2.3,recent_long,0.0,3.0,0.0,0.0,0.0,,,0,none,0.0,0.0,0.0,0,,,unknown,unknown,none,none,,T2,1.0,no_lineup_payload,81.6,DC,1,1.0,10,,,,,0,81.6,8,0.7878,0.0,0.099,-0.7878,1.5014,1.3,0.8658,1.1116,1.0,-0.013237,-1.324,model,history,1334.0,medium,monitor,no_action,,0.0,,,no_action,"history_resolver,no_xi_yet,fixture_t2",,odds_api_io,event_id=61301271;market=Anytime Goalscorer
2026-05-21T20:25:05Z,2026-05-21T20:24:45Z,2026-05-24,,Bet365,England - Premier League,Liverpool FC,Brentford FC,0,13222,Igor Thiago,Igor Thiago,Brentford,Liverpool FC,FW,FW,2.5,0.4,0.39372,2.5399,0.5004,1.5423,0.2583,0.3984,0.3984,0.102,0.5004,1.0,,0.2038,0,0.828,0.9811,3.45,recent_long,9.0,11.0,0.8182,0.0,0.0,,,1,primary,0.74,6.0,0.0178,0,,,expected_starter,expected_starter,fotmob_expected,expected_xi,Igor Thiago,T2,0.0,,90.0,FW,5,1.0,10,FW,5,4-2-3-1,0,0,90.0,8,3.8008,2.0,0.4751,-1.8008,1.4715,1.5344,1.0428,1.2196,1.1288,-0.015699,-1.57,model,history,3350.0,medium,monitor,no_action,,0.0,,,no_action,"history_resolver,expected_xi,fixture_t2",FotMob Expected XI,odds_api_io,event_id=61301275;market=Anytime Goalscorer
2026-05-21T20:25:05Z,2026-05-21T20:24:45Z,2026-05-24,,Bet365,England - Premier League,Liverpool FC,Brentford FC,1,8397,Florian Wirtz,Florian Wirtz,Liverpool,Brentford FC,Sub,Sub,3.75,0.266667,0.258113,3.8743,0.2986,1.9542,0.1528,0.2986,0.2986,0.0,0.2986,1.0,,0.0,0,0.0,0.0,0.68,recent_long,0.0,2.0,0.0,0.0,0.0,,,0,none,0.0,0.0,0.0,0,,,unknown,unknown,fotmob_expected,expected_xi,,T2,0.0,,78.6,AMC,4,0.7778,9,,,,,0,78.6,8,1.7526,1.0,0.2616,-0.7526,1.4207,1.6949,1.193,1.2288,1.217,-0.032075,-3.208,model,history,2412.0,medium,monitor,no_action,,0.0,,,no_action,"history_resolver,no_xi_yet,fixture_t2",FotMob Expected XI,odds_api_io,event_id=61301275;market=Anytime Goalscorer
2026-05-21T20:25:05Z,2026-05-21T20:24:45Z,2026-05-24,,Bet365,England - Premier League,Crystal Palace,Arsenal FC,1,8430,Chris Richards,Chris Richards,Crystal Palace,Arsenal FC,Sub,Sub,15.0,0.066667,0.06405,15.6128,0.0662,1.4526,0.0456,0.0662,0.0662,0.0,0.0662,1.0,,0.0,0,0.0,0.0,3.98,recent_long,0.0,14.0,0.0,0.0,0.0,,,0,none,0.0,0.0,0.0,0,,,unknown,unknown,none,none,,T2,1.0,no_lineup_payload,77.4,DC,1,1.0,8,,,,,0,77.4,8,0.8739,0.0,0.1368,-0.8739,1.5014,1.3,0.8658,1.1116,1.0,-0.039247,-3.925,model,history,6829.0,medium,monitor,no_action,,0.0,,,no_action,"history_resolver,no_xi_yet,fixture_t2",,odds_api_io,event_id=61301271;market=Anytime Goalscorer
2026-05-21T20:25:05Z,2026-05-21T20:24:45Z,2026-05-24,,Bet365,England - Premier League,Fulham FC,Newcastle United,1,11728,Calvin Bassey,Calvin Bassey,Fulham,Newcastle United,DC,DC,13.0,0.076923,0.073704,13.5677,0.0766,1.6275,0.047,0.0766,0.0766,0.0,0.0766,1.0,,0.0,0,0.0,0.0,2.7,recent_long,0.0,10.0,0.0,0.0,0.0,,,0,none,0.0,0.0,0.0,0,,,expected_starter,expected_starter,fotmob_expected,expected_xi,Calvin Bassey,T2,0.0,,86.0,DC,1,1.0,10,DEF,1,4-2-3-1,0,0,86.0,8,0.0633,0.0,0.0079,-0.0633,1.5466,1.8486,1.1953,0.9963,1.25,-0.041843,-4.184,model,history,7783.0,medium,monitor,no_action,,0.0,,,no_action,"history_resolver,expected_xi,fixture_t2",FotMob Expected XI,odds_api_io,event_id=61301273;market=Anytime Goalscorer
2026-05-21T20:25:05Z,2026-05-21T20:24:45Z,2026-05-24,,Bet365,England - Premier League,Nottingham Forest,AFC Bournemouth,1,9154,Elliot Anderson,Elliot Anderson,Nottingham Forest,AFC Bournemouth,MC,MC,7.5,0.133333,0.125459,7.9708,0.1341,1.5951,0.082,0.1308,0.1308,0.0033,0.1341,1.0,,0.0243,0,0.0413,0.0413,1.46,recent_long,1.0,12.0,0.0833,0.0,0.0,,,0,none,0.0,0.0,0.0017,0,,,expected_starter,expected_starter,fotmob_expected,expected_xi,Elliot Anderson,T2,0.0,,84.4,DMC,2,0.5556,9,MID,3,4-4-2,1,0,84.4,8,1.0113,2.0,0.1379,0.9887,1.5979,1.5281,0.9563,1.0847,1.1253,-0.05906,-5.906,model,history,7030.0,medium,monitor,no_action,,0.0,,,no_action,"history_resolver,expected_xi,fixture_t2",FotMob Expected XI,odds_api_io,event_id=61301279;market=Anytime Goalscorer
2026-05-21T20:25:05Z,2026-05-21T20:24:45Z,2026-05-24,,Bet365,England - Premier League,Manchester City,Aston Villa,1,11592,Nico O'Reilly,Nico O'Reilly,Manchester City,Aston Villa,DL,DL,4.333,0.230787,0.21589,4.632,0.2432,2.3349,0.1042,0.2432,0.2432,0.0,0.2432,1.0,,0.0,0,0.0,0.0,1.59,recent_long,0.0,4.0,0.0,0.0,0.0,,,0,none,0.0,0.0,0.0,0,,,expected_starter,expected_starter,fotmob_expected,expected_xi,Nico O'Reilly,T2,0.0,,80.5,MC,3,0.5,10,DEF,1,4-1-4-1,-2,0,80.5,8,3.34,3.0,0.4434,-0.34,1.6694,1.4782,0.8854,1.6274,1.0979,-0.064548,-6.455,model,history,3082.0,medium,monitor,no_action,,0.0,,,no_action,"history_resolver,expected_xi,fixture_t2",FotMob Expected XI,odds_api_io,event_id=61301277;market=Anytime Goalscorer
2026-05-21T20:25:05Z,2026-05-21T20:24:45Z,2026-05-24,,Bet365,England - Premier League,Sunderland AFC,Chelsea FC,1,9789,Brian Brobbey,Brian Brobbey,Sunderland,Chelsea FC,FW,FW,3.2,0.3125,0.291604,3.4293,0.3448,1.4247,0.242,0.3448,0.3448,0.0,0.3448,1.0,,0.0,0,0.0,0.0,1.29,recent_long,0.0,3.0,0.0,0.0,0.0,,,0,none,0.0,0.0,0.0,0,,,expected_starter,expected_starter,fotmob_expected,expected_xi,Brian Brobbey,T2,0.0,,85.7,FW,5,1.0,10,FW,5,4-2-3-1,0,0,85.7,8,2.8727,2.0,0.3791,-0.8727,1.7028,1.5824,0.9293,0.9438,1.1552,-0.066867,-6.687,model,history,1879.0,medium,monitor,no_action,,0.0,,,no_action,"history_resolver,expected_xi,fixture_t2",FotMob Expected XI,odds_api_io,event_id=61301281;market=Anytime Goalscorer
2026-05-21T20:25:05Z,2026-05-21T20:24:45Z,2026-05-24,,Bet365,England - Premier League,Sunderland AFC,Chelsea FC,0,8497,Cole Palmer,Cole Palmer,Chelsea,Sunderland AFC,AMR,AMR,2.625,0.380952,0.349866,2.8582,0.4306,1.6965,0.1589,0.2695,0.2695,0.1611,0.4306,1.0,,0.3741,0,0.8405,1.0,3.78,recent_long,11.0,11.0,1.0,0.0,0.0,,,1,primary,0.74,6.0,0.0239,0,,,expected_starter,expected_starter,fotmob_expected,expected_xi,Cole Palmer,T2,0.0,,87.0,AMR,4,0.5,10,AM,4,4-2-3-1,0,0,87.0,8,1.1155,1.0,0.1394,-0.1155,1.4608,1.6978,1.1622,1.2426,1.2186,-0.081603,-8.16,model,history,5055.0,medium,monitor,no_action,,0.0,,,no_action,"history_resolver,expected_xi,fixture_t2",FotMob Expected XI,odds_api_io,event_id=61301281;market=Anytime Goalscorer
2026-05-21T20:25:05Z,2026-05-21T20:24:45Z,2026-05-24,,Bet365,England - Premier League,Tottenham Hotspur,Everton FC,0,1653,Michael Keane,Michael Keane,Everton,Tottenham Hotspur,DC,DC,12.0,0.083333,0.075128,13.3106,0.0781,1.4729,0.053,0.0781,0.0781,0.0,0.0781,1.0,,0.0,0,0.0,0.0,0.75,recent_long,0.0,2.0,0.0,0.0,0.0,,,0,none,0.0,0.0,0.0,0,,,expected_starter,expected_starter,fotmob_expected,expected_xi,Michael Keane,T2,0.0,,78.0,DC,1,1.0,7,DEF,1,4-2-3-1,0,0,78.0,8,0.2655,0.0,0.0439,-0.2655,1.5013,1.59,1.059,1.134,1.1593,-0.098463,-9.846,model,history,3971.0,medium,monitor,no_action,,0.0,,,no_action,"history_resolver,expected_xi,fixture_t2",FotMob Expected XI,odds_api_io,event_id=61301283;market=Anytime Goalscorer
2026-05-21T20:25:05Z,2026-05-21T20:24:45Z,2026-05-24,,Bet365,England - Premier League,West Ham United,Leeds United,1,6722,Konstantinos Mavropanos,Konstantinos Mavropanos,West Ham,Leeds United,DC,DC,8.0,0.125,0.112599,8.8811,0.1195,1.5111,0.0791,0.1195,0.1195,0.0,0.1195,1.0,,0.0,0,0.0,0.0,0.92,recent_long,0.0,10.0,0.0,0.0,0.0,,,0,none,0.0,0.0,0.0,0,,,expected_starter,expected_starter,fotmob_expected,expected_xi,Konstantinos Mavropanos,T2,0.0,,84.8,DC,1,1.0,9,DEF,1,3-4-2-1,0,0,84.8,8,1.6362,3.0,0.2045,1.3638,1.4727,1.4427,0.9797,1.0722,1.0784,-0.099209,-9.921,model,history,5946.0,medium,monitor,no_action,,0.0,,,no_action,"history_resolver,expected_xi,fixture_t2",FotMob Expected XI,odds_api_io,event_id=61301285;market=Anytime Goalscorer
2026-05-21T20:25:05Z,2026-05-21T20:24:45Z,2026-05-24,,Bet365,England - Premier League,Sunderland AFC,Chelsea FC,0,7134,Marc Cucurella,Marc Cucurella,Chelsea,Sunderland AFC,AML,AML,11.0,0.090909,0.08166,12.2458,0.0852,1.6965,0.0502,0.0852,0.0852,0.0,0.0852,1.0,,0.0,0,0.0,0.0,3.96,recent_long,0.0,12.0,0.0,0.0,0.0,,,0,none,0.0,0.0,0.0,0,,,expected_starter,expected_starter,fotmob_expected,expected_xi,Marc Cucurella,T2,0.0,,78.0,DL,1,0.7778,9,DEF,1,4-2-3-1,0,0,78.0,8,0.5558,0.0,0.0791,-0.5558,1.448,1.6978,1.1725,1.2426,1.2186,-0.101735,-10.173,model,history,7328.0,medium,monitor,no_action,,0.0,,,no_action,"history_resolver,expected_xi,fixture_t2",FotMob Expected XI,odds_api_io,event_id=61301281;market=Anytime Goalscorer
2026-05-21T20:25:05Z,2026-05-21T20:24:45Z,2026-05-24,,Bet365,England - Premier League,Tottenham Hotspur,Everton FC,1,6026,Richarlison,Richarlison,Tottenham,Everton FC,FW,FW,2.3,0.434783,0.38842,2.5745,0.4917,1.6279,0.3021,0.4917,0.4917,0.0,0.4917,1.0,,0.0,0,0.0,0.0,0.16,recent_long,0.0,3.0,0.0,0.0,0.0,,,1,tertiary,0.0,0.0,0.0,0,,,expected_starter,expected_starter,fotmob_expected,expected_xi,Richarlison,T2,0.0,,78.0,FW,5,0.8,5,FW,5,4-2-3-1,0,0,78.0,8,3.1346,3.0,0.5734,-0.1346,1.6607,1.6658,1.0031,1.0372,1.201,-0.106634,-10.663,model,history,3740.0,medium,monitor,no_action,,0.0,,,no_action,"history_resolver,expected_xi,fixture_t2",FotMob Expected XI,odds_api_io,event_id=61301283;market=Anytime Goalscorer
2026-05-21T20:25:05Z,2026-05-21T20:24:45Z,2026-05-24,,Bet365,England - Premier League,Brighton & Hove Albion,Manchester United,0,6552,Bryan Mbeumo,Bryan Mbeumo,Manchester United,Brighton & Hove Albion,FW,FW,3.25,0.307692,0.27435,3.645,0.3207,1.3718,0.2329,0.3194,0.3194,0.0013,0.3207,1.0,,0.0039,0,0.0172,0.0172,2.26,recent_long,9.0,15.0,0.6,0.0,0.0,,,1,secondary,0.0,0.0,0.0005,0,,,expected_starter,expected_starter,fotmob_expected,expected_xi,Bryan Mbeumo,T2,0.0,,78.0,AMR,4,0.625,8,FW,5,4-2-3-1,1,0,78.0,8,2.8441,1.0,0.5059,-1.8441,1.6104,1.1851,0.7359,1.3069,0.9369,-0.108363,-10.836,model,history,7972.0,medium,monitor,no_action,,0.0,,,no_action,"history_resolver,expected_xi,fixture_t2",FotMob Expected XI,odds_api_io,event_id=61301267;market=Anytime Goalscorer
2026-05-21T20:25:05Z,2026-05-21T20:24:45Z,2026-05-24,,Bet365,England - Premier League,Fulham FC,Newcastle United,0,8150,Anthony Gordon,Anthony Gordon,Newcastle United,Fulham FC,ML,ML,3.0,0.333333,0.293619,3.4058,0.3476,1.7296,0.172,0.2975,0.2975,0.0501,0.3476,1.0,,0.1441,0,0.5863,0.5863,2.88,recent_long,6.0,20.0,0.3,0.0,0.0,,,1,primary,0.0,0.0,0.0172,0,,,unknown,unknown,fotmob_expected,expected_xi,,T2,0.0,,82.2,FW,5,0.6,10,,,,,0,82.2,8,2.4329,3.0,0.3155,0.5671,1.6017,1.7964,1.1215,1.235,1.25,-0.119143,-11.914,model,history,7318.0,medium,monitor,no_action,,0.0,,,no_action,"history_resolver,no_xi_yet,fixture_t2",FotMob Expected XI,odds_api_io,event_id=61301273;market=Anytime Goalscorer
2026-05-21T20:25:05Z,2026-05-21T20:24:45Z,2026-05-24,,Bet365,England - Premier League,Tottenham Hotspur,Everton FC,0,12014,Jake O'Brien,Jake O'Brien,Everton,Tottenham Hotspur,DR,DR,12.0,0.083333,0.073042,13.6908,0.0758,1.4729,0.0515,0.0758,0.0758,0.0,0.0758,1.0,,0.0,0,0.0,0.0,0.7,recent_long,0.0,4.0,0.0,0.0,0.0,,,0,none,0.0,0.0,0.0,0,,,expected_starter,expected_starter,fotmob_expected,expected_xi,Jake O'Brien,T2,0.0,,87.2,DR,1,0.9,10,DEF,1,4-2-3-1,0,0,87.2,8,0.7182,1.0,0.0929,0.2818,1.5013,1.59,1.059,1.134,1.1593,-0.123498,-12.349,model,history,4640.0,medium,monitor,no_action,,0.0,,,no_action,"history_resolver,expected_xi,fixture_t2",FotMob Expected XI,odds_api_io,event_id=61301283;market=Anytime Goalscorer
2026-05-21T20:25:05Z,2026-05-21T20:24:45Z,2026-05-24,,Bet365,England - Premier League,Nottingham Forest,AFC Bournemouth,0,12149,Alex Scott,Alex Scott,Bournemouth,Nottingham Forest,DMC,DMC,6.5,0.153846,0.134552,7.432,0.1445,1.8709,0.0772,0.1445,0.1445,0.0,0.1445,1.0,,0.0,0,0.0,0.0,2.32,recent_long,0.0,9.0,0.0,0.0,0.0,,,0,none,0.0,0.0,0.0,0,,,expected_starter,expected_starter,fotmob_expected,expected_xi,Alex Scott,T2,0.0,,90.0,DMC,2,0.9,10,DMC,2,4-2-3-1,0,0,90.0,8,0.6636,1.0,0.083,0.3364,1.5795,1.8408,1.1654,1.3359,1.25,-0.125409,-12.541,model,history,4586.0,medium,monitor,no_action,,0.0,,,no_action,"history_resolver,expected_xi,fixture_t2",FotMob Expected XI,odds_api_io,event_id=61301279;market=Anytime Goalscorer
2026-05-21T20:25:05Z,2026-05-21T20:24:45Z,2026-05-24,,Bet365,England - Premier League,Liverpool FC,Brentford FC,0,9662,Dango Ouattara,Dango Ouattara,Brentford,Liverpool FC,AMR,AMR,4.0,0.25,0.217415,4.5995,0.2452,1.5423,0.1589,0.2452,0.2452,0.0,0.2452,1.0,,0.0,0,0.0,0.0,3.66,recent_long,0.0,18.0,0.0,0.0,0.0,,,1,tertiary,0.0,0.0,0.0,0,,,expected_starter,expected_starter,fotmob_expected,expected_xi,Dango Ouattara,T2,0.0,,78.0,AMR,4,0.875,8,AM,4,4-2-3-1,0,0,78.0,8,2.3448,2.0,0.3729,-0.3448,1.4715,1.5344,1.0428,1.2196,1.1288,-0.130338,-13.034,model,history,5426.0,medium,monitor,no_action,,0.0,,,no_action,"history_resolver,expected_xi,fixture_t2",FotMob Expected XI,odds_api_io,event_id=61301275;market=Anytime Goalscorer
2026-05-21T20:25:05Z,2026-05-21T20:24:45Z,2026-05-24,,Bet365,England - Premier League,Crystal Palace,Arsenal FC,1,8214,Tyrick Mitchell,Tyrick Mitchell,Crystal Palace,Arsenal FC,DML,DML,15.0,0.066667,0.05795,17.2562,0.0597,1.4526,0.0411,0.0597,0.0597,0.0,0.0597,1.0,,0.0,0,0.0,0.0,3.64,recent_long,0.0,15.0,0.0,0.0,0.0,,,0,none,0.0,0.0,0.0,0,,,unknown,unknown,none,none,,T2,1.0,no_lineup_payload,82.1,DML,2,0.8889,9,,,,,0,82.1,8,0.6443,0.0,0.092,-0.6443,1.5014,1.3,0.8658,1.1116,1.0,-0.130746,-13.075,model,history,9569.0,medium,monitor,no_action,,0.0,,,no_action,"history_resolver,no_xi_yet,fixture_t2",,odds_api_io,event_id=61301271;market=Anytime Goalscorer
2026-05-21T20:25:05Z,2026-05-21T20:24:45Z,2026-05-24,,Bet365,England - Premier League,Sunderland AFC,Chelsea FC,1,8651,Enzo Le Fee,Enzo Le Fee,Sunderland,Chelsea FC,AMC,AMC,5.0,0.2,0.172136,5.8094,0.1889,1.4247,0.0867,0.1236,0.1236,0.0653,0.1889,1.0,,0.3458,0,0.7231,0.6218,2.0,recent_long,4.0,5.0,0.8,0.0,0.0,,,1,secondary,0.74,12.0,0.0333,1,Habib Diarra,secondary,expected_starter,expected_starter,fotmob_expected,expected_xi,Enzo Le Fée,T2,0.0,,84.3,AML,4,0.5556,9,AM,4,4-2-3-1,0,0,84.3,8,0.8397,1.0,0.1194,0.1603,1.7028,1.5824,0.9293,0.9438,1.1552,-0.139322,-13.932,model,history,2863.0,medium,monitor,no_action,,0.0,,,no_action,"history_resolver,expected_xi,fixture_t2",FotMob Expected XI,odds_api_io,event_id=61301281;market=Anytime Goalscorer
2026-05-21T20:25:05Z,2026-05-21T20:24:45Z,2026-05-24,,Bet365,England - Premier League,Tottenham Hotspur,Everton FC,1,10715,Joao Palhinha,Joao Palhinha,Tottenham,Everton FC,DMC,DMC,6.5,0.153846,0.13114,7.6254,0.1406,1.6279,0.0864,0.1406,0.1406,0.0,0.1406,1.0,,0.0,0,0.0,0.0,0.0,none,0.0,0.0,0.0,0.0,0.0,,,0,none,0.0,0.0,0.0,0,,,expected_starter,expected_starter,fotmob_expected,expected_xi,João Palhinha,T2,0.0,,78.0,MC,3,0.5,6,DMC,2,4-2-3-1,-1,0,78.0,8,1.0385,1.0,0.1815,-0.0385,1.6607,1.6658,1.0031,1.0372,1.201,-0.147589,-14.759,model,history,4762.0,medium,monitor,no_action,,0.0,,,no_action,"history_resolver,expected_xi,fixture_t2",FotMob Expected XI,odds_api_io,event_id=61301283;market=Anytime Goalscorer
2026-05-21T20:25:05Z,2026-05-21T20:24:45Z,2026-05-24,,Bet365,England - Premier League,Tottenham Hotspur,Everton FC,0,9739,Kiernan Dewsbury-Hall,Kiernan Dewsbury-Hall,Everton,Tottenham Hotspur,AMC,AMC,5.5,0.181818,0.153603,6.5103,0.1668,1.4729,0.1132,0.1668,0.1668,0.0,0.1668,1.0,,0.0,0,0.0,0.0,0.51,recent_long,0.0,1.0,0.0,0.0,0.0,,,0,none,0.0,0.0,0.0,0,,,expected_starter,expected_starter,fotmob_expected,expected_xi,Kiernan Dewsbury-Hall,T2,0.0,,84.8,AMC,4,1.0,10,AM,4,4-2-3-1,0,0,84.8,8,1.3201,2.0,0.165,0.6799,1.5013,1.59,1.059,1.134,1.1593,-0.155186,-15.519,model,history,2794.0,medium,monitor,no_action,,0.0,,,no_action,"history_resolver,expected_xi,fixture_t2",FotMob Expected XI,odds_api_io,event_id=61301283;market=Anytime Goalscorer
2026-05-21T20:25:05Z,2026-05-21T20:24:45Z,2026-05-24,,Bet365,England - Premier League,Crystal Palace,Arsenal FC,1,5675,Ismaila Sarr,Ismaila Sarr,Crystal Palace,Arsenal FC,AMC,AMC,3.75,0.266667,0.22522,4.4401,0.2552,1.4526,0.1376,0.1999,0.1999,0.0553,0.2552,1.0,,0.2165,0,0.451,0.6823,3.9,recent_long,3.0,11.0,0.2727,0.0,0.0,,,1,secondary,0.15,3.0,0.0,0,,,unknown,unknown,none,none,,T2,1.0,no_lineup_payload,71.8,AMC,4,1.0,6,,,,,0,71.8,8,2.4351,1.0,0.4566,-1.4351,1.5014,1.3,0.8658,1.1116,1.0,-0.155424,-15.542,model,history,4870.0,medium,monitor,no_action,,0.0,,,no_action,"history_resolver,no_xi_yet,fixture_t2",,odds_api_io,event_id=61301271;market=Anytime Goalscorer
2026-05-21T20:25:05Z,2026-05-21T20:24:45Z,2026-05-24,,Bet365,England - Premier League,Tottenham Hotspur,Everton FC,1,6912,Pedro Porro,Pedro Porro,Tottenham,Everton FC,DR,DR,7.5,0.133333,0.111238,8.9897,0.1179,1.6279,0.0724,0.1179,0.1179,0.0,0.1179,1.0,,0.0,0,0.0,0.0,0.35,recent_long,0.0,6.0,0.0,0.0,0.0,,,0,none,0.0,0.0,0.0,0,,,expected_starter,expected_starter,fotmob_expected,expected_xi,Pedro Porro,T2,0.0,,87.3,DR,1,0.7,10,DEF,1,4-2-3-1,0,0,87.3,8,0.771,1.0,0.0973,0.229,1.6607,1.6658,1.0031,1.0372,1.201,-0.165716,-16.571,model,history,8347.0,medium,monitor,no_action,,0.0,,,no_action,"history_resolver,expected_xi,fixture_t2",FotMob Expected XI,odds_api_io,event_id=61301283;market=Anytime Goalscorer
2026-05-21T20:25:05Z,2026-05-21T20:24:45Z,2026-05-24,,Bet365,England - Premier League,Liverpool FC,Brentford FC,1,11296,Cody Gakpo,Cody Gakpo,Liverpool,Brentford FC,FW,FW,3.1,0.322581,0.268148,3.7293,0.3122,1.9542,0.1597,0.3122,0.3122,0.0,0.3122,1.0,,0.0,0,0.0,0.0,0.54,recent_long,0.0,15.0,0.0,0.0,0.0,,,0,none,0.0,0.0,0.0,0,,,expected_starter,expected_starter,fotmob_expected,expected_xi,Cody Gakpo,T2,0.0,,83.5,FW,5,0.5,10,FW,5,4-2-3-1,0,0,83.5,8,1.8775,1.0,0.2463,-0.8775,1.4806,1.6949,1.1447,1.2288,1.217,-0.168742,-16.874,model,history,6278.0,medium,monitor,no_action,,0.0,,,no_action,"history_resolver,expected_xi,fixture_t2",FotMob Expected XI,odds_api_io,event_id=61301275;market=Anytime Goalscorer
2026-05-21T20:25:05Z,2026-05-21T20:24:45Z,2026-05-24,,Bet365,England - Premier League,Fulham FC,Newcastle United,0,8327,Bruno Guimaraes,Bruno Guimaraes,Newcastle United,Fulham FC,DMC,DMC,4.0,0.25,0.205942,4.8557,0.2306,1.7296,0.0981,0.1697,0.1697,0.0609,0.2306,1.0,,0.2641,0,0.7104,0.5768,2.66,recent_long,2.0,20.0,0.1,0.0,0.0,,,1,secondary,0.74,12.0,0.0293,1,Anthony Gordon,secondary,expected_starter,expected_starter,fotmob_expected,expected_xi,Bruno Guimarães,T2,0.0,,82.5,MC,3,0.6667,9,DMC,2,4-2-3-1,-1,0,82.5,8,0.9213,0.0,0.1288,-0.9213,1.432,1.7964,1.2545,1.235,1.25,-0.176231,-17.623,model,history,9009.0,medium,monitor,no_action,,0.0,,,no_action,"history_resolver,expected_xi,fixture_t2",FotMob Expected XI,odds_api_io,event_id=61301273;market=Anytime Goalscorer
2026-05-21T20:25:05Z,2026-05-21T20:24:45Z,2026-05-24,,Bet365,England - Premier League,West Ham United,Leeds United,0,13834,Ao Tanaka,Ao Tanaka,Leeds,West Ham United,MC,MC,7.5,0.133333,0.106846,9.3592,0.113,1.4294,0.079,0.113,0.113,0.0,0.113,1.0,,0.0,0,0.0,0.0,3.24,recent_long,0.0,6.0,0.0,0.0,0.0,,,0,none,0.0,0.0,0.0,0,,,expected_starter,expected_starter,fotmob_expected,expected_xi,Ao Tanaka,T2,0.0,,78.0,MC,3,1.0,6,MID,3,3-4-2-1,0,0,78.0,8,1.1274,0.0,0.1955,-1.1274,1.6553,1.5434,0.9324,1.1254,1.1337,-0.198652,-19.865,model,history,1250.0,medium,monitor,no_action,,0.0,,,no_action,"history_resolver,expected_xi,fixture_t2",FotMob Expected XI,odds_api_io,event_id=61301285;market=Anytime Goalscorer
2026-05-21T20:25:05Z,2026-05-21T20:24:45Z,2026-05-24,,Bet365,England - Premier League,Burnley FC,Wolverhampton Wanderers,0,10945,Santiago Bueno,Santiago Bueno,Wolverhampton Wanderers,Burnley FC,DC,DC,15.0,0.066667,0.052705,18.9736,0.0541,1.2301,0.044,0.0541,0.0541,0.0,0.0541,1.0,,0.0,0,0.0,0.0,0.92,recent_long,0.0,4.0,0.0,0.0,0.0,,,0,none,0.0,0.0,0.0,0,,,expected_starter,expected_starter,fotmob_expected,expected_xi,Santiago Bueno,T2,0.0,,90.0,DC,1,1.0,10,DEF,1,4-2-3-1,0,0,90.0,8,0.419,1.0,0.0524,0.581,1.6295,2.0671,1.2685,0.8783,1.25,-0.20943,-20.943,model,history,4948.0,medium,monitor,no_action,,0.0,,,no_action,"history_resolver,expected_xi,fixture_t2",FotMob Expected XI,odds_api_io,event_id=61301269;market=Anytime Goalscorer
2026-05-21T20:25:05Z,2026-05-21T20:24:45Z,2026-05-24,,Bet365,England - Premier League,Liverpool FC,Brentford FC,0,11281,Michael Kayode,Michael Kayode,Brentford,Liverpool FC,DR,DR,13.0,0.076923,0.060541,16.5178,0.0625,1.5423,0.0405,0.0625,0.0625,0.0,0.0625,1.0,,0.0,0,0.0,0.0,3.56,recent_long,0.0,11.0,0.0,0.0,0.0,,,0,none,0.0,0.0,0.0,0,,,expected_starter,expected_starter,fotmob_expected,expected_xi,Michael Kayode,T2,0.0,,89.6,DR,1,1.0,10,DEF,1,4-2-3-1,0,0,89.6,8,0.8719,1.0,0.109,0.1281,1.4715,1.5344,1.0428,1.2196,1.1288,-0.212972,-21.297,model,history,3718.0,medium,monitor,no_action,,0.0,,,no_action,"history_resolver,expected_xi,fixture_t2",FotMob Expected XI,odds_api_io,event_id=61301275;market=Anytime Goalscorer
2026-05-21T20:25:05Z,2026-05-21T20:24:45Z,2026-05-24,,Bet365,England - Premier League,Nottingham Forest,AFC Bournemouth,0,10864,Marcos Senesi,Marcos Senesi,Bournemouth,Nottingham Forest,DC,DC,13.0,0.076923,0.060112,16.6357,0.062,1.8709,0.0331,0.062,0.062,0.0,0.062,1.0,,0.0,0,0.0,0.0,2.34,recent_long,0.0,11.0,0.0,0.0,0.0,,,0,none,0.0,0.0,0.0,0,,,expected_starter,expected_starter,fotmob_expected,expected_xi,Marcos Senesi,T2,0.0,,90.0,DC,1,1.0,10,DEF,1,4-2-3-1,0,0,90.0,8,0.1692,0.0,0.0211,-0.1692,1.5795,1.8408,1.1654,1.3359,1.25,-0.218547,-21.855,model,history,6488.0,medium,monitor,no_action,,0.0,,,no_action,"history_resolver,expected_xi,fixture_t2",FotMob Expected XI,odds_api_io,event_id=61301279;market=Anytime Goalscorer
2026-05-21T20:25:05Z,2026-05-21T20:24:45Z,2026-05-24,,Bet365,England - Premier League,West Ham United,Leeds United,0,6369,Ethan Ampadu,Ethan Ampadu,Leeds,West Ham United,MC,MC,15.0,0.066667,0.05207,19.2049,0.0535,1.4294,0.0374,0.0535,0.0535,0.0,0.0535,1.0,,0.0,0,0.0,0.0,3.89,recent_long,0.0,8.0,0.0,0.0,0.0,,,0,none,0.0,0.0,0.0,0,,,expected_starter,expected_starter,fotmob_expected,expected_xi,Ethan Ampadu,T2,0.0,,90.0,MC,3,1.0,10,MID,3,3-4-2-1,0,0,90.0,8,0.5306,0.0,0.0663,-0.5306,1.6553,1.5434,0.9324,1.1254,1.1337,-0.218951,-21.896,model,history,3040.0,medium,monitor,no_action,,0.0,,,no_action,"history_resolver,expected_xi,fixture_t2",FotMob Expected XI,odds_api_io,event_id=61301285;market=Anytime Goalscorer
2026-05-21T20:25:05Z,2026-05-21T20:24:45Z,2026-05-24,,Bet365,England - Premier League,Sunderland AFC,Chelsea FC,1,9767,Habib Diarra,Habib Diarra,Sunderland,Chelsea FC,Sub,Sub,5.5,0.181818,0.141469,7.0687,0.1525,1.4247,0.0819,0.1167,0.1167,0.0359,0.1525,1.0,,0.2352,0,0.4937,0.4937,1.59,recent_long,1.0,3.0,0.3333,0.0,0.0,,,1,primary,0.0,0.0,0.0174,0,,,unknown,unknown,fotmob_expected,expected_xi,,T2,0.0,,67.8,AMC,4,0.625,8,,,,,0,67.8,8,1.0154,0.0,0.1695,-1.0154,1.7945,1.5824,0.8818,0.9438,1.1552,-0.221921,-22.192,model,history,1388.0,medium,monitor,no_action,,0.0,,,no_action,"history_resolver,no_xi_yet,fixture_t2",FotMob Expected XI,odds_api_io,event_id=61301281;market=Anytime Goalscorer
2026-05-21T20:25:05Z,2026-05-21T20:24:45Z,2026-05-24,,Bet365,England - Premier League,Burnley FC,Wolverhampton Wanderers,1,934,Axel Tuanzebe,Axel Tuanzebe,Burnley,Wolverhampton Wanderers,DC,DC,15.0,0.066667,0.051377,19.4638,0.0527,1.3748,0.0384,0.0527,0.0527,0.0,0.0527,1.0,,0.0,0,0.0,0.0,0.69,recent_long,0.0,1.0,0.0,0.0,0.0,,,0,none,0.0,0.0,0.0,0,,,expected_starter,expected_starter,fotmob_expected,expected_xi,Axel Tuanzebe,T2,0.0,,85.7,DC,1,0.9,10,DEF,1,4-2-3-1,0,0,85.7,8,0.5583,1.0,0.0751,0.4417,1.4296,1.9433,1.3594,0.8416,1.25,-0.229338,-22.934,model,history,2850.0,medium,monitor,no_action,,0.0,,,no_action,"history_resolver,expected_xi,fixture_t2",FotMob Expected XI,odds_api_io,event_id=61301269;market=Anytime Goalscorer
2026-05-21T20:25:05Z,2026-05-21T20:24:45Z,2026-05-24,,Bet365,England - Premier League,West Ham United,Leeds United,1,6885,Axel Disasi,Axel Disasi,West Ham,Leeds United,DC,DC,10.0,0.1,0.076494,13.0729,0.0796,1.5111,0.0527,0.0796,0.0796,0.0,0.0796,1.0,,0.0,0,0.0,0.0,0.33,recent_long,0.0,3.0,0.0,0.0,0.0,,,0,none,0.0,0.0,0.0,0,,,expected_starter,expected_starter,fotmob_expected,expected_xi,Axel Disasi,T2,0.0,,82.6,DC,1,1.0,10,DEF,1,3-4-2-1,0,0,82.6,8,0.3989,0.0,0.05,-0.3989,1.4727,1.4427,0.9797,1.0722,1.0784,-0.235058,-23.506,model,history,3754.0,medium,monitor,no_action,,0.0,,,no_action,"history_resolver,expected_xi,fixture_t2",FotMob Expected XI,odds_api_io,event_id=61301285;market=Anytime Goalscorer
2026-05-21T20:25:05Z,2026-05-21T20:24:45Z,2026-05-24,,Bet365,England - Premier League,Fulham FC,Newcastle United,0,9556,William Osula,William Osula,Newcastle United,Fulham FC,FW,FW,2.625,0.380952,0.289004,3.4602,0.3411,1.7296,0.1972,0.3411,0.3411,0.0,0.3411,1.0,,0.0,0,0.0,0.0,1.74,recent_long,0.0,5.0,0.0,0.0,0.0,,,0,none,0.0,0.0,0.0,0,,,expected_starter,expected_starter,fotmob_expected,expected_xi,William Osula,T2,0.0,,78.0,FW,5,1.0,6,FW,5,4-2-3-1,0,0,78.0,8,4.0974,6.0,0.7495,1.9026,1.432,1.7964,1.2545,1.235,1.25,-0.241365,-24.136,model,history,1582.0,medium,monitor,no_action,,0.0,,,no_action,"history_resolver,expected_xi,fixture_t2",FotMob Expected XI,odds_api_io,event_id=61301273;market=Anytime Goalscorer
2026-05-21T20:25:05Z,2026-05-21T20:24:45Z,2026-05-24,,Bet365,England - Premier League,Liverpool FC,Brentford FC,0,9733,Nathan Collins,Nathan Collins,Brentford,Liverpool FC,DC,DC,11.0,0.090909,0.067639,14.7843,0.07,1.5423,0.0454,0.07,0.07,0.0,0.07,1.0,,0.0,0,0.0,0.0,3.25,recent_long,0.0,17.0,0.0,0.0,0.0,,,0,none,0.0,0.0,0.0,0,,,expected_starter,expected_starter,fotmob_expected,expected_xi,Nathan Collins,T2,0.0,,84.4,DC,1,1.0,9,DEF,1,4-2-3-1,0,0,84.4,8,0.5813,0.0,0.0727,-0.5813,1.4715,1.5344,1.0428,1.2196,1.1288,-0.255967,-25.597,model,history,8943.0,medium,monitor,no_action,,0.0,,,no_action,"history_resolver,expected_xi,fixture_t2",FotMob Expected XI,odds_api_io,event_id=61301275;market=Anytime Goalscorer
2026-05-21T20:25:05Z,2026-05-21T20:24:45Z,2026-05-24,,Bet365,England - Premier League,Burnley FC,Wolverhampton Wanderers,1,13729,Zian Flemming,Zian Flemming,Burnley,Wolverhampton Wanderers,FW,FW,2.1,0.47619,0.353411,2.8296,0.436,1.3748,0.3059,0.4205,0.4205,0.0155,0.436,1.0,,0.0356,0,0.694,0.3,0.7,recent_long,2.0,2.0,1.0,0.0,0.0,,,1,primary,0.74,6.0,0.0134,0,,,expected_starter,expected_starter,fotmob_expected,expected_xi,Zian Flemming,T2,0.0,,78.0,FW,5,1.0,10,FW,5,4-2-3-1,0,0,78.0,8,4.0045,3.0,0.5231,-1.0045,1.3063,1.9433,1.4877,0.8416,1.25,-0.257837,-25.784,model,history,1705.0,medium,monitor,no_action,,0.0,,,no_action,"history_resolver,expected_xi,fixture_t2",FotMob Expected XI,odds_api_io,event_id=61301269;market=Anytime Goalscorer
2026-05-21T20:25:05Z,2026-05-21T20:24:45Z,2026-05-24,,Bet365,England - Premier League,Brighton & Hove Albion,Manchester United,0,1228,Bruno Fernandes,Bruno Fernandes,Manchester United,Brighton & Hove Albion,AMC,AMC,4.333,0.230787,0.169792,5.8896,0.1861,1.3718,0.0861,0.1181,0.1181,0.068,0.1861,1.0,,0.3654,0,0.8042,0.983,2.16,recent_long,14.0,17.0,0.8235,0.0,0.0,,,1,primary,0.74,6.0,0.019,0,,,expected_starter,expected_starter,fotmob_expected,expected_xi,Bruno Fernandes,T2,0.0,,90.0,AMC,4,1.0,10,AM,4,4-2-3-1,0,0,90.0,8,1.1059,0.0,0.1382,-1.1059,1.6104,1.1851,0.7359,1.3069,0.9369,-0.264293,-26.429,model,history,9147.0,medium,monitor,no_action,,0.0,,,no_action,"history_resolver,expected_xi,fixture_t2",FotMob Expected XI,odds_api_io,event_id=61301267;market=Anytime Goalscorer
2026-05-21T20:25:05Z,2026-05-21T20:24:45Z,2026-05-24,,Bet365,England - Premier League,Fulham FC,Newcastle United,1,6157,Timothy Castagne,Timothy Castagne,Fulham,Newcastle United,DR,DR,9.0,0.111111,0.080165,12.4742,0.0836,1.6275,0.0513,0.0836,0.0836,0.0,0.0836,1.0,,0.0,0,0.0,0.0,2.84,recent_long,0.0,8.0,0.0,0.0,0.0,,,0,none,0.0,0.0,0.0,0,,,expected_starter,expected_starter,fotmob_expected,expected_xi,Timothy Castagne,T2,0.0,,78.0,DR,1,1.0,8,DEF,1,4-2-3-1,0,0,78.0,8,0.5886,0.0,0.0832,-0.5886,1.5466,1.8486,1.1953,0.9963,1.25,-0.278513,-27.851,model,history,6013.0,medium,monitor,no_action,,0.0,,,no_action,"history_resolver,expected_xi,fixture_t2",FotMob Expected XI,odds_api_io,event_id=61301273;market=Anytime Goalscorer
2026-05-21T20:25:05Z,2026-05-21T20:24:45Z,2026-05-24,,Bet365,England - Premier League,Fulham FC,Newcastle United,1,500,Alex Iwobi,Alex Iwobi,Fulham,Newcastle United,AML,AML,4.5,0.222222,0.160326,6.2373,0.1747,1.6275,0.064,0.1042,0.1042,0.0706,0.1747,1.0,,0.4038,1,0.507,0.0,3.02,recent_long,0.0,8.0,0.0,0.0,0.0,,,1,tertiary,0.66,10.0,0.0706,1,Raúl Jiménez,tertiary,expected_starter,expected_starter,fotmob_expected,expected_xi,Alex Iwobi,T2,0.0,,83.4,DMC,2,0.7,10,AM,4,4-2-3-1,2,0,83.4,8,0.9091,2.0,0.1253,1.0909,1.6122,1.8486,1.1467,0.9963,1.25,-0.278531,-27.853,model,history,5406.0,medium,monitor,no_action,,0.0,,,no_action,"history_resolver,expected_xi,fixture_t2",FotMob Expected XI,odds_api_io,event_id=61301273;market=Anytime Goalscorer
2026-05-21T20:25:05Z,2026-05-21T16:43:04Z,2026-05-24,,Bet365,England - Premier League,Brighton & Hove Albion,Manchester United,0,2248,Casemiro,Casemiro,Manchester United,Brighton & Hove Albion,DMC,DMC,4.0,0.25,0.178915,5.5892,0.1971,1.3718,0.1437,0.1971,0.1971,0.0,0.1971,1.0,,0.0,0,0.0,0.0,2.04,recent_long,0.0,12.0,0.0,0.0,0.0,,,0,none,0.0,0.0,0.0,0,,,expected_starter,expected_starter,fotmob_expected,expected_xi,Casemiro,T2,0.0,,86.2,DMC,2,1.0,10,DMC,2,4-2-3-1,0,0,86.2,8,1.6016,4.0,0.2104,2.3984,1.5228,1.1851,0.7782,1.3069,0.9369,-0.284338,-28.434,model,history,6174.0,medium,monitor,no_action,,0.0,,,no_action,"history_resolver,expected_xi,fixture_t2",FotMob Expected XI,odds_api_io,event_id=61301267;market=Anytime Goalscorer
2026-05-21T20:25:05Z,2026-05-21T20:24:45Z,2026-05-24,,Bet365,England - Premier League,Nottingham Forest,AFC Bournemouth,1,13778,Igor Jesus,Igor Jesus,Nottingham Forest,AFC Bournemouth,FW,FW,3.1,0.322581,0.230756,4.3336,0.2623,1.5951,0.1241,0.198,0.198,0.0644,0.2623,1.0,,0.2453,0,0.8821,0.8821,1.46,recent_long,1.0,3.0,0.3333,0.0,0.0,,,1,tertiary,0.0,0.0,0.0327,0,,,expected_starter,expected_starter,fotmob_expected,expected_xi,Igor Jesus,T2,0.0,,78.0,FW,5,0.8889,9,FW,5,4-4-2,0,0,78.0,8,1.6604,3.0,0.2617,1.3396,1.5979,1.5281,0.9563,1.0847,1.1253,-0.284656,-28.466,model,history,2289.0,medium,monitor,no_action,,0.0,,,no_action,"history_resolver,expected_xi,fixture_t2",FotMob Expected XI,odds_api_io,event_id=61301279;market=Anytime Goalscorer
2026-05-21T20:25:05Z,2026-05-21T20:24:45Z,2026-05-24,,Bet365,England - Premier League,Tottenham Hotspur,Everton FC,0,9307,Iliman-Cheikh Ndiaye,Iliman-Cheikh Ndiaye,Everton,Tottenham Hotspur,AML,AML,3.6,0.277778,0.197628,5.06,0.2202,1.4729,0.1236,0.1821,0.1821,0.0381,0.2202,1.0,,0.173,0,0.7715,1.0,0.83,recent_long,4.0,4.0,1.0,0.0,0.0,,,1,primary,0.74,6.0,0.0205,0,,,expected_starter,expected_starter,fotmob_expected,expected_xi,Iliman Ndiaye,T2,0.0,,90.0,AML,4,1.0,10,AM,4,4-2-3-1,0,0,90.0,8,1.9409,1.0,0.2426,-0.9409,1.5013,1.59,1.059,1.134,1.1593,-0.288538,-28.854,model,history,5193.0,medium,monitor,no_action,,0.0,,,no_action,"history_resolver,expected_xi,fixture_t2",FotMob Expected XI,odds_api_io,event_id=61301283;market=Anytime Goalscorer
2026-05-21T20:25:05Z,2026-05-21T20:24:45Z,2026-05-24,,Bet365,England - Premier League,Brighton & Hove Albion,Manchester United,1,10807,Jan Paul van Hecke,Jan Paul van Hecke,Brighton,Manchester United,DC,DC,8.5,0.117647,0.082213,12.1635,0.0858,1.6264,0.0527,0.0858,0.0858,0.0,0.0858,1.0,,0.0,0,0.0,0.0,1.3,recent_long,0.0,15.0,0.0,0.0,0.0,,,0,none,0.0,0.0,0.0,0,,,expected_starter,expected_starter,fotmob_expected,expected_xi,Jan Paul van Hecke,T2,0.0,,88.7,DC,1,1.0,10,DEF,1,4-2-3-1,0,0,88.7,8,0.8561,0.0,0.107,-0.8561,1.742,1.3153,0.7551,1.2342,1.0084,-0.301186,-30.119,model,history,8451.0,medium,monitor,no_action,,0.0,,,no_action,"history_resolver,expected_xi,fixture_t2",FotMob Expected XI,odds_api_io,event_id=61301267;market=Anytime Goalscorer
2026-05-21T20:25:05Z,2026-05-21T20:24:45Z,2026-05-24,,Bet365,England - Premier League,Liverpool FC,Brentford FC,0,9156,Kevin Schade,Kevin Schade,Brentford,Liverpool FC,Sub,Sub,4.0,0.25,0.174162,5.7418,0.1914,1.5423,0.1232,0.19,0.19,0.0014,0.1914,1.0,,0.0071,0,0.0136,0.0136,3.25,recent_long,1.0,17.0,0.0588,0.0,0.0,,,1,secondary,0.0,0.0,0.0004,0,,,unknown,unknown,fotmob_expected,expected_xi,,T2,0.0,,73.1,AML,4,0.6667,9,,,,,0,73.1,8,1.0592,0.0,0.1581,-1.0592,1.4715,1.5344,1.0428,1.2196,1.1288,-0.30335,-30.335,model,history,5322.0,medium,monitor,no_action,,0.0,,,no_action,"history_resolver,no_xi_yet,fixture_t2",FotMob Expected XI,odds_api_io,event_id=61301275;market=Anytime Goalscorer
2026-05-21T20:25:05Z,2026-05-21T20:24:45Z,2026-05-24,,Bet365,England - Premier League,Liverpool FC,Brentford FC,0,10721,Sepp van den Berg,Sepp van den Berg,Brentford,Liverpool FC,Sub,Sub,11.0,0.090909,0.062674,15.9555,0.0647,1.5423,0.042,0.0647,0.0647,0.0,0.0647,1.0,,0.0,0,0.0,0.0,4.28,recent_long,0.0,16.0,0.0,0.0,0.0,,,0,none,0.0,0.0,0.0,0,,,unknown,unknown,fotmob_expected,expected_xi,,T2,0.0,,80.3,DC,1,1.0,9,,,,,0,80.3,8,0.6697,0.0,0.0951,-0.6697,1.4828,1.5344,1.0348,1.2196,1.1288,-0.310585,-31.058,model,history,5270.0,medium,monitor,no_action,,0.0,,,no_action,"history_resolver,no_xi_yet,fixture_t2",FotMob Expected XI,odds_api_io,event_id=61301275;market=Anytime Goalscorer
2026-05-21T20:25:05Z,2026-05-21T20:24:45Z,2026-05-24,,Bet365,England - Premier League,Liverpool FC,Brentford FC,1,8379,Alexis Mac Allister,Alexis Mac Allister,Liverpool,Brentford FC,DMC,DMC,5.5,0.181818,0.124706,8.0189,0.1332,1.9542,0.0682,0.1332,0.1332,0.0,0.1332,1.0,,0.0,0,0.0,0.0,0.53,recent_long,1.0,20.0,0.05,0.0,0.0,,,1,tertiary,0.0,0.0,0.0,0,,,expected_starter,expected_starter,fotmob_expected,expected_xi,Alexis Mac Allister,T2,0.0,,78.0,DMC,2,0.875,8,DMC,2,4-2-3-1,0,0,78.0,8,0.4568,0.0,0.0729,-0.4568,1.4806,1.6949,1.1447,1.2288,1.217,-0.314117,-31.412,model,history,7875.0,medium,monitor,no_action,,0.0,,,no_action,"history_resolver,expected_xi,fixture_t2",FotMob Expected XI,odds_api_io,event_id=61301275;market=Anytime Goalscorer
2026-05-21T20:25:05Z,2026-05-21T20:24:45Z,2026-05-24,,Bet365,England - Premier League,Tottenham Hotspur,Everton FC,1,10184,Archie Gray,Archie Gray,Tottenham,Everton FC,Sub,Sub,7.5,0.133333,0.091406,10.9402,0.0959,1.6279,0.0589,0.0959,0.0959,0.0,0.0959,1.0,,0.0,0,0.0,0.0,0.5,recent_long,0.0,3.0,0.0,0.0,0.0,,,0,none,0.0,0.0,0.0,0,,,unknown,unknown,fotmob_expected,expected_xi,,T2,0.0,,71.1,DMR,2,0.3333,9,,,,,0,71.1,8,0.7848,1.0,0.1119,0.2152,1.5493,1.6658,1.0752,1.0372,1.201,-0.314456,-31.445,model,history,3223.0,medium,monitor,no_action,,0.0,,,no_action,"history_resolver,no_xi_yet,fixture_t2",FotMob Expected XI,odds_api_io,event_id=61301283;market=Anytime Goalscorer
2026-05-21T20:25:05Z,2026-05-21T20:24:45Z,2026-05-24,,Bet365,England - Premier League,Fulham FC,Newcastle United,1,5973,Kenny Tete,Kenny Tete,Fulham,Newcastle United,DR,DR,13.0,0.076923,0.052178,19.1652,0.0536,1.6275,0.0329,0.0536,0.0536,0.0,0.0536,1.0,,0.0,0,0.0,0.0,1.64,recent_long,0.0,4.0,0.0,0.0,0.0,,,0,none,0.0,0.0,0.0,0,,,unknown,unknown,fotmob_expected,expected_xi,,T2,0.0,,78.7,DR,1,1.0,9,,,,,0,78.7,8,0.3874,0.0,0.0595,-0.3874,1.738,1.8486,1.0636,0.9963,1.25,-0.321686,-32.169,model,history,4475.0,medium,monitor,no_action,,0.0,,,no_action,"history_resolver,no_xi_yet,fixture_t2",FotMob Expected XI,odds_api_io,event_id=61301273;market=Anytime Goalscorer
2026-05-21T20:25:05Z,2026-05-21T20:24:45Z,2026-05-24,,Bet365,England - Premier League,West Ham United,Leeds United,1,9492,Crysencio Summerville,Crysencio Summerville,West Ham,Leeds United,AMC,AMC,3.75,0.266667,0.180502,5.5401,0.1991,1.5111,0.1317,0.1991,0.1991,0.0,0.1991,1.0,,0.0,0,0.0,0.0,1.14,recent_long,0.0,6.0,0.0,0.0,0.0,,,0,none,0.0,0.0,0.0,0,,,expected_starter,expected_starter,fotmob_expected,expected_xi,Crysencio Summerville,T2,0.0,,89.2,ML,3,0.7,10,AM,4,3-4-2-1,1,0,89.2,8,1.4778,1.0,0.1876,-0.4778,1.4727,1.4427,0.9797,1.0722,1.0784,-0.323119,-32.312,model,history,3179.0,medium,monitor,no_action,,0.0,,,no_action,"history_resolver,expected_xi,fixture_t2",FotMob Expected XI,odds_api_io,event_id=61301285;market=Anytime Goalscorer
2026-05-21T20:25:05Z,2026-05-21T20:24:45Z,2026-05-24,,Bet365,England - Premier League,Liverpool FC,Brentford FC,0,8859,Mikkel Damsgaard,Mikkel Damsgaard,Brentford,Liverpool FC,AML,AML,7.0,0.142857,0.095433,10.4785,0.1003,1.5423,0.065,0.1003,0.1003,0.0,0.1003,1.0,,0.0,0,0.0,0.0,3.65,recent_long,0.0,18.0,0.0,0.0,0.0,,,0,none,0.0,0.0,0.0,0,,,expected_starter,expected_starter,fotmob_expected,expected_xi,Mikkel Damsgaard,T2,0.0,,78.0,AMC,4,0.6667,9,AM,4,4-2-3-1,0,0,78.0,8,1.0485,1.0,0.1459,-0.0485,1.4715,1.5344,1.0428,1.2196,1.1288,-0.331967,-33.197,model,history,5856.0,medium,monitor,no_action,,0.0,,,no_action,"history_resolver,expected_xi,fixture_t2",FotMob Expected XI,odds_api_io,event_id=61301275;market=Anytime Goalscorer
2026-05-21T20:25:05Z,2026-05-21T20:24:45Z,2026-05-24,,Bet365,England - Premier League,Crystal Palace,Arsenal FC,1,8706,Eberechi Eze,Eberechi Eze,Crystal Palace,Arsenal FC,AMC,AMC,3.1,0.322581,0.214535,4.6612,0.2415,1.4526,0.0926,0.1345,0.1345,0.107,0.2415,1.0,,0.443,1,0.9227,0.9227,2.05,recent_long,3.0,6.0,0.5,0.0,0.0,,,0,none,0.0,0.0,0.0452,0,,,unknown,unknown,none,none,,T2,1.0,no_lineup_payload,68.0,AMC,4,1.0,9,,,,,0,68.0,8,1.8974,5.0,0.3348,3.1026,1.444,1.3,0.9003,1.1116,1.0,-0.33494,-33.494,model,history,4732.0,medium,monitor,no_action,,0.0,,,no_action,"history_resolver,no_xi_yet,fixture_t2",,odds_api_io,event_id=61301271;market=Anytime Goalscorer
2026-05-21T20:25:05Z,2026-05-21T20:24:45Z,2026-05-24,,Bet365,England - Premier League,Crystal Palace,Arsenal FC,1,11070,Jorgen Larsen,Jørgen Strand Larsen,Crystal Palace,Arsenal FC,F S,F S,3.1,0.322581,0.214387,4.6645,0.2413,1.4526,0.1661,0.2413,0.2413,0.0,0.2413,1.0,,0.0,0,0.0,0.0,0.0,none,0.0,0.0,0.0,0.0,0.0,,,0,none,0.0,0.0,0.0,0,,,unknown,unknown,none,none,,T2,1.0,no_lineup_payload,64.1,FW,5,1.0,8,,,,,0,64.1,8,4.4377,5.0,0.755,0.5623,1.4354,1.3,0.9057,1.1116,1.0,-0.335399,-33.54,model,live_roster,2624.0,medium,monitor,no_action,,0.0,,,no_action,"live_roster_resolver,fixture_t2",,odds_api_io,event_id=61301271;market=Anytime Goalscorer
2026-05-21T20:25:05Z,2026-05-21T20:24:45Z,2026-05-24,,Bet365,England - Premier League,Manchester City,Aston Villa,0,7726,Ezri Konsa,Ezri Konsa,Aston Villa,Manchester City,DC,DC,19.0,0.052632,0.034582,28.9166,0.0352,1.3099,0.0269,0.0352,0.0352,0.0,0.0352,1.0,,0.0,0,0.0,0.0,0.0,none,0.0,8.0,0.0,0.0,0.0,,,0,none,0.0,0.0,0.0,0,,,expected_starter,expected_starter,fotmob_expected,expected_xi,Ezri Konsa,T2,0.0,,90.0,DC,1,1.0,10,DEF,1,4-2-3-1,0,0,90.0,8,0.2317,0.0,0.029,-0.2317,1.7791,1.1747,0.6603,1.2556,0.9312,-0.342937,-34.294,model,history,9060.0,medium,monitor,no_action,,0.0,,,no_action,"history_resolver,expected_xi,fixture_t2",FotMob Expected XI,odds_api_io,event_id=61301277;market=Anytime Goalscorer
2026-05-21T20:25:05Z,2026-05-21T20:24:45Z,2026-05-24,,Bet365,England - Premier League,Brighton & Hove Albion,Manchester United,1,501,Danny Welbeck,Danny Welbeck,Brighton,Manchester United,FW,FW,2.1,0.47619,0.312233,3.2027,0.3743,1.6264,0.2103,0.3421,0.3421,0.0323,0.3743,1.0,,0.0862,0,0.6603,0.2348,1.12,recent_long,4.0,15.0,0.2667,0.0,0.0,,,1,primary,0.74,6.0,0.0273,0,,,expected_starter,expected_starter,fotmob_expected,expected_xi,Danny Welbeck,T2,0.0,,78.0,FW,5,1.0,8,FW,5,4-2-3-1,0,0,78.0,8,3.443,3.0,0.5436,-0.443,1.742,1.3153,0.7551,1.2342,1.0084,-0.344311,-34.431,model,history,6099.0,medium,monitor,no_action,,0.0,,,no_action,"history_resolver,expected_xi,fixture_t2",FotMob Expected XI,odds_api_io,event_id=61301267;market=Anytime Goalscorer
2026-05-21T20:25:05Z,2026-05-21T20:24:45Z,2026-05-24,,Bet365,England - Premier League,Manchester City,Aston Villa,1,8260,Erling Haaland,Erling Haaland,Manchester City,Aston Villa,FW,FW,1.333,0.750188,0.487902,2.0496,0.6692,2.3349,0.2651,0.6189,0.6189,0.0503,0.6692,1.0,,0.0751,0,0.8003,1.0,1.81,recent_long,16.0,17.0,0.9412,0.0,0.0,,,1,primary,0.74,6.0,0.0159,0,,,expected_starter,expected_starter,fotmob_expected,expected_xi,Erling Haaland,T2,0.0,,83.5,FW,5,1.0,10,FW,5,4-1-4-1,0,0,83.5,8,6.7341,4.0,0.8418,-2.7341,1.6694,1.4782,0.8854,1.6274,1.0979,-0.349627,-34.963,model,history,8219.0,medium,monitor,no_action,,0.0,,,no_action,"history_resolver,expected_xi,fixture_t2",FotMob Expected XI,odds_api_io,event_id=61301277;market=Anytime Goalscorer
2026-05-21T20:25:05Z,2026-05-21T20:24:45Z,2026-05-24,,Bet365,England - Premier League,Crystal Palace,Arsenal FC,1,8853,Maxence Lacroix,Maxence Lacroix,Crystal Palace,Arsenal FC,DC,DC,15.0,0.066667,0.043301,23.0944,0.0443,1.4526,0.0305,0.0443,0.0443,0.0,0.0443,1.0,,0.0,0,0.0,0.0,3.2,recent_long,0.0,11.0,0.0,0.0,0.0,,,0,none,0.0,0.0,0.0,0,,,unknown,unknown,none,none,,T2,1.0,no_lineup_payload,85.8,DC,1,1.0,10,,,,,0,85.8,8,0.4819,0.0,0.0624,-0.4819,1.5014,1.3,0.8658,1.1116,1.0,-0.350492,-35.049,model,history,6220.0,medium,monitor,no_action,,0.0,,,no_action,"history_resolver,no_xi_yet,fixture_t2",,odds_api_io,event_id=61301271;market=Anytime Goalscorer
2026-05-21T20:25:05Z,2026-05-21T20:24:45Z,2026-05-24,,Bet365,England - Premier League,Manchester City,Aston Villa,1,9790,Josko Gvardiol,Josko Gvardiol,Manchester City,Aston Villa,DL,DL,6.5,0.153846,0.099121,10.0887,0.1044,2.3349,0.0447,0.1044,0.1044,0.0,0.1044,1.0,,0.0,0,0.0,0.0,1.92,recent_long,0.0,15.0,0.0,0.0,0.0,,,0,none,0.0,0.0,0.0,0,,,unknown,unknown,fotmob_expected,expected_xi,,T2,0.0,,76.6,DC,1,0.8889,9,,,,,0,76.6,8,0.9833,1.0,0.1547,0.0167,1.6045,1.4782,0.9213,1.6274,1.0979,-0.355717,-35.572,model,history,6977.0,medium,monitor,no_action,,0.0,,,no_action,"history_resolver,no_xi_yet,fixture_t2",FotMob Expected XI,odds_api_io,event_id=61301277;market=Anytime Goalscorer
2026-05-21T20:25:05Z,2026-05-21T20:24:45Z,2026-05-24,,Bet365,England - Premier League,Nottingham Forest,AFC Bournemouth,0,11504,Eli Junior Kroupi,Eli Junior Kroupi,Bournemouth,Nottingham Forest,AMC,AMC,2.3,0.434783,0.276392,3.618,0.3235,1.8709,0.1301,0.2435,0.2435,0.08,0.3235,1.0,,0.2473,0,0.7493,0.7731,2.35,recent_long,2.0,4.0,0.5,0.0,0.0,,,1,primary,0.74,6.0,0.0296,0,,,expected_starter,expected_starter,fotmob_expected,expected_xi,Junior Kroupi,T2,0.0,,78.0,AMC,4,0.875,8,AM,4,4-2-3-1,0,0,78.0,8,2.4296,2.0,0.4373,-0.4296,1.5795,1.8408,1.1654,1.3359,1.25,-0.364298,-36.43,model,history,1553.0,medium,monitor,no_action,,0.0,,,no_action,"history_resolver,expected_xi,fixture_t2",FotMob Expected XI,odds_api_io,event_id=61301279;market=Anytime Goalscorer
2026-05-21T20:25:05Z,2026-05-21T20:24:45Z,2026-05-24,,Bet365,England - Premier League,Nottingham Forest,AFC Bournemouth,0,12963,Evanilson,Evanilson,Bournemouth,Nottingham Forest,FW,FW,2.5,0.4,0.249466,4.0086,0.287,1.8709,0.1534,0.287,0.287,0.0,0.287,1.0,,0.0,0,0.0,0.0,2.32,recent_long,1.0,10.0,0.1,0.0,0.0,,,1,tertiary,0.0,0.0,0.0,0,,,expected_starter,expected_starter,fotmob_expected,expected_xi,Evanilson,T2,0.0,,78.4,FW,5,1.0,9,FW,5,4-2-3-1,0,0,78.4,8,1.9188,0.0,0.2625,-1.9188,1.5795,1.8408,1.1654,1.3359,1.25,-0.376334,-37.633,model,history,5019.0,medium,monitor,no_action,,0.0,,,no_action,"history_resolver,expected_xi,fixture_t2",FotMob Expected XI,odds_api_io,event_id=61301279;market=Anytime Goalscorer
2026-05-21T20:25:05Z,2026-05-21T20:24:45Z,2026-05-24,,Bet365,England - Premier League,Fulham FC,Newcastle United,1,5596,Harry Wilson,Harry Wilson,Fulham,Newcastle United,Sub,Sub,3.2,0.3125,0.193716,5.1622,0.2153,1.6275,0.1323,0.2153,0.2153,0.0,0.2153,1.0,,0.0,0,0.0,0.0,3.05,recent_long,0.0,10.0,0.0,0.0,0.0,,,1,secondary,0.0,0.0,0.0,0,,,unknown,unknown,fotmob_expected,expected_xi,,T2,0.0,,76.1,AMR,4,1.0,9,,,,,0,76.1,8,1.1064,1.0,0.1699,-0.1064,1.5466,1.8486,1.1953,0.9963,1.25,-0.380108,-38.011,model,history,5464.0,medium,monitor,no_action,,0.0,,,no_action,"history_resolver,no_xi_yet,fixture_t2",FotMob Expected XI,odds_api_io,event_id=61301273;market=Anytime Goalscorer
2026-05-21T20:25:05Z,2026-05-21T20:24:45Z,2026-05-24,,Bet365,England - Premier League,Crystal Palace,Arsenal FC,1,2182,Jefferson Lerma,Jefferson Lerma,Crystal Palace,Arsenal FC,Sub,Sub,10.0,0.1,0.061535,16.2509,0.0635,1.4526,0.0437,0.0635,0.0635,0.0,0.0635,1.0,,0.0,0,0.0,0.0,3.46,recent_long,0.0,11.0,0.0,0.0,0.0,,,0,none,0.0,0.0,0.0,0,,,unknown,unknown,none,none,,T2,1.0,no_lineup_payload,68.9,MC,3,0.75,8,,,,,0,68.9,8,0.8567,0.0,0.1483,-0.8567,1.5014,1.3,0.8658,1.1116,1.0,-0.384649,-38.465,model,history,6290.0,medium,monitor,no_action,,0.0,,,no_action,"history_resolver,no_xi_yet,fixture_t2",,odds_api_io,event_id=61301271;market=Anytime Goalscorer
2026-05-21T20:25:05Z,2026-05-21T20:24:45Z,2026-05-24,,Bet365,England - Premier League,West Ham United,Leeds United,0,6377,Joe Rodon,Joe Rodon,Leeds,West Ham United,DC,DC,15.0,0.066667,0.040985,24.3994,0.0418,1.4294,0.0293,0.0418,0.0418,0.0,0.0418,1.0,,0.0,0,0.0,0.0,4.06,recent_long,0.0,8.0,0.0,0.0,0.0,,,0,none,0.0,0.0,0.0,0,,,expected_starter,expected_starter,fotmob_expected,expected_xi,Joe Rodon,T2,0.0,,79.6,DC,1,1.0,8,DEF,1,3-4-2-1,0,0,79.6,8,0.3054,0.0,0.0471,-0.3054,1.6553,1.5434,0.9324,1.1254,1.1337,-0.385231,-38.523,model,history,2864.0,medium,monitor,no_action,,0.0,,,no_action,"history_resolver,expected_xi,fixture_t2",FotMob Expected XI,odds_api_io,event_id=61301285;market=Anytime Goalscorer
2026-05-21T20:25:05Z,2026-05-21T20:24:45Z,2026-05-24,,Bet365,England - Premier League,West Ham United,Leeds United,1,10948,Taty Castellanos,Taty Castellanos,West Ham,Leeds United,Sub,Sub,2.6,0.384615,0.235109,4.2533,0.268,1.5111,0.1774,0.268,0.268,0.0,0.268,1.0,,0.0,0,0.0,0.0,0.42,recent_long,0.0,1.0,0.0,0.0,0.0,,,1,tertiary,0.0,0.0,0.0,0,,,unknown,unknown,fotmob_expected,expected_xi,,T2,0.0,,76.8,FW,5,1.0,9,,,,,0,76.8,8,2.5959,3.0,0.4028,0.4041,1.4727,1.4427,0.9797,1.0722,1.0784,-0.388716,-38.872,model,history,1340.0,medium,monitor,no_action,,0.0,,,no_action,"history_resolver,no_xi_yet,fixture_t2",FotMob Expected XI,odds_api_io,event_id=61301285;market=Anytime Goalscorer
2026-05-21T20:25:05Z,2026-05-21T20:24:45Z,2026-05-24,,Bet365,England - Premier League,Liverpool FC,Brentford FC,1,1250,Mohamed Salah,Mohamed Salah,Liverpool,Brentford FC,Sub,Sub,2.1,0.47619,0.290555,3.4417,0.3433,1.9542,0.1703,0.3327,0.3327,0.0105,0.3433,1.0,,0.0307,0,0.3,0.3,0.58,recent_long,17.0,18.0,0.9444,0.0,0.0,,,1,primary,0.0,0.0,0.0076,0,,,unknown,unknown,fotmob_expected,expected_xi,,T2,0.0,,71.5,AMR,4,1.0,8,,,,,0,71.5,8,2.036,3.0,0.3393,0.964,1.5024,1.6949,1.1281,1.2288,1.217,-0.389835,-38.983,model,history,8034.0,medium,monitor,no_action,,0.0,,,no_action,"history_resolver,no_xi_yet,fixture_t2",FotMob Expected XI,odds_api_io,event_id=61301275;market=Anytime Goalscorer
2026-05-21T20:25:05Z,2026-05-21T20:24:45Z,2026-05-24,,Bet365,England - Premier League,Manchester City,Aston Villa,0,12412,Morgan Rogers,Morgan Rogers,Aston Villa,Manchester City,AMC,AMC,4.0,0.25,0.151773,6.5888,0.1646,1.3099,0.1257,0.1646,0.1646,0.0,0.1646,1.0,,0.0,0,0.0,0.0,0.0,none,0.0,5.0,0.0,0.0,0.0,,,0,none,0.0,0.0,0.0,0,,,expected_starter,expected_starter,fotmob_expected,expected_xi,Morgan Rogers,T2,0.0,,88.7,AML,4,0.6,10,AM,4,4-2-3-1,0,0,88.7,8,2.2325,2.0,0.2866,-0.2325,1.7469,1.1747,0.6724,1.2556,0.9312,-0.39291,-39.291,model,history,7144.0,medium,monitor,no_action,,0.0,,,no_action,"history_resolver,expected_xi,fixture_t2",FotMob Expected XI,odds_api_io,event_id=61301277;market=Anytime Goalscorer
2026-05-21T20:25:05Z,2026-05-21T20:24:45Z,2026-05-24,,Bet365,England - Premier League,Nottingham Forest,AFC Bournemouth,1,4456,Chris Wood,Chris Wood,Nottingham Forest,AFC Bournemouth,FW,FW,2.5,0.4,0.240025,4.1662,0.2745,1.5951,0.1432,0.2285,0.2285,0.046,0.2745,1.0,,0.1676,0,0.6305,0.0763,1.19,recent_long,3.0,5.0,0.6,0.0,0.0,,,1,primary,0.74,6.0,0.0435,0,,,expected_starter,expected_starter,fotmob_expected,expected_xi,Chris Wood,T2,0.0,,78.0,FW,5,1.0,6,FW,5,4-4-2,0,0,78.0,8,0.7486,1.0,0.1831,0.2514,1.5979,1.5281,0.9563,1.0847,1.1253,-0.399937,-39.994,model,history,5668.0,medium,monitor,no_action,,0.0,,,no_action,"history_resolver,expected_xi,fixture_t2",FotMob Expected XI,odds_api_io,event_id=61301279;market=Anytime Goalscorer
2026-05-21T20:25:05Z,2026-05-21T20:24:45Z,2026-05-24,,Bet365,England - Premier League,Brighton & Hove Albion,Manchester United,0,10564,Leny Yoro,Leny Yoro,Manchester United,Brighton & Hove Albion,Sub,Sub,17.0,0.058824,0.035241,28.3757,0.0359,1.3718,0.0262,0.0359,0.0359,0.0,0.0359,1.0,,0.0,0,0.0,0.0,2.45,recent_long,0.0,8.0,0.0,0.0,0.0,,,0,none,0.0,0.0,0.0,0,,,unknown,unknown,fotmob_expected,expected_xi,,T2,0.0,,54.6,DC,1,1.0,6,,,,,0,54.6,8,0.4549,0.0,0.0736,-0.4549,1.4878,1.1851,0.7965,1.3069,0.9369,-0.400896,-40.09,model,history,2875.0,medium,monitor,no_action,,0.0,,,no_action,"history_resolver,no_xi_yet,fixture_t2",FotMob Expected XI,odds_api_io,event_id=61301267;market=Anytime Goalscorer
2026-05-21T20:25:05Z,2026-05-21T20:24:45Z,2026-05-24,,Bet365,England - Premier League,Burnley FC,Wolverhampton Wanderers,0,12756,Rodrigo Gomes,Rodrigo Gomes,Wolverhampton Wanderers,Burnley FC,AMR,AMR,4.75,0.210526,0.125654,7.9584,0.1343,1.2301,0.1092,0.1343,0.1343,0.0,0.1343,1.0,,0.0,0,0.0,0.0,0.0,none,0.0,0.0,0.0,0.0,0.0,,,0,none,0.0,0.0,0.0,0,,,expected_starter,expected_starter,fotmob_expected,expected_xi,Rodrigo Gomes,T2,0.0,,78.0,AMR,4,0.5,2,AM,4,4-2-3-1,0,0,78.0,8,0.9306,1.0,0.2849,0.0694,1.6295,2.0671,1.2685,0.8783,1.25,-0.403146,-40.314,model,history,1617.0,medium,monitor,no_action,,0.0,,,no_action,"history_resolver,expected_xi,fixture_t2",FotMob Expected XI,odds_api_io,event_id=61301269;market=Anytime Goalscorer
2026-05-21T20:25:05Z,2026-05-21T20:24:45Z,2026-05-24,,Bet365,England - Premier League,West Ham United,Leeds United,0,7078,Sean Longstaff,Sean Longstaff,Leeds,West Ham United,Sub,Sub,7.5,0.133333,0.078529,12.7342,0.0818,1.4294,0.0572,0.0818,0.0818,0.0,0.0818,1.0,,0.0,0,0.0,0.0,2.78,recent_long,0.0,16.0,0.0,0.0,0.0,,,0,none,0.0,0.0,0.0,0,,,expected_starter,expected_starter,fotmob_expected,expected_xi,Sean Longstaff,T2,0.0,,78.0,,,0.0,0,AM,4,3-4-2-1,,0,78.0,8,0.6813,1.0,0.989,0.3187,1.6553,1.5434,0.9324,1.1254,1.1337,-0.411036,-41.103,model,history,4505.0,medium,monitor,no_action,,0.0,,,no_action,"history_resolver,expected_xi,fixture_t2",FotMob Expected XI,odds_api_io,event_id=61301285;market=Anytime Goalscorer
2026-05-21T20:25:05Z,2026-05-21T20:24:45Z,2026-05-24,,Bet365,England - Premier League,Brighton & Hove Albion,Manchester United,1,8780,Joel Veltman,Joel Veltman,Brighton,Manchester United,DR,DR,13.0,0.076923,0.044999,22.2226,0.046,1.6264,0.0283,0.046,0.046,0.0,0.046,1.0,,0.0,0,0.0,0.0,1.46,recent_long,0.0,9.0,0.0,0.0,0.0,,,0,none,0.0,0.0,0.0,0,,,expected_starter,expected_starter,fotmob_expected,expected_xi,Joël Veltman,T2,0.0,,78.0,DR,1,1.0,1,DEF,1,4-2-3-1,0,0,78.0,8,0.1122,0.0,0.0457,-0.1122,1.742,1.3153,0.7551,1.2342,1.0084,-0.415009,-41.501,model,history,4288.0,medium,monitor,no_action,,0.0,,,no_action,"history_resolver,expected_xi,fixture_t2",FotMob Expected XI,odds_api_io,event_id=61301267;market=Anytime Goalscorer
2026-05-21T20:25:05Z,2026-05-21T20:24:45Z,2026-05-24,,Bet365,England - Premier League,Fulham FC,Newcastle United,1,4105,Raul Jimenez,Raul Jimenez,Fulham,Newcastle United,Sub,Sub,2.625,0.380952,0.221266,4.5194,0.2501,1.6275,0.1168,0.19,0.19,0.0601,0.2501,1.0,,0.2402,0,0.6514,0.6514,3.09,recent_long,7.0,11.0,0.6364,0.0,0.0,,,1,primary,0.0,0.0,0.0196,0,,,unknown,unknown,fotmob_expected,expected_xi,,T2,0.0,,55.2,FW,5,1.0,6,,,,,0,55.2,8,0.6395,0.0,0.1782,-0.6395,1.5187,1.8486,1.2172,0.9963,1.25,-0.419177,-41.918,model,history,6156.0,medium,monitor,no_action,,0.0,,,no_action,"history_resolver,no_xi_yet,fixture_t2",FotMob Expected XI,odds_api_io,event_id=61301273;market=Anytime Goalscorer
2026-05-21T20:25:05Z,2026-05-21T20:24:45Z,2026-05-24,,Bet365,England - Premier League,Liverpool FC,Brentford FC,0,10809,Keane Lewis-Potter,Keane Lewis-Potter,Brentford,Liverpool FC,DL,DL,5.5,0.181818,0.103972,9.618,0.1098,1.5423,0.0712,0.1098,0.1098,0.0,0.1098,1.0,,0.0,0,0.0,0.0,3.3,recent_long,0.0,17.0,0.0,0.0,0.0,,,0,none,0.0,0.0,0.0,0,,,expected_starter,expected_starter,fotmob_expected,expected_xi,Keane Lewis-Potter,T2,0.0,,78.0,DL,1,1.0,8,DEF,1,4-2-3-1,0,0,78.0,8,1.2416,0.0,0.1552,-1.2416,1.4715,1.5344,1.0428,1.2196,1.1288,-0.428155,-42.815,model,history,6422.0,medium,monitor,no_action,,0.0,,,no_action,"history_resolver,expected_xi,fixture_t2",FotMob Expected XI,odds_api_io,event_id=61301275;market=Anytime Goalscorer
2026-05-21T20:25:05Z,2026-05-21T20:24:45Z,2026-05-24,,Bet365,England - Premier League,West Ham United,Leeds United,1,8288,Tomas Soucek,Tomas Soucek,West Ham,Leeds United,MC,MC,4.333,0.230787,0.131541,7.6022,0.141,1.5111,0.0933,0.141,0.141,0.0,0.141,1.0,,0.0,0,0.0,0.0,0.9,recent_long,0.0,11.0,0.0,0.0,0.0,,,0,none,0.0,0.0,0.0,0,,,expected_starter,expected_starter,fotmob_expected,expected_xi,Tomás Soucek,T2,0.0,,86.6,MC,3,1.0,10,MID,3,3-4-2-1,0,0,86.6,8,0.685,1.0,0.0891,0.315,1.4727,1.4427,0.9797,1.0722,1.0784,-0.430031,-43.003,model,history,7587.0,medium,monitor,no_action,,0.0,,,no_action,"history_resolver,expected_xi,fixture_t2",FotMob Expected XI,odds_api_io,event_id=61301285;market=Anytime Goalscorer
2026-05-21T20:25:05Z,2026-05-21T20:24:45Z,2026-05-24,,Bet365,England - Premier League,Burnley FC,Wolverhampton Wanderers,1,10746,Jaidon Anthony,Jaidon Anthony,Burnley,Wolverhampton Wanderers,AML,AML,2.875,0.347826,0.19634,5.0932,0.2186,1.3748,0.159,0.2186,0.2186,0.0,0.2186,1.0,,0.0,0,0.0,0.0,0.51,recent_long,0.0,2.0,0.0,0.0,0.0,,,0,none,0.0,0.0,0.0,0,,,expected_starter,expected_starter,fotmob_expected,expected_xi,Jaidon Anthony,T2,0.0,,88.3,AML,4,0.6,10,AM,4,4-2-3-1,0,0,88.3,8,1.7848,1.0,0.2247,-0.7848,1.3063,1.9433,1.4877,0.8416,1.25,-0.435523,-43.552,model,history,2840.0,medium,monitor,no_action,,0.0,,,no_action,"history_resolver,expected_xi,fixture_t2",FotMob Expected XI,odds_api_io,event_id=61301269;market=Anytime Goalscorer
2026-05-21T20:25:05Z,2026-05-21T20:24:45Z,2026-05-24,,Bet365,England - Premier League,Liverpool FC,Brentford FC,1,9788,Dominik Szoboszlai,Dominik Szoboszlai,Liverpool,Brentford FC,AMC,AMC,4.0,0.25,0.139677,7.1594,0.1504,1.9542,0.0601,0.1174,0.1174,0.0331,0.1504,1.0,,0.2199,0,0.7482,0.9223,0.57,recent_long,1.0,19.0,0.0526,0.0,0.0,,,1,secondary,0.74,12.0,0.0219,1,Mohamed Salah,secondary,expected_starter,expected_starter,fotmob_expected,expected_xi,Dominik Szoboszlai,T2,0.0,,90.0,AMC,4,0.4,10,AM,4,4-2-3-1,0,0,90.0,8,0.7336,2.0,0.0917,1.2664,1.4806,1.6949,1.1447,1.2288,1.217,-0.441293,-44.129,model,history,7800.0,medium,monitor,no_action,,0.0,,,no_action,"history_resolver,expected_xi,fixture_t2",FotMob Expected XI,odds_api_io,event_id=61301275;market=Anytime Goalscorer
2026-05-21T20:25:05Z,2026-05-21T20:24:45Z,2026-05-24,,Bet365,England - Premier League,Fulham FC,Newcastle United,1,10717,Rodrigo Muniz,Rodrigo Muniz,Fulham,Newcastle United,FW,FW,2.5,0.4,0.222675,4.4908,0.2519,1.6275,0.1548,0.2519,0.2519,0.0,0.2519,1.0,,0.0,0,0.0,0.0,2.5,recent_long,0.0,6.0,0.0,0.0,0.0,,,0,none,0.0,0.0,0.0,0,,,expected_starter,expected_starter,fotmob_expected,expected_xi,Rodrigo Muniz,T2,0.0,,78.0,FW,5,1.0,5,FW,5,4-2-3-1,0,0,78.0,8,2.0952,0.0,0.4117,-2.0952,1.5466,1.8486,1.1953,0.9963,1.25,-0.443312,-44.331,model,history,3448.0,medium,monitor,no_action,,0.0,,,no_action,"history_resolver,expected_xi,fixture_t2",FotMob Expected XI,odds_api_io,event_id=61301273;market=Anytime Goalscorer
2026-05-21T20:25:05Z,2026-05-21T20:24:45Z,2026-05-24,,Bet365,England - Premier League,Fulham FC,Newcastle United,0,6681,Harvey Barnes,Harvey Barnes,Newcastle United,Fulham FC,AMR,AMR,3.0,0.333333,0.185134,5.4015,0.2047,1.7296,0.1184,0.2047,0.2047,0.0,0.2047,1.0,,0.0,0,0.0,0.0,1.97,recent_long,0.0,16.0,0.0,0.0,0.0,,,1,tertiary,0.0,0.0,0.0,0,,,expected_starter,expected_starter,fotmob_expected,expected_xi,Harvey Barnes,T2,0.0,,78.0,FWL,5,0.4,5,AM,4,4-2-3-1,-1,0,78.0,8,1.3185,2.0,0.2839,0.6815,1.432,1.7964,1.2545,1.235,1.25,-0.444599,-44.46,model,history,4386.0,medium,monitor,no_action,,0.0,,,no_action,"history_resolver,expected_xi,fixture_t2",FotMob Expected XI,odds_api_io,event_id=61301273;market=Anytime Goalscorer
2026-05-21T20:25:05Z,2026-05-21T20:24:45Z,2026-05-24,,Bet365,England - Premier League,Brighton & Hove Albion,Manchester United,1,6048,Lewis Dunk,Lewis Dunk,Brighton,Manchester United,DC,DC,8.5,0.117647,0.064696,15.4569,0.0669,1.6264,0.0411,0.0669,0.0669,0.0,0.0669,1.0,,0.0,0,0.0,0.0,1.54,recent_long,0.0,13.0,0.0,0.0,0.0,,,0,none,0.0,0.0,0.0,0,,,expected_starter,expected_starter,fotmob_expected,expected_xi,Lewis Dunk,T2,0.0,,82.5,DC,1,1.0,9,DEF,1,4-2-3-1,0,0,82.5,8,0.5367,1.0,0.0765,0.4633,1.742,1.3153,0.7551,1.2342,1.0084,-0.450083,-45.008,model,history,7719.0,medium,monitor,no_action,,0.0,,,no_action,"history_resolver,expected_xi,fixture_t2",FotMob Expected XI,odds_api_io,event_id=61301267;market=Anytime Goalscorer
2026-05-21T20:25:05Z,2026-05-21T20:24:45Z,2026-05-24,,Bet365,England - Premier League,West Ham United,Leeds United,1,6816,Jean-Clair Todibo,Jean-Clair Todibo,West Ham,Leeds United,DC,DC,15.0,0.066667,0.035964,27.8057,0.0366,1.5111,0.0242,0.0366,0.0366,0.0,0.0366,1.0,,0.0,0,0.0,0.0,1.26,recent_long,0.0,4.0,0.0,0.0,0.0,,,0,none,0.0,0.0,0.0,0,,,expected_starter,expected_starter,fotmob_expected,expected_xi,Jean-Clair Todibo,T2,0.0,,78.0,DC,1,1.0,9,DEF,1,3-4-2-1,0,0,78.0,8,0.5888,0.0,0.0936,-0.5888,1.4746,1.4427,0.9784,1.0722,1.0784,-0.460543,-46.055,model,history,3660.0,medium,monitor,no_action,,0.0,,,no_action,"history_resolver,expected_xi,fixture_t2",FotMob Expected XI,odds_api_io,event_id=61301285;market=Anytime Goalscorer
2026-05-21T20:25:05Z,2026-05-21T20:24:45Z,2026-05-24,,Bet365,England - Premier League,Brighton & Hove Albion,Manchester United,0,1687,Harry Maguire,Harry Maguire,Manchester United,Brighton & Hove Albion,DC,DC,11.0,0.090909,0.048198,20.7479,0.0494,1.3718,0.036,0.0494,0.0494,0.0,0.0494,1.0,,0.0,0,0.0,0.0,2.45,recent_long,0.0,11.0,0.0,0.0,0.0,,,0,none,0.0,0.0,0.0,0,,,expected_starter,expected_starter,fotmob_expected,expected_xi,Harry Maguire,T2,0.0,,87.2,DC,1,1.0,10,DEF,1,4-2-3-1,0,0,87.2,8,0.2881,0.0,0.0367,-0.2881,1.6104,1.1851,0.7359,1.3069,0.9369,-0.469825,-46.982,model,history,4973.0,medium,monitor,no_action,,0.0,,,no_action,"history_resolver,expected_xi,fixture_t2",FotMob Expected XI,odds_api_io,event_id=61301267;market=Anytime Goalscorer
2026-05-21T20:25:05Z,2026-05-21T20:24:45Z,2026-05-24,,Bet365,England - Premier League,Burnley FC,Wolverhampton Wanderers,0,8875,Toluwalase Arokodare,Toluwalase Arokodare,Wolverhampton Wanderers,Burnley FC,Sub,Sub,2.75,0.363636,0.190853,5.2396,0.2118,1.2301,0.1482,0.1823,0.1823,0.0294,0.2118,1.0,,0.139,0,0.8864,0.8864,0.98,recent_long,1.0,2.0,0.5,0.0,0.0,,,1,secondary,0.0,0.0,0.0178,0,,,unknown,unknown,fotmob_expected,expected_xi,,T2,0.0,,43.5,FW,5,1.0,2,,,,,0,43.5,8,1.7595,1.0,0.8514,-0.7595,1.6295,2.0671,1.2685,0.8783,1.25,-0.475154,-47.515,model,history,1343.0,medium,monitor,no_action,,0.0,,,no_action,"history_resolver,no_xi_yet,fixture_t2",FotMob Expected XI,odds_api_io,event_id=61301269;market=Anytime Goalscorer
2026-05-21T20:25:05Z,2026-05-21T20:24:45Z,2026-05-24,,Bet365,England - Premier League,Brighton & Hove Albion,Manchester United,0,7080,Matheus Cunha,Matheus Cunha,Manchester United,Brighton & Hove Albion,AML,AML,3.25,0.307692,0.156414,6.3933,0.1701,1.3718,0.124,0.1701,0.1701,0.0,0.1701,1.0,,0.0,0,0.0,0.0,2.1,recent_long,1.0,10.0,0.1,0.0,0.0,,,1,tertiary,0.0,0.0,0.0,0,,,expected_starter,expected_starter,fotmob_expected,expected_xi,Matheus Cunha,T2,0.0,,79.7,AML,4,1.0,10,AM,4,4-2-3-1,0,0,79.7,8,2.2693,4.0,0.2918,1.7307,1.6104,1.1851,0.7359,1.3069,0.9369,-0.491655,-49.165,model,history,7622.0,medium,monitor,no_action,,0.0,,,no_action,"history_resolver,expected_xi,fixture_t2",FotMob Expected XI,odds_api_io,event_id=61301267;market=Anytime Goalscorer
2026-05-21T20:25:05Z,2026-05-21T20:24:45Z,2026-05-24,,Bet365,England - Premier League,Sunderland AFC,Chelsea FC,0,6615,Trevoh Chalobah,Trevoh Chalobah,Chelsea,Sunderland AFC,DC,DC,11.0,0.090909,0.046193,21.6481,0.0473,1.6965,0.0279,0.0473,0.0473,0.0,0.0473,1.0,,0.0,0,0.0,0.0,4.5,recent_long,0.0,8.0,0.0,0.0,0.0,,,0,none,0.0,0.0,0.0,0,,,unknown,unknown,fotmob_expected,expected_xi,,T2,0.0,,82.7,DC,1,1.0,9,,,,,0,82.7,8,0.4733,0.0,0.0672,-0.4733,1.3867,1.6978,1.2243,1.2426,1.2186,-0.491872,-49.187,model,history,3688.0,medium,monitor,no_action,,0.0,,,no_action,"history_resolver,no_xi_yet,fixture_t2",FotMob Expected XI,odds_api_io,event_id=61301281;market=Anytime Goalscorer
2026-05-21T20:25:05Z,2026-05-21T20:24:45Z,2026-05-24,,Bet365,England - Premier League,Burnley FC,Wolverhampton Wanderers,0,4419,Adam Armstrong,Adam Armstrong,Wolverhampton Wanderers,Burnley FC,FW,FW,2.75,0.363636,0.184658,5.4154,0.2041,1.2301,0.1618,0.199,0.199,0.0051,0.2041,1.0,,0.0252,0,0.085,0.085,0.8,recent_long,1.0,2.0,0.5,0.0,0.0,,,0,none,0.0,0.0,0.0034,0,,,expected_starter,expected_starter,fotmob_expected,expected_xi,Adam Armstrong,T2,0.0,,79.2,FW,5,0.7,10,FW,5,4-2-3-1,0,0,79.2,8,2.0154,1.0,0.2748,-1.0154,1.6295,2.0671,1.2685,0.8783,1.25,-0.49219,-49.219,model,history,2368.0,medium,monitor,no_action,,0.0,,,no_action,"history_resolver,expected_xi,fixture_t2",FotMob Expected XI,odds_api_io,event_id=61301269;market=Anytime Goalscorer
2026-05-21T20:25:05Z,2026-05-21T20:24:45Z,2026-05-24,,Bet365,England - Premier League,Brighton & Hove Albion,Manchester United,0,7281,Diogo Dalot,Diogo Dalot,Manchester United,Brighton & Hove Albion,DR,DR,11.0,0.090909,0.04591,21.7817,0.047,1.3718,0.0343,0.047,0.047,0.0,0.047,1.0,,0.0,0,0.0,0.0,2.18,recent_long,0.0,17.0,0.0,0.0,0.0,,,0,none,0.0,0.0,0.0,0,,,expected_starter,expected_starter,fotmob_expected,expected_xi,Diogo Dalot,T2,0.0,,79.8,DR,1,1.0,8,DEF,1,4-2-3-1,0,0,79.8,8,0.6351,0.0,0.0989,-0.6351,1.5228,1.1851,0.7782,1.3069,0.9369,-0.49499,-49.499,model,history,8606.0,medium,monitor,no_action,,0.0,,,no_action,"history_resolver,expected_xi,fixture_t2",FotMob Expected XI,odds_api_io,event_id=61301267;market=Anytime Goalscorer
2026-05-21T20:25:05Z,2026-05-21T20:24:45Z,2026-05-24,,Bet365,England - Premier League,Manchester City,Aston Villa,1,11363,Antoine Semenyo,Antoine Semenyo,Manchester City,Aston Villa,F M,F M,1.909,0.523834,0.260238,3.8426,0.3014,2.3349,0.1291,0.3014,0.3014,0.0,0.3014,1.0,,0.0,0,0.0,0.0,0.92,recent_long,0.0,7.0,0.0,0.0,0.0,,,0,none,0.0,0.0,0.0,0,,,expected_starter,expected_starter,fotmob_expected,expected_xi,Antoine Semenyo,T2,0.0,,84.5,AMR,4,0.5556,9,AM,4,4-1-4-1,0,0,84.5,8,2.1541,4.0,0.2983,1.8459,1.5384,1.4782,0.9608,1.6274,1.0979,-0.503205,-50.32,model,live_roster,5360.0,medium,monitor,no_action,,0.0,,,no_action,"live_roster_resolver,expected_xi,fixture_t2",FotMob Expected XI,odds_api_io,event_id=61301277;market=Anytime Goalscorer
2026-05-21T20:25:05Z,2026-05-21T20:24:45Z,2026-05-24,,Bet365,England - Premier League,Nottingham Forest,AFC Bournemouth,0,10747,James Hill,James Hill,Bournemouth,Nottingham Forest,DC,DC,9.5,0.105263,0.051675,19.3519,0.0531,1.8709,0.0284,0.0531,0.0531,0.0,0.0531,1.0,,0.0,0,0.0,0.0,2.35,recent_long,0.0,5.0,0.0,0.0,0.0,,,0,none,0.0,0.0,0.0,0,,,expected_starter,expected_starter,fotmob_expected,expected_xi,James Hill,T2,0.0,,90.0,DC,1,1.0,10,DEF,1,4-2-3-1,0,0,90.0,8,0.6701,0.0,0.0838,-0.6701,1.5795,1.8408,1.1654,1.3359,1.25,-0.509091,-50.909,model,history,2378.0,medium,monitor,no_action,,0.0,,,no_action,"history_resolver,expected_xi,fixture_t2",FotMob Expected XI,odds_api_io,event_id=61301279;market=Anytime Goalscorer
2026-05-21T20:25:05Z,2026-05-21T20:24:45Z,2026-05-24,,Bet365,England - Premier League,Fulham FC,Newcastle United,1,1537,Sasa Lukic,Sasa Lukic,Fulham,Newcastle United,DMC,DMC,9.0,0.111111,0.054528,18.3392,0.0561,1.6275,0.0345,0.0561,0.0561,0.0,0.0561,1.0,,0.0,0,0.0,0.0,1.48,recent_long,0.0,7.0,0.0,0.0,0.0,,,0,none,0.0,0.0,0.0,0,,,expected_starter,expected_starter,fotmob_expected,expected_xi,Sasa Lukic,T2,0.0,,78.0,DMC,2,0.8571,7,DMC,2,4-2-3-1,0,0,78.0,8,0.4448,0.0,0.0687,-0.4448,1.5466,1.8486,1.1953,0.9963,1.25,-0.509249,-50.925,model,history,5218.0,medium,monitor,no_action,,0.0,,,no_action,"history_resolver,expected_xi,fixture_t2",FotMob Expected XI,odds_api_io,event_id=61301273;market=Anytime Goalscorer
2026-05-21T20:25:05Z,2026-05-21T20:24:45Z,2026-05-24,,Bet365,England - Premier League,Sunderland AFC,Chelsea FC,0,8868,Liam Delap,Liam Delap,Chelsea,Sunderland AFC,Sub,Sub,2.875,0.347826,0.169745,5.8912,0.186,1.6965,0.1097,0.186,0.186,0.0,0.186,1.0,,0.0,0,0.0,0.0,4.19,recent_long,2.0,10.0,0.2,0.0,0.0,,,0,none,0.0,0.0,0.0,0,,,expected_starter,expected_starter,fotmob_expected,expected_xi,Liam Delap,T2,0.0,,78.0,FW,5,1.0,2,FW,5,4-2-3-1,0,0,78.0,8,0.7905,0.0,0.2747,-0.7905,1.3867,1.6978,1.2243,1.2426,1.2186,-0.511983,-51.198,model,history,3643.0,medium,monitor,no_action,,0.0,,,no_action,"history_resolver,expected_xi,fixture_t2",FotMob Expected XI,odds_api_io,event_id=61301281;market=Anytime Goalscorer
2026-05-21T20:25:05Z,2026-05-21T20:24:45Z,2026-05-24,,Bet365,England - Premier League,Fulham FC,Newcastle United,0,7382,Dan Burn,Dan Burn,Newcastle United,Fulham FC,Sub,Sub,10.0,0.1,0.048442,20.6434,0.0497,1.7296,0.0287,0.0497,0.0497,0.0,0.0497,1.0,,0.0,0,0.0,0.0,2.53,recent_long,0.0,20.0,0.0,0.0,0.0,,,0,none,0.0,0.0,0.0,0,,,unknown,unknown,fotmob_expected,expected_xi,,T2,0.0,,64.4,DC,1,0.5714,7,,,,,0,64.4,8,0.7799,1.0,0.1447,0.2201,1.432,1.7964,1.2545,1.235,1.25,-0.515584,-51.558,model,history,8209.0,medium,monitor,no_action,,0.0,,,no_action,"history_resolver,no_xi_yet,fixture_t2",FotMob Expected XI,odds_api_io,event_id=61301273;market=Anytime Goalscorer
2026-05-21T20:25:05Z,2026-05-21T20:24:45Z,2026-05-24,,Bet365,England - Premier League,Nottingham Forest,AFC Bournemouth,0,825,Adam Smith,Adam Smith,Bournemouth,Nottingham Forest,DR,DR,13.0,0.076923,0.036727,27.2277,0.0374,1.8709,0.02,0.0374,0.0374,0.0,0.0374,1.0,,0.0,0,0.0,0.0,2.54,recent_long,0.0,12.0,0.0,0.0,0.0,,,0,none,0.0,0.0,0.0,0,,,expected_starter,expected_starter,fotmob_expected,expected_xi,Adam Smith,T2,0.0,,78.0,DR,1,1.0,4,DEF,1,4-2-3-1,0,0,78.0,8,0.0,0.0,0.0,0.0,1.2809,1.8408,1.4372,1.3359,1.25,-0.522545,-52.254,model,history,4709.0,medium,monitor,no_action,,0.0,,,no_action,"history_resolver,expected_xi,fixture_t2",FotMob Expected XI,odds_api_io,event_id=61301279;market=Anytime Goalscorer
2026-05-21T20:25:05Z,2026-05-21T20:24:45Z,2026-05-24,,Bet365,England - Premier League,Liverpool FC,Brentford FC,0,7166,Mathias Jensen,Mathias Jensen,Brentford,Liverpool FC,AMC,AMC,9.5,0.105263,0.050205,19.9182,0.0515,1.5423,0.0334,0.0515,0.0515,0.0,0.0515,1.0,,0.0,0,0.0,0.0,3.35,recent_long,0.0,15.0,0.0,0.0,0.0,,,0,none,0.0,0.0,0.0,0,,,expected_starter,expected_starter,fotmob_expected,expected_xi,Mathias Jensen,T2,0.0,,87.4,DMC,2,0.6,10,AM,4,4-2-3-1,2,0,87.4,8,0.2412,1.0,0.0311,0.7588,1.4715,1.5344,1.0428,1.2196,1.1288,-0.523048,-52.305,model,history,5285.0,medium,monitor,no_action,,0.0,,,no_action,"history_resolver,expected_xi,fixture_t2",FotMob Expected XI,odds_api_io,event_id=61301275;market=Anytime Goalscorer
2026-05-21T20:25:05Z,2026-05-21T20:24:45Z,2026-05-24,,Bet365,England - Premier League,Nottingham Forest,AFC Bournemouth,0,14395,Rayan Vitor,Rayan Vitor,Bournemouth,Nottingham Forest,AMR,AMR,3.0,0.333333,0.155989,6.4107,0.1696,1.8709,0.0906,0.1696,0.1696,0.0,0.1696,1.0,,0.0,0,0.0,0.0,1.67,recent_long,0.0,2.0,0.0,0.0,0.0,,,0,none,0.0,0.0,0.0,0,,,expected_starter,expected_starter,fotmob_expected,expected_xi,Rayan,T2,0.0,,78.0,AMR,4,0.8889,9,AM,4,4-2-3-1,0,0,78.0,8,1.3644,3.0,0.204,1.6356,1.5795,1.8408,1.1654,1.3359,1.25,-0.532033,-53.203,model,history,983.0,medium,monitor,no_action,,0.0,,,no_action,"history_resolver,expected_xi,fixture_t2",FotMob Expected XI,odds_api_io,event_id=61301279;market=Anytime Goalscorer
2026-05-21T20:25:05Z,2026-05-21T20:24:45Z,2026-05-24,,Bet365,England - Premier League,Crystal Palace,Arsenal FC,1,10760,Brennan Johnson,Brennan Johnson,Crystal Palace,Arsenal FC,D F M S,D F M S,4.75,0.210526,0.098163,10.1871,0.1033,1.4526,0.0711,0.1033,0.1033,0.0,0.1033,1.0,,0.0,0,0.0,0.0,2.76,recent_long,0.0,4.0,0.0,0.0,0.0,,,0,none,0.0,0.0,0.0,0,,,unknown,unknown,none,none,,T2,1.0,no_lineup_payload,59.4,FWR,5,1.0,7,,,,,0,59.4,8,1.2744,2.0,0.2543,0.7256,1.2706,1.3,1.0231,1.1116,1.0,-0.533725,-53.372,model,live_roster,2178.0,medium,monitor,no_action,,0.0,,,no_action,"live_roster_resolver,fixture_t2",,odds_api_io,event_id=61301271;market=Anytime Goalscorer
2026-05-21T20:25:05Z,2026-05-21T20:24:45Z,2026-05-24,,Bet365,England - Premier League,Manchester City,Aston Villa,0,7723,John McGinn,John McGinn,Aston Villa,Manchester City,AMR,AMR,6.0,0.166667,0.076568,13.0603,0.0797,1.3099,0.0608,0.0797,0.0797,0.0,0.0797,1.0,,0.0,0,0.0,0.0,0.23,recent_long,0.0,9.0,0.0,0.0,0.0,,,0,none,0.0,0.0,0.0,0,,,expected_starter,expected_starter,fotmob_expected,expected_xi,John McGinn,T2,0.0,,78.0,AMR,4,0.7,10,AM,4,4-2-3-1,0,0,78.0,8,0.5436,2.0,0.0852,1.4564,1.7791,1.1747,0.6603,1.2556,0.9312,-0.540592,-54.059,model,history,7520.0,medium,monitor,no_action,,0.0,,,no_action,"history_resolver,expected_xi,fixture_t2",FotMob Expected XI,odds_api_io,event_id=61301277;market=Anytime Goalscorer
2026-05-21T20:25:05Z,2026-05-21T20:24:45Z,2026-05-24,,Bet365,England - Premier League,West Ham United,Leeds United,1,885,Kyle Walker-Peters,Kyle Walker-Peters,West Ham,Leeds United,DR,DR,15.0,0.066667,0.030441,32.8504,0.0309,1.5111,0.0205,0.0309,0.0309,0.0,0.0309,1.0,,0.0,0,0.0,0.0,0.9,recent_long,0.0,4.0,0.0,0.0,0.0,,,0,none,0.0,0.0,0.0,0,,,unknown,unknown,fotmob_expected,expected_xi,,T2,0.0,,60.2,DR,1,1.0,8,,,,,0,60.2,8,0.0587,0.0,0.0102,-0.0587,1.5334,1.4427,0.9409,1.0722,1.0784,-0.543385,-54.339,model,history,4209.0,medium,monitor,no_action,,0.0,,,no_action,"history_resolver,no_xi_yet,fixture_t2",FotMob Expected XI,odds_api_io,event_id=61301285;market=Anytime Goalscorer
2026-05-21T20:25:05Z,2026-05-21T20:24:45Z,2026-05-24,,Bet365,England - Premier League,Tottenham Hotspur,Everton FC,1,9040,Conor Gallagher,Conor Gallagher,Tottenham,Everton FC,AMC,AMC,4.75,0.210526,0.096038,10.4126,0.101,1.6279,0.062,0.101,0.101,0.0,0.101,1.0,,0.0,0,0.0,0.0,0.23,recent_long,0.0,3.0,0.0,0.0,0.0,,,0,none,0.0,0.0,0.0,0,,,expected_starter,expected_starter,fotmob_expected,expected_xi,Conor Gallagher,T2,0.0,,78.0,MC,3,0.375,8,AM,4,4-2-3-1,1,0,78.0,8,0.1906,1.0,0.031,0.8094,1.6607,1.6658,1.0031,1.0372,1.201,-0.543821,-54.382,model,history,4223.0,medium,monitor,no_action,,0.0,,,no_action,"history_resolver,expected_xi,fixture_t2",FotMob Expected XI,odds_api_io,event_id=61301283;market=Anytime Goalscorer
2026-05-21T20:25:05Z,2026-05-21T20:24:45Z,2026-05-24,,Bet365,England - Premier League,Liverpool FC,Brentford FC,1,6665,Curtis Jones,Curtis Jones,Liverpool,Brentford FC,AMR,AMR,5.5,0.181818,0.082941,12.0568,0.0866,1.9542,0.0443,0.0866,0.0866,0.0,0.0866,1.0,,0.0,0,0.0,0.0,0.42,recent_long,0.0,14.0,0.0,0.0,0.0,,,0,none,0.0,0.0,0.0,0,,,expected_starter,expected_starter,fotmob_expected,expected_xi,Curtis Jones,T2,0.0,,78.0,DR,1,0.5714,7,AM,4,4-2-3-1,3,0,78.0,8,0.137,0.0,0.0204,-0.137,1.4806,1.6949,1.1447,1.2288,1.217,-0.543824,-54.382,model,history,4691.0,medium,monitor,no_action,,0.0,,,no_action,"history_resolver,expected_xi,fixture_t2",FotMob Expected XI,odds_api_io,event_id=61301275;market=Anytime Goalscorer
2026-05-21T20:25:05Z,2026-05-21T20:24:45Z,2026-05-24,,Bet365,England - Premier League,West Ham United,Leeds United,1,5584,Aaron Wan-Bissaka,Aaron Wan-Bissaka,West Ham,Leeds United,DMR,DMR,15.0,0.066667,0.029769,33.592,0.0302,1.5111,0.02,0.0302,0.0302,0.0,0.0302,1.0,,0.0,0,0.0,0.0,0.51,recent_long,0.0,7.0,0.0,0.0,0.0,,,0,none,0.0,0.0,0.0,0,,,expected_starter,expected_starter,fotmob_expected,expected_xi,Aaron Wan-Bissaka,T2,0.0,,81.7,DR,1,0.6667,9,MID,3,3-4-2-1,2,0,81.7,8,0.0,0.0,0.0,0.0,1.4727,1.4427,0.9797,1.0722,1.0784,-0.553465,-55.347,model,history,7033.0,medium,monitor,no_action,,0.0,,,no_action,"history_resolver,expected_xi,fixture_t2",FotMob Expected XI,odds_api_io,event_id=61301285;market=Anytime Goalscorer
2026-05-21T20:25:05Z,2026-05-21T20:24:45Z,2026-05-24,,Bet365,England - Premier League,West Ham United,Leeds United,1,12948,Mateus Fernandes,Mateus Fernandes,West Ham,Leeds United,MC,MC,6.0,0.166667,0.074394,13.4419,0.0773,1.5111,0.0512,0.0773,0.0773,0.0,0.0773,1.0,,0.0,0,0.0,0.0,0.87,recent_long,0.0,5.0,0.0,0.0,0.0,,,0,none,0.0,0.0,0.0,0,,,expected_starter,expected_starter,fotmob_expected,expected_xi,Mateus Fernandes,T2,0.0,,89.8,MC,3,1.0,10,MID,3,3-4-2-1,0,0,89.8,8,0.7613,0.0,0.0956,-0.7613,1.4727,1.4427,0.9797,1.0722,1.0784,-0.553633,-55.363,model,history,5918.0,medium,monitor,no_action,,0.0,,,no_action,"history_resolver,expected_xi,fixture_t2",FotMob Expected XI,odds_api_io,event_id=61301285;market=Anytime Goalscorer
2026-05-21T20:25:05Z,2026-05-21T20:24:45Z,2026-05-24,,Bet365,England - Premier League,Crystal Palace,Arsenal FC,1,12408,Daniel Munoz,Daniel Munoz,Crystal Palace,Arsenal FC,DMR,DMR,7.5,0.133333,0.058554,17.0783,0.0603,1.4526,0.0415,0.0603,0.0603,0.0,0.0603,1.0,,0.0,0,0.0,0.0,3.98,recent_long,0.0,12.0,0.0,0.0,0.0,,,0,none,0.0,0.0,0.0,0,,,unknown,unknown,none,none,,T2,1.0,no_lineup_payload,80.1,DMR,2,0.9,10,,,,,0,80.1,8,0.8905,1.0,0.1347,0.1095,1.5014,1.3,0.8658,1.1116,1.0,-0.560845,-56.084,model,history,7045.0,medium,monitor,no_action,,0.0,,,no_action,"history_resolver,no_xi_yet,fixture_t2",,odds_api_io,event_id=61301271;market=Anytime Goalscorer
2026-05-21T20:25:05Z,2026-05-21T20:24:45Z,2026-05-24,,Bet365,England - Premier League,Brighton & Hove Albion,Manchester United,1,13066,Ferdi Kadioglu,Ferdi Kadioglu,Brighton,Manchester United,AMR,AMR,6.0,0.166667,0.073124,13.6754,0.0759,1.6264,0.0467,0.0759,0.0759,0.0,0.0759,1.0,,0.0,0,0.0,0.0,0.89,recent_long,0.0,4.0,0.0,0.0,0.0,,,0,none,0.0,0.0,0.0,0,,,expected_starter,expected_starter,fotmob_expected,expected_xi,Ferdi Kadioglu,T2,0.0,,90.0,DL,1,0.8,10,AM,4,4-2-3-1,3,1,90.0,8,0.7205,1.0,0.0901,0.2795,1.742,1.3153,0.7551,1.2342,1.0084,-0.561256,-56.126,model,history,3456.0,medium,monitor,no_action,,0.0,,,no_action,"history_resolver,expected_xi,fixture_t2",FotMob Expected XI,odds_api_io,event_id=61301267;market=Anytime Goalscorer
2026-05-21T20:25:05Z,2026-05-21T20:24:45Z,2026-05-24,,Bet365,England - Premier League,Tottenham Hotspur,Everton FC,1,9780,Mathys Tel,Mathys Tel,Tottenham,Everton FC,AML,AML,3.0,0.333333,0.145756,6.8608,0.1575,1.6279,0.0868,0.1413,0.1413,0.0163,0.1575,1.0,,0.1032,0,0.7261,0.118,0.27,recent_long,1.0,2.0,0.5,0.0,0.0,,,1,secondary,0.74,12.0,0.0159,1,Dominic Solanke,secondary,expected_starter,expected_starter,fotmob_expected,expected_xi,Mathys Tel,T2,0.0,,78.0,ML,3,0.4,5,AM,4,4-2-3-1,1,0,78.0,8,0.5651,1.0,0.1005,0.4349,1.6607,1.6658,1.0031,1.0372,1.201,-0.562733,-56.273,model,history,2076.0,medium,monitor,no_action,,0.0,,,no_action,"history_resolver,expected_xi,fixture_t2",FotMob Expected XI,odds_api_io,event_id=61301283;market=Anytime Goalscorer
2026-05-21T20:25:05Z,2026-05-21T20:24:45Z,2026-05-24,,Bet365,England - Premier League,Sunderland AFC,Chelsea FC,0,10552,Alejandro Garnacho,Alejandro Garnacho,Chelsea,Sunderland AFC,Sub,Sub,3.75,0.266667,0.11654,8.5807,0.1239,1.6965,0.073,0.1239,0.1239,0.0,0.1239,1.0,,0.0,0,0.0,0.0,2.5,recent_long,0.0,12.0,0.0,0.0,0.0,,,0,none,0.0,0.0,0.0,0,,,unknown,unknown,fotmob_expected,expected_xi,,T2,0.0,,54.2,AML,4,0.5,4,,,,,0,54.2,8,1.0152,0.0,0.2367,-1.0152,1.2817,1.6978,1.3246,1.2426,1.2186,-0.562974,-56.297,model,history,6061.0,medium,monitor,no_action,,0.0,,,no_action,"history_resolver,no_xi_yet,fixture_t2",FotMob Expected XI,odds_api_io,event_id=61301281;market=Anytime Goalscorer
2026-05-21T20:25:05Z,2026-05-21T20:24:45Z,2026-05-24,,Bet365,England - Premier League,Brighton & Hove Albion,Manchester United,0,1006,Luke Shaw,Luke Shaw,Manchester United,Brighton & Hove Albion,DL,DL,17.0,0.058824,0.025479,39.2475,0.0258,1.3718,0.0188,0.0258,0.0258,0.0,0.0258,1.0,,0.0,0,0.0,0.0,1.9,recent_long,0.0,8.0,0.0,0.0,0.0,,,0,none,0.0,0.0,0.0,0,,,expected_starter,expected_starter,fotmob_expected,expected_xi,Luke Shaw,T2,0.0,,84.0,DL,1,1.0,10,DEF,1,4-2-3-1,0,0,84.0,8,0.2067,1.0,0.0264,0.7933,1.6104,1.1851,0.7359,1.3069,0.9369,-0.566851,-56.685,model,history,4512.0,medium,monitor,no_action,,0.0,,,no_action,"history_resolver,expected_xi,fixture_t2",FotMob Expected XI,odds_api_io,event_id=61301267;market=Anytime Goalscorer
2026-05-21T20:25:05Z,2026-05-21T20:24:45Z,2026-05-24,,Bet365,England - Premier League,West Ham United,Leeds United,1,468,Callum Wilson,Callum Wilson,West Ham,Leeds United,FW,FW,2.4,0.416667,0.180446,5.5418,0.199,1.5111,0.1317,0.199,0.199,0.0,0.199,1.0,,0.0,0,0.0,0.0,1.28,recent_long,2.0,11.0,0.1818,0.0,0.0,,,1,secondary,0.0,0.0,0.0,0,,,expected_starter,expected_starter,fotmob_expected,expected_xi,Callum Wilson,T2,0.0,,78.0,FW,5,1.0,2,FW,5,3-4-2-1,0,0,78.0,8,1.427,1.0,0.5307,-0.427,1.4727,1.4427,0.9797,1.0722,1.0784,-0.56693,-56.693,model,history,2463.0,medium,monitor,no_action,,0.0,,,no_action,"history_resolver,expected_xi,fixture_t2",FotMob Expected XI,odds_api_io,event_id=61301285;market=Anytime Goalscorer
2026-05-21T20:25:05Z,2026-05-21T20:24:45Z,2026-05-24,,Bet365,England - Premier League,Fulham FC,Newcastle United,1,7230,Emile Smith Rowe,Emile Smith Rowe,Fulham,Newcastle United,AMC,AMC,3.2,0.3125,0.134344,7.4436,0.1443,1.6275,0.0886,0.1443,0.1443,0.0,0.1443,1.0,,0.0,0,0.0,0.0,3.05,recent_long,0.0,14.0,0.0,0.0,0.0,,,0,none,0.0,0.0,0.0,0,,,expected_starter,expected_starter,fotmob_expected,expected_xi,Emile Smith Rowe,T2,0.0,,78.0,AMC,4,1.0,7,AM,4,4-2-3-1,0,0,78.0,8,0.6797,0.0,0.1394,-0.6797,1.5466,1.8486,1.1953,0.9963,1.25,-0.5701,-57.01,model,history,4282.0,medium,monitor,no_action,,0.0,,,no_action,"history_resolver,expected_xi,fixture_t2",FotMob Expected XI,odds_api_io,event_id=61301273;market=Anytime Goalscorer
2026-05-21T20:25:05Z,2026-05-21T20:24:45Z,2026-05-24,,Bet365,England - Premier League,Tottenham Hotspur,Everton FC,1,5261,Kevin Danso,Kevin Danso,Tottenham,Everton FC,DC,DC,12.0,0.083333,0.035801,27.9321,0.0365,1.6279,0.0224,0.0365,0.0365,0.0,0.0365,1.0,,0.0,0,0.0,0.0,0.43,recent_long,0.0,2.0,0.0,0.0,0.0,,,0,none,0.0,0.0,0.0,0,,,expected_starter,expected_starter,fotmob_expected,expected_xi,Kevin Danso,T2,0.0,,78.0,DC,1,1.0,8,DEF,1,4-2-3-1,0,0,78.0,8,0.3742,0.0,0.0521,-0.3742,1.6607,1.6658,1.0031,1.0372,1.201,-0.570387,-57.039,model,history,2149.0,medium,monitor,no_action,,0.0,,,no_action,"history_resolver,expected_xi,fixture_t2",FotMob Expected XI,odds_api_io,event_id=61301283;market=Anytime Goalscorer
2026-05-21T20:25:05Z,2026-05-21T20:24:45Z,2026-05-24,,Bet365,England - Premier League,Tottenham Hotspur,Everton FC,0,12916,Thierno Barry,Thierno Barry,Everton,Tottenham Hotspur,Sub,Sub,3.6,0.277778,0.11803,8.4724,0.1256,1.4729,0.0853,0.1256,0.1256,0.0,0.1256,1.0,,0.0,0,0.0,0.0,0.66,recent_long,0.0,2.0,0.0,0.0,0.0,,,1,tertiary,0.0,0.0,0.0,0,,,unknown,unknown,fotmob_expected,expected_xi,,T2,0.0,,38.2,FW,5,1.0,1,,,,,0,38.2,8,1.5304,2.0,0.7064,0.4696,1.5013,1.59,1.059,1.134,1.1593,-0.575092,-57.509,model,history,1832.0,medium,monitor,no_action,,0.0,,,no_action,"history_resolver,no_xi_yet,fixture_t2",FotMob Expected XI,odds_api_io,event_id=61301283;market=Anytime Goalscorer
2026-05-21T20:25:05Z,2026-05-21T20:24:45Z,2026-05-24,,Bet365,England - Premier League,West Ham United,Leeds United,0,7791,Sebastiaan Bornauw,Sebastiaan Bornauw,Leeds,West Ham United,DC,DC,15.0,0.066667,0.028184,35.4812,0.0286,1.4294,0.02,0.0286,0.0286,0.0,0.0286,1.0,,0.0,0,0.0,0.0,3.09,recent_long,0.0,4.0,0.0,0.0,0.0,,,0,none,0.0,0.0,0.0,0,,,expected_starter,expected_starter,fotmob_expected,expected_xi,Sebastiaan Bornauw,T2,0.0,,78.0,DC,1,1.0,5,DEF,1,3-4-2-1,0,0,78.0,8,0.0,0.0,0.0,0.0,1.488,1.5434,1.0372,1.1254,1.1337,-0.577241,-57.724,model,history,437.0,low,suppress,no_action,,0.0,,,no_action,"history_lt_500,fixture_t2",FotMob Expected XI,odds_api_io,event_id=61301285;market=Anytime Goalscorer
2026-05-21T20:25:05Z,2026-05-21T20:24:45Z,2026-05-24,,Bet365,England - Premier League,Brighton & Hove Albion,Manchester United,1,13364,Diego Gomez,Diego Gomez,Brighton,Manchester United,Sub,Sub,2.875,0.347826,0.141982,7.0432,0.1531,1.6264,0.0942,0.1531,0.1531,0.0,0.1531,1.0,,0.0,0,0.0,0.0,1.82,recent_long,0.0,11.0,0.0,0.0,0.0,,,0,none,0.0,0.0,0.0,0,,,unknown,unknown,fotmob_expected,expected_xi,,T2,0.0,,69.0,AMR,4,0.75,8,,,,,0,69.0,8,1.5442,2.0,0.2464,0.4558,1.7709,1.3153,0.7427,1.2342,1.0084,-0.591803,-59.18,model,history,2611.0,medium,monitor,no_action,,0.0,,,no_action,"history_resolver,no_xi_yet,fixture_t2",FotMob Expected XI,odds_api_io,event_id=61301267;market=Anytime Goalscorer
2026-05-21T20:25:05Z,2026-05-21T20:24:45Z,2026-05-24,,Bet365,England - Premier League,Nottingham Forest,AFC Bournemouth,1,8401,Luca Netz,Luca Netz,Nottingham Forest,AFC Bournemouth,DL,DL,13.0,0.076923,0.031399,31.8482,0.0319,1.5951,0.02,0.0319,0.0319,0.0,0.0319,1.0,,0.0,0,0.0,0.0,0.88,recent_long,0.0,1.0,0.0,0.0,0.0,,,0,none,0.0,0.0,0.0,0,,,expected_starter,expected_starter,fotmob_expected,expected_xi,Luca Netz,T2,0.0,,78.0,DL,1,0.6667,3,DEF,1,4-4-2,0,0,78.0,6,0.0,0.0,0.0,0.0,1.5979,1.5281,0.9563,1.0847,1.1253,-0.591814,-59.181,model,history,325.0,low,suppress,no_action,,0.0,,,no_action,"history_lt_500,fixture_t2",FotMob Expected XI,odds_api_io,event_id=61301279;market=Anytime Goalscorer
2026-05-21T20:25:05Z,2026-05-21T20:24:45Z,2026-05-24,,Bet365,England - Premier League,Brighton & Hove Albion,Manchester United,0,8127,Amad Diallo,Amad Diallo,Manchester United,Brighton & Hove Albion,AMR,AMR,4.333,0.230787,0.092304,10.8338,0.0968,1.3718,0.0706,0.0968,0.0968,0.0,0.0968,1.0,,0.0,0,0.0,0.0,2.2,recent_long,0.0,11.0,0.0,0.0,0.0,,,0,none,0.0,0.0,0.0,0,,,expected_starter,expected_starter,fotmob_expected,expected_xi,Amad Diallo,T2,0.0,,78.0,AMR,4,0.8333,6,AM,4,4-2-3-1,0,0,78.0,8,1.0356,0.0,0.1824,-1.0356,1.6104,1.1851,0.7359,1.3069,0.9369,-0.600049,-60.005,model,history,4513.0,medium,monitor,no_action,,0.0,,,no_action,"history_resolver,expected_xi,fixture_t2",FotMob Expected XI,odds_api_io,event_id=61301267;market=Anytime Goalscorer
2026-05-21T20:25:05Z,2026-05-21T20:24:45Z,2026-05-24,,Bet365,England - Premier League,Nottingham Forest,AFC Bournemouth,1,8204,Neco Williams,Neco Williams,Nottingham Forest,AFC Bournemouth,DR,DR,8.5,0.117647,0.046347,21.5763,0.0475,1.5951,0.0298,0.0475,0.0475,0.0,0.0475,1.0,,0.0,0,0.0,0.0,1.49,recent_long,0.0,7.0,0.0,0.0,0.0,,,0,none,0.0,0.0,0.0,0,,,expected_starter,expected_starter,fotmob_expected,expected_xi,Neco Williams,T2,0.0,,82.0,DL,1,0.7778,9,DEF,1,4-4-2,0,0,82.0,8,0.4804,1.0,0.0644,0.5196,1.5979,1.5281,0.9563,1.0847,1.1253,-0.606048,-60.605,model,history,7314.0,medium,monitor,no_action,,0.0,,,no_action,"history_resolver,expected_xi,fixture_t2",FotMob Expected XI,odds_api_io,event_id=61301279;market=Anytime Goalscorer
2026-05-21T20:25:05Z,2026-05-21T20:24:45Z,2026-05-24,,Bet365,England - Premier League,Brighton & Hove Albion,Manchester United,1,12759,Yankuba Minteh,Yankuba Minteh,Brighton,Manchester United,AML,AML,3.1,0.322581,0.126663,7.8949,0.1354,1.6264,0.0833,0.1354,0.1354,0.0,0.1354,1.0,,0.0,0,0.0,0.0,1.71,recent_long,0.0,12.0,0.0,0.0,0.0,,,0,none,0.0,0.0,0.0,0,,,expected_starter,expected_starter,fotmob_expected,expected_xi,Yankuba Minteh,T2,0.0,,78.0,AML,4,0.625,8,AM,4,4-2-3-1,0,0,78.0,8,1.6851,2.0,0.2227,0.3149,1.742,1.3153,0.7551,1.2342,1.0084,-0.607343,-60.734,model,history,4201.0,medium,monitor,no_action,,0.0,,,no_action,"history_resolver,expected_xi,fixture_t2",FotMob Expected XI,odds_api_io,event_id=61301267;market=Anytime Goalscorer
2026-05-21T20:25:05Z,2026-05-21T20:24:45Z,2026-05-24,,Bet365,England - Premier League,Sunderland AFC,Chelsea FC,0,6382,Pedro Neto,Pedro Neto,Chelsea,Sunderland AFC,MR,MR,3.4,0.294118,0.115277,8.6748,0.1225,1.6965,0.0722,0.1225,0.1225,0.0,0.1225,1.0,,0.0,0,0.0,0.0,3.83,recent_long,0.0,14.0,0.0,0.0,0.0,,,0,none,0.0,0.0,0.0,0,,,expected_starter,expected_starter,fotmob_expected,expected_xi,Pedro Neto,T2,0.0,,78.4,AML,4,0.625,8,AM,4,4-2-3-1,0,0,78.4,8,0.991,0.0,0.1441,-0.991,1.2817,1.6978,1.3246,1.2426,1.2186,-0.608058,-60.806,model,history,6271.0,medium,monitor,no_action,,0.0,,,no_action,"history_resolver,expected_xi,fixture_t2",FotMob Expected XI,odds_api_io,event_id=61301281;market=Anytime Goalscorer
2026-05-21T20:25:05Z,2026-05-21T20:24:45Z,2026-05-24,,Bet365,England - Premier League,Burnley FC,Wolverhampton Wanderers,1,11704,Hjalmar Ekdal,Hjalmar Ekdal,Burnley,Wolverhampton Wanderers,DC,DC,12.0,0.083333,0.032425,30.8401,0.033,1.3748,0.024,0.033,0.033,0.0,0.033,1.0,,0.0,0,0.0,0.0,0.54,recent_long,0.0,1.0,0.0,0.0,0.0,,,0,none,0.0,0.0,0.0,0,,,unknown,unknown,fotmob_expected,expected_xi,,T2,0.0,,80.3,DC,1,1.0,9,,,,,0,80.3,8,0.129,0.0,0.018,-0.129,1.4699,1.9433,1.3221,0.8416,1.25,-0.610896,-61.089,model,history,1985.0,medium,monitor,no_action,,0.0,,,no_action,"history_resolver,no_xi_yet,fixture_t2",FotMob Expected XI,odds_api_io,event_id=61301269;market=Anytime Goalscorer
2026-05-21T20:25:05Z,2026-05-21T20:24:45Z,2026-05-24,,Bet365,England - Premier League,Manchester City,Aston Villa,1,11763,Abduqodir Khusanov,Abduqodir Khusanov,Manchester City,Aston Villa,DC,DC,9.5,0.105263,0.040435,24.7308,0.0413,2.3349,0.0177,0.0413,0.0413,0.0,0.0413,1.0,,0.0,0,0.0,0.0,1.31,recent_long,0.0,3.0,0.0,0.0,0.0,,,0,none,0.0,0.0,0.0,0,,,expected_starter,expected_starter,fotmob_expected,expected_xi,Abdukodir Khusanov,T2,0.0,,78.0,DC,1,1.0,7,DEF,1,4-1-4-1,0,0,78.0,8,0.5638,0.0,0.0863,-0.5638,1.734,1.4782,0.8525,1.6274,1.0979,-0.615863,-61.586,model,history,1837.0,medium,monitor,no_action,,0.0,,,no_action,"history_resolver,expected_xi,fixture_t2",FotMob Expected XI,odds_api_io,event_id=61301277;market=Anytime Goalscorer
2026-05-21T20:25:05Z,2026-05-21T20:24:45Z,2026-05-24,,Bet365,England - Premier League,Fulham FC,Newcastle United,0,10216,Lewis Hall,Lewis Hall,Newcastle United,Fulham FC,DL,DL,10.0,0.1,0.037913,26.3764,0.0387,1.7296,0.0223,0.0387,0.0387,0.0,0.0387,1.0,,0.0,0,0.0,0.0,2.37,recent_long,0.0,14.0,0.0,0.0,0.0,,,0,none,0.0,0.0,0.0,0,,,expected_starter,expected_starter,fotmob_expected,expected_xi,Lewis Hall,T2,0.0,,78.0,DL,1,0.8889,9,DEF,1,4-2-3-1,0,0,78.0,8,0.378,0.0,0.0561,-0.378,1.432,1.7964,1.2545,1.235,1.25,-0.620873,-62.087,model,history,5022.0,medium,monitor,no_action,,0.0,,,no_action,"history_resolver,expected_xi,fixture_t2",FotMob Expected XI,odds_api_io,event_id=61301273;market=Anytime Goalscorer
2026-05-21T20:25:05Z,2026-05-21T20:24:45Z,2026-05-24,,Bet365,England - Premier League,Burnley FC,Wolverhampton Wanderers,0,11384,Joao Gomes,Joao Gomes,Wolverhampton Wanderers,Burnley FC,DMC,DMC,6.0,0.166667,0.062143,16.0918,0.0642,1.2301,0.0522,0.0642,0.0642,0.0,0.0642,1.0,,0.0,0,0.0,0.0,0.94,recent_long,0.0,6.0,0.0,0.0,0.0,,,0,none,0.0,0.0,0.0,0,,,expected_starter,expected_starter,fotmob_expected,expected_xi,João Gomes,T2,0.0,,84.1,MC,3,0.8889,9,DMC,2,4-2-3-1,-1,0,84.1,8,0.1234,0.0,0.0155,-0.1234,1.6295,2.0671,1.2685,0.8783,1.25,-0.627139,-62.714,model,history,8569.0,medium,monitor,no_action,,0.0,,,no_action,"history_resolver,expected_xi,fixture_t2",FotMob Expected XI,odds_api_io,event_id=61301269;market=Anytime Goalscorer
2026-05-21T20:25:05Z,2026-05-21T20:24:45Z,2026-05-24,,Bet365,England - Premier League,Tottenham Hotspur,Everton FC,1,10764,Djed Spence,Djed Spence,Tottenham,Everton FC,Sub,Sub,12.0,0.083333,0.030927,32.3341,0.0314,1.6279,0.0193,0.0314,0.0314,0.0,0.0314,1.0,,0.0,0,0.0,0.0,0.39,recent_long,0.0,3.0,0.0,0.0,0.0,,,0,none,0.0,0.0,0.0,0,,,unknown,unknown,fotmob_expected,expected_xi,,T2,0.0,,58.9,DL,1,0.5,6,,,,,0,58.9,8,0.0741,0.0,0.0155,-0.0741,1.6607,1.6658,1.0031,1.0372,1.201,-0.628875,-62.887,model,history,3742.0,medium,monitor,no_action,,0.0,,,no_action,"history_resolver,no_xi_yet,fixture_t2",FotMob Expected XI,odds_api_io,event_id=61301283;market=Anytime Goalscorer
2026-05-21T20:25:05Z,2026-05-21T20:24:45Z,2026-05-24,,Bet365,England - Premier League,Crystal Palace,Arsenal FC,1,5735,Jean-Philippe Mateta,Jean-Philippe Mateta,Crystal Palace,Arsenal FC,Sub,Sub,2.6,0.384615,0.142645,7.0104,0.1539,1.4526,0.0808,0.1173,0.1173,0.0366,0.1539,1.0,,0.2378,0,0.394,0.3687,3.08,recent_long,8.0,14.0,0.5714,0.0,0.0,,,1,primary,0.42,3.0,0.0136,0,,,unknown,unknown,none,none,,T2,1.0,no_lineup_payload,54.4,FW,5,1.0,4,,,,,0,54.4,8,1.8909,2.0,0.6144,0.1091,1.5014,1.3,0.8658,1.1116,1.0,-0.629123,-62.912,model,history,7208.0,medium,monitor,no_action,,0.0,,,no_action,"history_resolver,no_xi_yet,fixture_t2",,odds_api_io,event_id=61301271;market=Anytime Goalscorer
2026-05-21T20:25:05Z,2026-05-21T20:24:45Z,2026-05-24,,Bet365,England - Premier League,Burnley FC,Wolverhampton Wanderers,1,11243,Bashir Humphreys,Bashir Humphreys,Burnley,Wolverhampton Wanderers,Sub,Sub,12.0,0.083333,0.030868,32.396,0.0314,1.3748,0.0228,0.0314,0.0314,0.0,0.0314,1.0,,0.0,0,0.0,0.0,0.0,none,0.0,0.0,0.0,0.0,0.0,,,0,none,0.0,0.0,0.0,0,,,unknown,unknown,fotmob_expected,expected_xi,,T2,0.0,,79.7,DC,1,0.6667,9,,,,,0,79.7,8,0.3272,0.0,0.048,-0.3272,1.2506,1.9433,1.5539,0.8416,1.25,-0.629584,-62.958,model,history,1495.0,medium,monitor,no_action,,0.0,,,no_action,"history_resolver,no_xi_yet,fixture_t2",FotMob Expected XI,odds_api_io,event_id=61301269;market=Anytime Goalscorer
2026-05-21T20:25:05Z,2026-05-21T20:24:45Z,2026-05-24,,Bet365,England - Premier League,Sunderland AFC,Chelsea FC,0,11253,Mamadou Sarr,Mamadou Sarr,Chelsea,Sunderland AFC,DC,DC,11.0,0.090909,0.033309,30.0215,0.0339,1.6965,0.02,0.0339,0.0339,0.0,0.0339,1.0,,0.0,0,0.0,0.0,0.0,none,0.0,0.0,0.0,0.0,0.0,,,0,none,0.0,0.0,0.0,0,,,unknown,unknown,fotmob_expected,expected_xi,,T2,0.0,,46.9,DC,1,1.0,1,,,,,0,46.9,2,0.5695,0.0,0.5632,-0.5695,1.4418,1.6978,1.1776,1.2426,1.2186,-0.633596,-63.36,fallback,history,91.0,low,suppress,no_action,,0.0,,,no_action,"fallback_method,fixture_t2",FotMob Expected XI,odds_api_io,event_id=61301281;market=Anytime Goalscorer
2026-05-21T20:25:05Z,2026-05-21T20:24:45Z,2026-05-24,,Bet365,England - Premier League,Brighton & Hove Albion,Manchester United,0,11944,Patrick Dorgu,Patrick Dorgu,Manchester United,Brighton & Hove Albion,Sub,Sub,6.0,0.166667,0.060999,16.3936,0.0629,1.3718,0.0459,0.0629,0.0629,0.0,0.0629,1.0,,0.0,0,0.0,0.0,1.25,recent_long,0.0,4.0,0.0,0.0,0.0,,,0,none,0.0,0.0,0.0,0,,,unknown,unknown,fotmob_expected,expected_xi,,T2,0.0,,52.0,AML,4,0.5714,7,,,,,0,52.0,8,1.3086,2.0,0.2418,0.6914,1.6104,1.1851,0.7359,1.3069,0.9369,-0.634004,-63.4,model,history,2214.0,medium,monitor,no_action,,0.0,,,no_action,"history_resolver,no_xi_yet,fixture_t2",FotMob Expected XI,odds_api_io,event_id=61301267;market=Anytime Goalscorer
2026-05-21T20:25:05Z,2026-05-21T20:24:45Z,2026-05-24,,Bet365,England - Premier League,Sunderland AFC,Chelsea FC,0,9453,Moises Caicedo,Moises Caicedo,Chelsea,Sunderland AFC,DMC,DMC,11.0,0.090909,0.032946,30.3523,0.0335,1.6965,0.0197,0.0335,0.0335,0.0,0.0335,1.0,,0.0,0,0.0,0.0,4.03,recent_long,0.0,16.0,0.0,0.0,0.0,,,0,none,0.0,0.0,0.0,0,,,expected_starter,expected_starter,fotmob_expected,expected_xi,Moisés Caicedo,T2,0.0,,86.5,DMC,2,0.7,10,DMC,2,4-2-3-1,0,0,86.5,8,0.147,0.0,0.0195,-0.147,1.448,1.6978,1.1725,1.2426,1.2186,-0.63759,-63.759,model,history,8911.0,medium,monitor,no_action,,0.0,,,no_action,"history_resolver,expected_xi,fixture_t2",FotMob Expected XI,odds_api_io,event_id=61301281;market=Anytime Goalscorer
2026-05-21T20:25:05Z,2026-05-21T20:24:45Z,2026-05-24,,Bet365,England - Premier League,Nottingham Forest,AFC Bournemouth,0,7352,Tyler Adams,Tyler Adams,Bournemouth,Nottingham Forest,Sub,Sub,11.0,0.090909,0.032769,30.5166,0.0333,1.8709,0.0178,0.0333,0.0333,0.0,0.0333,1.0,,0.0,0,0.0,0.0,1.45,recent_long,0.0,7.0,0.0,0.0,0.0,,,0,none,0.0,0.0,0.0,0,,,expected_starter,expected_starter,fotmob_expected,expected_xi,Tyler Adams,T2,0.0,,78.0,DMC,2,1.0,6,DMC,2,4-2-3-1,0,0,78.0,8,0.0725,0.0,0.0164,-0.0725,1.5795,1.8408,1.1654,1.3359,1.25,-0.639541,-63.954,model,history,3701.0,medium,monitor,no_action,,0.0,,,no_action,"history_resolver,expected_xi,fixture_t2",FotMob Expected XI,odds_api_io,event_id=61301279;market=Anytime Goalscorer
2026-05-21T20:25:05Z,2026-05-21T20:24:45Z,2026-05-24,,Bet365,England - Premier League,Manchester City,Aston Villa,0,592,Ross Barkley,Ross Barkley,Aston Villa,Manchester City,Sub,Sub,7.5,0.133333,0.047444,21.0777,0.0486,1.3099,0.0371,0.0486,0.0486,0.0,0.0486,1.0,,0.0,0,0.0,0.0,0.53,recent_long,0.0,5.0,0.0,0.0,0.0,,,0,none,0.0,0.0,0.0,0,,,unknown,unknown,fotmob_expected,expected_xi,,T2,0.0,,48.0,AMC,4,0.6667,6,,,,,0,48.0,8,1.4847,2.0,0.2521,0.5153,1.7469,1.1747,0.6724,1.2556,0.9312,-0.644173,-64.417,model,history,3863.0,medium,monitor,no_action,,0.0,,,no_action,"history_resolver,no_xi_yet,fixture_t2",FotMob Expected XI,odds_api_io,event_id=61301277;market=Anytime Goalscorer
2026-05-21T20:25:05Z,2026-05-21T20:24:45Z,2026-05-24,,Bet365,England - Premier League,Tottenham Hotspur,Everton FC,1,9021,Pape Sarr,Pape Sarr,Tottenham,Everton FC,Sub,Sub,6.5,0.153846,0.05409,18.4876,0.0556,1.6279,0.0342,0.0556,0.0556,0.0,0.0556,1.0,,0.0,0,0.0,0.0,0.5,recent_long,0.0,6.0,0.0,0.0,0.0,,,0,none,0.0,0.0,0.0,0,,,unknown,unknown,fotmob_expected,expected_xi,,T2,0.0,,57.6,MC,3,1.0,6,,,,,0,57.6,8,0.4028,0.0,0.0721,-0.4028,1.6198,1.6658,1.0284,1.0372,1.201,-0.648413,-64.841,model,history,5369.0,medium,monitor,no_action,,0.0,,,no_action,"history_resolver,no_xi_yet,fixture_t2",FotMob Expected XI,odds_api_io,event_id=61301283;market=Anytime Goalscorer
2026-05-21T20:25:05Z,2026-05-21T20:24:45Z,2026-05-24,,Bet365,England - Premier League,Burnley FC,Wolverhampton Wanderers,0,8845,Hee-Chan Hwang,Hee-Chan Hwang,Wolverhampton Wanderers,Burnley FC,AML,AML,3.25,0.307692,0.107724,9.283,0.114,1.2301,0.0558,0.0686,0.0686,0.0453,0.114,1.0,,0.3978,0,0.7614,1.0,0.54,recent_long,2.0,2.0,1.0,0.0,0.0,,,1,primary,0.74,6.0,0.0296,0,,,expected_starter,expected_starter,fotmob_expected,expected_xi,Hee-Chan Hwang,T2,0.0,,78.0,FW,5,0.7143,7,AM,4,4-2-3-1,-1,0,78.0,8,0.2432,0.0,0.0558,-0.2432,1.6133,2.0671,1.2813,0.8783,1.25,-0.649898,-64.99,model,history,4156.0,medium,monitor,no_action,,0.0,,,no_action,"history_resolver,expected_xi,fixture_t2",FotMob Expected XI,odds_api_io,event_id=61301269;market=Anytime Goalscorer
2026-05-21T20:25:05Z,2026-05-21T20:24:45Z,2026-05-24,,Bet365,England - Premier League,Crystal Palace,Arsenal FC,1,13038,Justin Devenny,Justin Devenny,Crystal Palace,Arsenal FC,DML,DML,7.0,0.142857,0.049624,20.1516,0.0509,1.4526,0.0237,0.0345,0.0345,0.0164,0.0509,1.0,,0.3223,0,0.224,0.4859,1.88,recent_long,1.0,5.0,0.2,0.0,0.0,,,1,tertiary,0.06,3.0,0.0,0,,,unknown,unknown,none,none,,T2,1.0,no_lineup_payload,42.9,DMR,2,0.4,5,,,,,0,42.9,8,1.1267,0.0,0.2048,-1.1267,1.6893,1.3,0.7695,1.1116,1.0,-0.652634,-65.263,model,history,1144.0,medium,monitor,no_action,,0.0,,,no_action,"history_resolver,no_xi_yet,fixture_t2",,odds_api_io,event_id=61301271;market=Anytime Goalscorer
2026-05-21T20:25:05Z,2026-05-21T20:24:45Z,2026-05-24,,Bet365,England - Premier League,Sunderland AFC,Chelsea FC,0,12535,Josh Acheampong,Josh Acheampong,Chelsea,Sunderland AFC,Sub,Sub,11.0,0.090909,0.031572,31.6734,0.0321,1.6965,0.0189,0.0321,0.0321,0.0,0.0321,1.0,,0.0,0,0.0,0.0,3.91,recent_long,0.0,6.0,0.0,0.0,0.0,,,0,none,0.0,0.0,0.0,0,,,expected_starter,expected_starter,fotmob_expected,expected_xi,Josh Acheampong,T2,0.0,,78.0,DR,1,0.6667,3,DEF,1,4-2-3-1,0,0,78.0,8,0.0,0.0,0.0,0.0,1.2817,1.6978,1.3246,1.2426,1.2186,-0.652706,-65.271,model,history,752.0,medium,monitor,no_action,,0.0,,,no_action,"history_resolver,expected_xi,fixture_t2",FotMob Expected XI,odds_api_io,event_id=61301281;market=Anytime Goalscorer
2026-05-21T20:25:05Z,2026-05-21T20:24:45Z,2026-05-24,,Bet365,England - Premier League,Brighton & Hove Albion,Manchester United,1,239,Pascal Gross,Pascal Gross,Brighton,Manchester United,DMC,DMC,5.5,0.181818,0.062827,15.9167,0.0649,1.6264,0.0376,0.0611,0.0611,0.0038,0.0649,1.0,,0.0586,0,0.0675,0.0675,0.61,recent_long,1.0,6.0,0.1667,0.0,0.0,,,0,none,0.0,0.0,0.0027,0,,,expected_starter,expected_starter,fotmob_expected,expected_xi,Pascal Groß,T2,0.0,,89.9,DMC,2,1.0,10,DMC,2,4-2-3-1,0,0,89.9,8,0.4144,0.0,0.0518,-0.4144,1.742,1.3153,0.7551,1.2342,1.0084,-0.65445,-65.445,model,history,4652.0,medium,monitor,no_action,,0.0,,,no_action,"history_resolver,expected_xi,fixture_t2",FotMob Expected XI,odds_api_io,event_id=61301267;market=Anytime Goalscorer
2026-05-21T20:25:05Z,2026-05-21T20:24:45Z,2026-05-24,,Bet365,England - Premier League,Sunderland AFC,Chelsea FC,0,7589,Wesley Fofana,Wesley Fofana,Chelsea,Sunderland AFC,DC,DC,12.0,0.083333,0.028734,34.8021,0.0292,1.6965,0.0172,0.0292,0.0292,0.0,0.0292,1.0,,0.0,0,0.0,0.0,3.56,recent_long,0.0,8.0,0.0,0.0,0.0,,,0,none,0.0,0.0,0.0,0,,,expected_starter,expected_starter,fotmob_expected,expected_xi,Wesley Fofana,T2,0.0,,78.0,DC,1,1.0,9,DEF,1,4-2-3-1,0,0,78.0,8,0.3719,0.0,0.0514,-0.3719,1.3874,1.6978,1.2237,1.2426,1.2186,-0.655194,-65.519,model,history,2790.0,medium,monitor,no_action,,0.0,,,no_action,"history_resolver,expected_xi,fixture_t2",FotMob Expected XI,odds_api_io,event_id=61301281;market=Anytime Goalscorer
2026-05-21T20:25:05Z,2026-05-21T20:24:45Z,2026-05-24,,Bet365,England - Premier League,Sunderland AFC,Chelsea FC,1,13717,Chemsdine Talbi,Chemsdine Talbi,Sunderland,Chelsea FC,Sub,Sub,5.0,0.2,0.068703,14.5553,0.0712,1.4247,0.05,0.0712,0.0712,0.0,0.0712,1.0,,0.0,0,0.0,0.0,0.61,recent_long,0.0,2.0,0.0,0.0,0.0,,,0,none,0.0,0.0,0.0,0,,,unknown,unknown,fotmob_expected,expected_xi,,T2,0.0,,58.1,AML,4,0.5,6,,,,,0,58.1,8,0.9581,1.0,0.1819,0.0419,1.7028,1.5824,0.9293,0.9438,1.1552,-0.656483,-65.648,model,history,1556.0,medium,monitor,no_action,,0.0,,,no_action,"history_resolver,no_xi_yet,fixture_t2",FotMob Expected XI,odds_api_io,event_id=61301281;market=Anytime Goalscorer
2026-05-21T20:25:05Z,2026-05-21T20:24:45Z,2026-05-24,,Bet365,England - Premier League,Manchester City,Aston Villa,1,3635,Bernardo Silva,Bernardo Silva,Manchester City,Aston Villa,DMC,DMC,2.875,0.347826,0.117878,8.4833,0.1254,2.3349,0.0537,0.1254,0.1254,0.0,0.1254,1.0,,0.0,0,0.0,0.0,1.51,recent_long,0.0,17.0,0.0,0.0,0.0,,,0,none,0.0,0.0,0.0,0,,,expected_starter,expected_starter,fotmob_expected,expected_xi,Bernardo Silva,T2,0.0,,85.7,DMC,2,0.6,10,AM,4,4-1-4-1,2,0,85.7,8,1.3161,1.0,0.1724,-0.3161,1.5398,1.4782,0.96,1.6274,1.0979,-0.6611,-66.11,model,history,8056.0,medium,monitor,no_action,,0.0,,,no_action,"history_resolver,expected_xi,fixture_t2",FotMob Expected XI,odds_api_io,event_id=61301277;market=Anytime Goalscorer
2026-05-21T20:25:05Z,2026-05-21T20:24:45Z,2026-05-24,,Bet365,England - Premier League,Manchester City,Aston Villa,0,5956,Youri Tielemans,Youri Tielemans,Aston Villa,Manchester City,DMC,DMC,6.5,0.153846,0.051684,19.3483,0.0531,1.3099,0.0405,0.0531,0.0531,0.0,0.0531,1.0,,0.0,0,0.0,0.0,0.35,recent_long,1.0,8.0,0.125,0.0,0.0,,,1,tertiary,0.0,0.0,0.0,0,,,expected_starter,expected_starter,fotmob_expected,expected_xi,Youri Tielemans,T2,0.0,,83.2,DMC,2,1.0,9,DMC,2,4-2-3-1,0,0,83.2,8,0.219,0.0,0.0316,-0.219,1.7469,1.1747,0.6724,1.2556,0.9312,-0.664054,-66.405,model,history,6476.0,medium,monitor,no_action,,0.0,,,no_action,"history_resolver,expected_xi,fixture_t2",FotMob Expected XI,odds_api_io,event_id=61301277;market=Anytime Goalscorer
2026-05-21T20:25:05Z,2026-05-21T20:24:45Z,2026-05-24,,Bet365,England - Premier League,Manchester City,Aston Villa,1,8981,Jeremy Doku,Jeremy Doku,Manchester City,Aston Villa,Sub,Sub,3.1,0.322581,0.10733,9.3171,0.1135,2.3349,0.0486,0.1135,0.1135,0.0,0.1135,1.0,,0.0,0,0.0,0.0,1.17,recent_long,0.0,14.0,0.0,0.0,0.0,,,0,none,0.0,0.0,0.0,0,,,expected_starter,expected_starter,fotmob_expected,expected_xi,Jérémy Doku,T2,0.0,,78.0,AML,4,0.8333,6,AM,4,4-1-4-1,0,0,78.0,8,1.1725,4.0,0.209,2.8275,1.5398,1.4782,0.96,1.6274,1.0979,-0.667277,-66.728,model,history,4829.0,medium,monitor,no_action,,0.0,,,no_action,"history_resolver,expected_xi,fixture_t2",FotMob Expected XI,odds_api_io,event_id=61301277;market=Anytime Goalscorer
2026-05-21T20:25:05Z,2026-05-21T20:24:45Z,2026-05-24,,Bet365,England - Premier League,Nottingham Forest,AFC Bournemouth,1,13779,Jair Cunha,Jair Cunha,Nottingham Forest,AFC Bournemouth,Sub,Sub,11.0,0.090909,0.030082,33.2425,0.0305,1.5951,0.0191,0.0305,0.0305,0.0,0.0305,1.0,,0.0,0,0.0,0.0,0.88,recent_long,0.0,1.0,0.0,0.0,0.0,,,0,none,0.0,0.0,0.0,0,,,unknown,unknown,fotmob_expected,expected_xi,,T2,0.0,,57.1,DC,1,1.0,5,,,,,0,57.1,8,0.4848,0.0,0.093,-0.4848,1.5979,1.5281,0.9563,1.0847,1.1253,-0.669098,-66.91,model,history,469.0,low,suppress,no_action,,0.0,,,no_action,"history_lt_500,fixture_t2",FotMob Expected XI,odds_api_io,event_id=61301279;market=Anytime Goalscorer
2026-05-21T20:25:05Z,2026-05-21T20:24:45Z,2026-05-24,,Bet365,England - Premier League,West Ham United,Leeds United,0,10751,Brenden Aaronson,Brenden Aaronson,Leeds,West Ham United,FW,FW,4.333,0.230787,0.07634,13.0992,0.0794,1.4294,0.0556,0.0794,0.0794,0.0,0.0794,1.0,,0.0,0,0.0,0.0,3.86,recent_long,0.0,8.0,0.0,0.0,0.0,,,0,none,0.0,0.0,0.0,0,,,expected_starter,expected_starter,fotmob_expected,expected_xi,Brenden Aaronson,T2,0.0,,78.0,AMC,4,0.5556,9,AM,4,3-4-2-1,0,0,78.0,8,0.2673,0.0,0.046,-0.2673,1.6553,1.5434,0.9324,1.1254,1.1337,-0.669217,-66.922,model,history,2427.0,medium,monitor,no_action,,0.0,,,no_action,"history_resolver,expected_xi,fixture_t2",FotMob Expected XI,odds_api_io,event_id=61301285;market=Anytime Goalscorer
2026-05-21T20:25:05Z,2026-05-21T20:24:45Z,2026-05-24,,Bet365,England - Premier League,Fulham FC,Newcastle United,0,7958,Sandro Tonali,Sandro Tonali,Newcastle United,Fulham FC,DMC,DMC,6.5,0.153846,0.050524,19.7925,0.0518,1.7296,0.03,0.0518,0.0518,0.0,0.0518,1.0,,0.0,0,0.0,0.0,2.57,recent_long,0.0,13.0,0.0,0.0,0.0,,,0,none,0.0,0.0,0.0,0,,,expected_starter,expected_starter,fotmob_expected,expected_xi,Sandro Tonali,T2,0.0,,78.7,DMC,2,0.5556,9,DMC,2,4-2-3-1,0,0,78.7,8,0.2484,0.0,0.0327,-0.2484,1.432,1.7964,1.2545,1.235,1.25,-0.671593,-67.159,model,history,5641.0,medium,monitor,no_action,,0.0,,,no_action,"history_resolver,expected_xi,fixture_t2",FotMob Expected XI,odds_api_io,event_id=61301273;market=Anytime Goalscorer
2026-05-21T20:25:05Z,2026-05-21T20:24:45Z,2026-05-24,,Bet365,England - Premier League,Liverpool FC,Brentford FC,0,9680,Vitaly Janelt,Vitaly Janelt,Brentford,Liverpool FC,DMC,DMC,9.5,0.105263,0.034358,29.1052,0.035,1.5423,0.0227,0.035,0.035,0.0,0.035,1.0,,0.0,0,0.0,0.0,2.59,recent_long,0.0,13.0,0.0,0.0,0.0,,,0,none,0.0,0.0,0.0,0,,,expected_starter,expected_starter,fotmob_expected,expected_xi,Vitaly Janelt,T2,0.0,,78.0,DMC,2,1.0,9,DMC,2,4-2-3-1,0,0,78.0,8,0.4449,1.0,0.0671,0.5551,1.4772,1.5344,1.0387,1.2196,1.1288,-0.673598,-67.36,model,history,6771.0,medium,monitor,no_action,,0.0,,,no_action,"history_resolver,expected_xi,fixture_t2",FotMob Expected XI,odds_api_io,event_id=61301275;market=Anytime Goalscorer
2026-05-21T20:25:05Z,2026-05-21T20:24:45Z,2026-05-24,,Bet365,England - Premier League,Burnley FC,Wolverhampton Wanderers,1,13727,Quilindschy Hartman,Quilindschy Hartman,Burnley,Wolverhampton Wanderers,DL,DL,10.0,0.1,0.031555,31.6905,0.0321,1.3748,0.0233,0.0321,0.0321,0.0,0.0321,1.0,,0.0,0,0.0,0.0,0.61,recent_long,0.0,1.0,0.0,0.0,0.0,,,0,none,0.0,0.0,0.0,0,,,unknown,unknown,fotmob_expected,expected_xi,,T2,0.0,,86.1,DL,1,1.0,10,,,,,0,86.1,8,0.2596,0.0,0.0345,-0.2596,1.4699,1.9433,1.3221,0.8416,1.25,-0.684448,-68.445,model,history,1843.0,medium,monitor,no_action,,0.0,,,no_action,"history_resolver,no_xi_yet,fixture_t2",FotMob Expected XI,odds_api_io,event_id=61301269;market=Anytime Goalscorer
2026-05-21T20:25:05Z,2026-05-21T20:24:45Z,2026-05-24,,Bet365,England - Premier League,Sunderland AFC,Chelsea FC,1,13064,Lutsharel Geertruida,Lutsharel Geertruida,Sunderland,Chelsea FC,DR,DR,12.0,0.083333,0.026143,38.2516,0.0265,1.4247,0.0186,0.0265,0.0265,0.0,0.0265,1.0,,0.0,0,0.0,0.0,2.36,recent_long,0.0,4.0,0.0,0.0,0.0,,,0,none,0.0,0.0,0.0,0,,,expected_starter,expected_starter,fotmob_expected,expected_xi,Lutsharel Geertruida,T2,0.0,,78.0,DR,1,0.8333,6,DEF,1,4-2-3-1,0,0,78.0,8,0.2626,0.0,0.0396,-0.2626,1.5716,1.5824,1.0069,0.9438,1.1552,-0.686287,-68.629,model,history,1569.0,medium,monitor,no_action,,0.0,,,no_action,"history_resolver,expected_xi,fixture_t2",FotMob Expected XI,odds_api_io,event_id=61301281;market=Anytime Goalscorer
2026-05-21T20:25:05Z,2026-05-21T20:24:45Z,2026-05-24,,Bet365,England - Premier League,Sunderland AFC,Chelsea FC,0,11808,Andrey Santos,Andrey Santos,Chelsea,Sunderland AFC,DMC,DMC,5.5,0.181818,0.057011,17.5404,0.0587,1.6965,0.0346,0.0587,0.0587,0.0,0.0587,1.0,,0.0,0,0.0,0.0,4.61,recent_long,0.0,8.0,0.0,0.0,0.0,,,0,none,0.0,0.0,0.0,0,,,expected_starter,expected_starter,fotmob_expected,expected_xi,Andrey Santos,T2,0.0,,78.0,DMC,2,0.8571,7,DMC,2,4-2-3-1,0,0,78.0,8,0.2299,0.0,0.0478,-0.2299,1.4164,1.6978,1.1987,1.2426,1.2186,-0.686437,-68.644,model,history,1127.0,medium,monitor,no_action,,0.0,,,no_action,"history_resolver,expected_xi,fixture_t2",FotMob Expected XI,odds_api_io,event_id=61301281;market=Anytime Goalscorer
2026-05-21T20:25:05Z,2026-05-21T20:24:45Z,2026-05-24,,Bet365,England - Premier League,Tottenham Hotspur,Everton FC,1,10050,Micky van de Ven,Micky van de Ven,Tottenham,Everton FC,DC,DC,6.5,0.153846,0.048175,20.7576,0.0494,1.6279,0.0303,0.0494,0.0494,0.0,0.0494,1.0,,0.0,0,0.0,0.0,0.24,recent_long,0.0,3.0,0.0,0.0,0.0,,,0,none,0.0,0.0,0.0,0,,,expected_starter,expected_starter,fotmob_expected,expected_xi,Micky van de Ven,T2,0.0,,83.6,DC,1,0.9,10,DEF,1,4-2-3-1,0,0,83.6,8,0.0,0.0,0.0,0.0,1.6607,1.6658,1.0031,1.0372,1.201,-0.686862,-68.686,model,history,6245.0,medium,monitor,no_action,,0.0,,,no_action,"history_resolver,expected_xi,fixture_t2",FotMob Expected XI,odds_api_io,event_id=61301283;market=Anytime Goalscorer
2026-05-21T20:25:05Z,2026-05-21T20:24:45Z,2026-05-24,,Bet365,England - Premier League,Burnley FC,Wolverhampton Wanderers,0,13484,Mateus Mane,Mateus Mane,Wolverhampton Wanderers,Burnley FC,AMC,AMC,3.75,0.266667,0.08339,11.9919,0.0871,1.2301,0.0708,0.0871,0.0871,0.0,0.0871,1.0,,0.0,0,0.0,0.0,0.92,recent_long,0.0,2.0,0.0,0.0,0.0,,,0,none,0.0,0.0,0.0,0,,,expected_starter,expected_starter,fotmob_expected,expected_xi,Mateus Mané,T2,0.0,,78.0,AMC,4,0.875,8,AM,4,4-2-3-1,0,0,78.0,8,0.4401,1.0,0.0733,0.5599,1.6295,2.0671,1.2685,0.8783,1.25,-0.687288,-68.729,model,history,1694.0,medium,monitor,no_action,,0.0,,,no_action,"history_resolver,expected_xi,fixture_t2",FotMob Expected XI,odds_api_io,event_id=61301269;market=Anytime Goalscorer
2026-05-21T20:25:05Z,2026-05-21T20:24:45Z,2026-05-24,,Bet365,England - Premier League,Sunderland AFC,Chelsea FC,1,204,Granit Xhaka,Granit Xhaka,Sunderland,Chelsea FC,DMC,DMC,8.5,0.117647,0.036648,27.2864,0.0373,1.4247,0.0262,0.0373,0.0373,0.0,0.0373,1.0,,0.0,0,0.0,0.0,2.07,recent_long,0.0,5.0,0.0,0.0,0.0,,,0,none,0.0,0.0,0.0,0,,,expected_starter,expected_starter,fotmob_expected,expected_xi,Granit Xhaka,T2,0.0,,81.9,DMC,2,1.0,9,DMC,2,4-2-3-1,0,0,81.9,8,0.3964,0.0,0.0496,-0.3964,1.7028,1.5824,0.9293,0.9438,1.1552,-0.68849,-68.849,model,history,2806.0,medium,monitor,no_action,,0.0,,,no_action,"history_resolver,expected_xi,fixture_t2",FotMob Expected XI,odds_api_io,event_id=61301281;market=Anytime Goalscorer
2026-05-21T20:25:05Z,2026-05-21T20:24:45Z,2026-05-24,,Bet365,England - Premier League,West Ham United,Leeds United,1,1776,Jarrod Bowen,Jarrod Bowen,West Ham,Leeds United,AMC,AMC,2.4,0.416667,0.126754,7.8893,0.1355,1.5111,0.0595,0.0899,0.0899,0.0456,0.1355,1.0,,0.3365,0,0.7533,0.8449,0.87,recent_long,2.0,11.0,0.1818,0.0,0.0,,,1,primary,0.74,6.0,0.0268,0,,,expected_starter,expected_starter,fotmob_expected,expected_xi,Jarrod Bowen,T2,0.0,,89.8,MR,3,0.6,10,AM,4,3-4-2-1,1,0,89.8,8,0.6671,0.0,0.0834,-0.6671,1.4727,1.4427,0.9797,1.0722,1.0784,-0.69579,-69.579,model,history,9345.0,medium,monitor,no_action,,0.0,,,no_action,"history_resolver,expected_xi,fixture_t2",FotMob Expected XI,odds_api_io,event_id=61301285;market=Anytime Goalscorer
2026-05-21T20:25:05Z,2026-05-21T20:24:45Z,2026-05-24,,Bet365,England - Premier League,Tottenham Hotspur,Everton FC,0,6756,Dwight McNeil,Dwight McNeil,Everton,Tottenham Hotspur,Sub,Sub,4.75,0.210526,0.063683,15.7027,0.0658,1.4729,0.0447,0.0658,0.0658,0.0,0.0658,1.0,,0.0,0,0.0,0.0,0.17,recent_long,0.0,4.0,0.0,0.0,0.0,,,0,none,0.0,0.0,0.0,0,,,unknown,unknown,fotmob_expected,expected_xi,,T2,0.0,,69.0,AMR,4,1.0,9,,,,,0,69.0,8,0.9759,0.0,0.1541,-0.9759,1.518,1.59,1.0474,1.134,1.1593,-0.697505,-69.75,model,history,5472.0,medium,monitor,no_action,,0.0,,,no_action,"history_resolver,no_xi_yet,fixture_t2",FotMob Expected XI,odds_api_io,event_id=61301283;market=Anytime Goalscorer
2026-05-21T20:25:05Z,2026-05-21T20:24:45Z,2026-05-24,,Bet365,England - Premier League,Liverpool FC,Brentford FC,1,11709,Milos Kerkez,Milos Kerkez,Liverpool,Brentford FC,DL,DL,9.5,0.105263,0.031802,31.4443,0.0323,1.9542,0.0165,0.0323,0.0323,0.0,0.0323,1.0,,0.0,0,0.0,0.0,0.64,recent_long,0.0,11.0,0.0,0.0,0.0,,,0,none,0.0,0.0,0.0,0,,,expected_starter,expected_starter,fotmob_expected,expected_xi,Milos Kerkez,T2,0.0,,78.0,DL,1,1.0,7,DEF,1,4-2-3-1,0,0,78.0,8,0.3782,1.0,0.076,0.6218,1.4806,1.6949,1.1447,1.2288,1.217,-0.697879,-69.788,model,history,7608.0,medium,monitor,no_action,,0.0,,,no_action,"history_resolver,expected_xi,fixture_t2",FotMob Expected XI,odds_api_io,event_id=61301275;market=Anytime Goalscorer
2026-05-21T20:25:05Z,2026-05-21T20:24:45Z,2026-05-24,,Bet365,England - Premier League,Sunderland AFC,Chelsea FC,1,8986,Omar Alderete,Omar Alderete,Sunderland,Chelsea FC,DC,DC,11.0,0.090909,0.027296,36.6357,0.0277,1.4247,0.0194,0.0277,0.0277,0.0,0.0277,1.0,,0.0,0,0.0,0.0,1.9,recent_long,0.0,5.0,0.0,0.0,0.0,,,0,none,0.0,0.0,0.0,0,,,expected_starter,expected_starter,fotmob_expected,expected_xi,Omar Alderete,T2,0.0,,81.2,DC,1,1.0,10,DEF,1,4-2-3-1,0,0,81.2,8,0.2822,0.0,0.0405,-0.2822,1.7028,1.5824,0.9293,0.9438,1.1552,-0.699747,-69.975,model,history,2808.0,medium,monitor,no_action,,0.0,,,no_action,"history_resolver,expected_xi,fixture_t2",FotMob Expected XI,odds_api_io,event_id=61301281;market=Anytime Goalscorer
2026-05-21T20:25:05Z,2026-05-21T20:24:45Z,2026-05-24,,Bet365,England - Premier League,West Ham United,Leeds United,0,6807,Jaka Bijol,Jaka Bijol,Leeds,West Ham United,DC,DC,10.0,0.1,0.029861,33.4888,0.0303,1.4294,0.0212,0.0303,0.0303,0.0,0.0303,1.0,,0.0,0,0.0,0.0,3.97,recent_long,0.0,7.0,0.0,0.0,0.0,,,0,none,0.0,0.0,0.0,0,,,expected_starter,expected_starter,fotmob_expected,expected_xi,Jaka Bijol,T2,0.0,,78.0,DC,1,1.0,8,DEF,1,3-4-2-1,0,0,78.0,8,0.2007,0.0,0.026,-0.2007,1.6553,1.5434,0.9324,1.1254,1.1337,-0.701393,-70.139,model,history,1823.0,medium,monitor,no_action,,0.0,,,no_action,"history_resolver,expected_xi,fixture_t2",FotMob Expected XI,odds_api_io,event_id=61301285;market=Anytime Goalscorer
2026-05-21T20:25:05Z,2026-05-21T20:24:45Z,2026-05-24,,Bet365,England - Premier League,Manchester City,Aston Villa,1,8094,Rayan Cherki,Rayan Cherki,Manchester City,Aston Villa,Sub,Sub,2.3,0.434783,0.129687,7.7109,0.1389,2.3349,0.0595,0.1389,0.1389,0.0,0.1389,1.0,,0.0,0,0.0,0.0,1.4,recent_long,0.0,4.0,0.0,0.0,0.0,,,0,none,0.0,0.0,0.0,0,,,unknown,unknown,fotmob_expected,expected_xi,,T2,0.0,,58.0,AMC,4,0.7143,7,,,,,0,58.0,8,2.3867,1.0,0.4053,-1.3867,1.5398,1.4782,0.96,1.6274,1.0979,-0.701721,-70.172,model,history,1731.0,medium,monitor,no_action,,0.0,,,no_action,"history_resolver,no_xi_yet,fixture_t2",FotMob Expected XI,odds_api_io,event_id=61301277;market=Anytime Goalscorer
2026-05-21T20:25:05Z,2026-05-21T20:24:45Z,2026-05-24,,Bet365,England - Premier League,Sunderland AFC,Chelsea FC,0,9017,Malo Gusto,Malo Gusto,Chelsea,Sunderland AFC,DR,DR,12.0,0.083333,0.024647,40.5735,0.025,1.6965,0.0147,0.025,0.025,0.0,0.025,1.0,,0.0,0,0.0,0.0,3.57,recent_long,0.0,13.0,0.0,0.0,0.0,,,0,none,0.0,0.0,0.0,0,,,unknown,unknown,fotmob_expected,expected_xi,,T2,0.0,,74.5,DR,1,0.8889,9,,,,,0,74.5,8,0.0702,0.0,0.0101,-0.0702,1.448,1.6978,1.1725,1.2426,1.2186,-0.70424,-70.424,model,history,5810.0,medium,monitor,no_action,,0.0,,,no_action,"history_resolver,no_xi_yet,fixture_t2",FotMob Expected XI,odds_api_io,event_id=61301281;market=Anytime Goalscorer
2026-05-21T20:25:05Z,2026-05-21T20:24:45Z,2026-05-24,,Bet365,England - Premier League,Liverpool FC,Brentford FC,1,10697,Ryan Gravenberch,Ryan Gravenberch,Liverpool,Brentford FC,DMC,DMC,7.0,0.142857,0.041849,23.8956,0.0427,1.9542,0.0219,0.0427,0.0427,0.0,0.0427,1.0,,0.0,0,0.0,0.0,0.53,recent_long,0.0,16.0,0.0,0.0,0.0,,,0,none,0.0,0.0,0.0,0,,,expected_starter,expected_starter,fotmob_expected,expected_xi,Ryan Gravenberch,T2,0.0,,78.0,DMC,2,1.0,8,DMC,2,4-2-3-1,0,0,78.0,8,0.3237,1.0,0.0513,0.6763,1.4806,1.6949,1.1447,1.2288,1.217,-0.707059,-70.706,model,history,7237.0,medium,monitor,no_action,,0.0,,,no_action,"history_resolver,expected_xi,fixture_t2",FotMob Expected XI,odds_api_io,event_id=61301275;market=Anytime Goalscorer
2026-05-21T20:25:05Z,2026-05-21T20:24:45Z,2026-05-24,,Bet365,England - Premier League,Burnley FC,Wolverhampton Wanderers,0,12721,Ladislav Krejci,Ladislav Krejci,Wolverhampton Wanderers,Burnley FC,DC,DC,7.5,0.133333,0.038889,25.7144,0.0397,1.2301,0.0322,0.0397,0.0397,0.0,0.0397,1.0,,0.0,0,0.0,0.0,1.21,recent_long,0.0,2.0,0.0,0.0,0.0,,,0,none,0.0,0.0,0.0,0,,,expected_starter,expected_starter,fotmob_expected,expected_xi,Ladislav Krejcí,T2,0.0,,83.6,DC,1,1.0,9,DEF,1,4-2-3-1,0,0,83.6,8,0.2626,0.0,0.0347,-0.2626,1.6792,2.0671,1.231,0.8783,1.25,-0.708335,-70.833,model,history,2309.0,medium,monitor,no_action,,0.0,,,no_action,"history_resolver,expected_xi,fixture_t2",FotMob Expected XI,odds_api_io,event_id=61301269;market=Anytime Goalscorer
2026-05-21T20:25:05Z,2026-05-21T20:24:45Z,2026-05-24,,Bet365,England - Premier League,Burnley FC,Wolverhampton Wanderers,1,13730,Marcus Edwards,Marcus Edwards,Burnley,Wolverhampton Wanderers,Sub,Sub,3.4,0.294118,0.085194,11.738,0.089,1.3748,0.0648,0.089,0.089,0.0,0.089,1.0,,0.0,0,0.0,0.0,0.35,recent_long,0.0,1.0,0.0,0.0,0.0,,,0,none,0.0,0.0,0.0,0,,,unknown,unknown,fotmob_expected,expected_xi,,T2,0.0,,58.2,AMC,4,0.5714,7,,,,,0,58.2,8,1.0949,0.0,0.2369,-1.0949,1.4323,1.9433,1.3567,0.8416,1.25,-0.710342,-71.034,model,history,1049.0,medium,monitor,no_action,,0.0,,,no_action,"history_resolver,no_xi_yet,fixture_t2",FotMob Expected XI,odds_api_io,event_id=61301269;market=Anytime Goalscorer
2026-05-21T20:25:05Z,2026-05-21T20:24:45Z,2026-05-24,,Bet365,England - Premier League,Nottingham Forest,AFC Bournemouth,1,7814,Taiwo Awoniyi,Taiwo Awoniyi,Nottingham Forest,AFC Bournemouth,Sub,Sub,2.75,0.363636,0.10351,9.6609,0.1093,1.5951,0.0685,0.1093,0.1093,0.0,0.1093,1.0,,0.0,0,0.0,0.0,1.6,recent_long,0.0,3.0,0.0,0.0,0.0,,,0,none,0.0,0.0,0.0,0,,,unknown,unknown,fotmob_expected,expected_xi,,T2,0.0,,27.9,FW,5,1.0,2,,,,,0,27.9,8,2.8169,3.0,1.0697,0.1831,1.5979,1.5281,0.9563,1.0847,1.1253,-0.715348,-71.535,model,history,1846.0,medium,monitor,no_action,,0.0,,,no_action,"history_resolver,no_xi_yet,fixture_t2",FotMob Expected XI,odds_api_io,event_id=61301279;market=Anytime Goalscorer
2026-05-21T20:25:05Z,2026-05-21T20:24:45Z,2026-05-24,,Bet365,England - Premier League,Fulham FC,Newcastle United,0,6630,Joe Willock,Joe Willock,Newcastle United,Fulham FC,Sub,Sub,6.5,0.153846,0.04337,23.0573,0.0443,1.7296,0.0256,0.0443,0.0443,0.0,0.0443,1.0,,0.0,0,0.0,0.0,2.32,recent_long,0.0,12.0,0.0,0.0,0.0,,,0,none,0.0,0.0,0.0,0,,,unknown,unknown,fotmob_expected,expected_xi,,T2,0.0,,47.1,MC,3,0.6667,6,,,,,0,47.1,8,0.528,0.0,0.1075,-0.528,1.2622,1.7964,1.4232,1.235,1.25,-0.718094,-71.809,model,history,2351.0,medium,monitor,no_action,,0.0,,,no_action,"history_resolver,no_xi_yet,fixture_t2",FotMob Expected XI,odds_api_io,event_id=61301273;market=Anytime Goalscorer
2026-05-21T20:25:05Z,2026-05-21T20:24:45Z,2026-05-24,,Bet365,England - Premier League,Liverpool FC,Brentford FC,1,1688,Andrew Robertson,Andrew Robertson,Liverpool,Brentford FC,DL,DL,5.5,0.181818,0.050662,19.7388,0.052,1.9542,0.0266,0.052,0.052,0.0,0.052,1.0,,0.0,0,0.0,0.0,1.5,recent_long,0.0,17.0,0.0,0.0,0.0,,,0,none,0.0,0.0,0.0,0,,,unknown,unknown,fotmob_expected,expected_xi,,T2,0.0,,52.7,DL,1,1.0,6,,,,,0,52.7,8,0.7442,1.0,0.1466,0.2558,1.4508,1.6949,1.1683,1.2288,1.217,-0.72136,-72.136,model,history,5269.0,medium,monitor,no_action,,0.0,,,no_action,"history_resolver,no_xi_yet,fixture_t2",FotMob Expected XI,odds_api_io,event_id=61301275;market=Anytime Goalscorer
2026-05-21T20:25:05Z,2026-05-21T20:24:45Z,2026-05-24,,Bet365,England - Premier League,Manchester City,Aston Villa,1,2496,Rodri,Rodri,Manchester City,Aston Villa,DMC,DMC,5.0,0.2,0.05535,18.0669,0.0569,2.3349,0.0244,0.0569,0.0569,0.0,0.0569,1.0,,0.0,0,0.0,0.0,2.26,recent_long,0.0,11.0,0.0,0.0,0.0,,,0,none,0.0,0.0,0.0,0,,,expected_starter,expected_starter,fotmob_expected,expected_xi,Rodri,T2,0.0,,78.0,DMC,2,0.8,10,DMC,2,4-1-4-1,0,0,78.0,8,0.8688,1.0,0.1114,0.1312,1.3598,1.4782,1.0871,1.6274,1.0979,-0.723251,-72.325,model,history,4377.0,medium,monitor,no_action,,0.0,,,no_action,"history_resolver,expected_xi,fixture_t2",FotMob Expected XI,odds_api_io,event_id=61301277;market=Anytime Goalscorer
2026-05-21T20:25:05Z,2026-05-21T20:24:45Z,2026-05-24,,Bet365,England - Premier League,Manchester City,Aston Villa,1,11965,Tijjani Reijnders,Tijjani Reijnders,Manchester City,Aston Villa,DMC,DMC,3.6,0.277778,0.075832,13.1871,0.0789,2.3349,0.0338,0.0789,0.0789,0.0,0.0789,1.0,,0.0,0,0.0,0.0,1.12,recent_long,0.0,2.0,0.0,0.0,0.0,,,0,none,0.0,0.0,0.0,0,,,unknown,unknown,fotmob_expected,expected_xi,,T2,0.0,,45.2,MC,3,0.5,4,,,,,0,45.2,8,0.9401,0.0,0.282,-0.9401,1.5956,1.4782,0.9264,1.6274,1.0979,-0.727006,-72.701,model,history,1562.0,medium,monitor,no_action,,0.0,,,no_action,"history_resolver,no_xi_yet,fixture_t2",FotMob Expected XI,odds_api_io,event_id=61301277;market=Anytime Goalscorer
2026-05-21T20:25:05Z,2026-05-21T20:24:45Z,2026-05-24,,Bet365,England - Premier League,Burnley FC,Wolverhampton Wanderers,0,13022,Andre Trindade,Andre Trindade,Wolverhampton Wanderers,Burnley FC,DMC,DMC,10.0,0.1,0.027193,36.774,0.0276,1.2301,0.0224,0.0276,0.0276,0.0,0.0276,1.0,,0.0,0,0.0,0.0,0.97,recent_long,0.0,2.0,0.0,0.0,0.0,,,0,none,0.0,0.0,0.0,0,,,expected_starter,expected_starter,fotmob_expected,expected_xi,André,T2,0.0,,85.7,MC,3,0.9,10,DMC,2,4-2-3-1,-1,0,85.7,8,0.2267,1.0,0.0283,0.7733,1.6295,2.0671,1.2685,0.8783,1.25,-0.728068,-72.807,model,history,5211.0,medium,monitor,no_action,,0.0,,,no_action,"history_resolver,expected_xi,fixture_t2",FotMob Expected XI,odds_api_io,event_id=61301269;market=Anytime Goalscorer
2026-05-21T20:25:05Z,2026-05-21T20:24:45Z,2026-05-24,,Bet365,England - Premier League,Fulham FC,Newcastle United,1,7208,Samuel Chukwueze,Samuel Chukwueze,Fulham,Newcastle United,Sub,Sub,4.333,0.230787,0.062756,15.9348,0.0648,1.6275,0.0398,0.0648,0.0648,0.0,0.0648,1.0,,0.0,0,0.0,0.0,2.17,recent_long,0.0,3.0,0.0,0.0,0.0,,,0,none,0.0,0.0,0.0,0,,,unknown,unknown,fotmob_expected,expected_xi,,T2,0.0,,50.5,AML,4,0.75,4,,,,,0,50.5,8,0.7812,0.0,0.215,-0.7812,1.5466,1.8486,1.1953,0.9963,1.25,-0.728079,-72.808,model,history,1052.0,medium,monitor,no_action,,0.0,,,no_action,"history_resolver,no_xi_yet,fixture_t2",FotMob Expected XI,odds_api_io,event_id=61301273;market=Anytime Goalscorer
2026-05-21T20:25:05Z,2026-05-21T20:24:45Z,2026-05-24,,Bet365,England - Premier League,Nottingham Forest,AFC Bournemouth,1,8252,Nicolas Dominguez,Nicolas Dominguez,Nottingham Forest,AFC Bournemouth,MC,MC,6.5,0.153846,0.04135,24.1841,0.0422,1.5951,0.0265,0.0422,0.0422,0.0,0.0422,1.0,,0.0,0,0.0,0.0,1.63,recent_long,0.0,6.0,0.0,0.0,0.0,,,0,none,0.0,0.0,0.0,0,,,expected_starter,expected_starter,fotmob_expected,expected_xi,Nicolás Dominguez,T2,0.0,,78.0,MC,3,0.8,5,MID,3,4-4-2,0,0,78.0,8,0.1896,0.0,0.0623,-0.1896,1.5979,1.5281,0.9563,1.0847,1.1253,-0.731228,-73.123,model,history,4711.0,medium,monitor,no_action,,0.0,,,no_action,"history_resolver,expected_xi,fixture_t2",FotMob Expected XI,odds_api_io,event_id=61301279;market=Anytime Goalscorer
2026-05-21T20:25:05Z,2026-05-21T20:24:45Z,2026-05-24,,Bet365,England - Premier League,Tottenham Hotspur,Everton FC,1,6108,Rodrigo Bentancur,Rodrigo Bentancur,Tottenham,Everton FC,DMC,DMC,7.5,0.133333,0.035697,28.0137,0.0363,1.6279,0.0223,0.0363,0.0363,0.0,0.0363,1.0,,0.0,0,0.0,0.0,0.63,recent_long,0.0,5.0,0.0,0.0,0.0,,,0,none,0.0,0.0,0.0,0,,,expected_starter,expected_starter,fotmob_expected,expected_xi,Rodrigo Bentancur,T2,0.0,,78.0,DMC,2,0.8,10,DMC,2,4-2-3-1,0,0,78.0,8,0.287,0.0,0.0383,-0.287,1.6607,1.6658,1.0031,1.0372,1.201,-0.732274,-73.227,model,history,4444.0,medium,monitor,no_action,,0.0,,,no_action,"history_resolver,expected_xi,fixture_t2",FotMob Expected XI,odds_api_io,event_id=61301283;market=Anytime Goalscorer
2026-05-21T20:25:05Z,2026-05-21T20:24:45Z,2026-05-24,,Bet365,England - Premier League,Manchester City,Aston Villa,1,579,Nathan Ake,Nathan Ake,Manchester City,Aston Villa,Sub,Sub,9.5,0.105263,0.027897,35.846,0.0283,2.3349,0.0121,0.0283,0.0283,0.0,0.0283,1.0,,0.0,0,0.0,0.0,2.25,recent_long,0.0,9.0,0.0,0.0,0.0,,,0,none,0.0,0.0,0.0,0,,,unknown,unknown,fotmob_expected,expected_xi,,T2,0.0,,34.9,DL,1,0.5,4,,,,,0,34.9,8,0.8076,0.0,0.2431,-0.8076,1.3258,1.4782,1.1149,1.6274,1.0979,-0.734978,-73.498,model,history,3331.0,medium,monitor,no_action,,0.0,,,no_action,"history_resolver,no_xi_yet,fixture_t2",FotMob Expected XI,odds_api_io,event_id=61301277;market=Anytime Goalscorer
2026-05-21T20:25:05Z,2026-05-21T20:24:45Z,2026-05-24,,Bet365,England - Premier League,Tottenham Hotspur,Everton FC,1,9105,Radu Dragusin,Radu Dragusin,Tottenham,Everton FC,Sub,Sub,12.0,0.083333,0.021925,45.6092,0.0222,1.6279,0.0136,0.0222,0.0222,0.0,0.0222,1.0,,0.0,0,0.0,0.0,0.45,recent_long,0.0,1.0,0.0,0.0,0.0,,,0,none,0.0,0.0,0.0,0,,,unknown,unknown,fotmob_expected,expected_xi,,T2,0.0,,65.0,DC,1,1.0,6,,,,,0,65.0,8,0.1589,0.0,0.028,-0.1589,1.6623,1.6658,1.0021,1.0372,1.201,-0.736895,-73.689,model,history,2193.0,medium,monitor,no_action,,0.0,,,no_action,"history_resolver,no_xi_yet,fixture_t2",FotMob Expected XI,odds_api_io,event_id=61301283;market=Anytime Goalscorer
2026-05-21T20:25:05Z,2026-05-21T20:24:45Z,2026-05-24,,Bet365,England - Premier League,Burnley FC,Wolverhampton Wanderers,0,10140,Hugo Bueno,Hugo Bueno,Wolverhampton Wanderers,Burnley FC,Sub,Sub,10.0,0.1,0.026127,38.2751,0.0265,1.2301,0.0215,0.0265,0.0265,0.0,0.0265,1.0,,0.0,0,0.0,0.0,1.01,recent_long,0.0,4.0,0.0,0.0,0.0,,,0,none,0.0,0.0,0.0,0,,,expected_starter,expected_starter,fotmob_expected,expected_xi,Santiago Bueno,T2,0.0,,78.0,DML,2,1.0,8,DEF,1,4-2-3-1,-1,0,78.0,8,0.2029,0.0,0.0366,-0.2029,1.6295,2.0671,1.2685,0.8783,1.25,-0.738734,-73.873,model,history,3051.0,medium,monitor,no_action,,0.0,,,no_action,"history_resolver,expected_xi,fixture_t2",FotMob Expected XI,odds_api_io,event_id=61301269;market=Anytime Goalscorer
2026-05-21T20:25:05Z,2026-05-21T20:24:45Z,2026-05-24,,Bet365,England - Premier League,Brighton & Hove Albion,Manchester United,0,11766,Manuel Ugarte,Manuel Ugarte,Manchester United,Brighton & Hove Albion,DMC,DMC,11.0,0.090909,0.023517,42.5227,0.0238,1.3718,0.0173,0.0238,0.0238,0.0,0.0238,1.0,,0.0,0,0.0,0.0,1.69,recent_long,0.0,6.0,0.0,0.0,0.0,,,0,none,0.0,0.0,0.0,0,,,unknown,unknown,fotmob_expected,expected_xi,,T2,0.0,,37.9,DMC,2,0.75,4,,,,,0,37.9,8,0.655,0.0,0.2632,-0.655,1.5469,1.1851,0.7661,1.3069,0.9369,-0.741315,-74.131,model,history,2652.0,medium,monitor,no_action,,0.0,,,no_action,"history_resolver,no_xi_yet,fixture_t2",FotMob Expected XI,odds_api_io,event_id=61301267;market=Anytime Goalscorer
2026-05-21T20:25:05Z,2026-05-21T20:24:45Z,2026-05-24,,Bet365,England - Premier League,Sunderland AFC,Chelsea FC,1,13719,Chris Rigg,Chris Rigg,Sunderland,Chelsea FC,Sub,Sub,6.5,0.153846,0.039229,25.4912,0.04,1.4247,0.0281,0.04,0.04,0.0,0.04,1.0,,0.0,0,0.0,0.0,1.34,recent_long,0.0,2.0,0.0,0.0,0.0,,,0,none,0.0,0.0,0.0,0,,,unknown,unknown,fotmob_expected,expected_xi,,T2,0.0,,50.0,AMR,4,0.7143,7,,,,,0,50.0,8,0.5512,1.0,0.112,0.4488,1.5941,1.5824,0.9926,0.9438,1.1552,-0.74501,-74.501,model,history,779.0,medium,monitor,no_action,,0.0,,,no_action,"history_resolver,no_xi_yet,fixture_t2",FotMob Expected XI,odds_api_io,event_id=61301281;market=Anytime Goalscorer
2026-05-21T20:25:05Z,2026-05-21T20:24:45Z,2026-05-24,,Bet365,England - Premier League,Liverpool FC,Brentford FC,1,6326,Ibrahima Konate,Ibrahima Konate,Liverpool,Brentford FC,DC,DC,7.0,0.142857,0.035355,28.2844,0.036,1.9542,0.0184,0.036,0.036,0.0,0.036,1.0,,0.0,0,0.0,0.0,0.59,recent_long,0.0,16.0,0.0,0.0,0.0,,,0,none,0.0,0.0,0.0,0,,,expected_starter,expected_starter,fotmob_expected,expected_xi,Ibrahima Konaté,T2,0.0,,87.8,DC,1,1.0,10,DEF,1,4-2-3-1,0,0,87.8,8,0.0,0.0,0.0,0.0,1.4806,1.6949,1.1447,1.2288,1.217,-0.752514,-75.251,model,history,7176.0,medium,monitor,no_action,,0.0,,,no_action,"history_resolver,expected_xi,fixture_t2",FotMob Expected XI,odds_api_io,event_id=61301275;market=Anytime Goalscorer
2026-05-21T20:25:05Z,2026-05-21T20:24:45Z,2026-05-24,,Bet365,England - Premier League,Crystal Palace,Arsenal FC,1,6104,Will Hughes,Will Hughes,Crystal Palace,Arsenal FC,MC,MC,10.0,0.1,0.024737,40.4257,0.025,1.4526,0.0172,0.025,0.025,0.0,0.025,1.0,,0.0,0,0.0,0.0,3.34,recent_long,0.0,12.0,0.0,0.0,0.0,,,0,none,0.0,0.0,0.0,0,,,unknown,unknown,none,none,,T2,1.0,no_lineup_payload,56.2,MC,3,1.0,7,,,,,0,56.2,8,0.0796,0.0,0.0211,-0.0796,1.5334,1.3,0.8478,1.1116,1.0,-0.752632,-75.263,model,history,5561.0,medium,monitor,no_action,,0.0,,,no_action,"history_resolver,no_xi_yet,fixture_t2",,odds_api_io,event_id=61301271;market=Anytime Goalscorer
2026-05-21T20:25:05Z,2026-05-21T20:24:45Z,2026-05-24,,Bet365,England - Premier League,Nottingham Forest,AFC Bournemouth,0,6820,David Brooks,David Brooks,Bournemouth,Nottingham Forest,Sub,Sub,3.25,0.307692,0.075773,13.1974,0.0788,1.8709,0.0421,0.0788,0.0788,0.0,0.0788,1.0,,0.0,0,0.0,0.0,1.98,recent_long,0.0,9.0,0.0,0.0,0.0,,,0,none,0.0,0.0,0.0,0,,,unknown,unknown,fotmob_expected,expected_xi,,T2,0.0,,29.5,AMR,4,0.5,2,,,,,0,29.5,8,1.0095,0.0,0.452,-1.0095,1.5795,1.8408,1.1654,1.3359,1.25,-0.753739,-75.374,model,history,2365.0,medium,monitor,no_action,,0.0,,,no_action,"history_resolver,no_xi_yet,fixture_t2",FotMob Expected XI,odds_api_io,event_id=61301279;market=Anytime Goalscorer
2026-05-21T20:25:05Z,2026-05-21T20:24:45Z,2026-05-24,,Bet365,England - Premier League,Nottingham Forest,AFC Bournemouth,1,5722,Ibrahim Sangare,Ibrahim Sangare,Nottingham Forest,AFC Bournemouth,Sub,Sub,8.5,0.117647,0.028811,34.7088,0.0292,1.5951,0.0183,0.0292,0.0292,0.0,0.0292,1.0,,0.0,0,0.0,0.0,0.42,recent_long,0.0,2.0,0.0,0.0,0.0,,,0,none,0.0,0.0,0.0,0,,,unknown,unknown,fotmob_expected,expected_xi,,T2,0.0,,78.0,DMC,2,0.7778,9,,,,,0,78.0,8,0.0392,0.0,0.0058,-0.0392,1.7255,1.5281,0.8856,1.0847,1.1253,-0.755105,-75.511,model,history,3679.0,medium,monitor,no_action,,0.0,,,no_action,"history_resolver,no_xi_yet,fixture_t2",FotMob Expected XI,odds_api_io,event_id=61301279;market=Anytime Goalscorer
2026-05-21T20:25:05Z,2026-05-21T20:24:45Z,2026-05-24,,Bet365,England - Premier League,Manchester City,Aston Villa,0,2203,Emiliano Buendia,Emiliano Buendia,Aston Villa,Manchester City,AML,AML,5.5,0.181818,0.044522,22.4607,0.0455,1.3099,0.0348,0.0455,0.0455,0.0,0.0455,1.0,,0.0,0,0.0,0.0,0.0,none,0.0,0.0,0.0,0.0,0.0,,,1,secondary,0.0,0.0,0.0,0,,,expected_starter,expected_starter,fotmob_expected,expected_xi,Emiliano Buendía,T2,0.0,,78.0,AML,4,0.8,5,AM,4,4-2-3-1,0,0,78.0,8,0.4581,1.0,0.1356,0.5419,1.7469,1.1747,0.6724,1.2556,0.9312,-0.755128,-75.513,model,history,1688.0,medium,monitor,no_action,,0.0,,,no_action,"history_resolver,expected_xi,fixture_t2",FotMob Expected XI,odds_api_io,event_id=61301277;market=Anytime Goalscorer
2026-05-21T20:25:05Z,2026-05-21T20:24:45Z,2026-05-24,,Bet365,England - Premier League,Fulham FC,Newcastle United,0,8941,Jacob Ramsey,Jacob Ramsey,Newcastle United,Fulham FC,AML,AML,5.5,0.181818,0.042314,23.6326,0.0432,1.7296,0.025,0.0432,0.0432,0.0,0.0432,1.0,,0.0,0,0.0,0.0,2.05,recent_long,0.0,8.0,0.0,0.0,0.0,,,0,none,0.0,0.0,0.0,0,,,expected_starter,expected_starter,fotmob_expected,expected_xi,Jacob Ramsey,T2,0.0,,78.0,DMC,2,0.4286,7,AM,4,4-2-3-1,2,0,78.0,8,0.2565,0.0,0.0507,-0.2565,1.432,1.7964,1.2545,1.235,1.25,-0.767271,-76.727,model,history,3820.0,medium,monitor,no_action,,0.0,,,no_action,"history_resolver,expected_xi,fixture_t2",FotMob Expected XI,odds_api_io,event_id=61301273;market=Anytime Goalscorer
2026-05-21T20:25:05Z,2026-05-21T20:24:45Z,2026-05-24,,Bet365,England - Premier League,Tottenham Hotspur,Everton FC,1,5743,Randal Muani,Randal Muani,Tottenham,Everton FC,AMR,AMR,2.625,0.380952,0.088521,11.2967,0.0927,1.6279,0.0569,0.0927,0.0927,0.0,0.0927,1.0,,0.0,0,0.0,0.0,0.0,none,0.0,0.0,0.0,0.0,0.0,,,0,none,0.0,0.0,0.0,0,,,expected_starter,expected_starter,fotmob_expected,expected_xi,Randal Kolo Muani,T2,0.0,,78.0,AMR,4,0.5,8,AM,4,4-2-3-1,0,0,78.0,8,0.6306,0.0,0.1305,-0.6306,1.6607,1.6658,1.0031,1.0372,1.201,-0.767631,-76.763,model,history,1622.0,medium,monitor,no_action,,0.0,,,no_action,"history_resolver,expected_xi,fixture_t2",FotMob Expected XI,odds_api_io,event_id=61301283;market=Anytime Goalscorer
2026-05-21T20:25:05Z,2026-05-21T20:24:45Z,2026-05-24,,Bet365,England - Premier League,Nottingham Forest,AFC Bournemouth,0,8211,Amine Adli,Amine Adli,Bournemouth,Nottingham Forest,Sub,Sub,4.0,0.25,0.057874,17.2789,0.0596,1.8709,0.0319,0.0596,0.0596,0.0,0.0596,1.0,,0.0,0,0.0,0.0,2.52,recent_long,0.0,4.0,0.0,0.0,0.0,,,0,none,0.0,0.0,0.0,0,,,unknown,unknown,fotmob_expected,expected_xi,,T2,0.0,,38.0,AML,4,1.0,4,,,,,0,38.0,8,0.1301,0.0,0.0552,-0.1301,1.5795,1.8408,1.1654,1.3359,1.25,-0.768504,-76.85,model,history,1023.0,medium,monitor,no_action,,0.0,,,no_action,"history_resolver,no_xi_yet,fixture_t2",FotMob Expected XI,odds_api_io,event_id=61301279;market=Anytime Goalscorer
2026-05-21T20:25:05Z,2026-05-21T20:24:45Z,2026-05-24,,Bet365,England - Premier League,Fulham FC,Newcastle United,1,12410,Joshua King,Joshua King,Fulham,Newcastle United,Sub,Sub,4.0,0.25,0.057424,17.4143,0.0591,1.6275,0.0363,0.0591,0.0591,0.0,0.0591,1.0,,0.0,0,0.0,0.0,2.11,recent_long,0.0,3.0,0.0,0.0,0.0,,,0,none,0.0,0.0,0.0,0,,,unknown,unknown,fotmob_expected,expected_xi,,T2,0.0,,27.7,AMC,4,1.0,4,,,,,0,27.7,8,1.6732,1.0,0.5359,-0.6732,1.5466,1.8486,1.1953,0.9963,1.25,-0.770303,-77.03,model,history,1408.0,medium,monitor,no_action,,0.0,,,no_action,"history_resolver,no_xi_yet,fixture_t2",FotMob Expected XI,odds_api_io,event_id=61301273;market=Anytime Goalscorer
2026-05-21T20:25:05Z,2026-05-21T20:24:45Z,2026-05-24,,Bet365,England - Premier League,Sunderland AFC,Chelsea FC,1,14424,Nilson Angulo,Nilson Angulo,Sunderland,Chelsea FC,AML,AML,5.0,0.2,0.045104,22.1708,0.0462,1.4247,0.0324,0.0462,0.0462,0.0,0.0462,1.0,,0.0,0,0.0,0.0,1.66,recent_long,0.0,2.0,0.0,0.0,0.0,,,0,none,0.0,0.0,0.0,0,,,expected_starter,expected_starter,fotmob_expected,expected_xi,Nilson Angulo,T2,0.0,,78.0,AML,4,0.5,4,AM,4,4-2-3-1,0,0,78.0,7,0.5581,0.0,0.1431,-0.5581,1.6142,1.5824,0.9803,0.9438,1.1552,-0.774478,-77.448,model,history,351.0,low,suppress,no_action,,0.0,,,no_action,"history_lt_500,fixture_t2",FotMob Expected XI,odds_api_io,event_id=61301281;market=Anytime Goalscorer
2026-05-21T20:25:05Z,2026-05-21T20:24:45Z,2026-05-24,,Bet365,England - Premier League,Crystal Palace,Arsenal FC,1,12409,Adam Wharton,Adam Wharton,Crystal Palace,Arsenal FC,MC,MC,10.0,0.1,0.021622,46.2486,0.0219,1.4526,0.015,0.0219,0.0219,0.0,0.0219,1.0,,0.0,0,0.0,0.0,3.56,recent_long,0.0,11.0,0.0,0.0,0.0,,,0,none,0.0,0.0,0.0,0,,,unknown,unknown,none,none,,T2,1.0,no_lineup_payload,69.6,MC,3,1.0,6,,,,,0,69.6,8,0.3431,1.0,0.0647,0.6569,1.5014,1.3,0.8658,1.1116,1.0,-0.783777,-78.378,model,history,5250.0,medium,monitor,no_action,,0.0,,,no_action,"history_resolver,no_xi_yet,fixture_t2",,odds_api_io,event_id=61301271;market=Anytime Goalscorer
2026-05-21T20:25:05Z,2026-05-21T20:24:45Z,2026-05-24,,Bet365,England - Premier League,West Ham United,Leeds United,0,6544,Lukas Nmecha,Lukas Nmecha,Leeds,West Ham United,Sub,Sub,3.25,0.307692,0.066356,15.0703,0.0687,1.4294,0.0402,0.0574,0.0574,0.0112,0.0687,1.0,,0.1633,0,0.1903,0.1903,3.94,recent_long,3.0,7.0,0.4286,0.0,0.0,,,1,secondary,0.0,0.0,0.0031,0,,,unknown,unknown,fotmob_expected,expected_xi,,T2,0.0,,30.0,FW,5,1.0,2,,,,,0,30.0,8,1.0345,0.0,0.368,-1.0345,1.6553,1.5434,0.9324,1.1254,1.1337,-0.784344,-78.434,model,history,986.0,medium,monitor,no_action,,0.0,,,no_action,"history_resolver,no_xi_yet,fixture_t2",FotMob Expected XI,odds_api_io,event_id=61301285;market=Anytime Goalscorer
2026-05-21T20:25:05Z,2026-05-21T20:24:45Z,2026-05-24,,Bet365,England - Premier League,Burnley FC,Wolverhampton Wanderers,1,7498,Lyle Foster,Lyle Foster,Burnley,Wolverhampton Wanderers,Sub,Sub,2.875,0.347826,0.072945,13.709,0.0757,1.3748,0.0551,0.0757,0.0757,0.0,0.0757,1.0,,0.0,0,0.0,0.0,1.07,recent_long,0.0,4.0,0.0,0.0,0.0,,,1,secondary,0.0,0.0,0.0,0,,,unknown,unknown,fotmob_expected,expected_xi,,T2,0.0,,41.7,FW,5,0.5,4,,,,,0,41.7,8,0.9966,0.0,0.2563,-0.9966,1.4679,1.9433,1.3239,0.8416,1.25,-0.790283,-79.028,model,history,3313.0,medium,monitor,no_action,,0.0,,,no_action,"history_resolver,no_xi_yet,fixture_t2",FotMob Expected XI,odds_api_io,event_id=61301269;market=Anytime Goalscorer
2026-05-21T20:25:05Z,2026-05-21T20:24:45Z,2026-05-24,,Bet365,England - Premier League,Sunderland AFC,Chelsea FC,0,8067,Reece James,Reece James,Chelsea,Sunderland AFC,Sub,Sub,7.5,0.133333,0.027884,35.8626,0.0283,1.6965,0.0167,0.0283,0.0283,0.0,0.0283,1.0,,0.0,0,0.0,0.0,2.24,recent_long,0.0,5.0,0.0,0.0,0.0,,,0,none,0.0,0.0,0.0,0,,,unknown,unknown,fotmob_expected,expected_xi,,T2,0.0,,70.3,DR,1,0.5714,7,,,,,0,70.3,8,0.1825,0.0,0.0293,-0.1825,1.558,1.6978,1.0897,1.2426,1.2186,-0.790868,-79.087,model,history,3377.0,medium,monitor,no_action,,0.0,,,no_action,"history_resolver,no_xi_yet,fixture_t2",FotMob Expected XI,odds_api_io,event_id=61301281;market=Anytime Goalscorer
2026-05-21T20:25:05Z,2026-05-21T20:24:45Z,2026-05-24,,Bet365,England - Premier League,Fulham FC,Newcastle United,0,8117,Nick Woltemade,Nick Woltemade,Newcastle United,Fulham FC,AMC,AMC,3.0,0.333333,0.068717,14.5525,0.0712,1.7296,0.0397,0.0687,0.0687,0.0025,0.0712,1.0,,0.0356,0,0.0312,0.0312,1.7,recent_long,1.0,5.0,0.2,0.0,0.0,,,0,none,0.0,0.0,0.0012,0,,,expected_starter,expected_starter,fotmob_expected,expected_xi,Nick Woltemade,T2,0.0,,78.0,AMC,4,0.8333,6,AM,4,4-2-3-1,0,0,78.0,8,0.6037,1.0,0.1539,0.3963,1.3996,1.7964,1.2835,1.235,1.25,-0.79385,-79.385,model,history,1870.0,medium,monitor,no_action,,0.0,,,no_action,"history_resolver,expected_xi,fixture_t2",FotMob Expected XI,odds_api_io,event_id=61301273;market=Anytime Goalscorer
2026-05-21T20:25:05Z,2026-05-21T20:24:45Z,2026-05-24,,Bet365,England - Premier League,Sunderland AFC,Chelsea FC,0,13776,Jorrel Hato,Jorrel Hato,Chelsea,Sunderland AFC,DL,DL,12.0,0.083333,0.017158,58.2802,0.0173,1.6965,0.0102,0.0173,0.0173,0.0,0.0173,1.0,,0.0,0,0.0,0.0,2.57,recent_long,0.0,5.0,0.0,0.0,0.0,,,0,none,0.0,0.0,0.0,0,,,expected_starter,expected_starter,fotmob_expected,expected_xi,Jorrel Hato,T2,0.0,,78.0,DL,1,0.5714,7,DEF,1,4-2-3-1,0,0,78.0,8,0.0712,0.0,0.0103,-0.0712,1.3874,1.6978,1.2237,1.2426,1.2186,-0.794098,-79.41,model,history,985.0,medium,monitor,no_action,,0.0,,,no_action,"history_resolver,expected_xi,fixture_t2",FotMob Expected XI,odds_api_io,event_id=61301281;market=Anytime Goalscorer
2026-05-21T20:25:05Z,2026-05-21T20:24:45Z,2026-05-24,,Bet365,England - Premier League,Manchester City,Aston Villa,0,1823,Lucas Digne,Lucas Digne,Aston Villa,Manchester City,DL,DL,19.0,0.052632,0.010723,93.2554,0.0108,1.3099,0.0082,0.0108,0.0108,0.0,0.0108,1.0,,0.0,0,0.0,0.0,0.0,none,0.0,6.0,0.0,0.0,0.0,,,0,none,0.0,0.0,0.0,0,,,expected_starter,expected_starter,fotmob_expected,expected_xi,Lucas Digne,T2,0.0,,78.0,DL,1,1.0,7,DEF,1,4-2-3-1,0,0,78.0,8,0.11,0.0,0.0185,-0.11,1.7791,1.1747,0.6603,1.2556,0.9312,-0.796258,-79.626,model,history,6676.0,medium,monitor,no_action,,0.0,,,no_action,"history_resolver,expected_xi,fixture_t2",FotMob Expected XI,odds_api_io,event_id=61301277;market=Anytime Goalscorer
2026-05-21T20:25:05Z,2026-05-21T20:24:45Z,2026-05-24,,Bet365,England - Premier League,Nottingham Forest,AFC Bournemouth,0,14027,Veljko Milosavljevic,Veljko Milosavljevic,Bournemouth,Nottingham Forest,Sub,Sub,11.0,0.090909,0.018433,54.2509,0.0186,1.8709,0.0099,0.0186,0.0186,0.0,0.0186,1.0,,0.0,0,0.0,0.0,1.0,recent_long,0.0,1.0,0.0,0.0,0.0,,,0,none,0.0,0.0,0.0,0,,,unknown,unknown,fotmob_expected,expected_xi,,T2,0.0,,49.4,DC,1,1.0,4,,,,,0,49.4,7,0.3574,0.0,0.0886,-0.3574,1.4892,1.8408,1.2361,1.3359,1.25,-0.797238,-79.724,model,history,363.0,low,suppress,no_action,,0.0,,,no_action,"history_lt_500,fixture_t2",FotMob Expected XI,odds_api_io,event_id=61301279;market=Anytime Goalscorer
2026-05-21T20:25:05Z,2026-05-21T20:24:45Z,2026-05-24,,Bet365,England - Premier League,Manchester City,Aston Villa,0,6080,Victor Lindelof,Victor Lindelof,Aston Villa,Manchester City,DMC,DMC,26.0,0.038462,0.00762,99.0,0.0076,1.3099,0.0058,0.0076,0.0076,0.0,0.0076,1.0,,0.0,0,0.0,0.0,1.09,recent_long,0.0,8.0,0.0,0.0,0.0,,,0,none,0.0,0.0,0.0,0,,,expected_starter,expected_starter,fotmob_expected,expected_xi,Victor Nilsson Lindelöf,T2,0.0,,78.0,DC,1,0.75,8,DMC,2,4-2-3-1,1,0,78.0,8,0.1561,0.0,0.0287,-0.1561,1.7469,1.1747,0.6724,1.2556,0.9312,-0.80187,-80.187,model,history,2881.0,medium,monitor,no_action,,0.0,,,no_action,"history_resolver,expected_xi,fixture_t2",FotMob Expected XI,odds_api_io,event_id=61301277;market=Anytime Goalscorer
2026-05-21T20:25:05Z,2026-05-21T20:24:45Z,2026-05-24,,Bet365,England - Premier League,Brighton & Hove Albion,Manchester United,0,11174,Kobbie Mainoo,Kobbie Mainoo,Manchester United,Brighton & Hove Albion,DMC,DMC,9.5,0.105263,0.020721,48.2611,0.0209,1.3718,0.0153,0.0209,0.0209,0.0,0.0209,1.0,,0.0,0,0.0,0.0,2.43,recent_long,0.0,13.0,0.0,0.0,0.0,,,0,none,0.0,0.0,0.0,0,,,expected_starter,expected_starter,fotmob_expected,expected_xi,Kobbie Mainoo,T2,0.0,,86.8,DMC,2,1.0,10,DMC,2,4-2-3-1,0,0,86.8,8,0.2277,1.0,0.0287,0.7723,1.6104,1.1851,0.7359,1.3069,0.9369,-0.803154,-80.315,model,history,5173.0,medium,monitor,no_action,,0.0,,,no_action,"history_resolver,expected_xi,fixture_t2",FotMob Expected XI,odds_api_io,event_id=61301267;market=Anytime Goalscorer
2026-05-21T20:25:05Z,2026-05-21T20:24:45Z,2026-05-24,,Bet365,England - Premier League,Burnley FC,Wolverhampton Wanderers,1,13728,Josh Laurent,Josh Laurent,Burnley,Wolverhampton Wanderers,Sub,Sub,6.0,0.166667,0.032753,30.5316,0.0333,1.3748,0.0242,0.0333,0.0333,0.0,0.0333,1.0,,0.0,0,0.0,0.0,0.56,recent_long,0.0,2.0,0.0,0.0,0.0,,,0,none,0.0,0.0,0.0,0,,,unknown,unknown,fotmob_expected,expected_xi,,T2,0.0,,47.3,MC,3,0.3333,6,,,,,0,47.3,8,0.5283,0.0,0.1299,-0.5283,1.3063,1.9433,1.4877,0.8416,1.25,-0.803483,-80.348,model,history,1720.0,medium,monitor,no_action,,0.0,,,no_action,"history_resolver,no_xi_yet,fixture_t2",FotMob Expected XI,odds_api_io,event_id=61301269;market=Anytime Goalscorer
2026-05-21T20:25:05Z,2026-05-21T20:24:45Z,2026-05-24,,Bet365,England - Premier League,Burnley FC,Wolverhampton Wanderers,1,9977,Loum Tchaouna,Loum Tchaouna,Burnley,Wolverhampton Wanderers,AMR,AMR,4.0,0.25,0.048829,20.4796,0.0501,1.3748,0.0364,0.0501,0.0501,0.0,0.0501,1.0,,0.0,0,0.0,0.0,0.37,recent_long,0.0,1.0,0.0,0.0,0.0,,,0,none,0.0,0.0,0.0,0,,,expected_starter,expected_starter,fotmob_expected,expected_xi,Loum Tchaouna,T2,0.0,,78.0,MR,3,0.5,4,AM,4,4-2-3-1,1,0,78.0,8,0.3463,1.0,0.0831,0.6537,1.3063,1.9433,1.4877,0.8416,1.25,-0.804684,-80.468,model,history,1183.0,medium,monitor,no_action,,0.0,,,no_action,"history_resolver,expected_xi,fixture_t2",FotMob Expected XI,odds_api_io,event_id=61301269;market=Anytime Goalscorer
2026-05-21T20:25:05Z,2026-05-21T20:24:45Z,2026-05-24,,Bet365,England - Premier League,Brighton & Hove Albion,Manchester United,1,13711,Maxim De Cuyper,Maxim De Cuyper,Brighton,Manchester United,DL,DL,5.0,0.2,0.038429,26.0218,0.0392,1.6264,0.0241,0.0392,0.0392,0.0,0.0392,1.0,,0.0,0,0.0,0.0,1.46,recent_long,0.0,5.0,0.0,0.0,0.0,,,0,none,0.0,0.0,0.0,0,,,expected_starter,expected_starter,fotmob_expected,expected_xi,Maxim De Cuyper,T2,0.0,,78.0,DL,1,1.0,4,DEF,1,4-2-3-1,0,0,78.0,8,0.1284,0.0,0.0511,-0.1284,1.742,1.3153,0.7551,1.2342,1.0084,-0.807853,-80.785,model,history,1363.0,medium,monitor,no_action,,0.0,,,no_action,"history_resolver,expected_xi,fixture_t2",FotMob Expected XI,odds_api_io,event_id=61301267;market=Anytime Goalscorer
2026-05-21T20:25:05Z,2026-05-21T20:24:45Z,2026-05-24,,Bet365,England - Premier League,Manchester City,Aston Villa,0,11807,Ian Maatsen,Ian Maatsen,Aston Villa,Manchester City,Sub,Sub,11.0,0.090909,0.017188,58.1796,0.0173,1.3099,0.0132,0.0173,0.0173,0.0,0.0173,1.0,,0.0,0,0.0,0.0,0.24,recent_long,0.0,7.0,0.0,0.0,0.0,,,0,none,0.0,0.0,0.0,0,,,unknown,unknown,fotmob_expected,expected_xi,,T2,0.0,,54.4,DL,1,1.0,6,,,,,0,54.4,8,0.3749,0.0,0.0922,-0.3749,1.7469,1.1747,0.6724,1.2556,0.9312,-0.81093,-81.093,model,history,2739.0,medium,monitor,no_action,,0.0,,,no_action,"history_resolver,no_xi_yet,fixture_t2",FotMob Expected XI,odds_api_io,event_id=61301277;market=Anytime Goalscorer
2026-05-21T20:25:05Z,2026-05-21T20:24:45Z,2026-05-24,,Bet365,England - Premier League,Tottenham Hotspur,Everton FC,0,7438,James Garner,James Garner,Everton,Tottenham Hotspur,DMC,DMC,7.5,0.133333,0.025184,39.7083,0.0255,1.4729,0.0173,0.0255,0.0255,0.0,0.0255,1.0,,0.0,0,0.0,0.0,0.66,recent_long,0.0,7.0,0.0,0.0,0.0,,,0,none,0.0,0.0,0.0,0,,,expected_starter,expected_starter,fotmob_expected,expected_xi,James Garner,T2,0.0,,90.0,DMC,2,0.9,10,DMC,2,4-2-3-1,0,0,90.0,8,0.16,0.0,0.02,-0.16,1.5013,1.59,1.059,1.134,1.1593,-0.811122,-81.112,model,history,7946.0,medium,monitor,no_action,,0.0,,,no_action,"history_resolver,expected_xi,fixture_t2",FotMob Expected XI,odds_api_io,event_id=61301283;market=Anytime Goalscorer
2026-05-21T20:25:05Z,2026-05-21T20:24:45Z,2026-05-24,,Bet365,England - Premier League,Liverpool FC,Brentford FC,1,13692,Rio Ngumoha,Rio Ngumoha,Liverpool,Brentford FC,AML,AML,2.875,0.347826,0.064823,15.4267,0.067,1.9542,0.0343,0.067,0.067,0.0,0.067,1.0,,0.0,0,0.0,0.0,0.88,recent_long,0.0,2.0,0.0,0.0,0.0,,,0,none,0.0,0.0,0.0,0,,,expected_starter,expected_starter,fotmob_expected,expected_xi,Rio Ngumoha,T2,0.0,,78.0,AML,4,1.0,4,AM,4,4-2-3-1,0,0,78.0,8,0.6613,1.0,0.1622,0.3387,1.4806,1.6949,1.1447,1.2288,1.217,-0.813635,-81.364,model,history,439.0,low,suppress,no_action,,0.0,,,no_action,"history_lt_500,fixture_t2",FotMob Expected XI,odds_api_io,event_id=61301275;market=Anytime Goalscorer
2026-05-21T20:25:05Z,2026-05-21T20:24:45Z,2026-05-24,,Bet365,England - Premier League,Tottenham Hotspur,Everton FC,0,11331,Merlin Rohl,Merlin Rohl,Everton,Tottenham Hotspur,AMR,AMR,5.5,0.181818,0.033246,30.0784,0.0338,1.4729,0.023,0.0338,0.0338,0.0,0.0338,1.0,,0.0,0,0.0,0.0,0.0,none,0.0,0.0,0.0,0.0,0.0,,,0,none,0.0,0.0,0.0,0,,,expected_starter,expected_starter,fotmob_expected,expected_xi,Merlin Röhl,T2,0.0,,78.0,AMR,4,0.6,5,AM,4,4-2-3-1,0,0,78.0,8,0.3121,1.0,0.0715,0.6879,1.5013,1.59,1.059,1.134,1.1593,-0.817145,-81.714,model,history,583.0,medium,monitor,no_action,,0.0,,,no_action,"history_resolver,expected_xi,fixture_t2",FotMob Expected XI,odds_api_io,event_id=61301283;market=Anytime Goalscorer
2026-05-21T20:25:05Z,2026-05-21T20:24:45Z,2026-05-24,,Bet365,England - Premier League,Manchester City,Aston Villa,1,7603,Marc Guehi,Marc Guehi,Manchester City,Aston Villa,D,D,5.5,0.181818,0.033037,30.2688,0.0336,2.3349,0.0144,0.0336,0.0336,0.0,0.0336,1.0,,0.0,0,0.0,0.0,0.0,none,0.0,0.0,0.0,0.0,0.0,,,0,none,0.0,0.0,0.0,0,,,expected_starter,expected_starter,fotmob_expected,expected_xi,Marc Guéhi,T2,0.0,,80.0,DC,1,1.0,10,DEF,1,4-1-4-1,0,0,80.0,8,0.5572,0.0,0.0697,-0.5572,1.3574,1.4782,1.089,1.6274,1.0979,-0.818295,-81.829,fallback,live_roster,5081.0,low,suppress,no_action,,0.0,,,no_action,"fallback_method,fixture_t2,stale_history",FotMob Expected XI,odds_api_io,event_id=61301277;market=Anytime Goalscorer
2026-05-21T20:25:05Z,2026-05-21T20:24:45Z,2026-05-24,,Bet365,England - Premier League,Tottenham Hotspur,Everton FC,0,9554,Timothy Iroegbunam,Timothy Iroegbunam,Everton,Tottenham Hotspur,DMC,DMC,8.5,0.117647,0.020909,47.8261,0.0211,1.4729,0.0143,0.0211,0.0211,0.0,0.0211,1.0,,0.0,0,0.0,0.0,0.39,recent_long,0.0,2.0,0.0,0.0,0.0,,,0,none,0.0,0.0,0.0,0,,,expected_starter,expected_starter,fotmob_expected,expected_xi,Tim Iroegbunam,T2,0.0,,78.0,DMC,2,1.0,5,DMC,2,4-2-3-1,0,0,78.0,8,0.1985,0.0,0.0466,-0.1985,1.5013,1.59,1.059,1.134,1.1593,-0.822273,-82.227,model,history,2076.0,medium,monitor,no_action,,0.0,,,no_action,"history_resolver,expected_xi,fixture_t2",FotMob Expected XI,odds_api_io,event_id=61301283;market=Anytime Goalscorer
2026-05-21T20:25:05Z,2026-05-21T20:24:45Z,2026-05-24,,Bet365,England - Premier League,Manchester City,Aston Villa,1,8961,Ruben Dias,Ruben Dias,Manchester City,Aston Villa,DC,DC,9.5,0.105263,0.018444,54.2178,0.0186,2.3349,0.008,0.0186,0.0186,0.0,0.0186,1.0,,0.0,0,0.0,0.0,2.11,recent_long,0.0,13.0,0.0,0.0,0.0,,,0,none,0.0,0.0,0.0,0,,,unknown,unknown,fotmob_expected,expected_xi,,T2,0.0,,81.5,DC,1,1.0,9,,,,,0,81.5,8,0.1049,0.0,0.0155,-0.1049,1.6179,1.4782,0.9136,1.6274,1.0979,-0.824781,-82.478,model,history,6866.0,medium,monitor,no_action,,0.0,,,no_action,"history_resolver,no_xi_yet,fixture_t2",FotMob Expected XI,odds_api_io,event_id=61301277;market=Anytime Goalscorer
2026-05-21T20:25:05Z,2026-05-21T20:24:45Z,2026-05-24,,Bet365,England - Premier League,Tottenham Hotspur,Everton FC,1,12912,Lucas Bergvall,Lucas Bergvall,Tottenham,Everton FC,Sub,Sub,6.5,0.153846,0.026938,37.1227,0.0273,1.6279,0.0168,0.0273,0.0273,0.0,0.0273,1.0,,0.0,0,0.0,0.0,0.37,recent_long,0.0,2.0,0.0,0.0,0.0,,,0,none,0.0,0.0,0.0,0,,,unknown,unknown,fotmob_expected,expected_xi,,T2,0.0,,32.8,AMC,4,0.6667,3,,,,,0,32.8,8,0.3928,0.0,0.1708,-0.3928,1.6607,1.6658,1.0031,1.0372,1.201,-0.824905,-82.49,model,history,2143.0,medium,monitor,no_action,,0.0,,,no_action,"history_resolver,no_xi_yet,fixture_t2",FotMob Expected XI,odds_api_io,event_id=61301283;market=Anytime Goalscorer
2026-05-21T20:25:05Z,2026-05-21T20:24:45Z,2026-05-24,,Bet365,England - Premier League,Burnley FC,Wolverhampton Wanderers,1,9487,Maxime Esteve,Maxime Esteve,Burnley,Wolverhampton Wanderers,DC,DC,10.0,0.1,0.016588,60.286,0.0167,1.3748,0.0122,0.0167,0.0167,0.0,0.0167,1.0,,0.0,0,0.0,0.0,0.68,recent_long,0.0,4.0,0.0,0.0,0.0,,,0,none,0.0,0.0,0.0,0,,,expected_starter,expected_starter,fotmob_expected,expected_xi,Maxime Estève,T2,0.0,,88.0,DC,1,1.0,10,DEF,1,4-2-3-1,0,0,88.0,8,0.0375,0.0,0.0048,-0.0375,1.3063,1.9433,1.4877,0.8416,1.25,-0.834124,-83.412,model,history,4260.0,medium,monitor,no_action,,0.0,,,no_action,"history_resolver,expected_xi,fixture_t2",FotMob Expected XI,odds_api_io,event_id=61301269;market=Anytime Goalscorer
2026-05-21T20:25:05Z,2026-05-21T20:24:45Z,2026-05-24,,Bet365,England - Premier League,West Ham United,Leeds United,0,11362,Facundo Buonanotte,Facundo Buonanotte,Leeds United,West Ham United,M S,M S,4.75,0.210526,0.034791,28.7434,0.0354,1.4294,0.0248,0.0354,0.0354,0.0,0.0354,1.0,,0.0,0,0.0,0.0,1.24,recent_long,0.0,7.0,0.0,0.0,0.0,,,0,none,0.0,0.0,0.0,0,,,unknown,unknown,fotmob_expected,expected_xi,,T2,0.0,,32.6,AMR,4,1.0,2,,,,,0,32.6,8,0.8709,1.0,0.3453,0.1291,1.5259,1.5434,1.0114,1.1254,1.1337,-0.834744,-83.474,model,live_roster,2906.0,medium,monitor,no_action,,0.0,,,no_action,"live_roster_resolver,fixture_t2",FotMob Expected XI,odds_api_io,event_id=61301285;market=Anytime Goalscorer
2026-05-21T20:25:05Z,2026-05-21T20:24:45Z,2026-05-24,,Bet365,England - Premier League,Brighton & Hove Albion,Manchester United,1,13206,Matt O'Riley,Matt O'Riley,Brighton,Manchester United,Sub,Sub,3.75,0.266667,0.043767,22.848,0.0448,1.6264,0.022,0.0358,0.0358,0.009,0.0448,1.0,,0.2012,0,0.3695,0.3695,4.07,recent_long,2.0,7.0,0.2857,0.0,0.0,,,1,secondary,0.0,0.0,0.0024,0,,,unknown,unknown,fotmob_expected,expected_xi,,T2,0.0,,38.9,AMC,4,1.0,4,,,,,0,38.9,8,0.3786,0.0,0.1528,-0.3786,1.6839,1.3153,0.7811,1.2342,1.0084,-0.835872,-83.587,model,history,1129.0,medium,monitor,no_action,,0.0,,,no_action,"history_resolver,no_xi_yet,fixture_t2",FotMob Expected XI,odds_api_io,event_id=61301267;market=Anytime Goalscorer
2026-05-21T20:25:05Z,2026-05-21T20:24:45Z,2026-05-24,,Bet365,England - Premier League,Burnley FC,Wolverhampton Wanderers,1,5355,Jacob Bruun Larsen,Jacob Bruun Larsen,Burnley,Wolverhampton Wanderers,Sub,Sub,2.875,0.347826,0.057053,17.5274,0.0587,1.3748,0.0422,0.0581,0.0581,0.0007,0.0587,1.0,,0.0117,0,0.0306,0.0306,1.06,recent_long,1.0,4.0,0.25,0.0,0.0,,,1,tertiary,0.0,0.0,0.0004,0,,,expected_starter,expected_starter,fotmob_expected,expected_xi,Jacob Bruun Larsen,T2,0.0,,78.0,MR,3,0.5,2,AM,4,4-2-3-1,1,0,78.0,8,0.1397,0.0,0.0967,-0.1397,1.3876,1.9433,1.4005,0.8416,1.25,-0.835971,-83.597,model,history,2274.0,medium,monitor,no_action,,0.0,,,no_action,"history_resolver,expected_xi,fixture_t2",FotMob Expected XI,odds_api_io,event_id=61301269;market=Anytime Goalscorer
2026-05-21T20:25:05Z,2026-05-21T20:24:45Z,2026-05-24,,Bet365,England - Premier League,Fulham FC,Newcastle United,0,5786,Yoane Wissa,Yoane Wissa,Newcastle United,Fulham FC,Sub,Sub,2.875,0.347826,0.055534,18.0069,0.0571,1.7296,0.033,0.0571,0.0571,0.0,0.0571,1.0,,0.0,0,0.0,0.0,2.25,recent_long,0.0,11.0,0.0,0.0,0.0,,,0,none,0.0,0.0,0.0,0,,,unknown,unknown,fotmob_expected,expected_xi,,T2,0.0,,24.8,FW,5,1.0,2,,,,,0,24.8,8,1.4955,0.0,0.9347,-1.4955,1.432,1.7964,1.2545,1.235,1.25,-0.840339,-84.034,model,history,5972.0,medium,monitor,no_action,,0.0,,,no_action,"history_resolver,no_xi_yet,fixture_t2",FotMob Expected XI,odds_api_io,event_id=61301273;market=Anytime Goalscorer
2026-05-21T20:25:05Z,2026-05-21T20:24:45Z,2026-05-24,,Bet365,England - Premier League,Manchester City,Aston Villa,0,7546,Harvey Elliott,Harvey Elliott,Aston Villa,Manchester City,M S,M S,6.5,0.153846,0.024334,41.0952,0.0246,1.3099,0.0188,0.0246,0.0246,0.0,0.0246,1.0,,0.0,0,0.0,0.0,2.69,recent_long,0.0,10.0,0.0,0.0,0.0,,,0,none,0.0,0.0,0.0,0,,,unknown,unknown,fotmob_expected,expected_xi,,T2,0.0,,23.2,AMC,4,1.0,2,,,,,0,23.2,8,1.5134,1.0,0.512,-0.5134,1.2569,1.1747,0.9346,1.2556,0.9312,-0.841831,-84.183,model,live_roster,1588.0,medium,monitor,no_action,,0.0,,,no_action,"live_roster_resolver,fixture_t2",FotMob Expected XI,odds_api_io,event_id=61301277;market=Anytime Goalscorer
2026-05-21T20:25:05Z,2026-05-21T20:24:45Z,2026-05-24,,Bet365,England - Premier League,Manchester City,Aston Villa,1,6674,Rayan Ait Nouri,Rayan Ait Nouri,Manchester City,Aston Villa,AMC,AMC,6.5,0.153846,0.023895,41.8504,0.0242,2.3349,0.0104,0.0242,0.0242,0.0,0.0242,1.0,,0.0,0,0.0,0.0,1.12,recent_long,0.0,6.0,0.0,0.0,0.0,,,0,none,0.0,0.0,0.0,0,,,unknown,unknown,fotmob_expected,expected_xi,,T2,0.0,,63.4,DL,1,0.8889,9,,,,,0,63.4,8,0.29,0.0,0.0439,-0.29,1.7195,1.4782,0.8597,1.6274,1.0979,-0.844685,-84.468,model,history,6542.0,medium,monitor,no_action,,0.0,,,no_action,"history_resolver,no_xi_yet,fixture_t2",FotMob Expected XI,odds_api_io,event_id=61301277;market=Anytime Goalscorer
2026-05-21T20:25:05Z,2026-05-21T20:24:45Z,2026-05-24,,Bet365,England - Premier League,West Ham United,Leeds United,0,5595,Daniel James,Daniel James,Leeds,West Ham United,DMR,DMR,4.333,0.230787,0.035785,27.9449,0.0364,1.4294,0.0255,0.0364,0.0364,0.0,0.0364,1.0,,0.0,0,0.0,0.0,2.59,recent_long,0.0,4.0,0.0,0.0,0.0,,,0,none,0.0,0.0,0.0,0,,,expected_starter,expected_starter,fotmob_expected,expected_xi,Daniel James,T2,0.0,,78.0,DMR,2,0.6667,3,MID,3,3-4-2-1,1,0,78.0,8,0.1857,0.0,0.0977,-0.1857,1.6553,1.5434,0.9324,1.1254,1.1337,-0.844945,-84.495,model,history,520.0,medium,monitor,no_action,,0.0,,,no_action,"history_resolver,expected_xi,fixture_t2",FotMob Expected XI,odds_api_io,event_id=61301285;market=Anytime Goalscorer
2026-05-21T20:25:05Z,2026-05-21T20:24:45Z,2026-05-24,,Bet365,England - Premier League,Manchester City,Aston Villa,0,8864,Matty Cash,Matty Cash,Aston Villa,Manchester City,DR,DR,9.5,0.105263,0.016174,61.8289,0.0163,1.3099,0.0124,0.0163,0.0163,0.0,0.0163,1.0,,0.0,0,0.0,0.0,0.0,none,0.0,7.0,0.0,0.0,0.0,,,0,none,0.0,0.0,0.0,0,,,expected_starter,expected_starter,fotmob_expected,expected_xi,Matty Cash,T2,0.0,,87.1,DR,1,1.0,10,DEF,1,4-2-3-1,0,0,87.1,8,0.1087,0.0,0.0144,-0.1087,1.7469,1.1747,0.6724,1.2556,0.9312,-0.84635,-84.635,model,history,7226.0,medium,monitor,no_action,,0.0,,,no_action,"history_resolver,expected_xi,fixture_t2",FotMob Expected XI,odds_api_io,event_id=61301277;market=Anytime Goalscorer
2026-05-21T20:25:05Z,2026-05-21T20:24:45Z,2026-05-24,,Bet365,England - Premier League,Sunderland AFC,Chelsea FC,1,13718,Eliezer Mayenda,Eliezer Mayenda,Sunderland,Chelsea FC,Sub,Sub,3.75,0.266667,0.040638,24.6077,0.0415,1.4247,0.0291,0.0415,0.0415,0.0,0.0415,1.0,,0.0,0,0.0,0.0,2.52,recent_long,0.0,4.0,0.0,0.0,0.0,,,0,none,0.0,0.0,0.0,0,,,unknown,unknown,fotmob_expected,expected_xi,,T2,0.0,,32.4,FW,5,1.0,4,,,,,0,32.4,8,0.9073,1.0,0.3202,0.0927,1.467,1.5824,1.0787,0.9438,1.1552,-0.847609,-84.761,model,history,740.0,medium,monitor,no_action,,0.0,,,no_action,"history_resolver,no_xi_yet,fixture_t2",FotMob Expected XI,odds_api_io,event_id=61301281;market=Anytime Goalscorer
2026-05-21T20:25:05Z,2026-05-21T20:24:45Z,2026-05-24,,Bet365,England - Premier League,Manchester City,Aston Villa,1,8393,Omar Marmoush,Omar Marmoush,Manchester City,Aston Villa,FW,FW,1.909,0.523834,0.079017,12.6555,0.0823,2.3349,0.0353,0.0823,0.0823,0.0,0.0823,1.0,,0.0,0,0.0,0.0,2.06,recent_long,0.0,5.0,0.0,0.0,0.0,,,1,secondary,0.0,0.0,0.0,0,,,unknown,unknown,fotmob_expected,expected_xi,,T2,0.0,,37.2,FW,5,0.8333,6,,,,,0,37.2,8,1.9237,2.0,0.4233,0.0763,1.5398,1.4782,0.96,1.6274,1.0979,-0.849157,-84.916,model,history,1876.0,medium,monitor,no_action,,0.0,,,no_action,"history_resolver,no_xi_yet,fixture_t2",FotMob Expected XI,odds_api_io,event_id=61301277;market=Anytime Goalscorer
2026-05-21T20:25:05Z,2026-05-21T20:24:45Z,2026-05-24,,Bet365,England - Premier League,Liverpool FC,Brentford FC,1,987,Joe Gomez,Joe Gomez,Liverpool,Brentford FC,DR,DR,9.5,0.105263,0.015864,63.0376,0.016,1.9542,0.0082,0.016,0.016,0.0,0.016,1.0,,0.0,0,0.0,0.0,0.8,recent_long,0.0,12.0,0.0,0.0,0.0,,,0,none,0.0,0.0,0.0,0,,,expected_starter,expected_starter,fotmob_expected,expected_xi,Joseph Gomez,T2,0.0,,78.0,DR,1,0.5,4,DEF,1,4-2-3-1,0,0,78.0,8,0.1427,0.0,0.044,-0.1427,1.5373,1.6949,1.1025,1.2288,1.217,-0.849296,-84.93,model,history,2835.0,medium,monitor,no_action,,0.0,,,no_action,"history_resolver,expected_xi,fixture_t2",FotMob Expected XI,odds_api_io,event_id=61301275;market=Anytime Goalscorer
2026-05-21T20:25:05Z,2026-05-21T20:24:45Z,2026-05-24,,Bet365,England - Premier League,Manchester City,Aston Villa,1,6055,Phil Foden,Phil Foden,Manchester City,Aston Villa,DMC,DMC,2.6,0.384615,0.05685,17.59,0.0585,2.3349,0.0251,0.0585,0.0585,0.0,0.0585,1.0,,0.0,0,0.0,0.0,1.34,recent_long,0.0,15.0,0.0,0.0,0.0,,,1,tertiary,0.0,0.0,0.0,0,,,unknown,unknown,fotmob_expected,expected_xi,,T2,0.0,,41.3,MC,3,0.3333,3,,,,,0,41.3,8,0.9687,0.0,0.371,-0.9687,1.5398,1.4782,0.96,1.6274,1.0979,-0.852189,-85.219,model,history,6626.0,medium,monitor,no_action,,0.0,,,no_action,"history_resolver,no_xi_yet,fixture_t2",FotMob Expected XI,odds_api_io,event_id=61301277;market=Anytime Goalscorer
2026-05-21T20:25:05Z,2026-05-21T20:24:45Z,2026-05-24,,Bet365,England - Premier League,Fulham FC,Newcastle United,1,11903,Oscar Bobb,Oscar Bobb,Fulham FC,Newcastle United,F M S,F M S,4.5,0.222222,0.032026,31.2245,0.0326,1.6275,0.02,0.0326,0.0326,0.0,0.0326,1.0,,0.0,0,0.0,0.0,0.0,none,0.0,0.0,0.0,0.0,0.0,,,0,none,0.0,0.0,0.0,0,,,expected_starter,expected_starter,fotmob_expected,expected_xi,Oscar Bobb,T2,0.0,,78.0,AMR,4,0.5,2,AM,4,4-2-3-1,0,0,78.0,8,1.3177,1.0,0.6855,-0.3177,1.6925,1.8486,1.0923,0.9963,1.25,-0.855882,-85.588,fallback,live_roster,269.0,low,suppress,no_action,,0.0,,,no_action,"fallback_method,fixture_t2,stale_history",FotMob Expected XI,odds_api_io,event_id=61301273;market=Anytime Goalscorer
2026-05-21T20:25:05Z,2026-05-21T20:24:45Z,2026-05-24,,Bet365,England - Premier League,Liverpool FC,Brentford FC,0,9677,Kristoffer Ajer,Kristoffer Ajer,Brentford,Liverpool FC,DC,DC,13.0,0.076923,0.01061,94.2529,0.0107,1.5423,0.0069,0.0107,0.0107,0.0,0.0107,1.0,,0.0,0,0.0,0.0,2.68,recent_long,0.0,10.0,0.0,0.0,0.0,,,0,none,0.0,0.0,0.0,0,,,expected_starter,expected_starter,fotmob_expected,expected_xi,Kristoffer Ajer,T2,0.0,,78.0,DC,1,1.0,7,DEF,1,4-2-3-1,0,0,78.0,8,0.0092,0.0,0.0015,-0.0092,1.4715,1.5344,1.0428,1.2196,1.1288,-0.862073,-86.207,model,history,5104.0,medium,monitor,no_action,,0.0,,,no_action,"history_resolver,expected_xi,fixture_t2",FotMob Expected XI,odds_api_io,event_id=61301275;market=Anytime Goalscorer
2026-05-21T20:25:05Z,2026-05-21T20:24:45Z,2026-05-24,,Bet365,England - Premier League,Crystal Palace,Arsenal FC,1,9024,Yeremy Pino,Yeremy Pino,Crystal Palace,Arsenal FC,AMC,AMC,5.5,0.181818,0.024301,41.1506,0.0246,1.4526,0.0169,0.0246,0.0246,0.0,0.0246,1.0,,0.0,0,0.0,0.0,3.15,recent_long,0.0,7.0,0.0,0.0,0.0,,,0,none,0.0,0.0,0.0,0,,,unknown,unknown,none,none,,T2,1.0,no_lineup_payload,51.9,AMC,4,0.5,6,,,,,0,51.9,8,0.209,0.0,0.0561,-0.209,1.5245,1.3,0.8527,1.1116,1.0,-0.866345,-86.634,model,history,2093.0,medium,monitor,no_action,,0.0,,,no_action,"history_resolver,no_xi_yet,fixture_t2",,odds_api_io,event_id=61301271;market=Anytime Goalscorer
2026-05-21T20:25:05Z,2026-05-21T20:24:45Z,2026-05-24,,Bet365,England - Premier League,Tottenham Hotspur,Everton FC,0,10291,Vitaliy Mykolenko,Vitaliy Mykolenko,Everton,Tottenham Hotspur,DL,DL,15.0,0.066667,0.008858,99.0,0.0089,1.4729,0.006,0.0089,0.0089,0.0,0.0089,1.0,,0.0,0,0.0,0.0,0.72,recent_long,0.0,5.0,0.0,0.0,0.0,,,0,none,0.0,0.0,0.0,0,,,expected_starter,expected_starter,fotmob_expected,expected_xi,Vitaliy Mykolenko,T2,0.0,,89.8,DL,1,1.0,10,DEF,1,4-2-3-1,0,0,89.8,8,0.0,0.0,0.0,0.0,1.5013,1.59,1.059,1.134,1.1593,-0.86713,-86.713,model,history,8440.0,medium,monitor,no_action,,0.0,,,no_action,"history_resolver,expected_xi,fixture_t2",FotMob Expected XI,odds_api_io,event_id=61301283;market=Anytime Goalscorer
2026-05-21T20:25:05Z,2026-05-21T20:24:45Z,2026-05-24,,Bet365,England - Premier League,Crystal Palace,Arsenal FC,1,6145,Daichi Kamada,Daichi Kamada,Crystal Palace,Arsenal FC,MC,MC,5.5,0.181818,0.023743,42.1177,0.024,1.4526,0.0165,0.024,0.024,0.0,0.024,1.0,,0.0,0,0.0,0.0,3.43,recent_long,0.0,10.0,0.0,0.0,0.0,,,0,none,0.0,0.0,0.0,0,,,unknown,unknown,none,none,,T2,1.0,no_lineup_payload,57.3,MC,3,1.0,6,,,,,0,57.3,8,0.2198,0.0,0.0525,-0.2198,1.5014,1.3,0.8658,1.1116,1.0,-0.869414,-86.941,model,history,3402.0,medium,monitor,no_action,,0.0,,,no_action,"history_resolver,no_xi_yet,fixture_t2",,odds_api_io,event_id=61301271;market=Anytime Goalscorer
2026-05-21T20:25:05Z,2026-05-21T20:24:45Z,2026-05-24,,Bet365,England - Premier League,Burnley FC,Wolverhampton Wanderers,1,11824,Lucas Pires,Lucas Pires,Burnley,Wolverhampton Wanderers,DL,DL,6.0,0.166667,0.021712,46.0572,0.022,1.3748,0.016,0.022,0.022,0.0,0.022,1.0,,0.0,0,0.0,0.0,0.35,recent_long,0.0,1.0,0.0,0.0,0.0,,,0,none,0.0,0.0,0.0,0,,,expected_starter,expected_starter,fotmob_expected,expected_xi,Lucas Pires,T2,0.0,,78.0,DML,2,0.5,6,DEF,1,4-2-3-1,-1,0,78.0,8,0.038,0.0,0.0077,-0.038,1.3063,1.9433,1.4877,0.8416,1.25,-0.869727,-86.973,model,history,1301.0,medium,monitor,no_action,,0.0,,,no_action,"history_resolver,expected_xi,fixture_t2",FotMob Expected XI,odds_api_io,event_id=61301269;market=Anytime Goalscorer
2026-05-21T20:25:05Z,2026-05-21T20:24:45Z,2026-05-24,,Bet365,England - Premier League,Brighton & Hove Albion,Manchester United,1,10527,Carlos Baleba,Carlos Baleba,Brighton,Manchester United,DMC,DMC,5.5,0.181818,0.023488,42.5755,0.0238,1.6264,0.0146,0.0238,0.0238,0.0,0.0238,1.0,,0.0,0,0.0,0.0,1.04,recent_long,0.0,15.0,0.0,0.0,0.0,,,0,none,0.0,0.0,0.0,0,,,expected_starter,expected_starter,fotmob_expected,expected_xi,Carlos Baleba,T2,0.0,,78.0,DMC,2,0.8333,6,DMC,2,4-2-3-1,0,0,78.0,8,0.2074,0.0,0.0427,-0.2074,1.742,1.3153,0.7551,1.2342,1.0084,-0.870818,-87.082,model,history,5684.0,medium,monitor,no_action,,0.0,,,no_action,"history_resolver,expected_xi,fixture_t2",FotMob Expected XI,odds_api_io,event_id=61301267;market=Anytime Goalscorer
2026-05-21T20:25:05Z,2026-05-21T20:24:45Z,2026-05-24,,Bet365,England - Premier League,Nottingham Forest,AFC Bournemouth,1,10348,Omari Giraud-Hutchinson,Omari Giraud-Hutchinson,Nottingham Forest,AFC Bournemouth,MR,MR,5.0,0.2,0.025523,39.1806,0.0259,1.5951,0.0162,0.0259,0.0259,0.0,0.0259,1.0,,0.0,0,0.0,0.0,1.53,recent_long,0.0,4.0,0.0,0.0,0.0,,,0,none,0.0,0.0,0.0,0,,,expected_starter,expected_starter,fotmob_expected,expected_xi,Omari Hutchinson,T2,0.0,,78.0,AMR,4,0.5714,7,MID,3,4-4-2,-1,0,78.0,8,0.2106,0.0,0.0423,-0.2106,1.5979,1.5281,0.9563,1.0847,1.1253,-0.872386,-87.239,model,history,4202.0,medium,monitor,no_action,,0.0,,,no_action,"history_resolver,expected_xi,fixture_t2",FotMob Expected XI,odds_api_io,event_id=61301279;market=Anytime Goalscorer
2026-05-21T20:25:05Z,2026-05-21T20:24:45Z,2026-05-24,,Bet365,England - Premier League,Burnley FC,Wolverhampton Wanderers,1,9558,Hannibal Mejbri,Hannibal Mejbri,Burnley,Wolverhampton Wanderers,AMC,AMC,5.5,0.181818,0.022973,43.5286,0.0232,1.3748,0.0169,0.0232,0.0232,0.0,0.0232,1.0,,0.0,0,0.0,0.0,0.6,recent_long,0.0,2.0,0.0,0.0,0.0,,,0,none,0.0,0.0,0.0,0,,,unknown,unknown,fotmob_expected,expected_xi,,T2,0.0,,58.1,MC,3,0.5556,9,,,,,0,58.1,8,0.2447,0.0,0.0409,-0.2447,1.3063,1.9433,1.4877,0.8416,1.25,-0.873646,-87.365,model,history,1299.0,medium,monitor,no_action,,0.0,,,no_action,"history_resolver,no_xi_yet,fixture_t2",FotMob Expected XI,odds_api_io,event_id=61301269;market=Anytime Goalscorer
2026-05-21T20:25:05Z,2026-05-21T20:24:45Z,2026-05-24,,Bet365,England - Premier League,Tottenham Hotspur,Everton FC,0,12757,Harrison Armstrong,Harrison Armstrong,Everton,Tottenham Hotspur,Sub,Sub,8.5,0.117647,0.014647,68.2749,0.0148,1.4729,0.01,0.0148,0.0148,0.0,0.0148,1.0,,0.0,0,0.0,0.0,0.78,recent_long,0.0,1.0,0.0,0.0,0.0,,,0,none,0.0,0.0,0.0,0,,,unknown,unknown,fotmob_expected,expected_xi,,T2,0.0,,38.9,AML,4,0.3333,6,,,,,0,38.9,8,0.4391,0.0,0.1275,-0.4391,1.2205,1.59,1.3028,1.134,1.1593,-0.875503,-87.55,model,history,497.0,low,suppress,no_action,,0.0,,,no_action,"history_lt_500,fixture_t2",FotMob Expected XI,odds_api_io,event_id=61301283;market=Anytime Goalscorer
2026-05-21T20:25:05Z,2026-05-21T20:24:45Z,2026-05-24,,Bet365,England - Premier League,Brighton & Hove Albion,Manchester United,0,10696,Noussair Mazraoui,Noussair Mazraoui,Manchester United,Brighton & Hove Albion,DR,DR,17.0,0.058824,0.007141,99.0,0.0072,1.3718,0.0052,0.0072,0.0072,0.0,0.0072,1.0,,0.0,0,0.0,0.0,2.03,recent_long,0.0,7.0,0.0,0.0,0.0,,,0,none,0.0,0.0,0.0,0,,,unknown,unknown,fotmob_expected,expected_xi,,T2,0.0,,52.1,DR,1,0.75,4,,,,,0,52.1,8,0.1803,0.0,0.0352,-0.1803,1.6374,1.1851,0.7238,1.3069,0.9369,-0.878604,-87.861,model,history,3794.0,medium,monitor,no_action,,0.0,,,no_action,"history_resolver,no_xi_yet,fixture_t2",FotMob Expected XI,odds_api_io,event_id=61301267;market=Anytime Goalscorer
2026-05-21T20:25:05Z,2026-05-21T20:24:45Z,2026-05-24,,Bet365,England - Premier League,Tottenham Hotspur,Everton FC,1,8831,Destiny Udogie,Destiny Udogie,Tottenham,Everton FC,DL,DL,9.5,0.105263,0.012491,80.0558,0.0126,1.6279,0.0077,0.0126,0.0126,0.0,0.0126,1.0,,0.0,0,0.0,0.0,0.8,recent_long,0.0,4.0,0.0,0.0,0.0,,,0,none,0.0,0.0,0.0,0,,,expected_starter,expected_starter,fotmob_expected,expected_xi,Destiny Udogie,T2,0.0,,78.0,DL,1,0.875,8,DEF,1,4-2-3-1,0,0,78.0,8,0.0795,0.0,0.0123,-0.0795,1.3646,1.6658,1.2207,1.0372,1.201,-0.881333,-88.133,model,history,5568.0,medium,monitor,no_action,,0.0,,,no_action,"history_resolver,expected_xi,fixture_t2",FotMob Expected XI,odds_api_io,event_id=61301283;market=Anytime Goalscorer
2026-05-21T20:25:05Z,2026-05-21T20:24:45Z,2026-05-24,,Bet365,England - Premier League,Brighton & Hove Albion,Manchester United,1,11385,Yasin Ayari,Yasin Ayari,Brighton,Manchester United,Sub,Sub,3.75,0.266667,0.031638,31.6076,0.0321,1.6264,0.0198,0.0321,0.0321,0.0,0.0321,1.0,,0.0,0,0.0,0.0,2.15,recent_long,0.0,12.0,0.0,0.0,0.0,,,0,none,0.0,0.0,0.0,0,,,unknown,unknown,fotmob_expected,expected_xi,,T2,0.0,,48.2,MC,3,0.5,4,,,,,0,48.2,8,0.1798,0.0,0.0749,-0.1798,1.6159,1.3153,0.814,1.2342,1.0084,-0.881358,-88.136,model,history,3895.0,medium,monitor,no_action,,0.0,,,no_action,"history_resolver,no_xi_yet,fixture_t2",FotMob Expected XI,odds_api_io,event_id=61301267;market=Anytime Goalscorer
2026-05-21T20:25:05Z,2026-05-21T20:24:45Z,2026-05-24,,Bet365,England - Premier League,Brighton & Hove Albion,Manchester United,0,10802,Lisandro Martinez,Lisandro Martinez,Manchester United,Brighton & Hove Albion,DC,DC,17.0,0.058824,0.006915,99.0,0.0069,1.3718,0.0051,0.0069,0.0069,0.0,0.0069,1.0,,0.0,0,0.0,0.0,0.82,recent_long,0.0,4.0,0.0,0.0,0.0,,,0,none,0.0,0.0,0.0,0,,,expected_starter,expected_starter,fotmob_expected,expected_xi,Lisandro Martínez,T2,0.0,,78.0,DC,1,1.0,10,DEF,1,4-2-3-1,0,0,78.0,8,0.0733,0.0,0.0096,-0.0733,1.6355,1.1851,0.7246,1.3069,0.9369,-0.882452,-88.245,model,history,3545.0,medium,monitor,no_action,,0.0,,,no_action,"history_resolver,expected_xi,fixture_t2",FotMob Expected XI,odds_api_io,event_id=61301267;market=Anytime Goalscorer
2026-05-21T20:25:05Z,2026-05-21T20:24:45Z,2026-05-24,,Bet365,England - Premier League,Brighton & Hove Albion,Manchester United,0,7768,Mason Mount,Mason Mount,Manchester United,Brighton & Hove Albion,Sub,Sub,4.333,0.230787,0.027117,36.8777,0.0275,1.3718,0.02,0.0275,0.0275,0.0,0.0275,1.0,,0.0,0,0.0,0.0,2.67,recent_long,0.0,8.0,0.0,0.0,0.0,,,0,none,0.0,0.0,0.0,0,,,unknown,unknown,fotmob_expected,expected_xi,,T2,0.0,,38.5,AMC,4,0.75,4,,,,,0,38.5,8,0.0312,0.0,0.0145,-0.0312,1.6361,1.1851,0.7243,1.3069,0.9369,-0.882504,-88.25,model,history,2071.0,medium,monitor,no_action,,0.0,,,no_action,"history_resolver,no_xi_yet,fixture_t2",FotMob Expected XI,odds_api_io,event_id=61301267;market=Anytime Goalscorer
2026-05-21T20:25:05Z,2026-05-21T20:24:45Z,2026-05-24,,Bet365,England - Premier League,Crystal Palace,Arsenal FC,1,603,Nathaniel Clyne,Nathaniel Clyne,Crystal Palace,Arsenal FC,Sub,Sub,15.0,0.066667,0.007769,99.0,0.0078,1.4526,0.0054,0.0078,0.0078,0.0,0.0078,1.0,,0.0,0,0.0,0.0,3.27,recent_long,0.0,7.0,0.0,0.0,0.0,,,0,none,0.0,0.0,0.0,0,,,unknown,unknown,none,none,,T2,1.0,no_lineup_payload,47.6,DMR,2,1.0,6,,,,,0,47.6,8,0.2702,0.0,0.0466,-0.2702,1.4173,1.3,0.9172,1.1116,1.0,-0.883462,-88.346,model,history,2347.0,medium,monitor,no_action,,0.0,,,no_action,"history_resolver,no_xi_yet,fixture_t2",,odds_api_io,event_id=61301271;market=Anytime Goalscorer
2026-05-21T20:25:05Z,2026-05-21T20:24:45Z,2026-05-24,,Bet365,England - Premier League,Nottingham Forest,AFC Bournemouth,1,11936,Lorenzo Lucca,Lorenzo Lucca,Nottingham Forest,AFC Bournemouth,Sub,Sub,3.1,0.322581,0.037406,26.7339,0.0381,1.5951,0.0239,0.0381,0.0381,0.0,0.0381,1.0,,0.0,0,0.0,0.0,0.0,none,0.0,0.0,0.0,0.0,0.0,,,0,none,0.0,0.0,0.0,0,,,unknown,unknown,fotmob_expected,expected_xi,,T2,0.0,,29.3,FW,5,1.0,1,,,,,0,29.3,4,1.1845,1.0,0.8738,-0.1845,1.6148,1.5281,0.9463,1.0847,1.1253,-0.884042,-88.404,model,history,122.0,low,suppress,no_action,,0.0,,,no_action,"history_lt_500,fixture_t2",FotMob Expected XI,odds_api_io,event_id=61301279;market=Anytime Goalscorer
2026-05-21T20:25:05Z,2026-05-21T20:24:45Z,2026-05-24,,Bet365,England - Premier League,Fulham FC,Newcastle United,0,6063,Alex Murphy,Alex Murphy,Newcastle United,Fulham FC,Sub,Sub,10.0,0.1,0.011588,86.293,0.0117,1.7296,0.0067,0.0117,0.0117,0.0,0.0117,1.0,,0.0,0,0.0,0.0,2.22,recent_long,0.0,17.0,0.0,0.0,0.0,,,0,none,0.0,0.0,0.0,0,,,unknown,unknown,fotmob_expected,expected_xi,,T2,0.0,,42.1,AMR,4,0.6,5,,,,,0,42.1,8,0.21,0.0,0.0433,-0.21,1.432,1.7964,1.2545,1.235,1.25,-0.884116,-88.412,model,history,5238.0,medium,monitor,no_action,,0.0,,,no_action,"history_resolver,no_xi_yet,fixture_t2",FotMob Expected XI,odds_api_io,event_id=61301273;market=Anytime Goalscorer
2026-05-21T20:25:05Z,2026-05-21T20:24:45Z,2026-05-24,,Bet365,England - Premier League,Nottingham Forest,AFC Bournemouth,1,8920,Dilane Bakwa,Dilane Bakwa,Nottingham Forest,AFC Bournemouth,Sub,Sub,4.5,0.222222,0.025716,38.8863,0.0261,1.5951,0.0163,0.0261,0.0261,0.0,0.0261,1.0,,0.0,0,0.0,0.0,1.57,recent_long,0.0,2.0,0.0,0.0,0.0,,,0,none,0.0,0.0,0.0,0,,,unknown,unknown,fotmob_expected,expected_xi,,T2,0.0,,40.9,MR,3,0.25,4,,,,,0,40.9,8,0.5577,0.0,0.1346,-0.5577,1.5979,1.5281,0.9563,1.0847,1.1253,-0.884278,-88.428,model,history,556.0,medium,monitor,no_action,,0.0,,,no_action,"history_resolver,no_xi_yet,fixture_t2",FotMob Expected XI,odds_api_io,event_id=61301279;market=Anytime Goalscorer
2026-05-21T20:25:05Z,2026-05-21T20:24:45Z,2026-05-24,,Bet365,England - Premier League,Burnley FC,Wolverhampton Wanderers,1,9451,Lesley Ugochukwu,Lesley Ugochukwu,Burnley,Wolverhampton Wanderers,DMC,DMC,5.5,0.181818,0.020563,48.6307,0.0208,1.3748,0.0151,0.0208,0.0208,0.0,0.0208,1.0,,0.0,0,0.0,0.0,0.55,recent_long,0.0,4.0,0.0,0.0,0.0,,,0,none,0.0,0.0,0.0,0,,,expected_starter,expected_starter,fotmob_expected,expected_xi,Lesley Ugochukwu,T2,0.0,,78.0,AMC,4,0.4286,7,DMC,2,4-2-3-1,-2,0,78.0,8,0.2114,0.0,0.0375,-0.2114,1.3876,1.9433,1.4005,0.8416,1.25,-0.886903,-88.69,model,history,4300.0,medium,monitor,no_action,,0.0,,,no_action,"history_resolver,expected_xi,fixture_t2",FotMob Expected XI,odds_api_io,event_id=61301269;market=Anytime Goalscorer
2026-05-21T20:25:05Z,2026-05-21T20:24:45Z,2026-05-24,,Bet365,England - Premier League,Burnley FC,Wolverhampton Wanderers,1,8384,Armando Broja,Armando Broja,Burnley,Wolverhampton Wanderers,Sub,Sub,2.4,0.416667,0.046804,21.3658,0.0479,1.3748,0.0349,0.0479,0.0479,0.0,0.0479,1.0,,0.0,0,0.0,0.0,0.94,recent_long,0.0,3.0,0.0,0.0,0.0,,,0,none,0.0,0.0,0.0,0,,,unknown,unknown,fotmob_expected,expected_xi,,T2,0.0,,37.3,FW,5,1.0,3,,,,,0,37.3,8,0.3375,0.0,0.2373,-0.3375,1.4699,1.9433,1.3221,0.8416,1.25,-0.887671,-88.767,model,history,1136.0,medium,monitor,no_action,,0.0,,,no_action,"history_resolver,no_xi_yet,fixture_t2",FotMob Expected XI,odds_api_io,event_id=61301269;market=Anytime Goalscorer
2026-05-21T20:25:05Z,2026-05-21T20:24:45Z,2026-05-24,,Bet365,England - Premier League,West Ham United,Leeds United,1,14290,Pablo Felipe,Pablo Felipe,West Ham,Leeds United,Sub,Sub,3.1,0.322581,0.036222,27.6074,0.0369,1.5111,0.0244,0.0369,0.0369,0.0,0.0369,1.0,,0.0,0,0.0,0.0,0.54,recent_long,0.0,1.0,0.0,0.0,0.0,,,0,none,0.0,0.0,0.0,0,,,unknown,unknown,fotmob_expected,expected_xi,,T2,0.0,,60.4,AMC,4,0.8571,7,,,,,0,60.4,8,0.3873,0.0,0.0658,-0.3873,1.4727,1.4427,0.9797,1.0722,1.0784,-0.887711,-88.771,model,history,796.0,medium,monitor,no_action,,0.0,,,no_action,"history_resolver,no_xi_yet,fixture_t2",FotMob Expected XI,odds_api_io,event_id=61301285;market=Anytime Goalscorer
2026-05-21T20:25:05Z,2026-05-21T20:24:45Z,2026-05-24,,Bet365,England - Premier League,Liverpool FC,Brentford FC,0,8942,Aaron Hickey,Aaron Hickey,Brentford,Liverpool FC,MC,MC,13.0,0.076923,0.008608,99.0,0.0086,1.5423,0.0056,0.0086,0.0086,0.0,0.0086,1.0,,0.0,0,0.0,0.0,3.4,recent_long,0.0,8.0,0.0,0.0,0.0,,,0,none,0.0,0.0,0.0,0,,,unknown,unknown,fotmob_expected,expected_xi,,T2,0.0,,31.1,MC,3,0.3333,3,,,,,0,31.1,8,0.0472,0.0,0.0303,-0.0472,1.4172,1.5344,1.0827,1.2196,1.1288,-0.888098,-88.81,model,history,1390.0,medium,monitor,no_action,,0.0,,,no_action,"history_resolver,no_xi_yet,fixture_t2",FotMob Expected XI,odds_api_io,event_id=61301275;market=Anytime Goalscorer
2026-05-21T20:25:05Z,2026-05-21T20:24:45Z,2026-05-24,,Bet365,England - Premier League,Tottenham Hotspur,Everton FC,0,11297,Carlos Alcaraz,Carlos Alcaraz,Everton,Tottenham Hotspur,Sub,Sub,4.75,0.210526,0.023035,43.4122,0.0233,1.4729,0.0158,0.0233,0.0233,0.0,0.0233,1.0,,0.0,0,0.0,0.0,0.42,recent_long,0.0,1.0,0.0,0.0,0.0,,,0,none,0.0,0.0,0.0,0,,,unknown,unknown,fotmob_expected,expected_xi,,T2,0.0,,34.3,AMC,4,1.0,4,,,,,0,34.3,8,0.5315,0.0,0.1499,-0.5315,1.441,1.59,1.1034,1.134,1.1593,-0.890584,-89.058,model,history,680.0,medium,monitor,no_action,,0.0,,,no_action,"history_resolver,no_xi_yet,fixture_t2",FotMob Expected XI,odds_api_io,event_id=61301283;market=Anytime Goalscorer
2026-05-21T20:25:05Z,2026-05-21T20:24:45Z,2026-05-24,,Bet365,England - Premier League,West Ham United,Leeds United,1,7332,Max Kilman,Max Kilman,West Ham,Leeds United,Sub,Sub,15.0,0.066667,0.007223,99.0,0.0072,1.5111,0.0048,0.0072,0.0072,0.0,0.0072,1.0,,0.0,0,0.0,0.0,2.05,recent_long,0.0,10.0,0.0,0.0,0.0,,,0,none,0.0,0.0,0.0,0,,,unknown,unknown,fotmob_expected,expected_xi,,T2,0.0,,62.5,DC,1,1.0,6,,,,,0,62.5,8,0.0353,0.0,0.0068,-0.0353,1.5621,1.4427,0.9236,1.0722,1.0784,-0.891661,-89.166,model,history,8320.0,medium,monitor,no_action,,0.0,,,no_action,"history_resolver,no_xi_yet,fixture_t2",FotMob Expected XI,odds_api_io,event_id=61301285;market=Anytime Goalscorer
2026-05-21T20:25:05Z,2026-05-21T20:24:45Z,2026-05-24,,Bet365,England - Premier League,Burnley FC,Wolverhampton Wanderers,0,7762,Jeanricner Bellegarde,Jeanricner Bellegarde,Wolverhampton Wanderers,Burnley FC,Sub,Sub,5.5,0.181818,0.019542,51.1707,0.0197,1.2301,0.016,0.0197,0.0197,0.0,0.0197,1.0,,0.0,0,0.0,0.0,0.65,recent_long,0.0,4.0,0.0,0.0,0.0,,,0,none,0.0,0.0,0.0,0,,,unknown,unknown,fotmob_expected,expected_xi,,T2,0.0,,48.3,AMC,4,0.6667,6,,,,,0,48.3,8,0.1973,0.0,0.0405,-0.1973,1.5385,2.0671,1.3436,0.8783,1.25,-0.892517,-89.252,model,history,3899.0,medium,monitor,no_action,,0.0,,,no_action,"history_resolver,no_xi_yet,fixture_t2",FotMob Expected XI,odds_api_io,event_id=61301269;market=Anytime Goalscorer
2026-05-21T20:25:05Z,2026-05-21T20:24:45Z,2026-05-24,,Bet365,England - Premier League,Liverpool FC,Brentford FC,0,9678,Ethan Pinnock,Ethan Pinnock,Brentford,Liverpool FC,DC,DC,11.0,0.090909,0.009604,99.0,0.0097,1.5423,0.0063,0.0097,0.0097,0.0,0.0097,1.0,,0.0,0,0.0,0.0,1.44,recent_long,0.0,6.0,0.0,0.0,0.0,,,0,none,0.0,0.0,0.0,0,,,unknown,unknown,fotmob_expected,expected_xi,,T2,0.0,,83.6,DC,1,1.0,9,,,,,0,83.6,8,0.1367,0.0,0.0179,-0.1367,1.3333,1.5344,1.1509,1.2196,1.1288,-0.89436,-89.436,model,history,4763.0,medium,monitor,no_action,,0.0,,,no_action,"history_resolver,no_xi_yet,fixture_t2",FotMob Expected XI,odds_api_io,event_id=61301275;market=Anytime Goalscorer
2026-05-21T20:25:05Z,2026-05-21T20:24:45Z,2026-05-24,,Bet365,England - Premier League,West Ham United,Leeds United,1,10770,Soungoutou Magassa,Soungoutou Magassa,West Ham,Leeds United,Sub,Sub,8.0,0.125,0.012534,79.7843,0.0126,1.5111,0.0083,0.0126,0.0126,0.0,0.0126,1.0,,0.0,0,0.0,0.0,0.57,recent_long,0.0,1.0,0.0,0.0,0.0,,,0,none,0.0,0.0,0.0,0,,,unknown,unknown,fotmob_expected,expected_xi,,T2,0.0,,43.4,MC,3,0.5,4,,,,,0,43.4,8,0.081,0.0,0.0309,-0.081,1.6982,1.4427,0.8496,1.0722,1.0784,-0.89973,-89.973,model,history,976.0,medium,monitor,no_action,,0.0,,,no_action,"history_resolver,no_xi_yet,fixture_t2",FotMob Expected XI,odds_api_io,event_id=61301285;market=Anytime Goalscorer
2026-05-21T20:25:05Z,2026-05-21T20:24:45Z,2026-05-24,,Bet365,England - Premier League,Liverpool FC,Brentford FC,0,605,Jordan Henderson,Jordan Henderson,Brentford,Liverpool FC,Sub,Sub,11.0,0.090909,0.008804,99.0,0.0088,1.5423,0.0057,0.0088,0.0088,0.0,0.0088,1.0,,0.0,0,0.0,0.0,2.43,recent_long,0.0,8.0,0.0,0.0,0.0,,,0,none,0.0,0.0,0.0,0,,,unknown,unknown,fotmob_expected,expected_xi,,T2,0.0,,45.4,DMC,2,0.8333,6,,,,,0,45.4,8,0.0,0.0,0.0,0.0,1.5281,1.5344,1.0041,1.2196,1.1288,-0.903161,-90.316,model,history,1872.0,medium,monitor,no_action,,0.0,,,no_action,"history_resolver,no_xi_yet,fixture_t2",FotMob Expected XI,odds_api_io,event_id=61301275;market=Anytime Goalscorer
2026-05-21T20:25:05Z,2026-05-21T20:24:45Z,2026-05-24,,Bet365,England - Premier League,Brighton & Hove Albion,Manchester United,0,13080,Ayden Heaven,Ayden Heaven,Manchester United,Brighton & Hove Albion,DC,DC,13.0,0.076923,0.007305,99.0,0.0073,1.3718,0.0053,0.0073,0.0073,0.0,0.0073,1.0,,0.0,0,0.0,0.0,2.78,recent_long,0.0,5.0,0.0,0.0,0.0,,,0,none,0.0,0.0,0.0,0,,,unknown,unknown,fotmob_expected,expected_xi,,T2,0.0,,57.3,DC,1,1.0,6,,,,,0,57.3,8,0.1263,0.0,0.033,-0.1263,1.5241,1.1851,0.7776,1.3069,0.9369,-0.905041,-90.504,model,history,1090.0,medium,monitor,no_action,,0.0,,,no_action,"history_resolver,no_xi_yet,fixture_t2",FotMob Expected XI,odds_api_io,event_id=61301267;market=Anytime Goalscorer
2026-05-21T20:25:05Z,2026-05-21T20:24:45Z,2026-05-24,,Bet365,England - Premier League,Nottingham Forest,AFC Bournemouth,1,11003,Ryan Yates,Ryan Yates,Nottingham Forest,AFC Bournemouth,Sub,Sub,7.5,0.133333,0.012394,80.6829,0.0125,1.5951,0.0078,0.0125,0.0125,0.0,0.0125,1.0,,0.0,0,0.0,0.0,1.36,recent_long,0.0,5.0,0.0,0.0,0.0,,,0,none,0.0,0.0,0.0,0,,,unknown,unknown,fotmob_expected,expected_xi,,T2,0.0,,26.6,MC,3,1.0,1,,,,,0,26.6,8,0.4381,0.0,0.2022,-0.4381,1.7663,1.5281,0.8651,1.0847,1.1253,-0.907044,-90.704,model,history,4379.0,medium,monitor,no_action,,0.0,,,no_action,"history_resolver,no_xi_yet,fixture_t2",FotMob Expected XI,odds_api_io,event_id=61301279;market=Anytime Goalscorer
2026-05-21T20:25:05Z,2026-05-21T20:24:45Z,2026-05-24,,Bet365,England - Premier League,Crystal Palace,Arsenal FC,1,11167,Chadi Riad,Chadi Riad,Crystal Palace,Arsenal FC,DC,DC,12.0,0.083333,0.007454,99.0,0.0075,1.4526,0.0052,0.0075,0.0075,0.0,0.0075,1.0,,0.0,0,0.0,0.0,2.57,recent_long,0.0,3.0,0.0,0.0,0.0,,,0,none,0.0,0.0,0.0,0,,,unknown,unknown,none,none,,T2,1.0,no_lineup_payload,63.8,DC,1,1.0,6,,,,,0,63.8,8,0.187,0.0,0.0357,-0.187,1.7159,1.3,0.7576,1.1116,1.0,-0.91055,-91.055,model,history,562.0,medium,monitor,no_action,,0.0,,,no_action,"history_resolver,no_xi_yet,fixture_t2",,odds_api_io,event_id=61301271;market=Anytime Goalscorer
2026-05-21T20:25:05Z,2026-05-21T20:24:45Z,2026-05-24,,Bet365,England - Premier League,Tottenham Hotspur,Everton FC,0,10292,Nathan Patterson,Nathan Patterson,Everton,Tottenham Hotspur,Sub,Sub,15.0,0.066667,0.005951,99.0,0.006,1.4729,0.0041,0.006,0.006,0.0,0.006,1.0,,0.0,0,0.0,0.0,1.08,recent_long,0.0,2.0,0.0,0.0,0.0,,,0,none,0.0,0.0,0.0,0,,,unknown,unknown,fotmob_expected,expected_xi,,T2,0.0,,36.1,DR,1,0.8333,6,,,,,0,36.1,8,0.1702,0.0,0.047,-0.1702,1.4414,1.59,1.1031,1.134,1.1593,-0.910737,-91.074,model,history,1552.0,medium,monitor,no_action,,0.0,,,no_action,"history_resolver,no_xi_yet,fixture_t2",FotMob Expected XI,odds_api_io,event_id=61301283;market=Anytime Goalscorer
2026-05-21T20:25:05Z,2026-05-21T20:24:45Z,2026-05-24,,Bet365,England - Premier League,Liverpool FC,Brentford FC,0,11772,Yegor Yarmolyuk,Yegor Yarmolyuk,Brentford,Liverpool FC,DMC,DMC,9.5,0.105263,0.009393,99.0,0.0094,1.5423,0.0061,0.0094,0.0094,0.0,0.0094,1.0,,0.0,0,0.0,0.0,3.45,recent_long,0.0,16.0,0.0,0.0,0.0,,,0,none,0.0,0.0,0.0,0,,,unknown,unknown,fotmob_expected,expected_xi,,T2,0.0,,71.2,DMC,2,0.75,8,,,,,0,71.2,8,0.0251,0.0,0.0035,-0.0251,1.4715,1.5344,1.0428,1.2196,1.1288,-0.910764,-91.076,model,history,4714.0,medium,monitor,no_action,,0.0,,,no_action,"history_resolver,no_xi_yet,fixture_t2",FotMob Expected XI,odds_api_io,event_id=61301275;market=Anytime Goalscorer
2026-05-21T20:25:05Z,2026-05-21T20:24:45Z,2026-05-24,,Bet365,England - Premier League,West Ham United,Leeds United,1,13723,El Hadji Diouf,El Hadji Diouf,West Ham,Leeds United,DML,DML,7.5,0.133333,0.011858,84.3336,0.0119,1.5111,0.0079,0.0119,0.0119,0.0,0.0119,1.0,,0.0,0,0.0,0.0,0.6,recent_long,0.0,2.0,0.0,0.0,0.0,,,0,none,0.0,0.0,0.0,0,,,expected_starter,expected_starter,fotmob_expected,expected_xi,Malick Diouf,T2,0.0,,85.0,DL,1,0.7,10,MID,3,3-4-2-1,2,0,85.0,8,0.1083,0.0,0.0138,-0.1083,1.4727,1.4427,0.9797,1.0722,1.0784,-0.911067,-91.107,model,history,2621.0,medium,monitor,no_action,,0.0,,,no_action,"history_resolver,expected_xi,fixture_t2",FotMob Expected XI,odds_api_io,event_id=61301285;market=Anytime Goalscorer
2026-05-21T20:25:05Z,2026-05-21T20:24:45Z,2026-05-24,,Bet365,England - Premier League,Sunderland AFC,Chelsea FC,0,10004,Romeo Lavia,Romeo Lavia,Chelsea,Sunderland AFC,DMC,DMC,7.5,0.133333,0.011405,87.6825,0.0115,1.6965,0.0068,0.0115,0.0115,0.0,0.0115,1.0,,0.0,0,0.0,0.0,2.21,recent_long,0.0,5.0,0.0,0.0,0.0,,,0,none,0.0,0.0,0.0,0,,,unknown,unknown,fotmob_expected,expected_xi,,T2,0.0,,35.3,DMC,2,0.75,4,,,,,0,35.3,8,0.2767,0.0,0.0922,-0.2767,1.3867,1.6978,1.2243,1.2426,1.2186,-0.914464,-91.446,model,history,1196.0,medium,monitor,no_action,,0.0,,,no_action,"history_resolver,no_xi_yet,fixture_t2",FotMob Expected XI,odds_api_io,event_id=61301281;market=Anytime Goalscorer
2026-05-21T20:25:05Z,2026-05-21T20:24:45Z,2026-05-24,,Bet365,England - Premier League,Brighton & Hove Albion,Manchester United,1,6937,Georginio Rutter,Georginio Rutter,Brighton,Manchester United,Sub,Sub,3.0,0.333333,0.028285,35.3545,0.0287,1.6264,0.0176,0.0287,0.0287,0.0,0.0287,1.0,,0.0,0,0.0,0.0,1.43,recent_long,0.0,7.0,0.0,0.0,0.0,,,0,none,0.0,0.0,0.0,0,,,unknown,unknown,fotmob_expected,expected_xi,,T2,0.0,,37.8,FW,5,0.5,4,,,,,0,37.8,8,0.4881,1.0,0.183,0.5119,1.742,1.3153,0.7551,1.2342,1.0084,-0.915145,-91.515,model,history,3450.0,medium,monitor,no_action,,0.0,,,no_action,"history_resolver,no_xi_yet,fixture_t2",FotMob Expected XI,odds_api_io,event_id=61301267;market=Anytime Goalscorer
2026-05-21T20:25:05Z,2026-05-21T20:24:45Z,2026-05-24,,Bet365,England - Premier League,Sunderland AFC,Chelsea FC,1,7432,Reinildo Mandava,Reinildo Mandava,Sunderland,Chelsea FC,DL,DL,15.0,0.066667,0.005633,99.0,0.0056,1.4247,0.004,0.0056,0.0056,0.0,0.0056,1.0,,0.0,0,0.0,0.0,0.69,recent_long,0.0,2.0,0.0,0.0,0.0,,,0,none,0.0,0.0,0.0,0,,,expected_starter,expected_starter,fotmob_expected,expected_xi,Reinildo,T2,0.0,,78.0,DL,1,1.0,8,DEF,1,4-2-3-1,0,0,78.0,8,0.0,0.0,0.0,0.0,1.7028,1.5824,0.9293,0.9438,1.1552,-0.91551,-91.551,model,history,1884.0,medium,monitor,no_action,,0.0,,,no_action,"history_resolver,expected_xi,fixture_t2",FotMob Expected XI,odds_api_io,event_id=61301281;market=Anytime Goalscorer
2026-05-21T20:25:05Z,2026-05-21T20:24:45Z,2026-05-24,,Bet365,England - Premier League,Burnley FC,Wolverhampton Wanderers,0,13156,Pedro Lima,Pedro Lima,Wolverhampton Wanderers,Burnley FC,Sub,Sub,15.0,0.066667,0.005466,99.0,0.0055,1.2301,0.0045,0.0055,0.0055,0.0,0.0055,1.0,,0.0,0,0.0,0.0,0.0,none,0.0,0.0,0.0,0.0,0.0,,,0,none,0.0,0.0,0.0,0,,,unknown,unknown,fotmob_expected,expected_xi,,T2,0.0,,33.5,DMR,2,1.0,3,,,,,0,33.5,8,0.1206,0.0,0.0429,-0.1206,1.6295,2.0671,1.2685,0.8783,1.25,-0.918014,-91.801,model,history,253.0,low,suppress,no_action,,0.0,,,no_action,"history_lt_500,fixture_t2",FotMob Expected XI,odds_api_io,event_id=61301269;market=Anytime Goalscorer
2026-05-21T20:25:05Z,2026-05-21T20:24:45Z,2026-05-24,,Bet365,England - Premier League,Manchester City,Aston Villa,0,702,Tammy Abraham,Tammy Abraham,Aston Villa,Manchester City,FW,FW,3.4,0.294118,0.023787,42.0399,0.0241,1.3099,0.0184,0.0241,0.0241,0.0,0.0241,1.0,,0.0,0,0.0,0.0,0.0,none,0.0,0.0,0.0,0.0,0.0,,,0,none,0.0,0.0,0.0,0,,,unknown,unknown,fotmob_expected,expected_xi,,T2,0.0,,20.4,FW,5,1.0,1,,,,,0,20.4,8,1.4329,1.0,0.9482,-0.4329,1.6597,1.1747,0.7078,1.2556,0.9312,-0.919125,-91.912,model,history,253.0,low,suppress,no_action,,0.0,,,no_action,"history_lt_500,fixture_t2",FotMob Expected XI,odds_api_io,event_id=61301277;market=Anytime Goalscorer
2026-05-21T20:25:05Z,2026-05-21T20:24:45Z,2026-05-24,,Bet365,England - Premier League,Fulham FC,Newcastle United,1,6835,Tom Cairney,Tom Cairney,Fulham,Newcastle United,DMC,DMC,6.0,0.166667,0.013315,75.1047,0.0134,1.6275,0.0082,0.0134,0.0134,0.0,0.0134,1.0,,0.0,0,0.0,0.0,2.0,recent_long,0.0,8.0,0.0,0.0,0.0,,,0,none,0.0,0.0,0.0,0,,,unknown,unknown,fotmob_expected,expected_xi,,T2,0.0,,36.0,DMC,2,1.0,3,,,,,0,36.0,8,0.1115,0.0,0.0355,-0.1115,1.4092,1.8486,1.3118,0.9963,1.25,-0.920112,-92.011,model,history,2717.0,medium,monitor,no_action,,0.0,,,no_action,"history_resolver,no_xi_yet,fixture_t2",FotMob Expected XI,odds_api_io,event_id=61301273;market=Anytime Goalscorer
2026-05-21T20:25:05Z,2026-05-21T20:24:45Z,2026-05-24,,Bet365,England - Premier League,Tottenham Hotspur,Everton FC,1,5609,Yves Bissouma,Yves Bissouma,Tottenham,Everton FC,Sub,Sub,6.5,0.153846,0.012124,82.4817,0.0122,1.6279,0.0075,0.0122,0.0122,0.0,0.0122,1.0,,0.0,0,0.0,0.0,1.43,recent_long,0.0,6.0,0.0,0.0,0.0,,,0,none,0.0,0.0,0.0,0,,,unknown,unknown,fotmob_expected,expected_xi,,T2,0.0,,54.2,MC,3,0.8571,7,,,,,0,54.2,8,0.0597,0.0,0.0125,-0.0597,1.6348,1.6658,1.019,1.0372,1.201,-0.921195,-92.119,model,history,4143.0,medium,monitor,no_action,,0.0,,,no_action,"history_resolver,no_xi_yet,fixture_t2",FotMob Expected XI,odds_api_io,event_id=61301283;market=Anytime Goalscorer
2026-05-21T20:25:05Z,2026-05-21T20:24:45Z,2026-05-24,,Bet365,England - Premier League,Fulham FC,Newcastle United,0,9524,Anthony Elanga,Anthony Elanga,Newcastle United,Fulham FC,Sub,Sub,4.0,0.25,0.017899,55.8688,0.0181,1.7296,0.0104,0.0181,0.0181,0.0,0.0181,1.0,,0.0,0,0.0,0.0,2.18,recent_long,0.0,9.0,0.0,0.0,0.0,,,0,none,0.0,0.0,0.0,0,,,unknown,unknown,fotmob_expected,expected_xi,,T2,0.0,,40.7,FWR,5,0.6667,6,,,,,0,40.7,8,0.3391,0.0,0.1052,-0.3391,1.4311,1.7964,1.2553,1.235,1.25,-0.928404,-92.84,model,history,6249.0,medium,monitor,no_action,,0.0,,,no_action,"history_resolver,no_xi_yet,fixture_t2",FotMob Expected XI,odds_api_io,event_id=61301273;market=Anytime Goalscorer
2026-05-21T20:25:05Z,2026-05-21T20:24:45Z,2026-05-24,,Bet365,England - Premier League,Burnley FC,Wolverhampton Wanderers,1,8969,Luis Florentino,Luis Florentino,Burnley,Wolverhampton Wanderers,DMC,DMC,8.0,0.125,0.008904,99.0,0.0089,1.3748,0.0065,0.0089,0.0089,0.0,0.0089,1.0,,0.0,0,0.0,0.0,0.62,recent_long,0.0,2.0,0.0,0.0,0.0,,,0,none,0.0,0.0,0.0,0,,,expected_starter,expected_starter,fotmob_expected,expected_xi,Florentino,T2,0.0,,78.0,DMC,2,0.6667,6,DMC,2,4-2-3-1,0,0,78.0,8,0.0797,0.0,0.0161,-0.0797,1.3063,1.9433,1.4877,0.8416,1.25,-0.928767,-92.877,model,history,2056.0,medium,monitor,no_action,,0.0,,,no_action,"history_resolver,expected_xi,fixture_t2",FotMob Expected XI,odds_api_io,event_id=61301269;market=Anytime Goalscorer
2026-05-21T20:25:05Z,2026-05-21T20:24:45Z,2026-05-24,,Bet365,England - Premier League,Brighton & Hove Albion,Manchester United,1,489,James Milner,James Milner,Brighton,Manchester United,DMC,DMC,7.0,0.142857,0.010166,98.3683,0.0102,1.6264,0.0056,0.0091,0.0091,0.0011,0.0102,1.0,,0.1107,0,0.0398,0.0398,2.63,recent_long,1.0,8.0,0.125,0.0,0.0,,,1,tertiary,0.0,0.0,0.0004,0,,,unknown,unknown,fotmob_expected,expected_xi,,T2,0.0,,45.4,DMC,2,0.8,5,,,,,0,45.4,8,0.1778,0.0,0.0371,-0.1778,1.5266,1.3153,0.8616,1.2342,1.0084,-0.928839,-92.884,model,history,1676.0,medium,monitor,no_action,,0.0,,,no_action,"history_resolver,no_xi_yet,fixture_t2",FotMob Expected XI,odds_api_io,event_id=61301267;market=Anytime Goalscorer
2026-05-21T20:25:05Z,2026-05-21T20:24:45Z,2026-05-24,,Bet365,England - Premier League,Burnley FC,Wolverhampton Wanderers,0,6852,Matt Doherty,Matt Doherty,Wolverhampton Wanderers,Burnley FC,DC,DC,12.0,0.083333,0.005779,99.0,0.0058,1.2301,0.0047,0.0058,0.0058,0.0,0.0058,1.0,,0.0,0,0.0,0.0,0.0,none,0.0,4.0,0.0,0.0,0.0,,,0,none,0.0,0.0,0.0,0,,,unknown,unknown,fotmob_expected,expected_xi,,T2,0.0,,72.4,DC,1,0.5,10,,,,,0,72.4,8,0.0302,0.0,0.0046,-0.0302,1.5376,2.0671,1.3443,0.8783,1.25,-0.930647,-93.065,model,history,4049.0,medium,monitor,no_action,,0.0,,,no_action,"history_resolver,no_xi_yet,fixture_t2",FotMob Expected XI,odds_api_io,event_id=61301269;market=Anytime Goalscorer
2026-05-21T20:25:05Z,2026-05-21T20:24:45Z,2026-05-24,,Bet365,England - Premier League,Nottingham Forest,AFC Bournemouth,1,6174,Nikola Milenkovic,Nikola Milenkovic,Nottingham Forest,AFC Bournemouth,DC,DC,9.5,0.105263,0.00678,99.0,0.0068,1.5951,0.0043,0.0068,0.0068,0.0,0.0068,1.0,,0.0,0,0.0,0.0,1.46,recent_long,0.0,6.0,0.0,0.0,0.0,,,0,none,0.0,0.0,0.0,0,,,expected_starter,expected_starter,fotmob_expected,expected_xi,Nikola Milenkovic,T2,0.0,,84.9,DC,1,1.0,9,DEF,1,4-4-2,0,0,84.9,8,0.0314,0.0,0.0043,-0.0314,1.5979,1.5281,0.9563,1.0847,1.1253,-0.935585,-93.559,model,history,6600.0,medium,monitor,no_action,,0.0,,,no_action,"history_resolver,expected_xi,fixture_t2",FotMob Expected XI,odds_api_io,event_id=61301279;market=Anytime Goalscorer
2026-05-21T20:25:05Z,2026-05-21T20:24:45Z,2026-05-24,,Bet365,England - Premier League,West Ham United,Leeds United,1,12358,Oliver Scarles,Oliver Scarles,West Ham,Leeds United,Sub,Sub,9.0,0.111111,0.00683,99.0,0.0069,1.5111,0.0045,0.0069,0.0069,0.0,0.0069,1.0,,0.0,0,0.0,0.0,1.58,recent_long,0.0,3.0,0.0,0.0,0.0,,,0,none,0.0,0.0,0.0,0,,,unknown,unknown,fotmob_expected,expected_xi,,T2,0.0,,46.4,DL,1,1.0,6,,,,,0,46.4,8,0.0,0.0,0.0,0.0,1.6402,1.4427,0.8796,1.0722,1.0784,-0.938533,-93.853,model,history,1309.0,medium,monitor,no_action,,0.0,,,no_action,"history_resolver,no_xi_yet,fixture_t2",FotMob Expected XI,odds_api_io,event_id=61301285;market=Anytime Goalscorer
2026-05-21T20:25:05Z,2026-05-21T20:24:45Z,2026-05-24,,Bet365,England - Premier League,West Ham United,Leeds United,1,534,Alfie Cresswell,Alfie Cresswell,West Ham,Leeds United,Sub,Sub,10.0,0.1,0.005879,99.0,0.0059,1.5111,0.0039,0.0059,0.0059,0.0,0.0059,1.0,,0.0,0,0.0,0.0,0.68,recent_long,0.0,2.0,0.0,0.0,0.0,,,0,none,0.0,0.0,0.0,0,,,unknown,unknown,fotmob_expected,expected_xi,,T2,0.0,,54.8,DC,1,1.0,9,,,,,0,54.8,8,0.0667,0.0,0.011,-0.0667,1.7814,1.4427,0.8099,1.0722,1.0784,-0.941208,-94.121,model,history,1235.0,medium,monitor,no_action,,0.0,,,no_action,"history_resolver,no_xi_yet,fixture_t2",FotMob Expected XI,odds_api_io,event_id=61301285;market=Anytime Goalscorer
2026-05-21T20:25:05Z,2026-05-21T20:24:45Z,2026-05-24,,Bet365,England - Premier League,Manchester City,Aston Villa,1,2254,Mateo Kovacic,Mateo Kovacic,Manchester City,Aston Villa,DMC,DMC,4.333,0.230787,0.013017,76.8241,0.0131,2.3349,0.0056,0.0131,0.0131,0.0,0.0131,1.0,,0.0,0,0.0,0.0,0.0,none,0.0,0.0,0.0,0.0,0.0,,,0,none,0.0,0.0,0.0,0,,,expected_starter,expected_starter,fotmob_expected,expected_xi,Mateo Kovacic,T2,0.0,,78.0,DMC,2,1.0,7,AM,4,4-1-4-1,2,1,78.0,8,0.4157,2.0,0.0677,1.5843,1.7756,1.4782,0.8325,1.6274,1.0979,-0.943598,-94.36,fallback,history,3760.0,low,suppress,no_action,,0.0,,,no_action,"fallback_method,fixture_t2,stale_history",FotMob Expected XI,odds_api_io,event_id=61301277;market=Anytime Goalscorer
2026-05-21T20:25:05Z,2026-05-21T20:24:45Z,2026-05-24,,Bet365,England - Premier League,Fulham FC,Newcastle United,1,3203,Issa Diop,Issa Diop,Fulham,Newcastle United,DC,DC,13.0,0.076923,0.004237,99.0,0.0042,1.6275,0.0026,0.0042,0.0042,0.0,0.0042,1.0,,0.0,0,0.0,0.0,2.63,recent_long,0.0,6.0,0.0,0.0,0.0,,,0,none,0.0,0.0,0.0,0,,,expected_starter,expected_starter,fotmob_expected,expected_xi,Issa Diop,T2,0.0,,78.0,DC,1,1.0,6,DEF,1,4-2-3-1,0,0,78.0,8,0.0464,0.0,0.0085,-0.0464,1.7681,1.8486,1.0455,0.9963,1.25,-0.944925,-94.493,model,history,3487.0,medium,monitor,no_action,,0.0,,,no_action,"history_resolver,expected_xi,fixture_t2",FotMob Expected XI,odds_api_io,event_id=61301273;market=Anytime Goalscorer
2026-05-21T20:25:05Z,2026-05-21T20:24:45Z,2026-05-24,,Bet365,England - Premier League,Sunderland AFC,Chelsea FC,1,14099,Luke O'Nien,Luke O'Nien,Sunderland,Chelsea FC,Sub,Sub,12.0,0.083333,0.004564,99.0,0.0046,1.4247,0.0032,0.0046,0.0046,0.0,0.0046,1.0,,0.0,0,0.0,0.0,1.34,recent_long,0.0,2.0,0.0,0.0,0.0,,,0,none,0.0,0.0,0.0,0,,,unknown,unknown,fotmob_expected,expected_xi,,T2,0.0,,48.7,DC,1,0.75,4,,,,,0,48.7,8,0.0716,0.0,0.0141,-0.0716,1.6512,1.5824,0.9583,0.9438,1.1552,-0.945234,-94.523,model,history,466.0,low,suppress,no_action,,0.0,,,no_action,"history_lt_500,fixture_t2",FotMob Expected XI,odds_api_io,event_id=61301281;market=Anytime Goalscorer
2026-05-21T20:25:05Z,2026-05-21T20:24:45Z,2026-05-24,,Bet365,England - Premier League,Sunderland AFC,Chelsea FC,1,7148,Wilson Isidor,Wilson Isidor,Sunderland,Chelsea FC,Sub,Sub,3.2,0.3125,0.016814,59.4745,0.017,1.4247,0.0119,0.017,0.017,0.0,0.017,1.0,,0.0,0,0.0,0.0,1.89,recent_long,0.0,4.0,0.0,0.0,0.0,,,0,none,0.0,0.0,0.0,0,,,unknown,unknown,fotmob_expected,expected_xi,,T2,0.0,,11.8,,,0.0,0,,,,,0,11.8,8,0.9595,2.0,0.8903,1.0405,1.7945,1.5824,0.8818,0.9438,1.1552,-0.946195,-94.62,model,history,1116.0,medium,monitor,no_action,,0.0,,,no_action,"history_resolver,no_xi_yet,fixture_t2",FotMob Expected XI,odds_api_io,event_id=61301281;market=Anytime Goalscorer
2026-05-21T20:25:05Z,2026-05-21T20:24:45Z,2026-05-24,,Bet365,England - Premier League,Burnley FC,Wolverhampton Wanderers,0,13740,David Wolfe,David Wolfe,Wolverhampton Wanderers,Burnley FC,DL,DL,12.0,0.083333,0.004476,99.0,0.0045,1.2301,0.0036,0.0045,0.0045,0.0,0.0045,1.0,,0.0,0,0.0,0.0,1.43,recent_long,0.0,2.0,0.0,0.0,0.0,,,0,none,0.0,0.0,0.0,0,,,expected_starter,expected_starter,fotmob_expected,expected_xi,David Møller Wolfe,T2,0.0,,78.0,DML,2,0.5,2,DEF,1,4-2-3-1,-1,0,78.0,8,0.0,0.0,0.0,0.0,1.6133,2.0671,1.2813,0.8783,1.25,-0.946286,-94.629,model,history,975.0,medium,monitor,no_action,,0.0,,,no_action,"history_resolver,expected_xi,fixture_t2",FotMob Expected XI,odds_api_io,event_id=61301269;market=Anytime Goalscorer
2026-05-21T20:25:05Z,2026-05-21T20:24:45Z,2026-05-24,,Bet365,England - Premier League,Fulham FC,Newcastle United,0,6063,Jacob Murphy,Jacob Murphy,Newcastle United,Fulham FC,Sub,Sub,4.5,0.222222,0.011588,86.293,0.0117,1.7296,0.0067,0.0117,0.0117,0.0,0.0117,1.0,,0.0,0,0.0,0.0,2.22,recent_long,0.0,17.0,0.0,0.0,0.0,,,0,none,0.0,0.0,0.0,0,,,unknown,unknown,fotmob_expected,expected_xi,,T2,0.0,,42.1,AMR,4,0.6,5,,,,,0,42.1,8,0.21,0.0,0.0433,-0.21,1.432,1.7964,1.2545,1.235,1.25,-0.947852,-94.785,model,history,5238.0,medium,monitor,no_action,,0.0,,,no_action,"history_resolver,no_xi_yet,fixture_t2",FotMob Expected XI,odds_api_io,event_id=61301273;market=Anytime Goalscorer
2026-05-21T20:25:05Z,2026-05-21T20:24:45Z,2026-05-24,,Bet365,England - Premier League,Manchester City,Aston Villa,1,9802,Nico Gonzalez,Nico Gonzalez,Manchester City,Aston Villa,DMC,DMC,5.0,0.2,0.010101,98.9974,0.0102,2.3349,0.0043,0.0102,0.0102,0.0,0.0102,1.0,,0.0,0,0.0,0.0,2.11,recent_long,0.0,5.0,0.0,0.0,0.0,,,0,none,0.0,0.0,0.0,0,,,unknown,unknown,fotmob_expected,expected_xi,,T2,0.0,,57.5,MC,3,0.6667,6,,,,,0,57.5,8,0.0944,0.0,0.0248,-0.0944,1.5023,1.4782,0.9839,1.6274,1.0979,-0.949494,-94.949,model,history,2253.0,medium,monitor,no_action,,0.0,,,no_action,"history_resolver,no_xi_yet,fixture_t2",FotMob Expected XI,odds_api_io,event_id=61301277;market=Anytime Goalscorer
2026-05-21T20:25:05Z,2026-05-21T20:24:45Z,2026-05-24,,Bet365,England - Premier League,Fulham FC,Newcastle United,1,8489,Jorge Cuenca,Jorge Cuenca,Fulham,Newcastle United,Sub,Sub,12.0,0.083333,0.004003,99.0,0.004,1.6275,0.0025,0.004,0.004,0.0,0.004,1.0,,0.0,0,0.0,0.0,2.31,recent_long,0.0,3.0,0.0,0.0,0.0,,,0,none,0.0,0.0,0.0,0,,,unknown,unknown,fotmob_expected,expected_xi,,T2,0.0,,63.3,DC,1,1.0,8,,,,,0,63.3,8,0.0508,0.0,0.0091,-0.0508,1.6889,1.8486,1.0946,0.9963,1.25,-0.951968,-95.197,model,history,1300.0,medium,monitor,no_action,,0.0,,,no_action,"history_resolver,no_xi_yet,fixture_t2",FotMob Expected XI,odds_api_io,event_id=61301273;market=Anytime Goalscorer
2026-05-21T20:25:05Z,2026-05-21T20:24:45Z,2026-05-24,,Bet365,England - Premier League,Manchester City,Aston Villa,0,5221,Leon Bailey,Leon Bailey,Aston Villa,Manchester City,Sub,Sub,6.0,0.166667,0.00792,99.0,0.008,1.3099,0.0061,0.008,0.008,0.0,0.008,1.0,,0.0,0,0.0,0.0,0.74,recent_long,0.0,7.0,0.0,0.0,0.0,,,0,none,0.0,0.0,0.0,0,,,unknown,unknown,fotmob_expected,expected_xi,,T2,0.0,,26.3,AMR,4,1.0,2,,,,,0,26.3,8,0.1489,0.0,0.0578,-0.1489,1.8465,1.1747,0.6362,1.2556,0.9312,-0.952477,-95.248,model,history,3611.0,medium,monitor,no_action,,0.0,,,no_action,"history_resolver,no_xi_yet,fixture_t2",FotMob Expected XI,odds_api_io,event_id=61301277;market=Anytime Goalscorer
2026-05-21T20:25:05Z,2026-05-21T20:24:45Z,2026-05-24,,Bet365,England - Premier League,Brighton & Hove Albion,Manchester United,1,14118,Charalampos Kostoulas,Charalampos Kostoulas,Brighton,Manchester United,Sub,Sub,2.5,0.4,0.017946,55.7241,0.0181,1.6264,0.0111,0.0181,0.0181,0.0,0.0181,1.0,,0.0,0,0.0,0.0,1.08,recent_long,0.0,2.0,0.0,0.0,0.0,,,0,none,0.0,0.0,0.0,0,,,unknown,unknown,fotmob_expected,expected_xi,,T2,0.0,,15.7,FW,5,1.0,2,,,,,0,15.7,8,0.4378,0.0,0.3031,-0.4378,1.742,1.3153,0.7551,1.2342,1.0084,-0.955136,-95.514,model,history,281.0,low,suppress,no_action,,0.0,,,no_action,"history_lt_500,fixture_t2",FotMob Expected XI,odds_api_io,event_id=61301267;market=Anytime Goalscorer
2026-05-21T20:25:05Z,2026-05-21T20:24:45Z,2026-05-24,,Bet365,England - Premier League,Brighton & Hove Albion,Manchester United,0,8044,Joshua Zirkzee,Joshua Zirkzee,Manchester United,Brighton & Hove Albion,Sub,Sub,3.4,0.294118,0.012973,77.0815,0.0131,1.3718,0.0095,0.0131,0.0131,0.0,0.0131,1.0,,0.0,0,0.0,0.0,1.85,recent_long,0.0,7.0,0.0,0.0,0.0,,,0,none,0.0,0.0,0.0,0,,,unknown,unknown,fotmob_expected,expected_xi,,T2,0.0,,14.3,FW,5,1.0,1,,,,,0,14.3,8,1.0306,0.0,1.0193,-1.0306,1.6104,1.1851,0.7359,1.3069,0.9369,-0.955891,-95.589,model,history,1938.0,medium,monitor,no_action,,0.0,,,no_action,"history_resolver,no_xi_yet,fixture_t2",FotMob Expected XI,odds_api_io,event_id=61301267;market=Anytime Goalscorer
2026-05-21T20:25:05Z,2026-05-21T20:24:45Z,2026-05-24,,Bet365,England - Premier League,Liverpool FC,Brentford FC,0,6492,Reiss Nelson,Reiss Nelson,Brentford,Liverpool FC,Sub,Sub,3.25,0.307692,0.013413,74.552,0.0135,1.5423,0.0088,0.0135,0.0135,0.0,0.0135,1.0,,0.0,0,0.0,0.0,4.29,recent_long,0.0,9.0,0.0,0.0,0.0,,,0,none,0.0,0.0,0.0,0,,,unknown,unknown,fotmob_expected,expected_xi,,T2,0.0,,15.6,FWR,5,1.0,1,,,,,0,15.6,8,0.8503,0.0,0.8598,-0.8503,1.5817,1.5344,0.9701,1.2196,1.1288,-0.956406,-95.641,model,history,318.0,low,suppress,no_action,,0.0,,,no_action,"history_lt_500,fixture_t2",FotMob Expected XI,odds_api_io,event_id=61301275;market=Anytime Goalscorer
2026-05-21T20:25:05Z,2026-05-21T20:24:45Z,2026-05-24,,Bet365,England - Premier League,Burnley FC,Wolverhampton Wanderers,0,5598,Angel Gomes,Angel Gomes,Wolverhampton Wanderers,Burnley FC,Sub,Sub,5.5,0.181818,0.007376,99.0,0.0074,1.2301,0.006,0.0074,0.0074,0.0,0.0074,1.0,,0.0,0,0.0,0.0,0.65,recent_long,0.0,1.0,0.0,0.0,0.0,,,0,none,0.0,0.0,0.0,0,,,unknown,unknown,fotmob_expected,expected_xi,,T2,0.0,,33.5,AMC,4,0.6,5,,,,,0,33.5,8,0.1383,0.0,0.0584,-0.1383,1.5344,2.0671,1.3472,0.8783,1.25,-0.959432,-95.943,model,history,399.0,low,suppress,no_action,,0.0,,,no_action,"history_lt_500,fixture_t2",FotMob Expected XI,odds_api_io,event_id=61301269;market=Anytime Goalscorer
2026-05-21T20:25:05Z,2026-05-21T20:24:45Z,2026-05-24,,Bet365,England - Premier League,West Ham United,Leeds United,1,13724,Freddie Potts,Freddie Potts,West Ham,Leeds United,Sub,Sub,7.5,0.133333,0.005251,99.0,0.0053,1.5111,0.0035,0.0053,0.0053,0.0,0.0053,1.0,,0.0,0,0.0,0.0,1.34,recent_long,0.0,2.0,0.0,0.0,0.0,,,0,none,0.0,0.0,0.0,0,,,unknown,unknown,fotmob_expected,expected_xi,,T2,0.0,,49.6,DMC,2,0.6,5,,,,,0,49.6,8,0.0,0.0,0.0,0.0,1.7001,1.4427,0.8486,1.0722,1.0784,-0.96062,-96.062,model,history,1152.0,medium,monitor,no_action,,0.0,,,no_action,"history_resolver,no_xi_yet,fixture_t2",FotMob Expected XI,odds_api_io,event_id=61301285;market=Anytime Goalscorer
2026-05-21T20:25:05Z,2026-05-21T20:24:45Z,2026-05-24,,Bet365,England - Premier League,Sunderland AFC,Chelsea FC,1,8537,Dennis Cirkin,Dennis Cirkin,Sunderland,Chelsea FC,Sub,Sub,12.0,0.083333,0.003045,99.0,0.003,1.4247,0.0021,0.003,0.003,0.0,0.003,1.0,,0.0,0,0.0,0.0,0.78,recent_long,0.0,1.0,0.0,0.0,0.0,,,0,none,0.0,0.0,0.0,0,,,unknown,unknown,fotmob_expected,expected_xi,,T2,0.0,,35.1,DL,1,1.0,3,,,,,0,35.1,8,0.0664,0.0,0.0191,-0.0664,1.8237,1.5824,0.8677,0.9438,1.1552,-0.963462,-96.346,model,history,312.0,low,suppress,no_action,,0.0,,,no_action,"history_lt_500,fixture_t2",FotMob Expected XI,odds_api_io,event_id=61301281;market=Anytime Goalscorer
2026-05-21T20:25:05Z,2026-05-21T20:24:45Z,2026-05-24,,Bet365,England - Premier League,Burnley FC,Wolverhampton Wanderers,0,12113,Jackson Tchatchoua,Jackson Tchatchoua,Wolverhampton Wanderers,Burnley FC,Sub,Sub,10.0,0.1,0.003566,99.0,0.0036,1.2301,0.0029,0.0036,0.0036,0.0,0.0036,1.0,,0.0,0,0.0,0.0,1.17,recent_long,0.0,2.0,0.0,0.0,0.0,,,0,none,0.0,0.0,0.0,0,,,unknown,unknown,fotmob_expected,expected_xi,,T2,0.0,,65.2,DMR,2,1.0,8,,,,,0,65.2,8,0.0444,0.0,0.0069,-0.0444,1.6588,2.0671,1.2461,0.8783,1.25,-0.964336,-96.434,model,history,1822.0,medium,monitor,no_action,,0.0,,,no_action,"history_resolver,no_xi_yet,fixture_t2",FotMob Expected XI,odds_api_io,event_id=61301269;market=Anytime Goalscorer
2026-05-21T20:25:05Z,2026-05-21T20:24:45Z,2026-05-24,,Bet365,England - Premier League,Manchester City,Aston Villa,1,11000,Matheus Nunes,Matheus Nunes,Manchester City,Aston Villa,DR,DR,6.5,0.153846,0.005406,99.0,0.0054,2.3349,0.0023,0.0054,0.0054,0.0,0.0054,1.0,,0.0,0,0.0,0.0,1.59,recent_long,0.0,6.0,0.0,0.0,0.0,,,0,none,0.0,0.0,0.0,0,,,expected_starter,expected_starter,fotmob_expected,expected_xi,Matheus Nunes,T2,0.0,,85.0,DR,1,1.0,10,DEF,1,4-1-4-1,0,0,85.0,8,0.0903,0.0,0.0118,-0.0903,1.5398,1.4782,0.96,1.6274,1.0979,-0.96486,-96.486,model,history,4448.0,medium,monitor,no_action,,0.0,,,no_action,"history_resolver,expected_xi,fixture_t2",FotMob Expected XI,odds_api_io,event_id=61301277;market=Anytime Goalscorer
2026-05-21T20:25:05Z,2026-05-21T20:24:45Z,2026-05-24,,Bet365,England - Premier League,Manchester City,Aston Villa,0,6345,Jadon Sancho,Jadon Sancho,Aston Villa,Manchester City,Sub,Sub,6.0,0.166667,0.005186,99.0,0.0052,1.3099,0.004,0.0052,0.0052,0.0,0.0052,1.0,,0.0,0,0.0,0.0,0.35,recent_long,0.0,5.0,0.0,0.0,0.0,,,0,none,0.0,0.0,0.0,0,,,unknown,unknown,fotmob_expected,expected_xi,,T2,0.0,,44.7,AMR,4,1.0,5,,,,,0,44.7,8,0.0362,0.0,0.0113,-0.0362,1.6074,1.1747,0.7308,1.2556,0.9312,-0.968887,-96.889,model,history,2620.0,medium,monitor,no_action,,0.0,,,no_action,"history_resolver,no_xi_yet,fixture_t2",FotMob Expected XI,odds_api_io,event_id=61301277;market=Anytime Goalscorer
2026-05-21T20:25:05Z,2026-05-21T20:24:45Z,2026-05-24,,Bet365,England - Premier League,Fulham FC,Newcastle United,0,652,Kieran Trippier,Kieran Trippier,Newcastle United,Fulham FC,DR,DR,5.5,0.181818,0.005409,99.0,0.0054,1.7296,0.0031,0.0054,0.0054,0.0,0.0054,1.0,,0.0,0,0.0,0.0,2.28,recent_long,0.0,12.0,0.0,0.0,0.0,,,0,none,0.0,0.0,0.0,0,,,expected_starter,expected_starter,fotmob_expected,expected_xi,Kieran Trippier,T2,0.0,,78.0,DR,1,1.0,8,DEF,1,4-2-3-1,0,0,78.0,8,0.0431,0.0,0.0071,-0.0431,1.6008,1.7964,1.1222,1.235,1.25,-0.970251,-97.025,model,history,5172.0,medium,monitor,no_action,,0.0,,,no_action,"history_resolver,expected_xi,fixture_t2",FotMob Expected XI,odds_api_io,event_id=61301273;market=Anytime Goalscorer
2026-05-21T20:25:05Z,2026-05-21T20:24:45Z,2026-05-24,,Bet365,England - Premier League,Sunderland AFC,Chelsea FC,0,5590,Tosin Adarabioyo,Tosin Adarabioyo,Chelsea,Sunderland AFC,DC,DC,12.0,0.083333,0.002304,99.0,0.0023,1.6965,0.0014,0.0023,0.0023,0.0,0.0023,1.0,,0.0,0,0.0,0.0,2.4,recent_long,0.0,6.0,0.0,0.0,0.0,,,0,none,0.0,0.0,0.0,0,,,unknown,unknown,fotmob_expected,expected_xi,,T2,0.0,,44.5,DC,1,1.0,5,,,,,0,44.5,8,0.0367,0.0,0.0101,-0.0367,1.495,1.6978,1.1357,1.2426,1.2186,-0.972357,-97.236,model,history,3819.0,medium,monitor,no_action,,0.0,,,no_action,"history_resolver,no_xi_yet,fixture_t2",FotMob Expected XI,odds_api_io,event_id=61301281;market=Anytime Goalscorer
2026-05-21T20:25:05Z,2026-05-21T20:24:45Z,2026-05-24,,Bet365,England - Premier League,West Ham United,Leeds United,0,13835,Joel Piroe,Joel Piroe,Leeds,West Ham United,Sub,Sub,3.4,0.294118,0.007593,99.0,0.0076,1.4294,0.0053,0.0076,0.0076,0.0,0.0076,1.0,,0.0,0,0.0,0.0,1.07,recent_long,0.0,2.0,0.0,0.0,0.0,,,1,tertiary,0.0,0.0,0.0,0,,,unknown,unknown,fotmob_expected,expected_xi,,T2,0.0,,10.5,,,0.0,0,,,,,0,10.5,8,0.2794,0.0,0.9314,-0.2794,1.5827,1.5434,0.9751,1.1254,1.1337,-0.974184,-97.418,model,history,206.0,low,suppress,no_action,,0.0,,,no_action,"history_lt_500,fixture_t2",FotMob Expected XI,odds_api_io,event_id=61301285;market=Anytime Goalscorer
2026-05-21T20:25:05Z,2026-05-21T20:24:45Z,2026-05-24,,Bet365,England - Premier League,Nottingham Forest,AFC Bournemouth,0,6219,Enes Unal,Enes Unal,Bournemouth,Nottingham Forest,Sub,Sub,2.625,0.380952,0.009163,99.0,0.0092,1.8709,0.0049,0.0092,0.0092,0.0,0.0092,1.0,,0.0,0,0.0,0.0,2.3,recent_long,0.0,10.0,0.0,0.0,0.0,,,0,none,0.0,0.0,0.0,0,,,unknown,unknown,fotmob_expected,expected_xi,,T2,0.0,,6.9,,,0.0,0,,,,,0,6.9,8,1.0267,0.0,3.0801,-1.0267,1.7331,1.8408,1.0622,1.3359,1.25,-0.975948,-97.595,model,history,719.0,medium,monitor,no_action,,0.0,,,no_action,"history_resolver,no_xi_yet,fixture_t2",FotMob Expected XI,odds_api_io,event_id=61301279;market=Anytime Goalscorer
2026-05-21T20:25:05Z,2026-05-21T20:24:45Z,2026-05-24,,Bet365,England - Premier League,Nottingham Forest,AFC Bournemouth,1,10126,James McAtee,James McAtee,Nottingham Forest,AFC Bournemouth,Sub,Sub,4.333,0.230787,0.005241,99.0,0.0053,1.5951,0.0033,0.0053,0.0053,0.0,0.0053,1.0,,0.0,0,0.0,0.0,1.07,recent_long,0.0,2.0,0.0,0.0,0.0,,,0,none,0.0,0.0,0.0,0,,,unknown,unknown,fotmob_expected,expected_xi,,T2,0.0,,22.2,ML,3,0.5,2,,,,,0,22.2,8,0.1866,0.0,0.1272,-0.1866,1.5979,1.5281,0.9563,1.0847,1.1253,-0.977292,-97.729,model,history,596.0,medium,monitor,no_action,,0.0,,,no_action,"history_resolver,no_xi_yet,fixture_t2",FotMob Expected XI,odds_api_io,event_id=61301279;market=Anytime Goalscorer
2026-05-21T20:25:05Z,2026-05-21T20:24:45Z,2026-05-24,,Bet365,England - Premier League,Manchester City,Aston Villa,1,10847,Rico Lewis,Rico Lewis,Manchester City,Aston Villa,DR,DR,9.5,0.105263,0.002337,99.0,0.0023,2.3349,0.001,0.0023,0.0023,0.0,0.0023,1.0,,0.0,0,0.0,0.0,2.63,recent_long,0.0,8.0,0.0,0.0,0.0,,,0,none,0.0,0.0,0.0,0,,,unknown,unknown,fotmob_expected,expected_xi,,T2,0.0,,34.1,DR,1,1.0,3,,,,,0,34.1,8,0.0567,0.0,0.037,-0.0567,1.5951,1.4782,0.9267,1.6274,1.0979,-0.9778,-97.78,model,history,3004.0,medium,monitor,no_action,,0.0,,,no_action,"history_resolver,no_xi_yet,fixture_t2",FotMob Expected XI,odds_api_io,event_id=61301277;market=Anytime Goalscorer
2026-05-21T20:25:05Z,2026-05-21T20:24:45Z,2026-05-24,,Bet365,England - Premier League,Burnley FC,Wolverhampton Wanderers,1,10756,Joe Worrall,Joe Worrall,Burnley,Wolverhampton Wanderers,Sub,Sub,10.0,0.1,0.002137,99.0,0.0021,1.3748,0.0016,0.0021,0.0021,0.0,0.0021,1.0,,0.0,0,0.0,0.0,0.69,recent_long,0.0,1.0,0.0,0.0,0.0,,,0,none,0.0,0.0,0.0,0,,,unknown,unknown,fotmob_expected,expected_xi,,T2,0.0,,47.9,DC,1,1.0,5,,,,,0,47.9,8,0.0381,0.0,0.0072,-0.0381,1.5326,1.9433,1.268,0.8416,1.25,-0.978626,-97.863,model,history,918.0,medium,monitor,no_action,,0.0,,,no_action,"history_resolver,no_xi_yet,fixture_t2",FotMob Expected XI,odds_api_io,event_id=61301269;market=Anytime Goalscorer
2026-05-21T20:25:05Z,2026-05-21T20:24:45Z,2026-05-24,,Bet365,England - Premier League,Sunderland AFC,Chelsea FC,0,8272,Joao Pedro,Joao Pedro,Chelsea,Sunderland AFC,FW,FW,2.625,0.380952,0.007723,99.0,0.0078,1.6965,0.0046,0.0078,0.0078,0.0,0.0078,1.0,,0.0,0,0.0211,0.0211,4.54,recent_long,10.0,18.0,0.5556,0.0,0.0,,,1,tertiary,0.0,0.0,0.0,0,,,expected_out,expected_out,fotmob_expected,expected_xi,João Pedro,T2,0.0,,0.0,FW,5,1.0,10,,,,,0,0.0,8,5.8722,5.0,0.7604,-0.8722,1.4164,1.6978,1.1987,1.2426,1.2186,-0.979727,-97.973,model,history,6609.0,low,suppress,no_action,,0.0,,,no_action,"expected_out,fixture_t2",FotMob Expected XI,odds_api_io,event_id=61301281;market=Anytime Goalscorer
2026-05-21T20:25:05Z,2026-05-21T20:24:45Z,2026-05-24,,Bet365,England - Premier League,Tottenham Hotspur,Everton FC,0,585,Seamus Coleman,Seamus Coleman,Everton,Tottenham Hotspur,DR,DR,19.0,0.052632,0.001,99.0,0.001,1.4729,0.0,0.0,0.0,0.0,0.001,1.0,,0.0,0,0.0,0.0,0.0,none,0.0,0.0,0.0,0.0,0.0,,,0,none,0.0,0.0,0.0,0,,,unknown,unknown,fotmob_expected,expected_xi,,T2,0.0,,62.0,DR,1,1.0,7,,,,,0,62.0,8,0.4752,0.0,0.1043,-0.4752,1.783,1.59,0.8917,1.134,1.1593,-0.981009,-98.101,fallback,history,867.0,low,suppress,no_action,,0.0,,,no_action,"fallback_method,fixture_t2,stale_history",FotMob Expected XI,odds_api_io,event_id=61301283;market=Anytime Goalscorer
2026-05-21T20:25:05Z,2026-05-21T20:24:45Z,2026-05-24,,Bet365,England - Premier League,Fulham FC,Newcastle United,1,6314,Joachim Andersen,Joachim Andersen,Fulham,Newcastle United,DC,DC,17.0,0.058824,0.001069,99.0,0.0011,1.6275,0.0007,0.0011,0.0011,0.0,0.0011,1.0,,0.0,0,0.0,0.0,2.27,recent_long,0.0,8.0,0.0,0.0,0.0,,,0,none,0.0,0.0,0.0,0,,,expected_out,expected_out,fotmob_expected,expected_xi,Joachim Andersen,T2,0.0,,0.0,DC,1,1.0,10,,,,,0,0.0,8,0.1946,0.0,0.0257,-0.1946,1.393,1.8486,1.3271,0.9963,1.25,-0.981832,-98.183,model,history,6302.0,low,suppress,no_action,,0.0,,,no_action,"expected_out,fixture_t2",FotMob Expected XI,odds_api_io,event_id=61301273;market=Anytime Goalscorer
2026-05-21T20:25:05Z,2026-05-21T20:24:45Z,2026-05-24,,Bet365,England - Premier League,Burnley FC,Wolverhampton Wanderers,1,638,Kyle Walker,Kyle Walker,Burnley,Wolverhampton Wanderers,DR,DR,15.0,0.066667,0.001195,99.0,0.0012,1.3748,0.0009,0.0012,0.0012,0.0,0.0012,1.0,,0.0,0,0.0,0.0,0.55,recent_long,0.0,11.0,0.0,0.0,0.0,,,0,none,0.0,0.0,0.0,0,,,expected_starter,expected_starter,fotmob_expected,expected_xi,Kyle Walker,T2,0.0,,81.7,DR,1,0.7778,9,DEF,1,4-2-3-1,0,0,81.7,8,0.0125,0.0,0.0018,-0.0125,1.3063,1.9433,1.4877,0.8416,1.25,-0.982072,-98.207,model,history,6749.0,medium,monitor,no_action,,0.0,,,no_action,"history_resolver,expected_xi,fixture_t2",FotMob Expected XI,odds_api_io,event_id=61301269;market=Anytime Goalscorer
2026-05-21T20:25:05Z,2026-05-21T20:24:45Z,2026-05-24,,Bet365,England - Premier League,West Ham United,Leeds United,0,902,Sam Byram,Sam Byram,Leeds,West Ham United,S,S,17.0,0.058824,0.001,99.0,0.001,1.4294,0.0,0.0,0.0,0.0,0.001,1.0,,0.0,0,0.0,0.0,0.0,none,0.0,0.0,0.0,0.0,0.0,,,0,none,0.0,0.0,0.0,0,,,unknown,unknown,fotmob_expected,expected_xi,,T2,0.0,,5.0,,,0.0,0,,,,,0,5.0,0,0.0,0.0,0.0,0.0,,1.5434,,1.1254,1.1337,-0.983008,-98.301,fallback,live_roster,0.0,low,suppress,no_action,,0.0,,,no_action,"fallback_method,fixture_t2",FotMob Expected XI,odds_api_io,event_id=61301285;market=Anytime Goalscorer
2026-05-21T20:25:05Z,2026-05-21T20:24:45Z,2026-05-24,,Bet365,England - Premier League,Tottenham Hotspur,Everton FC,0,10586,Tyler Dibling,Tyler Dibling,Everton,Tottenham Hotspur,Sub,Sub,4.75,0.210526,0.003401,99.0,0.0034,1.4729,0.0023,0.0034,0.0034,0.0,0.0034,1.0,,0.0,0,0.0,0.0,0.62,recent_long,0.0,3.0,0.0,0.0,0.0,,,0,none,0.0,0.0,0.0,0,,,unknown,unknown,fotmob_expected,expected_xi,,T2,0.0,,28.8,AMR,4,1.0,3,,,,,0,28.8,8,0.1378,0.0,0.0461,-0.1378,1.7546,1.59,0.9062,1.134,1.1593,-0.983843,-98.384,model,history,2197.0,medium,monitor,no_action,,0.0,,,no_action,"history_resolver,no_xi_yet,fixture_t2",FotMob Expected XI,odds_api_io,event_id=61301283;market=Anytime Goalscorer
2026-05-21T20:25:05Z,2026-05-21T20:24:45Z,2026-05-24,,Bet365,England - Premier League,West Ham United,Leeds United,0,11155,Degnand Gnonto,Degnand Gnonto,Leeds,West Ham United,Sub,Sub,4.333,0.230787,0.003506,99.0,0.0035,1.4294,0.0025,0.0035,0.0035,0.0,0.0035,1.0,,0.0,0,0.0,0.0,3.3,recent_long,0.0,6.0,0.0,0.0,0.0,,,0,none,0.0,0.0,0.0,0,,,unknown,unknown,fotmob_expected,expected_xi,,T2,0.0,,14.8,,,0.0,0,,,,,0,14.8,8,0.1534,0.0,0.1,-0.1534,1.6553,1.5434,0.9324,1.1254,1.1337,-0.984808,-98.481,model,history,474.0,low,suppress,no_action,,0.0,,,no_action,"history_lt_500,fixture_t2",FotMob Expected XI,odds_api_io,event_id=61301285;market=Anytime Goalscorer
2026-05-21T20:25:05Z,2026-05-21T20:24:45Z,2026-05-24,,Bet365,England - Premier League,Brighton & Hove Albion,Manchester United,0,11974,Benjamin Sesko,Benjamin Sesko,Manchester United,Brighton & Hove Albion,FW,FW,2.875,0.347826,0.005262,99.0,0.0053,1.3718,0.0038,0.0053,0.0053,0.0,0.0053,1.0,,0.0,0,0.0,0.0,2.02,recent_long,0.0,5.0,0.0,0.0,0.0,,,0,none,0.0,0.0,0.0,0,,,expected_out,expected_out,fotmob_expected,expected_xi,Benjamin Sesko,T2,0.0,,0.0,FW,5,1.0,6,,,,,0,0.0,8,3.7892,4.0,0.6622,0.2108,1.5241,1.1851,0.7776,1.3069,0.9369,-0.984871,-98.487,model,history,1636.0,low,suppress,no_action,,0.0,,,no_action,"expected_out,fixture_t2",FotMob Expected XI,odds_api_io,event_id=61301267;market=Anytime Goalscorer
2026-05-21T20:25:05Z,2026-05-21T20:24:45Z,2026-05-24,,Bet365,England - Premier League,Tottenham Hotspur,Everton FC,0,8476,Jarrad Branthwaite,Jarrad Branthwaite,Everton,Tottenham Hotspur,DC,DC,15.0,0.066667,0.001,99.0,0.001,1.4729,0.0003,0.0005,0.0005,0.0,0.001,1.0,,0.0,0,0.0,0.0,1.27,recent_long,0.0,6.0,0.0,0.0,0.0,,,0,none,0.0,0.0,0.0,0,,,expected_out,expected_out,fotmob_expected,expected_xi,Jarrad Branthwaite,T2,0.0,,0.0,DC,1,0.7143,7,,,,,0,0.0,8,0.2942,1.0,0.0481,0.7058,1.4515,1.59,1.0954,1.134,1.1593,-0.985007,-98.501,model,history,6314.0,low,suppress,no_action,,0.0,,,no_action,"expected_out,fixture_t2",FotMob Expected XI,odds_api_io,event_id=61301283;market=Anytime Goalscorer
2026-05-21T20:25:05Z,2026-05-21T20:24:45Z,2026-05-24,,Bet365,England - Premier League,West Ham United,Leeds United,0,8717,Pascal Struijk,Pascal Struijk,Leeds,West Ham United,DC,DC,12.0,0.083333,0.001174,99.0,0.0012,1.4294,0.0008,0.0012,0.0012,0.0,0.0012,1.0,,0.0,0,0.0,0.0,3.63,recent_long,0.0,7.0,0.0,0.0,0.0,,,0,none,0.0,0.0,0.0,0,,,expected_out,expected_out,fotmob_expected,expected_xi,Pascal Struijk,T2,0.0,,0.0,DC,1,1.0,10,,,,,0,0.0,8,0.4691,0.0,0.0615,-0.4691,1.8073,1.5434,0.854,1.1254,1.1337,-0.985909,-98.591,model,history,2850.0,low,suppress,no_action,,0.0,,,no_action,"expected_out,fixture_t2",FotMob Expected XI,odds_api_io,event_id=61301285;market=Anytime Goalscorer
2026-05-21T20:25:05Z,2026-05-21T20:24:45Z,2026-05-24,,Bet365,England - Premier League,Crystal Palace,Arsenal FC,1,12726,Chrisantus Uche,Chrisantus Uche,Crystal Palace,Arsenal FC,Sub,Sub,3.75,0.266667,0.003621,99.0,0.0036,1.4526,0.0025,0.0036,0.0036,0.0,0.0036,1.0,,0.0,0,0.0,0.0,3.07,recent_long,0.0,4.0,0.0,0.0,0.0,,,0,none,0.0,0.0,0.0,0,,,unknown,unknown,none,none,,T2,1.0,no_lineup_payload,8.0,,,0.0,0,,,,,0,8.0,8,0.4251,0.0,0.5797,-0.4251,1.8793,1.3,0.6918,1.1116,1.0,-0.986423,-98.642,model,history,109.0,low,suppress,no_action,,0.0,,,no_action,"history_lt_500,fixture_t2",,odds_api_io,event_id=61301271;market=Anytime Goalscorer
2026-05-21T20:25:05Z,2026-05-21T20:24:45Z,2026-05-24,,Bet365,England - Premier League,West Ham United,Leeds United,1,13247,Ezra Mayers,Ezra Mayers,West Ham,Leeds United,Sub,Sub,9.0,0.111111,0.001494,99.0,0.0015,1.5111,0.001,0.0015,0.0015,0.0,0.0015,1.0,,0.0,0,0.0,0.0,0.83,recent_long,0.0,1.0,0.0,0.0,0.0,,,0,none,0.0,0.0,0.0,0,,,unknown,unknown,fotmob_expected,expected_xi,,T2,0.0,,16.1,,,0.0,0,,,,,0,16.1,6,0.1099,0.0,0.103,-0.1099,1.4841,1.4427,0.9721,1.0722,1.0784,-0.986558,-98.656,model,history,96.0,low,suppress,no_action,,0.0,,,no_action,"history_lt_500,fixture_t2",FotMob Expected XI,odds_api_io,event_id=61301285;market=Anytime Goalscorer
2026-05-21T20:25:05Z,2026-05-21T20:24:45Z,2026-05-24,,Bet365,England - Premier League,Nottingham Forest,AFC Bournemouth,1,725,Ola Aina,Ola Aina,Nottingham Forest,AFC Bournemouth,DR,DR,13.0,0.076923,0.001,99.0,0.001,1.5951,0.0002,0.0003,0.0003,0.0,0.001,1.0,,0.0,0,0.0,0.0,0.61,recent_long,0.0,5.0,0.0,0.0,0.0,,,0,none,0.0,0.0,0.0,0,,,expected_out,expected_out,fotmob_expected,expected_xi,Ola Aina,T2,0.0,,0.0,DR,1,0.9,10,,,,,0,0.0,8,0.0946,0.0,0.0119,-0.0946,1.8164,1.5281,0.8413,1.0847,1.1253,-0.987006,-98.701,model,history,6345.0,low,suppress,no_action,,0.0,,,no_action,"expected_out,fixture_t2",FotMob Expected XI,odds_api_io,event_id=61301279;market=Anytime Goalscorer
2026-05-21T20:25:05Z,2026-05-21T20:24:45Z,2026-05-24,,Bet365,England - Premier League,Nottingham Forest,AFC Bournemouth,1,13306,Zach Abbott,Zach Abbott,Nottingham Forest,AFC Bournemouth,DR,DR,13.0,0.076923,0.001,99.0,0.001,1.5951,0.0,0.0,0.0,0.0,0.001,1.0,,0.0,0,0.0,0.0,0.0,none,0.0,0.0,0.0,0.0,0.0,,,0,none,0.0,0.0,0.0,0,,,unknown,unknown,fotmob_expected,expected_xi,,T2,0.0,,55.5,DR,1,1.0,2,,,,,0,55.5,3,0.0,0.0,0.0,0.0,1.5498,1.5281,0.986,1.0847,1.1253,-0.987006,-98.701,fallback,history,166.0,low,suppress,no_action,,0.0,,,no_action,"fallback_method,fixture_t2",FotMob Expected XI,odds_api_io,event_id=61301279;market=Anytime Goalscorer
2026-05-21T20:25:05Z,2026-05-21T20:24:45Z,2026-05-24,,Bet365,England - Premier League,West Ham United,Leeds United,0,11966,Noah Okafor,Noah Okafor,Leeds,West Ham United,FW,FW,3.25,0.307692,0.00398,99.0,0.004,1.4294,0.0028,0.004,0.004,0.0,0.004,1.0,,0.0,0,0.0,0.0,2.86,recent_long,0.0,5.0,0.0,0.0,0.0,,,0,none,0.0,0.0,0.0,0,,,expected_out,expected_out,fotmob_expected,expected_xi,Noah Okafor,T2,0.0,,0.0,AMC,4,0.6667,6,,,,,0,0.0,8,3.2753,6.0,0.6536,2.7247,1.9474,1.5434,0.7925,1.1254,1.1337,-0.987066,-98.707,model,history,1592.0,low,suppress,no_action,,0.0,,,no_action,"expected_out,fixture_t2",FotMob Expected XI,odds_api_io,event_id=61301285;market=Anytime Goalscorer
2026-05-21T20:25:05Z,2026-05-21T20:24:45Z,2026-05-24,,Bet365,England - Premier League,Sunderland AFC,Chelsea FC,0,7240,Benoit Badiashile,Benoit Badiashile,Chelsea,Sunderland AFC,DC,DC,12.0,0.083333,0.001,99.0,0.001,1.6965,0.0004,0.0006,0.0006,0.0,0.001,1.0,,0.0,0,0.0,0.0,2.47,recent_long,0.0,5.0,0.0,0.0,0.0,,,0,none,0.0,0.0,0.0,0,,,unknown,unknown,fotmob_expected,expected_xi,,T2,0.0,,65.5,DC,1,1.0,8,,,,,0,65.5,8,0.0,0.0,0.0,0.0,1.5404,1.6978,1.1022,1.2426,1.2186,-0.988006,-98.801,model,history,2139.0,medium,monitor,no_action,,0.0,,,no_action,"history_resolver,no_xi_yet,fixture_t2",FotMob Expected XI,odds_api_io,event_id=61301281;market=Anytime Goalscorer
2026-05-21T20:25:05Z,2026-05-21T20:24:45Z,2026-05-24,,Bet365,England - Premier League,Crystal Palace,Arsenal FC,1,7075,Borna Sosa,Borna Sosa,Crystal Palace,Arsenal FC,S,S,12.0,0.083333,0.001,99.0,0.001,1.4526,0.0,0.0,0.0,0.0,0.001,1.0,,0.0,0,0.0,0.0,0.0,none,0.0,0.0,0.0,0.0,0.0,,,0,none,0.0,0.0,0.0,0,,,unknown,unknown,none,none,,T2,1.0,no_lineup_payload,12.6,,,0.0,0,,,,,0,12.6,0,0.0,0.0,0.0,0.0,,1.3,,1.1116,1.0,-0.988006,-98.801,fallback,live_roster,0.0,low,suppress,no_action,,0.0,,,no_action,"fallback_method,fixture_t2",,odds_api_io,event_id=61301271;market=Anytime Goalscorer
2026-05-21T20:25:05Z,2026-05-21T20:24:45Z,2026-05-24,,Bet365,England - Premier League,West Ham United,Leeds United,0,9944,Gabriel Gudmundsson,Gabriel Gudmundsson,Leeds,West Ham United,DML,DML,12.0,0.083333,0.001,99.0,0.001,1.4294,0.0002,0.0003,0.0003,0.0,0.001,1.0,,0.0,0,0.0,0.0,3.73,recent_long,0.0,7.0,0.0,0.0,0.0,,,0,none,0.0,0.0,0.0,0,,,expected_out,expected_out,fotmob_expected,expected_xi,Gabriel Gudmundsson,T2,0.0,,0.0,DML,2,0.5,10,,,,,0,0.0,8,0.1878,0.0,0.0267,-0.1878,1.617,1.5434,0.9544,1.1254,1.1337,-0.988006,-98.801,model,history,2657.0,low,suppress,no_action,,0.0,,,no_action,"expected_out,fixture_t2",FotMob Expected XI,odds_api_io,event_id=61301285;market=Anytime Goalscorer
2026-05-21T20:25:05Z,2026-05-21T20:24:45Z,2026-05-24,,Bet365,England - Premier League,Sunderland AFC,Chelsea FC,1,13715,Daniel Ballard,Daniel Ballard,Sunderland,Chelsea FC,DC,DC,8.5,0.117647,0.00136,99.0,0.0014,1.4247,0.001,0.0014,0.0014,0.0,0.0014,1.0,,0.0,0,0.0,0.0,2.27,recent_long,0.0,4.0,0.0,0.0,0.0,,,0,none,0.0,0.0,0.0,0,,,expected_out,expected_out,fotmob_expected,expected_xi,Daniel Ballard,T2,0.0,,0.0,DC,1,1.0,9,,,,,0,0.0,8,0.2784,0.0,0.0444,-0.2784,1.7223,1.5824,0.9187,0.9438,1.1552,-0.988441,-98.844,model,history,2143.0,low,suppress,no_action,,0.0,,,no_action,"expected_out,fixture_t2",FotMob Expected XI,odds_api_io,event_id=61301281;market=Anytime Goalscorer
2026-05-21T20:25:05Z,2026-05-21T20:24:45Z,2026-05-24,,Bet365,England - Premier League,Brighton & Hove Albion,Manchester United,1,3645,Olivier Boscagli,Olivier Boscagli,Brighton,Manchester United,DC,DC,11.0,0.090909,0.001017,99.0,0.001,1.6264,0.0006,0.001,0.001,0.0,0.001,1.0,,0.0,0,0.0,0.0,0.0,none,0.0,0.0,0.0,0.0,0.0,,,0,none,0.0,0.0,0.0,0,,,unknown,unknown,fotmob_expected,expected_xi,,T2,0.0,,70.8,DC,1,0.875,8,,,,,0,70.8,8,0.0,0.0,0.0,0.0,1.7296,1.3153,0.7605,1.2342,1.0084,-0.98881,-98.881,model,history,801.0,medium,monitor,no_action,,0.0,,,no_action,"history_resolver,no_xi_yet,fixture_t2",FotMob Expected XI,odds_api_io,event_id=61301267;market=Anytime Goalscorer
2026-05-21T20:25:05Z,2026-05-21T20:24:45Z,2026-05-24,,Bet365,England - Premier League,Manchester City,Aston Villa,0,13392,Andres Garcia,Andres Garcia,Aston Villa,Manchester City,Sub,Sub,11.0,0.090909,0.001,99.0,0.001,1.3099,0.0,0.0,0.0,0.0,0.001,1.0,,0.0,0,0.0,0.0,0.0,none,0.0,0.0,0.0,0.0,0.0,,,0,none,0.0,0.0,0.0,0,,,unknown,unknown,fotmob_expected,expected_xi,,T2,0.0,,62.0,DR,1,0.8,5,,,,,0,62.0,7,0.0354,0.0,0.0098,-0.0354,1.9267,1.1747,0.6097,1.2556,0.9312,-0.989005,-98.901,fallback,history,325.0,low,suppress,no_action,,0.0,,,no_action,"fallback_method,fixture_t2,stale_history",FotMob Expected XI,odds_api_io,event_id=61301277;market=Anytime Goalscorer
2026-05-21T20:25:05Z,2026-05-21T20:24:45Z,2026-05-24,,Bet365,England - Premier League,Manchester City,Aston Villa,0,10025,Lamare Bogarde,Lamare Bogarde,Aston Villa,Manchester City,Sub,Sub,11.0,0.090909,0.001,99.0,0.001,1.3099,0.0,0.0,0.0,0.0,0.001,1.0,,0.0,0,0.0,0.0,0.14,recent_long,0.0,1.0,0.0,0.0,0.0,,,0,none,0.0,0.0,0.0,0,,,unknown,unknown,fotmob_expected,expected_xi,,T2,0.0,,43.1,DMC,2,0.6,5,,,,,0,43.1,8,0.0,0.0,0.0,0.0,1.8465,1.1747,0.6362,1.2556,0.9312,-0.989005,-98.901,model,history,1413.0,medium,monitor,no_action,,0.0,,,no_action,"history_resolver,no_xi_yet,fixture_t2",FotMob Expected XI,odds_api_io,event_id=61301277;market=Anytime Goalscorer
2026-05-21T20:25:05Z,2026-05-21T20:24:45Z,2026-05-24,,Bet365,England - Premier League,Nottingham Forest,AFC Bournemouth,1,12123,Murillo dos Santos,Murillo dos Santos,Nottingham Forest,AFC Bournemouth,DC,DC,11.0,0.090909,0.001,99.0,0.001,1.5951,0.0002,0.0004,0.0004,0.0,0.001,1.0,,0.0,0,0.0,0.0,0.98,recent_long,0.0,6.0,0.0,0.0,0.0,,,0,none,0.0,0.0,0.0,0,,,expected_out,expected_out,fotmob_expected,expected_xi,Murillo,T2,0.0,,0.0,DC,1,1.0,10,,,,,0,0.0,8,0.2535,0.0,0.034,-0.2535,1.8056,1.5281,0.8463,1.0847,1.1253,-0.989005,-98.901,model,history,8144.0,low,suppress,no_action,,0.0,,,no_action,"expected_out,fixture_t2",FotMob Expected XI,odds_api_io,event_id=61301279;market=Anytime Goalscorer
2026-05-21T20:25:05Z,2026-05-21T20:24:45Z,2026-05-24,,Bet365,England - Premier League,Brighton & Hove Albion,Manchester United,0,10803,Tyrell Malacia,Tyrell Malacia,Manchester United,Brighton & Hove Albion,Sub,Sub,11.0,0.090909,0.001,99.0,0.001,1.3718,0.0,0.0,0.0,0.0,0.001,1.0,,0.0,0,0.0,0.0,0.0,none,0.0,0.0,0.0,0.0,0.0,,,0,none,0.0,0.0,0.0,0,,,unknown,unknown,fotmob_expected,expected_xi,,T2,0.0,,62.0,DML,2,1.0,2,,,,,0,62.0,3,0.0,0.0,0.0,0.0,1.308,1.1851,0.906,1.3069,0.9369,-0.989005,-98.901,fallback,history,102.0,low,suppress,no_action,,0.0,,,no_action,"fallback_method,fixture_t2,stale_history",FotMob Expected XI,odds_api_io,event_id=61301267;market=Anytime Goalscorer
2026-05-21T20:25:05Z,2026-05-21T20:24:45Z,2026-05-24,,Bet365,England - Premier League,Liverpool FC,Brentford FC,1,1433,Federico Chiesa,Federico Chiesa,Liverpool,Brentford FC,Sub,Sub,3.1,0.322581,0.003466,99.0,0.0035,1.9542,0.0018,0.0035,0.0035,0.0,0.0035,1.0,,0.0,0,0.0,0.0,0.79,recent_long,0.0,2.0,0.0,0.0,0.0,,,0,none,0.0,0.0,0.0,0,,,unknown,unknown,fotmob_expected,expected_xi,,T2,0.0,,8.9,,,0.0,0,,,,,0,8.9,8,0.2913,0.0,0.4162,-0.2913,1.4806,1.6949,1.1447,1.2288,1.217,-0.989255,-98.926,model,history,342.0,low,suppress,no_action,,0.0,,,no_action,"history_lt_500,fixture_t2",FotMob Expected XI,odds_api_io,event_id=61301275;market=Anytime Goalscorer
2026-05-21T20:25:05Z,2026-05-21T20:24:45Z,2026-05-24,,Bet365,England - Premier League,Tottenham Hotspur,Everton FC,0,668,Idrissa Gueye,Idrissa Gueye,Everton,Tottenham Hotspur,DMC,DMC,10.0,0.1,0.001,99.0,0.001,1.4729,0.0005,0.0007,0.0007,0.0,0.001,1.0,,0.0,0,0.0,0.0,1.08,recent_long,0.0,6.0,0.0,0.0,0.0,,,0,none,0.0,0.0,0.0,0,,,expected_out,expected_out,fotmob_expected,expected_xi,Idrissa Gana Gueye,T2,0.0,,0.0,DMC,2,1.0,10,,,,,0,0.0,8,0.4293,0.0,0.0547,-0.4293,1.463,1.59,1.0868,1.134,1.1593,-0.990005,-99.0,model,history,7140.0,low,suppress,no_action,,0.0,,,no_action,"expected_out,fixture_t2",FotMob Expected XI,odds_api_io,event_id=61301283;market=Anytime Goalscorer
2026-05-21T20:25:05Z,2026-05-21T20:24:45Z,2026-05-24,,Bet365,England - Premier League,Nottingham Forest,AFC Bournemouth,0,7268,Bafode Diakite,Bafode Diakite,Bournemouth,Nottingham Forest,Sub,Sub,9.5,0.105263,0.001,99.0,0.001,1.8709,0.0003,0.0006,0.0006,0.0,0.001,1.0,,0.0,0,0.0,0.0,1.51,recent_long,0.0,2.0,0.0,0.0,0.0,,,0,none,0.0,0.0,0.0,0,,,unknown,unknown,fotmob_expected,expected_xi,,T2,0.0,,61.0,DC,1,1.0,7,,,,,0,61.0,8,0.0,0.0,0.0,0.0,1.4719,1.8408,1.2507,1.3359,1.25,-0.990505,-99.05,model,history,1276.0,medium,monitor,no_action,,0.0,,,no_action,"history_resolver,no_xi_yet,fixture_t2",FotMob Expected XI,odds_api_io,event_id=61301279;market=Anytime Goalscorer
2026-05-21T20:25:05Z,2026-05-21T20:24:45Z,2026-05-24,,Bet365,England - Premier League,Manchester City,Aston Villa,0,6122,Douglas Luiz,Douglas Luiz,Aston Villa,Manchester City,MC,MC,9.5,0.105263,0.001,99.0,0.001,1.3099,0.0,0.0,0.0,0.0,0.001,1.0,,0.0,0,0.0,0.0,0.0,none,0.0,0.0,0.0,0.0,0.0,,,0,none,0.0,0.0,0.0,0,,,unknown,unknown,fotmob_expected,expected_xi,,T2,0.0,,62.0,MC,3,0.7,10,,,,,0,62.0,8,0.5754,0.0,0.0756,-0.5754,1.4621,1.1747,0.8034,1.2556,0.9312,-0.990505,-99.05,fallback,history,3043.0,low,suppress,no_action,,0.0,,,no_action,"fallback_method,fixture_t2,stale_history",FotMob Expected XI,odds_api_io,event_id=61301277;market=Anytime Goalscorer
2026-05-21T20:25:05Z,2026-05-21T20:24:45Z,2026-05-24,,Bet365,England - Premier League,Tottenham Hotspur,Everton FC,1,14176,James Rowswell,James Rowswell,Tottenham,Everton FC,S,S,9.5,0.105263,0.001,99.0,0.001,1.6279,0.0,0.0,0.0,0.0,0.001,1.0,,0.0,0,0.0,0.0,0.0,none,0.0,0.0,0.0,0.0,0.0,,,0,none,0.0,0.0,0.0,0,,,unknown,unknown,fotmob_expected,expected_xi,,T2,0.0,,5.0,,,0.0,0,,,,,0,5.0,0,0.0,0.0,0.0,0.0,,1.6658,,1.0372,1.201,-0.990505,-99.05,fallback,live_roster,0.0,low,suppress,no_action,,0.0,,,no_action,"fallback_method,fixture_t2",FotMob Expected XI,odds_api_io,event_id=61301283;market=Anytime Goalscorer
2026-05-21T20:25:05Z,2026-05-21T20:24:45Z,2026-05-24,,Bet365,England - Premier League,Fulham FC,Newcastle United,1,910,Harrison Reed,Harrison Reed,Fulham,Newcastle United,DMC,DMC,9.0,0.111111,0.001,99.0,0.001,1.6275,0.0,0.0,0.0,0.0,0.001,1.0,,0.0,0,0.0,0.0,0.0,none,0.0,0.0,0.0,0.0,0.0,,,0,none,0.0,0.0,0.0,0,,,unknown,unknown,fotmob_expected,expected_xi,,T2,0.0,,62.0,DMC,2,1.0,6,,,,,0,62.0,8,0.1929,0.0,0.0407,-0.1929,2.0085,1.8486,0.9204,0.9963,1.25,-0.991004,-99.1,fallback,history,1298.0,low,suppress,no_action,,0.0,,,no_action,"fallback_method,fixture_t2,stale_history",FotMob Expected XI,odds_api_io,event_id=61301273;market=Anytime Goalscorer
2026-05-21T20:25:05Z,2026-05-21T20:24:45Z,2026-05-24,,Bet365,England - Premier League,Brighton & Hove Albion,Manchester United,1,10806,Kaoru Mitoma,Kaoru Mitoma,Brighton,Manchester United,AML,AML,2.875,0.347826,0.003006,99.0,0.003,1.6264,0.0019,0.003,0.003,0.0,0.003,1.0,,0.0,0,0.0,0.0,2.12,recent_long,0.0,12.0,0.0,0.0,0.0,,,0,none,0.0,0.0,0.0,0,,,expected_out,expected_out,fotmob_expected,expected_xi,Kaoru Mitoma,T2,0.0,,0.0,AML,4,0.7143,7,,,,,0,0.0,8,2.2794,1.0,0.4589,-1.2794,1.7943,1.3153,0.7331,1.2342,1.0084,-0.991357,-99.136,model,history,5813.0,low,suppress,no_action,,0.0,,,no_action,"expected_out,fixture_t2",FotMob Expected XI,odds_api_io,event_id=61301267;market=Anytime Goalscorer
2026-05-21T20:25:05Z,2026-05-21T20:24:45Z,2026-05-24,,Bet365,England - Premier League,Brighton & Hove Albion,Manchester United,1,12758,Mats Wieffer,Mats Wieffer,Brighton,Manchester United,DR,DR,7.0,0.142857,0.001219,99.0,0.0012,1.6264,0.0007,0.0012,0.0012,0.0,0.0012,1.0,,0.0,0,0.0,0.0,1.11,recent_long,0.0,6.0,0.0,0.0,0.0,,,0,none,0.0,0.0,0.0,0,,,expected_out,expected_out,fotmob_expected,expected_xi,Mats Wieffer,T2,0.0,,0.0,DR,1,1.0,9,,,,,0,0.0,8,0.809,2.0,0.1262,1.191,1.7296,1.3153,0.7605,1.2342,1.0084,-0.991469,-99.147,model,history,2820.0,low,suppress,no_action,,0.0,,,no_action,"expected_out,fixture_t2",FotMob Expected XI,odds_api_io,event_id=61301267;market=Anytime Goalscorer
2026-05-21T20:25:05Z,2026-05-21T20:24:45Z,2026-05-24,,Bet365,England - Premier League,Manchester City,Aston Villa,1,586,John Stones,John Stones,Manchester City,Aston Villa,Sub,Sub,4.333,0.230787,0.001934,99.0,0.0019,2.3349,0.0008,0.0019,0.0019,0.0,0.0019,1.0,,0.0,0,0.0,0.0,1.27,recent_long,0.0,5.0,0.0,0.0,0.0,,,0,none,0.0,0.0,0.0,0,,,unknown,unknown,fotmob_expected,expected_xi,,T2,0.0,,46.2,DC,1,1.0,6,,,,,0,46.2,8,0.0,0.0,0.0,0.0,1.469,1.4782,1.0062,1.6274,1.0979,-0.99162,-99.162,model,history,1963.0,medium,monitor,no_action,,0.0,,,no_action,"history_resolver,no_xi_yet,fixture_t2",FotMob Expected XI,odds_api_io,event_id=61301277;market=Anytime Goalscorer
2026-05-21T20:25:05Z,2026-05-21T20:24:45Z,2026-05-24,,Bet365,England - Premier League,West Ham United,Leeds United,0,9910,Anton Stach,Anton Stach,Leeds,West Ham United,MC,MC,7.0,0.142857,0.001154,99.0,0.0012,1.4294,0.0008,0.0012,0.0012,0.0,0.0012,1.0,,0.0,0,0.0,0.0,2.81,recent_long,0.0,5.0,0.0,0.0,0.0,,,0,none,0.0,0.0,0.0,0,,,expected_out,expected_out,fotmob_expected,expected_xi,Anton Stach,T2,0.0,,0.0,MC,3,0.6,10,,,,,0,0.0,8,0.6876,2.0,0.0907,1.3124,1.6553,1.5434,0.9324,1.1254,1.1337,-0.991919,-99.192,model,history,2394.0,low,suppress,no_action,,0.0,,,no_action,"expected_out,fixture_t2",FotMob Expected XI,odds_api_io,event_id=61301285;market=Anytime Goalscorer
2026-05-21T20:25:05Z,2026-05-21T20:24:45Z,2026-05-24,,Bet365,England - Premier League,Manchester City,Aston Villa,0,14446,Alysson Edward,Alysson Edward,Aston Villa,Manchester City,S,S,8.0,0.125,0.001,99.0,0.001,1.3099,0.0,0.0,0.0,0.0,0.001,1.0,,0.0,0,0.0,0.0,0.0,none,0.0,0.0,0.0,0.0,0.0,,,0,none,0.0,0.0,0.0,0,,,expected_out,expected_out,fotmob_expected,expected_xi,Alysson Edward,T2,0.0,,0.0,,,0.0,0,,,,,0,0.0,0,0.0,0.0,0.0,0.0,,1.1747,,1.2556,0.9312,-0.992004,-99.2,fallback,live_roster,0.0,low,suppress,no_action,,0.0,,,no_action,"expected_out,fixture_t2",FotMob Expected XI,odds_api_io,event_id=61301277;market=Anytime Goalscorer
2026-05-21T20:25:05Z,2026-05-21T20:24:45Z,2026-05-24,,Bet365,England - Premier League,West Ham United,Leeds United,0,9205,Jayden Bogle,Jayden Bogle,Leeds,West Ham United,DMR,DMR,8.0,0.125,0.001,99.0,0.001,1.4294,0.0005,0.0007,0.0007,0.0,0.001,1.0,,0.0,0,0.0,0.0,3.06,recent_long,0.0,10.0,0.0,0.0,0.0,,,0,none,0.0,0.0,0.0,0,,,expected_out,expected_out,fotmob_expected,expected_xi,Jayden Bogle,T2,0.0,,0.0,DMR,2,0.4444,9,,,,,0,0.0,8,0.1898,0.0,0.028,-0.1898,1.9474,1.5434,0.7925,1.1254,1.1337,-0.992004,-99.2,model,history,5559.0,low,suppress,no_action,,0.0,,,no_action,"expected_out,fixture_t2",FotMob Expected XI,odds_api_io,event_id=61301285;market=Anytime Goalscorer
2026-05-21T20:25:05Z,2026-05-21T20:24:45Z,2026-05-24,,Bet365,England - Premier League,Crystal Palace,Arsenal FC,1,14263,Joel Drakes-Thomas,Joél Drakes-Thomas,Crystal Palace,Arsenal FC,S,S,8.0,0.125,0.001,99.0,0.001,1.4526,0.0,0.0,0.0,0.0,0.001,1.0,,0.0,0,0.0,0.0,0.0,none,0.0,0.0,0.0,0.0,0.0,,,0,none,0.0,0.0,0.0,0,,,unknown,unknown,none,none,,T2,1.0,no_lineup_payload,5.0,,,0.0,0,,,,,0,5.0,0,0.0,0.0,0.0,0.0,,1.3,,1.1116,1.0,-0.992004,-99.2,fallback,live_roster,0.0,low,suppress,no_action,,0.0,,,no_action,"fallback_method,fixture_t2",,odds_api_io,event_id=61301271;market=Anytime Goalscorer
2026-05-21T20:25:05Z,2026-05-21T20:24:45Z,2026-05-24,,Bet365,England - Premier League,Crystal Palace,Arsenal FC,1,11033,Kaden Rodney,Kaden Rodney,Crystal Palace,Arsenal FC,S,S,8.0,0.125,0.001,99.0,0.001,1.4526,0.0,0.0,0.0,0.0,0.001,1.0,,0.0,0,0.0,0.0,0.0,none,0.0,0.0,0.0,0.0,0.0,,,0,none,0.0,0.0,0.0,0,,,unknown,unknown,none,none,,T2,1.0,no_lineup_payload,5.0,,,0.0,0,,,,,0,5.0,0,0.0,0.0,0.0,0.0,,1.3,,1.1116,1.0,-0.992004,-99.2,fallback,live_roster,0.0,low,suppress,no_action,,0.0,,,no_action,"fallback_method,fixture_t2",,odds_api_io,event_id=61301271;market=Anytime Goalscorer
2026-05-21T20:25:05Z,2026-05-21T20:24:45Z,2026-05-24,,Bet365,England - Premier League,Fulham FC,Newcastle United,1,6837,Ryan Sessegnon,Ryan Sessegnon,Fulham,Newcastle United,DL,DL,6.0,0.166667,0.001323,99.0,0.0013,1.6275,0.0008,0.0013,0.0013,0.0,0.0013,1.0,,0.0,0,0.0,0.0,2.02,recent_long,0.0,3.0,0.0,0.0,0.0,,,0,none,0.0,0.0,0.0,0,,,expected_out,expected_out,fotmob_expected,expected_xi,Ryan Sessegnon,T2,0.0,,0.0,DL,1,1.0,6,,,,,0,0.0,8,0.8558,1.0,0.1935,0.1442,1.4586,1.8486,1.2674,0.9963,1.25,-0.992061,-99.206,model,history,2406.0,low,suppress,no_action,,0.0,,,no_action,"expected_out,fixture_t2",FotMob Expected XI,odds_api_io,event_id=61301273;market=Anytime Goalscorer
2026-05-21T20:25:05Z,2026-05-21T20:24:45Z,2026-05-24,,Bet365,England - Premier League,Sunderland AFC,Chelsea FC,0,13094,Dario Essugo,Dário Essugo,Chelsea,Sunderland AFC,S,S,7.5,0.133333,0.001,99.0,0.001,1.6965,0.0,0.0,0.0,0.0,0.001,1.0,,0.0,0,0.0,0.0,0.0,none,0.0,0.0,0.0,0.0,0.0,,,0,none,0.0,0.0,0.0,0,,,unknown,unknown,fotmob_expected,expected_xi,,T2,0.0,,8.0,,,0.0,0,,,,,0,8.0,0,0.0,0.0,0.0,0.0,,1.6978,,1.2426,1.2186,-0.992504,-99.25,fallback,live_roster,0.0,low,suppress,no_action,,0.0,,,no_action,"fallback_method,fixture_t2",FotMob Expected XI,odds_api_io,event_id=61301281;market=Anytime Goalscorer
2026-05-21T20:25:05Z,2026-05-21T20:24:45Z,2026-05-24,,Bet365,England - Premier League,Tottenham Hotspur,Everton FC,1,14410,Joao Victor Souza,Joao Victor Souza,Tottenham,Everton FC,MR,MR,7.5,0.133333,0.001,99.0,0.001,1.6279,0.0004,0.0006,0.0006,0.0,0.001,1.0,,0.0,0,0.0,0.0,0.0,none,0.0,0.0,0.0,0.0,0.0,,,0,none,0.0,0.0,0.0,0,,,unknown,unknown,fotmob_expected,expected_xi,,T2,0.0,,34.9,MR,3,0.5,2,,,,,0,34.9,4,0.0115,0.0,0.0076,-0.0115,1.4744,1.6658,1.1298,1.0372,1.201,-0.992504,-99.25,model,history,136.0,low,suppress,no_action,,0.0,,,no_action,"history_lt_500,fixture_t2",FotMob Expected XI,odds_api_io,event_id=61301283;market=Anytime Goalscorer
2026-05-21T20:25:05Z,2026-05-21T20:24:45Z,2026-05-24,,Bet365,England - Premier League,Nottingham Forest,AFC Bournemouth,0,14374,Alex Toth,Alex Tóth,Bournemouth,Nottingham Forest,M S,M S,7.0,0.142857,0.001,99.0,0.001,1.8709,0.0,0.0,0.0,0.0,0.001,1.0,,0.0,0,0.0,0.0,0.0,none,0.0,0.0,0.0,0.0,0.0,,,0,none,0.0,0.0,0.0,0,,,unknown,unknown,fotmob_expected,expected_xi,,T2,0.0,,9.4,,,0.0,0,,,,,0,9.4,0,0.0,0.0,0.0,0.0,,1.8408,,1.3359,1.25,-0.993003,-99.3,fallback,live_roster,0.0,low,suppress,no_action,,0.0,,,no_action,"fallback_method,fixture_t2",FotMob Expected XI,odds_api_io,event_id=61301279;market=Anytime Goalscorer
2026-05-21T20:25:05Z,2026-05-21T20:24:45Z,2026-05-24,,Bet365,England - Premier League,Burnley FC,Wolverhampton Wanderers,1,843,James Ward-Prowse,James Ward-Prowse,Burnley FC,Wolverhampton Wanderers,M S,M S,7.0,0.142857,0.001,99.0,0.001,1.3748,0.0,0.0,0.0,0.0,0.001,1.0,,0.0,0,0.0,0.0,0.0,none,0.0,0.0,0.0,0.0,0.0,,,0,none,0.0,0.0,0.0,0,,,unknown,unknown,fotmob_expected,expected_xi,,T2,0.0,,63.4,DMC,2,0.4286,7,,,,,0,63.4,8,0.691,2.0,0.1082,1.309,1.7019,1.9433,1.1419,0.8416,1.25,-0.993003,-99.3,fallback,live_roster,3025.0,low,suppress,no_action,,0.0,,,no_action,"fallback_method,fixture_t2,stale_history",FotMob Expected XI,odds_api_io,event_id=61301269;market=Anytime Goalscorer
2026-05-21T20:25:05Z,2026-05-21T20:24:45Z,2026-05-24,,Bet365,England - Premier League,Liverpool FC,Brentford FC,0,10405,Josh Dasilva,Josh Dasilva,Brentford,Liverpool FC,S,S,7.0,0.142857,0.001,99.0,0.001,1.5423,0.0,0.0,0.0,0.0,0.001,1.0,,0.0,0,0.0,0.0,0.0,none,0.0,0.0,0.0,0.0,0.0,,,0,none,0.0,0.0,0.0,0,,,unknown,unknown,fotmob_expected,expected_xi,,T2,0.0,,5.0,,,0.0,0,,,,,0,5.0,0,0.0,0.0,0.0,0.0,,1.5344,,1.2196,1.1288,-0.993003,-99.3,fallback,live_roster,0.0,low,suppress,no_action,,0.0,,,no_action,"fallback_method,fixture_t2",FotMob Expected XI,odds_api_io,event_id=61301275;market=Anytime Goalscorer
2026-05-21T20:25:05Z,2026-05-21T20:24:45Z,2026-05-24,,Bet365,England - Premier League,Liverpool FC,Brentford FC,1,5232,Alexander Isak,Alexander Isak,Liverpool,Brentford FC,Sub,Sub,2.1,0.47619,0.003229,99.0,0.0032,1.9542,0.0017,0.0032,0.0032,0.0,0.0032,1.0,,0.0,0,0.3,0.3,1.14,recent_long,10.0,10.0,1.0,0.0,0.0,,,0,none,0.0,0.0,0.0,0,,,expected_out,expected_out,fotmob_expected,expected_xi,Alexander Isak,T2,0.0,,0.0,FW,5,1.0,5,,,,,0,0.0,8,0.9834,2.0,0.2846,1.0166,1.5674,1.6949,1.0813,1.2288,1.217,-0.99322,-99.322,model,history,5844.0,low,suppress,no_action,,0.0,,,no_action,"expected_out,fixture_t2",FotMob Expected XI,odds_api_io,event_id=61301275;market=Anytime Goalscorer
2026-05-21T20:25:05Z,2026-05-21T20:24:45Z,2026-05-24,,Bet365,England - Premier League,Tottenham Hotspur,Everton FC,1,13224,Callum Olusesi,Callum Olusesi,Tottenham,Everton FC,S,S,6.5,0.153846,0.001,99.0,0.001,1.6279,0.0,0.0,0.0,0.0,0.001,1.0,,0.0,0,0.0,0.0,0.0,none,0.0,0.0,0.0,0.0,0.0,,,0,none,0.0,0.0,0.0,0,,,unknown,unknown,fotmob_expected,expected_xi,,T2,0.0,,12.0,,,0.0,0,,,,,0,12.0,0,0.0,0.0,0.0,0.0,,1.6658,,1.0372,1.201,-0.993503,-99.35,fallback,live_roster,0.0,low,suppress,no_action,,0.0,,,no_action,"fallback_method,fixture_t2",FotMob Expected XI,odds_api_io,event_id=61301283;market=Anytime Goalscorer
2026-05-21T20:25:05Z,2026-05-21T20:24:45Z,2026-05-24,,Bet365,England - Premier League,Manchester City,Aston Villa,0,14193,George Hemmings,George Hemmings,Aston Villa,Manchester City,S,S,6.5,0.153846,0.001,99.0,0.001,1.3099,0.0,0.0,0.0,0.0,0.001,1.0,,0.0,0,0.0,0.0,0.0,none,0.0,0.0,0.0,0.0,0.0,,,0,none,0.0,0.0,0.0,0,,,unknown,unknown,fotmob_expected,expected_xi,,T2,0.0,,9.5,,,0.0,0,,,,,0,9.5,0,0.0,0.0,0.0,0.0,,1.1747,,1.2556,0.9312,-0.993503,-99.35,fallback,live_roster,0.0,low,suppress,no_action,,0.0,,,no_action,"fallback_method,fixture_t2",FotMob Expected XI,odds_api_io,event_id=61301277;market=Anytime Goalscorer
2026-05-21T20:25:05Z,2026-05-21T20:24:45Z,2026-05-24,,Bet365,England - Premier League,Sunderland AFC,Chelsea FC,1,14460,Jocelin Ta Bi,Djiamgone Jocelin Ta Bi,Sunderland,Chelsea FC,M,M,6.5,0.153846,0.001,99.0,0.001,1.4247,0.0,0.0,0.0,0.0,0.001,1.0,,0.0,0,0.0,0.0,0.0,none,0.0,0.0,0.0,0.0,0.0,,,0,none,0.0,0.0,0.0,0,,,unknown,unknown,fotmob_expected,expected_xi,,T2,0.0,,38.0,,,0.0,0,,,,,0,38.0,0,0.0,0.0,0.0,0.0,,1.5824,,0.9438,1.1552,-0.993503,-99.35,fallback,live_roster,0.0,low,suppress,no_action,,0.0,,,no_action,"fallback_method,fixture_t2",FotMob Expected XI,odds_api_io,event_id=61301281;market=Anytime Goalscorer
2026-05-21T20:25:05Z,2026-05-21T20:24:45Z,2026-05-24,,Bet365,England - Premier League,Nottingham Forest,AFC Bournemouth,0,10744,Ryan Christie,Ryan Christie,Bournemouth,Nottingham Forest,DMC,DMC,6.5,0.153846,0.001,99.0,0.001,1.8709,0.0003,0.0005,0.0005,0.0,0.001,1.0,,0.0,0,0.0,0.0,2.67,recent_long,0.0,14.0,0.0,0.0,0.0,,,0,none,0.0,0.0,0.0,0,,,expected_out,expected_out,fotmob_expected,expected_xi,Ryan Christie,T2,0.0,,0.0,DMC,2,1.0,7,,,,,0,0.0,8,0.3623,1.0,0.0676,0.6377,1.5795,1.8408,1.1654,1.3359,1.25,-0.993503,-99.35,model,history,6066.0,low,suppress,no_action,,0.0,,,no_action,"expected_out,fixture_t2",FotMob Expected XI,odds_api_io,event_id=61301279;market=Anytime Goalscorer
2026-05-21T20:25:05Z,2026-05-21T20:24:45Z,2026-05-24,,Bet365,England - Premier League,Liverpool FC,Brentford FC,1,9328,Jeremie Frimpong,Jeremie Frimpong,Liverpool,Brentford FC,AMR,AMR,6.0,0.166667,0.001,99.0,0.001,1.9542,0.0002,0.0004,0.0004,0.0,0.001,1.0,,0.0,0,0.0,0.0,0.87,recent_long,0.0,2.0,0.0,0.0,0.0,,,0,none,0.0,0.0,0.0,0,,,expected_out,expected_out,fotmob_expected,expected_xi,Jeremie Frimpong,T2,0.0,,0.0,DR,1,0.5714,7,,,,,0,0.0,8,0.1763,0.0,0.0331,-0.1763,1.4857,1.6949,1.1408,1.2288,1.217,-0.994003,-99.4,model,history,1014.0,low,suppress,no_action,,0.0,,,no_action,"expected_out,fixture_t2",FotMob Expected XI,odds_api_io,event_id=61301275;market=Anytime Goalscorer
2026-05-21T20:25:05Z,2026-05-21T20:24:45Z,2026-05-24,,Bet365,England - Premier League,Fulham FC,Newcastle United,0,87,Joelinton,Joelinton,Newcastle United,Fulham FC,AML,AML,5.5,0.181818,0.001007,99.0,0.001,1.7296,0.0006,0.001,0.001,0.0,0.001,1.0,,0.0,0,0.0,0.0,2.47,recent_long,0.0,12.0,0.0,0.0,0.0,,,0,none,0.0,0.0,0.0,0,,,expected_out,expected_out,fotmob_expected,expected_xi,Joelinton,T2,0.0,,0.0,MC,3,0.5,8,,,,,0,0.0,8,0.4695,0.0,0.0727,-0.4695,1.4397,1.7964,1.2478,1.235,1.25,-0.99446,-99.446,model,history,5682.0,low,suppress,no_action,,0.0,,,no_action,"expected_out,fixture_t2",FotMob Expected XI,odds_api_io,event_id=61301273;market=Anytime Goalscorer
2026-05-21T20:25:05Z,2026-05-21T20:24:45Z,2026-05-24,,Bet365,England - Premier League,West Ham United,Leeds United,1,14219,Mohamadou Kante,Mohamadou Kanté,West Ham,Leeds United,S,S,5.5,0.181818,0.001,99.0,0.001,1.5111,0.0,0.0,0.0,0.0,0.001,1.0,,0.0,0,0.0,0.0,0.0,none,0.0,0.0,0.0,0.0,0.0,,,0,none,0.0,0.0,0.0,0,,,unknown,unknown,fotmob_expected,expected_xi,,T2,0.0,,5.0,,,0.0,0,,,,,0,5.0,0,0.0,0.0,0.0,0.0,,1.4427,,1.0722,1.0784,-0.994503,-99.45,fallback,live_roster,0.0,low,suppress,no_action,,0.0,,,no_action,"fallback_method,fixture_t2",FotMob Expected XI,odds_api_io,event_id=61301285;market=Anytime Goalscorer
2026-05-21T20:25:05Z,2026-05-21T20:24:45Z,2026-05-24,,Bet365,England - Premier League,Brighton & Hove Albion,Manchester United,0,14266,Bendito Mantato,Bendito Mantato,Manchester United,Brighton & Hove Albion,S,S,5.0,0.2,0.001,99.0,0.001,1.3718,0.0,0.0,0.0,0.0,0.001,1.0,,0.0,0,0.0,0.0,0.0,none,0.0,0.0,0.0,0.0,0.0,,,0,none,0.0,0.0,0.0,0,,,unknown,unknown,fotmob_expected,expected_xi,,T2,0.0,,14.0,,,0.0,0,,,,,0,14.0,0,0.0,0.0,0.0,0.0,,1.1851,,1.3069,0.9369,-0.995002,-99.5,fallback,live_roster,0.0,low,suppress,no_action,,0.0,,,no_action,"fallback_method,fixture_t2",FotMob Expected XI,odds_api_io,event_id=61301267;market=Anytime Goalscorer
2026-05-21T20:25:05Z,2026-05-21T20:24:45Z,2026-05-24,,Bet365,England - Premier League,Liverpool FC,Brentford FC,1,12203,Trey Nyoni,Treymaurice Nyoni,Liverpool,Brentford FC,S,S,5.0,0.2,0.001,99.0,0.001,1.9542,0.0,0.0,0.0,0.0,0.001,1.0,,0.0,0,0.0,0.0,0.0,none,0.0,0.0,0.0,0.0,0.0,,,0,none,0.0,0.0,0.0,0,,,unknown,unknown,fotmob_expected,expected_xi,,T2,0.0,,5.0,,,0.0,0,,,,,0,5.0,0,0.0,0.0,0.0,0.0,,1.6949,,1.2288,1.217,-0.995002,-99.5,fallback,live_roster,0.0,low,suppress,no_action,,0.0,,,no_action,"fallback_method,fixture_t2",FotMob Expected XI,odds_api_io,event_id=61301275;market=Anytime Goalscorer
2026-05-21T20:25:05Z,2026-05-21T20:24:45Z,2026-05-24,,Bet365,England - Premier League,Burnley FC,Wolverhampton Wanderers,0,13220,Tom Edozie,Tom Edozie,Wolverhampton Wanderers,Burnley FC,S,S,4.75,0.210526,0.001,99.0,0.001,1.2301,0.0,0.0,0.0,0.0,0.001,1.0,,0.0,0,0.0,0.0,0.0,none,0.0,0.0,0.0,0.0,0.0,,,0,none,0.0,0.0,0.0,0,,,unknown,unknown,fotmob_expected,expected_xi,,T2,0.0,,5.0,,,0.0,0,,,,,0,5.0,0,0.0,0.0,0.0,0.0,,2.0671,,0.8783,1.25,-0.995252,-99.525,fallback,live_roster,0.0,low,suppress,no_action,,0.0,,,no_action,"fallback_method,fixture_t2",FotMob Expected XI,odds_api_io,event_id=61301269;market=Anytime Goalscorer
2026-05-21T20:25:05Z,2026-05-21T20:24:45Z,2026-05-24,,Bet365,England - Premier League,Nottingham Forest,AFC Bournemouth,1,8662,Dan Ndoye,Dan Ndoye,Nottingham Forest,AFC Bournemouth,Sub,Sub,4.5,0.222222,0.001,99.0,0.001,1.5951,0.0004,0.0006,0.0006,0.0,0.001,1.0,,0.0,0,0.0,0.0,0.42,recent_long,0.0,1.0,0.0,0.0,0.0,,,0,none,0.0,0.0,0.0,0,,,expected_out,expected_out,fotmob_expected,expected_xi,Dan Ndoye,T2,0.0,,0.0,,,0.0,0,,,,,0,0.0,8,0.2552,0.0,0.1689,-0.2552,1.6435,1.5281,0.9297,1.0847,1.1253,-0.995502,-99.55,model,history,1184.0,low,suppress,no_action,,0.0,,,no_action,"expected_out,fixture_t2",FotMob Expected XI,odds_api_io,event_id=61301279;market=Anytime Goalscorer
2026-05-21T20:25:05Z,2026-05-21T20:24:45Z,2026-05-24,,Bet365,England - Premier League,West Ham United,Leeds United,1,900,Adama Traore,Adama Traoré,West Ham United,Leeds United,M S,M S,4.333,0.230787,0.001,99.0,0.001,1.5111,0.0004,0.0006,0.0006,0.0,0.001,1.0,,0.0,0,0.0,0.0,1.03,recent_long,0.0,4.0,0.0,0.0,0.0,,,0,none,0.0,0.0,0.0,0,,,expected_out,expected_out,fotmob_expected,expected_xi,Adama Traoré,T2,0.0,,0.0,AMR,4,0.3333,3,,,,,0,0.0,8,0.2629,0.0,0.0822,-0.2629,1.1902,1.4427,1.2121,1.0722,1.0784,-0.995669,-99.567,model,live_roster,2071.0,low,suppress,no_action,,0.0,,,no_action,"expected_out,fixture_t2",FotMob Expected XI,odds_api_io,event_id=61301285;market=Anytime Goalscorer
2026-05-21T20:25:05Z,2026-05-21T20:24:45Z,2026-05-24,,Bet365,England - Premier League,Tottenham Hotspur,Everton FC,1,6818,James Maddison,James Maddison,Tottenham,Everton FC,MC,MC,4.333,0.230787,0.001,99.0,0.001,1.6279,0.0,0.0,0.0,0.0,0.001,1.0,,0.0,0,0.0,0.0,0.0,none,0.0,0.0,0.0,0.0,0.0,,,0,none,0.0,0.0,0.0,0,,,unknown,unknown,fotmob_expected,expected_xi,,T2,0.0,,62.0,MC,3,0.8571,7,,,,,0,62.0,8,0.1322,0.0,0.0259,-0.1322,1.7406,1.6658,0.957,1.0372,1.201,-0.995669,-99.567,fallback,history,4057.0,low,suppress,no_action,,0.0,,,no_action,"fallback_method,fixture_t2,stale_history",FotMob Expected XI,odds_api_io,event_id=61301283;market=Anytime Goalscorer
2026-05-21T20:25:05Z,2026-05-21T20:24:45Z,2026-05-24,,Bet365,England - Premier League,Tottenham Hotspur,Everton FC,0,12573,Tyrique George,Tyrique George,Everton FC,Tottenham Hotspur,M S,M S,4.333,0.230787,0.001,99.0,0.001,1.4729,0.0,0.0,0.0,0.0,0.001,1.0,,0.0,0,0.0,0.0,0.0,none,0.0,0.0,0.0,0.0,0.0,,,0,none,0.0,0.0,0.0,0,,,unknown,unknown,fotmob_expected,expected_xi,,T2,0.0,,21.8,FW,5,1.0,1,,,,,0,21.8,8,0.3739,1.0,0.2077,0.6261,1.4126,1.59,1.1256,1.134,1.1593,-0.995669,-99.567,fallback,live_roster,162.0,low,suppress,no_action,,0.0,,,no_action,"fallback_method,fixture_t2,stale_history",FotMob Expected XI,odds_api_io,event_id=61301283;market=Anytime Goalscorer
2026-05-21T20:25:05Z,2026-05-21T20:24:45Z,2026-05-24,,Bet365,England - Premier League,Nottingham Forest,AFC Bournemouth,0,11231,Ben Doak,Ben Doak,Bournemouth,Nottingham Forest,S,S,4.0,0.25,0.001,99.0,0.001,1.8709,0.0,0.0,0.0,0.0,0.001,1.0,,0.0,0,0.0,0.0,0.0,none,0.0,0.0,0.0,0.0,0.0,,,0,none,0.0,0.0,0.0,0,,,unknown,unknown,fotmob_expected,expected_xi,,T2,0.0,,7.6,,,0.0,0,,,,,0,7.6,0,0.0,0.0,0.0,0.0,,1.8408,,1.3359,1.25,-0.996002,-99.6,fallback,live_roster,0.0,low,suppress,no_action,,0.0,,,no_action,"fallback_method,fixture_t2",FotMob Expected XI,odds_api_io,event_id=61301279;market=Anytime Goalscorer
2026-05-21T20:25:05Z,2026-05-21T20:24:45Z,2026-05-24,,Bet365,England - Premier League,Liverpool FC,Brentford FC,0,14217,Romelle Donovan,Romelle Donovan,Brentford,Liverpool FC,S,S,4.0,0.25,0.001,99.0,0.001,1.5423,0.0,0.0,0.0,0.0,0.001,1.0,,0.0,0,0.0,0.0,0.0,none,0.0,0.0,0.0,0.0,0.0,,,0,none,0.0,0.0,0.0,0,,,unknown,unknown,fotmob_expected,expected_xi,,T2,0.0,,5.8,,,0.0,0,,,,,0,5.8,0,0.0,0.0,0.0,0.0,,1.5344,,1.2196,1.1288,-0.996002,-99.6,fallback,live_roster,0.0,low,suppress,no_action,,0.0,,,no_action,"fallback_method,fixture_t2",FotMob Expected XI,odds_api_io,event_id=61301275;market=Anytime Goalscorer
2026-05-21T20:25:05Z,2026-05-21T20:24:45Z,2026-05-24,,Bet365,England - Premier League,Crystal Palace,Arsenal FC,1,8006,Evann Guessand,Evann Guessand,Crystal Palace,Arsenal FC,M S,M S,3.75,0.266667,0.001,99.0,0.001,1.4526,0.0,0.0,0.0,0.0,0.001,1.0,,0.0,0,0.0,0.0,0.0,none,0.0,0.0,0.0,0.0,0.0,,,0,none,0.0,0.0,0.0,0,,,unknown,unknown,none,none,,T2,1.0,no_lineup_payload,44.8,,,0.0,0,,,,,0,44.8,0,0.0,0.0,0.0,0.0,,1.3,,1.1116,1.0,-0.996252,-99.625,fallback,live_roster,0.0,low,suppress,no_action,,0.0,,,no_action,"fallback_method,fixture_t2",,odds_api_io,event_id=61301271;market=Anytime Goalscorer
2026-05-21T20:25:05Z,2026-05-21T20:24:45Z,2026-05-24,,Bet365,England - Premier League,Brighton & Hove Albion,Manchester United,1,6049,Solly March,Solly March,Brighton,Manchester United,AMR,AMR,3.75,0.266667,0.001,99.0,0.001,1.6264,0.0,0.0,0.0,0.0,0.001,1.0,,0.0,0,0.0,0.0,0.0,none,0.0,0.0,0.0,0.0,0.0,,,0,none,0.0,0.0,0.0,0,,,unknown,unknown,fotmob_expected,expected_xi,,T2,0.0,,62.0,DL,1,0.6667,3,,,,,0,62.0,8,0.0515,0.0,0.0311,-0.0515,1.7539,1.3153,0.7499,1.2342,1.0084,-0.996252,-99.625,fallback,history,720.0,low,suppress,no_action,,0.0,,,no_action,"fallback_method,fixture_t2,stale_history",FotMob Expected XI,odds_api_io,event_id=61301267;market=Anytime Goalscorer
2026-05-21T20:25:05Z,2026-05-21T20:24:45Z,2026-05-24,,Bet365,England - Premier League,Brighton & Hove Albion,Manchester United,1,13584,Harry Howell,Harry Howell,Brighton,Manchester United,Sub,Sub,3.4,0.294118,0.001,99.0,0.001,1.6264,0.0,0.0,0.0,0.0,0.001,1.0,,0.0,0,0.0,0.0,0.0,none,0.0,0.0,0.0,0.0,0.0,,,0,none,0.0,0.0,0.0,0,,,unknown,unknown,fotmob_expected,expected_xi,,T2,0.0,,29.0,AMR,4,1.0,1,,,,,0,29.0,3,0.0,0.0,0.0,0.0,1.3561,1.3153,0.9699,1.2342,1.0084,-0.996602,-99.66,fallback,history,91.0,low,suppress,no_action,,0.0,,,no_action,"fallback_method,fixture_t2",FotMob Expected XI,odds_api_io,event_id=61301267;market=Anytime Goalscorer
2026-05-21T20:25:05Z,2026-05-21T20:24:45Z,2026-05-24,,Bet365,England - Premier League,Brighton & Hove Albion,Manchester United,1,14127,Nehemiah Oriola,Nehemiah Oriola,Brighton,Manchester United,S,S,3.4,0.294118,0.001,99.0,0.001,1.6264,0.0,0.0,0.0,0.0,0.001,1.0,,0.0,0,0.0,0.0,0.0,none,0.0,0.0,0.0,0.0,0.0,,,0,none,0.0,0.0,0.0,0,,,unknown,unknown,fotmob_expected,expected_xi,,T2,0.0,,5.0,,,0.0,0,,,,,0,5.0,0,0.0,0.0,0.0,0.0,,1.3153,,1.2342,1.0084,-0.996602,-99.66,fallback,live_roster,0.0,low,suppress,no_action,,0.0,,,no_action,"fallback_method,fixture_t2",FotMob Expected XI,odds_api_io,event_id=61301267;market=Anytime Goalscorer
2026-05-21T20:25:05Z,2026-05-21T20:24:45Z,2026-05-24,,Bet365,England - Premier League,Fulham FC,Newcastle United,1,13262,Jonah Kusi-Asare,Jonah Kusi-Asare,Fulham,Newcastle United,S,S,3.0,0.333333,0.001,99.0,0.001,1.6275,0.0,0.0,0.0,0.0,0.001,1.0,,0.0,0,0.0,0.0,0.0,none,0.0,0.0,0.0,0.0,0.0,,,0,none,0.0,0.0,0.0,0,,,unknown,unknown,fotmob_expected,expected_xi,,T2,0.0,,5.0,,,0.0,0,,,,,0,5.0,0,0.0,0.0,0.0,0.0,,1.8486,,0.9963,1.25,-0.997001,-99.7,fallback,live_roster,0.0,low,suppress,no_action,,0.0,,,no_action,"fallback_method,fixture_t2",FotMob Expected XI,odds_api_io,event_id=61301273;market=Anytime Goalscorer
2026-05-21T20:25:05Z,2026-05-21T20:24:45Z,2026-05-24,,Bet365,England - Premier League,Liverpool FC,Brentford FC,0,14356,Kaye Furo,Kaye Furo,Brentford,Liverpool FC,S,S,3.0,0.333333,0.001,99.0,0.001,1.5423,0.0,0.0,0.0,0.0,0.001,1.0,,0.0,0,0.0,0.0,0.0,none,0.0,0.0,0.0,0.0,0.0,,,0,none,0.0,0.0,0.0,0,,,unknown,unknown,fotmob_expected,expected_xi,,T2,0.0,,5.0,,,0.0,0,,,,,0,5.0,0,0.0,0.0,0.0,0.0,,1.5344,,1.2196,1.1288,-0.997001,-99.7,fallback,live_roster,0.0,low,suppress,no_action,,0.0,,,no_action,"fallback_method,fixture_t2",FotMob Expected XI,odds_api_io,event_id=61301275;market=Anytime Goalscorer
2026-05-21T20:25:05Z,2026-05-21T20:24:45Z,2026-05-24,,Bet365,England - Premier League,Burnley FC,Wolverhampton Wanderers,1,4422,Ashley Barnes,Ashley Barnes,Burnley,Wolverhampton Wanderers,S,S,2.875,0.347826,0.001,99.0,0.001,1.3748,0.0,0.0,0.0,0.0,0.001,1.0,,0.0,0,0.0,0.0,0.0,none,0.0,0.0,0.0,0.0,0.0,,,0,none,0.0,0.0,0.0,0,,,unknown,unknown,fotmob_expected,expected_xi,,T2,0.0,,5.0,,,0.0,0,,,,,0,5.0,0,0.0,0.0,0.0,0.0,,1.9433,,0.8416,1.25,-0.997126,-99.713,fallback,live_roster,0.0,low,suppress,no_action,,0.0,,,no_action,"fallback_method,fixture_t2",FotMob Expected XI,odds_api_io,event_id=61301269;market=Anytime Goalscorer
2026-05-21T20:25:05Z,2026-05-21T20:24:45Z,2026-05-24,,Bet365,England - Premier League,Burnley FC,Wolverhampton Wanderers,1,11701,Zeki Amdouni,Zeki Amdouni,Burnley,Wolverhampton Wanderers,FW,FW,2.875,0.347826,0.001,99.0,0.001,1.3748,0.0,0.0,0.0,0.0,0.001,1.0,,0.0,0,0.0,0.0,0.0,none,0.0,0.0,0.0,0.0,0.0,,,0,none,0.0,0.0,0.0,0,,,unknown,unknown,fotmob_expected,expected_xi,,T2,0.0,,62.0,FW,5,1.0,3,,,,,0,62.0,8,0.6986,0.0,0.3552,-0.6986,1.7364,1.9433,1.1191,0.8416,1.25,-0.997126,-99.713,fallback,history,2025.0,low,suppress,no_action,,0.0,,,no_action,"fallback_method,fixture_t2,stale_history",FotMob Expected XI,odds_api_io,event_id=61301269;market=Anytime Goalscorer
