captured_at,match_date,event_id,kickoff_at,minutes_to_kickoff,snapshot_kind,bookmaker,competition,market,home_team,away_team,player_name,player_team,odds_decimal,source,notes
2026-04-24T14:32:46Z,2026-04-25,61526536,2026-04-25T17:00:00Z,,live_capture,Bet365,France - Ligue 1,ATGS,Angers SCO,Paris Saint-Germain,Bradley Barcola,,2.3000,odds_api_io,event_id=61526536;market=Anytime Goalscorer
2026-04-24T14:32:46Z,2026-04-25,61526536,2026-04-25T17:00:00Z,,live_capture,Bet365,France - Ligue 1,ATGS,Angers SCO,Paris Saint-Germain,Ibrahim Mbaye,,2.3000,odds_api_io,event_id=61526536;market=Anytime Goalscorer
2026-04-24T14:32:46Z,2026-04-25,61526536,2026-04-25T17:00:00Z,,live_capture,Bet365,France - Ligue 1,ATGS,Angers SCO,Paris Saint-Germain,Senny Mayulu,,2.3000,odds_api_io,event_id=61526536;market=Anytime Goalscorer
2026-04-24T14:32:46Z,2026-04-25,61526536,2026-04-25T17:00:00Z,,live_capture,Bet365,France - Ligue 1,ATGS,Angers SCO,Paris Saint-Germain,David Boly,,4.5000,odds_api_io,event_id=61526536;market=Anytime Goalscorer
2026-04-24T14:32:46Z,2026-04-25,61526536,2026-04-25T17:00:00Z,,live_capture,Bet365,France - Ligue 1,ATGS,Angers SCO,Paris Saint-Germain,Joao Neves,,4.5000,odds_api_io,event_id=61526536;market=Anytime Goalscorer
2026-04-24T14:32:46Z,2026-04-25,61526536,2026-04-25T17:00:00Z,,live_capture,Bet365,France - Ligue 1,ATGS,Angers SCO,Paris Saint-Germain,Desire Doue,,2.1000,odds_api_io,event_id=61526536;market=Anytime Goalscorer
2026-04-24T14:32:46Z,2026-04-25,61526536,2026-04-25T17:00:00Z,,live_capture,Bet365,France - Ligue 1,ATGS,Angers SCO,Paris Saint-Germain,Achraf Hakimi,,3.7500,odds_api_io,event_id=61526536;market=Anytime Goalscorer
2026-04-24T14:32:46Z,2026-04-25,61526536,2026-04-25T17:00:00Z,,live_capture,Bet365,France - Ligue 1,ATGS,Angers SCO,Paris Saint-Germain,Fabian Ruiz,,3.7500,odds_api_io,event_id=61526536;market=Anytime Goalscorer
2026-04-24T14:32:46Z,2026-04-25,61526536,2026-04-25T17:00:00Z,,live_capture,Bet365,France - Ligue 1,ATGS,Angers SCO,Paris Saint-Germain,Goduine Koyalipou,,5.0000,odds_api_io,event_id=61526536;market=Anytime Goalscorer
2026-04-24T14:32:46Z,2026-04-25,61526536,2026-04-25T17:00:00Z,,live_capture,Bet365,France - Ligue 1,ATGS,Angers SCO,Paris Saint-Germain,Warren Zaire Emery,,5.5000,odds_api_io,event_id=61526536;market=Anytime Goalscorer
2026-04-24T14:32:46Z,2026-04-25,61526536,2026-04-25T17:00:00Z,,live_capture,Bet365,France - Ligue 1,ATGS,Angers SCO,Paris Saint-Germain,Dan Sinate,,13.0000,odds_api_io,event_id=61526536;market=Anytime Goalscorer
2026-04-24T14:32:46Z,2026-04-25,61526536,2026-04-25T17:00:00Z,,live_capture,Bet365,France - Ligue 1,ATGS,Angers SCO,Paris Saint-Germain,Emmanuel Biumla,,13.0000,odds_api_io,event_id=61526536;market=Anytime Goalscorer
2026-04-24T14:32:46Z,2026-04-25,61526536,2026-04-25T17:00:00Z,,live_capture,Bet365,France - Ligue 1,ATGS,Angers SCO,Paris Saint-Germain,Haris Belkebla,,13.0000,odds_api_io,event_id=61526536;market=Anytime Goalscorer
2026-04-24T14:32:46Z,2026-04-25,61526536,2026-04-25T17:00:00Z,,live_capture,Bet365,France - Ligue 1,ATGS,Angers SCO,Paris Saint-Germain,Jibril El Baraka,,13.0000,odds_api_io,event_id=61526536;market=Anytime Goalscorer
2026-04-24T14:32:46Z,2026-04-25,61526536,2026-04-25T17:00:00Z,,live_capture,Bet365,France - Ligue 1,ATGS,Angers SCO,Paris Saint-Germain,Jordan Lefort,,21.0000,odds_api_io,event_id=61526536;market=Anytime Goalscorer
2026-04-24T14:32:46Z,2026-04-25,61526536,2026-04-25T17:00:00Z,,live_capture,Bet365,France - Ligue 1,ATGS,Angers SCO,Paris Saint-Germain,Mael Gernigon,,21.0000,odds_api_io,event_id=61526536;market=Anytime Goalscorer
2026-04-24T14:32:46Z,2026-04-25,61526536,2026-04-25T17:00:00Z,,live_capture,Bet365,France - Ligue 1,ATGS,Angers SCO,Paris Saint-Germain,Marius Louer,,21.0000,odds_api_io,event_id=61526536;market=Anytime Goalscorer
2026-04-24T14:32:46Z,2026-04-25,61526536,2026-04-25T17:00:00Z,,live_capture,Bet365,France - Ligue 1,ATGS,Angers SCO,Paris Saint-Germain,Ousmane Camara,,21.0000,odds_api_io,event_id=61526536;market=Anytime Goalscorer
2026-04-24T14:32:46Z,2026-04-25,61526536,2026-04-25T17:00:00Z,,live_capture,Bet365,France - Ligue 1,ATGS,Angers SCO,Paris Saint-Germain,Abdoulaye Bamba,,34.0000,odds_api_io,event_id=61526536;market=Anytime Goalscorer
2026-04-24T14:32:46Z,2026-04-25,61526536,2026-04-25T17:00:00Z,,live_capture,Bet365,France - Ligue 1,ATGS,Angers SCO,Paris Saint-Germain,Dro Fernandez,,3.0000,odds_api_io,event_id=61526536;market=Anytime Goalscorer
2026-04-24T14:32:46Z,2026-04-25,61526536,2026-04-25T17:00:00Z,,live_capture,Bet365,France - Ligue 1,ATGS,Angers SCO,Paris Saint-Germain,Nuno Mendes,,3.7500,odds_api_io,event_id=61526536;market=Anytime Goalscorer
2026-04-24T14:32:46Z,2026-04-25,61526536,2026-04-25T17:00:00Z,,live_capture,Bet365,France - Ligue 1,ATGS,Angers SCO,Paris Saint-Germain,Vitinha,,3.7500,odds_api_io,event_id=61526536;market=Anytime Goalscorer
2026-04-24T14:32:46Z,2026-04-25,61526536,2026-04-25T17:00:00Z,,live_capture,Bet365,France - Ligue 1,ATGS,Angers SCO,Paris Saint-Germain,Goncalo Ramos,,1.8330,odds_api_io,event_id=61526536;market=Anytime Goalscorer
2026-04-24T14:32:46Z,2026-04-25,61526536,2026-04-25T17:00:00Z,,live_capture,Bet365,France - Ligue 1,ATGS,Angers SCO,Paris Saint-Germain,Branco van den Boomen,,9.5000,odds_api_io,event_id=61526536;market=Anytime Goalscorer
2026-04-24T14:32:46Z,2026-04-25,61526536,2026-04-25T17:00:00Z,,live_capture,Bet365,France - Ligue 1,ATGS,Angers SCO,Paris Saint-Germain,Djibirin Harouna,,9.5000,odds_api_io,event_id=61526536;market=Anytime Goalscorer
2026-04-24T14:32:46Z,2026-04-25,61526536,2026-04-25T17:00:00Z,,live_capture,Bet365,France - Ligue 1,ATGS,Angers SCO,Paris Saint-Germain,Illia Zabarnyi,,9.5000,odds_api_io,event_id=61526536;market=Anytime Goalscorer
2026-04-24T14:32:46Z,2026-04-25,61526536,2026-04-25T17:00:00Z,,live_capture,Bet365,France - Ligue 1,ATGS,Angers SCO,Paris Saint-Germain,Lilian Raolisoa,,9.5000,odds_api_io,event_id=61526536;market=Anytime Goalscorer
2026-04-24T14:32:46Z,2026-04-25,61526536,2026-04-25T17:00:00Z,,live_capture,Bet365,France - Ligue 1,ATGS,Angers SCO,Paris Saint-Germain,Pierrick Capelle,,9.5000,odds_api_io,event_id=61526536;market=Anytime Goalscorer
2026-04-24T14:32:46Z,2026-04-25,61526536,2026-04-25T17:00:00Z,,live_capture,Bet365,France - Ligue 1,ATGS,Angers SCO,Paris Saint-Germain,Ousmane Dembele,,1.8000,odds_api_io,event_id=61526536;market=Anytime Goalscorer
2026-04-24T14:32:46Z,2026-04-25,61526536,2026-04-25T17:00:00Z,,live_capture,Bet365,France - Ligue 1,ATGS,Angers SCO,Paris Saint-Germain,Kang-In Lee,,2.8750,odds_api_io,event_id=61526536;market=Anytime Goalscorer
2026-04-24T14:32:46Z,2026-04-25,61526536,2026-04-25T17:00:00Z,,live_capture,Bet365,France - Ligue 1,ATGS,Angers SCO,Paris Saint-Germain,Guede Nadje,,5.5000,odds_api_io,event_id=61526536;market=Anytime Goalscorer
2026-04-24T14:32:46Z,2026-04-25,61526536,2026-04-25T17:00:00Z,,live_capture,Bet365,France - Ligue 1,ATGS,Angers SCO,Paris Saint-Germain,Amine Moussaoui,,7.0000,odds_api_io,event_id=61526536;market=Anytime Goalscorer
2026-04-24T14:32:46Z,2026-04-25,61526536,2026-04-25T17:00:00Z,,live_capture,Bet365,France - Ligue 1,ATGS,Angers SCO,Paris Saint-Germain,Marquinhos,,7.0000,odds_api_io,event_id=61526536;market=Anytime Goalscorer
2026-04-24T14:32:46Z,2026-04-25,61526536,2026-04-25T17:00:00Z,,live_capture,Bet365,France - Ligue 1,ATGS,Angers SCO,Paris Saint-Germain,Lucas Hernandez,,7.0000,odds_api_io,event_id=61526536;market=Anytime Goalscorer
2026-04-24T14:32:46Z,2026-04-25,61526536,2026-04-25T17:00:00Z,,live_capture,Bet365,France - Ligue 1,ATGS,Angers SCO,Paris Saint-Germain,Mohamed Amine Sbai,,7.0000,odds_api_io,event_id=61526536;market=Anytime Goalscorer
2026-04-24T14:32:46Z,2026-04-25,61526536,2026-04-25T17:00:00Z,,live_capture,Bet365,France - Ligue 1,ATGS,Angers SCO,Paris Saint-Germain,Willian Pacho,,7.0000,odds_api_io,event_id=61526536;market=Anytime Goalscorer
2026-04-24T14:32:46Z,2026-04-25,61526536,2026-04-25T17:00:00Z,,live_capture,Bet365,France - Ligue 1,ATGS,Angers SCO,Paris Saint-Germain,Justin-Noel Kalumba,,8.5000,odds_api_io,event_id=61526536;market=Anytime Goalscorer
2026-04-24T14:32:46Z,2026-04-25,61526536,2026-04-25T17:00:00Z,,live_capture,Bet365,France - Ligue 1,ATGS,Angers SCO,Paris Saint-Germain,Lucas Beraldo,,8.5000,odds_api_io,event_id=61526536;market=Anytime Goalscorer
2026-04-24T14:32:46Z,2026-04-25,61526536,2026-04-25T17:00:00Z,,live_capture,Bet365,France - Ligue 1,ATGS,Angers SCO,Paris Saint-Germain,Louis Mouton,,8.5000,odds_api_io,event_id=61526536;market=Anytime Goalscorer
2026-04-24T14:32:46Z,2026-04-25,61526536,2026-04-25T17:00:00Z,,live_capture,Bet365,France - Ligue 1,ATGS,Angers SCO,Paris Saint-Germain,Yahia Jlidi,,8.5000,odds_api_io,event_id=61526536;market=Anytime Goalscorer
2026-04-24T14:32:46Z,2026-04-25,61526536,2026-04-25T17:00:00Z,,live_capture,Bet365,France - Ligue 1,ATGS,Angers SCO,Paris Saint-Germain,Yassin Belkhdim,,8.5000,odds_api_io,event_id=61526536;market=Anytime Goalscorer
2026-04-24T14:32:46Z,2026-04-25,61526536,2026-04-25T17:00:00Z,,live_capture,Bet365,France - Ligue 1,ATGS,Angers SCO,Paris Saint-Germain,Bane Diatta,,17.0000,odds_api_io,event_id=61526536;market=Anytime Goalscorer
2026-04-24T14:32:46Z,2026-04-25,61526536,2026-04-25T17:00:00Z,,live_capture,Bet365,France - Ligue 1,ATGS,Angers SCO,Paris Saint-Germain,Carlens Arcus,,17.0000,odds_api_io,event_id=61526536;market=Anytime Goalscorer
2026-04-24T14:32:46Z,2026-04-25,61526536,2026-04-25T17:00:00Z,,live_capture,Bet365,France - Ligue 1,ATGS,Angers SCO,Paris Saint-Germain,Florent Hanin,,17.0000,odds_api_io,event_id=61526536;market=Anytime Goalscorer
2026-04-24T14:32:46Z,2026-04-25,61526536,2026-04-25T17:00:00Z,,live_capture,Bet365,France - Ligue 1,ATGS,Angers SCO,Paris Saint-Germain,Jacques Ekomie,,17.0000,odds_api_io,event_id=61526536;market=Anytime Goalscorer
2026-04-24T14:32:46Z,2026-04-25,61526536,2026-04-25T17:00:00Z,,live_capture,Bet365,France - Ligue 1,ATGS,Angers SCO,Paris Saint-Germain,Marius Courcoul,,17.0000,odds_api_io,event_id=61526536;market=Anytime Goalscorer
2026-04-24T14:32:46Z,2026-04-25,61526536,2026-04-25T17:00:00Z,,live_capture,Bet365,France - Ligue 1,ATGS,Angers SCO,Paris Saint-Germain,Khvicha Kvaratskhelia,,2.1000,odds_api_io,event_id=61526536;market=Anytime Goalscorer
2026-04-24T14:32:46Z,2026-04-25,61526536,2026-04-25T17:00:00Z,,live_capture,Bet365,France - Ligue 1,ATGS,Angers SCO,Paris Saint-Germain,Wassim Slama,,3.5000,odds_api_io,event_id=61526536;market=Anytime Goalscorer
2026-04-24T14:32:46Z,2026-04-25,61526536,2026-04-25T17:00:00Z,,live_capture,Bet365,France - Ligue 1,ATGS,Angers SCO,Paris Saint-Germain,Lanroy Machine,,6.5000,odds_api_io,event_id=61526536;market=Anytime Goalscorer
2026-04-24T14:32:46Z,2026-04-25,61526536,2026-04-25T17:00:00Z,,live_capture,Bet365,France - Ligue 1,ATGS,Angers SCO,Paris Saint-Germain,Prosper Peter,,6.5000,odds_api_io,event_id=61526536;market=Anytime Goalscorer
2026-04-24T14:32:46Z,2026-04-26,61526542,2026-04-26T13:00:00Z,,live_capture,Bet365,France - Ligue 1,ATGS,FC Lorient,Strasbourg Alsace,Pablo Pagis,,2.8750,odds_api_io,event_id=61526542;market=Anytime Goalscorer
2026-04-24T14:32:46Z,2026-04-26,61526542,2026-04-26T13:00:00Z,,live_capture,Bet365,France - Ligue 1,ATGS,FC Lorient,Strasbourg Alsace,Tosin Aiyegun,,2.8750,odds_api_io,event_id=61526542;market=Anytime Goalscorer
2026-04-24T14:32:46Z,2026-04-26,61526542,2026-04-26T13:00:00Z,,live_capture,Bet365,France - Ligue 1,ATGS,FC Lorient,Strasbourg Alsace,Julio Enciso,,3.6000,odds_api_io,event_id=61526542;market=Anytime Goalscorer
2026-04-24T14:32:46Z,2026-04-26,61526542,2026-04-26T13:00:00Z,,live_capture,Bet365,France - Ligue 1,ATGS,FC Lorient,Strasbourg Alsace,Jai Semenyo,,8.5000,odds_api_io,event_id=61526542;market=Anytime Goalscorer
2026-04-24T14:32:46Z,2026-04-26,61526542,2026-04-26T13:00:00Z,,live_capture,Bet365,France - Ligue 1,ATGS,FC Lorient,Strasbourg Alsace,Igor Carioca,,10.0000,odds_api_io,event_id=61526542;market=Anytime Goalscorer
2026-04-24T14:32:46Z,2026-04-26,61526542,2026-04-26T13:00:00Z,,live_capture,Bet365,France - Ligue 1,ATGS,FC Lorient,Strasbourg Alsace,Lucas Hogsberg,,10.0000,odds_api_io,event_id=61526542;market=Anytime Goalscorer
2026-04-24T14:32:46Z,2026-04-26,61526542,2026-04-26T13:00:00Z,,live_capture,Bet365,France - Ligue 1,ATGS,FC Lorient,Strasbourg Alsace,Maximillian Oyedele,,10.0000,odds_api_io,event_id=61526542;market=Anytime Goalscorer
2026-04-24T14:32:46Z,2026-04-26,61526542,2026-04-26T13:00:00Z,,live_capture,Bet365,France - Ligue 1,ATGS,FC Lorient,Strasbourg Alsace,Nathaniel Adjei,,10.0000,odds_api_io,event_id=61526542;market=Anytime Goalscorer
2026-04-24T14:32:46Z,2026-04-26,61526542,2026-04-26T13:00:00Z,,live_capture,Bet365,France - Ligue 1,ATGS,FC Lorient,Strasbourg Alsace,Sambou Soumano,,2.3000,odds_api_io,event_id=61526542;market=Anytime Goalscorer
2026-04-24T14:32:46Z,2026-04-26,61526542,2026-04-26T13:00:00Z,,live_capture,Bet365,France - Ligue 1,ATGS,FC Lorient,Strasbourg Alsace,Mohamed Bamba,,3.0000,odds_api_io,event_id=61526542;market=Anytime Goalscorer
2026-04-24T14:32:46Z,2026-04-26,61526542,2026-04-26T13:00:00Z,,live_capture,Bet365,France - Ligue 1,ATGS,FC Lorient,Strasbourg Alsace,Guemissongui Ouattara,,7.0000,odds_api_io,event_id=61526542;market=Anytime Goalscorer
2026-04-24T14:32:46Z,2026-04-26,61526542,2026-04-26T13:00:00Z,,live_capture,Bet365,France - Ligue 1,ATGS,FC Lorient,Strasbourg Alsace,Mathis Amougou,,7.0000,odds_api_io,event_id=61526542;market=Anytime Goalscorer
2026-04-24T14:32:46Z,2026-04-26,61526542,2026-04-26T13:00:00Z,,live_capture,Bet365,France - Ligue 1,ATGS,FC Lorient,Strasbourg Alsace,Abdoulaye Faye,,8.5000,odds_api_io,event_id=61526542;market=Anytime Goalscorer
2026-04-24T14:32:46Z,2026-04-26,61526542,2026-04-26T13:00:00Z,,live_capture,Bet365,France - Ligue 1,ATGS,FC Lorient,Strasbourg Alsace,Darlin Yongwa,,8.5000,odds_api_io,event_id=61526542;market=Anytime Goalscorer
2026-04-24T14:32:46Z,2026-04-26,61526542,2026-04-26T13:00:00Z,,live_capture,Bet365,France - Ligue 1,ATGS,FC Lorient,Strasbourg Alsace,Isaac Monnier,,8.5000,odds_api_io,event_id=61526542;market=Anytime Goalscorer
2026-04-24T14:32:46Z,2026-04-26,61526542,2026-04-26T13:00:00Z,,live_capture,Bet365,France - Ligue 1,ATGS,FC Lorient,Strasbourg Alsace,Souleymane Toure,,8.5000,odds_api_io,event_id=61526542;market=Anytime Goalscorer
2026-04-24T14:32:46Z,2026-04-26,61526542,2026-04-26T13:00:00Z,,live_capture,Bet365,France - Ligue 1,ATGS,FC Lorient,Strasbourg Alsace,Diego Moreira,,5.5000,odds_api_io,event_id=61526542;market=Anytime Goalscorer
2026-04-24T14:32:46Z,2026-04-26,61526542,2026-04-26T13:00:00Z,,live_capture,Bet365,France - Ligue 1,ATGS,FC Lorient,Strasbourg Alsace,Gessime Yassine,,5.5000,odds_api_io,event_id=61526542;market=Anytime Goalscorer
2026-04-24T14:32:46Z,2026-04-26,61526542,2026-04-26T13:00:00Z,,live_capture,Bet365,France - Ligue 1,ATGS,FC Lorient,Strasbourg Alsace,Ghianny Kodia,,5.5000,odds_api_io,event_id=61526542;market=Anytime Goalscorer
2026-04-24T14:32:46Z,2026-04-26,61526542,2026-04-26T13:00:00Z,,live_capture,Bet365,France - Ligue 1,ATGS,FC Lorient,Strasbourg Alsace,Max Marechal,,5.5000,odds_api_io,event_id=61526542;market=Anytime Goalscorer
2026-04-24T14:32:46Z,2026-04-26,61526542,2026-04-26T13:00:00Z,,live_capture,Bet365,France - Ligue 1,ATGS,FC Lorient,Strasbourg Alsace,Samir El Mourabet,,5.5000,odds_api_io,event_id=61526542;market=Anytime Goalscorer
2026-04-24T14:32:46Z,2026-04-26,61526542,2026-04-26T13:00:00Z,,live_capture,Bet365,France - Ligue 1,ATGS,FC Lorient,Strasbourg Alsace,Mamadou Kone,,2.6250,odds_api_io,event_id=61526542;market=Anytime Goalscorer
2026-04-24T14:32:46Z,2026-04-26,61526542,2026-04-26T13:00:00Z,,live_capture,Bet365,France - Ligue 1,ATGS,FC Lorient,Strasbourg Alsace,Sohan Baldoni,,2.6250,odds_api_io,event_id=61526542;market=Anytime Goalscorer
2026-04-24T14:32:46Z,2026-04-26,61526542,2026-04-26T13:00:00Z,,live_capture,Bet365,France - Ligue 1,ATGS,FC Lorient,Strasbourg Alsace,Emanuel Emegha,,2.8750,odds_api_io,event_id=61526542;market=Anytime Goalscorer
2026-04-24T14:32:46Z,2026-04-26,61526542,2026-04-26T13:00:00Z,,live_capture,Bet365,France - Ligue 1,ATGS,FC Lorient,Strasbourg Alsace,Baptiste Bosey,,3.0000,odds_api_io,event_id=61526542;market=Anytime Goalscorer
2026-04-24T14:32:46Z,2026-04-26,61526542,2026-04-26T13:00:00Z,,live_capture,Bet365,France - Ligue 1,ATGS,FC Lorient,Strasbourg Alsace,David Datro Fofana,,3.0000,odds_api_io,event_id=61526542;market=Anytime Goalscorer
2026-04-24T14:32:46Z,2026-04-26,61526542,2026-04-26T13:00:00Z,,live_capture,Bet365,France - Ligue 1,ATGS,FC Lorient,Strasbourg Alsace,Becket Godo,,3.4000,odds_api_io,event_id=61526542;market=Anytime Goalscorer
2026-04-24T14:32:46Z,2026-04-26,61526542,2026-04-26T13:00:00Z,,live_capture,Bet365,France - Ligue 1,ATGS,FC Lorient,Strasbourg Alsace,Ogbonna Chizurum,,3.7500,odds_api_io,event_id=61526542;market=Anytime Goalscorer
2026-04-24T14:32:46Z,2026-04-26,61526542,2026-04-26T13:00:00Z,,live_capture,Bet365,France - Ligue 1,ATGS,FC Lorient,Strasbourg Alsace,Bandiougou Fadiga,,4.5000,odds_api_io,event_id=61526542;market=Anytime Goalscorer
2026-04-24T14:32:46Z,2026-04-26,61526542,2026-04-26T13:00:00Z,,live_capture,Bet365,France - Ligue 1,ATGS,FC Lorient,Strasbourg Alsace,Daniel Semedo,,4.5000,odds_api_io,event_id=61526542;market=Anytime Goalscorer
2026-04-24T14:32:46Z,2026-04-26,61526542,2026-04-26T13:00:00Z,,live_capture,Bet365,France - Ligue 1,ATGS,FC Lorient,Strasbourg Alsace,Jean-Victor Makengo,,4.5000,odds_api_io,event_id=61526542;market=Anytime Goalscorer
2026-04-24T14:32:46Z,2026-04-26,61526542,2026-04-26T13:00:00Z,,live_capture,Bet365,France - Ligue 1,ATGS,FC Lorient,Strasbourg Alsace,Martin Bley,,4.5000,odds_api_io,event_id=61526542;market=Anytime Goalscorer
2026-04-24T14:32:46Z,2026-04-26,61526542,2026-04-26T13:00:00Z,,live_capture,Bet365,France - Ligue 1,ATGS,FC Lorient,Strasbourg Alsace,Panos Katseris,,4.5000,odds_api_io,event_id=61526542;market=Anytime Goalscorer
2026-04-24T14:32:46Z,2026-04-26,61526542,2026-04-26T13:00:00Z,,live_capture,Bet365,France - Ligue 1,ATGS,FC Lorient,Strasbourg Alsace,Arthur Avom,,5.5000,odds_api_io,event_id=61526542;market=Anytime Goalscorer
2026-04-24T14:32:46Z,2026-04-26,61526542,2026-04-26T13:00:00Z,,live_capture,Bet365,France - Ligue 1,ATGS,FC Lorient,Strasbourg Alsace,Laurent Abergel,,5.5000,odds_api_io,event_id=61526542;market=Anytime Goalscorer
2026-04-24T14:32:46Z,2026-04-26,61526542,2026-04-26T13:00:00Z,,live_capture,Bet365,France - Ligue 1,ATGS,FC Lorient,Strasbourg Alsace,Lucas Leaudais,,7.0000,odds_api_io,event_id=61526542;market=Anytime Goalscorer
2026-04-24T14:32:46Z,2026-04-26,61526542,2026-04-26T13:00:00Z,,live_capture,Bet365,France - Ligue 1,ATGS,FC Lorient,Strasbourg Alsace,Stevan Siba,,7.0000,odds_api_io,event_id=61526542;market=Anytime Goalscorer
2026-04-24T14:32:46Z,2026-04-26,61526542,2026-04-26T13:00:00Z,,live_capture,Bet365,France - Ligue 1,ATGS,FC Lorient,Strasbourg Alsace,Ben Chilwell,,8.5000,odds_api_io,event_id=61526542;market=Anytime Goalscorer
2026-04-24T14:32:46Z,2026-04-26,61526542,2026-04-26T13:00:00Z,,live_capture,Bet365,France - Ligue 1,ATGS,FC Lorient,Strasbourg Alsace,Junior Mwanga,,8.5000,odds_api_io,event_id=61526542;market=Anytime Goalscorer
2026-04-24T14:32:46Z,2026-04-26,61526542,2026-04-26T13:00:00Z,,live_capture,Bet365,France - Ligue 1,ATGS,FC Lorient,Strasbourg Alsace,Rafael Luis,,8.5000,odds_api_io,event_id=61526542;market=Anytime Goalscorer
2026-04-24T14:32:46Z,2026-04-26,61526542,2026-04-26T13:00:00Z,,live_capture,Bet365,France - Ligue 1,ATGS,FC Lorient,Strasbourg Alsace,Tyrese Noubissie,,8.5000,odds_api_io,event_id=61526542;market=Anytime Goalscorer
2026-04-24T14:32:46Z,2026-04-26,61526542,2026-04-26T13:00:00Z,,live_capture,Bet365,France - Ligue 1,ATGS,FC Lorient,Strasbourg Alsace,Valentin Barco,,8.5000,odds_api_io,event_id=61526542;market=Anytime Goalscorer
2026-04-24T14:32:46Z,2026-04-26,61526542,2026-04-26T13:00:00Z,,live_capture,Bet365,France - Ligue 1,ATGS,FC Lorient,Strasbourg Alsace,Amadou Cisse,,9.5000,odds_api_io,event_id=61526542;market=Anytime Goalscorer
2026-04-24T14:32:46Z,2026-04-26,61526542,2026-04-26T13:00:00Z,,live_capture,Bet365,France - Ligue 1,ATGS,FC Lorient,Strasbourg Alsace,Guela Doue,,9.5000,odds_api_io,event_id=61526542;market=Anytime Goalscorer
2026-04-24T14:32:46Z,2026-04-26,61526542,2026-04-26T13:00:00Z,,live_capture,Bet365,France - Ligue 1,ATGS,FC Lorient,Strasbourg Alsace,Ismael Doukoure,,9.5000,odds_api_io,event_id=61526542;market=Anytime Goalscorer
2026-04-24T14:32:46Z,2026-04-26,61526542,2026-04-26T13:00:00Z,,live_capture,Bet365,France - Ligue 1,ATGS,FC Lorient,Strasbourg Alsace,Izak Akakpo,,9.5000,odds_api_io,event_id=61526542;market=Anytime Goalscorer
2026-04-24T14:32:46Z,2026-04-26,61526542,2026-04-26T13:00:00Z,,live_capture,Bet365,France - Ligue 1,ATGS,FC Lorient,Strasbourg Alsace,Montassar Talbi,,9.5000,odds_api_io,event_id=61526542;market=Anytime Goalscorer
2026-04-24T14:32:46Z,2026-04-26,61526542,2026-04-26T13:00:00Z,,live_capture,Bet365,France - Ligue 1,ATGS,FC Lorient,Strasbourg Alsace,Sacha Lung,,9.5000,odds_api_io,event_id=61526542;market=Anytime Goalscorer
2026-04-24T14:32:46Z,2026-04-26,61526542,2026-04-26T13:00:00Z,,live_capture,Bet365,France - Ligue 1,ATGS,FC Lorient,Strasbourg Alsace,Aaron Anselmino,,12.0000,odds_api_io,event_id=61526542;market=Anytime Goalscorer
2026-04-24T14:32:46Z,2026-04-26,61526542,2026-04-26T13:00:00Z,,live_capture,Bet365,France - Ligue 1,ATGS,FC Lorient,Strasbourg Alsace,Andrew Omobamidele,,12.0000,odds_api_io,event_id=61526542;market=Anytime Goalscorer
2026-04-24T14:32:46Z,2026-04-26,61526542,2026-04-26T13:00:00Z,,live_capture,Bet365,France - Ligue 1,ATGS,FC Lorient,Strasbourg Alsace,Eduard Sobol,,12.0000,odds_api_io,event_id=61526542;market=Anytime Goalscorer
2026-04-24T14:32:46Z,2026-04-26,61526542,2026-04-26T13:00:00Z,,live_capture,Bet365,France - Ligue 1,ATGS,FC Lorient,Strasbourg Alsace,Yoann Becker,,12.0000,odds_api_io,event_id=61526542;market=Anytime Goalscorer
2026-04-24T14:32:46Z,2026-04-26,61526542,2026-04-26T13:00:00Z,,live_capture,Bet365,France - Ligue 1,ATGS,FC Lorient,Strasbourg Alsace,Ahmadou Dieng,,2.5000,odds_api_io,event_id=61526542;market=Anytime Goalscorer
2026-04-24T14:32:46Z,2026-04-26,61526542,2026-04-26T13:00:00Z,,live_capture,Bet365,France - Ligue 1,ATGS,FC Lorient,Strasbourg Alsace,Joaquin Panichelli,,2.6250,odds_api_io,event_id=61526542;market=Anytime Goalscorer
2026-04-24T14:32:46Z,2026-04-26,61526542,2026-04-26T13:00:00Z,,live_capture,Bet365,France - Ligue 1,ATGS,FC Lorient,Strasbourg Alsace,Karim Dermane,,3.7500,odds_api_io,event_id=61526542;market=Anytime Goalscorer
2026-04-24T14:32:46Z,2026-04-26,61526542,2026-04-26T13:00:00Z,,live_capture,Bet365,France - Ligue 1,ATGS,FC Lorient,Strasbourg Alsace,Theo Le Bris,,3.7500,odds_api_io,event_id=61526542;market=Anytime Goalscorer
2026-04-24T14:32:46Z,2026-04-26,61526542,2026-04-26T13:00:00Z,,live_capture,Bet365,France - Ligue 1,ATGS,FC Lorient,Strasbourg Alsace,Sebastian Nanasi,,4.3330,odds_api_io,event_id=61526542;market=Anytime Goalscorer
2026-04-24T14:32:46Z,2026-04-26,61526542,2026-04-26T13:00:00Z,,live_capture,Bet365,France - Ligue 1,ATGS,FC Lorient,Strasbourg Alsace,Noah Cadiou,,5.0000,odds_api_io,event_id=61526542;market=Anytime Goalscorer
2026-04-24T14:32:46Z,2026-04-26,61526542,2026-04-26T13:00:00Z,,live_capture,Bet365,France - Ligue 1,ATGS,FC Lorient,Strasbourg Alsace,Samuel Amo-Ameyaw,,5.0000,odds_api_io,event_id=61526542;market=Anytime Goalscorer
2026-04-24T14:32:46Z,2026-04-26,61526542,2026-04-26T13:00:00Z,,live_capture,Bet365,France - Ligue 1,ATGS,FC Lorient,Strasbourg Alsace,Trevan Sanusi,,5.0000,odds_api_io,event_id=61526542;market=Anytime Goalscorer
2026-04-24T14:32:46Z,2026-04-26,61526542,2026-04-26T13:00:00Z,,live_capture,Bet365,France - Ligue 1,ATGS,FC Lorient,Strasbourg Alsace,Bamo Meite,,7.5000,odds_api_io,event_id=61526542;market=Anytime Goalscorer
2026-04-24T14:32:46Z,2026-04-26,61526542,2026-04-26T13:00:00Z,,live_capture,Bet365,France - Ligue 1,ATGS,FC Lorient,Strasbourg Alsace,Idrissa Sabaly,,7.5000,odds_api_io,event_id=61526542;market=Anytime Goalscorer
2026-04-24T14:32:46Z,2026-04-26,61526542,2026-04-26T13:00:00Z,,live_capture,Bet365,France - Ligue 1,ATGS,FC Lorient,Strasbourg Alsace,Kan Kouassi,,7.5000,odds_api_io,event_id=61526542;market=Anytime Goalscorer
2026-04-24T14:32:46Z,2026-04-26,61526538,2026-04-26T15:15:00Z,,live_capture,Bet365,France - Ligue 1,ATGS,Le Havre AC,FC Metz,Etienne Kinkoue,,10.0000,odds_api_io,event_id=61526538;market=Anytime Goalscorer
2026-04-24T14:32:46Z,2026-04-26,61526538,2026-04-26T15:15:00Z,,live_capture,Bet365,France - Ligue 1,ATGS,Le Havre AC,FC Metz,Lucas Gourna-Douath,,10.0000,odds_api_io,event_id=61526538;market=Anytime Goalscorer
2026-04-24T14:32:46Z,2026-04-26,61526538,2026-04-26T15:15:00Z,,live_capture,Bet365,France - Ligue 1,ATGS,Le Havre AC,FC Metz,Stephan Zagadou,,10.0000,odds_api_io,event_id=61526538;market=Anytime Goalscorer
2026-04-24T14:32:46Z,2026-04-26,61526538,2026-04-26T15:15:00Z,,live_capture,Bet365,France - Ligue 1,ATGS,Le Havre AC,FC Metz,Moustapha Diop,,15.0000,odds_api_io,event_id=61526538;market=Anytime Goalscorer
2026-04-24T14:32:46Z,2026-04-26,61526538,2026-04-26T15:15:00Z,,live_capture,Bet365,France - Ligue 1,ATGS,Le Havre AC,FC Metz,Sadibou Sane,,15.0000,odds_api_io,event_id=61526538;market=Anytime Goalscorer
2026-04-24T14:32:46Z,2026-04-26,61526538,2026-04-26T15:15:00Z,,live_capture,Bet365,France - Ligue 1,ATGS,Le Havre AC,FC Metz,Urie-Michel Mboula,,15.0000,odds_api_io,event_id=61526538;market=Anytime Goalscorer
2026-04-24T14:32:46Z,2026-04-26,61526538,2026-04-26T15:15:00Z,,live_capture,Bet365,France - Ligue 1,ATGS,Le Havre AC,FC Metz,Yanis Beau Djellel,,2.4000,odds_api_io,event_id=61526538;market=Anytime Goalscorer
2026-04-24T14:32:46Z,2026-04-26,61526538,2026-04-26T15:15:00Z,,live_capture,Bet365,France - Ligue 1,ATGS,Le Havre AC,FC Metz,Guy Zohouri,,5.0000,odds_api_io,event_id=61526538;market=Anytime Goalscorer
2026-04-24T14:32:46Z,2026-04-26,61526538,2026-04-26T15:15:00Z,,live_capture,Bet365,France - Ligue 1,ATGS,Le Havre AC,FC Metz,Alpha Toure,,13.0000,odds_api_io,event_id=61526538;market=Anytime Goalscorer
2026-04-24T14:32:46Z,2026-04-26,61526538,2026-04-26T15:15:00Z,,live_capture,Bet365,France - Ligue 1,ATGS,Le Havre AC,FC Metz,Benjamin Stambouli,,13.0000,odds_api_io,event_id=61526538;market=Anytime Goalscorer
2026-04-24T14:32:46Z,2026-04-26,61526538,2026-04-26T15:15:00Z,,live_capture,Bet365,France - Ligue 1,ATGS,Le Havre AC,FC Metz,Fode Ballo-Toure,,13.0000,odds_api_io,event_id=61526538;market=Anytime Goalscorer
2026-04-24T14:32:46Z,2026-04-26,61526538,2026-04-26T15:15:00Z,,live_capture,Bet365,France - Ligue 1,ATGS,Le Havre AC,FC Metz,Jean-Philippe Gbamin,,13.0000,odds_api_io,event_id=61526538;market=Anytime Goalscorer
2026-04-24T14:32:46Z,2026-04-26,61526538,2026-04-26T15:15:00Z,,live_capture,Bet365,France - Ligue 1,ATGS,Le Havre AC,FC Metz,Koffi Kouao,,13.0000,odds_api_io,event_id=61526538;market=Anytime Goalscorer
2026-04-24T14:32:46Z,2026-04-26,61526538,2026-04-26T15:15:00Z,,live_capture,Bet365,France - Ligue 1,ATGS,Le Havre AC,FC Metz,Terry Yegbe,,13.0000,odds_api_io,event_id=61526538;market=Anytime Goalscorer
2026-04-24T14:32:46Z,2026-04-26,61526538,2026-04-26T15:15:00Z,,live_capture,Bet365,France - Ligue 1,ATGS,Le Havre AC,FC Metz,Yannis Lawson,,13.0000,odds_api_io,event_id=61526538;market=Anytime Goalscorer
2026-04-24T14:32:46Z,2026-04-26,61526538,2026-04-26T15:15:00Z,,live_capture,Bet365,France - Ligue 1,ATGS,Le Havre AC,FC Metz,Rassoul Ndiaye,,4.7500,odds_api_io,event_id=61526538;market=Anytime Goalscorer
2026-04-24T14:32:46Z,2026-04-26,61526538,2026-04-26T15:15:00Z,,live_capture,Bet365,France - Ligue 1,ATGS,Le Havre AC,FC Metz,Thomas Rousseau,,4.7500,odds_api_io,event_id=61526538;market=Anytime Goalscorer
2026-04-24T14:32:46Z,2026-04-26,61526538,2026-04-26T15:15:00Z,,live_capture,Bet365,France - Ligue 1,ATGS,Le Havre AC,FC Metz,Giorgi Tsitaishvili,,6.0000,odds_api_io,event_id=61526538;market=Anytime Goalscorer
2026-04-24T14:32:46Z,2026-04-26,61526538,2026-04-26T15:15:00Z,,live_capture,Bet365,France - Ligue 1,ATGS,Le Havre AC,FC Metz,Loic Nego,,6.0000,odds_api_io,event_id=61526538;market=Anytime Goalscorer
2026-04-24T14:32:46Z,2026-04-26,61526538,2026-04-26T15:15:00Z,,live_capture,Bet365,France - Ligue 1,ATGS,Le Havre AC,FC Metz,Ayumu Seko,,9.0000,odds_api_io,event_id=61526538;market=Anytime Goalscorer
2026-04-24T14:32:46Z,2026-04-26,61526538,2026-04-26T15:15:00Z,,live_capture,Bet365,France - Ligue 1,ATGS,Le Havre AC,FC Metz,Timothee Pembele,,9.0000,odds_api_io,event_id=61526538;market=Anytime Goalscorer
2026-04-24T14:32:46Z,2026-04-26,61526538,2026-04-26T15:15:00Z,,live_capture,Bet365,France - Ligue 1,ATGS,Le Havre AC,FC Metz,Cleo Melieres,,11.0000,odds_api_io,event_id=61526538;market=Anytime Goalscorer
2026-04-24T14:32:46Z,2026-04-26,61526538,2026-04-26T15:15:00Z,,live_capture,Bet365,France - Ligue 1,ATGS,Le Havre AC,FC Metz,Jessy Deminguet,,11.0000,odds_api_io,event_id=61526538;market=Anytime Goalscorer
2026-04-24T14:32:46Z,2026-04-26,61526538,2026-04-26T15:15:00Z,,live_capture,Bet365,France - Ligue 1,ATGS,Le Havre AC,FC Metz,Maxime Colin,,19.0000,odds_api_io,event_id=61526538;market=Anytime Goalscorer
2026-04-24T14:32:46Z,2026-04-26,61526538,2026-04-26T15:15:00Z,,live_capture,Bet365,France - Ligue 1,ATGS,Le Havre AC,FC Metz,Simon Ebonog,,6.5000,odds_api_io,event_id=61526538;market=Anytime Goalscorer
2026-04-24T14:32:46Z,2026-04-26,61526538,2026-04-26T15:15:00Z,,live_capture,Bet365,France - Ligue 1,ATGS,Le Havre AC,FC Metz,Yanis Zouaoui,,6.5000,odds_api_io,event_id=61526538;market=Anytime Goalscorer
2026-04-24T14:32:46Z,2026-04-26,61526538,2026-04-26T15:15:00Z,,live_capture,Bet365,France - Ligue 1,ATGS,Le Havre AC,FC Metz,Adams Diabate,,8.0000,odds_api_io,event_id=61526538;market=Anytime Goalscorer
2026-04-24T14:32:46Z,2026-04-26,61526538,2026-04-26T15:15:00Z,,live_capture,Bet365,France - Ligue 1,ATGS,Le Havre AC,FC Metz,Daren Mosengo,,8.0000,odds_api_io,event_id=61526538;market=Anytime Goalscorer
2026-04-24T14:32:46Z,2026-04-26,61526538,2026-04-26T15:15:00Z,,live_capture,Bet365,France - Ligue 1,ATGS,Le Havre AC,FC Metz,Fode Doucoure,,8.0000,odds_api_io,event_id=61526538;market=Anytime Goalscorer
2026-04-24T14:32:46Z,2026-04-26,61526538,2026-04-26T15:15:00Z,,live_capture,Bet365,France - Ligue 1,ATGS,Le Havre AC,FC Metz,Gautier Lloris,,8.0000,odds_api_io,event_id=61526538;market=Anytime Goalscorer
2026-04-24T14:32:46Z,2026-04-26,61526538,2026-04-26T15:15:00Z,,live_capture,Bet365,France - Ligue 1,ATGS,Le Havre AC,FC Metz,Thierno Bah,,8.0000,odds_api_io,event_id=61526538;market=Anytime Goalscorer
2026-04-24T14:32:46Z,2026-04-26,61526538,2026-04-26T15:15:00Z,,live_capture,Bet365,France - Ligue 1,ATGS,Le Havre AC,FC Metz,Issa Soumare,,3.0000,odds_api_io,event_id=61526538;market=Anytime Goalscorer
2026-04-24T14:32:46Z,2026-04-26,61526538,2026-04-26T15:15:00Z,,live_capture,Bet365,France - Ligue 1,ATGS,Le Havre AC,FC Metz,Enzo Koffi,,3.5000,odds_api_io,event_id=61526538;market=Anytime Goalscorer
2026-04-24T14:32:46Z,2026-04-26,61526538,2026-04-26T15:15:00Z,,live_capture,Bet365,France - Ligue 1,ATGS,Le Havre AC,FC Metz,Felix Mambimbi,,3.5000,odds_api_io,event_id=61526538;market=Anytime Goalscorer
2026-04-24T14:32:46Z,2026-04-26,61526538,2026-04-26T15:15:00Z,,live_capture,Bet365,France - Ligue 1,ATGS,Le Havre AC,FC Metz,Yassine Kechta,,3.5000,odds_api_io,event_id=61526538;market=Anytime Goalscorer
2026-04-24T14:32:46Z,2026-04-26,61526538,2026-04-26T15:15:00Z,,live_capture,Bet365,France - Ligue 1,ATGS,Le Havre AC,FC Metz,Abdoulaye Toure,,4.0000,odds_api_io,event_id=61526538;market=Anytime Goalscorer
2026-04-24T14:32:46Z,2026-04-26,61526538,2026-04-26T15:15:00Z,,live_capture,Bet365,France - Ligue 1,ATGS,Le Havre AC,FC Metz,Gauthier Hein,,4.0000,odds_api_io,event_id=61526538;market=Anytime Goalscorer
2026-04-24T14:32:46Z,2026-04-26,61526538,2026-04-26T15:15:00Z,,live_capture,Bet365,France - Ligue 1,ATGS,Le Havre AC,FC Metz,Habib Diallo,,4.0000,odds_api_io,event_id=61526538;market=Anytime Goalscorer
2026-04-24T14:32:46Z,2026-04-26,61526538,2026-04-26T15:15:00Z,,live_capture,Bet365,France - Ligue 1,ATGS,Le Havre AC,FC Metz,Sofiane Boufal,,4.0000,odds_api_io,event_id=61526538;market=Anytime Goalscorer
2026-04-24T14:32:46Z,2026-04-26,61526538,2026-04-26T15:15:00Z,,live_capture,Bet365,France - Ligue 1,ATGS,Le Havre AC,FC Metz,Giorgi Kvilitaia,,4.7500,odds_api_io,event_id=61526538;market=Anytime Goalscorer
2026-04-24T14:32:46Z,2026-04-26,61526538,2026-04-26T15:15:00Z,,live_capture,Bet365,France - Ligue 1,ATGS,Le Havre AC,FC Metz,Ally Samatta,,2.6000,odds_api_io,event_id=61526538;market=Anytime Goalscorer
2026-04-24T14:32:46Z,2026-04-26,61526538,2026-04-26T15:15:00Z,,live_capture,Bet365,France - Ligue 1,ATGS,Le Havre AC,FC Metz,Andy Logbo,,2.6000,odds_api_io,event_id=61526538;market=Anytime Goalscorer
2026-04-24T14:32:46Z,2026-04-26,61526538,2026-04-26T15:15:00Z,,live_capture,Bet365,France - Ligue 1,ATGS,Le Havre AC,FC Metz,Kenny Quetant,,2.6000,odds_api_io,event_id=61526538;market=Anytime Goalscorer
2026-04-24T14:32:46Z,2026-04-26,61526538,2026-04-26T15:15:00Z,,live_capture,Bet365,France - Ligue 1,ATGS,Le Havre AC,FC Metz,Noam Obougou,,2.6000,odds_api_io,event_id=61526538;market=Anytime Goalscorer
2026-04-24T14:32:46Z,2026-04-26,61526538,2026-04-26T15:15:00Z,,live_capture,Bet365,France - Ligue 1,ATGS,Le Havre AC,FC Metz,Reda Khadra,,3.1000,odds_api_io,event_id=61526538;market=Anytime Goalscorer
2026-04-24T14:32:46Z,2026-04-26,61526538,2026-04-26T15:15:00Z,,live_capture,Bet365,France - Ligue 1,ATGS,Le Havre AC,FC Metz,Nathan Mbala,,5.0000,odds_api_io,event_id=61526538;market=Anytime Goalscorer
2026-04-24T14:32:46Z,2026-04-26,61526538,2026-04-26T15:15:00Z,,live_capture,Bet365,France - Ligue 1,ATGS,Le Havre AC,FC Metz,Giorgi Abuashvili,,6.0000,odds_api_io,event_id=61526538;market=Anytime Goalscorer
2026-04-24T14:32:46Z,2026-04-26,61526538,2026-04-26T15:15:00Z,,live_capture,Bet365,France - Ligue 1,ATGS,Le Havre AC,FC Metz,Joseph Mangondo,,6.0000,odds_api_io,event_id=61526538;market=Anytime Goalscorer
2026-04-24T14:32:46Z,2026-04-26,61526538,2026-04-26T15:15:00Z,,live_capture,Bet365,France - Ligue 1,ATGS,Le Havre AC,FC Metz,Lucas Michal,,6.0000,odds_api_io,event_id=61526538;market=Anytime Goalscorer
2026-04-24T14:32:46Z,2026-04-26,61526538,2026-04-26T15:15:00Z,,live_capture,Bet365,France - Ligue 1,ATGS,Le Havre AC,FC Metz,Believe Munongo,,7.5000,odds_api_io,event_id=61526538;market=Anytime Goalscorer
2026-04-24T14:32:46Z,2026-04-26,61526538,2026-04-26T15:15:00Z,,live_capture,Bet365,France - Ligue 1,ATGS,Le Havre AC,FC Metz,Ismael Guerti,,7.5000,odds_api_io,event_id=61526538;market=Anytime Goalscorer
2026-04-24T14:32:46Z,2026-04-26,61526538,2026-04-26T15:15:00Z,,live_capture,Bet365,France - Ligue 1,ATGS,Le Havre AC,FC Metz,Jahyann Pandore,,7.5000,odds_api_io,event_id=61526538;market=Anytime Goalscorer
2026-04-24T14:32:46Z,2026-04-26,61526538,2026-04-26T15:15:00Z,,live_capture,Bet365,France - Ligue 1,ATGS,Le Havre AC,FC Metz,Morgan Bokele,,7.5000,odds_api_io,event_id=61526538;market=Anytime Goalscorer
2026-04-24T14:32:46Z,2026-04-26,61526538,2026-04-26T15:15:00Z,,live_capture,Bet365,France - Ligue 1,ATGS,Le Havre AC,FC Metz,Boubacar Traore,,11.0000,odds_api_io,event_id=61526538;market=Anytime Goalscorer
2026-04-24T14:32:46Z,2026-04-26,61526538,2026-04-26T15:15:00Z,,live_capture,Bet365,France - Ligue 1,ATGS,Le Havre AC,FC Metz,Bouna Sarr,,11.0000,odds_api_io,event_id=61526538;market=Anytime Goalscorer
2026-04-24T14:32:46Z,2026-04-26,61526538,2026-04-26T15:15:00Z,,live_capture,Bet365,France - Ligue 1,ATGS,Le Havre AC,FC Metz,Godson Kyeremeh,,3.7500,odds_api_io,event_id=61526538;market=Anytime Goalscorer
2026-04-24T14:32:46Z,2026-04-26,61526540,2026-04-26T15:15:00Z,,live_capture,Bet365,France - Ligue 1,ATGS,Paris FC,Lille OSC,Osame Sahraoui,,3.2500,odds_api_io,event_id=61526540;market=Anytime Goalscorer
2026-04-24T14:32:46Z,2026-04-26,61526540,2026-04-26T15:15:00Z,,live_capture,Bet365,France - Ligue 1,ATGS,Paris FC,Lille OSC,Pierre-Yves Hamel,,3.7500,odds_api_io,event_id=61526540;market=Anytime Goalscorer
2026-04-24T14:32:46Z,2026-04-26,61526540,2026-04-26T15:15:00Z,,live_capture,Bet365,France - Ligue 1,ATGS,Paris FC,Lille OSC,Willem Geubbels,,3.7500,odds_api_io,event_id=61526540;market=Anytime Goalscorer
2026-04-24T14:32:46Z,2026-04-26,61526540,2026-04-26T15:15:00Z,,live_capture,Bet365,France - Ligue 1,ATGS,Paris FC,Lille OSC,Ilan Kebbal,,4.0000,odds_api_io,event_id=61526540;market=Anytime Goalscorer
2026-04-24T14:32:46Z,2026-04-26,61526540,2026-04-26T15:15:00Z,,live_capture,Bet365,France - Ligue 1,ATGS,Paris FC,Lille OSC,Ethan Mbappe,,4.3330,odds_api_io,event_id=61526540;market=Anytime Goalscorer
2026-04-24T14:32:46Z,2026-04-26,61526540,2026-04-26T15:15:00Z,,live_capture,Bet365,France - Ligue 1,ATGS,Paris FC,Lille OSC,Lamine Gueye,,4.7500,odds_api_io,event_id=61526540;market=Anytime Goalscorer
2026-04-24T14:32:46Z,2026-04-26,61526540,2026-04-26T15:15:00Z,,live_capture,Bet365,France - Ligue 1,ATGS,Paris FC,Lille OSC,Moses Simon,,4.7500,odds_api_io,event_id=61526540;market=Anytime Goalscorer
2026-04-24T14:32:46Z,2026-04-26,61526540,2026-04-26T15:15:00Z,,live_capture,Bet365,France - Ligue 1,ATGS,Paris FC,Lille OSC,Alimani Gory,,5.0000,odds_api_io,event_id=61526540;market=Anytime Goalscorer
2026-04-24T14:32:46Z,2026-04-26,61526540,2026-04-26T15:15:00Z,,live_capture,Bet365,France - Ligue 1,ATGS,Paris FC,Lille OSC,Jonathan Ikone,,5.0000,odds_api_io,event_id=61526540;market=Anytime Goalscorer
2026-04-24T14:32:46Z,2026-04-26,61526540,2026-04-26T15:15:00Z,,live_capture,Bet365,France - Ligue 1,ATGS,Paris FC,Lille OSC,Marshall Munetsi,,5.0000,odds_api_io,event_id=61526540;market=Anytime Goalscorer
2026-04-24T14:32:46Z,2026-04-26,61526540,2026-04-26T15:15:00Z,,live_capture,Bet365,France - Ligue 1,ATGS,Paris FC,Lille OSC,Mathieu Cafaro,,5.0000,odds_api_io,event_id=61526540;market=Anytime Goalscorer
2026-04-24T14:32:46Z,2026-04-26,61526540,2026-04-26T15:15:00Z,,live_capture,Bet365,France - Ligue 1,ATGS,Paris FC,Lille OSC,Ngal'ayel Mukau,,5.0000,odds_api_io,event_id=61526540;market=Anytime Goalscorer
2026-04-24T14:32:46Z,2026-04-26,61526540,2026-04-26T15:15:00Z,,live_capture,Bet365,France - Ligue 1,ATGS,Paris FC,Lille OSC,Nabil Bentaleb,,6.5000,odds_api_io,event_id=61526540;market=Anytime Goalscorer
2026-04-24T14:32:46Z,2026-04-26,61526540,2026-04-26T15:15:00Z,,live_capture,Bet365,France - Ligue 1,ATGS,Paris FC,Lille OSC,Chancel Mbemba,,8.0000,odds_api_io,event_id=61526540;market=Anytime Goalscorer
2026-04-24T14:32:46Z,2026-04-26,61526540,2026-04-26T15:15:00Z,,live_capture,Bet365,France - Ligue 1,ATGS,Paris FC,Lille OSC,Lohann Doucet,,8.0000,odds_api_io,event_id=61526540;market=Anytime Goalscorer
2026-04-24T14:32:46Z,2026-04-26,61526540,2026-04-26T15:15:00Z,,live_capture,Bet365,France - Ligue 1,ATGS,Paris FC,Lille OSC,Thomas Meunier,,8.0000,odds_api_io,event_id=61526540;market=Anytime Goalscorer
2026-04-24T14:32:46Z,2026-04-26,61526540,2026-04-26T15:15:00Z,,live_capture,Bet365,France - Ligue 1,ATGS,Paris FC,Lille OSC,Tuomas Ollila,,8.0000,odds_api_io,event_id=61526540;market=Anytime Goalscorer
2026-04-24T14:32:46Z,2026-04-26,61526540,2026-04-26T15:15:00Z,,live_capture,Bet365,France - Ligue 1,ATGS,Paris FC,Lille OSC,Killian Prouchet,,11.0000,odds_api_io,event_id=61526540;market=Anytime Goalscorer
2026-04-24T14:32:46Z,2026-04-26,61526540,2026-04-26T15:15:00Z,,live_capture,Bet365,France - Ligue 1,ATGS,Paris FC,Lille OSC,Sofiane Alakouch,,11.0000,odds_api_io,event_id=61526540;market=Anytime Goalscorer
2026-04-24T14:32:46Z,2026-04-26,61526540,2026-04-26T15:15:00Z,,live_capture,Bet365,France - Ligue 1,ATGS,Paris FC,Lille OSC,Timothee Kolodziejczak,,11.0000,odds_api_io,event_id=61526540;market=Anytime Goalscorer
2026-04-24T14:32:46Z,2026-04-26,61526540,2026-04-26T15:15:00Z,,live_capture,Bet365,France - Ligue 1,ATGS,Paris FC,Lille OSC,Maxima Goffi,,13.0000,odds_api_io,event_id=61526540;market=Anytime Goalscorer
2026-04-24T14:32:46Z,2026-04-26,61526540,2026-04-26T15:15:00Z,,live_capture,Bet365,France - Ligue 1,ATGS,Paris FC,Lille OSC,Otavio da Silva,,15.0000,odds_api_io,event_id=61526540;market=Anytime Goalscorer
2026-04-24T14:32:46Z,2026-04-26,61526540,2026-04-26T15:15:00Z,,live_capture,Bet365,France - Ligue 1,ATGS,Paris FC,Lille OSC,Hamari Traore,,19.0000,odds_api_io,event_id=61526540;market=Anytime Goalscorer
2026-04-24T14:32:46Z,2026-04-26,61526540,2026-04-26T15:15:00Z,,live_capture,Bet365,France - Ligue 1,ATGS,Paris FC,Lille OSC,Olivier Giroud,,2.5000,odds_api_io,event_id=61526540;market=Anytime Goalscorer
2026-04-24T14:32:46Z,2026-04-26,61526540,2026-04-26T15:15:00Z,,live_capture,Bet365,France - Ligue 1,ATGS,Paris FC,Lille OSC,Soriba Diaoune,,2.5000,odds_api_io,event_id=61526540;market=Anytime Goalscorer
2026-04-24T14:32:46Z,2026-04-26,61526540,2026-04-26T15:15:00Z,,live_capture,Bet365,France - Ligue 1,ATGS,Paris FC,Lille OSC,Adama Camara,,7.0000,odds_api_io,event_id=61526540;market=Anytime Goalscorer
2026-04-24T14:32:46Z,2026-04-26,61526540,2026-04-26T15:15:00Z,,live_capture,Bet365,France - Ligue 1,ATGS,Paris FC,Lille OSC,Vincent Marchetti,,7.0000,odds_api_io,event_id=61526540;market=Anytime Goalscorer
2026-04-24T14:32:46Z,2026-04-26,61526540,2026-04-26T15:15:00Z,,live_capture,Bet365,France - Ligue 1,ATGS,Paris FC,Lille OSC,Mamadou Mbow,,9.5000,odds_api_io,event_id=61526540;market=Anytime Goalscorer
2026-04-24T14:32:46Z,2026-04-26,61526540,2026-04-26T15:15:00Z,,live_capture,Bet365,France - Ligue 1,ATGS,Paris FC,Lille OSC,Nathan Ngoy,,9.5000,odds_api_io,event_id=61526540;market=Anytime Goalscorer
2026-04-24T14:32:46Z,2026-04-26,61526540,2026-04-26T15:15:00Z,,live_capture,Bet365,France - Ligue 1,ATGS,Paris FC,Lille OSC,Alexsandro Victor,,9.5000,odds_api_io,event_id=61526540;market=Anytime Goalscorer
2026-04-24T14:32:46Z,2026-04-26,61526540,2026-04-26T15:15:00Z,,live_capture,Bet365,France - Ligue 1,ATGS,Paris FC,Lille OSC,Diego Coppola,,15.0000,odds_api_io,event_id=61526540;market=Anytime Goalscorer
2026-04-24T14:32:46Z,2026-04-26,61526540,2026-04-26T15:15:00Z,,live_capture,Bet365,France - Ligue 1,ATGS,Paris FC,Lille OSC,Maxime Lopez,,15.0000,odds_api_io,event_id=61526540;market=Anytime Goalscorer
2026-04-24T14:32:46Z,2026-04-26,61526540,2026-04-26T15:15:00Z,,live_capture,Bet365,France - Ligue 1,ATGS,Paris FC,Lille OSC,Nhoa Sangui,,15.0000,odds_api_io,event_id=61526540;market=Anytime Goalscorer
2026-04-24T14:32:46Z,2026-04-26,61526540,2026-04-26T15:15:00Z,,live_capture,Bet365,France - Ligue 1,ATGS,Paris FC,Lille OSC,Thibault De Smet,,15.0000,odds_api_io,event_id=61526540;market=Anytime Goalscorer
2026-04-24T14:32:46Z,2026-04-26,61526540,2026-04-26T15:15:00Z,,live_capture,Bet365,France - Ligue 1,ATGS,Paris FC,Lille OSC,Felix Correia,,3.7500,odds_api_io,event_id=61526540;market=Anytime Goalscorer
2026-04-24T14:32:46Z,2026-04-26,61526540,2026-04-26T15:15:00Z,,live_capture,Bet365,France - Ligue 1,ATGS,Paris FC,Lille OSC,Ciro Immobile,,2.7500,odds_api_io,event_id=61526540;market=Anytime Goalscorer
2026-04-24T14:32:46Z,2026-04-26,61526540,2026-04-26T15:15:00Z,,live_capture,Bet365,France - Ligue 1,ATGS,Paris FC,Lille OSC,Jean-Philippe Krasso,,2.7500,odds_api_io,event_id=61526540;market=Anytime Goalscorer
2026-04-24T14:32:46Z,2026-04-26,61526540,2026-04-26T15:15:00Z,,live_capture,Bet365,France - Ligue 1,ATGS,Paris FC,Lille OSC,Gaetan Perrin,,3.1000,odds_api_io,event_id=61526540;market=Anytime Goalscorer
2026-04-24T14:32:46Z,2026-04-26,61526540,2026-04-26T15:15:00Z,,live_capture,Bet365,France - Ligue 1,ATGS,Paris FC,Lille OSC,Matias Fernandez,,3.1000,odds_api_io,event_id=61526540;market=Anytime Goalscorer
2026-04-24T14:32:46Z,2026-04-26,61526540,2026-04-26T15:15:00Z,,live_capture,Bet365,France - Ligue 1,ATGS,Paris FC,Lille OSC,Saad Boussadia,,3.1000,odds_api_io,event_id=61526540;market=Anytime Goalscorer
2026-04-24T14:32:46Z,2026-04-26,61526540,2026-04-26T15:15:00Z,,live_capture,Bet365,France - Ligue 1,ATGS,Paris FC,Lille OSC,Younes Lachaab,,3.1000,odds_api_io,event_id=61526540;market=Anytime Goalscorer
2026-04-24T14:32:46Z,2026-04-26,61526540,2026-04-26T15:15:00Z,,live_capture,Bet365,France - Ligue 1,ATGS,Paris FC,Lille OSC,Hakon Arnar Haraldsson,,3.4000,odds_api_io,event_id=61526540;market=Anytime Goalscorer
2026-04-24T14:32:46Z,2026-04-26,61526540,2026-04-26T15:15:00Z,,live_capture,Bet365,France - Ligue 1,ATGS,Paris FC,Lille OSC,Marius Broholm,,3.4000,odds_api_io,event_id=61526540;market=Anytime Goalscorer
2026-04-24T14:32:46Z,2026-04-26,61526540,2026-04-26T15:15:00Z,,live_capture,Bet365,France - Ligue 1,ATGS,Paris FC,Lille OSC,Mohamed Benoit-Dao,,3.4000,odds_api_io,event_id=61526540;market=Anytime Goalscorer
2026-04-24T14:32:46Z,2026-04-26,61526540,2026-04-26T15:15:00Z,,live_capture,Bet365,France - Ligue 1,ATGS,Paris FC,Lille OSC,Noah Edjouma,,3.4000,odds_api_io,event_id=61526540;market=Anytime Goalscorer
2026-04-24T14:32:46Z,2026-04-26,61526540,2026-04-26T15:15:00Z,,live_capture,Bet365,France - Ligue 1,ATGS,Paris FC,Lille OSC,Nouha Dicko,,3.4000,odds_api_io,event_id=61526540;market=Anytime Goalscorer
2026-04-24T14:32:46Z,2026-04-26,61526540,2026-04-26T15:15:00Z,,live_capture,Bet365,France - Ligue 1,ATGS,Paris FC,Lille OSC,Zakarya Khaldi,,3.4000,odds_api_io,event_id=61526540;market=Anytime Goalscorer
2026-04-24T14:32:46Z,2026-04-26,61526540,2026-04-26T15:15:00Z,,live_capture,Bet365,France - Ligue 1,ATGS,Paris FC,Lille OSC,Benjamin Andre,,6.5000,odds_api_io,event_id=61526540;market=Anytime Goalscorer
2026-04-24T14:32:46Z,2026-04-26,61526540,2026-04-26T15:15:00Z,,live_capture,Bet365,France - Ligue 1,ATGS,Paris FC,Lille OSC,Lilian Baret,,6.5000,odds_api_io,event_id=61526540;market=Anytime Goalscorer
2026-04-24T14:32:46Z,2026-04-26,61526540,2026-04-26T15:15:00Z,,live_capture,Bet365,France - Ligue 1,ATGS,Paris FC,Lille OSC,Tiago Santos,,6.5000,odds_api_io,event_id=61526540;market=Anytime Goalscorer
2026-04-24T14:32:46Z,2026-04-26,61526540,2026-04-26T15:15:00Z,,live_capture,Bet365,France - Ligue 1,ATGS,Paris FC,Lille OSC,Calvin Verdonk,,7.0000,odds_api_io,event_id=61526540;market=Anytime Goalscorer
2026-04-24T14:32:46Z,2026-04-26,61526540,2026-04-26T15:15:00Z,,live_capture,Bet365,France - Ligue 1,ATGS,Paris FC,Lille OSC,Romain Perraud,,7.0000,odds_api_io,event_id=61526540;market=Anytime Goalscorer
2026-04-24T14:32:46Z,2026-04-26,61526540,2026-04-26T15:15:00Z,,live_capture,Bet365,France - Ligue 1,ATGS,Paris FC,Lille OSC,Aissa Mandi,,8.5000,odds_api_io,event_id=61526540;market=Anytime Goalscorer
2026-04-24T14:32:46Z,2026-04-26,61526540,2026-04-26T15:15:00Z,,live_capture,Bet365,France - Ligue 1,ATGS,Paris FC,Lille OSC,Rudy Matondo,,8.5000,odds_api_io,event_id=61526540;market=Anytime Goalscorer
2026-04-24T14:32:46Z,2026-04-26,61526540,2026-04-26T15:15:00Z,,live_capture,Bet365,France - Ligue 1,ATGS,Paris FC,Lille OSC,Mathys Tourraine,,13.0000,odds_api_io,event_id=61526540;market=Anytime Goalscorer
2026-04-24T14:32:46Z,2026-04-26,61526540,2026-04-26T15:15:00Z,,live_capture,Bet365,France - Ligue 1,ATGS,Paris FC,Lille OSC,Samir Chergui,,13.0000,odds_api_io,event_id=61526540;market=Anytime Goalscorer
2026-04-24T14:32:46Z,2026-04-26,61526540,2026-04-26T15:15:00Z,,live_capture,Bet365,France - Ligue 1,ATGS,Paris FC,Lille OSC,Ayyoub Bouaddi,,5.5000,odds_api_io,event_id=61526540;market=Anytime Goalscorer
2026-04-24T14:32:46Z,2026-04-26,61526540,2026-04-26T15:15:00Z,,live_capture,Bet365,France - Ligue 1,ATGS,Paris FC,Lille OSC,Julien Lopez,,5.5000,odds_api_io,event_id=61526540;market=Anytime Goalscorer
2026-04-24T14:32:46Z,2026-04-26,61526540,2026-04-26T15:15:00Z,,live_capture,Bet365,France - Ligue 1,ATGS,Paris FC,Lille OSC,Luca Koleosho,,5.5000,odds_api_io,event_id=61526540;market=Anytime Goalscorer
2026-04-24T14:32:46Z,2026-04-26,61526540,2026-04-26T15:15:00Z,,live_capture,Bet365,France - Ligue 1,ATGS,Paris FC,Lille OSC,Pierre Lees-Melou,,5.5000,odds_api_io,event_id=61526540;market=Anytime Goalscorer
2026-04-24T14:32:46Z,2026-04-26,61526550,2026-04-26T18:45:00Z,,live_capture,Bet365,France - Ligue 1,ATGS,Olympique Marseille,OGC Nice,Mason Greenwood,,1.8330,odds_api_io,event_id=61526550;market=Anytime Goalscorer
2026-04-24T14:32:46Z,2026-04-26,61526550,2026-04-26T18:45:00Z,,live_capture,Bet365,France - Ligue 1,ATGS,Olympique Marseille,OGC Nice,Ange Lago,,2.2000,odds_api_io,event_id=61526550;market=Anytime Goalscorer
2026-04-24T14:32:46Z,2026-04-26,61526550,2026-04-26T18:45:00Z,,live_capture,Bet365,France - Ligue 1,ATGS,Olympique Marseille,OGC Nice,Pierre-Emerick Aubameyang,,2.2000,odds_api_io,event_id=61526550;market=Anytime Goalscorer
2026-04-24T14:32:46Z,2026-04-26,61526550,2026-04-26T18:45:00Z,,live_capture,Bet365,France - Ligue 1,ATGS,Olympique Marseille,OGC Nice,Tadjidine Mmadi,,2.2000,odds_api_io,event_id=61526550;market=Anytime Goalscorer
2026-04-24T14:32:46Z,2026-04-26,61526550,2026-04-26T18:45:00Z,,live_capture,Bet365,France - Ligue 1,ATGS,Olympique Marseille,OGC Nice,Ethan Nwaneri,,2.7500,odds_api_io,event_id=61526550;market=Anytime Goalscorer
2026-04-24T14:32:46Z,2026-04-26,61526550,2026-04-26T18:45:00Z,,live_capture,Bet365,France - Ligue 1,ATGS,Olympique Marseille,OGC Nice,Igor Paixao,,2.7500,odds_api_io,event_id=61526550;market=Anytime Goalscorer
2026-04-24T14:32:46Z,2026-04-26,61526550,2026-04-26T18:45:00Z,,live_capture,Bet365,France - Ligue 1,ATGS,Olympique Marseille,OGC Nice,Hamed Traore,,2.7500,odds_api_io,event_id=61526550;market=Anytime Goalscorer
2026-04-24T14:32:46Z,2026-04-26,61526550,2026-04-26T18:45:00Z,,live_capture,Bet365,France - Ligue 1,ATGS,Olympique Marseille,OGC Nice,Geoffrey Kondogbia,,5.5000,odds_api_io,event_id=61526550;market=Anytime Goalscorer
2026-04-24T14:32:46Z,2026-04-26,61526550,2026-04-26T18:45:00Z,,live_capture,Bet365,France - Ligue 1,ATGS,Olympique Marseille,OGC Nice,Isak Jansson,,5.5000,odds_api_io,event_id=61526550;market=Anytime Goalscorer
2026-04-24T14:32:46Z,2026-04-26,61526550,2026-04-26T18:45:00Z,,live_capture,Bet365,France - Ligue 1,ATGS,Olympique Marseille,OGC Nice,Tochukwu Nnadi,,5.5000,odds_api_io,event_id=61526550;market=Anytime Goalscorer
2026-04-24T14:32:46Z,2026-04-26,61526550,2026-04-26T18:45:00Z,,live_capture,Bet365,France - Ligue 1,ATGS,Olympique Marseille,OGC Nice,Anis Doubal,,6.0000,odds_api_io,event_id=61526550;market=Anytime Goalscorer
2026-04-24T14:32:46Z,2026-04-26,61526550,2026-04-26T18:45:00Z,,live_capture,Bet365,France - Ligue 1,ATGS,Olympique Marseille,OGC Nice,Hicham Boudaoui,,6.0000,odds_api_io,event_id=61526550;market=Anytime Goalscorer
2026-04-24T14:32:46Z,2026-04-26,61526550,2026-04-26T18:45:00Z,,live_capture,Bet365,France - Ligue 1,ATGS,Olympique Marseille,OGC Nice,Mathis Clement,,6.0000,odds_api_io,event_id=61526550;market=Anytime Goalscorer
2026-04-24T14:32:46Z,2026-04-26,61526550,2026-04-26T18:45:00Z,,live_capture,Bet365,France - Ligue 1,ATGS,Olympique Marseille,OGC Nice,Emerson Palmieri,,6.5000,odds_api_io,event_id=61526550;market=Anytime Goalscorer
2026-04-24T14:32:46Z,2026-04-26,61526550,2026-04-26T18:45:00Z,,live_capture,Bet365,France - Ligue 1,ATGS,Olympique Marseille,OGC Nice,Gabin Bernardeau,,6.5000,odds_api_io,event_id=61526550;market=Anytime Goalscorer
2026-04-24T14:32:46Z,2026-04-26,61526550,2026-04-26T18:45:00Z,,live_capture,Bet365,France - Ligue 1,ATGS,Olympique Marseille,OGC Nice,Morgan Sanson,,6.5000,odds_api_io,event_id=61526550;market=Anytime Goalscorer
2026-04-24T14:32:46Z,2026-04-26,61526550,2026-04-26T18:45:00Z,,live_capture,Bet365,France - Ligue 1,ATGS,Olympique Marseille,OGC Nice,Pierre Hojbjerg,,6.5000,odds_api_io,event_id=61526550;market=Anytime Goalscorer
2026-04-24T14:32:46Z,2026-04-26,61526550,2026-04-26T18:45:00Z,,live_capture,Bet365,France - Ligue 1,ATGS,Olympique Marseille,OGC Nice,Djibril Coulibaly,,8.0000,odds_api_io,event_id=61526550;market=Anytime Goalscorer
2026-04-24T14:32:46Z,2026-04-26,61526550,2026-04-26T18:45:00Z,,live_capture,Bet365,France - Ligue 1,ATGS,Olympique Marseille,OGC Nice,Jonathan Clauss,,8.0000,odds_api_io,event_id=61526550;market=Anytime Goalscorer
2026-04-24T14:32:46Z,2026-04-26,61526550,2026-04-26T18:45:00Z,,live_capture,Bet365,France - Ligue 1,ATGS,Olympique Marseille,OGC Nice,Tanguy Ndombele,,8.0000,odds_api_io,event_id=61526550;market=Anytime Goalscorer
2026-04-24T14:32:46Z,2026-04-26,61526550,2026-04-26T18:45:00Z,,live_capture,Bet365,France - Ligue 1,ATGS,Olympique Marseille,OGC Nice,Ali Abdi,,9.0000,odds_api_io,event_id=61526550;market=Anytime Goalscorer
2026-04-24T14:32:46Z,2026-04-26,61526550,2026-04-26T18:45:00Z,,live_capture,Bet365,France - Ligue 1,ATGS,Olympique Marseille,OGC Nice,Charles Vanhoutte,,9.0000,odds_api_io,event_id=61526550;market=Anytime Goalscorer
2026-04-24T14:32:46Z,2026-04-26,61526550,2026-04-26T18:45:00Z,,live_capture,Bet365,France - Ligue 1,ATGS,Olympique Marseille,OGC Nice,CJ Egan-Riley,,9.0000,odds_api_io,event_id=61526550;market=Anytime Goalscorer
2026-04-24T14:32:46Z,2026-04-26,61526550,2026-04-26T18:45:00Z,,live_capture,Bet365,France - Ligue 1,ATGS,Olympique Marseille,OGC Nice,Facundo Medina,,9.0000,odds_api_io,event_id=61526550;market=Anytime Goalscorer
2026-04-24T14:32:46Z,2026-04-26,61526550,2026-04-26T18:45:00Z,,live_capture,Bet365,France - Ligue 1,ATGS,Olympique Marseille,OGC Nice,Pladi N'Zinga Pambani,,9.0000,odds_api_io,event_id=61526550;market=Anytime Goalscorer
2026-04-24T14:32:46Z,2026-04-26,61526550,2026-04-26T18:45:00Z,,live_capture,Bet365,France - Ligue 1,ATGS,Olympique Marseille,OGC Nice,Rayan Bang Na,,9.0000,odds_api_io,event_id=61526550;market=Anytime Goalscorer
2026-04-24T14:32:46Z,2026-04-26,61526550,2026-04-26T18:45:00Z,,live_capture,Bet365,France - Ligue 1,ATGS,Olympique Marseille,OGC Nice,Kayyum Alabi,,15.0000,odds_api_io,event_id=61526550;market=Anytime Goalscorer
2026-04-24T14:32:46Z,2026-04-26,61526550,2026-04-26T18:45:00Z,,live_capture,Bet365,France - Ligue 1,ATGS,Olympique Marseille,OGC Nice,Zoumana Diallo,,2.6250,odds_api_io,event_id=61526550;market=Anytime Goalscorer
2026-04-24T14:32:46Z,2026-04-26,61526550,2026-04-26T18:45:00Z,,live_capture,Bet365,France - Ligue 1,ATGS,Olympique Marseille,OGC Nice,Benjamin Pavard,,11.0000,odds_api_io,event_id=61526550;market=Anytime Goalscorer
2026-04-24T14:32:46Z,2026-04-26,61526550,2026-04-26T18:45:00Z,,live_capture,Bet365,France - Ligue 1,ATGS,Olympique Marseille,OGC Nice,Brad Hamilton Mantsounga,,11.0000,odds_api_io,event_id=61526550;market=Anytime Goalscorer
2026-04-24T14:32:46Z,2026-04-26,61526550,2026-04-26T18:45:00Z,,live_capture,Bet365,France - Ligue 1,ATGS,Olympique Marseille,OGC Nice,Leonardo Balerdi,,11.0000,odds_api_io,event_id=61526550;market=Anytime Goalscorer
2026-04-24T14:32:46Z,2026-04-26,61526550,2026-04-26T18:45:00Z,,live_capture,Bet365,France - Ligue 1,ATGS,Olympique Marseille,OGC Nice,Melvin Bard,,11.0000,odds_api_io,event_id=61526550;market=Anytime Goalscorer
2026-04-24T14:32:46Z,2026-04-26,61526550,2026-04-26T18:45:00Z,,live_capture,Bet365,France - Ligue 1,ATGS,Olympique Marseille,OGC Nice,Mousslim Youssouf,,11.0000,odds_api_io,event_id=61526550;market=Anytime Goalscorer
2026-04-24T14:32:46Z,2026-04-26,61526550,2026-04-26T18:45:00Z,,live_capture,Bet365,France - Ligue 1,ATGS,Olympique Marseille,OGC Nice,Nayef Aguerd,,11.0000,odds_api_io,event_id=61526550;market=Anytime Goalscorer
2026-04-24T14:32:46Z,2026-04-26,61526550,2026-04-26T18:45:00Z,,live_capture,Bet365,France - Ligue 1,ATGS,Olympique Marseille,OGC Nice,Salis Abdul Samed,,11.0000,odds_api_io,event_id=61526550;market=Anytime Goalscorer
2026-04-24T14:32:46Z,2026-04-26,61526550,2026-04-26T18:45:00Z,,live_capture,Bet365,France - Ligue 1,ATGS,Olympique Marseille,OGC Nice,Yanis Sofikitis,,11.0000,odds_api_io,event_id=61526550;market=Anytime Goalscorer
2026-04-24T14:32:46Z,2026-04-26,61526550,2026-04-26T18:45:00Z,,live_capture,Bet365,France - Ligue 1,ATGS,Olympique Marseille,OGC Nice,Youssouf Ndayishimiye,,11.0000,odds_api_io,event_id=61526550;market=Anytime Goalscorer
2026-04-24T14:32:46Z,2026-04-26,61526550,2026-04-26T18:45:00Z,,live_capture,Bet365,France - Ligue 1,ATGS,Olympique Marseille,OGC Nice,Hilan Slimani,,6.5000,odds_api_io,event_id=61526550;market=Anytime Goalscorer
2026-04-24T14:32:46Z,2026-04-26,61526550,2026-04-26T18:45:00Z,,live_capture,Bet365,France - Ligue 1,ATGS,Olympique Marseille,OGC Nice,Amine Gouiri,,2.2000,odds_api_io,event_id=61526550;market=Anytime Goalscorer
2026-04-24T14:32:46Z,2026-04-26,61526550,2026-04-26T18:45:00Z,,live_capture,Bet365,France - Ligue 1,ATGS,Olympique Marseille,OGC Nice,Himad Abdelli,,2.2000,odds_api_io,event_id=61526550;market=Anytime Goalscorer
2026-04-24T14:32:46Z,2026-04-26,61526550,2026-04-26T18:45:00Z,,live_capture,Bet365,France - Ligue 1,ATGS,Olympique Marseille,OGC Nice,Keyliane Abdallah,,2.2000,odds_api_io,event_id=61526550;market=Anytime Goalscorer
2026-04-24T14:32:46Z,2026-04-26,61526550,2026-04-26T18:45:00Z,,live_capture,Bet365,France - Ligue 1,ATGS,Olympique Marseille,OGC Nice,Elye Wahi,,4.0000,odds_api_io,event_id=61526550;market=Anytime Goalscorer
2026-04-24T14:32:46Z,2026-04-26,61526550,2026-04-26T18:45:00Z,,live_capture,Bet365,France - Ligue 1,ATGS,Olympique Marseille,OGC Nice,Kail Boudache,,4.0000,odds_api_io,event_id=61526550;market=Anytime Goalscorer
2026-04-24T14:32:46Z,2026-04-26,61526550,2026-04-26T18:45:00Z,,live_capture,Bet365,France - Ligue 1,ATGS,Olympique Marseille,OGC Nice,Timothy Weah,,4.0000,odds_api_io,event_id=61526550;market=Anytime Goalscorer
2026-04-24T14:32:46Z,2026-04-26,61526550,2026-04-26T18:45:00Z,,live_capture,Bet365,France - Ligue 1,ATGS,Olympique Marseille,OGC Nice,Bilal Nadir,,4.3330,odds_api_io,event_id=61526550;market=Anytime Goalscorer
2026-04-24T14:32:46Z,2026-04-26,61526550,2026-04-26T18:45:00Z,,live_capture,Bet365,France - Ligue 1,ATGS,Olympique Marseille,OGC Nice,Ugo El Kadmiri,,1.9090,odds_api_io,event_id=61526550;market=Anytime Goalscorer
2026-04-24T14:32:46Z,2026-04-26,61526550,2026-04-26T18:45:00Z,,live_capture,Bet365,France - Ligue 1,ATGS,Olympique Marseille,OGC Nice,Jah-Mason Telusson,,3.2000,odds_api_io,event_id=61526550;market=Anytime Goalscorer
2026-04-24T14:32:46Z,2026-04-26,61526550,2026-04-26T18:45:00Z,,live_capture,Bet365,France - Ligue 1,ATGS,Olympique Marseille,OGC Nice,Omoruyi Kevin Carlos,,3.6000,odds_api_io,event_id=61526550;market=Anytime Goalscorer
2026-04-24T14:32:46Z,2026-04-26,61526550,2026-04-26T18:45:00Z,,live_capture,Bet365,France - Ligue 1,ATGS,Olympique Marseille,OGC Nice,Sofiane Diop,,3.6000,odds_api_io,event_id=61526550;market=Anytime Goalscorer
2026-04-24T14:32:46Z,2026-04-26,61526550,2026-04-26T18:45:00Z,,live_capture,Bet365,France - Ligue 1,ATGS,Olympique Marseille,OGC Nice,Arthur Vermeeren,,4.7500,odds_api_io,event_id=61526550;market=Anytime Goalscorer
2026-04-24T14:32:46Z,2026-04-26,61526550,2026-04-26T18:45:00Z,,live_capture,Bet365,France - Ligue 1,ATGS,Olympique Marseille,OGC Nice,Nouhoum Kamissoko,,4.7500,odds_api_io,event_id=61526550;market=Anytime Goalscorer
2026-04-24T14:32:46Z,2026-04-26,61526550,2026-04-26T18:45:00Z,,live_capture,Bet365,France - Ligue 1,ATGS,Olympique Marseille,OGC Nice,Quinten Timber,,4.7500,odds_api_io,event_id=61526550;market=Anytime Goalscorer
2026-04-24T14:32:46Z,2026-04-26,61526550,2026-04-26T18:45:00Z,,live_capture,Bet365,France - Ligue 1,ATGS,Olympique Marseille,OGC Nice,Mohamed-Ali Cho,,5.5000,odds_api_io,event_id=61526550;market=Anytime Goalscorer
2026-04-24T14:32:46Z,2026-04-26,61526550,2026-04-26T18:45:00Z,,live_capture,Bet365,France - Ligue 1,ATGS,Olympique Marseille,OGC Nice,Tiago Gouveia,,5.5000,odds_api_io,event_id=61526550;market=Anytime Goalscorer
2026-04-24T14:32:46Z,2026-04-26,61526550,2026-04-26T18:45:00Z,,live_capture,Bet365,France - Ligue 1,ATGS,Olympique Marseille,OGC Nice,Enguerrand Bouard,,3.4000,odds_api_io,event_id=61526550;market=Anytime Goalscorer
2026-04-24T14:32:46Z,2026-04-26,61526550,2026-04-26T18:45:00Z,,live_capture,Bet365,France - Ligue 1,ATGS,Olympique Marseille,OGC Nice,Kefren Ali,,3.4000,odds_api_io,event_id=61526550;market=Anytime Goalscorer
2026-04-24T14:32:46Z,2026-04-26,61526550,2026-04-26T18:45:00Z,,live_capture,Bet365,France - Ligue 1,ATGS,Olympique Marseille,OGC Nice,Antoine Mendy,,13.0000,odds_api_io,event_id=61526550;market=Anytime Goalscorer
2026-04-24T14:32:46Z,2026-04-26,61526550,2026-04-26T18:45:00Z,,live_capture,Bet365,France - Ligue 1,ATGS,Olympique Marseille,OGC Nice,Juma Bah,,13.0000,odds_api_io,event_id=61526550;market=Anytime Goalscorer
2026-04-24T14:32:46Z,2026-04-26,61526550,2026-04-26T18:45:00Z,,live_capture,Bet365,France - Ligue 1,ATGS,Olympique Marseille,OGC Nice,Kojo Oppong,,13.0000,odds_api_io,event_id=61526550;market=Anytime Goalscorer
2026-04-24T14:32:46Z,2026-04-26,61526550,2026-04-26T18:45:00Z,,live_capture,Bet365,France - Ligue 1,ATGS,Olympique Marseille,OGC Nice,Laurenzo Monteiro,,13.0000,odds_api_io,event_id=61526550;market=Anytime Goalscorer
2026-04-24T14:32:46Z,2026-04-26,61526550,2026-04-26T18:45:00Z,,live_capture,Bet365,France - Ligue 1,ATGS,Olympique Marseille,OGC Nice,Mohamed Abdelmonem,,13.0000,odds_api_io,event_id=61526550;market=Anytime Goalscorer
2026-04-24T14:32:46Z,2026-04-26,61526550,2026-04-26T18:45:00Z,,live_capture,Bet365,France - Ligue 1,ATGS,Olympique Marseille,OGC Nice,Moise Bombito,,13.0000,odds_api_io,event_id=61526550;market=Anytime Goalscorer
2026-04-24T14:32:46Z,2026-04-26,61526550,2026-04-26T18:45:00Z,,live_capture,Bet365,France - Ligue 1,ATGS,Olympique Marseille,OGC Nice,Millan Brignone,,7.0000,odds_api_io,event_id=61526550;market=Anytime Goalscorer
2026-04-24T14:32:46Z,2026-04-26,61526550,2026-04-26T18:45:00Z,,live_capture,Bet365,France - Ligue 1,ATGS,Olympique Marseille,OGC Nice,Tom Louchet,,7.0000,odds_api_io,event_id=61526550;market=Anytime Goalscorer
2026-04-24T14:32:46Z,2026-04-26,61526550,2026-04-26T18:45:00Z,,live_capture,Bet365,France - Ligue 1,ATGS,Olympique Marseille,OGC Nice,Dante,,15.0000,odds_api_io,event_id=61526550;market=Anytime Goalscorer
2026-04-24T14:32:46Z,2026-04-24,61526548,2026-04-24T18:45:00Z,,live_capture,Bet365,France - Ligue 1,ATGS,Stade Brest 29,Racing Club De Lens,Mamadou Sangare,,4.7500,odds_api_io,event_id=61526548;market=Anytime Goalscorer
2026-04-24T14:32:46Z,2026-04-24,61526548,2026-04-24T18:45:00Z,,live_capture,Bet365,France - Ligue 1,ATGS,Stade Brest 29,Racing Club De Lens,Fode Sylla,,5.5000,odds_api_io,event_id=61526548;market=Anytime Goalscorer
2026-04-24T14:32:46Z,2026-04-24,61526548,2026-04-24T18:45:00Z,,live_capture,Bet365,France - Ligue 1,ATGS,Stade Brest 29,Racing Club De Lens,Nidel Celik,,8.0000,odds_api_io,event_id=61526548;market=Anytime Goalscorer
2026-04-24T14:32:46Z,2026-04-24,61526548,2026-04-24T18:45:00Z,,live_capture,Bet365,France - Ligue 1,ATGS,Stade Brest 29,Racing Club De Lens,Lucas Tousart,,10.0000,odds_api_io,event_id=61526548;market=Anytime Goalscorer
2026-04-24T14:32:46Z,2026-04-24,61526548,2026-04-24T18:45:00Z,,live_capture,Bet365,France - Ligue 1,ATGS,Stade Brest 29,Racing Club De Lens,Samson Baidoo,,10.0000,odds_api_io,event_id=61526548;market=Anytime Goalscorer
2026-04-24T14:32:46Z,2026-04-24,61526548,2026-04-24T18:45:00Z,,live_capture,Bet365,France - Ligue 1,ATGS,Stade Brest 29,Racing Club De Lens,Luc Zogbe,,17.0000,odds_api_io,event_id=61526548;market=Anytime Goalscorer
2026-04-24T14:32:46Z,2026-04-24,61526548,2026-04-24T18:45:00Z,,live_capture,Bet365,France - Ligue 1,ATGS,Stade Brest 29,Racing Club De Lens,Odsonne Edouard,,2.0000,odds_api_io,event_id=61526548;market=Anytime Goalscorer
2026-04-24T14:32:46Z,2026-04-24,61526548,2026-04-24T18:45:00Z,,live_capture,Bet365,France - Ligue 1,ATGS,Stade Brest 29,Racing Club De Lens,Mama Balde,,4.3330,odds_api_io,event_id=61526548;market=Anytime Goalscorer
2026-04-24T14:32:46Z,2026-04-24,61526548,2026-04-24T18:45:00Z,,live_capture,Bet365,France - Ligue 1,ATGS,Stade Brest 29,Racing Club De Lens,Kamory Doumbia,,6.0000,odds_api_io,event_id=61526548;market=Anytime Goalscorer
2026-04-24T14:32:46Z,2026-04-24,61526548,2026-04-24T18:45:00Z,,live_capture,Bet365,France - Ligue 1,ATGS,Stade Brest 29,Racing Club De Lens,Ruben Aguilar,,6.0000,odds_api_io,event_id=61526548;market=Anytime Goalscorer
2026-04-24T14:32:46Z,2026-04-24,61526548,2026-04-24T18:45:00Z,,live_capture,Bet365,France - Ligue 1,ATGS,Stade Brest 29,Racing Club De Lens,Florian Sotoca,,2.0500,odds_api_io,event_id=61526548;market=Anytime Goalscorer
2026-04-24T14:32:46Z,2026-04-24,61526548,2026-04-24T18:45:00Z,,live_capture,Bet365,France - Ligue 1,ATGS,Stade Brest 29,Racing Club De Lens,Erawan Garnier,,2.3750,odds_api_io,event_id=61526548;market=Anytime Goalscorer
2026-04-24T14:32:46Z,2026-04-24,61526548,2026-04-24T18:45:00Z,,live_capture,Bet365,France - Ligue 1,ATGS,Stade Brest 29,Racing Club De Lens,Rayan Fofana,,2.3750,odds_api_io,event_id=61526548;market=Anytime Goalscorer
2026-04-24T14:32:46Z,2026-04-24,61526548,2026-04-24T18:45:00Z,,live_capture,Bet365,France - Ligue 1,ATGS,Stade Brest 29,Racing Club De Lens,Saliou Diop,,3.6000,odds_api_io,event_id=61526548;market=Anytime Goalscorer
2026-04-24T14:32:46Z,2026-04-24,61526548,2026-04-24T18:45:00Z,,live_capture,Bet365,France - Ligue 1,ATGS,Stade Brest 29,Racing Club De Lens,Bradley Locko,,13.0000,odds_api_io,event_id=61526548;market=Anytime Goalscorer
2026-04-24T14:32:46Z,2026-04-24,61526548,2026-04-24T18:45:00Z,,live_capture,Bet365,France - Ligue 1,ATGS,Stade Brest 29,Racing Club De Lens,Junior Diaz,,13.0000,odds_api_io,event_id=61526548;market=Anytime Goalscorer
2026-04-24T14:32:46Z,2026-04-24,61526548,2026-04-24T18:45:00Z,,live_capture,Bet365,France - Ligue 1,ATGS,Stade Brest 29,Racing Club De Lens,Justin Bourgault,,13.0000,odds_api_io,event_id=61526548;market=Anytime Goalscorer
2026-04-24T14:32:46Z,2026-04-24,61526548,2026-04-24T18:45:00Z,,live_capture,Bet365,France - Ligue 1,ATGS,Stade Brest 29,Racing Club De Lens,Soumaila Coulibaly,,13.0000,odds_api_io,event_id=61526548;market=Anytime Goalscorer
2026-04-24T14:32:46Z,2026-04-24,61526548,2026-04-24T18:45:00Z,,live_capture,Bet365,France - Ligue 1,ATGS,Stade Brest 29,Racing Club De Lens,Allan Saint-Maximin,,2.5000,odds_api_io,event_id=61526548;market=Anytime Goalscorer
2026-04-24T14:32:46Z,2026-04-24,61526548,2026-04-24T18:45:00Z,,live_capture,Bet365,France - Ligue 1,ATGS,Stade Brest 29,Racing Club De Lens,Florian Thauvin,,2.5000,odds_api_io,event_id=61526548;market=Anytime Goalscorer
2026-04-24T14:32:46Z,2026-04-24,61526548,2026-04-24T18:45:00Z,,live_capture,Bet365,France - Ligue 1,ATGS,Stade Brest 29,Racing Club De Lens,Wesley Said,,2.0000,odds_api_io,event_id=61526548;market=Anytime Goalscorer
2026-04-24T14:32:46Z,2026-04-24,61526548,2026-04-24T18:45:00Z,,live_capture,Bet365,France - Ligue 1,ATGS,Stade Brest 29,Racing Club De Lens,Alpha Diallo,,3.5000,odds_api_io,event_id=61526548;market=Anytime Goalscorer
2026-04-24T14:32:46Z,2026-04-24,61526548,2026-04-24T18:45:00Z,,live_capture,Bet365,France - Ligue 1,ATGS,Stade Brest 29,Racing Club De Lens,Brendan Chardonnet,,12.0000,odds_api_io,event_id=61526548;market=Anytime Goalscorer
2026-04-24T14:32:46Z,2026-04-24,61526548,2026-04-24T18:45:00Z,,live_capture,Bet365,France - Ligue 1,ATGS,Stade Brest 29,Racing Club De Lens,Daouda Guindo,,12.0000,odds_api_io,event_id=61526548;market=Anytime Goalscorer
2026-04-24T14:32:46Z,2026-04-24,61526548,2026-04-24T18:45:00Z,,live_capture,Bet365,France - Ligue 1,ATGS,Stade Brest 29,Racing Club De Lens,Raphael Le Guen,,12.0000,odds_api_io,event_id=61526548;market=Anytime Goalscorer
2026-04-24T14:32:46Z,2026-04-24,61526548,2026-04-24T18:45:00Z,,live_capture,Bet365,France - Ligue 1,ATGS,Stade Brest 29,Racing Club De Lens,Abdallah Sima,,2.7500,odds_api_io,event_id=61526548;market=Anytime Goalscorer
2026-04-24T14:32:46Z,2026-04-24,61526548,2026-04-24T18:45:00Z,,live_capture,Bet365,France - Ligue 1,ATGS,Stade Brest 29,Racing Club De Lens,Anthony Bermont,,3.4000,odds_api_io,event_id=61526548;market=Anytime Goalscorer
2026-04-24T14:32:46Z,2026-04-24,61526548,2026-04-24T18:45:00Z,,live_capture,Bet365,France - Ligue 1,ATGS,Stade Brest 29,Racing Club De Lens,Ludovic Ajorque,,3.4000,odds_api_io,event_id=61526548;market=Anytime Goalscorer
2026-04-24T14:32:46Z,2026-04-24,61526548,2026-04-24T18:45:00Z,,live_capture,Bet365,France - Ligue 1,ATGS,Stade Brest 29,Racing Club De Lens,Adrien Thomasson,,4.0000,odds_api_io,event_id=61526548;market=Anytime Goalscorer
2026-04-24T14:32:46Z,2026-04-24,61526548,2026-04-24T18:45:00Z,,live_capture,Bet365,France - Ligue 1,ATGS,Stade Brest 29,Racing Club De Lens,Andrija Bulatovic,,4.0000,odds_api_io,event_id=61526548;market=Anytime Goalscorer
2026-04-24T14:32:46Z,2026-04-24,61526548,2026-04-24T18:45:00Z,,live_capture,Bet365,France - Ligue 1,ATGS,Stade Brest 29,Racing Club De Lens,Romain Del Castillo,,4.7500,odds_api_io,event_id=61526548;market=Anytime Goalscorer
2026-04-24T14:32:46Z,2026-04-24,61526548,2026-04-24T18:45:00Z,,live_capture,Bet365,France - Ligue 1,ATGS,Stade Brest 29,Racing Club De Lens,Eric Ebimbe,,5.5000,odds_api_io,event_id=61526548;market=Anytime Goalscorer
2026-04-24T14:32:46Z,2026-04-24,61526548,2026-04-24T18:45:00Z,,live_capture,Bet365,France - Ligue 1,ATGS,Stade Brest 29,Racing Club De Lens,Pathe Mboup,,5.5000,odds_api_io,event_id=61526548;market=Anytime Goalscorer
2026-04-24T14:32:46Z,2026-04-24,61526548,2026-04-24T18:45:00Z,,live_capture,Bet365,France - Ligue 1,ATGS,Stade Brest 29,Racing Club De Lens,Remy Labeau Lascary,,5.5000,odds_api_io,event_id=61526548;market=Anytime Goalscorer
2026-04-24T14:32:46Z,2026-04-24,61526548,2026-04-24T18:45:00Z,,live_capture,Bet365,France - Ligue 1,ATGS,Stade Brest 29,Racing Club De Lens,Amadou Haidara,,6.5000,odds_api_io,event_id=61526548;market=Anytime Goalscorer
2026-04-24T14:32:46Z,2026-04-24,61526548,2026-04-24T18:45:00Z,,live_capture,Bet365,France - Ligue 1,ATGS,Stade Brest 29,Racing Club De Lens,Arthur Masuaku,,6.5000,odds_api_io,event_id=61526548;market=Anytime Goalscorer
2026-04-24T14:32:46Z,2026-04-24,61526548,2026-04-24T18:45:00Z,,live_capture,Bet365,France - Ligue 1,ATGS,Stade Brest 29,Racing Club De Lens,Ibrahim Kante,,6.5000,odds_api_io,event_id=61526548;market=Anytime Goalscorer
2026-04-24T14:32:46Z,2026-04-24,61526548,2026-04-24T18:45:00Z,,live_capture,Bet365,France - Ligue 1,ATGS,Stade Brest 29,Racing Club De Lens,Kenny Lala,,6.5000,odds_api_io,event_id=61526548;market=Anytime Goalscorer
2026-04-24T14:32:46Z,2026-04-24,61526548,2026-04-24T18:45:00Z,,live_capture,Bet365,France - Ligue 1,ATGS,Stade Brest 29,Racing Club De Lens,Matthieu Udol,,6.5000,odds_api_io,event_id=61526548;market=Anytime Goalscorer
2026-04-24T14:32:46Z,2026-04-24,61526548,2026-04-24T18:45:00Z,,live_capture,Bet365,France - Ligue 1,ATGS,Stade Brest 29,Racing Club De Lens,Oscar Lenne,,6.5000,odds_api_io,event_id=61526548;market=Anytime Goalscorer
2026-04-24T14:32:46Z,2026-04-24,61526548,2026-04-24T18:45:00Z,,live_capture,Bet365,France - Ligue 1,ATGS,Stade Brest 29,Racing Club De Lens,Jonathan Gradit,,8.0000,odds_api_io,event_id=61526548;market=Anytime Goalscorer
2026-04-24T14:32:46Z,2026-04-24,61526548,2026-04-24T18:45:00Z,,live_capture,Bet365,France - Ligue 1,ATGS,Stade Brest 29,Racing Club De Lens,Kyllian Antonio,,8.0000,odds_api_io,event_id=61526548;market=Anytime Goalscorer
2026-04-24T14:32:46Z,2026-04-24,61526548,2026-04-24T18:45:00Z,,live_capture,Bet365,France - Ligue 1,ATGS,Stade Brest 29,Racing Club De Lens,Malang Sarr,,8.0000,odds_api_io,event_id=61526548;market=Anytime Goalscorer
2026-04-24T14:32:46Z,2026-04-24,61526548,2026-04-24T18:45:00Z,,live_capture,Bet365,France - Ligue 1,ATGS,Stade Brest 29,Racing Club De Lens,Pierre Ganiou,,8.0000,odds_api_io,event_id=61526548;market=Anytime Goalscorer
2026-04-24T14:32:46Z,2026-04-24,61526548,2026-04-24T18:45:00Z,,live_capture,Bet365,France - Ligue 1,ATGS,Stade Brest 29,Racing Club De Lens,Saud Abdulhamid,,8.0000,odds_api_io,event_id=61526548;market=Anytime Goalscorer
2026-04-24T14:32:46Z,2026-04-24,61526548,2026-04-24T18:45:00Z,,live_capture,Bet365,France - Ligue 1,ATGS,Stade Brest 29,Racing Club De Lens,Hamidou Makalou,,9.0000,odds_api_io,event_id=61526548;market=Anytime Goalscorer
2026-04-24T14:32:46Z,2026-04-24,61526548,2026-04-24T18:45:00Z,,live_capture,Bet365,France - Ligue 1,ATGS,Stade Brest 29,Racing Club De Lens,Hugo Magnetti,,9.0000,odds_api_io,event_id=61526548;market=Anytime Goalscorer
2026-04-24T14:32:46Z,2026-04-24,61526548,2026-04-24T18:45:00Z,,live_capture,Bet365,France - Ligue 1,ATGS,Stade Brest 29,Racing Club De Lens,Axel Lassus,,10.0000,odds_api_io,event_id=61526548;market=Anytime Goalscorer
2026-04-24T14:32:46Z,2026-04-24,61526548,2026-04-24T18:45:00Z,,live_capture,Bet365,France - Ligue 1,ATGS,Stade Brest 29,Racing Club De Lens,Joris Chotard,,10.0000,odds_api_io,event_id=61526548;market=Anytime Goalscorer
2026-04-24T14:32:46Z,2026-04-25,61526544,2026-04-25T13:00:00Z,,live_capture,Bet365,France - Ligue 1,ATGS,Olympique Lyon,AJ Auxerre,Malick Fofana,,2.5000,odds_api_io,event_id=61526544;market=Anytime Goalscorer
2026-04-24T14:32:46Z,2026-04-25,61526544,2026-04-25T13:00:00Z,,live_capture,Bet365,France - Ligue 1,ATGS,Olympique Lyon,AJ Auxerre,Pavel Sulc,,2.5000,odds_api_io,event_id=61526544;market=Anytime Goalscorer
2026-04-24T14:32:46Z,2026-04-25,61526544,2026-04-25T13:00:00Z,,live_capture,Bet365,France - Ligue 1,ATGS,Olympique Lyon,AJ Auxerre,Remi Himbert,,2.5000,odds_api_io,event_id=61526544;market=Anytime Goalscorer
2026-04-24T14:32:46Z,2026-04-25,61526544,2026-04-25T13:00:00Z,,live_capture,Bet365,France - Ligue 1,ATGS,Olympique Lyon,AJ Auxerre,Tiago Goncalves,,2.5000,odds_api_io,event_id=61526544;market=Anytime Goalscorer
2026-04-24T14:32:46Z,2026-04-25,61526544,2026-04-25T13:00:00Z,,live_capture,Bet365,France - Ligue 1,ATGS,Olympique Lyon,AJ Auxerre,Josue Casimir,,5.5000,odds_api_io,event_id=61526544;market=Anytime Goalscorer
2026-04-24T14:32:46Z,2026-04-25,61526544,2026-04-25T13:00:00Z,,live_capture,Bet365,France - Ligue 1,ATGS,Olympique Lyon,AJ Auxerre,Khalis Merah,,5.5000,odds_api_io,event_id=61526544;market=Anytime Goalscorer
2026-04-24T14:32:46Z,2026-04-25,61526544,2026-04-25T13:00:00Z,,live_capture,Bet365,France - Ligue 1,ATGS,Olympique Lyon,AJ Auxerre,Adam Karabec,,2.8750,odds_api_io,event_id=61526544;market=Anytime Goalscorer
2026-04-24T14:32:46Z,2026-04-25,61526544,2026-04-25T13:00:00Z,,live_capture,Bet365,France - Ligue 1,ATGS,Olympique Lyon,AJ Auxerre,Danny Namaso,,4.3330,odds_api_io,event_id=61526544;market=Anytime Goalscorer
2026-04-24T14:32:46Z,2026-04-25,61526544,2026-04-25T13:00:00Z,,live_capture,Bet365,France - Ligue 1,ATGS,Olympique Lyon,AJ Auxerre,Yvan Zaddy,,4.3330,odds_api_io,event_id=61526544;market=Anytime Goalscorer
2026-04-24T14:32:46Z,2026-04-25,61526544,2026-04-25T13:00:00Z,,live_capture,Bet365,France - Ligue 1,ATGS,Olympique Lyon,AJ Auxerre,Noham Kamara,,8.5000,odds_api_io,event_id=61526544;market=Anytime Goalscorer
2026-04-24T14:32:46Z,2026-04-25,61526544,2026-04-25T13:00:00Z,,live_capture,Bet365,France - Ligue 1,ATGS,Olympique Lyon,AJ Auxerre,Fallou Fall,,4.0000,odds_api_io,event_id=61526544;market=Anytime Goalscorer
2026-04-24T14:32:46Z,2026-04-25,61526544,2026-04-25T13:00:00Z,,live_capture,Bet365,France - Ligue 1,ATGS,Olympique Lyon,AJ Auxerre,Ainsley Maitland-Niles,,5.0000,odds_api_io,event_id=61526544;market=Anytime Goalscorer
2026-04-24T14:32:46Z,2026-04-25,61526544,2026-04-25T13:00:00Z,,live_capture,Bet365,France - Ligue 1,ATGS,Olympique Lyon,AJ Auxerre,Hans Hateboer,,5.0000,odds_api_io,event_id=61526544;market=Anytime Goalscorer
2026-04-24T14:32:46Z,2026-04-25,61526544,2026-04-25T13:00:00Z,,live_capture,Bet365,France - Ligue 1,ATGS,Olympique Lyon,AJ Auxerre,Moussa Niakhate,,6.5000,odds_api_io,event_id=61526544;market=Anytime Goalscorer
2026-04-24T14:32:46Z,2026-04-25,61526544,2026-04-25T13:00:00Z,,live_capture,Bet365,France - Ligue 1,ATGS,Olympique Lyon,AJ Auxerre,Tanner Tessmann,,6.5000,odds_api_io,event_id=61526544;market=Anytime Goalscorer
2026-04-24T14:32:46Z,2026-04-25,61526544,2026-04-25T13:00:00Z,,live_capture,Bet365,France - Ligue 1,ATGS,Olympique Lyon,AJ Auxerre,Tyler Morton,,6.5000,odds_api_io,event_id=61526544;market=Anytime Goalscorer
2026-04-24T14:32:46Z,2026-04-25,61526544,2026-04-25T13:00:00Z,,live_capture,Bet365,France - Ligue 1,ATGS,Olympique Lyon,AJ Auxerre,Nicolas Tagliafico,,8.0000,odds_api_io,event_id=61526544;market=Anytime Goalscorer
2026-04-24T14:32:46Z,2026-04-25,61526544,2026-04-25T13:00:00Z,,live_capture,Bet365,France - Ligue 1,ATGS,Olympique Lyon,AJ Auxerre,Assane Diousse,,11.0000,odds_api_io,event_id=61526544;market=Anytime Goalscorer
2026-04-24T14:32:46Z,2026-04-25,61526544,2026-04-25T13:00:00Z,,live_capture,Bet365,France - Ligue 1,ATGS,Olympique Lyon,AJ Auxerre,Clinton Mata,,11.0000,odds_api_io,event_id=61526544;market=Anytime Goalscorer
2026-04-24T14:32:46Z,2026-04-25,61526544,2026-04-25T13:00:00Z,,live_capture,Bet365,France - Ligue 1,ATGS,Olympique Lyon,AJ Auxerre,Elisha Owusu,,11.0000,odds_api_io,event_id=61526544;market=Anytime Goalscorer
2026-04-24T14:32:46Z,2026-04-25,61526544,2026-04-25T13:00:00Z,,live_capture,Bet365,France - Ligue 1,ATGS,Olympique Lyon,AJ Auxerre,Fredrik Oppegard,,11.0000,odds_api_io,event_id=61526544;market=Anytime Goalscorer
2026-04-24T14:32:46Z,2026-04-25,61526544,2026-04-25T13:00:00Z,,live_capture,Bet365,France - Ligue 1,ATGS,Olympique Lyon,AJ Auxerre,Mamoudou Cissokho,,11.0000,odds_api_io,event_id=61526544;market=Anytime Goalscorer
2026-04-24T14:32:46Z,2026-04-25,61526544,2026-04-25T13:00:00Z,,live_capture,Bet365,France - Ligue 1,ATGS,Olympique Lyon,AJ Auxerre,Oussama El Azzouzi,,11.0000,odds_api_io,event_id=61526544;market=Anytime Goalscorer
2026-04-24T14:32:46Z,2026-04-25,61526544,2026-04-25T13:00:00Z,,live_capture,Bet365,France - Ligue 1,ATGS,Olympique Lyon,AJ Auxerre,Bryan Okoh,,15.0000,odds_api_io,event_id=61526544;market=Anytime Goalscorer
2026-04-24T14:32:46Z,2026-04-25,61526544,2026-04-25T13:00:00Z,,live_capture,Bet365,France - Ligue 1,ATGS,Olympique Lyon,AJ Auxerre,Clement Akpa,,15.0000,odds_api_io,event_id=61526544;market=Anytime Goalscorer
2026-04-24T14:32:46Z,2026-04-25,61526544,2026-04-25T13:00:00Z,,live_capture,Bet365,France - Ligue 1,ATGS,Olympique Lyon,AJ Auxerre,Francisco Sierralta,,15.0000,odds_api_io,event_id=61526544;market=Anytime Goalscorer
2026-04-24T14:32:46Z,2026-04-25,61526544,2026-04-25T13:00:00Z,,live_capture,Bet365,France - Ligue 1,ATGS,Olympique Lyon,AJ Auxerre,Sinaly Diomande,,15.0000,odds_api_io,event_id=61526544;market=Anytime Goalscorer
2026-04-24T14:32:46Z,2026-04-25,61526544,2026-04-25T13:00:00Z,,live_capture,Bet365,France - Ligue 1,ATGS,Olympique Lyon,AJ Auxerre,Gideon Mensah,,29.0000,odds_api_io,event_id=61526544;market=Anytime Goalscorer
2026-04-24T14:32:46Z,2026-04-25,61526544,2026-04-25T13:00:00Z,,live_capture,Bet365,France - Ligue 1,ATGS,Olympique Lyon,AJ Auxerre,Endrick,,2.2000,odds_api_io,event_id=61526544;market=Anytime Goalscorer
2026-04-24T14:32:46Z,2026-04-25,61526544,2026-04-25T13:00:00Z,,live_capture,Bet365,France - Ligue 1,ATGS,Olympique Lyon,AJ Auxerre,Roman Yaremchuk,,2.2000,odds_api_io,event_id=61526544;market=Anytime Goalscorer
2026-04-24T14:32:46Z,2026-04-25,61526544,2026-04-25T13:00:00Z,,live_capture,Bet365,France - Ligue 1,ATGS,Olympique Lyon,AJ Auxerre,Adil Hamdani,,3.4000,odds_api_io,event_id=61526544;market=Anytime Goalscorer
2026-04-24T14:32:46Z,2026-04-25,61526544,2026-04-25T13:00:00Z,,live_capture,Bet365,France - Ligue 1,ATGS,Olympique Lyon,AJ Auxerre,Afonso Moreira,,3.4000,odds_api_io,event_id=61526544;market=Anytime Goalscorer
2026-04-24T14:32:46Z,2026-04-25,61526544,2026-04-25T13:00:00Z,,live_capture,Bet365,France - Ligue 1,ATGS,Olympique Lyon,AJ Auxerre,Rachid Ghezzal,,3.4000,odds_api_io,event_id=61526544;market=Anytime Goalscorer
2026-04-24T14:32:46Z,2026-04-25,61526544,2026-04-25T13:00:00Z,,live_capture,Bet365,France - Ligue 1,ATGS,Olympique Lyon,AJ Auxerre,Kevin Danois,,7.0000,odds_api_io,event_id=61526544;market=Anytime Goalscorer
2026-04-24T14:32:46Z,2026-04-25,61526544,2026-04-25T13:00:00Z,,live_capture,Bet365,France - Ligue 1,ATGS,Olympique Lyon,AJ Auxerre,Lamfia Dioubate,,7.0000,odds_api_io,event_id=61526544;market=Anytime Goalscorer
2026-04-24T14:32:46Z,2026-04-25,61526544,2026-04-25T13:00:00Z,,live_capture,Bet365,France - Ligue 1,ATGS,Olympique Lyon,AJ Auxerre,Naouirou Ahamada,,7.0000,odds_api_io,event_id=61526544;market=Anytime Goalscorer
2026-04-24T14:32:46Z,2026-04-25,61526544,2026-04-25T13:00:00Z,,live_capture,Bet365,France - Ligue 1,ATGS,Olympique Lyon,AJ Auxerre,Romain Faivre,,7.0000,odds_api_io,event_id=61526544;market=Anytime Goalscorer
2026-04-24T14:32:46Z,2026-04-25,61526544,2026-04-25T13:00:00Z,,live_capture,Bet365,France - Ligue 1,ATGS,Olympique Lyon,AJ Auxerre,Tidiane Devernois,,7.0000,odds_api_io,event_id=61526544;market=Anytime Goalscorer
2026-04-24T14:32:46Z,2026-04-25,61526544,2026-04-25T13:00:00Z,,live_capture,Bet365,France - Ligue 1,ATGS,Olympique Lyon,AJ Auxerre,Noah Nartey,,3.5000,odds_api_io,event_id=61526544;market=Anytime Goalscorer
2026-04-24T14:32:46Z,2026-04-25,61526544,2026-04-25T13:00:00Z,,live_capture,Bet365,France - Ligue 1,ATGS,Olympique Lyon,AJ Auxerre,Lasso Coulibaly,,4.5000,odds_api_io,event_id=61526544;market=Anytime Goalscorer
2026-04-24T14:32:46Z,2026-04-25,61526544,2026-04-25T13:00:00Z,,live_capture,Bet365,France - Ligue 1,ATGS,Olympique Lyon,AJ Auxerre,Sekou Mara,,4.5000,odds_api_io,event_id=61526544;market=Anytime Goalscorer
2026-04-24T14:32:46Z,2026-04-25,61526544,2026-04-25T13:00:00Z,,live_capture,Bet365,France - Ligue 1,ATGS,Olympique Lyon,AJ Auxerre,Orel Mangala,,7.0000,odds_api_io,event_id=61526544;market=Anytime Goalscorer
2026-04-24T14:32:46Z,2026-04-25,61526544,2026-04-25T13:00:00Z,,live_capture,Bet365,France - Ligue 1,ATGS,Olympique Lyon,AJ Auxerre,Steeve Kango,,7.0000,odds_api_io,event_id=61526544;market=Anytime Goalscorer
2026-04-24T14:32:46Z,2026-04-25,61526544,2026-04-25T13:00:00Z,,live_capture,Bet365,France - Ligue 1,ATGS,Olympique Lyon,AJ Auxerre,Alvin Petit Dol,,12.0000,odds_api_io,event_id=61526544;market=Anytime Goalscorer
2026-04-24T14:32:46Z,2026-04-25,61526544,2026-04-25T13:00:00Z,,live_capture,Bet365,France - Ligue 1,ATGS,Olympique Lyon,AJ Auxerre,Elikya Legros,,12.0000,odds_api_io,event_id=61526544;market=Anytime Goalscorer
2026-04-24T14:32:46Z,2026-04-25,61526544,2026-04-25T13:00:00Z,,live_capture,Bet365,France - Ligue 1,ATGS,Olympique Lyon,AJ Auxerre,Evan Diamalunda,,12.0000,odds_api_io,event_id=61526544;market=Anytime Goalscorer
2026-04-24T14:32:46Z,2026-04-25,61526544,2026-04-25T13:00:00Z,,live_capture,Bet365,France - Ligue 1,ATGS,Olympique Lyon,AJ Auxerre,Lamine Sy,,12.0000,odds_api_io,event_id=61526544;market=Anytime Goalscorer
2026-04-24T14:32:46Z,2026-04-25,61526544,2026-04-25T13:00:00Z,,live_capture,Bet365,France - Ligue 1,ATGS,Olympique Lyon,AJ Auxerre,Telli Siwe,,12.0000,odds_api_io,event_id=61526544;market=Anytime Goalscorer
2026-04-24T14:32:46Z,2026-04-25,61526544,2026-04-25T13:00:00Z,,live_capture,Bet365,France - Ligue 1,ATGS,Olympique Lyon,AJ Auxerre,Marvin Senaya,,15.0000,odds_api_io,event_id=61526544;market=Anytime Goalscorer
2026-04-24T14:32:46Z,2026-04-25,61526544,2026-04-25T13:00:00Z,,live_capture,Bet365,France - Ligue 1,ATGS,Olympique Lyon,AJ Auxerre,Lassine Sinayoko,,4.0000,odds_api_io,event_id=61526544;market=Anytime Goalscorer
2026-04-24T14:32:46Z,2026-04-25,61526544,2026-04-25T13:00:00Z,,live_capture,Bet365,France - Ligue 1,ATGS,Olympique Lyon,AJ Auxerre,Ryan Rodin,,4.0000,odds_api_io,event_id=61526544;market=Anytime Goalscorer
2026-04-24T14:32:46Z,2026-04-25,61526544,2026-04-25T13:00:00Z,,live_capture,Bet365,France - Ligue 1,ATGS,Olympique Lyon,AJ Auxerre,Mathys de Carvalho,,6.5000,odds_api_io,event_id=61526544;market=Anytime Goalscorer
2026-04-24T14:32:46Z,2026-04-25,61526544,2026-04-25T13:00:00Z,,live_capture,Bet365,France - Ligue 1,ATGS,Olympique Lyon,AJ Auxerre,Abner Vinicius,,6.5000,odds_api_io,event_id=61526544;market=Anytime Goalscorer
2026-04-24T14:32:46Z,2026-04-25,61526544,2026-04-25T13:00:00Z,,live_capture,Bet365,France - Ligue 1,ATGS,Olympique Lyon,AJ Auxerre,Achraf Laaziri,,9.5000,odds_api_io,event_id=61526544;market=Anytime Goalscorer
2026-04-24T14:32:46Z,2026-04-25,61526544,2026-04-25T13:00:00Z,,live_capture,Bet365,France - Ligue 1,ATGS,Olympique Lyon,AJ Auxerre,Prince Mbatshi,,9.5000,odds_api_io,event_id=61526544;market=Anytime Goalscorer
2026-04-24T14:32:46Z,2026-04-25,61526544,2026-04-25T13:00:00Z,,live_capture,Bet365,France - Ligue 1,ATGS,Olympique Lyon,AJ Auxerre,Ruben Kluivert,,9.5000,odds_api_io,event_id=61526544;market=Anytime Goalscorer
2026-04-24T14:32:46Z,2026-04-25,61526544,2026-04-25T13:00:00Z,,live_capture,Bet365,France - Ligue 1,ATGS,Olympique Lyon,AJ Auxerre,Corentin Tolisso,,3.0000,odds_api_io,event_id=61526544;market=Anytime Goalscorer
2026-04-24T14:32:46Z,2026-04-25,61526544,2026-04-25T13:00:00Z,,live_capture,Bet365,France - Ligue 1,ATGS,Olympique Lyon,AJ Auxerre,Ernest Nuamah,,3.0000,odds_api_io,event_id=61526544;market=Anytime Goalscorer
2026-04-24T14:32:46Z,2026-04-25,61526546,2026-04-25T19:05:00Z,,live_capture,Bet365,France - Ligue 1,ATGS,Toulouse FC,AS Monaco,Lamine Camara,,4.7500,odds_api_io,event_id=61526546;market=Anytime Goalscorer
2026-04-24T14:32:46Z,2026-04-25,61526546,2026-04-25T19:05:00Z,,live_capture,Bet365,France - Ligue 1,ATGS,Toulouse FC,AS Monaco,Mamadou Coulibaly,,4.7500,odds_api_io,event_id=61526546;market=Anytime Goalscorer
2026-04-24T14:32:46Z,2026-04-25,61526546,2026-04-25T19:05:00Z,,live_capture,Bet365,France - Ligue 1,ATGS,Toulouse FC,AS Monaco,Paul Pogba,,4.7500,odds_api_io,event_id=61526546;market=Anytime Goalscorer
2026-04-24T14:32:46Z,2026-04-25,61526546,2026-04-25T19:05:00Z,,live_capture,Bet365,France - Ligue 1,ATGS,Toulouse FC,AS Monaco,Vanderson Campos,,6.5000,odds_api_io,event_id=61526546;market=Anytime Goalscorer
2026-04-24T14:32:46Z,2026-04-25,61526546,2026-04-25T19:05:00Z,,live_capture,Bet365,France - Ligue 1,ATGS,Toulouse FC,AS Monaco,Dayann Methalie,,10.0000,odds_api_io,event_id=61526546;market=Anytime Goalscorer
2026-04-24T14:32:46Z,2026-04-25,61526546,2026-04-25T19:05:00Z,,live_capture,Bet365,France - Ligue 1,ATGS,Toulouse FC,AS Monaco,Frederic Ngoyala,,10.0000,odds_api_io,event_id=61526546;market=Anytime Goalscorer
2026-04-24T14:32:46Z,2026-04-25,61526546,2026-04-25T19:05:00Z,,live_capture,Bet365,France - Ligue 1,ATGS,Toulouse FC,AS Monaco,Seny Koumbassa,,10.0000,odds_api_io,event_id=61526546;market=Anytime Goalscorer
2026-04-24T14:32:46Z,2026-04-25,61526546,2026-04-25T19:05:00Z,,live_capture,Bet365,France - Ligue 1,ATGS,Toulouse FC,AS Monaco,Thibaud-Dorian Garondo,,10.0000,odds_api_io,event_id=61526546;market=Anytime Goalscorer
2026-04-24T14:32:46Z,2026-04-25,61526546,2026-04-25T19:05:00Z,,live_capture,Bet365,France - Ligue 1,ATGS,Toulouse FC,AS Monaco,Warren Kamanzi,,10.0000,odds_api_io,event_id=61526546;market=Anytime Goalscorer
2026-04-24T14:32:46Z,2026-04-25,61526546,2026-04-25T19:05:00Z,,live_capture,Bet365,France - Ligue 1,ATGS,Toulouse FC,AS Monaco,Ansu Fati,,2.7500,odds_api_io,event_id=61526546;market=Anytime Goalscorer
2026-04-24T14:32:46Z,2026-04-25,61526546,2026-04-25T19:05:00Z,,live_capture,Bet365,France - Ligue 1,ATGS,Toulouse FC,AS Monaco,Adam El Ouali,,5.5000,odds_api_io,event_id=61526546;market=Anytime Goalscorer
2026-04-24T14:32:46Z,2026-04-25,61526546,2026-04-25T19:05:00Z,,live_capture,Bet365,France - Ligue 1,ATGS,Toulouse FC,AS Monaco,Aron Donnum,,5.5000,odds_api_io,event_id=61526546;market=Anytime Goalscorer
2026-04-24T14:32:46Z,2026-04-25,61526546,2026-04-25T19:05:00Z,,live_capture,Bet365,France - Ligue 1,ATGS,Toulouse FC,AS Monaco,Mario Sauer,,5.5000,odds_api_io,event_id=61526546;market=Anytime Goalscorer
2026-04-24T14:32:46Z,2026-04-25,61526546,2026-04-25T19:05:00Z,,live_capture,Bet365,France - Ligue 1,ATGS,Toulouse FC,AS Monaco,Pape Diop,,5.5000,odds_api_io,event_id=61526546;market=Anytime Goalscorer
2026-04-24T14:32:46Z,2026-04-25,61526546,2026-04-25T19:05:00Z,,live_capture,Bet365,France - Ligue 1,ATGS,Toulouse FC,AS Monaco,Rafik Messali,,5.5000,odds_api_io,event_id=61526546;market=Anytime Goalscorer
2026-04-24T14:32:46Z,2026-04-25,61526546,2026-04-25T19:05:00Z,,live_capture,Bet365,France - Ligue 1,ATGS,Toulouse FC,AS Monaco,Alexis Vossah,,6.0000,odds_api_io,event_id=61526546;market=Anytime Goalscorer
2026-04-24T14:32:46Z,2026-04-25,61526546,2026-04-25T19:05:00Z,,live_capture,Bet365,France - Ligue 1,ATGS,Toulouse FC,AS Monaco,Denis Zakaria,,5.5000,odds_api_io,event_id=61526546;market=Anytime Goalscorer
2026-04-24T14:32:46Z,2026-04-25,61526546,2026-04-25T19:05:00Z,,live_capture,Bet365,France - Ligue 1,ATGS,Toulouse FC,AS Monaco,Ilane Toure,,5.5000,odds_api_io,event_id=61526546;market=Anytime Goalscorer
2026-04-24T14:32:46Z,2026-04-25,61526546,2026-04-25T19:05:00Z,,live_capture,Bet365,France - Ligue 1,ATGS,Toulouse FC,AS Monaco,Bradel Kiwa,,10.0000,odds_api_io,event_id=61526546;market=Anytime Goalscorer
2026-04-24T14:32:46Z,2026-04-25,61526546,2026-04-25T19:05:00Z,,live_capture,Bet365,France - Ligue 1,ATGS,Toulouse FC,AS Monaco,Caio Henrique,,10.0000,odds_api_io,event_id=61526546;market=Anytime Goalscorer
2026-04-24T14:32:46Z,2026-04-25,61526546,2026-04-25T19:05:00Z,,live_capture,Bet365,France - Ligue 1,ATGS,Toulouse FC,AS Monaco,Charlie Cresswell,,10.0000,odds_api_io,event_id=61526546;market=Anytime Goalscorer
2026-04-24T14:32:46Z,2026-04-25,61526546,2026-04-25T19:05:00Z,,live_capture,Bet365,France - Ligue 1,ATGS,Toulouse FC,AS Monaco,Eric Dier,,10.0000,odds_api_io,event_id=61526546;market=Anytime Goalscorer
2026-04-24T14:32:46Z,2026-04-25,61526546,2026-04-25T19:05:00Z,,live_capture,Bet365,France - Ligue 1,ATGS,Toulouse FC,AS Monaco,Jordan Teze,,10.0000,odds_api_io,event_id=61526546;market=Anytime Goalscorer
2026-04-24T14:32:46Z,2026-04-25,61526546,2026-04-25T19:05:00Z,,live_capture,Bet365,France - Ligue 1,ATGS,Toulouse FC,AS Monaco,Rasmus Nicolaisen,,10.0000,odds_api_io,event_id=61526546;market=Anytime Goalscorer
2026-04-24T14:32:46Z,2026-04-25,61526546,2026-04-25T19:05:00Z,,live_capture,Bet365,France - Ligue 1,ATGS,Toulouse FC,AS Monaco,Wout Faes,,10.0000,odds_api_io,event_id=61526546;market=Anytime Goalscorer
2026-04-24T14:32:46Z,2026-04-25,61526546,2026-04-25T19:05:00Z,,live_capture,Bet365,France - Ligue 1,ATGS,Toulouse FC,AS Monaco,Louis Reynaud,,12.0000,odds_api_io,event_id=61526546;market=Anytime Goalscorer
2026-04-24T14:32:46Z,2026-04-25,61526546,2026-04-25T19:05:00Z,,live_capture,Bet365,France - Ligue 1,ATGS,Toulouse FC,AS Monaco,Mark McKenzie,,12.0000,odds_api_io,event_id=61526546;market=Anytime Goalscorer
2026-04-24T14:32:46Z,2026-04-25,61526546,2026-04-25T19:05:00Z,,live_capture,Bet365,France - Ligue 1,ATGS,Toulouse FC,AS Monaco,Mohammed Salisu,,12.0000,odds_api_io,event_id=61526546;market=Anytime Goalscorer
2026-04-24T14:32:46Z,2026-04-25,61526546,2026-04-25T19:05:00Z,,live_capture,Bet365,France - Ligue 1,ATGS,Toulouse FC,AS Monaco,Paris Brunner,,3.0000,odds_api_io,event_id=61526546;market=Anytime Goalscorer
2026-04-24T14:32:46Z,2026-04-25,61526546,2026-04-25T19:05:00Z,,live_capture,Bet365,France - Ligue 1,ATGS,Toulouse FC,AS Monaco,Stanis Idumbo-Muzambo,,3.0000,odds_api_io,event_id=61526546;market=Anytime Goalscorer
2026-04-24T14:32:46Z,2026-04-25,61526546,2026-04-25T19:05:00Z,,live_capture,Bet365,France - Ligue 1,ATGS,Toulouse FC,AS Monaco,Krepin Diatta,,3.5000,odds_api_io,event_id=61526546;market=Anytime Goalscorer
2026-04-24T14:32:46Z,2026-04-25,61526546,2026-04-25T19:05:00Z,,live_capture,Bet365,France - Ligue 1,ATGS,Toulouse FC,AS Monaco,Djibril Sidibe,,6.5000,odds_api_io,event_id=61526546;market=Anytime Goalscorer
2026-04-24T14:32:46Z,2026-04-25,61526546,2026-04-25T19:05:00Z,,live_capture,Bet365,France - Ligue 1,ATGS,Toulouse FC,AS Monaco,Niklas Schmidt,,6.5000,odds_api_io,event_id=61526546;market=Anytime Goalscorer
2026-04-24T14:32:46Z,2026-04-25,61526546,2026-04-25T19:05:00Z,,live_capture,Bet365,France - Ligue 1,ATGS,Toulouse FC,AS Monaco,Abu Francis,,4.0000,odds_api_io,event_id=61526546;market=Anytime Goalscorer
2026-04-24T14:32:46Z,2026-04-25,61526546,2026-04-25T19:05:00Z,,live_capture,Bet365,France - Ligue 1,ATGS,Toulouse FC,AS Monaco,Noah Lahmadi,,7.5000,odds_api_io,event_id=61526546;market=Anytime Goalscorer
2026-04-24T14:32:46Z,2026-04-25,61526546,2026-04-25T19:05:00Z,,live_capture,Bet365,France - Ligue 1,ATGS,Toulouse FC,AS Monaco,Enzo Faty,,3.4000,odds_api_io,event_id=61526546;market=Anytime Goalscorer
2026-04-24T14:32:46Z,2026-04-25,61526546,2026-04-25T19:05:00Z,,live_capture,Bet365,France - Ligue 1,ATGS,Toulouse FC,AS Monaco,Santiago Hidalgo,,3.4000,odds_api_io,event_id=61526546;market=Anytime Goalscorer
2026-04-24T14:32:46Z,2026-04-25,61526546,2026-04-25T19:05:00Z,,live_capture,Bet365,France - Ligue 1,ATGS,Toulouse FC,AS Monaco,Emersonn Silva,,3.5000,odds_api_io,event_id=61526546;market=Anytime Goalscorer
2026-04-24T14:32:46Z,2026-04-25,61526546,2026-04-25T19:05:00Z,,live_capture,Bet365,France - Ligue 1,ATGS,Toulouse FC,AS Monaco,Jacen Russell-Rowe,,3.5000,odds_api_io,event_id=61526546;market=Anytime Goalscorer
2026-04-24T14:32:46Z,2026-04-25,61526546,2026-04-25T19:05:00Z,,live_capture,Bet365,France - Ligue 1,ATGS,Toulouse FC,AS Monaco,Pape Cabral,,4.0000,odds_api_io,event_id=61526546;market=Anytime Goalscorer
2026-04-24T14:32:46Z,2026-04-25,61526546,2026-04-25T19:05:00Z,,live_capture,Bet365,France - Ligue 1,ATGS,Toulouse FC,AS Monaco,Aladji Bamba,,7.5000,odds_api_io,event_id=61526546;market=Anytime Goalscorer
2026-04-24T14:32:46Z,2026-04-25,61526546,2026-04-25T19:05:00Z,,live_capture,Bet365,France - Ligue 1,ATGS,Toulouse FC,AS Monaco,Christian Mawissa Elebi,,7.5000,odds_api_io,event_id=61526546;market=Anytime Goalscorer
2026-04-24T14:32:46Z,2026-04-25,61526546,2026-04-25T19:05:00Z,,live_capture,Bet365,France - Ligue 1,ATGS,Toulouse FC,AS Monaco,Kassoum Ouattara,,7.5000,odds_api_io,event_id=61526546;market=Anytime Goalscorer
2026-04-24T14:32:46Z,2026-04-25,61526546,2026-04-25T19:05:00Z,,live_capture,Bet365,France - Ligue 1,ATGS,Toulouse FC,AS Monaco,Matthias Wamu Oyatambwe,,7.5000,odds_api_io,event_id=61526546;market=Anytime Goalscorer
2026-04-24T14:32:46Z,2026-04-25,61526546,2026-04-25T19:05:00Z,,live_capture,Bet365,France - Ligue 1,ATGS,Toulouse FC,AS Monaco,Samuel Nibombe,,7.5000,odds_api_io,event_id=61526546;market=Anytime Goalscorer
2026-04-24T14:32:46Z,2026-04-25,61526546,2026-04-25T19:05:00Z,,live_capture,Bet365,France - Ligue 1,ATGS,Toulouse FC,AS Monaco,Thilo Kehrer,,7.5000,odds_api_io,event_id=61526546;market=Anytime Goalscorer
2026-04-24T14:32:46Z,2026-04-25,61526546,2026-04-25T19:05:00Z,,live_capture,Bet365,France - Ligue 1,ATGS,Toulouse FC,AS Monaco,Cristian Casseres Jr,,8.0000,odds_api_io,event_id=61526546;market=Anytime Goalscorer
2026-04-24T14:32:46Z,2026-04-25,61526546,2026-04-25T19:05:00Z,,live_capture,Bet365,France - Ligue 1,ATGS,Toulouse FC,AS Monaco,Folarin Balogun,,2.2000,odds_api_io,event_id=61526546;market=Anytime Goalscorer
2026-04-24T14:32:46Z,2026-04-25,61526546,2026-04-25T19:05:00Z,,live_capture,Bet365,France - Ligue 1,ATGS,Toulouse FC,AS Monaco,Mika Biereth,,2.3750,odds_api_io,event_id=61526546;market=Anytime Goalscorer
2026-04-24T14:32:46Z,2026-04-25,61526546,2026-04-25T19:05:00Z,,live_capture,Bet365,France - Ligue 1,ATGS,Toulouse FC,AS Monaco,Frank Magri,,3.2000,odds_api_io,event_id=61526546;market=Anytime Goalscorer
2026-04-24T14:32:46Z,2026-04-25,61526546,2026-04-25T19:05:00Z,,live_capture,Bet365,France - Ligue 1,ATGS,Toulouse FC,AS Monaco,Julien Vignolo,,3.2000,odds_api_io,event_id=61526546;market=Anytime Goalscorer
2026-04-24T14:32:46Z,2026-04-25,61526546,2026-04-25T19:05:00Z,,live_capture,Bet365,France - Ligue 1,ATGS,Toulouse FC,AS Monaco,Maghnes Akliouche,,3.2000,odds_api_io,event_id=61526546;market=Anytime Goalscorer
2026-04-24T14:32:46Z,2026-04-25,61526546,2026-04-25T19:05:00Z,,live_capture,Bet365,France - Ligue 1,ATGS,Toulouse FC,AS Monaco,Simon Adingra,,3.2000,odds_api_io,event_id=61526546;market=Anytime Goalscorer
2026-04-24T14:32:46Z,2026-04-25,61526546,2026-04-25T19:05:00Z,,live_capture,Bet365,France - Ligue 1,ATGS,Toulouse FC,AS Monaco,Alexandr Golovin,,3.6000,odds_api_io,event_id=61526546;market=Anytime Goalscorer
2026-04-24T14:32:46Z,2026-04-25,61526546,2026-04-25T19:05:00Z,,live_capture,Bet365,France - Ligue 1,ATGS,Toulouse FC,AS Monaco,Ilyas Azizi,,4.0000,odds_api_io,event_id=61526546;market=Anytime Goalscorer
2026-04-24T14:32:46Z,2026-04-25,61526546,2026-04-25T19:05:00Z,,live_capture,Bet365,France - Ligue 1,ATGS,Toulouse FC,AS Monaco,Gaetan Bakhouche,,12.0000,odds_api_io,event_id=61526546;market=Anytime Goalscorer
2026-04-24T14:32:46Z,2026-04-25,61526546,2026-04-25T19:05:00Z,,live_capture,Bet365,France - Ligue 1,ATGS,Toulouse FC,AS Monaco,Nicolas Wasbauer,,13.0000,odds_api_io,event_id=61526546;market=Anytime Goalscorer
2026-04-24T14:32:46Z,2026-04-26,61526534,2026-04-26T15:15:00Z,,live_capture,Bet365,France - Ligue 1,ATGS,Stade Rennais FC,FC Nantes,Djaoui Cisse,,4.0000,odds_api_io,event_id=61526534;market=Anytime Goalscorer
2026-04-24T14:32:46Z,2026-04-26,61526534,2026-04-26T15:15:00Z,,live_capture,Bet365,France - Ligue 1,ATGS,Stade Rennais FC,FC Nantes,Mahdi Camara,,4.3330,odds_api_io,event_id=61526534;market=Anytime Goalscorer
2026-04-24T14:32:46Z,2026-04-26,61526534,2026-04-26T15:15:00Z,,live_capture,Bet365,France - Ligue 1,ATGS,Stade Rennais FC,FC Nantes,Paolo Limon,,5.5000,odds_api_io,event_id=61526534;market=Anytime Goalscorer
2026-04-24T14:32:46Z,2026-04-26,61526534,2026-04-26T15:15:00Z,,live_capture,Bet365,France - Ligue 1,ATGS,Stade Rennais FC,FC Nantes,Przemyslaw Frankowski,,5.5000,odds_api_io,event_id=61526534;market=Anytime Goalscorer
2026-04-24T14:32:46Z,2026-04-26,61526534,2026-04-26T15:15:00Z,,live_capture,Bet365,France - Ligue 1,ATGS,Stade Rennais FC,FC Nantes,Junior Ake,,6.5000,odds_api_io,event_id=61526534;market=Anytime Goalscorer
2026-04-24T14:32:46Z,2026-04-26,61526534,2026-04-26T15:15:00Z,,live_capture,Bet365,France - Ligue 1,ATGS,Stade Rennais FC,FC Nantes,Mahamadou Nagida,,6.5000,odds_api_io,event_id=61526534;market=Anytime Goalscorer
2026-04-24T14:32:46Z,2026-04-26,61526534,2026-04-26T15:15:00Z,,live_capture,Bet365,France - Ligue 1,ATGS,Stade Rennais FC,FC Nantes,Quentin Merlin,,6.5000,odds_api_io,event_id=61526534;market=Anytime Goalscorer
2026-04-24T14:32:46Z,2026-04-26,61526534,2026-04-26T15:15:00Z,,live_capture,Bet365,France - Ligue 1,ATGS,Stade Rennais FC,FC Nantes,Glen Kamara,,7.5000,odds_api_io,event_id=61526534;market=Anytime Goalscorer
2026-04-24T14:32:46Z,2026-04-26,61526534,2026-04-26T15:15:00Z,,live_capture,Bet365,France - Ligue 1,ATGS,Stade Rennais FC,FC Nantes,Louis Leroux,,7.5000,odds_api_io,event_id=61526534;market=Anytime Goalscorer
2026-04-24T14:32:46Z,2026-04-26,61526534,2026-04-26T15:15:00Z,,live_capture,Bet365,France - Ligue 1,ATGS,Stade Rennais FC,FC Nantes,Remy Cabella,,7.5000,odds_api_io,event_id=61526534;market=Anytime Goalscorer
2026-04-24T14:32:46Z,2026-04-26,61526534,2026-04-26T15:15:00Z,,live_capture,Bet365,France - Ligue 1,ATGS,Stade Rennais FC,FC Nantes,Tylel Tati,,7.5000,odds_api_io,event_id=61526534;market=Anytime Goalscorer
2026-04-24T14:32:46Z,2026-04-26,61526534,2026-04-26T15:15:00Z,,live_capture,Bet365,France - Ligue 1,ATGS,Stade Rennais FC,FC Nantes,Valentin Rongier,,7.5000,odds_api_io,event_id=61526534;market=Anytime Goalscorer
2026-04-24T14:32:46Z,2026-04-26,61526534,2026-04-26T15:15:00Z,,live_capture,Bet365,France - Ligue 1,ATGS,Stade Rennais FC,FC Nantes,Abdelhamid Ait Boudlal,,8.0000,odds_api_io,event_id=61526534;market=Anytime Goalscorer
2026-04-24T14:32:46Z,2026-04-26,61526534,2026-04-26T15:15:00Z,,live_capture,Bet365,France - Ligue 1,ATGS,Stade Rennais FC,FC Nantes,Chibuike Ugochukwu,,8.0000,odds_api_io,event_id=61526534;market=Anytime Goalscorer
2026-04-24T14:32:46Z,2026-04-26,61526534,2026-04-26T15:15:00Z,,live_capture,Bet365,France - Ligue 1,ATGS,Stade Rennais FC,FC Nantes,Deiver Machado,,8.0000,odds_api_io,event_id=61526534;market=Anytime Goalscorer
2026-04-24T14:32:46Z,2026-04-26,61526534,2026-04-26T15:15:00Z,,live_capture,Bet365,France - Ligue 1,ATGS,Stade Rennais FC,FC Nantes,Hyun-seok Hong,,8.0000,odds_api_io,event_id=61526534;market=Anytime Goalscorer
2026-04-24T14:32:46Z,2026-04-26,61526534,2026-04-26T15:15:00Z,,live_capture,Bet365,France - Ligue 1,ATGS,Stade Rennais FC,FC Nantes,Lilian Brassier,,8.0000,odds_api_io,event_id=61526534;market=Anytime Goalscorer
2026-04-24T14:32:46Z,2026-04-26,61526534,2026-04-26T15:15:00Z,,live_capture,Bet365,France - Ligue 1,ATGS,Stade Rennais FC,FC Nantes,Anthony Rouault,,12.0000,odds_api_io,event_id=61526534;market=Anytime Goalscorer
2026-04-24T14:32:46Z,2026-04-26,61526534,2026-04-26T15:15:00Z,,live_capture,Bet365,France - Ligue 1,ATGS,Stade Rennais FC,FC Nantes,Nicolas Cozza,,12.0000,odds_api_io,event_id=61526534;market=Anytime Goalscorer
2026-04-24T14:32:46Z,2026-04-26,61526534,2026-04-26T15:15:00Z,,live_capture,Bet365,France - Ligue 1,ATGS,Stade Rennais FC,FC Nantes,Sekou Doucoure,,12.0000,odds_api_io,event_id=61526534;market=Anytime Goalscorer
2026-04-24T14:32:46Z,2026-04-26,61526534,2026-04-26T15:15:00Z,,live_capture,Bet365,France - Ligue 1,ATGS,Stade Rennais FC,FC Nantes,Abakar Sylla,,17.0000,odds_api_io,event_id=61526534;market=Anytime Goalscorer
2026-04-24T14:32:46Z,2026-04-26,61526534,2026-04-26T15:15:00Z,,live_capture,Bet365,France - Ligue 1,ATGS,Stade Rennais FC,FC Nantes,Ali Youssef,,17.0000,odds_api_io,event_id=61526534;market=Anytime Goalscorer
2026-04-24T14:32:46Z,2026-04-26,61526534,2026-04-26T15:15:00Z,,live_capture,Bet365,France - Ligue 1,ATGS,Stade Rennais FC,FC Nantes,Chidozie Awaziem,,17.0000,odds_api_io,event_id=61526534;market=Anytime Goalscorer
2026-04-24T14:32:46Z,2026-04-26,61526534,2026-04-26T15:15:00Z,,live_capture,Bet365,France - Ligue 1,ATGS,Stade Rennais FC,FC Nantes,Sacha Ziani,,17.0000,odds_api_io,event_id=61526534;market=Anytime Goalscorer
2026-04-24T14:32:46Z,2026-04-26,61526534,2026-04-26T15:15:00Z,,live_capture,Bet365,France - Ligue 1,ATGS,Stade Rennais FC,FC Nantes,Uros Radakovic,,17.0000,odds_api_io,event_id=61526534;market=Anytime Goalscorer
2026-04-24T14:32:46Z,2026-04-26,61526534,2026-04-26T15:15:00Z,,live_capture,Bet365,France - Ligue 1,ATGS,Stade Rennais FC,FC Nantes,Mostafa Mohamed,,4.3330,odds_api_io,event_id=61526534;market=Anytime Goalscorer
2026-04-24T14:32:46Z,2026-04-26,61526534,2026-04-26T15:15:00Z,,live_capture,Bet365,France - Ligue 1,ATGS,Stade Rennais FC,FC Nantes,Youssef El Arabi,,4.3330,odds_api_io,event_id=61526534;market=Anytime Goalscorer
2026-04-24T14:32:46Z,2026-04-26,61526534,2026-04-26T15:15:00Z,,live_capture,Bet365,France - Ligue 1,ATGS,Stade Rennais FC,FC Nantes,Breel Embolo,,2.2000,odds_api_io,event_id=61526534;market=Anytime Goalscorer
2026-04-24T14:32:46Z,2026-04-26,61526534,2026-04-26T15:15:00Z,,live_capture,Bet365,France - Ligue 1,ATGS,Stade Rennais FC,FC Nantes,Henrick Do Marcolino,,2.2000,odds_api_io,event_id=61526534;market=Anytime Goalscorer
2026-04-24T14:32:46Z,2026-04-26,61526534,2026-04-26T15:15:00Z,,live_capture,Bet365,France - Ligue 1,ATGS,Stade Rennais FC,FC Nantes,Zassir Zabiri,,2.2000,odds_api_io,event_id=61526534;market=Anytime Goalscorer
2026-04-24T14:32:46Z,2026-04-26,61526534,2026-04-26T15:15:00Z,,live_capture,Bet365,France - Ligue 1,ATGS,Stade Rennais FC,FC Nantes,Jean-Kevin Duverne,,17.0000,odds_api_io,event_id=61526534;market=Anytime Goalscorer
2026-04-24T14:32:46Z,2026-04-26,61526534,2026-04-26T15:15:00Z,,live_capture,Bet365,France - Ligue 1,ATGS,Stade Rennais FC,FC Nantes,Arnaud Nordin,,2.7500,odds_api_io,event_id=61526534;market=Anytime Goalscorer
2026-04-24T14:32:46Z,2026-04-26,61526534,2026-04-26T15:15:00Z,,live_capture,Bet365,France - Ligue 1,ATGS,Stade Rennais FC,FC Nantes,Mousa Tamari,,2.7500,odds_api_io,event_id=61526534;market=Anytime Goalscorer
2026-04-24T14:32:46Z,2026-04-26,61526534,2026-04-26T15:15:00Z,,live_capture,Bet365,France - Ligue 1,ATGS,Stade Rennais FC,FC Nantes,Ignatius Ganago,,5.5000,odds_api_io,event_id=61526534;market=Anytime Goalscorer
2026-04-24T14:32:46Z,2026-04-26,61526534,2026-04-26T15:15:00Z,,live_capture,Bet365,France - Ligue 1,ATGS,Stade Rennais FC,FC Nantes,Fabien Centonze,,15.0000,odds_api_io,event_id=61526534;market=Anytime Goalscorer
2026-04-24T14:32:46Z,2026-04-26,61526534,2026-04-26T15:15:00Z,,live_capture,Bet365,France - Ligue 1,ATGS,Stade Rennais FC,FC Nantes,Francis Coquelin,,15.0000,odds_api_io,event_id=61526534;market=Anytime Goalscorer
2026-04-24T14:32:46Z,2026-04-26,61526534,2026-04-26T15:15:00Z,,live_capture,Bet365,France - Ligue 1,ATGS,Stade Rennais FC,FC Nantes,Frederic Guilbert,,15.0000,odds_api_io,event_id=61526534;market=Anytime Goalscorer
2026-04-24T14:32:46Z,2026-04-26,61526534,2026-04-26T15:15:00Z,,live_capture,Bet365,France - Ligue 1,ATGS,Stade Rennais FC,FC Nantes,Kelvin Amian,,15.0000,odds_api_io,event_id=61526534;market=Anytime Goalscorer
2026-04-24T14:32:46Z,2026-04-26,61526534,2026-04-26T15:15:00Z,,live_capture,Bet365,France - Ligue 1,ATGS,Stade Rennais FC,FC Nantes,Dehmaine Tabibou,,8.0000,odds_api_io,event_id=61526534;market=Anytime Goalscorer
2026-04-24T14:32:46Z,2026-04-26,61526534,2026-04-26T15:15:00Z,,live_capture,Bet365,France - Ligue 1,ATGS,Stade Rennais FC,FC Nantes,Nordan Mukiele,,2.0500,odds_api_io,event_id=61526534;market=Anytime Goalscorer
2026-04-24T14:32:46Z,2026-04-26,61526534,2026-04-26T15:15:00Z,,live_capture,Bet365,France - Ligue 1,ATGS,Stade Rennais FC,FC Nantes,Ludovic Blas,,2.3750,odds_api_io,event_id=61526534;market=Anytime Goalscorer
2026-04-24T14:32:46Z,2026-04-26,61526534,2026-04-26T15:15:00Z,,live_capture,Bet365,France - Ligue 1,ATGS,Stade Rennais FC,FC Nantes,Matthis Abline,,3.6000,odds_api_io,event_id=61526534;market=Anytime Goalscorer
2026-04-24T14:32:46Z,2026-04-26,61526534,2026-04-26T15:15:00Z,,live_capture,Bet365,France - Ligue 1,ATGS,Stade Rennais FC,FC Nantes,Esteban Lepaul,,1.9090,odds_api_io,event_id=61526534;market=Anytime Goalscorer
2026-04-24T14:32:46Z,2026-04-26,61526534,2026-04-26T15:15:00Z,,live_capture,Bet365,France - Ligue 1,ATGS,Stade Rennais FC,FC Nantes,Elias Legendre,,3.4000,odds_api_io,event_id=61526534;market=Anytime Goalscorer
2026-04-24T14:32:46Z,2026-04-26,61526534,2026-04-26T15:15:00Z,,live_capture,Bet365,France - Ligue 1,ATGS,Stade Rennais FC,FC Nantes,Lucas Rosier,,3.4000,odds_api_io,event_id=61526534;market=Anytime Goalscorer
2026-04-24T14:32:46Z,2026-04-26,61526534,2026-04-26T15:15:00Z,,live_capture,Bet365,France - Ligue 1,ATGS,Stade Rennais FC,FC Nantes,Sebastian Szymanski,,3.4000,odds_api_io,event_id=61526534;market=Anytime Goalscorer
2026-04-24T14:32:46Z,2026-04-26,61526534,2026-04-26T15:15:00Z,,live_capture,Bet365,France - Ligue 1,ATGS,Stade Rennais FC,FC Nantes,Amady Camara,,4.3330,odds_api_io,event_id=61526534;market=Anytime Goalscorer
2026-04-24T14:32:46Z,2026-04-26,61526534,2026-04-26T15:15:00Z,,live_capture,Bet365,France - Ligue 1,ATGS,Stade Rennais FC,FC Nantes,Doumbia Kone,,4.3330,odds_api_io,event_id=61526534;market=Anytime Goalscorer
2026-04-24T14:32:46Z,2026-04-26,61526534,2026-04-26T15:15:00Z,,live_capture,Bet365,France - Ligue 1,ATGS,Stade Rennais FC,FC Nantes,Bahereba Guirassy,,6.5000,odds_api_io,event_id=61526534;market=Anytime Goalscorer
2026-04-24T14:32:46Z,2026-04-26,61526534,2026-04-26T15:15:00Z,,live_capture,Bet365,France - Ligue 1,ATGS,Stade Rennais FC,FC Nantes,Alidu Seidu,,9.0000,odds_api_io,event_id=61526534;market=Anytime Goalscorer
2026-04-24T14:32:46Z,2026-04-26,61526534,2026-04-26T15:15:00Z,,live_capture,Bet365,France - Ligue 1,ATGS,Stade Rennais FC,FC Nantes,Isiaka Soukouna,,9.0000,odds_api_io,event_id=61526534;market=Anytime Goalscorer
2026-04-24T14:32:46Z,2026-04-26,61526534,2026-04-26T15:15:00Z,,live_capture,Bet365,France - Ligue 1,ATGS,Stade Rennais FC,FC Nantes,Bahmed Deuff,,12.0000,odds_api_io,event_id=61526534;market=Anytime Goalscorer
2026-04-24T14:32:46Z,2026-04-26,61526534,2026-04-26T15:15:00Z,,live_capture,Bet365,France - Ligue 1,ATGS,Stade Rennais FC,FC Nantes,Ibrahima Sissoko,,12.0000,odds_api_io,event_id=61526534;market=Anytime Goalscorer
2026-04-24T14:32:46Z,2026-04-26,61526534,2026-04-26T15:15:00Z,,live_capture,Bet365,France - Ligue 1,ATGS,Stade Rennais FC,FC Nantes,Johann Lepenant,,12.0000,odds_api_io,event_id=61526534;market=Anytime Goalscorer
2026-04-24T14:32:46Z,2026-04-26,61526534,2026-04-26T15:15:00Z,,live_capture,Bet365,France - Ligue 1,ATGS,Stade Rennais FC,FC Nantes,Mohamed Kaba,,12.0000,odds_api_io,event_id=61526534;market=Anytime Goalscorer
2026-04-24T14:32:46Z,2026-04-26,61526534,2026-04-26T15:15:00Z,,live_capture,Bet365,France - Ligue 1,ATGS,Stade Rennais FC,FC Nantes,Mathieu Acapandie,,21.0000,odds_api_io,event_id=61526534;market=Anytime Goalscorer
